/usr/local/lib/python3.11/dist-packages/torch_frame/data/mapper.py:105: UserWarning: The given NumPy array is not writable, and PyTorch does not support non-writable tensors. This means writing to this tensor will result in undefined behavior. You may want to copy the array to protect its data or make it writable before converting it to a tensor. This type of warning will be suppressed for the rest of this program. (Triggered internally at /pytorch/torch/csrc/utils/tensor_numpy.cpp:203.)
  index = torch.from_numpy(index).to(device)

== cv tffm ==
  out:   ./runs/cv_full/tffm
  cv     n_splits=5 n_repeats=20 quick=False
  model  seed=42 device=cuda epochs=50 batch_size=256 lr=0.0001 weight_decay=1e-05 early_stop_patience=10 channels=256 num_layers=3
  data   data_dir=./data/facebook-recruiting-iv-human-or-bot runs_dir=./runs cache_dir=./runs/cache

    [tffm] epoch 01/50: train_loss=1.1431 val_auc=0.8472 best=0.8472 patience=0/10 *
    [tffm] epoch 02/50: train_loss=0.8823 val_auc=0.8555 best=0.8555 patience=0/10 *
    [tffm] epoch 03/50: train_loss=0.8373 val_auc=0.8611 best=0.8611 patience=0/10 *
    [tffm] epoch 04/50: train_loss=0.8071 val_auc=0.8751 best=0.8751 patience=0/10 *
    [tffm] epoch 05/50: train_loss=0.7468 val_auc=0.8773 best=0.8773 patience=0/10 *
    [tffm] epoch 06/50: train_loss=0.7349 val_auc=0.8838 best=0.8838 patience=0/10 *
    [tffm] epoch 07/50: train_loss=0.7173 val_auc=0.8897 best=0.8897 patience=0/10 *
    [tffm] epoch 08/50: train_loss=0.7429 val_auc=0.8928 best=0.8928 patience=0/10 *
    [tffm] epoch 09/50: train_loss=0.6898 val_auc=0.8950 best=0.8950 patience=0/10 *
    [tffm] epoch 10/50: train_loss=0.6792 val_auc=0.8944 best=0.8950 patience=1/10
    [tffm] epoch 11/50: train_loss=0.6737 val_auc=0.8964 best=0.8964 patience=0/10 *
    [tffm] epoch 12/50: train_loss=0.6896 val_auc=0.8984 best=0.8984 patience=0/10 *
    [tffm] epoch 13/50: train_loss=0.6022 val_auc=0.8307 best=0.8984 patience=1/10
    [tffm] epoch 14/50: train_loss=0.6407 val_auc=0.8990 best=0.8990 patience=0/10 *
    [tffm] epoch 15/50: train_loss=0.6370 val_auc=0.8190 best=0.8990 patience=1/10
    [tffm] epoch 16/50: train_loss=0.6342 val_auc=0.8969 best=0.8990 patience=2/10
    [tffm] epoch 17/50: train_loss=0.6254 val_auc=0.8292 best=0.8990 patience=3/10
    [tffm] epoch 18/50: train_loss=1.0721 val_auc=0.8024 best=0.8990 patience=4/10
    [tffm] epoch 19/50: train_loss=0.6638 val_auc=0.9020 best=0.9020 patience=0/10 *
    [tffm] epoch 20/50: train_loss=0.6840 val_auc=0.8168 best=0.9020 patience=1/10
    [tffm] epoch 21/50: train_loss=0.7006 val_auc=0.8619 best=0.9020 patience=2/10
    [tffm] epoch 22/50: train_loss=0.6946 val_auc=0.8542 best=0.9020 patience=3/10
    [tffm] epoch 23/50: train_loss=0.6593 val_auc=0.8490 best=0.9020 patience=4/10
    [tffm] epoch 24/50: train_loss=0.6664 val_auc=0.8755 best=0.9020 patience=5/10
    [tffm] epoch 25/50: train_loss=0.6165 val_auc=0.8232 best=0.9020 patience=6/10
    [tffm] epoch 26/50: train_loss=0.5768 val_auc=0.8423 best=0.9020 patience=7/10
    [tffm] epoch 27/50: train_loss=0.5918 val_auc=0.8674 best=0.9020 patience=8/10
    [tffm] epoch 28/50: train_loss=0.6122 val_auc=0.8806 best=0.9020 patience=9/10
    [tffm] epoch 29/50: train_loss=0.5506 val_auc=0.8780 best=0.9020 patience=10/10
    [tffm] early stop at epoch 29
  [tffm] fold 1/100: AUC=0.9020
    [tffm] epoch 01/50: train_loss=1.1539 val_auc=0.8772 best=0.8772 patience=0/10 *
    [tffm] epoch 02/50: train_loss=0.9286 val_auc=0.8792 best=0.8792 patience=0/10 *
    [tffm] epoch 03/50: train_loss=0.8287 val_auc=0.8944 best=0.8944 patience=0/10 *
    [tffm] epoch 04/50: train_loss=0.9625 val_auc=0.9045 best=0.9045 patience=0/10 *
    [tffm] epoch 05/50: train_loss=0.7966 val_auc=0.9053 best=0.9053 patience=0/10 *
    [tffm] epoch 06/50: train_loss=0.7745 val_auc=0.9136 best=0.9136 patience=0/10 *
    [tffm] epoch 07/50: train_loss=0.8595 val_auc=0.9196 best=0.9196 patience=0/10 *
    [tffm] epoch 08/50: train_loss=0.8414 val_auc=0.9196 best=0.9196 patience=1/10
    [tffm] epoch 09/50: train_loss=0.7670 val_auc=0.9271 best=0.9271 patience=0/10 *
    [tffm] epoch 10/50: train_loss=0.8374 val_auc=0.9164 best=0.9271 patience=1/10
    [tffm] epoch 11/50: train_loss=0.7590 val_auc=0.9287 best=0.9287 patience=0/10 *
    [tffm] epoch 12/50: train_loss=0.7159 val_auc=0.9284 best=0.9287 patience=1/10
    [tffm] epoch 13/50: train_loss=0.7525 val_auc=0.9339 best=0.9339 patience=0/10 *
    [tffm] epoch 14/50: train_loss=0.7306 val_auc=0.9312 best=0.9339 patience=1/10
    [tffm] epoch 15/50: train_loss=0.7227 val_auc=0.9353 best=0.9353 patience=0/10 *
    [tffm] epoch 16/50: train_loss=0.7065 val_auc=0.9445 best=0.9445 patience=0/10 *
    [tffm] epoch 17/50: train_loss=0.6712 val_auc=0.9319 best=0.9445 patience=1/10
    [tffm] epoch 18/50: train_loss=0.6929 val_auc=0.9408 best=0.9445 patience=2/10
    [tffm] epoch 19/50: train_loss=0.6659 val_auc=0.9349 best=0.9445 patience=3/10
    [tffm] epoch 20/50: train_loss=0.6467 val_auc=0.9346 best=0.9445 patience=4/10
    [tffm] epoch 21/50: train_loss=0.6150 val_auc=0.9370 best=0.9445 patience=5/10
    [tffm] epoch 22/50: train_loss=0.6247 val_auc=0.9390 best=0.9445 patience=6/10
    [tffm] epoch 23/50: train_loss=0.6034 val_auc=0.9312 best=0.9445 patience=7/10
    [tffm] epoch 24/50: train_loss=0.5964 val_auc=0.9405 best=0.9445 patience=8/10
    [tffm] epoch 25/50: train_loss=0.6993 val_auc=0.9058 best=0.9445 patience=9/10
    [tffm] epoch 26/50: train_loss=0.5456 val_auc=0.9309 best=0.9445 patience=10/10
    [tffm] early stop at epoch 26
  [tffm] fold 2/100: AUC=0.9445
    [tffm] epoch 01/50: train_loss=1.0595 val_auc=0.8505 best=0.8505 patience=0/10 *
    [tffm] epoch 02/50: train_loss=0.8719 val_auc=0.8478 best=0.8505 patience=1/10
    [tffm] epoch 03/50: train_loss=0.8016 val_auc=0.8599 best=0.8599 patience=0/10 *
    [tffm] epoch 04/50: train_loss=0.8120 val_auc=0.8722 best=0.8722 patience=0/10 *
    [tffm] epoch 05/50: train_loss=0.7876 val_auc=0.8614 best=0.8722 patience=1/10
    [tffm] epoch 06/50: train_loss=0.7382 val_auc=0.8625 best=0.8722 patience=2/10
    [tffm] epoch 07/50: train_loss=0.7828 val_auc=0.8743 best=0.8743 patience=0/10 *
    [tffm] epoch 08/50: train_loss=0.7661 val_auc=0.8538 best=0.8743 patience=1/10
    [tffm] epoch 09/50: train_loss=0.7094 val_auc=0.8782 best=0.8782 patience=0/10 *
    [tffm] epoch 10/50: train_loss=0.7648 val_auc=0.8620 best=0.8782 patience=1/10
    [tffm] epoch 11/50: train_loss=0.7373 val_auc=0.8828 best=0.8828 patience=0/10 *
    [tffm] epoch 12/50: train_loss=0.8047 val_auc=0.8822 best=0.8828 patience=1/10
    [tffm] epoch 13/50: train_loss=0.6857 val_auc=0.8833 best=0.8833 patience=0/10 *
    [tffm] epoch 14/50: train_loss=0.6737 val_auc=0.8819 best=0.8833 patience=1/10
    [tffm] epoch 15/50: train_loss=0.7384 val_auc=0.8904 best=0.8904 patience=0/10 *
    [tffm] epoch 16/50: train_loss=0.6467 val_auc=0.8805 best=0.8904 patience=1/10
    [tffm] epoch 17/50: train_loss=0.6461 val_auc=0.8852 best=0.8904 patience=2/10
    [tffm] epoch 18/50: train_loss=0.7316 val_auc=0.9033 best=0.9033 patience=0/10 *
    [tffm] epoch 19/50: train_loss=0.6640 val_auc=0.8974 best=0.9033 patience=1/10
    [tffm] epoch 20/50: train_loss=0.6937 val_auc=0.9063 best=0.9063 patience=0/10 *
    [tffm] epoch 21/50: train_loss=0.6781 val_auc=0.8974 best=0.9063 patience=1/10
    [tffm] epoch 22/50: train_loss=0.7487 val_auc=0.9078 best=0.9078 patience=0/10 *
    [tffm] epoch 23/50: train_loss=0.6210 val_auc=0.8993 best=0.9078 patience=1/10
    [tffm] epoch 24/50: train_loss=0.6555 val_auc=0.8973 best=0.9078 patience=2/10
    [tffm] epoch 25/50: train_loss=0.6084 val_auc=0.9013 best=0.9078 patience=3/10
    [tffm] epoch 26/50: train_loss=0.5953 val_auc=0.9050 best=0.9078 patience=4/10
    [tffm] epoch 27/50: train_loss=0.6111 val_auc=0.9033 best=0.9078 patience=5/10
    [tffm] epoch 28/50: train_loss=0.5684 val_auc=0.8988 best=0.9078 patience=6/10
    [tffm] epoch 29/50: train_loss=0.5515 val_auc=0.9083 best=0.9083 patience=0/10 *
    [tffm] epoch 30/50: train_loss=0.6426 val_auc=0.8950 best=0.9083 patience=1/10
    [tffm] epoch 31/50: train_loss=0.5430 val_auc=0.9044 best=0.9083 patience=2/10
    [tffm] epoch 32/50: train_loss=0.5464 val_auc=0.9050 best=0.9083 patience=3/10
    [tffm] epoch 33/50: train_loss=0.5952 val_auc=0.9033 best=0.9083 patience=4/10
    [tffm] epoch 34/50: train_loss=0.5725 val_auc=0.9089 best=0.9089 patience=0/10 *
    [tffm] epoch 35/50: train_loss=0.6696 val_auc=0.9039 best=0.9089 patience=1/10
    [tffm] epoch 36/50: train_loss=0.6004 val_auc=0.8630 best=0.9089 patience=2/10
    [tffm] epoch 37/50: train_loss=0.5912 val_auc=0.9091 best=0.9091 patience=0/10 *
    [tffm] epoch 38/50: train_loss=0.5089 val_auc=0.9054 best=0.9091 patience=1/10
    [tffm] epoch 39/50: train_loss=0.5266 val_auc=0.8867 best=0.9091 patience=2/10
    [tffm] epoch 40/50: train_loss=0.4908 val_auc=0.9025 best=0.9091 patience=3/10
    [tffm] epoch 41/50: train_loss=0.6440 val_auc=0.9019 best=0.9091 patience=4/10
    [tffm] epoch 42/50: train_loss=0.5453 val_auc=0.8942 best=0.9091 patience=5/10
    [tffm] epoch 43/50: train_loss=0.5703 val_auc=0.8282 best=0.9091 patience=6/10
    [tffm] epoch 44/50: train_loss=0.5159 val_auc=0.9090 best=0.9091 patience=7/10
    [tffm] epoch 45/50: train_loss=0.4901 val_auc=0.9059 best=0.9091 patience=8/10
    [tffm] epoch 46/50: train_loss=0.5510 val_auc=0.8628 best=0.9091 patience=9/10
    [tffm] epoch 47/50: train_loss=0.5513 val_auc=0.8965 best=0.9091 patience=10/10
    [tffm] early stop at epoch 47
  [tffm] fold 3/100: AUC=0.9091
    [tffm] epoch 01/50: train_loss=1.1708 val_auc=0.8457 best=0.8457 patience=0/10 *
    [tffm] epoch 02/50: train_loss=0.8829 val_auc=0.8588 best=0.8588 patience=0/10 *
    [tffm] epoch 03/50: train_loss=0.8117 val_auc=0.8635 best=0.8635 patience=0/10 *
    [tffm] epoch 04/50: train_loss=0.7344 val_auc=0.8554 best=0.8635 patience=1/10
    [tffm] epoch 05/50: train_loss=0.7874 val_auc=0.8716 best=0.8716 patience=0/10 *
    [tffm] epoch 06/50: train_loss=0.7189 val_auc=0.8747 best=0.8747 patience=0/10 *
    [tffm] epoch 07/50: train_loss=0.7617 val_auc=0.8679 best=0.8747 patience=1/10
    [tffm] epoch 08/50: train_loss=0.7232 val_auc=0.8758 best=0.8758 patience=0/10 *
    [tffm] epoch 09/50: train_loss=0.6793 val_auc=0.8859 best=0.8859 patience=0/10 *
    [tffm] epoch 10/50: train_loss=0.6630 val_auc=0.8741 best=0.8859 patience=1/10
    [tffm] epoch 11/50: train_loss=0.6346 val_auc=0.8681 best=0.8859 patience=2/10
    [tffm] epoch 12/50: train_loss=0.6347 val_auc=0.8712 best=0.8859 patience=3/10
    [tffm] epoch 13/50: train_loss=0.6432 val_auc=0.8687 best=0.8859 patience=4/10
    [tffm] epoch 14/50: train_loss=0.6305 val_auc=0.8733 best=0.8859 patience=5/10
    [tffm] epoch 15/50: train_loss=0.5997 val_auc=0.8830 best=0.8859 patience=6/10
    [tffm] epoch 16/50: train_loss=0.6743 val_auc=0.8796 best=0.8859 patience=7/10
    [tffm] epoch 17/50: train_loss=0.5972 val_auc=0.8783 best=0.8859 patience=8/10
    [tffm] epoch 18/50: train_loss=0.6170 val_auc=0.8567 best=0.8859 patience=9/10
    [tffm] epoch 19/50: train_loss=0.6218 val_auc=0.8849 best=0.8859 patience=10/10
    [tffm] early stop at epoch 19
  [tffm] fold 4/100: AUC=0.8859
    [tffm] epoch 01/50: train_loss=1.1382 val_auc=0.9013 best=0.9013 patience=0/10 *
    [tffm] epoch 02/50: train_loss=0.9135 val_auc=0.9137 best=0.9137 patience=0/10 *
    [tffm] epoch 03/50: train_loss=0.8106 val_auc=0.9111 best=0.9137 patience=1/10
    [tffm] epoch 04/50: train_loss=0.7755 val_auc=0.8966 best=0.9137 patience=2/10
    [tffm] epoch 05/50: train_loss=0.7919 val_auc=0.9136 best=0.9137 patience=3/10
    [tffm] epoch 06/50: train_loss=0.7737 val_auc=0.9170 best=0.9170 patience=0/10 *
    [tffm] epoch 07/50: train_loss=0.7886 val_auc=0.9185 best=0.9185 patience=0/10 *
    [tffm] epoch 08/50: train_loss=0.7405 val_auc=0.9147 best=0.9185 patience=1/10
    [tffm] epoch 09/50: train_loss=0.7243 val_auc=0.9224 best=0.9224 patience=0/10 *
    [tffm] epoch 10/50: train_loss=0.7149 val_auc=0.9207 best=0.9224 patience=1/10
    [tffm] epoch 11/50: train_loss=0.7044 val_auc=0.9224 best=0.9224 patience=2/10
    [tffm] epoch 12/50: train_loss=0.6727 val_auc=0.9247 best=0.9247 patience=0/10 *
    [tffm] epoch 13/50: train_loss=0.6514 val_auc=0.9259 best=0.9259 patience=0/10 *
    [tffm] epoch 14/50: train_loss=0.6974 val_auc=0.9260 best=0.9260 patience=0/10 *
    [tffm] epoch 15/50: train_loss=0.6741 val_auc=0.9267 best=0.9267 patience=0/10 *
    [tffm] epoch 16/50: train_loss=0.6383 val_auc=0.9289 best=0.9289 patience=0/10 *
    [tffm] epoch 17/50: train_loss=0.6365 val_auc=0.9327 best=0.9327 patience=0/10 *
    [tffm] epoch 18/50: train_loss=0.6901 val_auc=0.9330 best=0.9330 patience=0/10 *
    [tffm] epoch 19/50: train_loss=0.6297 val_auc=0.9321 best=0.9330 patience=1/10
    [tffm] epoch 20/50: train_loss=0.6649 val_auc=0.9322 best=0.9330 patience=2/10
    [tffm] epoch 21/50: train_loss=0.6756 val_auc=0.9359 best=0.9359 patience=0/10 *
    [tffm] epoch 22/50: train_loss=0.6038 val_auc=0.9309 best=0.9359 patience=1/10
    [tffm] epoch 23/50: train_loss=0.5964 val_auc=0.9356 best=0.9359 patience=2/10
    [tffm] epoch 24/50: train_loss=0.6238 val_auc=0.9325 best=0.9359 patience=3/10
    [tffm] epoch 25/50: train_loss=0.6113 val_auc=0.9343 best=0.9359 patience=4/10
    [tffm] epoch 26/50: train_loss=0.5696 val_auc=0.9285 best=0.9359 patience=5/10
    [tffm] epoch 27/50: train_loss=0.5517 val_auc=0.9356 best=0.9359 patience=6/10
    [tffm] epoch 28/50: train_loss=0.6203 val_auc=0.9335 best=0.9359 patience=7/10
    [tffm] epoch 29/50: train_loss=0.7608 val_auc=0.9349 best=0.9359 patience=8/10
    [tffm] epoch 30/50: train_loss=0.5800 val_auc=0.9401 best=0.9401 patience=0/10 *
    [tffm] epoch 31/50: train_loss=0.5337 val_auc=0.9406 best=0.9406 patience=0/10 *
    [tffm] epoch 32/50: train_loss=0.6150 val_auc=0.9436 best=0.9436 patience=0/10 *
    [tffm] epoch 33/50: train_loss=0.6799 val_auc=0.9372 best=0.9436 patience=1/10
    [tffm] epoch 34/50: train_loss=0.6495 val_auc=0.9394 best=0.9436 patience=2/10
    [tffm] epoch 35/50: train_loss=0.6293 val_auc=0.9408 best=0.9436 patience=3/10
    [tffm] epoch 36/50: train_loss=0.5475 val_auc=0.9372 best=0.9436 patience=4/10
    [tffm] epoch 37/50: train_loss=0.5432 val_auc=0.9395 best=0.9436 patience=5/10
    [tffm] epoch 38/50: train_loss=0.8187 val_auc=0.9382 best=0.9436 patience=6/10
    [tffm] epoch 39/50: train_loss=0.6138 val_auc=0.9406 best=0.9436 patience=7/10
    [tffm] epoch 40/50: train_loss=0.5206 val_auc=0.9391 best=0.9436 patience=8/10
    [tffm] epoch 41/50: train_loss=0.5231 val_auc=0.9424 best=0.9436 patience=9/10
    [tffm] epoch 42/50: train_loss=0.5220 val_auc=0.9366 best=0.9436 patience=10/10
    [tffm] early stop at epoch 42
  [tffm] fold 5/100: AUC=0.9436
    [tffm] epoch 01/50: train_loss=1.1270 val_auc=0.8490 best=0.8490 patience=0/10 *
    [tffm] epoch 02/50: train_loss=1.0067 val_auc=0.8813 best=0.8813 patience=0/10 *
    [tffm] epoch 03/50: train_loss=0.8168 val_auc=0.8999 best=0.8999 patience=0/10 *
    [tffm] epoch 04/50: train_loss=0.8039 val_auc=0.9183 best=0.9183 patience=0/10 *
    [tffm] epoch 05/50: train_loss=0.7584 val_auc=0.9190 best=0.9190 patience=0/10 *
    [tffm] epoch 06/50: train_loss=0.8176 val_auc=0.9262 best=0.9262 patience=0/10 *
    [tffm] epoch 07/50: train_loss=0.7990 val_auc=0.9109 best=0.9262 patience=1/10
    [tffm] epoch 08/50: train_loss=0.7189 val_auc=0.9225 best=0.9262 patience=2/10
    [tffm] epoch 09/50: train_loss=0.6829 val_auc=0.9202 best=0.9262 patience=3/10
    [tffm] epoch 10/50: train_loss=0.6808 val_auc=0.9121 best=0.9262 patience=4/10
    [tffm] epoch 11/50: train_loss=0.7023 val_auc=0.9247 best=0.9262 patience=5/10
    [tffm] epoch 12/50: train_loss=0.6985 val_auc=0.9188 best=0.9262 patience=6/10
    [tffm] epoch 13/50: train_loss=0.6729 val_auc=0.9215 best=0.9262 patience=7/10
    [tffm] epoch 14/50: train_loss=0.9466 val_auc=0.9316 best=0.9316 patience=0/10 *
    [tffm] epoch 15/50: train_loss=0.6759 val_auc=0.8949 best=0.9316 patience=1/10
    [tffm] epoch 16/50: train_loss=0.6696 val_auc=0.9304 best=0.9316 patience=2/10
    [tffm] epoch 17/50: train_loss=0.6422 val_auc=0.9248 best=0.9316 patience=3/10
    [tffm] epoch 18/50: train_loss=0.6476 val_auc=0.9352 best=0.9352 patience=0/10 *
    [tffm] epoch 19/50: train_loss=0.6935 val_auc=0.9186 best=0.9352 patience=1/10
    [tffm] epoch 20/50: train_loss=0.6203 val_auc=0.9217 best=0.9352 patience=2/10
    [tffm] epoch 21/50: train_loss=0.6200 val_auc=0.9207 best=0.9352 patience=3/10
    [tffm] epoch 22/50: train_loss=0.7023 val_auc=0.9210 best=0.9352 patience=4/10
    [tffm] epoch 23/50: train_loss=0.6113 val_auc=0.9266 best=0.9352 patience=5/10
    [tffm] epoch 24/50: train_loss=0.6175 val_auc=0.9160 best=0.9352 patience=6/10
    [tffm] epoch 25/50: train_loss=0.7430 val_auc=0.9270 best=0.9352 patience=7/10
    [tffm] epoch 26/50: train_loss=0.7831 val_auc=0.8987 best=0.9352 patience=8/10
    [tffm] epoch 27/50: train_loss=0.6853 val_auc=0.9020 best=0.9352 patience=9/10
    [tffm] epoch 28/50: train_loss=0.5989 val_auc=0.9030 best=0.9352 patience=10/10
    [tffm] early stop at epoch 28
  [tffm] fold 6/100: AUC=0.9352
    [tffm] epoch 01/50: train_loss=1.1369 val_auc=0.8598 best=0.8598 patience=0/10 *
    [tffm] epoch 02/50: train_loss=0.9045 val_auc=0.8610 best=0.8610 patience=0/10 *
    [tffm] epoch 03/50: train_loss=0.7980 val_auc=0.8792 best=0.8792 patience=0/10 *
    [tffm] epoch 04/50: train_loss=0.7829 val_auc=0.8785 best=0.8792 patience=1/10
    [tffm] epoch 05/50: train_loss=0.9246 val_auc=0.8707 best=0.8792 patience=2/10
    [tffm] epoch 06/50: train_loss=0.8248 val_auc=0.8959 best=0.8959 patience=0/10 *
    [tffm] epoch 07/50: train_loss=0.7552 val_auc=0.8917 best=0.8959 patience=1/10
    [tffm] epoch 08/50: train_loss=0.7464 val_auc=0.8979 best=0.8979 patience=0/10 *
    [tffm] epoch 09/50: train_loss=0.7311 val_auc=0.8998 best=0.8998 patience=0/10 *
    [tffm] epoch 10/50: train_loss=0.8906 val_auc=0.9005 best=0.9005 patience=0/10 *
    [tffm] epoch 11/50: train_loss=0.6888 val_auc=0.8994 best=0.9005 patience=1/10
    [tffm] epoch 12/50: train_loss=0.6626 val_auc=0.8997 best=0.9005 patience=2/10
    [tffm] epoch 13/50: train_loss=0.6592 val_auc=0.9024 best=0.9024 patience=0/10 *
    [tffm] epoch 14/50: train_loss=0.7197 val_auc=0.9024 best=0.9024 patience=1/10
    [tffm] epoch 15/50: train_loss=0.6578 val_auc=0.8710 best=0.9024 patience=2/10
    [tffm] epoch 16/50: train_loss=0.6393 val_auc=0.8978 best=0.9024 patience=3/10
    [tffm] epoch 17/50: train_loss=0.6957 val_auc=0.9095 best=0.9095 patience=0/10 *
    [tffm] epoch 18/50: train_loss=0.6090 val_auc=0.8982 best=0.9095 patience=1/10
    [tffm] epoch 19/50: train_loss=0.6612 val_auc=0.9119 best=0.9119 patience=0/10 *
    [tffm] epoch 20/50: train_loss=0.6621 val_auc=0.8335 best=0.9119 patience=1/10
    [tffm] epoch 21/50: train_loss=0.6076 val_auc=0.9061 best=0.9119 patience=2/10
    [tffm] epoch 22/50: train_loss=0.5740 val_auc=0.8573 best=0.9119 patience=3/10
    [tffm] epoch 23/50: train_loss=0.7317 val_auc=0.8933 best=0.9119 patience=4/10
    [tffm] epoch 24/50: train_loss=0.5646 val_auc=0.8776 best=0.9119 patience=5/10
    [tffm] epoch 25/50: train_loss=0.5943 val_auc=0.8406 best=0.9119 patience=6/10
    [tffm] epoch 26/50: train_loss=0.5420 val_auc=0.8432 best=0.9119 patience=7/10
    [tffm] epoch 27/50: train_loss=0.5597 val_auc=0.8202 best=0.9119 patience=8/10
    [tffm] epoch 28/50: train_loss=0.5254 val_auc=0.8527 best=0.9119 patience=9/10
    [tffm] epoch 29/50: train_loss=0.6086 val_auc=0.8736 best=0.9119 patience=10/10
    [tffm] early stop at epoch 29
  [tffm] fold 7/100: AUC=0.9119
    [tffm] epoch 01/50: train_loss=1.1108 val_auc=0.8560 best=0.8560 patience=0/10 *
    [tffm] epoch 02/50: train_loss=0.8564 val_auc=0.8782 best=0.8782 patience=0/10 *
    [tffm] epoch 03/50: train_loss=0.7603 val_auc=0.8819 best=0.8819 patience=0/10 *
    [tffm] epoch 04/50: train_loss=0.7419 val_auc=0.8762 best=0.8819 patience=1/10
    [tffm] epoch 05/50: train_loss=0.7417 val_auc=0.8755 best=0.8819 patience=2/10
    [tffm] epoch 06/50: train_loss=0.7161 val_auc=0.8775 best=0.8819 patience=3/10
    [tffm] epoch 07/50: train_loss=0.7138 val_auc=0.8793 best=0.8819 patience=4/10
    [tffm] epoch 08/50: train_loss=0.7768 val_auc=0.8798 best=0.8819 patience=5/10
    [tffm] epoch 09/50: train_loss=0.7351 val_auc=0.8805 best=0.8819 patience=6/10
    [tffm] epoch 10/50: train_loss=0.6640 val_auc=0.8841 best=0.8841 patience=0/10 *
    [tffm] epoch 11/50: train_loss=0.6713 val_auc=0.8669 best=0.8841 patience=1/10
    [tffm] epoch 12/50: train_loss=0.7222 val_auc=0.8874 best=0.8874 patience=0/10 *
    [tffm] epoch 13/50: train_loss=0.6418 val_auc=0.8514 best=0.8874 patience=1/10
    [tffm] epoch 14/50: train_loss=0.6505 val_auc=0.8897 best=0.8897 patience=0/10 *
    [tffm] epoch 15/50: train_loss=0.6018 val_auc=0.8757 best=0.8897 patience=1/10
    [tffm] epoch 16/50: train_loss=0.6138 val_auc=0.8937 best=0.8937 patience=0/10 *
    [tffm] epoch 17/50: train_loss=0.6669 val_auc=0.8949 best=0.8949 patience=0/10 *
    [tffm] epoch 18/50: train_loss=0.6792 val_auc=0.8700 best=0.8949 patience=1/10
    [tffm] epoch 19/50: train_loss=0.6744 val_auc=0.8929 best=0.8949 patience=2/10
    [tffm] epoch 20/50: train_loss=0.6130 val_auc=0.8579 best=0.8949 patience=3/10
    [tffm] epoch 21/50: train_loss=0.6479 val_auc=0.8899 best=0.8949 patience=4/10
    [tffm] epoch 22/50: train_loss=0.6299 val_auc=0.9014 best=0.9014 patience=0/10 *
    [tffm] epoch 23/50: train_loss=0.7096 val_auc=0.8892 best=0.9014 patience=1/10
    [tffm] epoch 24/50: train_loss=0.5670 val_auc=0.8967 best=0.9014 patience=2/10
    [tffm] epoch 25/50: train_loss=0.5568 val_auc=0.8995 best=0.9014 patience=3/10
    [tffm] epoch 26/50: train_loss=0.5995 val_auc=0.9004 best=0.9014 patience=4/10
    [tffm] epoch 27/50: train_loss=0.5624 val_auc=0.8980 best=0.9014 patience=5/10
    [tffm] epoch 28/50: train_loss=0.5510 val_auc=0.8822 best=0.9014 patience=6/10
    [tffm] epoch 29/50: train_loss=0.6195 val_auc=0.9064 best=0.9064 patience=0/10 *
    [tffm] epoch 30/50: train_loss=0.5717 val_auc=0.8075 best=0.9064 patience=1/10
    [tffm] epoch 31/50: train_loss=0.6483 val_auc=0.8816 best=0.9064 patience=2/10
    [tffm] epoch 32/50: train_loss=0.5467 val_auc=0.8942 best=0.9064 patience=3/10
    [tffm] epoch 33/50: train_loss=0.5355 val_auc=0.8886 best=0.9064 patience=4/10
    [tffm] epoch 34/50: train_loss=0.5067 val_auc=0.8866 best=0.9064 patience=5/10
    [tffm] epoch 35/50: train_loss=0.5306 val_auc=0.8714 best=0.9064 patience=6/10
    [tffm] epoch 36/50: train_loss=0.5048 val_auc=0.8839 best=0.9064 patience=7/10
    [tffm] epoch 37/50: train_loss=0.4876 val_auc=0.8847 best=0.9064 patience=8/10
    [tffm] epoch 38/50: train_loss=0.5320 val_auc=0.8550 best=0.9064 patience=9/10
    [tffm] epoch 39/50: train_loss=0.5043 val_auc=0.7644 best=0.9064 patience=10/10
    [tffm] early stop at epoch 39
  [tffm] fold 8/100: AUC=0.9064
    [tffm] epoch 01/50: train_loss=1.1955 val_auc=0.8725 best=0.8725 patience=0/10 *
    [tffm] epoch 02/50: train_loss=0.9538 val_auc=0.8958 best=0.8958 patience=0/10 *
    [tffm] epoch 03/50: train_loss=0.8801 val_auc=0.9067 best=0.9067 patience=0/10 *
    [tffm] epoch 04/50: train_loss=0.8847 val_auc=0.9147 best=0.9147 patience=0/10 *
    [tffm] epoch 05/50: train_loss=0.7709 val_auc=0.9073 best=0.9147 patience=1/10
    [tffm] epoch 06/50: train_loss=0.8195 val_auc=0.9056 best=0.9147 patience=2/10
    [tffm] epoch 07/50: train_loss=0.7956 val_auc=0.9141 best=0.9147 patience=3/10
    [tffm] epoch 08/50: train_loss=0.7512 val_auc=0.9246 best=0.9246 patience=0/10 *
    [tffm] epoch 09/50: train_loss=0.8220 val_auc=0.9237 best=0.9246 patience=1/10
    [tffm] epoch 10/50: train_loss=0.7443 val_auc=0.9281 best=0.9281 patience=0/10 *
    [tffm] epoch 11/50: train_loss=0.7045 val_auc=0.9151 best=0.9281 patience=1/10
    [tffm] epoch 12/50: train_loss=0.6984 val_auc=0.9318 best=0.9318 patience=0/10 *
    [tffm] epoch 13/50: train_loss=0.7336 val_auc=0.9318 best=0.9318 patience=1/10
    [tffm] epoch 14/50: train_loss=0.6940 val_auc=0.9308 best=0.9318 patience=2/10
    [tffm] epoch 15/50: train_loss=0.7247 val_auc=0.9297 best=0.9318 patience=3/10
    [tffm] epoch 16/50: train_loss=0.6936 val_auc=0.9352 best=0.9352 patience=0/10 *
    [tffm] epoch 17/50: train_loss=0.6833 val_auc=0.9390 best=0.9390 patience=0/10 *
    [tffm] epoch 18/50: train_loss=0.6558 val_auc=0.9418 best=0.9418 patience=0/10 *
    [tffm] epoch 19/50: train_loss=0.6942 val_auc=0.9440 best=0.9440 patience=0/10 *
    [tffm] epoch 20/50: train_loss=0.6650 val_auc=0.9412 best=0.9440 patience=1/10
    [tffm] epoch 21/50: train_loss=0.7454 val_auc=0.9399 best=0.9440 patience=2/10
    [tffm] epoch 22/50: train_loss=0.6059 val_auc=0.9277 best=0.9440 patience=3/10
    [tffm] epoch 23/50: train_loss=0.6517 val_auc=0.9271 best=0.9440 patience=4/10
    [tffm] epoch 24/50: train_loss=0.6049 val_auc=0.9105 best=0.9440 patience=5/10
    [tffm] epoch 25/50: train_loss=0.6058 val_auc=0.9385 best=0.9440 patience=6/10
    [tffm] epoch 26/50: train_loss=0.6406 val_auc=0.9475 best=0.9475 patience=0/10 *
    [tffm] epoch 27/50: train_loss=0.5758 val_auc=0.9305 best=0.9475 patience=1/10
    [tffm] epoch 28/50: train_loss=0.5810 val_auc=0.9463 best=0.9475 patience=2/10
    [tffm] epoch 29/50: train_loss=0.5901 val_auc=0.9158 best=0.9475 patience=3/10
    [tffm] epoch 30/50: train_loss=0.6127 val_auc=0.9415 best=0.9475 patience=4/10
    [tffm] epoch 31/50: train_loss=0.5780 val_auc=0.9446 best=0.9475 patience=5/10
    [tffm] epoch 32/50: train_loss=0.5818 val_auc=0.9366 best=0.9475 patience=6/10
    [tffm] epoch 33/50: train_loss=0.5690 val_auc=0.9263 best=0.9475 patience=7/10
    [tffm] epoch 34/50: train_loss=0.5918 val_auc=0.9356 best=0.9475 patience=8/10
    [tffm] epoch 35/50: train_loss=0.5768 val_auc=0.9378 best=0.9475 patience=9/10
    [tffm] epoch 36/50: train_loss=0.5350 val_auc=0.9005 best=0.9475 patience=10/10
    [tffm] early stop at epoch 36
  [tffm] fold 9/100: AUC=0.9475
    [tffm] epoch 01/50: train_loss=1.1309 val_auc=0.8209 best=0.8209 patience=0/10 *
    [tffm] epoch 02/50: train_loss=0.8467 val_auc=0.8195 best=0.8209 patience=1/10
    [tffm] epoch 03/50: train_loss=0.8294 val_auc=0.8135 best=0.8209 patience=2/10
    [tffm] epoch 04/50: train_loss=0.7776 val_auc=0.8450 best=0.8450 patience=0/10 *
    [tffm] epoch 05/50: train_loss=0.7569 val_auc=0.8408 best=0.8450 patience=1/10
    [tffm] epoch 06/50: train_loss=0.7577 val_auc=0.8605 best=0.8605 patience=0/10 *
    [tffm] epoch 07/50: train_loss=0.7193 val_auc=0.8669 best=0.8669 patience=0/10 *
    [tffm] epoch 08/50: train_loss=0.7193 val_auc=0.8666 best=0.8669 patience=1/10
    [tffm] epoch 09/50: train_loss=0.6961 val_auc=0.8730 best=0.8730 patience=0/10 *
    [tffm] epoch 10/50: train_loss=0.6697 val_auc=0.8770 best=0.8770 patience=0/10 *
    [tffm] epoch 11/50: train_loss=0.6930 val_auc=0.8759 best=0.8770 patience=1/10
    [tffm] epoch 12/50: train_loss=0.6566 val_auc=0.8878 best=0.8878 patience=0/10 *
    [tffm] epoch 13/50: train_loss=0.6445 val_auc=0.8908 best=0.8908 patience=0/10 *
    [tffm] epoch 14/50: train_loss=0.6349 val_auc=0.8832 best=0.8908 patience=1/10
    [tffm] epoch 15/50: train_loss=0.6347 val_auc=0.8941 best=0.8941 patience=0/10 *
    [tffm] epoch 16/50: train_loss=0.6836 val_auc=0.8891 best=0.8941 patience=1/10
    [tffm] epoch 17/50: train_loss=0.6883 val_auc=0.8944 best=0.8944 patience=0/10 *
    [tffm] epoch 18/50: train_loss=0.5961 val_auc=0.8953 best=0.8953 patience=0/10 *
    [tffm] epoch 19/50: train_loss=0.6213 val_auc=0.8876 best=0.8953 patience=1/10
    [tffm] epoch 20/50: train_loss=0.6388 val_auc=0.8876 best=0.8953 patience=2/10
    [tffm] epoch 21/50: train_loss=0.6768 val_auc=0.8889 best=0.8953 patience=3/10
    [tffm] epoch 22/50: train_loss=0.6002 val_auc=0.8901 best=0.8953 patience=4/10
    [tffm] epoch 23/50: train_loss=0.5801 val_auc=0.8619 best=0.8953 patience=5/10
    [tffm] epoch 24/50: train_loss=0.5808 val_auc=0.8645 best=0.8953 patience=6/10
    [tffm] epoch 25/50: train_loss=0.7202 val_auc=0.8866 best=0.8953 patience=7/10
    [tffm] epoch 26/50: train_loss=0.6371 val_auc=0.8568 best=0.8953 patience=8/10
    [tffm] epoch 27/50: train_loss=0.5721 val_auc=0.8887 best=0.8953 patience=9/10
    [tffm] epoch 28/50: train_loss=0.6087 val_auc=0.8696 best=0.8953 patience=10/10
    [tffm] early stop at epoch 28
  [tffm] fold 10/100: AUC=0.8953
    [tffm] epoch 01/50: train_loss=1.1902 val_auc=0.7969 best=0.7969 patience=0/10 *
    [tffm] epoch 02/50: train_loss=0.8629 val_auc=0.8121 best=0.8121 patience=0/10 *
    [tffm] epoch 03/50: train_loss=0.7807 val_auc=0.8178 best=0.8178 patience=0/10 *
    [tffm] epoch 04/50: train_loss=0.8003 val_auc=0.8260 best=0.8260 patience=0/10 *
    [tffm] epoch 05/50: train_loss=0.7063 val_auc=0.8290 best=0.8290 patience=0/10 *
    [tffm] epoch 06/50: train_loss=0.7126 val_auc=0.8377 best=0.8377 patience=0/10 *
    [tffm] epoch 07/50: train_loss=0.7175 val_auc=0.8384 best=0.8384 patience=0/10 *
    [tffm] epoch 08/50: train_loss=0.6869 val_auc=0.8427 best=0.8427 patience=0/10 *
    [tffm] epoch 09/50: train_loss=0.7259 val_auc=0.8453 best=0.8453 patience=0/10 *
    [tffm] epoch 10/50: train_loss=0.6735 val_auc=0.8539 best=0.8539 patience=0/10 *
    [tffm] epoch 11/50: train_loss=0.6620 val_auc=0.8677 best=0.8677 patience=0/10 *
    [tffm] epoch 12/50: train_loss=0.6581 val_auc=0.8745 best=0.8745 patience=0/10 *
    [tffm] epoch 13/50: train_loss=0.6603 val_auc=0.8760 best=0.8760 patience=0/10 *
    [tffm] epoch 14/50: train_loss=0.7170 val_auc=0.8871 best=0.8871 patience=0/10 *
    [tffm] epoch 15/50: train_loss=0.5959 val_auc=0.8826 best=0.8871 patience=1/10
    [tffm] epoch 16/50: train_loss=0.6424 val_auc=0.8906 best=0.8906 patience=0/10 *
    [tffm] epoch 17/50: train_loss=0.6303 val_auc=0.8950 best=0.8950 patience=0/10 *
    [tffm] epoch 18/50: train_loss=0.5980 val_auc=0.8945 best=0.8950 patience=1/10
    [tffm] epoch 19/50: train_loss=0.5731 val_auc=0.8967 best=0.8967 patience=0/10 *
    [tffm] epoch 20/50: train_loss=0.5892 val_auc=0.8958 best=0.8967 patience=1/10
    [tffm] epoch 21/50: train_loss=0.5304 val_auc=0.8877 best=0.8967 patience=2/10
    [tffm] epoch 22/50: train_loss=0.7657 val_auc=0.8932 best=0.8967 patience=3/10
    [tffm] epoch 23/50: train_loss=0.6176 val_auc=0.8930 best=0.8967 patience=4/10
    [tffm] epoch 24/50: train_loss=0.5483 val_auc=0.8861 best=0.8967 patience=5/10
    [tffm] epoch 25/50: train_loss=0.5769 val_auc=0.8968 best=0.8968 patience=0/10 *
    [tffm] epoch 26/50: train_loss=0.6131 val_auc=0.8999 best=0.8999 patience=0/10 *
    [tffm] epoch 27/50: train_loss=0.5633 val_auc=0.8969 best=0.8999 patience=1/10
    [tffm] epoch 28/50: train_loss=0.6580 val_auc=0.8919 best=0.8999 patience=2/10
    [tffm] epoch 29/50: train_loss=0.5668 val_auc=0.8874 best=0.8999 patience=3/10
    [tffm] epoch 30/50: train_loss=0.5227 val_auc=0.8805 best=0.8999 patience=4/10
    [tffm] epoch 31/50: train_loss=0.5490 val_auc=0.8908 best=0.8999 patience=5/10
    [tffm] epoch 32/50: train_loss=0.5354 val_auc=0.8989 best=0.8999 patience=6/10
    [tffm] epoch 33/50: train_loss=0.5335 val_auc=0.8998 best=0.8999 patience=7/10
    [tffm] epoch 34/50: train_loss=0.5242 val_auc=0.8977 best=0.8999 patience=8/10
    [tffm] epoch 35/50: train_loss=0.5589 val_auc=0.8872 best=0.8999 patience=9/10
    [tffm] epoch 36/50: train_loss=0.5562 val_auc=0.8927 best=0.8999 patience=10/10
    [tffm] early stop at epoch 36
  [tffm] fold 11/100: AUC=0.8999
    [tffm] epoch 01/50: train_loss=1.0972 val_auc=0.8697 best=0.8697 patience=0/10 *
    [tffm] epoch 02/50: train_loss=0.8913 val_auc=0.8586 best=0.8697 patience=1/10
    [tffm] epoch 03/50: train_loss=0.7936 val_auc=0.8716 best=0.8716 patience=0/10 *
    [tffm] epoch 04/50: train_loss=0.7370 val_auc=0.8680 best=0.8716 patience=1/10
    [tffm] epoch 05/50: train_loss=0.7795 val_auc=0.8604 best=0.8716 patience=2/10
    [tffm] epoch 06/50: train_loss=0.6738 val_auc=0.8052 best=0.8716 patience=3/10
    [tffm] epoch 07/50: train_loss=0.6558 val_auc=0.7903 best=0.8716 patience=4/10
    [tffm] epoch 08/50: train_loss=0.6646 val_auc=0.8099 best=0.8716 patience=5/10
    [tffm] epoch 09/50: train_loss=0.6739 val_auc=0.7597 best=0.8716 patience=6/10
    [tffm] epoch 10/50: train_loss=0.8162 val_auc=0.7467 best=0.8716 patience=7/10
    [tffm] epoch 11/50: train_loss=0.7272 val_auc=0.8540 best=0.8716 patience=8/10
    [tffm] epoch 12/50: train_loss=0.7406 val_auc=0.7684 best=0.8716 patience=9/10
    [tffm] epoch 13/50: train_loss=0.7709 val_auc=0.7688 best=0.8716 patience=10/10
    [tffm] early stop at epoch 13
  [tffm] fold 12/100: AUC=0.8716
    [tffm] epoch 01/50: train_loss=1.2044 val_auc=0.8424 best=0.8424 patience=0/10 *
    [tffm] epoch 02/50: train_loss=0.8742 val_auc=0.8535 best=0.8535 patience=0/10 *
    [tffm] epoch 03/50: train_loss=0.7915 val_auc=0.8628 best=0.8628 patience=0/10 *
    [tffm] epoch 04/50: train_loss=0.7800 val_auc=0.8853 best=0.8853 patience=0/10 *
    [tffm] epoch 05/50: train_loss=0.7775 val_auc=0.8896 best=0.8896 patience=0/10 *
    [tffm] epoch 06/50: train_loss=0.8002 val_auc=0.9008 best=0.9008 patience=0/10 *
    [tffm] epoch 07/50: train_loss=0.7505 val_auc=0.9083 best=0.9083 patience=0/10 *
    [tffm] epoch 08/50: train_loss=0.7342 val_auc=0.9073 best=0.9083 patience=1/10
    [tffm] epoch 09/50: train_loss=0.7078 val_auc=0.9120 best=0.9120 patience=0/10 *
    [tffm] epoch 10/50: train_loss=0.7972 val_auc=0.9201 best=0.9201 patience=0/10 *
    [tffm] epoch 11/50: train_loss=0.7921 val_auc=0.9035 best=0.9201 patience=1/10
    [tffm] epoch 12/50: train_loss=0.6822 val_auc=0.9227 best=0.9227 patience=0/10 *
    [tffm] epoch 13/50: train_loss=0.6825 val_auc=0.9135 best=0.9227 patience=1/10
    [tffm] epoch 14/50: train_loss=0.8009 val_auc=0.9262 best=0.9262 patience=0/10 *
    [tffm] epoch 15/50: train_loss=0.7988 val_auc=0.9288 best=0.9288 patience=0/10 *
    [tffm] epoch 16/50: train_loss=0.6918 val_auc=0.9185 best=0.9288 patience=1/10
    [tffm] epoch 17/50: train_loss=0.6489 val_auc=0.9265 best=0.9288 patience=2/10
    [tffm] epoch 18/50: train_loss=0.6313 val_auc=0.9273 best=0.9288 patience=3/10
    [tffm] epoch 19/50: train_loss=0.6518 val_auc=0.9267 best=0.9288 patience=4/10
    [tffm] epoch 20/50: train_loss=0.6818 val_auc=0.9242 best=0.9288 patience=5/10
    [tffm] epoch 21/50: train_loss=0.5884 val_auc=0.8993 best=0.9288 patience=6/10
    [tffm] epoch 22/50: train_loss=0.7083 val_auc=0.9281 best=0.9288 patience=7/10
    [tffm] epoch 23/50: train_loss=0.5845 val_auc=0.9322 best=0.9322 patience=0/10 *
    [tffm] epoch 24/50: train_loss=0.6337 val_auc=0.9084 best=0.9322 patience=1/10
    [tffm] epoch 25/50: train_loss=0.6019 val_auc=0.9323 best=0.9323 patience=0/10 *
    [tffm] epoch 26/50: train_loss=0.5971 val_auc=0.8990 best=0.9323 patience=1/10
    [tffm] epoch 27/50: train_loss=0.6146 val_auc=0.9256 best=0.9323 patience=2/10
    [tffm] epoch 28/50: train_loss=0.6337 val_auc=0.8918 best=0.9323 patience=3/10
    [tffm] epoch 29/50: train_loss=0.6388 val_auc=0.8948 best=0.9323 patience=4/10
    [tffm] epoch 30/50: train_loss=0.5619 val_auc=0.8770 best=0.9323 patience=5/10
    [tffm] epoch 31/50: train_loss=0.5517 val_auc=0.8695 best=0.9323 patience=6/10
    [tffm] epoch 32/50: train_loss=0.5506 val_auc=0.9125 best=0.9323 patience=7/10
    [tffm] epoch 33/50: train_loss=0.5362 val_auc=0.8488 best=0.9323 patience=8/10
    [tffm] epoch 34/50: train_loss=0.7043 val_auc=0.8735 best=0.9323 patience=9/10
    [tffm] epoch 35/50: train_loss=0.6692 val_auc=0.8958 best=0.9323 patience=10/10
    [tffm] early stop at epoch 35
  [tffm] fold 13/100: AUC=0.9323
    [tffm] epoch 01/50: train_loss=1.2212 val_auc=0.9216 best=0.9216 patience=0/10 *
    [tffm] epoch 02/50: train_loss=0.9403 val_auc=0.9351 best=0.9351 patience=0/10 *
    [tffm] epoch 03/50: train_loss=0.8325 val_auc=0.9470 best=0.9470 patience=0/10 *
    [tffm] epoch 04/50: train_loss=0.8977 val_auc=0.9590 best=0.9590 patience=0/10 *
    [tffm] epoch 05/50: train_loss=0.8707 val_auc=0.9654 best=0.9654 patience=0/10 *
    [tffm] epoch 06/50: train_loss=0.8297 val_auc=0.9645 best=0.9654 patience=1/10
    [tffm] epoch 07/50: train_loss=0.8858 val_auc=0.9662 best=0.9662 patience=0/10 *
    [tffm] epoch 08/50: train_loss=0.7432 val_auc=0.9686 best=0.9686 patience=0/10 *
    [tffm] epoch 09/50: train_loss=0.8155 val_auc=0.9679 best=0.9686 patience=1/10
    [tffm] epoch 10/50: train_loss=0.7979 val_auc=0.9686 best=0.9686 patience=0/10 *
    [tffm] epoch 11/50: train_loss=0.7302 val_auc=0.9700 best=0.9700 patience=0/10 *
    [tffm] epoch 12/50: train_loss=0.7921 val_auc=0.9696 best=0.9700 patience=1/10
    [tffm] epoch 13/50: train_loss=0.7784 val_auc=0.9702 best=0.9702 patience=0/10 *
    [tffm] epoch 14/50: train_loss=0.6937 val_auc=0.9695 best=0.9702 patience=1/10
    [tffm] epoch 15/50: train_loss=0.7577 val_auc=0.9700 best=0.9702 patience=2/10
    [tffm] epoch 16/50: train_loss=0.7365 val_auc=0.9691 best=0.9702 patience=3/10
    [tffm] epoch 17/50: train_loss=0.6987 val_auc=0.9690 best=0.9702 patience=4/10
    [tffm] epoch 18/50: train_loss=0.6977 val_auc=0.9675 best=0.9702 patience=5/10
    [tffm] epoch 19/50: train_loss=0.6816 val_auc=0.9709 best=0.9709 patience=0/10 *
    [tffm] epoch 20/50: train_loss=0.6965 val_auc=0.9730 best=0.9730 patience=0/10 *
    [tffm] epoch 21/50: train_loss=0.7196 val_auc=0.9717 best=0.9730 patience=1/10
    [tffm] epoch 22/50: train_loss=0.6266 val_auc=0.9729 best=0.9730 patience=2/10
    [tffm] epoch 23/50: train_loss=0.7307 val_auc=0.9692 best=0.9730 patience=3/10
    [tffm] epoch 24/50: train_loss=0.6641 val_auc=0.9685 best=0.9730 patience=4/10
    [tffm] epoch 25/50: train_loss=0.7105 val_auc=0.9678 best=0.9730 patience=5/10
    [tffm] epoch 26/50: train_loss=0.7136 val_auc=0.9656 best=0.9730 patience=6/10
    [tffm] epoch 27/50: train_loss=0.6319 val_auc=0.9679 best=0.9730 patience=7/10
    [tffm] epoch 28/50: train_loss=0.6115 val_auc=0.9674 best=0.9730 patience=8/10
    [tffm] epoch 29/50: train_loss=0.6299 val_auc=0.9677 best=0.9730 patience=9/10
    [tffm] epoch 30/50: train_loss=0.6000 val_auc=0.9619 best=0.9730 patience=10/10
    [tffm] early stop at epoch 30
  [tffm] fold 14/100: AUC=0.9730
    [tffm] epoch 01/50: train_loss=1.1873 val_auc=0.8630 best=0.8630 patience=0/10 *
    [tffm] epoch 02/50: train_loss=0.9561 val_auc=0.8788 best=0.8788 patience=0/10 *
    [tffm] epoch 03/50: train_loss=0.8740 val_auc=0.8812 best=0.8812 patience=0/10 *
    [tffm] epoch 04/50: train_loss=0.7553 val_auc=0.8899 best=0.8899 patience=0/10 *
    [tffm] epoch 05/50: train_loss=0.7354 val_auc=0.8962 best=0.8962 patience=0/10 *
    [tffm] epoch 06/50: train_loss=0.7909 val_auc=0.8988 best=0.8988 patience=0/10 *
    [tffm] epoch 07/50: train_loss=0.6946 val_auc=0.9033 best=0.9033 patience=0/10 *
    [tffm] epoch 08/50: train_loss=0.8050 val_auc=0.9063 best=0.9063 patience=0/10 *
    [tffm] epoch 09/50: train_loss=0.7131 val_auc=0.9039 best=0.9063 patience=1/10
    [tffm] epoch 10/50: train_loss=0.7653 val_auc=0.9065 best=0.9065 patience=0/10 *
    [tffm] epoch 11/50: train_loss=0.6771 val_auc=0.9018 best=0.9065 patience=1/10
    [tffm] epoch 12/50: train_loss=0.7016 val_auc=0.8953 best=0.9065 patience=2/10
    [tffm] epoch 13/50: train_loss=0.7213 val_auc=0.8961 best=0.9065 patience=3/10
    [tffm] epoch 14/50: train_loss=0.7348 val_auc=0.8703 best=0.9065 patience=4/10
    [tffm] epoch 15/50: train_loss=0.7493 val_auc=0.9109 best=0.9109 patience=0/10 *
    [tffm] epoch 16/50: train_loss=0.6264 val_auc=0.9090 best=0.9109 patience=1/10
    [tffm] epoch 17/50: train_loss=0.6018 val_auc=0.9099 best=0.9109 patience=2/10
    [tffm] epoch 18/50: train_loss=0.6020 val_auc=0.9047 best=0.9109 patience=3/10
    [tffm] epoch 19/50: train_loss=0.7077 val_auc=0.9097 best=0.9109 patience=4/10
    [tffm] epoch 20/50: train_loss=0.5854 val_auc=0.9131 best=0.9131 patience=0/10 *
    [tffm] epoch 21/50: train_loss=0.6218 val_auc=0.9085 best=0.9131 patience=1/10
    [tffm] epoch 22/50: train_loss=0.6101 val_auc=0.9079 best=0.9131 patience=2/10
    [tffm] epoch 23/50: train_loss=0.5723 val_auc=0.9082 best=0.9131 patience=3/10
    [tffm] epoch 24/50: train_loss=0.5495 val_auc=0.8906 best=0.9131 patience=4/10
    [tffm] epoch 25/50: train_loss=0.6182 val_auc=0.9063 best=0.9131 patience=5/10
    [tffm] epoch 26/50: train_loss=0.5391 val_auc=0.8136 best=0.9131 patience=6/10
    [tffm] epoch 27/50: train_loss=0.6023 val_auc=0.9034 best=0.9131 patience=7/10
    [tffm] epoch 28/50: train_loss=0.6010 val_auc=0.8776 best=0.9131 patience=8/10
    [tffm] epoch 29/50: train_loss=0.5626 val_auc=0.9099 best=0.9131 patience=9/10
    [tffm] epoch 30/50: train_loss=0.5859 val_auc=0.8533 best=0.9131 patience=10/10
    [tffm] early stop at epoch 30
  [tffm] fold 15/100: AUC=0.9131
    [tffm] epoch 01/50: train_loss=1.1947 val_auc=0.8295 best=0.8295 patience=0/10 *
    [tffm] epoch 02/50: train_loss=0.8802 val_auc=0.8477 best=0.8477 patience=0/10 *
    [tffm] epoch 03/50: train_loss=0.7721 val_auc=0.8539 best=0.8539 patience=0/10 *
    [tffm] epoch 04/50: train_loss=0.7277 val_auc=0.8522 best=0.8539 patience=1/10
    [tffm] epoch 05/50: train_loss=0.7296 val_auc=0.8594 best=0.8594 patience=0/10 *
    [tffm] epoch 06/50: train_loss=0.6838 val_auc=0.8589 best=0.8594 patience=1/10
    [tffm] epoch 07/50: train_loss=0.6798 val_auc=0.8580 best=0.8594 patience=2/10
    [tffm] epoch 08/50: train_loss=0.6461 val_auc=0.8588 best=0.8594 patience=3/10
    [tffm] epoch 09/50: train_loss=0.6498 val_auc=0.8581 best=0.8594 patience=4/10
    [tffm] epoch 10/50: train_loss=0.6433 val_auc=0.8604 best=0.8604 patience=0/10 *
    [tffm] epoch 11/50: train_loss=0.7119 val_auc=0.8664 best=0.8664 patience=0/10 *
    [tffm] epoch 12/50: train_loss=0.6909 val_auc=0.8671 best=0.8671 patience=0/10 *
    [tffm] epoch 13/50: train_loss=0.6182 val_auc=0.8680 best=0.8680 patience=0/10 *
    [tffm] epoch 14/50: train_loss=0.6528 val_auc=0.8652 best=0.8680 patience=1/10
    [tffm] epoch 15/50: train_loss=0.6944 val_auc=0.8740 best=0.8740 patience=0/10 *
    [tffm] epoch 16/50: train_loss=0.6062 val_auc=0.8797 best=0.8797 patience=0/10 *
    [tffm] epoch 17/50: train_loss=0.5801 val_auc=0.8810 best=0.8810 patience=0/10 *
    [tffm] epoch 18/50: train_loss=0.5743 val_auc=0.8881 best=0.8881 patience=0/10 *
    [tffm] epoch 19/50: train_loss=0.5777 val_auc=0.8884 best=0.8884 patience=0/10 *
    [tffm] epoch 20/50: train_loss=0.5840 val_auc=0.8968 best=0.8968 patience=0/10 *
    [tffm] epoch 21/50: train_loss=0.6934 val_auc=0.8985 best=0.8985 patience=0/10 *
    [tffm] epoch 22/50: train_loss=0.5389 val_auc=0.8897 best=0.8985 patience=1/10
    [tffm] epoch 23/50: train_loss=0.5964 val_auc=0.8949 best=0.8985 patience=2/10
    [tffm] epoch 24/50: train_loss=0.5585 val_auc=0.8960 best=0.8985 patience=3/10
    [tffm] epoch 25/50: train_loss=0.6314 val_auc=0.8980 best=0.8985 patience=4/10
    [tffm] epoch 26/50: train_loss=0.5289 val_auc=0.8942 best=0.8985 patience=5/10
    [tffm] epoch 27/50: train_loss=0.5693 val_auc=0.8929 best=0.8985 patience=6/10
    [tffm] epoch 28/50: train_loss=0.5197 val_auc=0.8923 best=0.8985 patience=7/10
    [tffm] epoch 29/50: train_loss=0.6079 val_auc=0.8838 best=0.8985 patience=8/10
    [tffm] epoch 30/50: train_loss=0.5133 val_auc=0.8854 best=0.8985 patience=9/10
    [tffm] epoch 31/50: train_loss=0.4810 val_auc=0.8773 best=0.8985 patience=10/10
    [tffm] early stop at epoch 31
  [tffm] fold 16/100: AUC=0.8985
    [tffm] epoch 01/50: train_loss=1.1303 val_auc=0.8716 best=0.8716 patience=0/10 *
    [tffm] epoch 02/50: train_loss=0.9413 val_auc=0.8846 best=0.8846 patience=0/10 *
    [tffm] epoch 03/50: train_loss=0.8184 val_auc=0.8828 best=0.8846 patience=1/10
    [tffm] epoch 04/50: train_loss=0.8823 val_auc=0.8868 best=0.8868 patience=0/10 *
    [tffm] epoch 05/50: train_loss=0.8348 val_auc=0.8919 best=0.8919 patience=0/10 *
    [tffm] epoch 06/50: train_loss=0.7560 val_auc=0.8972 best=0.8972 patience=0/10 *
    [tffm] epoch 07/50: train_loss=0.7261 val_auc=0.9029 best=0.9029 patience=0/10 *
    [tffm] epoch 08/50: train_loss=0.8122 val_auc=0.9063 best=0.9063 patience=0/10 *
    [tffm] epoch 09/50: train_loss=0.7279 val_auc=0.9066 best=0.9066 patience=0/10 *
    [tffm] epoch 10/50: train_loss=0.8379 val_auc=0.9078 best=0.9078 patience=0/10 *
    [tffm] epoch 11/50: train_loss=0.7326 val_auc=0.9064 best=0.9078 patience=1/10
    [tffm] epoch 12/50: train_loss=0.6738 val_auc=0.9137 best=0.9137 patience=0/10 *
    [tffm] epoch 13/50: train_loss=0.7502 val_auc=0.9149 best=0.9149 patience=0/10 *
    [tffm] epoch 14/50: train_loss=0.6718 val_auc=0.9171 best=0.9171 patience=0/10 *
    [tffm] epoch 15/50: train_loss=0.7025 val_auc=0.9179 best=0.9179 patience=0/10 *
    [tffm] epoch 16/50: train_loss=0.7971 val_auc=0.9196 best=0.9196 patience=0/10 *
    [tffm] epoch 17/50: train_loss=0.6637 val_auc=0.9211 best=0.9211 patience=0/10 *
    [tffm] epoch 18/50: train_loss=0.6618 val_auc=0.9205 best=0.9211 patience=1/10
    [tffm] epoch 19/50: train_loss=0.6192 val_auc=0.8957 best=0.9211 patience=2/10
    [tffm] epoch 20/50: train_loss=0.6807 val_auc=0.9193 best=0.9211 patience=3/10
    [tffm] epoch 21/50: train_loss=0.7447 val_auc=0.9122 best=0.9211 patience=4/10
    [tffm] epoch 22/50: train_loss=0.6218 val_auc=0.9100 best=0.9211 patience=5/10
    [tffm] epoch 23/50: train_loss=0.6183 val_auc=0.9078 best=0.9211 patience=6/10
    [tffm] epoch 24/50: train_loss=0.6350 val_auc=0.9095 best=0.9211 patience=7/10
    [tffm] epoch 25/50: train_loss=0.5900 val_auc=0.8922 best=0.9211 patience=8/10
    [tffm] epoch 26/50: train_loss=0.6368 val_auc=0.8786 best=0.9211 patience=9/10
    [tffm] epoch 27/50: train_loss=0.5592 val_auc=0.8475 best=0.9211 patience=10/10
    [tffm] early stop at epoch 27
  [tffm] fold 17/100: AUC=0.9211
    [tffm] epoch 01/50: train_loss=1.1605 val_auc=0.8443 best=0.8443 patience=0/10 *
    [tffm] epoch 02/50: train_loss=0.9719 val_auc=0.8636 best=0.8636 patience=0/10 *
    [tffm] epoch 03/50: train_loss=0.7555 val_auc=0.8800 best=0.8800 patience=0/10 *
    [tffm] epoch 04/50: train_loss=0.8439 val_auc=0.8826 best=0.8826 patience=0/10 *
    [tffm] epoch 05/50: train_loss=0.7053 val_auc=0.8645 best=0.8826 patience=1/10
    [tffm] epoch 06/50: train_loss=0.8076 val_auc=0.8770 best=0.8826 patience=2/10
    [tffm] epoch 07/50: train_loss=0.7234 val_auc=0.8667 best=0.8826 patience=3/10
    [tffm] epoch 08/50: train_loss=0.7360 val_auc=0.8771 best=0.8826 patience=4/10
    [tffm] epoch 09/50: train_loss=0.6955 val_auc=0.8667 best=0.8826 patience=5/10
    [tffm] epoch 10/50: train_loss=0.6587 val_auc=0.8637 best=0.8826 patience=6/10
    [tffm] epoch 11/50: train_loss=0.8029 val_auc=0.8715 best=0.8826 patience=7/10
    [tffm] epoch 12/50: train_loss=0.6107 val_auc=0.8705 best=0.8826 patience=8/10
    [tffm] epoch 13/50: train_loss=0.6654 val_auc=0.8866 best=0.8866 patience=0/10 *
    [tffm] epoch 14/50: train_loss=0.6358 val_auc=0.8808 best=0.8866 patience=1/10
    [tffm] epoch 15/50: train_loss=0.5837 val_auc=0.8838 best=0.8866 patience=2/10
    [tffm] epoch 16/50: train_loss=0.6137 val_auc=0.8822 best=0.8866 patience=3/10
    [tffm] epoch 17/50: train_loss=0.5872 val_auc=0.8278 best=0.8866 patience=4/10
    [tffm] epoch 18/50: train_loss=0.7112 val_auc=0.8849 best=0.8866 patience=5/10
    [tffm] epoch 19/50: train_loss=0.6423 val_auc=0.8806 best=0.8866 patience=6/10
    [tffm] epoch 20/50: train_loss=0.5675 val_auc=0.8882 best=0.8882 patience=0/10 *
    [tffm] epoch 21/50: train_loss=0.5771 val_auc=0.8636 best=0.8882 patience=1/10
    [tffm] epoch 22/50: train_loss=0.6031 val_auc=0.8841 best=0.8882 patience=2/10
    [tffm] epoch 23/50: train_loss=0.5467 val_auc=0.8151 best=0.8882 patience=3/10
    [tffm] epoch 24/50: train_loss=0.5924 val_auc=0.8879 best=0.8882 patience=4/10
    [tffm] epoch 25/50: train_loss=0.6223 val_auc=0.7939 best=0.8882 patience=5/10
    [tffm] epoch 26/50: train_loss=0.5821 val_auc=0.8907 best=0.8907 patience=0/10 *
    [tffm] epoch 27/50: train_loss=0.5110 val_auc=0.8093 best=0.8907 patience=1/10
    [tffm] epoch 28/50: train_loss=0.5787 val_auc=0.8852 best=0.8907 patience=2/10
    [tffm] epoch 29/50: train_loss=0.5448 val_auc=0.7977 best=0.8907 patience=3/10
    [tffm] epoch 30/50: train_loss=0.5515 val_auc=0.8313 best=0.8907 patience=4/10
    [tffm] epoch 31/50: train_loss=0.5587 val_auc=0.7977 best=0.8907 patience=5/10
    [tffm] epoch 32/50: train_loss=0.6092 val_auc=0.8432 best=0.8907 patience=6/10
    [tffm] epoch 33/50: train_loss=0.5248 val_auc=0.7405 best=0.8907 patience=7/10
    [tffm] epoch 34/50: train_loss=0.5871 val_auc=0.8828 best=0.8907 patience=8/10
    [tffm] epoch 35/50: train_loss=0.5157 val_auc=0.7271 best=0.8907 patience=9/10
    [tffm] epoch 36/50: train_loss=0.7355 val_auc=0.8412 best=0.8907 patience=10/10
    [tffm] early stop at epoch 36
  [tffm] fold 18/100: AUC=0.8907
    [tffm] epoch 01/50: train_loss=1.3022 val_auc=0.8771 best=0.8771 patience=0/10 *
    [tffm] epoch 02/50: train_loss=0.9405 val_auc=0.8848 best=0.8848 patience=0/10 *
    [tffm] epoch 03/50: train_loss=0.8377 val_auc=0.8898 best=0.8898 patience=0/10 *
    [tffm] epoch 04/50: train_loss=0.8332 val_auc=0.9067 best=0.9067 patience=0/10 *
    [tffm] epoch 05/50: train_loss=0.8341 val_auc=0.9190 best=0.9190 patience=0/10 *
    [tffm] epoch 06/50: train_loss=0.8087 val_auc=0.9230 best=0.9230 patience=0/10 *
    [tffm] epoch 07/50: train_loss=0.8210 val_auc=0.9322 best=0.9322 patience=0/10 *
    [tffm] epoch 08/50: train_loss=0.7230 val_auc=0.9259 best=0.9322 patience=1/10
    [tffm] epoch 09/50: train_loss=0.7602 val_auc=0.9411 best=0.9411 patience=0/10 *
    [tffm] epoch 10/50: train_loss=0.8245 val_auc=0.9370 best=0.9411 patience=1/10
    [tffm] epoch 11/50: train_loss=0.7110 val_auc=0.9378 best=0.9411 patience=2/10
    [tffm] epoch 12/50: train_loss=0.7142 val_auc=0.9335 best=0.9411 patience=3/10
    [tffm] epoch 13/50: train_loss=0.6960 val_auc=0.9349 best=0.9411 patience=4/10
    [tffm] epoch 14/50: train_loss=0.7087 val_auc=0.9356 best=0.9411 patience=5/10
    [tffm] epoch 15/50: train_loss=0.6909 val_auc=0.9398 best=0.9411 patience=6/10
    [tffm] epoch 16/50: train_loss=0.6571 val_auc=0.9390 best=0.9411 patience=7/10
    [tffm] epoch 17/50: train_loss=0.6544 val_auc=0.9164 best=0.9411 patience=8/10
    [tffm] epoch 18/50: train_loss=0.6962 val_auc=0.9476 best=0.9476 patience=0/10 *
    [tffm] epoch 19/50: train_loss=0.6538 val_auc=0.9429 best=0.9476 patience=1/10
    [tffm] epoch 20/50: train_loss=0.6373 val_auc=0.9427 best=0.9476 patience=2/10
    [tffm] epoch 21/50: train_loss=0.6686 val_auc=0.9442 best=0.9476 patience=3/10
    [tffm] epoch 22/50: train_loss=0.6245 val_auc=0.9448 best=0.9476 patience=4/10
    [tffm] epoch 23/50: train_loss=0.6773 val_auc=0.9425 best=0.9476 patience=5/10
    [tffm] epoch 24/50: train_loss=0.6505 val_auc=0.9508 best=0.9508 patience=0/10 *
    [tffm] epoch 25/50: train_loss=0.7362 val_auc=0.9547 best=0.9547 patience=0/10 *
    [tffm] epoch 26/50: train_loss=0.6290 val_auc=0.9474 best=0.9547 patience=1/10
    [tffm] epoch 27/50: train_loss=0.6384 val_auc=0.9348 best=0.9547 patience=2/10
    [tffm] epoch 28/50: train_loss=0.6338 val_auc=0.9486 best=0.9547 patience=3/10
    [tffm] epoch 29/50: train_loss=0.5978 val_auc=0.9508 best=0.9547 patience=4/10
    [tffm] epoch 30/50: train_loss=0.6822 val_auc=0.9450 best=0.9547 patience=5/10
    [tffm] epoch 31/50: train_loss=0.6074 val_auc=0.9414 best=0.9547 patience=6/10
    [tffm] epoch 32/50: train_loss=0.6441 val_auc=0.9504 best=0.9547 patience=7/10
    [tffm] epoch 33/50: train_loss=0.7197 val_auc=0.9509 best=0.9547 patience=8/10
    [tffm] epoch 34/50: train_loss=0.6097 val_auc=0.9389 best=0.9547 patience=9/10
    [tffm] epoch 35/50: train_loss=0.5968 val_auc=0.9496 best=0.9547 patience=10/10
    [tffm] early stop at epoch 35
  [tffm] fold 19/100: AUC=0.9547
    [tffm] epoch 01/50: train_loss=1.1916 val_auc=0.8734 best=0.8734 patience=0/10 *
    [tffm] epoch 02/50: train_loss=0.9591 val_auc=0.8847 best=0.8847 patience=0/10 *
    [tffm] epoch 03/50: train_loss=0.8074 val_auc=0.8941 best=0.8941 patience=0/10 *
    [tffm] epoch 04/50: train_loss=0.8252 val_auc=0.9034 best=0.9034 patience=0/10 *
    [tffm] epoch 05/50: train_loss=0.9243 val_auc=0.9271 best=0.9271 patience=0/10 *
    [tffm] epoch 06/50: train_loss=0.7785 val_auc=0.9449 best=0.9449 patience=0/10 *
    [tffm] epoch 07/50: train_loss=0.8706 val_auc=0.9389 best=0.9449 patience=1/10
    [tffm] epoch 08/50: train_loss=0.8234 val_auc=0.9478 best=0.9478 patience=0/10 *
    [tffm] epoch 09/50: train_loss=0.7594 val_auc=0.9479 best=0.9479 patience=0/10 *
    [tffm] epoch 10/50: train_loss=0.7819 val_auc=0.9529 best=0.9529 patience=0/10 *
    [tffm] epoch 11/50: train_loss=0.7435 val_auc=0.9545 best=0.9545 patience=0/10 *
    [tffm] epoch 12/50: train_loss=0.7319 val_auc=0.9571 best=0.9571 patience=0/10 *
    [tffm] epoch 13/50: train_loss=0.7499 val_auc=0.9581 best=0.9581 patience=0/10 *
    [tffm] epoch 14/50: train_loss=0.7371 val_auc=0.9615 best=0.9615 patience=0/10 *
    [tffm] epoch 15/50: train_loss=0.6863 val_auc=0.9618 best=0.9618 patience=0/10 *
    [tffm] epoch 16/50: train_loss=0.7073 val_auc=0.9627 best=0.9627 patience=0/10 *
    [tffm] epoch 17/50: train_loss=0.7027 val_auc=0.9647 best=0.9647 patience=0/10 *
    [tffm] epoch 18/50: train_loss=0.6657 val_auc=0.9653 best=0.9653 patience=0/10 *
    [tffm] epoch 19/50: train_loss=0.6373 val_auc=0.9639 best=0.9653 patience=1/10
    [tffm] epoch 20/50: train_loss=0.6613 val_auc=0.9627 best=0.9653 patience=2/10
    [tffm] epoch 21/50: train_loss=0.7355 val_auc=0.9597 best=0.9653 patience=3/10
    [tffm] epoch 22/50: train_loss=0.6721 val_auc=0.9575 best=0.9653 patience=4/10
    [tffm] epoch 23/50: train_loss=0.6364 val_auc=0.9564 best=0.9653 patience=5/10
    [tffm] epoch 24/50: train_loss=0.6203 val_auc=0.9537 best=0.9653 patience=6/10
    [tffm] epoch 25/50: train_loss=0.6837 val_auc=0.9551 best=0.9653 patience=7/10
    [tffm] epoch 26/50: train_loss=0.6468 val_auc=0.9546 best=0.9653 patience=8/10
    [tffm] epoch 27/50: train_loss=0.7326 val_auc=0.9469 best=0.9653 patience=9/10
    [tffm] epoch 28/50: train_loss=0.5991 val_auc=0.9513 best=0.9653 patience=10/10
    [tffm] early stop at epoch 28
  [tffm] fold 20/100: AUC=0.9653
    [tffm] epoch 01/50: train_loss=1.0661 val_auc=0.7937 best=0.7937 patience=0/10 *
    [tffm] epoch 02/50: train_loss=0.8380 val_auc=0.8039 best=0.8039 patience=0/10 *
    [tffm] epoch 03/50: train_loss=0.7510 val_auc=0.8082 best=0.8082 patience=0/10 *
    [tffm] epoch 04/50: train_loss=0.7189 val_auc=0.8210 best=0.8210 patience=0/10 *
    [tffm] epoch 05/50: train_loss=0.7207 val_auc=0.8181 best=0.8210 patience=1/10
    [tffm] epoch 06/50: train_loss=0.6962 val_auc=0.8272 best=0.8272 patience=0/10 *
    [tffm] epoch 07/50: train_loss=0.7440 val_auc=0.8363 best=0.8363 patience=0/10 *
    [tffm] epoch 08/50: train_loss=0.6918 val_auc=0.8408 best=0.8408 patience=0/10 *
    [tffm] epoch 09/50: train_loss=0.6715 val_auc=0.8432 best=0.8432 patience=0/10 *
    [tffm] epoch 10/50: train_loss=0.6465 val_auc=0.8428 best=0.8432 patience=1/10
    [tffm] epoch 11/50: train_loss=0.6077 val_auc=0.8517 best=0.8517 patience=0/10 *
    [tffm] epoch 12/50: train_loss=0.6204 val_auc=0.8549 best=0.8549 patience=0/10 *
    [tffm] epoch 13/50: train_loss=0.6165 val_auc=0.8585 best=0.8585 patience=0/10 *
    [tffm] epoch 14/50: train_loss=0.5876 val_auc=0.8591 best=0.8591 patience=0/10 *
    [tffm] epoch 15/50: train_loss=0.6866 val_auc=0.8645 best=0.8645 patience=0/10 *
    [tffm] epoch 16/50: train_loss=0.5601 val_auc=0.8561 best=0.8645 patience=1/10
    [tffm] epoch 17/50: train_loss=0.5718 val_auc=0.8317 best=0.8645 patience=2/10
    [tffm] epoch 18/50: train_loss=0.5462 val_auc=0.8611 best=0.8645 patience=3/10
    [tffm] epoch 19/50: train_loss=0.5216 val_auc=0.7916 best=0.8645 patience=4/10
    [tffm] epoch 20/50: train_loss=0.5386 val_auc=0.8610 best=0.8645 patience=5/10
    [tffm] epoch 21/50: train_loss=0.5448 val_auc=0.7732 best=0.8645 patience=6/10
    [tffm] epoch 22/50: train_loss=0.5425 val_auc=0.8682 best=0.8682 patience=0/10 *
    [tffm] epoch 23/50: train_loss=0.6115 val_auc=0.7941 best=0.8682 patience=1/10
    [tffm] epoch 24/50: train_loss=0.5995 val_auc=0.8427 best=0.8682 patience=2/10
    [tffm] epoch 25/50: train_loss=0.5753 val_auc=0.8165 best=0.8682 patience=3/10
    [tffm] epoch 26/50: train_loss=0.4887 val_auc=0.8273 best=0.8682 patience=4/10
    [tffm] epoch 27/50: train_loss=0.5873 val_auc=0.7567 best=0.8682 patience=5/10
    [tffm] epoch 28/50: train_loss=0.5050 val_auc=0.8057 best=0.8682 patience=6/10
    [tffm] epoch 29/50: train_loss=0.5328 val_auc=0.8156 best=0.8682 patience=7/10
    [tffm] epoch 30/50: train_loss=0.4959 val_auc=0.7351 best=0.8682 patience=8/10
    [tffm] epoch 31/50: train_loss=0.4770 val_auc=0.7233 best=0.8682 patience=9/10
    [tffm] epoch 32/50: train_loss=0.4665 val_auc=0.7327 best=0.8682 patience=10/10
    [tffm] early stop at epoch 32
  [tffm] fold 21/100: AUC=0.8682
    [tffm] epoch 01/50: train_loss=1.1817 val_auc=0.8619 best=0.8619 patience=0/10 *
    [tffm] epoch 02/50: train_loss=0.9079 val_auc=0.8798 best=0.8798 patience=0/10 *
    [tffm] epoch 03/50: train_loss=0.8075 val_auc=0.8914 best=0.8914 patience=0/10 *
    [tffm] epoch 04/50: train_loss=0.7731 val_auc=0.9046 best=0.9046 patience=0/10 *
    [tffm] epoch 05/50: train_loss=0.7669 val_auc=0.9054 best=0.9054 patience=0/10 *
    [tffm] epoch 06/50: train_loss=0.8612 val_auc=0.9075 best=0.9075 patience=0/10 *
    [tffm] epoch 07/50: train_loss=0.7056 val_auc=0.9056 best=0.9075 patience=1/10
    [tffm] epoch 08/50: train_loss=0.7439 val_auc=0.9117 best=0.9117 patience=0/10 *
    [tffm] epoch 09/50: train_loss=0.7946 val_auc=0.9066 best=0.9117 patience=1/10
    [tffm] epoch 10/50: train_loss=0.7300 val_auc=0.9055 best=0.9117 patience=2/10
    [tffm] epoch 11/50: train_loss=0.6643 val_auc=0.9021 best=0.9117 patience=3/10
    [tffm] epoch 12/50: train_loss=0.6641 val_auc=0.9091 best=0.9117 patience=4/10
    [tffm] epoch 13/50: train_loss=0.6892 val_auc=0.9092 best=0.9117 patience=5/10
    [tffm] epoch 14/50: train_loss=0.7103 val_auc=0.9166 best=0.9166 patience=0/10 *
    [tffm] epoch 15/50: train_loss=0.6979 val_auc=0.9097 best=0.9166 patience=1/10
    [tffm] epoch 16/50: train_loss=0.7608 val_auc=0.9185 best=0.9185 patience=0/10 *
    [tffm] epoch 17/50: train_loss=0.6363 val_auc=0.8854 best=0.9185 patience=1/10
    [tffm] epoch 18/50: train_loss=0.7180 val_auc=0.9183 best=0.9185 patience=2/10
    [tffm] epoch 19/50: train_loss=0.6443 val_auc=0.9106 best=0.9185 patience=3/10
    [tffm] epoch 20/50: train_loss=0.6603 val_auc=0.9220 best=0.9220 patience=0/10 *
    [tffm] epoch 21/50: train_loss=0.6311 val_auc=0.9215 best=0.9220 patience=1/10
    [tffm] epoch 22/50: train_loss=0.6513 val_auc=0.9180 best=0.9220 patience=2/10
    [tffm] epoch 23/50: train_loss=0.5886 val_auc=0.9160 best=0.9220 patience=3/10
    [tffm] epoch 24/50: train_loss=0.6284 val_auc=0.9222 best=0.9222 patience=0/10 *
    [tffm] epoch 25/50: train_loss=0.6487 val_auc=0.9193 best=0.9222 patience=1/10
    [tffm] epoch 26/50: train_loss=0.6061 val_auc=0.9205 best=0.9222 patience=2/10
    [tffm] epoch 27/50: train_loss=0.5642 val_auc=0.9121 best=0.9222 patience=3/10
    [tffm] epoch 28/50: train_loss=0.5735 val_auc=0.9200 best=0.9222 patience=4/10
    [tffm] epoch 29/50: train_loss=0.5740 val_auc=0.9059 best=0.9222 patience=5/10
    [tffm] epoch 30/50: train_loss=0.5800 val_auc=0.9036 best=0.9222 patience=6/10
    [tffm] epoch 31/50: train_loss=0.5556 val_auc=0.9127 best=0.9222 patience=7/10
    [tffm] epoch 32/50: train_loss=0.6120 val_auc=0.9136 best=0.9222 patience=8/10
    [tffm] epoch 33/50: train_loss=0.5677 val_auc=0.9073 best=0.9222 patience=9/10
    [tffm] epoch 34/50: train_loss=0.5874 val_auc=0.9121 best=0.9222 patience=10/10
    [tffm] early stop at epoch 34
  [tffm] fold 22/100: AUC=0.9222
    [tffm] epoch 01/50: train_loss=1.1556 val_auc=0.9026 best=0.9026 patience=0/10 *
    [tffm] epoch 02/50: train_loss=0.9903 val_auc=0.9031 best=0.9031 patience=0/10 *
    [tffm] epoch 03/50: train_loss=0.8147 val_auc=0.9064 best=0.9064 patience=0/10 *
    [tffm] epoch 04/50: train_loss=0.7889 val_auc=0.9104 best=0.9104 patience=0/10 *
    [tffm] epoch 05/50: train_loss=0.8237 val_auc=0.9169 best=0.9169 patience=0/10 *
    [tffm] epoch 06/50: train_loss=0.7870 val_auc=0.9236 best=0.9236 patience=0/10 *
    [tffm] epoch 07/50: train_loss=0.7296 val_auc=0.9286 best=0.9286 patience=0/10 *
    [tffm] epoch 08/50: train_loss=0.7505 val_auc=0.9318 best=0.9318 patience=0/10 *
    [tffm] epoch 09/50: train_loss=0.7337 val_auc=0.9363 best=0.9363 patience=0/10 *
    [tffm] epoch 10/50: train_loss=0.7102 val_auc=0.9344 best=0.9363 patience=1/10
    [tffm] epoch 11/50: train_loss=0.7477 val_auc=0.9353 best=0.9363 patience=2/10
    [tffm] epoch 12/50: train_loss=0.7109 val_auc=0.9380 best=0.9380 patience=0/10 *
    [tffm] epoch 13/50: train_loss=0.6810 val_auc=0.9353 best=0.9380 patience=1/10
    [tffm] epoch 14/50: train_loss=0.6972 val_auc=0.9367 best=0.9380 patience=2/10
    [tffm] epoch 15/50: train_loss=0.6701 val_auc=0.9365 best=0.9380 patience=3/10
    [tffm] epoch 16/50: train_loss=0.6526 val_auc=0.9359 best=0.9380 patience=4/10
    [tffm] epoch 17/50: train_loss=0.6547 val_auc=0.9370 best=0.9380 patience=5/10
    [tffm] epoch 18/50: train_loss=0.6650 val_auc=0.9364 best=0.9380 patience=6/10
    [tffm] epoch 19/50: train_loss=0.7338 val_auc=0.9327 best=0.9380 patience=7/10
    [tffm] epoch 20/50: train_loss=0.7192 val_auc=0.9277 best=0.9380 patience=8/10
    [tffm] epoch 21/50: train_loss=0.6570 val_auc=0.9267 best=0.9380 patience=9/10
    [tffm] epoch 22/50: train_loss=0.6750 val_auc=0.9377 best=0.9380 patience=10/10
    [tffm] early stop at epoch 22
  [tffm] fold 23/100: AUC=0.9380
    [tffm] epoch 01/50: train_loss=1.1629 val_auc=0.8622 best=0.8622 patience=0/10 *
    [tffm] epoch 02/50: train_loss=0.9150 val_auc=0.8643 best=0.8643 patience=0/10 *
    [tffm] epoch 03/50: train_loss=0.7979 val_auc=0.8648 best=0.8648 patience=0/10 *
    [tffm] epoch 04/50: train_loss=0.7623 val_auc=0.8707 best=0.8707 patience=0/10 *
    [tffm] epoch 05/50: train_loss=0.7294 val_auc=0.8777 best=0.8777 patience=0/10 *
    [tffm] epoch 06/50: train_loss=0.7878 val_auc=0.8846 best=0.8846 patience=0/10 *
    [tffm] epoch 07/50: train_loss=0.7804 val_auc=0.8869 best=0.8869 patience=0/10 *
    [tffm] epoch 08/50: train_loss=0.7288 val_auc=0.8525 best=0.8869 patience=1/10
    [tffm] epoch 09/50: train_loss=0.7581 val_auc=0.8831 best=0.8869 patience=2/10
    [tffm] epoch 10/50: train_loss=0.8611 val_auc=0.8685 best=0.8869 patience=3/10
    [tffm] epoch 11/50: train_loss=0.7088 val_auc=0.8685 best=0.8869 patience=4/10
    [tffm] epoch 12/50: train_loss=0.7023 val_auc=0.8931 best=0.8931 patience=0/10 *
    [tffm] epoch 13/50: train_loss=0.7134 val_auc=0.8848 best=0.8931 patience=1/10
    [tffm] epoch 14/50: train_loss=0.7216 val_auc=0.8864 best=0.8931 patience=2/10
    [tffm] epoch 15/50: train_loss=0.6904 val_auc=0.8740 best=0.8931 patience=3/10
    [tffm] epoch 16/50: train_loss=0.6597 val_auc=0.8619 best=0.8931 patience=4/10
    [tffm] epoch 17/50: train_loss=0.6412 val_auc=0.8695 best=0.8931 patience=5/10
    [tffm] epoch 18/50: train_loss=0.6787 val_auc=0.8780 best=0.8931 patience=6/10
    [tffm] epoch 19/50: train_loss=0.6263 val_auc=0.8789 best=0.8931 patience=7/10
    [tffm] epoch 20/50: train_loss=0.7213 val_auc=0.8705 best=0.8931 patience=8/10
    [tffm] epoch 21/50: train_loss=0.6511 val_auc=0.8654 best=0.8931 patience=9/10
    [tffm] epoch 22/50: train_loss=0.5973 val_auc=0.8415 best=0.8931 patience=10/10
    [tffm] early stop at epoch 22
  [tffm] fold 24/100: AUC=0.8931
    [tffm] epoch 01/50: train_loss=1.1551 val_auc=0.8696 best=0.8696 patience=0/10 *
    [tffm] epoch 02/50: train_loss=0.9107 val_auc=0.8753 best=0.8753 patience=0/10 *
    [tffm] epoch 03/50: train_loss=0.8266 val_auc=0.8826 best=0.8826 patience=0/10 *
    [tffm] epoch 04/50: train_loss=0.8358 val_auc=0.8886 best=0.8886 patience=0/10 *
    [tffm] epoch 05/50: train_loss=0.8372 val_auc=0.9007 best=0.9007 patience=0/10 *
    [tffm] epoch 06/50: train_loss=0.7494 val_auc=0.9084 best=0.9084 patience=0/10 *
    [tffm] epoch 07/50: train_loss=0.7781 val_auc=0.9127 best=0.9127 patience=0/10 *
    [tffm] epoch 08/50: train_loss=0.7389 val_auc=0.9170 best=0.9170 patience=0/10 *
    [tffm] epoch 09/50: train_loss=0.7127 val_auc=0.9207 best=0.9207 patience=0/10 *
    [tffm] epoch 10/50: train_loss=0.7144 val_auc=0.9259 best=0.9259 patience=0/10 *
    [tffm] epoch 11/50: train_loss=0.7323 val_auc=0.9225 best=0.9259 patience=1/10
    [tffm] epoch 12/50: train_loss=0.6914 val_auc=0.9255 best=0.9259 patience=2/10
    [tffm] epoch 13/50: train_loss=0.7127 val_auc=0.9279 best=0.9279 patience=0/10 *
    [tffm] epoch 14/50: train_loss=0.6499 val_auc=0.9340 best=0.9340 patience=0/10 *
    [tffm] epoch 15/50: train_loss=0.7367 val_auc=0.9359 best=0.9359 patience=0/10 *
    [tffm] epoch 16/50: train_loss=0.7021 val_auc=0.9357 best=0.9359 patience=1/10
    [tffm] epoch 17/50: train_loss=0.6455 val_auc=0.9360 best=0.9360 patience=0/10 *
    [tffm] epoch 18/50: train_loss=0.6139 val_auc=0.9386 best=0.9386 patience=0/10 *
    [tffm] epoch 19/50: train_loss=0.7514 val_auc=0.9334 best=0.9386 patience=1/10
    [tffm] epoch 20/50: train_loss=0.5994 val_auc=0.9380 best=0.9386 patience=2/10
    [tffm] epoch 21/50: train_loss=0.6075 val_auc=0.9394 best=0.9394 patience=0/10 *
    [tffm] epoch 22/50: train_loss=0.5896 val_auc=0.9329 best=0.9394 patience=1/10
    [tffm] epoch 23/50: train_loss=0.5965 val_auc=0.9384 best=0.9394 patience=2/10
    [tffm] epoch 24/50: train_loss=0.5750 val_auc=0.9414 best=0.9414 patience=0/10 *
    [tffm] epoch 25/50: train_loss=0.5834 val_auc=0.9453 best=0.9453 patience=0/10 *
    [tffm] epoch 26/50: train_loss=0.7688 val_auc=0.9187 best=0.9453 patience=1/10
    [tffm] epoch 27/50: train_loss=0.5886 val_auc=0.9361 best=0.9453 patience=2/10
    [tffm] epoch 28/50: train_loss=0.6466 val_auc=0.9469 best=0.9469 patience=0/10 *
    [tffm] epoch 29/50: train_loss=0.6026 val_auc=0.9415 best=0.9469 patience=1/10
    [tffm] epoch 30/50: train_loss=0.5589 val_auc=0.9215 best=0.9469 patience=2/10
    [tffm] epoch 31/50: train_loss=0.5720 val_auc=0.9372 best=0.9469 patience=3/10
    [tffm] epoch 32/50: train_loss=0.5868 val_auc=0.9372 best=0.9469 patience=4/10
    [tffm] epoch 33/50: train_loss=0.5381 val_auc=0.9086 best=0.9469 patience=5/10
    [tffm] epoch 34/50: train_loss=0.6065 val_auc=0.9332 best=0.9469 patience=6/10
    [tffm] epoch 35/50: train_loss=0.6457 val_auc=0.9203 best=0.9469 patience=7/10
    [tffm] epoch 36/50: train_loss=0.6275 val_auc=0.9312 best=0.9469 patience=8/10
    [tffm] epoch 37/50: train_loss=0.6279 val_auc=0.8486 best=0.9469 patience=9/10
    [tffm] epoch 38/50: train_loss=0.5625 val_auc=0.9381 best=0.9469 patience=10/10
    [tffm] early stop at epoch 38
  [tffm] fold 25/100: AUC=0.9469
    [tffm] epoch 01/50: train_loss=1.0574 val_auc=0.8878 best=0.8878 patience=0/10 *
    [tffm] epoch 02/50: train_loss=0.8565 val_auc=0.8781 best=0.8878 patience=1/10
    [tffm] epoch 03/50: train_loss=0.8000 val_auc=0.8844 best=0.8878 patience=2/10
    [tffm] epoch 04/50: train_loss=0.8268 val_auc=0.8999 best=0.8999 patience=0/10 *
    [tffm] epoch 05/50: train_loss=0.7641 val_auc=0.9208 best=0.9208 patience=0/10 *
    [tffm] epoch 06/50: train_loss=0.7376 val_auc=0.9220 best=0.9220 patience=0/10 *
    [tffm] epoch 07/50: train_loss=0.7979 val_auc=0.9287 best=0.9287 patience=0/10 *
    [tffm] epoch 08/50: train_loss=0.7571 val_auc=0.9278 best=0.9287 patience=1/10
    [tffm] epoch 09/50: train_loss=0.8280 val_auc=0.9307 best=0.9307 patience=0/10 *
    [tffm] epoch 10/50: train_loss=0.7468 val_auc=0.9195 best=0.9307 patience=1/10
    [tffm] epoch 11/50: train_loss=0.7872 val_auc=0.9368 best=0.9368 patience=0/10 *
    [tffm] epoch 12/50: train_loss=0.7400 val_auc=0.9286 best=0.9368 patience=1/10
    [tffm] epoch 13/50: train_loss=0.7275 val_auc=0.9363 best=0.9368 patience=2/10
    [tffm] epoch 14/50: train_loss=0.7001 val_auc=0.9342 best=0.9368 patience=3/10
    [tffm] epoch 15/50: train_loss=0.6839 val_auc=0.9359 best=0.9368 patience=4/10
    [tffm] epoch 16/50: train_loss=0.6835 val_auc=0.9387 best=0.9387 patience=0/10 *
    [tffm] epoch 17/50: train_loss=0.6892 val_auc=0.9338 best=0.9387 patience=1/10
    [tffm] epoch 18/50: train_loss=0.6981 val_auc=0.9377 best=0.9387 patience=2/10
    [tffm] epoch 19/50: train_loss=0.7518 val_auc=0.9266 best=0.9387 patience=3/10
    [tffm] epoch 20/50: train_loss=0.7081 val_auc=0.9397 best=0.9397 patience=0/10 *
    [tffm] epoch 21/50: train_loss=0.6413 val_auc=0.9356 best=0.9397 patience=1/10
    [tffm] epoch 22/50: train_loss=0.5928 val_auc=0.9417 best=0.9417 patience=0/10 *
    [tffm] epoch 23/50: train_loss=0.6976 val_auc=0.9365 best=0.9417 patience=1/10
    [tffm] epoch 24/50: train_loss=0.6437 val_auc=0.9394 best=0.9417 patience=2/10
    [tffm] epoch 25/50: train_loss=0.6489 val_auc=0.9392 best=0.9417 patience=3/10
    [tffm] epoch 26/50: train_loss=0.6046 val_auc=0.9314 best=0.9417 patience=4/10
    [tffm] epoch 27/50: train_loss=0.5789 val_auc=0.9252 best=0.9417 patience=5/10
    [tffm] epoch 28/50: train_loss=0.5808 val_auc=0.9304 best=0.9417 patience=6/10
    [tffm] epoch 29/50: train_loss=0.6984 val_auc=0.9279 best=0.9417 patience=7/10
    [tffm] epoch 30/50: train_loss=0.5630 val_auc=0.9302 best=0.9417 patience=8/10
    [tffm] epoch 31/50: train_loss=0.6508 val_auc=0.9313 best=0.9417 patience=9/10
    [tffm] epoch 32/50: train_loss=0.5994 val_auc=0.9291 best=0.9417 patience=10/10
    [tffm] early stop at epoch 32
  [tffm] fold 26/100: AUC=0.9417
    [tffm] epoch 01/50: train_loss=1.1043 val_auc=0.8892 best=0.8892 patience=0/10 *
    [tffm] epoch 02/50: train_loss=0.9638 val_auc=0.8934 best=0.8934 patience=0/10 *
    [tffm] epoch 03/50: train_loss=0.7913 val_auc=0.8999 best=0.8999 patience=0/10 *
    [tffm] epoch 04/50: train_loss=0.8500 val_auc=0.8998 best=0.8999 patience=1/10
    [tffm] epoch 05/50: train_loss=0.7932 val_auc=0.8988 best=0.8999 patience=2/10
    [tffm] epoch 06/50: train_loss=0.7522 val_auc=0.9099 best=0.9099 patience=0/10 *
    [tffm] epoch 07/50: train_loss=0.7657 val_auc=0.8993 best=0.9099 patience=1/10
    [tffm] epoch 08/50: train_loss=0.7550 val_auc=0.9039 best=0.9099 patience=2/10
    [tffm] epoch 09/50: train_loss=0.7175 val_auc=0.9134 best=0.9134 patience=0/10 *
    [tffm] epoch 10/50: train_loss=0.7481 val_auc=0.9102 best=0.9134 patience=1/10
    [tffm] epoch 11/50: train_loss=0.6836 val_auc=0.9176 best=0.9176 patience=0/10 *
    [tffm] epoch 12/50: train_loss=0.7347 val_auc=0.9192 best=0.9192 patience=0/10 *
    [tffm] epoch 13/50: train_loss=0.7433 val_auc=0.9201 best=0.9201 patience=0/10 *
    [tffm] epoch 14/50: train_loss=0.7282 val_auc=0.9213 best=0.9213 patience=0/10 *
    [tffm] epoch 15/50: train_loss=0.6615 val_auc=0.9207 best=0.9213 patience=1/10
    [tffm] epoch 16/50: train_loss=0.6345 val_auc=0.9252 best=0.9252 patience=0/10 *
    [tffm] epoch 17/50: train_loss=0.6949 val_auc=0.9196 best=0.9252 patience=1/10
    [tffm] epoch 18/50: train_loss=0.7647 val_auc=0.9231 best=0.9252 patience=2/10
    [tffm] epoch 19/50: train_loss=0.6100 val_auc=0.9180 best=0.9252 patience=3/10
    [tffm] epoch 20/50: train_loss=0.6652 val_auc=0.9235 best=0.9252 patience=4/10
    [tffm] epoch 21/50: train_loss=0.6675 val_auc=0.9126 best=0.9252 patience=5/10
    [tffm] epoch 22/50: train_loss=0.6144 val_auc=0.9175 best=0.9252 patience=6/10
    [tffm] epoch 23/50: train_loss=0.5964 val_auc=0.9208 best=0.9252 patience=7/10
    [tffm] epoch 24/50: train_loss=0.6396 val_auc=0.9265 best=0.9265 patience=0/10 *
    [tffm] epoch 25/50: train_loss=0.6162 val_auc=0.9235 best=0.9265 patience=1/10
    [tffm] epoch 26/50: train_loss=0.6154 val_auc=0.9136 best=0.9265 patience=2/10
    [tffm] epoch 27/50: train_loss=0.7067 val_auc=0.9220 best=0.9265 patience=3/10
    [tffm] epoch 28/50: train_loss=0.6096 val_auc=0.9267 best=0.9267 patience=0/10 *
    [tffm] epoch 29/50: train_loss=0.5386 val_auc=0.9092 best=0.9267 patience=1/10
    [tffm] epoch 30/50: train_loss=0.5673 val_auc=0.9066 best=0.9267 patience=2/10
    [tffm] epoch 31/50: train_loss=0.5603 val_auc=0.9141 best=0.9267 patience=3/10
    [tffm] epoch 32/50: train_loss=0.5409 val_auc=0.9170 best=0.9267 patience=4/10
    [tffm] epoch 33/50: train_loss=0.5847 val_auc=0.9216 best=0.9267 patience=5/10
    [tffm] epoch 34/50: train_loss=0.5207 val_auc=0.8752 best=0.9267 patience=6/10
    [tffm] epoch 35/50: train_loss=0.5857 val_auc=0.9084 best=0.9267 patience=7/10
    [tffm] epoch 36/50: train_loss=0.6040 val_auc=0.8585 best=0.9267 patience=8/10
    [tffm] epoch 37/50: train_loss=0.6256 val_auc=0.9167 best=0.9267 patience=9/10
    [tffm] epoch 38/50: train_loss=0.5667 val_auc=0.8741 best=0.9267 patience=10/10
    [tffm] early stop at epoch 38
  [tffm] fold 27/100: AUC=0.9267
    [tffm] epoch 01/50: train_loss=1.1006 val_auc=0.8327 best=0.8327 patience=0/10 *
    [tffm] epoch 02/50: train_loss=0.8722 val_auc=0.8480 best=0.8480 patience=0/10 *
    [tffm] epoch 03/50: train_loss=0.7527 val_auc=0.8760 best=0.8760 patience=0/10 *
    [tffm] epoch 04/50: train_loss=0.7352 val_auc=0.8868 best=0.8868 patience=0/10 *
    [tffm] epoch 05/50: train_loss=0.7227 val_auc=0.8902 best=0.8902 patience=0/10 *
    [tffm] epoch 06/50: train_loss=0.7184 val_auc=0.8997 best=0.8997 patience=0/10 *
    [tffm] epoch 07/50: train_loss=0.6901 val_auc=0.9055 best=0.9055 patience=0/10 *
    [tffm] epoch 08/50: train_loss=0.6833 val_auc=0.8985 best=0.9055 patience=1/10
    [tffm] epoch 09/50: train_loss=0.7100 val_auc=0.9151 best=0.9151 patience=0/10 *
    [tffm] epoch 10/50: train_loss=0.6862 val_auc=0.9008 best=0.9151 patience=1/10
    [tffm] epoch 11/50: train_loss=0.6566 val_auc=0.9110 best=0.9151 patience=2/10
    [tffm] epoch 12/50: train_loss=0.6026 val_auc=0.9054 best=0.9151 patience=3/10
    [tffm] epoch 13/50: train_loss=0.6388 val_auc=0.9024 best=0.9151 patience=4/10
    [tffm] epoch 14/50: train_loss=0.5881 val_auc=0.9105 best=0.9151 patience=5/10
    [tffm] epoch 15/50: train_loss=0.6501 val_auc=0.9058 best=0.9151 patience=6/10
    [tffm] epoch 16/50: train_loss=0.6765 val_auc=0.9235 best=0.9235 patience=0/10 *
    [tffm] epoch 17/50: train_loss=0.7854 val_auc=0.9117 best=0.9235 patience=1/10
    [tffm] epoch 18/50: train_loss=0.6740 val_auc=0.9232 best=0.9235 patience=2/10
    [tffm] epoch 19/50: train_loss=0.6334 val_auc=0.9251 best=0.9251 patience=0/10 *
    [tffm] epoch 20/50: train_loss=0.6440 val_auc=0.9176 best=0.9251 patience=1/10
    [tffm] epoch 21/50: train_loss=0.5814 val_auc=0.9268 best=0.9268 patience=0/10 *
    [tffm] epoch 22/50: train_loss=0.6568 val_auc=0.9169 best=0.9268 patience=1/10
    [tffm] epoch 23/50: train_loss=0.6071 val_auc=0.9157 best=0.9268 patience=2/10
    [tffm] epoch 24/50: train_loss=0.5522 val_auc=0.9263 best=0.9268 patience=3/10
    [tffm] epoch 25/50: train_loss=0.5640 val_auc=0.9225 best=0.9268 patience=4/10
    [tffm] epoch 26/50: train_loss=0.5891 val_auc=0.9311 best=0.9311 patience=0/10 *
    [tffm] epoch 27/50: train_loss=0.7133 val_auc=0.9208 best=0.9311 patience=1/10
    [tffm] epoch 28/50: train_loss=0.5228 val_auc=0.9359 best=0.9359 patience=0/10 *
    [tffm] epoch 29/50: train_loss=0.5732 val_auc=0.9262 best=0.9359 patience=1/10
    [tffm] epoch 30/50: train_loss=0.5031 val_auc=0.9236 best=0.9359 patience=2/10
    [tffm] epoch 31/50: train_loss=0.5423 val_auc=0.9338 best=0.9359 patience=3/10
    [tffm] epoch 32/50: train_loss=0.6051 val_auc=0.9286 best=0.9359 patience=4/10
    [tffm] epoch 33/50: train_loss=0.5670 val_auc=0.9231 best=0.9359 patience=5/10
    [tffm] epoch 34/50: train_loss=0.5459 val_auc=0.9247 best=0.9359 patience=6/10
    [tffm] epoch 35/50: train_loss=0.5632 val_auc=0.9210 best=0.9359 patience=7/10
    [tffm] epoch 36/50: train_loss=0.5190 val_auc=0.9155 best=0.9359 patience=8/10
    [tffm] epoch 37/50: train_loss=0.5014 val_auc=0.9110 best=0.9359 patience=9/10
    [tffm] epoch 38/50: train_loss=0.5134 val_auc=0.9063 best=0.9359 patience=10/10
    [tffm] early stop at epoch 38
  [tffm] fold 28/100: AUC=0.9359
    [tffm] epoch 01/50: train_loss=1.1995 val_auc=0.8699 best=0.8699 patience=0/10 *
    [tffm] epoch 02/50: train_loss=0.9309 val_auc=0.8932 best=0.8932 patience=0/10 *
    [tffm] epoch 03/50: train_loss=0.8182 val_auc=0.9008 best=0.9008 patience=0/10 *
    [tffm] epoch 04/50: train_loss=0.8911 val_auc=0.9067 best=0.9067 patience=0/10 *
    [tffm] epoch 05/50: train_loss=0.7962 val_auc=0.9140 best=0.9140 patience=0/10 *
    [tffm] epoch 06/50: train_loss=0.7859 val_auc=0.9154 best=0.9154 patience=0/10 *
    [tffm] epoch 07/50: train_loss=0.7658 val_auc=0.9136 best=0.9154 patience=1/10
    [tffm] epoch 08/50: train_loss=0.7282 val_auc=0.9151 best=0.9154 patience=2/10
    [tffm] epoch 09/50: train_loss=0.7074 val_auc=0.9162 best=0.9162 patience=0/10 *
    [tffm] epoch 10/50: train_loss=0.7765 val_auc=0.9158 best=0.9162 patience=1/10
    [tffm] epoch 11/50: train_loss=0.6942 val_auc=0.9110 best=0.9162 patience=2/10
    [tffm] epoch 12/50: train_loss=0.6939 val_auc=0.9033 best=0.9162 patience=3/10
    [tffm] epoch 13/50: train_loss=0.6890 val_auc=0.9213 best=0.9213 patience=0/10 *
    [tffm] epoch 14/50: train_loss=0.7497 val_auc=0.9147 best=0.9213 patience=1/10
    [tffm] epoch 15/50: train_loss=0.6517 val_auc=0.9075 best=0.9213 patience=2/10
    [tffm] epoch 16/50: train_loss=0.6481 val_auc=0.9136 best=0.9213 patience=3/10
    [tffm] epoch 17/50: train_loss=0.6505 val_auc=0.9119 best=0.9213 patience=4/10
    [tffm] epoch 18/50: train_loss=0.6789 val_auc=0.9131 best=0.9213 patience=5/10
    [tffm] epoch 19/50: train_loss=0.6865 val_auc=0.8938 best=0.9213 patience=6/10
    [tffm] epoch 20/50: train_loss=0.7083 val_auc=0.9144 best=0.9213 patience=7/10
    [tffm] epoch 21/50: train_loss=0.7024 val_auc=0.8949 best=0.9213 patience=8/10
    [tffm] epoch 22/50: train_loss=0.7511 val_auc=0.8853 best=0.9213 patience=9/10
    [tffm] epoch 23/50: train_loss=0.7714 val_auc=0.9096 best=0.9213 patience=10/10
    [tffm] early stop at epoch 23
  [tffm] fold 29/100: AUC=0.9213
    [tffm] epoch 01/50: train_loss=1.1455 val_auc=0.8059 best=0.8059 patience=0/10 *
    [tffm] epoch 02/50: train_loss=0.8949 val_auc=0.8263 best=0.8263 patience=0/10 *
    [tffm] epoch 03/50: train_loss=0.8703 val_auc=0.8293 best=0.8293 patience=0/10 *
    [tffm] epoch 04/50: train_loss=0.8157 val_auc=0.8382 best=0.8382 patience=0/10 *
    [tffm] epoch 05/50: train_loss=0.7213 val_auc=0.8483 best=0.8483 patience=0/10 *
    [tffm] epoch 06/50: train_loss=0.7036 val_auc=0.8611 best=0.8611 patience=0/10 *
    [tffm] epoch 07/50: train_loss=0.6850 val_auc=0.8652 best=0.8652 patience=0/10 *
    [tffm] epoch 08/50: train_loss=0.6820 val_auc=0.8660 best=0.8660 patience=0/10 *
    [tffm] epoch 09/50: train_loss=0.7321 val_auc=0.8666 best=0.8666 patience=0/10 *
    [tffm] epoch 10/50: train_loss=0.6542 val_auc=0.8686 best=0.8686 patience=0/10 *
    [tffm] epoch 11/50: train_loss=0.6432 val_auc=0.8695 best=0.8695 patience=0/10 *
    [tffm] epoch 12/50: train_loss=0.6325 val_auc=0.8721 best=0.8721 patience=0/10 *
    [tffm] epoch 13/50: train_loss=0.6950 val_auc=0.8770 best=0.8770 patience=0/10 *
    [tffm] epoch 14/50: train_loss=0.6743 val_auc=0.8798 best=0.8798 patience=0/10 *
    [tffm] epoch 15/50: train_loss=0.5845 val_auc=0.8829 best=0.8829 patience=0/10 *
    [tffm] epoch 16/50: train_loss=0.6148 val_auc=0.8859 best=0.8859 patience=0/10 *
    [tffm] epoch 17/50: train_loss=0.6123 val_auc=0.8904 best=0.8904 patience=0/10 *
    [tffm] epoch 18/50: train_loss=0.6215 val_auc=0.8889 best=0.8904 patience=1/10
    [tffm] epoch 19/50: train_loss=0.5903 val_auc=0.8863 best=0.8904 patience=2/10
    [tffm] epoch 20/50: train_loss=0.5760 val_auc=0.8885 best=0.8904 patience=3/10
    [tffm] epoch 21/50: train_loss=0.6443 val_auc=0.8891 best=0.8904 patience=4/10
    [tffm] epoch 22/50: train_loss=0.5741 val_auc=0.8911 best=0.8911 patience=0/10 *
    [tffm] epoch 23/50: train_loss=0.5655 val_auc=0.8793 best=0.8911 patience=1/10
    [tffm] epoch 24/50: train_loss=0.5383 val_auc=0.8941 best=0.8941 patience=0/10 *
    [tffm] epoch 25/50: train_loss=0.5682 val_auc=0.8904 best=0.8941 patience=1/10
    [tffm] epoch 26/50: train_loss=0.5824 val_auc=0.8887 best=0.8941 patience=2/10
    [tffm] epoch 27/50: train_loss=0.6258 val_auc=0.8787 best=0.8941 patience=3/10
    [tffm] epoch 28/50: train_loss=0.5431 val_auc=0.8602 best=0.8941 patience=4/10
    [tffm] epoch 29/50: train_loss=0.5803 val_auc=0.8865 best=0.8941 patience=5/10
    [tffm] epoch 30/50: train_loss=0.5850 val_auc=0.8840 best=0.8941 patience=6/10
    [tffm] epoch 31/50: train_loss=0.5353 val_auc=0.8732 best=0.8941 patience=7/10
    [tffm] epoch 32/50: train_loss=0.5306 val_auc=0.8929 best=0.8941 patience=8/10
    [tffm] epoch 33/50: train_loss=0.5226 val_auc=0.8779 best=0.8941 patience=9/10
    [tffm] epoch 34/50: train_loss=0.4827 val_auc=0.8866 best=0.8941 patience=10/10
    [tffm] early stop at epoch 34
  [tffm] fold 30/100: AUC=0.8941
    [tffm] epoch 01/50: train_loss=1.1317 val_auc=0.8763 best=0.8763 patience=0/10 *
    [tffm] epoch 02/50: train_loss=0.8863 val_auc=0.8662 best=0.8763 patience=1/10
    [tffm] epoch 03/50: train_loss=0.8871 val_auc=0.8758 best=0.8763 patience=2/10
    [tffm] epoch 04/50: train_loss=0.8235 val_auc=0.8896 best=0.8896 patience=0/10 *
    [tffm] epoch 05/50: train_loss=0.7703 val_auc=0.8938 best=0.8938 patience=0/10 *
    [tffm] epoch 06/50: train_loss=0.7782 val_auc=0.8927 best=0.8938 patience=1/10
    [tffm] epoch 07/50: train_loss=0.7999 val_auc=0.9060 best=0.9060 patience=0/10 *
    [tffm] epoch 08/50: train_loss=0.7594 val_auc=0.9177 best=0.9177 patience=0/10 *
    [tffm] epoch 09/50: train_loss=0.7697 val_auc=0.8993 best=0.9177 patience=1/10
    [tffm] epoch 10/50: train_loss=0.7708 val_auc=0.9193 best=0.9193 patience=0/10 *
    [tffm] epoch 11/50: train_loss=0.8516 val_auc=0.9177 best=0.9193 patience=1/10
    [tffm] epoch 12/50: train_loss=0.7390 val_auc=0.9129 best=0.9193 patience=2/10
    [tffm] epoch 13/50: train_loss=0.7188 val_auc=0.9218 best=0.9218 patience=0/10 *
    [tffm] epoch 14/50: train_loss=0.7348 val_auc=0.9242 best=0.9242 patience=0/10 *
    [tffm] epoch 15/50: train_loss=0.7791 val_auc=0.9258 best=0.9258 patience=0/10 *
    [tffm] epoch 16/50: train_loss=0.6747 val_auc=0.9223 best=0.9258 patience=1/10
    [tffm] epoch 17/50: train_loss=0.6571 val_auc=0.9256 best=0.9258 patience=2/10
    [tffm] epoch 18/50: train_loss=0.7994 val_auc=0.9183 best=0.9258 patience=3/10
    [tffm] epoch 19/50: train_loss=0.6302 val_auc=0.9213 best=0.9258 patience=4/10
    [tffm] epoch 20/50: train_loss=0.6500 val_auc=0.9215 best=0.9258 patience=5/10
    [tffm] epoch 21/50: train_loss=0.6070 val_auc=0.9170 best=0.9258 patience=6/10
    [tffm] epoch 22/50: train_loss=0.6564 val_auc=0.9242 best=0.9258 patience=7/10
    [tffm] epoch 23/50: train_loss=0.7089 val_auc=0.9130 best=0.9258 patience=8/10
    [tffm] epoch 24/50: train_loss=0.6361 val_auc=0.9064 best=0.9258 patience=9/10
    [tffm] epoch 25/50: train_loss=0.5703 val_auc=0.8982 best=0.9258 patience=10/10
    [tffm] early stop at epoch 25
  [tffm] fold 31/100: AUC=0.9258
    [tffm] epoch 01/50: train_loss=1.2036 val_auc=0.8662 best=0.8662 patience=0/10 *
    [tffm] epoch 02/50: train_loss=0.9015 val_auc=0.8722 best=0.8722 patience=0/10 *
    [tffm] epoch 03/50: train_loss=0.8266 val_auc=0.8752 best=0.8752 patience=0/10 *
    [tffm] epoch 04/50: train_loss=0.7754 val_auc=0.8679 best=0.8752 patience=1/10
    [tffm] epoch 05/50: train_loss=0.7569 val_auc=0.8724 best=0.8752 patience=2/10
    [tffm] epoch 06/50: train_loss=0.7628 val_auc=0.8657 best=0.8752 patience=3/10
    [tffm] epoch 07/50: train_loss=0.7210 val_auc=0.8625 best=0.8752 patience=4/10
    [tffm] epoch 08/50: train_loss=0.7117 val_auc=0.8758 best=0.8758 patience=0/10 *
    [tffm] epoch 09/50: train_loss=0.7463 val_auc=0.8684 best=0.8758 patience=1/10
    [tffm] epoch 10/50: train_loss=0.6641 val_auc=0.8797 best=0.8797 patience=0/10 *
    [tffm] epoch 11/50: train_loss=0.7405 val_auc=0.8725 best=0.8797 patience=1/10
    [tffm] epoch 12/50: train_loss=0.6648 val_auc=0.8800 best=0.8800 patience=0/10 *
    [tffm] epoch 13/50: train_loss=0.6698 val_auc=0.8753 best=0.8800 patience=1/10
    [tffm] epoch 14/50: train_loss=0.6444 val_auc=0.8746 best=0.8800 patience=2/10
    [tffm] epoch 15/50: train_loss=0.6420 val_auc=0.8777 best=0.8800 patience=3/10
    [tffm] epoch 16/50: train_loss=0.6077 val_auc=0.8755 best=0.8800 patience=4/10
    [tffm] epoch 17/50: train_loss=0.7165 val_auc=0.8451 best=0.8800 patience=5/10
    [tffm] epoch 18/50: train_loss=0.6320 val_auc=0.8742 best=0.8800 patience=6/10
    [tffm] epoch 19/50: train_loss=0.7055 val_auc=0.7937 best=0.8800 patience=7/10
    [tffm] epoch 20/50: train_loss=0.7100 val_auc=0.8806 best=0.8806 patience=0/10 *
    [tffm] epoch 21/50: train_loss=0.6792 val_auc=0.8646 best=0.8806 patience=1/10
    [tffm] epoch 22/50: train_loss=0.5881 val_auc=0.8699 best=0.8806 patience=2/10
    [tffm] epoch 23/50: train_loss=0.6359 val_auc=0.8566 best=0.8806 patience=3/10
    [tffm] epoch 24/50: train_loss=0.5545 val_auc=0.8570 best=0.8806 patience=4/10
    [tffm] epoch 25/50: train_loss=0.5454 val_auc=0.8548 best=0.8806 patience=5/10
    [tffm] epoch 26/50: train_loss=0.5739 val_auc=0.8469 best=0.8806 patience=6/10
    [tffm] epoch 27/50: train_loss=0.6767 val_auc=0.8383 best=0.8806 patience=7/10
    [tffm] epoch 28/50: train_loss=0.5829 val_auc=0.8634 best=0.8806 patience=8/10
    [tffm] epoch 29/50: train_loss=0.5420 val_auc=0.8404 best=0.8806 patience=9/10
    [tffm] epoch 30/50: train_loss=0.5118 val_auc=0.8556 best=0.8806 patience=10/10
    [tffm] early stop at epoch 30
  [tffm] fold 32/100: AUC=0.8806
    [tffm] epoch 01/50: train_loss=1.1678 val_auc=0.8625 best=0.8625 patience=0/10 *
    [tffm] epoch 02/50: train_loss=0.9467 val_auc=0.8707 best=0.8707 patience=0/10 *
    [tffm] epoch 03/50: train_loss=0.8591 val_auc=0.8791 best=0.8791 patience=0/10 *
    [tffm] epoch 04/50: train_loss=0.8291 val_auc=0.8881 best=0.8881 patience=0/10 *
    [tffm] epoch 05/50: train_loss=0.8367 val_auc=0.8963 best=0.8963 patience=0/10 *
    [tffm] epoch 06/50: train_loss=0.7770 val_auc=0.9099 best=0.9099 patience=0/10 *
    [tffm] epoch 07/50: train_loss=0.7170 val_auc=0.9142 best=0.9142 patience=0/10 *
    [tffm] epoch 08/50: train_loss=0.6986 val_auc=0.9136 best=0.9142 patience=1/10
    [tffm] epoch 09/50: train_loss=0.6929 val_auc=0.9149 best=0.9149 patience=0/10 *
    [tffm] epoch 10/50: train_loss=0.7088 val_auc=0.9135 best=0.9149 patience=1/10
    [tffm] epoch 11/50: train_loss=0.6937 val_auc=0.9188 best=0.9188 patience=0/10 *
    [tffm] epoch 12/50: train_loss=0.6690 val_auc=0.9141 best=0.9188 patience=1/10
    [tffm] epoch 13/50: train_loss=0.7781 val_auc=0.9035 best=0.9188 patience=2/10
    [tffm] epoch 14/50: train_loss=0.6577 val_auc=0.9129 best=0.9188 patience=3/10
    [tffm] epoch 15/50: train_loss=0.6932 val_auc=0.9114 best=0.9188 patience=4/10
    [tffm] epoch 16/50: train_loss=0.6515 val_auc=0.9171 best=0.9188 patience=5/10
    [tffm] epoch 17/50: train_loss=0.6045 val_auc=0.9020 best=0.9188 patience=6/10
    [tffm] epoch 18/50: train_loss=0.6359 val_auc=0.9175 best=0.9188 patience=7/10
    [tffm] epoch 19/50: train_loss=0.6354 val_auc=0.9051 best=0.9188 patience=8/10
    [tffm] epoch 20/50: train_loss=0.6107 val_auc=0.9115 best=0.9188 patience=9/10
    [tffm] epoch 21/50: train_loss=0.6302 val_auc=0.9075 best=0.9188 patience=10/10
    [tffm] early stop at epoch 21
  [tffm] fold 33/100: AUC=0.9188
    [tffm] epoch 01/50: train_loss=1.2471 val_auc=0.9236 best=0.9236 patience=0/10 *
    [tffm] epoch 02/50: train_loss=0.9245 val_auc=0.9150 best=0.9236 patience=1/10
    [tffm] epoch 03/50: train_loss=0.8583 val_auc=0.9288 best=0.9288 patience=0/10 *
    [tffm] epoch 04/50: train_loss=0.7966 val_auc=0.9381 best=0.9381 patience=0/10 *
    [tffm] epoch 05/50: train_loss=0.8542 val_auc=0.9408 best=0.9408 patience=0/10 *
    [tffm] epoch 06/50: train_loss=0.7817 val_auc=0.9359 best=0.9408 patience=1/10
    [tffm] epoch 07/50: train_loss=0.7956 val_auc=0.9425 best=0.9425 patience=0/10 *
    [tffm] epoch 08/50: train_loss=0.7502 val_auc=0.9433 best=0.9433 patience=0/10 *
    [tffm] epoch 09/50: train_loss=0.7149 val_auc=0.9446 best=0.9446 patience=0/10 *
    [tffm] epoch 10/50: train_loss=0.8383 val_auc=0.9492 best=0.9492 patience=0/10 *
    [tffm] epoch 11/50: train_loss=0.7280 val_auc=0.9529 best=0.9529 patience=0/10 *
    [tffm] epoch 12/50: train_loss=0.7114 val_auc=0.9507 best=0.9529 patience=1/10
    [tffm] epoch 13/50: train_loss=0.7377 val_auc=0.9513 best=0.9529 patience=2/10
    [tffm] epoch 14/50: train_loss=0.7035 val_auc=0.9440 best=0.9529 patience=3/10
    [tffm] epoch 15/50: train_loss=0.6614 val_auc=0.9448 best=0.9529 patience=4/10
    [tffm] epoch 16/50: train_loss=0.6564 val_auc=0.9482 best=0.9529 patience=5/10
    [tffm] epoch 17/50: train_loss=0.6388 val_auc=0.9373 best=0.9529 patience=6/10
    [tffm] epoch 18/50: train_loss=0.6293 val_auc=0.9338 best=0.9529 patience=7/10
    [tffm] epoch 19/50: train_loss=0.6814 val_auc=0.9441 best=0.9529 patience=8/10
    [tffm] epoch 20/50: train_loss=0.6615 val_auc=0.9517 best=0.9529 patience=9/10
    [tffm] epoch 21/50: train_loss=0.7245 val_auc=0.9327 best=0.9529 patience=10/10
    [tffm] early stop at epoch 21
  [tffm] fold 34/100: AUC=0.9529
    [tffm] epoch 01/50: train_loss=1.1892 val_auc=0.7844 best=0.7844 patience=0/10 *
    [tffm] epoch 02/50: train_loss=0.9462 val_auc=0.7997 best=0.7997 patience=0/10 *
    [tffm] epoch 03/50: train_loss=0.8131 val_auc=0.8258 best=0.8258 patience=0/10 *
    [tffm] epoch 04/50: train_loss=0.7149 val_auc=0.8275 best=0.8275 patience=0/10 *
    [tffm] epoch 05/50: train_loss=0.7538 val_auc=0.8389 best=0.8389 patience=0/10 *
    [tffm] epoch 06/50: train_loss=0.7742 val_auc=0.8437 best=0.8437 patience=0/10 *
    [tffm] epoch 07/50: train_loss=0.6466 val_auc=0.8636 best=0.8636 patience=0/10 *
    [tffm] epoch 08/50: train_loss=0.7786 val_auc=0.8643 best=0.8643 patience=0/10 *
    [tffm] epoch 09/50: train_loss=0.6718 val_auc=0.8352 best=0.8643 patience=1/10
    [tffm] epoch 10/50: train_loss=0.6518 val_auc=0.8428 best=0.8643 patience=2/10
    [tffm] epoch 11/50: train_loss=0.6568 val_auc=0.8397 best=0.8643 patience=3/10
    [tffm] epoch 12/50: train_loss=0.6221 val_auc=0.8440 best=0.8643 patience=4/10
    [tffm] epoch 13/50: train_loss=0.6285 val_auc=0.8500 best=0.8643 patience=5/10
    [tffm] epoch 14/50: train_loss=0.6307 val_auc=0.8567 best=0.8643 patience=6/10
    [tffm] epoch 15/50: train_loss=0.5996 val_auc=0.8707 best=0.8707 patience=0/10 *
    [tffm] epoch 16/50: train_loss=0.7444 val_auc=0.8720 best=0.8720 patience=0/10 *
    [tffm] epoch 17/50: train_loss=0.5978 val_auc=0.8651 best=0.8720 patience=1/10
    [tffm] epoch 18/50: train_loss=0.6934 val_auc=0.8707 best=0.8720 patience=2/10
    [tffm] epoch 19/50: train_loss=0.6023 val_auc=0.8704 best=0.8720 patience=3/10
    [tffm] epoch 20/50: train_loss=0.6002 val_auc=0.8745 best=0.8745 patience=0/10 *
    [tffm] epoch 21/50: train_loss=0.5643 val_auc=0.8741 best=0.8745 patience=1/10
    [tffm] epoch 22/50: train_loss=0.5445 val_auc=0.8788 best=0.8788 patience=0/10 *
    [tffm] epoch 23/50: train_loss=0.5868 val_auc=0.8753 best=0.8788 patience=1/10
    [tffm] epoch 24/50: train_loss=0.5700 val_auc=0.8823 best=0.8823 patience=0/10 *
    [tffm] epoch 25/50: train_loss=0.6262 val_auc=0.8818 best=0.8823 patience=1/10
    [tffm] epoch 26/50: train_loss=0.5895 val_auc=0.8810 best=0.8823 patience=2/10
    [tffm] epoch 27/50: train_loss=0.5596 val_auc=0.8788 best=0.8823 patience=3/10
    [tffm] epoch 28/50: train_loss=0.5669 val_auc=0.8808 best=0.8823 patience=4/10
    [tffm] epoch 29/50: train_loss=0.6137 val_auc=0.8847 best=0.8847 patience=0/10 *
    [tffm] epoch 30/50: train_loss=0.5280 val_auc=0.8802 best=0.8847 patience=1/10
    [tffm] epoch 31/50: train_loss=0.5227 val_auc=0.8835 best=0.8847 patience=2/10
    [tffm] epoch 32/50: train_loss=0.6378 val_auc=0.8912 best=0.8912 patience=0/10 *
    [tffm] epoch 33/50: train_loss=0.6400 val_auc=0.8902 best=0.8912 patience=1/10
    [tffm] epoch 34/50: train_loss=0.5241 val_auc=0.8818 best=0.8912 patience=2/10
    [tffm] epoch 35/50: train_loss=0.5479 val_auc=0.8819 best=0.8912 patience=3/10
    [tffm] epoch 36/50: train_loss=0.5174 val_auc=0.8868 best=0.8912 patience=4/10
    [tffm] epoch 37/50: train_loss=0.6182 val_auc=0.8869 best=0.8912 patience=5/10
    [tffm] epoch 38/50: train_loss=0.4967 val_auc=0.8848 best=0.8912 patience=6/10
    [tffm] epoch 39/50: train_loss=0.6309 val_auc=0.8873 best=0.8912 patience=7/10
    [tffm] epoch 40/50: train_loss=0.5393 val_auc=0.8843 best=0.8912 patience=8/10
    [tffm] epoch 41/50: train_loss=0.5705 val_auc=0.8623 best=0.8912 patience=9/10
    [tffm] epoch 42/50: train_loss=0.4859 val_auc=0.8781 best=0.8912 patience=10/10
    [tffm] early stop at epoch 42
  [tffm] fold 35/100: AUC=0.8912
    [tffm] epoch 01/50: train_loss=1.1773 val_auc=0.9024 best=0.9024 patience=0/10 *
    [tffm] epoch 02/50: train_loss=0.9736 val_auc=0.9197 best=0.9197 patience=0/10 *
    [tffm] epoch 03/50: train_loss=0.8189 val_auc=0.9174 best=0.9197 patience=1/10
    [tffm] epoch 04/50: train_loss=0.8241 val_auc=0.9212 best=0.9212 patience=0/10 *
    [tffm] epoch 05/50: train_loss=0.7943 val_auc=0.9481 best=0.9481 patience=0/10 *
    [tffm] epoch 06/50: train_loss=0.8118 val_auc=0.9417 best=0.9481 patience=1/10
    [tffm] epoch 07/50: train_loss=0.8609 val_auc=0.9456 best=0.9481 patience=2/10
    [tffm] epoch 08/50: train_loss=0.7455 val_auc=0.9454 best=0.9481 patience=3/10
    [tffm] epoch 09/50: train_loss=0.7449 val_auc=0.9496 best=0.9496 patience=0/10 *
    [tffm] epoch 10/50: train_loss=0.8046 val_auc=0.9485 best=0.9496 patience=1/10
    [tffm] epoch 11/50: train_loss=0.7690 val_auc=0.9541 best=0.9541 patience=0/10 *
    [tffm] epoch 12/50: train_loss=0.7483 val_auc=0.9443 best=0.9541 patience=1/10
    [tffm] epoch 13/50: train_loss=0.8170 val_auc=0.9549 best=0.9549 patience=0/10 *
    [tffm] epoch 14/50: train_loss=0.7089 val_auc=0.9541 best=0.9549 patience=1/10
    [tffm] epoch 15/50: train_loss=0.7204 val_auc=0.9592 best=0.9592 patience=0/10 *
    [tffm] epoch 16/50: train_loss=0.6827 val_auc=0.9481 best=0.9592 patience=1/10
    [tffm] epoch 17/50: train_loss=0.7169 val_auc=0.9581 best=0.9592 patience=2/10
    [tffm] epoch 18/50: train_loss=0.6955 val_auc=0.9656 best=0.9656 patience=0/10 *
    [tffm] epoch 19/50: train_loss=0.7557 val_auc=0.9658 best=0.9658 patience=0/10 *
    [tffm] epoch 20/50: train_loss=0.6472 val_auc=0.9581 best=0.9658 patience=1/10
    [tffm] epoch 21/50: train_loss=0.7081 val_auc=0.9605 best=0.9658 patience=2/10
    [tffm] epoch 22/50: train_loss=0.6486 val_auc=0.9595 best=0.9658 patience=3/10
    [tffm] epoch 23/50: train_loss=0.6459 val_auc=0.9601 best=0.9658 patience=4/10
    [tffm] epoch 24/50: train_loss=0.6811 val_auc=0.9570 best=0.9658 patience=5/10
    [tffm] epoch 25/50: train_loss=0.7231 val_auc=0.9471 best=0.9658 patience=6/10
    [tffm] epoch 26/50: train_loss=0.6632 val_auc=0.9427 best=0.9658 patience=7/10
    [tffm] epoch 27/50: train_loss=0.6819 val_auc=0.8988 best=0.9658 patience=8/10
    [tffm] epoch 28/50: train_loss=0.6574 val_auc=0.9191 best=0.9658 patience=9/10
    [tffm] epoch 29/50: train_loss=0.6065 val_auc=0.9180 best=0.9658 patience=10/10
    [tffm] early stop at epoch 29
  [tffm] fold 36/100: AUC=0.9658
    [tffm] epoch 01/50: train_loss=1.0647 val_auc=0.8050 best=0.8050 patience=0/10 *
    [tffm] epoch 02/50: train_loss=0.7795 val_auc=0.8054 best=0.8054 patience=0/10 *
    [tffm] epoch 03/50: train_loss=0.7104 val_auc=0.8232 best=0.8232 patience=0/10 *
    [tffm] epoch 04/50: train_loss=0.7950 val_auc=0.8231 best=0.8232 patience=1/10
    [tffm] epoch 05/50: train_loss=0.6934 val_auc=0.8338 best=0.8338 patience=0/10 *
    [tffm] epoch 06/50: train_loss=0.6739 val_auc=0.8323 best=0.8338 patience=1/10
    [tffm] epoch 07/50: train_loss=0.6891 val_auc=0.8346 best=0.8346 patience=0/10 *
    [tffm] epoch 08/50: train_loss=0.6616 val_auc=0.8358 best=0.8358 patience=0/10 *
    [tffm] epoch 09/50: train_loss=0.6358 val_auc=0.8396 best=0.8396 patience=0/10 *
    [tffm] epoch 10/50: train_loss=0.6652 val_auc=0.8374 best=0.8396 patience=1/10
    [tffm] epoch 11/50: train_loss=0.6667 val_auc=0.8409 best=0.8409 patience=0/10 *
    [tffm] epoch 12/50: train_loss=0.6510 val_auc=0.8443 best=0.8443 patience=0/10 *
    [tffm] epoch 13/50: train_loss=0.6081 val_auc=0.8497 best=0.8497 patience=0/10 *
    [tffm] epoch 14/50: train_loss=0.6034 val_auc=0.8583 best=0.8583 patience=0/10 *
    [tffm] epoch 15/50: train_loss=0.7290 val_auc=0.8605 best=0.8605 patience=0/10 *
    [tffm] epoch 16/50: train_loss=0.6338 val_auc=0.8590 best=0.8605 patience=1/10
    [tffm] epoch 17/50: train_loss=0.5794 val_auc=0.8512 best=0.8605 patience=2/10
    [tffm] epoch 18/50: train_loss=0.7058 val_auc=0.8591 best=0.8605 patience=3/10
    [tffm] epoch 19/50: train_loss=0.6430 val_auc=0.8606 best=0.8606 patience=0/10 *
    [tffm] epoch 20/50: train_loss=0.5852 val_auc=0.8610 best=0.8610 patience=0/10 *
    [tffm] epoch 21/50: train_loss=0.5723 val_auc=0.8641 best=0.8641 patience=0/10 *
    [tffm] epoch 22/50: train_loss=0.6046 val_auc=0.8610 best=0.8641 patience=1/10
    [tffm] epoch 23/50: train_loss=0.5819 val_auc=0.8662 best=0.8662 patience=0/10 *
    [tffm] epoch 24/50: train_loss=0.5905 val_auc=0.8682 best=0.8682 patience=0/10 *
    [tffm] epoch 25/50: train_loss=0.5904 val_auc=0.8781 best=0.8781 patience=0/10 *
    [tffm] epoch 26/50: train_loss=0.5534 val_auc=0.8760 best=0.8781 patience=1/10
    [tffm] epoch 27/50: train_loss=0.5963 val_auc=0.8742 best=0.8781 patience=2/10
    [tffm] epoch 28/50: train_loss=0.6045 val_auc=0.8733 best=0.8781 patience=3/10
    [tffm] epoch 29/50: train_loss=0.5891 val_auc=0.8766 best=0.8781 patience=4/10
    [tffm] epoch 30/50: train_loss=0.5791 val_auc=0.8812 best=0.8812 patience=0/10 *
    [tffm] epoch 31/50: train_loss=0.5746 val_auc=0.8852 best=0.8852 patience=0/10 *
    [tffm] epoch 32/50: train_loss=0.5763 val_auc=0.8816 best=0.8852 patience=1/10
    [tffm] epoch 33/50: train_loss=0.5488 val_auc=0.8515 best=0.8852 patience=2/10
    [tffm] epoch 34/50: train_loss=0.5412 val_auc=0.8823 best=0.8852 patience=3/10
    [tffm] epoch 35/50: train_loss=0.5150 val_auc=0.8614 best=0.8852 patience=4/10
    [tffm] epoch 36/50: train_loss=0.5667 val_auc=0.8571 best=0.8852 patience=5/10
    [tffm] epoch 37/50: train_loss=0.5222 val_auc=0.8780 best=0.8852 patience=6/10
    [tffm] epoch 38/50: train_loss=0.5335 val_auc=0.8863 best=0.8863 patience=0/10 *
    [tffm] epoch 39/50: train_loss=0.5450 val_auc=0.8777 best=0.8863 patience=1/10
    [tffm] epoch 40/50: train_loss=0.4722 val_auc=0.8649 best=0.8863 patience=2/10
    [tffm] epoch 41/50: train_loss=0.5134 val_auc=0.8792 best=0.8863 patience=3/10
    [tffm] epoch 42/50: train_loss=0.4594 val_auc=0.8503 best=0.8863 patience=4/10
    [tffm] epoch 43/50: train_loss=0.5877 val_auc=0.8831 best=0.8863 patience=5/10
    [tffm] epoch 44/50: train_loss=0.4817 val_auc=0.8069 best=0.8863 patience=6/10
    [tffm] epoch 45/50: train_loss=0.6293 val_auc=0.8839 best=0.8863 patience=7/10
    [tffm] epoch 46/50: train_loss=0.4842 val_auc=0.8626 best=0.8863 patience=8/10
    [tffm] epoch 47/50: train_loss=0.5135 val_auc=0.8856 best=0.8863 patience=9/10
    [tffm] epoch 48/50: train_loss=0.5264 val_auc=0.7787 best=0.8863 patience=10/10
    [tffm] early stop at epoch 48
  [tffm] fold 37/100: AUC=0.8863
    [tffm] epoch 01/50: train_loss=1.2216 val_auc=0.8908 best=0.8908 patience=0/10 *
    [tffm] epoch 02/50: train_loss=0.9606 val_auc=0.8917 best=0.8917 patience=0/10 *
    [tffm] epoch 03/50: train_loss=0.8117 val_auc=0.8997 best=0.8997 patience=0/10 *
    [tffm] epoch 04/50: train_loss=0.9333 val_auc=0.9058 best=0.9058 patience=0/10 *
    [tffm] epoch 05/50: train_loss=0.7549 val_auc=0.9116 best=0.9116 patience=0/10 *
    [tffm] epoch 06/50: train_loss=0.7665 val_auc=0.9137 best=0.9137 patience=0/10 *
    [tffm] epoch 07/50: train_loss=0.7369 val_auc=0.9187 best=0.9187 patience=0/10 *
    [tffm] epoch 08/50: train_loss=0.7402 val_auc=0.9174 best=0.9187 patience=1/10
    [tffm] epoch 09/50: train_loss=0.7265 val_auc=0.9144 best=0.9187 patience=2/10
    [tffm] epoch 10/50: train_loss=0.7499 val_auc=0.9231 best=0.9231 patience=0/10 *
    [tffm] epoch 11/50: train_loss=0.6823 val_auc=0.9175 best=0.9231 patience=1/10
    [tffm] epoch 12/50: train_loss=0.6833 val_auc=0.9187 best=0.9231 patience=2/10
    [tffm] epoch 13/50: train_loss=0.6704 val_auc=0.9232 best=0.9232 patience=0/10 *
    [tffm] epoch 14/50: train_loss=0.6484 val_auc=0.9236 best=0.9236 patience=0/10 *
    [tffm] epoch 15/50: train_loss=0.7287 val_auc=0.9216 best=0.9236 patience=1/10
    [tffm] epoch 16/50: train_loss=0.6346 val_auc=0.9241 best=0.9241 patience=0/10 *
    [tffm] epoch 17/50: train_loss=0.6656 val_auc=0.9319 best=0.9319 patience=0/10 *
    [tffm] epoch 18/50: train_loss=0.6750 val_auc=0.9258 best=0.9319 patience=1/10
    [tffm] epoch 19/50: train_loss=0.6457 val_auc=0.9296 best=0.9319 patience=2/10
    [tffm] epoch 20/50: train_loss=0.7018 val_auc=0.9273 best=0.9319 patience=3/10
    [tffm] epoch 21/50: train_loss=0.6268 val_auc=0.9367 best=0.9367 patience=0/10 *
    [tffm] epoch 22/50: train_loss=0.6234 val_auc=0.9200 best=0.9367 patience=1/10
    [tffm] epoch 23/50: train_loss=0.6455 val_auc=0.9304 best=0.9367 patience=2/10
    [tffm] epoch 24/50: train_loss=0.6196 val_auc=0.9341 best=0.9367 patience=3/10
    [tffm] epoch 25/50: train_loss=0.6558 val_auc=0.9336 best=0.9367 patience=4/10
    [tffm] epoch 26/50: train_loss=0.5968 val_auc=0.9311 best=0.9367 patience=5/10
    [tffm] epoch 27/50: train_loss=0.5759 val_auc=0.9344 best=0.9367 patience=6/10
    [tffm] epoch 28/50: train_loss=0.6477 val_auc=0.9271 best=0.9367 patience=7/10
    [tffm] epoch 29/50: train_loss=0.5921 val_auc=0.9323 best=0.9367 patience=8/10
    [tffm] epoch 30/50: train_loss=0.6389 val_auc=0.9125 best=0.9367 patience=9/10
    [tffm] epoch 31/50: train_loss=0.5737 val_auc=0.9307 best=0.9367 patience=10/10
    [tffm] early stop at epoch 31
  [tffm] fold 38/100: AUC=0.9367
    [tffm] epoch 01/50: train_loss=1.1860 val_auc=0.8467 best=0.8467 patience=0/10 *
    [tffm] epoch 02/50: train_loss=0.8728 val_auc=0.8598 best=0.8598 patience=0/10 *
    [tffm] epoch 03/50: train_loss=0.8399 val_auc=0.8720 best=0.8720 patience=0/10 *
    [tffm] epoch 04/50: train_loss=0.7512 val_auc=0.8880 best=0.8880 patience=0/10 *
    [tffm] epoch 05/50: train_loss=0.7670 val_auc=0.8647 best=0.8880 patience=1/10
    [tffm] epoch 06/50: train_loss=0.7463 val_auc=0.8611 best=0.8880 patience=2/10
    [tffm] epoch 07/50: train_loss=0.7679 val_auc=0.8601 best=0.8880 patience=3/10
    [tffm] epoch 08/50: train_loss=0.7032 val_auc=0.8572 best=0.8880 patience=4/10
    [tffm] epoch 09/50: train_loss=0.7770 val_auc=0.8500 best=0.8880 patience=5/10
    [tffm] epoch 10/50: train_loss=0.7081 val_auc=0.8531 best=0.8880 patience=6/10
    [tffm] epoch 11/50: train_loss=0.6650 val_auc=0.8563 best=0.8880 patience=7/10
    [tffm] epoch 12/50: train_loss=0.6501 val_auc=0.8567 best=0.8880 patience=8/10
    [tffm] epoch 13/50: train_loss=0.5956 val_auc=0.8493 best=0.8880 patience=9/10
    [tffm] epoch 14/50: train_loss=0.7218 val_auc=0.8632 best=0.8880 patience=10/10
    [tffm] early stop at epoch 14
  [tffm] fold 39/100: AUC=0.8880
    [tffm] epoch 01/50: train_loss=1.1715 val_auc=0.8749 best=0.8749 patience=0/10 *
    [tffm] epoch 02/50: train_loss=0.8684 val_auc=0.8839 best=0.8839 patience=0/10 *
    [tffm] epoch 03/50: train_loss=0.8466 val_auc=0.8971 best=0.8971 patience=0/10 *
    [tffm] epoch 04/50: train_loss=0.8262 val_auc=0.9069 best=0.9069 patience=0/10 *
    [tffm] epoch 05/50: train_loss=0.7975 val_auc=0.9080 best=0.9080 patience=0/10 *
    [tffm] epoch 06/50: train_loss=0.7434 val_auc=0.9058 best=0.9080 patience=1/10
    [tffm] epoch 07/50: train_loss=0.7319 val_auc=0.9126 best=0.9126 patience=0/10 *
    [tffm] epoch 08/50: train_loss=0.7234 val_auc=0.8967 best=0.9126 patience=1/10
    [tffm] epoch 09/50: train_loss=0.7150 val_auc=0.8852 best=0.9126 patience=2/10
    [tffm] epoch 10/50: train_loss=0.9634 val_auc=0.8547 best=0.9126 patience=3/10
    [tffm] epoch 11/50: train_loss=0.8354 val_auc=0.9190 best=0.9190 patience=0/10 *
    [tffm] epoch 12/50: train_loss=0.7157 val_auc=0.8869 best=0.9190 patience=1/10
    [tffm] epoch 13/50: train_loss=0.6655 val_auc=0.8709 best=0.9190 patience=2/10
    [tffm] epoch 14/50: train_loss=0.6471 val_auc=0.8723 best=0.9190 patience=3/10
    [tffm] epoch 15/50: train_loss=0.6374 val_auc=0.8720 best=0.9190 patience=4/10
    [tffm] epoch 16/50: train_loss=0.7794 val_auc=0.8677 best=0.9190 patience=5/10
    [tffm] epoch 17/50: train_loss=0.6434 val_auc=0.8713 best=0.9190 patience=6/10
    [tffm] epoch 18/50: train_loss=0.6573 val_auc=0.8560 best=0.9190 patience=7/10
    [tffm] epoch 19/50: train_loss=0.6518 val_auc=0.8552 best=0.9190 patience=8/10
    [tffm] epoch 20/50: train_loss=0.6882 val_auc=0.8801 best=0.9190 patience=9/10
    [tffm] epoch 21/50: train_loss=0.6131 val_auc=0.8864 best=0.9190 patience=10/10
    [tffm] early stop at epoch 21
  [tffm] fold 40/100: AUC=0.9190
    [tffm] epoch 01/50: train_loss=1.1505 val_auc=0.9039 best=0.9039 patience=0/10 *
    [tffm] epoch 02/50: train_loss=0.9096 val_auc=0.9186 best=0.9186 patience=0/10 *
    [tffm] epoch 03/50: train_loss=0.9231 val_auc=0.9277 best=0.9277 patience=0/10 *
    [tffm] epoch 04/50: train_loss=0.8147 val_auc=0.9384 best=0.9384 patience=0/10 *
    [tffm] epoch 05/50: train_loss=0.7855 val_auc=0.9368 best=0.9384 patience=1/10
    [tffm] epoch 06/50: train_loss=0.7457 val_auc=0.9424 best=0.9424 patience=0/10 *
    [tffm] epoch 07/50: train_loss=0.8679 val_auc=0.9389 best=0.9424 patience=1/10
    [tffm] epoch 08/50: train_loss=0.7791 val_auc=0.9359 best=0.9424 patience=2/10
    [tffm] epoch 09/50: train_loss=0.7410 val_auc=0.9398 best=0.9424 patience=3/10
    [tffm] epoch 10/50: train_loss=0.7577 val_auc=0.9385 best=0.9424 patience=4/10
    [tffm] epoch 11/50: train_loss=0.7503 val_auc=0.9417 best=0.9424 patience=5/10
    [tffm] epoch 12/50: train_loss=0.7682 val_auc=0.9374 best=0.9424 patience=6/10
    [tffm] epoch 13/50: train_loss=0.7125 val_auc=0.9438 best=0.9438 patience=0/10 *
    [tffm] epoch 14/50: train_loss=0.7057 val_auc=0.9370 best=0.9438 patience=1/10
    [tffm] epoch 15/50: train_loss=0.6581 val_auc=0.9440 best=0.9440 patience=0/10 *
    [tffm] epoch 16/50: train_loss=0.7032 val_auc=0.9409 best=0.9440 patience=1/10
    [tffm] epoch 17/50: train_loss=0.6916 val_auc=0.9415 best=0.9440 patience=2/10
    [tffm] epoch 18/50: train_loss=0.6687 val_auc=0.9438 best=0.9440 patience=3/10
    [tffm] epoch 19/50: train_loss=0.6787 val_auc=0.9414 best=0.9440 patience=4/10
    [tffm] epoch 20/50: train_loss=0.7042 val_auc=0.9443 best=0.9443 patience=0/10 *
    [tffm] epoch 21/50: train_loss=0.6577 val_auc=0.9439 best=0.9443 patience=1/10
    [tffm] epoch 22/50: train_loss=0.6706 val_auc=0.9438 best=0.9443 patience=2/10
    [tffm] epoch 23/50: train_loss=0.5958 val_auc=0.9456 best=0.9456 patience=0/10 *
    [tffm] epoch 24/50: train_loss=0.6831 val_auc=0.9385 best=0.9456 patience=1/10
    [tffm] epoch 25/50: train_loss=0.6513 val_auc=0.9448 best=0.9456 patience=2/10
    [tffm] epoch 26/50: train_loss=0.6832 val_auc=0.9419 best=0.9456 patience=3/10
    [tffm] epoch 27/50: train_loss=0.6272 val_auc=0.9434 best=0.9456 patience=4/10
    [tffm] epoch 28/50: train_loss=0.6289 val_auc=0.9387 best=0.9456 patience=5/10
    [tffm] epoch 29/50: train_loss=0.5885 val_auc=0.9342 best=0.9456 patience=6/10
    [tffm] epoch 30/50: train_loss=0.6583 val_auc=0.9284 best=0.9456 patience=7/10
    [tffm] epoch 31/50: train_loss=0.5802 val_auc=0.9297 best=0.9456 patience=8/10
    [tffm] epoch 32/50: train_loss=0.6104 val_auc=0.9286 best=0.9456 patience=9/10
    [tffm] epoch 33/50: train_loss=0.6083 val_auc=0.9286 best=0.9456 patience=10/10
    [tffm] early stop at epoch 33
  [tffm] fold 41/100: AUC=0.9456
    [tffm] epoch 01/50: train_loss=1.1715 val_auc=0.8719 best=0.8719 patience=0/10 *
    [tffm] epoch 02/50: train_loss=0.9320 val_auc=0.8902 best=0.8902 patience=0/10 *
    [tffm] epoch 03/50: train_loss=0.8403 val_auc=0.9011 best=0.9011 patience=0/10 *
    [tffm] epoch 04/50: train_loss=0.8370 val_auc=0.9166 best=0.9166 patience=0/10 *
    [tffm] epoch 05/50: train_loss=0.8243 val_auc=0.9223 best=0.9223 patience=0/10 *
    [tffm] epoch 06/50: train_loss=0.7544 val_auc=0.9230 best=0.9230 patience=0/10 *
    [tffm] epoch 07/50: train_loss=0.7612 val_auc=0.9232 best=0.9232 patience=0/10 *
    [tffm] epoch 08/50: train_loss=0.7918 val_auc=0.9252 best=0.9252 patience=0/10 *
    [tffm] epoch 09/50: train_loss=0.7419 val_auc=0.9129 best=0.9252 patience=1/10
    [tffm] epoch 10/50: train_loss=0.7554 val_auc=0.9270 best=0.9270 patience=0/10 *
    [tffm] epoch 11/50: train_loss=0.8085 val_auc=0.9190 best=0.9270 patience=1/10
    [tffm] epoch 12/50: train_loss=0.7425 val_auc=0.9309 best=0.9309 patience=0/10 *
    [tffm] epoch 13/50: train_loss=0.7357 val_auc=0.9240 best=0.9309 patience=1/10
    [tffm] epoch 14/50: train_loss=0.6903 val_auc=0.9338 best=0.9338 patience=0/10 *
    [tffm] epoch 15/50: train_loss=0.7299 val_auc=0.9346 best=0.9346 patience=0/10 *
    [tffm] epoch 16/50: train_loss=0.6622 val_auc=0.9384 best=0.9384 patience=0/10 *
    [tffm] epoch 17/50: train_loss=0.7217 val_auc=0.9400 best=0.9400 patience=0/10 *
    [tffm] epoch 18/50: train_loss=0.6621 val_auc=0.9385 best=0.9400 patience=1/10
    [tffm] epoch 19/50: train_loss=0.6884 val_auc=0.9417 best=0.9417 patience=0/10 *
    [tffm] epoch 20/50: train_loss=0.6884 val_auc=0.9393 best=0.9417 patience=1/10
    [tffm] epoch 21/50: train_loss=0.6249 val_auc=0.9397 best=0.9417 patience=2/10
    [tffm] epoch 22/50: train_loss=0.6859 val_auc=0.9399 best=0.9417 patience=3/10
    [tffm] epoch 23/50: train_loss=0.6302 val_auc=0.9389 best=0.9417 patience=4/10
    [tffm] epoch 24/50: train_loss=0.6216 val_auc=0.9433 best=0.9433 patience=0/10 *
    [tffm] epoch 25/50: train_loss=0.6696 val_auc=0.9392 best=0.9433 patience=1/10
    [tffm] epoch 26/50: train_loss=0.6150 val_auc=0.9428 best=0.9433 patience=2/10
    [tffm] epoch 27/50: train_loss=0.6357 val_auc=0.9403 best=0.9433 patience=3/10
    [tffm] epoch 28/50: train_loss=0.5870 val_auc=0.9454 best=0.9454 patience=0/10 *
    [tffm] epoch 29/50: train_loss=0.6746 val_auc=0.9417 best=0.9454 patience=1/10
    [tffm] epoch 30/50: train_loss=0.6285 val_auc=0.9439 best=0.9454 patience=2/10
    [tffm] epoch 31/50: train_loss=0.6248 val_auc=0.9422 best=0.9454 patience=3/10
    [tffm] epoch 32/50: train_loss=0.6209 val_auc=0.9469 best=0.9469 patience=0/10 *
    [tffm] epoch 33/50: train_loss=0.5603 val_auc=0.9430 best=0.9469 patience=1/10
    [tffm] epoch 34/50: train_loss=0.5966 val_auc=0.9438 best=0.9469 patience=2/10
    [tffm] epoch 35/50: train_loss=0.7405 val_auc=0.9437 best=0.9469 patience=3/10
    [tffm] epoch 36/50: train_loss=0.5808 val_auc=0.9442 best=0.9469 patience=4/10
    [tffm] epoch 37/50: train_loss=0.5566 val_auc=0.9496 best=0.9496 patience=0/10 *
    [tffm] epoch 38/50: train_loss=0.6578 val_auc=0.9489 best=0.9496 patience=1/10
    [tffm] epoch 39/50: train_loss=0.5799 val_auc=0.9484 best=0.9496 patience=2/10
    [tffm] epoch 40/50: train_loss=0.5874 val_auc=0.9500 best=0.9500 patience=0/10 *
    [tffm] epoch 41/50: train_loss=0.5485 val_auc=0.9494 best=0.9500 patience=1/10
    [tffm] epoch 42/50: train_loss=0.5842 val_auc=0.9518 best=0.9518 patience=0/10 *
    [tffm] epoch 43/50: train_loss=0.5941 val_auc=0.9498 best=0.9518 patience=1/10
    [tffm] epoch 44/50: train_loss=0.5106 val_auc=0.9444 best=0.9518 patience=2/10
    [tffm] epoch 45/50: train_loss=0.6470 val_auc=0.9483 best=0.9518 patience=3/10
    [tffm] epoch 46/50: train_loss=0.5548 val_auc=0.9480 best=0.9518 patience=4/10
    [tffm] epoch 47/50: train_loss=0.5382 val_auc=0.9504 best=0.9518 patience=5/10
    [tffm] epoch 48/50: train_loss=0.5313 val_auc=0.9464 best=0.9518 patience=6/10
    [tffm] epoch 49/50: train_loss=0.4726 val_auc=0.9479 best=0.9518 patience=7/10
    [tffm] epoch 50/50: train_loss=0.5171 val_auc=0.9432 best=0.9518 patience=8/10
  [tffm] fold 42/100: AUC=0.9518
    [tffm] epoch 01/50: train_loss=1.1832 val_auc=0.8341 best=0.8341 patience=0/10 *
    [tffm] epoch 02/50: train_loss=0.8842 val_auc=0.8427 best=0.8427 patience=0/10 *
    [tffm] epoch 03/50: train_loss=0.8109 val_auc=0.8555 best=0.8555 patience=0/10 *
    [tffm] epoch 04/50: train_loss=0.7641 val_auc=0.8679 best=0.8679 patience=0/10 *
    [tffm] epoch 05/50: train_loss=0.7323 val_auc=0.8706 best=0.8706 patience=0/10 *
    [tffm] epoch 06/50: train_loss=0.7434 val_auc=0.8738 best=0.8738 patience=0/10 *
    [tffm] epoch 07/50: train_loss=0.8598 val_auc=0.8777 best=0.8777 patience=0/10 *
    [tffm] epoch 08/50: train_loss=0.6926 val_auc=0.8803 best=0.8803 patience=0/10 *
    [tffm] epoch 09/50: train_loss=0.7511 val_auc=0.8832 best=0.8832 patience=0/10 *
    [tffm] epoch 10/50: train_loss=0.6724 val_auc=0.8935 best=0.8935 patience=0/10 *
    [tffm] epoch 11/50: train_loss=0.7423 val_auc=0.8863 best=0.8935 patience=1/10
    [tffm] epoch 12/50: train_loss=0.6748 val_auc=0.8979 best=0.8979 patience=0/10 *
    [tffm] epoch 13/50: train_loss=0.6342 val_auc=0.8671 best=0.8979 patience=1/10
    [tffm] epoch 14/50: train_loss=0.7013 val_auc=0.9023 best=0.9023 patience=0/10 *
    [tffm] epoch 15/50: train_loss=0.6148 val_auc=0.8485 best=0.9023 patience=1/10
    [tffm] epoch 16/50: train_loss=0.7536 val_auc=0.8837 best=0.9023 patience=2/10
    [tffm] epoch 17/50: train_loss=0.6306 val_auc=0.9018 best=0.9023 patience=3/10
    [tffm] epoch 18/50: train_loss=0.5765 val_auc=0.8772 best=0.9023 patience=4/10
    [tffm] epoch 19/50: train_loss=0.6532 val_auc=0.9019 best=0.9023 patience=5/10
    [tffm] epoch 20/50: train_loss=0.5944 val_auc=0.8927 best=0.9023 patience=6/10
    [tffm] epoch 21/50: train_loss=0.6048 val_auc=0.9016 best=0.9023 patience=7/10
    [tffm] epoch 22/50: train_loss=0.5808 val_auc=0.8482 best=0.9023 patience=8/10
    [tffm] epoch 23/50: train_loss=0.6470 val_auc=0.8940 best=0.9023 patience=9/10
    [tffm] epoch 24/50: train_loss=0.5718 val_auc=0.8944 best=0.9023 patience=10/10
    [tffm] early stop at epoch 24
  [tffm] fold 43/100: AUC=0.9023
    [tffm] epoch 01/50: train_loss=1.1143 val_auc=0.8609 best=0.8609 patience=0/10 *
    [tffm] epoch 02/50: train_loss=0.8828 val_auc=0.8479 best=0.8609 patience=1/10
    [tffm] epoch 03/50: train_loss=0.8363 val_auc=0.8508 best=0.8609 patience=2/10
    [tffm] epoch 04/50: train_loss=0.8192 val_auc=0.8626 best=0.8626 patience=0/10 *
    [tffm] epoch 05/50: train_loss=0.7139 val_auc=0.8705 best=0.8705 patience=0/10 *
    [tffm] epoch 06/50: train_loss=0.8637 val_auc=0.8777 best=0.8777 patience=0/10 *
    [tffm] epoch 07/50: train_loss=0.7178 val_auc=0.8795 best=0.8795 patience=0/10 *
    [tffm] epoch 08/50: train_loss=0.7459 val_auc=0.8810 best=0.8810 patience=0/10 *
    [tffm] epoch 09/50: train_loss=0.7009 val_auc=0.8822 best=0.8822 patience=0/10 *
    [tffm] epoch 10/50: train_loss=0.7301 val_auc=0.8857 best=0.8857 patience=0/10 *
    [tffm] epoch 11/50: train_loss=0.7404 val_auc=0.8891 best=0.8891 patience=0/10 *
    [tffm] epoch 12/50: train_loss=0.6524 val_auc=0.8915 best=0.8915 patience=0/10 *
    [tffm] epoch 13/50: train_loss=0.7333 val_auc=0.8904 best=0.8915 patience=1/10
    [tffm] epoch 14/50: train_loss=0.6978 val_auc=0.8965 best=0.8965 patience=0/10 *
    [tffm] epoch 15/50: train_loss=0.6338 val_auc=0.8986 best=0.8986 patience=0/10 *
    [tffm] epoch 16/50: train_loss=0.6200 val_auc=0.8796 best=0.8986 patience=1/10
    [tffm] epoch 17/50: train_loss=0.6341 val_auc=0.9017 best=0.9017 patience=0/10 *
    [tffm] epoch 18/50: train_loss=0.6241 val_auc=0.8889 best=0.9017 patience=1/10
    [tffm] epoch 19/50: train_loss=0.6381 val_auc=0.8984 best=0.9017 patience=2/10
    [tffm] epoch 20/50: train_loss=0.6409 val_auc=0.8976 best=0.9017 patience=3/10
    [tffm] epoch 21/50: train_loss=0.5816 val_auc=0.8990 best=0.9017 patience=4/10
    [tffm] epoch 22/50: train_loss=0.5656 val_auc=0.9042 best=0.9042 patience=0/10 *
    [tffm] epoch 23/50: train_loss=0.6196 val_auc=0.8709 best=0.9042 patience=1/10
    [tffm] epoch 24/50: train_loss=0.6532 val_auc=0.9082 best=0.9082 patience=0/10 *
    [tffm] epoch 25/50: train_loss=0.5959 val_auc=0.8382 best=0.9082 patience=1/10
    [tffm] epoch 26/50: train_loss=0.5618 val_auc=0.8916 best=0.9082 patience=2/10
    [tffm] epoch 27/50: train_loss=0.5787 val_auc=0.8704 best=0.9082 patience=3/10
    [tffm] epoch 28/50: train_loss=0.5979 val_auc=0.8704 best=0.9082 patience=4/10
    [tffm] epoch 29/50: train_loss=0.5681 val_auc=0.8865 best=0.9082 patience=5/10
    [tffm] epoch 30/50: train_loss=0.5413 val_auc=0.7933 best=0.9082 patience=6/10
    [tffm] epoch 31/50: train_loss=0.6851 val_auc=0.8872 best=0.9082 patience=7/10
    [tffm] epoch 32/50: train_loss=0.6294 val_auc=0.8669 best=0.9082 patience=8/10
    [tffm] epoch 33/50: train_loss=0.5564 val_auc=0.8715 best=0.9082 patience=9/10
    [tffm] epoch 34/50: train_loss=0.5367 val_auc=0.8575 best=0.9082 patience=10/10
    [tffm] early stop at epoch 34
  [tffm] fold 44/100: AUC=0.9082
    [tffm] epoch 01/50: train_loss=1.1062 val_auc=0.7997 best=0.7997 patience=0/10 *
    [tffm] epoch 02/50: train_loss=0.9044 val_auc=0.8209 best=0.8209 patience=0/10 *
    [tffm] epoch 03/50: train_loss=0.7985 val_auc=0.8260 best=0.8260 patience=0/10 *
    [tffm] epoch 04/50: train_loss=0.7268 val_auc=0.8185 best=0.8260 patience=1/10
    [tffm] epoch 05/50: train_loss=0.7302 val_auc=0.8187 best=0.8260 patience=2/10
    [tffm] epoch 06/50: train_loss=0.7060 val_auc=0.8107 best=0.8260 patience=3/10
    [tffm] epoch 07/50: train_loss=0.6948 val_auc=0.8264 best=0.8264 patience=0/10 *
    [tffm] epoch 08/50: train_loss=0.7389 val_auc=0.8259 best=0.8264 patience=1/10
    [tffm] epoch 09/50: train_loss=0.6535 val_auc=0.8262 best=0.8264 patience=2/10
    [tffm] epoch 10/50: train_loss=0.6462 val_auc=0.8370 best=0.8370 patience=0/10 *
    [tffm] epoch 11/50: train_loss=0.6568 val_auc=0.8283 best=0.8370 patience=1/10
    [tffm] epoch 12/50: train_loss=0.6428 val_auc=0.8398 best=0.8398 patience=0/10 *
    [tffm] epoch 13/50: train_loss=0.6513 val_auc=0.8458 best=0.8458 patience=0/10 *
    [tffm] epoch 14/50: train_loss=0.6362 val_auc=0.8382 best=0.8458 patience=1/10
    [tffm] epoch 15/50: train_loss=0.6233 val_auc=0.8482 best=0.8482 patience=0/10 *
    [tffm] epoch 16/50: train_loss=0.6225 val_auc=0.8534 best=0.8534 patience=0/10 *
    [tffm] epoch 17/50: train_loss=0.6680 val_auc=0.8618 best=0.8618 patience=0/10 *
    [tffm] epoch 18/50: train_loss=0.6085 val_auc=0.8711 best=0.8711 patience=0/10 *
    [tffm] epoch 19/50: train_loss=0.5545 val_auc=0.8810 best=0.8810 patience=0/10 *
    [tffm] epoch 20/50: train_loss=0.5924 val_auc=0.8907 best=0.8907 patience=0/10 *
    [tffm] epoch 21/50: train_loss=0.5752 val_auc=0.8861 best=0.8907 patience=1/10
    [tffm] epoch 22/50: train_loss=0.6151 val_auc=0.8822 best=0.8907 patience=2/10
    [tffm] epoch 23/50: train_loss=0.6128 val_auc=0.8953 best=0.8953 patience=0/10 *
    [tffm] epoch 24/50: train_loss=0.6037 val_auc=0.8982 best=0.8982 patience=0/10 *
    [tffm] epoch 25/50: train_loss=0.5599 val_auc=0.8936 best=0.8982 patience=1/10
    [tffm] epoch 26/50: train_loss=0.6724 val_auc=0.8918 best=0.8982 patience=2/10
    [tffm] epoch 27/50: train_loss=0.5219 val_auc=0.9024 best=0.9024 patience=0/10 *
    [tffm] epoch 28/50: train_loss=0.5401 val_auc=0.9030 best=0.9030 patience=0/10 *
    [tffm] epoch 29/50: train_loss=0.5285 val_auc=0.9026 best=0.9030 patience=1/10
    [tffm] epoch 30/50: train_loss=0.5136 val_auc=0.8978 best=0.9030 patience=2/10
    [tffm] epoch 31/50: train_loss=0.5383 val_auc=0.9038 best=0.9038 patience=0/10 *
    [tffm] epoch 32/50: train_loss=0.5197 val_auc=0.8733 best=0.9038 patience=1/10
    [tffm] epoch 33/50: train_loss=0.5242 val_auc=0.9072 best=0.9072 patience=0/10 *
    [tffm] epoch 34/50: train_loss=0.5180 val_auc=0.8631 best=0.9072 patience=1/10
    [tffm] epoch 35/50: train_loss=0.4895 val_auc=0.8698 best=0.9072 patience=2/10
    [tffm] epoch 36/50: train_loss=0.5769 val_auc=0.8410 best=0.9072 patience=3/10
    [tffm] epoch 37/50: train_loss=0.5027 val_auc=0.8661 best=0.9072 patience=4/10
    [tffm] epoch 38/50: train_loss=0.5253 val_auc=0.8740 best=0.9072 patience=5/10
    [tffm] epoch 39/50: train_loss=0.4701 val_auc=0.8590 best=0.9072 patience=6/10
    [tffm] epoch 40/50: train_loss=0.5245 val_auc=0.8793 best=0.9072 patience=7/10
    [tffm] epoch 41/50: train_loss=0.5238 val_auc=0.8800 best=0.9072 patience=8/10
    [tffm] epoch 42/50: train_loss=0.5080 val_auc=0.8772 best=0.9072 patience=9/10
    [tffm] epoch 43/50: train_loss=0.5596 val_auc=0.8414 best=0.9072 patience=10/10
    [tffm] early stop at epoch 43
  [tffm] fold 45/100: AUC=0.9072
    [tffm] epoch 01/50: train_loss=1.2134 val_auc=0.8022 best=0.8022 patience=0/10 *
    [tffm] epoch 02/50: train_loss=1.0128 val_auc=0.8111 best=0.8111 patience=0/10 *
    [tffm] epoch 03/50: train_loss=0.8001 val_auc=0.8404 best=0.8404 patience=0/10 *
    [tffm] epoch 04/50: train_loss=0.8022 val_auc=0.8489 best=0.8489 patience=0/10 *
    [tffm] epoch 05/50: train_loss=0.8070 val_auc=0.8439 best=0.8489 patience=1/10
    [tffm] epoch 06/50: train_loss=0.7061 val_auc=0.8409 best=0.8489 patience=2/10
    [tffm] epoch 07/50: train_loss=0.6831 val_auc=0.8483 best=0.8489 patience=3/10
    [tffm] epoch 08/50: train_loss=0.7422 val_auc=0.8561 best=0.8561 patience=0/10 *
    [tffm] epoch 09/50: train_loss=0.7273 val_auc=0.8530 best=0.8561 patience=1/10
    [tffm] epoch 10/50: train_loss=0.6926 val_auc=0.8630 best=0.8630 patience=0/10 *
    [tffm] epoch 11/50: train_loss=0.6806 val_auc=0.8631 best=0.8631 patience=0/10 *
    [tffm] epoch 12/50: train_loss=0.7082 val_auc=0.8641 best=0.8641 patience=0/10 *
    [tffm] epoch 13/50: train_loss=0.6371 val_auc=0.8615 best=0.8641 patience=1/10
    [tffm] epoch 14/50: train_loss=0.6480 val_auc=0.8604 best=0.8641 patience=2/10
    [tffm] epoch 15/50: train_loss=0.6192 val_auc=0.8628 best=0.8641 patience=3/10
    [tffm] epoch 16/50: train_loss=0.6790 val_auc=0.8629 best=0.8641 patience=4/10
    [tffm] epoch 17/50: train_loss=0.6346 val_auc=0.8576 best=0.8641 patience=5/10
    [tffm] epoch 18/50: train_loss=0.6093 val_auc=0.8615 best=0.8641 patience=6/10
    [tffm] epoch 19/50: train_loss=0.6322 val_auc=0.8578 best=0.8641 patience=7/10
    [tffm] epoch 20/50: train_loss=0.5820 val_auc=0.8520 best=0.8641 patience=8/10
    [tffm] epoch 21/50: train_loss=0.5760 val_auc=0.8515 best=0.8641 patience=9/10
    [tffm] epoch 22/50: train_loss=0.5498 val_auc=0.8575 best=0.8641 patience=10/10
    [tffm] early stop at epoch 22
  [tffm] fold 46/100: AUC=0.8641
    [tffm] epoch 01/50: train_loss=1.1484 val_auc=0.8460 best=0.8460 patience=0/10 *
    [tffm] epoch 02/50: train_loss=0.8650 val_auc=0.8553 best=0.8553 patience=0/10 *
    [tffm] epoch 03/50: train_loss=0.8195 val_auc=0.8732 best=0.8732 patience=0/10 *
    [tffm] epoch 04/50: train_loss=0.7518 val_auc=0.8615 best=0.8732 patience=1/10
    [tffm] epoch 05/50: train_loss=0.7114 val_auc=0.8680 best=0.8732 patience=2/10
    [tffm] epoch 06/50: train_loss=0.6832 val_auc=0.8655 best=0.8732 patience=3/10
    [tffm] epoch 07/50: train_loss=0.6750 val_auc=0.8568 best=0.8732 patience=4/10
    [tffm] epoch 08/50: train_loss=0.6309 val_auc=0.8171 best=0.8732 patience=5/10
    [tffm] epoch 09/50: train_loss=0.6230 val_auc=0.7943 best=0.8732 patience=6/10
    [tffm] epoch 10/50: train_loss=0.6723 val_auc=0.8028 best=0.8732 patience=7/10
    [tffm] epoch 11/50: train_loss=0.6564 val_auc=0.7885 best=0.8732 patience=8/10
    [tffm] epoch 12/50: train_loss=0.6055 val_auc=0.7736 best=0.8732 patience=9/10
    [tffm] epoch 13/50: train_loss=0.6087 val_auc=0.8327 best=0.8732 patience=10/10
    [tffm] early stop at epoch 13
  [tffm] fold 47/100: AUC=0.8732
    [tffm] epoch 01/50: train_loss=1.1233 val_auc=0.9197 best=0.9197 patience=0/10 *
    [tffm] epoch 02/50: train_loss=0.9082 val_auc=0.9276 best=0.9276 patience=0/10 *
    [tffm] epoch 03/50: train_loss=0.8406 val_auc=0.9339 best=0.9339 patience=0/10 *
    [tffm] epoch 04/50: train_loss=0.8071 val_auc=0.9445 best=0.9445 patience=0/10 *
    [tffm] epoch 05/50: train_loss=0.7794 val_auc=0.9460 best=0.9460 patience=0/10 *
    [tffm] epoch 06/50: train_loss=0.8285 val_auc=0.9470 best=0.9470 patience=0/10 *
    [tffm] epoch 07/50: train_loss=0.7843 val_auc=0.9466 best=0.9470 patience=1/10
    [tffm] epoch 08/50: train_loss=0.8082 val_auc=0.9506 best=0.9506 patience=0/10 *
    [tffm] epoch 09/50: train_loss=0.7889 val_auc=0.9496 best=0.9506 patience=1/10
    [tffm] epoch 10/50: train_loss=0.7948 val_auc=0.9551 best=0.9551 patience=0/10 *
    [tffm] epoch 11/50: train_loss=0.8002 val_auc=0.9513 best=0.9551 patience=1/10
    [tffm] epoch 12/50: train_loss=0.7587 val_auc=0.9533 best=0.9551 patience=2/10
    [tffm] epoch 13/50: train_loss=0.7048 val_auc=0.9585 best=0.9585 patience=0/10 *
    [tffm] epoch 14/50: train_loss=0.7061 val_auc=0.9595 best=0.9595 patience=0/10 *
    [tffm] epoch 15/50: train_loss=0.6961 val_auc=0.9609 best=0.9609 patience=0/10 *
    [tffm] epoch 16/50: train_loss=0.7018 val_auc=0.9579 best=0.9609 patience=1/10
    [tffm] epoch 17/50: train_loss=0.7080 val_auc=0.9607 best=0.9609 patience=2/10
    [tffm] epoch 18/50: train_loss=0.7086 val_auc=0.9601 best=0.9609 patience=3/10
    [tffm] epoch 19/50: train_loss=0.7258 val_auc=0.9582 best=0.9609 patience=4/10
    [tffm] epoch 20/50: train_loss=0.6857 val_auc=0.9554 best=0.9609 patience=5/10
    [tffm] epoch 21/50: train_loss=0.6525 val_auc=0.9609 best=0.9609 patience=6/10
    [tffm] epoch 22/50: train_loss=0.6618 val_auc=0.9609 best=0.9609 patience=0/10 *
    [tffm] epoch 23/50: train_loss=0.6577 val_auc=0.9635 best=0.9635 patience=0/10 *
    [tffm] epoch 24/50: train_loss=0.6131 val_auc=0.9614 best=0.9635 patience=1/10
    [tffm] epoch 25/50: train_loss=0.6473 val_auc=0.9538 best=0.9635 patience=2/10
    [tffm] epoch 26/50: train_loss=0.6048 val_auc=0.9560 best=0.9635 patience=3/10
    [tffm] epoch 27/50: train_loss=0.6070 val_auc=0.9440 best=0.9635 patience=4/10
    [tffm] epoch 28/50: train_loss=0.6191 val_auc=0.9405 best=0.9635 patience=5/10
    [tffm] epoch 29/50: train_loss=0.6250 val_auc=0.9560 best=0.9635 patience=6/10
    [tffm] epoch 30/50: train_loss=0.6519 val_auc=0.9525 best=0.9635 patience=7/10
    [tffm] epoch 31/50: train_loss=0.6001 val_auc=0.9555 best=0.9635 patience=8/10
    [tffm] epoch 32/50: train_loss=0.7258 val_auc=0.9405 best=0.9635 patience=9/10
    [tffm] epoch 33/50: train_loss=0.5729 val_auc=0.9215 best=0.9635 patience=10/10
    [tffm] early stop at epoch 33
  [tffm] fold 48/100: AUC=0.9635
    [tffm] epoch 01/50: train_loss=1.1444 val_auc=0.8657 best=0.8657 patience=0/10 *
    [tffm] epoch 02/50: train_loss=0.9088 val_auc=0.8723 best=0.8723 patience=0/10 *
    [tffm] epoch 03/50: train_loss=0.9832 val_auc=0.8933 best=0.8933 patience=0/10 *
    [tffm] epoch 04/50: train_loss=0.8896 val_auc=0.8986 best=0.8986 patience=0/10 *
    [tffm] epoch 05/50: train_loss=0.7791 val_auc=0.9082 best=0.9082 patience=0/10 *
    [tffm] epoch 06/50: train_loss=0.7753 val_auc=0.9205 best=0.9205 patience=0/10 *
    [tffm] epoch 07/50: train_loss=0.7476 val_auc=0.9246 best=0.9246 patience=0/10 *
    [tffm] epoch 08/50: train_loss=0.8370 val_auc=0.9312 best=0.9312 patience=0/10 *
    [tffm] epoch 09/50: train_loss=0.7738 val_auc=0.9280 best=0.9312 patience=1/10
    [tffm] epoch 10/50: train_loss=0.7618 val_auc=0.9365 best=0.9365 patience=0/10 *
    [tffm] epoch 11/50: train_loss=0.7675 val_auc=0.9277 best=0.9365 patience=1/10
    [tffm] epoch 12/50: train_loss=0.7046 val_auc=0.9461 best=0.9461 patience=0/10 *
    [tffm] epoch 13/50: train_loss=0.6651 val_auc=0.9399 best=0.9461 patience=1/10
    [tffm] epoch 14/50: train_loss=0.6342 val_auc=0.9459 best=0.9461 patience=2/10
    [tffm] epoch 15/50: train_loss=0.7230 val_auc=0.9427 best=0.9461 patience=3/10
    [tffm] epoch 16/50: train_loss=0.6449 val_auc=0.9435 best=0.9461 patience=4/10
    [tffm] epoch 17/50: train_loss=0.6406 val_auc=0.9431 best=0.9461 patience=5/10
    [tffm] epoch 18/50: train_loss=0.6226 val_auc=0.9457 best=0.9461 patience=6/10
    [tffm] epoch 19/50: train_loss=0.6526 val_auc=0.9467 best=0.9467 patience=0/10 *
    [tffm] epoch 20/50: train_loss=0.6134 val_auc=0.9463 best=0.9467 patience=1/10
    [tffm] epoch 21/50: train_loss=0.6113 val_auc=0.9446 best=0.9467 patience=2/10
    [tffm] epoch 22/50: train_loss=0.6145 val_auc=0.9380 best=0.9467 patience=3/10
    [tffm] epoch 23/50: train_loss=0.6276 val_auc=0.9359 best=0.9467 patience=4/10
    [tffm] epoch 24/50: train_loss=0.5820 val_auc=0.9395 best=0.9467 patience=5/10
    [tffm] epoch 25/50: train_loss=0.5905 val_auc=0.9432 best=0.9467 patience=6/10
    [tffm] epoch 26/50: train_loss=0.5824 val_auc=0.9340 best=0.9467 patience=7/10
    [tffm] epoch 27/50: train_loss=0.7276 val_auc=0.9427 best=0.9467 patience=8/10
    [tffm] epoch 28/50: train_loss=0.5701 val_auc=0.9346 best=0.9467 patience=9/10
    [tffm] epoch 29/50: train_loss=0.5874 val_auc=0.9441 best=0.9467 patience=10/10
    [tffm] early stop at epoch 29
  [tffm] fold 49/100: AUC=0.9467
    [tffm] epoch 01/50: train_loss=1.2652 val_auc=0.8768 best=0.8768 patience=0/10 *
    [tffm] epoch 02/50: train_loss=0.9714 val_auc=0.8823 best=0.8823 patience=0/10 *
    [tffm] epoch 03/50: train_loss=0.8402 val_auc=0.8856 best=0.8856 patience=0/10 *
    [tffm] epoch 04/50: train_loss=0.8348 val_auc=0.8886 best=0.8886 patience=0/10 *
    [tffm] epoch 05/50: train_loss=0.7898 val_auc=0.8886 best=0.8886 patience=1/10
    [tffm] epoch 06/50: train_loss=0.7218 val_auc=0.8969 best=0.8969 patience=0/10 *
    [tffm] epoch 07/50: train_loss=0.7364 val_auc=0.8970 best=0.8970 patience=0/10 *
    [tffm] epoch 08/50: train_loss=0.7155 val_auc=0.9007 best=0.9007 patience=0/10 *
    [tffm] epoch 09/50: train_loss=0.6567 val_auc=0.9099 best=0.9099 patience=0/10 *
    [tffm] epoch 10/50: train_loss=0.7822 val_auc=0.9113 best=0.9113 patience=0/10 *
    [tffm] epoch 11/50: train_loss=0.7404 val_auc=0.9082 best=0.9113 patience=1/10
    [tffm] epoch 12/50: train_loss=0.7188 val_auc=0.9174 best=0.9174 patience=0/10 *
    [tffm] epoch 13/50: train_loss=0.7101 val_auc=0.9157 best=0.9174 patience=1/10
    [tffm] epoch 14/50: train_loss=0.6953 val_auc=0.9170 best=0.9174 patience=2/10
    [tffm] epoch 15/50: train_loss=0.6697 val_auc=0.8992 best=0.9174 patience=3/10
    [tffm] epoch 16/50: train_loss=0.6678 val_auc=0.8652 best=0.9174 patience=4/10
    [tffm] epoch 17/50: train_loss=0.7137 val_auc=0.9084 best=0.9174 patience=5/10
    [tffm] epoch 18/50: train_loss=0.6331 val_auc=0.8912 best=0.9174 patience=6/10
    [tffm] epoch 19/50: train_loss=0.6980 val_auc=0.9114 best=0.9174 patience=7/10
    [tffm] epoch 20/50: train_loss=0.6464 val_auc=0.8738 best=0.9174 patience=8/10
    [tffm] epoch 21/50: train_loss=0.6944 val_auc=0.9111 best=0.9174 patience=9/10
    [tffm] epoch 22/50: train_loss=0.5999 val_auc=0.8931 best=0.9174 patience=10/10
    [tffm] early stop at epoch 22
  [tffm] fold 50/100: AUC=0.9174
    [tffm] epoch 01/50: train_loss=1.1673 val_auc=0.8726 best=0.8726 patience=0/10 *
    [tffm] epoch 02/50: train_loss=0.9226 val_auc=0.8778 best=0.8778 patience=0/10 *
    [tffm] epoch 03/50: train_loss=0.8628 val_auc=0.8884 best=0.8884 patience=0/10 *
    [tffm] epoch 04/50: train_loss=0.7586 val_auc=0.8920 best=0.8920 patience=0/10 *
    [tffm] epoch 05/50: train_loss=0.7434 val_auc=0.8861 best=0.8920 patience=1/10
    [tffm] epoch 06/50: train_loss=0.7275 val_auc=0.8915 best=0.8920 patience=2/10
    [tffm] epoch 07/50: train_loss=0.7038 val_auc=0.8943 best=0.8943 patience=0/10 *
    [tffm] epoch 08/50: train_loss=0.7159 val_auc=0.8952 best=0.8952 patience=0/10 *
    [tffm] epoch 09/50: train_loss=0.6898 val_auc=0.8940 best=0.8952 patience=1/10
    [tffm] epoch 10/50: train_loss=0.6722 val_auc=0.8827 best=0.8952 patience=2/10
    [tffm] epoch 11/50: train_loss=0.7075 val_auc=0.8973 best=0.8973 patience=0/10 *
    [tffm] epoch 12/50: train_loss=0.7203 val_auc=0.8580 best=0.8973 patience=1/10
    [tffm] epoch 13/50: train_loss=0.6715 val_auc=0.8785 best=0.8973 patience=2/10
    [tffm] epoch 14/50: train_loss=0.7050 val_auc=0.8326 best=0.8973 patience=3/10
    [tffm] epoch 15/50: train_loss=0.6321 val_auc=0.8800 best=0.8973 patience=4/10
    [tffm] epoch 16/50: train_loss=0.6366 val_auc=0.8436 best=0.8973 patience=5/10
    [tffm] epoch 17/50: train_loss=0.6239 val_auc=0.9043 best=0.9043 patience=0/10 *
    [tffm] epoch 18/50: train_loss=0.7392 val_auc=0.8472 best=0.9043 patience=1/10
    [tffm] epoch 19/50: train_loss=0.6546 val_auc=0.8892 best=0.9043 patience=2/10
    [tffm] epoch 20/50: train_loss=0.6106 val_auc=0.8220 best=0.9043 patience=3/10
    [tffm] epoch 21/50: train_loss=0.6303 val_auc=0.8699 best=0.9043 patience=4/10
    [tffm] epoch 22/50: train_loss=0.6418 val_auc=0.8554 best=0.9043 patience=5/10
    [tffm] epoch 23/50: train_loss=0.6124 val_auc=0.8923 best=0.9043 patience=6/10
    [tffm] epoch 24/50: train_loss=0.5917 val_auc=0.8569 best=0.9043 patience=7/10
    [tffm] epoch 25/50: train_loss=0.5764 val_auc=0.8528 best=0.9043 patience=8/10
    [tffm] epoch 26/50: train_loss=0.6921 val_auc=0.8542 best=0.9043 patience=9/10
    [tffm] epoch 27/50: train_loss=0.5682 val_auc=0.8058 best=0.9043 patience=10/10
    [tffm] early stop at epoch 27
  [tffm] fold 51/100: AUC=0.9043
    [tffm] epoch 01/50: train_loss=1.1180 val_auc=0.8283 best=0.8283 patience=0/10 *
    [tffm] epoch 02/50: train_loss=0.8196 val_auc=0.8341 best=0.8341 patience=0/10 *
    [tffm] epoch 03/50: train_loss=0.7446 val_auc=0.8636 best=0.8636 patience=0/10 *
    [tffm] epoch 04/50: train_loss=0.8173 val_auc=0.8748 best=0.8748 patience=0/10 *
    [tffm] epoch 05/50: train_loss=0.7252 val_auc=0.8775 best=0.8775 patience=0/10 *
    [tffm] epoch 06/50: train_loss=0.7110 val_auc=0.8792 best=0.8792 patience=0/10 *
    [tffm] epoch 07/50: train_loss=0.7828 val_auc=0.8864 best=0.8864 patience=0/10 *
    [tffm] epoch 08/50: train_loss=0.6771 val_auc=0.8841 best=0.8864 patience=1/10
    [tffm] epoch 09/50: train_loss=0.6968 val_auc=0.8891 best=0.8891 patience=0/10 *
    [tffm] epoch 10/50: train_loss=0.6650 val_auc=0.8821 best=0.8891 patience=1/10
    [tffm] epoch 11/50: train_loss=0.6397 val_auc=0.8879 best=0.8891 patience=2/10
    [tffm] epoch 12/50: train_loss=0.6422 val_auc=0.8856 best=0.8891 patience=3/10
    [tffm] epoch 13/50: train_loss=0.6090 val_auc=0.8841 best=0.8891 patience=4/10
    [tffm] epoch 14/50: train_loss=0.6075 val_auc=0.8785 best=0.8891 patience=5/10
    [tffm] epoch 15/50: train_loss=0.5940 val_auc=0.8917 best=0.8917 patience=0/10 *
    [tffm] epoch 16/50: train_loss=0.5869 val_auc=0.8740 best=0.8917 patience=1/10
    [tffm] epoch 17/50: train_loss=0.6860 val_auc=0.8829 best=0.8917 patience=2/10
    [tffm] epoch 18/50: train_loss=0.6637 val_auc=0.8707 best=0.8917 patience=3/10
    [tffm] epoch 19/50: train_loss=0.5707 val_auc=0.8733 best=0.8917 patience=4/10
    [tffm] epoch 20/50: train_loss=0.6087 val_auc=0.8766 best=0.8917 patience=5/10
    [tffm] epoch 21/50: train_loss=0.5734 val_auc=0.8761 best=0.8917 patience=6/10
    [tffm] epoch 22/50: train_loss=0.5222 val_auc=0.8748 best=0.8917 patience=7/10
    [tffm] epoch 23/50: train_loss=0.6658 val_auc=0.8735 best=0.8917 patience=8/10
    [tffm] epoch 24/50: train_loss=0.5635 val_auc=0.8750 best=0.8917 patience=9/10
    [tffm] epoch 25/50: train_loss=0.5113 val_auc=0.8731 best=0.8917 patience=10/10
    [tffm] early stop at epoch 25
  [tffm] fold 52/100: AUC=0.8917
    [tffm] epoch 01/50: train_loss=1.1233 val_auc=0.8907 best=0.8907 patience=0/10 *
    [tffm] epoch 02/50: train_loss=0.8650 val_auc=0.9029 best=0.9029 patience=0/10 *
    [tffm] epoch 03/50: train_loss=0.8251 val_auc=0.9297 best=0.9297 patience=0/10 *
    [tffm] epoch 04/50: train_loss=0.8910 val_auc=0.9481 best=0.9481 patience=0/10 *
    [tffm] epoch 05/50: train_loss=0.7973 val_auc=0.9574 best=0.9574 patience=0/10 *
    [tffm] epoch 06/50: train_loss=0.8435 val_auc=0.9610 best=0.9610 patience=0/10 *
    [tffm] epoch 07/50: train_loss=0.8217 val_auc=0.9615 best=0.9615 patience=0/10 *
    [tffm] epoch 08/50: train_loss=0.7659 val_auc=0.9617 best=0.9617 patience=0/10 *
    [tffm] epoch 09/50: train_loss=0.7882 val_auc=0.9637 best=0.9637 patience=0/10 *
    [tffm] epoch 10/50: train_loss=0.7217 val_auc=0.9631 best=0.9637 patience=1/10
    [tffm] epoch 11/50: train_loss=0.7380 val_auc=0.9609 best=0.9637 patience=2/10
    [tffm] epoch 12/50: train_loss=0.7232 val_auc=0.9643 best=0.9643 patience=0/10 *
    [tffm] epoch 13/50: train_loss=0.7574 val_auc=0.9651 best=0.9651 patience=0/10 *
    [tffm] epoch 14/50: train_loss=0.7833 val_auc=0.9672 best=0.9672 patience=0/10 *
    [tffm] epoch 15/50: train_loss=0.7403 val_auc=0.9672 best=0.9672 patience=1/10
    [tffm] epoch 16/50: train_loss=0.7086 val_auc=0.9657 best=0.9672 patience=2/10
    [tffm] epoch 17/50: train_loss=0.6914 val_auc=0.9713 best=0.9713 patience=0/10 *
    [tffm] epoch 18/50: train_loss=0.6951 val_auc=0.9690 best=0.9713 patience=1/10
    [tffm] epoch 19/50: train_loss=0.6612 val_auc=0.9677 best=0.9713 patience=2/10
    [tffm] epoch 20/50: train_loss=0.6851 val_auc=0.9701 best=0.9713 patience=3/10
    [tffm] epoch 21/50: train_loss=0.6506 val_auc=0.9676 best=0.9713 patience=4/10
    [tffm] epoch 22/50: train_loss=0.6658 val_auc=0.9672 best=0.9713 patience=5/10
    [tffm] epoch 23/50: train_loss=0.6533 val_auc=0.9682 best=0.9713 patience=6/10
    [tffm] epoch 24/50: train_loss=0.6182 val_auc=0.9658 best=0.9713 patience=7/10
    [tffm] epoch 25/50: train_loss=0.6427 val_auc=0.9640 best=0.9713 patience=8/10
    [tffm] epoch 26/50: train_loss=0.6686 val_auc=0.9540 best=0.9713 patience=9/10
    [tffm] epoch 27/50: train_loss=0.6774 val_auc=0.9619 best=0.9713 patience=10/10
    [tffm] early stop at epoch 27
  [tffm] fold 53/100: AUC=0.9713
    [tffm] epoch 01/50: train_loss=1.2200 val_auc=0.8920 best=0.8920 patience=0/10 *
    [tffm] epoch 02/50: train_loss=0.8904 val_auc=0.8953 best=0.8953 patience=0/10 *
    [tffm] epoch 03/50: train_loss=0.8525 val_auc=0.8932 best=0.8953 patience=1/10
    [tffm] epoch 04/50: train_loss=0.7926 val_auc=0.8992 best=0.8992 patience=0/10 *
    [tffm] epoch 05/50: train_loss=0.9338 val_auc=0.8982 best=0.8992 patience=1/10
    [tffm] epoch 06/50: train_loss=0.8639 val_auc=0.8897 best=0.8992 patience=2/10
    [tffm] epoch 07/50: train_loss=0.7777 val_auc=0.8902 best=0.8992 patience=3/10
    [tffm] epoch 08/50: train_loss=0.8657 val_auc=0.8945 best=0.8992 patience=4/10
    [tffm] epoch 09/50: train_loss=0.7398 val_auc=0.8746 best=0.8992 patience=5/10
    [tffm] epoch 10/50: train_loss=0.7702 val_auc=0.9017 best=0.9017 patience=0/10 *
    [tffm] epoch 11/50: train_loss=0.6942 val_auc=0.8804 best=0.9017 patience=1/10
    [tffm] epoch 12/50: train_loss=0.7544 val_auc=0.9033 best=0.9033 patience=0/10 *
    [tffm] epoch 13/50: train_loss=0.6763 val_auc=0.8942 best=0.9033 patience=1/10
    [tffm] epoch 14/50: train_loss=0.6702 val_auc=0.8973 best=0.9033 patience=2/10
    [tffm] epoch 15/50: train_loss=0.6685 val_auc=0.9010 best=0.9033 patience=3/10
    [tffm] epoch 16/50: train_loss=0.7340 val_auc=0.8974 best=0.9033 patience=4/10
    [tffm] epoch 17/50: train_loss=0.6650 val_auc=0.9022 best=0.9033 patience=5/10
    [tffm] epoch 18/50: train_loss=0.6893 val_auc=0.8891 best=0.9033 patience=6/10
    [tffm] epoch 19/50: train_loss=0.6578 val_auc=0.9054 best=0.9054 patience=0/10 *
    [tffm] epoch 20/50: train_loss=0.6282 val_auc=0.9048 best=0.9054 patience=1/10
    [tffm] epoch 21/50: train_loss=0.6614 val_auc=0.8996 best=0.9054 patience=2/10
    [tffm] epoch 22/50: train_loss=0.6942 val_auc=0.8940 best=0.9054 patience=3/10
    [tffm] epoch 23/50: train_loss=0.7206 val_auc=0.8946 best=0.9054 patience=4/10
    [tffm] epoch 24/50: train_loss=0.6146 val_auc=0.9041 best=0.9054 patience=5/10
    [tffm] epoch 25/50: train_loss=0.5776 val_auc=0.9060 best=0.9060 patience=0/10 *
    [tffm] epoch 26/50: train_loss=0.6094 val_auc=0.9007 best=0.9060 patience=1/10
    [tffm] epoch 27/50: train_loss=0.6343 val_auc=0.9051 best=0.9060 patience=2/10
    [tffm] epoch 28/50: train_loss=0.5961 val_auc=0.9048 best=0.9060 patience=3/10
    [tffm] epoch 29/50: train_loss=0.5864 val_auc=0.9059 best=0.9060 patience=4/10
    [tffm] epoch 30/50: train_loss=0.5399 val_auc=0.8660 best=0.9060 patience=5/10
    [tffm] epoch 31/50: train_loss=0.6846 val_auc=0.9039 best=0.9060 patience=6/10
    [tffm] epoch 32/50: train_loss=0.6045 val_auc=0.9130 best=0.9130 patience=0/10 *
    [tffm] epoch 33/50: train_loss=0.5650 val_auc=0.9000 best=0.9130 patience=1/10
    [tffm] epoch 34/50: train_loss=0.5693 val_auc=0.8958 best=0.9130 patience=2/10
    [tffm] epoch 35/50: train_loss=0.5733 val_auc=0.9116 best=0.9130 patience=3/10
    [tffm] epoch 36/50: train_loss=0.5733 val_auc=0.9029 best=0.9130 patience=4/10
    [tffm] epoch 37/50: train_loss=0.5455 val_auc=0.8949 best=0.9130 patience=5/10
    [tffm] epoch 38/50: train_loss=0.5196 val_auc=0.8823 best=0.9130 patience=6/10
    [tffm] epoch 39/50: train_loss=0.5715 val_auc=0.9052 best=0.9130 patience=7/10
    [tffm] epoch 40/50: train_loss=0.5361 val_auc=0.9090 best=0.9130 patience=8/10
    [tffm] epoch 41/50: train_loss=0.5207 val_auc=0.8861 best=0.9130 patience=9/10
    [tffm] epoch 42/50: train_loss=0.4978 val_auc=0.8978 best=0.9130 patience=10/10
    [tffm] early stop at epoch 42
  [tffm] fold 54/100: AUC=0.9130
    [tffm] epoch 01/50: train_loss=1.1383 val_auc=0.7992 best=0.7992 patience=0/10 *
    [tffm] epoch 02/50: train_loss=0.7900 val_auc=0.8056 best=0.8056 patience=0/10 *
    [tffm] epoch 03/50: train_loss=0.8265 val_auc=0.8338 best=0.8338 patience=0/10 *
    [tffm] epoch 04/50: train_loss=0.7266 val_auc=0.8280 best=0.8338 patience=1/10
    [tffm] epoch 05/50: train_loss=0.7299 val_auc=0.8317 best=0.8338 patience=2/10
    [tffm] epoch 06/50: train_loss=0.7182 val_auc=0.8355 best=0.8355 patience=0/10 *
    [tffm] epoch 07/50: train_loss=0.6708 val_auc=0.8486 best=0.8486 patience=0/10 *
    [tffm] epoch 08/50: train_loss=0.7746 val_auc=0.8585 best=0.8585 patience=0/10 *
    [tffm] epoch 09/50: train_loss=0.7397 val_auc=0.8505 best=0.8585 patience=1/10
    [tffm] epoch 10/50: train_loss=0.6385 val_auc=0.8490 best=0.8585 patience=2/10
    [tffm] epoch 11/50: train_loss=0.6602 val_auc=0.8607 best=0.8607 patience=0/10 *
    [tffm] epoch 12/50: train_loss=0.6812 val_auc=0.8674 best=0.8674 patience=0/10 *
    [tffm] epoch 13/50: train_loss=0.6505 val_auc=0.8774 best=0.8774 patience=0/10 *
    [tffm] epoch 14/50: train_loss=0.6114 val_auc=0.8832 best=0.8832 patience=0/10 *
    [tffm] epoch 15/50: train_loss=0.5898 val_auc=0.8866 best=0.8866 patience=0/10 *
    [tffm] epoch 16/50: train_loss=0.6332 val_auc=0.8878 best=0.8878 patience=0/10 *
    [tffm] epoch 17/50: train_loss=0.6428 val_auc=0.8911 best=0.8911 patience=0/10 *
    [tffm] epoch 18/50: train_loss=0.5893 val_auc=0.8886 best=0.8911 patience=1/10
    [tffm] epoch 19/50: train_loss=0.6454 val_auc=0.8937 best=0.8937 patience=0/10 *
    [tffm] epoch 20/50: train_loss=0.6692 val_auc=0.8969 best=0.8969 patience=0/10 *
    [tffm] epoch 21/50: train_loss=0.5594 val_auc=0.8982 best=0.8982 patience=0/10 *
    [tffm] epoch 22/50: train_loss=0.5686 val_auc=0.8679 best=0.8982 patience=1/10
    [tffm] epoch 23/50: train_loss=0.6876 val_auc=0.8963 best=0.8982 patience=2/10
    [tffm] epoch 24/50: train_loss=0.6256 val_auc=0.8907 best=0.8982 patience=3/10
    [tffm] epoch 25/50: train_loss=0.6068 val_auc=0.8942 best=0.8982 patience=4/10
    [tffm] epoch 26/50: train_loss=0.5647 val_auc=0.8675 best=0.8982 patience=5/10
    [tffm] epoch 27/50: train_loss=0.5368 val_auc=0.8656 best=0.8982 patience=6/10
    [tffm] epoch 28/50: train_loss=0.6012 val_auc=0.8935 best=0.8982 patience=7/10
    [tffm] epoch 29/50: train_loss=0.5339 val_auc=0.8757 best=0.8982 patience=8/10
    [tffm] epoch 30/50: train_loss=0.5234 val_auc=0.8822 best=0.8982 patience=9/10
    [tffm] epoch 31/50: train_loss=0.5108 val_auc=0.8996 best=0.8996 patience=0/10 *
    [tffm] epoch 32/50: train_loss=0.5461 val_auc=0.8921 best=0.8996 patience=1/10
    [tffm] epoch 33/50: train_loss=0.5234 val_auc=0.8785 best=0.8996 patience=2/10
    [tffm] epoch 34/50: train_loss=0.4901 val_auc=0.8575 best=0.8996 patience=3/10
    [tffm] epoch 35/50: train_loss=0.5039 val_auc=0.8647 best=0.8996 patience=4/10
    [tffm] epoch 36/50: train_loss=0.5842 val_auc=0.8287 best=0.8996 patience=5/10
    [tffm] epoch 37/50: train_loss=0.5422 val_auc=0.8637 best=0.8996 patience=6/10
    [tffm] epoch 38/50: train_loss=0.6785 val_auc=0.8691 best=0.8996 patience=7/10
    [tffm] epoch 39/50: train_loss=0.5191 val_auc=0.8675 best=0.8996 patience=8/10
    [tffm] epoch 40/50: train_loss=0.5866 val_auc=0.8301 best=0.8996 patience=9/10
    [tffm] epoch 41/50: train_loss=0.5561 val_auc=0.8428 best=0.8996 patience=10/10
    [tffm] early stop at epoch 41
  [tffm] fold 55/100: AUC=0.8996
    [tffm] epoch 01/50: train_loss=1.1112 val_auc=0.7809 best=0.7809 patience=0/10 *
    [tffm] epoch 02/50: train_loss=0.8764 val_auc=0.7800 best=0.7809 patience=1/10
    [tffm] epoch 03/50: train_loss=0.7448 val_auc=0.7800 best=0.7809 patience=2/10
    [tffm] epoch 04/50: train_loss=0.7517 val_auc=0.7704 best=0.7809 patience=3/10
    [tffm] epoch 05/50: train_loss=0.8564 val_auc=0.7848 best=0.7848 patience=0/10 *
    [tffm] epoch 06/50: train_loss=0.6906 val_auc=0.7860 best=0.7860 patience=0/10 *
    [tffm] epoch 07/50: train_loss=0.6530 val_auc=0.7993 best=0.7993 patience=0/10 *
    [tffm] epoch 08/50: train_loss=0.6261 val_auc=0.8062 best=0.8062 patience=0/10 *
    [tffm] epoch 09/50: train_loss=0.7053 val_auc=0.8124 best=0.8124 patience=0/10 *
    [tffm] epoch 10/50: train_loss=0.6048 val_auc=0.8200 best=0.8200 patience=0/10 *
    [tffm] epoch 11/50: train_loss=0.6135 val_auc=0.8237 best=0.8237 patience=0/10 *
    [tffm] epoch 12/50: train_loss=0.6065 val_auc=0.8273 best=0.8273 patience=0/10 *
    [tffm] epoch 13/50: train_loss=0.6486 val_auc=0.8313 best=0.8313 patience=0/10 *
    [tffm] epoch 14/50: train_loss=0.5964 val_auc=0.8187 best=0.8313 patience=1/10
    [tffm] epoch 15/50: train_loss=0.6640 val_auc=0.8259 best=0.8313 patience=2/10
    [tffm] epoch 16/50: train_loss=0.6542 val_auc=0.8272 best=0.8313 patience=3/10
    [tffm] epoch 17/50: train_loss=0.5686 val_auc=0.8265 best=0.8313 patience=4/10
    [tffm] epoch 18/50: train_loss=0.5854 val_auc=0.8267 best=0.8313 patience=5/10
    [tffm] epoch 19/50: train_loss=0.5906 val_auc=0.7840 best=0.8313 patience=6/10
    [tffm] epoch 20/50: train_loss=0.5455 val_auc=0.8230 best=0.8313 patience=7/10
    [tffm] epoch 21/50: train_loss=0.5533 val_auc=0.8150 best=0.8313 patience=8/10
    [tffm] epoch 22/50: train_loss=0.5430 val_auc=0.8000 best=0.8313 patience=9/10
    [tffm] epoch 23/50: train_loss=0.5878 val_auc=0.8040 best=0.8313 patience=10/10
    [tffm] early stop at epoch 23
  [tffm] fold 56/100: AUC=0.8313
    [tffm] epoch 01/50: train_loss=1.1171 val_auc=0.8379 best=0.8379 patience=0/10 *
    [tffm] epoch 02/50: train_loss=0.8794 val_auc=0.8565 best=0.8565 patience=0/10 *
    [tffm] epoch 03/50: train_loss=0.9553 val_auc=0.8777 best=0.8777 patience=0/10 *
    [tffm] epoch 04/50: train_loss=0.7678 val_auc=0.8899 best=0.8899 patience=0/10 *
    [tffm] epoch 05/50: train_loss=0.7218 val_auc=0.8992 best=0.8992 patience=0/10 *
    [tffm] epoch 06/50: train_loss=0.7270 val_auc=0.9001 best=0.9001 patience=0/10 *
    [tffm] epoch 07/50: train_loss=0.8159 val_auc=0.8929 best=0.9001 patience=1/10
    [tffm] epoch 08/50: train_loss=0.6902 val_auc=0.8995 best=0.9001 patience=2/10
    [tffm] epoch 09/50: train_loss=0.7189 val_auc=0.8993 best=0.9001 patience=3/10
    [tffm] epoch 10/50: train_loss=0.7593 val_auc=0.9036 best=0.9036 patience=0/10 *
    [tffm] epoch 11/50: train_loss=0.7023 val_auc=0.9006 best=0.9036 patience=1/10
    [tffm] epoch 12/50: train_loss=0.6622 val_auc=0.9004 best=0.9036 patience=2/10
    [tffm] epoch 13/50: train_loss=0.7068 val_auc=0.9015 best=0.9036 patience=3/10
    [tffm] epoch 14/50: train_loss=0.7314 val_auc=0.9024 best=0.9036 patience=4/10
    [tffm] epoch 15/50: train_loss=0.7000 val_auc=0.9045 best=0.9045 patience=0/10 *
    [tffm] epoch 16/50: train_loss=0.6487 val_auc=0.9026 best=0.9045 patience=1/10
    [tffm] epoch 17/50: train_loss=0.6366 val_auc=0.9060 best=0.9060 patience=0/10 *
    [tffm] epoch 18/50: train_loss=0.6752 val_auc=0.9035 best=0.9060 patience=1/10
    [tffm] epoch 19/50: train_loss=0.6092 val_auc=0.9001 best=0.9060 patience=2/10
    [tffm] epoch 20/50: train_loss=0.6895 val_auc=0.8993 best=0.9060 patience=3/10
    [tffm] epoch 21/50: train_loss=0.6794 val_auc=0.8970 best=0.9060 patience=4/10
    [tffm] epoch 22/50: train_loss=0.5898 val_auc=0.9045 best=0.9060 patience=5/10
    [tffm] epoch 23/50: train_loss=0.5431 val_auc=0.8942 best=0.9060 patience=6/10
    [tffm] epoch 24/50: train_loss=0.5715 val_auc=0.9055 best=0.9060 patience=7/10
    [tffm] epoch 25/50: train_loss=0.5382 val_auc=0.9059 best=0.9060 patience=8/10
    [tffm] epoch 26/50: train_loss=0.6407 val_auc=0.9043 best=0.9060 patience=9/10
    [tffm] epoch 27/50: train_loss=0.5779 val_auc=0.8950 best=0.9060 patience=10/10
    [tffm] early stop at epoch 27
  [tffm] fold 57/100: AUC=0.9060
    [tffm] epoch 01/50: train_loss=1.1410 val_auc=0.8863 best=0.8863 patience=0/10 *
    [tffm] epoch 02/50: train_loss=0.9070 val_auc=0.9010 best=0.9010 patience=0/10 *
    [tffm] epoch 03/50: train_loss=0.8012 val_auc=0.8968 best=0.9010 patience=1/10
    [tffm] epoch 04/50: train_loss=0.8957 val_auc=0.8969 best=0.9010 patience=2/10
    [tffm] epoch 05/50: train_loss=0.7562 val_auc=0.8962 best=0.9010 patience=3/10
    [tffm] epoch 06/50: train_loss=0.7218 val_auc=0.8915 best=0.9010 patience=4/10
    [tffm] epoch 07/50: train_loss=0.7670 val_auc=0.8920 best=0.9010 patience=5/10
    [tffm] epoch 08/50: train_loss=0.7569 val_auc=0.8934 best=0.9010 patience=6/10
    [tffm] epoch 09/50: train_loss=0.7056 val_auc=0.8919 best=0.9010 patience=7/10
    [tffm] epoch 10/50: train_loss=0.6640 val_auc=0.9019 best=0.9019 patience=0/10 *
    [tffm] epoch 11/50: train_loss=0.6789 val_auc=0.9119 best=0.9119 patience=0/10 *
    [tffm] epoch 12/50: train_loss=0.7065 val_auc=0.9097 best=0.9119 patience=1/10
    [tffm] epoch 13/50: train_loss=0.6980 val_auc=0.9069 best=0.9119 patience=2/10
    [tffm] epoch 14/50: train_loss=0.6562 val_auc=0.9044 best=0.9119 patience=3/10
    [tffm] epoch 15/50: train_loss=0.6375 val_auc=0.9136 best=0.9136 patience=0/10 *
    [tffm] epoch 16/50: train_loss=0.6608 val_auc=0.9228 best=0.9228 patience=0/10 *
    [tffm] epoch 17/50: train_loss=0.7276 val_auc=0.9252 best=0.9252 patience=0/10 *
    [tffm] epoch 18/50: train_loss=0.7097 val_auc=0.9331 best=0.9331 patience=0/10 *
    [tffm] epoch 19/50: train_loss=0.6891 val_auc=0.9276 best=0.9331 patience=1/10
    [tffm] epoch 20/50: train_loss=0.6057 val_auc=0.9245 best=0.9331 patience=2/10
    [tffm] epoch 21/50: train_loss=0.6219 val_auc=0.9217 best=0.9331 patience=3/10
    [tffm] epoch 22/50: train_loss=0.6123 val_auc=0.9205 best=0.9331 patience=4/10
    [tffm] epoch 23/50: train_loss=0.6454 val_auc=0.9228 best=0.9331 patience=5/10
    [tffm] epoch 24/50: train_loss=0.6544 val_auc=0.9326 best=0.9331 patience=6/10
    [tffm] epoch 25/50: train_loss=0.6085 val_auc=0.9311 best=0.9331 patience=7/10
    [tffm] epoch 26/50: train_loss=0.6656 val_auc=0.9353 best=0.9353 patience=0/10 *
    [tffm] epoch 27/50: train_loss=0.5945 val_auc=0.8987 best=0.9353 patience=1/10
    [tffm] epoch 28/50: train_loss=0.6809 val_auc=0.9332 best=0.9353 patience=2/10
    [tffm] epoch 29/50: train_loss=0.6750 val_auc=0.9085 best=0.9353 patience=3/10
    [tffm] epoch 30/50: train_loss=0.6376 val_auc=0.9203 best=0.9353 patience=4/10
    [tffm] epoch 31/50: train_loss=0.5632 val_auc=0.9151 best=0.9353 patience=5/10
    [tffm] epoch 32/50: train_loss=0.5814 val_auc=0.9319 best=0.9353 patience=6/10
    [tffm] epoch 33/50: train_loss=0.6742 val_auc=0.9105 best=0.9353 patience=7/10
    [tffm] epoch 34/50: train_loss=0.6405 val_auc=0.9397 best=0.9397 patience=0/10 *
    [tffm] epoch 35/50: train_loss=0.5782 val_auc=0.9223 best=0.9397 patience=1/10
    [tffm] epoch 36/50: train_loss=0.6061 val_auc=0.9368 best=0.9397 patience=2/10
    [tffm] epoch 37/50: train_loss=0.5474 val_auc=0.8872 best=0.9397 patience=3/10
    [tffm] epoch 38/50: train_loss=0.6309 val_auc=0.8973 best=0.9397 patience=4/10
    [tffm] epoch 39/50: train_loss=0.5126 val_auc=0.8740 best=0.9397 patience=5/10
    [tffm] epoch 40/50: train_loss=0.5911 val_auc=0.9312 best=0.9397 patience=6/10
    [tffm] epoch 41/50: train_loss=0.6214 val_auc=0.9294 best=0.9397 patience=7/10
    [tffm] epoch 42/50: train_loss=0.5168 val_auc=0.9010 best=0.9397 patience=8/10
    [tffm] epoch 43/50: train_loss=0.4853 val_auc=0.8775 best=0.9397 patience=9/10
    [tffm] epoch 44/50: train_loss=0.5655 val_auc=0.9250 best=0.9397 patience=10/10
    [tffm] early stop at epoch 44
  [tffm] fold 58/100: AUC=0.9397
    [tffm] epoch 01/50: train_loss=1.1787 val_auc=0.8508 best=0.8508 patience=0/10 *
    [tffm] epoch 02/50: train_loss=0.8774 val_auc=0.8720 best=0.8720 patience=0/10 *
    [tffm] epoch 03/50: train_loss=0.8491 val_auc=0.8963 best=0.8963 patience=0/10 *
    [tffm] epoch 04/50: train_loss=0.8246 val_auc=0.9047 best=0.9047 patience=0/10 *
    [tffm] epoch 05/50: train_loss=0.7695 val_auc=0.9127 best=0.9127 patience=0/10 *
    [tffm] epoch 06/50: train_loss=0.7859 val_auc=0.9160 best=0.9160 patience=0/10 *
    [tffm] epoch 07/50: train_loss=0.7343 val_auc=0.9203 best=0.9203 patience=0/10 *
    [tffm] epoch 08/50: train_loss=0.7185 val_auc=0.9255 best=0.9255 patience=0/10 *
    [tffm] epoch 09/50: train_loss=0.7087 val_auc=0.9317 best=0.9317 patience=0/10 *
    [tffm] epoch 10/50: train_loss=0.7034 val_auc=0.9374 best=0.9374 patience=0/10 *
    [tffm] epoch 11/50: train_loss=0.7020 val_auc=0.9406 best=0.9406 patience=0/10 *
    [tffm] epoch 12/50: train_loss=0.7166 val_auc=0.9461 best=0.9461 patience=0/10 *
    [tffm] epoch 13/50: train_loss=0.7266 val_auc=0.9453 best=0.9461 patience=1/10
    [tffm] epoch 14/50: train_loss=0.7487 val_auc=0.9232 best=0.9461 patience=2/10
    [tffm] epoch 15/50: train_loss=0.8546 val_auc=0.9476 best=0.9476 patience=0/10 *
    [tffm] epoch 16/50: train_loss=0.8333 val_auc=0.9471 best=0.9476 patience=1/10
    [tffm] epoch 17/50: train_loss=0.7091 val_auc=0.9486 best=0.9486 patience=0/10 *
    [tffm] epoch 18/50: train_loss=0.6794 val_auc=0.9466 best=0.9486 patience=1/10
    [tffm] epoch 19/50: train_loss=0.7175 val_auc=0.9476 best=0.9486 patience=2/10
    [tffm] epoch 20/50: train_loss=0.6333 val_auc=0.9514 best=0.9514 patience=0/10 *
    [tffm] epoch 21/50: train_loss=0.6755 val_auc=0.9504 best=0.9514 patience=1/10
    [tffm] epoch 22/50: train_loss=0.6901 val_auc=0.9516 best=0.9516 patience=0/10 *
    [tffm] epoch 23/50: train_loss=0.7128 val_auc=0.9513 best=0.9516 patience=1/10
    [tffm] epoch 24/50: train_loss=0.6177 val_auc=0.9526 best=0.9526 patience=0/10 *
    [tffm] epoch 25/50: train_loss=0.6202 val_auc=0.9546 best=0.9546 patience=0/10 *
    [tffm] epoch 26/50: train_loss=0.6342 val_auc=0.9560 best=0.9560 patience=0/10 *
    [tffm] epoch 27/50: train_loss=0.5936 val_auc=0.9538 best=0.9560 patience=1/10
    [tffm] epoch 28/50: train_loss=0.6098 val_auc=0.9559 best=0.9560 patience=2/10
    [tffm] epoch 29/50: train_loss=0.6647 val_auc=0.9527 best=0.9560 patience=3/10
    [tffm] epoch 30/50: train_loss=0.5875 val_auc=0.9507 best=0.9560 patience=4/10
    [tffm] epoch 31/50: train_loss=0.5943 val_auc=0.9524 best=0.9560 patience=5/10
    [tffm] epoch 32/50: train_loss=0.5826 val_auc=0.9542 best=0.9560 patience=6/10
    [tffm] epoch 33/50: train_loss=0.6607 val_auc=0.9571 best=0.9571 patience=0/10 *
    [tffm] epoch 34/50: train_loss=0.6299 val_auc=0.9546 best=0.9571 patience=1/10
    [tffm] epoch 35/50: train_loss=0.6030 val_auc=0.9550 best=0.9571 patience=2/10
    [tffm] epoch 36/50: train_loss=0.6302 val_auc=0.9449 best=0.9571 patience=3/10
    [tffm] epoch 37/50: train_loss=0.6394 val_auc=0.9555 best=0.9571 patience=4/10
    [tffm] epoch 38/50: train_loss=0.6570 val_auc=0.9499 best=0.9571 patience=5/10
    [tffm] epoch 39/50: train_loss=0.5717 val_auc=0.9576 best=0.9576 patience=0/10 *
    [tffm] epoch 40/50: train_loss=0.6082 val_auc=0.9382 best=0.9576 patience=1/10
    [tffm] epoch 41/50: train_loss=0.5467 val_auc=0.9475 best=0.9576 patience=2/10
    [tffm] epoch 42/50: train_loss=0.5774 val_auc=0.9406 best=0.9576 patience=3/10
    [tffm] epoch 43/50: train_loss=0.6063 val_auc=0.9524 best=0.9576 patience=4/10
    [tffm] epoch 44/50: train_loss=0.5204 val_auc=0.9134 best=0.9576 patience=5/10
    [tffm] epoch 45/50: train_loss=0.5687 val_auc=0.9487 best=0.9576 patience=6/10
    [tffm] epoch 46/50: train_loss=0.5850 val_auc=0.9253 best=0.9576 patience=7/10
    [tffm] epoch 47/50: train_loss=0.5690 val_auc=0.9404 best=0.9576 patience=8/10
    [tffm] epoch 48/50: train_loss=0.5748 val_auc=0.9408 best=0.9576 patience=9/10
    [tffm] epoch 49/50: train_loss=0.5485 val_auc=0.9137 best=0.9576 patience=10/10
    [tffm] early stop at epoch 49
  [tffm] fold 59/100: AUC=0.9576
    [tffm] epoch 01/50: train_loss=1.1903 val_auc=0.9298 best=0.9298 patience=0/10 *
    [tffm] epoch 02/50: train_loss=0.9289 val_auc=0.9373 best=0.9373 patience=0/10 *
    [tffm] epoch 03/50: train_loss=0.9028 val_auc=0.9459 best=0.9459 patience=0/10 *
    [tffm] epoch 04/50: train_loss=0.8300 val_auc=0.9476 best=0.9476 patience=0/10 *
    [tffm] epoch 05/50: train_loss=0.8142 val_auc=0.9497 best=0.9497 patience=0/10 *
    [tffm] epoch 06/50: train_loss=0.7821 val_auc=0.9457 best=0.9497 patience=1/10
    [tffm] epoch 07/50: train_loss=0.7918 val_auc=0.9513 best=0.9513 patience=0/10 *
    [tffm] epoch 08/50: train_loss=0.8808 val_auc=0.9499 best=0.9513 patience=1/10
    [tffm] epoch 09/50: train_loss=0.7458 val_auc=0.9338 best=0.9513 patience=2/10
    [tffm] epoch 10/50: train_loss=0.7568 val_auc=0.9518 best=0.9518 patience=0/10 *
    [tffm] epoch 11/50: train_loss=0.8460 val_auc=0.9499 best=0.9518 patience=1/10
    [tffm] epoch 12/50: train_loss=0.7346 val_auc=0.9432 best=0.9518 patience=2/10
    [tffm] epoch 13/50: train_loss=0.8573 val_auc=0.9473 best=0.9518 patience=3/10
    [tffm] epoch 14/50: train_loss=0.7421 val_auc=0.9387 best=0.9518 patience=4/10
    [tffm] epoch 15/50: train_loss=0.6889 val_auc=0.9458 best=0.9518 patience=5/10
    [tffm] epoch 16/50: train_loss=0.7067 val_auc=0.9433 best=0.9518 patience=6/10
    [tffm] epoch 17/50: train_loss=0.7019 val_auc=0.9448 best=0.9518 patience=7/10
    [tffm] epoch 18/50: train_loss=0.6626 val_auc=0.9437 best=0.9518 patience=8/10
    [tffm] epoch 19/50: train_loss=0.7328 val_auc=0.9474 best=0.9518 patience=9/10
    [tffm] epoch 20/50: train_loss=0.6296 val_auc=0.9391 best=0.9518 patience=10/10
    [tffm] early stop at epoch 20
  [tffm] fold 60/100: AUC=0.9518
    [tffm] epoch 01/50: train_loss=1.1540 val_auc=0.8968 best=0.8968 patience=0/10 *
    [tffm] epoch 02/50: train_loss=1.0226 val_auc=0.9109 best=0.9109 patience=0/10 *
    [tffm] epoch 03/50: train_loss=0.8518 val_auc=0.9198 best=0.9198 patience=0/10 *
    [tffm] epoch 04/50: train_loss=0.7862 val_auc=0.9231 best=0.9231 patience=0/10 *
    [tffm] epoch 05/50: train_loss=0.8119 val_auc=0.9227 best=0.9231 patience=1/10
    [tffm] epoch 06/50: train_loss=0.7747 val_auc=0.9228 best=0.9231 patience=2/10
    [tffm] epoch 07/50: train_loss=0.7600 val_auc=0.9303 best=0.9303 patience=0/10 *
    [tffm] epoch 08/50: train_loss=0.8561 val_auc=0.9314 best=0.9314 patience=0/10 *
    [tffm] epoch 09/50: train_loss=0.7221 val_auc=0.9374 best=0.9374 patience=0/10 *
    [tffm] epoch 10/50: train_loss=0.7476 val_auc=0.9403 best=0.9403 patience=0/10 *
    [tffm] epoch 11/50: train_loss=0.8217 val_auc=0.9398 best=0.9403 patience=1/10
    [tffm] epoch 12/50: train_loss=0.7062 val_auc=0.9465 best=0.9465 patience=0/10 *
    [tffm] epoch 13/50: train_loss=0.7300 val_auc=0.9469 best=0.9469 patience=0/10 *
    [tffm] epoch 14/50: train_loss=0.6979 val_auc=0.9498 best=0.9498 patience=0/10 *
    [tffm] epoch 15/50: train_loss=0.6730 val_auc=0.9508 best=0.9508 patience=0/10 *
    [tffm] epoch 16/50: train_loss=0.6490 val_auc=0.9564 best=0.9564 patience=0/10 *
    [tffm] epoch 17/50: train_loss=0.6629 val_auc=0.9510 best=0.9564 patience=1/10
    [tffm] epoch 18/50: train_loss=0.6900 val_auc=0.9569 best=0.9569 patience=0/10 *
    [tffm] epoch 19/50: train_loss=0.6420 val_auc=0.9520 best=0.9569 patience=1/10
    [tffm] epoch 20/50: train_loss=0.7629 val_auc=0.9627 best=0.9627 patience=0/10 *
    [tffm] epoch 21/50: train_loss=0.6454 val_auc=0.9557 best=0.9627 patience=1/10
    [tffm] epoch 22/50: train_loss=0.6276 val_auc=0.9575 best=0.9627 patience=2/10
    [tffm] epoch 23/50: train_loss=0.6473 val_auc=0.9530 best=0.9627 patience=3/10
    [tffm] epoch 24/50: train_loss=0.6614 val_auc=0.9624 best=0.9627 patience=4/10
    [tffm] epoch 25/50: train_loss=0.6395 val_auc=0.9543 best=0.9627 patience=5/10
    [tffm] epoch 26/50: train_loss=0.6757 val_auc=0.9638 best=0.9638 patience=0/10 *
    [tffm] epoch 27/50: train_loss=0.5814 val_auc=0.9620 best=0.9638 patience=1/10
    [tffm] epoch 28/50: train_loss=0.6226 val_auc=0.9634 best=0.9638 patience=2/10
    [tffm] epoch 29/50: train_loss=0.6971 val_auc=0.9580 best=0.9638 patience=3/10
    [tffm] epoch 30/50: train_loss=0.7503 val_auc=0.9596 best=0.9638 patience=4/10
    [tffm] epoch 31/50: train_loss=0.6013 val_auc=0.9596 best=0.9638 patience=5/10
    [tffm] epoch 32/50: train_loss=0.5920 val_auc=0.9640 best=0.9640 patience=0/10 *
    [tffm] epoch 33/50: train_loss=0.5919 val_auc=0.9601 best=0.9640 patience=1/10
    [tffm] epoch 34/50: train_loss=0.6183 val_auc=0.9660 best=0.9660 patience=0/10 *
    [tffm] epoch 35/50: train_loss=0.5936 val_auc=0.9672 best=0.9672 patience=0/10 *
    [tffm] epoch 36/50: train_loss=0.6296 val_auc=0.9631 best=0.9672 patience=1/10
    [tffm] epoch 37/50: train_loss=0.6090 val_auc=0.9672 best=0.9672 patience=0/10 *
    [tffm] epoch 38/50: train_loss=0.7469 val_auc=0.9650 best=0.9672 patience=1/10
    [tffm] epoch 39/50: train_loss=0.6264 val_auc=0.9627 best=0.9672 patience=2/10
    [tffm] epoch 40/50: train_loss=0.5584 val_auc=0.9645 best=0.9672 patience=3/10
    [tffm] epoch 41/50: train_loss=0.5667 val_auc=0.9642 best=0.9672 patience=4/10
    [tffm] epoch 42/50: train_loss=0.6853 val_auc=0.9651 best=0.9672 patience=5/10
    [tffm] epoch 43/50: train_loss=0.5650 val_auc=0.9638 best=0.9672 patience=6/10
    [tffm] epoch 44/50: train_loss=0.5726 val_auc=0.9641 best=0.9672 patience=7/10
    [tffm] epoch 45/50: train_loss=0.5339 val_auc=0.9647 best=0.9672 patience=8/10
    [tffm] epoch 46/50: train_loss=0.5379 val_auc=0.9646 best=0.9672 patience=9/10
    [tffm] epoch 47/50: train_loss=0.5148 val_auc=0.9685 best=0.9685 patience=0/10 *
    [tffm] epoch 48/50: train_loss=0.5601 val_auc=0.9681 best=0.9685 patience=1/10
    [tffm] epoch 49/50: train_loss=0.5090 val_auc=0.9723 best=0.9723 patience=0/10 *
    [tffm] epoch 50/50: train_loss=0.6381 val_auc=0.9687 best=0.9723 patience=1/10
  [tffm] fold 61/100: AUC=0.9723
    [tffm] epoch 01/50: train_loss=1.1226 val_auc=0.8615 best=0.8615 patience=0/10 *
    [tffm] epoch 02/50: train_loss=0.9033 val_auc=0.8641 best=0.8641 patience=0/10 *
    [tffm] epoch 03/50: train_loss=0.7654 val_auc=0.8628 best=0.8641 patience=1/10
    [tffm] epoch 04/50: train_loss=0.7446 val_auc=0.8715 best=0.8715 patience=0/10 *
    [tffm] epoch 05/50: train_loss=0.7211 val_auc=0.8747 best=0.8747 patience=0/10 *
    [tffm] epoch 06/50: train_loss=0.7142 val_auc=0.8763 best=0.8763 patience=0/10 *
    [tffm] epoch 07/50: train_loss=0.6626 val_auc=0.8598 best=0.8763 patience=1/10
    [tffm] epoch 08/50: train_loss=0.7272 val_auc=0.8287 best=0.8763 patience=2/10
    [tffm] epoch 09/50: train_loss=0.6679 val_auc=0.8063 best=0.8763 patience=3/10
    [tffm] epoch 10/50: train_loss=0.6332 val_auc=0.7730 best=0.8763 patience=4/10
    [tffm] epoch 11/50: train_loss=0.6630 val_auc=0.8446 best=0.8763 patience=5/10
    [tffm] epoch 12/50: train_loss=0.6650 val_auc=0.7977 best=0.8763 patience=6/10
    [tffm] epoch 13/50: train_loss=0.6177 val_auc=0.8604 best=0.8763 patience=7/10
    [tffm] epoch 14/50: train_loss=0.6288 val_auc=0.7365 best=0.8763 patience=8/10
    [tffm] epoch 15/50: train_loss=0.7624 val_auc=0.8047 best=0.8763 patience=9/10
    [tffm] epoch 16/50: train_loss=0.6216 val_auc=0.8337 best=0.8763 patience=10/10
    [tffm] early stop at epoch 16
  [tffm] fold 62/100: AUC=0.8763
    [tffm] epoch 01/50: train_loss=1.0908 val_auc=0.8037 best=0.8037 patience=0/10 *
    [tffm] epoch 02/50: train_loss=0.8866 val_auc=0.8123 best=0.8123 patience=0/10 *
    [tffm] epoch 03/50: train_loss=0.7879 val_auc=0.8431 best=0.8431 patience=0/10 *
    [tffm] epoch 04/50: train_loss=0.7423 val_auc=0.8331 best=0.8431 patience=1/10
    [tffm] epoch 05/50: train_loss=0.7668 val_auc=0.8296 best=0.8431 patience=2/10
    [tffm] epoch 06/50: train_loss=0.7128 val_auc=0.8351 best=0.8431 patience=3/10
    [tffm] epoch 07/50: train_loss=0.7217 val_auc=0.8443 best=0.8443 patience=0/10 *
    [tffm] epoch 08/50: train_loss=0.7556 val_auc=0.8634 best=0.8634 patience=0/10 *
    [tffm] epoch 09/50: train_loss=0.6819 val_auc=0.8747 best=0.8747 patience=0/10 *
    [tffm] epoch 10/50: train_loss=0.6892 val_auc=0.8750 best=0.8750 patience=0/10 *
    [tffm] epoch 11/50: train_loss=0.6598 val_auc=0.8717 best=0.8750 patience=1/10
    [tffm] epoch 12/50: train_loss=0.6961 val_auc=0.8810 best=0.8810 patience=0/10 *
    [tffm] epoch 13/50: train_loss=0.7017 val_auc=0.8786 best=0.8810 patience=1/10
    [tffm] epoch 14/50: train_loss=0.6302 val_auc=0.8696 best=0.8810 patience=2/10
    [tffm] epoch 15/50: train_loss=0.6305 val_auc=0.8676 best=0.8810 patience=3/10
    [tffm] epoch 16/50: train_loss=0.6222 val_auc=0.8684 best=0.8810 patience=4/10
    [tffm] epoch 17/50: train_loss=0.6093 val_auc=0.8687 best=0.8810 patience=5/10
    [tffm] epoch 18/50: train_loss=0.6650 val_auc=0.8561 best=0.8810 patience=6/10
    [tffm] epoch 19/50: train_loss=0.6251 val_auc=0.8524 best=0.8810 patience=7/10
    [tffm] epoch 20/50: train_loss=0.5917 val_auc=0.8747 best=0.8810 patience=8/10
    [tffm] epoch 21/50: train_loss=0.5694 val_auc=0.8475 best=0.8810 patience=9/10
    [tffm] epoch 22/50: train_loss=0.6693 val_auc=0.8623 best=0.8810 patience=10/10
    [tffm] early stop at epoch 22
  [tffm] fold 63/100: AUC=0.8810
    [tffm] epoch 01/50: train_loss=1.1706 val_auc=0.8119 best=0.8119 patience=0/10 *
    [tffm] epoch 02/50: train_loss=0.9522 val_auc=0.8192 best=0.8192 patience=0/10 *
    [tffm] epoch 03/50: train_loss=0.8329 val_auc=0.8639 best=0.8639 patience=0/10 *
    [tffm] epoch 04/50: train_loss=0.7684 val_auc=0.8869 best=0.8869 patience=0/10 *
    [tffm] epoch 05/50: train_loss=0.7351 val_auc=0.9088 best=0.9088 patience=0/10 *
    [tffm] epoch 06/50: train_loss=0.7339 val_auc=0.9122 best=0.9122 patience=0/10 *
    [tffm] epoch 07/50: train_loss=0.9109 val_auc=0.9158 best=0.9158 patience=0/10 *
    [tffm] epoch 08/50: train_loss=0.7041 val_auc=0.9045 best=0.9158 patience=1/10
    [tffm] epoch 09/50: train_loss=0.7293 val_auc=0.9014 best=0.9158 patience=2/10
    [tffm] epoch 10/50: train_loss=0.6911 val_auc=0.9073 best=0.9158 patience=3/10
    [tffm] epoch 11/50: train_loss=0.7244 val_auc=0.9148 best=0.9158 patience=4/10
    [tffm] epoch 12/50: train_loss=0.6960 val_auc=0.9065 best=0.9158 patience=5/10
    [tffm] epoch 13/50: train_loss=0.7362 val_auc=0.9080 best=0.9158 patience=6/10
    [tffm] epoch 14/50: train_loss=0.6818 val_auc=0.9084 best=0.9158 patience=7/10
    [tffm] epoch 15/50: train_loss=0.6992 val_auc=0.9103 best=0.9158 patience=8/10
    [tffm] epoch 16/50: train_loss=0.6701 val_auc=0.9071 best=0.9158 patience=9/10
    [tffm] epoch 17/50: train_loss=0.6483 val_auc=0.9107 best=0.9158 patience=10/10
    [tffm] early stop at epoch 17
  [tffm] fold 64/100: AUC=0.9158
    [tffm] epoch 01/50: train_loss=1.1438 val_auc=0.8907 best=0.8907 patience=0/10 *
    [tffm] epoch 02/50: train_loss=0.9468 val_auc=0.9047 best=0.9047 patience=0/10 *
    [tffm] epoch 03/50: train_loss=0.8753 val_auc=0.9099 best=0.9099 patience=0/10 *
    [tffm] epoch 04/50: train_loss=0.8721 val_auc=0.9272 best=0.9272 patience=0/10 *
    [tffm] epoch 05/50: train_loss=0.7837 val_auc=0.9291 best=0.9291 patience=0/10 *
    [tffm] epoch 06/50: train_loss=0.7664 val_auc=0.9288 best=0.9291 patience=1/10
    [tffm] epoch 07/50: train_loss=0.7469 val_auc=0.9297 best=0.9297 patience=0/10 *
    [tffm] epoch 08/50: train_loss=0.8094 val_auc=0.9372 best=0.9372 patience=0/10 *
    [tffm] epoch 09/50: train_loss=0.7577 val_auc=0.9166 best=0.9372 patience=1/10
    [tffm] epoch 10/50: train_loss=0.7662 val_auc=0.9356 best=0.9372 patience=2/10
    [tffm] epoch 11/50: train_loss=0.7020 val_auc=0.9266 best=0.9372 patience=3/10
    [tffm] epoch 12/50: train_loss=0.6875 val_auc=0.9404 best=0.9404 patience=0/10 *
    [tffm] epoch 13/50: train_loss=0.7409 val_auc=0.9323 best=0.9404 patience=1/10
    [tffm] epoch 14/50: train_loss=0.6623 val_auc=0.9353 best=0.9404 patience=2/10
    [tffm] epoch 15/50: train_loss=0.7268 val_auc=0.9348 best=0.9404 patience=3/10
    [tffm] epoch 16/50: train_loss=0.6521 val_auc=0.9384 best=0.9404 patience=4/10
    [tffm] epoch 17/50: train_loss=0.6276 val_auc=0.9351 best=0.9404 patience=5/10
    [tffm] epoch 18/50: train_loss=0.7841 val_auc=0.9264 best=0.9404 patience=6/10
    [tffm] epoch 19/50: train_loss=0.6648 val_auc=0.9343 best=0.9404 patience=7/10
    [tffm] epoch 20/50: train_loss=0.6137 val_auc=0.9325 best=0.9404 patience=8/10
    [tffm] epoch 21/50: train_loss=0.5721 val_auc=0.9212 best=0.9404 patience=9/10
    [tffm] epoch 22/50: train_loss=0.6222 val_auc=0.9305 best=0.9404 patience=10/10
    [tffm] early stop at epoch 22
  [tffm] fold 65/100: AUC=0.9404
    [tffm] epoch 01/50: train_loss=1.1361 val_auc=0.8175 best=0.8175 patience=0/10 *
    [tffm] epoch 02/50: train_loss=0.8333 val_auc=0.8494 best=0.8494 patience=0/10 *
    [tffm] epoch 03/50: train_loss=0.7776 val_auc=0.8325 best=0.8494 patience=1/10
    [tffm] epoch 04/50: train_loss=0.7910 val_auc=0.8406 best=0.8494 patience=2/10
    [tffm] epoch 05/50: train_loss=0.7456 val_auc=0.8520 best=0.8520 patience=0/10 *
    [tffm] epoch 06/50: train_loss=0.7137 val_auc=0.8525 best=0.8525 patience=0/10 *
    [tffm] epoch 07/50: train_loss=0.7226 val_auc=0.8583 best=0.8583 patience=0/10 *
    [tffm] epoch 08/50: train_loss=0.6766 val_auc=0.8595 best=0.8595 patience=0/10 *
    [tffm] epoch 09/50: train_loss=0.6748 val_auc=0.8629 best=0.8629 patience=0/10 *
    [tffm] epoch 10/50: train_loss=0.6769 val_auc=0.8654 best=0.8654 patience=0/10 *
    [tffm] epoch 11/50: train_loss=0.6788 val_auc=0.8752 best=0.8752 patience=0/10 *
    [tffm] epoch 12/50: train_loss=0.6558 val_auc=0.8709 best=0.8752 patience=1/10
    [tffm] epoch 13/50: train_loss=0.6521 val_auc=0.8817 best=0.8817 patience=0/10 *
    [tffm] epoch 14/50: train_loss=0.6852 val_auc=0.8822 best=0.8822 patience=0/10 *
    [tffm] epoch 15/50: train_loss=0.6506 val_auc=0.8863 best=0.8863 patience=0/10 *
    [tffm] epoch 16/50: train_loss=0.7822 val_auc=0.8848 best=0.8863 patience=1/10
    [tffm] epoch 17/50: train_loss=0.6909 val_auc=0.8788 best=0.8863 patience=2/10
    [tffm] epoch 18/50: train_loss=0.6095 val_auc=0.8727 best=0.8863 patience=3/10
    [tffm] epoch 19/50: train_loss=0.6594 val_auc=0.8790 best=0.8863 patience=4/10
    [tffm] epoch 20/50: train_loss=0.7185 val_auc=0.8832 best=0.8863 patience=5/10
    [tffm] epoch 21/50: train_loss=0.6033 val_auc=0.8842 best=0.8863 patience=6/10
    [tffm] epoch 22/50: train_loss=0.5827 val_auc=0.8838 best=0.8863 patience=7/10
    [tffm] epoch 23/50: train_loss=0.6559 val_auc=0.8785 best=0.8863 patience=8/10
    [tffm] epoch 24/50: train_loss=0.5601 val_auc=0.8796 best=0.8863 patience=9/10
    [tffm] epoch 25/50: train_loss=0.5439 val_auc=0.8907 best=0.8907 patience=0/10 *
    [tffm] epoch 26/50: train_loss=0.5282 val_auc=0.8932 best=0.8932 patience=0/10 *
    [tffm] epoch 27/50: train_loss=0.6052 val_auc=0.8896 best=0.8932 patience=1/10
    [tffm] epoch 28/50: train_loss=0.5378 val_auc=0.8883 best=0.8932 patience=2/10
    [tffm] epoch 29/50: train_loss=0.5435 val_auc=0.8924 best=0.8932 patience=3/10
    [tffm] epoch 30/50: train_loss=0.6669 val_auc=0.8914 best=0.8932 patience=4/10
    [tffm] epoch 31/50: train_loss=0.5570 val_auc=0.8918 best=0.8932 patience=5/10
    [tffm] epoch 32/50: train_loss=0.5517 val_auc=0.8933 best=0.8933 patience=0/10 *
    [tffm] epoch 33/50: train_loss=0.5657 val_auc=0.8725 best=0.8933 patience=1/10
    [tffm] epoch 34/50: train_loss=0.7510 val_auc=0.8772 best=0.8933 patience=2/10
    [tffm] epoch 35/50: train_loss=0.5925 val_auc=0.8778 best=0.8933 patience=3/10
    [tffm] epoch 36/50: train_loss=0.5147 val_auc=0.8872 best=0.8933 patience=4/10
    [tffm] epoch 37/50: train_loss=0.5285 val_auc=0.8915 best=0.8933 patience=5/10
    [tffm] epoch 38/50: train_loss=0.5059 val_auc=0.8742 best=0.8933 patience=6/10
    [tffm] epoch 39/50: train_loss=0.6240 val_auc=0.8935 best=0.8935 patience=0/10 *
    [tffm] epoch 40/50: train_loss=0.4932 val_auc=0.8795 best=0.8935 patience=1/10
    [tffm] epoch 41/50: train_loss=0.5477 val_auc=0.8802 best=0.8935 patience=2/10
    [tffm] epoch 42/50: train_loss=0.5383 val_auc=0.8731 best=0.8935 patience=3/10
    [tffm] epoch 43/50: train_loss=0.5933 val_auc=0.8824 best=0.8935 patience=4/10
    [tffm] epoch 44/50: train_loss=0.5909 val_auc=0.8753 best=0.8935 patience=5/10
    [tffm] epoch 45/50: train_loss=0.5444 val_auc=0.8783 best=0.8935 patience=6/10
    [tffm] epoch 46/50: train_loss=0.4963 val_auc=0.8853 best=0.8935 patience=7/10
    [tffm] epoch 47/50: train_loss=0.6130 val_auc=0.8680 best=0.8935 patience=8/10
    [tffm] epoch 48/50: train_loss=0.4884 val_auc=0.8559 best=0.8935 patience=9/10
    [tffm] epoch 49/50: train_loss=0.6270 val_auc=0.8431 best=0.8935 patience=10/10
    [tffm] early stop at epoch 49
  [tffm] fold 66/100: AUC=0.8935
    [tffm] epoch 01/50: train_loss=1.1317 val_auc=0.8681 best=0.8681 patience=0/10 *
    [tffm] epoch 02/50: train_loss=0.9332 val_auc=0.8642 best=0.8681 patience=1/10
    [tffm] epoch 03/50: train_loss=0.7929 val_auc=0.8848 best=0.8848 patience=0/10 *
    [tffm] epoch 04/50: train_loss=0.7712 val_auc=0.9000 best=0.9000 patience=0/10 *
    [tffm] epoch 05/50: train_loss=0.7556 val_auc=0.9045 best=0.9045 patience=0/10 *
    [tffm] epoch 06/50: train_loss=0.7166 val_auc=0.9079 best=0.9079 patience=0/10 *
    [tffm] epoch 07/50: train_loss=0.7476 val_auc=0.9126 best=0.9126 patience=0/10 *
    [tffm] epoch 08/50: train_loss=0.8695 val_auc=0.9130 best=0.9130 patience=0/10 *
    [tffm] epoch 09/50: train_loss=0.7586 val_auc=0.9068 best=0.9130 patience=1/10
    [tffm] epoch 10/50: train_loss=0.7903 val_auc=0.9164 best=0.9164 patience=0/10 *
    [tffm] epoch 11/50: train_loss=0.7869 val_auc=0.9075 best=0.9164 patience=1/10
    [tffm] epoch 12/50: train_loss=0.7224 val_auc=0.9124 best=0.9164 patience=2/10
    [tffm] epoch 13/50: train_loss=0.7913 val_auc=0.9165 best=0.9165 patience=0/10 *
    [tffm] epoch 14/50: train_loss=0.6956 val_auc=0.9073 best=0.9165 patience=1/10
    [tffm] epoch 15/50: train_loss=0.6935 val_auc=0.9054 best=0.9165 patience=2/10
    [tffm] epoch 16/50: train_loss=0.6383 val_auc=0.9110 best=0.9165 patience=3/10
    [tffm] epoch 17/50: train_loss=0.6426 val_auc=0.9063 best=0.9165 patience=4/10
    [tffm] epoch 18/50: train_loss=0.6041 val_auc=0.9045 best=0.9165 patience=5/10
    [tffm] epoch 19/50: train_loss=0.6309 val_auc=0.9029 best=0.9165 patience=6/10
    [tffm] epoch 20/50: train_loss=0.5952 val_auc=0.9141 best=0.9165 patience=7/10
    [tffm] epoch 21/50: train_loss=0.5876 val_auc=0.9091 best=0.9165 patience=8/10
    [tffm] epoch 22/50: train_loss=0.6077 val_auc=0.9129 best=0.9165 patience=9/10
    [tffm] epoch 23/50: train_loss=0.5757 val_auc=0.9114 best=0.9165 patience=10/10
    [tffm] early stop at epoch 23
  [tffm] fold 67/100: AUC=0.9165
    [tffm] epoch 01/50: train_loss=1.1302 val_auc=0.8625 best=0.8625 patience=0/10 *
    [tffm] epoch 02/50: train_loss=0.8801 val_auc=0.8608 best=0.8625 patience=1/10
    [tffm] epoch 03/50: train_loss=0.7991 val_auc=0.8649 best=0.8649 patience=0/10 *
    [tffm] epoch 04/50: train_loss=0.8266 val_auc=0.8743 best=0.8743 patience=0/10 *
    [tffm] epoch 05/50: train_loss=0.8688 val_auc=0.8884 best=0.8884 patience=0/10 *
    [tffm] epoch 06/50: train_loss=0.7379 val_auc=0.8960 best=0.8960 patience=0/10 *
    [tffm] epoch 07/50: train_loss=0.7497 val_auc=0.8987 best=0.8987 patience=0/10 *
    [tffm] epoch 08/50: train_loss=0.7196 val_auc=0.9028 best=0.9028 patience=0/10 *
    [tffm] epoch 09/50: train_loss=0.7068 val_auc=0.9071 best=0.9071 patience=0/10 *
    [tffm] epoch 10/50: train_loss=0.6944 val_auc=0.9035 best=0.9071 patience=1/10
    [tffm] epoch 11/50: train_loss=0.7067 val_auc=0.9030 best=0.9071 patience=2/10
    [tffm] epoch 12/50: train_loss=0.7332 val_auc=0.9120 best=0.9120 patience=0/10 *
    [tffm] epoch 13/50: train_loss=0.6962 val_auc=0.9135 best=0.9135 patience=0/10 *
    [tffm] epoch 14/50: train_loss=0.6593 val_auc=0.9092 best=0.9135 patience=1/10
    [tffm] epoch 15/50: train_loss=0.7079 val_auc=0.9101 best=0.9135 patience=2/10
    [tffm] epoch 16/50: train_loss=0.6963 val_auc=0.9159 best=0.9159 patience=0/10 *
    [tffm] epoch 17/50: train_loss=0.7822 val_auc=0.9149 best=0.9159 patience=1/10
    [tffm] epoch 18/50: train_loss=0.7164 val_auc=0.9171 best=0.9171 patience=0/10 *
    [tffm] epoch 19/50: train_loss=0.6454 val_auc=0.8843 best=0.9171 patience=1/10
    [tffm] epoch 20/50: train_loss=0.6365 val_auc=0.9073 best=0.9171 patience=2/10
    [tffm] epoch 21/50: train_loss=0.6112 val_auc=0.8876 best=0.9171 patience=3/10
    [tffm] epoch 22/50: train_loss=0.6853 val_auc=0.9130 best=0.9171 patience=4/10
    [tffm] epoch 23/50: train_loss=0.6860 val_auc=0.8574 best=0.9171 patience=5/10
    [tffm] epoch 24/50: train_loss=0.6284 val_auc=0.9165 best=0.9171 patience=6/10
    [tffm] epoch 25/50: train_loss=0.7457 val_auc=0.8876 best=0.9171 patience=7/10
    [tffm] epoch 26/50: train_loss=0.5798 val_auc=0.9147 best=0.9171 patience=8/10
    [tffm] epoch 27/50: train_loss=0.6355 val_auc=0.8834 best=0.9171 patience=9/10
    [tffm] epoch 28/50: train_loss=0.6998 val_auc=0.8697 best=0.9171 patience=10/10
    [tffm] early stop at epoch 28
  [tffm] fold 68/100: AUC=0.9171
    [tffm] epoch 01/50: train_loss=1.1161 val_auc=0.8780 best=0.8780 patience=0/10 *
    [tffm] epoch 02/50: train_loss=0.8788 val_auc=0.8874 best=0.8874 patience=0/10 *
    [tffm] epoch 03/50: train_loss=0.8466 val_auc=0.8988 best=0.8988 patience=0/10 *
    [tffm] epoch 04/50: train_loss=0.7978 val_auc=0.9124 best=0.9124 patience=0/10 *
    [tffm] epoch 05/50: train_loss=0.7817 val_auc=0.9170 best=0.9170 patience=0/10 *
    [tffm] epoch 06/50: train_loss=0.7477 val_auc=0.9211 best=0.9211 patience=0/10 *
    [tffm] epoch 07/50: train_loss=0.7887 val_auc=0.9297 best=0.9297 patience=0/10 *
    [tffm] epoch 08/50: train_loss=0.7973 val_auc=0.9318 best=0.9318 patience=0/10 *
    [tffm] epoch 09/50: train_loss=0.7578 val_auc=0.9332 best=0.9332 patience=0/10 *
    [tffm] epoch 10/50: train_loss=0.7163 val_auc=0.9361 best=0.9361 patience=0/10 *
    [tffm] epoch 11/50: train_loss=0.7002 val_auc=0.9361 best=0.9361 patience=0/10 *
    [tffm] epoch 12/50: train_loss=0.7421 val_auc=0.9395 best=0.9395 patience=0/10 *
    [tffm] epoch 13/50: train_loss=0.6749 val_auc=0.9389 best=0.9395 patience=1/10
    [tffm] epoch 14/50: train_loss=0.6596 val_auc=0.9355 best=0.9395 patience=2/10
    [tffm] epoch 15/50: train_loss=0.7097 val_auc=0.9315 best=0.9395 patience=3/10
    [tffm] epoch 16/50: train_loss=0.7141 val_auc=0.9271 best=0.9395 patience=4/10
    [tffm] epoch 17/50: train_loss=0.6304 val_auc=0.8953 best=0.9395 patience=5/10
    [tffm] epoch 18/50: train_loss=0.6497 val_auc=0.9134 best=0.9395 patience=6/10
    [tffm] epoch 19/50: train_loss=0.6077 val_auc=0.8957 best=0.9395 patience=7/10
    [tffm] epoch 20/50: train_loss=0.5894 val_auc=0.8699 best=0.9395 patience=8/10
    [tffm] epoch 21/50: train_loss=0.5752 val_auc=0.8702 best=0.9395 patience=9/10
    [tffm] epoch 22/50: train_loss=0.6620 val_auc=0.8581 best=0.9395 patience=10/10
    [tffm] early stop at epoch 22
  [tffm] fold 69/100: AUC=0.9395
    [tffm] epoch 01/50: train_loss=1.1824 val_auc=0.8634 best=0.8634 patience=0/10 *
    [tffm] epoch 02/50: train_loss=0.9596 val_auc=0.8469 best=0.8634 patience=1/10
    [tffm] epoch 03/50: train_loss=0.8305 val_auc=0.8576 best=0.8634 patience=2/10
    [tffm] epoch 04/50: train_loss=0.7613 val_auc=0.8560 best=0.8634 patience=3/10
    [tffm] epoch 05/50: train_loss=0.8082 val_auc=0.8620 best=0.8634 patience=4/10
    [tffm] epoch 06/50: train_loss=0.7489 val_auc=0.8734 best=0.8734 patience=0/10 *
    [tffm] epoch 07/50: train_loss=0.7348 val_auc=0.8935 best=0.8935 patience=0/10 *
    [tffm] epoch 08/50: train_loss=0.7020 val_auc=0.9020 best=0.9020 patience=0/10 *
    [tffm] epoch 09/50: train_loss=0.7057 val_auc=0.9127 best=0.9127 patience=0/10 *
    [tffm] epoch 10/50: train_loss=0.7638 val_auc=0.9115 best=0.9127 patience=1/10
    [tffm] epoch 11/50: train_loss=0.7283 val_auc=0.8920 best=0.9127 patience=2/10
    [tffm] epoch 12/50: train_loss=0.7105 val_auc=0.8959 best=0.9127 patience=3/10
    [tffm] epoch 13/50: train_loss=0.7088 val_auc=0.9199 best=0.9199 patience=0/10 *
    [tffm] epoch 14/50: train_loss=0.6833 val_auc=0.9288 best=0.9288 patience=0/10 *
    [tffm] epoch 15/50: train_loss=0.6784 val_auc=0.9157 best=0.9288 patience=1/10
    [tffm] epoch 16/50: train_loss=0.6378 val_auc=0.9052 best=0.9288 patience=2/10
    [tffm] epoch 17/50: train_loss=0.6377 val_auc=0.9297 best=0.9297 patience=0/10 *
    [tffm] epoch 18/50: train_loss=0.6269 val_auc=0.9272 best=0.9297 patience=1/10
    [tffm] epoch 19/50: train_loss=0.6187 val_auc=0.8907 best=0.9297 patience=2/10
    [tffm] epoch 20/50: train_loss=0.7315 val_auc=0.9230 best=0.9297 patience=3/10
    [tffm] epoch 21/50: train_loss=0.6733 val_auc=0.9233 best=0.9297 patience=4/10
    [tffm] epoch 22/50: train_loss=0.6873 val_auc=0.8920 best=0.9297 patience=5/10
    [tffm] epoch 23/50: train_loss=0.6139 val_auc=0.9266 best=0.9297 patience=6/10
    [tffm] epoch 24/50: train_loss=0.5945 val_auc=0.8907 best=0.9297 patience=7/10
    [tffm] epoch 25/50: train_loss=0.5931 val_auc=0.9262 best=0.9297 patience=8/10
    [tffm] epoch 26/50: train_loss=0.6454 val_auc=0.8950 best=0.9297 patience=9/10
    [tffm] epoch 27/50: train_loss=0.5926 val_auc=0.8969 best=0.9297 patience=10/10
    [tffm] early stop at epoch 27
  [tffm] fold 70/100: AUC=0.9297
    [tffm] epoch 01/50: train_loss=1.2641 val_auc=0.8596 best=0.8596 patience=0/10 *
    [tffm] epoch 02/50: train_loss=0.9599 val_auc=0.8752 best=0.8752 patience=0/10 *
    [tffm] epoch 03/50: train_loss=0.8435 val_auc=0.8800 best=0.8800 patience=0/10 *
    [tffm] epoch 04/50: train_loss=0.9150 val_auc=0.8968 best=0.8968 patience=0/10 *
    [tffm] epoch 05/50: train_loss=0.7863 val_auc=0.9101 best=0.9101 patience=0/10 *
    [tffm] epoch 06/50: train_loss=0.8355 val_auc=0.9157 best=0.9157 patience=0/10 *
    [tffm] epoch 07/50: train_loss=0.8249 val_auc=0.9268 best=0.9268 patience=0/10 *
    [tffm] epoch 08/50: train_loss=0.7475 val_auc=0.9238 best=0.9268 patience=1/10
    [tffm] epoch 09/50: train_loss=0.8006 val_auc=0.9332 best=0.9332 patience=0/10 *
    [tffm] epoch 10/50: train_loss=0.8913 val_auc=0.9296 best=0.9332 patience=1/10
    [tffm] epoch 11/50: train_loss=0.7510 val_auc=0.9388 best=0.9388 patience=0/10 *
    [tffm] epoch 12/50: train_loss=0.6848 val_auc=0.9434 best=0.9434 patience=0/10 *
    [tffm] epoch 13/50: train_loss=0.7307 val_auc=0.9437 best=0.9437 patience=0/10 *
    [tffm] epoch 14/50: train_loss=0.7001 val_auc=0.9478 best=0.9478 patience=0/10 *
    [tffm] epoch 15/50: train_loss=0.6771 val_auc=0.9510 best=0.9510 patience=0/10 *
    [tffm] epoch 16/50: train_loss=0.6784 val_auc=0.9511 best=0.9511 patience=0/10 *
    [tffm] epoch 17/50: train_loss=0.7501 val_auc=0.9488 best=0.9511 patience=1/10
    [tffm] epoch 18/50: train_loss=0.6657 val_auc=0.9493 best=0.9511 patience=2/10
    [tffm] epoch 19/50: train_loss=0.7741 val_auc=0.9531 best=0.9531 patience=0/10 *
    [tffm] epoch 20/50: train_loss=0.6633 val_auc=0.9524 best=0.9531 patience=1/10
    [tffm] epoch 21/50: train_loss=0.6390 val_auc=0.9511 best=0.9531 patience=2/10
    [tffm] epoch 22/50: train_loss=0.6784 val_auc=0.9463 best=0.9531 patience=3/10
    [tffm] epoch 23/50: train_loss=0.6511 val_auc=0.9367 best=0.9531 patience=4/10
    [tffm] epoch 24/50: train_loss=0.6985 val_auc=0.9377 best=0.9531 patience=5/10
    [tffm] epoch 25/50: train_loss=0.6223 val_auc=0.9383 best=0.9531 patience=6/10
    [tffm] epoch 26/50: train_loss=0.6636 val_auc=0.9468 best=0.9531 patience=7/10
    [tffm] epoch 27/50: train_loss=0.5786 val_auc=0.9549 best=0.9549 patience=0/10 *
    [tffm] epoch 28/50: train_loss=0.6135 val_auc=0.9543 best=0.9549 patience=1/10
    [tffm] epoch 29/50: train_loss=0.6096 val_auc=0.9559 best=0.9559 patience=0/10 *
    [tffm] epoch 30/50: train_loss=0.6718 val_auc=0.9443 best=0.9559 patience=1/10
    [tffm] epoch 31/50: train_loss=0.6421 val_auc=0.9410 best=0.9559 patience=2/10
    [tffm] epoch 32/50: train_loss=0.6735 val_auc=0.9368 best=0.9559 patience=3/10
    [tffm] epoch 33/50: train_loss=0.6189 val_auc=0.9404 best=0.9559 patience=4/10
    [tffm] epoch 34/50: train_loss=0.5635 val_auc=0.9397 best=0.9559 patience=5/10
    [tffm] epoch 35/50: train_loss=0.5698 val_auc=0.9440 best=0.9559 patience=6/10
    [tffm] epoch 36/50: train_loss=0.5699 val_auc=0.9399 best=0.9559 patience=7/10
    [tffm] epoch 37/50: train_loss=0.5701 val_auc=0.9428 best=0.9559 patience=8/10
    [tffm] epoch 38/50: train_loss=0.5954 val_auc=0.9415 best=0.9559 patience=9/10
    [tffm] epoch 39/50: train_loss=0.5812 val_auc=0.9332 best=0.9559 patience=10/10
    [tffm] early stop at epoch 39
  [tffm] fold 71/100: AUC=0.9559
    [tffm] epoch 01/50: train_loss=1.1688 val_auc=0.9304 best=0.9304 patience=0/10 *
    [tffm] epoch 02/50: train_loss=0.9487 val_auc=0.9377 best=0.9377 patience=0/10 *
    [tffm] epoch 03/50: train_loss=0.8831 val_auc=0.9357 best=0.9377 patience=1/10
    [tffm] epoch 04/50: train_loss=0.8530 val_auc=0.9342 best=0.9377 patience=2/10
    [tffm] epoch 05/50: train_loss=0.8412 val_auc=0.9370 best=0.9377 patience=3/10
    [tffm] epoch 06/50: train_loss=0.8217 val_auc=0.9370 best=0.9377 patience=4/10
    [tffm] epoch 07/50: train_loss=0.7751 val_auc=0.9321 best=0.9377 patience=5/10
    [tffm] epoch 08/50: train_loss=0.7408 val_auc=0.9357 best=0.9377 patience=6/10
    [tffm] epoch 09/50: train_loss=0.7257 val_auc=0.9383 best=0.9383 patience=0/10 *
    [tffm] epoch 10/50: train_loss=0.6954 val_auc=0.9410 best=0.9410 patience=0/10 *
    [tffm] epoch 11/50: train_loss=0.7585 val_auc=0.9397 best=0.9410 patience=1/10
    [tffm] epoch 12/50: train_loss=0.6815 val_auc=0.9393 best=0.9410 patience=2/10
    [tffm] epoch 13/50: train_loss=0.7272 val_auc=0.9402 best=0.9410 patience=3/10
    [tffm] epoch 14/50: train_loss=0.6922 val_auc=0.9095 best=0.9410 patience=4/10
    [tffm] epoch 15/50: train_loss=0.6425 val_auc=0.9091 best=0.9410 patience=5/10
    [tffm] epoch 16/50: train_loss=0.7503 val_auc=0.9074 best=0.9410 patience=6/10
    [tffm] epoch 17/50: train_loss=0.6721 val_auc=0.9388 best=0.9410 patience=7/10
    [tffm] epoch 18/50: train_loss=0.6381 val_auc=0.8897 best=0.9410 patience=8/10
    [tffm] epoch 19/50: train_loss=0.6503 val_auc=0.9423 best=0.9423 patience=0/10 *
    [tffm] epoch 20/50: train_loss=0.6528 val_auc=0.9131 best=0.9423 patience=1/10
    [tffm] epoch 21/50: train_loss=0.6282 val_auc=0.9101 best=0.9423 patience=2/10
    [tffm] epoch 22/50: train_loss=0.6572 val_auc=0.9154 best=0.9423 patience=3/10
    [tffm] epoch 23/50: train_loss=0.6534 val_auc=0.9028 best=0.9423 patience=4/10
    [tffm] epoch 24/50: train_loss=0.6192 val_auc=0.9352 best=0.9423 patience=5/10
    [tffm] epoch 25/50: train_loss=0.6089 val_auc=0.8816 best=0.9423 patience=6/10
    [tffm] epoch 26/50: train_loss=0.6246 val_auc=0.9410 best=0.9423 patience=7/10
    [tffm] epoch 27/50: train_loss=0.6057 val_auc=0.8974 best=0.9423 patience=8/10
    [tffm] epoch 28/50: train_loss=0.5937 val_auc=0.8859 best=0.9423 patience=9/10
    [tffm] epoch 29/50: train_loss=0.5551 val_auc=0.8624 best=0.9423 patience=10/10
    [tffm] early stop at epoch 29
  [tffm] fold 72/100: AUC=0.9423
    [tffm] epoch 01/50: train_loss=1.2232 val_auc=0.7908 best=0.7908 patience=0/10 *
    [tffm] epoch 02/50: train_loss=0.8851 val_auc=0.7991 best=0.7991 patience=0/10 *
    [tffm] epoch 03/50: train_loss=0.7282 val_auc=0.8096 best=0.8096 patience=0/10 *
    [tffm] epoch 04/50: train_loss=0.6832 val_auc=0.8260 best=0.8260 patience=0/10 *
    [tffm] epoch 05/50: train_loss=0.6786 val_auc=0.8264 best=0.8264 patience=0/10 *
    [tffm] epoch 06/50: train_loss=0.7900 val_auc=0.8330 best=0.8330 patience=0/10 *
    [tffm] epoch 07/50: train_loss=0.7059 val_auc=0.8187 best=0.8330 patience=1/10
    [tffm] epoch 08/50: train_loss=0.7806 val_auc=0.8328 best=0.8330 patience=2/10
    [tffm] epoch 09/50: train_loss=0.8203 val_auc=0.8129 best=0.8330 patience=3/10
    [tffm] epoch 10/50: train_loss=0.6827 val_auc=0.8321 best=0.8330 patience=4/10
    [tffm] epoch 11/50: train_loss=0.6606 val_auc=0.8273 best=0.8330 patience=5/10
    [tffm] epoch 12/50: train_loss=0.6568 val_auc=0.8214 best=0.8330 patience=6/10
    [tffm] epoch 13/50: train_loss=0.7140 val_auc=0.8335 best=0.8335 patience=0/10 *
    [tffm] epoch 14/50: train_loss=0.6087 val_auc=0.8293 best=0.8335 patience=1/10
    [tffm] epoch 15/50: train_loss=0.5689 val_auc=0.8355 best=0.8355 patience=0/10 *
    [tffm] epoch 16/50: train_loss=0.6038 val_auc=0.8424 best=0.8424 patience=0/10 *
    [tffm] epoch 17/50: train_loss=0.5773 val_auc=0.8492 best=0.8492 patience=0/10 *
    [tffm] epoch 18/50: train_loss=0.5746 val_auc=0.8581 best=0.8581 patience=0/10 *
    [tffm] epoch 19/50: train_loss=0.5866 val_auc=0.8539 best=0.8581 patience=1/10
    [tffm] epoch 20/50: train_loss=0.5636 val_auc=0.8414 best=0.8581 patience=2/10
    [tffm] epoch 21/50: train_loss=0.5361 val_auc=0.8561 best=0.8581 patience=3/10
    [tffm] epoch 22/50: train_loss=0.6501 val_auc=0.8428 best=0.8581 patience=4/10
    [tffm] epoch 23/50: train_loss=0.5689 val_auc=0.8578 best=0.8581 patience=5/10
    [tffm] epoch 24/50: train_loss=0.5393 val_auc=0.8510 best=0.8581 patience=6/10
    [tffm] epoch 25/50: train_loss=0.5740 val_auc=0.8625 best=0.8625 patience=0/10 *
    [tffm] epoch 26/50: train_loss=0.5512 val_auc=0.8596 best=0.8625 patience=1/10
    [tffm] epoch 27/50: train_loss=0.5578 val_auc=0.8522 best=0.8625 patience=2/10
    [tffm] epoch 28/50: train_loss=0.5363 val_auc=0.8467 best=0.8625 patience=3/10
    [tffm] epoch 29/50: train_loss=0.5298 val_auc=0.8564 best=0.8625 patience=4/10
    [tffm] epoch 30/50: train_loss=0.5667 val_auc=0.8470 best=0.8625 patience=5/10
    [tffm] epoch 31/50: train_loss=0.5518 val_auc=0.8563 best=0.8625 patience=6/10
    [tffm] epoch 32/50: train_loss=0.5235 val_auc=0.8540 best=0.8625 patience=7/10
    [tffm] epoch 33/50: train_loss=0.5591 val_auc=0.8573 best=0.8625 patience=8/10
    [tffm] epoch 34/50: train_loss=0.5723 val_auc=0.8561 best=0.8625 patience=9/10
    [tffm] epoch 35/50: train_loss=0.4680 val_auc=0.8545 best=0.8625 patience=10/10
    [tffm] early stop at epoch 35
  [tffm] fold 73/100: AUC=0.8625
    [tffm] epoch 01/50: train_loss=1.0797 val_auc=0.8462 best=0.8462 patience=0/10 *
    [tffm] epoch 02/50: train_loss=0.8803 val_auc=0.8568 best=0.8568 patience=0/10 *
    [tffm] epoch 03/50: train_loss=0.8661 val_auc=0.8699 best=0.8699 patience=0/10 *
    [tffm] epoch 04/50: train_loss=0.8106 val_auc=0.8846 best=0.8846 patience=0/10 *
    [tffm] epoch 05/50: train_loss=0.7557 val_auc=0.8906 best=0.8906 patience=0/10 *
    [tffm] epoch 06/50: train_loss=0.7359 val_auc=0.8971 best=0.8971 patience=0/10 *
    [tffm] epoch 07/50: train_loss=0.7979 val_auc=0.8992 best=0.8992 patience=0/10 *
    [tffm] epoch 08/50: train_loss=0.7043 val_auc=0.9041 best=0.9041 patience=0/10 *
    [tffm] epoch 09/50: train_loss=0.7313 val_auc=0.9051 best=0.9051 patience=0/10 *
    [tffm] epoch 10/50: train_loss=0.7298 val_auc=0.9086 best=0.9086 patience=0/10 *
    [tffm] epoch 11/50: train_loss=0.7320 val_auc=0.9107 best=0.9107 patience=0/10 *
    [tffm] epoch 12/50: train_loss=0.6416 val_auc=0.9136 best=0.9136 patience=0/10 *
    [tffm] epoch 13/50: train_loss=0.7088 val_auc=0.9137 best=0.9137 patience=0/10 *
    [tffm] epoch 14/50: train_loss=0.6511 val_auc=0.9151 best=0.9151 patience=0/10 *
    [tffm] epoch 15/50: train_loss=0.6778 val_auc=0.9162 best=0.9162 patience=0/10 *
    [tffm] epoch 16/50: train_loss=0.7223 val_auc=0.9147 best=0.9162 patience=1/10
    [tffm] epoch 17/50: train_loss=0.6381 val_auc=0.9182 best=0.9182 patience=0/10 *
    [tffm] epoch 18/50: train_loss=0.6028 val_auc=0.9161 best=0.9182 patience=1/10
    [tffm] epoch 19/50: train_loss=0.6144 val_auc=0.9178 best=0.9182 patience=2/10
    [tffm] epoch 20/50: train_loss=0.7023 val_auc=0.9208 best=0.9208 patience=0/10 *
    [tffm] epoch 21/50: train_loss=0.6264 val_auc=0.9141 best=0.9208 patience=1/10
    [tffm] epoch 22/50: train_loss=0.6946 val_auc=0.9215 best=0.9215 patience=0/10 *
    [tffm] epoch 23/50: train_loss=0.5690 val_auc=0.9041 best=0.9215 patience=1/10
    [tffm] epoch 24/50: train_loss=0.6378 val_auc=0.9232 best=0.9232 patience=0/10 *
    [tffm] epoch 25/50: train_loss=0.6315 val_auc=0.9077 best=0.9232 patience=1/10
    [tffm] epoch 26/50: train_loss=0.6861 val_auc=0.9253 best=0.9253 patience=0/10 *
    [tffm] epoch 27/50: train_loss=0.6211 val_auc=0.9238 best=0.9253 patience=1/10
    [tffm] epoch 28/50: train_loss=0.7006 val_auc=0.9075 best=0.9253 patience=2/10
    [tffm] epoch 29/50: train_loss=0.6082 val_auc=0.9154 best=0.9253 patience=3/10
    [tffm] epoch 30/50: train_loss=0.5455 val_auc=0.8781 best=0.9253 patience=4/10
    [tffm] epoch 31/50: train_loss=0.6038 val_auc=0.9075 best=0.9253 patience=5/10
    [tffm] epoch 32/50: train_loss=0.6187 val_auc=0.9207 best=0.9253 patience=6/10
    [tffm] epoch 33/50: train_loss=0.6132 val_auc=0.8380 best=0.9253 patience=7/10
    [tffm] epoch 34/50: train_loss=0.5226 val_auc=0.7681 best=0.9253 patience=8/10
    [tffm] epoch 35/50: train_loss=0.6348 val_auc=0.8886 best=0.9253 patience=9/10
    [tffm] epoch 36/50: train_loss=0.5885 val_auc=0.8260 best=0.9253 patience=10/10
    [tffm] early stop at epoch 36
  [tffm] fold 74/100: AUC=0.9253
    [tffm] epoch 01/50: train_loss=1.1206 val_auc=0.8754 best=0.8754 patience=0/10 *
    [tffm] epoch 02/50: train_loss=0.9165 val_auc=0.8677 best=0.8754 patience=1/10
    [tffm] epoch 03/50: train_loss=0.8393 val_auc=0.8805 best=0.8805 patience=0/10 *
    [tffm] epoch 04/50: train_loss=0.8058 val_auc=0.8842 best=0.8842 patience=0/10 *
    [tffm] epoch 05/50: train_loss=0.7535 val_auc=0.8785 best=0.8842 patience=1/10
    [tffm] epoch 06/50: train_loss=0.7732 val_auc=0.8853 best=0.8853 patience=0/10 *
    [tffm] epoch 07/50: train_loss=0.7724 val_auc=0.8865 best=0.8865 patience=0/10 *
    [tffm] epoch 08/50: train_loss=0.6805 val_auc=0.8946 best=0.8946 patience=0/10 *
    [tffm] epoch 09/50: train_loss=0.8222 val_auc=0.8999 best=0.8999 patience=0/10 *
    [tffm] epoch 10/50: train_loss=0.6869 val_auc=0.9043 best=0.9043 patience=0/10 *
    [tffm] epoch 11/50: train_loss=0.7214 val_auc=0.9069 best=0.9069 patience=0/10 *
    [tffm] epoch 12/50: train_loss=0.6768 val_auc=0.9033 best=0.9069 patience=1/10
    [tffm] epoch 13/50: train_loss=0.7516 val_auc=0.9022 best=0.9069 patience=2/10
    [tffm] epoch 14/50: train_loss=0.6176 val_auc=0.9018 best=0.9069 patience=3/10
    [tffm] epoch 15/50: train_loss=0.6831 val_auc=0.9026 best=0.9069 patience=4/10
    [tffm] epoch 16/50: train_loss=0.6069 val_auc=0.9047 best=0.9069 patience=5/10
    [tffm] epoch 17/50: train_loss=0.6136 val_auc=0.9037 best=0.9069 patience=6/10
    [tffm] epoch 18/50: train_loss=0.5803 val_auc=0.9035 best=0.9069 patience=7/10
    [tffm] epoch 19/50: train_loss=0.5916 val_auc=0.9102 best=0.9102 patience=0/10 *
    [tffm] epoch 20/50: train_loss=0.6379 val_auc=0.9195 best=0.9195 patience=0/10 *
    [tffm] epoch 21/50: train_loss=0.5827 val_auc=0.9186 best=0.9195 patience=1/10
    [tffm] epoch 22/50: train_loss=0.7702 val_auc=0.9185 best=0.9195 patience=2/10
    [tffm] epoch 23/50: train_loss=0.5860 val_auc=0.9199 best=0.9199 patience=0/10 *
    [tffm] epoch 24/50: train_loss=0.6087 val_auc=0.9050 best=0.9199 patience=1/10
    [tffm] epoch 25/50: train_loss=0.5893 val_auc=0.9131 best=0.9199 patience=2/10
    [tffm] epoch 26/50: train_loss=0.6353 val_auc=0.8801 best=0.9199 patience=3/10
    [tffm] epoch 27/50: train_loss=0.5961 val_auc=0.9081 best=0.9199 patience=4/10
    [tffm] epoch 28/50: train_loss=0.5398 val_auc=0.9046 best=0.9199 patience=5/10
    [tffm] epoch 29/50: train_loss=0.6550 val_auc=0.9232 best=0.9232 patience=0/10 *
    [tffm] epoch 30/50: train_loss=0.5512 val_auc=0.9195 best=0.9232 patience=1/10
    [tffm] epoch 31/50: train_loss=0.5409 val_auc=0.8096 best=0.9232 patience=2/10
    [tffm] epoch 32/50: train_loss=0.6136 val_auc=0.9174 best=0.9232 patience=3/10
    [tffm] epoch 33/50: train_loss=0.6340 val_auc=0.8809 best=0.9232 patience=4/10
    [tffm] epoch 34/50: train_loss=0.5368 val_auc=0.9161 best=0.9232 patience=5/10
    [tffm] epoch 35/50: train_loss=0.5670 val_auc=0.8052 best=0.9232 patience=6/10
    [tffm] epoch 36/50: train_loss=0.5844 val_auc=0.9157 best=0.9232 patience=7/10
    [tffm] epoch 37/50: train_loss=0.5789 val_auc=0.8615 best=0.9232 patience=8/10
    [tffm] epoch 38/50: train_loss=0.6050 val_auc=0.9196 best=0.9232 patience=9/10
    [tffm] epoch 39/50: train_loss=0.5334 val_auc=0.8711 best=0.9232 patience=10/10
    [tffm] early stop at epoch 39
  [tffm] fold 75/100: AUC=0.9232
    [tffm] epoch 01/50: train_loss=1.2629 val_auc=0.7664 best=0.7664 patience=0/10 *
    [tffm] epoch 02/50: train_loss=0.9678 val_auc=0.7807 best=0.7807 patience=0/10 *
    [tffm] epoch 03/50: train_loss=0.7804 val_auc=0.8035 best=0.8035 patience=0/10 *
    [tffm] epoch 04/50: train_loss=0.7163 val_auc=0.8175 best=0.8175 patience=0/10 *
    [tffm] epoch 05/50: train_loss=0.6977 val_auc=0.8290 best=0.8290 patience=0/10 *
    [tffm] epoch 06/50: train_loss=0.7151 val_auc=0.8323 best=0.8323 patience=0/10 *
    [tffm] epoch 07/50: train_loss=0.7613 val_auc=0.8411 best=0.8411 patience=0/10 *
    [tffm] epoch 08/50: train_loss=0.8438 val_auc=0.8455 best=0.8455 patience=0/10 *
    [tffm] epoch 09/50: train_loss=0.7183 val_auc=0.8429 best=0.8455 patience=1/10
    [tffm] epoch 10/50: train_loss=0.6709 val_auc=0.8517 best=0.8517 patience=0/10 *
    [tffm] epoch 11/50: train_loss=0.6533 val_auc=0.8543 best=0.8543 patience=0/10 *
    [tffm] epoch 12/50: train_loss=0.7400 val_auc=0.8687 best=0.8687 patience=0/10 *
    [tffm] epoch 13/50: train_loss=0.6972 val_auc=0.8639 best=0.8687 patience=1/10
    [tffm] epoch 14/50: train_loss=0.6840 val_auc=0.8492 best=0.8687 patience=2/10
    [tffm] epoch 15/50: train_loss=0.7001 val_auc=0.8795 best=0.8795 patience=0/10 *
    [tffm] epoch 16/50: train_loss=0.6297 val_auc=0.8778 best=0.8795 patience=1/10
    [tffm] epoch 17/50: train_loss=0.7215 val_auc=0.8807 best=0.8807 patience=0/10 *
    [tffm] epoch 18/50: train_loss=0.6797 val_auc=0.8765 best=0.8807 patience=1/10
    [tffm] epoch 19/50: train_loss=0.6652 val_auc=0.8485 best=0.8807 patience=2/10
    [tffm] epoch 20/50: train_loss=0.6366 val_auc=0.8806 best=0.8807 patience=3/10
    [tffm] epoch 21/50: train_loss=0.6825 val_auc=0.8841 best=0.8841 patience=0/10 *
    [tffm] epoch 22/50: train_loss=0.6777 val_auc=0.8801 best=0.8841 patience=1/10
    [tffm] epoch 23/50: train_loss=0.5775 val_auc=0.8748 best=0.8841 patience=2/10
    [tffm] epoch 24/50: train_loss=0.6525 val_auc=0.8690 best=0.8841 patience=3/10
    [tffm] epoch 25/50: train_loss=0.5980 val_auc=0.8566 best=0.8841 patience=4/10
    [tffm] epoch 26/50: train_loss=0.5613 val_auc=0.8593 best=0.8841 patience=5/10
    [tffm] epoch 27/50: train_loss=0.6322 val_auc=0.8561 best=0.8841 patience=6/10
    [tffm] epoch 28/50: train_loss=0.6451 val_auc=0.8709 best=0.8841 patience=7/10
    [tffm] epoch 29/50: train_loss=0.5950 val_auc=0.8483 best=0.8841 patience=8/10
    [tffm] epoch 30/50: train_loss=0.5094 val_auc=0.8568 best=0.8841 patience=9/10
    [tffm] epoch 31/50: train_loss=0.5187 val_auc=0.8323 best=0.8841 patience=10/10
    [tffm] early stop at epoch 31
  [tffm] fold 76/100: AUC=0.8841
    [tffm] epoch 01/50: train_loss=1.1763 val_auc=0.8674 best=0.8674 patience=0/10 *
    [tffm] epoch 02/50: train_loss=0.8829 val_auc=0.8644 best=0.8674 patience=1/10
    [tffm] epoch 03/50: train_loss=0.7963 val_auc=0.8803 best=0.8803 patience=0/10 *
    [tffm] epoch 04/50: train_loss=0.7673 val_auc=0.8908 best=0.8908 patience=0/10 *
    [tffm] epoch 05/50: train_loss=0.7488 val_auc=0.8960 best=0.8960 patience=0/10 *
    [tffm] epoch 06/50: train_loss=0.8461 val_auc=0.9018 best=0.9018 patience=0/10 *
    [tffm] epoch 07/50: train_loss=0.8322 val_auc=0.9079 best=0.9079 patience=0/10 *
    [tffm] epoch 08/50: train_loss=0.8033 val_auc=0.9060 best=0.9079 patience=1/10
    [tffm] epoch 09/50: train_loss=0.7294 val_auc=0.9152 best=0.9152 patience=0/10 *
    [tffm] epoch 10/50: train_loss=0.7161 val_auc=0.9242 best=0.9242 patience=0/10 *
    [tffm] epoch 11/50: train_loss=0.7047 val_auc=0.9261 best=0.9261 patience=0/10 *
    [tffm] epoch 12/50: train_loss=0.6944 val_auc=0.9281 best=0.9281 patience=0/10 *
    [tffm] epoch 13/50: train_loss=0.6747 val_auc=0.9252 best=0.9281 patience=1/10
    [tffm] epoch 14/50: train_loss=0.6265 val_auc=0.9351 best=0.9351 patience=0/10 *
    [tffm] epoch 15/50: train_loss=0.7443 val_auc=0.9334 best=0.9351 patience=1/10
    [tffm] epoch 16/50: train_loss=0.7036 val_auc=0.9293 best=0.9351 patience=2/10
    [tffm] epoch 17/50: train_loss=0.8204 val_auc=0.9347 best=0.9351 patience=3/10
    [tffm] epoch 18/50: train_loss=0.6377 val_auc=0.9298 best=0.9351 patience=4/10
    [tffm] epoch 19/50: train_loss=0.7092 val_auc=0.9379 best=0.9379 patience=0/10 *
    [tffm] epoch 20/50: train_loss=0.6273 val_auc=0.9287 best=0.9379 patience=1/10
    [tffm] epoch 21/50: train_loss=0.6651 val_auc=0.9358 best=0.9379 patience=2/10
    [tffm] epoch 22/50: train_loss=0.5974 val_auc=0.9347 best=0.9379 patience=3/10
    [tffm] epoch 23/50: train_loss=0.6274 val_auc=0.9377 best=0.9379 patience=4/10
    [tffm] epoch 24/50: train_loss=0.6193 val_auc=0.9425 best=0.9425 patience=0/10 *
    [tffm] epoch 25/50: train_loss=0.6188 val_auc=0.9408 best=0.9425 patience=1/10
    [tffm] epoch 26/50: train_loss=0.6169 val_auc=0.9448 best=0.9448 patience=0/10 *
    [tffm] epoch 27/50: train_loss=0.6832 val_auc=0.9398 best=0.9448 patience=1/10
    [tffm] epoch 28/50: train_loss=0.5648 val_auc=0.9429 best=0.9448 patience=2/10
    [tffm] epoch 29/50: train_loss=0.5871 val_auc=0.9379 best=0.9448 patience=3/10
    [tffm] epoch 30/50: train_loss=0.5993 val_auc=0.9359 best=0.9448 patience=4/10
    [tffm] epoch 31/50: train_loss=0.6719 val_auc=0.9359 best=0.9448 patience=5/10
    [tffm] epoch 32/50: train_loss=0.5684 val_auc=0.9304 best=0.9448 patience=6/10
    [tffm] epoch 33/50: train_loss=0.5894 val_auc=0.9252 best=0.9448 patience=7/10
    [tffm] epoch 34/50: train_loss=0.5536 val_auc=0.9273 best=0.9448 patience=8/10
    [tffm] epoch 35/50: train_loss=0.7419 val_auc=0.9286 best=0.9448 patience=9/10
    [tffm] epoch 36/50: train_loss=0.5212 val_auc=0.9362 best=0.9448 patience=10/10
    [tffm] early stop at epoch 36
  [tffm] fold 77/100: AUC=0.9448
    [tffm] epoch 01/50: train_loss=1.1152 val_auc=0.9141 best=0.9141 patience=0/10 *
    [tffm] epoch 02/50: train_loss=0.8789 val_auc=0.9191 best=0.9191 patience=0/10 *
    [tffm] epoch 03/50: train_loss=0.8286 val_auc=0.9278 best=0.9278 patience=0/10 *
    [tffm] epoch 04/50: train_loss=0.7896 val_auc=0.9344 best=0.9344 patience=0/10 *
    [tffm] epoch 05/50: train_loss=0.7806 val_auc=0.9346 best=0.9346 patience=0/10 *
    [tffm] epoch 06/50: train_loss=0.8159 val_auc=0.9361 best=0.9361 patience=0/10 *
    [tffm] epoch 07/50: train_loss=0.8587 val_auc=0.9321 best=0.9361 patience=1/10
    [tffm] epoch 08/50: train_loss=0.8712 val_auc=0.9323 best=0.9361 patience=2/10
    [tffm] epoch 09/50: train_loss=0.7809 val_auc=0.9372 best=0.9372 patience=0/10 *
    [tffm] epoch 10/50: train_loss=0.7184 val_auc=0.9395 best=0.9395 patience=0/10 *
    [tffm] epoch 11/50: train_loss=0.7608 val_auc=0.9380 best=0.9395 patience=1/10
    [tffm] epoch 12/50: train_loss=0.7130 val_auc=0.9342 best=0.9395 patience=2/10
    [tffm] epoch 13/50: train_loss=0.6672 val_auc=0.9278 best=0.9395 patience=3/10
    [tffm] epoch 14/50: train_loss=0.6759 val_auc=0.9368 best=0.9395 patience=4/10
    [tffm] epoch 15/50: train_loss=0.6891 val_auc=0.9056 best=0.9395 patience=5/10
    [tffm] epoch 16/50: train_loss=0.6899 val_auc=0.9418 best=0.9418 patience=0/10 *
    [tffm] epoch 17/50: train_loss=0.6376 val_auc=0.9235 best=0.9418 patience=1/10
    [tffm] epoch 18/50: train_loss=0.6399 val_auc=0.9390 best=0.9418 patience=2/10
    [tffm] epoch 19/50: train_loss=0.6371 val_auc=0.9050 best=0.9418 patience=3/10
    [tffm] epoch 20/50: train_loss=0.7293 val_auc=0.9156 best=0.9418 patience=4/10
    [tffm] epoch 21/50: train_loss=0.6654 val_auc=0.9245 best=0.9418 patience=5/10
    [tffm] epoch 22/50: train_loss=0.6919 val_auc=0.8815 best=0.9418 patience=6/10
    [tffm] epoch 23/50: train_loss=0.6659 val_auc=0.8970 best=0.9418 patience=7/10
    [tffm] epoch 24/50: train_loss=0.5753 val_auc=0.8806 best=0.9418 patience=8/10
    [tffm] epoch 25/50: train_loss=0.7127 val_auc=0.9107 best=0.9418 patience=9/10
    [tffm] epoch 26/50: train_loss=0.6284 val_auc=0.9058 best=0.9418 patience=10/10
    [tffm] early stop at epoch 26
  [tffm] fold 78/100: AUC=0.9418
    [tffm] epoch 01/50: train_loss=1.1180 val_auc=0.8336 best=0.8336 patience=0/10 *
    [tffm] epoch 02/50: train_loss=0.8760 val_auc=0.8446 best=0.8446 patience=0/10 *
    [tffm] epoch 03/50: train_loss=0.8246 val_auc=0.8606 best=0.8606 patience=0/10 *
    [tffm] epoch 04/50: train_loss=0.7526 val_auc=0.8674 best=0.8674 patience=0/10 *
    [tffm] epoch 05/50: train_loss=0.7456 val_auc=0.8789 best=0.8789 patience=0/10 *
    [tffm] epoch 06/50: train_loss=0.7465 val_auc=0.8777 best=0.8789 patience=1/10
    [tffm] epoch 07/50: train_loss=0.7590 val_auc=0.8825 best=0.8825 patience=0/10 *
    [tffm] epoch 08/50: train_loss=0.7043 val_auc=0.8876 best=0.8876 patience=0/10 *
    [tffm] epoch 09/50: train_loss=0.7672 val_auc=0.8874 best=0.8876 patience=1/10
    [tffm] epoch 10/50: train_loss=0.6736 val_auc=0.8755 best=0.8876 patience=2/10
    [tffm] epoch 11/50: train_loss=0.6930 val_auc=0.8901 best=0.8901 patience=0/10 *
    [tffm] epoch 12/50: train_loss=0.7208 val_auc=0.8894 best=0.8901 patience=1/10
    [tffm] epoch 13/50: train_loss=0.6281 val_auc=0.8940 best=0.8940 patience=0/10 *
    [tffm] epoch 14/50: train_loss=0.8686 val_auc=0.8946 best=0.8946 patience=0/10 *
    [tffm] epoch 15/50: train_loss=0.6310 val_auc=0.8902 best=0.8946 patience=1/10
    [tffm] epoch 16/50: train_loss=0.6480 val_auc=0.8876 best=0.8946 patience=2/10
    [tffm] epoch 17/50: train_loss=0.6170 val_auc=0.8923 best=0.8946 patience=3/10
    [tffm] epoch 18/50: train_loss=0.5941 val_auc=0.8825 best=0.8946 patience=4/10
    [tffm] epoch 19/50: train_loss=0.5932 val_auc=0.8870 best=0.8946 patience=5/10
    [tffm] epoch 20/50: train_loss=0.5568 val_auc=0.8834 best=0.8946 patience=6/10
    [tffm] epoch 21/50: train_loss=0.6330 val_auc=0.8831 best=0.8946 patience=7/10
    [tffm] epoch 22/50: train_loss=0.6206 val_auc=0.8880 best=0.8946 patience=8/10
    [tffm] epoch 23/50: train_loss=0.6447 val_auc=0.8802 best=0.8946 patience=9/10
    [tffm] epoch 24/50: train_loss=0.5511 val_auc=0.8605 best=0.8946 patience=10/10
    [tffm] early stop at epoch 24
  [tffm] fold 79/100: AUC=0.8946
    [tffm] epoch 01/50: train_loss=1.1727 val_auc=0.9012 best=0.9012 patience=0/10 *
    [tffm] epoch 02/50: train_loss=0.9236 val_auc=0.9051 best=0.9051 patience=0/10 *
    [tffm] epoch 03/50: train_loss=0.8271 val_auc=0.9101 best=0.9101 patience=0/10 *
    [tffm] epoch 04/50: train_loss=0.8050 val_auc=0.9143 best=0.9143 patience=0/10 *
    [tffm] epoch 05/50: train_loss=0.7790 val_auc=0.9147 best=0.9147 patience=0/10 *
    [tffm] epoch 06/50: train_loss=0.8000 val_auc=0.9136 best=0.9147 patience=1/10
    [tffm] epoch 07/50: train_loss=0.7781 val_auc=0.9171 best=0.9171 patience=0/10 *
    [tffm] epoch 08/50: train_loss=0.7791 val_auc=0.9188 best=0.9188 patience=0/10 *
    [tffm] epoch 09/50: train_loss=0.7989 val_auc=0.9073 best=0.9188 patience=1/10
    [tffm] epoch 10/50: train_loss=0.7371 val_auc=0.9165 best=0.9188 patience=2/10
    [tffm] epoch 11/50: train_loss=0.7232 val_auc=0.9101 best=0.9188 patience=3/10
    [tffm] epoch 12/50: train_loss=0.7407 val_auc=0.9162 best=0.9188 patience=4/10
    [tffm] epoch 13/50: train_loss=0.6471 val_auc=0.9204 best=0.9204 patience=0/10 *
    [tffm] epoch 14/50: train_loss=0.7080 val_auc=0.9186 best=0.9204 patience=1/10
    [tffm] epoch 15/50: train_loss=0.7218 val_auc=0.9144 best=0.9204 patience=2/10
    [tffm] epoch 16/50: train_loss=0.7402 val_auc=0.9234 best=0.9234 patience=0/10 *
    [tffm] epoch 17/50: train_loss=0.7216 val_auc=0.9056 best=0.9234 patience=1/10
    [tffm] epoch 18/50: train_loss=0.6568 val_auc=0.9245 best=0.9245 patience=0/10 *
    [tffm] epoch 19/50: train_loss=0.7667 val_auc=0.9097 best=0.9245 patience=1/10
    [tffm] epoch 20/50: train_loss=0.6257 val_auc=0.9243 best=0.9245 patience=2/10
    [tffm] epoch 21/50: train_loss=0.6451 val_auc=0.9228 best=0.9245 patience=3/10
    [tffm] epoch 22/50: train_loss=0.5803 val_auc=0.9140 best=0.9245 patience=4/10
    [tffm] epoch 23/50: train_loss=0.5592 val_auc=0.9166 best=0.9245 patience=5/10
    [tffm] epoch 24/50: train_loss=0.5942 val_auc=0.9204 best=0.9245 patience=6/10
    [tffm] epoch 25/50: train_loss=0.5691 val_auc=0.9240 best=0.9245 patience=7/10
    [tffm] epoch 26/50: train_loss=0.5566 val_auc=0.9067 best=0.9245 patience=8/10
    [tffm] epoch 27/50: train_loss=0.6154 val_auc=0.9034 best=0.9245 patience=9/10
    [tffm] epoch 28/50: train_loss=0.6833 val_auc=0.9116 best=0.9245 patience=10/10
    [tffm] early stop at epoch 28
  [tffm] fold 80/100: AUC=0.9245
    [tffm] epoch 01/50: train_loss=1.1889 val_auc=0.8611 best=0.8611 patience=0/10 *
    [tffm] epoch 02/50: train_loss=0.9132 val_auc=0.8642 best=0.8642 patience=0/10 *
    [tffm] epoch 03/50: train_loss=0.8274 val_auc=0.8762 best=0.8762 patience=0/10 *
    [tffm] epoch 04/50: train_loss=0.8232 val_auc=0.9016 best=0.9016 patience=0/10 *
    [tffm] epoch 05/50: train_loss=0.7406 val_auc=0.8933 best=0.9016 patience=1/10
    [tffm] epoch 06/50: train_loss=0.8532 val_auc=0.9006 best=0.9016 patience=2/10
    [tffm] epoch 07/50: train_loss=0.7599 val_auc=0.9079 best=0.9079 patience=0/10 *
    [tffm] epoch 08/50: train_loss=0.8000 val_auc=0.9068 best=0.9079 patience=1/10
    [tffm] epoch 09/50: train_loss=0.7151 val_auc=0.9054 best=0.9079 patience=2/10
    [tffm] epoch 10/50: train_loss=0.7088 val_auc=0.9090 best=0.9090 patience=0/10 *
    [tffm] epoch 11/50: train_loss=0.7086 val_auc=0.9034 best=0.9090 patience=1/10
    [tffm] epoch 12/50: train_loss=0.6605 val_auc=0.9033 best=0.9090 patience=2/10
    [tffm] epoch 13/50: train_loss=0.8130 val_auc=0.9092 best=0.9092 patience=0/10 *
    [tffm] epoch 14/50: train_loss=0.6674 val_auc=0.9144 best=0.9144 patience=0/10 *
    [tffm] epoch 15/50: train_loss=0.6868 val_auc=0.9144 best=0.9144 patience=0/10 *
    [tffm] epoch 16/50: train_loss=0.6673 val_auc=0.8903 best=0.9144 patience=1/10
    [tffm] epoch 17/50: train_loss=0.6631 val_auc=0.8999 best=0.9144 patience=2/10
    [tffm] epoch 18/50: train_loss=0.6298 val_auc=0.9008 best=0.9144 patience=3/10
    [tffm] epoch 19/50: train_loss=0.6301 val_auc=0.8988 best=0.9144 patience=4/10
    [tffm] epoch 20/50: train_loss=0.6027 val_auc=0.8839 best=0.9144 patience=5/10
    [tffm] epoch 21/50: train_loss=0.6388 val_auc=0.8869 best=0.9144 patience=6/10
    [tffm] epoch 22/50: train_loss=0.5755 val_auc=0.8480 best=0.9144 patience=7/10
    [tffm] epoch 23/50: train_loss=0.5995 val_auc=0.8832 best=0.9144 patience=8/10
    [tffm] epoch 24/50: train_loss=0.5842 val_auc=0.8727 best=0.9144 patience=9/10
    [tffm] epoch 25/50: train_loss=0.5514 val_auc=0.8805 best=0.9144 patience=10/10
    [tffm] early stop at epoch 25
  [tffm] fold 81/100: AUC=0.9144
    [tffm] epoch 01/50: train_loss=1.1891 val_auc=0.8680 best=0.8680 patience=0/10 *
    [tffm] epoch 02/50: train_loss=0.9748 val_auc=0.8795 best=0.8795 patience=0/10 *
    [tffm] epoch 03/50: train_loss=0.8512 val_auc=0.8918 best=0.8918 patience=0/10 *
    [tffm] epoch 04/50: train_loss=0.7938 val_auc=0.9059 best=0.9059 patience=0/10 *
    [tffm] epoch 05/50: train_loss=0.7805 val_auc=0.9202 best=0.9202 patience=0/10 *
    [tffm] epoch 06/50: train_loss=0.7920 val_auc=0.9192 best=0.9202 patience=1/10
    [tffm] epoch 07/50: train_loss=0.7703 val_auc=0.9217 best=0.9217 patience=0/10 *
    [tffm] epoch 08/50: train_loss=0.7434 val_auc=0.9255 best=0.9255 patience=0/10 *
    [tffm] epoch 09/50: train_loss=0.7401 val_auc=0.9261 best=0.9261 patience=0/10 *
    [tffm] epoch 10/50: train_loss=0.7944 val_auc=0.9262 best=0.9262 patience=0/10 *
    [tffm] epoch 11/50: train_loss=0.6913 val_auc=0.9265 best=0.9265 patience=0/10 *
    [tffm] epoch 12/50: train_loss=0.7254 val_auc=0.9301 best=0.9301 patience=0/10 *
    [tffm] epoch 13/50: train_loss=0.6969 val_auc=0.9293 best=0.9301 patience=1/10
    [tffm] epoch 14/50: train_loss=0.6515 val_auc=0.9339 best=0.9339 patience=0/10 *
    [tffm] epoch 15/50: train_loss=0.7294 val_auc=0.9337 best=0.9339 patience=1/10
    [tffm] epoch 16/50: train_loss=0.6770 val_auc=0.9339 best=0.9339 patience=2/10
    [tffm] epoch 17/50: train_loss=0.7038 val_auc=0.9374 best=0.9374 patience=0/10 *
    [tffm] epoch 18/50: train_loss=0.6960 val_auc=0.9296 best=0.9374 patience=1/10
    [tffm] epoch 19/50: train_loss=0.6561 val_auc=0.9352 best=0.9374 patience=2/10
    [tffm] epoch 20/50: train_loss=0.5924 val_auc=0.8909 best=0.9374 patience=3/10
    [tffm] epoch 21/50: train_loss=0.6206 val_auc=0.9358 best=0.9374 patience=4/10
    [tffm] epoch 22/50: train_loss=0.5701 val_auc=0.9074 best=0.9374 patience=5/10
    [tffm] epoch 23/50: train_loss=0.7290 val_auc=0.9319 best=0.9374 patience=6/10
    [tffm] epoch 24/50: train_loss=0.5955 val_auc=0.8889 best=0.9374 patience=7/10
    [tffm] epoch 25/50: train_loss=0.5568 val_auc=0.9089 best=0.9374 patience=8/10
    [tffm] epoch 26/50: train_loss=0.6124 val_auc=0.8871 best=0.9374 patience=9/10
    [tffm] epoch 27/50: train_loss=0.6595 val_auc=0.9003 best=0.9374 patience=10/10
    [tffm] early stop at epoch 27
  [tffm] fold 82/100: AUC=0.9374
    [tffm] epoch 01/50: train_loss=1.1098 val_auc=0.7759 best=0.7759 patience=0/10 *
    [tffm] epoch 02/50: train_loss=0.8575 val_auc=0.7888 best=0.7888 patience=0/10 *
    [tffm] epoch 03/50: train_loss=0.7210 val_auc=0.7979 best=0.7979 patience=0/10 *
    [tffm] epoch 04/50: train_loss=0.7017 val_auc=0.8089 best=0.8089 patience=0/10 *
    [tffm] epoch 05/50: train_loss=0.6989 val_auc=0.8133 best=0.8133 patience=0/10 *
    [tffm] epoch 06/50: train_loss=0.7543 val_auc=0.8078 best=0.8133 patience=1/10
    [tffm] epoch 07/50: train_loss=0.6734 val_auc=0.7942 best=0.8133 patience=2/10
    [tffm] epoch 08/50: train_loss=0.6834 val_auc=0.8124 best=0.8133 patience=3/10
    [tffm] epoch 09/50: train_loss=0.6505 val_auc=0.8105 best=0.8133 patience=4/10
    [tffm] epoch 10/50: train_loss=0.6919 val_auc=0.8164 best=0.8164 patience=0/10 *
    [tffm] epoch 11/50: train_loss=0.6556 val_auc=0.8199 best=0.8199 patience=0/10 *
    [tffm] epoch 12/50: train_loss=0.6563 val_auc=0.8180 best=0.8199 patience=1/10
    [tffm] epoch 13/50: train_loss=0.6862 val_auc=0.8262 best=0.8262 patience=0/10 *
    [tffm] epoch 14/50: train_loss=0.5951 val_auc=0.8174 best=0.8262 patience=1/10
    [tffm] epoch 15/50: train_loss=0.5946 val_auc=0.8133 best=0.8262 patience=2/10
    [tffm] epoch 16/50: train_loss=0.6556 val_auc=0.8120 best=0.8262 patience=3/10
    [tffm] epoch 17/50: train_loss=0.5891 val_auc=0.8104 best=0.8262 patience=4/10
    [tffm] epoch 18/50: train_loss=0.5711 val_auc=0.8251 best=0.8262 patience=5/10
    [tffm] epoch 19/50: train_loss=0.5739 val_auc=0.8254 best=0.8262 patience=6/10
    [tffm] epoch 20/50: train_loss=0.5545 val_auc=0.8281 best=0.8281 patience=0/10 *
    [tffm] epoch 21/50: train_loss=0.5587 val_auc=0.8249 best=0.8281 patience=1/10
    [tffm] epoch 22/50: train_loss=0.5724 val_auc=0.8363 best=0.8363 patience=0/10 *
    [tffm] epoch 23/50: train_loss=0.5613 val_auc=0.8443 best=0.8443 patience=0/10 *
    [tffm] epoch 24/50: train_loss=0.6477 val_auc=0.8444 best=0.8444 patience=0/10 *
    [tffm] epoch 25/50: train_loss=0.6314 val_auc=0.8362 best=0.8444 patience=1/10
    [tffm] epoch 26/50: train_loss=0.5284 val_auc=0.8472 best=0.8472 patience=0/10 *
    [tffm] epoch 27/50: train_loss=0.5468 val_auc=0.8510 best=0.8510 patience=0/10 *
    [tffm] epoch 28/50: train_loss=0.5175 val_auc=0.8586 best=0.8586 patience=0/10 *
    [tffm] epoch 29/50: train_loss=0.5497 val_auc=0.8565 best=0.8586 patience=1/10
    [tffm] epoch 30/50: train_loss=0.5152 val_auc=0.8507 best=0.8586 patience=2/10
    [tffm] epoch 31/50: train_loss=0.5360 val_auc=0.8609 best=0.8609 patience=0/10 *
    [tffm] epoch 32/50: train_loss=0.5198 val_auc=0.8539 best=0.8609 patience=1/10
    [tffm] epoch 33/50: train_loss=0.5165 val_auc=0.8677 best=0.8677 patience=0/10 *
    [tffm] epoch 34/50: train_loss=0.5940 val_auc=0.8640 best=0.8677 patience=1/10
    [tffm] epoch 35/50: train_loss=0.5873 val_auc=0.8665 best=0.8677 patience=2/10
    [tffm] epoch 36/50: train_loss=0.4964 val_auc=0.8569 best=0.8677 patience=3/10
    [tffm] epoch 37/50: train_loss=0.5161 val_auc=0.8470 best=0.8677 patience=4/10
    [tffm] epoch 38/50: train_loss=0.5653 val_auc=0.8264 best=0.8677 patience=5/10
    [tffm] epoch 39/50: train_loss=0.5275 val_auc=0.8550 best=0.8677 patience=6/10
    [tffm] epoch 40/50: train_loss=0.5222 val_auc=0.8330 best=0.8677 patience=7/10
    [tffm] epoch 41/50: train_loss=0.4625 val_auc=0.8156 best=0.8677 patience=8/10
    [tffm] epoch 42/50: train_loss=0.4847 val_auc=0.8644 best=0.8677 patience=9/10
    [tffm] epoch 43/50: train_loss=0.5327 val_auc=0.8366 best=0.8677 patience=10/10
    [tffm] early stop at epoch 43
  [tffm] fold 83/100: AUC=0.8677
    [tffm] epoch 01/50: train_loss=1.1114 val_auc=0.8901 best=0.8901 patience=0/10 *
    [tffm] epoch 02/50: train_loss=0.8690 val_auc=0.8941 best=0.8941 patience=0/10 *
    [tffm] epoch 03/50: train_loss=0.7834 val_auc=0.8876 best=0.8941 patience=1/10
    [tffm] epoch 04/50: train_loss=0.8268 val_auc=0.8901 best=0.8941 patience=2/10
    [tffm] epoch 05/50: train_loss=0.7617 val_auc=0.8859 best=0.8941 patience=3/10
    [tffm] epoch 06/50: train_loss=0.8092 val_auc=0.8953 best=0.8953 patience=0/10 *
    [tffm] epoch 07/50: train_loss=0.7407 val_auc=0.8991 best=0.8991 patience=0/10 *
    [tffm] epoch 08/50: train_loss=0.7029 val_auc=0.9082 best=0.9082 patience=0/10 *
    [tffm] epoch 09/50: train_loss=0.7215 val_auc=0.9055 best=0.9082 patience=1/10
    [tffm] epoch 10/50: train_loss=0.7652 val_auc=0.9064 best=0.9082 patience=2/10
    [tffm] epoch 11/50: train_loss=0.7171 val_auc=0.9034 best=0.9082 patience=3/10
    [tffm] epoch 12/50: train_loss=0.6774 val_auc=0.9113 best=0.9113 patience=0/10 *
    [tffm] epoch 13/50: train_loss=0.6583 val_auc=0.9079 best=0.9113 patience=1/10
    [tffm] epoch 14/50: train_loss=0.7230 val_auc=0.9089 best=0.9113 patience=2/10
    [tffm] epoch 15/50: train_loss=0.6474 val_auc=0.9152 best=0.9152 patience=0/10 *
    [tffm] epoch 16/50: train_loss=0.6588 val_auc=0.9145 best=0.9152 patience=1/10
    [tffm] epoch 17/50: train_loss=0.6021 val_auc=0.9183 best=0.9183 patience=0/10 *
    [tffm] epoch 18/50: train_loss=0.6190 val_auc=0.9205 best=0.9205 patience=0/10 *
    [tffm] epoch 19/50: train_loss=0.5977 val_auc=0.9127 best=0.9205 patience=1/10
    [tffm] epoch 20/50: train_loss=0.6332 val_auc=0.9202 best=0.9205 patience=2/10
    [tffm] epoch 21/50: train_loss=0.6167 val_auc=0.9220 best=0.9220 patience=0/10 *
    [tffm] epoch 22/50: train_loss=0.6715 val_auc=0.9173 best=0.9220 patience=1/10
    [tffm] epoch 23/50: train_loss=0.6455 val_auc=0.9175 best=0.9220 patience=2/10
    [tffm] epoch 24/50: train_loss=0.5697 val_auc=0.9099 best=0.9220 patience=3/10
    [tffm] epoch 25/50: train_loss=0.7679 val_auc=0.9005 best=0.9220 patience=4/10
    [tffm] epoch 26/50: train_loss=0.6649 val_auc=0.9043 best=0.9220 patience=5/10
    [tffm] epoch 27/50: train_loss=0.6754 val_auc=0.9137 best=0.9220 patience=6/10
    [tffm] epoch 28/50: train_loss=0.6619 val_auc=0.9089 best=0.9220 patience=7/10
    [tffm] epoch 29/50: train_loss=0.5622 val_auc=0.9198 best=0.9220 patience=8/10
    [tffm] epoch 30/50: train_loss=0.5829 val_auc=0.9168 best=0.9220 patience=9/10
    [tffm] epoch 31/50: train_loss=0.5654 val_auc=0.9102 best=0.9220 patience=10/10
    [tffm] early stop at epoch 31
  [tffm] fold 84/100: AUC=0.9220
    [tffm] epoch 01/50: train_loss=1.1646 val_auc=0.9038 best=0.9038 patience=0/10 *
    [tffm] epoch 02/50: train_loss=0.9153 val_auc=0.9077 best=0.9077 patience=0/10 *
    [tffm] epoch 03/50: train_loss=0.8989 val_auc=0.9140 best=0.9140 patience=0/10 *
    [tffm] epoch 04/50: train_loss=0.8340 val_auc=0.9232 best=0.9232 patience=0/10 *
    [tffm] epoch 05/50: train_loss=0.8399 val_auc=0.9245 best=0.9245 patience=0/10 *
    [tffm] epoch 06/50: train_loss=0.7869 val_auc=0.9436 best=0.9436 patience=0/10 *
    [tffm] epoch 07/50: train_loss=0.7667 val_auc=0.9486 best=0.9486 patience=0/10 *
    [tffm] epoch 08/50: train_loss=0.7544 val_auc=0.9496 best=0.9496 patience=0/10 *
    [tffm] epoch 09/50: train_loss=0.7977 val_auc=0.9525 best=0.9525 patience=0/10 *
    [tffm] epoch 10/50: train_loss=0.7245 val_auc=0.9529 best=0.9529 patience=0/10 *
    [tffm] epoch 11/50: train_loss=0.7125 val_auc=0.9560 best=0.9560 patience=0/10 *
    [tffm] epoch 12/50: train_loss=0.7979 val_auc=0.9565 best=0.9565 patience=0/10 *
    [tffm] epoch 13/50: train_loss=0.7436 val_auc=0.9586 best=0.9586 patience=0/10 *
    [tffm] epoch 14/50: train_loss=0.7066 val_auc=0.9421 best=0.9586 patience=1/10
    [tffm] epoch 15/50: train_loss=0.7174 val_auc=0.9628 best=0.9628 patience=0/10 *
    [tffm] epoch 16/50: train_loss=0.6534 val_auc=0.9658 best=0.9658 patience=0/10 *
    [tffm] epoch 17/50: train_loss=0.7757 val_auc=0.9670 best=0.9670 patience=0/10 *
    [tffm] epoch 18/50: train_loss=0.7905 val_auc=0.9681 best=0.9681 patience=0/10 *
    [tffm] epoch 19/50: train_loss=0.6546 val_auc=0.9385 best=0.9681 patience=1/10
    [tffm] epoch 20/50: train_loss=0.6503 val_auc=0.9419 best=0.9681 patience=2/10
    [tffm] epoch 21/50: train_loss=0.6416 val_auc=0.9702 best=0.9702 patience=0/10 *
    [tffm] epoch 22/50: train_loss=0.6841 val_auc=0.9636 best=0.9702 patience=1/10
    [tffm] epoch 23/50: train_loss=0.7506 val_auc=0.9708 best=0.9708 patience=0/10 *
    [tffm] epoch 24/50: train_loss=0.6619 val_auc=0.9694 best=0.9708 patience=1/10
    [tffm] epoch 25/50: train_loss=0.6856 val_auc=0.9380 best=0.9708 patience=2/10
    [tffm] epoch 26/50: train_loss=0.6269 val_auc=0.9688 best=0.9708 patience=3/10
    [tffm] epoch 27/50: train_loss=0.6053 val_auc=0.9436 best=0.9708 patience=4/10
    [tffm] epoch 28/50: train_loss=0.6339 val_auc=0.9496 best=0.9708 patience=5/10
    [tffm] epoch 29/50: train_loss=0.6932 val_auc=0.9399 best=0.9708 patience=6/10
    [tffm] epoch 30/50: train_loss=0.6330 val_auc=0.9433 best=0.9708 patience=7/10
    [tffm] epoch 31/50: train_loss=0.6113 val_auc=0.9614 best=0.9708 patience=8/10
    [tffm] epoch 32/50: train_loss=0.6440 val_auc=0.9644 best=0.9708 patience=9/10
    [tffm] epoch 33/50: train_loss=0.5666 val_auc=0.9666 best=0.9708 patience=10/10
    [tffm] early stop at epoch 33
  [tffm] fold 85/100: AUC=0.9708
    [tffm] epoch 01/50: train_loss=1.0917 val_auc=0.8416 best=0.8416 patience=0/10 *
    [tffm] epoch 02/50: train_loss=0.8971 val_auc=0.8523 best=0.8523 patience=0/10 *
    [tffm] epoch 03/50: train_loss=0.7985 val_auc=0.8463 best=0.8523 patience=1/10
    [tffm] epoch 04/50: train_loss=0.8475 val_auc=0.8565 best=0.8565 patience=0/10 *
    [tffm] epoch 05/50: train_loss=0.7973 val_auc=0.8657 best=0.8657 patience=0/10 *
    [tffm] epoch 06/50: train_loss=0.8100 val_auc=0.8644 best=0.8657 patience=1/10
    [tffm] epoch 07/50: train_loss=0.7790 val_auc=0.8728 best=0.8728 patience=0/10 *
    [tffm] epoch 08/50: train_loss=0.7506 val_auc=0.8770 best=0.8770 patience=0/10 *
    [tffm] epoch 09/50: train_loss=0.6905 val_auc=0.8821 best=0.8821 patience=0/10 *
    [tffm] epoch 10/50: train_loss=0.6827 val_auc=0.8837 best=0.8837 patience=0/10 *
    [tffm] epoch 11/50: train_loss=0.6951 val_auc=0.8906 best=0.8906 patience=0/10 *
    [tffm] epoch 12/50: train_loss=0.6683 val_auc=0.8913 best=0.8913 patience=0/10 *
    [tffm] epoch 13/50: train_loss=0.7114 val_auc=0.8932 best=0.8932 patience=0/10 *
    [tffm] epoch 14/50: train_loss=0.6282 val_auc=0.8960 best=0.8960 patience=0/10 *
    [tffm] epoch 15/50: train_loss=0.6337 val_auc=0.8611 best=0.8960 patience=1/10
    [tffm] epoch 16/50: train_loss=0.6392 val_auc=0.8768 best=0.8960 patience=2/10
    [tffm] epoch 17/50: train_loss=0.5804 val_auc=0.8366 best=0.8960 patience=3/10
    [tffm] epoch 18/50: train_loss=0.6460 val_auc=0.8852 best=0.8960 patience=4/10
    [tffm] epoch 19/50: train_loss=0.6226 val_auc=0.8639 best=0.8960 patience=5/10
    [tffm] epoch 20/50: train_loss=0.6817 val_auc=0.8692 best=0.8960 patience=6/10
    [tffm] epoch 21/50: train_loss=0.6406 val_auc=0.8783 best=0.8960 patience=7/10
    [tffm] epoch 22/50: train_loss=0.6100 val_auc=0.8550 best=0.8960 patience=8/10
    [tffm] epoch 23/50: train_loss=0.5704 val_auc=0.8419 best=0.8960 patience=9/10
    [tffm] epoch 24/50: train_loss=0.5846 val_auc=0.8478 best=0.8960 patience=10/10
    [tffm] early stop at epoch 24
  [tffm] fold 86/100: AUC=0.8960
    [tffm] epoch 01/50: train_loss=1.1060 val_auc=0.8828 best=0.8828 patience=0/10 *
    [tffm] epoch 02/50: train_loss=0.8627 val_auc=0.8753 best=0.8828 patience=1/10
    [tffm] epoch 03/50: train_loss=0.8060 val_auc=0.9011 best=0.9011 patience=0/10 *
    [tffm] epoch 04/50: train_loss=0.7355 val_auc=0.8861 best=0.9011 patience=1/10
    [tffm] epoch 05/50: train_loss=0.7813 val_auc=0.8965 best=0.9011 patience=2/10
    [tffm] epoch 06/50: train_loss=0.7922 val_auc=0.8826 best=0.9011 patience=3/10
    [tffm] epoch 07/50: train_loss=0.7688 val_auc=0.8959 best=0.9011 patience=4/10
    [tffm] epoch 08/50: train_loss=0.7587 val_auc=0.9035 best=0.9035 patience=0/10 *
    [tffm] epoch 09/50: train_loss=0.7280 val_auc=0.9051 best=0.9051 patience=0/10 *
    [tffm] epoch 10/50: train_loss=0.6912 val_auc=0.8985 best=0.9051 patience=1/10
    [tffm] epoch 11/50: train_loss=0.7343 val_auc=0.9069 best=0.9069 patience=0/10 *
    [tffm] epoch 12/50: train_loss=0.6302 val_auc=0.9146 best=0.9146 patience=0/10 *
    [tffm] epoch 13/50: train_loss=0.6679 val_auc=0.9068 best=0.9146 patience=1/10
    [tffm] epoch 14/50: train_loss=0.6672 val_auc=0.9215 best=0.9215 patience=0/10 *
    [tffm] epoch 15/50: train_loss=0.6432 val_auc=0.9228 best=0.9228 patience=0/10 *
    [tffm] epoch 16/50: train_loss=0.6575 val_auc=0.9216 best=0.9228 patience=1/10
    [tffm] epoch 17/50: train_loss=0.6253 val_auc=0.9202 best=0.9228 patience=2/10
    [tffm] epoch 18/50: train_loss=0.6605 val_auc=0.9210 best=0.9228 patience=3/10
    [tffm] epoch 19/50: train_loss=0.6459 val_auc=0.9175 best=0.9228 patience=4/10
    [tffm] epoch 20/50: train_loss=0.6358 val_auc=0.9177 best=0.9228 patience=5/10
    [tffm] epoch 21/50: train_loss=0.6162 val_auc=0.9192 best=0.9228 patience=6/10
    [tffm] epoch 22/50: train_loss=0.5864 val_auc=0.8933 best=0.9228 patience=7/10
    [tffm] epoch 23/50: train_loss=0.6046 val_auc=0.9212 best=0.9228 patience=8/10
    [tffm] epoch 24/50: train_loss=0.6492 val_auc=0.9223 best=0.9228 patience=9/10
    [tffm] epoch 25/50: train_loss=0.5941 val_auc=0.9222 best=0.9228 patience=10/10
    [tffm] early stop at epoch 25
  [tffm] fold 87/100: AUC=0.9228
    [tffm] epoch 01/50: train_loss=1.2806 val_auc=0.8624 best=0.8624 patience=0/10 *
    [tffm] epoch 02/50: train_loss=1.0337 val_auc=0.8762 best=0.8762 patience=0/10 *
    [tffm] epoch 03/50: train_loss=0.9237 val_auc=0.8908 best=0.8908 patience=0/10 *
    [tffm] epoch 04/50: train_loss=0.8757 val_auc=0.9079 best=0.9079 patience=0/10 *
    [tffm] epoch 05/50: train_loss=0.8126 val_auc=0.9190 best=0.9190 patience=0/10 *
    [tffm] epoch 06/50: train_loss=0.7918 val_auc=0.9251 best=0.9251 patience=0/10 *
    [tffm] epoch 07/50: train_loss=0.8731 val_auc=0.9250 best=0.9251 patience=1/10
    [tffm] epoch 08/50: train_loss=0.7516 val_auc=0.9241 best=0.9251 patience=2/10
    [tffm] epoch 09/50: train_loss=0.7369 val_auc=0.9267 best=0.9267 patience=0/10 *
    [tffm] epoch 10/50: train_loss=0.7996 val_auc=0.9296 best=0.9296 patience=0/10 *
    [tffm] epoch 11/50: train_loss=0.7429 val_auc=0.9316 best=0.9316 patience=0/10 *
    [tffm] epoch 12/50: train_loss=0.7701 val_auc=0.9161 best=0.9316 patience=1/10
    [tffm] epoch 13/50: train_loss=0.6985 val_auc=0.9313 best=0.9316 patience=2/10
    [tffm] epoch 14/50: train_loss=0.7038 val_auc=0.9024 best=0.9316 patience=3/10
    [tffm] epoch 15/50: train_loss=0.6683 val_auc=0.9085 best=0.9316 patience=4/10
    [tffm] epoch 16/50: train_loss=0.7700 val_auc=0.9015 best=0.9316 patience=5/10
    [tffm] epoch 17/50: train_loss=0.6509 val_auc=0.9090 best=0.9316 patience=6/10
    [tffm] epoch 18/50: train_loss=0.6431 val_auc=0.8957 best=0.9316 patience=7/10
    [tffm] epoch 19/50: train_loss=0.6313 val_auc=0.8922 best=0.9316 patience=8/10
    [tffm] epoch 20/50: train_loss=0.6293 val_auc=0.8923 best=0.9316 patience=9/10
    [tffm] epoch 21/50: train_loss=0.6252 val_auc=0.8848 best=0.9316 patience=10/10
    [tffm] early stop at epoch 21
  [tffm] fold 88/100: AUC=0.9316
    [tffm] epoch 01/50: train_loss=1.1893 val_auc=0.8665 best=0.8665 patience=0/10 *
    [tffm] epoch 02/50: train_loss=0.9095 val_auc=0.8673 best=0.8673 patience=0/10 *
    [tffm] epoch 03/50: train_loss=0.8513 val_auc=0.8724 best=0.8724 patience=0/10 *
    [tffm] epoch 04/50: train_loss=0.8195 val_auc=0.8787 best=0.8787 patience=0/10 *
    [tffm] epoch 05/50: train_loss=0.7767 val_auc=0.8784 best=0.8787 patience=1/10
    [tffm] epoch 06/50: train_loss=0.7531 val_auc=0.8753 best=0.8787 patience=2/10
    [tffm] epoch 07/50: train_loss=0.9494 val_auc=0.8764 best=0.8787 patience=3/10
    [tffm] epoch 08/50: train_loss=0.7198 val_auc=0.8955 best=0.8955 patience=0/10 *
    [tffm] epoch 09/50: train_loss=0.7130 val_auc=0.8870 best=0.8955 patience=1/10
    [tffm] epoch 10/50: train_loss=0.7057 val_auc=0.8979 best=0.8979 patience=0/10 *
    [tffm] epoch 11/50: train_loss=0.7171 val_auc=0.9065 best=0.9065 patience=0/10 *
    [tffm] epoch 12/50: train_loss=0.6848 val_auc=0.9098 best=0.9098 patience=0/10 *
    [tffm] epoch 13/50: train_loss=0.7248 val_auc=0.9101 best=0.9101 patience=0/10 *
    [tffm] epoch 14/50: train_loss=0.6653 val_auc=0.9051 best=0.9101 patience=1/10
    [tffm] epoch 15/50: train_loss=0.6529 val_auc=0.9149 best=0.9149 patience=0/10 *
    [tffm] epoch 16/50: train_loss=0.6101 val_auc=0.9154 best=0.9154 patience=0/10 *
    [tffm] epoch 17/50: train_loss=0.6082 val_auc=0.9160 best=0.9160 patience=0/10 *
    [tffm] epoch 18/50: train_loss=0.6027 val_auc=0.9144 best=0.9160 patience=1/10
    [tffm] epoch 19/50: train_loss=0.6026 val_auc=0.9183 best=0.9183 patience=0/10 *
    [tffm] epoch 20/50: train_loss=0.5835 val_auc=0.9233 best=0.9233 patience=0/10 *
    [tffm] epoch 21/50: train_loss=0.6593 val_auc=0.9132 best=0.9233 patience=1/10
    [tffm] epoch 22/50: train_loss=0.6537 val_auc=0.8958 best=0.9233 patience=2/10
    [tffm] epoch 23/50: train_loss=0.6220 val_auc=0.9018 best=0.9233 patience=3/10
    [tffm] epoch 24/50: train_loss=0.6399 val_auc=0.9132 best=0.9233 patience=4/10
    [tffm] epoch 25/50: train_loss=0.5980 val_auc=0.9212 best=0.9233 patience=5/10
    [tffm] epoch 26/50: train_loss=0.5515 val_auc=0.9173 best=0.9233 patience=6/10
    [tffm] epoch 27/50: train_loss=0.5442 val_auc=0.9215 best=0.9233 patience=7/10
    [tffm] epoch 28/50: train_loss=0.5471 val_auc=0.9029 best=0.9233 patience=8/10
    [tffm] epoch 29/50: train_loss=0.5462 val_auc=0.9113 best=0.9233 patience=9/10
    [tffm] epoch 30/50: train_loss=0.5310 val_auc=0.8886 best=0.9233 patience=10/10
    [tffm] early stop at epoch 30
  [tffm] fold 89/100: AUC=0.9233
    [tffm] epoch 01/50: train_loss=1.1534 val_auc=0.8330 best=0.8330 patience=0/10 *
    [tffm] epoch 02/50: train_loss=0.8713 val_auc=0.8632 best=0.8632 patience=0/10 *
    [tffm] epoch 03/50: train_loss=0.7587 val_auc=0.8521 best=0.8632 patience=1/10
    [tffm] epoch 04/50: train_loss=0.7945 val_auc=0.8623 best=0.8632 patience=2/10
    [tffm] epoch 05/50: train_loss=0.7372 val_auc=0.8670 best=0.8670 patience=0/10 *
    [tffm] epoch 06/50: train_loss=0.7804 val_auc=0.8836 best=0.8836 patience=0/10 *
    [tffm] epoch 07/50: train_loss=0.7354 val_auc=0.8976 best=0.8976 patience=0/10 *
    [tffm] epoch 08/50: train_loss=0.7813 val_auc=0.9037 best=0.9037 patience=0/10 *
    [tffm] epoch 09/50: train_loss=0.7133 val_auc=0.8980 best=0.9037 patience=1/10
    [tffm] epoch 10/50: train_loss=0.7187 val_auc=0.9034 best=0.9037 patience=2/10
    [tffm] epoch 11/50: train_loss=0.7425 val_auc=0.9055 best=0.9055 patience=0/10 *
    [tffm] epoch 12/50: train_loss=0.6457 val_auc=0.8955 best=0.9055 patience=1/10
    [tffm] epoch 13/50: train_loss=0.6712 val_auc=0.9110 best=0.9110 patience=0/10 *
    [tffm] epoch 14/50: train_loss=0.7042 val_auc=0.9062 best=0.9110 patience=1/10
    [tffm] epoch 15/50: train_loss=0.6440 val_auc=0.8997 best=0.9110 patience=2/10
    [tffm] epoch 16/50: train_loss=0.8046 val_auc=0.9132 best=0.9132 patience=0/10 *
    [tffm] epoch 17/50: train_loss=0.7130 val_auc=0.9082 best=0.9132 patience=1/10
    [tffm] epoch 18/50: train_loss=0.6248 val_auc=0.9186 best=0.9186 patience=0/10 *
    [tffm] epoch 19/50: train_loss=0.6371 val_auc=0.9207 best=0.9207 patience=0/10 *
    [tffm] epoch 20/50: train_loss=0.6126 val_auc=0.9144 best=0.9207 patience=1/10
    [tffm] epoch 21/50: train_loss=0.6544 val_auc=0.9212 best=0.9212 patience=0/10 *
    [tffm] epoch 22/50: train_loss=0.6674 val_auc=0.9223 best=0.9223 patience=0/10 *
    [tffm] epoch 23/50: train_loss=0.6242 val_auc=0.9246 best=0.9246 patience=0/10 *
    [tffm] epoch 24/50: train_loss=0.5519 val_auc=0.9148 best=0.9246 patience=1/10
    [tffm] epoch 25/50: train_loss=0.5822 val_auc=0.9250 best=0.9250 patience=0/10 *
    [tffm] epoch 26/50: train_loss=0.7045 val_auc=0.9037 best=0.9250 patience=1/10
    [tffm] epoch 27/50: train_loss=0.6540 val_auc=0.9280 best=0.9280 patience=0/10 *
    [tffm] epoch 28/50: train_loss=0.5775 val_auc=0.9267 best=0.9280 patience=1/10
    [tffm] epoch 29/50: train_loss=0.5714 val_auc=0.9216 best=0.9280 patience=2/10
    [tffm] epoch 30/50: train_loss=0.5428 val_auc=0.9160 best=0.9280 patience=3/10
    [tffm] epoch 31/50: train_loss=0.5745 val_auc=0.9285 best=0.9285 patience=0/10 *
    [tffm] epoch 32/50: train_loss=0.5983 val_auc=0.9145 best=0.9285 patience=1/10
    [tffm] epoch 33/50: train_loss=0.5364 val_auc=0.9203 best=0.9285 patience=2/10
    [tffm] epoch 34/50: train_loss=0.7541 val_auc=0.9204 best=0.9285 patience=3/10
    [tffm] epoch 35/50: train_loss=0.5236 val_auc=0.9149 best=0.9285 patience=4/10
    [tffm] epoch 36/50: train_loss=0.5347 val_auc=0.8982 best=0.9285 patience=5/10
    [tffm] epoch 37/50: train_loss=0.6470 val_auc=0.9230 best=0.9285 patience=6/10
    [tffm] epoch 38/50: train_loss=0.5961 val_auc=0.9069 best=0.9285 patience=7/10
    [tffm] epoch 39/50: train_loss=0.5259 val_auc=0.9120 best=0.9285 patience=8/10
    [tffm] epoch 40/50: train_loss=0.5175 val_auc=0.9152 best=0.9285 patience=9/10
    [tffm] epoch 41/50: train_loss=0.5207 val_auc=0.9182 best=0.9285 patience=10/10
    [tffm] early stop at epoch 41
  [tffm] fold 90/100: AUC=0.9285
    [tffm] epoch 01/50: train_loss=1.1203 val_auc=0.8125 best=0.8125 patience=0/10 *
    [tffm] epoch 02/50: train_loss=0.8593 val_auc=0.8330 best=0.8330 patience=0/10 *
    [tffm] epoch 03/50: train_loss=0.7675 val_auc=0.8407 best=0.8407 patience=0/10 *
    [tffm] epoch 04/50: train_loss=0.8117 val_auc=0.8608 best=0.8608 patience=0/10 *
    [tffm] epoch 05/50: train_loss=0.7387 val_auc=0.8684 best=0.8684 patience=0/10 *
    [tffm] epoch 06/50: train_loss=0.7325 val_auc=0.8839 best=0.8839 patience=0/10 *
    [tffm] epoch 07/50: train_loss=0.7292 val_auc=0.8863 best=0.8863 patience=0/10 *
    [tffm] epoch 08/50: train_loss=0.7706 val_auc=0.8917 best=0.8917 patience=0/10 *
    [tffm] epoch 09/50: train_loss=0.7151 val_auc=0.9001 best=0.9001 patience=0/10 *
    [tffm] epoch 10/50: train_loss=0.6860 val_auc=0.8972 best=0.9001 patience=1/10
    [tffm] epoch 11/50: train_loss=0.7218 val_auc=0.9074 best=0.9074 patience=0/10 *
    [tffm] epoch 12/50: train_loss=0.6845 val_auc=0.9039 best=0.9074 patience=1/10
    [tffm] epoch 13/50: train_loss=0.7002 val_auc=0.9181 best=0.9181 patience=0/10 *
    [tffm] epoch 14/50: train_loss=0.6833 val_auc=0.9005 best=0.9181 patience=1/10
    [tffm] epoch 15/50: train_loss=0.7039 val_auc=0.9181 best=0.9181 patience=2/10
    [tffm] epoch 16/50: train_loss=0.6903 val_auc=0.9130 best=0.9181 patience=3/10
    [tffm] epoch 17/50: train_loss=0.7189 val_auc=0.9187 best=0.9187 patience=0/10 *
    [tffm] epoch 18/50: train_loss=0.6891 val_auc=0.9159 best=0.9187 patience=1/10
    [tffm] epoch 19/50: train_loss=0.6168 val_auc=0.9165 best=0.9187 patience=2/10
    [tffm] epoch 20/50: train_loss=0.6099 val_auc=0.9084 best=0.9187 patience=3/10
    [tffm] epoch 21/50: train_loss=0.5950 val_auc=0.9185 best=0.9187 patience=4/10
    [tffm] epoch 22/50: train_loss=0.6103 val_auc=0.9114 best=0.9187 patience=5/10
    [tffm] epoch 23/50: train_loss=0.6187 val_auc=0.9255 best=0.9255 patience=0/10 *
    [tffm] epoch 24/50: train_loss=0.6103 val_auc=0.9187 best=0.9255 patience=1/10
    [tffm] epoch 25/50: train_loss=0.5737 val_auc=0.9247 best=0.9255 patience=2/10
    [tffm] epoch 26/50: train_loss=0.7221 val_auc=0.9159 best=0.9255 patience=3/10
    [tffm] epoch 27/50: train_loss=0.5794 val_auc=0.9226 best=0.9255 patience=4/10
    [tffm] epoch 28/50: train_loss=0.5758 val_auc=0.9198 best=0.9255 patience=5/10
    [tffm] epoch 29/50: train_loss=0.5635 val_auc=0.9177 best=0.9255 patience=6/10
    [tffm] epoch 30/50: train_loss=0.5462 val_auc=0.9221 best=0.9255 patience=7/10
    [tffm] epoch 31/50: train_loss=0.5652 val_auc=0.9248 best=0.9255 patience=8/10
    [tffm] epoch 32/50: train_loss=0.5369 val_auc=0.9291 best=0.9291 patience=0/10 *
    [tffm] epoch 33/50: train_loss=0.5513 val_auc=0.9228 best=0.9291 patience=1/10
    [tffm] epoch 34/50: train_loss=0.6052 val_auc=0.9220 best=0.9291 patience=2/10
    [tffm] epoch 35/50: train_loss=0.5737 val_auc=0.9282 best=0.9291 patience=3/10
    [tffm] epoch 36/50: train_loss=0.6168 val_auc=0.9279 best=0.9291 patience=4/10
    [tffm] epoch 37/50: train_loss=0.6263 val_auc=0.9297 best=0.9297 patience=0/10 *
    [tffm] epoch 38/50: train_loss=0.5371 val_auc=0.9319 best=0.9319 patience=0/10 *
    [tffm] epoch 39/50: train_loss=0.5490 val_auc=0.9256 best=0.9319 patience=1/10
    [tffm] epoch 40/50: train_loss=0.5105 val_auc=0.9257 best=0.9319 patience=2/10
    [tffm] epoch 41/50: train_loss=0.5253 val_auc=0.9257 best=0.9319 patience=3/10
    [tffm] epoch 42/50: train_loss=0.4843 val_auc=0.9248 best=0.9319 patience=4/10
    [tffm] epoch 43/50: train_loss=0.5285 val_auc=0.9283 best=0.9319 patience=5/10
    [tffm] epoch 44/50: train_loss=0.5754 val_auc=0.9192 best=0.9319 patience=6/10
    [tffm] epoch 45/50: train_loss=0.5194 val_auc=0.9247 best=0.9319 patience=7/10
    [tffm] epoch 46/50: train_loss=0.5334 val_auc=0.9301 best=0.9319 patience=8/10
    [tffm] epoch 47/50: train_loss=0.5918 val_auc=0.9227 best=0.9319 patience=9/10
    [tffm] epoch 48/50: train_loss=0.5131 val_auc=0.9270 best=0.9319 patience=10/10
    [tffm] early stop at epoch 48
  [tffm] fold 91/100: AUC=0.9319
    [tffm] epoch 01/50: train_loss=1.1738 val_auc=0.8485 best=0.8485 patience=0/10 *
    [tffm] epoch 02/50: train_loss=0.8909 val_auc=0.8441 best=0.8485 patience=1/10
    [tffm] epoch 03/50: train_loss=0.9306 val_auc=0.8475 best=0.8485 patience=2/10
    [tffm] epoch 04/50: train_loss=0.7972 val_auc=0.8512 best=0.8512 patience=0/10 *
    [tffm] epoch 05/50: train_loss=0.7144 val_auc=0.8245 best=0.8512 patience=1/10
    [tffm] epoch 06/50: train_loss=0.7218 val_auc=0.8539 best=0.8539 patience=0/10 *
    [tffm] epoch 07/50: train_loss=0.7443 val_auc=0.8522 best=0.8539 patience=1/10
    [tffm] epoch 08/50: train_loss=0.7331 val_auc=0.8480 best=0.8539 patience=2/10
    [tffm] epoch 09/50: train_loss=0.6539 val_auc=0.8005 best=0.8539 patience=3/10
    [tffm] epoch 10/50: train_loss=0.6270 val_auc=0.7740 best=0.8539 patience=4/10
    [tffm] epoch 11/50: train_loss=0.6497 val_auc=0.7593 best=0.8539 patience=5/10
    [tffm] epoch 12/50: train_loss=0.6775 val_auc=0.7988 best=0.8539 patience=6/10
    [tffm] epoch 13/50: train_loss=0.7518 val_auc=0.7603 best=0.8539 patience=7/10
    [tffm] epoch 14/50: train_loss=0.6639 val_auc=0.7944 best=0.8539 patience=8/10
    [tffm] epoch 15/50: train_loss=0.6934 val_auc=0.7620 best=0.8539 patience=9/10
    [tffm] epoch 16/50: train_loss=0.6422 val_auc=0.8003 best=0.8539 patience=10/10
    [tffm] early stop at epoch 16
  [tffm] fold 92/100: AUC=0.8539
    [tffm] epoch 01/50: train_loss=1.2003 val_auc=0.8684 best=0.8684 patience=0/10 *
    [tffm] epoch 02/50: train_loss=0.9693 val_auc=0.8828 best=0.8828 patience=0/10 *
    [tffm] epoch 03/50: train_loss=0.8734 val_auc=0.8896 best=0.8896 patience=0/10 *
    [tffm] epoch 04/50: train_loss=0.8250 val_auc=0.8915 best=0.8915 patience=0/10 *
    [tffm] epoch 05/50: train_loss=0.7657 val_auc=0.8958 best=0.8958 patience=0/10 *
    [tffm] epoch 06/50: train_loss=0.7432 val_auc=0.9023 best=0.9023 patience=0/10 *
    [tffm] epoch 07/50: train_loss=0.8102 val_auc=0.9028 best=0.9028 patience=0/10 *
    [tffm] epoch 08/50: train_loss=0.7870 val_auc=0.9054 best=0.9054 patience=0/10 *
    [tffm] epoch 09/50: train_loss=0.8180 val_auc=0.9141 best=0.9141 patience=0/10 *
    [tffm] epoch 10/50: train_loss=0.7584 val_auc=0.9134 best=0.9141 patience=1/10
    [tffm] epoch 11/50: train_loss=0.6474 val_auc=0.8919 best=0.9141 patience=2/10
    [tffm] epoch 12/50: train_loss=0.7506 val_auc=0.9142 best=0.9142 patience=0/10 *
    [tffm] epoch 13/50: train_loss=0.7205 val_auc=0.9048 best=0.9142 patience=1/10
    [tffm] epoch 14/50: train_loss=0.6937 val_auc=0.9102 best=0.9142 patience=2/10
    [tffm] epoch 15/50: train_loss=0.6174 val_auc=0.8649 best=0.9142 patience=3/10
    [tffm] epoch 16/50: train_loss=0.7046 val_auc=0.9149 best=0.9149 patience=0/10 *
    [tffm] epoch 17/50: train_loss=0.6426 val_auc=0.8962 best=0.9149 patience=1/10
    [tffm] epoch 18/50: train_loss=0.6509 val_auc=0.9009 best=0.9149 patience=2/10
    [tffm] epoch 19/50: train_loss=0.5899 val_auc=0.8874 best=0.9149 patience=3/10
    [tffm] epoch 20/50: train_loss=0.6795 val_auc=0.9044 best=0.9149 patience=4/10
    [tffm] epoch 21/50: train_loss=0.7262 val_auc=0.8556 best=0.9149 patience=5/10
    [tffm] epoch 22/50: train_loss=0.5956 val_auc=0.9078 best=0.9149 patience=6/10
    [tffm] epoch 23/50: train_loss=0.5863 val_auc=0.8271 best=0.9149 patience=7/10
    [tffm] epoch 24/50: train_loss=0.6932 val_auc=0.8930 best=0.9149 patience=8/10
    [tffm] epoch 25/50: train_loss=0.6303 val_auc=0.8720 best=0.9149 patience=9/10
    [tffm] epoch 26/50: train_loss=0.6020 val_auc=0.8856 best=0.9149 patience=10/10
    [tffm] early stop at epoch 26
  [tffm] fold 93/100: AUC=0.9149
    [tffm] epoch 01/50: train_loss=1.2255 val_auc=0.8889 best=0.8889 patience=0/10 *
    [tffm] epoch 02/50: train_loss=0.9697 val_auc=0.8907 best=0.8907 patience=0/10 *
    [tffm] epoch 03/50: train_loss=0.8464 val_auc=0.9035 best=0.9035 patience=0/10 *
    [tffm] epoch 04/50: train_loss=0.7995 val_auc=0.9161 best=0.9161 patience=0/10 *
    [tffm] epoch 05/50: train_loss=0.8495 val_auc=0.9241 best=0.9241 patience=0/10 *
    [tffm] epoch 06/50: train_loss=0.7960 val_auc=0.9449 best=0.9449 patience=0/10 *
    [tffm] epoch 07/50: train_loss=0.8363 val_auc=0.9463 best=0.9463 patience=0/10 *
    [tffm] epoch 08/50: train_loss=0.7708 val_auc=0.9530 best=0.9530 patience=0/10 *
    [tffm] epoch 09/50: train_loss=0.7957 val_auc=0.9562 best=0.9562 patience=0/10 *
    [tffm] epoch 10/50: train_loss=0.8343 val_auc=0.9559 best=0.9562 patience=1/10
    [tffm] epoch 11/50: train_loss=0.7134 val_auc=0.9577 best=0.9577 patience=0/10 *
    [tffm] epoch 12/50: train_loss=0.7102 val_auc=0.9586 best=0.9586 patience=0/10 *
    [tffm] epoch 13/50: train_loss=0.6755 val_auc=0.9567 best=0.9586 patience=1/10
    [tffm] epoch 14/50: train_loss=0.6999 val_auc=0.9607 best=0.9607 patience=0/10 *
    [tffm] epoch 15/50: train_loss=0.7389 val_auc=0.9602 best=0.9607 patience=1/10
    [tffm] epoch 16/50: train_loss=0.6896 val_auc=0.9615 best=0.9615 patience=0/10 *
    [tffm] epoch 17/50: train_loss=0.6862 val_auc=0.9618 best=0.9618 patience=0/10 *
    [tffm] epoch 18/50: train_loss=0.7266 val_auc=0.9651 best=0.9651 patience=0/10 *
    [tffm] epoch 19/50: train_loss=0.6724 val_auc=0.9636 best=0.9651 patience=1/10
    [tffm] epoch 20/50: train_loss=0.7019 val_auc=0.9639 best=0.9651 patience=2/10
    [tffm] epoch 21/50: train_loss=0.6678 val_auc=0.9593 best=0.9651 patience=3/10
    [tffm] epoch 22/50: train_loss=0.7636 val_auc=0.9473 best=0.9651 patience=4/10
    [tffm] epoch 23/50: train_loss=0.6918 val_auc=0.9548 best=0.9651 patience=5/10
    [tffm] epoch 24/50: train_loss=0.6296 val_auc=0.9592 best=0.9651 patience=6/10
    [tffm] epoch 25/50: train_loss=0.6150 val_auc=0.9378 best=0.9651 patience=7/10
    [tffm] epoch 26/50: train_loss=0.5902 val_auc=0.9459 best=0.9651 patience=8/10
    [tffm] epoch 27/50: train_loss=0.6473 val_auc=0.9338 best=0.9651 patience=9/10
    [tffm] epoch 28/50: train_loss=0.6928 val_auc=0.9465 best=0.9651 patience=10/10
    [tffm] early stop at epoch 28
  [tffm] fold 94/100: AUC=0.9651
    [tffm] epoch 01/50: train_loss=1.1273 val_auc=0.8651 best=0.8651 patience=0/10 *
    [tffm] epoch 02/50: train_loss=0.8499 val_auc=0.8651 best=0.8651 patience=1/10
    [tffm] epoch 03/50: train_loss=0.7688 val_auc=0.8438 best=0.8651 patience=2/10
    [tffm] epoch 04/50: train_loss=0.7868 val_auc=0.8496 best=0.8651 patience=3/10
    [tffm] epoch 05/50: train_loss=0.7268 val_auc=0.8607 best=0.8651 patience=4/10
    [tffm] epoch 06/50: train_loss=0.8075 val_auc=0.8692 best=0.8692 patience=0/10 *
    [tffm] epoch 07/50: train_loss=0.7188 val_auc=0.8569 best=0.8692 patience=1/10
    [tffm] epoch 08/50: train_loss=0.6668 val_auc=0.8795 best=0.8795 patience=0/10 *
    [tffm] epoch 09/50: train_loss=0.8745 val_auc=0.8766 best=0.8795 patience=1/10
    [tffm] epoch 10/50: train_loss=0.7103 val_auc=0.8517 best=0.8795 patience=2/10
    [tffm] epoch 11/50: train_loss=0.6878 val_auc=0.8770 best=0.8795 patience=3/10
    [tffm] epoch 12/50: train_loss=0.7429 val_auc=0.8687 best=0.8795 patience=4/10
    [tffm] epoch 13/50: train_loss=0.6729 val_auc=0.8619 best=0.8795 patience=5/10
    [tffm] epoch 14/50: train_loss=0.7700 val_auc=0.8818 best=0.8818 patience=0/10 *
    [tffm] epoch 15/50: train_loss=0.6628 val_auc=0.8607 best=0.8818 patience=1/10
    [tffm] epoch 16/50: train_loss=0.6685 val_auc=0.8797 best=0.8818 patience=2/10
    [tffm] epoch 17/50: train_loss=0.6279 val_auc=0.8719 best=0.8818 patience=3/10
    [tffm] epoch 18/50: train_loss=0.6597 val_auc=0.8804 best=0.8818 patience=4/10
    [tffm] epoch 19/50: train_loss=0.6128 val_auc=0.8656 best=0.8818 patience=5/10
    [tffm] epoch 20/50: train_loss=0.5844 val_auc=0.8749 best=0.8818 patience=6/10
    [tffm] epoch 21/50: train_loss=0.5918 val_auc=0.8703 best=0.8818 patience=7/10
    [tffm] epoch 22/50: train_loss=0.5485 val_auc=0.8789 best=0.8818 patience=8/10
    [tffm] epoch 23/50: train_loss=0.6281 val_auc=0.8745 best=0.8818 patience=9/10
    [tffm] epoch 24/50: train_loss=0.5590 val_auc=0.8760 best=0.8818 patience=10/10
    [tffm] early stop at epoch 24
  [tffm] fold 95/100: AUC=0.8818
    [tffm] epoch 01/50: train_loss=1.1103 val_auc=0.8940 best=0.8940 patience=0/10 *
    [tffm] epoch 02/50: train_loss=0.8914 val_auc=0.8888 best=0.8940 patience=1/10
    [tffm] epoch 03/50: train_loss=0.8197 val_auc=0.8987 best=0.8987 patience=0/10 *
    [tffm] epoch 04/50: train_loss=0.7849 val_auc=0.9025 best=0.9025 patience=0/10 *
    [tffm] epoch 05/50: train_loss=0.7601 val_auc=0.9045 best=0.9045 patience=0/10 *
    [tffm] epoch 06/50: train_loss=0.7497 val_auc=0.9024 best=0.9045 patience=1/10
    [tffm] epoch 07/50: train_loss=0.7694 val_auc=0.8983 best=0.9045 patience=2/10
    [tffm] epoch 08/50: train_loss=0.7076 val_auc=0.9010 best=0.9045 patience=3/10
    [tffm] epoch 09/50: train_loss=0.7168 val_auc=0.8974 best=0.9045 patience=4/10
    [tffm] epoch 10/50: train_loss=0.6927 val_auc=0.8982 best=0.9045 patience=5/10
    [tffm] epoch 11/50: train_loss=0.7517 val_auc=0.9003 best=0.9045 patience=6/10
    [tffm] epoch 12/50: train_loss=0.6525 val_auc=0.8949 best=0.9045 patience=7/10
    [tffm] epoch 13/50: train_loss=0.6719 val_auc=0.9021 best=0.9045 patience=8/10
    [tffm] epoch 14/50: train_loss=0.6669 val_auc=0.8969 best=0.9045 patience=9/10
    [tffm] epoch 15/50: train_loss=0.6401 val_auc=0.8899 best=0.9045 patience=10/10
    [tffm] early stop at epoch 15
  [tffm] fold 96/100: AUC=0.9045
    [tffm] epoch 01/50: train_loss=1.1709 val_auc=0.8388 best=0.8388 patience=0/10 *
    [tffm] epoch 02/50: train_loss=0.9527 val_auc=0.8446 best=0.8446 patience=0/10 *
    [tffm] epoch 03/50: train_loss=0.7908 val_auc=0.8730 best=0.8730 patience=0/10 *
    [tffm] epoch 04/50: train_loss=0.7888 val_auc=0.8878 best=0.8878 patience=0/10 *
    [tffm] epoch 05/50: train_loss=0.7908 val_auc=0.9061 best=0.9061 patience=0/10 *
    [tffm] epoch 06/50: train_loss=0.7488 val_auc=0.9130 best=0.9130 patience=0/10 *
    [tffm] epoch 07/50: train_loss=0.7471 val_auc=0.9078 best=0.9130 patience=1/10
    [tffm] epoch 08/50: train_loss=0.7125 val_auc=0.9174 best=0.9174 patience=0/10 *
    [tffm] epoch 09/50: train_loss=0.7446 val_auc=0.9200 best=0.9200 patience=0/10 *
    [tffm] epoch 10/50: train_loss=0.7453 val_auc=0.9221 best=0.9221 patience=0/10 *
    [tffm] epoch 11/50: train_loss=0.7142 val_auc=0.9218 best=0.9221 patience=1/10
    [tffm] epoch 12/50: train_loss=0.6845 val_auc=0.9217 best=0.9221 patience=2/10
    [tffm] epoch 13/50: train_loss=0.6700 val_auc=0.9266 best=0.9266 patience=0/10 *
    [tffm] epoch 14/50: train_loss=0.7146 val_auc=0.9282 best=0.9282 patience=0/10 *
    [tffm] epoch 15/50: train_loss=0.6589 val_auc=0.9272 best=0.9282 patience=1/10
    [tffm] epoch 16/50: train_loss=0.6868 val_auc=0.9327 best=0.9327 patience=0/10 *
    [tffm] epoch 17/50: train_loss=0.6812 val_auc=0.9309 best=0.9327 patience=1/10
    [tffm] epoch 18/50: train_loss=0.7223 val_auc=0.9375 best=0.9375 patience=0/10 *
    [tffm] epoch 19/50: train_loss=0.6266 val_auc=0.9096 best=0.9375 patience=1/10
    [tffm] epoch 20/50: train_loss=0.6571 val_auc=0.9407 best=0.9407 patience=0/10 *
    [tffm] epoch 21/50: train_loss=0.6476 val_auc=0.9405 best=0.9407 patience=1/10
    [tffm] epoch 22/50: train_loss=0.5992 val_auc=0.9413 best=0.9413 patience=0/10 *
    [tffm] epoch 23/50: train_loss=0.5861 val_auc=0.9262 best=0.9413 patience=1/10
    [tffm] epoch 24/50: train_loss=0.6869 val_auc=0.9235 best=0.9413 patience=2/10
    [tffm] epoch 25/50: train_loss=0.6813 val_auc=0.9343 best=0.9413 patience=3/10
    [tffm] epoch 26/50: train_loss=0.5925 val_auc=0.8843 best=0.9413 patience=4/10
    [tffm] epoch 27/50: train_loss=0.5897 val_auc=0.9442 best=0.9442 patience=0/10 *
    [tffm] epoch 28/50: train_loss=0.5731 val_auc=0.8897 best=0.9442 patience=1/10
    [tffm] epoch 29/50: train_loss=0.6143 val_auc=0.9409 best=0.9442 patience=2/10
    [tffm] epoch 30/50: train_loss=0.6341 val_auc=0.9004 best=0.9442 patience=3/10
    [tffm] epoch 31/50: train_loss=0.6163 val_auc=0.9130 best=0.9442 patience=4/10
    [tffm] epoch 32/50: train_loss=0.5851 val_auc=0.8831 best=0.9442 patience=5/10
    [tffm] epoch 33/50: train_loss=0.5615 val_auc=0.9323 best=0.9442 patience=6/10
    [tffm] epoch 34/50: train_loss=0.6118 val_auc=0.8692 best=0.9442 patience=7/10
    [tffm] epoch 35/50: train_loss=0.5787 val_auc=0.8995 best=0.9442 patience=8/10
    [tffm] epoch 36/50: train_loss=0.5311 val_auc=0.8781 best=0.9442 patience=9/10
    [tffm] epoch 37/50: train_loss=0.5709 val_auc=0.8930 best=0.9442 patience=10/10
    [tffm] early stop at epoch 37
  [tffm] fold 97/100: AUC=0.9442
    [tffm] epoch 01/50: train_loss=1.1399 val_auc=0.9201 best=0.9201 patience=0/10 *
    [tffm] epoch 02/50: train_loss=0.9279 val_auc=0.9190 best=0.9201 patience=1/10
    [tffm] epoch 03/50: train_loss=0.8862 val_auc=0.9201 best=0.9201 patience=2/10
    [tffm] epoch 04/50: train_loss=0.8562 val_auc=0.9243 best=0.9243 patience=0/10 *
    [tffm] epoch 05/50: train_loss=0.8619 val_auc=0.9282 best=0.9282 patience=0/10 *
    [tffm] epoch 06/50: train_loss=0.7581 val_auc=0.9176 best=0.9282 patience=1/10
    [tffm] epoch 07/50: train_loss=0.7278 val_auc=0.9227 best=0.9282 patience=2/10
    [tffm] epoch 08/50: train_loss=0.7880 val_auc=0.9208 best=0.9282 patience=3/10
    [tffm] epoch 09/50: train_loss=0.7956 val_auc=0.9261 best=0.9282 patience=4/10
    [tffm] epoch 10/50: train_loss=0.7199 val_auc=0.9289 best=0.9289 patience=0/10 *
    [tffm] epoch 11/50: train_loss=0.7609 val_auc=0.9351 best=0.9351 patience=0/10 *
    [tffm] epoch 12/50: train_loss=0.6918 val_auc=0.9377 best=0.9377 patience=0/10 *
    [tffm] epoch 13/50: train_loss=0.7009 val_auc=0.9392 best=0.9392 patience=0/10 *
    [tffm] epoch 14/50: train_loss=0.7720 val_auc=0.9403 best=0.9403 patience=0/10 *
    [tffm] epoch 15/50: train_loss=0.6916 val_auc=0.9442 best=0.9442 patience=0/10 *
    [tffm] epoch 16/50: train_loss=0.7607 val_auc=0.9455 best=0.9455 patience=0/10 *
    [tffm] epoch 17/50: train_loss=0.6763 val_auc=0.9466 best=0.9466 patience=0/10 *
    [tffm] epoch 18/50: train_loss=0.7297 val_auc=0.9476 best=0.9476 patience=0/10 *
    [tffm] epoch 19/50: train_loss=0.6997 val_auc=0.9480 best=0.9480 patience=0/10 *
    [tffm] epoch 20/50: train_loss=0.7449 val_auc=0.9470 best=0.9480 patience=1/10
    [tffm] epoch 21/50: train_loss=0.6803 val_auc=0.9480 best=0.9480 patience=0/10 *
    [tffm] epoch 22/50: train_loss=0.6890 val_auc=0.9490 best=0.9490 patience=0/10 *
    [tffm] epoch 23/50: train_loss=0.6679 val_auc=0.9501 best=0.9501 patience=0/10 *
    [tffm] epoch 24/50: train_loss=0.5964 val_auc=0.9524 best=0.9524 patience=0/10 *
    [tffm] epoch 25/50: train_loss=0.6683 val_auc=0.9515 best=0.9524 patience=1/10
    [tffm] epoch 26/50: train_loss=0.6088 val_auc=0.9516 best=0.9524 patience=2/10
    [tffm] epoch 27/50: train_loss=0.6218 val_auc=0.9519 best=0.9524 patience=3/10
    [tffm] epoch 28/50: train_loss=0.5932 val_auc=0.9515 best=0.9524 patience=4/10
    [tffm] epoch 29/50: train_loss=0.7357 val_auc=0.9494 best=0.9524 patience=5/10
    [tffm] epoch 30/50: train_loss=0.6457 val_auc=0.9510 best=0.9524 patience=6/10
    [tffm] epoch 31/50: train_loss=0.6585 val_auc=0.9505 best=0.9524 patience=7/10
    [tffm] epoch 32/50: train_loss=0.5770 val_auc=0.9216 best=0.9524 patience=8/10
    [tffm] epoch 33/50: train_loss=0.5758 val_auc=0.9413 best=0.9524 patience=9/10
    [tffm] epoch 34/50: train_loss=0.6487 val_auc=0.9473 best=0.9524 patience=10/10
    [tffm] early stop at epoch 34
  [tffm] fold 98/100: AUC=0.9524
    [tffm] epoch 01/50: train_loss=1.2667 val_auc=0.8889 best=0.8889 patience=0/10 *
    [tffm] epoch 02/50: train_loss=0.9209 val_auc=0.8915 best=0.8915 patience=0/10 *
    [tffm] epoch 03/50: train_loss=0.8720 val_auc=0.8945 best=0.8945 patience=0/10 *
    [tffm] epoch 04/50: train_loss=0.8139 val_auc=0.9082 best=0.9082 patience=0/10 *
    [tffm] epoch 05/50: train_loss=0.8069 val_auc=0.9118 best=0.9118 patience=0/10 *
    [tffm] epoch 06/50: train_loss=0.8044 val_auc=0.9147 best=0.9147 patience=0/10 *
    [tffm] epoch 07/50: train_loss=0.7807 val_auc=0.9212 best=0.9212 patience=0/10 *
    [tffm] epoch 08/50: train_loss=0.7379 val_auc=0.9279 best=0.9279 patience=0/10 *
    [tffm] epoch 09/50: train_loss=0.7353 val_auc=0.9249 best=0.9279 patience=1/10
    [tffm] epoch 10/50: train_loss=0.7305 val_auc=0.9330 best=0.9330 patience=0/10 *
    [tffm] epoch 11/50: train_loss=0.8852 val_auc=0.9325 best=0.9330 patience=1/10
    [tffm] epoch 12/50: train_loss=0.7224 val_auc=0.9314 best=0.9330 patience=2/10
    [tffm] epoch 13/50: train_loss=0.7905 val_auc=0.9356 best=0.9356 patience=0/10 *
    [tffm] epoch 14/50: train_loss=0.7014 val_auc=0.9355 best=0.9356 patience=1/10
    [tffm] epoch 15/50: train_loss=0.6749 val_auc=0.9355 best=0.9356 patience=2/10
    [tffm] epoch 16/50: train_loss=0.7223 val_auc=0.9321 best=0.9356 patience=3/10
    [tffm] epoch 17/50: train_loss=0.6496 val_auc=0.9330 best=0.9356 patience=4/10
    [tffm] epoch 18/50: train_loss=0.7226 val_auc=0.9297 best=0.9356 patience=5/10
    [tffm] epoch 19/50: train_loss=0.6855 val_auc=0.9347 best=0.9356 patience=6/10
    [tffm] epoch 20/50: train_loss=0.6628 val_auc=0.9356 best=0.9356 patience=7/10
    [tffm] epoch 21/50: train_loss=0.6662 val_auc=0.9360 best=0.9360 patience=0/10 *
    [tffm] epoch 22/50: train_loss=0.6477 val_auc=0.9314 best=0.9360 patience=1/10
    [tffm] epoch 23/50: train_loss=0.6090 val_auc=0.9363 best=0.9363 patience=0/10 *
    [tffm] epoch 24/50: train_loss=0.6706 val_auc=0.9357 best=0.9363 patience=1/10
    [tffm] epoch 25/50: train_loss=0.6742 val_auc=0.9363 best=0.9363 patience=2/10
    [tffm] epoch 26/50: train_loss=0.5885 val_auc=0.9361 best=0.9363 patience=3/10
    [tffm] epoch 27/50: train_loss=0.6137 val_auc=0.9302 best=0.9363 patience=4/10
    [tffm] epoch 28/50: train_loss=0.5782 val_auc=0.9136 best=0.9363 patience=5/10
    [tffm] epoch 29/50: train_loss=0.5675 val_auc=0.9342 best=0.9363 patience=6/10
    [tffm] epoch 30/50: train_loss=0.6057 val_auc=0.9313 best=0.9363 patience=7/10
    [tffm] epoch 31/50: train_loss=0.5393 val_auc=0.9274 best=0.9363 patience=8/10
    [tffm] epoch 32/50: train_loss=0.6171 val_auc=0.9259 best=0.9363 patience=9/10
    [tffm] epoch 33/50: train_loss=0.5549 val_auc=0.9284 best=0.9363 patience=10/10
    [tffm] early stop at epoch 33
  [tffm] fold 99/100: AUC=0.9363
    [tffm] epoch 01/50: train_loss=1.1107 val_auc=0.7527 best=0.7527 patience=0/10 *
    [tffm] epoch 02/50: train_loss=0.8227 val_auc=0.7554 best=0.7554 patience=0/10 *
    [tffm] epoch 03/50: train_loss=0.6927 val_auc=0.7630 best=0.7630 patience=0/10 *
    [tffm] epoch 04/50: train_loss=0.6713 val_auc=0.7818 best=0.7818 patience=0/10 *
    [tffm] epoch 05/50: train_loss=0.6732 val_auc=0.7877 best=0.7877 patience=0/10 *
    [tffm] epoch 06/50: train_loss=0.6328 val_auc=0.7868 best=0.7877 patience=1/10
    [tffm] epoch 07/50: train_loss=0.6408 val_auc=0.7955 best=0.7955 patience=0/10 *
    [tffm] epoch 08/50: train_loss=0.6668 val_auc=0.7918 best=0.7955 patience=1/10
    [tffm] epoch 09/50: train_loss=0.5873 val_auc=0.8045 best=0.8045 patience=0/10 *
    [tffm] epoch 10/50: train_loss=0.6242 val_auc=0.8029 best=0.8045 patience=1/10
    [tffm] epoch 11/50: train_loss=0.5852 val_auc=0.8007 best=0.8045 patience=2/10
    [tffm] epoch 12/50: train_loss=0.5740 val_auc=0.8041 best=0.8045 patience=3/10
    [tffm] epoch 13/50: train_loss=0.6462 val_auc=0.7876 best=0.8045 patience=4/10
    [tffm] epoch 14/50: train_loss=0.7341 val_auc=0.7615 best=0.8045 patience=5/10
    [tffm] epoch 15/50: train_loss=0.5917 val_auc=0.8003 best=0.8045 patience=6/10
    [tffm] epoch 16/50: train_loss=0.5852 val_auc=0.7645 best=0.8045 patience=7/10
    [tffm] epoch 17/50: train_loss=0.6037 val_auc=0.8098 best=0.8098 patience=0/10 *
    [tffm] epoch 18/50: train_loss=0.6026 val_auc=0.7783 best=0.8098 patience=1/10
    [tffm] epoch 19/50: train_loss=0.5782 val_auc=0.7732 best=0.8098 patience=2/10
    [tffm] epoch 20/50: train_loss=0.5541 val_auc=0.7910 best=0.8098 patience=3/10
    [tffm] epoch 21/50: train_loss=0.5168 val_auc=0.8115 best=0.8115 patience=0/10 *
    [tffm] epoch 22/50: train_loss=0.5349 val_auc=0.7609 best=0.8115 patience=1/10
    [tffm] epoch 23/50: train_loss=0.5254 val_auc=0.7825 best=0.8115 patience=2/10
    [tffm] epoch 24/50: train_loss=0.5140 val_auc=0.7868 best=0.8115 patience=3/10
    [tffm] epoch 25/50: train_loss=0.4807 val_auc=0.7592 best=0.8115 patience=4/10
    [tffm] epoch 26/50: train_loss=0.4985 val_auc=0.7357 best=0.8115 patience=5/10
    [tffm] epoch 27/50: train_loss=0.4803 val_auc=0.7437 best=0.8115 patience=6/10
    [tffm] epoch 28/50: train_loss=0.5276 val_auc=0.7457 best=0.8115 patience=7/10
    [tffm] epoch 29/50: train_loss=0.5476 val_auc=0.7694 best=0.8115 patience=8/10
    [tffm] epoch 30/50: train_loss=0.4990 val_auc=0.6575 best=0.8115 patience=9/10
    [tffm] epoch 31/50: train_loss=0.5185 val_auc=0.7431 best=0.8115 patience=10/10
    [tffm] early stop at epoch 31
  [tffm] fold 100/100: AUC=0.8115
tffm: mean=0.9179, std=0.0313, q25=0.8958, q10=0.8802 over 100 folds
