
== cv resnet ==
  out:   ./runs/cv_full/resnet
  cv     n_splits=5 n_repeats=20 quick=False
  model  seed=42 device=cuda epochs=50 batch_size=256 lr=0.0003 weight_decay=0.0001 early_stop_patience=10 hidden=128 block_hidden=256 n_layers=4 dropout=0.2
  data   data_dir=./data/facebook-recruiting-iv-human-or-bot runs_dir=./runs cache_dir=./runs/cache

    [resnet] epoch 01/50: train_loss=1.4860 val_auc=0.2658 best=0.2658 patience=0/10 *
    [resnet] epoch 02/50: train_loss=1.4225 val_auc=0.2784 best=0.2784 patience=0/10 *
    [resnet] epoch 03/50: train_loss=1.3838 val_auc=0.4718 best=0.4718 patience=0/10 *
    [resnet] epoch 04/50: train_loss=1.3759 val_auc=0.8027 best=0.8027 patience=0/10 *
    [resnet] epoch 05/50: train_loss=1.3098 val_auc=0.7026 best=0.8027 patience=1/10
    [resnet] epoch 06/50: train_loss=1.2810 val_auc=0.7142 best=0.8027 patience=2/10
    [resnet] epoch 07/50: train_loss=1.2912 val_auc=0.7372 best=0.8027 patience=3/10
    [resnet] epoch 08/50: train_loss=1.2597 val_auc=0.7370 best=0.8027 patience=4/10
    [resnet] epoch 09/50: train_loss=1.2435 val_auc=0.7368 best=0.8027 patience=5/10
    [resnet] epoch 10/50: train_loss=1.2743 val_auc=0.7368 best=0.8027 patience=6/10
    [resnet] epoch 11/50: train_loss=1.2248 val_auc=0.7366 best=0.8027 patience=7/10
    [resnet] epoch 12/50: train_loss=1.1933 val_auc=0.7352 best=0.8027 patience=8/10
    [resnet] epoch 13/50: train_loss=1.1839 val_auc=0.7351 best=0.8027 patience=9/10
    [resnet] epoch 14/50: train_loss=1.1968 val_auc=0.7349 best=0.8027 patience=10/10
    [resnet] early stop at epoch 14
  [resnet] fold 1/100: AUC=0.8027
    [resnet] epoch 01/50: train_loss=1.2687 val_auc=0.7205 best=0.7205 patience=0/10 *
    [resnet] epoch 02/50: train_loss=1.2014 val_auc=0.7206 best=0.7206 patience=0/10 *
    [resnet] epoch 03/50: train_loss=1.2557 val_auc=0.7215 best=0.7215 patience=0/10 *
    [resnet] epoch 04/50: train_loss=1.2515 val_auc=0.7227 best=0.7227 patience=0/10 *
    [resnet] epoch 05/50: train_loss=1.2223 val_auc=0.7228 best=0.7228 patience=0/10 *
    [resnet] epoch 06/50: train_loss=1.2000 val_auc=0.7231 best=0.7231 patience=0/10 *
    [resnet] epoch 07/50: train_loss=1.2111 val_auc=0.7232 best=0.7232 patience=0/10 *
    [resnet] epoch 08/50: train_loss=1.2231 val_auc=0.7236 best=0.7236 patience=0/10 *
    [resnet] epoch 09/50: train_loss=1.1824 val_auc=0.7238 best=0.7238 patience=0/10 *
    [resnet] epoch 10/50: train_loss=1.2235 val_auc=0.7238 best=0.7238 patience=1/10
    [resnet] epoch 11/50: train_loss=1.1956 val_auc=0.7238 best=0.7238 patience=2/10
    [resnet] epoch 12/50: train_loss=1.1572 val_auc=0.7233 best=0.7238 patience=3/10
    [resnet] epoch 13/50: train_loss=1.1478 val_auc=0.7232 best=0.7238 patience=4/10
    [resnet] epoch 14/50: train_loss=1.1656 val_auc=0.7236 best=0.7238 patience=5/10
    [resnet] epoch 15/50: train_loss=1.1798 val_auc=0.7234 best=0.7238 patience=6/10
    [resnet] epoch 16/50: train_loss=1.1633 val_auc=0.7233 best=0.7238 patience=7/10
    [resnet] epoch 17/50: train_loss=1.1953 val_auc=0.7232 best=0.7238 patience=8/10
    [resnet] epoch 18/50: train_loss=1.1749 val_auc=0.7231 best=0.7238 patience=9/10
    [resnet] epoch 19/50: train_loss=1.1449 val_auc=0.7232 best=0.7238 patience=10/10
    [resnet] early stop at epoch 19
  [resnet] fold 2/100: AUC=0.7238
    [resnet] epoch 01/50: train_loss=1.4273 val_auc=0.2743 best=0.2743 patience=0/10 *
    [resnet] epoch 02/50: train_loss=1.3726 val_auc=0.5540 best=0.5540 patience=0/10 *
    [resnet] epoch 03/50: train_loss=1.3012 val_auc=0.6760 best=0.6760 patience=0/10 *
    [resnet] epoch 04/50: train_loss=1.3375 val_auc=0.7322 best=0.7322 patience=0/10 *
    [resnet] epoch 05/50: train_loss=1.2825 val_auc=0.7339 best=0.7339 patience=0/10 *
    [resnet] epoch 06/50: train_loss=1.2208 val_auc=0.7345 best=0.7345 patience=0/10 *
    [resnet] epoch 07/50: train_loss=1.2673 val_auc=0.7346 best=0.7346 patience=0/10 *
    [resnet] epoch 08/50: train_loss=1.2707 val_auc=0.7347 best=0.7347 patience=0/10 *
    [resnet] epoch 09/50: train_loss=1.2212 val_auc=0.7347 best=0.7347 patience=1/10
    [resnet] epoch 10/50: train_loss=1.2171 val_auc=0.7347 best=0.7347 patience=2/10
    [resnet] epoch 11/50: train_loss=1.2014 val_auc=0.7349 best=0.7349 patience=0/10 *
    [resnet] epoch 12/50: train_loss=1.2087 val_auc=0.7351 best=0.7351 patience=0/10 *
    [resnet] epoch 13/50: train_loss=1.2005 val_auc=0.7347 best=0.7351 patience=1/10
    [resnet] epoch 14/50: train_loss=1.1939 val_auc=0.7350 best=0.7351 patience=2/10
    [resnet] epoch 15/50: train_loss=1.2461 val_auc=0.7346 best=0.7351 patience=3/10
    [resnet] epoch 16/50: train_loss=1.2131 val_auc=0.7349 best=0.7351 patience=4/10
    [resnet] epoch 17/50: train_loss=1.2000 val_auc=0.7340 best=0.7351 patience=5/10
    [resnet] epoch 18/50: train_loss=1.1690 val_auc=0.7349 best=0.7351 patience=6/10
    [resnet] epoch 19/50: train_loss=1.1679 val_auc=0.7347 best=0.7351 patience=7/10
    [resnet] epoch 20/50: train_loss=1.1805 val_auc=0.7349 best=0.7351 patience=8/10
    [resnet] epoch 21/50: train_loss=1.1848 val_auc=0.7349 best=0.7351 patience=9/10
    [resnet] epoch 22/50: train_loss=1.1783 val_auc=0.7345 best=0.7351 patience=10/10
    [resnet] early stop at epoch 22
  [resnet] fold 3/100: AUC=0.7351
    [resnet] epoch 01/50: train_loss=1.3195 val_auc=0.5470 best=0.5470 patience=0/10 *
    [resnet] epoch 02/50: train_loss=1.2579 val_auc=0.5157 best=0.5470 patience=1/10
    [resnet] epoch 03/50: train_loss=1.2610 val_auc=0.5177 best=0.5470 patience=2/10
    [resnet] epoch 04/50: train_loss=1.2531 val_auc=0.6011 best=0.6011 patience=0/10 *
    [resnet] epoch 05/50: train_loss=1.1984 val_auc=0.7238 best=0.7238 patience=0/10 *
    [resnet] epoch 06/50: train_loss=1.2079 val_auc=0.7246 best=0.7246 patience=0/10 *
    [resnet] epoch 07/50: train_loss=1.2436 val_auc=0.7246 best=0.7246 patience=1/10
    [resnet] epoch 08/50: train_loss=1.2368 val_auc=0.7245 best=0.7246 patience=2/10
    [resnet] epoch 09/50: train_loss=1.1903 val_auc=0.7246 best=0.7246 patience=3/10
    [resnet] epoch 10/50: train_loss=1.1740 val_auc=0.7243 best=0.7246 patience=4/10
    [resnet] epoch 11/50: train_loss=1.2505 val_auc=0.7243 best=0.7246 patience=5/10
    [resnet] epoch 12/50: train_loss=1.1810 val_auc=0.7241 best=0.7246 patience=6/10
    [resnet] epoch 13/50: train_loss=1.2126 val_auc=0.7237 best=0.7246 patience=7/10
    [resnet] epoch 14/50: train_loss=1.2657 val_auc=0.7238 best=0.7246 patience=8/10
    [resnet] epoch 15/50: train_loss=1.1990 val_auc=0.7237 best=0.7246 patience=9/10
    [resnet] epoch 16/50: train_loss=1.2107 val_auc=0.7237 best=0.7246 patience=10/10
    [resnet] early stop at epoch 16
  [resnet] fold 4/100: AUC=0.7246
    [resnet] epoch 01/50: train_loss=1.2521 val_auc=0.6357 best=0.6357 patience=0/10 *
    [resnet] epoch 02/50: train_loss=1.2617 val_auc=0.7097 best=0.7097 patience=0/10 *
    [resnet] epoch 03/50: train_loss=1.2338 val_auc=0.7098 best=0.7098 patience=0/10 *
    [resnet] epoch 04/50: train_loss=1.2372 val_auc=0.7101 best=0.7101 patience=0/10 *
    [resnet] epoch 05/50: train_loss=1.2121 val_auc=0.7102 best=0.7102 patience=0/10 *
    [resnet] epoch 06/50: train_loss=1.2095 val_auc=0.7099 best=0.7102 patience=1/10
    [resnet] epoch 07/50: train_loss=1.1969 val_auc=0.7102 best=0.7102 patience=2/10
    [resnet] epoch 08/50: train_loss=1.1811 val_auc=0.7101 best=0.7102 patience=3/10
    [resnet] epoch 09/50: train_loss=1.1867 val_auc=0.7101 best=0.7102 patience=4/10
    [resnet] epoch 10/50: train_loss=1.2160 val_auc=0.7099 best=0.7102 patience=5/10
    [resnet] epoch 11/50: train_loss=1.1938 val_auc=0.7102 best=0.7102 patience=6/10
    [resnet] epoch 12/50: train_loss=1.1664 val_auc=0.7099 best=0.7102 patience=7/10
    [resnet] epoch 13/50: train_loss=1.1880 val_auc=0.7102 best=0.7102 patience=8/10
    [resnet] epoch 14/50: train_loss=1.1523 val_auc=0.7099 best=0.7102 patience=9/10
    [resnet] epoch 15/50: train_loss=1.1485 val_auc=0.7101 best=0.7102 patience=10/10
    [resnet] early stop at epoch 15
  [resnet] fold 5/100: AUC=0.7102
    [resnet] epoch 01/50: train_loss=1.2926 val_auc=0.5570 best=0.5570 patience=0/10 *
    [resnet] epoch 02/50: train_loss=1.2288 val_auc=0.5526 best=0.5570 patience=1/10
    [resnet] epoch 03/50: train_loss=1.2164 val_auc=0.6063 best=0.6063 patience=0/10 *
    [resnet] epoch 04/50: train_loss=1.2355 val_auc=0.7430 best=0.7430 patience=0/10 *
    [resnet] epoch 05/50: train_loss=1.2129 val_auc=0.7373 best=0.7430 patience=1/10
    [resnet] epoch 06/50: train_loss=1.2152 val_auc=0.7365 best=0.7430 patience=2/10
    [resnet] epoch 07/50: train_loss=1.2138 val_auc=0.7365 best=0.7430 patience=3/10
    [resnet] epoch 08/50: train_loss=1.2359 val_auc=0.7360 best=0.7430 patience=4/10
    [resnet] epoch 09/50: train_loss=1.2369 val_auc=0.7357 best=0.7430 patience=5/10
    [resnet] epoch 10/50: train_loss=1.2185 val_auc=0.7356 best=0.7430 patience=6/10
    [resnet] epoch 11/50: train_loss=1.1881 val_auc=0.7355 best=0.7430 patience=7/10
    [resnet] epoch 12/50: train_loss=1.1895 val_auc=0.7354 best=0.7430 patience=8/10
    [resnet] epoch 13/50: train_loss=1.1632 val_auc=0.7354 best=0.7430 patience=9/10
    [resnet] epoch 14/50: train_loss=1.2186 val_auc=0.7351 best=0.7430 patience=10/10
    [resnet] early stop at epoch 14
  [resnet] fold 6/100: AUC=0.7430
    [resnet] epoch 01/50: train_loss=1.2796 val_auc=0.6358 best=0.6358 patience=0/10 *
    [resnet] epoch 02/50: train_loss=1.3094 val_auc=0.6358 best=0.6358 patience=1/10
    [resnet] epoch 03/50: train_loss=1.2702 val_auc=0.6723 best=0.6723 patience=0/10 *
    [resnet] epoch 04/50: train_loss=1.2933 val_auc=0.6773 best=0.6773 patience=0/10 *
    [resnet] epoch 05/50: train_loss=1.2209 val_auc=0.6801 best=0.6801 patience=0/10 *
    [resnet] epoch 06/50: train_loss=1.2558 val_auc=0.6921 best=0.6921 patience=0/10 *
    [resnet] epoch 07/50: train_loss=1.2206 val_auc=0.6951 best=0.6951 patience=0/10 *
    [resnet] epoch 08/50: train_loss=1.1844 val_auc=0.6956 best=0.6956 patience=0/10 *
    [resnet] epoch 09/50: train_loss=1.2200 val_auc=0.6958 best=0.6958 patience=0/10 *
    [resnet] epoch 10/50: train_loss=1.1834 val_auc=0.6960 best=0.6960 patience=0/10 *
    [resnet] epoch 11/50: train_loss=1.1966 val_auc=0.6961 best=0.6961 patience=0/10 *
    [resnet] epoch 12/50: train_loss=1.2253 val_auc=0.6962 best=0.6962 patience=0/10 *
    [resnet] epoch 13/50: train_loss=1.1845 val_auc=0.6962 best=0.6962 patience=1/10
    [resnet] epoch 14/50: train_loss=1.1692 val_auc=0.6962 best=0.6962 patience=2/10
    [resnet] epoch 15/50: train_loss=1.2011 val_auc=0.6962 best=0.6962 patience=3/10
    [resnet] epoch 16/50: train_loss=1.2052 val_auc=0.6962 best=0.6962 patience=4/10
    [resnet] epoch 17/50: train_loss=1.1898 val_auc=0.6963 best=0.6963 patience=0/10 *
    [resnet] epoch 18/50: train_loss=1.1737 val_auc=0.6963 best=0.6963 patience=1/10
    [resnet] epoch 19/50: train_loss=1.2098 val_auc=0.6961 best=0.6963 patience=2/10
    [resnet] epoch 20/50: train_loss=1.2312 val_auc=0.6962 best=0.6963 patience=3/10
    [resnet] epoch 21/50: train_loss=1.2077 val_auc=0.6961 best=0.6963 patience=4/10
    [resnet] epoch 22/50: train_loss=1.2486 val_auc=0.6961 best=0.6963 patience=5/10
    [resnet] epoch 23/50: train_loss=1.2218 val_auc=0.6961 best=0.6963 patience=6/10
    [resnet] epoch 24/50: train_loss=1.1440 val_auc=0.6963 best=0.6963 patience=0/10 *
    [resnet] epoch 25/50: train_loss=1.1366 val_auc=0.6961 best=0.6963 patience=1/10
    [resnet] epoch 26/50: train_loss=1.1535 val_auc=0.6961 best=0.6963 patience=2/10
    [resnet] epoch 27/50: train_loss=1.1758 val_auc=0.6965 best=0.6965 patience=0/10 *
    [resnet] epoch 28/50: train_loss=1.1455 val_auc=0.6965 best=0.6965 patience=1/10
    [resnet] epoch 29/50: train_loss=1.1800 val_auc=0.6965 best=0.6965 patience=2/10
    [resnet] epoch 30/50: train_loss=1.1558 val_auc=0.6965 best=0.6965 patience=3/10
    [resnet] epoch 31/50: train_loss=1.1651 val_auc=0.6965 best=0.6965 patience=0/10 *
    [resnet] epoch 32/50: train_loss=1.1704 val_auc=0.6962 best=0.6965 patience=1/10
    [resnet] epoch 33/50: train_loss=1.1327 val_auc=0.6964 best=0.6965 patience=2/10
    [resnet] epoch 34/50: train_loss=1.1822 val_auc=0.6963 best=0.6965 patience=3/10
    [resnet] epoch 35/50: train_loss=1.1294 val_auc=0.6962 best=0.6965 patience=4/10
    [resnet] epoch 36/50: train_loss=1.1195 val_auc=0.6962 best=0.6965 patience=5/10
    [resnet] epoch 37/50: train_loss=1.1793 val_auc=0.6950 best=0.6965 patience=6/10
    [resnet] epoch 38/50: train_loss=1.1563 val_auc=0.6953 best=0.6965 patience=7/10
    [resnet] epoch 39/50: train_loss=1.1602 val_auc=0.6953 best=0.6965 patience=8/10
    [resnet] epoch 40/50: train_loss=1.1282 val_auc=0.6960 best=0.6965 patience=9/10
    [resnet] epoch 41/50: train_loss=1.1457 val_auc=0.6951 best=0.6965 patience=10/10
    [resnet] early stop at epoch 41
  [resnet] fold 7/100: AUC=0.6965
    [resnet] epoch 01/50: train_loss=1.2131 val_auc=0.7254 best=0.7254 patience=0/10 *
    [resnet] epoch 02/50: train_loss=1.2548 val_auc=0.7256 best=0.7256 patience=0/10 *
    [resnet] epoch 03/50: train_loss=1.2405 val_auc=0.7255 best=0.7256 patience=1/10
    [resnet] epoch 04/50: train_loss=1.2527 val_auc=0.7253 best=0.7256 patience=2/10
    [resnet] epoch 05/50: train_loss=1.2494 val_auc=0.7245 best=0.7256 patience=3/10
    [resnet] epoch 06/50: train_loss=1.2291 val_auc=0.7245 best=0.7256 patience=4/10
    [resnet] epoch 07/50: train_loss=1.2333 val_auc=0.7245 best=0.7256 patience=5/10
    [resnet] epoch 08/50: train_loss=1.1812 val_auc=0.7245 best=0.7256 patience=6/10
    [resnet] epoch 09/50: train_loss=1.1902 val_auc=0.7239 best=0.7256 patience=7/10
    [resnet] epoch 10/50: train_loss=1.2181 val_auc=0.7238 best=0.7256 patience=8/10
    [resnet] epoch 11/50: train_loss=1.2028 val_auc=0.7240 best=0.7256 patience=9/10
    [resnet] epoch 12/50: train_loss=1.2004 val_auc=0.7239 best=0.7256 patience=10/10
    [resnet] early stop at epoch 12
  [resnet] fold 8/100: AUC=0.7256
    [resnet] epoch 01/50: train_loss=1.2644 val_auc=0.7283 best=0.7283 patience=0/10 *
    [resnet] epoch 02/50: train_loss=1.3021 val_auc=0.7411 best=0.7411 patience=0/10 *
    [resnet] epoch 03/50: train_loss=1.2122 val_auc=0.7482 best=0.7482 patience=0/10 *
    [resnet] epoch 04/50: train_loss=1.2290 val_auc=0.7507 best=0.7507 patience=0/10 *
    [resnet] epoch 05/50: train_loss=1.1665 val_auc=0.7512 best=0.7512 patience=0/10 *
    [resnet] epoch 06/50: train_loss=1.1996 val_auc=0.7513 best=0.7513 patience=0/10 *
    [resnet] epoch 07/50: train_loss=1.2544 val_auc=0.7514 best=0.7514 patience=0/10 *
    [resnet] epoch 08/50: train_loss=1.1796 val_auc=0.7516 best=0.7516 patience=0/10 *
    [resnet] epoch 09/50: train_loss=1.1899 val_auc=0.7510 best=0.7516 patience=1/10
    [resnet] epoch 10/50: train_loss=1.2128 val_auc=0.7520 best=0.7520 patience=0/10 *
    [resnet] epoch 11/50: train_loss=1.1450 val_auc=0.7521 best=0.7521 patience=0/10 *
    [resnet] epoch 12/50: train_loss=1.1884 val_auc=0.7525 best=0.7525 patience=0/10 *
    [resnet] epoch 13/50: train_loss=1.2184 val_auc=0.7516 best=0.7525 patience=1/10
    [resnet] epoch 14/50: train_loss=1.1739 val_auc=0.7520 best=0.7525 patience=2/10
    [resnet] epoch 15/50: train_loss=1.1726 val_auc=0.7517 best=0.7525 patience=3/10
    [resnet] epoch 16/50: train_loss=1.1946 val_auc=0.7516 best=0.7525 patience=4/10
    [resnet] epoch 17/50: train_loss=1.1848 val_auc=0.7518 best=0.7525 patience=5/10
    [resnet] epoch 18/50: train_loss=1.1295 val_auc=0.7521 best=0.7525 patience=6/10
    [resnet] epoch 19/50: train_loss=1.1651 val_auc=0.7518 best=0.7525 patience=7/10
    [resnet] epoch 20/50: train_loss=1.1501 val_auc=0.7517 best=0.7525 patience=8/10
    [resnet] epoch 21/50: train_loss=1.1468 val_auc=0.7520 best=0.7525 patience=9/10
    [resnet] epoch 22/50: train_loss=1.1651 val_auc=0.7509 best=0.7525 patience=10/10
    [resnet] early stop at epoch 22
  [resnet] fold 9/100: AUC=0.7525
    [resnet] epoch 01/50: train_loss=1.3546 val_auc=0.6048 best=0.6048 patience=0/10 *
    [resnet] epoch 02/50: train_loss=1.3204 val_auc=0.7084 best=0.7084 patience=0/10 *
    [resnet] epoch 03/50: train_loss=1.2503 val_auc=0.7267 best=0.7267 patience=0/10 *
    [resnet] epoch 04/50: train_loss=1.2824 val_auc=0.7267 best=0.7267 patience=1/10
    [resnet] epoch 05/50: train_loss=1.2317 val_auc=0.7267 best=0.7267 patience=2/10
    [resnet] epoch 06/50: train_loss=1.2710 val_auc=0.7267 best=0.7267 patience=3/10
    [resnet] epoch 07/50: train_loss=1.2388 val_auc=0.7264 best=0.7267 patience=4/10
    [resnet] epoch 08/50: train_loss=1.2348 val_auc=0.7263 best=0.7267 patience=5/10
    [resnet] epoch 09/50: train_loss=1.1918 val_auc=0.7262 best=0.7267 patience=6/10
    [resnet] epoch 10/50: train_loss=1.2349 val_auc=0.7260 best=0.7267 patience=7/10
    [resnet] epoch 11/50: train_loss=1.2086 val_auc=0.7260 best=0.7267 patience=8/10
    [resnet] epoch 12/50: train_loss=1.1803 val_auc=0.7260 best=0.7267 patience=9/10
    [resnet] epoch 13/50: train_loss=1.1796 val_auc=0.7260 best=0.7267 patience=10/10
    [resnet] early stop at epoch 13
  [resnet] fold 10/100: AUC=0.7267
    [resnet] epoch 01/50: train_loss=1.3601 val_auc=0.6583 best=0.6583 patience=0/10 *
    [resnet] epoch 02/50: train_loss=1.2725 val_auc=0.7784 best=0.7784 patience=0/10 *
    [resnet] epoch 03/50: train_loss=1.2411 val_auc=0.7334 best=0.7784 patience=1/10
    [resnet] epoch 04/50: train_loss=1.2606 val_auc=0.7321 best=0.7784 patience=2/10
    [resnet] epoch 05/50: train_loss=1.2667 val_auc=0.7317 best=0.7784 patience=3/10
    [resnet] epoch 06/50: train_loss=1.1950 val_auc=0.7315 best=0.7784 patience=4/10
    [resnet] epoch 07/50: train_loss=1.1604 val_auc=0.7311 best=0.7784 patience=5/10
    [resnet] epoch 08/50: train_loss=1.1974 val_auc=0.7310 best=0.7784 patience=6/10
    [resnet] epoch 09/50: train_loss=1.1976 val_auc=0.7309 best=0.7784 patience=7/10
    [resnet] epoch 10/50: train_loss=1.2004 val_auc=0.7309 best=0.7784 patience=8/10
    [resnet] epoch 11/50: train_loss=1.2184 val_auc=0.7305 best=0.7784 patience=9/10
    [resnet] epoch 12/50: train_loss=1.2196 val_auc=0.7305 best=0.7784 patience=10/10
    [resnet] early stop at epoch 12
  [resnet] fold 11/100: AUC=0.7784
    [resnet] epoch 01/50: train_loss=1.4136 val_auc=0.3793 best=0.3793 patience=0/10 *
    [resnet] epoch 02/50: train_loss=1.3621 val_auc=0.5162 best=0.5162 patience=0/10 *
    [resnet] epoch 03/50: train_loss=1.3254 val_auc=0.6190 best=0.6190 patience=0/10 *
    [resnet] epoch 04/50: train_loss=1.2816 val_auc=0.6361 best=0.6361 patience=0/10 *
    [resnet] epoch 05/50: train_loss=1.3008 val_auc=0.6826 best=0.6826 patience=0/10 *
    [resnet] epoch 06/50: train_loss=1.2653 val_auc=0.6859 best=0.6859 patience=0/10 *
    [resnet] epoch 07/50: train_loss=1.2529 val_auc=0.6869 best=0.6869 patience=0/10 *
    [resnet] epoch 08/50: train_loss=1.2676 val_auc=0.6872 best=0.6872 patience=0/10 *
    [resnet] epoch 09/50: train_loss=1.2197 val_auc=0.6871 best=0.6872 patience=1/10
    [resnet] epoch 10/50: train_loss=1.2109 val_auc=0.6870 best=0.6872 patience=2/10
    [resnet] epoch 11/50: train_loss=1.2060 val_auc=0.6876 best=0.6876 patience=0/10 *
    [resnet] epoch 12/50: train_loss=1.1873 val_auc=0.6872 best=0.6876 patience=1/10
    [resnet] epoch 13/50: train_loss=1.1995 val_auc=0.6872 best=0.6876 patience=2/10
    [resnet] epoch 14/50: train_loss=1.2080 val_auc=0.6872 best=0.6876 patience=3/10
    [resnet] epoch 15/50: train_loss=1.1903 val_auc=0.6872 best=0.6876 patience=4/10
    [resnet] epoch 16/50: train_loss=1.2122 val_auc=0.6874 best=0.6876 patience=5/10
    [resnet] epoch 17/50: train_loss=1.1506 val_auc=0.6874 best=0.6876 patience=6/10
    [resnet] epoch 18/50: train_loss=1.2008 val_auc=0.6874 best=0.6876 patience=7/10
    [resnet] epoch 19/50: train_loss=1.2073 val_auc=0.6881 best=0.6881 patience=0/10 *
    [resnet] epoch 20/50: train_loss=1.2160 val_auc=0.6871 best=0.6881 patience=1/10
    [resnet] epoch 21/50: train_loss=1.1907 val_auc=0.6872 best=0.6881 patience=2/10
    [resnet] epoch 22/50: train_loss=1.1724 val_auc=0.6877 best=0.6881 patience=3/10
    [resnet] epoch 23/50: train_loss=1.1808 val_auc=0.6877 best=0.6881 patience=4/10
    [resnet] epoch 24/50: train_loss=1.1815 val_auc=0.6877 best=0.6881 patience=5/10
    [resnet] epoch 25/50: train_loss=1.1664 val_auc=0.6877 best=0.6881 patience=6/10
    [resnet] epoch 26/50: train_loss=1.1750 val_auc=0.6877 best=0.6881 patience=7/10
    [resnet] epoch 27/50: train_loss=1.1715 val_auc=0.6877 best=0.6881 patience=8/10
    [resnet] epoch 28/50: train_loss=1.1490 val_auc=0.6877 best=0.6881 patience=9/10
    [resnet] epoch 29/50: train_loss=1.1568 val_auc=0.6877 best=0.6881 patience=10/10
    [resnet] early stop at epoch 29
  [resnet] fold 12/100: AUC=0.6881
    [resnet] epoch 01/50: train_loss=1.3595 val_auc=0.5013 best=0.5013 patience=0/10 *
    [resnet] epoch 02/50: train_loss=1.2995 val_auc=0.5140 best=0.5140 patience=0/10 *
    [resnet] epoch 03/50: train_loss=1.2940 val_auc=0.6544 best=0.6544 patience=0/10 *
    [resnet] epoch 04/50: train_loss=1.2669 val_auc=0.7666 best=0.7666 patience=0/10 *
    [resnet] epoch 05/50: train_loss=1.2626 val_auc=0.7559 best=0.7666 patience=1/10
    [resnet] epoch 06/50: train_loss=1.2108 val_auc=0.7547 best=0.7666 patience=2/10
    [resnet] epoch 07/50: train_loss=1.2570 val_auc=0.7538 best=0.7666 patience=3/10
    [resnet] epoch 08/50: train_loss=1.1960 val_auc=0.7534 best=0.7666 patience=4/10
    [resnet] epoch 09/50: train_loss=1.2216 val_auc=0.7534 best=0.7666 patience=5/10
    [resnet] epoch 10/50: train_loss=1.1944 val_auc=0.7527 best=0.7666 patience=6/10
    [resnet] epoch 11/50: train_loss=1.1993 val_auc=0.7523 best=0.7666 patience=7/10
    [resnet] epoch 12/50: train_loss=1.1818 val_auc=0.7523 best=0.7666 patience=8/10
    [resnet] epoch 13/50: train_loss=1.1879 val_auc=0.7523 best=0.7666 patience=9/10
    [resnet] epoch 14/50: train_loss=1.1800 val_auc=0.7522 best=0.7666 patience=10/10
    [resnet] early stop at epoch 14
  [resnet] fold 13/100: AUC=0.7666
    [resnet] epoch 01/50: train_loss=1.3339 val_auc=0.3648 best=0.3648 patience=0/10 *
    [resnet] epoch 02/50: train_loss=1.2961 val_auc=0.5281 best=0.5281 patience=0/10 *
    [resnet] epoch 03/50: train_loss=1.2938 val_auc=0.7353 best=0.7353 patience=0/10 *
    [resnet] epoch 04/50: train_loss=1.2279 val_auc=0.7355 best=0.7355 patience=0/10 *
    [resnet] epoch 05/50: train_loss=1.2186 val_auc=0.7355 best=0.7355 patience=1/10
    [resnet] epoch 06/50: train_loss=1.2367 val_auc=0.7355 best=0.7355 patience=2/10
    [resnet] epoch 07/50: train_loss=1.1967 val_auc=0.7352 best=0.7355 patience=3/10
    [resnet] epoch 08/50: train_loss=1.2219 val_auc=0.7352 best=0.7355 patience=4/10
    [resnet] epoch 09/50: train_loss=1.2430 val_auc=0.7352 best=0.7355 patience=5/10
    [resnet] epoch 10/50: train_loss=1.2145 val_auc=0.7352 best=0.7355 patience=6/10
    [resnet] epoch 11/50: train_loss=1.2006 val_auc=0.7352 best=0.7355 patience=7/10
    [resnet] epoch 12/50: train_loss=1.1922 val_auc=0.7352 best=0.7355 patience=8/10
    [resnet] epoch 13/50: train_loss=1.2093 val_auc=0.7351 best=0.7355 patience=9/10
    [resnet] epoch 14/50: train_loss=1.2233 val_auc=0.7349 best=0.7355 patience=10/10
    [resnet] early stop at epoch 14
  [resnet] fold 14/100: AUC=0.7355
    [resnet] epoch 01/50: train_loss=1.2076 val_auc=0.7284 best=0.7284 patience=0/10 *
    [resnet] epoch 02/50: train_loss=1.2074 val_auc=0.7281 best=0.7284 patience=1/10
    [resnet] epoch 03/50: train_loss=1.2255 val_auc=0.7280 best=0.7284 patience=2/10
    [resnet] epoch 04/50: train_loss=1.2238 val_auc=0.7277 best=0.7284 patience=3/10
    [resnet] epoch 05/50: train_loss=1.1939 val_auc=0.7278 best=0.7284 patience=4/10
    [resnet] epoch 06/50: train_loss=1.1612 val_auc=0.7278 best=0.7284 patience=5/10
    [resnet] epoch 07/50: train_loss=1.1773 val_auc=0.7279 best=0.7284 patience=6/10
    [resnet] epoch 08/50: train_loss=1.1544 val_auc=0.7279 best=0.7284 patience=7/10
    [resnet] epoch 09/50: train_loss=1.1887 val_auc=0.7279 best=0.7284 patience=8/10
    [resnet] epoch 10/50: train_loss=1.1457 val_auc=0.7277 best=0.7284 patience=9/10
    [resnet] epoch 11/50: train_loss=1.1908 val_auc=0.7271 best=0.7284 patience=10/10
    [resnet] early stop at epoch 11
  [resnet] fold 15/100: AUC=0.7284
    [resnet] epoch 01/50: train_loss=1.3122 val_auc=0.7002 best=0.7002 patience=0/10 *
    [resnet] epoch 02/50: train_loss=1.2562 val_auc=0.7016 best=0.7016 patience=0/10 *
    [resnet] epoch 03/50: train_loss=1.2546 val_auc=0.7024 best=0.7024 patience=0/10 *
    [resnet] epoch 04/50: train_loss=1.2382 val_auc=0.7014 best=0.7024 patience=1/10
    [resnet] epoch 05/50: train_loss=1.2116 val_auc=0.7013 best=0.7024 patience=2/10
    [resnet] epoch 06/50: train_loss=1.2603 val_auc=0.7009 best=0.7024 patience=3/10
    [resnet] epoch 07/50: train_loss=1.2205 val_auc=0.7014 best=0.7024 patience=4/10
    [resnet] epoch 08/50: train_loss=1.1938 val_auc=0.7014 best=0.7024 patience=5/10
    [resnet] epoch 09/50: train_loss=1.1883 val_auc=0.7014 best=0.7024 patience=6/10
    [resnet] epoch 10/50: train_loss=1.1694 val_auc=0.7012 best=0.7024 patience=7/10
    [resnet] epoch 11/50: train_loss=1.1560 val_auc=0.7012 best=0.7024 patience=8/10
    [resnet] epoch 12/50: train_loss=1.1506 val_auc=0.7009 best=0.7024 patience=9/10
    [resnet] epoch 13/50: train_loss=1.2038 val_auc=0.7011 best=0.7024 patience=10/10
    [resnet] early stop at epoch 13
  [resnet] fold 16/100: AUC=0.7024
    [resnet] epoch 01/50: train_loss=1.4435 val_auc=0.4771 best=0.4771 patience=0/10 *
    [resnet] epoch 02/50: train_loss=1.3903 val_auc=0.5499 best=0.5499 patience=0/10 *
    [resnet] epoch 03/50: train_loss=1.3899 val_auc=0.5985 best=0.5985 patience=0/10 *
    [resnet] epoch 04/50: train_loss=1.3661 val_auc=0.6606 best=0.6606 patience=0/10 *
    [resnet] epoch 05/50: train_loss=1.3455 val_auc=0.6904 best=0.6904 patience=0/10 *
    [resnet] epoch 06/50: train_loss=1.2837 val_auc=0.7101 best=0.7101 patience=0/10 *
    [resnet] epoch 07/50: train_loss=1.2993 val_auc=0.7165 best=0.7165 patience=0/10 *
    [resnet] epoch 08/50: train_loss=1.2561 val_auc=0.7180 best=0.7180 patience=0/10 *
    [resnet] epoch 09/50: train_loss=1.2267 val_auc=0.7232 best=0.7232 patience=0/10 *
    [resnet] epoch 10/50: train_loss=1.2542 val_auc=0.7232 best=0.7232 patience=1/10
    [resnet] epoch 11/50: train_loss=1.2346 val_auc=0.7232 best=0.7232 patience=2/10
    [resnet] epoch 12/50: train_loss=1.2407 val_auc=0.7232 best=0.7232 patience=3/10
    [resnet] epoch 13/50: train_loss=1.2591 val_auc=0.7228 best=0.7232 patience=4/10
    [resnet] epoch 14/50: train_loss=1.2239 val_auc=0.7233 best=0.7233 patience=0/10 *
    [resnet] epoch 15/50: train_loss=1.2050 val_auc=0.7231 best=0.7233 patience=1/10
    [resnet] epoch 16/50: train_loss=1.2336 val_auc=0.7231 best=0.7233 patience=2/10
    [resnet] epoch 17/50: train_loss=1.1967 val_auc=0.7230 best=0.7233 patience=3/10
    [resnet] epoch 18/50: train_loss=1.2486 val_auc=0.7228 best=0.7233 patience=4/10
    [resnet] epoch 19/50: train_loss=1.2030 val_auc=0.7227 best=0.7233 patience=5/10
    [resnet] epoch 20/50: train_loss=1.1761 val_auc=0.7229 best=0.7233 patience=6/10
    [resnet] epoch 21/50: train_loss=1.1865 val_auc=0.7226 best=0.7233 patience=7/10
    [resnet] epoch 22/50: train_loss=1.2083 val_auc=0.7227 best=0.7233 patience=8/10
    [resnet] epoch 23/50: train_loss=1.1739 val_auc=0.7227 best=0.7233 patience=9/10
    [resnet] epoch 24/50: train_loss=1.1806 val_auc=0.7227 best=0.7233 patience=10/10
    [resnet] early stop at epoch 24
  [resnet] fold 17/100: AUC=0.7233
    [resnet] epoch 01/50: train_loss=1.2748 val_auc=0.7701 best=0.7701 patience=0/10 *
    [resnet] epoch 02/50: train_loss=1.2670 val_auc=0.7747 best=0.7747 patience=0/10 *
    [resnet] epoch 03/50: train_loss=1.2648 val_auc=0.7752 best=0.7752 patience=0/10 *
    [resnet] epoch 04/50: train_loss=1.2372 val_auc=0.7745 best=0.7752 patience=1/10
    [resnet] epoch 05/50: train_loss=1.2431 val_auc=0.7755 best=0.7755 patience=0/10 *
    [resnet] epoch 06/50: train_loss=1.2454 val_auc=0.7764 best=0.7764 patience=0/10 *
    [resnet] epoch 07/50: train_loss=1.2133 val_auc=0.7764 best=0.7764 patience=1/10
    [resnet] epoch 08/50: train_loss=1.2070 val_auc=0.7763 best=0.7764 patience=2/10
    [resnet] epoch 09/50: train_loss=1.1984 val_auc=0.7761 best=0.7764 patience=3/10
    [resnet] epoch 10/50: train_loss=1.2554 val_auc=0.7766 best=0.7766 patience=0/10 *
    [resnet] epoch 11/50: train_loss=1.2419 val_auc=0.7764 best=0.7766 patience=1/10
    [resnet] epoch 12/50: train_loss=1.2042 val_auc=0.7764 best=0.7766 patience=2/10
    [resnet] epoch 13/50: train_loss=1.2512 val_auc=0.7771 best=0.7771 patience=0/10 *
    [resnet] epoch 14/50: train_loss=1.2095 val_auc=0.7770 best=0.7771 patience=1/10
    [resnet] epoch 15/50: train_loss=1.2234 val_auc=0.7767 best=0.7771 patience=2/10
    [resnet] epoch 16/50: train_loss=1.1853 val_auc=0.7769 best=0.7771 patience=3/10
    [resnet] epoch 17/50: train_loss=1.2042 val_auc=0.7763 best=0.7771 patience=4/10
    [resnet] epoch 18/50: train_loss=1.1904 val_auc=0.7761 best=0.7771 patience=5/10
    [resnet] epoch 19/50: train_loss=1.2062 val_auc=0.7760 best=0.7771 patience=6/10
    [resnet] epoch 20/50: train_loss=1.2136 val_auc=0.7757 best=0.7771 patience=7/10
    [resnet] epoch 21/50: train_loss=1.1611 val_auc=0.7756 best=0.7771 patience=8/10
    [resnet] epoch 22/50: train_loss=1.2008 val_auc=0.7752 best=0.7771 patience=9/10
    [resnet] epoch 23/50: train_loss=1.2196 val_auc=0.7755 best=0.7771 patience=10/10
    [resnet] early stop at epoch 23
  [resnet] fold 18/100: AUC=0.7771
    [resnet] epoch 01/50: train_loss=1.2436 val_auc=0.6718 best=0.6718 patience=0/10 *
    [resnet] epoch 02/50: train_loss=1.2295 val_auc=0.7116 best=0.7116 patience=0/10 *
    [resnet] epoch 03/50: train_loss=1.2276 val_auc=0.7120 best=0.7120 patience=0/10 *
    [resnet] epoch 04/50: train_loss=1.2389 val_auc=0.7100 best=0.7120 patience=1/10
    [resnet] epoch 05/50: train_loss=1.2165 val_auc=0.7096 best=0.7120 patience=2/10
    [resnet] epoch 06/50: train_loss=1.2114 val_auc=0.7096 best=0.7120 patience=3/10
    [resnet] epoch 07/50: train_loss=1.2071 val_auc=0.7095 best=0.7120 patience=4/10
    [resnet] epoch 08/50: train_loss=1.2168 val_auc=0.7093 best=0.7120 patience=5/10
    [resnet] epoch 09/50: train_loss=1.2386 val_auc=0.7092 best=0.7120 patience=6/10
    [resnet] epoch 10/50: train_loss=1.1831 val_auc=0.7090 best=0.7120 patience=7/10
    [resnet] epoch 11/50: train_loss=1.2141 val_auc=0.7090 best=0.7120 patience=8/10
    [resnet] epoch 12/50: train_loss=1.2281 val_auc=0.7091 best=0.7120 patience=9/10
    [resnet] epoch 13/50: train_loss=1.1740 val_auc=0.7088 best=0.7120 patience=10/10
    [resnet] early stop at epoch 13
  [resnet] fold 19/100: AUC=0.7120
    [resnet] epoch 01/50: train_loss=1.3892 val_auc=0.4891 best=0.4891 patience=0/10 *
    [resnet] epoch 02/50: train_loss=1.2912 val_auc=0.6750 best=0.6750 patience=0/10 *
    [resnet] epoch 03/50: train_loss=1.2650 val_auc=0.7308 best=0.7308 patience=0/10 *
    [resnet] epoch 04/50: train_loss=1.2587 val_auc=0.7319 best=0.7319 patience=0/10 *
    [resnet] epoch 05/50: train_loss=1.2614 val_auc=0.7334 best=0.7334 patience=0/10 *
    [resnet] epoch 06/50: train_loss=1.2740 val_auc=0.7335 best=0.7335 patience=0/10 *
    [resnet] epoch 07/50: train_loss=1.2065 val_auc=0.7336 best=0.7336 patience=0/10 *
    [resnet] epoch 08/50: train_loss=1.2404 val_auc=0.7336 best=0.7336 patience=1/10
    [resnet] epoch 09/50: train_loss=1.2187 val_auc=0.7336 best=0.7336 patience=2/10
    [resnet] epoch 10/50: train_loss=1.2019 val_auc=0.7338 best=0.7338 patience=0/10 *
    [resnet] epoch 11/50: train_loss=1.2083 val_auc=0.7338 best=0.7338 patience=1/10
    [resnet] epoch 12/50: train_loss=1.2340 val_auc=0.7338 best=0.7338 patience=2/10
    [resnet] epoch 13/50: train_loss=1.2167 val_auc=0.7338 best=0.7338 patience=3/10
    [resnet] epoch 14/50: train_loss=1.2095 val_auc=0.7338 best=0.7338 patience=0/10 *
    [resnet] epoch 15/50: train_loss=1.1918 val_auc=0.7338 best=0.7338 patience=1/10
    [resnet] epoch 16/50: train_loss=1.1962 val_auc=0.7338 best=0.7338 patience=2/10
    [resnet] epoch 17/50: train_loss=1.2239 val_auc=0.7338 best=0.7338 patience=3/10
    [resnet] epoch 18/50: train_loss=1.1723 val_auc=0.7338 best=0.7338 patience=4/10
    [resnet] epoch 19/50: train_loss=1.1660 val_auc=0.7338 best=0.7338 patience=5/10
    [resnet] epoch 20/50: train_loss=1.1899 val_auc=0.7338 best=0.7338 patience=6/10
    [resnet] epoch 21/50: train_loss=1.1690 val_auc=0.7338 best=0.7338 patience=7/10
    [resnet] epoch 22/50: train_loss=1.1631 val_auc=0.7338 best=0.7338 patience=8/10
    [resnet] epoch 23/50: train_loss=1.1876 val_auc=0.7338 best=0.7338 patience=9/10
    [resnet] epoch 24/50: train_loss=1.1290 val_auc=0.7338 best=0.7338 patience=10/10
    [resnet] early stop at epoch 24
  [resnet] fold 20/100: AUC=0.7338
    [resnet] epoch 01/50: train_loss=1.2794 val_auc=0.7294 best=0.7294 patience=0/10 *
    [resnet] epoch 02/50: train_loss=1.3019 val_auc=0.7289 best=0.7294 patience=1/10
    [resnet] epoch 03/50: train_loss=1.2366 val_auc=0.7289 best=0.7294 patience=2/10
    [resnet] epoch 04/50: train_loss=1.2267 val_auc=0.7289 best=0.7294 patience=3/10
    [resnet] epoch 05/50: train_loss=1.2059 val_auc=0.7292 best=0.7294 patience=4/10
    [resnet] epoch 06/50: train_loss=1.2008 val_auc=0.7291 best=0.7294 patience=5/10
    [resnet] epoch 07/50: train_loss=1.2314 val_auc=0.7291 best=0.7294 patience=6/10
    [resnet] epoch 08/50: train_loss=1.2424 val_auc=0.7287 best=0.7294 patience=7/10
    [resnet] epoch 09/50: train_loss=1.1875 val_auc=0.7284 best=0.7294 patience=8/10
    [resnet] epoch 10/50: train_loss=1.1940 val_auc=0.7289 best=0.7294 patience=9/10
    [resnet] epoch 11/50: train_loss=1.1915 val_auc=0.7289 best=0.7294 patience=10/10
    [resnet] early stop at epoch 11
  [resnet] fold 21/100: AUC=0.7294
    [resnet] epoch 01/50: train_loss=1.3029 val_auc=0.5591 best=0.5591 patience=0/10 *
    [resnet] epoch 02/50: train_loss=1.3037 val_auc=0.5749 best=0.5749 patience=0/10 *
    [resnet] epoch 03/50: train_loss=1.2381 val_auc=0.8578 best=0.8578 patience=0/10 *
    [resnet] epoch 04/50: train_loss=1.2403 val_auc=0.6982 best=0.8578 patience=1/10
    [resnet] epoch 05/50: train_loss=1.2739 val_auc=0.6971 best=0.8578 patience=2/10
    [resnet] epoch 06/50: train_loss=1.2053 val_auc=0.6966 best=0.8578 patience=3/10
    [resnet] epoch 07/50: train_loss=1.2133 val_auc=0.6960 best=0.8578 patience=4/10
    [resnet] epoch 08/50: train_loss=1.2210 val_auc=0.6958 best=0.8578 patience=5/10
    [resnet] epoch 09/50: train_loss=1.1600 val_auc=0.6945 best=0.8578 patience=6/10
    [resnet] epoch 10/50: train_loss=1.2460 val_auc=0.6945 best=0.8578 patience=7/10
    [resnet] epoch 11/50: train_loss=1.1646 val_auc=0.6945 best=0.8578 patience=8/10
    [resnet] epoch 12/50: train_loss=1.2012 val_auc=0.6945 best=0.8578 patience=9/10
    [resnet] epoch 13/50: train_loss=1.1873 val_auc=0.6948 best=0.8578 patience=10/10
    [resnet] early stop at epoch 13
  [resnet] fold 22/100: AUC=0.8578
    [resnet] epoch 01/50: train_loss=1.3812 val_auc=0.3145 best=0.3145 patience=0/10 *
    [resnet] epoch 02/50: train_loss=1.3695 val_auc=0.3333 best=0.3333 patience=0/10 *
    [resnet] epoch 03/50: train_loss=1.2971 val_auc=0.3707 best=0.3707 patience=0/10 *
    [resnet] epoch 04/50: train_loss=1.3002 val_auc=0.6075 best=0.6075 patience=0/10 *
    [resnet] epoch 05/50: train_loss=1.3205 val_auc=0.7122 best=0.7122 patience=0/10 *
    [resnet] epoch 06/50: train_loss=1.2685 val_auc=0.7163 best=0.7163 patience=0/10 *
    [resnet] epoch 07/50: train_loss=1.2432 val_auc=0.7216 best=0.7216 patience=0/10 *
    [resnet] epoch 08/50: train_loss=1.2380 val_auc=0.7223 best=0.7223 patience=0/10 *
    [resnet] epoch 09/50: train_loss=1.1889 val_auc=0.7229 best=0.7229 patience=0/10 *
    [resnet] epoch 10/50: train_loss=1.2618 val_auc=0.7229 best=0.7229 patience=1/10
    [resnet] epoch 11/50: train_loss=1.2559 val_auc=0.7229 best=0.7229 patience=2/10
    [resnet] epoch 12/50: train_loss=1.2149 val_auc=0.7229 best=0.7229 patience=3/10
    [resnet] epoch 13/50: train_loss=1.2741 val_auc=0.7229 best=0.7229 patience=4/10
    [resnet] epoch 14/50: train_loss=1.2225 val_auc=0.7226 best=0.7229 patience=5/10
    [resnet] epoch 15/50: train_loss=1.2309 val_auc=0.7229 best=0.7229 patience=6/10
    [resnet] epoch 16/50: train_loss=1.2227 val_auc=0.7230 best=0.7230 patience=0/10 *
    [resnet] epoch 17/50: train_loss=1.2139 val_auc=0.7230 best=0.7230 patience=1/10
    [resnet] epoch 18/50: train_loss=1.2601 val_auc=0.7228 best=0.7230 patience=2/10
    [resnet] epoch 19/50: train_loss=1.2449 val_auc=0.7230 best=0.7230 patience=3/10
    [resnet] epoch 20/50: train_loss=1.1973 val_auc=0.7231 best=0.7231 patience=0/10 *
    [resnet] epoch 21/50: train_loss=1.2160 val_auc=0.7230 best=0.7231 patience=1/10
    [resnet] epoch 22/50: train_loss=1.2141 val_auc=0.7231 best=0.7231 patience=0/10 *
    [resnet] epoch 23/50: train_loss=1.2046 val_auc=0.7231 best=0.7231 patience=1/10
    [resnet] epoch 24/50: train_loss=1.1753 val_auc=0.7231 best=0.7231 patience=2/10
    [resnet] epoch 25/50: train_loss=1.1810 val_auc=0.7231 best=0.7231 patience=3/10
    [resnet] epoch 26/50: train_loss=1.1923 val_auc=0.7230 best=0.7231 patience=4/10
    [resnet] epoch 27/50: train_loss=1.1986 val_auc=0.7230 best=0.7231 patience=5/10
    [resnet] epoch 28/50: train_loss=1.2172 val_auc=0.7226 best=0.7231 patience=6/10
    [resnet] epoch 29/50: train_loss=1.1972 val_auc=0.7230 best=0.7231 patience=7/10
    [resnet] epoch 30/50: train_loss=1.1916 val_auc=0.7230 best=0.7231 patience=8/10
    [resnet] epoch 31/50: train_loss=1.1857 val_auc=0.7226 best=0.7231 patience=9/10
    [resnet] epoch 32/50: train_loss=1.1580 val_auc=0.7230 best=0.7231 patience=10/10
    [resnet] early stop at epoch 32
  [resnet] fold 23/100: AUC=0.7231
    [resnet] epoch 01/50: train_loss=1.2482 val_auc=0.6918 best=0.6918 patience=0/10 *
    [resnet] epoch 02/50: train_loss=1.2879 val_auc=0.7364 best=0.7364 patience=0/10 *
    [resnet] epoch 03/50: train_loss=1.2554 val_auc=0.7368 best=0.7368 patience=0/10 *
    [resnet] epoch 04/50: train_loss=1.2159 val_auc=0.7368 best=0.7368 patience=1/10
    [resnet] epoch 05/50: train_loss=1.1932 val_auc=0.7368 best=0.7368 patience=2/10
    [resnet] epoch 06/50: train_loss=1.1860 val_auc=0.7366 best=0.7368 patience=3/10
    [resnet] epoch 07/50: train_loss=1.2212 val_auc=0.7366 best=0.7368 patience=4/10
    [resnet] epoch 08/50: train_loss=1.2165 val_auc=0.7366 best=0.7368 patience=5/10
    [resnet] epoch 09/50: train_loss=1.1658 val_auc=0.7360 best=0.7368 patience=6/10
    [resnet] epoch 10/50: train_loss=1.1851 val_auc=0.7357 best=0.7368 patience=7/10
    [resnet] epoch 11/50: train_loss=1.1776 val_auc=0.7357 best=0.7368 patience=8/10
    [resnet] epoch 12/50: train_loss=1.1769 val_auc=0.7359 best=0.7368 patience=9/10
    [resnet] epoch 13/50: train_loss=1.2220 val_auc=0.7360 best=0.7368 patience=10/10
    [resnet] early stop at epoch 13
  [resnet] fold 24/100: AUC=0.7368
    [resnet] epoch 01/50: train_loss=1.3549 val_auc=0.5692 best=0.5692 patience=0/10 *
    [resnet] epoch 02/50: train_loss=1.3520 val_auc=0.6327 best=0.6327 patience=0/10 *
    [resnet] epoch 03/50: train_loss=1.3134 val_auc=0.6591 best=0.6591 patience=0/10 *
    [resnet] epoch 04/50: train_loss=1.2630 val_auc=0.7160 best=0.7160 patience=0/10 *
    [resnet] epoch 05/50: train_loss=1.2607 val_auc=0.7611 best=0.7611 patience=0/10 *
    [resnet] epoch 06/50: train_loss=1.2931 val_auc=0.7608 best=0.7611 patience=1/10
    [resnet] epoch 07/50: train_loss=1.2676 val_auc=0.7608 best=0.7611 patience=2/10
    [resnet] epoch 08/50: train_loss=1.2596 val_auc=0.7612 best=0.7612 patience=0/10 *
    [resnet] epoch 09/50: train_loss=1.2408 val_auc=0.7612 best=0.7612 patience=1/10
    [resnet] epoch 10/50: train_loss=1.2420 val_auc=0.7612 best=0.7612 patience=2/10
    [resnet] epoch 11/50: train_loss=1.2187 val_auc=0.7608 best=0.7612 patience=3/10
    [resnet] epoch 12/50: train_loss=1.2107 val_auc=0.7604 best=0.7612 patience=4/10
    [resnet] epoch 13/50: train_loss=1.1847 val_auc=0.7607 best=0.7612 patience=5/10
    [resnet] epoch 14/50: train_loss=1.2148 val_auc=0.7611 best=0.7612 patience=6/10
    [resnet] epoch 15/50: train_loss=1.1711 val_auc=0.7605 best=0.7612 patience=7/10
    [resnet] epoch 16/50: train_loss=1.1879 val_auc=0.7605 best=0.7612 patience=8/10
    [resnet] epoch 17/50: train_loss=1.1974 val_auc=0.7601 best=0.7612 patience=9/10
    [resnet] epoch 18/50: train_loss=1.1861 val_auc=0.7600 best=0.7612 patience=10/10
    [resnet] early stop at epoch 18
  [resnet] fold 25/100: AUC=0.7612
    [resnet] epoch 01/50: train_loss=1.2900 val_auc=0.5754 best=0.5754 patience=0/10 *
    [resnet] epoch 02/50: train_loss=1.2399 val_auc=0.5664 best=0.5754 patience=1/10
    [resnet] epoch 03/50: train_loss=1.2419 val_auc=0.6327 best=0.6327 patience=0/10 *
    [resnet] epoch 04/50: train_loss=1.2971 val_auc=0.6815 best=0.6815 patience=0/10 *
    [resnet] epoch 05/50: train_loss=1.2218 val_auc=0.6935 best=0.6935 patience=0/10 *
    [resnet] epoch 06/50: train_loss=1.2020 val_auc=0.6983 best=0.6983 patience=0/10 *
    [resnet] epoch 07/50: train_loss=1.1658 val_auc=0.6997 best=0.6997 patience=0/10 *
    [resnet] epoch 08/50: train_loss=1.2051 val_auc=0.6993 best=0.6997 patience=1/10
    [resnet] epoch 09/50: train_loss=1.2717 val_auc=0.7001 best=0.7001 patience=0/10 *
    [resnet] epoch 10/50: train_loss=1.1932 val_auc=0.7000 best=0.7001 patience=1/10
    [resnet] epoch 11/50: train_loss=1.1985 val_auc=0.7008 best=0.7008 patience=0/10 *
    [resnet] epoch 12/50: train_loss=1.2122 val_auc=0.7012 best=0.7012 patience=0/10 *
    [resnet] epoch 13/50: train_loss=1.2096 val_auc=0.7006 best=0.7012 patience=1/10
    [resnet] epoch 14/50: train_loss=1.2233 val_auc=0.7012 best=0.7012 patience=2/10
    [resnet] epoch 15/50: train_loss=1.1554 val_auc=0.7016 best=0.7016 patience=0/10 *
    [resnet] epoch 16/50: train_loss=1.1729 val_auc=0.7016 best=0.7016 patience=1/10
    [resnet] epoch 17/50: train_loss=1.1897 val_auc=0.7016 best=0.7016 patience=2/10
    [resnet] epoch 18/50: train_loss=1.1419 val_auc=0.7016 best=0.7016 patience=3/10
    [resnet] epoch 19/50: train_loss=1.1529 val_auc=0.7016 best=0.7016 patience=4/10
    [resnet] epoch 20/50: train_loss=1.2278 val_auc=0.7016 best=0.7016 patience=5/10
    [resnet] epoch 21/50: train_loss=1.1754 val_auc=0.7016 best=0.7016 patience=6/10
    [resnet] epoch 22/50: train_loss=1.1690 val_auc=0.7012 best=0.7016 patience=7/10
    [resnet] epoch 23/50: train_loss=1.1825 val_auc=0.7016 best=0.7016 patience=8/10
    [resnet] epoch 24/50: train_loss=1.1620 val_auc=0.7007 best=0.7016 patience=9/10
    [resnet] epoch 25/50: train_loss=1.1135 val_auc=0.7014 best=0.7016 patience=10/10
    [resnet] early stop at epoch 25
  [resnet] fold 26/100: AUC=0.7016
    [resnet] epoch 01/50: train_loss=1.2841 val_auc=0.7326 best=0.7326 patience=0/10 *
    [resnet] epoch 02/50: train_loss=1.2787 val_auc=0.7457 best=0.7457 patience=0/10 *
    [resnet] epoch 03/50: train_loss=1.3009 val_auc=0.7456 best=0.7457 patience=1/10
    [resnet] epoch 04/50: train_loss=1.2288 val_auc=0.7456 best=0.7457 patience=2/10
    [resnet] epoch 05/50: train_loss=1.2481 val_auc=0.7451 best=0.7457 patience=3/10
    [resnet] epoch 06/50: train_loss=1.2135 val_auc=0.7446 best=0.7457 patience=4/10
    [resnet] epoch 07/50: train_loss=1.1840 val_auc=0.7450 best=0.7457 patience=5/10
    [resnet] epoch 08/50: train_loss=1.2221 val_auc=0.7451 best=0.7457 patience=6/10
    [resnet] epoch 09/50: train_loss=1.1913 val_auc=0.7450 best=0.7457 patience=7/10
    [resnet] epoch 10/50: train_loss=1.1947 val_auc=0.7445 best=0.7457 patience=8/10
    [resnet] epoch 11/50: train_loss=1.2078 val_auc=0.7443 best=0.7457 patience=9/10
    [resnet] epoch 12/50: train_loss=1.1731 val_auc=0.7441 best=0.7457 patience=10/10
    [resnet] early stop at epoch 12
  [resnet] fold 27/100: AUC=0.7457
    [resnet] epoch 01/50: train_loss=1.2733 val_auc=0.7361 best=0.7361 patience=0/10 *
    [resnet] epoch 02/50: train_loss=1.2568 val_auc=0.7425 best=0.7425 patience=0/10 *
    [resnet] epoch 03/50: train_loss=1.2593 val_auc=0.7430 best=0.7430 patience=0/10 *
    [resnet] epoch 04/50: train_loss=1.2217 val_auc=0.7440 best=0.7440 patience=0/10 *
    [resnet] epoch 05/50: train_loss=1.2413 val_auc=0.7432 best=0.7440 patience=1/10
    [resnet] epoch 06/50: train_loss=1.2027 val_auc=0.7442 best=0.7442 patience=0/10 *
    [resnet] epoch 07/50: train_loss=1.2177 val_auc=0.7450 best=0.7450 patience=0/10 *
    [resnet] epoch 08/50: train_loss=1.2136 val_auc=0.7451 best=0.7451 patience=0/10 *
    [resnet] epoch 09/50: train_loss=1.2340 val_auc=0.7447 best=0.7451 patience=1/10
    [resnet] epoch 10/50: train_loss=1.2270 val_auc=0.7455 best=0.7455 patience=0/10 *
    [resnet] epoch 11/50: train_loss=1.2381 val_auc=0.7455 best=0.7455 patience=1/10
    [resnet] epoch 12/50: train_loss=1.1824 val_auc=0.7455 best=0.7455 patience=2/10
    [resnet] epoch 13/50: train_loss=1.2347 val_auc=0.7455 best=0.7455 patience=3/10
    [resnet] epoch 14/50: train_loss=1.1926 val_auc=0.7448 best=0.7455 patience=4/10
    [resnet] epoch 15/50: train_loss=1.2021 val_auc=0.7450 best=0.7455 patience=5/10
    [resnet] epoch 16/50: train_loss=1.1737 val_auc=0.7450 best=0.7455 patience=6/10
    [resnet] epoch 17/50: train_loss=1.1941 val_auc=0.7448 best=0.7455 patience=7/10
    [resnet] epoch 18/50: train_loss=1.1838 val_auc=0.7448 best=0.7455 patience=8/10
    [resnet] epoch 19/50: train_loss=1.1953 val_auc=0.7447 best=0.7455 patience=9/10
    [resnet] epoch 20/50: train_loss=1.1466 val_auc=0.7450 best=0.7455 patience=10/10
    [resnet] early stop at epoch 20
  [resnet] fold 28/100: AUC=0.7455
    [resnet] epoch 01/50: train_loss=1.3733 val_auc=0.2901 best=0.2901 patience=0/10 *
    [resnet] epoch 02/50: train_loss=1.3433 val_auc=0.2957 best=0.2957 patience=0/10 *
    [resnet] epoch 03/50: train_loss=1.3682 val_auc=0.5506 best=0.5506 patience=0/10 *
    [resnet] epoch 04/50: train_loss=1.2843 val_auc=0.7197 best=0.7197 patience=0/10 *
    [resnet] epoch 05/50: train_loss=1.2458 val_auc=0.7276 best=0.7276 patience=0/10 *
    [resnet] epoch 06/50: train_loss=1.2859 val_auc=0.7258 best=0.7276 patience=1/10
    [resnet] epoch 07/50: train_loss=1.2728 val_auc=0.7251 best=0.7276 patience=2/10
    [resnet] epoch 08/50: train_loss=1.2219 val_auc=0.7249 best=0.7276 patience=3/10
    [resnet] epoch 09/50: train_loss=1.2397 val_auc=0.7247 best=0.7276 patience=4/10
    [resnet] epoch 10/50: train_loss=1.2183 val_auc=0.7246 best=0.7276 patience=5/10
    [resnet] epoch 11/50: train_loss=1.2042 val_auc=0.7246 best=0.7276 patience=6/10
    [resnet] epoch 12/50: train_loss=1.2648 val_auc=0.7246 best=0.7276 patience=7/10
    [resnet] epoch 13/50: train_loss=1.1726 val_auc=0.7243 best=0.7276 patience=8/10
    [resnet] epoch 14/50: train_loss=1.2171 val_auc=0.7243 best=0.7276 patience=9/10
    [resnet] epoch 15/50: train_loss=1.2184 val_auc=0.7246 best=0.7276 patience=10/10
    [resnet] early stop at epoch 15
  [resnet] fold 29/100: AUC=0.7276
    [resnet] epoch 01/50: train_loss=1.2328 val_auc=0.7163 best=0.7163 patience=0/10 *
    [resnet] epoch 02/50: train_loss=1.2461 val_auc=0.7166 best=0.7166 patience=0/10 *
    [resnet] epoch 03/50: train_loss=1.2289 val_auc=0.7166 best=0.7166 patience=1/10
    [resnet] epoch 04/50: train_loss=1.2369 val_auc=0.7166 best=0.7166 patience=2/10
    [resnet] epoch 05/50: train_loss=1.2102 val_auc=0.7167 best=0.7167 patience=0/10 *
    [resnet] epoch 06/50: train_loss=1.2174 val_auc=0.7166 best=0.7167 patience=1/10
    [resnet] epoch 07/50: train_loss=1.2065 val_auc=0.7167 best=0.7167 patience=2/10
    [resnet] epoch 08/50: train_loss=1.1753 val_auc=0.7166 best=0.7167 patience=3/10
    [resnet] epoch 09/50: train_loss=1.1893 val_auc=0.7166 best=0.7167 patience=4/10
    [resnet] epoch 10/50: train_loss=1.1842 val_auc=0.7166 best=0.7167 patience=5/10
    [resnet] epoch 11/50: train_loss=1.1687 val_auc=0.7166 best=0.7167 patience=6/10
    [resnet] epoch 12/50: train_loss=1.1814 val_auc=0.7163 best=0.7167 patience=7/10
    [resnet] epoch 13/50: train_loss=1.1898 val_auc=0.7160 best=0.7167 patience=8/10
    [resnet] epoch 14/50: train_loss=1.1754 val_auc=0.7162 best=0.7167 patience=9/10
    [resnet] epoch 15/50: train_loss=1.1744 val_auc=0.7162 best=0.7167 patience=10/10
    [resnet] early stop at epoch 15
  [resnet] fold 30/100: AUC=0.7167
    [resnet] epoch 01/50: train_loss=1.2993 val_auc=0.5941 best=0.5941 patience=0/10 *
    [resnet] epoch 02/50: train_loss=1.3017 val_auc=0.5723 best=0.5941 patience=1/10
    [resnet] epoch 03/50: train_loss=1.2704 val_auc=0.5721 best=0.5941 patience=2/10
    [resnet] epoch 04/50: train_loss=1.2243 val_auc=0.5821 best=0.5941 patience=3/10
    [resnet] epoch 05/50: train_loss=1.2672 val_auc=0.5974 best=0.5974 patience=0/10 *
    [resnet] epoch 06/50: train_loss=1.2714 val_auc=0.6476 best=0.6476 patience=0/10 *
    [resnet] epoch 07/50: train_loss=1.2293 val_auc=0.7021 best=0.7021 patience=0/10 *
    [resnet] epoch 08/50: train_loss=1.2493 val_auc=0.7016 best=0.7021 patience=1/10
    [resnet] epoch 09/50: train_loss=1.2221 val_auc=0.7006 best=0.7021 patience=2/10
    [resnet] epoch 10/50: train_loss=1.2023 val_auc=0.6997 best=0.7021 patience=3/10
    [resnet] epoch 11/50: train_loss=1.2030 val_auc=0.6993 best=0.7021 patience=4/10
    [resnet] epoch 12/50: train_loss=1.1818 val_auc=0.6992 best=0.7021 patience=5/10
    [resnet] epoch 13/50: train_loss=1.2140 val_auc=0.6991 best=0.7021 patience=6/10
    [resnet] epoch 14/50: train_loss=1.2501 val_auc=0.6991 best=0.7021 patience=7/10
    [resnet] epoch 15/50: train_loss=1.1519 val_auc=0.6991 best=0.7021 patience=8/10
    [resnet] epoch 16/50: train_loss=1.1677 val_auc=0.6990 best=0.7021 patience=9/10
    [resnet] epoch 17/50: train_loss=1.1527 val_auc=0.6990 best=0.7021 patience=10/10
    [resnet] early stop at epoch 17
  [resnet] fold 31/100: AUC=0.7021
    [resnet] epoch 01/50: train_loss=1.3587 val_auc=0.3915 best=0.3915 patience=0/10 *
    [resnet] epoch 02/50: train_loss=1.2799 val_auc=0.5694 best=0.5694 patience=0/10 *
    [resnet] epoch 03/50: train_loss=1.2316 val_auc=0.5935 best=0.5935 patience=0/10 *
    [resnet] epoch 04/50: train_loss=1.2179 val_auc=0.6082 best=0.6082 patience=0/10 *
    [resnet] epoch 05/50: train_loss=1.2392 val_auc=0.7085 best=0.7085 patience=0/10 *
    [resnet] epoch 06/50: train_loss=1.2557 val_auc=0.7213 best=0.7213 patience=0/10 *
    [resnet] epoch 07/50: train_loss=1.2051 val_auc=0.7204 best=0.7213 patience=1/10
    [resnet] epoch 08/50: train_loss=1.2487 val_auc=0.7195 best=0.7213 patience=2/10
    [resnet] epoch 09/50: train_loss=1.2233 val_auc=0.7189 best=0.7213 patience=3/10
    [resnet] epoch 10/50: train_loss=1.2169 val_auc=0.7186 best=0.7213 patience=4/10
    [resnet] epoch 11/50: train_loss=1.2017 val_auc=0.7186 best=0.7213 patience=5/10
    [resnet] epoch 12/50: train_loss=1.2249 val_auc=0.7186 best=0.7213 patience=6/10
    [resnet] epoch 13/50: train_loss=1.2279 val_auc=0.7184 best=0.7213 patience=7/10
    [resnet] epoch 14/50: train_loss=1.2977 val_auc=0.7183 best=0.7213 patience=8/10
    [resnet] epoch 15/50: train_loss=1.1722 val_auc=0.7183 best=0.7213 patience=9/10
    [resnet] epoch 16/50: train_loss=1.1824 val_auc=0.7182 best=0.7213 patience=10/10
    [resnet] early stop at epoch 16
  [resnet] fold 32/100: AUC=0.7213
    [resnet] epoch 01/50: train_loss=1.3648 val_auc=0.6098 best=0.6098 patience=0/10 *
    [resnet] epoch 02/50: train_loss=1.2878 val_auc=0.7159 best=0.7159 patience=0/10 *
    [resnet] epoch 03/50: train_loss=1.2735 val_auc=0.7630 best=0.7630 patience=0/10 *
    [resnet] epoch 04/50: train_loss=1.2420 val_auc=0.7628 best=0.7630 patience=1/10
    [resnet] epoch 05/50: train_loss=1.2629 val_auc=0.7626 best=0.7630 patience=2/10
    [resnet] epoch 06/50: train_loss=1.2095 val_auc=0.7623 best=0.7630 patience=3/10
    [resnet] epoch 07/50: train_loss=1.2152 val_auc=0.7623 best=0.7630 patience=4/10
    [resnet] epoch 08/50: train_loss=1.2534 val_auc=0.7623 best=0.7630 patience=5/10
    [resnet] epoch 09/50: train_loss=1.1943 val_auc=0.7622 best=0.7630 patience=6/10
    [resnet] epoch 10/50: train_loss=1.1798 val_auc=0.7620 best=0.7630 patience=7/10
    [resnet] epoch 11/50: train_loss=1.1701 val_auc=0.7615 best=0.7630 patience=8/10
    [resnet] epoch 12/50: train_loss=1.1921 val_auc=0.7615 best=0.7630 patience=9/10
    [resnet] epoch 13/50: train_loss=1.2056 val_auc=0.7613 best=0.7630 patience=10/10
    [resnet] early stop at epoch 13
  [resnet] fold 33/100: AUC=0.7630
    [resnet] epoch 01/50: train_loss=1.2990 val_auc=0.2764 best=0.2764 patience=0/10 *
    [resnet] epoch 02/50: train_loss=1.2828 val_auc=0.3556 best=0.3556 patience=0/10 *
    [resnet] epoch 03/50: train_loss=1.3209 val_auc=0.4564 best=0.4564 patience=0/10 *
    [resnet] epoch 04/50: train_loss=1.2734 val_auc=0.6751 best=0.6751 patience=0/10 *
    [resnet] epoch 05/50: train_loss=1.2860 val_auc=0.7560 best=0.7560 patience=0/10 *
    [resnet] epoch 06/50: train_loss=1.2302 val_auc=0.7534 best=0.7560 patience=1/10
    [resnet] epoch 07/50: train_loss=1.2755 val_auc=0.7525 best=0.7560 patience=2/10
    [resnet] epoch 08/50: train_loss=1.1990 val_auc=0.7517 best=0.7560 patience=3/10
    [resnet] epoch 09/50: train_loss=1.2219 val_auc=0.7514 best=0.7560 patience=4/10
    [resnet] epoch 10/50: train_loss=1.2263 val_auc=0.7514 best=0.7560 patience=5/10
    [resnet] epoch 11/50: train_loss=1.2101 val_auc=0.7510 best=0.7560 patience=6/10
    [resnet] epoch 12/50: train_loss=1.2197 val_auc=0.7501 best=0.7560 patience=7/10
    [resnet] epoch 13/50: train_loss=1.2303 val_auc=0.7499 best=0.7560 patience=8/10
    [resnet] epoch 14/50: train_loss=1.2584 val_auc=0.7499 best=0.7560 patience=9/10
    [resnet] epoch 15/50: train_loss=1.2345 val_auc=0.7497 best=0.7560 patience=10/10
    [resnet] early stop at epoch 15
  [resnet] fold 34/100: AUC=0.7560
    [resnet] epoch 01/50: train_loss=1.3421 val_auc=0.5219 best=0.5219 patience=0/10 *
    [resnet] epoch 02/50: train_loss=1.3443 val_auc=0.6157 best=0.6157 patience=0/10 *
    [resnet] epoch 03/50: train_loss=1.2771 val_auc=0.7152 best=0.7152 patience=0/10 *
    [resnet] epoch 04/50: train_loss=1.2872 val_auc=0.7151 best=0.7152 patience=1/10
    [resnet] epoch 05/50: train_loss=1.2861 val_auc=0.7151 best=0.7152 patience=2/10
    [resnet] epoch 06/50: train_loss=1.2529 val_auc=0.7158 best=0.7158 patience=0/10 *
    [resnet] epoch 07/50: train_loss=1.1980 val_auc=0.7156 best=0.7158 patience=1/10
    [resnet] epoch 08/50: train_loss=1.1919 val_auc=0.7156 best=0.7158 patience=2/10
    [resnet] epoch 09/50: train_loss=1.2222 val_auc=0.7152 best=0.7158 patience=3/10
    [resnet] epoch 10/50: train_loss=1.2202 val_auc=0.7156 best=0.7158 patience=4/10
    [resnet] epoch 11/50: train_loss=1.1992 val_auc=0.7149 best=0.7158 patience=5/10
    [resnet] epoch 12/50: train_loss=1.1767 val_auc=0.7154 best=0.7158 patience=6/10
    [resnet] epoch 13/50: train_loss=1.2691 val_auc=0.7152 best=0.7158 patience=7/10
    [resnet] epoch 14/50: train_loss=1.1653 val_auc=0.7148 best=0.7158 patience=8/10
    [resnet] epoch 15/50: train_loss=1.2108 val_auc=0.7152 best=0.7158 patience=9/10
    [resnet] epoch 16/50: train_loss=1.2173 val_auc=0.7148 best=0.7158 patience=10/10
    [resnet] early stop at epoch 16
  [resnet] fold 35/100: AUC=0.7158
    [resnet] epoch 01/50: train_loss=1.3506 val_auc=0.3153 best=0.3153 patience=0/10 *
    [resnet] epoch 02/50: train_loss=1.3532 val_auc=0.4116 best=0.4116 patience=0/10 *
    [resnet] epoch 03/50: train_loss=1.3243 val_auc=0.5817 best=0.5817 patience=0/10 *
    [resnet] epoch 04/50: train_loss=1.2248 val_auc=0.6720 best=0.6720 patience=0/10 *
    [resnet] epoch 05/50: train_loss=1.2629 val_auc=0.6957 best=0.6957 patience=0/10 *
    [resnet] epoch 06/50: train_loss=1.2652 val_auc=0.7048 best=0.7048 patience=0/10 *
    [resnet] epoch 07/50: train_loss=1.2504 val_auc=0.7084 best=0.7084 patience=0/10 *
    [resnet] epoch 08/50: train_loss=1.2270 val_auc=0.7118 best=0.7118 patience=0/10 *
    [resnet] epoch 09/50: train_loss=1.2443 val_auc=0.7160 best=0.7160 patience=0/10 *
    [resnet] epoch 10/50: train_loss=1.2417 val_auc=0.7243 best=0.7243 patience=0/10 *
    [resnet] epoch 11/50: train_loss=1.1686 val_auc=0.7252 best=0.7252 patience=0/10 *
    [resnet] epoch 12/50: train_loss=1.2249 val_auc=0.7273 best=0.7273 patience=0/10 *
    [resnet] epoch 13/50: train_loss=1.1963 val_auc=0.7291 best=0.7291 patience=0/10 *
    [resnet] epoch 14/50: train_loss=1.2219 val_auc=0.7299 best=0.7299 patience=0/10 *
    [resnet] epoch 15/50: train_loss=1.2181 val_auc=0.7307 best=0.7307 patience=0/10 *
    [resnet] epoch 16/50: train_loss=1.1999 val_auc=0.7315 best=0.7315 patience=0/10 *
    [resnet] epoch 17/50: train_loss=1.1911 val_auc=0.7320 best=0.7320 patience=0/10 *
    [resnet] epoch 18/50: train_loss=1.2120 val_auc=0.7320 best=0.7320 patience=1/10
    [resnet] epoch 19/50: train_loss=1.2203 val_auc=0.7320 best=0.7320 patience=2/10
    [resnet] epoch 20/50: train_loss=1.1482 val_auc=0.7321 best=0.7321 patience=0/10 *
    [resnet] epoch 21/50: train_loss=1.1846 val_auc=0.7321 best=0.7321 patience=1/10
    [resnet] epoch 22/50: train_loss=1.1613 val_auc=0.7324 best=0.7324 patience=0/10 *
    [resnet] epoch 23/50: train_loss=1.1732 val_auc=0.7322 best=0.7324 patience=1/10
    [resnet] epoch 24/50: train_loss=1.1693 val_auc=0.7324 best=0.7324 patience=2/10
    [resnet] epoch 25/50: train_loss=1.1690 val_auc=0.7321 best=0.7324 patience=3/10
    [resnet] epoch 26/50: train_loss=1.2191 val_auc=0.7321 best=0.7324 patience=4/10
    [resnet] epoch 27/50: train_loss=1.1302 val_auc=0.7321 best=0.7324 patience=5/10
    [resnet] epoch 28/50: train_loss=1.1395 val_auc=0.7321 best=0.7324 patience=6/10
    [resnet] epoch 29/50: train_loss=1.1477 val_auc=0.7321 best=0.7324 patience=7/10
    [resnet] epoch 30/50: train_loss=1.1814 val_auc=0.7319 best=0.7324 patience=8/10
    [resnet] epoch 31/50: train_loss=1.1560 val_auc=0.7317 best=0.7324 patience=9/10
    [resnet] epoch 32/50: train_loss=1.1553 val_auc=0.7317 best=0.7324 patience=10/10
    [resnet] early stop at epoch 32
  [resnet] fold 36/100: AUC=0.7324
    [resnet] epoch 01/50: train_loss=1.2427 val_auc=0.7023 best=0.7023 patience=0/10 *
    [resnet] epoch 02/50: train_loss=1.2424 val_auc=0.7058 best=0.7058 patience=0/10 *
    [resnet] epoch 03/50: train_loss=1.2539 val_auc=0.7048 best=0.7058 patience=1/10
    [resnet] epoch 04/50: train_loss=1.1854 val_auc=0.7063 best=0.7063 patience=0/10 *
    [resnet] epoch 05/50: train_loss=1.2302 val_auc=0.7066 best=0.7066 patience=0/10 *
    [resnet] epoch 06/50: train_loss=1.1972 val_auc=0.7069 best=0.7069 patience=0/10 *
    [resnet] epoch 07/50: train_loss=1.2442 val_auc=0.7072 best=0.7072 patience=0/10 *
    [resnet] epoch 08/50: train_loss=1.2098 val_auc=0.7074 best=0.7074 patience=0/10 *
    [resnet] epoch 09/50: train_loss=1.1832 val_auc=0.7074 best=0.7074 patience=1/10
    [resnet] epoch 10/50: train_loss=1.2173 val_auc=0.7074 best=0.7074 patience=2/10
    [resnet] epoch 11/50: train_loss=1.1652 val_auc=0.7076 best=0.7076 patience=0/10 *
    [resnet] epoch 12/50: train_loss=1.1619 val_auc=0.7076 best=0.7076 patience=1/10
    [resnet] epoch 13/50: train_loss=1.2027 val_auc=0.7076 best=0.7076 patience=2/10
    [resnet] epoch 14/50: train_loss=1.2018 val_auc=0.7076 best=0.7076 patience=3/10
    [resnet] epoch 15/50: train_loss=1.1739 val_auc=0.7077 best=0.7077 patience=0/10 *
    [resnet] epoch 16/50: train_loss=1.1658 val_auc=0.7077 best=0.7077 patience=1/10
    [resnet] epoch 17/50: train_loss=1.1743 val_auc=0.7076 best=0.7077 patience=2/10
    [resnet] epoch 18/50: train_loss=1.1772 val_auc=0.7076 best=0.7077 patience=3/10
    [resnet] epoch 19/50: train_loss=1.1514 val_auc=0.7076 best=0.7077 patience=4/10
    [resnet] epoch 20/50: train_loss=1.1811 val_auc=0.7076 best=0.7077 patience=5/10
    [resnet] epoch 21/50: train_loss=1.1457 val_auc=0.7076 best=0.7077 patience=6/10
    [resnet] epoch 22/50: train_loss=1.1652 val_auc=0.7077 best=0.7077 patience=7/10
    [resnet] epoch 23/50: train_loss=1.1537 val_auc=0.7073 best=0.7077 patience=8/10
    [resnet] epoch 24/50: train_loss=1.1442 val_auc=0.7077 best=0.7077 patience=9/10
    [resnet] epoch 25/50: train_loss=1.1084 val_auc=0.7066 best=0.7077 patience=10/10
    [resnet] early stop at epoch 25
  [resnet] fold 37/100: AUC=0.7077
    [resnet] epoch 01/50: train_loss=1.2883 val_auc=0.7578 best=0.7578 patience=0/10 *
    [resnet] epoch 02/50: train_loss=1.2809 val_auc=0.7605 best=0.7605 patience=0/10 *
    [resnet] epoch 03/50: train_loss=1.2401 val_auc=0.7604 best=0.7605 patience=1/10
    [resnet] epoch 04/50: train_loss=1.2439 val_auc=0.7604 best=0.7605 patience=2/10
    [resnet] epoch 05/50: train_loss=1.2906 val_auc=0.7604 best=0.7605 patience=3/10
    [resnet] epoch 06/50: train_loss=1.2491 val_auc=0.7601 best=0.7605 patience=4/10
    [resnet] epoch 07/50: train_loss=1.2500 val_auc=0.7600 best=0.7605 patience=5/10
    [resnet] epoch 08/50: train_loss=1.2325 val_auc=0.7601 best=0.7605 patience=6/10
    [resnet] epoch 09/50: train_loss=1.2436 val_auc=0.7602 best=0.7605 patience=7/10
    [resnet] epoch 10/50: train_loss=1.2360 val_auc=0.7602 best=0.7605 patience=8/10
    [resnet] epoch 11/50: train_loss=1.1881 val_auc=0.7601 best=0.7605 patience=9/10
    [resnet] epoch 12/50: train_loss=1.1988 val_auc=0.7600 best=0.7605 patience=10/10
    [resnet] early stop at epoch 12
  [resnet] fold 38/100: AUC=0.7605
    [resnet] epoch 01/50: train_loss=1.3285 val_auc=0.6482 best=0.6482 patience=0/10 *
    [resnet] epoch 02/50: train_loss=1.2910 val_auc=0.7092 best=0.7092 patience=0/10 *
    [resnet] epoch 03/50: train_loss=1.3182 val_auc=0.7147 best=0.7147 patience=0/10 *
    [resnet] epoch 04/50: train_loss=1.2386 val_auc=0.7164 best=0.7164 patience=0/10 *
    [resnet] epoch 05/50: train_loss=1.2465 val_auc=0.7172 best=0.7172 patience=0/10 *
    [resnet] epoch 06/50: train_loss=1.2250 val_auc=0.7185 best=0.7185 patience=0/10 *
    [resnet] epoch 07/50: train_loss=1.2183 val_auc=0.7176 best=0.7185 patience=1/10
    [resnet] epoch 08/50: train_loss=1.1984 val_auc=0.7188 best=0.7188 patience=0/10 *
    [resnet] epoch 09/50: train_loss=1.2017 val_auc=0.7188 best=0.7188 patience=1/10
    [resnet] epoch 10/50: train_loss=1.1930 val_auc=0.7189 best=0.7189 patience=0/10 *
    [resnet] epoch 11/50: train_loss=1.2008 val_auc=0.7193 best=0.7193 patience=0/10 *
    [resnet] epoch 12/50: train_loss=1.1738 val_auc=0.7189 best=0.7193 patience=1/10
    [resnet] epoch 13/50: train_loss=1.1891 val_auc=0.7189 best=0.7193 patience=2/10
    [resnet] epoch 14/50: train_loss=1.1767 val_auc=0.7193 best=0.7193 patience=3/10
    [resnet] epoch 15/50: train_loss=1.1870 val_auc=0.7192 best=0.7193 patience=4/10
    [resnet] epoch 16/50: train_loss=1.1623 val_auc=0.7200 best=0.7200 patience=0/10 *
    [resnet] epoch 17/50: train_loss=1.2093 val_auc=0.7181 best=0.7200 patience=1/10
    [resnet] epoch 18/50: train_loss=1.2092 val_auc=0.7173 best=0.7200 patience=2/10
    [resnet] epoch 19/50: train_loss=1.1357 val_auc=0.7194 best=0.7200 patience=3/10
    [resnet] epoch 20/50: train_loss=1.2144 val_auc=0.7188 best=0.7200 patience=4/10
    [resnet] epoch 21/50: train_loss=1.1399 val_auc=0.7198 best=0.7200 patience=5/10
    [resnet] epoch 22/50: train_loss=1.1910 val_auc=0.7185 best=0.7200 patience=6/10
    [resnet] epoch 23/50: train_loss=1.1159 val_auc=0.7187 best=0.7200 patience=7/10
    [resnet] epoch 24/50: train_loss=1.1684 val_auc=0.7162 best=0.7200 patience=8/10
    [resnet] epoch 25/50: train_loss=1.1226 val_auc=0.7159 best=0.7200 patience=9/10
    [resnet] epoch 26/50: train_loss=1.1678 val_auc=0.7163 best=0.7200 patience=10/10
    [resnet] early stop at epoch 26
  [resnet] fold 39/100: AUC=0.7200
    [resnet] epoch 01/50: train_loss=1.2839 val_auc=0.7030 best=0.7030 patience=0/10 *
    [resnet] epoch 02/50: train_loss=1.2344 val_auc=0.7059 best=0.7059 patience=0/10 *
    [resnet] epoch 03/50: train_loss=1.2700 val_auc=0.7102 best=0.7102 patience=0/10 *
    [resnet] epoch 04/50: train_loss=1.2321 val_auc=0.7127 best=0.7127 patience=0/10 *
    [resnet] epoch 05/50: train_loss=1.2483 val_auc=0.7154 best=0.7154 patience=0/10 *
    [resnet] epoch 06/50: train_loss=1.2275 val_auc=0.7177 best=0.7177 patience=0/10 *
    [resnet] epoch 07/50: train_loss=1.2177 val_auc=0.7183 best=0.7183 patience=0/10 *
    [resnet] epoch 08/50: train_loss=1.2153 val_auc=0.7181 best=0.7183 patience=1/10
    [resnet] epoch 09/50: train_loss=1.2259 val_auc=0.7183 best=0.7183 patience=2/10
    [resnet] epoch 10/50: train_loss=1.1802 val_auc=0.7188 best=0.7188 patience=0/10 *
    [resnet] epoch 11/50: train_loss=1.1865 val_auc=0.7192 best=0.7192 patience=0/10 *
    [resnet] epoch 12/50: train_loss=1.2070 val_auc=0.7192 best=0.7192 patience=1/10
    [resnet] epoch 13/50: train_loss=1.1532 val_auc=0.7192 best=0.7192 patience=2/10
    [resnet] epoch 14/50: train_loss=1.1501 val_auc=0.7192 best=0.7192 patience=3/10
    [resnet] epoch 15/50: train_loss=1.2066 val_auc=0.7192 best=0.7192 patience=4/10
    [resnet] epoch 16/50: train_loss=1.1919 val_auc=0.7192 best=0.7192 patience=5/10
    [resnet] epoch 17/50: train_loss=1.1680 val_auc=0.7192 best=0.7192 patience=6/10
    [resnet] epoch 18/50: train_loss=1.1535 val_auc=0.7183 best=0.7192 patience=7/10
    [resnet] epoch 19/50: train_loss=1.1921 val_auc=0.7177 best=0.7192 patience=8/10
    [resnet] epoch 20/50: train_loss=1.2046 val_auc=0.7188 best=0.7192 patience=9/10
    [resnet] epoch 21/50: train_loss=1.1844 val_auc=0.7188 best=0.7192 patience=10/10
    [resnet] early stop at epoch 21
  [resnet] fold 40/100: AUC=0.7192
    [resnet] epoch 01/50: train_loss=1.3534 val_auc=0.5487 best=0.5487 patience=0/10 *
    [resnet] epoch 02/50: train_loss=1.3211 val_auc=0.6610 best=0.6610 patience=0/10 *
    [resnet] epoch 03/50: train_loss=1.2535 val_auc=0.7270 best=0.7270 patience=0/10 *
    [resnet] epoch 04/50: train_loss=1.2851 val_auc=0.7291 best=0.7291 patience=0/10 *
    [resnet] epoch 05/50: train_loss=1.2259 val_auc=0.7286 best=0.7291 patience=1/10
    [resnet] epoch 06/50: train_loss=1.2061 val_auc=0.7285 best=0.7291 patience=2/10
    [resnet] epoch 07/50: train_loss=1.2166 val_auc=0.7284 best=0.7291 patience=3/10
    [resnet] epoch 08/50: train_loss=1.2302 val_auc=0.7282 best=0.7291 patience=4/10
    [resnet] epoch 09/50: train_loss=1.2494 val_auc=0.7281 best=0.7291 patience=5/10
    [resnet] epoch 10/50: train_loss=1.2188 val_auc=0.7276 best=0.7291 patience=6/10
    [resnet] epoch 11/50: train_loss=1.2125 val_auc=0.7276 best=0.7291 patience=7/10
    [resnet] epoch 12/50: train_loss=1.1867 val_auc=0.7276 best=0.7291 patience=8/10
    [resnet] epoch 13/50: train_loss=1.1658 val_auc=0.7276 best=0.7291 patience=9/10
    [resnet] epoch 14/50: train_loss=1.2426 val_auc=0.7276 best=0.7291 patience=10/10
    [resnet] early stop at epoch 14
  [resnet] fold 41/100: AUC=0.7291
    [resnet] epoch 01/50: train_loss=1.2745 val_auc=0.5798 best=0.5798 patience=0/10 *
    [resnet] epoch 02/50: train_loss=1.2553 val_auc=0.5484 best=0.5798 patience=1/10
    [resnet] epoch 03/50: train_loss=1.2594 val_auc=0.5560 best=0.5798 patience=2/10
    [resnet] epoch 04/50: train_loss=1.2789 val_auc=0.6139 best=0.6139 patience=0/10 *
    [resnet] epoch 05/50: train_loss=1.2509 val_auc=0.7160 best=0.7160 patience=0/10 *
    [resnet] epoch 06/50: train_loss=1.2412 val_auc=0.7028 best=0.7160 patience=1/10
    [resnet] epoch 07/50: train_loss=1.2111 val_auc=0.6997 best=0.7160 patience=2/10
    [resnet] epoch 08/50: train_loss=1.2574 val_auc=0.7004 best=0.7160 patience=3/10
    [resnet] epoch 09/50: train_loss=1.1860 val_auc=0.6996 best=0.7160 patience=4/10
    [resnet] epoch 10/50: train_loss=1.2723 val_auc=0.7004 best=0.7160 patience=5/10
    [resnet] epoch 11/50: train_loss=1.2076 val_auc=0.7003 best=0.7160 patience=6/10
    [resnet] epoch 12/50: train_loss=1.1654 val_auc=0.6996 best=0.7160 patience=7/10
    [resnet] epoch 13/50: train_loss=1.1829 val_auc=0.6992 best=0.7160 patience=8/10
    [resnet] epoch 14/50: train_loss=1.1933 val_auc=0.6991 best=0.7160 patience=9/10
    [resnet] epoch 15/50: train_loss=1.2091 val_auc=0.6988 best=0.7160 patience=10/10
    [resnet] early stop at epoch 15
  [resnet] fold 42/100: AUC=0.7160
    [resnet] epoch 01/50: train_loss=1.2782 val_auc=0.6889 best=0.6889 patience=0/10 *
    [resnet] epoch 02/50: train_loss=1.2729 val_auc=0.6939 best=0.6939 patience=0/10 *
    [resnet] epoch 03/50: train_loss=1.2442 val_auc=0.6941 best=0.6941 patience=0/10 *
    [resnet] epoch 04/50: train_loss=1.2810 val_auc=0.6939 best=0.6941 patience=1/10
    [resnet] epoch 05/50: train_loss=1.2232 val_auc=0.6942 best=0.6942 patience=0/10 *
    [resnet] epoch 06/50: train_loss=1.1748 val_auc=0.6938 best=0.6942 patience=1/10
    [resnet] epoch 07/50: train_loss=1.2217 val_auc=0.6942 best=0.6942 patience=0/10 *
    [resnet] epoch 08/50: train_loss=1.2335 val_auc=0.6940 best=0.6942 patience=1/10
    [resnet] epoch 09/50: train_loss=1.2272 val_auc=0.6940 best=0.6942 patience=2/10
    [resnet] epoch 10/50: train_loss=1.2399 val_auc=0.6940 best=0.6942 patience=3/10
    [resnet] epoch 11/50: train_loss=1.1967 val_auc=0.6942 best=0.6942 patience=4/10
    [resnet] epoch 12/50: train_loss=1.2039 val_auc=0.6942 best=0.6942 patience=5/10
    [resnet] epoch 13/50: train_loss=1.1659 val_auc=0.6942 best=0.6942 patience=6/10
    [resnet] epoch 14/50: train_loss=1.1879 val_auc=0.6940 best=0.6942 patience=7/10
    [resnet] epoch 15/50: train_loss=1.1756 val_auc=0.6940 best=0.6942 patience=8/10
    [resnet] epoch 16/50: train_loss=1.1819 val_auc=0.6940 best=0.6942 patience=9/10
    [resnet] epoch 17/50: train_loss=1.1688 val_auc=0.6940 best=0.6942 patience=10/10
    [resnet] early stop at epoch 17
  [resnet] fold 43/100: AUC=0.6942
    [resnet] epoch 01/50: train_loss=1.3139 val_auc=0.7267 best=0.7267 patience=0/10 *
    [resnet] epoch 02/50: train_loss=1.3553 val_auc=0.7244 best=0.7267 patience=1/10
    [resnet] epoch 03/50: train_loss=1.2342 val_auc=0.7232 best=0.7267 patience=2/10
    [resnet] epoch 04/50: train_loss=1.2627 val_auc=0.7214 best=0.7267 patience=3/10
    [resnet] epoch 05/50: train_loss=1.2304 val_auc=0.7204 best=0.7267 patience=4/10
    [resnet] epoch 06/50: train_loss=1.2135 val_auc=0.7210 best=0.7267 patience=5/10
    [resnet] epoch 07/50: train_loss=1.1815 val_auc=0.7194 best=0.7267 patience=6/10
    [resnet] epoch 08/50: train_loss=1.2013 val_auc=0.7198 best=0.7267 patience=7/10
    [resnet] epoch 09/50: train_loss=1.1726 val_auc=0.7190 best=0.7267 patience=8/10
    [resnet] epoch 10/50: train_loss=1.1809 val_auc=0.7209 best=0.7267 patience=9/10
    [resnet] epoch 11/50: train_loss=1.2136 val_auc=0.7209 best=0.7267 patience=10/10
    [resnet] early stop at epoch 11
  [resnet] fold 44/100: AUC=0.7267
    [resnet] epoch 01/50: train_loss=1.2791 val_auc=0.7966 best=0.7966 patience=0/10 *
    [resnet] epoch 02/50: train_loss=1.2842 val_auc=0.7965 best=0.7966 patience=1/10
    [resnet] epoch 03/50: train_loss=1.2732 val_auc=0.7962 best=0.7966 patience=2/10
    [resnet] epoch 04/50: train_loss=1.2500 val_auc=0.7961 best=0.7966 patience=3/10
    [resnet] epoch 05/50: train_loss=1.1994 val_auc=0.7957 best=0.7966 patience=4/10
    [resnet] epoch 06/50: train_loss=1.2705 val_auc=0.7954 best=0.7966 patience=5/10
    [resnet] epoch 07/50: train_loss=1.2561 val_auc=0.7950 best=0.7966 patience=6/10
    [resnet] epoch 08/50: train_loss=1.2039 val_auc=0.7952 best=0.7966 patience=7/10
    [resnet] epoch 09/50: train_loss=1.2142 val_auc=0.7950 best=0.7966 patience=8/10
    [resnet] epoch 10/50: train_loss=1.2205 val_auc=0.7952 best=0.7966 patience=9/10
    [resnet] epoch 11/50: train_loss=1.1800 val_auc=0.7949 best=0.7966 patience=10/10
    [resnet] early stop at epoch 11
  [resnet] fold 45/100: AUC=0.7966
    [resnet] epoch 01/50: train_loss=1.2721 val_auc=0.5396 best=0.5396 patience=0/10 *
    [resnet] epoch 02/50: train_loss=1.3057 val_auc=0.7051 best=0.7051 patience=0/10 *
    [resnet] epoch 03/50: train_loss=1.2541 val_auc=0.7199 best=0.7199 patience=0/10 *
    [resnet] epoch 04/50: train_loss=1.2239 val_auc=0.7253 best=0.7253 patience=0/10 *
    [resnet] epoch 05/50: train_loss=1.1953 val_auc=0.7268 best=0.7268 patience=0/10 *
    [resnet] epoch 06/50: train_loss=1.2334 val_auc=0.7268 best=0.7268 patience=1/10
    [resnet] epoch 07/50: train_loss=1.2735 val_auc=0.7269 best=0.7269 patience=0/10 *
    [resnet] epoch 08/50: train_loss=1.2034 val_auc=0.7275 best=0.7275 patience=0/10 *
    [resnet] epoch 09/50: train_loss=1.2194 val_auc=0.7274 best=0.7275 patience=1/10
    [resnet] epoch 10/50: train_loss=1.2606 val_auc=0.7268 best=0.7275 patience=2/10
    [resnet] epoch 11/50: train_loss=1.2015 val_auc=0.7274 best=0.7275 patience=3/10
    [resnet] epoch 12/50: train_loss=1.2120 val_auc=0.7269 best=0.7275 patience=4/10
    [resnet] epoch 13/50: train_loss=1.1904 val_auc=0.7274 best=0.7275 patience=5/10
    [resnet] epoch 14/50: train_loss=1.1916 val_auc=0.7268 best=0.7275 patience=6/10
    [resnet] epoch 15/50: train_loss=1.1831 val_auc=0.7269 best=0.7275 patience=7/10
    [resnet] epoch 16/50: train_loss=1.1714 val_auc=0.7268 best=0.7275 patience=8/10
    [resnet] epoch 17/50: train_loss=1.1848 val_auc=0.7268 best=0.7275 patience=9/10
    [resnet] epoch 18/50: train_loss=1.2269 val_auc=0.7266 best=0.7275 patience=10/10
    [resnet] early stop at epoch 18
  [resnet] fold 46/100: AUC=0.7275
    [resnet] epoch 01/50: train_loss=1.3259 val_auc=0.6439 best=0.6439 patience=0/10 *
    [resnet] epoch 02/50: train_loss=1.3133 val_auc=0.6927 best=0.6927 patience=0/10 *
    [resnet] epoch 03/50: train_loss=1.2445 val_auc=0.6986 best=0.6986 patience=0/10 *
    [resnet] epoch 04/50: train_loss=1.2588 val_auc=0.6986 best=0.6986 patience=1/10
    [resnet] epoch 05/50: train_loss=1.2161 val_auc=0.6986 best=0.6986 patience=2/10
    [resnet] epoch 06/50: train_loss=1.2242 val_auc=0.6984 best=0.6986 patience=3/10
    [resnet] epoch 07/50: train_loss=1.2119 val_auc=0.6981 best=0.6986 patience=4/10
    [resnet] epoch 08/50: train_loss=1.1805 val_auc=0.6981 best=0.6986 patience=5/10
    [resnet] epoch 09/50: train_loss=1.2014 val_auc=0.6981 best=0.6986 patience=6/10
    [resnet] epoch 10/50: train_loss=1.1950 val_auc=0.6981 best=0.6986 patience=7/10
    [resnet] epoch 11/50: train_loss=1.1814 val_auc=0.6976 best=0.6986 patience=8/10
    [resnet] epoch 12/50: train_loss=1.1802 val_auc=0.6976 best=0.6986 patience=9/10
    [resnet] epoch 13/50: train_loss=1.1877 val_auc=0.6976 best=0.6986 patience=10/10
    [resnet] early stop at epoch 13
  [resnet] fold 47/100: AUC=0.6986
    [resnet] epoch 01/50: train_loss=1.3125 val_auc=0.2599 best=0.2599 patience=0/10 *
    [resnet] epoch 02/50: train_loss=1.3183 val_auc=0.4450 best=0.4450 patience=0/10 *
    [resnet] epoch 03/50: train_loss=1.2768 val_auc=0.5080 best=0.5080 patience=0/10 *
    [resnet] epoch 04/50: train_loss=1.2709 val_auc=0.5808 best=0.5808 patience=0/10 *
    [resnet] epoch 05/50: train_loss=1.2535 val_auc=0.6148 best=0.6148 patience=0/10 *
    [resnet] epoch 06/50: train_loss=1.2111 val_auc=0.7051 best=0.7051 patience=0/10 *
    [resnet] epoch 07/50: train_loss=1.3042 val_auc=0.7483 best=0.7483 patience=0/10 *
    [resnet] epoch 08/50: train_loss=1.2098 val_auc=0.7444 best=0.7483 patience=1/10
    [resnet] epoch 09/50: train_loss=1.2168 val_auc=0.7450 best=0.7483 patience=2/10
    [resnet] epoch 10/50: train_loss=1.2154 val_auc=0.7440 best=0.7483 patience=3/10
    [resnet] epoch 11/50: train_loss=1.2374 val_auc=0.7437 best=0.7483 patience=4/10
    [resnet] epoch 12/50: train_loss=1.2134 val_auc=0.7431 best=0.7483 patience=5/10
    [resnet] epoch 13/50: train_loss=1.1753 val_auc=0.7431 best=0.7483 patience=6/10
    [resnet] epoch 14/50: train_loss=1.2370 val_auc=0.7431 best=0.7483 patience=7/10
    [resnet] epoch 15/50: train_loss=1.1897 val_auc=0.7431 best=0.7483 patience=8/10
    [resnet] epoch 16/50: train_loss=1.2193 val_auc=0.7415 best=0.7483 patience=9/10
    [resnet] epoch 17/50: train_loss=1.1827 val_auc=0.7426 best=0.7483 patience=10/10
    [resnet] early stop at epoch 17
  [resnet] fold 48/100: AUC=0.7483
    [resnet] epoch 01/50: train_loss=1.3222 val_auc=0.4080 best=0.4080 patience=0/10 *
    [resnet] epoch 02/50: train_loss=1.2577 val_auc=0.5058 best=0.5058 patience=0/10 *
    [resnet] epoch 03/50: train_loss=1.2536 val_auc=0.6103 best=0.6103 patience=0/10 *
    [resnet] epoch 04/50: train_loss=1.2503 val_auc=0.8359 best=0.8359 patience=0/10 *
    [resnet] epoch 05/50: train_loss=1.2056 val_auc=0.7578 best=0.8359 patience=1/10
    [resnet] epoch 06/50: train_loss=1.2413 val_auc=0.7565 best=0.8359 patience=2/10
    [resnet] epoch 07/50: train_loss=1.2330 val_auc=0.7553 best=0.8359 patience=3/10
    [resnet] epoch 08/50: train_loss=1.2389 val_auc=0.7550 best=0.8359 patience=4/10
    [resnet] epoch 09/50: train_loss=1.2074 val_auc=0.7549 best=0.8359 patience=5/10
    [resnet] epoch 10/50: train_loss=1.2162 val_auc=0.7549 best=0.8359 patience=6/10
    [resnet] epoch 11/50: train_loss=1.2212 val_auc=0.7546 best=0.8359 patience=7/10
    [resnet] epoch 12/50: train_loss=1.1719 val_auc=0.7545 best=0.8359 patience=8/10
    [resnet] epoch 13/50: train_loss=1.1848 val_auc=0.7540 best=0.8359 patience=9/10
    [resnet] epoch 14/50: train_loss=1.2150 val_auc=0.7543 best=0.8359 patience=10/10
    [resnet] early stop at epoch 14
  [resnet] fold 49/100: AUC=0.8359
    [resnet] epoch 01/50: train_loss=1.3479 val_auc=0.3927 best=0.3927 patience=0/10 *
    [resnet] epoch 02/50: train_loss=1.3484 val_auc=0.4258 best=0.4258 patience=0/10 *
    [resnet] epoch 03/50: train_loss=1.2515 val_auc=0.7276 best=0.7276 patience=0/10 *
    [resnet] epoch 04/50: train_loss=1.2590 val_auc=0.7228 best=0.7276 patience=1/10
    [resnet] epoch 05/50: train_loss=1.3044 val_auc=0.7221 best=0.7276 patience=2/10
    [resnet] epoch 06/50: train_loss=1.2794 val_auc=0.7215 best=0.7276 patience=3/10
    [resnet] epoch 07/50: train_loss=1.2032 val_auc=0.7215 best=0.7276 patience=4/10
    [resnet] epoch 08/50: train_loss=1.2279 val_auc=0.7209 best=0.7276 patience=5/10
    [resnet] epoch 09/50: train_loss=1.2234 val_auc=0.7209 best=0.7276 patience=6/10
    [resnet] epoch 10/50: train_loss=1.2265 val_auc=0.7207 best=0.7276 patience=7/10
    [resnet] epoch 11/50: train_loss=1.1772 val_auc=0.7205 best=0.7276 patience=8/10
    [resnet] epoch 12/50: train_loss=1.2200 val_auc=0.7205 best=0.7276 patience=9/10
    [resnet] epoch 13/50: train_loss=1.2260 val_auc=0.7202 best=0.7276 patience=10/10
    [resnet] early stop at epoch 13
  [resnet] fold 50/100: AUC=0.7276
    [resnet] epoch 01/50: train_loss=1.3572 val_auc=0.6406 best=0.6406 patience=0/10 *
    [resnet] epoch 02/50: train_loss=1.2435 val_auc=0.6092 best=0.6406 patience=1/10
    [resnet] epoch 03/50: train_loss=1.2792 val_auc=0.6386 best=0.6406 patience=2/10
    [resnet] epoch 04/50: train_loss=1.2522 val_auc=0.7118 best=0.7118 patience=0/10 *
    [resnet] epoch 05/50: train_loss=1.2242 val_auc=0.7170 best=0.7170 patience=0/10 *
    [resnet] epoch 06/50: train_loss=1.1853 val_auc=0.7220 best=0.7220 patience=0/10 *
    [resnet] epoch 07/50: train_loss=1.2501 val_auc=0.7218 best=0.7220 patience=1/10
    [resnet] epoch 08/50: train_loss=1.1982 val_auc=0.7223 best=0.7223 patience=0/10 *
    [resnet] epoch 09/50: train_loss=1.1980 val_auc=0.7224 best=0.7224 patience=0/10 *
    [resnet] epoch 10/50: train_loss=1.2386 val_auc=0.7225 best=0.7225 patience=0/10 *
    [resnet] epoch 11/50: train_loss=1.2282 val_auc=0.7220 best=0.7225 patience=1/10
    [resnet] epoch 12/50: train_loss=1.1916 val_auc=0.7219 best=0.7225 patience=2/10
    [resnet] epoch 13/50: train_loss=1.1949 val_auc=0.7220 best=0.7225 patience=3/10
    [resnet] epoch 14/50: train_loss=1.1699 val_auc=0.7220 best=0.7225 patience=4/10
    [resnet] epoch 15/50: train_loss=1.1745 val_auc=0.7216 best=0.7225 patience=5/10
    [resnet] epoch 16/50: train_loss=1.1902 val_auc=0.7206 best=0.7225 patience=6/10
    [resnet] epoch 17/50: train_loss=1.1876 val_auc=0.7204 best=0.7225 patience=7/10
    [resnet] epoch 18/50: train_loss=1.1692 val_auc=0.7200 best=0.7225 patience=8/10
    [resnet] epoch 19/50: train_loss=1.1536 val_auc=0.7200 best=0.7225 patience=9/10
    [resnet] epoch 20/50: train_loss=1.1514 val_auc=0.7199 best=0.7225 patience=10/10
    [resnet] early stop at epoch 20
  [resnet] fold 51/100: AUC=0.7225
    [resnet] epoch 01/50: train_loss=1.3092 val_auc=0.6766 best=0.6766 patience=0/10 *
    [resnet] epoch 02/50: train_loss=1.3314 val_auc=0.7382 best=0.7382 patience=0/10 *
    [resnet] epoch 03/50: train_loss=1.2557 val_auc=0.7382 best=0.7382 patience=1/10
    [resnet] epoch 04/50: train_loss=1.2019 val_auc=0.7385 best=0.7385 patience=0/10 *
    [resnet] epoch 05/50: train_loss=1.2908 val_auc=0.7383 best=0.7385 patience=1/10
    [resnet] epoch 06/50: train_loss=1.1839 val_auc=0.7383 best=0.7385 patience=2/10
    [resnet] epoch 07/50: train_loss=1.2430 val_auc=0.7383 best=0.7385 patience=3/10
    [resnet] epoch 08/50: train_loss=1.2171 val_auc=0.7383 best=0.7385 patience=4/10
    [resnet] epoch 09/50: train_loss=1.2474 val_auc=0.7383 best=0.7385 patience=5/10
    [resnet] epoch 10/50: train_loss=1.2406 val_auc=0.7383 best=0.7385 patience=6/10
    [resnet] epoch 11/50: train_loss=1.1949 val_auc=0.7382 best=0.7385 patience=7/10
    [resnet] epoch 12/50: train_loss=1.1705 val_auc=0.7382 best=0.7385 patience=8/10
    [resnet] epoch 13/50: train_loss=1.1597 val_auc=0.7382 best=0.7385 patience=9/10
    [resnet] epoch 14/50: train_loss=1.1862 val_auc=0.7382 best=0.7385 patience=10/10
    [resnet] early stop at epoch 14
  [resnet] fold 52/100: AUC=0.7385
    [resnet] epoch 01/50: train_loss=1.2777 val_auc=0.5749 best=0.5749 patience=0/10 *
    [resnet] epoch 02/50: train_loss=1.3280 val_auc=0.7008 best=0.7008 patience=0/10 *
    [resnet] epoch 03/50: train_loss=1.3021 val_auc=0.7245 best=0.7245 patience=0/10 *
    [resnet] epoch 04/50: train_loss=1.2557 val_auc=0.7244 best=0.7245 patience=1/10
    [resnet] epoch 05/50: train_loss=1.2508 val_auc=0.7244 best=0.7245 patience=2/10
    [resnet] epoch 06/50: train_loss=1.2648 val_auc=0.7244 best=0.7245 patience=3/10
    [resnet] epoch 07/50: train_loss=1.2100 val_auc=0.7244 best=0.7245 patience=4/10
    [resnet] epoch 08/50: train_loss=1.2266 val_auc=0.7244 best=0.7245 patience=5/10
    [resnet] epoch 09/50: train_loss=1.2334 val_auc=0.7244 best=0.7245 patience=6/10
    [resnet] epoch 10/50: train_loss=1.2050 val_auc=0.7244 best=0.7245 patience=7/10
    [resnet] epoch 11/50: train_loss=1.2173 val_auc=0.7244 best=0.7245 patience=8/10
    [resnet] epoch 12/50: train_loss=1.1741 val_auc=0.7244 best=0.7245 patience=9/10
    [resnet] epoch 13/50: train_loss=1.1902 val_auc=0.7244 best=0.7245 patience=10/10
    [resnet] early stop at epoch 13
  [resnet] fold 53/100: AUC=0.7245
    [resnet] epoch 01/50: train_loss=1.3771 val_auc=0.5999 best=0.5999 patience=0/10 *
    [resnet] epoch 02/50: train_loss=1.3308 val_auc=0.6664 best=0.6664 patience=0/10 *
    [resnet] epoch 03/50: train_loss=1.3282 val_auc=0.6929 best=0.6929 patience=0/10 *
    [resnet] epoch 04/50: train_loss=1.3120 val_auc=0.7058 best=0.7058 patience=0/10 *
    [resnet] epoch 05/50: train_loss=1.2235 val_auc=0.7084 best=0.7084 patience=0/10 *
    [resnet] epoch 06/50: train_loss=1.2287 val_auc=0.7171 best=0.7171 patience=0/10 *
    [resnet] epoch 07/50: train_loss=1.2147 val_auc=0.7175 best=0.7175 patience=0/10 *
    [resnet] epoch 08/50: train_loss=1.2288 val_auc=0.7175 best=0.7175 patience=1/10
    [resnet] epoch 09/50: train_loss=1.1992 val_auc=0.7174 best=0.7175 patience=2/10
    [resnet] epoch 10/50: train_loss=1.2293 val_auc=0.7170 best=0.7175 patience=3/10
    [resnet] epoch 11/50: train_loss=1.2278 val_auc=0.7169 best=0.7175 patience=4/10
    [resnet] epoch 12/50: train_loss=1.1770 val_auc=0.7169 best=0.7175 patience=5/10
    [resnet] epoch 13/50: train_loss=1.1946 val_auc=0.7169 best=0.7175 patience=6/10
    [resnet] epoch 14/50: train_loss=1.1864 val_auc=0.7168 best=0.7175 patience=7/10
    [resnet] epoch 15/50: train_loss=1.2277 val_auc=0.7165 best=0.7175 patience=8/10
    [resnet] epoch 16/50: train_loss=1.2029 val_auc=0.7162 best=0.7175 patience=9/10
    [resnet] epoch 17/50: train_loss=1.2317 val_auc=0.7162 best=0.7175 patience=10/10
    [resnet] early stop at epoch 17
  [resnet] fold 54/100: AUC=0.7175
    [resnet] epoch 01/50: train_loss=1.2899 val_auc=0.7314 best=0.7314 patience=0/10 *
    [resnet] epoch 02/50: train_loss=1.2443 val_auc=0.7310 best=0.7314 patience=1/10
    [resnet] epoch 03/50: train_loss=1.2208 val_auc=0.7306 best=0.7314 patience=2/10
    [resnet] epoch 04/50: train_loss=1.2804 val_auc=0.7304 best=0.7314 patience=3/10
    [resnet] epoch 05/50: train_loss=1.2446 val_auc=0.7302 best=0.7314 patience=4/10
    [resnet] epoch 06/50: train_loss=1.2116 val_auc=0.7302 best=0.7314 patience=5/10
    [resnet] epoch 07/50: train_loss=1.1805 val_auc=0.7302 best=0.7314 patience=6/10
    [resnet] epoch 08/50: train_loss=1.1887 val_auc=0.7300 best=0.7314 patience=7/10
    [resnet] epoch 09/50: train_loss=1.1962 val_auc=0.7298 best=0.7314 patience=8/10
    [resnet] epoch 10/50: train_loss=1.1952 val_auc=0.7297 best=0.7314 patience=9/10
    [resnet] epoch 11/50: train_loss=1.1899 val_auc=0.7298 best=0.7314 patience=10/10
    [resnet] early stop at epoch 11
  [resnet] fold 55/100: AUC=0.7314
    [resnet] epoch 01/50: train_loss=1.3566 val_auc=0.4110 best=0.4110 patience=0/10 *
    [resnet] epoch 02/50: train_loss=1.3090 val_auc=0.4197 best=0.4197 patience=0/10 *
    [resnet] epoch 03/50: train_loss=1.2895 val_auc=0.4556 best=0.4556 patience=0/10 *
    [resnet] epoch 04/50: train_loss=1.2381 val_auc=0.6044 best=0.6044 patience=0/10 *
    [resnet] epoch 05/50: train_loss=1.2910 val_auc=0.6632 best=0.6632 patience=0/10 *
    [resnet] epoch 06/50: train_loss=1.2598 val_auc=0.6793 best=0.6793 patience=0/10 *
    [resnet] epoch 07/50: train_loss=1.2470 val_auc=0.6861 best=0.6861 patience=0/10 *
    [resnet] epoch 08/50: train_loss=1.2545 val_auc=0.6921 best=0.6921 patience=0/10 *
    [resnet] epoch 09/50: train_loss=1.2152 val_auc=0.6922 best=0.6922 patience=0/10 *
    [resnet] epoch 10/50: train_loss=1.1961 val_auc=0.6941 best=0.6941 patience=0/10 *
    [resnet] epoch 11/50: train_loss=1.2324 val_auc=0.6945 best=0.6945 patience=0/10 *
    [resnet] epoch 12/50: train_loss=1.2104 val_auc=0.6945 best=0.6945 patience=1/10
    [resnet] epoch 13/50: train_loss=1.1988 val_auc=0.6946 best=0.6946 patience=0/10 *
    [resnet] epoch 14/50: train_loss=1.1810 val_auc=0.6946 best=0.6946 patience=1/10
    [resnet] epoch 15/50: train_loss=1.2020 val_auc=0.6948 best=0.6948 patience=0/10 *
    [resnet] epoch 16/50: train_loss=1.2234 val_auc=0.6947 best=0.6948 patience=1/10
    [resnet] epoch 17/50: train_loss=1.1813 val_auc=0.6950 best=0.6950 patience=0/10 *
    [resnet] epoch 18/50: train_loss=1.1915 val_auc=0.6948 best=0.6950 patience=1/10
    [resnet] epoch 19/50: train_loss=1.2093 val_auc=0.6953 best=0.6953 patience=0/10 *
    [resnet] epoch 20/50: train_loss=1.2135 val_auc=0.6950 best=0.6953 patience=1/10
    [resnet] epoch 21/50: train_loss=1.2770 val_auc=0.6953 best=0.6953 patience=2/10
    [resnet] epoch 22/50: train_loss=1.1907 val_auc=0.6953 best=0.6953 patience=3/10
    [resnet] epoch 23/50: train_loss=1.2095 val_auc=0.6953 best=0.6953 patience=4/10
    [resnet] epoch 24/50: train_loss=1.1702 val_auc=0.6953 best=0.6953 patience=5/10
    [resnet] epoch 25/50: train_loss=1.1889 val_auc=0.6953 best=0.6953 patience=6/10
    [resnet] epoch 26/50: train_loss=1.1701 val_auc=0.6953 best=0.6953 patience=7/10
    [resnet] epoch 27/50: train_loss=1.1402 val_auc=0.6952 best=0.6953 patience=8/10
    [resnet] epoch 28/50: train_loss=1.1778 val_auc=0.6951 best=0.6953 patience=9/10
    [resnet] epoch 29/50: train_loss=1.1608 val_auc=0.6951 best=0.6953 patience=10/10
    [resnet] early stop at epoch 29
  [resnet] fold 56/100: AUC=0.6953
    [resnet] epoch 01/50: train_loss=1.2746 val_auc=0.7056 best=0.7056 patience=0/10 *
    [resnet] epoch 02/50: train_loss=1.2450 val_auc=0.7067 best=0.7067 patience=0/10 *
    [resnet] epoch 03/50: train_loss=1.2299 val_auc=0.7072 best=0.7072 patience=0/10 *
    [resnet] epoch 04/50: train_loss=1.2689 val_auc=0.7075 best=0.7075 patience=0/10 *
    [resnet] epoch 05/50: train_loss=1.1787 val_auc=0.7076 best=0.7076 patience=0/10 *
    [resnet] epoch 06/50: train_loss=1.2335 val_auc=0.7073 best=0.7076 patience=1/10
    [resnet] epoch 07/50: train_loss=1.1924 val_auc=0.7076 best=0.7076 patience=2/10
    [resnet] epoch 08/50: train_loss=1.2293 val_auc=0.7072 best=0.7076 patience=3/10
    [resnet] epoch 09/50: train_loss=1.2131 val_auc=0.7071 best=0.7076 patience=4/10
    [resnet] epoch 10/50: train_loss=1.1853 val_auc=0.7069 best=0.7076 patience=5/10
    [resnet] epoch 11/50: train_loss=1.2189 val_auc=0.7069 best=0.7076 patience=6/10
    [resnet] epoch 12/50: train_loss=1.2140 val_auc=0.7069 best=0.7076 patience=7/10
    [resnet] epoch 13/50: train_loss=1.2203 val_auc=0.7062 best=0.7076 patience=8/10
    [resnet] epoch 14/50: train_loss=1.1503 val_auc=0.7069 best=0.7076 patience=9/10
    [resnet] epoch 15/50: train_loss=1.1568 val_auc=0.7067 best=0.7076 patience=10/10
    [resnet] early stop at epoch 15
  [resnet] fold 57/100: AUC=0.7076
    [resnet] epoch 01/50: train_loss=1.3321 val_auc=0.6333 best=0.6333 patience=0/10 *
    [resnet] epoch 02/50: train_loss=1.3060 val_auc=0.6566 best=0.6566 patience=0/10 *
    [resnet] epoch 03/50: train_loss=1.2517 val_auc=0.6690 best=0.6690 patience=0/10 *
    [resnet] epoch 04/50: train_loss=1.2304 val_auc=0.7115 best=0.7115 patience=0/10 *
    [resnet] epoch 05/50: train_loss=1.2336 val_auc=0.7138 best=0.7138 patience=0/10 *
    [resnet] epoch 06/50: train_loss=1.2254 val_auc=0.7138 best=0.7138 patience=1/10
    [resnet] epoch 07/50: train_loss=1.2004 val_auc=0.7136 best=0.7138 patience=2/10
    [resnet] epoch 08/50: train_loss=1.1873 val_auc=0.7143 best=0.7143 patience=0/10 *
    [resnet] epoch 09/50: train_loss=1.2127 val_auc=0.7143 best=0.7143 patience=1/10
    [resnet] epoch 10/50: train_loss=1.2201 val_auc=0.7143 best=0.7143 patience=2/10
    [resnet] epoch 11/50: train_loss=1.2023 val_auc=0.7143 best=0.7143 patience=3/10
    [resnet] epoch 12/50: train_loss=1.1931 val_auc=0.7141 best=0.7143 patience=4/10
    [resnet] epoch 13/50: train_loss=1.1955 val_auc=0.7141 best=0.7143 patience=5/10
    [resnet] epoch 14/50: train_loss=1.1878 val_auc=0.7140 best=0.7143 patience=6/10
    [resnet] epoch 15/50: train_loss=1.1569 val_auc=0.7138 best=0.7143 patience=7/10
    [resnet] epoch 16/50: train_loss=1.2152 val_auc=0.7138 best=0.7143 patience=8/10
    [resnet] epoch 17/50: train_loss=1.1781 val_auc=0.7138 best=0.7143 patience=9/10
    [resnet] epoch 18/50: train_loss=1.1599 val_auc=0.7135 best=0.7143 patience=10/10
    [resnet] early stop at epoch 18
  [resnet] fold 58/100: AUC=0.7143
    [resnet] epoch 01/50: train_loss=1.3319 val_auc=0.7020 best=0.7020 patience=0/10 *
    [resnet] epoch 02/50: train_loss=1.2966 val_auc=0.7572 best=0.7572 patience=0/10 *
    [resnet] epoch 03/50: train_loss=1.2407 val_auc=0.7569 best=0.7572 patience=1/10
    [resnet] epoch 04/50: train_loss=1.2925 val_auc=0.7569 best=0.7572 patience=2/10
    [resnet] epoch 05/50: train_loss=1.2368 val_auc=0.7569 best=0.7572 patience=3/10
    [resnet] epoch 06/50: train_loss=1.2024 val_auc=0.7569 best=0.7572 patience=4/10
    [resnet] epoch 07/50: train_loss=1.2220 val_auc=0.7569 best=0.7572 patience=5/10
    [resnet] epoch 08/50: train_loss=1.2236 val_auc=0.7569 best=0.7572 patience=6/10
    [resnet] epoch 09/50: train_loss=1.2054 val_auc=0.7569 best=0.7572 patience=7/10
    [resnet] epoch 10/50: train_loss=1.2119 val_auc=0.7571 best=0.7572 patience=8/10
    [resnet] epoch 11/50: train_loss=1.2036 val_auc=0.7571 best=0.7572 patience=9/10
    [resnet] epoch 12/50: train_loss=1.2059 val_auc=0.7571 best=0.7572 patience=10/10
    [resnet] early stop at epoch 12
  [resnet] fold 59/100: AUC=0.7572
    [resnet] epoch 01/50: train_loss=1.2803 val_auc=0.7606 best=0.7606 patience=0/10 *
    [resnet] epoch 02/50: train_loss=1.3044 val_auc=0.7599 best=0.7606 patience=1/10
    [resnet] epoch 03/50: train_loss=1.2423 val_auc=0.7593 best=0.7606 patience=2/10
    [resnet] epoch 04/50: train_loss=1.2318 val_auc=0.7594 best=0.7606 patience=3/10
    [resnet] epoch 05/50: train_loss=1.2376 val_auc=0.7586 best=0.7606 patience=4/10
    [resnet] epoch 06/50: train_loss=1.1995 val_auc=0.7589 best=0.7606 patience=5/10
    [resnet] epoch 07/50: train_loss=1.2295 val_auc=0.7589 best=0.7606 patience=6/10
    [resnet] epoch 08/50: train_loss=1.1991 val_auc=0.7586 best=0.7606 patience=7/10
    [resnet] epoch 09/50: train_loss=1.1720 val_auc=0.7586 best=0.7606 patience=8/10
    [resnet] epoch 10/50: train_loss=1.2146 val_auc=0.7586 best=0.7606 patience=9/10
    [resnet] epoch 11/50: train_loss=1.1812 val_auc=0.7582 best=0.7606 patience=10/10
    [resnet] early stop at epoch 11
  [resnet] fold 60/100: AUC=0.7606
    [resnet] epoch 01/50: train_loss=1.3122 val_auc=0.5173 best=0.5173 patience=0/10 *
    [resnet] epoch 02/50: train_loss=1.2917 val_auc=0.5712 best=0.5712 patience=0/10 *
    [resnet] epoch 03/50: train_loss=1.2385 val_auc=0.7433 best=0.7433 patience=0/10 *
    [resnet] epoch 04/50: train_loss=1.2297 val_auc=0.7445 best=0.7445 patience=0/10 *
    [resnet] epoch 05/50: train_loss=1.2276 val_auc=0.7440 best=0.7445 patience=1/10
    [resnet] epoch 06/50: train_loss=1.2392 val_auc=0.7442 best=0.7445 patience=2/10
    [resnet] epoch 07/50: train_loss=1.2673 val_auc=0.7444 best=0.7445 patience=3/10
    [resnet] epoch 08/50: train_loss=1.2234 val_auc=0.7438 best=0.7445 patience=4/10
    [resnet] epoch 09/50: train_loss=1.1759 val_auc=0.7439 best=0.7445 patience=5/10
    [resnet] epoch 10/50: train_loss=1.2497 val_auc=0.7439 best=0.7445 patience=6/10
    [resnet] epoch 11/50: train_loss=1.1831 val_auc=0.7440 best=0.7445 patience=7/10
    [resnet] epoch 12/50: train_loss=1.2348 val_auc=0.7439 best=0.7445 patience=8/10
    [resnet] epoch 13/50: train_loss=1.2047 val_auc=0.7439 best=0.7445 patience=9/10
    [resnet] epoch 14/50: train_loss=1.2271 val_auc=0.7439 best=0.7445 patience=10/10
    [resnet] early stop at epoch 14
  [resnet] fold 61/100: AUC=0.7445
    [resnet] epoch 01/50: train_loss=1.2694 val_auc=0.7167 best=0.7167 patience=0/10 *
    [resnet] epoch 02/50: train_loss=1.2393 val_auc=0.7165 best=0.7167 patience=1/10
    [resnet] epoch 03/50: train_loss=1.2650 val_auc=0.7164 best=0.7167 patience=2/10
    [resnet] epoch 04/50: train_loss=1.2176 val_auc=0.7163 best=0.7167 patience=3/10
    [resnet] epoch 05/50: train_loss=1.2238 val_auc=0.7164 best=0.7167 patience=4/10
    [resnet] epoch 06/50: train_loss=1.2494 val_auc=0.7164 best=0.7167 patience=5/10
    [resnet] epoch 07/50: train_loss=1.1990 val_auc=0.7162 best=0.7167 patience=6/10
    [resnet] epoch 08/50: train_loss=1.2368 val_auc=0.7162 best=0.7167 patience=7/10
    [resnet] epoch 09/50: train_loss=1.2268 val_auc=0.7162 best=0.7167 patience=8/10
    [resnet] epoch 10/50: train_loss=1.2016 val_auc=0.7162 best=0.7167 patience=9/10
    [resnet] epoch 11/50: train_loss=1.2090 val_auc=0.7162 best=0.7167 patience=10/10
    [resnet] early stop at epoch 11
  [resnet] fold 62/100: AUC=0.7167
    [resnet] epoch 01/50: train_loss=1.3207 val_auc=0.6080 best=0.6080 patience=0/10 *
    [resnet] epoch 02/50: train_loss=1.3042 val_auc=0.7287 best=0.7287 patience=0/10 *
    [resnet] epoch 03/50: train_loss=1.3463 val_auc=0.7311 best=0.7311 patience=0/10 *
    [resnet] epoch 04/50: train_loss=1.3077 val_auc=0.7322 best=0.7322 patience=0/10 *
    [resnet] epoch 05/50: train_loss=1.2231 val_auc=0.7320 best=0.7322 patience=1/10
    [resnet] epoch 06/50: train_loss=1.2132 val_auc=0.7326 best=0.7326 patience=0/10 *
    [resnet] epoch 07/50: train_loss=1.2358 val_auc=0.7330 best=0.7330 patience=0/10 *
    [resnet] epoch 08/50: train_loss=1.2238 val_auc=0.7331 best=0.7331 patience=0/10 *
    [resnet] epoch 09/50: train_loss=1.2473 val_auc=0.7330 best=0.7331 patience=1/10
    [resnet] epoch 10/50: train_loss=1.2292 val_auc=0.7331 best=0.7331 patience=2/10
    [resnet] epoch 11/50: train_loss=1.2569 val_auc=0.7330 best=0.7331 patience=3/10
    [resnet] epoch 12/50: train_loss=1.1973 val_auc=0.7329 best=0.7331 patience=4/10
    [resnet] epoch 13/50: train_loss=1.2069 val_auc=0.7326 best=0.7331 patience=5/10
    [resnet] epoch 14/50: train_loss=1.1627 val_auc=0.7330 best=0.7331 patience=6/10
    [resnet] epoch 15/50: train_loss=1.2351 val_auc=0.7330 best=0.7331 patience=7/10
    [resnet] epoch 16/50: train_loss=1.1855 val_auc=0.7327 best=0.7331 patience=8/10
    [resnet] epoch 17/50: train_loss=1.1741 val_auc=0.7329 best=0.7331 patience=9/10
    [resnet] epoch 18/50: train_loss=1.1798 val_auc=0.7325 best=0.7331 patience=10/10
    [resnet] early stop at epoch 18
  [resnet] fold 63/100: AUC=0.7331
    [resnet] epoch 01/50: train_loss=1.3109 val_auc=0.5555 best=0.5555 patience=0/10 *
    [resnet] epoch 02/50: train_loss=1.2629 val_auc=0.5652 best=0.5652 patience=0/10 *
    [resnet] epoch 03/50: train_loss=1.2376 val_auc=0.7339 best=0.7339 patience=0/10 *
    [resnet] epoch 04/50: train_loss=1.2251 val_auc=0.7306 best=0.7339 patience=1/10
    [resnet] epoch 05/50: train_loss=1.2601 val_auc=0.7312 best=0.7339 patience=2/10
    [resnet] epoch 06/50: train_loss=1.1967 val_auc=0.7306 best=0.7339 patience=3/10
    [resnet] epoch 07/50: train_loss=1.2139 val_auc=0.7301 best=0.7339 patience=4/10
    [resnet] epoch 08/50: train_loss=1.1823 val_auc=0.7300 best=0.7339 patience=5/10
    [resnet] epoch 09/50: train_loss=1.1668 val_auc=0.7296 best=0.7339 patience=6/10
    [resnet] epoch 10/50: train_loss=1.2258 val_auc=0.7293 best=0.7339 patience=7/10
    [resnet] epoch 11/50: train_loss=1.2186 val_auc=0.7292 best=0.7339 patience=8/10
    [resnet] epoch 12/50: train_loss=1.1972 val_auc=0.7291 best=0.7339 patience=9/10
    [resnet] epoch 13/50: train_loss=1.1675 val_auc=0.7288 best=0.7339 patience=10/10
    [resnet] early stop at epoch 13
  [resnet] fold 64/100: AUC=0.7339
    [resnet] epoch 01/50: train_loss=1.3905 val_auc=0.3056 best=0.3056 patience=0/10 *
    [resnet] epoch 02/50: train_loss=1.3753 val_auc=0.4041 best=0.4041 patience=0/10 *
    [resnet] epoch 03/50: train_loss=1.3559 val_auc=0.4175 best=0.4175 patience=0/10 *
    [resnet] epoch 04/50: train_loss=1.2970 val_auc=0.4524 best=0.4524 patience=0/10 *
    [resnet] epoch 05/50: train_loss=1.3332 val_auc=0.5421 best=0.5421 patience=0/10 *
    [resnet] epoch 06/50: train_loss=1.2286 val_auc=0.6977 best=0.6977 patience=0/10 *
    [resnet] epoch 07/50: train_loss=1.2336 val_auc=0.6982 best=0.6982 patience=0/10 *
    [resnet] epoch 08/50: train_loss=1.2248 val_auc=0.6977 best=0.6982 patience=1/10
    [resnet] epoch 09/50: train_loss=1.2052 val_auc=0.7039 best=0.7039 patience=0/10 *
    [resnet] epoch 10/50: train_loss=1.2221 val_auc=0.7095 best=0.7095 patience=0/10 *
    [resnet] epoch 11/50: train_loss=1.2310 val_auc=0.7125 best=0.7125 patience=0/10 *
    [resnet] epoch 12/50: train_loss=1.2316 val_auc=0.7132 best=0.7132 patience=0/10 *
    [resnet] epoch 13/50: train_loss=1.2769 val_auc=0.7146 best=0.7146 patience=0/10 *
    [resnet] epoch 14/50: train_loss=1.2241 val_auc=0.7158 best=0.7158 patience=0/10 *
    [resnet] epoch 15/50: train_loss=1.2586 val_auc=0.7160 best=0.7160 patience=0/10 *
    [resnet] epoch 16/50: train_loss=1.2077 val_auc=0.7160 best=0.7160 patience=1/10
    [resnet] epoch 17/50: train_loss=1.2004 val_auc=0.7160 best=0.7160 patience=2/10
    [resnet] epoch 18/50: train_loss=1.2199 val_auc=0.7160 best=0.7160 patience=3/10
    [resnet] epoch 19/50: train_loss=1.1671 val_auc=0.7160 best=0.7160 patience=4/10
    [resnet] epoch 20/50: train_loss=1.2101 val_auc=0.7158 best=0.7160 patience=5/10
    [resnet] epoch 21/50: train_loss=1.1636 val_auc=0.7160 best=0.7160 patience=6/10
    [resnet] epoch 22/50: train_loss=1.1605 val_auc=0.7162 best=0.7162 patience=0/10 *
    [resnet] epoch 23/50: train_loss=1.2107 val_auc=0.7160 best=0.7162 patience=1/10
    [resnet] epoch 24/50: train_loss=1.2099 val_auc=0.7160 best=0.7162 patience=2/10
    [resnet] epoch 25/50: train_loss=1.2188 val_auc=0.7159 best=0.7162 patience=3/10
    [resnet] epoch 26/50: train_loss=1.1909 val_auc=0.7159 best=0.7162 patience=4/10
    [resnet] epoch 27/50: train_loss=1.2113 val_auc=0.7160 best=0.7162 patience=5/10
    [resnet] epoch 28/50: train_loss=1.1630 val_auc=0.7160 best=0.7162 patience=6/10
    [resnet] epoch 29/50: train_loss=1.1974 val_auc=0.7160 best=0.7162 patience=7/10
    [resnet] epoch 30/50: train_loss=1.1849 val_auc=0.7160 best=0.7162 patience=8/10
    [resnet] epoch 31/50: train_loss=1.1951 val_auc=0.7160 best=0.7162 patience=9/10
    [resnet] epoch 32/50: train_loss=1.1520 val_auc=0.7162 best=0.7162 patience=10/10
    [resnet] early stop at epoch 32
  [resnet] fold 65/100: AUC=0.7162
    [resnet] epoch 01/50: train_loss=1.2756 val_auc=0.7244 best=0.7244 patience=0/10 *
    [resnet] epoch 02/50: train_loss=1.3223 val_auc=0.7224 best=0.7244 patience=1/10
    [resnet] epoch 03/50: train_loss=1.2854 val_auc=0.7265 best=0.7265 patience=0/10 *
    [resnet] epoch 04/50: train_loss=1.2581 val_auc=0.7270 best=0.7270 patience=0/10 *
    [resnet] epoch 05/50: train_loss=1.1736 val_auc=0.7271 best=0.7271 patience=0/10 *
    [resnet] epoch 06/50: train_loss=1.2096 val_auc=0.7294 best=0.7294 patience=0/10 *
    [resnet] epoch 07/50: train_loss=1.2024 val_auc=0.7302 best=0.7302 patience=0/10 *
    [resnet] epoch 08/50: train_loss=1.1868 val_auc=0.7335 best=0.7335 patience=0/10 *
    [resnet] epoch 09/50: train_loss=1.1796 val_auc=0.7345 best=0.7345 patience=0/10 *
    [resnet] epoch 10/50: train_loss=1.1860 val_auc=0.7352 best=0.7352 patience=0/10 *
    [resnet] epoch 11/50: train_loss=1.2132 val_auc=0.7352 best=0.7352 patience=1/10
    [resnet] epoch 12/50: train_loss=1.1852 val_auc=0.7357 best=0.7357 patience=0/10 *
    [resnet] epoch 13/50: train_loss=1.2132 val_auc=0.7361 best=0.7361 patience=0/10 *
    [resnet] epoch 14/50: train_loss=1.1618 val_auc=0.7364 best=0.7364 patience=0/10 *
    [resnet] epoch 15/50: train_loss=1.1474 val_auc=0.7364 best=0.7364 patience=1/10
    [resnet] epoch 16/50: train_loss=1.1918 val_auc=0.7365 best=0.7365 patience=0/10 *
    [resnet] epoch 17/50: train_loss=1.1577 val_auc=0.7365 best=0.7365 patience=1/10
    [resnet] epoch 18/50: train_loss=1.1852 val_auc=0.7362 best=0.7365 patience=2/10
    [resnet] epoch 19/50: train_loss=1.1251 val_auc=0.7366 best=0.7366 patience=0/10 *
    [resnet] epoch 20/50: train_loss=1.1754 val_auc=0.7368 best=0.7368 patience=0/10 *
    [resnet] epoch 21/50: train_loss=1.1352 val_auc=0.7360 best=0.7368 patience=1/10
    [resnet] epoch 22/50: train_loss=1.1776 val_auc=0.7360 best=0.7368 patience=2/10
    [resnet] epoch 23/50: train_loss=1.1430 val_auc=0.7359 best=0.7368 patience=3/10
    [resnet] epoch 24/50: train_loss=1.1617 val_auc=0.7362 best=0.7368 patience=4/10
    [resnet] epoch 25/50: train_loss=1.1468 val_auc=0.7359 best=0.7368 patience=5/10
    [resnet] epoch 26/50: train_loss=1.2143 val_auc=0.7354 best=0.7368 patience=6/10
    [resnet] epoch 27/50: train_loss=1.1624 val_auc=0.7359 best=0.7368 patience=7/10
    [resnet] epoch 28/50: train_loss=1.1607 val_auc=0.7359 best=0.7368 patience=8/10
    [resnet] epoch 29/50: train_loss=1.1744 val_auc=0.7359 best=0.7368 patience=9/10
    [resnet] epoch 30/50: train_loss=1.1683 val_auc=0.7361 best=0.7368 patience=10/10
    [resnet] early stop at epoch 30
  [resnet] fold 66/100: AUC=0.7368
    [resnet] epoch 01/50: train_loss=1.4075 val_auc=0.5164 best=0.5164 patience=0/10 *
    [resnet] epoch 02/50: train_loss=1.3678 val_auc=0.5150 best=0.5164 patience=1/10
    [resnet] epoch 03/50: train_loss=1.3475 val_auc=0.6275 best=0.6275 patience=0/10 *
    [resnet] epoch 04/50: train_loss=1.3338 val_auc=0.6696 best=0.6696 patience=0/10 *
    [resnet] epoch 05/50: train_loss=1.2610 val_auc=0.7046 best=0.7046 patience=0/10 *
    [resnet] epoch 06/50: train_loss=1.3005 val_auc=0.7179 best=0.7179 patience=0/10 *
    [resnet] epoch 07/50: train_loss=1.2838 val_auc=0.7238 best=0.7238 patience=0/10 *
    [resnet] epoch 08/50: train_loss=1.2426 val_auc=0.7277 best=0.7277 patience=0/10 *
    [resnet] epoch 09/50: train_loss=1.2053 val_auc=0.7297 best=0.7297 patience=0/10 *
    [resnet] epoch 10/50: train_loss=1.1880 val_auc=0.7298 best=0.7298 patience=0/10 *
    [resnet] epoch 11/50: train_loss=1.2351 val_auc=0.7297 best=0.7298 patience=1/10
    [resnet] epoch 12/50: train_loss=1.1904 val_auc=0.7302 best=0.7302 patience=0/10 *
    [resnet] epoch 13/50: train_loss=1.1706 val_auc=0.7298 best=0.7302 patience=1/10
    [resnet] epoch 14/50: train_loss=1.2194 val_auc=0.7298 best=0.7302 patience=2/10
    [resnet] epoch 15/50: train_loss=1.2269 val_auc=0.7302 best=0.7302 patience=3/10
    [resnet] epoch 16/50: train_loss=1.1894 val_auc=0.7302 best=0.7302 patience=4/10
    [resnet] epoch 17/50: train_loss=1.1858 val_auc=0.7298 best=0.7302 patience=5/10
    [resnet] epoch 18/50: train_loss=1.2166 val_auc=0.7304 best=0.7304 patience=0/10 *
    [resnet] epoch 19/50: train_loss=1.1644 val_auc=0.7302 best=0.7304 patience=1/10
    [resnet] epoch 20/50: train_loss=1.1922 val_auc=0.7302 best=0.7304 patience=2/10
    [resnet] epoch 21/50: train_loss=1.2193 val_auc=0.7299 best=0.7304 patience=3/10
    [resnet] epoch 22/50: train_loss=1.1618 val_auc=0.7302 best=0.7304 patience=4/10
    [resnet] epoch 23/50: train_loss=1.1746 val_auc=0.7299 best=0.7304 patience=5/10
    [resnet] epoch 24/50: train_loss=1.1980 val_auc=0.7299 best=0.7304 patience=6/10
    [resnet] epoch 25/50: train_loss=1.1789 val_auc=0.7301 best=0.7304 patience=7/10
    [resnet] epoch 26/50: train_loss=1.1783 val_auc=0.7301 best=0.7304 patience=8/10
    [resnet] epoch 27/50: train_loss=1.1685 val_auc=0.7289 best=0.7304 patience=9/10
    [resnet] epoch 28/50: train_loss=1.1757 val_auc=0.7298 best=0.7304 patience=10/10
    [resnet] early stop at epoch 28
  [resnet] fold 67/100: AUC=0.7304
    [resnet] epoch 01/50: train_loss=1.4847 val_auc=0.3070 best=0.3070 patience=0/10 *
    [resnet] epoch 02/50: train_loss=1.3824 val_auc=0.4169 best=0.4169 patience=0/10 *
    [resnet] epoch 03/50: train_loss=1.4105 val_auc=0.5050 best=0.5050 patience=0/10 *
    [resnet] epoch 04/50: train_loss=1.3114 val_auc=0.5879 best=0.5879 patience=0/10 *
    [resnet] epoch 05/50: train_loss=1.3046 val_auc=0.6763 best=0.6763 patience=0/10 *
    [resnet] epoch 06/50: train_loss=1.2708 val_auc=0.6870 best=0.6870 patience=0/10 *
    [resnet] epoch 07/50: train_loss=1.2591 val_auc=0.6872 best=0.6872 patience=0/10 *
    [resnet] epoch 08/50: train_loss=1.2614 val_auc=0.6875 best=0.6875 patience=0/10 *
    [resnet] epoch 09/50: train_loss=1.2301 val_auc=0.6877 best=0.6877 patience=0/10 *
    [resnet] epoch 10/50: train_loss=1.2573 val_auc=0.6879 best=0.6879 patience=0/10 *
    [resnet] epoch 11/50: train_loss=1.2619 val_auc=0.6877 best=0.6879 patience=1/10
    [resnet] epoch 12/50: train_loss=1.1956 val_auc=0.6877 best=0.6879 patience=2/10
    [resnet] epoch 13/50: train_loss=1.2366 val_auc=0.6877 best=0.6879 patience=3/10
    [resnet] epoch 14/50: train_loss=1.2306 val_auc=0.6877 best=0.6879 patience=4/10
    [resnet] epoch 15/50: train_loss=1.2448 val_auc=0.6877 best=0.6879 patience=5/10
    [resnet] epoch 16/50: train_loss=1.2052 val_auc=0.6875 best=0.6879 patience=6/10
    [resnet] epoch 17/50: train_loss=1.1877 val_auc=0.6875 best=0.6879 patience=7/10
    [resnet] epoch 18/50: train_loss=1.1734 val_auc=0.6875 best=0.6879 patience=8/10
    [resnet] epoch 19/50: train_loss=1.1839 val_auc=0.6875 best=0.6879 patience=9/10
    [resnet] epoch 20/50: train_loss=1.2112 val_auc=0.6875 best=0.6879 patience=10/10
    [resnet] early stop at epoch 20
  [resnet] fold 68/100: AUC=0.6879
    [resnet] epoch 01/50: train_loss=1.2896 val_auc=0.7265 best=0.7265 patience=0/10 *
    [resnet] epoch 02/50: train_loss=1.2828 val_auc=0.7232 best=0.7265 patience=1/10
    [resnet] epoch 03/50: train_loss=1.2203 val_auc=0.7215 best=0.7265 patience=2/10
    [resnet] epoch 04/50: train_loss=1.2657 val_auc=0.7209 best=0.7265 patience=3/10
    [resnet] epoch 05/50: train_loss=1.2270 val_auc=0.7202 best=0.7265 patience=4/10
    [resnet] epoch 06/50: train_loss=1.2065 val_auc=0.7202 best=0.7265 patience=5/10
    [resnet] epoch 07/50: train_loss=1.1899 val_auc=0.7200 best=0.7265 patience=6/10
    [resnet] epoch 08/50: train_loss=1.2374 val_auc=0.7200 best=0.7265 patience=7/10
    [resnet] epoch 09/50: train_loss=1.1819 val_auc=0.7199 best=0.7265 patience=8/10
    [resnet] epoch 10/50: train_loss=1.1610 val_auc=0.7199 best=0.7265 patience=9/10
    [resnet] epoch 11/50: train_loss=1.2013 val_auc=0.7194 best=0.7265 patience=10/10
    [resnet] early stop at epoch 11
  [resnet] fold 69/100: AUC=0.7265
    [resnet] epoch 01/50: train_loss=1.3824 val_auc=0.2491 best=0.2491 patience=0/10 *
    [resnet] epoch 02/50: train_loss=1.3018 val_auc=0.3745 best=0.3745 patience=0/10 *
    [resnet] epoch 03/50: train_loss=1.3470 val_auc=0.7491 best=0.7491 patience=0/10 *
    [resnet] epoch 04/50: train_loss=1.2784 val_auc=0.7529 best=0.7529 patience=0/10 *
    [resnet] epoch 05/50: train_loss=1.2443 val_auc=0.7538 best=0.7538 patience=0/10 *
    [resnet] epoch 06/50: train_loss=1.2159 val_auc=0.7541 best=0.7541 patience=0/10 *
    [resnet] epoch 07/50: train_loss=1.2496 val_auc=0.7538 best=0.7541 patience=1/10
    [resnet] epoch 08/50: train_loss=1.1878 val_auc=0.7542 best=0.7542 patience=0/10 *
    [resnet] epoch 09/50: train_loss=1.2204 val_auc=0.7542 best=0.7542 patience=1/10
    [resnet] epoch 10/50: train_loss=1.1990 val_auc=0.7540 best=0.7542 patience=2/10
    [resnet] epoch 11/50: train_loss=1.1967 val_auc=0.7538 best=0.7542 patience=3/10
    [resnet] epoch 12/50: train_loss=1.2482 val_auc=0.7537 best=0.7542 patience=4/10
    [resnet] epoch 13/50: train_loss=1.1858 val_auc=0.7538 best=0.7542 patience=5/10
    [resnet] epoch 14/50: train_loss=1.2576 val_auc=0.7535 best=0.7542 patience=6/10
    [resnet] epoch 15/50: train_loss=1.2096 val_auc=0.7534 best=0.7542 patience=7/10
    [resnet] epoch 16/50: train_loss=1.2567 val_auc=0.7535 best=0.7542 patience=8/10
    [resnet] epoch 17/50: train_loss=1.1878 val_auc=0.7534 best=0.7542 patience=9/10
    [resnet] epoch 18/50: train_loss=1.1996 val_auc=0.7534 best=0.7542 patience=10/10
    [resnet] early stop at epoch 18
  [resnet] fold 70/100: AUC=0.7542
    [resnet] epoch 01/50: train_loss=1.3491 val_auc=0.7089 best=0.7089 patience=0/10 *
    [resnet] epoch 02/50: train_loss=1.2542 val_auc=0.7089 best=0.7089 patience=1/10
    [resnet] epoch 03/50: train_loss=1.2727 val_auc=0.7087 best=0.7089 patience=2/10
    [resnet] epoch 04/50: train_loss=1.2470 val_auc=0.7086 best=0.7089 patience=3/10
    [resnet] epoch 05/50: train_loss=1.2428 val_auc=0.7085 best=0.7089 patience=4/10
    [resnet] epoch 06/50: train_loss=1.2012 val_auc=0.7084 best=0.7089 patience=5/10
    [resnet] epoch 07/50: train_loss=1.2145 val_auc=0.7082 best=0.7089 patience=6/10
    [resnet] epoch 08/50: train_loss=1.2880 val_auc=0.7086 best=0.7089 patience=7/10
    [resnet] epoch 09/50: train_loss=1.1813 val_auc=0.7081 best=0.7089 patience=8/10
    [resnet] epoch 10/50: train_loss=1.2103 val_auc=0.7085 best=0.7089 patience=9/10
    [resnet] epoch 11/50: train_loss=1.1929 val_auc=0.7085 best=0.7089 patience=10/10
    [resnet] early stop at epoch 11
  [resnet] fold 71/100: AUC=0.7089
    [resnet] epoch 01/50: train_loss=1.2358 val_auc=0.7378 best=0.7378 patience=0/10 *
    [resnet] epoch 02/50: train_loss=1.2598 val_auc=0.7362 best=0.7378 patience=1/10
    [resnet] epoch 03/50: train_loss=1.3086 val_auc=0.7366 best=0.7378 patience=2/10
    [resnet] epoch 04/50: train_loss=1.2686 val_auc=0.7415 best=0.7415 patience=0/10 *
    [resnet] epoch 05/50: train_loss=1.2862 val_auc=0.7433 best=0.7433 patience=0/10 *
    [resnet] epoch 06/50: train_loss=1.2399 val_auc=0.7448 best=0.7448 patience=0/10 *
    [resnet] epoch 07/50: train_loss=1.2137 val_auc=0.7451 best=0.7451 patience=0/10 *
    [resnet] epoch 08/50: train_loss=1.2178 val_auc=0.7452 best=0.7452 patience=0/10 *
    [resnet] epoch 09/50: train_loss=1.2133 val_auc=0.7457 best=0.7457 patience=0/10 *
    [resnet] epoch 10/50: train_loss=1.1825 val_auc=0.7458 best=0.7458 patience=0/10 *
    [resnet] epoch 11/50: train_loss=1.1818 val_auc=0.7458 best=0.7458 patience=1/10
    [resnet] epoch 12/50: train_loss=1.1576 val_auc=0.7458 best=0.7458 patience=2/10
    [resnet] epoch 13/50: train_loss=1.2167 val_auc=0.7458 best=0.7458 patience=3/10
    [resnet] epoch 14/50: train_loss=1.2080 val_auc=0.7457 best=0.7458 patience=4/10
    [resnet] epoch 15/50: train_loss=1.1809 val_auc=0.7457 best=0.7458 patience=5/10
    [resnet] epoch 16/50: train_loss=1.2298 val_auc=0.7458 best=0.7458 patience=6/10
    [resnet] epoch 17/50: train_loss=1.2088 val_auc=0.7458 best=0.7458 patience=7/10
    [resnet] epoch 18/50: train_loss=1.1780 val_auc=0.7458 best=0.7458 patience=8/10
    [resnet] epoch 19/50: train_loss=1.2501 val_auc=0.7458 best=0.7458 patience=9/10
    [resnet] epoch 20/50: train_loss=1.1451 val_auc=0.7458 best=0.7458 patience=10/10
    [resnet] early stop at epoch 20
  [resnet] fold 72/100: AUC=0.7458
    [resnet] epoch 01/50: train_loss=1.3064 val_auc=0.5960 best=0.5960 patience=0/10 *
    [resnet] epoch 02/50: train_loss=1.3036 val_auc=0.6344 best=0.6344 patience=0/10 *
    [resnet] epoch 03/50: train_loss=1.2652 val_auc=0.7523 best=0.7523 patience=0/10 *
    [resnet] epoch 04/50: train_loss=1.2585 val_auc=0.7523 best=0.7523 patience=0/10 *
    [resnet] epoch 05/50: train_loss=1.3232 val_auc=0.7518 best=0.7523 patience=1/10
    [resnet] epoch 06/50: train_loss=1.2507 val_auc=0.7513 best=0.7523 patience=2/10
    [resnet] epoch 07/50: train_loss=1.2173 val_auc=0.7511 best=0.7523 patience=3/10
    [resnet] epoch 08/50: train_loss=1.2436 val_auc=0.7509 best=0.7523 patience=4/10
    [resnet] epoch 09/50: train_loss=1.2260 val_auc=0.7508 best=0.7523 patience=5/10
    [resnet] epoch 10/50: train_loss=1.2251 val_auc=0.7507 best=0.7523 patience=6/10
    [resnet] epoch 11/50: train_loss=1.2377 val_auc=0.7504 best=0.7523 patience=7/10
    [resnet] epoch 12/50: train_loss=1.2132 val_auc=0.7504 best=0.7523 patience=8/10
    [resnet] epoch 13/50: train_loss=1.2513 val_auc=0.7503 best=0.7523 patience=9/10
    [resnet] epoch 14/50: train_loss=1.1677 val_auc=0.7498 best=0.7523 patience=10/10
    [resnet] early stop at epoch 14
  [resnet] fold 73/100: AUC=0.7523
    [resnet] epoch 01/50: train_loss=1.3077 val_auc=0.6880 best=0.6880 patience=0/10 *
    [resnet] epoch 02/50: train_loss=1.2590 val_auc=0.6853 best=0.6880 patience=1/10
    [resnet] epoch 03/50: train_loss=1.2424 val_auc=0.6914 best=0.6914 patience=0/10 *
    [resnet] epoch 04/50: train_loss=1.2095 val_auc=0.6948 best=0.6948 patience=0/10 *
    [resnet] epoch 05/50: train_loss=1.2507 val_auc=0.6964 best=0.6964 patience=0/10 *
    [resnet] epoch 06/50: train_loss=1.2044 val_auc=0.6977 best=0.6977 patience=0/10 *
    [resnet] epoch 07/50: train_loss=1.2159 val_auc=0.6978 best=0.6978 patience=0/10 *
    [resnet] epoch 08/50: train_loss=1.2105 val_auc=0.6978 best=0.6978 patience=1/10
    [resnet] epoch 09/50: train_loss=1.1722 val_auc=0.6980 best=0.6980 patience=0/10 *
    [resnet] epoch 10/50: train_loss=1.1898 val_auc=0.7010 best=0.7010 patience=0/10 *
    [resnet] epoch 11/50: train_loss=1.1660 val_auc=0.7026 best=0.7026 patience=0/10 *
    [resnet] epoch 12/50: train_loss=1.1778 val_auc=0.7026 best=0.7026 patience=1/10
    [resnet] epoch 13/50: train_loss=1.1878 val_auc=0.7029 best=0.7029 patience=0/10 *
    [resnet] epoch 14/50: train_loss=1.1836 val_auc=0.7033 best=0.7033 patience=0/10 *
    [resnet] epoch 15/50: train_loss=1.1551 val_auc=0.7049 best=0.7049 patience=0/10 *
    [resnet] epoch 16/50: train_loss=1.1869 val_auc=0.7052 best=0.7052 patience=0/10 *
    [resnet] epoch 17/50: train_loss=1.1862 val_auc=0.7053 best=0.7053 patience=0/10 *
    [resnet] epoch 18/50: train_loss=1.1531 val_auc=0.7053 best=0.7053 patience=1/10
    [resnet] epoch 19/50: train_loss=1.1849 val_auc=0.7050 best=0.7053 patience=2/10
    [resnet] epoch 20/50: train_loss=1.1822 val_auc=0.7049 best=0.7053 patience=3/10
    [resnet] epoch 21/50: train_loss=1.2331 val_auc=0.7048 best=0.7053 patience=4/10
    [resnet] epoch 22/50: train_loss=1.1625 val_auc=0.7045 best=0.7053 patience=5/10
    [resnet] epoch 23/50: train_loss=1.1689 val_auc=0.7048 best=0.7053 patience=6/10
    [resnet] epoch 24/50: train_loss=1.1465 val_auc=0.7024 best=0.7053 patience=7/10
    [resnet] epoch 25/50: train_loss=1.1465 val_auc=0.7023 best=0.7053 patience=8/10
    [resnet] epoch 26/50: train_loss=1.1811 val_auc=0.7023 best=0.7053 patience=9/10
    [resnet] epoch 27/50: train_loss=1.1825 val_auc=0.7020 best=0.7053 patience=10/10
    [resnet] early stop at epoch 27
  [resnet] fold 74/100: AUC=0.7053
    [resnet] epoch 01/50: train_loss=1.3587 val_auc=0.2681 best=0.2681 patience=0/10 *
    [resnet] epoch 02/50: train_loss=1.3932 val_auc=0.4165 best=0.4165 patience=0/10 *
    [resnet] epoch 03/50: train_loss=1.3259 val_auc=0.5158 best=0.5158 patience=0/10 *
    [resnet] epoch 04/50: train_loss=1.3189 val_auc=0.5913 best=0.5913 patience=0/10 *
    [resnet] epoch 05/50: train_loss=1.2974 val_auc=0.7158 best=0.7158 patience=0/10 *
    [resnet] epoch 06/50: train_loss=1.2966 val_auc=0.7207 best=0.7207 patience=0/10 *
    [resnet] epoch 07/50: train_loss=1.2185 val_auc=0.7217 best=0.7217 patience=0/10 *
    [resnet] epoch 08/50: train_loss=1.2319 val_auc=0.7226 best=0.7226 patience=0/10 *
    [resnet] epoch 09/50: train_loss=1.2552 val_auc=0.7232 best=0.7232 patience=0/10 *
    [resnet] epoch 10/50: train_loss=1.2379 val_auc=0.7235 best=0.7235 patience=0/10 *
    [resnet] epoch 11/50: train_loss=1.2185 val_auc=0.7236 best=0.7236 patience=0/10 *
    [resnet] epoch 12/50: train_loss=1.2100 val_auc=0.7236 best=0.7236 patience=1/10
    [resnet] epoch 13/50: train_loss=1.2778 val_auc=0.7236 best=0.7236 patience=2/10
    [resnet] epoch 14/50: train_loss=1.1816 val_auc=0.7236 best=0.7236 patience=3/10
    [resnet] epoch 15/50: train_loss=1.2482 val_auc=0.7236 best=0.7236 patience=4/10
    [resnet] epoch 16/50: train_loss=1.2272 val_auc=0.7236 best=0.7236 patience=5/10
    [resnet] epoch 17/50: train_loss=1.2112 val_auc=0.7239 best=0.7239 patience=0/10 *
    [resnet] epoch 18/50: train_loss=1.1789 val_auc=0.7239 best=0.7239 patience=1/10
    [resnet] epoch 19/50: train_loss=1.1796 val_auc=0.7239 best=0.7239 patience=2/10
    [resnet] epoch 20/50: train_loss=1.2139 val_auc=0.7236 best=0.7239 patience=3/10
    [resnet] epoch 21/50: train_loss=1.1860 val_auc=0.7239 best=0.7239 patience=4/10
    [resnet] epoch 22/50: train_loss=1.1908 val_auc=0.7236 best=0.7239 patience=5/10
    [resnet] epoch 23/50: train_loss=1.1768 val_auc=0.7236 best=0.7239 patience=6/10
    [resnet] epoch 24/50: train_loss=1.2238 val_auc=0.7236 best=0.7239 patience=7/10
    [resnet] epoch 25/50: train_loss=1.1521 val_auc=0.7236 best=0.7239 patience=8/10
    [resnet] epoch 26/50: train_loss=1.1903 val_auc=0.7236 best=0.7239 patience=9/10
    [resnet] epoch 27/50: train_loss=1.1616 val_auc=0.7236 best=0.7239 patience=10/10
    [resnet] early stop at epoch 27
  [resnet] fold 75/100: AUC=0.7239
    [resnet] epoch 01/50: train_loss=1.3433 val_auc=0.5667 best=0.5667 patience=0/10 *
    [resnet] epoch 02/50: train_loss=1.3015 val_auc=0.6937 best=0.6937 patience=0/10 *
    [resnet] epoch 03/50: train_loss=1.3233 val_auc=0.7216 best=0.7216 patience=0/10 *
    [resnet] epoch 04/50: train_loss=1.2970 val_auc=0.7343 best=0.7343 patience=0/10 *
    [resnet] epoch 05/50: train_loss=1.2287 val_auc=0.7337 best=0.7343 patience=1/10
    [resnet] epoch 06/50: train_loss=1.2578 val_auc=0.7338 best=0.7343 patience=2/10
    [resnet] epoch 07/50: train_loss=1.2236 val_auc=0.7335 best=0.7343 patience=3/10
    [resnet] epoch 08/50: train_loss=1.2233 val_auc=0.7334 best=0.7343 patience=4/10
    [resnet] epoch 09/50: train_loss=1.2470 val_auc=0.7334 best=0.7343 patience=5/10
    [resnet] epoch 10/50: train_loss=1.1887 val_auc=0.7332 best=0.7343 patience=6/10
    [resnet] epoch 11/50: train_loss=1.2112 val_auc=0.7332 best=0.7343 patience=7/10
    [resnet] epoch 12/50: train_loss=1.2069 val_auc=0.7334 best=0.7343 patience=8/10
    [resnet] epoch 13/50: train_loss=1.2219 val_auc=0.7332 best=0.7343 patience=9/10
    [resnet] epoch 14/50: train_loss=1.1797 val_auc=0.7332 best=0.7343 patience=10/10
    [resnet] early stop at epoch 14
  [resnet] fold 76/100: AUC=0.7343
    [resnet] epoch 01/50: train_loss=1.3236 val_auc=0.6506 best=0.6506 patience=0/10 *
    [resnet] epoch 02/50: train_loss=1.3562 val_auc=0.7562 best=0.7562 patience=0/10 *
    [resnet] epoch 03/50: train_loss=1.2964 val_auc=0.7561 best=0.7562 patience=1/10
    [resnet] epoch 04/50: train_loss=1.2791 val_auc=0.7562 best=0.7562 patience=2/10
    [resnet] epoch 05/50: train_loss=1.2257 val_auc=0.7557 best=0.7562 patience=3/10
    [resnet] epoch 06/50: train_loss=1.2368 val_auc=0.7555 best=0.7562 patience=4/10
    [resnet] epoch 07/50: train_loss=1.2400 val_auc=0.7553 best=0.7562 patience=5/10
    [resnet] epoch 08/50: train_loss=1.2636 val_auc=0.7552 best=0.7562 patience=6/10
    [resnet] epoch 09/50: train_loss=1.2476 val_auc=0.7552 best=0.7562 patience=7/10
    [resnet] epoch 10/50: train_loss=1.2165 val_auc=0.7550 best=0.7562 patience=8/10
    [resnet] epoch 11/50: train_loss=1.2085 val_auc=0.7545 best=0.7562 patience=9/10
    [resnet] epoch 12/50: train_loss=1.2456 val_auc=0.7544 best=0.7562 patience=10/10
    [resnet] early stop at epoch 12
  [resnet] fold 77/100: AUC=0.7562
    [resnet] epoch 01/50: train_loss=1.2706 val_auc=0.6422 best=0.6422 patience=0/10 *
    [resnet] epoch 02/50: train_loss=1.2851 val_auc=0.6993 best=0.6993 patience=0/10 *
    [resnet] epoch 03/50: train_loss=1.2589 val_auc=0.7195 best=0.7195 patience=0/10 *
    [resnet] epoch 04/50: train_loss=1.2168 val_auc=0.7256 best=0.7256 patience=0/10 *
    [resnet] epoch 05/50: train_loss=1.2551 val_auc=0.7265 best=0.7265 patience=0/10 *
    [resnet] epoch 06/50: train_loss=1.2328 val_auc=0.7268 best=0.7268 patience=0/10 *
    [resnet] epoch 07/50: train_loss=1.2145 val_auc=0.7273 best=0.7273 patience=0/10 *
    [resnet] epoch 08/50: train_loss=1.2848 val_auc=0.7266 best=0.7273 patience=1/10
    [resnet] epoch 09/50: train_loss=1.1802 val_auc=0.7273 best=0.7273 patience=2/10
    [resnet] epoch 10/50: train_loss=1.1661 val_auc=0.7270 best=0.7273 patience=3/10
    [resnet] epoch 11/50: train_loss=1.2256 val_auc=0.7266 best=0.7273 patience=4/10
    [resnet] epoch 12/50: train_loss=1.2119 val_auc=0.7266 best=0.7273 patience=5/10
    [resnet] epoch 13/50: train_loss=1.1932 val_auc=0.7266 best=0.7273 patience=6/10
    [resnet] epoch 14/50: train_loss=1.2250 val_auc=0.7268 best=0.7273 patience=7/10
    [resnet] epoch 15/50: train_loss=1.2294 val_auc=0.7266 best=0.7273 patience=8/10
    [resnet] epoch 16/50: train_loss=1.1642 val_auc=0.7265 best=0.7273 patience=9/10
    [resnet] epoch 17/50: train_loss=1.2269 val_auc=0.7268 best=0.7273 patience=10/10
    [resnet] early stop at epoch 17
  [resnet] fold 78/100: AUC=0.7273
    [resnet] epoch 01/50: train_loss=1.3438 val_auc=0.6723 best=0.6723 patience=0/10 *
    [resnet] epoch 02/50: train_loss=1.2193 val_auc=0.6827 best=0.6827 patience=0/10 *
    [resnet] epoch 03/50: train_loss=1.2918 val_auc=0.6878 best=0.6878 patience=0/10 *
    [resnet] epoch 04/50: train_loss=1.2299 val_auc=0.6893 best=0.6893 patience=0/10 *
    [resnet] epoch 05/50: train_loss=1.2229 val_auc=0.6944 best=0.6944 patience=0/10 *
    [resnet] epoch 06/50: train_loss=1.2440 val_auc=0.6953 best=0.6953 patience=0/10 *
    [resnet] epoch 07/50: train_loss=1.2456 val_auc=0.7007 best=0.7007 patience=0/10 *
    [resnet] epoch 08/50: train_loss=1.1941 val_auc=0.7026 best=0.7026 patience=0/10 *
    [resnet] epoch 09/50: train_loss=1.1952 val_auc=0.7033 best=0.7033 patience=0/10 *
    [resnet] epoch 10/50: train_loss=1.1867 val_auc=0.7034 best=0.7034 patience=0/10 *
    [resnet] epoch 11/50: train_loss=1.1756 val_auc=0.7054 best=0.7054 patience=0/10 *
    [resnet] epoch 12/50: train_loss=1.1994 val_auc=0.7062 best=0.7062 patience=0/10 *
    [resnet] epoch 13/50: train_loss=1.2108 val_auc=0.7081 best=0.7081 patience=0/10 *
    [resnet] epoch 14/50: train_loss=1.1775 val_auc=0.7086 best=0.7086 patience=0/10 *
    [resnet] epoch 15/50: train_loss=1.1699 val_auc=0.7101 best=0.7101 patience=0/10 *
    [resnet] epoch 16/50: train_loss=1.1945 val_auc=0.7103 best=0.7103 patience=0/10 *
    [resnet] epoch 17/50: train_loss=1.1522 val_auc=0.7104 best=0.7104 patience=0/10 *
    [resnet] epoch 18/50: train_loss=1.1875 val_auc=0.7105 best=0.7105 patience=0/10 *
    [resnet] epoch 19/50: train_loss=1.2066 val_auc=0.7104 best=0.7105 patience=1/10
    [resnet] epoch 20/50: train_loss=1.1391 val_auc=0.7103 best=0.7105 patience=2/10
    [resnet] epoch 21/50: train_loss=1.1385 val_auc=0.7103 best=0.7105 patience=3/10
    [resnet] epoch 22/50: train_loss=1.1797 val_auc=0.7103 best=0.7105 patience=4/10
    [resnet] epoch 23/50: train_loss=1.1285 val_auc=0.7103 best=0.7105 patience=5/10
    [resnet] epoch 24/50: train_loss=1.1685 val_auc=0.7103 best=0.7105 patience=6/10
    [resnet] epoch 25/50: train_loss=1.1507 val_auc=0.7103 best=0.7105 patience=7/10
    [resnet] epoch 26/50: train_loss=1.1814 val_auc=0.7103 best=0.7105 patience=8/10
    [resnet] epoch 27/50: train_loss=1.2019 val_auc=0.7103 best=0.7105 patience=9/10
    [resnet] epoch 28/50: train_loss=1.1772 val_auc=0.7107 best=0.7107 patience=0/10 *
    [resnet] epoch 29/50: train_loss=1.1521 val_auc=0.7107 best=0.7107 patience=1/10
    [resnet] epoch 30/50: train_loss=1.1578 val_auc=0.7107 best=0.7107 patience=2/10
    [resnet] epoch 31/50: train_loss=1.2045 val_auc=0.7107 best=0.7107 patience=3/10
    [resnet] epoch 32/50: train_loss=1.1608 val_auc=0.7106 best=0.7107 patience=4/10
    [resnet] epoch 33/50: train_loss=1.1525 val_auc=0.7106 best=0.7107 patience=5/10
    [resnet] epoch 34/50: train_loss=1.1276 val_auc=0.7105 best=0.7107 patience=6/10
    [resnet] epoch 35/50: train_loss=1.1224 val_auc=0.7067 best=0.7107 patience=7/10
    [resnet] epoch 36/50: train_loss=1.1701 val_auc=0.7071 best=0.7107 patience=8/10
    [resnet] epoch 37/50: train_loss=1.1060 val_auc=0.7041 best=0.7107 patience=9/10
    [resnet] epoch 38/50: train_loss=1.1252 val_auc=0.7033 best=0.7107 patience=10/10
    [resnet] early stop at epoch 38
  [resnet] fold 79/100: AUC=0.7107
    [resnet] epoch 01/50: train_loss=1.2273 val_auc=0.7050 best=0.7050 patience=0/10 *
    [resnet] epoch 02/50: train_loss=1.2958 val_auc=0.7047 best=0.7050 patience=1/10
    [resnet] epoch 03/50: train_loss=1.2413 val_auc=0.7062 best=0.7062 patience=0/10 *
    [resnet] epoch 04/50: train_loss=1.2304 val_auc=0.7064 best=0.7064 patience=0/10 *
    [resnet] epoch 05/50: train_loss=1.2228 val_auc=0.7072 best=0.7072 patience=0/10 *
    [resnet] epoch 06/50: train_loss=1.1802 val_auc=0.7064 best=0.7072 patience=1/10
    [resnet] epoch 07/50: train_loss=1.2545 val_auc=0.7069 best=0.7072 patience=2/10
    [resnet] epoch 08/50: train_loss=1.2309 val_auc=0.7072 best=0.7072 patience=3/10
    [resnet] epoch 09/50: train_loss=1.2369 val_auc=0.7071 best=0.7072 patience=4/10
    [resnet] epoch 10/50: train_loss=1.1995 val_auc=0.7069 best=0.7072 patience=5/10
    [resnet] epoch 11/50: train_loss=1.2091 val_auc=0.7069 best=0.7072 patience=6/10
    [resnet] epoch 12/50: train_loss=1.1852 val_auc=0.7069 best=0.7072 patience=7/10
    [resnet] epoch 13/50: train_loss=1.1879 val_auc=0.7072 best=0.7072 patience=8/10
    [resnet] epoch 14/50: train_loss=1.1790 val_auc=0.7072 best=0.7072 patience=9/10
    [resnet] epoch 15/50: train_loss=1.1955 val_auc=0.7073 best=0.7073 patience=0/10 *
    [resnet] epoch 16/50: train_loss=1.1917 val_auc=0.7072 best=0.7073 patience=1/10
    [resnet] epoch 17/50: train_loss=1.1919 val_auc=0.7069 best=0.7073 patience=2/10
    [resnet] epoch 18/50: train_loss=1.1569 val_auc=0.7069 best=0.7073 patience=3/10
    [resnet] epoch 19/50: train_loss=1.1711 val_auc=0.7069 best=0.7073 patience=4/10
    [resnet] epoch 20/50: train_loss=1.1432 val_auc=0.7068 best=0.7073 patience=5/10
    [resnet] epoch 21/50: train_loss=1.1471 val_auc=0.7069 best=0.7073 patience=6/10
    [resnet] epoch 22/50: train_loss=1.1853 val_auc=0.7069 best=0.7073 patience=7/10
    [resnet] epoch 23/50: train_loss=1.2012 val_auc=0.7067 best=0.7073 patience=8/10
    [resnet] epoch 24/50: train_loss=1.1414 val_auc=0.7067 best=0.7073 patience=9/10
    [resnet] epoch 25/50: train_loss=1.1733 val_auc=0.7067 best=0.7073 patience=10/10
    [resnet] early stop at epoch 25
  [resnet] fold 80/100: AUC=0.7073
    [resnet] epoch 01/50: train_loss=1.3764 val_auc=0.4677 best=0.4677 patience=0/10 *
    [resnet] epoch 02/50: train_loss=1.3734 val_auc=0.5022 best=0.5022 patience=0/10 *
    [resnet] epoch 03/50: train_loss=1.3230 val_auc=0.6429 best=0.6429 patience=0/10 *
    [resnet] epoch 04/50: train_loss=1.2379 val_auc=0.7135 best=0.7135 patience=0/10 *
    [resnet] epoch 05/50: train_loss=1.2652 val_auc=0.7119 best=0.7135 patience=1/10
    [resnet] epoch 06/50: train_loss=1.2362 val_auc=0.7096 best=0.7135 patience=2/10
    [resnet] epoch 07/50: train_loss=1.2271 val_auc=0.7097 best=0.7135 patience=3/10
    [resnet] epoch 08/50: train_loss=1.2358 val_auc=0.7100 best=0.7135 patience=4/10
    [resnet] epoch 09/50: train_loss=1.2143 val_auc=0.7100 best=0.7135 patience=5/10
    [resnet] epoch 10/50: train_loss=1.1977 val_auc=0.7094 best=0.7135 patience=6/10
    [resnet] epoch 11/50: train_loss=1.1915 val_auc=0.7095 best=0.7135 patience=7/10
    [resnet] epoch 12/50: train_loss=1.2123 val_auc=0.7092 best=0.7135 patience=8/10
    [resnet] epoch 13/50: train_loss=1.2101 val_auc=0.7096 best=0.7135 patience=9/10
    [resnet] epoch 14/50: train_loss=1.2320 val_auc=0.7094 best=0.7135 patience=10/10
    [resnet] early stop at epoch 14
  [resnet] fold 81/100: AUC=0.7135
    [resnet] epoch 01/50: train_loss=1.3123 val_auc=0.4591 best=0.4591 patience=0/10 *
    [resnet] epoch 02/50: train_loss=1.3253 val_auc=0.4973 best=0.4973 patience=0/10 *
    [resnet] epoch 03/50: train_loss=1.2537 val_auc=0.7122 best=0.7122 patience=0/10 *
    [resnet] epoch 04/50: train_loss=1.3354 val_auc=0.7038 best=0.7122 patience=1/10
    [resnet] epoch 05/50: train_loss=1.3032 val_auc=0.7051 best=0.7122 patience=2/10
    [resnet] epoch 06/50: train_loss=1.1818 val_auc=0.7051 best=0.7122 patience=3/10
    [resnet] epoch 07/50: train_loss=1.2349 val_auc=0.7051 best=0.7122 patience=4/10
    [resnet] epoch 08/50: train_loss=1.2432 val_auc=0.7053 best=0.7122 patience=5/10
    [resnet] epoch 09/50: train_loss=1.2185 val_auc=0.7058 best=0.7122 patience=6/10
    [resnet] epoch 10/50: train_loss=1.2296 val_auc=0.7051 best=0.7122 patience=7/10
    [resnet] epoch 11/50: train_loss=1.1992 val_auc=0.7053 best=0.7122 patience=8/10
    [resnet] epoch 12/50: train_loss=1.1933 val_auc=0.7051 best=0.7122 patience=9/10
    [resnet] epoch 13/50: train_loss=1.2292 val_auc=0.7051 best=0.7122 patience=10/10
    [resnet] early stop at epoch 13
  [resnet] fold 82/100: AUC=0.7122
    [resnet] epoch 01/50: train_loss=1.3258 val_auc=0.5065 best=0.5065 patience=0/10 *
    [resnet] epoch 02/50: train_loss=1.2976 val_auc=0.6565 best=0.6565 patience=0/10 *
    [resnet] epoch 03/50: train_loss=1.3389 val_auc=0.7082 best=0.7082 patience=0/10 *
    [resnet] epoch 04/50: train_loss=1.3024 val_auc=0.7342 best=0.7342 patience=0/10 *
    [resnet] epoch 05/50: train_loss=1.3113 val_auc=0.7346 best=0.7346 patience=0/10 *
    [resnet] epoch 06/50: train_loss=1.2959 val_auc=0.7347 best=0.7347 patience=0/10 *
    [resnet] epoch 07/50: train_loss=1.2616 val_auc=0.7347 best=0.7347 patience=1/10
    [resnet] epoch 08/50: train_loss=1.2386 val_auc=0.7347 best=0.7347 patience=2/10
    [resnet] epoch 09/50: train_loss=1.1839 val_auc=0.7347 best=0.7347 patience=3/10
    [resnet] epoch 10/50: train_loss=1.2134 val_auc=0.7347 best=0.7347 patience=0/10 *
    [resnet] epoch 11/50: train_loss=1.2461 val_auc=0.7345 best=0.7347 patience=1/10
    [resnet] epoch 12/50: train_loss=1.2070 val_auc=0.7345 best=0.7347 patience=2/10
    [resnet] epoch 13/50: train_loss=1.1865 val_auc=0.7345 best=0.7347 patience=3/10
    [resnet] epoch 14/50: train_loss=1.2181 val_auc=0.7346 best=0.7347 patience=4/10
    [resnet] epoch 15/50: train_loss=1.2099 val_auc=0.7346 best=0.7347 patience=5/10
    [resnet] epoch 16/50: train_loss=1.2059 val_auc=0.7345 best=0.7347 patience=6/10
    [resnet] epoch 17/50: train_loss=1.1606 val_auc=0.7342 best=0.7347 patience=7/10
    [resnet] epoch 18/50: train_loss=1.2318 val_auc=0.7341 best=0.7347 patience=8/10
    [resnet] epoch 19/50: train_loss=1.1675 val_auc=0.7341 best=0.7347 patience=9/10
    [resnet] epoch 20/50: train_loss=1.1864 val_auc=0.7341 best=0.7347 patience=10/10
    [resnet] early stop at epoch 20
  [resnet] fold 83/100: AUC=0.7347
    [resnet] epoch 01/50: train_loss=1.3742 val_auc=0.4301 best=0.4301 patience=0/10 *
    [resnet] epoch 02/50: train_loss=1.3287 val_auc=0.6086 best=0.6086 patience=0/10 *
    [resnet] epoch 03/50: train_loss=1.3213 val_auc=0.7208 best=0.7208 patience=0/10 *
    [resnet] epoch 04/50: train_loss=1.2927 val_auc=0.7319 best=0.7319 patience=0/10 *
    [resnet] epoch 05/50: train_loss=1.3099 val_auc=0.7318 best=0.7319 patience=1/10
    [resnet] epoch 06/50: train_loss=1.2653 val_auc=0.7318 best=0.7319 patience=2/10
    [resnet] epoch 07/50: train_loss=1.2605 val_auc=0.7318 best=0.7319 patience=3/10
    [resnet] epoch 08/50: train_loss=1.2377 val_auc=0.7318 best=0.7319 patience=4/10
    [resnet] epoch 09/50: train_loss=1.2159 val_auc=0.7318 best=0.7319 patience=5/10
    [resnet] epoch 10/50: train_loss=1.2567 val_auc=0.7317 best=0.7319 patience=6/10
    [resnet] epoch 11/50: train_loss=1.2311 val_auc=0.7317 best=0.7319 patience=7/10
    [resnet] epoch 12/50: train_loss=1.1813 val_auc=0.7312 best=0.7319 patience=8/10
    [resnet] epoch 13/50: train_loss=1.2202 val_auc=0.7312 best=0.7319 patience=9/10
    [resnet] epoch 14/50: train_loss=1.2290 val_auc=0.7313 best=0.7319 patience=10/10
    [resnet] early stop at epoch 14
  [resnet] fold 84/100: AUC=0.7319
    [resnet] epoch 01/50: train_loss=1.2383 val_auc=0.5569 best=0.5569 patience=0/10 *
    [resnet] epoch 02/50: train_loss=1.2043 val_auc=0.5645 best=0.5645 patience=0/10 *
    [resnet] epoch 03/50: train_loss=1.2795 val_auc=0.6726 best=0.6726 patience=0/10 *
    [resnet] epoch 04/50: train_loss=1.2044 val_auc=0.8516 best=0.8516 patience=0/10 *
    [resnet] epoch 05/50: train_loss=1.2391 val_auc=0.7609 best=0.8516 patience=1/10
    [resnet] epoch 06/50: train_loss=1.2203 val_auc=0.7573 best=0.8516 patience=2/10
    [resnet] epoch 07/50: train_loss=1.2693 val_auc=0.7571 best=0.8516 patience=3/10
    [resnet] epoch 08/50: train_loss=1.2170 val_auc=0.7571 best=0.8516 patience=4/10
    [resnet] epoch 09/50: train_loss=1.2201 val_auc=0.7568 best=0.8516 patience=5/10
    [resnet] epoch 10/50: train_loss=1.2194 val_auc=0.7562 best=0.8516 patience=6/10
    [resnet] epoch 11/50: train_loss=1.1651 val_auc=0.7560 best=0.8516 patience=7/10
    [resnet] epoch 12/50: train_loss=1.1753 val_auc=0.7560 best=0.8516 patience=8/10
    [resnet] epoch 13/50: train_loss=1.1718 val_auc=0.7560 best=0.8516 patience=9/10
    [resnet] epoch 14/50: train_loss=1.1606 val_auc=0.7560 best=0.8516 patience=10/10
    [resnet] early stop at epoch 14
  [resnet] fold 85/100: AUC=0.8516
    [resnet] epoch 01/50: train_loss=1.3517 val_auc=0.5361 best=0.5361 patience=0/10 *
    [resnet] epoch 02/50: train_loss=1.2841 val_auc=0.7183 best=0.7183 patience=0/10 *
    [resnet] epoch 03/50: train_loss=1.2788 val_auc=0.7211 best=0.7211 patience=0/10 *
    [resnet] epoch 04/50: train_loss=1.2579 val_auc=0.7220 best=0.7220 patience=0/10 *
    [resnet] epoch 05/50: train_loss=1.2308 val_auc=0.7220 best=0.7220 patience=1/10
    [resnet] epoch 06/50: train_loss=1.2584 val_auc=0.7221 best=0.7221 patience=0/10 *
    [resnet] epoch 07/50: train_loss=1.1973 val_auc=0.7220 best=0.7221 patience=1/10
    [resnet] epoch 08/50: train_loss=1.1911 val_auc=0.7220 best=0.7221 patience=2/10
    [resnet] epoch 09/50: train_loss=1.2003 val_auc=0.7226 best=0.7226 patience=0/10 *
    [resnet] epoch 10/50: train_loss=1.2285 val_auc=0.7223 best=0.7226 patience=1/10
    [resnet] epoch 11/50: train_loss=1.1998 val_auc=0.7222 best=0.7226 patience=2/10
    [resnet] epoch 12/50: train_loss=1.1607 val_auc=0.7226 best=0.7226 patience=3/10
    [resnet] epoch 13/50: train_loss=1.1966 val_auc=0.7226 best=0.7226 patience=4/10
    [resnet] epoch 14/50: train_loss=1.2032 val_auc=0.7223 best=0.7226 patience=5/10
    [resnet] epoch 15/50: train_loss=1.1754 val_auc=0.7222 best=0.7226 patience=6/10
    [resnet] epoch 16/50: train_loss=1.1654 val_auc=0.7221 best=0.7226 patience=7/10
    [resnet] epoch 17/50: train_loss=1.2215 val_auc=0.7217 best=0.7226 patience=8/10
    [resnet] epoch 18/50: train_loss=1.1717 val_auc=0.7217 best=0.7226 patience=9/10
    [resnet] epoch 19/50: train_loss=1.1755 val_auc=0.7217 best=0.7226 patience=10/10
    [resnet] early stop at epoch 19
  [resnet] fold 86/100: AUC=0.7226
    [resnet] epoch 01/50: train_loss=1.2995 val_auc=0.7188 best=0.7188 patience=0/10 *
    [resnet] epoch 02/50: train_loss=1.2753 val_auc=0.7580 best=0.7580 patience=0/10 *
    [resnet] epoch 03/50: train_loss=1.2714 val_auc=0.7579 best=0.7580 patience=1/10
    [resnet] epoch 04/50: train_loss=1.2147 val_auc=0.7578 best=0.7580 patience=2/10
    [resnet] epoch 05/50: train_loss=1.2668 val_auc=0.7578 best=0.7580 patience=3/10
    [resnet] epoch 06/50: train_loss=1.2035 val_auc=0.7577 best=0.7580 patience=4/10
    [resnet] epoch 07/50: train_loss=1.1971 val_auc=0.7575 best=0.7580 patience=5/10
    [resnet] epoch 08/50: train_loss=1.1960 val_auc=0.7575 best=0.7580 patience=6/10
    [resnet] epoch 09/50: train_loss=1.1670 val_auc=0.7575 best=0.7580 patience=7/10
    [resnet] epoch 10/50: train_loss=1.2060 val_auc=0.7573 best=0.7580 patience=8/10
    [resnet] epoch 11/50: train_loss=1.1830 val_auc=0.7572 best=0.7580 patience=9/10
    [resnet] epoch 12/50: train_loss=1.1984 val_auc=0.7564 best=0.7580 patience=10/10
    [resnet] early stop at epoch 12
  [resnet] fold 87/100: AUC=0.7580
    [resnet] epoch 01/50: train_loss=1.3038 val_auc=0.6928 best=0.6928 patience=0/10 *
    [resnet] epoch 02/50: train_loss=1.3960 val_auc=0.7087 best=0.7087 patience=0/10 *
    [resnet] epoch 03/50: train_loss=1.2689 val_auc=0.7191 best=0.7191 patience=0/10 *
    [resnet] epoch 04/50: train_loss=1.2756 val_auc=0.7321 best=0.7321 patience=0/10 *
    [resnet] epoch 05/50: train_loss=1.2108 val_auc=0.7322 best=0.7322 patience=0/10 *
    [resnet] epoch 06/50: train_loss=1.2184 val_auc=0.7322 best=0.7322 patience=1/10
    [resnet] epoch 07/50: train_loss=1.2305 val_auc=0.7322 best=0.7322 patience=2/10
    [resnet] epoch 08/50: train_loss=1.2085 val_auc=0.7322 best=0.7322 patience=3/10
    [resnet] epoch 09/50: train_loss=1.2549 val_auc=0.7322 best=0.7322 patience=4/10
    [resnet] epoch 10/50: train_loss=1.2126 val_auc=0.7321 best=0.7322 patience=5/10
    [resnet] epoch 11/50: train_loss=1.2243 val_auc=0.7321 best=0.7322 patience=6/10
    [resnet] epoch 12/50: train_loss=1.1716 val_auc=0.7321 best=0.7322 patience=7/10
    [resnet] epoch 13/50: train_loss=1.1701 val_auc=0.7321 best=0.7322 patience=8/10
    [resnet] epoch 14/50: train_loss=1.2027 val_auc=0.7321 best=0.7322 patience=9/10
    [resnet] epoch 15/50: train_loss=1.1946 val_auc=0.7321 best=0.7322 patience=10/10
    [resnet] early stop at epoch 15
  [resnet] fold 88/100: AUC=0.7322
    [resnet] epoch 01/50: train_loss=1.4710 val_auc=0.4651 best=0.4651 patience=0/10 *
    [resnet] epoch 02/50: train_loss=1.3529 val_auc=0.5658 best=0.5658 patience=0/10 *
    [resnet] epoch 03/50: train_loss=1.2755 val_auc=0.6613 best=0.6613 patience=0/10 *
    [resnet] epoch 04/50: train_loss=1.2762 val_auc=0.6887 best=0.6887 patience=0/10 *
    [resnet] epoch 05/50: train_loss=1.2683 val_auc=0.6920 best=0.6920 patience=0/10 *
    [resnet] epoch 06/50: train_loss=1.2094 val_auc=0.6997 best=0.6997 patience=0/10 *
    [resnet] epoch 07/50: train_loss=1.2527 val_auc=0.6996 best=0.6997 patience=1/10
    [resnet] epoch 08/50: train_loss=1.2296 val_auc=0.6995 best=0.6997 patience=2/10
    [resnet] epoch 09/50: train_loss=1.2469 val_auc=0.6995 best=0.6997 patience=3/10
    [resnet] epoch 10/50: train_loss=1.2121 val_auc=0.6993 best=0.6997 patience=4/10
    [resnet] epoch 11/50: train_loss=1.2698 val_auc=0.6992 best=0.6997 patience=5/10
    [resnet] epoch 12/50: train_loss=1.1819 val_auc=0.6991 best=0.6997 patience=6/10
    [resnet] epoch 13/50: train_loss=1.1897 val_auc=0.6993 best=0.6997 patience=7/10
    [resnet] epoch 14/50: train_loss=1.1977 val_auc=0.6993 best=0.6997 patience=8/10
    [resnet] epoch 15/50: train_loss=1.2083 val_auc=0.6992 best=0.6997 patience=9/10
    [resnet] epoch 16/50: train_loss=1.1749 val_auc=0.6996 best=0.6997 patience=10/10
    [resnet] early stop at epoch 16
  [resnet] fold 89/100: AUC=0.6997
    [resnet] epoch 01/50: train_loss=1.3218 val_auc=0.6441 best=0.6441 patience=0/10 *
    [resnet] epoch 02/50: train_loss=1.3342 val_auc=0.6538 best=0.6538 patience=0/10 *
    [resnet] epoch 03/50: train_loss=1.2934 val_auc=0.6614 best=0.6614 patience=0/10 *
    [resnet] epoch 04/50: train_loss=1.2873 val_auc=0.7224 best=0.7224 patience=0/10 *
    [resnet] epoch 05/50: train_loss=1.2599 val_auc=0.7268 best=0.7268 patience=0/10 *
    [resnet] epoch 06/50: train_loss=1.2493 val_auc=0.7271 best=0.7271 patience=0/10 *
    [resnet] epoch 07/50: train_loss=1.2432 val_auc=0.7275 best=0.7275 patience=0/10 *
    [resnet] epoch 08/50: train_loss=1.1979 val_auc=0.7274 best=0.7275 patience=1/10
    [resnet] epoch 09/50: train_loss=1.2331 val_auc=0.7274 best=0.7275 patience=2/10
    [resnet] epoch 10/50: train_loss=1.2253 val_auc=0.7274 best=0.7275 patience=3/10
    [resnet] epoch 11/50: train_loss=1.2291 val_auc=0.7275 best=0.7275 patience=4/10
    [resnet] epoch 12/50: train_loss=1.2182 val_auc=0.7275 best=0.7275 patience=5/10
    [resnet] epoch 13/50: train_loss=1.3101 val_auc=0.7275 best=0.7275 patience=6/10
    [resnet] epoch 14/50: train_loss=1.2091 val_auc=0.7279 best=0.7279 patience=0/10 *
    [resnet] epoch 15/50: train_loss=1.2130 val_auc=0.7279 best=0.7279 patience=1/10
    [resnet] epoch 16/50: train_loss=1.2166 val_auc=0.7279 best=0.7279 patience=2/10
    [resnet] epoch 17/50: train_loss=1.2157 val_auc=0.7279 best=0.7279 patience=3/10
    [resnet] epoch 18/50: train_loss=1.2018 val_auc=0.7280 best=0.7280 patience=0/10 *
    [resnet] epoch 19/50: train_loss=1.2003 val_auc=0.7280 best=0.7280 patience=1/10
    [resnet] epoch 20/50: train_loss=1.2153 val_auc=0.7279 best=0.7280 patience=2/10
    [resnet] epoch 21/50: train_loss=1.2234 val_auc=0.7279 best=0.7280 patience=3/10
    [resnet] epoch 22/50: train_loss=1.1963 val_auc=0.7279 best=0.7280 patience=4/10
    [resnet] epoch 23/50: train_loss=1.1885 val_auc=0.7279 best=0.7280 patience=5/10
    [resnet] epoch 24/50: train_loss=1.1676 val_auc=0.7279 best=0.7280 patience=6/10
    [resnet] epoch 25/50: train_loss=1.2136 val_auc=0.7279 best=0.7280 patience=7/10
    [resnet] epoch 26/50: train_loss=1.1856 val_auc=0.7279 best=0.7280 patience=8/10
    [resnet] epoch 27/50: train_loss=1.1735 val_auc=0.7275 best=0.7280 patience=9/10
    [resnet] epoch 28/50: train_loss=1.1974 val_auc=0.7275 best=0.7280 patience=10/10
    [resnet] early stop at epoch 28
  [resnet] fold 90/100: AUC=0.7280
    [resnet] epoch 01/50: train_loss=1.3566 val_auc=0.6548 best=0.6548 patience=0/10 *
    [resnet] epoch 02/50: train_loss=1.3103 val_auc=0.6727 best=0.6727 patience=0/10 *
    [resnet] epoch 03/50: train_loss=1.2577 val_auc=0.7174 best=0.7174 patience=0/10 *
    [resnet] epoch 04/50: train_loss=1.2867 val_auc=0.7492 best=0.7492 patience=0/10 *
    [resnet] epoch 05/50: train_loss=1.2060 val_auc=0.7533 best=0.7533 patience=0/10 *
    [resnet] epoch 06/50: train_loss=1.2403 val_auc=0.7548 best=0.7548 patience=0/10 *
    [resnet] epoch 07/50: train_loss=1.2326 val_auc=0.7554 best=0.7554 patience=0/10 *
    [resnet] epoch 08/50: train_loss=1.2400 val_auc=0.7555 best=0.7555 patience=0/10 *
    [resnet] epoch 09/50: train_loss=1.2095 val_auc=0.7557 best=0.7557 patience=0/10 *
    [resnet] epoch 10/50: train_loss=1.2280 val_auc=0.7558 best=0.7558 patience=0/10 *
    [resnet] epoch 11/50: train_loss=1.1895 val_auc=0.7558 best=0.7558 patience=1/10
    [resnet] epoch 12/50: train_loss=1.1606 val_auc=0.7559 best=0.7559 patience=0/10 *
    [resnet] epoch 13/50: train_loss=1.1974 val_auc=0.7559 best=0.7559 patience=1/10
    [resnet] epoch 14/50: train_loss=1.2218 val_auc=0.7559 best=0.7559 patience=2/10
    [resnet] epoch 15/50: train_loss=1.1925 val_auc=0.7559 best=0.7559 patience=3/10
    [resnet] epoch 16/50: train_loss=1.1735 val_auc=0.7559 best=0.7559 patience=4/10
    [resnet] epoch 17/50: train_loss=1.2229 val_auc=0.7559 best=0.7559 patience=5/10
    [resnet] epoch 18/50: train_loss=1.2321 val_auc=0.7559 best=0.7559 patience=6/10
    [resnet] epoch 19/50: train_loss=1.2119 val_auc=0.7559 best=0.7559 patience=7/10
    [resnet] epoch 20/50: train_loss=1.1814 val_auc=0.7560 best=0.7560 patience=0/10 *
    [resnet] epoch 21/50: train_loss=1.1886 val_auc=0.7559 best=0.7560 patience=1/10
    [resnet] epoch 22/50: train_loss=1.1886 val_auc=0.7563 best=0.7563 patience=0/10 *
    [resnet] epoch 23/50: train_loss=1.1570 val_auc=0.7559 best=0.7563 patience=1/10
    [resnet] epoch 24/50: train_loss=1.1704 val_auc=0.7560 best=0.7563 patience=2/10
    [resnet] epoch 25/50: train_loss=1.1657 val_auc=0.7562 best=0.7563 patience=3/10
    [resnet] epoch 26/50: train_loss=1.1642 val_auc=0.7558 best=0.7563 patience=4/10
    [resnet] epoch 27/50: train_loss=1.1749 val_auc=0.7562 best=0.7563 patience=5/10
    [resnet] epoch 28/50: train_loss=1.1315 val_auc=0.7560 best=0.7563 patience=6/10
    [resnet] epoch 29/50: train_loss=1.1511 val_auc=0.7560 best=0.7563 patience=7/10
    [resnet] epoch 30/50: train_loss=1.1428 val_auc=0.7559 best=0.7563 patience=8/10
    [resnet] epoch 31/50: train_loss=1.1982 val_auc=0.7555 best=0.7563 patience=9/10
    [resnet] epoch 32/50: train_loss=1.1378 val_auc=0.7555 best=0.7563 patience=10/10
    [resnet] early stop at epoch 32
  [resnet] fold 91/100: AUC=0.7563
    [resnet] epoch 01/50: train_loss=1.3106 val_auc=0.6485 best=0.6485 patience=0/10 *
    [resnet] epoch 02/50: train_loss=1.3241 val_auc=0.6895 best=0.6895 patience=0/10 *
    [resnet] epoch 03/50: train_loss=1.2666 val_auc=0.6909 best=0.6909 patience=0/10 *
    [resnet] epoch 04/50: train_loss=1.2508 val_auc=0.6911 best=0.6911 patience=0/10 *
    [resnet] epoch 05/50: train_loss=1.2273 val_auc=0.6911 best=0.6911 patience=1/10
    [resnet] epoch 06/50: train_loss=1.2396 val_auc=0.6910 best=0.6911 patience=2/10
    [resnet] epoch 07/50: train_loss=1.2152 val_auc=0.6910 best=0.6911 patience=3/10
    [resnet] epoch 08/50: train_loss=1.2103 val_auc=0.6910 best=0.6911 patience=4/10
    [resnet] epoch 09/50: train_loss=1.1929 val_auc=0.6910 best=0.6911 patience=5/10
    [resnet] epoch 10/50: train_loss=1.2512 val_auc=0.6909 best=0.6911 patience=6/10
    [resnet] epoch 11/50: train_loss=1.1998 val_auc=0.6909 best=0.6911 patience=7/10
    [resnet] epoch 12/50: train_loss=1.2085 val_auc=0.6909 best=0.6911 patience=8/10
    [resnet] epoch 13/50: train_loss=1.2055 val_auc=0.6902 best=0.6911 patience=9/10
    [resnet] epoch 14/50: train_loss=1.2150 val_auc=0.6904 best=0.6911 patience=10/10
    [resnet] early stop at epoch 14
  [resnet] fold 92/100: AUC=0.6911
    [resnet] epoch 01/50: train_loss=1.2647 val_auc=0.7479 best=0.7479 patience=0/10 *
    [resnet] epoch 02/50: train_loss=1.2522 val_auc=0.7461 best=0.7479 patience=1/10
    [resnet] epoch 03/50: train_loss=1.2571 val_auc=0.7572 best=0.7572 patience=0/10 *
    [resnet] epoch 04/50: train_loss=1.2681 val_auc=0.7651 best=0.7651 patience=0/10 *
    [resnet] epoch 05/50: train_loss=1.2096 val_auc=0.7668 best=0.7668 patience=0/10 *
    [resnet] epoch 06/50: train_loss=1.2637 val_auc=0.7670 best=0.7670 patience=0/10 *
    [resnet] epoch 07/50: train_loss=1.2124 val_auc=0.7677 best=0.7677 patience=0/10 *
    [resnet] epoch 08/50: train_loss=1.2207 val_auc=0.7680 best=0.7680 patience=0/10 *
    [resnet] epoch 09/50: train_loss=1.2064 val_auc=0.7684 best=0.7684 patience=0/10 *
    [resnet] epoch 10/50: train_loss=1.2222 val_auc=0.7688 best=0.7688 patience=0/10 *
    [resnet] epoch 11/50: train_loss=1.2216 val_auc=0.7692 best=0.7692 patience=0/10 *
    [resnet] epoch 12/50: train_loss=1.2055 val_auc=0.7694 best=0.7694 patience=0/10 *
    [resnet] epoch 13/50: train_loss=1.2202 val_auc=0.7692 best=0.7694 patience=1/10
    [resnet] epoch 14/50: train_loss=1.2017 val_auc=0.7696 best=0.7696 patience=0/10 *
    [resnet] epoch 15/50: train_loss=1.2380 val_auc=0.7696 best=0.7696 patience=1/10
    [resnet] epoch 16/50: train_loss=1.2096 val_auc=0.7692 best=0.7696 patience=2/10
    [resnet] epoch 17/50: train_loss=1.2331 val_auc=0.7696 best=0.7696 patience=3/10
    [resnet] epoch 18/50: train_loss=1.1810 val_auc=0.7696 best=0.7696 patience=4/10
    [resnet] epoch 19/50: train_loss=1.1783 val_auc=0.7692 best=0.7696 patience=5/10
    [resnet] epoch 20/50: train_loss=1.1780 val_auc=0.7692 best=0.7696 patience=6/10
    [resnet] epoch 21/50: train_loss=1.1870 val_auc=0.7692 best=0.7696 patience=7/10
    [resnet] epoch 22/50: train_loss=1.1624 val_auc=0.7696 best=0.7696 patience=8/10
    [resnet] epoch 23/50: train_loss=1.1838 val_auc=0.7691 best=0.7696 patience=9/10
    [resnet] epoch 24/50: train_loss=1.1779 val_auc=0.7692 best=0.7696 patience=10/10
    [resnet] early stop at epoch 24
  [resnet] fold 93/100: AUC=0.7696
    [resnet] epoch 01/50: train_loss=1.2796 val_auc=0.6440 best=0.6440 patience=0/10 *
    [resnet] epoch 02/50: train_loss=1.2981 val_auc=0.6533 best=0.6533 patience=0/10 *
    [resnet] epoch 03/50: train_loss=1.2967 val_auc=0.6572 best=0.6572 patience=0/10 *
    [resnet] epoch 04/50: train_loss=1.2169 val_auc=0.6601 best=0.6601 patience=0/10 *
    [resnet] epoch 05/50: train_loss=1.2062 val_auc=0.6631 best=0.6631 patience=0/10 *
    [resnet] epoch 06/50: train_loss=1.2438 val_auc=0.6661 best=0.6661 patience=0/10 *
    [resnet] epoch 07/50: train_loss=1.2215 val_auc=0.6771 best=0.6771 patience=0/10 *
    [resnet] epoch 08/50: train_loss=1.1983 val_auc=0.6801 best=0.6801 patience=0/10 *
    [resnet] epoch 09/50: train_loss=1.2048 val_auc=0.6831 best=0.6831 patience=0/10 *
    [resnet] epoch 10/50: train_loss=1.1856 val_auc=0.6838 best=0.6838 patience=0/10 *
    [resnet] epoch 11/50: train_loss=1.2078 val_auc=0.6843 best=0.6843 patience=0/10 *
    [resnet] epoch 12/50: train_loss=1.1709 val_auc=0.6847 best=0.6847 patience=0/10 *
    [resnet] epoch 13/50: train_loss=1.1938 val_auc=0.6847 best=0.6847 patience=1/10
    [resnet] epoch 14/50: train_loss=1.1639 val_auc=0.6848 best=0.6848 patience=0/10 *
    [resnet] epoch 15/50: train_loss=1.2260 val_auc=0.6849 best=0.6849 patience=0/10 *
    [resnet] epoch 16/50: train_loss=1.2122 val_auc=0.6849 best=0.6849 patience=1/10
    [resnet] epoch 17/50: train_loss=1.1673 val_auc=0.6853 best=0.6853 patience=0/10 *
    [resnet] epoch 18/50: train_loss=1.1908 val_auc=0.6855 best=0.6855 patience=0/10 *
    [resnet] epoch 19/50: train_loss=1.1795 val_auc=0.6857 best=0.6857 patience=0/10 *
    [resnet] epoch 20/50: train_loss=1.2108 val_auc=0.6852 best=0.6857 patience=1/10
    [resnet] epoch 21/50: train_loss=1.1534 val_auc=0.6857 best=0.6857 patience=2/10
    [resnet] epoch 22/50: train_loss=1.1570 val_auc=0.6857 best=0.6857 patience=0/10 *
    [resnet] epoch 23/50: train_loss=1.2100 val_auc=0.6857 best=0.6857 patience=1/10
    [resnet] epoch 24/50: train_loss=1.1530 val_auc=0.6857 best=0.6857 patience=2/10
    [resnet] epoch 25/50: train_loss=1.1713 val_auc=0.6848 best=0.6857 patience=3/10
    [resnet] epoch 26/50: train_loss=1.1666 val_auc=0.6849 best=0.6857 patience=4/10
    [resnet] epoch 27/50: train_loss=1.1579 val_auc=0.6846 best=0.6857 patience=5/10
    [resnet] epoch 28/50: train_loss=1.1734 val_auc=0.6846 best=0.6857 patience=6/10
    [resnet] epoch 29/50: train_loss=1.1589 val_auc=0.6847 best=0.6857 patience=7/10
    [resnet] epoch 30/50: train_loss=1.1492 val_auc=0.6848 best=0.6857 patience=8/10
    [resnet] epoch 31/50: train_loss=1.1267 val_auc=0.6830 best=0.6857 patience=9/10
    [resnet] epoch 32/50: train_loss=1.1174 val_auc=0.6842 best=0.6857 patience=10/10
    [resnet] early stop at epoch 32
  [resnet] fold 94/100: AUC=0.6857
    [resnet] epoch 01/50: train_loss=1.2896 val_auc=0.5503 best=0.5503 patience=0/10 *
    [resnet] epoch 02/50: train_loss=1.2946 val_auc=0.6740 best=0.6740 patience=0/10 *
    [resnet] epoch 03/50: train_loss=1.3503 val_auc=0.7211 best=0.7211 patience=0/10 *
    [resnet] epoch 04/50: train_loss=1.2560 val_auc=0.7215 best=0.7215 patience=0/10 *
    [resnet] epoch 05/50: train_loss=1.2151 val_auc=0.7211 best=0.7215 patience=1/10
    [resnet] epoch 06/50: train_loss=1.2247 val_auc=0.7204 best=0.7215 patience=2/10
    [resnet] epoch 07/50: train_loss=1.2555 val_auc=0.7204 best=0.7215 patience=3/10
    [resnet] epoch 08/50: train_loss=1.1945 val_auc=0.7190 best=0.7215 patience=4/10
    [resnet] epoch 09/50: train_loss=1.2430 val_auc=0.7188 best=0.7215 patience=5/10
    [resnet] epoch 10/50: train_loss=1.2250 val_auc=0.7189 best=0.7215 patience=6/10
    [resnet] epoch 11/50: train_loss=1.2418 val_auc=0.7187 best=0.7215 patience=7/10
    [resnet] epoch 12/50: train_loss=1.2377 val_auc=0.7188 best=0.7215 patience=8/10
    [resnet] epoch 13/50: train_loss=1.1759 val_auc=0.7188 best=0.7215 patience=9/10
    [resnet] epoch 14/50: train_loss=1.2099 val_auc=0.7188 best=0.7215 patience=10/10
    [resnet] early stop at epoch 14
  [resnet] fold 95/100: AUC=0.7215
    [resnet] epoch 01/50: train_loss=1.2606 val_auc=0.7273 best=0.7273 patience=0/10 *
    [resnet] epoch 02/50: train_loss=1.2586 val_auc=0.7241 best=0.7273 patience=1/10
    [resnet] epoch 03/50: train_loss=1.2065 val_auc=0.7221 best=0.7273 patience=2/10
    [resnet] epoch 04/50: train_loss=1.1863 val_auc=0.7214 best=0.7273 patience=3/10
    [resnet] epoch 05/50: train_loss=1.1925 val_auc=0.7213 best=0.7273 patience=4/10
    [resnet] epoch 06/50: train_loss=1.2007 val_auc=0.7214 best=0.7273 patience=5/10
    [resnet] epoch 07/50: train_loss=1.1712 val_auc=0.7209 best=0.7273 patience=6/10
    [resnet] epoch 08/50: train_loss=1.2479 val_auc=0.7214 best=0.7273 patience=7/10
    [resnet] epoch 09/50: train_loss=1.1657 val_auc=0.7209 best=0.7273 patience=8/10
    [resnet] epoch 10/50: train_loss=1.1817 val_auc=0.7209 best=0.7273 patience=9/10
    [resnet] epoch 11/50: train_loss=1.2243 val_auc=0.7201 best=0.7273 patience=10/10
    [resnet] early stop at epoch 11
  [resnet] fold 96/100: AUC=0.7273
    [resnet] epoch 01/50: train_loss=1.4019 val_auc=0.4618 best=0.4618 patience=0/10 *
    [resnet] epoch 02/50: train_loss=1.3144 val_auc=0.5598 best=0.5598 patience=0/10 *
    [resnet] epoch 03/50: train_loss=1.3376 val_auc=0.6488 best=0.6488 patience=0/10 *
    [resnet] epoch 04/50: train_loss=1.3057 val_auc=0.6922 best=0.6922 patience=0/10 *
    [resnet] epoch 05/50: train_loss=1.2778 val_auc=0.7246 best=0.7246 patience=0/10 *
    [resnet] epoch 06/50: train_loss=1.2467 val_auc=0.7277 best=0.7277 patience=0/10 *
    [resnet] epoch 07/50: train_loss=1.2277 val_auc=0.7305 best=0.7305 patience=0/10 *
    [resnet] epoch 08/50: train_loss=1.2311 val_auc=0.7337 best=0.7337 patience=0/10 *
    [resnet] epoch 09/50: train_loss=1.2312 val_auc=0.7387 best=0.7387 patience=0/10 *
    [resnet] epoch 10/50: train_loss=1.2082 val_auc=0.7393 best=0.7393 patience=0/10 *
    [resnet] epoch 11/50: train_loss=1.2413 val_auc=0.7409 best=0.7409 patience=0/10 *
    [resnet] epoch 12/50: train_loss=1.2051 val_auc=0.7412 best=0.7412 patience=0/10 *
    [resnet] epoch 13/50: train_loss=1.2017 val_auc=0.7408 best=0.7412 patience=1/10
    [resnet] epoch 14/50: train_loss=1.2014 val_auc=0.7411 best=0.7412 patience=2/10
    [resnet] epoch 15/50: train_loss=1.2261 val_auc=0.7390 best=0.7412 patience=3/10
    [resnet] epoch 16/50: train_loss=1.1956 val_auc=0.7414 best=0.7414 patience=0/10 *
    [resnet] epoch 17/50: train_loss=1.2154 val_auc=0.7414 best=0.7414 patience=1/10
    [resnet] epoch 18/50: train_loss=1.2021 val_auc=0.7414 best=0.7414 patience=2/10
    [resnet] epoch 19/50: train_loss=1.2602 val_auc=0.7411 best=0.7414 patience=3/10
    [resnet] epoch 20/50: train_loss=1.2126 val_auc=0.7410 best=0.7414 patience=4/10
    [resnet] epoch 21/50: train_loss=1.1552 val_auc=0.7402 best=0.7414 patience=5/10
    [resnet] epoch 22/50: train_loss=1.1417 val_auc=0.7408 best=0.7414 patience=6/10
    [resnet] epoch 23/50: train_loss=1.1763 val_auc=0.7408 best=0.7414 patience=7/10
    [resnet] epoch 24/50: train_loss=1.1612 val_auc=0.7408 best=0.7414 patience=8/10
    [resnet] epoch 25/50: train_loss=1.1747 val_auc=0.7399 best=0.7414 patience=9/10
    [resnet] epoch 26/50: train_loss=1.1391 val_auc=0.7394 best=0.7414 patience=10/10
    [resnet] early stop at epoch 26
  [resnet] fold 97/100: AUC=0.7414
    [resnet] epoch 01/50: train_loss=1.3059 val_auc=0.6397 best=0.6397 patience=0/10 *
    [resnet] epoch 02/50: train_loss=1.3033 val_auc=0.7620 best=0.7620 patience=0/10 *
    [resnet] epoch 03/50: train_loss=1.3042 val_auc=0.7607 best=0.7620 patience=1/10
    [resnet] epoch 04/50: train_loss=1.2550 val_auc=0.7603 best=0.7620 patience=2/10
    [resnet] epoch 05/50: train_loss=1.2473 val_auc=0.7600 best=0.7620 patience=3/10
    [resnet] epoch 06/50: train_loss=1.2232 val_auc=0.7603 best=0.7620 patience=4/10
    [resnet] epoch 07/50: train_loss=1.2520 val_auc=0.7592 best=0.7620 patience=5/10
    [resnet] epoch 08/50: train_loss=1.2650 val_auc=0.7591 best=0.7620 patience=6/10
    [resnet] epoch 09/50: train_loss=1.2557 val_auc=0.7590 best=0.7620 patience=7/10
    [resnet] epoch 10/50: train_loss=1.2508 val_auc=0.7590 best=0.7620 patience=8/10
    [resnet] epoch 11/50: train_loss=1.2077 val_auc=0.7586 best=0.7620 patience=9/10
    [resnet] epoch 12/50: train_loss=1.2316 val_auc=0.7585 best=0.7620 patience=10/10
    [resnet] early stop at epoch 12
  [resnet] fold 98/100: AUC=0.7620
    [resnet] epoch 01/50: train_loss=1.2797 val_auc=0.4660 best=0.4660 patience=0/10 *
    [resnet] epoch 02/50: train_loss=1.3791 val_auc=0.5190 best=0.5190 patience=0/10 *
    [resnet] epoch 03/50: train_loss=1.3227 val_auc=0.6483 best=0.6483 patience=0/10 *
    [resnet] epoch 04/50: train_loss=1.2576 val_auc=0.6849 best=0.6849 patience=0/10 *
    [resnet] epoch 05/50: train_loss=1.2447 val_auc=0.6856 best=0.6856 patience=0/10 *
    [resnet] epoch 06/50: train_loss=1.2619 val_auc=0.6857 best=0.6857 patience=0/10 *
    [resnet] epoch 07/50: train_loss=1.2098 val_auc=0.6848 best=0.6857 patience=1/10
    [resnet] epoch 08/50: train_loss=1.2294 val_auc=0.6851 best=0.6857 patience=2/10
    [resnet] epoch 09/50: train_loss=1.2098 val_auc=0.6853 best=0.6857 patience=3/10
    [resnet] epoch 10/50: train_loss=1.2091 val_auc=0.6850 best=0.6857 patience=4/10
    [resnet] epoch 11/50: train_loss=1.2402 val_auc=0.6849 best=0.6857 patience=5/10
    [resnet] epoch 12/50: train_loss=1.1875 val_auc=0.6849 best=0.6857 patience=6/10
    [resnet] epoch 13/50: train_loss=1.2043 val_auc=0.6847 best=0.6857 patience=7/10
    [resnet] epoch 14/50: train_loss=1.1808 val_auc=0.6844 best=0.6857 patience=8/10
    [resnet] epoch 15/50: train_loss=1.2595 val_auc=0.6847 best=0.6857 patience=9/10
    [resnet] epoch 16/50: train_loss=1.1810 val_auc=0.6846 best=0.6857 patience=10/10
    [resnet] early stop at epoch 16
  [resnet] fold 99/100: AUC=0.6857
    [resnet] epoch 01/50: train_loss=1.3459 val_auc=0.5525 best=0.5525 patience=0/10 *
    [resnet] epoch 02/50: train_loss=1.3012 val_auc=0.6620 best=0.6620 patience=0/10 *
    [resnet] epoch 03/50: train_loss=1.2675 val_auc=0.7413 best=0.7413 patience=0/10 *
    [resnet] epoch 04/50: train_loss=1.2506 val_auc=0.7406 best=0.7413 patience=1/10
    [resnet] epoch 05/50: train_loss=1.2586 val_auc=0.7401 best=0.7413 patience=2/10
    [resnet] epoch 06/50: train_loss=1.2129 val_auc=0.7387 best=0.7413 patience=3/10
    [resnet] epoch 07/50: train_loss=1.2114 val_auc=0.7391 best=0.7413 patience=4/10
    [resnet] epoch 08/50: train_loss=1.2393 val_auc=0.7387 best=0.7413 patience=5/10
    [resnet] epoch 09/50: train_loss=1.1966 val_auc=0.7384 best=0.7413 patience=6/10
    [resnet] epoch 10/50: train_loss=1.2149 val_auc=0.7384 best=0.7413 patience=7/10
    [resnet] epoch 11/50: train_loss=1.2087 val_auc=0.7384 best=0.7413 patience=8/10
    [resnet] epoch 12/50: train_loss=1.2015 val_auc=0.7382 best=0.7413 patience=9/10
    [resnet] epoch 13/50: train_loss=1.2244 val_auc=0.7380 best=0.7413 patience=10/10
    [resnet] early stop at epoch 13
  [resnet] fold 100/100: AUC=0.7413
resnet: mean=0.7332, std=0.0306, q25=0.7159, q10=0.7014 over 100 folds
