fold,bidder_id,y_true,y_prob
0,624f258b49e77713fc34034560f93fb3hu3jo,0,0.060957327485084534
0,25558d24bca82beef0f9db4ba1fe2045ynnvq,0,0.06415088474750519
0,1b26a52e1e5980c8487bb35cf5027fdfwfnzp,0,0.06082875281572342
0,c0549e76b179912d52a28c3eb9b29376yaxvu,0,0.06433018296957016
0,880f542a275df1251612886d408b32e8m96cp,0,0.058376651257276535
0,25d75fd439571c1d9b946f5ec833786063vom,0,0.06117861345410347
0,99acffc3cd9bfcd00668dbf472a1979350mxk,0,0.06487663090229034
0,11a38554244f3c14de043aaf52345c35jjqvo,0,0.16690181195735931
0,a22fdc066a738070c6e4860924d06657hengu,0,0.9404914379119873
0,c62bac5be6489bc0e0a7834a11167171c8ww3,0,0.07178537547588348
0,98783b6bd490f32f56c315307643c824nimw1,0,0.060242559760808945
0,5f50c6187a179e2ee7ba2fbcfc845c7a1smgr,0,0.058100275695323944
0,9434778d2268f1fa2a8ede48c0cd05c097zey,1,0.9164958000183105
0,5686520af5a4215a239418fec906f88e4she5,0,0.0631708949804306
0,e98d8f348b266653b6784329782fd2e91vu3h,0,0.13647282123565674
0,19815d9bcdc74c3ddfb9ff210c1739f3tup3i,0,0.05763467401266098
0,1cbd9081de4481ada66f1853737f7684ddjd1,1,0.9521148800849915
0,e78cb9678684d649453cd5e1e46baf462lq87,0,0.06487926095724106
0,c5babbaace35399cf51a9356bbc22733xpi5h,0,0.05994446948170662
0,1cd8d86911413c73e92ad1170cae68c3pocsn,0,0.8955810070037842
0,1ae57d217b27820cabf6e24b721bfb38s6ja0,0,0.06465331465005875
0,21580623ea81c5b0b82aaf74890218e5mio2z,0,0.06491793692111969
0,806a46eb814ec7a09bfffcf38b0763d344tc3,0,0.06336051225662231
0,80e753fbea14f966b1fc6d1e194d4e66822ms,0,0.7289986610412598
0,d0231e5200b870c055db7e3daae24bc8lt7at,0,0.0577763095498085
0,d27221cf2bfaf0fa7a60ffd3e1e3a53efagvp,0,0.9371037483215332
0,d5f997729fd5a0aa13307e027804de515jziv,0,0.35640615224838257
0,9653f425ed82418570fbca890f7032b16sjjd,0,0.056570690125226974
0,671fb1e314a1f480ba9ad9b5a1cf6a91w1k2f,0,0.05943404883146286
0,961ab8cb7952191816db53f8a11a35fe1zecm,0,0.060290124267339706
0,99fc8ed25265e58bc94d9d95180badf4t2e3i,0,0.0681036114692688
0,74ecf5f9adfa4dcca4dcf020209db81arynmk,0,0.05989261716604233
0,10383b390780e7b4b03dc32c94b4973f66wou,0,0.06061916425824165
0,2c72df02de4b36acf72ba549630808612ol08,0,0.059744447469711304
0,e613acb1029ecafd9792c9f75d468e4bmm9zn,0,0.0644397959113121
0,f186d292f4e83f70a92c97f92993f655ygqzw,0,0.05854739621281624
0,8ec8add138ed551bd5a9175eae0cb972ie0pk,0,0.056483618915081024
0,88103add66b7113729a9ca82540684c9il94h,0,0.06530722975730896
0,6a87cc9dacae884e817de2ee08452e76dx9mn,0,0.06409360468387604
0,4741959d26f99012b8a6a3e3954eae40hsy6j,0,0.06490985304117203
0,8b4071f3e2702b88481054081363bc15her3f,0,0.9534602165222168
0,e0413f338c43c9d55ba53612d2068f65t4gs6,0,0.07861783355474472
0,b8e47f06aef714b37073e72ac40a8100mew9c,0,0.06035057455301285
0,d6d68e218a6cafa246ed31185b09e1e1fsu8x,0,0.05803397670388222
0,666e1e141862a646afaa2b71fc7d2c25r1b4h,0,0.06220504269003868
0,2918b09c1ed9e9e8602f85175b266aeej5v6w,0,0.13291220366954803
0,124727083cd4159b40ff8d4b36a89340l6fga,0,0.0638507604598999
0,cd856579a7c4850b60d8763520339449x0mqg,0,0.06315043568611145
0,4679df74080bc22e29676bddc5bcbf51gsyds,0,0.056975822895765305
0,e3ea1d5464543a1ef3a9b60394fc4ab6i1jk3,0,0.05731051042675972
0,01a39439e7afbdcfe385eedbddb23d76zgdrg,0,0.05768442153930664
0,eebfd257525e52b67969ae9d8760afff12j3d,0,0.059150584042072296
0,3d8cccb637b990ec64d662d66ec059cfn1p3p,0,0.06190493330359459
0,f46cfa9acdb6a4c419c70c19be4ff9523uixs,0,0.05799965560436249
0,dfd5c9157a0a771f235c32f30aedbf84e2552,0,0.06273671239614487
0,62ac0de5f8776ca1d189297bdea9a64cmewb9,0,0.061325930058956146
0,28c9a5ea8aae9fb4f6a755f94cd922361v9ow,0,0.9190900921821594
0,b9080651d16e3d6d2d83e1c5debb55b0qpwbv,0,0.06487622857093811
0,c8d972b803b46212369cf1b480328dcehb9jl,0,0.06107595935463905
0,b64c209b3d1d91a663d134961af89125u0s9a,0,0.058100275695323944
0,ead2ec4563ba25a9e9d417f1964b7504teqtp,0,0.9335677027702332
0,28aa6c505e308e49e586e25e1897ed2axjiy0,0,0.059809740632772446
0,5850b68151cf0760e94acb39c4dfa02026k4u,0,0.061822157353162766
0,037d9f10da403d8d5f94b6e2957a3702f6x07,0,0.9085979461669922
0,f876e3be4038da62f49234ee498feb732gdcl,0,0.06330942362546921
0,585b938fd44968d0d59fcac453cfb3b8p8nti,0,0.9130107760429382
0,c08e5e3325e2f4fea171f24ca018e675we8kj,0,0.058100275695323944
0,cf456f3c8c409ec4060142acfdabb5bbqpx7q,0,0.06021736189723015
0,c69e65de28937ebe1b94e7785afd94158thqk,0,0.9267198443412781
0,29544507566320f1125d8e9f9a0ab3f2jswhk,0,0.8685624003410339
0,1680f758aecded6e25096b3a6199b38en6n73,0,0.05904523283243179
0,1b0534afb7c02bb023bd4767ae73f17dqzqdu,0,0.9143753051757812
0,fb5a19240e36ae12aaccc1e9d9231144l32hv,0,0.06280440837144852
0,27cc072f1432f7aec4b7e17cf2e473f2x3bjg,0,0.9490458965301514
0,ea6c07fbbfc3f0e549701b1e7b90c4d21zfjl,0,0.06487613916397095
0,3733f7ea492eef1f69f98593d2122c50xwcha,0,0.06311332434415817
0,7f4e84da8ed11f4ea3a2d276f49949b7o31us,0,0.05763335898518562
0,22401c4dc0cb1e5d52da01ebb8b2839cdoauo,0,0.05623963847756386
0,c18cfb38fe1c4c01705391422177265cn9w5x,0,0.0647907555103302
0,ca0c049b8c37c99ef93b6086e9947135onppq,0,0.05611569806933403
0,7fab82fa5eaea6a44eb743bc4bf356b3tarle,1,0.06492947787046432
0,dcac75b5ccc362a66e7f9112f033bdebchxq4,0,0.06031651049852371
0,65659f3fbf6207c570c4bb8ac64772e9umh95,0,0.06486963480710983
0,ca0331fc37db2b251a012376f7b987fcma2jw,0,0.9506338834762573
0,b42ef139c2dfbff8356e8886d2b109e06riso,0,0.059461649507284164
0,b970a53727b2bfaf02079779c846a52fj3f0q,0,0.06403712183237076
0,3995d9ce0cebd62d77cb8add067d93e15oezc,0,0.05881018191576004
0,2906a20e0b4f7ce840d051c4be898b66do6wh,0,0.9464660286903381
0,9b51afa3c3a736bdf93bd1f2a7b0a0903c34w,0,0.06084948033094406
0,6b9a3d480add21788772e118e6d51ed57e3w9,0,0.05926157534122467
0,30ef7862d69b3440ebf2726ee85a0b8397ta7,0,0.06080164387822151
0,8fe6da2176541d0ce24574dbb60f9107oq1kn,0,0.06193289905786514
0,2a5726bd00709641cc54a8ab5422cde3uchoe,0,0.0648769736289978
0,85371e59ea43c33c7e481ba3c214e893ail7f,0,0.059867825359106064
0,1c66f261724506bee45dd18a4d221bfeh1687,0,0.06276662647724152
0,fbca8e44d824faa1fa6b99325758ff19vi94a,0,0.06459396332502365
0,584d1d60d357a4ee1fd3b0a6a72de1dc4rodn,0,0.06514763832092285
0,0353aa9e97bd46119c90b8892f99982esfem3,0,0.06581681221723557
0,65d3cc1725c4506fe02be3e2b24435bbbd6qf,0,0.06489254534244537
0,b1bc9ff2b98df742affda07c5977c7345dpm5,0,0.05966997891664505
0,05c6b93bf8f083b2d0a03ffc0fc3524ba8fi5,0,0.06813742220401764
0,1bbfbd968c065ff5dabeffe311bc3ddeezbof,0,0.7837015986442566
0,e19f258fa5019e58974b562a8e1433ccluztk,0,0.7644147276878357
0,4703c8940eaa3f3bf5082ec2f155a8619i1yw,0,0.1107092946767807
0,c9fbbfcc89730e961499b4b30ffc4a98umxko,0,0.06221073493361473
0,a60101895443bfa5d4485b9c2c3e1b68t5ppq,0,0.05716728791594505
0,662b66b1227816c2f9017cadbc148381alne2,0,0.0612499862909317
0,d7c046d4328c139e76fea7c1833e8fe6fx4yz,0,0.06358489394187927
0,0318e0a173f7c65db40116b903884c854x258,0,0.9026862978935242
0,6767cffbe2c0957492aa451560655be3hjd6s,0,0.883825421333313
0,88bf2c0f5460e28deb5eca2ef8e5e809ol5ru,0,0.8807256817817688
0,d8ff621bc161b09d9192c445f4b3be7b8xow6,0,0.057758670300245285
0,05a07a27e235d01fe480ea6ac73b8838jq28x,0,0.05810388922691345
0,272a9183c10d9e80eda8ccaf6682db71203nk,0,0.06396537274122238
0,9c223f867c65938ce8623fc41bec08485xddt,0,0.059603843837976456
0,f211ff014ed43c9054916f97d6187108mpxr6,0,0.8762110471725464
0,bba40511c6e56070602e8dde4229ff923zbuq,0,0.060635991394519806
0,69b32dd82f265a04826106d17e2bac9ao9fu8,0,0.062179822474718094
0,4b3e6a8a52c413a32f76a6d7a84a54bb8gb0t,0,0.058100275695323944
0,676ad0665c9bf74329ddc1f70ea48c16stnux,0,0.05975557491183281
0,47d1dbfb67706772f8a44f50e5656602z04rc,0,0.05787995830178261
0,6b85d622dec4fff284d55895eba9969dqlhu9,0,0.06427480280399323
0,4d0d345f552877998f41ba3cd1ba299885vu5,0,0.058100275695323944
0,055eb52087e0080b8ebca74be4f823f5c819l,0,0.06436488032341003
0,b7e16fd4fd9ff04b7d741b70730b7b6b1aw84,0,0.5848432779312134
0,5f7767924aa92a8f01b44a7e09f00a4dgqk8e,0,0.061521563678979874
0,bc7722baf876d0735ddc885691eb687bgz365,0,0.06941405683755875
0,cc78aba7eb8293a1d70f083bd747fa1450906,0,0.06480838358402252
0,420e7aebb49d7ab3c04e109a98e152d7kquiz,0,0.06003980711102486
0,61a4da78a5aa5bebcb3e9818a46771766gtq7,0,0.913471519947052
0,ac94684646bc6f708dcf4566f41ec05es9v44,0,0.06468074023723602
0,8bf07d8631a2808f2c869e27afad2d41swgkd,1,0.9455137252807617
0,e2554dc14d54c3b7be85c59dbc1425f77qv4a,0,0.06488016247749329
0,f8c42ccd10c3fe515e53082f0cde9a18oxgws,0,0.8887649774551392
0,1717f6d4c48ae8d3e5f2566d4bb525f854j6d,0,0.05702943354845047
0,a9bfa54aef505d65ec488d8984c82a7bf0fjm,0,0.06750423461198807
0,f334d76f60cae7c67ab04b9e5cc49907hqsc4,0,0.06418009102344513
0,d38b2db568fb71174bf883554bea939ccts4m,0,0.06367845088243484
0,48044b1b1f47f168864bc7c4a58a65ecmt187,0,0.0586838461458683
0,4c2af41637c123c78074e46a22526298vol9h,0,0.06167015805840492
0,e2bda091a91082b774d59f2c5b8480ebbijs5,0,0.061066169291734695
0,f05dfdaa2f67b190f3a79a5a2d5daf9coikow,0,0.06488105654716492
0,4761b2fdb4ce610d1d8dd9ea50f478cf7et0f,0,0.06404264271259308
0,ae6758a627a111f6d6b530b0154c429566o4k,1,0.08595378696918488
0,183c4e44d09bc4ab990b957e765af311vlup7,0,0.0557575598359108
0,84d75f71a61667cd327367453b4c0d2frury9,0,0.06224751099944115
0,612d24dde60a1b42873ab7b50944c6dad3dcb,0,0.057561300694942474
0,313bb0007cbdd82f326d58c96847294c9hz4k,0,0.060175906866788864
0,c7ce5ac2fe5f03458fab59c78b19bf7c9wzf7,0,0.06404335796833038
0,a1922a9ee4f9f5d03fe11816c2cc3eb9ivcbp,0,0.061316341161727905
0,d1780c224460a0c20d5c2f5f68714c5264xd0,0,0.058100275695323944
0,f9ab998f3adb944a1cd1847a097fbc0bw61nf,0,0.05994969233870506
0,c41f5fb84d9f9e2456a5264c79919569vrhau,0,0.05864587053656578
0,b5a92183d20e5ca98da4065c874e0b9dezbhx,0,0.9515615701675415
0,0c5992f18244e24d2d7b4708a512378729eev,0,0.9301641583442688
0,0580f2e77b4c0dd3b5cda8a1641cb9fenmo0i,0,0.058023758232593536
0,dc9a7ebdb6fb8dd3267ac26dbe5a62b68e4vw,0,0.058100275695323944
0,147164a9fe8a6bce381a224e9f13207cc1mdg,0,0.06525100022554398
0,5920a92dc2b65e257061017a04eb5361tpa9b,1,0.9487816095352173
0,2d9579812895729581ce269ea17462197jxvy,1,0.9447417855262756
0,f19531503f1485a3014189a80971c6fb0d9fu,0,0.057032328099012375
0,8acae9b2e5454fbd92fd0b3d79fe89ad6w2wp,0,0.05865877866744995
0,5b1bc916ca111874eda3bbe669957cb1d3mck,0,0.058720529079437256
0,f73eb6e2e7a872f97c715ccdcddac77am8bq5,0,0.11589518189430237
0,b1c2e7ee5c69722df6233541ad5e784eutiv2,0,0.059287939220666885
0,3312b8e73417810a88be459d75fe9bc2xhd8v,0,0.058873388916254044
0,44c38c27b9de757c8c7c05cf07b7e3eb14qpt,0,0.0646294429898262
0,9ba7cbcf531c20ef7cc55a6da5c0654evwt1d,0,0.16735947132110596
0,61337802cac534b7e7711793039782d6f1yy9,0,0.05799000710248947
0,497b8beb19a7f674bc53acf7f5c7ec8cxv68x,0,0.05953124538064003
0,43553dd8b9370fbba5efa6b652d9b43ezsj11,0,0.05764545500278473
0,8cc03b92898255ce4b096454645599ae5zoc0,0,0.06094372272491455
0,aea096a392f55d95c3e45251931e9755a9t3o,0,0.8938506841659546
0,05ae7ea9549ae298bbbc8002b4229392e0ilf,0,0.06127655878663063
0,a5fb60c136b7e0a6d0d6e27cadb2a797225r6,0,0.06177666038274765
0,ee5afe7f268aaa88598545df890f4e5fzari6,0,0.05848430469632149
0,8ebc5b544d62622e45e1ee22a56265e0xwwsb,0,0.949996292591095
0,d9a813646e8fae954898c1279196f5493gqzc,0,0.05942964926362038
0,99ca795998fb781a42d85f1abeb50482yzffz,0,0.948637068271637
0,2fc0efdb6ff10d51e3a4d979ee52cf07p4068,0,0.1475694477558136
0,047558bebab9292a5d4c85d6ee768784j2hdd,0,0.9415345788002014
0,85499f83c5f1674c87d0fe77838c4da793u8y,0,0.059677306562662125
0,bfc7a0819397d910db7c24eaba1ed4c68dwiq,0,0.05913908779621124
0,693085cbb28f505f03b025dac8681a3bvfot8,0,0.06220623850822449
0,40829191b83242ef1f380f90876cdd74mrqe1,0,0.059389203786849976
0,309f446bdb138faeb18072285ccd9901gz80c,0,0.5821025371551514
0,4dbc8d336dbe0241c9bbb0f3630f25059yo43,0,0.06446570158004761
0,5bb3c3ff71ef6560c7600c512128ffc8js7py,0,0.06442013382911682
0,fe6ed3a12fbbf5da4980337564361710v2y21,0,0.7167580723762512
0,d26cca81c93b52ae3564aa6cdf33f5d5mkliw,0,0.05884183570742607
0,8e05310a342aec93aaec69a638e83a96aqyo7,1,0.8979781866073608
0,6e848149cabc4434155aacb610fb20de6vq5b,1,0.9270800948143005
0,3550d62e04bd3a1239eedbc29d9c970279b1v,0,0.056403305381536484
0,eb8f9ca4a23586f5acc770fff966f654dy7g0,0,0.06455749273300171
0,fec57d2db5692eb144a71aaa35a11b58delkw,0,0.061997052282094955
0,8bbb16c0a1bb808389051c875ebab1cea0v56,0,0.06007261946797371
0,74ae4f7b1692dc42622696303d9d4d763vksg,0,0.06100176274776459
0,83a24bbff5a4cf9d9fb10391102708f1oqpco,0,0.06219922751188278
0,8d638f6da12614d6b369249410c3d278n8qme,0,0.06447295099496841
0,aee383561c0019dc01552bfa5263af8etbuc7,0,0.12628671526908875
0,9d1506d6779356dda24ed87d41f3be39yn1rc,0,0.060594670474529266
0,01cda526658455000913950f20cf31a2q6nsf,0,0.05720581114292145
0,08981037e7a6c9032716ff25b15c9de25p63s,0,0.9443963170051575
0,d7b66d95bcfba06122dc6f7a3c605fd73239a,0,0.05708533152937889
0,28b4c35bd90c81ca959da328806469d493mvj,0,0.06498027592897415
0,4af5e2532224f9f7d1d039704573d9205jbkv,0,0.9310674667358398
0,292dedb5371b8e0ebbeea57f14b35713e2ie2,0,0.06447738409042358
0,4992da4511c3c1b4efed3e16c7d8dec65ilfj,0,0.05719604343175888
0,2b19566f190ff3b8a85884e03c64fb56ir8a8,0,0.06488142162561417
0,d3920630f4891b9ef1a8a199ce5c830aua4yi,0,0.06541967391967773
0,3a32eb1c6dcc818e0df4953e978f2e89ljhnf,0,0.06269803643226624
0,f9753e9fd6e25e0a1ae176ab95c31146iaqnv,0,0.058379288762807846
0,83aa7c2c8c018888d9ebc6daf63bddb6f2i0d,0,0.06028129532933235
0,17b41c48d6f53585c7bf3b65977eada0yxs8n,0,0.06115289777517319
0,e7cf764619380e5303089f04bf647f10thebb,0,0.05755951628088951
0,fbacab353140582a4b8ae3412eefecbc753vs,0,0.14775122702121735
0,1def3e23e479c9739abce6b3518013d39oejk,0,0.7710283994674683
0,f9378eb3e522beef7e6a4e1f275bbe0eaboro,0,0.058100275695323944
0,465c4f2ad08cc1e5f7a5e1e3ac75654ealh0g,0,0.05951210483908653
0,6e178db6d17d21aa88aaca5bf15c2761lc500,0,0.8136197924613953
0,ec3b2ff6f725e847f93285bc9d2b7b3dvcd4u,0,0.06221144273877144
0,649b364bc466208e559858f0677b421dbnalw,0,0.05689521133899689
0,af14436f293c40a9904d9f06a323215bf7zdr,0,0.06128101423382759
0,559bccfe60c7193963f09388fb681ea65k7dp,0,0.058239053934812546
0,6429ef4aebc7d1f4027b31a6e900d165nqvyz,0,0.05888482555747032
0,2137e2626c568af8e56bfb72fdd5b9e19qiyt,0,0.059572476893663406
0,b8d88a1167ab74ba64fd6d9c83308a6d4oa6v,0,0.0578434132039547
0,8cb96eaadc11cf4f914bad84518632e7czdyl,0,0.9510530829429626
0,f0fd9f1b3fc9ff10c2642b3bf81946e2rsq48,0,0.056524861603975296
0,8e0462410d727b34290fec10fd5661761yc8u,0,0.06284670531749725
0,c1d14f4355b7d3ef80f02628e5ef1d56u2510,0,0.06490788608789444
0,86e698821a8aada613bfca1356d8cb7dopnv8,0,0.058217789977788925
0,384ba7c5a8ccf55d174080d9ad7de9b8mfysi,0,0.08890406787395477
0,d8a4b49ed9ca241f025cdbd9637198fb71qmz,0,0.059439390897750854
0,6a97f70ba29a04e77eb3b137e157070dc2mqc,0,0.05905205383896828
0,5771ce26e8b0fcbe7e90106955638b251qj2w,0,0.06415851414203644
0,ba266f4898bf572447ad65856b362595yjt2a,0,0.06086556985974312
0,2daa71f0d138b8c2d61583d3b98a25e1mjp9c,0,0.0634734034538269
0,2b429b9235bab2877cd93ac6d9fbc2d7tzwre,0,0.9135599732398987
0,80d8e3bfc8a2ecbf22614befbdaacf5fo6o5o,0,0.0648687481880188
0,5b0665172160ea4015e79dfbcfa7ed86oe0mc,0,0.9372555613517761
0,1e13eba969b6b953688c9e945544ac4741ilj,0,0.05913243070244789
0,9f280cd011f10593dc245dad1d93b11dy6rg5,0,0.060505568981170654
0,69d8fbf99586bfaac64d31f82b9bee27wltkd,0,0.06040039658546448
0,3e9180fdf158409adc96aceffab6e00bejjah,0,0.06002432480454445
0,0825d381aa09d1d0c47c77c372f07acbe02ky,0,0.0571913905441761
0,461c1d143120270fff5ebc1b91934951378ud,0,0.06487762928009033
0,1d69e006699adba0c79ab06f2f622445nuu63,0,0.059883587062358856
0,47183c1427a3cee97ff9bd167844e65d9dzi2,0,0.05704376474022865
0,8f086b809805064f3c4a5dd48327c0f51yplz,1,0.11760968714952469
0,a447127835855849fa2ee496d05e0847fgt68,0,0.9104474782943726
0,5ccc30558d4c218cbb4d36872fb82a03rjxgz,0,0.06249362230300903
0,3318a824cfbd3d3d177ab7e9520b21cbsrcgr,0,0.058377835899591446
0,78c82f2e8764bc8001354128f9265efcqrthe,0,0.0608074888586998
0,7a3378ad9999b1fde0a4562a9b036f038cdal,0,0.058100275695323944
0,5bd35d55d367d7a21d98bf6a19fc0dc1e5j9p,0,0.05953259766101837
0,a0d080012ab98513e39234e4545e93be17tt5,0,0.0636049136519432
0,4b32495335dd238db6285f7c6bbe051fv1qoe,0,0.058869533240795135
0,121578435bf4136746cd2a80f1990e07cv1px,0,0.1253589391708374
0,7d44df0d40982a6651a06cf533ef5dddtppag,0,0.7435110211372375
0,6a31ec9cbfe23a9398e80403859f0402cg4ql,0,0.06020737066864967
0,1ccc69e376c95da9bd569a5d1a176874ivojs,0,0.05798092484474182
0,c58ffa073b3b3deb4e993ee5dd05347cmvfur,0,0.05833295360207558
0,100d406b638e84e2da7c31b03100b874qiay2,0,0.06606829911470413
0,3e995d6f9dda5f29c02af4c9fcb94bac0csrw,0,0.864454448223114
0,e932ef68638c37220f4c2c386cf54578x4hpn,0,0.059929825365543365
0,65996114740a63c9e0fde74bfb6725b1k9nuz,0,0.059265006333589554
0,bdeb5eed17a812d2c47176e30b8553ae2k06g,0,0.06392349302768707
0,a0420d3961adf890fccf4b43899708f6h40zs,0,0.06528599560260773
0,7c0add0ef85bb5194e95ceaea737f90fyv13c,0,0.061677176505327225
0,9197b6590c6dceabd88ec93157fcc31fgb8a4,0,0.05605757609009743
0,57c4421263d37c2cd2573cd7245a7a80h0mjf,0,0.10030309110879898
0,baff2ce04381eb1bc4747d557bf52208vqmby,0,0.05688957870006561
0,cd9a7b22d85c35845260cd61a4b65cb2meyel,0,0.06063339486718178
0,7188dec1b560385b0826f78e7608fdfeai9fm,0,0.9469183683395386
0,36473d4c641c4c09c20c80e2ab35a36dwzp5d,0,0.0604703314602375
0,4579226b86f3ca5b5ea1597efabae4c42j4rw,0,0.06128214672207832
0,4cd52ae88da3e30dbe01da5048151c98p4f0v,0,0.9534784555435181
0,0d9f78a6084bf15f42210bfeba95621255c89,0,0.061585742980241776
0,c34e1a988fb471e9eb8a5e84bb8ddf90k4hng,0,0.9350776672363281
0,ca28bff4ab1f6e74bf08b92e16989e11vn2mf,0,0.05698621645569801
0,6c0030ed696c4156b6ea3472374f6b54s4ih4,0,0.16813348233699799
0,a961ba95d1685705953ace49a29424e2ld1ek,0,0.07476235926151276
0,f725c5b4cece8353da7a636fcba0ecb5yxshd,0,0.7692273855209351
0,c16a9bdd369ed3ec2891c46e64017560fbx69,0,0.060605570673942566
0,a027780df5d0312919d41edfd4947f27odx7t,0,0.5359516143798828
0,2cbc26f228e0556f268e0dc1bd9ac0a5lzdfh,0,0.3202381134033203
0,2e33b1ee8a9d4a5cc5f886ca455e8f86kxu5r,0,0.05775507539510727
0,7b22c9a323baf4a7bc7a3761e4a30bfajixmt,0,0.056794531643390656
0,e578807073c57556ce334044382a9b98iaz6o,0,0.06512217968702316
0,f430aac3f0f7f88a9b504bbb71322d54mct7s,0,0.06450675427913666
0,74487d5ffd5c34de4fecaf9dcb66f86b0wwa2,0,0.11448510736227036
0,2012c722a90bc47f1abbc8319d0cea51p7l5b,0,0.06157801300287247
0,2234754e09ba15519d0104c405326fc4igk0s,0,0.0847395658493042
0,96982cc1eefd6f526b512755151227c3h2w3l,0,0.05722576007246971
0,10f01aff2fc23653ca7ea1d74248357a889wv,0,0.05936814844608307
0,6d501ebf066c0331853f1bee9754e781obu7z,0,0.06522276252508163
0,f5ab013f90cb8890d33c6a309798204155q15,0,0.060424622148275375
0,37bf6f23b628a3e2b5b22ba81beccbef0efoh,0,0.8877153992652893
0,fa6bfb4a2156dc8e73a713cdab85bc4bmcmwr,0,0.06491066515445709
0,7eb7b2f6a914afba5c3d207dc28a93aed9pnc,0,0.0614883154630661
0,031da7aea2d4b75ac8ecba4825bc1318yki1d,0,0.06301883608102798
0,bb43fc12fbb0fd2b2536e4033ababf59exffy,0,0.059526994824409485
0,466ebf78d7326a38db1e19fdc1c70e9b1qu0z,0,0.060962650924921036
0,9be39ea5a0612fae7bc43a25a6d10856l3qaj,1,0.09963319450616837
0,340d7ea497f16bdb912ec5c6ce467f71kk7hy,1,0.9172543287277222
0,437c191e614776c1535305f602ea9033sdfmf,0,0.061178434640169144
0,5c5dbe70c2cb05d208c22d204146e1e9f3lvq,0,0.12416166067123413
0,cf1f2b6f29840e1ecbb31d18fb128c38bseas,0,0.953681230545044
0,f0e1c483773c2ef8466d152874872139e0wcu,0,0.058329157531261444
0,faaa98763b59ed5f02836d4bd682035bfhujq,0,0.06123616546392441
0,20fcf71ad6fbd43f6f5fe493a6bc3ecfextqf,0,0.06022157520055771
0,862eef3a75e1351593b54975cd8ae1b3swcxw,0,0.20059077441692352
0,35a02f50226eeda275b29a09acef2177k95eb,0,0.061373282223939896
0,6ab75792932fb1ea6fc74a18edb7888c2orvk,0,0.058888714760541916
0,936a335eab4643c3529968a4d9b0c380esi7q,0,0.05873649939894676
0,603d769a86a359a0d41118b47c0ab41fx7kz5,0,0.06156250834465027
0,6affd6d2976aa7c48dac70612fc8e31ddo7j5,1,0.9528447389602661
0,19b39b852ed4abf1ba5b095829e25b946aed1,1,0.9522660970687866
0,a6f994251abda6687ada2e9de52bddb5cisa7,0,0.06409107893705368
0,8473148f069a890b7323fe8316861a71qoxv1,0,0.05810980126261711
0,4985bdbf8710c33fd7c9d4771db7c690mcbyr,0,0.06462462991476059
0,fae553f133602fba6e9e6051dfb27fefkruax,1,0.9134971499443054
0,db12e9cad5e847cd7a40ec1ee649e475iwzqo,0,0.058100275695323944
0,197e90906939267ace2422e78e8e83889znqp,0,0.9346833229064941
0,31c840378b5c2e4469fd2e7f5a1e5a7d92k7u,0,0.05949366092681885
0,874f882f7efff96263e9b555415aac36dsxry,0,0.059096984565258026
0,ef415b2bbbb81ed33cec7242678975d5m5qk6,0,0.05744645372033119
0,b0014101fe1b510ea150c149145dbced3q3md,0,0.06367408484220505
0,c8b23d6565e11d874e221f41440ffd25mrucd,0,0.07019075006246567
0,f75a0f726d764514f612ee8cd8f65adegt02s,0,0.9008937478065491
0,cbe8d224a38ccff930674361b502e7beyuf1k,0,0.06264006346464157
0,3714da7069a5205137cacf89ab3a136ffx2u2,1,0.9220379590988159
0,c616385a2762ecfd8e4ea16d8a1f2596qw07a,0,0.0585009790956974
0,1ea558fc18eb1b3ed7759a3aed7662d3p77wq,0,0.06452016532421112
0,8ab98c1e6cbfb902af4e02050a886396a40bg,0,0.06132669001817703
0,da950a556200395a82e23e3bbfe1abb6xs258,0,0.05861339718103409
0,13c4c826516304555e291d3d91c108b3ytpmj,0,0.05719459056854248
0,fdf908d608a629d5ebde14819231878dojel8,0,0.06105839088559151
0,bc3d08ad6ac94b8b5ce40a29b59899cakj3p5,0,0.5257506966590881
0,e56f611f1157381f4b689ab34b574e791qhcn,1,0.8966953158378601
0,2dc309478d30d440e75c932b1f13a8fai2p2e,0,0.05759506672620773
0,76f17ce227e593aeff456fed46e36c83a3j72,0,0.7528735995292664
0,af33d5277890ef0b5f55fbbf400441c9hdehk,0,0.05760461464524269
0,6bdb40330295fb3abd4647808c319d29pb29n,1,0.9390484690666199
0,429b876aa7e2d6741ddf322685363ccchue2v,0,0.05893557146191597
0,036a4050a5dd65e70f0f613ec2e38a74re026,0,0.06467317044734955
0,0918eedd8324da06abe5600f058480dc75nfo,0,0.0593298114836216
0,0f3ee77a46dd5a09ad20b7c3e54ec614sbpvb,1,0.1250736266374588
0,70739399d69a3b7ea9e72742dc728742zp9uf,0,0.06492186337709427
0,470727c18798cf0e0ecc2a0dca207cafuena7,0,0.06489772349596024
0,ec96b5b27dc870c8f59ef11b7371b06eenaox,0,0.05724603682756424
0,91b8febfd1f556c06838992814e7653cr119e,0,0.05933896452188492
0,cf06ff5f520b14d1f9f1cf5a7ff34982bj4md,0,0.06315610557794571
0,53856dce9187b16f2cf5e4e58f5d0397h7tz6,0,0.06476417928934097
0,a6230fdfd4879433e36a76d53440f426c7a7a,0,0.061706479638814926
0,c843f90bae7231af13dd0e064a469704drz2x,0,0.057737018913030624
0,13812c0d2c8c474bd62481d932407687o26kg,0,0.0565631166100502
0,283987b9f1ffd4514757483ee1f01351xd678,0,0.08119181543588638
0,3dbb502d9d6f89b26f62cc804df54dcandhp0,0,0.15653814375400543
0,5c32e357936f8977277d9b23d8f09f34v41wt,0,0.059110842645168304
0,da00b16633eb706fb11d55868120cdd9so58j,0,0.6943358182907104
0,c910efe1f135b08acc32b2db162362033olvv,0,0.05801508575677872
0,04636b6c61c80f5325efe61183e8edb01ko20,0,0.06106015294790268
0,24db47d284a08aaf119eb3e0c45eb646i46j5,0,0.06029210984706879
0,2f9ea407ba48ae05f98fdf634995d936xefau,0,0.9285416603088379
0,35f822bee4f85d98d5b1b23c65681974ywyuv,0,0.06013794243335724
0,abf6c2cd31be1630f5a7a1219935011c3rkqt,0,0.05715086683630943
0,7ba17b1eb362ef91a99a6f021b3f2b63uyo76,0,0.06433994323015213
0,c36fad0b52a6be6ec32cc5530c0a2aednea6k,0,0.5989724397659302
0,bbf1dcd2f0100fa90e4a8544b90e35846p5y0,0,0.06299760192632675
0,e60b306c01cf0c0be5c7d54facf927044g5d2,0,0.06386136263608932
0,f416aeaaafcbb66aabb77347776db008qw96o,0,0.9265357255935669
0,f4d69870de1e803fe00f8126e73a7e33zwcds,0,0.0668463408946991
0,b28e6a39ef0cdda29c5e350e048c3a813idk1,0,0.06488680839538574
0,75613637a85df9328b743d33b0efbf1586qow,0,0.0585760734975338
0,01f498a0992d280de63ec346692efb2blckg2,0,0.06550862640142441
0,f1e57f96a91c185a7ea716c2481cabecpi3ia,0,0.060197558254003525
0,964028ac24d4ca16c4b63f64b06df1c8ltrrl,0,0.14104719460010529
0,7505bfc1ca67a5ae14e329b46a88ab869ms9g,1,0.9241455793380737
0,14c69cd7fbc8300876f287520c493fc8xe2o6,0,0.07088708132505417
0,c888cda1ef5931da0db90f6803cd0d368ay6r,0,0.0621994212269783
0,7bb58b7875a093cbe7c5d487a825b730mjcw8,1,0.9508250951766968
0,b4210edd4ec9bf872c7108fdb3c6aae9cjwz7,0,0.05876544862985611
0,4fcdd880c4e1a1767c4d26f74bb3466f11osj,0,0.058100275695323944
0,771f6754997a1954eced81d46348b4762k475,0,0.7803192734718323
0,6da04647ce16d0f00051dfeaa94d3313ox30y,0,0.057906173169612885
0,f7b25abd850df9b0e0b305c6810e1ec3qbtaf,0,0.05786785110831261
0,cdf1fdd424a11dde166c4bf069d6998eph7b1,0,0.9240084290504456
0,d154075c75cbb3f4b716a16c88eedd774i8s0,0,0.056093037128448486
0,7d063aa96e7a065ed5ff9deb7c851bddhrxdj,0,0.05710281431674957
0,fdd6944b3c3caaa7d1234ecfc11f8d080h90x,0,0.05891243740916252
0,4c93ba564461b1412df6f033c8ef71e8ck438,0,0.14421606063842773
0,205a011640002932a7bedbb93d81b68b8m93b,0,0.06122952699661255
0,61e4b6ad0fc268d42c330ec99fd8c939yb7t1,0,0.9391342401504517
0,b08034d2d4fa400b457d4a59a2482e8enfhqw,0,0.05693114921450615
0,8b253bd318229b3eea3f459bd81b8347khytb,0,0.9499365091323853
0,c17c63af831939f5e2fd12f65821db65umonm,0,0.9513731598854065
0,f0c034c46dfb78d2e9e67fd4fa1688fa6mv8k,0,0.062738798558712
0,3d575194dae5a2e2966abdf84d800a3bgbsd8,0,0.06400072574615479
0,d1200a75b6c05584f4f902e74d3dead76cj15,0,0.06077263876795769
0,4070f6ad5da385ba11cc99183817eb20h69v1,0,0.06006018444895744
0,f6485cac867e1e7d2d991838551b4c4bfnarv,0,0.05772010609507561
1,4ab12bc61c82ddd9c2d65e60555808acqgos1,0,0.04897324740886688
1,88ae7a35e374a6fddd079ebb28c822eeohwse,0,0.05035575479269028
1,57db69e32163f3e486dc6ef7d615aa12usje6,0,0.06577463448047638
1,d91a4421996dcf429f575e372915cdcedae6g,0,0.29025450348854065
1,5354c02817e47f28e60e44a40ca5e48dll4sz,1,0.7580799460411072
1,eaaae0fb54c7d36724a9679c3128d5a7gn4k5,0,0.43155670166015625
1,95fede5853bfffda8f50f6af494ff1d1hsgie,0,0.06827712059020996
1,d36857d18a397e7e24d05dcbef3b919ftjstv,0,0.05672993138432503
1,29cc13d48af9832e0eb481c8a095fec7mom74,0,0.0633556991815567
1,c0e1ecd40b81bda3b7dcec501334499dgzq17,0,0.06753949820995331
1,e3ccc9bd16fa1f4a92fe87b4a54e5e72uficw,0,0.8639850616455078
1,a3c2ba79963b637f15086e6255a46253lwpnb,0,0.06193016096949577
1,09d71d3e6a6871a7598dc2764c5bb4ffkz6mc,0,0.05847795307636261
1,8e1f8e5907b3cc256a2a57ae9ac81e063gbz4,0,0.06682982295751572
1,f769b9f92260ecf046efd05bf9ab6822j7c02,0,0.05505646765232086
1,1e342381f2c64318a51a9b71d91897f8dv9ul,0,0.5066918134689331
1,001068c415025a009fee375a12cff4fcnht8y,0,0.0678040161728859
1,d9c6b6d7290e4475bcd6d264fb33a706fqtvc,0,0.07193400710821152
1,9ded76c5244a2116a3b5432fa265a800j0bvt,0,0.06047268211841583
1,827da66b68b225547050c11df16f845618ptk,0,0.06688327342271805
1,ff58ffde976a4899dcd89597a7877e18lntgz,0,0.08793116360902786
1,758bd601d6700494300ec1647682eb34vq1zp,0,0.0643487423658371
1,461dc3d03d1e28d52770a4d3dc7db34558fcg,0,0.04875501990318298
1,915ccac760c7359a446100fd1a54bbf6oyrzf,0,0.07719597220420837
1,60b8145bcfed7a5f2a23b596a8aff99cdzn4m,0,0.05261668190360069
1,75c4518eba20c9299a3a836d9905c327w6j8b,0,0.06697377562522888
1,226017dcd6506ce20886540ff734210d8hib1,0,0.06219322234392166
1,5960fc711b544e2617d0f76360b69e2afds2b,0,0.06695801764726639
1,ae94687eaad6b410713db9106c42566axgn9n,0,0.06190309301018715
1,8c2bdb9dd878a811701838002627a056be0ce,0,0.8995829224586487
1,36b84c776aea2e008180dbc72393ed750zsbr,0,0.06706547737121582
1,8d43ad48f315364be4d979d2e9d5ee67quqyi,0,0.05462874844670296
1,7264bde42ef4fe3fa19cc7c6d64696cf7pqtd,0,0.8907148241996765
1,f90f13ddfc0f98cbe3c2346a2e30093cq6zo0,0,0.06480079144239426
1,19353c42feb91a216885fe012efdfb11s2iu8,0,0.06466809660196304
1,fdd836950d203286832a21b930b9f6b58ch7s,0,0.12268184870481491
1,3be127c56b2de21dfcf2836f20afe249hqkxy,0,0.061170805245637894
1,8126928a319468b6da5edce4097d2398xwita,0,0.053924962878227234
1,85155ae64ccbde01b48fbf4b3f1b739exmqyu,0,0.05994711443781853
1,de9f5df5962dc171c7d82ab503c36dbfwicon,0,0.05451969429850578
1,a94c16f8a98e493e2b4390b1975e690dv8cmu,0,0.06748320162296295
1,2515c5fd81638d5d0bca39a2b2be3995tante,0,0.050827253609895706
1,c48fd9c589f273945bad5f0cea5993ba2fet4,0,0.957241415977478
1,1880a778c9dd0cb15ca1f052308a8e04g7e35,0,0.0660453513264656
1,5948bcd0f773286ff7d5cde332c7ae6918jt6,0,0.053239207714796066
1,08515611e73803dc6d8c562b8514dfb5qi3z9,0,0.05054806172847748
1,99bcfc00be736e03facf0afeb79ac533cs7tp,0,0.04929725080728531
1,ac494ae5acf003f84ba46f5741618a8dn19qi,0,0.06681275367736816
1,ea57e35acda9a8f8b75f4d9bc049f74d7qx3t,0,0.05223092809319496
1,408f81a85f3b31f8cabedf6ccd381961pop72,0,0.0664295181632042
1,4376fc192e83a1a5d7a83085369916e8rr035,0,0.06483130156993866
1,a2d0b7ec1595325cc63777f106e09fcd88y5g,0,0.06769321858882904
1,ea5948061b2059bcbd900d3ae7e86e428ae8g,0,0.049954574555158615
1,17c87408ee1009887112745797caeb7fwvqfc,0,0.06232675537467003
1,ee052a24cd3164af9d08fe77bd6b79dfrbelk,0,0.054631058126688004
1,205c519be884c5b1c885f61c4ba8738a737qg,0,0.9476269483566284
1,d2138bce99f535c244dab68652ccfa2enshxk,0,0.05776643007993698
1,97b002c9936e63a1fb9994a67615e84fft019,0,0.051829155534505844
1,76a8a9566e21595a1ac06cc0050626c1q7a83,0,0.06298137456178665
1,26190fcf0babdbe0b0d903f325c52873tpj7e,0,0.06746939569711685
1,f0f21cd3d51b7a233988cb1c3c5df977zjqkj,0,0.06272757053375244
1,791031a63c9e2b4835caa9a4cc1768baias2l,0,0.06301664561033249
1,055282b75717345ba6f53d40e9e6d6c56qrzp,0,0.07788039743900299
1,e22528ef6a439aff5a8b19f8c9b07c19fyzs6,0,0.05023718625307083
1,d3c80e9f6b8e1d774679fd8dd5aae611e3qls,0,0.06384225189685822
1,334714f005e994d46cf4d18093dd4d05fyxc8,1,0.9538072347640991
1,300bb4c9816a7064b106c9c6cec2f51ei13n5,0,0.059789713472127914
1,340bc29eeeb9b9d04eb1fb72a1a9a2444brgk,0,0.06119865924119949
1,e03311c7620a8098b7a177a5f1ad213ernao3,0,0.05985578894615173
1,01eb9dcbd0b3e79d94020d13d83a993ec9d2a,0,0.06732001155614853
1,c9056fc0cade75299ed4438567a87d6ek44pt,0,0.06412205100059509
1,74f153bd134afc92866a6bc5cceb2088120y0,0,0.05776643007993698
1,74866aaa89db79f25dc0fae8be067b83xlbm6,0,0.06393036246299744
1,6a5457f1038c6e1cf9feb57529ce07b2sff4d,0,0.06373109668493271
1,c755d2832026bc2a6f5d2d6df5740f06mr3nj,0,0.06458783894777298
1,7f86c3c417ae1db5bea10bf9d0a7827ct3ni4,0,0.9269431829452515
1,cba6f45915ebbd4b5404c6d357153c0adeblt,0,0.051127731800079346
1,ca391c857d7aa75a72e2d7c3133e0d6ay9pil,0,0.06727557629346848
1,dc752fa41d974bf688d25ea9d18e9a2eit904,0,0.05787395313382149
1,f2bf8c94172c4d71076e151cb4e136007iiur,0,0.06586518883705139
1,dcd54d7afa6820e3f00e1c9e83aecc7b4f3lw,0,0.5026119947433472
1,79c18f0460f9bd86bcfb25da96d91490jfuxv,0,0.06568829715251923
1,f18d2ebbd5e48ef4f1ee412339d6ed7adr9qi,0,0.06498626619577408
1,0d0d43ac593a891ce100d8202d3d72c3xsma8,0,0.06176747381687164
1,9819825acfa7e20c47a78bda5e76b195jh0gd,0,0.9540421366691589
1,b232fdca7cb98028e8945005f619fb28p8788,0,0.066959448158741
1,db80f065a93cc6b41d12af614bc3ec11kpwjp,0,0.06722211092710495
1,7029915a2c5aa5d964acfd85c30c3950b4opr,0,0.06632282584905624
1,295fbc4ef00fe0cea7947811e78bb8aez9ti2,0,0.06702590733766556
1,11b1859aaf7fa93818baa76007cf7207d8uwy,0,0.0675368681550026
1,57e1892d3d62d87c9ba5e8425a1958c0fn11u,0,0.06747934222221375
1,67083f257438b1b79cb09cfa601890855of77,0,0.06525082886219025
1,db5e9f85e7d180f7d952f12e5dae5900q9xif,0,0.06330285221338272
1,e24542c1bd46a4a0f98b0fa95d8fc40brecdx,1,0.9540765285491943
1,39f9dad880d32ee607af7571ec24807bn1g2d,0,0.04804408550262451
1,37921a9d842612b3b0281f7098d0002539xrj,0,0.06491586565971375
1,c6f07c222aa3a9d35b0e01f8959ffd21oownr,0,0.06539265066385269
1,86b6207b5e87d58ae307bdc1545a101akz0ew,0,0.06600635498762131
1,4c2699de8bc9516b09c5e5c8bae6d6c6xiry9,0,0.0628015473484993
1,d8d90875fbcf94c3b4c5c00479cbed6e1mqrl,0,0.05764751508831978
1,cafa845bd657b17eaa82940d4767d9dfe9uxg,0,0.06761033833026886
1,9211adb9cc770c78a70b55441acd146bfxnz2,0,0.06068577989935875
1,45927dd51fb4301c459ab96d48f64752q0o9e,0,0.06478039175271988
1,7f603f668968facebb0567015ad4c201kikrh,0,0.06670967489480972
1,ff566c87f2babf3dcd67be286e1c6666cxzh1,0,0.0655042827129364
1,56cfe8b0d574e1df3f823c2cf32226eff52uw,0,0.06543703377246857
1,b6a7b5bba132a90e7c7cb350d2bfa52d7sion,0,0.9538156390190125
1,a664b6b42fd48403fbd34800063fa50bz6k4m,1,0.8951603174209595
1,84bd02dc56fb7c3402426ef7e8e166e2ptwo6,0,0.06828270107507706
1,29b8af2fea3881ef61911612372dac41vczqv,0,0.0682755559682846
1,c1434e440370882ecf00ac52140f7adbuy1e9,0,0.05733327195048332
1,8bf04b0a219c7834b25057c0220b4d0dhwdsg,0,0.06639731675386429
1,9393cc68d0357d7b200a94fdf93ee3cf7xg5l,0,0.06028176471590996
1,45c3a73b88760d4390f42ea4fae97d84la5wh,0,0.06453292816877365
1,82194e7d8f9b84e71b789e763b5c3263r6d98,0,0.05622841417789459
1,2794512e8edad5f99d28c33c7560fccb9zl8i,0,0.06719481945037842
1,40ef6a4a0c99b478fee1c93f4105b9d9mh9iv,0,0.0677298828959465
1,b725a638efd8d51f66ae2f22ce1df678p9es7,0,0.06724613904953003
1,8cba56e5e7c2be942ea8472b73f0842fil1x0,0,0.0613267607986927
1,0853bead89b03dd38a04d84f4312da7dukglz,0,0.06538182497024536
1,cb9a75312b809291306c6213ed5dc67dw31qz,0,0.5131959915161133
1,86091a1e6c99358936979baf67d54457x1dzy,0,0.057551171630620956
1,8720f071e045d4cec9d707c583a3d64avjyyy,0,0.0486372709274292
1,6db047b1bdd342c09ecf9f5eecccaa4fy5l0q,0,0.5243061780929565
1,e0a87bc26e13c599894d7a5103fdca786tfat,0,0.06749671697616577
1,b9743f78108aefe3995e1c2291b5f3278cgpk,0,0.057078517973423004
1,7daf0e51b276c6ab5bd2ccf520dae106graj8,0,0.06645551323890686
1,b071545f5ad73150880c42e780d951bdzvxn7,0,0.08768275380134583
1,1dead8a9cc54fdcf7a7c16dc6e06a3bbusgcu,0,0.04993260279297829
1,de8943f2b113702c98ef695888b7d0c6my29p,0,0.0669701099395752
1,2d113999234e06201c0940286d405453wqjsw,0,0.07423561066389084
1,429f301119adc32d35541dd4d60903563s7nr,0,0.05986865982413292
1,54e279a4e162af7fc55d640aa62d0cbc9hxil,0,0.16068728268146515
1,34cc283e180fcd4902ef8758714c6d83th4nf,0,0.067009836435318
1,9af8e7dbdc3c620c8144d736242b3bd2fdbpx,0,0.05473620444536209
1,73d4cec0ad358d272d757e0fce8440d01fvw8,0,0.0671001598238945
1,fba0c76970a464cfa9c043c906442f0eg53a2,0,0.0674666315317154
1,84a773b3c9d300834d9d57af5dc83091y54cx,0,0.06557337939739227
1,a6ec153fc7002cfd929b9f7199914cf75upgt,1,0.11204003542661667
1,655b88e646b94d0adb9e15e9f3b9c9a4lvcrz,0,0.05554240569472313
1,03a1e81cb7bcd15014489a6f752c9d5b7pvel,0,0.06374071538448334
1,33189c09ca7067834fd25a54920f82d4nd7a4,1,0.9594399333000183
1,557f06b312e040ed3cd7dd2a011cb83avyut1,0,0.08660339564085007
1,3128932859bba46f57cdd19579c42e05lif6h,0,0.058355022221803665
1,ef905e4d866c43dbc345751e7fabe5a568kjs,0,0.06696492433547974
1,18b5e850a1c10e681cb5fae0704a699018x6f,0,0.06704968959093094
1,1cf0d30e0bf9f4a536b1fe16ecc26cd22j50c,0,0.06803950667381287
1,02030ec48b7179a7fd9950fdf546e3feekkye,0,0.061994485557079315
1,49c3957287d24e69713e4355933b74baoijix,0,0.06461628526449203
1,59fe751fb6c277016b7ebe3609aa1b15vhg7w,0,0.05776643007993698
1,3e85a43950c71b1988a814682abd4392yakvp,0,0.23426316678524017
1,f0567f6d45c0f83b9874681fe8dfe0ba6hjlf,0,0.07581333070993423
1,a4734769962126673e975a627e930b5fgc79n,0,0.06195753440260887
1,39802378690e7d0c61d294f5898852b96hsfh,0,0.06701311469078064
1,ed5fc53d096bcf1b86c30128040e775334ut0,0,0.0934372991323471
1,58c3300ea9095cf5e59e27abf2a905ce7tl6p,0,0.0671192929148674
1,25b58d1533e04571bbc674dab28973f8hha3w,0,0.06180473789572716
1,173991472d4ee18932f8514b9d4a9dba7rjqa,0,0.06508927792310715
1,4922d20e07d04601e8724be5e9f9576blyccu,0,0.06697332859039307
1,06b2d71c26ef3b6e29277f761cd0db90wuwjo,0,0.06750188022851944
1,45fe4f0fb849e7195a1efd5495d1285f2culj,0,0.06486279517412186
1,14bcf558addd6e6f2818ab2bda7dc679jqoon,0,0.0626680850982666
1,5830a96593aff3e951919578f7374f09pqyc0,1,0.9528571963310242
1,0af208c4fc46ef9236052ff495016326zxoqf,0,0.06565539538860321
1,9db7471a12cc3b8fa3cba86bc00abde2t2wz5,0,0.05898117274045944
1,8251041848182e6468c8119905a177dekmshg,0,0.06944048404693604
1,c8d3fc73c1a41bf92a5e4982eb6cf78du8gg5,0,0.06497965008020401
1,6a1d4042a5f3a3f34f5b3ea753ecce30l0qj1,0,0.058501336723566055
1,42f754cb72e01c08005598e1f9383341fn7xh,0,0.053654253482818604
1,f019bd7ec140624144c4a9b40c42bec9jok79,0,0.05374031141400337
1,511a640e38bf03022300f5503cceb2cd3f361,0,0.0544435940682888
1,d3ab33e9314c95d6806813171f292299tmprm,0,0.06696662306785583
1,1ef47d501d4b36498b51e184b1027981xu89r,0,0.06630390137434006
1,a15766d8d3d231f862996eb3ec33559735a3d,0,0.06580130755901337
1,cd35a3230456d4a245806e476c63e9a1evu7i,0,0.06774560362100601
1,5dd3494b46f39f8c8783c25527b64dd8hp8ti,0,0.06762249022722244
1,0bf6e0e5184b3599bbb4ba1fb3a43549ije34,0,0.06720361858606339
1,3ef757c3d6a272681c69bbd7e071b705yzt8t,0,0.06742101907730103
1,42025aabb56a61f3bea90d27b283b517dyk4t,0,0.0675063505768776
1,67616fd2a1de5c46e32041354efa88ceahbhq,0,0.9470778703689575
1,3ee7de4c5a5e31b7b407827ae1370f70suenu,0,0.06692817062139511
1,39a5a16e5a67c2fb51789cea4d3091f0mv996,0,0.04960620775818825
1,eec2ea9d9b292a343f8ee566ba252baapagwb,0,0.06557590514421463
1,95efb775460080c0da57e154f27876d75xnsx,0,0.06514498591423035
1,d092609f5140c62ec64ddd7615c25792qgdrd,0,0.05985541269183159
1,fb81da0790d821a22617d748d0226540ylrj6,0,0.14112061262130737
1,1afac423a94778ddf9b6c1dc0df7105cgp1tp,0,0.06609872728586197
1,f12120e467869d3d5dbf7c7d0566a8e7bmmhk,0,0.06361157447099686
1,497ef6187e03fd9d4387ac436461a40f982dq,0,0.054827846586704254
1,36f52ad1abfd307b73c9b69cd5197dddmmxgr,0,0.05579951032996178
1,a13da89a3a54ac9b4ced156542afca5ddyumw,0,0.06765754520893097
1,c2f592fbdc8980229367e1db4d0f7a51my54g,0,0.054951973259449005
1,1c950af57581698616bd9923cc94fef25n5wh,0,0.06608961522579193
1,c963c2dcbeeb0b7051bd3a6a87483ce6i98xx,0,0.05959725379943848
1,24108e769a15b155bd2d63c58368ae5946zhs,0,0.0644555538892746
1,cb557e4675bf4f36f93ef5599adff545nz370,0,0.07300139963626862
1,332484ddd66b9a3db89ee68f08b1288amq90u,0,0.055630721151828766
1,f5edfebe95b4f637d1bcceb892b73dc7rhn7l,0,0.09635370969772339
1,ed5ee107143980558fae26c1b5c7b81a82spj,0,0.05406809598207474
1,519c0f3b989c8e1781e0910f685980ce15wzr,0,0.06735845655202866
1,37702159c6cd2c1a21cf66600e96cdc6rdbff,0,0.06746713072061539
1,8644c9765c64da22776cd67eefe0f498u3aaz,0,0.06541083753108978
1,6ed39d7c89fa2d423017cc9811f0c469i2157,0,0.05508045107126236
1,c08ae3075278ed0d139f00ead52ac2b0oy8nw,0,0.0643593966960907
1,00a0517965f18610417ee784a05f494d4dw6e,0,0.054024044424295425
1,49eaad86d095aa5af75ce34e59e4b7f1mmf9q,0,0.06387203931808472
1,ed4802c318a7e04a5703ed115fe4f3a3kkugq,0,0.053686369210481644
1,b1e106943db37b1d002bcbe06b264b8bahuy0,0,0.06668633222579956
1,dcc5a79317a22bd0f6dca1f60fc866a8bei1d,0,0.0675298422574997
1,4d1542974bc322859d3d099b8c5193felot1k,0,0.6723706722259521
1,08353687608279ddd83e4d36fadd1cd8ritj3,0,0.06706409901380539
1,cc4763c97c3d7cc9116e0a51a6d1f2e82242i,0,0.06369692087173462
1,470a0e402bb9cb4d48c2a450d2043e87flc2m,0,0.06394215673208237
1,d863897264a7e52d9c6a1be6dc453c6c9anz0,1,0.9570463299751282
1,67d6466d7f4a32d294196b8c16ee0b03kn9tf,0,0.06750310957431793
1,86a626c876e7eb4be35f4f0b0a78f97a1rn7h,0,0.06549058109521866
1,bf8de839c1a8b7994d19049667548e4ewchpm,0,0.06496383249759674
1,5ddf9ae899e629acf3e78141a9712a05a4feq,0,0.16636337339878082
1,2b13a870a46975494b749feea0c5c7ed170ll,0,0.06526025384664536
1,a7bc17dfb615eacffe397be5b2c2f3a6r0bb9,0,0.07607747614383698
1,cad9c97e99bd5753be98edd9ad8ec8c8c7r66,1,0.9594730734825134
1,a06311ea45de34bf667b79a92d13c764i6aiy,0,0.06751883774995804
1,9a5fb8e2e5add29b006d789e4cfd1513paga5,0,0.0674685686826706
1,95af80db42edfce4e937550d60d79561punym,0,0.06747932732105255
1,adc548d88b9a307ce0b58a0d11d3ae14gcfon,0,0.06813686341047287
1,6b3cff1e3d9398d4c125e7bcf612192dy1gwn,0,0.06746812164783478
1,2b4b36fd77eaeabbdad8fac68b17ece5ey04u,0,0.06747928261756897
1,f069e2e45ce316168a94b972c5b7d6b0f342m,0,0.06812069565057755
1,942af1514033a612b203ec58f7894c9fv899u,0,0.06715217977762222
1,43295f805d813e816fee438d9a394bc4o4of1,0,0.06643854081630707
1,8c3631460a4d25d2b21b1f92ebbad752a19ww,0,0.06435555964708328
1,ca68a41b3a4062f154dc1ae8456cd792d6kp1,0,0.061285797506570816
1,59cad1329d42bda3d678bae082bee7edgvt7q,0,0.06575733423233032
1,a71f84e476d03bd0b25d45e44eeed9a8efehw,0,0.058710869401693344
1,c0e3343070766b359c664f93ca65040b6bh2k,1,0.07650178670883179
1,d3f595832d80988c2016aeafd125d8f072r4h,0,0.06316222995519638
1,84560dfb1400fe920a29ca2c728acf1e25eli,0,0.06543828547000885
1,78e59e188d9780cb8988d574f692ed343s129,0,0.051044564694166183
1,781972f2af3af2abc492f9dbb0f6fceahnban,0,0.06581146270036697
1,2f9a7b01fcce94499a59aebfac98fe1ezsk1y,0,0.061903685331344604
1,7a9519ae09e328b09d18473f96ef075fzrs1v,0,0.06454958766698837
1,12df4a9cf4eb203909e6763960b79238cb0yg,0,0.0658232793211937
1,7639039411fbcc6cf1013b247b2622a72g0r9,0,0.06381945312023163
1,67fd1325fbe3cd75a110cc80b9df9708l0w52,0,0.05410059913992882
1,9bd2d79f328a5afe815d5832e521aa9187q2j,0,0.9456005692481995
1,4f57e657df5ee5d9207178b4b6858ddak9ouq,0,0.0664186030626297
1,a3d0a600cdb44f03d58f27b19247cd0d4az4k,0,0.06641070544719696
1,e587d92842526255c86d3b0d425747ecib83l,0,0.19577540457248688
1,58c2b44923882a8252963e78886adaefh7hnm,0,0.06695760041475296
1,25f1a9c0c83eefedfc2c1589e763c2a3is1qy,0,0.06690756976604462
1,70cc5da141baac4712163f5cd4bd4a50za0n9,0,0.5277476906776428
1,71c2561141c55414618d67d1a8aebac1n0fjx,0,0.06764663755893707
1,59d96b423ea3ed56611686300b681f3defm4n,0,0.06041811779141426
1,461b089147eb78c582ca8a30fa7581a7mflo5,0,0.05945718660950661
1,ba194af5111cfcf1dd95eb36160c728ds4kcy,0,0.06561309099197388
1,9ab00034c9b00521ce121adb5dd4aa15tlhc4,0,0.058535218238830566
1,2e463fe6bc1616f8392f82c138a6a436mbtjx,0,0.05694485828280449
1,25f59f9da43b6806aaa125fa61974591sacso,0,0.06357014924287796
1,45e4c7fe66077b5b7b338f19f476f9d85jlk0,0,0.06629574298858643
1,7291b7fba1b597d66bb8efd45fd0d354q71ka,0,0.06696157902479172
1,cab7ecf98fd0489389a3a8d3961defb3k66og,0,0.06518363207578659
1,7da6a36817cf2d8c3be218a32ab25550c8kg7,0,0.06194259971380234
1,058a4e0ac0a20f504cc9c6aae2a896e6too9v,0,0.06712709367275238
1,624ae2fe9394700eae7a35806e4bafaeq9cty,0,0.05928155779838562
1,14e29ea004067aace14ee4543876a06365os8,0,0.05813198909163475
1,8cab09b069755eca2b4e7fd6f6981d7d8n88o,0,0.06816723942756653
1,3ecced86078287dbd2eac2cfac98367fbbelu,0,0.06090789660811424
1,7ec5c7e2317a9b68e861060531588f76fpldj,0,0.06750728189945221
1,c41ea39b2e13b0fc9ccccc2546f924f1obd0w,0,0.05190587043762207
1,782557b3ec17063f2a36fc9193ed3200h14me,0,0.061342187225818634
1,54957cfd12ec8c64918b6200ea25d27fsc9hx,0,0.06254839152097702
1,a3ef8289a92196b07e2e7371bb111e3aom07k,0,0.06411076337099075
1,b9fd0772481bf459179a3b4ab49171693im97,0,0.064865842461586
1,462df7ecf1d47980dea6a93d44fb408d4u2d5,0,0.05829096585512161
1,5e3747785e44d85a41a74470c051e946x01dp,0,0.06767552345991135
1,2cbacd5b066b7dff7e0a87e1ef00e0b4zpqzw,0,0.06723251938819885
1,7bad0fc50ac7d249e0a3d8b83f68e855fcnxu,0,0.06695860624313354
1,1f2d607e5cc04e790e3961a6432d7c15hn4qb,0,0.06603938341140747
1,20f206d2656116bed8dd46d5b70dac81lbgfk,0,0.06549949944019318
1,29db827ba14938954c90cefe40d26fe1130kd,0,0.0655071958899498
1,d7eefaad31febe607c252199a7672420kl1el,1,0.9559311270713806
1,6d033ec559ea79a8ffb90d80e0b24e93j82av,0,0.04988916590809822
1,a8a81bb8a3a35572bd1f9922f5a31217pw41k,0,0.06746622920036316
1,2993e59bbbd7d14bf4bc21e4d2a4f8eeb18d2,0,0.06320943683385849
1,5c2d250afe88df6e4ca3ff08d991eb67s5erh,0,0.06229730322957039
1,783d5c219ff84cc0517f59a39bb98e18st85m,0,0.061723172664642334
1,874402ea8b408a017756404006b12708d9s6u,0,0.060941215604543686
1,c8f537f6bb0aa2d45da541a875f014358qm7p,1,0.1512928158044815
1,72b21fb7cd32b1a65bed8a12eb94a8b7qa7rl,0,0.066986583173275
1,29013ddeb60a18f7d3bf9f3aaaebae6c8651o,0,0.05061778053641319
1,16e2e48cff6faab74e1f5c47669dfbbda7l5z,0,0.05513664335012436
1,0ae09b09369c76737cba059d192451001nwce,0,0.06748897582292557
1,aa1c013a1de168c611560ca2afe78111g8i6s,0,0.9326973557472229
1,5053e03863b6887308c8446cefeec429l94tg,0,0.054203346371650696
1,7ce3afe39ece9d672e9adcf3dcf2aa44a8r22,0,0.05783998966217041
1,76ab7c99de4a3141bf617bf30bec9feep3zuy,0,0.0643671452999115
1,93e3c34171ab65e0b031dc67461e48b478u36,0,0.07149270176887512
1,3c77ec9f79f6febf630325ef84f2a0bcl3qg1,0,0.06345990300178528
1,8df5d645ed4040b857c121a4459b7976n5u3b,0,0.06751935184001923
1,ae29b39843141a73b39ada671ce6b6c0yxlb6,0,0.06562938541173935
1,4483201dee43b51f338c0efd3b13bb895tric,0,0.0651974156498909
1,16065749457a14b26998fefca503c3ecf9og8,0,0.06238744035363197
1,ecce760edfc6ec5cd5ddc7037c514dc3zod4i,0,0.053790777921676636
1,4b9bf4cf1085e9d839e833e4b9d40f2a8ps14,0,0.06528535485267639
1,7b31d9d8b5e749cdd2c300cbcbb5f875kjlsz,1,0.9555330276489258
1,ac9bf3a07831666bde4fefb75c184adekbrl0,0,0.06479243189096451
1,50859deae0e0a599efde1725cde3a8b8dw86a,0,0.06710804998874664
1,6faffebbde541edfccdb2725e430870cbkvo0,0,0.05256880819797516
1,0eeffc5039b27a4dc2e420eca75b1fa55rv5q,0,0.0623178668320179
1,664adb319c2be43104b6565a8ff293dea0f01,0,0.0641532614827156
1,6e8cd4699eedf0075cf5662e1fff3a857bycf,0,0.05909838527441025
1,97268eb2ac171298eb03ecc6445d6879wk3pu,0,0.061835989356040955
1,eaad20ae39d343daf76adc0b1a4984faumuzj,0,0.05688540264964104
1,9d33ed2efcfaddba0307d12142f3041ce731l,0,0.060584958642721176
1,75339aea3f29d7d9a8d67ed3fe1c89c3owsq5,0,0.7850083112716675
1,d42604c7cca8ec92839e92508f2a3e52ehz29,0,0.07565593719482422
1,b2968116361fd43589bde8eca72c5767o71qc,0,0.057259805500507355
1,825226b69f2a5a8337ca611b38223989aumow,0,0.055177100002765656
1,e12177ff9c1a8413996f7b1a590980c82ofeo,1,0.2572081685066223
1,a8b8959fe64f490d32fc15a5d1144f87qj9ai,0,0.06446073204278946
1,3ce8aa0207022698b6d0eef09c89b381jzqi1,0,0.053120553493499756
1,e8291466de91b0eb4e1515143c7f74dexy2yr,0,0.9424676895141602
1,bdab2be5a94c6380c60b902310cbe1b6rs4iw,0,0.06512558460235596
1,4cf9c56df4594860df56285e9293a7f7evfix,0,0.0534360371530056
1,460e932b11a1529d78246317757899ccfaxng,0,0.3735988736152649
1,c353286290001e0943ed9bb160145c42etrf8,0,0.06746628135442734
1,25a4ee3a528004bcf4f4bf62b9208a7dx96pt,0,0.1309453397989273
1,c46e21e01a3f4987e00109d1d5f48acb1q72y,0,0.06679090857505798
1,76ed824b414b5e690ff82e7cd2f5be52256my,0,0.9577656984329224
1,64f6b099082e4fb2e8da7ba4ae9abdead2cej,0,0.0665658563375473
1,74a35c4376559c911fdb5e9cfb78c5e4btqew,1,0.06750467419624329
1,679fe2a21415aa98a3cfb88abd0507edzjpsw,0,0.06827636063098907
1,c277151116ce38d8245f9f2308807af8t4nnj,1,0.12431393563747406
1,110d2e689da119388dcb6e235749b787ni298,0,0.06670862436294556
1,0f33df2513a519a35c8b3dcf1d7c7416jjjzk,0,0.9540704488754272
1,fff2c070d8200e0a09150bd81452ce29ngcnv,0,0.06707020103931427
1,7f3516b1bd7e5571ab964ba0affe9302brn6q,0,0.06498833000659943
1,e5bde35da4abebe4fdb37a3c65124a57ff4vo,0,0.06086632236838341
1,44bc1c87245aac66d176620f6ac9611ddbcil,0,0.06382501125335693
1,3144ea2711bef53de88d89d71acd16c5q0bzh,0,0.0521407276391983
1,40f2eaf03624a31952397644f1b79a6fvtfjf,0,0.06851979345083237
1,f3d3c913b225bc6cdb98c60f0936f7cbj8k3a,0,0.06462602317333221
1,eeb7e43d894af9161f84692f2bf9570fdryzr,0,0.06752223521471024
1,6c6c3559c5f656c71348f7cadf29bb12okgl1,0,0.0651988759636879
1,c780bc2dc7ab83d5e5c85dd13f0f7fdecfxjq,1,0.07636692374944687
1,3b8320619393a6f6bf12219b61cda688k4w4e,0,0.06441573798656464
1,eef111bfb93c213c174947c69b2f2b38cr2pw,0,0.060567453503608704
1,5a6376f140f05274d6e0dc888cbeb89eukxkd,0,0.05194700136780739
1,caa74df2086d71caf6c1b2b9c81d3d98xhpv9,0,0.05872000753879547
1,f2f10539ed947e4b141b2e9bf21af65ecz4f7,1,0.9561594724655151
1,4b72cbc9d9ef0238bb666feea6d79e718qry1,0,0.06788051873445511
1,1fcca45fdd3d1d3638821f41e032f170en3h7,0,0.0649641826748848
1,0446457fc8e21596799158406f77b14catx8w,0,0.06704872101545334
1,6d1354e720cb9ec90e19e29f5f895669qh6g6,0,0.06706128269433975
1,dfa7ead5ef84eebc79c67d3daac340b0exa41,0,0.06635208427906036
1,916d2d806b772c9f227a9b3640e31469ljrxo,0,0.709214985370636
1,eace2a2890644d703c619fff7e41a9a16k7lf,0,0.06515141576528549
1,4d2fc319ce6c2ad370052e0f6f2b0a1dxiyau,0,0.06053948029875755
1,90bb553b65144cafddc3f3d4a7783667a06ga,0,0.0668380931019783
1,c1859303603734d90d1a91d80977e14echjim,0,0.9273397922515869
1,33ba799fab5e4145b54fac4234bb6e13up0tu,0,0.15176863968372345
1,c128bfe7aba668d71126d51b32428c01tkq99,0,0.9296190142631531
1,698da938f6fc36305616aa6f8affd53fobj5y,0,0.05339780077338219
1,6f6c9a1964fd4bbc082f2afdbf2d2af6ypdhn,0,0.06693517416715622
1,4641b5a43c7a2496ef93af2ca590d2c94s20x,0,0.06195252761244774
1,8bc2a424939c50eaf4a652e253421b0f9b0y9,0,0.05609631538391113
1,77bc113594866d4902d6f867a456750c9vvmu,0,0.05313972011208534
1,e0fde4b9b7ec14e80de3c811ecae157f6kqd9,0,0.04993545636534691
1,b6a3aa8c0f2302fa35d7b809d9371deeypvyh,0,0.056018151342868805
1,fc16993f1fdbd5fa8f8ddd72b40442f0qwyo1,0,0.06702990084886551
1,3d7bd741177a712ae0417bc4f4a37bcf9jo2a,0,0.06782600283622742
1,77b342f0d8769898619a935e267eaad25rubb,0,0.06536907702684402
1,9dc039dc57fd67bd9e7157f4f697ae7eloov1,0,0.2041349709033966
1,ccf30c9533a66f22f1c65910ae1bac1a1fs05,0,0.9586735367774963
1,417adcdcd7157e75c66469c07208af00qjnuo,0,0.06851671636104584
1,a58ace8b671a7531c88814bc86b2a34cf0crb,0,0.10345853865146637
1,e18ddfca4efb99a785c68ede9ef773ea8sfmz,0,0.06702575832605362
1,1a5d7993b43386f64fcf4b84e7b183a6ref21,0,0.1526404768228531
1,ff4e39c0be8af4b17a73dcb761e4bb6dmop0m,0,0.06349139660596848
1,920540ac4168ed08a1e297395a68d718gsqdn,0,0.06696003675460815
1,2d38a6af2ce96c1446f900aa4756b8975y9k3,0,0.05049506574869156
1,b1ae4691fefd3d09d74096ec4caaa6d1v6tbw,0,0.06643763929605484
1,0ad17aa9111f657d71cd3005599afc24fd44y,1,0.13674187660217285
1,4566ae63ee93ffc6b000b5cbea7f6a8ehbg00,0,0.05894559994339943
1,622a477170c3e2215b7e3cdb06db93aezz6t7,0,0.09197770804166794
1,802a819acf0601b43fe5426cb48ac0bbqwfu8,0,0.7046926617622375
1,b217ca4cdea62a3977481e398d2cc9bd4sxht,0,0.06543028354644775
1,c1c22607e7899ada525b74e757d248ac2b8ac,0,0.06697869300842285
1,458c8c4e10e5c1b29e3fbe5ee56d46e8y3fb3,1,0.9560730457305908
1,120c8b384858420c4e46e354c86f4ca393w0i,0,0.09731985628604889
1,0a9d614009139236f198ddb4759a498cen5ix,0,0.0640881285071373
1,222d3e39d4a292d79aeef4c04e52aaf24mgkb,0,0.05465639382600784
1,5db8eed67a7b648d1f2173b665b79de2vwdlu,0,0.06748540699481964
1,12fefd74d82d90541872847f199f6324cowi5,0,0.062213871628046036
1,e54c3b01eab75ad3a616d56dd06ebef758ua8,0,0.06513043493032455
1,ba258a455ca17f2c13cab3d0afc7de0b48h0t,0,0.058023564517498016
1,7e34a26c4c339e875997f4b9239d2b5fscng4,0,0.9416877031326294
1,17a321c4a0d925ca80507effa52330ac5n5r7,1,0.13947457075119019
1,235f78b13fc87c995c1f309403ee56bb54tu5,0,0.056699447333812714
1,9f34ed261596a1114cefe81158c5617biq26c,0,0.9363728165626526
1,0181b91f58e6cbaa832235e2879c9c00ovrzi,0,0.061243075877428055
1,df12e679581fb2054907dae75c9c78ee9kzzv,0,0.06164068728685379
1,b7e0afcd391a22444eaa566aa527eec0x2yv3,0,0.06229432672262192
2,d1be739798ba0745a1fd72ac918a9f1929hei,0,0.05081619694828987
2,0a6ba32afe4756995db2f5cf2461cddbvj445,0,0.05074378103017807
2,fa64831ab5ade55daee13f852c16b0a84ujt0,0,0.4922480583190918
2,38e919293f5dbd62d87ce288e41aae2a281m2,0,0.842615008354187
2,d29003d7f3ec1f0e4ca9cc17e6389b4a4phcg,0,0.047396160662174225
2,9c509838d129fcee98cb3934079ca36asla50,0,0.06120508909225464
2,067ff22ebf0d33fe0deedc816d75973865jo7,0,0.9612123966217041
2,1476226300a93d22b15253ed7339429a7ijk0,0,0.8429033756256104
2,975dd5178d34453c1c3c8edc47cf44274uv5s,0,0.1871892213821411
2,608d9b68afb12c6c27da6c6565ffe8297wvco,0,0.05901333689689636
2,e97becf0d4632035ad4cd5e65c827d6f0xawy,0,0.051011014729738235
2,848d3eaa622b26fe57d352eedd9649f4v6obv,0,0.04691655933856964
2,64a39f766b2e9d9471b104f0d0289740a9kdq,0,0.05540035292506218
2,481fdbc92e77bba4c9611841a7d74071elwx6,0,0.05166875198483467
2,72bc07c7241e1856ba31609d11501c91cswlb,0,0.05620642751455307
2,792edafa0603516a57932e6103e9dd54ajar7,0,0.06054730340838432
2,d738b259ec6e6af625d1f41abcfd63e9e53tx,0,0.042991507798433304
2,4dd2a50e589cde2802c4bab143dea61ak517w,0,0.04695219546556473
2,fb92fc925c5df50f4da7874a7542cf2210z1f,0,0.04554438591003418
2,bd586db332285f3c45814fbb8f638d79d26u7,0,0.04381552338600159
2,2307bb06855a6fe75ab56ee6b4a3860835di5,0,0.06058511883020401
2,dadbcec8b02ac75c5935f419b318ceca1wwjw,0,0.05569187179207802
2,4c4431ec9b6e683bdc5a3118d5140105r1nas,0,0.05849789083003998
2,cab0d4e41ea81636de3bd3a1800d8da8x4yca,0,0.04243107885122299
2,53691811bd992911edb9f5f64f49d8f5luk1f,0,0.055783383548259735
2,6531bde8d4decd9708ff4407ef95e887a26yi,0,0.0555294007062912
2,0e66933c924764a59760aaae5368e7d1e0s88,0,0.04749785363674164
2,48117c1e2b56cfc8739f83683e01d9b2aoc66,0,0.05064968019723892
2,12d6239a92972a35bc990225b3ab33466znm8,0,0.0493176132440567
2,d65efaa8129a85f85bf909e5abde8c3628gfv,0,0.36346444487571716
2,15972a431aed117840dfce5556242366c3fwq,1,0.9438565373420715
2,367edc726ba8e667973844395493559dtf2o3,0,0.050214361399412155
2,efc61ad6db17265a4bac85f77b154ef414tpp,1,0.050599947571754456
2,acf06eabed56f179cf32ab60b6b076820ajls,0,0.04636942595243454
2,20ebb9de648c6df989f04d07cf273c7b3yu8c,0,0.9628081917762756
2,6cd1bd77bbf2af6a2c6e535192af628by3h22,0,0.05808137357234955
2,dd661e2d6e79a5b3e66c82373d50f3ee86k85,0,0.04160842299461365
2,090c77ac89c7063f0d0ce064ce3cb3afllf5h,0,0.055274032056331635
2,f80075873f7183a03b1b10ac3f740032v6w99,0,0.06252223253250122
2,c7d335bf99b9c71fb22797ecbd78b92ashv4h,0,0.04775505140423775
2,cf22da37578048d2e51eca1e544c693cke5t3,0,0.08021841943264008
2,7f807b2eb6c391d55e67bcdf7e1cbb3fhylw0,0,0.07735857367515564
2,1af4685cda2979a608c4b6ad83473774qgicn,1,0.6123288869857788
2,068450aafae2a6e390e35925d964290cdliqf,0,0.059584859758615494
2,ea0e5f7d93f2220a62bde8067f26daaa7oxgf,0,0.04622625187039375
2,3a5420301c0dacbc5675f6f09aac0143tuodl,0,0.6124140620231628
2,d6ebcf2149c311d221b233b268870b3d5gfe2,0,0.04639656841754913
2,c76f30b8330b6d14fb872b30fcfd9d57phbsf,0,0.045083802193403244
2,dd055846eb553ab8e953b084f2048d53bdqec,0,0.940229594707489
2,7dc423d0bbfd840fa0bf75203cd7bcee75kmh,0,0.05251544341444969
2,9e72fb21f7581cfff84e833d02538e5ar35kr,0,0.053097642958164215
2,82bec02fec2f08899489d7a5c35a30a0lbszo,0,0.0527307465672493
2,64e802fa8e0c17ec2ba1b6425648b7cb7ndkn,0,0.07367657870054245
2,20662832566daffac929f803f0c236eaperht,0,0.0550771988928318
2,e18e3d0fbfba81cedcae619dfa977875p10ta,0,0.050681062042713165
2,5e611461283a5c3e49b5bfbf9c33b7391ce3h,0,0.048783302307128906
2,518e9fb1055de6532ed2df6d03fb78feus5s0,0,0.044143881648778915
2,aa8aeba2bdd0353a108b9b26f12ed59559mvz,0,0.052667297422885895
2,6aeab198df208f8628825f7eb3ec3701p2ybk,0,0.04567834362387657
2,a8561bec318a7d3a0082b35b086b4428wekph,0,0.7989070415496826
2,a7454ee6fbb69c4079caf5b5b92574abi6pyh,0,0.056147873401641846
2,76218e14c379c12d599dae9e1c00b61a3i5b2,0,0.31862956285476685
2,e0824707d4a78230ae54209a920bc3e3pzdpp,0,0.050442252308130264
2,a74e3962ca26514976056bae3c46d579emz6y,0,0.059965379536151886
2,a6bf74b19fcb2687ce345930c4c16d4e2txda,0,0.04766050726175308
2,d9177cca9a1bfe3478cc4f11a0d57de2p8ahp,0,0.05554061755537987
2,187636e527504df29bf42d4a2b7767e54bgv7,0,0.04160842299461365
2,f93a998dc10a4c98f65c6b86fdff651d5i4qh,0,0.0567580871284008
2,9ca41c3c062146a06d2682835f5136807yao2,0,0.054147910326719284
2,0b450f2827ec670da34be66ec2a520213xcuk,0,0.05075220763683319
2,55b39a51c925bfb42fb812ebc5fe318emsjjf,1,0.13054369390010834
2,4a2d5b70f0fcec3ad9d8ac4b447efd6f3vs9c,0,0.061665184795856476
2,e1b1c514e1b87826fd045588f1f3881707cyy,0,0.049476832151412964
2,eb2c4b4493f31788ead745533e0c9a18xzzlk,0,0.04731110855937004
2,e0b6466f9f720e9d9a00d7c12b2e2c6d8xwxz,0,0.054907429963350296
2,3106ad6371a3b740e2af90635a4ad966zeu1u,0,0.050574637949466705
2,7eb6a5ffc5e8471efad7cdc8927daf677qcf8,0,0.043539319187402725
2,5c28b04424e96267711d5af2db62e022tp36c,0,0.1596342772245407
2,9c0cbc0fd8a6c22ae3648801ade080fek6i13,0,0.04573027417063713
2,11d7f0a5076649b229c301a22537834e1ehwg,0,0.10292072594165802
2,8b809e18804865ff2a2e799c9a5e8a48mtxdh,0,0.949944257736206
2,3fae46174ef1a7dce5e9893775f814c4so8s0,0,0.05514051765203476
2,5b45b150b6b683a98b5bc19c4214f44cvzru7,0,0.05417167767882347
2,c871daa6b709e008825b667b05efddca04jbe,0,0.05821597948670387
2,644e284380171fa793695a91b6a12c28jcwku,0,0.0442231185734272
2,10b431aa15b56084d32fe1ef123c4305wo1nl,0,0.05499577149748802
2,c2294751630e49a4e594dfd89383b271qzp0m,0,0.3982330858707428
2,573cf43253a18821e50dfae941ac287ceymgo,0,0.05344771221280098
2,18eb8d55c84019b9196c5ca7e072b287bv68e,0,0.049496009945869446
2,a4c40fd7a4c1040283fb2b84611eaad240849,0,0.05971261486411095
2,fb6814db96bbaf61f42270a85f0f62adunxft,0,0.04967919737100601
2,67d245e38ee756947ed395fa099807fchxv99,0,0.05229068920016289
2,eacfdb47b3daccebd9f16779c5542fe5eytoc,0,0.046750932931900024
2,200b548999702c10f8f9fdbae9ce60622owzv,0,0.9550279974937439
2,20d08c7edbcb4b4ac0214b664ca5bb9cprntj,0,0.041487399488687515
2,2b72d702b44fd7dd58062e326fd8e4779j8mp,0,0.04989037662744522
2,d63671871e4010e904b9419e48781565weafn,0,0.04196083918213844
2,e0e5719b5d763eb4e04c7f6e4e32884cmlpj7,0,0.06045127660036087
2,7ce12bb499c156ba4513becaa42aa8c143v75,0,0.04447362944483757
2,b7efeea5ff94a281635ca2f0f7e8b3ca4zykk,0,0.04322833567857742
2,9ebd57da79b9286fd67a53e61528cf63a1w6c,0,0.04499058425426483
2,e5fd2ebbf5bac9ddc73ce524e1b33c3akti0q,0,0.0436909981071949
2,9774dc752f855f07b9c00eb7018b607c0ymxo,0,0.05187307670712471
2,3b947f8c954acf4354d2c3bdcd494fb0x54ee,0,0.051687147468328476
2,c0d065cc8cb585f027143f2ebc6b49f01g1wr,0,0.04114202409982681
2,20a2d48ac3400228e7a0296aaa596a0fvckdc,0,0.055278196930885315
2,679d60378d42ca9d3b8a28073fe14fc7bv4jh,0,0.042233940213918686
2,8f6f7baf33fe2a5206ed3ca88446a99bmq453,0,0.21372169256210327
2,61101089c1b34f409fc9b836a7f9cd163y22l,0,0.05442787706851959
2,2819b8b2295f272f33f8e76fd344ce6bywj1p,0,0.05445542559027672
2,445305769cbfccafc89ff5ebd004598einesy,0,0.1668899655342102
2,be3bec53b42be118ef2a87fc40db7311k4as3,0,0.05145137384533882
2,9f793ee6e6df7f69b5a5acb4e13db0476b26x,0,0.058664094656705856
2,012441119bcf83b23d4768bb72cea6d6carua,0,0.049532677978277206
2,2d6a70a8341ea0fbe4c8537ffbce919etg4x0,0,0.05556021258234978
2,953879d32e39e014cf8ce73daa2547cb2ke8t,0,0.35694369673728943
2,40efc98d259ee36a8c2a387ba49f39d0fa39h,0,0.10581178218126297
2,156f4a8763e602ef789f8048c6928676a1ily,0,0.05505481734871864
2,dd7292cdbc81ebfb87945d9ab176d679gepf0,0,0.04653416574001312
2,222a0e05442fec0af2d20ebdcafe4b28c2pi4,0,0.05187511444091797
2,2797fe80977297483e724b8390161c937dh4g,0,0.10985403507947922
2,9e9270c06937bfa13f5b29e737c3438fcocyn,0,0.05360792204737663
2,7a71e329f3f2da98a3f82e7bfcb705a0t5822,0,0.057278312742710114
2,163097c029285c7eefa2d60e474d65b4ap2l0,0,0.04969823360443115
2,99bfa04865566ca88573ebfd3c7fb1f2c64cr,0,0.05269656330347061
2,2eaf4eef52d5b17615d08bf77386fa42yotej,0,0.9481891989707947
2,fb7c9b1dcc3b44dd69e42a84406117db4t4mn,0,0.04302021116018295
2,c6a49cf5944626b45425712f9e19e91d2nyh7,1,0.9606238007545471
2,060ac64ff78ae62e9bc697192cebea333760p,1,0.9593288898468018
2,fe4906ac4c8e2db5ed5a71e8a9d10080u6g7o,0,0.058775607496500015
2,d4d4b36ea722e5b939e51e34953004c4t671f,0,0.05161365121603012
2,cdf76f38b6f46a3bd396a99123d26909xq5c3,0,0.0701281949877739
2,46c0ae10d60c4fde2b6301bbafecd7b8dcla1,0,0.04763508215546608
2,6f7043cde57060a6766b551df5fa6fd9p3ojp,0,0.05344081297516823
2,d2eca28cbe0a3dc69715d719c6958faaaqx95,0,0.04533849284052849
2,1e050a096927d5b34f4a85d3af28d30eybsaz,0,0.044760651886463165
2,d2704c8bb6ebbf13e08f37131382b126wy4yc,1,0.4828084111213684
2,3bc8edfa1995a99110b957ee98fb5c76nkl7t,0,0.9081568717956543
2,4f07602a713c192a941204b27e2abcf1srnke,0,0.04929106682538986
2,89c8eefbf6f83543ce0792d1e4b86057ti16q,0,0.054805610328912735
2,916aedb8fd708e100318969dfe57a4639hexd,0,0.050162866711616516
2,f27321571b5b6184e86acb6203c766f2bsfxg,0,0.04391998425126076
2,a4630d8b78c796441a1be187f6907b11c5eu0,0,0.050094567239284515
2,46ceb58fb7a57d86a26cfa154c940a8cuktu7,0,0.3789796233177185
2,d645e4b8b043a18bb1c8689572ad4fe16q3np,0,0.044062115252017975
2,0cbd01c9e8cc800aabd3b3e4c618f9caktfgp,0,0.5869708061218262
2,0c57d8eaa2708b768416ca91dd8daa2cqbl31,0,0.04243917018175125
2,361397432ed35185b5a2789867a859ec42v14,0,0.05176527798175812
2,e4264fc4dcd5f917ceb002d860441370s054e,0,0.0541367270052433
2,b2a19e17e1b9e0bca8e4563efbff5fed7v9xe,0,0.054524391889572144
2,14b2d98230228eab6a6db3efc41660d7kp23s,0,0.042915500700473785
2,8d49c8e70bf96a255baf30acc76a3f59b394w,0,0.043853871524333954
2,bd0071b98d9479130e5c053a244fe6f1muj8h,1,0.0550934337079525
2,b79560ebfed7c8cbcfb97475812e0836twsnm,0,0.05192907154560089
2,d9ffd2f7f3cc1a546586701c2a6fbda24u9ye,0,0.7820679545402527
2,0a7446b63f183a4928ae762ed6cd1c4b894qz,0,0.05126797407865524
2,c89ad997f646e388fe375d7fe33a3727dzrh0,0,0.0433141253888607
2,eea590b4da2709c294e8db490f5997eadyc1e,0,0.05147140100598335
2,f3a249f6a5c2c88ddd8bccb1f8a85fe52xnkq,0,0.050339214503765106
2,2b044b4b7949b96e38084e59b5d1d328jib5o,0,0.21312348544597626
2,c59f4511da2e8dfbf02668a49bc391895wk3u,0,0.055601816624403
2,7622d7085237d6b73d08e9d70ed11fe3u8mwm,0,0.04965100809931755
2,3e2e03a4464642627e223fba066182d1qslv5,0,0.05835677310824394
2,260568e07963ce8351f3313bd7b9b0e2vonva,0,0.05875413492321968
2,d2fe98eb0fa21252956184a98138c58dwp1ah,0,0.04990360140800476
2,5c2b3f221cdf303df86ff1ffd7106fcco6pml,0,0.45101192593574524
2,a40808ec5bd9d0440585286f1658c3b1ag8dt,0,0.044586777687072754
2,613fe9b896ce3801e40212b3c8a8053c1e8nj,0,0.04160090163350105
2,de3bbaaa3bbc1fd1f751d23a972916d80q8e6,0,0.04292632266879082
2,8af01eeb860c2e6b1512377f28953110ml638,0,0.20783862471580505
2,b416bf88dedd6ccdbc3a2146524500258qdzz,0,0.050689708441495895
2,1dec9ee102b29905e2f59a52fb7429826e8b4,0,0.05867533013224602
2,877d96d9abeb73e437a8ebd74abbbf45p8s80,0,0.04444456100463867
2,3105d663ef3dff7e483a46c56580a9f9kd7f8,0,0.17852729558944702
2,a32cce991a2f597f6e5a02605119f99b1dyq1,0,0.052366409450769424
2,3df41510a5044de5438015f37dfa3443bt7pp,0,0.05059387534856796
2,54379b25f1f35d9df78da9cd774cef74u5wt9,0,0.0508798249065876
2,2635d404f4943f3dbee24aa16a2953c723iwd,0,0.049250293523073196
2,a6414c637c6f1275e2c62c48fb238c5d5aw03,0,0.05042877420783043
2,78a444127a896122678835e12ef507deh01hn,0,0.043797023594379425
2,14d4e04d7ed150613974438a4dfd4e85dybq3,0,0.26345565915107727
2,613c7d60152ebf06e3a7dd326ba03261mnn8u,0,0.04376368969678879
2,c9f94611f4c9afd3a3153da9654e7310jr201,0,0.05193140730261803
2,c9a97c18992adb02e6c2e6a8f9cc1daa1di5k,0,0.04782912880182266
2,9e25bd3696b4e1775de205d2d4698a0df4s14,0,0.06012528017163277
2,1a9765ed302d0f91b512c23112066e41s755q,0,0.05538370832800865
2,fe6adfbbb2fc1ec0c3edf6677204bcb245uf2,0,0.05024781450629234
2,92ce3c44edd41ad3222481daac1ead35bouwj,0,0.0511227510869503
2,6182daa56cb0623719228c9e576b71fcpg8r8,0,0.34706270694732666
2,50a4bfbac8a9653af4099ec1169f684c2nsgu,0,0.7290460467338562
2,c7c854748038ddf37b8a9c4f5a28073fsut8p,0,0.04263909161090851
2,5fc9437841f1dbbe63a3a933c48472fcohutg,0,0.057236943393945694
2,bcda2135a2456d611876679b61dac500vs7sx,0,0.04449278488755226
2,e22850afda081aba360cc18e2a9021caqjjov,0,0.04751935228705406
2,a71f9ab1d130394882cbdab3c886f1b0fm6hu,0,0.05386712774634361
2,e735a2301a18772a8276aa1f17ef79efu4yew,0,0.04870143160223961
2,464506515f2ae684bd510b3a50b9121ec7v3a,0,0.042864225804805756
2,44d34926c0863edb7575b819980e0e728pn5b,0,0.05516230687499046
2,171fbac128e6dcb51d0f07cf7ed8bd3er891e,0,0.9578216671943665
2,b0973e698b12fe51ec2f259d924c6098rasmy,0,0.047373078763484955
2,da2841ffcbeabaac373f00039c10f39fty6fa,0,0.04694146662950516
2,6679d668a393f336ba9d1cb6a154e03aifmkr,0,0.04677112028002739
2,a48837ccd05bca96ddbf02c55ecccf639adk2,0,0.04991589114069939
2,b9c59dcf41cd0a7ba779154872019cabmohkm,0,0.04885668307542801
2,90fd7b3c991701dee376daeb09a0a5b7kawse,0,0.042147718369960785
2,7259271b61d2f05200eb2e1ab1d2ec911jlaa,0,0.04545329883694649
2,ab3e02a6b47b250b738fdb010dc84cd7lrr07,0,0.04442796856164932
2,1aa485901ede7baf78ea116e297e9d7f9en6i,1,0.48938390612602234
2,c900620a019e78a3eee44109e4d1e1d2xd2gj,0,0.05708827078342438
2,3919be53bf4bd411ba25acfdc1362b49u4vle,0,0.055422864854335785
2,3d2608a892e44dad3027ab55bfaa0b26r69hy,0,0.5355982184410095
2,e90e4701234b13b7a233a86967436806wqqw4,0,0.42983222007751465
2,ef1d71dde32e587e761a1b39d5b374c7gk68y,0,0.04226478561758995
2,5324221d38a79636bc4560cbcf2d75c4gimrm,0,0.04470669478178024
2,8c33cf751b05ca6a9d886a379a84a2ees9jlu,1,0.7506719827651978
2,3694aa599f836a57b671ee0814b071775i1nf,0,0.21715047955513
2,5dda8ade6b5d4065f3119a381516c227yoz8y,0,0.3177316188812256
2,daef74294e84ef6d7e009c2d51be6ee167xds,0,0.047752924263477325
2,591ef8d73236d150c32716359a61ff2auk6y6,0,0.050917014479637146
2,2540f8192e425f9fb921db30ac1bfcbas4p6g,0,0.04290686547756195
2,2e07d37dd022e72ab04da76f51edaa13qk5rv,0,0.05372045934200287
2,eea79e1bfc21ff1b9572213e540e1252s5iuy,0,0.045095548033714294
2,870932eabebfc108296437c303db6055kc3t4,0,0.05235796049237251
2,9196288f121946095e5c402fd326109827t0a,0,0.9627557396888733
2,afb1d898d15663a9477870391cf39b697gso2,0,0.04847993329167366
2,06ddad46112881df154e3bda0e90fe880r57n,1,0.9227088093757629
2,d428139761f7b7563d57bb1f87b55876388j9,0,0.052687205374240875
2,9349befb45c4869b68e82a1944f4f01377cpz,0,0.05992673709988594
2,2cc1c5bf18c858fd9c74901d8d80ab70ak8e0,1,0.9496439099311829
2,f8f87e237833c3279a953b785653b0e5qka8u,0,0.042980194091796875
2,21c5f4fff051adecaf1b080fbf910ca3dvi6a,0,0.04952467232942581
2,0d1815382b08885d76c671ab600133adeyp5e,0,0.37327244877815247
2,98e6dd2906ef1f7c13284a309f6b160cb2ujz,0,0.04539455845952034
2,c0b7161a67a0aae21788103c08eba7e9z8e8k,0,0.05101543664932251
2,05c9fe8f8852ea069a93dfe39fc0571er9mdt,0,0.04466630890965462
2,5c2e85ba72b9e9e16f77939fee7ffb5eivaqe,0,0.051532287150621414
2,0496c24a6a7f593f28bf7896350e946advl6i,0,0.05252595618367195
2,900284c412387e0bb2dc2aa5ce42dbb9th70g,0,0.05594174563884735
2,4dd7f98cfffffd6f4707fd0deb4a00b5rj9wv,0,0.6940888166427612
2,02cfc97e8fded77671e71e1951723d5fwz6a4,0,0.04996955022215843
2,87c5fcd8d9582701469f94bff3cc415dvq4ia,0,0.04969562217593193
2,c435ac9dcda855341e667d440c2ef7c6nd3mg,0,0.043479517102241516
2,c6fcf1f7b824c864d492c4cd676cd702owsuv,0,0.04885038733482361
2,aaa8650a6e0997e90e4b6a9fc2ddf555m5c1g,0,0.0463603138923645
2,9df0031595e4105e4530ceee1a08faf319vvb,0,0.0465916208922863
2,24029e6b641077ab7b9a1fde11a42666pkz6z,0,0.943150520324707
2,ca5d4f0a3ea342fdc45c3325e5311049e2uis,0,0.06049294397234917
2,68d0de6b2b019e4f93fe89ef3c9d3e21zajj9,0,0.04434601590037346
2,e0984156959c3e7cd05b7ec8ae239303inqlo,0,0.043644197285175323
2,fa9cfea85e90bec313e512e9eeab2e869tvx8,0,0.9564553499221802
2,32dd072b16a69411ba3f67992ecc3e2144j5g,0,0.057646963745355606
2,3de66f8a5453943040d42e1e73f11eebll8h9,0,0.04160842299461365
2,e833712b1e29ffe74517e2dadcb4f2d1pt5t3,0,0.041547227650880814
2,82f1ba4809f4812629e9e53ea4c687d7begx4,0,0.0569981150329113
2,c1d9c4c69367536d7b0ccac19527629f65025,0,0.05552642419934273
2,48badabcce6015d257ff5809761486c8qgjul,0,0.13870029151439667
2,5de403f3d49221bfa7116570a4d572d8m19sh,0,0.05502617359161377
2,a945c65b19da56d0c7358d8858fe14e8ulfel,0,0.43522873520851135
2,1a05035da8ea9dead1030ccc993b5284n1on8,0,0.05568365380167961
2,2eb8a353db13e68388f544daa2e28359oenbs,0,0.7797748446464539
2,6c021878ba6173a04d55bc1cf5544ac1f3t02,0,0.3644796907901764
2,722d1147768bdb5918584997e1f677e55g0nv,0,0.052487537264823914
2,a37b105534ddcabb169f6ae3ec928d85slw6z,0,0.054417189210653305
2,6cfd573a82acda92e8207745bca28aa7lqjcm,0,0.053081855177879333
2,dc4efb7e05563288d1f2ac4ca65c6734017ql,0,0.05392691493034363
2,041d869edcadf595b90e3b5248903183pn754,1,0.9587343335151672
2,c89d56c06803b8c6316a7c906604c64939yri,0,0.04860147461295128
2,cf18f6766fadce944ee74796489c23acmqhpe,0,0.05187637731432915
2,0a9c5e1f261c937c09817ea2d5e949f34v8oe,0,0.046923987567424774
2,445eea09a6299164f60dd11f23276b44rkt8q,0,0.05725006386637688
2,97f541ffdcbd1ee34610e3099c5df42acfvcd,0,0.9470597505569458
2,d5337c2d4b58426b30c8733313eb5247syn5p,0,0.04416491091251373
2,2d2839fa92d1c8e94bdeb1fbb9e62149x6xc5,1,0.9624246954917908
2,f219cbb3d454b32953619d5a4551f56dcg7gy,0,0.04646372050046921
2,96f31c5b3baa8704096cc8d4301b4c96i6fyp,0,0.04719744995236397
2,8a27b2e29086c0d2e589053537e88393zsyr2,0,0.060192473232746124
2,e704e6fedbe6caa9b434509d085f4c97nq6k1,0,0.05243714153766632
2,ee2caa714a2175abb13eb6ef15196368cwc7c,0,0.0445932075381279
2,bf65e77ce8676fbab6fc78b70c50f05a8da8a,0,0.9370155334472656
2,ec86220eb6ce57c91a02a7356b342599jrcut,0,0.04316207766532898
2,8bce581a91921adaa5fc20e627cd7b94l6cp6,0,0.0515982024371624
2,d7e83a95a05308d4fae6428bb9073a7bg8aoa,0,0.05669386312365532
2,94c8c0f9c90820f28928caf5d122dabby69ts,0,0.05015750601887703
2,d4b2fd8f5e8e02b660e9803cbcfa6cf2t5szq,0,0.2909083664417267
2,715ee2811c764d5c58aa228ee801e518gqvli,0,0.04778958484530449
2,1689122c3b25d9e7adc626de84c10006fr2n5,0,0.05143506079912186
2,aa20f72aba9804a4922195f66a876688rugsd,0,0.059722304344177246
2,ba319b8bb68ca6a12086f2410ca7fb3buxsei,1,0.9610100984573364
2,ca9e2287e98a718e20a8ed117dfcd699gxsp8,0,0.04128120467066765
2,79794d93380946ef72e95f55b4abc008hsns6,0,0.04497916251420975
2,14fe3602f049d4574cdbdef13789647dsgtqy,0,0.05863218382000923
2,4038ae3276c0b47f420a5d73687fb73bghgxf,0,0.042430952191352844
2,52c441804b89bc20e4c8dd625bf163f27o2zb,0,0.05971280857920647
2,5e5d3410ca3605694b3c75b2274efd44c9vru,0,0.054330065846443176
2,a124589b3af5a212406c0306584a9554fazi4,0,0.049665749073028564
2,069d020584a0e8c61e622321d4c43881j7pl3,0,0.055917952209711075
2,8c412ae875b672f18073d643c74f9f0clzbyw,0,0.04251262918114662
2,c5c8a28a166913512f5bffa6a49788c5b0uaa,0,0.05383828654885292
2,cb705744a588c18087921e74e68cfa10oev6i,0,0.10695626586675644
2,820dc943d26965d377be315497837bba5iz67,0,0.05054440349340439
2,6b0d09889ff4889deaabd5f15b3b34f1jxl6v,0,0.04776757210493088
2,e61c14d66cd5693d93cb0356d7f444ebinx9i,0,0.05293658375740051
2,6b531ceeec5892121e04dcc6f89b10a70yqoq,0,0.3805481195449829
2,a4475cf8808f8951dd5163ded3ee8032g9vxd,0,0.04160842299461365
2,dfb23124fba16b7778f65c1c8d091f949jz0k,0,0.06119595095515251
2,683833b860c003e6c31c521c9cdb49a1kr6b4,0,0.05503671616315842
2,4d6fa52e125a18f433db6e6603b58ec7k1key,0,0.04413319751620293
2,5114111892d49b59415284dcf19ceebconhvq,0,0.0599539577960968
2,0030a2dd87ad2733e0873062e4f83954mkj86,0,0.06106655299663544
2,c4294be0db6b5c9357ae5e2e7fc8da9489qpc,0,0.04984276369214058
2,a8a2547a9153038fbb9fc66d2425d9a7efr68,0,0.052415553480386734
2,bf190f2cffc1a77f0957f8cd1c98257dofy08,0,0.08352699875831604
2,f268f61e075419e5a001b86ee78557e2kmg14,0,0.056568969041109085
2,8884b7af726ce7bd929482ea13de19d39lzuv,0,0.06030361354351044
2,106f4ed8e9b727f8d94a1cd57e882a095pteo,0,0.0552990697324276
2,4950352b0410495ef65a92b08b5be463c20yn,0,0.060000695288181305
2,0ea26a4028ffc16d9a8631d43e1b92105auao,0,0.04387307167053223
2,737d19fdceb065359c77b81d27053c4e5quiq,0,0.056177254766225815
2,403d9c0288bab462bae858dc8aff2f94ti9ma,0,0.0486086942255497
2,cd8f738dfa2ea0554baa3dfc4465cdb8izun1,0,0.5254102349281311
2,d9d24106ae1ff4f5bc4ec3caf29d7bd2c2f5o,0,0.050084833055734634
2,aa75d58c3e1207618d47c72ffb19c872bolg8,0,0.04303807020187378
2,8725b0aa1a32054450c16b099328fbcbi71gi,0,0.052372824400663376
2,32d2ce86b00693f0c26314e3cce2438dvxbt3,0,0.05582473427057266
2,7e8650379cbcb3ef8f7f6aefcd678067kzbdi,0,0.052465666085481644
2,34914d163517a0cc4f0c971afb2352106vsvz,0,0.04584489017724991
2,210ae8381324c41f7b49e95f1b7aed80z55df,0,0.05473595857620239
2,c9416e793bd0559bca3ad4a5194d4cd1k8eyc,0,0.04669748991727829
2,92a63dbb8323426833b944a4fc196fe27pzha,0,0.05145258083939552
2,55abcd1b00c6b5b54633fc7e98f0110bwoy3v,0,0.3404999375343323
2,24a32bf10c4a5d4d91c27da4710c869a0nqim,0,0.04518178850412369
2,78830493a121b8b6917d246ec73ccb4anwocl,0,0.9630569219589233
2,1d4eaaacb6127c43c1c007331cac135bpib3m,0,0.05311565846204758
2,46f1d7df0a8ffcc10c3de0dad8979cabgr9ig,0,0.053285498172044754
2,e76057d8bcdbb3d2f935c30849a17e4d7ordt,0,0.04521879553794861
2,353d05bfefe1dd96d3335575ddadf310rgnrr,0,0.05523998662829399
2,00cc97158e6f4cb8eac3c0075918b7ffi5k8o,0,0.05075851455330849
2,dbdb69d0032b0a251469107dd565b6c7irr4a,0,0.052079010754823685
2,7a0b445f462d05606bf6ea07e2ab96ec1a4kx,0,0.050202131271362305
2,74582963d3774699f4215df7f2d17c1b6b4pn,0,0.05535291135311127
2,6c8ffec692e88d81e1b18d47818abb04v6llr,0,0.32973727583885193
2,583ce05b5add00d9e7e5dcefb3c436f26d7c2,0,0.04160842299461365
2,56b55e6ab49a4cbe7c76a2bbca804089pjq0g,0,0.0978044793009758
2,d381ce07afba12851a815cdf8858c1c7g2pfh,0,0.6233572959899902
2,07012e0507b4281d430b93ddcd96cae66und7,0,0.052263204008340836
2,37bb1697e1c3922a06c2d2ea4138a4c8s6wgk,1,0.9505531787872314
2,c2e1242ad5ea781923a08987d55365c69fii7,1,0.4436848759651184
2,219c6102f604c8ff0ead5d23375bb127del0d,0,0.04622744023799896
2,67a1b129ca241c51d0abb5484f8eb3fct8o5c,1,0.8427250981330872
2,d2f0217aa734f025ec008d24d13eca10ntuhf,0,0.05554663762450218
2,e4bee4e53a19aaf71e0ac0e3be752b2cz3k1j,0,0.049732569605112076
2,4f7331589f84c6359bd693513bc9d7ddlitos,0,0.0597015805542469
2,6ca1de75674e78f9d3d63fd96fbe6e172t86c,0,0.04670942574739456
2,71396d66a14f4ce0c96436456462863abwefv,0,0.059375885874032974
2,cad151bdf2e29b764dfd3acac022e5dcy8n83,0,0.0436209961771965
2,a639448bde9a72923b70917e82594fc66sa2f,0,0.045783333480358124
2,9e9047df09026ed5a5a3a86403811159u5yja,0,0.05001256242394447
2,15b1e719796dc894ecde30f160e7ae20hrmmh,0,0.059062354266643524
2,83dbbc6c5c7ed95048ffa9427d807692339oi,0,0.950226366519928
2,caf32bc98f84a47829e76ffe104371f6kphvc,0,0.4510115385055542
2,5cdd665a22747394620c17b7753947b0xgzhw,0,0.04938231781125069
2,21f5b103136104e4947e293983dbaa5b4tder,0,0.909259557723999
2,86e888c2dafacf13580a1211abf50961w6foa,1,0.8747804164886475
2,9a272c3baede0633bab0e15ff98d207e3ldpv,0,0.06010382995009422
2,4de2f22ca840fce9ac653e4aa06d9b0cnhudf,0,0.045030899345874786
2,98c12418158dfb9494af01308ac2d0588gfw2,0,0.04754459857940674
2,25022fb30734c2e5044e031b0e9a4a9ct3354,0,0.04295754060149193
2,fdf0eb91ae1ecea1f6902676f47c32c454yzr,0,0.05240311101078987
2,20d31f20169e8612fe13818891f88a83r66gm,0,0.06046026945114136
2,c99b1edcfc7f0c751b68fb310d34b75ei6j82,0,0.05061944201588631
2,4c46b1ea933d574a985776ed356312505nagr,0,0.047365572303533554
2,780566278695c3771f81afc605abdffa4143q,0,0.05493007227778435
2,ef65488c949595d7885525ccfab9100c6cmqb,0,0.3123736083507538
2,354d4abc23881a40b8f119225e0dbd09tk1u3,0,0.049226369708776474
2,28763f241cf0483ca1dd3aa1bbcbfc37xntso,0,0.05536986514925957
2,4de568a9b480f0dcd3f2ac385121d75bbpy82,0,0.052289631217718124
2,4089a2b7f26e5c13a7f3350bd52ebf8fh21nm,0,0.9472270011901855
2,d927c987f8a4ba2dc4f38dadc0831100tt94p,0,0.04199380800127983
2,1870650d20a97db60ce4133bb9352b69h9phj,0,0.04991600289940834
2,ddc6dc00f416ce10f23b57ebf758c2eeawzjw,0,0.04944310337305069
2,08a588ebf7b98f44f8fc695d02adfa25x0amy,0,0.0499601885676384
2,6ed19e45dc118b78a78f25649aaaddbeef7e4,0,0.05056651681661606
2,1899fd76b484b9275854787a6b003b8a93js0,0,0.0528133399784565
2,5f56908449455ee9670c7947614f7b4bxak3c,0,0.04259517043828964
2,43bd7fe0ed7629fa774a461127a629f19je0a,0,0.0429844856262207
2,022ac3a7ce986049d9a4bede83ccf9ddctvg6,1,0.96234130859375
2,b9cb81e5855add059728cf932f0624fefbi2t,0,0.055447936058044434
2,bd6adbe79fcb843aeb97546947af1236kbg7p,0,0.046748753637075424
2,29e08b4d18198fe9265772fba3a4f6c4mj1rw,0,0.05718670412898064
2,8f6605a649ae41fe950a6bf579452464d9lmc,0,0.10784824192523956
2,6c11cc7744fb52a632306ca8bf966cd1e4zxx,1,0.9514901041984558
2,ba6811273d4f63d9a31937b71b0a22dforovn,0,0.1140776053071022
2,84f06d2c69695fe24cd69f8a1aae21a7kozbn,0,0.04760255664587021
2,03e884d3e7e3356608187d2345e4693fyt29x,0,0.050981901586055756
2,9f2086ccb71acd84652f861517d4dff9du4y4,0,0.047575198113918304
2,363ba0a2afea1b074fc1ed270c86050byprz1,0,0.05466682091355324
2,15f34e73687d7361ac0d780737fca261g2s9n,0,0.12970352172851562
2,1dfb637157cc0e590e50d724cd4cad6d4cacw,0,0.046135976910591125
2,2baa5a9ec317cb21a11d83f6dc72a2d6xy9jb,0,0.05294335260987282
2,65d8228c6c1e5b6042f397afed8a5c7cbo6x3,0,0.051267143338918686
2,369515b3af4f8ca582f90271d30b14b6r52aw,0,0.050942156463861465
2,c806dbb2decba0ed3c4ff5e2e60a74c2wjvbl,0,0.05668585002422333
2,84a769adc98498f52debfe57b93a0789556f4,0,0.04949713498353958
3,91a3c57b13234af24875c56fb7e2b2f4rb56a,0,0.05750932916998863
3,4bee9aba2abda51bf43d639013d6efe12iycd,0,0.05785081535577774
3,7eaefc97fbf6af12e930528151f86eb91bafh,0,0.05781441554427147
3,585e7c21b80baf2225224fe140cdb1a73ddrf,0,0.06260654330253601
3,6e4d22dbabcf2eaae5689c7d155e1c1fev15l,0,0.058011554181575775
3,b37b352197594dae96bb9219bf59d656oz79f,0,0.054501309990882874
3,d878560888b11447e73324a6e263fbd5iydo1,0,0.06040580943226814
3,c748f0d69cc89d5812c9fe3a6413bbb26351l,0,0.057186324149370193
3,322addd5687d99bf69306148e12f87dc5jbsh,0,0.05424473062157631
3,0d0b3d6dc27d0f8eed70971f8c6bec1bdrs0f,0,0.05534623935818672
3,d6d3daba4bea632d7f5a4e2c5146f109dkd4m,0,0.055443648248910904
3,342f22fed8b1e90c6ff1a6b7bd80f6334w094,0,0.055390261113643646
3,a1f4d216a1a92507d97166151d7c9fe37bei4,0,0.05889809504151344
3,aabc211b4cf4d29e4ac7e7e361371622pockb,1,0.9536715149879456
3,e1da7d96b83f16aa80cc254572cc154fcoudy,0,0.07354628294706345
3,8abc7635daf75f9fbeb63783b7b8ccd5rvuyo,0,0.05550048500299454
3,68d468e15e0de0bab9694cdca8e799eb2j8kn,1,0.9549811482429504
3,f60edfe5177cab56896a9d6860995095cl1bb,0,0.05640331655740738
3,91dcfc10da696a6d90966ff795751708er5fp,0,0.9445483088493347
3,927c5e145de79f9ee2ada0ddc054b4e9hc3qj,0,0.05758588761091232
3,85be8fd21f41bc3dee86597d272825726bp69,0,0.05445105955004692
3,59ae36080fae26bccbbc31a4505b6fb3v3zjy,0,0.05793352052569389
3,6394edfbd35aab54801518835e33ed50hcr5f,0,0.058984216302633286
3,af98b7d5a7c1ccd2968252a2fb1c06f69igbv,0,0.054724276065826416
3,96b90af2d3eea4d3b2bc725e1c92e212qu52g,1,0.9506892561912537
3,02bde521e763e4f4e590e8368149e04a96il9,0,0.059043847024440765
3,6ecd9f4b332eb790dc933aea0a1528e2qkp4y,0,0.05578666180372238
3,9df0b0e5ca66460495931376045feb5fu4y7b,0,0.05887753888964653
3,7cb144485c703ac09fc73aa646041f72ogqwv,0,0.05649552121758461
3,20cb327bff59dc8f4fe1ac68a30f02eb6jrq6,0,0.058174218982458115
3,03244a553a252dcc3a3037f0371c8d33fmpd1,0,0.058426763862371445
3,6086425310e05e77a53317490e8c1f3cxzf2r,0,0.557866096496582
3,024cf43497fd7381df6254888670f84bwbbam,0,0.05857265740633011
3,47e0637718480102d235233c83661a7850foh,0,0.055821001529693604
3,5b25a86acea5ff395bbd62399bb5cc9bb7h6i,0,0.05509314313530922
3,dc52611b1a2c84c0949da5af9870d57fj6ab0,0,0.05502660572528839
3,b27db6c048fa41b496dfd3423226bb0923yfv,0,0.05545341968536377
3,2e3b450b727fe3e888c85d52251fd33ffoi4b,0,0.0513123944401741
3,68f092336430866db606f137c57c87e0hw7aq,0,0.07166679203510284
3,22fb740f267ac617118261b2fd3365batisfg,0,0.0539562925696373
3,17eeec8676ad56bfead1a9406277f41cnev3n,0,0.7764326930046082
3,2c31770e98fc9fc7e0f1fee6207b5600c0e10,0,0.9518592357635498
3,74fc24cafc7c5936d0422b8da306365byjv2b,0,0.05663575977087021
3,f63ed13362ce1c80970ba28a095c2bc5kfgmr,0,0.05519605427980423
3,e909515a6ae94a86027c717c4085954akbpt2,0,0.07819777727127075
3,27809fd62bebc89be450f9dcbdd25ed8il6z2,0,0.06593659520149231
3,eaac863aaf84acb7529462118e7953c3oeky6,0,0.056743767112493515
3,e561facfea467ea124df0111e041287ctvgwn,0,0.05694611370563507
3,33031f476dec19fe47c0e3a051a68e992hmwv,0,0.05678293853998184
3,f0c356e136831c41884b0732ae3198e0gcy8w,0,0.052221864461898804
3,6a76d66f035914f93ebc725a0998b399r4gdq,0,0.05827074497938156
3,2736ee274114e9440463bde9fbffacaa5xky5,0,0.05893521383404732
3,7339b024b285f99084bcca768cce5c7e0h2op,0,0.05715975910425186
3,354baa6c4764a5bde013ea3f7edc72552r3oa,0,0.9516991972923279
3,b191c73f160bb9320dd3715bc3ffed26ymluh,0,0.05809938907623291
3,0565a780f2c5b46837bbe9739ef15ea92fdu0,0,0.09108906984329224
3,3d281a78c6a116a91baf9c8db22b56bazer1h,0,0.06916580349206924
3,b719671479e7d75b1ba5a5617c95ccad4dkvm,0,0.058829165995121
3,e8e4603ed284adbd252a7a601f9bffe09oq6f,0,0.05563988909125328
3,246c55639cf85c682d58cbd2ed6a6563vk2yn,0,0.08461792021989822
3,c5dcc8a649adae76ce01a3fa85b68f237ny2r,0,0.056062716990709305
3,d2ebe13374f25a12865d50c17af1dad7yspzq,0,0.05753353610634804
3,9fada390b6c53ecb47e6f4eb4353e14f01xu0,0,0.056846462190151215
3,e959a3ae64e28a7d3b37934c0d826867o3sp6,0,0.05820963904261589
3,f535b28ad58c83d35ba87fcd46624148zbh6l,0,0.05540381744503975
3,40e00fd204d0ce97110032bfc47f423d0bgrd,1,0.6703871488571167
3,db88530db963dab43118aef5aba127ec29abp,0,0.05785033851861954
3,bb790a228de797253bf6afa43ee52eba1s2dx,0,0.7713569402694702
3,cf9a1c3af63d1bc3f55728b4a06a5f46njrac,0,0.05681011080741882
3,a539fbaf8b29613ff0e4f3e5831aa7a5p2cva,0,0.0585305318236351
3,7607c4efa792a69e2a8949ccafcbef103squn,0,0.3576418161392212
3,8c4b0d95ba36c0ba2a52f9043c62fccev75uu,0,0.7942435145378113
3,10c1e1164e3f8298df9a35c891f67babiycsr,0,0.05688510462641716
3,5bbc8f66464ec2d962b0360d1d74bf67imj47,0,0.05579246208071709
3,cffb5f3c1f4ca815d0f643fcb2f2f316beod4,0,0.7271376848220825
3,2d82c3dc726d2bfa19c5f16ec3de5023lbse1,0,0.05771707370877266
3,282fe85277f7c07b0ffbc5fed621a02ezp1zr,0,0.1612548530101776
3,d65c538ae39fc1a7e0677583bba5fdc6ax1et,0,0.07753513008356094
3,640f41f27c03aca0c45775eb918b666cnjsqv,0,0.057114407420158386
3,786fd201d9c952bc3453d4b3a6fa64046d8wb,0,0.05527842044830322
3,45cfe8744884eb207048e3cbee31ec56hd9lm,0,0.05484222620725632
3,c4b598fcb343bdd2cf826fc7541500e40xtte,0,0.056241609156131744
3,3d54d594ffba32e8d6527a688e7227e30iq3k,0,0.05390460416674614
3,b2d3db61ddb119aa4e5f43e1bf72e349xr5tp,0,0.3336351215839386
3,2e1eb5b56591662fd7ecd7b39621bbcfgd1ks,0,0.05907294526696205
3,4f891171f7b09f54d8b4f30b48421f178m75r,0,0.10948358476161957
3,e67abc3ba39537cc640678297a7c5bfag490k,0,0.05809567868709564
3,eefb0b863345336dce70312ff0f8faeb9qksv,0,0.05730121210217476
3,88e24a019c32a60f2ff315a9d217ec33q144x,0,0.05831947550177574
3,bd8bd6cae40abb19b81b6b6a7775f63e5tk1s,0,0.05877944082021713
3,3961434cea4339f0049798fab2bc73aekuxjv,0,0.05601733177900314
3,a3ef8857f2e33ecd25c409622b4e3ebcij8hv,1,0.9541280269622803
3,a8a5bcf248e1326b3340c88e057f59e9nlslq,0,0.05788172781467438
3,5d02346d70f11cd61d9fb955846ee9bdp5o6k,0,0.05754765123128891
3,f04748a1437347d837a65ce04ee7d94enqhub,0,0.08277880400419235
3,b46132a554a2a3b93efc5a9352036e6crl6sk,1,0.08141167461872101
3,4ab56df4b1befe3e2ce5cd98e8950ba2psqq2,0,0.05749020352959633
3,651402deb28af3e3d1ab9a6b88314b591uuaz,0,0.05738747864961624
3,3ddd3eba016fc11b07c8a9ecb3fcc2975bkru,0,0.058515068143606186
3,392d936106b75256632c9dc83c4f1a169bke9,0,0.05755531042814255
3,e69dc706f159ef6e26df0d88388bc5edlymly,0,0.05692204460501671
3,a6e261c09ae8aa7d0a47ffeb0110aa519jowa,0,0.11510293185710907
3,14f226ef57ed64d8e14c8b5ae929143cgq3em,0,0.06234971061348915
3,3073d007a5b42b827cc770ecf4805278xvvzl,0,0.05633886530995369
3,ec0c9e98cdf302274974ad212477f851iw35b,0,0.34548258781433105
3,a99f91d51e8d9f5786dfa52e24292dfebi55j,0,0.05318125709891319
3,5e8bf58291656ddd5fd2f71825565446aiopv,0,0.5324922204017639
3,8322695c21cb27accf0fe269438bd78fn3x44,0,0.3008931577205658
3,96caf14832aa8be04d98aa481b320392kb2gc,0,0.06473805755376816
3,a3910fbd35b7a0c383c9805eafda616fra4xo,0,0.05560537427663803
3,37ebf34eaeb8a434976416c34ed5c6d8ywyoj,0,0.05666213482618332
3,d4a84bdffb9543626fdd42c879343ce26ds4l,0,0.057402659207582474
3,01067975436d123f717ee5aba0dd4bbfa0937,0,0.06711752712726593
3,9aca61f505f40a3b4f7865c2d00e2418s0e1f,0,0.5694893598556519
3,1ac788675f70655e71a013892d701e901kj13,0,0.0539744608104229
3,796961698c2f2442e73c5195062370caawzzo,0,0.05652603134512901
3,37ca0d0ded383d709676a4f9729ef39cpjfh4,0,0.05777706205844879
3,b4550ab1da3a3ed6e4a206c9ef78d496q23hb,0,0.11432722955942154
3,d0b096df6b5ffd2efe8d5cfad4a24912zs3dd,0,0.05381587892770767
3,1b268ea4fe034638a92d683b94bcb330vee4w,0,0.056461039930582047
3,b0164d9a18a3cdf6082e96f9708040690qcqf,0,0.09933833032846451
3,e9c8ee7f783723fe8496dd35232d88f2or1r1,0,0.5121970772743225
3,1e0b1a6ea8d307cb61e221723534c4dclf9w1,0,0.07303290069103241
3,34a7ce35b13775be4e20930ba2788a3ebu5n0,0,0.05711231380701065
3,44be920e88377290bb204795f05a20369jp06,0,0.059504181146621704
3,8783939eb63e5eb4e5cd412d8480f3955ipxu,0,0.06805536150932312
3,cbe756ce81f5c420a1f7079791ed9aa2js2u7,0,0.05610724166035652
3,10f1460119f9e42bcccd0f68ef59cc830pwtq,0,0.056036315858364105
3,f35082c6d72f1f1be3dd23f949db1f577t6wd,1,0.05754638835787773
3,c6108e22518279361de99b3c7c298235mkoa9,0,0.05470024421811104
3,4073de52fb5c46376dc3cac6b2f2cecdxyqjg,0,0.05821041390299797
3,7c965df16147f68263573764dd257a7bxqmpt,0,0.056991785764694214
3,8ec9269ed4f5aef4584d887dfd9e595aaynzb,0,0.05903354287147522
3,6c0212679f2439c4113386b2c6ef513e8wr8p,0,0.9391491413116455
3,936d73a062928a362901f0e507d57b0a8rjs7,0,0.05429277941584587
3,2db8669a6d21a5c8197d4287ea32b7883gv5r,0,0.05643421784043312
3,6713e820273f591bdff7d26a48ee30c5k4iii,0,0.26556989550590515
3,8ac7cc6a62b82e675465e89f67ab1f962ltgu,0,0.058062635362148285
3,fd1299f1343236dea07bd0ba5f8ca220csnv8,0,0.0553104393184185
3,cf4eb0f68d47e6d4b92befd0b8fff39a098cd,0,0.05715417116880417
3,af9c96944265cf541b3fe734a057821a825l7,1,0.9123579859733582
3,a283eb484c3245e5b12b18daccc075e9g9xk4,0,0.05668291077017784
3,38125387ec30412c438280af8931254dmvfgb,0,0.05577312409877777
3,bbad48cdaa604c1bf40b59120a775794rnlg1,0,0.05939118191599846
3,4bddcd4957ff826dfd3b3efe6eb96be9aw5tz,0,0.3526937663555145
3,b1410ac124aeb5ef6b06667786feb742tijnw,0,0.13422289490699768
3,284cd72e028fe176f935114521ee998c5jsko,0,0.05911404266953468
3,52d8066e28f168e5bee769559ead307e1go7e,1,0.8953439593315125
3,d8ada60e3b7204a104bba8c073136bb40772o,0,0.057177674025297165
3,9f60e1593604631e10ad2677c51055c6mv205,0,0.05959900841116905
3,ae817305e82b580f9ab89f1a379488e39il4q,0,0.07847500592470169
3,c8e474ba549fe924bff9d3f585a9943cg9aju,0,0.05848849564790726
3,fa6b4da229eb64b4d44e7d5ee2b027f1j1whx,0,0.05845079943537712
3,86151544b29ad273209ec4605c257b089z588,0,0.054922983050346375
3,0141844fc725a85e38e12cc02fcdbbe8ofqxv,0,0.0588868111371994
3,359444416c25e6e90ddb2e3d3d0bc23dufn9s,0,0.05890330299735069
3,e429d13bc2c7acc82d8d68fa020546c38v82z,0,0.06044362485408783
3,90eb8151eb82441b084d04893151619837abp,0,0.06095416098833084
3,18bc9dbbed75b55f35ec4be1351b7aa86an68,0,0.06739281862974167
3,c72012c8072e2441b3ba8173205cd298cde8a,1,0.06724660098552704
3,cb6ea552ab5b90e2d0572148426ca275d1zzj,0,0.05339012295007706
3,d13cd9e0a7b95c0a35f3456014865230qku5q,0,0.05703373998403549
3,86e50263881b0d382b55777185eb648aagh1g,0,0.5869008302688599
3,1e3642857c10e72cedaf7890e3c07bfa8ibzv,0,0.059043847024440765
3,23af639c0bd57bfe9bcf3b16973d58b7666fe,0,0.05614977702498436
3,bc3b92a81586cb726cbf4d5b418fee41o20sj,0,0.05535883083939552
3,7c08de9de285265b2c34970139331f9fnr9ad,0,0.06373197585344315
3,ccc371d7848a80bc31941248b9f49b95hn694,0,0.05688222870230675
3,c4d42d0beefe49d6157c546a2504f4db86hvd,0,0.05616968497633934
3,213a7fb31eef8b38a23ad6b0bf2c7fd0dx3vk,0,0.060388896614313126
3,9a12aa1aa3560062c6f84bd374eb5f7f422vq,0,0.05795642361044884
3,a2933e33896035761240ef5a62477779jf7ny,0,0.8315200805664062
3,339b8ca3185dcaffbc3ebdfd960020e8es0as,0,0.0557490698993206
3,6be863f26f22cd79be272789ac7e9153v27yt,0,0.7085931897163391
3,7d8d3493942dc13742444f28626c5839axjqd,0,0.5416354537010193
3,85ac49e7f93bf0e20323de78362bb4aadnwia,0,0.05234306678175926
3,69e97e52dd6428671f46f2ab6567172d8mfar,0,0.05599840730428696
3,b34fe965c04012fd22123ed948257184pqvfg,1,0.94312983751297
3,5d5816d216122786933fb74c459f35fc0vnac,0,0.055004894733428955
3,63e3851eb5e1ee98df1065b333f6cb81mlby6,0,0.15819068253040314
3,23f9a0e1492c4abf375823266ddbe36bzukj3,0,0.05526015907526016
3,70c6727cc40fdc6f752b28102f31a38b883io,0,0.055760227143764496
3,60849c6d966f178808d94543173cb93dog4gt,0,0.05700753629207611
3,e6f73230e0fff1d9a6b1b8a6617002ea9owig,0,0.05365555360913277
3,ca5730b8dad8f35fba24b68c9ca5d445mp87i,0,0.05635356158018112
3,4444bfb455b90711234e0c25345abbaddrt0x,0,0.059043847024440765
3,3043fb0b4a1904222f640107f84d6f799tves,0,0.053605642169713974
3,70daecd44c89c37525aa2ca294378ead4dggh,0,0.9534643292427063
3,b9d861ce6162179a4b008b63e7fae80fjoywx,0,0.05631756782531738
3,6feec0741a319299c78c47040893399ebas6q,0,0.05902758240699768
3,ab0b0de534bad49af05faa626b88389cmjj8e,0,0.0583452470600605
3,4ac31aea605d17045ceedbce23eed239omved,0,0.057256534695625305
3,9375e98d0810ce9119ccf45300249636zfpd9,0,0.05436854064464569
3,e2165ff862178c7b2946f7f62f5a3e51wcvaw,0,0.056477807462215424
3,673650167f432c009e9dcd062cd4e9fc2szln,0,0.05488116666674614
3,5aeb71cdc92fe5d1c4a4e127d7ca7783gzje9,0,0.057481106370687485
3,fdad47d27b793b74470086c35333d4fepycsl,0,0.05846474692225456
3,f3ad2931359bca59c36ce55ba82f9af8enbi8,0,0.05341371148824692
3,30c3c92cc9408f55cfa895ff8a505930a3yy1,0,0.05686628073453903
3,1214fbf35079e7afc0a35645f8be8b218fd5o,0,0.059043847024440765
3,42e631af9bd00e5e816f08eba3b102d5ch576,1,0.8752194046974182
3,85d020b5f3d99d1272efa0a0d34c56a5dtvxb,0,0.05573365092277527
3,a7c910e7c7796d979aa9a7a31d74a8eaqsapx,0,0.0566776804625988
3,c6453f296ce36005d7e7e67e159e1b7cdbmus,0,0.058144599199295044
3,1df1dab2eb718c3da3f9a0aa90b93651sxqzo,0,0.057950958609580994
3,b853c1e4d6a4657d35705772ca6cfdc3qtox5,0,0.05883278325200081
3,30da67f34e3cc215b3bdad588410fab5655fx,0,0.05617337301373482
3,1395ca662a02245233af951cc7ad8313vk6w0,0,0.0582561194896698
3,9ae9782ecff93ddf1c6fa13d711b9fe1gc266,0,0.08845099061727524
3,424aed9d807cfe0b2167cfdaa4957fc0heell,0,0.05738670751452446
3,81c9c749b2c9f97215f3ddaf8b5a5fe1k757u,0,0.05591120570898056
3,18076726ec814a6f56da2cb9ea89d105j8vpm,0,0.05706634372472763
3,a7c263f3fe4f19ff677e5cb475f7e5a3gdom3,0,0.059197887778282166
3,4ed4760782d4e2c65bee8cadc1fcdc89htz8b,0,0.05558052659034729
3,91c749114e26abdb9a4536169f9b4580huern,1,0.05531195178627968
3,d056594c1d7976b6ad4ba23e2b4cea19l2i0t,0,0.2992812395095825
3,9fbfbd8a57e4d4b18338063ffa43f1bez92lt,0,0.058516975492239
3,510f33a3c0a290a0e43d2576d928a4abxieo3,0,0.058163873851299286
3,6362c8d61774cfcb6ada7cea1be63678hxkfz,1,0.10055029392242432
3,977436b0a445fa555d537fbf1d4bff2e4z40h,0,0.059043847024440765
3,c503bb79d4f3522f51d348c680906c1bs0w7z,0,0.059647902846336365
3,a96039c7cfb1d040ca978ec5e66ee2c0sb5ht,0,0.057035334408283234
3,03aafab9868455b78f0723eda86698ba9v9rm,0,0.9365866780281067
3,d43189c6eef7a763b2f8596228807dd89x9y9,0,0.05801543593406677
3,4199816cef8be846ca71ae752575744fimyto,0,0.9546462297439575
3,e268d06507859d78894a8f6e11995f48zls7t,1,0.9508333206176758
3,989e8e68621a43af5a8d061aa91bd9bfshy7d,0,0.056083936244249344
3,c5863a228287327c9980d12a632985da9vi29,0,0.12258116900920868
3,898419c2d011d5a822e9ee07c387098ezpc12,0,0.05909314006567001
3,08c39ef7252995e0749f7927249b8dcb1d3xh,0,0.058949220925569534
3,372bf02911448b7f62cc861074a7ac81y0jsn,0,0.057962022721767426
3,fb200accdd0411e96f1b0f6d6f6d4f52rgk01,0,0.057175617665052414
3,e8f3ce0b2d0849968400b63b992cc606psoij,0,0.05578051880002022
3,bb73823b1c3f577402c9aa9eabd1e412vp2xw,0,0.9112253189086914
3,fd5cef3fe1217c6591500c715d71717anczcq,0,0.055513639003038406
3,2d73ed3974473a764859084d51334440k5q7s,0,0.06399470567703247
3,db85fb5556f17b744938cdcc2e7ce9b5urspd,1,0.804100751876831
3,8a4fc219f01e1fe6d4328b0a47fc54905iv05,1,0.06476445496082306
3,ffc4e2dd2cc08249f299cab46ecbfacfobmr3,0,0.054834526032209396
3,60edf674563f85b227898f6af0386476efy45,0,0.058022640645504
3,142a2545c5c01937b05ac6de9773f9efgx0eb,0,0.05327923223376274
3,d6fd864297177c38cea65aed8a45fb7bbp2e3,0,0.9146199822425842
3,d79919e5ba11f26bce5e70f0a4f859e3e4q9y,0,0.9502633810043335
3,1dce9aaf9d6b9cba38f9c7489764fe30nlrq2,0,0.057290539145469666
3,dbbf9d9b1d7fa110208f77a681008077plqng,0,0.0543053038418293
3,486dc9de91d243625863313adc03aa6bv4s1e,0,0.05667993053793907
3,8bc48bc2cd0ee494e55470a7ab0814c12riuf,0,0.0570138543844223
3,30788b28de22d28938ecd7ed6795a8b022qm7,0,0.056277766823768616
3,bd85d0d7fbbfab49136c241bdbe119dbgkuna,0,0.057193655520677567
3,1ba9422d7a55aa5abc3ff37d1cafa9f2yds7i,0,0.12254611402750015
3,ba0ca6f98ed66bdd1c4e86db2ce4011fdk6ii,0,0.11655733734369278
3,233e09e861813cd087e8937f32a29bccs7b3l,0,0.055426958948373795
3,225716d7bdf8f90cb4a4b779c663cea5j9sqp,0,0.055420953780412674
3,2b2ee7d0ebdf910833b5cb173c567881jt8sj,0,0.05609584227204323
3,92f8392be617527734a2f18482815af9ak8l3,0,0.09752599895000458
3,12c1b22ede3c23949bf130cc7bac6316ks7fj,0,0.05559587478637695
3,21114d057c297080f0f882420d2436b5mmukc,0,0.05617796629667282
3,e4433ef42008dcff761f12b9ade6fd31krdwv,0,0.05937112495303154
3,e10ae48cce1e198f7283064cc8a2f836iy0z6,0,0.05336770415306091
3,17c59325ec223c94dcb301a7451c39871vxq3,0,0.056944187730550766
3,38d9e2e83f25229bd75bfcdc39d776baz5zu2,0,0.9340558648109436
3,50dd191676497345cc95d8b9f7284a7371z5s,0,0.058755140751600266
3,5097b3a4011380b5d9447e1a7a20b1a556yzj,0,0.05549900606274605
3,f781d7cab96d95bcea507cdd43b24255pw0dv,0,0.9100634455680847
3,c349d767ddda78ed58a3c5769e780598ar3ei,0,0.05577026307582855
3,afb7618f9e3fd071d4ebedf396e1d45drta96,0,0.05451389029622078
3,ff181014a0d7bb534fb9a35f22e24fe72m1d5,0,0.09255681931972504
3,c4709885ecca7b90dea4beb5dabd68aegk2pz,0,0.05484611913561821
3,f8e90361c36eb3f6fbd485748e731fb7w2ci4,0,0.05587874725461006
3,88ebdac47cc2623888e0bcdfb35b692ejrbvv,0,0.06616445630788803
3,308a5541e1206e126ef80f18cc29b7017520l,0,0.058435749262571335
3,88acd2e23ea6817d9d9fc28f38a8d1aftqssz,0,0.06033013015985489
3,68546847f11f6415034b7e2263e8ece62p3ud,0,0.057746801525354385
3,d5b75c812d172da1ecb3164a1cfb7527688gb,0,0.05373724177479744
3,ee45b2475e453e69ce712388959fe4acspmvk,0,0.058212168514728546
3,d810a7956e4d9fbc246d585ce84e8ea0750b2,0,0.05911220237612724
3,2366cd7cf3df530ef4fe40b36ffb936fyn3rh,0,0.059075143188238144
3,e0a9e4ffe2acd28599dacb91c98c34bc66vo3,0,0.05720972642302513
3,28a0d5539562290a1a2f63d5b7230db090ys3,0,0.06095651909708977
3,6326299ca6a53277b2bcea07bd0b4ba8ktbqj,0,0.05967821180820465
3,3e0bbd7d75cf543a56919ff5069b31a9gcbql,0,0.054450273513793945
3,f23ebc71f2d8d820db2bf0576ee7e148cxvkp,0,0.05665619671344757
3,4c341a39553faef07ddb917ea4e069ed0yi3y,0,0.05600446090102196
3,fb9b1e58ffba4b38175c11e03e51e1f48dnm1,0,0.05539175495505333
3,c1850964c360c9159e5d1d0b6485e210s6uvc,0,0.054900653660297394
3,88641b0f22cf175876bfc4adc44c00f58b5rz,0,0.057338859885931015
3,d9576f0ba8c7479eb2b26f0d15c4abfayk5ex,0,0.057011641561985016
3,8a7710ee3c886df8ca78c88120603cf6taql6,0,0.0576908215880394
3,531d4a209ec0cf76c9337b42fb1c3d9c9tcuv,0,0.055484216660261154
3,958de49cdd870198543313fcf574d7c4eutrl,0,0.1070249006152153
3,67fbdc4209a1566288acba904a2b5a7ee588g,0,0.11035490781068802
3,0e5ec5baf2e15afdbf5212d8461e1ad9h3kr0,0,0.05595634505152702
3,721e69fd30e33488bf82b7e2f9c8cee28a9ea,0,0.05901975929737091
3,e8b82b8640ecdd154eebe6b36ec63f0bdwhc4,0,0.05719626322388649
3,0b3d5f829d18ba30d967fceecb58821c3oeqa,0,0.1459585428237915
3,2271fe5b01f9b8f9d8409014ae4511524grmq,0,0.7947307229042053
3,074daf9a99b01591cb0637cb95c32600roriz,0,0.051354847848415375
3,8c09f4afd78059d9200cddc435f5c48ceph11,0,0.949475109577179
3,953e01bab9ac8786b4bfc77d183732bbqw6ng,0,0.06006815284490585
3,6c3bdc508c20f2f3871766cd73064c8cib3xh,0,0.05591033026576042
3,400e8b5b5447b4d11e06a8bb0754d8d6l6xoy,0,0.05795613303780556
3,9655ccc7c0c193f1549475f02c54dce45kjw7,1,0.9127704501152039
3,cc064e3409a1825e3c4e5c814376f140qxu5l,0,0.055073391646146774
3,026819504b59bc4eefb9963d5fe4271aql15u,0,0.054560814052820206
3,98aa09a7ca13559a9e2a43fa2ba4d2b7klwin,0,0.057964690029621124
3,162886daa0054ff1ad422e0f18cddff3qofft,0,0.06203894317150116
3,e241b80fc1b431397ba6c70f2fb8ccb72wbra,0,0.05723055824637413
3,1bb7a8c04e70386f5496322158e9fc3ef6d84,0,0.07057379931211472
3,950aa0150f419cd6361bd3c500e6e695xfljo,0,0.06113041564822197
3,8c939b6713b7881538cb05eca89cfb1cw1lhm,0,0.056508731096982956
3,7bb914fcdec49aa88c7310a3dda716aa9fb8t,0,0.05522644892334938
3,95ff2833eef5999a4f3ba4a7684d2b26a6v9j,0,0.054993245750665665
3,9f9dd5c179d357b53f145ae1e5cc941f5qfuy,0,0.056681860238313675
3,6da536112251f09a006b0c5223f154d46en4j,0,0.05632275715470314
3,332ef2c7189603a497fc89345ee4f5605i5xw,0,0.06366048753261566
3,572c9964ca41ed055830845993fdab29p4f03,0,0.057369958609342575
3,167008af05d4feaa636a565f6f83ec61a6ogj,0,0.05479852482676506
3,27ccc09ae923d1ca8ff7ab3242f279f7xuclq,0,0.05682813748717308
3,04c6b750b0552089c87ae03de72289cfcpfmh,0,0.05745822936296463
3,317d3e44b2bcfdd7293b84f82f44b8e31hx1r,0,0.05896454676985741
3,d9dfeadc7e0e844ffea3cfc706daae5dt2hhg,0,0.054967932403087616
3,af50d549e86276f034e52037722dd5aetouu2,0,0.05864538624882698
3,167b4f37a264b72feb0f559b650d1cbd3ox60,0,0.05505804717540741
3,40fafe756c4695b32df7d19d4c710dabvzr79,0,0.059043847024440765
3,2106dd7866abbfb4e7c68067d7eb9bebflq5d,0,0.9259635210037231
3,ff3ae9450581aa3de5d2326f70e39d20w8fbl,0,0.05684221163392067
3,942563fa6695a4b2f76ab6ff3bd58030i75z7,0,0.05887867510318756
3,ec6d3fbd8408ba43891370d4ffe41eabhnwbs,0,0.07099855691194534
3,6f07ce71625a0c57aa5c0c05071cba164jmba,0,0.055630750954151154
3,cca4426ec6d64f3e73294d4d5bc9719beud37,0,0.057379137724637985
3,308def7f05575db9bcb6a67207d6c1beb2cqt,0,0.05490053817629814
3,de4388600d997803223748e48bfc7b16ggyrh,0,0.05416432395577431
3,762046a235e00ec6521ba71aaa1450c28ijkz,0,0.9506397843360901
3,ae9e482a7f4a625a878c6ee0eb4dcd01dkm6d,0,0.05836211517453194
3,3ef2325f8b68e1c030547a2a54ea6b98zwa2w,0,0.058757632970809937
3,90953913d629a03e27590d0d0f64456601ktd,0,0.05979131907224655
3,76c85d6bf559bc0323bbe1639d233e88nxy36,0,0.9070418477058411
3,17dbe14676cd3a3cb8a7edb438622f7fv2scv,0,0.055835507810115814
3,43c76d050c9d2509d85c9dc2b1a1dba4zb3qt,0,0.06664443761110306
3,4ef4b3e5727dc85f18aaf00ff9a1e936qyhp6,1,0.9527822136878967
3,a116e727a3dc0b69f5e7ae14d0ab40d44breq,0,0.05517180263996124
3,437ac1b8d08c3b328924aad097a3dcdey2m1k,0,0.06171313300728798
3,44bfa21b7d497f097a594c8861d4f8d4w5e97,1,0.9093732237815857
3,a25f4c6838b83e0fcba372300c23c2537k5eq,0,0.05334915965795517
3,bd7d5414174da6df4b018c21495e8a2cxiose,0,0.6797518134117126
3,6e29de28296a57f039026ffc6df9145cxo2n0,0,0.9042989611625671
3,9e1f21ee1888368e77b539083f4b94ddv8mrl,0,0.05647331103682518
3,6b28baf315d41017844e15d645bb2c05ybt3b,0,0.05861901491880417
3,6a3b1ee159716b743ddb8e07e499fadbhqn74,0,0.05204083397984505
3,bbd1d48ef4e8e7e3855938755275ad2b2le9g,0,0.054067399352788925
3,de717bfad3ccf44a93f39e7b43f3b227cuu5o,0,0.05664421617984772
3,b8da3e0dc73d1f453ecbe6ee4d4e8791pr8az,0,0.056179314851760864
3,8254276e772450c5365707cde76efa4cwuzpd,0,0.05866093188524246
3,34e965deb822f329ecad42b94e8ba0ba3dpt0,0,0.8319015502929688
3,6c2488ec88e02bb38920200ece7d337e0bffy,0,0.05714938044548035
3,8fd35d215ab6530c2ef096c87233cbc93juwy,0,0.05473008379340172
3,19033960ac23dffe078a1217788bc720jvjbz,0,0.05662813410162926
3,0c55920fb607fef2d33324f33565758a6e4dj,0,0.058283545076847076
3,e72d1b2319a2ef39d016c41e4824b68evxe53,0,0.05636781081557274
3,7114afc59caf2cbaf6ec1733922065f3uz34p,0,0.05675153434276581
3,6275d51c0324547faa8a87b499812268tl90r,0,0.08324296772480011
3,1a764d01d19a1408382ccace87e61c9fndlo9,0,0.05643206089735031
3,0a92c4fa2bcdc8e952546d236b322053o5wbk,0,0.05867687985301018
3,681b4f9dca9e70441fca4a58c05b0f50skmir,0,0.055718425661325455
3,79cdbe82ec79d0e60f1b113d9a5bc5b4ar8bk,0,0.05965081974864006
3,3f977186d125ef8bcbee0c1562c7ced2b4utq,0,0.05543211102485657
3,49f4481b6bc2255e745ef20ac2a720754r9mp,0,0.058222271502017975
3,6ce47fddd94be5792190cad9d972a5c4oyjww,0,0.055579762905836105
3,d8a10762de6d62c087a0a8f0e61cf78bbgke6,0,0.05939776077866554
3,042780ee9a3730703e35340c575c3cbb7zjwk,0,0.06037221476435661
3,22e65b6bf73fab510ee814cbaeb9ebc1252mu,0,0.8412764668464661
3,177b031b4a77f28ff167b427ca967b52jetgo,0,0.05595243722200394
3,f4189a40cc622eaef015a19d75d9fe21mylhz,0,0.05897311866283417
3,f29896e71c8077db28617a03c0f14e7570emg,0,0.055278580635786057
3,f2ea6d89dd9897f0d6edb6f24c446f01ra6yk,0,0.7680125832557678
3,054b51d059fe981ca8cc4e0d4c49aabb5mck7,0,0.6511300206184387
3,b4495464d4503ccb8e696994059983c89g4lc,0,0.05921654403209686
3,69333c66e55cdd6cabcc6ae64531fc33w20n4,0,0.05625060200691223
3,65f52b46edfc7fa64b9e74557a78e52c1it54,0,0.05536344274878502
3,b1c9bacacf1f33a8fe48d1a4ae4c761bcltiv,0,0.06119626760482788
3,2a73f10b3b8f2b825e220ba0a1d2c49f9nikz,0,0.05812641605734825
3,8c339df2050a428c04a1c2bcbfe4a143loj8l,0,0.13002492487430573
3,b3dc6151c6813688d0423dbab13d3f19crw2w,0,0.058960478752851486
3,537f38e5fcf2656968e0a1752dd494ba8z1jc,0,0.05796907842159271
3,fcda141af3b545332fc3b2d55a8bba74uw7s0,0,0.06010526418685913
3,786cb68d5d2012dedaf70257449090f2hfb88,0,0.056536052376031876
3,741b9948c8cf42d658676e5a46757815zstr4,0,0.05595267564058304
3,5640f30464bb5a7bc6e98fd2873fc25dh78hp,0,0.05602911859750748
3,55453d252a225f3b046c094a7aa330a80dr96,0,0.058795131742954254
3,424b638423f4862b2a84f22ec25fa22eb2c8p,0,0.0557825043797493
3,0589cf78c4bece729f0ac620557210e13no3n,0,0.054909925907850266
3,3e602dff2e3bbe7a52236df2294c9e059fc2l,0,0.05705692619085312
3,e5736d7f8082d7d7fee8430c0e2279bcdmt2a,0,0.056090522557497025
3,ad228143392ba96c21bf51499bac1c3b3kmzo,0,0.05634947866201401
3,11d5f6925da5809e2d447788b85d6253jj8fu,0,0.8716554641723633
3,18e751726fd7c407c41cb18c20da2c4er5z1r,0,0.057559795677661896
3,3fe1dacbdaf96fab0c213e218968c518twu76,0,0.07119058072566986
3,53e2d855e008a5c2f79b4b848d467b86nofo3,0,0.058435436338186264
3,d81579750b388276f2d8f6d80384f499n13l6,0,0.06007831171154976
3,efa1611e96c3238913333b8525c6a196rvy38,0,0.05670212581753731
3,f939c17ffc7c39ac9b35b69e5e75179fv9pe2,0,0.0587751679122448
3,0381a69b7a061e9ace2798fd48f1f537mgq57,0,0.05890205502510071
4,1c5f4fc669099bfbfac515cd26997bd12ruaj,0,0.06154559925198555
4,3f3a3705be5ea07b9ba7ee646ed756fbssuo7,0,0.062296312302351
4,0b68888358a492884e3885bcd73ea63bhxidk,0,0.060022346675395966
4,2c581ec91825362ab66a7ffa05df5e70hl3h3,0,0.06522741913795471
4,2a7d1f9483d34546c4d099e36e3a79790qvjm,0,0.7679703235626221
4,bcf95b210295831ff6e20db3a570f909n3q25,0,0.8090672492980957
4,ef24ca4be7ccbd6ec68d4ea9f47c9e8ex1g09,0,0.06295975297689438
4,68600b8922561fe26b8b6acf1d11efdfb24k7,0,0.07379688322544098
4,87aa94042390f9267d3b7d90e42b022ek5mbu,0,0.06020120158791542
4,bd2cf3a868d168425cf1bde7c49d40b9jq0xu,0,0.06390570849180222
4,da6e2a5651b4f44fa3cff41cf9731ff8qc8fl,0,0.06519386172294617
4,cf33d05860b7f7d9af73c6091190b81ektz1j,0,0.8811765909194946
4,0cca10034c58287ee6fbec14a3f96c3546sdh,0,0.06216259300708771
4,577af9ccdc29dcacbbce0f36b7c1ff15btljp,0,0.06420747935771942
4,f5a67722732675f6285b70b9f008665fq01bk,0,0.06256115436553955
4,bff9a98b73f2b9a01300d3fd3d55b16b1190o,0,0.061073075979948044
4,28c0d4c81a22958352aa742f7d74e477qwo51,0,0.06234855577349663
4,3073231f45ca50ad6830d4dc7261f283iwjjm,0,0.06160740181803703
4,9baf61c813f1d4a09e3c70f6dc741f34voe3n,0,0.0624726302921772
4,3b233dc399f175100fb11ff9c66fa5b074z60,0,0.8810847401618958
4,fc8e62e5fb69ba67265a3d0e3403aa3fr8c2q,0,0.839506208896637
4,3edae72a9d44c43524c0203ce38581d1790xh,0,0.06389795988798141
4,a9229b83f54a5f44a69e65b9b3aa7aa26qcon,0,0.06092375889420509
4,5106dcca581b63cf2226110a9048ee4846sxb,0,0.06538400053977966
4,91d9b706f63537c5fc0027c50b0e3b06qpdgz,0,0.05973333865404129
4,ca76df527977e5168e1b3352cfab2ed9htipb,0,0.06237979978322983
4,3d9910a238a0f282ad3132dd6fc981c8tv3tg,1,0.9326390624046326
4,fae963b2adbefc663692d7feddb50d5dxz1hn,0,0.06419384479522705
4,db83d746ba8e0c388805fa3fcb235743vfqmw,0,0.07255939394235611
4,8e2a43abb8fcd8ef9801c69fc04bfcb5kyc41,0,0.08714775741100311
4,01c5692d487454cdbe731df330bef608f48zz,0,0.060235828161239624
4,520b616c26fc47935f6bcd5ec063eaa7w15t8,0,0.06108478084206581
4,1053ead33eb1a5db7c36c979a455348abh9ns,0,0.06218443810939789
4,4955e2c318d0bdca797ce17794ba18fblhaau,0,0.9241388440132141
4,ef9ce9b85309d7d1044ce57055705bae8pqlg,0,0.07340283691883087
4,72dd0e4788d25f62cc2ba942bb9499dc7quqj,0,0.060353949666023254
4,50791a0a98478b7f78f8d30acaa4683dxab5p,0,0.12494467943906784
4,929b75b44585b34d2b917ec181ecbcf298fr8,0,0.8334465622901917
4,b5310019f2bbbd975c64dc11189191022k8tj,0,0.06081508472561836
4,908ce7060337fd8550760a100921f6f7wsemn,0,0.06390482187271118
4,024937af9ea18a2b57e4f08762d181f7s8a3z,0,0.06389082968235016
4,1291b98e40353f77928e363d54a13c569bhfb,0,0.06315943598747253
4,c600968815fc32b20e0519ecfce5b648en2wo,1,0.9350893497467041
4,245b584befa6a5b8c759491f5f3db580p2m5v,0,0.0626959502696991
4,481db1a88023d22b3533044bff5239dbf3cda,0,0.060541268438100815
4,42c407eb70ddacdcd59d63f22caaafc4fa0p2,1,0.9018567800521851
4,175a06fdcf622c9455d0a77990b9302dj23ke,0,0.11755593121051788
4,a9237defb0a6478098f242b27ebcef18qrotd,0,0.06290306150913239
4,96b1df591dbbf3a002578574671d9ff1rmzev,0,0.06390482187271118
4,81a6dd18d43cb3b1999176eea563b438roe7y,0,0.06969165802001953
4,e7a98dc8545eb429007cb48799a40a2dc9p6o,0,0.9303755164146423
4,ff12cd48c7de8ffb8b2099f262ce03980dqqz,0,0.062457554042339325
4,5a2aa4e8c227de4db26547fdc1f017cbxb62j,0,0.06058047339320183
4,31a301c70e897bf36276031abdf07ab6cs6z0,0,0.06431956589221954
4,e0544483ccbafc4842cba7650677d043n2e5c,0,0.06523028016090393
4,01349288df20199905e719f0ff7ee771nwryj,0,0.05880175903439522
4,179a23cad40c51dd7804069bf769d11e1ftk9,0,0.8533884286880493
4,f75cc5ec8acf1ad2349e00ffc4b3191a531f3,0,0.058851927518844604
4,3a8124eb9fd3977e43f5e0762d9a09d536rob,0,0.06341934204101562
4,33a7a0121e28cca4e42494dd0f5aa03fdhlm1,0,0.0605313703417778
4,f61d93fddb01d2d89a85a132c649aa90lj1z6,0,0.0623416006565094
4,3d94b376bae8dd60eea48ded36134a3962glw,0,0.06227199733257294
4,7b93ccc9d5730b561ec5fa7f4bd48c04qudf1,0,0.8069154024124146
4,47c5cd21a74e45dd294cdd53041ec0a3dw3ge,0,0.8322785496711731
4,c2d1b8c1b7a9c8010f5b215e8aadb1d7gahpp,0,0.11928106844425201
4,6f46b3e231003daf21108df4624afcfdaaswv,0,0.06127312779426575
4,dfa45994c8471762d04deb23c6450598byp8y,0,0.05976652726531029
4,7b5bd948eb1d8075be58ec9240927bb59ugz3,0,0.06069060042500496
4,570910327f5584ea1ccba92634d89832lo1zc,0,0.06394459307193756
4,1e1c9332e90c1cb0f01da223bc043c528cvwo,0,0.06380663067102432
4,a0660fe8a46b9cb6b02e7b0c50eef6a905vt6,1,0.822324812412262
4,72994bece8c918a2c4c432b98780a7bdsctwr,0,0.06341869384050369
4,bd0f0c497ef09b5c1bb18b330d932bffktn3i,0,0.0628589615225792
4,44c75302aa4404e23781f8337cddf6ed5tqun,0,0.0650147870182991
4,6c55d253787acf5210f7d785546db80dqtleg,0,0.06526529788970947
4,e5f43783127506211df8c6290c2ecadbyr779,0,0.0650092288851738
4,5c725e840bcc103bb8d12c54ba9a0b37blxvw,0,0.06364569067955017
4,3c0026d48f3d6e10cef6cdb1f708793ccwkhr,0,0.06238294765353203
4,6ed7b95dcea7b359248e9efce91cbb11lm7hf,0,0.6237955689430237
4,8f00a4c4d7f097bc1688f8d89431f6bfmodq2,0,0.06524907052516937
4,35a89119272ca55d7f602689616b58c3pebir,0,0.06302511692047119
4,ae45f9b94d86f931c84c94f3975e3d7bkv2r0,0,0.7717564702033997
4,d1f000f475c502ecd2e993c52987e63ed3k7n,0,0.06520906090736389
4,e1fb642deec7b382433de94983d97681o14ko,0,0.32925480604171753
4,bf80bec9b4a8d29c494f8545f2a4be4eji6qj,0,0.8986051082611084
4,313ede314e2e05c31471fd6a93f98af713jud,0,0.06199412792921066
4,35b111da8e919bb34e80511be9cbd128pjjdm,0,0.06529497355222702
4,f8d0d52114da74d98800dc7553008705dth38,0,0.7576702237129211
4,3d7cff3dedd8a8e02dbc551c6a61da3bibbvh,1,0.8856695890426636
4,66513f72be85596a527f9f653db3cb72cq4jg,0,0.7346014380455017
4,01255c2c7c5578c186873422fc00fd7afwk8k,0,0.059951309114694595
4,3835e3bbf9a17a33867860a9ba19621dp4wdc,0,0.059706851840019226
4,9ab3bca29dbc32070cd7f729ea55639a350tu,0,0.06194643676280975
4,f01d8d55568b1f54b6946a1b78a3983exkz5u,0,0.06319934874773026
4,64885ec89a54c64598b2d196e1fe2e351cd60,0,0.0626688152551651
4,2a4654987b59646a120ac74301339afc4eylt,0,0.063998743891716
4,7d72bde2e297ee81296adb4fd56e8800p7lbe,0,0.06500119715929031
4,6533b670e02ccf583288ba7c8f5fb1carmirt,1,0.9306939840316772
4,55d0b2506cef6464d799879b65c6ba29hjcv3,0,0.9053054451942444
4,dd1675bf26316cd4630087fb47d0ff8fsug8e,0,0.05896696075797081
4,9be87a4f123366660d7f6d40ffa493a8ffpsj,0,0.0631915032863617
4,0870fb7e5701f3ba56762b03e157afdc1yw7u,0,0.9344778060913086
4,42cce5c657dc7d99911d950cb22fcb4fmzz5e,0,0.06322326511144638
4,51d2e1b98b7a1e42b939637dc6e11381zu201,0,0.06788435578346252
4,876b122982958678f14bb25d887dd79dun3qa,0,0.06494024395942688
4,061690ceb6004807b7906968bf382dfcbve7y,1,0.9350538849830627
4,ce22684df495e376e32ac95d3ceb1164t37l2,0,0.06531013548374176
4,b1729d5905e896a8411f81bb65d66343ladls,0,0.061715930700302124
4,790c497536a2a9fe080c3b2ee6d5eeb9caiv8,0,0.06235761567950249
4,8d8f705595701b921012777a281a553622300,0,0.062254857271909714
4,06a58d4af0fe7ee15324b0e921e8de1260vef,0,0.7329141497612
4,0e8212e286ee36da8945c2480e366417xa22x,0,0.06191006675362587
4,d7340ee3c04e600c31fd2a34c760f7e7d26bn,0,0.05742776021361351
4,e4a9bdad09ebc5d5a264723855fcaaad6q52x,0,0.42591235041618347
4,84c4b58a1491da3a30710bcdf61f87054xfq6,0,0.08005645871162415
4,3d48fb12020c1a81a65fdba2d75caf0d6q2nc,0,0.05776350200176239
4,936d542904f515ea87bab7996497b11aszyco,0,0.05924847722053528
4,c97dda0fd2de7d82d3a52eb6c0788062h3tq6,0,0.06531927734613419
4,0daf4f87eb695e2a84e4156154209e09k6ga5,0,0.06396310031414032
4,9f7e3e648ea8e6815c6e7caf59412e843iqbz,0,0.06210388243198395
4,8ea020a1fdccfd726f74ed7e90dc3400zy9iy,0,0.060596875846385956
4,b77312a06d10e22e3caca85fc7fe0342b2adf,0,0.06527198106050491
4,cbc71ae3c3690c89485eda3f08b9bb51rqrxz,0,0.06383883208036423
4,80bf6ab93fbb8316efd5c0b42d4b46c83qrdn,0,0.0638793483376503
4,aba1120a5b13cf72c1d52c0dac8aafc67nmoh,0,0.06045205891132355
4,5aae3111e4fab04fa5067c740329a38d11361,0,0.06135621666908264
4,6393f55c093e04e6e608e1ee8be9c3e28omjd,0,0.0630873441696167
4,aa7e36069de119ee3ad7c4d8c925fa3ekrs4i,0,0.05751648545265198
4,9d98d3f00a0c0bddf35470b0fb735fcdhiriy,0,0.9210740327835083
4,0fa357965f89388d8e7eb8cbc3b85c6bnnro4,0,0.055503711104393005
4,80130530788e55de6e9fd515271859d1kgfsd,0,0.062160246074199677
4,4882587d42b3d7d8d7bec4315203f10bl2fts,0,0.06387960910797119
4,452619e019e5651a8d98e3d59a478b7fez5e0,0,0.06177908182144165
4,9f101e80580cbff55a2307c028408a91nebzc,0,0.8976858854293823
4,a9062f1d7c589bb01ee0b330ee8791fc702il,0,0.40097159147262573
4,6e18a078182a21b8522bb69a822cc338in7rn,0,0.061370979994535446
4,af5d33f9724b0e8c1f875406c0556d1e6eotm,0,0.8902732729911804
4,e2a61feee7f94b49d7de1ac6efb237c0fjt1z,0,0.06374412775039673
4,d4be674fce23aae81c4cb946d4fff8671gxtu,0,0.05839148163795471
4,3d48d4b09fc7559bb6c129fb65c133808brgv,0,0.06522123515605927
4,1bb03cdb913f203f704caf8bf6840b6fbpigb,0,0.9110196828842163
4,403640a20dbd2c4bf554e558de137deckn70o,0,0.0625816062092781
4,1dfa6e724441ca3c913b3d40967c17b2p9xr7,0,0.059299033135175705
4,d2fc5291537a61882065e571c21e796975uy0,0,0.06354838609695435
4,e2e14e8e15204b504b146d17a2bed925qg3u2,0,0.0651550441980362
4,0ef9be4eb3b6a03ac2945522964b242ap09cy,0,0.060920536518096924
4,efdf59a8ca81c5d3744f9121ac8fd2c7coy3g,0,0.06213734298944473
4,86a3a9861ed45158e964f9d004a224b3324cl,0,0.058447714895009995
4,e0df56a5ea8094d070b0130d7178a996noolv,0,0.06146853417158127
4,abec779131ec6bd32f5e32ed0f274400ekljo,0,0.0607144795358181
4,ae15accae2164aae084aef7e3524c1fflq962,0,0.06230169162154198
4,98a5197faba8ba72d6ee9e1c95d65d737sigb,0,0.06868710368871689
4,d95c969eb09086bbad373dd8ee80cacbuagvf,0,0.06522127985954285
4,dc87cba6dc8717e219e9fa9edcd10ae4a2i86,0,0.06237608939409256
4,0a43de0ab0a7525fec59ef4bc1dda7a2z9z69,0,0.4126404821872711
4,e561791343f3564a6fc612a98b5f3df34rxok,0,0.06407783925533295
4,631f923b7bcf91f61a2e9f96520bd8c8vtl14,0,0.9226326942443848
4,13dfda714fb516e1f9f7abb0c927bdc2zmw55,0,0.06390496343374252
4,4c67576a6f30a158d16d790a7fc482b0zqxue,1,0.9254356026649475
4,98eed7cbee9b1a1b526a635648e7cd2fhbt5w,0,0.06537708640098572
4,414af5edf09c473bde75644b76a68e7feesrw,0,0.22470904886722565
4,9b733fcc97535e27037c231858a711adyzvqf,0,0.06290648877620697
4,a6d6f3f5034886fc00a1245b439de13a66ha4,0,0.06272750347852707
4,1dab9ffc5c6bf06e86e0dd1b3cb9ebecn5pu6,0,0.06519860029220581
4,d9b611dab3b5116f761747fd3166ecec80icg,1,0.857934832572937
4,669c6a0e8aabbf0647e8ee6e150c47b18a4pu,1,0.8626887798309326
4,2fe472c1be232dca314d4bdf0fa95165rjv69,0,0.6862902641296387
4,bdbcdf6a935f4d1781a2d33bcc4967130bdqy,0,0.872817873954773
4,bd29e36cbb063cbb96ece76680ffd9121dy90,0,0.06273582577705383
4,ef89b74b58c49c1a321d3d7ce061d151k51xm,0,0.06538967788219452
4,a2b4df001b0e40a398f6d4ae9b316c0eix5bh,0,0.060014206916093826
4,c9e1e860e39bb7d4dbf3c91c5d6c36c2dv4tp,0,0.06516781449317932
4,f7e3635c9a532fb9a60d6eda6eb7c7de3uqs2,0,0.05954640731215477
4,4d6580da346435dff2503c55ee5e0cf8wbkb3,0,0.9345730543136597
4,5720c8d7bc15b94037cd75ff9496a35evugeo,0,0.9297906160354614
4,2b5a7c969ae95b239583f09936560b85g574d,0,0.06086140125989914
4,b7630ee9a73e7ba6f11f7717b7f03ed4be2hb,0,0.918433427810669
4,72dbc4a9f579a9444c126a0a67118783092ec,0,0.06174304708838463
4,e9b27622a64f2eb9dc7559d43bc45e31yci23,0,0.06244531646370888
4,76d4a0147a60d871867f00adf45cb792w9c6n,0,0.7404815554618835
4,84c7bbdc12233f88f35c2c3b8f178803ta03m,0,0.06058703735470772
4,c1624207d78346c3c58cd44f3d5472fcriae4,0,0.06258495897054672
4,3cab5bd983f5be9c16789b6c14bae982nhi9c,0,0.06440375745296478
4,97ac4a68e5600c4b7a960d9580d4f251470mc,0,0.060397904366254807
4,0817731a4d2e319f6f771da3f522b8bfv6njs,0,0.9220430254936218
4,a6214d8bf07127661f322afa7c8dae91ypizm,0,0.06309832632541656
4,dd76fa7a75bd0e1921f71d255a8e0853l4lbi,0,0.06141640245914459
4,a0aeb6de8a21a5b776f63530ed753fdb34k7y,0,0.5436924695968628
4,8215dac41ad35a074c93bfcfbc0f908chlo5n,0,0.05905584618449211
4,a2bb8b3e3ae4566203eb5b3021b4d594pohf7,0,0.059921544045209885
4,63c48b70d37dee5fcfb26f94107ba3b94d90p,0,0.05686531960964203
4,f3bb3c26162cfc1b8c3636a7ba126010na3n4,0,0.6036034822463989
4,89291354b0939c342be97fa58e018bd89fvcf,0,0.06032644957304001
4,70c31e8b3476b953648fd4f8775c1950m1uz4,0,0.06147070974111557
4,fe19fadb955fee4c5fcd0e30e56e1542kx66p,0,0.1867489069700241
4,24284d3fc3334e0adeb6bb95637ca62d6dm96,0,0.059641577303409576
4,93ab2dedd76c1859885cf724ebcd987c9ngfi,0,0.06182602792978287
4,b729f60d26fde89a01f3fa89759d6b07t0ec4,0,0.9323234558105469
4,36e2e2f32a3872d3e958c0a58ee79bd129xdy,0,0.061216432601213455
4,3ded667003605eb856ed1aa2b82c1732gtma1,0,0.05724388733506203
4,d6517684989560cbb0da1fb2f5bbba9b9y2st,0,0.6615472435951233
4,361c6da33ccd1c0df152fd932e6fb2a69i4ux,0,0.06253410130739212
4,6a2c4aeaa17c2fcf20958803a674f101vlxw1,0,0.058756932616233826
4,9685887173cc2e1e5ee3993832a4b153bfl9m,0,0.05957088619470596
4,716079d1913959ccae0307f760bcddddt6d4o,0,0.06157400459051132
4,c62a6956e93ac3b56b1292f2c2d85b1fyekav,0,0.06390482187271118
4,ffacbed056cbfaa60c1fcf51f0d381bddr3ly,0,0.06149723008275032
4,5a823474f9fdaa129dea9fa690d51b62rgm7q,0,0.06385352462530136
4,d92c8c2d4c29d4c785431a8b34ea135awepbr,0,0.06227364018559456
4,98ad4163bb0b1abf72f165056d4bf1a1g8ekg,0,0.061083193868398666
4,c478f94c1323552e85aec6e1013ecba586320,0,0.9315693974494934
4,bcbd5c95680cab78cf904fb936dd03f86g19z,0,0.06516657769680023
4,764234598477e02cbf8a43983fd43850l1c8f,0,0.06318241357803345
4,f01e3769fdce36d31eae85525827ab17xeu31,0,0.06029593572020531
4,098bfc9c440f9ba9e6371f774ec6a36fa0sq6,0,0.0640532523393631
4,58f590a56f480589646d255d570b0877zcjw1,0,0.05921351909637451
4,a8c2410eb81513da23261a49135e4eeacw6dw,0,0.06456530839204788
4,11e47dc08d7fa4d1a1953b5868892f72qvlho,0,0.059543389827013016
4,c5120d10a23eb0c10d56a19fecbf9da85t4ow,0,0.06282182037830353
4,1530008a712831e35a673d38959528f4ozipv,0,0.062140826135873795
4,f4294bb3abb69fa3183e7e851b58b278k83z3,0,0.06427942961454391
4,bea63152ca4d99f549999ca57b93d015z9kyh,0,0.06002495810389519
4,e21b238213c361523d276d67f37c05e3qot5q,0,0.062119387090206146
4,96b7bb4238e7ebb439d81d63db4c2796aoofv,0,0.06043880432844162
4,d3e1891edac2851f6d34de566802cac8m8dn0,0,0.05879845470190048
4,53f61a2f33e8b07e49da643af49884782vzdu,0,0.06373822689056396
4,86a34cdbb975c141eea1854b10dbf1c8seom3,0,0.06168152019381523
4,5e945cce4e72950e0930b2700e77fc8eq2abo,0,0.061874572187662125
4,ae0dc05e48d0f1e3ad33f37b4400bd069jktv,0,0.06115953251719475
4,b258a38ef4cc6ea241b5473ee9badd32ekhoy,0,0.06520557403564453
4,c749a25f3a07304b959065d83bbfc5f75u1my,0,0.061612848192453384
4,4997f0d7074a1d9f8bedf5575b6a4372w7nro,0,0.06324639916419983
4,26508777dcd84df59b467a60d9f18ca1pvvbs,0,0.057589732110500336
4,d127576e329604b576df0a3248cdcda3279td,0,0.5735058784484863
4,bf6f2ca50a3a6a3113681e754307aa4ehnd5j,0,0.06108185648918152
4,e7445f6107c8cd3783fa722c7dd29fe6rcd3a,0,0.061318039894104004
4,29bd1e11a41eb2ff50af75d10f28041ejh9xx,0,0.06052933260798454
4,a46025d61131de18474aa6f167e04bf08w9x6,0,0.42760348320007324
4,3272e16da807a75a987e26b09bb2147by1mxe,1,0.9339402914047241
4,3893d2c62d59c232112efd332bc342dap8b4j,0,0.06109244003891945
4,06c281e31f83dcfd3fe70d2ee2d66bc7e6fw6,0,0.062262944877147675
4,24d4554556deeebf61510cf3e001edecu8hgj,0,0.061658237129449844
4,8a958e0092f6ca984107ea6c3975f806c59m2,0,0.062412869185209274
4,655a95d80489d145052254616787cb84fwqid,0,0.06335539370775223
4,1df5be644b8963750305092eb8ec878ayba4x,0,0.8548658490180969
4,438e53670ffa2990cdef656700bb49bf684fz,0,0.06192419305443764
4,b86050461e88566061c796dbccb1f7e5at242,0,0.06377723067998886
4,fa64fdb8ad70e86efbfc31179e93e99egd27l,0,0.059387803077697754
4,3c37de5e4321388ba706233d5ca4a0bfp7w67,0,0.06393657624721527
4,b7515e5f181a6d4884674897226cfe9cpd6d6,0,0.06394830346107483
4,fc870f3872dd5e36e4dfc4ccde28cc930tify,0,0.062119901180267334
4,053cefb7e952bd81d7a6db267a121747te7lo,0,0.06471560150384903
4,4e22432d4a059b14d1d6a68a1feaa953k8vrb,0,0.06257153302431107
4,83e8aa6cb15daa745c75ba3c29a2f646zjw33,0,0.23433421552181244
4,82ae4df0acf8237d7af1a790e3848645bp73e,0,0.061436984688043594
4,74429c9ce8183e2b1b89600e6de4ceea5kn1t,0,0.065240278840065
4,8a3f5e16e4e689897d872716efeeaa0904tyl,0,0.06366302818059921
4,e76154d73bb7d7b86d9bd48d167d3c679z0va,0,0.061270616948604584
4,ac2d643e0c0d3bfe8e54e5a961c6cfdb5xn9v,0,0.8087226748466492
4,1680b6a12fdc8c64645c00ae8048f99c6uzoz,0,0.06124035641551018
4,c8a99985c7bf230f475a8e9be6a17d7a08r3x,0,0.06285631656646729
4,0547dbd3ecb4a293913f138d60b586fdf4ane,0,0.7720783352851868
4,b6e52f37365cfeae9204a9f408b8c3a4idcs7,1,0.9363020062446594
4,459ea22b6b51936d0788de9f78a3547bf4jrw,0,0.06248405948281288
4,6f6e3687f67272b103351641b678225abarzw,0,0.06503304839134216
4,ff92ea4abd33ed38601287f0e1d6726dmgx1f,0,0.9286837577819824
4,46a28eaed47c29b4fd148a50cde44840u0bsn,1,0.7926357984542847
4,668d393e858e8126275433046bbd35c6tywop,0,0.7966015934944153
4,1c61726e316d5a16aaa80b429080c534u43s0,0,0.06210668757557869
4,e783e5f6b818d18eda4065282022ac23jd1fw,0,0.0622827522456646
4,b17ce8bfbb565945ee9f289c2ddd8abbu1ndj,0,0.05984000116586685
4,a262e805f766306f4adb38211abf235akxqh8,0,0.06278929114341736
4,a679d00c30c269a8eca148458abb8665kciaf,0,0.05979899689555168
4,64abb8a286b2be97349e8b17abcce6d9rygza,0,0.06072002276778221
4,76f7e6c70f2b84d885b23e2b2831e113ueqo2,0,0.06160987913608551
4,83c9359ad94eab7f4b8fd582a6db4733frmsr,0,0.056549280881881714
4,9372e27ce85a8c8b9460b87c37cf55ecqjjkd,0,0.056557368487119675
4,aa3ac65055bb4b1660f4d8c1d2c187ecoqvn4,0,0.061049237847328186
4,e134f2bb79d1a810aada6a24760c8910mh5na,0,0.25323981046676636
4,eeda0d135495167db9425fc5fa3a5e3ex2zel,0,0.06526042520999908
4,c0e4be8d520c7bac2f51ad80a98876c2aan70,0,0.06389780342578888
4,c67ecaf47f857f37f63ac0f4b9af3249wwdtz,0,0.06307277828454971
4,238808859d7752579a415e89a395500fh2o65,1,0.0617302730679512
4,51cf4dc8898554aedd8572f97a95ef5cpi3ct,0,0.06967793405056
4,9a44bfde11a7b6ade17cd33a2b5102fcnlhm7,0,0.13983362913131714
4,ae37c0f4dc6e3d99f5b0243fd18294cak7pxy,0,0.6168367266654968
4,67ab503313f60aaba89f64e2ce3b459fvyahu,0,0.06460170447826385
4,63424f85cf53557fdb5dfc6a280af75epl45b,0,0.06367593258619308
4,d4db72f36e6ad1668dbc0bf4f0e1c49bn12a2,0,0.06388230621814728
4,817f8074bad1c717afaa8d1696f9b2b00muzw,0,0.06400154531002045
4,c8cf68aa6abce25325dfdad4a98fd890ap57f,0,0.06390482187271118
4,8b4bcc98fa4666b22c7a17c9a4b93ebenlmlb,0,0.06371033191680908
4,9adae18220565488f77036be41cf71beiepqk,0,0.9077843427658081
4,0a09adcd35b5f26d75f251006affc747drfu4,0,0.06487521529197693
4,f428427d7227ddcda377cd00f07749576c6b3,0,0.06529462337493896
4,8066d0a6ab30c52b3ddca5da19518b6188t23,0,0.06022263318300247
4,afdd5c7c912f9b6a88c0c2619d618124ycm44,0,0.06391964852809906
4,97db2350652f8d01237fc4c59a470eb81h9gs,0,0.06227406859397888
4,e8bc0150097c1b2b8b8c374b69e0d3a6mxfcm,0,0.06323162466287613
4,227bc0936837200d0aaeb444ab8d5f1axs8zr,0,0.059462107717990875
4,01c1c7be49cd6cfbb9075925a05c9899p41va,0,0.06276421248912811
4,e8581ec94cd4d5009ab6b36c6aca9f0cp3txb,0,0.05799620971083641
4,e50426efab1e9d60b8f7258130f8791czrpvg,0,0.0653509870171547
4,24a9abf72cedcb421e831c1be26607e37zojy,0,0.06228525564074516
4,eb27d8daded752fc0d1c828867b0f118cswwq,0,0.06374592334032059
4,bef84146ac1e2f21e928e06ede1404793bfnx,0,0.062058474868535995
4,90fe8d6fc0bbe4ff2ca7833fe51bddbaaibof,0,0.728520929813385
4,0f8cb1baa83fefac10f885f79149bf13kn4nw,0,0.2446824461221695
4,9dd7e7ef94a7bc5bc9f98c42099910e7o76qh,0,0.06269965320825577
4,5201935b289665a197e38f747882948fjt867,0,0.06217947602272034
4,fe27fe0815883aa3e1a312f0dcb45981txa2m,0,0.13013488054275513
4,33895230e0b25b5d3133d502ef3ecabey84m6,0,0.13218489289283752
4,1982c4b164171180d480166feae881ecmxsgl,0,0.06119195371866226
4,7ffd9b7b795d9335153d481fba4b3076plrxc,0,0.06341483443975449
4,8b109c0aee5ed07fc996e73d28e65888o5jmc,0,0.06478144973516464
4,050a3b29ca1818e1f237df8132bc2013bcuxi,0,0.060691338032484055
4,74149197c8684977e397ab60a6a264836b0lv,0,0.06253735721111298
4,55d9cdc3af85efe87b2a6f22a2cea96ezy2ax,0,0.06271690875291824
4,6130cfe76ed3bd87c8f8dc6b2b2786dcp44xy,0,0.06217148154973984
4,8152c94b639be88e7076f0e32bd70e0eg004b,0,0.061044178903102875
4,23bdbb8575f191b71853bf78d09e11a1lhnfn,0,0.05791079252958298
4,9ca7afbb673865b01cd4b02846054fc1p3vjn,0,0.6660244464874268
4,d144312f2f68dc33a63b7863911b2aa459i99,0,0.0775163397192955
4,6ebbb4e7c3fb4ba44a89bae997717924gm89u,0,0.06156499683856964
4,1456b44d8b2b16cd94278137269ceb11ns7wy,0,0.06331372261047363
4,e59ca537cb8df3053bdd555bc987b4a7c7m4e,0,0.06105213239789009
4,078e06b3288cf8f18ab7ed44b245fc56nbyfv,0,0.060283053666353226
4,81392b54fee8e50ec74efb27cf0de8e32fdm5,0,0.06281240284442902
4,4694d67c21e9a2edd614e717aa3f4dd2e0w93,0,0.06522376090288162
4,b1863365ae232a316eb946ba56a29415m0gdz,1,0.9289467334747314
4,1275d8a6a3b2ae9d24b50997397c254cpuuzv,0,0.8693545460700989
4,ce7d34398a6d6011bcd96ff0aa82b6674hxzl,0,0.06113920360803604
4,1a09feff347553a2577983d7c742e3d6l2hfo,0,0.9176978468894958
4,65435e491aa69dd9d44d70a9aeb6e847oqlty,0,0.06282678991556168
4,628156f3bce703aa6bd275089c6c692499h1q,0,0.8137266635894775
4,39b501f37dde9b055d627394964d3260qiktx,0,0.06029030680656433
4,d110111b8700f290b5d03a0e243fe375r3woe,0,0.06100538372993469
4,37ea72c53cc50112ced4f88810f1b38euoz4r,0,0.060196660459041595
4,cefd0ed907595de146c91e6c26b8ad658ilo9,0,0.06054184213280678
4,069d251f2fc19102924468ab38349d5eou7ab,0,0.05939615145325661
4,d588f4c51e67a340d1991a8130ee0b56hy0r0,0,0.8711368441581726
4,535ed161b4c9960a71ccd53128df4766ddyq6,1,0.9282154440879822
4,a46046f129f3526547aca680877fd8c7e6tfc,0,0.06279251724481583
4,2c449b1bbbd5f8d9bcc1159b7bd3caa32jhtp,0,0.06088458374142647
4,77b7daafef906aa3f941992bcf94dd69zxk2p,0,0.060938168317079544
4,4731be79b5c7e894dabe5986e747b97bd6yxh,0,0.06282864511013031
4,96dccfc370343f6871dc478d5b2fc3ffx95d3,0,0.49969321489334106
4,c615c31c87260c0d85727deff6da6667lgg33,0,0.06234642118215561
4,baf1aa59ebedbacea2ca418c5aa83888imys2,0,0.0625419020652771
4,c65d2236a70982d628454d19472ce26eltxgf,0,0.06270567327737808
4,74cf3a0c5e4f080415888bad2f7119499lh63,0,0.06164136901497841
4,d31f6cdaf4f8485190b4ea588f8c1733y6qu9,0,0.0652628242969513
4,4aad6f0ffe775217e4ef8c91d69707545li52,0,0.06130122020840645
4,8d500e174fc28d494482f8ccb9438608zd51s,0,0.06448367983102798
4,81207d4ecf830fee924989f4fe1eaa7fntkmw,0,0.06054574251174927
4,fc48aad7a51d965595b59550e08b94c670k7w,0,0.06525032967329025
4,acaec0b9f72bf4ab4318f3244344589b3700a,0,0.06183355301618576
4,120beb4523541f769a2b658cbc41dd57w7im7,0,0.06161518022418022
4,fa918060747386f431a511c862565e34y1pdw,0,0.06084457039833069
4,25331706aa2157419da068e93f3989feyo7a0,0,0.056938622146844864
4,21fd0c468438a483ad1c60cfd1b84b850iyjv,0,0.05810137093067169
4,949689cced5d86578e6c8b664ea76d6aq6zxg,0,0.06388182938098907
4,f0ce8b973cb8d6eef9221fd3d6698fd4kl3g7,0,0.06167981028556824
4,99a3bacd3eb66c909a02b85402ac38dfskz65,0,0.06223887950181961
4,b5d61accc925a0e86ab7274e1ad82532gb1w6,0,0.06414962559938431
4,ffaf0a972a6dcb3910fd6b16045781e2ava5y,0,0.06188273802399635
4,53d9e7fa087a0dab6a472bfbfb694622jv072,0,0.06343166530132294
4,17e4d6d9a1f8ec00cec1d4fe79b059bd51476,0,0.06254100054502487
4,170a58cf637c08f0818ebdbfddca29c9irkxj,0,0.06278589367866516
4,f6a7e7b14d39804c7d15627e2fa384a1cq892,0,0.06388452649116516
4,f5b2bbad20d1d7ded3ed960393bec0f40u6hn,0,0.8673242926597595
4,7959bd565852dd880cd31278fab3660fuaqyw,0,0.0597524493932724
4,c83ee624c46235430ad4338278f6d270wfzre,0,0.057654570788145065
4,0e373556d3bf588a1bb2ca6354120cf2dmvjs,0,0.06311789155006409
4,ad590c59c30187b772258a059d532db42tf4d,0,0.06520632654428482
4,a4e83190edb97fefdc4a6cbfd00f41fbm7c4o,1,0.8378500938415527
4,c670e7fb466b09000f1053d2761752268bkfm,1,0.9330102205276489
4,c41cd6791e262b44d26bdb3443fcfba97wlm3,0,0.8507591485977173
4,e588d3f7a141147e4f8dba29377144707vupo,0,0.06238050386309624
4,5f529b5ee68b60482c5d0c56ee91f3c2cjrmx,1,0.9248722791671753
4,0f4669e36b2e721dfe27f8633b277a1575erw,0,0.06516419351100922
4,70db4530c292bc759238b8306ff4ebb6n4l6t,0,0.06152426451444626
4,e49dfe2adbc4b3789f67bc044c231473clc4d,0,0.06263547390699387
4,f28b5654b5633a0b5e3f757a16080116sjj1b,0,0.07722560316324234
4,bb4af76ec92ce75e8abe9a6a481d4314jyo16,0,0.06535635888576508
4,37d71b4ae830fcfa6f0c4f65ec386414n8h5l,0,0.061998359858989716
4,e9f928411213f44502e4942a29553ab1tbqgu,0,0.05765180662274361
4,f895a8d9d7974b3ee7f1f04a25a950e9v63ps,0,0.0596020370721817
4,f473c995ca7b5287f9b2f079f0d78a1e92226,0,0.7744796872138977
4,9d8a1ddb38499b3403a6a93395ef29bcrznni,0,0.0619698166847229
4,9f52fd88ba073512be19e3d24d4bb6f91l531,0,0.05814574658870697
4,25aca203223b4d9563f5b1a01aa3a21ftlgve,0,0.06277279555797577
4,6b1666662837213ce77c329d8cb2a842epaeh,0,0.06119859591126442
4,1b7c070ffb2c23c1d02ae5bc5d817d06qz4xb,0,0.06225413456559181
4,e29ae1bd8e6e7dfc9cb43b1572d3d55ca0hc1,0,0.06264530122280121
4,385325103b3eb54b0b974523fb7a13e02go5s,0,0.06035621464252472
4,2b5c4051f232c4848dbbb477c5ad7f389f4b6,0,0.06532562524080276
4,717a0a200628f9606d88afebaaeb409bv60y8,0,0.7940307855606079
4,e0fecfdf4029d9a91664e703a178397718lyl,0,0.060791417956352234
4,aaa686462ebb950550fc1c6136ffb273vkrc5,1,0.08772764354944229
4,9744d8ea513490911a671959c4a530d81fj5e,0,0.12022148817777634
4,d2b8a15ae403dabc5aa752b205181dbe1lm57,0,0.062454838305711746
5,91a3c57b13234af24875c56fb7e2b2f4rb56a,0,0.06253600865602493
5,4ab12bc61c82ddd9c2d65e60555808acqgos1,0,0.06239580735564232
5,d1be739798ba0745a1fd72ac918a9f1929hei,0,0.06449808925390244
5,1b26a52e1e5980c8487bb35cf5027fdfwfnzp,0,0.06564183533191681
5,c0549e76b179912d52a28c3eb9b29376yaxvu,0,0.06494131684303284
5,38e919293f5dbd62d87ce288e41aae2a281m2,0,0.8983539342880249
5,9c509838d129fcee98cb3934079ca36asla50,0,0.06473323702812195
5,067ff22ebf0d33fe0deedc816d75973865jo7,0,0.9007843136787415
5,eaaae0fb54c7d36724a9679c3128d5a7gn4k5,0,0.8881353735923767
5,a22fdc066a738070c6e4860924d06657hengu,0,0.899917483329773
5,29cc13d48af9832e0eb481c8a095fec7mom74,0,0.06409405916929245
5,a1f4d216a1a92507d97166151d7c9fe37bei4,0,0.06504702568054199
5,5686520af5a4215a239418fec906f88e4she5,0,0.0650126188993454
5,e3ccc9bd16fa1f4a92fe87b4a54e5e72uficw,0,0.8902381062507629
5,481fdbc92e77bba4c9611841a7d74071elwx6,0,0.0649275928735733
5,bd586db332285f3c45814fbb8f638d79d26u7,0,0.06192692369222641
5,bcf95b210295831ff6e20db3a570f909n3q25,0,0.8793042898178101
5,ef24ca4be7ccbd6ec68d4ea9f47c9e8ex1g09,0,0.06354149430990219
5,1cbd9081de4481ada66f1853737f7684ddjd1,1,0.897210419178009
5,c5babbaace35399cf51a9356bbc22733xpi5h,0,0.06377669423818588
5,1e342381f2c64318a51a9b71d91897f8dv9ul,0,0.5999882817268372
5,9ded76c5244a2116a3b5432fa265a800j0bvt,0,0.06198182329535484
5,53691811bd992911edb9f5f64f49d8f5luk1f,0,0.06570781767368317
5,d27221cf2bfaf0fa7a60ffd3e1e3a53efagvp,0,0.8901956081390381
5,60b8145bcfed7a5f2a23b596a8aff99cdzn4m,0,0.06190069764852524
5,3b233dc399f175100fb11ff9c66fa5b074z60,0,0.8860424757003784
5,a9229b83f54a5f44a69e65b9b3aa7aa26qcon,0,0.06370820850133896
5,dc52611b1a2c84c0949da5af9870d57fj6ab0,0,0.06309870630502701
5,74ecf5f9adfa4dcca4dcf020209db81arynmk,0,0.06471405178308487
5,10383b390780e7b4b03dc32c94b4973f66wou,0,0.06331512331962585
5,2c72df02de4b36acf72ba549630808612ol08,0,0.0631885901093483
5,6cd1bd77bbf2af6a2c6e535192af628by3h22,0,0.06552557647228241
5,db83d746ba8e0c388805fa3fcb235743vfqmw,0,0.07152944803237915
5,090c77ac89c7063f0d0ce064ce3cb3afllf5h,0,0.0659240260720253
5,01c5692d487454cdbe731df330bef608f48zz,0,0.06238143891096115
5,2515c5fd81638d5d0bca39a2b2be3995tante,0,0.06910853832960129
5,27809fd62bebc89be450f9dcbdd25ed8il6z2,0,0.14095988869667053
5,1880a778c9dd0cb15ca1f052308a8e04g7e35,0,0.06375602632761002
5,6a87cc9dacae884e817de2ee08452e76dx9mn,0,0.06566289812326431
5,33031f476dec19fe47c0e3a051a68e992hmwv,0,0.06529141962528229
5,72dd0e4788d25f62cc2ba942bb9499dc7quqj,0,0.06261876225471497
5,b8e47f06aef714b37073e72ac40a8100mew9c,0,0.06492365896701813
5,666e1e141862a646afaa2b71fc7d2c25r1b4h,0,0.06350680440664291
5,2918b09c1ed9e9e8602f85175b266aeej5v6w,0,0.06401446461677551
5,124727083cd4159b40ff8d4b36a89340l6fga,0,0.06569670885801315
5,4679df74080bc22e29676bddc5bcbf51gsyds,0,0.060919441282749176
5,f46cfa9acdb6a4c419c70c19be4ff9523uixs,0,0.06190671771764755
5,7dc423d0bbfd840fa0bf75203cd7bcee75kmh,0,0.06464730203151703
5,9e72fb21f7581cfff84e833d02538e5ar35kr,0,0.06368033587932587
5,82bec02fec2f08899489d7a5c35a30a0lbszo,0,0.06524499505758286
5,1291b98e40353f77928e363d54a13c569bhfb,0,0.0658738762140274
5,b191c73f160bb9320dd3715bc3ffed26ymluh,0,0.06523068994283676
5,481db1a88023d22b3533044bff5239dbf3cda,0,0.061824243515729904
5,b64c209b3d1d91a663d134961af89125u0s9a,0,0.06681987643241882
5,3d281a78c6a116a91baf9c8db22b56bazer1h,0,0.13179618120193481
5,a9237defb0a6478098f242b27ebcef18qrotd,0,0.06593601405620575
5,aa8aeba2bdd0353a108b9b26f12ed59559mvz,0,0.06461817026138306
5,a8561bec318a7d3a0082b35b086b4428wekph,0,0.830373227596283
5,a2d0b7ec1595325cc63777f106e09fcd88y5g,0,0.06526245176792145
5,ff12cd48c7de8ffb8b2099f262ce03980dqqz,0,0.06551017612218857
5,e8e4603ed284adbd252a7a601f9bffe09oq6f,0,0.06222791597247124
5,17c87408ee1009887112745797caeb7fwvqfc,0,0.06301704794168472
5,205c519be884c5b1c885f61c4ba8738a737qg,0,0.883883535861969
5,f75cc5ec8acf1ad2349e00ffc4b3191a531f3,0,0.06126474589109421
5,26190fcf0babdbe0b0d903f325c52873tpj7e,0,0.06483488529920578
5,cf9a1c3af63d1bc3f55728b4a06a5f46njrac,0,0.06703037023544312
5,29544507566320f1125d8e9f9a0ab3f2jswhk,0,0.8945592045783997
5,6f46b3e231003daf21108df4624afcfdaaswv,0,0.0630473792552948
5,dfa45994c8471762d04deb23c6450598byp8y,0,0.06566808372735977
5,d3c80e9f6b8e1d774679fd8dd5aae611e3qls,0,0.0627683699131012
5,9ca41c3c062146a06d2682835f5136807yao2,0,0.06474261730909348
5,72994bece8c918a2c4c432b98780a7bdsctwr,0,0.06824380159378052
5,74f153bd134afc92866a6bc5cceb2088120y0,0,0.06681987643241882
5,74866aaa89db79f25dc0fae8be067b83xlbm6,0,0.06369277834892273
5,6a5457f1038c6e1cf9feb57529ce07b2sff4d,0,0.06344433128833771
5,282fe85277f7c07b0ffbc5fed621a02ezp1zr,0,0.8791632056236267
5,c18cfb38fe1c4c01705391422177265cn9w5x,0,0.06564459949731827
5,cba6f45915ebbd4b5404c6d357153c0adeblt,0,0.07944943755865097
5,dc752fa41d974bf688d25ea9d18e9a2eit904,0,0.06135803833603859
5,5c725e840bcc103bb8d12c54ba9a0b37blxvw,0,0.06476161628961563
5,eb2c4b4493f31788ead745533e0c9a18xzzlk,0,0.06140498071908951
5,6ed7b95dcea7b359248e9efce91cbb11lm7hf,0,0.23014779388904572
5,e0b6466f9f720e9d9a00d7c12b2e2c6d8xwxz,0,0.06601766496896744
5,8f00a4c4d7f097bc1688f8d89431f6bfmodq2,0,0.06493612378835678
5,3d54d594ffba32e8d6527a688e7227e30iq3k,0,0.06194361299276352
5,b232fdca7cb98028e8945005f619fb28p8788,0,0.06531393527984619
5,db80f065a93cc6b41d12af614bc3ec11kpwjp,0,0.0656968280673027
5,7029915a2c5aa5d964acfd85c30c3950b4opr,0,0.8626964092254639
5,11d7f0a5076649b229c301a22537834e1ehwg,0,0.8674542903900146
5,3995d9ce0cebd62d77cb8add067d93e15oezc,0,0.06535355001688004
5,e67abc3ba39537cc640678297a7c5bfag490k,0,0.062472593039274216
5,57e1892d3d62d87c9ba5e8425a1958c0fn11u,0,0.06481015682220459
5,88e24a019c32a60f2ff315a9d217ec33q144x,0,0.06309390068054199
5,2906a20e0b4f7ce840d051c4be898b66do6wh,0,0.9100717306137085
5,67083f257438b1b79cb09cfa601890855of77,0,0.06437212973833084
5,a3ef8857f2e33ecd25c409622b4e3ebcij8hv,1,0.9090647101402283
5,a8a5bcf248e1326b3340c88e057f59e9nlslq,0,0.06563856452703476
5,db5e9f85e7d180f7d952f12e5dae5900q9xif,0,0.06443943083286285
5,35b111da8e919bb34e80511be9cbd128pjjdm,0,0.06486150622367859
5,3d7cff3dedd8a8e02dbc551c6a61da3bibbvh,1,0.8901302814483643
5,39f9dad880d32ee607af7571ec24807bn1g2d,0,0.0820256769657135
5,8fe6da2176541d0ce24574dbb60f9107oq1kn,0,0.06347470730543137
5,f04748a1437347d837a65ce04ee7d94enqhub,0,0.8393830060958862
5,c871daa6b709e008825b667b05efddca04jbe,0,0.0654669851064682
5,10b431aa15b56084d32fe1ef123c4305wo1nl,0,0.06554026901721954
5,c2294751630e49a4e594dfd89383b271qzp0m,0,0.8809285759925842
5,c6f07c222aa3a9d35b0e01f8959ffd21oownr,0,0.06468365341424942
5,2b72d702b44fd7dd58062e326fd8e4779j8mp,0,0.06348539143800735
5,584d1d60d357a4ee1fd3b0a6a72de1dc4rodn,0,0.06482962518930435
5,f01d8d55568b1f54b6946a1b78a3983exkz5u,0,0.06363757699728012
5,e0e5719b5d763eb4e04c7f6e4e32884cmlpj7,0,0.06486018002033234
5,65d3cc1725c4506fe02be3e2b24435bbbd6qf,0,0.06568102538585663
5,a6e261c09ae8aa7d0a47ffeb0110aa519jowa,0,0.5635623931884766
5,7d72bde2e297ee81296adb4fd56e8800p7lbe,0,0.06563166528940201
5,55d0b2506cef6464d799879b65c6ba29hjcv3,0,0.8400142192840576
5,7ce12bb499c156ba4513becaa42aa8c143v75,0,0.061868928372859955
5,9774dc752f855f07b9c00eb7018b607c0ymxo,0,0.06332970410585403
5,ff566c87f2babf3dcd67be286e1c6666cxzh1,0,0.06540863960981369
5,ec0c9e98cdf302274974ad212477f851iw35b,0,0.8781763315200806
5,dd1675bf26316cd4630087fb47d0ff8fsug8e,0,0.060813356190919876
5,1bbfbd968c065ff5dabeffe311bc3ddeezbof,0,0.8770468831062317
5,4703c8940eaa3f3bf5082ec2f155a8619i1yw,0,0.39439451694488525
5,8322695c21cb27accf0fe269438bd78fn3x44,0,0.8789458274841309
5,d7c046d4328c139e76fea7c1833e8fe6fx4yz,0,0.0656355619430542
5,37ebf34eaeb8a434976416c34ed5c6d8ywyoj,0,0.06425032019615173
5,82194e7d8f9b84e71b789e763b5c3263r6d98,0,0.06188477575778961
5,0318e0a173f7c65db40116b903884c854x258,0,0.8795453310012817
5,06a58d4af0fe7ee15324b0e921e8de1260vef,0,0.8716385960578918
5,0853bead89b03dd38a04d84f4312da7dukglz,0,0.06552323698997498
5,01067975436d123f717ee5aba0dd4bbfa0937,0,0.5597341656684875
5,d7340ee3c04e600c31fd2a34c760f7e7d26bn,0,0.06226034462451935
5,37ca0d0ded383d709676a4f9729ef39cpjfh4,0,0.06486624479293823
5,86091a1e6c99358936979baf67d54457x1dzy,0,0.06159630045294762
5,e9c8ee7f783723fe8496dd35232d88f2or1r1,0,0.8695404529571533
5,05a07a27e235d01fe480ea6ac73b8838jq28x,0,0.06393914669752121
5,3d48fb12020c1a81a65fdba2d75caf0d6q2nc,0,0.06329155713319778
5,272a9183c10d9e80eda8ccaf6682db71203nk,0,0.06558098644018173
5,bba40511c6e56070602e8dde4229ff923zbuq,0,0.0647464320063591
5,f35082c6d72f1f1be3dd23f949db1f577t6wd,1,0.06567052006721497
5,b9743f78108aefe3995e1c2291b5f3278cgpk,0,0.06089836731553078
5,47d1dbfb67706772f8a44f50e5656602z04rc,0,0.06233365461230278
5,4d0d345f552877998f41ba3cd1ba299885vu5,0,0.06681987643241882
5,060ac64ff78ae62e9bc697192cebea333760p,1,0.910091757774353
5,8ec9269ed4f5aef4584d887dfd9e595aaynzb,0,0.06755293905735016
5,5aae3111e4fab04fa5067c740329a38d11361,0,0.06192365288734436
5,aa7e36069de119ee3ad7c4d8c925fa3ekrs4i,0,0.06284242868423462
5,cdf76f38b6f46a3bd396a99123d26909xq5c3,0,0.49312275648117065
5,46c0ae10d60c4fde2b6301bbafecd7b8dcla1,0,0.09010294079780579
5,bc7722baf876d0735ddc885691eb687bgz365,0,0.18671846389770508
5,73d4cec0ad358d272d757e0fce8440d01fvw8,0,0.06579577922821045
5,8bf07d8631a2808f2c869e27afad2d41swgkd,1,0.8988248109817505
5,b1410ac124aeb5ef6b06667786feb742tijnw,0,0.5271892547607422
5,f334d76f60cae7c67ab04b9e5cc49907hqsc4,0,0.06531030684709549
5,d8ada60e3b7204a104bba8c073136bb40772o,0,0.06508540362119675
5,d38b2db568fb71174bf883554bea939ccts4m,0,0.06564442813396454
5,ef905e4d866c43dbc345751e7fabe5a568kjs,0,0.06603717803955078
5,89c8eefbf6f83543ce0792d1e4b86057ti16q,0,0.06483780592679977
5,02030ec48b7179a7fd9950fdf546e3feekkye,0,0.06189272925257683
5,86151544b29ad273209ec4605c257b089z588,0,0.06255735456943512
5,359444416c25e6e90ddb2e3d3d0bc23dufn9s,0,0.06593534350395203
5,d645e4b8b043a18bb1c8689572ad4fe16q3np,0,0.06334838271141052
5,ed5fc53d096bcf1b86c30128040e775334ut0,0,0.0864582285284996
5,f9ab998f3adb944a1cd1847a097fbc0bw61nf,0,0.06586746126413345
5,361397432ed35185b5a2789867a859ec42v14,0,0.06464872509241104
5,18bc9dbbed75b55f35ec4be1351b7aa86an68,0,0.21966233849525452
5,0580f2e77b4c0dd3b5cda8a1641cb9fenmo0i,0,0.06664834171533585
5,b2a19e17e1b9e0bca8e4563efbff5fed7v9xe,0,0.06387634575366974
5,8d49c8e70bf96a255baf30acc76a3f59b394w,0,0.06335116177797318
5,d95c969eb09086bbad373dd8ee80cacbuagvf,0,0.0650319829583168
5,0a43de0ab0a7525fec59ef4bc1dda7a2z9z69,0,0.8745608329772949
5,4922d20e07d04601e8724be5e9f9576blyccu,0,0.06601890921592712
5,631f923b7bcf91f61a2e9f96520bd8c8vtl14,0,0.9092021584510803
5,4c67576a6f30a158d16d790a7fc482b0zqxue,1,0.9060487747192383
5,1e3642857c10e72cedaf7890e3c07bfa8ibzv,0,0.06681987643241882
5,7622d7085237d6b73d08e9d70ed11fe3u8mwm,0,0.06384363770484924
5,61337802cac534b7e7711793039782d6f1yy9,0,0.06199966371059418
5,6a1d4042a5f3a3f34f5b3ea753ecce30l0qj1,0,0.06220844015479088
5,42f754cb72e01c08005598e1f9383341fn7xh,0,0.07558149099349976
5,d9b611dab3b5116f761747fd3166ecec80icg,1,0.8919432163238525
5,2fe472c1be232dca314d4bdf0fa95165rjv69,0,0.8796485066413879
5,1ef47d501d4b36498b51e184b1027981xu89r,0,0.06581314653158188
5,6be863f26f22cd79be272789ac7e9153v27yt,0,0.8994342684745789
5,7d8d3493942dc13742444f28626c5839axjqd,0,0.8840199112892151
5,a2b4df001b0e40a398f6d4ae9b316c0eix5bh,0,0.06226479634642601
5,8cc03b92898255ce4b096454645599ae5zoc0,0,0.06471555680036545
5,aea096a392f55d95c3e45251931e9755a9t3o,0,0.8856508135795593
5,b7630ee9a73e7ba6f11f7717b7f03ed4be2hb,0,0.897345781326294
5,5d5816d216122786933fb74c459f35fc0vnac,0,0.06242901831865311
5,63e3851eb5e1ee98df1065b333f6cb81mlby6,0,0.8735852837562561
5,e9b27622a64f2eb9dc7559d43bc45e31yci23,0,0.0642760694026947
5,76d4a0147a60d871867f00adf45cb792w9c6n,0,0.8777902722358704
5,42025aabb56a61f3bea90d27b283b517dyk4t,0,0.0647619366645813
5,ca5730b8dad8f35fba24b68c9ca5d445mp87i,0,0.06399751454591751
5,047558bebab9292a5d4c85d6ee768784j2hdd,0,0.8926708102226257
5,a6214d8bf07127661f322afa7c8dae91ypizm,0,0.06462929397821426
5,70daecd44c89c37525aa2ca294378ead4dggh,0,0.8963389992713928
5,b9d861ce6162179a4b008b63e7fae80fjoywx,0,0.06511976569890976
5,a6414c637c6f1275e2c62c48fb238c5d5aw03,0,0.06408961117267609
5,95efb775460080c0da57e154f27876d75xnsx,0,0.0640680342912674
5,78a444127a896122678835e12ef507deh01hn,0,0.06203412637114525
5,fec57d2db5692eb144a71aaa35a11b58delkw,0,0.06487942487001419
5,a13da89a3a54ac9b4ced156542afca5ddyumw,0,0.06560822576284409
5,c9a97c18992adb02e6c2e6a8f9cc1daa1di5k,0,0.06029257923364639
5,1a9765ed302d0f91b512c23112066e41s755q,0,0.06586865335702896
5,08981037e7a6c9032716ff25b15c9de25p63s,0,0.8994150161743164
5,fe6adfbbb2fc1ec0c3edf6677204bcb245uf2,0,0.06194749101996422
5,50a4bfbac8a9653af4099ec1169f684c2nsgu,0,0.8912652134895325
5,bcda2135a2456d611876679b61dac500vs7sx,0,0.06130094826221466
5,cb557e4675bf4f36f93ef5599adff545nz370,0,0.8900560140609741
5,361c6da33ccd1c0df152fd932e6fb2a69i4ux,0,0.06474772840738297
5,6a2c4aeaa17c2fcf20958803a674f101vlxw1,0,0.06186195835471153
5,4af5e2532224f9f7d1d039704573d9205jbkv,0,0.8921592831611633
5,c62a6956e93ac3b56b1292f2c2d85b1fyekav,0,0.06681987643241882
5,37702159c6cd2c1a21cf66600e96cdc6rdbff,0,0.06484753638505936
5,8644c9765c64da22776cd67eefe0f498u3aaz,0,0.06806440651416779
5,98ad4163bb0b1abf72f165056d4bf1a1g8ekg,0,0.06477580219507217
5,17b41c48d6f53585c7bf3b65977eada0yxs8n,0,0.08874321728944778
5,464506515f2ae684bd510b3a50b9121ec7v3a,0,0.07125817984342575
5,e7cf764619380e5303089f04bf647f10thebb,0,0.0637994110584259
5,fbacab353140582a4b8ae3412eefecbc753vs,0,0.07002972066402435
5,da2841ffcbeabaac373f00039c10f39fty6fa,0,0.07984574139118195
5,c6453f296ce36005d7e7e67e159e1b7cdbmus,0,0.06560895591974258
5,1def3e23e479c9739abce6b3518013d39oejk,0,0.8664495944976807
5,a8c2410eb81513da23261a49135e4eeacw6dw,0,0.06564144045114517
5,30da67f34e3cc215b3bdad588410fab5655fx,0,0.06506109237670898
5,ec3b2ff6f725e847f93285bc9d2b7b3dvcd4u,0,0.0628804937005043
5,9ae9782ecff93ddf1c6fa13d711b9fe1gc266,0,0.8803319334983826
5,08353687608279ddd83e4d36fadd1cd8ritj3,0,0.06524410843849182
5,1530008a712831e35a673d38959528f4ozipv,0,0.06630775332450867
5,b8d88a1167ab74ba64fd6d9c83308a6d4oa6v,0,0.06341119855642319
5,90fd7b3c991701dee376daeb09a0a5b7kawse,0,0.0673217922449112
5,e21b238213c361523d276d67f37c05e3qot5q,0,0.06412987411022186
5,384ba7c5a8ccf55d174080d9ad7de9b8mfysi,0,0.8522511124610901
5,18076726ec814a6f56da2cb9ea89d105j8vpm,0,0.06389348208904266
5,91c749114e26abdb9a4536169f9b4580huern,1,0.0647466629743576
5,d056594c1d7976b6ad4ba23e2b4cea19l2i0t,0,0.879341185092926
5,5771ce26e8b0fcbe7e90106955638b251qj2w,0,0.06533320993185043
5,a06311ea45de34bf667b79a92d13c764i6aiy,0,0.06474441289901733
5,3919be53bf4bd411ba25acfdc1362b49u4vle,0,0.06585083156824112
5,53f61a2f33e8b07e49da643af49884782vzdu,0,0.0671682059764862
5,9f280cd011f10593dc245dad1d93b11dy6rg5,0,0.06368112564086914
5,3e9180fdf158409adc96aceffab6e00bejjah,0,0.06144358962774277
5,e90e4701234b13b7a233a86967436806wqqw4,0,0.884285032749176
5,8f086b809805064f3c4a5dd48327c0f51yplz,1,0.8759145140647888
5,5e945cce4e72950e0930b2700e77fc8eq2abo,0,0.06422299891710281
5,6b3cff1e3d9398d4c125e7bcf612192dy1gwn,0,0.06489280611276627
5,2b4b36fd77eaeabbdad8fac68b17ece5ey04u,0,0.06494247913360596
5,2540f8192e425f9fb921db30ac1bfcbas4p6g,0,0.08473984152078629
5,4b32495335dd238db6285f7c6bbe051fv1qoe,0,0.0649096891283989
5,43295f805d813e816fee438d9a394bc4o4of1,0,0.06521087139844894
5,e7445f6107c8cd3783fa722c7dd29fe6rcd3a,0,0.0647599995136261
5,3272e16da807a75a987e26b09bb2147by1mxe,1,0.9084306955337524
5,3893d2c62d59c232112efd332bc342dap8b4j,0,0.0636424720287323
5,2d73ed3974473a764859084d51334440k5q7s,0,0.07470156997442245
5,06c281e31f83dcfd3fe70d2ee2d66bc7e6fw6,0,0.06648176163434982
5,2cc1c5bf18c858fd9c74901d8d80ab70ak8e0,1,0.9101311564445496
5,84560dfb1400fe920a29ca2c728acf1e25eli,0,0.06508241593837738
5,7c0add0ef85bb5194e95ceaea737f90fyv13c,0,0.06347530335187912
5,21c5f4fff051adecaf1b080fbf910ca3dvi6a,0,0.08202427625656128
5,655a95d80489d145052254616787cb84fwqid,0,0.06604939699172974
5,c0b7161a67a0aae21788103c08eba7e9z8e8k,0,0.06345950067043304
5,438e53670ffa2990cdef656700bb49bf684fz,0,0.06280071288347244
5,0496c24a6a7f593f28bf7896350e946advl6i,0,0.06441301107406616
5,4f57e657df5ee5d9207178b4b6858ddak9ouq,0,0.06410418450832367
5,a3d0a600cdb44f03d58f27b19247cd0d4az4k,0,0.06550455838441849
5,8bc48bc2cd0ee494e55470a7ab0814c12riuf,0,0.0653994232416153
5,fc870f3872dd5e36e4dfc4ccde28cc930tify,0,0.06381691992282867
5,e587d92842526255c86d3b0d425747ecib83l,0,0.8834022879600525
5,7188dec1b560385b0826f78e7608fdfeai9fm,0,0.8912822604179382
5,053cefb7e952bd81d7a6db267a121747te7lo,0,0.06569533795118332
5,ca5d4f0a3ea342fdc45c3325e5311049e2uis,0,0.06485271453857422
5,83e8aa6cb15daa745c75ba3c29a2f646zjw33,0,0.8199738264083862
5,70cc5da141baac4712163f5cd4bd4a50za0n9,0,0.8896363377571106
5,0d9f78a6084bf15f42210bfeba95621255c89,0,0.064476378262043
5,fa9cfea85e90bec313e512e9eeab2e869tvx8,0,0.9039924740791321
5,12c1b22ede3c23949bf130cc7bac6316ks7fj,0,0.062159791588783264
5,32dd072b16a69411ba3f67992ecc3e2144j5g,0,0.06567380577325821
5,3de66f8a5453943040d42e1e73f11eebll8h9,0,0.06681987643241882
5,6c0030ed696c4156b6ea3472374f6b54s4ih4,0,0.7888051271438599
5,5097b3a4011380b5d9447e1a7a20b1a556yzj,0,0.06192242354154587
5,e76154d73bb7d7b86d9bd48d167d3c679z0va,0,0.06505949795246124
5,5de403f3d49221bfa7116570a4d572d8m19sh,0,0.06605245918035507
5,f725c5b4cece8353da7a636fcba0ecb5yxshd,0,0.866570234298706
5,88ebdac47cc2623888e0bcdfb35b692ejrbvv,0,0.15131334960460663
5,88acd2e23ea6817d9d9fc28f38a8d1aftqssz,0,0.07580982148647308
5,b6e52f37365cfeae9204a9f408b8c3a4idcs7,1,0.9067246913909912
5,058a4e0ac0a20f504cc9c6aae2a896e6too9v,0,0.0654338002204895
5,a027780df5d0312919d41edfd4947f27odx7t,0,0.8805089592933655
5,14e29ea004067aace14ee4543876a06365os8,0,0.06158933788537979
5,6cfd573a82acda92e8207745bca28aa7lqjcm,0,0.0641448125243187
5,668d393e858e8126275433046bbd35c6tywop,0,0.8741932511329651
5,c89d56c06803b8c6316a7c906604c64939yri,0,0.06307380646467209
5,e0a9e4ffe2acd28599dacb91c98c34bc66vo3,0,0.06124645099043846
5,b9fd0772481bf459179a3b4ab49171693im97,0,0.0644933357834816
5,97f541ffdcbd1ee34610e3099c5df42acfvcd,0,0.90669846534729
5,a679d00c30c269a8eca148458abb8665kciaf,0,0.06126122176647186
5,3e0bbd7d75cf543a56919ff5069b31a9gcbql,0,0.06087099760770798
5,f219cbb3d454b32953619d5a4551f56dcg7gy,0,0.06314972043037415
5,96f31c5b3baa8704096cc8d4301b4c96i6fyp,0,0.06108628585934639
5,10f01aff2fc23653ca7ea1d74248357a889wv,0,0.06468717753887177
5,8a27b2e29086c0d2e589053537e88393zsyr2,0,0.06490904092788696
5,88641b0f22cf175876bfc4adc44c00f58b5rz,0,0.0660400390625
5,783d5c219ff84cc0517f59a39bb98e18st85m,0,0.06212973594665527
5,874402ea8b408a017756404006b12708d9s6u,0,0.06266244500875473
5,67fbdc4209a1566288acba904a2b5a7ee588g,0,0.8682023286819458
5,c67ecaf47f857f37f63ac0f4b9af3249wwdtz,0,0.06598880141973495
5,c8f537f6bb0aa2d45da541a875f014358qm7p,1,0.8921230435371399
5,0e5ec5baf2e15afdbf5212d8461e1ad9h3kr0,0,0.06211642920970917
5,aa20f72aba9804a4922195f66a876688rugsd,0,0.2942795157432556
5,ba319b8bb68ca6a12086f2410ca7fb3buxsei,1,0.907088577747345
5,0ae09b09369c76737cba059d192451001nwce,0,0.06479258835315704
5,074daf9a99b01591cb0637cb95c32600roriz,0,0.06186771020293236
5,5c5dbe70c2cb05d208c22d204146e1e9f3lvq,0,0.06554226577281952
5,f0e1c483773c2ef8466d152874872139e0wcu,0,0.0637974664568901
5,953e01bab9ac8786b4bfc77d183732bbqw6ng,0,0.4082927405834198
5,862eef3a75e1351593b54975cd8ae1b3swcxw,0,0.8682397603988647
5,35a02f50226eeda275b29a09acef2177k95eb,0,0.06413470953702927
5,cc064e3409a1825e3c4e5c814376f140qxu5l,0,0.06370651721954346
5,6affd6d2976aa7c48dac70612fc8e31ddo7j5,1,0.910385012626648
5,4b9bf4cf1085e9d839e833e4b9d40f2a8ps14,0,0.06441842764616013
5,7b31d9d8b5e749cdd2c300cbcbb5f875kjlsz,1,0.9013838768005371
5,6faffebbde541edfccdb2725e430870cbkvo0,0,0.06320545822381973
5,4985bdbf8710c33fd7c9d4771db7c690mcbyr,0,0.06544582545757294
5,afdd5c7c912f9b6a88c0c2619d618124ycm44,0,0.06585069000720978
5,c4294be0db6b5c9357ae5e2e7fc8da9489qpc,0,0.06294861435890198
5,a8a2547a9153038fbb9fc66d2425d9a7efr68,0,0.06369584798812866
5,8884b7af726ce7bd929482ea13de19d39lzuv,0,0.06488797068595886
5,75339aea3f29d7d9a8d67ed3fe1c89c3owsq5,0,0.8915630578994751
5,6da536112251f09a006b0c5223f154d46en4j,0,0.06337245553731918
5,403d9c0288bab462bae858dc8aff2f94ti9ma,0,0.06235397607088089
5,825226b69f2a5a8337ca611b38223989aumow,0,0.06105725094676018
5,33895230e0b25b5d3133d502ef3ecabey84m6,0,0.10562000423669815
5,c616385a2762ecfd8e4ea16d8a1f2596qw07a,0,0.06437738239765167
5,bdab2be5a94c6380c60b902310cbe1b6rs4iw,0,0.06338045746088028
5,27ccc09ae923d1ca8ff7ab3242f279f7xuclq,0,0.06546606868505478
5,050a3b29ca1818e1f237df8132bc2013bcuxi,0,0.06282059103250504
5,6130cfe76ed3bd87c8f8dc6b2b2786dcp44xy,0,0.0652180165052414
5,167b4f37a264b72feb0f559b650d1cbd3ox60,0,0.06195538863539696
5,210ae8381324c41f7b49e95f1b7aed80z55df,0,0.06344644725322723
5,c9416e793bd0559bca3ad4a5194d4cd1k8eyc,0,0.06139166280627251
5,c46e21e01a3f4987e00109d1d5f48acb1q72y,0,0.06562355905771255
5,ff3ae9450581aa3de5d2326f70e39d20w8fbl,0,0.06415253132581711
5,1456b44d8b2b16cd94278137269ceb11ns7wy,0,0.06500957161188126
5,942563fa6695a4b2f76ab6ff3bd58030i75z7,0,0.0659191831946373
5,e59ca537cb8df3053bdd555bc987b4a7c7m4e,0,0.06303872168064117
5,78830493a121b8b6917d246ec73ccb4anwocl,0,0.9108346700668335
5,6bdb40330295fb3abd4647808c319d29pb29n,1,0.9059440493583679
5,679fe2a21415aa98a3cfb88abd0507edzjpsw,0,0.06569956243038177
5,0918eedd8324da06abe5600f058480dc75nfo,0,0.06310410797595978
5,c277151116ce38d8245f9f2308807af8t4nnj,1,0.8831012845039368
5,65435e491aa69dd9d44d70a9aeb6e847oqlty,0,0.0646628588438034
5,cca4426ec6d64f3e73294d4d5bc9719beud37,0,0.06316852569580078
5,e5bde35da4abebe4fdb37a3c65124a57ff4vo,0,0.06247826665639877
5,535ed161b4c9960a71ccd53128df4766ddyq6,1,0.9102375507354736
5,583ce05b5add00d9e7e5dcefb3c436f26d7c2,0,0.06681987643241882
5,c615c31c87260c0d85727deff6da6667lgg33,0,0.0649971216917038
5,5a6376f140f05274d6e0dc888cbeb89eukxkd,0,0.12645778059959412
5,4aad6f0ffe775217e4ef8c91d69707545li52,0,0.06426239758729935
5,bd7d5414174da6df4b018c21495e8a2cxiose,0,0.7481106519699097
5,de717bfad3ccf44a93f39e7b43f3b227cuu5o,0,0.0636175200343132
5,0446457fc8e21596799158406f77b14catx8w,0,0.0658688172698021
5,219c6102f604c8ff0ead5d23375bb127del0d,0,0.23869024217128754
5,6c2488ec88e02bb38920200ece7d337e0bffy,0,0.0654725581407547
5,21fd0c468438a483ad1c60cfd1b84b850iyjv,0,0.08141124993562698
5,1a764d01d19a1408382ccace87e61c9fndlo9,0,0.0651630312204361
5,b5d61accc925a0e86ab7274e1ad82532gb1w6,0,0.065665602684021
5,e4bee4e53a19aaf71e0ac0e3be752b2cz3k1j,0,0.10742645710706711
5,33ba799fab5e4145b54fac4234bb6e13up0tu,0,0.5438537001609802
5,698da938f6fc36305616aa6f8affd53fobj5y,0,0.07392670959234238
5,71396d66a14f4ce0c96436456462863abwefv,0,0.0650801807641983
5,6f6c9a1964fd4bbc082f2afdbf2d2af6ypdhn,0,0.06512779742479324
5,6ce47fddd94be5792190cad9d972a5c4oyjww,0,0.0608627013862133
5,35f822bee4f85d98d5b1b23c65681974ywyuv,0,0.06509257107973099
5,77bc113594866d4902d6f867a456750c9vvmu,0,0.09579481929540634
5,d8a10762de6d62c087a0a8f0e61cf78bbgke6,0,0.06479617208242416
5,e0fde4b9b7ec14e80de3c811ecae157f6kqd9,0,0.06817624717950821
5,fc16993f1fdbd5fa8f8ddd72b40442f0qwyo1,0,0.06590361893177032
5,abf6c2cd31be1630f5a7a1219935011c3rkqt,0,0.06322905421257019
5,86e888c2dafacf13580a1211abf50961w6foa,1,0.8933789730072021
5,25022fb30734c2e5044e031b0e9a4a9ct3354,0,0.06424923986196518
5,fdf0eb91ae1ecea1f6902676f47c32c454yzr,0,0.062244001775979996
5,ccf30c9533a66f22f1c65910ae1bac1a1fs05,0,0.9050272703170776
5,0f4669e36b2e721dfe27f8633b277a1575erw,0,0.06522800028324127
5,22e65b6bf73fab510ee814cbaeb9ebc1252mu,0,0.8911290168762207
5,f2ea6d89dd9897f0d6edb6f24c446f01ra6yk,0,0.8402936458587646
5,4de568a9b480f0dcd3f2ac385121d75bbpy82,0,0.0642995685338974
5,6da04647ce16d0f00051dfeaa94d3313ox30y,0,0.06269605457782745
5,5f56908449455ee9670c7947614f7b4bxak3c,0,0.06618645787239075
5,d154075c75cbb3f4b716a16c88eedd774i8s0,0,0.06360353529453278
5,222d3e39d4a292d79aeef4c04e52aaf24mgkb,0,0.05946928635239601
5,5db8eed67a7b648d1f2173b665b79de2vwdlu,0,0.06479889154434204
5,25aca203223b4d9563f5b1a01aa3a21ftlgve,0,0.06440608203411102
5,61e4b6ad0fc268d42c330ec99fd8c939yb7t1,0,0.8698422312736511
5,ba258a455ca17f2c13cab3d0afc7de0b48h0t,0,0.06169380247592926
5,ba6811273d4f63d9a31937b71b0a22dforovn,0,0.17891713976860046
5,9f34ed261596a1114cefe81158c5617biq26c,0,0.9061825275421143
5,f0c034c46dfb78d2e9e67fd4fa1688fa6mv8k,0,0.06522471457719803
5,363ba0a2afea1b074fc1ed270c86050byprz1,0,0.06601369380950928
5,e0fecfdf4029d9a91664e703a178397718lyl,0,0.06534453481435776
5,1dfb637157cc0e590e50d724cd4cad6d4cacw,0,0.06230875849723816
5,65d8228c6c1e5b6042f397afed8a5c7cbo6x3,0,0.07429493218660355
5,f939c17ffc7c39ac9b35b69e5e75179fv9pe2,0,0.06585343927145004
5,84a769adc98498f52debfe57b93a0789556f4,0,0.06365667283535004
6,4bee9aba2abda51bf43d639013d6efe12iycd,0,0.06264151632785797
6,88ae7a35e374a6fddd079ebb28c822eeohwse,0,0.04683157056570053
6,fa64831ab5ade55daee13f852c16b0a84ujt0,0,0.3250263035297394
6,d29003d7f3ec1f0e4ca9cc17e6389b4a4phcg,0,0.054427072405815125
6,99acffc3cd9bfcd00668dbf472a1979350mxk,0,0.059895534068346024
6,c0e1ecd40b81bda3b7dcec501334499dgzq17,0,0.06528260558843613
6,8abc7635daf75f9fbeb63783b7b8ccd5rvuyo,0,0.05198710784316063
6,64a39f766b2e9d9471b104f0d0289740a9kdq,0,0.06480738520622253
6,792edafa0603516a57932e6103e9dd54ajar7,0,0.06610463559627533
6,68600b8922561fe26b8b6acf1d11efdfb24k7,0,0.10664454847574234
6,09d71d3e6a6871a7598dc2764c5bb4ffkz6mc,0,0.04977971687912941
6,02bde521e763e4f4e590e8368149e04a96il9,0,0.04684678837656975
6,6ecd9f4b332eb790dc933aea0a1528e2qkp4y,0,0.05186152458190918
6,1cd8d86911413c73e92ad1170cae68c3pocsn,0,0.8280974626541138
6,bd2cf3a868d168425cf1bde7c49d40b9jq0xu,0,0.060232844203710556
6,9df0b0e5ca66460495931376045feb5fu4y7b,0,0.06016528606414795
6,d9c6b6d7290e4475bcd6d264fb33a706fqtvc,0,0.8606646060943604
6,827da66b68b225547050c11df16f845618ptk,0,0.06260703504085541
6,1ae57d217b27820cabf6e24b721bfb38s6ja0,0,0.06558060646057129
6,ff58ffde976a4899dcd89597a7877e18lntgz,0,0.7701539993286133
6,80e753fbea14f966b1fc6d1e194d4e66822ms,0,0.05283349007368088
6,bff9a98b73f2b9a01300d3fd3d55b16b1190o,0,0.05423809587955475
6,461dc3d03d1e28d52770a4d3dc7db34558fcg,0,0.0506657175719738
6,75c4518eba20c9299a3a836d9905c327w6j8b,0,0.05994235724210739
6,8c2bdb9dd878a811701838002627a056be0ce,0,0.9301252365112305
6,efc61ad6db17265a4bac85f77b154ef414tpp,1,0.05761820822954178
6,b27db6c048fa41b496dfd3423226bb0923yfv,0,0.06150311604142189
6,acf06eabed56f179cf32ab60b6b076820ajls,0,0.052621886134147644
6,7264bde42ef4fe3fa19cc7c6d64696cf7pqtd,0,0.8936343193054199
6,99fc8ed25265e58bc94d9d95180badf4t2e3i,0,0.046337373554706573
6,3d9910a238a0f282ad3132dd6fc981c8tv3tg,1,0.9287420511245728
6,f90f13ddfc0f98cbe3c2346a2e30093cq6zo0,0,0.05524219200015068
6,fae963b2adbefc663692d7feddb50d5dxz1hn,0,0.061292245984077454
6,20ebb9de648c6df989f04d07cf273c7b3yu8c,0,0.9382168650627136
6,dd661e2d6e79a5b3e66c82373d50f3ee86k85,0,0.04684678837656975
6,8e2a43abb8fcd8ef9801c69fc04bfcb5kyc41,0,0.17314228415489197
6,520b616c26fc47935f6bcd5ec063eaa7w15t8,0,0.05709372088313103
6,de9f5df5962dc171c7d82ab503c36dbfwicon,0,0.051061730831861496
6,1053ead33eb1a5db7c36c979a455348abh9ns,0,0.06261862814426422
6,a94c16f8a98e493e2b4390b1975e690dv8cmu,0,0.06571905314922333
6,4955e2c318d0bdca797ce17794ba18fblhaau,0,0.9349915981292725
6,e0413f338c43c9d55ba53612d2068f65t4gs6,0,0.32199904322624207
6,50791a0a98478b7f78f8d30acaa4683dxab5p,0,0.060573969036340714
6,62ac0de5f8776ca1d189297bdea9a64cmewb9,0,0.06241254881024361
6,28c9a5ea8aae9fb4f6a755f94cd922361v9ow,0,0.9180681109428406
6,c600968815fc32b20e0519ecfce5b648en2wo,1,0.9370800256729126
6,20662832566daffac929f803f0c236eaperht,0,0.05993346497416496
6,5e611461283a5c3e49b5bfbf9c33b7391ce3h,0,0.05586513876914978
6,6aeab198df208f8628825f7eb3ec3701p2ybk,0,0.05143308266997337
6,31a301c70e897bf36276031abdf07ab6cs6z0,0,0.06157393380999565
6,246c55639cf85c682d58cbd2ed6a6563vk2yn,0,0.5093335509300232
6,179a23cad40c51dd7804069bf769d11e1ftk9,0,0.8535409569740295
6,97b002c9936e63a1fb9994a67615e84fft019,0,0.05104604363441467
6,d2ebe13374f25a12865d50c17af1dad7yspzq,0,0.05751020461320877
6,f61d93fddb01d2d89a85a132c649aa90lj1z6,0,0.0610416978597641
6,76a8a9566e21595a1ac06cc0050626c1q7a83,0,0.05903741344809532
6,a74e3962ca26514976056bae3c46d579emz6y,0,0.06572245061397552
6,a6bf74b19fcb2687ce345930c4c16d4e2txda,0,0.04689957946538925
6,c69e65de28937ebe1b94e7785afd94158thqk,0,0.9243987202644348
6,791031a63c9e2b4835caa9a4cc1768baias2l,0,0.05521240457892418
6,7607c4efa792a69e2a8949ccafcbef103squn,0,0.8402479887008667
6,10c1e1164e3f8298df9a35c891f67babiycsr,0,0.05894214287400246
6,7b5bd948eb1d8075be58ec9240927bb59ugz3,0,0.05354483053088188
6,300bb4c9816a7064b106c9c6cec2f51ei13n5,0,0.05104381963610649
6,5bbc8f66464ec2d962b0360d1d74bf67imj47,0,0.057479776442050934
6,3733f7ea492eef1f69f98593d2122c50xwcha,0,0.06325698643922806
6,7f86c3c417ae1db5bea10bf9d0a7827ct3ni4,0,0.9233254194259644
6,e1b1c514e1b87826fd045588f1f3881707cyy,0,0.05408903583884239
6,ca0c049b8c37c99ef93b6086e9947135onppq,0,0.049413640052080154
6,79c18f0460f9bd86bcfb25da96d91490jfuxv,0,0.06214017793536186
6,7eb6a5ffc5e8471efad7cdc8927daf677qcf8,0,0.35113945603370667
6,e1fb642deec7b382433de94983d97681o14ko,0,0.4557220935821533
6,bf80bec9b4a8d29c494f8545f2a4be4eji6qj,0,0.8298924565315247
6,5b45b150b6b683a98b5bc19c4214f44cvzru7,0,0.06306498497724533
6,3835e3bbf9a17a33867860a9ba19621dp4wdc,0,0.05208856239914894
6,37921a9d842612b3b0281f7098d0002539xrj,0,0.059581540524959564
6,2a5726bd00709641cc54a8ab5422cde3uchoe,0,0.059884052723646164
6,a4c40fd7a4c1040283fb2b84611eaad240849,0,0.7490940690040588
6,4c2699de8bc9516b09c5e5c8bae6d6c6xiry9,0,0.058072976768016815
6,1c66f261724506bee45dd18a4d221bfeh1687,0,0.05699195712804794
6,64885ec89a54c64598b2d196e1fe2e351cd60,0,0.06087903678417206
6,9211adb9cc770c78a70b55441acd146bfxnz2,0,0.054914120584726334
6,6533b670e02ccf583288ba7c8f5fb1carmirt,1,0.9383332133293152
6,45927dd51fb4301c459ab96d48f64752q0o9e,0,0.060098499059677124
6,b7efeea5ff94a281635ca2f0f7e8b3ca4zykk,0,0.051073189824819565
6,e5fd2ebbf5bac9ddc73ce524e1b33c3akti0q,0,0.05060106888413429
6,3b947f8c954acf4354d2c3bdcd494fb0x54ee,0,0.05957760661840439
6,c0d065cc8cb585f027143f2ebc6b49f01g1wr,0,0.046102363616228104
6,5e8bf58291656ddd5fd2f71825565446aiopv,0,0.8916268348693848
6,20a2d48ac3400228e7a0296aaa596a0fvckdc,0,0.061374299228191376
6,9be87a4f123366660d7f6d40ffa493a8ffpsj,0,0.06238532438874245
6,662b66b1227816c2f9017cadbc148381alne2,0,0.06506277620792389
6,8f6f7baf33fe2a5206ed3ca88446a99bmq453,0,0.878027617931366
6,061690ceb6004807b7906968bf382dfcbve7y,1,0.9310446381568909
6,96caf14832aa8be04d98aa481b320392kb2gc,0,0.04879629984498024
6,a3910fbd35b7a0c383c9805eafda616fra4xo,0,0.06612161546945572
6,d4a84bdffb9543626fdd42c879343ce26ds4l,0,0.061326030641794205
6,8bf04b0a219c7834b25057c0220b4d0dhwdsg,0,0.06158667057752609
6,790c497536a2a9fe080c3b2ee6d5eeb9caiv8,0,0.06029984727501869
6,445305769cbfccafc89ff5ebd004598einesy,0,0.8008716106414795
6,6767cffbe2c0957492aa451560655be3hjd6s,0,0.9309477210044861
6,0e8212e286ee36da8945c2480e366417xa22x,0,0.062110770493745804
6,b725a638efd8d51f66ae2f22ce1df678p9es7,0,0.0609162338078022
6,8cba56e5e7c2be942ea8472b73f0842fil1x0,0,0.05297797918319702
6,953879d32e39e014cf8ce73daa2547cb2ke8t,0,0.8507346510887146
6,1ac788675f70655e71a013892d701e901kj13,0,0.056568391621112823
6,e4a9bdad09ebc5d5a264723855fcaaad6q52x,0,0.1816176474094391
6,796961698c2f2442e73c5195062370caawzzo,0,0.06405239552259445
6,d0b096df6b5ffd2efe8d5cfad4a24912zs3dd,0,0.05590324103832245
6,222a0e05442fec0af2d20ebdcafe4b28c2pi4,0,0.06081767380237579
6,6db047b1bdd342c09ecf9f5eecccaa4fy5l0q,0,0.9191743731498718
6,163097c029285c7eefa2d60e474d65b4ap2l0,0,0.05801596865057945
6,99bfa04865566ca88573ebfd3c7fb1f2c64cr,0,0.060823705047369
6,4b3e6a8a52c413a32f76a6d7a84a54bb8gb0t,0,0.04684678837656975
6,2eaf4eef52d5b17615d08bf77386fa42yotej,0,0.9289680123329163
6,fe4906ac4c8e2db5ed5a71e8a9d10080u6g7o,0,0.06504356116056442
6,d4d4b36ea722e5b939e51e34953004c4t671f,0,0.05928373709321022
6,055eb52087e0080b8ebca74be4f823f5c819l,0,0.06226744130253792
6,2db8669a6d21a5c8197d4287ea32b7883gv5r,0,0.06444412469863892
6,429f301119adc32d35541dd4d60903563s7nr,0,0.05556807294487953
6,9d98d3f00a0c0bddf35470b0fb735fcdhiriy,0,0.9348629117012024
6,54e279a4e162af7fc55d640aa62d0cbc9hxil,0,0.9076747894287109
6,4882587d42b3d7d8d7bec4315203f10bl2fts,0,0.06000669673085213
6,34cc283e180fcd4902ef8758714c6d83th4nf,0,0.060628920793533325
6,cc78aba7eb8293a1d70f083bd747fa1450906,0,0.06113133579492569
6,6f7043cde57060a6766b551df5fa6fd9p3ojp,0,0.0623454712331295
6,ac94684646bc6f708dcf4566f41ec05es9v44,0,0.06140262261033058
6,3128932859bba46f57cdd19579c42e05lif6h,0,0.04985230788588524
6,d2704c8bb6ebbf13e08f37131382b126wy4yc,1,0.9030905961990356
6,18b5e850a1c10e681cb5fae0704a699018x6f,0,0.06028207018971443
6,ae6758a627a111f6d6b530b0154c429566o4k,1,0.08295463770627975
6,3bc8edfa1995a99110b957ee98fb5c76nkl7t,0,0.8631651997566223
6,403640a20dbd2c4bf554e558de137deckn70o,0,0.05774972215294838
6,fa6b4da229eb64b4d44e7d5ee2b027f1j1whx,0,0.06085570156574249
6,49c3957287d24e69713e4355933b74baoijix,0,0.06018722057342529
6,612d24dde60a1b42873ab7b50944c6dad3dcb,0,0.04834982380270958
6,313bb0007cbdd82f326d58c96847294c9hz4k,0,0.05925986170768738
6,3e85a43950c71b1988a814682abd4392yakvp,0,0.863053023815155
6,f0567f6d45c0f83b9874681fe8dfe0ba6hjlf,0,0.807914674282074
6,a4734769962126673e975a627e930b5fgc79n,0,0.051856767386198044
6,86a3a9861ed45158e964f9d004a224b3324cl,0,0.050307102501392365
6,90eb8151eb82441b084d04893151619837abp,0,0.060197893530130386
6,b79560ebfed7c8cbcfb97475812e0836twsnm,0,0.059848494827747345
6,cb6ea552ab5b90e2d0572148426ca275d1zzj,0,0.05902515724301338
6,2d9579812895729581ce269ea17462197jxvy,1,0.932593822479248
6,d9ffd2f7f3cc1a546586701c2a6fbda24u9ye,0,0.9298495650291443
6,c89ad997f646e388fe375d7fe33a3727dzrh0,0,0.04853270575404167
6,e561791343f3564a6fc612a98b5f3df34rxok,0,0.06083036959171295
6,06b2d71c26ef3b6e29277f761cd0db90wuwjo,0,0.06642653048038483
6,eea590b4da2709c294e8db490f5997eadyc1e,0,0.05985882505774498
6,f73eb6e2e7a872f97c715ccdcddac77am8bq5,0,0.05491368845105171
6,2b044b4b7949b96e38084e59b5d1d328jib5o,0,0.8704240322113037
6,414af5edf09c473bde75644b76a68e7feesrw,0,0.1185465082526207
6,3312b8e73417810a88be459d75fe9bc2xhd8v,0,0.05703822895884514
6,14bcf558addd6e6f2818ab2bda7dc679jqoon,0,0.05618252977728844
6,0af208c4fc46ef9236052ff495016326zxoqf,0,0.05786433070898056
6,44c38c27b9de757c8c7c05cf07b7e3eb14qpt,0,0.06554412096738815
6,a6d6f3f5034886fc00a1245b439de13a66ha4,0,0.05537640303373337
6,8251041848182e6468c8119905a177dekmshg,0,0.7260675430297852
6,9ba7cbcf531c20ef7cc55a6da5c0654evwt1d,0,0.606049120426178
6,3e2e03a4464642627e223fba066182d1qslv5,0,0.06409154087305069
6,c4d42d0beefe49d6157c546a2504f4db86hvd,0,0.048809316009283066
6,497b8beb19a7f674bc53acf7f5c7ec8cxv68x,0,0.06084628775715828
6,669c6a0e8aabbf0647e8ee6e150c47b18a4pu,1,0.8598901033401489
6,a2933e33896035761240ef5a62477779jf7ny,0,0.5182815194129944
6,05ae7ea9549ae298bbbc8002b4229392e0ilf,0,0.05743003264069557
6,a5fb60c136b7e0a6d0d6e27cadb2a797225r6,0,0.050315823405981064
6,85ac49e7f93bf0e20323de78362bb4aadnwia,0,0.052400317043066025
6,b34fe965c04012fd22123ed948257184pqvfg,1,0.9237446188926697
6,23f9a0e1492c4abf375823266ddbe36bzukj3,0,0.055298008024692535
6,de3bbaaa3bbc1fd1f751d23a972916d80q8e6,0,0.054747600108385086
6,8af01eeb860c2e6b1512377f28953110ml638,0,0.4071066975593567
6,99ca795998fb781a42d85f1abeb50482yzffz,0,0.9367871880531311
6,e6f73230e0fff1d9a6b1b8a6617002ea9owig,0,0.05448879301548004
6,a32cce991a2f597f6e5a02605119f99b1dyq1,0,0.0595085509121418
6,0817731a4d2e319f6f771da3f522b8bfv6njs,0,0.9030002951622009
6,85499f83c5f1674c87d0fe77838c4da793u8y,0,0.08465925604104996
6,dd76fa7a75bd0e1921f71d255a8e0853l4lbi,0,0.05957133695483208
6,bfc7a0819397d910db7c24eaba1ed4c68dwiq,0,0.06076787784695625
6,40829191b83242ef1f380f90876cdd74mrqe1,0,0.06238095089793205
6,2635d404f4943f3dbee24aa16a2953c723iwd,0,0.0553039014339447
6,8215dac41ad35a074c93bfcfbc0f908chlo5n,0,0.05246175825595856
6,39a5a16e5a67c2fb51789cea4d3091f0mv996,0,0.047318730503320694
6,fe6ed3a12fbbf5da4980337564361710v2y21,0,0.563240110874176
6,fb81da0790d821a22617d748d0226540ylrj6,0,0.8476811051368713
6,3550d62e04bd3a1239eedbc29d9c970279b1v,0,0.05157176032662392
6,14d4e04d7ed150613974438a4dfd4e85dybq3,0,0.7652574777603149
6,ab0b0de534bad49af05faa626b88389cmjj8e,0,0.0521271675825119
6,f12120e467869d3d5dbf7c7d0566a8e7bmmhk,0,0.057568516582250595
6,4ac31aea605d17045ceedbce23eed239omved,0,0.0649218037724495
6,9e25bd3696b4e1775de205d2d4698a0df4s14,0,0.3043248653411865
6,c2f592fbdc8980229367e1db4d0f7a51my54g,0,0.15054315328598022
6,9d1506d6779356dda24ed87d41f3be39yn1rc,0,0.058647047728300095
6,36e2e2f32a3872d3e958c0a58ee79bd129xdy,0,0.05649290606379509
6,c7c854748038ddf37b8a9c4f5a28073fsut8p,0,0.04708634689450264
6,673650167f432c009e9dcd062cd4e9fc2szln,0,0.04905812814831734
6,d6517684989560cbb0da1fb2f5bbba9b9y2st,0,0.8531808257102966
6,332484ddd66b9a3db89ee68f08b1288amq90u,0,0.048628754913806915
6,28b4c35bd90c81ca959da328806469d493mvj,0,0.06597702950239182
6,ed5ee107143980558fae26c1b5c7b81a82spj,0,0.0516316182911396
6,2b19566f190ff3b8a85884e03c64fb56ir8a8,0,0.06011444330215454
6,bcbd5c95680cab78cf904fb936dd03f86g19z,0,0.065062016248703
6,3a32eb1c6dcc818e0df4953e978f2e89ljhnf,0,0.0581921711564064
6,c08ae3075278ed0d139f00ead52ac2b0oy8nw,0,0.05864242836833
6,49eaad86d095aa5af75ce34e59e4b7f1mmf9q,0,0.05491919443011284
6,f01e3769fdce36d31eae85525827ab17xeu31,0,0.05628743767738342
6,b0973e698b12fe51ec2f259d924c6098rasmy,0,0.05395359918475151
6,a7c910e7c7796d979aa9a7a31d74a8eaqsapx,0,0.0650331974029541
6,1df1dab2eb718c3da3f9a0aa90b93651sxqzo,0,0.06382738798856735
6,a48837ccd05bca96ddbf02c55ecccf639adk2,0,0.05786721780896187
6,c5120d10a23eb0c10d56a19fecbf9da85t4ow,0,0.06143253669142723
6,465c4f2ad08cc1e5f7a5e1e3ac75654ealh0g,0,0.05948680266737938
6,af14436f293c40a9904d9f06a323215bf7zdr,0,0.0579681433737278
6,f4294bb3abb69fa3183e7e851b58b278k83z3,0,0.06144053488969803
6,cc4763c97c3d7cc9116e0a51a6d1f2e82242i,0,0.05680835619568825
6,470a0e402bb9cb4d48c2a450d2043e87flc2m,0,0.05793027579784393
6,67d6466d7f4a32d294196b8c16ee0b03kn9tf,0,0.06154650077223778
6,f0fd9f1b3fc9ff10c2642b3bf81946e2rsq48,0,0.0479956716299057
6,8e0462410d727b34290fec10fd5661761yc8u,0,0.047794997692108154
6,cad9c97e99bd5753be98edd9ad8ec8c8c7r66,1,0.9381716251373291
6,ba266f4898bf572447ad65856b362595yjt2a,0,0.056807130575180054
6,2b429b9235bab2877cd93ac6d9fbc2d7tzwre,0,0.9158142805099487
6,80d8e3bfc8a2ecbf22614befbdaacf5fo6o5o,0,0.06585021317005157
6,1e13eba969b6b953688c9e945544ac4741ilj,0,0.05825008079409599
6,9a5fb8e2e5add29b006d789e4cfd1513paga5,0,0.06611990928649902
6,47183c1427a3cee97ff9bd167844e65d9dzi2,0,0.04978756979107857
6,6362c8d61774cfcb6ada7cea1be63678hxkfz,1,0.6203113198280334
6,8c33cf751b05ca6a9d886a379a84a2ees9jlu,1,0.9210430979728699
6,a447127835855849fa2ee496d05e0847fgt68,0,0.8980546593666077
6,adc548d88b9a307ce0b58a0d11d3ae14gcfon,0,0.06326314806938171
6,a96039c7cfb1d040ca978ec5e66ee2c0sb5ht,0,0.05866935849189758
6,3318a824cfbd3d3d177ab7e9520b21cbsrcgr,0,0.05874026566743851
6,b258a38ef4cc6ea241b5473ee9badd32ekhoy,0,0.06529311090707779
6,daef74294e84ef6d7e009c2d51be6ee167xds,0,0.05457077920436859
6,4997f0d7074a1d9f8bedf5575b6a4372w7nro,0,0.057367291301488876
6,bf6f2ca50a3a6a3113681e754307aa4ehnd5j,0,0.0585351437330246
6,6a31ec9cbfe23a9398e80403859f0402cg4ql,0,0.058762624859809875
6,989e8e68621a43af5a8d061aa91bd9bfshy7d,0,0.06548874080181122
6,a46025d61131de18474aa6f167e04bf08w9x6,0,0.37529394030570984
6,c58ffa073b3b3deb4e993ee5dd05347cmvfur,0,0.05929436534643173
6,898419c2d011d5a822e9ee07c387098ezpc12,0,0.0637899860739708
6,372bf02911448b7f62cc861074a7ac81y0jsn,0,0.062033891677856445
6,8a4fc219f01e1fe6d4328b0a47fc54905iv05,1,0.07157944142818451
6,bdeb5eed17a812d2c47176e30b8553ae2k06g,0,0.06389981508255005
6,60edf674563f85b227898f6af0386476efy45,0,0.05996261164546013
6,f8f87e237833c3279a953b785653b0e5qka8u,0,0.05271197482943535
6,2f9a7b01fcce94499a59aebfac98fe1ezsk1y,0,0.055780358612537384
6,7a9519ae09e328b09d18473f96ef075fzrs1v,0,0.05802483111619949
6,7639039411fbcc6cf1013b247b2622a72g0r9,0,0.05552760139107704
6,5c2e85ba72b9e9e16f77939fee7ffb5eivaqe,0,0.060160618275403976
6,9197b6590c6dceabd88ec93157fcc31fgb8a4,0,0.04760430008172989
6,900284c412387e0bb2dc2aa5ce42dbb9th70g,0,0.06323591619729996
6,3c37de5e4321388ba706233d5ca4a0bfp7w67,0,0.06039609760046005
6,9df0031595e4105e4530ceee1a08faf319vvb,0,0.05385367572307587
6,36473d4c641c4c09c20c80e2ab35a36dwzp5d,0,0.0633515790104866
6,25f1a9c0c83eefedfc2c1589e763c2a3is1qy,0,0.06534533947706223
6,68d0de6b2b019e4f93fe89ef3c9d3e21zajj9,0,0.592313289642334
6,4579226b86f3ca5b5ea1597efabae4c42j4rw,0,0.05917666107416153
6,59d96b423ea3ed56611686300b681f3defm4n,0,0.056209906935691833
6,e4433ef42008dcff761f12b9ade6fd31krdwv,0,0.05838282033801079
6,e833712b1e29ffe74517e2dadcb4f2d1pt5t3,0,0.05974750593304634
6,82f1ba4809f4812629e9e53ea4c687d7begx4,0,0.06432786583900452
6,25f59f9da43b6806aaa125fa61974591sacso,0,0.0565946027636528
6,f781d7cab96d95bcea507cdd43b24255pw0dv,0,0.9256477952003479
6,c349d767ddda78ed58a3c5769e780598ar3ei,0,0.06592635065317154
6,7291b7fba1b597d66bb8efd45fd0d354q71ka,0,0.05988598242402077
6,cab7ecf98fd0489389a3a8d3961defb3k66og,0,0.056221213191747665
6,6f6e3687f67272b103351641b678225abarzw,0,0.05655558779835701
6,2e33b1ee8a9d4a5cc5f886ca455e8f86kxu5r,0,0.056706879287958145
6,dc4efb7e05563288d1f2ac4ca65c6734017ql,0,0.05990145355463028
6,ee45b2475e453e69ce712388959fe4acspmvk,0,0.04739470034837723
6,ff92ea4abd33ed38601287f0e1d6726dmgx1f,0,0.9346108436584473
6,46a28eaed47c29b4fd148a50cde44840u0bsn,1,0.858815610408783
6,d810a7956e4d9fbc246d585ce84e8ea0750b2,0,0.05980299413204193
6,cf18f6766fadce944ee74796489c23acmqhpe,0,0.05926701799035072
6,64abb8a286b2be97349e8b17abcce6d9rygza,0,0.059043318033218384
6,f23ebc71f2d8d820db2bf0576ee7e148cxvkp,0,0.05652136355638504
6,9372e27ce85a8c8b9460b87c37cf55ecqjjkd,0,0.05326499044895172
6,d7eefaad31febe607c252199a7672420kl1el,1,0.9326251745223999
6,4c341a39553faef07ddb917ea4e069ed0yi3y,0,0.055108603090047836
6,bf65e77ce8676fbab6fc78b70c50f05a8da8a,0,0.9387098550796509
6,e134f2bb79d1a810aada6a24760c8910mh5na,0,0.13211990892887115
6,eeda0d135495167db9425fc5fa3a5e3ex2zel,0,0.06585998833179474
6,5c2d250afe88df6e4ca3ff08d991eb67s5erh,0,0.055984556674957275
6,fa6bfb4a2156dc8e73a713cdab85bc4bmcmwr,0,0.06041598692536354
6,531d4a209ec0cf76c9337b42fb1c3d9c9tcuv,0,0.05898187682032585
6,ec86220eb6ce57c91a02a7356b342599jrcut,0,0.049442704766988754
6,d4b2fd8f5e8e02b660e9803cbcfa6cf2t5szq,0,0.9004631042480469
6,721e69fd30e33488bf82b7e2f9c8cee28a9ea,0,0.0572894923388958
6,72b21fb7cd32b1a65bed8a12eb94a8b7qa7rl,0,0.06000133976340294
6,715ee2811c764d5c58aa228ee801e518gqvli,0,0.054560620337724686
6,466ebf78d7326a38db1e19fdc1c70e9b1qu0z,0,0.06264401227235794
6,29013ddeb60a18f7d3bf9f3aaaebae6c8651o,0,0.09322693198919296
6,2271fe5b01f9b8f9d8409014ae4511524grmq,0,0.8745917081832886
6,aa1c013a1de168c611560ca2afe78111g8i6s,0,0.8437075018882751
6,4038ae3276c0b47f420a5d73687fb73bghgxf,0,0.06651289016008377
6,437c191e614776c1535305f602ea9033sdfmf,0,0.059058573096990585
6,76ab7c99de4a3141bf617bf30bec9feep3zuy,0,0.062073495239019394
6,a124589b3af5a212406c0306584a9554fazi4,0,0.05806860327720642
6,faaa98763b59ed5f02836d4bd682035bfhujq,0,0.06239159032702446
6,c8cf68aa6abce25325dfdad4a98fd890ap57f,0,0.04684678837656975
6,8b4bcc98fa4666b22c7a17c9a4b93ebenlmlb,0,0.06547729671001434
6,20fcf71ad6fbd43f6f5fe493a6bc3ecfextqf,0,0.06143561005592346
6,0a09adcd35b5f26d75f251006affc747drfu4,0,0.06463783234357834
6,ae29b39843141a73b39ada671ce6b6c0yxlb6,0,0.06039535999298096
6,e61c14d66cd5693d93cb0356d7f444ebinx9i,0,0.31495770812034607
6,f428427d7227ddcda377cd00f07749576c6b3,0,0.06603626161813736
6,98aa09a7ca13559a9e2a43fa2ba4d2b7klwin,0,0.051924869418144226
6,16065749457a14b26998fefca503c3ecf9og8,0,0.05615450441837311
6,db12e9cad5e847cd7a40ec1ee649e475iwzqo,0,0.04684678837656975
6,9d33ed2efcfaddba0307d12142f3041ce731l,0,0.049417201429605484
6,95ff2833eef5999a4f3ba4a7684d2b26a6v9j,0,0.05637113377451897
6,24a9abf72cedcb421e831c1be26607e37zojy,0,0.059191927313804626
6,bef84146ac1e2f21e928e06ede1404793bfnx,0,0.06013554334640503
6,cd8f738dfa2ea0554baa3dfc4465cdb8izun1,0,0.35967060923576355
6,f75a0f726d764514f612ee8cd8f65adegt02s,0,0.858864963054657
6,572c9964ca41ed055830845993fdab29p4f03,0,0.05450311303138733
6,cbe8d224a38ccff930674361b502e7beyuf1k,0,0.060301732271909714
6,5201935b289665a197e38f747882948fjt867,0,0.05974743142724037
6,fe27fe0815883aa3e1a312f0dcb45981txa2m,0,0.2715354561805725
6,1ea558fc18eb1b3ed7759a3aed7662d3p77wq,0,0.06536922603845596
6,7ffd9b7b795d9335153d481fba4b3076plrxc,0,0.05921462923288345
6,da950a556200395a82e23e3bbfe1abb6xs258,0,0.06017075479030609
6,7e8650379cbcb3ef8f7f6aefcd678067kzbdi,0,0.06007900834083557
6,74149197c8684977e397ab60a6a264836b0lv,0,0.06156026944518089
6,55d9cdc3af85efe87b2a6f22a2cea96ezy2ax,0,0.06309584528207779
6,25a4ee3a528004bcf4f4bf62b9208a7dx96pt,0,0.9065015912055969
6,40fafe756c4695b32df7d19d4c710dabvzr79,0,0.04684678837656975
6,92a63dbb8323426833b944a4fc196fe27pzha,0,0.05950796231627464
6,d144312f2f68dc33a63b7863911b2aa459i99,0,0.04833637550473213
6,af33d5277890ef0b5f55fbbf400441c9hdehk,0,0.054996538907289505
6,81392b54fee8e50ec74efb27cf0de8e32fdm5,0,0.06281997263431549
6,1d4eaaacb6127c43c1c007331cac135bpib3m,0,0.061402298510074615
6,036a4050a5dd65e70f0f613ec2e38a74re026,0,0.06561258435249329
6,e76057d8bcdbb3d2f935c30849a17e4d7ordt,0,0.05073937028646469
6,00cc97158e6f4cb8eac3c0075918b7ffi5k8o,0,0.05688832700252533
6,110d2e689da119388dcb6e235749b787ni298,0,0.06498567759990692
6,308def7f05575db9bcb6a67207d6c1beb2cqt,0,0.05010238662362099
6,fff2c070d8200e0a09150bd81452ce29ngcnv,0,0.060362301766872406
6,d110111b8700f290b5d03a0e243fe375r3woe,0,0.05110377445816994
6,069d251f2fc19102924468ab38349d5eou7ab,0,0.047983407974243164
6,44bc1c87245aac66d176620f6ac9611ddbcil,0,0.05951046198606491
6,d588f4c51e67a340d1991a8130ee0b56hy0r0,0,0.885342538356781
6,762046a235e00ec6521ba71aaa1450c28ijkz,0,0.9341391921043396
6,90953913d629a03e27590d0d0f64456601ktd,0,0.05630839243531227
6,eeb7e43d894af9161f84692f2bf9570fdryzr,0,0.06536797434091568
6,a46046f129f3526547aca680877fd8c7e6tfc,0,0.06268546730279922
6,74582963d3774699f4215df7f2d17c1b6b4pn,0,0.06145967170596123
6,a6230fdfd4879433e36a76d53440f426c7a7a,0,0.05283982679247856
6,c843f90bae7231af13dd0e064a469704drz2x,0,0.054549697786569595
6,77b7daafef906aa3f941992bcf94dd69zxk2p,0,0.05685674026608467
6,6c6c3559c5f656c71348f7cadf29bb12okgl1,0,0.05955623462796211
6,c780bc2dc7ab83d5e5c85dd13f0f7fdecfxjq,1,0.8791282773017883
6,4ef4b3e5727dc85f18aaf00ff9a1e936qyhp6,1,0.9277728199958801
6,437ac1b8d08c3b328924aad097a3dcdey2m1k,0,0.050038743764162064
6,3b8320619393a6f6bf12219b61cda688k4w4e,0,0.05843295529484749
6,04636b6c61c80f5325efe61183e8edb01ko20,0,0.05545433983206749
6,c65d2236a70982d628454d19472ce26eltxgf,0,0.06470980495214462
6,d381ce07afba12851a815cdf8858c1c7g2pfh,0,0.7650022506713867
6,8d500e174fc28d494482f8ccb9438608zd51s,0,0.06210896745324135
6,caa74df2086d71caf6c1b2b9c81d3d98xhpv9,0,0.05233680084347725
6,f2f10539ed947e4b141b2e9bf21af65ecz4f7,1,0.92389315366745
6,6a3b1ee159716b743ddb8e07e499fadbhqn74,0,0.0571296252310276
6,8254276e772450c5365707cde76efa4cwuzpd,0,0.06049862131476402
6,f0ce8b973cb8d6eef9221fd3d6698fd4kl3g7,0,0.05941957235336304
6,d2f0217aa734f025ec008d24d13eca10ntuhf,0,0.060480620712041855
6,4f7331589f84c6359bd693513bc9d7ddlitos,0,0.06554260104894638
6,3f977186d125ef8bcbee0c1562c7ced2b4utq,0,0.05137747898697853
6,49f4481b6bc2255e745ef20ac2a720754r9mp,0,0.06131606176495552
6,cad151bdf2e29b764dfd3acac022e5dcy8n83,0,0.04732599854469299
6,7959bd565852dd880cd31278fab3660fuaqyw,0,0.04981096833944321
6,9e9047df09026ed5a5a3a86403811159u5yja,0,0.05887714400887489
6,caf32bc98f84a47829e76ffe104371f6kphvc,0,0.8498287796974182
6,9a272c3baede0633bab0e15ff98d207e3ldpv,0,0.06581024825572968
6,c670e7fb466b09000f1053d2761752268bkfm,1,0.9371774792671204
6,77b342f0d8769898619a935e267eaad25rubb,0,0.05869738757610321
6,9dc039dc57fd67bd9e7157f4f697ae7eloov1,0,0.9107330441474915
6,a58ace8b671a7531c88814bc86b2a34cf0crb,0,0.689062774181366
6,f4189a40cc622eaef015a19d75d9fe21mylhz,0,0.06247575208544731
6,1a5d7993b43386f64fcf4b84e7b183a6ref21,0,0.8666003346443176
6,780566278695c3771f81afc605abdffa4143q,0,0.06361637264490128
6,01f498a0992d280de63ec346692efb2blckg2,0,0.06662823259830475
6,7505bfc1ca67a5ae14e329b46a88ab869ms9g,1,0.9312450885772705
6,2d38a6af2ce96c1446f900aa4756b8975y9k3,0,0.057137083262205124
6,69333c66e55cdd6cabcc6ae64531fc33w20n4,0,0.05626863241195679
6,4fcdd880c4e1a1767c4d26f74bb3466f11osj,0,0.04684678837656975
6,e9f928411213f44502e4942a29553ab1tbqgu,0,0.0523555614054203
6,622a477170c3e2215b7e3cdb06db93aezz6t7,0,0.8156074285507202
6,65f52b46edfc7fa64b9e74557a78e52c1it54,0,0.06101458892226219
6,ddc6dc00f416ce10f23b57ebf758c2eeawzjw,0,0.05672707408666611
6,08a588ebf7b98f44f8fc695d02adfa25x0amy,0,0.055567871779203415
6,786cb68d5d2012dedaf70257449090f2hfb88,0,0.05901431292295456
6,43bd7fe0ed7629fa774a461127a629f19je0a,0,0.04987648129463196
6,424b638423f4862b2a84f22ec25fa22eb2c8p,0,0.06591198593378067
6,1b7c070ffb2c23c1d02ae5bc5d817d06qz4xb,0,0.059036482125520706
6,385325103b3eb54b0b974523fb7a13e02go5s,0,0.05152266100049019
6,84f06d2c69695fe24cd69f8a1aae21a7kozbn,0,0.05524265766143799
6,e5736d7f8082d7d7fee8430c0e2279bcdmt2a,0,0.06547820568084717
6,c17c63af831939f5e2fd12f65821db65umonm,0,0.9234391450881958
6,15f34e73687d7361ac0d780737fca261g2s9n,0,0.7329142093658447
6,53e2d855e008a5c2f79b4b848d467b86nofo3,0,0.06088320538401604
6,4070f6ad5da385ba11cc99183817eb20h69v1,0,0.05998050048947334
6,d2b8a15ae403dabc5aa752b205181dbe1lm57,0,0.05830364301800728
7,624f258b49e77713fc34034560f93fb3hu3jo,0,0.07291529327630997
7,7eaefc97fbf6af12e930528151f86eb91bafh,0,0.07544390857219696
7,25558d24bca82beef0f9db4ba1fe2045ynnvq,0,0.06857267767190933
7,d91a4421996dcf429f575e372915cdcedae6g,0,0.8469729423522949
7,880f542a275df1251612886d408b32e8m96cp,0,0.06759877502918243
7,d6d3daba4bea632d7f5a4e2c5146f109dkd4m,0,0.07548683881759644
7,2a7d1f9483d34546c4d099e36e3a79790qvjm,0,0.712903618812561
7,d36857d18a397e7e24d05dcbef3b919ftjstv,0,0.06872022897005081
7,c62bac5be6489bc0e0a7834a11167171c8ww3,0,0.14712610840797424
7,98783b6bd490f32f56c315307643c824nimw1,0,0.07278461754322052
7,342f22fed8b1e90c6ff1a6b7bd80f6334w094,0,0.07463084906339645
7,608d9b68afb12c6c27da6c6565ffe8297wvco,0,0.07542084157466888
7,5f50c6187a179e2ee7ba2fbcfc845c7a1smgr,0,0.06743153184652328
7,aabc211b4cf4d29e4ac7e7e361371622pockb,1,0.9360631108283997
7,e97becf0d4632035ad4cd5e65c827d6f0xawy,0,0.07164222747087479
7,848d3eaa622b26fe57d352eedd9649f4v6obv,0,0.06840094178915024
7,e98d8f348b266653b6784329782fd2e91vu3h,0,0.07856695353984833
7,68d468e15e0de0bab9694cdca8e799eb2j8kn,1,0.938133955001831
7,72bc07c7241e1856ba31609d11501c91cswlb,0,0.07534227520227432
7,d738b259ec6e6af625d1f41abcfd63e9e53tx,0,0.06662038713693619
7,4dd2a50e589cde2802c4bab143dea61ak517w,0,0.07002586871385574
7,91dcfc10da696a6d90966ff795751708er5fp,0,0.9242556691169739
7,e78cb9678684d649453cd5e1e46baf462lq87,0,0.07563730329275131
7,af98b7d5a7c1ccd2968252a2fb1c06f69igbv,0,0.07192832231521606
7,8e1f8e5907b3cc256a2a57ae9ac81e063gbz4,0,0.0741744190454483
7,f769b9f92260ecf046efd05bf9ab6822j7c02,0,0.07160668820142746
7,4c4431ec9b6e683bdc5a3118d5140105r1nas,0,0.07557585835456848
7,7cb144485c703ac09fc73aa646041f72ogqwv,0,0.07225988805294037
7,577af9ccdc29dcacbbce0f36b7c1ff15btljp,0,0.07533886283636093
7,28c0d4c81a22958352aa742f7d74e477qwo51,0,0.07202780991792679
7,0e66933c924764a59760aaae5368e7d1e0s88,0,0.07024386525154114
7,48117c1e2b56cfc8739f83683e01d9b2aoc66,0,0.07030296325683594
7,6086425310e05e77a53317490e8c1f3cxzf2r,0,0.9162888526916504
7,d65efaa8129a85f85bf909e5abde8c3628gfv,0,0.8151306509971619
7,d5f997729fd5a0aa13307e027804de515jziv,0,0.6793974041938782
7,3edae72a9d44c43524c0203ce38581d1790xh,0,0.07560896873474121
7,2e3b450b727fe3e888c85d52251fd33ffoi4b,0,0.06714604049921036
7,8d43ad48f315364be4d979d2e9d5ee67quqyi,0,0.37489330768585205
7,22fb740f267ac617118261b2fd3365batisfg,0,0.06946680694818497
7,961ab8cb7952191816db53f8a11a35fe1zecm,0,0.06935087591409683
7,3be127c56b2de21dfcf2836f20afe249hqkxy,0,0.07835507392883301
7,2c31770e98fc9fc7e0f1fee6207b5600c0e10,0,0.9313527941703796
7,e613acb1029ecafd9792c9f75d468e4bmm9zn,0,0.07443669438362122
7,cf22da37578048d2e51eca1e544c693cke5t3,0,0.7960846424102783
7,f63ed13362ce1c80970ba28a095c2bc5kfgmr,0,0.07066228240728378
7,c48fd9c589f273945bad5f0cea5993ba2fet4,0,0.9216505289077759
7,1af4685cda2979a608c4b6ad83473774qgicn,1,0.7896938920021057
7,068450aafae2a6e390e35925d964290cdliqf,0,0.07530592381954193
7,eaac863aaf84acb7529462118e7953c3oeky6,0,0.07253589481115341
7,ea0e5f7d93f2220a62bde8067f26daaa7oxgf,0,0.06842596083879471
7,8ec8add138ed551bd5a9175eae0cb972ie0pk,0,0.0672270730137825
7,e561facfea467ea124df0111e041287ctvgwn,0,0.07557301223278046
7,ef9ce9b85309d7d1044ce57055705bae8pqlg,0,0.08374272286891937
7,3a5420301c0dacbc5675f6f09aac0143tuodl,0,0.8782595992088318
7,c76f30b8330b6d14fb872b30fcfd9d57phbsf,0,0.6065216660499573
7,908ce7060337fd8550760a100921f6f7wsemn,0,0.06743153184652328
7,08515611e73803dc6d8c562b8514dfb5qi3z9,0,0.07314161956310272
7,b9080651d16e3d6d2d83e1c5debb55b0qpwbv,0,0.07567621022462845
7,c8d972b803b46212369cf1b480328dcehb9jl,0,0.07305222749710083
7,99bcfc00be736e03facf0afeb79ac533cs7tp,0,0.07172374427318573
7,ea57e35acda9a8f8b75f4d9bc049f74d7qx3t,0,0.0698418989777565
7,175a06fdcf622c9455d0a77990b9302dj23ke,0,0.11536587029695511
7,b719671479e7d75b1ba5a5617c95ccad4dkvm,0,0.07558333873748779
7,518e9fb1055de6532ed2df6d03fb78feus5s0,0,0.2043856829404831
7,ea5948061b2059bcbd900d3ae7e86e428ae8g,0,0.07259365916252136
7,5850b68151cf0760e94acb39c4dfa02026k4u,0,0.07227879762649536
7,a7454ee6fbb69c4079caf5b5b92574abi6pyh,0,0.0753202959895134
7,e0544483ccbafc4842cba7650677d043n2e5c,0,0.07531671971082687
7,01349288df20199905e719f0ff7ee771nwryj,0,0.06674915552139282
7,d2138bce99f535c244dab68652ccfa2enshxk,0,0.06743153184652328
7,c5dcc8a649adae76ce01a3fa85b68f237ny2r,0,0.06819529086351395
7,c08e5e3325e2f4fea171f24ca018e675we8kj,0,0.06743153184652328
7,3a8124eb9fd3977e43f5e0762d9a09d536rob,0,0.07341308891773224
7,f535b28ad58c83d35ba87fcd46624148zbh6l,0,0.07255741208791733
7,40e00fd204d0ce97110032bfc47f423d0bgrd,1,0.8221138715744019
7,47c5cd21a74e45dd294cdd53041ec0a3dw3ge,0,0.8309450745582581
7,e22528ef6a439aff5a8b19f8c9b07c19fyzs6,0,0.06984248012304306
7,f93a998dc10a4c98f65c6b86fdff651d5i4qh,0,0.07554135471582413
7,e03311c7620a8098b7a177a5f1ad213ernao3,0,0.06643711775541306
7,c9056fc0cade75299ed4438567a87d6ek44pt,0,0.07186994701623917
7,2d82c3dc726d2bfa19c5f16ec3de5023lbse1,0,0.07460284978151321
7,3c0026d48f3d6e10cef6cdb1f708793ccwkhr,0,0.0714447945356369
7,f2bf8c94172c4d71076e151cb4e136007iiur,0,0.07299356907606125
7,f18d2ebbd5e48ef4f1ee412339d6ed7adr9qi,0,0.07345046103000641
7,dcac75b5ccc362a66e7f9112f033bdebchxq4,0,0.07076656818389893
7,5c28b04424e96267711d5af2db62e022tp36c,0,0.7985106110572815
7,9819825acfa7e20c47a78bda5e76b195jh0gd,0,0.9255048036575317
7,9c0cbc0fd8a6c22ae3648801ade080fek6i13,0,0.3875148296356201
7,2e1eb5b56591662fd7ecd7b39621bbcfgd1ks,0,0.07571214437484741
7,4f891171f7b09f54d8b4f30b48421f178m75r,0,0.4995461106300354
7,bd8bd6cae40abb19b81b6b6a7775f63e5tk1s,0,0.0713505893945694
7,5d02346d70f11cd61d9fb955846ee9bdp5o6k,0,0.07416383177042007
7,3fae46174ef1a7dce5e9893775f814c4so8s0,0,0.07566869258880615
7,313ede314e2e05c31471fd6a93f98af713jud,0,0.07023341208696365
7,30ef7862d69b3440ebf2726ee85a0b8397ta7,0,0.07370481640100479
7,f8d0d52114da74d98800dc7553008705dth38,0,0.9182652235031128
7,66513f72be85596a527f9f653db3cb72cq4jg,0,0.8097294569015503
7,01255c2c7c5578c186873422fc00fd7afwk8k,0,0.06767889857292175
7,b46132a554a2a3b93efc5a9352036e6crl6sk,1,0.08617986738681793
7,573cf43253a18821e50dfae941ac287ceymgo,0,0.07548385113477707
7,86b6207b5e87d58ae307bdc1545a101akz0ew,0,0.07346466183662415
7,fb6814db96bbaf61f42270a85f0f62adunxft,0,0.07030007988214493
7,67d245e38ee756947ed395fa099807fchxv99,0,0.07394394278526306
7,200b548999702c10f8f9fdbae9ce60622owzv,0,0.8683637976646423
7,d8d90875fbcf94c3b4c5c00479cbed6e1mqrl,0,0.06735360622406006
7,651402deb28af3e3d1ab9a6b88314b591uuaz,0,0.07027246803045273
7,3073d007a5b42b827cc770ecf4805278xvvzl,0,0.06665707379579544
7,b6a7b5bba132a90e7c7cb350d2bfa52d7sion,0,0.9287193417549133
7,42cce5c657dc7d99911d950cb22fcb4fmzz5e,0,0.07377496361732483
7,61101089c1b34f409fc9b836a7f9cd163y22l,0,0.07329991459846497
7,ce22684df495e376e32ac95d3ceb1164t37l2,0,0.07536892592906952
7,29b8af2fea3881ef61911612372dac41vczqv,0,0.07560277730226517
7,8d8f705595701b921012777a281a553622300,0,0.0716068372130394
7,9f793ee6e6df7f69b5a5acb4e13db0476b26x,0,0.07555822283029556
7,40ef6a4a0c99b478fee1c93f4105b9d9mh9iv,0,0.0755675807595253
7,cb9a75312b809291306c6213ed5dc67dw31qz,0,0.8520200848579407
7,40efc98d259ee36a8c2a387ba49f39d0fa39h,0,0.3164374828338623
7,9aca61f505f40a3b4f7865c2d00e2418s0e1f,0,0.8591591119766235
7,156f4a8763e602ef789f8048c6928676a1ily,0,0.07570472359657288
7,dd7292cdbc81ebfb87945d9ab176d679gepf0,0,0.06928696483373642
7,2797fe80977297483e724b8390161c937dh4g,0,0.6408840417861938
7,34a7ce35b13775be4e20930ba2788a3ebu5n0,0,0.07462108880281448
7,f211ff014ed43c9054916f97d6187108mpxr6,0,0.8770752549171448
7,cbe756ce81f5c420a1f7079791ed9aa2js2u7,0,0.07530590891838074
7,0daf4f87eb695e2a84e4156154209e09k6ga5,0,0.07548648118972778
7,c6108e22518279361de99b3c7c298235mkoa9,0,0.07014669477939606
7,80bf6ab93fbb8316efd5c0b42d4b46c83qrdn,0,0.0756685733795166
7,aba1120a5b13cf72c1d52c0dac8aafc67nmoh,0,0.07022053748369217
7,936d73a062928a362901f0e507d57b0a8rjs7,0,0.07511044293642044
7,6393f55c093e04e6e608e1ee8be9c3e28omjd,0,0.07319723069667816
7,80130530788e55de6e9fd515271859d1kgfsd,0,0.07443095743656158
7,5f7767924aa92a8f01b44a7e09f00a4dgqk8e,0,0.06821433454751968
7,9f101e80580cbff55a2307c028408a91nebzc,0,0.8491946458816528
7,a9062f1d7c589bb01ee0b330ee8791fc702il,0,0.1641022115945816
7,9af8e7dbdc3c620c8144d736242b3bd2fdbpx,0,0.06824791431427002
7,420e7aebb49d7ab3c04e109a98e152d7kquiz,0,0.07370489835739136
7,61a4da78a5aa5bebcb3e9818a46771766gtq7,0,0.9252875447273254
7,d2eca28cbe0a3dc69715d719c6958faaaqx95,0,0.15086285769939423
7,84a773b3c9d300834d9d57af5dc83091y54cx,0,0.07386762648820877
7,af5d33f9724b0e8c1f875406c0556d1e6eotm,0,0.9030444025993347
7,52d8066e28f168e5bee769559ead307e1go7e,1,0.9094161987304688
7,03a1e81cb7bcd15014489a6f752c9d5b7pvel,0,0.8974040150642395
7,557f06b312e040ed3cd7dd2a011cb83avyut1,0,0.7057532072067261
7,d4be674fce23aae81c4cb946d4fff8671gxtu,0,0.06727636605501175
7,ae817305e82b580f9ab89f1a379488e39il4q,0,0.47026723623275757
7,c8e474ba549fe924bff9d3f585a9943cg9aju,0,0.07481507211923599
7,1cf0d30e0bf9f4a536b1fe16ecc26cd22j50c,0,0.07562340795993805
7,183c4e44d09bc4ab990b957e765af311vlup7,0,0.07015441358089447
7,84d75f71a61667cd327367453b4c0d2frury9,0,0.07209480553865433
7,e2e14e8e15204b504b146d17a2bed925qg3u2,0,0.07554782927036285
7,0141844fc725a85e38e12cc02fcdbbe8ofqxv,0,0.07179625332355499
7,39802378690e7d0c61d294f5898852b96hsfh,0,0.07562471181154251
7,0c57d8eaa2708b768416ca91dd8daa2cqbl31,0,0.06602467596530914
7,efdf59a8ca81c5d3744f9121ac8fd2c7coy3g,0,0.07143523544073105
7,58c3300ea9095cf5e59e27abf2a905ce7tl6p,0,0.07546783983707428
7,e0df56a5ea8094d070b0130d7178a996noolv,0,0.07069322466850281
7,bd0071b98d9479130e5c053a244fe6f1muj8h,1,0.07568803429603577
7,147164a9fe8a6bce381a224e9f13207cc1mdg,0,0.0754515752196312
7,8acae9b2e5454fbd92fd0b3d79fe89ad6w2wp,0,0.0703989788889885
7,b1c2e7ee5c69722df6233541ad5e784eutiv2,0,0.0719166249036789
7,86e50263881b0d382b55777185eb648aagh1g,0,0.8831164836883545
7,98eed7cbee9b1a1b526a635648e7cd2fhbt5w,0,0.07567067444324493
7,45fe4f0fb849e7195a1efd5495d1285f2culj,0,0.0712975338101387
7,bc3b92a81586cb726cbf4d5b418fee41o20sj,0,0.07500483840703964
7,9b733fcc97535e27037c231858a711adyzvqf,0,0.07246416807174683
7,9db7471a12cc3b8fa3cba86bc00abde2t2wz5,0,0.06749418377876282
7,7c08de9de285265b2c34970139331f9fnr9ad,0,0.10132487118244171
7,f019bd7ec140624144c4a9b40c42bec9jok79,0,0.07908185571432114
7,d3ab33e9314c95d6806813171f292299tmprm,0,0.07447952777147293
7,9a12aa1aa3560062c6f84bd374eb5f7f422vq,0,0.0710868164896965
7,43553dd8b9370fbba5efa6b652d9b43ezsj11,0,0.06998246908187866
7,a15766d8d3d231f862996eb3ec33559735a3d,0,0.07202481478452682
7,cd35a3230456d4a245806e476c63e9a1evu7i,0,0.07557214796543121
7,a40808ec5bd9d0440585286f1658c3b1ag8dt,0,0.07103186100721359
7,5dd3494b46f39f8c8783c25527b64dd8hp8ti,0,0.07545121014118195
7,f7e3635c9a532fb9a60d6eda6eb7c7de3uqs2,0,0.10435806214809418
7,ee5afe7f268aaa88598545df890f4e5fzari6,0,0.07026360183954239
7,0bf6e0e5184b3599bbb4ba1fb3a43549ije34,0,0.07539843767881393
7,3ef757c3d6a272681c69bbd7e071b705yzt8t,0,0.07459165900945663
7,70c6727cc40fdc6f752b28102f31a38b883io,0,0.08516925573348999
7,c1624207d78346c3c58cd44f3d5472fcriae4,0,0.0712445080280304
7,60849c6d966f178808d94543173cb93dog4gt,0,0.07276569306850433
7,b416bf88dedd6ccdbc3a2146524500258qdzz,0,0.07171720266342163
7,97ac4a68e5600c4b7a960d9580d4f251470mc,0,0.0707249641418457
7,54379b25f1f35d9df78da9cd774cef74u5wt9,0,0.07120337337255478
7,5bb3c3ff71ef6560c7600c512128ffc8js7py,0,0.07535213232040405
7,6feec0741a319299c78c47040893399ebas6q,0,0.09254269301891327
7,63c48b70d37dee5fcfb26f94107ba3b94d90p,0,0.06865395605564117
7,f3bb3c26162cfc1b8c3636a7ba126010na3n4,0,0.6625935435295105
7,d092609f5140c62ec64ddd7615c25792qgdrd,0,0.06788548082113266
7,6e848149cabc4434155aacb610fb20de6vq5b,1,0.5204828381538391
7,fe19fadb955fee4c5fcd0e30e56e1542kx66p,0,0.5506508946418762
7,24284d3fc3334e0adeb6bb95637ca62d6dm96,0,0.06945963948965073
7,93ab2dedd76c1859885cf724ebcd987c9ngfi,0,0.07158125936985016
7,83a24bbff5a4cf9d9fb10391102708f1oqpco,0,0.07079761475324631
7,8d638f6da12614d6b369249410c3d278n8qme,0,0.07532524317502975
7,d7b66d95bcfba06122dc6f7a3c605fd73239a,0,0.068206287920475
7,b729f60d26fde89a01f3fa89759d6b07t0ec4,0,0.8869115114212036
7,3ded667003605eb856ed1aa2b82c1732gtma1,0,0.0706569105386734
7,f5edfebe95b4f637d1bcceb892b73dc7rhn7l,0,0.9041599631309509
7,5aeb71cdc92fe5d1c4a4e127d7ca7783gzje9,0,0.07503776252269745
7,519c0f3b989c8e1781e0910f685980ce15wzr,0,0.0744316577911377
7,f3ad2931359bca59c36ce55ba82f9af8enbi8,0,0.07453601807355881
7,a71f9ab1d130394882cbdab3c886f1b0fm6hu,0,0.07479976862668991
7,c478f94c1323552e85aec6e1013ecba586320,0,0.9338257312774658
7,e735a2301a18772a8276aa1f17ef79efu4yew,0,0.07172072678804398
7,44d34926c0863edb7575b819980e0e728pn5b,0,0.0756596177816391
7,171fbac128e6dcb51d0f07cf7ed8bd3er891e,0,0.9312570691108704
7,098bfc9c440f9ba9e6371f774ec6a36fa0sq6,0,0.07325655221939087
7,6e178db6d17d21aa88aaca5bf15c2761lc500,0,0.8477353453636169
7,1395ca662a02245233af951cc7ad8313vk6w0,0,0.0706300213932991
7,b9c59dcf41cd0a7ba779154872019cabmohkm,0,0.07049579173326492
7,bea63152ca4d99f549999ca57b93d015z9kyh,0,0.0679490864276886
7,2137e2626c568af8e56bfb72fdd5b9e19qiyt,0,0.07163972407579422
7,d863897264a7e52d9c6a1be6dc453c6c9anz0,1,0.9351106286048889
7,8cb96eaadc11cf4f914bad84518632e7czdyl,0,0.9314631223678589
7,7259271b61d2f05200eb2e1ab1d2ec911jlaa,0,0.06864239275455475
7,81c9c749b2c9f97215f3ddaf8b5a5fe1k757u,0,0.07047665864229202
7,5ddf9ae899e629acf3e78141a9712a05a4feq,0,0.6786549091339111
7,9fbfbd8a57e4d4b18338063ffa43f1bez92lt,0,0.0714602991938591
7,3d2608a892e44dad3027ab55bfaa0b26r69hy,0,0.8965376615524292
7,5b0665172160ea4015e79dfbcfa7ed86oe0mc,0,0.6014776825904846
7,69d8fbf99586bfaac64d31f82b9bee27wltkd,0,0.0721198245882988
7,86a34cdbb975c141eea1854b10dbf1c8seom3,0,0.06982067227363586
7,ef1d71dde32e587e761a1b39d5b374c7gk68y,0,0.1655089557170868
7,5324221d38a79636bc4560cbcf2d75c4gimrm,0,0.07712623476982117
7,3694aa599f836a57b671ee0814b071775i1nf,0,0.8991782069206238
7,5ccc30558d4c218cbb4d36872fb82a03rjxgz,0,0.07356426864862442
7,ae0dc05e48d0f1e3ad33f37b4400bd069jktv,0,0.06779547035694122
7,f069e2e45ce316168a94b972c5b7d6b0f342m,0,0.07565271854400635
7,4199816cef8be846ca71ae752575744fimyto,0,0.9276239275932312
7,29bd1e11a41eb2ff50af75d10f28041ejh9xx,0,0.06878376007080078
7,ca68a41b3a4062f154dc1ae8456cd792d6kp1,0,0.07180429250001907
7,1ccc69e376c95da9bd569a5d1a176874ivojs,0,0.06772737205028534
7,08c39ef7252995e0749f7927249b8dcb1d3xh,0,0.07564743608236313
7,870932eabebfc108296437c303db6055kc3t4,0,0.07230856269598007
7,9196288f121946095e5c402fd326109827t0a,0,0.9373183846473694
7,e8f3ce0b2d0849968400b63b992cc606psoij,0,0.0697421133518219
7,db85fb5556f17b744938cdcc2e7ce9b5urspd,1,0.7842608094215393
7,06ddad46112881df154e3bda0e90fe880r57n,1,0.9031364917755127
7,3e995d6f9dda5f29c02af4c9fcb94bac0csrw,0,0.7136774659156799
7,d428139761f7b7563d57bb1f87b55876388j9,0,0.07385946810245514
7,e932ef68638c37220f4c2c386cf54578x4hpn,0,0.07265692949295044
7,d6fd864297177c38cea65aed8a45fb7bbp2e3,0,0.9087486863136292
7,a0420d3961adf890fccf4b43899708f6h40zs,0,0.07547637820243835
7,0d1815382b08885d76c671ab600133adeyp5e,0,0.8681844472885132
7,67fd1325fbe3cd75a110cc80b9df9708l0w52,0,0.11419657617807388
7,9bd2d79f328a5afe815d5832e521aa9187q2j,0,0.9184565544128418
7,57c4421263d37c2cd2573cd7245a7a80h0mjf,0,0.16326701641082764
7,02cfc97e8fded77671e71e1951723d5fwz6a4,0,0.07191939651966095
7,87c5fcd8d9582701469f94bff3cc415dvq4ia,0,0.0709361657500267
7,486dc9de91d243625863313adc03aa6bv4s1e,0,0.07671904563903809
7,b7515e5f181a6d4884674897226cfe9cpd6d6,0,0.07334381341934204
7,ba0ca6f98ed66bdd1c4e86db2ce4011fdk6ii,0,0.8110406398773193
7,aaa8650a6e0997e90e4b6a9fc2ddf555m5c1g,0,0.44694915413856506
7,e0984156959c3e7cd05b7ec8ae239303inqlo,0,0.07772046327590942
7,4cd52ae88da3e30dbe01da5048151c98p4f0v,0,0.938331663608551
7,e10ae48cce1e198f7283064cc8a2f836iy0z6,0,0.06876912713050842
7,17c59325ec223c94dcb301a7451c39871vxq3,0,0.07133583724498749
7,38d9e2e83f25229bd75bfcdc39d776baz5zu2,0,0.9127281904220581
7,50dd191676497345cc95d8b9f7284a7371z5s,0,0.07554309070110321
7,c1d9c4c69367536d7b0ccac19527629f65025,0,0.07550056278705597
7,48badabcce6015d257ff5809761486c8qgjul,0,0.6530132293701172
7,45e4c7fe66077b5b7b338f19f476f9d85jlk0,0,0.07318329811096191
7,1a05035da8ea9dead1030ccc993b5284n1on8,0,0.07543082535266876
7,722d1147768bdb5918584997e1f677e55g0nv,0,0.0709303691983223
7,0547dbd3ecb4a293913f138d60b586fdf4ane,0,0.13618873059749603
7,a37b105534ddcabb169f6ae3ec928d85slw6z,0,0.07347012311220169
7,2cbc26f228e0556f268e0dc1bd9ac0a5lzdfh,0,0.6040078401565552
7,d5b75c812d172da1ecb3164a1cfb7527688gb,0,0.07121351361274719
7,7ec5c7e2317a9b68e861060531588f76fpldj,0,0.07530527561903
7,1c61726e316d5a16aaa80b429080c534u43s0,0,0.07386423647403717
7,445eea09a6299164f60dd11f23276b44rkt8q,0,0.07777447998523712
7,5e3747785e44d85a41a74470c051e946x01dp,0,0.0753219798207283
7,2cbacd5b066b7dff7e0a87e1ef00e0b4zpqzw,0,0.07476743310689926
7,28a0d5539562290a1a2f63d5b7230db090ys3,0,0.07355048507452011
7,20f206d2656116bed8dd46d5b70dac81lbgfk,0,0.07315658777952194
7,96982cc1eefd6f526b512755151227c3h2w3l,0,0.06869987398386002
7,6d033ec559ea79a8ffb90d80e0b24e93j82av,0,0.07178201526403427
7,8a7710ee3c886df8ca78c88120603cf6taql6,0,0.07261613011360168
7,8bce581a91921adaa5fc20e627cd7b94l6cp6,0,0.07147201150655746
7,bb43fc12fbb0fd2b2536e4033ababf59exffy,0,0.07248862087726593
7,9a44bfde11a7b6ade17cd33a2b5102fcnlhm7,0,0.1561717540025711
7,340d7ea497f16bdb912ec5c6ce467f71kk7hy,1,0.9050644636154175
7,e8b82b8640ecdd154eebe6b36ec63f0bdwhc4,0,0.06655476242303848
7,0b3d5f829d18ba30d967fceecb58821c3oeqa,0,0.8412489295005798
7,14fe3602f049d4574cdbdef13789647dsgtqy,0,0.07556331902742386
7,63424f85cf53557fdb5dfc6a280af75epl45b,0,0.07450979948043823
7,d4db72f36e6ad1668dbc0bf4f0e1c49bn12a2,0,0.07565873861312866
7,5e5d3410ca3605694b3c75b2274efd44c9vru,0,0.07432230561971664
7,cf1f2b6f29840e1ecbb31d18fb128c38bseas,0,0.937919557094574
7,8df5d645ed4040b857c121a4459b7976n5u3b,0,0.07531069219112396
7,069d020584a0e8c61e622321d4c43881j7pl3,0,0.07438778132200241
7,cb705744a588c18087921e74e68cfa10oev6i,0,0.7136510014533997
7,820dc943d26965d377be315497837bba5iz67,0,0.07099713385105133
7,6b531ceeec5892121e04dcc6f89b10a70yqoq,0,0.8457335829734802
7,a4475cf8808f8951dd5163ded3ee8032g9vxd,0,0.06743153184652328
7,936a335eab4643c3529968a4d9b0c380esi7q,0,0.0709272101521492
7,4483201dee43b51f338c0efd3b13bb895tric,0,0.07318297773599625
7,e241b80fc1b431397ba6c70f2fb8ccb72wbra,0,0.07173631340265274
7,683833b860c003e6c31c521c9cdb49a1kr6b4,0,0.07571257650852203
7,ecce760edfc6ec5cd5ddc7037c514dc3zod4i,0,0.06809860467910767
7,a6f994251abda6687ada2e9de52bddb5cisa7,0,0.07406125217676163
7,8473148f069a890b7323fe8316861a71qoxv1,0,0.07190731912851334
7,6e8cd4699eedf0075cf5662e1fff3a857bycf,0,0.06667473167181015
7,97db2350652f8d01237fc4c59a470eb81h9gs,0,0.0714544802904129
7,97268eb2ac171298eb03ecc6445d6879wk3pu,0,0.06988789141178131
7,197e90906939267ace2422e78e8e83889znqp,0,0.8708348274230957
7,227bc0936837200d0aaeb444ab8d5f1axs8zr,0,0.06876347213983536
7,b2968116361fd43589bde8eca72c5767o71qc,0,0.0715043768286705
7,d9d24106ae1ff4f5bc4ec3caf29d7bd2c2f5o,0,0.07138659805059433
7,9dd7e7ef94a7bc5bc9f98c42099910e7o76qh,0,0.07208918780088425
7,e8291466de91b0eb4e1515143c7f74dexy2yr,0,0.8978635668754578
7,aa75d58c3e1207618d47c72ffb19c872bolg8,0,0.06700992584228516
7,3714da7069a5205137cacf89ab3a136ffx2u2,1,0.9159281849861145
7,8ab98c1e6cbfb902af4e02050a886396a40bg,0,0.07278390228748322
7,13c4c826516304555e291d3d91c108b3ytpmj,0,0.06762795895338058
7,460e932b11a1529d78246317757899ccfaxng,0,0.6787973642349243
7,d9dfeadc7e0e844ffea3cfc706daae5dt2hhg,0,0.1083059087395668
7,2dc309478d30d440e75c932b1f13a8fai2p2e,0,0.09158729761838913
7,76ed824b414b5e690ff82e7cd2f5be52256my,0,0.9221439361572266
7,078e06b3288cf8f18ab7ed44b245fc56nbyfv,0,0.2584706246852875
7,46f1d7df0a8ffcc10c3de0dad8979cabgr9ig,0,0.07489309459924698
7,ce7d34398a6d6011bcd96ff0aa82b6674hxzl,0,0.07024949789047241
7,0f3ee77a46dd5a09ad20b7c3e54ec614sbpvb,1,0.24281799793243408
7,0f33df2513a519a35c8b3dcf1d7c7416jjjzk,0,0.9264957904815674
7,de4388600d997803223748e48bfc7b16ggyrh,0,0.07267265766859055
7,91b8febfd1f556c06838992814e7653cr119e,0,0.07238555699586868
7,7a0b445f462d05606bf6ea07e2ab96ec1a4kx,0,0.07123784720897675
7,3144ea2711bef53de88d89d71acd16c5q0bzh,0,0.06931769102811813
7,3ef2325f8b68e1c030547a2a54ea6b98zwa2w,0,0.07554440200328827
7,f3d3c913b225bc6cdb98c60f0936f7cbj8k3a,0,0.07287432998418808
7,3dbb502d9d6f89b26f62cc804df54dcandhp0,0,0.06967078149318695
7,17dbe14676cd3a3cb8a7edb438622f7fv2scv,0,0.0693456307053566
7,5c32e357936f8977277d9b23d8f09f34v41wt,0,0.0728021189570427
7,96dccfc370343f6871dc478d5b2fc3ffx95d3,0,0.3254972994327545
7,da00b16633eb706fb11d55868120cdd9so58j,0,0.5606560707092285
7,c910efe1f135b08acc32b2db162362033olvv,0,0.07219234853982925
7,44bfa21b7d497f097a594c8861d4f8d4w5e97,1,0.875668466091156
7,a25f4c6838b83e0fcba372300c23c2537k5eq,0,0.06896559149026871
7,6e29de28296a57f039026ffc6df9145cxo2n0,0,0.8931707739830017
7,07012e0507b4281d430b93ddcd96cae66und7,0,0.07277007400989532
7,6b28baf315d41017844e15d645bb2c05ybt3b,0,0.07545769959688187
7,1fcca45fdd3d1d3638821f41e032f170en3h7,0,0.07208269089460373
7,b8da3e0dc73d1f453ecbe6ee4d4e8791pr8az,0,0.07336156070232391
7,6d1354e720cb9ec90e19e29f5f895669qh6g6,0,0.07555022835731506
7,8fd35d215ab6530c2ef096c87233cbc93juwy,0,0.0710114985704422
7,25331706aa2157419da068e93f3989feyo7a0,0,0.06819844245910645
7,79cdbe82ec79d0e60f1b113d9a5bc5b4ar8bk,0,0.07182913273572922
7,17e4d6d9a1f8ec00cec1d4fe79b059bd51476,0,0.07126687467098236
7,170a58cf637c08f0818ebdbfddca29c9irkxj,0,0.07158328592777252
7,2f9ea407ba48ae05f98fdf634995d936xefau,0,0.8783266544342041
7,4641b5a43c7a2496ef93af2ca590d2c94s20x,0,0.07120071351528168
7,f5b2bbad20d1d7ded3ed960393bec0f40u6hn,0,0.8381310105323792
7,8bc2a424939c50eaf4a652e253421b0f9b0y9,0,0.21045537292957306
7,83dbbc6c5c7ed95048ffa9427d807692339oi,0,0.9146633148193359
7,5cdd665a22747394620c17b7753947b0xgzhw,0,0.0702652856707573
7,0e373556d3bf588a1bb2ca6354120cf2dmvjs,0,0.07533661276102066
7,21f5b103136104e4947e293983dbaa5b4tder,0,0.9051145315170288
7,98c12418158dfb9494af01308ac2d0588gfw2,0,0.0725037232041359
7,7ba17b1eb362ef91a99a6f021b3f2b63uyo76,0,0.07541755586862564
7,5f529b5ee68b60482c5d0c56ee91f3c2cjrmx,1,0.9311744570732117
7,c36fad0b52a6be6ec32cc5530c0a2aednea6k,0,0.7505132555961609
7,20d31f20169e8612fe13818891f88a83r66gm,0,0.07534890621900558
7,bbf1dcd2f0100fa90e4a8544b90e35846p5y0,0,0.07371067255735397
7,c99b1edcfc7f0c751b68fb310d34b75ei6j82,0,0.0740252137184143
7,042780ee9a3730703e35340c575c3cbb7zjwk,0,0.07498195022344589
7,f416aeaaafcbb66aabb77347776db008qw96o,0,0.7552564144134521
7,e18ddfca4efb99a785c68ede9ef773ea8sfmz,0,0.0756044015288353
7,f29896e71c8077db28617a03c0f14e7570emg,0,0.07000405341386795
7,b28e6a39ef0cdda29c5e350e048c3a813idk1,0,0.07560579478740692
7,75613637a85df9328b743d33b0efbf1586qow,0,0.06960248947143555
7,f1e57f96a91c185a7ea716c2481cabecpi3ia,0,0.07103008031845093
7,28763f241cf0483ca1dd3aa1bbcbfc37xntso,0,0.07557404786348343
7,70db4530c292bc759238b8306ff4ebb6n4l6t,0,0.07034086436033249
7,b1ae4691fefd3d09d74096ec4caaa6d1v6tbw,0,0.07233892381191254
7,7bb58b7875a093cbe7c5d487a825b730mjcw8,1,0.9378544092178345
7,d927c987f8a4ba2dc4f38dadc0831100tt94p,0,0.06796660274267197
7,802a819acf0601b43fe5426cb48ac0bbqwfu8,0,0.9015591144561768
7,f895a8d9d7974b3ee7f1f04a25a950e9v63ps,0,0.07113346457481384
7,2a73f10b3b8f2b825e220ba0a1d2c49f9nikz,0,0.06784305721521378
7,f7b25abd850df9b0e0b305c6810e1ec3qbtaf,0,0.06841514259576797
7,c1c22607e7899ada525b74e757d248ac2b8ac,0,0.07568331807851791
7,cdf1fdd424a11dde166c4bf069d6998eph7b1,0,0.901069164276123
7,fcda141af3b545332fc3b2d55a8bba74uw7s0,0,0.07286716252565384
7,458c8c4e10e5c1b29e3fbe5ee56d46e8y3fb3,1,0.9313365817070007
7,120c8b384858420c4e46e354c86f4ca393w0i,0,0.8123754262924194
7,022ac3a7ce986049d9a4bede83ccf9ddctvg6,1,0.9375557899475098
7,205a011640002932a7bedbb93d81b68b8m93b,0,0.07163440436124802
7,29e08b4d18198fe9265772fba3a4f6c4mj1rw,0,0.08688871562480927
7,8f6605a649ae41fe950a6bf579452464d9lmc,0,0.5454739928245544
7,0589cf78c4bece729f0ac620557210e13no3n,0,0.06925924867391586
7,17a321c4a0d925ca80507effa52330ac5n5r7,1,0.6261487603187561
7,3e602dff2e3bbe7a52236df2294c9e059fc2l,0,0.07066652178764343
7,df12e679581fb2054907dae75c9c78ee9kzzv,0,0.07021699100732803
7,d1200a75b6c05584f4f902e74d3dead76cj15,0,0.07327476888895035
7,efa1611e96c3238913333b8525c6a196rvy38,0,0.07426638901233673
7,aaa686462ebb950550fc1c6136ffb273vkrc5,1,0.07694760710000992
7,f6485cac867e1e7d2d991838551b4c4bfnarv,0,0.06963394582271576
7,9744d8ea513490911a671959c4a530d81fj5e,0,0.2604130804538727
7,369515b3af4f8ca582f90271d30b14b6r52aw,0,0.9101127982139587
7,c806dbb2decba0ed3c4ff5e2e60a74c2wjvbl,0,0.07332437485456467
7,0381a69b7a061e9ace2798fd48f1f537mgq57,0,0.07562244683504105
8,57db69e32163f3e486dc6ef7d615aa12usje6,0,0.06836768984794617
8,585e7c21b80baf2225224fe140cdb1a73ddrf,0,0.07386385649442673
8,6e4d22dbabcf2eaae5689c7d155e1c1fev15l,0,0.06550587713718414
8,b37b352197594dae96bb9219bf59d656oz79f,0,0.06310142576694489
8,11a38554244f3c14de043aaf52345c35jjqvo,0,0.07892323285341263
8,322addd5687d99bf69306148e12f87dc5jbsh,0,0.062283147126436234
8,0d0b3d6dc27d0f8eed70971f8c6bec1bdrs0f,0,0.06308963149785995
8,975dd5178d34453c1c3c8edc47cf44274uv5s,0,0.8496431112289429
8,927c5e145de79f9ee2ada0ddc054b4e9hc3qj,0,0.06560754030942917
8,2307bb06855a6fe75ab56ee6b4a3860835di5,0,0.06588364392518997
8,dadbcec8b02ac75c5935f419b318ceca1wwjw,0,0.06566070020198822
8,96b90af2d3eea4d3b2bc725e1c92e212qu52g,1,0.9037069082260132
8,da6e2a5651b4f44fa3cff41cf9731ff8qc8fl,0,0.0655328631401062
8,001068c415025a009fee375a12cff4fcnht8y,0,0.0654972493648529
8,cab0d4e41ea81636de3bd3a1800d8da8x4yca,0,0.060240671038627625
8,0cca10034c58287ee6fbec14a3f96c3546sdh,0,0.06336285173892975
8,20cb327bff59dc8f4fe1ac68a30f02eb6jrq6,0,0.0651189461350441
8,3073231f45ca50ad6830d4dc7261f283iwjjm,0,0.06457360088825226
8,47e0637718480102d235233c83661a7850foh,0,0.06400354206562042
8,226017dcd6506ce20886540ff734210d8hib1,0,0.0631994903087616
8,9653f425ed82418570fbca890f7032b16sjjd,0,0.06478448212146759
8,671fb1e314a1f480ba9ad9b5a1cf6a91w1k2f,0,0.060073405504226685
8,5106dcca581b63cf2226110a9048ee4846sxb,0,0.06625814735889435
8,91d9b706f63537c5fc0027c50b0e3b06qpdgz,0,0.06302586197853088
8,ca76df527977e5168e1b3352cfab2ed9htipb,0,0.06438586115837097
8,19353c42feb91a216885fe012efdfb11s2iu8,0,0.064208984375
8,fdd836950d203286832a21b930b9f6b58ch7s,0,0.14988218247890472
8,c7d335bf99b9c71fb22797ecbd78b92ashv4h,0,0.061266906559467316
8,88103add66b7113729a9ca82540684c9il94h,0,0.06606625020503998
8,5948bcd0f773286ff7d5cde332c7ae6918jt6,0,0.07022276520729065
8,d6ebcf2149c311d221b233b268870b3d5gfe2,0,0.06365516781806946
8,dd055846eb553ab8e953b084f2048d53bdqec,0,0.8955997228622437
8,6a76d66f035914f93ebc725a0998b399r4gdq,0,0.06544911861419678
8,2736ee274114e9440463bde9fbffacaa5xky5,0,0.06575919687747955
8,d6d68e218a6cafa246ed31185b09e1e1fsu8x,0,0.07123706489801407
8,929b75b44585b34d2b917ec181ecbcf298fr8,0,0.8587691187858582
8,e3ea1d5464543a1ef3a9b60394fc4ab6i1jk3,0,0.08631298691034317
8,eebfd257525e52b67969ae9d8760afff12j3d,0,0.062088653445243835
8,7339b024b285f99084bcca768cce5c7e0h2op,0,0.06564321368932724
8,024937af9ea18a2b57e4f08762d181f7s8a3z,0,0.06575461477041245
8,0565a780f2c5b46837bbe9739ef15ea92fdu0,0,0.7958055138587952
8,42c407eb70ddacdcd59d63f22caaafc4fa0p2,1,0.8901503682136536
8,e18e3d0fbfba81cedcae619dfa977875p10ta,0,0.06533165276050568
8,96b1df591dbbf3a002578574671d9ff1rmzev,0,0.07281625270843506
8,4376fc192e83a1a5d7a83085369916e8rr035,0,0.06469836831092834
8,e7a98dc8545eb429007cb48799a40a2dc9p6o,0,0.9063790440559387
8,f876e3be4038da62f49234ee498feb732gdcl,0,0.06529143452644348
8,ee052a24cd3164af9d08fe77bd6b79dfrbelk,0,0.06108316034078598
8,76218e14c379c12d599dae9e1c00b61a3i5b2,0,0.8860874176025391
8,e0824707d4a78230ae54209a920bc3e3pzdpp,0,0.06341630965471268
8,33a7a0121e28cca4e42494dd0f5aa03fdhlm1,0,0.062146905809640884
8,cf456f3c8c409ec4060142acfdabb5bbqpx7q,0,0.06879584491252899
8,db88530db963dab43118aef5aba127ec29abp,0,0.06550189852714539
8,bb790a228de797253bf6afa43ee52eba1s2dx,0,0.8836898803710938
8,c2d1b8c1b7a9c8010f5b215e8aadb1d7gahpp,0,0.31224384903907776
8,055282b75717345ba6f53d40e9e6d6c56qrzp,0,0.8535446524620056
8,187636e527504df29bf42d4a2b7767e54bgv7,0,0.07281625270843506
8,fb5a19240e36ae12aaccc1e9d9231144l32hv,0,0.06381863355636597
8,1e1c9332e90c1cb0f01da223bc043c528cvwo,0,0.06548170000314713
8,a0660fe8a46b9cb6b02e7b0c50eef6a905vt6,1,0.8333532810211182
8,0b450f2827ec670da34be66ec2a520213xcuk,0,0.06460681557655334
8,44c75302aa4404e23781f8337cddf6ed5tqun,0,0.06564760953187943
8,c755d2832026bc2a6f5d2d6df5740f06mr3nj,0,0.06422101706266403
8,7f4e84da8ed11f4ea3a2d276f49949b7o31us,0,0.06432551890611649
8,22401c4dc0cb1e5d52da01ebb8b2839cdoauo,0,0.06210530921816826
8,55b39a51c925bfb42fb812ebc5fe318emsjjf,1,0.2315441370010376
8,e5f43783127506211df8c6290c2ecadbyr779,0,0.06564414501190186
8,ca391c857d7aa75a72e2d7c3133e0d6ay9pil,0,0.06562118977308273
8,786fd201d9c952bc3453d4b3a6fa64046d8wb,0,0.06767723709344864
8,7fab82fa5eaea6a44eb743bc4bf356b3tarle,1,0.06564909219741821
8,dcd54d7afa6820e3f00e1c9e83aecc7b4f3lw,0,0.3262575566768646
8,3106ad6371a3b740e2af90635a4ad966zeu1u,0,0.06333672255277634
8,65659f3fbf6207c570c4bb8ac64772e9umh95,0,0.0656953677535057
8,c4b598fcb343bdd2cf826fc7541500e40xtte,0,0.06553077697753906
8,35a89119272ca55d7f602689616b58c3pebir,0,0.06381522864103317
8,b42ef139c2dfbff8356e8886d2b109e06riso,0,0.06402268260717392
8,b970a53727b2bfaf02079779c846a52fj3f0q,0,0.06506901234388351
8,ae45f9b94d86f931c84c94f3975e3d7bkv2r0,0,0.8579790592193604
8,11b1859aaf7fa93818baa76007cf7207d8uwy,0,0.06519359350204468
8,eefb0b863345336dce70312ff0f8faeb9qksv,0,0.06521612405776978
8,d1f000f475c502ecd2e993c52987e63ed3k7n,0,0.06553194671869278
8,3961434cea4339f0049798fab2bc73aekuxjv,0,0.06516236811876297
8,8b809e18804865ff2a2e799c9a5e8a48mtxdh,0,0.804591715335846
8,6b9a3d480add21788772e118e6d51ed57e3w9,0,0.06494837999343872
8,644e284380171fa793695a91b6a12c28jcwku,0,0.06176284700632095
8,85371e59ea43c33c7e481ba3c214e893ail7f,0,0.06476238369941711
8,eacfdb47b3daccebd9f16779c5542fe5eytoc,0,0.06219739839434624
8,20d08c7edbcb4b4ac0214b664ca5bb9cprntj,0,0.064817413687706
8,fbca8e44d824faa1fa6b99325758ff19vi94a,0,0.06555554270744324
8,0353aa9e97bd46119c90b8892f99982esfem3,0,0.07301496714353561
8,392d936106b75256632c9dc83c4f1a169bke9,0,0.06294622272253036
8,2a4654987b59646a120ac74301339afc4eylt,0,0.06567160040140152
8,e69dc706f159ef6e26df0d88388bc5edlymly,0,0.0627872571349144
8,7f603f668968facebb0567015ad4c201kikrh,0,0.06511973589658737
8,14f226ef57ed64d8e14c8b5ae929143cgq3em,0,0.07521515339612961
8,b1bc9ff2b98df742affda07c5977c7345dpm5,0,0.06612247228622437
8,56cfe8b0d574e1df3f823c2cf32226eff52uw,0,0.0638452023267746
8,c9fbbfcc89730e961499b4b30ffc4a98umxko,0,0.06606625020503998
8,a60101895443bfa5d4485b9c2c3e1b68t5ppq,0,0.06505068391561508
8,0870fb7e5701f3ba56762b03e157afdc1yw7u,0,0.8812533020973206
8,84bd02dc56fb7c3402426ef7e8e166e2ptwo6,0,0.0655759871006012
8,679d60378d42ca9d3b8a28073fe14fc7bv4jh,0,0.07220155745744705
8,b1729d5905e896a8411f81bb65d66343ladls,0,0.06525381654500961
8,45c3a73b88760d4390f42ea4fae97d84la5wh,0,0.06339402496814728
8,2794512e8edad5f99d28c33c7560fccb9zl8i,0,0.06564714759588242
8,2d6a70a8341ea0fbe4c8537ffbce919etg4x0,0,0.06568538397550583
8,88bf2c0f5460e28deb5eca2ef8e5e809ol5ru,0,0.36605191230773926
8,b4550ab1da3a3ed6e4a206c9ef78d496q23hb,0,0.5205449461936951
8,1b268ea4fe034638a92d683b94bcb330vee4w,0,0.06489621847867966
8,b0164d9a18a3cdf6082e96f9708040690qcqf,0,0.390953004360199
8,1e0b1a6ea8d307cb61e221723534c4dclf9w1,0,0.15419013798236847
8,9e9270c06937bfa13f5b29e737c3438fcocyn,0,0.06427107751369476
8,7a71e329f3f2da98a3f82e7bfcb705a0t5822,0,0.06559102237224579
8,69b32dd82f265a04826106d17e2bac9ao9fu8,0,0.06373878568410873
8,e0a87bc26e13c599894d7a5103fdca786tfat,0,0.06557780504226685
8,9f7e3e648ea8e6815c6e7caf59412e843iqbz,0,0.06470699608325958
8,8ea020a1fdccfd726f74ed7e90dc3400zy9iy,0,0.06272363662719727
8,4073de52fb5c46376dc3cac6b2f2cecdxyqjg,0,0.06447406858205795
8,b77312a06d10e22e3caca85fc7fe0342b2adf,0,0.06574645638465881
8,676ad0665c9bf74329ddc1f70ea48c16stnux,0,0.06436076015233994
8,c6a49cf5944626b45425712f9e19e91d2nyh7,1,0.9127203226089478
8,7c965df16147f68263573764dd257a7bxqmpt,0,0.061890408396720886
8,1dead8a9cc54fdcf7a7c16dc6e06a3bbusgcu,0,0.07357598096132278
8,2d113999234e06201c0940286d405453wqjsw,0,0.5498905181884766
8,6c0212679f2439c4113386b2c6ef513e8wr8p,0,0.8657112717628479
8,6713e820273f591bdff7d26a48ee30c5k4iii,0,0.8488344550132751
8,0fa357965f89388d8e7eb8cbc3b85c6bnnro4,0,0.06182371824979782
8,b7e16fd4fd9ff04b7d741b70730b7b6b1aw84,0,0.7089529633522034
8,cf4eb0f68d47e6d4b92befd0b8fff39a098cd,0,0.06521033495664597
8,a283eb484c3245e5b12b18daccc075e9g9xk4,0,0.06559250503778458
8,e2554dc14d54c3b7be85c59dbc1425f77qv4a,0,0.06575541198253632
8,fba0c76970a464cfa9c043c906442f0eg53a2,0,0.0657711774110794
8,f8c42ccd10c3fe515e53082f0cde9a18oxgws,0,0.8772026896476746
8,e2a61feee7f94b49d7de1ac6efb237c0fjt1z,0,0.06918121874332428
8,1717f6d4c48ae8d3e5f2566d4bb525f854j6d,0,0.06354913115501404
8,284cd72e028fe176f935114521ee998c5jsko,0,0.06571176648139954
8,1e050a096927d5b34f4a85d3af28d30eybsaz,0,0.07066644728183746
8,655b88e646b94d0adb9e15e9f3b9c9a4lvcrz,0,0.07378779351711273
8,33189c09ca7067834fd25a54920f82d4nd7a4,1,0.9140312671661377
8,48044b1b1f47f168864bc7c4a58a65ecmt187,0,0.0637553259730339
8,f05dfdaa2f67b190f3a79a5a2d5daf9coikow,0,0.0657532811164856
8,9f60e1593604631e10ad2677c51055c6mv205,0,0.0648185983300209
8,3d48d4b09fc7559bb6c129fb65c133808brgv,0,0.06554903090000153
8,4f07602a713c192a941204b27e2abcf1srnke,0,0.06349921971559525
8,916aedb8fd708e100318969dfe57a4639hexd,0,0.06274104863405228
8,a4630d8b78c796441a1be187f6907b11c5eu0,0,0.06236604228615761
8,d2fc5291537a61882065e571c21e796975uy0,0,0.06503169983625412
8,c7ce5ac2fe5f03458fab59c78b19bf7c9wzf7,0,0.06550852954387665
8,e429d13bc2c7acc82d8d68fa020546c38v82z,0,0.06555361300706863
8,e4264fc4dcd5f917ceb002d860441370s054e,0,0.0654158666729927
8,25b58d1533e04571bbc674dab28973f8hha3w,0,0.06245407834649086
8,14b2d98230228eab6a6db3efc41660d7kp23s,0,0.06483903527259827
8,c72012c8072e2441b3ba8173205cd298cde8a,1,0.08989270031452179
8,5920a92dc2b65e257061017a04eb5361tpa9b,1,0.9141244292259216
8,173991472d4ee18932f8514b9d4a9dba7rjqa,0,0.06471291929483414
8,f19531503f1485a3014189a80971c6fb0d9fu,0,0.061608895659446716
8,5b1bc916ca111874eda3bbe669957cb1d3mck,0,0.0626143142580986
8,13dfda714fb516e1f9f7abb0c927bdc2zmw55,0,0.06573180854320526
8,23af639c0bd57bfe9bcf3b16973d58b7666fe,0,0.06515242904424667
8,5830a96593aff3e951919578f7374f09pqyc0,1,0.8892034888267517
8,c8d3fc73c1a41bf92a5e4982eb6cf78du8gg5,0,0.06459695100784302
8,ccc371d7848a80bc31941248b9f49b95hn694,0,0.06459877640008926
8,213a7fb31eef8b38a23ad6b0bf2c7fd0dx3vk,0,0.06443091481924057
8,511a640e38bf03022300f5503cceb2cd3f361,0,0.17818257212638855
8,bd29e36cbb063cbb96ece76680ffd9121dy90,0,0.06379508227109909
8,d2fe98eb0fa21252956184a98138c58dwp1ah,0,0.06233195215463638
8,5c2b3f221cdf303df86ff1ffd7106fcco6pml,0,0.8302626609802246
8,ef89b74b58c49c1a321d3d7ce061d151k51xm,0,0.06630850583314896
8,339b8ca3185dcaffbc3ebdfd960020e8es0as,0,0.06318037956953049
8,c9e1e860e39bb7d4dbf3c91c5d6c36c2dv4tp,0,0.06557343155145645
8,4d6580da346435dff2503c55ee5e0cf8wbkb3,0,0.9169634580612183
8,5720c8d7bc15b94037cd75ff9496a35evugeo,0,0.90933758020401
8,69e97e52dd6428671f46f2ab6567172d8mfar,0,0.06559333205223083
8,8ebc5b544d62622e45e1ee22a56265e0xwwsb,0,0.9091874361038208
8,613fe9b896ce3801e40212b3c8a8053c1e8nj,0,0.06270457804203033
8,d9a813646e8fae954898c1279196f5493gqzc,0,0.06477135419845581
8,84c7bbdc12233f88f35c2c3b8f178803ta03m,0,0.06396932154893875
8,2fc0efdb6ff10d51e3a4d979ee52cf07p4068,0,0.768138587474823
8,1dec9ee102b29905e2f59a52fb7429826e8b4,0,0.06559954583644867
8,877d96d9abeb73e437a8ebd74abbbf45p8s80,0,0.06231040135025978
8,4444bfb455b90711234e0c25345abbaddrt0x,0,0.07281625270843506
8,693085cbb28f505f03b025dac8681a3bvfot8,0,0.2928999662399292
8,67616fd2a1de5c46e32041354efa88ceahbhq,0,0.8961380124092102
8,3ee7de4c5a5e31b7b407827ae1370f70suenu,0,0.0651971697807312
8,4dbc8d336dbe0241c9bbb0f3630f25059yo43,0,0.06549448519945145
8,8bbb16c0a1bb808389051c875ebab1cea0v56,0,0.06221481040120125
8,497ef6187e03fd9d4387ac436461a40f982dq,0,0.06375868618488312
8,36f52ad1abfd307b73c9b69cd5197dddmmxgr,0,0.06077272444963455
8,74ae4f7b1692dc42622696303d9d4d763vksg,0,0.06501264125108719
8,aee383561c0019dc01552bfa5263af8etbuc7,0,0.11768512427806854
8,9375e98d0810ce9119ccf45300249636zfpd9,0,0.06298695504665375
8,c963c2dcbeeb0b7051bd3a6a87483ce6i98xx,0,0.06360772252082825
8,92ce3c44edd41ad3222481daac1ead35bouwj,0,0.06455554068088531
8,e2165ff862178c7b2946f7f62f5a3e51wcvaw,0,0.06555604934692383
8,9685887173cc2e1e5ee3993832a4b153bfl9m,0,0.061080001294612885
8,292dedb5371b8e0ebbeea57f14b35713e2ie2,0,0.06499748677015305
8,5a823474f9fdaa129dea9fa690d51b62rgm7q,0,0.06574081629514694
8,6ed39d7c89fa2d423017cc9811f0c469i2157,0,0.16147755086421967
8,d92c8c2d4c29d4c785431a8b34ea135awepbr,0,0.06391280889511108
8,fdad47d27b793b74470086c35333d4fepycsl,0,0.0653693825006485
8,e22850afda081aba360cc18e2a9021caqjjov,0,0.06482718139886856
8,30c3c92cc9408f55cfa895ff8a505930a3yy1,0,0.06376667320728302
8,764234598477e02cbf8a43983fd43850l1c8f,0,0.06456153839826584
8,f9753e9fd6e25e0a1ae176ab95c31146iaqnv,0,0.06267781555652618
8,83aa7c2c8c018888d9ebc6daf63bddb6f2i0d,0,0.06912213563919067
8,85d020b5f3d99d1272efa0a0d34c56a5dtvxb,0,0.07337328046560287
8,ed4802c318a7e04a5703ed115fe4f3a3kkugq,0,0.06183350831270218
8,6679d668a393f336ba9d1cb6a154e03aifmkr,0,0.06106181815266609
8,58f590a56f480589646d255d570b0877zcjw1,0,0.06261737644672394
8,b853c1e4d6a4657d35705772ca6cfdc3qtox5,0,0.06573081016540527
8,dcc5a79317a22bd0f6dca1f60fc866a8bei1d,0,0.06631157547235489
8,c1d14f4355b7d3ef80f02628e5ef1d56u2510,0,0.06570203602313995
8,86e698821a8aada613bfca1356d8cb7dopnv8,0,0.0644046738743782
8,424aed9d807cfe0b2167cfdaa4957fc0heell,0,0.06421753019094467
8,96b7bb4238e7ebb439d81d63db4c2796aoofv,0,0.06233535334467888
8,a7bc17dfb615eacffe397be5b2c2f3a6r0bb9,0,0.8446410298347473
8,1aa485901ede7baf78ea116e297e9d7f9en6i,1,0.8656958341598511
8,c900620a019e78a3eee44109e4d1e1d2xd2gj,0,0.06580620259046555
8,d3e1891edac2851f6d34de566802cac8m8dn0,0,0.06331191211938858
8,0825d381aa09d1d0c47c77c372f07acbe02ky,0,0.06185266003012657
8,510f33a3c0a290a0e43d2576d928a4abxieo3,0,0.06554859131574631
8,95af80db42edfce4e937550d60d79561punym,0,0.06564286351203918
8,977436b0a445fa555d537fbf1d4bff2e4z40h,0,0.07281625270843506
8,7a3378ad9999b1fde0a4562a9b036f038cdal,0,0.07281625270843506
8,c749a25f3a07304b959065d83bbfc5f75u1my,0,0.06305350363254547
8,26508777dcd84df59b467a60d9f18ca1pvvbs,0,0.06046082824468613
8,5bd35d55d367d7a21d98bf6a19fc0dc1e5j9p,0,0.06507803499698639
8,a0d080012ab98513e39234e4545e93be17tt5,0,0.06523781269788742
8,e268d06507859d78894a8f6e11995f48zls7t,1,0.9174284338951111
8,c5863a228287327c9980d12a632985da9vi29,0,0.7780887484550476
8,2e07d37dd022e72ab04da76f51edaa13qk5rv,0,0.06564977765083313
8,eea79e1bfc21ff1b9572213e540e1252s5iuy,0,0.05996277555823326
8,59cad1329d42bda3d678bae082bee7edgvt7q,0,0.06565041095018387
8,bb73823b1c3f577402c9aa9eabd1e412vp2xw,0,0.8426361680030823
8,a71f84e476d03bd0b25d45e44eeed9a8efehw,0,0.09895968437194824
8,d3f595832d80988c2016aeafd125d8f072r4h,0,0.06428859382867813
8,afb1d898d15663a9477870391cf39b697gso2,0,0.06467295438051224
8,ffc4e2dd2cc08249f299cab46ecbfacfobmr3,0,0.06234981492161751
8,65996114740a63c9e0fde74bfb6725b1k9nuz,0,0.06476322561502457
8,142a2545c5c01937b05ac6de9773f9efgx0eb,0,0.0636875331401825
8,781972f2af3af2abc492f9dbb0f6fceahnban,0,0.06469447165727615
8,98e6dd2906ef1f7c13284a309f6b160cb2ujz,0,0.0665016919374466
8,1dce9aaf9d6b9cba38f9c7489764fe30nlrq2,0,0.06443200260400772
8,dbbf9d9b1d7fa110208f77a681008077plqng,0,0.0626792311668396
8,12df4a9cf4eb203909e6763960b79238cb0yg,0,0.0635516569018364
8,b86050461e88566061c796dbccb1f7e5at242,0,0.06544873863458633
8,fa64fdb8ad70e86efbfc31179e93e99egd27l,0,0.0648113265633583
8,30788b28de22d28938ecd7ed6795a8b022qm7,0,0.06553137302398682
8,bd85d0d7fbbfab49136c241bdbe119dbgkuna,0,0.06510800868272781
8,1ba9422d7a55aa5abc3ff37d1cafa9f2yds7i,0,0.8457250595092773
8,c6fcf1f7b824c864d492c4cd676cd702owsuv,0,0.061772435903549194
8,cd9a7b22d85c35845260cd61a4b65cb2meyel,0,0.06277012825012207
8,58c2b44923882a8252963e78886adaefh7hnm,0,0.06579006463289261
8,233e09e861813cd087e8937f32a29bccs7b3l,0,0.06463267654180527
8,225716d7bdf8f90cb4a4b779c663cea5j9sqp,0,0.06569074094295502
8,2b2ee7d0ebdf910833b5cb173c567881jt8sj,0,0.06555190682411194
8,92f8392be617527734a2f18482815af9ak8l3,0,0.7902523279190063
8,21114d057c297080f0f882420d2436b5mmukc,0,0.06553445011377335
8,74429c9ce8183e2b1b89600e6de4ceea5kn1t,0,0.06562307476997375
8,c34e1a988fb471e9eb8a5e84bb8ddf90k4hng,0,0.9042028188705444
8,ca28bff4ab1f6e74bf08b92e16989e11vn2mf,0,0.061472851783037186
8,8a3f5e16e4e689897d872716efeeaa0904tyl,0,0.06424401700496674
8,9ab00034c9b00521ce121adb5dd4aa15tlhc4,0,0.06411735713481903
8,2e463fe6bc1616f8392f82c138a6a436mbtjx,0,0.06826727092266083
8,a961ba95d1685705953ace49a29424e2ld1ek,0,0.060531098395586014
8,c4709885ecca7b90dea4beb5dabd68aegk2pz,0,0.07340794056653976
8,f8e90361c36eb3f6fbd485748e731fb7w2ci4,0,0.06269381195306778
8,2eb8a353db13e68388f544daa2e28359oenbs,0,0.8382256627082825
8,8cab09b069755eca2b4e7fd6f6981d7d8n88o,0,0.06577634811401367
8,7b22c9a323baf4a7bc7a3761e4a30bfajixmt,0,0.062131475657224655
8,3ecced86078287dbd2eac2cfac98367fbbelu,0,0.06384957581758499
8,041d869edcadf595b90e3b5248903183pn754,1,0.9047064185142517
8,2366cd7cf3df530ef4fe40b36ffb936fyn3rh,0,0.0643630400300026
8,c41ea39b2e13b0fc9ccccc2546f924f1obd0w,0,0.06295208632946014
8,54957cfd12ec8c64918b6200ea25d27fsc9hx,0,0.06190848723053932
8,a3ef8289a92196b07e2e7371bb111e3aom07k,0,0.06468832492828369
8,0a9c5e1f261c937c09817ea2d5e949f34v8oe,0,0.06353747099637985
8,462df7ecf1d47980dea6a93d44fb408d4u2d5,0,0.06183068826794624
8,74487d5ffd5c34de4fecaf9dcb66f86b0wwa2,0,0.6549078822135925
8,2d2839fa92d1c8e94bdeb1fbb9e62149x6xc5,1,0.917143702507019
8,1f2d607e5cc04e790e3961a6432d7c15hn4qb,0,0.06529366970062256
8,76f7e6c70f2b84d885b23e2b2831e113ueqo2,0,0.06493457406759262
8,f5ab013f90cb8890d33c6a309798204155q15,0,0.06529197841882706
8,a8a81bb8a3a35572bd1f9922f5a31217pw41k,0,0.06579070538282394
8,ee2caa714a2175abb13eb6ef15196368cwc7c,0,0.09265762567520142
8,2993e59bbbd7d14bf4bc21e4d2a4f8eeb18d2,0,0.06210898235440254
8,c0e4be8d520c7bac2f51ad80a98876c2aan70,0,0.06574314087629318
8,031da7aea2d4b75ac8ecba4825bc1318yki1d,0,0.06389806419610977
8,51cf4dc8898554aedd8572f97a95ef5cpi3ct,0,0.08146621286869049
8,16e2e48cff6faab74e1f5c47669dfbbda7l5z,0,0.332827091217041
8,67ab503313f60aaba89f64e2ce3b459fvyahu,0,0.06550110131502151
8,ca9e2287e98a718e20a8ed117dfcd699gxsp8,0,0.06825071573257446
8,5053e03863b6887308c8446cefeec429l94tg,0,0.11201775074005127
8,7ce3afe39ece9d672e9adcf3dcf2aa44a8r22,0,0.07451000064611435
8,8c09f4afd78059d9200cddc435f5c48ceph11,0,0.9176578521728516
8,817f8074bad1c717afaa8d1696f9b2b00muzw,0,0.06527822464704514
8,8c412ae875b672f18073d643c74f9f0clzbyw,0,0.06119970977306366
8,9655ccc7c0c193f1549475f02c54dce45kjw7,1,0.8602480888366699
8,6ab75792932fb1ea6fc74a18edb7888c2orvk,0,0.06356803327798843
8,8066d0a6ab30c52b3ddca5da19518b6188t23,0,0.06465761363506317
8,19b39b852ed4abf1ba5b095829e25b946aed1,1,0.9286684989929199
8,ac9bf3a07831666bde4fefb75c184adekbrl0,0,0.06324224174022675
8,5114111892d49b59415284dcf19ceebconhvq,0,0.06562349200248718
8,fae553f133602fba6e9e6051dfb27fefkruax,1,0.8384779691696167
8,8c939b6713b7881538cb05eca89cfb1cw1lhm,0,0.06343680620193481
8,7bb914fcdec49aa88c7310a3dda716aa9fb8t,0,0.06446823477745056
8,eaad20ae39d343daf76adc0b1a4984faumuzj,0,0.06142096593976021
8,31c840378b5c2e4469fd2e7f5a1e5a7d92k7u,0,0.06039022281765938
8,4950352b0410495ef65a92b08b5be463c20yn,0,0.06563715636730194
8,ef415b2bbbb81ed33cec7242678975d5m5qk6,0,0.064596988260746
8,737d19fdceb065359c77b81d27053c4e5quiq,0,0.06550247222185135
8,e50426efab1e9d60b8f7258130f8791czrpvg,0,0.06603609770536423
8,d42604c7cca8ec92839e92508f2a3e52ehz29,0,0.8471295237541199
8,b0014101fe1b510ea150c149145dbced3q3md,0,0.06524597853422165
8,c8b23d6565e11d874e221f41440ffd25mrucd,0,0.06121757999062538
8,e12177ff9c1a8413996f7b1a590980c82ofeo,1,0.870762050151825
8,1982c4b164171180d480166feae881ecmxsgl,0,0.06564423441886902
8,4cf9c56df4594860df56285e9293a7f7evfix,0,0.06057009845972061
8,af50d549e86276f034e52037722dd5aetouu2,0,0.06536799669265747
8,8152c94b639be88e7076f0e32bd70e0eg004b,0,0.0639161467552185
8,23bdbb8575f191b71853bf78d09e11a1lhnfn,0,0.06438037008047104
8,fdf908d608a629d5ebde14819231878dojel8,0,0.06628226488828659
8,2106dd7866abbfb4e7c68067d7eb9bebflq5d,0,0.8837207555770874
8,9ca7afbb673865b01cd4b02846054fc1p3vjn,0,0.8486920595169067
8,6ebbb4e7c3fb4ba44a89bae997717924gm89u,0,0.06275591999292374
8,24a32bf10c4a5d4d91c27da4710c869a0nqim,0,0.076653853058815
8,ec6d3fbd8408ba43891370d4ffe41eabhnwbs,0,0.12180215865373611
8,b1863365ae232a316eb946ba56a29415m0gdz,1,0.9060701727867126
8,1275d8a6a3b2ae9d24b50997397c254cpuuzv,0,0.8671789765357971
8,ec96b5b27dc870c8f59ef11b7371b06eenaox,0,0.060836952179670334
8,7f3516b1bd7e5571ab964ba0affe9302brn6q,0,0.06419368088245392
8,37ea72c53cc50112ced4f88810f1b38euoz4r,0,0.062459882348775864
8,cefd0ed907595de146c91e6c26b8ad658ilo9,0,0.06241116672754288
8,ae9e482a7f4a625a878c6ee0eb4dcd01dkm6d,0,0.06207427382469177
8,cf06ff5f520b14d1f9f1cf5a7ff34982bj4md,0,0.0653115063905716
8,53856dce9187b16f2cf5e4e58f5d0397h7tz6,0,0.06562984734773636
8,2c449b1bbbd5f8d9bcc1159b7bd3caa32jhtp,0,0.060493629425764084
8,76c85d6bf559bc0323bbe1639d233e88nxy36,0,0.8748543858528137
8,43c76d050c9d2509d85c9dc2b1a1dba4zb3qt,0,0.06007076054811478
8,4731be79b5c7e894dabe5986e747b97bd6yxh,0,0.06545448303222656
8,9e1f21ee1888368e77b539083f4b94ddv8mrl,0,0.06380262970924377
8,4b72cbc9d9ef0238bb666feea6d79e718qry1,0,0.06564047932624817
8,120beb4523541f769a2b658cbc41dd57w7im7,0,0.06328579038381577
8,bbd1d48ef4e8e7e3855938755275ad2b2le9g,0,0.06109566614031792
8,fa918060747386f431a511c862565e34y1pdw,0,0.0651886984705925
8,24db47d284a08aaf119eb3e0c45eb646i46j5,0,0.06181417778134346
8,c2e1242ad5ea781923a08987d55365c69fii7,1,0.8555988073348999
8,34e965deb822f329ecad42b94e8ba0ba3dpt0,0,0.8242197632789612
8,e72d1b2319a2ef39d016c41e4824b68evxe53,0,0.06502998620271683
8,7114afc59caf2cbaf6ec1733922065f3uz34p,0,0.06316420435905457
8,6275d51c0324547faa8a87b499812268tl90r,0,0.06195009499788284
8,949689cced5d86578e6c8b664ea76d6aq6zxg,0,0.06576984375715256
8,916d2d806b772c9f227a9b3640e31469ljrxo,0,0.8980233073234558
8,53d9e7fa087a0dab6a472bfbfb694622jv072,0,0.06869190186262131
8,90bb553b65144cafddc3f3d4a7783667a06ga,0,0.06578067690134048
8,c128bfe7aba668d71126d51b32428c01tkq99,0,0.8732928037643433
8,f6a7e7b14d39804c7d15627e2fa384a1cq892,0,0.06576521694660187
8,c83ee624c46235430ad4338278f6d270wfzre,0,0.06159538775682449
8,b6a3aa8c0f2302fa35d7b809d9371deeypvyh,0,0.5441608428955078
8,ad590c59c30187b772258a059d532db42tf4d,0,0.0655311569571495
8,3d7bd741177a712ae0417bc4f4a37bcf9jo2a,0,0.06532099097967148
8,c41cd6791e262b44d26bdb3443fcfba97wlm3,0,0.8569396734237671
8,e588d3f7a141147e4f8dba29377144707vupo,0,0.06503261625766754
8,4de2f22ca840fce9ac653e4aa06d9b0cnhudf,0,0.06008608639240265
8,f4d69870de1e803fe00f8126e73a7e33zwcds,0,0.06041994318366051
8,417adcdcd7157e75c66469c07208af00qjnuo,0,0.06403384357690811
8,177b031b4a77f28ff167b427ca967b52jetgo,0,0.06562383472919464
8,4c46b1ea933d574a985776ed356312505nagr,0,0.06567499041557312
8,920540ac4168ed08a1e297395a68d718gsqdn,0,0.06578829139471054
8,ef65488c949595d7885525ccfab9100c6cmqb,0,0.1218201294541359
8,354d4abc23881a40b8f119225e0dbd09tk1u3,0,0.06232590600848198
8,14c69cd7fbc8300876f287520c493fc8xe2o6,0,0.09480006247758865
8,c888cda1ef5931da0db90f6803cd0d368ay6r,0,0.06644908338785172
8,f28b5654b5633a0b5e3f757a16080116sjj1b,0,0.11376628279685974
8,37d71b4ae830fcfa6f0c4f65ec386414n8h5l,0,0.06492524594068527
8,b4210edd4ec9bf872c7108fdb3c6aae9cjwz7,0,0.06252053380012512
8,771f6754997a1954eced81d46348b4762k475,0,0.8579569458961487
8,f473c995ca7b5287f9b2f079f0d78a1e92226,0,0.790766716003418
8,1899fd76b484b9275854787a6b003b8a93js0,0,0.10711382329463959
8,b3dc6151c6813688d0423dbab13d3f19crw2w,0,0.06455282121896744
8,9d8a1ddb38499b3403a6a93395ef29bcrznni,0,0.06496468931436539
8,0a9d614009139236f198ddb4759a498cen5ix,0,0.06495847553014755
8,741b9948c8cf42d658676e5a46757815zstr4,0,0.0623793788254261
8,b9cb81e5855add059728cf932f0624fefbi2t,0,0.0657077431678772
8,9f52fd88ba073512be19e3d24d4bb6f91l531,0,0.05999065935611725
8,55453d252a225f3b046c094a7aa330a80dr96,0,0.06572027504444122
8,bd6adbe79fcb843aeb97546947af1236kbg7p,0,0.06317406892776489
8,6b1666662837213ce77c329d8cb2a842epaeh,0,0.06246782839298248
8,12fefd74d82d90541872847f199f6324cowi5,0,0.061868928372859955
8,e29ae1bd8e6e7dfc9cb43b1572d3d55ca0hc1,0,0.06484146416187286
8,7e34a26c4c339e875997f4b9239d2b5fscng4,0,0.8929879069328308
8,b08034d2d4fa400b457d4a59a2482e8enfhqw,0,0.0620204322040081
8,8b253bd318229b3eea3f459bd81b8347khytb,0,0.9168154001235962
8,0181b91f58e6cbaa832235e2879c9c00ovrzi,0,0.06277484446763992
8,03e884d3e7e3356608187d2345e4693fyt29x,0,0.06495814770460129
8,ad228143392ba96c21bf51499bac1c3b3kmzo,0,0.06106500327587128
8,9f2086ccb71acd84652f861517d4dff9du4y4,0,0.06521183252334595
8,18e751726fd7c407c41cb18c20da2c4er5z1r,0,0.06467925757169724
8,717a0a200628f9606d88afebaaeb409bv60y8,0,0.8692666888237
8,3d575194dae5a2e2966abdf84d800a3bgbsd8,0,0.06526407599449158
8,d81579750b388276f2d8f6d80384f499n13l6,0,0.0655522271990776
8,b7e0afcd391a22444eaa566aa527eec0x2yv3,0,0.06295444816350937
9,1c5f4fc669099bfbfac515cd26997bd12ruaj,0,0.06761154532432556
9,0a6ba32afe4756995db2f5cf2461cddbvj445,0,0.06584131717681885
9,3f3a3705be5ea07b9ba7ee646ed756fbssuo7,0,0.06575710326433182
9,25d75fd439571c1d9b946f5ec833786063vom,0,0.06668609380722046
9,5354c02817e47f28e60e44a40ca5e48dll4sz,1,0.4146486818790436
9,d878560888b11447e73324a6e263fbd5iydo1,0,0.066574327647686
9,0b68888358a492884e3885bcd73ea63bhxidk,0,0.0660150945186615
9,c748f0d69cc89d5812c9fe3a6413bbb26351l,0,0.06601394712924957
9,2c581ec91825362ab66a7ffa05df5e70hl3h3,0,0.06615439802408218
9,1476226300a93d22b15253ed7339429a7ijk0,0,0.7599008679389954
9,95fede5853bfffda8f50f6af494ff1d1hsgie,0,0.0666029304265976
9,9434778d2268f1fa2a8ede48c0cd05c097zey,1,0.7282859086990356
9,e1da7d96b83f16aa80cc254572cc154fcoudy,0,0.10091253370046616
9,f60edfe5177cab56896a9d6860995095cl1bb,0,0.06779402494430542
9,fb92fc925c5df50f4da7874a7542cf2210z1f,0,0.06909340620040894
9,19815d9bcdc74c3ddfb9ff210c1739f3tup3i,0,0.06529199331998825
9,a3c2ba79963b637f15086e6255a46253lwpnb,0,0.06613684445619583
9,85be8fd21f41bc3dee86597d272825726bp69,0,0.06256114691495895
9,59ae36080fae26bccbbc31a4505b6fb3v3zjy,0,0.06597889214754105
9,6394edfbd35aab54801518835e33ed50hcr5f,0,0.06553075462579727
9,87aa94042390f9267d3b7d90e42b022ek5mbu,0,0.06542292982339859
9,cf33d05860b7f7d9af73c6091190b81ektz1j,0,0.31318172812461853
9,21580623ea81c5b0b82aaf74890218e5mio2z,0,0.06549566984176636
9,6531bde8d4decd9708ff4407ef95e887a26yi,0,0.0654897466301918
9,806a46eb814ec7a09bfffcf38b0763d344tc3,0,0.0664600282907486
9,f5a67722732675f6285b70b9f008665fq01bk,0,0.06660467386245728
9,758bd601d6700494300ec1647682eb34vq1zp,0,0.06546054035425186
9,d0231e5200b870c055db7e3daae24bc8lt7at,0,0.0636075958609581
9,03244a553a252dcc3a3037f0371c8d33fmpd1,0,0.06507015973329544
9,915ccac760c7359a446100fd1a54bbf6oyrzf,0,0.233793705701828
9,9baf61c813f1d4a09e3c70f6dc741f34voe3n,0,0.06641167402267456
9,024cf43497fd7381df6254888670f84bwbbam,0,0.06676360219717026
9,12d6239a92972a35bc990225b3ab33466znm8,0,0.06694603711366653
9,5960fc711b544e2617d0f76360b69e2afds2b,0,0.06556078791618347
9,ae94687eaad6b410713db9106c42566axgn9n,0,0.06661569327116013
9,15972a431aed117840dfce5556242366c3fwq,1,0.9037459492683411
9,367edc726ba8e667973844395493559dtf2o3,0,0.0614900179207325
9,5b25a86acea5ff395bbd62399bb5cc9bb7h6i,0,0.06454119086265564
9,fc8e62e5fb69ba67265a3d0e3403aa3fr8c2q,0,0.30735263228416443
9,36b84c776aea2e008180dbc72393ed750zsbr,0,0.06549307703971863
9,68f092336430866db606f137c57c87e0hw7aq,0,0.07447192072868347
9,17eeec8676ad56bfead1a9406277f41cnev3n,0,0.556015133857727
9,8126928a319468b6da5edce4097d2398xwita,0,0.06403535604476929
9,f80075873f7183a03b1b10ac3f740032v6w99,0,0.06370370090007782
9,85155ae64ccbde01b48fbf4b3f1b739exmqyu,0,0.06445365399122238
9,74fc24cafc7c5936d0422b8da306365byjv2b,0,0.06632977724075317
9,7f807b2eb6c391d55e67bcdf7e1cbb3fhylw0,0,0.07655300945043564
9,f186d292f4e83f70a92c97f92993f655ygqzw,0,0.06609892100095749
9,e909515a6ae94a86027c717c4085954akbpt2,0,0.11624732613563538
9,4741959d26f99012b8a6a3e3954eae40hsy6j,0,0.0654909759759903
9,8b4071f3e2702b88481054081363bc15her3f,0,0.9530138373374939
9,f0c356e136831c41884b0732ae3198e0gcy8w,0,0.0636264830827713
9,cd856579a7c4850b60d8763520339449x0mqg,0,0.06519690901041031
9,b5310019f2bbbd975c64dc11189191022k8tj,0,0.06493889540433884
9,01a39439e7afbdcfe385eedbddb23d76zgdrg,0,0.06231998652219772
9,3d8cccb637b990ec64d662d66ec059cfn1p3p,0,0.06624019891023636
9,dfd5c9157a0a771f235c32f30aedbf84e2552,0,0.06088390573859215
9,354baa6c4764a5bde013ea3f7edc72552r3oa,0,0.9478087425231934
9,ac494ae5acf003f84ba46f5741618a8dn19qi,0,0.06622057408094406
9,245b584befa6a5b8c759491f5f3db580p2m5v,0,0.06689527630805969
9,408f81a85f3b31f8cabedf6ccd381961pop72,0,0.06603166460990906
9,64e802fa8e0c17ec2ba1b6425648b7cb7ndkn,0,0.08854098618030548
9,ead2ec4563ba25a9e9d417f1964b7504teqtp,0,0.7318742275238037
9,81a6dd18d43cb3b1999176eea563b438roe7y,0,0.06478055566549301
9,28aa6c505e308e49e586e25e1897ed2axjiy0,0,0.06497365236282349
9,5a2aa4e8c227de4db26547fdc1f017cbxb62j,0,0.06502320617437363
9,037d9f10da403d8d5f94b6e2957a3702f6x07,0,0.4610074758529663
9,585b938fd44968d0d59fcac453cfb3b8p8nti,0,0.7523307204246521
9,9fada390b6c53ecb47e6f4eb4353e14f01xu0,0,0.061553966253995895
9,e959a3ae64e28a7d3b37934c0d826867o3sp6,0,0.0659235268831253
9,3d94b376bae8dd60eea48ded36134a3962glw,0,0.06466267257928848
9,7b93ccc9d5730b561ec5fa7f4bd48c04qudf1,0,0.44660449028015137
9,f0f21cd3d51b7a233988cb1c3c5df977zjqkj,0,0.06559039652347565
9,1680f758aecded6e25096b3a6199b38en6n73,0,0.06608465313911438
9,a539fbaf8b29613ff0e4f3e5831aa7a5p2cva,0,0.0654900074005127
9,d9177cca9a1bfe3478cc4f11a0d57de2p8ahp,0,0.06548946350812912
9,1b0534afb7c02bb023bd4767ae73f17dqzqdu,0,0.5457150340080261
9,8c4b0d95ba36c0ba2a52f9043c62fccev75uu,0,0.08011660724878311
9,334714f005e994d46cf4d18093dd4d05fyxc8,1,0.8427777886390686
9,570910327f5584ea1ccba92634d89832lo1zc,0,0.0654904916882515
9,340bc29eeeb9b9d04eb1fb72a1a9a2444brgk,0,0.06427178531885147
9,27cc072f1432f7aec4b7e17cf2e473f2x3bjg,0,0.8916444778442383
9,ea6c07fbbfc3f0e549701b1e7b90c4d21zfjl,0,0.06553928554058075
9,01eb9dcbd0b3e79d94020d13d83a993ec9d2a,0,0.06671242415904999
9,cffb5f3c1f4ca815d0f643fcb2f2f316beod4,0,0.7095211148262024
9,bd0f0c497ef09b5c1bb18b330d932bffktn3i,0,0.06387756019830704
9,d65c538ae39fc1a7e0677583bba5fdc6ax1et,0,0.11668785661458969
9,6c55d253787acf5210f7d785546db80dqtleg,0,0.06615853309631348
9,4a2d5b70f0fcec3ad9d8ac4b447efd6f3vs9c,0,0.06732305884361267
9,640f41f27c03aca0c45775eb918b666cnjsqv,0,0.06640447676181793
9,45cfe8744884eb207048e3cbee31ec56hd9lm,0,0.06626350432634354
9,0d0d43ac593a891ce100d8202d3d72c3xsma8,0,0.06605058908462524
9,ca0331fc37db2b251a012376f7b987fcma2jw,0,0.9488657712936401
9,295fbc4ef00fe0cea7947811e78bb8aez9ti2,0,0.0655033215880394
9,b2d3db61ddb119aa4e5f43e1bf72e349xr5tp,0,0.5160819888114929
9,e24542c1bd46a4a0f98b0fa95d8fc40brecdx,1,0.9290201663970947
9,9b51afa3c3a736bdf93bd1f2a7b0a0903c34w,0,0.062215406447649
9,9ab3bca29dbc32070cd7f729ea55639a350tu,0,0.06643381714820862
9,18eb8d55c84019b9196c5ca7e072b287bv68e,0,0.06508373469114304
9,4ab56df4b1befe3e2ce5cd98e8950ba2psqq2,0,0.06655020266771317
9,d63671871e4010e904b9419e48781565weafn,0,0.0663415715098381
9,3ddd3eba016fc11b07c8a9ecb3fcc2975bkru,0,0.06549087166786194
9,cafa845bd657b17eaa82940d4767d9dfe9uxg,0,0.06623077392578125
9,9ebd57da79b9286fd67a53e61528cf63a1w6c,0,0.06357394903898239
9,05c6b93bf8f083b2d0a03ffc0fc3524ba8fi5,0,0.06628874689340591
9,a664b6b42fd48403fbd34800063fa50bz6k4m,1,0.7031439542770386
9,e19f258fa5019e58974b562a8e1433ccluztk,0,0.5371493101119995
9,a99f91d51e8d9f5786dfa52e24292dfebi55j,0,0.06342700123786926
9,51d2e1b98b7a1e42b939637dc6e11381zu201,0,0.06361363083124161
9,876b122982958678f14bb25d887dd79dun3qa,0,0.0669001117348671
9,2819b8b2295f272f33f8e76fd344ce6bywj1p,0,0.06675180792808533
9,c1434e440370882ecf00ac52140f7adbuy1e9,0,0.06416388601064682
9,9393cc68d0357d7b200a94fdf93ee3cf7xg5l,0,0.06471939384937286
9,be3bec53b42be118ef2a87fc40db7311k4as3,0,0.0651574432849884
9,012441119bcf83b23d4768bb72cea6d6carua,0,0.06438127905130386
9,d8ff621bc161b09d9192c445f4b3be7b8xow6,0,0.0656999796628952
9,84c4b58a1491da3a30710bcdf61f87054xfq6,0,0.07421109080314636
9,8720f071e045d4cec9d707c583a3d64avjyyy,0,0.06682054698467255
9,9c223f867c65938ce8623fc41bec08485xddt,0,0.06544578075408936
9,936d542904f515ea87bab7996497b11aszyco,0,0.0657234787940979
9,c97dda0fd2de7d82d3a52eb6c0788062h3tq6,0,0.0661783441901207
9,44be920e88377290bb204795f05a20369jp06,0,0.06471458822488785
9,8783939eb63e5eb4e5cd412d8480f3955ipxu,0,0.06640345603227615
9,10f1460119f9e42bcccd0f68ef59cc830pwtq,0,0.06456208229064941
9,7daf0e51b276c6ab5bd2ccf520dae106graj8,0,0.06462637335062027
9,b071545f5ad73150880c42e780d951bdzvxn7,0,0.2973107099533081
9,fb7c9b1dcc3b44dd69e42a84406117db4t4mn,0,0.0622771754860878
9,cbc71ae3c3690c89485eda3f08b9bb51rqrxz,0,0.09833141416311264
9,6b85d622dec4fff284d55895eba9969dqlhu9,0,0.0648975595831871
9,de8943f2b113702c98ef695888b7d0c6my29p,0,0.06554924696683884
9,8ac7cc6a62b82e675465e89f67ab1f962ltgu,0,0.06784281134605408
9,fd1299f1343236dea07bd0ba5f8ca220csnv8,0,0.06537622958421707
9,452619e019e5651a8d98e3d59a478b7fez5e0,0,0.06634145230054855
9,af9c96944265cf541b3fe734a057821a825l7,1,0.7852948307991028
9,38125387ec30412c438280af8931254dmvfgb,0,0.06678131967782974
9,bbad48cdaa604c1bf40b59120a775794rnlg1,0,0.06536848098039627
9,4bddcd4957ff826dfd3b3efe6eb96be9aw5tz,0,0.26759448647499084
9,6e18a078182a21b8522bb69a822cc338in7rn,0,0.0653235986828804
9,a9bfa54aef505d65ec488d8984c82a7bf0fjm,0,0.0638403370976448
9,a6ec153fc7002cfd929b9f7199914cf75upgt,1,0.26031965017318726
9,4c2af41637c123c78074e46a22526298vol9h,0,0.06688372790813446
9,e2bda091a91082b774d59f2c5b8480ebbijs5,0,0.06601685285568237
9,4761b2fdb4ce610d1d8dd9ea50f478cf7et0f,0,0.06591992825269699
9,1bb03cdb913f203f704caf8bf6840b6fbpigb,0,0.3462834358215332
9,1dfa6e724441ca3c913b3d40967c17b2p9xr7,0,0.06386177241802216
9,f27321571b5b6184e86acb6203c766f2bsfxg,0,0.0637509748339653
9,46ceb58fb7a57d86a26cfa154c940a8cuktu7,0,0.43553444743156433
9,59fe751fb6c277016b7ebe3609aa1b15vhg7w,0,0.06414789706468582
9,0ef9be4eb3b6a03ac2945522964b242ap09cy,0,0.06425008177757263
9,a1922a9ee4f9f5d03fe11816c2cc3eb9ivcbp,0,0.0646170899271965
9,d1780c224460a0c20d5c2f5f68714c5264xd0,0,0.06414789706468582
9,0cbd01c9e8cc800aabd3b3e4c618f9caktfgp,0,0.6683806777000427
9,c41f5fb84d9f9e2456a5264c79919569vrhau,0,0.0647897720336914
9,b5a92183d20e5ca98da4065c874e0b9dezbhx,0,0.944233238697052
9,0c5992f18244e24d2d7b4708a512378729eev,0,0.9049935936927795
9,abec779131ec6bd32f5e32ed0f274400ekljo,0,0.06500665843486786
9,dc9a7ebdb6fb8dd3267ac26dbe5a62b68e4vw,0,0.06414789706468582
9,ae15accae2164aae084aef7e3524c1fflq962,0,0.06696400046348572
9,98a5197faba8ba72d6ee9e1c95d65d737sigb,0,0.07987477630376816
9,dc87cba6dc8717e219e9fa9edcd10ae4a2i86,0,0.06581839919090271
9,0a7446b63f183a4928ae762ed6cd1c4b894qz,0,0.06677714735269547
9,f3a249f6a5c2c88ddd8bccb1f8a85fe52xnkq,0,0.06400328874588013
9,d13cd9e0a7b95c0a35f3456014865230qku5q,0,0.06545321643352509
9,1dab9ffc5c6bf06e86e0dd1b3cb9ebecn5pu6,0,0.06597848236560822
9,c59f4511da2e8dfbf02668a49bc391895wk3u,0,0.06548860669136047
9,260568e07963ce8351f3313bd7b9b0e2vonva,0,0.06627505272626877
9,bdbcdf6a935f4d1781a2d33bcc4967130bdqy,0,0.1171756312251091
9,2b5a7c969ae95b239583f09936560b85g574d,0,0.06663056463003159
9,72dbc4a9f579a9444c126a0a67118783092ec,0,0.06515581160783768
9,3cab5bd983f5be9c16789b6c14bae982nhi9c,0,0.06585030257701874
9,3105d663ef3dff7e483a46c56580a9f9kd7f8,0,0.29422125220298767
9,3df41510a5044de5438015f37dfa3443bt7pp,0,0.06640186160802841
9,a0aeb6de8a21a5b776f63530ed753fdb34k7y,0,0.15834583342075348
9,309f446bdb138faeb18072285ccd9901gz80c,0,0.16532565653324127
9,3043fb0b4a1904222f640107f84d6f799tves,0,0.06670550256967545
9,a2bb8b3e3ae4566203eb5b3021b4d594pohf7,0,0.06358566880226135
9,eec2ea9d9b292a343f8ee566ba252baapagwb,0,0.06654515117406845
9,d26cca81c93b52ae3564aa6cdf33f5d5mkliw,0,0.0658290833234787
9,89291354b0939c342be97fa58e018bd89fvcf,0,0.06487661600112915
9,8e05310a342aec93aaec69a638e83a96aqyo7,1,0.41091158986091614
9,70c31e8b3476b953648fd4f8775c1950m1uz4,0,0.06683537364006042
9,eb8f9ca4a23586f5acc770fff966f654dy7g0,0,0.065788134932518
9,613c7d60152ebf06e3a7dd326ba03261mnn8u,0,0.06152387335896492
9,1afac423a94778ddf9b6c1dc0df7105cgp1tp,0,0.0647902637720108
9,c9f94611f4c9afd3a3153da9654e7310jr201,0,0.06630311906337738
9,1c950af57581698616bd9923cc94fef25n5wh,0,0.06718117743730545
9,01cda526658455000913950f20cf31a2q6nsf,0,0.06415409594774246
9,6182daa56cb0623719228c9e576b71fcpg8r8,0,0.18876038491725922
9,24108e769a15b155bd2d63c58368ae5946zhs,0,0.0660528838634491
9,5fc9437841f1dbbe63a3a933c48472fcohutg,0,0.06664320081472397
9,716079d1913959ccae0307f760bcddddt6d4o,0,0.0656718760728836
9,4992da4511c3c1b4efed3e16c7d8dec65ilfj,0,0.06321961432695389
9,ffacbed056cbfaa60c1fcf51f0d381bddr3ly,0,0.06575155258178711
9,d3920630f4891b9ef1a8a199ce5c830aua4yi,0,0.06620702892541885
9,00a0517965f18610417ee784a05f494d4dw6e,0,0.062142107635736465
9,1214fbf35079e7afc0a35645f8be8b218fd5o,0,0.06414789706468582
9,42e631af9bd00e5e816f08eba3b102d5ch576,1,0.3747924566268921
9,b1e106943db37b1d002bcbe06b264b8bahuy0,0,0.06657557189464569
9,f9378eb3e522beef7e6a4e1f275bbe0eaboro,0,0.06414789706468582
9,11e47dc08d7fa4d1a1953b5868892f72qvlho,0,0.06478668004274368
9,4d1542974bc322859d3d099b8c5193felot1k,0,0.24785403907299042
9,649b364bc466208e559858f0677b421dbnalw,0,0.06312915682792664
9,559bccfe60c7193963f09388fb681ea65k7dp,0,0.06590201705694199
9,6429ef4aebc7d1f4027b31a6e900d165nqvyz,0,0.06105631962418556
9,86a626c876e7eb4be35f4f0b0a78f97a1rn7h,0,0.0649152621626854
9,d8a4b49ed9ca241f025cdbd9637198fb71qmz,0,0.06595657765865326
9,ab3e02a6b47b250b738fdb010dc84cd7lrr07,0,0.06512689590454102
9,bf8de839c1a8b7994d19049667548e4ewchpm,0,0.06652708351612091
9,6a97f70ba29a04e77eb3b137e157070dc2mqc,0,0.06663686782121658
9,2b13a870a46975494b749feea0c5c7ed170ll,0,0.14720723032951355
9,a7c263f3fe4f19ff677e5cb475f7e5a3gdom3,0,0.06571709364652634
9,4ed4760782d4e2c65bee8cadc1fcdc89htz8b,0,0.06337298452854156
9,2daa71f0d138b8c2d61583d3b98a25e1mjp9c,0,0.06651295721530914
9,461c1d143120270fff5ebc1b91934951378ud,0,0.06552265584468842
9,1d69e006699adba0c79ab06f2f622445nuu63,0,0.06435462832450867
9,c503bb79d4f3522f51d348c680906c1bs0w7z,0,0.0656355619430542
9,5dda8ade6b5d4065f3119a381516c227yoz8y,0,0.26903218030929565
9,03aafab9868455b78f0723eda86698ba9v9rm,0,0.8804804086685181
9,78c82f2e8764bc8001354128f9265efcqrthe,0,0.06643423438072205
9,591ef8d73236d150c32716359a61ff2auk6y6,0,0.06675504148006439
9,942af1514033a612b203ec58f7894c9fv899u,0,0.06548837572336197
9,d43189c6eef7a763b2f8596228807dd89x9y9,0,0.06643375009298325
9,d127576e329604b576df0a3248cdcda3279td,0,0.1947963833808899
9,121578435bf4136746cd2a80f1990e07cv1px,0,0.06539849191904068
9,7d44df0d40982a6651a06cf533ef5dddtppag,0,0.5037353038787842
9,8c3631460a4d25d2b21b1f92ebbad752a19ww,0,0.06513334065675735
9,fb200accdd0411e96f1b0f6d6f6d4f52rgk01,0,0.06556691974401474
9,fd5cef3fe1217c6591500c715d71717anczcq,0,0.0654071792960167
9,100d406b638e84e2da7c31b03100b874qiay2,0,0.06264286488294601
9,c0e3343070766b359c664f93ca65040b6bh2k,1,0.10685162246227264
9,9349befb45c4869b68e82a1944f4f01377cpz,0,0.06615066528320312
9,24d4554556deeebf61510cf3e001edecu8hgj,0,0.0657668262720108
9,8a958e0092f6ca984107ea6c3975f806c59m2,0,0.06583583354949951
9,78e59e188d9780cb8988d574f692ed343s129,0,0.0640234723687172
9,d79919e5ba11f26bce5e70f0a4f859e3e4q9y,0,0.9517807364463806
9,1df5be644b8963750305092eb8ec878ayba4x,0,0.34269624948501587
9,05c9fe8f8852ea069a93dfe39fc0571er9mdt,0,0.062357526272535324
9,4dd7f98cfffffd6f4707fd0deb4a00b5rj9wv,0,0.7257339358329773
9,c435ac9dcda855341e667d440c2ef7c6nd3mg,0,0.06359010189771652
9,baff2ce04381eb1bc4747d557bf52208vqmby,0,0.06478237360715866
9,24029e6b641077ab7b9a1fde11a42666pkz6z,0,0.9204326868057251
9,4e22432d4a059b14d1d6a68a1feaa953k8vrb,0,0.0659603700041771
9,71c2561141c55414618d67d1a8aebac1n0fjx,0,0.0662563219666481
9,82ae4df0acf8237d7af1a790e3848645bp73e,0,0.06457454711198807
9,461b089147eb78c582ca8a30fa7581a7mflo5,0,0.066201351583004
9,ba194af5111cfcf1dd95eb36160c728ds4kcy,0,0.0650932639837265
9,ac2d643e0c0d3bfe8e54e5a961c6cfdb5xn9v,0,0.32608652114868164
9,afb7618f9e3fd071d4ebedf396e1d45drta96,0,0.06554165482521057
9,1680b6a12fdc8c64645c00ae8048f99c6uzoz,0,0.06532393395900726
9,ff181014a0d7bb534fb9a35f22e24fe72m1d5,0,0.20962080359458923
9,a945c65b19da56d0c7358d8858fe14e8ulfel,0,0.3157704174518585
9,6c021878ba6173a04d55bc1cf5544ac1f3t02,0,0.27433139085769653
9,308a5541e1206e126ef80f18cc29b7017520l,0,0.06550624966621399
9,c8a99985c7bf230f475a8e9be6a17d7a08r3x,0,0.06599318981170654
9,7da6a36817cf2d8c3be218a32ab25550c8kg7,0,0.06534740328788757
9,c16a9bdd369ed3ec2891c46e64017560fbx69,0,0.06431358307600021
9,459ea22b6b51936d0788de9f78a3547bf4jrw,0,0.06578215211629868
9,624ae2fe9394700eae7a35806e4bafaeq9cty,0,0.06345775723457336
9,68546847f11f6415034b7e2263e8ece62p3ud,0,0.06663693487644196
9,e578807073c57556ce334044382a9b98iaz6o,0,0.06617680191993713
9,f430aac3f0f7f88a9b504bbb71322d54mct7s,0,0.06584732979536057
9,782557b3ec17063f2a36fc9193ed3200h14me,0,0.08998209983110428
9,e783e5f6b818d18eda4065282022ac23jd1fw,0,0.06560265272855759
9,b17ce8bfbb565945ee9f289c2ddd8abbu1ndj,0,0.06399505585432053
9,a262e805f766306f4adb38211abf235akxqh8,0,0.06466840952634811
9,2012c722a90bc47f1abbc8319d0cea51p7l5b,0,0.06448562443256378
9,d5337c2d4b58426b30c8733313eb5247syn5p,0,0.06334195286035538
9,7bad0fc50ac7d249e0a3d8b83f68e855fcnxu,0,0.06556027382612228
9,6326299ca6a53277b2bcea07bd0b4ba8ktbqj,0,0.06080598011612892
9,2234754e09ba15519d0104c405326fc4igk0s,0,0.07202783972024918
9,29db827ba14938954c90cefe40d26fe1130kd,0,0.06545275449752808
9,83c9359ad94eab7f4b8fd582a6db4733frmsr,0,0.06174138933420181
9,6d501ebf066c0331853f1bee9754e781obu7z,0,0.06618579477071762
9,aa3ac65055bb4b1660f4d8c1d2c187ecoqvn4,0,0.06566649675369263
9,e704e6fedbe6caa9b434509d085f4c97nq6k1,0,0.06605780869722366
9,fb9b1e58ffba4b38175c11e03e51e1f48dnm1,0,0.06525550782680511
9,c1850964c360c9159e5d1d0b6485e210s6uvc,0,0.06472761929035187
9,d9576f0ba8c7479eb2b26f0d15c4abfayk5ex,0,0.06556162983179092
9,37bf6f23b628a3e2b5b22ba81beccbef0efoh,0,0.2694211006164551
9,7eb7b2f6a914afba5c3d207dc28a93aed9pnc,0,0.0654427781701088
9,958de49cdd870198543313fcf574d7c4eutrl,0,0.18039463460445404
9,d7e83a95a05308d4fae6428bb9073a7bg8aoa,0,0.06639111042022705
9,94c8c0f9c90820f28928caf5d122dabby69ts,0,0.0656595453619957
9,238808859d7752579a415e89a395500fh2o65,1,0.06560021638870239
9,1689122c3b25d9e7adc626de84c10006fr2n5,0,0.06554676592350006
9,ae37c0f4dc6e3d99f5b0243fd18294cak7pxy,0,0.3236336410045624
9,9be39ea5a0612fae7bc43a25a6d10856l3qaj,1,0.08285371959209442
9,79794d93380946ef72e95f55b4abc008hsns6,0,0.061758290976285934
9,52c441804b89bc20e4c8dd625bf163f27o2zb,0,0.06615610420703888
9,93e3c34171ab65e0b031dc67461e48b478u36,0,0.2492677867412567
9,3c77ec9f79f6febf630325ef84f2a0bcl3qg1,0,0.06375967711210251
9,c5c8a28a166913512f5bffa6a49788c5b0uaa,0,0.06653864681720734
9,6c3bdc508c20f2f3871766cd73064c8cib3xh,0,0.06464046984910965
9,6b0d09889ff4889deaabd5f15b3b34f1jxl6v,0,0.06431891769170761
9,9adae18220565488f77036be41cf71beiepqk,0,0.8000041842460632
9,400e8b5b5447b4d11e06a8bb0754d8d6l6xoy,0,0.06594090908765793
9,026819504b59bc4eefb9963d5fe4271aql15u,0,0.06728823482990265
9,162886daa0054ff1ad422e0f18cddff3qofft,0,0.07410300523042679
9,603d769a86a359a0d41118b47c0ab41fx7kz5,0,0.06445306539535522
9,dfb23124fba16b7778f65c1c8d091f949jz0k,0,0.06621761620044708
9,1bb7a8c04e70386f5496322158e9fc3ef6d84,0,0.062280770391225815
9,4d6fa52e125a18f433db6e6603b58ec7k1key,0,0.06357170641422272
9,50859deae0e0a599efde1725cde3a8b8dw86a,0,0.06625083088874817
9,0030a2dd87ad2733e0873062e4f83954mkj86,0,0.06620754301548004
9,0eeffc5039b27a4dc2e420eca75b1fa55rv5q,0,0.06500370055437088
9,664adb319c2be43104b6565a8ff293dea0f01,0,0.0668305903673172
9,950aa0150f419cd6361bd3c500e6e695xfljo,0,0.07133236527442932
9,bf190f2cffc1a77f0957f8cd1c98257dofy08,0,0.2166331708431244
9,f268f61e075419e5a001b86ee78557e2kmg14,0,0.06663579493761063
9,106f4ed8e9b727f8d94a1cd57e882a095pteo,0,0.06607287377119064
9,e8bc0150097c1b2b8b8c374b69e0d3a6mxfcm,0,0.06648874282836914
9,874f882f7efff96263e9b555415aac36dsxry,0,0.062380336225032806
9,9f9dd5c179d357b53f145ae1e5cc941f5qfuy,0,0.06742793321609497
9,0ea26a4028ffc16d9a8631d43e1b92105auao,0,0.0982886329293251
9,01c1c7be49cd6cfbb9075925a05c9899p41va,0,0.06716545671224594
9,e8581ec94cd4d5009ab6b36c6aca9f0cp3txb,0,0.06467008590698242
9,eb27d8daded752fc0d1c828867b0f118cswwq,0,0.06467156112194061
9,90fe8d6fc0bbe4ff2ca7833fe51bddbaaibof,0,0.2258344292640686
9,0f8cb1baa83fefac10f885f79149bf13kn4nw,0,0.17344680428504944
9,a8b8959fe64f490d32fc15a5d1144f87qj9ai,0,0.06574644148349762
9,332ef2c7189603a497fc89345ee4f5605i5xw,0,0.06531783193349838
9,3ce8aa0207022698b6d0eef09c89b381jzqi1,0,0.06194636970758438
9,167008af05d4feaa636a565f6f83ec61a6ogj,0,0.06370799988508224
9,8725b0aa1a32054450c16b099328fbcbi71gi,0,0.06578636914491653
9,32d2ce86b00693f0c26314e3cce2438dvxbt3,0,0.06550156325101852
9,8b109c0aee5ed07fc996e73d28e65888o5jmc,0,0.0666162371635437
9,04c6b750b0552089c87ae03de72289cfcpfmh,0,0.0648922398686409
9,c353286290001e0943ed9bb160145c42etrf8,0,0.06616989523172379
9,317d3e44b2bcfdd7293b84f82f44b8e31hx1r,0,0.0662330910563469
9,34914d163517a0cc4f0c971afb2352106vsvz,0,0.06447701901197433
9,55abcd1b00c6b5b54633fc7e98f0110bwoy3v,0,0.3125188946723938
9,bc3d08ad6ac94b8b5ce40a29b59899cakj3p5,0,0.19188031554222107
9,e56f611f1157381f4b689ab34b574e791qhcn,1,0.8287602066993713
9,76f17ce227e593aeff456fed46e36c83a3j72,0,0.17409436404705048
9,64f6b099082e4fb2e8da7ba4ae9abdead2cej,0,0.06614010781049728
9,429b876aa7e2d6741ddf322685363ccchue2v,0,0.0657600536942482
9,4694d67c21e9a2edd614e717aa3f4dd2e0w93,0,0.06615808606147766
9,74a35c4376559c911fdb5e9cfb78c5e4btqew,1,0.0661589503288269
9,6f07ce71625a0c57aa5c0c05071cba164jmba,0,0.06689468026161194
9,353d05bfefe1dd96d3335575ddadf310rgnrr,0,0.06653305888175964
9,1a09feff347553a2577983d7c742e3d6l2hfo,0,0.2853788435459137
9,70739399d69a3b7ea9e72742dc728742zp9uf,0,0.0654882863163948
9,628156f3bce703aa6bd275089c6c692499h1q,0,0.8376446962356567
9,470727c18798cf0e0ecc2a0dca207cafuena7,0,0.06549537926912308
9,39b501f37dde9b055d627394964d3260qiktx,0,0.06389661878347397
9,dbdb69d0032b0a251469107dd565b6c7irr4a,0,0.06600429862737656
9,40f2eaf03624a31952397644f1b79a6fvtfjf,0,0.07624455541372299
9,6c8ffec692e88d81e1b18d47818abb04v6llr,0,0.3997476398944855
9,13812c0d2c8c474bd62481d932407687o26kg,0,0.06394815444946289
9,283987b9f1ffd4514757483ee1f01351xd678,0,0.09181316196918488
9,a116e727a3dc0b69f5e7ae14d0ab40d44breq,0,0.06485199928283691
9,56b55e6ab49a4cbe7c76a2bbca804089pjq0g,0,0.08740516006946564
9,baf1aa59ebedbacea2ca418c5aa83888imys2,0,0.06582621484994888
9,eef111bfb93c213c174947c69b2f2b38cr2pw,0,0.08209235221147537
9,74cf3a0c5e4f080415888bad2f7119499lh63,0,0.06757764518260956
9,d31f6cdaf4f8485190b4ea588f8c1733y6qu9,0,0.0661572739481926
9,81207d4ecf830fee924989f4fe1eaa7fntkmw,0,0.0648408755660057
9,fc48aad7a51d965595b59550e08b94c670k7w,0,0.06615269929170609
9,acaec0b9f72bf4ab4318f3244344589b3700a,0,0.06609010696411133
9,37bb1697e1c3922a06c2d2ea4138a4c8s6wgk,1,0.9474151730537415
9,dfa7ead5ef84eebc79c67d3daac340b0exa41,0,0.06606997549533844
9,19033960ac23dffe078a1217788bc720jvjbz,0,0.06641203910112381
9,0c55920fb607fef2d33324f33565758a6e4dj,0,0.06439244747161865
9,67a1b129ca241c51d0abb5484f8eb3fct8o5c,1,0.825951337814331
9,99a3bacd3eb66c909a02b85402ac38dfskz65,0,0.06627853214740753
9,ffaf0a972a6dcb3910fd6b16045781e2ava5y,0,0.06623375415802002
9,eace2a2890644d703c619fff7e41a9a16k7lf,0,0.06481612473726273
9,4d2fc319ce6c2ad370052e0f6f2b0a1dxiyau,0,0.06475996971130371
9,0a92c4fa2bcdc8e952546d236b322053o5wbk,0,0.06517510116100311
9,681b4f9dca9e70441fca4a58c05b0f50skmir,0,0.06758559495210648
9,c1859303603734d90d1a91d80977e14echjim,0,0.8432856798171997
9,6ca1de75674e78f9d3d63fd96fbe6e172t86c,0,0.06437694281339645
9,a639448bde9a72923b70917e82594fc66sa2f,0,0.062014155089855194
9,15b1e719796dc894ecde30f160e7ae20hrmmh,0,0.06621617823839188
9,a4e83190edb97fefdc4a6cbfd00f41fbm7c4o,1,0.8043369650840759
9,e60b306c01cf0c0be5c7d54facf927044g5d2,0,0.06665217876434326
9,054b51d059fe981ca8cc4e0d4c49aabb5mck7,0,0.5969871282577515
9,ff4e39c0be8af4b17a73dcb761e4bb6dmop0m,0,0.06634353846311569
9,964028ac24d4ca16c4b63f64b06df1c8ltrrl,0,0.06394794583320618
9,e49dfe2adbc4b3789f67bc044c231473clc4d,0,0.06615570187568665
9,b4495464d4503ccb8e696994059983c89g4lc,0,0.06318894773721695
9,bb4af76ec92ce75e8abe9a6a481d4314jyo16,0,0.06619463115930557
9,0ad17aa9111f657d71cd3005599afc24fd44y,1,0.2709556221961975
9,4089a2b7f26e5c13a7f3350bd52ebf8fh21nm,0,0.8943879008293152
9,4566ae63ee93ffc6b000b5cbea7f6a8ehbg00,0,0.06444870680570602
9,1870650d20a97db60ce4133bb9352b69h9phj,0,0.06239001452922821
9,b217ca4cdea62a3977481e398d2cc9bd4sxht,0,0.06637600809335709
9,b1c9bacacf1f33a8fe48d1a4ae4c761bcltiv,0,0.07204146683216095
9,6ed19e45dc118b78a78f25649aaaddbeef7e4,0,0.06672129034996033
9,8c339df2050a428c04a1c2bcbfe4a143loj8l,0,0.12394289672374725
9,537f38e5fcf2656968e0a1752dd494ba8z1jc,0,0.06657470762729645
9,7d063aa96e7a065ed5ff9deb7c851bddhrxdj,0,0.0648532435297966
9,fdd6944b3c3caaa7d1234ecfc11f8d080h90x,0,0.06498973071575165
9,4c93ba564461b1412df6f033c8ef71e8ck438,0,0.10809022188186646
9,5640f30464bb5a7bc6e98fd2873fc25dh78hp,0,0.06615449488162994
9,e54c3b01eab75ad3a616d56dd06ebef758ua8,0,0.06647631525993347
9,6c11cc7744fb52a632306ca8bf966cd1e4zxx,1,0.7998653650283813
9,235f78b13fc87c995c1f309403ee56bb54tu5,0,0.06617820262908936
9,2b5c4051f232c4848dbbb477c5ad7f389f4b6,0,0.06618066132068634
9,11d5f6925da5809e2d447788b85d6253jj8fu,0,0.38992610573768616
9,3fe1dacbdaf96fab0c213e218968c518twu76,0,0.07271324098110199
9,2baa5a9ec317cb21a11d83f6dc72a2d6xy9jb,0,0.06558151543140411
10,1c5f4fc669099bfbfac515cd26997bd12ruaj,0,0.035327840596437454
10,88ae7a35e374a6fddd079ebb28c822eeohwse,0,0.03397949039936066
10,fa64831ab5ade55daee13f852c16b0a84ujt0,0,0.06765735894441605
10,1b26a52e1e5980c8487bb35cf5027fdfwfnzp,0,0.0369730107486248
10,c0549e76b179912d52a28c3eb9b29376yaxvu,0,0.051731664687395096
10,38e919293f5dbd62d87ce288e41aae2a281m2,0,0.8132455348968506
10,d91a4421996dcf429f575e372915cdcedae6g,0,0.9251975417137146
10,880f542a275df1251612886d408b32e8m96cp,0,0.03430930897593498
10,5354c02817e47f28e60e44a40ca5e48dll4sz,1,0.8964880108833313
10,29cc13d48af9832e0eb481c8a095fec7mom74,0,0.03374867886304855
10,a1f4d216a1a92507d97166151d7c9fe37bei4,0,0.03428876772522926
10,9434778d2268f1fa2a8ede48c0cd05c097zey,1,0.8239033818244934
10,e97becf0d4632035ad4cd5e65c827d6f0xawy,0,0.035497479140758514
10,e98d8f348b266653b6784329782fd2e91vu3h,0,0.038851380348205566
10,ef24ca4be7ccbd6ec68d4ea9f47c9e8ex1g09,0,0.03917931392788887
10,e78cb9678684d649453cd5e1e46baf462lq87,0,0.037207797169685364
10,68600b8922561fe26b8b6acf1d11efdfb24k7,0,0.22536911070346832
10,09d71d3e6a6871a7598dc2764c5bb4ffkz6mc,0,0.03634185716509819
10,af98b7d5a7c1ccd2968252a2fb1c06f69igbv,0,0.041325926780700684
10,6ecd9f4b332eb790dc933aea0a1528e2qkp4y,0,0.03695928677916527
10,4c4431ec9b6e683bdc5a3118d5140105r1nas,0,0.048142123967409134
10,1cd8d86911413c73e92ad1170cae68c3pocsn,0,0.7970835566520691
10,1e342381f2c64318a51a9b71d91897f8dv9ul,0,0.393606036901474
10,6531bde8d4decd9708ff4407ef95e887a26yi,0,0.03786253556609154
10,ff58ffde976a4899dcd89597a7877e18lntgz,0,0.7414402961730957
10,758bd601d6700494300ec1647682eb34vq1zp,0,0.03545239940285683
10,03244a553a252dcc3a3037f0371c8d33fmpd1,0,0.03732726350426674
10,461dc3d03d1e28d52770a4d3dc7db34558fcg,0,0.034717757254838943
10,48117c1e2b56cfc8739f83683e01d9b2aoc66,0,0.036692213267087936
10,75c4518eba20c9299a3a836d9905c327w6j8b,0,0.03694926202297211
10,47e0637718480102d235233c83661a7850foh,0,0.03739962354302406
10,3b233dc399f175100fb11ff9c66fa5b074z60,0,0.07077347487211227
10,8c2bdb9dd878a811701838002627a056be0ce,0,0.12394759804010391
10,9653f425ed82418570fbca890f7032b16sjjd,0,0.03375399485230446
10,3edae72a9d44c43524c0203ce38581d1790xh,0,0.03735048696398735
10,8d43ad48f315364be4d979d2e9d5ee67quqyi,0,0.03695027902722359
10,10383b390780e7b4b03dc32c94b4973f66wou,0,0.037222251296043396
10,20ebb9de648c6df989f04d07cf273c7b3yu8c,0,0.9646851420402527
10,8126928a319468b6da5edce4097d2398xwita,0,0.03558436781167984
10,c7d335bf99b9c71fb22797ecbd78b92ashv4h,0,0.03325205296278
10,ea0e5f7d93f2220a62bde8067f26daaa7oxgf,0,0.03650941327214241
10,72dd0e4788d25f62cc2ba942bb9499dc7quqj,0,0.03385758772492409
10,b8e47f06aef714b37073e72ac40a8100mew9c,0,0.0352741964161396
10,50791a0a98478b7f78f8d30acaa4683dxab5p,0,0.03457003831863403
10,f46cfa9acdb6a4c419c70c19be4ff9523uixs,0,0.03453531116247177
10,7339b024b285f99084bcca768cce5c7e0h2op,0,0.04675488546490669
10,dfd5c9157a0a771f235c32f30aedbf84e2552,0,0.03621809184551239
10,62ac0de5f8776ca1d189297bdea9a64cmewb9,0,0.035467877984046936
10,99bcfc00be736e03facf0afeb79ac533cs7tp,0,0.034290727227926254
10,82bec02fec2f08899489d7a5c35a30a0lbszo,0,0.03560569882392883
10,ac494ae5acf003f84ba46f5741618a8dn19qi,0,0.03459738567471504
10,ea57e35acda9a8f8b75f4d9bc049f74d7qx3t,0,0.03889062628149986
10,b64c209b3d1d91a663d134961af89125u0s9a,0,0.03343243524432182
10,0565a780f2c5b46837bbe9739ef15ea92fdu0,0,0.1255909651517868
10,3d281a78c6a116a91baf9c8db22b56bazer1h,0,0.09618359804153442
10,81a6dd18d43cb3b1999176eea563b438roe7y,0,0.036897726356983185
10,a8561bec318a7d3a0082b35b086b4428wekph,0,0.9322425127029419
10,ea5948061b2059bcbd900d3ae7e86e428ae8g,0,0.1187477633357048
10,31a301c70e897bf36276031abdf07ab6cs6z0,0,0.03980006277561188
10,a7454ee6fbb69c4079caf5b5b92574abi6pyh,0,0.03984498605132103
10,c08e5e3325e2f4fea171f24ca018e675we8kj,0,0.03343243524432182
10,33a7a0121e28cca4e42494dd0f5aa03fdhlm1,0,0.03469189256429672
10,9fada390b6c53ecb47e6f4eb4353e14f01xu0,0,0.03330543637275696
10,f61d93fddb01d2d89a85a132c649aa90lj1z6,0,0.036660630255937576
10,76a8a9566e21595a1ac06cc0050626c1q7a83,0,0.037354715168476105
10,26190fcf0babdbe0b0d903f325c52873tpj7e,0,0.059445954859256744
10,c69e65de28937ebe1b94e7785afd94158thqk,0,0.5633276104927063
10,c2d1b8c1b7a9c8010f5b215e8aadb1d7gahpp,0,0.04507094994187355
10,e22528ef6a439aff5a8b19f8c9b07c19fyzs6,0,0.039762336760759354
10,334714f005e994d46cf4d18093dd4d05fyxc8,1,0.9651264548301697
10,340bc29eeeb9b9d04eb1fb72a1a9a2444brgk,0,0.03557189553976059
10,1e1c9332e90c1cb0f01da223bc043c528cvwo,0,0.03915778920054436
10,ea6c07fbbfc3f0e549701b1e7b90c4d21zfjl,0,0.03700094297528267
10,74f153bd134afc92866a6bc5cceb2088120y0,0,0.03343243524432182
10,c755d2832026bc2a6f5d2d6df5740f06mr3nj,0,0.03493626415729523
10,282fe85277f7c07b0ffbc5fed621a02ezp1zr,0,0.07546547800302505
10,55b39a51c925bfb42fb812ebc5fe318emsjjf,1,0.10398329794406891
10,e1b1c514e1b87826fd045588f1f3881707cyy,0,0.034143589437007904
10,ca391c857d7aa75a72e2d7c3133e0d6ay9pil,0,0.03893217071890831
10,dc752fa41d974bf688d25ea9d18e9a2eit904,0,0.03385685384273529
10,7fab82fa5eaea6a44eb743bc4bf356b3tarle,1,0.03842964023351669
10,0d0d43ac593a891ce100d8202d3d72c3xsma8,0,0.03465229272842407
10,3d54d594ffba32e8d6527a688e7227e30iq3k,0,0.034126460552215576
10,b970a53727b2bfaf02079779c846a52fj3f0q,0,0.049743928015232086
10,9c0cbc0fd8a6c22ae3648801ade080fek6i13,0,0.03457409143447876
10,3995d9ce0cebd62d77cb8add067d93e15oezc,0,0.03499354049563408
10,e67abc3ba39537cc640678297a7c5bfag490k,0,0.03400896489620209
10,bd8bd6cae40abb19b81b6b6a7775f63e5tk1s,0,0.03766695037484169
10,a3ef8857f2e33ecd25c409622b4e3ebcij8hv,1,0.9654582738876343
10,db5e9f85e7d180f7d952f12e5dae5900q9xif,0,0.033304426819086075
10,8b809e18804865ff2a2e799c9a5e8a48mtxdh,0,0.9617570042610168
10,5d02346d70f11cd61d9fb955846ee9bdp5o6k,0,0.03627105802297592
10,9b51afa3c3a736bdf93bd1f2a7b0a0903c34w,0,0.035885002464056015
10,6b9a3d480add21788772e118e6d51ed57e3w9,0,0.03704509511590004
10,c2294751630e49a4e594dfd89383b271qzp0m,0,0.8725700378417969
10,4c2699de8bc9516b09c5e5c8bae6d6c6xiry9,0,0.03424207493662834
10,4ab56df4b1befe3e2ce5cd98e8950ba2psqq2,0,0.04447510093450546
10,6533b670e02ccf583288ba7c8f5fb1carmirt,1,0.9609718918800354
10,55d0b2506cef6464d799879b65c6ba29hjcv3,0,0.9628869891166687
10,b7efeea5ff94a281635ca2f0f7e8b3ca4zykk,0,0.03385826572775841
10,e5fd2ebbf5bac9ddc73ce524e1b33c3akti0q,0,0.03425465524196625
10,05c6b93bf8f083b2d0a03ffc0fc3524ba8fi5,0,0.03738528862595558
10,c0d065cc8cb585f027143f2ebc6b49f01g1wr,0,0.034658994525671005
10,20a2d48ac3400228e7a0296aaa596a0fvckdc,0,0.03830341249704361
10,51d2e1b98b7a1e42b939637dc6e11381zu201,0,0.03656837344169617
10,061690ceb6004807b7906968bf382dfcbve7y,1,0.9661110639572144
10,2819b8b2295f272f33f8e76fd344ce6bywj1p,0,0.03559720143675804
10,9393cc68d0357d7b200a94fdf93ee3cf7xg5l,0,0.03617926314473152
10,0318e0a173f7c65db40116b903884c854x258,0,0.8855223655700684
10,6767cffbe2c0957492aa451560655be3hjd6s,0,0.1343543827533722
10,8cba56e5e7c2be942ea8472b73f0842fil1x0,0,0.0379655584692955
10,84c4b58a1491da3a30710bcdf61f87054xfq6,0,0.043641895055770874
10,dd7292cdbc81ebfb87945d9ab176d679gepf0,0,0.03441137820482254
10,e9c8ee7f783723fe8496dd35232d88f2or1r1,0,0.2998303174972534
10,3d48fb12020c1a81a65fdba2d75caf0d6q2nc,0,0.033653631806373596
10,272a9183c10d9e80eda8ccaf6682db71203nk,0,0.04556762054562569
10,9c223f867c65938ce8623fc41bec08485xddt,0,0.035382550209760666
10,10f1460119f9e42bcccd0f68ef59cc830pwtq,0,0.03391295671463013
10,4b3e6a8a52c413a32f76a6d7a84a54bb8gb0t,0,0.03343243524432182
10,4073de52fb5c46376dc3cac6b2f2cecdxyqjg,0,0.03543182089924812
10,2db8669a6d21a5c8197d4287ea32b7883gv5r,0,0.04399076849222183
10,6393f55c093e04e6e608e1ee8be9c3e28omjd,0,0.036905448883771896
10,aa7e36069de119ee3ad7c4d8c925fa3ekrs4i,0,0.03537895157933235
10,9d98d3f00a0c0bddf35470b0fb735fcdhiriy,0,0.8474650979042053
10,4882587d42b3d7d8d7bec4315203f10bl2fts,0,0.03706168010830879
10,bc7722baf876d0735ddc885691eb687bgz365,0,0.03462668135762215
10,a9062f1d7c589bb01ee0b330ee8791fc702il,0,0.8230080008506775
10,34cc283e180fcd4902ef8758714c6d83th4nf,0,0.03801482543349266
10,a283eb484c3245e5b12b18daccc075e9g9xk4,0,0.04910571500658989
10,73d4cec0ad358d272d757e0fce8440d01fvw8,0,0.03788570687174797
10,b1410ac124aeb5ef6b06667786feb742tijnw,0,0.036779701709747314
10,d38b2db568fb71174bf883554bea939ccts4m,0,0.04126881808042526
10,3128932859bba46f57cdd19579c42e05lif6h,0,0.033012133091688156
10,48044b1b1f47f168864bc7c4a58a65ecmt187,0,0.035104960203170776
10,4c2af41637c123c78074e46a22526298vol9h,0,0.03770487755537033
10,3d48d4b09fc7559bb6c129fb65c133808brgv,0,0.05304626747965813
10,1cf0d30e0bf9f4a536b1fe16ecc26cd22j50c,0,0.04527531936764717
10,86151544b29ad273209ec4605c257b089z588,0,0.034212201833724976
10,a4630d8b78c796441a1be187f6907b11c5eu0,0,0.035408902913331985
10,a1922a9ee4f9f5d03fe11816c2cc3eb9ivcbp,0,0.03655543178319931
10,d645e4b8b043a18bb1c8689572ad4fe16q3np,0,0.035769764333963394
10,f9ab998f3adb944a1cd1847a097fbc0bw61nf,0,0.0356106162071228
10,0c5992f18244e24d2d7b4708a512378729eev,0,0.9591568112373352
10,e4264fc4dcd5f917ceb002d860441370s054e,0,0.03535446897149086
10,18bc9dbbed75b55f35ec4be1351b7aa86an68,0,0.06373877823352814
10,abec779131ec6bd32f5e32ed0f274400ekljo,0,0.03460666909813881
10,bd0071b98d9479130e5c053a244fe6f1muj8h,1,0.03696583956480026
10,dc87cba6dc8717e219e9fa9edcd10ae4a2i86,0,0.03645078465342522
10,0a7446b63f183a4928ae762ed6cd1c4b894qz,0,0.034127429127693176
10,f19531503f1485a3014189a80971c6fb0d9fu,0,0.03499460220336914
10,e561791343f3564a6fc612a98b5f3df34rxok,0,0.03857583925127983
10,8acae9b2e5454fbd92fd0b3d79fe89ad6w2wp,0,0.03582552820444107
10,5b1bc916ca111874eda3bbe669957cb1d3mck,0,0.03393372520804405
10,b1c2e7ee5c69722df6233541ad5e784eutiv2,0,0.033904727548360825
10,bc3b92a81586cb726cbf4d5b418fee41o20sj,0,0.04964395612478256
10,44c38c27b9de757c8c7c05cf07b7e3eb14qpt,0,0.05368213728070259
10,1dab9ffc5c6bf06e86e0dd1b3cb9ebecn5pu6,0,0.06452447921037674
10,9ba7cbcf531c20ef7cc55a6da5c0654evwt1d,0,0.040405482053756714
10,c8d3fc73c1a41bf92a5e4982eb6cf78du8gg5,0,0.03531177341938019
10,ccc371d7848a80bc31941248b9f49b95hn694,0,0.04210057854652405
10,260568e07963ce8351f3313bd7b9b0e2vonva,0,0.04921770095825195
10,213a7fb31eef8b38a23ad6b0bf2c7fd0dx3vk,0,0.03564414754509926
10,511a640e38bf03022300f5503cceb2cd3f361,0,0.042394667863845825
10,d3ab33e9314c95d6806813171f292299tmprm,0,0.03784790262579918
10,2fe472c1be232dca314d4bdf0fa95165rjv69,0,0.0643875002861023
10,bd29e36cbb063cbb96ece76680ffd9121dy90,0,0.03575383126735687
10,d2fe98eb0fa21252956184a98138c58dwp1ah,0,0.035321194678545
10,5c2b3f221cdf303df86ff1ffd7106fcco6pml,0,0.20671427249908447
10,339b8ca3185dcaffbc3ebdfd960020e8es0as,0,0.03482086956501007
10,cd35a3230456d4a245806e476c63e9a1evu7i,0,0.04838817939162254
10,ee5afe7f268aaa88598545df890f4e5fzari6,0,0.03680741786956787
10,613fe9b896ce3801e40212b3c8a8053c1e8nj,0,0.03522953391075134
10,23f9a0e1492c4abf375823266ddbe36bzukj3,0,0.03717726469039917
10,84c7bbdc12233f88f35c2c3b8f178803ta03m,0,0.03386489301919937
10,70c6727cc40fdc6f752b28102f31a38b883io,0,0.03691869601607323
10,42025aabb56a61f3bea90d27b283b517dyk4t,0,0.06272425502538681
10,99ca795998fb781a42d85f1abeb50482yzffz,0,0.9488097429275513
10,3105d663ef3dff7e483a46c56580a9f9kd7f8,0,0.1178785040974617
10,a32cce991a2f597f6e5a02605119f99b1dyq1,0,0.03529767319560051
10,0817731a4d2e319f6f771da3f522b8bfv6njs,0,0.9636845588684082
10,047558bebab9292a5d4c85d6ee768784j2hdd,0,0.9272134900093079
10,dd76fa7a75bd0e1921f71d255a8e0853l4lbi,0,0.03679386153817177
10,3043fb0b4a1904222f640107f84d6f799tves,0,0.0369928739964962
10,3ee7de4c5a5e31b7b407827ae1370f70suenu,0,0.04752613231539726
10,4dbc8d336dbe0241c9bbb0f3630f25059yo43,0,0.03981228172779083
10,5bb3c3ff71ef6560c7600c512128ffc8js7py,0,0.051365241408348083
10,6feec0741a319299c78c47040893399ebas6q,0,0.03620031848549843
10,f3bb3c26162cfc1b8c3636a7ba126010na3n4,0,0.9470347166061401
10,95efb775460080c0da57e154f27876d75xnsx,0,0.034830886870622635
10,d092609f5140c62ec64ddd7615c25792qgdrd,0,0.034828078001737595
10,6e848149cabc4434155aacb610fb20de6vq5b,1,0.9607662558555603
10,fe19fadb955fee4c5fcd0e30e56e1542kx66p,0,0.03720103204250336
10,36f52ad1abfd307b73c9b69cd5197dddmmxgr,0,0.0356314480304718
10,9e25bd3696b4e1775de205d2d4698a0df4s14,0,0.04194241762161255
10,c2f592fbdc8980229367e1db4d0f7a51my54g,0,0.03415180370211601
10,8d638f6da12614d6b369249410c3d278n8qme,0,0.05199924111366272
10,9375e98d0810ce9119ccf45300249636zfpd9,0,0.03539886698126793
10,1c950af57581698616bd9923cc94fef25n5wh,0,0.03473665565252304
10,92ce3c44edd41ad3222481daac1ead35bouwj,0,0.03445422276854515
10,b729f60d26fde89a01f3fa89759d6b07t0ec4,0,0.9593514204025269
10,c7c854748038ddf37b8a9c4f5a28073fsut8p,0,0.03428731486201286
10,bcda2135a2456d611876679b61dac500vs7sx,0,0.03469119593501091
10,f5edfebe95b4f637d1bcceb892b73dc7rhn7l,0,0.03484485298395157
10,9685887173cc2e1e5ee3993832a4b153bfl9m,0,0.035564690828323364
10,5aeb71cdc92fe5d1c4a4e127d7ca7783gzje9,0,0.03849869593977928
10,6ed39d7c89fa2d423017cc9811f0c469i2157,0,0.037632010877132416
10,d92c8c2d4c29d4c785431a8b34ea135awepbr,0,0.035461943596601486
10,fdad47d27b793b74470086c35333d4fepycsl,0,0.036306627094745636
10,83aa7c2c8c018888d9ebc6daf63bddb6f2i0d,0,0.03660443425178528
10,1214fbf35079e7afc0a35645f8be8b218fd5o,0,0.03343243524432182
10,17b41c48d6f53585c7bf3b65977eada0yxs8n,0,0.0342874675989151
10,42e631af9bd00e5e816f08eba3b102d5ch576,1,0.2231815755367279
10,49eaad86d095aa5af75ce34e59e4b7f1mmf9q,0,0.0346992164850235
10,e7cf764619380e5303089f04bf647f10thebb,0,0.0349547378718853
10,ec3b2ff6f725e847f93285bc9d2b7b3dvcd4u,0,0.038837529718875885
10,9ae9782ecff93ddf1c6fa13d711b9fe1gc266,0,0.24159295856952667
10,559bccfe60c7193963f09388fb681ea65k7dp,0,0.03729432821273804
10,90fd7b3c991701dee376daeb09a0a5b7kawse,0,0.033650677651166916
10,7259271b61d2f05200eb2e1ab1d2ec911jlaa,0,0.03425205871462822
10,96b7bb4238e7ebb439d81d63db4c2796aoofv,0,0.034648869186639786
10,18076726ec814a6f56da2cb9ea89d105j8vpm,0,0.03543587028980255
10,a7bc17dfb615eacffe397be5b2c2f3a6r0bb9,0,0.06992834806442261
10,cad9c97e99bd5753be98edd9ad8ec8c8c7r66,1,0.9653213620185852
10,5771ce26e8b0fcbe7e90106955638b251qj2w,0,0.048185136169195175
10,3e9180fdf158409adc96aceffab6e00bejjah,0,0.0370483435690403
10,e90e4701234b13b7a233a86967436806wqqw4,0,0.7735013365745544
10,0825d381aa09d1d0c47c77c372f07acbe02ky,0,0.03346288949251175
10,95af80db42edfce4e937550d60d79561punym,0,0.055425725877285004
10,adc548d88b9a307ce0b58a0d11d3ae14gcfon,0,0.037609394639730453
10,a96039c7cfb1d040ca978ec5e66ee2c0sb5ht,0,0.03598456084728241
10,3318a824cfbd3d3d177ab7e9520b21cbsrcgr,0,0.03493984788656235
10,26508777dcd84df59b467a60d9f18ca1pvvbs,0,0.03357570990920067
10,f069e2e45ce316168a94b972c5b7d6b0f342m,0,0.04426249861717224
10,591ef8d73236d150c32716359a61ff2auk6y6,0,0.035630594938993454
10,121578435bf4136746cd2a80f1990e07cv1px,0,0.03543936461210251
10,ca68a41b3a4062f154dc1ae8456cd792d6kp1,0,0.035735443234443665
10,eea79e1bfc21ff1b9572213e540e1252s5iuy,0,0.03354068100452423
10,870932eabebfc108296437c303db6055kc3t4,0,0.03605012595653534
10,c0e3343070766b359c664f93ca65040b6bh2k,1,0.040265098214149475
10,d3f595832d80988c2016aeafd125d8f072r4h,0,0.03768007457256317
10,f8f87e237833c3279a953b785653b0e5qka8u,0,0.03612866625189781
10,a0420d3961adf890fccf4b43899708f6h40zs,0,0.06138157844543457
10,21c5f4fff051adecaf1b080fbf910ca3dvi6a,0,0.4071217179298401
10,655a95d80489d145052254616787cb84fwqid,0,0.03671996295452118
10,1dce9aaf9d6b9cba38f9c7489764fe30nlrq2,0,0.03553125634789467
10,1df5be644b8963750305092eb8ec878ayba4x,0,0.06379976868629456
10,5c2e85ba72b9e9e16f77939fee7ffb5eivaqe,0,0.03536991775035858
10,4f57e657df5ee5d9207178b4b6858ddak9ouq,0,0.0379314199090004
10,fa64fdb8ad70e86efbfc31179e93e99egd27l,0,0.03341568261384964
10,a3d0a600cdb44f03d58f27b19247cd0d4az4k,0,0.03755698725581169
10,87c5fcd8d9582701469f94bff3cc415dvq4ia,0,0.03511420264840126
10,8bc48bc2cd0ee494e55470a7ab0814c12riuf,0,0.04753052443265915
10,baff2ce04381eb1bc4747d557bf52208vqmby,0,0.036852989345788956
10,1ba9422d7a55aa5abc3ff37d1cafa9f2yds7i,0,0.06737477332353592
10,cd9a7b22d85c35845260cd61a4b65cb2meyel,0,0.040984369814395905
10,24029e6b641077ab7b9a1fde11a42666pkz6z,0,0.9593436121940613
10,36473d4c641c4c09c20c80e2ab35a36dwzp5d,0,0.03621802479028702
10,2b2ee7d0ebdf910833b5cb173c567881jt8sj,0,0.0531618557870388
10,461b089147eb78c582ca8a30fa7581a7mflo5,0,0.03498859703540802
10,c34e1a988fb471e9eb8a5e84bb8ddf90k4hng,0,0.7070078253746033
10,6c0030ed696c4156b6ea3472374f6b54s4ih4,0,0.044559579342603683
10,50dd191676497345cc95d8b9f7284a7371z5s,0,0.037679143249988556
10,25f59f9da43b6806aaa125fa61974591sacso,0,0.034212175756692886
10,a961ba95d1685705953ace49a29424e2ld1ek,0,0.11306101083755493
10,45e4c7fe66077b5b7b338f19f476f9d85jlk0,0,0.035247553139925
10,f781d7cab96d95bcea507cdd43b24255pw0dv,0,0.8588777780532837
10,ff181014a0d7bb534fb9a35f22e24fe72m1d5,0,0.046317726373672485
10,a945c65b19da56d0c7358d8858fe14e8ulfel,0,0.7393730282783508
10,6c021878ba6173a04d55bc1cf5544ac1f3t02,0,0.11476782709360123
10,88acd2e23ea6817d9d9fc28f38a8d1aftqssz,0,0.04291091859340668
10,058a4e0ac0a20f504cc9c6aae2a896e6too9v,0,0.03813507407903671
10,6cfd573a82acda92e8207745bca28aa7lqjcm,0,0.037531133741140366
10,a3ef8289a92196b07e2e7371bb111e3aom07k,0,0.03670612350106239
10,0a9c5e1f261c937c09817ea2d5e949f34v8oe,0,0.0371733084321022
10,445eea09a6299164f60dd11f23276b44rkt8q,0,0.07151752710342407
10,2012c722a90bc47f1abbc8319d0cea51p7l5b,0,0.03775126487016678
10,7bad0fc50ac7d249e0a3d8b83f68e855fcnxu,0,0.036826636642217636
10,3e0bbd7d75cf543a56919ff5069b31a9gcbql,0,0.034837041050195694
10,29db827ba14938954c90cefe40d26fe1130kd,0,0.039927929639816284
10,9372e27ce85a8c8b9460b87c37cf55ecqjjkd,0,0.04594235494732857
10,d7eefaad31febe607c252199a7672420kl1el,1,0.9660399556159973
10,96f31c5b3baa8704096cc8d4301b4c96i6fyp,0,0.03512095287442207
10,4c341a39553faef07ddb917ea4e069ed0yi3y,0,0.03450653702020645
10,a8a81bb8a3a35572bd1f9922f5a31217pw41k,0,0.057919301092624664
10,e134f2bb79d1a810aada6a24760c8910mh5na,0,0.036963820457458496
10,2993e59bbbd7d14bf4bc21e4d2a4f8eeb18d2,0,0.03613341599702835
10,fa6bfb4a2156dc8e73a713cdab85bc4bmcmwr,0,0.03779344633221626
10,ec86220eb6ce57c91a02a7356b342599jrcut,0,0.033556658774614334
10,8bce581a91921adaa5fc20e627cd7b94l6cp6,0,0.03572729229927063
10,c67ecaf47f857f37f63ac0f4b9af3249wwdtz,0,0.03715461492538452
10,238808859d7752579a415e89a395500fh2o65,1,0.037587154656648636
10,72b21fb7cd32b1a65bed8a12eb94a8b7qa7rl,0,0.037052005529403687
10,51cf4dc8898554aedd8572f97a95ef5cpi3ct,0,0.7176842093467712
10,29013ddeb60a18f7d3bf9f3aaaebae6c8651o,0,0.034280192106962204
10,16e2e48cff6faab74e1f5c47669dfbbda7l5z,0,0.03448434919118881
10,7ce3afe39ece9d672e9adcf3dcf2aa44a8r22,0,0.12713001668453217
10,f0e1c483773c2ef8466d152874872139e0wcu,0,0.03538082167506218
10,a124589b3af5a212406c0306584a9554fazi4,0,0.034490495920181274
10,8b4bcc98fa4666b22c7a17c9a4b93ebenlmlb,0,0.03673448786139488
10,20fcf71ad6fbd43f6f5fe493a6bc3ecfextqf,0,0.035761814564466476
10,6b0d09889ff4889deaabd5f15b3b34f1jxl6v,0,0.034503716975450516
10,400e8b5b5447b4d11e06a8bb0754d8d6l6xoy,0,0.039694949984550476
10,0a09adcd35b5f26d75f251006affc747drfu4,0,0.04138897359371185
10,35a02f50226eeda275b29a09acef2177k95eb,0,0.03504972904920578
10,6ab75792932fb1ea6fc74a18edb7888c2orvk,0,0.03546857833862305
10,98aa09a7ca13559a9e2a43fa2ba4d2b7klwin,0,0.034890808165073395
10,4483201dee43b51f338c0efd3b13bb895tric,0,0.045059386640787125
10,6affd6d2976aa7c48dac70612fc8e31ddo7j5,1,0.9608557820320129
10,683833b860c003e6c31c521c9cdb49a1kr6b4,0,0.036855168640613556
10,6faffebbde541edfccdb2725e430870cbkvo0,0,0.03564594313502312
10,4985bdbf8710c33fd7c9d4771db7c690mcbyr,0,0.036949317902326584
10,0eeffc5039b27a4dc2e420eca75b1fa55rv5q,0,0.035775743424892426
10,a8a2547a9153038fbb9fc66d2425d9a7efr68,0,0.03700884431600571
10,bf190f2cffc1a77f0957f8cd1c98257dofy08,0,0.9303660988807678
10,106f4ed8e9b727f8d94a1cd57e882a095pteo,0,0.03989190608263016
10,9d33ed2efcfaddba0307d12142f3041ce731l,0,0.03380225971341133
10,95ff2833eef5999a4f3ba4a7684d2b26a6v9j,0,0.035826217383146286
10,403d9c0288bab462bae858dc8aff2f94ti9ma,0,0.038063328713178635
10,b2968116361fd43589bde8eca72c5767o71qc,0,0.03970694541931152
10,bef84146ac1e2f21e928e06ede1404793bfnx,0,0.03681417927145958
10,5201935b289665a197e38f747882948fjt867,0,0.03804846107959747
10,33895230e0b25b5d3133d502ef3ecabey84m6,0,0.11803130805492401
10,1982c4b164171180d480166feae881ecmxsgl,0,0.03463605418801308
10,1ea558fc18eb1b3ed7759a3aed7662d3p77wq,0,0.05249638855457306
10,bdab2be5a94c6380c60b902310cbe1b6rs4iw,0,0.03831696882843971
10,13c4c826516304555e291d3d91c108b3ytpmj,0,0.03640223667025566
10,4cf9c56df4594860df56285e9293a7f7evfix,0,0.034631285816431046
10,460e932b11a1529d78246317757899ccfaxng,0,0.657598078250885
10,74149197c8684977e397ab60a6a264836b0lv,0,0.03614956513047218
10,210ae8381324c41f7b49e95f1b7aed80z55df,0,0.03918224200606346
10,2106dd7866abbfb4e7c68067d7eb9bebflq5d,0,0.8859541416168213
10,c9416e793bd0559bca3ad4a5194d4cd1k8eyc,0,0.0353371687233448
10,9ca7afbb673865b01cd4b02846054fc1p3vjn,0,0.42150911688804626
10,bc3d08ad6ac94b8b5ce40a29b59899cakj3p5,0,0.0487770177423954
10,c46e21e01a3f4987e00109d1d5f48acb1q72y,0,0.03982848674058914
10,942563fa6695a4b2f76ab6ff3bd58030i75z7,0,0.03734464570879936
10,78830493a121b8b6917d246ec73ccb4anwocl,0,0.9646052122116089
10,078e06b3288cf8f18ab7ed44b245fc56nbyfv,0,0.03604695573449135
10,4694d67c21e9a2edd614e717aa3f4dd2e0w93,0,0.05348530411720276
10,46f1d7df0a8ffcc10c3de0dad8979cabgr9ig,0,0.0346713550388813
10,e76057d8bcdbb3d2f935c30849a17e4d7ordt,0,0.03520224243402481
10,ce7d34398a6d6011bcd96ff0aa82b6674hxzl,0,0.03585747629404068
10,cca4426ec6d64f3e73294d4d5bc9719beud37,0,0.03446194902062416
10,ec96b5b27dc870c8f59ef11b7371b06eenaox,0,0.03343461453914642
10,d110111b8700f290b5d03a0e243fe375r3woe,0,0.034961093217134476
10,44bc1c87245aac66d176620f6ac9611ddbcil,0,0.036839332431554794
10,583ce05b5add00d9e7e5dcefb3c436f26d7c2,0,0.03343243524432182
10,43c76d050c9d2509d85c9dc2b1a1dba4zb3qt,0,0.049389470368623734
10,4731be79b5c7e894dabe5986e747b97bd6yxh,0,0.040331363677978516
10,4ef4b3e5727dc85f18aaf00ff9a1e936qyhp6,1,0.9022089242935181
10,c65d2236a70982d628454d19472ce26eltxgf,0,0.04711960628628731
10,d31f6cdaf4f8485190b4ea588f8c1733y6qu9,0,0.05664944276213646
10,a25f4c6838b83e0fcba372300c23c2537k5eq,0,0.034526098519563675
10,6b28baf315d41017844e15d645bb2c05ybt3b,0,0.03803491219878197
10,fc48aad7a51d965595b59550e08b94c670k7w,0,0.05572620779275894
10,acaec0b9f72bf4ab4318f3244344589b3700a,0,0.035319529473781586
10,6a3b1ee159716b743ddb8e07e499fadbhqn74,0,0.042483460158109665
10,4b72cbc9d9ef0238bb666feea6d79e718qry1,0,0.046979811042547226
10,de717bfad3ccf44a93f39e7b43f3b227cuu5o,0,0.03475278243422508
10,37bb1697e1c3922a06c2d2ea4138a4c8s6wgk,1,0.9628509879112244
10,c2e1242ad5ea781923a08987d55365c69fii7,1,0.8196542263031006
10,8254276e772450c5365707cde76efa4cwuzpd,0,0.03792877495288849
10,6d1354e720cb9ec90e19e29f5f895669qh6g6,0,0.03764352947473526
10,25331706aa2157419da068e93f3989feyo7a0,0,0.034944526851177216
10,6275d51c0324547faa8a87b499812268tl90r,0,0.03445810452103615
10,d2f0217aa734f025ec008d24d13eca10ntuhf,0,0.03789985179901123
10,79cdbe82ec79d0e60f1b113d9a5bc5b4ar8bk,0,0.03507860377430916
10,6ce47fddd94be5792190cad9d972a5c4oyjww,0,0.036437395960092545
10,7959bd565852dd880cd31278fab3660fuaqyw,0,0.03475925698876381
10,15b1e719796dc894ecde30f160e7ae20hrmmh,0,0.05057039484381676
10,caf32bc98f84a47829e76ffe104371f6kphvc,0,0.6556538343429565
10,c83ee624c46235430ad4338278f6d270wfzre,0,0.03503403067588806
10,abf6c2cd31be1630f5a7a1219935011c3rkqt,0,0.03495137393474579
10,86e888c2dafacf13580a1211abf50961w6foa,1,0.9254488348960876
10,98c12418158dfb9494af01308ac2d0588gfw2,0,0.03410133719444275
10,e60b306c01cf0c0be5c7d54facf927044g5d2,0,0.03936373442411423
10,ccf30c9533a66f22f1c65910ae1bac1a1fs05,0,0.9595543146133423
10,054b51d059fe981ca8cc4e0d4c49aabb5mck7,0,0.08267508447170258
10,780566278695c3771f81afc605abdffa4143q,0,0.03676307573914528
10,920540ac4168ed08a1e297395a68d718gsqdn,0,0.03683976083993912
10,70db4530c292bc759238b8306ff4ebb6n4l6t,0,0.03500831499695778
10,b4495464d4503ccb8e696994059983c89g4lc,0,0.034291546791791916
10,bb4af76ec92ce75e8abe9a6a481d4314jyo16,0,0.06162064149975777
10,d927c987f8a4ba2dc4f38dadc0831100tt94p,0,0.03481800854206085
10,f895a8d9d7974b3ee7f1f04a25a950e9v63ps,0,0.03350478783249855
10,ddc6dc00f416ce10f23b57ebf758c2eeawzjw,0,0.03637728467583656
10,6da04647ce16d0f00051dfeaa94d3313ox30y,0,0.03336850926280022
10,c1c22607e7899ada525b74e757d248ac2b8ac,0,0.03698787838220596
10,120c8b384858420c4e46e354c86f4ca393w0i,0,0.15858568251132965
10,7d063aa96e7a065ed5ff9deb7c851bddhrxdj,0,0.03439069166779518
10,022ac3a7ce986049d9a4bede83ccf9ddctvg6,1,0.9648325443267822
10,0a9d614009139236f198ddb4759a498cen5ix,0,0.038243409246206284
10,bd6adbe79fcb843aeb97546947af1236kbg7p,0,0.034206632524728775
10,1b7c070ffb2c23c1d02ae5bc5d817d06qz4xb,0,0.03589325025677681
10,61e4b6ad0fc268d42c330ec99fd8c939yb7t1,0,0.914179801940918
10,0589cf78c4bece729f0ac620557210e13no3n,0,0.03549560531973839
10,ba6811273d4f63d9a31937b71b0a22dforovn,0,0.9503609538078308
10,2b5c4051f232c4848dbbb477c5ad7f389f4b6,0,0.05991847813129425
10,3e602dff2e3bbe7a52236df2294c9e059fc2l,0,0.03386429324746132
10,e5736d7f8082d7d7fee8430c0e2279bcdmt2a,0,0.0532170869410038
10,15f34e73687d7361ac0d780737fca261g2s9n,0,0.043747060000896454
10,d81579750b388276f2d8f6d80384f499n13l6,0,0.0361425019800663
10,369515b3af4f8ca582f90271d30b14b6r52aw,0,0.03581083565950394
11,7eaefc97fbf6af12e930528151f86eb91bafh,0,0.05498296022415161
11,d1be739798ba0745a1fd72ac918a9f1929hei,0,0.0533139705657959
11,b37b352197594dae96bb9219bf59d656oz79f,0,0.05844733864068985
11,9c509838d129fcee98cb3934079ca36asla50,0,0.06166170910000801
11,99acffc3cd9bfcd00668dbf472a1979350mxk,0,0.05502944812178612
11,0b68888358a492884e3885bcd73ea63bhxidk,0,0.055556681007146835
11,2c581ec91825362ab66a7ffa05df5e70hl3h3,0,0.057455796748399734
11,d6d3daba4bea632d7f5a4e2c5146f109dkd4m,0,0.05997946485877037
11,1476226300a93d22b15253ed7339429a7ijk0,0,0.8818142414093018
11,975dd5178d34453c1c3c8edc47cf44274uv5s,0,0.8794524669647217
11,98783b6bd490f32f56c315307643c824nimw1,0,0.05336826667189598
11,608d9b68afb12c6c27da6c6565ffe8297wvco,0,0.056714218109846115
11,8abc7635daf75f9fbeb63783b7b8ccd5rvuyo,0,0.05245841294527054
11,5686520af5a4215a239418fec906f88e4she5,0,0.05417753756046295
11,72bc07c7241e1856ba31609d11501c91cswlb,0,0.05492876097559929
11,91dcfc10da696a6d90966ff795751708er5fp,0,0.892910361289978
11,85be8fd21f41bc3dee86597d272825726bp69,0,0.055571265518665314
11,59ae36080fae26bccbbc31a4505b6fb3v3zjy,0,0.054924145340919495
11,dadbcec8b02ac75c5935f419b318ceca1wwjw,0,0.054902467876672745
11,96b90af2d3eea4d3b2bc725e1c92e212qu52g,1,0.894904375076294
11,8e1f8e5907b3cc256a2a57ae9ac81e063gbz4,0,0.05586424469947815
11,02bde521e763e4f4e590e8368149e04a96il9,0,0.05707339942455292
11,87aa94042390f9267d3b7d90e42b022ek5mbu,0,0.05424932762980461
11,9ded76c5244a2116a3b5432fa265a800j0bvt,0,0.053759731352329254
11,53691811bd992911edb9f5f64f49d8f5luk1f,0,0.054902467876672745
11,577af9ccdc29dcacbbce0f36b7c1ff15btljp,0,0.05489964783191681
11,f5a67722732675f6285b70b9f008665fq01bk,0,0.05478901043534279
11,3073231f45ca50ad6830d4dc7261f283iwjjm,0,0.054333701729774475
11,efc61ad6db17265a4bac85f77b154ef414tpp,1,0.05404288321733475
11,dc52611b1a2c84c0949da5af9870d57fj6ab0,0,0.05359678715467453
11,671fb1e314a1f480ba9ad9b5a1cf6a91w1k2f,0,0.0553034283220768
11,5106dcca581b63cf2226110a9048ee4846sxb,0,0.06126195192337036
11,b27db6c048fa41b496dfd3423226bb0923yfv,0,0.0549907311797142
11,68f092336430866db606f137c57c87e0hw7aq,0,0.4360155463218689
11,acf06eabed56f179cf32ab60b6b076820ajls,0,0.05356224626302719
11,19353c42feb91a216885fe012efdfb11s2iu8,0,0.0532924085855484
11,17eeec8676ad56bfead1a9406277f41cnev3n,0,0.8680030703544617
11,2c72df02de4b36acf72ba549630808612ol08,0,0.053722579032182693
11,8e2a43abb8fcd8ef9801c69fc04bfcb5kyc41,0,0.8766013979911804
11,cf22da37578048d2e51eca1e544c693cke5t3,0,0.9038743376731873
11,f63ed13362ce1c80970ba28a095c2bc5kfgmr,0,0.051999781280756
11,4955e2c318d0bdca797ce17794ba18fblhaau,0,0.9075226187705994
11,27809fd62bebc89be450f9dcbdd25ed8il6z2,0,0.24204109609127045
11,e561facfea467ea124df0111e041287ctvgwn,0,0.05614922568202019
11,4741959d26f99012b8a6a3e3954eae40hsy6j,0,0.05491701886057854
11,33031f476dec19fe47c0e3a051a68e992hmwv,0,0.056297339498996735
11,5948bcd0f773286ff7d5cde332c7ae6918jt6,0,0.08256378769874573
11,d6ebcf2149c311d221b233b268870b3d5gfe2,0,0.05204970762133598
11,6a76d66f035914f93ebc725a0998b399r4gdq,0,0.05479894205927849
11,d6d68e218a6cafa246ed31185b09e1e1fsu8x,0,0.14960350096225739
11,929b75b44585b34d2b917ec181ecbcf298fr8,0,0.8766939043998718
11,b5310019f2bbbd975c64dc11189191022k8tj,0,0.052306611090898514
11,908ce7060337fd8550760a100921f6f7wsemn,0,0.05707339942455292
11,08515611e73803dc6d8c562b8514dfb5qi3z9,0,0.06492416560649872
11,354baa6c4764a5bde013ea3f7edc72552r3oa,0,0.920126736164093
11,b9080651d16e3d6d2d83e1c5debb55b0qpwbv,0,0.05500248819589615
11,20662832566daffac929f803f0c236eaperht,0,0.05501781776547432
11,e18e3d0fbfba81cedcae619dfa977875p10ta,0,0.054508693516254425
11,ead2ec4563ba25a9e9d417f1964b7504teqtp,0,0.890316367149353
11,a9237defb0a6478098f242b27ebcef18qrotd,0,0.055327024310827255
11,96b1df591dbbf3a002578574671d9ff1rmzev,0,0.05707339942455292
11,037d9f10da403d8d5f94b6e2957a3702f6x07,0,0.8660790920257568
11,e0544483ccbafc4842cba7650677d043n2e5c,0,0.05751609802246094
11,246c55639cf85c682d58cbd2ed6a6563vk2yn,0,0.8335413336753845
11,01349288df20199905e719f0ff7ee771nwryj,0,0.051390305161476135
11,c5dcc8a649adae76ce01a3fa85b68f237ny2r,0,0.05183227360248566
11,3a8124eb9fd3977e43f5e0762d9a09d536rob,0,0.054375845938920975
11,97b002c9936e63a1fb9994a67615e84fft019,0,0.05532034486532211
11,a74e3962ca26514976056bae3c46d579emz6y,0,0.057702355086803436
11,10c1e1164e3f8298df9a35c891f67babiycsr,0,0.05378153920173645
11,c9056fc0cade75299ed4438567a87d6ek44pt,0,0.05479350686073303
11,0b450f2827ec670da34be66ec2a520213xcuk,0,0.054222434759140015
11,bd0f0c497ef09b5c1bb18b330d932bffktn3i,0,0.12100774049758911
11,6a5457f1038c6e1cf9feb57529ce07b2sff4d,0,0.05259479582309723
11,6c55d253787acf5210f7d785546db80dqtleg,0,0.05806165188550949
11,4a2d5b70f0fcec3ad9d8ac4b447efd6f3vs9c,0,0.09244617074728012
11,f2bf8c94172c4d71076e151cb4e136007iiur,0,0.05432003363966942
11,ca0c049b8c37c99ef93b6086e9947135onppq,0,0.053626202046871185
11,79c18f0460f9bd86bcfb25da96d91490jfuxv,0,0.055012620985507965
11,3106ad6371a3b740e2af90635a4ad966zeu1u,0,0.054617151618003845
11,ae45f9b94d86f931c84c94f3975e3d7bkv2r0,0,0.8491576910018921
11,d1f000f475c502ecd2e993c52987e63ed3k7n,0,0.05709800124168396
11,a8a5bcf248e1326b3340c88e057f59e9nlslq,0,0.05493677780032158
11,39f9dad880d32ee607af7571ec24807bn1g2d,0,0.05383269116282463
11,9ab3bca29dbc32070cd7f729ea55639a350tu,0,0.05423104017972946
11,b46132a554a2a3b93efc5a9352036e6crl6sk,1,0.06446642428636551
11,644e284380171fa793695a91b6a12c28jcwku,0,0.05239008739590645
11,67d245e38ee756947ed395fa099807fchxv99,0,0.05372191220521927
11,20d08c7edbcb4b4ac0214b664ca5bb9cprntj,0,0.06347164511680603
11,651402deb28af3e3d1ab9a6b88314b591uuaz,0,0.05325298756361008
11,3ddd3eba016fc11b07c8a9ecb3fcc2975bkru,0,0.05490177497267723
11,f01d8d55568b1f54b6946a1b78a3983exkz5u,0,0.054791830480098724
11,65d3cc1725c4506fe02be3e2b24435bbbd6qf,0,0.05490122735500336
11,45927dd51fb4301c459ab96d48f64752q0o9e,0,0.05368241295218468
11,7ce12bb499c156ba4513becaa42aa8c143v75,0,0.07588305324316025
11,7f603f668968facebb0567015ad4c201kikrh,0,0.05397021025419235
11,9ebd57da79b9286fd67a53e61528cf63a1w6c,0,0.05375276878476143
11,3073d007a5b42b827cc770ecf4805278xvvzl,0,0.052344560623168945
11,ff566c87f2babf3dcd67be286e1c6666cxzh1,0,0.05506877601146698
11,56cfe8b0d574e1df3f823c2cf32226eff52uw,0,0.05548383295536041
11,ec0c9e98cdf302274974ad212477f851iw35b,0,0.8657991886138916
11,1bbfbd968c065ff5dabeffe311bc3ddeezbof,0,0.8689945936203003
11,4703c8940eaa3f3bf5082ec2f155a8619i1yw,0,0.6330075263977051
11,5e8bf58291656ddd5fd2f71825565446aiopv,0,0.8775137066841125
11,9be87a4f123366660d7f6d40ffa493a8ffpsj,0,0.05438104644417763
11,662b66b1227816c2f9017cadbc148381alne2,0,0.06233301758766174
11,84bd02dc56fb7c3402426ef7e8e166e2ptwo6,0,0.05522536858916283
11,42cce5c657dc7d99911d950cb22fcb4fmzz5e,0,0.05393495410680771
11,8f6f7baf33fe2a5206ed3ca88446a99bmq453,0,0.9174948930740356
11,b1729d5905e896a8411f81bb65d66343ladls,0,0.05370169132947922
11,790c497536a2a9fe080c3b2ee6d5eeb9caiv8,0,0.05452132970094681
11,8d8f705595701b921012777a281a553622300,0,0.05324196070432663
11,be3bec53b42be118ef2a87fc40db7311k4as3,0,0.056422945111989975
11,06a58d4af0fe7ee15324b0e921e8de1260vef,0,0.8599522709846497
11,cb9a75312b809291306c6213ed5dc67dw31qz,0,0.8829763531684875
11,9aca61f505f40a3b4f7865c2d00e2418s0e1f,0,0.8706176280975342
11,d7340ee3c04e600c31fd2a34c760f7e7d26bn,0,0.051724739372730255
11,d0b096df6b5ffd2efe8d5cfad4a24912zs3dd,0,0.0533374659717083
11,b0164d9a18a3cdf6082e96f9708040690qcqf,0,0.8222797513008118
11,8720f071e045d4cec9d707c583a3d64avjyyy,0,0.0569336973130703
11,69b32dd82f265a04826106d17e2bac9ao9fu8,0,0.05325491726398468
11,fb7c9b1dcc3b44dd69e42a84406117db4t4mn,0,0.05052101984620094
11,cbc71ae3c3690c89485eda3f08b9bb51rqrxz,0,0.06132759153842926
11,6b85d622dec4fff284d55895eba9969dqlhu9,0,0.05483783781528473
11,7c965df16147f68263573764dd257a7bxqmpt,0,0.053888797760009766
11,060ac64ff78ae62e9bc697192cebea333760p,1,0.9251043200492859
11,1dead8a9cc54fdcf7a7c16dc6e06a3bbusgcu,0,0.06722144037485123
11,2d113999234e06201c0940286d405453wqjsw,0,0.9018094539642334
11,055eb52087e0080b8ebca74be4f823f5c819l,0,0.0549282431602478
11,aba1120a5b13cf72c1d52c0dac8aafc67nmoh,0,0.053312573581933975
11,936d73a062928a362901f0e507d57b0a8rjs7,0,0.1049659326672554
11,9f101e80580cbff55a2307c028408a91nebzc,0,0.9137394428253174
11,cc78aba7eb8293a1d70f083bd747fa1450906,0,0.05490046367049217
11,61a4da78a5aa5bebcb3e9818a46771766gtq7,0,0.922120213508606
11,6f7043cde57060a6766b551df5fa6fd9p3ojp,0,0.0539073646068573
11,84a773b3c9d300834d9d57af5dc83091y54cx,0,0.05471251159906387
11,af5d33f9724b0e8c1f875406c0556d1e6eotm,0,0.881325900554657
11,52d8066e28f168e5bee769559ead307e1go7e,1,0.8880564570426941
11,a6ec153fc7002cfd929b9f7199914cf75upgt,1,0.8755185008049011
11,655b88e646b94d0adb9e15e9f3b9c9a4lvcrz,0,0.0868043452501297
11,03a1e81cb7bcd15014489a6f752c9d5b7pvel,0,0.9184206128120422
11,d2704c8bb6ebbf13e08f37131382b126wy4yc,1,0.8696852922439575
11,89c8eefbf6f83543ce0792d1e4b86057ti16q,0,0.055589914321899414
11,916aedb8fd708e100318969dfe57a4639hexd,0,0.05425894260406494
11,84d75f71a61667cd327367453b4c0d2frury9,0,0.0529387965798378
11,fa6b4da229eb64b4d44e7d5ee2b027f1j1whx,0,0.054902996867895126
11,d2fc5291537a61882065e571c21e796975uy0,0,0.05678213760256767
11,46ceb58fb7a57d86a26cfa154c940a8cuktu7,0,0.8835521936416626
11,0141844fc725a85e38e12cc02fcdbbe8ofqxv,0,0.05458775535225868
11,c7ce5ac2fe5f03458fab59c78b19bf7c9wzf7,0,0.05499152094125748
11,39802378690e7d0c61d294f5898852b96hsfh,0,0.05496064946055412
11,0c57d8eaa2708b768416ca91dd8daa2cqbl31,0,0.05070806294679642
11,361397432ed35185b5a2789867a859ec42v14,0,0.054257139563560486
11,90eb8151eb82441b084d04893151619837abp,0,0.05539019778370857
11,25b58d1533e04571bbc674dab28973f8hha3w,0,0.05279738828539848
11,dc9a7ebdb6fb8dd3267ac26dbe5a62b68e4vw,0,0.05707339942455292
11,c72012c8072e2441b3ba8173205cd298cde8a,1,0.06102211773395538
11,d95c969eb09086bbad373dd8ee80cacbuagvf,0,0.05726907402276993
11,173991472d4ee18932f8514b9d4a9dba7rjqa,0,0.05451662838459015
11,06b2d71c26ef3b6e29277f761cd0db90wuwjo,0,0.06044793128967285
11,eea590b4da2709c294e8db490f5997eadyc1e,0,0.05502521991729736
11,98eed7cbee9b1a1b526a635648e7cd2fhbt5w,0,0.06093639135360718
11,23af639c0bd57bfe9bcf3b16973d58b7666fe,0,0.053126078099012375
11,8251041848182e6468c8119905a177dekmshg,0,0.8485511541366577
11,3e2e03a4464642627e223fba066182d1qslv5,0,0.05753644183278084
11,d9b611dab3b5116f761747fd3166ecec80icg,1,0.8930100798606873
11,bdbcdf6a935f4d1781a2d33bcc4967130bdqy,0,0.8467879891395569
11,ef89b74b58c49c1a321d3d7ce061d151k51xm,0,0.061616960912942886
11,1ef47d501d4b36498b51e184b1027981xu89r,0,0.054493412375450134
11,a15766d8d3d231f862996eb3ec33559735a3d,0,0.05459222570061684
11,7d8d3493942dc13742444f28626c5839axjqd,0,0.86461341381073
11,a2b4df001b0e40a398f6d4ae9b316c0eix5bh,0,0.05185772851109505
11,f7e3635c9a532fb9a60d6eda6eb7c7de3uqs2,0,0.38108929991722107
11,4d6580da346435dff2503c55ee5e0cf8wbkb3,0,0.920089840888977
11,5720c8d7bc15b94037cd75ff9496a35evugeo,0,0.9100391268730164
11,2b5a7c969ae95b239583f09936560b85g574d,0,0.05349126085639
11,b7630ee9a73e7ba6f11f7717b7f03ed4be2hb,0,0.904323399066925
11,e9b27622a64f2eb9dc7559d43bc45e31yci23,0,0.05187559500336647
11,c1624207d78346c3c58cd44f3d5472fcriae4,0,0.05469062551856041
11,1dec9ee102b29905e2f59a52fb7429826e8b4,0,0.05635426938533783
11,e6f73230e0fff1d9a6b1b8a6617002ea9owig,0,0.052054502069950104
11,ca5730b8dad8f35fba24b68c9ca5d445mp87i,0,0.05301769822835922
11,a6214d8bf07127661f322afa7c8dae91ypizm,0,0.05464936047792435
11,309f446bdb138faeb18072285ccd9901gz80c,0,0.8638735413551331
11,2635d404f4943f3dbee24aa16a2953c723iwd,0,0.05240644887089729
11,89291354b0939c342be97fa58e018bd89fvcf,0,0.05229447782039642
11,613c7d60152ebf06e3a7dd326ba03261mnn8u,0,0.05261846259236336
11,497ef6187e03fd9d4387ac436461a40f982dq,0,0.053413212299346924
11,c9a97c18992adb02e6c2e6a8f9cc1daa1di5k,0,0.05392987281084061
11,aee383561c0019dc01552bfa5263af8etbuc7,0,0.13003283739089966
11,08981037e7a6c9032716ff25b15c9de25p63s,0,0.8958061337471008
11,6182daa56cb0623719228c9e576b71fcpg8r8,0,0.8723991513252258
11,4af5e2532224f9f7d1d039704573d9205jbkv,0,0.8946770429611206
11,292dedb5371b8e0ebbeea57f14b35713e2ie2,0,0.05472094565629959
11,2b19566f190ff3b8a85884e03c64fb56ir8a8,0,0.054962869733572006
11,c478f94c1323552e85aec6e1013ecba586320,0,0.9211345314979553
11,d3920630f4891b9ef1a8a199ce5c830aua4yi,0,0.06086469441652298
11,bcbd5c95680cab78cf904fb936dd03f86g19z,0,0.05652886629104614
11,44d34926c0863edb7575b819980e0e728pn5b,0,0.0549892783164978
11,b853c1e4d6a4657d35705772ca6cfdc3qtox5,0,0.05493669956922531
11,a48837ccd05bca96ddbf02c55ecccf639adk2,0,0.05311497673392296
11,b1e106943db37b1d002bcbe06b264b8bahuy0,0,0.05414949730038643
11,c5120d10a23eb0c10d56a19fecbf9da85t4ow,0,0.05415794998407364
11,6e178db6d17d21aa88aaca5bf15c2761lc500,0,0.8579796552658081
11,f4294bb3abb69fa3183e7e851b58b278k83z3,0,0.05490150302648544
11,d863897264a7e52d9c6a1be6dc453c6c9anz0,1,0.92118901014328
11,67d6466d7f4a32d294196b8c16ee0b03kn9tf,0,0.054904114454984665
11,c1d14f4355b7d3ef80f02628e5ef1d56u2510,0,0.05491884797811508
11,86e698821a8aada613bfca1356d8cb7dopnv8,0,0.053804732859134674
11,bf8de839c1a8b7994d19049667548e4ewchpm,0,0.05383393168449402
11,5ddf9ae899e629acf3e78141a9712a05a4feq,0,0.7786654233932495
11,d056594c1d7976b6ad4ba23e2b4cea19l2i0t,0,0.8727372288703918
11,2b429b9235bab2877cd93ac6d9fbc2d7tzwre,0,0.8835839033126831
11,3919be53bf4bd411ba25acfdc1362b49u4vle,0,0.05492560938000679
11,1e13eba969b6b953688c9e945544ac4741ilj,0,0.05448238179087639
11,461c1d143120270fff5ebc1b91934951378ud,0,0.0549827478826046
11,ef1d71dde32e587e761a1b39d5b374c7gk68y,0,0.42440932989120483
11,5324221d38a79636bc4560cbcf2d75c4gimrm,0,0.06200654059648514
11,977436b0a445fa555d537fbf1d4bff2e4z40h,0,0.05707339942455292
11,78c82f2e8764bc8001354128f9265efcqrthe,0,0.05473749712109566
11,daef74294e84ef6d7e009c2d51be6ee167xds,0,0.05197979882359505
11,4997f0d7074a1d9f8bedf5575b6a4372w7nro,0,0.05501163378357887
11,d43189c6eef7a763b2f8596228807dd89x9y9,0,0.05437418445944786
11,6a31ec9cbfe23a9398e80403859f0402cg4ql,0,0.054585862904787064
11,a46025d61131de18474aa6f167e04bf08w9x6,0,0.16815125942230225
11,c58ffa073b3b3deb4e993ee5dd05347cmvfur,0,0.054727841168642044
11,898419c2d011d5a822e9ee07c387098ezpc12,0,0.05483132600784302
11,59cad1329d42bda3d678bae082bee7edgvt7q,0,0.0571725070476532
11,08c39ef7252995e0749f7927249b8dcb1d3xh,0,0.05497973784804344
11,9196288f121946095e5c402fd326109827t0a,0,0.918270468711853
11,fb200accdd0411e96f1b0f6d6f6d4f52rgk01,0,0.053717076778411865
11,e8f3ce0b2d0849968400b63b992cc606psoij,0,0.052255529910326004
11,fd5cef3fe1217c6591500c715d71717anczcq,0,0.05279870703816414
11,2d73ed3974473a764859084d51334440k5q7s,0,0.07011762261390686
11,8a4fc219f01e1fe6d4328b0a47fc54905iv05,1,0.21025383472442627
11,9349befb45c4869b68e82a1944f4f01377cpz,0,0.05765380337834358
11,2cc1c5bf18c858fd9c74901d8d80ab70ak8e0,1,0.9242061376571655
11,bdeb5eed17a812d2c47176e30b8553ae2k06g,0,0.055091556161642075
11,8a958e0092f6ca984107ea6c3975f806c59m2,0,0.05403636395931244
11,d6fd864297177c38cea65aed8a45fb7bbp2e3,0,0.9004958868026733
11,98e6dd2906ef1f7c13284a309f6b160cb2ujz,0,0.0591915138065815
11,2f9a7b01fcce94499a59aebfac98fe1ezsk1y,0,0.052757468074560165
11,05c9fe8f8852ea069a93dfe39fc0571er9mdt,0,0.05769932642579079
11,438e53670ffa2990cdef656700bb49bf684fz,0,0.05450417846441269
11,57c4421263d37c2cd2573cd7245a7a80h0mjf,0,0.6411287188529968
11,4dd7f98cfffffd6f4707fd0deb4a00b5rj9wv,0,0.8622542023658752
11,02cfc97e8fded77671e71e1951723d5fwz6a4,0,0.054458536207675934
11,c435ac9dcda855341e667d440c2ef7c6nd3mg,0,0.07086772471666336
11,ba0ca6f98ed66bdd1c4e86db2ce4011fdk6ii,0,0.8763863444328308
11,9df0031595e4105e4530ceee1a08faf319vvb,0,0.05611678957939148
11,053cefb7e952bd81d7a6db267a121747te7lo,0,0.05503414571285248
11,58c2b44923882a8252963e78886adaefh7hnm,0,0.055038932710886
11,ca5d4f0a3ea342fdc45c3325e5311049e2uis,0,0.05869085714221001
11,0d9f78a6084bf15f42210bfeba95621255c89,0,0.05359243229031563
11,92f8392be617527734a2f18482815af9ak8l3,0,0.8152291178703308
11,e4433ef42008dcff761f12b9ade6fd31krdwv,0,0.054615966975688934
11,e10ae48cce1e198f7283064cc8a2f836iy0z6,0,0.052359748631715775
11,ba194af5111cfcf1dd95eb36160c728ds4kcy,0,0.053129058331251144
11,afb7618f9e3fd071d4ebedf396e1d45drta96,0,0.0891297310590744
11,1a05035da8ea9dead1030ccc993b5284n1on8,0,0.05490271747112274
11,a027780df5d0312919d41edfd4947f27odx7t,0,0.8809728622436523
11,624ae2fe9394700eae7a35806e4bafaeq9cty,0,0.052613768726587296
11,2cbc26f228e0556f268e0dc1bd9ac0a5lzdfh,0,0.8490421772003174
11,6f6e3687f67272b103351641b678225abarzw,0,0.07978048920631409
11,8cab09b069755eca2b4e7fd6f6981d7d8n88o,0,0.055284999310970306
11,ee45b2475e453e69ce712388959fe4acspmvk,0,0.054392989724874496
11,ff92ea4abd33ed38601287f0e1d6726dmgx1f,0,0.9197755455970764
11,46a28eaed47c29b4fd148a50cde44840u0bsn,1,0.8551697134971619
11,7b22c9a323baf4a7bc7a3761e4a30bfajixmt,0,0.053301554173231125
11,e578807073c57556ce334044382a9b98iaz6o,0,0.05897090211510658
11,d810a7956e4d9fbc246d585ce84e8ea0750b2,0,0.0545937716960907
11,2366cd7cf3df530ef4fe40b36ffb936fyn3rh,0,0.053808968514204025
11,c89d56c06803b8c6316a7c906604c64939yri,0,0.05298811197280884
11,e0a9e4ffe2acd28599dacb91c98c34bc66vo3,0,0.053373564034700394
11,cf18f6766fadce944ee74796489c23acmqhpe,0,0.05336049199104309
11,b9fd0772481bf459179a3b4ab49171693im97,0,0.05388273298740387
11,b17ce8bfbb565945ee9f289c2ddd8abbu1ndj,0,0.28589901328086853
11,a262e805f766306f4adb38211abf235akxqh8,0,0.056370627135038376
11,20f206d2656116bed8dd46d5b70dac81lbgfk,0,0.053527265787124634
11,96982cc1eefd6f526b512755151227c3h2w3l,0,0.05316108837723732
11,f219cbb3d454b32953619d5a4551f56dcg7gy,0,0.05541440099477768
11,6d033ec559ea79a8ffb90d80e0b24e93j82av,0,0.06188438832759857
11,fb9b1e58ffba4b38175c11e03e51e1f48dnm1,0,0.05344093218445778
11,bf65e77ce8676fbab6fc78b70c50f05a8da8a,0,0.917812705039978
11,d9576f0ba8c7479eb2b26f0d15c4abfayk5ex,0,0.05395817384123802
11,721e69fd30e33488bf82b7e2f9c8cee28a9ea,0,0.05483731999993324
11,ae37c0f4dc6e3d99f5b0243fd18294cak7pxy,0,0.8567010760307312
11,e8b82b8640ecdd154eebe6b36ec63f0bdwhc4,0,0.051975782960653305
11,0ae09b09369c76737cba059d192451001nwce,0,0.05986832454800606
11,aa1c013a1de168c611560ca2afe78111g8i6s,0,0.881043016910553
11,ca9e2287e98a718e20a8ed117dfcd699gxsp8,0,0.053236573934555054
11,4038ae3276c0b47f420a5d73687fb73bghgxf,0,0.09147732704877853
11,437c191e614776c1535305f602ea9033sdfmf,0,0.0539049431681633
11,76ab7c99de4a3141bf617bf30bec9feep3zuy,0,0.057278137654066086
11,d4db72f36e6ad1668dbc0bf4f0e1c49bn12a2,0,0.054988615214824677
11,52c441804b89bc20e4c8dd625bf163f27o2zb,0,0.0574052557349205
11,cf1f2b6f29840e1ecbb31d18fb128c38bseas,0,0.9204176068305969
11,069d020584a0e8c61e622321d4c43881j7pl3,0,0.054876454174518585
11,e61c14d66cd5693d93cb0356d7f444ebinx9i,0,0.3916071653366089
11,cc064e3409a1825e3c4e5c814376f140qxu5l,0,0.053374625742435455
11,1bb7a8c04e70386f5496322158e9fc3ef6d84,0,0.09370497614145279
11,7b31d9d8b5e749cdd2c300cbcbb5f875kjlsz,1,0.9095130562782288
11,8473148f069a890b7323fe8316861a71qoxv1,0,0.05500536784529686
11,0030a2dd87ad2733e0873062e4f83954mkj86,0,0.06090014427900314
11,fae553f133602fba6e9e6051dfb27fefkruax,1,0.9038828015327454
11,6e8cd4699eedf0075cf5662e1fff3a857bycf,0,0.051346004009246826
11,75339aea3f29d7d9a8d67ed3fe1c89c3owsq5,0,0.8801717758178711
11,e8bc0150097c1b2b8b8c374b69e0d3a6mxfcm,0,0.05672759562730789
11,0ea26a4028ffc16d9a8631d43e1b92105auao,0,0.18606118857860565
11,c8b23d6565e11d874e221f41440ffd25mrucd,0,0.05227893590927124
11,24a9abf72cedcb421e831c1be26607e37zojy,0,0.05415303632616997
11,825226b69f2a5a8337ca611b38223989aumow,0,0.05342027544975281
11,e12177ff9c1a8413996f7b1a590980c82ofeo,1,0.8689019680023193
11,cd8f738dfa2ea0554baa3dfc4465cdb8izun1,0,0.7767316699028015
11,f75a0f726d764514f612ee8cd8f65adegt02s,0,0.8672040700912476
11,fe27fe0815883aa3e1a312f0dcb45981txa2m,0,0.9132080078125
11,3714da7069a5205137cacf89ab3a136ffx2u2,1,0.8917585611343384
11,7ffd9b7b795d9335153d481fba4b3076plrxc,0,0.05396062508225441
11,7e8650379cbcb3ef8f7f6aefcd678067kzbdi,0,0.05426863208413124
11,55d9cdc3af85efe87b2a6f22a2cea96ezy2ax,0,0.05531786382198334
11,317d3e44b2bcfdd7293b84f82f44b8e31hx1r,0,0.05477815866470337
11,fdf908d608a629d5ebde14819231878dojel8,0,0.05245262011885643
11,d144312f2f68dc33a63b7863911b2aa459i99,0,0.11097951978445053
11,1456b44d8b2b16cd94278137269ceb11ns7wy,0,0.05406203493475914
11,81392b54fee8e50ec74efb27cf0de8e32fdm5,0,0.05572059005498886
11,65435e491aa69dd9d44d70a9aeb6e847oqlty,0,0.053954966366291046
11,110d2e689da119388dcb6e235749b787ni298,0,0.05872932821512222
11,dbdb69d0032b0a251469107dd565b6c7irr4a,0,0.053406909108161926
11,e5bde35da4abebe4fdb37a3c65124a57ff4vo,0,0.05473552644252777
11,91b8febfd1f556c06838992814e7653cr119e,0,0.05223458632826805
11,069d251f2fc19102924468ab38349d5eou7ab,0,0.05146028473973274
11,d588f4c51e67a340d1991a8130ee0b56hy0r0,0,0.8769922256469727
11,f3d3c913b225bc6cdb98c60f0936f7cbj8k3a,0,0.054441727697849274
11,53856dce9187b16f2cf5e4e58f5d0397h7tz6,0,0.05771636217832565
11,c843f90bae7231af13dd0e064a469704drz2x,0,0.052956607192754745
11,13812c0d2c8c474bd62481d932407687o26kg,0,0.053591325879096985
11,283987b9f1ffd4514757483ee1f01351xd678,0,0.8589276075363159
11,3dbb502d9d6f89b26f62cc804df54dcandhp0,0,0.05461593717336655
11,baf1aa59ebedbacea2ca418c5aa83888imys2,0,0.056050028651952744
11,da00b16633eb706fb11d55868120cdd9so58j,0,0.8380477428436279
11,eef111bfb93c213c174947c69b2f2b38cr2pw,0,0.16405941545963287
11,c910efe1f135b08acc32b2db162362033olvv,0,0.053409479558467865
11,d381ce07afba12851a815cdf8858c1c7g2pfh,0,0.8889997601509094
11,bbd1d48ef4e8e7e3855938755275ad2b2le9g,0,0.05238949880003929
11,34e965deb822f329ecad42b94e8ba0ba3dpt0,0,0.9212515354156494
11,dfa7ead5ef84eebc79c67d3daac340b0exa41,0,0.05443821847438812
11,8fd35d215ab6530c2ef096c87233cbc93juwy,0,0.05424110218882561
11,67a1b129ca241c51d0abb5484f8eb3fct8o5c,1,0.8867847919464111
11,7114afc59caf2cbaf6ec1733922065f3uz34p,0,0.057518161833286285
11,949689cced5d86578e6c8b664ea76d6aq6zxg,0,0.0549897626042366
11,eace2a2890644d703c619fff7e41a9a16k7lf,0,0.053601790219545364
11,90bb553b65144cafddc3f3d4a7783667a06ga,0,0.05493590608239174
11,c128bfe7aba668d71126d51b32428c01tkq99,0,0.8979450464248657
11,698da938f6fc36305616aa6f8affd53fobj5y,0,0.0925409123301506
11,2f9ea407ba48ae05f98fdf634995d936xefau,0,0.8891972899436951
11,cad151bdf2e29b764dfd3acac022e5dcy8n83,0,0.06564830243587494
11,a639448bde9a72923b70917e82594fc66sa2f,0,0.059009771794080734
11,83dbbc6c5c7ed95048ffa9427d807692339oi,0,0.8883946537971497
11,5cdd665a22747394620c17b7753947b0xgzhw,0,0.05288690701127052
11,ad590c59c30187b772258a059d532db42tf4d,0,0.057065993547439575
11,e588d3f7a141147e4f8dba29377144707vupo,0,0.05472787469625473
11,9dc039dc57fd67bd9e7157f4f697ae7eloov1,0,0.897387683391571
11,7ba17b1eb362ef91a99a6f021b3f2b63uyo76,0,0.05672303959727287
11,c36fad0b52a6be6ec32cc5530c0a2aednea6k,0,0.853173017501831
11,f416aeaaafcbb66aabb77347776db008qw96o,0,0.8539263606071472
11,22e65b6bf73fab510ee814cbaeb9ebc1252mu,0,0.8885289430618286
11,177b031b4a77f28ff167b427ca967b52jetgo,0,0.057689450681209564
11,f29896e71c8077db28617a03c0f14e7570emg,0,0.05358211696147919
11,75613637a85df9328b743d33b0efbf1586qow,0,0.05430223420262337
11,01f498a0992d280de63ec346692efb2blckg2,0,0.06162822246551514
11,28763f241cf0483ca1dd3aa1bbcbfc37xntso,0,0.054933588951826096
11,14c69cd7fbc8300876f287520c493fc8xe2o6,0,0.14376096427440643
11,e49dfe2adbc4b3789f67bc044c231473clc4d,0,0.05884997919201851
11,7bb58b7875a093cbe7c5d487a825b730mjcw8,1,0.9162593483924866
11,4089a2b7f26e5c13a7f3350bd52ebf8fh21nm,0,0.8914293646812439
11,b4210edd4ec9bf872c7108fdb3c6aae9cjwz7,0,0.10274000465869904
11,771f6754997a1954eced81d46348b4762k475,0,0.8843293190002441
11,65f52b46edfc7fa64b9e74557a78e52c1it54,0,0.05481255427002907
11,b1c9bacacf1f33a8fe48d1a4ae4c761bcltiv,0,0.6656253933906555
11,2a73f10b3b8f2b825e220ba0a1d2c49f9nikz,0,0.05466728284955025
11,f473c995ca7b5287f9b2f079f0d78a1e92226,0,0.8812609910964966
11,8c339df2050a428c04a1c2bcbfe4a143loj8l,0,0.8221715688705444
11,b3dc6151c6813688d0423dbab13d3f19crw2w,0,0.05398203432559967
11,537f38e5fcf2656968e0a1752dd494ba8z1jc,0,0.05431576073169708
11,786cb68d5d2012dedaf70257449090f2hfb88,0,0.05306020751595497
11,d154075c75cbb3f4b716a16c88eedd774i8s0,0,0.05714539811015129
11,fdd6944b3c3caaa7d1234ecfc11f8d080h90x,0,0.054073840379714966
11,222d3e39d4a292d79aeef4c04e52aaf24mgkb,0,0.05861780792474747
11,b9cb81e5855add059728cf932f0624fefbi2t,0,0.05492221191525459
11,5db8eed67a7b648d1f2173b665b79de2vwdlu,0,0.05972547456622124
11,5640f30464bb5a7bc6e98fd2873fc25dh78hp,0,0.057452600449323654
11,6c11cc7744fb52a632306ca8bf966cd1e4zxx,1,0.8965566158294678
11,b08034d2d4fa400b457d4a59a2482e8enfhqw,0,0.054182857275009155
11,0181b91f58e6cbaa832235e2879c9c00ovrzi,0,0.053935326635837555
11,03e884d3e7e3356608187d2345e4693fyt29x,0,0.05454818904399872
11,363ba0a2afea1b074fc1ed270c86050byprz1,0,0.054658450186252594
11,3fe1dacbdaf96fab0c213e218968c518twu76,0,0.06510400027036667
11,1dfb637157cc0e590e50d724cd4cad6d4cacw,0,0.052191369235515594
11,53e2d855e008a5c2f79b4b848d467b86nofo3,0,0.054902467876672745
11,efa1611e96c3238913333b8525c6a196rvy38,0,0.054626550525426865
11,aaa686462ebb950550fc1c6136ffb273vkrc5,1,0.05802962929010391
11,b7e0afcd391a22444eaa566aa527eec0x2yv3,0,0.05343181639909744
11,65d8228c6c1e5b6042f397afed8a5c7cbo6x3,0,0.393172025680542
12,624f258b49e77713fc34034560f93fb3hu3jo,0,0.05113711580634117
12,4ab12bc61c82ddd9c2d65e60555808acqgos1,0,0.05401407927274704
12,25558d24bca82beef0f9db4ba1fe2045ynnvq,0,0.04724183678627014
12,0a6ba32afe4756995db2f5cf2461cddbvj445,0,0.051578935235738754
12,585e7c21b80baf2225224fe140cdb1a73ddrf,0,0.04565170034766197
12,25d75fd439571c1d9b946f5ec833786063vom,0,0.050579678267240524
12,067ff22ebf0d33fe0deedc816d75973865jo7,0,0.9593621492385864
12,11a38554244f3c14de043aaf52345c35jjqvo,0,0.44529253244400024
12,d878560888b11447e73324a6e263fbd5iydo1,0,0.05459463596343994
12,eaaae0fb54c7d36724a9679c3128d5a7gn4k5,0,0.9201059937477112
12,322addd5687d99bf69306148e12f87dc5jbsh,0,0.04600459337234497
12,2a7d1f9483d34546c4d099e36e3a79790qvjm,0,0.2018904834985733
12,342f22fed8b1e90c6ff1a6b7bd80f6334w094,0,0.05193713679909706
12,c0e1ecd40b81bda3b7dcec501334499dgzq17,0,0.0542779304087162
12,5f50c6187a179e2ee7ba2fbcfc845c7a1smgr,0,0.049241989850997925
12,68d468e15e0de0bab9694cdca8e799eb2j8kn,1,0.960273802280426
12,f60edfe5177cab56896a9d6860995095cl1bb,0,0.047266922891139984
12,481fdbc92e77bba4c9611841a7d74071elwx6,0,0.05221283808350563
12,792edafa0603516a57932e6103e9dd54ajar7,0,0.05318347364664078
12,fb92fc925c5df50f4da7874a7542cf2210z1f,0,0.04599476978182793
12,927c5e145de79f9ee2ada0ddc054b4e9hc3qj,0,0.05566073954105377
12,bcf95b210295831ff6e20db3a570f909n3q25,0,0.18651631474494934
12,2307bb06855a6fe75ab56ee6b4a3860835di5,0,0.053151022642850876
12,f769b9f92260ecf046efd05bf9ab6822j7c02,0,0.0457083024084568
12,da6e2a5651b4f44fa3cff41cf9731ff8qc8fl,0,0.05439259484410286
12,0cca10034c58287ee6fbec14a3f96c3546sdh,0,0.04864084720611572
12,827da66b68b225547050c11df16f845618ptk,0,0.05371415987610817
12,21580623ea81c5b0b82aaf74890218e5mio2z,0,0.058353226631879807
12,d0231e5200b870c055db7e3daae24bc8lt7at,0,0.04573526978492737
12,bff9a98b73f2b9a01300d3fd3d55b16b1190o,0,0.04302667826414108
12,6086425310e05e77a53317490e8c1f3cxzf2r,0,0.169673889875412
12,d65efaa8129a85f85bf909e5abde8c3628gfv,0,0.7906400561332703
12,5960fc711b544e2617d0f76360b69e2afds2b,0,0.060317397117614746
12,d5f997729fd5a0aa13307e027804de515jziv,0,0.05514160543680191
12,5b25a86acea5ff395bbd62399bb5cc9bb7h6i,0,0.04534691199660301
12,ca76df527977e5168e1b3352cfab2ed9htipb,0,0.05386435613036156
12,22fb740f267ac617118261b2fd3365batisfg,0,0.04764915630221367
12,7264bde42ef4fe3fa19cc7c6d64696cf7pqtd,0,0.9412252306938171
12,3d9910a238a0f282ad3132dd6fc981c8tv3tg,1,0.9578863978385925
12,dd661e2d6e79a5b3e66c82373d50f3ee86k85,0,0.049241989850997925
12,db83d746ba8e0c388805fa3fcb235743vfqmw,0,0.039627641439437866
12,01c5692d487454cdbe731df330bef608f48zz,0,0.04818267375230789
12,3be127c56b2de21dfcf2836f20afe249hqkxy,0,0.04619096964597702
12,1053ead33eb1a5db7c36c979a455348abh9ns,0,0.048816192895174026
12,1af4685cda2979a608c4b6ad83473774qgicn,1,0.9003449082374573
12,e909515a6ae94a86027c717c4085954akbpt2,0,0.05221373587846756
12,1880a778c9dd0cb15ca1f052308a8e04g7e35,0,0.050220392644405365
12,8ec8add138ed551bd5a9175eae0cb972ie0pk,0,0.045282501727342606
12,6a87cc9dacae884e817de2ee08452e76dx9mn,0,0.05627848580479622
12,e0413f338c43c9d55ba53612d2068f65t4gs6,0,0.048053331673145294
12,f0c356e136831c41884b0732ae3198e0gcy8w,0,0.04269187152385712
12,c76f30b8330b6d14fb872b30fcfd9d57phbsf,0,0.04387423396110535
12,2736ee274114e9440463bde9fbffacaa5xky5,0,0.059840597212314606
12,666e1e141862a646afaa2b71fc7d2c25r1b4h,0,0.05281572788953781
12,e3ea1d5464543a1ef3a9b60394fc4ab6i1jk3,0,0.045556627213954926
12,eebfd257525e52b67969ae9d8760afff12j3d,0,0.050384730100631714
12,3d8cccb637b990ec64d662d66ec059cfn1p3p,0,0.04884755611419678
12,28c9a5ea8aae9fb4f6a755f94cd922361v9ow,0,0.9453519582748413
12,c8d972b803b46212369cf1b480328dcehb9jl,0,0.05133034661412239
12,1291b98e40353f77928e363d54a13c569bhfb,0,0.05771459639072418
12,481db1a88023d22b3533044bff5239dbf3cda,0,0.05016888678073883
12,175a06fdcf622c9455d0a77990b9302dj23ke,0,0.04074802249670029
12,518e9fb1055de6532ed2df6d03fb78feus5s0,0,0.04352990537881851
12,28aa6c505e308e49e586e25e1897ed2axjiy0,0,0.049620114266872406
12,e8e4603ed284adbd252a7a601f9bffe09oq6f,0,0.047742925584316254
12,17c87408ee1009887112745797caeb7fwvqfc,0,0.0512944795191288
12,179a23cad40c51dd7804069bf769d11e1ftk9,0,0.8523041009902954
12,585b938fd44968d0d59fcac453cfb3b8p8nti,0,0.9242766499519348
12,f535b28ad58c83d35ba87fcd46624148zbh6l,0,0.05310031771659851
12,cf456f3c8c409ec4060142acfdabb5bbqpx7q,0,0.04773230850696564
12,40e00fd204d0ce97110032bfc47f423d0bgrd,1,0.7026561498641968
12,db88530db963dab43118aef5aba127ec29abp,0,0.05646033212542534
12,47c5cd21a74e45dd294cdd53041ec0a3dw3ge,0,0.45784157514572144
12,1680f758aecded6e25096b3a6199b38en6n73,0,0.046971529722213745
12,055282b75717345ba6f53d40e9e6d6c56qrzp,0,0.84333336353302
12,d9177cca9a1bfe3478cc4f11a0d57de2p8ahp,0,0.05901917815208435
12,187636e527504df29bf42d4a2b7767e54bgv7,0,0.049241989850997925
12,7b5bd948eb1d8075be58ec9240927bb59ugz3,0,0.050825342535972595
12,570910327f5584ea1ccba92634d89832lo1zc,0,0.059107910841703415
12,a0660fe8a46b9cb6b02e7b0c50eef6a905vt6,1,0.8734093904495239
12,5bbc8f66464ec2d962b0360d1d74bf67imj47,0,0.04656428098678589
12,9ca41c3c062146a06d2682835f5136807yao2,0,0.05346950888633728
12,7f4e84da8ed11f4ea3a2d276f49949b7o31us,0,0.048017267137765884
12,2d82c3dc726d2bfa19c5f16ec3de5023lbse1,0,0.056525155901908875
12,d65c538ae39fc1a7e0677583bba5fdc6ax1et,0,0.9499651193618774
12,e5f43783127506211df8c6290c2ecadbyr779,0,0.055507346987724304
12,cba6f45915ebbd4b5404c6d357153c0adeblt,0,0.04165622219443321
12,5c725e840bcc103bb8d12c54ba9a0b37blxvw,0,0.05158761143684387
12,f18d2ebbd5e48ef4f1ee412339d6ed7adr9qi,0,0.05339237302541733
12,7eb6a5ffc5e8471efad7cdc8927daf677qcf8,0,0.04007421433925629
12,65659f3fbf6207c570c4bb8ac64772e9umh95,0,0.05352701246738434
12,c4b598fcb343bdd2cf826fc7541500e40xtte,0,0.05429506674408913
12,7029915a2c5aa5d964acfd85c30c3950b4opr,0,0.04939722642302513
12,eefb0b863345336dce70312ff0f8faeb9qksv,0,0.055200591683387756
12,88e24a019c32a60f2ff315a9d217ec33q144x,0,0.050663284957408905
12,e24542c1bd46a4a0f98b0fa95d8fc40brecdx,1,0.9573409557342529
12,30ef7862d69b3440ebf2726ee85a0b8397ta7,0,0.05054769665002823
12,f8d0d52114da74d98800dc7553008705dth38,0,0.05041235685348511
12,5b45b150b6b683a98b5bc19c4214f44cvzru7,0,0.051315680146217346
12,01255c2c7c5578c186873422fc00fd7afwk8k,0,0.047962337732315063
12,37921a9d842612b3b0281f7098d0002539xrj,0,0.05214567482471466
12,18eb8d55c84019b9196c5ca7e072b287bv68e,0,0.04891257360577583
12,a4c40fd7a4c1040283fb2b84611eaad240849,0,0.045178286731243134
12,fb6814db96bbaf61f42270a85f0f62adunxft,0,0.049634747207164764
12,eacfdb47b3daccebd9f16779c5542fe5eytoc,0,0.04943706467747688
12,64885ec89a54c64598b2d196e1fe2e351cd60,0,0.05032970756292343
12,cafa845bd657b17eaa82940d4767d9dfe9uxg,0,0.05460839718580246
12,392d936106b75256632c9dc83c4f1a169bke9,0,0.04540450870990753
12,2a4654987b59646a120ac74301339afc4eylt,0,0.05878310650587082
12,a6e261c09ae8aa7d0a47ffeb0110aa519jowa,0,0.946674108505249
12,14f226ef57ed64d8e14c8b5ae929143cgq3em,0,0.04337426647543907
12,a99f91d51e8d9f5786dfa52e24292dfebi55j,0,0.04520397260785103
12,c9fbbfcc89730e961499b4b30ffc4a98umxko,0,0.050600387156009674
12,679d60378d42ca9d3b8a28073fe14fc7bv4jh,0,0.04266255348920822
12,29b8af2fea3881ef61911612372dac41vczqv,0,0.05590078607201576
12,c1434e440370882ecf00ac52140f7adbuy1e9,0,0.0454498752951622
12,8bf04b0a219c7834b25057c0220b4d0dhwdsg,0,0.05349269509315491
12,0e8212e286ee36da8945c2480e366417xa22x,0,0.05318791791796684
12,b725a638efd8d51f66ae2f22ce1df678p9es7,0,0.058181535452604294
12,01067975436d123f717ee5aba0dd4bbfa0937,0,0.05831397324800491
12,1ac788675f70655e71a013892d701e901kj13,0,0.04772244393825531
12,37ca0d0ded383d709676a4f9729ef39cpjfh4,0,0.05371338129043579
12,1b268ea4fe034638a92d683b94bcb330vee4w,0,0.053967755287885666
12,9e9270c06937bfa13f5b29e737c3438fcocyn,0,0.054150767624378204
12,163097c029285c7eefa2d60e474d65b4ap2l0,0,0.04979589208960533
12,44be920e88377290bb204795f05a20369jp06,0,0.04335702583193779
12,f35082c6d72f1f1be3dd23f949db1f577t6wd,1,0.05562213435769081
12,b77312a06d10e22e3caca85fc7fe0342b2adf,0,0.05341022461652756
12,2eaf4eef52d5b17615d08bf77386fa42yotej,0,0.9573608040809631
12,80bf6ab93fbb8316efd5c0b42d4b46c83qrdn,0,0.06000985577702522
12,4d0d345f552877998f41ba3cd1ba299885vu5,0,0.049241989850997925
12,5aae3111e4fab04fa5067c740329a38d11361,0,0.04852106049656868
12,6713e820273f591bdff7d26a48ee30c5k4iii,0,0.7876846790313721
12,b7e16fd4fd9ff04b7d741b70730b7b6b1aw84,0,0.18338848650455475
12,80130530788e55de6e9fd515271859d1kgfsd,0,0.05399838835000992
12,cdf76f38b6f46a3bd396a99123d26909xq5c3,0,0.044131889939308167
12,46c0ae10d60c4fde2b6301bbafecd7b8dcla1,0,0.04334862157702446
12,38125387ec30412c438280af8931254dmvfgb,0,0.048224736005067825
12,4bddcd4957ff826dfd3b3efe6eb96be9aw5tz,0,0.7960214018821716
12,fba0c76970a464cfa9c043c906442f0eg53a2,0,0.05336013808846474
12,f8c42ccd10c3fe515e53082f0cde9a18oxgws,0,0.3992373049259186
12,284cd72e028fe176f935114521ee998c5jsko,0,0.053649041801691055
12,d8ada60e3b7204a104bba8c073136bb40772o,0,0.05112019553780556
12,e2bda091a91082b774d59f2c5b8480ebbijs5,0,0.054007794708013535
12,4761b2fdb4ce610d1d8dd9ea50f478cf7et0f,0,0.05608935281634331
12,18b5e850a1c10e681cb5fae0704a699018x6f,0,0.059401240199804306
12,c8e474ba549fe924bff9d3f585a9943cg9aju,0,0.0558202899992466
12,403640a20dbd2c4bf554e558de137deckn70o,0,0.05040059983730316
12,02030ec48b7179a7fd9950fdf546e3feekkye,0,0.045861098915338516
12,1dfa6e724441ca3c913b3d40967c17b2p9xr7,0,0.04368845000863075
12,f27321571b5b6184e86acb6203c766f2bsfxg,0,0.04032145440578461
12,49c3957287d24e69713e4355933b74baoijix,0,0.05076684057712555
12,59fe751fb6c277016b7ebe3609aa1b15vhg7w,0,0.049241989850997925
12,0ef9be4eb3b6a03ac2945522964b242ap09cy,0,0.046928539872169495
12,359444416c25e6e90ddb2e3d3d0bc23dufn9s,0,0.05973709747195244
12,f0567f6d45c0f83b9874681fe8dfe0ba6hjlf,0,0.0694655254483223
12,a4734769962126673e975a627e930b5fgc79n,0,0.049670103937387466
12,ed5fc53d096bcf1b86c30128040e775334ut0,0,0.1279868632555008
12,efdf59a8ca81c5d3744f9121ac8fd2c7coy3g,0,0.05194554477930069
12,14b2d98230228eab6a6db3efc41660d7kp23s,0,0.050558317452669144
12,b79560ebfed7c8cbcfb97475812e0836twsnm,0,0.05337027832865715
12,5920a92dc2b65e257061017a04eb5361tpa9b,1,0.9530069231987
12,c89ad997f646e388fe375d7fe33a3727dzrh0,0,0.05114417523145676
12,d13cd9e0a7b95c0a35f3456014865230qku5q,0,0.05140679329633713
12,1e3642857c10e72cedaf7890e3c07bfa8ibzv,0,0.049241989850997925
12,45fe4f0fb849e7195a1efd5495d1285f2culj,0,0.05046066641807556
12,414af5edf09c473bde75644b76a68e7feesrw,0,0.041702885180711746
12,14bcf558addd6e6f2818ab2bda7dc679jqoon,0,0.05030181631445885
12,7622d7085237d6b73d08e9d70ed11fe3u8mwm,0,0.05209002271294594
12,8cc03b92898255ce4b096454645599ae5zoc0,0,0.051649246364831924
12,69e97e52dd6428671f46f2ab6567172d8mfar,0,0.05383765697479248
12,5d5816d216122786933fb74c459f35fc0vnac,0,0.05162962153553963
12,8ebc5b544d62622e45e1ee22a56265e0xwwsb,0,0.9446635842323303
12,63e3851eb5e1ee98df1065b333f6cb81mlby6,0,0.047835469245910645
12,de3bbaaa3bbc1fd1f751d23a972916d80q8e6,0,0.04127328097820282
12,8af01eeb860c2e6b1512377f28953110ml638,0,0.05420555919408798
12,60849c6d966f178808d94543173cb93dog4gt,0,0.05285153165459633
12,b416bf88dedd6ccdbc3a2146524500258qdzz,0,0.04844599962234497
12,3df41510a5044de5438015f37dfa3443bt7pp,0,0.05090237036347389
12,85499f83c5f1674c87d0fe77838c4da793u8y,0,0.042549800127744675
12,bfc7a0819397d910db7c24eaba1ed4c68dwiq,0,0.050112590193748474
12,693085cbb28f505f03b025dac8681a3bvfot8,0,0.04294131323695183
12,67616fd2a1de5c46e32041354efa88ceahbhq,0,0.9585626721382141
12,54379b25f1f35d9df78da9cd774cef74u5wt9,0,0.05236092954874039
12,8215dac41ad35a074c93bfcfbc0f908chlo5n,0,0.04682008549571037
12,a2bb8b3e3ae4566203eb5b3021b4d594pohf7,0,0.04634659364819527
12,a6414c637c6f1275e2c62c48fb238c5d5aw03,0,0.050915151834487915
12,eec2ea9d9b292a343f8ee566ba252baapagwb,0,0.050275515764951706
12,d26cca81c93b52ae3564aa6cdf33f5d5mkliw,0,0.04979897662997246
12,8e05310a342aec93aaec69a638e83a96aqyo7,1,0.8613281846046448
12,70c31e8b3476b953648fd4f8775c1950m1uz4,0,0.04851795732975006
12,3550d62e04bd3a1239eedbc29d9c970279b1v,0,0.04654354974627495
12,ab0b0de534bad49af05faa626b88389cmjj8e,0,0.04933324083685875
12,74ae4f7b1692dc42622696303d9d4d763vksg,0,0.04960377886891365
12,9d1506d6779356dda24ed87d41f3be39yn1rc,0,0.05069112405180931
12,c963c2dcbeeb0b7051bd3a6a87483ce6i98xx,0,0.046582967042922974
12,24108e769a15b155bd2d63c58368ae5946zhs,0,0.04974209889769554
12,e2165ff862178c7b2946f7f62f5a3e51wcvaw,0,0.05461788550019264
12,c62a6956e93ac3b56b1292f2c2d85b1fyekav,0,0.049241989850997925
12,5a823474f9fdaa129dea9fa690d51b62rgm7q,0,0.04800677299499512
12,37702159c6cd2c1a21cf66600e96cdc6rdbff,0,0.053205233067274094
12,f3ad2931359bca59c36ce55ba82f9af8enbi8,0,0.046775903552770615
12,e22850afda081aba360cc18e2a9021caqjjov,0,0.047488998621702194
12,a71f9ab1d130394882cbdab3c886f1b0fm6hu,0,0.05573901906609535
12,98ad4163bb0b1abf72f165056d4bf1a1g8ekg,0,0.04797816649079323
12,764234598477e02cbf8a43983fd43850l1c8f,0,0.05125869810581207
12,3a32eb1c6dcc818e0df4953e978f2e89ljhnf,0,0.051362037658691406
12,c08ae3075278ed0d139f00ead52ac2b0oy8nw,0,0.05130254477262497
12,f9753e9fd6e25e0a1ae176ab95c31146iaqnv,0,0.048717714846134186
12,464506515f2ae684bd510b3a50b9121ec7v3a,0,0.09845950454473495
12,171fbac128e6dcb51d0f07cf7ed8bd3er891e,0,0.957707941532135
12,a7c910e7c7796d979aa9a7a31d74a8eaqsapx,0,0.05482744053006172
12,6679d668a393f336ba9d1cb6a154e03aifmkr,0,0.04797033965587616
12,58f590a56f480589646d255d570b0877zcjw1,0,0.047141846269369125
12,a8c2410eb81513da23261a49135e4eeacw6dw,0,0.05651499703526497
12,4d1542974bc322859d3d099b8c5193felot1k,0,0.955916702747345
12,465c4f2ad08cc1e5f7a5e1e3ac75654ealh0g,0,0.05263857915997505
12,1395ca662a02245233af951cc7ad8313vk6w0,0,0.04863908141851425
12,af14436f293c40a9904d9f06a323215bf7zdr,0,0.04837506264448166
12,b9c59dcf41cd0a7ba779154872019cabmohkm,0,0.04949546977877617
12,6429ef4aebc7d1f4027b31a6e900d165nqvyz,0,0.043885454535484314
12,bea63152ca4d99f549999ca57b93d015z9kyh,0,0.045287590473890305
12,86a626c876e7eb4be35f4f0b0a78f97a1rn7h,0,0.0535135343670845
12,8e0462410d727b34290fec10fd5661761yc8u,0,0.04025392234325409
12,e21b238213c361523d276d67f37c05e3qot5q,0,0.05004687234759331
12,424aed9d807cfe0b2167cfdaa4957fc0heell,0,0.04741418734192848
12,ab3e02a6b47b250b738fdb010dc84cd7lrr07,0,0.044530291110277176
12,81c9c749b2c9f97215f3ddaf8b5a5fe1k757u,0,0.04662522301077843
12,9fbfbd8a57e4d4b18338063ffa43f1bez92lt,0,0.052188701927661896
12,a06311ea45de34bf667b79a92d13c764i6aiy,0,0.052693769335746765
12,d3e1891edac2851f6d34de566802cac8m8dn0,0,0.042939502745866776
12,9f280cd011f10593dc245dad1d93b11dy6rg5,0,0.05105029419064522
12,9a5fb8e2e5add29b006d789e4cfd1513paga5,0,0.05316266417503357
12,86a34cdbb975c141eea1854b10dbf1c8seom3,0,0.05095472186803818
12,1d69e006699adba0c79ab06f2f622445nuu63,0,0.046197228133678436
12,47183c1427a3cee97ff9bd167844e65d9dzi2,0,0.04752562940120697
12,8f086b809805064f3c4a5dd48327c0f51yplz,1,0.925142765045166
12,6362c8d61774cfcb6ada7cea1be63678hxkfz,1,0.0621800571680069
12,03aafab9868455b78f0723eda86698ba9v9rm,0,0.9457956552505493
12,7a3378ad9999b1fde0a4562a9b036f038cdal,0,0.049241989850997925
12,ae0dc05e48d0f1e3ad33f37b4400bd069jktv,0,0.0478111207485199
12,c749a25f3a07304b959065d83bbfc5f75u1my,0,0.05196576565504074
12,942af1514033a612b203ec58f7894c9fv899u,0,0.05869126319885254
12,5bd35d55d367d7a21d98bf6a19fc0dc1e5j9p,0,0.05201960727572441
12,a0d080012ab98513e39234e4545e93be17tt5,0,0.05145227536559105
12,2540f8192e425f9fb921db30ac1bfcbas4p6g,0,0.04188660904765129
12,4b32495335dd238db6285f7c6bbe051fv1qoe,0,0.05314045026898384
12,43295f805d813e816fee438d9a394bc4o4of1,0,0.05210517346858978
12,bf6f2ca50a3a6a3113681e754307aa4ehnd5j,0,0.04802269861102104
12,3272e16da807a75a987e26b09bb2147by1mxe,1,0.9582314491271973
12,bb73823b1c3f577402c9aa9eabd1e412vp2xw,0,0.8506357073783875
12,a71f84e476d03bd0b25d45e44eeed9a8efehw,0,0.819550096988678
12,d428139761f7b7563d57bb1f87b55876388j9,0,0.05228178948163986
12,ffc4e2dd2cc08249f299cab46ecbfacfobmr3,0,0.04855671152472496
12,65996114740a63c9e0fde74bfb6725b1k9nuz,0,0.050392311066389084
12,142a2545c5c01937b05ac6de9773f9efgx0eb,0,0.048905983567237854
12,0d1815382b08885d76c671ab600133adeyp5e,0,0.7036187648773193
12,dbbf9d9b1d7fa110208f77a681008077plqng,0,0.04777960851788521
12,7a9519ae09e328b09d18473f96ef075fzrs1v,0,0.04797286540269852
12,12df4a9cf4eb203909e6763960b79238cb0yg,0,0.05343849956989288
12,7639039411fbcc6cf1013b247b2622a72g0r9,0,0.04845742508769035
12,67fd1325fbe3cd75a110cc80b9df9708l0w52,0,0.04064258560538292
12,b86050461e88566061c796dbccb1f7e5at242,0,0.0581590011715889
12,486dc9de91d243625863313adc03aa6bv4s1e,0,0.04513750597834587
12,bd85d0d7fbbfab49136c241bdbe119dbgkuna,0,0.05185691639780998
12,4e22432d4a059b14d1d6a68a1feaa953k8vrb,0,0.05142034962773323
12,25f1a9c0c83eefedfc2c1589e763c2a3is1qy,0,0.051987361162900925
12,68d0de6b2b019e4f93fe89ef3c9d3e21zajj9,0,0.0425155870616436
12,59d96b423ea3ed56611686300b681f3defm4n,0,0.04982917383313179
12,32dd072b16a69411ba3f67992ecc3e2144j5g,0,0.0556357316672802
12,38d9e2e83f25229bd75bfcdc39d776baz5zu2,0,0.947335958480835
12,e833712b1e29ffe74517e2dadcb4f2d1pt5t3,0,0.04070107638835907
12,48badabcce6015d257ff5809761486c8qgjul,0,0.056160129606723785
12,e76154d73bb7d7b86d9bd48d167d3c679z0va,0,0.0504913404583931
12,1680b6a12fdc8c64645c00ae8048f99c6uzoz,0,0.04890933632850647
12,c4709885ecca7b90dea4beb5dabd68aegk2pz,0,0.04471839591860771
12,0547dbd3ecb4a293913f138d60b586fdf4ane,0,0.9491005539894104
12,7da6a36817cf2d8c3be218a32ab25550c8kg7,0,0.04861995577812195
12,c16a9bdd369ed3ec2891c46e64017560fbx69,0,0.04567825794219971
12,dc4efb7e05563288d1f2ac4ca65c6734017ql,0,0.05113082379102707
12,668d393e858e8126275433046bbd35c6tywop,0,0.8408418297767639
12,5e3747785e44d85a41a74470c051e946x01dp,0,0.05687789246439934
12,2cbacd5b066b7dff7e0a87e1ef00e0b4zpqzw,0,0.05443452671170235
12,a679d00c30c269a8eca148458abb8665kciaf,0,0.04672100022435188
12,d5337c2d4b58426b30c8733313eb5247syn5p,0,0.049257319420576096
12,1f2d607e5cc04e790e3961a6432d7c15hn4qb,0,0.05019332095980644
12,6326299ca6a53277b2bcea07bd0b4ba8ktbqj,0,0.04553165286779404
12,aa3ac65055bb4b1660f4d8c1d2c187ecoqvn4,0,0.047064028680324554
12,e704e6fedbe6caa9b434509d085f4c97nq6k1,0,0.053086187690496445
12,5c2d250afe88df6e4ca3ff08d991eb67s5erh,0,0.046261437237262726
12,8a7710ee3c886df8ca78c88120603cf6taql6,0,0.051761578768491745
12,531d4a209ec0cf76c9337b42fb1c3d9c9tcuv,0,0.049266282469034195
12,c0e4be8d520c7bac2f51ad80a98876c2aan70,0,0.05965257063508034
12,7eb7b2f6a914afba5c3d207dc28a93aed9pnc,0,0.04324798285961151
12,031da7aea2d4b75ac8ecba4825bc1318yki1d,0,0.052356354892253876
12,958de49cdd870198543313fcf574d7c4eutrl,0,0.055405668914318085
12,67fbdc4209a1566288acba904a2b5a7ee588g,0,0.06237316504120827
12,c8f537f6bb0aa2d45da541a875f014358qm7p,1,0.9128009676933289
12,d7e83a95a05308d4fae6428bb9073a7bg8aoa,0,0.052674949169158936
12,ba319b8bb68ca6a12086f2410ca7fb3buxsei,1,0.9586589336395264
12,0b3d5f829d18ba30d967fceecb58821c3oeqa,0,0.06534616649150848
12,67ab503313f60aaba89f64e2ce3b459fvyahu,0,0.05637098103761673
12,79794d93380946ef72e95f55b4abc008hsns6,0,0.04423146694898605
12,14fe3602f049d4574cdbdef13789647dsgtqy,0,0.05491416156291962
12,5c5dbe70c2cb05d208c22d204146e1e9f3lvq,0,0.043155454099178314
12,93e3c34171ab65e0b031dc67461e48b478u36,0,0.7857993841171265
12,6c3bdc508c20f2f3871766cd73064c8cib3xh,0,0.04941202700138092
12,862eef3a75e1351593b54975cd8ae1b3swcxw,0,0.05385169759392738
12,6b531ceeec5892121e04dcc6f89b10a70yqoq,0,0.9228191375732422
12,8066d0a6ab30c52b3ddca5da19518b6188t23,0,0.047152601182460785
12,dfb23124fba16b7778f65c1c8d091f949jz0k,0,0.05263299122452736
12,5114111892d49b59415284dcf19ceebconhvq,0,0.05372380092740059
12,664adb319c2be43104b6565a8ff293dea0f01,0,0.049884483218193054
12,db12e9cad5e847cd7a40ec1ee649e475iwzqo,0,0.049241989850997925
12,97268eb2ac171298eb03ecc6445d6879wk3pu,0,0.04772435128688812
12,197e90906939267ace2422e78e8e83889znqp,0,0.8931369781494141
12,8884b7af726ce7bd929482ea13de19d39lzuv,0,0.05340023711323738
12,7bb914fcdec49aa88c7310a3dda716aa9fb8t,0,0.046369198709726334
12,31c840378b5c2e4469fd2e7f5a1e5a7d92k7u,0,0.04722251370549202
12,ef415b2bbbb81ed33cec7242678975d5m5qk6,0,0.0479765422642231
12,737d19fdceb065359c77b81d27053c4e5quiq,0,0.05697176232933998
12,d42604c7cca8ec92839e92508f2a3e52ehz29,0,0.07343269139528275
12,d9d24106ae1ff4f5bc4ec3caf29d7bd2c2f5o,0,0.051596615463495255
12,9dd7e7ef94a7bc5bc9f98c42099910e7o76qh,0,0.05256771668791771
12,8725b0aa1a32054450c16b099328fbcbi71gi,0,0.0492338202893734
12,c616385a2762ecfd8e4ea16d8a1f2596qw07a,0,0.049764979630708694
12,c353286290001e0943ed9bb160145c42etrf8,0,0.05326053127646446
12,25a4ee3a528004bcf4f4bf62b9208a7dx96pt,0,0.6470715403556824
12,6ebbb4e7c3fb4ba44a89bae997717924gm89u,0,0.05073072016239166
12,24a32bf10c4a5d4d91c27da4710c869a0nqim,0,0.042634736746549606
12,af33d5277890ef0b5f55fbbf400441c9hdehk,0,0.04706595465540886
12,74a35c4376559c911fdb5e9cfb78c5e4btqew,1,0.05400482192635536
12,0918eedd8324da06abe5600f058480dc75nfo,0,0.0509096123278141
12,6f07ce71625a0c57aa5c0c05071cba164jmba,0,0.048592712730169296
12,353d05bfefe1dd96d3335575ddadf310rgnrr,0,0.054060425609350204
12,c277151116ce38d8245f9f2308807af8t4nnj,1,0.7469637989997864
12,00cc97158e6f4cb8eac3c0075918b7ffi5k8o,0,0.052827250212430954
12,0f3ee77a46dd5a09ad20b7c3e54ec614sbpvb,1,0.11810269951820374
12,1a09feff347553a2577983d7c742e3d6l2hfo,0,0.051918599754571915
12,70739399d69a3b7ea9e72742dc728742zp9uf,0,0.0587196946144104
12,39b501f37dde9b055d627394964d3260qiktx,0,0.040854450315237045
12,cefd0ed907595de146c91e6c26b8ad658ilo9,0,0.04850788414478302
12,3144ea2711bef53de88d89d71acd16c5q0bzh,0,0.044405531138181686
12,40f2eaf03624a31952397644f1b79a6fvtfjf,0,0.048634227365255356
12,eeb7e43d894af9161f84692f2bf9570fdryzr,0,0.05416300147771835
12,a46046f129f3526547aca680877fd8c7e6tfc,0,0.04913467913866043
12,2c449b1bbbd5f8d9bcc1159b7bd3caa32jhtp,0,0.04586169496178627
12,76c85d6bf559bc0323bbe1639d233e88nxy36,0,0.933444619178772
12,a116e727a3dc0b69f5e7ae14d0ab40d44breq,0,0.04831095412373543
12,437ac1b8d08c3b328924aad097a3dcdey2m1k,0,0.0444205105304718
12,3b8320619393a6f6bf12219b61cda688k4w4e,0,0.05258317291736603
12,c615c31c87260c0d85727deff6da6667lgg33,0,0.0539366751909256
12,5a6376f140f05274d6e0dc888cbeb89eukxkd,0,0.040998343378305435
12,44bfa21b7d497f097a594c8861d4f8d4w5e97,1,0.8833445310592651
12,4aad6f0ffe775217e4ef8c91d69707545li52,0,0.047081928700208664
12,6e29de28296a57f039026ffc6df9145cxo2n0,0,0.8978971838951111
12,caa74df2086d71caf6c1b2b9c81d3d98xhpv9,0,0.04631798714399338
12,f2f10539ed947e4b141b2e9bf21af65ecz4f7,1,0.9584843516349792
12,07012e0507b4281d430b93ddcd96cae66und7,0,0.052951421588659286
12,120beb4523541f769a2b658cbc41dd57w7im7,0,0.04971357434988022
12,1a764d01d19a1408382ccace87e61c9fndlo9,0,0.05456118658185005
12,f0ce8b973cb8d6eef9221fd3d6698fd4kl3g7,0,0.04980654641985893
12,ffaf0a972a6dcb3910fd6b16045781e2ava5y,0,0.04946714639663696
12,e4bee4e53a19aaf71e0ac0e3be752b2cz3k1j,0,0.04573439434170723
12,53d9e7fa087a0dab6a472bfbfb694622jv072,0,0.044558752328157425
12,4d2fc319ce6c2ad370052e0f6f2b0a1dxiyau,0,0.047767020761966705
12,681b4f9dca9e70441fca4a58c05b0f50skmir,0,0.049617450684309006
12,6ca1de75674e78f9d3d63fd96fbe6e172t86c,0,0.048361487686634064
12,17e4d6d9a1f8ec00cec1d4fe79b059bd51476,0,0.04957788810133934
12,3f977186d125ef8bcbee0c1562c7ced2b4utq,0,0.04257609322667122
12,4641b5a43c7a2496ef93af2ca590d2c94s20x,0,0.051177769899368286
12,f5b2bbad20d1d7ded3ed960393bec0f40u6hn,0,0.6364949941635132
12,35f822bee4f85d98d5b1b23c65681974ywyuv,0,0.046839602291584015
12,d8a10762de6d62c087a0a8f0e61cf78bbgke6,0,0.05289369821548462
12,b6a3aa8c0f2302fa35d7b809d9371deeypvyh,0,0.059073932468891144
12,c41cd6791e262b44d26bdb3443fcfba97wlm3,0,0.9402989149093628
12,77b342f0d8769898619a935e267eaad25rubb,0,0.0530906543135643
12,bbf1dcd2f0100fa90e4a8544b90e35846p5y0,0,0.05069558694958687
12,c99b1edcfc7f0c751b68fb310d34b75ei6j82,0,0.0552845224738121
12,417adcdcd7157e75c66469c07208af00qjnuo,0,0.05557053163647652
12,b28e6a39ef0cdda29c5e350e048c3a813idk1,0,0.05962993949651718
12,ff4e39c0be8af4b17a73dcb761e4bb6dmop0m,0,0.04890090599656105
12,f1e57f96a91c185a7ea716c2481cabecpi3ia,0,0.050255872309207916
12,2d38a6af2ce96c1446f900aa4756b8975y9k3,0,0.04737033322453499
12,f28b5654b5633a0b5e3f757a16080116sjj1b,0,0.04131888970732689
12,4fcdd880c4e1a1767c4d26f74bb3466f11osj,0,0.049241989850997925
12,622a477170c3e2215b7e3cdb06db93aezz6t7,0,0.8283339142799377
12,f7b25abd850df9b0e0b305c6810e1ec3qbtaf,0,0.04797031730413437
12,1899fd76b484b9275854787a6b003b8a93js0,0,0.04532057046890259
12,458c8c4e10e5c1b29e3fbe5ee56d46e8y3fb3,1,0.9555264711380005
12,43bd7fe0ed7629fa774a461127a629f19je0a,0,0.044890645891427994
12,741b9948c8cf42d658676e5a46757815zstr4,0,0.050568804144859314
12,4c93ba564461b1412df6f033c8ef71e8ck438,0,0.05304059013724327
12,25aca203223b4d9563f5b1a01aa3a21ftlgve,0,0.05081655830144882
12,e54c3b01eab75ad3a616d56dd06ebef758ua8,0,0.049329910427331924
12,385325103b3eb54b0b974523fb7a13e02go5s,0,0.045800160616636276
12,17a321c4a0d925ca80507effa52330ac5n5r7,1,0.06640654057264328
12,235f78b13fc87c995c1f309403ee56bb54tu5,0,0.04740375280380249
12,84f06d2c69695fe24cd69f8a1aae21a7kozbn,0,0.04665854200720787
12,9f34ed261596a1114cefe81158c5617biq26c,0,0.9571015238761902
12,8b253bd318229b3eea3f459bd81b8347khytb,0,0.9587597250938416
12,c17c63af831939f5e2fd12f65821db65umonm,0,0.95656418800354
12,717a0a200628f9606d88afebaaeb409bv60y8,0,0.8656174540519714
13,4bee9aba2abda51bf43d639013d6efe12iycd,0,0.07814450562000275
13,57db69e32163f3e486dc6ef7d615aa12usje6,0,0.068241648375988
13,3f3a3705be5ea07b9ba7ee646ed756fbssuo7,0,0.07391741871833801
13,d29003d7f3ec1f0e4ca9cc17e6389b4a4phcg,0,0.06874621659517288
13,c748f0d69cc89d5812c9fe3a6413bbb26351l,0,0.07506614923477173
13,0d0b3d6dc27d0f8eed70971f8c6bec1bdrs0f,0,0.053243331611156464
13,a22fdc066a738070c6e4860924d06657hengu,0,0.9231221675872803
13,aabc211b4cf4d29e4ac7e7e361371622pockb,1,0.936823308467865
13,e1da7d96b83f16aa80cc254572cc154fcoudy,0,0.10623511672019958
13,1cbd9081de4481ada66f1853737f7684ddjd1,1,0.913755476474762
13,cf33d05860b7f7d9af73c6091190b81ektz1j,0,0.7306414246559143
13,cab0d4e41ea81636de3bd3a1800d8da8x4yca,0,0.053005922585725784
13,7cb144485c703ac09fc73aa646041f72ogqwv,0,0.07265681028366089
13,806a46eb814ec7a09bfffcf38b0763d344tc3,0,0.07760751992464066
13,20cb327bff59dc8f4fe1ac68a30f02eb6jrq6,0,0.0746159702539444
13,80e753fbea14f966b1fc6d1e194d4e66822ms,0,0.11701162159442902
13,28c0d4c81a22958352aa742f7d74e477qwo51,0,0.07406429201364517
13,0e66933c924764a59760aaae5368e7d1e0s88,0,0.06547517329454422
13,024cf43497fd7381df6254888670f84bwbbam,0,0.07969263195991516
13,12d6239a92972a35bc990225b3ab33466znm8,0,0.06952021270990372
13,15972a431aed117840dfce5556242366c3fwq,1,0.9323673844337463
13,fc8e62e5fb69ba67265a3d0e3403aa3fr8c2q,0,0.7097336649894714
13,36b84c776aea2e008180dbc72393ed750zsbr,0,0.07579542696475983
13,a9229b83f54a5f44a69e65b9b3aa7aa26qcon,0,0.07026542723178864
13,2e3b450b727fe3e888c85d52251fd33ffoi4b,0,0.05910624563694
13,961ab8cb7952191816db53f8a11a35fe1zecm,0,0.0683010071516037
13,99fc8ed25265e58bc94d9d95180badf4t2e3i,0,0.07597308605909348
13,f90f13ddfc0f98cbe3c2346a2e30093cq6zo0,0,0.07051437348127365
13,fdd836950d203286832a21b930b9f6b58ch7s,0,0.12067097425460815
13,6cd1bd77bbf2af6a2c6e535192af628by3h22,0,0.07954589277505875
13,520b616c26fc47935f6bcd5ec063eaa7w15t8,0,0.07191813737154007
13,85155ae64ccbde01b48fbf4b3f1b739exmqyu,0,0.06800176203250885
13,e613acb1029ecafd9792c9f75d468e4bmm9zn,0,0.07362771034240723
13,74fc24cafc7c5936d0422b8da306365byjv2b,0,0.07759857177734375
13,f186d292f4e83f70a92c97f92993f655ygqzw,0,0.07336762547492981
13,ef9ce9b85309d7d1044ce57055705bae8pqlg,0,0.061544694006443024
13,cd856579a7c4850b60d8763520339449x0mqg,0,0.07146582007408142
13,9e72fb21f7581cfff84e833d02538e5ar35kr,0,0.07494423538446426
13,b191c73f160bb9320dd3715bc3ffed26ymluh,0,0.07372278720140457
13,408f81a85f3b31f8cabedf6ccd381961pop72,0,0.07817240059375763
13,64e802fa8e0c17ec2ba1b6425648b7cb7ndkn,0,0.07373811304569244
13,42c407eb70ddacdcd59d63f22caaafc4fa0p2,1,0.9185087084770203
13,b719671479e7d75b1ba5a5617c95ccad4dkvm,0,0.07563313096761703
13,5e611461283a5c3e49b5bfbf9c33b7391ce3h,0,0.07004911452531815
13,4376fc192e83a1a5d7a83085369916e8rr035,0,0.0756034180521965
13,e7a98dc8545eb429007cb48799a40a2dc9p6o,0,0.9298062920570374
13,a2d0b7ec1595325cc63777f106e09fcd88y5g,0,0.07992330938577652
13,ff12cd48c7de8ffb8b2099f262ce03980dqqz,0,0.07514436542987823
13,ee052a24cd3164af9d08fe77bd6b79dfrbelk,0,0.05667584389448166
13,d2138bce99f535c244dab68652ccfa2enshxk,0,0.06023493409156799
13,f75cc5ec8acf1ad2349e00ffc4b3191a531f3,0,0.05760519579052925
13,76218e14c379c12d599dae9e1c00b61a3i5b2,0,0.8379881978034973
13,d2ebe13374f25a12865d50c17af1dad7yspzq,0,0.07050095498561859
13,3d94b376bae8dd60eea48ded36134a3962glw,0,0.07196703553199768
13,a6bf74b19fcb2687ce345930c4c16d4e2txda,0,0.06067200005054474
13,bb790a228de797253bf6afa43ee52eba1s2dx,0,0.8961817622184753
13,f0f21cd3d51b7a233988cb1c3c5df977zjqkj,0,0.07068078964948654
13,cf9a1c3af63d1bc3f55728b4a06a5f46njrac,0,0.07872617244720459
13,29544507566320f1125d8e9f9a0ab3f2jswhk,0,0.9086223840713501
13,6f46b3e231003daf21108df4624afcfdaaswv,0,0.06984475255012512
13,7607c4efa792a69e2a8949ccafcbef103squn,0,0.7302582263946533
13,300bb4c9816a7064b106c9c6cec2f51ei13n5,0,0.06539802998304367
13,e03311c7620a8098b7a177a5f1ad213ernao3,0,0.06645818799734116
13,72994bece8c918a2c4c432b98780a7bdsctwr,0,0.06905028223991394
13,01eb9dcbd0b3e79d94020d13d83a993ec9d2a,0,0.07684537023305893
13,cffb5f3c1f4ca815d0f643fcb2f2f316beod4,0,0.750478208065033
13,74866aaa89db79f25dc0fae8be067b83xlbm6,0,0.0738140344619751
13,3733f7ea492eef1f69f98593d2122c50xwcha,0,0.07686993479728699
13,7f86c3c417ae1db5bea10bf9d0a7827ct3ni4,0,0.8880069255828857
13,c18cfb38fe1c4c01705391422177265cn9w5x,0,0.07693418115377426
13,eb2c4b4493f31788ead745533e0c9a18xzzlk,0,0.061438266187906265
13,786fd201d9c952bc3453d4b3a6fa64046d8wb,0,0.06798277795314789
13,45cfe8744884eb207048e3cbee31ec56hd9lm,0,0.07576832175254822
13,e0b6466f9f720e9d9a00d7c12b2e2c6d8xwxz,0,0.07498917728662491
13,dcac75b5ccc362a66e7f9112f033bdebchxq4,0,0.07530249655246735
13,8f00a4c4d7f097bc1688f8d89431f6bfmodq2,0,0.08169218897819519
13,35a89119272ca55d7f602689616b58c3pebir,0,0.07610950618982315
13,ca0331fc37db2b251a012376f7b987fcma2jw,0,0.9418603777885437
13,b42ef139c2dfbff8356e8886d2b109e06riso,0,0.07458212971687317
13,b232fdca7cb98028e8945005f619fb28p8788,0,0.07434909790754318
13,295fbc4ef00fe0cea7947811e78bb8aez9ti2,0,0.07554618269205093
13,11b1859aaf7fa93818baa76007cf7207d8uwy,0,0.07828228920698166
13,11d7f0a5076649b229c301a22537834e1ehwg,0,0.12891824543476105
13,57e1892d3d62d87c9ba5e8425a1958c0fn11u,0,0.08301006257534027
13,2906a20e0b4f7ce840d051c4be898b66do6wh,0,0.9352158308029175
13,67083f257438b1b79cb09cfa601890855of77,0,0.07466352730989456
13,bf80bec9b4a8d29c494f8545f2a4be4eji6qj,0,0.9122030138969421
13,3fae46174ef1a7dce5e9893775f814c4so8s0,0,0.07526756823062897
13,313ede314e2e05c31471fd6a93f98af713jud,0,0.07071078568696976
13,35b111da8e919bb34e80511be9cbd128pjjdm,0,0.08241895586252213
13,3d7cff3dedd8a8e02dbc551c6a61da3bibbvh,1,0.8398782014846802
13,66513f72be85596a527f9f653db3cb72cq4jg,0,0.7305577993392944
13,10b431aa15b56084d32fe1ef123c4305wo1nl,0,0.07611329853534698
13,573cf43253a18821e50dfae941ac287ceymgo,0,0.07549318671226501
13,85371e59ea43c33c7e481ba3c214e893ail7f,0,0.07385038584470749
13,86b6207b5e87d58ae307bdc1545a101akz0ew,0,0.07609844207763672
13,1c66f261724506bee45dd18a4d221bfeh1687,0,0.07216127216815948
13,200b548999702c10f8f9fdbae9ce60622owzv,0,0.9147114157676697
13,d8d90875fbcf94c3b4c5c00479cbed6e1mqrl,0,0.06827585399150848
13,2b72d702b44fd7dd58062e326fd8e4779j8mp,0,0.06953298300504684
13,fbca8e44d824faa1fa6b99325758ff19vi94a,0,0.08103278279304504
13,0353aa9e97bd46119c90b8892f99982esfem3,0,0.0533117912709713
13,7d72bde2e297ee81296adb4fd56e8800p7lbe,0,0.07937968522310257
13,3b947f8c954acf4354d2c3bdcd494fb0x54ee,0,0.07343942672014236
13,b1bc9ff2b98df742affda07c5977c7345dpm5,0,0.0702497586607933
13,b6a7b5bba132a90e7c7cb350d2bfa52d7sion,0,0.9321762323379517
13,dd1675bf26316cd4630087fb47d0ff8fsug8e,0,0.05860595405101776
13,e19f258fa5019e58974b562a8e1433ccluztk,0,0.6305558085441589
13,a60101895443bfa5d4485b9c2c3e1b68t5ppq,0,0.06530603021383286
13,8322695c21cb27accf0fe269438bd78fn3x44,0,0.6806722283363342
13,876b122982958678f14bb25d887dd79dun3qa,0,0.0579153336584568
13,d7c046d4328c139e76fea7c1833e8fe6fx4yz,0,0.07530773431062698
13,d4a84bdffb9543626fdd42c879343ce26ds4l,0,0.07410775870084763
13,45c3a73b88760d4390f42ea4fae97d84la5wh,0,0.07272511720657349
13,82194e7d8f9b84e71b789e763b5c3263r6d98,0,0.05910937115550041
13,9f793ee6e6df7f69b5a5acb4e13db0476b26x,0,0.07989610731601715
13,012441119bcf83b23d4768bb72cea6d6carua,0,0.07044844329357147
13,953879d32e39e014cf8ce73daa2547cb2ke8t,0,0.6415901780128479
13,d8ff621bc161b09d9192c445f4b3be7b8xow6,0,0.07155482470989227
13,796961698c2f2442e73c5195062370caawzzo,0,0.07788342982530594
13,156f4a8763e602ef789f8048c6928676a1ily,0,0.07511105388402939
13,86091a1e6c99358936979baf67d54457x1dzy,0,0.0646016001701355
13,936d542904f515ea87bab7996497b11aszyco,0,0.06991671770811081
13,c6108e22518279361de99b3c7c298235mkoa9,0,0.05516814813017845
13,b071545f5ad73150880c42e780d951bdzvxn7,0,0.39824414253234863
13,47d1dbfb67706772f8a44f50e5656602z04rc,0,0.06887738406658173
13,c6a49cf5944626b45425712f9e19e91d2nyh7,1,0.9409716725349426
13,fe4906ac4c8e2db5ed5a71e8a9d10080u6g7o,0,0.07998398691415787
13,de8943f2b113702c98ef695888b7d0c6my29p,0,0.0751403197646141
13,6c0212679f2439c4113386b2c6ef513e8wr8p,0,0.9149600267410278
13,429f301119adc32d35541dd4d60903563s7nr,0,0.06492513418197632
13,8ac7cc6a62b82e675465e89f67ab1f962ltgu,0,0.07502076774835587
13,5f7767924aa92a8f01b44a7e09f00a4dgqk8e,0,0.05524443835020065
13,af9c96944265cf541b3fe734a057821a825l7,1,0.8836343884468079
13,420e7aebb49d7ab3c04e109a98e152d7kquiz,0,0.07614993304014206
13,d2eca28cbe0a3dc69715d719c6958faaaqx95,0,0.11165014654397964
13,ac94684646bc6f708dcf4566f41ec05es9v44,0,0.07720660418272018
13,bbad48cdaa604c1bf40b59120a775794rnlg1,0,0.07232492417097092
13,e2554dc14d54c3b7be85c59dbc1425f77qv4a,0,0.07542407512664795
13,a9bfa54aef505d65ec488d8984c82a7bf0fjm,0,0.054708920419216156
13,f334d76f60cae7c67ab04b9e5cc49907hqsc4,0,0.07982679456472397
13,f05dfdaa2f67b190f3a79a5a2d5daf9coikow,0,0.07544127851724625
13,9f60e1593604631e10ad2677c51055c6mv205,0,0.07427850365638733
13,ae817305e82b580f9ab89f1a379488e39il4q,0,0.09430050104856491
13,183c4e44d09bc4ab990b957e765af311vlup7,0,0.06126033514738083
13,612d24dde60a1b42873ab7b50944c6dad3dcb,0,0.05659392476081848
13,313bb0007cbdd82f326d58c96847294c9hz4k,0,0.07357897609472275
13,3e85a43950c71b1988a814682abd4392yakvp,0,0.5738603472709656
13,e429d13bc2c7acc82d8d68fa020546c38v82z,0,0.07228346914052963
13,e0df56a5ea8094d070b0130d7178a996noolv,0,0.07102327793836594
13,b5a92183d20e5ca98da4065c874e0b9dezbhx,0,0.9406020641326904
13,0580f2e77b4c0dd3b5cda8a1641cb9fenmo0i,0,0.054710227996110916
13,ae15accae2164aae084aef7e3524c1fflq962,0,0.07550713419914246
13,2d9579812895729581ce269ea17462197jxvy,1,0.9169477224349976
13,d9ffd2f7f3cc1a546586701c2a6fbda24u9ye,0,0.8810438513755798
13,4922d20e07d04601e8724be5e9f9576blyccu,0,0.07516399025917053
13,631f923b7bcf91f61a2e9f96520bd8c8vtl14,0,0.9288031458854675
13,f73eb6e2e7a872f97c715ccdcddac77am8bq5,0,0.05535830557346344
13,4c67576a6f30a158d16d790a7fc482b0zqxue,1,0.9361178278923035
13,f3a249f6a5c2c88ddd8bccb1f8a85fe52xnkq,0,0.06890206784009933
13,86e50263881b0d382b55777185eb648aagh1g,0,0.42409005761146545
13,3312b8e73417810a88be459d75fe9bc2xhd8v,0,0.07228385657072067
13,5830a96593aff3e951919578f7374f09pqyc0,1,0.9297128915786743
13,0af208c4fc46ef9236052ff495016326zxoqf,0,0.07256531715393066
13,a6d6f3f5034886fc00a1245b439de13a66ha4,0,0.07110506296157837
13,61337802cac534b7e7711793039782d6f1yy9,0,0.057950593531131744
13,42f754cb72e01c08005598e1f9383341fn7xh,0,0.06772910058498383
13,c4d42d0beefe49d6157c546a2504f4db86hvd,0,0.054253458976745605
13,9a12aa1aa3560062c6f84bd374eb5f7f422vq,0,0.06990295648574829
13,43553dd8b9370fbba5efa6b652d9b43ezsj11,0,0.0662306621670723
13,a40808ec5bd9d0440585286f1658c3b1ag8dt,0,0.05659109354019165
13,c9e1e860e39bb7d4dbf3c91c5d6c36c2dv4tp,0,0.08007058501243591
13,72dbc4a9f579a9444c126a0a67118783092ec,0,0.07452498376369476
13,d9a813646e8fae954898c1279196f5493gqzc,0,0.07234153151512146
13,3ef757c3d6a272681c69bbd7e071b705yzt8t,0,0.07796918600797653
13,3cab5bd983f5be9c16789b6c14bae982nhi9c,0,0.077622190117836
13,97ac4a68e5600c4b7a960d9580d4f251470mc,0,0.06970855593681335
13,a0aeb6de8a21a5b776f63530ed753fdb34k7y,0,0.1602650284767151
13,40829191b83242ef1f380f90876cdd74mrqe1,0,0.06482241302728653
13,b9d861ce6162179a4b008b63e7fae80fjoywx,0,0.0804552361369133
13,63c48b70d37dee5fcfb26f94107ba3b94d90p,0,0.06311479210853577
13,fb81da0790d821a22617d748d0226540ylrj6,0,0.6331969499588013
13,eb8f9ca4a23586f5acc770fff966f654dy7g0,0,0.0774993896484375
13,a13da89a3a54ac9b4ced156542afca5ddyumw,0,0.07766430824995041
13,24284d3fc3334e0adeb6bb95637ca62d6dm96,0,0.06628254801034927
13,83a24bbff5a4cf9d9fb10391102708f1oqpco,0,0.07177317142486572
13,d7b66d95bcfba06122dc6f7a3c605fd73239a,0,0.0686197280883789
13,50a4bfbac8a9653af4099ec1169f684c2nsgu,0,0.8740178346633911
13,5fc9437841f1dbbe63a3a933c48472fcohutg,0,0.07758975028991699
13,673650167f432c009e9dcd062cd4e9fc2szln,0,0.06581258773803711
13,3ded667003605eb856ed1aa2b82c1732gtma1,0,0.05574633553624153
13,cb557e4675bf4f36f93ef5599adff545nz370,0,0.7675567269325256
13,d6517684989560cbb0da1fb2f5bbba9b9y2st,0,0.6757558584213257
13,ed5ee107143980558fae26c1b5c7b81a82spj,0,0.0662664845585823
13,ffacbed056cbfaa60c1fcf51f0d381bddr3ly,0,0.07338675111532211
13,8644c9765c64da22776cd67eefe0f498u3aaz,0,0.06841102987527847
13,30c3c92cc9408f55cfa895ff8a505930a3yy1,0,0.0717388242483139
13,00a0517965f18610417ee784a05f494d4dw6e,0,0.05550380051136017
13,f01e3769fdce36d31eae85525827ab17xeu31,0,0.07197964936494827
13,fbacab353140582a4b8ae3412eefecbc753vs,0,0.05965215712785721
13,b0973e698b12fe51ec2f259d924c6098rasmy,0,0.0694163367152214
13,da2841ffcbeabaac373f00039c10f39fty6fa,0,0.06806276738643646
13,098bfc9c440f9ba9e6371f774ec6a36fa0sq6,0,0.07928779721260071
13,1def3e23e479c9739abce6b3518013d39oejk,0,0.6366620063781738
13,dcc5a79317a22bd0f6dca1f60fc866a8bei1d,0,0.08385802805423737
13,11e47dc08d7fa4d1a1953b5868892f72qvlho,0,0.06920524686574936
13,30da67f34e3cc215b3bdad588410fab5655fx,0,0.08077767491340637
13,08353687608279ddd83e4d36fadd1cd8ritj3,0,0.07758869230747223
13,1530008a712831e35a673d38959528f4ozipv,0,0.07284273952245712
13,cc4763c97c3d7cc9116e0a51a6d1f2e82242i,0,0.07038667798042297
13,2137e2626c568af8e56bfb72fdd5b9e19qiyt,0,0.07417169213294983
13,470a0e402bb9cb4d48c2a450d2043e87flc2m,0,0.07195011526346207
13,f0fd9f1b3fc9ff10c2642b3bf81946e2rsq48,0,0.06124839186668396
13,6a97f70ba29a04e77eb3b137e157070dc2mqc,0,0.07320906221866608
13,a7c263f3fe4f19ff677e5cb475f7e5a3gdom3,0,0.07084915041923523
13,3d2608a892e44dad3027ab55bfaa0b26r69hy,0,0.8012417554855347
13,80d8e3bfc8a2ecbf22614befbdaacf5fo6o5o,0,0.08187980949878693
13,5b0665172160ea4015e79dfbcfa7ed86oe0mc,0,0.5409607291221619
13,69d8fbf99586bfaac64d31f82b9bee27wltkd,0,0.07203023135662079
13,510f33a3c0a290a0e43d2576d928a4abxieo3,0,0.07726532965898514
13,5dda8ade6b5d4065f3119a381516c227yoz8y,0,0.3547874093055725
13,6b3cff1e3d9398d4c125e7bcf612192dy1gwn,0,0.0820903331041336
13,b258a38ef4cc6ea241b5473ee9badd32ekhoy,0,0.08064908534288406
13,4199816cef8be846ca71ae752575744fimyto,0,0.941149115562439
13,7d44df0d40982a6651a06cf533ef5dddtppag,0,0.5376766324043274
13,e268d06507859d78894a8f6e11995f48zls7t,1,0.9422141313552856
13,e7445f6107c8cd3783fa722c7dd29fe6rcd3a,0,0.07178165763616562
13,29bd1e11a41eb2ff50af75d10f28041ejh9xx,0,0.07070530205965042
13,8c3631460a4d25d2b21b1f92ebbad752a19ww,0,0.07174134999513626
13,989e8e68621a43af5a8d061aa91bd9bfshy7d,0,0.08102935552597046
13,1ccc69e376c95da9bd569a5d1a176874ivojs,0,0.07073421031236649
13,2e07d37dd022e72ab04da76f51edaa13qk5rv,0,0.07167395949363708
13,372bf02911448b7f62cc861074a7ac81y0jsn,0,0.07778727263212204
13,3893d2c62d59c232112efd332bc342dap8b4j,0,0.07008061558008194
13,100d406b638e84e2da7c31b03100b874qiay2,0,0.06314248591661453
13,06ddad46112881df154e3bda0e90fe880r57n,1,0.9249648451805115
13,3e995d6f9dda5f29c02af4c9fcb94bac0csrw,0,0.665095865726471
13,e932ef68638c37220f4c2c386cf54578x4hpn,0,0.07450538128614426
13,60edf674563f85b227898f6af0386476efy45,0,0.07431676238775253
13,24d4554556deeebf61510cf3e001edecu8hgj,0,0.07442533224821091
13,84560dfb1400fe920a29ca2c728acf1e25eli,0,0.07529374212026596
13,78e59e188d9780cb8988d574f692ed343s129,0,0.0552121102809906
13,7c0add0ef85bb5194e95ceaea737f90fyv13c,0,0.07468164712190628
13,781972f2af3af2abc492f9dbb0f6fceahnban,0,0.07592850178480148
13,9bd2d79f328a5afe815d5832e521aa9187q2j,0,0.9117260575294495
13,9197b6590c6dceabd88ec93157fcc31fgb8a4,0,0.06315147131681442
13,3c37de5e4321388ba706233d5ca4a0bfp7w67,0,0.07587297260761261
13,7188dec1b560385b0826f78e7608fdfeai9fm,0,0.9297393560409546
13,233e09e861813cd087e8937f32a29bccs7b3l,0,0.0784054547548294
13,225716d7bdf8f90cb4a4b779c663cea5j9sqp,0,0.07672800868749619
13,71c2561141c55414618d67d1a8aebac1n0fjx,0,0.08006230741739273
13,4579226b86f3ca5b5ea1597efabae4c42j4rw,0,0.0748479962348938
13,82ae4df0acf8237d7af1a790e3848645bp73e,0,0.06849592179059982
13,fa9cfea85e90bec313e512e9eeab2e869tvx8,0,0.9356707334518433
13,12c1b22ede3c23949bf130cc7bac6316ks7fj,0,0.06569324433803558
13,74429c9ce8183e2b1b89600e6de4ceea5kn1t,0,0.08152662962675095
13,3de66f8a5453943040d42e1e73f11eebll8h9,0,0.06023493409156799
13,82f1ba4809f4812629e9e53ea4c687d7begx4,0,0.0789252445101738
13,c1d9c4c69367536d7b0ccac19527629f65025,0,0.07595648616552353
13,2e463fe6bc1616f8392f82c138a6a436mbtjx,0,0.0693603903055191
13,ac2d643e0c0d3bfe8e54e5a961c6cfdb5xn9v,0,0.6553786396980286
13,c349d767ddda78ed58a3c5769e780598ar3ei,0,0.08208632469177246
13,7291b7fba1b597d66bb8efd45fd0d354q71ka,0,0.07507643848657608
13,88ebdac47cc2623888e0bcdfb35b692ejrbvv,0,0.08158686757087708
13,c8a99985c7bf230f475a8e9be6a17d7a08r3x,0,0.07530194520950317
13,a37b105534ddcabb169f6ae3ec928d85slw6z,0,0.07592613250017166
13,b6e52f37365cfeae9204a9f408b8c3a4idcs7,1,0.934756338596344
13,459ea22b6b51936d0788de9f78a3547bf4jrw,0,0.07656288146972656
13,68546847f11f6415034b7e2263e8ece62p3ud,0,0.07884815335273743
13,2e33b1ee8a9d4a5cc5f886ca455e8f86kxu5r,0,0.0671117901802063
13,041d869edcadf595b90e3b5248903183pn754,1,0.9360164999961853
13,7ec5c7e2317a9b68e861060531588f76fpldj,0,0.08101310580968857
13,f430aac3f0f7f88a9b504bbb71322d54mct7s,0,0.07761618494987488
13,1c61726e316d5a16aaa80b429080c534u43s0,0,0.07373200356960297
13,28a0d5539562290a1a2f63d5b7230db090ys3,0,0.16549484431743622
13,64abb8a286b2be97349e8b17abcce6d9rygza,0,0.07035689055919647
13,2234754e09ba15519d0104c405326fc4igk0s,0,0.07585842907428741
13,f23ebc71f2d8d820db2bf0576ee7e148cxvkp,0,0.07425060123205185
13,83c9359ad94eab7f4b8fd582a6db4733frmsr,0,0.053966354578733444
13,6d501ebf066c0331853f1bee9754e781obu7z,0,0.08302570879459381
13,f5ab013f90cb8890d33c6a309798204155q15,0,0.07432439178228378
13,ee2caa714a2175abb13eb6ef15196368cwc7c,0,0.06702709197998047
13,c1850964c360c9159e5d1d0b6485e210s6uvc,0,0.06896477937698364
13,783d5c219ff84cc0517f59a39bb98e18st85m,0,0.07180614024400711
13,874402ea8b408a017756404006b12708d9s6u,0,0.06427133828401566
13,bb43fc12fbb0fd2b2536e4033ababf59exffy,0,0.0697871521115303
13,94c8c0f9c90820f28928caf5d122dabby69ts,0,0.07123754918575287
13,0e5ec5baf2e15afdbf5212d8461e1ad9h3kr0,0,0.06736809015274048
13,715ee2811c764d5c58aa228ee801e518gqvli,0,0.06593523919582367
13,466ebf78d7326a38db1e19fdc1c70e9b1qu0z,0,0.07752856612205505
13,aa20f72aba9804a4922195f66a876688rugsd,0,0.15214841067790985
13,2271fe5b01f9b8f9d8409014ae4511524grmq,0,0.8140662312507629
13,5053e03863b6887308c8446cefeec429l94tg,0,0.07255452126264572
13,8df5d645ed4040b857c121a4459b7976n5u3b,0,0.08083535730838776
13,8c412ae875b672f18073d643c74f9f0clzbyw,0,0.054568614810705185
13,faaa98763b59ed5f02836d4bd682035bfhujq,0,0.07617708295583725
13,c5c8a28a166913512f5bffa6a49788c5b0uaa,0,0.07440726459026337
13,cb705744a588c18087921e74e68cfa10oev6i,0,0.13420480489730835
13,9adae18220565488f77036be41cf71beiepqk,0,0.9030041694641113
13,ae29b39843141a73b39ada671ce6b6c0yxlb6,0,0.07376070320606232
13,16065749457a14b26998fefca503c3ecf9og8,0,0.06924495846033096
13,ecce760edfc6ec5cd5ddc7037c514dc3zod4i,0,0.06537854671478271
13,4d6fa52e125a18f433db6e6603b58ec7k1key,0,0.05933050438761711
13,4b9bf4cf1085e9d839e833e4b9d40f2a8ps14,0,0.07332727313041687
13,19b39b852ed4abf1ba5b095829e25b946aed1,1,0.943401038646698
13,ac9bf3a07831666bde4fefb75c184adekbrl0,0,0.07577653229236603
13,50859deae0e0a599efde1725cde3a8b8dw86a,0,0.07355523109436035
13,afdd5c7c912f9b6a88c0c2619d618124ycm44,0,0.07576707005500793
13,950aa0150f419cd6361bd3c500e6e695xfljo,0,0.06563860177993774
13,8c939b6713b7881538cb05eca89cfb1cw1lhm,0,0.07438081502914429
13,97db2350652f8d01237fc4c59a470eb81h9gs,0,0.07517921924591064
13,eaad20ae39d343daf76adc0b1a4984faumuzj,0,0.059971410781145096
13,227bc0936837200d0aaeb444ab8d5f1axs8zr,0,0.0684802234172821
13,e8581ec94cd4d5009ab6b36c6aca9f0cp3txb,0,0.06303782761096954
13,90fe8d6fc0bbe4ff2ca7833fe51bddbaaibof,0,0.5887980461120605
13,a8b8959fe64f490d32fc15a5d1144f87qj9ai,0,0.07250814139842987
13,cbe8d224a38ccff930674361b502e7beyuf1k,0,0.07371814548969269
13,3ce8aa0207022698b6d0eef09c89b381jzqi1,0,0.054077811539173126
13,e8291466de91b0eb4e1515143c7f74dexy2yr,0,0.8753734827041626
13,8ab98c1e6cbfb902af4e02050a886396a40bg,0,0.07460379600524902
13,8b109c0aee5ed07fc996e73d28e65888o5jmc,0,0.07879038155078888
13,27ccc09ae923d1ca8ff7ab3242f279f7xuclq,0,0.07763320207595825
13,050a3b29ca1818e1f237df8132bc2013bcuxi,0,0.06907425820827484
13,6130cfe76ed3bd87c8f8dc6b2b2786dcp44xy,0,0.07311484217643738
13,d9dfeadc7e0e844ffea3cfc706daae5dt2hhg,0,0.06504300981760025
13,23bdbb8575f191b71853bf78d09e11a1lhnfn,0,0.0571063831448555
13,34914d163517a0cc4f0c971afb2352106vsvz,0,0.06773590296506882
13,92a63dbb8323426833b944a4fc196fe27pzha,0,0.0729973241686821
13,e56f611f1157381f4b689ab34b574e791qhcn,1,0.8204983472824097
13,2dc309478d30d440e75c932b1f13a8fai2p2e,0,0.0657428503036499
13,ec6d3fbd8408ba43891370d4ffe41eabhnwbs,0,0.06393640488386154
13,6bdb40330295fb3abd4647808c319d29pb29n,1,0.9188629984855652
13,1d4eaaacb6127c43c1c007331cac135bpib3m,0,0.07344990968704224
13,1275d8a6a3b2ae9d24b50997397c254cpuuzv,0,0.9044399261474609
13,679fe2a21415aa98a3cfb88abd0507edzjpsw,0,0.0787588432431221
13,fff2c070d8200e0a09150bd81452ce29ngcnv,0,0.07582234591245651
13,7f3516b1bd7e5571ab964ba0affe9302brn6q,0,0.07283478230237961
13,37ea72c53cc50112ced4f88810f1b38euoz4r,0,0.06332478672266006
13,de4388600d997803223748e48bfc7b16ggyrh,0,0.07315068691968918
13,7a0b445f462d05606bf6ea07e2ab96ec1a4kx,0,0.07358407974243164
13,cf06ff5f520b14d1f9f1cf5a7ff34982bj4md,0,0.07714266330003738
13,90953913d629a03e27590d0d0f64456601ktd,0,0.07056684792041779
13,74582963d3774699f4215df7f2d17c1b6b4pn,0,0.07596712559461594
13,77b7daafef906aa3f941992bcf94dd69zxk2p,0,0.06507779657840729
13,6c6c3559c5f656c71348f7cadf29bb12okgl1,0,0.07394959032535553
13,17dbe14676cd3a3cb8a7edb438622f7fv2scv,0,0.0699320062994957
13,5c32e357936f8977277d9b23d8f09f34v41wt,0,0.0726296454668045
13,96dccfc370343f6871dc478d5b2fc3ffx95d3,0,0.1094379872083664
13,56b55e6ab49a4cbe7c76a2bbca804089pjq0g,0,0.10652042925357819
13,04636b6c61c80f5325efe61183e8edb01ko20,0,0.07167581468820572
13,74cf3a0c5e4f080415888bad2f7119499lh63,0,0.07325334846973419
13,bd7d5414174da6df4b018c21495e8a2cxiose,0,0.8064191341400146
13,8d500e174fc28d494482f8ccb9438608zd51s,0,0.07784079015254974
13,9e1f21ee1888368e77b539083f4b94ddv8mrl,0,0.07065689563751221
13,24db47d284a08aaf119eb3e0c45eb646i46j5,0,0.05666659399867058
13,b8da3e0dc73d1f453ecbe6ee4d4e8791pr8az,0,0.07352467626333237
13,0446457fc8e21596799158406f77b14catx8w,0,0.07569561153650284
13,219c6102f604c8ff0ead5d23375bb127del0d,0,0.16626304388046265
13,19033960ac23dffe078a1217788bc720jvjbz,0,0.06870608776807785
13,21fd0c468438a483ad1c60cfd1b84b850iyjv,0,0.057072076946496964
13,99a3bacd3eb66c909a02b85402ac38dfskz65,0,0.07359757274389267
13,b5d61accc925a0e86ab7274e1ad82532gb1w6,0,0.0767463818192482
13,916d2d806b772c9f227a9b3640e31469ljrxo,0,0.8945420384407043
13,4f7331589f84c6359bd693513bc9d7ddlitos,0,0.08113858103752136
13,6f6c9a1964fd4bbc082f2afdbf2d2af6ypdhn,0,0.0780184268951416
13,9e9047df09026ed5a5a3a86403811159u5yja,0,0.07167191058397293
13,21f5b103136104e4947e293983dbaa5b4tder,0,0.9129385352134705
13,fc16993f1fdbd5fa8f8ddd72b40442f0qwyo1,0,0.07557342946529388
13,a4e83190edb97fefdc4a6cbfd00f41fbm7c4o,1,0.849581241607666
13,3d7bd741177a712ae0417bc4f4a37bcf9jo2a,0,0.07926591485738754
13,9a272c3baede0633bab0e15ff98d207e3ldpv,0,0.08177653700113297
13,25022fb30734c2e5044e031b0e9a4a9ct3354,0,0.05708160623908043
13,fdf0eb91ae1ecea1f6902676f47c32c454yzr,0,0.0768890529870987
13,5f529b5ee68b60482c5d0c56ee91f3c2cjrmx,1,0.9319274425506592
13,0f4669e36b2e721dfe27f8633b277a1575erw,0,0.08002293109893799
13,f4189a40cc622eaef015a19d75d9fe21mylhz,0,0.07543522864580154
13,e18ddfca4efb99a785c68ede9ef773ea8sfmz,0,0.0755452886223793
13,ef65488c949595d7885525ccfab9100c6cmqb,0,0.6318793892860413
13,354d4abc23881a40b8f119225e0dbd09tk1u3,0,0.07021177560091019
13,4de568a9b480f0dcd3f2ac385121d75bbpy82,0,0.07330245524644852
13,69333c66e55cdd6cabcc6ae64531fc33w20n4,0,0.07222942262887955
13,b1ae4691fefd3d09d74096ec4caaa6d1v6tbw,0,0.075618214905262
13,0ad17aa9111f657d71cd3005599afc24fd44y,1,0.6350118517875671
13,37d71b4ae830fcfa6f0c4f65ec386414n8h5l,0,0.07393164932727814
13,4566ae63ee93ffc6b000b5cbea7f6a8ehbg00,0,0.06374115496873856
13,1870650d20a97db60ce4133bb9352b69h9phj,0,0.06154702231287956
13,b217ca4cdea62a3977481e398d2cc9bd4sxht,0,0.07279988378286362
13,6ed19e45dc118b78a78f25649aaaddbeef7e4,0,0.0727994292974472
13,5f56908449455ee9670c7947614f7b4bxak3c,0,0.05581212416291237
13,205a011640002932a7bedbb93d81b68b8m93b,0,0.0725022405385971
13,424b638423f4862b2a84f22ec25fa22eb2c8p,0,0.08204203844070435
13,6b1666662837213ce77c329d8cb2a842epaeh,0,0.07070108503103256
13,12fefd74d82d90541872847f199f6324cowi5,0,0.06748118996620178
13,e29ae1bd8e6e7dfc9cb43b1572d3d55ca0hc1,0,0.07602515071630478
13,ba258a455ca17f2c13cab3d0afc7de0b48h0t,0,0.06715302914381027
13,df12e679581fb2054907dae75c9c78ee9kzzv,0,0.06806963682174683
13,4070f6ad5da385ba11cc99183817eb20h69v1,0,0.07343319803476334
13,f6485cac867e1e7d2d991838551b4c4bfnarv,0,0.05537918210029602
13,2baa5a9ec317cb21a11d83f6dc72a2d6xy9jb,0,0.07459978759288788
13,d2b8a15ae403dabc5aa752b205181dbe1lm57,0,0.07346577942371368
13,f939c17ffc7c39ac9b35b69e5e75179fv9pe2,0,0.07575578987598419
13,84a769adc98498f52debfe57b93a0789556f4,0,0.07370733469724655
14,91a3c57b13234af24875c56fb7e2b2f4rb56a,0,0.05894492566585541
14,6e4d22dbabcf2eaae5689c7d155e1c1fev15l,0,0.05986212566494942
14,95fede5853bfffda8f50f6af494ff1d1hsgie,0,0.06370238214731216
14,d36857d18a397e7e24d05dcbef3b919ftjstv,0,0.05813603848218918
14,c62bac5be6489bc0e0a7834a11167171c8ww3,0,0.28732168674468994
14,848d3eaa622b26fe57d352eedd9649f4v6obv,0,0.05970555916428566
14,64a39f766b2e9d9471b104f0d0289740a9kdq,0,0.06549906730651855
14,e3ccc9bd16fa1f4a92fe87b4a54e5e72uficw,0,0.9231760501861572
14,d738b259ec6e6af625d1f41abcfd63e9e53tx,0,0.06086480990052223
14,4dd2a50e589cde2802c4bab143dea61ak517w,0,0.05826753377914429
14,19815d9bcdc74c3ddfb9ff210c1739f3tup3i,0,0.05828193202614784
14,bd586db332285f3c45814fbb8f638d79d26u7,0,0.05516901612281799
14,a3c2ba79963b637f15086e6255a46253lwpnb,0,0.0574989840388298
14,6394edfbd35aab54801518835e33ed50hcr5f,0,0.06296569108963013
14,c5babbaace35399cf51a9356bbc22733xpi5h,0,0.061744313687086105
14,bd2cf3a868d168425cf1bde7c49d40b9jq0xu,0,0.06289856135845184
14,001068c415025a009fee375a12cff4fcnht8y,0,0.06308906525373459
14,9df0b0e5ca66460495931376045feb5fu4y7b,0,0.0629173144698143
14,d9c6b6d7290e4475bcd6d264fb33a706fqtvc,0,0.9091480374336243
14,1ae57d217b27820cabf6e24b721bfb38s6ja0,0,0.06309454888105392
14,d27221cf2bfaf0fa7a60ffd3e1e3a53efagvp,0,0.931570291519165
14,915ccac760c7359a446100fd1a54bbf6oyrzf,0,0.8856125473976135
14,60b8145bcfed7a5f2a23b596a8aff99cdzn4m,0,0.06318525969982147
14,9baf61c813f1d4a09e3c70f6dc741f34voe3n,0,0.06374424695968628
14,226017dcd6506ce20886540ff734210d8hib1,0,0.05756780132651329
14,ae94687eaad6b410713db9106c42566axgn9n,0,0.05909891799092293
14,367edc726ba8e667973844395493559dtf2o3,0,0.05468440055847168
14,91d9b706f63537c5fc0027c50b0e3b06qpdgz,0,0.06332442909479141
14,74ecf5f9adfa4dcca4dcf020209db81arynmk,0,0.0627281442284584
14,fae963b2adbefc663692d7feddb50d5dxz1hn,0,0.062726691365242
14,090c77ac89c7063f0d0ce064ce3cb3afllf5h,0,0.06292097270488739
14,f80075873f7183a03b1b10ac3f740032v6w99,0,0.08296486735343933
14,2c31770e98fc9fc7e0f1fee6207b5600c0e10,0,0.9387437105178833
14,de9f5df5962dc171c7d82ab503c36dbfwicon,0,0.05628812313079834
14,a94c16f8a98e493e2b4390b1975e690dv8cmu,0,0.06308680027723312
14,2515c5fd81638d5d0bca39a2b2be3995tante,0,0.11988376080989838
14,c48fd9c589f273945bad5f0cea5993ba2fet4,0,0.9398703575134277
14,7f807b2eb6c391d55e67bcdf7e1cbb3fhylw0,0,0.1456974744796753
14,068450aafae2a6e390e35925d964290cdliqf,0,0.06312353163957596
14,eaac863aaf84acb7529462118e7953c3oeky6,0,0.05798126757144928
14,88103add66b7113729a9ca82540684c9il94h,0,0.06337403506040573
14,8b4071f3e2702b88481054081363bc15her3f,0,0.9393095374107361
14,3a5420301c0dacbc5675f6f09aac0143tuodl,0,0.8343692421913147
14,dd055846eb553ab8e953b084f2048d53bdqec,0,0.9016966819763184
14,2918b09c1ed9e9e8602f85175b266aeej5v6w,0,0.0727706179022789
14,124727083cd4159b40ff8d4b36a89340l6fga,0,0.06383497267961502
14,4679df74080bc22e29676bddc5bcbf51gsyds,0,0.05498912185430527
14,01a39439e7afbdcfe385eedbddb23d76zgdrg,0,0.05669698119163513
14,7dc423d0bbfd840fa0bf75203cd7bcee75kmh,0,0.06295836716890335
14,024937af9ea18a2b57e4f08762d181f7s8a3z,0,0.0629357323050499
14,c600968815fc32b20e0519ecfce5b648en2wo,1,0.9407128095626831
14,245b584befa6a5b8c759491f5f3db580p2m5v,0,0.06277181208133698
14,aa8aeba2bdd0353a108b9b26f12ed59559mvz,0,0.061371441930532455
14,6aeab198df208f8628825f7eb3ec3701p2ybk,0,0.05582200735807419
14,5a2aa4e8c227de4db26547fdc1f017cbxb62j,0,0.05963124707341194
14,5850b68151cf0760e94acb39c4dfa02026k4u,0,0.060189682990312576
14,f876e3be4038da62f49234ee498feb732gdcl,0,0.06366416811943054
14,205c519be884c5b1c885f61c4ba8738a737qg,0,0.9364852905273438
14,e0824707d4a78230ae54209a920bc3e3pzdpp,0,0.060143157839775085
14,e959a3ae64e28a7d3b37934c0d826867o3sp6,0,0.06398506462574005
14,7b93ccc9d5730b561ec5fa7f4bd48c04qudf1,0,0.9282634258270264
14,791031a63c9e2b4835caa9a4cc1768baias2l,0,0.059018779546022415
14,dfa45994c8471762d04deb23c6450598byp8y,0,0.12246938049793243
14,a539fbaf8b29613ff0e4f3e5831aa7a5p2cva,0,0.06280970573425293
14,d3c80e9f6b8e1d774679fd8dd5aae611e3qls,0,0.059720832854509354
14,1b0534afb7c02bb023bd4767ae73f17dqzqdu,0,0.9342805743217468
14,f93a998dc10a4c98f65c6b86fdff651d5i4qh,0,0.0637139305472374
14,fb5a19240e36ae12aaccc1e9d9231144l32hv,0,0.05878232792019844
14,8c4b0d95ba36c0ba2a52f9043c62fccev75uu,0,0.6850648522377014
14,27cc072f1432f7aec4b7e17cf2e473f2x3bjg,0,0.9414882063865662
14,44c75302aa4404e23781f8337cddf6ed5tqun,0,0.06370864808559418
14,22401c4dc0cb1e5d52da01ebb8b2839cdoauo,0,0.054879166185855865
14,640f41f27c03aca0c45775eb918b666cnjsqv,0,0.06357001513242722
14,3c0026d48f3d6e10cef6cdb1f708793ccwkhr,0,0.06160922721028328
14,dcd54d7afa6820e3f00e1c9e83aecc7b4f3lw,0,0.8682203888893127
14,6ed7b95dcea7b359248e9efce91cbb11lm7hf,0,0.7457754015922546
14,5c28b04424e96267711d5af2db62e022tp36c,0,0.8792575001716614
14,9819825acfa7e20c47a78bda5e76b195jh0gd,0,0.9368312358856201
14,db80f065a93cc6b41d12af614bc3ec11kpwjp,0,0.06280172616243362
14,b2d3db61ddb119aa4e5f43e1bf72e349xr5tp,0,0.92635178565979
14,2e1eb5b56591662fd7ecd7b39621bbcfgd1ks,0,0.06303030997514725
14,4f891171f7b09f54d8b4f30b48421f178m75r,0,0.891250491142273
14,3961434cea4339f0049798fab2bc73aekuxjv,0,0.06318380683660507
14,e1fb642deec7b382433de94983d97681o14ko,0,0.7004556655883789
14,8fe6da2176541d0ce24574dbb60f9107oq1kn,0,0.059131063520908356
14,f04748a1437347d837a65ce04ee7d94enqhub,0,0.404331773519516
14,3835e3bbf9a17a33867860a9ba19621dp4wdc,0,0.056158486753702164
14,c871daa6b709e008825b667b05efddca04jbe,0,0.06358207017183304
14,2a5726bd00709641cc54a8ab5422cde3uchoe,0,0.06303276121616364
14,c6f07c222aa3a9d35b0e01f8959ffd21oownr,0,0.06160382926464081
14,584d1d60d357a4ee1fd3b0a6a72de1dc4rodn,0,0.06326201558113098
14,d63671871e4010e904b9419e48781565weafn,0,0.11781998723745346
14,e0e5719b5d763eb4e04c7f6e4e32884cmlpj7,0,0.06318888813257217
14,9211adb9cc770c78a70b55441acd146bfxnz2,0,0.05796884745359421
14,e69dc706f159ef6e26df0d88388bc5edlymly,0,0.06222134456038475
14,9774dc752f855f07b9c00eb7018b607c0ymxo,0,0.060332100838422775
14,a664b6b42fd48403fbd34800063fa50bz6k4m,1,0.9308476448059082
14,0870fb7e5701f3ba56762b03e157afdc1yw7u,0,0.9408052563667297
14,96caf14832aa8be04d98aa481b320392kb2gc,0,0.09175612777471542
14,61101089c1b34f409fc9b836a7f9cd163y22l,0,0.06129617989063263
14,a3910fbd35b7a0c383c9805eafda616fra4xo,0,0.06323934346437454
14,ce22684df495e376e32ac95d3ceb1164t37l2,0,0.06322858482599258
14,37ebf34eaeb8a434976416c34ed5c6d8ywyoj,0,0.0609421506524086
14,445305769cbfccafc89ff5ebd004598einesy,0,0.8114717602729797
14,2794512e8edad5f99d28c33c7560fccb9zl8i,0,0.06280497461557388
14,40ef6a4a0c99b478fee1c93f4105b9d9mh9iv,0,0.0634348914027214
14,2d6a70a8341ea0fbe4c8537ffbce919etg4x0,0,0.06283939629793167
14,88bf2c0f5460e28deb5eca2ef8e5e809ol5ru,0,0.21053224802017212
14,0853bead89b03dd38a04d84f4312da7dukglz,0,0.06273456662893295
14,40efc98d259ee36a8c2a387ba49f39d0fa39h,0,0.8175354599952698
14,e4a9bdad09ebc5d5a264723855fcaaad6q52x,0,0.5806486010551453
14,b4550ab1da3a3ed6e4a206c9ef78d496q23hb,0,0.3519892692565918
14,222a0e05442fec0af2d20ebdcafe4b28c2pi4,0,0.06324425339698792
14,2797fe80977297483e724b8390161c937dh4g,0,0.806885838508606
14,1e0b1a6ea8d307cb61e221723534c4dclf9w1,0,0.17336603999137878
14,34a7ce35b13775be4e20930ba2788a3ebu5n0,0,0.06284765899181366
14,05a07a27e235d01fe480ea6ac73b8838jq28x,0,0.05737348273396492
14,7a71e329f3f2da98a3f82e7bfcb705a0t5822,0,0.06385395675897598
14,6db047b1bdd342c09ecf9f5eecccaa4fy5l0q,0,0.9309266805648804
14,f211ff014ed43c9054916f97d6187108mpxr6,0,0.9108437895774841
14,c97dda0fd2de7d82d3a52eb6c0788062h3tq6,0,0.06325741857290268
14,bba40511c6e56070602e8dde4229ff923zbuq,0,0.0630602315068245
14,8783939eb63e5eb4e5cd412d8480f3955ipxu,0,0.09880976378917694
14,cbe756ce81f5c420a1f7079791ed9aa2js2u7,0,0.06312362849712372
14,0daf4f87eb695e2a84e4156154209e09k6ga5,0,0.0628412514925003
14,e0a87bc26e13c599894d7a5103fdca786tfat,0,0.06309332698583603
14,9f7e3e648ea8e6815c6e7caf59412e843iqbz,0,0.06240372359752655
14,8ea020a1fdccfd726f74ed7e90dc3400zy9iy,0,0.054928008466959
14,99bfa04865566ca88573ebfd3c7fb1f2c64cr,0,0.06092303618788719
14,b9743f78108aefe3995e1c2291b5f3278cgpk,0,0.054660968482494354
14,7daf0e51b276c6ab5bd2ccf520dae106graj8,0,0.07019642740488052
14,676ad0665c9bf74329ddc1f70ea48c16stnux,0,0.06286467611789703
14,8ec9269ed4f5aef4584d887dfd9e595aaynzb,0,0.06716925650835037
14,d4d4b36ea722e5b939e51e34953004c4t671f,0,0.06077108904719353
14,fd1299f1343236dea07bd0ba5f8ca220csnv8,0,0.06072084978222847
14,0fa357965f89388d8e7eb8cbc3b85c6bnnro4,0,0.05907921865582466
14,54e279a4e162af7fc55d640aa62d0cbc9hxil,0,0.9142071008682251
14,452619e019e5651a8d98e3d59a478b7fez5e0,0,0.061065275222063065
14,cf4eb0f68d47e6d4b92befd0b8fff39a098cd,0,0.06428620964288712
14,9af8e7dbdc3c620c8144d736242b3bd2fdbpx,0,0.06299396604299545
14,8bf07d8631a2808f2c869e27afad2d41swgkd,1,0.9375746846199036
14,6e18a078182a21b8522bb69a822cc338in7rn,0,0.06031065434217453
14,e2a61feee7f94b49d7de1ac6efb237c0fjt1z,0,0.06849123537540436
14,1717f6d4c48ae8d3e5f2566d4bb525f854j6d,0,0.05807274952530861
14,1e050a096927d5b34f4a85d3af28d30eybsaz,0,0.1025017574429512
14,33189c09ca7067834fd25a54920f82d4nd7a4,1,0.9404143691062927
14,557f06b312e040ed3cd7dd2a011cb83avyut1,0,0.8056471347808838
14,d4be674fce23aae81c4cb946d4fff8671gxtu,0,0.056379176676273346
14,ef905e4d866c43dbc345751e7fabe5a568kjs,0,0.06302155554294586
14,1bb03cdb913f203f704caf8bf6840b6fbpigb,0,0.9219172596931458
14,ae6758a627a111f6d6b530b0154c429566o4k,1,0.22439301013946533
14,3bc8edfa1995a99110b957ee98fb5c76nkl7t,0,0.9010786414146423
14,4f07602a713c192a941204b27e2abcf1srnke,0,0.06025674194097519
14,e2e14e8e15204b504b146d17a2bed925qg3u2,0,0.06339043378829956
14,d1780c224460a0c20d5c2f5f68714c5264xd0,0,0.05371217802166939
14,0cbd01c9e8cc800aabd3b3e4c618f9caktfgp,0,0.9341247081756592
14,86a3a9861ed45158e964f9d004a224b3324cl,0,0.05839429795742035
14,58c3300ea9095cf5e59e27abf2a905ce7tl6p,0,0.06283246725797653
14,c41f5fb84d9f9e2456a5264c79919569vrhau,0,0.06149783730506897
14,b2a19e17e1b9e0bca8e4563efbff5fed7v9xe,0,0.061635032296180725
14,8d49c8e70bf96a255baf30acc76a3f59b394w,0,0.05682917311787605
14,147164a9fe8a6bce381a224e9f13207cc1mdg,0,0.06333231180906296
14,98a5197faba8ba72d6ee9e1c95d65d737sigb,0,0.17475786805152893
14,cb6ea552ab5b90e2d0572148426ca275d1zzj,0,0.059498853981494904
14,0a43de0ab0a7525fec59ef4bc1dda7a2z9z69,0,0.7349345684051514
14,13dfda714fb516e1f9f7abb0c927bdc2zmw55,0,0.06290031969547272
14,2b044b4b7949b96e38084e59b5d1d328jib5o,0,0.8856700658798218
14,9b733fcc97535e27037c231858a711adyzvqf,0,0.06005105748772621
14,9db7471a12cc3b8fa3cba86bc00abde2t2wz5,0,0.05627729371190071
14,c59f4511da2e8dfbf02668a49bc391895wk3u,0,0.06282957643270493
14,6a1d4042a5f3a3f34f5b3ea753ecce30l0qj1,0,0.05438623204827309
14,7c08de9de285265b2c34970139331f9fnr9ad,0,0.06374947726726532
14,f019bd7ec140624144c4a9b40c42bec9jok79,0,0.13011792302131653
14,497b8beb19a7f674bc53acf7f5c7ec8cxv68x,0,0.0637795478105545
14,669c6a0e8aabbf0647e8ee6e150c47b18a4pu,1,0.9240447878837585
14,a2933e33896035761240ef5a62477779jf7ny,0,0.6719374060630798
14,6be863f26f22cd79be272789ac7e9153v27yt,0,0.9311457276344299
14,5dd3494b46f39f8c8783c25527b64dd8hp8ti,0,0.06329136341810226
14,aea096a392f55d95c3e45251931e9755a9t3o,0,0.8931958675384521
14,05ae7ea9549ae298bbbc8002b4229392e0ilf,0,0.05927534028887749
14,a5fb60c136b7e0a6d0d6e27cadb2a797225r6,0,0.06804463267326355
14,85ac49e7f93bf0e20323de78362bb4aadnwia,0,0.058524731546640396
14,b34fe965c04012fd22123ed948257184pqvfg,1,0.9370719194412231
14,0bf6e0e5184b3599bbb4ba1fb3a43549ije34,0,0.06280354410409927
14,76d4a0147a60d871867f00adf45cb792w9c6n,0,0.80263751745224
14,2fc0efdb6ff10d51e3a4d979ee52cf07p4068,0,0.7183816432952881
14,877d96d9abeb73e437a8ebd74abbbf45p8s80,0,0.05366864055395126
14,4444bfb455b90711234e0c25345abbaddrt0x,0,0.05371217802166939
14,70daecd44c89c37525aa2ca294378ead4dggh,0,0.9382040500640869
14,39a5a16e5a67c2fb51789cea4d3091f0mv996,0,0.08069944381713867
14,fe6ed3a12fbbf5da4980337564361710v2y21,0,0.8004875779151917
14,78a444127a896122678835e12ef507deh01hn,0,0.05530461296439171
14,14d4e04d7ed150613974438a4dfd4e85dybq3,0,0.8158100247383118
14,fec57d2db5692eb144a71aaa35a11b58delkw,0,0.061348747462034225
14,1afac423a94778ddf9b6c1dc0df7105cgp1tp,0,0.06952010840177536
14,c9f94611f4c9afd3a3153da9654e7310jr201,0,0.06117601692676544
14,8bbb16c0a1bb808389051c875ebab1cea0v56,0,0.05981743708252907
14,f12120e467869d3d5dbf7c7d0566a8e7bmmhk,0,0.059922970831394196
14,4ac31aea605d17045ceedbce23eed239omved,0,0.06363249570131302
14,1a9765ed302d0f91b512c23112066e41s755q,0,0.06288664788007736
14,93ab2dedd76c1859885cf724ebcd987c9ngfi,0,0.06327188014984131
14,01cda526658455000913950f20cf31a2q6nsf,0,0.056020431220531464
14,fe6adfbbb2fc1ec0c3edf6677204bcb245uf2,0,0.057869065552949905
14,36e2e2f32a3872d3e958c0a58ee79bd129xdy,0,0.05843869969248772
14,361c6da33ccd1c0df152fd932e6fb2a69i4ux,0,0.0617959164083004
14,332484ddd66b9a3db89ee68f08b1288amq90u,0,0.05530868470668793
14,6a2c4aeaa17c2fcf20958803a674f101vlxw1,0,0.05788194388151169
14,28b4c35bd90c81ca959da328806469d493mvj,0,0.06315788626670837
14,716079d1913959ccae0307f760bcddddt6d4o,0,0.06428711116313934
14,4992da4511c3c1b4efed3e16c7d8dec65ilfj,0,0.05631742253899574
14,519c0f3b989c8e1781e0910f685980ce15wzr,0,0.06478611379861832
14,e735a2301a18772a8276aa1f17ef79efu4yew,0,0.05836017057299614
14,85d020b5f3d99d1272efa0a0d34c56a5dtvxb,0,0.05704354867339134
14,ed4802c318a7e04a5703ed115fe4f3a3kkugq,0,0.0648772343993187
14,c6453f296ce36005d7e7e67e159e1b7cdbmus,0,0.0628901869058609
14,1df1dab2eb718c3da3f9a0aa90b93651sxqzo,0,0.06446786224842072
14,f9378eb3e522beef7e6a4e1f275bbe0eaboro,0,0.05371217802166939
14,649b364bc466208e559858f0677b421dbnalw,0,0.05521612614393234
14,b8d88a1167ab74ba64fd6d9c83308a6d4oa6v,0,0.054440613836050034
14,8cb96eaadc11cf4f914bad84518632e7czdyl,0,0.9393847584724426
14,384ba7c5a8ccf55d174080d9ad7de9b8mfysi,0,0.535190761089325
14,d8a4b49ed9ca241f025cdbd9637198fb71qmz,0,0.0619298480451107
14,2b13a870a46975494b749feea0c5c7ed170ll,0,0.7515255212783813
14,1aa485901ede7baf78ea116e297e9d7f9en6i,1,0.8664045929908752
14,4ed4760782d4e2c65bee8cadc1fcdc89htz8b,0,0.05555672198534012
14,91c749114e26abdb9a4536169f9b4580huern,1,0.06348497420549393
14,ba266f4898bf572447ad65856b362595yjt2a,0,0.09416785091161728
14,2daa71f0d138b8c2d61583d3b98a25e1mjp9c,0,0.06299692392349243
14,c900620a019e78a3eee44109e4d1e1d2xd2gj,0,0.06238812953233719
14,53f61a2f33e8b07e49da643af49884782vzdu,0,0.06808477640151978
14,8c33cf751b05ca6a9d886a379a84a2ees9jlu,1,0.900560736656189
14,3694aa599f836a57b671ee0814b071775i1nf,0,0.9291935563087463
14,a447127835855849fa2ee496d05e0847fgt68,0,0.9249073266983032
14,5ccc30558d4c218cbb4d36872fb82a03rjxgz,0,0.06197914108633995
14,c503bb79d4f3522f51d348c680906c1bs0w7z,0,0.06165324151515961
14,5e945cce4e72950e0930b2700e77fc8eq2abo,0,0.062253016978502274
14,2b4b36fd77eaeabbdad8fac68b17ece5ey04u,0,0.06309393048286438
14,d127576e329604b576df0a3248cdcda3279td,0,0.7524945735931396
14,c5863a228287327c9980d12a632985da9vi29,0,0.8027440309524536
14,06c281e31f83dcfd3fe70d2ee2d66bc7e6fw6,0,0.06260678172111511
14,db85fb5556f17b744938cdcc2e7ce9b5urspd,1,0.934711217880249
14,afb1d898d15663a9477870391cf39b697gso2,0,0.05761974677443504
14,d79919e5ba11f26bce5e70f0a4f859e3e4q9y,0,0.9393165707588196
14,c0b7161a67a0aae21788103c08eba7e9z8e8k,0,0.06036897376179695
14,0496c24a6a7f593f28bf7896350e946advl6i,0,0.062004148960113525
14,900284c412387e0bb2dc2aa5ce42dbb9th70g,0,0.06347990036010742
14,30788b28de22d28938ecd7ed6795a8b022qm7,0,0.06318707019090652
14,b7515e5f181a6d4884674897226cfe9cpd6d6,0,0.06253866851329803
14,c6fcf1f7b824c864d492c4cd676cd702owsuv,0,0.05888791009783745
14,fc870f3872dd5e36e4dfc4ccde28cc930tify,0,0.0574737973511219
14,e587d92842526255c86d3b0d425747ecib83l,0,0.9154542684555054
14,aaa8650a6e0997e90e4b6a9fc2ddf555m5c1g,0,0.6998669505119324
14,e0984156959c3e7cd05b7ec8ae239303inqlo,0,0.06088951975107193
14,83e8aa6cb15daa745c75ba3c29a2f646zjw33,0,0.5499603748321533
14,70cc5da141baac4712163f5cd4bd4a50za0n9,0,0.9107868075370789
14,4cd52ae88da3e30dbe01da5048151c98p4f0v,0,0.9394060969352722
14,21114d057c297080f0f882420d2436b5mmukc,0,0.0631486028432846
14,ca28bff4ab1f6e74bf08b92e16989e11vn2mf,0,0.05806312337517738
14,17c59325ec223c94dcb301a7451c39871vxq3,0,0.06159837171435356
14,8a3f5e16e4e689897d872716efeeaa0904tyl,0,0.061815064400434494
14,5097b3a4011380b5d9447e1a7a20b1a556yzj,0,0.05848914757370949
14,9ab00034c9b00521ce121adb5dd4aa15tlhc4,0,0.056794341653585434
14,5de403f3d49221bfa7116570a4d572d8m19sh,0,0.06303845345973969
14,f725c5b4cece8353da7a636fcba0ecb5yxshd,0,0.9296653270721436
14,f8e90361c36eb3f6fbd485748e731fb7w2ci4,0,0.05875593423843384
14,2eb8a353db13e68388f544daa2e28359oenbs,0,0.9249665141105652
14,308a5541e1206e126ef80f18cc29b7017520l,0,0.06280136108398438
14,722d1147768bdb5918584997e1f677e55g0nv,0,0.061366885900497437
14,cab7ecf98fd0489389a3a8d3961defb3k66og,0,0.059796083718538284
14,14e29ea004067aace14ee4543876a06365os8,0,0.05490051582455635
14,d5b75c812d172da1ecb3164a1cfb7527688gb,0,0.061134569346904755
14,3ecced86078287dbd2eac2cfac98367fbbelu,0,0.060682933777570724
14,c41ea39b2e13b0fc9ccccc2546f924f1obd0w,0,0.05721614509820938
14,782557b3ec17063f2a36fc9193ed3200h14me,0,0.6953932642936707
14,54957cfd12ec8c64918b6200ea25d27fsc9hx,0,0.058970265090465546
14,e783e5f6b818d18eda4065282022ac23jd1fw,0,0.06228094920516014
14,462df7ecf1d47980dea6a93d44fb408d4u2d5,0,0.057382844388484955
14,74487d5ffd5c34de4fecaf9dcb66f86b0wwa2,0,0.7983599901199341
14,97f541ffdcbd1ee34610e3099c5df42acfvcd,0,0.9318744540214539
14,2d2839fa92d1c8e94bdeb1fbb9e62149x6xc5,1,0.9407888650894165
14,76f7e6c70f2b84d885b23e2b2831e113ueqo2,0,0.06146503984928131
14,10f01aff2fc23653ca7ea1d74248357a889wv,0,0.06298588961362839
14,8a27b2e29086c0d2e589053537e88393zsyr2,0,0.06312543898820877
14,88641b0f22cf175876bfc4adc44c00f58b5rz,0,0.06301175802946091
14,eeda0d135495167db9425fc5fa3a5e3ex2zel,0,0.06312265992164612
14,37bf6f23b628a3e2b5b22ba81beccbef0efoh,0,0.8332822322845459
14,d4b2fd8f5e8e02b660e9803cbcfa6cf2t5szq,0,0.9035546779632568
14,1689122c3b25d9e7adc626de84c10006fr2n5,0,0.060211192816495895
14,9a44bfde11a7b6ade17cd33a2b5102fcnlhm7,0,0.4192865788936615
14,9be39ea5a0612fae7bc43a25a6d10856l3qaj,1,0.30599522590637207
14,340d7ea497f16bdb912ec5c6ce467f71kk7hy,1,0.9352648258209229
14,074daf9a99b01591cb0637cb95c32600roriz,0,0.05930566042661667
14,63424f85cf53557fdb5dfc6a280af75epl45b,0,0.0650281086564064
14,8c09f4afd78059d9200cddc435f5c48ceph11,0,0.9359262585639954
14,5e5d3410ca3605694b3c75b2274efd44c9vru,0,0.06016690284013748
14,817f8074bad1c717afaa8d1696f9b2b00muzw,0,0.0637124627828598
14,3c77ec9f79f6febf630325ef84f2a0bcl3qg1,0,0.06055843085050583
14,953e01bab9ac8786b4bfc77d183732bbqw6ng,0,0.3754337728023529
14,c8cf68aa6abce25325dfdad4a98fd890ap57f,0,0.05371217802166939
14,820dc943d26965d377be315497837bba5iz67,0,0.06208724156022072
14,a4475cf8808f8951dd5163ded3ee8032g9vxd,0,0.05371217802166939
14,9655ccc7c0c193f1549475f02c54dce45kjw7,1,0.26216214895248413
14,f428427d7227ddcda377cd00f07749576c6b3,0,0.06318511068820953
14,026819504b59bc4eefb9963d5fe4271aql15u,0,0.05832837149500847
14,936a335eab4643c3529968a4d9b0c380esi7q,0,0.06125132367014885
14,162886daa0054ff1ad422e0f18cddff3qofft,0,0.0752597227692604
14,603d769a86a359a0d41118b47c0ab41fx7kz5,0,0.0612994059920311
14,e241b80fc1b431397ba6c70f2fb8ccb72wbra,0,0.0605400949716568
14,a6f994251abda6687ada2e9de52bddb5cisa7,0,0.0623360276222229
14,c4294be0db6b5c9357ae5e2e7fc8da9489qpc,0,0.05974018573760986
14,f268f61e075419e5a001b86ee78557e2kmg14,0,0.06354399770498276
14,874f882f7efff96263e9b555415aac36dsxry,0,0.05733437463641167
14,9f9dd5c179d357b53f145ae1e5cc941f5qfuy,0,0.059881556779146194
14,6da536112251f09a006b0c5223f154d46en4j,0,0.058664437383413315
14,4950352b0410495ef65a92b08b5be463c20yn,0,0.06309161335229874
14,01c1c7be49cd6cfbb9075925a05c9899p41va,0,0.06488480418920517
14,e50426efab1e9d60b8f7258130f8791czrpvg,0,0.06335321068763733
14,b0014101fe1b510ea150c149145dbced3q3md,0,0.06325141340494156
14,eb27d8daded752fc0d1c828867b0f118cswwq,0,0.0689779594540596
14,0f8cb1baa83fefac10f885f79149bf13kn4nw,0,0.656607449054718
14,332ef2c7189603a497fc89345ee4f5605i5xw,0,0.06801515072584152
14,572c9964ca41ed055830845993fdab29p4f03,0,0.055655915290117264
14,aa75d58c3e1207618d47c72ffb19c872bolg8,0,0.05610661208629608
14,167008af05d4feaa636a565f6f83ec61a6ogj,0,0.05322739854454994
14,32d2ce86b00693f0c26314e3cce2438dvxbt3,0,0.06280163675546646
14,da950a556200395a82e23e3bbfe1abb6xs258,0,0.06246471777558327
14,04c6b750b0552089c87ae03de72289cfcpfmh,0,0.06166104972362518
14,af50d549e86276f034e52037722dd5aetouu2,0,0.06446277350187302
14,167b4f37a264b72feb0f559b650d1cbd3ox60,0,0.05815909430384636
14,8152c94b639be88e7076f0e32bd70e0eg004b,0,0.06183713302016258
14,40fafe756c4695b32df7d19d4c710dabvzr79,0,0.05371217802166939
14,55abcd1b00c6b5b54633fc7e98f0110bwoy3v,0,0.9156797528266907
14,ff3ae9450581aa3de5d2326f70e39d20w8fbl,0,0.060797855257987976
14,76ed824b414b5e690ff82e7cd2f5be52256my,0,0.932913601398468
14,e59ca537cb8df3053bdd555bc987b4a7c7m4e,0,0.05417304113507271
14,76f17ce227e593aeff456fed46e36c83a3j72,0,0.9089571237564087
14,64f6b099082e4fb2e8da7ba4ae9abdead2cej,0,0.06377935409545898
14,429b876aa7e2d6741ddf322685363ccchue2v,0,0.06007717177271843
14,b1863365ae232a316eb946ba56a29415m0gdz,1,0.9371278285980225
14,036a4050a5dd65e70f0f613ec2e38a74re026,0,0.0630495473742485
14,628156f3bce703aa6bd275089c6c692499h1q,0,0.9250973463058472
14,470727c18798cf0e0ecc2a0dca207cafuena7,0,0.0628853291273117
14,308def7f05575db9bcb6a67207d6c1beb2cqt,0,0.05547679588198662
14,0f33df2513a519a35c8b3dcf1d7c7416jjjzk,0,0.9341382384300232
14,762046a235e00ec6521ba71aaa1450c28ijkz,0,0.9398387670516968
14,ae9e482a7f4a625a878c6ee0eb4dcd01dkm6d,0,0.054695792496204376
14,535ed161b4c9960a71ccd53128df4766ddyq6,1,0.9336016774177551
14,3ef2325f8b68e1c030547a2a54ea6b98zwa2w,0,0.06287051737308502
14,a6230fdfd4879433e36a76d53440f426c7a7a,0,0.06390014290809631
14,6c8ffec692e88d81e1b18d47818abb04v6llr,0,0.49619799852371216
14,c780bc2dc7ab83d5e5c85dd13f0f7fdecfxjq,1,0.9194867014884949
14,81207d4ecf830fee924989f4fe1eaa7fntkmw,0,0.11047042906284332
14,fa918060747386f431a511c862565e34y1pdw,0,0.06017550453543663
14,1fcca45fdd3d1d3638821f41e032f170en3h7,0,0.06242947652935982
14,6c2488ec88e02bb38920200ece7d337e0bffy,0,0.06358716636896133
14,0c55920fb607fef2d33324f33565758a6e4dj,0,0.05970869958400726
14,e72d1b2319a2ef39d016c41e4824b68evxe53,0,0.06056506186723709
14,0a92c4fa2bcdc8e952546d236b322053o5wbk,0,0.06273023784160614
14,c1859303603734d90d1a91d80977e14echjim,0,0.9325317740440369
14,33ba799fab5e4145b54fac4234bb6e13up0tu,0,0.8199446201324463
14,170a58cf637c08f0818ebdbfddca29c9irkxj,0,0.06154350936412811
14,71396d66a14f4ce0c96436456462863abwefv,0,0.06316407024860382
14,49f4481b6bc2255e745ef20ac2a720754r9mp,0,0.06284762918949127
14,f6a7e7b14d39804c7d15627e2fa384a1cq892,0,0.06295288354158401
14,8bc2a424939c50eaf4a652e253421b0f9b0y9,0,0.37619122862815857
14,77bc113594866d4902d6f867a456750c9vvmu,0,0.3802771270275116
14,e0fde4b9b7ec14e80de3c811ecae157f6kqd9,0,0.07441173493862152
14,0e373556d3bf588a1bb2ca6354120cf2dmvjs,0,0.06450678408145905
14,c670e7fb466b09000f1053d2761752268bkfm,1,0.9360502362251282
14,4de2f22ca840fce9ac653e4aa06d9b0cnhudf,0,0.05861598625779152
14,20d31f20169e8612fe13818891f88a83r66gm,0,0.0631924420595169
14,042780ee9a3730703e35340c575c3cbb7zjwk,0,0.06424069404602051
14,f4d69870de1e803fe00f8126e73a7e33zwcds,0,0.07730187475681305
14,a58ace8b671a7531c88814bc86b2a34cf0crb,0,0.32274729013442993
14,4c46b1ea933d574a985776ed356312505nagr,0,0.0573093518614769
14,f2ea6d89dd9897f0d6edb6f24c446f01ra6yk,0,0.9278507828712463
14,1a5d7993b43386f64fcf4b84e7b183a6ref21,0,0.9114490747451782
14,964028ac24d4ca16c4b63f64b06df1c8ltrrl,0,0.09658769518136978
14,7505bfc1ca67a5ae14e329b46a88ab869ms9g,1,0.9338904023170471
14,c888cda1ef5931da0db90f6803cd0d368ay6r,0,0.14815601706504822
14,e9f928411213f44502e4942a29553ab1tbqgu,0,0.06199250742793083
14,802a819acf0601b43fe5426cb48ac0bbqwfu8,0,0.9210336804389954
14,08a588ebf7b98f44f8fc695d02adfa25x0amy,0,0.05948152393102646
14,9d8a1ddb38499b3403a6a93395ef29bcrznni,0,0.06213536858558655
14,cdf1fdd424a11dde166c4bf069d6998eph7b1,0,0.9328705668449402
14,fcda141af3b545332fc3b2d55a8bba74uw7s0,0,0.06187509745359421
14,9f52fd88ba073512be19e3d24d4bb6f91l531,0,0.057712823152542114
14,55453d252a225f3b046c094a7aa330a80dr96,0,0.0628843680024147
14,29e08b4d18198fe9265772fba3a4f6c4mj1rw,0,0.08655527979135513
14,8f6605a649ae41fe950a6bf579452464d9lmc,0,0.4739924669265747
14,7e34a26c4c339e875997f4b9239d2b5fscng4,0,0.9307205677032471
14,ad228143392ba96c21bf51499bac1c3b3kmzo,0,0.05712835118174553
14,9f2086ccb71acd84652f861517d4dff9du4y4,0,0.05833743140101433
14,11d5f6925da5809e2d447788b85d6253jj8fu,0,0.9162774682044983
14,18e751726fd7c407c41cb18c20da2c4er5z1r,0,0.06419315189123154
14,f0c034c46dfb78d2e9e67fd4fa1688fa6mv8k,0,0.062340013682842255
14,3d575194dae5a2e2966abdf84d800a3bgbsd8,0,0.06337667256593704
14,e0fecfdf4029d9a91664e703a178397718lyl,0,0.06011839210987091
14,d1200a75b6c05584f4f902e74d3dead76cj15,0,0.05956486240029335
14,9744d8ea513490911a671959c4a530d81fj5e,0,0.7889701128005981
14,c806dbb2decba0ed3c4ff5e2e60a74c2wjvbl,0,0.0637739896774292
14,0381a69b7a061e9ace2798fd48f1f537mgq57,0,0.06292812526226044
15,4ab12bc61c82ddd9c2d65e60555808acqgos1,0,0.05599689856171608
15,25558d24bca82beef0f9db4ba1fe2045ynnvq,0,0.03960767388343811
15,3f3a3705be5ea07b9ba7ee646ed756fbssuo7,0,0.04442711919546127
15,38e919293f5dbd62d87ce288e41aae2a281m2,0,0.9396300315856934
15,25d75fd439571c1d9b946f5ec833786063vom,0,0.044235292822122574
15,d878560888b11447e73324a6e263fbd5iydo1,0,0.045906912535429
15,95fede5853bfffda8f50f6af494ff1d1hsgie,0,0.04765910282731056
15,c0e1ecd40b81bda3b7dcec501334499dgzq17,0,0.048527929931879044
15,9434778d2268f1fa2a8ede48c0cd05c097zey,1,0.882622241973877
15,e98d8f348b266653b6784329782fd2e91vu3h,0,0.052340056747198105
15,19815d9bcdc74c3ddfb9ff210c1739f3tup3i,0,0.04286443069577217
15,bd586db332285f3c45814fbb8f638d79d26u7,0,0.04074043780565262
15,e78cb9678684d649453cd5e1e46baf462lq87,0,0.04504786804318428
15,09d71d3e6a6871a7598dc2764c5bb4ffkz6mc,0,0.04039599001407623
15,1e342381f2c64318a51a9b71d91897f8dv9ul,0,0.8297135233879089
15,da6e2a5651b4f44fa3cff41cf9731ff8qc8fl,0,0.04837653040885925
15,9df0b0e5ca66460495931376045feb5fu4y7b,0,0.04514956474304199
15,cab0d4e41ea81636de3bd3a1800d8da8x4yca,0,0.03896363079547882
15,827da66b68b225547050c11df16f845618ptk,0,0.0462847538292408
15,7cb144485c703ac09fc73aa646041f72ogqwv,0,0.04472142085433006
15,6531bde8d4decd9708ff4407ef95e887a26yi,0,0.045521870255470276
15,806a46eb814ec7a09bfffcf38b0763d344tc3,0,0.046324219554662704
15,12d6239a92972a35bc990225b3ab33466znm8,0,0.04263870418071747
15,5b25a86acea5ff395bbd62399bb5cc9bb7h6i,0,0.039456985890865326
15,3edae72a9d44c43524c0203ce38581d1790xh,0,0.04515158012509346
15,5106dcca581b63cf2226110a9048ee4846sxb,0,0.05131470784544945
15,ca76df527977e5168e1b3352cfab2ed9htipb,0,0.04203629493713379
15,22fb740f267ac617118261b2fd3365batisfg,0,0.043032530695199966
15,99fc8ed25265e58bc94d9d95180badf4t2e3i,0,0.06275440752506256
15,e613acb1029ecafd9792c9f75d468e4bmm9zn,0,0.04400277137756348
15,74fc24cafc7c5936d0422b8da306365byjv2b,0,0.0461774617433548
15,7f807b2eb6c391d55e67bcdf7e1cbb3fhylw0,0,0.15794900059700012
15,e909515a6ae94a86027c717c4085954akbpt2,0,0.07404407113790512
15,1880a778c9dd0cb15ca1f052308a8e04g7e35,0,0.04527485370635986
15,068450aafae2a6e390e35925d964290cdliqf,0,0.048825379461050034
15,88103add66b7113729a9ca82540684c9il94h,0,0.05085401237010956
15,4741959d26f99012b8a6a3e3954eae40hsy6j,0,0.045461710542440414
15,33031f476dec19fe47c0e3a051a68e992hmwv,0,0.04776996001601219
15,d6ebcf2149c311d221b233b268870b3d5gfe2,0,0.04245368391275406
15,f0c356e136831c41884b0732ae3198e0gcy8w,0,0.03902905434370041
15,dd055846eb553ab8e953b084f2048d53bdqec,0,0.957290768623352
15,2918b09c1ed9e9e8602f85175b266aeej5v6w,0,0.035699810832738876
15,b5310019f2bbbd975c64dc11189191022k8tj,0,0.04357980191707611
15,e3ea1d5464543a1ef3a9b60394fc4ab6i1jk3,0,0.03851325064897537
15,908ce7060337fd8550760a100921f6f7wsemn,0,0.039421942085027695
15,dfd5c9157a0a771f235c32f30aedbf84e2552,0,0.03759200870990753
15,024937af9ea18a2b57e4f08762d181f7s8a3z,0,0.0450688898563385
15,b9080651d16e3d6d2d83e1c5debb55b0qpwbv,0,0.044912319630384445
15,9e72fb21f7581cfff84e833d02538e5ar35kr,0,0.046458326280117035
15,99bcfc00be736e03facf0afeb79ac533cs7tp,0,0.03795408830046654
15,175a06fdcf622c9455d0a77990b9302dj23ke,0,0.050637390464544296
15,b719671479e7d75b1ba5a5617c95ccad4dkvm,0,0.04524459317326546
15,a8561bec318a7d3a0082b35b086b4428wekph,0,0.17945148050785065
15,037d9f10da403d8d5f94b6e2957a3702f6x07,0,0.7697295546531677
15,17c87408ee1009887112745797caeb7fwvqfc,0,0.04345110058784485
15,ee052a24cd3164af9d08fe77bd6b79dfrbelk,0,0.03804083913564682
15,f75cc5ec8acf1ad2349e00ffc4b3191a531f3,0,0.04018542915582657
15,97b002c9936e63a1fb9994a67615e84fft019,0,0.03709232434630394
15,33a7a0121e28cca4e42494dd0f5aa03fdhlm1,0,0.042896438390016556
15,9fada390b6c53ecb47e6f4eb4353e14f01xu0,0,0.039339520037174225
15,40e00fd204d0ce97110032bfc47f423d0bgrd,1,0.8531623482704163
15,26190fcf0babdbe0b0d903f325c52873tpj7e,0,0.050357475876808167
15,a74e3962ca26514976056bae3c46d579emz6y,0,0.049321457743644714
15,a6bf74b19fcb2687ce345930c4c16d4e2txda,0,0.03640693053603172
15,47c5cd21a74e45dd294cdd53041ec0a3dw3ge,0,0.5520039796829224
15,dfa45994c8471762d04deb23c6450598byp8y,0,0.041229430586099625
15,055282b75717345ba6f53d40e9e6d6c56qrzp,0,0.424669474363327
15,187636e527504df29bf42d4a2b7767e54bgv7,0,0.039421942085027695
15,1e1c9332e90c1cb0f01da223bc043c528cvwo,0,0.0488877110183239
15,a0660fe8a46b9cb6b02e7b0c50eef6a905vt6,1,0.8877158761024475
15,72994bece8c918a2c4c432b98780a7bdsctwr,0,0.041803788393735886
15,c9056fc0cade75299ed4438567a87d6ek44pt,0,0.043278131633996964
15,44c75302aa4404e23781f8337cddf6ed5tqun,0,0.047465816140174866
15,3733f7ea492eef1f69f98593d2122c50xwcha,0,0.045507390052080154
15,282fe85277f7c07b0ffbc5fed621a02ezp1zr,0,0.47467732429504395
15,d65c538ae39fc1a7e0677583bba5fdc6ax1et,0,0.2399456650018692
15,55b39a51c925bfb42fb812ebc5fe318emsjjf,1,0.9221237897872925
15,640f41f27c03aca0c45775eb918b666cnjsqv,0,0.047537967562675476
15,3c0026d48f3d6e10cef6cdb1f708793ccwkhr,0,0.046355318278074265
15,ca0c049b8c37c99ef93b6086e9947135onppq,0,0.03743653744459152
15,7fab82fa5eaea6a44eb743bc4bf356b3tarle,1,0.04588813707232475
15,dcd54d7afa6820e3f00e1c9e83aecc7b4f3lw,0,0.8826888799667358
15,65659f3fbf6207c570c4bb8ac64772e9umh95,0,0.04961860552430153
15,b232fdca7cb98028e8945005f619fb28p8788,0,0.04485175386071205
15,7029915a2c5aa5d964acfd85c30c3950b4opr,0,0.05237707123160362
15,3961434cea4339f0049798fab2bc73aekuxjv,0,0.04709106683731079
15,a8a5bcf248e1326b3340c88e057f59e9nlslq,0,0.047354359179735184
15,bf80bec9b4a8d29c494f8545f2a4be4eji6qj,0,0.9616143107414246
15,35b111da8e919bb34e80511be9cbd128pjjdm,0,0.05009053274989128
15,f8d0d52114da74d98800dc7553008705dth38,0,0.05528561770915985
15,3d7cff3dedd8a8e02dbc551c6a61da3bibbvh,1,0.9042107462882996
15,66513f72be85596a527f9f653db3cb72cq4jg,0,0.770531177520752
15,c2294751630e49a4e594dfd89383b271qzp0m,0,0.8506857752799988
15,67d245e38ee756947ed395fa099807fchxv99,0,0.04566873237490654
15,20d08c7edbcb4b4ac0214b664ca5bb9cprntj,0,0.040077533572912216
15,fbca8e44d824faa1fa6b99325758ff19vi94a,0,0.048884496092796326
15,3ddd3eba016fc11b07c8a9ecb3fcc2975bkru,0,0.04586036875844002
15,cafa845bd657b17eaa82940d4767d9dfe9uxg,0,0.04811480641365051
15,e69dc706f159ef6e26df0d88388bc5edlymly,0,0.04431837052106857
15,7f603f668968facebb0567015ad4c201kikrh,0,0.04541444405913353
15,9ebd57da79b9286fd67a53e61528cf63a1w6c,0,0.04110273718833923
15,ff566c87f2babf3dcd67be286e1c6666cxzh1,0,0.044129397720098495
15,3b947f8c954acf4354d2c3bdcd494fb0x54ee,0,0.04577111825346947
15,b1bc9ff2b98df742affda07c5977c7345dpm5,0,0.04344508424401283
15,b6a7b5bba132a90e7c7cb350d2bfa52d7sion,0,0.9661659002304077
15,20a2d48ac3400228e7a0296aaa596a0fvckdc,0,0.04437190666794777
15,9be87a4f123366660d7f6d40ffa493a8ffpsj,0,0.045353252440690994
15,662b66b1227816c2f9017cadbc148381alne2,0,0.041221801191568375
15,42cce5c657dc7d99911d950cb22fcb4fmzz5e,0,0.04645616188645363
15,51d2e1b98b7a1e42b939637dc6e11381zu201,0,0.050288908183574677
15,96caf14832aa8be04d98aa481b320392kb2gc,0,0.038312170654535294
15,29b8af2fea3881ef61911612372dac41vczqv,0,0.04759272187948227
15,9393cc68d0357d7b200a94fdf93ee3cf7xg5l,0,0.04317253828048706
15,06a58d4af0fe7ee15324b0e921e8de1260vef,0,0.3182671368122101
15,2d6a70a8341ea0fbe4c8537ffbce919etg4x0,0,0.04557056352496147
15,8cba56e5e7c2be942ea8472b73f0842fil1x0,0,0.04283072426915169
15,40efc98d259ee36a8c2a387ba49f39d0fa39h,0,0.6951785683631897
15,37ca0d0ded383d709676a4f9729ef39cpjfh4,0,0.046019718050956726
15,86091a1e6c99358936979baf67d54457x1dzy,0,0.041291192173957825
15,222a0e05442fec0af2d20ebdcafe4b28c2pi4,0,0.045964714139699936
15,7a71e329f3f2da98a3f82e7bfcb705a0t5822,0,0.04752926155924797
15,163097c029285c7eefa2d60e474d65b4ap2l0,0,0.043924879282712936
15,44be920e88377290bb204795f05a20369jp06,0,0.041059963405132294
15,cbe756ce81f5c420a1f7079791ed9aa2js2u7,0,0.04882463067770004
15,10f1460119f9e42bcccd0f68ef59cc830pwtq,0,0.042834822088479996
15,9f7e3e648ea8e6815c6e7caf59412e843iqbz,0,0.04522252082824707
15,b9743f78108aefe3995e1c2291b5f3278cgpk,0,0.04049685224890709
15,4b3e6a8a52c413a32f76a6d7a84a54bb8gb0t,0,0.039421942085027695
15,b77312a06d10e22e3caca85fc7fe0342b2adf,0,0.04983501508831978
15,d4d4b36ea722e5b939e51e34953004c4t671f,0,0.04492102190852165
15,de8943f2b113702c98ef695888b7d0c6my29p,0,0.04484027251601219
15,936d73a062928a362901f0e507d57b0a8rjs7,0,0.04316384345293045
15,2db8669a6d21a5c8197d4287ea32b7883gv5r,0,0.04810037091374397
15,6713e820273f591bdff7d26a48ee30c5k4iii,0,0.81910240650177
15,b7e16fd4fd9ff04b7d741b70730b7b6b1aw84,0,0.0711129680275917
15,80130530788e55de6e9fd515271859d1kgfsd,0,0.04390318691730499
15,4882587d42b3d7d8d7bec4315203f10bl2fts,0,0.04494115710258484
15,452619e019e5651a8d98e3d59a478b7fez5e0,0,0.04399454966187477
15,cdf76f38b6f46a3bd396a99123d26909xq5c3,0,0.15071292221546173
15,9af8e7dbdc3c620c8144d736242b3bd2fdbpx,0,0.04182577133178711
15,ac94684646bc6f708dcf4566f41ec05es9v44,0,0.046608567237854004
15,4bddcd4957ff826dfd3b3efe6eb96be9aw5tz,0,0.7087870836257935
15,e2a61feee7f94b49d7de1ac6efb237c0fjt1z,0,0.04125995188951492
15,1717f6d4c48ae8d3e5f2566d4bb525f854j6d,0,0.04282139614224434
15,284cd72e028fe176f935114521ee998c5jsko,0,0.04446043819189072
15,52d8066e28f168e5bee769559ead307e1go7e,1,0.8278557658195496
15,1e050a096927d5b34f4a85d3af28d30eybsaz,0,0.2038683444261551
15,03a1e81cb7bcd15014489a6f752c9d5b7pvel,0,0.04570463299751282
15,d8ada60e3b7204a104bba8c073136bb40772o,0,0.04721399396657944
15,557f06b312e040ed3cd7dd2a011cb83avyut1,0,0.2742861807346344
15,d4be674fce23aae81c4cb946d4fff8671gxtu,0,0.039853014051914215
15,d38b2db568fb71174bf883554bea939ccts4m,0,0.047051623463630676
15,4761b2fdb4ce610d1d8dd9ea50f478cf7et0f,0,0.04569503292441368
15,3bc8edfa1995a99110b957ee98fb5c76nkl7t,0,0.7083636522293091
15,4f07602a713c192a941204b27e2abcf1srnke,0,0.043011151254177094
15,89c8eefbf6f83543ce0792d1e4b86057ti16q,0,0.0456075556576252
15,a4630d8b78c796441a1be187f6907b11c5eu0,0,0.04474829509854317
15,612d24dde60a1b42873ab7b50944c6dad3dcb,0,0.03759568929672241
15,0141844fc725a85e38e12cc02fcdbbe8ofqxv,0,0.044818028807640076
15,359444416c25e6e90ddb2e3d3d0bc23dufn9s,0,0.0450989231467247
15,c7ce5ac2fe5f03458fab59c78b19bf7c9wzf7,0,0.04765297472476959
15,3e85a43950c71b1988a814682abd4392yakvp,0,0.1761958748102188
15,f0567f6d45c0f83b9874681fe8dfe0ba6hjlf,0,0.31029215455055237
15,ed5fc53d096bcf1b86c30128040e775334ut0,0,0.4379354417324066
15,58c3300ea9095cf5e59e27abf2a905ce7tl6p,0,0.04561639577150345
15,90eb8151eb82441b084d04893151619837abp,0,0.04558463767170906
15,abec779131ec6bd32f5e32ed0f274400ekljo,0,0.043707527220249176
15,b2a19e17e1b9e0bca8e4563efbff5fed7v9xe,0,0.04672982916235924
15,bd0071b98d9479130e5c053a244fe6f1muj8h,1,0.04487251117825508
15,173991472d4ee18932f8514b9d4a9dba7rjqa,0,0.045698802918195724
15,0a7446b63f183a4928ae762ed6cd1c4b894qz,0,0.04448844864964485
15,e561791343f3564a6fc612a98b5f3df34rxok,0,0.045968543738126755
15,b1c2e7ee5c69722df6233541ad5e784eutiv2,0,0.04265609011054039
15,98eed7cbee9b1a1b526a635648e7cd2fhbt5w,0,0.05119626596570015
15,c8d3fc73c1a41bf92a5e4982eb6cf78du8gg5,0,0.044762685894966125
15,2fe472c1be232dca314d4bdf0fa95165rjv69,0,0.7263479232788086
15,d2fe98eb0fa21252956184a98138c58dwp1ah,0,0.04507865756750107
15,1ef47d501d4b36498b51e184b1027981xu89r,0,0.044620998203754425
15,5dd3494b46f39f8c8783c25527b64dd8hp8ti,0,0.048065561801195145
15,aea096a392f55d95c3e45251931e9755a9t3o,0,0.8341072201728821
15,a5fb60c136b7e0a6d0d6e27cadb2a797225r6,0,0.03925342112779617
15,ee5afe7f268aaa88598545df890f4e5fzari6,0,0.04391872137784958
15,0bf6e0e5184b3599bbb4ba1fb3a43549ije34,0,0.045937903225421906
15,613fe9b896ce3801e40212b3c8a8053c1e8nj,0,0.037362053990364075
15,72dbc4a9f579a9444c126a0a67118783092ec,0,0.04555417224764824
15,de3bbaaa3bbc1fd1f751d23a972916d80q8e6,0,0.04528556391596794
15,8af01eeb860c2e6b1512377f28953110ml638,0,0.07211681455373764
15,d9a813646e8fae954898c1279196f5493gqzc,0,0.045268505811691284
15,e9b27622a64f2eb9dc7559d43bc45e31yci23,0,0.04290052875876427
15,76d4a0147a60d871867f00adf45cb792w9c6n,0,0.30169302225112915
15,60849c6d966f178808d94543173cb93dog4gt,0,0.046762388199567795
15,1dec9ee102b29905e2f59a52fb7429826e8b4,0,0.047820672392845154
15,97ac4a68e5600c4b7a960d9580d4f251470mc,0,0.04304150864481926
15,3df41510a5044de5438015f37dfa3443bt7pp,0,0.04411477595567703
15,a6214d8bf07127661f322afa7c8dae91ypizm,0,0.044788908213377
15,bfc7a0819397d910db7c24eaba1ed4c68dwiq,0,0.0445292666554451
15,70daecd44c89c37525aa2ca294378ead4dggh,0,0.9655264616012573
15,39a5a16e5a67c2fb51789cea4d3091f0mv996,0,0.03776177018880844
15,95efb775460080c0da57e154f27876d75xnsx,0,0.04413813725113869
15,89291354b0939c342be97fa58e018bd89fvcf,0,0.04244662821292877
15,70c31e8b3476b953648fd4f8775c1950m1uz4,0,0.043397657573223114
15,ab0b0de534bad49af05faa626b88389cmjj8e,0,0.041613489389419556
15,8bbb16c0a1bb808389051c875ebab1cea0v56,0,0.043370701372623444
15,c9a97c18992adb02e6c2e6a8f9cc1daa1di5k,0,0.039339806884527206
15,1a9765ed302d0f91b512c23112066e41s755q,0,0.045299168676137924
15,08981037e7a6c9032716ff25b15c9de25p63s,0,0.9664782881736755
15,fe6adfbbb2fc1ec0c3edf6677204bcb245uf2,0,0.04363498091697693
15,c7c854748038ddf37b8a9c4f5a28073fsut8p,0,0.04099736735224724
15,bcda2135a2456d611876679b61dac500vs7sx,0,0.03990059345960617
15,d6517684989560cbb0da1fb2f5bbba9b9y2st,0,0.6973309516906738
15,716079d1913959ccae0307f760bcddddt6d4o,0,0.04340999200940132
15,292dedb5371b8e0ebbeea57f14b35713e2ie2,0,0.046268098056316376
15,a71f9ab1d130394882cbdab3c886f1b0fm6hu,0,0.04342542961239815
15,d3920630f4891b9ef1a8a199ce5c830aua4yi,0,0.05116971209645271
15,3a32eb1c6dcc818e0df4953e978f2e89ljhnf,0,0.04446053132414818
15,c08ae3075278ed0d139f00ead52ac2b0oy8nw,0,0.044206976890563965
15,464506515f2ae684bd510b3a50b9121ec7v3a,0,0.04663962125778198
15,098bfc9c440f9ba9e6371f774ec6a36fa0sq6,0,0.04752226918935776
15,1df1dab2eb718c3da3f9a0aa90b93651sxqzo,0,0.044780902564525604
15,b1e106943db37b1d002bcbe06b264b8bahuy0,0,0.0470699816942215
15,1def3e23e479c9739abce6b3518013d39oejk,0,0.12703582644462585
15,dcc5a79317a22bd0f6dca1f60fc866a8bei1d,0,0.051437366753816605
15,f9378eb3e522beef7e6a4e1f275bbe0eaboro,0,0.039421942085027695
15,c5120d10a23eb0c10d56a19fecbf9da85t4ow,0,0.04588955640792847
15,b9c59dcf41cd0a7ba779154872019cabmohkm,0,0.04360959678888321
15,6429ef4aebc7d1f4027b31a6e900d165nqvyz,0,0.0370912067592144
15,2137e2626c568af8e56bfb72fdd5b9e19qiyt,0,0.04514303058385849
15,b8d88a1167ab74ba64fd6d9c83308a6d4oa6v,0,0.03774983808398247
15,384ba7c5a8ccf55d174080d9ad7de9b8mfysi,0,0.08312606066465378
15,ab3e02a6b47b250b738fdb010dc84cd7lrr07,0,0.03918732330203056
15,2b13a870a46975494b749feea0c5c7ed170ll,0,0.16503208875656128
15,a7c263f3fe4f19ff677e5cb475f7e5a3gdom3,0,0.043686430901288986
15,1aa485901ede7baf78ea116e297e9d7f9en6i,1,0.8571950197219849
15,53f61a2f33e8b07e49da643af49884782vzdu,0,0.04123253375291824
15,9f280cd011f10593dc245dad1d93b11dy6rg5,0,0.04469827562570572
15,ef1d71dde32e587e761a1b39d5b374c7gk68y,0,0.037865083664655685
15,3694aa599f836a57b671ee0814b071775i1nf,0,0.7895824909210205
15,3318a824cfbd3d3d177ab7e9520b21cbsrcgr,0,0.04415414109826088
15,2b4b36fd77eaeabbdad8fac68b17ece5ey04u,0,0.04939807951450348
15,f069e2e45ce316168a94b972c5b7d6b0f342m,0,0.047466568648815155
15,989e8e68621a43af5a8d061aa91bd9bfshy7d,0,0.048881687223911285
15,c5863a228287327c9980d12a632985da9vi29,0,0.20135892927646637
15,c58ffa073b3b3deb4e993ee5dd05347cmvfur,0,0.043751318007707596
15,a71f84e476d03bd0b25d45e44eeed9a8efehw,0,0.287443608045578
15,afb1d898d15663a9477870391cf39b697gso2,0,0.04259318858385086
15,8a4fc219f01e1fe6d4328b0a47fc54905iv05,1,0.04783645272254944
15,ffc4e2dd2cc08249f299cab46ecbfacfobmr3,0,0.04425184801220894
15,60edf674563f85b227898f6af0386476efy45,0,0.04469218850135803
15,24d4554556deeebf61510cf3e001edecu8hgj,0,0.044874198734760284
15,781972f2af3af2abc492f9dbb0f6fceahnban,0,0.04559623450040817
15,98e6dd2906ef1f7c13284a309f6b160cb2ujz,0,0.03561563044786453
15,2f9a7b01fcce94499a59aebfac98fe1ezsk1y,0,0.04358851909637451
15,7a9519ae09e328b09d18473f96ef075fzrs1v,0,0.044295985251665115
15,4f57e657df5ee5d9207178b4b6858ddak9ouq,0,0.047222428023815155
15,57c4421263d37c2cd2573cd7245a7a80h0mjf,0,0.04402173310518265
15,87c5fcd8d9582701469f94bff3cc415dvq4ia,0,0.04491076618432999
15,b7515e5f181a6d4884674897226cfe9cpd6d6,0,0.046888433396816254
15,c435ac9dcda855341e667d440c2ef7c6nd3mg,0,0.03632534295320511
15,1ba9422d7a55aa5abc3ff37d1cafa9f2yds7i,0,0.463558167219162
15,c6fcf1f7b824c864d492c4cd676cd702owsuv,0,0.043750420212745667
15,fc870f3872dd5e36e4dfc4ccde28cc930tify,0,0.042171355336904526
15,e587d92842526255c86d3b0d425747ecib83l,0,0.7757108211517334
15,cd9a7b22d85c35845260cd61a4b65cb2meyel,0,0.045605309307575226
15,053cefb7e952bd81d7a6db267a121747te7lo,0,0.047680098563432693
15,ca5d4f0a3ea342fdc45c3325e5311049e2uis,0,0.050175804644823074
15,68d0de6b2b019e4f93fe89ef3c9d3e21zajj9,0,0.05801595747470856
15,32dd072b16a69411ba3f67992ecc3e2144j5g,0,0.047474849969148636
15,2e463fe6bc1616f8392f82c138a6a436mbtjx,0,0.042256273329257965
15,f8e90361c36eb3f6fbd485748e731fb7w2ci4,0,0.03759381175041199
15,6f6e3687f67272b103351641b678225abarzw,0,0.043972793966531754
15,d5b75c812d172da1ecb3164a1cfb7527688gb,0,0.04469892755150795
15,8cab09b069755eca2b4e7fd6f6981d7d8n88o,0,0.04645296931266785
15,ff92ea4abd33ed38601287f0e1d6726dmgx1f,0,0.966918408870697
15,cf18f6766fadce944ee74796489c23acmqhpe,0,0.044239629060029984
15,782557b3ec17063f2a36fc9193ed3200h14me,0,0.04990875720977783
15,1c61726e316d5a16aaa80b429080c534u43s0,0,0.043656717985868454
15,64abb8a286b2be97349e8b17abcce6d9rygza,0,0.04290509223937988
15,f219cbb3d454b32953619d5a4551f56dcg7gy,0,0.0412200465798378
15,83c9359ad94eab7f4b8fd582a6db4733frmsr,0,0.03684071823954582
15,6d033ec559ea79a8ffb90d80e0b24e93j82av,0,0.03955120965838432
15,e704e6fedbe6caa9b434509d085f4c97nq6k1,0,0.04469885677099228
15,c1850964c360c9159e5d1d0b6485e210s6uvc,0,0.04360181465744972
15,5c2d250afe88df6e4ca3ff08d991eb67s5erh,0,0.043357014656066895
15,37bf6f23b628a3e2b5b22ba81beccbef0efoh,0,0.640067994594574
15,c0e4be8d520c7bac2f51ad80a98876c2aan70,0,0.04514976590871811
15,7eb7b2f6a914afba5c3d207dc28a93aed9pnc,0,0.044017888605594635
15,8bce581a91921adaa5fc20e627cd7b94l6cp6,0,0.04416865110397339
15,238808859d7752579a415e89a395500fh2o65,1,0.04607566073536873
15,ae37c0f4dc6e3d99f5b0243fd18294cak7pxy,0,0.6336442232131958
15,340d7ea497f16bdb912ec5c6ce467f71kk7hy,1,0.8911676406860352
15,ba319b8bb68ca6a12086f2410ca7fb3buxsei,1,0.9695311188697815
15,0b3d5f829d18ba30d967fceecb58821c3oeqa,0,0.30117660760879517
15,7ce3afe39ece9d672e9adcf3dcf2aa44a8r22,0,0.049288176000118256
15,074daf9a99b01591cb0637cb95c32600roriz,0,0.04425682872533798
15,63424f85cf53557fdb5dfc6a280af75epl45b,0,0.04771164432168007
15,d4db72f36e6ad1668dbc0bf4f0e1c49bn12a2,0,0.04497271776199341
15,93e3c34171ab65e0b031dc67461e48b478u36,0,0.627842128276825
15,069d020584a0e8c61e622321d4c43881j7pl3,0,0.046459753066301346
15,862eef3a75e1351593b54975cd8ae1b3swcxw,0,0.11781787127256393
15,0a09adcd35b5f26d75f251006affc747drfu4,0,0.047519464045763016
15,ae29b39843141a73b39ada671ce6b6c0yxlb6,0,0.04492267221212387
15,a4475cf8808f8951dd5163ded3ee8032g9vxd,0,0.039421942085027695
15,026819504b59bc4eefb9963d5fe4271aql15u,0,0.042531948536634445
15,ecce760edfc6ec5cd5ddc7037c514dc3zod4i,0,0.039814386516809464
15,4b9bf4cf1085e9d839e833e4b9d40f2a8ps14,0,0.04502931609749794
15,a6f994251abda6687ada2e9de52bddb5cisa7,0,0.04458891227841377
15,8473148f069a890b7323fe8316861a71qoxv1,0,0.04392004385590553
15,fae553f133602fba6e9e6051dfb27fefkruax,1,0.96292644739151
15,8c939b6713b7881538cb05eca89cfb1cw1lhm,0,0.046147994697093964
15,bf190f2cffc1a77f0957f8cd1c98257dofy08,0,0.10187215358018875
15,8884b7af726ce7bd929482ea13de19d39lzuv,0,0.04985390231013298
15,9d33ed2efcfaddba0307d12142f3041ce731l,0,0.041016023606061935
15,e8bc0150097c1b2b8b8c374b69e0d3a6mxfcm,0,0.04648054018616676
15,737d19fdceb065359c77b81d27053c4e5quiq,0,0.04696875810623169
15,e50426efab1e9d60b8f7258130f8791czrpvg,0,0.05077953264117241
15,d42604c7cca8ec92839e92508f2a3e52ehz29,0,0.2863576114177704
15,c8b23d6565e11d874e221f41440ffd25mrucd,0,0.03763657063245773
15,eb27d8daded752fc0d1c828867b0f118cswwq,0,0.04123648256063461
15,bef84146ac1e2f21e928e06ede1404793bfnx,0,0.04458954185247421
15,825226b69f2a5a8337ca611b38223989aumow,0,0.04062820225954056
15,0f8cb1baa83fefac10f885f79149bf13kn4nw,0,0.0656055361032486
15,f75a0f726d764514f612ee8cd8f65adegt02s,0,0.7730491757392883
15,332ef2c7189603a497fc89345ee4f5605i5xw,0,0.045275039970874786
15,9dd7e7ef94a7bc5bc9f98c42099910e7o76qh,0,0.04376095533370972
15,bdab2be5a94c6380c60b902310cbe1b6rs4iw,0,0.04818436875939369
15,050a3b29ca1818e1f237df8132bc2013bcuxi,0,0.04416042938828468
15,55d9cdc3af85efe87b2a6f22a2cea96ezy2ax,0,0.04587467759847641
15,d9dfeadc7e0e844ffea3cfc706daae5dt2hhg,0,0.04322868958115578
15,af50d549e86276f034e52037722dd5aetouu2,0,0.04496481642127037
15,8152c94b639be88e7076f0e32bd70e0eg004b,0,0.04380427673459053
15,9ca7afbb673865b01cd4b02846054fc1p3vjn,0,0.09260514378547668
15,bc3d08ad6ac94b8b5ce40a29b59899cakj3p5,0,0.19773510098457336
15,24a32bf10c4a5d4d91c27da4710c869a0nqim,0,0.06614924967288971
15,429b876aa7e2d6741ddf322685363ccchue2v,0,0.04519607871770859
15,0918eedd8324da06abe5600f058480dc75nfo,0,0.04572409391403198
15,ce7d34398a6d6011bcd96ff0aa82b6674hxzl,0,0.04424363002181053
15,c277151116ce38d8245f9f2308807af8t4nnj,1,0.8232449889183044
15,de4388600d997803223748e48bfc7b16ggyrh,0,0.04345640912652016
15,069d251f2fc19102924468ab38349d5eou7ab,0,0.04030044376850128
15,535ed161b4c9960a71ccd53128df4766ddyq6,1,0.952250599861145
15,90953913d629a03e27590d0d0f64456601ktd,0,0.04354746639728546
15,c843f90bae7231af13dd0e064a469704drz2x,0,0.042990997433662415
15,13812c0d2c8c474bd62481d932407687o26kg,0,0.04241061583161354
15,77b7daafef906aa3f941992bcf94dd69zxk2p,0,0.042060062289237976
15,eef111bfb93c213c174947c69b2f2b38cr2pw,0,0.08825359493494034
15,4aad6f0ffe775217e4ef8c91d69707545li52,0,0.0439811535179615
15,a25f4c6838b83e0fcba372300c23c2537k5eq,0,0.041493505239486694
15,9e1f21ee1888368e77b539083f4b94ddv8mrl,0,0.04371972009539604
15,07012e0507b4281d430b93ddcd96cae66und7,0,0.04639992490410805
15,fc48aad7a51d965595b59550e08b94c670k7w,0,0.049471739679574966
15,4b72cbc9d9ef0238bb666feea6d79e718qry1,0,0.047535091638565063
15,fa918060747386f431a511c862565e34y1pdw,0,0.042433228343725204
15,24db47d284a08aaf119eb3e0c45eb646i46j5,0,0.04100418463349342
15,b8da3e0dc73d1f453ecbe6ee4d4e8791pr8az,0,0.045840729027986526
15,0446457fc8e21596799158406f77b14catx8w,0,0.04529868811368942
15,0c55920fb607fef2d33324f33565758a6e4dj,0,0.044105108827352524
15,25331706aa2157419da068e93f3989feyo7a0,0,0.041137006133794785
15,e72d1b2319a2ef39d016c41e4824b68evxe53,0,0.04272647947072983
15,916d2d806b772c9f227a9b3640e31469ljrxo,0,0.7546375393867493
15,53d9e7fa087a0dab6a472bfbfb694622jv072,0,0.0411551296710968
15,eace2a2890644d703c619fff7e41a9a16k7lf,0,0.04548797011375427
15,0a92c4fa2bcdc8e952546d236b322053o5wbk,0,0.044555649161338806
15,3f977186d125ef8bcbee0c1562c7ced2b4utq,0,0.039813585579395294
15,cad151bdf2e29b764dfd3acac022e5dcy8n83,0,0.038394130766391754
15,6ce47fddd94be5792190cad9d972a5c4oyjww,0,0.040044818073511124
15,a639448bde9a72923b70917e82594fc66sa2f,0,0.03625855967402458
15,7959bd565852dd880cd31278fab3660fuaqyw,0,0.03965426981449127
15,8bc2a424939c50eaf4a652e253421b0f9b0y9,0,0.8314723968505859
15,5cdd665a22747394620c17b7753947b0xgzhw,0,0.04427310824394226
15,21f5b103136104e4947e293983dbaa5b4tder,0,0.9366130232810974
15,a4e83190edb97fefdc4a6cbfd00f41fbm7c4o,1,0.9032531976699829
15,9dc039dc57fd67bd9e7157f4f697ae7eloov1,0,0.5603951811790466
15,98c12418158dfb9494af01308ac2d0588gfw2,0,0.04317585751414299
15,5f529b5ee68b60482c5d0c56ee91f3c2cjrmx,1,0.9646757245063782
15,c99b1edcfc7f0c751b68fb310d34b75ei6j82,0,0.044095683842897415
15,e60b306c01cf0c0be5c7d54facf927044g5d2,0,0.04760024696588516
15,042780ee9a3730703e35340c575c3cbb7zjwk,0,0.04574508219957352
15,0f4669e36b2e721dfe27f8633b277a1575erw,0,0.04794496297836304
15,b28e6a39ef0cdda29c5e350e048c3a813idk1,0,0.04516346752643585
15,01f498a0992d280de63ec346692efb2blckg2,0,0.05143394321203232
15,14c69cd7fbc8300876f287520c493fc8xe2o6,0,0.07106251269578934
15,4089a2b7f26e5c13a7f3350bd52ebf8fh21nm,0,0.9594997763633728
15,b4210edd4ec9bf872c7108fdb3c6aae9cjwz7,0,0.04187352582812309
15,4fcdd880c4e1a1767c4d26f74bb3466f11osj,0,0.039421942085027695
15,622a477170c3e2215b7e3cdb06db93aezz6t7,0,0.8548264503479004
15,802a819acf0601b43fe5426cb48ac0bbqwfu8,0,0.9162360429763794
15,65f52b46edfc7fa64b9e74557a78e52c1it54,0,0.04378121346235275
15,6da04647ce16d0f00051dfeaa94d3313ox30y,0,0.03941652178764343
15,8c339df2050a428c04a1c2bcbfe4a143loj8l,0,0.06258822232484818
15,458c8c4e10e5c1b29e3fbe5ee56d46e8y3fb3,1,0.9666162729263306
15,7d063aa96e7a065ed5ff9deb7c851bddhrxdj,0,0.041980430483818054
15,b9cb81e5855add059728cf932f0624fefbi2t,0,0.04539668932557106
15,5640f30464bb5a7bc6e98fd2873fc25dh78hp,0,0.04904083535075188
15,55453d252a225f3b046c094a7aa330a80dr96,0,0.04531082138419151
15,6b1666662837213ce77c329d8cb2a842epaeh,0,0.04435228928923607
15,17a321c4a0d925ca80507effa52330ac5n5r7,1,0.2105623334646225
15,8b253bd318229b3eea3f459bd81b8347khytb,0,0.9700592756271362
15,03e884d3e7e3356608187d2345e4693fyt29x,0,0.04500266909599304
15,3fe1dacbdaf96fab0c213e218968c518twu76,0,0.043929796665906906
15,1dfb637157cc0e590e50d724cd4cad6d4cacw,0,0.04247599095106125
15,aaa686462ebb950550fc1c6136ffb273vkrc5,1,0.48689937591552734
15,f6485cac867e1e7d2d991838551b4c4bfnarv,0,0.03844752907752991
15,65d8228c6c1e5b6042f397afed8a5c7cbo6x3,0,0.695517897605896
16,91a3c57b13234af24875c56fb7e2b2f4rb56a,0,0.05884762108325958
16,57db69e32163f3e486dc6ef7d615aa12usje6,0,0.06498518586158752
16,c0549e76b179912d52a28c3eb9b29376yaxvu,0,0.061258189380168915
16,11a38554244f3c14de043aaf52345c35jjqvo,0,0.11011093854904175
16,0b68888358a492884e3885bcd73ea63bhxidk,0,0.060039449483156204
16,eaaae0fb54c7d36724a9679c3128d5a7gn4k5,0,0.7892399430274963
16,2c581ec91825362ab66a7ffa05df5e70hl3h3,0,0.06166444346308708
16,0d0b3d6dc27d0f8eed70971f8c6bec1bdrs0f,0,0.060279421508312225
16,2a7d1f9483d34546c4d099e36e3a79790qvjm,0,0.30250459909439087
16,c62bac5be6489bc0e0a7834a11167171c8ww3,0,0.11362656950950623
16,98783b6bd490f32f56c315307643c824nimw1,0,0.06082814559340477
16,848d3eaa622b26fe57d352eedd9649f4v6obv,0,0.05691060796380043
16,64a39f766b2e9d9471b104f0d0289740a9kdq,0,0.06094294413924217
16,e3ccc9bd16fa1f4a92fe87b4a54e5e72uficw,0,0.6901573538780212
16,a3c2ba79963b637f15086e6255a46253lwpnb,0,0.059752918779850006
16,2307bb06855a6fe75ab56ee6b4a3860835di5,0,0.061445653438568115
16,6394edfbd35aab54801518835e33ed50hcr5f,0,0.06243399903178215
16,c5babbaace35399cf51a9356bbc22733xpi5h,0,0.05955584719777107
16,af98b7d5a7c1ccd2968252a2fb1c06f69igbv,0,0.06017788127064705
16,8e1f8e5907b3cc256a2a57ae9ac81e063gbz4,0,0.06115936115384102
16,6ecd9f4b332eb790dc933aea0a1528e2qkp4y,0,0.05786144733428955
16,d9c6b6d7290e4475bcd6d264fb33a706fqtvc,0,0.2726317048072815
16,9ded76c5244a2116a3b5432fa265a800j0bvt,0,0.058454811573028564
16,53691811bd992911edb9f5f64f49d8f5luk1f,0,0.06213280186057091
16,ff58ffde976a4899dcd89597a7877e18lntgz,0,0.31281009316444397
16,20cb327bff59dc8f4fe1ac68a30f02eb6jrq6,0,0.059657786041498184
16,03244a553a252dcc3a3037f0371c8d33fmpd1,0,0.06181781366467476
16,3073231f45ca50ad6830d4dc7261f283iwjjm,0,0.058839887380599976
16,47e0637718480102d235233c83661a7850foh,0,0.062028490006923676
16,9653f425ed82418570fbca890f7032b16sjjd,0,0.058930203318595886
16,efc61ad6db17265a4bac85f77b154ef414tpp,1,0.061608634889125824
16,dc52611b1a2c84c0949da5af9870d57fj6ab0,0,0.059705205261707306
16,961ab8cb7952191816db53f8a11a35fe1zecm,0,0.059657756239175797
16,74ecf5f9adfa4dcca4dcf020209db81arynmk,0,0.06110391765832901
16,3d9910a238a0f282ad3132dd6fc981c8tv3tg,1,0.9397530555725098
16,f90f13ddfc0f98cbe3c2346a2e30093cq6zo0,0,0.06151440367102623
16,fdd836950d203286832a21b930b9f6b58ch7s,0,0.10446938127279282
16,2c72df02de4b36acf72ba549630808612ol08,0,0.06232123821973801
16,01c5692d487454cdbe731df330bef608f48zz,0,0.059041161090135574
16,f80075873f7183a03b1b10ac3f740032v6w99,0,0.06007556617259979
16,cf22da37578048d2e51eca1e544c693cke5t3,0,0.7848362326622009
16,a94c16f8a98e493e2b4390b1975e690dv8cmu,0,0.06160430610179901
16,f63ed13362ce1c80970ba28a095c2bc5kfgmr,0,0.06100410968065262
16,f186d292f4e83f70a92c97f92993f655ygqzw,0,0.06014731153845787
16,72dd0e4788d25f62cc2ba942bb9499dc7quqj,0,0.05774795264005661
16,e0413f338c43c9d55ba53612d2068f65t4gs6,0,0.07933779060840607
16,6a76d66f035914f93ebc725a0998b399r4gdq,0,0.061828047037124634
16,929b75b44585b34d2b917ec181ecbcf298fr8,0,0.22406849265098572
16,eebfd257525e52b67969ae9d8760afff12j3d,0,0.05980365350842476
16,f46cfa9acdb6a4c419c70c19be4ff9523uixs,0,0.05945241451263428
16,7339b024b285f99084bcca768cce5c7e0h2op,0,0.06222258508205414
16,354baa6c4764a5bde013ea3f7edc72552r3oa,0,0.9528099894523621
16,82bec02fec2f08899489d7a5c35a30a0lbszo,0,0.061112694442272186
16,ac494ae5acf003f84ba46f5741618a8dn19qi,0,0.06256236881017685
16,ea57e35acda9a8f8b75f4d9bc049f74d7qx3t,0,0.06725805997848511
16,481db1a88023d22b3533044bff5239dbf3cda,0,0.058030784130096436
16,20662832566daffac929f803f0c236eaperht,0,0.06248313561081886
16,42c407eb70ddacdcd59d63f22caaafc4fa0p2,1,0.9389927387237549
16,28aa6c505e308e49e586e25e1897ed2axjiy0,0,0.06075374037027359
16,ff12cd48c7de8ffb8b2099f262ce03980dqqz,0,0.06281105428934097
16,e0544483ccbafc4842cba7650677d043n2e5c,0,0.061648014932870865
16,76218e14c379c12d599dae9e1c00b61a3i5b2,0,0.5054312348365784
16,d2ebe13374f25a12865d50c17af1dad7yspzq,0,0.05980285629630089
16,bb790a228de797253bf6afa43ee52eba1s2dx,0,0.7238105535507202
16,c2d1b8c1b7a9c8010f5b215e8aadb1d7gahpp,0,0.2639799118041992
16,791031a63c9e2b4835caa9a4cc1768baias2l,0,0.0611666738986969
16,7607c4efa792a69e2a8949ccafcbef103squn,0,0.18085554242134094
16,f93a998dc10a4c98f65c6b86fdff651d5i4qh,0,0.06257709860801697
16,334714f005e994d46cf4d18093dd4d05fyxc8,1,0.8829934000968933
16,570910327f5584ea1ccba92634d89832lo1zc,0,0.0622575469315052
16,27cc072f1432f7aec4b7e17cf2e473f2x3bjg,0,0.9450109601020813
16,ea6c07fbbfc3f0e549701b1e7b90c4d21zfjl,0,0.06245870515704155
16,01eb9dcbd0b3e79d94020d13d83a993ec9d2a,0,0.06144255772233009
16,bd0f0c497ef09b5c1bb18b330d932bffktn3i,0,0.07222163677215576
16,6a5457f1038c6e1cf9feb57529ce07b2sff4d,0,0.06025862321257591
16,c755d2832026bc2a6f5d2d6df5740f06mr3nj,0,0.06066122651100159
16,7f4e84da8ed11f4ea3a2d276f49949b7o31us,0,0.05873009189963341
16,22401c4dc0cb1e5d52da01ebb8b2839cdoauo,0,0.05769026279449463
16,e5f43783127506211df8c6290c2ecadbyr779,0,0.062368083745241165
16,f2bf8c94172c4d71076e151cb4e136007iiur,0,0.06096005067229271
16,79c18f0460f9bd86bcfb25da96d91490jfuxv,0,0.06029749661684036
16,c4b598fcb343bdd2cf826fc7541500e40xtte,0,0.061763398349285126
16,b970a53727b2bfaf02079779c846a52fj3f0q,0,0.0610550194978714
16,295fbc4ef00fe0cea7947811e78bb8aez9ti2,0,0.062357719987630844
16,9c0cbc0fd8a6c22ae3648801ade080fek6i13,0,0.08411726355552673
16,11b1859aaf7fa93818baa76007cf7207d8uwy,0,0.06163553521037102
16,57e1892d3d62d87c9ba5e8425a1958c0fn11u,0,0.061419740319252014
16,d1f000f475c502ecd2e993c52987e63ed3k7n,0,0.06174713373184204
16,a3ef8857f2e33ecd25c409622b4e3ebcij8hv,1,0.9565624594688416
16,db5e9f85e7d180f7d952f12e5dae5900q9xif,0,0.060834601521492004
16,e1fb642deec7b382433de94983d97681o14ko,0,0.08655024319887161
16,3fae46174ef1a7dce5e9893775f814c4so8s0,0,0.062438711524009705
16,6b9a3d480add21788772e118e6d51ed57e3w9,0,0.06147060915827751
16,30ef7862d69b3440ebf2726ee85a0b8397ta7,0,0.059931326657533646
16,644e284380171fa793695a91b6a12c28jcwku,0,0.05746246129274368
16,18eb8d55c84019b9196c5ca7e072b287bv68e,0,0.06045932322740555
16,4ab56df4b1befe3e2ce5cd98e8950ba2psqq2,0,0.062415461987257004
16,2b72d702b44fd7dd58062e326fd8e4779j8mp,0,0.05871591344475746
16,d63671871e4010e904b9419e48781565weafn,0,0.0713021531701088
16,64885ec89a54c64598b2d196e1fe2e351cd60,0,0.06077059730887413
16,2a4654987b59646a120ac74301339afc4eylt,0,0.06219650059938431
16,3073d007a5b42b827cc770ecf4805278xvvzl,0,0.06106089428067207
16,9774dc752f855f07b9c00eb7018b607c0ymxo,0,0.05981775373220444
16,05c6b93bf8f083b2d0a03ffc0fc3524ba8fi5,0,0.07889308035373688
16,dd1675bf26316cd4630087fb47d0ff8fsug8e,0,0.05940602719783783
16,4703c8940eaa3f3bf5082ec2f155a8619i1yw,0,0.36619699001312256
16,a99f91d51e8d9f5786dfa52e24292dfebi55j,0,0.06121555715799332
16,c9fbbfcc89730e961499b4b30ffc4a98umxko,0,0.06058010086417198
16,a60101895443bfa5d4485b9c2c3e1b68t5ppq,0,0.0575282908976078
16,0870fb7e5701f3ba56762b03e157afdc1yw7u,0,0.9185395240783691
16,84bd02dc56fb7c3402426ef7e8e166e2ptwo6,0,0.06260935962200165
16,d7c046d4328c139e76fea7c1833e8fe6fx4yz,0,0.06119308993220329
16,8bf04b0a219c7834b25057c0220b4d0dhwdsg,0,0.0613432340323925
16,445305769cbfccafc89ff5ebd004598einesy,0,0.11385258287191391
16,012441119bcf83b23d4768bb72cea6d6carua,0,0.05955973267555237
16,0e8212e286ee36da8945c2480e366417xa22x,0,0.06058846041560173
16,88bf2c0f5460e28deb5eca2ef8e5e809ol5ru,0,0.2750387489795685
16,b725a638efd8d51f66ae2f22ce1df678p9es7,0,0.06209863722324371
16,1ac788675f70655e71a013892d701e901kj13,0,0.06062057986855507
16,796961698c2f2442e73c5195062370caawzzo,0,0.061400823295116425
16,84c4b58a1491da3a30710bcdf61f87054xfq6,0,0.06217488646507263
16,b4550ab1da3a3ed6e4a206c9ef78d496q23hb,0,0.06918931007385254
16,156f4a8763e602ef789f8048c6928676a1ily,0,0.0624995082616806
16,b0164d9a18a3cdf6082e96f9708040690qcqf,0,0.40154409408569336
16,e9c8ee7f783723fe8496dd35232d88f2or1r1,0,0.3218160569667816
16,8720f071e045d4cec9d707c583a3d64avjyyy,0,0.09769618511199951
16,05a07a27e235d01fe480ea6ac73b8838jq28x,0,0.0647774338722229
16,9c223f867c65938ce8623fc41bec08485xddt,0,0.06106334552168846
16,936d542904f515ea87bab7996497b11aszyco,0,0.05918949469923973
16,f211ff014ed43c9054916f97d6187108mpxr6,0,0.5925607085227966
16,bba40511c6e56070602e8dde4229ff923zbuq,0,0.061017829924821854
16,0daf4f87eb695e2a84e4156154209e09k6ga5,0,0.06223369389772415
16,7daf0e51b276c6ab5bd2ccf520dae106graj8,0,0.06490818411111832
16,2d113999234e06201c0940286d405453wqjsw,0,0.47589927911758423
16,fd1299f1343236dea07bd0ba5f8ca220csnv8,0,0.060492318123579025
16,9f101e80580cbff55a2307c028408a91nebzc,0,0.9243767261505127
16,bbad48cdaa604c1bf40b59120a775794rnlg1,0,0.059653833508491516
16,8bf07d8631a2808f2c869e27afad2d41swgkd,1,0.9499307870864868
16,a9bfa54aef505d65ec488d8984c82a7bf0fjm,0,0.0879141315817833
16,33189c09ca7067834fd25a54920f82d4nd7a4,1,0.9569457173347473
16,e2bda091a91082b774d59f2c5b8480ebbijs5,0,0.06174487993121147
16,ef905e4d866c43dbc345751e7fabe5a568kjs,0,0.062502920627594
16,1cf0d30e0bf9f4a536b1fe16ecc26cd22j50c,0,0.06235496327280998
16,916aedb8fd708e100318969dfe57a4639hexd,0,0.05872465297579765
16,403640a20dbd2c4bf554e558de137deckn70o,0,0.06116015836596489
16,49c3957287d24e69713e4355933b74baoijix,0,0.060504380613565445
16,361397432ed35185b5a2789867a859ec42v14,0,0.0597832128405571
16,e0df56a5ea8094d070b0130d7178a996noolv,0,0.05925792083144188
16,14b2d98230228eab6a6db3efc41660d7kp23s,0,0.06188692897558212
16,d95c969eb09086bbad373dd8ee80cacbuagvf,0,0.06171423941850662
16,d9ffd2f7f3cc1a546586701c2a6fbda24u9ye,0,0.9201409816741943
16,c89ad997f646e388fe375d7fe33a3727dzrh0,0,0.05899963527917862
16,0a43de0ab0a7525fec59ef4bc1dda7a2z9z69,0,0.15633532404899597
16,8acae9b2e5454fbd92fd0b3d79fe89ad6w2wp,0,0.06328357011079788
16,5b1bc916ca111874eda3bbe669957cb1d3mck,0,0.06152322515845299
16,eea590b4da2709c294e8db490f5997eadyc1e,0,0.05914749950170517
16,f3a249f6a5c2c88ddd8bccb1f8a85fe52xnkq,0,0.06009363383054733
16,1e3642857c10e72cedaf7890e3c07bfa8ibzv,0,0.06068471074104309
16,9b733fcc97535e27037c231858a711adyzvqf,0,0.06242541968822479
16,9ba7cbcf531c20ef7cc55a6da5c0654evwt1d,0,0.13628116250038147
16,260568e07963ce8351f3313bd7b9b0e2vonva,0,0.06195690482854843
16,c4d42d0beefe49d6157c546a2504f4db86hvd,0,0.057578593492507935
16,f019bd7ec140624144c4a9b40c42bec9jok79,0,0.08708283305168152
16,6be863f26f22cd79be272789ac7e9153v27yt,0,0.8519356846809387
16,a2b4df001b0e40a398f6d4ae9b316c0eix5bh,0,0.058558668941259384
16,8cc03b92898255ce4b096454645599ae5zoc0,0,0.06084807962179184
16,c9e1e860e39bb7d4dbf3c91c5d6c36c2dv4tp,0,0.06191415339708328
16,05ae7ea9549ae298bbbc8002b4229392e0ilf,0,0.061064064502716064
16,4d6580da346435dff2503c55ee5e0cf8wbkb3,0,0.9571506381034851
16,69e97e52dd6428671f46f2ab6567172d8mfar,0,0.061641693115234375
16,8ebc5b544d62622e45e1ee22a56265e0xwwsb,0,0.9526621103286743
16,23f9a0e1492c4abf375823266ddbe36bzukj3,0,0.059353701770305634
16,84c7bbdc12233f88f35c2c3b8f178803ta03m,0,0.06169699877500534
16,2fc0efdb6ff10d51e3a4d979ee52cf07p4068,0,0.10768109560012817
16,ca5730b8dad8f35fba24b68c9ca5d445mp87i,0,0.06202444061636925
16,a32cce991a2f597f6e5a02605119f99b1dyq1,0,0.06036959961056709
16,40829191b83242ef1f380f90876cdd74mrqe1,0,0.061496444046497345
16,67616fd2a1de5c46e32041354efa88ceahbhq,0,0.9437391757965088
16,5bb3c3ff71ef6560c7600c512128ffc8js7py,0,0.06178564205765724
16,eec2ea9d9b292a343f8ee566ba252baapagwb,0,0.0594666562974453
16,d26cca81c93b52ae3564aa6cdf33f5d5mkliw,0,0.06134917214512825
16,8e05310a342aec93aaec69a638e83a96aqyo7,1,0.7745525240898132
16,a13da89a3a54ac9b4ced156542afca5ddyumw,0,0.062062207609415054
16,83a24bbff5a4cf9d9fb10391102708f1oqpco,0,0.06007588282227516
16,9d1506d6779356dda24ed87d41f3be39yn1rc,0,0.060645122081041336
16,d7b66d95bcfba06122dc6f7a3c605fd73239a,0,0.05781301110982895
16,50a4bfbac8a9653af4099ec1169f684c2nsgu,0,0.7930935025215149
16,24108e769a15b155bd2d63c58368ae5946zhs,0,0.05934765562415123
16,673650167f432c009e9dcd062cd4e9fc2szln,0,0.058626092970371246
16,cb557e4675bf4f36f93ef5599adff545nz370,0,0.5649804472923279
16,9685887173cc2e1e5ee3993832a4b153bfl9m,0,0.05604581907391548
16,5a823474f9fdaa129dea9fa690d51b62rgm7q,0,0.12155855447053909
16,d92c8c2d4c29d4c785431a8b34ea135awepbr,0,0.06185312569141388
16,c478f94c1323552e85aec6e1013ecba586320,0,0.9500023126602173
16,e735a2301a18772a8276aa1f17ef79efu4yew,0,0.06105200573801994
16,49eaad86d095aa5af75ce34e59e4b7f1mmf9q,0,0.06105857342481613
16,e7cf764619380e5303089f04bf647f10thebb,0,0.06093648448586464
16,f01e3769fdce36d31eae85525827ab17xeu31,0,0.058593470603227615
16,6679d668a393f336ba9d1cb6a154e03aifmkr,0,0.05991999804973602
16,58f590a56f480589646d255d570b0877zcjw1,0,0.0568586103618145
16,1530008a712831e35a673d38959528f4ozipv,0,0.06025709956884384
16,af14436f293c40a9904d9f06a323215bf7zdr,0,0.06579475104808807
16,559bccfe60c7193963f09388fb681ea65k7dp,0,0.06030915677547455
16,f4294bb3abb69fa3183e7e851b58b278k83z3,0,0.06202208623290062
16,d863897264a7e52d9c6a1be6dc453c6c9anz0,1,0.9535000920295715
16,86a626c876e7eb4be35f4f0b0a78f97a1rn7h,0,0.06065188720822334
16,90fd7b3c991701dee376daeb09a0a5b7kawse,0,0.054358404129743576
16,d8a4b49ed9ca241f025cdbd9637198fb71qmz,0,0.06098772585391998
16,7259271b61d2f05200eb2e1ab1d2ec911jlaa,0,0.06022145599126816
16,96b7bb4238e7ebb439d81d63db4c2796aoofv,0,0.05975494906306267
16,5ddf9ae899e629acf3e78141a9712a05a4feq,0,0.2560853660106659
16,18076726ec814a6f56da2cb9ea89d105j8vpm,0,0.061563245952129364
16,5771ce26e8b0fcbe7e90106955638b251qj2w,0,0.062060460448265076
16,80d8e3bfc8a2ecbf22614befbdaacf5fo6o5o,0,0.061549484729766846
16,5b0665172160ea4015e79dfbcfa7ed86oe0mc,0,0.8779935240745544
16,1e13eba969b6b953688c9e945544ac4741ilj,0,0.061065301299095154
16,9a5fb8e2e5add29b006d789e4cfd1513paga5,0,0.06144833564758301
16,3e9180fdf158409adc96aceffab6e00bejjah,0,0.0604233592748642
16,5324221d38a79636bc4560cbcf2d75c4gimrm,0,0.05384572222828865
16,1d69e006699adba0c79ab06f2f622445nuu63,0,0.06282545626163483
16,6362c8d61774cfcb6ada7cea1be63678hxkfz,1,0.11359193176031113
16,adc548d88b9a307ce0b58a0d11d3ae14gcfon,0,0.06240678206086159
16,6b3cff1e3d9398d4c125e7bcf612192dy1gwn,0,0.061520062386989594
16,03aafab9868455b78f0723eda86698ba9v9rm,0,0.8412503600120544
16,78c82f2e8764bc8001354128f9265efcqrthe,0,0.05920569598674774
16,b258a38ef4cc6ea241b5473ee9badd32ekhoy,0,0.06175612285733223
16,4997f0d7074a1d9f8bedf5575b6a4372w7nro,0,0.061782047152519226
16,591ef8d73236d150c32716359a61ff2auk6y6,0,0.06292641162872314
16,942af1514033a612b203ec58f7894c9fv899u,0,0.062180500477552414
16,a0d080012ab98513e39234e4545e93be17tt5,0,0.06037156656384468
16,2540f8192e425f9fb921db30ac1bfcbas4p6g,0,0.07101602852344513
16,4199816cef8be846ca71ae752575744fimyto,0,0.9426401257514954
16,7d44df0d40982a6651a06cf533ef5dddtppag,0,0.4774751365184784
16,a46025d61131de18474aa6f167e04bf08w9x6,0,0.28246429562568665
16,898419c2d011d5a822e9ee07c387098ezpc12,0,0.060684558004140854
16,9196288f121946095e5c402fd326109827t0a,0,0.9577176570892334
16,e8f3ce0b2d0849968400b63b992cc606psoij,0,0.058958668261766434
16,bb73823b1c3f577402c9aa9eabd1e412vp2xw,0,0.6471554636955261
16,fd5cef3fe1217c6591500c715d71717anczcq,0,0.060055430978536606
16,100d406b638e84e2da7c31b03100b874qiay2,0,0.07264857739210129
16,c0e3343070766b359c664f93ca65040b6bh2k,1,0.32781779766082764
16,d3f595832d80988c2016aeafd125d8f072r4h,0,0.05850430205464363
16,06c281e31f83dcfd3fe70d2ee2d66bc7e6fw6,0,0.06069172918796539
16,db85fb5556f17b744938cdcc2e7ce9b5urspd,1,0.9246863126754761
16,06ddad46112881df154e3bda0e90fe880r57n,1,0.9138640761375427
16,3e995d6f9dda5f29c02af4c9fcb94bac0csrw,0,0.5331915616989136
16,e932ef68638c37220f4c2c386cf54578x4hpn,0,0.06057748943567276
16,2cc1c5bf18c858fd9c74901d8d80ab70ak8e0,1,0.9492279291152954
16,f8f87e237833c3279a953b785653b0e5qka8u,0,0.06965042650699615
16,d6fd864297177c38cea65aed8a45fb7bbp2e3,0,0.8896257877349854
16,84560dfb1400fe920a29ca2c728acf1e25eli,0,0.059848301112651825
16,7c0add0ef85bb5194e95ceaea737f90fyv13c,0,0.06091910973191261
16,655a95d80489d145052254616787cb84fwqid,0,0.061731547117233276
16,1dce9aaf9d6b9cba38f9c7489764fe30nlrq2,0,0.061548128724098206
16,7639039411fbcc6cf1013b247b2622a72g0r9,0,0.06026630103588104
16,67fd1325fbe3cd75a110cc80b9df9708l0w52,0,0.1092541515827179
16,0496c24a6a7f593f28bf7896350e946advl6i,0,0.062295135110616684
16,a3d0a600cdb44f03d58f27b19247cd0d4az4k,0,0.061735980212688446
16,30788b28de22d28938ecd7ed6795a8b022qm7,0,0.061778340488672256
16,36473d4c641c4c09c20c80e2ab35a36dwzp5d,0,0.06148296594619751
16,e0984156959c3e7cd05b7ec8ae239303inqlo,0,0.0552595779299736
16,70cc5da141baac4712163f5cd4bd4a50za0n9,0,0.7437277436256409
16,225716d7bdf8f90cb4a4b779c663cea5j9sqp,0,0.05988913029432297
16,2b2ee7d0ebdf910833b5cb173c567881jt8sj,0,0.061710111796855927
16,82ae4df0acf8237d7af1a790e3848645bp73e,0,0.05917922034859657
16,c34e1a988fb471e9eb8a5e84bb8ddf90k4hng,0,0.804017186164856
16,ca28bff4ab1f6e74bf08b92e16989e11vn2mf,0,0.05870327726006508
16,3de66f8a5453943040d42e1e73f11eebll8h9,0,0.06068471074104309
16,c1d9c4c69367536d7b0ccac19527629f65025,0,0.0622466541826725
16,9ab00034c9b00521ce121adb5dd4aa15tlhc4,0,0.05697233974933624
16,c4709885ecca7b90dea4beb5dabd68aegk2pz,0,0.05961759760975838
16,722d1147768bdb5918584997e1f677e55g0nv,0,0.05925845727324486
16,7da6a36817cf2d8c3be218a32ab25550c8kg7,0,0.059110868722200394
16,14e29ea004067aace14ee4543876a06365os8,0,0.06081770360469818
16,6cfd573a82acda92e8207745bca28aa7lqjcm,0,0.06047554314136505
16,68546847f11f6415034b7e2263e8ece62p3ud,0,0.06259750574827194
16,7b22c9a323baf4a7bc7a3761e4a30bfajixmt,0,0.058979492634534836
16,e578807073c57556ce334044382a9b98iaz6o,0,0.06144552677869797
16,7ec5c7e2317a9b68e861060531588f76fpldj,0,0.061707451939582825
16,c41ea39b2e13b0fc9ccccc2546f924f1obd0w,0,0.06159922480583191
16,54957cfd12ec8c64918b6200ea25d27fsc9hx,0,0.060482364147901535
16,a3ef8289a92196b07e2e7371bb111e3aom07k,0,0.05851109325885773
16,445eea09a6299164f60dd11f23276b44rkt8q,0,0.06305068731307983
16,a679d00c30c269a8eca148458abb8665kciaf,0,0.05586851388216019
16,d5337c2d4b58426b30c8733313eb5247syn5p,0,0.05981844663619995
16,76f7e6c70f2b84d885b23e2b2831e113ueqo2,0,0.060235973447561264
16,d7eefaad31febe607c252199a7672420kl1el,1,0.944023847579956
16,10f01aff2fc23653ca7ea1d74248357a889wv,0,0.06029936298727989
16,8a27b2e29086c0d2e589053537e88393zsyr2,0,0.06154211610555649
16,4c341a39553faef07ddb917ea4e069ed0yi3y,0,0.05992477759718895
16,fb9b1e58ffba4b38175c11e03e51e1f48dnm1,0,0.060169767588377
16,88641b0f22cf175876bfc4adc44c00f58b5rz,0,0.06112983822822571
16,783d5c219ff84cc0517f59a39bb98e18st85m,0,0.05879274383187294
16,c8f537f6bb0aa2d45da541a875f014358qm7p,1,0.7862643003463745
16,94c8c0f9c90820f28928caf5d122dabby69ts,0,0.05885669216513634
16,0e5ec5baf2e15afdbf5212d8461e1ad9h3kr0,0,0.05913922190666199
16,466ebf78d7326a38db1e19fdc1c70e9b1qu0z,0,0.05829208716750145
16,9a44bfde11a7b6ade17cd33a2b5102fcnlhm7,0,0.0820649117231369
16,29013ddeb60a18f7d3bf9f3aaaebae6c8651o,0,0.10353459417819977
16,9be39ea5a0612fae7bc43a25a6d10856l3qaj,1,0.08014839887619019
16,67ab503313f60aaba89f64e2ce3b459fvyahu,0,0.06227520853281021
16,14fe3602f049d4574cdbdef13789647dsgtqy,0,0.0620075985789299
16,4038ae3276c0b47f420a5d73687fb73bghgxf,0,0.16461782157421112
16,76ab7c99de4a3141bf617bf30bec9feep3zuy,0,0.058947429060935974
16,5c5dbe70c2cb05d208c22d204146e1e9f3lvq,0,0.11031445860862732
16,cf1f2b6f29840e1ecbb31d18fb128c38bseas,0,0.9567745327949524
16,faaa98763b59ed5f02836d4bd682035bfhujq,0,0.0615464448928833
16,6c3bdc508c20f2f3871766cd73064c8cib3xh,0,0.05767475813627243
16,9655ccc7c0c193f1549475f02c54dce45kjw7,1,0.659784734249115
16,35a02f50226eeda275b29a09acef2177k95eb,0,0.06343097239732742
16,6ab75792932fb1ea6fc74a18edb7888c2orvk,0,0.05915123224258423
16,98aa09a7ca13559a9e2a43fa2ba4d2b7klwin,0,0.0559857077896595
16,603d769a86a359a0d41118b47c0ab41fx7kz5,0,0.060488633811473846
16,4d6fa52e125a18f433db6e6603b58ec7k1key,0,0.057636283338069916
16,db12e9cad5e847cd7a40ec1ee649e475iwzqo,0,0.06068471074104309
16,7bb914fcdec49aa88c7310a3dda716aa9fb8t,0,0.06173590198159218
16,01c1c7be49cd6cfbb9075925a05c9899p41va,0,0.06114163622260094
16,24a9abf72cedcb421e831c1be26607e37zojy,0,0.06009021773934364
16,a8b8959fe64f490d32fc15a5d1144f87qj9ai,0,0.06097361072897911
16,572c9964ca41ed055830845993fdab29p4f03,0,0.06383739411830902
16,d9d24106ae1ff4f5bc4ec3caf29d7bd2c2f5o,0,0.060010552406311035
16,fe27fe0815883aa3e1a312f0dcb45981txa2m,0,0.19364319741725922
16,167008af05d4feaa636a565f6f83ec61a6ogj,0,0.05960497632622719
16,8725b0aa1a32054450c16b099328fbcbi71gi,0,0.06179456412792206
16,7ffd9b7b795d9335153d481fba4b3076plrxc,0,0.06250413507223129
16,da950a556200395a82e23e3bbfe1abb6xs258,0,0.059852536767721176
16,74149197c8684977e397ab60a6a264836b0lv,0,0.060848336666822433
16,c353286290001e0943ed9bb160145c42etrf8,0,0.06147322058677673
16,34914d163517a0cc4f0c971afb2352106vsvz,0,0.05587054789066315
16,fdf908d608a629d5ebde14819231878dojel8,0,0.057899344712495804
16,210ae8381324c41f7b49e95f1b7aed80z55df,0,0.06239495053887367
16,c9416e793bd0559bca3ad4a5194d4cd1k8eyc,0,0.058262743055820465
16,d144312f2f68dc33a63b7863911b2aa459i99,0,0.060283124446868896
16,ff3ae9450581aa3de5d2326f70e39d20w8fbl,0,0.06439325958490372
16,76ed824b414b5e690ff82e7cd2f5be52256my,0,0.950230598449707
16,64f6b099082e4fb2e8da7ba4ae9abdead2cej,0,0.05983554944396019
16,078e06b3288cf8f18ab7ed44b245fc56nbyfv,0,0.06734088063240051
16,036a4050a5dd65e70f0f613ec2e38a74re026,0,0.06112244725227356
16,e76057d8bcdbb3d2f935c30849a17e4d7ordt,0,0.06186927109956741
16,679fe2a21415aa98a3cfb88abd0507edzjpsw,0,0.06256626546382904
16,1a09feff347553a2577983d7c742e3d6l2hfo,0,0.8849034905433655
16,65435e491aa69dd9d44d70a9aeb6e847oqlty,0,0.060897454619407654
16,fff2c070d8200e0a09150bd81452ce29ngcnv,0,0.06228349357843399
16,39b501f37dde9b055d627394964d3260qiktx,0,0.07177820801734924
16,3144ea2711bef53de88d89d71acd16c5q0bzh,0,0.07247532159090042
16,74582963d3774699f4215df7f2d17c1b6b4pn,0,0.06131637468934059
16,a6230fdfd4879433e36a76d53440f426c7a7a,0,0.061109524220228195
16,2c449b1bbbd5f8d9bcc1159b7bd3caa32jhtp,0,0.05796318128705025
16,4731be79b5c7e894dabe5986e747b97bd6yxh,0,0.060581184923648834
16,04636b6c61c80f5325efe61183e8edb01ko20,0,0.06356512010097504
16,f2f10539ed947e4b141b2e9bf21af65ecz4f7,1,0.9437906742095947
16,37bb1697e1c3922a06c2d2ea4138a4c8s6wgk,1,0.9525429010391235
16,6c2488ec88e02bb38920200ece7d337e0bffy,0,0.06221593916416168
16,8fd35d215ab6530c2ef096c87233cbc93juwy,0,0.05977487564086914
16,19033960ac23dffe078a1217788bc720jvjbz,0,0.05646643787622452
16,7114afc59caf2cbaf6ec1733922065f3uz34p,0,0.05501488596200943
16,f0ce8b973cb8d6eef9221fd3d6698fd4kl3g7,0,0.05991100147366524
16,b5d61accc925a0e86ab7274e1ad82532gb1w6,0,0.062066636979579926
16,17e4d6d9a1f8ec00cec1d4fe79b059bd51476,0,0.058706700801849365
16,698da938f6fc36305616aa6f8affd53fobj5y,0,0.06031878665089607
16,71396d66a14f4ce0c96436456462863abwefv,0,0.06175379455089569
16,49f4481b6bc2255e745ef20ac2a720754r9mp,0,0.06202693656086922
16,f6a7e7b14d39804c7d15627e2fa384a1cq892,0,0.062413156032562256
16,caf32bc98f84a47829e76ffe104371f6kphvc,0,0.2092592716217041
16,ad590c59c30187b772258a059d532db42tf4d,0,0.061754241585731506
16,9a272c3baede0633bab0e15ff98d207e3ldpv,0,0.061564620584249496
16,e588d3f7a141147e4f8dba29377144707vupo,0,0.060857489705085754
16,22e65b6bf73fab510ee814cbaeb9ebc1252mu,0,0.9038652777671814
16,e18ddfca4efb99a785c68ede9ef773ea8sfmz,0,0.06235797330737114
16,354d4abc23881a40b8f119225e0dbd09tk1u3,0,0.059681836515665054
16,70db4530c292bc759238b8306ff4ebb6n4l6t,0,0.058851227164268494
16,f28b5654b5633a0b5e3f757a16080116sjj1b,0,0.10689205676317215
16,4de568a9b480f0dcd3f2ac385121d75bbpy82,0,0.05850841477513313
16,69333c66e55cdd6cabcc6ae64531fc33w20n4,0,0.061516813933849335
16,b1ae4691fefd3d09d74096ec4caaa6d1v6tbw,0,0.06122542545199394
16,37d71b4ae830fcfa6f0c4f65ec386414n8h5l,0,0.06181446090340614
16,771f6754997a1954eced81d46348b4762k475,0,0.6004341840744019
16,ddc6dc00f416ce10f23b57ebf758c2eeawzjw,0,0.059107765555381775
16,c1c22607e7899ada525b74e757d248ac2b8ac,0,0.06246339529752731
16,cdf1fdd424a11dde166c4bf069d6998eph7b1,0,0.8014013171195984
16,5f56908449455ee9670c7947614f7b4bxak3c,0,0.08697283267974854
16,786cb68d5d2012dedaf70257449090f2hfb88,0,0.06254193186759949
16,022ac3a7ce986049d9a4bede83ccf9ddctvg6,1,0.9573498964309692
16,4c93ba564461b1412df6f033c8ef71e8ck438,0,0.09198983758687973
16,25aca203223b4d9563f5b1a01aa3a21ftlgve,0,0.059835828840732574
16,424b638423f4862b2a84f22ec25fa22eb2c8p,0,0.06152614951133728
16,e54c3b01eab75ad3a616d56dd06ebef758ua8,0,0.05996204912662506
16,29e08b4d18198fe9265772fba3a4f6c4mj1rw,0,0.05808595195412636
16,61e4b6ad0fc268d42c330ec99fd8c939yb7t1,0,0.6142237782478333
16,e29ae1bd8e6e7dfc9cb43b1572d3d55ca0hc1,0,0.06091979518532753
16,235f78b13fc87c995c1f309403ee56bb54tu5,0,0.05683024600148201
16,2b5c4051f232c4848dbbb477c5ad7f389f4b6,0,0.06143246591091156
16,9f34ed261596a1114cefe81158c5617biq26c,0,0.9379681944847107
16,0181b91f58e6cbaa832235e2879c9c00ovrzi,0,0.05737766996026039
16,c17c63af831939f5e2fd12f65821db65umonm,0,0.9407440423965454
16,e0fecfdf4029d9a91664e703a178397718lyl,0,0.0586671344935894
16,15f34e73687d7361ac0d780737fca261g2s9n,0,0.09586383402347565
16,d1200a75b6c05584f4f902e74d3dead76cj15,0,0.062448371201753616
16,efa1611e96c3238913333b8525c6a196rvy38,0,0.06179744005203247
16,b7e0afcd391a22444eaa566aa527eec0x2yv3,0,0.060126252472400665
16,d2b8a15ae403dabc5aa752b205181dbe1lm57,0,0.061778295785188675
16,369515b3af4f8ca582f90271d30b14b6r52aw,0,0.28170332312583923
16,c806dbb2decba0ed3c4ff5e2e60a74c2wjvbl,0,0.05982903018593788
17,624f258b49e77713fc34034560f93fb3hu3jo,0,0.09793621301651001
17,1c5f4fc669099bfbfac515cd26997bd12ruaj,0,0.09791253507137299
17,4bee9aba2abda51bf43d639013d6efe12iycd,0,0.10199855268001556
17,7eaefc97fbf6af12e930528151f86eb91bafh,0,0.10186931490898132
17,d1be739798ba0745a1fd72ac918a9f1929hei,0,0.0904615968465805
17,d91a4421996dcf429f575e372915cdcedae6g,0,0.8716738224029541
17,880f542a275df1251612886d408b32e8m96cp,0,0.09617945551872253
17,d29003d7f3ec1f0e4ca9cc17e6389b4a4phcg,0,0.09877954423427582
17,b37b352197594dae96bb9219bf59d656oz79f,0,0.10503993928432465
17,d36857d18a397e7e24d05dcbef3b919ftjstv,0,0.10275934636592865
17,29cc13d48af9832e0eb481c8a095fec7mom74,0,0.09325329959392548
17,342f22fed8b1e90c6ff1a6b7bd80f6334w094,0,0.10228031873703003
17,e97becf0d4632035ad4cd5e65c827d6f0xawy,0,0.09776024520397186
17,68d468e15e0de0bab9694cdca8e799eb2j8kn,1,0.8961578011512756
17,792edafa0603516a57932e6103e9dd54ajar7,0,0.10234789550304413
17,bcf95b210295831ff6e20db3a570f909n3q25,0,0.8631059527397156
17,85be8fd21f41bc3dee86597d272825726bp69,0,0.1106577143073082
17,ef24ca4be7ccbd6ec68d4ea9f47c9e8ex1g09,0,0.10358127951622009
17,dadbcec8b02ac75c5935f419b318ceca1wwjw,0,0.1058359444141388
17,02bde521e763e4f4e590e8368149e04a96il9,0,0.2170894294977188
17,f769b9f92260ecf046efd05bf9ab6822j7c02,0,0.1355791985988617
17,87aa94042390f9267d3b7d90e42b022ek5mbu,0,0.11210443079471588
17,001068c415025a009fee375a12cff4fcnht8y,0,0.10219348967075348
17,cf33d05860b7f7d9af73c6091190b81ektz1j,0,0.8699504733085632
17,28c0d4c81a22958352aa742f7d74e477qwo51,0,0.09805026650428772
17,915ccac760c7359a446100fd1a54bbf6oyrzf,0,0.8865413665771484
17,75c4518eba20c9299a3a836d9905c327w6j8b,0,0.109128437936306
17,5960fc711b544e2617d0f76360b69e2afds2b,0,0.10951043665409088
17,ae94687eaad6b410713db9106c42566axgn9n,0,0.09732922911643982
17,367edc726ba8e667973844395493559dtf2o3,0,0.16847915947437286
17,fc8e62e5fb69ba67265a3d0e3403aa3fr8c2q,0,0.8578898906707764
17,2e3b450b727fe3e888c85d52251fd33ffoi4b,0,0.11314044147729874
17,acf06eabed56f179cf32ab60b6b076820ajls,0,0.10847053676843643
17,7264bde42ef4fe3fa19cc7c6d64696cf7pqtd,0,0.8805782198905945
17,19353c42feb91a216885fe012efdfb11s2iu8,0,0.09868396818637848
17,20ebb9de648c6df989f04d07cf273c7b3yu8c,0,0.8980534672737122
17,6cd1bd77bbf2af6a2c6e535192af628by3h22,0,0.1047568991780281
17,090c77ac89c7063f0d0ce064ce3cb3afllf5h,0,0.108058862388134
17,3be127c56b2de21dfcf2836f20afe249hqkxy,0,0.20318400859832764
17,8126928a319468b6da5edce4097d2398xwita,0,0.11743629723787308
17,2c31770e98fc9fc7e0f1fee6207b5600c0e10,0,0.897263765335083
17,c7d335bf99b9c71fb22797ecbd78b92ashv4h,0,0.11370425671339035
17,1af4685cda2979a608c4b6ad83473774qgicn,1,0.8804604411125183
17,ea0e5f7d93f2220a62bde8067f26daaa7oxgf,0,0.11649741232395172
17,8ec8add138ed551bd5a9175eae0cb972ie0pk,0,0.15459498763084412
17,e561facfea467ea124df0111e041287ctvgwn,0,0.10479924827814102
17,ef9ce9b85309d7d1044ce57055705bae8pqlg,0,0.35011106729507446
17,b8e47f06aef714b37073e72ac40a8100mew9c,0,0.09337279200553894
17,d6d68e218a6cafa246ed31185b09e1e1fsu8x,0,0.272061288356781
17,01a39439e7afbdcfe385eedbddb23d76zgdrg,0,0.16318948566913605
17,7dc423d0bbfd840fa0bf75203cd7bcee75kmh,0,0.09449627995491028
17,1291b98e40353f77928e363d54a13c569bhfb,0,0.10419883579015732
17,c600968815fc32b20e0519ecfce5b648en2wo,1,0.8982110619544983
17,64e802fa8e0c17ec2ba1b6425648b7cb7ndkn,0,0.7759356498718262
17,b64c209b3d1d91a663d134961af89125u0s9a,0,0.2170894294977188
17,0565a780f2c5b46837bbe9739ef15ea92fdu0,0,0.8289004564285278
17,81a6dd18d43cb3b1999176eea563b438roe7y,0,0.2092185616493225
17,5e611461283a5c3e49b5bfbf9c33b7391ce3h,0,0.09164951741695404
17,aa8aeba2bdd0353a108b9b26f12ed59559mvz,0,0.09748152643442154
17,e7a98dc8545eb429007cb48799a40a2dc9p6o,0,0.8923059105873108
17,a2d0b7ec1595325cc63777f106e09fcd88y5g,0,0.10460534691810608
17,f876e3be4038da62f49234ee498feb732gdcl,0,0.10093127191066742
17,205c519be884c5b1c885f61c4ba8738a737qg,0,0.7497660517692566
17,3a8124eb9fd3977e43f5e0762d9a09d536rob,0,0.10714789479970932
17,f61d93fddb01d2d89a85a132c649aa90lj1z6,0,0.09456197917461395
17,cf456f3c8c409ec4060142acfdabb5bbqpx7q,0,0.35293063521385193
17,7b93ccc9d5730b561ec5fa7f4bd48c04qudf1,0,0.8786810636520386
17,f0f21cd3d51b7a233988cb1c3c5df977zjqkj,0,0.09488559514284134
17,cf9a1c3af63d1bc3f55728b4a06a5f46njrac,0,0.14960670471191406
17,29544507566320f1125d8e9f9a0ab3f2jswhk,0,0.890604555606842
17,6f46b3e231003daf21108df4624afcfdaaswv,0,0.08913473039865494
17,1680f758aecded6e25096b3a6199b38en6n73,0,0.10257451981306076
17,e22528ef6a439aff5a8b19f8c9b07c19fyzs6,0,0.18081603944301605
17,d9177cca9a1bfe3478cc4f11a0d57de2p8ahp,0,0.10661971569061279
17,1b0534afb7c02bb023bd4767ae73f17dqzqdu,0,0.8889217376708984
17,fb5a19240e36ae12aaccc1e9d9231144l32hv,0,0.118636853992939
17,300bb4c9816a7064b106c9c6cec2f51ei13n5,0,0.10647233575582504
17,340bc29eeeb9b9d04eb1fb72a1a9a2444brgk,0,0.09313526004552841
17,7f86c3c417ae1db5bea10bf9d0a7827ct3ni4,0,0.8951787352561951
17,c18cfb38fe1c4c01705391422177265cn9w5x,0,0.10413714498281479
17,4a2d5b70f0fcec3ad9d8ac4b447efd6f3vs9c,0,0.2760065793991089
17,dc752fa41d974bf688d25ea9d18e9a2eit904,0,0.10285989940166473
17,5c725e840bcc103bb8d12c54ba9a0b37blxvw,0,0.0960761085152626
17,eb2c4b4493f31788ead745533e0c9a18xzzlk,0,0.10054522752761841
17,35a89119272ca55d7f602689616b58c3pebir,0,0.09524057060480118
17,b42ef139c2dfbff8356e8886d2b109e06riso,0,0.09499500691890717
17,3d54d594ffba32e8d6527a688e7227e30iq3k,0,0.10872647166252136
17,11d7f0a5076649b229c301a22537834e1ehwg,0,0.847369909286499
17,4f891171f7b09f54d8b4f30b48421f178m75r,0,0.8291589021682739
17,e67abc3ba39537cc640678297a7c5bfag490k,0,0.10588657110929489
17,e24542c1bd46a4a0f98b0fa95d8fc40brecdx,1,0.8742355108261108
17,9b51afa3c3a736bdf93bd1f2a7b0a0903c34w,0,0.11117375642061234
17,39f9dad880d32ee607af7571ec24807bn1g2d,0,0.18220831453800201
17,f04748a1437347d837a65ce04ee7d94enqhub,0,0.4830702245235443
17,c871daa6b709e008825b667b05efddca04jbe,0,0.10481595993041992
17,37921a9d842612b3b0281f7098d0002539xrj,0,0.0969696044921875
17,c6f07c222aa3a9d35b0e01f8959ffd21oownr,0,0.09765909612178802
17,86b6207b5e87d58ae307bdc1545a101akz0ew,0,0.09940093755722046
17,fb6814db96bbaf61f42270a85f0f62adunxft,0,0.09096650779247284
17,4c2699de8bc9516b09c5e5c8bae6d6c6xiry9,0,0.09288112074136734
17,1c66f261724506bee45dd18a4d221bfeh1687,0,0.09881936758756638
17,584d1d60d357a4ee1fd3b0a6a72de1dc4rodn,0,0.10234279185533524
17,392d936106b75256632c9dc83c4f1a169bke9,0,0.10822013020515442
17,55d0b2506cef6464d799879b65c6ba29hjcv3,0,0.5337845087051392
17,ec0c9e98cdf302274974ad212477f851iw35b,0,0.8797563910484314
17,a664b6b42fd48403fbd34800063fa50bz6k4m,1,0.7867465019226074
17,876b122982958678f14bb25d887dd79dun3qa,0,0.28233349323272705
17,ce22684df495e376e32ac95d3ceb1164t37l2,0,0.1023472398519516
17,37ebf34eaeb8a434976416c34ed5c6d8ywyoj,0,0.09535810351371765
17,790c497536a2a9fe080c3b2ee6d5eeb9caiv8,0,0.09967750310897827
17,45c3a73b88760d4390f42ea4fae97d84la5wh,0,0.09610696136951447
17,0318e0a173f7c65db40116b903884c854x258,0,0.8702194094657898
17,6767cffbe2c0957492aa451560655be3hjd6s,0,0.8877366781234741
17,40ef6a4a0c99b478fee1c93f4105b9d9mh9iv,0,0.1046975702047348
17,cb9a75312b809291306c6213ed5dc67dw31qz,0,0.8938801884651184
17,9aca61f505f40a3b4f7865c2d00e2418s0e1f,0,0.8770073056221008
17,d7340ee3c04e600c31fd2a34c760f7e7d26bn,0,0.11457868665456772
17,d8ff621bc161b09d9192c445f4b3be7b8xow6,0,0.09535909444093704
17,3d48fb12020c1a81a65fdba2d75caf0d6q2nc,0,0.13205203413963318
17,f35082c6d72f1f1be3dd23f949db1f577t6wd,1,0.10418003052473068
17,8ea020a1fdccfd726f74ed7e90dc3400zy9iy,0,0.11562797427177429
17,99bfa04865566ca88573ebfd3c7fb1f2c64cr,0,0.09850407391786575
17,4073de52fb5c46376dc3cac6b2f2cecdxyqjg,0,0.08994437009096146
17,b071545f5ad73150880c42e780d951bdzvxn7,0,0.8686668276786804
17,2eaf4eef52d5b17615d08bf77386fa42yotej,0,0.823120653629303
17,fb7c9b1dcc3b44dd69e42a84406117db4t4mn,0,0.12417280673980713
17,cbc71ae3c3690c89485eda3f08b9bb51rqrxz,0,0.19907276332378387
17,6b85d622dec4fff284d55895eba9969dqlhu9,0,0.12365318089723587
17,80bf6ab93fbb8316efd5c0b42d4b46c83qrdn,0,0.10880223661661148
17,6c0212679f2439c4113386b2c6ef513e8wr8p,0,0.811060905456543
17,aba1120a5b13cf72c1d52c0dac8aafc67nmoh,0,0.09210412949323654
17,6393f55c093e04e6e608e1ee8be9c3e28omjd,0,0.0995214432477951
17,aa7e36069de119ee3ad7c4d8c925fa3ekrs4i,0,0.14191050827503204
17,429f301119adc32d35541dd4d60903563s7nr,0,0.10403422266244888
17,54e279a4e162af7fc55d640aa62d0cbc9hxil,0,0.8812942504882812
17,bc7722baf876d0735ddc885691eb687bgz365,0,0.34747132658958435
17,34cc283e180fcd4902ef8758714c6d83th4nf,0,0.10431838780641556
17,61a4da78a5aa5bebcb3e9818a46771766gtq7,0,0.8009089827537537
17,38125387ec30412c438280af8931254dmvfgb,0,0.09687935560941696
17,fba0c76970a464cfa9c043c906442f0eg53a2,0,0.10244455188512802
17,f8c42ccd10c3fe515e53082f0cde9a18oxgws,0,0.8903994560241699
17,6e18a078182a21b8522bb69a822cc338in7rn,0,0.10158822685480118
17,a6ec153fc7002cfd929b9f7199914cf75upgt,1,0.8205511569976807
17,f334d76f60cae7c67ab04b9e5cc49907hqsc4,0,0.1047215685248375
17,3128932859bba46f57cdd19579c42e05lif6h,0,0.10141882300376892
17,4c2af41637c123c78074e46a22526298vol9h,0,0.09867148846387863
17,3d48d4b09fc7559bb6c129fb65c133808brgv,0,0.10320775955915451
17,c8e474ba549fe924bff9d3f585a9943cg9aju,0,0.10505899041891098
17,1bb03cdb913f203f704caf8bf6840b6fbpigb,0,0.7044644355773926
17,ae6758a627a111f6d6b530b0154c429566o4k,1,0.28194743394851685
17,84d75f71a61667cd327367453b4c0d2frury9,0,0.09993469715118408
17,f27321571b5b6184e86acb6203c766f2bsfxg,0,0.11742791533470154
17,d2fc5291537a61882065e571c21e796975uy0,0,0.10275612771511078
17,313bb0007cbdd82f326d58c96847294c9hz4k,0,0.09543561935424805
17,a4734769962126673e975a627e930b5fgc79n,0,0.10350698232650757
17,d645e4b8b043a18bb1c8689572ad4fe16q3np,0,0.20191428065299988
17,d1780c224460a0c20d5c2f5f68714c5264xd0,0,0.2170894294977188
17,efdf59a8ca81c5d3744f9121ac8fd2c7coy3g,0,0.09366913884878159
17,e429d13bc2c7acc82d8d68fa020546c38v82z,0,0.0891270637512207
17,c41f5fb84d9f9e2456a5264c79919569vrhau,0,0.09339325875043869
17,b5a92183d20e5ca98da4065c874e0b9dezbhx,0,0.8718628883361816
17,c72012c8072e2441b3ba8173205cd298cde8a,1,0.1593274176120758
17,98a5197faba8ba72d6ee9e1c95d65d737sigb,0,0.14916053414344788
17,f19531503f1485a3014189a80971c6fb0d9fu,0,0.13091017305850983
17,06b2d71c26ef3b6e29277f761cd0db90wuwjo,0,0.10258830338716507
17,631f923b7bcf91f61a2e9f96520bd8c8vtl14,0,0.8861826658248901
17,f73eb6e2e7a872f97c715ccdcddac77am8bq5,0,0.18371640145778656
17,4c67576a6f30a158d16d790a7fc482b0zqxue,1,0.8918532729148865
17,45fe4f0fb849e7195a1efd5495d1285f2culj,0,0.09134627878665924
17,23af639c0bd57bfe9bcf3b16973d58b7666fe,0,0.17586681246757507
17,3312b8e73417810a88be459d75fe9bc2xhd8v,0,0.10401491075754166
17,44c38c27b9de757c8c7c05cf07b7e3eb14qpt,0,0.1030922383069992
17,c59f4511da2e8dfbf02668a49bc391895wk3u,0,0.10630068182945251
17,7622d7085237d6b73d08e9d70ed11fe3u8mwm,0,0.09063009172677994
17,9a12aa1aa3560062c6f84bd374eb5f7f422vq,0,0.09338357299566269
17,bd29e36cbb063cbb96ece76680ffd9121dy90,0,0.09859267622232437
17,339b8ca3185dcaffbc3ebdfd960020e8es0as,0,0.09695117175579071
17,7d8d3493942dc13742444f28626c5839axjqd,0,0.8822253346443176
17,f7e3635c9a532fb9a60d6eda6eb7c7de3uqs2,0,0.37957116961479187
17,85ac49e7f93bf0e20323de78362bb4aadnwia,0,0.10232069343328476
17,b7630ee9a73e7ba6f11f7717b7f03ed4be2hb,0,0.8874993324279785
17,5d5816d216122786933fb74c459f35fc0vnac,0,0.10131949931383133
17,3ef757c3d6a272681c69bbd7e071b705yzt8t,0,0.10220352560281754
17,b416bf88dedd6ccdbc3a2146524500258qdzz,0,0.09903794527053833
17,3cab5bd983f5be9c16789b6c14bae982nhi9c,0,0.10263627022504807
17,0817731a4d2e319f6f771da3f522b8bfv6njs,0,0.7324240803718567
17,dd76fa7a75bd0e1921f71d255a8e0853l4lbi,0,0.09543716907501221
17,a0aeb6de8a21a5b776f63530ed753fdb34k7y,0,0.8647109866142273
17,309f446bdb138faeb18072285ccd9901gz80c,0,0.8195515871047974
17,4dbc8d336dbe0241c9bbb0f3630f25059yo43,0,0.10249053686857224
17,54379b25f1f35d9df78da9cd774cef74u5wt9,0,0.08879277855157852
17,63c48b70d37dee5fcfb26f94107ba3b94d90p,0,0.1321931928396225
17,fec57d2db5692eb144a71aaa35a11b58delkw,0,0.09912209212779999
17,36f52ad1abfd307b73c9b69cd5197dddmmxgr,0,0.1468454748392105
17,4ac31aea605d17045ceedbce23eed239omved,0,0.1047467440366745
17,8d638f6da12614d6b369249410c3d278n8qme,0,0.10346388071775436
17,aee383561c0019dc01552bfa5263af8etbuc7,0,0.3806397020816803
17,9375e98d0810ce9119ccf45300249636zfpd9,0,0.10467470437288284
17,01cda526658455000913950f20cf31a2q6nsf,0,0.1034168004989624
17,c963c2dcbeeb0b7051bd3a6a87483ce6i98xx,0,0.09844094514846802
17,92ce3c44edd41ad3222481daac1ead35bouwj,0,0.09538007527589798
17,6182daa56cb0623719228c9e576b71fcpg8r8,0,0.8712142109870911
17,b729f60d26fde89a01f3fa89759d6b07t0ec4,0,0.8669400215148926
17,5fc9437841f1dbbe63a3a933c48472fcohutg,0,0.10411172360181808
17,e2165ff862178c7b2946f7f62f5a3e51wcvaw,0,0.10410989075899124
17,3ded667003605eb856ed1aa2b82c1732gtma1,0,0.1274261176586151
17,332484ddd66b9a3db89ee68f08b1288amq90u,0,0.10291896760463715
17,f5edfebe95b4f637d1bcceb892b73dc7rhn7l,0,0.8791266679763794
17,6a2c4aeaa17c2fcf20958803a674f101vlxw1,0,0.12083534151315689
17,28b4c35bd90c81ca959da328806469d493mvj,0,0.1024414673447609
17,5aeb71cdc92fe5d1c4a4e127d7ca7783gzje9,0,0.09992092847824097
17,519c0f3b989c8e1781e0910f685980ce15wzr,0,0.09478848427534103
17,37702159c6cd2c1a21cf66600e96cdc6rdbff,0,0.1023525819182396
17,8644c9765c64da22776cd67eefe0f498u3aaz,0,0.12345922738313675
17,6ed39d7c89fa2d423017cc9811f0c469i2157,0,0.3812805116176605
17,fdad47d27b793b74470086c35333d4fepycsl,0,0.09643526375293732
17,e22850afda081aba360cc18e2a9021caqjjov,0,0.09269112348556519
17,30c3c92cc9408f55cfa895ff8a505930a3yy1,0,0.10663512349128723
17,171fbac128e6dcb51d0f07cf7ed8bd3er891e,0,0.8391513228416443
17,fbacab353140582a4b8ae3412eefecbc753vs,0,0.14539465308189392
17,a7c910e7c7796d979aa9a7a31d74a8eaqsapx,0,0.10454879701137543
17,b853c1e4d6a4657d35705772ca6cfdc3qtox5,0,0.10767598450183868
17,a8c2410eb81513da23261a49135e4eeacw6dw,0,0.10204995423555374
17,4d1542974bc322859d3d099b8c5193felot1k,0,0.2727532386779785
17,9ae9782ecff93ddf1c6fa13d711b9fe1gc266,0,0.8423325419425964
17,08353687608279ddd83e4d36fadd1cd8ritj3,0,0.10235275328159332
17,f0fd9f1b3fc9ff10c2642b3bf81946e2rsq48,0,0.10769674181938171
17,8e0462410d727b34290fec10fd5661761yc8u,0,0.15532711148262024
17,6a97f70ba29a04e77eb3b137e157070dc2mqc,0,0.0953342393040657
17,4ed4760782d4e2c65bee8cadc1fcdc89htz8b,0,0.12469079345464706
17,91c749114e26abdb9a4536169f9b4580huern,1,0.10295292735099792
17,ba266f4898bf572447ad65856b362595yjt2a,0,0.3682359457015991
17,86a34cdbb975c141eea1854b10dbf1c8seom3,0,0.10030629485845566
17,461c1d143120270fff5ebc1b91934951378ud,0,0.10856187343597412
17,8f086b809805064f3c4a5dd48327c0f51yplz,1,0.7651711702346802
17,c503bb79d4f3522f51d348c680906c1bs0w7z,0,0.09083772450685501
17,5e945cce4e72950e0930b2700e77fc8eq2abo,0,0.0913730189204216
17,ae0dc05e48d0f1e3ad33f37b4400bd069jktv,0,0.11591564863920212
17,4b32495335dd238db6285f7c6bbe051fv1qoe,0,0.09526819735765457
17,e7445f6107c8cd3783fa722c7dd29fe6rcd3a,0,0.10282894223928452
17,ca68a41b3a4062f154dc1ae8456cd792d6kp1,0,0.15943846106529236
17,1ccc69e376c95da9bd569a5d1a176874ivojs,0,0.10202187299728394
17,2e07d37dd022e72ab04da76f51edaa13qk5rv,0,0.10381781309843063
17,59cad1329d42bda3d678bae082bee7edgvt7q,0,0.10234995186328888
17,870932eabebfc108296437c303db6055kc3t4,0,0.0989995226264
17,372bf02911448b7f62cc861074a7ac81y0jsn,0,0.10237972438335419
17,fb200accdd0411e96f1b0f6d6f6d4f52rgk01,0,0.08942005783319473
17,d428139761f7b7563d57bb1f87b55876388j9,0,0.09991220384836197
17,bdeb5eed17a812d2c47176e30b8553ae2k06g,0,0.10209666937589645
17,142a2545c5c01937b05ac6de9773f9efgx0eb,0,0.11760596930980682
17,21c5f4fff051adecaf1b080fbf910ca3dvi6a,0,0.15337826311588287
17,0d1815382b08885d76c671ab600133adeyp5e,0,0.8800961971282959
17,1df5be644b8963750305092eb8ec878ayba4x,0,0.8835650086402893
17,05c9fe8f8852ea069a93dfe39fc0571er9mdt,0,0.10828816890716553
17,5c2e85ba72b9e9e16f77939fee7ffb5eivaqe,0,0.09497677534818649
17,02cfc97e8fded77671e71e1951723d5fwz6a4,0,0.0953841432929039
17,bd85d0d7fbbfab49136c241bdbe119dbgkuna,0,0.09495057910680771
17,3c37de5e4321388ba706233d5ca4a0bfp7w67,0,0.1069352999329567
17,baff2ce04381eb1bc4747d557bf52208vqmby,0,0.12065034359693527
17,24029e6b641077ab7b9a1fde11a42666pkz6z,0,0.8917622566223145
17,58c2b44923882a8252963e78886adaefh7hnm,0,0.10952257364988327
17,25f1a9c0c83eefedfc2c1589e763c2a3is1qy,0,0.10053668171167374
17,83e8aa6cb15daa745c75ba3c29a2f646zjw33,0,0.7279837131500244
17,4579226b86f3ca5b5ea1597efabae4c42j4rw,0,0.09703832119703293
17,74429c9ce8183e2b1b89600e6de4ceea5kn1t,0,0.10280618816614151
17,8a3f5e16e4e689897d872716efeeaa0904tyl,0,0.10130118578672409
17,e833712b1e29ffe74517e2dadcb4f2d1pt5t3,0,0.2711731791496277
17,ba194af5111cfcf1dd95eb36160c728ds4kcy,0,0.09512815624475479
17,a961ba95d1685705953ace49a29424e2ld1ek,0,0.11144901812076569
17,45e4c7fe66077b5b7b338f19f476f9d85jlk0,0,0.09209595620632172
17,ac2d643e0c0d3bfe8e54e5a961c6cfdb5xn9v,0,0.8475070595741272
17,a945c65b19da56d0c7358d8858fe14e8ulfel,0,0.8783630728721619
17,f725c5b4cece8353da7a636fcba0ecb5yxshd,0,0.7599839568138123
17,88ebdac47cc2623888e0bcdfb35b692ejrbvv,0,0.21329762041568756
17,88acd2e23ea6817d9d9fc28f38a8d1aftqssz,0,0.17926964163780212
17,a37b105534ddcabb169f6ae3ec928d85slw6z,0,0.09715567529201508
17,cab7ecf98fd0489389a3a8d3961defb3k66og,0,0.10221321880817413
17,a027780df5d0312919d41edfd4947f27odx7t,0,0.8678804636001587
17,459ea22b6b51936d0788de9f78a3547bf4jrw,0,0.09569699317216873
17,d810a7956e4d9fbc246d585ce84e8ea0750b2,0,0.09351398795843124
17,041d869edcadf595b90e3b5248903183pn754,1,0.9017091989517212
17,c89d56c06803b8c6316a7c906604c64939yri,0,0.09221512079238892
17,462df7ecf1d47980dea6a93d44fb408d4u2d5,0,0.09611297398805618
17,74487d5ffd5c34de4fecaf9dcb66f86b0wwa2,0,0.7611393332481384
17,a262e805f766306f4adb38211abf235akxqh8,0,0.09717520326375961
17,3e0bbd7d75cf543a56919ff5069b31a9gcbql,0,0.09701718389987946
17,96982cc1eefd6f526b512755151227c3h2w3l,0,0.09862489253282547
17,96f31c5b3baa8704096cc8d4301b4c96i6fyp,0,0.10353920608758926
17,f5ab013f90cb8890d33c6a309798204155q15,0,0.09213779121637344
17,bf65e77ce8676fbab6fc78b70c50f05a8da8a,0,0.8964087963104248
17,d9576f0ba8c7479eb2b26f0d15c4abfayk5ex,0,0.09412702172994614
17,eeda0d135495167db9425fc5fa3a5e3ex2zel,0,0.1025797426700592
17,fa6bfb4a2156dc8e73a713cdab85bc4bmcmwr,0,0.10684997588396072
17,531d4a209ec0cf76c9337b42fb1c3d9c9tcuv,0,0.10262983292341232
17,ec86220eb6ce57c91a02a7356b342599jrcut,0,0.09900301694869995
17,67fbdc4209a1566288acba904a2b5a7ee588g,0,0.8528038859367371
17,bb43fc12fbb0fd2b2536e4033ababf59exffy,0,0.11022906005382538
17,d7e83a95a05308d4fae6428bb9073a7bg8aoa,0,0.09810935705900192
17,d4b2fd8f5e8e02b660e9803cbcfa6cf2t5szq,0,0.887755811214447
17,721e69fd30e33488bf82b7e2f9c8cee28a9ea,0,0.08918265253305435
17,51cf4dc8898554aedd8572f97a95ef5cpi3ct,0,0.23578320443630219
17,715ee2811c764d5c58aa228ee801e518gqvli,0,0.0948062315583229
17,e8b82b8640ecdd154eebe6b36ec63f0bdwhc4,0,0.12244556099176407
17,79794d93380946ef72e95f55b4abc008hsns6,0,0.12234152853488922
17,8c09f4afd78059d9200cddc435f5c48ceph11,0,0.8919522762298584
17,3c77ec9f79f6febf630325ef84f2a0bcl3qg1,0,0.09091334789991379
17,f0e1c483773c2ef8466d152874872139e0wcu,0,0.09071841835975647
17,8c412ae875b672f18073d643c74f9f0clzbyw,0,0.1277238428592682
17,953e01bab9ac8786b4bfc77d183732bbqw6ng,0,0.37122097611427307
17,cb705744a588c18087921e74e68cfa10oev6i,0,0.8638350367546082
17,820dc943d26965d377be315497837bba5iz67,0,0.08975139260292053
17,6b0d09889ff4889deaabd5f15b3b34f1jxl6v,0,0.09146010130643845
17,400e8b5b5447b4d11e06a8bb0754d8d6l6xoy,0,0.10235581547021866
17,8066d0a6ab30c52b3ddca5da19518b6188t23,0,0.10164651274681091
17,683833b860c003e6c31c521c9cdb49a1kr6b4,0,0.10940764844417572
17,1bb7a8c04e70386f5496322158e9fc3ef6d84,0,0.1290098875761032
17,ac9bf3a07831666bde4fefb75c184adekbrl0,0,0.09939553588628769
17,50859deae0e0a599efde1725cde3a8b8dw86a,0,0.09207762032747269
17,0030a2dd87ad2733e0873062e4f83954mkj86,0,0.10280776023864746
17,c4294be0db6b5c9357ae5e2e7fc8da9489qpc,0,0.11646628379821777
17,664adb319c2be43104b6565a8ff293dea0f01,0,0.09357152134180069
17,eaad20ae39d343daf76adc0b1a4984faumuzj,0,0.11431175470352173
17,95ff2833eef5999a4f3ba4a7684d2b26a6v9j,0,0.10596360266208649
17,9f9dd5c179d357b53f145ae1e5cc941f5qfuy,0,0.09867046773433685
17,227bc0936837200d0aaeb444ab8d5f1axs8zr,0,0.09750119596719742
17,4950352b0410495ef65a92b08b5be463c20yn,0,0.10275677591562271
17,0ea26a4028ffc16d9a8631d43e1b92105auao,0,0.41328826546669006
17,ef415b2bbbb81ed33cec7242678975d5m5qk6,0,0.09361201524734497
17,5201935b289665a197e38f747882948fjt867,0,0.0997006893157959
17,3714da7069a5205137cacf89ab3a136ffx2u2,1,0.897020161151886
17,c616385a2762ecfd8e4ea16d8a1f2596qw07a,0,0.09422150254249573
17,1982c4b164171180d480166feae881ecmxsgl,0,0.09228099882602692
17,7e8650379cbcb3ef8f7f6aefcd678067kzbdi,0,0.0967521220445633
17,317d3e44b2bcfdd7293b84f82f44b8e31hx1r,0,0.0952044352889061
17,40fafe756c4695b32df7d19d4c710dabvzr79,0,0.2170894294977188
17,92a63dbb8323426833b944a4fc196fe27pzha,0,0.09324527531862259
17,1456b44d8b2b16cd94278137269ceb11ns7wy,0,0.1003880649805069
17,76f17ce227e593aeff456fed46e36c83a3j72,0,0.8755039572715759
17,46f1d7df0a8ffcc10c3de0dad8979cabgr9ig,0,0.09977887570858002
17,1275d8a6a3b2ae9d24b50997397c254cpuuzv,0,0.8612279891967773
17,00cc97158e6f4cb8eac3c0075918b7ffi5k8o,0,0.09704078733921051
17,70739399d69a3b7ea9e72742dc728742zp9uf,0,0.10601086169481277
17,308def7f05575db9bcb6a67207d6c1beb2cqt,0,0.12065059691667557
17,ec96b5b27dc870c8f59ef11b7371b06eenaox,0,0.09924892336130142
17,0f33df2513a519a35c8b3dcf1d7c7416jjjzk,0,0.8965527415275574
17,dbdb69d0032b0a251469107dd565b6c7irr4a,0,0.09484336525201797
17,91b8febfd1f556c06838992814e7653cr119e,0,0.10696970671415329
17,cefd0ed907595de146c91e6c26b8ad658ilo9,0,0.11151208728551865
17,3ef2325f8b68e1c030547a2a54ea6b98zwa2w,0,0.10715712606906891
17,f3d3c913b225bc6cdb98c60f0936f7cbj8k3a,0,0.10239379853010178
17,eeb7e43d894af9161f84692f2bf9570fdryzr,0,0.1033252626657486
17,a46046f129f3526547aca680877fd8c7e6tfc,0,0.09930712729692459
17,6c8ffec692e88d81e1b18d47818abb04v6llr,0,0.85484379529953
17,283987b9f1ffd4514757483ee1f01351xd678,0,0.7797968983650208
17,3dbb502d9d6f89b26f62cc804df54dcandhp0,0,0.14765292406082153
17,c780bc2dc7ab83d5e5c85dd13f0f7fdecfxjq,1,0.8556454181671143
17,4ef4b3e5727dc85f18aaf00ff9a1e936qyhp6,1,0.881801426410675
17,baf1aa59ebedbacea2ca418c5aa83888imys2,0,0.10288725048303604
17,c910efe1f135b08acc32b2db162362033olvv,0,0.09980395436286926
17,5a6376f140f05274d6e0dc888cbeb89eukxkd,0,0.2594774067401886
17,44bfa21b7d497f097a594c8861d4f8d4w5e97,1,0.8775822520256042
17,8d500e174fc28d494482f8ccb9438608zd51s,0,0.10230672359466553
17,bbd1d48ef4e8e7e3855938755275ad2b2le9g,0,0.09748422354459763
17,1fcca45fdd3d1d3638821f41e032f170en3h7,0,0.09195919334888458
17,c2e1242ad5ea781923a08987d55365c69fii7,1,0.8757950067520142
17,6d1354e720cb9ec90e19e29f5f895669qh6g6,0,0.10723266750574112
17,6275d51c0324547faa8a87b499812268tl90r,0,0.12446504086256027
17,21fd0c468438a483ad1c60cfd1b84b850iyjv,0,0.22915826737880707
17,e4bee4e53a19aaf71e0ac0e3be752b2cz3k1j,0,0.2594623863697052
17,4d2fc319ce6c2ad370052e0f6f2b0a1dxiyau,0,0.09860622137784958
17,681b4f9dca9e70441fca4a58c05b0f50skmir,0,0.09940308332443237
17,c1859303603734d90d1a91d80977e14echjim,0,0.8927774429321289
17,c128bfe7aba668d71126d51b32428c01tkq99,0,0.8671129941940308
17,4641b5a43c7a2496ef93af2ca590d2c94s20x,0,0.09006305783987045
17,83dbbc6c5c7ed95048ffa9427d807692339oi,0,0.8988677859306335
17,c83ee624c46235430ad4338278f6d270wfzre,0,0.11524621397256851
17,fc16993f1fdbd5fa8f8ddd72b40442f0qwyo1,0,0.10783752799034119
17,3d7bd741177a712ae0417bc4f4a37bcf9jo2a,0,0.09643547236919403
17,86e888c2dafacf13580a1211abf50961w6foa,1,0.8978133797645569
17,c41cd6791e262b44d26bdb3443fcfba97wlm3,0,0.8832281827926636
17,ccf30c9533a66f22f1c65910ae1bac1a1fs05,0,0.893307089805603
17,417adcdcd7157e75c66469c07208af00qjnuo,0,0.10378199070692062
17,f4189a40cc622eaef015a19d75d9fe21mylhz,0,0.09278655052185059
17,f2ea6d89dd9897f0d6edb6f24c446f01ra6yk,0,0.736982524394989
17,75613637a85df9328b743d33b0efbf1586qow,0,0.09876187145709991
17,28763f241cf0483ca1dd3aa1bbcbfc37xntso,0,0.10753235220909119
17,c888cda1ef5931da0db90f6803cd0d368ay6r,0,0.2485121786594391
17,0ad17aa9111f657d71cd3005599afc24fd44y,1,0.8737887740135193
17,7bb58b7875a093cbe7c5d487a825b730mjcw8,1,0.8938876986503601
17,e9f928411213f44502e4942a29553ab1tbqgu,0,0.11039158701896667
17,f895a8d9d7974b3ee7f1f04a25a950e9v63ps,0,0.1077989786863327
17,f473c995ca7b5287f9b2f079f0d78a1e92226,0,0.7752545475959778
17,6ed19e45dc118b78a78f25649aaaddbeef7e4,0,0.0922292172908783
17,b3dc6151c6813688d0423dbab13d3f19crw2w,0,0.08964330703020096
17,205a011640002932a7bedbb93d81b68b8m93b,0,0.09315528720617294
17,8f6605a649ae41fe950a6bf579452464d9lmc,0,0.7899311780929565
17,0589cf78c4bece729f0ac620557210e13no3n,0,0.10118012875318527
17,7e34a26c4c339e875997f4b9239d2b5fscng4,0,0.8984131217002869
17,84f06d2c69695fe24cd69f8a1aae21a7kozbn,0,0.10638419538736343
17,df12e679581fb2054907dae75c9c78ee9kzzv,0,0.09874656796455383
17,717a0a200628f9606d88afebaaeb409bv60y8,0,0.8887643814086914
17,9744d8ea513490911a671959c4a530d81fj5e,0,0.5468448996543884
17,f939c17ffc7c39ac9b35b69e5e75179fv9pe2,0,0.10727760940790176
18,88ae7a35e374a6fddd079ebb28c822eeohwse,0,0.0469033308327198
18,0a6ba32afe4756995db2f5cf2461cddbvj445,0,0.06494233012199402
18,fa64831ab5ade55daee13f852c16b0a84ujt0,0,0.8655937910079956
18,1b26a52e1e5980c8487bb35cf5027fdfwfnzp,0,0.06976685672998428
18,585e7c21b80baf2225224fe140cdb1a73ddrf,0,0.06231735646724701
18,5354c02817e47f28e60e44a40ca5e48dll4sz,1,0.9208225607872009
18,067ff22ebf0d33fe0deedc816d75973865jo7,0,0.9590734839439392
18,a22fdc066a738070c6e4860924d06657hengu,0,0.9509263038635254
18,975dd5178d34453c1c3c8edc47cf44274uv5s,0,0.12290505319833755
18,608d9b68afb12c6c27da6c6565ffe8297wvco,0,0.07363048195838928
18,5f50c6187a179e2ee7ba2fbcfc845c7a1smgr,0,0.05243982374668121
18,aabc211b4cf4d29e4ac7e7e361371622pockb,1,0.9594576358795166
18,8abc7635daf75f9fbeb63783b7b8ccd5rvuyo,0,0.058426111936569214
18,5686520af5a4215a239418fec906f88e4she5,0,0.06975853443145752
18,f60edfe5177cab56896a9d6860995095cl1bb,0,0.06617570668458939
18,481fdbc92e77bba4c9611841a7d74071elwx6,0,0.06693203002214432
18,72bc07c7241e1856ba31609d11501c91cswlb,0,0.07393282651901245
18,68600b8922561fe26b8b6acf1d11efdfb24k7,0,0.32924410700798035
18,4c4431ec9b6e683bdc5a3118d5140105r1nas,0,0.07342910766601562
18,1cd8d86911413c73e92ad1170cae68c3pocsn,0,0.5222004652023315
18,bd2cf3a868d168425cf1bde7c49d40b9jq0xu,0,0.07254680246114731
18,0cca10034c58287ee6fbec14a3f96c3546sdh,0,0.06313806772232056
18,577af9ccdc29dcacbbce0f36b7c1ff15btljp,0,0.07322061061859131
18,21580623ea81c5b0b82aaf74890218e5mio2z,0,0.07293879240751266
18,f5a67722732675f6285b70b9f008665fq01bk,0,0.06333884596824646
18,d27221cf2bfaf0fa7a60ffd3e1e3a53efagvp,0,0.9424722194671631
18,0e66933c924764a59760aaae5368e7d1e0s88,0,0.05571085587143898
18,6086425310e05e77a53317490e8c1f3cxzf2r,0,0.749911904335022
18,024cf43497fd7381df6254888670f84bwbbam,0,0.07305563241243362
18,d65efaa8129a85f85bf909e5abde8c3628gfv,0,0.24783623218536377
18,226017dcd6506ce20886540ff734210d8hib1,0,0.05640248954296112
18,3b233dc399f175100fb11ff9c66fa5b074z60,0,0.33771616220474243
18,d5f997729fd5a0aa13307e027804de515jziv,0,0.07159098982810974
18,8c2bdb9dd878a811701838002627a056be0ce,0,0.8725584745407104
18,671fb1e314a1f480ba9ad9b5a1cf6a91w1k2f,0,0.05159807577729225
18,b27db6c048fa41b496dfd3423226bb0923yfv,0,0.06765244901180267
18,91d9b706f63537c5fc0027c50b0e3b06qpdgz,0,0.04698466509580612
18,68f092336430866db606f137c57c87e0hw7aq,0,0.10455919802188873
18,dd661e2d6e79a5b3e66c82373d50f3ee86k85,0,0.05243982374668121
18,db83d746ba8e0c388805fa3fcb235743vfqmw,0,0.06820869445800781
18,520b616c26fc47935f6bcd5ec063eaa7w15t8,0,0.06660645455121994
18,de9f5df5962dc171c7d82ab503c36dbfwicon,0,0.049915675073862076
18,c48fd9c589f273945bad5f0cea5993ba2fet4,0,0.9574116468429565
18,27809fd62bebc89be450f9dcbdd25ed8il6z2,0,0.1054091528058052
18,6a87cc9dacae884e817de2ee08452e76dx9mn,0,0.07406511157751083
18,8b4071f3e2702b88481054081363bc15her3f,0,0.9582431316375732
18,2736ee274114e9440463bde9fbffacaa5xky5,0,0.07242964208126068
18,cd856579a7c4850b60d8763520339449x0mqg,0,0.06888188421726227
18,4679df74080bc22e29676bddc5bcbf51gsyds,0,0.05189107730984688
18,08515611e73803dc6d8c562b8514dfb5qi3z9,0,0.056411322206258774
18,62ac0de5f8776ca1d189297bdea9a64cmewb9,0,0.07200309634208679
18,28c9a5ea8aae9fb4f6a755f94cd922361v9ow,0,0.7812714576721191
18,c8d972b803b46212369cf1b480328dcehb9jl,0,0.06786130368709564
18,245b584befa6a5b8c759491f5f3db580p2m5v,0,0.06812761723995209
18,3d281a78c6a116a91baf9c8db22b56bazer1h,0,0.8269459009170532
18,ead2ec4563ba25a9e9d417f1964b7504teqtp,0,0.9333874583244324
18,96b1df591dbbf3a002578574671d9ff1rmzev,0,0.05243982374668121
18,518e9fb1055de6532ed2df6d03fb78feus5s0,0,0.04802484065294266
18,6aeab198df208f8628825f7eb3ec3701p2ybk,0,0.04950562119483948
18,ea5948061b2059bcbd900d3ae7e86e428ae8g,0,0.09414324909448624
18,5a2aa4e8c227de4db26547fdc1f017cbxb62j,0,0.060270704329013824
18,e8e4603ed284adbd252a7a601f9bffe09oq6f,0,0.0609990730881691
18,a7454ee6fbb69c4079caf5b5b92574abi6pyh,0,0.0735902488231659
18,c5dcc8a649adae76ce01a3fa85b68f237ny2r,0,0.05452887713909149
18,e959a3ae64e28a7d3b37934c0d826867o3sp6,0,0.07039567083120346
18,76a8a9566e21595a1ac06cc0050626c1q7a83,0,0.062103450298309326
18,db88530db963dab43118aef5aba127ec29abp,0,0.07403864711523056
18,c69e65de28937ebe1b94e7785afd94158thqk,0,0.9393529891967773
18,a539fbaf8b29613ff0e4f3e5831aa7a5p2cva,0,0.0728599950671196
18,8c4b0d95ba36c0ba2a52f9043c62fccev75uu,0,0.9190598130226135
18,7b5bd948eb1d8075be58ec9240927bb59ugz3,0,0.06140204519033432
18,0b450f2827ec670da34be66ec2a520213xcuk,0,0.06564483046531677
18,74866aaa89db79f25dc0fae8be067b83xlbm6,0,0.06369929760694504
18,ca391c857d7aa75a72e2d7c3133e0d6ay9pil,0,0.07306593656539917
18,786fd201d9c952bc3453d4b3a6fa64046d8wb,0,0.053572822362184525
18,45cfe8744884eb207048e3cbee31ec56hd9lm,0,0.06552504003047943
18,6ed7b95dcea7b359248e9efce91cbb11lm7hf,0,0.9292000532150269
18,dcac75b5ccc362a66e7f9112f033bdebchxq4,0,0.06593334674835205
18,7eb6a5ffc5e8471efad7cdc8927daf677qcf8,0,0.19130313396453857
18,8f00a4c4d7f097bc1688f8d89431f6bfmodq2,0,0.07438007742166519
18,9819825acfa7e20c47a78bda5e76b195jh0gd,0,0.9551213979721069
18,db80f065a93cc6b41d12af614bc3ec11kpwjp,0,0.07296178489923477
18,2e1eb5b56591662fd7ecd7b39621bbcfgd1ks,0,0.0722888708114624
18,88e24a019c32a60f2ff315a9d217ec33q144x,0,0.0613083578646183
18,67083f257438b1b79cb09cfa601890855of77,0,0.06554023921489716
18,01255c2c7c5578c186873422fc00fd7afwk8k,0,0.055023957043886185
18,9ab3bca29dbc32070cd7f729ea55639a350tu,0,0.07070141285657883
18,2a5726bd00709641cc54a8ab5422cde3uchoe,0,0.07228609174489975
18,10b431aa15b56084d32fe1ef123c4305wo1nl,0,0.06972601264715195
18,85371e59ea43c33c7e481ba3c214e893ail7f,0,0.06495528668165207
18,a4c40fd7a4c1040283fb2b84611eaad240849,0,0.2050105631351471
18,eacfdb47b3daccebd9f16779c5542fe5eytoc,0,0.05648317188024521
18,d8d90875fbcf94c3b4c5c00479cbed6e1mqrl,0,0.05345812439918518
18,0353aa9e97bd46119c90b8892f99982esfem3,0,0.053547464311122894
18,651402deb28af3e3d1ab9a6b88314b591uuaz,0,0.06369148939847946
18,f01d8d55568b1f54b6946a1b78a3983exkz5u,0,0.06588916480541229
18,9211adb9cc770c78a70b55441acd146bfxnz2,0,0.05513028800487518
18,a6e261c09ae8aa7d0a47ffeb0110aa519jowa,0,0.9510261416435242
18,7d72bde2e297ee81296adb4fd56e8800p7lbe,0,0.07345093041658401
18,6533b670e02ccf583288ba7c8f5fb1carmirt,1,0.959601640701294
18,7ce12bb499c156ba4513becaa42aa8c143v75,0,0.055379174649715424
18,14f226ef57ed64d8e14c8b5ae929143cgq3em,0,0.1103397086262703
18,e5fd2ebbf5bac9ddc73ce524e1b33c3akti0q,0,0.049020182341337204
18,56cfe8b0d574e1df3f823c2cf32226eff52uw,0,0.06778217107057571
18,1bbfbd968c065ff5dabeffe311bc3ddeezbof,0,0.29838255047798157
18,e19f258fa5019e58974b562a8e1433ccluztk,0,0.36361679434776306
18,5e8bf58291656ddd5fd2f71825565446aiopv,0,0.9278309941291809
18,679d60378d42ca9d3b8a28073fe14fc7bv4jh,0,0.572784423828125
18,8f6f7baf33fe2a5206ed3ca88446a99bmq453,0,0.47844845056533813
18,061690ceb6004807b7906968bf382dfcbve7y,1,0.9571226835250854
18,61101089c1b34f409fc9b836a7f9cd163y22l,0,0.06850036233663559
18,a3910fbd35b7a0c383c9805eafda616fra4xo,0,0.0748177245259285
18,d4a84bdffb9543626fdd42c879343ce26ds4l,0,0.06500983238220215
18,b1729d5905e896a8411f81bb65d66343ladls,0,0.0669327974319458
18,c1434e440370882ecf00ac52140f7adbuy1e9,0,0.0520145446062088
18,82194e7d8f9b84e71b789e763b5c3263r6d98,0,0.05071425810456276
18,2794512e8edad5f99d28c33c7560fccb9zl8i,0,0.07290463894605637
18,e4a9bdad09ebc5d5a264723855fcaaad6q52x,0,0.12486691027879715
18,d0b096df6b5ffd2efe8d5cfad4a24912zs3dd,0,0.057512275874614716
18,dd7292cdbc81ebfb87945d9ab176d679gepf0,0,0.05257584899663925
18,2797fe80977297483e724b8390161c937dh4g,0,0.651982843875885
18,1e0b1a6ea8d307cb61e221723534c4dclf9w1,0,0.12589436769485474
18,9e9270c06937bfa13f5b29e737c3438fcocyn,0,0.06741466373205185
18,c97dda0fd2de7d82d3a52eb6c0788062h3tq6,0,0.07485657930374146
18,8783939eb63e5eb4e5cd412d8480f3955ipxu,0,0.05565348640084267
18,e0a87bc26e13c599894d7a5103fdca786tfat,0,0.07416702061891556
18,c6108e22518279361de99b3c7c298235mkoa9,0,0.050558581948280334
18,4d0d345f552877998f41ba3cd1ba299885vu5,0,0.05243982374668121
18,7c965df16147f68263573764dd257a7bxqmpt,0,0.057563263922929764
18,060ac64ff78ae62e9bc697192cebea333760p,1,0.9566984176635742
18,1dead8a9cc54fdcf7a7c16dc6e06a3bbusgcu,0,0.04377845674753189
18,8ec9269ed4f5aef4584d887dfd9e595aaynzb,0,0.06122440844774246
18,9d98d3f00a0c0bddf35470b0fb735fcdhiriy,0,0.9566459059715271
18,0fa357965f89388d8e7eb8cbc3b85c6bnnro4,0,0.04600273072719574
18,af9c96944265cf541b3fe734a057821a825l7,1,0.9388366937637329
18,420e7aebb49d7ab3c04e109a98e152d7kquiz,0,0.06976285576820374
18,73d4cec0ad358d272d757e0fce8440d01fvw8,0,0.07270956039428711
18,b1410ac124aeb5ef6b06667786feb742tijnw,0,0.1311044991016388
18,af5d33f9724b0e8c1f875406c0556d1e6eotm,0,0.9107906818389893
18,655b88e646b94d0adb9e15e9f3b9c9a4lvcrz,0,0.8903202414512634
18,48044b1b1f47f168864bc7c4a58a65ecmt187,0,0.06411087512969971
18,d2704c8bb6ebbf13e08f37131382b126wy4yc,1,0.8191657066345215
18,f05dfdaa2f67b190f3a79a5a2d5daf9coikow,0,0.07245293259620667
18,9f60e1593604631e10ad2677c51055c6mv205,0,0.06936121731996536
18,ae817305e82b580f9ab89f1a379488e39il4q,0,0.0764647051692009
18,183c4e44d09bc4ab990b957e765af311vlup7,0,0.05280104652047157
18,1dfa6e724441ca3c913b3d40967c17b2p9xr7,0,0.05099982023239136
18,e2e14e8e15204b504b146d17a2bed925qg3u2,0,0.07348954677581787
18,0ef9be4eb3b6a03ac2945522964b242ap09cy,0,0.057020433247089386
18,a1922a9ee4f9f5d03fe11816c2cc3eb9ivcbp,0,0.06528487801551819
18,39802378690e7d0c61d294f5898852b96hsfh,0,0.07246174663305283
18,e4264fc4dcd5f917ceb002d860441370s054e,0,0.07190035283565521
18,0580f2e77b4c0dd3b5cda8a1641cb9fenmo0i,0,0.046121738851070404
18,8d49c8e70bf96a255baf30acc76a3f59b394w,0,0.04863864928483963
18,ae15accae2164aae084aef7e3524c1fflq962,0,0.0671803429722786
18,b79560ebfed7c8cbcfb97475812e0836twsnm,0,0.06629916280508041
18,5920a92dc2b65e257061017a04eb5361tpa9b,1,0.9568420052528381
18,2d9579812895729581ce269ea17462197jxvy,1,0.9482744336128235
18,13dfda714fb516e1f9f7abb0c927bdc2zmw55,0,0.07254237681627274
18,414af5edf09c473bde75644b76a68e7feesrw,0,0.06895491480827332
18,6a1d4042a5f3a3f34f5b3ea753ecce30l0qj1,0,0.052327509969472885
18,42f754cb72e01c08005598e1f9383341fn7xh,0,0.27419477701187134
18,ccc371d7848a80bc31941248b9f49b95hn694,0,0.06912590563297272
18,669c6a0e8aabbf0647e8ee6e150c47b18a4pu,1,0.9558283686637878
18,d3ab33e9314c95d6806813171f292299tmprm,0,0.07147935032844543
18,ef89b74b58c49c1a321d3d7ce061d151k51xm,0,0.07541990280151367
18,cd35a3230456d4a245806e476c63e9a1evu7i,0,0.07344360649585724
18,5720c8d7bc15b94037cd75ff9496a35evugeo,0,0.9594576358795166
18,42025aabb56a61f3bea90d27b283b517dyk4t,0,0.07524778693914413
18,99ca795998fb781a42d85f1abeb50482yzffz,0,0.9580382704734802
18,877d96d9abeb73e437a8ebd74abbbf45p8s80,0,0.04979947581887245
18,4444bfb455b90711234e0c25345abbaddrt0x,0,0.05243982374668121
18,3043fb0b4a1904222f640107f84d6f799tves,0,0.05320315435528755
18,b9d861ce6162179a4b008b63e7fae80fjoywx,0,0.07374192029237747
18,6feec0741a319299c78c47040893399ebas6q,0,0.050843726843595505
18,fe6ed3a12fbbf5da4980337564361710v2y21,0,0.056264545768499374
18,f3bb3c26162cfc1b8c3636a7ba126010na3n4,0,0.9197584390640259
18,d092609f5140c62ec64ddd7615c25792qgdrd,0,0.0555027574300766
18,78a444127a896122678835e12ef507deh01hn,0,0.05169449374079704
18,fb81da0790d821a22617d748d0226540ylrj6,0,0.5917052030563354
18,3550d62e04bd3a1239eedbc29d9c970279b1v,0,0.05324254184961319
18,14d4e04d7ed150613974438a4dfd4e85dybq3,0,0.3815506398677826
18,613c7d60152ebf06e3a7dd326ba03261mnn8u,0,0.04838676378130913
18,fe19fadb955fee4c5fcd0e30e56e1542kx66p,0,0.23859432339668274
18,c9f94611f4c9afd3a3153da9654e7310jr201,0,0.06468988955020905
18,24284d3fc3334e0adeb6bb95637ca62d6dm96,0,0.054018620401620865
18,9e25bd3696b4e1775de205d2d4698a0df4s14,0,0.07379325479269028
18,74ae4f7b1692dc42622696303d9d4d763vksg,0,0.06671016663312912
18,c2f592fbdc8980229367e1db4d0f7a51my54g,0,0.09716533124446869
18,36e2e2f32a3872d3e958c0a58ee79bd129xdy,0,0.061815254390239716
18,ed5ee107143980558fae26c1b5c7b81a82spj,0,0.05057059973478317
18,4992da4511c3c1b4efed3e16c7d8dec65ilfj,0,0.0484812930226326
18,ffacbed056cbfaa60c1fcf51f0d381bddr3ly,0,0.06495928764343262
18,2b19566f190ff3b8a85884e03c64fb56ir8a8,0,0.07245603948831558
18,98ad4163bb0b1abf72f165056d4bf1a1g8ekg,0,0.06562556326389313
18,bcbd5c95680cab78cf904fb936dd03f86g19z,0,0.0735427737236023
18,764234598477e02cbf8a43983fd43850l1c8f,0,0.0678345188498497
18,00a0517965f18610417ee784a05f494d4dw6e,0,0.057895954698324203
18,f9753e9fd6e25e0a1ae176ab95c31146iaqnv,0,0.058127548545598984
18,1214fbf35079e7afc0a35645f8be8b218fd5o,0,0.05243982374668121
18,17b41c48d6f53585c7bf3b65977eada0yxs8n,0,0.04814465716481209
18,42e631af9bd00e5e816f08eba3b102d5ch576,1,0.9093024730682373
18,b0973e698b12fe51ec2f259d924c6098rasmy,0,0.05587780848145485
18,da2841ffcbeabaac373f00039c10f39fty6fa,0,0.053333114832639694
18,c6453f296ce36005d7e7e67e159e1b7cdbmus,0,0.07348210364580154
18,11e47dc08d7fa4d1a1953b5868892f72qvlho,0,0.053561437875032425
18,465c4f2ad08cc1e5f7a5e1e3ac75654ealh0g,0,0.06797915697097778
18,6e178db6d17d21aa88aaca5bf15c2761lc500,0,0.35083436965942383
18,30da67f34e3cc215b3bdad588410fab5655fx,0,0.07391456514596939
18,ec3b2ff6f725e847f93285bc9d2b7b3dvcd4u,0,0.06160479038953781
18,1395ca662a02245233af951cc7ad8313vk6w0,0,0.053974449634552
18,649b364bc466208e559858f0677b421dbnalw,0,0.050772517919540405
18,cc4763c97c3d7cc9116e0a51a6d1f2e82242i,0,0.06055707857012749
18,bea63152ca4d99f549999ca57b93d015z9kyh,0,0.04897182062268257
18,67d6466d7f4a32d294196b8c16ee0b03kn9tf,0,0.07351473718881607
18,8cb96eaadc11cf4f914bad84518632e7czdyl,0,0.9584739208221436
18,e21b238213c361523d276d67f37c05e3qot5q,0,0.06757641583681107
18,424aed9d807cfe0b2167cfdaa4957fc0heell,0,0.05566276237368584
18,81c9c749b2c9f97215f3ddaf8b5a5fe1k757u,0,0.05168670415878296
18,a7bc17dfb615eacffe397be5b2c2f3a6r0bb9,0,0.3086654543876648
18,cad9c97e99bd5753be98edd9ad8ec8c8c7r66,1,0.9590129256248474
18,d056594c1d7976b6ad4ba23e2b4cea19l2i0t,0,0.40190786123275757
18,2daa71f0d138b8c2d61583d3b98a25e1mjp9c,0,0.07219748944044113
18,c900620a019e78a3eee44109e4d1e1d2xd2gj,0,0.06984935700893402
18,2b429b9235bab2877cd93ac6d9fbc2d7tzwre,0,0.909736156463623
18,d3e1891edac2851f6d34de566802cac8m8dn0,0,0.04645661637187004
18,3d2608a892e44dad3027ab55bfaa0b26r69hy,0,0.5089274048805237
18,69d8fbf99586bfaac64d31f82b9bee27wltkd,0,0.0661039799451828
18,47183c1427a3cee97ff9bd167844e65d9dzi2,0,0.05477577820420265
18,510f33a3c0a290a0e43d2576d928a4abxieo3,0,0.07344385981559753
18,a96039c7cfb1d040ca978ec5e66ee2c0sb5ht,0,0.061105869710445404
18,7a3378ad9999b1fde0a4562a9b036f038cdal,0,0.05243982374668121
18,daef74294e84ef6d7e009c2d51be6ee167xds,0,0.062157388776540756
18,26508777dcd84df59b467a60d9f18ca1pvvbs,0,0.04617314413189888
18,bf6f2ca50a3a6a3113681e754307aa4ehnd5j,0,0.06132664531469345
18,29bd1e11a41eb2ff50af75d10f28041ejh9xx,0,0.05872368440032005
18,eea79e1bfc21ff1b9572213e540e1252s5iuy,0,0.05086164548993111
18,9349befb45c4869b68e82a1944f4f01377cpz,0,0.07428837567567825
18,a0420d3961adf890fccf4b43899708f6h40zs,0,0.07508385926485062
18,78e59e188d9780cb8988d574f692ed343s129,0,0.04512843117117882
18,c0b7161a67a0aae21788103c08eba7e9z8e8k,0,0.06176118552684784
18,b86050461e88566061c796dbccb1f7e5at242,0,0.07187549769878387
18,486dc9de91d243625863313adc03aa6bv4s1e,0,0.04799628257751465
18,ba0ca6f98ed66bdd1c4e86db2ce4011fdk6ii,0,0.17409034073352814
18,7188dec1b560385b0826f78e7608fdfeai9fm,0,0.9555006623268127
18,aaa8650a6e0997e90e4b6a9fc2ddf555m5c1g,0,0.4836973249912262
18,71c2561141c55414618d67d1a8aebac1n0fjx,0,0.07354719191789627
18,59d96b423ea3ed56611686300b681f3defm4n,0,0.05688794329762459
18,12c1b22ede3c23949bf130cc7bac6316ks7fj,0,0.05410051718354225
18,e10ae48cce1e198f7283064cc8a2f836iy0z6,0,0.05609441176056862
18,50dd191676497345cc95d8b9f7284a7371z5s,0,0.07263371348381042
18,82f1ba4809f4812629e9e53ea4c687d7begx4,0,0.07379218935966492
18,25f59f9da43b6806aaa125fa61974591sacso,0,0.06335925310850143
18,1680b6a12fdc8c64645c00ae8048f99c6uzoz,0,0.059081435203552246
18,5de403f3d49221bfa7116570a4d572d8m19sh,0,0.07227961719036102
18,ff181014a0d7bb534fb9a35f22e24fe72m1d5,0,0.9165967106819153
18,7291b7fba1b597d66bb8efd45fd0d354q71ka,0,0.07228744775056839
18,1a05035da8ea9dead1030ccc993b5284n1on8,0,0.07282902300357819
18,6c021878ba6173a04d55bc1cf5544ac1f3t02,0,0.9497966766357422
18,058a4e0ac0a20f504cc9c6aae2a896e6too9v,0,0.07078327238559723
18,2cbc26f228e0556f268e0dc1bd9ac0a5lzdfh,0,0.07913358509540558
18,dc4efb7e05563288d1f2ac4ca65c6734017ql,0,0.06772532314062119
18,3ecced86078287dbd2eac2cfac98367fbbelu,0,0.060582585632801056
18,e0a9e4ffe2acd28599dacb91c98c34bc66vo3,0,0.053243763744831085
18,f430aac3f0f7f88a9b504bbb71322d54mct7s,0,0.07371630519628525
18,b9fd0772481bf459179a3b4ab49171693im97,0,0.06659292429685593
18,0a9c5e1f261c937c09817ea2d5e949f34v8oe,0,0.05232331156730652
18,5e3747785e44d85a41a74470c051e946x01dp,0,0.07377303391695023
18,97f541ffdcbd1ee34610e3099c5df42acfvcd,0,0.9554961919784546
18,2cbacd5b066b7dff7e0a87e1ef00e0b4zpqzw,0,0.07088243216276169
18,2d2839fa92d1c8e94bdeb1fbb9e62149x6xc5,1,0.9589836597442627
18,7bad0fc50ac7d249e0a3d8b83f68e855fcnxu,0,0.07227566838264465
18,1f2d607e5cc04e790e3961a6432d7c15hn4qb,0,0.0692250058054924
18,6326299ca6a53277b2bcea07bd0b4ba8ktbqj,0,0.051078565418720245
18,2234754e09ba15519d0104c405326fc4igk0s,0,0.06626839935779572
18,20f206d2656116bed8dd46d5b70dac81lbgfk,0,0.06837892532348633
18,f23ebc71f2d8d820db2bf0576ee7e148cxvkp,0,0.06424190104007721
18,29db827ba14938954c90cefe40d26fe1130kd,0,0.06958701461553574
18,9372e27ce85a8c8b9460b87c37cf55ecqjjkd,0,0.05152560770511627
18,a8a81bb8a3a35572bd1f9922f5a31217pw41k,0,0.07464727014303207
18,2993e59bbbd7d14bf4bc21e4d2a4f8eeb18d2,0,0.06050333380699158
18,031da7aea2d4b75ac8ecba4825bc1318yki1d,0,0.0678437203168869
18,958de49cdd870198543313fcf574d7c4eutrl,0,0.09913129359483719
18,c67ecaf47f857f37f63ac0f4b9af3249wwdtz,0,0.07209458202123642
18,1689122c3b25d9e7adc626de84c10006fr2n5,0,0.06216258555650711
18,aa20f72aba9804a4922195f66a876688rugsd,0,0.4701578915119171
18,16e2e48cff6faab74e1f5c47669dfbbda7l5z,0,0.053002744913101196
18,aa1c013a1de168c611560ca2afe78111g8i6s,0,0.9477977156639099
18,ca9e2287e98a718e20a8ed117dfcd699gxsp8,0,0.04638415575027466
18,5053e03863b6887308c8446cefeec429l94tg,0,0.06871676445007324
18,437c191e614776c1535305f602ea9033sdfmf,0,0.06566055119037628
18,52c441804b89bc20e4c8dd625bf163f27o2zb,0,0.07412458211183548
18,5e5d3410ca3605694b3c75b2274efd44c9vru,0,0.0675814300775528
18,8df5d645ed4040b857c121a4459b7976n5u3b,0,0.07394528388977051
18,a124589b3af5a212406c0306584a9554fazi4,0,0.0597400963306427
18,c8cf68aa6abce25325dfdad4a98fd890ap57f,0,0.05243982374668121
18,9adae18220565488f77036be41cf71beiepqk,0,0.9351115226745605
18,e61c14d66cd5693d93cb0356d7f444ebinx9i,0,0.6504219770431519
18,6b531ceeec5892121e04dcc6f89b10a70yqoq,0,0.6475638151168823
18,f428427d7227ddcda377cd00f07749576c6b3,0,0.07469308376312256
18,cc064e3409a1825e3c4e5c814376f140qxu5l,0,0.06407172232866287
18,162886daa0054ff1ad422e0f18cddff3qofft,0,0.07001790404319763
18,19b39b852ed4abf1ba5b095829e25b946aed1,1,0.9559544324874878
18,4985bdbf8710c33fd7c9d4771db7c690mcbyr,0,0.06928824633359909
18,6e8cd4699eedf0075cf5662e1fff3a857bycf,0,0.05287463217973709
18,75339aea3f29d7d9a8d67ed3fe1c89c3owsq5,0,0.8791428804397583
18,403d9c0288bab462bae858dc8aff2f94ti9ma,0,0.05944741144776344
18,b2968116361fd43589bde8eca72c5767o71qc,0,0.05629090964794159
18,cbe8d224a38ccff930674361b502e7beyuf1k,0,0.07044447958469391
18,33895230e0b25b5d3133d502ef3ecabey84m6,0,0.9006400108337402
18,32d2ce86b00693f0c26314e3cce2438dvxbt3,0,0.07296506315469742
18,8b109c0aee5ed07fc996e73d28e65888o5jmc,0,0.07392742484807968
18,27ccc09ae923d1ca8ff7ab3242f279f7xuclq,0,0.07120957225561142
18,13c4c826516304555e291d3d91c108b3ytpmj,0,0.05130269378423691
18,4cf9c56df4594860df56285e9293a7f7evfix,0,0.04597288742661476
18,55abcd1b00c6b5b54633fc7e98f0110bwoy3v,0,0.9058769345283508
18,6ebbb4e7c3fb4ba44a89bae997717924gm89u,0,0.061400700360536575
18,c46e21e01a3f4987e00109d1d5f48acb1q72y,0,0.07066545635461807
18,e56f611f1157381f4b689ab34b574e791qhcn,1,0.9331194162368774
18,2dc309478d30d440e75c932b1f13a8fai2p2e,0,0.050448641180992126
18,942563fa6695a4b2f76ab6ff3bd58030i75z7,0,0.07249435037374496
18,af33d5277890ef0b5f55fbbf400441c9hdehk,0,0.05972569063305855
18,81392b54fee8e50ec74efb27cf0de8e32fdm5,0,0.07017084211111069
18,1d4eaaacb6127c43c1c007331cac135bpib3m,0,0.06324654072523117
18,4694d67c21e9a2edd614e717aa3f4dd2e0w93,0,0.07408376783132553
18,b1863365ae232a316eb946ba56a29415m0gdz,1,0.958349347114563
18,74a35c4376559c911fdb5e9cfb78c5e4btqew,1,0.07406853139400482
18,0f3ee77a46dd5a09ad20b7c3e54ec614sbpvb,1,0.7274186611175537
18,110d2e689da119388dcb6e235749b787ni298,0,0.07266931235790253
18,cca4426ec6d64f3e73294d4d5bc9719beud37,0,0.05859091877937317
18,7f3516b1bd7e5571ab964ba0affe9302brn6q,0,0.0637359619140625
18,7a0b445f462d05606bf6ea07e2ab96ec1a4kx,0,0.06217170134186745
18,40f2eaf03624a31952397644f1b79a6fvtfjf,0,0.5799092054367065
18,53856dce9187b16f2cf5e4e58f5d0397h7tz6,0,0.07432302832603455
18,6c6c3559c5f656c71348f7cadf29bb12okgl1,0,0.0655721053481102
18,583ce05b5add00d9e7e5dcefb3c436f26d7c2,0,0.05243982374668121
18,5c32e357936f8977277d9b23d8f09f34v41wt,0,0.06557390093803406
18,43c76d050c9d2509d85c9dc2b1a1dba4zb3qt,0,0.21199585497379303
18,a116e727a3dc0b69f5e7ae14d0ab40d44breq,0,0.05815562233328819
18,437ac1b8d08c3b328924aad097a3dcdey2m1k,0,0.07427660375833511
18,56b55e6ab49a4cbe7c76a2bbca804089pjq0g,0,0.0921018049120903
18,c65d2236a70982d628454d19472ce26eltxgf,0,0.07240187376737595
18,d381ce07afba12851a815cdf8858c1c7g2pfh,0,0.7549845576286316
18,74cf3a0c5e4f080415888bad2f7119499lh63,0,0.06635431200265884
18,d31f6cdaf4f8485190b4ea588f8c1733y6qu9,0,0.07450076937675476
18,bd7d5414174da6df4b018c21495e8a2cxiose,0,0.8233945965766907
18,81207d4ecf830fee924989f4fe1eaa7fntkmw,0,0.5339432954788208
18,caa74df2086d71caf6c1b2b9c81d3d98xhpv9,0,0.05377870053052902
18,6b28baf315d41017844e15d645bb2c05ybt3b,0,0.0727643221616745
18,acaec0b9f72bf4ab4318f3244344589b3700a,0,0.06527736783027649
18,6a3b1ee159716b743ddb8e07e499fadbhqn74,0,0.05961228907108307
18,34e965deb822f329ecad42b94e8ba0ba3dpt0,0,0.5164918303489685
18,219c6102f604c8ff0ead5d23375bb127del0d,0,0.2501320242881775
18,dfa7ead5ef84eebc79c67d3daac340b0exa41,0,0.07056980580091476
18,67a1b129ca241c51d0abb5484f8eb3fct8o5c,1,0.9477436542510986
18,949689cced5d86578e6c8b664ea76d6aq6zxg,0,0.07238934934139252
18,1a764d01d19a1408382ccace87e61c9fndlo9,0,0.07364203780889511
18,99a3bacd3eb66c909a02b85402ac38dfskz65,0,0.06776849180459976
18,ffaf0a972a6dcb3910fd6b16045781e2ava5y,0,0.06655769050121307
18,90bb553b65144cafddc3f3d4a7783667a06ga,0,0.0705544650554657
18,4f7331589f84c6359bd693513bc9d7ddlitos,0,0.0741143599152565
18,6ca1de75674e78f9d3d63fd96fbe6e172t86c,0,0.05598292127251625
18,33ba799fab5e4145b54fac4234bb6e13up0tu,0,0.4490058720111847
18,79cdbe82ec79d0e60f1b113d9a5bc5b4ar8bk,0,0.06579088419675827
18,2f9ea407ba48ae05f98fdf634995d936xefau,0,0.9408575892448425
18,9e9047df09026ed5a5a3a86403811159u5yja,0,0.06203547120094299
18,77bc113594866d4902d6f867a456750c9vvmu,0,0.08995213359594345
18,d8a10762de6d62c087a0a8f0e61cf78bbgke6,0,0.06753568351268768
18,0e373556d3bf588a1bb2ca6354120cf2dmvjs,0,0.07181552797555923
18,b6a3aa8c0f2302fa35d7b809d9371deeypvyh,0,0.19463089108467102
18,abf6c2cd31be1630f5a7a1219935011c3rkqt,0,0.04910954460501671
18,c670e7fb466b09000f1053d2761752268bkfm,1,0.9579957127571106
18,25022fb30734c2e5044e031b0e9a4a9ct3354,0,0.04709235951304436
18,fdf0eb91ae1ecea1f6902676f47c32c454yzr,0,0.06442448496818542
18,bbf1dcd2f0100fa90e4a8544b90e35846p5y0,0,0.07050863653421402
18,f416aeaaafcbb66aabb77347776db008qw96o,0,0.8057799339294434
18,177b031b4a77f28ff167b427ca967b52jetgo,0,0.07430809736251831
18,1a5d7993b43386f64fcf4b84e7b183a6ref21,0,0.5278293490409851
18,ff4e39c0be8af4b17a73dcb761e4bb6dmop0m,0,0.06300012767314911
18,964028ac24d4ca16c4b63f64b06df1c8ltrrl,0,0.2649936378002167
18,d927c987f8a4ba2dc4f38dadc0831100tt94p,0,0.04685053601861
18,1870650d20a97db60ce4133bb9352b69h9phj,0,0.05323037505149841
18,2a73f10b3b8f2b825e220ba0a1d2c49f9nikz,0,0.052744172513484955
18,9d8a1ddb38499b3403a6a93395ef29bcrznni,0,0.06645505875349045
18,fcda141af3b545332fc3b2d55a8bba74uw7s0,0,0.0653109923005104
18,120c8b384858420c4e46e354c86f4ca393w0i,0,0.3459464907646179
18,43bd7fe0ed7629fa774a461127a629f19je0a,0,0.04662642255425453
18,0a9d614009139236f198ddb4759a498cen5ix,0,0.06633007526397705
18,bd6adbe79fcb843aeb97546947af1236kbg7p,0,0.056229714304208755
18,1b7c070ffb2c23c1d02ae5bc5d817d06qz4xb,0,0.06748300045728683
18,385325103b3eb54b0b974523fb7a13e02go5s,0,0.05767913535237312
18,b08034d2d4fa400b457d4a59a2482e8enfhqw,0,0.05404846370220184
18,3e602dff2e3bbe7a52236df2294c9e059fc2l,0,0.054861199110746384
18,e5736d7f8082d7d7fee8430c0e2279bcdmt2a,0,0.07404115796089172
18,ad228143392ba96c21bf51499bac1c3b3kmzo,0,0.05496210232377052
18,18e751726fd7c407c41cb18c20da2c4er5z1r,0,0.06909148395061493
18,363ba0a2afea1b074fc1ed270c86050byprz1,0,0.07075552642345428
18,3d575194dae5a2e2966abdf84d800a3bgbsd8,0,0.07251808047294617
18,53e2d855e008a5c2f79b4b848d467b86nofo3,0,0.07298266142606735
18,d81579750b388276f2d8f6d80384f499n13l6,0,0.07058221101760864
18,2baa5a9ec317cb21a11d83f6dc72a2d6xy9jb,0,0.06236613169312477
18,0381a69b7a061e9ace2798fd48f1f537mgq57,0,0.0724666640162468
19,6e4d22dbabcf2eaae5689c7d155e1c1fev15l,0,0.05945933237671852
19,9c509838d129fcee98cb3934079ca36asla50,0,0.0750361904501915
19,99acffc3cd9bfcd00668dbf472a1979350mxk,0,0.0689067617058754
19,c748f0d69cc89d5812c9fe3a6413bbb26351l,0,0.06464215368032455
19,322addd5687d99bf69306148e12f87dc5jbsh,0,0.062326036393642426
19,d6d3daba4bea632d7f5a4e2c5146f109dkd4m,0,0.07405328750610352
19,1476226300a93d22b15253ed7339429a7ijk0,0,0.9259315133094788
19,a1f4d216a1a92507d97166151d7c9fe37bei4,0,0.0625794380903244
19,e1da7d96b83f16aa80cc254572cc154fcoudy,0,0.21542052924633026
19,d738b259ec6e6af625d1f41abcfd63e9e53tx,0,0.061438482254743576
19,4dd2a50e589cde2802c4bab143dea61ak517w,0,0.06201118230819702
19,fb92fc925c5df50f4da7874a7542cf2210z1f,0,0.11871141195297241
19,91dcfc10da696a6d90966ff795751708er5fp,0,0.9250675439834595
19,927c5e145de79f9ee2ada0ddc054b4e9hc3qj,0,0.06818953156471252
19,59ae36080fae26bccbbc31a4505b6fb3v3zjy,0,0.06926028430461884
19,1cbd9081de4481ada66f1853737f7684ddjd1,1,0.9317016005516052
19,96b90af2d3eea4d3b2bc725e1c92e212qu52g,1,0.934593141078949
19,1ae57d217b27820cabf6e24b721bfb38s6ja0,0,0.07152031362056732
19,758bd601d6700494300ec1647682eb34vq1zp,0,0.06174302473664284
19,80e753fbea14f966b1fc6d1e194d4e66822ms,0,0.23392294347286224
19,d0231e5200b870c055db7e3daae24bc8lt7at,0,0.06160465255379677
19,bff9a98b73f2b9a01300d3fd3d55b16b1190o,0,0.07330682873725891
19,461dc3d03d1e28d52770a4d3dc7db34558fcg,0,0.41949090361595154
19,60b8145bcfed7a5f2a23b596a8aff99cdzn4m,0,0.06657972931861877
19,48117c1e2b56cfc8739f83683e01d9b2aoc66,0,0.061746545135974884
19,9baf61c813f1d4a09e3c70f6dc741f34voe3n,0,0.06210833415389061
19,15972a431aed117840dfce5556242366c3fwq,1,0.9350515007972717
19,36b84c776aea2e008180dbc72393ed750zsbr,0,0.06899740546941757
19,a9229b83f54a5f44a69e65b9b3aa7aa26qcon,0,0.060818109661340714
19,8d43ad48f315364be4d979d2e9d5ee67quqyi,0,0.08747947216033936
19,10383b390780e7b4b03dc32c94b4973f66wou,0,0.06356733292341232
19,fae963b2adbefc663692d7feddb50d5dxz1hn,0,0.06688106060028076
19,17eeec8676ad56bfead1a9406277f41cnev3n,0,0.8730890154838562
19,8e2a43abb8fcd8ef9801c69fc04bfcb5kyc41,0,0.6382016539573669
19,85155ae64ccbde01b48fbf4b3f1b739exmqyu,0,0.060495540499687195
19,1053ead33eb1a5db7c36c979a455348abh9ns,0,0.06348835676908493
19,2515c5fd81638d5d0bca39a2b2be3995tante,0,0.33408498764038086
19,4955e2c318d0bdca797ce17794ba18fblhaau,0,0.9250730872154236
19,eaac863aaf84acb7529462118e7953c3oeky6,0,0.06584008038043976
19,5948bcd0f773286ff7d5cde332c7ae6918jt6,0,0.5818148851394653
19,3a5420301c0dacbc5675f6f09aac0143tuodl,0,0.8683145642280579
19,c76f30b8330b6d14fb872b30fcfd9d57phbsf,0,0.3641086220741272
19,666e1e141862a646afaa2b71fc7d2c25r1b4h,0,0.06541729718446732
19,124727083cd4159b40ff8d4b36a89340l6fga,0,0.06816276907920837
19,50791a0a98478b7f78f8d30acaa4683dxab5p,0,0.1427793800830841
19,3d8cccb637b990ec64d662d66ec059cfn1p3p,0,0.0629570335149765
19,b191c73f160bb9320dd3715bc3ffed26ymluh,0,0.061808470636606216
19,408f81a85f3b31f8cabedf6ccd381961pop72,0,0.06637092679738998
19,e18e3d0fbfba81cedcae619dfa977875p10ta,0,0.062327414751052856
19,a9237defb0a6478098f242b27ebcef18qrotd,0,0.06356966495513916
19,4376fc192e83a1a5d7a83085369916e8rr035,0,0.06283868104219437
19,31a301c70e897bf36276031abdf07ab6cs6z0,0,0.06932530552148819
19,5850b68151cf0760e94acb39c4dfa02026k4u,0,0.06730018556118011
19,246c55639cf85c682d58cbd2ed6a6563vk2yn,0,0.42575085163116455
19,01349288df20199905e719f0ff7ee771nwryj,0,0.06406427174806595
19,179a23cad40c51dd7804069bf769d11e1ftk9,0,0.832585334777832
19,d2138bce99f535c244dab68652ccfa2enshxk,0,0.07682453840970993
19,585b938fd44968d0d59fcac453cfb3b8p8nti,0,0.9191474914550781
19,e0824707d4a78230ae54209a920bc3e3pzdpp,0,0.0603683777153492
19,c08e5e3325e2f4fea171f24ca018e675we8kj,0,0.07682453840970993
19,f535b28ad58c83d35ba87fcd46624148zbh6l,0,0.07184937596321106
19,3d94b376bae8dd60eea48ded36134a3962glw,0,0.06452586501836777
19,d3c80e9f6b8e1d774679fd8dd5aae611e3qls,0,0.067344531416893
19,10c1e1164e3f8298df9a35c891f67babiycsr,0,0.06227310746908188
19,e03311c7620a8098b7a177a5f1ad213ernao3,0,0.05882500857114792
19,5bbc8f66464ec2d962b0360d1d74bf67imj47,0,0.05979189649224281
19,9ca41c3c062146a06d2682835f5136807yao2,0,0.06544425338506699
19,cffb5f3c1f4ca815d0f643fcb2f2f316beod4,0,0.8934545516967773
19,74f153bd134afc92866a6bc5cceb2088120y0,0,0.07682453840970993
19,2d82c3dc726d2bfa19c5f16ec3de5023lbse1,0,0.06694822758436203
19,6c55d253787acf5210f7d785546db80dqtleg,0,0.07259926199913025
19,cba6f45915ebbd4b5404c6d357153c0adeblt,0,0.165185809135437
19,e1b1c514e1b87826fd045588f1f3881707cyy,0,0.06351285427808762
19,f18d2ebbd5e48ef4f1ee412339d6ed7adr9qi,0,0.06428422033786774
19,e0b6466f9f720e9d9a00d7c12b2e2c6d8xwxz,0,0.06717178225517273
19,3106ad6371a3b740e2af90635a4ad966zeu1u,0,0.06267163902521133
19,0d0d43ac593a891ce100d8202d3d72c3xsma8,0,0.05946062505245209
19,5c28b04424e96267711d5af2db62e022tp36c,0,0.7666189074516296
19,ca0331fc37db2b251a012376f7b987fcma2jw,0,0.9364784955978394
19,ae45f9b94d86f931c84c94f3975e3d7bkv2r0,0,0.8701176643371582
19,b2d3db61ddb119aa4e5f43e1bf72e349xr5tp,0,0.8414246439933777
19,3995d9ce0cebd62d77cb8add067d93e15oezc,0,0.05866934731602669
19,eefb0b863345336dce70312ff0f8faeb9qksv,0,0.06679518520832062
19,2906a20e0b4f7ce840d051c4be898b66do6wh,0,0.9346075057983398
19,bd8bd6cae40abb19b81b6b6a7775f63e5tk1s,0,0.06151612848043442
19,8b809e18804865ff2a2e799c9a5e8a48mtxdh,0,0.9172546863555908
19,5d02346d70f11cd61d9fb955846ee9bdp5o6k,0,0.06321694701910019
19,313ede314e2e05c31471fd6a93f98af713jud,0,0.06250621378421783
19,8fe6da2176541d0ce24574dbb60f9107oq1kn,0,0.09969431906938553
19,5b45b150b6b683a98b5bc19c4214f44cvzru7,0,0.060431573539972305
19,3835e3bbf9a17a33867860a9ba19621dp4wdc,0,0.05945814400911331
19,b46132a554a2a3b93efc5a9352036e6crl6sk,1,0.8505901098251343
19,573cf43253a18821e50dfae941ac287ceymgo,0,0.06333056837320328
19,200b548999702c10f8f9fdbae9ce60622owzv,0,0.9287340044975281
19,e0e5719b5d763eb4e04c7f6e4e32884cmlpj7,0,0.07309871912002563
19,65d3cc1725c4506fe02be3e2b24435bbbd6qf,0,0.06918531656265259
19,45927dd51fb4301c459ab96d48f64752q0o9e,0,0.06319824606180191
19,b7efeea5ff94a281635ca2f0f7e8b3ca4zykk,0,0.0640474185347557
19,c0d065cc8cb585f027143f2ebc6b49f01g1wr,0,0.11470502614974976
19,8322695c21cb27accf0fe269438bd78fn3x44,0,0.804441511631012
19,2819b8b2295f272f33f8e76fd344ce6bywj1p,0,0.06374748796224594
19,8d8f705595701b921012777a281a553622300,0,0.06264279782772064
19,be3bec53b42be118ef2a87fc40db7311k4as3,0,0.06494582444429398
19,9f793ee6e6df7f69b5a5acb4e13db0476b26x,0,0.06947062164545059
19,0853bead89b03dd38a04d84f4312da7dukglz,0,0.061485085636377335
19,01067975436d123f717ee5aba0dd4bbfa0937,0,0.22661717236042023
19,953879d32e39e014cf8ce73daa2547cb2ke8t,0,0.7679629921913147
19,1b268ea4fe034638a92d683b94bcb330vee4w,0,0.06614156812429428
19,34a7ce35b13775be4e20930ba2788a3ebu5n0,0,0.0677201971411705
19,272a9183c10d9e80eda8ccaf6682db71203nk,0,0.06848195940256119
19,6db047b1bdd342c09ecf9f5eecccaa4fy5l0q,0,0.8998515605926514
19,69b32dd82f265a04826106d17e2bac9ao9fu8,0,0.06644720584154129
19,676ad0665c9bf74329ddc1f70ea48c16stnux,0,0.06113893538713455
19,47d1dbfb67706772f8a44f50e5656602z04rc,0,0.06273835897445679
19,c6a49cf5944626b45425712f9e19e91d2nyh7,1,0.9347593784332275
19,fe4906ac4c8e2db5ed5a71e8a9d10080u6g7o,0,0.06967717409133911
19,055eb52087e0080b8ebca74be4f823f5c819l,0,0.06923821568489075
19,5aae3111e4fab04fa5067c740329a38d11361,0,0.06058642268180847
19,8ac7cc6a62b82e675465e89f67ab1f962ltgu,0,0.06106226518750191
19,5f7767924aa92a8f01b44a7e09f00a4dgqk8e,0,0.07600042223930359
19,46c0ae10d60c4fde2b6301bbafecd7b8dcla1,0,0.08732492476701736
19,cf4eb0f68d47e6d4b92befd0b8fff39a098cd,0,0.06228003278374672
19,a9062f1d7c589bb01ee0b330ee8791fc702il,0,0.7735514640808105
19,cc78aba7eb8293a1d70f083bd747fa1450906,0,0.0692422091960907
19,a283eb484c3245e5b12b18daccc075e9g9xk4,0,0.0695875734090805
19,6f7043cde57060a6766b551df5fa6fd9p3ojp,0,0.06187376752495766
19,d2eca28cbe0a3dc69715d719c6958faaaqx95,0,0.5823255777359009
19,e2554dc14d54c3b7be85c59dbc1425f77qv4a,0,0.06892906874418259
19,84a773b3c9d300834d9d57af5dc83091y54cx,0,0.061967238783836365
19,18b5e850a1c10e681cb5fae0704a699018x6f,0,0.06897562742233276
19,02030ec48b7179a7fd9950fdf546e3feekkye,0,0.06768038868904114
19,fa6b4da229eb64b4d44e7d5ee2b027f1j1whx,0,0.06915943324565887
19,86151544b29ad273209ec4605c257b089z588,0,0.06583456695079803
19,46ceb58fb7a57d86a26cfa154c940a8cuktu7,0,0.8818303942680359
19,59fe751fb6c277016b7ebe3609aa1b15vhg7w,0,0.07682453840970993
19,0cbd01c9e8cc800aabd3b3e4c618f9caktfgp,0,0.9185442328453064
19,0c57d8eaa2708b768416ca91dd8daa2cqbl31,0,0.061209455132484436
19,86a3a9861ed45158e964f9d004a224b3324cl,0,0.06701921671628952
19,f9ab998f3adb944a1cd1847a097fbc0bw61nf,0,0.06138082593679428
19,0c5992f18244e24d2d7b4708a512378729eev,0,0.9365552067756653
19,18bc9dbbed75b55f35ec4be1351b7aa86an68,0,0.06758210808038712
19,25b58d1533e04571bbc674dab28973f8hha3w,0,0.0642937570810318
19,dc9a7ebdb6fb8dd3267ac26dbe5a62b68e4vw,0,0.07682453840970993
19,147164a9fe8a6bce381a224e9f13207cc1mdg,0,0.07386414706707001
19,cb6ea552ab5b90e2d0572148426ca275d1zzj,0,0.06395894289016724
19,dc87cba6dc8717e219e9fa9edcd10ae4a2i86,0,0.06434988975524902
19,4922d20e07d04601e8724be5e9f9576blyccu,0,0.06890439242124557
19,d13cd9e0a7b95c0a35f3456014865230qku5q,0,0.06298497319221497
19,86e50263881b0d382b55777185eb648aagh1g,0,0.8686572313308716
19,2b044b4b7949b96e38084e59b5d1d328jib5o,0,0.7940497994422913
19,bc3b92a81586cb726cbf4d5b418fee41o20sj,0,0.0682305246591568
19,14bcf558addd6e6f2818ab2bda7dc679jqoon,0,0.06012141332030296
19,5830a96593aff3e951919578f7374f09pqyc0,1,0.9318823218345642
19,0af208c4fc46ef9236052ff495016326zxoqf,0,0.06210858374834061
19,9db7471a12cc3b8fa3cba86bc00abde2t2wz5,0,0.06091901659965515
19,a6d6f3f5034886fc00a1245b439de13a66ha4,0,0.06599549949169159
19,1dab9ffc5c6bf06e86e0dd1b3cb9ebecn5pu6,0,0.07497324794530869
19,8251041848182e6468c8119905a177dekmshg,0,0.5002169609069824
19,61337802cac534b7e7711793039782d6f1yy9,0,0.061711158603429794
19,3e2e03a4464642627e223fba066182d1qslv5,0,0.06537016481161118
19,7c08de9de285265b2c34970139331f9fnr9ad,0,0.18582826852798462
19,d9b611dab3b5116f761747fd3166ecec80icg,1,0.9159631729125977
19,213a7fb31eef8b38a23ad6b0bf2c7fd0dx3vk,0,0.06250381469726562
19,497b8beb19a7f674bc53acf7f5c7ec8cxv68x,0,0.06307172030210495
19,511a640e38bf03022300f5503cceb2cd3f361,0,0.4711994230747223
19,bdbcdf6a935f4d1781a2d33bcc4967130bdqy,0,0.8610079884529114
19,5c2b3f221cdf303df86ff1ffd7106fcco6pml,0,0.656444787979126
19,a2933e33896035761240ef5a62477779jf7ny,0,0.8848929405212402
19,43553dd8b9370fbba5efa6b652d9b43ezsj11,0,0.06161488965153694
19,a15766d8d3d231f862996eb3ec33559735a3d,0,0.06142083555459976
19,a40808ec5bd9d0440585286f1658c3b1ag8dt,0,0.06976073980331421
19,2b5a7c969ae95b239583f09936560b85g574d,0,0.060181066393852234
19,b34fe965c04012fd22123ed948257184pqvfg,1,0.9365630745887756
19,63e3851eb5e1ee98df1065b333f6cb81mlby6,0,0.6085871458053589
19,70c6727cc40fdc6f752b28102f31a38b883io,0,0.07011895626783371
19,c1624207d78346c3c58cd44f3d5472fcriae4,0,0.065623439848423
19,e6f73230e0fff1d9a6b1b8a6617002ea9owig,0,0.06011432781815529
19,3105d663ef3dff7e483a46c56580a9f9kd7f8,0,0.9029576182365417
19,047558bebab9292a5d4c85d6ee768784j2hdd,0,0.9157034158706665
19,85499f83c5f1674c87d0fe77838c4da793u8y,0,0.357897013425827
19,693085cbb28f505f03b025dac8681a3bvfot8,0,0.4880126714706421
19,3ee7de4c5a5e31b7b407827ae1370f70suenu,0,0.06676814705133438
19,2635d404f4943f3dbee24aa16a2953c723iwd,0,0.060814328491687775
19,8215dac41ad35a074c93bfcfbc0f908chlo5n,0,0.06044010445475578
19,a2bb8b3e3ae4566203eb5b3021b4d594pohf7,0,0.06107398122549057
19,a6414c637c6f1275e2c62c48fb238c5d5aw03,0,0.06304778903722763
19,6e848149cabc4434155aacb610fb20de6vq5b,1,0.9212542772293091
19,eb8f9ca4a23586f5acc770fff966f654dy7g0,0,0.06932536512613297
19,1afac423a94778ddf9b6c1dc0df7105cgp1tp,0,0.05818427726626396
19,f12120e467869d3d5dbf7c7d0566a8e7bmmhk,0,0.05925285816192627
19,497ef6187e03fd9d4387ac436461a40f982dq,0,0.06041064113378525
19,93ab2dedd76c1859885cf724ebcd987c9ngfi,0,0.06093183904886246
19,1c950af57581698616bd9923cc94fef25n5wh,0,0.0615825317800045
19,361c6da33ccd1c0df152fd932e6fb2a69i4ux,0,0.0626247376203537
19,4af5e2532224f9f7d1d039704573d9205jbkv,0,0.9238122701644897
19,c62a6956e93ac3b56b1292f2c2d85b1fyekav,0,0.07682453840970993
19,f3ad2931359bca59c36ce55ba82f9af8enbi8,0,0.06535269320011139
19,83aa7c2c8c018888d9ebc6daf63bddb6f2i0d,0,0.05823827162384987
19,44d34926c0863edb7575b819980e0e728pn5b,0,0.06891808658838272
19,85d020b5f3d99d1272efa0a0d34c56a5dtvxb,0,0.07412075251340866
19,ed4802c318a7e04a5703ed115fe4f3a3kkugq,0,0.1410341113805771
19,a48837ccd05bca96ddbf02c55ecccf639adk2,0,0.0629522055387497
19,470a0e402bb9cb4d48c2a450d2043e87flc2m,0,0.06393146514892578
19,c1d14f4355b7d3ef80f02628e5ef1d56u2510,0,0.06901401281356812
19,86e698821a8aada613bfca1356d8cb7dopnv8,0,0.05969322845339775
19,bf8de839c1a8b7994d19049667548e4ewchpm,0,0.06298085302114487
19,9fbfbd8a57e4d4b18338063ffa43f1bez92lt,0,0.062163710594177246
19,a06311ea45de34bf667b79a92d13c764i6aiy,0,0.0747622698545456
19,3919be53bf4bd411ba25acfdc1362b49u4vle,0,0.06899084895849228
19,e90e4701234b13b7a233a86967436806wqqw4,0,0.8947215676307678
19,0825d381aa09d1d0c47c77c372f07acbe02ky,0,0.06485631316900253
19,95af80db42edfce4e937550d60d79561punym,0,0.07207617163658142
19,8c33cf751b05ca6a9d886a379a84a2ees9jlu,1,0.9169993996620178
19,977436b0a445fa555d537fbf1d4bff2e4z40h,0,0.07682453840970993
19,a447127835855849fa2ee496d05e0847fgt68,0,0.8761283159255981
19,5ccc30558d4c218cbb4d36872fb82a03rjxgz,0,0.06601940095424652
19,5dda8ade6b5d4065f3119a381516c227yoz8y,0,0.5371978282928467
19,c749a25f3a07304b959065d83bbfc5f75u1my,0,0.06207866966724396
19,5bd35d55d367d7a21d98bf6a19fc0dc1e5j9p,0,0.06160452216863632
19,d43189c6eef7a763b2f8596228807dd89x9y9,0,0.06093921884894371
19,d127576e329604b576df0a3248cdcda3279td,0,0.6178355813026428
19,43295f805d813e816fee438d9a394bc4o4of1,0,0.06262381374835968
19,121578435bf4136746cd2a80f1990e07cv1px,0,0.1322769969701767
19,6a31ec9cbfe23a9398e80403859f0402cg4ql,0,0.06160741671919823
19,e268d06507859d78894a8f6e11995f48zls7t,1,0.9368446469306946
19,8c3631460a4d25d2b21b1f92ebbad752a19ww,0,0.061522748321294785
19,08c39ef7252995e0749f7927249b8dcb1d3xh,0,0.06892304122447968
19,3272e16da807a75a987e26b09bb2147by1mxe,1,0.9370039105415344
19,3893d2c62d59c232112efd332bc342dap8b4j,0,0.06254380941390991
19,2d73ed3974473a764859084d51334440k5q7s,0,0.09267441183328629
19,65996114740a63c9e0fde74bfb6725b1k9nuz,0,0.06067339703440666
19,8a958e0092f6ca984107ea6c3975f806c59m2,0,0.06363411247730255
19,d79919e5ba11f26bce5e70f0a4f859e3e4q9y,0,0.9360509514808655
19,dbbf9d9b1d7fa110208f77a681008077plqng,0,0.061634548008441925
19,12df4a9cf4eb203909e6763960b79238cb0yg,0,0.06502117961645126
19,9bd2d79f328a5afe815d5832e521aa9187q2j,0,0.9250982999801636
19,438e53670ffa2990cdef656700bb49bf684fz,0,0.0650971308350563
19,9197b6590c6dceabd88ec93157fcc31fgb8a4,0,0.05957762151956558
19,fa64fdb8ad70e86efbfc31179e93e99egd27l,0,0.07685178518295288
19,900284c412387e0bb2dc2aa5ce42dbb9th70g,0,0.0675823912024498
19,4dd7f98cfffffd6f4707fd0deb4a00b5rj9wv,0,0.9010325074195862
19,8bc48bc2cd0ee494e55470a7ab0814c12riuf,0,0.06889517605304718
19,9df0031595e4105e4530ceee1a08faf319vvb,0,0.06579405069351196
19,4e22432d4a059b14d1d6a68a1feaa953k8vrb,0,0.06362088769674301
19,233e09e861813cd087e8937f32a29bccs7b3l,0,0.06822417676448822
19,4cd52ae88da3e30dbe01da5048151c98p4f0v,0,0.9363425970077515
19,0d9f78a6084bf15f42210bfeba95621255c89,0,0.0624515637755394
19,92f8392be617527734a2f18482815af9ak8l3,0,0.5404107570648193
19,fa9cfea85e90bec313e512e9eeab2e869tvx8,0,0.9310888648033142
19,21114d057c297080f0f882420d2436b5mmukc,0,0.07092300057411194
19,e4433ef42008dcff761f12b9ade6fd31krdwv,0,0.06077085807919502
19,461b089147eb78c582ca8a30fa7581a7mflo5,0,0.06167919188737869
19,17c59325ec223c94dcb301a7451c39871vxq3,0,0.06225086748600006
19,38d9e2e83f25229bd75bfcdc39d776baz5zu2,0,0.9170176386833191
19,6c0030ed696c4156b6ea3472374f6b54s4ih4,0,0.47241026163101196
19,5097b3a4011380b5d9447e1a7a20b1a556yzj,0,0.06416206806898117
19,48badabcce6015d257ff5809761486c8qgjul,0,0.417402982711792
19,e76154d73bb7d7b86d9bd48d167d3c679z0va,0,0.06192433461546898
19,f781d7cab96d95bcea507cdd43b24255pw0dv,0,0.9205657243728638
19,c349d767ddda78ed58a3c5769e780598ar3ei,0,0.07267964631319046
19,afb7618f9e3fd071d4ebedf396e1d45drta96,0,0.08181201666593552
19,2eb8a353db13e68388f544daa2e28359oenbs,0,0.907947301864624
19,308a5541e1206e126ef80f18cc29b7017520l,0,0.06916775554418564
19,c8a99985c7bf230f475a8e9be6a17d7a08r3x,0,0.06553303450345993
19,0547dbd3ecb4a293913f138d60b586fdf4ane,0,0.8769664168357849
19,b6e52f37365cfeae9204a9f408b8c3a4idcs7,1,0.9386953711509705
19,c16a9bdd369ed3ec2891c46e64017560fbx69,0,0.05834503844380379
19,624ae2fe9394700eae7a35806e4bafaeq9cty,0,0.059708643704652786
19,2e33b1ee8a9d4a5cc5f886ca455e8f86kxu5r,0,0.060268156230449677
19,ee45b2475e453e69ce712388959fe4acspmvk,0,0.14075197279453278
19,46a28eaed47c29b4fd148a50cde44840u0bsn,1,0.9080703854560852
19,668d393e858e8126275433046bbd35c6tywop,0,0.8315255641937256
19,2366cd7cf3df530ef4fe40b36ffb936fyn3rh,0,0.06313116103410721
19,e783e5f6b818d18eda4065282022ac23jd1fw,0,0.06238582730293274
19,b17ce8bfbb565945ee9f289c2ddd8abbu1ndj,0,0.09184283018112183
19,2012c722a90bc47f1abbc8319d0cea51p7l5b,0,0.05804504081606865
19,28a0d5539562290a1a2f63d5b7230db090ys3,0,0.23099027574062347
19,6d501ebf066c0331853f1bee9754e781obu7z,0,0.07375926524400711
19,aa3ac65055bb4b1660f4d8c1d2c187ecoqvn4,0,0.06093071773648262
19,ee2caa714a2175abb13eb6ef15196368cwc7c,0,0.06656748056411743
19,e134f2bb79d1a810aada6a24760c8910mh5na,0,0.20779722929000854
19,8a7710ee3c886df8ca78c88120603cf6taql6,0,0.06111937761306763
19,874402ea8b408a017756404006b12708d9s6u,0,0.05937647819519043
19,72b21fb7cd32b1a65bed8a12eb94a8b7qa7rl,0,0.06891383230686188
19,2271fe5b01f9b8f9d8409014ae4511524grmq,0,0.8722978830337524
19,0ae09b09369c76737cba059d192451001nwce,0,0.07398273050785065
19,817f8074bad1c717afaa8d1696f9b2b00muzw,0,0.06681855022907257
19,c5c8a28a166913512f5bffa6a49788c5b0uaa,0,0.061593882739543915
19,8b4bcc98fa4666b22c7a17c9a4b93ebenlmlb,0,0.05810960754752159
19,20fcf71ad6fbd43f6f5fe493a6bc3ecfextqf,0,0.06192518770694733
19,936a335eab4643c3529968a4d9b0c380esi7q,0,0.06071862205862999
19,4483201dee43b51f338c0efd3b13bb895tric,0,0.0648106187582016
19,6affd6d2976aa7c48dac70612fc8e31ddo7j5,1,0.9367637634277344
19,16065749457a14b26998fefca503c3ecf9og8,0,0.06250431388616562
19,dfb23124fba16b7778f65c1c8d091f949jz0k,0,0.07500489056110382
19,e241b80fc1b431397ba6c70f2fb8ccb72wbra,0,0.06291656941175461
19,7b31d9d8b5e749cdd2c300cbcbb5f875kjlsz,1,0.9337473511695862
19,6faffebbde541edfccdb2725e430870cbkvo0,0,0.08891885727643967
19,5114111892d49b59415284dcf19ceebconhvq,0,0.07193958759307861
19,afdd5c7c912f9b6a88c0c2619d618124ycm44,0,0.06899097561836243
19,0eeffc5039b27a4dc2e420eca75b1fa55rv5q,0,0.0630761981010437
19,a8a2547a9153038fbb9fc66d2425d9a7efr68,0,0.06132063642144203
19,950aa0150f419cd6361bd3c500e6e695xfljo,0,0.09916762262582779
19,f268f61e075419e5a001b86ee78557e2kmg14,0,0.06384037435054779
19,97db2350652f8d01237fc4c59a470eb81h9gs,0,0.06274259835481644
19,97268eb2ac171298eb03ecc6445d6879wk3pu,0,0.06249178946018219
19,197e90906939267ace2422e78e8e83889znqp,0,0.887721836566925
19,106f4ed8e9b727f8d94a1cd57e882a095pteo,0,0.0640423446893692
19,31c840378b5c2e4469fd2e7f5a1e5a7d92k7u,0,0.06459031999111176
19,874f882f7efff96263e9b555415aac36dsxry,0,0.07057010382413864
19,6da536112251f09a006b0c5223f154d46en4j,0,0.06228597089648247
19,e8581ec94cd4d5009ab6b36c6aca9f0cp3txb,0,0.061847470700740814
19,b0014101fe1b510ea150c149145dbced3q3md,0,0.06643248349428177
19,90fe8d6fc0bbe4ff2ca7833fe51bddbaaibof,0,0.7452611923217773
19,e12177ff9c1a8413996f7b1a590980c82ofeo,1,0.8970733284950256
19,cd8f738dfa2ea0554baa3dfc4465cdb8izun1,0,0.4800427556037903
19,3ce8aa0207022698b6d0eef09c89b381jzqi1,0,0.19497957825660706
19,e8291466de91b0eb4e1515143c7f74dexy2yr,0,0.9247180819511414
19,aa75d58c3e1207618d47c72ffb19c872bolg8,0,0.059771474450826645
19,1ea558fc18eb1b3ed7759a3aed7662d3p77wq,0,0.07097546011209488
19,8ab98c1e6cbfb902af4e02050a886396a40bg,0,0.06305753439664841
19,04c6b750b0552089c87ae03de72289cfcpfmh,0,0.06324583292007446
19,460e932b11a1529d78246317757899ccfaxng,0,0.8974217772483826
19,25a4ee3a528004bcf4f4bf62b9208a7dx96pt,0,0.8646559119224548
19,6130cfe76ed3bd87c8f8dc6b2b2786dcp44xy,0,0.062675841152668
19,167b4f37a264b72feb0f559b650d1cbd3ox60,0,0.06064392998814583
19,23bdbb8575f191b71853bf78d09e11a1lhnfn,0,0.11596712470054626
19,2106dd7866abbfb4e7c68067d7eb9bebflq5d,0,0.9145715236663818
19,ec6d3fbd8408ba43891370d4ffe41eabhnwbs,0,0.17392747104167938
19,e59ca537cb8df3053bdd555bc987b4a7c7m4e,0,0.06448310613632202
19,78830493a121b8b6917d246ec73ccb4anwocl,0,0.9366042613983154
19,6bdb40330295fb3abd4647808c319d29pb29n,1,0.898285984992981
19,6f07ce71625a0c57aa5c0c05071cba164jmba,0,0.061826277524232864
19,353d05bfefe1dd96d3335575ddadf310rgnrr,0,0.06518098711967468
19,628156f3bce703aa6bd275089c6c692499h1q,0,0.9084228277206421
19,470727c18798cf0e0ecc2a0dca207cafuena7,0,0.0689762756228447
19,d110111b8700f290b5d03a0e243fe375r3woe,0,0.062353070825338364
19,e5bde35da4abebe4fdb37a3c65124a57ff4vo,0,0.060578420758247375
19,37ea72c53cc50112ced4f88810f1b38euoz4r,0,0.060576215386390686
19,44bc1c87245aac66d176620f6ac9611ddbcil,0,0.06464868783950806
19,d588f4c51e67a340d1991a8130ee0b56hy0r0,0,0.8394317626953125
19,762046a235e00ec6521ba71aaa1450c28ijkz,0,0.9358177781105042
19,ae9e482a7f4a625a878c6ee0eb4dcd01dkm6d,0,0.0613601915538311
19,cf06ff5f520b14d1f9f1cf5a7ff34982bj4md,0,0.06433966755867004
19,76c85d6bf559bc0323bbe1639d233e88nxy36,0,0.9029813408851624
19,17dbe14676cd3a3cb8a7edb438622f7fv2scv,0,0.059354521334171295
19,96dccfc370343f6871dc478d5b2fc3ffx95d3,0,0.6507785320281982
19,3b8320619393a6f6bf12219b61cda688k4w4e,0,0.062007464468479156
19,c615c31c87260c0d85727deff6da6667lgg33,0,0.06268025189638138
19,da00b16633eb706fb11d55868120cdd9so58j,0,0.848397970199585
19,6e29de28296a57f039026ffc6df9145cxo2n0,0,0.9247204661369324
19,120beb4523541f769a2b658cbc41dd57w7im7,0,0.06382301449775696
19,de717bfad3ccf44a93f39e7b43f3b227cuu5o,0,0.06345584243535995
19,8254276e772450c5365707cde76efa4cwuzpd,0,0.06905339658260345
19,d2f0217aa734f025ec008d24d13eca10ntuhf,0,0.06904711574316025
19,170a58cf637c08f0818ebdbfddca29c9irkxj,0,0.06410402059555054
19,6f6c9a1964fd4bbc082f2afdbf2d2af6ypdhn,0,0.06461608409881592
19,f5b2bbad20d1d7ded3ed960393bec0f40u6hn,0,0.8526234030723572
19,35f822bee4f85d98d5b1b23c65681974ywyuv,0,0.05971704423427582
19,15b1e719796dc894ecde30f160e7ae20hrmmh,0,0.07019562274217606
19,e0fde4b9b7ec14e80de3c811ecae157f6kqd9,0,0.10676701366901398
19,77b342f0d8769898619a935e267eaad25rubb,0,0.06250963360071182
19,4de2f22ca840fce9ac653e4aa06d9b0cnhudf,0,0.06418978422880173
19,7ba17b1eb362ef91a99a6f021b3f2b63uyo76,0,0.07012069970369339
19,c36fad0b52a6be6ec32cc5530c0a2aednea6k,0,0.6496133804321289
19,20d31f20169e8612fe13818891f88a83r66gm,0,0.07311948388814926
19,f4d69870de1e803fe00f8126e73a7e33zwcds,0,0.1477666050195694
19,a58ace8b671a7531c88814bc86b2a34cf0crb,0,0.8560289740562439
19,4c46b1ea933d574a985776ed356312505nagr,0,0.07547401636838913
19,f29896e71c8077db28617a03c0f14e7570emg,0,0.06101297214627266
19,054b51d059fe981ca8cc4e0d4c49aabb5mck7,0,0.8943524956703186
19,780566278695c3771f81afc605abdffa4143q,0,0.06401011347770691
19,f1e57f96a91c185a7ea716c2481cabecpi3ia,0,0.06221844255924225
19,920540ac4168ed08a1e297395a68d718gsqdn,0,0.06890826672315598
19,ef65488c949595d7885525ccfab9100c6cmqb,0,0.7958434224128723
19,7505bfc1ca67a5ae14e329b46a88ab869ms9g,1,0.9183374047279358
19,2d38a6af2ce96c1446f900aa4756b8975y9k3,0,0.07216152548789978
19,e49dfe2adbc4b3789f67bc044c231473clc4d,0,0.06690548360347748
19,b4495464d4503ccb8e696994059983c89g4lc,0,0.0615246407687664
19,bb4af76ec92ce75e8abe9a6a481d4314jyo16,0,0.07407408207654953
19,4566ae63ee93ffc6b000b5cbea7f6a8ehbg00,0,0.06494011729955673
19,b217ca4cdea62a3977481e398d2cc9bd4sxht,0,0.06149851530790329
19,b1c9bacacf1f33a8fe48d1a4ae4c761bcltiv,0,0.10457374155521393
19,08a588ebf7b98f44f8fc695d02adfa25x0amy,0,0.06653939932584763
19,f7b25abd850df9b0e0b305c6810e1ec3qbtaf,0,0.0594901442527771
19,1899fd76b484b9275854787a6b003b8a93js0,0,0.1388135552406311
19,537f38e5fcf2656968e0a1752dd494ba8z1jc,0,0.06485940515995026
19,d154075c75cbb3f4b716a16c88eedd774i8s0,0,0.06759495288133621
19,fdd6944b3c3caaa7d1234ecfc11f8d080h90x,0,0.06148397549986839
19,222d3e39d4a292d79aeef4c04e52aaf24mgkb,0,0.06065206974744797
19,741b9948c8cf42d658676e5a46757815zstr4,0,0.060226935893297195
19,5db8eed67a7b648d1f2173b665b79de2vwdlu,0,0.0738915428519249
19,9f52fd88ba073512be19e3d24d4bb6f91l531,0,0.06534981727600098
19,12fefd74d82d90541872847f199f6324cowi5,0,0.05971819534897804
19,ba258a455ca17f2c13cab3d0afc7de0b48h0t,0,0.05860307440161705
19,6c11cc7744fb52a632306ca8bf966cd1e4zxx,1,0.9277547597885132
19,ba6811273d4f63d9a31937b71b0a22dforovn,0,0.9163401126861572
19,9f2086ccb71acd84652f861517d4dff9du4y4,0,0.062471382319927216
19,11d5f6925da5809e2d447788b85d6253jj8fu,0,0.8915352821350098
19,f0c034c46dfb78d2e9e67fd4fa1688fa6mv8k,0,0.06198281794786453
19,4070f6ad5da385ba11cc99183817eb20h69v1,0,0.062325090169906616
19,84a769adc98498f52debfe57b93a0789556f4,0,0.06433943659067154
20,4ab12bc61c82ddd9c2d65e60555808acqgos1,0,0.1314634382724762
20,d1be739798ba0745a1fd72ac918a9f1929hei,0,0.036164235323667526
20,1b26a52e1e5980c8487bb35cf5027fdfwfnzp,0,0.036787353456020355
20,c0549e76b179912d52a28c3eb9b29376yaxvu,0,0.034587495028972626
20,38e919293f5dbd62d87ce288e41aae2a281m2,0,0.9579687118530273
20,99acffc3cd9bfcd00668dbf472a1979350mxk,0,0.035973578691482544
20,eaaae0fb54c7d36724a9679c3128d5a7gn4k5,0,0.9521123766899109
20,d36857d18a397e7e24d05dcbef3b919ftjstv,0,0.03131167218089104
20,c62bac5be6489bc0e0a7834a11167171c8ww3,0,0.05370796099305153
20,608d9b68afb12c6c27da6c6565ffe8297wvco,0,0.03494029864668846
20,5f50c6187a179e2ee7ba2fbcfc845c7a1smgr,0,0.03219905495643616
20,e1da7d96b83f16aa80cc254572cc154fcoudy,0,0.03238607197999954
20,e97becf0d4632035ad4cd5e65c827d6f0xawy,0,0.03428195044398308
20,848d3eaa622b26fe57d352eedd9649f4v6obv,0,0.03297007828950882
20,68d468e15e0de0bab9694cdca8e799eb2j8kn,1,0.9636828899383545
20,64a39f766b2e9d9471b104f0d0289740a9kdq,0,0.03698755428195
20,e3ccc9bd16fa1f4a92fe87b4a54e5e72uficw,0,0.9548656940460205
20,481fdbc92e77bba4c9611841a7d74071elwx6,0,0.03677750751376152
20,4dd2a50e589cde2802c4bab143dea61ak517w,0,0.03534233197569847
20,fb92fc925c5df50f4da7874a7542cf2210z1f,0,0.02935618720948696
20,bd586db332285f3c45814fbb8f638d79d26u7,0,0.032522521913051605
20,e78cb9678684d649453cd5e1e46baf462lq87,0,0.035905636847019196
20,02bde521e763e4f4e590e8368149e04a96il9,0,0.03219905495643616
20,87aa94042390f9267d3b7d90e42b022ek5mbu,0,0.03318215534090996
20,1e342381f2c64318a51a9b71d91897f8dv9ul,0,0.9415344595909119
20,9df0b0e5ca66460495931376045feb5fu4y7b,0,0.03587871789932251
20,827da66b68b225547050c11df16f845618ptk,0,0.036553602665662766
20,ff58ffde976a4899dcd89597a7877e18lntgz,0,0.7608135342597961
20,0e66933c924764a59760aaae5368e7d1e0s88,0,0.03292945772409439
20,6086425310e05e77a53317490e8c1f3cxzf2r,0,0.4616124629974365
20,9baf61c813f1d4a09e3c70f6dc741f34voe3n,0,0.036468926817178726
20,024cf43497fd7381df6254888670f84bwbbam,0,0.03580155223608017
20,68f092336430866db606f137c57c87e0hw7aq,0,0.03150148689746857
20,7264bde42ef4fe3fa19cc7c6d64696cf7pqtd,0,0.9534898400306702
20,10383b390780e7b4b03dc32c94b4973f66wou,0,0.034091703593730927
20,fae963b2adbefc663692d7feddb50d5dxz1hn,0,0.035865943878889084
20,6cd1bd77bbf2af6a2c6e535192af628by3h22,0,0.035394128412008286
20,090c77ac89c7063f0d0ce064ce3cb3afllf5h,0,0.03588307276368141
20,01c5692d487454cdbe731df330bef608f48zz,0,0.03220665082335472
20,8126928a319468b6da5edce4097d2398xwita,0,0.033137209713459015
20,f80075873f7183a03b1b10ac3f740032v6w99,0,0.12740252912044525
20,e613acb1029ecafd9792c9f75d468e4bmm9zn,0,0.03546448424458504
20,cf22da37578048d2e51eca1e544c693cke5t3,0,0.9492071866989136
20,f63ed13362ce1c80970ba28a095c2bc5kfgmr,0,0.03359871730208397
20,c48fd9c589f273945bad5f0cea5993ba2fet4,0,0.9623283743858337
20,27809fd62bebc89be450f9dcbdd25ed8il6z2,0,0.029743535444140434
20,8ec8add138ed551bd5a9175eae0cb972ie0pk,0,0.03200499713420868
20,e561facfea467ea124df0111e041287ctvgwn,0,0.03523625433444977
20,88103add66b7113729a9ca82540684c9il94h,0,0.034127503633499146
20,cd856579a7c4850b60d8763520339449x0mqg,0,0.036315206438302994
20,024937af9ea18a2b57e4f08762d181f7s8a3z,0,0.035899993032217026
20,9e72fb21f7581cfff84e833d02538e5ar35kr,0,0.03538346290588379
20,ea57e35acda9a8f8b75f4d9bc049f74d7qx3t,0,0.028330761939287186
20,ead2ec4563ba25a9e9d417f1964b7504teqtp,0,0.9600779414176941
20,b719671479e7d75b1ba5a5617c95ccad4dkvm,0,0.035852573812007904
20,4376fc192e83a1a5d7a83085369916e8rr035,0,0.03460828959941864
20,28aa6c505e308e49e586e25e1897ed2axjiy0,0,0.03524593263864517
20,5a2aa4e8c227de4db26547fdc1f017cbxb62j,0,0.035641804337501526
20,5850b68151cf0760e94acb39c4dfa02026k4u,0,0.0333552360534668
20,037d9f10da403d8d5f94b6e2957a3702f6x07,0,0.48276713490486145
20,17c87408ee1009887112745797caeb7fwvqfc,0,0.03492742031812668
20,76218e14c379c12d599dae9e1c00b61a3i5b2,0,0.039798811078071594
20,c08e5e3325e2f4fea171f24ca018e675we8kj,0,0.03219905495643616
20,d2ebe13374f25a12865d50c17af1dad7yspzq,0,0.03568584471940994
20,e959a3ae64e28a7d3b37934c0d826867o3sp6,0,0.03623992204666138
20,f535b28ad58c83d35ba87fcd46624148zbh6l,0,0.03297128155827522
20,cf456f3c8c409ec4060142acfdabb5bbqpx7q,0,0.03248656168580055
20,76a8a9566e21595a1ac06cc0050626c1q7a83,0,0.03359804302453995
20,26190fcf0babdbe0b0d903f325c52873tpj7e,0,0.034258827567100525
20,a6bf74b19fcb2687ce345930c4c16d4e2txda,0,0.03125369921326637
20,c2d1b8c1b7a9c8010f5b215e8aadb1d7gahpp,0,0.17166472971439362
20,dfa45994c8471762d04deb23c6450598byp8y,0,0.03260180354118347
20,055282b75717345ba6f53d40e9e6d6c56qrzp,0,0.13092368841171265
20,d3c80e9f6b8e1d774679fd8dd5aae611e3qls,0,0.03333466500043869
20,1b0534afb7c02bb023bd4767ae73f17dqzqdu,0,0.9600087404251099
20,300bb4c9816a7064b106c9c6cec2f51ei13n5,0,0.033775683492422104
20,a0660fe8a46b9cb6b02e7b0c50eef6a905vt6,1,0.9298481345176697
20,5bbc8f66464ec2d962b0360d1d74bf67imj47,0,0.03467974811792374
20,44c75302aa4404e23781f8337cddf6ed5tqun,0,0.03547591343522072
20,7f86c3c417ae1db5bea10bf9d0a7827ct3ni4,0,0.9599579572677612
20,c18cfb38fe1c4c01705391422177265cn9w5x,0,0.03562581166625023
20,6c55d253787acf5210f7d785546db80dqtleg,0,0.034405723214149475
20,cba6f45915ebbd4b5404c6d357153c0adeblt,0,0.04953625053167343
20,4a2d5b70f0fcec3ad9d8ac4b447efd6f3vs9c,0,0.037817876785993576
20,786fd201d9c952bc3453d4b3a6fa64046d8wb,0,0.032920144498348236
20,45cfe8744884eb207048e3cbee31ec56hd9lm,0,0.03402820602059364
20,65659f3fbf6207c570c4bb8ac64772e9umh95,0,0.03443911671638489
20,5c28b04424e96267711d5af2db62e022tp36c,0,0.14814265072345734
20,9819825acfa7e20c47a78bda5e76b195jh0gd,0,0.9598330855369568
20,9c0cbc0fd8a6c22ae3648801ade080fek6i13,0,0.046389415860176086
20,b2d3db61ddb119aa4e5f43e1bf72e349xr5tp,0,0.9539492726325989
20,2e1eb5b56591662fd7ecd7b39621bbcfgd1ks,0,0.035976260900497437
20,eefb0b863345336dce70312ff0f8faeb9qksv,0,0.035813603550195694
20,67083f257438b1b79cb09cfa601890855of77,0,0.03584463149309158
20,01255c2c7c5578c186873422fc00fd7afwk8k,0,0.03393012285232544
20,9ab3bca29dbc32070cd7f729ea55639a350tu,0,0.036515720188617706
20,2a5726bd00709641cc54a8ab5422cde3uchoe,0,0.035977672785520554
20,c6f07c222aa3a9d35b0e01f8959ffd21oownr,0,0.035088904201984406
20,200b548999702c10f8f9fdbae9ce60622owzv,0,0.9599411487579346
20,fbca8e44d824faa1fa6b99325758ff19vi94a,0,0.03466605767607689
20,651402deb28af3e3d1ab9a6b88314b591uuaz,0,0.03629079833626747
20,7d72bde2e297ee81296adb4fd56e8800p7lbe,0,0.03550156205892563
20,9774dc752f855f07b9c00eb7018b607c0ymxo,0,0.034109149128198624
20,c0d065cc8cb585f027143f2ebc6b49f01g1wr,0,0.02895081415772438
20,1bbfbd968c065ff5dabeffe311bc3ddeezbof,0,0.42395296692848206
20,a664b6b42fd48403fbd34800063fa50bz6k4m,1,0.9464331269264221
20,4703c8940eaa3f3bf5082ec2f155a8619i1yw,0,0.9611063003540039
20,8f6f7baf33fe2a5206ed3ca88446a99bmq453,0,0.9370529651641846
20,ce22684df495e376e32ac95d3ceb1164t37l2,0,0.03427733853459358
20,9393cc68d0357d7b200a94fdf93ee3cf7xg5l,0,0.033879805356264114
20,45c3a73b88760d4390f42ea4fae97d84la5wh,0,0.034857071936130524
20,0e8212e286ee36da8945c2480e366417xa22x,0,0.03747154399752617
20,b725a638efd8d51f66ae2f22ce1df678p9es7,0,0.03565911576151848
20,37ca0d0ded383d709676a4f9729ef39cpjfh4,0,0.03602258488535881
20,b4550ab1da3a3ed6e4a206c9ef78d496q23hb,0,0.10447674244642258
20,e9c8ee7f783723fe8496dd35232d88f2or1r1,0,0.197038933634758
20,1e0b1a6ea8d307cb61e221723534c4dclf9w1,0,0.032480403780937195
20,34a7ce35b13775be4e20930ba2788a3ebu5n0,0,0.035491716116666794
20,272a9183c10d9e80eda8ccaf6682db71203nk,0,0.03544950485229492
20,6db047b1bdd342c09ecf9f5eecccaa4fy5l0q,0,0.9537043571472168
20,163097c029285c7eefa2d60e474d65b4ap2l0,0,0.03523792698979378
20,8783939eb63e5eb4e5cd412d8480f3955ipxu,0,0.03318953886628151
20,f35082c6d72f1f1be3dd23f949db1f577t6wd,1,0.03557419776916504
20,b9743f78108aefe3995e1c2291b5f3278cgpk,0,0.032302673906087875
20,4073de52fb5c46376dc3cac6b2f2cecdxyqjg,0,0.03660931810736656
20,47d1dbfb67706772f8a44f50e5656602z04rc,0,0.035353027284145355
20,1dead8a9cc54fdcf7a7c16dc6e06a3bbusgcu,0,0.030117100104689598
20,d4d4b36ea722e5b939e51e34953004c4t671f,0,0.03443189337849617
20,aba1120a5b13cf72c1d52c0dac8aafc67nmoh,0,0.03603581711649895
20,2db8669a6d21a5c8197d4287ea32b7883gv5r,0,0.03501836955547333
20,8ac7cc6a62b82e675465e89f67ab1f962ltgu,0,0.037054143846035004
20,452619e019e5651a8d98e3d59a478b7fez5e0,0,0.035087328404188156
20,5f7767924aa92a8f01b44a7e09f00a4dgqk8e,0,0.029672982171177864
20,420e7aebb49d7ab3c04e109a98e152d7kquiz,0,0.036734938621520996
20,f8c42ccd10c3fe515e53082f0cde9a18oxgws,0,0.9455509781837463
20,1717f6d4c48ae8d3e5f2566d4bb525f854j6d,0,0.035096198320388794
20,284cd72e028fe176f935114521ee998c5jsko,0,0.037335094064474106
20,655b88e646b94d0adb9e15e9f3b9c9a4lvcrz,0,0.8984723687171936
20,f334d76f60cae7c67ab04b9e5cc49907hqsc4,0,0.03517176955938339
20,03a1e81cb7bcd15014489a6f752c9d5b7pvel,0,0.030853603035211563
20,33189c09ca7067834fd25a54920f82d4nd7a4,1,0.9619428515434265
20,d38b2db568fb71174bf883554bea939ccts4m,0,0.03559786453843117
20,183c4e44d09bc4ab990b957e765af311vlup7,0,0.03381480649113655
20,86151544b29ad273209ec4605c257b089z588,0,0.03308097645640373
20,612d24dde60a1b42873ab7b50944c6dad3dcb,0,0.029930079355835915
20,c7ce5ac2fe5f03458fab59c78b19bf7c9wzf7,0,0.03575976565480232
20,efdf59a8ca81c5d3744f9121ac8fd2c7coy3g,0,0.034271933138370514
20,e429d13bc2c7acc82d8d68fa020546c38v82z,0,0.036737289279699326
20,90eb8151eb82441b084d04893151619837abp,0,0.037026699632406235
20,e0df56a5ea8094d070b0130d7178a996noolv,0,0.03444608300924301
20,8d49c8e70bf96a255baf30acc76a3f59b394w,0,0.030850764364004135
20,dc87cba6dc8717e219e9fa9edcd10ae4a2i86,0,0.03581646829843521
20,0a7446b63f183a4928ae762ed6cd1c4b894qz,0,0.03174852207303047
20,c89ad997f646e388fe375d7fe33a3727dzrh0,0,0.03391014412045479
20,b1c2e7ee5c69722df6233541ad5e784eutiv2,0,0.03484572470188141
20,14bcf558addd6e6f2818ab2bda7dc679jqoon,0,0.03549134358763695
20,0af208c4fc46ef9236052ff495016326zxoqf,0,0.034968890249729156
20,9b733fcc97535e27037c231858a711adyzvqf,0,0.03386072441935539
20,1dab9ffc5c6bf06e86e0dd1b3cb9ebecn5pu6,0,0.033841632306575775
20,8251041848182e6468c8119905a177dekmshg,0,0.034855980426073074
20,260568e07963ce8351f3313bd7b9b0e2vonva,0,0.03507649898529053
20,c4d42d0beefe49d6157c546a2504f4db86hvd,0,0.03011327050626278
20,f019bd7ec140624144c4a9b40c42bec9jok79,0,0.041391320526599884
20,213a7fb31eef8b38a23ad6b0bf2c7fd0dx3vk,0,0.03610869497060776
20,669c6a0e8aabbf0647e8ee6e150c47b18a4pu,1,0.9625421762466431
20,2fe472c1be232dca314d4bdf0fa95165rjv69,0,0.9323520064353943
20,bdbcdf6a935f4d1781a2d33bcc4967130bdqy,0,0.9375068545341492
20,9a12aa1aa3560062c6f84bd374eb5f7f422vq,0,0.03559516370296478
20,d2fe98eb0fa21252956184a98138c58dwp1ah,0,0.03480518236756325
20,ef89b74b58c49c1a321d3d7ce061d151k51xm,0,0.03398815169930458
20,a40808ec5bd9d0440585286f1658c3b1ag8dt,0,0.03043832629919052
20,5dd3494b46f39f8c8783c25527b64dd8hp8ti,0,0.0349796861410141
20,5d5816d216122786933fb74c459f35fc0vnac,0,0.0333624929189682
20,613fe9b896ce3801e40212b3c8a8053c1e8nj,0,0.02884565107524395
20,63e3851eb5e1ee98df1065b333f6cb81mlby6,0,0.03098347596824169
20,72dbc4a9f579a9444c126a0a67118783092ec,0,0.03541199117898941
20,23f9a0e1492c4abf375823266ddbe36bzukj3,0,0.034004874527454376
20,8af01eeb860c2e6b1512377f28953110ml638,0,0.03017367422580719
20,70c6727cc40fdc6f752b28102f31a38b883io,0,0.03102787211537361
20,dd76fa7a75bd0e1921f71d255a8e0853l4lbi,0,0.03538051247596741
20,a0aeb6de8a21a5b776f63530ed753fdb34k7y,0,0.031823091208934784
20,693085cbb28f505f03b025dac8681a3bvfot8,0,0.029461869969964027
20,309f446bdb138faeb18072285ccd9901gz80c,0,0.5608015060424805
20,b9d861ce6162179a4b008b63e7fae80fjoywx,0,0.03485003858804703
20,eec2ea9d9b292a343f8ee566ba252baapagwb,0,0.03579586744308472
20,95efb775460080c0da57e154f27876d75xnsx,0,0.03594100847840309
20,d092609f5140c62ec64ddd7615c25792qgdrd,0,0.033968161791563034
20,3550d62e04bd3a1239eedbc29d9c970279b1v,0,0.03319955989718437
20,1afac423a94778ddf9b6c1dc0df7105cgp1tp,0,0.037882640957832336
20,c9a97c18992adb02e6c2e6a8f9cc1daa1di5k,0,0.03254089131951332
20,c2f592fbdc8980229367e1db4d0f7a51my54g,0,0.04742494598031044
20,01cda526658455000913950f20cf31a2q6nsf,0,0.03338096663355827
20,50a4bfbac8a9653af4099ec1169f684c2nsgu,0,0.9560126066207886
20,3ded667003605eb856ed1aa2b82c1732gtma1,0,0.029762186110019684
20,f5edfebe95b4f637d1bcceb892b73dc7rhn7l,0,0.44959181547164917
20,28b4c35bd90c81ca959da328806469d493mvj,0,0.034359410405159
20,4af5e2532224f9f7d1d039704573d9205jbkv,0,0.9593626856803894
20,292dedb5371b8e0ebbeea57f14b35713e2ie2,0,0.035477060824632645
20,4992da4511c3c1b4efed3e16c7d8dec65ilfj,0,0.03186308592557907
20,fdad47d27b793b74470086c35333d4fepycsl,0,0.036128900945186615
20,f3ad2931359bca59c36ce55ba82f9af8enbi8,0,0.031930819153785706
20,bcbd5c95680cab78cf904fb936dd03f86g19z,0,0.03502920642495155
20,764234598477e02cbf8a43983fd43850l1c8f,0,0.03435559570789337
20,1214fbf35079e7afc0a35645f8be8b218fd5o,0,0.03219905495643616
20,85d020b5f3d99d1272efa0a0d34c56a5dtvxb,0,0.03087080456316471
20,098bfc9c440f9ba9e6371f774ec6a36fa0sq6,0,0.03436913341283798
20,c6453f296ce36005d7e7e67e159e1b7cdbmus,0,0.03561676666140556
20,b853c1e4d6a4657d35705772ca6cfdc3qtox5,0,0.03585449233651161
20,a48837ccd05bca96ddbf02c55ecccf639adk2,0,0.03570176288485527
20,b1e106943db37b1d002bcbe06b264b8bahuy0,0,0.035867996513843536
20,f9378eb3e522beef7e6a4e1f275bbe0eaboro,0,0.03219905495643616
20,c5120d10a23eb0c10d56a19fecbf9da85t4ow,0,0.036066118627786636
20,465c4f2ad08cc1e5f7a5e1e3ac75654ealh0g,0,0.036915816366672516
20,9ae9782ecff93ddf1c6fa13d711b9fe1gc266,0,0.7231636047363281
20,1530008a712831e35a673d38959528f4ozipv,0,0.036083612591028214
20,86a626c876e7eb4be35f4f0b0a78f97a1rn7h,0,0.03498019650578499
20,f0fd9f1b3fc9ff10c2642b3bf81946e2rsq48,0,0.032557375729084015
20,ab3e02a6b47b250b738fdb010dc84cd7lrr07,0,0.03194298967719078
20,5ddf9ae899e629acf3e78141a9712a05a4feq,0,0.9613638520240784
20,18076726ec814a6f56da2cb9ea89d105j8vpm,0,0.03572490066289902
20,a7c263f3fe4f19ff677e5cb475f7e5a3gdom3,0,0.03647582232952118
20,ba266f4898bf572447ad65856b362595yjt2a,0,0.03115873783826828
20,2daa71f0d138b8c2d61583d3b98a25e1mjp9c,0,0.03515176475048065
20,c900620a019e78a3eee44109e4d1e1d2xd2gj,0,0.03550262376666069
20,2b429b9235bab2877cd93ac6d9fbc2d7tzwre,0,0.9580169320106506
20,5b0665172160ea4015e79dfbcfa7ed86oe0mc,0,0.9505971074104309
20,69d8fbf99586bfaac64d31f82b9bee27wltkd,0,0.036687105894088745
20,5324221d38a79636bc4560cbcf2d75c4gimrm,0,0.03213445842266083
20,510f33a3c0a290a0e43d2576d928a4abxieo3,0,0.03561604768037796
20,6362c8d61774cfcb6ada7cea1be63678hxkfz,1,0.0627409890294075
20,95af80db42edfce4e937550d60d79561punym,0,0.03450385108590126
20,3694aa599f836a57b671ee0814b071775i1nf,0,0.931172788143158
20,5ccc30558d4c218cbb4d36872fb82a03rjxgz,0,0.034863632172346115
20,3318a824cfbd3d3d177ab7e9520b21cbsrcgr,0,0.035496026277542114
20,03aafab9868455b78f0723eda86698ba9v9rm,0,0.9589431881904602
20,ae0dc05e48d0f1e3ad33f37b4400bd069jktv,0,0.03320334851741791
20,591ef8d73236d150c32716359a61ff2auk6y6,0,0.03549949452280998
20,989e8e68621a43af5a8d061aa91bd9bfshy7d,0,0.0346670038998127
20,c58ffa073b3b3deb4e993ee5dd05347cmvfur,0,0.03542524576187134
20,e8f3ce0b2d0849968400b63b992cc606psoij,0,0.03229185566306114
20,fd5cef3fe1217c6591500c715d71717anczcq,0,0.03503955900669098
20,afb1d898d15663a9477870391cf39b697gso2,0,0.034641824662685394
20,8a4fc219f01e1fe6d4328b0a47fc54905iv05,1,0.04350242018699646
20,3e995d6f9dda5f29c02af4c9fcb94bac0csrw,0,0.5334720611572266
20,9349befb45c4869b68e82a1944f4f01377cpz,0,0.03454361855983734
20,d79919e5ba11f26bce5e70f0a4f859e3e4q9y,0,0.9611800909042358
20,900284c412387e0bb2dc2aa5ce42dbb9th70g,0,0.0357540138065815
20,8bc48bc2cd0ee494e55470a7ab0814c12riuf,0,0.03526949882507324
20,c6fcf1f7b824c864d492c4cd676cd702owsuv,0,0.03478743135929108
20,7188dec1b560385b0826f78e7608fdfeai9fm,0,0.9637957215309143
20,24029e6b641077ab7b9a1fde11a42666pkz6z,0,0.9620981812477112
20,ca5d4f0a3ea342fdc45c3325e5311049e2uis,0,0.03430121764540672
20,68d0de6b2b019e4f93fe89ef3c9d3e21zajj9,0,0.49194633960723877
20,e0984156959c3e7cd05b7ec8ae239303inqlo,0,0.03162025660276413
20,21114d057c297080f0f882420d2436b5mmukc,0,0.03474348410964012
20,74429c9ce8183e2b1b89600e6de4ceea5kn1t,0,0.03453275188803673
20,ca28bff4ab1f6e74bf08b92e16989e11vn2mf,0,0.034169118851423264
20,38d9e2e83f25229bd75bfcdc39d776baz5zu2,0,0.9577966332435608
20,3de66f8a5453943040d42e1e73f11eebll8h9,0,0.03219905495643616
20,6c0030ed696c4156b6ea3472374f6b54s4ih4,0,0.07703976333141327
20,5097b3a4011380b5d9447e1a7a20b1a556yzj,0,0.03306831046938896
20,9ab00034c9b00521ce121adb5dd4aa15tlhc4,0,0.03407212719321251
20,2e463fe6bc1616f8392f82c138a6a436mbtjx,0,0.03130241855978966
20,5de403f3d49221bfa7116570a4d572d8m19sh,0,0.03598097339272499
20,2eb8a353db13e68388f544daa2e28359oenbs,0,0.9442740678787231
20,b6e52f37365cfeae9204a9f408b8c3a4idcs7,1,0.9638010263442993
20,058a4e0ac0a20f504cc9c6aae2a896e6too9v,0,0.0366477370262146
20,c16a9bdd369ed3ec2891c46e64017560fbx69,0,0.038544416427612305
20,6f6e3687f67272b103351641b678225abarzw,0,0.030958184972405434
20,2e33b1ee8a9d4a5cc5f886ca455e8f86kxu5r,0,0.033972058445215225
20,668d393e858e8126275433046bbd35c6tywop,0,0.07625982165336609
20,c89d56c06803b8c6316a7c906604c64939yri,0,0.03486308827996254
20,54957cfd12ec8c64918b6200ea25d27fsc9hx,0,0.03325209394097328
20,b9fd0772481bf459179a3b4ab49171693im97,0,0.034826990216970444
20,445eea09a6299164f60dd11f23276b44rkt8q,0,0.03345685079693794
20,64abb8a286b2be97349e8b17abcce6d9rygza,0,0.0332443043589592
20,3e0bbd7d75cf543a56919ff5069b31a9gcbql,0,0.03231887146830559
20,76f7e6c70f2b84d885b23e2b2831e113ueqo2,0,0.03590726479887962
20,bf65e77ce8676fbab6fc78b70c50f05a8da8a,0,0.9545497298240662
20,37bf6f23b628a3e2b5b22ba81beccbef0efoh,0,0.9512891173362732
20,fa6bfb4a2156dc8e73a713cdab85bc4bmcmwr,0,0.0357908196747303
20,8a7710ee3c886df8ca78c88120603cf6taql6,0,0.03632576763629913
20,c67ecaf47f857f37f63ac0f4b9af3249wwdtz,0,0.035748440772295
20,bb43fc12fbb0fd2b2536e4033ababf59exffy,0,0.03509347885847092
20,94c8c0f9c90820f28928caf5d122dabby69ts,0,0.033985864371061325
20,238808859d7752579a415e89a395500fh2o65,1,0.03524414077401161
20,72b21fb7cd32b1a65bed8a12eb94a8b7qa7rl,0,0.0359361469745636
20,9be39ea5a0612fae7bc43a25a6d10856l3qaj,1,0.06999344378709793
20,16e2e48cff6faab74e1f5c47669dfbbda7l5z,0,0.032141175121068954
20,0ae09b09369c76737cba059d192451001nwce,0,0.0341460257768631
20,52c441804b89bc20e4c8dd625bf163f27o2zb,0,0.03463219478726387
20,8c412ae875b672f18073d643c74f9f0clzbyw,0,0.03168005123734474
20,c8cf68aa6abce25325dfdad4a98fd890ap57f,0,0.03219905495643616
20,cb705744a588c18087921e74e68cfa10oev6i,0,0.03483106195926666
20,6c3bdc508c20f2f3871766cd73064c8cib3xh,0,0.03406941890716553
20,6b0d09889ff4889deaabd5f15b3b34f1jxl6v,0,0.03510233014822006
20,9adae18220565488f77036be41cf71beiepqk,0,0.9582037329673767
20,026819504b59bc4eefb9963d5fe4271aql15u,0,0.03515254333615303
20,6ab75792932fb1ea6fc74a18edb7888c2orvk,0,0.035359397530555725
20,98aa09a7ca13559a9e2a43fa2ba4d2b7klwin,0,0.033926643431186676
20,6affd6d2976aa7c48dac70612fc8e31ddo7j5,1,0.9625811576843262
20,7b31d9d8b5e749cdd2c300cbcbb5f875kjlsz,1,0.961794376373291
20,8473148f069a890b7323fe8316861a71qoxv1,0,0.035877764225006104
20,afdd5c7c912f9b6a88c0c2619d618124ycm44,0,0.035821110010147095
20,c4294be0db6b5c9357ae5e2e7fc8da9489qpc,0,0.032469674944877625
20,6e8cd4699eedf0075cf5662e1fff3a857bycf,0,0.03374553844332695
20,97268eb2ac171298eb03ecc6445d6879wk3pu,0,0.03335195034742355
20,197e90906939267ace2422e78e8e83889znqp,0,0.8436100482940674
20,31c840378b5c2e4469fd2e7f5a1e5a7d92k7u,0,0.029967468231916428
20,9f9dd5c179d357b53f145ae1e5cc941f5qfuy,0,0.035609692335128784
20,227bc0936837200d0aaeb444ab8d5f1axs8zr,0,0.034783557057380676
20,ef415b2bbbb81ed33cec7242678975d5m5qk6,0,0.035405490547418594
20,b0014101fe1b510ea150c149145dbced3q3md,0,0.0357980951666832
20,24a9abf72cedcb421e831c1be26607e37zojy,0,0.03626560792326927
20,572c9964ca41ed055830845993fdab29p4f03,0,0.0299203023314476
20,5201935b289665a197e38f747882948fjt867,0,0.034976426512002945
20,33895230e0b25b5d3133d502ef3ecabey84m6,0,0.9198148250579834
20,c616385a2762ecfd8e4ea16d8a1f2596qw07a,0,0.03587603569030762
20,1ea558fc18eb1b3ed7759a3aed7662d3p77wq,0,0.03473185747861862
20,050a3b29ca1818e1f237df8132bc2013bcuxi,0,0.03435441106557846
20,74149197c8684977e397ab60a6a264836b0lv,0,0.036115121096372604
20,23bdbb8575f191b71853bf78d09e11a1lhnfn,0,0.030136385932564735
20,d144312f2f68dc33a63b7863911b2aa459i99,0,0.03179784119129181
20,6ebbb4e7c3fb4ba44a89bae997717924gm89u,0,0.0350518524646759
20,1456b44d8b2b16cd94278137269ceb11ns7wy,0,0.03502710536122322
20,ec6d3fbd8408ba43891370d4ffe41eabhnwbs,0,0.031410641968250275
20,76f17ce227e593aeff456fed46e36c83a3j72,0,0.9492914080619812
20,6bdb40330295fb3abd4647808c319d29pb29n,1,0.06728392094373703
20,1d4eaaacb6127c43c1c007331cac135bpib3m,0,0.034367915242910385
20,4694d67c21e9a2edd614e717aa3f4dd2e0w93,0,0.03465128317475319
20,036a4050a5dd65e70f0f613ec2e38a74re026,0,0.034331537783145905
20,46f1d7df0a8ffcc10c3de0dad8979cabgr9ig,0,0.03753022849559784
20,74a35c4376559c911fdb5e9cfb78c5e4btqew,1,0.03465874120593071
20,6f07ce71625a0c57aa5c0c05071cba164jmba,0,0.03506588190793991
20,110d2e689da119388dcb6e235749b787ni298,0,0.034652192145586014
20,308def7f05575db9bcb6a67207d6c1beb2cqt,0,0.03282661736011505
20,de4388600d997803223748e48bfc7b16ggyrh,0,0.03416553884744644
20,069d251f2fc19102924468ab38349d5eou7ab,0,0.03212433680891991
20,a6230fdfd4879433e36a76d53440f426c7a7a,0,0.02954084984958172
20,77b7daafef906aa3f941992bcf94dd69zxk2p,0,0.033815979957580566
20,6c6c3559c5f656c71348f7cadf29bb12okgl1,0,0.03451157361268997
20,283987b9f1ffd4514757483ee1f01351xd678,0,0.04735393077135086
20,4731be79b5c7e894dabe5986e747b97bd6yxh,0,0.03549952059984207
20,4ef4b3e5727dc85f18aaf00ff9a1e936qyhp6,1,0.960600733757019
20,eef111bfb93c213c174947c69b2f2b38cr2pw,0,0.0632256343960762
20,c65d2236a70982d628454d19472ce26eltxgf,0,0.03470146656036377
20,d381ce07afba12851a815cdf8858c1c7g2pfh,0,0.9375621676445007
20,74cf3a0c5e4f080415888bad2f7119499lh63,0,0.036199286580085754
20,d31f6cdaf4f8485190b4ea588f8c1733y6qu9,0,0.034419529139995575
20,a25f4c6838b83e0fcba372300c23c2537k5eq,0,0.03245600312948227
20,9e1f21ee1888368e77b539083f4b94ddv8mrl,0,0.03496728837490082
20,f2f10539ed947e4b141b2e9bf21af65ecz4f7,1,0.963519811630249
20,de717bfad3ccf44a93f39e7b43f3b227cuu5o,0,0.03477159142494202
20,c2e1242ad5ea781923a08987d55365c69fii7,1,0.8810755014419556
20,219c6102f604c8ff0ead5d23375bb127del0d,0,0.1075945571064949
20,6d1354e720cb9ec90e19e29f5f895669qh6g6,0,0.03582023084163666
20,25331706aa2157419da068e93f3989feyo7a0,0,0.03390078619122505
20,67a1b129ca241c51d0abb5484f8eb3fct8o5c,1,0.9571541547775269
20,1a764d01d19a1408382ccace87e61c9fndlo9,0,0.03493018448352814
20,0a92c4fa2bcdc8e952546d236b322053o5wbk,0,0.03585866466164589
20,6ca1de75674e78f9d3d63fd96fbe6e172t86c,0,0.03396929055452347
20,c128bfe7aba668d71126d51b32428c01tkq99,0,0.961965799331665
20,170a58cf637c08f0818ebdbfddca29c9irkxj,0,0.03531843051314354
20,698da938f6fc36305616aa6f8affd53fobj5y,0,0.031178437173366547
20,6f6c9a1964fd4bbc082f2afdbf2d2af6ypdhn,0,0.03541718050837517
20,6ce47fddd94be5792190cad9d972a5c4oyjww,0,0.03304116427898407
20,a639448bde9a72923b70917e82594fc66sa2f,0,0.030637241899967194
20,7959bd565852dd880cd31278fab3660fuaqyw,0,0.02973601594567299
20,9e9047df09026ed5a5a3a86403811159u5yja,0,0.03547562658786774
20,0e373556d3bf588a1bb2ca6354120cf2dmvjs,0,0.03618716076016426
20,21f5b103136104e4947e293983dbaa5b4tder,0,0.9579522609710693
20,abf6c2cd31be1630f5a7a1219935011c3rkqt,0,0.0319669134914875
20,9dc039dc57fd67bd9e7157f4f697ae7eloov1,0,0.9112969636917114
20,c36fad0b52a6be6ec32cc5530c0a2aednea6k,0,0.21410579979419708
20,c99b1edcfc7f0c751b68fb310d34b75ei6j82,0,0.03642410784959793
20,0f4669e36b2e721dfe27f8633b277a1575erw,0,0.03504453971982002
20,1a5d7993b43386f64fcf4b84e7b183a6ref21,0,0.49104055762290955
20,780566278695c3771f81afc605abdffa4143q,0,0.03617015480995178
20,c888cda1ef5931da0db90f6803cd0d368ay6r,0,0.02994275838136673
20,b1ae4691fefd3d09d74096ec4caaa6d1v6tbw,0,0.03615499660372734
20,622a477170c3e2215b7e3cdb06db93aezz6t7,0,0.9158427119255066
20,802a819acf0601b43fe5426cb48ac0bbqwfu8,0,0.9567873477935791
20,1870650d20a97db60ce4133bb9352b69h9phj,0,0.032212574034929276
20,b217ca4cdea62a3977481e398d2cc9bd4sxht,0,0.036819472908973694
20,6ed19e45dc118b78a78f25649aaaddbeef7e4,0,0.036640435457229614
20,537f38e5fcf2656968e0a1752dd494ba8z1jc,0,0.036055780947208405
20,786cb68d5d2012dedaf70257449090f2hfb88,0,0.035914164036512375
20,b9cb81e5855add059728cf932f0624fefbi2t,0,0.03581101819872856
20,25aca203223b4d9563f5b1a01aa3a21ftlgve,0,0.03289702534675598
20,bd6adbe79fcb843aeb97546947af1236kbg7p,0,0.0344112366437912
20,6b1666662837213ce77c329d8cb2a842epaeh,0,0.03477202355861664
20,12fefd74d82d90541872847f199f6324cowi5,0,0.03394683450460434
20,e54c3b01eab75ad3a616d56dd06ebef758ua8,0,0.035261690616607666
20,61e4b6ad0fc268d42c330ec99fd8c939yb7t1,0,0.04407394304871559
20,ba258a455ca17f2c13cab3d0afc7de0b48h0t,0,0.032389719039201736
20,385325103b3eb54b0b974523fb7a13e02go5s,0,0.03522463142871857
20,6c11cc7744fb52a632306ca8bf966cd1e4zxx,1,0.9617689251899719
20,17a321c4a0d925ca80507effa52330ac5n5r7,1,0.08147410303354263
20,e5736d7f8082d7d7fee8430c0e2279bcdmt2a,0,0.03467247262597084
20,363ba0a2afea1b074fc1ed270c86050byprz1,0,0.03608167916536331
20,717a0a200628f9606d88afebaaeb409bv60y8,0,0.9540128111839294
20,f939c17ffc7c39ac9b35b69e5e75179fv9pe2,0,0.03582371398806572
20,84a769adc98498f52debfe57b93a0789556f4,0,0.03474946320056915
21,57db69e32163f3e486dc6ef7d615aa12usje6,0,0.057664431631565094
21,d91a4421996dcf429f575e372915cdcedae6g,0,0.6951044797897339
21,880f542a275df1251612886d408b32e8m96cp,0,0.05829131603240967
21,9c509838d129fcee98cb3934079ca36asla50,0,0.08790707588195801
21,11a38554244f3c14de043aaf52345c35jjqvo,0,0.2074434608221054
21,0b68888358a492884e3885bcd73ea63bhxidk,0,0.06085449457168579
21,d6d3daba4bea632d7f5a4e2c5146f109dkd4m,0,0.08608438074588776
21,95fede5853bfffda8f50f6af494ff1d1hsgie,0,0.0741744190454483
21,98783b6bd490f32f56c315307643c824nimw1,0,0.06527799367904663
21,c0e1ecd40b81bda3b7dcec501334499dgzq17,0,0.07903958857059479
21,aabc211b4cf4d29e4ac7e7e361371622pockb,1,0.9529122114181519
21,8abc7635daf75f9fbeb63783b7b8ccd5rvuyo,0,0.06371030956506729
21,d738b259ec6e6af625d1f41abcfd63e9e53tx,0,0.048280585557222366
21,19815d9bcdc74c3ddfb9ff210c1739f3tup3i,0,0.06052744388580322
21,91dcfc10da696a6d90966ff795751708er5fp,0,0.9517513513565063
21,a3c2ba79963b637f15086e6255a46253lwpnb,0,0.06555113941431046
21,59ae36080fae26bccbbc31a4505b6fb3v3zjy,0,0.07255835831165314
21,96b90af2d3eea4d3b2bc725e1c92e212qu52g,1,0.9507123827934265
21,001068c415025a009fee375a12cff4fcnht8y,0,0.07267521321773529
21,cf33d05860b7f7d9af73c6091190b81ektz1j,0,0.570844829082489
21,1ae57d217b27820cabf6e24b721bfb38s6ja0,0,0.08065091073513031
21,577af9ccdc29dcacbbce0f36b7c1ff15btljp,0,0.07078202813863754
21,6531bde8d4decd9708ff4407ef95e887a26yi,0,0.06853507459163666
21,20cb327bff59dc8f4fe1ac68a30f02eb6jrq6,0,0.06779630482196808
21,80e753fbea14f966b1fc6d1e194d4e66822ms,0,0.14690479636192322
21,28c0d4c81a22958352aa742f7d74e477qwo51,0,0.06616313010454178
21,461dc3d03d1e28d52770a4d3dc7db34558fcg,0,0.08065561205148697
21,60b8145bcfed7a5f2a23b596a8aff99cdzn4m,0,0.053417399525642395
21,75c4518eba20c9299a3a836d9905c327w6j8b,0,0.06665695458650589
21,d65efaa8129a85f85bf909e5abde8c3628gfv,0,0.5706913471221924
21,5960fc711b544e2617d0f76360b69e2afds2b,0,0.06639482825994492
21,5b25a86acea5ff395bbd62399bb5cc9bb7h6i,0,0.05779090151190758
21,fc8e62e5fb69ba67265a3d0e3403aa3fr8c2q,0,0.5612488985061646
21,dc52611b1a2c84c0949da5af9870d57fj6ab0,0,0.06954962760210037
21,5106dcca581b63cf2226110a9048ee4846sxb,0,0.08752496540546417
21,2e3b450b727fe3e888c85d52251fd33ffoi4b,0,0.05463801696896553
21,ca76df527977e5168e1b3352cfab2ed9htipb,0,0.05893060192465782
21,22fb740f267ac617118261b2fd3365batisfg,0,0.058820940554142
21,f90f13ddfc0f98cbe3c2346a2e30093cq6zo0,0,0.06337951868772507
21,20ebb9de648c6df989f04d07cf273c7b3yu8c,0,0.9537127017974854
21,17eeec8676ad56bfead1a9406277f41cnev3n,0,0.7225023508071899
21,c7d335bf99b9c71fb22797ecbd78b92ashv4h,0,0.055071961134672165
21,a94c16f8a98e493e2b4390b1975e690dv8cmu,0,0.08154444396495819
21,1af4685cda2979a608c4b6ad83473774qgicn,1,0.8608834147453308
21,e909515a6ae94a86027c717c4085954akbpt2,0,0.12488905340433121
21,068450aafae2a6e390e35925d964290cdliqf,0,0.07995840162038803
21,6a87cc9dacae884e817de2ee08452e76dx9mn,0,0.07350429892539978
21,8b4071f3e2702b88481054081363bc15her3f,0,0.9539674520492554
21,f0c356e136831c41884b0732ae3198e0gcy8w,0,0.05187563970685005
21,6a76d66f035914f93ebc725a0998b399r4gdq,0,0.06700235605239868
21,908ce7060337fd8550760a100921f6f7wsemn,0,0.05449485778808594
21,eebfd257525e52b67969ae9d8760afff12j3d,0,0.06323429197072983
21,08515611e73803dc6d8c562b8514dfb5qi3z9,0,0.050291627645492554
21,f46cfa9acdb6a4c419c70c19be4ff9523uixs,0,0.05968151241540909
21,354baa6c4764a5bde013ea3f7edc72552r3oa,0,0.9532906413078308
21,28c9a5ea8aae9fb4f6a755f94cd922361v9ow,0,0.8789040446281433
21,b9080651d16e3d6d2d83e1c5debb55b0qpwbv,0,0.06680157780647278
21,c8d972b803b46212369cf1b480328dcehb9jl,0,0.0717773512005806
21,99bcfc00be736e03facf0afeb79ac533cs7tp,0,0.050212062895298004
21,b191c73f160bb9320dd3715bc3ffed26ymluh,0,0.06513623893260956
21,64e802fa8e0c17ec2ba1b6425648b7cb7ndkn,0,0.09322431683540344
21,20662832566daffac929f803f0c236eaperht,0,0.06662627309560776
21,3d281a78c6a116a91baf9c8db22b56bazer1h,0,0.8451957702636719
21,ea5948061b2059bcbd900d3ae7e86e428ae8g,0,0.04917316138744354
21,a7454ee6fbb69c4079caf5b5b92574abi6pyh,0,0.07174500077962875
21,f876e3be4038da62f49234ee498feb732gdcl,0,0.07055739313364029
21,ee052a24cd3164af9d08fe77bd6b79dfrbelk,0,0.05337153375148773
21,179a23cad40c51dd7804069bf769d11e1ftk9,0,0.5961501002311707
21,205c519be884c5b1c885f61c4ba8738a737qg,0,0.9474301338195801
21,e0824707d4a78230ae54209a920bc3e3pzdpp,0,0.06380680948495865
21,c5dcc8a649adae76ce01a3fa85b68f237ny2r,0,0.058252643793821335
21,f61d93fddb01d2d89a85a132c649aa90lj1z6,0,0.0667709931731224
21,db88530db963dab43118aef5aba127ec29abp,0,0.07311366498470306
21,cf9a1c3af63d1bc3f55728b4a06a5f46njrac,0,0.04885116592049599
21,6f46b3e231003daf21108df4624afcfdaaswv,0,0.060745060443878174
21,791031a63c9e2b4835caa9a4cc1768baias2l,0,0.06136214733123779
21,fb5a19240e36ae12aaccc1e9d9231144l32hv,0,0.06333602219820023
21,8c4b0d95ba36c0ba2a52f9043c62fccev75uu,0,0.5887259840965271
21,570910327f5584ea1ccba92634d89832lo1zc,0,0.06842567026615143
21,e03311c7620a8098b7a177a5f1ad213ernao3,0,0.05864972248673439
21,27cc072f1432f7aec4b7e17cf2e473f2x3bjg,0,0.9529164433479309
21,cffb5f3c1f4ca815d0f643fcb2f2f316beod4,0,0.8787854313850403
21,2d82c3dc726d2bfa19c5f16ec3de5023lbse1,0,0.06653596460819244
21,7eb6a5ffc5e8471efad7cdc8927daf677qcf8,0,0.20928722620010376
21,0d0d43ac593a891ce100d8202d3d72c3xsma8,0,0.05893343687057495
21,35a89119272ca55d7f602689616b58c3pebir,0,0.06956789642572403
21,ca0331fc37db2b251a012376f7b987fcma2jw,0,0.9562982320785522
21,b970a53727b2bfaf02079779c846a52fj3f0q,0,0.07752335071563721
21,7029915a2c5aa5d964acfd85c30c3950b4opr,0,0.10087838023900986
21,11d7f0a5076649b229c301a22537834e1ehwg,0,0.09799071401357651
21,4f891171f7b09f54d8b4f30b48421f178m75r,0,0.8463968634605408
21,3995d9ce0cebd62d77cb8add067d93e15oezc,0,0.06033383682370186
21,88e24a019c32a60f2ff315a9d217ec33q144x,0,0.06236616149544716
21,d1f000f475c502ecd2e993c52987e63ed3k7n,0,0.07926652580499649
21,a3ef8857f2e33ecd25c409622b4e3ebcij8hv,1,0.9558278322219849
21,a8a5bcf248e1326b3340c88e057f59e9nlslq,0,0.07290415465831757
21,bf80bec9b4a8d29c494f8545f2a4be4eji6qj,0,0.954863429069519
21,86b6207b5e87d58ae307bdc1545a101akz0ew,0,0.06992312520742416
21,584d1d60d357a4ee1fd3b0a6a72de1dc4rodn,0,0.08481156080961227
21,d63671871e4010e904b9419e48781565weafn,0,0.05059555917978287
21,3ddd3eba016fc11b07c8a9ecb3fcc2975bkru,0,0.06946038454771042
21,e0e5719b5d763eb4e04c7f6e4e32884cmlpj7,0,0.08391696214675903
21,14f226ef57ed64d8e14c8b5ae929143cgq3em,0,0.09949597716331482
21,3073d007a5b42b827cc770ecf4805278xvvzl,0,0.06113652512431145
21,3b947f8c954acf4354d2c3bdcd494fb0x54ee,0,0.06539887189865112
21,56cfe8b0d574e1df3f823c2cf32226eff52uw,0,0.07258836925029755
21,e19f258fa5019e58974b562a8e1433ccluztk,0,0.4787842929363251
21,a99f91d51e8d9f5786dfa52e24292dfebi55j,0,0.057577166706323624
21,a60101895443bfa5d4485b9c2c3e1b68t5ppq,0,0.05883030220866203
21,84bd02dc56fb7c3402426ef7e8e166e2ptwo6,0,0.07446154952049255
21,679d60378d42ca9d3b8a28073fe14fc7bv4jh,0,0.3457149863243103
21,d7c046d4328c139e76fea7c1833e8fe6fx4yz,0,0.06810026615858078
21,2819b8b2295f272f33f8e76fd344ce6bywj1p,0,0.06787561625242233
21,790c497536a2a9fe080c3b2ee6d5eeb9caiv8,0,0.06735264509916306
21,2794512e8edad5f99d28c33c7560fccb9zl8i,0,0.06958045810461044
21,2d6a70a8341ea0fbe4c8537ffbce919etg4x0,0,0.06867089867591858
21,953879d32e39e014cf8ce73daa2547cb2ke8t,0,0.42586445808410645
21,84c4b58a1491da3a30710bcdf61f87054xfq6,0,0.07984282076358795
21,d0b096df6b5ffd2efe8d5cfad4a24912zs3dd,0,0.05949954688549042
21,86091a1e6c99358936979baf67d54457x1dzy,0,0.052545350044965744
21,b0164d9a18a3cdf6082e96f9708040690qcqf,0,0.08709380775690079
21,9e9270c06937bfa13f5b29e737c3438fcocyn,0,0.0666922852396965
21,b77312a06d10e22e3caca85fc7fe0342b2adf,0,0.08312076330184937
21,cbc71ae3c3690c89485eda3f08b9bb51rqrxz,0,0.43323472142219543
21,c6a49cf5944626b45425712f9e19e91d2nyh7,1,0.954677164554596
21,060ac64ff78ae62e9bc697192cebea333760p,1,0.9537419676780701
21,de8943f2b113702c98ef695888b7d0c6my29p,0,0.0666000247001648
21,2d113999234e06201c0940286d405453wqjsw,0,0.06659608334302902
21,fd1299f1343236dea07bd0ba5f8ca220csnv8,0,0.06560231000185013
21,cc78aba7eb8293a1d70f083bd747fa1450906,0,0.07062678039073944
21,d2eca28cbe0a3dc69715d719c6958faaaqx95,0,0.058337170630693436
21,bbad48cdaa604c1bf40b59120a775794rnlg1,0,0.06464998424053192
21,8bf07d8631a2808f2c869e27afad2d41swgkd,1,0.9479585289955139
21,e2554dc14d54c3b7be85c59dbc1425f77qv4a,0,0.06720937788486481
21,af5d33f9724b0e8c1f875406c0556d1e6eotm,0,0.9063811898231506
21,1e050a096927d5b34f4a85d3af28d30eybsaz,0,0.06267987191677094
21,a9bfa54aef505d65ec488d8984c82a7bf0fjm,0,0.04783228039741516
21,d4be674fce23aae81c4cb946d4fff8671gxtu,0,0.05545807629823685
21,3128932859bba46f57cdd19579c42e05lif6h,0,0.05128604546189308
21,f05dfdaa2f67b190f3a79a5a2d5daf9coikow,0,0.06725054979324341
21,9f60e1593604631e10ad2677c51055c6mv205,0,0.06502425670623779
21,ae817305e82b580f9ab89f1a379488e39il4q,0,0.10831768065690994
21,3d48d4b09fc7559bb6c129fb65c133808brgv,0,0.07995569705963135
21,ae6758a627a111f6d6b530b0154c429566o4k,1,0.16625523567199707
21,1cf0d30e0bf9f4a536b1fe16ecc26cd22j50c,0,0.07530833780765533
21,3bc8edfa1995a99110b957ee98fb5c76nkl7t,0,0.9148985743522644
21,89c8eefbf6f83543ce0792d1e4b86057ti16q,0,0.06964156031608582
21,403640a20dbd2c4bf554e558de137deckn70o,0,0.06885728240013123
21,d2fc5291537a61882065e571c21e796975uy0,0,0.07416628301143646
21,46ceb58fb7a57d86a26cfa154c940a8cuktu7,0,0.6720993518829346
21,d645e4b8b043a18bb1c8689572ad4fe16q3np,0,0.057017982006073
21,0cbd01c9e8cc800aabd3b3e4c618f9caktfgp,0,0.7933440804481506
21,ed5fc53d096bcf1b86c30128040e775334ut0,0,0.4495387077331543
21,0c57d8eaa2708b768416ca91dd8daa2cqbl31,0,0.05283614993095398
21,e4264fc4dcd5f917ceb002d860441370s054e,0,0.06649276614189148
21,abec779131ec6bd32f5e32ed0f274400ekljo,0,0.06049467623233795
21,bd0071b98d9479130e5c053a244fe6f1muj8h,1,0.06669019162654877
21,5920a92dc2b65e257061017a04eb5361tpa9b,1,0.9381149411201477
21,0a43de0ab0a7525fec59ef4bc1dda7a2z9z69,0,0.4792727828025818
21,8acae9b2e5454fbd92fd0b3d79fe89ad6w2wp,0,0.06556243449449539
21,4c67576a6f30a158d16d790a7fc482b0zqxue,1,0.9480611085891724
21,86e50263881b0d382b55777185eb648aagh1g,0,0.3289142847061157
21,1e3642857c10e72cedaf7890e3c07bfa8ibzv,0,0.05449485778808594
21,45fe4f0fb849e7195a1efd5495d1285f2culj,0,0.06403877586126328
21,bc3b92a81586cb726cbf4d5b418fee41o20sj,0,0.07687452435493469
21,c59f4511da2e8dfbf02668a49bc391895wk3u,0,0.068853460252285
21,c8d3fc73c1a41bf92a5e4982eb6cf78du8gg5,0,0.0647377297282219
21,d9b611dab3b5116f761747fd3166ecec80icg,1,0.9255422949790955
21,a2933e33896035761240ef5a62477779jf7ny,0,0.28157472610473633
21,7d8d3493942dc13742444f28626c5839axjqd,0,0.8991594910621643
21,a2b4df001b0e40a398f6d4ae9b316c0eix5bh,0,0.057777244597673416
21,aea096a392f55d95c3e45251931e9755a9t3o,0,0.834334135055542
21,05ae7ea9549ae298bbbc8002b4229392e0ilf,0,0.0625140517950058
21,4d6580da346435dff2503c55ee5e0cf8wbkb3,0,0.9535651803016663
21,5720c8d7bc15b94037cd75ff9496a35evugeo,0,0.9535802006721497
21,a5fb60c136b7e0a6d0d6e27cadb2a797225r6,0,0.05568177253007889
21,b7630ee9a73e7ba6f11f7717b7f03ed4be2hb,0,0.9539074897766113
21,0bf6e0e5184b3599bbb4ba1fb3a43549ije34,0,0.06966232508420944
21,e9b27622a64f2eb9dc7559d43bc45e31yci23,0,0.06094178184866905
21,84c7bbdc12233f88f35c2c3b8f178803ta03m,0,0.05990154296159744
21,c1624207d78346c3c58cd44f3d5472fcriae4,0,0.07044371962547302
21,b416bf88dedd6ccdbc3a2146524500258qdzz,0,0.0667380839586258
21,99ca795998fb781a42d85f1abeb50482yzffz,0,0.9477592706680298
21,2fc0efdb6ff10d51e3a4d979ee52cf07p4068,0,0.13823901116847992
21,3cab5bd983f5be9c16789b6c14bae982nhi9c,0,0.07207473367452621
21,3df41510a5044de5438015f37dfa3443bt7pp,0,0.06476873904466629
21,a6214d8bf07127661f322afa7c8dae91ypizm,0,0.06969958543777466
21,4444bfb455b90711234e0c25345abbaddrt0x,0,0.05449485778808594
21,3043fb0b4a1904222f640107f84d6f799tves,0,0.06502185016870499
21,8215dac41ad35a074c93bfcfbc0f908chlo5n,0,0.05491121485829353
21,f3bb3c26162cfc1b8c3636a7ba126010na3n4,0,0.8563386797904968
21,78a444127a896122678835e12ef507deh01hn,0,0.055318161845207214
21,70c31e8b3476b953648fd4f8775c1950m1uz4,0,0.06356370449066162
21,fb81da0790d821a22617d748d0226540ylrj6,0,0.4903390109539032
21,ab0b0de534bad49af05faa626b88389cmjj8e,0,0.05793532729148865
21,a13da89a3a54ac9b4ced156542afca5ddyumw,0,0.07215868681669235
21,74ae4f7b1692dc42622696303d9d4d763vksg,0,0.0646953284740448
21,93ab2dedd76c1859885cf724ebcd987c9ngfi,0,0.06599567830562592
21,8d638f6da12614d6b369249410c3d278n8qme,0,0.07914663106203079
21,9d1506d6779356dda24ed87d41f3be39yn1rc,0,0.06451957672834396
21,6182daa56cb0623719228c9e576b71fcpg8r8,0,0.28205302357673645
21,36e2e2f32a3872d3e958c0a58ee79bd129xdy,0,0.0687510222196579
21,d6517684989560cbb0da1fb2f5bbba9b9y2st,0,0.7658153176307678
21,332484ddd66b9a3db89ee68f08b1288amq90u,0,0.05365991219878197
21,ed5ee107143980558fae26c1b5c7b81a82spj,0,0.053875941783189774
21,519c0f3b989c8e1781e0910f685980ce15wzr,0,0.06601103395223618
21,37702159c6cd2c1a21cf66600e96cdc6rdbff,0,0.08427941799163818
21,8644c9765c64da22776cd67eefe0f498u3aaz,0,0.058152757585048676
21,98ad4163bb0b1abf72f165056d4bf1a1g8ekg,0,0.0633794441819191
21,d3920630f4891b9ef1a8a199ce5c830aua4yi,0,0.0871015265583992
21,42e631af9bd00e5e816f08eba3b102d5ch576,1,0.9244899153709412
21,b0973e698b12fe51ec2f259d924c6098rasmy,0,0.058525435626506805
21,58f590a56f480589646d255d570b0877zcjw1,0,0.05740450695157051
21,1def3e23e479c9739abce6b3518013d39oejk,0,0.8022527098655701
21,30da67f34e3cc215b3bdad588410fab5655fx,0,0.07945583760738373
21,ec3b2ff6f725e847f93285bc9d2b7b3dvcd4u,0,0.06871931254863739
21,6429ef4aebc7d1f4027b31a6e900d165nqvyz,0,0.05047810822725296
21,2137e2626c568af8e56bfb72fdd5b9e19qiyt,0,0.07015767693519592
21,b8d88a1167ab74ba64fd6d9c83308a6d4oa6v,0,0.04908917844295502
21,90fd7b3c991701dee376daeb09a0a5b7kawse,0,0.05513569712638855
21,8e0462410d727b34290fec10fd5661761yc8u,0,0.04734787717461586
21,bf8de839c1a8b7994d19049667548e4ewchpm,0,0.06963712722063065
21,5771ce26e8b0fcbe7e90106955638b251qj2w,0,0.07643947005271912
21,9fbfbd8a57e4d4b18338063ffa43f1bez92lt,0,0.06810130923986435
21,a06311ea45de34bf667b79a92d13c764i6aiy,0,0.0874626487493515
21,d3e1891edac2851f6d34de566802cac8m8dn0,0,0.052086830139160156
21,3d2608a892e44dad3027ab55bfaa0b26r69hy,0,0.7842525839805603
21,53f61a2f33e8b07e49da643af49884782vzdu,0,0.06012973561882973
21,80d8e3bfc8a2ecbf22614befbdaacf5fo6o5o,0,0.08249693363904953
21,9a5fb8e2e5add29b006d789e4cfd1513paga5,0,0.08452874422073364
21,e90e4701234b13b7a233a86967436806wqqw4,0,0.8607826828956604
21,1d69e006699adba0c79ab06f2f622445nuu63,0,0.06048069894313812
21,d127576e329604b576df0a3248cdcda3279td,0,0.18182988464832306
21,43295f805d813e816fee438d9a394bc4o4of1,0,0.06747278571128845
21,bf6f2ca50a3a6a3113681e754307aa4ehnd5j,0,0.06661748141050339
21,8c3631460a4d25d2b21b1f92ebbad752a19ww,0,0.06316927075386047
21,3272e16da807a75a987e26b09bb2147by1mxe,1,0.9550889134407043
21,a71f84e476d03bd0b25d45e44eeed9a8efehw,0,0.292102187871933
21,3893d2c62d59c232112efd332bc342dap8b4j,0,0.061448220163583755
21,100d406b638e84e2da7c31b03100b874qiay2,0,0.06575237959623337
21,ffc4e2dd2cc08249f299cab46ecbfacfobmr3,0,0.06344438344240189
21,d6fd864297177c38cea65aed8a45fb7bbp2e3,0,0.8563059568405151
21,a0420d3961adf890fccf4b43899708f6h40zs,0,0.08596791326999664
21,78e59e188d9780cb8988d574f692ed343s129,0,0.04687940701842308
21,21c5f4fff051adecaf1b080fbf910ca3dvi6a,0,0.08272483944892883
21,98e6dd2906ef1f7c13284a309f6b160cb2ujz,0,0.05060790851712227
21,2f9a7b01fcce94499a59aebfac98fe1ezsk1y,0,0.06269346922636032
21,7a9519ae09e328b09d18473f96ef075fzrs1v,0,0.07020627707242966
21,1df5be644b8963750305092eb8ec878ayba4x,0,0.2884450852870941
21,9bd2d79f328a5afe815d5832e521aa9187q2j,0,0.9141477942466736
21,5c2e85ba72b9e9e16f77939fee7ffb5eivaqe,0,0.06690649688243866
21,02cfc97e8fded77671e71e1951723d5fwz6a4,0,0.05889948457479477
21,baff2ce04381eb1bc4747d557bf52208vqmby,0,0.05976143851876259
21,fc870f3872dd5e36e4dfc4ccde28cc930tify,0,0.05855731666088104
21,25f1a9c0c83eefedfc2c1589e763c2a3is1qy,0,0.07893841713666916
21,225716d7bdf8f90cb4a4b779c663cea5j9sqp,0,0.07145818322896957
21,4579226b86f3ca5b5ea1597efabae4c42j4rw,0,0.06766475737094879
21,2b2ee7d0ebdf910833b5cb173c567881jt8sj,0,0.08004689961671829
21,4cd52ae88da3e30dbe01da5048151c98p4f0v,0,0.9539969563484192
21,59d96b423ea3ed56611686300b681f3defm4n,0,0.06033846735954285
21,e833712b1e29ffe74517e2dadcb4f2d1pt5t3,0,0.06332123279571533
21,25f59f9da43b6806aaa125fa61974591sacso,0,0.060927871614694595
21,45e4c7fe66077b5b7b338f19f476f9d85jlk0,0,0.06615152209997177
21,ff181014a0d7bb534fb9a35f22e24fe72m1d5,0,0.855371356010437
21,88acd2e23ea6817d9d9fc28f38a8d1aftqssz,0,0.049843981862068176
21,0547dbd3ecb4a293913f138d60b586fdf4ane,0,0.9430546760559082
21,6cfd573a82acda92e8207745bca28aa7lqjcm,0,0.06897620111703873
21,68546847f11f6415034b7e2263e8ece62p3ud,0,0.07432367652654648
21,7b22c9a323baf4a7bc7a3761e4a30bfajixmt,0,0.059262193739414215
21,e578807073c57556ce334044382a9b98iaz6o,0,0.08460046350955963
21,d810a7956e4d9fbc246d585ce84e8ea0750b2,0,0.06426288187503815
21,041d869edcadf595b90e3b5248903183pn754,1,0.9540020823478699
21,2366cd7cf3df530ef4fe40b36ffb936fyn3rh,0,0.06516458839178085
21,c41ea39b2e13b0fc9ccccc2546f924f1obd0w,0,0.048009999096393585
21,782557b3ec17063f2a36fc9193ed3200h14me,0,0.1437300145626068
21,e783e5f6b818d18eda4065282022ac23jd1fw,0,0.06834772229194641
21,a3ef8289a92196b07e2e7371bb111e3aom07k,0,0.06362947076559067
21,462df7ecf1d47980dea6a93d44fb408d4u2d5,0,0.0581507533788681
21,5e3747785e44d85a41a74470c051e946x01dp,0,0.07223039120435715
21,2cbacd5b066b7dff7e0a87e1ef00e0b4zpqzw,0,0.06431540101766586
21,7bad0fc50ac7d249e0a3d8b83f68e855fcnxu,0,0.06640595197677612
21,6326299ca6a53277b2bcea07bd0b4ba8ktbqj,0,0.05672449618577957
21,96f31c5b3baa8704096cc8d4301b4c96i6fyp,0,0.05690782889723778
21,10f01aff2fc23653ca7ea1d74248357a889wv,0,0.0664350762963295
21,8a27b2e29086c0d2e589053537e88393zsyr2,0,0.0826362669467926
21,c1850964c360c9159e5d1d0b6485e210s6uvc,0,0.05795880779623985
21,5c2d250afe88df6e4ca3ff08d991eb67s5erh,0,0.0632229670882225
21,783d5c219ff84cc0517f59a39bb98e18st85m,0,0.0673922449350357
21,031da7aea2d4b75ac8ecba4825bc1318yki1d,0,0.07358380407094955
21,958de49cdd870198543313fcf574d7c4eutrl,0,0.13056056201457977
21,c8f537f6bb0aa2d45da541a875f014358qm7p,1,0.8921381235122681
21,466ebf78d7326a38db1e19fdc1c70e9b1qu0z,0,0.07607093453407288
21,9a44bfde11a7b6ade17cd33a2b5102fcnlhm7,0,0.10550154745578766
21,29013ddeb60a18f7d3bf9f3aaaebae6c8651o,0,0.04808184131979942
21,074daf9a99b01591cb0637cb95c32600roriz,0,0.06556442379951477
21,63424f85cf53557fdb5dfc6a280af75epl45b,0,0.07409979403018951
21,8c09f4afd78059d9200cddc435f5c48ceph11,0,0.9496809840202332
21,93e3c34171ab65e0b031dc67461e48b478u36,0,0.7224710583686829
21,3c77ec9f79f6febf630325ef84f2a0bcl3qg1,0,0.062170810997486115
21,a124589b3af5a212406c0306584a9554fazi4,0,0.05968114361166954
21,953e01bab9ac8786b4bfc77d183732bbqw6ng,0,0.10501046478748322
21,820dc943d26965d377be315497837bba5iz67,0,0.06458199769258499
21,0a09adcd35b5f26d75f251006affc747drfu4,0,0.0747305154800415
21,e61c14d66cd5693d93cb0356d7f444ebinx9i,0,0.24961696565151215
21,664adb319c2be43104b6565a8ff293dea0f01,0,0.06400022655725479
21,950aa0150f419cd6361bd3c500e6e695xfljo,0,0.07190684974193573
21,8c939b6713b7881538cb05eca89cfb1cw1lhm,0,0.06726356595754623
21,874f882f7efff96263e9b555415aac36dsxry,0,0.04964407533407211
21,01c1c7be49cd6cfbb9075925a05c9899p41va,0,0.0734439417719841
21,737d19fdceb065359c77b81d27053c4e5quiq,0,0.07204625010490417
21,c8b23d6565e11d874e221f41440ffd25mrucd,0,0.04492741823196411
21,bef84146ac1e2f21e928e06ede1404793bfnx,0,0.06788575649261475
21,90fe8d6fc0bbe4ff2ca7833fe51bddbaaibof,0,0.7936108708381653
21,0f8cb1baa83fefac10f885f79149bf13kn4nw,0,0.23912477493286133
21,cbe8d224a38ccff930674361b502e7beyuf1k,0,0.06605595350265503
21,8ab98c1e6cbfb902af4e02050a886396a40bg,0,0.06680862605571747
21,7ffd9b7b795d9335153d481fba4b3076plrxc,0,0.0688943937420845
21,bdab2be5a94c6380c60b902310cbe1b6rs4iw,0,0.07449578493833542
21,55d9cdc3af85efe87b2a6f22a2cea96ezy2ax,0,0.06957820802927017
21,40fafe756c4695b32df7d19d4c710dabvzr79,0,0.05449485778808594
21,34914d163517a0cc4f0c971afb2352106vsvz,0,0.055638447403907776
21,fdf908d608a629d5ebde14819231878dojel8,0,0.04376720264554024
21,2106dd7866abbfb4e7c68067d7eb9bebflq5d,0,0.908435583114624
21,c9416e793bd0559bca3ad4a5194d4cd1k8eyc,0,0.05995766073465347
21,92a63dbb8323426833b944a4fc196fe27pzha,0,0.0650717243552208
21,24a32bf10c4a5d4d91c27da4710c869a0nqim,0,0.061833225190639496
21,942563fa6695a4b2f76ab6ff3bd58030i75z7,0,0.06744607537984848
21,78830493a121b8b6917d246ec73ccb4anwocl,0,0.9529743194580078
21,64f6b099082e4fb2e8da7ba4ae9abdead2cej,0,0.07256817072629929
21,81392b54fee8e50ec74efb27cf0de8e32fdm5,0,0.06957685202360153
21,1275d8a6a3b2ae9d24b50997397c254cpuuzv,0,0.942293643951416
21,0918eedd8324da06abe5600f058480dc75nfo,0,0.0658504068851471
21,ce7d34398a6d6011bcd96ff0aa82b6674hxzl,0,0.06477523595094681
21,0f3ee77a46dd5a09ad20b7c3e54ec614sbpvb,1,0.11560235172510147
21,1a09feff347553a2577983d7c742e3d6l2hfo,0,0.1205674558877945
21,70739399d69a3b7ea9e72742dc728742zp9uf,0,0.06910502910614014
21,cefd0ed907595de146c91e6c26b8ad658ilo9,0,0.060077644884586334
21,44bc1c87245aac66d176620f6ac9611ddbcil,0,0.0664115846157074
21,3144ea2711bef53de88d89d71acd16c5q0bzh,0,0.04903827980160713
21,40f2eaf03624a31952397644f1b79a6fvtfjf,0,0.3071615695953369
21,ae9e482a7f4a625a878c6ee0eb4dcd01dkm6d,0,0.05361216142773628
21,90953913d629a03e27590d0d0f64456601ktd,0,0.06254839152097702
21,f3d3c913b225bc6cdb98c60f0936f7cbj8k3a,0,0.05874421447515488
21,eeb7e43d894af9161f84692f2bf9570fdryzr,0,0.07952044159173965
21,74582963d3774699f4215df7f2d17c1b6b4pn,0,0.069666787981987
21,3b8320619393a6f6bf12219b61cda688k4w4e,0,0.06389930099248886
21,4aad6f0ffe775217e4ef8c91d69707545li52,0,0.06395835429430008
21,caa74df2086d71caf6c1b2b9c81d3d98xhpv9,0,0.058773960918188095
21,07012e0507b4281d430b93ddcd96cae66und7,0,0.06644371151924133
21,fc48aad7a51d965595b59550e08b94c670k7w,0,0.08204519748687744
21,4b72cbc9d9ef0238bb666feea6d79e718qry1,0,0.07585699111223221
21,120beb4523541f769a2b658cbc41dd57w7im7,0,0.06340420246124268
21,bbd1d48ef4e8e7e3855938755275ad2b2le9g,0,0.05867042392492294
21,24db47d284a08aaf119eb3e0c45eb646i46j5,0,0.048511672765016556
21,0446457fc8e21596799158406f77b14catx8w,0,0.06788091361522675
21,8254276e772450c5365707cde76efa4cwuzpd,0,0.068669892847538
21,dfa7ead5ef84eebc79c67d3daac340b0exa41,0,0.0668601468205452
21,6c2488ec88e02bb38920200ece7d337e0bffy,0,0.07579007744789124
21,e72d1b2319a2ef39d016c41e4824b68evxe53,0,0.05968603119254112
21,7114afc59caf2cbaf6ec1733922065f3uz34p,0,0.060246825218200684
21,b5d61accc925a0e86ab7274e1ad82532gb1w6,0,0.0703447237610817
21,53d9e7fa087a0dab6a472bfbfb694622jv072,0,0.05887288600206375
21,eace2a2890644d703c619fff7e41a9a16k7lf,0,0.06571619212627411
21,681b4f9dca9e70441fca4a58c05b0f50skmir,0,0.06774186342954636
21,2f9ea407ba48ae05f98fdf634995d936xefau,0,0.8287882804870605
21,49f4481b6bc2255e745ef20ac2a720754r9mp,0,0.07107985764741898
21,f5b2bbad20d1d7ded3ed960393bec0f40u6hn,0,0.798060417175293
21,35f822bee4f85d98d5b1b23c65681974ywyuv,0,0.060323651880025864
21,8bc2a424939c50eaf4a652e253421b0f9b0y9,0,0.45517516136169434
21,15b1e719796dc894ecde30f160e7ae20hrmmh,0,0.078050896525383
21,caf32bc98f84a47829e76ffe104371f6kphvc,0,0.6771737337112427
21,5cdd665a22747394620c17b7753947b0xgzhw,0,0.06377535313367844
21,a4e83190edb97fefdc4a6cbfd00f41fbm7c4o,1,0.9107881784439087
21,86e888c2dafacf13580a1211abf50961w6foa,1,0.9328501224517822
21,c670e7fb466b09000f1053d2761752268bkfm,1,0.9521013498306274
21,98c12418158dfb9494af01308ac2d0588gfw2,0,0.06179644912481308
21,bbf1dcd2f0100fa90e4a8544b90e35846p5y0,0,0.07096681743860245
21,a58ace8b671a7531c88814bc86b2a34cf0crb,0,0.8210872411727905
21,054b51d059fe981ca8cc4e0d4c49aabb5mck7,0,0.5674608945846558
21,ff4e39c0be8af4b17a73dcb761e4bb6dmop0m,0,0.061746880412101746
21,01f498a0992d280de63ec346692efb2blckg2,0,0.08787508308887482
21,964028ac24d4ca16c4b63f64b06df1c8ltrrl,0,0.12196283787488937
21,70db4530c292bc759238b8306ff4ebb6n4l6t,0,0.061917275190353394
21,b4495464d4503ccb8e696994059983c89g4lc,0,0.058453164994716644
21,4fcdd880c4e1a1767c4d26f74bb3466f11osj,0,0.05449485778808594
21,4566ae63ee93ffc6b000b5cbea7f6a8ehbg00,0,0.0554647296667099
21,08a588ebf7b98f44f8fc695d02adfa25x0amy,0,0.06174914166331291
21,c1c22607e7899ada525b74e757d248ac2b8ac,0,0.06673437356948853
21,9d8a1ddb38499b3403a6a93395ef29bcrznni,0,0.0632125735282898
21,120c8b384858420c4e46e354c86f4ca393w0i,0,0.40135297179222107
21,022ac3a7ce986049d9a4bede83ccf9ddctvg6,1,0.9548337459564209
21,222d3e39d4a292d79aeef4c04e52aaf24mgkb,0,0.05335787683725357
21,4c93ba564461b1412df6f033c8ef71e8ck438,0,0.15373378992080688
21,5db8eed67a7b648d1f2173b665b79de2vwdlu,0,0.08573432266712189
21,84f06d2c69695fe24cd69f8a1aae21a7kozbn,0,0.06294674426317215
21,9f34ed261596a1114cefe81158c5617biq26c,0,0.9436434507369995
21,ad228143392ba96c21bf51499bac1c3b3kmzo,0,0.06022455543279648
21,9f2086ccb71acd84652f861517d4dff9du4y4,0,0.05670953541994095
21,e0fecfdf4029d9a91664e703a178397718lyl,0,0.05727910250425339
21,d1200a75b6c05584f4f902e74d3dead76cj15,0,0.06878244876861572
21,d81579750b388276f2d8f6d80384f499n13l6,0,0.06953413784503937
21,4070f6ad5da385ba11cc99183817eb20h69v1,0,0.06606336683034897
21,0381a69b7a061e9ace2798fd48f1f537mgq57,0,0.06731624901294708
22,624f258b49e77713fc34034560f93fb3hu3jo,0,0.05907442420721054
22,1c5f4fc669099bfbfac515cd26997bd12ruaj,0,0.06005396693944931
22,25558d24bca82beef0f9db4ba1fe2045ynnvq,0,0.0743982344865799
22,88ae7a35e374a6fddd079ebb28c822eeohwse,0,0.06484404951334
22,3f3a3705be5ea07b9ba7ee646ed756fbssuo7,0,0.059487782418727875
22,6e4d22dbabcf2eaae5689c7d155e1c1fev15l,0,0.05818569287657738
22,25d75fd439571c1d9b946f5ec833786063vom,0,0.05933619663119316
22,b37b352197594dae96bb9219bf59d656oz79f,0,0.05897034332156181
22,d878560888b11447e73324a6e263fbd5iydo1,0,0.06159711256623268
22,c748f0d69cc89d5812c9fe3a6413bbb26351l,0,0.05938935652375221
22,2a7d1f9483d34546c4d099e36e3a79790qvjm,0,0.8525074124336243
22,5686520af5a4215a239418fec906f88e4she5,0,0.05979335680603981
22,72bc07c7241e1856ba31609d11501c91cswlb,0,0.06030431389808655
22,bcf95b210295831ff6e20db3a570f909n3q25,0,0.8881305456161499
22,ef24ca4be7ccbd6ec68d4ea9f47c9e8ex1g09,0,0.059469014406204224
22,2307bb06855a6fe75ab56ee6b4a3860835di5,0,0.06097577512264252
22,af98b7d5a7c1ccd2968252a2fb1c06f69igbv,0,0.05898818001151085
22,6ecd9f4b332eb790dc933aea0a1528e2qkp4y,0,0.06110674515366554
22,4c4431ec9b6e683bdc5a3118d5140105r1nas,0,0.05999953672289848
22,1cd8d86911413c73e92ad1170cae68c3pocsn,0,0.8145362138748169
22,cab0d4e41ea81636de3bd3a1800d8da8x4yca,0,0.12212764471769333
22,53691811bd992911edb9f5f64f49d8f5luk1f,0,0.0602543018758297
22,0cca10034c58287ee6fbec14a3f96c3546sdh,0,0.05800532177090645
22,7cb144485c703ac09fc73aa646041f72ogqwv,0,0.05956977605819702
22,21580623ea81c5b0b82aaf74890218e5mio2z,0,0.0602509044110775
22,806a46eb814ec7a09bfffcf38b0763d344tc3,0,0.05956233665347099
22,758bd601d6700494300ec1647682eb34vq1zp,0,0.06104147061705589
22,bff9a98b73f2b9a01300d3fd3d55b16b1190o,0,0.08231434971094131
22,915ccac760c7359a446100fd1a54bbf6oyrzf,0,0.8318083882331848
22,47e0637718480102d235233c83661a7850foh,0,0.059480972588062286
22,15972a431aed117840dfce5556242366c3fwq,1,0.9324178099632263
22,9653f425ed82418570fbca890f7032b16sjjd,0,0.10605742037296295
22,671fb1e314a1f480ba9ad9b5a1cf6a91w1k2f,0,0.06419279426336288
22,91d9b706f63537c5fc0027c50b0e3b06qpdgz,0,0.09718111902475357
22,8d43ad48f315364be4d979d2e9d5ee67quqyi,0,0.2301773726940155
22,dd661e2d6e79a5b3e66c82373d50f3ee86k85,0,0.06355895102024078
22,520b616c26fc47935f6bcd5ec063eaa7w15t8,0,0.05854198336601257
22,f186d292f4e83f70a92c97f92993f655ygqzw,0,0.06071452423930168
22,eaac863aaf84acb7529462118e7953c3oeky6,0,0.05892631784081459
22,ea0e5f7d93f2220a62bde8067f26daaa7oxgf,0,0.06011919304728508
22,4741959d26f99012b8a6a3e3954eae40hsy6j,0,0.06032027304172516
22,ef9ce9b85309d7d1044ce57055705bae8pqlg,0,0.3386985659599304
22,33031f476dec19fe47c0e3a051a68e992hmwv,0,0.05997048318386078
22,2918b09c1ed9e9e8602f85175b266aeej5v6w,0,0.1436624675989151
22,50791a0a98478b7f78f8d30acaa4683dxab5p,0,0.6414811611175537
22,4679df74080bc22e29676bddc5bcbf51gsyds,0,0.059567127376794815
22,3d8cccb637b990ec64d662d66ec059cfn1p3p,0,0.0570293627679348
22,7dc423d0bbfd840fa0bf75203cd7bcee75kmh,0,0.060636959969997406
22,dfd5c9157a0a771f235c32f30aedbf84e2552,0,0.10846046358346939
22,62ac0de5f8776ca1d189297bdea9a64cmewb9,0,0.06122734025120735
22,1291b98e40353f77928e363d54a13c569bhfb,0,0.0606548972427845
22,0565a780f2c5b46837bbe9739ef15ea92fdu0,0,0.8338464498519897
22,42c407eb70ddacdcd59d63f22caaafc4fa0p2,1,0.9324641823768616
22,96b1df591dbbf3a002578574671d9ff1rmzev,0,0.06355895102024078
22,81a6dd18d43cb3b1999176eea563b438roe7y,0,0.6455610990524292
22,6aeab198df208f8628825f7eb3ec3701p2ybk,0,0.06920795142650604
22,ff12cd48c7de8ffb8b2099f262ce03980dqqz,0,0.06023828312754631
22,e0544483ccbafc4842cba7650677d043n2e5c,0,0.060290154069662094
22,d2138bce99f535c244dab68652ccfa2enshxk,0,0.06355895102024078
22,97b002c9936e63a1fb9994a67615e84fft019,0,0.0923546850681305
22,9fada390b6c53ecb47e6f4eb4353e14f01xu0,0,0.06684723496437073
22,3d94b376bae8dd60eea48ded36134a3962glw,0,0.05920802429318428
22,c69e65de28937ebe1b94e7785afd94158thqk,0,0.9133455753326416
22,f0f21cd3d51b7a233988cb1c3c5df977zjqkj,0,0.05933227762579918
22,47c5cd21a74e45dd294cdd53041ec0a3dw3ge,0,0.8884039521217346
22,e22528ef6a439aff5a8b19f8c9b07c19fyzs6,0,0.30132246017456055
22,d9177cca9a1bfe3478cc4f11a0d57de2p8ahp,0,0.060310475528240204
22,187636e527504df29bf42d4a2b7767e54bgv7,0,0.06355895102024078
22,334714f005e994d46cf4d18093dd4d05fyxc8,1,0.9300743937492371
22,10c1e1164e3f8298df9a35c891f67babiycsr,0,0.06001069396734238
22,7b5bd948eb1d8075be58ec9240927bb59ugz3,0,0.05795400217175484
22,1e1c9332e90c1cb0f01da223bc043c528cvwo,0,0.061952248215675354
22,9ca41c3c062146a06d2682835f5136807yao2,0,0.05997523292899132
22,ea6c07fbbfc3f0e549701b1e7b90c4d21zfjl,0,0.0604056715965271
22,72994bece8c918a2c4c432b98780a7bdsctwr,0,0.06115032732486725
22,0b450f2827ec670da34be66ec2a520213xcuk,0,0.059745680540800095
22,d65c538ae39fc1a7e0677583bba5fdc6ax1et,0,0.8164252042770386
22,55b39a51c925bfb42fb812ebc5fe318emsjjf,1,0.9122888445854187
22,5c725e840bcc103bb8d12c54ba9a0b37blxvw,0,0.060904793441295624
22,6ed7b95dcea7b359248e9efce91cbb11lm7hf,0,0.8802453875541687
22,79c18f0460f9bd86bcfb25da96d91490jfuxv,0,0.06059369072318077
22,f18d2ebbd5e48ef4f1ee412339d6ed7adr9qi,0,0.05988399684429169
22,dcac75b5ccc362a66e7f9112f033bdebchxq4,0,0.06048906594514847
22,3d54d594ffba32e8d6527a688e7227e30iq3k,0,0.10511966049671173
22,e67abc3ba39537cc640678297a7c5bfag490k,0,0.07273624837398529
22,57e1892d3d62d87c9ba5e8425a1958c0fn11u,0,0.061143580824136734
22,2906a20e0b4f7ce840d051c4be898b66do6wh,0,0.9377740025520325
22,3961434cea4339f0049798fab2bc73aekuxjv,0,0.05954934284090996
22,8b809e18804865ff2a2e799c9a5e8a48mtxdh,0,0.9167851805686951
22,e1fb642deec7b382433de94983d97681o14ko,0,0.6787089109420776
22,313ede314e2e05c31471fd6a93f98af713jud,0,0.059329334646463394
22,9b51afa3c3a736bdf93bd1f2a7b0a0903c34w,0,0.11864326149225235
22,66513f72be85596a527f9f653db3cb72cq4jg,0,0.8641653656959534
22,5b45b150b6b683a98b5bc19c4214f44cvzru7,0,0.060584645718336105
22,3835e3bbf9a17a33867860a9ba19621dp4wdc,0,0.060211941599845886
22,c871daa6b709e008825b667b05efddca04jbe,0,0.060096170753240585
22,644e284380171fa793695a91b6a12c28jcwku,0,0.061195939779281616
22,c2294751630e49a4e594dfd89383b271qzp0m,0,0.867957592010498
22,85371e59ea43c33c7e481ba3c214e893ail7f,0,0.060208480805158615
22,20d08c7edbcb4b4ac0214b664ca5bb9cprntj,0,0.24428875744342804
22,d8d90875fbcf94c3b4c5c00479cbed6e1mqrl,0,0.0635041892528534
22,2b72d702b44fd7dd58062e326fd8e4779j8mp,0,0.06059465557336807
22,64885ec89a54c64598b2d196e1fe2e351cd60,0,0.05899405851960182
22,cafa845bd657b17eaa82940d4767d9dfe9uxg,0,0.059962864965200424
22,2a4654987b59646a120ac74301339afc4eylt,0,0.06028715893626213
22,a6e261c09ae8aa7d0a47ffeb0110aa519jowa,0,0.8940801024436951
22,45927dd51fb4301c459ab96d48f64752q0o9e,0,0.05989746376872063
22,9ebd57da79b9286fd67a53e61528cf63a1w6c,0,0.05969638749957085
22,c9fbbfcc89730e961499b4b30ffc4a98umxko,0,0.059294458478689194
22,5e8bf58291656ddd5fd2f71825565446aiopv,0,0.9003943800926208
22,662b66b1227816c2f9017cadbc148381alne2,0,0.06087455525994301
22,0870fb7e5701f3ba56762b03e157afdc1yw7u,0,0.933588445186615
22,876b122982958678f14bb25d887dd79dun3qa,0,0.07371994107961655
22,8d8f705595701b921012777a281a553622300,0,0.06009378656744957
22,445305769cbfccafc89ff5ebd004598einesy,0,0.8016349077224731
22,9f793ee6e6df7f69b5a5acb4e13db0476b26x,0,0.059964291751384735
22,0318e0a173f7c65db40116b903884c854x258,0,0.8813440799713135
22,6767cffbe2c0957492aa451560655be3hjd6s,0,0.9345645308494568
22,0853bead89b03dd38a04d84f4312da7dukglz,0,0.06045873463153839
22,796961698c2f2442e73c5195062370caawzzo,0,0.05975181609392166
22,05a07a27e235d01fe480ea6ac73b8838jq28x,0,0.08684657514095306
22,7a71e329f3f2da98a3f82e7bfcb705a0t5822,0,0.06040704995393753
22,936d542904f515ea87bab7996497b11aszyco,0,0.05938408896327019
22,f211ff014ed43c9054916f97d6187108mpxr6,0,0.8967850208282471
22,cbe756ce81f5c420a1f7079791ed9aa2js2u7,0,0.06015269458293915
22,e0a87bc26e13c599894d7a5103fdca786tfat,0,0.060255881398916245
22,c6108e22518279361de99b3c7c298235mkoa9,0,0.16603241860866547
22,4b3e6a8a52c413a32f76a6d7a84a54bb8gb0t,0,0.06355895102024078
22,8ec9269ed4f5aef4584d887dfd9e595aaynzb,0,0.05994430556893349
22,6c0212679f2439c4113386b2c6ef513e8wr8p,0,0.9228577613830566
22,5aae3111e4fab04fa5067c740329a38d11361,0,0.05986088886857033
22,936d73a062928a362901f0e507d57b0a8rjs7,0,0.07123061269521713
22,429f301119adc32d35541dd4d60903563s7nr,0,0.0639800950884819
22,46c0ae10d60c4fde2b6301bbafecd7b8dcla1,0,0.28247618675231934
22,bc7722baf876d0735ddc885691eb687bgz365,0,0.530633807182312
22,cf4eb0f68d47e6d4b92befd0b8fff39a098cd,0,0.05936495214700699
22,af9c96944265cf541b3fe734a057821a825l7,1,0.9168999791145325
22,a283eb484c3245e5b12b18daccc075e9g9xk4,0,0.05996444821357727
22,61a4da78a5aa5bebcb3e9818a46771766gtq7,0,0.9341189861297607
22,b1410ac124aeb5ef6b06667786feb742tijnw,0,0.8477470278739929
22,6e18a078182a21b8522bb69a822cc338in7rn,0,0.059900473803281784
22,4c2af41637c123c78074e46a22526298vol9h,0,0.05907959118485451
22,e2bda091a91082b774d59f2c5b8480ebbijs5,0,0.060776907950639725
22,ef905e4d866c43dbc345751e7fabe5a568kjs,0,0.06042047217488289
22,4f07602a713c192a941204b27e2abcf1srnke,0,0.06056419387459755
22,916aedb8fd708e100318969dfe57a4639hexd,0,0.060779087245464325
22,e2e14e8e15204b504b146d17a2bed925qg3u2,0,0.05996375530958176
22,0ef9be4eb3b6a03ac2945522964b242ap09cy,0,0.06120863929390907
22,86a3a9861ed45158e964f9d004a224b3324cl,0,0.08541189879179001
22,58c3300ea9095cf5e59e27abf2a905ce7tl6p,0,0.06029779464006424
22,25b58d1533e04571bbc674dab28973f8hha3w,0,0.059803806245326996
22,ae15accae2164aae084aef7e3524c1fflq962,0,0.06178469583392143
22,98a5197faba8ba72d6ee9e1c95d65d737sigb,0,0.6099095940589905
22,06b2d71c26ef3b6e29277f761cd0db90wuwjo,0,0.0614282488822937
22,44c38c27b9de757c8c7c05cf07b7e3eb14qpt,0,0.060221221297979355
22,9ba7cbcf531c20ef7cc55a6da5c0654evwt1d,0,0.8400676250457764
22,3e2e03a4464642627e223fba066182d1qslv5,0,0.05968506634235382
22,6a1d4042a5f3a3f34f5b3ea753ecce30l0qj1,0,0.05879945680499077
22,497b8beb19a7f674bc53acf7f5c7ec8cxv68x,0,0.061436526477336884
22,511a640e38bf03022300f5503cceb2cd3f361,0,0.6816323399543762
22,43553dd8b9370fbba5efa6b652d9b43ezsj11,0,0.05879809707403183
22,6be863f26f22cd79be272789ac7e9153v27yt,0,0.9272119402885437
22,a15766d8d3d231f862996eb3ec33559735a3d,0,0.06061890348792076
22,8ebc5b544d62622e45e1ee22a56265e0xwwsb,0,0.9350438117980957
22,d9a813646e8fae954898c1279196f5493gqzc,0,0.06059080734848976
22,3ef757c3d6a272681c69bbd7e071b705yzt8t,0,0.05932294577360153
22,42025aabb56a61f3bea90d27b283b517dyk4t,0,0.06148285046219826
22,877d96d9abeb73e437a8ebd74abbbf45p8s80,0,0.06826160103082657
22,85499f83c5f1674c87d0fe77838c4da793u8y,0,0.6708723306655884
22,67616fd2a1de5c46e32041354efa88ceahbhq,0,0.931495726108551
22,5bb3c3ff71ef6560c7600c512128ffc8js7py,0,0.059997811913490295
22,39a5a16e5a67c2fb51789cea4d3091f0mv996,0,0.16626891493797302
22,fe6ed3a12fbbf5da4980337564361710v2y21,0,0.767358124256134
22,89291354b0939c342be97fa58e018bd89fvcf,0,0.059825532138347626
22,8e05310a342aec93aaec69a638e83a96aqyo7,1,0.9187637567520142
22,fec57d2db5692eb144a71aaa35a11b58delkw,0,0.05910502001643181
22,8bbb16c0a1bb808389051c875ebab1cea0v56,0,0.05928921326994896
22,36f52ad1abfd307b73c9b69cd5197dddmmxgr,0,0.09848924726247787
22,24284d3fc3334e0adeb6bb95637ca62d6dm96,0,0.06108200550079346
22,9e25bd3696b4e1775de205d2d4698a0df4s14,0,0.7645898461341858
22,83a24bbff5a4cf9d9fb10391102708f1oqpco,0,0.05862167477607727
22,673650167f432c009e9dcd062cd4e9fc2szln,0,0.06155720353126526
22,e735a2301a18772a8276aa1f17ef79efu4yew,0,0.05954591929912567
22,c08ae3075278ed0d139f00ead52ac2b0oy8nw,0,0.059590887278318405
22,00a0517965f18610417ee784a05f494d4dw6e,0,0.22092269361019135
22,f9753e9fd6e25e0a1ae176ab95c31146iaqnv,0,0.05947393923997879
22,464506515f2ae684bd510b3a50b9121ec7v3a,0,0.3606223464012146
22,e7cf764619380e5303089f04bf647f10thebb,0,0.06149151176214218
22,a7c910e7c7796d979aa9a7a31d74a8eaqsapx,0,0.05996435135602951
22,a8c2410eb81513da23261a49135e4eeacw6dw,0,0.06031642109155655
22,11e47dc08d7fa4d1a1953b5868892f72qvlho,0,0.08163479715585709
22,6e178db6d17d21aa88aaca5bf15c2761lc500,0,0.840069591999054
22,cc4763c97c3d7cc9116e0a51a6d1f2e82242i,0,0.06014762073755264
22,bea63152ca4d99f549999ca57b93d015z9kyh,0,0.0638122484087944
22,d863897264a7e52d9c6a1be6dc453c6c9anz0,1,0.9363194704055786
22,67d6466d7f4a32d294196b8c16ee0b03kn9tf,0,0.060260288417339325
22,d8a4b49ed9ca241f025cdbd9637198fb71qmz,0,0.060756146907806396
22,424aed9d807cfe0b2167cfdaa4957fc0heell,0,0.05787474289536476
22,7259271b61d2f05200eb2e1ab1d2ec911jlaa,0,0.06308941543102264
22,a7bc17dfb615eacffe397be5b2c2f3a6r0bb9,0,0.7824612855911255
22,1aa485901ede7baf78ea116e297e9d7f9en6i,1,0.8646559715270996
22,4ed4760782d4e2c65bee8cadc1fcdc89htz8b,0,0.07773838192224503
22,91c749114e26abdb9a4536169f9b4580huern,1,0.06163274496793747
22,3919be53bf4bd411ba25acfdc1362b49u4vle,0,0.060334399342536926
22,9f280cd011f10593dc245dad1d93b11dy6rg5,0,0.0597865991294384
22,3e9180fdf158409adc96aceffab6e00bejjah,0,0.05919363722205162
22,ef1d71dde32e587e761a1b39d5b374c7gk68y,0,0.21505731344223022
22,8c33cf751b05ca6a9d886a379a84a2ees9jlu,1,0.9106071591377258
22,977436b0a445fa555d537fbf1d4bff2e4z40h,0,0.06355895102024078
22,c503bb79d4f3522f51d348c680906c1bs0w7z,0,0.06047895923256874
22,5e945cce4e72950e0930b2700e77fc8eq2abo,0,0.061760708689689636
22,6b3cff1e3d9398d4c125e7bcf612192dy1gwn,0,0.060669515281915665
22,daef74294e84ef6d7e009c2d51be6ee167xds,0,0.05905672535300255
22,c749a25f3a07304b959065d83bbfc5f75u1my,0,0.06100337207317352
22,26508777dcd84df59b467a60d9f18ca1pvvbs,0,0.08710876852273941
22,f069e2e45ce316168a94b972c5b7d6b0f342m,0,0.06028009578585625
22,2540f8192e425f9fb921db30ac1bfcbas4p6g,0,0.46712565422058105
22,4b32495335dd238db6285f7c6bbe051fv1qoe,0,0.06206768751144409
22,6a31ec9cbfe23a9398e80403859f0402cg4ql,0,0.05990562215447426
22,372bf02911448b7f62cc861074a7ac81y0jsn,0,0.0602852925658226
22,d3f595832d80988c2016aeafd125d8f072r4h,0,0.06029393896460533
22,db85fb5556f17b744938cdcc2e7ce9b5urspd,1,0.9274001717567444
22,65996114740a63c9e0fde74bfb6725b1k9nuz,0,0.05942131578922272
22,60edf674563f85b227898f6af0386476efy45,0,0.059508342295885086
22,f8f87e237833c3279a953b785653b0e5qka8u,0,0.45996227860450745
22,142a2545c5c01937b05ac6de9773f9efgx0eb,0,0.059062764048576355
22,8a958e0092f6ca984107ea6c3975f806c59m2,0,0.05981019139289856
22,7c0add0ef85bb5194e95ceaea737f90fyv13c,0,0.05912480130791664
22,c0b7161a67a0aae21788103c08eba7e9z8e8k,0,0.05868154019117355
22,12df4a9cf4eb203909e6763960b79238cb0yg,0,0.0599292516708374
22,67fd1325fbe3cd75a110cc80b9df9708l0w52,0,0.6670824885368347
22,0496c24a6a7f593f28bf7896350e946advl6i,0,0.060879118740558624
22,a3d0a600cdb44f03d58f27b19247cd0d4az4k,0,0.060035232454538345
22,87c5fcd8d9582701469f94bff3cc415dvq4ia,0,0.05976877734065056
22,bd85d0d7fbbfab49136c241bdbe119dbgkuna,0,0.058860894292593
22,3c37de5e4321388ba706233d5ca4a0bfp7w67,0,0.060322146862745285
22,b7515e5f181a6d4884674897226cfe9cpd6d6,0,0.05949677154421806
22,c435ac9dcda855341e667d440c2ef7c6nd3mg,0,0.33277246356010437
22,e587d92842526255c86d3b0d425747ecib83l,0,0.8926393985748291
22,aaa8650a6e0997e90e4b6a9fc2ddf555m5c1g,0,0.8992323875427246
22,053cefb7e952bd81d7a6db267a121747te7lo,0,0.06039133667945862
22,4e22432d4a059b14d1d6a68a1feaa953k8vrb,0,0.059180669486522675
22,71c2561141c55414618d67d1a8aebac1n0fjx,0,0.05996119603514671
22,0d9f78a6084bf15f42210bfeba95621255c89,0,0.0592150054872036
22,92f8392be617527734a2f18482815af9ak8l3,0,0.8190761804580688
22,12c1b22ede3c23949bf130cc7bac6316ks7fj,0,0.06110198050737381
22,32dd072b16a69411ba3f67992ecc3e2144j5g,0,0.06031133979558945
22,e4433ef42008dcff761f12b9ade6fd31krdwv,0,0.06078675389289856
22,c34e1a988fb471e9eb8a5e84bb8ddf90k4hng,0,0.9335395693778992
22,8a3f5e16e4e689897d872716efeeaa0904tyl,0,0.059212826192379
22,a961ba95d1685705953ace49a29424e2ld1ek,0,0.21044741570949554
22,e76154d73bb7d7b86d9bd48d167d3c679z0va,0,0.05965833365917206
22,ac2d643e0c0d3bfe8e54e5a961c6cfdb5xn9v,0,0.8493518829345703
22,afb7618f9e3fd071d4ebedf396e1d45drta96,0,0.14142157137393951
22,a945c65b19da56d0c7358d8858fe14e8ulfel,0,0.8861621618270874
22,f8e90361c36eb3f6fbd485748e731fb7w2ci4,0,0.12131595611572266
22,88ebdac47cc2623888e0bcdfb35b692ejrbvv,0,0.5193220973014832
22,1a05035da8ea9dead1030ccc993b5284n1on8,0,0.06027570739388466
22,308a5541e1206e126ef80f18cc29b7017520l,0,0.06024297699332237
22,c8a99985c7bf230f475a8e9be6a17d7a08r3x,0,0.059599243104457855
22,722d1147768bdb5918584997e1f677e55g0nv,0,0.06074775382876396
22,7da6a36817cf2d8c3be218a32ab25550c8kg7,0,0.0597681887447834
22,14e29ea004067aace14ee4543876a06365os8,0,0.0634729191660881
22,2cbc26f228e0556f268e0dc1bd9ac0a5lzdfh,0,0.771780252456665
22,8cab09b069755eca2b4e7fd6f6981d7d8n88o,0,0.06192481517791748
22,3ecced86078287dbd2eac2cfac98367fbbelu,0,0.05997534096240997
22,f430aac3f0f7f88a9b504bbb71322d54mct7s,0,0.060275956988334656
22,1c61726e316d5a16aaa80b429080c534u43s0,0,0.05901689827442169
22,0a9c5e1f261c937c09817ea2d5e949f34v8oe,0,0.06609376519918442
22,a262e805f766306f4adb38211abf235akxqh8,0,0.05962241068482399
22,97f541ffdcbd1ee34610e3099c5df42acfvcd,0,0.9376820921897888
22,2d2839fa92d1c8e94bdeb1fbb9e62149x6xc5,1,0.9369562864303589
22,1f2d607e5cc04e790e3961a6432d7c15hn4qb,0,0.05891459062695503
22,29db827ba14938954c90cefe40d26fe1130kd,0,0.059068676084280014
22,83c9359ad94eab7f4b8fd582a6db4733frmsr,0,0.16920055449008942
22,9372e27ce85a8c8b9460b87c37cf55ecqjjkd,0,0.2522379457950592
22,6d501ebf066c0331853f1bee9754e781obu7z,0,0.06115376576781273
22,e704e6fedbe6caa9b434509d085f4c97nq6k1,0,0.06041722744703293
22,a8a81bb8a3a35572bd1f9922f5a31217pw41k,0,0.06077880412340164
22,ee2caa714a2175abb13eb6ef15196368cwc7c,0,0.07767599821090698
22,e134f2bb79d1a810aada6a24760c8910mh5na,0,0.6125518083572388
22,d9576f0ba8c7479eb2b26f0d15c4abfayk5ex,0,0.05965757369995117
22,874402ea8b408a017756404006b12708d9s6u,0,0.060141418129205704
22,ec86220eb6ce57c91a02a7356b342599jrcut,0,0.0666201189160347
22,721e69fd30e33488bf82b7e2f9c8cee28a9ea,0,0.06135157123208046
22,715ee2811c764d5c58aa228ee801e518gqvli,0,0.06230470538139343
22,ae37c0f4dc6e3d99f5b0243fd18294cak7pxy,0,0.8347819447517395
22,aa20f72aba9804a4922195f66a876688rugsd,0,0.8322646021842957
22,ba319b8bb68ca6a12086f2410ca7fb3buxsei,1,0.9363946318626404
22,67ab503313f60aaba89f64e2ce3b459fvyahu,0,0.060329850763082504
22,2271fe5b01f9b8f9d8409014ae4511524grmq,0,0.8939972519874573
22,aa1c013a1de168c611560ca2afe78111g8i6s,0,0.9109901785850525
22,79794d93380946ef72e95f55b4abc008hsns6,0,0.08942220360040665
22,f0e1c483773c2ef8466d152874872139e0wcu,0,0.06115291267633438
22,faaa98763b59ed5f02836d4bd682035bfhujq,0,0.060122571885585785
22,20fcf71ad6fbd43f6f5fe493a6bc3ecfextqf,0,0.06059981882572174
22,862eef3a75e1351593b54975cd8ae1b3swcxw,0,0.7525927424430847
22,6b531ceeec5892121e04dcc6f89b10a70yqoq,0,0.8948825001716614
22,35a02f50226eeda275b29a09acef2177k95eb,0,0.059167925268411636
22,cc064e3409a1825e3c4e5c814376f140qxu5l,0,0.06064078211784363
22,16065749457a14b26998fefca503c3ecf9og8,0,0.06040789186954498
22,e241b80fc1b431397ba6c70f2fb8ccb72wbra,0,0.05909620597958565
22,1bb7a8c04e70386f5496322158e9fc3ef6d84,0,0.5952358841896057
22,4d6fa52e125a18f433db6e6603b58ec7k1key,0,0.08756128698587418
22,19b39b852ed4abf1ba5b095829e25b946aed1,1,0.9385102987289429
22,6faffebbde541edfccdb2725e430870cbkvo0,0,0.21387366950511932
22,5114111892d49b59415284dcf19ceebconhvq,0,0.06038830429315567
22,a8a2547a9153038fbb9fc66d2425d9a7efr68,0,0.059718821197748184
22,db12e9cad5e847cd7a40ec1ee649e475iwzqo,0,0.06355895102024078
22,bf190f2cffc1a77f0957f8cd1c98257dofy08,0,0.8108484148979187
22,7bb914fcdec49aa88c7310a3dda716aa9fb8t,0,0.0567285381257534
22,6da536112251f09a006b0c5223f154d46en4j,0,0.05953918397426605
22,403d9c0288bab462bae858dc8aff2f94ti9ma,0,0.06905046850442886
22,e12177ff9c1a8413996f7b1a590980c82ofeo,1,0.8969781398773193
22,cd8f738dfa2ea0554baa3dfc4465cdb8izun1,0,0.7353470325469971
22,332ef2c7189603a497fc89345ee4f5605i5xw,0,0.18140482902526855
22,d9d24106ae1ff4f5bc4ec3caf29d7bd2c2f5o,0,0.06084137409925461
22,9dd7e7ef94a7bc5bc9f98c42099910e7o76qh,0,0.05887404829263687
22,e8291466de91b0eb4e1515143c7f74dexy2yr,0,0.8914171457290649
22,aa75d58c3e1207618d47c72ffb19c872bolg8,0,0.060427289456129074
22,167008af05d4feaa636a565f6f83ec61a6ogj,0,0.060421425849199295
22,8b109c0aee5ed07fc996e73d28e65888o5jmc,0,0.060443345457315445
22,27ccc09ae923d1ca8ff7ab3242f279f7xuclq,0,0.05952811241149902
22,13c4c826516304555e291d3d91c108b3ytpmj,0,0.06037742644548416
22,04c6b750b0552089c87ae03de72289cfcpfmh,0,0.06031100079417229
22,25a4ee3a528004bcf4f4bf62b9208a7dx96pt,0,0.8985019326210022
22,6130cfe76ed3bd87c8f8dc6b2b2786dcp44xy,0,0.061046380549669266
22,bc3d08ad6ac94b8b5ce40a29b59899cakj3p5,0,0.798984169960022
22,2dc309478d30d440e75c932b1f13a8fai2p2e,0,0.07874543964862823
22,e59ca537cb8df3053bdd555bc987b4a7c7m4e,0,0.05809951573610306
22,af33d5277890ef0b5f55fbbf400441c9hdehk,0,0.060310911387205124
22,429b876aa7e2d6741ddf322685363ccchue2v,0,0.06059922277927399
22,679fe2a21415aa98a3cfb88abd0507edzjpsw,0,0.060435451567173004
22,00cc97158e6f4cb8eac3c0075918b7ffi5k8o,0,0.05992636829614639
22,628156f3bce703aa6bd275089c6c692499h1q,0,0.9040718674659729
22,470727c18798cf0e0ecc2a0dca207cafuena7,0,0.060342155396938324
22,fff2c070d8200e0a09150bd81452ce29ngcnv,0,0.060327839106321335
22,d110111b8700f290b5d03a0e243fe375r3woe,0,0.061148159205913544
22,7f3516b1bd7e5571ab964ba0affe9302brn6q,0,0.059528008103370667
22,37ea72c53cc50112ced4f88810f1b38euoz4r,0,0.05926523357629776
22,d588f4c51e67a340d1991a8130ee0b56hy0r0,0,0.8948851823806763
22,cf06ff5f520b14d1f9f1cf5a7ff34982bj4md,0,0.05943945795297623
22,a46046f129f3526547aca680877fd8c7e6tfc,0,0.059994641691446304
22,2c449b1bbbd5f8d9bcc1159b7bd3caa32jhtp,0,0.0645407885313034
22,c780bc2dc7ab83d5e5c85dd13f0f7fdecfxjq,1,0.8800516128540039
22,583ce05b5add00d9e7e5dcefb3c436f26d7c2,0,0.06355895102024078
22,43c76d050c9d2509d85c9dc2b1a1dba4zb3qt,0,0.33634933829307556
22,96dccfc370343f6871dc478d5b2fc3ffx95d3,0,0.867904543876648
22,c615c31c87260c0d85727deff6da6667lgg33,0,0.06133247911930084
22,44bfa21b7d497f097a594c8861d4f8d4w5e97,1,0.9057528376579285
22,bd7d5414174da6df4b018c21495e8a2cxiose,0,0.9112516045570374
22,1fcca45fdd3d1d3638821f41e032f170en3h7,0,0.06012668088078499
22,0c55920fb607fef2d33324f33565758a6e4dj,0,0.060722384601831436
22,6275d51c0324547faa8a87b499812268tl90r,0,0.24506235122680664
22,f0ce8b973cb8d6eef9221fd3d6698fd4kl3g7,0,0.06026957556605339
22,99a3bacd3eb66c909a02b85402ac38dfskz65,0,0.06066920608282089
22,ffaf0a972a6dcb3910fd6b16045781e2ava5y,0,0.05847901478409767
22,d2f0217aa734f025ec008d24d13eca10ntuhf,0,0.060308851301670074
22,e4bee4e53a19aaf71e0ac0e3be752b2cz3k1j,0,0.17707860469818115
22,4d2fc319ce6c2ad370052e0f6f2b0a1dxiyau,0,0.059923503547906876
22,4f7331589f84c6359bd693513bc9d7ddlitos,0,0.060219988226890564
22,33ba799fab5e4145b54fac4234bb6e13up0tu,0,0.8571654558181763
22,3f977186d125ef8bcbee0c1562c7ced2b4utq,0,0.06693881750106812
22,77bc113594866d4902d6f867a456750c9vvmu,0,0.7561697363853455
22,c83ee624c46235430ad4338278f6d270wfzre,0,0.06681602448225021
22,d8a10762de6d62c087a0a8f0e61cf78bbgke6,0,0.061591748148202896
22,ad590c59c30187b772258a059d532db42tf4d,0,0.06004752218723297
22,9a272c3baede0633bab0e15ff98d207e3ldpv,0,0.06050717458128929
22,c41cd6791e262b44d26bdb3443fcfba97wlm3,0,0.8975706100463867
22,77b342f0d8769898619a935e267eaad25rubb,0,0.06154460832476616
22,4de2f22ca840fce9ac653e4aa06d9b0cnhudf,0,0.08672682195901871
22,7ba17b1eb362ef91a99a6f021b3f2b63uyo76,0,0.05996464192867279
22,177b031b4a77f28ff167b427ca967b52jetgo,0,0.06038922443985939
22,f4189a40cc622eaef015a19d75d9fe21mylhz,0,0.06088901311159134
22,e18ddfca4efb99a785c68ede9ef773ea8sfmz,0,0.06036285683512688
22,f29896e71c8077db28617a03c0f14e7570emg,0,0.059643328189849854
22,f2ea6d89dd9897f0d6edb6f24c446f01ra6yk,0,0.9272024035453796
22,f1e57f96a91c185a7ea716c2481cabecpi3ia,0,0.059796273708343506
22,28763f241cf0483ca1dd3aa1bbcbfc37xntso,0,0.0603463351726532
22,7505bfc1ca67a5ae14e329b46a88ab869ms9g,1,0.9210742115974426
22,2d38a6af2ce96c1446f900aa4756b8975y9k3,0,0.16711346805095673
22,69333c66e55cdd6cabcc6ae64531fc33w20n4,0,0.05963313952088356
22,0ad17aa9111f657d71cd3005599afc24fd44y,1,0.8391351103782654
22,4089a2b7f26e5c13a7f3350bd52ebf8fh21nm,0,0.9239859580993652
22,ddc6dc00f416ce10f23b57ebf758c2eeawzjw,0,0.06035550683736801
22,5f56908449455ee9670c7947614f7b4bxak3c,0,0.22534330189228058
22,458c8c4e10e5c1b29e3fbe5ee56d46e8y3fb3,1,0.9315245747566223
22,d154075c75cbb3f4b716a16c88eedd774i8s0,0,0.09367500245571136
22,fdd6944b3c3caaa7d1234ecfc11f8d080h90x,0,0.06059766188263893
22,9f52fd88ba073512be19e3d24d4bb6f91l531,0,0.09234249591827393
22,5640f30464bb5a7bc6e98fd2873fc25dh78hp,0,0.06025372073054314
22,29e08b4d18198fe9265772fba3a4f6c4mj1rw,0,0.14792022109031677
22,e29ae1bd8e6e7dfc9cb43b1572d3d55ca0hc1,0,0.060508694499731064
22,0589cf78c4bece729f0ac620557210e13no3n,0,0.05811452865600586
22,7e34a26c4c339e875997f4b9239d2b5fscng4,0,0.926589846611023
22,235f78b13fc87c995c1f309403ee56bb54tu5,0,0.08631858974695206
22,2b5c4051f232c4848dbbb477c5ad7f389f4b6,0,0.06105472147464752
22,18e751726fd7c407c41cb18c20da2c4er5z1r,0,0.06001201272010803
22,efa1611e96c3238913333b8525c6a196rvy38,0,0.059883177280426025
22,aaa686462ebb950550fc1c6136ffb273vkrc5,1,0.8587085604667664
22,9744d8ea513490911a671959c4a530d81fj5e,0,0.8542372584342957
22,2baa5a9ec317cb21a11d83f6dc72a2d6xy9jb,0,0.05868814140558243
22,369515b3af4f8ca582f90271d30b14b6r52aw,0,0.860905647277832
23,91a3c57b13234af24875c56fb7e2b2f4rb56a,0,0.07144032418727875
23,0a6ba32afe4756995db2f5cf2461cddbvj445,0,0.06863722205162048
23,585e7c21b80baf2225224fe140cdb1a73ddrf,0,0.12259336560964584
23,d29003d7f3ec1f0e4ca9cc17e6389b4a4phcg,0,0.06637915968894958
23,067ff22ebf0d33fe0deedc816d75973865jo7,0,0.9175834059715271
23,322addd5687d99bf69306148e12f87dc5jbsh,0,0.07620168477296829
23,29cc13d48af9832e0eb481c8a095fec7mom74,0,0.07100193947553635
23,342f22fed8b1e90c6ff1a6b7bd80f6334w094,0,0.07598388195037842
23,f60edfe5177cab56896a9d6860995095cl1bb,0,0.07229021936655045
23,927c5e145de79f9ee2ada0ddc054b4e9hc3qj,0,0.07454878836870193
23,6394edfbd35aab54801518835e33ed50hcr5f,0,0.07127662748098373
23,68600b8922561fe26b8b6acf1d11efdfb24k7,0,0.7130637764930725
23,dadbcec8b02ac75c5935f419b318ceca1wwjw,0,0.0716661736369133
23,c5babbaace35399cf51a9356bbc22733xpi5h,0,0.0725138932466507
23,f769b9f92260ecf046efd05bf9ab6822j7c02,0,0.10532885044813156
23,d9c6b6d7290e4475bcd6d264fb33a706fqtvc,0,0.9027454853057861
23,f5a67722732675f6285b70b9f008665fq01bk,0,0.07112019509077072
23,d0231e5200b870c055db7e3daae24bc8lt7at,0,0.07381453365087509
23,48117c1e2b56cfc8739f83683e01d9b2aoc66,0,0.07119356840848923
23,3073231f45ca50ad6830d4dc7261f283iwjjm,0,0.06719622015953064
23,3b233dc399f175100fb11ff9c66fa5b074z60,0,0.9039646983146667
23,ae94687eaad6b410713db9106c42566axgn9n,0,0.07195896655321121
23,367edc726ba8e667973844395493559dtf2o3,0,0.25716766715049744
23,36b84c776aea2e008180dbc72393ed750zsbr,0,0.07145170867443085
23,3edae72a9d44c43524c0203ce38581d1790xh,0,0.07134837657213211
23,efc61ad6db17265a4bac85f77b154ef414tpp,1,0.07047855108976364
23,b27db6c048fa41b496dfd3423226bb0923yfv,0,0.0713653415441513
23,acf06eabed56f179cf32ab60b6b076820ajls,0,0.068956159055233
23,99fc8ed25265e58bc94d9d95180badf4t2e3i,0,0.08288927376270294
23,3be127c56b2de21dfcf2836f20afe249hqkxy,0,0.13364887237548828
23,85155ae64ccbde01b48fbf4b3f1b739exmqyu,0,0.06633778661489487
23,74fc24cafc7c5936d0422b8da306365byjv2b,0,0.07186780869960785
23,de9f5df5962dc171c7d82ab503c36dbfwicon,0,0.07320519536733627
23,1053ead33eb1a5db7c36c979a455348abh9ns,0,0.0734950453042984
23,4955e2c318d0bdca797ce17794ba18fblhaau,0,0.911653995513916
23,1880a778c9dd0cb15ca1f052308a8e04g7e35,0,0.07115233689546585
23,72dd0e4788d25f62cc2ba942bb9499dc7quqj,0,0.06800995767116547
23,3a5420301c0dacbc5675f6f09aac0143tuodl,0,0.891080915927887
23,e0413f338c43c9d55ba53612d2068f65t4gs6,0,0.8957792520523071
23,d6ebcf2149c311d221b233b268870b3d5gfe2,0,0.06783010810613632
23,dd055846eb553ab8e953b084f2048d53bdqec,0,0.9104659557342529
23,b5310019f2bbbd975c64dc11189191022k8tj,0,0.06603255867958069
23,e3ea1d5464543a1ef3a9b60394fc4ab6i1jk3,0,0.21085196733474731
23,7339b024b285f99084bcca768cce5c7e0h2op,0,0.0753941461443901
23,82bec02fec2f08899489d7a5c35a30a0lbszo,0,0.0725688487291336
23,245b584befa6a5b8c759491f5f3db580p2m5v,0,0.07205206900835037
23,481db1a88023d22b3533044bff5239dbf3cda,0,0.07163453102111816
23,408f81a85f3b31f8cabedf6ccd381961pop72,0,0.07465191930532455
23,175a06fdcf622c9455d0a77990b9302dj23ke,0,0.5826176404953003
23,a9237defb0a6478098f242b27ebcef18qrotd,0,0.0700378566980362
23,aa8aeba2bdd0353a108b9b26f12ed59559mvz,0,0.06941769272089005
23,a8561bec318a7d3a0082b35b086b4428wekph,0,0.8873670101165771
23,31a301c70e897bf36276031abdf07ab6cs6z0,0,0.07254869490861893
23,40e00fd204d0ce97110032bfc47f423d0bgrd,1,0.8972164988517761
23,bb790a228de797253bf6afa43ee52eba1s2dx,0,0.9013885259628296
23,7b93ccc9d5730b561ec5fa7f4bd48c04qudf1,0,0.9042702913284302
23,29544507566320f1125d8e9f9a0ab3f2jswhk,0,0.914227306842804
23,1680f758aecded6e25096b3a6199b38en6n73,0,0.07235300540924072
23,f93a998dc10a4c98f65c6b86fdff651d5i4qh,0,0.07381955534219742
23,c9056fc0cade75299ed4438567a87d6ek44pt,0,0.07222595065832138
23,bd0f0c497ef09b5c1bb18b330d932bffktn3i,0,0.21804971992969513
23,74f153bd134afc92866a6bc5cceb2088120y0,0,0.07387806475162506
23,7f4e84da8ed11f4ea3a2d276f49949b7o31us,0,0.06987995654344559
23,e1b1c514e1b87826fd045588f1f3881707cyy,0,0.06971900165081024
23,ca391c857d7aa75a72e2d7c3133e0d6ay9pil,0,0.0719744935631752
23,f2bf8c94172c4d71076e151cb4e136007iiur,0,0.07072167843580246
23,ca0c049b8c37c99ef93b6086e9947135onppq,0,0.06668971478939056
23,8f00a4c4d7f097bc1688f8d89431f6bfmodq2,0,0.08647318184375763
23,c4b598fcb343bdd2cf826fc7541500e40xtte,0,0.07972860336303711
23,295fbc4ef00fe0cea7947811e78bb8aez9ti2,0,0.07135529816150665
23,ae45f9b94d86f931c84c94f3975e3d7bkv2r0,0,0.8701239824295044
23,5d02346d70f11cd61d9fb955846ee9bdp5o6k,0,0.06833219528198242
23,3fae46174ef1a7dce5e9893775f814c4so8s0,0,0.07127334922552109
23,6b9a3d480add21788772e118e6d51ed57e3w9,0,0.0728406086564064
23,30ef7862d69b3440ebf2726ee85a0b8397ta7,0,0.0702238380908966
23,f8d0d52114da74d98800dc7553008705dth38,0,0.9159954786300659
23,39f9dad880d32ee607af7571ec24807bn1g2d,0,0.07706816494464874
23,f04748a1437347d837a65ce04ee7d94enqhub,0,0.8276020884513855
23,b46132a554a2a3b93efc5a9352036e6crl6sk,1,0.22907614707946777
23,18eb8d55c84019b9196c5ca7e072b287bv68e,0,0.06784946471452713
23,a4c40fd7a4c1040283fb2b84611eaad240849,0,0.8821357488632202
23,4ab56df4b1befe3e2ce5cd98e8950ba2psqq2,0,0.07474090158939362
23,0353aa9e97bd46119c90b8892f99982esfem3,0,0.4940083622932434
23,f01d8d55568b1f54b6946a1b78a3983exkz5u,0,0.07002462446689606
23,9211adb9cc770c78a70b55441acd146bfxnz2,0,0.06811113655567169
23,e69dc706f159ef6e26df0d88388bc5edlymly,0,0.0703808069229126
23,55d0b2506cef6464d799879b65c6ba29hjcv3,0,0.8606505990028381
23,7ce12bb499c156ba4513becaa42aa8c143v75,0,0.10309096425771713
23,b7efeea5ff94a281635ca2f0f7e8b3ca4zykk,0,0.06956186145544052
23,e5fd2ebbf5bac9ddc73ce524e1b33c3akti0q,0,0.0669655054807663
23,ff566c87f2babf3dcd67be286e1c6666cxzh1,0,0.07250505685806274
23,b1bc9ff2b98df742affda07c5977c7345dpm5,0,0.07290815562009811
23,05c6b93bf8f083b2d0a03ffc0fc3524ba8fi5,0,0.8589392900466919
23,b6a7b5bba132a90e7c7cb350d2bfa52d7sion,0,0.9136129021644592
23,dd1675bf26316cd4630087fb47d0ff8fsug8e,0,0.06738131493330002
23,20a2d48ac3400228e7a0296aaa596a0fvckdc,0,0.07075163722038269
23,9be87a4f123366660d7f6d40ffa493a8ffpsj,0,0.07045489549636841
23,42cce5c657dc7d99911d950cb22fcb4fmzz5e,0,0.07175587862730026
23,8322695c21cb27accf0fe269438bd78fn3x44,0,0.8833186626434326
23,51d2e1b98b7a1e42b939637dc6e11381zu201,0,0.1556146889925003
23,061690ceb6004807b7906968bf382dfcbve7y,1,0.9105178117752075
23,61101089c1b34f409fc9b836a7f9cd163y22l,0,0.07108579576015472
23,37ebf34eaeb8a434976416c34ed5c6d8ywyoj,0,0.06942284852266312
23,29b8af2fea3881ef61911612372dac41vczqv,0,0.07408533990383148
23,b1729d5905e896a8411f81bb65d66343ladls,0,0.07169050723314285
23,8bf04b0a219c7834b25057c0220b4d0dhwdsg,0,0.07141523063182831
23,82194e7d8f9b84e71b789e763b5c3263r6d98,0,0.06681115180253983
23,06a58d4af0fe7ee15324b0e921e8de1260vef,0,0.8859375715255737
23,012441119bcf83b23d4768bb72cea6d6carua,0,0.07034843415021896
23,40ef6a4a0c99b478fee1c93f4105b9d9mh9iv,0,0.07641611248254776
23,88bf2c0f5460e28deb5eca2ef8e5e809ol5ru,0,0.1416030079126358
23,8cba56e5e7c2be942ea8472b73f0842fil1x0,0,0.08326993882656097
23,40efc98d259ee36a8c2a387ba49f39d0fa39h,0,0.73819500207901
23,9aca61f505f40a3b4f7865c2d00e2418s0e1f,0,0.8940044045448303
23,d7340ee3c04e600c31fd2a34c760f7e7d26bn,0,0.06696362793445587
23,1ac788675f70655e71a013892d701e901kj13,0,0.06797783076763153
23,d8ff621bc161b09d9192c445f4b3be7b8xow6,0,0.07061247527599335
23,156f4a8763e602ef789f8048c6928676a1ily,0,0.07125258445739746
23,1b268ea4fe034638a92d683b94bcb330vee4w,0,0.06932615488767624
23,8720f071e045d4cec9d707c583a3d64avjyyy,0,0.10750901699066162
23,69b32dd82f265a04826106d17e2bac9ao9fu8,0,0.06876079738140106
23,0daf4f87eb695e2a84e4156154209e09k6ga5,0,0.07153937965631485
23,10f1460119f9e42bcccd0f68ef59cc830pwtq,0,0.06778604537248611
23,9f7e3e648ea8e6815c6e7caf59412e843iqbz,0,0.06927405297756195
23,8ea020a1fdccfd726f74ed7e90dc3400zy9iy,0,0.06889183819293976
23,99bfa04865566ca88573ebfd3c7fb1f2c64cr,0,0.06964021921157837
23,7daf0e51b276c6ab5bd2ccf520dae106graj8,0,0.07680731266736984
23,b071545f5ad73150880c42e780d951bdzvxn7,0,0.9005711674690247
23,676ad0665c9bf74329ddc1f70ea48c16stnux,0,0.07098627835512161
23,2eaf4eef52d5b17615d08bf77386fa42yotej,0,0.9120995402336121
23,80bf6ab93fbb8316efd5c0b42d4b46c83qrdn,0,0.07127347588539124
23,4d0d345f552877998f41ba3cd1ba299885vu5,0,0.07387806475162506
23,055eb52087e0080b8ebca74be4f823f5c819l,0,0.07298970222473145
23,6713e820273f591bdff7d26a48ee30c5k4iii,0,0.8642926812171936
23,6393f55c093e04e6e608e1ee8be9c3e28omjd,0,0.0695202425122261
23,9d98d3f00a0c0bddf35470b0fb735fcdhiriy,0,0.916803777217865
23,4882587d42b3d7d8d7bec4315203f10bl2fts,0,0.07127445191144943
23,cdf76f38b6f46a3bd396a99123d26909xq5c3,0,0.6671926379203796
23,9f101e80580cbff55a2307c028408a91nebzc,0,0.8959223628044128
23,a9062f1d7c589bb01ee0b330ee8791fc702il,0,0.30307596921920776
23,9af8e7dbdc3c620c8144d736242b3bd2fdbpx,0,0.07241643220186234
23,73d4cec0ad358d272d757e0fce8440d01fvw8,0,0.07152878493070602
23,4bddcd4957ff826dfd3b3efe6eb96be9aw5tz,0,0.8838098645210266
23,fba0c76970a464cfa9c043c906442f0eg53a2,0,0.09044357389211655
23,52d8066e28f168e5bee769559ead307e1go7e,1,0.905732274055481
23,d8ada60e3b7204a104bba8c073136bb40772o,0,0.07352614402770996
23,48044b1b1f47f168864bc7c4a58a65ecmt187,0,0.07011003792285919
23,4761b2fdb4ce610d1d8dd9ea50f478cf7et0f,0,0.07004963606595993
23,02030ec48b7179a7fd9950fdf546e3feekkye,0,0.07790954411029816
23,84d75f71a61667cd327367453b4c0d2frury9,0,0.06949888169765472
23,1dfa6e724441ca3c913b3d40967c17b2p9xr7,0,0.06757301837205887
23,f27321571b5b6184e86acb6203c766f2bsfxg,0,0.0747307613492012
23,a4630d8b78c796441a1be187f6907b11c5eu0,0,0.06872321665287018
23,0141844fc725a85e38e12cc02fcdbbe8ofqxv,0,0.0715804472565651
23,359444416c25e6e90ddb2e3d3d0bc23dufn9s,0,0.07132851332426071
23,3e85a43950c71b1988a814682abd4392yakvp,0,0.9064909219741821
23,f0567f6d45c0f83b9874681fe8dfe0ba6hjlf,0,0.897619903087616
23,a1922a9ee4f9f5d03fe11816c2cc3eb9ivcbp,0,0.07485917210578918
23,b5a92183d20e5ca98da4065c874e0b9dezbhx,0,0.9194523692131042
23,0c5992f18244e24d2d7b4708a512378729eev,0,0.9181535243988037
23,dc9a7ebdb6fb8dd3267ac26dbe5a62b68e4vw,0,0.07387806475162506
23,147164a9fe8a6bce381a224e9f13207cc1mdg,0,0.09973731637001038
23,c72012c8072e2441b3ba8173205cd298cde8a,1,0.11106442660093307
23,d95c969eb09086bbad373dd8ee80cacbuagvf,0,0.08157128840684891
23,d9ffd2f7f3cc1a546586701c2a6fbda24u9ye,0,0.9120609164237976
23,173991472d4ee18932f8514b9d4a9dba7rjqa,0,0.07234775274991989
23,5b1bc916ca111874eda3bbe669957cb1d3mck,0,0.06766970455646515
23,eea590b4da2709c294e8db490f5997eadyc1e,0,0.07139567285776138
23,f73eb6e2e7a872f97c715ccdcddac77am8bq5,0,0.11816232651472092
23,13dfda714fb516e1f9f7abb0c927bdc2zmw55,0,0.07138027995824814
23,2b044b4b7949b96e38084e59b5d1d328jib5o,0,0.8976106643676758
23,414af5edf09c473bde75644b76a68e7feesrw,0,0.8534741401672363
23,23af639c0bd57bfe9bcf3b16973d58b7666fe,0,0.07160364091396332
23,5830a96593aff3e951919578f7374f09pqyc0,1,0.9158334732055664
23,9db7471a12cc3b8fa3cba86bc00abde2t2wz5,0,0.06450573354959488
23,7622d7085237d6b73d08e9d70ed11fe3u8mwm,0,0.07055196911096573
23,42f754cb72e01c08005598e1f9383341fn7xh,0,0.1333010196685791
23,bd29e36cbb063cbb96ece76680ffd9121dy90,0,0.06841453164815903
23,1ef47d501d4b36498b51e184b1027981xu89r,0,0.07450198382139206
23,8cc03b92898255ce4b096454645599ae5zoc0,0,0.06949153542518616
23,f7e3635c9a532fb9a60d6eda6eb7c7de3uqs2,0,0.6702786087989807
23,2b5a7c969ae95b239583f09936560b85g574d,0,0.06903411448001862
23,69e97e52dd6428671f46f2ab6567172d8mfar,0,0.0839729830622673
23,b34fe965c04012fd22123ed948257184pqvfg,1,0.9140089750289917
23,de3bbaaa3bbc1fd1f751d23a972916d80q8e6,0,0.13768593966960907
23,76d4a0147a60d871867f00adf45cb792w9c6n,0,0.8950966596603394
23,60849c6d966f178808d94543173cb93dog4gt,0,0.07236569374799728
23,a32cce991a2f597f6e5a02605119f99b1dyq1,0,0.07152177393436432
23,bfc7a0819397d910db7c24eaba1ed4c68dwiq,0,0.06923098862171173
23,2635d404f4943f3dbee24aa16a2953c723iwd,0,0.07270056754350662
23,6feec0741a319299c78c47040893399ebas6q,0,0.44640228152275085
23,d26cca81c93b52ae3564aa6cdf33f5d5mkliw,0,0.06807896494865417
23,c9f94611f4c9afd3a3153da9654e7310jr201,0,0.06910786777734756
23,f12120e467869d3d5dbf7c7d0566a8e7bmmhk,0,0.0682312622666359
23,497ef6187e03fd9d4387ac436461a40f982dq,0,0.06965535879135132
23,4ac31aea605d17045ceedbce23eed239omved,0,0.07516521215438843
23,c963c2dcbeeb0b7051bd3a6a87483ce6i98xx,0,0.06875276565551758
23,d7b66d95bcfba06122dc6f7a3c605fd73239a,0,0.06920961290597916
23,c7c854748038ddf37b8a9c4f5a28073fsut8p,0,0.10611706227064133
23,5fc9437841f1dbbe63a3a933c48472fcohutg,0,0.07203597575426102
23,361c6da33ccd1c0df152fd932e6fb2a69i4ux,0,0.07018418610095978
23,9685887173cc2e1e5ee3993832a4b153bfl9m,0,0.0702981948852539
23,716079d1913959ccae0307f760bcddddt6d4o,0,0.0696491226553917
23,c62a6956e93ac3b56b1292f2c2d85b1fyekav,0,0.07387806475162506
23,5aeb71cdc92fe5d1c4a4e127d7ca7783gzje9,0,0.07064306735992432
23,5a823474f9fdaa129dea9fa690d51b62rgm7q,0,0.06817889958620071
23,2b19566f190ff3b8a85884e03c64fb56ir8a8,0,0.07132291793823242
23,a71f9ab1d130394882cbdab3c886f1b0fm6hu,0,0.06862249970436096
23,c478f94c1323552e85aec6e1013ecba586320,0,0.9185364842414856
23,30c3c92cc9408f55cfa895ff8a505930a3yy1,0,0.07144264876842499
23,83aa7c2c8c018888d9ebc6daf63bddb6f2i0d,0,0.07281490415334702
23,49eaad86d095aa5af75ce34e59e4b7f1mmf9q,0,0.06997283548116684
23,da2841ffcbeabaac373f00039c10f39fty6fa,0,0.8723037242889404
23,ed4802c318a7e04a5703ed115fe4f3a3kkugq,0,0.2758325934410095
23,6679d668a393f336ba9d1cb6a154e03aifmkr,0,0.06646285206079483
23,1df1dab2eb718c3da3f9a0aa90b93651sxqzo,0,0.07013881951570511
23,1395ca662a02245233af951cc7ad8313vk6w0,0,0.06890495866537094
23,08353687608279ddd83e4d36fadd1cd8ritj3,0,0.07167550176382065
23,559bccfe60c7193963f09388fb681ea65k7dp,0,0.07229659706354141
23,b9c59dcf41cd0a7ba779154872019cabmohkm,0,0.06629551947116852
23,470a0e402bb9cb4d48c2a450d2043e87flc2m,0,0.06854579597711563
23,c1d14f4355b7d3ef80f02628e5ef1d56u2510,0,0.07147876918315887
23,81c9c749b2c9f97215f3ddaf8b5a5fe1k757u,0,0.07665032893419266
23,6a97f70ba29a04e77eb3b137e157070dc2mqc,0,0.07186795026063919
23,2b13a870a46975494b749feea0c5c7ed170ll,0,0.8883453011512756
23,47183c1427a3cee97ff9bd167844e65d9dzi2,0,0.0677124634385109
23,5dda8ade6b5d4065f3119a381516c227yoz8y,0,0.8955163359642029
23,78c82f2e8764bc8001354128f9265efcqrthe,0,0.07457324117422104
23,7a3378ad9999b1fde0a4562a9b036f038cdal,0,0.07387806475162506
23,4997f0d7074a1d9f8bedf5575b6a4372w7nro,0,0.06924860179424286
23,d43189c6eef7a763b2f8596228807dd89x9y9,0,0.07061661034822464
23,a0d080012ab98513e39234e4545e93be17tt5,0,0.07623528689146042
23,4199816cef8be846ca71ae752575744fimyto,0,0.90948486328125
23,e268d06507859d78894a8f6e11995f48zls7t,1,0.9195727109909058
23,e7445f6107c8cd3783fa722c7dd29fe6rcd3a,0,0.06706622242927551
23,29bd1e11a41eb2ff50af75d10f28041ejh9xx,0,0.06815119832754135
23,ca68a41b3a4062f154dc1ae8456cd792d6kp1,0,0.09957121312618256
23,c5863a228287327c9980d12a632985da9vi29,0,0.8983075618743896
23,eea79e1bfc21ff1b9572213e540e1252s5iuy,0,0.06663438677787781
23,898419c2d011d5a822e9ee07c387098ezpc12,0,0.07247532159090042
23,59cad1329d42bda3d678bae082bee7edgvt7q,0,0.07109201699495316
23,08c39ef7252995e0749f7927249b8dcb1d3xh,0,0.07129838317632675
23,870932eabebfc108296437c303db6055kc3t4,0,0.06928693503141403
23,9196288f121946095e5c402fd326109827t0a,0,0.9165006875991821
23,2d73ed3974473a764859084d51334440k5q7s,0,0.100065216422081
23,c0e3343070766b359c664f93ca65040b6bh2k,1,0.8135421276092529
23,06c281e31f83dcfd3fe70d2ee2d66bc7e6fw6,0,0.06859425455331802
23,06ddad46112881df154e3bda0e90fe880r57n,1,0.9010220170021057
23,d428139761f7b7563d57bb1f87b55876388j9,0,0.06860911101102829
23,24d4554556deeebf61510cf3e001edecu8hgj,0,0.07688741385936737
23,84560dfb1400fe920a29ca2c728acf1e25eli,0,0.0704847052693367
23,781972f2af3af2abc492f9dbb0f6fceahnban,0,0.07134197652339935
23,655a95d80489d145052254616787cb84fwqid,0,0.07001598924398422
23,1dce9aaf9d6b9cba38f9c7489764fe30nlrq2,0,0.06920058280229568
23,dbbf9d9b1d7fa110208f77a681008077plqng,0,0.07266794890165329
23,438e53670ffa2990cdef656700bb49bf684fz,0,0.06847946345806122
23,b86050461e88566061c796dbccb1f7e5at242,0,0.07102423161268234
23,9197b6590c6dceabd88ec93157fcc31fgb8a4,0,0.0707240104675293
23,fa64fdb8ad70e86efbfc31179e93e99egd27l,0,0.06960964947938919
23,57c4421263d37c2cd2573cd7245a7a80h0mjf,0,0.8873698711395264
23,486dc9de91d243625863313adc03aa6bv4s1e,0,0.1424577832221985
23,cd9a7b22d85c35845260cd61a4b65cb2meyel,0,0.07487662136554718
23,58c2b44923882a8252963e78886adaefh7hnm,0,0.07125172764062881
23,36473d4c641c4c09c20c80e2ab35a36dwzp5d,0,0.07120715826749802
23,83e8aa6cb15daa745c75ba3c29a2f646zjw33,0,0.886738657951355
23,233e09e861813cd087e8937f32a29bccs7b3l,0,0.0750650018453598
23,461b089147eb78c582ca8a30fa7581a7mflo5,0,0.06900422275066376
23,17c59325ec223c94dcb301a7451c39871vxq3,0,0.07142357528209686
23,50dd191676497345cc95d8b9f7284a7371z5s,0,0.07145462185144424
23,f781d7cab96d95bcea507cdd43b24255pw0dv,0,0.9103606939315796
23,c349d767ddda78ed58a3c5769e780598ar3ei,0,0.08932385593652725
23,1680b6a12fdc8c64645c00ae8048f99c6uzoz,0,0.0673927366733551
23,a37b105534ddcabb169f6ae3ec928d85slw6z,0,0.07137606292963028
23,a027780df5d0312919d41edfd4947f27odx7t,0,0.903684139251709
23,624ae2fe9394700eae7a35806e4bafaeq9cty,0,0.0686967670917511
23,d5b75c812d172da1ecb3164a1cfb7527688gb,0,0.07008181512355804
23,dc4efb7e05563288d1f2ac4ca65c6734017ql,0,0.07481089234352112
23,ff92ea4abd33ed38601287f0e1d6726dmgx1f,0,0.9172180891036987
23,46a28eaed47c29b4fd148a50cde44840u0bsn,1,0.8834143280982971
23,b17ce8bfbb565945ee9f289c2ddd8abbu1ndj,0,0.2747322916984558
23,74487d5ffd5c34de4fecaf9dcb66f86b0wwa2,0,0.8997106552124023
23,2012c722a90bc47f1abbc8319d0cea51p7l5b,0,0.07414169609546661
23,d5337c2d4b58426b30c8733313eb5247syn5p,0,0.06495705246925354
23,2234754e09ba15519d0104c405326fc4igk0s,0,0.8894519209861755
23,96982cc1eefd6f526b512755151227c3h2w3l,0,0.06958190351724625
23,f23ebc71f2d8d820db2bf0576ee7e148cxvkp,0,0.08398254215717316
23,6d033ec559ea79a8ffb90d80e0b24e93j82av,0,0.08397024124860764
23,88641b0f22cf175876bfc4adc44c00f58b5rz,0,0.06944985687732697
23,531d4a209ec0cf76c9337b42fb1c3d9c9tcuv,0,0.06930043548345566
23,7eb7b2f6a914afba5c3d207dc28a93aed9pnc,0,0.6699549555778503
23,8bce581a91921adaa5fc20e627cd7b94l6cp6,0,0.06843584775924683
23,d7e83a95a05308d4fae6428bb9073a7bg8aoa,0,0.07270333915948868
23,0e5ec5baf2e15afdbf5212d8461e1ad9h3kr0,0,0.06850490719079971
23,340d7ea497f16bdb912ec5c6ce467f71kk7hy,1,0.9102404713630676
23,e8b82b8640ecdd154eebe6b36ec63f0bdwhc4,0,0.06804884970188141
23,0b3d5f829d18ba30d967fceecb58821c3oeqa,0,0.9000935554504395
23,437c191e614776c1535305f602ea9033sdfmf,0,0.06873860210180283
23,76ab7c99de4a3141bf617bf30bec9feep3zuy,0,0.07159051299095154
23,5c5dbe70c2cb05d208c22d204146e1e9f3lvq,0,0.6782268285751343
23,cf1f2b6f29840e1ecbb31d18fb128c38bseas,0,0.9192821979522705
23,8df5d645ed4040b857c121a4459b7976n5u3b,0,0.08087757974863052
23,c5c8a28a166913512f5bffa6a49788c5b0uaa,0,0.06847117841243744
23,8b4bcc98fa4666b22c7a17c9a4b93ebenlmlb,0,0.07594820111989975
23,400e8b5b5447b4d11e06a8bb0754d8d6l6xoy,0,0.072890505194664
23,ae29b39843141a73b39ada671ce6b6c0yxlb6,0,0.07091985642910004
23,a4475cf8808f8951dd5163ded3ee8032g9vxd,0,0.07387806475162506
23,9655ccc7c0c193f1549475f02c54dce45kjw7,1,0.8590958714485168
23,936a335eab4643c3529968a4d9b0c380esi7q,0,0.06919864565134048
23,162886daa0054ff1ad422e0f18cddff3qofft,0,0.6418272256851196
23,4483201dee43b51f338c0efd3b13bb895tric,0,0.0835859403014183
23,8066d0a6ab30c52b3ddca5da19518b6188t23,0,0.06904739886522293
23,683833b860c003e6c31c521c9cdb49a1kr6b4,0,0.07125147432088852
23,ecce760edfc6ec5cd5ddc7037c514dc3zod4i,0,0.06999890506267548
23,4b9bf4cf1085e9d839e833e4b9d40f2a8ps14,0,0.06927954405546188
23,50859deae0e0a599efde1725cde3a8b8dw86a,0,0.0710851177573204
23,a6f994251abda6687ada2e9de52bddb5cisa7,0,0.07043183594942093
23,0eeffc5039b27a4dc2e420eca75b1fa55rv5q,0,0.09242115914821625
23,f268f61e075419e5a001b86ee78557e2kmg14,0,0.07036051154136658
23,97db2350652f8d01237fc4c59a470eb81h9gs,0,0.07287278771400452
23,8884b7af726ce7bd929482ea13de19d39lzuv,0,0.08974507451057434
23,9d33ed2efcfaddba0307d12142f3041ce731l,0,0.06800830364227295
23,95ff2833eef5999a4f3ba4a7684d2b26a6v9j,0,0.06877881288528442
23,75339aea3f29d7d9a8d67ed3fe1c89c3owsq5,0,0.8953032493591309
23,0ea26a4028ffc16d9a8631d43e1b92105auao,0,0.21613910794258118
23,e50426efab1e9d60b8f7258130f8791czrpvg,0,0.10085330158472061
23,b2968116361fd43589bde8eca72c5767o71qc,0,0.07490987330675125
23,eb27d8daded752fc0d1c828867b0f118cswwq,0,0.07468675822019577
23,825226b69f2a5a8337ca611b38223989aumow,0,0.07016923278570175
23,a8b8959fe64f490d32fc15a5d1144f87qj9ai,0,0.06893744319677353
23,3714da7069a5205137cacf89ab3a136ffx2u2,1,0.9072432518005371
23,32d2ce86b00693f0c26314e3cce2438dvxbt3,0,0.07183626294136047
23,1982c4b164171180d480166feae881ecmxsgl,0,0.07114855200052261
23,4cf9c56df4594860df56285e9293a7f7evfix,0,0.06912672519683838
23,460e932b11a1529d78246317757899ccfaxng,0,0.8500187993049622
23,c353286290001e0943ed9bb160145c42etrf8,0,0.09232896566390991
23,d9dfeadc7e0e844ffea3cfc706daae5dt2hhg,0,0.8694798946380615
23,210ae8381324c41f7b49e95f1b7aed80z55df,0,0.07296941429376602
23,55abcd1b00c6b5b54633fc7e98f0110bwoy3v,0,0.9050238132476807
23,ff3ae9450581aa3de5d2326f70e39d20w8fbl,0,0.06953597068786621
23,e56f611f1157381f4b689ab34b574e791qhcn,1,0.9122068881988525
23,76ed824b414b5e690ff82e7cd2f5be52256my,0,0.9127447605133057
23,b1863365ae232a316eb946ba56a29415m0gdz,1,0.9161023497581482
23,cca4426ec6d64f3e73294d4d5bc9719beud37,0,0.0686056911945343
23,ec96b5b27dc870c8f59ef11b7371b06eenaox,0,0.06572511792182922
23,0f33df2513a519a35c8b3dcf1d7c7416jjjzk,0,0.9112324118614197
23,39b501f37dde9b055d627394964d3260qiktx,0,0.3669796288013458
23,dbdb69d0032b0a251469107dd565b6c7irr4a,0,0.06905725598335266
23,3ef2325f8b68e1c030547a2a54ea6b98zwa2w,0,0.07145220786333084
23,6c8ffec692e88d81e1b18d47818abb04v6llr,0,0.8607190847396851
23,13812c0d2c8c474bd62481d932407687o26kg,0,0.06969515234231949
23,5c32e357936f8977277d9b23d8f09f34v41wt,0,0.06840872019529343
23,a116e727a3dc0b69f5e7ae14d0ab40d44breq,0,0.06686825305223465
23,437ac1b8d08c3b328924aad097a3dcdey2m1k,0,0.208829864859581
23,56b55e6ab49a4cbe7c76a2bbca804089pjq0g,0,0.8912907838821411
23,8d500e174fc28d494482f8ccb9438608zd51s,0,0.07291717082262039
23,81207d4ecf830fee924989f4fe1eaa7fntkmw,0,0.1783457100391388
23,6b28baf315d41017844e15d645bb2c05ybt3b,0,0.0715867131948471
23,acaec0b9f72bf4ab4318f3244344589b3700a,0,0.06974183768033981
23,37bb1697e1c3922a06c2d2ea4138a4c8s6wgk,1,0.9172233939170837
23,19033960ac23dffe078a1217788bc720jvjbz,0,0.06840509176254272
23,949689cced5d86578e6c8b664ea76d6aq6zxg,0,0.07128315418958664
23,916d2d806b772c9f227a9b3640e31469ljrxo,0,0.8920316100120544
23,90bb553b65144cafddc3f3d4a7783667a06ga,0,0.06954700499773026
23,17e4d6d9a1f8ec00cec1d4fe79b059bd51476,0,0.07310798764228821
23,71396d66a14f4ce0c96436456462863abwefv,0,0.08003095537424088
23,4641b5a43c7a2496ef93af2ca590d2c94s20x,0,0.06929238140583038
23,cad151bdf2e29b764dfd3acac022e5dcy8n83,0,0.07169628143310547
23,f6a7e7b14d39804c7d15627e2fa384a1cq892,0,0.07129348814487457
23,83dbbc6c5c7ed95048ffa9427d807692339oi,0,0.9080213308334351
23,fc16993f1fdbd5fa8f8ddd72b40442f0qwyo1,0,0.07136490941047668
23,e588d3f7a141147e4f8dba29377144707vupo,0,0.0704139769077301
23,25022fb30734c2e5044e031b0e9a4a9ct3354,0,0.08251411467790604
23,fdf0eb91ae1ecea1f6902676f47c32c454yzr,0,0.4140258729457855
23,5f529b5ee68b60482c5d0c56ee91f3c2cjrmx,1,0.9143102169036865
23,20d31f20169e8612fe13818891f88a83r66gm,0,0.0923411026597023
23,e60b306c01cf0c0be5c7d54facf927044g5d2,0,0.07405538111925125
23,f4d69870de1e803fe00f8126e73a7e33zwcds,0,0.07931829243898392
23,ccf30c9533a66f22f1c65910ae1bac1a1fs05,0,0.916130542755127
23,417adcdcd7157e75c66469c07208af00qjnuo,0,0.07212061434984207
23,920540ac4168ed08a1e297395a68d718gsqdn,0,0.0712515339255333
23,354d4abc23881a40b8f119225e0dbd09tk1u3,0,0.06754202395677567
23,e49dfe2adbc4b3789f67bc044c231473clc4d,0,0.08554016053676605
23,7bb58b7875a093cbe7c5d487a825b730mjcw8,1,0.918753981590271
23,d927c987f8a4ba2dc4f38dadc0831100tt94p,0,0.07204403728246689
23,771f6754997a1954eced81d46348b4762k475,0,0.9067323207855225
23,f895a8d9d7974b3ee7f1f04a25a950e9v63ps,0,0.06943997740745544
23,b1c9bacacf1f33a8fe48d1a4ae4c761bcltiv,0,0.8796097040176392
23,f7b25abd850df9b0e0b305c6810e1ec3qbtaf,0,0.0686289593577385
23,cdf1fdd424a11dde166c4bf069d6998eph7b1,0,0.9088901281356812
23,43bd7fe0ed7629fa774a461127a629f19je0a,0,0.07494895160198212
23,7d063aa96e7a065ed5ff9deb7c851bddhrxdj,0,0.06774371862411499
23,8f6605a649ae41fe950a6bf579452464d9lmc,0,0.9018206000328064
23,ba6811273d4f63d9a31937b71b0a22dforovn,0,0.9046412706375122
23,b08034d2d4fa400b457d4a59a2482e8enfhqw,0,0.06960614770650864
23,3e602dff2e3bbe7a52236df2294c9e059fc2l,0,0.06731372326612473
23,11d5f6925da5809e2d447788b85d6253jj8fu,0,0.8997645974159241
23,f0c034c46dfb78d2e9e67fd4fa1688fa6mv8k,0,0.0701790526509285
23,3d575194dae5a2e2966abdf84d800a3bgbsd8,0,0.07440339028835297
23,53e2d855e008a5c2f79b4b848d467b86nofo3,0,0.07186082005500793
23,f6485cac867e1e7d2d991838551b4c4bfnarv,0,0.08354479819536209
23,d2b8a15ae403dabc5aa752b205181dbe1lm57,0,0.06877844035625458
23,65d8228c6c1e5b6042f397afed8a5c7cbo6x3,0,0.7603250741958618
24,4bee9aba2abda51bf43d639013d6efe12iycd,0,0.061297591775655746
24,7eaefc97fbf6af12e930528151f86eb91bafh,0,0.061382465064525604
24,fa64831ab5ade55daee13f852c16b0a84ujt0,0,0.291393518447876
24,5354c02817e47f28e60e44a40ca5e48dll4sz,1,0.8912807703018188
24,2c581ec91825362ab66a7ffa05df5e70hl3h3,0,0.06214749440550804
24,0d0b3d6dc27d0f8eed70971f8c6bec1bdrs0f,0,0.05730077996850014
24,a22fdc066a738070c6e4860924d06657hengu,0,0.9163972735404968
24,1476226300a93d22b15253ed7339429a7ijk0,0,0.8769095540046692
24,975dd5178d34453c1c3c8edc47cf44274uv5s,0,0.8148545622825623
24,a1f4d216a1a92507d97166151d7c9fe37bei4,0,0.059302620589733124
24,9434778d2268f1fa2a8ede48c0cd05c097zey,1,0.8607897758483887
24,e98d8f348b266653b6784329782fd2e91vu3h,0,0.06425052881240845
24,792edafa0603516a57932e6103e9dd54ajar7,0,0.062483008950948715
24,85be8fd21f41bc3dee86597d272825726bp69,0,0.05462346225976944
24,1cbd9081de4481ada66f1853737f7684ddjd1,1,0.9132444858551025
24,09d71d3e6a6871a7598dc2764c5bb4ffkz6mc,0,0.05651015043258667
24,8e1f8e5907b3cc256a2a57ae9ac81e063gbz4,0,0.06098591163754463
24,bd2cf3a868d168425cf1bde7c49d40b9jq0xu,0,0.06055712327361107
24,da6e2a5651b4f44fa3cff41cf9731ff8qc8fl,0,0.06198208034038544
24,9ded76c5244a2116a3b5432fa265a800j0bvt,0,0.05643300339579582
24,03244a553a252dcc3a3037f0371c8d33fmpd1,0,0.06025218591094017
24,d27221cf2bfaf0fa7a60ffd3e1e3a53efagvp,0,0.8894059062004089
24,12d6239a92972a35bc990225b3ab33466znm8,0,0.05829823017120361
24,226017dcd6506ce20886540ff734210d8hib1,0,0.056743722409009933
24,d5f997729fd5a0aa13307e027804de515jziv,0,0.6807624101638794
24,8c2bdb9dd878a811701838002627a056be0ce,0,0.9112024307250977
24,a9229b83f54a5f44a69e65b9b3aa7aa26qcon,0,0.0587284229695797
24,961ab8cb7952191816db53f8a11a35fe1zecm,0,0.05710918456315994
24,74ecf5f9adfa4dcca4dcf020209db81arynmk,0,0.05904633551836014
24,3d9910a238a0f282ad3132dd6fc981c8tv3tg,1,0.9218062162399292
24,19353c42feb91a216885fe012efdfb11s2iu8,0,0.05905136838555336
24,fdd836950d203286832a21b930b9f6b58ch7s,0,0.12890580296516418
24,2c72df02de4b36acf72ba549630808612ol08,0,0.05817529186606407
24,db83d746ba8e0c388805fa3fcb235743vfqmw,0,0.07541916519403458
24,8e2a43abb8fcd8ef9801c69fc04bfcb5kyc41,0,0.1849532127380371
24,2c31770e98fc9fc7e0f1fee6207b5600c0e10,0,0.9210270047187805
24,2515c5fd81638d5d0bca39a2b2be3995tante,0,0.06421031057834625
24,7f807b2eb6c391d55e67bcdf7e1cbb3fhylw0,0,0.14380410313606262
24,5948bcd0f773286ff7d5cde332c7ae6918jt6,0,0.2489984929561615
24,b8e47f06aef714b37073e72ac40a8100mew9c,0,0.05960945039987564
24,c76f30b8330b6d14fb872b30fcfd9d57phbsf,0,0.1430913209915161
24,2736ee274114e9440463bde9fbffacaa5xky5,0,0.060523949563503265
24,d6d68e218a6cafa246ed31185b09e1e1fsu8x,0,0.05886232107877731
24,666e1e141862a646afaa2b71fc7d2c25r1b4h,0,0.05871981009840965
24,124727083cd4159b40ff8d4b36a89340l6fga,0,0.06160080060362816
24,929b75b44585b34d2b917ec181ecbcf298fr8,0,0.7647799253463745
24,01a39439e7afbdcfe385eedbddb23d76zgdrg,0,0.06000954285264015
24,c600968815fc32b20e0519ecfce5b648en2wo,1,0.9285317063331604
24,ac494ae5acf003f84ba46f5741618a8dn19qi,0,0.05905865505337715
24,b64c209b3d1d91a663d134961af89125u0s9a,0,0.057451747357845306
24,e18e3d0fbfba81cedcae619dfa977875p10ta,0,0.05899115279316902
24,5e611461283a5c3e49b5bfbf9c33b7391ce3h,0,0.05832446366548538
24,518e9fb1055de6532ed2df6d03fb78feus5s0,0,0.0735408216714859
24,e7a98dc8545eb429007cb48799a40a2dc9p6o,0,0.9174458384513855
24,a2d0b7ec1595325cc63777f106e09fcd88y5g,0,0.061897218227386475
24,e8e4603ed284adbd252a7a601f9bffe09oq6f,0,0.05885297432541847
24,246c55639cf85c682d58cbd2ed6a6563vk2yn,0,0.6036394834518433
24,01349288df20199905e719f0ff7ee771nwryj,0,0.053305525332689285
24,f75cc5ec8acf1ad2349e00ffc4b3191a531f3,0,0.054488129913806915
24,585b938fd44968d0d59fcac453cfb3b8p8nti,0,0.9076981544494629
24,3a8124eb9fd3977e43f5e0762d9a09d536rob,0,0.05843539908528328
24,33a7a0121e28cca4e42494dd0f5aa03fdhlm1,0,0.057490669190883636
24,a74e3962ca26514976056bae3c46d579emz6y,0,0.062225524336099625
24,a539fbaf8b29613ff0e4f3e5831aa7a5p2cva,0,0.06072993203997612
24,7607c4efa792a69e2a8949ccafcbef103squn,0,0.7869692444801331
24,340bc29eeeb9b9d04eb1fb72a1a9a2444brgk,0,0.05766477808356285
24,01eb9dcbd0b3e79d94020d13d83a993ec9d2a,0,0.06098075211048126
24,74866aaa89db79f25dc0fae8be067b83xlbm6,0,0.05980534851551056
24,6a5457f1038c6e1cf9feb57529ce07b2sff4d,0,0.05731537193059921
24,3733f7ea492eef1f69f98593d2122c50xwcha,0,0.061347801238298416
24,c755d2832026bc2a6f5d2d6df5740f06mr3nj,0,0.05785650387406349
24,22401c4dc0cb1e5d52da01ebb8b2839cdoauo,0,0.054626330733299255
24,282fe85277f7c07b0ffbc5fed621a02ezp1zr,0,0.7548540234565735
24,e5f43783127506211df8c6290c2ecadbyr779,0,0.061760611832141876
24,dc752fa41d974bf688d25ea9d18e9a2eit904,0,0.05657429248094559
24,640f41f27c03aca0c45775eb918b666cnjsqv,0,0.06184225529432297
24,eb2c4b4493f31788ead745533e0c9a18xzzlk,0,0.05637222155928612
24,3c0026d48f3d6e10cef6cdb1f708793ccwkhr,0,0.060118600726127625
24,7fab82fa5eaea6a44eb743bc4bf356b3tarle,1,0.0607529915869236
24,dcd54d7afa6820e3f00e1c9e83aecc7b4f3lw,0,0.7654368877410889
24,e0b6466f9f720e9d9a00d7c12b2e2c6d8xwxz,0,0.06038553640246391
24,3106ad6371a3b740e2af90635a4ad966zeu1u,0,0.05934511870145798
24,b42ef139c2dfbff8356e8886d2b109e06riso,0,0.059818487614393234
24,b232fdca7cb98028e8945005f619fb28p8788,0,0.060105469077825546
24,db80f065a93cc6b41d12af614bc3ec11kpwjp,0,0.060796432197093964
24,11b1859aaf7fa93818baa76007cf7207d8uwy,0,0.06144412234425545
24,bd8bd6cae40abb19b81b6b6a7775f63e5tk1s,0,0.05985455960035324
24,db5e9f85e7d180f7d952f12e5dae5900q9xif,0,0.0583176463842392
24,e24542c1bd46a4a0f98b0fa95d8fc40brecdx,1,0.8949401378631592
24,35b111da8e919bb34e80511be9cbd128pjjdm,0,0.06243392452597618
24,3d7cff3dedd8a8e02dbc551c6a61da3bibbvh,1,0.8695111274719238
24,8fe6da2176541d0ce24574dbb60f9107oq1kn,0,0.05579338222742081
24,37921a9d842612b3b0281f7098d0002539xrj,0,0.05962661653757095
24,10b431aa15b56084d32fe1ef123c4305wo1nl,0,0.06080533191561699
24,573cf43253a18821e50dfae941ac287ceymgo,0,0.06050229072570801
24,fb6814db96bbaf61f42270a85f0f62adunxft,0,0.05888231843709946
24,4c2699de8bc9516b09c5e5c8bae6d6c6xiry9,0,0.05827239528298378
24,1c66f261724506bee45dd18a4d221bfeh1687,0,0.05956390127539635
24,67d245e38ee756947ed395fa099807fchxv99,0,0.05952336639165878
24,eacfdb47b3daccebd9f16779c5542fe5eytoc,0,0.0564882792532444
24,392d936106b75256632c9dc83c4f1a169bke9,0,0.05425961688160896
24,65d3cc1725c4506fe02be3e2b24435bbbd6qf,0,0.06083780154585838
24,6533b670e02ccf583288ba7c8f5fb1carmirt,1,0.9303120374679565
24,7f603f668968facebb0567015ad4c201kikrh,0,0.06023361161351204
24,ec0c9e98cdf302274974ad212477f851iw35b,0,0.7069711685180664
24,96caf14832aa8be04d98aa481b320392kb2gc,0,0.06472478061914444
24,a3910fbd35b7a0c383c9805eafda616fra4xo,0,0.062495723366737366
24,d4a84bdffb9543626fdd42c879343ce26ds4l,0,0.059730201959609985
24,c1434e440370882ecf00ac52140f7adbuy1e9,0,0.055702876299619675
24,be3bec53b42be118ef2a87fc40db7311k4as3,0,0.05844959244132042
24,cb9a75312b809291306c6213ed5dc67dw31qz,0,0.8366184830665588
24,01067975436d123f717ee5aba0dd4bbfa0937,0,0.12902750074863434
24,e4a9bdad09ebc5d5a264723855fcaaad6q52x,0,0.34424060583114624
24,dd7292cdbc81ebfb87945d9ab176d679gepf0,0,0.055971913039684296
24,222a0e05442fec0af2d20ebdcafe4b28c2pi4,0,0.05965515598654747
24,2797fe80977297483e724b8390161c937dh4g,0,0.7140283584594727
24,3d48fb12020c1a81a65fdba2d75caf0d6q2nc,0,0.05407533049583435
24,9c223f867c65938ce8623fc41bec08485xddt,0,0.05895838141441345
24,c97dda0fd2de7d82d3a52eb6c0788062h3tq6,0,0.06251535564661026
24,44be920e88377290bb204795f05a20369jp06,0,0.06372708827257156
24,bba40511c6e56070602e8dde4229ff923zbuq,0,0.060138825327157974
24,fb7c9b1dcc3b44dd69e42a84406117db4t4mn,0,0.05494547262787819
24,6b85d622dec4fff284d55895eba9969dqlhu9,0,0.05754879489541054
24,7c965df16147f68263573764dd257a7bxqmpt,0,0.057003218680620193
24,fe4906ac4c8e2db5ed5a71e8a9d10080u6g7o,0,0.061905842274427414
24,aa7e36069de119ee3ad7c4d8c925fa3ekrs4i,0,0.0561569482088089
24,0fa357965f89388d8e7eb8cbc3b85c6bnnro4,0,0.057208914309740067
24,b7e16fd4fd9ff04b7d741b70730b7b6b1aw84,0,0.6007623672485352
24,80130530788e55de6e9fd515271859d1kgfsd,0,0.06005268543958664
24,54e279a4e162af7fc55d640aa62d0cbc9hxil,0,0.7775586843490601
24,34cc283e180fcd4902ef8758714c6d83th4nf,0,0.0606045201420784
24,6f7043cde57060a6766b551df5fa6fd9p3ojp,0,0.06031356006860733
24,38125387ec30412c438280af8931254dmvfgb,0,0.059955500066280365
24,ac94684646bc6f708dcf4566f41ec05es9v44,0,0.061019476503133774
24,84a773b3c9d300834d9d57af5dc83091y54cx,0,0.06031898781657219
24,e2a61feee7f94b49d7de1ac6efb237c0fjt1z,0,0.06294557452201843
24,a6ec153fc7002cfd929b9f7199914cf75upgt,1,0.7807491421699524
24,557f06b312e040ed3cd7dd2a011cb83avyut1,0,0.6676247119903564
24,d2704c8bb6ebbf13e08f37131382b126wy4yc,1,0.7945253849029541
24,18b5e850a1c10e681cb5fae0704a699018x6f,0,0.06057007238268852
24,c8e474ba549fe924bff9d3f585a9943cg9aju,0,0.05973784625530243
24,1bb03cdb913f203f704caf8bf6840b6fbpigb,0,0.8846940398216248
24,fa6b4da229eb64b4d44e7d5ee2b027f1j1whx,0,0.06079626828432083
24,49c3957287d24e69713e4355933b74baoijix,0,0.05937822535634041
24,313bb0007cbdd82f326d58c96847294c9hz4k,0,0.05970640107989311
24,59fe751fb6c277016b7ebe3609aa1b15vhg7w,0,0.057451747357845306
24,a4734769962126673e975a627e930b5fgc79n,0,0.055975839495658875
24,d1780c224460a0c20d5c2f5f68714c5264xd0,0,0.057451747357845306
24,39802378690e7d0c61d294f5898852b96hsfh,0,0.06053130328655243
24,f9ab998f3adb944a1cd1847a097fbc0bw61nf,0,0.06043794006109238
24,361397432ed35185b5a2789867a859ec42v14,0,0.0589684396982193
24,c41f5fb84d9f9e2456a5264c79919569vrhau,0,0.05878573656082153
24,18bc9dbbed75b55f35ec4be1351b7aa86an68,0,0.07156207412481308
24,0580f2e77b4c0dd3b5cda8a1641cb9fenmo0i,0,0.062078624963760376
24,b2a19e17e1b9e0bca8e4563efbff5fed7v9xe,0,0.05983681231737137
24,14b2d98230228eab6a6db3efc41660d7kp23s,0,0.05774611234664917
24,b79560ebfed7c8cbcfb97475812e0836twsnm,0,0.05939321219921112
24,cb6ea552ab5b90e2d0572148426ca275d1zzj,0,0.05956206098198891
24,2d9579812895729581ce269ea17462197jxvy,1,0.9140688180923462
24,f19531503f1485a3014189a80971c6fb0d9fu,0,0.05861115828156471
24,e561791343f3564a6fc612a98b5f3df34rxok,0,0.06078360229730606
24,4922d20e07d04601e8724be5e9f9576blyccu,0,0.06049896404147148
24,631f923b7bcf91f61a2e9f96520bd8c8vtl14,0,0.9152472615242004
24,f3a249f6a5c2c88ddd8bccb1f8a85fe52xnkq,0,0.058695338666439056
24,d13cd9e0a7b95c0a35f3456014865230qku5q,0,0.05982038751244545
24,98eed7cbee9b1a1b526a635648e7cd2fhbt5w,0,0.0627424493432045
24,3312b8e73417810a88be459d75fe9bc2xhd8v,0,0.05749471113085747
24,a6d6f3f5034886fc00a1245b439de13a66ha4,0,0.05762796476483345
24,61337802cac534b7e7711793039782d6f1yy9,0,0.053630467504262924
24,7c08de9de285265b2c34970139331f9fnr9ad,0,0.06636527180671692
24,ccc371d7848a80bc31941248b9f49b95hn694,0,0.060716673731803894
24,d3ab33e9314c95d6806813171f292299tmprm,0,0.06040773168206215
24,5c2b3f221cdf303df86ff1ffd7106fcco6pml,0,0.702571451663971
24,339b8ca3185dcaffbc3ebdfd960020e8es0as,0,0.05820984020829201
24,cd35a3230456d4a245806e476c63e9a1evu7i,0,0.061883918941020966
24,c9e1e860e39bb7d4dbf3c91c5d6c36c2dv4tp,0,0.061916105449199677
24,85ac49e7f93bf0e20323de78362bb4aadnwia,0,0.05562442168593407
24,ee5afe7f268aaa88598545df890f4e5fzari6,0,0.05916784703731537
24,1dec9ee102b29905e2f59a52fb7429826e8b4,0,0.06189447641372681
24,e6f73230e0fff1d9a6b1b8a6617002ea9owig,0,0.056707777082920074
24,ca5730b8dad8f35fba24b68c9ca5d445mp87i,0,0.05842070281505585
24,3105d663ef3dff7e483a46c56580a9f9kd7f8,0,0.5554261803627014
24,97ac4a68e5600c4b7a960d9580d4f251470mc,0,0.0573921799659729
24,0817731a4d2e319f6f771da3f522b8bfv6njs,0,0.9204811453819275
24,047558bebab9292a5d4c85d6ee768784j2hdd,0,0.8678969144821167
24,40829191b83242ef1f380f90876cdd74mrqe1,0,0.08024478703737259
24,70daecd44c89c37525aa2ca294378ead4dggh,0,0.9216454029083252
24,3ee7de4c5a5e31b7b407827ae1370f70suenu,0,0.061717741191387177
24,4dbc8d336dbe0241c9bbb0f3630f25059yo43,0,0.06116260588169098
24,54379b25f1f35d9df78da9cd774cef74u5wt9,0,0.05888811871409416
24,a2bb8b3e3ae4566203eb5b3021b4d594pohf7,0,0.05645766481757164
24,63c48b70d37dee5fcfb26f94107ba3b94d90p,0,0.05541452765464783
24,a6414c637c6f1275e2c62c48fb238c5d5aw03,0,0.05892196670174599
24,6e848149cabc4434155aacb610fb20de6vq5b,1,0.8409643769264221
24,14d4e04d7ed150613974438a4dfd4e85dybq3,0,0.6251451969146729
24,eb8f9ca4a23586f5acc770fff966f654dy7g0,0,0.06110527366399765
24,613c7d60152ebf06e3a7dd326ba03261mnn8u,0,0.055197350680828094
24,fe19fadb955fee4c5fcd0e30e56e1542kx66p,0,0.5749227404594421
24,1a9765ed302d0f91b512c23112066e41s755q,0,0.060569170862436295
24,aee383561c0019dc01552bfa5263af8etbuc7,0,0.1802893429994583
24,9375e98d0810ce9119ccf45300249636zfpd9,0,0.05773906782269478
24,1c950af57581698616bd9923cc94fef25n5wh,0,0.060044799000024796
24,08981037e7a6c9032716ff25b15c9de25p63s,0,0.9156887531280518
24,fe6adfbbb2fc1ec0c3edf6677204bcb245uf2,0,0.05917232111096382
24,92ce3c44edd41ad3222481daac1ead35bouwj,0,0.059382114559412
24,b729f60d26fde89a01f3fa89759d6b07t0ec4,0,0.9190189242362976
24,24108e769a15b155bd2d63c58368ae5946zhs,0,0.060294292867183685
24,bcda2135a2456d611876679b61dac500vs7sx,0,0.05675957724452019
24,e2165ff862178c7b2946f7f62f5a3e51wcvaw,0,0.0619346909224987
24,cb557e4675bf4f36f93ef5599adff545nz370,0,0.8409686088562012
24,6a2c4aeaa17c2fcf20958803a674f101vlxw1,0,0.05617048591375351
24,ffacbed056cbfaa60c1fcf51f0d381bddr3ly,0,0.05992618948221207
24,6ed39d7c89fa2d423017cc9811f0c469i2157,0,0.09198702871799469
24,d92c8c2d4c29d4c785431a8b34ea135awepbr,0,0.05980585142970085
24,e22850afda081aba360cc18e2a9021caqjjov,0,0.058223873376846313
24,3a32eb1c6dcc818e0df4953e978f2e89ljhnf,0,0.05937458947300911
24,17b41c48d6f53585c7bf3b65977eada0yxs8n,0,0.07406488060951233
24,44d34926c0863edb7575b819980e0e728pn5b,0,0.060515496879816055
24,171fbac128e6dcb51d0f07cf7ed8bd3er891e,0,0.9266115427017212
24,f01e3769fdce36d31eae85525827ab17xeu31,0,0.057912204414606094
24,fbacab353140582a4b8ae3412eefecbc753vs,0,0.06161000207066536
24,dcc5a79317a22bd0f6dca1f60fc866a8bei1d,0,0.06281008571386337
24,4d1542974bc322859d3d099b8c5193felot1k,0,0.3342883884906769
24,649b364bc466208e559858f0677b421dbnalw,0,0.0552031435072422
24,af14436f293c40a9904d9f06a323215bf7zdr,0,0.06021091714501381
24,f4294bb3abb69fa3183e7e851b58b278k83z3,0,0.06103147193789482
24,8cb96eaadc11cf4f914bad84518632e7czdyl,0,0.9225295186042786
24,e21b238213c361523d276d67f37c05e3qot5q,0,0.06057398393750191
24,86e698821a8aada613bfca1356d8cb7dopnv8,0,0.05910516530275345
24,384ba7c5a8ccf55d174080d9ad7de9b8mfysi,0,0.5514285564422607
24,96b7bb4238e7ebb439d81d63db4c2796aoofv,0,0.05664042383432388
24,cad9c97e99bd5753be98edd9ad8ec8c8c7r66,1,0.9275702834129333
24,d056594c1d7976b6ad4ba23e2b4cea19l2i0t,0,0.746783971786499
24,1e13eba969b6b953688c9e945544ac4741ilj,0,0.059858810156583786
24,86a34cdbb975c141eea1854b10dbf1c8seom3,0,0.05770224332809448
24,0825d381aa09d1d0c47c77c372f07acbe02ky,0,0.056419625878334045
24,461c1d143120270fff5ebc1b91934951378ud,0,0.06051911786198616
24,8f086b809805064f3c4a5dd48327c0f51yplz,1,0.714534342288971
24,a447127835855849fa2ee496d05e0847fgt68,0,0.8256779313087463
24,adc548d88b9a307ce0b58a0d11d3ae14gcfon,0,0.061389751732349396
24,a96039c7cfb1d040ca978ec5e66ee2c0sb5ht,0,0.05904226750135422
24,2b4b36fd77eaeabbdad8fac68b17ece5ey04u,0,0.062246475368738174
24,b258a38ef4cc6ea241b5473ee9badd32ekhoy,0,0.062018491327762604
24,942af1514033a612b203ec58f7894c9fv899u,0,0.06070033833384514
24,5bd35d55d367d7a21d98bf6a19fc0dc1e5j9p,0,0.05878613144159317
24,121578435bf4136746cd2a80f1990e07cv1px,0,0.05657757818698883
24,7d44df0d40982a6651a06cf533ef5dddtppag,0,0.8564987778663635
24,a46025d61131de18474aa6f167e04bf08w9x6,0,0.5349860191345215
24,1ccc69e376c95da9bd569a5d1a176874ivojs,0,0.05792510509490967
24,2e07d37dd022e72ab04da76f51edaa13qk5rv,0,0.05977186933159828
24,fb200accdd0411e96f1b0f6d6f6d4f52rgk01,0,0.059012625366449356
24,bb73823b1c3f577402c9aa9eabd1e412vp2xw,0,0.8442128300666809
24,e932ef68638c37220f4c2c386cf54578x4hpn,0,0.059639666229486465
24,2cc1c5bf18c858fd9c74901d8d80ab70ak8e0,1,0.9279625415802002
24,bdeb5eed17a812d2c47176e30b8553ae2k06g,0,0.06150031089782715
24,0d1815382b08885d76c671ab600133adeyp5e,0,0.7883850932121277
24,05c9fe8f8852ea069a93dfe39fc0571er9mdt,0,0.05647643655538559
24,7639039411fbcc6cf1013b247b2622a72g0r9,0,0.05776488780975342
24,4f57e657df5ee5d9207178b4b6858ddak9ouq,0,0.060702044516801834
24,4dd7f98cfffffd6f4707fd0deb4a00b5rj9wv,0,0.6953997015953064
24,30788b28de22d28938ecd7ed6795a8b022qm7,0,0.0619925819337368
24,1ba9422d7a55aa5abc3ff37d1cafa9f2yds7i,0,0.7633193731307983
24,ba0ca6f98ed66bdd1c4e86db2ce4011fdk6ii,0,0.7524293065071106
24,9df0031595e4105e4530ceee1a08faf319vvb,0,0.05617387220263481
24,70cc5da141baac4712163f5cd4bd4a50za0n9,0,0.8964067101478577
24,82ae4df0acf8237d7af1a790e3848645bp73e,0,0.05762941762804985
24,fa9cfea85e90bec313e512e9eeab2e869tvx8,0,0.9258488416671753
24,e10ae48cce1e198f7283064cc8a2f836iy0z6,0,0.05753292515873909
24,ba194af5111cfcf1dd95eb36160c728ds4kcy,0,0.05929059535264969
24,82f1ba4809f4812629e9e53ea4c687d7begx4,0,0.06157970428466797
24,c1d9c4c69367536d7b0ccac19527629f65025,0,0.060624394565820694
24,48badabcce6015d257ff5809761486c8qgjul,0,0.669894814491272
24,f725c5b4cece8353da7a636fcba0ecb5yxshd,0,0.8976567983627319
24,c4709885ecca7b90dea4beb5dabd68aegk2pz,0,0.06126626953482628
24,7291b7fba1b597d66bb8efd45fd0d354q71ka,0,0.06048721447587013
24,6c021878ba6173a04d55bc1cf5544ac1f3t02,0,0.9193308353424072
24,cab7ecf98fd0489389a3a8d3961defb3k66og,0,0.05850900337100029
24,459ea22b6b51936d0788de9f78a3547bf4jrw,0,0.05988287553191185
24,ee45b2475e453e69ce712388959fe4acspmvk,0,0.05714089050889015
24,e0a9e4ffe2acd28599dacb91c98c34bc66vo3,0,0.05609779804944992
24,7ec5c7e2317a9b68e861060531588f76fpldj,0,0.06209840252995491
24,cf18f6766fadce944ee74796489c23acmqhpe,0,0.059726532548666
24,a679d00c30c269a8eca148458abb8665kciaf,0,0.055026259273290634
24,28a0d5539562290a1a2f63d5b7230db090ys3,0,0.15912432968616486
24,20f206d2656116bed8dd46d5b70dac81lbgfk,0,0.05962594971060753
24,f219cbb3d454b32953619d5a4551f56dcg7gy,0,0.05709351599216461
24,d7eefaad31febe607c252199a7672420kl1el,1,0.9289242029190063
24,4c341a39553faef07ddb917ea4e069ed0yi3y,0,0.05725010484457016
24,f5ab013f90cb8890d33c6a309798204155q15,0,0.0603196807205677
24,aa3ac65055bb4b1660f4d8c1d2c187ecoqvn4,0,0.05922713503241539
24,fb9b1e58ffba4b38175c11e03e51e1f48dnm1,0,0.058219458907842636
24,2993e59bbbd7d14bf4bc21e4d2a4f8eeb18d2,0,0.05864092707633972
24,eeda0d135495167db9425fc5fa3a5e3ex2zel,0,0.062313709408044815
24,c0e4be8d520c7bac2f51ad80a98876c2aan70,0,0.060539886355400085
24,67fbdc4209a1566288acba904a2b5a7ee588g,0,0.5595366358757019
24,d4b2fd8f5e8e02b660e9803cbcfa6cf2t5szq,0,0.8098880052566528
24,51cf4dc8898554aedd8572f97a95ef5cpi3ct,0,0.20734700560569763
24,1689122c3b25d9e7adc626de84c10006fr2n5,0,0.05929631367325783
24,ca9e2287e98a718e20a8ed117dfcd699gxsp8,0,0.056077439337968826
24,14fe3602f049d4574cdbdef13789647dsgtqy,0,0.06189007684588432
24,5053e03863b6887308c8446cefeec429l94tg,0,0.1076849028468132
24,7ce3afe39ece9d672e9adcf3dcf2aa44a8r22,0,0.06738319247961044
24,4038ae3276c0b47f420a5d73687fb73bghgxf,0,0.06475286930799484
24,d4db72f36e6ad1668dbc0bf4f0e1c49bn12a2,0,0.0605158768594265
24,5e5d3410ca3605694b3c75b2274efd44c9vru,0,0.05996717885136604
24,817f8074bad1c717afaa8d1696f9b2b00muzw,0,0.06118418276309967
24,069d020584a0e8c61e622321d4c43881j7pl3,0,0.060888685286045074
24,f428427d7227ddcda377cd00f07749576c6b3,0,0.06243283674120903
24,603d769a86a359a0d41118b47c0ab41fx7kz5,0,0.05883527919650078
24,dfb23124fba16b7778f65c1c8d091f949jz0k,0,0.0628073513507843
24,ac9bf3a07831666bde4fefb75c184adekbrl0,0,0.06051671504974365
24,4985bdbf8710c33fd7c9d4771db7c690mcbyr,0,0.05987480655312538
24,0030a2dd87ad2733e0873062e4f83954mkj86,0,0.06273863464593887
24,fae553f133602fba6e9e6051dfb27fefkruax,1,0.9176181554794312
24,106f4ed8e9b727f8d94a1cd57e882a095pteo,0,0.060383088886737823
24,eaad20ae39d343daf76adc0b1a4984faumuzj,0,0.053596556186676025
24,e8bc0150097c1b2b8b8c374b69e0d3a6mxfcm,0,0.06134326383471489
24,4950352b0410495ef65a92b08b5be463c20yn,0,0.06223904341459274
24,e8581ec94cd4d5009ab6b36c6aca9f0cp3txb,0,0.05555720254778862
24,d42604c7cca8ec92839e92508f2a3e52ehz29,0,0.6828456521034241
24,f75a0f726d764514f612ee8cd8f65adegt02s,0,0.76025390625
24,3ce8aa0207022698b6d0eef09c89b381jzqi1,0,0.05606415122747421
24,fe27fe0815883aa3e1a312f0dcb45981txa2m,0,0.4806723892688751
24,8725b0aa1a32054450c16b099328fbcbi71gi,0,0.05963651090860367
24,da950a556200395a82e23e3bbfe1abb6xs258,0,0.059874165803194046
24,7e8650379cbcb3ef8f7f6aefcd678067kzbdi,0,0.05938927084207535
24,317d3e44b2bcfdd7293b84f82f44b8e31hx1r,0,0.06046583503484726
24,af50d549e86276f034e52037722dd5aetouu2,0,0.06018267571926117
24,167b4f37a264b72feb0f559b650d1cbd3ox60,0,0.05558474734425545
24,8152c94b639be88e7076f0e32bd70e0eg004b,0,0.05954766273498535
24,9ca7afbb673865b01cd4b02846054fc1p3vjn,0,0.9048008918762207
24,c46e21e01a3f4987e00109d1d5f48acb1q72y,0,0.060967620462179184
24,078e06b3288cf8f18ab7ed44b245fc56nbyfv,0,0.07720954716205597
24,e76057d8bcdbb3d2f935c30849a17e4d7ordt,0,0.0568423718214035
24,353d05bfefe1dd96d3335575ddadf310rgnrr,0,0.06077085807919502
24,c277151116ce38d8245f9f2308807af8t4nnj,1,0.7472670078277588
24,65435e491aa69dd9d44d70a9aeb6e847oqlty,0,0.05988483130931854
24,e5bde35da4abebe4fdb37a3c65124a57ff4vo,0,0.05745697394013405
24,91b8febfd1f556c06838992814e7653cr119e,0,0.057653218507766724
24,7a0b445f462d05606bf6ea07e2ab96ec1a4kx,0,0.05886995047330856
24,762046a235e00ec6521ba71aaa1450c28ijkz,0,0.9278210997581482
24,535ed161b4c9960a71ccd53128df4766ddyq6,1,0.9209654331207275
24,53856dce9187b16f2cf5e4e58f5d0397h7tz6,0,0.06222968176007271
24,c843f90bae7231af13dd0e064a469704drz2x,0,0.057542573660612106
24,76c85d6bf559bc0323bbe1639d233e88nxy36,0,0.8483968377113342
24,3dbb502d9d6f89b26f62cc804df54dcandhp0,0,0.06610450148582458
24,17dbe14676cd3a3cb8a7edb438622f7fv2scv,0,0.0571354515850544
24,baf1aa59ebedbacea2ca418c5aa83888imys2,0,0.06095591187477112
24,da00b16633eb706fb11d55868120cdd9so58j,0,0.7830660343170166
24,c910efe1f135b08acc32b2db162362033olvv,0,0.05885864794254303
24,04636b6c61c80f5325efe61183e8edb01ko20,0,0.05884890258312225
24,5a6376f140f05274d6e0dc888cbeb89eukxkd,0,0.07431554794311523
24,6e29de28296a57f039026ffc6df9145cxo2n0,0,0.9059379696846008
24,6a3b1ee159716b743ddb8e07e499fadbhqn74,0,0.05798999220132828
24,fa918060747386f431a511c862565e34y1pdw,0,0.058758314698934555
24,b8da3e0dc73d1f453ecbe6ee4d4e8791pr8az,0,0.05964762344956398
24,34e965deb822f329ecad42b94e8ba0ba3dpt0,0,0.8890505433082581
24,8fd35d215ab6530c2ef096c87233cbc93juwy,0,0.05909563973546028
24,21fd0c468438a483ad1c60cfd1b84b850iyjv,0,0.06352398544549942
24,c1859303603734d90d1a91d80977e14echjim,0,0.8910738229751587
24,79cdbe82ec79d0e60f1b113d9a5bc5b4ar8bk,0,0.0591626837849617
24,e0fde4b9b7ec14e80de3c811ecae157f6kqd9,0,0.057718198746442795
24,b6a3aa8c0f2302fa35d7b809d9371deeypvyh,0,0.257077157497406
24,3d7bd741177a712ae0417bc4f4a37bcf9jo2a,0,0.061415668576955795
24,042780ee9a3730703e35340c575c3cbb7zjwk,0,0.05991154909133911
24,f416aeaaafcbb66aabb77347776db008qw96o,0,0.7418004274368286
24,22e65b6bf73fab510ee814cbaeb9ebc1252mu,0,0.9060500264167786
24,4c46b1ea933d574a985776ed356312505nagr,0,0.05893901363015175
24,b28e6a39ef0cdda29c5e350e048c3a813idk1,0,0.06054248660802841
24,75613637a85df9328b743d33b0efbf1586qow,0,0.05886491388082504
24,ef65488c949595d7885525ccfab9100c6cmqb,0,0.2021491974592209
24,14c69cd7fbc8300876f287520c493fc8xe2o6,0,0.1036745086312294
24,f28b5654b5633a0b5e3f757a16080116sjj1b,0,0.17406761646270752
24,4de568a9b480f0dcd3f2ac385121d75bbpy82,0,0.06018023192882538
24,bb4af76ec92ce75e8abe9a6a481d4314jyo16,0,0.06264324486255646
24,37d71b4ae830fcfa6f0c4f65ec386414n8h5l,0,0.06014076992869377
24,b4210edd4ec9bf872c7108fdb3c6aae9cjwz7,0,0.056284062564373016
24,e9f928411213f44502e4942a29553ab1tbqgu,0,0.05554815009236336
24,65f52b46edfc7fa64b9e74557a78e52c1it54,0,0.06051250174641609
24,2a73f10b3b8f2b825e220ba0a1d2c49f9nikz,0,0.05674199014902115
24,f473c995ca7b5287f9b2f079f0d78a1e92226,0,0.8443692922592163
24,6da04647ce16d0f00051dfeaa94d3313ox30y,0,0.0553017258644104
24,1899fd76b484b9275854787a6b003b8a93js0,0,0.07090749591588974
24,8c339df2050a428c04a1c2bcbfe4a143loj8l,0,0.548475980758667
24,b3dc6151c6813688d0423dbab13d3f19crw2w,0,0.05890687182545662
24,fcda141af3b545332fc3b2d55a8bba74uw7s0,0,0.058944277465343475
24,0a9d614009139236f198ddb4759a498cen5ix,0,0.06013519689440727
24,741b9948c8cf42d658676e5a46757815zstr4,0,0.05842209607362747
24,205a011640002932a7bedbb93d81b68b8m93b,0,0.05934658274054527
24,55453d252a225f3b046c094a7aa330a80dr96,0,0.060571540147066116
24,424b638423f4862b2a84f22ec25fa22eb2c8p,0,0.062347277998924255
24,1b7c070ffb2c23c1d02ae5bc5d817d06qz4xb,0,0.0594974122941494
24,8b253bd318229b3eea3f459bd81b8347khytb,0,0.9277883768081665
24,0181b91f58e6cbaa832235e2879c9c00ovrzi,0,0.05880378186702728
24,c17c63af831939f5e2fd12f65821db65umonm,0,0.9210510849952698
24,03e884d3e7e3356608187d2345e4693fyt29x,0,0.05894646421074867
24,df12e679581fb2054907dae75c9c78ee9kzzv,0,0.05795814469456673
24,3fe1dacbdaf96fab0c213e218968c518twu76,0,0.15106116235256195
24,15f34e73687d7361ac0d780737fca261g2s9n,0,0.5695158839225769
24,1dfb637157cc0e590e50d724cd4cad6d4cacw,0,0.056791506707668304
24,b7e0afcd391a22444eaa566aa527eec0x2yv3,0,0.05720599740743637
24,c806dbb2decba0ed3c4ff5e2e60a74c2wjvbl,0,0.061764106154441833
