fold,bidder_id,y_true,y_prob
0,624f258b49e77713fc34034560f93fb3hu3jo,0,0.0025398105613287196
0,25558d24bca82beef0f9db4ba1fe2045ynnvq,0,0.004728000227681242
0,1b26a52e1e5980c8487bb35cf5027fdfwfnzp,0,0.0008764259875633092
0,c0549e76b179912d52a28c3eb9b29376yaxvu,0,0.006486420262608191
0,880f542a275df1251612886d408b32e8m96cp,0,0.002605002253494467
0,25d75fd439571c1d9b946f5ec833786063vom,0,0.005460097434104788
0,99acffc3cd9bfcd00668dbf472a1979350mxk,0,0.12478751088464925
0,11a38554244f3c14de043aaf52345c35jjqvo,0,0.3813279571313549
0,a22fdc066a738070c6e4860924d06657hengu,0,0.7706640464614812
0,c62bac5be6489bc0e0a7834a11167171c8ww3,0,0.011212644399033064
0,98783b6bd490f32f56c315307643c824nimw1,0,0.003574882935500947
0,5f50c6187a179e2ee7ba2fbcfc845c7a1smgr,0,0.006982007075130176
0,9434778d2268f1fa2a8ede48c0cd05c097zey,1,0.26591253218664807
0,5686520af5a4215a239418fec906f88e4she5,0,0.0026618164456468094
0,e98d8f348b266653b6784329782fd2e91vu3h,0,0.005060877363067371
0,19815d9bcdc74c3ddfb9ff210c1739f3tup3i,0,0.002635780911741833
0,1cbd9081de4481ada66f1853737f7684ddjd1,1,0.9791987189745487
0,e78cb9678684d649453cd5e1e46baf462lq87,0,0.029970569335149373
0,c5babbaace35399cf51a9356bbc22733xpi5h,0,0.003127518185183417
0,1cd8d86911413c73e92ad1170cae68c3pocsn,0,0.2887314536228294
0,1ae57d217b27820cabf6e24b721bfb38s6ja0,0,0.20436079372507118
0,21580623ea81c5b0b82aaf74890218e5mio2z,0,0.019508977691088503
0,806a46eb814ec7a09bfffcf38b0763d344tc3,0,0.0024806759360849386
0,80e753fbea14f966b1fc6d1e194d4e66822ms,0,0.17958907020494372
0,d0231e5200b870c055db7e3daae24bc8lt7at,0,0.003070100895430565
0,d27221cf2bfaf0fa7a60ffd3e1e3a53efagvp,0,0.42404458932952294
0,d5f997729fd5a0aa13307e027804de515jziv,0,0.11229055811740588
0,9653f425ed82418570fbca890f7032b16sjjd,0,0.00312608022962999
0,671fb1e314a1f480ba9ad9b5a1cf6a91w1k2f,0,0.010702964639028114
0,961ab8cb7952191816db53f8a11a35fe1zecm,0,0.010830527184916597
0,99fc8ed25265e58bc94d9d95180badf4t2e3i,0,0.038778958909708484
0,74ecf5f9adfa4dcca4dcf020209db81arynmk,0,0.019144742133794728
0,10383b390780e7b4b03dc32c94b4973f66wou,0,0.00685716092627623
0,2c72df02de4b36acf72ba549630808612ol08,0,0.004801675406206306
0,e613acb1029ecafd9792c9f75d468e4bmm9zn,0,0.003460242799039159
0,f186d292f4e83f70a92c97f92993f655ygqzw,0,0.0081117866865833
0,8ec8add138ed551bd5a9175eae0cb972ie0pk,0,0.014529252726109153
0,88103add66b7113729a9ca82540684c9il94h,0,0.03196900360323567
0,6a87cc9dacae884e817de2ee08452e76dx9mn,0,0.06621834711399482
0,4741959d26f99012b8a6a3e3954eae40hsy6j,0,0.018007229920397112
0,8b4071f3e2702b88481054081363bc15her3f,0,0.31871841434806636
0,e0413f338c43c9d55ba53612d2068f65t4gs6,0,0.0155092439420349
0,b8e47f06aef714b37073e72ac40a8100mew9c,0,0.002541483579849972
0,d6d68e218a6cafa246ed31185b09e1e1fsu8x,0,0.008323047341166168
0,666e1e141862a646afaa2b71fc7d2c25r1b4h,0,0.0038939883799068886
0,2918b09c1ed9e9e8602f85175b266aeej5v6w,0,0.04280996271736308
0,124727083cd4159b40ff8d4b36a89340l6fga,0,0.059442493806409834
0,cd856579a7c4850b60d8763520339449x0mqg,0,0.002323938337383521
0,4679df74080bc22e29676bddc5bcbf51gsyds,0,0.012960304230865102
0,e3ea1d5464543a1ef3a9b60394fc4ab6i1jk3,0,0.003660781572102368
0,01a39439e7afbdcfe385eedbddb23d76zgdrg,0,0.005438708706854308
0,eebfd257525e52b67969ae9d8760afff12j3d,0,0.004499860790398642
0,3d8cccb637b990ec64d662d66ec059cfn1p3p,0,0.010176878292560991
0,f46cfa9acdb6a4c419c70c19be4ff9523uixs,0,0.004776831137231657
0,dfd5c9157a0a771f235c32f30aedbf84e2552,0,0.01972375566788252
0,62ac0de5f8776ca1d189297bdea9a64cmewb9,0,0.003692610471878008
0,28c9a5ea8aae9fb4f6a755f94cd922361v9ow,0,0.3010030392023381
0,b9080651d16e3d6d2d83e1c5debb55b0qpwbv,0,0.04171874055197872
0,c8d972b803b46212369cf1b480328dcehb9jl,0,0.004751703498784305
0,b64c209b3d1d91a663d134961af89125u0s9a,0,0.006982007075130176
0,ead2ec4563ba25a9e9d417f1964b7504teqtp,0,0.31220243873544545
0,28aa6c505e308e49e586e25e1897ed2axjiy0,0,0.0028606943358922532
0,5850b68151cf0760e94acb39c4dfa02026k4u,0,0.005297738900627459
0,037d9f10da403d8d5f94b6e2957a3702f6x07,0,0.9141933739195777
0,f876e3be4038da62f49234ee498feb732gdcl,0,0.0021607785128092568
0,585b938fd44968d0d59fcac453cfb3b8p8nti,0,0.28449196081527384
0,c08e5e3325e2f4fea171f24ca018e675we8kj,0,0.006982007075130176
0,cf456f3c8c409ec4060142acfdabb5bbqpx7q,0,0.012549052921500502
0,c69e65de28937ebe1b94e7785afd94158thqk,0,0.5053473572846718
0,29544507566320f1125d8e9f9a0ab3f2jswhk,0,0.8088240095472573
0,1680f758aecded6e25096b3a6199b38en6n73,0,0.004610083074404377
0,1b0534afb7c02bb023bd4767ae73f17dqzqdu,0,0.30111895683466255
0,fb5a19240e36ae12aaccc1e9d9231144l32hv,0,0.037022253838270514
0,27cc072f1432f7aec4b7e17cf2e473f2x3bjg,0,0.9354678451926559
0,ea6c07fbbfc3f0e549701b1e7b90c4d21zfjl,0,0.07502018123506235
0,3733f7ea492eef1f69f98593d2122c50xwcha,0,0.0065351773515430036
0,7f4e84da8ed11f4ea3a2d276f49949b7o31us,0,0.002544768206093483
0,22401c4dc0cb1e5d52da01ebb8b2839cdoauo,0,0.013024420296177211
0,c18cfb38fe1c4c01705391422177265cn9w5x,0,0.034830056066826244
0,ca0c049b8c37c99ef93b6086e9947135onppq,0,0.00706212124820616
0,7fab82fa5eaea6a44eb743bc4bf356b3tarle,1,0.018007229920397112
0,dcac75b5ccc362a66e7f9112f033bdebchxq4,0,0.0015913475136967012
0,65659f3fbf6207c570c4bb8ac64772e9umh95,0,0.038055128995109135
0,ca0331fc37db2b251a012376f7b987fcma2jw,0,0.9385214930073339
0,b42ef139c2dfbff8356e8886d2b109e06riso,0,0.0030231129063123304
0,b970a53727b2bfaf02079779c846a52fj3f0q,0,0.0019702694692713047
0,3995d9ce0cebd62d77cb8add067d93e15oezc,0,0.0011362360605576564
0,2906a20e0b4f7ce840d051c4be898b66do6wh,0,0.007174671539733061
0,9b51afa3c3a736bdf93bd1f2a7b0a0903c34w,0,0.02449298786840205
0,6b9a3d480add21788772e118e6d51ed57e3w9,0,0.0071588249141370285
0,30ef7862d69b3440ebf2726ee85a0b8397ta7,0,0.0011251847654377143
0,8fe6da2176541d0ce24574dbb60f9107oq1kn,0,0.013126462655833756
0,2a5726bd00709641cc54a8ab5422cde3uchoe,0,0.12478751088464925
0,85371e59ea43c33c7e481ba3c214e893ail7f,0,0.001759776328120512
0,1c66f261724506bee45dd18a4d221bfeh1687,0,0.00906690693490647
0,fbca8e44d824faa1fa6b99325758ff19vi94a,0,0.1731112238129216
0,584d1d60d357a4ee1fd3b0a6a72de1dc4rodn,0,0.03074734984549836
0,0353aa9e97bd46119c90b8892f99982esfem3,0,0.013392592967358846
0,65d3cc1725c4506fe02be3e2b24435bbbd6qf,0,0.028583045480414116
0,b1bc9ff2b98df742affda07c5977c7345dpm5,0,0.005471576792506632
0,05c6b93bf8f083b2d0a03ffc0fc3524ba8fi5,0,0.01579945624346976
0,1bbfbd968c065ff5dabeffe311bc3ddeezbof,0,0.024540699321796203
0,e19f258fa5019e58974b562a8e1433ccluztk,0,0.03763569802800895
0,4703c8940eaa3f3bf5082ec2f155a8619i1yw,0,0.04202625207822481
0,c9fbbfcc89730e961499b4b30ffc4a98umxko,0,0.009786585586822091
0,a60101895443bfa5d4485b9c2c3e1b68t5ppq,0,0.003096349586139554
0,662b66b1227816c2f9017cadbc148381alne2,0,0.0021810844190202454
0,d7c046d4328c139e76fea7c1833e8fe6fx4yz,0,0.002176140436085558
0,0318e0a173f7c65db40116b903884c854x258,0,0.030095979223016343
0,6767cffbe2c0957492aa451560655be3hjd6s,0,0.2453660878341838
0,88bf2c0f5460e28deb5eca2ef8e5e809ol5ru,0,0.0005333775841114807
0,d8ff621bc161b09d9192c445f4b3be7b8xow6,0,0.002276377971048089
0,05a07a27e235d01fe480ea6ac73b8838jq28x,0,0.010898989823678257
0,272a9183c10d9e80eda8ccaf6682db71203nk,0,0.14713420958786508
0,9c223f867c65938ce8623fc41bec08485xddt,0,0.004121880871175845
0,f211ff014ed43c9054916f97d6187108mpxr6,0,0.9166716687660973
0,bba40511c6e56070602e8dde4229ff923zbuq,0,0.0024201422799064133
0,69b32dd82f265a04826106d17e2bac9ao9fu8,0,0.006385929575551475
0,4b3e6a8a52c413a32f76a6d7a84a54bb8gb0t,0,0.006982007075130176
0,676ad0665c9bf74329ddc1f70ea48c16stnux,0,0.0018308775885074748
0,47d1dbfb67706772f8a44f50e5656602z04rc,0,0.008056872808519066
0,6b85d622dec4fff284d55895eba9969dqlhu9,0,0.12565758109569483
0,4d0d345f552877998f41ba3cd1ba299885vu5,0,0.006982007075130176
0,055eb52087e0080b8ebca74be4f823f5c819l,0,0.04853962674829317
0,b7e16fd4fd9ff04b7d741b70730b7b6b1aw84,0,0.11205248254558026
0,5f7767924aa92a8f01b44a7e09f00a4dgqk8e,0,0.014001161653850631
0,bc7722baf876d0735ddc885691eb687bgz365,0,0.17262621519651183
0,cc78aba7eb8293a1d70f083bd747fa1450906,0,0.034830056066826244
0,420e7aebb49d7ab3c04e109a98e152d7kquiz,0,0.00226361668872266
0,61a4da78a5aa5bebcb3e9818a46771766gtq7,0,0.05000797894532278
0,ac94684646bc6f708dcf4566f41ec05es9v44,0,0.04111260614490389
0,8bf07d8631a2808f2c869e27afad2d41swgkd,1,0.9099452137214792
0,e2554dc14d54c3b7be85c59dbc1425f77qv4a,0,0.02837301046075565
0,f8c42ccd10c3fe515e53082f0cde9a18oxgws,0,0.22313646053824368
0,1717f6d4c48ae8d3e5f2566d4bb525f854j6d,0,0.003538157628175458
0,a9bfa54aef505d65ec488d8984c82a7bf0fjm,0,0.06454824567790167
0,f334d76f60cae7c67ab04b9e5cc49907hqsc4,0,0.10121582360404982
0,d38b2db568fb71174bf883554bea939ccts4m,0,0.0020326456367069285
0,48044b1b1f47f168864bc7c4a58a65ecmt187,0,0.012760173476861291
0,4c2af41637c123c78074e46a22526298vol9h,0,0.0023194260264911685
0,e2bda091a91082b774d59f2c5b8480ebbijs5,0,0.0017900292506409883
0,f05dfdaa2f67b190f3a79a5a2d5daf9coikow,0,0.02837301046075565
0,4761b2fdb4ce610d1d8dd9ea50f478cf7et0f,0,0.00232041966795959
0,ae6758a627a111f6d6b530b0154c429566o4k,1,0.09560638093542101
0,183c4e44d09bc4ab990b957e765af311vlup7,0,0.0030975261747728366
0,84d75f71a61667cd327367453b4c0d2frury9,0,0.003312461237736963
0,612d24dde60a1b42873ab7b50944c6dad3dcb,0,0.03536985945728061
0,313bb0007cbdd82f326d58c96847294c9hz4k,0,0.00155559488651819
0,c7ce5ac2fe5f03458fab59c78b19bf7c9wzf7,0,0.06909143815105702
0,a1922a9ee4f9f5d03fe11816c2cc3eb9ivcbp,0,0.00232041966795959
0,d1780c224460a0c20d5c2f5f68714c5264xd0,0,0.006982007075130176
0,f9ab998f3adb944a1cd1847a097fbc0bw61nf,0,0.001746407147100201
0,c41f5fb84d9f9e2456a5264c79919569vrhau,0,0.005992535640700966
0,b5a92183d20e5ca98da4065c874e0b9dezbhx,0,0.41007048756249953
0,0c5992f18244e24d2d7b4708a512378729eev,0,0.05950644827495596
0,0580f2e77b4c0dd3b5cda8a1641cb9fenmo0i,0,0.023308246256329043
0,dc9a7ebdb6fb8dd3267ac26dbe5a62b68e4vw,0,0.006982007075130176
0,147164a9fe8a6bce381a224e9f13207cc1mdg,0,0.032555764292592056
0,5920a92dc2b65e257061017a04eb5361tpa9b,1,0.8952467788780115
0,2d9579812895729581ce269ea17462197jxvy,1,0.9099138199520388
0,f19531503f1485a3014189a80971c6fb0d9fu,0,0.025401550902007
0,8acae9b2e5454fbd92fd0b3d79fe89ad6w2wp,0,0.011922156607310093
0,5b1bc916ca111874eda3bbe669957cb1d3mck,0,0.00563625915615068
0,f73eb6e2e7a872f97c715ccdcddac77am8bq5,0,0.17469123519603988
0,b1c2e7ee5c69722df6233541ad5e784eutiv2,0,0.006566646284134576
0,3312b8e73417810a88be459d75fe9bc2xhd8v,0,0.00920205153219784
0,44c38c27b9de757c8c7c05cf07b7e3eb14qpt,0,0.21580817109689912
0,9ba7cbcf531c20ef7cc55a6da5c0654evwt1d,0,0.03748171471007915
0,61337802cac534b7e7711793039782d6f1yy9,0,0.026026818498890582
0,497b8beb19a7f674bc53acf7f5c7ec8cxv68x,0,0.0031847229130706946
0,43553dd8b9370fbba5efa6b652d9b43ezsj11,0,0.006085550819830099
0,8cc03b92898255ce4b096454645599ae5zoc0,0,0.002719030261970903
0,aea096a392f55d95c3e45251931e9755a9t3o,0,0.18483255764889764
0,05ae7ea9549ae298bbbc8002b4229392e0ilf,0,0.0014072738043006828
0,a5fb60c136b7e0a6d0d6e27cadb2a797225r6,0,0.03147033383645762
0,ee5afe7f268aaa88598545df890f4e5fzari6,0,0.008768725698333705
0,8ebc5b544d62622e45e1ee22a56265e0xwwsb,0,0.03236732116828596
0,d9a813646e8fae954898c1279196f5493gqzc,0,0.002986568130577699
0,99ca795998fb781a42d85f1abeb50482yzffz,0,0.3577131042803879
0,2fc0efdb6ff10d51e3a4d979ee52cf07p4068,0,0.01955564076045504
0,047558bebab9292a5d4c85d6ee768784j2hdd,0,0.00598504569466955
0,85499f83c5f1674c87d0fe77838c4da793u8y,0,0.03825896824474933
0,bfc7a0819397d910db7c24eaba1ed4c68dwiq,0,0.0014197007567846858
0,693085cbb28f505f03b025dac8681a3bvfot8,0,0.39353495844110453
0,40829191b83242ef1f380f90876cdd74mrqe1,0,0.009178299115089807
0,309f446bdb138faeb18072285ccd9901gz80c,0,0.5008332946304406
0,4dbc8d336dbe0241c9bbb0f3630f25059yo43,0,0.04853962674829317
0,5bb3c3ff71ef6560c7600c512128ffc8js7py,0,0.041292933827172126
0,fe6ed3a12fbbf5da4980337564361710v2y21,0,0.013664659818657856
0,d26cca81c93b52ae3564aa6cdf33f5d5mkliw,0,0.0019269106428078146
0,8e05310a342aec93aaec69a638e83a96aqyo7,1,0.5722315159421208
0,6e848149cabc4434155aacb610fb20de6vq5b,1,0.1963181120839177
0,3550d62e04bd3a1239eedbc29d9c970279b1v,0,0.0063775863410430655
0,eb8f9ca4a23586f5acc770fff966f654dy7g0,0,0.04853962674829317
0,fec57d2db5692eb144a71aaa35a11b58delkw,0,0.007955049658923378
0,8bbb16c0a1bb808389051c875ebab1cea0v56,0,0.004678668362533997
0,74ae4f7b1692dc42622696303d9d4d763vksg,0,0.0026163438847040966
0,83a24bbff5a4cf9d9fb10391102708f1oqpco,0,0.0026541079401105
0,8d638f6da12614d6b369249410c3d278n8qme,0,0.05389859291511652
0,aee383561c0019dc01552bfa5263af8etbuc7,0,0.008804694374505257
0,9d1506d6779356dda24ed87d41f3be39yn1rc,0,0.005086967701051313
0,01cda526658455000913950f20cf31a2q6nsf,0,0.006284778579301015
0,08981037e7a6c9032716ff25b15c9de25p63s,0,0.9150089858858131
0,d7b66d95bcfba06122dc6f7a3c605fd73239a,0,0.004906862101207617
0,28b4c35bd90c81ca959da328806469d493mvj,0,0.038055128995109135
0,4af5e2532224f9f7d1d039704573d9205jbkv,0,0.6474723233509014
0,292dedb5371b8e0ebbeea57f14b35713e2ie2,0,0.002288589126345448
0,4992da4511c3c1b4efed3e16c7d8dec65ilfj,0,0.02545989256537515
0,2b19566f190ff3b8a85884e03c64fb56ir8a8,0,0.02447178398636049
0,d3920630f4891b9ef1a8a199ce5c830aua4yi,0,0.4518977428172345
0,3a32eb1c6dcc818e0df4953e978f2e89ljhnf,0,0.0019255351166490486
0,f9753e9fd6e25e0a1ae176ab95c31146iaqnv,0,0.004200694866660865
0,83aa7c2c8c018888d9ebc6daf63bddb6f2i0d,0,0.0017096166279595287
0,17b41c48d6f53585c7bf3b65977eada0yxs8n,0,0.052516960106339564
0,e7cf764619380e5303089f04bf647f10thebb,0,0.016293544522232948
0,fbacab353140582a4b8ae3412eefecbc753vs,0,0.04556711653569445
0,1def3e23e479c9739abce6b3518013d39oejk,0,0.15162417608402076
0,f9378eb3e522beef7e6a4e1f275bbe0eaboro,0,0.006982007075130176
0,465c4f2ad08cc1e5f7a5e1e3ac75654ealh0g,0,0.006978453194902711
0,6e178db6d17d21aa88aaca5bf15c2761lc500,0,0.5209551862454508
0,ec3b2ff6f725e847f93285bc9d2b7b3dvcd4u,0,0.004048123171977344
0,649b364bc466208e559858f0677b421dbnalw,0,0.0014491895346811403
0,af14436f293c40a9904d9f06a323215bf7zdr,0,0.004946925889651065
0,559bccfe60c7193963f09388fb681ea65k7dp,0,0.0026577652729869346
0,6429ef4aebc7d1f4027b31a6e900d165nqvyz,0,0.005899754520331483
0,2137e2626c568af8e56bfb72fdd5b9e19qiyt,0,0.006571930080435247
0,b8d88a1167ab74ba64fd6d9c83308a6d4oa6v,0,0.012770985128633153
0,8cb96eaadc11cf4f914bad84518632e7czdyl,0,0.9584518481077592
0,f0fd9f1b3fc9ff10c2642b3bf81946e2rsq48,0,0.006210311699808896
0,8e0462410d727b34290fec10fd5661761yc8u,0,0.0036001160657334248
0,c1d14f4355b7d3ef80f02628e5ef1d56u2510,0,0.018007229920397112
0,86e698821a8aada613bfca1356d8cb7dopnv8,0,0.0021572984634786662
0,384ba7c5a8ccf55d174080d9ad7de9b8mfysi,0,0.009405880631997151
0,d8a4b49ed9ca241f025cdbd9637198fb71qmz,0,0.003951794715504419
0,6a97f70ba29a04e77eb3b137e157070dc2mqc,0,0.014068248024390518
0,5771ce26e8b0fcbe7e90106955638b251qj2w,0,0.09736483098486867
0,ba266f4898bf572447ad65856b362595yjt2a,0,0.0037498600911706945
0,2daa71f0d138b8c2d61583d3b98a25e1mjp9c,0,0.0013290326678021818
0,2b429b9235bab2877cd93ac6d9fbc2d7tzwre,0,0.1216925785601441
0,80d8e3bfc8a2ecbf22614befbdaacf5fo6o5o,0,0.038055128995109135
0,5b0665172160ea4015e79dfbcfa7ed86oe0mc,0,0.42436531596256105
0,1e13eba969b6b953688c9e945544ac4741ilj,0,0.007683476790455079
0,9f280cd011f10593dc245dad1d93b11dy6rg5,0,0.0024711551620951624
0,69d8fbf99586bfaac64d31f82b9bee27wltkd,0,0.06336813484710199
0,3e9180fdf158409adc96aceffab6e00bejjah,0,0.002235140037502349
0,0825d381aa09d1d0c47c77c372f07acbe02ky,0,0.03319079819874079
0,461c1d143120270fff5ebc1b91934951378ud,0,0.03859023471117425
0,1d69e006699adba0c79ab06f2f622445nuu63,0,0.00247862731841008
0,47183c1427a3cee97ff9bd167844e65d9dzi2,0,0.03927184019309572
0,8f086b809805064f3c4a5dd48327c0f51yplz,1,0.04742120808254212
0,a447127835855849fa2ee496d05e0847fgt68,0,0.7988600828079098
0,5ccc30558d4c218cbb4d36872fb82a03rjxgz,0,0.002688909448718047
0,3318a824cfbd3d3d177ab7e9520b21cbsrcgr,0,0.001997605078782501
0,78c82f2e8764bc8001354128f9265efcqrthe,0,0.015176230308248181
0,7a3378ad9999b1fde0a4562a9b036f038cdal,0,0.006982007075130176
0,5bd35d55d367d7a21d98bf6a19fc0dc1e5j9p,0,0.002758976664167776
0,a0d080012ab98513e39234e4545e93be17tt5,0,0.001809470194607748
0,4b32495335dd238db6285f7c6bbe051fv1qoe,0,0.017270073393736995
0,121578435bf4136746cd2a80f1990e07cv1px,0,0.026035129071873997
0,7d44df0d40982a6651a06cf533ef5dddtppag,0,0.01053824839350902
0,6a31ec9cbfe23a9398e80403859f0402cg4ql,0,0.002576648271071757
0,1ccc69e376c95da9bd569a5d1a176874ivojs,0,0.0018616212344865733
0,c58ffa073b3b3deb4e993ee5dd05347cmvfur,0,0.0020064140666825664
0,100d406b638e84e2da7c31b03100b874qiay2,0,0.033583553517145724
0,3e995d6f9dda5f29c02af4c9fcb94bac0csrw,0,0.455737900780606
0,e932ef68638c37220f4c2c386cf54578x4hpn,0,0.002524352705693081
0,65996114740a63c9e0fde74bfb6725b1k9nuz,0,0.002180213499385165
0,bdeb5eed17a812d2c47176e30b8553ae2k06g,0,0.059580745658351315
0,a0420d3961adf890fccf4b43899708f6h40zs,0,0.03190012231328728
0,7c0add0ef85bb5194e95ceaea737f90fyv13c,0,0.0042167587364660575
0,9197b6590c6dceabd88ec93157fcc31fgb8a4,0,0.00405344840538777
0,57c4421263d37c2cd2573cd7245a7a80h0mjf,0,0.07379945272414085
0,baff2ce04381eb1bc4747d557bf52208vqmby,0,0.002487232813038385
0,cd9a7b22d85c35845260cd61a4b65cb2meyel,0,0.004934382707065702
0,7188dec1b560385b0826f78e7608fdfeai9fm,0,0.6635864092472376
0,36473d4c641c4c09c20c80e2ab35a36dwzp5d,0,0.0015405942265194175
0,4579226b86f3ca5b5ea1597efabae4c42j4rw,0,0.0015370295109384243
0,4cd52ae88da3e30dbe01da5048151c98p4f0v,0,0.36258431584452366
0,0d9f78a6084bf15f42210bfeba95621255c89,0,0.0022013738728531417
0,c34e1a988fb471e9eb8a5e84bb8ddf90k4hng,0,0.08500202879938314
0,ca28bff4ab1f6e74bf08b92e16989e11vn2mf,0,0.0032179163541495416
0,6c0030ed696c4156b6ea3472374f6b54s4ih4,0,0.01664639956421496
0,a961ba95d1685705953ace49a29424e2ld1ek,0,0.008173483020763959
0,f725c5b4cece8353da7a636fcba0ecb5yxshd,0,0.023849883142320023
0,c16a9bdd369ed3ec2891c46e64017560fbx69,0,0.004015181095789077
0,a027780df5d0312919d41edfd4947f27odx7t,0,0.1727743375539249
0,2cbc26f228e0556f268e0dc1bd9ac0a5lzdfh,0,0.11590828307391292
0,2e33b1ee8a9d4a5cc5f886ca455e8f86kxu5r,0,0.00966407354819206
0,7b22c9a323baf4a7bc7a3761e4a30bfajixmt,0,0.003953019169980604
0,e578807073c57556ce334044382a9b98iaz6o,0,0.03436757390393669
0,f430aac3f0f7f88a9b504bbb71322d54mct7s,0,0.04853962674829317
0,74487d5ffd5c34de4fecaf9dcb66f86b0wwa2,0,0.013764879333315098
0,2012c722a90bc47f1abbc8319d0cea51p7l5b,0,0.004977979076249717
0,2234754e09ba15519d0104c405326fc4igk0s,0,0.012883106283614455
0,96982cc1eefd6f526b512755151227c3h2w3l,0,0.01760564886976658
0,10f01aff2fc23653ca7ea1d74248357a889wv,0,0.003745082388480535
0,6d501ebf066c0331853f1bee9754e781obu7z,0,0.030264205017397624
0,f5ab013f90cb8890d33c6a309798204155q15,0,0.0017147829568278955
0,37bf6f23b628a3e2b5b22ba81beccbef0efoh,0,0.7537740056584196
0,fa6bfb4a2156dc8e73a713cdab85bc4bmcmwr,0,0.018007229920397112
0,7eb7b2f6a914afba5c3d207dc28a93aed9pnc,0,0.010717390226386472
0,031da7aea2d4b75ac8ecba4825bc1318yki1d,0,0.003582148365676071
0,bb43fc12fbb0fd2b2536e4033ababf59exffy,0,0.028739414864134446
0,466ebf78d7326a38db1e19fdc1c70e9b1qu0z,0,0.003786712600518612
0,9be39ea5a0612fae7bc43a25a6d10856l3qaj,1,0.04393837418295991
0,340d7ea497f16bdb912ec5c6ce467f71kk7hy,1,0.17058621315561426
0,437c191e614776c1535305f602ea9033sdfmf,0,0.0021628874586161963
0,5c5dbe70c2cb05d208c22d204146e1e9f3lvq,0,0.01378221293042431
0,cf1f2b6f29840e1ecbb31d18fb128c38bseas,0,0.9588981221420306
0,f0e1c483773c2ef8466d152874872139e0wcu,0,0.0026365721777830402
0,faaa98763b59ed5f02836d4bd682035bfhujq,0,0.0036944254156190083
0,20fcf71ad6fbd43f6f5fe493a6bc3ecfextqf,0,0.0016377603204751343
0,862eef3a75e1351593b54975cd8ae1b3swcxw,0,0.03466847137145969
0,35a02f50226eeda275b29a09acef2177k95eb,0,0.011260033310825701
0,6ab75792932fb1ea6fc74a18edb7888c2orvk,0,0.009730128323529801
0,936a335eab4643c3529968a4d9b0c380esi7q,0,0.005684823056600209
0,603d769a86a359a0d41118b47c0ab41fx7kz5,0,0.005573203006581508
0,6affd6d2976aa7c48dac70612fc8e31ddo7j5,1,0.9815892106024571
0,19b39b852ed4abf1ba5b095829e25b946aed1,1,0.2591410399249641
0,a6f994251abda6687ada2e9de52bddb5cisa7,0,0.0021794407993484936
0,8473148f069a890b7323fe8316861a71qoxv1,0,0.010604901606121311
0,4985bdbf8710c33fd7c9d4771db7c690mcbyr,0,0.0025167855603800107
0,fae553f133602fba6e9e6051dfb27fefkruax,1,0.7006336919124407
0,db12e9cad5e847cd7a40ec1ee649e475iwzqo,0,0.006982007075130176
0,197e90906939267ace2422e78e8e83889znqp,0,0.025321438160673383
0,31c840378b5c2e4469fd2e7f5a1e5a7d92k7u,0,0.0034237792891962525
0,874f882f7efff96263e9b555415aac36dsxry,0,0.003916441519200411
0,ef415b2bbbb81ed33cec7242678975d5m5qk6,0,0.007034020287532688
0,b0014101fe1b510ea150c149145dbced3q3md,0,0.002935039265402497
0,c8b23d6565e11d874e221f41440ffd25mrucd,0,0.05963729738346342
0,f75a0f726d764514f612ee8cd8f65adegt02s,0,0.014526951799341874
0,cbe8d224a38ccff930674361b502e7beyuf1k,0,0.00232041966795959
0,3714da7069a5205137cacf89ab3a136ffx2u2,1,0.45956970352472565
0,c616385a2762ecfd8e4ea16d8a1f2596qw07a,0,0.011154686954596125
0,1ea558fc18eb1b3ed7759a3aed7662d3p77wq,0,0.15675083349833394
0,8ab98c1e6cbfb902af4e02050a886396a40bg,0,0.00257551988713748
0,da950a556200395a82e23e3bbfe1abb6xs258,0,0.0027569176164740274
0,13c4c826516304555e291d3d91c108b3ytpmj,0,0.0012728048349979525
0,fdf908d608a629d5ebde14819231878dojel8,0,0.011972108249401937
0,bc3d08ad6ac94b8b5ce40a29b59899cakj3p5,0,0.12848337288964595
0,e56f611f1157381f4b689ab34b574e791qhcn,1,0.8716029574612814
0,2dc309478d30d440e75c932b1f13a8fai2p2e,0,0.004992105977947937
0,76f17ce227e593aeff456fed46e36c83a3j72,0,0.24027477481444853
0,af33d5277890ef0b5f55fbbf400441c9hdehk,0,0.0030409725954570646
0,6bdb40330295fb3abd4647808c319d29pb29n,1,0.0038359680987237826
0,429b876aa7e2d6741ddf322685363ccchue2v,0,0.0028647526154658323
0,036a4050a5dd65e70f0f613ec2e38a74re026,0,0.001809470194607748
0,0918eedd8324da06abe5600f058480dc75nfo,0,0.004025846228301225
0,0f3ee77a46dd5a09ad20b7c3e54ec614sbpvb,1,0.03297470343067746
0,70739399d69a3b7ea9e72742dc728742zp9uf,0,0.018007229920397112
0,470727c18798cf0e0ecc2a0dca207cafuena7,0,0.018007229920397112
0,ec96b5b27dc870c8f59ef11b7371b06eenaox,0,0.0024802977399252775
0,91b8febfd1f556c06838992814e7653cr119e,0,0.007602690545047936
0,cf06ff5f520b14d1f9f1cf5a7ff34982bj4md,0,0.001552021296921419
0,53856dce9187b16f2cf5e4e58f5d0397h7tz6,0,0.04616279097400859
0,a6230fdfd4879433e36a76d53440f426c7a7a,0,0.0634132053206019
0,c843f90bae7231af13dd0e064a469704drz2x,0,0.006012191918915585
0,13812c0d2c8c474bd62481d932407687o26kg,0,0.02416902016095632
0,283987b9f1ffd4514757483ee1f01351xd678,0,0.12397089959504864
0,3dbb502d9d6f89b26f62cc804df54dcandhp0,0,0.13071981580464254
0,5c32e357936f8977277d9b23d8f09f34v41wt,0,0.001477521366752983
0,da00b16633eb706fb11d55868120cdd9so58j,0,0.15538671232695672
0,c910efe1f135b08acc32b2db162362033olvv,0,0.0028345491534622963
0,04636b6c61c80f5325efe61183e8edb01ko20,0,0.010319473484106384
0,24db47d284a08aaf119eb3e0c45eb646i46j5,0,0.026056562088299914
0,2f9ea407ba48ae05f98fdf634995d936xefau,0,0.5965583887450857
0,35f822bee4f85d98d5b1b23c65681974ywyuv,0,0.0025398105613287196
0,abf6c2cd31be1630f5a7a1219935011c3rkqt,0,0.006531631246862377
0,7ba17b1eb362ef91a99a6f021b3f2b63uyo76,0,0.04619909954882584
0,c36fad0b52a6be6ec32cc5530c0a2aednea6k,0,0.04079818113214148
0,bbf1dcd2f0100fa90e4a8544b90e35846p5y0,0,0.006006100451801014
0,e60b306c01cf0c0be5c7d54facf927044g5d2,0,0.06296128008799957
0,f416aeaaafcbb66aabb77347776db008qw96o,0,0.06394593806139452
0,f4d69870de1e803fe00f8126e73a7e33zwcds,0,0.04408197354410535
0,b28e6a39ef0cdda29c5e350e048c3a813idk1,0,0.018007229920397112
0,75613637a85df9328b743d33b0efbf1586qow,0,0.005173267147092681
0,01f498a0992d280de63ec346692efb2blckg2,0,0.4518977428172345
0,f1e57f96a91c185a7ea716c2481cabecpi3ia,0,0.006655299020213762
0,964028ac24d4ca16c4b63f64b06df1c8ltrrl,0,0.00023282529555061136
0,7505bfc1ca67a5ae14e329b46a88ab869ms9g,1,0.8452909546459545
0,14c69cd7fbc8300876f287520c493fc8xe2o6,0,0.007210437235128052
0,c888cda1ef5931da0db90f6803cd0d368ay6r,0,0.015047297314206362
0,7bb58b7875a093cbe7c5d487a825b730mjcw8,1,0.9581350996591235
0,b4210edd4ec9bf872c7108fdb3c6aae9cjwz7,0,0.025364138958272445
0,4fcdd880c4e1a1767c4d26f74bb3466f11osj,0,0.006982007075130176
0,771f6754997a1954eced81d46348b4762k475,0,0.5053359294419693
0,6da04647ce16d0f00051dfeaa94d3313ox30y,0,0.012107141809197955
0,f7b25abd850df9b0e0b305c6810e1ec3qbtaf,0,0.003927461767552374
0,cdf1fdd424a11dde166c4bf069d6998eph7b1,0,0.3837465831308853
0,d154075c75cbb3f4b716a16c88eedd774i8s0,0,0.011296297533756343
0,7d063aa96e7a065ed5ff9deb7c851bddhrxdj,0,0.008225933055148696
0,fdd6944b3c3caaa7d1234ecfc11f8d080h90x,0,0.003682133876046595
0,4c93ba564461b1412df6f033c8ef71e8ck438,0,0.013183530461531243
0,205a011640002932a7bedbb93d81b68b8m93b,0,0.008091996251189238
0,61e4b6ad0fc268d42c330ec99fd8c939yb7t1,0,0.00048102980720130857
0,b08034d2d4fa400b457d4a59a2482e8enfhqw,0,0.0020747631399313333
0,8b253bd318229b3eea3f459bd81b8347khytb,0,0.9462320268710465
0,c17c63af831939f5e2fd12f65821db65umonm,0,0.5202278389093337
0,f0c034c46dfb78d2e9e67fd4fa1688fa6mv8k,0,0.001199621585466712
0,3d575194dae5a2e2966abdf84d800a3bgbsd8,0,0.0028635008948691243
0,d1200a75b6c05584f4f902e74d3dead76cj15,0,0.008743275097405969
0,4070f6ad5da385ba11cc99183817eb20h69v1,0,0.007545191559553308
0,f6485cac867e1e7d2d991838551b4c4bfnarv,0,0.018376714636593728
1,4ab12bc61c82ddd9c2d65e60555808acqgos1,0,0.1015169022629743
1,88ae7a35e374a6fddd079ebb28c822eeohwse,0,0.06251603091925827
1,57db69e32163f3e486dc6ef7d615aa12usje6,0,0.019338427282753427
1,d91a4421996dcf429f575e372915cdcedae6g,0,0.08090120834664302
1,5354c02817e47f28e60e44a40ca5e48dll4sz,1,0.4451744798606645
1,eaaae0fb54c7d36724a9679c3128d5a7gn4k5,0,0.24534488320947806
1,95fede5853bfffda8f50f6af494ff1d1hsgie,0,0.06159918118780491
1,d36857d18a397e7e24d05dcbef3b919ftjstv,0,0.03260941764586228
1,29cc13d48af9832e0eb481c8a095fec7mom74,0,0.006646123290274536
1,c0e1ecd40b81bda3b7dcec501334499dgzq17,0,0.018132497577667047
1,e3ccc9bd16fa1f4a92fe87b4a54e5e72uficw,0,0.5103940870702701
1,a3c2ba79963b637f15086e6255a46253lwpnb,0,0.004716007241483915
1,09d71d3e6a6871a7598dc2764c5bb4ffkz6mc,0,0.003945222949128679
1,8e1f8e5907b3cc256a2a57ae9ac81e063gbz4,0,0.001812981721273112
1,f769b9f92260ecf046efd05bf9ab6822j7c02,0,0.0015512614298945316
1,1e342381f2c64318a51a9b71d91897f8dv9ul,0,0.4738044284121915
1,001068c415025a009fee375a12cff4fcnht8y,0,0.061066452887612116
1,d9c6b6d7290e4475bcd6d264fb33a706fqtvc,0,0.06659436765989604
1,9ded76c5244a2116a3b5432fa265a800j0bvt,0,0.007567119062944492
1,827da66b68b225547050c11df16f845618ptk,0,0.0012225832423917039
1,ff58ffde976a4899dcd89597a7877e18lntgz,0,0.20006055009704507
1,758bd601d6700494300ec1647682eb34vq1zp,0,0.007373978650319579
1,461dc3d03d1e28d52770a4d3dc7db34558fcg,0,0.004055606754640333
1,915ccac760c7359a446100fd1a54bbf6oyrzf,0,0.00734343421699982
1,60b8145bcfed7a5f2a23b596a8aff99cdzn4m,0,0.009378776013159385
1,75c4518eba20c9299a3a836d9905c327w6j8b,0,0.32978822587419443
1,226017dcd6506ce20886540ff734210d8hib1,0,0.007291393825287493
1,5960fc711b544e2617d0f76360b69e2afds2b,0,0.18965332522372516
1,ae94687eaad6b410713db9106c42566axgn9n,0,0.01951046644501121
1,8c2bdb9dd878a811701838002627a056be0ce,0,0.46412043201567926
1,36b84c776aea2e008180dbc72393ed750zsbr,0,0.028488870682388198
1,8d43ad48f315364be4d979d2e9d5ee67quqyi,0,0.013007541633032122
1,7264bde42ef4fe3fa19cc7c6d64696cf7pqtd,0,0.004413358589080538
1,f90f13ddfc0f98cbe3c2346a2e30093cq6zo0,0,0.001901490705197319
1,19353c42feb91a216885fe012efdfb11s2iu8,0,0.0017016240525062456
1,fdd836950d203286832a21b930b9f6b58ch7s,0,0.03915307731473256
1,3be127c56b2de21dfcf2836f20afe249hqkxy,0,0.011055028849491649
1,8126928a319468b6da5edce4097d2398xwita,0,0.028078215110298062
1,85155ae64ccbde01b48fbf4b3f1b739exmqyu,0,0.001818049728481333
1,de9f5df5962dc171c7d82ab503c36dbfwicon,0,0.007180232378920489
1,a94c16f8a98e493e2b4390b1975e690dv8cmu,0,0.010694396001377346
1,2515c5fd81638d5d0bca39a2b2be3995tante,0,0.39768903495022395
1,c48fd9c589f273945bad5f0cea5993ba2fet4,0,0.6713777100667621
1,1880a778c9dd0cb15ca1f052308a8e04g7e35,0,0.0038191664584849142
1,5948bcd0f773286ff7d5cde332c7ae6918jt6,0,0.156367465107517
1,08515611e73803dc6d8c562b8514dfb5qi3z9,0,0.2961128215836104
1,99bcfc00be736e03facf0afeb79ac533cs7tp,0,0.11061159502710385
1,ac494ae5acf003f84ba46f5741618a8dn19qi,0,0.0021030117133534936
1,ea57e35acda9a8f8b75f4d9bc049f74d7qx3t,0,0.011380311349774682
1,408f81a85f3b31f8cabedf6ccd381961pop72,0,0.0029400470313752426
1,4376fc192e83a1a5d7a83085369916e8rr035,0,0.0032262078150552954
1,a2d0b7ec1595325cc63777f106e09fcd88y5g,0,0.02208628692130449
1,ea5948061b2059bcbd900d3ae7e86e428ae8g,0,0.15984802395784528
1,17c87408ee1009887112745797caeb7fwvqfc,0,0.0047949896363865836
1,ee052a24cd3164af9d08fe77bd6b79dfrbelk,0,0.004708783244314011
1,205c519be884c5b1c885f61c4ba8738a737qg,0,0.9168257473435893
1,d2138bce99f535c244dab68652ccfa2enshxk,0,0.00250497220290867
1,97b002c9936e63a1fb9994a67615e84fft019,0,0.0027237805573648542
1,76a8a9566e21595a1ac06cc0050626c1q7a83,0,0.0016256013089741266
1,26190fcf0babdbe0b0d903f325c52873tpj7e,0,0.020589201547694485
1,f0f21cd3d51b7a233988cb1c3c5df977zjqkj,0,0.002117944036525002
1,791031a63c9e2b4835caa9a4cc1768baias2l,0,0.0014394623119029803
1,055282b75717345ba6f53d40e9e6d6c56qrzp,0,0.01119354918170615
1,e22528ef6a439aff5a8b19f8c9b07c19fyzs6,0,0.009437888128967634
1,d3c80e9f6b8e1d774679fd8dd5aae611e3qls,0,0.0013239151054298512
1,334714f005e994d46cf4d18093dd4d05fyxc8,1,0.496900382515447
1,300bb4c9816a7064b106c9c6cec2f51ei13n5,0,0.007463909114331481
1,340bc29eeeb9b9d04eb1fb72a1a9a2444brgk,0,0.009837615654059526
1,e03311c7620a8098b7a177a5f1ad213ernao3,0,0.003306212637692566
1,01eb9dcbd0b3e79d94020d13d83a993ec9d2a,0,0.0032291031545845887
1,c9056fc0cade75299ed4438567a87d6ek44pt,0,0.006017786890661506
1,74f153bd134afc92866a6bc5cceb2088120y0,0,0.00250497220290867
1,74866aaa89db79f25dc0fae8be067b83xlbm6,0,0.002069144641867537
1,6a5457f1038c6e1cf9feb57529ce07b2sff4d,0,0.019891756640718277
1,c755d2832026bc2a6f5d2d6df5740f06mr3nj,0,0.003545601306214842
1,7f86c3c417ae1db5bea10bf9d0a7827ct3ni4,0,0.421091525965814
1,cba6f45915ebbd4b5404c6d357153c0adeblt,0,0.09138075266913062
1,ca391c857d7aa75a72e2d7c3133e0d6ay9pil,0,0.18730911539947379
1,dc752fa41d974bf688d25ea9d18e9a2eit904,0,0.0022284953302673435
1,f2bf8c94172c4d71076e151cb4e136007iiur,0,0.0010866613688094778
1,dcd54d7afa6820e3f00e1c9e83aecc7b4f3lw,0,0.2709582351167045
1,79c18f0460f9bd86bcfb25da96d91490jfuxv,0,0.002012715408175424
1,f18d2ebbd5e48ef4f1ee412339d6ed7adr9qi,0,0.000877675586809193
1,0d0d43ac593a891ce100d8202d3d72c3xsma8,0,0.0018281175165337441
1,9819825acfa7e20c47a78bda5e76b195jh0gd,0,0.04037491283875411
1,b232fdca7cb98028e8945005f619fb28p8788,0,0.0016472733632631686
1,db80f065a93cc6b41d12af614bc3ec11kpwjp,0,0.2621014378282745
1,7029915a2c5aa5d964acfd85c30c3950b4opr,0,0.008539402548317745
1,295fbc4ef00fe0cea7947811e78bb8aez9ti2,0,0.028488870682388198
1,11b1859aaf7fa93818baa76007cf7207d8uwy,0,0.001600626665375216
1,57e1892d3d62d87c9ba5e8425a1958c0fn11u,0,0.01827337756990962
1,67083f257438b1b79cb09cfa601890855of77,0,0.0017522226008579215
1,db5e9f85e7d180f7d952f12e5dae5900q9xif,0,0.0008424749936162224
1,e24542c1bd46a4a0f98b0fa95d8fc40brecdx,1,0.4878061559305029
1,39f9dad880d32ee607af7571ec24807bn1g2d,0,0.06353523217536051
1,37921a9d842612b3b0281f7098d0002539xrj,0,0.0015072200397310295
1,c6f07c222aa3a9d35b0e01f8959ffd21oownr,0,0.0014051358106427468
1,86b6207b5e87d58ae307bdc1545a101akz0ew,0,0.0010367458233564004
1,4c2699de8bc9516b09c5e5c8bae6d6c6xiry9,0,0.0011299713630268042
1,d8d90875fbcf94c3b4c5c00479cbed6e1mqrl,0,0.001978077982976329
1,cafa845bd657b17eaa82940d4767d9dfe9uxg,0,0.01862072716005214
1,9211adb9cc770c78a70b55441acd146bfxnz2,0,0.004239792077961438
1,45927dd51fb4301c459ab96d48f64752q0o9e,0,0.00152234772929517
1,7f603f668968facebb0567015ad4c201kikrh,0,0.0009985060647861776
1,ff566c87f2babf3dcd67be286e1c6666cxzh1,0,0.0013255566079701697
1,56cfe8b0d574e1df3f823c2cf32226eff52uw,0,0.0019822237175132233
1,b6a7b5bba132a90e7c7cb350d2bfa52d7sion,0,0.9504081496049427
1,a664b6b42fd48403fbd34800063fa50bz6k4m,1,0.9913446316295254
1,84bd02dc56fb7c3402426ef7e8e166e2ptwo6,0,0.06578965582631217
1,29b8af2fea3881ef61911612372dac41vczqv,0,0.06498580633131924
1,c1434e440370882ecf00ac52140f7adbuy1e9,0,0.00436621124903317
1,8bf04b0a219c7834b25057c0220b4d0dhwdsg,0,0.0013082358103545357
1,9393cc68d0357d7b200a94fdf93ee3cf7xg5l,0,0.0035173153626981766
1,45c3a73b88760d4390f42ea4fae97d84la5wh,0,0.001694007741315806
1,82194e7d8f9b84e71b789e763b5c3263r6d98,0,0.0036265841276453856
1,2794512e8edad5f99d28c33c7560fccb9zl8i,0,0.6682916356343317
1,40ef6a4a0c99b478fee1c93f4105b9d9mh9iv,0,0.03137117209239553
1,b725a638efd8d51f66ae2f22ce1df678p9es7,0,0.25054199679238315
1,8cba56e5e7c2be942ea8472b73f0842fil1x0,0,0.008984022733143937
1,0853bead89b03dd38a04d84f4312da7dukglz,0,0.007103998164857244
1,cb9a75312b809291306c6213ed5dc67dw31qz,0,0.13584172986882653
1,86091a1e6c99358936979baf67d54457x1dzy,0,0.001947941313951817
1,8720f071e045d4cec9d707c583a3d64avjyyy,0,0.03985981629760351
1,6db047b1bdd342c09ecf9f5eecccaa4fy5l0q,0,0.22370731704420593
1,e0a87bc26e13c599894d7a5103fdca786tfat,0,0.01653697760059015
1,b9743f78108aefe3995e1c2291b5f3278cgpk,0,0.01643746060535906
1,7daf0e51b276c6ab5bd2ccf520dae106graj8,0,0.0017579309149488816
1,b071545f5ad73150880c42e780d951bdzvxn7,0,0.027361627999664538
1,1dead8a9cc54fdcf7a7c16dc6e06a3bbusgcu,0,0.010569527313763654
1,de8943f2b113702c98ef695888b7d0c6my29p,0,0.24959364473522455
1,2d113999234e06201c0940286d405453wqjsw,0,0.0177038362366816
1,429f301119adc32d35541dd4d60903563s7nr,0,0.04563515598148182
1,54e279a4e162af7fc55d640aa62d0cbc9hxil,0,0.03170177147673923
1,34cc283e180fcd4902ef8758714c6d83th4nf,0,0.011340085421041491
1,9af8e7dbdc3c620c8144d736242b3bd2fdbpx,0,0.001833546299170129
1,73d4cec0ad358d272d757e0fce8440d01fvw8,0,0.028488870682388198
1,fba0c76970a464cfa9c043c906442f0eg53a2,0,0.010694396001377346
1,84a773b3c9d300834d9d57af5dc83091y54cx,0,0.0011104387466572066
1,a6ec153fc7002cfd929b9f7199914cf75upgt,1,0.03362077595016903
1,655b88e646b94d0adb9e15e9f3b9c9a4lvcrz,0,0.07013613768821418
1,03a1e81cb7bcd15014489a6f752c9d5b7pvel,0,0.06351457694506452
1,33189c09ca7067834fd25a54920f82d4nd7a4,1,0.9346389788685513
1,557f06b312e040ed3cd7dd2a011cb83avyut1,0,0.018230569462398087
1,3128932859bba46f57cdd19579c42e05lif6h,0,0.0022066595062002585
1,ef905e4d866c43dbc345751e7fabe5a568kjs,0,0.18965332522372516
1,18b5e850a1c10e681cb5fae0704a699018x6f,0,0.028488870682388198
1,1cf0d30e0bf9f4a536b1fe16ecc26cd22j50c,0,0.17722750881604007
1,02030ec48b7179a7fd9950fdf546e3feekkye,0,0.003931877277722333
1,49c3957287d24e69713e4355933b74baoijix,0,0.0022930785053112664
1,59fe751fb6c277016b7ebe3609aa1b15vhg7w,0,0.00250497220290867
1,3e85a43950c71b1988a814682abd4392yakvp,0,0.28225816116211117
1,f0567f6d45c0f83b9874681fe8dfe0ba6hjlf,0,0.03818695716213933
1,a4734769962126673e975a627e930b5fgc79n,0,0.006973729646908022
1,39802378690e7d0c61d294f5898852b96hsfh,0,0.028488870682388198
1,ed5fc53d096bcf1b86c30128040e775334ut0,0,0.1890460406196185
1,58c3300ea9095cf5e59e27abf2a905ce7tl6p,0,0.027900874463689593
1,25b58d1533e04571bbc674dab28973f8hha3w,0,0.0012004820960032556
1,173991472d4ee18932f8514b9d4a9dba7rjqa,0,0.00410185989782763
1,4922d20e07d04601e8724be5e9f9576blyccu,0,0.32978822587419443
1,06b2d71c26ef3b6e29277f761cd0db90wuwjo,0,0.19674970373920309
1,45fe4f0fb849e7195a1efd5495d1285f2culj,0,0.0013619823171085862
1,14bcf558addd6e6f2818ab2bda7dc679jqoon,0,0.005774053929392001
1,5830a96593aff3e951919578f7374f09pqyc0,1,0.8134615407803044
1,0af208c4fc46ef9236052ff495016326zxoqf,0,0.0031411127496177886
1,9db7471a12cc3b8fa3cba86bc00abde2t2wz5,0,0.0026757191655493446
1,8251041848182e6468c8119905a177dekmshg,0,0.009939865078792283
1,c8d3fc73c1a41bf92a5e4982eb6cf78du8gg5,0,0.0012610322082545434
1,6a1d4042a5f3a3f34f5b3ea753ecce30l0qj1,0,0.00556095465095704
1,42f754cb72e01c08005598e1f9383341fn7xh,0,0.01621545143675889
1,f019bd7ec140624144c4a9b40c42bec9jok79,0,0.006711304973286362
1,511a640e38bf03022300f5503cceb2cd3f361,0,0.025691665668698807
1,d3ab33e9314c95d6806813171f292299tmprm,0,0.0009447355404286465
1,1ef47d501d4b36498b51e184b1027981xu89r,0,0.0020268065636252124
1,a15766d8d3d231f862996eb3ec33559735a3d,0,0.0025825195213711604
1,cd35a3230456d4a245806e476c63e9a1evu7i,0,0.03137117209239553
1,5dd3494b46f39f8c8783c25527b64dd8hp8ti,0,0.01862072716005214
1,0bf6e0e5184b3599bbb4ba1fb3a43549ije34,0,0.27139531560824054
1,3ef757c3d6a272681c69bbd7e071b705yzt8t,0,0.0020458401503148974
1,42025aabb56a61f3bea90d27b283b517dyk4t,0,0.3611897334054396
1,67616fd2a1de5c46e32041354efa88ceahbhq,0,0.30058111268369836
1,3ee7de4c5a5e31b7b407827ae1370f70suenu,0,0.002217549490495126
1,39a5a16e5a67c2fb51789cea4d3091f0mv996,0,0.0036277144617917314
1,eec2ea9d9b292a343f8ee566ba252baapagwb,0,0.015417661392135218
1,95efb775460080c0da57e154f27876d75xnsx,0,0.001958192695501733
1,d092609f5140c62ec64ddd7615c25792qgdrd,0,0.0038037435334665093
1,fb81da0790d821a22617d748d0226540ylrj6,0,0.03160279251841108
1,1afac423a94778ddf9b6c1dc0df7105cgp1tp,0,0.0033529033544868786
1,f12120e467869d3d5dbf7c7d0566a8e7bmmhk,0,0.04072823426525123
1,497ef6187e03fd9d4387ac436461a40f982dq,0,0.003446975989432226
1,36f52ad1abfd307b73c9b69cd5197dddmmxgr,0,0.0013634496268757745
1,a13da89a3a54ac9b4ced156542afca5ddyumw,0,0.05604525770428598
1,c2f592fbdc8980229367e1db4d0f7a51my54g,0,0.09157901913834074
1,1c950af57581698616bd9923cc94fef25n5wh,0,0.0018106786296358207
1,c963c2dcbeeb0b7051bd3a6a87483ce6i98xx,0,0.014714380880286447
1,24108e769a15b155bd2d63c58368ae5946zhs,0,0.007209206372859231
1,cb557e4675bf4f36f93ef5599adff545nz370,0,0.0051059577217829775
1,332484ddd66b9a3db89ee68f08b1288amq90u,0,0.004245208806019063
1,f5edfebe95b4f637d1bcceb892b73dc7rhn7l,0,0.08807463785741104
1,ed5ee107143980558fae26c1b5c7b81a82spj,0,0.003986454258290709
1,519c0f3b989c8e1781e0910f685980ce15wzr,0,0.0016913453659119968
1,37702159c6cd2c1a21cf66600e96cdc6rdbff,0,0.01123639841349707
1,8644c9765c64da22776cd67eefe0f498u3aaz,0,0.0005787200776000831
1,6ed39d7c89fa2d423017cc9811f0c469i2157,0,0.0071737215446843385
1,c08ae3075278ed0d139f00ead52ac2b0oy8nw,0,0.0015940947014538409
1,00a0517965f18610417ee784a05f494d4dw6e,0,0.012700964992720061
1,49eaad86d095aa5af75ce34e59e4b7f1mmf9q,0,0.006348433302208296
1,ed4802c318a7e04a5703ed115fe4f3a3kkugq,0,0.01041458615528239
1,b1e106943db37b1d002bcbe06b264b8bahuy0,0,0.0021877995785221996
1,dcc5a79317a22bd0f6dca1f60fc866a8bei1d,0,0.5169202734284725
1,4d1542974bc322859d3d099b8c5193felot1k,0,0.8472119973434862
1,08353687608279ddd83e4d36fadd1cd8ritj3,0,0.003474525011964553
1,cc4763c97c3d7cc9116e0a51a6d1f2e82242i,0,0.0014300337838183785
1,470a0e402bb9cb4d48c2a450d2043e87flc2m,0,0.0033991813435747314
1,d863897264a7e52d9c6a1be6dc453c6c9anz0,1,0.9602196532503912
1,67d6466d7f4a32d294196b8c16ee0b03kn9tf,0,0.050213690023601106
1,86a626c876e7eb4be35f4f0b0a78f97a1rn7h,0,0.0012097837700108343
1,bf8de839c1a8b7994d19049667548e4ewchpm,0,0.00221478670369357
1,5ddf9ae899e629acf3e78141a9712a05a4feq,0,0.3830561140372511
1,2b13a870a46975494b749feea0c5c7ed170ll,0,0.005082002584426967
1,a7bc17dfb615eacffe397be5b2c2f3a6r0bb9,0,0.003349381036956943
1,cad9c97e99bd5753be98edd9ad8ec8c8c7r66,1,0.7330558646520272
1,a06311ea45de34bf667b79a92d13c764i6aiy,0,0.5169202734284725
1,9a5fb8e2e5add29b006d789e4cfd1513paga5,0,0.01123639841349707
1,95af80db42edfce4e937550d60d79561punym,0,0.010694396001377346
1,adc548d88b9a307ce0b58a0d11d3ae14gcfon,0,0.06567623627839642
1,6b3cff1e3d9398d4c125e7bcf612192dy1gwn,0,0.010694396001377346
1,2b4b36fd77eaeabbdad8fac68b17ece5ey04u,0,0.010694396001377346
1,f069e2e45ce316168a94b972c5b7d6b0f342m,0,0.34245023889378867
1,942af1514033a612b203ec58f7894c9fv899u,0,0.03636344678701934
1,43295f805d813e816fee438d9a394bc4o4of1,0,0.0012847911972228435
1,8c3631460a4d25d2b21b1f92ebbad752a19ww,0,0.0019687416919320615
1,ca68a41b3a4062f154dc1ae8456cd792d6kp1,0,0.01325176430837675
1,59cad1329d42bda3d678bae082bee7edgvt7q,0,0.0030188020892417187
1,a71f84e476d03bd0b25d45e44eeed9a8efehw,0,0.3269147866444744
1,c0e3343070766b359c664f93ca65040b6bh2k,1,0.031177244457524383
1,d3f595832d80988c2016aeafd125d8f072r4h,0,0.010924978025763745
1,84560dfb1400fe920a29ca2c728acf1e25eli,0,0.0021818888845462825
1,78e59e188d9780cb8988d574f692ed343s129,0,0.004581844040888175
1,781972f2af3af2abc492f9dbb0f6fceahnban,0,0.002447888304424281
1,2f9a7b01fcce94499a59aebfac98fe1ezsk1y,0,0.002821665657230703
1,7a9519ae09e328b09d18473f96ef075fzrs1v,0,0.003706007683820827
1,12df4a9cf4eb203909e6763960b79238cb0yg,0,0.007798850620128158
1,7639039411fbcc6cf1013b247b2622a72g0r9,0,0.009525111924580694
1,67fd1325fbe3cd75a110cc80b9df9708l0w52,0,0.14546430062116392
1,9bd2d79f328a5afe815d5832e521aa9187q2j,0,0.37474938897589416
1,4f57e657df5ee5d9207178b4b6858ddak9ouq,0,0.005747629608151039
1,a3d0a600cdb44f03d58f27b19247cd0d4az4k,0,0.003011778800860527
1,e587d92842526255c86d3b0d425747ecib83l,0,0.1337643258470182
1,58c2b44923882a8252963e78886adaefh7hnm,0,0.18965332522372516
1,25f1a9c0c83eefedfc2c1589e763c2a3is1qy,0,0.001781784904326849
1,70cc5da141baac4712163f5cd4bd4a50za0n9,0,0.005835500328705469
1,71c2561141c55414618d67d1a8aebac1n0fjx,0,0.02208628692130449
1,59d96b423ea3ed56611686300b681f3defm4n,0,0.018127171223826233
1,461b089147eb78c582ca8a30fa7581a7mflo5,0,0.004980902711023281
1,ba194af5111cfcf1dd95eb36160c728ds4kcy,0,0.0016134207393260578
1,9ab00034c9b00521ce121adb5dd4aa15tlhc4,0,0.001524972527213879
1,2e463fe6bc1616f8392f82c138a6a436mbtjx,0,0.0021773881980043297
1,25f59f9da43b6806aaa125fa61974591sacso,0,0.0012179615254011764
1,45e4c7fe66077b5b7b338f19f476f9d85jlk0,0,0.0023699253529177716
1,7291b7fba1b597d66bb8efd45fd0d354q71ka,0,0.18965332522372516
1,cab7ecf98fd0489389a3a8d3961defb3k66og,0,0.0011977927902327883
1,7da6a36817cf2d8c3be218a32ab25550c8kg7,0,0.005434303949856422
1,058a4e0ac0a20f504cc9c6aae2a896e6too9v,0,0.00295994319340524
1,624ae2fe9394700eae7a35806e4bafaeq9cty,0,0.00782679046950789
1,14e29ea004067aace14ee4543876a06365os8,0,0.0055823300987441395
1,8cab09b069755eca2b4e7fd6f6981d7d8n88o,0,0.001170277727809189
1,3ecced86078287dbd2eac2cfac98367fbbelu,0,0.018755865688438244
1,7ec5c7e2317a9b68e861060531588f76fpldj,0,0.01653697760059015
1,c41ea39b2e13b0fc9ccccc2546f924f1obd0w,0,0.008012989897870805
1,782557b3ec17063f2a36fc9193ed3200h14me,0,0.23788159162596667
1,54957cfd12ec8c64918b6200ea25d27fsc9hx,0,0.002077437382825876
1,a3ef8289a92196b07e2e7371bb111e3aom07k,0,0.005749165564408675
1,b9fd0772481bf459179a3b4ab49171693im97,0,0.001004285805347851
1,462df7ecf1d47980dea6a93d44fb408d4u2d5,0,0.03056791749437874
1,5e3747785e44d85a41a74470c051e946x01dp,0,0.05604525770428598
1,2cbacd5b066b7dff7e0a87e1ef00e0b4zpqzw,0,0.022802604245477566
1,7bad0fc50ac7d249e0a3d8b83f68e855fcnxu,0,0.18965332522372516
1,1f2d607e5cc04e790e3961a6432d7c15hn4qb,0,0.0029542886974674365
1,20f206d2656116bed8dd46d5b70dac81lbgfk,0,0.0009531232446559613
1,29db827ba14938954c90cefe40d26fe1130kd,0,0.0023486184195344872
1,d7eefaad31febe607c252199a7672420kl1el,1,0.9676521733087908
1,6d033ec559ea79a8ffb90d80e0b24e93j82av,0,0.24924776636814355
1,a8a81bb8a3a35572bd1f9922f5a31217pw41k,0,0.010694396001377346
1,2993e59bbbd7d14bf4bc21e4d2a4f8eeb18d2,0,0.0075870123481758915
1,5c2d250afe88df6e4ca3ff08d991eb67s5erh,0,0.005739893899051995
1,783d5c219ff84cc0517f59a39bb98e18st85m,0,0.012405890805128765
1,874402ea8b408a017756404006b12708d9s6u,0,0.0013134706386339298
1,c8f537f6bb0aa2d45da541a875f014358qm7p,1,0.02791722052276039
1,72b21fb7cd32b1a65bed8a12eb94a8b7qa7rl,0,0.07242937433162333
1,29013ddeb60a18f7d3bf9f3aaaebae6c8651o,0,0.016121940040081672
1,16e2e48cff6faab74e1f5c47669dfbbda7l5z,0,0.03459963364964333
1,0ae09b09369c76737cba059d192451001nwce,0,0.00993535088459471
1,aa1c013a1de168c611560ca2afe78111g8i6s,0,0.2659359058558029
1,5053e03863b6887308c8446cefeec429l94tg,0,0.1712918669578752
1,7ce3afe39ece9d672e9adcf3dcf2aa44a8r22,0,0.012315158590178794
1,76ab7c99de4a3141bf617bf30bec9feep3zuy,0,0.0010171226537617742
1,93e3c34171ab65e0b031dc67461e48b478u36,0,0.002165270591003012
1,3c77ec9f79f6febf630325ef84f2a0bcl3qg1,0,0.006485397119873268
1,8df5d645ed4040b857c121a4459b7976n5u3b,0,0.01818428312307183
1,ae29b39843141a73b39ada671ce6b6c0yxlb6,0,0.0011064176206520692
1,4483201dee43b51f338c0efd3b13bb895tric,0,0.006785164558557657
1,16065749457a14b26998fefca503c3ecf9og8,0,0.006772487645919877
1,ecce760edfc6ec5cd5ddc7037c514dc3zod4i,0,0.00471882080588638
1,4b9bf4cf1085e9d839e833e4b9d40f2a8ps14,0,0.004772508490503712
1,7b31d9d8b5e749cdd2c300cbcbb5f875kjlsz,1,0.9159099601569999
1,ac9bf3a07831666bde4fefb75c184adekbrl0,0,0.00706321094419366
1,50859deae0e0a599efde1725cde3a8b8dw86a,0,0.00802799627223203
1,6faffebbde541edfccdb2725e430870cbkvo0,0,0.04570933653524438
1,0eeffc5039b27a4dc2e420eca75b1fa55rv5q,0,0.003131732513532634
1,664adb319c2be43104b6565a8ff293dea0f01,0,0.0018055537478381702
1,6e8cd4699eedf0075cf5662e1fff3a857bycf,0,0.0019338458968365326
1,97268eb2ac171298eb03ecc6445d6879wk3pu,0,0.0012037096352987774
1,eaad20ae39d343daf76adc0b1a4984faumuzj,0,0.030037639077439972
1,9d33ed2efcfaddba0307d12142f3041ce731l,0,0.03917644210379314
1,75339aea3f29d7d9a8d67ed3fe1c89c3owsq5,0,0.033776920469905436
1,d42604c7cca8ec92839e92508f2a3e52ehz29,0,0.004210832107146458
1,b2968116361fd43589bde8eca72c5767o71qc,0,0.010999474849668272
1,825226b69f2a5a8337ca611b38223989aumow,0,0.003448559148359643
1,e12177ff9c1a8413996f7b1a590980c82ofeo,1,0.2555620636805426
1,a8b8959fe64f490d32fc15a5d1144f87qj9ai,0,0.0010113954784133166
1,3ce8aa0207022698b6d0eef09c89b381jzqi1,0,0.01965826636582399
1,e8291466de91b0eb4e1515143c7f74dexy2yr,0,0.6679568357826225
1,bdab2be5a94c6380c60b902310cbe1b6rs4iw,0,0.008182463723383762
1,4cf9c56df4594860df56285e9293a7f7evfix,0,0.02883286504044591
1,460e932b11a1529d78246317757899ccfaxng,0,0.14536180604986895
1,c353286290001e0943ed9bb160145c42etrf8,0,0.010694396001377346
1,25a4ee3a528004bcf4f4bf62b9208a7dx96pt,0,0.1701711226082596
1,c46e21e01a3f4987e00109d1d5f48acb1q72y,0,0.0020014773021531243
1,76ed824b414b5e690ff82e7cd2f5be52256my,0,0.41836748126251055
1,64f6b099082e4fb2e8da7ba4ae9abdead2cej,0,0.009661690784674564
1,74a35c4376559c911fdb5e9cfb78c5e4btqew,1,0.01653697760059015
1,679fe2a21415aa98a3cfb88abd0507edzjpsw,0,0.06159918118780491
1,c277151116ce38d8245f9f2308807af8t4nnj,1,0.0015747812969122061
1,110d2e689da119388dcb6e235749b787ni298,0,0.006640561474839923
1,0f33df2513a519a35c8b3dcf1d7c7416jjjzk,0,0.2587035272455752
1,fff2c070d8200e0a09150bd81452ce29ngcnv,0,0.028488870682388198
1,7f3516b1bd7e5571ab964ba0affe9302brn6q,0,0.0022776429327190147
1,e5bde35da4abebe4fdb37a3c65124a57ff4vo,0,0.01091167505344962
1,44bc1c87245aac66d176620f6ac9611ddbcil,0,0.0011939482178037317
1,3144ea2711bef53de88d89d71acd16c5q0bzh,0,0.005505438416585978
1,40f2eaf03624a31952397644f1b79a6fvtfjf,0,0.02400154604242419
1,f3d3c913b225bc6cdb98c60f0936f7cbj8k3a,0,0.002232093278405877
1,eeb7e43d894af9161f84692f2bf9570fdryzr,0,0.01818428312307183
1,6c6c3559c5f656c71348f7cadf29bb12okgl1,0,0.0013285865928350815
1,c780bc2dc7ab83d5e5c85dd13f0f7fdecfxjq,1,0.15317143811236128
1,3b8320619393a6f6bf12219b61cda688k4w4e,0,0.0017630674426977967
1,eef111bfb93c213c174947c69b2f2b38cr2pw,0,0.08125489699957207
1,5a6376f140f05274d6e0dc888cbeb89eukxkd,0,0.6270479445313236
1,caa74df2086d71caf6c1b2b9c81d3d98xhpv9,0,0.016679795583670925
1,f2f10539ed947e4b141b2e9bf21af65ecz4f7,1,0.8975507723148012
1,4b72cbc9d9ef0238bb666feea6d79e718qry1,0,0.04743198171094076
1,1fcca45fdd3d1d3638821f41e032f170en3h7,0,0.0009572851213653599
1,0446457fc8e21596799158406f77b14catx8w,0,0.028488870682388198
1,6d1354e720cb9ec90e19e29f5f895669qh6g6,0,0.028488870682388198
1,dfa7ead5ef84eebc79c67d3daac340b0exa41,0,0.0010113954784133166
1,916d2d806b772c9f227a9b3640e31469ljrxo,0,0.30413211656893224
1,eace2a2890644d703c619fff7e41a9a16k7lf,0,0.0017628735438742246
1,4d2fc319ce6c2ad370052e0f6f2b0a1dxiyau,0,0.012901052243673732
1,90bb553b65144cafddc3f3d4a7783667a06ga,0,0.0015831152202129082
1,c1859303603734d90d1a91d80977e14echjim,0,0.4674822601523289
1,33ba799fab5e4145b54fac4234bb6e13up0tu,0,0.008971617394716367
1,c128bfe7aba668d71126d51b32428c01tkq99,0,0.7848595909211107
1,698da938f6fc36305616aa6f8affd53fobj5y,0,0.01221861495037134
1,6f6c9a1964fd4bbc082f2afdbf2d2af6ypdhn,0,0.003406991136935409
1,4641b5a43c7a2496ef93af2ca590d2c94s20x,0,0.00308690861804749
1,8bc2a424939c50eaf4a652e253421b0f9b0y9,0,0.2589332078607031
1,77bc113594866d4902d6f867a456750c9vvmu,0,0.01632656912682669
1,e0fde4b9b7ec14e80de3c811ecae157f6kqd9,0,0.11054554031850511
1,b6a3aa8c0f2302fa35d7b809d9371deeypvyh,0,0.09160071641544361
1,fc16993f1fdbd5fa8f8ddd72b40442f0qwyo1,0,0.028488870682388198
1,3d7bd741177a712ae0417bc4f4a37bcf9jo2a,0,0.017699713258571437
1,77b342f0d8769898619a935e267eaad25rubb,0,0.00461654290573542
1,9dc039dc57fd67bd9e7157f4f697ae7eloov1,0,0.2875878644340358
1,ccf30c9533a66f22f1c65910ae1bac1a1fs05,0,0.20730745102010353
1,417adcdcd7157e75c66469c07208af00qjnuo,0,0.041884152892654576
1,a58ace8b671a7531c88814bc86b2a34cf0crb,0,0.07141566198566139
1,e18ddfca4efb99a785c68ede9ef773ea8sfmz,0,0.028488870682388198
1,1a5d7993b43386f64fcf4b84e7b183a6ref21,0,0.012700388937704019
1,ff4e39c0be8af4b17a73dcb761e4bb6dmop0m,0,0.002143857282882658
1,920540ac4168ed08a1e297395a68d718gsqdn,0,0.18965332522372516
1,2d38a6af2ce96c1446f900aa4756b8975y9k3,0,0.000520605668360931
1,b1ae4691fefd3d09d74096ec4caaa6d1v6tbw,0,0.002291100434759403
1,0ad17aa9111f657d71cd3005599afc24fd44y,1,0.9479511982446631
1,4566ae63ee93ffc6b000b5cbea7f6a8ehbg00,0,0.001518830153612065
1,622a477170c3e2215b7e3cdb06db93aezz6t7,0,0.011248507796278017
1,802a819acf0601b43fe5426cb48ac0bbqwfu8,0,0.9911491778801266
1,b217ca4cdea62a3977481e398d2cc9bd4sxht,0,0.001256468916507703
1,c1c22607e7899ada525b74e757d248ac2b8ac,0,0.293569782922883
1,458c8c4e10e5c1b29e3fbe5ee56d46e8y3fb3,1,0.814972223682146
1,120c8b384858420c4e46e354c86f4ca393w0i,0,0.012132760587315708
1,0a9d614009139236f198ddb4759a498cen5ix,0,0.0021699725171623074
1,222d3e39d4a292d79aeef4c04e52aaf24mgkb,0,0.012374049103445015
1,5db8eed67a7b648d1f2173b665b79de2vwdlu,0,0.009170647950539236
1,12fefd74d82d90541872847f199f6324cowi5,0,0.0020874079426733763
1,e54c3b01eab75ad3a616d56dd06ebef758ua8,0,0.002573071262613375
1,ba258a455ca17f2c13cab3d0afc7de0b48h0t,0,0.0017459045134089765
1,7e34a26c4c339e875997f4b9239d2b5fscng4,0,0.9787794266750273
1,17a321c4a0d925ca80507effa52330ac5n5r7,1,0.012905598241291907
1,235f78b13fc87c995c1f309403ee56bb54tu5,0,0.011223628678637102
1,9f34ed261596a1114cefe81158c5617biq26c,0,0.028543908249775502
1,0181b91f58e6cbaa832235e2879c9c00ovrzi,0,0.0015657832494443314
1,df12e679581fb2054907dae75c9c78ee9kzzv,0,0.013947348504051214
1,b7e0afcd391a22444eaa566aa527eec0x2yv3,0,0.002758146162094443
2,d1be739798ba0745a1fd72ac918a9f1929hei,0,0.0009284391561499546
2,0a6ba32afe4756995db2f5cf2461cddbvj445,0,0.0008281639025480562
2,fa64831ab5ade55daee13f852c16b0a84ujt0,0,0.05181405909167262
2,38e919293f5dbd62d87ce288e41aae2a281m2,0,0.07379260671833329
2,d29003d7f3ec1f0e4ca9cc17e6389b4a4phcg,0,0.0015578249908649033
2,9c509838d129fcee98cb3934079ca36asla50,0,0.5924911630103362
2,067ff22ebf0d33fe0deedc816d75973865jo7,0,0.30269423528547706
2,1476226300a93d22b15253ed7339429a7ijk0,0,0.059218556201273635
2,975dd5178d34453c1c3c8edc47cf44274uv5s,0,0.2097384884070919
2,608d9b68afb12c6c27da6c6565ffe8297wvco,0,0.030561130793969434
2,e97becf0d4632035ad4cd5e65c827d6f0xawy,0,0.000796123384606496
2,848d3eaa622b26fe57d352eedd9649f4v6obv,0,0.003809309492414162
2,64a39f766b2e9d9471b104f0d0289740a9kdq,0,0.002118803021300133
2,481fdbc92e77bba4c9611841a7d74071elwx6,0,0.0007887310215216539
2,72bc07c7241e1856ba31609d11501c91cswlb,0,0.05785042929283792
2,792edafa0603516a57932e6103e9dd54ajar7,0,0.022042201668741705
2,d738b259ec6e6af625d1f41abcfd63e9e53tx,0,0.0024944349861376045
2,4dd2a50e589cde2802c4bab143dea61ak517w,0,0.0011181685135189115
2,fb92fc925c5df50f4da7874a7542cf2210z1f,0,0.06968811190833983
2,bd586db332285f3c45814fbb8f638d79d26u7,0,0.0012724427746315773
2,2307bb06855a6fe75ab56ee6b4a3860835di5,0,0.0231112244423067
2,dadbcec8b02ac75c5935f419b318ceca1wwjw,0,0.04324075402800068
2,4c4431ec9b6e683bdc5a3118d5140105r1nas,0,0.030695933847821252
2,cab0d4e41ea81636de3bd3a1800d8da8x4yca,0,0.00846061969657877
2,53691811bd992911edb9f5f64f49d8f5luk1f,0,0.12108488802932392
2,6531bde8d4decd9708ff4407ef95e887a26yi,0,0.02723171076923273
2,0e66933c924764a59760aaae5368e7d1e0s88,0,0.0034407686116926235
2,48117c1e2b56cfc8739f83683e01d9b2aoc66,0,0.0020708636728507383
2,12d6239a92972a35bc990225b3ab33466znm8,0,0.00061970470139194
2,d65efaa8129a85f85bf909e5abde8c3628gfv,0,0.0057848586535928824
2,15972a431aed117840dfce5556242366c3fwq,1,0.867445917829241
2,367edc726ba8e667973844395493559dtf2o3,0,0.00887231529597465
2,efc61ad6db17265a4bac85f77b154ef414tpp,1,0.0016144544474875474
2,acf06eabed56f179cf32ab60b6b076820ajls,0,0.0015526118890235791
2,20ebb9de648c6df989f04d07cf273c7b3yu8c,0,0.8316016953517039
2,6cd1bd77bbf2af6a2c6e535192af628by3h22,0,0.0876645393036534
2,dd661e2d6e79a5b3e66c82373d50f3ee86k85,0,0.007485927088003913
2,090c77ac89c7063f0d0ce064ce3cb3afllf5h,0,0.014468272966095291
2,f80075873f7183a03b1b10ac3f740032v6w99,0,0.024294440131150195
2,c7d335bf99b9c71fb22797ecbd78b92ashv4h,0,0.005791887409825868
2,cf22da37578048d2e51eca1e544c693cke5t3,0,0.11718640936263851
2,7f807b2eb6c391d55e67bcdf7e1cbb3fhylw0,0,0.024680036883189826
2,1af4685cda2979a608c4b6ad83473774qgicn,1,0.6775704294851834
2,068450aafae2a6e390e35925d964290cdliqf,0,0.12053750815484666
2,ea0e5f7d93f2220a62bde8067f26daaa7oxgf,0,0.0025407691680847965
2,3a5420301c0dacbc5675f6f09aac0143tuodl,0,0.018731696711798484
2,d6ebcf2149c311d221b233b268870b3d5gfe2,0,0.0010421559524979294
2,c76f30b8330b6d14fb872b30fcfd9d57phbsf,0,0.011625082667692388
2,dd055846eb553ab8e953b084f2048d53bdqec,0,0.7332820934572164
2,7dc423d0bbfd840fa0bf75203cd7bcee75kmh,0,0.0019604583902178615
2,9e72fb21f7581cfff84e833d02538e5ar35kr,0,0.0007780066832197794
2,82bec02fec2f08899489d7a5c35a30a0lbszo,0,0.0011105274865725822
2,64e802fa8e0c17ec2ba1b6425648b7cb7ndkn,0,0.046168234126287074
2,20662832566daffac929f803f0c236eaperht,0,0.014468272966095291
2,e18e3d0fbfba81cedcae619dfa977875p10ta,0,0.0014564804082884207
2,5e611461283a5c3e49b5bfbf9c33b7391ce3h,0,0.0005949568742411386
2,518e9fb1055de6532ed2df6d03fb78feus5s0,0,0.06602694061001656
2,aa8aeba2bdd0353a108b9b26f12ed59559mvz,0,0.0006952515379661941
2,6aeab198df208f8628825f7eb3ec3701p2ybk,0,0.004053382299983379
2,a8561bec318a7d3a0082b35b086b4428wekph,0,0.09183649928420229
2,a7454ee6fbb69c4079caf5b5b92574abi6pyh,0,0.05384379567918547
2,76218e14c379c12d599dae9e1c00b61a3i5b2,0,0.04527829060307863
2,e0824707d4a78230ae54209a920bc3e3pzdpp,0,0.006195579464675424
2,a74e3962ca26514976056bae3c46d579emz6y,0,0.030086697494754427
2,a6bf74b19fcb2687ce345930c4c16d4e2txda,0,0.06490006394378398
2,d9177cca9a1bfe3478cc4f11a0d57de2p8ahp,0,0.02723171076923273
2,187636e527504df29bf42d4a2b7767e54bgv7,0,0.007485927088003913
2,f93a998dc10a4c98f65c6b86fdff651d5i4qh,0,0.06949129781011464
2,9ca41c3c062146a06d2682835f5136807yao2,0,0.0006421361946796427
2,0b450f2827ec670da34be66ec2a520213xcuk,0,0.0007119580605521961
2,55b39a51c925bfb42fb812ebc5fe318emsjjf,1,0.7927921759906172
2,4a2d5b70f0fcec3ad9d8ac4b447efd6f3vs9c,0,0.03406755959656634
2,e1b1c514e1b87826fd045588f1f3881707cyy,0,0.0013286023380962137
2,eb2c4b4493f31788ead745533e0c9a18xzzlk,0,0.007975372857578475
2,e0b6466f9f720e9d9a00d7c12b2e2c6d8xwxz,0,0.001191288212900622
2,3106ad6371a3b740e2af90635a4ad966zeu1u,0,0.004096885251965537
2,7eb6a5ffc5e8471efad7cdc8927daf677qcf8,0,0.07700994634855511
2,5c28b04424e96267711d5af2db62e022tp36c,0,0.04112609589219166
2,9c0cbc0fd8a6c22ae3648801ade080fek6i13,0,0.04558036751111109
2,11d7f0a5076649b229c301a22537834e1ehwg,0,0.024059729146681436
2,8b809e18804865ff2a2e799c9a5e8a48mtxdh,0,0.19639866242802478
2,3fae46174ef1a7dce5e9893775f814c4so8s0,0,0.014468272966095291
2,5b45b150b6b683a98b5bc19c4214f44cvzru7,0,0.0008545139843706057
2,c871daa6b709e008825b667b05efddca04jbe,0,0.04583727278115394
2,644e284380171fa793695a91b6a12c28jcwku,0,0.02398154917315137
2,10b431aa15b56084d32fe1ef123c4305wo1nl,0,0.0009860874316318057
2,c2294751630e49a4e594dfd89383b271qzp0m,0,0.033187719161406226
2,573cf43253a18821e50dfae941ac287ceymgo,0,0.0012287047692625364
2,18eb8d55c84019b9196c5ca7e072b287bv68e,0,0.0013347472953005686
2,a4c40fd7a4c1040283fb2b84611eaad240849,0,0.5848453693785364
2,fb6814db96bbaf61f42270a85f0f62adunxft,0,0.0007459913876908573
2,67d245e38ee756947ed395fa099807fchxv99,0,0.0008137874028108375
2,eacfdb47b3daccebd9f16779c5542fe5eytoc,0,0.0024419221359310026
2,200b548999702c10f8f9fdbae9ce60622owzv,0,0.3802172412984143
2,20d08c7edbcb4b4ac0214b664ca5bb9cprntj,0,0.003385663064124902
2,2b72d702b44fd7dd58062e326fd8e4779j8mp,0,0.0010731130384596197
2,d63671871e4010e904b9419e48781565weafn,0,0.013992835114340543
2,e0e5719b5d763eb4e04c7f6e4e32884cmlpj7,0,0.022042201668741705
2,7ce12bb499c156ba4513becaa42aa8c143v75,0,0.005004742207189204
2,b7efeea5ff94a281635ca2f0f7e8b3ca4zykk,0,0.010248615240909026
2,9ebd57da79b9286fd67a53e61528cf63a1w6c,0,0.0009928035985954677
2,e5fd2ebbf5bac9ddc73ce524e1b33c3akti0q,0,0.013999088062973276
2,9774dc752f855f07b9c00eb7018b607c0ymxo,0,0.0008274196497847935
2,3b947f8c954acf4354d2c3bdcd494fb0x54ee,0,0.0008905924558383897
2,c0d065cc8cb585f027143f2ebc6b49f01g1wr,0,0.003836263359667711
2,20a2d48ac3400228e7a0296aaa596a0fvckdc,0,0.0006442013757663734
2,679d60378d42ca9d3b8a28073fe14fc7bv4jh,0,0.02862557306917289
2,8f6f7baf33fe2a5206ed3ca88446a99bmq453,0,0.10307547277624343
2,61101089c1b34f409fc9b836a7f9cd163y22l,0,0.0015053463452349496
2,2819b8b2295f272f33f8e76fd344ce6bywj1p,0,0.0007280133708236554
2,445305769cbfccafc89ff5ebd004598einesy,0,0.02859428956953652
2,be3bec53b42be118ef2a87fc40db7311k4as3,0,0.002527170733009552
2,9f793ee6e6df7f69b5a5acb4e13db0476b26x,0,0.03241214276555589
2,012441119bcf83b23d4768bb72cea6d6carua,0,0.007678000289778498
2,2d6a70a8341ea0fbe4c8537ffbce919etg4x0,0,0.026558628836890957
2,953879d32e39e014cf8ce73daa2547cb2ke8t,0,0.0016791686198291932
2,40efc98d259ee36a8c2a387ba49f39d0fa39h,0,0.8996474634886427
2,156f4a8763e602ef789f8048c6928676a1ily,0,0.014468272966095291
2,dd7292cdbc81ebfb87945d9ab176d679gepf0,0,0.0008798149463146708
2,222a0e05442fec0af2d20ebdcafe4b28c2pi4,0,0.0010775102116131843
2,2797fe80977297483e724b8390161c937dh4g,0,0.08815353965026164
2,9e9270c06937bfa13f5b29e737c3438fcocyn,0,0.0006160282929822243
2,7a71e329f3f2da98a3f82e7bfcb705a0t5822,0,0.05804126291698321
2,163097c029285c7eefa2d60e474d65b4ap2l0,0,0.0013917180437220797
2,99bfa04865566ca88573ebfd3c7fb1f2c64cr,0,0.002621677605196534
2,2eaf4eef52d5b17615d08bf77386fa42yotej,0,0.014070051177013645
2,fb7c9b1dcc3b44dd69e42a84406117db4t4mn,0,0.0065531330034456345
2,c6a49cf5944626b45425712f9e19e91d2nyh7,1,0.9327370800012272
2,060ac64ff78ae62e9bc697192cebea333760p,1,0.855214515457452
2,fe4906ac4c8e2db5ed5a71e8a9d10080u6g7o,0,0.03241214276555589
2,d4d4b36ea722e5b939e51e34953004c4t671f,0,0.0010199131941445697
2,cdf76f38b6f46a3bd396a99123d26909xq5c3,0,0.03240349163784408
2,46c0ae10d60c4fde2b6301bbafecd7b8dcla1,0,0.039165494791997976
2,6f7043cde57060a6766b551df5fa6fd9p3ojp,0,0.0016818935982975557
2,d2eca28cbe0a3dc69715d719c6958faaaqx95,0,0.043551045066271596
2,1e050a096927d5b34f4a85d3af28d30eybsaz,0,0.05038061923796549
2,d2704c8bb6ebbf13e08f37131382b126wy4yc,1,0.052273490556186776
2,3bc8edfa1995a99110b957ee98fb5c76nkl7t,0,0.6615632765475667
2,4f07602a713c192a941204b27e2abcf1srnke,0,0.0034687764460887005
2,89c8eefbf6f83543ce0792d1e4b86057ti16q,0,0.0011517543028296412
2,916aedb8fd708e100318969dfe57a4639hexd,0,0.016489607262455745
2,f27321571b5b6184e86acb6203c766f2bsfxg,0,0.014072271945007351
2,a4630d8b78c796441a1be187f6907b11c5eu0,0,0.0025558776678862374
2,46ceb58fb7a57d86a26cfa154c940a8cuktu7,0,0.7626064830010619
2,d645e4b8b043a18bb1c8689572ad4fe16q3np,0,0.003436827468874762
2,0cbd01c9e8cc800aabd3b3e4c618f9caktfgp,0,0.8729622631328403
2,0c57d8eaa2708b768416ca91dd8daa2cqbl31,0,0.0020755164113368018
2,361397432ed35185b5a2789867a859ec42v14,0,0.0005884639258227696
2,e4264fc4dcd5f917ceb002d860441370s054e,0,0.0008539569882623463
2,b2a19e17e1b9e0bca8e4563efbff5fed7v9xe,0,0.0014569332513290094
2,14b2d98230228eab6a6db3efc41660d7kp23s,0,0.001543188160070383
2,8d49c8e70bf96a255baf30acc76a3f59b394w,0,0.08479403800879544
2,bd0071b98d9479130e5c053a244fe6f1muj8h,1,0.014468272966095291
2,b79560ebfed7c8cbcfb97475812e0836twsnm,0,0.0006863418532558988
2,d9ffd2f7f3cc1a546586701c2a6fbda24u9ye,0,0.2519688297314586
2,0a7446b63f183a4928ae762ed6cd1c4b894qz,0,0.003946745470005472
2,c89ad997f646e388fe375d7fe33a3727dzrh0,0,0.015754547820358466
2,eea590b4da2709c294e8db490f5997eadyc1e,0,0.0025922937794073736
2,f3a249f6a5c2c88ddd8bccb1f8a85fe52xnkq,0,0.0009444522212495546
2,2b044b4b7949b96e38084e59b5d1d328jib5o,0,0.06975293610599557
2,c59f4511da2e8dfbf02668a49bc391895wk3u,0,0.026558628836890957
2,7622d7085237d6b73d08e9d70ed11fe3u8mwm,0,0.001286958332613157
2,3e2e03a4464642627e223fba066182d1qslv5,0,0.00042419615764601273
2,260568e07963ce8351f3313bd7b9b0e2vonva,0,0.03241214276555589
2,d2fe98eb0fa21252956184a98138c58dwp1ah,0,0.0020486430902825477
2,5c2b3f221cdf303df86ff1ffd7106fcco6pml,0,0.10844111792415324
2,a40808ec5bd9d0440585286f1658c3b1ag8dt,0,0.0013042767284617853
2,613fe9b896ce3801e40212b3c8a8053c1e8nj,0,0.00226535652424642
2,de3bbaaa3bbc1fd1f751d23a972916d80q8e6,0,0.03953106854230677
2,8af01eeb860c2e6b1512377f28953110ml638,0,0.2932780892925239
2,b416bf88dedd6ccdbc3a2146524500258qdzz,0,0.007607790984351136
2,1dec9ee102b29905e2f59a52fb7429826e8b4,0,0.03241214276555589
2,877d96d9abeb73e437a8ebd74abbbf45p8s80,0,0.004453410558146006
2,3105d663ef3dff7e483a46c56580a9f9kd7f8,0,0.2006095848625858
2,a32cce991a2f597f6e5a02605119f99b1dyq1,0,0.0007812690338100354
2,3df41510a5044de5438015f37dfa3443bt7pp,0,0.004409583504192064
2,54379b25f1f35d9df78da9cd774cef74u5wt9,0,0.001042960170534579
2,2635d404f4943f3dbee24aa16a2953c723iwd,0,0.0020929415490693226
2,a6414c637c6f1275e2c62c48fb238c5d5aw03,0,0.0007494064887967016
2,78a444127a896122678835e12ef507deh01hn,0,0.004177651955460393
2,14d4e04d7ed150613974438a4dfd4e85dybq3,0,0.0325975908963374
2,613c7d60152ebf06e3a7dd326ba03261mnn8u,0,0.0039038230790173576
2,c9f94611f4c9afd3a3153da9654e7310jr201,0,0.003690001910979416
2,c9a97c18992adb02e6c2e6a8f9cc1daa1di5k,0,0.002429923333527713
2,9e25bd3696b4e1775de205d2d4698a0df4s14,0,0.005570922889997326
2,1a9765ed302d0f91b512c23112066e41s755q,0,0.014468272966095291
2,fe6adfbbb2fc1ec0c3edf6677204bcb245uf2,0,0.0028102367652235675
2,92ce3c44edd41ad3222481daac1ead35bouwj,0,0.0007171658587358128
2,6182daa56cb0623719228c9e576b71fcpg8r8,0,0.10567061983776187
2,50a4bfbac8a9653af4099ec1169f684c2nsgu,0,0.4963133617531106
2,c7c854748038ddf37b8a9c4f5a28073fsut8p,0,0.026386997266573148
2,5fc9437841f1dbbe63a3a933c48472fcohutg,0,0.0007150876552279278
2,bcda2135a2456d611876679b61dac500vs7sx,0,0.014852711324427814
2,e22850afda081aba360cc18e2a9021caqjjov,0,0.0009519286543819603
2,a71f9ab1d130394882cbdab3c886f1b0fm6hu,0,0.0009668939201743638
2,e735a2301a18772a8276aa1f17ef79efu4yew,0,0.0011203369151784727
2,464506515f2ae684bd510b3a50b9121ec7v3a,0,0.02961468529034044
2,44d34926c0863edb7575b819980e0e728pn5b,0,0.014468272966095291
2,171fbac128e6dcb51d0f07cf7ed8bd3er891e,0,0.8762234482634411
2,b0973e698b12fe51ec2f259d924c6098rasmy,0,0.0014750064670286508
2,da2841ffcbeabaac373f00039c10f39fty6fa,0,0.16747818337017073
2,6679d668a393f336ba9d1cb6a154e03aifmkr,0,0.0017924674909499984
2,a48837ccd05bca96ddbf02c55ecccf639adk2,0,0.005600038550823339
2,b9c59dcf41cd0a7ba779154872019cabmohkm,0,0.000746248013745106
2,90fd7b3c991701dee376daeb09a0a5b7kawse,0,0.006449100606573345
2,7259271b61d2f05200eb2e1ab1d2ec911jlaa,0,0.008029193598921297
2,ab3e02a6b47b250b738fdb010dc84cd7lrr07,0,0.01344761151310667
2,1aa485901ede7baf78ea116e297e9d7f9en6i,1,0.03397636117298883
2,c900620a019e78a3eee44109e4d1e1d2xd2gj,0,0.0006430885424920778
2,3919be53bf4bd411ba25acfdc1362b49u4vle,0,0.014468272966095291
2,3d2608a892e44dad3027ab55bfaa0b26r69hy,0,0.07286696624931485
2,e90e4701234b13b7a233a86967436806wqqw4,0,0.09268198799133617
2,ef1d71dde32e587e761a1b39d5b374c7gk68y,0,0.0033603306498502135
2,5324221d38a79636bc4560cbcf2d75c4gimrm,0,0.013555031831324721
2,8c33cf751b05ca6a9d886a379a84a2ees9jlu,1,0.11511637071839527
2,3694aa599f836a57b671ee0814b071775i1nf,0,0.14394816035565014
2,5dda8ade6b5d4065f3119a381516c227yoz8y,0,0.02081912061223141
2,daef74294e84ef6d7e009c2d51be6ee167xds,0,0.008941736584863804
2,591ef8d73236d150c32716359a61ff2auk6y6,0,0.0008956300722619899
2,2540f8192e425f9fb921db30ac1bfcbas4p6g,0,0.023544022016557156
2,2e07d37dd022e72ab04da76f51edaa13qk5rv,0,0.0009668939201743638
2,eea79e1bfc21ff1b9572213e540e1252s5iuy,0,0.0008549188153261608
2,870932eabebfc108296437c303db6055kc3t4,0,0.0006488081181039555
2,9196288f121946095e5c402fd326109827t0a,0,0.9686995241848451
2,afb1d898d15663a9477870391cf39b697gso2,0,0.001520936073266257
2,06ddad46112881df154e3bda0e90fe880r57n,1,0.9059387360445281
2,d428139761f7b7563d57bb1f87b55876388j9,0,0.0008806715411422298
2,9349befb45c4869b68e82a1944f4f01377cpz,0,0.0763704256875596
2,2cc1c5bf18c858fd9c74901d8d80ab70ak8e0,1,0.8916594219171355
2,f8f87e237833c3279a953b785653b0e5qka8u,0,0.0217700575723651
2,21c5f4fff051adecaf1b080fbf910ca3dvi6a,0,0.00974577614274504
2,0d1815382b08885d76c671ab600133adeyp5e,0,0.773783509485475
2,98e6dd2906ef1f7c13284a309f6b160cb2ujz,0,0.0028360222362743496
2,c0b7161a67a0aae21788103c08eba7e9z8e8k,0,0.0024059343035398697
2,05c9fe8f8852ea069a93dfe39fc0571er9mdt,0,0.0037481381974353105
2,5c2e85ba72b9e9e16f77939fee7ffb5eivaqe,0,0.0008875775069042034
2,0496c24a6a7f593f28bf7896350e946advl6i,0,0.0027399547405080084
2,900284c412387e0bb2dc2aa5ce42dbb9th70g,0,0.0007787328024425286
2,4dd7f98cfffffd6f4707fd0deb4a00b5rj9wv,0,0.25260226810252745
2,02cfc97e8fded77671e71e1951723d5fwz6a4,0,0.000579712631551278
2,87c5fcd8d9582701469f94bff3cc415dvq4ia,0,0.001298660802968457
2,c435ac9dcda855341e667d440c2ef7c6nd3mg,0,0.11765412443507292
2,c6fcf1f7b824c864d492c4cd676cd702owsuv,0,0.0034094275122778213
2,aaa8650a6e0997e90e4b6a9fc2ddf555m5c1g,0,0.01420033841761008
2,9df0031595e4105e4530ceee1a08faf319vvb,0,0.0015624797571213058
2,24029e6b641077ab7b9a1fde11a42666pkz6z,0,0.6016760749033218
2,ca5d4f0a3ea342fdc45c3325e5311049e2uis,0,0.022042201668741705
2,68d0de6b2b019e4f93fe89ef3c9d3e21zajj9,0,0.03821756528290274
2,e0984156959c3e7cd05b7ec8ae239303inqlo,0,0.0079129903816403
2,fa9cfea85e90bec313e512e9eeab2e869tvx8,0,0.43545049177659084
2,32dd072b16a69411ba3f67992ecc3e2144j5g,0,0.3943074512291457
2,3de66f8a5453943040d42e1e73f11eebll8h9,0,0.007485927088003913
2,e833712b1e29ffe74517e2dadcb4f2d1pt5t3,0,0.08464713789353442
2,82f1ba4809f4812629e9e53ea4c687d7begx4,0,0.05876000193773326
2,c1d9c4c69367536d7b0ccac19527629f65025,0,0.02723171076923273
2,48badabcce6015d257ff5809761486c8qgjul,0,0.009354720573360778
2,5de403f3d49221bfa7116570a4d572d8m19sh,0,0.014468272966095291
2,a945c65b19da56d0c7358d8858fe14e8ulfel,0,0.00962927296037454
2,1a05035da8ea9dead1030ccc993b5284n1on8,0,0.032285060142346944
2,2eb8a353db13e68388f544daa2e28359oenbs,0,0.7285981932745762
2,6c021878ba6173a04d55bc1cf5544ac1f3t02,0,0.12574005035263677
2,722d1147768bdb5918584997e1f677e55g0nv,0,0.0013533269324899153
2,a37b105534ddcabb169f6ae3ec928d85slw6z,0,0.002185044899349305
2,6cfd573a82acda92e8207745bca28aa7lqjcm,0,0.0009707269518727621
2,dc4efb7e05563288d1f2ac4ca65c6734017ql,0,0.08537270150776487
2,041d869edcadf595b90e3b5248903183pn754,1,0.9312494606180104
2,c89d56c06803b8c6316a7c906604c64939yri,0,0.0013865748392455583
2,cf18f6766fadce944ee74796489c23acmqhpe,0,0.004923302081505393
2,0a9c5e1f261c937c09817ea2d5e949f34v8oe,0,0.010421275566245272
2,445eea09a6299164f60dd11f23276b44rkt8q,0,0.0022278614896658368
2,97f541ffdcbd1ee34610e3099c5df42acfvcd,0,0.05648048155747398
2,d5337c2d4b58426b30c8733313eb5247syn5p,0,0.0020764032033373514
2,2d2839fa92d1c8e94bdeb1fbb9e62149x6xc5,1,0.9544772771451138
2,f219cbb3d454b32953619d5a4551f56dcg7gy,0,0.0009818620060694592
2,96f31c5b3baa8704096cc8d4301b4c96i6fyp,0,0.028580542072268247
2,8a27b2e29086c0d2e589053537e88393zsyr2,0,0.022042201668741705
2,e704e6fedbe6caa9b434509d085f4c97nq6k1,0,0.00068710113867993
2,ee2caa714a2175abb13eb6ef15196368cwc7c,0,0.0036197242204411397
2,bf65e77ce8676fbab6fc78b70c50f05a8da8a,0,0.5854272362520205
2,ec86220eb6ce57c91a02a7356b342599jrcut,0,0.0013790764362969319
2,8bce581a91921adaa5fc20e627cd7b94l6cp6,0,0.0008472455330829832
2,d7e83a95a05308d4fae6428bb9073a7bg8aoa,0,0.0007844593472297357
2,94c8c0f9c90820f28928caf5d122dabby69ts,0,0.0006111942568520789
2,d4b2fd8f5e8e02b660e9803cbcfa6cf2t5szq,0,0.01094841077479797
2,715ee2811c764d5c58aa228ee801e518gqvli,0,0.016888567374605458
2,1689122c3b25d9e7adc626de84c10006fr2n5,0,0.0013948696065682969
2,aa20f72aba9804a4922195f66a876688rugsd,0,0.02786598569087334
2,ba319b8bb68ca6a12086f2410ca7fb3buxsei,1,0.438907817410734
2,ca9e2287e98a718e20a8ed117dfcd699gxsp8,0,0.004851028690691163
2,79794d93380946ef72e95f55b4abc008hsns6,0,0.0017495944951390228
2,14fe3602f049d4574cdbdef13789647dsgtqy,0,0.03241214276555589
2,4038ae3276c0b47f420a5d73687fb73bghgxf,0,0.05096672302772775
2,52c441804b89bc20e4c8dd625bf163f27o2zb,0,0.16923136523537544
2,5e5d3410ca3605694b3c75b2274efd44c9vru,0,0.0007672759160325235
2,a124589b3af5a212406c0306584a9554fazi4,0,0.0008971653256880094
2,069d020584a0e8c61e622321d4c43881j7pl3,0,0.0006041485109007384
2,8c412ae875b672f18073d643c74f9f0clzbyw,0,0.001156971998728802
2,c5c8a28a166913512f5bffa6a49788c5b0uaa,0,0.001059177617633015
2,cb705744a588c18087921e74e68cfa10oev6i,0,0.017488684051983366
2,820dc943d26965d377be315497837bba5iz67,0,0.000723904954038676
2,6b0d09889ff4889deaabd5f15b3b34f1jxl6v,0,0.0049805365054870765
2,e61c14d66cd5693d93cb0356d7f444ebinx9i,0,0.24949288118996213
2,6b531ceeec5892121e04dcc6f89b10a70yqoq,0,0.012315916834438943
2,a4475cf8808f8951dd5163ded3ee8032g9vxd,0,0.007485927088003913
2,dfb23124fba16b7778f65c1c8d091f949jz0k,0,0.5924911630103362
2,683833b860c003e6c31c521c9cdb49a1kr6b4,0,0.014468272966095291
2,4d6fa52e125a18f433db6e6603b58ec7k1key,0,0.019974650140847126
2,5114111892d49b59415284dcf19ceebconhvq,0,0.030086697494754427
2,0030a2dd87ad2733e0873062e4f83954mkj86,0,0.5924911630103362
2,c4294be0db6b5c9357ae5e2e7fc8da9489qpc,0,0.0005700870516779261
2,a8a2547a9153038fbb9fc66d2425d9a7efr68,0,0.0009671311457338421
2,bf190f2cffc1a77f0957f8cd1c98257dofy08,0,0.01835978018690088
2,f268f61e075419e5a001b86ee78557e2kmg14,0,0.002101578809544862
2,8884b7af726ce7bd929482ea13de19d39lzuv,0,0.022042201668741705
2,106f4ed8e9b727f8d94a1cd57e882a095pteo,0,0.0005947173093246795
2,4950352b0410495ef65a92b08b5be463c20yn,0,0.023813455156353892
2,0ea26a4028ffc16d9a8631d43e1b92105auao,0,0.035287739194547314
2,737d19fdceb065359c77b81d27053c4e5quiq,0,0.05785042929283792
2,403d9c0288bab462bae858dc8aff2f94ti9ma,0,0.0012255796917444049
2,cd8f738dfa2ea0554baa3dfc4465cdb8izun1,0,0.002664103690296162
2,d9d24106ae1ff4f5bc4ec3caf29d7bd2c2f5o,0,0.0016105170622333523
2,aa75d58c3e1207618d47c72ffb19c872bolg8,0,0.009247727323059412
2,8725b0aa1a32054450c16b099328fbcbi71gi,0,0.0007962240754532388
2,32d2ce86b00693f0c26314e3cce2438dvxbt3,0,0.10017364262683089
2,7e8650379cbcb3ef8f7f6aefcd678067kzbdi,0,0.0007317651587914162
2,34914d163517a0cc4f0c971afb2352106vsvz,0,0.009296294995405194
2,210ae8381324c41f7b49e95f1b7aed80z55df,0,0.0052329924883714974
2,c9416e793bd0559bca3ad4a5194d4cd1k8eyc,0,0.001811283408151912
2,92a63dbb8323426833b944a4fc196fe27pzha,0,0.00117957946412396
2,55abcd1b00c6b5b54633fc7e98f0110bwoy3v,0,0.30000684396786687
2,24a32bf10c4a5d4d91c27da4710c869a0nqim,0,0.010134812939696935
2,78830493a121b8b6917d246ec73ccb4anwocl,0,0.9696184223188926
2,1d4eaaacb6127c43c1c007331cac135bpib3m,0,0.0007054187382380738
2,46f1d7df0a8ffcc10c3de0dad8979cabgr9ig,0,0.0009402910584714996
2,e76057d8bcdbb3d2f935c30849a17e4d7ordt,0,0.006279600872026581
2,353d05bfefe1dd96d3335575ddadf310rgnrr,0,0.0007230177832816151
2,00cc97158e6f4cb8eac3c0075918b7ffi5k8o,0,0.0010510350868390347
2,dbdb69d0032b0a251469107dd565b6c7irr4a,0,0.0007202281934549455
2,7a0b445f462d05606bf6ea07e2ab96ec1a4kx,0,0.001067768205439347
2,74582963d3774699f4215df7f2d17c1b6b4pn,0,0.0005896483801920351
2,6c8ffec692e88d81e1b18d47818abb04v6llr,0,0.027777831306502344
2,583ce05b5add00d9e7e5dcefb3c436f26d7c2,0,0.007485927088003913
2,56b55e6ab49a4cbe7c76a2bbca804089pjq0g,0,0.0013704899836615785
2,d381ce07afba12851a815cdf8858c1c7g2pfh,0,0.23805621855047657
2,07012e0507b4281d430b93ddcd96cae66und7,0,0.000693172856900186
2,37bb1697e1c3922a06c2d2ea4138a4c8s6wgk,1,0.7787998301693476
2,c2e1242ad5ea781923a08987d55365c69fii7,1,0.0752056455839517
2,219c6102f604c8ff0ead5d23375bb127del0d,0,0.7153984376151785
2,67a1b129ca241c51d0abb5484f8eb3fct8o5c,1,0.6079690892794416
2,d2f0217aa734f025ec008d24d13eca10ntuhf,0,0.02723171076923273
2,e4bee4e53a19aaf71e0ac0e3be752b2cz3k1j,0,0.0018587555886795696
2,4f7331589f84c6359bd693513bc9d7ddlitos,0,0.19085208155740796
2,6ca1de75674e78f9d3d63fd96fbe6e172t86c,0,0.0032142011053020794
2,71396d66a14f4ce0c96436456462863abwefv,0,0.04781609448312826
2,cad151bdf2e29b764dfd3acac022e5dcy8n83,0,0.0010603368378884588
2,a639448bde9a72923b70917e82594fc66sa2f,0,0.008067988155915537
2,9e9047df09026ed5a5a3a86403811159u5yja,0,0.0025748982529305727
2,15b1e719796dc894ecde30f160e7ae20hrmmh,0,0.030561130793969434
2,83dbbc6c5c7ed95048ffa9427d807692339oi,0,0.10380034281919806
2,caf32bc98f84a47829e76ffe104371f6kphvc,0,0.047849976097497415
2,5cdd665a22747394620c17b7753947b0xgzhw,0,0.015861603861414223
2,21f5b103136104e4947e293983dbaa5b4tder,0,0.33325080532088125
2,86e888c2dafacf13580a1211abf50961w6foa,1,0.35680156299655114
2,9a272c3baede0633bab0e15ff98d207e3ldpv,0,0.022635146189906346
2,4de2f22ca840fce9ac653e4aa06d9b0cnhudf,0,0.004708993908245648
2,98c12418158dfb9494af01308ac2d0588gfw2,0,0.012405826300313127
2,25022fb30734c2e5044e031b0e9a4a9ct3354,0,0.02233997023481015
2,fdf0eb91ae1ecea1f6902676f47c32c454yzr,0,0.0017220592821223424
2,20d31f20169e8612fe13818891f88a83r66gm,0,0.022042201668741705
2,c99b1edcfc7f0c751b68fb310d34b75ei6j82,0,0.0013704579221715675
2,4c46b1ea933d574a985776ed356312505nagr,0,0.01001953386158447
2,780566278695c3771f81afc605abdffa4143q,0,0.0007575117738150093
2,ef65488c949595d7885525ccfab9100c6cmqb,0,0.607435109913484
2,354d4abc23881a40b8f119225e0dbd09tk1u3,0,0.0009189961175236015
2,28763f241cf0483ca1dd3aa1bbcbfc37xntso,0,0.014468272966095291
2,4de568a9b480f0dcd3f2ac385121d75bbpy82,0,0.0007610599559110452
2,4089a2b7f26e5c13a7f3350bd52ebf8fh21nm,0,0.5336067467441397
2,d927c987f8a4ba2dc4f38dadc0831100tt94p,0,0.002396626602755097
2,1870650d20a97db60ce4133bb9352b69h9phj,0,0.026166556290754032
2,ddc6dc00f416ce10f23b57ebf758c2eeawzjw,0,0.003993000743760626
2,08a588ebf7b98f44f8fc695d02adfa25x0amy,0,0.0019711009136817483
2,6ed19e45dc118b78a78f25649aaaddbeef7e4,0,0.0009717031083842771
2,1899fd76b484b9275854787a6b003b8a93js0,0,0.0023355969939802858
2,5f56908449455ee9670c7947614f7b4bxak3c,0,0.004024916218220563
2,43bd7fe0ed7629fa774a461127a629f19je0a,0,0.000978015535643084
2,022ac3a7ce986049d9a4bede83ccf9ddctvg6,1,0.9962085117834448
2,b9cb81e5855add059728cf932f0624fefbi2t,0,0.016717268680662492
2,bd6adbe79fcb843aeb97546947af1236kbg7p,0,0.003511110207510884
2,29e08b4d18198fe9265772fba3a4f6c4mj1rw,0,0.0006847435490249845
2,8f6605a649ae41fe950a6bf579452464d9lmc,0,0.015052370418499423
2,6c11cc7744fb52a632306ca8bf966cd1e4zxx,1,0.9238912627871303
2,ba6811273d4f63d9a31937b71b0a22dforovn,0,0.6385112023056159
2,84f06d2c69695fe24cd69f8a1aae21a7kozbn,0,0.0009885868508266048
2,03e884d3e7e3356608187d2345e4693fyt29x,0,0.0011200376490761545
2,9f2086ccb71acd84652f861517d4dff9du4y4,0,0.0021583786445531577
2,363ba0a2afea1b074fc1ed270c86050byprz1,0,0.0006368848209468931
2,15f34e73687d7361ac0d780737fca261g2s9n,0,0.03006174025858073
2,1dfb637157cc0e590e50d724cd4cad6d4cacw,0,0.0010836936963575566
2,2baa5a9ec317cb21a11d83f6dc72a2d6xy9jb,0,0.002525943465188498
2,65d8228c6c1e5b6042f397afed8a5c7cbo6x3,0,0.41695894610225337
2,369515b3af4f8ca582f90271d30b14b6r52aw,0,0.005967902874028372
2,c806dbb2decba0ed3c4ff5e2e60a74c2wjvbl,0,0.001439790912276548
2,84a769adc98498f52debfe57b93a0789556f4,0,0.03424134622536659
3,91a3c57b13234af24875c56fb7e2b2f4rb56a,0,0.001329356314031645
3,4bee9aba2abda51bf43d639013d6efe12iycd,0,0.012163185942528703
3,7eaefc97fbf6af12e930528151f86eb91bafh,0,0.01191411639704742
3,585e7c21b80baf2225224fe140cdb1a73ddrf,0,0.005938786818793992
3,6e4d22dbabcf2eaae5689c7d155e1c1fev15l,0,0.0005895481694997225
3,b37b352197594dae96bb9219bf59d656oz79f,0,0.0017247856758418599
3,d878560888b11447e73324a6e263fbd5iydo1,0,0.0029877289817340433
3,c748f0d69cc89d5812c9fe3a6413bbb26351l,0,0.0013252449105228426
3,322addd5687d99bf69306148e12f87dc5jbsh,0,0.0024418666071511995
3,0d0b3d6dc27d0f8eed70971f8c6bec1bdrs0f,0,0.006357031029527755
3,d6d3daba4bea632d7f5a4e2c5146f109dkd4m,0,0.007573306874228035
3,342f22fed8b1e90c6ff1a6b7bd80f6334w094,0,0.001064240923972546
3,a1f4d216a1a92507d97166151d7c9fe37bei4,0,0.0010813024777659211
3,aabc211b4cf4d29e4ac7e7e361371622pockb,1,0.9922280885123766
3,e1da7d96b83f16aa80cc254572cc154fcoudy,0,0.0026477402776591877
3,8abc7635daf75f9fbeb63783b7b8ccd5rvuyo,0,0.001852663316726554
3,68d468e15e0de0bab9694cdca8e799eb2j8kn,1,0.9776295195347222
3,f60edfe5177cab56896a9d6860995095cl1bb,0,0.0014609447275254319
3,91dcfc10da696a6d90966ff795751708er5fp,0,0.8519267717238282
3,927c5e145de79f9ee2ada0ddc054b4e9hc3qj,0,0.015928576917977322
3,85be8fd21f41bc3dee86597d272825726bp69,0,0.001433516146348602
3,59ae36080fae26bccbbc31a4505b6fb3v3zjy,0,0.011425242315353483
3,6394edfbd35aab54801518835e33ed50hcr5f,0,0.02135447667749112
3,af98b7d5a7c1ccd2968252a2fb1c06f69igbv,0,0.0018514324286805766
3,96b90af2d3eea4d3b2bc725e1c92e212qu52g,1,0.853138509636254
3,02bde521e763e4f4e590e8368149e04a96il9,0,0.0015131335046125309
3,6ecd9f4b332eb790dc933aea0a1528e2qkp4y,0,0.0019231975095091243
3,9df0b0e5ca66460495931376045feb5fu4y7b,0,0.01196799639289402
3,7cb144485c703ac09fc73aa646041f72ogqwv,0,0.0014677679218027886
3,20cb327bff59dc8f4fe1ac68a30f02eb6jrq6,0,0.0010842654149754221
3,03244a553a252dcc3a3037f0371c8d33fmpd1,0,0.000993476692042728
3,6086425310e05e77a53317490e8c1f3cxzf2r,0,0.17858671049130348
3,024cf43497fd7381df6254888670f84bwbbam,0,0.005847975083346511
3,47e0637718480102d235233c83661a7850foh,0,0.0013609817281683748
3,5b25a86acea5ff395bbd62399bb5cc9bb7h6i,0,0.004728831040211386
3,dc52611b1a2c84c0949da5af9870d57fj6ab0,0,0.004602403592247267
3,b27db6c048fa41b496dfd3423226bb0923yfv,0,0.002347068934547257
3,2e3b450b727fe3e888c85d52251fd33ffoi4b,0,0.0019558849360677396
3,68f092336430866db606f137c57c87e0hw7aq,0,0.0472074527480236
3,22fb740f267ac617118261b2fd3365batisfg,0,0.0026382050831264686
3,17eeec8676ad56bfead1a9406277f41cnev3n,0,0.45875634971534224
3,2c31770e98fc9fc7e0f1fee6207b5600c0e10,0,0.31067398879312214
3,74fc24cafc7c5936d0422b8da306365byjv2b,0,0.001251011736428633
3,f63ed13362ce1c80970ba28a095c2bc5kfgmr,0,0.0013207528198847232
3,e909515a6ae94a86027c717c4085954akbpt2,0,0.023977858617374455
3,27809fd62bebc89be450f9dcbdd25ed8il6z2,0,0.012424907414628955
3,eaac863aaf84acb7529462118e7953c3oeky6,0,0.006740482299383054
3,e561facfea467ea124df0111e041287ctvgwn,0,0.021744328202546695
3,33031f476dec19fe47c0e3a051a68e992hmwv,0,0.022758064095319542
3,f0c356e136831c41884b0732ae3198e0gcy8w,0,0.001800299954618489
3,6a76d66f035914f93ebc725a0998b399r4gdq,0,0.0008232015475284954
3,2736ee274114e9440463bde9fbffacaa5xky5,0,0.01196799639289402
3,7339b024b285f99084bcca768cce5c7e0h2op,0,0.02328789893175324
3,354baa6c4764a5bde013ea3f7edc72552r3oa,0,0.2885610400879979
3,b191c73f160bb9320dd3715bc3ffed26ymluh,0,0.0011072431482952129
3,0565a780f2c5b46837bbe9739ef15ea92fdu0,0,0.06992211509565822
3,3d281a78c6a116a91baf9c8db22b56bazer1h,0,0.009468329341278291
3,b719671479e7d75b1ba5a5617c95ccad4dkvm,0,0.01196799639289402
3,e8e4603ed284adbd252a7a601f9bffe09oq6f,0,0.008601744617511118
3,246c55639cf85c682d58cbd2ed6a6563vk2yn,0,0.039107667887637684
3,c5dcc8a649adae76ce01a3fa85b68f237ny2r,0,0.005858731728932466
3,d2ebe13374f25a12865d50c17af1dad7yspzq,0,0.0011255914222573534
3,9fada390b6c53ecb47e6f4eb4353e14f01xu0,0,0.0017036388228356609
3,e959a3ae64e28a7d3b37934c0d826867o3sp6,0,0.0015540681106043514
3,f535b28ad58c83d35ba87fcd46624148zbh6l,0,0.001970249012043119
3,40e00fd204d0ce97110032bfc47f423d0bgrd,1,0.5615530897926203
3,db88530db963dab43118aef5aba127ec29abp,0,0.012163185942528703
3,bb790a228de797253bf6afa43ee52eba1s2dx,0,0.00754421517509092
3,cf9a1c3af63d1bc3f55728b4a06a5f46njrac,0,0.003538666510211825
3,a539fbaf8b29613ff0e4f3e5831aa7a5p2cva,0,0.057035577636341546
3,7607c4efa792a69e2a8949ccafcbef103squn,0,0.00007893775870481057
3,8c4b0d95ba36c0ba2a52f9043c62fccev75uu,0,0.007278487958599364
3,10c1e1164e3f8298df9a35c891f67babiycsr,0,0.0009089116972661681
3,5bbc8f66464ec2d962b0360d1d74bf67imj47,0,0.000986706389335679
3,cffb5f3c1f4ca815d0f643fcb2f2f316beod4,0,0.539348928932061
3,2d82c3dc726d2bfa19c5f16ec3de5023lbse1,0,0.0052311963095608175
3,282fe85277f7c07b0ffbc5fed621a02ezp1zr,0,0.08916645360639142
3,d65c538ae39fc1a7e0677583bba5fdc6ax1et,0,0.1595150889231657
3,640f41f27c03aca0c45775eb918b666cnjsqv,0,0.02328789893175324
3,786fd201d9c952bc3453d4b3a6fa64046d8wb,0,0.0034768646004275125
3,45cfe8744884eb207048e3cbee31ec56hd9lm,0,0.005754389827325929
3,c4b598fcb343bdd2cf826fc7541500e40xtte,0,0.028730111819901854
3,3d54d594ffba32e8d6527a688e7227e30iq3k,0,0.0014730274188454425
3,b2d3db61ddb119aa4e5f43e1bf72e349xr5tp,0,0.25436290461918337
3,2e1eb5b56591662fd7ecd7b39621bbcfgd1ks,0,0.06790067223426463
3,4f891171f7b09f54d8b4f30b48421f178m75r,0,0.057369072356223606
3,e67abc3ba39537cc640678297a7c5bfag490k,0,0.006743609018499391
3,eefb0b863345336dce70312ff0f8faeb9qksv,0,0.0015364489808323883
3,88e24a019c32a60f2ff315a9d217ec33q144x,0,0.0018182727484809167
3,bd8bd6cae40abb19b81b6b6a7775f63e5tk1s,0,0.00670834672187768
3,3961434cea4339f0049798fab2bc73aekuxjv,0,0.0008710803006184578
3,a3ef8857f2e33ecd25c409622b4e3ebcij8hv,1,0.9790816349984747
3,a8a5bcf248e1326b3340c88e057f59e9nlslq,0,0.012163185942528703
3,5d02346d70f11cd61d9fb955846ee9bdp5o6k,0,0.0010905314699418203
3,f04748a1437347d837a65ce04ee7d94enqhub,0,0.03252457258905707
3,b46132a554a2a3b93efc5a9352036e6crl6sk,1,0.34060149371174003
3,4ab56df4b1befe3e2ce5cd98e8950ba2psqq2,0,0.013627608971313264
3,651402deb28af3e3d1ab9a6b88314b591uuaz,0,0.0010805358876659116
3,3ddd3eba016fc11b07c8a9ecb3fcc2975bkru,0,0.07311325356614702
3,392d936106b75256632c9dc83c4f1a169bke9,0,0.002988617780300872
3,e69dc706f159ef6e26df0d88388bc5edlymly,0,0.0012440899474187282
3,a6e261c09ae8aa7d0a47ffeb0110aa519jowa,0,0.14999945938460985
3,14f226ef57ed64d8e14c8b5ae929143cgq3em,0,0.0019883523562791083
3,3073d007a5b42b827cc770ecf4805278xvvzl,0,0.004138386502841716
3,ec0c9e98cdf302274974ad212477f851iw35b,0,0.00774202567726527
3,a99f91d51e8d9f5786dfa52e24292dfebi55j,0,0.0007141104024987481
3,5e8bf58291656ddd5fd2f71825565446aiopv,0,0.069951907681637
3,8322695c21cb27accf0fe269438bd78fn3x44,0,0.01670198275333195
3,96caf14832aa8be04d98aa481b320392kb2gc,0,0.009893467080562067
3,a3910fbd35b7a0c383c9805eafda616fra4xo,0,0.0075880515370858855
3,37ebf34eaeb8a434976416c34ed5c6d8ywyoj,0,0.0011522667460209723
3,d4a84bdffb9543626fdd42c879343ce26ds4l,0,0.001276191282773035
3,01067975436d123f717ee5aba0dd4bbfa0937,0,0.005552787056490894
3,9aca61f505f40a3b4f7865c2d00e2418s0e1f,0,0.26968066588654366
3,1ac788675f70655e71a013892d701e901kj13,0,0.0021212684897281378
3,796961698c2f2442e73c5195062370caawzzo,0,0.0009264934873843749
3,37ca0d0ded383d709676a4f9729ef39cpjfh4,0,0.0010562671246866556
3,b4550ab1da3a3ed6e4a206c9ef78d496q23hb,0,0.17508630760666055
3,d0b096df6b5ffd2efe8d5cfad4a24912zs3dd,0,0.0010697065854788947
3,1b268ea4fe034638a92d683b94bcb330vee4w,0,0.0013160296479359653
3,b0164d9a18a3cdf6082e96f9708040690qcqf,0,0.08175264498255508
3,e9c8ee7f783723fe8496dd35232d88f2or1r1,0,0.69615761727204
3,1e0b1a6ea8d307cb61e221723534c4dclf9w1,0,0.013742268490046379
3,34a7ce35b13775be4e20930ba2788a3ebu5n0,0,0.0014976456950337132
3,44be920e88377290bb204795f05a20369jp06,0,0.0011905042507952793
3,8783939eb63e5eb4e5cd412d8480f3955ipxu,0,0.0005776634771310316
3,cbe756ce81f5c420a1f7079791ed9aa2js2u7,0,0.06292040913419396
3,10f1460119f9e42bcccd0f68ef59cc830pwtq,0,0.0012077007630307925
3,f35082c6d72f1f1be3dd23f949db1f577t6wd,1,0.014717763961616954
3,c6108e22518279361de99b3c7c298235mkoa9,0,0.00591151279306653
3,4073de52fb5c46376dc3cac6b2f2cecdxyqjg,0,0.0010893532116935725
3,7c965df16147f68263573764dd257a7bxqmpt,0,0.001241309603812646
3,8ec9269ed4f5aef4584d887dfd9e595aaynzb,0,0.0007624521620579407
3,6c0212679f2439c4113386b2c6ef513e8wr8p,0,0.9347175735248453
3,936d73a062928a362901f0e507d57b0a8rjs7,0,0.0016709961209954755
3,2db8669a6d21a5c8197d4287ea32b7883gv5r,0,0.0010293817899905823
3,6713e820273f591bdff7d26a48ee30c5k4iii,0,0.2453164468057648
3,8ac7cc6a62b82e675465e89f67ab1f962ltgu,0,0.001670813556467804
3,fd1299f1343236dea07bd0ba5f8ca220csnv8,0,0.001096057186426938
3,cf4eb0f68d47e6d4b92befd0b8fff39a098cd,0,0.001388613515156619
3,af9c96944265cf541b3fe734a057821a825l7,1,0.4964329562130506
3,a283eb484c3245e5b12b18daccc075e9g9xk4,0,0.022060206703457756
3,38125387ec30412c438280af8931254dmvfgb,0,0.001251011736428633
3,bbad48cdaa604c1bf40b59120a775794rnlg1,0,0.012579627637820114
3,4bddcd4957ff826dfd3b3efe6eb96be9aw5tz,0,0.09690259405349169
3,b1410ac124aeb5ef6b06667786feb742tijnw,0,0.0759151809521526
3,284cd72e028fe176f935114521ee998c5jsko,0,0.0012105109657584677
3,52d8066e28f168e5bee769559ead307e1go7e,1,0.4309208876473006
3,d8ada60e3b7204a104bba8c073136bb40772o,0,0.0010844811306522475
3,9f60e1593604631e10ad2677c51055c6mv205,0,0.003018915380212475
3,ae817305e82b580f9ab89f1a379488e39il4q,0,0.01436894459254525
3,c8e474ba549fe924bff9d3f585a9943cg9aju,0,0.0014714021177870303
3,fa6b4da229eb64b4d44e7d5ee2b027f1j1whx,0,0.11521991159659252
3,86151544b29ad273209ec4605c257b089z588,0,0.06962800972485984
3,0141844fc725a85e38e12cc02fcdbbe8ofqxv,0,0.002279234792137021
3,359444416c25e6e90ddb2e3d3d0bc23dufn9s,0,0.01196799639289402
3,e429d13bc2c7acc82d8d68fa020546c38v82z,0,0.00186932325616753
3,90eb8151eb82441b084d04893151619837abp,0,0.006906868320187866
3,18bc9dbbed75b55f35ec4be1351b7aa86an68,0,0.0011044028684430275
3,c72012c8072e2441b3ba8173205cd298cde8a,1,0.20490234479325362
3,cb6ea552ab5b90e2d0572148426ca275d1zzj,0,0.002937148672746592
3,d13cd9e0a7b95c0a35f3456014865230qku5q,0,0.0012434530582371396
3,86e50263881b0d382b55777185eb648aagh1g,0,0.8119155338956208
3,1e3642857c10e72cedaf7890e3c07bfa8ibzv,0,0.0015131335046125309
3,23af639c0bd57bfe9bcf3b16973d58b7666fe,0,0.002605892975064885
3,bc3b92a81586cb726cbf4d5b418fee41o20sj,0,0.001176783826274992
3,7c08de9de285265b2c34970139331f9fnr9ad,0,0.04054672504897492
3,ccc371d7848a80bc31941248b9f49b95hn694,0,0.0011377059948339903
3,c4d42d0beefe49d6157c546a2504f4db86hvd,0,0.008814042135951636
3,213a7fb31eef8b38a23ad6b0bf2c7fd0dx3vk,0,0.0019391409978086484
3,9a12aa1aa3560062c6f84bd374eb5f7f422vq,0,0.00110034163214251
3,a2933e33896035761240ef5a62477779jf7ny,0,0.8255203391214724
3,339b8ca3185dcaffbc3ebdfd960020e8es0as,0,0.0016852923058708561
3,6be863f26f22cd79be272789ac7e9153v27yt,0,0.0059080838520138915
3,7d8d3493942dc13742444f28626c5839axjqd,0,0.4538733913852014
3,85ac49e7f93bf0e20323de78362bb4aadnwia,0,0.004921978423633857
3,69e97e52dd6428671f46f2ab6567172d8mfar,0,0.005885364262241764
3,b34fe965c04012fd22123ed948257184pqvfg,1,0.6112945969108344
3,5d5816d216122786933fb74c459f35fc0vnac,0,0.0010437785398457486
3,63e3851eb5e1ee98df1065b333f6cb81mlby6,0,0.041118274618579385
3,23f9a0e1492c4abf375823266ddbe36bzukj3,0,0.0007724621232362014
3,70c6727cc40fdc6f752b28102f31a38b883io,0,0.0017623693993001396
3,60849c6d966f178808d94543173cb93dog4gt,0,0.0010317065015298904
3,e6f73230e0fff1d9a6b1b8a6617002ea9owig,0,0.0006995140426793271
3,ca5730b8dad8f35fba24b68c9ca5d445mp87i,0,0.001308443696426306
3,4444bfb455b90711234e0c25345abbaddrt0x,0,0.0015131335046125309
3,3043fb0b4a1904222f640107f84d6f799tves,0,0.006148521268252111
3,70daecd44c89c37525aa2ca294378ead4dggh,0,0.7111564430260655
3,b9d861ce6162179a4b008b63e7fae80fjoywx,0,0.016341760146001978
3,6feec0741a319299c78c47040893399ebas6q,0,0.0025342387547129383
3,ab0b0de534bad49af05faa626b88389cmjj8e,0,0.032504940456766426
3,4ac31aea605d17045ceedbce23eed239omved,0,0.02571999127704941
3,9375e98d0810ce9119ccf45300249636zfpd9,0,0.0013078041101707908
3,e2165ff862178c7b2946f7f62f5a3e51wcvaw,0,0.017917920847831958
3,673650167f432c009e9dcd062cd4e9fc2szln,0,0.0012415673992048916
3,5aeb71cdc92fe5d1c4a4e127d7ca7783gzje9,0,0.0013796656224717512
3,fdad47d27b793b74470086c35333d4fepycsl,0,0.0013465970347289094
3,f3ad2931359bca59c36ce55ba82f9af8enbi8,0,0.0009022044434305219
3,30c3c92cc9408f55cfa895ff8a505930a3yy1,0,0.004074642564010673
3,1214fbf35079e7afc0a35645f8be8b218fd5o,0,0.0015131335046125309
3,42e631af9bd00e5e816f08eba3b102d5ch576,1,0.233197208066225
3,85d020b5f3d99d1272efa0a0d34c56a5dtvxb,0,0.012889095195959913
3,a7c910e7c7796d979aa9a7a31d74a8eaqsapx,0,0.022060206703457756
3,c6453f296ce36005d7e7e67e159e1b7cdbmus,0,0.009212763823590427
3,1df1dab2eb718c3da3f9a0aa90b93651sxqzo,0,0.0010572819245467063
3,b853c1e4d6a4657d35705772ca6cfdc3qtox5,0,0.01196799639289402
3,30da67f34e3cc215b3bdad588410fab5655fx,0,0.11148150695898677
3,1395ca662a02245233af951cc7ad8313vk6w0,0,0.0034662396862366776
3,9ae9782ecff93ddf1c6fa13d711b9fe1gc266,0,0.023470489132125346
3,424aed9d807cfe0b2167cfdaa4957fc0heell,0,0.0018797814023391237
3,81c9c749b2c9f97215f3ddaf8b5a5fe1k757u,0,0.002848061304710252
3,18076726ec814a6f56da2cb9ea89d105j8vpm,0,0.0011919722699043436
3,a7c263f3fe4f19ff677e5cb475f7e5a3gdom3,0,0.002045075742370172
3,4ed4760782d4e2c65bee8cadc1fcdc89htz8b,0,0.00126962255438131
3,91c749114e26abdb9a4536169f9b4580huern,1,0.008174837517413575
3,d056594c1d7976b6ad4ba23e2b4cea19l2i0t,0,0.009557175550953066
3,9fbfbd8a57e4d4b18338063ffa43f1bez92lt,0,0.0013528280908404215
3,510f33a3c0a290a0e43d2576d928a4abxieo3,0,0.009212763823590427
3,6362c8d61774cfcb6ada7cea1be63678hxkfz,1,0.7157394345651181
3,977436b0a445fa555d537fbf1d4bff2e4z40h,0,0.0015131335046125309
3,c503bb79d4f3522f51d348c680906c1bs0w7z,0,0.0030180103272016284
3,a96039c7cfb1d040ca978ec5e66ee2c0sb5ht,0,0.0021994182237960297
3,03aafab9868455b78f0723eda86698ba9v9rm,0,0.6562145680083015
3,d43189c6eef7a763b2f8596228807dd89x9y9,0,0.0017615626083813023
3,4199816cef8be846ca71ae752575744fimyto,0,0.9190742782872569
3,e268d06507859d78894a8f6e11995f48zls7t,1,0.9902014718721158
3,989e8e68621a43af5a8d061aa91bd9bfshy7d,0,0.06721334429455461
3,c5863a228287327c9980d12a632985da9vi29,0,0.01796421082539267
3,898419c2d011d5a822e9ee07c387098ezpc12,0,0.0011670545554524623
3,08c39ef7252995e0749f7927249b8dcb1d3xh,0,0.014994903851090815
3,372bf02911448b7f62cc861074a7ac81y0jsn,0,0.011425242315353483
3,fb200accdd0411e96f1b0f6d6f6d4f52rgk01,0,0.0012813083109030961
3,e8f3ce0b2d0849968400b63b992cc606psoij,0,0.0024583312188513127
3,bb73823b1c3f577402c9aa9eabd1e412vp2xw,0,0.8906811338641223
3,fd5cef3fe1217c6591500c715d71717anczcq,0,0.0010240323965214947
3,2d73ed3974473a764859084d51334440k5q7s,0,0.0029761258366463707
3,db85fb5556f17b744938cdcc2e7ce9b5urspd,1,0.2949834908240989
3,8a4fc219f01e1fe6d4328b0a47fc54905iv05,1,0.02052616746806022
3,ffc4e2dd2cc08249f299cab46ecbfacfobmr3,0,0.0009265749726006435
3,60edf674563f85b227898f6af0386476efy45,0,0.005931379039484222
3,142a2545c5c01937b05ac6de9773f9efgx0eb,0,0.012671340571387673
3,d6fd864297177c38cea65aed8a45fb7bbp2e3,0,0.17343099648142346
3,d79919e5ba11f26bce5e70f0a4f859e3e4q9y,0,0.8911648028912016
3,1dce9aaf9d6b9cba38f9c7489764fe30nlrq2,0,0.002262057019897148
3,dbbf9d9b1d7fa110208f77a681008077plqng,0,0.0005835761859065435
3,486dc9de91d243625863313adc03aa6bv4s1e,0,0.004618933746258814
3,8bc48bc2cd0ee494e55470a7ab0814c12riuf,0,0.021744328202546695
3,30788b28de22d28938ecd7ed6795a8b022qm7,0,0.027851886815833816
3,bd85d0d7fbbfab49136c241bdbe119dbgkuna,0,0.001371983185374083
3,1ba9422d7a55aa5abc3ff37d1cafa9f2yds7i,0,0.02814558499452246
3,ba0ca6f98ed66bdd1c4e86db2ce4011fdk6ii,0,0.043605117178321225
3,233e09e861813cd087e8937f32a29bccs7b3l,0,0.0009269791219245672
3,225716d7bdf8f90cb4a4b779c663cea5j9sqp,0,0.001064240923972546
3,2b2ee7d0ebdf910833b5cb173c567881jt8sj,0,0.06292040913419396
3,92f8392be617527734a2f18482815af9ak8l3,0,0.014563235676454258
3,12c1b22ede3c23949bf130cc7bac6316ks7fj,0,0.002573215535897013
3,21114d057c297080f0f882420d2436b5mmukc,0,0.13223995008601627
3,e4433ef42008dcff761f12b9ade6fd31krdwv,0,0.0024344816269431034
3,e10ae48cce1e198f7283064cc8a2f836iy0z6,0,0.0012997076318151182
3,17c59325ec223c94dcb301a7451c39871vxq3,0,0.0011749184255790664
3,38d9e2e83f25229bd75bfcdc39d776baz5zu2,0,0.06838834630643993
3,50dd191676497345cc95d8b9f7284a7371z5s,0,0.01196799639289402
3,5097b3a4011380b5d9447e1a7a20b1a556yzj,0,0.005729657597450936
3,f781d7cab96d95bcea507cdd43b24255pw0dv,0,0.8157120391029681
3,c349d767ddda78ed58a3c5769e780598ar3ei,0,0.007448702668141158
3,afb7618f9e3fd071d4ebedf396e1d45drta96,0,0.0008400428339696488
3,ff181014a0d7bb534fb9a35f22e24fe72m1d5,0,0.08500770804715875
3,c4709885ecca7b90dea4beb5dabd68aegk2pz,0,0.025354993021758025
3,f8e90361c36eb3f6fbd485748e731fb7w2ci4,0,0.0023202313171469934
3,88ebdac47cc2623888e0bcdfb35b692ejrbvv,0,0.016085444610075814
3,308a5541e1206e126ef80f18cc29b7017520l,0,0.11157919202006171
3,88acd2e23ea6817d9d9fc28f38a8d1aftqssz,0,0.0017849892100759797
3,68546847f11f6415034b7e2263e8ece62p3ud,0,0.010689248114389326
3,d5b75c812d172da1ecb3164a1cfb7527688gb,0,0.001354027639875062
3,ee45b2475e453e69ce712388959fe4acspmvk,0,0.003014503058575324
3,d810a7956e4d9fbc246d585ce84e8ea0750b2,0,0.0012059332413988486
3,2366cd7cf3df530ef4fe40b36ffb936fyn3rh,0,0.00455760159645696
3,e0a9e4ffe2acd28599dacb91c98c34bc66vo3,0,0.003957899704363312
3,28a0d5539562290a1a2f63d5b7230db090ys3,0,0.08100168009670346
3,6326299ca6a53277b2bcea07bd0b4ba8ktbqj,0,0.001206236840585998
3,3e0bbd7d75cf543a56919ff5069b31a9gcbql,0,0.00213868940763725
3,f23ebc71f2d8d820db2bf0576ee7e148cxvkp,0,0.03262193423248236
3,4c341a39553faef07ddb917ea4e069ed0yi3y,0,0.0010326452494194016
3,fb9b1e58ffba4b38175c11e03e51e1f48dnm1,0,0.001080166081888506
3,c1850964c360c9159e5d1d0b6485e210s6uvc,0,0.0032892697194594656
3,88641b0f22cf175876bfc4adc44c00f58b5rz,0,0.0013252449105228426
3,d9576f0ba8c7479eb2b26f0d15c4abfayk5ex,0,0.001602999016069358
3,8a7710ee3c886df8ca78c88120603cf6taql6,0,0.0010984354503973343
3,531d4a209ec0cf76c9337b42fb1c3d9c9tcuv,0,0.0010265244981660336
3,958de49cdd870198543313fcf574d7c4eutrl,0,0.027717637547641834
3,67fbdc4209a1566288acba904a2b5a7ee588g,0,0.03670204967061681
3,0e5ec5baf2e15afdbf5212d8461e1ad9h3kr0,0,0.0010731943177407447
3,721e69fd30e33488bf82b7e2f9c8cee28a9ea,0,0.0024349100803317493
3,e8b82b8640ecdd154eebe6b36ec63f0bdwhc4,0,0.00473387644327189
3,0b3d5f829d18ba30d967fceecb58821c3oeqa,0,0.037686324484773305
3,2271fe5b01f9b8f9d8409014ae4511524grmq,0,0.5651235247304515
3,074daf9a99b01591cb0637cb95c32600roriz,0,0.005371319239956971
3,8c09f4afd78059d9200cddc435f5c48ceph11,0,0.05875784524800272
3,953e01bab9ac8786b4bfc77d183732bbqw6ng,0,0.004793859278210406
3,6c3bdc508c20f2f3871766cd73064c8cib3xh,0,0.0009960658454833688
3,400e8b5b5447b4d11e06a8bb0754d8d6l6xoy,0,0.011425242315353483
3,9655ccc7c0c193f1549475f02c54dce45kjw7,1,0.00449663244636206
3,cc064e3409a1825e3c4e5c814376f140qxu5l,0,0.0010230684221290106
3,026819504b59bc4eefb9963d5fe4271aql15u,0,0.0018262801673904466
3,98aa09a7ca13559a9e2a43fa2ba4d2b7klwin,0,0.0014880946490268732
3,162886daa0054ff1ad422e0f18cddff3qofft,0,0.02411972178390506
3,e241b80fc1b431397ba6c70f2fb8ccb72wbra,0,0.008719776625788532
3,1bb7a8c04e70386f5496322158e9fc3ef6d84,0,0.005299088720841411
3,950aa0150f419cd6361bd3c500e6e695xfljo,0,0.0009330350239026599
3,8c939b6713b7881538cb05eca89cfb1cw1lhm,0,0.001294837199054364
3,7bb914fcdec49aa88c7310a3dda716aa9fb8t,0,0.0007048404216907826
3,95ff2833eef5999a4f3ba4a7684d2b26a6v9j,0,0.0021506516568076694
3,9f9dd5c179d357b53f145ae1e5cc941f5qfuy,0,0.0009752006952255097
3,6da536112251f09a006b0c5223f154d46en4j,0,0.0011475096213396068
3,332ef2c7189603a497fc89345ee4f5605i5xw,0,0.006077014057733192
3,572c9964ca41ed055830845993fdab29p4f03,0,0.012838582796323182
3,167008af05d4feaa636a565f6f83ec61a6ogj,0,0.001006302383417203
3,27ccc09ae923d1ca8ff7ab3242f279f7xuclq,0,0.001390353574026398
3,04c6b750b0552089c87ae03de72289cfcpfmh,0,0.000965056622653703
3,317d3e44b2bcfdd7293b84f82f44b8e31hx1r,0,0.001003074973311344
3,d9dfeadc7e0e844ffea3cfc706daae5dt2hhg,0,0.0028029983305506187
3,af50d549e86276f034e52037722dd5aetouu2,0,0.001203187191477127
3,167b4f37a264b72feb0f559b650d1cbd3ox60,0,0.0034312088015602945
3,40fafe756c4695b32df7d19d4c710dabvzr79,0,0.0015131335046125309
3,2106dd7866abbfb4e7c68067d7eb9bebflq5d,0,0.9816478117734379
3,ff3ae9450581aa3de5d2326f70e39d20w8fbl,0,0.001972814292771631
3,942563fa6695a4b2f76ab6ff3bd58030i75z7,0,0.01196799639289402
3,ec6d3fbd8408ba43891370d4ffe41eabhnwbs,0,0.009581892162126677
3,6f07ce71625a0c57aa5c0c05071cba164jmba,0,0.0013349140026317659
3,cca4426ec6d64f3e73294d4d5bc9719beud37,0,0.0011308235151870972
3,308def7f05575db9bcb6a67207d6c1beb2cqt,0,0.00737762311516128
3,de4388600d997803223748e48bfc7b16ggyrh,0,0.0010086784568827513
3,762046a235e00ec6521ba71aaa1450c28ijkz,0,0.1823399800047345
3,ae9e482a7f4a625a878c6ee0eb4dcd01dkm6d,0,0.001603574196425991
3,3ef2325f8b68e1c030547a2a54ea6b98zwa2w,0,0.01196799639289402
3,90953913d629a03e27590d0d0f64456601ktd,0,0.054282290461519486
3,76c85d6bf559bc0323bbe1639d233e88nxy36,0,0.4838043801366504
3,17dbe14676cd3a3cb8a7edb438622f7fv2scv,0,0.005470782669470582
3,43c76d050c9d2509d85c9dc2b1a1dba4zb3qt,0,0.022796364818064865
3,4ef4b3e5727dc85f18aaf00ff9a1e936qyhp6,1,0.9753405714014626
3,a116e727a3dc0b69f5e7ae14d0ab40d44breq,0,0.001474298582456887
3,437ac1b8d08c3b328924aad097a3dcdey2m1k,0,0.051657909823201655
3,44bfa21b7d497f097a594c8861d4f8d4w5e97,1,0.8770232476437497
3,a25f4c6838b83e0fcba372300c23c2537k5eq,0,0.0011814371441240278
3,bd7d5414174da6df4b018c21495e8a2cxiose,0,0.5616363239167174
3,6e29de28296a57f039026ffc6df9145cxo2n0,0,0.12854330742204909
3,9e1f21ee1888368e77b539083f4b94ddv8mrl,0,0.010053911527713684
3,6b28baf315d41017844e15d645bb2c05ybt3b,0,0.015121390266982695
3,6a3b1ee159716b743ddb8e07e499fadbhqn74,0,0.0007309556502028768
3,bbd1d48ef4e8e7e3855938755275ad2b2le9g,0,0.0025108134603422177
3,de717bfad3ccf44a93f39e7b43f3b227cuu5o,0,0.0029400694211516366
3,b8da3e0dc73d1f453ecbe6ee4d4e8791pr8az,0,0.0009228590984418599
3,8254276e772450c5365707cde76efa4cwuzpd,0,0.014454757211354126
3,34e965deb822f329ecad42b94e8ba0ba3dpt0,0,0.011306586737650113
3,6c2488ec88e02bb38920200ece7d337e0bffy,0,0.02328789893175324
3,8fd35d215ab6530c2ef096c87233cbc93juwy,0,0.001341073945819521
3,19033960ac23dffe078a1217788bc720jvjbz,0,0.0016959266518035852
3,0c55920fb607fef2d33324f33565758a6e4dj,0,0.0017845655595565815
3,e72d1b2319a2ef39d016c41e4824b68evxe53,0,0.0011950005929596058
3,7114afc59caf2cbaf6ec1733922065f3uz34p,0,0.0015403077830303828
3,6275d51c0324547faa8a87b499812268tl90r,0,0.005745965455191769
3,1a764d01d19a1408382ccace87e61c9fndlo9,0,0.017917920847831958
3,0a92c4fa2bcdc8e952546d236b322053o5wbk,0,0.001065118469207842
3,681b4f9dca9e70441fca4a58c05b0f50skmir,0,0.0006585790492282195
3,79cdbe82ec79d0e60f1b113d9a5bc5b4ar8bk,0,0.002015075319029245
3,3f977186d125ef8bcbee0c1562c7ced2b4utq,0,0.003255615931898125
3,49f4481b6bc2255e745ef20ac2a720754r9mp,0,0.009212763823590427
3,6ce47fddd94be5792190cad9d972a5c4oyjww,0,0.0035654850249061307
3,d8a10762de6d62c087a0a8f0e61cf78bbgke6,0,0.009094300341376572
3,042780ee9a3730703e35340c575c3cbb7zjwk,0,0.013290744355962265
3,22e65b6bf73fab510ee814cbaeb9ebc1252mu,0,0.3098284085112144
3,177b031b4a77f28ff167b427ca967b52jetgo,0,0.008456042199358908
3,f4189a40cc622eaef015a19d75d9fe21mylhz,0,0.0010417813164184874
3,f29896e71c8077db28617a03c0f14e7570emg,0,0.0010737400379626943
3,f2ea6d89dd9897f0d6edb6f24c446f01ra6yk,0,0.3860930612704847
3,054b51d059fe981ca8cc4e0d4c49aabb5mck7,0,0.0574671123307673
3,b4495464d4503ccb8e696994059983c89g4lc,0,0.0022436066488995296
3,69333c66e55cdd6cabcc6ae64531fc33w20n4,0,0.007438323341251
3,65f52b46edfc7fa64b9e74557a78e52c1it54,0,0.00081199224887748
3,b1c9bacacf1f33a8fe48d1a4ae4c761bcltiv,0,0.007197991081758699
3,2a73f10b3b8f2b825e220ba0a1d2c49f9nikz,0,0.010965231222604956
3,8c339df2050a428c04a1c2bcbfe4a143loj8l,0,0.029171351762623383
3,b3dc6151c6813688d0423dbab13d3f19crw2w,0,0.0020426284824888734
3,537f38e5fcf2656968e0a1752dd494ba8z1jc,0,0.0014069037769422275
3,fcda141af3b545332fc3b2d55a8bba74uw7s0,0,0.0022056964749041456
3,786cb68d5d2012dedaf70257449090f2hfb88,0,0.0012462846711207168
3,741b9948c8cf42d658676e5a46757815zstr4,0,0.0010183637217675069
3,5640f30464bb5a7bc6e98fd2873fc25dh78hp,0,0.011642812814446717
3,55453d252a225f3b046c094a7aa330a80dr96,0,0.01196799639289402
3,424b638423f4862b2a84f22ec25fa22eb2c8p,0,0.007448702668141158
3,0589cf78c4bece729f0ac620557210e13no3n,0,0.00047414193588981695
3,3e602dff2e3bbe7a52236df2294c9e059fc2l,0,0.0007723470037692397
3,e5736d7f8082d7d7fee8430c0e2279bcdmt2a,0,0.06292040913419396
3,ad228143392ba96c21bf51499bac1c3b3kmzo,0,0.002437737515747663
3,11d5f6925da5809e2d447788b85d6253jj8fu,0,0.06151096073866855
3,18e751726fd7c407c41cb18c20da2c4er5z1r,0,0.0021162475539825945
3,3fe1dacbdaf96fab0c213e218968c518twu76,0,0.031240857709429155
3,53e2d855e008a5c2f79b4b848d467b86nofo3,0,0.11157919202006171
3,d81579750b388276f2d8f6d80384f499n13l6,0,0.001050950614108296
3,efa1611e96c3238913333b8525c6a196rvy38,0,0.0010533772282729486
3,f939c17ffc7c39ac9b35b69e5e75179fv9pe2,0,0.01196799639289402
3,0381a69b7a061e9ace2798fd48f1f537mgq57,0,0.01196799639289402
4,1c5f4fc669099bfbfac515cd26997bd12ruaj,0,0.0012895340134259038
4,3f3a3705be5ea07b9ba7ee646ed756fbssuo7,0,0.0017651323687341931
4,0b68888358a492884e3885bcd73ea63bhxidk,0,0.0011702569636102935
4,2c581ec91825362ab66a7ffa05df5e70hl3h3,0,0.2473027956323415
4,2a7d1f9483d34546c4d099e36e3a79790qvjm,0,0.2253339238673207
4,bcf95b210295831ff6e20db3a570f909n3q25,0,0.4299438998227573
4,ef24ca4be7ccbd6ec68d4ea9f47c9e8ex1g09,0,0.0016077508906361668
4,68600b8922561fe26b8b6acf1d11efdfb24k7,0,0.5860029992609868
4,87aa94042390f9267d3b7d90e42b022ek5mbu,0,0.0016551285572851296
4,bd2cf3a868d168425cf1bde7c49d40b9jq0xu,0,0.03171455257566425
4,da6e2a5651b4f44fa3cff41cf9731ff8qc8fl,0,0.03996147136873395
4,cf33d05860b7f7d9af73c6091190b81ektz1j,0,0.1149406051020367
4,0cca10034c58287ee6fbec14a3f96c3546sdh,0,0.004004175569538791
4,577af9ccdc29dcacbbce0f36b7c1ff15btljp,0,0.03417649792729977
4,f5a67722732675f6285b70b9f008665fq01bk,0,0.01173700335359989
4,bff9a98b73f2b9a01300d3fd3d55b16b1190o,0,0.0031969515052344922
4,28c0d4c81a22958352aa742f7d74e477qwo51,0,0.0028009108229407223
4,3073231f45ca50ad6830d4dc7261f283iwjjm,0,0.0009665530332850941
4,9baf61c813f1d4a09e3c70f6dc741f34voe3n,0,0.01145578334040188
4,3b233dc399f175100fb11ff9c66fa5b074z60,0,0.43919087738076873
4,fc8e62e5fb69ba67265a3d0e3403aa3fr8c2q,0,0.31525627983449067
4,3edae72a9d44c43524c0203ce38581d1790xh,0,0.03171455257566425
4,a9229b83f54a5f44a69e65b9b3aa7aa26qcon,0,0.003151191391695787
4,5106dcca581b63cf2226110a9048ee4846sxb,0,0.5769440425286999
4,91d9b706f63537c5fc0027c50b0e3b06qpdgz,0,0.02253287422675124
4,ca76df527977e5168e1b3352cfab2ed9htipb,0,0.003146739790565939
4,3d9910a238a0f282ad3132dd6fc981c8tv3tg,1,0.46482379888059333
4,fae963b2adbefc663692d7feddb50d5dxz1hn,0,0.10380570485273097
4,db83d746ba8e0c388805fa3fcb235743vfqmw,0,0.07292231436830376
4,8e2a43abb8fcd8ef9801c69fc04bfcb5kyc41,0,0.0097047371176714
4,01c5692d487454cdbe731df330bef608f48zz,0,0.011078411287088486
4,520b616c26fc47935f6bcd5ec063eaa7w15t8,0,0.002006147240523494
4,1053ead33eb1a5db7c36c979a455348abh9ns,0,0.0009253316236274399
4,4955e2c318d0bdca797ce17794ba18fblhaau,0,0.07579310481168204
4,ef9ce9b85309d7d1044ce57055705bae8pqlg,0,0.00443829139608087
4,72dd0e4788d25f62cc2ba942bb9499dc7quqj,0,0.003578631171792347
4,50791a0a98478b7f78f8d30acaa4683dxab5p,0,0.025051413918355525
4,929b75b44585b34d2b917ec181ecbcf298fr8,0,0.386182815427436
4,b5310019f2bbbd975c64dc11189191022k8tj,0,0.0018716354232437868
4,908ce7060337fd8550760a100921f6f7wsemn,0,0.007259535001064352
4,024937af9ea18a2b57e4f08762d181f7s8a3z,0,0.0527809586301008
4,1291b98e40353f77928e363d54a13c569bhfb,0,0.003640230766697747
4,c600968815fc32b20e0519ecfce5b648en2wo,1,0.9811495266321912
4,245b584befa6a5b8c759491f5f3db580p2m5v,0,0.0042170138449795875
4,481db1a88023d22b3533044bff5239dbf3cda,0,0.003146405262656203
4,42c407eb70ddacdcd59d63f22caaafc4fa0p2,1,0.930482361917293
4,175a06fdcf622c9455d0a77990b9302dj23ke,0,0.23339532423685522
4,a9237defb0a6478098f242b27ebcef18qrotd,0,0.0042000799621985255
4,96b1df591dbbf3a002578574671d9ff1rmzev,0,0.007259535001064352
4,81a6dd18d43cb3b1999176eea563b438roe7y,0,0.035725457190070344
4,e7a98dc8545eb429007cb48799a40a2dc9p6o,0,0.245938030081211
4,ff12cd48c7de8ffb8b2099f262ce03980dqqz,0,0.0019630457359263486
4,5a2aa4e8c227de4db26547fdc1f017cbxb62j,0,0.0013634402568389532
4,31a301c70e897bf36276031abdf07ab6cs6z0,0,0.03841139918657984
4,e0544483ccbafc4842cba7650677d043n2e5c,0,0.05538963734522147
4,01349288df20199905e719f0ff7ee771nwryj,0,0.006001081909820896
4,179a23cad40c51dd7804069bf769d11e1ftk9,0,0.12021166834734177
4,f75cc5ec8acf1ad2349e00ffc4b3191a531f3,0,0.002619383143417782
4,3a8124eb9fd3977e43f5e0762d9a09d536rob,0,0.0019601511896296143
4,33a7a0121e28cca4e42494dd0f5aa03fdhlm1,0,0.002003690864311722
4,f61d93fddb01d2d89a85a132c649aa90lj1z6,0,0.0016191133691351508
4,3d94b376bae8dd60eea48ded36134a3962glw,0,0.0023034609792154316
4,7b93ccc9d5730b561ec5fa7f4bd48c04qudf1,0,0.3935793525785659
4,47c5cd21a74e45dd294cdd53041ec0a3dw3ge,0,0.532226781476012
4,c2d1b8c1b7a9c8010f5b215e8aadb1d7gahpp,0,0.062464741320103365
4,6f46b3e231003daf21108df4624afcfdaaswv,0,0.002340642290298672
4,dfa45994c8471762d04deb23c6450598byp8y,0,0.01629707128597624
4,7b5bd948eb1d8075be58ec9240927bb59ugz3,0,0.004452154621648544
4,570910327f5584ea1ccba92634d89832lo1zc,0,0.03171455257566425
4,1e1c9332e90c1cb0f01da223bc043c528cvwo,0,0.001311384207588752
4,a0660fe8a46b9cb6b02e7b0c50eef6a905vt6,1,0.584116156446438
4,72994bece8c918a2c4c432b98780a7bdsctwr,0,0.003221571548074748
4,bd0f0c497ef09b5c1bb18b330d932bffktn3i,0,0.3474593914103665
4,44c75302aa4404e23781f8337cddf6ed5tqun,0,0.3010860315463474
4,6c55d253787acf5210f7d785546db80dqtleg,0,0.03128449119749751
4,e5f43783127506211df8c6290c2ecadbyr779,0,0.3010860315463474
4,5c725e840bcc103bb8d12c54ba9a0b37blxvw,0,0.0016485246442788147
4,3c0026d48f3d6e10cef6cdb1f708793ccwkhr,0,0.0019190443817250023
4,6ed7b95dcea7b359248e9efce91cbb11lm7hf,0,0.08487453132775366
4,8f00a4c4d7f097bc1688f8d89431f6bfmodq2,0,0.03128449119749751
4,35a89119272ca55d7f602689616b58c3pebir,0,0.0018582566100939825
4,ae45f9b94d86f931c84c94f3975e3d7bkv2r0,0,0.0074151515689931
4,d1f000f475c502ecd2e993c52987e63ed3k7n,0,0.03996147136873395
4,e1fb642deec7b382433de94983d97681o14ko,0,0.025901708742811027
4,bf80bec9b4a8d29c494f8545f2a4be4eji6qj,0,0.14431681874972374
4,313ede314e2e05c31471fd6a93f98af713jud,0,0.002459461941656687
4,35b111da8e919bb34e80511be9cbd128pjjdm,0,0.030214386643296655
4,f8d0d52114da74d98800dc7553008705dth38,0,0.005740190650129106
4,3d7cff3dedd8a8e02dbc551c6a61da3bibbvh,1,0.5321613341834961
4,66513f72be85596a527f9f653db3cb72cq4jg,0,0.5894097248267048
4,01255c2c7c5578c186873422fc00fd7afwk8k,0,0.003790540721839387
4,3835e3bbf9a17a33867860a9ba19621dp4wdc,0,0.0038925380595671573
4,9ab3bca29dbc32070cd7f729ea55639a350tu,0,0.0016005419469780377
4,f01d8d55568b1f54b6946a1b78a3983exkz5u,0,0.0016805343071817904
4,64885ec89a54c64598b2d196e1fe2e351cd60,0,0.0013034940717457316
4,2a4654987b59646a120ac74301339afc4eylt,0,0.033885502415368654
4,7d72bde2e297ee81296adb4fd56e8800p7lbe,0,0.3215761481704045
4,6533b670e02ccf583288ba7c8f5fb1carmirt,1,0.9724870337893593
4,55d0b2506cef6464d799879b65c6ba29hjcv3,0,0.3811235848087983
4,dd1675bf26316cd4630087fb47d0ff8fsug8e,0,0.005844137552889987
4,9be87a4f123366660d7f6d40ffa493a8ffpsj,0,0.0023640892195136605
4,0870fb7e5701f3ba56762b03e157afdc1yw7u,0,0.9510374633975279
4,42cce5c657dc7d99911d950cb22fcb4fmzz5e,0,0.0020408074145791787
4,51d2e1b98b7a1e42b939637dc6e11381zu201,0,0.005288911575923716
4,876b122982958678f14bb25d887dd79dun3qa,0,0.0022530440194489534
4,061690ceb6004807b7906968bf382dfcbve7y,1,0.8982967726381748
4,ce22684df495e376e32ac95d3ceb1164t37l2,0,0.02791799388728804
4,b1729d5905e896a8411f81bb65d66343ladls,0,0.0017361431970849253
4,790c497536a2a9fe080c3b2ee6d5eeb9caiv8,0,0.001648752534743772
4,8d8f705595701b921012777a281a553622300,0,0.0020500523363484505
4,06a58d4af0fe7ee15324b0e921e8de1260vef,0,0.09834549224847267
4,0e8212e286ee36da8945c2480e366417xa22x,0,0.0036803111541936456
4,d7340ee3c04e600c31fd2a34c760f7e7d26bn,0,0.004155470062066196
4,e4a9bdad09ebc5d5a264723855fcaaad6q52x,0,0.6346910056277091
4,84c4b58a1491da3a30710bcdf61f87054xfq6,0,0.0018525153188904385
4,3d48fb12020c1a81a65fdba2d75caf0d6q2nc,0,0.010320220686713422
4,936d542904f515ea87bab7996497b11aszyco,0,0.0023182780897168086
4,c97dda0fd2de7d82d3a52eb6c0788062h3tq6,0,0.04041155328192168
4,0daf4f87eb695e2a84e4156154209e09k6ga5,0,0.03171455257566425
4,9f7e3e648ea8e6815c6e7caf59412e843iqbz,0,0.004797247675412178
4,8ea020a1fdccfd726f74ed7e90dc3400zy9iy,0,0.004336720216017127
4,b77312a06d10e22e3caca85fc7fe0342b2adf,0,0.03128449119749751
4,cbc71ae3c3690c89485eda3f08b9bb51rqrxz,0,0.299342260582685
4,80bf6ab93fbb8316efd5c0b42d4b46c83qrdn,0,0.06863036052111339
4,aba1120a5b13cf72c1d52c0dac8aafc67nmoh,0,0.007410937689179845
4,5aae3111e4fab04fa5067c740329a38d11361,0,0.0016778746458608268
4,6393f55c093e04e6e608e1ee8be9c3e28omjd,0,0.004284082878194081
4,aa7e36069de119ee3ad7c4d8c925fa3ekrs4i,0,0.00410253341465833
4,9d98d3f00a0c0bddf35470b0fb735fcdhiriy,0,0.8925583992044303
4,0fa357965f89388d8e7eb8cbc3b85c6bnnro4,0,0.006169553203761545
4,80130530788e55de6e9fd515271859d1kgfsd,0,0.03574170664534221
4,4882587d42b3d7d8d7bec4315203f10bl2fts,0,0.06863036052111339
4,452619e019e5651a8d98e3d59a478b7fez5e0,0,0.0022639615633266606
4,9f101e80580cbff55a2307c028408a91nebzc,0,0.5111817187569231
4,a9062f1d7c589bb01ee0b330ee8791fc702il,0,0.9052267100160477
4,6e18a078182a21b8522bb69a822cc338in7rn,0,0.002726766456752793
4,af5d33f9724b0e8c1f875406c0556d1e6eotm,0,0.3061321852980841
4,e2a61feee7f94b49d7de1ac6efb237c0fjt1z,0,0.0033591412825762722
4,d4be674fce23aae81c4cb946d4fff8671gxtu,0,0.003507641677983192
4,3d48d4b09fc7559bb6c129fb65c133808brgv,0,0.04384389588804597
4,1bb03cdb913f203f704caf8bf6840b6fbpigb,0,0.7883954750028651
4,403640a20dbd2c4bf554e558de137deckn70o,0,0.01940796816809677
4,1dfa6e724441ca3c913b3d40967c17b2p9xr7,0,0.002362698735831479
4,d2fc5291537a61882065e571c21e796975uy0,0,0.000941872725827504
4,e2e14e8e15204b504b146d17a2bed925qg3u2,0,0.04271155922580048
4,0ef9be4eb3b6a03ac2945522964b242ap09cy,0,0.001561322496456903
4,efdf59a8ca81c5d3744f9121ac8fd2c7coy3g,0,0.0019179415432173117
4,86a3a9861ed45158e964f9d004a224b3324cl,0,0.006225690749737206
4,e0df56a5ea8094d070b0130d7178a996noolv,0,0.0019169242332058962
4,abec779131ec6bd32f5e32ed0f274400ekljo,0,0.0029978581347297984
4,ae15accae2164aae084aef7e3524c1fflq962,0,0.03347828523645964
4,98a5197faba8ba72d6ee9e1c95d65d737sigb,0,0.020791528117851114
4,d95c969eb09086bbad373dd8ee80cacbuagvf,0,0.04384389588804597
4,dc87cba6dc8717e219e9fa9edcd10ae4a2i86,0,0.0019172709712449868
4,0a43de0ab0a7525fec59ef4bc1dda7a2z9z69,0,0.2019702376007839
4,e561791343f3564a6fc612a98b5f3df34rxok,0,0.2032121510771374
4,631f923b7bcf91f61a2e9f96520bd8c8vtl14,0,0.5595893091438192
4,13dfda714fb516e1f9f7abb0c927bdc2zmw55,0,0.03171455257566425
4,4c67576a6f30a158d16d790a7fc482b0zqxue,1,0.843812614911101
4,98eed7cbee9b1a1b526a635648e7cd2fhbt5w,0,0.5769440425286999
4,414af5edf09c473bde75644b76a68e7feesrw,0,0.020114405080554832
4,9b733fcc97535e27037c231858a711adyzvqf,0,0.0014176889717930992
4,a6d6f3f5034886fc00a1245b439de13a66ha4,0,0.23373741222754157
4,1dab9ffc5c6bf06e86e0dd1b3cb9ebecn5pu6,0,0.038839518922104126
4,d9b611dab3b5116f761747fd3166ecec80icg,1,0.1202411686335569
4,669c6a0e8aabbf0647e8ee6e150c47b18a4pu,1,0.8027195515236137
4,2fe472c1be232dca314d4bdf0fa95165rjv69,0,0.4918036536207711
4,bdbcdf6a935f4d1781a2d33bcc4967130bdqy,0,0.36021929560599975
4,bd29e36cbb063cbb96ece76680ffd9121dy90,0,0.002544044698534748
4,ef89b74b58c49c1a321d3d7ce061d151k51xm,0,0.5769440425286999
4,a2b4df001b0e40a398f6d4ae9b316c0eix5bh,0,0.003622103704957817
4,c9e1e860e39bb7d4dbf3c91c5d6c36c2dv4tp,0,0.04271155922580048
4,f7e3635c9a532fb9a60d6eda6eb7c7de3uqs2,0,0.004929678789897465
4,4d6580da346435dff2503c55ee5e0cf8wbkb3,0,0.9791352311193373
4,5720c8d7bc15b94037cd75ff9496a35evugeo,0,0.8528452953439598
4,2b5a7c969ae95b239583f09936560b85g574d,0,0.001204924638551477
4,b7630ee9a73e7ba6f11f7717b7f03ed4be2hb,0,0.07662574739064118
4,72dbc4a9f579a9444c126a0a67118783092ec,0,0.002073845785483183
4,e9b27622a64f2eb9dc7559d43bc45e31yci23,0,0.016182459961830695
4,76d4a0147a60d871867f00adf45cb792w9c6n,0,0.22299523498643972
4,84c7bbdc12233f88f35c2c3b8f178803ta03m,0,0.00387200850247985
4,c1624207d78346c3c58cd44f3d5472fcriae4,0,0.0016823778194018466
4,3cab5bd983f5be9c16789b6c14bae982nhi9c,0,0.04375423262697358
4,97ac4a68e5600c4b7a960d9580d4f251470mc,0,0.007846668562258933
4,0817731a4d2e319f6f771da3f522b8bfv6njs,0,0.9731343881132464
4,a6214d8bf07127661f322afa7c8dae91ypizm,0,0.0013034940717457316
4,dd76fa7a75bd0e1921f71d255a8e0853l4lbi,0,0.0035982535274467825
4,a0aeb6de8a21a5b776f63530ed753fdb34k7y,0,0.02623038908431421
4,8215dac41ad35a074c93bfcfbc0f908chlo5n,0,0.0025410064812798855
4,a2bb8b3e3ae4566203eb5b3021b4d594pohf7,0,0.003652536467004887
4,63c48b70d37dee5fcfb26f94107ba3b94d90p,0,0.005573569044848205
4,f3bb3c26162cfc1b8c3636a7ba126010na3n4,0,0.010844212166119348
4,89291354b0939c342be97fa58e018bd89fvcf,0,0.003987942198771653
4,70c31e8b3476b953648fd4f8775c1950m1uz4,0,0.0019633245299700793
4,fe19fadb955fee4c5fcd0e30e56e1542kx66p,0,0.019344294434806876
4,24284d3fc3334e0adeb6bb95637ca62d6dm96,0,0.0052495108601144395
4,93ab2dedd76c1859885cf724ebcd987c9ngfi,0,0.002967586694556724
4,b729f60d26fde89a01f3fa89759d6b07t0ec4,0,0.012425277113026087
4,36e2e2f32a3872d3e958c0a58ee79bd129xdy,0,0.0038207563542356315
4,3ded667003605eb856ed1aa2b82c1732gtma1,0,0.0013728669926989674
4,d6517684989560cbb0da1fb2f5bbba9b9y2st,0,0.08459589527996715
4,361c6da33ccd1c0df152fd932e6fb2a69i4ux,0,0.0024522247088149627
4,6a2c4aeaa17c2fcf20958803a674f101vlxw1,0,0.0029636373332916056
4,9685887173cc2e1e5ee3993832a4b153bfl9m,0,0.003200214636387844
4,716079d1913959ccae0307f760bcddddt6d4o,0,0.0025548962465985277
4,c62a6956e93ac3b56b1292f2c2d85b1fyekav,0,0.007259535001064352
4,ffacbed056cbfaa60c1fcf51f0d381bddr3ly,0,0.002862690164828657
4,5a823474f9fdaa129dea9fa690d51b62rgm7q,0,0.015470602377214922
4,d92c8c2d4c29d4c785431a8b34ea135awepbr,0,0.0023679229634062347
4,98ad4163bb0b1abf72f165056d4bf1a1g8ekg,0,0.003159242769986497
4,c478f94c1323552e85aec6e1013ecba586320,0,0.9495067023508642
4,bcbd5c95680cab78cf904fb936dd03f86g19z,0,0.04271155922580048
4,764234598477e02cbf8a43983fd43850l1c8f,0,0.0009392140761816596
4,f01e3769fdce36d31eae85525827ab17xeu31,0,0.00265164770594042
4,098bfc9c440f9ba9e6371f774ec6a36fa0sq6,0,0.00464590235857122
4,58f590a56f480589646d255d570b0877zcjw1,0,0.0029252449101139044
4,a8c2410eb81513da23261a49135e4eeacw6dw,0,0.04642120842567579
4,11e47dc08d7fa4d1a1953b5868892f72qvlho,0,0.02882301898058635
4,c5120d10a23eb0c10d56a19fecbf9da85t4ow,0,0.005457479359243119
4,1530008a712831e35a673d38959528f4ozipv,0,0.0013841064115200391
4,f4294bb3abb69fa3183e7e851b58b278k83z3,0,0.03417649792729977
4,bea63152ca4d99f549999ca57b93d015z9kyh,0,0.013383674881311137
4,e21b238213c361523d276d67f37c05e3qot5q,0,0.02302760776254081
4,96b7bb4238e7ebb439d81d63db4c2796aoofv,0,0.0036772582015326192
4,d3e1891edac2851f6d34de566802cac8m8dn0,0,0.003644844745780347
4,53f61a2f33e8b07e49da643af49884782vzdu,0,0.0010163844621910493
4,86a34cdbb975c141eea1854b10dbf1c8seom3,0,0.03650721213654123
4,5e945cce4e72950e0930b2700e77fc8eq2abo,0,0.0016257367262823724
4,ae0dc05e48d0f1e3ad33f37b4400bd069jktv,0,0.006040565030849304
4,b258a38ef4cc6ea241b5473ee9badd32ekhoy,0,0.03996147136873395
4,c749a25f3a07304b959065d83bbfc5f75u1my,0,0.0024090733703855125
4,4997f0d7074a1d9f8bedf5575b6a4372w7nro,0,0.006539998102405979
4,26508777dcd84df59b467a60d9f18ca1pvvbs,0,0.10577030189019138
4,d127576e329604b576df0a3248cdcda3279td,0,0.20266900671092597
4,bf6f2ca50a3a6a3113681e754307aa4ehnd5j,0,0.002760590444731182
4,e7445f6107c8cd3783fa722c7dd29fe6rcd3a,0,0.0012555070322569576
4,29bd1e11a41eb2ff50af75d10f28041ejh9xx,0,0.0033459750574074015
4,a46025d61131de18474aa6f167e04bf08w9x6,0,0.30756189890946745
4,3272e16da807a75a987e26b09bb2147by1mxe,1,0.9859100647795876
4,3893d2c62d59c232112efd332bc342dap8b4j,0,0.00658113465431381
4,06c281e31f83dcfd3fe70d2ee2d66bc7e6fw6,0,0.0011563514896987207
4,24d4554556deeebf61510cf3e001edecu8hgj,0,0.003980538722629955
4,8a958e0092f6ca984107ea6c3975f806c59m2,0,0.0017500441568974844
4,655a95d80489d145052254616787cb84fwqid,0,0.0012601801319082663
4,1df5be644b8963750305092eb8ec878ayba4x,0,0.7271336157533472
4,438e53670ffa2990cdef656700bb49bf684fz,0,0.001398471690700986
4,b86050461e88566061c796dbccb1f7e5at242,0,0.0018210391499506632
4,fa64fdb8ad70e86efbfc31179e93e99egd27l,0,0.012419467438696152
4,3c37de5e4321388ba706233d5ca4a0bfp7w67,0,0.03171455257566425
4,b7515e5f181a6d4884674897226cfe9cpd6d6,0,0.0009392140761816596
4,fc870f3872dd5e36e4dfc4ccde28cc930tify,0,0.0034133700451787806
4,053cefb7e952bd81d7a6db267a121747te7lo,0,0.04900601135051955
4,4e22432d4a059b14d1d6a68a1feaa953k8vrb,0,0.0009392140761816596
4,83e8aa6cb15daa745c75ba3c29a2f646zjw33,0,0.019935606983879143
4,82ae4df0acf8237d7af1a790e3848645bp73e,0,0.002167925750968528
4,74429c9ce8183e2b1b89600e6de4ceea5kn1t,0,0.028617060589697752
4,8a3f5e16e4e689897d872716efeeaa0904tyl,0,0.0011892632939904696
4,e76154d73bb7d7b86d9bd48d167d3c679z0va,0,0.444754635460577
4,ac2d643e0c0d3bfe8e54e5a961c6cfdb5xn9v,0,0.003521270695259444
4,1680b6a12fdc8c64645c00ae8048f99c6uzoz,0,0.0037303531127238416
4,c8a99985c7bf230f475a8e9be6a17d7a08r3x,0,0.001359523682520456
4,0547dbd3ecb4a293913f138d60b586fdf4ane,0,0.937817543445207
4,b6e52f37365cfeae9204a9f408b8c3a4idcs7,1,0.9651080585050154
4,459ea22b6b51936d0788de9f78a3547bf4jrw,0,0.02225290451232735
4,6f6e3687f67272b103351641b678225abarzw,0,0.006471988742469213
4,ff92ea4abd33ed38601287f0e1d6726dmgx1f,0,0.521473720504561
4,46a28eaed47c29b4fd148a50cde44840u0bsn,1,0.634654659062064
4,668d393e858e8126275433046bbd35c6tywop,0,0.7428945954060634
4,1c61726e316d5a16aaa80b429080c534u43s0,0,0.001464032943696904
4,e783e5f6b818d18eda4065282022ac23jd1fw,0,0.0020920352912845628
4,b17ce8bfbb565945ee9f289c2ddd8abbu1ndj,0,0.004749293035600203
4,a262e805f766306f4adb38211abf235akxqh8,0,0.002317282417621645
4,a679d00c30c269a8eca148458abb8665kciaf,0,0.00780372321198268
4,64abb8a286b2be97349e8b17abcce6d9rygza,0,0.0019797969914946527
4,76f7e6c70f2b84d885b23e2b2831e113ueqo2,0,0.0019190443817250023
4,83c9359ad94eab7f4b8fd582a6db4733frmsr,0,0.017400136831692323
4,9372e27ce85a8c8b9460b87c37cf55ecqjjkd,0,0.12060439998978545
4,aa3ac65055bb4b1660f4d8c1d2c187ecoqvn4,0,0.001470812026845538
4,e134f2bb79d1a810aada6a24760c8910mh5na,0,0.08253030154699187
4,eeda0d135495167db9425fc5fa3a5e3ex2zel,0,0.03128449119749751
4,c0e4be8d520c7bac2f51ad80a98876c2aan70,0,0.03171455257566425
4,c67ecaf47f857f37f63ac0f4b9af3249wwdtz,0,0.001359523682520456
4,238808859d7752579a415e89a395500fh2o65,1,0.002865089635612923
4,51cf4dc8898554aedd8572f97a95ef5cpi3ct,0,0.3579718201281747
4,9a44bfde11a7b6ade17cd33a2b5102fcnlhm7,0,0.0036769042911583083
4,ae37c0f4dc6e3d99f5b0243fd18294cak7pxy,0,0.2209427687071122
4,67ab503313f60aaba89f64e2ce3b459fvyahu,0,0.057768016432537296
4,63424f85cf53557fdb5dfc6a280af75epl45b,0,0.0014975478309755177
4,d4db72f36e6ad1668dbc0bf4f0e1c49bn12a2,0,0.06863036052111339
4,817f8074bad1c717afaa8d1696f9b2b00muzw,0,0.0015175373661013073
4,c8cf68aa6abce25325dfdad4a98fd890ap57f,0,0.007259535001064352
4,8b4bcc98fa4666b22c7a17c9a4b93ebenlmlb,0,0.0018564706070340047
4,9adae18220565488f77036be41cf71beiepqk,0,0.4263594819389525
4,0a09adcd35b5f26d75f251006affc747drfu4,0,0.03421226548142544
4,f428427d7227ddcda377cd00f07749576c6b3,0,0.030214386643296655
4,8066d0a6ab30c52b3ddca5da19518b6188t23,0,0.004653968188525705
4,afdd5c7c912f9b6a88c0c2619d618124ycm44,0,0.03171455257566425
4,97db2350652f8d01237fc4c59a470eb81h9gs,0,0.0024419602667614376
4,e8bc0150097c1b2b8b8c374b69e0d3a6mxfcm,0,0.000941872725827504
4,227bc0936837200d0aaeb444ab8d5f1axs8zr,0,0.006638314182536457
4,01c1c7be49cd6cfbb9075925a05c9899p41va,0,0.009605797761016024
4,e8581ec94cd4d5009ab6b36c6aca9f0cp3txb,0,0.006363362070097671
4,e50426efab1e9d60b8f7258130f8791czrpvg,0,0.0292018976209927
4,24a9abf72cedcb421e831c1be26607e37zojy,0,0.001824108783284306
4,eb27d8daded752fc0d1c828867b0f118cswwq,0,0.0014678562355416062
4,bef84146ac1e2f21e928e06ede1404793bfnx,0,0.0015530581960049455
4,90fe8d6fc0bbe4ff2ca7833fe51bddbaaibof,0,0.10480922011772427
4,0f8cb1baa83fefac10f885f79149bf13kn4nw,0,0.01407951078624845
4,9dd7e7ef94a7bc5bc9f98c42099910e7o76qh,0,0.0023613219378276445
4,5201935b289665a197e38f747882948fjt867,0,0.0009392140761816596
4,fe27fe0815883aa3e1a312f0dcb45981txa2m,0,0.004137349347068235
4,33895230e0b25b5d3133d502ef3ecabey84m6,0,0.04410935879807471
4,1982c4b164171180d480166feae881ecmxsgl,0,0.0014772708076694033
4,7ffd9b7b795d9335153d481fba4b3076plrxc,0,0.002985372085111423
4,8b109c0aee5ed07fc996e73d28e65888o5jmc,0,0.04608281451216334
4,050a3b29ca1818e1f237df8132bc2013bcuxi,0,0.0019403565114590902
4,74149197c8684977e397ab60a6a264836b0lv,0,0.0014595748855624378
4,55d9cdc3af85efe87b2a6f22a2cea96ezy2ax,0,0.0045128255033513925
4,6130cfe76ed3bd87c8f8dc6b2b2786dcp44xy,0,0.002259532121319928
4,8152c94b639be88e7076f0e32bd70e0eg004b,0,0.003523997027051651
4,23bdbb8575f191b71853bf78d09e11a1lhnfn,0,0.00579700087705179
4,9ca7afbb673865b01cd4b02846054fc1p3vjn,0,0.015327542752994866
4,d144312f2f68dc33a63b7863911b2aa459i99,0,0.006392318540435935
4,6ebbb4e7c3fb4ba44a89bae997717924gm89u,0,0.0013851684695888196
4,1456b44d8b2b16cd94278137269ceb11ns7wy,0,0.0013551057884084
4,e59ca537cb8df3053bdd555bc987b4a7c7m4e,0,0.005384881638317723
4,078e06b3288cf8f18ab7ed44b245fc56nbyfv,0,0.006994054374901747
4,81392b54fee8e50ec74efb27cf0de8e32fdm5,0,0.0010294519524506765
4,4694d67c21e9a2edd614e717aa3f4dd2e0w93,0,0.6771949050720258
4,b1863365ae232a316eb946ba56a29415m0gdz,1,0.866712382044948
4,1275d8a6a3b2ae9d24b50997397c254cpuuzv,0,0.9281825711356367
4,ce7d34398a6d6011bcd96ff0aa82b6674hxzl,0,0.0012378563928070023
4,1a09feff347553a2577983d7c742e3d6l2hfo,0,0.1618319585161605
4,65435e491aa69dd9d44d70a9aeb6e847oqlty,0,0.0019137170146543542
4,628156f3bce703aa6bd275089c6c692499h1q,0,0.13845549517833078
4,39b501f37dde9b055d627394964d3260qiktx,0,0.015050333061373447
4,d110111b8700f290b5d03a0e243fe375r3woe,0,0.0027295120929485186
4,37ea72c53cc50112ced4f88810f1b38euoz4r,0,0.001710742130964893
4,cefd0ed907595de146c91e6c26b8ad658ilo9,0,0.0048441758659225455
4,069d251f2fc19102924468ab38349d5eou7ab,0,0.008025814331202398
4,d588f4c51e67a340d1991a8130ee0b56hy0r0,0,0.004175183513585014
4,535ed161b4c9960a71ccd53128df4766ddyq6,1,0.24855062562585417
4,a46046f129f3526547aca680877fd8c7e6tfc,0,0.012516659564761855
4,2c449b1bbbd5f8d9bcc1159b7bd3caa32jhtp,0,0.0015765938829160773
4,77b7daafef906aa3f941992bcf94dd69zxk2p,0,0.0027536464621891613
4,4731be79b5c7e894dabe5986e747b97bd6yxh,0,0.0011741696007984887
4,96dccfc370343f6871dc478d5b2fc3ffx95d3,0,0.04147120185132349
4,c615c31c87260c0d85727deff6da6667lgg33,0,0.0019517226898054703
4,baf1aa59ebedbacea2ca418c5aa83888imys2,0,0.0010896321334417237
4,c65d2236a70982d628454d19472ce26eltxgf,0,0.0012014692586885195
4,74cf3a0c5e4f080415888bad2f7119499lh63,0,0.0045189813019327636
4,d31f6cdaf4f8485190b4ea588f8c1733y6qu9,0,0.03128449119749751
4,4aad6f0ffe775217e4ef8c91d69707545li52,0,0.0012249212643027168
4,8d500e174fc28d494482f8ccb9438608zd51s,0,0.04642120842567579
4,81207d4ecf830fee924989f4fe1eaa7fntkmw,0,0.005579117456918454
4,fc48aad7a51d965595b59550e08b94c670k7w,0,0.03128449119749751
4,acaec0b9f72bf4ab4318f3244344589b3700a,0,0.0026874964088904564
4,120beb4523541f769a2b658cbc41dd57w7im7,0,0.005367100513733629
4,fa918060747386f431a511c862565e34y1pdw,0,0.00228902097161571
4,25331706aa2157419da068e93f3989feyo7a0,0,0.23094864585687017
4,21fd0c468438a483ad1c60cfd1b84b850iyjv,0,0.0024092529767959104
4,949689cced5d86578e6c8b664ea76d6aq6zxg,0,0.06863036052111339
4,f0ce8b973cb8d6eef9221fd3d6698fd4kl3g7,0,0.0021164811577383583
4,99a3bacd3eb66c909a02b85402ac38dfskz65,0,0.001824108783284306
4,b5d61accc925a0e86ab7274e1ad82532gb1w6,0,0.036948477668874935
4,ffaf0a972a6dcb3910fd6b16045781e2ava5y,0,0.0012328990633356349
4,53d9e7fa087a0dab6a472bfbfb694622jv072,0,0.0014815680689087847
4,17e4d6d9a1f8ec00cec1d4fe79b059bd51476,0,0.10372790337082548
4,170a58cf637c08f0818ebdbfddca29c9irkxj,0,0.00213989172378319
4,f6a7e7b14d39804c7d15627e2fa384a1cq892,0,0.06863036052111339
4,f5b2bbad20d1d7ded3ed960393bec0f40u6hn,0,0.0421773798646696
4,7959bd565852dd880cd31278fab3660fuaqyw,0,0.007859745354804356
4,c83ee624c46235430ad4338278f6d270wfzre,0,0.005084992570277349
4,0e373556d3bf588a1bb2ca6354120cf2dmvjs,0,0.0016739053736058564
4,ad590c59c30187b772258a059d532db42tf4d,0,0.03996147136873395
4,a4e83190edb97fefdc4a6cbfd00f41fbm7c4o,1,0.9459381476018548
4,c670e7fb466b09000f1053d2761752268bkfm,1,0.47685157039798615
4,c41cd6791e262b44d26bdb3443fcfba97wlm3,0,0.3833101670794026
4,e588d3f7a141147e4f8dba29377144707vupo,0,0.0013788863120253543
4,5f529b5ee68b60482c5d0c56ee91f3c2cjrmx,1,0.9659433574226849
4,0f4669e36b2e721dfe27f8633b277a1575erw,0,0.04271155922580048
4,70db4530c292bc759238b8306ff4ebb6n4l6t,0,0.0022634376246060232
4,e49dfe2adbc4b3789f67bc044c231473clc4d,0,0.0065899116621678045
4,f28b5654b5633a0b5e3f757a16080116sjj1b,0,0.007354851047682663
4,bb4af76ec92ce75e8abe9a6a481d4314jyo16,0,0.053033114055584626
4,37d71b4ae830fcfa6f0c4f65ec386414n8h5l,0,0.0014463024491187051
4,e9f928411213f44502e4942a29553ab1tbqgu,0,0.014108692763995023
4,f895a8d9d7974b3ee7f1f04a25a950e9v63ps,0,0.007210680960650946
4,f473c995ca7b5287f9b2f079f0d78a1e92226,0,0.6209950876607162
4,9d8a1ddb38499b3403a6a93395ef29bcrznni,0,0.007250765783469761
4,9f52fd88ba073512be19e3d24d4bb6f91l531,0,0.047468967023568336
4,25aca203223b4d9563f5b1a01aa3a21ftlgve,0,0.09180683836723429
4,6b1666662837213ce77c329d8cb2a842epaeh,0,0.0023169592967673233
4,1b7c070ffb2c23c1d02ae5bc5d817d06qz4xb,0,0.00393582764018351
4,e29ae1bd8e6e7dfc9cb43b1572d3d55ca0hc1,0,0.0012950600613831817
4,385325103b3eb54b0b974523fb7a13e02go5s,0,0.004282013003743207
4,2b5c4051f232c4848dbbb477c5ad7f389f4b6,0,0.04041155328192168
4,717a0a200628f9606d88afebaaeb409bv60y8,0,0.5061051463700802
4,e0fecfdf4029d9a91664e703a178397718lyl,0,0.0034895826523124486
4,aaa686462ebb950550fc1c6136ffb273vkrc5,1,0.06331125411961618
4,9744d8ea513490911a671959c4a530d81fj5e,0,0.15354435248414228
4,d2b8a15ae403dabc5aa752b205181dbe1lm57,0,0.002783752997800191
5,91a3c57b13234af24875c56fb7e2b2f4rb56a,0,0.0006302173522508054
5,4ab12bc61c82ddd9c2d65e60555808acqgos1,0,0.24359875581997137
5,d1be739798ba0745a1fd72ac918a9f1929hei,0,0.0006691921970617774
5,1b26a52e1e5980c8487bb35cf5027fdfwfnzp,0,0.0008319128381259787
5,c0549e76b179912d52a28c3eb9b29376yaxvu,0,0.007379749735185478
5,38e919293f5dbd62d87ce288e41aae2a281m2,0,0.04562877553439459
5,9c509838d129fcee98cb3934079ca36asla50,0,0.00684045242282157
5,067ff22ebf0d33fe0deedc816d75973865jo7,0,0.3051975149000713
5,eaaae0fb54c7d36724a9679c3128d5a7gn4k5,0,0.08184018847553977
5,a22fdc066a738070c6e4860924d06657hengu,0,0.3737067588498529
5,29cc13d48af9832e0eb481c8a095fec7mom74,0,0.004417110906036251
5,a1f4d216a1a92507d97166151d7c9fe37bei4,0,0.000586866064742954
5,5686520af5a4215a239418fec906f88e4she5,0,0.0005674597913930308
5,e3ccc9bd16fa1f4a92fe87b4a54e5e72uficw,0,0.2275324227639997
5,481fdbc92e77bba4c9611841a7d74071elwx6,0,0.0013248669531533677
5,bd586db332285f3c45814fbb8f638d79d26u7,0,0.00102514138943501
5,bcf95b210295831ff6e20db3a570f909n3q25,0,0.5317285306036601
5,ef24ca4be7ccbd6ec68d4ea9f47c9e8ex1g09,0,0.0014298293515953538
5,1cbd9081de4481ada66f1853737f7684ddjd1,1,0.9788872715892274
5,c5babbaace35399cf51a9356bbc22733xpi5h,0,0.002961466621726112
5,1e342381f2c64318a51a9b71d91897f8dv9ul,0,0.4227231620753643
5,9ded76c5244a2116a3b5432fa265a800j0bvt,0,0.007655950069917454
5,53691811bd992911edb9f5f64f49d8f5luk1f,0,0.1344934256784073
5,d27221cf2bfaf0fa7a60ffd3e1e3a53efagvp,0,0.3974614213074063
5,60b8145bcfed7a5f2a23b596a8aff99cdzn4m,0,0.0037361656721393265
5,3b233dc399f175100fb11ff9c66fa5b074z60,0,0.17348537447955029
5,a9229b83f54a5f44a69e65b9b3aa7aa26qcon,0,0.0023572726465273044
5,dc52611b1a2c84c0949da5af9870d57fj6ab0,0,0.004680188194738671
5,74ecf5f9adfa4dcca4dcf020209db81arynmk,0,0.007964775107941382
5,10383b390780e7b4b03dc32c94b4973f66wou,0,0.006759930557962113
5,2c72df02de4b36acf72ba549630808612ol08,0,0.0016582880026921134
5,6cd1bd77bbf2af6a2c6e535192af628by3h22,0,0.015426611620802071
5,db83d746ba8e0c388805fa3fcb235743vfqmw,0,0.10726944188753877
5,090c77ac89c7063f0d0ce064ce3cb3afllf5h,0,0.01683832733680733
5,01c5692d487454cdbe731df330bef608f48zz,0,0.007068804169902781
5,2515c5fd81638d5d0bca39a2b2be3995tante,0,0.09640478465358333
5,27809fd62bebc89be450f9dcbdd25ed8il6z2,0,0.012104231908288892
5,1880a778c9dd0cb15ca1f052308a8e04g7e35,0,0.007847562502074237
5,6a87cc9dacae884e817de2ee08452e76dx9mn,0,0.021291385190791844
5,33031f476dec19fe47c0e3a051a68e992hmwv,0,0.013781873299710262
5,72dd0e4788d25f62cc2ba942bb9499dc7quqj,0,0.006375496054149387
5,b8e47f06aef714b37073e72ac40a8100mew9c,0,0.000683069706251737
5,666e1e141862a646afaa2b71fc7d2c25r1b4h,0,0.0006545497567869947
5,2918b09c1ed9e9e8602f85175b266aeej5v6w,0,0.005624751979636458
5,124727083cd4159b40ff8d4b36a89340l6fga,0,0.014284494769254629
5,4679df74080bc22e29676bddc5bcbf51gsyds,0,0.004466229656086703
5,f46cfa9acdb6a4c419c70c19be4ff9523uixs,0,0.0008325953127226265
5,7dc423d0bbfd840fa0bf75203cd7bcee75kmh,0,0.001800547440040638
5,9e72fb21f7581cfff84e833d02538e5ar35kr,0,0.0007283653144774808
5,82bec02fec2f08899489d7a5c35a30a0lbszo,0,0.001138332456536989
5,1291b98e40353f77928e363d54a13c569bhfb,0,0.0015573284319279513
5,b191c73f160bb9320dd3715bc3ffed26ymluh,0,0.0008314491465796445
5,481db1a88023d22b3533044bff5239dbf3cda,0,0.0035171307778686764
5,b64c209b3d1d91a663d134961af89125u0s9a,0,0.0021091701399094257
5,3d281a78c6a116a91baf9c8db22b56bazer1h,0,0.16131463923169367
5,a9237defb0a6478098f242b27ebcef18qrotd,0,0.0007543388061864368
5,aa8aeba2bdd0353a108b9b26f12ed59559mvz,0,0.0006726515318474406
5,a8561bec318a7d3a0082b35b086b4428wekph,0,0.03676407001234678
5,a2d0b7ec1595325cc63777f106e09fcd88y5g,0,0.00967564134125104
5,ff12cd48c7de8ffb8b2099f262ce03980dqqz,0,0.0007497013574993976
5,e8e4603ed284adbd252a7a601f9bffe09oq6f,0,0.04335141273960872
5,17c87408ee1009887112745797caeb7fwvqfc,0,0.0018730025739586496
5,205c519be884c5b1c885f61c4ba8738a737qg,0,0.9063956772810295
5,f75cc5ec8acf1ad2349e00ffc4b3191a531f3,0,0.0011877314705787964
5,26190fcf0babdbe0b0d903f325c52873tpj7e,0,0.005685526775844039
5,cf9a1c3af63d1bc3f55728b4a06a5f46njrac,0,0.0031591774987991374
5,29544507566320f1125d8e9f9a0ab3f2jswhk,0,0.7807780679241454
5,6f46b3e231003daf21108df4624afcfdaaswv,0,0.0009590694543188127
5,dfa45994c8471762d04deb23c6450598byp8y,0,0.010198810389019751
5,d3c80e9f6b8e1d774679fd8dd5aae611e3qls,0,0.0009395340096791439
5,9ca41c3c062146a06d2682835f5136807yao2,0,0.0005648112634983303
5,72994bece8c918a2c4c432b98780a7bdsctwr,0,0.0008914536380637356
5,74f153bd134afc92866a6bc5cceb2088120y0,0,0.0021091701399094257
5,74866aaa89db79f25dc0fae8be067b83xlbm6,0,0.0009431048126384398
5,6a5457f1038c6e1cf9feb57529ce07b2sff4d,0,0.012362166935147056
5,282fe85277f7c07b0ffbc5fed621a02ezp1zr,0,0.31370741779640476
5,c18cfb38fe1c4c01705391422177265cn9w5x,0,0.010784953072371862
5,cba6f45915ebbd4b5404c6d357153c0adeblt,0,0.048883441513651225
5,dc752fa41d974bf688d25ea9d18e9a2eit904,0,0.0009879948329447772
5,5c725e840bcc103bb8d12c54ba9a0b37blxvw,0,0.0016075688736510501
5,eb2c4b4493f31788ead745533e0c9a18xzzlk,0,0.0064938514970386
5,6ed7b95dcea7b359248e9efce91cbb11lm7hf,0,0.07113653107845572
5,e0b6466f9f720e9d9a00d7c12b2e2c6d8xwxz,0,0.0009282612983192776
5,8f00a4c4d7f097bc1688f8d89431f6bfmodq2,0,0.0053108349149453655
5,3d54d594ffba32e8d6527a688e7227e30iq3k,0,0.0011940705760205446
5,b232fdca7cb98028e8945005f619fb28p8788,0,0.0010917667891350308
5,db80f065a93cc6b41d12af614bc3ec11kpwjp,0,0.13755588359551654
5,7029915a2c5aa5d964acfd85c30c3950b4opr,0,0.002629737230888165
5,11d7f0a5076649b229c301a22537834e1ehwg,0,0.008782492140953427
5,3995d9ce0cebd62d77cb8add067d93e15oezc,0,0.0013589025929256798
5,e67abc3ba39537cc640678297a7c5bfag490k,0,0.023403832865336375
5,57e1892d3d62d87c9ba5e8425a1958c0fn11u,0,0.005685526775844039
5,88e24a019c32a60f2ff315a9d217ec33q144x,0,0.0017305933536243196
5,2906a20e0b4f7ce840d051c4be898b66do6wh,0,0.006607147314189498
5,67083f257438b1b79cb09cfa601890855of77,0,0.0009248721259759971
5,a3ef8857f2e33ecd25c409622b4e3ebcij8hv,1,0.897020158774545
5,a8a5bcf248e1326b3340c88e057f59e9nlslq,0,0.013512171903203656
5,db5e9f85e7d180f7d952f12e5dae5900q9xif,0,0.0006705161391699981
5,35b111da8e919bb34e80511be9cbd128pjjdm,0,0.005685526775844039
5,3d7cff3dedd8a8e02dbc551c6a61da3bibbvh,1,0.2121440134870993
5,39f9dad880d32ee607af7571ec24807bn1g2d,0,0.051236500121697184
5,8fe6da2176541d0ce24574dbb60f9107oq1kn,0,0.010572173537324304
5,f04748a1437347d837a65ce04ee7d94enqhub,0,0.012813019387593536
5,c871daa6b709e008825b667b05efddca04jbe,0,0.015426611620802071
5,10b431aa15b56084d32fe1ef123c4305wo1nl,0,0.0031855671998930538
5,c2294751630e49a4e594dfd89383b271qzp0m,0,0.007796530756988265
5,c6f07c222aa3a9d35b0e01f8959ffd21oownr,0,0.0006858760730236507
5,2b72d702b44fd7dd58062e326fd8e4779j8mp,0,0.011727275845402965
5,584d1d60d357a4ee1fd3b0a6a72de1dc4rodn,0,0.005685526775844039
5,f01d8d55568b1f54b6946a1b78a3983exkz5u,0,0.0013013070535621161
5,e0e5719b5d763eb4e04c7f6e4e32884cmlpj7,0,0.005685526775844039
5,65d3cc1725c4506fe02be3e2b24435bbbd6qf,0,0.12736297833819915
5,a6e261c09ae8aa7d0a47ffeb0110aa519jowa,0,0.23842769898078625
5,7d72bde2e297ee81296adb4fd56e8800p7lbe,0,0.01577919753333672
5,55d0b2506cef6464d799879b65c6ba29hjcv3,0,0.5217438158656067
5,7ce12bb499c156ba4513becaa42aa8c143v75,0,0.003255851193751972
5,9774dc752f855f07b9c00eb7018b607c0ymxo,0,0.0007159108454693191
5,ff566c87f2babf3dcd67be286e1c6666cxzh1,0,0.0006953022895579579
5,ec0c9e98cdf302274974ad212477f851iw35b,0,0.03365806948679035
5,dd1675bf26316cd4630087fb47d0ff8fsug8e,0,0.0015891299272517312
5,1bbfbd968c065ff5dabeffe311bc3ddeezbof,0,0.020482370491049322
5,4703c8940eaa3f3bf5082ec2f155a8619i1yw,0,0.07333325312495068
5,8322695c21cb27accf0fe269438bd78fn3x44,0,0.01117755312397612
5,d7c046d4328c139e76fea7c1833e8fe6fx4yz,0,0.0006156802720572269
5,37ebf34eaeb8a434976416c34ed5c6d8ywyoj,0,0.0005674597913930308
5,82194e7d8f9b84e71b789e763b5c3263r6d98,0,0.0026940991854902258
5,0318e0a173f7c65db40116b903884c854x258,0,0.027742561743514277
5,06a58d4af0fe7ee15324b0e921e8de1260vef,0,0.008666183670653001
5,0853bead89b03dd38a04d84f4312da7dukglz,0,0.003587459124957665
5,01067975436d123f717ee5aba0dd4bbfa0937,0,0.013120470669047212
5,d7340ee3c04e600c31fd2a34c760f7e7d26bn,0,0.00518965089189862
5,37ca0d0ded383d709676a4f9729ef39cpjfh4,0,0.000683069706251737
5,86091a1e6c99358936979baf67d54457x1dzy,0,0.0006109989227564758
5,e9c8ee7f783723fe8496dd35232d88f2or1r1,0,0.5504209963836787
5,05a07a27e235d01fe480ea6ac73b8838jq28x,0,0.007826072004432503
5,3d48fb12020c1a81a65fdba2d75caf0d6q2nc,0,0.006255479255790844
5,272a9183c10d9e80eda8ccaf6682db71203nk,0,0.015735430032496025
5,bba40511c6e56070602e8dde4229ff923zbuq,0,0.0007228480035056259
5,f35082c6d72f1f1be3dd23f949db1f577t6wd,1,0.012588509645168871
5,b9743f78108aefe3995e1c2291b5f3278cgpk,0,0.015422103285679804
5,47d1dbfb67706772f8a44f50e5656602z04rc,0,0.001914518679518919
5,4d0d345f552877998f41ba3cd1ba299885vu5,0,0.0021091701399094257
5,060ac64ff78ae62e9bc697192cebea333760p,1,0.9680463279374575
5,8ec9269ed4f5aef4584d887dfd9e595aaynzb,0,0.0005433261262340889
5,5aae3111e4fab04fa5067c740329a38d11361,0,0.0007373007990998178
5,aa7e36069de119ee3ad7c4d8c925fa3ekrs4i,0,0.003366052613574815
5,cdf76f38b6f46a3bd396a99123d26909xq5c3,0,0.006900026975557979
5,46c0ae10d60c4fde2b6301bbafecd7b8dcla1,0,0.02696080796987683
5,bc7722baf876d0735ddc885691eb687bgz365,0,0.2894203522315129
5,73d4cec0ad358d272d757e0fce8440d01fvw8,0,0.01683832733680733
5,8bf07d8631a2808f2c869e27afad2d41swgkd,1,0.9390327184346581
5,b1410ac124aeb5ef6b06667786feb742tijnw,0,0.08988591024300858
5,f334d76f60cae7c67ab04b9e5cc49907hqsc4,0,0.01190269185316478
5,d8ada60e3b7204a104bba8c073136bb40772o,0,0.0015281586932798686
5,d38b2db568fb71174bf883554bea939ccts4m,0,0.0005571635685079704
5,ef905e4d866c43dbc345751e7fabe5a568kjs,0,0.09369126319154443
5,89c8eefbf6f83543ce0792d1e4b86057ti16q,0,0.0009200858035455415
5,02030ec48b7179a7fd9950fdf546e3feekkye,0,0.007984690721636352
5,86151544b29ad273209ec4605c257b089z588,0,0.07216915353701572
5,359444416c25e6e90ddb2e3d3d0bc23dufn9s,0,0.01683832733680733
5,d645e4b8b043a18bb1c8689572ad4fe16q3np,0,0.0021581737929059165
5,ed5fc53d096bcf1b86c30128040e775334ut0,0,0.1345788326482156
5,f9ab998f3adb944a1cd1847a097fbc0bw61nf,0,0.0006692947850182602
5,361397432ed35185b5a2789867a859ec42v14,0,0.0006353630345273593
5,18bc9dbbed75b55f35ec4be1351b7aa86an68,0,0.0008764722799060045
5,0580f2e77b4c0dd3b5cda8a1641cb9fenmo0i,0,0.012269494162880742
5,b2a19e17e1b9e0bca8e4563efbff5fed7v9xe,0,0.0012740929368310178
5,8d49c8e70bf96a255baf30acc76a3f59b394w,0,0.027892241265014245
5,d95c969eb09086bbad373dd8ee80cacbuagvf,0,0.08600481228900549
5,0a43de0ab0a7525fec59ef4bc1dda7a2z9z69,0,0.06735092409563903
5,4922d20e07d04601e8724be5e9f9576blyccu,0,0.09830221239668151
5,631f923b7bcf91f61a2e9f96520bd8c8vtl14,0,0.1826113862967778
5,4c67576a6f30a158d16d790a7fc482b0zqxue,1,0.7801723554634858
5,1e3642857c10e72cedaf7890e3c07bfa8ibzv,0,0.0021091701399094257
5,7622d7085237d6b73d08e9d70ed11fe3u8mwm,0,0.0013525751263871847
5,61337802cac534b7e7711793039782d6f1yy9,0,0.005529498596572754
5,6a1d4042a5f3a3f34f5b3ea753ecce30l0qj1,0,0.00762024706459307
5,42f754cb72e01c08005598e1f9383341fn7xh,0,0.011986033619884078
5,d9b611dab3b5116f761747fd3166ecec80icg,1,0.11603704146488106
5,2fe472c1be232dca314d4bdf0fa95165rjv69,0,0.3174337327989671
5,1ef47d501d4b36498b51e184b1027981xu89r,0,0.0011123146078622541
5,6be863f26f22cd79be272789ac7e9153v27yt,0,0.039470008835985
5,7d8d3493942dc13742444f28626c5839axjqd,0,0.5713165774902123
5,a2b4df001b0e40a398f6d4ae9b316c0eix5bh,0,0.0012190333091356015
5,8cc03b92898255ce4b096454645599ae5zoc0,0,0.0007831786811287631
5,aea096a392f55d95c3e45251931e9755a9t3o,0,0.09490785134990623
5,b7630ee9a73e7ba6f11f7717b7f03ed4be2hb,0,0.08210532075967648
5,5d5816d216122786933fb74c459f35fc0vnac,0,0.0010471481965205122
5,63e3851eb5e1ee98df1065b333f6cb81mlby6,0,0.014199238390579901
5,e9b27622a64f2eb9dc7559d43bc45e31yci23,0,0.005828748633132604
5,76d4a0147a60d871867f00adf45cb792w9c6n,0,0.014804762335712289
5,42025aabb56a61f3bea90d27b283b517dyk4t,0,0.00684045242282157
5,ca5730b8dad8f35fba24b68c9ca5d445mp87i,0,0.0011618117723871705
5,047558bebab9292a5d4c85d6ee768784j2hdd,0,0.035241396477939314
5,a6214d8bf07127661f322afa7c8dae91ypizm,0,0.0007088578198480903
5,70daecd44c89c37525aa2ca294378ead4dggh,0,0.6548842635431068
5,b9d861ce6162179a4b008b63e7fae80fjoywx,0,0.00785561175296931
5,a6414c637c6f1275e2c62c48fb238c5d5aw03,0,0.0012634257454234308
5,95efb775460080c0da57e154f27876d75xnsx,0,0.0009529857723473171
5,78a444127a896122678835e12ef507deh01hn,0,0.002848770178530311
5,fec57d2db5692eb144a71aaa35a11b58delkw,0,0.004802333451449359
5,a13da89a3a54ac9b4ced156542afca5ddyumw,0,0.013512171903203656
5,c9a97c18992adb02e6c2e6a8f9cc1daa1di5k,0,0.0009546600997761409
5,1a9765ed302d0f91b512c23112066e41s755q,0,0.01683832733680733
5,08981037e7a6c9032716ff25b15c9de25p63s,0,0.656236912905214
5,fe6adfbbb2fc1ec0c3edf6677204bcb245uf2,0,0.0032351773427498074
5,50a4bfbac8a9653af4099ec1169f684c2nsgu,0,0.14071897330537775
5,bcda2135a2456d611876679b61dac500vs7sx,0,0.0023195856196066397
5,cb557e4675bf4f36f93ef5599adff545nz370,0,0.009355740285815066
5,361c6da33ccd1c0df152fd932e6fb2a69i4ux,0,0.0009886892753992224
5,6a2c4aeaa17c2fcf20958803a674f101vlxw1,0,0.001438871853214227
5,4af5e2532224f9f7d1d039704573d9205jbkv,0,0.8881816358696277
5,c62a6956e93ac3b56b1292f2c2d85b1fyekav,0,0.0021091701399094257
5,37702159c6cd2c1a21cf66600e96cdc6rdbff,0,0.005685526775844039
5,8644c9765c64da22776cd67eefe0f498u3aaz,0,0.0005445344900083233
5,98ad4163bb0b1abf72f165056d4bf1a1g8ekg,0,0.001242144049521007
5,17b41c48d6f53585c7bf3b65977eada0yxs8n,0,0.022911864408155277
5,464506515f2ae684bd510b3a50b9121ec7v3a,0,0.042180829718136914
5,e7cf764619380e5303089f04bf647f10thebb,0,0.0022276319933826724
5,fbacab353140582a4b8ae3412eefecbc753vs,0,0.026667885629108035
5,da2841ffcbeabaac373f00039c10f39fty6fa,0,0.043305190201274595
5,c6453f296ce36005d7e7e67e159e1b7cdbmus,0,0.011831703115247729
5,1def3e23e479c9739abce6b3518013d39oejk,0,0.07888276528718703
5,a8c2410eb81513da23261a49135e4eeacw6dw,0,0.013512171903203656
5,30da67f34e3cc215b3bdad588410fab5655fx,0,0.07325602765577
5,ec3b2ff6f725e847f93285bc9d2b7b3dvcd4u,0,0.001354987525073403
5,9ae9782ecff93ddf1c6fa13d711b9fe1gc266,0,0.010820547943334011
5,08353687608279ddd83e4d36fadd1cd8ritj3,0,0.001214325459812264
5,1530008a712831e35a673d38959528f4ozipv,0,0.0012817293881304645
5,b8d88a1167ab74ba64fd6d9c83308a6d4oa6v,0,0.0086341910662341
5,90fd7b3c991701dee376daeb09a0a5b7kawse,0,0.004269933343265152
5,e21b238213c361523d276d67f37c05e3qot5q,0,0.010909703390329865
5,384ba7c5a8ccf55d174080d9ad7de9b8mfysi,0,0.020348997904285106
5,18076726ec814a6f56da2cb9ea89d105j8vpm,0,0.0012529999459112372
5,91c749114e26abdb9a4536169f9b4580huern,1,0.00684045242282157
5,d056594c1d7976b6ad4ba23e2b4cea19l2i0t,0,0.018320472710999614
5,5771ce26e8b0fcbe7e90106955638b251qj2w,0,0.01190269185316478
5,a06311ea45de34bf667b79a92d13c764i6aiy,0,0.00684045242282157
5,3919be53bf4bd411ba25acfdc1362b49u4vle,0,0.01683832733680733
5,53f61a2f33e8b07e49da643af49884782vzdu,0,0.0007122492450796475
5,9f280cd011f10593dc245dad1d93b11dy6rg5,0,0.0007262370629589762
5,3e9180fdf158409adc96aceffab6e00bejjah,0,0.0008804771609734424
5,e90e4701234b13b7a233a86967436806wqqw4,0,0.04752628429995545
5,8f086b809805064f3c4a5dd48327c0f51yplz,1,0.05661798268375388
5,5e945cce4e72950e0930b2700e77fc8eq2abo,0,0.0009071255699370795
5,6b3cff1e3d9398d4c125e7bcf612192dy1gwn,0,0.005685526775844039
5,2b4b36fd77eaeabbdad8fac68b17ece5ey04u,0,0.0053108349149453655
5,2540f8192e425f9fb921db30ac1bfcbas4p6g,0,0.02560614583662319
5,4b32495335dd238db6285f7c6bbe051fv1qoe,0,0.005949377054866816
5,43295f805d813e816fee438d9a394bc4o4of1,0,0.0007228480035056259
5,e7445f6107c8cd3783fa722c7dd29fe6rcd3a,0,0.000490150525758385
5,3272e16da807a75a987e26b09bb2147by1mxe,1,0.980724517123194
5,3893d2c62d59c232112efd332bc342dap8b4j,0,0.0074970168625488965
5,2d73ed3974473a764859084d51334440k5q7s,0,0.005052152891633155
5,06c281e31f83dcfd3fe70d2ee2d66bc7e6fw6,0,0.000527063801471085
5,2cc1c5bf18c858fd9c74901d8d80ab70ak8e0,1,0.943009527126859
5,84560dfb1400fe920a29ca2c728acf1e25eli,0,0.006726658999760748
5,7c0add0ef85bb5194e95ceaea737f90fyv13c,0,0.0007731090033650811
5,21c5f4fff051adecaf1b080fbf910ca3dvi6a,0,0.0015347207506446153
5,655a95d80489d145052254616787cb84fwqid,0,0.0005445344900083233
5,c0b7161a67a0aae21788103c08eba7e9z8e8k,0,0.0009393572005609901
5,438e53670ffa2990cdef656700bb49bf684fz,0,0.0005101406752231433
5,0496c24a6a7f593f28bf7896350e946advl6i,0,0.0009351226827466991
5,4f57e657df5ee5d9207178b4b6858ddak9ouq,0,0.015570742282759497
5,a3d0a600cdb44f03d58f27b19247cd0d4az4k,0,0.0013070236654224036
5,8bc48bc2cd0ee494e55470a7ab0814c12riuf,0,0.01321786634743836
5,fc870f3872dd5e36e4dfc4ccde28cc930tify,0,0.0018478796233240243
5,e587d92842526255c86d3b0d425747ecib83l,0,0.2675216099040566
5,7188dec1b560385b0826f78e7608fdfeai9fm,0,0.6701809176495691
5,053cefb7e952bd81d7a6db267a121747te7lo,0,0.013476227770537958
5,ca5d4f0a3ea342fdc45c3325e5311049e2uis,0,0.005685526775844039
5,83e8aa6cb15daa745c75ba3c29a2f646zjw33,0,0.02448032698284702
5,70cc5da141baac4712163f5cd4bd4a50za0n9,0,0.006550304058773885
5,0d9f78a6084bf15f42210bfeba95621255c89,0,0.000607688528817738
5,fa9cfea85e90bec313e512e9eeab2e869tvx8,0,0.761389071829633
5,12c1b22ede3c23949bf130cc7bac6316ks7fj,0,0.004564747395260438
5,32dd072b16a69411ba3f67992ecc3e2144j5g,0,0.014774573618060602
5,3de66f8a5453943040d42e1e73f11eebll8h9,0,0.0021091701399094257
5,6c0030ed696c4156b6ea3472374f6b54s4ih4,0,0.022142984520227452
5,5097b3a4011380b5d9447e1a7a20b1a556yzj,0,0.0057503255486736765
5,e76154d73bb7d7b86d9bd48d167d3c679z0va,0,0.5399599511638358
5,5de403f3d49221bfa7116570a4d572d8m19sh,0,0.046728949142096424
5,f725c5b4cece8353da7a636fcba0ecb5yxshd,0,0.035255645483911725
5,88ebdac47cc2623888e0bcdfb35b692ejrbvv,0,0.010482817438294262
5,88acd2e23ea6817d9d9fc28f38a8d1aftqssz,0,0.0041664286364494416
5,b6e52f37365cfeae9204a9f408b8c3a4idcs7,1,0.9590104046729857
5,058a4e0ac0a20f504cc9c6aae2a896e6too9v,0,0.001474280286019645
5,a027780df5d0312919d41edfd4947f27odx7t,0,0.11341005473375868
5,14e29ea004067aace14ee4543876a06365os8,0,0.02355444218387183
5,6cfd573a82acda92e8207745bca28aa7lqjcm,0,0.0030538067936037713
5,668d393e858e8126275433046bbd35c6tywop,0,0.45929669961231695
5,c89d56c06803b8c6316a7c906604c64939yri,0,0.0011682807156475935
5,e0a9e4ffe2acd28599dacb91c98c34bc66vo3,0,0.003562786754423825
5,b9fd0772481bf459179a3b4ab49171693im97,0,0.0006531316870310249
5,97f541ffdcbd1ee34610e3099c5df42acfvcd,0,0.0014665633243184763
5,a679d00c30c269a8eca148458abb8665kciaf,0,0.002665336582351397
5,3e0bbd7d75cf543a56919ff5069b31a9gcbql,0,0.0035819589074318945
5,f219cbb3d454b32953619d5a4551f56dcg7gy,0,0.0007963365750495276
5,96f31c5b3baa8704096cc8d4301b4c96i6fyp,0,0.005975256529856506
5,10f01aff2fc23653ca7ea1d74248357a889wv,0,0.001241096388052995
5,8a27b2e29086c0d2e589053537e88393zsyr2,0,0.005187674707875288
5,88641b0f22cf175876bfc4adc44c00f58b5rz,0,0.0005882734490584609
5,783d5c219ff84cc0517f59a39bb98e18st85m,0,0.01627123535152876
5,874402ea8b408a017756404006b12708d9s6u,0,0.0005690915791397686
5,67fbdc4209a1566288acba904a2b5a7ee588g,0,0.05790348065231452
5,c67ecaf47f857f37f63ac0f4b9af3249wwdtz,0,0.0005885309306900271
5,c8f537f6bb0aa2d45da541a875f014358qm7p,1,0.03410668137036036
5,0e5ec5baf2e15afdbf5212d8461e1ad9h3kr0,0,0.0006265175202109206
5,aa20f72aba9804a4922195f66a876688rugsd,0,0.00887459584278286
5,ba319b8bb68ca6a12086f2410ca7fb3buxsei,1,0.23382865678740267
5,0ae09b09369c76737cba059d192451001nwce,0,0.005685526775844039
5,074daf9a99b01591cb0637cb95c32600roriz,0,0.001726828619743378
5,5c5dbe70c2cb05d208c22d204146e1e9f3lvq,0,0.0041547515670113016
5,f0e1c483773c2ef8466d152874872139e0wcu,0,0.00072631080302771
5,953e01bab9ac8786b4bfc77d183732bbqw6ng,0,0.012413219841042858
5,862eef3a75e1351593b54975cd8ae1b3swcxw,0,0.23086235781673198
5,35a02f50226eeda275b29a09acef2177k95eb,0,0.0015128445605018738
5,cc064e3409a1825e3c4e5c814376f140qxu5l,0,0.0021433772067564177
5,6affd6d2976aa7c48dac70612fc8e31ddo7j5,1,0.8954827762490296
5,4b9bf4cf1085e9d839e833e4b9d40f2a8ps14,0,0.0038530357093546673
5,7b31d9d8b5e749cdd2c300cbcbb5f875kjlsz,1,0.9054383111246831
5,6faffebbde541edfccdb2725e430870cbkvo0,0,0.036225560021133044
5,4985bdbf8710c33fd7c9d4771db7c690mcbyr,0,0.000579445326191778
5,afdd5c7c912f9b6a88c0c2619d618124ycm44,0,0.01683832733680733
5,c4294be0db6b5c9357ae5e2e7fc8da9489qpc,0,0.0009240766431963372
5,a8a2547a9153038fbb9fc66d2425d9a7efr68,0,0.0015219653263794837
5,8884b7af726ce7bd929482ea13de19d39lzuv,0,0.005685526775844039
5,75339aea3f29d7d9a8d67ed3fe1c89c3owsq5,0,0.08791991888389016
5,6da536112251f09a006b0c5223f154d46en4j,0,0.001613224672764358
5,403d9c0288bab462bae858dc8aff2f94ti9ma,0,0.0014021306347440424
5,825226b69f2a5a8337ca611b38223989aumow,0,0.002026236343285825
5,33895230e0b25b5d3133d502ef3ecabey84m6,0,0.14505682582186932
5,c616385a2762ecfd8e4ea16d8a1f2596qw07a,0,0.0037320322069909623
5,bdab2be5a94c6380c60b902310cbe1b6rs4iw,0,0.005580960110015627
5,27ccc09ae923d1ca8ff7ab3242f279f7xuclq,0,0.0006624449976352702
5,050a3b29ca1818e1f237df8132bc2013bcuxi,0,0.0017315673069137436
5,6130cfe76ed3bd87c8f8dc6b2b2786dcp44xy,0,0.0013036690624606035
5,167b4f37a264b72feb0f559b650d1cbd3ox60,0,0.00718472594948383
5,210ae8381324c41f7b49e95f1b7aed80z55df,0,0.03026543574725663
5,c9416e793bd0559bca3ad4a5194d4cd1k8eyc,0,0.0013164642617708314
5,c46e21e01a3f4987e00109d1d5f48acb1q72y,0,0.000773403154759916
5,ff3ae9450581aa3de5d2326f70e39d20w8fbl,0,0.0012124911844251115
5,1456b44d8b2b16cd94278137269ceb11ns7wy,0,0.0005677081682616201
5,942563fa6695a4b2f76ab6ff3bd58030i75z7,0,0.01683832733680733
5,e59ca537cb8df3053bdd555bc987b4a7c7m4e,0,0.013035462224484482
5,78830493a121b8b6917d246ec73ccb4anwocl,0,0.557102100943724
5,6bdb40330295fb3abd4647808c319d29pb29n,1,0.00041866107907346216
5,679fe2a21415aa98a3cfb88abd0507edzjpsw,0,0.013476227770537958
5,0918eedd8324da06abe5600f058480dc75nfo,0,0.0010983129044186463
5,c277151116ce38d8245f9f2308807af8t4nnj,1,0.004565709980323313
5,65435e491aa69dd9d44d70a9aeb6e847oqlty,0,0.0006213670401702498
5,cca4426ec6d64f3e73294d4d5bc9719beud37,0,0.0011881470806920156
5,e5bde35da4abebe4fdb37a3c65124a57ff4vo,0,0.0016405938787195067
5,535ed161b4c9960a71ccd53128df4766ddyq6,1,0.40402231493124485
5,583ce05b5add00d9e7e5dcefb3c436f26d7c2,0,0.0021091701399094257
5,c615c31c87260c0d85727deff6da6667lgg33,0,0.0016559593858740216
5,5a6376f140f05274d6e0dc888cbeb89eukxkd,0,0.5085364568808084
5,4aad6f0ffe775217e4ef8c91d69707545li52,0,0.0006301619877142156
5,bd7d5414174da6df4b018c21495e8a2cxiose,0,0.7861477718913534
5,de717bfad3ccf44a93f39e7b43f3b227cuu5o,0,0.0028373681117586894
5,0446457fc8e21596799158406f77b14catx8w,0,0.01683832733680733
5,219c6102f604c8ff0ead5d23375bb127del0d,0,0.5947869724899865
5,6c2488ec88e02bb38920200ece7d337e0bffy,0,0.015426611620802071
5,21fd0c468438a483ad1c60cfd1b84b850iyjv,0,0.0027799829568764165
5,1a764d01d19a1408382ccace87e61c9fndlo9,0,0.008340738021407598
5,b5d61accc925a0e86ab7274e1ad82532gb1w6,0,0.08346180986578568
5,e4bee4e53a19aaf71e0ac0e3be752b2cz3k1j,0,0.001206144338215776
5,33ba799fab5e4145b54fac4234bb6e13up0tu,0,0.0033421412880707893
5,698da938f6fc36305616aa6f8affd53fobj5y,0,0.008447275667917035
5,71396d66a14f4ce0c96436456462863abwefv,0,0.023850210226216213
5,6f6c9a1964fd4bbc082f2afdbf2d2af6ypdhn,0,0.001038991862301467
5,6ce47fddd94be5792190cad9d972a5c4oyjww,0,0.004076414479474314
5,35f822bee4f85d98d5b1b23c65681974ywyuv,0,0.0010724791956871565
5,77bc113594866d4902d6f867a456750c9vvmu,0,0.0053092207549942745
5,d8a10762de6d62c087a0a8f0e61cf78bbgke6,0,0.01904618496287406
5,e0fde4b9b7ec14e80de3c811ecae157f6kqd9,0,0.0988979876186834
5,fc16993f1fdbd5fa8f8ddd72b40442f0qwyo1,0,0.01683832733680733
5,abf6c2cd31be1630f5a7a1219935011c3rkqt,0,0.006436971039951262
5,86e888c2dafacf13580a1211abf50961w6foa,1,0.8089857776989541
5,25022fb30734c2e5044e031b0e9a4a9ct3354,0,0.005150301576751923
5,fdf0eb91ae1ecea1f6902676f47c32c454yzr,0,0.0019207531484032102
5,ccf30c9533a66f22f1c65910ae1bac1a1fs05,0,0.13683671526208604
5,0f4669e36b2e721dfe27f8633b277a1575erw,0,0.00967564134125104
5,22e65b6bf73fab510ee814cbaeb9ebc1252mu,0,0.39847165217612196
5,f2ea6d89dd9897f0d6edb6f24c446f01ra6yk,0,0.5613838961460927
5,4de568a9b480f0dcd3f2ac385121d75bbpy82,0,0.0008960911833609543
5,6da04647ce16d0f00051dfeaa94d3313ox30y,0,0.004556892489636119
5,5f56908449455ee9670c7947614f7b4bxak3c,0,0.0053529112703081345
5,d154075c75cbb3f4b716a16c88eedd774i8s0,0,0.004834635457710415
5,222d3e39d4a292d79aeef4c04e52aaf24mgkb,0,0.007832559710554078
5,5db8eed67a7b648d1f2173b665b79de2vwdlu,0,0.005685526775844039
5,25aca203223b4d9563f5b1a01aa3a21ftlgve,0,0.03507751741830414
5,61e4b6ad0fc268d42c330ec99fd8c939yb7t1,0,0.004145205850817195
5,ba258a455ca17f2c13cab3d0afc7de0b48h0t,0,0.0005814541172684706
5,ba6811273d4f63d9a31937b71b0a22dforovn,0,0.39499748072554425
5,9f34ed261596a1114cefe81158c5617biq26c,0,0.016968432578970353
5,f0c034c46dfb78d2e9e67fd4fa1688fa6mv8k,0,0.0007209892752584421
5,363ba0a2afea1b074fc1ed270c86050byprz1,0,0.0005882734490584609
5,e0fecfdf4029d9a91664e703a178397718lyl,0,0.001160672442704663
5,1dfb637157cc0e590e50d724cd4cad6d4cacw,0,0.0011594970539177513
5,65d8228c6c1e5b6042f397afed8a5c7cbo6x3,0,0.3374934854356534
5,f939c17ffc7c39ac9b35b69e5e75179fv9pe2,0,0.01683832733680733
5,84a769adc98498f52debfe57b93a0789556f4,0,0.012944648649812828
6,4bee9aba2abda51bf43d639013d6efe12iycd,0,0.08003743680469148
6,88ae7a35e374a6fddd079ebb28c822eeohwse,0,0.007271833275483384
6,fa64831ab5ade55daee13f852c16b0a84ujt0,0,0.11531836403310644
6,d29003d7f3ec1f0e4ca9cc17e6389b4a4phcg,0,0.0024278526100969503
6,99acffc3cd9bfcd00668dbf472a1979350mxk,0,0.12976051404823088
6,c0e1ecd40b81bda3b7dcec501334499dgzq17,0,0.031263719091791424
6,8abc7635daf75f9fbeb63783b7b8ccd5rvuyo,0,0.0026608601853352933
6,64a39f766b2e9d9471b104f0d0289740a9kdq,0,0.001884303427951994
6,792edafa0603516a57932e6103e9dd54ajar7,0,0.031686628351907616
6,68600b8922561fe26b8b6acf1d11efdfb24k7,0,0.4235558442259599
6,09d71d3e6a6871a7598dc2764c5bb4ffkz6mc,0,0.002899107222138579
6,02bde521e763e4f4e590e8368149e04a96il9,0,0.0066622879135589935
6,6ecd9f4b332eb790dc933aea0a1528e2qkp4y,0,0.006981898309961866
6,1cd8d86911413c73e92ad1170cae68c3pocsn,0,0.4252352298596066
6,bd2cf3a868d168425cf1bde7c49d40b9jq0xu,0,0.025412588125043514
6,9df0b0e5ca66460495931376045feb5fu4y7b,0,0.025412588125043514
6,d9c6b6d7290e4475bcd6d264fb33a706fqtvc,0,0.14405395793182635
6,827da66b68b225547050c11df16f845618ptk,0,0.001026312067277915
6,1ae57d217b27820cabf6e24b721bfb38s6ja0,0,0.1632662549824479
6,ff58ffde976a4899dcd89597a7877e18lntgz,0,0.10079679101094971
6,80e753fbea14f966b1fc6d1e194d4e66822ms,0,0.07898992087406201
6,bff9a98b73f2b9a01300d3fd3d55b16b1190o,0,0.0021175737009680017
6,461dc3d03d1e28d52770a4d3dc7db34558fcg,0,0.001714316403941212
6,75c4518eba20c9299a3a836d9905c327w6j8b,0,0.2472126905190645
6,8c2bdb9dd878a811701838002627a056be0ce,0,0.7138312350923107
6,efc61ad6db17265a4bac85f77b154ef414tpp,1,0.003107883925926903
6,b27db6c048fa41b496dfd3423226bb0923yfv,0,0.003105059840990767
6,acf06eabed56f179cf32ab60b6b076820ajls,0,0.0025359712923248845
6,7264bde42ef4fe3fa19cc7c6d64696cf7pqtd,0,0.0033689148251189265
6,99fc8ed25265e58bc94d9d95180badf4t2e3i,0,0.025002969875296904
6,3d9910a238a0f282ad3132dd6fc981c8tv3tg,1,0.5752091177511135
6,f90f13ddfc0f98cbe3c2346a2e30093cq6zo0,0,0.0021080017681907952
6,fae963b2adbefc663692d7feddb50d5dxz1hn,0,0.03080838318821162
6,20ebb9de648c6df989f04d07cf273c7b3yu8c,0,0.2278773842121899
6,dd661e2d6e79a5b3e66c82373d50f3ee86k85,0,0.0066622879135589935
6,8e2a43abb8fcd8ef9801c69fc04bfcb5kyc41,0,0.009649879901036005
6,520b616c26fc47935f6bcd5ec063eaa7w15t8,0,0.0021902682684907847
6,de9f5df5962dc171c7d82ab503c36dbfwicon,0,0.004882581905036029
6,1053ead33eb1a5db7c36c979a455348abh9ns,0,0.0012562304111570224
6,a94c16f8a98e493e2b4390b1975e690dv8cmu,0,0.03220336613416075
6,4955e2c318d0bdca797ce17794ba18fblhaau,0,0.09901660087097408
6,e0413f338c43c9d55ba53612d2068f65t4gs6,0,0.014851274733264834
6,50791a0a98478b7f78f8d30acaa4683dxab5p,0,0.03277804488557141
6,62ac0de5f8776ca1d189297bdea9a64cmewb9,0,0.0013791010116124983
6,28c9a5ea8aae9fb4f6a755f94cd922361v9ow,0,0.20530112561865527
6,c600968815fc32b20e0519ecfce5b648en2wo,1,0.985156132319277
6,20662832566daffac929f803f0c236eaperht,0,0.17182947628760875
6,5e611461283a5c3e49b5bfbf9c33b7391ce3h,0,0.001786232004390759
6,6aeab198df208f8628825f7eb3ec3701p2ybk,0,0.00395945459986743
6,31a301c70e897bf36276031abdf07ab6cs6z0,0,0.08389426374365254
6,246c55639cf85c682d58cbd2ed6a6563vk2yn,0,0.03914523653497351
6,179a23cad40c51dd7804069bf769d11e1ftk9,0,0.049372402833988395
6,97b002c9936e63a1fb9994a67615e84fft019,0,0.002428939440049817
6,d2ebe13374f25a12865d50c17af1dad7yspzq,0,0.001338376158172919
6,f61d93fddb01d2d89a85a132c649aa90lj1z6,0,0.0012142158640201853
6,76a8a9566e21595a1ac06cc0050626c1q7a83,0,0.0026383916333139598
6,a74e3962ca26514976056bae3c46d579emz6y,0,0.03220336613416075
6,a6bf74b19fcb2687ce345930c4c16d4e2txda,0,0.012655479412853034
6,c69e65de28937ebe1b94e7785afd94158thqk,0,0.34045970027124145
6,791031a63c9e2b4835caa9a4cc1768baias2l,0,0.0026616247945313145
6,7607c4efa792a69e2a8949ccafcbef103squn,0,0.0020589307138500373
6,10c1e1164e3f8298df9a35c891f67babiycsr,0,0.001453398933463671
6,7b5bd948eb1d8075be58ec9240927bb59ugz3,0,0.0009782726570868017
6,300bb4c9816a7064b106c9c6cec2f51ei13n5,0,0.0021373158175952756
6,5bbc8f66464ec2d962b0360d1d74bf67imj47,0,0.0010646807885359342
6,3733f7ea492eef1f69f98593d2122c50xwcha,0,0.004208045397626964
6,7f86c3c417ae1db5bea10bf9d0a7827ct3ni4,0,0.7903793316062176
6,e1b1c514e1b87826fd045588f1f3881707cyy,0,0.000717209278216468
6,ca0c049b8c37c99ef93b6086e9947135onppq,0,0.0019031660738913058
6,79c18f0460f9bd86bcfb25da96d91490jfuxv,0,0.0016508318489004265
6,7eb6a5ffc5e8471efad7cdc8927daf677qcf8,0,0.30592442528750147
6,e1fb642deec7b382433de94983d97681o14ko,0,0.017617260957259316
6,bf80bec9b4a8d29c494f8545f2a4be4eji6qj,0,0.33425653138862543
6,5b45b150b6b683a98b5bc19c4214f44cvzru7,0,0.001086374914463253
6,3835e3bbf9a17a33867860a9ba19621dp4wdc,0,0.005944078899284264
6,37921a9d842612b3b0281f7098d0002539xrj,0,0.001987022197539024
6,2a5726bd00709641cc54a8ab5422cde3uchoe,0,0.12976051404823088
6,a4c40fd7a4c1040283fb2b84611eaad240849,0,0.7301500909782503
6,4c2699de8bc9516b09c5e5c8bae6d6c6xiry9,0,0.0011159896121709333
6,1c66f261724506bee45dd18a4d221bfeh1687,0,0.001989871012611918
6,64885ec89a54c64598b2d196e1fe2e351cd60,0,0.0021062639854125664
6,9211adb9cc770c78a70b55441acd146bfxnz2,0,0.004362517493661214
6,6533b670e02ccf583288ba7c8f5fb1carmirt,1,0.9786917015824047
6,45927dd51fb4301c459ab96d48f64752q0o9e,0,0.0016382094764223415
6,b7efeea5ff94a281635ca2f0f7e8b3ca4zykk,0,0.0046844145074264
6,e5fd2ebbf5bac9ddc73ce524e1b33c3akti0q,0,0.005419864104919155
6,3b947f8c954acf4354d2c3bdcd494fb0x54ee,0,0.0016562468841510027
6,c0d065cc8cb585f027143f2ebc6b49f01g1wr,0,0.005293784461446166
6,5e8bf58291656ddd5fd2f71825565446aiopv,0,0.29003799569439603
6,20a2d48ac3400228e7a0296aaa596a0fvckdc,0,0.0018860290335708176
6,9be87a4f123366660d7f6d40ffa493a8ffpsj,0,0.003889240863378477
6,662b66b1227816c2f9017cadbc148381alne2,0,0.0017892643595474674
6,8f6f7baf33fe2a5206ed3ca88446a99bmq453,0,0.07146390937967947
6,061690ceb6004807b7906968bf382dfcbve7y,1,0.9378718646755023
6,96caf14832aa8be04d98aa481b320392kb2gc,0,0.029030066905275185
6,a3910fbd35b7a0c383c9805eafda616fra4xo,0,0.03175746926976209
6,d4a84bdffb9543626fdd42c879343ce26ds4l,0,0.000925735337820018
6,8bf04b0a219c7834b25057c0220b4d0dhwdsg,0,0.001139195021419667
6,790c497536a2a9fe080c3b2ee6d5eeb9caiv8,0,0.001824558604487593
6,445305769cbfccafc89ff5ebd004598einesy,0,0.03210668044213777
6,6767cffbe2c0957492aa451560655be3hjd6s,0,0.04978811273835946
6,0e8212e286ee36da8945c2480e366417xa22x,0,0.0015394098888897624
6,b725a638efd8d51f66ae2f22ce1df678p9es7,0,0.12399866903129551
6,8cba56e5e7c2be942ea8472b73f0842fil1x0,0,0.005167321976875357
6,953879d32e39e014cf8ce73daa2547cb2ke8t,0,0.017007619543691985
6,1ac788675f70655e71a013892d701e901kj13,0,0.003763094640290066
6,e4a9bdad09ebc5d5a264723855fcaaad6q52x,0,0.20743901482871674
6,796961698c2f2442e73c5195062370caawzzo,0,0.0009445861753802012
6,d0b096df6b5ffd2efe8d5cfad4a24912zs3dd,0,0.0020337582713782372
6,222a0e05442fec0af2d20ebdcafe4b28c2pi4,0,0.0016857071323883263
6,6db047b1bdd342c09ecf9f5eecccaa4fy5l0q,0,0.1332149873329263
6,163097c029285c7eefa2d60e474d65b4ap2l0,0,0.0027052750783891134
6,99bfa04865566ca88573ebfd3c7fb1f2c64cr,0,0.003602608912195543
6,4b3e6a8a52c413a32f76a6d7a84a54bb8gb0t,0,0.0066622879135589935
6,2eaf4eef52d5b17615d08bf77386fa42yotej,0,0.03943841701369369
6,fe4906ac4c8e2db5ed5a71e8a9d10080u6g7o,0,0.03884909297962991
6,d4d4b36ea722e5b939e51e34953004c4t671f,0,0.0019120848132974794
6,055eb52087e0080b8ebca74be4f823f5c819l,0,0.08003743680469148
6,2db8669a6d21a5c8197d4287ea32b7883gv5r,0,0.003555854042754552
6,429f301119adc32d35541dd4d60903563s7nr,0,0.06665725659916766
6,9d98d3f00a0c0bddf35470b0fb735fcdhiriy,0,0.8770558623706529
6,54e279a4e162af7fc55d640aa62d0cbc9hxil,0,0.058401443525954055
6,4882587d42b3d7d8d7bec4315203f10bl2fts,0,0.038524336457784886
6,34cc283e180fcd4902ef8758714c6d83th4nf,0,0.001993148158690248
6,cc78aba7eb8293a1d70f083bd747fa1450906,0,0.0868955120148345
6,6f7043cde57060a6766b551df5fa6fd9p3ojp,0,0.0029519198415346353
6,ac94684646bc6f708dcf4566f41ec05es9v44,0,0.0868955120148345
6,3128932859bba46f57cdd19579c42e05lif6h,0,0.001060910384963197
6,d2704c8bb6ebbf13e08f37131382b126wy4yc,1,0.2953629594789795
6,18b5e850a1c10e681cb5fae0704a699018x6f,0,0.025412588125043514
6,ae6758a627a111f6d6b530b0154c429566o4k,1,0.1163345302993768
6,3bc8edfa1995a99110b957ee98fb5c76nkl7t,0,0.611320705554878
6,403640a20dbd2c4bf554e558de137deckn70o,0,0.0179485579022669
6,fa6b4da229eb64b4d44e7d5ee2b027f1j1whx,0,0.1517182139218044
6,49c3957287d24e69713e4355933b74baoijix,0,0.001175826947237797
6,612d24dde60a1b42873ab7b50944c6dad3dcb,0,0.02236828635124337
6,313bb0007cbdd82f326d58c96847294c9hz4k,0,0.0012359741094431589
6,3e85a43950c71b1988a814682abd4392yakvp,0,0.328147373033976
6,f0567f6d45c0f83b9874681fe8dfe0ba6hjlf,0,0.05696315896563942
6,a4734769962126673e975a627e930b5fgc79n,0,0.004196585128026723
6,86a3a9861ed45158e964f9d004a224b3324cl,0,0.006954060117569929
6,90eb8151eb82441b084d04893151619837abp,0,0.004601767154054065
6,b79560ebfed7c8cbcfb97475812e0836twsnm,0,0.0013094222954289155
6,cb6ea552ab5b90e2d0572148426ca275d1zzj,0,0.0037763629313237847
6,2d9579812895729581ce269ea17462197jxvy,1,0.8836061945582813
6,d9ffd2f7f3cc1a546586701c2a6fbda24u9ye,0,0.3098578267823705
6,c89ad997f646e388fe375d7fe33a3727dzrh0,0,0.008597636440467729
6,e561791343f3564a6fc612a98b5f3df34rxok,0,0.21487573503120638
6,06b2d71c26ef3b6e29277f761cd0db90wuwjo,0,0.2051026992438651
6,eea590b4da2709c294e8db490f5997eadyc1e,0,0.0029028493700018624
6,f73eb6e2e7a872f97c715ccdcddac77am8bq5,0,0.056721764329873664
6,2b044b4b7949b96e38084e59b5d1d328jib5o,0,0.060259226195357
6,414af5edf09c473bde75644b76a68e7feesrw,0,0.0930318360805045
6,3312b8e73417810a88be459d75fe9bc2xhd8v,0,0.005211500885751498
6,14bcf558addd6e6f2818ab2bda7dc679jqoon,0,0.0024513053370113537
6,0af208c4fc46ef9236052ff495016326zxoqf,0,0.002112282925153649
6,44c38c27b9de757c8c7c05cf07b7e3eb14qpt,0,0.1632662549824479
6,a6d6f3f5034886fc00a1245b439de13a66ha4,0,0.002924943391875447
6,8251041848182e6468c8119905a177dekmshg,0,0.02777859805104424
6,9ba7cbcf531c20ef7cc55a6da5c0654evwt1d,0,0.05477572004927262
6,3e2e03a4464642627e223fba066182d1qslv5,0,0.0012306691231732886
6,c4d42d0beefe49d6157c546a2504f4db86hvd,0,0.023312674674871862
6,497b8beb19a7f674bc53acf7f5c7ec8cxv68x,0,0.0023855092148605634
6,669c6a0e8aabbf0647e8ee6e150c47b18a4pu,1,0.6730633196453861
6,a2933e33896035761240ef5a62477779jf7ny,0,0.589867318416541
6,05ae7ea9549ae298bbbc8002b4229392e0ilf,0,0.0013889556572206504
6,a5fb60c136b7e0a6d0d6e27cadb2a797225r6,0,0.040368534755594765
6,85ac49e7f93bf0e20323de78362bb4aadnwia,0,0.01295753347525674
6,b34fe965c04012fd22123ed948257184pqvfg,1,0.8255291092057369
6,23f9a0e1492c4abf375823266ddbe36bzukj3,0,0.001022453000163637
6,de3bbaaa3bbc1fd1f751d23a972916d80q8e6,0,0.03170859059722204
6,8af01eeb860c2e6b1512377f28953110ml638,0,0.07375277279950272
6,99ca795998fb781a42d85f1abeb50482yzffz,0,0.8129878394233868
6,e6f73230e0fff1d9a6b1b8a6617002ea9owig,0,0.0015090150566639165
6,a32cce991a2f597f6e5a02605119f99b1dyq1,0,0.001571141153475878
6,0817731a4d2e319f6f771da3f522b8bfv6njs,0,0.9479662749335611
6,85499f83c5f1674c87d0fe77838c4da793u8y,0,0.031021529837257568
6,dd76fa7a75bd0e1921f71d255a8e0853l4lbi,0,0.0029809892346937326
6,bfc7a0819397d910db7c24eaba1ed4c68dwiq,0,0.001089305897688299
6,40829191b83242ef1f380f90876cdd74mrqe1,0,0.03543619347017767
6,2635d404f4943f3dbee24aa16a2953c723iwd,0,0.003525395093493154
6,8215dac41ad35a074c93bfcfbc0f908chlo5n,0,0.0014005721681417346
6,39a5a16e5a67c2fb51789cea4d3091f0mv996,0,0.000570014117946378
6,fe6ed3a12fbbf5da4980337564361710v2y21,0,0.002784852365574874
6,fb81da0790d821a22617d748d0226540ylrj6,0,0.06721813472447831
6,3550d62e04bd3a1239eedbc29d9c970279b1v,0,0.002669826431652976
6,14d4e04d7ed150613974438a4dfd4e85dybq3,0,0.011322359251467197
6,ab0b0de534bad49af05faa626b88389cmjj8e,0,0.0036078328311824454
6,f12120e467869d3d5dbf7c7d0566a8e7bmmhk,0,0.0011979648662210276
6,4ac31aea605d17045ceedbce23eed239omved,0,0.1331476851944001
6,9e25bd3696b4e1775de205d2d4698a0df4s14,0,0.0037034644042452554
6,c2f592fbdc8980229367e1db4d0f7a51my54g,0,0.12053747294583034
6,9d1506d6779356dda24ed87d41f3be39yn1rc,0,0.002285244619770114
6,36e2e2f32a3872d3e958c0a58ee79bd129xdy,0,0.0019742078954571086
6,c7c854748038ddf37b8a9c4f5a28073fsut8p,0,0.03000231626450847
6,673650167f432c009e9dcd062cd4e9fc2szln,0,0.0027563093499009057
6,d6517684989560cbb0da1fb2f5bbba9b9y2st,0,0.1084619822537869
6,332484ddd66b9a3db89ee68f08b1288amq90u,0,0.002402192115665066
6,28b4c35bd90c81ca959da328806469d493mvj,0,0.028841558880204964
6,ed5ee107143980558fae26c1b5c7b81a82spj,0,0.009877307703110011
6,2b19566f190ff3b8a85884e03c64fb56ir8a8,0,0.027002429792454197
6,bcbd5c95680cab78cf904fb936dd03f86g19z,0,0.022228565486803888
6,3a32eb1c6dcc818e0df4953e978f2e89ljhnf,0,0.0018214148269953448
6,c08ae3075278ed0d139f00ead52ac2b0oy8nw,0,0.0014293646397534753
6,49eaad86d095aa5af75ce34e59e4b7f1mmf9q,0,0.003235790172302882
6,f01e3769fdce36d31eae85525827ab17xeu31,0,0.0012426237458790642
6,b0973e698b12fe51ec2f259d924c6098rasmy,0,0.0019371775494046706
6,a7c910e7c7796d979aa9a7a31d74a8eaqsapx,0,0.03884909297962991
6,1df1dab2eb718c3da3f9a0aa90b93651sxqzo,0,0.0014511006587147848
6,a48837ccd05bca96ddbf02c55ecccf639adk2,0,0.004023319278023267
6,c5120d10a23eb0c10d56a19fecbf9da85t4ow,0,0.002276951188521282
6,465c4f2ad08cc1e5f7a5e1e3ac75654ealh0g,0,0.0022132710180023858
6,af14436f293c40a9904d9f06a323215bf7zdr,0,0.0016938238374855702
6,f4294bb3abb69fa3183e7e851b58b278k83z3,0,0.08389426374365254
6,cc4763c97c3d7cc9116e0a51a6d1f2e82242i,0,0.0017097444924039328
6,470a0e402bb9cb4d48c2a450d2043e87flc2m,0,0.003200459858858869
6,67d6466d7f4a32d294196b8c16ee0b03kn9tf,0,0.08389426374365254
6,f0fd9f1b3fc9ff10c2642b3bf81946e2rsq48,0,0.002179056519370167
6,8e0462410d727b34290fec10fd5661761yc8u,0,0.0035187569016479586
6,cad9c97e99bd5753be98edd9ad8ec8c8c7r66,1,0.6707856649651983
6,ba266f4898bf572447ad65856b362595yjt2a,0,0.011661637787945853
6,2b429b9235bab2877cd93ac6d9fbc2d7tzwre,0,0.34211219775851476
6,80d8e3bfc8a2ecbf22614befbdaacf5fo6o5o,0,0.028841558880204964
6,1e13eba969b6b953688c9e945544ac4741ilj,0,0.002185377912965063
6,9a5fb8e2e5add29b006d789e4cfd1513paga5,0,0.03175746926976209
6,47183c1427a3cee97ff9bd167844e65d9dzi2,0,0.012574869479914791
6,6362c8d61774cfcb6ada7cea1be63678hxkfz,1,0.7322459040797001
6,8c33cf751b05ca6a9d886a379a84a2ees9jlu,1,0.014733296295641327
6,a447127835855849fa2ee496d05e0847fgt68,0,0.5262956275823076
6,adc548d88b9a307ce0b58a0d11d3ae14gcfon,0,0.0729137815515762
6,a96039c7cfb1d040ca978ec5e66ee2c0sb5ht,0,0.004083978054844151
6,3318a824cfbd3d3d177ab7e9520b21cbsrcgr,0,0.0014881190091455645
6,b258a38ef4cc6ea241b5473ee9badd32ekhoy,0,0.031263719091791424
6,daef74294e84ef6d7e009c2d51be6ee167xds,0,0.01578512929419087
6,4997f0d7074a1d9f8bedf5575b6a4372w7nro,0,0.004571253425811
6,bf6f2ca50a3a6a3113681e754307aa4ehnd5j,0,0.0026700458445683343
6,6a31ec9cbfe23a9398e80403859f0402cg4ql,0,0.0014337863714286327
6,989e8e68621a43af5a8d061aa91bd9bfshy7d,0,0.12185121540140362
6,a46025d61131de18474aa6f167e04bf08w9x6,0,0.478945541828595
6,c58ffa073b3b3deb4e993ee5dd05347cmvfur,0,0.0009554852697014213
6,898419c2d011d5a822e9ee07c387098ezpc12,0,0.0011952705881762414
6,372bf02911448b7f62cc861074a7ac81y0jsn,0,0.08003743680469148
6,8a4fc219f01e1fe6d4328b0a47fc54905iv05,1,0.02706271691474348
6,bdeb5eed17a812d2c47176e30b8553ae2k06g,0,0.0710533576402457
6,60edf674563f85b227898f6af0386476efy45,0,0.0022353219945432405
6,f8f87e237833c3279a953b785653b0e5qka8u,0,0.009132427592742898
6,2f9a7b01fcce94499a59aebfac98fe1ezsk1y,0,0.002579955131689333
6,7a9519ae09e328b09d18473f96ef075fzrs1v,0,0.005823611105639571
6,7639039411fbcc6cf1013b247b2622a72g0r9,0,0.0034518876722162846
6,5c2e85ba72b9e9e16f77939fee7ffb5eivaqe,0,0.0020188436025616115
6,9197b6590c6dceabd88ec93157fcc31fgb8a4,0,0.0026871032805687537
6,900284c412387e0bb2dc2aa5ce42dbb9th70g,0,0.0018532920917135876
6,3c37de5e4321388ba706233d5ca4a0bfp7w67,0,0.025412588125043514
6,9df0031595e4105e4530ceee1a08faf319vvb,0,0.0030831556578712308
6,36473d4c641c4c09c20c80e2ab35a36dwzp5d,0,0.0007634352851826838
6,25f1a9c0c83eefedfc2c1589e763c2a3is1qy,0,0.0017354535753427716
6,68d0de6b2b019e4f93fe89ef3c9d3e21zajj9,0,0.03379444574379662
6,4579226b86f3ca5b5ea1597efabae4c42j4rw,0,0.0014216818674075826
6,59d96b423ea3ed56611686300b681f3defm4n,0,0.00922828453460011
6,e4433ef42008dcff761f12b9ade6fd31krdwv,0,0.00221381153662845
6,e833712b1e29ffe74517e2dadcb4f2d1pt5t3,0,0.07037239979750977
6,82f1ba4809f4812629e9e53ea4c687d7begx4,0,0.07861621372897544
6,25f59f9da43b6806aaa125fa61974591sacso,0,0.002682185631771226
6,f781d7cab96d95bcea507cdd43b24255pw0dv,0,0.8357036027013636
6,c349d767ddda78ed58a3c5769e780598ar3ei,0,0.028841558880204964
6,7291b7fba1b597d66bb8efd45fd0d354q71ka,0,0.12976051404823088
6,cab7ecf98fd0489389a3a8d3961defb3k66og,0,0.0021426090337089134
6,6f6e3687f67272b103351641b678225abarzw,0,0.0058953040046506285
6,2e33b1ee8a9d4a5cc5f886ca455e8f86kxu5r,0,0.008888641493329342
6,dc4efb7e05563288d1f2ac4ca65c6734017ql,0,0.039651296319035065
6,ee45b2475e453e69ce712388959fe4acspmvk,0,0.002980510936938174
6,ff92ea4abd33ed38601287f0e1d6726dmgx1f,0,0.3737559905295066
6,46a28eaed47c29b4fd148a50cde44840u0bsn,1,0.41894078285537556
6,d810a7956e4d9fbc246d585ce84e8ea0750b2,0,0.0013828206613951226
6,cf18f6766fadce944ee74796489c23acmqhpe,0,0.009824484184476668
6,64abb8a286b2be97349e8b17abcce6d9rygza,0,0.00218635848434866
6,f23ebc71f2d8d820db2bf0576ee7e148cxvkp,0,0.04389825435237028
6,9372e27ce85a8c8b9460b87c37cf55ecqjjkd,0,0.04209197933422041
6,d7eefaad31febe607c252199a7672420kl1el,1,0.9219183430039086
6,4c341a39553faef07ddb917ea4e069ed0yi3y,0,0.0017464401182656483
6,bf65e77ce8676fbab6fc78b70c50f05a8da8a,0,0.09936944457811625
6,e134f2bb79d1a810aada6a24760c8910mh5na,0,0.007932947331592487
6,eeda0d135495167db9425fc5fa3a5e3ex2zel,0,0.028841558880204964
6,5c2d250afe88df6e4ca3ff08d991eb67s5erh,0,0.0066622343366169266
6,fa6bfb4a2156dc8e73a713cdab85bc4bmcmwr,0,0.025412588125043514
6,531d4a209ec0cf76c9337b42fb1c3d9c9tcuv,0,0.0023637124176862246
6,ec86220eb6ce57c91a02a7356b342599jrcut,0,0.0027565962806067484
6,d4b2fd8f5e8e02b660e9803cbcfa6cf2t5szq,0,0.02628414775336217
6,721e69fd30e33488bf82b7e2f9c8cee28a9ea,0,0.0028221381714787015
6,72b21fb7cd32b1a65bed8a12eb94a8b7qa7rl,0,0.038524336457784886
6,715ee2811c764d5c58aa228ee801e518gqvli,0,0.011041202710744996
6,466ebf78d7326a38db1e19fdc1c70e9b1qu0z,0,0.010033513191861394
6,29013ddeb60a18f7d3bf9f3aaaebae6c8651o,0,0.010169267783895701
6,2271fe5b01f9b8f9d8409014ae4511524grmq,0,0.8387201984557645
6,aa1c013a1de168c611560ca2afe78111g8i6s,0,0.28266510377487364
6,4038ae3276c0b47f420a5d73687fb73bghgxf,0,0.032417763678586085
6,437c191e614776c1535305f602ea9033sdfmf,0,0.002055723797400011
6,76ab7c99de4a3141bf617bf30bec9feep3zuy,0,0.0014548900280082987
6,a124589b3af5a212406c0306584a9554fazi4,0,0.002208128626575577
6,faaa98763b59ed5f02836d4bd682035bfhujq,0,0.0022665771303325196
6,c8cf68aa6abce25325dfdad4a98fd890ap57f,0,0.0066622879135589935
6,8b4bcc98fa4666b22c7a17c9a4b93ebenlmlb,0,0.0008484174910843927
6,20fcf71ad6fbd43f6f5fe493a6bc3ecfextqf,0,0.0011025280035965562
6,0a09adcd35b5f26d75f251006affc747drfu4,0,0.06584049623498499
6,ae29b39843141a73b39ada671ce6b6c0yxlb6,0,0.001026312067277915
6,e61c14d66cd5693d93cb0356d7f444ebinx9i,0,0.11277126057691964
6,f428427d7227ddcda377cd00f07749576c6b3,0,0.02751920000560668
6,98aa09a7ca13559a9e2a43fa2ba4d2b7klwin,0,0.0016695374408877588
6,16065749457a14b26998fefca503c3ecf9og8,0,0.0006619035416956891
6,db12e9cad5e847cd7a40ec1ee649e475iwzqo,0,0.0066622879135589935
6,9d33ed2efcfaddba0307d12142f3041ce731l,0,0.018003698356543266
6,95ff2833eef5999a4f3ba4a7684d2b26a6v9j,0,0.002871672542968224
6,24a9abf72cedcb421e831c1be26607e37zojy,0,0.0013094222954289155
6,bef84146ac1e2f21e928e06ede1404793bfnx,0,0.0016894318462729579
6,cd8f738dfa2ea0554baa3dfc4465cdb8izun1,0,0.0056505807225889155
6,f75a0f726d764514f612ee8cd8f65adegt02s,0,0.03682139630495273
6,572c9964ca41ed055830845993fdab29p4f03,0,0.009813854992747291
6,cbe8d224a38ccff930674361b502e7beyuf1k,0,0.0017476565533772897
6,5201935b289665a197e38f747882948fjt867,0,0.0014827024349003976
6,fe27fe0815883aa3e1a312f0dcb45981txa2m,0,0.002869335077387357
6,1ea558fc18eb1b3ed7759a3aed7662d3p77wq,0,0.1806317888250473
6,7ffd9b7b795d9335153d481fba4b3076plrxc,0,0.0030640519283354557
6,da950a556200395a82e23e3bbfe1abb6xs258,0,0.0011347088427903363
6,7e8650379cbcb3ef8f7f6aefcd678067kzbdi,0,0.001651376607190264
6,74149197c8684977e397ab60a6a264836b0lv,0,0.0018532920917135876
6,55d9cdc3af85efe87b2a6f22a2cea96ezy2ax,0,0.0014005946005026912
6,25a4ee3a528004bcf4f4bf62b9208a7dx96pt,0,0.5994202880804894
6,40fafe756c4695b32df7d19d4c710dabvzr79,0,0.0066622879135589935
6,92a63dbb8323426833b944a4fc196fe27pzha,0,0.0021928954720251874
6,d144312f2f68dc33a63b7863911b2aa459i99,0,0.016944317757924567
6,af33d5277890ef0b5f55fbbf400441c9hdehk,0,0.001982644620770049
6,81392b54fee8e50ec74efb27cf0de8e32fdm5,0,0.0016490107846624507
6,1d4eaaacb6127c43c1c007331cac135bpib3m,0,0.0014822413912242416
6,036a4050a5dd65e70f0f613ec2e38a74re026,0,0.001420023049605987
6,e76057d8bcdbb3d2f935c30849a17e4d7ordt,0,0.006291668257342631
6,00cc97158e6f4cb8eac3c0075918b7ffi5k8o,0,0.0006425326338189432
6,110d2e689da119388dcb6e235749b787ni298,0,0.0054437685910944935
6,308def7f05575db9bcb6a67207d6c1beb2cqt,0,0.01730196640080083
6,fff2c070d8200e0a09150bd81452ce29ngcnv,0,0.025412588125043514
6,d110111b8700f290b5d03a0e243fe375r3woe,0,0.0025515329023236798
6,069d251f2fc19102924468ab38349d5eou7ab,0,0.005466345276745215
6,44bc1c87245aac66d176620f6ac9611ddbcil,0,0.0018099078671993498
6,d588f4c51e67a340d1991a8130ee0b56hy0r0,0,0.0008503351802406149
6,762046a235e00ec6521ba71aaa1450c28ijkz,0,0.6080275298447485
6,90953913d629a03e27590d0d0f64456601ktd,0,0.004963733056976792
6,eeb7e43d894af9161f84692f2bf9570fdryzr,0,0.1806317888250473
6,a46046f129f3526547aca680877fd8c7e6tfc,0,0.006924030668382392
6,74582963d3774699f4215df7f2d17c1b6b4pn,0,0.002337651724914402
6,a6230fdfd4879433e36a76d53440f426c7a7a,0,0.09664762520922027
6,c843f90bae7231af13dd0e064a469704drz2x,0,0.004101486647750343
6,77b7daafef906aa3f941992bcf94dd69zxk2p,0,0.005105252501689702
6,6c6c3559c5f656c71348f7cadf29bb12okgl1,0,0.002203467798196526
6,c780bc2dc7ab83d5e5c85dd13f0f7fdecfxjq,1,0.3545565706503373
6,4ef4b3e5727dc85f18aaf00ff9a1e936qyhp6,1,0.8747112506703763
6,437ac1b8d08c3b328924aad097a3dcdey2m1k,0,0.03728152101000164
6,3b8320619393a6f6bf12219b61cda688k4w4e,0,0.001497899004457586
6,04636b6c61c80f5325efe61183e8edb01ko20,0,0.0030886484087102577
6,c65d2236a70982d628454d19472ce26eltxgf,0,0.0022543165788810587
6,d381ce07afba12851a815cdf8858c1c7g2pfh,0,0.5223408921458761
6,8d500e174fc28d494482f8ccb9438608zd51s,0,0.08003743680469148
6,caa74df2086d71caf6c1b2b9c81d3d98xhpv9,0,0.015419988044800515
6,f2f10539ed947e4b141b2e9bf21af65ecz4f7,1,0.9172863256979681
6,6a3b1ee159716b743ddb8e07e499fadbhqn74,0,0.001618551208252367
6,8254276e772450c5365707cde76efa4cwuzpd,0,0.02885462655643349
6,f0ce8b973cb8d6eef9221fd3d6698fd4kl3g7,0,0.002252687807415425
6,d2f0217aa734f025ec008d24d13eca10ntuhf,0,0.025412588125043514
6,4f7331589f84c6359bd693513bc9d7ddlitos,0,0.17169767672684325
6,3f977186d125ef8bcbee0c1562c7ced2b4utq,0,0.012499901285569461
6,49f4481b6bc2255e745ef20ac2a720754r9mp,0,0.0868955120148345
6,cad151bdf2e29b764dfd3acac022e5dcy8n83,0,0.005082921109529903
6,7959bd565852dd880cd31278fab3660fuaqyw,0,0.004696476807013799
6,9e9047df09026ed5a5a3a86403811159u5yja,0,0.003137442043189413
6,caf32bc98f84a47829e76ffe104371f6kphvc,0,0.12457094908401797
6,9a272c3baede0633bab0e15ff98d207e3ldpv,0,0.028841558880204964
6,c670e7fb466b09000f1053d2761752268bkfm,1,0.22634631216358714
6,77b342f0d8769898619a935e267eaad25rubb,0,0.0019061347591952569
6,9dc039dc57fd67bd9e7157f4f697ae7eloov1,0,0.506741908253393
6,a58ace8b671a7531c88814bc86b2a34cf0crb,0,0.11491216147174316
6,f4189a40cc622eaef015a19d75d9fe21mylhz,0,0.0012937222159499833
6,1a5d7993b43386f64fcf4b84e7b183a6ref21,0,0.031642005298835714
6,780566278695c3771f81afc605abdffa4143q,0,0.0012948216475828487
6,01f498a0992d280de63ec346692efb2blckg2,0,0.546846952057083
6,7505bfc1ca67a5ae14e329b46a88ab869ms9g,1,0.7803775351505923
6,2d38a6af2ce96c1446f900aa4756b8975y9k3,0,0.00018798100584262273
6,69333c66e55cdd6cabcc6ae64531fc33w20n4,0,0.017824979463101725
6,4fcdd880c4e1a1767c4d26f74bb3466f11osj,0,0.0066622879135589935
6,e9f928411213f44502e4942a29553ab1tbqgu,0,0.010256663339127997
6,622a477170c3e2215b7e3cdb06db93aezz6t7,0,0.04327232766415535
6,65f52b46edfc7fa64b9e74557a78e52c1it54,0,0.0014595219056340763
6,ddc6dc00f416ce10f23b57ebf758c2eeawzjw,0,0.0026239262561693847
6,08a588ebf7b98f44f8fc695d02adfa25x0amy,0,0.0009907640483861582
6,786cb68d5d2012dedaf70257449090f2hfb88,0,0.0018733666591183656
6,43bd7fe0ed7629fa774a461127a629f19je0a,0,0.0014397838916966456
6,424b638423f4862b2a84f22ec25fa22eb2c8p,0,0.028841558880204964
6,1b7c070ffb2c23c1d02ae5bc5d817d06qz4xb,0,0.0024387373527516502
6,385325103b3eb54b0b974523fb7a13e02go5s,0,0.0032514194937190086
6,84f06d2c69695fe24cd69f8a1aae21a7kozbn,0,0.0025646357651896517
6,e5736d7f8082d7d7fee8430c0e2279bcdmt2a,0,0.12185121540140362
6,c17c63af831939f5e2fd12f65821db65umonm,0,0.8856782314016718
6,15f34e73687d7361ac0d780737fca261g2s9n,0,0.01710212365116237
6,53e2d855e008a5c2f79b4b848d467b86nofo3,0,0.13638563832147124
6,4070f6ad5da385ba11cc99183817eb20h69v1,0,0.003029802566263681
6,d2b8a15ae403dabc5aa752b205181dbe1lm57,0,0.0026612045572912777
7,624f258b49e77713fc34034560f93fb3hu3jo,0,0.0015392408049467047
7,7eaefc97fbf6af12e930528151f86eb91bafh,0,0.07395394012434307
7,25558d24bca82beef0f9db4ba1fe2045ynnvq,0,0.0016224494741711043
7,d91a4421996dcf429f575e372915cdcedae6g,0,0.07332037639871393
7,880f542a275df1251612886d408b32e8m96cp,0,0.0017222927578006955
7,d6d3daba4bea632d7f5a4e2c5146f109dkd4m,0,0.016148696803632612
7,2a7d1f9483d34546c4d099e36e3a79790qvjm,0,0.0631381686480593
7,d36857d18a397e7e24d05dcbef3b919ftjstv,0,0.03562878629449614
7,c62bac5be6489bc0e0a7834a11167171c8ww3,0,0.007113794991471503
7,98783b6bd490f32f56c315307643c824nimw1,0,0.0019639422259547733
7,342f22fed8b1e90c6ff1a6b7bd80f6334w094,0,0.0023024840031493467
7,608d9b68afb12c6c27da6c6565ffe8297wvco,0,0.055376326620365596
7,5f50c6187a179e2ee7ba2fbcfc845c7a1smgr,0,0.005092510934176037
7,aabc211b4cf4d29e4ac7e7e361371622pockb,1,0.9890814369038937
7,e97becf0d4632035ad4cd5e65c827d6f0xawy,0,0.001671724027447091
7,848d3eaa622b26fe57d352eedd9649f4v6obv,0,0.002772545440169859
7,e98d8f348b266653b6784329782fd2e91vu3h,0,0.0043682380127978435
7,68d468e15e0de0bab9694cdca8e799eb2j8kn,1,0.9862817201902555
7,72bc07c7241e1856ba31609d11501c91cswlb,0,0.05234719321429211
7,d738b259ec6e6af625d1f41abcfd63e9e53tx,0,0.002556040887685577
7,4dd2a50e589cde2802c4bab143dea61ak517w,0,0.004316112654559683
7,91dcfc10da696a6d90966ff795751708er5fp,0,0.8318108808170713
7,e78cb9678684d649453cd5e1e46baf462lq87,0,0.016754306167495056
7,af98b7d5a7c1ccd2968252a2fb1c06f69igbv,0,0.002791319963531734
7,8e1f8e5907b3cc256a2a57ae9ac81e063gbz4,0,0.0013425581160366549
7,f769b9f92260ecf046efd05bf9ab6822j7c02,0,0.0010836940365252902
7,4c4431ec9b6e683bdc5a3118d5140105r1nas,0,0.06327506077918581
7,7cb144485c703ac09fc73aa646041f72ogqwv,0,0.0011013863066048869
7,577af9ccdc29dcacbbce0f36b7c1ff15btljp,0,0.04609657933542608
7,28c0d4c81a22958352aa742f7d74e477qwo51,0,0.010789065239004263
7,0e66933c924764a59760aaae5368e7d1e0s88,0,0.003698480344600817
7,48117c1e2b56cfc8739f83683e01d9b2aoc66,0,0.0037616905383385684
7,6086425310e05e77a53317490e8c1f3cxzf2r,0,0.4005617314614016
7,d65efaa8129a85f85bf909e5abde8c3628gfv,0,0.08871924776103482
7,d5f997729fd5a0aa13307e027804de515jziv,0,0.10809621515906956
7,3edae72a9d44c43524c0203ce38581d1790xh,0,0.016754306167495056
7,2e3b450b727fe3e888c85d52251fd33ffoi4b,0,0.003646105099089379
7,8d43ad48f315364be4d979d2e9d5ee67quqyi,0,0.009826744776467802
7,22fb740f267ac617118261b2fd3365batisfg,0,0.004727690581430362
7,961ab8cb7952191816db53f8a11a35fe1zecm,0,0.01243667209695242
7,3be127c56b2de21dfcf2836f20afe249hqkxy,0,0.18305272169802694
7,2c31770e98fc9fc7e0f1fee6207b5600c0e10,0,0.38837356273841467
7,e613acb1029ecafd9792c9f75d468e4bmm9zn,0,0.0031986090115456744
7,cf22da37578048d2e51eca1e544c693cke5t3,0,0.16887959773694552
7,f63ed13362ce1c80970ba28a095c2bc5kfgmr,0,0.001530686123522161
7,c48fd9c589f273945bad5f0cea5993ba2fet4,0,0.5302676698928067
7,1af4685cda2979a608c4b6ad83473774qgicn,1,0.5866710131049009
7,068450aafae2a6e390e35925d964290cdliqf,0,0.11553832347375179
7,eaac863aaf84acb7529462118e7953c3oeky6,0,0.010364430330210872
7,ea0e5f7d93f2220a62bde8067f26daaa7oxgf,0,0.0009380175952477154
7,8ec8add138ed551bd5a9175eae0cb972ie0pk,0,0.004895956574772036
7,e561facfea467ea124df0111e041287ctvgwn,0,0.0656213738379712
7,ef9ce9b85309d7d1044ce57055705bae8pqlg,0,0.0032510227154705874
7,3a5420301c0dacbc5675f6f09aac0143tuodl,0,0.2598659259692505
7,c76f30b8330b6d14fb872b30fcfd9d57phbsf,0,0.012390283981771751
7,908ce7060337fd8550760a100921f6f7wsemn,0,0.005092510934176037
7,08515611e73803dc6d8c562b8514dfb5qi3z9,0,0.2326082480316952
7,b9080651d16e3d6d2d83e1c5debb55b0qpwbv,0,0.016754306167495056
7,c8d972b803b46212369cf1b480328dcehb9jl,0,0.0026850434394566146
7,99bcfc00be736e03facf0afeb79ac533cs7tp,0,0.07935347338244403
7,ea57e35acda9a8f8b75f4d9bc049f74d7qx3t,0,0.006383993920855782
7,175a06fdcf622c9455d0a77990b9302dj23ke,0,0.13998205776678463
7,b719671479e7d75b1ba5a5617c95ccad4dkvm,0,0.016754306167495056
7,518e9fb1055de6532ed2df6d03fb78feus5s0,0,0.06355277581893051
7,ea5948061b2059bcbd900d3ae7e86e428ae8g,0,0.3124459403266483
7,5850b68151cf0760e94acb39c4dfa02026k4u,0,0.0036011408417553005
7,a7454ee6fbb69c4079caf5b5b92574abi6pyh,0,0.048197072209428274
7,e0544483ccbafc4842cba7650677d043n2e5c,0,0.05107456176680215
7,01349288df20199905e719f0ff7ee771nwryj,0,0.006123067111850178
7,d2138bce99f535c244dab68652ccfa2enshxk,0,0.005092510934176037
7,c5dcc8a649adae76ce01a3fa85b68f237ny2r,0,0.0036145947570968093
7,c08e5e3325e2f4fea171f24ca018e675we8kj,0,0.005092510934176037
7,3a8124eb9fd3977e43f5e0762d9a09d536rob,0,0.0009106291466780145
7,f535b28ad58c83d35ba87fcd46624148zbh6l,0,0.0036943995055283207
7,40e00fd204d0ce97110032bfc47f423d0bgrd,1,0.40604892986981167
7,47c5cd21a74e45dd294cdd53041ec0a3dw3ge,0,0.15585748050569742
7,e22528ef6a439aff5a8b19f8c9b07c19fyzs6,0,0.00981472199067358
7,f93a998dc10a4c98f65c6b86fdff651d5i4qh,0,0.08178086106226247
7,e03311c7620a8098b7a177a5f1ad213ernao3,0,0.0019911068469650444
7,c9056fc0cade75299ed4438567a87d6ek44pt,0,0.00869700054268079
7,2d82c3dc726d2bfa19c5f16ec3de5023lbse1,0,0.023886830646567946
7,3c0026d48f3d6e10cef6cdb1f708793ccwkhr,0,0.0036815277778250353
7,f2bf8c94172c4d71076e151cb4e136007iiur,0,0.0016395761498779885
7,f18d2ebbd5e48ef4f1ee412339d6ed7adr9qi,0,0.0038479637379033637
7,dcac75b5ccc362a66e7f9112f033bdebchxq4,0,0.0011169489610679012
7,5c28b04424e96267711d5af2db62e022tp36c,0,0.055719931857438024
7,9819825acfa7e20c47a78bda5e76b195jh0gd,0,0.04100294950246818
7,9c0cbc0fd8a6c22ae3648801ade080fek6i13,0,0.15160721180103748
7,2e1eb5b56591662fd7ecd7b39621bbcfgd1ks,0,0.016754306167495056
7,4f891171f7b09f54d8b4f30b48421f178m75r,0,0.10733737527554144
7,bd8bd6cae40abb19b81b6b6a7775f63e5tk1s,0,0.009273405067948532
7,5d02346d70f11cd61d9fb955846ee9bdp5o6k,0,0.0011763995100379624
7,3fae46174ef1a7dce5e9893775f814c4so8s0,0,0.016754306167495056
7,313ede314e2e05c31471fd6a93f98af713jud,0,0.0034052344753719805
7,30ef7862d69b3440ebf2726ee85a0b8397ta7,0,0.001312710900352928
7,f8d0d52114da74d98800dc7553008705dth38,0,0.043064887389869765
7,66513f72be85596a527f9f653db3cb72cq4jg,0,0.15419834371939417
7,01255c2c7c5578c186873422fc00fd7afwk8k,0,0.004446998041959011
7,b46132a554a2a3b93efc5a9352036e6crl6sk,1,0.5249204141485839
7,573cf43253a18821e50dfae941ac287ceymgo,0,0.005867323367668545
7,86b6207b5e87d58ae307bdc1545a101akz0ew,0,0.001794723349067785
7,fb6814db96bbaf61f42270a85f0f62adunxft,0,0.0017836135118716263
7,67d245e38ee756947ed395fa099807fchxv99,0,0.001478693554439795
7,200b548999702c10f8f9fdbae9ce60622owzv,0,0.31882973271681325
7,d8d90875fbcf94c3b4c5c00479cbed6e1mqrl,0,0.0013195880006034002
7,651402deb28af3e3d1ab9a6b88314b591uuaz,0,0.0010332051922469344
7,3073d007a5b42b827cc770ecf4805278xvvzl,0,0.004141980951784626
7,b6a7b5bba132a90e7c7cb350d2bfa52d7sion,0,0.9038908754933096
7,42cce5c657dc7d99911d950cb22fcb4fmzz5e,0,0.006926335549706305
7,61101089c1b34f409fc9b836a7f9cd163y22l,0,0.002736841740702353
7,ce22684df495e376e32ac95d3ceb1164t37l2,0,0.024942291182775484
7,29b8af2fea3881ef61911612372dac41vczqv,0,0.08522583306125704
7,8d8f705595701b921012777a281a553622300,0,0.0019077321734610837
7,9f793ee6e6df7f69b5a5acb4e13db0476b26x,0,0.06327506077918581
7,40ef6a4a0c99b478fee1c93f4105b9d9mh9iv,0,0.06327506077918581
7,cb9a75312b809291306c6213ed5dc67dw31qz,0,0.05706603949721266
7,40efc98d259ee36a8c2a387ba49f39d0fa39h,0,0.6386233765151065
7,9aca61f505f40a3b4f7865c2d00e2418s0e1f,0,0.4135862479624674
7,156f4a8763e602ef789f8048c6928676a1ily,0,0.016754306167495056
7,dd7292cdbc81ebfb87945d9ab176d679gepf0,0,0.0014636124212534548
7,2797fe80977297483e724b8390161c937dh4g,0,0.10226106453582606
7,34a7ce35b13775be4e20930ba2788a3ebu5n0,0,0.001756830856369052
7,f211ff014ed43c9054916f97d6187108mpxr6,0,0.9744512727730495
7,cbe756ce81f5c420a1f7079791ed9aa2js2u7,0,0.11553832347375179
7,0daf4f87eb695e2a84e4156154209e09k6ga5,0,0.021104570962215206
7,c6108e22518279361de99b3c7c298235mkoa9,0,0.013726745168010476
7,80bf6ab93fbb8316efd5c0b42d4b46c83qrdn,0,0.016754306167495056
7,aba1120a5b13cf72c1d52c0dac8aafc67nmoh,0,0.0016537774142034087
7,936d73a062928a362901f0e507d57b0a8rjs7,0,0.006061397230050395
7,6393f55c093e04e6e608e1ee8be9c3e28omjd,0,0.00654322976942642
7,80130530788e55de6e9fd515271859d1kgfsd,0,0.018165585840872803
7,5f7767924aa92a8f01b44a7e09f00a4dgqk8e,0,0.0076054359878063756
7,9f101e80580cbff55a2307c028408a91nebzc,0,0.2775679402822915
7,a9062f1d7c589bb01ee0b330ee8791fc702il,0,0.5498030321234764
7,9af8e7dbdc3c620c8144d736242b3bd2fdbpx,0,0.002642060457443517
7,420e7aebb49d7ab3c04e109a98e152d7kquiz,0,0.00210412246509358
7,61a4da78a5aa5bebcb3e9818a46771766gtq7,0,0.0116981604682588
7,d2eca28cbe0a3dc69715d719c6958faaaqx95,0,0.022641922426196816
7,84a773b3c9d300834d9d57af5dc83091y54cx,0,0.0011763995100379624
7,af5d33f9724b0e8c1f875406c0556d1e6eotm,0,0.661793658732913
7,52d8066e28f168e5bee769559ead307e1go7e,1,0.2204339984285573
7,03a1e81cb7bcd15014489a6f752c9d5b7pvel,0,0.0324742569525559
7,557f06b312e040ed3cd7dd2a011cb83avyut1,0,0.16558235261706822
7,d4be674fce23aae81c4cb946d4fff8671gxtu,0,0.003479397105369489
7,ae817305e82b580f9ab89f1a379488e39il4q,0,0.025656816018121517
7,c8e474ba549fe924bff9d3f585a9943cg9aju,0,0.0018119747689522325
7,1cf0d30e0bf9f4a536b1fe16ecc26cd22j50c,0,0.24143489508091417
7,183c4e44d09bc4ab990b957e765af311vlup7,0,0.0015955768259930236
7,84d75f71a61667cd327367453b4c0d2frury9,0,0.002955995506374987
7,e2e14e8e15204b504b146d17a2bed925qg3u2,0,0.06108788392459929
7,0141844fc725a85e38e12cc02fcdbbe8ofqxv,0,0.0036607308266383295
7,39802378690e7d0c61d294f5898852b96hsfh,0,0.016754306167495056
7,0c57d8eaa2708b768416ca91dd8daa2cqbl31,0,0.0029869739970117565
7,efdf59a8ca81c5d3744f9121ac8fd2c7coy3g,0,0.001643003893532996
7,58c3300ea9095cf5e59e27abf2a905ce7tl6p,0,0.023037136243264915
7,e0df56a5ea8094d070b0130d7178a996noolv,0,0.001687769987270948
7,bd0071b98d9479130e5c053a244fe6f1muj8h,1,0.016754306167495056
7,147164a9fe8a6bce381a224e9f13207cc1mdg,0,0.021867916231324155
7,8acae9b2e5454fbd92fd0b3d79fe89ad6w2wp,0,0.009509305868158962
7,b1c2e7ee5c69722df6233541ad5e784eutiv2,0,0.012984759520820018
7,86e50263881b0d382b55777185eb648aagh1g,0,0.7918553461582166
7,98eed7cbee9b1a1b526a635648e7cd2fhbt5w,0,0.5119249370395834
7,45fe4f0fb849e7195a1efd5495d1285f2culj,0,0.001338525052321875
7,bc3b92a81586cb726cbf4d5b418fee41o20sj,0,0.0021175430537778706
7,9b733fcc97535e27037c231858a711adyzvqf,0,0.001637496802736543
7,9db7471a12cc3b8fa3cba86bc00abde2t2wz5,0,0.0025373694434069
7,7c08de9de285265b2c34970139331f9fnr9ad,0,0.4230749832758748
7,f019bd7ec140624144c4a9b40c42bec9jok79,0,0.00807128417105423
7,d3ab33e9314c95d6806813171f292299tmprm,0,0.0010345958808236028
7,9a12aa1aa3560062c6f84bd374eb5f7f422vq,0,0.0013942731335026988
7,43553dd8b9370fbba5efa6b652d9b43ezsj11,0,0.005348360617060877
7,a15766d8d3d231f862996eb3ec33559735a3d,0,0.001819262109612743
7,cd35a3230456d4a245806e476c63e9a1evu7i,0,0.06327506077918581
7,a40808ec5bd9d0440585286f1658c3b1ag8dt,0,0.0036349436936151114
7,5dd3494b46f39f8c8783c25527b64dd8hp8ti,0,0.055376326620365596
7,f7e3635c9a532fb9a60d6eda6eb7c7de3uqs2,0,0.0027788075759544225
7,ee5afe7f268aaa88598545df890f4e5fzari6,0,0.009008386204468897
7,0bf6e0e5184b3599bbb4ba1fb3a43549ije34,0,0.18090551235804395
7,3ef757c3d6a272681c69bbd7e071b705yzt8t,0,0.0013771255897860938
7,70c6727cc40fdc6f752b28102f31a38b883io,0,0.002934032711936825
7,c1624207d78346c3c58cd44f3d5472fcriae4,0,0.002096612889943211
7,60849c6d966f178808d94543173cb93dog4gt,0,0.0016731348449734043
7,b416bf88dedd6ccdbc3a2146524500258qdzz,0,0.009685316058902113
7,97ac4a68e5600c4b7a960d9580d4f251470mc,0,0.008526538695540266
7,54379b25f1f35d9df78da9cd774cef74u5wt9,0,0.009674048450259739
7,5bb3c3ff71ef6560c7600c512128ffc8js7py,0,0.061150871160814906
7,6feec0741a319299c78c47040893399ebas6q,0,0.005888480962655688
7,63c48b70d37dee5fcfb26f94107ba3b94d90p,0,0.0023494015418128655
7,f3bb3c26162cfc1b8c3636a7ba126010na3n4,0,0.017247782848189976
7,d092609f5140c62ec64ddd7615c25792qgdrd,0,0.002924126476361352
7,6e848149cabc4434155aacb610fb20de6vq5b,1,0.2595511640204583
7,fe19fadb955fee4c5fcd0e30e56e1542kx66p,0,0.021969736297620505
7,24284d3fc3334e0adeb6bb95637ca62d6dm96,0,0.006636303376620245
7,93ab2dedd76c1859885cf724ebcd987c9ngfi,0,0.0028481575758018116
7,83a24bbff5a4cf9d9fb10391102708f1oqpco,0,0.0013157480817030521
7,8d638f6da12614d6b369249410c3d278n8qme,0,0.06749972586188319
7,d7b66d95bcfba06122dc6f7a3c605fd73239a,0,0.0022540228579792628
7,b729f60d26fde89a01f3fa89759d6b07t0ec4,0,0.0035725363882624876
7,3ded667003605eb856ed1aa2b82c1732gtma1,0,0.0024585425938193723
7,f5edfebe95b4f637d1bcceb892b73dc7rhn7l,0,0.11157400125201418
7,5aeb71cdc92fe5d1c4a4e127d7ca7783gzje9,0,0.0024623220504457785
7,519c0f3b989c8e1781e0910f685980ce15wzr,0,0.00179869456920219
7,f3ad2931359bca59c36ce55ba82f9af8enbi8,0,0.0007561879535661448
7,a71f9ab1d130394882cbdab3c886f1b0fm6hu,0,0.0020038692876410903
7,c478f94c1323552e85aec6e1013ecba586320,0,0.8652036389739416
7,e735a2301a18772a8276aa1f17ef79efu4yew,0,0.002276806483579376
7,44d34926c0863edb7575b819980e0e728pn5b,0,0.016754306167495056
7,171fbac128e6dcb51d0f07cf7ed8bd3er891e,0,0.9837755060768113
7,098bfc9c440f9ba9e6371f774ec6a36fa0sq6,0,0.00228299998763787
7,6e178db6d17d21aa88aaca5bf15c2761lc500,0,0.08982078106520838
7,1395ca662a02245233af951cc7ad8313vk6w0,0,0.006757863292403002
7,b9c59dcf41cd0a7ba779154872019cabmohkm,0,0.0012598945712454304
7,bea63152ca4d99f549999ca57b93d015z9kyh,0,0.005221110717383955
7,2137e2626c568af8e56bfb72fdd5b9e19qiyt,0,0.002780130317202863
7,d863897264a7e52d9c6a1be6dc453c6c9anz0,1,0.7649211999444897
7,8cb96eaadc11cf4f914bad84518632e7czdyl,0,0.9056187264135461
7,7259271b61d2f05200eb2e1ab1d2ec911jlaa,0,0.012087143660627719
7,81c9c749b2c9f97215f3ddaf8b5a5fe1k757u,0,0.0027863073747833047
7,5ddf9ae899e629acf3e78141a9712a05a4feq,0,0.9027748521047751
7,9fbfbd8a57e4d4b18338063ffa43f1bez92lt,0,0.0016195391537921064
7,3d2608a892e44dad3027ab55bfaa0b26r69hy,0,0.13185865985850248
7,5b0665172160ea4015e79dfbcfa7ed86oe0mc,0,0.10039800887267197
7,69d8fbf99586bfaac64d31f82b9bee27wltkd,0,0.11243534823160439
7,86a34cdbb975c141eea1854b10dbf1c8seom3,0,0.08564724955356054
7,ef1d71dde32e587e761a1b39d5b374c7gk68y,0,0.004850683805351648
7,5324221d38a79636bc4560cbcf2d75c4gimrm,0,0.01942323530541443
7,3694aa599f836a57b671ee0814b071775i1nf,0,0.28998672656560653
7,5ccc30558d4c218cbb4d36872fb82a03rjxgz,0,0.0018718953224709449
7,ae0dc05e48d0f1e3ad33f37b4400bd069jktv,0,0.0046850369976334984
7,f069e2e45ce316168a94b972c5b7d6b0f342m,0,0.4533864614309958
7,4199816cef8be846ca71ae752575744fimyto,0,0.9813082770743149
7,29bd1e11a41eb2ff50af75d10f28041ejh9xx,0,0.001996995616407277
7,ca68a41b3a4062f154dc1ae8456cd792d6kp1,0,0.015470736436789746
7,1ccc69e376c95da9bd569a5d1a176874ivojs,0,0.001062941212819994
7,08c39ef7252995e0749f7927249b8dcb1d3xh,0,0.016754306167495056
7,870932eabebfc108296437c303db6055kc3t4,0,0.0010503889801100692
7,9196288f121946095e5c402fd326109827t0a,0,0.9331123868291094
7,e8f3ce0b2d0849968400b63b992cc606psoij,0,0.003956901274024092
7,db85fb5556f17b744938cdcc2e7ce9b5urspd,1,0.23302498028516816
7,06ddad46112881df154e3bda0e90fe880r57n,1,0.9801371751267771
7,3e995d6f9dda5f29c02af4c9fcb94bac0csrw,0,0.12152032212313901
7,d428139761f7b7563d57bb1f87b55876388j9,0,0.0031100476335246497
7,e932ef68638c37220f4c2c386cf54578x4hpn,0,0.0015060729109358391
7,d6fd864297177c38cea65aed8a45fb7bbp2e3,0,0.3734667926906174
7,a0420d3961adf890fccf4b43899708f6h40zs,0,0.016783602305582682
7,0d1815382b08885d76c671ab600133adeyp5e,0,0.4336645485408922
7,67fd1325fbe3cd75a110cc80b9df9708l0w52,0,0.10995281901708924
7,9bd2d79f328a5afe815d5832e521aa9187q2j,0,0.7774417720133585
7,57c4421263d37c2cd2573cd7245a7a80h0mjf,0,0.1276321585032308
7,02cfc97e8fded77671e71e1951723d5fwz6a4,0,0.0011670745894651056
7,87c5fcd8d9582701469f94bff3cc415dvq4ia,0,0.0023356663654720187
7,486dc9de91d243625863313adc03aa6bv4s1e,0,0.022947986601328685
7,b7515e5f181a6d4884674897226cfe9cpd6d6,0,0.0017461713148387592
7,ba0ca6f98ed66bdd1c4e86db2ce4011fdk6ii,0,0.05936962388604213
7,aaa8650a6e0997e90e4b6a9fc2ddf555m5c1g,0,0.02553080971809773
7,e0984156959c3e7cd05b7ec8ae239303inqlo,0,0.009917233313801272
7,4cd52ae88da3e30dbe01da5048151c98p4f0v,0,0.221969630018565
7,e10ae48cce1e198f7283064cc8a2f836iy0z6,0,0.0023870332907999265
7,17c59325ec223c94dcb301a7451c39871vxq3,0,0.0013392911458182462
7,38d9e2e83f25229bd75bfcdc39d776baz5zu2,0,0.14044527015917568
7,50dd191676497345cc95d8b9f7284a7371z5s,0,0.016754306167495056
7,c1d9c4c69367536d7b0ccac19527629f65025,0,0.016754306167495056
7,48badabcce6015d257ff5809761486c8qgjul,0,0.03257276049530011
7,45e4c7fe66077b5b7b338f19f476f9d85jlk0,0,0.0018345779592434666
7,1a05035da8ea9dead1030ccc993b5284n1on8,0,0.034833902801146004
7,722d1147768bdb5918584997e1f677e55g0nv,0,0.00294257834621525
7,0547dbd3ecb4a293913f138d60b586fdf4ane,0,0.9667853523488126
7,a37b105534ddcabb169f6ae3ec928d85slw6z,0,0.0031056725498962885
7,2cbc26f228e0556f268e0dc1bd9ac0a5lzdfh,0,0.05810815832963803
7,d5b75c812d172da1ecb3164a1cfb7527688gb,0,0.0021939508687595743
7,7ec5c7e2317a9b68e861060531588f76fpldj,0,0.1332820991264022
7,1c61726e316d5a16aaa80b429080c534u43s0,0,0.001217438383625376
7,445eea09a6299164f60dd11f23276b44rkt8q,0,0.02590459074473896
7,5e3747785e44d85a41a74470c051e946x01dp,0,0.048197072209428274
7,2cbacd5b066b7dff7e0a87e1ef00e0b4zpqzw,0,0.022053067715068094
7,28a0d5539562290a1a2f63d5b7230db090ys3,0,0.10197916077513539
7,20f206d2656116bed8dd46d5b70dac81lbgfk,0,0.0008869001492246898
7,96982cc1eefd6f526b512755151227c3h2w3l,0,0.013724162956409715
7,6d033ec559ea79a8ffb90d80e0b24e93j82av,0,0.35190976168010807
7,8a7710ee3c886df8ca78c88120603cf6taql6,0,0.0009689921374773629
7,8bce581a91921adaa5fc20e627cd7b94l6cp6,0,0.0031962356477584723
7,bb43fc12fbb0fd2b2536e4033ababf59exffy,0,0.06467623501438984
7,9a44bfde11a7b6ade17cd33a2b5102fcnlhm7,0,0.010582434510104082
7,340d7ea497f16bdb912ec5c6ce467f71kk7hy,1,0.2737626042445602
7,e8b82b8640ecdd154eebe6b36ec63f0bdwhc4,0,0.007458951970168231
7,0b3d5f829d18ba30d967fceecb58821c3oeqa,0,0.03893329216469444
7,14fe3602f049d4574cdbdef13789647dsgtqy,0,0.06327506077918581
7,63424f85cf53557fdb5dfc6a280af75epl45b,0,0.001489615146864294
7,d4db72f36e6ad1668dbc0bf4f0e1c49bn12a2,0,0.016754306167495056
7,5e5d3410ca3605694b3c75b2274efd44c9vru,0,0.0016440111876453592
7,cf1f2b6f29840e1ecbb31d18fb128c38bseas,0,0.9889430071414822
7,8df5d645ed4040b857c121a4459b7976n5u3b,0,0.16848560400605941
7,069d020584a0e8c61e622321d4c43881j7pl3,0,0.0016169430632507911
7,cb705744a588c18087921e74e68cfa10oev6i,0,0.06211637502817266
7,820dc943d26965d377be315497837bba5iz67,0,0.0008840250022382762
7,6b531ceeec5892121e04dcc6f89b10a70yqoq,0,0.2633162255920801
7,a4475cf8808f8951dd5163ded3ee8032g9vxd,0,0.005092510934176037
7,936a335eab4643c3529968a4d9b0c380esi7q,0,0.0023495359934077053
7,4483201dee43b51f338c0efd3b13bb895tric,0,0.0012167378129037698
7,e241b80fc1b431397ba6c70f2fb8ccb72wbra,0,0.0013876567381654686
7,683833b860c003e6c31c521c9cdb49a1kr6b4,0,0.016754306167495056
7,ecce760edfc6ec5cd5ddc7037c514dc3zod4i,0,0.0026574020850211487
7,a6f994251abda6687ada2e9de52bddb5cisa7,0,0.00308178421641189
7,8473148f069a890b7323fe8316861a71qoxv1,0,0.002679435331164426
7,6e8cd4699eedf0075cf5662e1fff3a857bycf,0,0.0012157213383780497
7,97db2350652f8d01237fc4c59a470eb81h9gs,0,0.008860678831161126
7,97268eb2ac171298eb03ecc6445d6879wk3pu,0,0.0011534189223443708
7,197e90906939267ace2422e78e8e83889znqp,0,0.050477086029299637
7,227bc0936837200d0aaeb444ab8d5f1axs8zr,0,0.007461478860325538
7,b2968116361fd43589bde8eca72c5767o71qc,0,0.008715177036740891
7,d9d24106ae1ff4f5bc4ec3caf29d7bd2c2f5o,0,0.0035245295848326343
7,9dd7e7ef94a7bc5bc9f98c42099910e7o76qh,0,0.0025916245053304358
7,e8291466de91b0eb4e1515143c7f74dexy2yr,0,0.7413052875395114
7,aa75d58c3e1207618d47c72ffb19c872bolg8,0,0.008375500374190624
7,3714da7069a5205137cacf89ab3a136ffx2u2,1,0.20791944393574363
7,8ab98c1e6cbfb902af4e02050a886396a40bg,0,0.0012412274213466853
7,13c4c826516304555e291d3d91c108b3ytpmj,0,0.0009579135844003866
7,460e932b11a1529d78246317757899ccfaxng,0,0.007353606166778287
7,d9dfeadc7e0e844ffea3cfc706daae5dt2hhg,0,0.006716488837356686
7,2dc309478d30d440e75c932b1f13a8fai2p2e,0,0.0037480527364358945
7,76ed824b414b5e690ff82e7cd2f5be52256my,0,0.05586919133385238
7,078e06b3288cf8f18ab7ed44b245fc56nbyfv,0,0.04614449413324118
7,46f1d7df0a8ffcc10c3de0dad8979cabgr9ig,0,0.002687533138535488
7,ce7d34398a6d6011bcd96ff0aa82b6674hxzl,0,0.0009429645379454627
7,0f3ee77a46dd5a09ad20b7c3e54ec614sbpvb,1,0.09883250015498009
7,0f33df2513a519a35c8b3dcf1d7c7416jjjzk,0,0.208286180738754
7,de4388600d997803223748e48bfc7b16ggyrh,0,0.0013398642769474874
7,91b8febfd1f556c06838992814e7653cr119e,0,0.003164708836927562
7,7a0b445f462d05606bf6ea07e2ab96ec1a4kx,0,0.0030009053522131635
7,3144ea2711bef53de88d89d71acd16c5q0bzh,0,0.002041919088772759
7,3ef2325f8b68e1c030547a2a54ea6b98zwa2w,0,0.016754306167495056
7,f3d3c913b225bc6cdb98c60f0936f7cbj8k3a,0,0.005571641728653434
7,3dbb502d9d6f89b26f62cc804df54dcandhp0,0,0.13502412606265615
7,17dbe14676cd3a3cb8a7edb438622f7fv2scv,0,0.018253472823256154
7,5c32e357936f8977277d9b23d8f09f34v41wt,0,0.0012321585945954273
7,96dccfc370343f6871dc478d5b2fc3ffx95d3,0,0.03273225939058705
7,da00b16633eb706fb11d55868120cdd9so58j,0,0.07192605722441847
7,c910efe1f135b08acc32b2db162362033olvv,0,0.0016516762084186158
7,44bfa21b7d497f097a594c8861d4f8d4w5e97,1,0.7244024091205067
7,a25f4c6838b83e0fcba372300c23c2537k5eq,0,0.004396361393648454
7,6e29de28296a57f039026ffc6df9145cxo2n0,0,0.18570493661513357
7,07012e0507b4281d430b93ddcd96cae66und7,0,0.0010440830051686276
7,6b28baf315d41017844e15d645bb2c05ybt3b,0,0.023037136243264915
7,1fcca45fdd3d1d3638821f41e032f170en3h7,0,0.0015307517506833643
7,b8da3e0dc73d1f453ecbe6ee4d4e8791pr8az,0,0.0018072829446076372
7,6d1354e720cb9ec90e19e29f5f895669qh6g6,0,0.016754306167495056
7,8fd35d215ab6530c2ef096c87233cbc93juwy,0,0.0022028653142275893
7,25331706aa2157419da068e93f3989feyo7a0,0,0.09053212292049868
7,79cdbe82ec79d0e60f1b113d9a5bc5b4ar8bk,0,0.0019347479723987337
7,17e4d6d9a1f8ec00cec1d4fe79b059bd51476,0,0.021057489891150145
7,170a58cf637c08f0818ebdbfddca29c9irkxj,0,0.002187545388410217
7,2f9ea407ba48ae05f98fdf634995d936xefau,0,0.5442471435507398
7,4641b5a43c7a2496ef93af2ca590d2c94s20x,0,0.002004222040528863
7,f5b2bbad20d1d7ded3ed960393bec0f40u6hn,0,0.011248464721396319
7,8bc2a424939c50eaf4a652e253421b0f9b0y9,0,0.18418563789090592
7,83dbbc6c5c7ed95048ffa9427d807692339oi,0,0.38734600337417113
7,5cdd665a22747394620c17b7753947b0xgzhw,0,0.020300644849306156
7,0e373556d3bf588a1bb2ca6354120cf2dmvjs,0,0.0016361537152633312
7,21f5b103136104e4947e293983dbaa5b4tder,0,0.422589321075147
7,98c12418158dfb9494af01308ac2d0588gfw2,0,0.05146116412684055
7,7ba17b1eb362ef91a99a6f021b3f2b63uyo76,0,0.055376326620365596
7,5f529b5ee68b60482c5d0c56ee91f3c2cjrmx,1,0.9640588751611836
7,c36fad0b52a6be6ec32cc5530c0a2aednea6k,0,0.013371169491922312
7,20d31f20169e8612fe13818891f88a83r66gm,0,0.028071463457981942
7,bbf1dcd2f0100fa90e4a8544b90e35846p5y0,0,0.0022399817109047134
7,c99b1edcfc7f0c751b68fb310d34b75ei6j82,0,0.0029248005303910574
7,042780ee9a3730703e35340c575c3cbb7zjwk,0,0.05062681183635396
7,f416aeaaafcbb66aabb77347776db008qw96o,0,0.31760015122676577
7,e18ddfca4efb99a785c68ede9ef773ea8sfmz,0,0.016754306167495056
7,f29896e71c8077db28617a03c0f14e7570emg,0,0.002385468390745614
7,b28e6a39ef0cdda29c5e350e048c3a813idk1,0,0.016754306167495056
7,75613637a85df9328b743d33b0efbf1586qow,0,0.002306983235184493
7,f1e57f96a91c185a7ea716c2481cabecpi3ia,0,0.003584703827853982
7,28763f241cf0483ca1dd3aa1bbcbfc37xntso,0,0.016754306167495056
7,70db4530c292bc759238b8306ff4ebb6n4l6t,0,0.002171177114369846
7,b1ae4691fefd3d09d74096ec4caaa6d1v6tbw,0,0.001311478129734248
7,7bb58b7875a093cbe7c5d487a825b730mjcw8,1,0.9910429526852639
7,d927c987f8a4ba2dc4f38dadc0831100tt94p,0,0.002599179079154377
7,802a819acf0601b43fe5426cb48ac0bbqwfu8,0,0.972770876203856
7,f895a8d9d7974b3ee7f1f04a25a950e9v63ps,0,0.00205860489285079
7,2a73f10b3b8f2b825e220ba0a1d2c49f9nikz,0,0.0016238400124852655
7,f7b25abd850df9b0e0b305c6810e1ec3qbtaf,0,0.0023600681391479656
7,c1c22607e7899ada525b74e757d248ac2b8ac,0,0.016754306167495056
7,cdf1fdd424a11dde166c4bf069d6998eph7b1,0,0.3756502935538176
7,fcda141af3b545332fc3b2d55a8bba74uw7s0,0,0.001865360239223952
7,458c8c4e10e5c1b29e3fbe5ee56d46e8y3fb3,1,0.9875524756655724
7,120c8b384858420c4e46e354c86f4ca393w0i,0,0.04527266030428808
7,022ac3a7ce986049d9a4bede83ccf9ddctvg6,1,0.994177698601027
7,205a011640002932a7bedbb93d81b68b8m93b,0,0.003094792142794219
7,29e08b4d18198fe9265772fba3a4f6c4mj1rw,0,0.003194232797442941
7,8f6605a649ae41fe950a6bf579452464d9lmc,0,0.017164809481402817
7,0589cf78c4bece729f0ac620557210e13no3n,0,0.001050294713929718
7,17a321c4a0d925ca80507effa52330ac5n5r7,1,0.0043555377913363025
7,3e602dff2e3bbe7a52236df2294c9e059fc2l,0,0.001980565878032655
7,df12e679581fb2054907dae75c9c78ee9kzzv,0,0.006780546887811626
7,d1200a75b6c05584f4f902e74d3dead76cj15,0,0.004056846332679873
7,efa1611e96c3238913333b8525c6a196rvy38,0,0.0016692912689019132
7,aaa686462ebb950550fc1c6136ffb273vkrc5,1,0.006177572639019802
7,f6485cac867e1e7d2d991838551b4c4bfnarv,0,0.006676496093889008
7,9744d8ea513490911a671959c4a530d81fj5e,0,0.11610657556468847
7,369515b3af4f8ca582f90271d30b14b6r52aw,0,0.020995265869242125
7,c806dbb2decba0ed3c4ff5e2e60a74c2wjvbl,0,0.0019393323301878107
7,0381a69b7a061e9ace2798fd48f1f537mgq57,0,0.016754306167495056
8,57db69e32163f3e486dc6ef7d615aa12usje6,0,0.0632913791125252
8,585e7c21b80baf2225224fe140cdb1a73ddrf,0,0.07752998882306761
8,6e4d22dbabcf2eaae5689c7d155e1c1fev15l,0,0.004268865724893651
8,b37b352197594dae96bb9219bf59d656oz79f,0,0.004618800964619627
8,11a38554244f3c14de043aaf52345c35jjqvo,0,0.3906334517062301
8,322addd5687d99bf69306148e12f87dc5jbsh,0,0.015468948526974372
8,0d0b3d6dc27d0f8eed70971f8c6bec1bdrs0f,0,0.02013949658878626
8,975dd5178d34453c1c3c8edc47cf44274uv5s,0,0.05804701069554163
8,927c5e145de79f9ee2ada0ddc054b4e9hc3qj,0,0.13785094828185854
8,2307bb06855a6fe75ab56ee6b4a3860835di5,0,0.035262262518320625
8,dadbcec8b02ac75c5935f419b318ceca1wwjw,0,0.015958028119273066
8,96b90af2d3eea4d3b2bc725e1c92e212qu52g,1,0.8164139067025162
8,da6e2a5651b4f44fa3cff41cf9731ff8qc8fl,0,0.04871342411409614
8,001068c415025a009fee375a12cff4fcnht8y,0,0.02959958360221492
8,cab0d4e41ea81636de3bd3a1800d8da8x4yca,0,0.009539719424635627
8,0cca10034c58287ee6fbec14a3f96c3546sdh,0,0.006296221626976395
8,20cb327bff59dc8f4fe1ac68a30f02eb6jrq6,0,0.0023289862295910865
8,3073231f45ca50ad6830d4dc7261f283iwjjm,0,0.002496887501016055
8,47e0637718480102d235233c83661a7850foh,0,0.008494358574921621
8,226017dcd6506ce20886540ff734210d8hib1,0,0.010098573857012611
8,9653f425ed82418570fbca890f7032b16sjjd,0,0.002822580695547144
8,671fb1e314a1f480ba9ad9b5a1cf6a91w1k2f,0,0.013928641139840044
8,5106dcca581b63cf2226110a9048ee4846sxb,0,0.5701491427797004
8,91d9b706f63537c5fc0027c50b0e3b06qpdgz,0,0.020923892030083907
8,ca76df527977e5168e1b3352cfab2ed9htipb,0,0.009941579907480824
8,19353c42feb91a216885fe012efdfb11s2iu8,0,0.004289165162025553
8,fdd836950d203286832a21b930b9f6b58ch7s,0,0.041822078009189995
8,c7d335bf99b9c71fb22797ecbd78b92ashv4h,0,0.07849100554996814
8,88103add66b7113729a9ca82540684c9il94h,0,0.04545386287905325
8,5948bcd0f773286ff7d5cde332c7ae6918jt6,0,0.06346245587597395
8,d6ebcf2149c311d221b233b268870b3d5gfe2,0,0.0033027147994579057
8,dd055846eb553ab8e953b084f2048d53bdqec,0,0.7711854044967581
8,6a76d66f035914f93ebc725a0998b399r4gdq,0,0.004894899278630915
8,2736ee274114e9440463bde9fbffacaa5xky5,0,0.014642046528268787
8,d6d68e218a6cafa246ed31185b09e1e1fsu8x,0,0.01225569146453988
8,929b75b44585b34d2b917ec181ecbcf298fr8,0,0.3694812963935355
8,e3ea1d5464543a1ef3a9b60394fc4ab6i1jk3,0,0.01908474740943352
8,eebfd257525e52b67969ae9d8760afff12j3d,0,0.006603846191143842
8,7339b024b285f99084bcca768cce5c7e0h2op,0,0.15796277696761785
8,024937af9ea18a2b57e4f08762d181f7s8a3z,0,0.013213486013473242
8,0565a780f2c5b46837bbe9739ef15ea92fdu0,0,0.053715891540078615
8,42c407eb70ddacdcd59d63f22caaafc4fa0p2,1,0.9236531094243514
8,e18e3d0fbfba81cedcae619dfa977875p10ta,0,0.007354404848662309
8,96b1df591dbbf3a002578574671d9ff1rmzev,0,0.0058365951734582425
8,4376fc192e83a1a5d7a83085369916e8rr035,0,0.0036556508177499163
8,e7a98dc8545eb429007cb48799a40a2dc9p6o,0,0.5189968728861876
8,f876e3be4038da62f49234ee498feb732gdcl,0,0.0030017691244603063
8,ee052a24cd3164af9d08fe77bd6b79dfrbelk,0,0.0068638885196548646
8,76218e14c379c12d599dae9e1c00b61a3i5b2,0,0.12584912670239512
8,e0824707d4a78230ae54209a920bc3e3pzdpp,0,0.0220614125252748
8,33a7a0121e28cca4e42494dd0f5aa03fdhlm1,0,0.0016693587663064253
8,cf456f3c8c409ec4060142acfdabb5bbqpx7q,0,0.013079166352956442
8,db88530db963dab43118aef5aba127ec29abp,0,0.03472966193778764
8,bb790a228de797253bf6afa43ee52eba1s2dx,0,0.01753204502177638
8,c2d1b8c1b7a9c8010f5b215e8aadb1d7gahpp,0,0.14776218075428071
8,055282b75717345ba6f53d40e9e6d6c56qrzp,0,0.006092929500728842
8,187636e527504df29bf42d4a2b7767e54bgv7,0,0.0058365951734582425
8,fb5a19240e36ae12aaccc1e9d9231144l32hv,0,0.023510479643897852
8,1e1c9332e90c1cb0f01da223bc043c528cvwo,0,0.0028930987012924757
8,a0660fe8a46b9cb6b02e7b0c50eef6a905vt6,1,0.7296213269515355
8,0b450f2827ec670da34be66ec2a520213xcuk,0,0.004341550935683187
8,44c75302aa4404e23781f8337cddf6ed5tqun,0,0.2361494408910126
8,c755d2832026bc2a6f5d2d6df5740f06mr3nj,0,0.006055091714492183
8,7f4e84da8ed11f4ea3a2d276f49949b7o31us,0,0.003470980057013255
8,22401c4dc0cb1e5d52da01ebb8b2839cdoauo,0,0.006687652573938751
8,55b39a51c925bfb42fb812ebc5fe318emsjjf,1,0.6526113645835837
8,e5f43783127506211df8c6290c2ecadbyr779,0,0.2530744603318039
8,ca391c857d7aa75a72e2d7c3133e0d6ay9pil,0,0.03341752998161361
8,786fd201d9c952bc3453d4b3a6fa64046d8wb,0,0.006888899030183094
8,7fab82fa5eaea6a44eb743bc4bf356b3tarle,1,0.015958028119273066
8,dcd54d7afa6820e3f00e1c9e83aecc7b4f3lw,0,0.42781753051104543
8,3106ad6371a3b740e2af90635a4ad966zeu1u,0,0.00542622235472048
8,65659f3fbf6207c570c4bb8ac64772e9umh95,0,0.0327418784640024
8,c4b598fcb343bdd2cf826fc7541500e40xtte,0,0.05047465799833384
8,35a89119272ca55d7f602689616b58c3pebir,0,0.0031076916140630522
8,b42ef139c2dfbff8356e8886d2b109e06riso,0,0.005445157354757047
8,b970a53727b2bfaf02079779c846a52fj3f0q,0,0.003137045180896815
8,ae45f9b94d86f931c84c94f3975e3d7bkv2r0,0,0.021619872648137743
8,11b1859aaf7fa93818baa76007cf7207d8uwy,0,0.003315207561932884
8,eefb0b863345336dce70312ff0f8faeb9qksv,0,0.005122141468714105
8,d1f000f475c502ecd2e993c52987e63ed3k7n,0,0.26958903264316847
8,3961434cea4339f0049798fab2bc73aekuxjv,0,0.0032145244874509445
8,8b809e18804865ff2a2e799c9a5e8a48mtxdh,0,0.2411623833491737
8,6b9a3d480add21788772e118e6d51ed57e3w9,0,0.01069360447593482
8,644e284380171fa793695a91b6a12c28jcwku,0,0.01700770084256485
8,85371e59ea43c33c7e481ba3c214e893ail7f,0,0.0036096729508016466
8,eacfdb47b3daccebd9f16779c5542fe5eytoc,0,0.004389393389238521
8,20d08c7edbcb4b4ac0214b664ca5bb9cprntj,0,0.007058488086283495
8,fbca8e44d824faa1fa6b99325758ff19vi94a,0,0.15194442619461235
8,0353aa9e97bd46119c90b8892f99982esfem3,0,0.030394551888496324
8,392d936106b75256632c9dc83c4f1a169bke9,0,0.005629305914718738
8,2a4654987b59646a120ac74301339afc4eylt,0,0.015958028119273066
8,e69dc706f159ef6e26df0d88388bc5edlymly,0,0.003385373890001898
8,7f603f668968facebb0567015ad4c201kikrh,0,0.0029365933354098717
8,14f226ef57ed64d8e14c8b5ae929143cgq3em,0,0.00815762121092436
8,b1bc9ff2b98df742affda07c5977c7345dpm5,0,0.005843914670704636
8,56cfe8b0d574e1df3f823c2cf32226eff52uw,0,0.0034540631807896483
8,c9fbbfcc89730e961499b4b30ffc4a98umxko,0,0.008051797405881543
8,a60101895443bfa5d4485b9c2c3e1b68t5ppq,0,0.005796991143274325
8,0870fb7e5701f3ba56762b03e157afdc1yw7u,0,0.8969986442443937
8,84bd02dc56fb7c3402426ef7e8e166e2ptwo6,0,0.03921697294403712
8,679d60378d42ca9d3b8a28073fe14fc7bv4jh,0,0.05202283160374537
8,b1729d5905e896a8411f81bb65d66343ladls,0,0.002794296095426725
8,45c3a73b88760d4390f42ea4fae97d84la5wh,0,0.0033977062743237104
8,2794512e8edad5f99d28c33c7560fccb9zl8i,0,0.015958028119273066
8,2d6a70a8341ea0fbe4c8537ffbce919etg4x0,0,0.015958028119273066
8,88bf2c0f5460e28deb5eca2ef8e5e809ol5ru,0,0.0016323158615804845
8,b4550ab1da3a3ed6e4a206c9ef78d496q23hb,0,0.16063835448010474
8,1b268ea4fe034638a92d683b94bcb330vee4w,0,0.00279652860935951
8,b0164d9a18a3cdf6082e96f9708040690qcqf,0,0.2560267029495277
8,1e0b1a6ea8d307cb61e221723534c4dclf9w1,0,0.08136304925636914
8,9e9270c06937bfa13f5b29e737c3438fcocyn,0,0.0027712926038364885
8,7a71e329f3f2da98a3f82e7bfcb705a0t5822,0,0.040858586026159556
8,69b32dd82f265a04826106d17e2bac9ao9fu8,0,0.00470638228661513
8,e0a87bc26e13c599894d7a5103fdca786tfat,0,0.0965917135199403
8,9f7e3e648ea8e6815c6e7caf59412e843iqbz,0,0.0057411845799672755
8,8ea020a1fdccfd726f74ed7e90dc3400zy9iy,0,0.004565998214068279
8,4073de52fb5c46376dc3cac6b2f2cecdxyqjg,0,0.002208348105858754
8,b77312a06d10e22e3caca85fc7fe0342b2adf,0,0.0327418784640024
8,676ad0665c9bf74329ddc1f70ea48c16stnux,0,0.002377359769086877
8,c6a49cf5944626b45425712f9e19e91d2nyh7,1,0.9904023846843147
8,7c965df16147f68263573764dd257a7bxqmpt,0,0.0019399516230812254
8,1dead8a9cc54fdcf7a7c16dc6e06a3bbusgcu,0,0.008646381028688461
8,2d113999234e06201c0940286d405453wqjsw,0,0.009358411674719262
8,6c0212679f2439c4113386b2c6ef513e8wr8p,0,0.9030027884747116
8,6713e820273f591bdff7d26a48ee30c5k4iii,0,0.12795381862460445
8,0fa357965f89388d8e7eb8cbc3b85c6bnnro4,0,0.014286929954255028
8,b7e16fd4fd9ff04b7d741b70730b7b6b1aw84,0,0.11292180193064526
8,cf4eb0f68d47e6d4b92befd0b8fff39a098cd,0,0.005597408568343263
8,a283eb484c3245e5b12b18daccc075e9g9xk4,0,0.07301431911836137
8,e2554dc14d54c3b7be85c59dbc1425f77qv4a,0,0.013213486013473242
8,fba0c76970a464cfa9c043c906442f0eg53a2,0,0.0327418784640024
8,f8c42ccd10c3fe515e53082f0cde9a18oxgws,0,0.43222365203861246
8,e2a61feee7f94b49d7de1ac6efb237c0fjt1z,0,0.00579763834742986
8,1717f6d4c48ae8d3e5f2566d4bb525f854j6d,0,0.0066702605574545095
8,284cd72e028fe176f935114521ee998c5jsko,0,0.0033354773130962207
8,1e050a096927d5b34f4a85d3af28d30eybsaz,0,0.007648213181057167
8,655b88e646b94d0adb9e15e9f3b9c9a4lvcrz,0,0.06052227156706215
8,33189c09ca7067834fd25a54920f82d4nd7a4,1,0.9916672567923865
8,48044b1b1f47f168864bc7c4a58a65ecmt187,0,0.004847959471587286
8,f05dfdaa2f67b190f3a79a5a2d5daf9coikow,0,0.014601408554452643
8,9f60e1593604631e10ad2677c51055c6mv205,0,0.008405759200078699
8,3d48d4b09fc7559bb6c129fb65c133808brgv,0,0.13656198639198786
8,4f07602a713c192a941204b27e2abcf1srnke,0,0.008416026314807413
8,916aedb8fd708e100318969dfe57a4639hexd,0,0.03547808163296608
8,a4630d8b78c796441a1be187f6907b11c5eu0,0,0.0053109395786544375
8,d2fc5291537a61882065e571c21e796975uy0,0,0.0032921878604232815
8,c7ce5ac2fe5f03458fab59c78b19bf7c9wzf7,0,0.04936319771823819
8,e429d13bc2c7acc82d8d68fa020546c38v82z,0,0.004958020902583772
8,e4264fc4dcd5f917ceb002d860441370s054e,0,0.005725699230609695
8,25b58d1533e04571bbc674dab28973f8hha3w,0,0.005915166921611287
8,14b2d98230228eab6a6db3efc41660d7kp23s,0,0.00587746198051229
8,c72012c8072e2441b3ba8173205cd298cde8a,1,0.17273460073078664
8,5920a92dc2b65e257061017a04eb5361tpa9b,1,0.921754017647754
8,173991472d4ee18932f8514b9d4a9dba7rjqa,0,0.004849696106819551
8,f19531503f1485a3014189a80971c6fb0d9fu,0,0.0315856812802046
8,5b1bc916ca111874eda3bbe669957cb1d3mck,0,0.0035355050459749365
8,13dfda714fb516e1f9f7abb0c927bdc2zmw55,0,0.015958028119273066
8,23af639c0bd57bfe9bcf3b16973d58b7666fe,0,0.00823194725739134
8,5830a96593aff3e951919578f7374f09pqyc0,1,0.9683315242739278
8,c8d3fc73c1a41bf92a5e4982eb6cf78du8gg5,0,0.0034087459133137167
8,ccc371d7848a80bc31941248b9f49b95hn694,0,0.005766111104965413
8,213a7fb31eef8b38a23ad6b0bf2c7fd0dx3vk,0,0.0034658253919922894
8,511a640e38bf03022300f5503cceb2cd3f361,0,0.019572414323688034
8,bd29e36cbb063cbb96ece76680ffd9121dy90,0,0.004263993671949482
8,d2fe98eb0fa21252956184a98138c58dwp1ah,0,0.003812927518874836
8,5c2b3f221cdf303df86ff1ffd7106fcco6pml,0,0.28719935578857886
8,ef89b74b58c49c1a321d3d7ce061d151k51xm,0,0.5701491427797004
8,339b8ca3185dcaffbc3ebdfd960020e8es0as,0,0.004399460924521792
8,c9e1e860e39bb7d4dbf3c91c5d6c36c2dv4tp,0,0.06888166218646363
8,4d6580da346435dff2503c55ee5e0cf8wbkb3,0,0.9816385253290207
8,5720c8d7bc15b94037cd75ff9496a35evugeo,0,0.9076148529296126
8,69e97e52dd6428671f46f2ab6567172d8mfar,0,0.07923987439477939
8,8ebc5b544d62622e45e1ee22a56265e0xwwsb,0,0.05350300328224758
8,613fe9b896ce3801e40212b3c8a8053c1e8nj,0,0.0049776860657037725
8,d9a813646e8fae954898c1279196f5493gqzc,0,0.00289293433130863
8,84c7bbdc12233f88f35c2c3b8f178803ta03m,0,0.011218428245660475
8,2fc0efdb6ff10d51e3a4d979ee52cf07p4068,0,0.04373844008556452
8,1dec9ee102b29905e2f59a52fb7429826e8b4,0,0.07301431911836137
8,877d96d9abeb73e437a8ebd74abbbf45p8s80,0,0.004066352055299503
8,4444bfb455b90711234e0c25345abbaddrt0x,0,0.0058365951734582425
8,693085cbb28f505f03b025dac8681a3bvfot8,0,0.18049871473798831
8,67616fd2a1de5c46e32041354efa88ceahbhq,0,0.6912846381744043
8,3ee7de4c5a5e31b7b407827ae1370f70suenu,0,0.0029267862659221526
8,4dbc8d336dbe0241c9bbb0f3630f25059yo43,0,0.02913527477734209
8,8bbb16c0a1bb808389051c875ebab1cea0v56,0,0.005337896683082301
8,497ef6187e03fd9d4387ac436461a40f982dq,0,0.003428666137117539
8,36f52ad1abfd307b73c9b69cd5197dddmmxgr,0,0.0036353275318550884
8,74ae4f7b1692dc42622696303d9d4d763vksg,0,0.0032631904447422296
8,aee383561c0019dc01552bfa5263af8etbuc7,0,0.03214467196073245
8,9375e98d0810ce9119ccf45300249636zfpd9,0,0.004852080368999426
8,c963c2dcbeeb0b7051bd3a6a87483ce6i98xx,0,0.014471617869503413
8,92ce3c44edd41ad3222481daac1ead35bouwj,0,0.0029365933354098717
8,e2165ff862178c7b2946f7f62f5a3e51wcvaw,0,0.06593004471591077
8,9685887173cc2e1e5ee3993832a4b153bfl9m,0,0.005270365104937621
8,292dedb5371b8e0ebbeea57f14b35713e2ie2,0,0.002984673864934794
8,5a823474f9fdaa129dea9fa690d51b62rgm7q,0,0.005608424398374424
8,6ed39d7c89fa2d423017cc9811f0c469i2157,0,0.013544517843869936
8,d92c8c2d4c29d4c785431a8b34ea135awepbr,0,0.0033103974266768515
8,fdad47d27b793b74470086c35333d4fepycsl,0,0.002855238029982169
8,e22850afda081aba360cc18e2a9021caqjjov,0,0.006090065018461141
8,30c3c92cc9408f55cfa895ff8a505930a3yy1,0,0.006432220546796552
8,764234598477e02cbf8a43983fd43850l1c8f,0,0.0032893864155994126
8,f9753e9fd6e25e0a1ae176ab95c31146iaqnv,0,0.004872204471567479
8,83aa7c2c8c018888d9ebc6daf63bddb6f2i0d,0,0.00267484923956834
8,85d020b5f3d99d1272efa0a0d34c56a5dtvxb,0,0.013703543642462625
8,ed4802c318a7e04a5703ed115fe4f3a3kkugq,0,0.00991721753662333
8,6679d668a393f336ba9d1cb6a154e03aifmkr,0,0.002930410133411939
8,58f590a56f480589646d255d570b0877zcjw1,0,0.010494377179660747
8,b853c1e4d6a4657d35705772ca6cfdc3qtox5,0,0.015958028119273066
8,dcc5a79317a22bd0f6dca1f60fc866a8bei1d,0,0.5701491427797004
8,c1d14f4355b7d3ef80f02628e5ef1d56u2510,0,0.015958028119273066
8,86e698821a8aada613bfca1356d8cb7dopnv8,0,0.00466491408832216
8,424aed9d807cfe0b2167cfdaa4957fc0heell,0,0.011796851176746092
8,96b7bb4238e7ebb439d81d63db4c2796aoofv,0,0.009737884316796907
8,a7bc17dfb615eacffe397be5b2c2f3a6r0bb9,0,0.008899476453448093
8,1aa485901ede7baf78ea116e297e9d7f9en6i,1,0.10473248017129008
8,c900620a019e78a3eee44109e4d1e1d2xd2gj,0,0.0030675102014971704
8,d3e1891edac2851f6d34de566802cac8m8dn0,0,0.006058617514068021
8,0825d381aa09d1d0c47c77c372f07acbe02ky,0,0.025950707275795428
8,510f33a3c0a290a0e43d2576d928a4abxieo3,0,0.025864479410610753
8,95af80db42edfce4e937550d60d79561punym,0,0.035571023360044536
8,977436b0a445fa555d537fbf1d4bff2e4z40h,0,0.0058365951734582425
8,7a3378ad9999b1fde0a4562a9b036f038cdal,0,0.0058365951734582425
8,c749a25f3a07304b959065d83bbfc5f75u1my,0,0.0032435415123286586
8,26508777dcd84df59b467a60d9f18ca1pvvbs,0,0.04734915490673873
8,5bd35d55d367d7a21d98bf6a19fc0dc1e5j9p,0,0.0032385350018614904
8,a0d080012ab98513e39234e4545e93be17tt5,0,0.002766966345008748
8,e268d06507859d78894a8f6e11995f48zls7t,1,0.9806578696298802
8,c5863a228287327c9980d12a632985da9vi29,0,0.10930147030343007
8,2e07d37dd022e72ab04da76f51edaa13qk5rv,0,0.004894899278630915
8,eea79e1bfc21ff1b9572213e540e1252s5iuy,0,0.0018341502099961124
8,59cad1329d42bda3d678bae082bee7edgvt7q,0,0.004859284169488778
8,bb73823b1c3f577402c9aa9eabd1e412vp2xw,0,0.8985805961066929
8,a71f84e476d03bd0b25d45e44eeed9a8efehw,0,0.22293257554759072
8,d3f595832d80988c2016aeafd125d8f072r4h,0,0.007168968344156967
8,afb1d898d15663a9477870391cf39b697gso2,0,0.003825643364822104
8,ffc4e2dd2cc08249f299cab46ecbfacfobmr3,0,0.004388323804864966
8,65996114740a63c9e0fde74bfb6725b1k9nuz,0,0.0026685046649755962
8,142a2545c5c01937b05ac6de9773f9efgx0eb,0,0.07904891887982661
8,781972f2af3af2abc492f9dbb0f6fceahnban,0,0.003713462223484143
8,98e6dd2906ef1f7c13284a309f6b160cb2ujz,0,0.012007515882060296
8,1dce9aaf9d6b9cba38f9c7489764fe30nlrq2,0,0.004531003821611065
8,dbbf9d9b1d7fa110208f77a681008077plqng,0,0.0014133073394928136
8,12df4a9cf4eb203909e6763960b79238cb0yg,0,0.00825060932146167
8,b86050461e88566061c796dbccb1f7e5at242,0,0.005215144844489052
8,fa64fdb8ad70e86efbfc31179e93e99egd27l,0,0.0635955309729532
8,30788b28de22d28938ecd7ed6795a8b022qm7,0,0.05047465799833384
8,bd85d0d7fbbfab49136c241bdbe119dbgkuna,0,0.003201129371732576
8,1ba9422d7a55aa5abc3ff37d1cafa9f2yds7i,0,0.04809550334392885
8,c6fcf1f7b824c864d492c4cd676cd702owsuv,0,0.0162787360656495
8,cd9a7b22d85c35845260cd61a4b65cb2meyel,0,0.004441347955325098
8,58c2b44923882a8252963e78886adaefh7hnm,0,0.046349984941050526
8,233e09e861813cd087e8937f32a29bccs7b3l,0,0.0031325476206479808
8,225716d7bdf8f90cb4a4b779c663cea5j9sqp,0,0.005991120374468991
8,2b2ee7d0ebdf910833b5cb173c567881jt8sj,0,0.15194442619461235
8,92f8392be617527734a2f18482815af9ak8l3,0,0.0491985780179869
8,21114d057c297080f0f882420d2436b5mmukc,0,0.191541166228877
8,74429c9ce8183e2b1b89600e6de4ceea5kn1t,0,0.03437388003459045
8,c34e1a988fb471e9eb8a5e84bb8ddf90k4hng,0,0.14582919074557013
8,ca28bff4ab1f6e74bf08b92e16989e11vn2mf,0,0.004364207015885821
8,8a3f5e16e4e689897d872716efeeaa0904tyl,0,0.0029892712525086467
8,9ab00034c9b00521ce121adb5dd4aa15tlhc4,0,0.0030900166900174474
8,2e463fe6bc1616f8392f82c138a6a436mbtjx,0,0.0023691432642558175
8,a961ba95d1685705953ace49a29424e2ld1ek,0,0.008322142972017988
8,c4709885ecca7b90dea4beb5dabd68aegk2pz,0,0.23099145499560877
8,f8e90361c36eb3f6fbd485748e731fb7w2ci4,0,0.008753936362868425
8,2eb8a353db13e68388f544daa2e28359oenbs,0,0.7741486901049848
8,8cab09b069755eca2b4e7fd6f6981d7d8n88o,0,0.0026078131804636237
8,7b22c9a323baf4a7bc7a3761e4a30bfajixmt,0,0.00854401044699666
8,3ecced86078287dbd2eac2cfac98367fbbelu,0,0.05607862630418148
8,041d869edcadf595b90e3b5248903183pn754,1,0.8864546098053339
8,2366cd7cf3df530ef4fe40b36ffb936fyn3rh,0,0.009986820449886004
8,c41ea39b2e13b0fc9ccccc2546f924f1obd0w,0,0.01156742091180727
8,54957cfd12ec8c64918b6200ea25d27fsc9hx,0,0.0038504673857336475
8,a3ef8289a92196b07e2e7371bb111e3aom07k,0,0.0068878967328464494
8,0a9c5e1f261c937c09817ea2d5e949f34v8oe,0,0.009849320634878369
8,462df7ecf1d47980dea6a93d44fb408d4u2d5,0,0.032112606417075855
8,74487d5ffd5c34de4fecaf9dcb66f86b0wwa2,0,0.029577298474326878
8,2d2839fa92d1c8e94bdeb1fbb9e62149x6xc5,1,0.9564555689796147
8,1f2d607e5cc04e790e3961a6432d7c15hn4qb,0,0.0067499493188869445
8,76f7e6c70f2b84d885b23e2b2831e113ueqo2,0,0.004969688323715813
8,f5ab013f90cb8890d33c6a309798204155q15,0,0.002490935936368512
8,a8a81bb8a3a35572bd1f9922f5a31217pw41k,0,0.0327418784640024
8,ee2caa714a2175abb13eb6ef15196368cwc7c,0,0.004402719292996038
8,2993e59bbbd7d14bf4bc21e4d2a4f8eeb18d2,0,0.004217938637344686
8,c0e4be8d520c7bac2f51ad80a98876c2aan70,0,0.015958028119273066
8,031da7aea2d4b75ac8ecba4825bc1318yki1d,0,0.004233071009744892
8,51cf4dc8898554aedd8572f97a95ef5cpi3ct,0,0.4255987208435558
8,16e2e48cff6faab74e1f5c47669dfbbda7l5z,0,0.0031134610845499422
8,67ab503313f60aaba89f64e2ce3b459fvyahu,0,0.04634581800338208
8,ca9e2287e98a718e20a8ed117dfcd699gxsp8,0,0.012210081589157927
8,5053e03863b6887308c8446cefeec429l94tg,0,0.6279790620795972
8,7ce3afe39ece9d672e9adcf3dcf2aa44a8r22,0,0.01588600287750858
8,8c09f4afd78059d9200cddc435f5c48ceph11,0,0.7421175736296383
8,817f8074bad1c717afaa8d1696f9b2b00muzw,0,0.0030017691244603063
8,8c412ae875b672f18073d643c74f9f0clzbyw,0,0.0021558890077784366
8,9655ccc7c0c193f1549475f02c54dce45kjw7,1,0.05925418592213038
8,6ab75792932fb1ea6fc74a18edb7888c2orvk,0,0.009133934698086741
8,8066d0a6ab30c52b3ddca5da19518b6188t23,0,0.0074894780862113704
8,19b39b852ed4abf1ba5b095829e25b946aed1,1,0.43215255892210797
8,ac9bf3a07831666bde4fefb75c184adekbrl0,0,0.010209664300003328
8,5114111892d49b59415284dcf19ceebconhvq,0,0.03437388003459045
8,fae553f133602fba6e9e6051dfb27fefkruax,1,0.612067438009816
8,8c939b6713b7881538cb05eca89cfb1cw1lhm,0,0.004019379281349249
8,7bb914fcdec49aa88c7310a3dda716aa9fb8t,0,0.0060396929164159814
8,eaad20ae39d343daf76adc0b1a4984faumuzj,0,0.016340514567203066
8,31c840378b5c2e4469fd2e7f5a1e5a7d92k7u,0,0.00566847330021216
8,4950352b0410495ef65a92b08b5be463c20yn,0,0.03437388003459045
8,ef415b2bbbb81ed33cec7242678975d5m5qk6,0,0.006923909059571459
8,737d19fdceb065359c77b81d27053c4e5quiq,0,0.02913527477734209
8,e50426efab1e9d60b8f7258130f8791czrpvg,0,0.023391240750089727
8,d42604c7cca8ec92839e92508f2a3e52ehz29,0,0.044317040952871437
8,b0014101fe1b510ea150c149145dbced3q3md,0,0.0033798140027181253
8,c8b23d6565e11d874e221f41440ffd25mrucd,0,0.04490336415862399
8,e12177ff9c1a8413996f7b1a590980c82ofeo,1,0.5273675898652176
8,1982c4b164171180d480166feae881ecmxsgl,0,0.002948572418152535
8,4cf9c56df4594860df56285e9293a7f7evfix,0,0.035337231169025346
8,af50d549e86276f034e52037722dd5aetouu2,0,0.0026266331503044206
8,8152c94b639be88e7076f0e32bd70e0eg004b,0,0.004433463299669854
8,23bdbb8575f191b71853bf78d09e11a1lhnfn,0,0.008945313282581626
8,fdf908d608a629d5ebde14819231878dojel8,0,0.016561547133523674
8,2106dd7866abbfb4e7c68067d7eb9bebflq5d,0,0.8581899424547156
8,9ca7afbb673865b01cd4b02846054fc1p3vjn,0,0.0344535542350683
8,6ebbb4e7c3fb4ba44a89bae997717924gm89u,0,0.002223540885179165
8,24a32bf10c4a5d4d91c27da4710c869a0nqim,0,0.017000980619315927
8,ec6d3fbd8408ba43891370d4ffe41eabhnwbs,0,0.01811881503187902
8,b1863365ae232a316eb946ba56a29415m0gdz,1,0.5942377675698317
8,1275d8a6a3b2ae9d24b50997397c254cpuuzv,0,0.9620549306892231
8,ec96b5b27dc870c8f59ef11b7371b06eenaox,0,0.0014509942224816665
8,7f3516b1bd7e5571ab964ba0affe9302brn6q,0,0.0031516707236364004
8,37ea72c53cc50112ced4f88810f1b38euoz4r,0,0.00568131255725578
8,cefd0ed907595de146c91e6c26b8ad658ilo9,0,0.016250881785209014
8,ae9e482a7f4a625a878c6ee0eb4dcd01dkm6d,0,0.004318875071112303
8,cf06ff5f520b14d1f9f1cf5a7ff34982bj4md,0,0.0027270371917727534
8,53856dce9187b16f2cf5e4e58f5d0397h7tz6,0,0.03437388003459045
8,2c449b1bbbd5f8d9bcc1159b7bd3caa32jhtp,0,0.0035031875875561123
8,76c85d6bf559bc0323bbe1639d233e88nxy36,0,0.2735043910291132
8,43c76d050c9d2509d85c9dc2b1a1dba4zb3qt,0,0.042826652180797994
8,4731be79b5c7e894dabe5986e747b97bd6yxh,0,0.0034218633939348433
8,9e1f21ee1888368e77b539083f4b94ddv8mrl,0,0.03702241880865767
8,4b72cbc9d9ef0238bb666feea6d79e718qry1,0,0.12885126900878188
8,120beb4523541f769a2b658cbc41dd57w7im7,0,0.0032409599259660576
8,bbd1d48ef4e8e7e3855938755275ad2b2le9g,0,0.010928332705545616
8,fa918060747386f431a511c862565e34y1pdw,0,0.0053291474170753805
8,24db47d284a08aaf119eb3e0c45eb646i46j5,0,0.02060220902693578
8,c2e1242ad5ea781923a08987d55365c69fii7,1,0.14823530600289037
8,34e965deb822f329ecad42b94e8ba0ba3dpt0,0,0.025537382546496946
8,e72d1b2319a2ef39d016c41e4824b68evxe53,0,0.005344298778214824
8,7114afc59caf2cbaf6ec1733922065f3uz34p,0,0.005030545653439184
8,6275d51c0324547faa8a87b499812268tl90r,0,0.0076763688730135
8,949689cced5d86578e6c8b664ea76d6aq6zxg,0,0.02069782826535507
8,916d2d806b772c9f227a9b3640e31469ljrxo,0,0.3567563187232073
8,53d9e7fa087a0dab6a472bfbfb694622jv072,0,0.0029541452827062677
8,90bb553b65144cafddc3f3d4a7783667a06ga,0,0.0033354773130962207
8,c128bfe7aba668d71126d51b32428c01tkq99,0,0.8056569377051632
8,f6a7e7b14d39804c7d15627e2fa384a1cq892,0,0.0188386376121864
8,c83ee624c46235430ad4338278f6d270wfzre,0,0.023821909518212576
8,b6a3aa8c0f2302fa35d7b809d9371deeypvyh,0,0.274843953720851
8,ad590c59c30187b772258a059d532db42tf4d,0,0.07553506481218245
8,3d7bd741177a712ae0417bc4f4a37bcf9jo2a,0,0.08122217350028474
8,c41cd6791e262b44d26bdb3443fcfba97wlm3,0,0.510082660669568
8,e588d3f7a141147e4f8dba29377144707vupo,0,0.003329381173152473
8,4de2f22ca840fce9ac653e4aa06d9b0cnhudf,0,0.010080946643308955
8,f4d69870de1e803fe00f8126e73a7e33zwcds,0,0.0736618194650766
8,417adcdcd7157e75c66469c07208af00qjnuo,0,0.09792674224672651
8,177b031b4a77f28ff167b427ca967b52jetgo,0,0.03437388003459045
8,4c46b1ea933d574a985776ed356312505nagr,0,0.023214340491111197
8,920540ac4168ed08a1e297395a68d718gsqdn,0,0.06509136859978669
8,ef65488c949595d7885525ccfab9100c6cmqb,0,0.29737403693944847
8,354d4abc23881a40b8f119225e0dbd09tk1u3,0,0.003652557671322351
8,14c69cd7fbc8300876f287520c493fc8xe2o6,0,0.01997018776168319
8,c888cda1ef5931da0db90f6803cd0d368ay6r,0,0.04333942520852654
8,f28b5654b5633a0b5e3f757a16080116sjj1b,0,0.02855893665766039
8,37d71b4ae830fcfa6f0c4f65ec386414n8h5l,0,0.002948572359982569
8,b4210edd4ec9bf872c7108fdb3c6aae9cjwz7,0,0.021004472323083362
8,771f6754997a1954eced81d46348b4762k475,0,0.23033223627210267
8,f473c995ca7b5287f9b2f079f0d78a1e92226,0,0.8732895070198287
8,1899fd76b484b9275854787a6b003b8a93js0,0,0.016551766014021783
8,b3dc6151c6813688d0423dbab13d3f19crw2w,0,0.007368958959420497
8,9d8a1ddb38499b3403a6a93395ef29bcrznni,0,0.009144929318517599
8,0a9d614009139236f198ddb4759a498cen5ix,0,0.00879172386975165
8,741b9948c8cf42d658676e5a46757815zstr4,0,0.0020148186505865836
8,b9cb81e5855add059728cf932f0624fefbi2t,0,0.015958028119273066
8,9f52fd88ba073512be19e3d24d4bb6f91l531,0,0.03965311805164364
8,55453d252a225f3b046c094a7aa330a80dr96,0,0.015958028119273066
8,bd6adbe79fcb843aeb97546947af1236kbg7p,0,0.00758837984677427
8,6b1666662837213ce77c329d8cb2a842epaeh,0,0.002356215258832921
8,12fefd74d82d90541872847f199f6324cowi5,0,0.00241086948796814
8,e29ae1bd8e6e7dfc9cb43b1572d3d55ca0hc1,0,0.002104791858278744
8,7e34a26c4c339e875997f4b9239d2b5fscng4,0,0.6454183610223329
8,b08034d2d4fa400b457d4a59a2482e8enfhqw,0,0.00401927298474815
8,8b253bd318229b3eea3f459bd81b8347khytb,0,0.9792520652821511
8,0181b91f58e6cbaa832235e2879c9c00ovrzi,0,0.002614941204866631
8,03e884d3e7e3356608187d2345e4693fyt29x,0,0.0053633895395569075
8,ad228143392ba96c21bf51499bac1c3b3kmzo,0,0.00538544851034898
8,9f2086ccb71acd84652f861517d4dff9du4y4,0,0.00605670956984724
8,18e751726fd7c407c41cb18c20da2c4er5z1r,0,0.003983414119510588
8,717a0a200628f9606d88afebaaeb409bv60y8,0,0.2327515445925453
8,3d575194dae5a2e2966abdf84d800a3bgbsd8,0,0.0055737445131054586
8,d81579750b388276f2d8f6d80384f499n13l6,0,0.002991291569476258
8,b7e0afcd391a22444eaa566aa527eec0x2yv3,0,0.0044966450950623595
9,1c5f4fc669099bfbfac515cd26997bd12ruaj,0,0.0016860178436308396
9,0a6ba32afe4756995db2f5cf2461cddbvj445,0,0.0017211865884980545
9,3f3a3705be5ea07b9ba7ee646ed756fbssuo7,0,0.0021356049342223233
9,25d75fd439571c1d9b946f5ec833786063vom,0,0.0018633709548733486
9,5354c02817e47f28e60e44a40ca5e48dll4sz,1,0.1986685707810274
9,d878560888b11447e73324a6e263fbd5iydo1,0,0.0080010368648275
9,0b68888358a492884e3885bcd73ea63bhxidk,0,0.002027948192118174
9,c748f0d69cc89d5812c9fe3a6413bbb26351l,0,0.001997499936691692
9,2c581ec91825362ab66a7ffa05df5e70hl3h3,0,0.01504888666008723
9,1476226300a93d22b15253ed7339429a7ijk0,0,0.012344213534626995
9,95fede5853bfffda8f50f6af494ff1d1hsgie,0,0.06577859454854494
9,9434778d2268f1fa2a8ede48c0cd05c097zey,1,0.37683346600966006
9,e1da7d96b83f16aa80cc254572cc154fcoudy,0,0.002278678602963639
9,f60edfe5177cab56896a9d6860995095cl1bb,0,0.001724591660216525
9,fb92fc925c5df50f4da7874a7542cf2210z1f,0,0.004870746992448684
9,19815d9bcdc74c3ddfb9ff210c1739f3tup3i,0,0.005080430865807627
9,a3c2ba79963b637f15086e6255a46253lwpnb,0,0.002606588511601739
9,85be8fd21f41bc3dee86597d272825726bp69,0,0.006329882021715499
9,59ae36080fae26bccbbc31a4505b6fb3v3zjy,0,0.04824142354454986
9,6394edfbd35aab54801518835e33ed50hcr5f,0,0.04085461010340629
9,87aa94042390f9267d3b7d90e42b022ek5mbu,0,0.0023462969956729363
9,cf33d05860b7f7d9af73c6091190b81ektz1j,0,0.0394539357536947
9,21580623ea81c5b0b82aaf74890218e5mio2z,0,0.23662341928912414
9,6531bde8d4decd9708ff4407ef95e887a26yi,0,0.028327641331125204
9,806a46eb814ec7a09bfffcf38b0763d344tc3,0,0.004924033675279015
9,f5a67722732675f6285b70b9f008665fq01bk,0,0.01694344052852436
9,758bd601d6700494300ec1647682eb34vq1zp,0,0.003134638759549056
9,d0231e5200b870c055db7e3daae24bc8lt7at,0,0.002218448081306237
9,03244a553a252dcc3a3037f0371c8d33fmpd1,0,0.0008943751794676623
9,915ccac760c7359a446100fd1a54bbf6oyrzf,0,0.029372982515047785
9,9baf61c813f1d4a09e3c70f6dc741f34voe3n,0,0.015213889761325858
9,024cf43497fd7381df6254888670f84bwbbam,0,0.022627203467491662
9,12d6239a92972a35bc990225b3ab33466znm8,0,0.002158078492618085
9,5960fc711b544e2617d0f76360b69e2afds2b,0,0.03733481100990556
9,ae94687eaad6b410713db9106c42566axgn9n,0,0.021162606837924865
9,15972a431aed117840dfce5556242366c3fwq,1,0.9707931608076257
9,367edc726ba8e667973844395493559dtf2o3,0,0.004272154639749283
9,5b25a86acea5ff395bbd62399bb5cc9bb7h6i,0,0.008347691461586704
9,fc8e62e5fb69ba67265a3d0e3403aa3fr8c2q,0,0.1942592810866187
9,36b84c776aea2e008180dbc72393ed750zsbr,0,0.028327641331125204
9,68f092336430866db606f137c57c87e0hw7aq,0,0.01150467912301392
9,17eeec8676ad56bfead1a9406277f41cnev3n,0,0.4573087469657572
9,8126928a319468b6da5edce4097d2398xwita,0,0.012684179651986306
9,f80075873f7183a03b1b10ac3f740032v6w99,0,0.04716536259005339
9,85155ae64ccbde01b48fbf4b3f1b739exmqyu,0,0.002534904959611373
9,74fc24cafc7c5936d0422b8da306365byjv2b,0,0.0018102778282694419
9,7f807b2eb6c391d55e67bcdf7e1cbb3fhylw0,0,0.009170576734302136
9,f186d292f4e83f70a92c97f92993f655ygqzw,0,0.0024610782767933914
9,e909515a6ae94a86027c717c4085954akbpt2,0,0.0072316436652158774
9,4741959d26f99012b8a6a3e3954eae40hsy6j,0,0.028327641331125204
9,8b4071f3e2702b88481054081363bc15her3f,0,0.11496026400685502
9,f0c356e136831c41884b0732ae3198e0gcy8w,0,0.0024107684044670213
9,cd856579a7c4850b60d8763520339449x0mqg,0,0.0008943164101242523
9,b5310019f2bbbd975c64dc11189191022k8tj,0,0.0017716542542163612
9,01a39439e7afbdcfe385eedbddb23d76zgdrg,0,0.004173820882265567
9,3d8cccb637b990ec64d662d66ec059cfn1p3p,0,0.001259265476492251
9,dfd5c9157a0a771f235c32f30aedbf84e2552,0,0.0074992262187844475
9,354baa6c4764a5bde013ea3f7edc72552r3oa,0,0.24216814838175985
9,ac494ae5acf003f84ba46f5741618a8dn19qi,0,0.0034572548261987434
9,245b584befa6a5b8c759491f5f3db580p2m5v,0,0.002074478445875025
9,408f81a85f3b31f8cabedf6ccd381961pop72,0,0.0016167641206590298
9,64e802fa8e0c17ec2ba1b6425648b7cb7ndkn,0,0.02559011885075801
9,ead2ec4563ba25a9e9d417f1964b7504teqtp,0,0.13511809924537602
9,81a6dd18d43cb3b1999176eea563b438roe7y,0,0.019772238910780025
9,28aa6c505e308e49e586e25e1897ed2axjiy0,0,0.002150950248028232
9,5a2aa4e8c227de4db26547fdc1f017cbxb62j,0,0.002108166719459271
9,037d9f10da403d8d5f94b6e2957a3702f6x07,0,0.6093612492845908
9,585b938fd44968d0d59fcac453cfb3b8p8nti,0,0.08851108585601616
9,9fada390b6c53ecb47e6f4eb4353e14f01xu0,0,0.0038032421104535886
9,e959a3ae64e28a7d3b37934c0d826867o3sp6,0,0.001855397824046006
9,3d94b376bae8dd60eea48ded36134a3962glw,0,0.0023123934279443395
9,7b93ccc9d5730b561ec5fa7f4bd48c04qudf1,0,0.14939029088675002
9,f0f21cd3d51b7a233988cb1c3c5df977zjqkj,0,0.001542634906952415
9,1680f758aecded6e25096b3a6199b38en6n73,0,0.0023552955386024928
9,a539fbaf8b29613ff0e4f3e5831aa7a5p2cva,0,0.10264298773267255
9,d9177cca9a1bfe3478cc4f11a0d57de2p8ahp,0,0.028327641331125204
9,1b0534afb7c02bb023bd4767ae73f17dqzqdu,0,0.12310443272725478
9,8c4b0d95ba36c0ba2a52f9043c62fccev75uu,0,0.0007362744189045804
9,334714f005e994d46cf4d18093dd4d05fyxc8,1,0.25747515935738924
9,570910327f5584ea1ccba92634d89832lo1zc,0,0.028327641331125204
9,340bc29eeeb9b9d04eb1fb72a1a9a2444brgk,0,0.005800303450013034
9,27cc072f1432f7aec4b7e17cf2e473f2x3bjg,0,0.9249562138827883
9,ea6c07fbbfc3f0e549701b1e7b90c4d21zfjl,0,0.06059257963740561
9,01eb9dcbd0b3e79d94020d13d83a993ec9d2a,0,0.002747671279427957
9,cffb5f3c1f4ca815d0f643fcb2f2f316beod4,0,0.1638056027212242
9,bd0f0c497ef09b5c1bb18b330d932bffktn3i,0,0.47733490224046643
9,d65c538ae39fc1a7e0677583bba5fdc6ax1et,0,0.48820599113152374
9,6c55d253787acf5210f7d785546db80dqtleg,0,0.009415480660238638
9,4a2d5b70f0fcec3ad9d8ac4b447efd6f3vs9c,0,0.01086250175232777
9,640f41f27c03aca0c45775eb918b666cnjsqv,0,0.05614495932735126
9,45cfe8744884eb207048e3cbee31ec56hd9lm,0,0.0018342773177912083
9,0d0d43ac593a891ce100d8202d3d72c3xsma8,0,0.0027865394176453716
9,ca0331fc37db2b251a012376f7b987fcma2jw,0,0.9712999148086363
9,295fbc4ef00fe0cea7947811e78bb8aez9ti2,0,0.028327641331125204
9,b2d3db61ddb119aa4e5f43e1bf72e349xr5tp,0,0.29950050881716633
9,e24542c1bd46a4a0f98b0fa95d8fc40brecdx,1,0.5387713105392425
9,9b51afa3c3a736bdf93bd1f2a7b0a0903c34w,0,0.012018476670478687
9,9ab3bca29dbc32070cd7f729ea55639a350tu,0,0.0013878205683625073
9,18eb8d55c84019b9196c5ca7e072b287bv68e,0,0.0022137927014269252
9,4ab56df4b1befe3e2ce5cd98e8950ba2psqq2,0,0.3317370651085869
9,d63671871e4010e904b9419e48781565weafn,0,0.010979844868440902
9,3ddd3eba016fc11b07c8a9ecb3fcc2975bkru,0,0.1066446068707669
9,cafa845bd657b17eaa82940d4767d9dfe9uxg,0,0.01504888666008723
9,9ebd57da79b9286fd67a53e61528cf63a1w6c,0,0.0027637178974576583
9,05c6b93bf8f083b2d0a03ffc0fc3524ba8fi5,0,0.00761186209353553
9,a664b6b42fd48403fbd34800063fa50bz6k4m,1,0.9936854417644535
9,e19f258fa5019e58974b562a8e1433ccluztk,0,0.0886549772182797
9,a99f91d51e8d9f5786dfa52e24292dfebi55j,0,0.002222332101754512
9,51d2e1b98b7a1e42b939637dc6e11381zu201,0,0.0015391838533492413
9,876b122982958678f14bb25d887dd79dun3qa,0,0.0059980369651894535
9,2819b8b2295f272f33f8e76fd344ce6bywj1p,0,0.004385457801859103
9,c1434e440370882ecf00ac52140f7adbuy1e9,0,0.0025710050829271594
9,9393cc68d0357d7b200a94fdf93ee3cf7xg5l,0,0.002586500129681924
9,be3bec53b42be118ef2a87fc40db7311k4as3,0,0.001973394394773142
9,012441119bcf83b23d4768bb72cea6d6carua,0,0.0035893105346668664
9,d8ff621bc161b09d9192c445f4b3be7b8xow6,0,0.004560641884817495
9,84c4b58a1491da3a30710bcdf61f87054xfq6,0,0.0027848638787203203
9,8720f071e045d4cec9d707c583a3d64avjyyy,0,0.019225478959945447
9,9c223f867c65938ce8623fc41bec08485xddt,0,0.0015572173311150246
9,936d542904f515ea87bab7996497b11aszyco,0,0.0029825916336477945
9,c97dda0fd2de7d82d3a52eb6c0788062h3tq6,0,0.03803178223588558
9,44be920e88377290bb204795f05a20369jp06,0,0.001686062408390942
9,8783939eb63e5eb4e5cd412d8480f3955ipxu,0,0.0007772027659135326
9,10f1460119f9e42bcccd0f68ef59cc830pwtq,0,0.0021979102836609406
9,7daf0e51b276c6ab5bd2ccf520dae106graj8,0,0.004016462824184012
9,b071545f5ad73150880c42e780d951bdzvxn7,0,0.04898319487539277
9,fb7c9b1dcc3b44dd69e42a84406117db4t4mn,0,0.009268539535016293
9,cbc71ae3c3690c89485eda3f08b9bb51rqrxz,0,0.37272461964012193
9,6b85d622dec4fff284d55895eba9969dqlhu9,0,0.017330920217688953
9,de8943f2b113702c98ef695888b7d0c6my29p,0,0.13364729942880096
9,8ac7cc6a62b82e675465e89f67ab1f962ltgu,0,0.0016463819008617267
9,fd1299f1343236dea07bd0ba5f8ca220csnv8,0,0.0016084817502415739
9,452619e019e5651a8d98e3d59a478b7fez5e0,0,0.00290862455145339
9,af9c96944265cf541b3fe734a057821a825l7,1,0.27816878884869134
9,38125387ec30412c438280af8931254dmvfgb,0,0.0018102778282694419
9,bbad48cdaa604c1bf40b59120a775794rnlg1,0,0.004515463870990065
9,4bddcd4957ff826dfd3b3efe6eb96be9aw5tz,0,0.019884973661486133
9,6e18a078182a21b8522bb69a822cc338in7rn,0,0.003200835662770901
9,a9bfa54aef505d65ec488d8984c82a7bf0fjm,0,0.10718427826257686
9,a6ec153fc7002cfd929b9f7199914cf75upgt,1,0.02480089460794948
9,4c2af41637c123c78074e46a22526298vol9h,0,0.0018888988412306435
9,e2bda091a91082b774d59f2c5b8480ebbijs5,0,0.0012868007180085587
9,4761b2fdb4ce610d1d8dd9ea50f478cf7et0f,0,0.0021023258764175574
9,1bb03cdb913f203f704caf8bf6840b6fbpigb,0,0.05822271622060169
9,1dfa6e724441ca3c913b3d40967c17b2p9xr7,0,0.0032151391976990573
9,f27321571b5b6184e86acb6203c766f2bsfxg,0,0.004981863270688366
9,46ceb58fb7a57d86a26cfa154c940a8cuktu7,0,0.8191769602067245
9,59fe751fb6c277016b7ebe3609aa1b15vhg7w,0,0.002393474760783603
9,0ef9be4eb3b6a03ac2945522964b242ap09cy,0,0.0020127965971021198
9,a1922a9ee4f9f5d03fe11816c2cc3eb9ivcbp,0,0.001997499936691692
9,d1780c224460a0c20d5c2f5f68714c5264xd0,0,0.002393474760783603
9,0cbd01c9e8cc800aabd3b3e4c618f9caktfgp,0,0.8275502573217934
9,c41f5fb84d9f9e2456a5264c79919569vrhau,0,0.006770215241794128
9,b5a92183d20e5ca98da4065c874e0b9dezbhx,0,0.2525949946435055
9,0c5992f18244e24d2d7b4708a512378729eev,0,0.14956603591750092
9,abec779131ec6bd32f5e32ed0f274400ekljo,0,0.0021187565879408916
9,dc9a7ebdb6fb8dd3267ac26dbe5a62b68e4vw,0,0.002393474760783603
9,ae15accae2164aae084aef7e3524c1fflq962,0,0.0016384229929384878
9,98a5197faba8ba72d6ee9e1c95d65d737sigb,0,0.003983395066249889
9,dc87cba6dc8717e219e9fa9edcd10ae4a2i86,0,0.0021356049342223233
9,0a7446b63f183a4928ae762ed6cd1c4b894qz,0,0.00048098885234117877
9,f3a249f6a5c2c88ddd8bccb1f8a85fe52xnkq,0,0.001566421722660059
9,d13cd9e0a7b95c0a35f3456014865230qku5q,0,0.002100729600024726
9,1dab9ffc5c6bf06e86e0dd1b3cb9ebecn5pu6,0,0.1416074515146589
9,c59f4511da2e8dfbf02668a49bc391895wk3u,0,0.027799566295175195
9,260568e07963ce8351f3313bd7b9b0e2vonva,0,0.021077989719041033
9,bdbcdf6a935f4d1781a2d33bcc4967130bdqy,0,0.23468626154679703
9,2b5a7c969ae95b239583f09936560b85g574d,0,0.0013573342412652144
9,72dbc4a9f579a9444c126a0a67118783092ec,0,0.002827627861902377
9,3cab5bd983f5be9c16789b6c14bae982nhi9c,0,0.04824142354454986
9,3105d663ef3dff7e483a46c56580a9f9kd7f8,0,0.022219615412546433
9,3df41510a5044de5438015f37dfa3443bt7pp,0,0.0026659606446614308
9,a0aeb6de8a21a5b776f63530ed753fdb34k7y,0,0.028707201117099228
9,309f446bdb138faeb18072285ccd9901gz80c,0,0.4903591504675376
9,3043fb0b4a1904222f640107f84d6f799tves,0,0.0029208780147028635
9,a2bb8b3e3ae4566203eb5b3021b4d594pohf7,0,0.0017449176570908406
9,eec2ea9d9b292a343f8ee566ba252baapagwb,0,0.003101885958128262
9,d26cca81c93b52ae3564aa6cdf33f5d5mkliw,0,0.003628538333757847
9,89291354b0939c342be97fa58e018bd89fvcf,0,0.0022899914141407225
9,8e05310a342aec93aaec69a638e83a96aqyo7,1,0.4937167328071748
9,70c31e8b3476b953648fd4f8775c1950m1uz4,0,0.0024175077930043446
9,eb8f9ca4a23586f5acc770fff966f654dy7g0,0,0.05040179936796301
9,613c7d60152ebf06e3a7dd326ba03261mnn8u,0,0.0025452218007265552
9,1afac423a94778ddf9b6c1dc0df7105cgp1tp,0,0.006382611750087783
9,c9f94611f4c9afd3a3153da9654e7310jr201,0,0.006692694332752923
9,1c950af57581698616bd9923cc94fef25n5wh,0,0.0018288116774874393
9,01cda526658455000913950f20cf31a2q6nsf,0,0.002376570473835848
9,6182daa56cb0623719228c9e576b71fcpg8r8,0,0.022502165641355137
9,24108e769a15b155bd2d63c58368ae5946zhs,0,0.0025988458174886057
9,5fc9437841f1dbbe63a3a933c48472fcohutg,0,0.0018867379347962904
9,716079d1913959ccae0307f760bcddddt6d4o,0,0.0025713308118212467
9,4992da4511c3c1b4efed3e16c7d8dec65ilfj,0,0.004026276818884947
9,ffacbed056cbfaa60c1fcf51f0d381bddr3ly,0,0.0036771469407140783
9,d3920630f4891b9ef1a8a199ce5c830aua4yi,0,0.6280892387459391
9,00a0517965f18610417ee784a05f494d4dw6e,0,0.010571020561902691
9,1214fbf35079e7afc0a35645f8be8b218fd5o,0,0.002393474760783603
9,42e631af9bd00e5e816f08eba3b102d5ch576,1,0.3341353068278253
9,b1e106943db37b1d002bcbe06b264b8bahuy0,0,0.001564276782962128
9,f9378eb3e522beef7e6a4e1f275bbe0eaboro,0,0.002393474760783603
9,11e47dc08d7fa4d1a1953b5868892f72qvlho,0,0.053000517634889284
9,4d1542974bc322859d3d099b8c5193felot1k,0,0.8256767440270991
9,649b364bc466208e559858f0677b421dbnalw,0,0.0014938331501986666
9,559bccfe60c7193963f09388fb681ea65k7dp,0,0.0027629488196887044
9,6429ef4aebc7d1f4027b31a6e900d165nqvyz,0,0.004359764970924397
9,86a626c876e7eb4be35f4f0b0a78f97a1rn7h,0,0.0021628806772570216
9,d8a4b49ed9ca241f025cdbd9637198fb71qmz,0,0.0019368235904890024
9,ab3e02a6b47b250b738fdb010dc84cd7lrr07,0,0.004826633957116251
9,bf8de839c1a8b7994d19049667548e4ewchpm,0,0.0013247848845148282
9,6a97f70ba29a04e77eb3b137e157070dc2mqc,0,0.004103360935736142
9,2b13a870a46975494b749feea0c5c7ed170ll,0,0.04548203876731381
9,a7c263f3fe4f19ff677e5cb475f7e5a3gdom3,0,0.005546685760200319
9,4ed4760782d4e2c65bee8cadc1fcdc89htz8b,0,0.003750223669421771
9,2daa71f0d138b8c2d61583d3b98a25e1mjp9c,0,0.001686062408390942
9,461c1d143120270fff5ebc1b91934951378ud,0,0.038213136719141734
9,1d69e006699adba0c79ab06f2f622445nuu63,0,0.001971227897851622
9,c503bb79d4f3522f51d348c680906c1bs0w7z,0,0.0032884743203977712
9,5dda8ade6b5d4065f3119a381516c227yoz8y,0,0.02289874720621564
9,03aafab9868455b78f0723eda86698ba9v9rm,0,0.45116030137421775
9,78c82f2e8764bc8001354128f9265efcqrthe,0,0.0023507665383819946
9,591ef8d73236d150c32716359a61ff2auk6y6,0,0.0015165498986334138
9,942af1514033a612b203ec58f7894c9fv899u,0,0.03552423947917832
9,d43189c6eef7a763b2f8596228807dd89x9y9,0,0.005996742634629923
9,d127576e329604b576df0a3248cdcda3279td,0,0.11442466345734412
9,121578435bf4136746cd2a80f1990e07cv1px,0,0.05389985420295615
9,7d44df0d40982a6651a06cf533ef5dddtppag,0,0.14254439471747438
9,8c3631460a4d25d2b21b1f92ebbad752a19ww,0,0.001585635677889801
9,fb200accdd0411e96f1b0f6d6f6d4f52rgk01,0,0.0034553627797064305
9,fd5cef3fe1217c6591500c715d71717anczcq,0,0.001542777241526751
9,100d406b638e84e2da7c31b03100b874qiay2,0,0.004764687741133795
9,c0e3343070766b359c664f93ca65040b6bh2k,1,0.012212042668823824
9,9349befb45c4869b68e82a1944f4f01377cpz,0,0.011108947231355418
9,24d4554556deeebf61510cf3e001edecu8hgj,0,0.0015998013304524409
9,8a958e0092f6ca984107ea6c3975f806c59m2,0,0.002553115200117963
9,78e59e188d9780cb8988d574f692ed343s129,0,0.006259931614348241
9,d79919e5ba11f26bce5e70f0a4f859e3e4q9y,0,0.9246691000199313
9,1df5be644b8963750305092eb8ec878ayba4x,0,0.7475011685449717
9,05c9fe8f8852ea069a93dfe39fc0571er9mdt,0,0.005393856613258907
9,4dd7f98cfffffd6f4707fd0deb4a00b5rj9wv,0,0.5871160867890786
9,c435ac9dcda855341e667d440c2ef7c6nd3mg,0,0.06805483512297254
9,baff2ce04381eb1bc4747d557bf52208vqmby,0,0.0030577430582361047
9,24029e6b641077ab7b9a1fde11a42666pkz6z,0,0.5018893408767469
9,4e22432d4a059b14d1d6a68a1feaa953k8vrb,0,0.001686062408390942
9,71c2561141c55414618d67d1a8aebac1n0fjx,0,0.021077989719041033
9,82ae4df0acf8237d7af1a790e3848645bp73e,0,0.002204797338612128
9,461b089147eb78c582ca8a30fa7581a7mflo5,0,0.006446871018706618
9,ba194af5111cfcf1dd95eb36160c728ds4kcy,0,0.0019885394023061004
9,ac2d643e0c0d3bfe8e54e5a961c6cfdb5xn9v,0,0.0011320227550486092
9,afb7618f9e3fd071d4ebedf396e1d45drta96,0,0.0024225296272573317
9,1680b6a12fdc8c64645c00ae8048f99c6uzoz,0,0.003452817053356356
9,ff181014a0d7bb534fb9a35f22e24fe72m1d5,0,0.03960431520032379
9,a945c65b19da56d0c7358d8858fe14e8ulfel,0,0.014685221396538854
9,6c021878ba6173a04d55bc1cf5544ac1f3t02,0,0.021263956815988434
9,308a5541e1206e126ef80f18cc29b7017520l,0,0.2619618090490635
9,c8a99985c7bf230f475a8e9be6a17d7a08r3x,0,0.0021023258764175574
9,7da6a36817cf2d8c3be218a32ab25550c8kg7,0,0.004311787690069102
9,c16a9bdd369ed3ec2891c46e64017560fbx69,0,0.00987584759539452
9,459ea22b6b51936d0788de9f78a3547bf4jrw,0,0.002700309075489784
9,624ae2fe9394700eae7a35806e4bafaeq9cty,0,0.004432158899800708
9,68546847f11f6415034b7e2263e8ece62p3ud,0,0.06577859454854494
9,e578807073c57556ce334044382a9b98iaz6o,0,0.023410397183333292
9,f430aac3f0f7f88a9b504bbb71322d54mct7s,0,0.04824142354454986
9,782557b3ec17063f2a36fc9193ed3200h14me,0,0.3042439295461277
9,e783e5f6b818d18eda4065282022ac23jd1fw,0,0.0029781018945685776
9,b17ce8bfbb565945ee9f289c2ddd8abbu1ndj,0,0.006157613734863659
9,a262e805f766306f4adb38211abf235akxqh8,0,0.00301898618603245
9,2012c722a90bc47f1abbc8319d0cea51p7l5b,0,0.0018877812779640737
9,d5337c2d4b58426b30c8733313eb5247syn5p,0,0.0025029218231855475
9,7bad0fc50ac7d249e0a3d8b83f68e855fcnxu,0,0.040735110078417416
9,6326299ca6a53277b2bcea07bd0b4ba8ktbqj,0,0.0011454986592591425
9,2234754e09ba15519d0104c405326fc4igk0s,0,0.005264903051275465
9,29db827ba14938954c90cefe40d26fe1130kd,0,0.001686062408390942
9,83c9359ad94eab7f4b8fd582a6db4733frmsr,0,0.015001586260910927
9,6d501ebf066c0331853f1bee9754e781obu7z,0,0.028435355490089624
9,aa3ac65055bb4b1660f4d8c1d2c187ecoqvn4,0,0.0022755956498348314
9,e704e6fedbe6caa9b434509d085f4c97nq6k1,0,0.0021730139381188926
9,fb9b1e58ffba4b38175c11e03e51e1f48dnm1,0,0.001633681980798253
9,c1850964c360c9159e5d1d0b6485e210s6uvc,0,0.002489070323633101
9,d9576f0ba8c7479eb2b26f0d15c4abfayk5ex,0,0.004757394065910412
9,37bf6f23b628a3e2b5b22ba81beccbef0efoh,0,0.15465621055059559
9,7eb7b2f6a914afba5c3d207dc28a93aed9pnc,0,0.02008123424634938
9,958de49cdd870198543313fcf574d7c4eutrl,0,0.02645835987224694
9,d7e83a95a05308d4fae6428bb9073a7bg8aoa,0,0.0017255454934767347
9,94c8c0f9c90820f28928caf5d122dabby69ts,0,0.011372552100553629
9,238808859d7752579a415e89a395500fh2o65,1,0.003349647728792423
9,1689122c3b25d9e7adc626de84c10006fr2n5,0,0.0024055264410970906
9,ae37c0f4dc6e3d99f5b0243fd18294cak7pxy,0,0.11767204814048357
9,9be39ea5a0612fae7bc43a25a6d10856l3qaj,1,0.005437816117996087
9,79794d93380946ef72e95f55b4abc008hsns6,0,0.0021996743358398668
9,52c441804b89bc20e4c8dd625bf163f27o2zb,0,0.01504888666008723
9,93e3c34171ab65e0b031dc67461e48b478u36,0,0.01272280387108932
9,3c77ec9f79f6febf630325ef84f2a0bcl3qg1,0,0.0031160451602196336
9,c5c8a28a166913512f5bffa6a49788c5b0uaa,0,0.002505416898940566
9,6c3bdc508c20f2f3871766cd73064c8cib3xh,0,0.0028472778184648923
9,6b0d09889ff4889deaabd5f15b3b34f1jxl6v,0,0.0024163840141269853
9,9adae18220565488f77036be41cf71beiepqk,0,0.44017157203817614
9,400e8b5b5447b4d11e06a8bb0754d8d6l6xoy,0,0.04824142354454986
9,026819504b59bc4eefb9963d5fe4271aql15u,0,0.0026343250698773746
9,162886daa0054ff1ad422e0f18cddff3qofft,0,0.06157006498731178
9,603d769a86a359a0d41118b47c0ab41fx7kz5,0,0.0011802234630740962
9,dfb23124fba16b7778f65c1c8d091f949jz0k,0,0.6280892387459391
9,1bb7a8c04e70386f5496322158e9fc3ef6d84,0,0.002334493839579105
9,4d6fa52e125a18f433db6e6603b58ec7k1key,0,0.012264454382209721
9,50859deae0e0a599efde1725cde3a8b8dw86a,0,0.007833152579168284
9,0030a2dd87ad2733e0873062e4f83954mkj86,0,0.6280892387459391
9,0eeffc5039b27a4dc2e420eca75b1fa55rv5q,0,0.001650677977599011
9,664adb319c2be43104b6565a8ff293dea0f01,0,0.003440558668723862
9,950aa0150f419cd6361bd3c500e6e695xfljo,0,0.0012565981897871008
9,bf190f2cffc1a77f0957f8cd1c98257dofy08,0,0.025129959635777025
9,f268f61e075419e5a001b86ee78557e2kmg14,0,0.004458011172961101
9,106f4ed8e9b727f8d94a1cd57e882a095pteo,0,0.0017666035356259384
9,e8bc0150097c1b2b8b8c374b69e0d3a6mxfcm,0,0.0018877812779640737
9,874f882f7efff96263e9b555415aac36dsxry,0,0.0022338034095379946
9,9f9dd5c179d357b53f145ae1e5cc941f5qfuy,0,0.002060236167724564
9,0ea26a4028ffc16d9a8631d43e1b92105auao,0,0.01587584212254355
9,01c1c7be49cd6cfbb9075925a05c9899p41va,0,0.001788548184775366
9,e8581ec94cd4d5009ab6b36c6aca9f0cp3txb,0,0.00848778301712136
9,eb27d8daded752fc0d1c828867b0f118cswwq,0,0.0018454372720681908
9,90fe8d6fc0bbe4ff2ca7833fe51bddbaaibof,0,0.03054554795164123
9,0f8cb1baa83fefac10f885f79149bf13kn4nw,0,0.004630874220503752
9,a8b8959fe64f490d32fc15a5d1144f87qj9ai,0,0.0020940439649729838
9,332ef2c7189603a497fc89345ee4f5605i5xw,0,0.02532961209530615
9,3ce8aa0207022698b6d0eef09c89b381jzqi1,0,0.01044519854761168
9,167008af05d4feaa636a565f6f83ec61a6ogj,0,0.0025627254038926113
9,8725b0aa1a32054450c16b099328fbcbi71gi,0,0.0020397133291084513
9,32d2ce86b00693f0c26314e3cce2438dvxbt3,0,0.2619618090490635
9,8b109c0aee5ed07fc996e73d28e65888o5jmc,0,0.06577859454854494
9,04c6b750b0552089c87ae03de72289cfcpfmh,0,0.001997482238473149
9,c353286290001e0943ed9bb160145c42etrf8,0,0.009415480660238638
9,317d3e44b2bcfdd7293b84f82f44b8e31hx1r,0,0.004385457801859103
9,34914d163517a0cc4f0c971afb2352106vsvz,0,0.003126054183112098
9,55abcd1b00c6b5b54633fc7e98f0110bwoy3v,0,0.06085062883154915
9,bc3d08ad6ac94b8b5ce40a29b59899cakj3p5,0,0.09809391413143397
9,e56f611f1157381f4b689ab34b574e791qhcn,1,0.9335129448667873
9,76f17ce227e593aeff456fed46e36c83a3j72,0,0.1518535520005398
9,64f6b099082e4fb2e8da7ba4ae9abdead2cej,0,0.02625557684576904
9,429b876aa7e2d6741ddf322685363ccchue2v,0,0.002657436917738426
9,4694d67c21e9a2edd614e717aa3f4dd2e0w93,0,0.01504888666008723
9,74a35c4376559c911fdb5e9cfb78c5e4btqew,1,0.01504888666008723
9,6f07ce71625a0c57aa5c0c05071cba164jmba,0,0.005203682940743623
9,353d05bfefe1dd96d3335575ddadf310rgnrr,0,0.0015221626554547908
9,1a09feff347553a2577983d7c742e3d6l2hfo,0,0.3131702402166841
9,70739399d69a3b7ea9e72742dc728742zp9uf,0,0.03552423947917832
9,628156f3bce703aa6bd275089c6c692499h1q,0,0.6234983524184272
9,470727c18798cf0e0ecc2a0dca207cafuena7,0,0.028327641331125204
9,39b501f37dde9b055d627394964d3260qiktx,0,0.004347792005768983
9,dbdb69d0032b0a251469107dd565b6c7irr4a,0,0.0026075045511998575
9,40f2eaf03624a31952397644f1b79a6fvtfjf,0,0.14901522842040968
9,6c8ffec692e88d81e1b18d47818abb04v6llr,0,0.0010835634674085416
9,13812c0d2c8c474bd62481d932407687o26kg,0,0.004701707031080544
9,283987b9f1ffd4514757483ee1f01351xd678,0,0.34238964082044265
9,a116e727a3dc0b69f5e7ae14d0ab40d44breq,0,0.0019595194847438265
9,56b55e6ab49a4cbe7c76a2bbca804089pjq0g,0,0.004281070670951884
9,baf1aa59ebedbacea2ca418c5aa83888imys2,0,0.001685130363433466
9,eef111bfb93c213c174947c69b2f2b38cr2pw,0,0.05336641195123609
9,74cf3a0c5e4f080415888bad2f7119499lh63,0,0.007879760866154346
9,d31f6cdaf4f8485190b4ea588f8c1733y6qu9,0,0.009415480660238638
9,81207d4ecf830fee924989f4fe1eaa7fntkmw,0,0.002512219013053276
9,fc48aad7a51d965595b59550e08b94c670k7w,0,0.009415480660238638
9,acaec0b9f72bf4ab4318f3244344589b3700a,0,0.0019257249689418516
9,37bb1697e1c3922a06c2d2ea4138a4c8s6wgk,1,0.8281774995170649
9,dfa7ead5ef84eebc79c67d3daac340b0exa41,0,0.001997499936691692
9,19033960ac23dffe078a1217788bc720jvjbz,0,0.0048812949424312975
9,0c55920fb607fef2d33324f33565758a6e4dj,0,0.0022621837169606498
9,67a1b129ca241c51d0abb5484f8eb3fct8o5c,1,0.9041407830707875
9,99a3bacd3eb66c909a02b85402ac38dfskz65,0,0.001963560783554249
9,ffaf0a972a6dcb3910fd6b16045781e2ava5y,0,0.0016158703213651868
9,eace2a2890644d703c619fff7e41a9a16k7lf,0,0.0019324866281993818
9,4d2fc319ce6c2ad370052e0f6f2b0a1dxiyau,0,0.00501507427332983
9,0a92c4fa2bcdc8e952546d236b322053o5wbk,0,0.0010271838320006785
9,681b4f9dca9e70441fca4a58c05b0f50skmir,0,0.001210959047578419
9,c1859303603734d90d1a91d80977e14echjim,0,0.29849795868893364
9,6ca1de75674e78f9d3d63fd96fbe6e172t86c,0,0.006026782820915844
9,a639448bde9a72923b70917e82594fc66sa2f,0,0.01041773511775549
9,15b1e719796dc894ecde30f160e7ae20hrmmh,0,0.01504888666008723
9,a4e83190edb97fefdc4a6cbfd00f41fbm7c4o,1,0.9318547276988347
9,e60b306c01cf0c0be5c7d54facf927044g5d2,0,0.06587195459150347
9,054b51d059fe981ca8cc4e0d4c49aabb5mck7,0,0.15738569927212895
9,ff4e39c0be8af4b17a73dcb761e4bb6dmop0m,0,0.0018697947200551918
9,964028ac24d4ca16c4b63f64b06df1c8ltrrl,0,0.00016664100632752643
9,e49dfe2adbc4b3789f67bc044c231473clc4d,0,0.02031779461612533
9,b4495464d4503ccb8e696994059983c89g4lc,0,0.0026852288300861144
9,bb4af76ec92ce75e8abe9a6a481d4314jyo16,0,0.0733758123854251
9,0ad17aa9111f657d71cd3005599afc24fd44y,1,0.6932035025294012
9,4089a2b7f26e5c13a7f3350bd52ebf8fh21nm,0,0.3854919857046472
9,4566ae63ee93ffc6b000b5cbea7f6a8ehbg00,0,0.00923971488031224
9,1870650d20a97db60ce4133bb9352b69h9phj,0,0.004202369978569466
9,b217ca4cdea62a3977481e398d2cc9bd4sxht,0,0.0021195743496672213
9,b1c9bacacf1f33a8fe48d1a4ae4c761bcltiv,0,0.10383314166341197
9,6ed19e45dc118b78a78f25649aaaddbeef7e4,0,0.0014934923741099903
9,8c339df2050a428c04a1c2bcbfe4a143loj8l,0,0.0038342781193582637
9,537f38e5fcf2656968e0a1752dd494ba8z1jc,0,0.0015156083245692954
9,7d063aa96e7a065ed5ff9deb7c851bddhrxdj,0,0.0025516975538547493
9,fdd6944b3c3caaa7d1234ecfc11f8d080h90x,0,0.002795641329312417
9,4c93ba564461b1412df6f033c8ef71e8ck438,0,0.026468407623164467
9,5640f30464bb5a7bc6e98fd2873fc25dh78hp,0,0.01504888666008723
9,e54c3b01eab75ad3a616d56dd06ebef758ua8,0,0.002648218252174173
9,6c11cc7744fb52a632306ca8bf966cd1e4zxx,1,0.6760737100869922
9,235f78b13fc87c995c1f309403ee56bb54tu5,0,0.01664562684077045
9,2b5c4051f232c4848dbbb477c5ad7f389f4b6,0,0.029419466219521486
9,11d5f6925da5809e2d447788b85d6253jj8fu,0,0.13462328611827
9,3fe1dacbdaf96fab0c213e218968c518twu76,0,0.022401901000084306
9,2baa5a9ec317cb21a11d83f6dc72a2d6xy9jb,0,0.00588456800765231
10,1c5f4fc669099bfbfac515cd26997bd12ruaj,0,0.0017191306302289924
10,88ae7a35e374a6fddd079ebb28c822eeohwse,0,0.042295679168656085
10,fa64831ab5ade55daee13f852c16b0a84ujt0,0,0.05968067019018287
10,1b26a52e1e5980c8487bb35cf5027fdfwfnzp,0,0.0014012752967630022
10,c0549e76b179912d52a28c3eb9b29376yaxvu,0,0.022550551018252353
10,38e919293f5dbd62d87ce288e41aae2a281m2,0,0.08628139205838686
10,d91a4421996dcf429f575e372915cdcedae6g,0,0.1406954344208313
10,880f542a275df1251612886d408b32e8m96cp,0,0.0035182489607288674
10,5354c02817e47f28e60e44a40ca5e48dll4sz,1,0.4788171226997179
10,29cc13d48af9832e0eb481c8a095fec7mom74,0,0.020663841458771145
10,a1f4d216a1a92507d97166151d7c9fe37bei4,0,0.0033760992074184154
10,9434778d2268f1fa2a8ede48c0cd05c097zey,1,0.7992671028410079
10,e97becf0d4632035ad4cd5e65c827d6f0xawy,0,0.0022370788444009393
10,e98d8f348b266653b6784329782fd2e91vu3h,0,0.004075720194214359
10,ef24ca4be7ccbd6ec68d4ea9f47c9e8ex1g09,0,0.0019689682898081373
10,e78cb9678684d649453cd5e1e46baf462lq87,0,0.005440794670024034
10,68600b8922561fe26b8b6acf1d11efdfb24k7,0,0.6951039258631859
10,09d71d3e6a6871a7598dc2764c5bb4ffkz6mc,0,0.0025012115745174815
10,af98b7d5a7c1ccd2968252a2fb1c06f69igbv,0,0.00114349027178666
10,6ecd9f4b332eb790dc933aea0a1528e2qkp4y,0,0.011782043264920196
10,4c4431ec9b6e683bdc5a3118d5140105r1nas,0,0.04989253697712656
10,1cd8d86911413c73e92ad1170cae68c3pocsn,0,0.17741740905012626
10,1e342381f2c64318a51a9b71d91897f8dv9ul,0,0.3923373541972147
10,6531bde8d4decd9708ff4407ef95e887a26yi,0,0.005440794670024034
10,ff58ffde976a4899dcd89597a7877e18lntgz,0,0.24783159395931484
10,758bd601d6700494300ec1647682eb34vq1zp,0,0.0032549971403144375
10,03244a553a252dcc3a3037f0371c8d33fmpd1,0,0.003009629294813999
10,461dc3d03d1e28d52770a4d3dc7db34558fcg,0,0.004623509591346039
10,48117c1e2b56cfc8739f83683e01d9b2aoc66,0,0.0021025988984240563
10,75c4518eba20c9299a3a836d9905c327w6j8b,0,0.005440794670024034
10,47e0637718480102d235233c83661a7850foh,0,0.00580810471010094
10,3b233dc399f175100fb11ff9c66fa5b074z60,0,0.5236102718977922
10,8c2bdb9dd878a811701838002627a056be0ce,0,0.5894624622212159
10,9653f425ed82418570fbca890f7032b16sjjd,0,0.0014144518611277663
10,3edae72a9d44c43524c0203ce38581d1790xh,0,0.005440794670024034
10,8d43ad48f315364be4d979d2e9d5ee67quqyi,0,0.003572283385834533
10,10383b390780e7b4b03dc32c94b4973f66wou,0,0.0017938778810233352
10,20ebb9de648c6df989f04d07cf273c7b3yu8c,0,0.2598487523781325
10,8126928a319468b6da5edce4097d2398xwita,0,0.030916488661561405
10,c7d335bf99b9c71fb22797ecbd78b92ashv4h,0,0.021112478967106437
10,ea0e5f7d93f2220a62bde8067f26daaa7oxgf,0,0.004018845391850865
10,72dd0e4788d25f62cc2ba942bb9499dc7quqj,0,0.0041122818895670136
10,b8e47f06aef714b37073e72ac40a8100mew9c,0,0.0018903694577294481
10,50791a0a98478b7f78f8d30acaa4683dxab5p,0,0.006249370958534883
10,f46cfa9acdb6a4c419c70c19be4ff9523uixs,0,0.0018937985864385576
10,7339b024b285f99084bcca768cce5c7e0h2op,0,0.14535402338474532
10,dfd5c9157a0a771f235c32f30aedbf84e2552,0,0.014383578284117729
10,62ac0de5f8776ca1d189297bdea9a64cmewb9,0,0.009326544361201785
10,99bcfc00be736e03facf0afeb79ac533cs7tp,0,0.10487645445991686
10,82bec02fec2f08899489d7a5c35a30a0lbszo,0,0.002533380940973597
10,ac494ae5acf003f84ba46f5741618a8dn19qi,0,0.00526639129954166
10,ea57e35acda9a8f8b75f4d9bc049f74d7qx3t,0,0.02503973196019759
10,b64c209b3d1d91a663d134961af89125u0s9a,0,0.006376570060211671
10,0565a780f2c5b46837bbe9739ef15ea92fdu0,0,0.06547501006072974
10,3d281a78c6a116a91baf9c8db22b56bazer1h,0,0.10780231895891651
10,81a6dd18d43cb3b1999176eea563b438roe7y,0,0.024553798986886782
10,a8561bec318a7d3a0082b35b086b4428wekph,0,0.011608830468256276
10,ea5948061b2059bcbd900d3ae7e86e428ae8g,0,0.14901080192659913
10,31a301c70e897bf36276031abdf07ab6cs6z0,0,0.008559091130268454
10,a7454ee6fbb69c4079caf5b5b92574abi6pyh,0,0.0093416208255887
10,c08e5e3325e2f4fea171f24ca018e675we8kj,0,0.006376570060211671
10,33a7a0121e28cca4e42494dd0f5aa03fdhlm1,0,0.0017930986850318166
10,9fada390b6c53ecb47e6f4eb4353e14f01xu0,0,0.004699458248921642
10,f61d93fddb01d2d89a85a132c649aa90lj1z6,0,0.002718738358749811
10,76a8a9566e21595a1ac06cc0050626c1q7a83,0,0.0011393345206508344
10,26190fcf0babdbe0b0d903f325c52873tpj7e,0,0.05588924135676925
10,c69e65de28937ebe1b94e7785afd94158thqk,0,0.18750985730334238
10,c2d1b8c1b7a9c8010f5b215e8aadb1d7gahpp,0,0.19168697797973464
10,e22528ef6a439aff5a8b19f8c9b07c19fyzs6,0,0.007201474187751271
10,334714f005e994d46cf4d18093dd4d05fyxc8,1,0.24202868629537447
10,340bc29eeeb9b9d04eb1fb72a1a9a2444brgk,0,0.007366223112724021
10,1e1c9332e90c1cb0f01da223bc043c528cvwo,0,0.0011683550938598793
10,ea6c07fbbfc3f0e549701b1e7b90c4d21zfjl,0,0.005440794670024034
10,74f153bd134afc92866a6bc5cceb2088120y0,0,0.006376570060211671
10,c755d2832026bc2a6f5d2d6df5740f06mr3nj,0,0.005361186189958526
10,282fe85277f7c07b0ffbc5fed621a02ezp1zr,0,0.1847373715665317
10,55b39a51c925bfb42fb812ebc5fe318emsjjf,1,0.653015488422031
10,e1b1c514e1b87826fd045588f1f3881707cyy,0,0.006877087890549844
10,ca391c857d7aa75a72e2d7c3133e0d6ay9pil,0,0.00894061949142637
10,dc752fa41d974bf688d25ea9d18e9a2eit904,0,0.008077286538937436
10,7fab82fa5eaea6a44eb743bc4bf356b3tarle,1,0.005440794670024034
10,0d0d43ac593a891ce100d8202d3d72c3xsma8,0,0.003400762190494958
10,3d54d594ffba32e8d6527a688e7227e30iq3k,0,0.005117637062150082
10,b970a53727b2bfaf02079779c846a52fj3f0q,0,0.001286813068483424
10,9c0cbc0fd8a6c22ae3648801ade080fek6i13,0,0.03970175088343786
10,3995d9ce0cebd62d77cb8add067d93e15oezc,0,0.0013573027572810032
10,e67abc3ba39537cc640678297a7c5bfag490k,0,0.08877740314949188
10,bd8bd6cae40abb19b81b6b6a7775f63e5tk1s,0,0.003304625190419974
10,a3ef8857f2e33ecd25c409622b4e3ebcij8hv,1,0.9711402356563003
10,db5e9f85e7d180f7d952f12e5dae5900q9xif,0,0.0034519459717509172
10,8b809e18804865ff2a2e799c9a5e8a48mtxdh,0,0.179364558598027
10,5d02346d70f11cd61d9fb955846ee9bdp5o6k,0,0.0016678099799648258
10,9b51afa3c3a736bdf93bd1f2a7b0a0903c34w,0,0.010553785317245363
10,6b9a3d480add21788772e118e6d51ed57e3w9,0,0.01042999039918889
10,c2294751630e49a4e594dfd89383b271qzp0m,0,0.008249610790794358
10,4c2699de8bc9516b09c5e5c8bae6d6c6xiry9,0,0.001460323610573637
10,4ab56df4b1befe3e2ce5cd98e8950ba2psqq2,0,0.3750374251868484
10,6533b670e02ccf583288ba7c8f5fb1carmirt,1,0.964908469708544
10,55d0b2506cef6464d799879b65c6ba29hjcv3,0,0.2791604596294361
10,b7efeea5ff94a281635ca2f0f7e8b3ca4zykk,0,0.006951733784519204
10,e5fd2ebbf5bac9ddc73ce524e1b33c3akti0q,0,0.004382681369057789
10,05c6b93bf8f083b2d0a03ffc0fc3524ba8fi5,0,0.0027205346186262723
10,c0d065cc8cb585f027143f2ebc6b49f01g1wr,0,0.00566589084187926
10,20a2d48ac3400228e7a0296aaa596a0fvckdc,0,0.0008538240514061251
10,51d2e1b98b7a1e42b939637dc6e11381zu201,0,0.006887984844404709
10,061690ceb6004807b7906968bf382dfcbve7y,1,0.3631790964724933
10,2819b8b2295f272f33f8e76fd344ce6bywj1p,0,0.004928780131500413
10,9393cc68d0357d7b200a94fdf93ee3cf7xg5l,0,0.0011042744929944124
10,0318e0a173f7c65db40116b903884c854x258,0,0.09906606804081185
10,6767cffbe2c0957492aa451560655be3hjd6s,0,0.08817709626304934
10,8cba56e5e7c2be942ea8472b73f0842fil1x0,0,0.002290230975740965
10,84c4b58a1491da3a30710bcdf61f87054xfq6,0,0.0022509248076349004
10,dd7292cdbc81ebfb87945d9ab176d679gepf0,0,0.002092500323138127
10,e9c8ee7f783723fe8496dd35232d88f2or1r1,0,0.22743130178217608
10,3d48fb12020c1a81a65fdba2d75caf0d6q2nc,0,0.01164512443969577
10,272a9183c10d9e80eda8ccaf6682db71203nk,0,0.3358495086153386
10,9c223f867c65938ce8623fc41bec08485xddt,0,0.003675890378206677
10,10f1460119f9e42bcccd0f68ef59cc830pwtq,0,0.0025212786505598795
10,4b3e6a8a52c413a32f76a6d7a84a54bb8gb0t,0,0.006376570060211671
10,4073de52fb5c46376dc3cac6b2f2cecdxyqjg,0,0.00228412778268408
10,2db8669a6d21a5c8197d4287ea32b7883gv5r,0,0.00203784520578585
10,6393f55c093e04e6e608e1ee8be9c3e28omjd,0,0.004907368997962199
10,aa7e36069de119ee3ad7c4d8c925fa3ekrs4i,0,0.005290676184388039
10,9d98d3f00a0c0bddf35470b0fb735fcdhiriy,0,0.7558489942899587
10,4882587d42b3d7d8d7bec4315203f10bl2fts,0,0.005440794670024034
10,bc7722baf876d0735ddc885691eb687bgz365,0,0.31777622575371656
10,a9062f1d7c589bb01ee0b330ee8791fc702il,0,0.8181978410245841
10,34cc283e180fcd4902ef8758714c6d83th4nf,0,0.006284542563054118
10,a283eb484c3245e5b12b18daccc075e9g9xk4,0,0.04007114308048147
10,73d4cec0ad358d272d757e0fce8440d01fvw8,0,0.005440794670024034
10,b1410ac124aeb5ef6b06667786feb742tijnw,0,0.1323666844791042
10,d38b2db568fb71174bf883554bea939ccts4m,0,0.00274489752959302
10,3128932859bba46f57cdd19579c42e05lif6h,0,0.01383289038296777
10,48044b1b1f47f168864bc7c4a58a65ecmt187,0,0.004244954998939166
10,4c2af41637c123c78074e46a22526298vol9h,0,0.0010132458718417434
10,3d48d4b09fc7559bb6c129fb65c133808brgv,0,0.06592970496083092
10,1cf0d30e0bf9f4a536b1fe16ecc26cd22j50c,0,0.3305465087366187
10,86151544b29ad273209ec4605c257b089z588,0,0.014442666231446176
10,a4630d8b78c796441a1be187f6907b11c5eu0,0,0.003163142198131141
10,a1922a9ee4f9f5d03fe11816c2cc3eb9ivcbp,0,0.0016678099799648258
10,d645e4b8b043a18bb1c8689572ad4fe16q3np,0,0.002074485012322589
10,f9ab998f3adb944a1cd1847a097fbc0bw61nf,0,0.001399984097615029
10,0c5992f18244e24d2d7b4708a512378729eev,0,0.02736385639213597
10,e4264fc4dcd5f917ceb002d860441370s054e,0,0.008758885243185919
10,18bc9dbbed75b55f35ec4be1351b7aa86an68,0,0.0010472665830207045
10,abec779131ec6bd32f5e32ed0f274400ekljo,0,0.0033938443629260256
10,bd0071b98d9479130e5c053a244fe6f1muj8h,1,0.005440794670024034
10,dc87cba6dc8717e219e9fa9edcd10ae4a2i86,0,0.001617488476588724
10,0a7446b63f183a4928ae762ed6cd1c4b894qz,0,0.0023888996452233954
10,f19531503f1485a3014189a80971c6fb0d9fu,0,0.03699257790243331
10,e561791343f3564a6fc612a98b5f3df34rxok,0,0.005440794670024034
10,8acae9b2e5454fbd92fd0b3d79fe89ad6w2wp,0,0.006228531297650769
10,5b1bc916ca111874eda3bbe669957cb1d3mck,0,0.0025892749414904745
10,b1c2e7ee5c69722df6233541ad5e784eutiv2,0,0.007167226122685167
10,bc3b92a81586cb726cbf4d5b418fee41o20sj,0,0.003425357986735758
10,44c38c27b9de757c8c7c05cf07b7e3eb14qpt,0,0.28833814311282524
10,1dab9ffc5c6bf06e86e0dd1b3cb9ebecn5pu6,0,0.12725257163107148
10,9ba7cbcf531c20ef7cc55a6da5c0654evwt1d,0,0.05444745449281534
10,c8d3fc73c1a41bf92a5e4982eb6cf78du8gg5,0,0.002099471524139059
10,ccc371d7848a80bc31941248b9f49b95hn694,0,0.004911650015983225
10,260568e07963ce8351f3313bd7b9b0e2vonva,0,0.04007114308048147
10,213a7fb31eef8b38a23ad6b0bf2c7fd0dx3vk,0,0.00237801443527358
10,511a640e38bf03022300f5503cceb2cd3f361,0,0.012227916410337585
10,d3ab33e9314c95d6806813171f292299tmprm,0,0.001617488476588724
10,2fe472c1be232dca314d4bdf0fa95165rjv69,0,0.35765378950404225
10,bd29e36cbb063cbb96ece76680ffd9121dy90,0,0.0017577654495370225
10,d2fe98eb0fa21252956184a98138c58dwp1ah,0,0.004341097351149863
10,5c2b3f221cdf303df86ff1ffd7106fcco6pml,0,0.5394672603258358
10,339b8ca3185dcaffbc3ebdfd960020e8es0as,0,0.0032538074161568135
10,cd35a3230456d4a245806e476c63e9a1evu7i,0,0.04989253697712656
10,ee5afe7f268aaa88598545df890f4e5fzari6,0,0.0013490993289810606
10,613fe9b896ce3801e40212b3c8a8053c1e8nj,0,0.0064424961690999726
10,23f9a0e1492c4abf375823266ddbe36bzukj3,0,0.0009089374497250417
10,84c7bbdc12233f88f35c2c3b8f178803ta03m,0,0.00538329250130412
10,70c6727cc40fdc6f752b28102f31a38b883io,0,0.003913879506188012
10,42025aabb56a61f3bea90d27b283b517dyk4t,0,0.3207730844863037
10,99ca795998fb781a42d85f1abeb50482yzffz,0,0.5457800572623263
10,3105d663ef3dff7e483a46c56580a9f9kd7f8,0,0.020949998167754395
10,a32cce991a2f597f6e5a02605119f99b1dyq1,0,0.002853002664097252
10,0817731a4d2e319f6f771da3f522b8bfv6njs,0,0.9511500585871046
10,047558bebab9292a5d4c85d6ee768784j2hdd,0,0.011177336960769614
10,dd76fa7a75bd0e1921f71d255a8e0853l4lbi,0,0.008088131940086401
10,3043fb0b4a1904222f640107f84d6f799tves,0,0.002743072281695859
10,3ee7de4c5a5e31b7b407827ae1370f70suenu,0,0.0018468192789225643
10,4dbc8d336dbe0241c9bbb0f3630f25059yo43,0,0.010716313021208762
10,5bb3c3ff71ef6560c7600c512128ffc8js7py,0,0.04595069008526404
10,6feec0741a319299c78c47040893399ebas6q,0,0.0005873130198999886
10,f3bb3c26162cfc1b8c3636a7ba126010na3n4,0,0.017814230701564314
10,95efb775460080c0da57e154f27876d75xnsx,0,0.0023259760328364935
10,d092609f5140c62ec64ddd7615c25792qgdrd,0,0.005485234605920047
10,6e848149cabc4434155aacb610fb20de6vq5b,1,0.11586302755670955
10,fe19fadb955fee4c5fcd0e30e56e1542kx66p,0,0.00917367417140021
10,36f52ad1abfd307b73c9b69cd5197dddmmxgr,0,0.005008025053611555
10,9e25bd3696b4e1775de205d2d4698a0df4s14,0,0.0156724973092201
10,c2f592fbdc8980229367e1db4d0f7a51my54g,0,0.024057150585487196
10,8d638f6da12614d6b369249410c3d278n8qme,0,0.04595069008526404
10,9375e98d0810ce9119ccf45300249636zfpd9,0,0.002767927688228969
10,1c950af57581698616bd9923cc94fef25n5wh,0,0.0017640475092742221
10,92ce3c44edd41ad3222481daac1ead35bouwj,0,0.001494146143282596
10,b729f60d26fde89a01f3fa89759d6b07t0ec4,0,0.004279452458997264
10,c7c854748038ddf37b8a9c4f5a28073fsut8p,0,0.03941726003920025
10,bcda2135a2456d611876679b61dac500vs7sx,0,0.010385873359653065
10,f5edfebe95b4f637d1bcceb892b73dc7rhn7l,0,0.05372504079735329
10,9685887173cc2e1e5ee3993832a4b153bfl9m,0,0.001353622884506305
10,5aeb71cdc92fe5d1c4a4e127d7ca7783gzje9,0,0.0048348839767419615
10,6ed39d7c89fa2d423017cc9811f0c469i2157,0,0.005613681326948137
10,d92c8c2d4c29d4c785431a8b34ea135awepbr,0,0.0033595450298168554
10,fdad47d27b793b74470086c35333d4fepycsl,0,0.0019096276921071933
10,83aa7c2c8c018888d9ebc6daf63bddb6f2i0d,0,0.0011785835944195424
10,1214fbf35079e7afc0a35645f8be8b218fd5o,0,0.006376570060211671
10,17b41c48d6f53585c7bf3b65977eada0yxs8n,0,0.0028724507598198593
10,42e631af9bd00e5e816f08eba3b102d5ch576,1,0.17742165966105777
10,49eaad86d095aa5af75ce34e59e4b7f1mmf9q,0,0.004668349843765659
10,e7cf764619380e5303089f04bf647f10thebb,0,0.010833569418311846
10,ec3b2ff6f725e847f93285bc9d2b7b3dvcd4u,0,0.0018085473382324082
10,9ae9782ecff93ddf1c6fa13d711b9fe1gc266,0,0.08580773185971939
10,559bccfe60c7193963f09388fb681ea65k7dp,0,0.002592673795075575
10,90fd7b3c991701dee376daeb09a0a5b7kawse,0,0.008601796966710333
10,7259271b61d2f05200eb2e1ab1d2ec911jlaa,0,0.007366115152582912
10,96b7bb4238e7ebb439d81d63db4c2796aoofv,0,0.0034523488013722264
10,18076726ec814a6f56da2cb9ea89d105j8vpm,0,0.002297716028774815
10,a7bc17dfb615eacffe397be5b2c2f3a6r0bb9,0,0.016860262409936887
10,cad9c97e99bd5753be98edd9ad8ec8c8c7r66,1,0.7429161831245431
10,5771ce26e8b0fcbe7e90106955638b251qj2w,0,0.04989253697712656
10,3e9180fdf158409adc96aceffab6e00bejjah,0,0.0013591111439575695
10,e90e4701234b13b7a233a86967436806wqqw4,0,0.11458119912611098
10,0825d381aa09d1d0c47c77c372f07acbe02ky,0,0.01758596464968306
10,95af80db42edfce4e937550d60d79561punym,0,0.026145412839589294
10,adc548d88b9a307ce0b58a0d11d3ae14gcfon,0,0.027569783689177414
10,a96039c7cfb1d040ca978ec5e66ee2c0sb5ht,0,0.004252803664913399
10,3318a824cfbd3d3d177ab7e9520b21cbsrcgr,0,0.0017687334646910161
10,26508777dcd84df59b467a60d9f18ca1pvvbs,0,0.06374390114949596
10,f069e2e45ce316168a94b972c5b7d6b0f342m,0,0.3750374251868484
10,591ef8d73236d150c32716359a61ff2auk6y6,0,0.0007782876552538394
10,121578435bf4136746cd2a80f1990e07cv1px,0,0.04912136243523488
10,ca68a41b3a4062f154dc1ae8456cd792d6kp1,0,0.010717336662729051
10,eea79e1bfc21ff1b9572213e540e1252s5iuy,0,0.0018344322980567442
10,870932eabebfc108296437c303db6055kc3t4,0,0.0007804694319865534
10,c0e3343070766b359c664f93ca65040b6bh2k,1,0.040444957465564806
10,d3f595832d80988c2016aeafd125d8f072r4h,0,0.001844331249037571
10,f8f87e237833c3279a953b785653b0e5qka8u,0,0.00567933149423992
10,a0420d3961adf890fccf4b43899708f6h40zs,0,0.025335018810349937
10,21c5f4fff051adecaf1b080fbf910ca3dvi6a,0,0.009315764385802115
10,655a95d80489d145052254616787cb84fwqid,0,0.0031031269192744885
10,1dce9aaf9d6b9cba38f9c7489764fe30nlrq2,0,0.0022457272765578126
10,1df5be644b8963750305092eb8ec878ayba4x,0,0.7961817048441877
10,5c2e85ba72b9e9e16f77939fee7ffb5eivaqe,0,0.002218359766536844
10,4f57e657df5ee5d9207178b4b6858ddak9ouq,0,0.001549590456854978
10,fa64fdb8ad70e86efbfc31179e93e99egd27l,0,0.06989370571084196
10,a3d0a600cdb44f03d58f27b19247cd0d4az4k,0,0.007498823352597114
10,87c5fcd8d9582701469f94bff3cc415dvq4ia,0,0.003024674901884151
10,8bc48bc2cd0ee494e55470a7ab0814c12riuf,0,0.07126036406297821
10,baff2ce04381eb1bc4747d557bf52208vqmby,0,0.0015936018402724472
10,1ba9422d7a55aa5abc3ff37d1cafa9f2yds7i,0,0.132887316117878
10,cd9a7b22d85c35845260cd61a4b65cb2meyel,0,0.005741281464883045
10,24029e6b641077ab7b9a1fde11a42666pkz6z,0,0.4259822565806859
10,36473d4c641c4c09c20c80e2ab35a36dwzp5d,0,0.0017191306302289924
10,2b2ee7d0ebdf910833b5cb173c567881jt8sj,0,0.14801606605489992
10,461b089147eb78c582ca8a30fa7581a7mflo5,0,0.017812108915603208
10,c34e1a988fb471e9eb8a5e84bb8ddf90k4hng,0,0.17454300308987275
10,6c0030ed696c4156b6ea3472374f6b54s4ih4,0,0.012424734355263697
10,50dd191676497345cc95d8b9f7284a7371z5s,0,0.005440794670024034
10,25f59f9da43b6806aaa125fa61974591sacso,0,0.001964508190514041
10,a961ba95d1685705953ace49a29424e2ld1ek,0,0.009651572654108334
10,45e4c7fe66077b5b7b338f19f476f9d85jlk0,0,0.00424659969515657
10,f781d7cab96d95bcea507cdd43b24255pw0dv,0,0.7314464092692357
10,ff181014a0d7bb534fb9a35f22e24fe72m1d5,0,0.08719438058434928
10,a945c65b19da56d0c7358d8858fe14e8ulfel,0,0.008005891380737764
10,6c021878ba6173a04d55bc1cf5544ac1f3t02,0,0.052367946549795805
10,88acd2e23ea6817d9d9fc28f38a8d1aftqssz,0,0.020238221354523675
10,058a4e0ac0a20f504cc9c6aae2a896e6too9v,0,0.00171868090885743
10,6cfd573a82acda92e8207745bca28aa7lqjcm,0,0.001750776511071858
10,a3ef8289a92196b07e2e7371bb111e3aom07k,0,0.0027819564732546784
10,0a9c5e1f261c937c09817ea2d5e949f34v8oe,0,0.00373002009185777
10,445eea09a6299164f60dd11f23276b44rkt8q,0,0.026548756406092233
10,2012c722a90bc47f1abbc8319d0cea51p7l5b,0,0.003222541854746882
10,7bad0fc50ac7d249e0a3d8b83f68e855fcnxu,0,0.005440794670024034
10,3e0bbd7d75cf543a56919ff5069b31a9gcbql,0,0.002584361503265705
10,29db827ba14938954c90cefe40d26fe1130kd,0,0.0015167111981292322
10,9372e27ce85a8c8b9460b87c37cf55ecqjjkd,0,0.11503472248510371
10,d7eefaad31febe607c252199a7672420kl1el,1,0.8472853446021319
10,96f31c5b3baa8704096cc8d4301b4c96i6fyp,0,0.012839685283557542
10,4c341a39553faef07ddb917ea4e069ed0yi3y,0,0.001864621573811186
10,a8a81bb8a3a35572bd1f9922f5a31217pw41k,0,0.026145412839589294
10,e134f2bb79d1a810aada6a24760c8910mh5na,0,0.09095374118835892
10,2993e59bbbd7d14bf4bc21e4d2a4f8eeb18d2,0,0.001006127247166999
10,fa6bfb4a2156dc8e73a713cdab85bc4bmcmwr,0,0.005440794670024034
10,ec86220eb6ce57c91a02a7356b342599jrcut,0,0.006090604495956447
10,8bce581a91921adaa5fc20e627cd7b94l6cp6,0,0.003233474593416327
10,c67ecaf47f857f37f63ac0f4b9af3249wwdtz,0,0.0016678099799648258
10,238808859d7752579a415e89a395500fh2o65,1,0.003549949884736062
10,72b21fb7cd32b1a65bed8a12eb94a8b7qa7rl,0,0.005440794670024034
10,51cf4dc8898554aedd8572f97a95ef5cpi3ct,0,0.5592760166108351
10,29013ddeb60a18f7d3bf9f3aaaebae6c8651o,0,0.019733270481968254
10,16e2e48cff6faab74e1f5c47669dfbbda7l5z,0,0.01872392565186546
10,7ce3afe39ece9d672e9adcf3dcf2aa44a8r22,0,0.02212354452154315
10,f0e1c483773c2ef8466d152874872139e0wcu,0,0.0027923193910043003
10,a124589b3af5a212406c0306584a9554fazi4,0,0.0022164391496535124
10,8b4bcc98fa4666b22c7a17c9a4b93ebenlmlb,0,0.001257819039477983
10,20fcf71ad6fbd43f6f5fe493a6bc3ecfextqf,0,0.0015155651164682079
10,6b0d09889ff4889deaabd5f15b3b34f1jxl6v,0,0.004221152314117548
10,400e8b5b5447b4d11e06a8bb0754d8d6l6xoy,0,0.010716313021208762
10,0a09adcd35b5f26d75f251006affc747drfu4,0,0.0410007434527607
10,35a02f50226eeda275b29a09acef2177k95eb,0,0.002807877958978528
10,6ab75792932fb1ea6fc74a18edb7888c2orvk,0,0.01123169089766051
10,98aa09a7ca13559a9e2a43fa2ba4d2b7klwin,0,0.005329742877881037
10,4483201dee43b51f338c0efd3b13bb895tric,0,0.0031421137619033895
10,6affd6d2976aa7c48dac70612fc8e31ddo7j5,1,0.9300920987486985
10,683833b860c003e6c31c521c9cdb49a1kr6b4,0,0.005440794670024034
10,6faffebbde541edfccdb2725e430870cbkvo0,0,0.027413911571122333
10,4985bdbf8710c33fd7c9d4771db7c690mcbyr,0,0.003009629294813999
10,0eeffc5039b27a4dc2e420eca75b1fa55rv5q,0,0.0011155657771752833
10,a8a2547a9153038fbb9fc66d2425d9a7efr68,0,0.0011220677718596535
10,bf190f2cffc1a77f0957f8cd1c98257dofy08,0,0.02424315479193799
10,106f4ed8e9b727f8d94a1cd57e882a095pteo,0,0.0011574839227269976
10,9d33ed2efcfaddba0307d12142f3041ce731l,0,0.09763789172019936
10,95ff2833eef5999a4f3ba4a7684d2b26a6v9j,0,0.001401890378897016
10,403d9c0288bab462bae858dc8aff2f94ti9ma,0,0.0011752061054831515
10,b2968116361fd43589bde8eca72c5767o71qc,0,0.008743862210519296
10,bef84146ac1e2f21e928e06ede1404793bfnx,0,0.0006879378308386244
10,5201935b289665a197e38f747882948fjt867,0,0.0008312805499345489
10,33895230e0b25b5d3133d502ef3ecabey84m6,0,0.0463992101977476
10,1982c4b164171180d480166feae881ecmxsgl,0,0.0023141530410018315
10,1ea558fc18eb1b3ed7759a3aed7662d3p77wq,0,0.05028580645530046
10,bdab2be5a94c6380c60b902310cbe1b6rs4iw,0,0.0011405258680459239
10,13c4c826516304555e291d3d91c108b3ytpmj,0,0.0015582398540851337
10,4cf9c56df4594860df56285e9293a7f7evfix,0,0.015013272544500139
10,460e932b11a1529d78246317757899ccfaxng,0,0.15238431095668567
10,74149197c8684977e397ab60a6a264836b0lv,0,0.002025499357535273
10,210ae8381324c41f7b49e95f1b7aed80z55df,0,0.034209302301745154
10,2106dd7866abbfb4e7c68067d7eb9bebflq5d,0,0.9564353086659914
10,c9416e793bd0559bca3ad4a5194d4cd1k8eyc,0,0.0014250123902620469
10,9ca7afbb673865b01cd4b02846054fc1p3vjn,0,0.01615359179383849
10,bc3d08ad6ac94b8b5ce40a29b59899cakj3p5,0,0.12308175347079003
10,c46e21e01a3f4987e00109d1d5f48acb1q72y,0,0.0030631666445661795
10,942563fa6695a4b2f76ab6ff3bd58030i75z7,0,0.005440794670024034
10,78830493a121b8b6917d246ec73ccb4anwocl,0,0.9374107991717086
10,078e06b3288cf8f18ab7ed44b245fc56nbyfv,0,0.002380123403749328
10,4694d67c21e9a2edd614e717aa3f4dd2e0w93,0,0.7232314423410323
10,46f1d7df0a8ffcc10c3de0dad8979cabgr9ig,0,0.006386767108618418
10,e76057d8bcdbb3d2f935c30849a17e4d7ordt,0,0.017906324109058874
10,ce7d34398a6d6011bcd96ff0aa82b6674hxzl,0,0.0006285644465524858
10,cca4426ec6d64f3e73294d4d5bc9719beud37,0,0.004096101833256037
10,ec96b5b27dc870c8f59ef11b7371b06eenaox,0,0.0013436755200048835
10,d110111b8700f290b5d03a0e243fe375r3woe,0,0.004289384724848981
10,44bc1c87245aac66d176620f6ac9611ddbcil,0,0.0022546618796151605
10,583ce05b5add00d9e7e5dcefb3c436f26d7c2,0,0.006376570060211671
10,43c76d050c9d2509d85c9dc2b1a1dba4zb3qt,0,0.03328099669458211
10,4731be79b5c7e894dabe5986e747b97bd6yxh,0,0.0009112465538138633
10,4ef4b3e5727dc85f18aaf00ff9a1e936qyhp6,1,0.8435551685354468
10,c65d2236a70982d628454d19472ce26eltxgf,0,0.004027266993131766
10,d31f6cdaf4f8485190b4ea588f8c1733y6qu9,0,0.026145412839589294
10,a25f4c6838b83e0fcba372300c23c2537k5eq,0,0.009913602496962177
10,6b28baf315d41017844e15d645bb2c05ybt3b,0,0.005440794670024034
10,fc48aad7a51d965595b59550e08b94c670k7w,0,0.026145412839589294
10,acaec0b9f72bf4ab4318f3244344589b3700a,0,0.004288100148121338
10,6a3b1ee159716b743ddb8e07e499fadbhqn74,0,0.0019417581218800215
10,4b72cbc9d9ef0238bb666feea6d79e718qry1,0,0.14085501091407973
10,de717bfad3ccf44a93f39e7b43f3b227cuu5o,0,0.003979830846964384
10,37bb1697e1c3922a06c2d2ea4138a4c8s6wgk,1,0.8345910590894149
10,c2e1242ad5ea781923a08987d55365c69fii7,1,0.15477252310231682
10,8254276e772450c5365707cde76efa4cwuzpd,0,0.005440794670024034
10,6d1354e720cb9ec90e19e29f5f895669qh6g6,0,0.005440794670024034
10,25331706aa2157419da068e93f3989feyo7a0,0,0.17553827572774286
10,6275d51c0324547faa8a87b499812268tl90r,0,0.0026944476808621774
10,d2f0217aa734f025ec008d24d13eca10ntuhf,0,0.005440794670024034
10,79cdbe82ec79d0e60f1b113d9a5bc5b4ar8bk,0,0.00396042385704118
10,6ce47fddd94be5792190cad9d972a5c4oyjww,0,0.004415943080600975
10,7959bd565852dd880cd31278fab3660fuaqyw,0,0.009977884999036263
10,15b1e719796dc894ecde30f160e7ae20hrmmh,0,0.03907052688569531
10,caf32bc98f84a47829e76ffe104371f6kphvc,0,0.0826629264852271
10,c83ee624c46235430ad4338278f6d270wfzre,0,0.0033023726833548337
10,abf6c2cd31be1630f5a7a1219935011c3rkqt,0,0.00408684909396282
10,86e888c2dafacf13580a1211abf50961w6foa,1,0.6880316510359423
10,98c12418158dfb9494af01308ac2d0588gfw2,0,0.014055964069821604
10,e60b306c01cf0c0be5c7d54facf927044g5d2,0,0.05133079740724826
10,ccf30c9533a66f22f1c65910ae1bac1a1fs05,0,0.2939758925256325
10,054b51d059fe981ca8cc4e0d4c49aabb5mck7,0,0.07812842476290499
10,780566278695c3771f81afc605abdffa4143q,0,0.001763526335429692
10,920540ac4168ed08a1e297395a68d718gsqdn,0,0.005440794670024034
10,70db4530c292bc759238b8306ff4ebb6n4l6t,0,0.0056067023009237086
10,b4495464d4503ccb8e696994059983c89g4lc,0,0.003951671829882492
10,bb4af76ec92ce75e8abe9a6a481d4314jyo16,0,0.023639364872940844
10,d927c987f8a4ba2dc4f38dadc0831100tt94p,0,0.004674838648271836
10,f895a8d9d7974b3ee7f1f04a25a950e9v63ps,0,0.00590335480591365
10,ddc6dc00f416ce10f23b57ebf758c2eeawzjw,0,0.001772723980101063
10,6da04647ce16d0f00051dfeaa94d3313ox30y,0,0.020136771182035197
10,c1c22607e7899ada525b74e757d248ac2b8ac,0,0.005440794670024034
10,120c8b384858420c4e46e354c86f4ca393w0i,0,0.13465680114699458
10,7d063aa96e7a065ed5ff9deb7c851bddhrxdj,0,0.004690061570390698
10,022ac3a7ce986049d9a4bede83ccf9ddctvg6,1,0.9908551656157596
10,0a9d614009139236f198ddb4759a498cen5ix,0,0.0014709419608586783
10,bd6adbe79fcb843aeb97546947af1236kbg7p,0,0.004411862840156604
10,1b7c070ffb2c23c1d02ae5bc5d817d06qz4xb,0,0.007165219562269234
10,61e4b6ad0fc268d42c330ec99fd8c939yb7t1,0,0.024218771173169885
10,0589cf78c4bece729f0ac620557210e13no3n,0,0.0013250604125583836
10,ba6811273d4f63d9a31937b71b0a22dforovn,0,0.3665899359703343
10,2b5c4051f232c4848dbbb477c5ad7f389f4b6,0,0.03514261403264576
10,3e602dff2e3bbe7a52236df2294c9e059fc2l,0,0.0024578736568569575
10,e5736d7f8082d7d7fee8430c0e2279bcdmt2a,0,0.14801606605489992
10,15f34e73687d7361ac0d780737fca261g2s9n,0,0.04488057457165077
10,d81579750b388276f2d8f6d80384f499n13l6,0,0.0020200109527970223
10,369515b3af4f8ca582f90271d30b14b6r52aw,0,0.004382703793346663
11,7eaefc97fbf6af12e930528151f86eb91bafh,0,0.06954605405472047
11,d1be739798ba0745a1fd72ac918a9f1929hei,0,0.001455278099736266
11,b37b352197594dae96bb9219bf59d656oz79f,0,0.0027704478567902578
11,9c509838d129fcee98cb3934079ca36asla50,0,0.6648529110224531
11,99acffc3cd9bfcd00668dbf472a1979350mxk,0,0.1588828988383892
11,0b68888358a492884e3885bcd73ea63bhxidk,0,0.003917278002308077
11,2c581ec91825362ab66a7ffa05df5e70hl3h3,0,0.14838266136069153
11,d6d3daba4bea632d7f5a4e2c5146f109dkd4m,0,0.1608581150858792
11,1476226300a93d22b15253ed7339429a7ijk0,0,0.08551715007225501
11,975dd5178d34453c1c3c8edc47cf44274uv5s,0,0.3187326512581515
11,98783b6bd490f32f56c315307643c824nimw1,0,0.0013767527889167036
11,608d9b68afb12c6c27da6c6565ffe8297wvco,0,0.029606019044767614
11,8abc7635daf75f9fbeb63783b7b8ccd5rvuyo,0,0.0013271253578824886
11,5686520af5a4215a239418fec906f88e4she5,0,0.002049757097144713
11,72bc07c7241e1856ba31609d11501c91cswlb,0,0.06170533972260433
11,91dcfc10da696a6d90966ff795751708er5fp,0,0.7114693143204147
11,85be8fd21f41bc3dee86597d272825726bp69,0,0.0014358769706653155
11,59ae36080fae26bccbbc31a4505b6fb3v3zjy,0,0.045842975999027695
11,dadbcec8b02ac75c5935f419b318ceca1wwjw,0,0.1405926962278157
11,96b90af2d3eea4d3b2bc725e1c92e212qu52g,1,0.9692421828377159
11,8e1f8e5907b3cc256a2a57ae9ac81e063gbz4,0,0.0022075189189190536
11,02bde521e763e4f4e590e8368149e04a96il9,0,0.0024266947345943737
11,87aa94042390f9267d3b7d90e42b022ek5mbu,0,0.00640178235323842
11,9ded76c5244a2116a3b5432fa265a800j0bvt,0,0.004288448401353601
11,53691811bd992911edb9f5f64f49d8f5luk1f,0,0.18656569351917185
11,577af9ccdc29dcacbbce0f36b7c1ff15btljp,0,0.032262842562159416
11,f5a67722732675f6285b70b9f008665fq01bk,0,0.00817480547375638
11,3073231f45ca50ad6830d4dc7261f283iwjjm,0,0.0011657025452159564
11,efc61ad6db17265a4bac85f77b154ef414tpp,1,0.0013210210736566625
11,dc52611b1a2c84c0949da5af9870d57fj6ab0,0,0.004873971308480656
11,671fb1e314a1f480ba9ad9b5a1cf6a91w1k2f,0,0.013084651359900995
11,5106dcca581b63cf2226110a9048ee4846sxb,0,0.6648529110224531
11,b27db6c048fa41b496dfd3423226bb0923yfv,0,0.00308823157395217
11,68f092336430866db606f137c57c87e0hw7aq,0,0.101603853583002
11,acf06eabed56f179cf32ab60b6b076820ajls,0,0.003351760567492821
11,19353c42feb91a216885fe012efdfb11s2iu8,0,0.0022222286791049755
11,17eeec8676ad56bfead1a9406277f41cnev3n,0,0.6754039969840255
11,2c72df02de4b36acf72ba549630808612ol08,0,0.0036441578463987205
11,8e2a43abb8fcd8ef9801c69fc04bfcb5kyc41,0,0.024911456649217574
11,cf22da37578048d2e51eca1e544c693cke5t3,0,0.09287757560082618
11,f63ed13362ce1c80970ba28a095c2bc5kfgmr,0,0.001000136363410691
11,4955e2c318d0bdca797ce17794ba18fblhaau,0,0.0044776362998526385
11,27809fd62bebc89be450f9dcbdd25ed8il6z2,0,0.06814567702141225
11,e561facfea467ea124df0111e041287ctvgwn,0,0.04021840552489059
11,4741959d26f99012b8a6a3e3954eae40hsy6j,0,0.03390808711473721
11,33031f476dec19fe47c0e3a051a68e992hmwv,0,0.04219298566382457
11,5948bcd0f773286ff7d5cde332c7ae6918jt6,0,0.09243007949696627
11,d6ebcf2149c311d221b233b268870b3d5gfe2,0,0.0011547581340730123
11,6a76d66f035914f93ebc725a0998b399r4gdq,0,0.0004214635798140444
11,d6d68e218a6cafa246ed31185b09e1e1fsu8x,0,0.008965819529901789
11,929b75b44585b34d2b917ec181ecbcf298fr8,0,0.1397466646480568
11,b5310019f2bbbd975c64dc11189191022k8tj,0,0.0011268256824256255
11,908ce7060337fd8550760a100921f6f7wsemn,0,0.0024266947345943737
11,08515611e73803dc6d8c562b8514dfb5qi3z9,0,0.07441032834640812
11,354baa6c4764a5bde013ea3f7edc72552r3oa,0,0.08771017023656497
11,b9080651d16e3d6d2d83e1c5debb55b0qpwbv,0,0.05345194498879819
11,20662832566daffac929f803f0c236eaperht,0,0.1588828988383892
11,e18e3d0fbfba81cedcae619dfa977875p10ta,0,0.001411785921512848
11,ead2ec4563ba25a9e9d417f1964b7504teqtp,0,0.400300598862358
11,a9237defb0a6478098f242b27ebcef18qrotd,0,0.005490549118447506
11,96b1df591dbbf3a002578574671d9ff1rmzev,0,0.0024266947345943737
11,037d9f10da403d8d5f94b6e2957a3702f6x07,0,0.5439849302898763
11,e0544483ccbafc4842cba7650677d043n2e5c,0,0.12988547773710768
11,246c55639cf85c682d58cbd2ed6a6563vk2yn,0,0.02856258175616569
11,01349288df20199905e719f0ff7ee771nwryj,0,0.0046276693728532665
11,c5dcc8a649adae76ce01a3fa85b68f237ny2r,0,0.002600899571089825
11,3a8124eb9fd3977e43f5e0762d9a09d536rob,0,0.0013748079908007475
11,97b002c9936e63a1fb9994a67615e84fft019,0,0.0016974037650404744
11,a74e3962ca26514976056bae3c46d579emz6y,0,0.03103051975070233
11,10c1e1164e3f8298df9a35c891f67babiycsr,0,0.0008691967707169154
11,c9056fc0cade75299ed4438567a87d6ek44pt,0,0.00041076705089871106
11,0b450f2827ec670da34be66ec2a520213xcuk,0,0.0009227568526228484
11,bd0f0c497ef09b5c1bb18b330d932bffktn3i,0,0.1733893170647145
11,6a5457f1038c6e1cf9feb57529ce07b2sff4d,0,0.01036391002742174
11,6c55d253787acf5210f7d785546db80dqtleg,0,0.0205787020407557
11,4a2d5b70f0fcec3ad9d8ac4b447efd6f3vs9c,0,0.018508292100984397
11,f2bf8c94172c4d71076e151cb4e136007iiur,0,0.0025645234730345213
11,ca0c049b8c37c99ef93b6086e9947135onppq,0,0.0011201989891113987
11,79c18f0460f9bd86bcfb25da96d91490jfuxv,0,0.002106646055368887
11,3106ad6371a3b740e2af90635a4ad966zeu1u,0,0.009712523596046456
11,ae45f9b94d86f931c84c94f3975e3d7bkv2r0,0,0.007639892107848894
11,d1f000f475c502ecd2e993c52987e63ed3k7n,0,0.22887337258414456
11,a8a5bcf248e1326b3340c88e057f59e9nlslq,0,0.06387103481858
11,39f9dad880d32ee607af7571ec24807bn1g2d,0,0.00479799428044568
11,9ab3bca29dbc32070cd7f729ea55639a350tu,0,0.0015693866036697885
11,b46132a554a2a3b93efc5a9352036e6crl6sk,1,0.1673258672686624
11,644e284380171fa793695a91b6a12c28jcwku,0,0.01489445721727191
11,67d245e38ee756947ed395fa099807fchxv99,0,0.00108091535912176
11,20d08c7edbcb4b4ac0214b664ca5bb9cprntj,0,0.0011546952359420856
11,651402deb28af3e3d1ab9a6b88314b591uuaz,0,0.0013471962943045093
11,3ddd3eba016fc11b07c8a9ecb3fcc2975bkru,0,0.543541994316244
11,f01d8d55568b1f54b6946a1b78a3983exkz5u,0,0.002110922612409815
11,65d3cc1725c4506fe02be3e2b24435bbbd6qf,0,0.039160521738324724
11,45927dd51fb4301c459ab96d48f64752q0o9e,0,0.0012483105273002743
11,7ce12bb499c156ba4513becaa42aa8c143v75,0,0.012629449472740542
11,7f603f668968facebb0567015ad4c201kikrh,0,0.0014987816668178766
11,9ebd57da79b9286fd67a53e61528cf63a1w6c,0,0.0008428190199956517
11,3073d007a5b42b827cc770ecf4805278xvvzl,0,0.0031603432683788573
11,ff566c87f2babf3dcd67be286e1c6666cxzh1,0,0.001801351258496588
11,56cfe8b0d574e1df3f823c2cf32226eff52uw,0,0.0022592307041012084
11,ec0c9e98cdf302274974ad212477f851iw35b,0,0.039788607510451435
11,1bbfbd968c065ff5dabeffe311bc3ddeezbof,0,0.10394851751042147
11,4703c8940eaa3f3bf5082ec2f155a8619i1yw,0,0.10698535128338957
11,5e8bf58291656ddd5fd2f71825565446aiopv,0,0.25578527131771717
11,9be87a4f123366660d7f6d40ffa493a8ffpsj,0,0.004728576323423178
11,662b66b1227816c2f9017cadbc148381alne2,0,0.0022544685685416768
11,84bd02dc56fb7c3402426ef7e8e166e2ptwo6,0,0.05583189932832689
11,42cce5c657dc7d99911d950cb22fcb4fmzz5e,0,0.0034868018308426138
11,8f6f7baf33fe2a5206ed3ca88446a99bmq453,0,0.09565065402777426
11,b1729d5905e896a8411f81bb65d66343ladls,0,0.0020703645529341562
11,790c497536a2a9fe080c3b2ee6d5eeb9caiv8,0,0.0027351580852904658
11,8d8f705595701b921012777a281a553622300,0,0.0020582299114203302
11,be3bec53b42be118ef2a87fc40db7311k4as3,0,0.005350292707432501
11,06a58d4af0fe7ee15324b0e921e8de1260vef,0,0.10645597764688529
11,cb9a75312b809291306c6213ed5dc67dw31qz,0,0.11741617084152249
11,9aca61f505f40a3b4f7865c2d00e2418s0e1f,0,0.381962908453618
11,d7340ee3c04e600c31fd2a34c760f7e7d26bn,0,0.003521591078640969
11,d0b096df6b5ffd2efe8d5cfad4a24912zs3dd,0,0.0014015094949577935
11,b0164d9a18a3cdf6082e96f9708040690qcqf,0,0.09050287298344394
11,8720f071e045d4cec9d707c583a3d64avjyyy,0,0.026751556133810334
11,69b32dd82f265a04826106d17e2bac9ao9fu8,0,0.00316225578668996
11,fb7c9b1dcc3b44dd69e42a84406117db4t4mn,0,0.007964881249621185
11,cbc71ae3c3690c89485eda3f08b9bb51rqrxz,0,0.026251025205138268
11,6b85d622dec4fff284d55895eba9969dqlhu9,0,0.017925872111509374
11,7c965df16147f68263573764dd257a7bxqmpt,0,0.0010045617718110955
11,060ac64ff78ae62e9bc697192cebea333760p,1,0.800867261653195
11,1dead8a9cc54fdcf7a7c16dc6e06a3bbusgcu,0,0.002831041574320443
11,2d113999234e06201c0940286d405453wqjsw,0,0.015133592420105611
11,055eb52087e0080b8ebca74be4f823f5c819l,0,0.05680801051745252
11,aba1120a5b13cf72c1d52c0dac8aafc67nmoh,0,0.0015235187511908259
11,936d73a062928a362901f0e507d57b0a8rjs7,0,0.005137089064050117
11,9f101e80580cbff55a2307c028408a91nebzc,0,0.5414764875582817
11,cc78aba7eb8293a1d70f083bd747fa1450906,0,0.036013627389997235
11,61a4da78a5aa5bebcb3e9818a46771766gtq7,0,0.05283287057480338
11,6f7043cde57060a6766b551df5fa6fd9p3ojp,0,0.003688229845955714
11,84a773b3c9d300834d9d57af5dc83091y54cx,0,0.0012361905888300146
11,af5d33f9724b0e8c1f875406c0556d1e6eotm,0,0.2915457347891518
11,52d8066e28f168e5bee769559ead307e1go7e,1,0.13220462784367223
11,a6ec153fc7002cfd929b9f7199914cf75upgt,1,0.12002037642098166
11,655b88e646b94d0adb9e15e9f3b9c9a4lvcrz,0,0.00693872444045414
11,03a1e81cb7bcd15014489a6f752c9d5b7pvel,0,0.03544951601073153
11,d2704c8bb6ebbf13e08f37131382b126wy4yc,1,0.10036456003159687
11,89c8eefbf6f83543ce0792d1e4b86057ti16q,0,0.0019368879498470458
11,916aedb8fd708e100318969dfe57a4639hexd,0,0.019659287131242195
11,84d75f71a61667cd327367453b4c0d2frury9,0,0.00047316030120955933
11,fa6b4da229eb64b4d44e7d5ee2b027f1j1whx,0,0.057030086569399924
11,d2fc5291537a61882065e571c21e796975uy0,0,0.001935278649039958
11,46ceb58fb7a57d86a26cfa154c940a8cuktu7,0,0.7232517100851688
11,0141844fc725a85e38e12cc02fcdbbe8ofqxv,0,0.0019490161530985011
11,c7ce5ac2fe5f03458fab59c78b19bf7c9wzf7,0,0.06755264744002812
11,39802378690e7d0c61d294f5898852b96hsfh,0,0.03498677700517408
11,0c57d8eaa2708b768416ca91dd8daa2cqbl31,0,0.0015337200281394358
11,361397432ed35185b5a2789867a859ec42v14,0,0.000847843500490205
11,90eb8151eb82441b084d04893151619837abp,0,0.002022046014525743
11,25b58d1533e04571bbc674dab28973f8hha3w,0,0.00287813691387519
11,dc9a7ebdb6fb8dd3267ac26dbe5a62b68e4vw,0,0.0024266947345943737
11,c72012c8072e2441b3ba8173205cd298cde8a,1,0.0930524555335798
11,d95c969eb09086bbad373dd8ee80cacbuagvf,0,0.09144831275643664
11,173991472d4ee18932f8514b9d4a9dba7rjqa,0,0.0021377655457811805
11,06b2d71c26ef3b6e29277f761cd0db90wuwjo,0,0.6648529110224531
11,eea590b4da2709c294e8db490f5997eadyc1e,0,0.003600135955448542
11,98eed7cbee9b1a1b526a635648e7cd2fhbt5w,0,0.6648529110224531
11,23af639c0bd57bfe9bcf3b16973d58b7666fe,0,0.005846405331961816
11,8251041848182e6468c8119905a177dekmshg,0,0.06401644346169054
11,3e2e03a4464642627e223fba066182d1qslv5,0,0.0014299429407948247
11,d9b611dab3b5116f761747fd3166ecec80icg,1,0.427560044101964
11,bdbcdf6a935f4d1781a2d33bcc4967130bdqy,0,0.4944855657805323
11,ef89b74b58c49c1a321d3d7ce061d151k51xm,0,0.6648529110224531
11,1ef47d501d4b36498b51e184b1027981xu89r,0,0.001744154360296692
11,a15766d8d3d231f862996eb3ec33559735a3d,0,0.0024475932549994604
11,7d8d3493942dc13742444f28626c5839axjqd,0,0.04041423152023853
11,a2b4df001b0e40a398f6d4ae9b316c0eix5bh,0,0.001373127984905612
11,f7e3635c9a532fb9a60d6eda6eb7c7de3uqs2,0,0.008351098355580164
11,4d6580da346435dff2503c55ee5e0cf8wbkb3,0,0.959064569193415
11,5720c8d7bc15b94037cd75ff9496a35evugeo,0,0.888918264005762
11,2b5a7c969ae95b239583f09936560b85g574d,0,0.001154100272044792
11,b7630ee9a73e7ba6f11f7717b7f03ed4be2hb,0,0.36769818109759256
11,e9b27622a64f2eb9dc7559d43bc45e31yci23,0,0.0041502914799370575
11,c1624207d78346c3c58cd44f3d5472fcriae4,0,0.0028427173060812027
11,1dec9ee102b29905e2f59a52fb7429826e8b4,0,0.029606019044767614
11,e6f73230e0fff1d9a6b1b8a6617002ea9owig,0,0.0012573737286577522
11,ca5730b8dad8f35fba24b68c9ca5d445mp87i,0,0.0013079208586723162
11,a6214d8bf07127661f322afa7c8dae91ypizm,0,0.002681049776053601
11,309f446bdb138faeb18072285ccd9901gz80c,0,0.4041711076686302
11,2635d404f4943f3dbee24aa16a2953c723iwd,0,0.003979759890302917
11,89291354b0939c342be97fa58e018bd89fvcf,0,0.0011131416084531047
11,613c7d60152ebf06e3a7dd326ba03261mnn8u,0,0.0036115078839222877
11,497ef6187e03fd9d4387ac436461a40f982dq,0,0.0034086420791916146
11,c9a97c18992adb02e6c2e6a8f9cc1daa1di5k,0,0.0012642915592635617
11,aee383561c0019dc01552bfa5263af8etbuc7,0,0.001982225698328911
11,08981037e7a6c9032716ff25b15c9de25p63s,0,0.799569244144759
11,6182daa56cb0623719228c9e576b71fcpg8r8,0,0.10263016293421148
11,4af5e2532224f9f7d1d039704573d9205jbkv,0,0.9201033441505937
11,292dedb5371b8e0ebbeea57f14b35713e2ie2,0,0.0011731346420217428
11,2b19566f190ff3b8a85884e03c64fb56ir8a8,0,0.036364174930267265
11,c478f94c1323552e85aec6e1013ecba586320,0,0.9078422032773842
11,d3920630f4891b9ef1a8a199ce5c830aua4yi,0,0.6648529110224531
11,bcbd5c95680cab78cf904fb936dd03f86g19z,0,0.029606019044767614
11,44d34926c0863edb7575b819980e0e728pn5b,0,0.05071588864502486
11,b853c1e4d6a4657d35705772ca6cfdc3qtox5,0,0.03390808711473721
11,a48837ccd05bca96ddbf02c55ecccf639adk2,0,0.007963745366860788
11,b1e106943db37b1d002bcbe06b264b8bahuy0,0,0.0018084187630000143
11,c5120d10a23eb0c10d56a19fecbf9da85t4ow,0,0.002257594845073499
11,6e178db6d17d21aa88aaca5bf15c2761lc500,0,0.12676747958439794
11,f4294bb3abb69fa3183e7e851b58b278k83z3,0,0.032262842562159416
11,d863897264a7e52d9c6a1be6dc453c6c9anz0,1,0.9235084824543971
11,67d6466d7f4a32d294196b8c16ee0b03kn9tf,0,0.032262842562159416
11,c1d14f4355b7d3ef80f02628e5ef1d56u2510,0,0.03390808711473721
11,86e698821a8aada613bfca1356d8cb7dopnv8,0,0.0017068711020804283
11,bf8de839c1a8b7994d19049667548e4ewchpm,0,0.005171752586331576
11,5ddf9ae899e629acf3e78141a9712a05a4feq,0,0.9308605386344342
11,d056594c1d7976b6ad4ba23e2b4cea19l2i0t,0,0.02743444704433707
11,2b429b9235bab2877cd93ac6d9fbc2d7tzwre,0,0.10392595714516328
11,3919be53bf4bd411ba25acfdc1362b49u4vle,0,0.03390808711473721
11,1e13eba969b6b953688c9e945544ac4741ilj,0,0.0015030176553604928
11,461c1d143120270fff5ebc1b91934951378ud,0,0.05071588864502486
11,ef1d71dde32e587e761a1b39d5b374c7gk68y,0,0.0068893201476614855
11,5324221d38a79636bc4560cbcf2d75c4gimrm,0,0.023790098727634712
11,977436b0a445fa555d537fbf1d4bff2e4z40h,0,0.0024266947345943737
11,78c82f2e8764bc8001354128f9265efcqrthe,0,0.00921080475827988
11,daef74294e84ef6d7e009c2d51be6ee167xds,0,0.008738435362222595
11,4997f0d7074a1d9f8bedf5575b6a4372w7nro,0,0.005786366957273276
11,d43189c6eef7a763b2f8596228807dd89x9y9,0,0.002993877890505817
11,6a31ec9cbfe23a9398e80403859f0402cg4ql,0,0.00088005735408123
11,a46025d61131de18474aa6f167e04bf08w9x6,0,0.22709437629278978
11,c58ffa073b3b3deb4e993ee5dd05347cmvfur,0,0.0006920302607483761
11,898419c2d011d5a822e9ee07c387098ezpc12,0,0.001744154360296692
11,59cad1329d42bda3d678bae082bee7edgvt7q,0,0.0022194443220281716
11,08c39ef7252995e0749f7927249b8dcb1d3xh,0,0.05071588864502486
11,9196288f121946095e5c402fd326109827t0a,0,0.8731943505781142
11,fb200accdd0411e96f1b0f6d6f6d4f52rgk01,0,0.0024054614270345043
11,e8f3ce0b2d0849968400b63b992cc606psoij,0,0.003656155492503083
11,fd5cef3fe1217c6591500c715d71717anczcq,0,0.0012006692206900584
11,2d73ed3974473a764859084d51334440k5q7s,0,0.01184774946321559
11,8a4fc219f01e1fe6d4328b0a47fc54905iv05,1,0.07885139230209551
11,9349befb45c4869b68e82a1944f4f01377cpz,0,0.04796040068796841
11,2cc1c5bf18c858fd9c74901d8d80ab70ak8e0,1,0.9336472319450286
11,bdeb5eed17a812d2c47176e30b8553ae2k06g,0,0.05423486244442902
11,8a958e0092f6ca984107ea6c3975f806c59m2,0,0.0011160483522813585
11,d6fd864297177c38cea65aed8a45fb7bbp2e3,0,0.6903307094794925
11,98e6dd2906ef1f7c13284a309f6b160cb2ujz,0,0.003473264558797324
11,2f9a7b01fcce94499a59aebfac98fe1ezsk1y,0,0.002007031507777591
11,05c9fe8f8852ea069a93dfe39fc0571er9mdt,0,0.005332820815663443
11,438e53670ffa2990cdef656700bb49bf684fz,0,0.001960456069584666
11,57c4421263d37c2cd2573cd7245a7a80h0mjf,0,0.06330383397875478
11,4dd7f98cfffffd6f4707fd0deb4a00b5rj9wv,0,0.9616157517041624
11,02cfc97e8fded77671e71e1951723d5fwz6a4,0,0.0009041226131965005
11,c435ac9dcda855341e667d440c2ef7c6nd3mg,0,0.05180047255559284
11,ba0ca6f98ed66bdd1c4e86db2ce4011fdk6ii,0,0.06363366688890863
11,9df0031595e4105e4530ceee1a08faf319vvb,0,0.0029442407679003066
11,053cefb7e952bd81d7a6db267a121747te7lo,0,0.057202650242817205
11,58c2b44923882a8252963e78886adaefh7hnm,0,0.03393593014472659
11,ca5d4f0a3ea342fdc45c3325e5311049e2uis,0,0.0205787020407557
11,0d9f78a6084bf15f42210bfeba95621255c89,0,0.001987864102253593
11,92f8392be617527734a2f18482815af9ak8l3,0,0.003295551094919312
11,e4433ef42008dcff761f12b9ade6fd31krdwv,0,0.0018627422050816816
11,e10ae48cce1e198f7283064cc8a2f836iy0z6,0,0.0020933941819240554
11,ba194af5111cfcf1dd95eb36160c728ds4kcy,0,0.0014988279805340638
11,afb7618f9e3fd071d4ebedf396e1d45drta96,0,0.0012832929907682495
11,1a05035da8ea9dead1030ccc993b5284n1on8,0,0.10320745802654888
11,a027780df5d0312919d41edfd4947f27odx7t,0,0.07607291191793047
11,624ae2fe9394700eae7a35806e4bafaeq9cty,0,0.0026345604074219037
11,2cbc26f228e0556f268e0dc1bd9ac0a5lzdfh,0,0.013549854200642844
11,6f6e3687f67272b103351641b678225abarzw,0,0.00996954986256953
11,8cab09b069755eca2b4e7fd6f6981d7d8n88o,0,0.0015304639912746309
11,ee45b2475e453e69ce712388959fe4acspmvk,0,0.0006915889410838963
11,ff92ea4abd33ed38601287f0e1d6726dmgx1f,0,0.339636639280962
11,46a28eaed47c29b4fd148a50cde44840u0bsn,1,0.6219982293267929
11,7b22c9a323baf4a7bc7a3761e4a30bfajixmt,0,0.0029687626134321087
11,e578807073c57556ce334044382a9b98iaz6o,0,0.03460719813706037
11,d810a7956e4d9fbc246d585ce84e8ea0750b2,0,0.0007333853818727519
11,2366cd7cf3df530ef4fe40b36ffb936fyn3rh,0,0.002554972379524158
11,c89d56c06803b8c6316a7c906604c64939yri,0,0.0021221404683988555
11,e0a9e4ffe2acd28599dacb91c98c34bc66vo3,0,0.002152850799468242
11,cf18f6766fadce944ee74796489c23acmqhpe,0,0.0039818735729698395
11,b9fd0772481bf459179a3b4ab49171693im97,0,0.0014500102108811782
11,b17ce8bfbb565945ee9f289c2ddd8abbu1ndj,0,0.003154429943965711
11,a262e805f766306f4adb38211abf235akxqh8,0,0.005670086650618533
11,20f206d2656116bed8dd46d5b70dac81lbgfk,0,0.0012504393708532608
11,96982cc1eefd6f526b512755151227c3h2w3l,0,0.01260208491463967
11,f219cbb3d454b32953619d5a4551f56dcg7gy,0,0.00029495633479744625
11,6d033ec559ea79a8ffb90d80e0b24e93j82av,0,0.041657869572830145
11,fb9b1e58ffba4b38175c11e03e51e1f48dnm1,0,0.0009416028172901958
11,bf65e77ce8676fbab6fc78b70c50f05a8da8a,0,0.1847446824479231
11,d9576f0ba8c7479eb2b26f0d15c4abfayk5ex,0,0.003993476962830869
11,721e69fd30e33488bf82b7e2f9c8cee28a9ea,0,0.0012320073769294703
11,ae37c0f4dc6e3d99f5b0243fd18294cak7pxy,0,0.5594879075972821
11,e8b82b8640ecdd154eebe6b36ec63f0bdwhc4,0,0.0031666337059418396
11,0ae09b09369c76737cba059d192451001nwce,0,0.03442532309152596
11,aa1c013a1de168c611560ca2afe78111g8i6s,0,0.09662271795738304
11,ca9e2287e98a718e20a8ed117dfcd699gxsp8,0,0.0013785660128887408
11,4038ae3276c0b47f420a5d73687fb73bghgxf,0,0.04563237756212933
11,437c191e614776c1535305f602ea9033sdfmf,0,0.0011027287734240593
11,76ab7c99de4a3141bf617bf30bec9feep3zuy,0,0.0017067184758667352
11,d4db72f36e6ad1668dbc0bf4f0e1c49bn12a2,0,0.05071588864502486
11,52c441804b89bc20e4c8dd625bf163f27o2zb,0,0.31289640110808536
11,cf1f2b6f29840e1ecbb31d18fb128c38bseas,0,0.9655051714485091
11,069d020584a0e8c61e622321d4c43881j7pl3,0,0.0024185959471473622
11,e61c14d66cd5693d93cb0356d7f444ebinx9i,0,0.0379598938172968
11,cc064e3409a1825e3c4e5c814376f140qxu5l,0,0.0010496197148588205
11,1bb7a8c04e70386f5496322158e9fc3ef6d84,0,0.006405409614906498
11,7b31d9d8b5e749cdd2c300cbcbb5f875kjlsz,1,0.9635716295052759
11,8473148f069a890b7323fe8316861a71qoxv1,0,0.0013032094845954888
11,0030a2dd87ad2733e0873062e4f83954mkj86,0,0.6648529110224531
11,fae553f133602fba6e9e6051dfb27fefkruax,1,0.7040589546543812
11,6e8cd4699eedf0075cf5662e1fff3a857bycf,0,0.0015916308135400397
11,75339aea3f29d7d9a8d67ed3fe1c89c3owsq5,0,0.004623678182543148
11,e8bc0150097c1b2b8b8c374b69e0d3a6mxfcm,0,0.001728193955541248
11,0ea26a4028ffc16d9a8631d43e1b92105auao,0,0.13441016705337253
11,c8b23d6565e11d874e221f41440ffd25mrucd,0,0.006787505953702141
11,24a9abf72cedcb421e831c1be26607e37zojy,0,0.001149426318755243
11,825226b69f2a5a8337ca611b38223989aumow,0,0.0018056573104984664
11,e12177ff9c1a8413996f7b1a590980c82ofeo,1,0.8678716472164714
11,cd8f738dfa2ea0554baa3dfc4465cdb8izun1,0,0.0031752304567081767
11,f75a0f726d764514f612ee8cd8f65adegt02s,0,0.07973851696401181
11,fe27fe0815883aa3e1a312f0dcb45981txa2m,0,0.010576240336554814
11,3714da7069a5205137cacf89ab3a136ffx2u2,1,0.05640397644131494
11,7ffd9b7b795d9335153d481fba4b3076plrxc,0,0.0033229271006708977
11,7e8650379cbcb3ef8f7f6aefcd678067kzbdi,0,0.0008932132308177662
11,55d9cdc3af85efe87b2a6f22a2cea96ezy2ax,0,0.0016583082073433678
11,317d3e44b2bcfdd7293b84f82f44b8e31hx1r,0,0.0007508801097501559
11,fdf908d608a629d5ebde14819231878dojel8,0,0.0005927616119010625
11,d144312f2f68dc33a63b7863911b2aa459i99,0,0.004370120070544613
11,1456b44d8b2b16cd94278137269ceb11ns7wy,0,0.0014500102108811782
11,81392b54fee8e50ec74efb27cf0de8e32fdm5,0,0.0021724125188044576
11,65435e491aa69dd9d44d70a9aeb6e847oqlty,0,0.0021242030289285643
11,110d2e689da119388dcb6e235749b787ni298,0,0.06060631018755638
11,dbdb69d0032b0a251469107dd565b6c7irr4a,0,0.0017232580178634443
11,e5bde35da4abebe4fdb37a3c65124a57ff4vo,0,0.0022281967469347857
11,91b8febfd1f556c06838992814e7653cr119e,0,0.007048048447976192
11,069d251f2fc19102924468ab38349d5eou7ab,0,0.003273278284134432
11,d588f4c51e67a340d1991a8130ee0b56hy0r0,0,0.0008084184049882171
11,f3d3c913b225bc6cdb98c60f0936f7cbj8k3a,0,0.0017391416093452468
11,53856dce9187b16f2cf5e4e58f5d0397h7tz6,0,0.03103051975070233
11,c843f90bae7231af13dd0e064a469704drz2x,0,0.014735704465055547
11,13812c0d2c8c474bd62481d932407687o26kg,0,0.02980109539114192
11,283987b9f1ffd4514757483ee1f01351xd678,0,0.11755566853130492
11,3dbb502d9d6f89b26f62cc804df54dcandhp0,0,0.06891741060350674
11,baf1aa59ebedbacea2ca418c5aa83888imys2,0,0.0022544685685416768
11,da00b16633eb706fb11d55868120cdd9so58j,0,0.07947987472310696
11,eef111bfb93c213c174947c69b2f2b38cr2pw,0,0.008468066678539455
11,c910efe1f135b08acc32b2db162362033olvv,0,0.0019212691862027472
11,d381ce07afba12851a815cdf8858c1c7g2pfh,0,0.09382109211088954
11,bbd1d48ef4e8e7e3855938755275ad2b2le9g,0,0.004003621051248483
11,34e965deb822f329ecad42b94e8ba0ba3dpt0,0,0.043494814895695795
11,dfa7ead5ef84eebc79c67d3daac340b0exa41,0,0.0017228417798539344
11,8fd35d215ab6530c2ef096c87233cbc93juwy,0,0.0015246990785701938
11,67a1b129ca241c51d0abb5484f8eb3fct8o5c,1,0.7030681957491405
11,7114afc59caf2cbaf6ec1733922065f3uz34p,0,0.0037408842362844884
11,949689cced5d86578e6c8b664ea76d6aq6zxg,0,0.05071588864502486
11,eace2a2890644d703c619fff7e41a9a16k7lf,0,0.0018790978169369295
11,90bb553b65144cafddc3f3d4a7783667a06ga,0,0.0007508801097501559
11,c128bfe7aba668d71126d51b32428c01tkq99,0,0.5825340425459258
11,698da938f6fc36305616aa6f8affd53fobj5y,0,0.006721416686698027
11,2f9ea407ba48ae05f98fdf634995d936xefau,0,0.3322820315725073
11,cad151bdf2e29b764dfd3acac022e5dcy8n83,0,0.002841833464030175
11,a639448bde9a72923b70917e82594fc66sa2f,0,0.007826583723895811
11,83dbbc6c5c7ed95048ffa9427d807692339oi,0,0.5356440107756231
11,5cdd665a22747394620c17b7753947b0xgzhw,0,0.027534571424893826
11,ad590c59c30187b772258a059d532db42tf4d,0,0.04720696661988764
11,e588d3f7a141147e4f8dba29377144707vupo,0,0.0018279370170378214
11,9dc039dc57fd67bd9e7157f4f697ae7eloov1,0,0.34263698783448554
11,7ba17b1eb362ef91a99a6f021b3f2b63uyo76,0,0.029606019044767614
11,c36fad0b52a6be6ec32cc5530c0a2aednea6k,0,0.12069744590740503
11,f416aeaaafcbb66aabb77347776db008qw96o,0,0.22612559188124787
11,22e65b6bf73fab510ee814cbaeb9ebc1252mu,0,0.2703317020508725
11,177b031b4a77f28ff167b427ca967b52jetgo,0,0.03103051975070233
11,f29896e71c8077db28617a03c0f14e7570emg,0,0.0017062558749742674
11,75613637a85df9328b743d33b0efbf1586qow,0,0.002225107713593339
11,01f498a0992d280de63ec346692efb2blckg2,0,0.6648529110224531
11,28763f241cf0483ca1dd3aa1bbcbfc37xntso,0,0.03390808711473721
11,14c69cd7fbc8300876f287520c493fc8xe2o6,0,0.0059974425002906765
11,e49dfe2adbc4b3789f67bc044c231473clc4d,0,0.07940537019608315
11,7bb58b7875a093cbe7c5d487a825b730mjcw8,1,0.9938905227202935
11,4089a2b7f26e5c13a7f3350bd52ebf8fh21nm,0,0.46461766550044054
11,b4210edd4ec9bf872c7108fdb3c6aae9cjwz7,0,0.021692626302017785
11,771f6754997a1954eced81d46348b4762k475,0,0.6828839870855947
11,65f52b46edfc7fa64b9e74557a78e52c1it54,0,0.0011962770501814117
11,b1c9bacacf1f33a8fe48d1a4ae4c761bcltiv,0,0.013263753384458007
11,2a73f10b3b8f2b825e220ba0a1d2c49f9nikz,0,0.000849184592148335
11,f473c995ca7b5287f9b2f079f0d78a1e92226,0,0.8103982552852478
11,8c339df2050a428c04a1c2bcbfe4a143loj8l,0,0.02605144138628547
11,b3dc6151c6813688d0423dbab13d3f19crw2w,0,0.001387454372668059
11,537f38e5fcf2656968e0a1752dd494ba8z1jc,0,0.0015537090325676306
11,786cb68d5d2012dedaf70257449090f2hfb88,0,0.0021531947710032363
11,d154075c75cbb3f4b716a16c88eedd774i8s0,0,0.015391281316765596
11,fdd6944b3c3caaa7d1234ecfc11f8d080h90x,0,0.0024072583016082664
11,222d3e39d4a292d79aeef4c04e52aaf24mgkb,0,0.018305998530522803
11,b9cb81e5855add059728cf932f0624fefbi2t,0,0.03390808711473721
11,5db8eed67a7b648d1f2173b665b79de2vwdlu,0,0.05440082525561906
11,5640f30464bb5a7bc6e98fd2873fc25dh78hp,0,0.16060637007734463
11,6c11cc7744fb52a632306ca8bf966cd1e4zxx,1,0.8800920162466608
11,b08034d2d4fa400b457d4a59a2482e8enfhqw,0,0.0009475197893663238
11,0181b91f58e6cbaa832235e2879c9c00ovrzi,0,0.002093787066259016
11,03e884d3e7e3356608187d2345e4693fyt29x,0,0.0018328486958854842
11,363ba0a2afea1b074fc1ed270c86050byprz1,0,0.001623559577689582
11,3fe1dacbdaf96fab0c213e218968c518twu76,0,0.015120224719140653
11,1dfb637157cc0e590e50d724cd4cad6d4cacw,0,0.002183576821807896
11,53e2d855e008a5c2f79b4b848d467b86nofo3,0,0.04072521666418561
11,efa1611e96c3238913333b8525c6a196rvy38,0,0.0019514896687779924
11,aaa686462ebb950550fc1c6136ffb273vkrc5,1,0.006419672042900873
11,b7e0afcd391a22444eaa566aa527eec0x2yv3,0,0.0013862577366090714
11,65d8228c6c1e5b6042f397afed8a5c7cbo6x3,0,0.33617526081681
12,624f258b49e77713fc34034560f93fb3hu3jo,0,0.002681705698602731
12,4ab12bc61c82ddd9c2d65e60555808acqgos1,0,0.19210710300680403
12,25558d24bca82beef0f9db4ba1fe2045ynnvq,0,0.0024180188919063635
12,0a6ba32afe4756995db2f5cf2461cddbvj445,0,0.003791172421947339
12,585e7c21b80baf2225224fe140cdb1a73ddrf,0,0.061942034132714055
12,25d75fd439571c1d9b946f5ec833786063vom,0,0.0028449705454316734
12,067ff22ebf0d33fe0deedc816d75973865jo7,0,0.34870816723773496
12,11a38554244f3c14de043aaf52345c35jjqvo,0,0.7871064164046111
12,d878560888b11447e73324a6e263fbd5iydo1,0,0.005500646846693735
12,eaaae0fb54c7d36724a9679c3128d5a7gn4k5,0,0.14006431466105626
12,322addd5687d99bf69306148e12f87dc5jbsh,0,0.010702736835272626
12,2a7d1f9483d34546c4d099e36e3a79790qvjm,0,0.08005587498810564
12,342f22fed8b1e90c6ff1a6b7bd80f6334w094,0,0.003796438143140895
12,c0e1ecd40b81bda3b7dcec501334499dgzq17,0,0.013129984702784623
12,5f50c6187a179e2ee7ba2fbcfc845c7a1smgr,0,0.00035203713734003505
12,68d468e15e0de0bab9694cdca8e799eb2j8kn,1,0.983869933362132
12,f60edfe5177cab56896a9d6860995095cl1bb,0,0.001563860433422812
12,481fdbc92e77bba4c9611841a7d74071elwx6,0,0.0051662427073262
12,792edafa0603516a57932e6103e9dd54ajar7,0,0.010962232097758103
12,fb92fc925c5df50f4da7874a7542cf2210z1f,0,0.10575347112460379
12,927c5e145de79f9ee2ada0ddc054b4e9hc3qj,0,0.0154794579982327
12,bcf95b210295831ff6e20db3a570f909n3q25,0,0.3363368468683493
12,2307bb06855a6fe75ab56ee6b4a3860835di5,0,0.010962232097758103
12,f769b9f92260ecf046efd05bf9ab6822j7c02,0,0.0008312946053561915
12,da6e2a5651b4f44fa3cff41cf9731ff8qc8fl,0,0.012268514947178462
12,0cca10034c58287ee6fbec14a3f96c3546sdh,0,0.007794112827563342
12,827da66b68b225547050c11df16f845618ptk,0,0.0010870457042295098
12,21580623ea81c5b0b82aaf74890218e5mio2z,0,0.20230206416973448
12,d0231e5200b870c055db7e3daae24bc8lt7at,0,0.0034885610969399073
12,bff9a98b73f2b9a01300d3fd3d55b16b1190o,0,0.002410402839588735
12,6086425310e05e77a53317490e8c1f3cxzf2r,0,0.3397889931173095
12,d65efaa8129a85f85bf909e5abde8c3628gfv,0,0.08254767640276046
12,5960fc711b544e2617d0f76360b69e2afds2b,0,0.019099964074850154
12,d5f997729fd5a0aa13307e027804de515jziv,0,0.04802477028513493
12,5b25a86acea5ff395bbd62399bb5cc9bb7h6i,0,0.014412929841159008
12,ca76df527977e5168e1b3352cfab2ed9htipb,0,0.005280373263280466
12,22fb740f267ac617118261b2fd3365batisfg,0,0.005734024810859467
12,7264bde42ef4fe3fa19cc7c6d64696cf7pqtd,0,0.009673398050439515
12,3d9910a238a0f282ad3132dd6fc981c8tv3tg,1,0.3435185672967758
12,dd661e2d6e79a5b3e66c82373d50f3ee86k85,0,0.00035203713734003505
12,db83d746ba8e0c388805fa3fcb235743vfqmw,0,0.26777269130855486
12,01c5692d487454cdbe731df330bef608f48zz,0,0.014918558923258217
12,3be127c56b2de21dfcf2836f20afe249hqkxy,0,0.02514498494896162
12,1053ead33eb1a5db7c36c979a455348abh9ns,0,0.0011155980612563847
12,1af4685cda2979a608c4b6ad83473774qgicn,1,0.6375403745600814
12,e909515a6ae94a86027c717c4085954akbpt2,0,0.015761733526900405
12,1880a778c9dd0cb15ca1f052308a8e04g7e35,0,0.00585773641913227
12,8ec8add138ed551bd5a9175eae0cb972ie0pk,0,0.02192488146348261
12,6a87cc9dacae884e817de2ee08452e76dx9mn,0,0.02393014106169648
12,e0413f338c43c9d55ba53612d2068f65t4gs6,0,0.008282830399686442
12,f0c356e136831c41884b0732ae3198e0gcy8w,0,0.0039474303978276615
12,c76f30b8330b6d14fb872b30fcfd9d57phbsf,0,0.02383210232321918
12,2736ee274114e9440463bde9fbffacaa5xky5,0,0.022042283209517587
12,666e1e141862a646afaa2b71fc7d2c25r1b4h,0,0.00210092294135114
12,e3ea1d5464543a1ef3a9b60394fc4ab6i1jk3,0,0.003432670655089983
12,eebfd257525e52b67969ae9d8760afff12j3d,0,0.0030935534159669373
12,3d8cccb637b990ec64d662d66ec059cfn1p3p,0,0.0039435250073613735
12,28c9a5ea8aae9fb4f6a755f94cd922361v9ow,0,0.22403594315418623
12,c8d972b803b46212369cf1b480328dcehb9jl,0,0.0032615671869235968
12,1291b98e40353f77928e363d54a13c569bhfb,0,0.01105754884705111
12,481db1a88023d22b3533044bff5239dbf3cda,0,0.012288279491233855
12,175a06fdcf622c9455d0a77990b9302dj23ke,0,0.10435462228915018
12,518e9fb1055de6532ed2df6d03fb78feus5s0,0,0.04519851862182147
12,28aa6c505e308e49e586e25e1897ed2axjiy0,0,0.0017381986963621067
12,e8e4603ed284adbd252a7a601f9bffe09oq6f,0,0.02001037641375075
12,17c87408ee1009887112745797caeb7fwvqfc,0,0.004612073535415791
12,179a23cad40c51dd7804069bf769d11e1ftk9,0,0.03846956058325947
12,585b938fd44968d0d59fcac453cfb3b8p8nti,0,0.15496079932452908
12,f535b28ad58c83d35ba87fcd46624148zbh6l,0,0.008471346140066238
12,cf456f3c8c409ec4060142acfdabb5bbqpx7q,0,0.025576239066192455
12,40e00fd204d0ce97110032bfc47f423d0bgrd,1,0.6389239349174146
12,db88530db963dab43118aef5aba127ec29abp,0,0.020562544150431402
12,47c5cd21a74e45dd294cdd53041ec0a3dw3ge,0,0.38237731972352385
12,1680f758aecded6e25096b3a6199b38en6n73,0,0.007408625503962039
12,055282b75717345ba6f53d40e9e6d6c56qrzp,0,0.038676305213343656
12,d9177cca9a1bfe3478cc4f11a0d57de2p8ahp,0,0.0299381041804454
12,187636e527504df29bf42d4a2b7767e54bgv7,0,0.00035203713734003505
12,7b5bd948eb1d8075be58ec9240927bb59ugz3,0,0.0024712294701983504
12,570910327f5584ea1ccba92634d89832lo1zc,0,0.02646283592893265
12,a0660fe8a46b9cb6b02e7b0c50eef6a905vt6,1,0.430618945987397
12,5bbc8f66464ec2d962b0360d1d74bf67imj47,0,0.001533498522520405
12,9ca41c3c062146a06d2682835f5136807yao2,0,0.0012919646374154332
12,7f4e84da8ed11f4ea3a2d276f49949b7o31us,0,0.002224948232463052
12,2d82c3dc726d2bfa19c5f16ec3de5023lbse1,0,0.05286753720870293
12,d65c538ae39fc1a7e0677583bba5fdc6ax1et,0,0.33342414936992415
12,e5f43783127506211df8c6290c2ecadbyr779,0,0.017259171604900057
12,cba6f45915ebbd4b5404c6d357153c0adeblt,0,0.06099727641448762
12,5c725e840bcc103bb8d12c54ba9a0b37blxvw,0,0.002754414104346798
12,f18d2ebbd5e48ef4f1ee412339d6ed7adr9qi,0,0.004473386272237592
12,7eb6a5ffc5e8471efad7cdc8927daf677qcf8,0,0.1604953071394582
12,65659f3fbf6207c570c4bb8ac64772e9umh95,0,0.010962232097758103
12,c4b598fcb343bdd2cf826fc7541500e40xtte,0,0.013129984702784623
12,7029915a2c5aa5d964acfd85c30c3950b4opr,0,0.0184222597582821
12,eefb0b863345336dce70312ff0f8faeb9qksv,0,0.001760745273390175
12,88e24a019c32a60f2ff315a9d217ec33q144x,0,0.0043830319888618595
12,e24542c1bd46a4a0f98b0fa95d8fc40brecdx,1,0.5864274813088816
12,30ef7862d69b3440ebf2726ee85a0b8397ta7,0,0.0009876191115299642
12,f8d0d52114da74d98800dc7553008705dth38,0,0.01545469593220502
12,5b45b150b6b683a98b5bc19c4214f44cvzru7,0,0.00184785636457598
12,01255c2c7c5578c186873422fc00fd7afwk8k,0,0.006136988116791174
12,37921a9d842612b3b0281f7098d0002539xrj,0,0.0015909633847287759
12,18eb8d55c84019b9196c5ca7e072b287bv68e,0,0.0036177001824667606
12,a4c40fd7a4c1040283fb2b84611eaad240849,0,0.5901015102217362
12,fb6814db96bbaf61f42270a85f0f62adunxft,0,0.002570533225430172
12,eacfdb47b3daccebd9f16779c5542fe5eytoc,0,0.00329063276661281
12,64885ec89a54c64598b2d196e1fe2e351cd60,0,0.0017576712583592267
12,cafa845bd657b17eaa82940d4767d9dfe9uxg,0,0.012268514947178462
12,392d936106b75256632c9dc83c4f1a169bke9,0,0.007856718406573038
12,2a4654987b59646a120ac74301339afc4eylt,0,0.0299381041804454
12,a6e261c09ae8aa7d0a47ffeb0110aa519jowa,0,0.2723176345593463
12,14f226ef57ed64d8e14c8b5ae929143cgq3em,0,0.011769645421352544
12,a99f91d51e8d9f5786dfa52e24292dfebi55j,0,0.002180126759819057
12,c9fbbfcc89730e961499b4b30ffc4a98umxko,0,0.0013567276458229484
12,679d60378d42ca9d3b8a28073fe14fc7bv4jh,0,0.11403626888189619
12,29b8af2fea3881ef61911612372dac41vczqv,0,0.014646983884021693
12,c1434e440370882ecf00ac52140f7adbuy1e9,0,0.004847979811439608
12,8bf04b0a219c7834b25057c0220b4d0dhwdsg,0,0.0011599885568352912
12,0e8212e286ee36da8945c2480e366417xa22x,0,0.004400091073890922
12,b725a638efd8d51f66ae2f22ce1df678p9es7,0,0.1522351930544677
12,01067975436d123f717ee5aba0dd4bbfa0937,0,0.021287713693838604
12,1ac788675f70655e71a013892d701e901kj13,0,0.003035324167403652
12,37ca0d0ded383d709676a4f9729ef39cpjfh4,0,0.0013985565337913603
12,1b268ea4fe034638a92d683b94bcb330vee4w,0,0.0013038817738303674
12,9e9270c06937bfa13f5b29e737c3438fcocyn,0,0.0015120749495066298
12,163097c029285c7eefa2d60e474d65b4ap2l0,0,0.0073413766839673005
12,44be920e88377290bb204795f05a20369jp06,0,0.0013677417852530538
12,f35082c6d72f1f1be3dd23f949db1f577t6wd,1,0.015892466286837055
12,b77312a06d10e22e3caca85fc7fe0342b2adf,0,0.010962232097758103
12,2eaf4eef52d5b17615d08bf77386fa42yotej,0,0.024766484332010168
12,80bf6ab93fbb8316efd5c0b42d4b46c83qrdn,0,0.034043584483317485
12,4d0d345f552877998f41ba3cd1ba299885vu5,0,0.00035203713734003505
12,5aae3111e4fab04fa5067c740329a38d11361,0,0.002636945071412603
12,6713e820273f591bdff7d26a48ee30c5k4iii,0,0.10128458159549279
12,b7e16fd4fd9ff04b7d741b70730b7b6b1aw84,0,0.05130090883037111
12,80130530788e55de6e9fd515271859d1kgfsd,0,0.027946629133102
12,cdf76f38b6f46a3bd396a99123d26909xq5c3,0,0.020093005920573784
12,46c0ae10d60c4fde2b6301bbafecd7b8dcla1,0,0.05954369827899701
12,38125387ec30412c438280af8931254dmvfgb,0,0.001721917367868378
12,4bddcd4957ff826dfd3b3efe6eb96be9aw5tz,0,0.011861740903203454
12,fba0c76970a464cfa9c043c906442f0eg53a2,0,0.010962232097758103
12,f8c42ccd10c3fe515e53082f0cde9a18oxgws,0,0.15935455217379657
12,284cd72e028fe176f935114521ee998c5jsko,0,0.0012365147814706898
12,d8ada60e3b7204a104bba8c073136bb40772o,0,0.0018169651080161067
12,e2bda091a91082b774d59f2c5b8480ebbijs5,0,0.0009850350502567991
12,4761b2fdb4ce610d1d8dd9ea50f478cf7et0f,0,0.0013732309126370222
12,18b5e850a1c10e681cb5fae0704a699018x6f,0,0.023891904334840328
12,c8e474ba549fe924bff9d3f585a9943cg9aju,0,0.004156293617589748
12,403640a20dbd2c4bf554e558de137deckn70o,0,0.010397759723205433
12,02030ec48b7179a7fd9950fdf546e3feekkye,0,0.007406240906795348
12,1dfa6e724441ca3c913b3d40967c17b2p9xr7,0,0.001986818580247638
12,f27321571b5b6184e86acb6203c766f2bsfxg,0,0.020787073416628696
12,49c3957287d24e69713e4355933b74baoijix,0,0.0028706792510405457
12,59fe751fb6c277016b7ebe3609aa1b15vhg7w,0,0.00035203713734003505
12,0ef9be4eb3b6a03ac2945522964b242ap09cy,0,0.0017213566169177828
12,359444416c25e6e90ddb2e3d3d0bc23dufn9s,0,0.023891904334840328
12,f0567f6d45c0f83b9874681fe8dfe0ba6hjlf,0,0.01919868114451624
12,a4734769962126673e975a627e930b5fgc79n,0,0.0044121077970823725
12,ed5fc53d096bcf1b86c30128040e775334ut0,0,0.15778098091483247
12,efdf59a8ca81c5d3744f9121ac8fd2c7coy3g,0,0.001828441674281519
12,14b2d98230228eab6a6db3efc41660d7kp23s,0,0.002382405401661821
12,b79560ebfed7c8cbcfb97475812e0836twsnm,0,0.001224277997371188
12,5920a92dc2b65e257061017a04eb5361tpa9b,1,0.7400229922449492
12,c89ad997f646e388fe375d7fe33a3727dzrh0,0,0.07004818996951208
12,d13cd9e0a7b95c0a35f3456014865230qku5q,0,0.0020828222718694764
12,1e3642857c10e72cedaf7890e3c07bfa8ibzv,0,0.00035203713734003505
12,45fe4f0fb849e7195a1efd5495d1285f2culj,0,0.0017933109446597955
12,414af5edf09c473bde75644b76a68e7feesrw,0,0.05371130176606177
12,14bcf558addd6e6f2818ab2bda7dc679jqoon,0,0.005719682063215344
12,7622d7085237d6b73d08e9d70ed11fe3u8mwm,0,0.005800956855687079
12,8cc03b92898255ce4b096454645599ae5zoc0,0,0.0016938884618222692
12,69e97e52dd6428671f46f2ab6567172d8mfar,0,0.014813765966171424
12,5d5816d216122786933fb74c459f35fc0vnac,0,0.0030968148581467527
12,8ebc5b544d62622e45e1ee22a56265e0xwwsb,0,0.0033650165580911915
12,63e3851eb5e1ee98df1065b333f6cb81mlby6,0,0.013517608177100727
12,de3bbaaa3bbc1fd1f751d23a972916d80q8e6,0,0.05127666294229644
12,8af01eeb860c2e6b1512377f28953110ml638,0,0.027689919427854825
12,60849c6d966f178808d94543173cb93dog4gt,0,0.001279706271706648
12,b416bf88dedd6ccdbc3a2146524500258qdzz,0,0.01497258994350086
12,3df41510a5044de5438015f37dfa3443bt7pp,0,0.011674604283629134
12,85499f83c5f1674c87d0fe77838c4da793u8y,0,0.04574673730319461
12,bfc7a0819397d910db7c24eaba1ed4c68dwiq,0,0.0010756691227604153
12,693085cbb28f505f03b025dac8681a3bvfot8,0,0.16726534376823327
12,67616fd2a1de5c46e32041354efa88ceahbhq,0,0.21840356414892295
12,54379b25f1f35d9df78da9cd774cef74u5wt9,0,0.0241139532004669
12,8215dac41ad35a074c93bfcfbc0f908chlo5n,0,0.001404805397305327
12,a2bb8b3e3ae4566203eb5b3021b4d594pohf7,0,0.006257135906762969
12,a6414c637c6f1275e2c62c48fb238c5d5aw03,0,0.0032605973362792437
12,eec2ea9d9b292a343f8ee566ba252baapagwb,0,0.009326887685721987
12,d26cca81c93b52ae3564aa6cdf33f5d5mkliw,0,0.0016853290513474401
12,8e05310a342aec93aaec69a638e83a96aqyo7,1,0.27698248339464615
12,70c31e8b3476b953648fd4f8775c1950m1uz4,0,0.0030509513377704293
12,3550d62e04bd3a1239eedbc29d9c970279b1v,0,0.004693663331152198
12,ab0b0de534bad49af05faa626b88389cmjj8e,0,0.17161843047072955
12,74ae4f7b1692dc42622696303d9d4d763vksg,0,0.0012907906961229267
12,9d1506d6779356dda24ed87d41f3be39yn1rc,0,0.0026629241058680245
12,c963c2dcbeeb0b7051bd3a6a87483ce6i98xx,0,0.006989535147410159
12,24108e769a15b155bd2d63c58368ae5946zhs,0,0.005178136987254678
12,e2165ff862178c7b2946f7f62f5a3e51wcvaw,0,0.012268514947178462
12,c62a6956e93ac3b56b1292f2c2d85b1fyekav,0,0.00035203713734003505
12,5a823474f9fdaa129dea9fa690d51b62rgm7q,0,0.014821673912010846
12,37702159c6cd2c1a21cf66600e96cdc6rdbff,0,0.010962232097758103
12,f3ad2931359bca59c36ce55ba82f9af8enbi8,0,0.0017730231861135856
12,e22850afda081aba360cc18e2a9021caqjjov,0,0.00526656429145489
12,a71f9ab1d130394882cbdab3c886f1b0fm6hu,0,0.002320736266004111
12,98ad4163bb0b1abf72f165056d4bf1a1g8ekg,0,0.0025818655788322864
12,764234598477e02cbf8a43983fd43850l1c8f,0,0.0012428416291609171
12,3a32eb1c6dcc818e0df4953e978f2e89ljhnf,0,0.0012007059921656927
12,c08ae3075278ed0d139f00ead52ac2b0oy8nw,0,0.0016481102353130186
12,f9753e9fd6e25e0a1ae176ab95c31146iaqnv,0,0.0025986340858034328
12,464506515f2ae684bd510b3a50b9121ec7v3a,0,0.03754743448188016
12,171fbac128e6dcb51d0f07cf7ed8bd3er891e,0,0.8982149882085091
12,a7c910e7c7796d979aa9a7a31d74a8eaqsapx,0,0.013726731786236566
12,6679d668a393f336ba9d1cb6a154e03aifmkr,0,0.002077413826401582
12,58f590a56f480589646d255d570b0877zcjw1,0,0.006351486895732782
12,a8c2410eb81513da23261a49135e4eeacw6dw,0,0.020562544150431402
12,4d1542974bc322859d3d099b8c5193felot1k,0,0.8249692667326877
12,465c4f2ad08cc1e5f7a5e1e3ac75654ealh0g,0,0.003782391187056271
12,1395ca662a02245233af951cc7ad8313vk6w0,0,0.00986686894613829
12,af14436f293c40a9904d9f06a323215bf7zdr,0,0.00832958324825736
12,b9c59dcf41cd0a7ba779154872019cabmohkm,0,0.00124173158247598
12,6429ef4aebc7d1f4027b31a6e900d165nqvyz,0,0.004580478744470062
12,bea63152ca4d99f549999ca57b93d015z9kyh,0,0.006654873671844927
12,86a626c876e7eb4be35f4f0b0a78f97a1rn7h,0,0.0020480247253546516
12,8e0462410d727b34290fec10fd5661761yc8u,0,0.001938731534810792
12,e21b238213c361523d276d67f37c05e3qot5q,0,0.004662784339785221
12,424aed9d807cfe0b2167cfdaa4957fc0heell,0,0.012803425636086498
12,ab3e02a6b47b250b738fdb010dc84cd7lrr07,0,0.006913008750848073
12,81c9c749b2c9f97215f3ddaf8b5a5fe1k757u,0,0.007892476324193052
12,9fbfbd8a57e4d4b18338063ffa43f1bez92lt,0,0.004515780750461248
12,a06311ea45de34bf667b79a92d13c764i6aiy,0,0.5968094798857739
12,d3e1891edac2851f6d34de566802cac8m8dn0,0,0.004293976598391557
12,9f280cd011f10593dc245dad1d93b11dy6rg5,0,0.0018865004269033325
12,9a5fb8e2e5add29b006d789e4cfd1513paga5,0,0.010962232097758103
12,86a34cdbb975c141eea1854b10dbf1c8seom3,0,0.13991671486430407
12,1d69e006699adba0c79ab06f2f622445nuu63,0,0.0022297718764215657
12,47183c1427a3cee97ff9bd167844e65d9dzi2,0,0.026977378253058418
12,8f086b809805064f3c4a5dd48327c0f51yplz,1,0.12359565221421827
12,6362c8d61774cfcb6ada7cea1be63678hxkfz,1,0.71175563664898
12,03aafab9868455b78f0723eda86698ba9v9rm,0,0.5663842126881053
12,7a3378ad9999b1fde0a4562a9b036f038cdal,0,0.00035203713734003505
12,ae0dc05e48d0f1e3ad33f37b4400bd069jktv,0,0.019058502049784355
12,c749a25f3a07304b959065d83bbfc5f75u1my,0,0.003756134734819708
12,942af1514033a612b203ec58f7894c9fv899u,0,0.03751756102723061
12,5bd35d55d367d7a21d98bf6a19fc0dc1e5j9p,0,0.0016978093656231578
12,a0d080012ab98513e39234e4545e93be17tt5,0,0.001896054547520749
12,2540f8192e425f9fb921db30ac1bfcbas4p6g,0,0.056665102660102995
12,4b32495335dd238db6285f7c6bbe051fv1qoe,0,0.009592087720562517
12,43295f805d813e816fee438d9a394bc4o4of1,0,0.0012226732811210107
12,bf6f2ca50a3a6a3113681e754307aa4ehnd5j,0,0.005623824366028511
12,3272e16da807a75a987e26b09bb2147by1mxe,1,0.9741030057184101
12,bb73823b1c3f577402c9aa9eabd1e412vp2xw,0,0.4901163519501764
12,a71f84e476d03bd0b25d45e44eeed9a8efehw,0,0.21794469584276616
12,d428139761f7b7563d57bb1f87b55876388j9,0,0.0024549471007639786
12,ffc4e2dd2cc08249f299cab46ecbfacfobmr3,0,0.0017965469490357805
12,65996114740a63c9e0fde74bfb6725b1k9nuz,0,0.0009575639327062246
12,142a2545c5c01937b05ac6de9773f9efgx0eb,0,0.013690223786598813
12,0d1815382b08885d76c671ab600133adeyp5e,0,0.4239182101366055
12,dbbf9d9b1d7fa110208f77a681008077plqng,0,0.0014799735930949235
12,7a9519ae09e328b09d18473f96ef075fzrs1v,0,0.009910217701401207
12,12df4a9cf4eb203909e6763960b79238cb0yg,0,0.007484678514298607
12,7639039411fbcc6cf1013b247b2622a72g0r9,0,0.006492339222594105
12,67fd1325fbe3cd75a110cc80b9df9708l0w52,0,0.056127338843962364
12,b86050461e88566061c796dbccb1f7e5at242,0,0.006389117083073173
12,486dc9de91d243625863313adc03aa6bv4s1e,0,0.003882753570009766
12,bd85d0d7fbbfab49136c241bdbe119dbgkuna,0,0.0015475121134977175
12,4e22432d4a059b14d1d6a68a1feaa953k8vrb,0,0.001238182518161882
12,25f1a9c0c83eefedfc2c1589e763c2a3is1qy,0,0.0023156926922300856
12,68d0de6b2b019e4f93fe89ef3c9d3e21zajj9,0,0.03198976579094184
12,59d96b423ea3ed56611686300b681f3defm4n,0,0.012188668431442345
12,32dd072b16a69411ba3f67992ecc3e2144j5g,0,0.015892466286837055
12,38d9e2e83f25229bd75bfcdc39d776baz5zu2,0,0.07459546109966957
12,e833712b1e29ffe74517e2dadcb4f2d1pt5t3,0,0.0922110113051931
12,48badabcce6015d257ff5809761486c8qgjul,0,0.009344518588962417
12,e76154d73bb7d7b86d9bd48d167d3c679z0va,0,0.5169776484674155
12,1680b6a12fdc8c64645c00ae8048f99c6uzoz,0,0.0029061751891201163
12,c4709885ecca7b90dea4beb5dabd68aegk2pz,0,0.7680160241316081
12,0547dbd3ecb4a293913f138d60b586fdf4ane,0,0.9693618057257619
12,7da6a36817cf2d8c3be218a32ab25550c8kg7,0,0.005392896867334365
12,c16a9bdd369ed3ec2891c46e64017560fbx69,0,0.0046409408991483405
12,dc4efb7e05563288d1f2ac4ca65c6734017ql,0,0.02494066433961769
12,668d393e858e8126275433046bbd35c6tywop,0,0.15093386279258664
12,5e3747785e44d85a41a74470c051e946x01dp,0,0.020562544150431402
12,2cbacd5b066b7dff7e0a87e1ef00e0b4zpqzw,0,0.029635120556295653
12,a679d00c30c269a8eca148458abb8665kciaf,0,0.0063074256543508315
12,d5337c2d4b58426b30c8733313eb5247syn5p,0,0.0033361307331539435
12,1f2d607e5cc04e790e3961a6432d7c15hn4qb,0,0.0022426807473079906
12,6326299ca6a53277b2bcea07bd0b4ba8ktbqj,0,0.0011123182037768812
12,aa3ac65055bb4b1660f4d8c1d2c187ecoqvn4,0,0.002119502555088577
12,e704e6fedbe6caa9b434509d085f4c97nq6k1,0,0.0014376564934581771
12,5c2d250afe88df6e4ca3ff08d991eb67s5erh,0,0.004495054287930668
12,8a7710ee3c886df8ca78c88120603cf6taql6,0,0.0012232266757521116
12,531d4a209ec0cf76c9337b42fb1c3d9c9tcuv,0,0.002187591726242338
12,c0e4be8d520c7bac2f51ad80a98876c2aan70,0,0.023891904334840328
12,7eb7b2f6a914afba5c3d207dc28a93aed9pnc,0,0.012193684137709666
12,031da7aea2d4b75ac8ecba4825bc1318yki1d,0,0.0013504847410517025
12,958de49cdd870198543313fcf574d7c4eutrl,0,0.09190353981422207
12,67fbdc4209a1566288acba904a2b5a7ee588g,0,0.014314765426316012
12,c8f537f6bb0aa2d45da541a875f014358qm7p,1,0.014695965450314569
12,d7e83a95a05308d4fae6428bb9073a7bg8aoa,0,0.0016250812433296626
12,ba319b8bb68ca6a12086f2410ca7fb3buxsei,1,0.4978794670082095
12,0b3d5f829d18ba30d967fceecb58821c3oeqa,0,0.03673423967422005
12,67ab503313f60aaba89f64e2ce3b459fvyahu,0,0.02190315565312552
12,79794d93380946ef72e95f55b4abc008hsns6,0,0.0029436993289104676
12,14fe3602f049d4574cdbdef13789647dsgtqy,0,0.013726731786236566
12,5c5dbe70c2cb05d208c22d204146e1e9f3lvq,0,0.01156422096207424
12,93e3c34171ab65e0b031dc67461e48b478u36,0,0.002741877543409192
12,6c3bdc508c20f2f3871766cd73064c8cib3xh,0,0.0035748191133242626
12,862eef3a75e1351593b54975cd8ae1b3swcxw,0,0.008152885424574778
12,6b531ceeec5892121e04dcc6f89b10a70yqoq,0,0.09276135131785265
12,8066d0a6ab30c52b3ddca5da19518b6188t23,0,0.005003567241760143
12,dfb23124fba16b7778f65c1c8d091f949jz0k,0,0.5968094798857739
12,5114111892d49b59415284dcf19ceebconhvq,0,0.010962232097758103
12,664adb319c2be43104b6565a8ff293dea0f01,0,0.001081211302217011
12,db12e9cad5e847cd7a40ec1ee649e475iwzqo,0,0.00035203713734003505
12,97268eb2ac171298eb03ecc6445d6879wk3pu,0,0.0013771066633147065
12,197e90906939267ace2422e78e8e83889znqp,0,0.1230812246385698
12,8884b7af726ce7bd929482ea13de19d39lzuv,0,0.010962232097758103
12,7bb914fcdec49aa88c7310a3dda716aa9fb8t,0,0.0025964473587871285
12,31c840378b5c2e4469fd2e7f5a1e5a7d92k7u,0,0.00300284805165467
12,ef415b2bbbb81ed33cec7242678975d5m5qk6,0,0.004607750177864038
12,737d19fdceb065359c77b81d27053c4e5quiq,0,0.020562544150431402
12,d42604c7cca8ec92839e92508f2a3e52ehz29,0,0.015804903775880015
12,d9d24106ae1ff4f5bc4ec3caf29d7bd2c2f5o,0,0.006188699925183443
12,9dd7e7ef94a7bc5bc9f98c42099910e7o76qh,0,0.0030711782580284553
12,8725b0aa1a32054450c16b099328fbcbi71gi,0,0.0031241443989147894
12,c616385a2762ecfd8e4ea16d8a1f2596qw07a,0,0.008884669823543153
12,c353286290001e0943ed9bb160145c42etrf8,0,0.010962232097758103
12,25a4ee3a528004bcf4f4bf62b9208a7dx96pt,0,0.14068026984227402
12,6ebbb4e7c3fb4ba44a89bae997717924gm89u,0,0.0022822334330356107
12,24a32bf10c4a5d4d91c27da4710c869a0nqim,0,0.04489297594796115
12,af33d5277890ef0b5f55fbbf400441c9hdehk,0,0.004139834052940222
12,74a35c4376559c911fdb5e9cfb78c5e4btqew,1,0.014813765966171424
12,0918eedd8324da06abe5600f058480dc75nfo,0,0.0020685087051520797
12,6f07ce71625a0c57aa5c0c05071cba164jmba,0,0.0022420667925040962
12,353d05bfefe1dd96d3335575ddadf310rgnrr,0,0.0011818059931438798
12,c277151116ce38d8245f9f2308807af8t4nnj,1,0.004249363608837576
12,00cc97158e6f4cb8eac3c0075918b7ffi5k8o,0,0.004309772641825115
12,0f3ee77a46dd5a09ad20b7c3e54ec614sbpvb,1,0.06065012717646172
12,1a09feff347553a2577983d7c742e3d6l2hfo,0,0.1116121076400332
12,70739399d69a3b7ea9e72742dc728742zp9uf,0,0.03751756102723061
12,39b501f37dde9b055d627394964d3260qiktx,0,0.009032714886184227
12,cefd0ed907595de146c91e6c26b8ad658ilo9,0,0.009832523572091727
12,3144ea2711bef53de88d89d71acd16c5q0bzh,0,0.006248515385715477
12,40f2eaf03624a31952397644f1b79a6fvtfjf,0,0.03744865503032023
12,eeb7e43d894af9161f84692f2bf9570fdryzr,0,0.021542133841995513
12,a46046f129f3526547aca680877fd8c7e6tfc,0,0.0037615656472313333
12,2c449b1bbbd5f8d9bcc1159b7bd3caa32jhtp,0,0.003230533233781817
12,76c85d6bf559bc0323bbe1639d233e88nxy36,0,0.3412652107814576
12,a116e727a3dc0b69f5e7ae14d0ab40d44breq,0,0.0018104016919271912
12,437ac1b8d08c3b328924aad097a3dcdey2m1k,0,0.008060500631776463
12,3b8320619393a6f6bf12219b61cda688k4w4e,0,0.0025942500274904125
12,c615c31c87260c0d85727deff6da6667lgg33,0,0.004922313940018906
12,5a6376f140f05274d6e0dc888cbeb89eukxkd,0,0.4986739737453723
12,44bfa21b7d497f097a594c8861d4f8d4w5e97,1,0.17900718282800976
12,4aad6f0ffe775217e4ef8c91d69707545li52,0,0.0015332425167380451
12,6e29de28296a57f039026ffc6df9145cxo2n0,0,0.2581159044325488
12,caa74df2086d71caf6c1b2b9c81d3d98xhpv9,0,0.013844245242480496
12,f2f10539ed947e4b141b2e9bf21af65ecz4f7,1,0.9665714085470111
12,07012e0507b4281d430b93ddcd96cae66und7,0,0.0009172562362681207
12,120beb4523541f769a2b658cbc41dd57w7im7,0,0.00267155600634056
12,1a764d01d19a1408382ccace87e61c9fndlo9,0,0.012268514947178462
12,f0ce8b973cb8d6eef9221fd3d6698fd4kl3g7,0,0.006336492273415373
12,ffaf0a972a6dcb3910fd6b16045781e2ava5y,0,0.0011915197402467762
12,e4bee4e53a19aaf71e0ac0e3be752b2cz3k1j,0,0.004326430163921799
12,53d9e7fa087a0dab6a472bfbfb694622jv072,0,0.00143355758349053
12,4d2fc319ce6c2ad370052e0f6f2b0a1dxiyau,0,0.007205115901231784
12,681b4f9dca9e70441fca4a58c05b0f50skmir,0,0.0007671720273981087
12,6ca1de75674e78f9d3d63fd96fbe6e172t86c,0,0.0050568849158538764
12,17e4d6d9a1f8ec00cec1d4fe79b059bd51476,0,0.00740025221587215
12,3f977186d125ef8bcbee0c1562c7ced2b4utq,0,0.014413249783307925
12,4641b5a43c7a2496ef93af2ca590d2c94s20x,0,0.004544974231505544
12,f5b2bbad20d1d7ded3ed960393bec0f40u6hn,0,0.12671174271712737
12,35f822bee4f85d98d5b1b23c65681974ywyuv,0,0.0027993531402108586
12,d8a10762de6d62c087a0a8f0e61cf78bbgke6,0,0.02345527201611518
12,b6a3aa8c0f2302fa35d7b809d9371deeypvyh,0,0.07680366117877438
12,c41cd6791e262b44d26bdb3443fcfba97wlm3,0,0.6093908344032614
12,77b342f0d8769898619a935e267eaad25rubb,0,0.0035874284037975303
12,bbf1dcd2f0100fa90e4a8544b90e35846p5y0,0,0.0022181950063283615
12,c99b1edcfc7f0c751b68fb310d34b75ei6j82,0,0.003307909490991585
12,417adcdcd7157e75c66469c07208af00qjnuo,0,0.02851227770255633
12,b28e6a39ef0cdda29c5e350e048c3a813idk1,0,0.023891904334840328
12,ff4e39c0be8af4b17a73dcb761e4bb6dmop0m,0,0.002487495970045283
12,f1e57f96a91c185a7ea716c2481cabecpi3ia,0,0.0033837592841374753
12,2d38a6af2ce96c1446f900aa4756b8975y9k3,0,0.0005812721436101192
12,f28b5654b5633a0b5e3f757a16080116sjj1b,0,0.015774852207195544
12,4fcdd880c4e1a1767c4d26f74bb3466f11osj,0,0.00035203713734003505
12,622a477170c3e2215b7e3cdb06db93aezz6t7,0,0.07372764387335108
12,f7b25abd850df9b0e0b305c6810e1ec3qbtaf,0,0.0028414437107612826
12,1899fd76b484b9275854787a6b003b8a93js0,0,0.0043464766676694746
12,458c8c4e10e5c1b29e3fbe5ee56d46e8y3fb3,1,0.9716254068318135
12,43bd7fe0ed7629fa774a461127a629f19je0a,0,0.0011935427325331178
12,741b9948c8cf42d658676e5a46757815zstr4,0,0.0016544189926038142
12,4c93ba564461b1412df6f033c8ef71e8ck438,0,0.0161769063402497
12,25aca203223b4d9563f5b1a01aa3a21ftlgve,0,0.034198790745622064
12,e54c3b01eab75ad3a616d56dd06ebef758ua8,0,0.001563860433422812
12,385325103b3eb54b0b974523fb7a13e02go5s,0,0.004529489197609238
12,17a321c4a0d925ca80507effa52330ac5n5r7,1,0.007354888882354694
12,235f78b13fc87c995c1f309403ee56bb54tu5,0,0.005371306112000615
12,84f06d2c69695fe24cd69f8a1aae21a7kozbn,0,0.002877637733779225
12,9f34ed261596a1114cefe81158c5617biq26c,0,0.1513038532782079
12,8b253bd318229b3eea3f459bd81b8347khytb,0,0.9252685580895939
12,c17c63af831939f5e2fd12f65821db65umonm,0,0.6920568650309905
12,717a0a200628f9606d88afebaaeb409bv60y8,0,0.06121715984996346
13,4bee9aba2abda51bf43d639013d6efe12iycd,0,0.0361801910528407
13,57db69e32163f3e486dc6ef7d615aa12usje6,0,0.01880848835976276
13,3f3a3705be5ea07b9ba7ee646ed756fbssuo7,0,0.00217177564394112
13,d29003d7f3ec1f0e4ca9cc17e6389b4a4phcg,0,0.002435163712519709
13,c748f0d69cc89d5812c9fe3a6413bbb26351l,0,0.0021634709836967432
13,0d0b3d6dc27d0f8eed70971f8c6bec1bdrs0f,0,0.013749646953024677
13,a22fdc066a738070c6e4860924d06657hengu,0,0.6967721466663721
13,aabc211b4cf4d29e4ac7e7e361371622pockb,1,0.9928576148243946
13,e1da7d96b83f16aa80cc254572cc154fcoudy,0,0.005427379922734984
13,1cbd9081de4481ada66f1853737f7684ddjd1,1,0.959843222696298
13,cf33d05860b7f7d9af73c6091190b81ektz1j,0,0.05033694701038278
13,cab0d4e41ea81636de3bd3a1800d8da8x4yca,0,0.006578007743883264
13,7cb144485c703ac09fc73aa646041f72ogqwv,0,0.001871036382769023
13,806a46eb814ec7a09bfffcf38b0763d344tc3,0,0.0030380853227283122
13,20cb327bff59dc8f4fe1ac68a30f02eb6jrq6,0,0.0023373183722145145
13,80e753fbea14f966b1fc6d1e194d4e66822ms,0,0.14327218110909873
13,28c0d4c81a22958352aa742f7d74e477qwo51,0,0.009982521715925034
13,0e66933c924764a59760aaae5368e7d1e0s88,0,0.0030540238501464683
13,024cf43497fd7381df6254888670f84bwbbam,0,0.01286733768830708
13,12d6239a92972a35bc990225b3ab33466znm8,0,0.002252737981968533
13,15972a431aed117840dfce5556242366c3fwq,1,0.7718542774578567
13,fc8e62e5fb69ba67265a3d0e3403aa3fr8c2q,0,0.6046662957041873
13,36b84c776aea2e008180dbc72393ed750zsbr,0,0.037224497050575574
13,a9229b83f54a5f44a69e65b9b3aa7aa26qcon,0,0.005765319707836818
13,2e3b450b727fe3e888c85d52251fd33ffoi4b,0,0.002968863378860702
13,961ab8cb7952191816db53f8a11a35fe1zecm,0,0.010971291097628849
13,99fc8ed25265e58bc94d9d95180badf4t2e3i,0,0.025329310806807576
13,f90f13ddfc0f98cbe3c2346a2e30093cq6zo0,0,0.0026902438654341047
13,fdd836950d203286832a21b930b9f6b58ch7s,0,0.02630211093535426
13,6cd1bd77bbf2af6a2c6e535192af628by3h22,0,0.14604750282972026
13,520b616c26fc47935f6bcd5ec063eaa7w15t8,0,0.002346682282211656
13,85155ae64ccbde01b48fbf4b3f1b739exmqyu,0,0.003062286548613297
13,e613acb1029ecafd9792c9f75d468e4bmm9zn,0,0.0019405641621791437
13,74fc24cafc7c5936d0422b8da306365byjv2b,0,0.0027852285404514673
13,f186d292f4e83f70a92c97f92993f655ygqzw,0,0.010016533651475564
13,ef9ce9b85309d7d1044ce57055705bae8pqlg,0,0.00419438005596542
13,cd856579a7c4850b60d8763520339449x0mqg,0,0.0015464531751968314
13,9e72fb21f7581cfff84e833d02538e5ar35kr,0,0.0016929298282702793
13,b191c73f160bb9320dd3715bc3ffed26ymluh,0,0.0030777422832123148
13,408f81a85f3b31f8cabedf6ccd381961pop72,0,0.010788414517103528
13,64e802fa8e0c17ec2ba1b6425648b7cb7ndkn,0,0.03905098941769123
13,42c407eb70ddacdcd59d63f22caaafc4fa0p2,1,0.8053987504437657
13,b719671479e7d75b1ba5a5617c95ccad4dkvm,0,0.037224497050575574
13,5e611461283a5c3e49b5bfbf9c33b7391ce3h,0,0.0019020424640009703
13,4376fc192e83a1a5d7a83085369916e8rr035,0,0.0025747228247724055
13,e7a98dc8545eb429007cb48799a40a2dc9p6o,0,0.6266464269694864
13,a2d0b7ec1595325cc63777f106e09fcd88y5g,0,0.03875248237401374
13,ff12cd48c7de8ffb8b2099f262ce03980dqqz,0,0.0023695416123013496
13,ee052a24cd3164af9d08fe77bd6b79dfrbelk,0,0.005744909361011529
13,d2138bce99f535c244dab68652ccfa2enshxk,0,0.007303116684300654
13,f75cc5ec8acf1ad2349e00ffc4b3191a531f3,0,0.002524453990207885
13,76218e14c379c12d599dae9e1c00b61a3i5b2,0,0.02603666936007481
13,d2ebe13374f25a12865d50c17af1dad7yspzq,0,0.002852539671662855
13,3d94b376bae8dd60eea48ded36134a3962glw,0,0.0020997041093325187
13,a6bf74b19fcb2687ce345930c4c16d4e2txda,0,0.08172413425203873
13,bb790a228de797253bf6afa43ee52eba1s2dx,0,0.052139067588911216
13,f0f21cd3d51b7a233988cb1c3c5df977zjqkj,0,0.0020692322498841033
13,cf9a1c3af63d1bc3f55728b4a06a5f46njrac,0,0.007383817614772148
13,29544507566320f1125d8e9f9a0ab3f2jswhk,0,0.9477792695244428
13,6f46b3e231003daf21108df4624afcfdaaswv,0,0.003137284859414432
13,7607c4efa792a69e2a8949ccafcbef103squn,0,0.0005965158368526762
13,300bb4c9816a7064b106c9c6cec2f51ei13n5,0,0.011377345864693461
13,e03311c7620a8098b7a177a5f1ad213ernao3,0,0.003582394471032812
13,72994bece8c918a2c4c432b98780a7bdsctwr,0,0.0028784284386552815
13,01eb9dcbd0b3e79d94020d13d83a993ec9d2a,0,0.004518582071578175
13,cffb5f3c1f4ca815d0f643fcb2f2f316beod4,0,0.3587795872456228
13,74866aaa89db79f25dc0fae8be067b83xlbm6,0,0.0029816219365530515
13,3733f7ea492eef1f69f98593d2122c50xwcha,0,0.00870500354234844
13,7f86c3c417ae1db5bea10bf9d0a7827ct3ni4,0,0.8885031535698709
13,c18cfb38fe1c4c01705391422177265cn9w5x,0,0.03802540320396431
13,eb2c4b4493f31788ead745533e0c9a18xzzlk,0,0.010519279762733426
13,786fd201d9c952bc3453d4b3a6fa64046d8wb,0,0.006788514436321617
13,45cfe8744884eb207048e3cbee31ec56hd9lm,0,0.008660882628564346
13,e0b6466f9f720e9d9a00d7c12b2e2c6d8xwxz,0,0.0015464531751968314
13,dcac75b5ccc362a66e7f9112f033bdebchxq4,0,0.0019769026147502416
13,8f00a4c4d7f097bc1688f8d89431f6bfmodq2,0,0.03546181073525348
13,35a89119272ca55d7f602689616b58c3pebir,0,0.003951467826609089
13,ca0331fc37db2b251a012376f7b987fcma2jw,0,0.9297635091103557
13,b42ef139c2dfbff8356e8886d2b109e06riso,0,0.0029272626517705233
13,b232fdca7cb98028e8945005f619fb28p8788,0,0.0034431794237142037
13,295fbc4ef00fe0cea7947811e78bb8aez9ti2,0,0.037224497050575574
13,11b1859aaf7fa93818baa76007cf7207d8uwy,0,0.002178287003135192
13,11d7f0a5076649b229c301a22537834e1ehwg,0,0.025048901211163092
13,57e1892d3d62d87c9ba5e8425a1958c0fn11u,0,0.037680340154596356
13,2906a20e0b4f7ce840d051c4be898b66do6wh,0,0.038063905035932134
13,67083f257438b1b79cb09cfa601890855of77,0,0.002515185931285815
13,bf80bec9b4a8d29c494f8545f2a4be4eji6qj,0,0.15056420813984286
13,3fae46174ef1a7dce5e9893775f814c4so8s0,0,0.045935233293075854
13,313ede314e2e05c31471fd6a93f98af713jud,0,0.008982751215128626
13,35b111da8e919bb34e80511be9cbd128pjjdm,0,0.0334123218823262
13,3d7cff3dedd8a8e02dbc551c6a61da3bibbvh,1,0.24357697687110377
13,66513f72be85596a527f9f653db3cb72cq4jg,0,0.41852966600947555
13,10b431aa15b56084d32fe1ef123c4305wo1nl,0,0.00729764545708084
13,573cf43253a18821e50dfae941ac287ceymgo,0,0.012089629668736909
13,85371e59ea43c33c7e481ba3c214e893ail7f,0,0.0025747788874616938
13,86b6207b5e87d58ae307bdc1545a101akz0ew,0,0.001976426483271506
13,1c66f261724506bee45dd18a4d221bfeh1687,0,0.01948137738128742
13,200b548999702c10f8f9fdbae9ce60622owzv,0,0.2808366316519358
13,d8d90875fbcf94c3b4c5c00479cbed6e1mqrl,0,0.003669419143612491
13,2b72d702b44fd7dd58062e326fd8e4779j8mp,0,0.021984080364831817
13,fbca8e44d824faa1fa6b99325758ff19vi94a,0,0.2000649043607396
13,0353aa9e97bd46119c90b8892f99982esfem3,0,0.015390428818446641
13,7d72bde2e297ee81296adb4fd56e8800p7lbe,0,0.20399720170610228
13,3b947f8c954acf4354d2c3bdcd494fb0x54ee,0,0.004989881437845166
13,b1bc9ff2b98df742affda07c5977c7345dpm5,0,0.0016218533274241565
13,b6a7b5bba132a90e7c7cb350d2bfa52d7sion,0,0.8870504471022523
13,dd1675bf26316cd4630087fb47d0ff8fsug8e,0,0.008101531264966298
13,e19f258fa5019e58974b562a8e1433ccluztk,0,0.03726556268170203
13,a60101895443bfa5d4485b9c2c3e1b68t5ppq,0,0.0035350812671936373
13,8322695c21cb27accf0fe269438bd78fn3x44,0,0.04182543197504349
13,876b122982958678f14bb25d887dd79dun3qa,0,0.005012988462313267
13,d7c046d4328c139e76fea7c1833e8fe6fx4yz,0,0.002349895854866714
13,d4a84bdffb9543626fdd42c879343ce26ds4l,0,0.005524040832781603
13,45c3a73b88760d4390f42ea4fae97d84la5wh,0,0.002642234822025704
13,82194e7d8f9b84e71b789e763b5c3263r6d98,0,0.003724245525431159
13,9f793ee6e6df7f69b5a5acb4e13db0476b26x,0,0.03875248237401374
13,012441119bcf83b23d4768bb72cea6d6carua,0,0.006165287021706884
13,953879d32e39e014cf8ce73daa2547cb2ke8t,0,0.003130711035604387
13,d8ff621bc161b09d9192c445f4b3be7b8xow6,0,0.0027298958500796026
13,796961698c2f2442e73c5195062370caawzzo,0,0.001940124168302066
13,156f4a8763e602ef789f8048c6928676a1ily,0,0.11225188710457745
13,86091a1e6c99358936979baf67d54457x1dzy,0,0.003548542540166688
13,936d542904f515ea87bab7996497b11aszyco,0,0.01275050219524729
13,c6108e22518279361de99b3c7c298235mkoa9,0,0.006160452387905481
13,b071545f5ad73150880c42e780d951bdzvxn7,0,0.03660753389026716
13,47d1dbfb67706772f8a44f50e5656602z04rc,0,0.005975367649894902
13,c6a49cf5944626b45425712f9e19e91d2nyh7,1,0.9907915228920727
13,fe4906ac4c8e2db5ed5a71e8a9d10080u6g7o,0,0.03875248237401374
13,de8943f2b113702c98ef695888b7d0c6my29p,0,0.13116229447051167
13,6c0212679f2439c4113386b2c6ef513e8wr8p,0,0.9667080289969386
13,429f301119adc32d35541dd4d60903563s7nr,0,0.09258485880861594
13,8ac7cc6a62b82e675465e89f67ab1f962ltgu,0,0.004809395128049598
13,5f7767924aa92a8f01b44a7e09f00a4dgqk8e,0,0.011967313606591357
13,af9c96944265cf541b3fe734a057821a825l7,1,0.6969533701295049
13,420e7aebb49d7ab3c04e109a98e152d7kquiz,0,0.0027875271534660395
13,d2eca28cbe0a3dc69715d719c6958faaaqx95,0,0.014625415074920824
13,ac94684646bc6f708dcf4566f41ec05es9v44,0,0.03802540320396431
13,bbad48cdaa604c1bf40b59120a775794rnlg1,0,0.05610899130699012
13,e2554dc14d54c3b7be85c59dbc1425f77qv4a,0,0.037224497050575574
13,a9bfa54aef505d65ec488d8984c82a7bf0fjm,0,0.0930514417316472
13,f334d76f60cae7c67ab04b9e5cc49907hqsc4,0,0.061158255183701916
13,f05dfdaa2f67b190f3a79a5a2d5daf9coikow,0,0.037224497050575574
13,9f60e1593604631e10ad2677c51055c6mv205,0,0.010829441797415448
13,ae817305e82b580f9ab89f1a379488e39il4q,0,0.027391746909220468
13,183c4e44d09bc4ab990b957e765af311vlup7,0,0.0020089819707183585
13,612d24dde60a1b42873ab7b50944c6dad3dcb,0,0.0359325231837311
13,313bb0007cbdd82f326d58c96847294c9hz4k,0,0.0020298180104970113
13,3e85a43950c71b1988a814682abd4392yakvp,0,0.6143776623732288
13,e429d13bc2c7acc82d8d68fa020546c38v82z,0,0.00283106203875447
13,e0df56a5ea8094d070b0130d7178a996noolv,0,0.004187572938303233
13,b5a92183d20e5ca98da4065c874e0b9dezbhx,0,0.7042868866731321
13,0580f2e77b4c0dd3b5cda8a1641cb9fenmo0i,0,0.03729254800777683
13,ae15accae2164aae084aef7e3524c1fflq962,0,0.011157900730508973
13,2d9579812895729581ce269ea17462197jxvy,1,0.9319783430841795
13,d9ffd2f7f3cc1a546586701c2a6fbda24u9ye,0,0.26736744386115424
13,4922d20e07d04601e8724be5e9f9576blyccu,0,0.13116229447051167
13,631f923b7bcf91f61a2e9f96520bd8c8vtl14,0,0.49910558258336524
13,f73eb6e2e7a872f97c715ccdcddac77am8bq5,0,0.060660787132508456
13,4c67576a6f30a158d16d790a7fc482b0zqxue,1,0.7068090114687109
13,f3a249f6a5c2c88ddd8bccb1f8a85fe52xnkq,0,0.003123477595910418
13,86e50263881b0d382b55777185eb648aagh1g,0,0.7509151310659071
13,3312b8e73417810a88be459d75fe9bc2xhd8v,0,0.008414725220074236
13,5830a96593aff3e951919578f7374f09pqyc0,1,0.9557780634546902
13,0af208c4fc46ef9236052ff495016326zxoqf,0,0.0024288246731900658
13,a6d6f3f5034886fc00a1245b439de13a66ha4,0,0.09947694599173873
13,61337802cac534b7e7711793039782d6f1yy9,0,0.012200715635986441
13,42f754cb72e01c08005598e1f9383341fn7xh,0,0.01225534035234154
13,c4d42d0beefe49d6157c546a2504f4db86hvd,0,0.1731537234178873
13,9a12aa1aa3560062c6f84bd374eb5f7f422vq,0,0.002417181964187621
13,43553dd8b9370fbba5efa6b652d9b43ezsj11,0,0.002422443494287109
13,a40808ec5bd9d0440585286f1658c3b1ag8dt,0,0.003460462294168756
13,c9e1e860e39bb7d4dbf3c91c5d6c36c2dv4tp,0,0.03875248237401374
13,72dbc4a9f579a9444c126a0a67118783092ec,0,0.003298211187307247
13,d9a813646e8fae954898c1279196f5493gqzc,0,0.0028326004189011267
13,3ef757c3d6a272681c69bbd7e071b705yzt8t,0,0.0038223583483989625
13,3cab5bd983f5be9c16789b6c14bae982nhi9c,0,0.0361801910528407
13,97ac4a68e5600c4b7a960d9580d4f251470mc,0,0.0052536689582247265
13,a0aeb6de8a21a5b776f63530ed753fdb34k7y,0,0.10878031879436374
13,40829191b83242ef1f380f90876cdd74mrqe1,0,0.025675223090055776
13,b9d861ce6162179a4b008b63e7fae80fjoywx,0,0.035209655766672954
13,63c48b70d37dee5fcfb26f94107ba3b94d90p,0,0.007066977800988652
13,fb81da0790d821a22617d748d0226540ylrj6,0,0.12255731836636571
13,eb8f9ca4a23586f5acc770fff966f654dy7g0,0,0.03802540320396431
13,a13da89a3a54ac9b4ced156542afca5ddyumw,0,0.0361801910528407
13,24284d3fc3334e0adeb6bb95637ca62d6dm96,0,0.008657485390811586
13,83a24bbff5a4cf9d9fb10391102708f1oqpco,0,0.002291279797984979
13,d7b66d95bcfba06122dc6f7a3c605fd73239a,0,0.011909338596151143
13,50a4bfbac8a9653af4099ec1169f684c2nsgu,0,0.4016481028688182
13,5fc9437841f1dbbe63a3a933c48472fcohutg,0,0.003870605163371432
13,673650167f432c009e9dcd062cd4e9fc2szln,0,0.0024813156961101313
13,3ded667003605eb856ed1aa2b82c1732gtma1,0,0.008288404588761
13,cb557e4675bf4f36f93ef5599adff545nz370,0,0.019057491699770515
13,d6517684989560cbb0da1fb2f5bbba9b9y2st,0,0.18939239075439618
13,ed5ee107143980558fae26c1b5c7b81a82spj,0,0.010645510163158888
13,ffacbed056cbfaa60c1fcf51f0d381bddr3ly,0,0.0047187613256068454
13,8644c9765c64da22776cd67eefe0f498u3aaz,0,0.0015464531751968314
13,30c3c92cc9408f55cfa895ff8a505930a3yy1,0,0.0037548960161525057
13,00a0517965f18610417ee784a05f494d4dw6e,0,0.009857813357594091
13,f01e3769fdce36d31eae85525827ab17xeu31,0,0.0020989674872031756
13,fbacab353140582a4b8ae3412eefecbc753vs,0,0.016910505565999222
13,b0973e698b12fe51ec2f259d924c6098rasmy,0,0.001895384676871549
13,da2841ffcbeabaac373f00039c10f39fty6fa,0,0.10620887760592579
13,098bfc9c440f9ba9e6371f774ec6a36fa0sq6,0,0.003708572046438708
13,1def3e23e479c9739abce6b3518013d39oejk,0,0.10521620141322266
13,dcc5a79317a22bd0f6dca1f60fc866a8bei1d,0,0.6520901045424322
13,11e47dc08d7fa4d1a1953b5868892f72qvlho,0,0.027383070968292497
13,30da67f34e3cc215b3bdad588410fab5655fx,0,0.16741584600718326
13,08353687608279ddd83e4d36fadd1cd8ritj3,0,0.007082631387822903
13,1530008a712831e35a673d38959528f4ozipv,0,0.0015078479893890482
13,cc4763c97c3d7cc9116e0a51a6d1f2e82242i,0,0.0028593883100970154
13,2137e2626c568af8e56bfb72fdd5b9e19qiyt,0,0.004142899470565735
13,470a0e402bb9cb4d48c2a450d2043e87flc2m,0,0.004989558765423585
13,f0fd9f1b3fc9ff10c2642b3bf81946e2rsq48,0,0.00463914900348997
13,6a97f70ba29a04e77eb3b137e157070dc2mqc,0,0.015473607589280637
13,a7c263f3fe4f19ff677e5cb475f7e5a3gdom3,0,0.0031447564420201135
13,3d2608a892e44dad3027ab55bfaa0b26r69hy,0,0.10980195757614038
13,80d8e3bfc8a2ecbf22614befbdaacf5fo6o5o,0,0.03546181073525348
13,5b0665172160ea4015e79dfbcfa7ed86oe0mc,0,0.10399701570625267
13,69d8fbf99586bfaac64d31f82b9bee27wltkd,0,0.09538698767815987
13,510f33a3c0a290a0e43d2576d928a4abxieo3,0,0.03802540320396431
13,5dda8ade6b5d4065f3119a381516c227yoz8y,0,0.021045410299230672
13,6b3cff1e3d9398d4c125e7bcf612192dy1gwn,0,0.0334123218823262
13,b258a38ef4cc6ea241b5473ee9badd32ekhoy,0,0.03953673098285694
13,4199816cef8be846ca71ae752575744fimyto,0,0.9684587389916163
13,7d44df0d40982a6651a06cf533ef5dddtppag,0,0.054986676011641665
13,e268d06507859d78894a8f6e11995f48zls7t,1,0.990486154655556
13,e7445f6107c8cd3783fa722c7dd29fe6rcd3a,0,0.0015266726846214238
13,29bd1e11a41eb2ff50af75d10f28041ejh9xx,0,0.0033509319119250504
13,8c3631460a4d25d2b21b1f92ebbad752a19ww,0,0.0025495859129414217
13,989e8e68621a43af5a8d061aa91bd9bfshy7d,0,0.2000649043607396
13,1ccc69e376c95da9bd569a5d1a176874ivojs,0,0.003686219855311081
13,2e07d37dd022e72ab04da76f51edaa13qk5rv,0,0.0015464531751968314
13,372bf02911448b7f62cc861074a7ac81y0jsn,0,0.0361801910528407
13,3893d2c62d59c232112efd332bc342dap8b4j,0,0.00921615611341833
13,100d406b638e84e2da7c31b03100b874qiay2,0,0.033163405448005064
13,06ddad46112881df154e3bda0e90fe880r57n,1,0.9501098754410752
13,3e995d6f9dda5f29c02af4c9fcb94bac0csrw,0,0.6417682416040505
13,e932ef68638c37220f4c2c386cf54578x4hpn,0,0.0030000338720767884
13,60edf674563f85b227898f6af0386476efy45,0,0.013217598058008298
13,24d4554556deeebf61510cf3e001edecu8hgj,0,0.005634110177197055
13,84560dfb1400fe920a29ca2c728acf1e25eli,0,0.010904948658926078
13,78e59e188d9780cb8988d574f692ed343s129,0,0.005467815911916924
13,7c0add0ef85bb5194e95ceaea737f90fyv13c,0,0.0033049390280213385
13,781972f2af3af2abc492f9dbb0f6fceahnban,0,0.0031696408151826415
13,9bd2d79f328a5afe815d5832e521aa9187q2j,0,0.7830681114208995
13,9197b6590c6dceabd88ec93157fcc31fgb8a4,0,0.005413141329162668
13,3c37de5e4321388ba706233d5ca4a0bfp7w67,0,0.037224497050575574
13,7188dec1b560385b0826f78e7608fdfeai9fm,0,0.672832548010882
13,233e09e861813cd087e8937f32a29bccs7b3l,0,0.0016689416238413904
13,225716d7bdf8f90cb4a4b779c663cea5j9sqp,0,0.005963964151254155
13,71c2561141c55414618d67d1a8aebac1n0fjx,0,0.03875248237401374
13,4579226b86f3ca5b5ea1597efabae4c42j4rw,0,0.0024004460396417427
13,82ae4df0acf8237d7af1a790e3848645bp73e,0,0.0026154582403961285
13,fa9cfea85e90bec313e512e9eeab2e869tvx8,0,0.9314350360010611
13,12c1b22ede3c23949bf130cc7bac6316ks7fj,0,0.005970658057292949
13,74429c9ce8183e2b1b89600e6de4ceea5kn1t,0,0.03690048320727061
13,3de66f8a5453943040d42e1e73f11eebll8h9,0,0.007303116684300654
13,82f1ba4809f4812629e9e53ea4c687d7begx4,0,0.0471970489498466
13,c1d9c4c69367536d7b0ccac19527629f65025,0,0.037224497050575574
13,2e463fe6bc1616f8392f82c138a6a436mbtjx,0,0.003550095842192683
13,ac2d643e0c0d3bfe8e54e5a961c6cfdb5xn9v,0,0.0051136725186436
13,c349d767ddda78ed58a3c5769e780598ar3ei,0,0.0334123218823262
13,7291b7fba1b597d66bb8efd45fd0d354q71ka,0,0.11225188710457745
13,88ebdac47cc2623888e0bcdfb35b692ejrbvv,0,0.035947670188931004
13,c8a99985c7bf230f475a8e9be6a17d7a08r3x,0,0.0023589144305042322
13,a37b105534ddcabb169f6ae3ec928d85slw6z,0,0.004098164566528588
13,b6e52f37365cfeae9204a9f408b8c3a4idcs7,1,0.9262576817165724
13,459ea22b6b51936d0788de9f78a3547bf4jrw,0,0.02208211438660362
13,68546847f11f6415034b7e2263e8ece62p3ud,0,0.0471970489498466
13,2e33b1ee8a9d4a5cc5f886ca455e8f86kxu5r,0,0.007846400131745845
13,041d869edcadf595b90e3b5248903183pn754,1,0.9470922805203948
13,7ec5c7e2317a9b68e861060531588f76fpldj,0,0.1699827096766251
13,f430aac3f0f7f88a9b504bbb71322d54mct7s,0,0.0361801910528407
13,1c61726e316d5a16aaa80b429080c534u43s0,0,0.0021158203241963326
13,28a0d5539562290a1a2f63d5b7230db090ys3,0,0.08374041400394035
13,64abb8a286b2be97349e8b17abcce6d9rygza,0,0.0033623759205654714
13,2234754e09ba15519d0104c405326fc4igk0s,0,0.026201909736368934
13,f23ebc71f2d8d820db2bf0576ee7e148cxvkp,0,0.021927329515275946
13,83c9359ad94eab7f4b8fd582a6db4733frmsr,0,0.008911231579473591
13,6d501ebf066c0331853f1bee9754e781obu7z,0,0.037680340154596356
13,f5ab013f90cb8890d33c6a309798204155q15,0,0.002435674740584513
13,ee2caa714a2175abb13eb6ef15196368cwc7c,0,0.011648709352387179
13,c1850964c360c9159e5d1d0b6485e210s6uvc,0,0.004807854198320046
13,783d5c219ff84cc0517f59a39bb98e18st85m,0,0.01175230074954983
13,874402ea8b408a017756404006b12708d9s6u,0,0.0017365944189997435
13,bb43fc12fbb0fd2b2536e4033ababf59exffy,0,0.10642681614673985
13,94c8c0f9c90820f28928caf5d122dabby69ts,0,0.0186493528518402
13,0e5ec5baf2e15afdbf5212d8461e1ad9h3kr0,0,0.002876364928905852
13,715ee2811c764d5c58aa228ee801e518gqvli,0,0.007091276599525144
13,466ebf78d7326a38db1e19fdc1c70e9b1qu0z,0,0.008707055882526786
13,aa20f72aba9804a4922195f66a876688rugsd,0,0.019299912124889455
13,2271fe5b01f9b8f9d8409014ae4511524grmq,0,0.8927608256858541
13,5053e03863b6887308c8446cefeec429l94tg,0,0.7415783820076943
13,8df5d645ed4040b857c121a4459b7976n5u3b,0,0.16741584600718326
13,8c412ae875b672f18073d643c74f9f0clzbyw,0,0.0017489129073011513
13,faaa98763b59ed5f02836d4bd682035bfhujq,0,0.004921943040032641
13,c5c8a28a166913512f5bffa6a49788c5b0uaa,0,0.004086999464745011
13,cb705744a588c18087921e74e68cfa10oev6i,0,0.03610742251152371
13,9adae18220565488f77036be41cf71beiepqk,0,0.6906209425076671
13,ae29b39843141a73b39ada671ce6b6c0yxlb6,0,0.0016855646257765684
13,16065749457a14b26998fefca503c3ecf9og8,0,0.007834144139333822
13,ecce760edfc6ec5cd5ddc7037c514dc3zod4i,0,0.004045224881246638
13,4d6fa52e125a18f433db6e6603b58ec7k1key,0,0.011943996543028317
13,4b9bf4cf1085e9d839e833e4b9d40f2a8ps14,0,0.008766672519646497
13,19b39b852ed4abf1ba5b095829e25b946aed1,1,0.3647151249302956
13,ac9bf3a07831666bde4fefb75c184adekbrl0,0,0.009547824756226174
13,50859deae0e0a599efde1725cde3a8b8dw86a,0,0.006819023420360586
13,afdd5c7c912f9b6a88c0c2619d618124ycm44,0,0.037224497050575574
13,950aa0150f419cd6361bd3c500e6e695xfljo,0,0.0048902970917307975
13,8c939b6713b7881538cb05eca89cfb1cw1lhm,0,0.004691764535542564
13,97db2350652f8d01237fc4c59a470eb81h9gs,0,0.012129341749854665
13,eaad20ae39d343daf76adc0b1a4984faumuzj,0,0.019395282160833822
13,227bc0936837200d0aaeb444ab8d5f1axs8zr,0,0.003447274959129154
13,e8581ec94cd4d5009ab6b36c6aca9f0cp3txb,0,0.02251938232347183
13,90fe8d6fc0bbe4ff2ca7833fe51bddbaaibof,0,0.15493157894372525
13,a8b8959fe64f490d32fc15a5d1144f87qj9ai,0,0.002109495296320464
13,cbe8d224a38ccff930674361b502e7beyuf1k,0,0.00217177564394112
13,3ce8aa0207022698b6d0eef09c89b381jzqi1,0,0.01628355254516324
13,e8291466de91b0eb4e1515143c7f74dexy2yr,0,0.9059240857710424
13,8ab98c1e6cbfb902af4e02050a886396a40bg,0,0.002220277125250818
13,8b109c0aee5ed07fc996e73d28e65888o5jmc,0,0.0471970489498466
13,27ccc09ae923d1ca8ff7ab3242f279f7xuclq,0,0.0028255393173373246
13,050a3b29ca1818e1f237df8132bc2013bcuxi,0,0.003472524775320687
13,6130cfe76ed3bd87c8f8dc6b2b2786dcp44xy,0,0.0025601293674838606
13,d9dfeadc7e0e844ffea3cfc706daae5dt2hhg,0,0.007618447422926341
13,23bdbb8575f191b71853bf78d09e11a1lhnfn,0,0.007757708561645947
13,34914d163517a0cc4f0c971afb2352106vsvz,0,0.011579524857813526
13,92a63dbb8323426833b944a4fc196fe27pzha,0,0.0035616953641421545
13,e56f611f1157381f4b689ab34b574e791qhcn,1,0.893497453778095
13,2dc309478d30d440e75c932b1f13a8fai2p2e,0,0.003190743168597261
13,ec6d3fbd8408ba43891370d4ffe41eabhnwbs,0,0.039342608740772125
13,6bdb40330295fb3abd4647808c319d29pb29n,1,0.0014729540423521568
13,1d4eaaacb6127c43c1c007331cac135bpib3m,0,0.003006753391779142
13,1275d8a6a3b2ae9d24b50997397c254cpuuzv,0,0.9355259209099501
13,679fe2a21415aa98a3cfb88abd0507edzjpsw,0,0.0471970489498466
13,fff2c070d8200e0a09150bd81452ce29ngcnv,0,0.037224497050575574
13,7f3516b1bd7e5571ab964ba0affe9302brn6q,0,0.0029058002906752122
13,37ea72c53cc50112ced4f88810f1b38euoz4r,0,0.0033956661831445645
13,de4388600d997803223748e48bfc7b16ggyrh,0,0.0021520325592580447
13,7a0b445f462d05606bf6ea07e2ab96ec1a4kx,0,0.004798962533504832
13,cf06ff5f520b14d1f9f1cf5a7ff34982bj4md,0,0.002126025820752181
13,90953913d629a03e27590d0d0f64456601ktd,0,0.058186111613831575
13,74582963d3774699f4215df7f2d17c1b6b4pn,0,0.0023962043990743555
13,77b7daafef906aa3f941992bcf94dd69zxk2p,0,0.009281015170724374
13,6c6c3559c5f656c71348f7cadf29bb12okgl1,0,0.00313029088583489
13,17dbe14676cd3a3cb8a7edb438622f7fv2scv,0,0.026981220274062398
13,5c32e357936f8977277d9b23d8f09f34v41wt,0,0.001564631001304937
13,96dccfc370343f6871dc478d5b2fc3ffx95d3,0,0.06211743822776067
13,56b55e6ab49a4cbe7c76a2bbca804089pjq0g,0,0.006405595314777659
13,04636b6c61c80f5325efe61183e8edb01ko20,0,0.004962402176066368
13,74cf3a0c5e4f080415888bad2f7119499lh63,0,0.0029438096227955325
13,bd7d5414174da6df4b018c21495e8a2cxiose,0,0.7982700154868331
13,8d500e174fc28d494482f8ccb9438608zd51s,0,0.0361801910528407
13,9e1f21ee1888368e77b539083f4b94ddv8mrl,0,0.03643482371180554
13,24db47d284a08aaf119eb3e0c45eb646i46j5,0,0.026545189698387886
13,b8da3e0dc73d1f453ecbe6ee4d4e8791pr8az,0,0.002253559378444685
13,0446457fc8e21596799158406f77b14catx8w,0,0.037224497050575574
13,219c6102f604c8ff0ead5d23375bb127del0d,0,0.6946314584613711
13,19033960ac23dffe078a1217788bc720jvjbz,0,0.002443862037105184
13,21fd0c468438a483ad1c60cfd1b84b850iyjv,0,0.0055441649764437825
13,99a3bacd3eb66c909a02b85402ac38dfskz65,0,0.0020548041540155906
13,b5d61accc925a0e86ab7274e1ad82532gb1w6,0,0.14405442016486136
13,916d2d806b772c9f227a9b3640e31469ljrxo,0,0.13811710928082746
13,4f7331589f84c6359bd693513bc9d7ddlitos,0,0.13621607925109583
13,6f6c9a1964fd4bbc082f2afdbf2d2af6ypdhn,0,0.0033662157529299446
13,9e9047df09026ed5a5a3a86403811159u5yja,0,0.005446061389207416
13,21f5b103136104e4947e293983dbaa5b4tder,0,0.8083028781727595
13,fc16993f1fdbd5fa8f8ddd72b40442f0qwyo1,0,0.037224497050575574
13,a4e83190edb97fefdc4a6cbfd00f41fbm7c4o,1,0.9650873173540437
13,3d7bd741177a712ae0417bc4f4a37bcf9jo2a,0,0.08929244291838236
13,9a272c3baede0633bab0e15ff98d207e3ldpv,0,0.03546181073525348
13,25022fb30734c2e5044e031b0e9a4a9ct3354,0,0.0180097731880354
13,fdf0eb91ae1ecea1f6902676f47c32c454yzr,0,0.003226789942282694
13,5f529b5ee68b60482c5d0c56ee91f3c2cjrmx,1,0.9907688202786257
13,0f4669e36b2e721dfe27f8633b277a1575erw,0,0.03875248237401374
13,f4189a40cc622eaef015a19d75d9fe21mylhz,0,0.0027867689920099124
13,e18ddfca4efb99a785c68ede9ef773ea8sfmz,0,0.037224497050575574
13,ef65488c949595d7885525ccfab9100c6cmqb,0,0.418534600221992
13,354d4abc23881a40b8f119225e0dbd09tk1u3,0,0.002658842696249282
13,4de568a9b480f0dcd3f2ac385121d75bbpy82,0,0.0021061424551147593
13,69333c66e55cdd6cabcc6ae64531fc33w20n4,0,0.025234462056904956
13,b1ae4691fefd3d09d74096ec4caaa6d1v6tbw,0,0.003712562723867938
13,0ad17aa9111f657d71cd3005599afc24fd44y,1,0.9388355076832305
13,37d71b4ae830fcfa6f0c4f65ec386414n8h5l,0,0.0023905646709719646
13,4566ae63ee93ffc6b000b5cbea7f6a8ehbg00,0,0.0034614006688714113
13,1870650d20a97db60ce4133bb9352b69h9phj,0,0.03483411122310786
13,b217ca4cdea62a3977481e398d2cc9bd4sxht,0,0.001995871506445965
13,6ed19e45dc118b78a78f25649aaaddbeef7e4,0,0.0024759524578606452
13,5f56908449455ee9670c7947614f7b4bxak3c,0,0.004666848404986489
13,205a011640002932a7bedbb93d81b68b8m93b,0,0.005178235752357202
13,424b638423f4862b2a84f22ec25fa22eb2c8p,0,0.0334123218823262
13,6b1666662837213ce77c329d8cb2a842epaeh,0,0.002590238885371717
13,12fefd74d82d90541872847f199f6324cowi5,0,0.001982952088723658
13,e29ae1bd8e6e7dfc9cb43b1572d3d55ca0hc1,0,0.0023527058788826846
13,ba258a455ca17f2c13cab3d0afc7de0b48h0t,0,0.0024220974147054924
13,df12e679581fb2054907dae75c9c78ee9kzzv,0,0.021150483409196185
13,4070f6ad5da385ba11cc99183817eb20h69v1,0,0.004406538891689079
13,f6485cac867e1e7d2d991838551b4c4bfnarv,0,0.016266375528291525
13,2baa5a9ec317cb21a11d83f6dc72a2d6xy9jb,0,0.0053764311772989525
13,d2b8a15ae403dabc5aa752b205181dbe1lm57,0,0.003401643421475841
13,f939c17ffc7c39ac9b35b69e5e75179fv9pe2,0,0.037224497050575574
13,84a769adc98498f52debfe57b93a0789556f4,0,0.04560804190694559
14,91a3c57b13234af24875c56fb7e2b2f4rb56a,0,0.0013369928369440906
14,6e4d22dbabcf2eaae5689c7d155e1c1fev15l,0,0.0002626832732385345
14,95fede5853bfffda8f50f6af494ff1d1hsgie,0,0.03224816181016066
14,d36857d18a397e7e24d05dcbef3b919ftjstv,0,0.007009300391732589
14,c62bac5be6489bc0e0a7834a11167171c8ww3,0,0.0038334887179432326
14,848d3eaa622b26fe57d352eedd9649f4v6obv,0,0.002046117283648417
14,64a39f766b2e9d9471b104f0d0289740a9kdq,0,0.0016713527189322957
14,e3ccc9bd16fa1f4a92fe87b4a54e5e72uficw,0,0.34711735799814314
14,d738b259ec6e6af625d1f41abcfd63e9e53tx,0,0.003723663310105076
14,4dd2a50e589cde2802c4bab143dea61ak517w,0,0.0005986336232248932
14,19815d9bcdc74c3ddfb9ff210c1739f3tup3i,0,0.001426849835741813
14,bd586db332285f3c45814fbb8f638d79d26u7,0,0.0014804695645482544
14,a3c2ba79963b637f15086e6255a46253lwpnb,0,0.0029543035296921098
14,6394edfbd35aab54801518835e33ed50hcr5f,0,0.01951206787126852
14,c5babbaace35399cf51a9356bbc22733xpi5h,0,0.0018582944325911236
14,bd2cf3a868d168425cf1bde7c49d40b9jq0xu,0,0.01091807187195547
14,001068c415025a009fee375a12cff4fcnht8y,0,0.025095283084728012
14,9df0b0e5ca66460495931376045feb5fu4y7b,0,0.01091807187195547
14,d9c6b6d7290e4475bcd6d264fb33a706fqtvc,0,0.06960768120669622
14,1ae57d217b27820cabf6e24b721bfb38s6ja0,0,0.06169436661475353
14,d27221cf2bfaf0fa7a60ffd3e1e3a53efagvp,0,0.2167856995044945
14,915ccac760c7359a446100fd1a54bbf6oyrzf,0,0.0050392827979871485
14,60b8145bcfed7a5f2a23b596a8aff99cdzn4m,0,0.0037947065936075287
14,9baf61c813f1d4a09e3c70f6dc741f34voe3n,0,0.00999374134627618
14,226017dcd6506ce20886540ff734210d8hib1,0,0.003237007893607699
14,ae94687eaad6b410713db9106c42566axgn9n,0,0.007038758887068521
14,367edc726ba8e667973844395493559dtf2o3,0,0.01405748131694653
14,91d9b706f63537c5fc0027c50b0e3b06qpdgz,0,0.006290285091230202
14,74ecf5f9adfa4dcca4dcf020209db81arynmk,0,0.007456601470421647
14,fae963b2adbefc663692d7feddb50d5dxz1hn,0,0.0263302539250216
14,090c77ac89c7063f0d0ce064ce3cb3afllf5h,0,0.01091807187195547
14,f80075873f7183a03b1b10ac3f740032v6w99,0,0.04946649802165413
14,2c31770e98fc9fc7e0f1fee6207b5600c0e10,0,0.2662270810027293
14,de9f5df5962dc171c7d82ab503c36dbfwicon,0,0.0017802886247601957
14,a94c16f8a98e493e2b4390b1975e690dv8cmu,0,0.009407805351819853
14,2515c5fd81638d5d0bca39a2b2be3995tante,0,0.04762456874666587
14,c48fd9c589f273945bad5f0cea5993ba2fet4,0,0.6931276078986502
14,7f807b2eb6c391d55e67bcdf7e1cbb3fhylw0,0,0.0043868212428705726
14,068450aafae2a6e390e35925d964290cdliqf,0,0.0747560053074992
14,eaac863aaf84acb7529462118e7953c3oeky6,0,0.0026702217197173868
14,88103add66b7113729a9ca82540684c9il94h,0,0.009794640150710979
14,8b4071f3e2702b88481054081363bc15her3f,0,0.15446797603928306
14,3a5420301c0dacbc5675f6f09aac0143tuodl,0,0.04101250564016021
14,dd055846eb553ab8e953b084f2048d53bdqec,0,0.33833293492245486
14,2918b09c1ed9e9e8602f85175b266aeej5v6w,0,0.004021086166941754
14,124727083cd4159b40ff8d4b36a89340l6fga,0,0.04082166610239322
14,4679df74080bc22e29676bddc5bcbf51gsyds,0,0.006312581912435244
14,01a39439e7afbdcfe385eedbddb23d76zgdrg,0,0.0028128776895902556
14,7dc423d0bbfd840fa0bf75203cd7bcee75kmh,0,0.0022590934936904962
14,024937af9ea18a2b57e4f08762d181f7s8a3z,0,0.012107380477445466
14,c600968815fc32b20e0519ecfce5b648en2wo,1,0.9952320606239374
14,245b584befa6a5b8c759491f5f3db580p2m5v,0,0.006187096305211399
14,aa8aeba2bdd0353a108b9b26f12ed59559mvz,0,0.0007399008415095502
14,6aeab198df208f8628825f7eb3ec3701p2ybk,0,0.005332341734724741
14,5a2aa4e8c227de4db26547fdc1f017cbxb62j,0,0.0011044561733917061
14,5850b68151cf0760e94acb39c4dfa02026k4u,0,0.0015036746901137125
14,f876e3be4038da62f49234ee498feb732gdcl,0,0.0007138907423310981
14,205c519be884c5b1c885f61c4ba8738a737qg,0,0.9093334630735909
14,e0824707d4a78230ae54209a920bc3e3pzdpp,0,0.006910033695713716
14,e959a3ae64e28a7d3b37934c0d826867o3sp6,0,0.0008417384899421669
14,7b93ccc9d5730b561ec5fa7f4bd48c04qudf1,0,0.6082432313134841
14,791031a63c9e2b4835caa9a4cc1768baias2l,0,0.000978124859836838
14,dfa45994c8471762d04deb23c6450598byp8y,0,0.012830820906028495
14,a539fbaf8b29613ff0e4f3e5831aa7a5p2cva,0,0.07029261818270906
14,d3c80e9f6b8e1d774679fd8dd5aae611e3qls,0,0.0012903364549291464
14,1b0534afb7c02bb023bd4767ae73f17dqzqdu,0,0.13778785598325038
14,f93a998dc10a4c98f65c6b86fdff651d5i4qh,0,0.03536460902173049
14,fb5a19240e36ae12aaccc1e9d9231144l32hv,0,0.030565052583510985
14,8c4b0d95ba36c0ba2a52f9043c62fccev75uu,0,0.0013595068356102543
14,27cc072f1432f7aec4b7e17cf2e473f2x3bjg,0,0.8981656714614777
14,44c75302aa4404e23781f8337cddf6ed5tqun,0,0.10257213253128819
14,22401c4dc0cb1e5d52da01ebb8b2839cdoauo,0,0.0022165878936295995
14,640f41f27c03aca0c45775eb918b666cnjsqv,0,0.06476207022460598
14,3c0026d48f3d6e10cef6cdb1f708793ccwkhr,0,0.00222483917787064
14,dcd54d7afa6820e3f00e1c9e83aecc7b4f3lw,0,0.14946209057371374
14,6ed7b95dcea7b359248e9efce91cbb11lm7hf,0,0.07177197050739213
14,5c28b04424e96267711d5af2db62e022tp36c,0,0.037384191569549495
14,9819825acfa7e20c47a78bda5e76b195jh0gd,0,0.02036859652439923
14,db80f065a93cc6b41d12af614bc3ec11kpwjp,0,0.1394805768676262
14,b2d3db61ddb119aa4e5f43e1bf72e349xr5tp,0,0.039334747477882605
14,2e1eb5b56591662fd7ecd7b39621bbcfgd1ks,0,0.09908312331578736
14,4f891171f7b09f54d8b4f30b48421f178m75r,0,0.047503275634811666
14,3961434cea4339f0049798fab2bc73aekuxjv,0,0.0010231279634576903
14,e1fb642deec7b382433de94983d97681o14ko,0,0.0021515662073928058
14,8fe6da2176541d0ce24574dbb60f9107oq1kn,0,0.004475104986322917
14,f04748a1437347d837a65ce04ee7d94enqhub,0,0.008929725592588143
14,3835e3bbf9a17a33867860a9ba19621dp4wdc,0,0.005675029302698663
14,c871daa6b709e008825b667b05efddca04jbe,0,0.06476207022460598
14,2a5726bd00709641cc54a8ab5422cde3uchoe,0,0.08722719587453424
14,c6f07c222aa3a9d35b0e01f8959ffd21oownr,0,0.0007975230363644729
14,584d1d60d357a4ee1fd3b0a6a72de1dc4rodn,0,0.009877522237414423
14,d63671871e4010e904b9419e48781565weafn,0,0.013240654678069445
14,e0e5719b5d763eb4e04c7f6e4e32884cmlpj7,0,0.008118760590258506
14,9211adb9cc770c78a70b55441acd146bfxnz2,0,0.003512096373576667
14,e69dc706f159ef6e26df0d88388bc5edlymly,0,0.0017603717869008751
14,9774dc752f855f07b9c00eb7018b607c0ymxo,0,0.0010195043263760237
14,a664b6b42fd48403fbd34800063fa50bz6k4m,1,0.9829971287451893
14,0870fb7e5701f3ba56762b03e157afdc1yw7u,0,0.6349712371517743
14,96caf14832aa8be04d98aa481b320392kb2gc,0,0.004147390363792304
14,61101089c1b34f409fc9b836a7f9cd163y22l,0,0.0007036361075820948
14,a3910fbd35b7a0c383c9805eafda616fra4xo,0,0.009877522237414423
14,ce22684df495e376e32ac95d3ceb1164t37l2,0,0.009877522237414423
14,37ebf34eaeb8a434976416c34ed5c6d8ywyoj,0,0.000621745280905211
14,445305769cbfccafc89ff5ebd004598einesy,0,0.008766226156346896
14,2794512e8edad5f99d28c33c7560fccb9zl8i,0,0.5830830358847047
14,40ef6a4a0c99b478fee1c93f4105b9d9mh9iv,0,0.02700033139855125
14,2d6a70a8341ea0fbe4c8537ffbce919etg4x0,0,0.01983098100452942
14,88bf2c0f5460e28deb5eca2ef8e5e809ol5ru,0,0.0006588844322954951
14,0853bead89b03dd38a04d84f4312da7dukglz,0,0.002129041972851192
14,40efc98d259ee36a8c2a387ba49f39d0fa39h,0,0.8074510542900994
14,e4a9bdad09ebc5d5a264723855fcaaad6q52x,0,0.2071579565500114
14,b4550ab1da3a3ed6e4a206c9ef78d496q23hb,0,0.0161771765301822
14,222a0e05442fec0af2d20ebdcafe4b28c2pi4,0,0.002147269593064155
14,2797fe80977297483e724b8390161c937dh4g,0,0.024363266866307687
14,1e0b1a6ea8d307cb61e221723534c4dclf9w1,0,0.013695034122457206
14,34a7ce35b13775be4e20930ba2788a3ebu5n0,0,0.0007017939874780441
14,05a07a27e235d01fe480ea6ac73b8838jq28x,0,0.007329779423112227
14,7a71e329f3f2da98a3f82e7bfcb705a0t5822,0,0.03648219566309598
14,6db047b1bdd342c09ecf9f5eecccaa4fy5l0q,0,0.13875807891334888
14,f211ff014ed43c9054916f97d6187108mpxr6,0,0.9747375889116099
14,c97dda0fd2de7d82d3a52eb6c0788062h3tq6,0,0.009877522237414423
14,bba40511c6e56070602e8dde4229ff923zbuq,0,0.0006808159285069007
14,8783939eb63e5eb4e5cd412d8480f3955ipxu,0,0.00016165862854083767
14,cbe756ce81f5c420a1f7079791ed9aa2js2u7,0,0.0747560053074992
14,0daf4f87eb695e2a84e4156154209e09k6ga5,0,0.01983098100452942
14,e0a87bc26e13c599894d7a5103fdca786tfat,0,0.050759809062419184
14,9f7e3e648ea8e6815c6e7caf59412e843iqbz,0,0.0027338335411055134
14,8ea020a1fdccfd726f74ed7e90dc3400zy9iy,0,0.00245075828112819
14,99bfa04865566ca88573ebfd3c7fb1f2c64cr,0,0.0015899491909072642
14,b9743f78108aefe3995e1c2291b5f3278cgpk,0,0.008800865226942891
14,7daf0e51b276c6ab5bd2ccf520dae106graj8,0,0.0008031215466561504
14,676ad0665c9bf74329ddc1f70ea48c16stnux,0,0.0010442028979839421
14,8ec9269ed4f5aef4584d887dfd9e595aaynzb,0,0.00034992579079920694
14,d4d4b36ea722e5b939e51e34953004c4t671f,0,0.0009203359050023148
14,fd1299f1343236dea07bd0ba5f8ca220csnv8,0,0.0005411983450277237
14,0fa357965f89388d8e7eb8cbc3b85c6bnnro4,0,0.007305354424806955
14,54e279a4e162af7fc55d640aa62d0cbc9hxil,0,0.19376339392680086
14,452619e019e5651a8d98e3d59a478b7fez5e0,0,0.001598265022007003
14,cf4eb0f68d47e6d4b92befd0b8fff39a098cd,0,0.002036897872624848
14,9af8e7dbdc3c620c8144d736242b3bd2fdbpx,0,0.0005983785042251134
14,8bf07d8631a2808f2c869e27afad2d41swgkd,1,0.9610023903577127
14,6e18a078182a21b8522bb69a822cc338in7rn,0,0.0013316924215639957
14,e2a61feee7f94b49d7de1ac6efb237c0fjt1z,0,0.002031688561694809
14,1717f6d4c48ae8d3e5f2566d4bb525f854j6d,0,0.001660447970321349
14,1e050a096927d5b34f4a85d3af28d30eybsaz,0,0.03552619927163891
14,33189c09ca7067834fd25a54920f82d4nd7a4,1,0.9627794737891839
14,557f06b312e040ed3cd7dd2a011cb83avyut1,0,0.17558230711831177
14,d4be674fce23aae81c4cb946d4fff8671gxtu,0,0.0020622845674528856
14,ef905e4d866c43dbc345751e7fabe5a568kjs,0,0.09908312331578736
14,1bb03cdb913f203f704caf8bf6840b6fbpigb,0,0.299324123894687
14,ae6758a627a111f6d6b530b0154c429566o4k,1,0.24264295243424439
14,3bc8edfa1995a99110b957ee98fb5c76nkl7t,0,0.3251380960724408
14,4f07602a713c192a941204b27e2abcf1srnke,0,0.0029574900376702095
14,e2e14e8e15204b504b146d17a2bed925qg3u2,0,0.02868973574457208
14,d1780c224460a0c20d5c2f5f68714c5264xd0,0,0.0012819934978053548
14,0cbd01c9e8cc800aabd3b3e4c618f9caktfgp,0,0.7674271316396917
14,86a3a9861ed45158e964f9d004a224b3324cl,0,0.005774547394539404
14,58c3300ea9095cf5e59e27abf2a905ce7tl6p,0,0.020918079960305522
14,c41f5fb84d9f9e2456a5264c79919569vrhau,0,0.002686294400952824
14,b2a19e17e1b9e0bca8e4563efbff5fed7v9xe,0,0.0009333514113371513
14,8d49c8e70bf96a255baf30acc76a3f59b394w,0,0.04489762950854713
14,147164a9fe8a6bce381a224e9f13207cc1mdg,0,0.009877522237414423
14,98a5197faba8ba72d6ee9e1c95d65d737sigb,0,0.0029000145736152996
14,cb6ea552ab5b90e2d0572148426ca275d1zzj,0,0.0014192362224652887
14,0a43de0ab0a7525fec59ef4bc1dda7a2z9z69,0,0.10290469517241947
14,13dfda714fb516e1f9f7abb0c927bdc2zmw55,0,0.01091807187195547
14,2b044b4b7949b96e38084e59b5d1d328jib5o,0,0.22205836853149236
14,9b733fcc97535e27037c231858a711adyzvqf,0,0.0017952341875375514
14,9db7471a12cc3b8fa3cba86bc00abde2t2wz5,0,0.001619099679749947
14,c59f4511da2e8dfbf02668a49bc391895wk3u,0,0.020918079960305522
14,6a1d4042a5f3a3f34f5b3ea753ecce30l0qj1,0,0.005419759725716486
14,7c08de9de285265b2c34970139331f9fnr9ad,0,0.08284698361898259
14,f019bd7ec140624144c4a9b40c42bec9jok79,0,0.001181814993473881
14,497b8beb19a7f674bc53acf7f5c7ec8cxv68x,0,0.0016548479436341375
14,669c6a0e8aabbf0647e8ee6e150c47b18a4pu,1,0.4256494779450213
14,a2933e33896035761240ef5a62477779jf7ny,0,0.38692077542721776
14,6be863f26f22cd79be272789ac7e9153v27yt,0,0.025355051677339736
14,5dd3494b46f39f8c8783c25527b64dd8hp8ti,0,0.025417695108709053
14,aea096a392f55d95c3e45251931e9755a9t3o,0,0.46402058576885435
14,05ae7ea9549ae298bbbc8002b4229392e0ilf,0,0.001198051299336479
14,a5fb60c136b7e0a6d0d6e27cadb2a797225r6,0,0.005601395912522301
14,85ac49e7f93bf0e20323de78362bb4aadnwia,0,0.007295216621139057
14,b34fe965c04012fd22123ed948257184pqvfg,1,0.780754046132024
14,0bf6e0e5184b3599bbb4ba1fb3a43549ije34,0,0.14708461020906183
14,76d4a0147a60d871867f00adf45cb792w9c6n,0,0.04044700834719934
14,2fc0efdb6ff10d51e3a4d979ee52cf07p4068,0,0.004515129823724487
14,877d96d9abeb73e437a8ebd74abbbf45p8s80,0,0.0025117546072797783
14,4444bfb455b90711234e0c25345abbaddrt0x,0,0.0012819934978053548
14,70daecd44c89c37525aa2ca294378ead4dggh,0,0.695463669441339
14,39a5a16e5a67c2fb51789cea4d3091f0mv996,0,0.0004827172176084752
14,fe6ed3a12fbbf5da4980337564361710v2y21,0,0.0033337761618004572
14,78a444127a896122678835e12ef507deh01hn,0,0.004387446779168642
14,14d4e04d7ed150613974438a4dfd4e85dybq3,0,0.006338710342932672
14,fec57d2db5692eb144a71aaa35a11b58delkw,0,0.005095399473268277
14,1afac423a94778ddf9b6c1dc0df7105cgp1tp,0,0.0029105913537396623
14,c9f94611f4c9afd3a3153da9654e7310jr201,0,0.00616956036825324
14,8bbb16c0a1bb808389051c875ebab1cea0v56,0,0.00208835678014919
14,f12120e467869d3d5dbf7c7d0566a8e7bmmhk,0,0.007811784237713621
14,4ac31aea605d17045ceedbce23eed239omved,0,0.06777710257482601
14,1a9765ed302d0f91b512c23112066e41s755q,0,0.01091807187195547
14,93ab2dedd76c1859885cf724ebcd987c9ngfi,0,0.0014377087952402259
14,01cda526658455000913950f20cf31a2q6nsf,0,0.0024292261449543897
14,fe6adfbbb2fc1ec0c3edf6677204bcb245uf2,0,0.0016336242689461169
14,36e2e2f32a3872d3e958c0a58ee79bd129xdy,0,0.001566226507439568
14,361c6da33ccd1c0df152fd932e6fb2a69i4ux,0,0.0008409043843674007
14,332484ddd66b9a3db89ee68f08b1288amq90u,0,0.001111094504176207
14,6a2c4aeaa17c2fcf20958803a674f101vlxw1,0,0.0029872319178743463
14,28b4c35bd90c81ca959da328806469d493mvj,0,0.008118760590258506
14,716079d1913959ccae0307f760bcddddt6d4o,0,0.0004904864891501906
14,4992da4511c3c1b4efed3e16c7d8dec65ilfj,0,0.03179796829602698
14,519c0f3b989c8e1781e0910f685980ce15wzr,0,0.0012604043471879831
14,e735a2301a18772a8276aa1f17ef79efu4yew,0,0.0016500701328322068
14,85d020b5f3d99d1272efa0a0d34c56a5dtvxb,0,0.009710777086231566
14,ed4802c318a7e04a5703ed115fe4f3a3kkugq,0,0.0022249553616850346
14,c6453f296ce36005d7e7e67e159e1b7cdbmus,0,0.02805731309610613
14,1df1dab2eb718c3da3f9a0aa90b93651sxqzo,0,0.0008257410047028568
14,f9378eb3e522beef7e6a4e1f275bbe0eaboro,0,0.0012819934978053548
14,649b364bc466208e559858f0677b421dbnalw,0,0.0006122819706728455
14,b8d88a1167ab74ba64fd6d9c83308a6d4oa6v,0,0.018669439920512877
14,8cb96eaadc11cf4f914bad84518632e7czdyl,0,0.9544466870465758
14,384ba7c5a8ccf55d174080d9ad7de9b8mfysi,0,0.005911621335562573
14,d8a4b49ed9ca241f025cdbd9637198fb71qmz,0,0.0020890488498136427
14,2b13a870a46975494b749feea0c5c7ed170ll,0,0.0018768101900933402
14,1aa485901ede7baf78ea116e297e9d7f9en6i,1,0.08100650353128407
14,4ed4760782d4e2c65bee8cadc1fcdc89htz8b,0,0.0013601050389538717
14,91c749114e26abdb9a4536169f9b4580huern,1,0.010670915872716284
14,ba266f4898bf572447ad65856b362595yjt2a,0,0.0013707406995754827
14,2daa71f0d138b8c2d61583d3b98a25e1mjp9c,0,0.0008359770614867128
14,c900620a019e78a3eee44109e4d1e1d2xd2gj,0,0.0009233341233942434
14,53f61a2f33e8b07e49da643af49884782vzdu,0,0.0009399065845164207
14,8c33cf751b05ca6a9d886a379a84a2ees9jlu,1,0.005531000849271407
14,3694aa599f836a57b671ee0814b071775i1nf,0,0.10946956557198763
14,a447127835855849fa2ee496d05e0847fgt68,0,0.24897366962554043
14,5ccc30558d4c218cbb4d36872fb82a03rjxgz,0,0.0005453050428154506
14,c503bb79d4f3522f51d348c680906c1bs0w7z,0,0.002277769178099203
14,5e945cce4e72950e0930b2700e77fc8eq2abo,0,0.0014884642880698476
14,2b4b36fd77eaeabbdad8fac68b17ece5ey04u,0,0.007743152843276729
14,d127576e329604b576df0a3248cdcda3279td,0,0.0708990681259426
14,c5863a228287327c9980d12a632985da9vi29,0,0.00836740047052514
14,06c281e31f83dcfd3fe70d2ee2d66bc7e6fw6,0,0.0004386957354250752
14,db85fb5556f17b744938cdcc2e7ce9b5urspd,1,0.2586553244238928
14,afb1d898d15663a9477870391cf39b697gso2,0,0.0014824950504285432
14,d79919e5ba11f26bce5e70f0a4f859e3e4q9y,0,0.8468631309595384
14,c0b7161a67a0aae21788103c08eba7e9z8e8k,0,0.002225970670607978
14,0496c24a6a7f593f28bf7896350e946advl6i,0,0.0024984931052891954
14,900284c412387e0bb2dc2aa5ce42dbb9th70g,0,0.0009606890954640322
14,30788b28de22d28938ecd7ed6795a8b022qm7,0,0.023241155105297246
14,b7515e5f181a6d4884674897226cfe9cpd6d6,0,0.0009857173391040453
14,c6fcf1f7b824c864d492c4cd676cd702owsuv,0,0.002423090014059577
14,fc870f3872dd5e36e4dfc4ccde28cc930tify,0,0.00086327723810971
14,e587d92842526255c86d3b0d425747ecib83l,0,0.30575155027242745
14,aaa8650a6e0997e90e4b6a9fc2ddf555m5c1g,0,0.01248433198298473
14,e0984156959c3e7cd05b7ec8ae239303inqlo,0,0.009874288191083663
14,83e8aa6cb15daa745c75ba3c29a2f646zjw33,0,0.01648988123266538
14,70cc5da141baac4712163f5cd4bd4a50za0n9,0,0.006702657831358619
14,4cd52ae88da3e30dbe01da5048151c98p4f0v,0,0.17048953746930018
14,21114d057c297080f0f882420d2436b5mmukc,0,0.07590948799343765
14,ca28bff4ab1f6e74bf08b92e16989e11vn2mf,0,0.0020930624628580537
14,17c59325ec223c94dcb301a7451c39871vxq3,0,0.0012461393714433362
14,8a3f5e16e4e689897d872716efeeaa0904tyl,0,0.0008883795031901606
14,5097b3a4011380b5d9447e1a7a20b1a556yzj,0,0.004535811323812765
14,9ab00034c9b00521ce121adb5dd4aa15tlhc4,0,0.0010738586945568634
14,5de403f3d49221bfa7116570a4d572d8m19sh,0,0.04170347840201674
14,f725c5b4cece8353da7a636fcba0ecb5yxshd,0,0.040834146412848785
14,f8e90361c36eb3f6fbd485748e731fb7w2ci4,0,0.003193010765821267
14,2eb8a353db13e68388f544daa2e28359oenbs,0,0.4190683951036378
14,308a5541e1206e126ef80f18cc29b7017520l,0,0.1394805768676262
14,722d1147768bdb5918584997e1f677e55g0nv,0,0.002107912727969644
14,cab7ecf98fd0489389a3a8d3961defb3k66og,0,0.0009838075621815224
14,14e29ea004067aace14ee4543876a06365os8,0,0.010768819371856909
14,d5b75c812d172da1ecb3164a1cfb7527688gb,0,0.0012714342277585266
14,3ecced86078287dbd2eac2cfac98367fbbelu,0,0.02217277569327671
14,c41ea39b2e13b0fc9ccccc2546f924f1obd0w,0,0.003208450286749846
14,782557b3ec17063f2a36fc9193ed3200h14me,0,0.13073549380387997
14,54957cfd12ec8c64918b6200ea25d27fsc9hx,0,0.0014749443348570934
14,e783e5f6b818d18eda4065282022ac23jd1fw,0,0.003268214611153521
14,462df7ecf1d47980dea6a93d44fb408d4u2d5,0,0.03533232514949859
14,74487d5ffd5c34de4fecaf9dcb66f86b0wwa2,0,0.002654946467304481
14,97f541ffdcbd1ee34610e3099c5df42acfvcd,0,0.05901336876342738
14,2d2839fa92d1c8e94bdeb1fbb9e62149x6xc5,1,0.9863587461806882
14,76f7e6c70f2b84d885b23e2b2831e113ueqo2,0,0.0025832519796160033
14,10f01aff2fc23653ca7ea1d74248357a889wv,0,0.0013473962973769103
14,8a27b2e29086c0d2e589053537e88393zsyr2,0,0.008123595101479319
14,88641b0f22cf175876bfc4adc44c00f58b5rz,0,0.0007452937058713911
14,eeda0d135495167db9425fc5fa3a5e3ex2zel,0,0.008123595101479319
14,37bf6f23b628a3e2b5b22ba81beccbef0efoh,0,0.1526271948019047
14,d4b2fd8f5e8e02b660e9803cbcfa6cf2t5szq,0,0.009659257878026245
14,1689122c3b25d9e7adc626de84c10006fr2n5,0,0.0013016069063497354
14,9a44bfde11a7b6ade17cd33a2b5102fcnlhm7,0,0.0063987994484010395
14,9be39ea5a0612fae7bc43a25a6d10856l3qaj,1,0.029504901187406153
14,340d7ea497f16bdb912ec5c6ce467f71kk7hy,1,0.2145938344227309
14,074daf9a99b01591cb0637cb95c32600roriz,0,0.0031917610758429374
14,63424f85cf53557fdb5dfc6a280af75epl45b,0,0.001164931700212473
14,8c09f4afd78059d9200cddc435f5c48ceph11,0,0.00391704883395169
14,5e5d3410ca3605694b3c75b2274efd44c9vru,0,0.0017192452231707736
14,817f8074bad1c717afaa8d1696f9b2b00muzw,0,0.0007138907423310981
14,3c77ec9f79f6febf630325ef84f2a0bcl3qg1,0,0.0033627267987686397
14,953e01bab9ac8786b4bfc77d183732bbqw6ng,0,0.02652615337471736
14,c8cf68aa6abce25325dfdad4a98fd890ap57f,0,0.0012819934978053548
14,820dc943d26965d377be315497837bba5iz67,0,0.0006360451844870287
14,a4475cf8808f8951dd5163ded3ee8032g9vxd,0,0.0012819934978053548
14,9655ccc7c0c193f1549475f02c54dce45kjw7,1,0.007414525276927242
14,f428427d7227ddcda377cd00f07749576c6b3,0,0.008118760590258506
14,026819504b59bc4eefb9963d5fe4271aql15u,0,0.0018517868246464171
14,936a335eab4643c3529968a4d9b0c380esi7q,0,0.001184017037481067
14,162886daa0054ff1ad422e0f18cddff3qofft,0,0.06702366242128828
14,603d769a86a359a0d41118b47c0ab41fx7kz5,0,0.0005728398719991482
14,e241b80fc1b431397ba6c70f2fb8ccb72wbra,0,0.010292423715769479
14,a6f994251abda6687ada2e9de52bddb5cisa7,0,0.0016004480079330034
14,c4294be0db6b5c9357ae5e2e7fc8da9489qpc,0,0.0008125991941198669
14,f268f61e075419e5a001b86ee78557e2kmg14,0,0.0021236160653387843
14,874f882f7efff96263e9b555415aac36dsxry,0,0.0006855501616876949
14,9f9dd5c179d357b53f145ae1e5cc941f5qfuy,0,0.00042885827455681365
14,6da536112251f09a006b0c5223f154d46en4j,0,0.002562845513455813
14,4950352b0410495ef65a92b08b5be463c20yn,0,0.007743152843276729
14,01c1c7be49cd6cfbb9075925a05c9899p41va,0,0.001306657599138017
14,e50426efab1e9d60b8f7258130f8791czrpvg,0,0.009877522237414423
14,b0014101fe1b510ea150c149145dbced3q3md,0,0.0008060929113475828
14,eb27d8daded752fc0d1c828867b0f118cswwq,0,0.0004664230112564391
14,0f8cb1baa83fefac10f885f79149bf13kn4nw,0,0.008784921370687444
14,332ef2c7189603a497fc89345ee4f5605i5xw,0,0.004914809022856518
14,572c9964ca41ed055830845993fdab29p4f03,0,0.0020593134912673494
14,aa75d58c3e1207618d47c72ffb19c872bolg8,0,0.06688803296319706
14,167008af05d4feaa636a565f6f83ec61a6ogj,0,0.001313159520627494
14,32d2ce86b00693f0c26314e3cce2438dvxbt3,0,0.1394805768676262
14,da950a556200395a82e23e3bbfe1abb6xs258,0,0.0009793707609122273
14,04c6b750b0552089c87ae03de72289cfcpfmh,0,0.0006682173152387725
14,af50d549e86276f034e52037722dd5aetouu2,0,0.0006635824580408526
14,167b4f37a264b72feb0f559b650d1cbd3ox60,0,0.012468447539143935
14,8152c94b639be88e7076f0e32bd70e0eg004b,0,0.0017275052074815134
14,40fafe756c4695b32df7d19d4c710dabvzr79,0,0.0012819934978053548
14,55abcd1b00c6b5b54633fc7e98f0110bwoy3v,0,0.22905750781090853
14,ff3ae9450581aa3de5d2326f70e39d20w8fbl,0,0.001971042777675754
14,76ed824b414b5e690ff82e7cd2f5be52256my,0,0.10923791426629816
14,e59ca537cb8df3053bdd555bc987b4a7c7m4e,0,0.0069743851533703065
14,76f17ce227e593aeff456fed46e36c83a3j72,0,0.326754003316227
14,64f6b099082e4fb2e8da7ba4ae9abdead2cej,0,0.0014677521602611647
14,429b876aa7e2d6741ddf322685363ccchue2v,0,0.001843153564766689
14,b1863365ae232a316eb946ba56a29415m0gdz,1,0.9130679645277553
14,036a4050a5dd65e70f0f613ec2e38a74re026,0,0.000794401723927696
14,628156f3bce703aa6bd275089c6c692499h1q,0,0.5186862764743738
14,470727c18798cf0e0ecc2a0dca207cafuena7,0,0.01091807187195547
14,308def7f05575db9bcb6a67207d6c1beb2cqt,0,0.008325103236646716
14,0f33df2513a519a35c8b3dcf1d7c7416jjjzk,0,0.22486444851070453
14,762046a235e00ec6521ba71aaa1450c28ijkz,0,0.669283609256525
14,ae9e482a7f4a625a878c6ee0eb4dcd01dkm6d,0,0.003940183929791782
14,535ed161b4c9960a71ccd53128df4766ddyq6,1,0.17494918014613337
14,3ef2325f8b68e1c030547a2a54ea6b98zwa2w,0,0.01091807187195547
14,a6230fdfd4879433e36a76d53440f426c7a7a,0,0.08941150835785683
14,6c8ffec692e88d81e1b18d47818abb04v6llr,0,0.0019487258944926162
14,c780bc2dc7ab83d5e5c85dd13f0f7fdecfxjq,1,0.3324406028592342
14,81207d4ecf830fee924989f4fe1eaa7fntkmw,0,0.0007362097453584509
14,fa918060747386f431a511c862565e34y1pdw,0,0.0002626832732385345
14,1fcca45fdd3d1d3638821f41e032f170en3h7,0,0.00040607420628661824
14,6c2488ec88e02bb38920200ece7d337e0bffy,0,0.06476207022460598
14,0c55920fb607fef2d33324f33565758a6e4dj,0,0.000878424163969642
14,e72d1b2319a2ef39d016c41e4824b68evxe53,0,0.0004111222334355917
14,0a92c4fa2bcdc8e952546d236b322053o5wbk,0,0.0004939235727213958
14,c1859303603734d90d1a91d80977e14echjim,0,0.2536966681661001
14,33ba799fab5e4145b54fac4234bb6e13up0tu,0,0.004708276407413645
14,170a58cf637c08f0818ebdbfddca29c9irkxj,0,0.0009035115978304249
14,71396d66a14f4ce0c96436456462863abwefv,0,0.03913152859433567
14,49f4481b6bc2255e745ef20ac2a720754r9mp,0,0.027144059201333122
14,f6a7e7b14d39804c7d15627e2fa384a1cq892,0,0.016372658750712393
14,8bc2a424939c50eaf4a652e253421b0f9b0y9,0,0.12586897070587377
14,77bc113594866d4902d6f867a456750c9vvmu,0,0.0026292991351829797
14,e0fde4b9b7ec14e80de3c811ecae157f6kqd9,0,0.09786414451588903
14,0e373556d3bf588a1bb2ca6354120cf2dmvjs,0,0.000879121711162836
14,c670e7fb466b09000f1053d2761752268bkfm,1,0.07356511544672009
14,4de2f22ca840fce9ac653e4aa06d9b0cnhudf,0,0.0037447766513194654
14,20d31f20169e8612fe13818891f88a83r66gm,0,0.008118760590258506
14,042780ee9a3730703e35340c575c3cbb7zjwk,0,0.04366800484846532
14,f4d69870de1e803fe00f8126e73a7e33zwcds,0,0.045254954078786984
14,a58ace8b671a7531c88814bc86b2a34cf0crb,0,0.0127670781570213
14,4c46b1ea933d574a985776ed356312505nagr,0,0.00691099310741291
14,f2ea6d89dd9897f0d6edb6f24c446f01ra6yk,0,0.5876259114700676
14,1a5d7993b43386f64fcf4b84e7b183a6ref21,0,0.008670752596970801
14,964028ac24d4ca16c4b63f64b06df1c8ltrrl,0,0.0003307158595316891
14,7505bfc1ca67a5ae14e329b46a88ab869ms9g,1,0.7040449637787873
14,c888cda1ef5931da0db90f6803cd0d368ay6r,0,0.012278072124039857
14,e9f928411213f44502e4942a29553ab1tbqgu,0,0.006350673490764112
14,802a819acf0601b43fe5426cb48ac0bbqwfu8,0,0.976476242900616
14,08a588ebf7b98f44f8fc695d02adfa25x0amy,0,0.0007687504271629472
14,9d8a1ddb38499b3403a6a93395ef29bcrznni,0,0.0040586168917822385
14,cdf1fdd424a11dde166c4bf069d6998eph7b1,0,0.36310581282992554
14,fcda141af3b545332fc3b2d55a8bba74uw7s0,0,0.001715497251799605
14,9f52fd88ba073512be19e3d24d4bb6f91l531,0,0.028370847748784747
14,55453d252a225f3b046c094a7aa330a80dr96,0,0.01091807187195547
14,29e08b4d18198fe9265772fba3a4f6c4mj1rw,0,0.0004476427681669483
14,8f6605a649ae41fe950a6bf579452464d9lmc,0,0.002195086398427984
14,7e34a26c4c339e875997f4b9239d2b5fscng4,0,0.786371325271691
14,ad228143392ba96c21bf51499bac1c3b3kmzo,0,0.010091548119509514
14,9f2086ccb71acd84652f861517d4dff9du4y4,0,0.008068844429487524
14,11d5f6925da5809e2d447788b85d6253jj8fu,0,0.08292855761773817
14,18e751726fd7c407c41cb18c20da2c4er5z1r,0,0.0012547907449256632
14,f0c034c46dfb78d2e9e67fd4fa1688fa6mv8k,0,0.0010610099682728399
14,3d575194dae5a2e2966abdf84d800a3bgbsd8,0,0.0013448386767590595
14,e0fecfdf4029d9a91664e703a178397718lyl,0,0.0012609647894318463
14,d1200a75b6c05584f4f902e74d3dead76cj15,0,0.002419861891189042
14,9744d8ea513490911a671959c4a530d81fj5e,0,0.09306486548538835
14,c806dbb2decba0ed3c4ff5e2e60a74c2wjvbl,0,0.0014677521602611647
14,0381a69b7a061e9ace2798fd48f1f537mgq57,0,0.01091807187195547
15,4ab12bc61c82ddd9c2d65e60555808acqgos1,0,0.10008024259650453
15,25558d24bca82beef0f9db4ba1fe2045ynnvq,0,0.0036086543397709863
15,3f3a3705be5ea07b9ba7ee646ed756fbssuo7,0,0.0012858791509282588
15,38e919293f5dbd62d87ce288e41aae2a281m2,0,0.13159885744400762
15,25d75fd439571c1d9b946f5ec833786063vom,0,0.0025264059917755608
15,d878560888b11447e73324a6e263fbd5iydo1,0,0.0054111887616185095
15,95fede5853bfffda8f50f6af494ff1d1hsgie,0,0.04079486403678542
15,c0e1ecd40b81bda3b7dcec501334499dgzq17,0,0.046184604909488315
15,9434778d2268f1fa2a8ede48c0cd05c097zey,1,0.2853462128900555
15,e98d8f348b266653b6784329782fd2e91vu3h,0,0.0022432691740645687
15,19815d9bcdc74c3ddfb9ff210c1739f3tup3i,0,0.003745556467933517
15,bd586db332285f3c45814fbb8f638d79d26u7,0,0.0013530427387938378
15,e78cb9678684d649453cd5e1e46baf462lq87,0,0.002777160952198515
15,09d71d3e6a6871a7598dc2764c5bb4ffkz6mc,0,0.004277102710929171
15,1e342381f2c64318a51a9b71d91897f8dv9ul,0,0.6575654859446705
15,da6e2a5651b4f44fa3cff41cf9731ff8qc8fl,0,0.046184604909488315
15,9df0b0e5ca66460495931376045feb5fu4y7b,0,0.002777160952198515
15,cab0d4e41ea81636de3bd3a1800d8da8x4yca,0,0.008654255859079476
15,827da66b68b225547050c11df16f845618ptk,0,0.001467963030479752
15,7cb144485c703ac09fc73aa646041f72ogqwv,0,0.001378206468659259
15,6531bde8d4decd9708ff4407ef95e887a26yi,0,0.002777160952198515
15,806a46eb814ec7a09bfffcf38b0763d344tc3,0,0.0028687749605310667
15,12d6239a92972a35bc990225b3ab33466znm8,0,0.0022733276261608657
15,5b25a86acea5ff395bbd62399bb5cc9bb7h6i,0,0.011938905065472087
15,3edae72a9d44c43524c0203ce38581d1790xh,0,0.002777160952198515
15,5106dcca581b63cf2226110a9048ee4846sxb,0,0.6617748014452272
15,ca76df527977e5168e1b3352cfab2ed9htipb,0,0.010842504251454672
15,22fb740f267ac617118261b2fd3365batisfg,0,0.0019126679401834724
15,99fc8ed25265e58bc94d9d95180badf4t2e3i,0,0.009949698382706764
15,e613acb1029ecafd9792c9f75d468e4bmm9zn,0,0.0023194633554393202
15,74fc24cafc7c5936d0422b8da306365byjv2b,0,0.0016151440624795055
15,7f807b2eb6c391d55e67bcdf7e1cbb3fhylw0,0,0.005057615753619715
15,e909515a6ae94a86027c717c4085954akbpt2,0,0.011435089757414633
15,1880a778c9dd0cb15ca1f052308a8e04g7e35,0,0.004148577995387241
15,068450aafae2a6e390e35925d964290cdliqf,0,0.05311953440058787
15,88103add66b7113729a9ca82540684c9il94h,0,0.04466185779708193
15,4741959d26f99012b8a6a3e3954eae40hsy6j,0,0.002777160952198515
15,33031f476dec19fe47c0e3a051a68e992hmwv,0,0.06018505506733825
15,d6ebcf2149c311d221b233b268870b3d5gfe2,0,0.005309640684140856
15,f0c356e136831c41884b0732ae3198e0gcy8w,0,0.004675148518901104
15,dd055846eb553ab8e953b084f2048d53bdqec,0,0.8989597370479299
15,2918b09c1ed9e9e8602f85175b266aeej5v6w,0,0.024536474423739053
15,b5310019f2bbbd975c64dc11189191022k8tj,0,0.0018390650412666942
15,e3ea1d5464543a1ef3a9b60394fc4ab6i1jk3,0,0.005109993013890668
15,908ce7060337fd8550760a100921f6f7wsemn,0,0.004121653416457553
15,dfd5c9157a0a771f235c32f30aedbf84e2552,0,0.0035099985892322653
15,024937af9ea18a2b57e4f08762d181f7s8a3z,0,0.002777160952198515
15,b9080651d16e3d6d2d83e1c5debb55b0qpwbv,0,0.002777160952198515
15,9e72fb21f7581cfff84e833d02538e5ar35kr,0,0.0009284442110704371
15,99bcfc00be736e03facf0afeb79ac533cs7tp,0,0.07207394595106957
15,175a06fdcf622c9455d0a77990b9302dj23ke,0,0.16047003331265322
15,b719671479e7d75b1ba5a5617c95ccad4dkvm,0,0.002777160952198515
15,a8561bec318a7d3a0082b35b086b4428wekph,0,0.02306107836247639
15,037d9f10da403d8d5f94b6e2957a3702f6x07,0,0.778410109730189
15,17c87408ee1009887112745797caeb7fwvqfc,0,0.00228523351788458
15,ee052a24cd3164af9d08fe77bd6b79dfrbelk,0,0.003973308938536184
15,f75cc5ec8acf1ad2349e00ffc4b3191a531f3,0,0.004347883810146892
15,97b002c9936e63a1fb9994a67615e84fft019,0,0.005246090924631414
15,33a7a0121e28cca4e42494dd0f5aa03fdhlm1,0,0.00214529778427142
15,9fada390b6c53ecb47e6f4eb4353e14f01xu0,0,0.0018424659886576507
15,40e00fd204d0ce97110032bfc47f423d0bgrd,1,0.8642681686493983
15,26190fcf0babdbe0b0d903f325c52873tpj7e,0,0.10143753629441077
15,a74e3962ca26514976056bae3c46d579emz6y,0,0.0233149446803427
15,a6bf74b19fcb2687ce345930c4c16d4e2txda,0,0.050249215390648395
15,47c5cd21a74e45dd294cdd53041ec0a3dw3ge,0,0.48024858161432854
15,dfa45994c8471762d04deb23c6450598byp8y,0,0.011991755802999578
15,055282b75717345ba6f53d40e9e6d6c56qrzp,0,0.024550848937091245
15,187636e527504df29bf42d4a2b7767e54bgv7,0,0.004121653416457553
15,1e1c9332e90c1cb0f01da223bc043c528cvwo,0,0.0017819031434992603
15,a0660fe8a46b9cb6b02e7b0c50eef6a905vt6,1,0.5715047924579049
15,72994bece8c918a2c4c432b98780a7bdsctwr,0,0.005176429030344376
15,c9056fc0cade75299ed4438567a87d6ek44pt,0,0.018905601229301485
15,44c75302aa4404e23781f8337cddf6ed5tqun,0,0.28666024157655473
15,3733f7ea492eef1f69f98593d2122c50xwcha,0,0.001976909709375761
15,282fe85277f7c07b0ffbc5fed621a02ezp1zr,0,0.11661070638608041
15,d65c538ae39fc1a7e0677583bba5fdc6ax1et,0,0.1499932187441943
15,55b39a51c925bfb42fb812ebc5fe318emsjjf,1,0.7991690184319622
15,640f41f27c03aca0c45775eb918b666cnjsqv,0,0.11776995841798162
15,3c0026d48f3d6e10cef6cdb1f708793ccwkhr,0,0.0012897741268171673
15,ca0c049b8c37c99ef93b6086e9947135onppq,0,0.0023728757670596554
15,7fab82fa5eaea6a44eb743bc4bf356b3tarle,1,0.002777160952198515
15,dcd54d7afa6820e3f00e1c9e83aecc7b4f3lw,0,0.4888670094386313
15,65659f3fbf6207c570c4bb8ac64772e9umh95,0,0.022439169281584508
15,b232fdca7cb98028e8945005f619fb28p8788,0,0.0015532576127292243
15,7029915a2c5aa5d964acfd85c30c3950b4opr,0,0.004148104861343722
15,3961434cea4339f0049798fab2bc73aekuxjv,0,0.0012286414193966755
15,a8a5bcf248e1326b3340c88e057f59e9nlslq,0,0.007221436564613664
15,bf80bec9b4a8d29c494f8545f2a4be4eji6qj,0,0.10631169880937516
15,35b111da8e919bb34e80511be9cbd128pjjdm,0,0.023413909419948892
15,f8d0d52114da74d98800dc7553008705dth38,0,0.003606095850627549
15,3d7cff3dedd8a8e02dbc551c6a61da3bibbvh,1,0.19930876175435794
15,66513f72be85596a527f9f653db3cb72cq4jg,0,0.06648614819319809
15,c2294751630e49a4e594dfd89383b271qzp0m,0,0.0745001233984899
15,67d245e38ee756947ed395fa099807fchxv99,0,0.0016800800585954024
15,20d08c7edbcb4b4ac0214b664ca5bb9cprntj,0,0.0031070002362916394
15,fbca8e44d824faa1fa6b99325758ff19vi94a,0,0.10265667981109733
15,3ddd3eba016fc11b07c8a9ecb3fcc2975bkru,0,0.002777160952198515
15,cafa845bd657b17eaa82940d4767d9dfe9uxg,0,0.056604291483368985
15,e69dc706f159ef6e26df0d88388bc5edlymly,0,0.002925038515568371
15,7f603f668968facebb0567015ad4c201kikrh,0,0.0016933294233496517
15,9ebd57da79b9286fd67a53e61528cf63a1w6c,0,0.0018004871417984971
15,ff566c87f2babf3dcd67be286e1c6666cxzh1,0,0.001081403086420067
15,3b947f8c954acf4354d2c3bdcd494fb0x54ee,0,0.001644553087925196
15,b1bc9ff2b98df742affda07c5977c7345dpm5,0,0.0114917162207656
15,b6a7b5bba132a90e7c7cb350d2bfa52d7sion,0,0.9117494297639076
15,20a2d48ac3400228e7a0296aaa596a0fvckdc,0,0.001453730064010104
15,9be87a4f123366660d7f6d40ffa493a8ffpsj,0,0.003868436291314426
15,662b66b1227816c2f9017cadbc148381alne2,0,0.001296179775956653
15,42cce5c657dc7d99911d950cb22fcb4fmzz5e,0,0.001789382079188186
15,51d2e1b98b7a1e42b939637dc6e11381zu201,0,0.0005497584778684753
15,96caf14832aa8be04d98aa481b320392kb2gc,0,0.019551776488427253
15,29b8af2fea3881ef61911612372dac41vczqv,0,0.042123574339761286
15,9393cc68d0357d7b200a94fdf93ee3cf7xg5l,0,0.0008233362424234908
15,06a58d4af0fe7ee15324b0e921e8de1260vef,0,0.0035674088159560924
15,2d6a70a8341ea0fbe4c8537ffbce919etg4x0,0,0.002777160952198515
15,8cba56e5e7c2be942ea8472b73f0842fil1x0,0,0.003758733538100207
15,40efc98d259ee36a8c2a387ba49f39d0fa39h,0,0.6895937284084944
15,37ca0d0ded383d709676a4f9729ef39cpjfh4,0,0.0012930808733218288
15,86091a1e6c99358936979baf67d54457x1dzy,0,0.004388945871786985
15,222a0e05442fec0af2d20ebdcafe4b28c2pi4,0,0.005347862560566052
15,7a71e329f3f2da98a3f82e7bfcb705a0t5822,0,0.03201530384314724
15,163097c029285c7eefa2d60e474d65b4ap2l0,0,0.001708924057305841
15,44be920e88377290bb204795f05a20369jp06,0,0.001299780986005591
15,cbe756ce81f5c420a1f7079791ed9aa2js2u7,0,0.05311953440058787
15,10f1460119f9e42bcccd0f68ef59cc830pwtq,0,0.0020933111521294506
15,9f7e3e648ea8e6815c6e7caf59412e843iqbz,0,0.0037766287807821973
15,b9743f78108aefe3995e1c2291b5f3278cgpk,0,0.010263473127328998
15,4b3e6a8a52c413a32f76a6d7a84a54bb8gb0t,0,0.004121653416457553
15,b77312a06d10e22e3caca85fc7fe0342b2adf,0,0.022439169281584508
15,d4d4b36ea722e5b939e51e34953004c4t671f,0,0.0035391896773857403
15,de8943f2b113702c98ef695888b7d0c6my29p,0,0.002777160952198515
15,936d73a062928a362901f0e507d57b0a8rjs7,0,0.0065907863284468925
15,2db8669a6d21a5c8197d4287ea32b7883gv5r,0,0.0012626833722612465
15,6713e820273f591bdff7d26a48ee30c5k4iii,0,0.3386477015530553
15,b7e16fd4fd9ff04b7d741b70730b7b6b1aw84,0,0.01735161819116445
15,80130530788e55de6e9fd515271859d1kgfsd,0,0.008460516164642945
15,4882587d42b3d7d8d7bec4315203f10bl2fts,0,0.002777160952198515
15,452619e019e5651a8d98e3d59a478b7fez5e0,0,0.002036641385785981
15,cdf76f38b6f46a3bd396a99123d26909xq5c3,0,0.0073516065147335545
15,9af8e7dbdc3c620c8144d736242b3bd2fdbpx,0,0.003201473897922593
15,ac94684646bc6f708dcf4566f41ec05es9v44,0,0.004821139718793497
15,4bddcd4957ff826dfd3b3efe6eb96be9aw5tz,0,0.004357164614684845
15,e2a61feee7f94b49d7de1ac6efb237c0fjt1z,0,0.002892856458425887
15,1717f6d4c48ae8d3e5f2566d4bb525f854j6d,0,0.0036308864097491073
15,284cd72e028fe176f935114521ee998c5jsko,0,0.005176429030344376
15,52d8066e28f168e5bee769559ead307e1go7e,1,0.48376763979314963
15,1e050a096927d5b34f4a85d3af28d30eybsaz,0,0.008179768464031208
15,03a1e81cb7bcd15014489a6f752c9d5b7pvel,0,0.005984009358062418
15,d8ada60e3b7204a104bba8c073136bb40772o,0,0.00389905274298765
15,557f06b312e040ed3cd7dd2a011cb83avyut1,0,0.06067738919095903
15,d4be674fce23aae81c4cb946d4fff8671gxtu,0,0.0025027306889500215
15,d38b2db568fb71174bf883554bea939ccts4m,0,0.001687566775676996
15,4761b2fdb4ce610d1d8dd9ea50f478cf7et0f,0,0.0014068192642475122
15,3bc8edfa1995a99110b957ee98fb5c76nkl7t,0,0.5417082720649751
15,4f07602a713c192a941204b27e2abcf1srnke,0,0.0025286829626530796
15,89c8eefbf6f83543ce0792d1e4b86057ti16q,0,0.002019595841297621
15,a4630d8b78c796441a1be187f6907b11c5eu0,0,0.0022974013931181207
15,612d24dde60a1b42873ab7b50944c6dad3dcb,0,0.030571145645891414
15,0141844fc725a85e38e12cc02fcdbbe8ofqxv,0,0.001983584280405556
15,359444416c25e6e90ddb2e3d3d0bc23dufn9s,0,0.002777160952198515
15,c7ce5ac2fe5f03458fab59c78b19bf7c9wzf7,0,0.030039814688638512
15,3e85a43950c71b1988a814682abd4392yakvp,0,0.2419000179183884
15,f0567f6d45c0f83b9874681fe8dfe0ba6hjlf,0,0.027537555264849474
15,ed5fc53d096bcf1b86c30128040e775334ut0,0,0.20565987347517922
15,58c3300ea9095cf5e59e27abf2a905ce7tl6p,0,0.002777160952198515
15,90eb8151eb82441b084d04893151619837abp,0,0.009172508134913828
15,abec779131ec6bd32f5e32ed0f274400ekljo,0,0.0015433455871515258
15,b2a19e17e1b9e0bca8e4563efbff5fed7v9xe,0,0.0017650218520866557
15,bd0071b98d9479130e5c053a244fe6f1muj8h,1,0.002777160952198515
15,173991472d4ee18932f8514b9d4a9dba7rjqa,0,0.0019292676973464771
15,0a7446b63f183a4928ae762ed6cd1c4b894qz,0,0.002677858435587834
15,e561791343f3564a6fc612a98b5f3df34rxok,0,0.002777160952198515
15,b1c2e7ee5c69722df6233541ad5e784eutiv2,0,0.015385972646651383
15,98eed7cbee9b1a1b526a635648e7cd2fhbt5w,0,0.6617748014452272
15,c8d3fc73c1a41bf92a5e4982eb6cf78du8gg5,0,0.001208213870055485
15,2fe472c1be232dca314d4bdf0fa95165rjv69,0,0.05333397937107314
15,d2fe98eb0fa21252956184a98138c58dwp1ah,0,0.0024571937403962125
15,1ef47d501d4b36498b51e184b1027981xu89r,0,0.003031050504105185
15,5dd3494b46f39f8c8783c25527b64dd8hp8ti,0,0.056604291483368985
15,aea096a392f55d95c3e45251931e9755a9t3o,0,0.11384027496444957
15,a5fb60c136b7e0a6d0d6e27cadb2a797225r6,0,0.02044069927037811
15,ee5afe7f268aaa88598545df890f4e5fzari6,0,0.001795969663807121
15,0bf6e0e5184b3599bbb4ba1fb3a43549ije34,0,0.002777160952198515
15,613fe9b896ce3801e40212b3c8a8053c1e8nj,0,0.005808187131132171
15,72dbc4a9f579a9444c126a0a67118783092ec,0,0.002959284372211919
15,de3bbaaa3bbc1fd1f751d23a972916d80q8e6,0,0.016468397819069388
15,8af01eeb860c2e6b1512377f28953110ml638,0,0.055561281675144146
15,d9a813646e8fae954898c1279196f5493gqzc,0,0.0017295156791425066
15,e9b27622a64f2eb9dc7559d43bc45e31yci23,0,0.007609932277704333
15,76d4a0147a60d871867f00adf45cb792w9c6n,0,0.027604034115538165
15,60849c6d966f178808d94543173cb93dog4gt,0,0.0011088733598299907
15,1dec9ee102b29905e2f59a52fb7429826e8b4,0,0.06018505506733825
15,97ac4a68e5600c4b7a960d9580d4f251470mc,0,0.003939695316520476
15,3df41510a5044de5438015f37dfa3443bt7pp,0,0.003680335644112774
15,a6214d8bf07127661f322afa7c8dae91ypizm,0,0.0013274175174772184
15,bfc7a0819397d910db7c24eaba1ed4c68dwiq,0,0.0014203289180671616
15,70daecd44c89c37525aa2ca294378ead4dggh,0,0.7123981127838432
15,39a5a16e5a67c2fb51789cea4d3091f0mv996,0,0.0005373890149803751
15,95efb775460080c0da57e154f27876d75xnsx,0,0.0028733394609160227
15,89291354b0939c342be97fa58e018bd89fvcf,0,0.003358134822730131
15,70c31e8b3476b953648fd4f8775c1950m1uz4,0,0.004254318578494227
15,ab0b0de534bad49af05faa626b88389cmjj8e,0,0.12680500454153026
15,8bbb16c0a1bb808389051c875ebab1cea0v56,0,0.0034995671686365863
15,c9a97c18992adb02e6c2e6a8f9cc1daa1di5k,0,0.0021547681159527505
15,1a9765ed302d0f91b512c23112066e41s755q,0,0.002777160952198515
15,08981037e7a6c9032716ff25b15c9de25p63s,0,0.658117682497671
15,fe6adfbbb2fc1ec0c3edf6677204bcb245uf2,0,0.0016071060458613738
15,c7c854748038ddf37b8a9c4f5a28073fsut8p,0,0.026924697743044432
15,bcda2135a2456d611876679b61dac500vs7sx,0,0.004995366551386854
15,d6517684989560cbb0da1fb2f5bbba9b9y2st,0,0.25214474256101516
15,716079d1913959ccae0307f760bcddddt6d4o,0,0.007822575068390946
15,292dedb5371b8e0ebbeea57f14b35713e2ie2,0,0.0014995561853035032
15,a71f9ab1d130394882cbdab3c886f1b0fm6hu,0,0.0023644712967268527
15,d3920630f4891b9ef1a8a199ce5c830aua4yi,0,0.6617748014452272
15,3a32eb1c6dcc818e0df4953e978f2e89ljhnf,0,0.0012155146207090438
15,c08ae3075278ed0d139f00ead52ac2b0oy8nw,0,0.001405884990686399
15,464506515f2ae684bd510b3a50b9121ec7v3a,0,0.02587220680639979
15,098bfc9c440f9ba9e6371f774ec6a36fa0sq6,0,0.001596430187077294
15,1df1dab2eb718c3da3f9a0aa90b93651sxqzo,0,0.002629382015960277
15,b1e106943db37b1d002bcbe06b264b8bahuy0,0,0.0013501965027575046
15,1def3e23e479c9739abce6b3518013d39oejk,0,0.08095935641681926
15,dcc5a79317a22bd0f6dca1f60fc866a8bei1d,0,0.6617748014452272
15,f9378eb3e522beef7e6a4e1f275bbe0eaboro,0,0.004121653416457553
15,c5120d10a23eb0c10d56a19fecbf9da85t4ow,0,0.003498439188023908
15,b9c59dcf41cd0a7ba779154872019cabmohkm,0,0.00259045960756709
15,6429ef4aebc7d1f4027b31a6e900d165nqvyz,0,0.004837397757075156
15,2137e2626c568af8e56bfb72fdd5b9e19qiyt,0,0.011341153662512673
15,b8d88a1167ab74ba64fd6d9c83308a6d4oa6v,0,0.006533651713114918
15,384ba7c5a8ccf55d174080d9ad7de9b8mfysi,0,0.015615353114217773
15,ab3e02a6b47b250b738fdb010dc84cd7lrr07,0,0.007349219894062172
15,2b13a870a46975494b749feea0c5c7ed170ll,0,0.016808374636680216
15,a7c263f3fe4f19ff677e5cb475f7e5a3gdom3,0,0.003159920551768936
15,1aa485901ede7baf78ea116e297e9d7f9en6i,1,0.5185169843770298
15,53f61a2f33e8b07e49da643af49884782vzdu,0,0.001161415540262114
15,9f280cd011f10593dc245dad1d93b11dy6rg5,0,0.0012283403700775076
15,ef1d71dde32e587e761a1b39d5b374c7gk68y,0,0.006734270720871081
15,3694aa599f836a57b671ee0814b071775i1nf,0,0.3957566104191535
15,3318a824cfbd3d3d177ab7e9520b21cbsrcgr,0,0.0017564718181087777
15,2b4b36fd77eaeabbdad8fac68b17ece5ey04u,0,0.0233149446803427
15,f069e2e45ce316168a94b972c5b7d6b0f342m,0,0.42096246422960665
15,989e8e68621a43af5a8d061aa91bd9bfshy7d,0,0.10265667981109733
15,c5863a228287327c9980d12a632985da9vi29,0,0.0174164220215079
15,c58ffa073b3b3deb4e993ee5dd05347cmvfur,0,0.0014399194491154846
15,a71f84e476d03bd0b25d45e44eeed9a8efehw,0,0.03786033754877967
15,afb1d898d15663a9477870391cf39b697gso2,0,0.0012503768592382364
15,8a4fc219f01e1fe6d4328b0a47fc54905iv05,1,0.045164038345385585
15,ffc4e2dd2cc08249f299cab46ecbfacfobmr3,0,0.00291289641684468
15,60edf674563f85b227898f6af0386476efy45,0,0.0012901737212633693
15,24d4554556deeebf61510cf3e001edecu8hgj,0,0.0025988287389948133
15,781972f2af3af2abc492f9dbb0f6fceahnban,0,0.0018915739680978665
15,98e6dd2906ef1f7c13284a309f6b160cb2ujz,0,0.003997190132327579
15,2f9a7b01fcce94499a59aebfac98fe1ezsk1y,0,0.0020665346850034056
15,7a9519ae09e328b09d18473f96ef075fzrs1v,0,0.0041143018391008
15,4f57e657df5ee5d9207178b4b6858ddak9ouq,0,0.0014269982624579495
15,57c4421263d37c2cd2573cd7245a7a80h0mjf,0,0.06083585775387618
15,87c5fcd8d9582701469f94bff3cc415dvq4ia,0,0.0018129101880491035
15,b7515e5f181a6d4884674897226cfe9cpd6d6,0,0.0011572497263769807
15,c435ac9dcda855341e667d440c2ef7c6nd3mg,0,0.11742041935877555
15,1ba9422d7a55aa5abc3ff37d1cafa9f2yds7i,0,0.08181408653723804
15,c6fcf1f7b824c864d492c4cd676cd702owsuv,0,0.005744493941712417
15,fc870f3872dd5e36e4dfc4ccde28cc930tify,0,0.016177233846315222
15,e587d92842526255c86d3b0d425747ecib83l,0,0.07443856668877116
15,cd9a7b22d85c35845260cd61a4b65cb2meyel,0,0.002785747803482177
15,053cefb7e952bd81d7a6db267a121747te7lo,0,0.03473536045646157
15,ca5d4f0a3ea342fdc45c3325e5311049e2uis,0,0.02703819247100631
15,68d0de6b2b019e4f93fe89ef3c9d3e21zajj9,0,0.022278187696060506
15,32dd072b16a69411ba3f67992ecc3e2144j5g,0,0.5625904711495336
15,2e463fe6bc1616f8392f82c138a6a436mbtjx,0,0.0030445206177985825
15,f8e90361c36eb3f6fbd485748e731fb7w2ci4,0,0.004473817086369884
15,6f6e3687f67272b103351641b678225abarzw,0,0.0032020874790314835
15,d5b75c812d172da1ecb3164a1cfb7527688gb,0,0.002397041602226955
15,8cab09b069755eca2b4e7fd6f6981d7d8n88o,0,0.004673683959329388
15,ff92ea4abd33ed38601287f0e1d6726dmgx1f,0,0.09027653964954586
15,cf18f6766fadce944ee74796489c23acmqhpe,0,0.006962034957081402
15,782557b3ec17063f2a36fc9193ed3200h14me,0,0.16499327173041167
15,1c61726e316d5a16aaa80b429080c534u43s0,0,0.001296179775956653
15,64abb8a286b2be97349e8b17abcce6d9rygza,0,0.0020197540113371173
15,f219cbb3d454b32953619d5a4551f56dcg7gy,0,0.011255619916883359
15,83c9359ad94eab7f4b8fd582a6db4733frmsr,0,0.01783434372148049
15,6d033ec559ea79a8ffb90d80e0b24e93j82av,0,0.05715525898085107
15,e704e6fedbe6caa9b434509d085f4c97nq6k1,0,0.0012959191613624963
15,c1850964c360c9159e5d1d0b6485e210s6uvc,0,0.0018903466781352242
15,5c2d250afe88df6e4ca3ff08d991eb67s5erh,0,0.001027907514614277
15,37bf6f23b628a3e2b5b22ba81beccbef0efoh,0,0.14593790960177866
15,c0e4be8d520c7bac2f51ad80a98876c2aan70,0,0.002777160952198515
15,7eb7b2f6a914afba5c3d207dc28a93aed9pnc,0,0.005501232323770576
15,8bce581a91921adaa5fc20e627cd7b94l6cp6,0,0.0019244630451490051
15,238808859d7752579a415e89a395500fh2o65,1,0.0026437367085296154
15,ae37c0f4dc6e3d99f5b0243fd18294cak7pxy,0,0.051849920731909784
15,340d7ea497f16bdb912ec5c6ce467f71kk7hy,1,0.14627394731585175
15,ba319b8bb68ca6a12086f2410ca7fb3buxsei,1,0.3789849280479836
15,0b3d5f829d18ba30d967fceecb58821c3oeqa,0,0.02737957634945996
15,7ce3afe39ece9d672e9adcf3dcf2aa44a8r22,0,0.008222018201112645
15,074daf9a99b01591cb0637cb95c32600roriz,0,0.0015961755306833423
15,63424f85cf53557fdb5dfc6a280af75epl45b,0,0.00329361532344288
15,d4db72f36e6ad1668dbc0bf4f0e1c49bn12a2,0,0.002777160952198515
15,93e3c34171ab65e0b031dc67461e48b478u36,0,0.014455074877124021
15,069d020584a0e8c61e622321d4c43881j7pl3,0,0.0016550984631066748
15,862eef3a75e1351593b54975cd8ae1b3swcxw,0,0.006575490050029524
15,0a09adcd35b5f26d75f251006affc747drfu4,0,0.03201530384314724
15,ae29b39843141a73b39ada671ce6b6c0yxlb6,0,0.001402958973919338
15,a4475cf8808f8951dd5163ded3ee8032g9vxd,0,0.004121653416457553
15,026819504b59bc4eefb9963d5fe4271aql15u,0,0.005957306845425415
15,ecce760edfc6ec5cd5ddc7037c514dc3zod4i,0,0.00408030200198989
15,4b9bf4cf1085e9d839e833e4b9d40f2a8ps14,0,0.002346580970016987
15,a6f994251abda6687ada2e9de52bddb5cisa7,0,0.00221852065856314
15,8473148f069a890b7323fe8316861a71qoxv1,0,0.0014844534902048038
15,fae553f133602fba6e9e6051dfb27fefkruax,1,0.7605231202420426
15,8c939b6713b7881538cb05eca89cfb1cw1lhm,0,0.0024769391917219123
15,bf190f2cffc1a77f0957f8cd1c98257dofy08,0,0.00940609796019256
15,8884b7af726ce7bd929482ea13de19d39lzuv,0,0.022439169281584508
15,9d33ed2efcfaddba0307d12142f3041ce731l,0,0.06250004267452966
15,e8bc0150097c1b2b8b8c374b69e0d3a6mxfcm,0,0.0012012233573981635
15,737d19fdceb065359c77b81d27053c4e5quiq,0,0.005620252040025305
15,e50426efab1e9d60b8f7258130f8791czrpvg,0,0.029826264389261805
15,d42604c7cca8ec92839e92508f2a3e52ehz29,0,0.013158451953731339
15,c8b23d6565e11d874e221f41440ffd25mrucd,0,0.0034488281398602585
15,eb27d8daded752fc0d1c828867b0f118cswwq,0,0.0015652257576555398
15,bef84146ac1e2f21e928e06ede1404793bfnx,0,0.0013149178803477477
15,825226b69f2a5a8337ca611b38223989aumow,0,0.0021344367240533455
15,0f8cb1baa83fefac10f885f79149bf13kn4nw,0,0.005869384239625347
15,f75a0f726d764514f612ee8cd8f65adegt02s,0,0.008183434650685856
15,332ef2c7189603a497fc89345ee4f5605i5xw,0,0.015262164853633494
15,9dd7e7ef94a7bc5bc9f98c42099910e7o76qh,0,0.0012026197502104602
15,bdab2be5a94c6380c60b902310cbe1b6rs4iw,0,0.0016374301956886867
15,050a3b29ca1818e1f237df8132bc2013bcuxi,0,0.0020324295442748063
15,55d9cdc3af85efe87b2a6f22a2cea96ezy2ax,0,0.006962073432171054
15,d9dfeadc7e0e844ffea3cfc706daae5dt2hhg,0,0.0047542666945958045
15,af50d549e86276f034e52037722dd5aetouu2,0,0.0014004826722998596
15,8152c94b639be88e7076f0e32bd70e0eg004b,0,0.0037517305763566087
15,9ca7afbb673865b01cd4b02846054fc1p3vjn,0,0.030768804388091788
15,bc3d08ad6ac94b8b5ce40a29b59899cakj3p5,0,0.014108328488507389
15,24a32bf10c4a5d4d91c27da4710c869a0nqim,0,0.005440494923317883
15,429b876aa7e2d6741ddf322685363ccchue2v,0,0.0010909408587046724
15,0918eedd8324da06abe5600f058480dc75nfo,0,0.00145452514627778
15,ce7d34398a6d6011bcd96ff0aa82b6674hxzl,0,0.0009762299193570248
15,c277151116ce38d8245f9f2308807af8t4nnj,1,0.002486915536392004
15,de4388600d997803223748e48bfc7b16ggyrh,0,0.00159591002654326
15,069d251f2fc19102924468ab38349d5eou7ab,0,0.0055475979734937305
15,535ed161b4c9960a71ccd53128df4766ddyq6,1,0.4045922207992127
15,90953913d629a03e27590d0d0f64456601ktd,0,0.0021022613127328403
15,c843f90bae7231af13dd0e064a469704drz2x,0,0.002035089775376018
15,13812c0d2c8c474bd62481d932407687o26kg,0,0.0022928546007287783
15,77b7daafef906aa3f941992bcf94dd69zxk2p,0,0.004145472006111921
15,eef111bfb93c213c174947c69b2f2b38cr2pw,0,0.016782862596057276
15,4aad6f0ffe775217e4ef8c91d69707545li52,0,0.0011511018686050018
15,a25f4c6838b83e0fcba372300c23c2537k5eq,0,0.006655257249174454
15,9e1f21ee1888368e77b539083f4b94ddv8mrl,0,0.017066258915682943
15,07012e0507b4281d430b93ddcd96cae66und7,0,0.0015691162342164945
15,fc48aad7a51d965595b59550e08b94c670k7w,0,0.022439169281584508
15,4b72cbc9d9ef0238bb666feea6d79e718qry1,0,0.11776995841798162
15,fa918060747386f431a511c862565e34y1pdw,0,0.005307349979574195
15,24db47d284a08aaf119eb3e0c45eb646i46j5,0,0.028261085801245416
15,b8da3e0dc73d1f453ecbe6ee4d4e8791pr8az,0,0.0015611172203640225
15,0446457fc8e21596799158406f77b14catx8w,0,0.002777160952198515
15,0c55920fb607fef2d33324f33565758a6e4dj,0,0.0011074159451562177
15,25331706aa2157419da068e93f3989feyo7a0,0,0.030704965713941393
15,e72d1b2319a2ef39d016c41e4824b68evxe53,0,0.0019210005036444664
15,916d2d806b772c9f227a9b3640e31469ljrxo,0,0.44716574075388255
15,53d9e7fa087a0dab6a472bfbfb694622jv072,0,0.0014068192642475122
15,eace2a2890644d703c619fff7e41a9a16k7lf,0,0.0014894831867739344
15,0a92c4fa2bcdc8e952546d236b322053o5wbk,0,0.0032341022957553334
15,3f977186d125ef8bcbee0c1562c7ced2b4utq,0,0.00490388957500503
15,cad151bdf2e29b764dfd3acac022e5dcy8n83,0,0.002684723097212291
15,6ce47fddd94be5792190cad9d972a5c4oyjww,0,0.0070957347621633336
15,a639448bde9a72923b70917e82594fc66sa2f,0,0.004952368486025207
15,7959bd565852dd880cd31278fab3660fuaqyw,0,0.007675425481602077
15,8bc2a424939c50eaf4a652e253421b0f9b0y9,0,0.13772439476435205
15,5cdd665a22747394620c17b7753947b0xgzhw,0,0.006191834339451735
15,21f5b103136104e4947e293983dbaa5b4tder,0,0.4784685713169965
15,a4e83190edb97fefdc4a6cbfd00f41fbm7c4o,1,0.88876998146299
15,9dc039dc57fd67bd9e7157f4f697ae7eloov1,0,0.7769243632061273
15,98c12418158dfb9494af01308ac2d0588gfw2,0,0.017961062181378176
15,5f529b5ee68b60482c5d0c56ee91f3c2cjrmx,1,0.9796838289778803
15,c99b1edcfc7f0c751b68fb310d34b75ei6j82,0,0.020777843966341466
15,e60b306c01cf0c0be5c7d54facf927044g5d2,0,0.042123574339761286
15,042780ee9a3730703e35340c575c3cbb7zjwk,0,0.043688750166387895
15,0f4669e36b2e721dfe27f8633b277a1575erw,0,0.06018505506733825
15,b28e6a39ef0cdda29c5e350e048c3a813idk1,0,0.002777160952198515
15,01f498a0992d280de63ec346692efb2blckg2,0,0.6617748014452272
15,14c69cd7fbc8300876f287520c493fc8xe2o6,0,0.02171651758927481
15,4089a2b7f26e5c13a7f3350bd52ebf8fh21nm,0,0.6581648448293277
15,b4210edd4ec9bf872c7108fdb3c6aae9cjwz7,0,0.008783933966314602
15,4fcdd880c4e1a1767c4d26f74bb3466f11osj,0,0.004121653416457553
15,622a477170c3e2215b7e3cdb06db93aezz6t7,0,0.028355328374738885
15,802a819acf0601b43fe5426cb48ac0bbqwfu8,0,0.8856405646651087
15,65f52b46edfc7fa64b9e74557a78e52c1it54,0,0.002024881407631428
15,6da04647ce16d0f00051dfeaa94d3313ox30y,0,0.029890113300946285
15,8c339df2050a428c04a1c2bcbfe4a143loj8l,0,0.010793713526585263
15,458c8c4e10e5c1b29e3fbe5ee56d46e8y3fb3,1,0.9865868319411205
15,7d063aa96e7a065ed5ff9deb7c851bddhrxdj,0,0.0037037477870164584
15,b9cb81e5855add059728cf932f0624fefbi2t,0,0.002777160952198515
15,5640f30464bb5a7bc6e98fd2873fc25dh78hp,0,0.08849876682054386
15,55453d252a225f3b046c094a7aa330a80dr96,0,0.002777160952198515
15,6b1666662837213ce77c329d8cb2a842epaeh,0,0.00168529323685973
15,17a321c4a0d925ca80507effa52330ac5n5r7,1,0.005135276668411759
15,8b253bd318229b3eea3f459bd81b8347khytb,0,0.9314978087403221
15,03e884d3e7e3356608187d2345e4693fyt29x,0,0.0012515688290242535
15,3fe1dacbdaf96fab0c213e218968c518twu76,0,0.026393864403820626
15,1dfb637157cc0e590e50d724cd4cad6d4cacw,0,0.004235698288147605
15,aaa686462ebb950550fc1c6136ffb273vkrc5,1,0.06937322637563982
15,f6485cac867e1e7d2d991838551b4c4bfnarv,0,0.011114543570596998
15,65d8228c6c1e5b6042f397afed8a5c7cbo6x3,0,0.17908943570019234
16,91a3c57b13234af24875c56fb7e2b2f4rb56a,0,0.0024582878496933196
16,57db69e32163f3e486dc6ef7d615aa12usje6,0,0.013304788597893004
16,c0549e76b179912d52a28c3eb9b29376yaxvu,0,0.008601933798271797
16,11a38554244f3c14de043aaf52345c35jjqvo,0,0.24726546173236946
16,0b68888358a492884e3885bcd73ea63bhxidk,0,0.006469658011263489
16,eaaae0fb54c7d36724a9679c3128d5a7gn4k5,0,0.14763730494210298
16,2c581ec91825362ab66a7ffa05df5e70hl3h3,0,0.1222643858651837
16,0d0b3d6dc27d0f8eed70971f8c6bec1bdrs0f,0,0.017355570240208725
16,2a7d1f9483d34546c4d099e36e3a79790qvjm,0,0.18124281172100393
16,c62bac5be6489bc0e0a7834a11167171c8ww3,0,0.0032329480545765323
16,98783b6bd490f32f56c315307643c824nimw1,0,0.0027599969692844086
16,848d3eaa622b26fe57d352eedd9649f4v6obv,0,0.008930240424053812
16,64a39f766b2e9d9471b104f0d0289740a9kdq,0,0.0029058333640971804
16,e3ccc9bd16fa1f4a92fe87b4a54e5e72uficw,0,0.44729652991151736
16,a3c2ba79963b637f15086e6255a46253lwpnb,0,0.006758616817624558
16,2307bb06855a6fe75ab56ee6b4a3860835di5,0,0.04363309903295254
16,6394edfbd35aab54801518835e33ed50hcr5f,0,0.05358288470820271
16,c5babbaace35399cf51a9356bbc22733xpi5h,0,0.0035668668375512893
16,af98b7d5a7c1ccd2968252a2fb1c06f69igbv,0,0.0016072903651981171
16,8e1f8e5907b3cc256a2a57ae9ac81e063gbz4,0,0.0017133985472450812
16,6ecd9f4b332eb790dc933aea0a1528e2qkp4y,0,0.005208431590149696
16,d9c6b6d7290e4475bcd6d264fb33a706fqtvc,0,0.3323451477157639
16,9ded76c5244a2116a3b5432fa265a800j0bvt,0,0.006355737135189424
16,53691811bd992911edb9f5f64f49d8f5luk1f,0,0.16543094551182397
16,ff58ffde976a4899dcd89597a7877e18lntgz,0,0.0694555369959625
16,20cb327bff59dc8f4fe1ac68a30f02eb6jrq6,0,0.0017983132632949993
16,03244a553a252dcc3a3037f0371c8d33fmpd1,0,0.0007546475637853438
16,3073231f45ca50ad6830d4dc7261f283iwjjm,0,0.00199890862393354
16,47e0637718480102d235233c83661a7850foh,0,0.003799193688670296
16,9653f425ed82418570fbca890f7032b16sjjd,0,0.002691432738806357
16,efc61ad6db17265a4bac85f77b154ef414tpp,1,0.00311976918062874
16,dc52611b1a2c84c0949da5af9870d57fj6ab0,0,0.01010740372495786
16,961ab8cb7952191816db53f8a11a35fe1zecm,0,0.008713348919454316
16,74ecf5f9adfa4dcca4dcf020209db81arynmk,0,0.0016251554855217056
16,3d9910a238a0f282ad3132dd6fc981c8tv3tg,1,0.16677080213653683
16,f90f13ddfc0f98cbe3c2346a2e30093cq6zo0,0,0.0031129197648879212
16,fdd836950d203286832a21b930b9f6b58ch7s,0,0.030632637599364184
16,2c72df02de4b36acf72ba549630808612ol08,0,0.006147428848698054
16,01c5692d487454cdbe731df330bef608f48zz,0,0.0022104276466458016
16,f80075873f7183a03b1b10ac3f740032v6w99,0,0.05688644782910258
16,cf22da37578048d2e51eca1e544c693cke5t3,0,0.2536051377121279
16,a94c16f8a98e493e2b4390b1975e690dv8cmu,0,0.032406595435349156
16,f63ed13362ce1c80970ba28a095c2bc5kfgmr,0,0.002719459916024005
16,f186d292f4e83f70a92c97f92993f655ygqzw,0,0.01331949287966026
16,72dd0e4788d25f62cc2ba942bb9499dc7quqj,0,0.007788768819090346
16,e0413f338c43c9d55ba53612d2068f65t4gs6,0,0.020634854452789328
16,6a76d66f035914f93ebc725a0998b399r4gdq,0,0.0006663181627616907
16,929b75b44585b34d2b917ec181ecbcf298fr8,0,0.3193744105655604
16,eebfd257525e52b67969ae9d8760afff12j3d,0,0.00250450520421487
16,f46cfa9acdb6a4c419c70c19be4ff9523uixs,0,0.0029868949799240706
16,7339b024b285f99084bcca768cce5c7e0h2op,0,0.13069079340890766
16,354baa6c4764a5bde013ea3f7edc72552r3oa,0,0.16441809444403724
16,82bec02fec2f08899489d7a5c35a30a0lbszo,0,0.001972727218696264
16,ac494ae5acf003f84ba46f5741618a8dn19qi,0,0.0026728109107760933
16,ea57e35acda9a8f8b75f4d9bc049f74d7qx3t,0,0.014787149541478677
16,481db1a88023d22b3533044bff5239dbf3cda,0,0.005993122938960431
16,20662832566daffac929f803f0c236eaperht,0,0.1507072554437729
16,42c407eb70ddacdcd59d63f22caaafc4fa0p2,1,0.882408651220678
16,28aa6c505e308e49e586e25e1897ed2axjiy0,0,0.003082417313231971
16,ff12cd48c7de8ffb8b2099f262ce03980dqqz,0,0.0033794936175706148
16,e0544483ccbafc4842cba7650677d043n2e5c,0,0.0757675290665227
16,76218e14c379c12d599dae9e1c00b61a3i5b2,0,0.14136213269678344
16,d2ebe13374f25a12865d50c17af1dad7yspzq,0,0.0022299061734695194
16,bb790a228de797253bf6afa43ee52eba1s2dx,0,0.03931065575301982
16,c2d1b8c1b7a9c8010f5b215e8aadb1d7gahpp,0,0.1560629285251256
16,791031a63c9e2b4835caa9a4cc1768baias2l,0,0.0034023675942844635
16,7607c4efa792a69e2a8949ccafcbef103squn,0,0.00014049424819895836
16,f93a998dc10a4c98f65c6b86fdff651d5i4qh,0,0.08545849889004427
16,334714f005e994d46cf4d18093dd4d05fyxc8,1,0.31492443148942195
16,570910327f5584ea1ccba92634d89832lo1zc,0,0.032566161352249545
16,27cc072f1432f7aec4b7e17cf2e473f2x3bjg,0,0.9340407955826586
16,ea6c07fbbfc3f0e549701b1e7b90c4d21zfjl,0,0.16144457361612596
16,01eb9dcbd0b3e79d94020d13d83a993ec9d2a,0,0.002408059125104286
16,bd0f0c497ef09b5c1bb18b330d932bffktn3i,0,0.4899455570156717
16,6a5457f1038c6e1cf9feb57529ce07b2sff4d,0,0.011592880839126405
16,c755d2832026bc2a6f5d2d6df5740f06mr3nj,0,0.0038965820437035503
16,7f4e84da8ed11f4ea3a2d276f49949b7o31us,0,0.0034136172247702483
16,22401c4dc0cb1e5d52da01ebb8b2839cdoauo,0,0.0057983929258177145
16,e5f43783127506211df8c6290c2ecadbyr779,0,0.307796480095703
16,f2bf8c94172c4d71076e151cb4e136007iiur,0,0.002342647526058435
16,79c18f0460f9bd86bcfb25da96d91490jfuxv,0,0.0023650149084941795
16,c4b598fcb343bdd2cf826fc7541500e40xtte,0,0.06320133978804053
16,b970a53727b2bfaf02079779c846a52fj3f0q,0,0.0028934875202591397
16,295fbc4ef00fe0cea7947811e78bb8aez9ti2,0,0.032566161352249545
16,9c0cbc0fd8a6c22ae3648801ade080fek6i13,0,0.03330340055188352
16,11b1859aaf7fa93818baa76007cf7207d8uwy,0,0.0015779623088867315
16,57e1892d3d62d87c9ba5e8425a1958c0fn11u,0,0.03551221806916368
16,d1f000f475c502ecd2e993c52987e63ed3k7n,0,0.2672568290682327
16,a3ef8857f2e33ecd25c409622b4e3ebcij8hv,1,0.9635193538686273
16,db5e9f85e7d180f7d952f12e5dae5900q9xif,0,0.0008252654478264038
16,e1fb642deec7b382433de94983d97681o14ko,0,0.008082351149382886
16,3fae46174ef1a7dce5e9893775f814c4so8s0,0,0.05358288470820271
16,6b9a3d480add21788772e118e6d51ed57e3w9,0,0.006083743169406079
16,30ef7862d69b3440ebf2726ee85a0b8397ta7,0,0.0012619244394710043
16,644e284380171fa793695a91b6a12c28jcwku,0,0.024067878956373138
16,18eb8d55c84019b9196c5ca7e072b287bv68e,0,0.002405191593073945
16,4ab56df4b1befe3e2ce5cd98e8950ba2psqq2,0,0.2882412794777342
16,2b72d702b44fd7dd58062e326fd8e4779j8mp,0,0.0031866131837586338
16,d63671871e4010e904b9419e48781565weafn,0,0.017592239373267576
16,64885ec89a54c64598b2d196e1fe2e351cd60,0,0.0020132943444062996
16,2a4654987b59646a120ac74301339afc4eylt,0,0.038051204957401275
16,3073d007a5b42b827cc770ecf4805278xvvzl,0,0.004692259054580573
16,9774dc752f855f07b9c00eb7018b607c0ymxo,0,0.001844050644033039
16,05c6b93bf8f083b2d0a03ffc0fc3524ba8fi5,0,0.024179133786178985
16,dd1675bf26316cd4630087fb47d0ff8fsug8e,0,0.0035496619619213112
16,4703c8940eaa3f3bf5082ec2f155a8619i1yw,0,0.04275413312535607
16,a99f91d51e8d9f5786dfa52e24292dfebi55j,0,0.0006920877360548388
16,c9fbbfcc89730e961499b4b30ffc4a98umxko,0,0.0031056491999781003
16,a60101895443bfa5d4485b9c2c3e1b68t5ppq,0,0.005442018951814442
16,0870fb7e5701f3ba56762b03e157afdc1yw7u,0,0.6757102116126591
16,84bd02dc56fb7c3402426ef7e8e166e2ptwo6,0,0.0821057265720172
16,d7c046d4328c139e76fea7c1833e8fe6fx4yz,0,0.0022591203681555172
16,8bf04b0a219c7834b25057c0220b4d0dhwdsg,0,0.0017788987830019045
16,445305769cbfccafc89ff5ebd004598einesy,0,0.23829479730720188
16,012441119bcf83b23d4768bb72cea6d6carua,0,0.015715635828820997
16,0e8212e286ee36da8945c2480e366417xa22x,0,0.001909492935916678
16,88bf2c0f5460e28deb5eca2ef8e5e809ol5ru,0,0.0006054683029885758
16,b725a638efd8d51f66ae2f22ce1df678p9es7,0,0.04726532641548813
16,1ac788675f70655e71a013892d701e901kj13,0,0.007493191572935522
16,796961698c2f2442e73c5195062370caawzzo,0,0.0018632044548795546
16,84c4b58a1491da3a30710bcdf61f87054xfq6,0,0.0008194905497640986
16,b4550ab1da3a3ed6e4a206c9ef78d496q23hb,0,0.03364755298656964
16,156f4a8763e602ef789f8048c6928676a1ily,0,0.1507072554437729
16,b0164d9a18a3cdf6082e96f9708040690qcqf,0,0.28445907247962415
16,e9c8ee7f783723fe8496dd35232d88f2or1r1,0,0.5451321359666657
16,8720f071e045d4cec9d707c583a3d64avjyyy,0,0.022289894293666956
16,05a07a27e235d01fe480ea6ac73b8838jq28x,0,0.031275060506288144
16,9c223f867c65938ce8623fc41bec08485xddt,0,0.0030973215014426115
16,936d542904f515ea87bab7996497b11aszyco,0,0.003663899390500483
16,f211ff014ed43c9054916f97d6187108mpxr6,0,0.972716147781572
16,bba40511c6e56070602e8dde4229ff923zbuq,0,0.0018001999435933696
16,0daf4f87eb695e2a84e4156154209e09k6ga5,0,0.03764488912613789
16,7daf0e51b276c6ab5bd2ccf520dae106graj8,0,0.002347970016026722
16,2d113999234e06201c0940286d405453wqjsw,0,0.00997577430548691
16,fd1299f1343236dea07bd0ba5f8ca220csnv8,0,0.0018555232474535262
16,9f101e80580cbff55a2307c028408a91nebzc,0,0.36356942390480873
16,bbad48cdaa604c1bf40b59120a775794rnlg1,0,0.0170373084493999
16,8bf07d8631a2808f2c869e27afad2d41swgkd,1,0.9439064510851624
16,a9bfa54aef505d65ec488d8984c82a7bf0fjm,0,0.16860068206098386
16,33189c09ca7067834fd25a54920f82d4nd7a4,1,0.9881530229374441
16,e2bda091a91082b774d59f2c5b8480ebbijs5,0,0.0016969735739918704
16,ef905e4d866c43dbc345751e7fabe5a568kjs,0,0.1507072554437729
16,1cf0d30e0bf9f4a536b1fe16ecc26cd22j50c,0,0.307796480095703
16,916aedb8fd708e100318969dfe57a4639hexd,0,0.014865459333851815
16,403640a20dbd2c4bf554e558de137deckn70o,0,0.015095545595551076
16,49c3957287d24e69713e4355933b74baoijix,0,0.001962989956345101
16,361397432ed35185b5a2789867a859ec42v14,0,0.001893534730463775
16,e0df56a5ea8094d070b0130d7178a996noolv,0,0.0029669810763002387
16,14b2d98230228eab6a6db3efc41660d7kp23s,0,0.0008931114806282846
16,d95c969eb09086bbad373dd8ee80cacbuagvf,0,0.16972548404127313
16,d9ffd2f7f3cc1a546586701c2a6fbda24u9ye,0,0.48388070859777627
16,c89ad997f646e388fe375d7fe33a3727dzrh0,0,0.0056122630643782485
16,0a43de0ab0a7525fec59ef4bc1dda7a2z9z69,0,0.09636468577567761
16,8acae9b2e5454fbd92fd0b3d79fe89ad6w2wp,0,0.011024312978346603
16,5b1bc916ca111874eda3bbe669957cb1d3mck,0,0.0032640376169509387
16,eea590b4da2709c294e8db490f5997eadyc1e,0,0.004669533189960163
16,f3a249f6a5c2c88ddd8bccb1f8a85fe52xnkq,0,0.002223757607312575
16,1e3642857c10e72cedaf7890e3c07bfa8ibzv,0,0.004785945771132362
16,9b733fcc97535e27037c231858a711adyzvqf,0,0.002284119917244757
16,9ba7cbcf531c20ef7cc55a6da5c0654evwt1d,0,0.08298643961159798
16,260568e07963ce8351f3313bd7b9b0e2vonva,0,0.057117030168408696
16,c4d42d0beefe49d6157c546a2504f4db86hvd,0,0.1305502979951847
16,f019bd7ec140624144c4a9b40c42bec9jok79,0,0.004283737521208077
16,6be863f26f22cd79be272789ac7e9153v27yt,0,0.03486407291937828
16,a2b4df001b0e40a398f6d4ae9b316c0eix5bh,0,0.0027061042834726234
16,8cc03b92898255ce4b096454645599ae5zoc0,0,0.0022386105698303143
16,c9e1e860e39bb7d4dbf3c91c5d6c36c2dv4tp,0,0.05410803533153932
16,05ae7ea9549ae298bbbc8002b4229392e0ilf,0,0.00242651986044972
16,4d6580da346435dff2503c55ee5e0cf8wbkb3,0,0.9773741274926203
16,69e97e52dd6428671f46f2ab6567172d8mfar,0,0.07098473570692679
16,8ebc5b544d62622e45e1ee22a56265e0xwwsb,0,0.0019143765569995007
16,23f9a0e1492c4abf375823266ddbe36bzukj3,0,0.001458529810687332
16,84c7bbdc12233f88f35c2c3b8f178803ta03m,0,0.0023541363148671646
16,2fc0efdb6ff10d51e3a4d979ee52cf07p4068,0,0.017511547877160038
16,ca5730b8dad8f35fba24b68c9ca5d445mp87i,0,0.002098553873258368
16,a32cce991a2f597f6e5a02605119f99b1dyq1,0,0.002112680634278439
16,40829191b83242ef1f380f90876cdd74mrqe1,0,0.009043605041877583
16,67616fd2a1de5c46e32041354efa88ceahbhq,0,0.23670371049916225
16,5bb3c3ff71ef6560c7600c512128ffc8js7py,0,0.060988234432299684
16,eec2ea9d9b292a343f8ee566ba252baapagwb,0,0.007587444481236864
16,d26cca81c93b52ae3564aa6cdf33f5d5mkliw,0,0.004467351519748483
16,8e05310a342aec93aaec69a638e83a96aqyo7,1,0.5471261045719669
16,a13da89a3a54ac9b4ced156542afca5ddyumw,0,0.06800947241236394
16,83a24bbff5a4cf9d9fb10391102708f1oqpco,0,0.0021455560832976573
16,9d1506d6779356dda24ed87d41f3be39yn1rc,0,0.003086509788935279
16,d7b66d95bcfba06122dc6f7a3c605fd73239a,0,0.004017222139584062
16,50a4bfbac8a9653af4099ec1169f684c2nsgu,0,0.5699370473826526
16,24108e769a15b155bd2d63c58368ae5946zhs,0,0.015793144005330523
16,673650167f432c009e9dcd062cd4e9fc2szln,0,0.0024459965690596377
16,cb557e4675bf4f36f93ef5599adff545nz370,0,0.003967623730958488
16,9685887173cc2e1e5ee3993832a4b153bfl9m,0,0.004340462929552177
16,5a823474f9fdaa129dea9fa690d51b62rgm7q,0,0.006144837717199657
16,d92c8c2d4c29d4c785431a8b34ea135awepbr,0,0.002413482986661012
16,c478f94c1323552e85aec6e1013ecba586320,0,0.9379536674983632
16,e735a2301a18772a8276aa1f17ef79efu4yew,0,0.004872641782067348
16,49eaad86d095aa5af75ce34e59e4b7f1mmf9q,0,0.0036068483355765403
16,e7cf764619380e5303089f04bf647f10thebb,0,0.004599031615068704
16,f01e3769fdce36d31eae85525827ab17xeu31,0,0.0024305560986593445
16,6679d668a393f336ba9d1cb6a154e03aifmkr,0,0.00227239723069622
16,58f590a56f480589646d255d570b0877zcjw1,0,0.009794961171414306
16,1530008a712831e35a673d38959528f4ozipv,0,0.0008178095958479768
16,af14436f293c40a9904d9f06a323215bf7zdr,0,0.002265735667255531
16,559bccfe60c7193963f09388fb681ea65k7dp,0,0.003274728656146692
16,f4294bb3abb69fa3183e7e851b58b278k83z3,0,0.06273157707040619
16,d863897264a7e52d9c6a1be6dc453c6c9anz0,1,0.9658451301131946
16,86a626c876e7eb4be35f4f0b0a78f97a1rn7h,0,0.0028386661663341245
16,90fd7b3c991701dee376daeb09a0a5b7kawse,0,0.009896437462619982
16,d8a4b49ed9ca241f025cdbd9637198fb71qmz,0,0.003130200612319579
16,7259271b61d2f05200eb2e1ab1d2ec911jlaa,0,0.007359741151206992
16,96b7bb4238e7ebb439d81d63db4c2796aoofv,0,0.002125974837829097
16,5ddf9ae899e629acf3e78141a9712a05a4feq,0,0.2935245338735156
16,18076726ec814a6f56da2cb9ea89d105j8vpm,0,0.003494100790929012
16,5771ce26e8b0fcbe7e90106955638b251qj2w,0,0.08089344943171896
16,80d8e3bfc8a2ecbf22614befbdaacf5fo6o5o,0,0.03010069815638777
16,5b0665172160ea4015e79dfbcfa7ed86oe0mc,0,0.0877127507951876
16,1e13eba969b6b953688c9e945544ac4741ilj,0,0.003722899954923847
16,9a5fb8e2e5add29b006d789e4cfd1513paga5,0,0.031392591594922734
16,3e9180fdf158409adc96aceffab6e00bejjah,0,0.002371593138177037
16,5324221d38a79636bc4560cbcf2d75c4gimrm,0,0.021615458087903036
16,1d69e006699adba0c79ab06f2f622445nuu63,0,0.0027429117116554835
16,6362c8d61774cfcb6ada7cea1be63678hxkfz,1,0.5923957886311266
16,adc548d88b9a307ce0b58a0d11d3ae14gcfon,0,0.07271744273026394
16,6b3cff1e3d9398d4c125e7bcf612192dy1gwn,0,0.03010069815638777
16,03aafab9868455b78f0723eda86698ba9v9rm,0,0.6015238817230175
16,78c82f2e8764bc8001354128f9265efcqrthe,0,0.010766831238700201
16,b258a38ef4cc6ea241b5473ee9badd32ekhoy,0,0.06568703611866122
16,4997f0d7074a1d9f8bedf5575b6a4372w7nro,0,0.007031915153232779
16,591ef8d73236d150c32716359a61ff2auk6y6,0,0.0018414656487186296
16,942af1514033a612b203ec58f7894c9fv899u,0,0.04678747846963643
16,a0d080012ab98513e39234e4545e93be17tt5,0,0.002597130215695815
16,2540f8192e425f9fb921db30ac1bfcbas4p6g,0,0.06121181376457835
16,4199816cef8be846ca71ae752575744fimyto,0,0.7947625990963358
16,7d44df0d40982a6651a06cf533ef5dddtppag,0,0.16412879402236913
16,a46025d61131de18474aa6f167e04bf08w9x6,0,0.09631120688670297
16,898419c2d011d5a822e9ee07c387098ezpc12,0,0.0016049411894606387
16,9196288f121946095e5c402fd326109827t0a,0,0.7383147582641713
16,e8f3ce0b2d0849968400b63b992cc606psoij,0,0.0057979466382928994
16,bb73823b1c3f577402c9aa9eabd1e412vp2xw,0,0.368877519552236
16,fd5cef3fe1217c6591500c715d71717anczcq,0,0.00231238442319705
16,100d406b638e84e2da7c31b03100b874qiay2,0,0.017418885376617673
16,c0e3343070766b359c664f93ca65040b6bh2k,1,0.012847248930481886
16,d3f595832d80988c2016aeafd125d8f072r4h,0,0.004054338352364857
16,06c281e31f83dcfd3fe70d2ee2d66bc7e6fw6,0,0.0006673257596380592
16,db85fb5556f17b744938cdcc2e7ce9b5urspd,1,0.43086934722983056
16,06ddad46112881df154e3bda0e90fe880r57n,1,0.9072860590115944
16,3e995d6f9dda5f29c02af4c9fcb94bac0csrw,0,0.16965959181322773
16,e932ef68638c37220f4c2c386cf54578x4hpn,0,0.0020962634268708725
16,2cc1c5bf18c858fd9c74901d8d80ab70ak8e0,1,0.9781961320443924
16,f8f87e237833c3279a953b785653b0e5qka8u,0,0.019586304978505793
16,d6fd864297177c38cea65aed8a45fb7bbp2e3,0,0.7161037426540425
16,84560dfb1400fe920a29ca2c728acf1e25eli,0,0.007689504926482062
16,7c0add0ef85bb5194e95ceaea737f90fyv13c,0,0.0024864878488331877
16,655a95d80489d145052254616787cb84fwqid,0,0.0007096537106292807
16,1dce9aaf9d6b9cba38f9c7489764fe30nlrq2,0,0.00333964622446702
16,7639039411fbcc6cf1013b247b2622a72g0r9,0,0.0028695826690187925
16,67fd1325fbe3cd75a110cc80b9df9708l0w52,0,0.07443177399935375
16,0496c24a6a7f593f28bf7896350e946advl6i,0,0.0037131641237469863
16,a3d0a600cdb44f03d58f27b19247cd0d4az4k,0,0.0052437497425613135
16,30788b28de22d28938ecd7ed6795a8b022qm7,0,0.060988234432299684
16,36473d4c641c4c09c20c80e2ab35a36dwzp5d,0,0.0013167077888679934
16,e0984156959c3e7cd05b7ec8ae239303inqlo,0,0.007232513176453363
16,70cc5da141baac4712163f5cd4bd4a50za0n9,0,0.0074139143508965225
16,225716d7bdf8f90cb4a4b779c663cea5j9sqp,0,0.0036230111796761786
16,2b2ee7d0ebdf910833b5cb173c567881jt8sj,0,0.16972548404127313
16,82ae4df0acf8237d7af1a790e3848645bp73e,0,0.003360510348378745
16,c34e1a988fb471e9eb8a5e84bb8ddf90k4hng,0,0.24968445445813345
16,ca28bff4ab1f6e74bf08b92e16989e11vn2mf,0,0.00381125535830411
16,3de66f8a5453943040d42e1e73f11eebll8h9,0,0.004785945771132362
16,c1d9c4c69367536d7b0ccac19527629f65025,0,0.03764488912613789
16,9ab00034c9b00521ce121adb5dd4aa15tlhc4,0,0.0018104019167674164
16,c4709885ecca7b90dea4beb5dabd68aegk2pz,0,0.3461583886343177
16,722d1147768bdb5918584997e1f677e55g0nv,0,0.003347922732667564
16,7da6a36817cf2d8c3be218a32ab25550c8kg7,0,0.0037616141730822407
16,14e29ea004067aace14ee4543876a06365os8,0,0.0057195693345616205
16,6cfd573a82acda92e8207745bca28aa7lqjcm,0,0.001942889384053295
16,68546847f11f6415034b7e2263e8ece62p3ud,0,0.08545849889004427
16,7b22c9a323baf4a7bc7a3761e4a30bfajixmt,0,0.004958674587215644
16,e578807073c57556ce334044382a9b98iaz6o,0,0.04363309903295254
16,7ec5c7e2317a9b68e861060531588f76fpldj,0,0.16972548404127313
16,c41ea39b2e13b0fc9ccccc2546f924f1obd0w,0,0.0036987900073698924
16,54957cfd12ec8c64918b6200ea25d27fsc9hx,0,0.002544331304744439
16,a3ef8289a92196b07e2e7371bb111e3aom07k,0,0.0019794630695864714
16,445eea09a6299164f60dd11f23276b44rkt8q,0,0.01282042751076795
16,a679d00c30c269a8eca148458abb8665kciaf,0,0.004481069870815581
16,d5337c2d4b58426b30c8733313eb5247syn5p,0,0.0009715369471162456
16,76f7e6c70f2b84d885b23e2b2831e113ueqo2,0,0.004200373242569734
16,d7eefaad31febe607c252199a7672420kl1el,1,0.8756445220341221
16,10f01aff2fc23653ca7ea1d74248357a889wv,0,0.0024498751729482727
16,8a27b2e29086c0d2e589053537e88393zsyr2,0,0.03010069815638777
16,4c341a39553faef07ddb917ea4e069ed0yi3y,0,0.0019499751880205473
16,fb9b1e58ffba4b38175c11e03e51e1f48dnm1,0,0.0015925225615133726
16,88641b0f22cf175876bfc4adc44c00f58b5rz,0,0.002155101385791896
16,783d5c219ff84cc0517f59a39bb98e18st85m,0,0.015777957108567935
16,c8f537f6bb0aa2d45da541a875f014358qm7p,1,0.07458236424306501
16,94c8c0f9c90820f28928caf5d122dabby69ts,0,0.0016896563999083984
16,0e5ec5baf2e15afdbf5212d8461e1ad9h3kr0,0,0.0023697500519219467
16,466ebf78d7326a38db1e19fdc1c70e9b1qu0z,0,0.03257681273334795
16,9a44bfde11a7b6ade17cd33a2b5102fcnlhm7,0,0.018022600288985172
16,29013ddeb60a18f7d3bf9f3aaaebae6c8651o,0,0.011455105304457095
16,9be39ea5a0612fae7bc43a25a6d10856l3qaj,1,0.0413791710309351
16,67ab503313f60aaba89f64e2ce3b459fvyahu,0,0.10065917823399943
16,14fe3602f049d4574cdbdef13789647dsgtqy,0,0.0697921049534441
16,4038ae3276c0b47f420a5d73687fb73bghgxf,0,0.040695019158478986
16,76ab7c99de4a3141bf617bf30bec9feep3zuy,0,0.0015920171421766357
16,5c5dbe70c2cb05d208c22d204146e1e9f3lvq,0,0.00734234384987269
16,cf1f2b6f29840e1ecbb31d18fb128c38bseas,0,0.9922323444645763
16,faaa98763b59ed5f02836d4bd682035bfhujq,0,0.0024267692665344218
16,6c3bdc508c20f2f3871766cd73064c8cib3xh,0,0.0035215002650747576
16,9655ccc7c0c193f1549475f02c54dce45kjw7,1,0.03950718296985555
16,35a02f50226eeda275b29a09acef2177k95eb,0,0.00397308005652328
16,6ab75792932fb1ea6fc74a18edb7888c2orvk,0,0.006965685413891442
16,98aa09a7ca13559a9e2a43fa2ba4d2b7klwin,0,0.0031743217601959716
16,603d769a86a359a0d41118b47c0ab41fx7kz5,0,0.0007161078591730171
16,4d6fa52e125a18f433db6e6603b58ec7k1key,0,0.014203826268757578
16,db12e9cad5e847cd7a40ec1ee649e475iwzqo,0,0.004785945771132362
16,7bb914fcdec49aa88c7310a3dda716aa9fb8t,0,0.0007792721840394228
16,01c1c7be49cd6cfbb9075925a05c9899p41va,0,0.005576288736023654
16,24a9abf72cedcb421e831c1be26607e37zojy,0,0.00208631220948419
16,a8b8959fe64f490d32fc15a5d1144f87qj9ai,0,0.002227738729691442
16,572c9964ca41ed055830845993fdab29p4f03,0,0.010570569331313028
16,d9d24106ae1ff4f5bc4ec3caf29d7bd2c2f5o,0,0.004816213702531533
16,fe27fe0815883aa3e1a312f0dcb45981txa2m,0,0.007688356822028473
16,167008af05d4feaa636a565f6f83ec61a6ogj,0,0.0027882140818901416
16,8725b0aa1a32054450c16b099328fbcbi71gi,0,0.0019538692438562356
16,7ffd9b7b795d9335153d481fba4b3076plrxc,0,0.0041769778736785446
16,da950a556200395a82e23e3bbfe1abb6xs258,0,0.002618962293808033
16,74149197c8684977e397ab60a6a264836b0lv,0,0.0016264889029833321
16,c353286290001e0943ed9bb160145c42etrf8,0,0.03010069815638777
16,34914d163517a0cc4f0c971afb2352106vsvz,0,0.006439391723893184
16,fdf908d608a629d5ebde14819231878dojel8,0,0.0016806511310745087
16,210ae8381324c41f7b49e95f1b7aed80z55df,0,0.006235088387205
16,c9416e793bd0559bca3ad4a5194d4cd1k8eyc,0,0.004144111879535516
16,d144312f2f68dc33a63b7863911b2aa459i99,0,0.013419021168508665
16,ff3ae9450581aa3de5d2326f70e39d20w8fbl,0,0.002950745372205776
16,76ed824b414b5e690ff82e7cd2f5be52256my,0,0.08712369677506002
16,64f6b099082e4fb2e8da7ba4ae9abdead2cej,0,0.005542519843189764
16,078e06b3288cf8f18ab7ed44b245fc56nbyfv,0,0.04587840292760397
16,036a4050a5dd65e70f0f613ec2e38a74re026,0,0.002597130215695815
16,e76057d8bcdbb3d2f935c30849a17e4d7ordt,0,0.010665569013069275
16,679fe2a21415aa98a3cfb88abd0507edzjpsw,0,0.08545849889004427
16,1a09feff347553a2577983d7c742e3d6l2hfo,0,0.35983534786280474
16,65435e491aa69dd9d44d70a9aeb6e847oqlty,0,0.0024918900904401598
16,fff2c070d8200e0a09150bd81452ce29ngcnv,0,0.032566161352249545
16,39b501f37dde9b055d627394964d3260qiktx,0,0.006245542337648481
16,3144ea2711bef53de88d89d71acd16c5q0bzh,0,0.0037563681741622783
16,74582963d3774699f4215df7f2d17c1b6b4pn,0,0.0015154146128886874
16,a6230fdfd4879433e36a76d53440f426c7a7a,0,0.12172113236073337
16,2c449b1bbbd5f8d9bcc1159b7bd3caa32jhtp,0,0.0034945377598744705
16,4731be79b5c7e894dabe5986e747b97bd6yxh,0,0.0015920171421766357
16,04636b6c61c80f5325efe61183e8edb01ko20,0,0.0032419454608977314
16,f2f10539ed947e4b141b2e9bf21af65ecz4f7,1,0.9032258808249478
16,37bb1697e1c3922a06c2d2ea4138a4c8s6wgk,1,0.8993272446709112
16,6c2488ec88e02bb38920200ece7d337e0bffy,0,0.13069079340890766
16,8fd35d215ab6530c2ef096c87233cbc93juwy,0,0.0015607767913494476
16,19033960ac23dffe078a1217788bc720jvjbz,0,0.003751540924358183
16,7114afc59caf2cbaf6ec1733922065f3uz34p,0,0.006701066873907492
16,f0ce8b973cb8d6eef9221fd3d6698fd4kl3g7,0,0.0023771381566188195
16,b5d61accc925a0e86ab7274e1ad82532gb1w6,0,0.05465980116197276
16,17e4d6d9a1f8ec00cec1d4fe79b059bd51476,0,0.05206246159642528
16,698da938f6fc36305616aa6f8affd53fobj5y,0,0.004623721485150963
16,71396d66a14f4ce0c96436456462863abwefv,0,0.06568703611866122
16,49f4481b6bc2255e745ef20ac2a720754r9mp,0,0.06273157707040619
16,f6a7e7b14d39804c7d15627e2fa384a1cq892,0,0.04817737930835747
16,caf32bc98f84a47829e76ffe104371f6kphvc,0,0.061622195974367605
16,ad590c59c30187b772258a059d532db42tf4d,0,0.06568703611866122
16,9a272c3baede0633bab0e15ff98d207e3ldpv,0,0.030717415287254066
16,e588d3f7a141147e4f8dba29377144707vupo,0,0.001872646881458896
16,22e65b6bf73fab510ee814cbaeb9ebc1252mu,0,0.2103870472118281
16,e18ddfca4efb99a785c68ede9ef773ea8sfmz,0,0.032566161352249545
16,354d4abc23881a40b8f119225e0dbd09tk1u3,0,0.0023469413234034047
16,70db4530c292bc759238b8306ff4ebb6n4l6t,0,0.002422941612098904
16,f28b5654b5633a0b5e3f757a16080116sjj1b,0,0.005070415628634641
16,4de568a9b480f0dcd3f2ac385121d75bbpy82,0,0.0012582714526709752
16,69333c66e55cdd6cabcc6ae64531fc33w20n4,0,0.028999636080840434
16,b1ae4691fefd3d09d74096ec4caaa6d1v6tbw,0,0.002460005505828529
16,37d71b4ae830fcfa6f0c4f65ec386414n8h5l,0,0.0019124178430919175
16,771f6754997a1954eced81d46348b4762k475,0,0.5241713157143431
16,ddc6dc00f416ce10f23b57ebf758c2eeawzjw,0,0.005710922320423513
16,c1c22607e7899ada525b74e757d248ac2b8ac,0,0.7852568504666317
16,cdf1fdd424a11dde166c4bf069d6998eph7b1,0,0.138120421662021
16,5f56908449455ee9670c7947614f7b4bxak3c,0,0.0077922665766523005
16,786cb68d5d2012dedaf70257449090f2hfb88,0,0.0021084264592953
16,022ac3a7ce986049d9a4bede83ccf9ddctvg6,1,0.9889437657624431
16,4c93ba564461b1412df6f033c8ef71e8ck438,0,0.02751223274236514
16,25aca203223b4d9563f5b1a01aa3a21ftlgve,0,0.02370474145613309
16,424b638423f4862b2a84f22ec25fa22eb2c8p,0,0.03010069815638777
16,e54c3b01eab75ad3a616d56dd06ebef758ua8,0,0.0019395735302185
16,29e08b4d18198fe9265772fba3a4f6c4mj1rw,0,0.0003370677982919522
16,61e4b6ad0fc268d42c330ec99fd8c939yb7t1,0,0.0009009082564878429
16,e29ae1bd8e6e7dfc9cb43b1572d3d55ca0hc1,0,0.0016911770498382393
16,235f78b13fc87c995c1f309403ee56bb54tu5,0,0.017100180883530543
16,2b5c4051f232c4848dbbb477c5ad7f389f4b6,0,0.03551221806916368
16,9f34ed261596a1114cefe81158c5617biq26c,0,0.028128256750861575
16,0181b91f58e6cbaa832235e2879c9c00ovrzi,0,0.0018990322451351476
16,c17c63af831939f5e2fd12f65821db65umonm,0,0.8682893155547861
16,e0fecfdf4029d9a91664e703a178397718lyl,0,0.0007987805982220839
16,15f34e73687d7361ac0d780737fca261g2s9n,0,0.01746670954667311
16,d1200a75b6c05584f4f902e74d3dead76cj15,0,0.004833371678844121
16,efa1611e96c3238913333b8525c6a196rvy38,0,0.0016985649268262347
16,b7e0afcd391a22444eaa566aa527eec0x2yv3,0,0.004241852289971609
16,d2b8a15ae403dabc5aa752b205181dbe1lm57,0,0.003483143855717266
16,369515b3af4f8ca582f90271d30b14b6r52aw,0,0.020345457862849907
16,c806dbb2decba0ed3c4ff5e2e60a74c2wjvbl,0,0.0035948451264405067
17,624f258b49e77713fc34034560f93fb3hu3jo,0,0.0012951372214666786
17,1c5f4fc669099bfbfac515cd26997bd12ruaj,0,0.0005932903258893869
17,4bee9aba2abda51bf43d639013d6efe12iycd,0,0.017919473024806315
17,7eaefc97fbf6af12e930528151f86eb91bafh,0,0.013763258995263148
17,d1be739798ba0745a1fd72ac918a9f1929hei,0,0.0010927853276128084
17,d91a4421996dcf429f575e372915cdcedae6g,0,0.08708926756984915
17,880f542a275df1251612886d408b32e8m96cp,0,0.0014518713322734743
17,d29003d7f3ec1f0e4ca9cc17e6389b4a4phcg,0,0.0020366516874483465
17,b37b352197594dae96bb9219bf59d656oz79f,0,0.0009614138630663156
17,d36857d18a397e7e24d05dcbef3b919ftjstv,0,0.02949757816726736
17,29cc13d48af9832e0eb481c8a095fec7mom74,0,0.0022042004406933936
17,342f22fed8b1e90c6ff1a6b7bd80f6334w094,0,0.0021524039599995683
17,e97becf0d4632035ad4cd5e65c827d6f0xawy,0,0.0008152410862628264
17,68d468e15e0de0bab9694cdca8e799eb2j8kn,1,0.9846238574150149
17,792edafa0603516a57932e6103e9dd54ajar7,0,0.00882154582102082
17,bcf95b210295831ff6e20db3a570f909n3q25,0,0.1600088313246199
17,85be8fd21f41bc3dee86597d272825726bp69,0,0.003534043176970403
17,ef24ca4be7ccbd6ec68d4ea9f47c9e8ex1g09,0,0.0010082776902621952
17,dadbcec8b02ac75c5935f419b318ceca1wwjw,0,0.028340452081919387
17,02bde521e763e4f4e590e8368149e04a96il9,0,0.0005871144968099366
17,f769b9f92260ecf046efd05bf9ab6822j7c02,0,0.0002244885520405296
17,87aa94042390f9267d3b7d90e42b022ek5mbu,0,0.004637837821549537
17,001068c415025a009fee375a12cff4fcnht8y,0,0.017919473024806315
17,cf33d05860b7f7d9af73c6091190b81ektz1j,0,0.0507791608600836
17,28c0d4c81a22958352aa742f7d74e477qwo51,0,0.00370250460097149
17,915ccac760c7359a446100fd1a54bbf6oyrzf,0,0.004922670385014278
17,75c4518eba20c9299a3a836d9905c327w6j8b,0,0.10623237550179652
17,5960fc711b544e2617d0f76360b69e2afds2b,0,0.04945630511907377
17,ae94687eaad6b410713db9106c42566axgn9n,0,0.009954570339328934
17,367edc726ba8e667973844395493559dtf2o3,0,0.0035766185376803813
17,fc8e62e5fb69ba67265a3d0e3403aa3fr8c2q,0,0.4650263487280917
17,2e3b450b727fe3e888c85d52251fd33ffoi4b,0,0.0013227643692662197
17,acf06eabed56f179cf32ab60b6b076820ajls,0,0.0032861994408258533
17,7264bde42ef4fe3fa19cc7c6d64696cf7pqtd,0,0.005183613705828766
17,19353c42feb91a216885fe012efdfb11s2iu8,0,0.0010743547563564551
17,20ebb9de648c6df989f04d07cf273c7b3yu8c,0,0.18801731832898522
17,6cd1bd77bbf2af6a2c6e535192af628by3h22,0,0.01769545237301557
17,090c77ac89c7063f0d0ce064ce3cb3afllf5h,0,0.010648578045474262
17,3be127c56b2de21dfcf2836f20afe249hqkxy,0,0.4380202877762754
17,8126928a319468b6da5edce4097d2398xwita,0,0.0160501734694175
17,2c31770e98fc9fc7e0f1fee6207b5600c0e10,0,0.4596177590595718
17,c7d335bf99b9c71fb22797ecbd78b92ashv4h,0,0.010333594179148059
17,1af4685cda2979a608c4b6ad83473774qgicn,1,0.8253700163837201
17,ea0e5f7d93f2220a62bde8067f26daaa7oxgf,0,0.0026679719834783733
17,8ec8add138ed551bd5a9175eae0cb972ie0pk,0,0.015056270896044941
17,e561facfea467ea124df0111e041287ctvgwn,0,0.014984823384772679
17,ef9ce9b85309d7d1044ce57055705bae8pqlg,0,0.0024498847263182233
17,b8e47f06aef714b37073e72ac40a8100mew9c,0,0.0010790992349295257
17,d6d68e218a6cafa246ed31185b09e1e1fsu8x,0,0.0023965036138213465
17,01a39439e7afbdcfe385eedbddb23d76zgdrg,0,0.004144714583769156
17,7dc423d0bbfd840fa0bf75203cd7bcee75kmh,0,0.0023444675519411484
17,1291b98e40353f77928e363d54a13c569bhfb,0,0.00531567910573987
17,c600968815fc32b20e0519ecfce5b648en2wo,1,0.9899373697894028
17,64e802fa8e0c17ec2ba1b6425648b7cb7ndkn,0,0.010468281451602285
17,b64c209b3d1d91a663d134961af89125u0s9a,0,0.0005871144968099366
17,0565a780f2c5b46837bbe9739ef15ea92fdu0,0,0.06048045647846058
17,81a6dd18d43cb3b1999176eea563b438roe7y,0,0.012945971505837161
17,5e611461283a5c3e49b5bfbf9c33b7391ce3h,0,0.0013037117812337426
17,aa8aeba2bdd0353a108b9b26f12ed59559mvz,0,0.0007726047373710058
17,e7a98dc8545eb429007cb48799a40a2dc9p6o,0,0.1270009025135257
17,a2d0b7ec1595325cc63777f106e09fcd88y5g,0,0.011006236619858351
17,f876e3be4038da62f49234ee498feb732gdcl,0,0.0006434564760611724
17,205c519be884c5b1c885f61c4ba8738a737qg,0,0.9090749342416792
17,3a8124eb9fd3977e43f5e0762d9a09d536rob,0,0.000807844724530309
17,f61d93fddb01d2d89a85a132c649aa90lj1z6,0,0.000948333538632813
17,cf456f3c8c409ec4060142acfdabb5bbqpx7q,0,0.008766576025418136
17,7b93ccc9d5730b561ec5fa7f4bd48c04qudf1,0,0.17279920605393206
17,f0f21cd3d51b7a233988cb1c3c5df977zjqkj,0,0.0009691138374971589
17,cf9a1c3af63d1bc3f55728b4a06a5f46njrac,0,0.00620243089134272
17,29544507566320f1125d8e9f9a0ab3f2jswhk,0,0.9295082111623242
17,6f46b3e231003daf21108df4624afcfdaaswv,0,0.0011125968014269218
17,1680f758aecded6e25096b3a6199b38en6n73,0,0.0023346349029572454
17,e22528ef6a439aff5a8b19f8c9b07c19fyzs6,0,0.0057341062457483445
17,d9177cca9a1bfe3478cc4f11a0d57de2p8ahp,0,0.011533785683896588
17,1b0534afb7c02bb023bd4767ae73f17dqzqdu,0,0.12892954137078977
17,fb5a19240e36ae12aaccc1e9d9231144l32hv,0,0.0532786483924415
17,300bb4c9816a7064b106c9c6cec2f51ei13n5,0,0.00997360606328175
17,340bc29eeeb9b9d04eb1fb72a1a9a2444brgk,0,0.003880804823853746
17,7f86c3c417ae1db5bea10bf9d0a7827ct3ni4,0,0.6923523721660474
17,c18cfb38fe1c4c01705391422177265cn9w5x,0,0.013120680807490952
17,4a2d5b70f0fcec3ad9d8ac4b447efd6f3vs9c,0,0.008374483111316007
17,dc752fa41d974bf688d25ea9d18e9a2eit904,0,0.0007795497735205085
17,5c725e840bcc103bb8d12c54ba9a0b37blxvw,0,0.0008455813259572197
17,eb2c4b4493f31788ead745533e0c9a18xzzlk,0,0.0023913230430184828
17,35a89119272ca55d7f602689616b58c3pebir,0,0.001004406241545703
17,b42ef139c2dfbff8356e8886d2b109e06riso,0,0.001341113058827443
17,3d54d594ffba32e8d6527a688e7227e30iq3k,0,0.0009887678165612895
17,11d7f0a5076649b229c301a22537834e1ehwg,0,0.0033969345725181747
17,4f891171f7b09f54d8b4f30b48421f178m75r,0,0.04499544068769429
17,e67abc3ba39537cc640678297a7c5bfag490k,0,0.09055812062890733
17,e24542c1bd46a4a0f98b0fa95d8fc40brecdx,1,0.34766022675201064
17,9b51afa3c3a736bdf93bd1f2a7b0a0903c34w,0,0.006300449721922643
17,39f9dad880d32ee607af7571ec24807bn1g2d,0,0.03998567277854439
17,f04748a1437347d837a65ce04ee7d94enqhub,0,0.00696178291837472
17,c871daa6b709e008825b667b05efddca04jbe,0,0.01876534064878932
17,37921a9d842612b3b0281f7098d0002539xrj,0,0.0009688035619783916
17,c6f07c222aa3a9d35b0e01f8959ffd21oownr,0,0.0010457766903478269
17,86b6207b5e87d58ae307bdc1545a101akz0ew,0,0.0008394223176389201
17,fb6814db96bbaf61f42270a85f0f62adunxft,0,0.001237918566627825
17,4c2699de8bc9516b09c5e5c8bae6d6c6xiry9,0,0.0004870123572985532
17,1c66f261724506bee45dd18a4d221bfeh1687,0,0.012889610880505697
17,584d1d60d357a4ee1fd3b0a6a72de1dc4rodn,0,0.00882154582102082
17,392d936106b75256632c9dc83c4f1a169bke9,0,0.0029289841475205157
17,55d0b2506cef6464d799879b65c6ba29hjcv3,0,0.279994025552272
17,ec0c9e98cdf302274974ad212477f851iw35b,0,0.0700044353151672
17,a664b6b42fd48403fbd34800063fa50bz6k4m,1,0.9484629011810142
17,876b122982958678f14bb25d887dd79dun3qa,0,0.0028399415211469003
17,ce22684df495e376e32ac95d3ceb1164t37l2,0,0.00882154582102082
17,37ebf34eaeb8a434976416c34ed5c6d8ywyoj,0,0.0010576941719905265
17,790c497536a2a9fe080c3b2ee6d5eeb9caiv8,0,0.0008374326271074425
17,45c3a73b88760d4390f42ea4fae97d84la5wh,0,0.001244924212031436
17,0318e0a173f7c65db40116b903884c854x258,0,0.020476085272878513
17,6767cffbe2c0957492aa451560655be3hjd6s,0,0.10538423793475517
17,40ef6a4a0c99b478fee1c93f4105b9d9mh9iv,0,0.015660053377085682
17,cb9a75312b809291306c6213ed5dc67dw31qz,0,0.11722587772766739
17,9aca61f505f40a3b4f7865c2d00e2418s0e1f,0,0.04576054361553924
17,d7340ee3c04e600c31fd2a34c760f7e7d26bn,0,0.003766500444351698
17,d8ff621bc161b09d9192c445f4b3be7b8xow6,0,0.0014672010414155665
17,3d48fb12020c1a81a65fdba2d75caf0d6q2nc,0,0.015282125175687
17,f35082c6d72f1f1be3dd23f949db1f577t6wd,1,0.01680072692696564
17,8ea020a1fdccfd726f74ed7e90dc3400zy9iy,0,0.0012721735372267812
17,99bfa04865566ca88573ebfd3c7fb1f2c64cr,0,0.0024417062565344257
17,4073de52fb5c46376dc3cac6b2f2cecdxyqjg,0,0.0012527187786346352
17,b071545f5ad73150880c42e780d951bdzvxn7,0,0.02154752023370896
17,2eaf4eef52d5b17615d08bf77386fa42yotej,0,0.027154748523395434
17,fb7c9b1dcc3b44dd69e42a84406117db4t4mn,0,0.004648733995307936
17,cbc71ae3c3690c89485eda3f08b9bb51rqrxz,0,0.09005928721451165
17,6b85d622dec4fff284d55895eba9969dqlhu9,0,0.0249889525162693
17,80bf6ab93fbb8316efd5c0b42d4b46c83qrdn,0,0.021002186851838318
17,6c0212679f2439c4113386b2c6ef513e8wr8p,0,0.49627836383004503
17,aba1120a5b13cf72c1d52c0dac8aafc67nmoh,0,0.0016218242370093256
17,6393f55c093e04e6e608e1ee8be9c3e28omjd,0,0.002025521745171407
17,aa7e36069de119ee3ad7c4d8c925fa3ekrs4i,0,0.010756150433526717
17,429f301119adc32d35541dd4d60903563s7nr,0,0.031070977442396015
17,54e279a4e162af7fc55d640aa62d0cbc9hxil,0,0.0684142477623302
17,bc7722baf876d0735ddc885691eb687bgz365,0,0.18955987198347451
17,34cc283e180fcd4902ef8758714c6d83th4nf,0,0.014941042926753524
17,61a4da78a5aa5bebcb3e9818a46771766gtq7,0,0.04230824928929124
17,38125387ec30412c438280af8931254dmvfgb,0,0.0007527163506342931
17,fba0c76970a464cfa9c043c906442f0eg53a2,0,0.007991461093466098
17,f8c42ccd10c3fe515e53082f0cde9a18oxgws,0,0.2946299877852031
17,6e18a078182a21b8522bb69a822cc338in7rn,0,0.0008763684310580332
17,a6ec153fc7002cfd929b9f7199914cf75upgt,1,0.005406965577228055
17,f334d76f60cae7c67ab04b9e5cc49907hqsc4,0,0.01551166708386013
17,3128932859bba46f57cdd19579c42e05lif6h,0,0.0019331973502835552
17,4c2af41637c123c78074e46a22526298vol9h,0,0.0006957370959177351
17,3d48d4b09fc7559bb6c129fb65c133808brgv,0,0.06811956416575768
17,c8e474ba549fe924bff9d3f585a9943cg9aju,0,0.0017012793456046885
17,1bb03cdb913f203f704caf8bf6840b6fbpigb,0,0.21597136952169055
17,ae6758a627a111f6d6b530b0154c429566o4k,1,0.10206129148277913
17,84d75f71a61667cd327367453b4c0d2frury9,0,0.0009806725940008506
17,f27321571b5b6184e86acb6203c766f2bsfxg,0,0.008840398013521739
17,d2fc5291537a61882065e571c21e796975uy0,0,0.0008244876683530176
17,313bb0007cbdd82f326d58c96847294c9hz4k,0,0.0006147491072012634
17,a4734769962126673e975a627e930b5fgc79n,0,0.0033355830426663132
17,d645e4b8b043a18bb1c8689572ad4fe16q3np,0,0.0019266433118976744
17,d1780c224460a0c20d5c2f5f68714c5264xd0,0,0.0005871144968099366
17,efdf59a8ca81c5d3744f9121ac8fd2c7coy3g,0,0.001078032804161343
17,e429d13bc2c7acc82d8d68fa020546c38v82z,0,0.001762606944022867
17,c41f5fb84d9f9e2456a5264c79919569vrhau,0,0.001928873768756298
17,b5a92183d20e5ca98da4065c874e0b9dezbhx,0,0.822871553532832
17,c72012c8072e2441b3ba8173205cd298cde8a,1,0.3849195291549355
17,98a5197faba8ba72d6ee9e1c95d65d737sigb,0,0.010847426404462054
17,f19531503f1485a3014189a80971c6fb0d9fu,0,0.006208967562858259
17,06b2d71c26ef3b6e29277f761cd0db90wuwjo,0,0.00881905911901308
17,631f923b7bcf91f61a2e9f96520bd8c8vtl14,0,0.8219865730638369
17,f73eb6e2e7a872f97c715ccdcddac77am8bq5,0,0.09954267712652448
17,4c67576a6f30a158d16d790a7fc482b0zqxue,1,0.5173751243165494
17,45fe4f0fb849e7195a1efd5495d1285f2culj,0,0.0012481033453546969
17,23af639c0bd57bfe9bcf3b16973d58b7666fe,0,0.009323661388195811
17,3312b8e73417810a88be459d75fe9bc2xhd8v,0,0.002350753580202722
17,44c38c27b9de757c8c7c05cf07b7e3eb14qpt,0,0.17462633520067333
17,c59f4511da2e8dfbf02668a49bc391895wk3u,0,0.0131593930164037
17,7622d7085237d6b73d08e9d70ed11fe3u8mwm,0,0.002144389300704821
17,9a12aa1aa3560062c6f84bd374eb5f7f422vq,0,0.0011485449851269434
17,bd29e36cbb063cbb96ece76680ffd9121dy90,0,0.0011834773381635434
17,339b8ca3185dcaffbc3ebdfd960020e8es0as,0,0.0020738947913599985
17,7d8d3493942dc13742444f28626c5839axjqd,0,0.34548213059024224
17,f7e3635c9a532fb9a60d6eda6eb7c7de3uqs2,0,0.0014261284659147085
17,85ac49e7f93bf0e20323de78362bb4aadnwia,0,0.011129241881065868
17,b7630ee9a73e7ba6f11f7717b7f03ed4be2hb,0,0.1452711499762482
17,5d5816d216122786933fb74c459f35fc0vnac,0,0.0011330114214752125
17,3ef757c3d6a272681c69bbd7e071b705yzt8t,0,0.0007899203857275316
17,b416bf88dedd6ccdbc3a2146524500258qdzz,0,0.005397363286400957
17,3cab5bd983f5be9c16789b6c14bae982nhi9c,0,0.015349385865751995
17,0817731a4d2e319f6f771da3f522b8bfv6njs,0,0.9830462952958209
17,dd76fa7a75bd0e1921f71d255a8e0853l4lbi,0,0.0016944011484708256
17,a0aeb6de8a21a5b776f63530ed753fdb34k7y,0,0.0231740004208347
17,309f446bdb138faeb18072285ccd9901gz80c,0,0.3432067569187855
17,4dbc8d336dbe0241c9bbb0f3630f25059yo43,0,0.015349385865751995
17,54379b25f1f35d9df78da9cd774cef74u5wt9,0,0.008929131885917803
17,63c48b70d37dee5fcfb26f94107ba3b94d90p,0,0.003393826939087357
17,fec57d2db5692eb144a71aaa35a11b58delkw,0,0.006341461710470494
17,36f52ad1abfd307b73c9b69cd5197dddmmxgr,0,0.00030624133158347586
17,4ac31aea605d17045ceedbce23eed239omved,0,0.01769545237301557
17,8d638f6da12614d6b369249410c3d278n8qme,0,0.015788640978736994
17,aee383561c0019dc01552bfa5263af8etbuc7,0,0.007055369167732647
17,9375e98d0810ce9119ccf45300249636zfpd9,0,0.0011080403740967976
17,01cda526658455000913950f20cf31a2q6nsf,0,0.005776708868946511
17,c963c2dcbeeb0b7051bd3a6a87483ce6i98xx,0,0.005787525662329895
17,92ce3c44edd41ad3222481daac1ead35bouwj,0,0.0008635520420910075
17,6182daa56cb0623719228c9e576b71fcpg8r8,0,0.007621942312699443
17,b729f60d26fde89a01f3fa89759d6b07t0ec4,0,0.010027811463955635
17,5fc9437841f1dbbe63a3a933c48472fcohutg,0,0.0011525283590650835
17,e2165ff862178c7b2946f7f62f5a3e51wcvaw,0,0.011447292870883792
17,3ded667003605eb856ed1aa2b82c1732gtma1,0,0.008562061380366248
17,332484ddd66b9a3db89ee68f08b1288amq90u,0,0.002067242610137283
17,f5edfebe95b4f637d1bcceb892b73dc7rhn7l,0,0.047005442873154085
17,6a2c4aeaa17c2fcf20958803a674f101vlxw1,0,0.004213287528511982
17,28b4c35bd90c81ca959da328806469d493mvj,0,0.007991461093466098
17,5aeb71cdc92fe5d1c4a4e127d7ca7783gzje9,0,0.0008152818515792468
17,519c0f3b989c8e1781e0910f685980ce15wzr,0,0.000831787817355394
17,37702159c6cd2c1a21cf66600e96cdc6rdbff,0,0.00882154582102082
17,8644c9765c64da22776cd67eefe0f498u3aaz,0,0.0007257936156592359
17,6ed39d7c89fa2d423017cc9811f0c469i2157,0,0.002900742148267107
17,fdad47d27b793b74470086c35333d4fepycsl,0,0.0007225257159670905
17,e22850afda081aba360cc18e2a9021caqjjov,0,0.002079430581577684
17,30c3c92cc9408f55cfa895ff8a505930a3yy1,0,0.0018913583975612319
17,171fbac128e6dcb51d0f07cf7ed8bd3er891e,0,0.8517814548701266
17,fbacab353140582a4b8ae3412eefecbc753vs,0,0.03036458575186975
17,a7c910e7c7796d979aa9a7a31d74a8eaqsapx,0,0.011006236619858351
17,b853c1e4d6a4657d35705772ca6cfdc3qtox5,0,0.010648578045474262
17,a8c2410eb81513da23261a49135e4eeacw6dw,0,0.017919473024806315
17,4d1542974bc322859d3d099b8c5193felot1k,0,0.8292630054729022
17,9ae9782ecff93ddf1c6fa13d711b9fe1gc266,0,0.052262071165541345
17,08353687608279ddd83e4d36fadd1cd8ritj3,0,0.0017247281263557057
17,f0fd9f1b3fc9ff10c2642b3bf81946e2rsq48,0,0.0035068353570979456
17,8e0462410d727b34290fec10fd5661761yc8u,0,0.0005613801057368196
17,6a97f70ba29a04e77eb3b137e157070dc2mqc,0,0.007235159584013855
17,4ed4760782d4e2c65bee8cadc1fcdc89htz8b,0,0.0009400384051983623
17,91c749114e26abdb9a4536169f9b4580huern,1,0.00881905911901308
17,ba266f4898bf572447ad65856b362595yjt2a,0,0.005268604088280754
17,86a34cdbb975c141eea1854b10dbf1c8seom3,0,0.06363754971538058
17,461c1d143120270fff5ebc1b91934951378ud,0,0.0167059127286222
17,8f086b809805064f3c4a5dd48327c0f51yplz,1,0.11894283261713336
17,c503bb79d4f3522f51d348c680906c1bs0w7z,0,0.002559341684920288
17,5e945cce4e72950e0930b2700e77fc8eq2abo,0,0.0016002238533476601
17,ae0dc05e48d0f1e3ad33f37b4400bd069jktv,0,0.010092951835233049
17,4b32495335dd238db6285f7c6bbe051fv1qoe,0,0.003644602937594093
17,e7445f6107c8cd3783fa722c7dd29fe6rcd3a,0,0.0005257236260824908
17,ca68a41b3a4062f154dc1ae8456cd792d6kp1,0,0.008163719045671407
17,1ccc69e376c95da9bd569a5d1a176874ivojs,0,0.0021553338246043177
17,2e07d37dd022e72ab04da76f51edaa13qk5rv,0,0.0007257936156592359
17,59cad1329d42bda3d678bae082bee7edgvt7q,0,0.00177152075023216
17,870932eabebfc108296437c303db6055kc3t4,0,0.0003248053760928614
17,372bf02911448b7f62cc861074a7ac81y0jsn,0,0.017919473024806315
17,fb200accdd0411e96f1b0f6d6f6d4f52rgk01,0,0.0013851732519109007
17,d428139761f7b7563d57bb1f87b55876388j9,0,0.0012544685218147857
17,bdeb5eed17a812d2c47176e30b8553ae2k06g,0,0.014314604099857265
17,142a2545c5c01937b05ac6de9773f9efgx0eb,0,0.007244275882761071
17,21c5f4fff051adecaf1b080fbf910ca3dvi6a,0,0.005730619655576113
17,0d1815382b08885d76c671ab600133adeyp5e,0,0.11766227240930077
17,1df5be644b8963750305092eb8ec878ayba4x,0,0.45974862144137685
17,05c9fe8f8852ea069a93dfe39fc0571er9mdt,0,0.002678686387373013
17,5c2e85ba72b9e9e16f77939fee7ffb5eivaqe,0,0.0011965050402376722
17,02cfc97e8fded77671e71e1951723d5fwz6a4,0,0.0005057699852156905
17,bd85d0d7fbbfab49136c241bdbe119dbgkuna,0,0.0011919799952594457
17,3c37de5e4321388ba706233d5ca4a0bfp7w67,0,0.010648578045474262
17,baff2ce04381eb1bc4747d557bf52208vqmby,0,0.0015069734370570527
17,24029e6b641077ab7b9a1fde11a42666pkz6z,0,0.7403242747787607
17,58c2b44923882a8252963e78886adaefh7hnm,0,0.04945630511907377
17,25f1a9c0c83eefedfc2c1589e763c2a3is1qy,0,0.0009085050826675566
17,83e8aa6cb15daa745c75ba3c29a2f646zjw33,0,0.007098465748498998
17,4579226b86f3ca5b5ea1597efabae4c42j4rw,0,0.0007911255353920415
17,74429c9ce8183e2b1b89600e6de4ceea5kn1t,0,0.009514846386925048
17,8a3f5e16e4e689897d872716efeeaa0904tyl,0,0.0009285809257018311
17,e833712b1e29ffe74517e2dadcb4f2d1pt5t3,0,0.04019407129403041
17,ba194af5111cfcf1dd95eb36160c728ds4kcy,0,0.0012111404547006596
17,a961ba95d1685705953ace49a29424e2ld1ek,0,0.0029844196112560175
17,45e4c7fe66077b5b7b338f19f476f9d85jlk0,0,0.002576577101681105
17,ac2d643e0c0d3bfe8e54e5a961c6cfdb5xn9v,0,0.0015003959900858651
17,a945c65b19da56d0c7358d8858fe14e8ulfel,0,0.0025506484838533714
17,f725c5b4cece8353da7a636fcba0ecb5yxshd,0,0.027956966285994426
17,88ebdac47cc2623888e0bcdfb35b692ejrbvv,0,0.003972654359155197
17,88acd2e23ea6817d9d9fc28f38a8d1aftqssz,0,0.005192919565224318
17,a37b105534ddcabb169f6ae3ec928d85slw6z,0,0.0012132414881512795
17,cab7ecf98fd0489389a3a8d3961defb3k66og,0,0.0009183377126979044
17,a027780df5d0312919d41edfd4947f27odx7t,0,0.23030494357630946
17,459ea22b6b51936d0788de9f78a3547bf4jrw,0,0.013380069628174148
17,d810a7956e4d9fbc246d585ce84e8ea0750b2,0,0.0006837450769766691
17,041d869edcadf595b90e3b5248903183pn754,1,0.8478821238838288
17,c89d56c06803b8c6316a7c906604c64939yri,0,0.001115729241528694
17,462df7ecf1d47980dea6a93d44fb408d4u2d5,0,0.010670347830175073
17,74487d5ffd5c34de4fecaf9dcb66f86b0wwa2,0,0.005992541656436362
17,a262e805f766306f4adb38211abf235akxqh8,0,0.00891811982026428
17,3e0bbd7d75cf543a56919ff5069b31a9gcbql,0,0.0019510096445523497
17,96982cc1eefd6f526b512755151227c3h2w3l,0,0.004584295535150923
17,96f31c5b3baa8704096cc8d4301b4c96i6fyp,0,0.008392717137973585
17,f5ab013f90cb8890d33c6a309798204155q15,0,0.0006567808682441192
17,bf65e77ce8676fbab6fc78b70c50f05a8da8a,0,0.2240308348617092
17,d9576f0ba8c7479eb2b26f0d15c4abfayk5ex,0,0.0015135194319213792
17,eeda0d135495167db9425fc5fa3a5e3ex2zel,0,0.007991461093466098
17,fa6bfb4a2156dc8e73a713cdab85bc4bmcmwr,0,0.010648578045474262
17,531d4a209ec0cf76c9337b42fb1c3d9c9tcuv,0,0.0007223865130283431
17,ec86220eb6ce57c91a02a7356b342599jrcut,0,0.004157756079071652
17,67fbdc4209a1566288acba904a2b5a7ee588g,0,0.005104215618011141
17,bb43fc12fbb0fd2b2536e4033ababf59exffy,0,0.11697988492080455
17,d7e83a95a05308d4fae6428bb9073a7bg8aoa,0,0.0006093695537188923
17,d4b2fd8f5e8e02b660e9803cbcfa6cf2t5szq,0,0.06122021755046976
17,721e69fd30e33488bf82b7e2f9c8cee28a9ea,0,0.002891324635704162
17,51cf4dc8898554aedd8572f97a95ef5cpi3ct,0,0.3011523566081458
17,715ee2811c764d5c58aa228ee801e518gqvli,0,0.02225201464354623
17,e8b82b8640ecdd154eebe6b36ec63f0bdwhc4,0,0.007656661810307256
17,79794d93380946ef72e95f55b4abc008hsns6,0,0.000730523840333332
17,8c09f4afd78059d9200cddc435f5c48ceph11,0,0.22783996034507334
17,3c77ec9f79f6febf630325ef84f2a0bcl3qg1,0,0.003538128402495786
17,f0e1c483773c2ef8466d152874872139e0wcu,0,0.0018007116721958356
17,8c412ae875b672f18073d643c74f9f0clzbyw,0,0.0010684840131711011
17,953e01bab9ac8786b4bfc77d183732bbqw6ng,0,0.04049501575568922
17,cb705744a588c18087921e74e68cfa10oev6i,0,0.031037311430069974
17,820dc943d26965d377be315497837bba5iz67,0,0.0007793619632630943
17,6b0d09889ff4889deaabd5f15b3b34f1jxl6v,0,0.006197794159825135
17,400e8b5b5447b4d11e06a8bb0754d8d6l6xoy,0,0.017919473024806315
17,8066d0a6ab30c52b3ddca5da19518b6188t23,0,0.002003826624849719
17,683833b860c003e6c31c521c9cdb49a1kr6b4,0,0.09847751216466279
17,1bb7a8c04e70386f5496322158e9fc3ef6d84,0,0.004881571676181261
17,ac9bf3a07831666bde4fefb75c184adekbrl0,0,0.018340632575907026
17,50859deae0e0a599efde1725cde3a8b8dw86a,0,0.0021621261221774456
17,0030a2dd87ad2733e0873062e4f83954mkj86,0,0.00881905911901308
17,c4294be0db6b5c9357ae5e2e7fc8da9489qpc,0,0.0005092715159147234
17,664adb319c2be43104b6565a8ff293dea0f01,0,0.0008629301179438597
17,eaad20ae39d343daf76adc0b1a4984faumuzj,0,0.013824516272212593
17,95ff2833eef5999a4f3ba4a7684d2b26a6v9j,0,0.001580292513747264
17,9f9dd5c179d357b53f145ae1e5cc941f5qfuy,0,0.0005836471514243023
17,227bc0936837200d0aaeb444ab8d5f1axs8zr,0,0.0019331256388372565
17,4950352b0410495ef65a92b08b5be463c20yn,0,0.007991461093466098
17,0ea26a4028ffc16d9a8631d43e1b92105auao,0,0.08015477453579196
17,ef415b2bbbb81ed33cec7242678975d5m5qk6,0,0.0016390224705794974
17,5201935b289665a197e38f747882948fjt867,0,0.0006928115323093925
17,3714da7069a5205137cacf89ab3a136ffx2u2,1,0.542388591746928
17,c616385a2762ecfd8e4ea16d8a1f2596qw07a,0,0.0033982430529737612
17,1982c4b164171180d480166feae881ecmxsgl,0,0.0009767843732179247
17,7e8650379cbcb3ef8f7f6aefcd678067kzbdi,0,0.10475092255275241
17,317d3e44b2bcfdd7293b84f82f44b8e31hx1r,0,0.0006763608731519419
17,40fafe756c4695b32df7d19d4c710dabvzr79,0,0.0005871144968099366
17,92a63dbb8323426833b944a4fc196fe27pzha,0,0.0014637081645035846
17,1456b44d8b2b16cd94278137269ceb11ns7wy,0,0.0008128198709475747
17,76f17ce227e593aeff456fed46e36c83a3j72,0,0.1286228041890413
17,46f1d7df0a8ffcc10c3de0dad8979cabgr9ig,0,0.000594926347826502
17,1275d8a6a3b2ae9d24b50997397c254cpuuzv,0,0.9615028306052743
17,00cc97158e6f4cb8eac3c0075918b7ffi5k8o,0,0.0008058399176887748
17,70739399d69a3b7ea9e72742dc728742zp9uf,0,0.0131593930164037
17,308def7f05575db9bcb6a67207d6c1beb2cqt,0,0.014327003920575588
17,ec96b5b27dc870c8f59ef11b7371b06eenaox,0,0.0005874770218548631
17,0f33df2513a519a35c8b3dcf1d7c7416jjjzk,0,0.09240056508249235
17,dbdb69d0032b0a251469107dd565b6c7irr4a,0,0.0015035072715212992
17,91b8febfd1f556c06838992814e7653cr119e,0,0.00431085553995937
17,cefd0ed907595de146c91e6c26b8ad658ilo9,0,0.0044605791250211715
17,3ef2325f8b68e1c030547a2a54ea6b98zwa2w,0,0.010648578045474262
17,f3d3c913b225bc6cdb98c60f0936f7cbj8k3a,0,0.0038119457261056797
17,eeb7e43d894af9161f84692f2bf9570fdryzr,0,0.08105242337418687
17,a46046f129f3526547aca680877fd8c7e6tfc,0,0.009594152262113213
17,6c8ffec692e88d81e1b18d47818abb04v6llr,0,0.0004802851014056566
17,283987b9f1ffd4514757483ee1f01351xd678,0,0.0767432001385122
17,3dbb502d9d6f89b26f62cc804df54dcandhp0,0,0.13798792643282984
17,c780bc2dc7ab83d5e5c85dd13f0f7fdecfxjq,1,0.10863351551852626
17,4ef4b3e5727dc85f18aaf00ff9a1e936qyhp6,1,0.888991289028713
17,baf1aa59ebedbacea2ca418c5aa83888imys2,0,0.0006076111682485252
17,c910efe1f135b08acc32b2db162362033olvv,0,0.0014201872106565307
17,5a6376f140f05274d6e0dc888cbeb89eukxkd,0,0.1331278574212113
17,44bfa21b7d497f097a594c8861d4f8d4w5e97,1,0.05021681912993218
17,8d500e174fc28d494482f8ccb9438608zd51s,0,0.017919473024806315
17,bbd1d48ef4e8e7e3855938755275ad2b2le9g,0,0.010847650837906633
17,1fcca45fdd3d1d3638821f41e032f170en3h7,0,0.0008548171394903015
17,c2e1242ad5ea781923a08987d55365c69fii7,1,0.02361904896205682
17,6d1354e720cb9ec90e19e29f5f895669qh6g6,0,0.010648578045474262
17,6275d51c0324547faa8a87b499812268tl90r,0,0.004465555608276354
17,21fd0c468438a483ad1c60cfd1b84b850iyjv,0,0.00182324445197332
17,e4bee4e53a19aaf71e0ac0e3be752b2cz3k1j,0,0.0017837208398206576
17,4d2fc319ce6c2ad370052e0f6f2b0a1dxiyau,0,0.007085073864517339
17,681b4f9dca9e70441fca4a58c05b0f50skmir,0,0.00029629106537248896
17,c1859303603734d90d1a91d80977e14echjim,0,0.08015794564717484
17,c128bfe7aba668d71126d51b32428c01tkq99,0,0.6333463096825884
17,4641b5a43c7a2496ef93af2ca590d2c94s20x,0,0.001541452983502497
17,83dbbc6c5c7ed95048ffa9427d807692339oi,0,0.44780567086980505
17,c83ee624c46235430ad4338278f6d270wfzre,0,0.009346501947115135
17,fc16993f1fdbd5fa8f8ddd72b40442f0qwyo1,0,0.010648578045474262
17,3d7bd741177a712ae0417bc4f4a37bcf9jo2a,0,0.06480040925505527
17,86e888c2dafacf13580a1211abf50961w6foa,1,0.5896897243038446
17,c41cd6791e262b44d26bdb3443fcfba97wlm3,0,0.15369517588191522
17,ccf30c9533a66f22f1c65910ae1bac1a1fs05,0,0.5085492042832156
17,417adcdcd7157e75c66469c07208af00qjnuo,0,0.018087735340374847
17,f4189a40cc622eaef015a19d75d9fe21mylhz,0,0.0008332978636993597
17,f2ea6d89dd9897f0d6edb6f24c446f01ra6yk,0,0.5572553867168787
17,75613637a85df9328b743d33b0efbf1586qow,0,0.00270192777768316
17,28763f241cf0483ca1dd3aa1bbcbfc37xntso,0,0.010648578045474262
17,c888cda1ef5931da0db90f6803cd0d368ay6r,0,0.039234455268104526
17,0ad17aa9111f657d71cd3005599afc24fd44y,1,0.6426208893506354
17,7bb58b7875a093cbe7c5d487a825b730mjcw8,1,0.9820254774191954
17,e9f928411213f44502e4942a29553ab1tbqgu,0,0.0070296256858947215
17,f895a8d9d7974b3ee7f1f04a25a950e9v63ps,0,0.0012159372471173256
17,f473c995ca7b5287f9b2f079f0d78a1e92226,0,0.382039188752021
17,6ed19e45dc118b78a78f25649aaaddbeef7e4,0,0.0015605280421593557
17,b3dc6151c6813688d0423dbab13d3f19crw2w,0,0.0025131350416538484
17,205a011640002932a7bedbb93d81b68b8m93b,0,0.001710887747542005
17,8f6605a649ae41fe950a6bf579452464d9lmc,0,0.006836019419745852
17,0589cf78c4bece729f0ac620557210e13no3n,0,0.0002409670783559041
17,7e34a26c4c339e875997f4b9239d2b5fscng4,0,0.40631057429392203
17,84f06d2c69695fe24cd69f8a1aae21a7kozbn,0,0.0013482890821027913
17,df12e679581fb2054907dae75c9c78ee9kzzv,0,0.07561724551494124
17,717a0a200628f9606d88afebaaeb409bv60y8,0,0.1378115441544092
17,9744d8ea513490911a671959c4a530d81fj5e,0,0.17384646210925306
17,f939c17ffc7c39ac9b35b69e5e75179fv9pe2,0,0.010648578045474262
18,88ae7a35e374a6fddd079ebb28c822eeohwse,0,0.11397972218422824
18,0a6ba32afe4756995db2f5cf2461cddbvj445,0,0.0033930278731386554
18,fa64831ab5ade55daee13f852c16b0a84ujt0,0,0.06121006839055901
18,1b26a52e1e5980c8487bb35cf5027fdfwfnzp,0,0.0030695272979704906
18,585e7c21b80baf2225224fe140cdb1a73ddrf,0,0.0645861261962361
18,5354c02817e47f28e60e44a40ca5e48dll4sz,1,0.4547450871904669
18,067ff22ebf0d33fe0deedc816d75973865jo7,0,0.4255511130376267
18,a22fdc066a738070c6e4860924d06657hengu,0,0.8707038510915395
18,975dd5178d34453c1c3c8edc47cf44274uv5s,0,0.14640709246625963
18,608d9b68afb12c6c27da6c6565ffe8297wvco,0,0.021641532473370823
18,5f50c6187a179e2ee7ba2fbcfc845c7a1smgr,0,0.00657328757002947
18,aabc211b4cf4d29e4ac7e7e361371622pockb,1,0.988069366303777
18,8abc7635daf75f9fbeb63783b7b8ccd5rvuyo,0,0.002734126924547361
18,5686520af5a4215a239418fec906f88e4she5,0,0.0036320519113902452
18,f60edfe5177cab56896a9d6860995095cl1bb,0,0.003167992576623033
18,481fdbc92e77bba4c9611841a7d74071elwx6,0,0.006554585122057934
18,72bc07c7241e1856ba31609d11501c91cswlb,0,0.08596418502167896
18,68600b8922561fe26b8b6acf1d11efdfb24k7,0,0.50983511754697
18,4c4431ec9b6e683bdc5a3118d5140105r1nas,0,0.04778011109486285
18,1cd8d86911413c73e92ad1170cae68c3pocsn,0,0.07058903678688706
18,bd2cf3a868d168425cf1bde7c49d40b9jq0xu,0,0.03442076221421948
18,0cca10034c58287ee6fbec14a3f96c3546sdh,0,0.005989704414629356
18,577af9ccdc29dcacbbce0f36b7c1ff15btljp,0,0.06764098451764869
18,21580623ea81c5b0b82aaf74890218e5mio2z,0,0.2605905816660257
18,f5a67722732675f6285b70b9f008665fq01bk,0,0.01356451133974807
18,d27221cf2bfaf0fa7a60ffd3e1e3a53efagvp,0,0.47307883159428676
18,0e66933c924764a59760aaae5368e7d1e0s88,0,0.008083155599279343
18,6086425310e05e77a53317490e8c1f3cxzf2r,0,0.6560917255123242
18,024cf43497fd7381df6254888670f84bwbbam,0,0.043127047060234014
18,d65efaa8129a85f85bf909e5abde8c3628gfv,0,0.052050754191522546
18,226017dcd6506ce20886540ff734210d8hib1,0,0.006262955620265353
18,3b233dc399f175100fb11ff9c66fa5b074z60,0,0.37530865586063733
18,d5f997729fd5a0aa13307e027804de515jziv,0,0.11637352326341209
18,8c2bdb9dd878a811701838002627a056be0ce,0,0.8386243549052406
18,671fb1e314a1f480ba9ad9b5a1cf6a91w1k2f,0,0.01647264345169247
18,b27db6c048fa41b496dfd3423226bb0923yfv,0,0.007638697100853489
18,91d9b706f63537c5fc0027c50b0e3b06qpdgz,0,0.017329846647954558
18,68f092336430866db606f137c57c87e0hw7aq,0,0.03166106809756915
18,dd661e2d6e79a5b3e66c82373d50f3ee86k85,0,0.00657328757002947
18,db83d746ba8e0c388805fa3fcb235743vfqmw,0,0.2947780981137009
18,520b616c26fc47935f6bcd5ec063eaa7w15t8,0,0.0036320519113902452
18,de9f5df5962dc171c7d82ab503c36dbfwicon,0,0.008380715051539802
18,c48fd9c589f273945bad5f0cea5993ba2fet4,0,0.7509067907098467
18,27809fd62bebc89be450f9dcbdd25ed8il6z2,0,0.05816082397286642
18,6a87cc9dacae884e817de2ee08452e76dx9mn,0,0.11778588669209536
18,8b4071f3e2702b88481054081363bc15her3f,0,0.1516251797048103
18,2736ee274114e9440463bde9fbffacaa5xky5,0,0.03157998535751996
18,cd856579a7c4850b60d8763520339449x0mqg,0,0.0015624237331466812
18,4679df74080bc22e29676bddc5bcbf51gsyds,0,0.01811723270048239
18,08515611e73803dc6d8c562b8514dfb5qi3z9,0,0.13961937320386564
18,62ac0de5f8776ca1d189297bdea9a64cmewb9,0,0.0034293495372380908
18,28c9a5ea8aae9fb4f6a755f94cd922361v9ow,0,0.5025829908784865
18,c8d972b803b46212369cf1b480328dcehb9jl,0,0.0038130783695211226
18,245b584befa6a5b8c759491f5f3db580p2m5v,0,0.0048812609401972275
18,3d281a78c6a116a91baf9c8db22b56bazer1h,0,0.07072512538377382
18,ead2ec4563ba25a9e9d417f1964b7504teqtp,0,0.2864483549416955
18,96b1df591dbbf3a002578574671d9ff1rmzev,0,0.00657328757002947
18,518e9fb1055de6532ed2df6d03fb78feus5s0,0,0.03509086020552767
18,6aeab198df208f8628825f7eb3ec3701p2ybk,0,0.007913476894777149
18,ea5948061b2059bcbd900d3ae7e86e428ae8g,0,0.09860863949196061
18,5a2aa4e8c227de4db26547fdc1f017cbxb62j,0,0.0021469684031776405
18,e8e4603ed284adbd252a7a601f9bffe09oq6f,0,0.013541748738598005
18,a7454ee6fbb69c4079caf5b5b92574abi6pyh,0,0.07517280481981749
18,c5dcc8a649adae76ce01a3fa85b68f237ny2r,0,0.009171830774324706
18,e959a3ae64e28a7d3b37934c0d826867o3sp6,0,0.0036320519113902452
18,76a8a9566e21595a1ac06cc0050626c1q7a83,0,0.004167094872522823
18,db88530db963dab43118aef5aba127ec29abp,0,0.08596418502167896
18,c69e65de28937ebe1b94e7785afd94158thqk,0,0.6496598770167566
18,a539fbaf8b29613ff0e4f3e5831aa7a5p2cva,0,0.07627102966942638
18,8c4b0d95ba36c0ba2a52f9043c62fccev75uu,0,0.08753468308035216
18,7b5bd948eb1d8075be58ec9240927bb59ugz3,0,0.00169710077354648
18,0b450f2827ec670da34be66ec2a520213xcuk,0,0.0012543949233150414
18,74866aaa89db79f25dc0fae8be067b83xlbm6,0,0.004167885820856677
18,ca391c857d7aa75a72e2d7c3133e0d6ay9pil,0,0.395844485385995
18,786fd201d9c952bc3453d4b3a6fa64046d8wb,0,0.008997274246397633
18,45cfe8744884eb207048e3cbee31ec56hd9lm,0,0.004409744557560916
18,6ed7b95dcea7b359248e9efce91cbb11lm7hf,0,0.13680590663786762
18,dcac75b5ccc362a66e7f9112f033bdebchxq4,0,0.0029508691906199756
18,7eb6a5ffc5e8471efad7cdc8927daf677qcf8,0,0.12412396017932834
18,8f00a4c4d7f097bc1688f8d89431f6bfmodq2,0,0.017307293339174083
18,9819825acfa7e20c47a78bda5e76b195jh0gd,0,0.10363280390795271
18,db80f065a93cc6b41d12af614bc3ec11kpwjp,0,0.32445864794079127
18,2e1eb5b56591662fd7ecd7b39621bbcfgd1ks,0,0.15567380650987075
18,88e24a019c32a60f2ff315a9d217ec33q144x,0,0.007189110030185616
18,67083f257438b1b79cb09cfa601890855of77,0,0.0039055781440038174
18,01255c2c7c5578c186873422fc00fd7afwk8k,0,0.017552740288846316
18,9ab3bca29dbc32070cd7f729ea55639a350tu,0,0.0024881373495448385
18,2a5726bd00709641cc54a8ab5422cde3uchoe,0,0.15567380650987075
18,10b431aa15b56084d32fe1ef123c4305wo1nl,0,0.007020308107437129
18,85371e59ea43c33c7e481ba3c214e893ail7f,0,0.0029941514455153057
18,a4c40fd7a4c1040283fb2b84611eaad240849,0,0.37791898377221106
18,eacfdb47b3daccebd9f16779c5542fe5eytoc,0,0.008400627432176226
18,d8d90875fbcf94c3b4c5c00479cbed6e1mqrl,0,0.0013249697907581942
18,0353aa9e97bd46119c90b8892f99982esfem3,0,0.00566707290751911
18,651402deb28af3e3d1ab9a6b88314b591uuaz,0,0.0018990273738582208
18,f01d8d55568b1f54b6946a1b78a3983exkz5u,0,0.002820134191603462
18,9211adb9cc770c78a70b55441acd146bfxnz2,0,0.007355165153503695
18,a6e261c09ae8aa7d0a47ffeb0110aa519jowa,0,0.25789623816118934
18,7d72bde2e297ee81296adb4fd56e8800p7lbe,0,0.14155883087466797
18,6533b670e02ccf583288ba7c8f5fb1carmirt,1,0.9836984256016704
18,7ce12bb499c156ba4513becaa42aa8c143v75,0,0.014298257387960783
18,14f226ef57ed64d8e14c8b5ae929143cgq3em,0,0.0018875290001265726
18,e5fd2ebbf5bac9ddc73ce524e1b33c3akti0q,0,0.0024803703648659855
18,56cfe8b0d574e1df3f823c2cf32226eff52uw,0,0.0053135508867543455
18,1bbfbd968c065ff5dabeffe311bc3ddeezbof,0,0.1769805377740179
18,e19f258fa5019e58974b562a8e1433ccluztk,0,0.07613410491139717
18,5e8bf58291656ddd5fd2f71825565446aiopv,0,0.39559470742256075
18,679d60378d42ca9d3b8a28073fe14fc7bv4jh,0,0.0849086048926302
18,8f6f7baf33fe2a5206ed3ca88446a99bmq453,0,0.137407042043236
18,061690ceb6004807b7906968bf382dfcbve7y,1,0.8747520934438346
18,61101089c1b34f409fc9b836a7f9cd163y22l,0,0.003505132649163962
18,a3910fbd35b7a0c383c9805eafda616fra4xo,0,0.03152706475058317
18,d4a84bdffb9543626fdd42c879343ce26ds4l,0,0.002590909149321901
18,b1729d5905e896a8411f81bb65d66343ladls,0,0.003213989478946575
18,c1434e440370882ecf00ac52140f7adbuy1e9,0,0.003906362027148837
18,82194e7d8f9b84e71b789e763b5c3263r6d98,0,0.004126468803883461
18,2794512e8edad5f99d28c33c7560fccb9zl8i,0,0.4465962449807156
18,e4a9bdad09ebc5d5a264723855fcaaad6q52x,0,0.5906763335183449
18,d0b096df6b5ffd2efe8d5cfad4a24912zs3dd,0,0.0028726640673778867
18,dd7292cdbc81ebfb87945d9ab176d679gepf0,0,0.002868740827916943
18,2797fe80977297483e724b8390161c937dh4g,0,0.031393664907331496
18,1e0b1a6ea8d307cb61e221723534c4dclf9w1,0,0.08322956133508516
18,9e9270c06937bfa13f5b29e737c3438fcocyn,0,0.003649200576416322
18,c97dda0fd2de7d82d3a52eb6c0788062h3tq6,0,0.05913135931436708
18,8783939eb63e5eb4e5cd412d8480f3955ipxu,0,0.001742143343936229
18,e0a87bc26e13c599894d7a5103fdca786tfat,0,0.021307116830238105
18,c6108e22518279361de99b3c7c298235mkoa9,0,0.0096323691061708
18,4d0d345f552877998f41ba3cd1ba299885vu5,0,0.00657328757002947
18,7c965df16147f68263573764dd257a7bxqmpt,0,0.0022119590606466963
18,060ac64ff78ae62e9bc697192cebea333760p,1,0.7564468356372712
18,1dead8a9cc54fdcf7a7c16dc6e06a3bbusgcu,0,0.0187136739960466
18,8ec9269ed4f5aef4584d887dfd9e595aaynzb,0,0.0017560684637628874
18,9d98d3f00a0c0bddf35470b0fb735fcdhiriy,0,0.8599290941610906
18,0fa357965f89388d8e7eb8cbc3b85c6bnnro4,0,0.015168123038633501
18,af9c96944265cf541b3fe734a057821a825l7,1,0.6933889853673205
18,420e7aebb49d7ab3c04e109a98e152d7kquiz,0,0.00663701066572529
18,73d4cec0ad358d272d757e0fce8440d01fvw8,0,0.03442076221421948
18,b1410ac124aeb5ef6b06667786feb742tijnw,0,0.3263365269936656
18,af5d33f9724b0e8c1f875406c0556d1e6eotm,0,0.43795842574385724
18,655b88e646b94d0adb9e15e9f3b9c9a4lvcrz,0,0.3107706477564299
18,48044b1b1f47f168864bc7c4a58a65ecmt187,0,0.009250285066207993
18,d2704c8bb6ebbf13e08f37131382b126wy4yc,1,0.2456358758406826
18,f05dfdaa2f67b190f3a79a5a2d5daf9coikow,0,0.03442076221421948
18,9f60e1593604631e10ad2677c51055c6mv205,0,0.0048696097797276275
18,ae817305e82b580f9ab89f1a379488e39il4q,0,0.024754960776150126
18,183c4e44d09bc4ab990b957e765af311vlup7,0,0.0016142913615685745
18,1dfa6e724441ca3c913b3d40967c17b2p9xr7,0,0.004381997888619483
18,e2e14e8e15204b504b146d17a2bed925qg3u2,0,0.028611776116561464
18,0ef9be4eb3b6a03ac2945522964b242ap09cy,0,0.0034323971309459553
18,a1922a9ee4f9f5d03fe11816c2cc3eb9ivcbp,0,0.003361135315123885
18,39802378690e7d0c61d294f5898852b96hsfh,0,0.03442076221421948
18,e4264fc4dcd5f917ceb002d860441370s054e,0,0.003470604399900343
18,0580f2e77b4c0dd3b5cda8a1641cb9fenmo0i,0,0.026914293457410497
18,8d49c8e70bf96a255baf30acc76a3f59b394w,0,0.06826478529254965
18,ae15accae2164aae084aef7e3524c1fflq962,0,0.004297864852393832
18,b79560ebfed7c8cbcfb97475812e0836twsnm,0,0.0029301339351128046
18,5920a92dc2b65e257061017a04eb5361tpa9b,1,0.93225614690102
18,2d9579812895729581ce269ea17462197jxvy,1,0.9344691972389362
18,13dfda714fb516e1f9f7abb0c927bdc2zmw55,0,0.03442076221421948
18,414af5edf09c473bde75644b76a68e7feesrw,0,0.029444147840956964
18,6a1d4042a5f3a3f34f5b3ea753ecce30l0qj1,0,0.007219854773354803
18,42f754cb72e01c08005598e1f9383341fn7xh,0,0.008679776300509867
18,ccc371d7848a80bc31941248b9f49b95hn694,0,0.006665423261858634
18,669c6a0e8aabbf0647e8ee6e150c47b18a4pu,1,0.38914884987344656
18,d3ab33e9314c95d6806813171f292299tmprm,0,0.0035756352131536494
18,ef89b74b58c49c1a321d3d7ce061d151k51xm,0,0.5494066674229868
18,cd35a3230456d4a245806e476c63e9a1evu7i,0,0.04778011109486285
18,5720c8d7bc15b94037cd75ff9496a35evugeo,0,0.7367673796674348
18,42025aabb56a61f3bea90d27b283b517dyk4t,0,0.2853775277701114
18,99ca795998fb781a42d85f1abeb50482yzffz,0,0.3899966247924842
18,877d96d9abeb73e437a8ebd74abbbf45p8s80,0,0.0048782299462362035
18,4444bfb455b90711234e0c25345abbaddrt0x,0,0.00657328757002947
18,3043fb0b4a1904222f640107f84d6f799tves,0,0.0044596999644706085
18,b9d861ce6162179a4b008b63e7fae80fjoywx,0,0.021641532473370823
18,6feec0741a319299c78c47040893399ebas6q,0,0.004788892349293663
18,fe6ed3a12fbbf5da4980337564361710v2y21,0,0.0031248236390045317
18,f3bb3c26162cfc1b8c3636a7ba126010na3n4,0,0.009962471088045542
18,d092609f5140c62ec64ddd7615c25792qgdrd,0,0.008486259697606358
18,78a444127a896122678835e12ef507deh01hn,0,0.00880269752283741
18,fb81da0790d821a22617d748d0226540ylrj6,0,0.12367370105898652
18,3550d62e04bd3a1239eedbc29d9c970279b1v,0,0.00690124611860341
18,14d4e04d7ed150613974438a4dfd4e85dybq3,0,0.012348092405660375
18,613c7d60152ebf06e3a7dd326ba03261mnn8u,0,0.008062084332583097
18,fe19fadb955fee4c5fcd0e30e56e1542kx66p,0,0.020595699916068397
18,c9f94611f4c9afd3a3153da9654e7310jr201,0,0.007656980840453359
18,24284d3fc3334e0adeb6bb95637ca62d6dm96,0,0.01121084726412079
18,9e25bd3696b4e1775de205d2d4698a0df4s14,0,0.012071423721467996
18,74ae4f7b1692dc42622696303d9d4d763vksg,0,0.002510526358395914
18,c2f592fbdc8980229367e1db4d0f7a51my54g,0,0.20860604346925046
18,36e2e2f32a3872d3e958c0a58ee79bd129xdy,0,0.0037578970956024596
18,ed5ee107143980558fae26c1b5c7b81a82spj,0,0.004654447557064837
18,4992da4511c3c1b4efed3e16c7d8dec65ilfj,0,0.032774723198475096
18,ffacbed056cbfaa60c1fcf51f0d381bddr3ly,0,0.009270015804752903
18,2b19566f190ff3b8a85884e03c64fb56ir8a8,0,0.03442076221421948
18,98ad4163bb0b1abf72f165056d4bf1a1g8ekg,0,0.0024600069371481497
18,bcbd5c95680cab78cf904fb936dd03f86g19z,0,0.026496283295990707
18,764234598477e02cbf8a43983fd43850l1c8f,0,0.004177032762608086
18,00a0517965f18610417ee784a05f494d4dw6e,0,0.0026761874054205786
18,f9753e9fd6e25e0a1ae176ab95c31146iaqnv,0,0.004084970390206174
18,1214fbf35079e7afc0a35645f8be8b218fd5o,0,0.00657328757002947
18,17b41c48d6f53585c7bf3b65977eada0yxs8n,0,0.045859633883743194
18,42e631af9bd00e5e816f08eba3b102d5ch576,1,0.11146267912061325
18,b0973e698b12fe51ec2f259d924c6098rasmy,0,0.0043733701752857795
18,da2841ffcbeabaac373f00039c10f39fty6fa,0,0.21345128906327815
18,c6453f296ce36005d7e7e67e159e1b7cdbmus,0,0.06764098451764869
18,11e47dc08d7fa4d1a1953b5868892f72qvlho,0,0.054430702091086
18,465c4f2ad08cc1e5f7a5e1e3ac75654ealh0g,0,0.005413960794390832
18,6e178db6d17d21aa88aaca5bf15c2761lc500,0,0.16569491401119388
18,30da67f34e3cc215b3bdad588410fab5655fx,0,0.022900012816132752
18,ec3b2ff6f725e847f93285bc9d2b7b3dvcd4u,0,0.005111412642769434
18,1395ca662a02245233af951cc7ad8313vk6w0,0,0.009017335247644089
18,649b364bc466208e559858f0677b421dbnalw,0,0.0015622996287818296
18,cc4763c97c3d7cc9116e0a51a6d1f2e82242i,0,0.0027327296950331722
18,bea63152ca4d99f549999ca57b93d015z9kyh,0,0.00851922568932824
18,67d6466d7f4a32d294196b8c16ee0b03kn9tf,0,0.06764098451764869
18,8cb96eaadc11cf4f914bad84518632e7czdyl,0,0.9568861370375698
18,e21b238213c361523d276d67f37c05e3qot5q,0,0.004833872690847021
18,424aed9d807cfe0b2167cfdaa4957fc0heell,0,0.007680709026692361
18,81c9c749b2c9f97215f3ddaf8b5a5fe1k757u,0,0.0063815103308803335
18,a7bc17dfb615eacffe397be5b2c2f3a6r0bb9,0,0.03810149553690878
18,cad9c97e99bd5753be98edd9ad8ec8c8c7r66,1,0.8934252652330434
18,d056594c1d7976b6ad4ba23e2b4cea19l2i0t,0,0.04174327910926373
18,2daa71f0d138b8c2d61583d3b98a25e1mjp9c,0,0.0034505323809320217
18,c900620a019e78a3eee44109e4d1e1d2xd2gj,0,0.0034505323809320217
18,2b429b9235bab2877cd93ac6d9fbc2d7tzwre,0,0.3108802423879571
18,d3e1891edac2851f6d34de566802cac8m8dn0,0,0.008014535854873026
18,3d2608a892e44dad3027ab55bfaa0b26r69hy,0,0.5407948152786828
18,69d8fbf99586bfaac64d31f82b9bee27wltkd,0,0.09681710330231603
18,47183c1427a3cee97ff9bd167844e65d9dzi2,0,0.010696140709299539
18,510f33a3c0a290a0e43d2576d928a4abxieo3,0,0.06764098451764869
18,a96039c7cfb1d040ca978ec5e66ee2c0sb5ht,0,0.0062572170183712635
18,7a3378ad9999b1fde0a4562a9b036f038cdal,0,0.00657328757002947
18,daef74294e84ef6d7e009c2d51be6ee167xds,0,0.01718293612097053
18,26508777dcd84df59b467a60d9f18ca1pvvbs,0,0.07112532481297731
18,bf6f2ca50a3a6a3113681e754307aa4ehnd5j,0,0.003159155524756053
18,29bd1e11a41eb2ff50af75d10f28041ejh9xx,0,0.004721755549508235
18,eea79e1bfc21ff1b9572213e540e1252s5iuy,0,0.0016649839308641382
18,9349befb45c4869b68e82a1944f4f01377cpz,0,0.017307293339174083
18,a0420d3961adf890fccf4b43899708f6h40zs,0,0.03432707391189469
18,78e59e188d9780cb8988d574f692ed343s129,0,0.006571998409461545
18,c0b7161a67a0aae21788103c08eba7e9z8e8k,0,0.005939018983713264
18,b86050461e88566061c796dbccb1f7e5at242,0,0.0034768020576768158
18,486dc9de91d243625863313adc03aa6bv4s1e,0,0.0105123680122625
18,ba0ca6f98ed66bdd1c4e86db2ce4011fdk6ii,0,0.1777641954800297
18,7188dec1b560385b0826f78e7608fdfeai9fm,0,0.26534380610824027
18,aaa8650a6e0997e90e4b6a9fc2ddf555m5c1g,0,0.0909580569053284
18,71c2561141c55414618d67d1a8aebac1n0fjx,0,0.026496283295990707
18,59d96b423ea3ed56611686300b681f3defm4n,0,0.041249765612925586
18,12c1b22ede3c23949bf130cc7bac6316ks7fj,0,0.0036798198724921666
18,e10ae48cce1e198f7283064cc8a2f836iy0z6,0,0.0025392988823941063
18,50dd191676497345cc95d8b9f7284a7371z5s,0,0.03442076221421948
18,82f1ba4809f4812629e9e53ea4c687d7begx4,0,0.0764046461786824
18,25f59f9da43b6806aaa125fa61974591sacso,0,0.003038913895041936
18,1680b6a12fdc8c64645c00ae8048f99c6uzoz,0,0.004853066300722014
18,5de403f3d49221bfa7116570a4d572d8m19sh,0,0.123078323283672
18,ff181014a0d7bb534fb9a35f22e24fe72m1d5,0,0.16279490316436515
18,7291b7fba1b597d66bb8efd45fd0d354q71ka,0,0.15567380650987075
18,1a05035da8ea9dead1030ccc993b5284n1on8,0,0.05355438910215175
18,6c021878ba6173a04d55bc1cf5544ac1f3t02,0,0.506225493709063
18,058a4e0ac0a20f504cc9c6aae2a896e6too9v,0,0.005880759776233978
18,2cbc26f228e0556f268e0dc1bd9ac0a5lzdfh,0,0.039343335696693044
18,dc4efb7e05563288d1f2ac4ca65c6734017ql,0,0.02805942336828334
18,3ecced86078287dbd2eac2cfac98367fbbelu,0,0.016149131852238624
18,e0a9e4ffe2acd28599dacb91c98c34bc66vo3,0,0.01690856586234518
18,f430aac3f0f7f88a9b504bbb71322d54mct7s,0,0.0807746346888774
18,b9fd0772481bf459179a3b4ab49171693im97,0,0.0039958972505915085
18,0a9c5e1f261c937c09817ea2d5e949f34v8oe,0,0.006897179069826572
18,5e3747785e44d85a41a74470c051e946x01dp,0,0.0807746346888774
18,97f541ffdcbd1ee34610e3099c5df42acfvcd,0,0.11252096197490212
18,2cbacd5b066b7dff7e0a87e1ef00e0b4zpqzw,0,0.0244826751336069
18,2d2839fa92d1c8e94bdeb1fbb9e62149x6xc5,1,0.9369396162682558
18,7bad0fc50ac7d249e0a3d8b83f68e855fcnxu,0,0.123078323283672
18,1f2d607e5cc04e790e3961a6432d7c15hn4qb,0,0.0073032809794352565
18,6326299ca6a53277b2bcea07bd0b4ba8ktbqj,0,0.0013198073689198204
18,2234754e09ba15519d0104c405326fc4igk0s,0,0.005480558575947673
18,20f206d2656116bed8dd46d5b70dac81lbgfk,0,0.0035756352131536494
18,f23ebc71f2d8d820db2bf0576ee7e148cxvkp,0,0.042768821344449835
18,29db827ba14938954c90cefe40d26fe1130kd,0,0.004019713545263156
18,9372e27ce85a8c8b9460b87c37cf55ecqjjkd,0,0.07906950967052345
18,a8a81bb8a3a35572bd1f9922f5a31217pw41k,0,0.017307293339174083
18,2993e59bbbd7d14bf4bc21e4d2a4f8eeb18d2,0,0.006537552208262515
18,031da7aea2d4b75ac8ecba4825bc1318yki1d,0,0.005471057716108892
18,958de49cdd870198543313fcf574d7c4eutrl,0,0.19613331550381724
18,c67ecaf47f857f37f63ac0f4b9af3249wwdtz,0,0.0033368631604086723
18,1689122c3b25d9e7adc626de84c10006fr2n5,0,0.004898274614802804
18,aa20f72aba9804a4922195f66a876688rugsd,0,0.009022278711237362
18,16e2e48cff6faab74e1f5c47669dfbbda7l5z,0,0.011556107344540023
18,aa1c013a1de168c611560ca2afe78111g8i6s,0,0.18258366788884756
18,ca9e2287e98a718e20a8ed117dfcd699gxsp8,0,0.0035359567299598485
18,5053e03863b6887308c8446cefeec429l94tg,0,0.5294150863585296
18,437c191e614776c1535305f602ea9033sdfmf,0,0.0028121148961585763
18,52c441804b89bc20e4c8dd625bf163f27o2zb,0,0.021307116830238105
18,5e5d3410ca3605694b3c75b2274efd44c9vru,0,0.0024240112076941655
18,8df5d645ed4040b857c121a4459b7976n5u3b,0,0.022900012816132752
18,a124589b3af5a212406c0306584a9554fazi4,0,0.004120235198544336
18,c8cf68aa6abce25325dfdad4a98fd890ap57f,0,0.00657328757002947
18,9adae18220565488f77036be41cf71beiepqk,0,0.6242332041955178
18,e61c14d66cd5693d93cb0356d7f444ebinx9i,0,0.05123548003970801
18,6b531ceeec5892121e04dcc6f89b10a70yqoq,0,0.022254020098988452
18,f428427d7227ddcda377cd00f07749576c6b3,0,0.017307293339174083
18,cc064e3409a1825e3c4e5c814376f140qxu5l,0,0.0030053078125063053
18,162886daa0054ff1ad422e0f18cddff3qofft,0,0.028395752652479084
18,19b39b852ed4abf1ba5b095829e25b946aed1,1,0.4624711025218244
18,4985bdbf8710c33fd7c9d4771db7c690mcbyr,0,0.0015825467313007602
18,6e8cd4699eedf0075cf5662e1fff3a857bycf,0,0.0022633498636693786
18,75339aea3f29d7d9a8d67ed3fe1c89c3owsq5,0,0.11041426789155394
18,403d9c0288bab462bae858dc8aff2f94ti9ma,0,0.0024102788300189634
18,b2968116361fd43589bde8eca72c5767o71qc,0,0.025374013947492863
18,cbe8d224a38ccff930674361b502e7beyuf1k,0,0.0033770091878903914
18,33895230e0b25b5d3133d502ef3ecabey84m6,0,0.27301923651542365
18,32d2ce86b00693f0c26314e3cce2438dvxbt3,0,0.32445864794079127
18,8b109c0aee5ed07fc996e73d28e65888o5jmc,0,0.08723041469775128
18,27ccc09ae923d1ca8ff7ab3242f279f7xuclq,0,0.005669587118384177
18,13c4c826516304555e291d3d91c108b3ytpmj,0,0.004178318502804294
18,4cf9c56df4594860df56285e9293a7f7evfix,0,0.0491956335550569
18,55abcd1b00c6b5b54633fc7e98f0110bwoy3v,0,0.1914400432027453
18,6ebbb4e7c3fb4ba44a89bae997717924gm89u,0,0.0049288497634592246
18,c46e21e01a3f4987e00109d1d5f48acb1q72y,0,0.0049574506996334
18,e56f611f1157381f4b689ab34b574e791qhcn,1,0.9456207730704103
18,2dc309478d30d440e75c932b1f13a8fai2p2e,0,0.006653678277496879
18,942563fa6695a4b2f76ab6ff3bd58030i75z7,0,0.03442076221421948
18,af33d5277890ef0b5f55fbbf400441c9hdehk,0,0.003880086202822497
18,81392b54fee8e50ec74efb27cf0de8e32fdm5,0,0.004027747344990276
18,1d4eaaacb6127c43c1c007331cac135bpib3m,0,0.003135055419772964
18,4694d67c21e9a2edd614e717aa3f4dd2e0w93,0,0.021307116830238105
18,b1863365ae232a316eb946ba56a29415m0gdz,1,0.820465971841994
18,74a35c4376559c911fdb5e9cfb78c5e4btqew,1,0.021307116830238105
18,0f3ee77a46dd5a09ad20b7c3e54ec614sbpvb,1,0.03433748642971258
18,110d2e689da119388dcb6e235749b787ni298,0,0.020051839800943397
18,cca4426ec6d64f3e73294d4d5bc9719beud37,0,0.0037826147433449994
18,7f3516b1bd7e5571ab964ba0affe9302brn6q,0,0.004131167682407366
18,7a0b445f462d05606bf6ea07e2ab96ec1a4kx,0,0.004950789722494666
18,40f2eaf03624a31952397644f1b79a6fvtfjf,0,0.03938126254457596
18,53856dce9187b16f2cf5e4e58f5d0397h7tz6,0,0.017307293339174083
18,6c6c3559c5f656c71348f7cadf29bb12okgl1,0,0.0036639576554492004
18,583ce05b5add00d9e7e5dcefb3c436f26d7c2,0,0.00657328757002947
18,5c32e357936f8977277d9b23d8f09f34v41wt,0,0.0011849436934433242
18,43c76d050c9d2509d85c9dc2b1a1dba4zb3qt,0,0.01924250043234235
18,a116e727a3dc0b69f5e7ae14d0ab40d44breq,0,0.0037860618318063
18,437ac1b8d08c3b328924aad097a3dcdey2m1k,0,0.036188274341192345
18,56b55e6ab49a4cbe7c76a2bbca804089pjq0g,0,0.0020741528768436017
18,c65d2236a70982d628454d19472ce26eltxgf,0,0.006900259421113533
18,d381ce07afba12851a815cdf8858c1c7g2pfh,0,0.21394187966638742
18,74cf3a0c5e4f080415888bad2f7119499lh63,0,0.0044763782159774
18,d31f6cdaf4f8485190b4ea588f8c1733y6qu9,0,0.017307293339174083
18,bd7d5414174da6df4b018c21495e8a2cxiose,0,0.8614037883342939
18,81207d4ecf830fee924989f4fe1eaa7fntkmw,0,0.002329446468387773
18,caa74df2086d71caf6c1b2b9c81d3d98xhpv9,0,0.019558215187205637
18,6b28baf315d41017844e15d645bb2c05ybt3b,0,0.03707861899355167
18,acaec0b9f72bf4ab4318f3244344589b3700a,0,0.003959499124753124
18,6a3b1ee159716b743ddb8e07e499fadbhqn74,0,0.003585360008579641
18,34e965deb822f329ecad42b94e8ba0ba3dpt0,0,0.07210253847431378
18,219c6102f604c8ff0ead5d23375bb127del0d,0,0.567565608253416
18,dfa7ead5ef84eebc79c67d3daac340b0exa41,0,0.003362947865814096
18,67a1b129ca241c51d0abb5484f8eb3fct8o5c,1,0.9356229369228456
18,949689cced5d86578e6c8b664ea76d6aq6zxg,0,0.042962497363421115
18,1a764d01d19a1408382ccace87e61c9fndlo9,0,0.021641532473370823
18,99a3bacd3eb66c909a02b85402ac38dfskz65,0,0.002852998320797906
18,ffaf0a972a6dcb3910fd6b16045781e2ava5y,0,0.0033947221106368514
18,90bb553b65144cafddc3f3d4a7783667a06ga,0,0.0030831328981876407
18,4f7331589f84c6359bd693513bc9d7ddlitos,0,0.021307116830238105
18,6ca1de75674e78f9d3d63fd96fbe6e172t86c,0,0.004817773006380764
18,33ba799fab5e4145b54fac4234bb6e13up0tu,0,0.007065729947763021
18,79cdbe82ec79d0e60f1b113d9a5bc5b4ar8bk,0,0.006320412415620886
18,2f9ea407ba48ae05f98fdf634995d936xefau,0,0.7262435606287037
18,9e9047df09026ed5a5a3a86403811159u5yja,0,0.005487544829958939
18,77bc113594866d4902d6f867a456750c9vvmu,0,0.005655479128720747
18,d8a10762de6d62c087a0a8f0e61cf78bbgke6,0,0.01636472575425181
18,0e373556d3bf588a1bb2ca6354120cf2dmvjs,0,0.0026164895947752677
18,b6a3aa8c0f2302fa35d7b809d9371deeypvyh,0,0.05192467440464549
18,abf6c2cd31be1630f5a7a1219935011c3rkqt,0,0.005464452018305734
18,c670e7fb466b09000f1053d2761752268bkfm,1,0.35436301339537246
18,25022fb30734c2e5044e031b0e9a4a9ct3354,0,0.04227251881759424
18,fdf0eb91ae1ecea1f6902676f47c32c454yzr,0,0.008394273219611396
18,bbf1dcd2f0100fa90e4a8544b90e35846p5y0,0,0.004019713545263156
18,f416aeaaafcbb66aabb77347776db008qw96o,0,0.18859703983573828
18,177b031b4a77f28ff167b427ca967b52jetgo,0,0.017307293339174083
18,1a5d7993b43386f64fcf4b84e7b183a6ref21,0,0.03194977840586734
18,ff4e39c0be8af4b17a73dcb761e4bb6dmop0m,0,0.0032478577229409487
18,964028ac24d4ca16c4b63f64b06df1c8ltrrl,0,0.0023374238996535144
18,d927c987f8a4ba2dc4f38dadc0831100tt94p,0,0.002076600235866426
18,1870650d20a97db60ce4133bb9352b69h9phj,0,0.04176042347557838
18,2a73f10b3b8f2b825e220ba0a1d2c49f9nikz,0,0.030024794303275856
18,9d8a1ddb38499b3403a6a93395ef29bcrznni,0,0.004027459710222356
18,fcda141af3b545332fc3b2d55a8bba74uw7s0,0,0.004963030479377354
18,120c8b384858420c4e46e354c86f4ca393w0i,0,0.07967273420007714
18,43bd7fe0ed7629fa774a461127a629f19je0a,0,0.0011545293045116132
18,0a9d614009139236f198ddb4759a498cen5ix,0,0.004343481984499798
18,bd6adbe79fcb843aeb97546947af1236kbg7p,0,0.004198889834537363
18,1b7c070ffb2c23c1d02ae5bc5d817d06qz4xb,0,0.006663439537532277
18,385325103b3eb54b0b974523fb7a13e02go5s,0,0.0044447831637590175
18,b08034d2d4fa400b457d4a59a2482e8enfhqw,0,0.0040571770860580395
18,3e602dff2e3bbe7a52236df2294c9e059fc2l,0,0.0027214694689458503
18,e5736d7f8082d7d7fee8430c0e2279bcdmt2a,0,0.021307116830238105
18,ad228143392ba96c21bf51499bac1c3b3kmzo,0,0.015259522573915536
18,18e751726fd7c407c41cb18c20da2c4er5z1r,0,0.0033577856056557585
18,363ba0a2afea1b074fc1ed270c86050byprz1,0,0.0033770091878903914
18,3d575194dae5a2e2966abdf84d800a3bgbsd8,0,0.0041806809118908475
18,53e2d855e008a5c2f79b4b848d467b86nofo3,0,0.31566562925485464
18,d81579750b388276f2d8f6d80384f499n13l6,0,0.002919757750352197
18,2baa5a9ec317cb21a11d83f6dc72a2d6xy9jb,0,0.00790900422751506
18,0381a69b7a061e9ace2798fd48f1f537mgq57,0,0.03442076221421948
19,6e4d22dbabcf2eaae5689c7d155e1c1fev15l,0,0.0010407296739231961
19,9c509838d129fcee98cb3934079ca36asla50,0,0.6169943554199245
19,99acffc3cd9bfcd00668dbf472a1979350mxk,0,0.13189916643788713
19,c748f0d69cc89d5812c9fe3a6413bbb26351l,0,0.001337238272813353
19,322addd5687d99bf69306148e12f87dc5jbsh,0,0.009079314615091087
19,d6d3daba4bea632d7f5a4e2c5146f109dkd4m,0,0.047140941140673805
19,1476226300a93d22b15253ed7339429a7ijk0,0,0.0705617489985037
19,a1f4d216a1a92507d97166151d7c9fe37bei4,0,0.0012839783757689451
19,e1da7d96b83f16aa80cc254572cc154fcoudy,0,0.011688878310659642
19,d738b259ec6e6af625d1f41abcfd63e9e53tx,0,0.005397003997950865
19,4dd2a50e589cde2802c4bab143dea61ak517w,0,0.0023498433648574306
19,fb92fc925c5df50f4da7874a7542cf2210z1f,0,0.043366576330625045
19,91dcfc10da696a6d90966ff795751708er5fp,0,0.6071782818123694
19,927c5e145de79f9ee2ada0ddc054b4e9hc3qj,0,0.23137871500021473
19,59ae36080fae26bccbbc31a4505b6fb3v3zjy,0,0.05613822183881869
19,1cbd9081de4481ada66f1853737f7684ddjd1,1,0.9791065431590122
19,96b90af2d3eea4d3b2bc725e1c92e212qu52g,1,0.7900367750912959
19,1ae57d217b27820cabf6e24b721bfb38s6ja0,0,0.09197899731715758
19,758bd601d6700494300ec1647682eb34vq1zp,0,0.009871017508564386
19,80e753fbea14f966b1fc6d1e194d4e66822ms,0,0.21472053640857233
19,d0231e5200b870c055db7e3daae24bc8lt7at,0,0.002784903803228511
19,bff9a98b73f2b9a01300d3fd3d55b16b1190o,0,0.001931162052535369
19,461dc3d03d1e28d52770a4d3dc7db34558fcg,0,0.006858236905908388
19,60b8145bcfed7a5f2a23b596a8aff99cdzn4m,0,0.012938761644408714
19,48117c1e2b56cfc8739f83683e01d9b2aoc66,0,0.0039003138858484674
19,9baf61c813f1d4a09e3c70f6dc741f34voe3n,0,0.026735720704775996
19,15972a431aed117840dfce5556242366c3fwq,1,0.8965830533107093
19,36b84c776aea2e008180dbc72393ed750zsbr,0,0.0276723892472727
19,a9229b83f54a5f44a69e65b9b3aa7aa26qcon,0,0.00470688038367564
19,8d43ad48f315364be4d979d2e9d5ee67quqyi,0,0.010669821972989206
19,10383b390780e7b4b03dc32c94b4973f66wou,0,0.002278600458800396
19,fae963b2adbefc663692d7feddb50d5dxz1hn,0,0.11497050415456711
19,17eeec8676ad56bfead1a9406277f41cnev3n,0,0.5269561776504864
19,8e2a43abb8fcd8ef9801c69fc04bfcb5kyc41,0,0.01570319998048815
19,85155ae64ccbde01b48fbf4b3f1b739exmqyu,0,0.001932822274520581
19,1053ead33eb1a5db7c36c979a455348abh9ns,0,0.0013671942448465594
19,2515c5fd81638d5d0bca39a2b2be3995tante,0,0.3597952781353595
19,4955e2c318d0bdca797ce17794ba18fblhaau,0,0.011191302079097479
19,eaac863aaf84acb7529462118e7953c3oeky6,0,0.005978704724742695
19,5948bcd0f773286ff7d5cde332c7ae6918jt6,0,0.21325313894753126
19,3a5420301c0dacbc5675f6f09aac0143tuodl,0,0.2088624832797063
19,c76f30b8330b6d14fb872b30fcfd9d57phbsf,0,0.026941270090944592
19,666e1e141862a646afaa2b71fc7d2c25r1b4h,0,0.0017449789266682939
19,124727083cd4159b40ff8d4b36a89340l6fga,0,0.07154879527098341
19,50791a0a98478b7f78f8d30acaa4683dxab5p,0,0.05053220792807331
19,3d8cccb637b990ec64d662d66ec059cfn1p3p,0,0.0017852864784722294
19,b191c73f160bb9320dd3715bc3ffed26ymluh,0,0.001486099530533741
19,408f81a85f3b31f8cabedf6ccd381961pop72,0,0.004740381409532566
19,e18e3d0fbfba81cedcae619dfa977875p10ta,0,0.005249950156894939
19,a9237defb0a6478098f242b27ebcef18qrotd,0,0.00436703540109387
19,4376fc192e83a1a5d7a83085369916e8rr035,0,0.001841359050647161
19,31a301c70e897bf36276031abdf07ab6cs6z0,0,0.059549016721594634
19,5850b68151cf0760e94acb39c4dfa02026k4u,0,0.0019819221067484834
19,246c55639cf85c682d58cbd2ed6a6563vk2yn,0,0.05785802323642411
19,01349288df20199905e719f0ff7ee771nwryj,0,0.013902765249290567
19,179a23cad40c51dd7804069bf769d11e1ftk9,0,0.10660655946369282
19,d2138bce99f535c244dab68652ccfa2enshxk,0,0.006804419960939552
19,585b938fd44968d0d59fcac453cfb3b8p8nti,0,0.46866237700371977
19,e0824707d4a78230ae54209a920bc3e3pzdpp,0,0.016822233343639987
19,c08e5e3325e2f4fea171f24ca018e675we8kj,0,0.006804419960939552
19,f535b28ad58c83d35ba87fcd46624148zbh6l,0,0.0050771313851218315
19,3d94b376bae8dd60eea48ded36134a3962glw,0,0.001730894686856504
19,d3c80e9f6b8e1d774679fd8dd5aae611e3qls,0,0.0033369546650210582
19,10c1e1164e3f8298df9a35c891f67babiycsr,0,0.0010635952051780897
19,e03311c7620a8098b7a177a5f1ad213ernao3,0,0.0028304615737897846
19,5bbc8f66464ec2d962b0360d1d74bf67imj47,0,0.000891361317055216
19,9ca41c3c062146a06d2682835f5136807yao2,0,0.0016291685595294756
19,cffb5f3c1f4ca815d0f643fcb2f2f316beod4,0,0.16638904569439167
19,74f153bd134afc92866a6bc5cceb2088120y0,0,0.006804419960939552
19,2d82c3dc726d2bfa19c5f16ec3de5023lbse1,0,0.012845517470321872
19,6c55d253787acf5210f7d785546db80dqtleg,0,0.028290279917632975
19,cba6f45915ebbd4b5404c6d357153c0adeblt,0,0.0655072954232139
19,e1b1c514e1b87826fd045588f1f3881707cyy,0,0.0018692514454490686
19,f18d2ebbd5e48ef4f1ee412339d6ed7adr9qi,0,0.0017072451469107063
19,e0b6466f9f720e9d9a00d7c12b2e2c6d8xwxz,0,0.0012629003228871105
19,3106ad6371a3b740e2af90635a4ad966zeu1u,0,0.0016944995030746916
19,0d0d43ac593a891ce100d8202d3d72c3xsma8,0,0.003543422328811906
19,5c28b04424e96267711d5af2db62e022tp36c,0,0.031924916181783315
19,ca0331fc37db2b251a012376f7b987fcma2jw,0,0.8003351299489968
19,ae45f9b94d86f931c84c94f3975e3d7bkv2r0,0,0.03642359963652973
19,b2d3db61ddb119aa4e5f43e1bf72e349xr5tp,0,0.4465013209763125
19,3995d9ce0cebd62d77cb8add067d93e15oezc,0,0.0011670415989392838
19,eefb0b863345336dce70312ff0f8faeb9qksv,0,0.0029015750543451816
19,2906a20e0b4f7ce840d051c4be898b66do6wh,0,0.06081406425548264
19,bd8bd6cae40abb19b81b6b6a7775f63e5tk1s,0,0.01384674745002677
19,8b809e18804865ff2a2e799c9a5e8a48mtxdh,0,0.21719257102611153
19,5d02346d70f11cd61d9fb955846ee9bdp5o6k,0,0.0014978133749452742
19,313ede314e2e05c31471fd6a93f98af713jud,0,0.006051826369459187
19,8fe6da2176541d0ce24574dbb60f9107oq1kn,0,0.01652019396765912
19,5b45b150b6b683a98b5bc19c4214f44cvzru7,0,0.0024504033538873754
19,3835e3bbf9a17a33867860a9ba19621dp4wdc,0,0.009780061397540684
19,b46132a554a2a3b93efc5a9352036e6crl6sk,1,0.656600466731367
19,573cf43253a18821e50dfae941ac287ceymgo,0,0.010963264500515296
19,200b548999702c10f8f9fdbae9ce60622owzv,0,0.31511777766819343
19,e0e5719b5d763eb4e04c7f6e4e32884cmlpj7,0,0.028290279917632975
19,65d3cc1725c4506fe02be3e2b24435bbbd6qf,0,0.30392575597982746
19,45927dd51fb4301c459ab96d48f64752q0o9e,0,0.0013339297397513639
19,b7efeea5ff94a281635ca2f0f7e8b3ca4zykk,0,0.01427299119393317
19,c0d065cc8cb585f027143f2ebc6b49f01g1wr,0,0.003665752627620441
19,8322695c21cb27accf0fe269438bd78fn3x44,0,0.08703519933390066
19,2819b8b2295f272f33f8e76fd344ce6bywj1p,0,0.0016125114417156737
19,8d8f705595701b921012777a281a553622300,0,0.002473511841891536
19,be3bec53b42be118ef2a87fc40db7311k4as3,0,0.005667445371058129
19,9f793ee6e6df7f69b5a5acb4e13db0476b26x,0,0.04917355655340394
19,0853bead89b03dd38a04d84f4312da7dukglz,0,0.008526916424675932
19,01067975436d123f717ee5aba0dd4bbfa0937,0,0.014732467133793947
19,953879d32e39e014cf8ce73daa2547cb2ke8t,0,0.004397505240808002
19,1b268ea4fe034638a92d683b94bcb330vee4w,0,0.0014235065096597278
19,34a7ce35b13775be4e20930ba2788a3ebu5n0,0,0.0021814190691459567
19,272a9183c10d9e80eda8ccaf6682db71203nk,0,0.21892186592576757
19,6db047b1bdd342c09ecf9f5eecccaa4fy5l0q,0,0.1539910806208198
19,69b32dd82f265a04826106d17e2bac9ao9fu8,0,0.0022554000008302966
19,676ad0665c9bf74329ddc1f70ea48c16stnux,0,0.0016336355562936126
19,47d1dbfb67706772f8a44f50e5656602z04rc,0,0.004136601219291509
19,c6a49cf5944626b45425712f9e19e91d2nyh7,1,0.9824108136927687
19,fe4906ac4c8e2db5ed5a71e8a9d10080u6g7o,0,0.043708765018999805
19,055eb52087e0080b8ebca74be4f823f5c819l,0,0.05613822183881869
19,5aae3111e4fab04fa5067c740329a38d11361,0,0.003889985092906869
19,8ac7cc6a62b82e675465e89f67ab1f962ltgu,0,0.0021443290131521876
19,5f7767924aa92a8f01b44a7e09f00a4dgqk8e,0,0.009135581249802505
19,46c0ae10d60c4fde2b6301bbafecd7b8dcla1,0,0.032496711515924405
19,cf4eb0f68d47e6d4b92befd0b8fff39a098cd,0,0.004057915951054636
19,a9062f1d7c589bb01ee0b330ee8791fc702il,0,0.5799235845405648
19,cc78aba7eb8293a1d70f083bd747fa1450906,0,0.059549016721594634
19,a283eb484c3245e5b12b18daccc075e9g9xk4,0,0.04917355655340394
19,6f7043cde57060a6766b551df5fa6fd9p3ojp,0,0.002818049343508951
19,d2eca28cbe0a3dc69715d719c6958faaaqx95,0,0.045503528657666575
19,e2554dc14d54c3b7be85c59dbc1425f77qv4a,0,0.030166682700000433
19,84a773b3c9d300834d9d57af5dc83091y54cx,0,0.0014978133749452742
19,18b5e850a1c10e681cb5fae0704a699018x6f,0,0.0276723892472727
19,02030ec48b7179a7fd9950fdf546e3feekkye,0,0.0035702688133887202
19,fa6b4da229eb64b4d44e7d5ee2b027f1j1whx,0,0.3260617589601037
19,86151544b29ad273209ec4605c257b089z588,0,0.104672106142093
19,46ceb58fb7a57d86a26cfa154c940a8cuktu7,0,0.7363450786079504
19,59fe751fb6c277016b7ebe3609aa1b15vhg7w,0,0.006804419960939552
19,0cbd01c9e8cc800aabd3b3e4c618f9caktfgp,0,0.766251184025955
19,0c57d8eaa2708b768416ca91dd8daa2cqbl31,0,0.0020756406890875415
19,86a3a9861ed45158e964f9d004a224b3324cl,0,0.00901203243553367
19,f9ab998f3adb944a1cd1847a097fbc0bw61nf,0,0.0010428774462517565
19,0c5992f18244e24d2d7b4708a512378729eev,0,0.09689226952572524
19,18bc9dbbed75b55f35ec4be1351b7aa86an68,0,0.0006877973638802403
19,25b58d1533e04571bbc674dab28973f8hha3w,0,0.002981003530698272
19,dc9a7ebdb6fb8dd3267ac26dbe5a62b68e4vw,0,0.006804419960939552
19,147164a9fe8a6bce381a224e9f13207cc1mdg,0,0.03741262852124078
19,cb6ea552ab5b90e2d0572148426ca275d1zzj,0,0.0013758582907578457
19,dc87cba6dc8717e219e9fa9edcd10ae4a2i86,0,0.001337238272813353
19,4922d20e07d04601e8724be5e9f9576blyccu,0,0.14045650893141792
19,d13cd9e0a7b95c0a35f3456014865230qku5q,0,0.0015635960934621974
19,86e50263881b0d382b55777185eb648aagh1g,0,0.4579370197945091
19,2b044b4b7949b96e38084e59b5d1d328jib5o,0,0.057943173338035364
19,bc3b92a81586cb726cbf4d5b418fee41o20sj,0,0.002978954293509386
19,14bcf558addd6e6f2818ab2bda7dc679jqoon,0,0.005575235834762414
19,5830a96593aff3e951919578f7374f09pqyc0,1,0.7849139653128104
19,0af208c4fc46ef9236052ff495016326zxoqf,0,0.0019543177427716035
19,9db7471a12cc3b8fa3cba86bc00abde2t2wz5,0,0.0022546250757656
19,a6d6f3f5034886fc00a1245b439de13a66ha4,0,0.05277917038290615
19,1dab9ffc5c6bf06e86e0dd1b3cb9ebecn5pu6,0,0.10586165200228337
19,8251041848182e6468c8119905a177dekmshg,0,0.03464727336401564
19,61337802cac534b7e7711793039782d6f1yy9,0,0.015103023031715181
19,3e2e03a4464642627e223fba066182d1qslv5,0,0.0013875422382514395
19,7c08de9de285265b2c34970139331f9fnr9ad,0,0.1265946411389884
19,d9b611dab3b5116f761747fd3166ecec80icg,1,0.2569001298712989
19,213a7fb31eef8b38a23ad6b0bf2c7fd0dx3vk,0,0.0023937759161762667
19,497b8beb19a7f674bc53acf7f5c7ec8cxv68x,0,0.00220529937011516
19,511a640e38bf03022300f5503cceb2cd3f361,0,0.013029170668914009
19,bdbcdf6a935f4d1781a2d33bcc4967130bdqy,0,0.4055166931915168
19,5c2b3f221cdf303df86ff1ffd7106fcco6pml,0,0.31979557073622306
19,a2933e33896035761240ef5a62477779jf7ny,0,0.6865496282171789
19,43553dd8b9370fbba5efa6b652d9b43ezsj11,0,0.0027690691026136076
19,a15766d8d3d231f862996eb3ec33559735a3d,0,0.002424297676233965
19,a40808ec5bd9d0440585286f1658c3b1ag8dt,0,0.0046459986640789595
19,2b5a7c969ae95b239583f09936560b85g574d,0,0.0009868680744569746
19,b34fe965c04012fd22123ed948257184pqvfg,1,0.7319036448852078
19,63e3851eb5e1ee98df1065b333f6cb81mlby6,0,0.022403356277502756
19,70c6727cc40fdc6f752b28102f31a38b883io,0,0.003240480237407511
19,c1624207d78346c3c58cd44f3d5472fcriae4,0,0.001381329513036391
19,e6f73230e0fff1d9a6b1b8a6617002ea9owig,0,0.0011793258294896171
19,3105d663ef3dff7e483a46c56580a9f9kd7f8,0,0.03584443971421586
19,047558bebab9292a5d4c85d6ee768784j2hdd,0,0.002677596532595325
19,85499f83c5f1674c87d0fe77838c4da793u8y,0,0.020889299640583867
19,693085cbb28f505f03b025dac8681a3bvfot8,0,0.1474410385210139
19,3ee7de4c5a5e31b7b407827ae1370f70suenu,0,0.001684732187744314
19,2635d404f4943f3dbee24aa16a2953c723iwd,0,0.005108360417434353
19,8215dac41ad35a074c93bfcfbc0f908chlo5n,0,0.0018842036090799563
19,a2bb8b3e3ae4566203eb5b3021b4d594pohf7,0,0.007887204293705733
19,a6414c637c6f1275e2c62c48fb238c5d5aw03,0,0.0023539514332471703
19,6e848149cabc4434155aacb610fb20de6vq5b,1,0.44463209586264213
19,eb8f9ca4a23586f5acc770fff966f654dy7g0,0,0.05613822183881869
19,1afac423a94778ddf9b6c1dc0df7105cgp1tp,0,0.004099370331225494
19,f12120e467869d3d5dbf7c7d0566a8e7bmmhk,0,0.017457832395764362
19,497ef6187e03fd9d4387ac436461a40f982dq,0,0.0023046047543792076
19,93ab2dedd76c1859885cf724ebcd987c9ngfi,0,0.0037183239751197588
19,1c950af57581698616bd9923cc94fef25n5wh,0,0.0017228769240772248
19,361c6da33ccd1c0df152fd932e6fb2a69i4ux,0,0.0024751186888399045
19,4af5e2532224f9f7d1d039704573d9205jbkv,0,0.7619120536987808
19,c62a6956e93ac3b56b1292f2c2d85b1fyekav,0,0.006804419960939552
19,f3ad2931359bca59c36ce55ba82f9af8enbi8,0,0.0007685316579286877
19,83aa7c2c8c018888d9ebc6daf63bddb6f2i0d,0,0.0014411197830345964
19,44d34926c0863edb7575b819980e0e728pn5b,0,0.0440887457674395
19,85d020b5f3d99d1272efa0a0d34c56a5dtvxb,0,0.00798779374491861
19,ed4802c318a7e04a5703ed115fe4f3a3kkugq,0,0.00905212886992749
19,a48837ccd05bca96ddbf02c55ecccf639adk2,0,0.007329718034578951
19,470a0e402bb9cb4d48c2a450d2043e87flc2m,0,0.003988906825650425
19,c1d14f4355b7d3ef80f02628e5ef1d56u2510,0,0.0276723892472727
19,86e698821a8aada613bfca1356d8cb7dopnv8,0,0.001395505724536127
19,bf8de839c1a8b7994d19049667548e4ewchpm,0,0.0017140694444888538
19,9fbfbd8a57e4d4b18338063ffa43f1bez92lt,0,0.002784068682510384
19,a06311ea45de34bf667b79a92d13c764i6aiy,0,0.6169943554199245
19,3919be53bf4bd411ba25acfdc1362b49u4vle,0,0.0276723892472727
19,e90e4701234b13b7a233a86967436806wqqw4,0,0.07312237077975493
19,0825d381aa09d1d0c47c77c372f07acbe02ky,0,0.015448595056940753
19,95af80db42edfce4e937550d60d79561punym,0,0.026339723565357947
19,8c33cf751b05ca6a9d886a379a84a2ees9jlu,1,0.054321099520663704
19,977436b0a445fa555d537fbf1d4bff2e4z40h,0,0.006804419960939552
19,a447127835855849fa2ee496d05e0847fgt68,0,0.5262355561143507
19,5ccc30558d4c218cbb4d36872fb82a03rjxgz,0,0.0018476031641892396
19,5dda8ade6b5d4065f3119a381516c227yoz8y,0,0.011696864987887606
19,c749a25f3a07304b959065d83bbfc5f75u1my,0,0.002473538783933175
19,5bd35d55d367d7a21d98bf6a19fc0dc1e5j9p,0,0.001677621859195301
19,d43189c6eef7a763b2f8596228807dd89x9y9,0,0.004151309154962659
19,d127576e329604b576df0a3248cdcda3279td,0,0.1205006798143755
19,43295f805d813e816fee438d9a394bc4o4of1,0,0.0010948529641051296
19,121578435bf4136746cd2a80f1990e07cv1px,0,0.019205652083315105
19,6a31ec9cbfe23a9398e80403859f0402cg4ql,0,0.0012498415760212023
19,e268d06507859d78894a8f6e11995f48zls7t,1,0.9885354507897846
19,8c3631460a4d25d2b21b1f92ebbad752a19ww,0,0.001817233154880998
19,08c39ef7252995e0749f7927249b8dcb1d3xh,0,0.040647022158607174
19,3272e16da807a75a987e26b09bb2147by1mxe,1,0.9639813837812696
19,3893d2c62d59c232112efd332bc342dap8b4j,0,0.0142600103918024
19,2d73ed3974473a764859084d51334440k5q7s,0,0.01537956604746984
19,65996114740a63c9e0fde74bfb6725b1k9nuz,0,0.0010300472450293643
19,8a958e0092f6ca984107ea6c3975f806c59m2,0,0.002454188811503539
19,d79919e5ba11f26bce5e70f0a4f859e3e4q9y,0,0.6945217741202068
19,dbbf9d9b1d7fa110208f77a681008077plqng,0,0.000835427630158086
19,12df4a9cf4eb203909e6763960b79238cb0yg,0,0.014902684958462652
19,9bd2d79f328a5afe815d5832e521aa9187q2j,0,0.32703468740582975
19,438e53670ffa2990cdef656700bb49bf684fz,0,0.0013003670802053922
19,9197b6590c6dceabd88ec93157fcc31fgb8a4,0,0.0030081053543021888
19,fa64fdb8ad70e86efbfc31179e93e99egd27l,0,0.05497022625010085
19,900284c412387e0bb2dc2aa5ce42dbb9th70g,0,0.0023721837095497917
19,4dd7f98cfffffd6f4707fd0deb4a00b5rj9wv,0,0.8281971625470715
19,8bc48bc2cd0ee494e55470a7ab0814c12riuf,0,0.07040204968777172
19,9df0031595e4105e4530ceee1a08faf319vvb,0,0.0033929214080704443
19,4e22432d4a059b14d1d6a68a1feaa953k8vrb,0,0.0010119453233268447
19,233e09e861813cd087e8937f32a29bccs7b3l,0,0.001126003828416661
19,4cd52ae88da3e30dbe01da5048151c98p4f0v,0,0.7011503293609822
19,0d9f78a6084bf15f42210bfeba95621255c89,0,0.001423081344738774
19,92f8392be617527734a2f18482815af9ak8l3,0,0.08542253588150704
19,fa9cfea85e90bec313e512e9eeab2e869tvx8,0,0.7863084444803613
19,21114d057c297080f0f882420d2436b5mmukc,0,0.18114146018380697
19,e4433ef42008dcff761f12b9ade6fd31krdwv,0,0.006080380781113329
19,461b089147eb78c582ca8a30fa7581a7mflo5,0,0.007339346475396974
19,17c59325ec223c94dcb301a7451c39871vxq3,0,0.001901327715651084
19,38d9e2e83f25229bd75bfcdc39d776baz5zu2,0,0.2256675881285249
19,6c0030ed696c4156b6ea3472374f6b54s4ih4,0,0.030616299576584318
19,5097b3a4011380b5d9447e1a7a20b1a556yzj,0,0.010394705291208181
19,48badabcce6015d257ff5809761486c8qgjul,0,0.023559517353591127
19,e76154d73bb7d7b86d9bd48d167d3c679z0va,0,0.5039801952267973
19,f781d7cab96d95bcea507cdd43b24255pw0dv,0,0.8486115291711517
19,c349d767ddda78ed58a3c5769e780598ar3ei,0,0.028290279917632975
19,afb7618f9e3fd071d4ebedf396e1d45drta96,0,0.0008135702868103625
19,2eb8a353db13e68388f544daa2e28359oenbs,0,0.4306248511327894
19,308a5541e1206e126ef80f18cc29b7017520l,0,0.30392575597982746
19,c8a99985c7bf230f475a8e9be6a17d7a08r3x,0,0.0014978133749452742
19,0547dbd3ecb4a293913f138d60b586fdf4ane,0,0.9304159092399842
19,b6e52f37365cfeae9204a9f408b8c3a4idcs7,1,0.9484825014384445
19,c16a9bdd369ed3ec2891c46e64017560fbx69,0,0.0025460718998484328
19,624ae2fe9394700eae7a35806e4bafaeq9cty,0,0.00574211094202274
19,2e33b1ee8a9d4a5cc5f886ca455e8f86kxu5r,0,0.00835552056039375
19,ee45b2475e453e69ce712388959fe4acspmvk,0,0.003991429721995577
19,46a28eaed47c29b4fd148a50cde44840u0bsn,1,0.794340954045364
19,668d393e858e8126275433046bbd35c6tywop,0,0.5824018074532089
19,2366cd7cf3df530ef4fe40b36ffb936fyn3rh,0,0.01252296149774239
19,e783e5f6b818d18eda4065282022ac23jd1fw,0,0.012709323271385008
19,b17ce8bfbb565945ee9f289c2ddd8abbu1ndj,0,0.0016779611614020176
19,2012c722a90bc47f1abbc8319d0cea51p7l5b,0,0.002978954293509386
19,28a0d5539562290a1a2f63d5b7230db090ys3,0,0.0968172909232785
19,6d501ebf066c0331853f1bee9754e781obu7z,0,0.033718125292791605
19,aa3ac65055bb4b1660f4d8c1d2c187ecoqvn4,0,0.0014909484828988357
19,ee2caa714a2175abb13eb6ef15196368cwc7c,0,0.005886268621469218
19,e134f2bb79d1a810aada6a24760c8910mh5na,0,0.026434081703034584
19,8a7710ee3c886df8ca78c88120603cf6taql6,0,0.0008614509818627422
19,874402ea8b408a017756404006b12708d9s6u,0,0.0012500443906045167
19,72b21fb7cd32b1a65bed8a12eb94a8b7qa7rl,0,0.0440887457674395
19,2271fe5b01f9b8f9d8409014ae4511524grmq,0,0.7042276693823061
19,0ae09b09369c76737cba059d192451001nwce,0,0.03594304813020825
19,817f8074bad1c717afaa8d1696f9b2b00muzw,0,0.001529618183687102
19,c5c8a28a166913512f5bffa6a49788c5b0uaa,0,0.0022974835603985105
19,8b4bcc98fa4666b22c7a17c9a4b93ebenlmlb,0,0.0009786781992410793
19,20fcf71ad6fbd43f6f5fe493a6bc3ecfextqf,0,0.0010236346770473995
19,936a335eab4643c3529968a4d9b0c380esi7q,0,0.002780931824003785
19,4483201dee43b51f338c0efd3b13bb895tric,0,0.002152575256712675
19,6affd6d2976aa7c48dac70612fc8e31ddo7j5,1,0.9352528602274365
19,16065749457a14b26998fefca503c3ecf9og8,0,0.008392177654774544
19,dfb23124fba16b7778f65c1c8d091f949jz0k,0,0.6169943554199245
19,e241b80fc1b431397ba6c70f2fb8ccb72wbra,0,0.005534353970512586
19,7b31d9d8b5e749cdd2c300cbcbb5f875kjlsz,1,0.9122598543872045
19,6faffebbde541edfccdb2725e430870cbkvo0,0,0.10046759334170245
19,5114111892d49b59415284dcf19ceebconhvq,0,0.029427487642589553
19,afdd5c7c912f9b6a88c0c2619d618124ycm44,0,0.0276723892472727
19,0eeffc5039b27a4dc2e420eca75b1fa55rv5q,0,0.002584942676715735
19,a8a2547a9153038fbb9fc66d2425d9a7efr68,0,0.002102410968696064
19,950aa0150f419cd6361bd3c500e6e695xfljo,0,0.0036809121095629947
19,f268f61e075419e5a001b86ee78557e2kmg14,0,0.003220988597774516
19,97db2350652f8d01237fc4c59a470eb81h9gs,0,0.00957515189043938
19,97268eb2ac171298eb03ecc6445d6879wk3pu,0,0.001218299750140934
19,197e90906939267ace2422e78e8e83889znqp,0,0.08254730142622368
19,106f4ed8e9b727f8d94a1cd57e882a095pteo,0,0.0017201665507810538
19,31c840378b5c2e4469fd2e7f5a1e5a7d92k7u,0,0.006134460416615157
19,874f882f7efff96263e9b555415aac36dsxry,0,0.0013249065231691647
19,6da536112251f09a006b0c5223f154d46en4j,0,0.0027039753643453087
19,e8581ec94cd4d5009ab6b36c6aca9f0cp3txb,0,0.026362079672236867
19,b0014101fe1b510ea150c149145dbced3q3md,0,0.0014778089186957555
19,90fe8d6fc0bbe4ff2ca7833fe51bddbaaibof,0,0.17406091088854966
19,e12177ff9c1a8413996f7b1a590980c82ofeo,1,0.8466671260113031
19,cd8f738dfa2ea0554baa3dfc4465cdb8izun1,0,0.0032025154089240287
19,3ce8aa0207022698b6d0eef09c89b381jzqi1,0,0.018180335560942167
19,e8291466de91b0eb4e1515143c7f74dexy2yr,0,0.9600052765527632
19,aa75d58c3e1207618d47c72ffb19c872bolg8,0,0.06669560946918669
19,1ea558fc18eb1b3ed7759a3aed7662d3p77wq,0,0.1712674459167776
19,8ab98c1e6cbfb902af4e02050a886396a40bg,0,0.0017027540794403687
19,04c6b750b0552089c87ae03de72289cfcpfmh,0,0.0012811057322392838
19,460e932b11a1529d78246317757899ccfaxng,0,0.18665496953020605
19,25a4ee3a528004bcf4f4bf62b9208a7dx96pt,0,0.8045562786440333
19,6130cfe76ed3bd87c8f8dc6b2b2786dcp44xy,0,0.002393222275514198
19,167b4f37a264b72feb0f559b650d1cbd3ox60,0,0.017722544247346372
19,23bdbb8575f191b71853bf78d09e11a1lhnfn,0,0.008543154943778082
19,2106dd7866abbfb4e7c68067d7eb9bebflq5d,0,0.9068946963007187
19,ec6d3fbd8408ba43891370d4ffe41eabhnwbs,0,0.0064172455045229514
19,e59ca537cb8df3053bdd555bc987b4a7c7m4e,0,0.0245248025785274
19,78830493a121b8b6917d246ec73ccb4anwocl,0,0.741131083714139
19,6bdb40330295fb3abd4647808c319d29pb29n,1,0.004856374793500858
19,6f07ce71625a0c57aa5c0c05071cba164jmba,0,0.004041210699030243
19,353d05bfefe1dd96d3335575ddadf310rgnrr,0,0.0015813802630346818
19,628156f3bce703aa6bd275089c6c692499h1q,0,0.12552788533196205
19,470727c18798cf0e0ecc2a0dca207cafuena7,0,0.0276723892472727
19,d110111b8700f290b5d03a0e243fe375r3woe,0,0.0021649064585945905
19,e5bde35da4abebe4fdb37a3c65124a57ff4vo,0,0.015606952561930818
19,37ea72c53cc50112ced4f88810f1b38euoz4r,0,0.0020569219992953225
19,44bc1c87245aac66d176620f6ac9611ddbcil,0,0.0015094248240254918
19,d588f4c51e67a340d1991a8130ee0b56hy0r0,0,0.0009412386622213115
19,762046a235e00ec6521ba71aaa1450c28ijkz,0,0.7411523695569449
19,ae9e482a7f4a625a878c6ee0eb4dcd01dkm6d,0,0.004604511777201985
19,cf06ff5f520b14d1f9f1cf5a7ff34982bj4md,0,0.0010745904717866836
19,76c85d6bf559bc0323bbe1639d233e88nxy36,0,0.3647303465864767
19,17dbe14676cd3a3cb8a7edb438622f7fv2scv,0,0.026557196654442512
19,96dccfc370343f6871dc478d5b2fc3ffx95d3,0,0.06571168672467852
19,3b8320619393a6f6bf12219b61cda688k4w4e,0,0.00170520317240952
19,c615c31c87260c0d85727deff6da6667lgg33,0,0.0019959931724498757
19,da00b16633eb706fb11d55868120cdd9so58j,0,0.1222694474579398
19,6e29de28296a57f039026ffc6df9145cxo2n0,0,0.48660458682227115
19,120beb4523541f769a2b658cbc41dd57w7im7,0,0.0021649693241316487
19,de717bfad3ccf44a93f39e7b43f3b227cuu5o,0,0.0028227717885809236
19,8254276e772450c5365707cde76efa4cwuzpd,0,0.03801678521572508
19,d2f0217aa734f025ec008d24d13eca10ntuhf,0,0.03320879278504008
19,170a58cf637c08f0818ebdbfddca29c9irkxj,0,0.0020567722213147796
19,6f6c9a1964fd4bbc082f2afdbf2d2af6ypdhn,0,0.0020141133729047926
19,f5b2bbad20d1d7ded3ed960393bec0f40u6hn,0,0.08514830644507305
19,35f822bee4f85d98d5b1b23c65681974ywyuv,0,0.001844224422523301
19,15b1e719796dc894ecde30f160e7ae20hrmmh,0,0.034334205470624955
19,e0fde4b9b7ec14e80de3c811ecae157f6kqd9,0,0.09120027848713802
19,77b342f0d8769898619a935e267eaad25rubb,0,0.004159787677968301
19,4de2f22ca840fce9ac653e4aa06d9b0cnhudf,0,0.006063826602502056
19,7ba17b1eb362ef91a99a6f021b3f2b63uyo76,0,0.034334205470624955
19,c36fad0b52a6be6ec32cc5530c0a2aednea6k,0,0.0612627174759911
19,20d31f20169e8612fe13818891f88a83r66gm,0,0.028290279917632975
19,f4d69870de1e803fe00f8126e73a7e33zwcds,0,0.1709823978634053
19,a58ace8b671a7531c88814bc86b2a34cf0crb,0,0.18975162025222503
19,4c46b1ea933d574a985776ed356312505nagr,0,0.013100647242938326
19,f29896e71c8077db28617a03c0f14e7570emg,0,0.0012999868960394123
19,054b51d059fe981ca8cc4e0d4c49aabb5mck7,0,0.1713505833337174
19,780566278695c3771f81afc605abdffa4143q,0,0.0010956981656249146
19,f1e57f96a91c185a7ea716c2481cabecpi3ia,0,0.002856930521558923
19,920540ac4168ed08a1e297395a68d718gsqdn,0,0.13189916643788713
19,ef65488c949595d7885525ccfab9100c6cmqb,0,0.3317544113852578
19,7505bfc1ca67a5ae14e329b46a88ab869ms9g,1,0.550126667778516
19,2d38a6af2ce96c1446f900aa4756b8975y9k3,0,0.00032996816643298895
19,e49dfe2adbc4b3789f67bc044c231473clc4d,0,0.013161542390710157
19,b4495464d4503ccb8e696994059983c89g4lc,0,0.002572610426961137
19,bb4af76ec92ce75e8abe9a6a481d4314jyo16,0,0.0740712585215212
19,4566ae63ee93ffc6b000b5cbea7f6a8ehbg00,0,0.001934150621007245
19,b217ca4cdea62a3977481e398d2cc9bd4sxht,0,0.0012444117478255792
19,b1c9bacacf1f33a8fe48d1a4ae4c761bcltiv,0,0.041378919645942557
19,08a588ebf7b98f44f8fc695d02adfa25x0amy,0,0.0018788700047183034
19,f7b25abd850df9b0e0b305c6810e1ec3qbtaf,0,0.003160969823829967
19,1899fd76b484b9275854787a6b003b8a93js0,0,0.023700372992086664
19,537f38e5fcf2656968e0a1752dd494ba8z1jc,0,0.0018220480089844128
19,d154075c75cbb3f4b716a16c88eedd774i8s0,0,0.01399720973286559
19,fdd6944b3c3caaa7d1234ecfc11f8d080h90x,0,0.004190878680555303
19,222d3e39d4a292d79aeef4c04e52aaf24mgkb,0,0.009707186713880038
19,741b9948c8cf42d658676e5a46757815zstr4,0,0.002046612177610403
19,5db8eed67a7b648d1f2173b665b79de2vwdlu,0,0.03741262852124078
19,9f52fd88ba073512be19e3d24d4bb6f91l531,0,0.06596437898396106
19,12fefd74d82d90541872847f199f6324cowi5,0,0.0024070234992005952
19,ba258a455ca17f2c13cab3d0afc7de0b48h0t,0,0.0010824967269266613
19,6c11cc7744fb52a632306ca8bf966cd1e4zxx,1,0.5559221563799536
19,ba6811273d4f63d9a31937b71b0a22dforovn,0,0.5579427911927033
19,9f2086ccb71acd84652f861517d4dff9du4y4,0,0.008884140937833716
19,11d5f6925da5809e2d447788b85d6253jj8fu,0,0.21988688153786454
19,f0c034c46dfb78d2e9e67fd4fa1688fa6mv8k,0,0.0011163766457338285
19,4070f6ad5da385ba11cc99183817eb20h69v1,0,0.002601264078152544
19,84a769adc98498f52debfe57b93a0789556f4,0,0.050179992053599805
20,4ab12bc61c82ddd9c2d65e60555808acqgos1,0,0.14808924333447693
20,d1be739798ba0745a1fd72ac918a9f1929hei,0,0.0011354000879849797
20,1b26a52e1e5980c8487bb35cf5027fdfwfnzp,0,0.0007395168410618696
20,c0549e76b179912d52a28c3eb9b29376yaxvu,0,0.0010558312164826403
20,38e919293f5dbd62d87ce288e41aae2a281m2,0,0.137168396805575
20,99acffc3cd9bfcd00668dbf472a1979350mxk,0,0.127188793337689
20,eaaae0fb54c7d36724a9679c3128d5a7gn4k5,0,0.2608517314906985
20,d36857d18a397e7e24d05dcbef3b919ftjstv,0,0.061835254369817565
20,c62bac5be6489bc0e0a7834a11167171c8ww3,0,0.010019867100444535
20,608d9b68afb12c6c27da6c6565ffe8297wvco,0,0.004399796230401381
20,5f50c6187a179e2ee7ba2fbcfc845c7a1smgr,0,0.003896155573001174
20,e1da7d96b83f16aa80cc254572cc154fcoudy,0,0.0012832718839379746
20,e97becf0d4632035ad4cd5e65c827d6f0xawy,0,0.0012170632316394054
20,848d3eaa622b26fe57d352eedd9649f4v6obv,0,0.0034471581664845138
20,68d468e15e0de0bab9694cdca8e799eb2j8kn,1,0.9822869629171993
20,64a39f766b2e9d9471b104f0d0289740a9kdq,0,0.0011415060469334728
20,e3ccc9bd16fa1f4a92fe87b4a54e5e72uficw,0,0.376641466408066
20,481fdbc92e77bba4c9611841a7d74071elwx6,0,0.0010094033745034865
20,4dd2a50e589cde2802c4bab143dea61ak517w,0,0.002813692454057379
20,fb92fc925c5df50f4da7874a7542cf2210z1f,0,0.0032827032511931974
20,bd586db332285f3c45814fbb8f638d79d26u7,0,0.0019133485564598314
20,e78cb9678684d649453cd5e1e46baf462lq87,0,0.028018660182570092
20,02bde521e763e4f4e590e8368149e04a96il9,0,0.003896155573001174
20,87aa94042390f9267d3b7d90e42b022ek5mbu,0,0.0015017588427815869
20,1e342381f2c64318a51a9b71d91897f8dv9ul,0,0.44281929327719083
20,9df0b0e5ca66460495931376045feb5fu4y7b,0,0.02290967021528577
20,827da66b68b225547050c11df16f845618ptk,0,0.0008449131731355079
20,ff58ffde976a4899dcd89597a7877e18lntgz,0,0.10400060095414432
20,0e66933c924764a59760aaae5368e7d1e0s88,0,0.0012673437929474523
20,6086425310e05e77a53317490e8c1f3cxzf2r,0,0.44677675704856523
20,9baf61c813f1d4a09e3c70f6dc741f34voe3n,0,0.0017910516674926483
20,024cf43497fd7381df6254888670f84bwbbam,0,0.009814506506240276
20,68f092336430866db606f137c57c87e0hw7aq,0,0.01969627054296999
20,7264bde42ef4fe3fa19cc7c6d64696cf7pqtd,0,0.010654057278571823
20,10383b390780e7b4b03dc32c94b4973f66wou,0,0.0009670970849157327
20,fae963b2adbefc663692d7feddb50d5dxz1hn,0,0.016814244772137665
20,6cd1bd77bbf2af6a2c6e535192af628by3h22,0,0.010316137428886284
20,090c77ac89c7063f0d0ce064ce3cb3afllf5h,0,0.02290967021528577
20,01c5692d487454cdbe731df330bef608f48zz,0,0.012432919217422744
20,8126928a319468b6da5edce4097d2398xwita,0,0.004760628822672749
20,f80075873f7183a03b1b10ac3f740032v6w99,0,0.03129862793349988
20,e613acb1029ecafd9792c9f75d468e4bmm9zn,0,0.0032417908468123733
20,cf22da37578048d2e51eca1e544c693cke5t3,0,0.13229399330577996
20,f63ed13362ce1c80970ba28a095c2bc5kfgmr,0,0.0037374376307337458
20,c48fd9c589f273945bad5f0cea5993ba2fet4,0,0.668523283515738
20,27809fd62bebc89be450f9dcbdd25ed8il6z2,0,0.008029863500473293
20,8ec8add138ed551bd5a9175eae0cb972ie0pk,0,0.006590739875840948
20,e561facfea467ea124df0111e041287ctvgwn,0,0.00838747865753399
20,88103add66b7113729a9ca82540684c9il94h,0,0.037901608928449314
20,cd856579a7c4850b60d8763520339449x0mqg,0,0.0029902732948415426
20,024937af9ea18a2b57e4f08762d181f7s8a3z,0,0.024092818486646662
20,9e72fb21f7581cfff84e833d02538e5ar35kr,0,0.0006169234869557898
20,ea57e35acda9a8f8b75f4d9bc049f74d7qx3t,0,0.012666947839777065
20,ead2ec4563ba25a9e9d417f1964b7504teqtp,0,0.11029635783660047
20,b719671479e7d75b1ba5a5617c95ccad4dkvm,0,0.02290967021528577
20,4376fc192e83a1a5d7a83085369916e8rr035,0,0.000762147464479888
20,28aa6c505e308e49e586e25e1897ed2axjiy0,0,0.0014324840940452123
20,5a2aa4e8c227de4db26547fdc1f017cbxb62j,0,0.0015321619288279908
20,5850b68151cf0760e94acb39c4dfa02026k4u,0,0.0007849117759529712
20,037d9f10da403d8d5f94b6e2957a3702f6x07,0,0.7958389032172272
20,17c87408ee1009887112745797caeb7fwvqfc,0,0.002082316500019792
20,76218e14c379c12d599dae9e1c00b61a3i5b2,0,0.07211996518160127
20,c08e5e3325e2f4fea171f24ca018e675we8kj,0,0.003896155573001174
20,d2ebe13374f25a12865d50c17af1dad7yspzq,0,0.0011214334240560158
20,e959a3ae64e28a7d3b37934c0d826867o3sp6,0,0.001137464946147826
20,f535b28ad58c83d35ba87fcd46624148zbh6l,0,0.006733847629949497
20,cf456f3c8c409ec4060142acfdabb5bbqpx7q,0,0.0024915912736522767
20,76a8a9566e21595a1ac06cc0050626c1q7a83,0,0.000681887928651967
20,26190fcf0babdbe0b0d903f325c52873tpj7e,0,0.04909274748055508
20,a6bf74b19fcb2687ce345930c4c16d4e2txda,0,0.02233338621109476
20,c2d1b8c1b7a9c8010f5b215e8aadb1d7gahpp,0,0.017028067559740477
20,dfa45994c8471762d04deb23c6450598byp8y,0,0.01143870707763047
20,055282b75717345ba6f53d40e9e6d6c56qrzp,0,0.007898527905625927
20,d3c80e9f6b8e1d774679fd8dd5aae611e3qls,0,0.0009334473397384146
20,1b0534afb7c02bb023bd4767ae73f17dqzqdu,0,0.20424196816445023
20,300bb4c9816a7064b106c9c6cec2f51ei13n5,0,0.014775240978972216
20,a0660fe8a46b9cb6b02e7b0c50eef6a905vt6,1,0.1892587451228038
20,5bbc8f66464ec2d962b0360d1d74bf67imj47,0,0.0007759290307853952
20,44c75302aa4404e23781f8337cddf6ed5tqun,0,0.010030243159215666
20,7f86c3c417ae1db5bea10bf9d0a7827ct3ni4,0,0.4346198803568673
20,c18cfb38fe1c4c01705391422177265cn9w5x,0,0.010334275266736678
20,6c55d253787acf5210f7d785546db80dqtleg,0,0.006217651006854327
20,cba6f45915ebbd4b5404c6d357153c0adeblt,0,0.052371387019925796
20,4a2d5b70f0fcec3ad9d8ac4b447efd6f3vs9c,0,0.0194360683420849
20,786fd201d9c952bc3453d4b3a6fa64046d8wb,0,0.006897689390505694
20,45cfe8744884eb207048e3cbee31ec56hd9lm,0,0.0009670970849157327
20,65659f3fbf6207c570c4bb8ac64772e9umh95,0,0.006217651006854327
20,5c28b04424e96267711d5af2db62e022tp36c,0,0.021823851095225888
20,9819825acfa7e20c47a78bda5e76b195jh0gd,0,0.021879266270263164
20,9c0cbc0fd8a6c22ae3648801ade080fek6i13,0,0.12496109030713115
20,b2d3db61ddb119aa4e5f43e1bf72e349xr5tp,0,0.2833214253762448
20,2e1eb5b56591662fd7ecd7b39621bbcfgd1ks,0,0.127188793337689
20,eefb0b863345336dce70312ff0f8faeb9qksv,0,0.001333541831790722
20,67083f257438b1b79cb09cfa601890855of77,0,0.0008656693972010516
20,01255c2c7c5578c186873422fc00fd7afwk8k,0,0.00228483568206194
20,9ab3bca29dbc32070cd7f729ea55639a350tu,0,0.001147649936632605
20,2a5726bd00709641cc54a8ab5422cde3uchoe,0,0.127188793337689
20,c6f07c222aa3a9d35b0e01f8959ffd21oownr,0,0.0014904242833115515
20,200b548999702c10f8f9fdbae9ce60622owzv,0,0.25552970503632844
20,fbca8e44d824faa1fa6b99325758ff19vi94a,0,0.006217651006854327
20,651402deb28af3e3d1ab9a6b88314b591uuaz,0,0.0009383085802862353
20,7d72bde2e297ee81296adb4fd56e8800p7lbe,0,0.010030243159215666
20,9774dc752f855f07b9c00eb7018b607c0ymxo,0,0.0009397619206975484
20,c0d065cc8cb585f027143f2ebc6b49f01g1wr,0,0.010250032864031386
20,1bbfbd968c065ff5dabeffe311bc3ddeezbof,0,0.09839691099505742
20,a664b6b42fd48403fbd34800063fa50bz6k4m,1,0.9164725750616967
20,4703c8940eaa3f3bf5082ec2f155a8619i1yw,0,0.07951282937682873
20,8f6f7baf33fe2a5206ed3ca88446a99bmq453,0,0.024949994415037556
20,ce22684df495e376e32ac95d3ceb1164t37l2,0,0.006217651006854327
20,9393cc68d0357d7b200a94fdf93ee3cf7xg5l,0,0.001267861475058406
20,45c3a73b88760d4390f42ea4fae97d84la5wh,0,0.0010966256651390313
20,0e8212e286ee36da8945c2480e366417xa22x,0,0.0011379608477029056
20,b725a638efd8d51f66ae2f22ce1df678p9es7,0,0.19397400981432453
20,37ca0d0ded383d709676a4f9729ef39cpjfh4,0,0.001130793843290196
20,b4550ab1da3a3ed6e4a206c9ef78d496q23hb,0,0.21130093529592334
20,e9c8ee7f783723fe8496dd35232d88f2or1r1,0,0.475719420323356
20,1e0b1a6ea8d307cb61e221723534c4dclf9w1,0,0.0298169012317707
20,34a7ce35b13775be4e20930ba2788a3ebu5n0,0,0.0014709227604449236
20,272a9183c10d9e80eda8ccaf6682db71203nk,0,0.010207167277408414
20,6db047b1bdd342c09ecf9f5eecccaa4fy5l0q,0,0.2196968434479067
20,163097c029285c7eefa2d60e474d65b4ap2l0,0,0.0009903071859192613
20,8783939eb63e5eb4e5cd412d8480f3955ipxu,0,0.00043107709457735607
20,f35082c6d72f1f1be3dd23f949db1f577t6wd,1,0.009864521448118268
20,b9743f78108aefe3995e1c2291b5f3278cgpk,0,0.002076180627989117
20,4073de52fb5c46376dc3cac6b2f2cecdxyqjg,0,0.000981973847637091
20,47d1dbfb67706772f8a44f50e5656602z04rc,0,0.0016382059319427057
20,1dead8a9cc54fdcf7a7c16dc6e06a3bbusgcu,0,0.006403470707390498
20,d4d4b36ea722e5b939e51e34953004c4t671f,0,0.001519117851661981
20,aba1120a5b13cf72c1d52c0dac8aafc67nmoh,0,0.0026523787660937726
20,2db8669a6d21a5c8197d4287ea32b7883gv5r,0,0.000951333574190486
20,8ac7cc6a62b82e675465e89f67ab1f962ltgu,0,0.0008208245321113928
20,452619e019e5651a8d98e3d59a478b7fez5e0,0,0.0013373093188795667
20,5f7767924aa92a8f01b44a7e09f00a4dgqk8e,0,0.004285277351119103
20,420e7aebb49d7ab3c04e109a98e152d7kquiz,0,0.0010271178648843813
20,f8c42ccd10c3fe515e53082f0cde9a18oxgws,0,0.21843826311322792
20,1717f6d4c48ae8d3e5f2566d4bb525f854j6d,0,0.003057344705114049
20,284cd72e028fe176f935114521ee998c5jsko,0,0.0013502195173999035
20,655b88e646b94d0adb9e15e9f3b9c9a4lvcrz,0,0.1831175513696048
20,f334d76f60cae7c67ab04b9e5cc49907hqsc4,0,0.00838747865753399
20,03a1e81cb7bcd15014489a6f752c9d5b7pvel,0,0.0030044954145547215
20,33189c09ca7067834fd25a54920f82d4nd7a4,1,0.9813179894359544
20,d38b2db568fb71174bf883554bea939ccts4m,0,0.0010119569049470058
20,183c4e44d09bc4ab990b957e765af311vlup7,0,0.001376481009102896
20,86151544b29ad273209ec4605c257b089z588,0,0.027558730783793024
20,612d24dde60a1b42873ab7b50944c6dad3dcb,0,0.010646531777217338
20,c7ce5ac2fe5f03458fab59c78b19bf7c9wzf7,0,0.008544110322489418
20,efdf59a8ca81c5d3744f9121ac8fd2c7coy3g,0,0.001067416509151434
20,e429d13bc2c7acc82d8d68fa020546c38v82z,0,0.0013728677135987494
20,90eb8151eb82441b084d04893151619837abp,0,0.004233010306480778
20,e0df56a5ea8094d070b0130d7178a996noolv,0,0.0014911019687020547
20,8d49c8e70bf96a255baf30acc76a3f59b394w,0,0.007338790797366179
20,dc87cba6dc8717e219e9fa9edcd10ae4a2i86,0,0.0013716552602031273
20,0a7446b63f183a4928ae762ed6cd1c4b894qz,0,0.0023522905458609614
20,c89ad997f646e388fe375d7fe33a3727dzrh0,0,0.08294137845538808
20,b1c2e7ee5c69722df6233541ad5e784eutiv2,0,0.05973920355281876
20,14bcf558addd6e6f2818ab2bda7dc679jqoon,0,0.002000608854427281
20,0af208c4fc46ef9236052ff495016326zxoqf,0,0.0020691207185333745
20,9b733fcc97535e27037c231858a711adyzvqf,0,0.001241521947311079
20,1dab9ffc5c6bf06e86e0dd1b3cb9ebecn5pu6,0,0.03932583315260918
20,8251041848182e6468c8119905a177dekmshg,0,0.004899943862331931
20,260568e07963ce8351f3313bd7b9b0e2vonva,0,0.005436806396727558
20,c4d42d0beefe49d6157c546a2504f4db86hvd,0,0.0636677338280351
20,f019bd7ec140624144c4a9b40c42bec9jok79,0,0.005748046789996231
20,213a7fb31eef8b38a23ad6b0bf2c7fd0dx3vk,0,0.0016298959574799414
20,669c6a0e8aabbf0647e8ee6e150c47b18a4pu,1,0.39350288006989775
20,2fe472c1be232dca314d4bdf0fa95165rjv69,0,0.09962877547542588
20,bdbcdf6a935f4d1781a2d33bcc4967130bdqy,0,0.4867636239117516
20,9a12aa1aa3560062c6f84bd374eb5f7f422vq,0,0.0016030301948078533
20,d2fe98eb0fa21252956184a98138c58dwp1ah,0,0.0013658446516728168
20,ef89b74b58c49c1a321d3d7ce061d151k51xm,0,0.5142723436732409
20,a40808ec5bd9d0440585286f1658c3b1ag8dt,0,0.002876897495994389
20,5dd3494b46f39f8c8783c25527b64dd8hp8ti,0,0.0049250336556382725
20,5d5816d216122786933fb74c459f35fc0vnac,0,0.003644559285191809
20,613fe9b896ce3801e40212b3c8a8053c1e8nj,0,0.007054091060442709
20,63e3851eb5e1ee98df1065b333f6cb81mlby6,0,0.02149794789331448
20,72dbc4a9f579a9444c126a0a67118783092ec,0,0.0008711314678555498
20,23f9a0e1492c4abf375823266ddbe36bzukj3,0,0.0014206414364614922
20,8af01eeb860c2e6b1512377f28953110ml638,0,0.032713408733740346
20,70c6727cc40fdc6f752b28102f31a38b883io,0,0.005494489014834823
20,dd76fa7a75bd0e1921f71d255a8e0853l4lbi,0,0.00184246508018539
20,a0aeb6de8a21a5b776f63530ed753fdb34k7y,0,0.009810189589209317
20,693085cbb28f505f03b025dac8681a3bvfot8,0,0.042379512364558974
20,309f446bdb138faeb18072285ccd9901gz80c,0,0.34770425467919763
20,b9d861ce6162179a4b008b63e7fae80fjoywx,0,0.005694098545491856
20,eec2ea9d9b292a343f8ee566ba252baapagwb,0,0.0014082703053246936
20,95efb775460080c0da57e154f27876d75xnsx,0,0.001389533261831092
20,d092609f5140c62ec64ddd7615c25792qgdrd,0,0.0014130473235444369
20,3550d62e04bd3a1239eedbc29d9c970279b1v,0,0.002336748967723509
20,1afac423a94778ddf9b6c1dc0df7105cgp1tp,0,0.0013179735117825277
20,c9a97c18992adb02e6c2e6a8f9cc1daa1di5k,0,0.0013783459289899464
20,c2f592fbdc8980229367e1db4d0f7a51my54g,0,0.07328646025884253
20,01cda526658455000913950f20cf31a2q6nsf,0,0.002497909995447848
20,50a4bfbac8a9653af4099ec1169f684c2nsgu,0,0.6450036583967076
20,3ded667003605eb856ed1aa2b82c1732gtma1,0,0.002848247397236365
20,f5edfebe95b4f637d1bcceb892b73dc7rhn7l,0,0.04364483691703595
20,28b4c35bd90c81ca959da328806469d493mvj,0,0.006217651006854327
20,4af5e2532224f9f7d1d039704573d9205jbkv,0,0.8272743563767302
20,292dedb5371b8e0ebbeea57f14b35713e2ie2,0,0.001571278996604122
20,4992da4511c3c1b4efed3e16c7d8dec65ilfj,0,0.008794034491658952
20,fdad47d27b793b74470086c35333d4fepycsl,0,0.001345055261713811
20,f3ad2931359bca59c36ce55ba82f9af8enbi8,0,0.002378480353416093
20,bcbd5c95680cab78cf904fb936dd03f86g19z,0,0.0049250336556382725
20,764234598477e02cbf8a43983fd43850l1c8f,0,0.0009337527282266359
20,1214fbf35079e7afc0a35645f8be8b218fd5o,0,0.003896155573001174
20,85d020b5f3d99d1272efa0a0d34c56a5dtvxb,0,0.0036418079453239965
20,098bfc9c440f9ba9e6371f774ec6a36fa0sq6,0,0.0010558312164826403
20,c6453f296ce36005d7e7e67e159e1b7cdbmus,0,0.010334275266736678
20,b853c1e4d6a4657d35705772ca6cfdc3qtox5,0,0.02290967021528577
20,a48837ccd05bca96ddbf02c55ecccf639adk2,0,0.0013899409192266313
20,b1e106943db37b1d002bcbe06b264b8bahuy0,0,0.0006650063891434674
20,f9378eb3e522beef7e6a4e1f275bbe0eaboro,0,0.003896155573001174
20,c5120d10a23eb0c10d56a19fecbf9da85t4ow,0,0.002292474470066422
20,465c4f2ad08cc1e5f7a5e1e3ac75654ealh0g,0,0.0014325788950099443
20,9ae9782ecff93ddf1c6fa13d711b9fe1gc266,0,0.033073428792398676
20,1530008a712831e35a673d38959528f4ozipv,0,0.003566775075631566
20,86a626c876e7eb4be35f4f0b0a78f97a1rn7h,0,0.0014872818688854848
20,f0fd9f1b3fc9ff10c2642b3bf81946e2rsq48,0,0.0021016259696355873
20,ab3e02a6b47b250b738fdb010dc84cd7lrr07,0,0.0030631416561303984
20,5ddf9ae899e629acf3e78141a9712a05a4feq,0,0.7439194784972181
20,18076726ec814a6f56da2cb9ea89d105j8vpm,0,0.002377989120323156
20,a7c263f3fe4f19ff677e5cb475f7e5a3gdom3,0,0.0016229885650596379
20,ba266f4898bf572447ad65856b362595yjt2a,0,0.004984991071843545
20,2daa71f0d138b8c2d61583d3b98a25e1mjp9c,0,0.000845497180426364
20,c900620a019e78a3eee44109e4d1e1d2xd2gj,0,0.000845497180426364
20,2b429b9235bab2877cd93ac6d9fbc2d7tzwre,0,0.27561222707245103
20,5b0665172160ea4015e79dfbcfa7ed86oe0mc,0,0.08441461183925802
20,69d8fbf99586bfaac64d31f82b9bee27wltkd,0,0.2022262783802513
20,5324221d38a79636bc4560cbcf2d75c4gimrm,0,0.002198373301660072
20,510f33a3c0a290a0e43d2576d928a4abxieo3,0,0.010334275266736678
20,6362c8d61774cfcb6ada7cea1be63678hxkfz,1,0.884902563270493
20,95af80db42edfce4e937550d60d79561punym,0,0.006217651006854327
20,3694aa599f836a57b671ee0814b071775i1nf,0,0.4447784914779379
20,5ccc30558d4c218cbb4d36872fb82a03rjxgz,0,0.0012483859789318367
20,3318a824cfbd3d3d177ab7e9520b21cbsrcgr,0,0.001319544596899413
20,03aafab9868455b78f0723eda86698ba9v9rm,0,0.6392411241580426
20,ae0dc05e48d0f1e3ad33f37b4400bd069jktv,0,0.005972456014997897
20,591ef8d73236d150c32716359a61ff2auk6y6,0,0.0010393633952405937
20,989e8e68621a43af5a8d061aa91bd9bfshy7d,0,0.006217651006854327
20,c58ffa073b3b3deb4e993ee5dd05347cmvfur,0,0.0011354204595614558
20,e8f3ce0b2d0849968400b63b992cc606psoij,0,0.002135526903724817
20,fd5cef3fe1217c6591500c715d71717anczcq,0,0.0010958042758312967
20,afb1d898d15663a9477870391cf39b697gso2,0,0.0009308993099010199
20,8a4fc219f01e1fe6d4328b0a47fc54905iv05,1,0.02241495400594901
20,3e995d6f9dda5f29c02af4c9fcb94bac0csrw,0,0.03925797931388992
20,9349befb45c4869b68e82a1944f4f01377cpz,0,0.006217651006854327
20,d79919e5ba11f26bce5e70f0a4f859e3e4q9y,0,0.983578753428945
20,900284c412387e0bb2dc2aa5ce42dbb9th70g,0,0.001333541831790722
20,8bc48bc2cd0ee494e55470a7ab0814c12riuf,0,0.00838747865753399
20,c6fcf1f7b824c864d492c4cd676cd702owsuv,0,0.0018204947338759476
20,7188dec1b560385b0826f78e7608fdfeai9fm,0,0.9199562742350549
20,24029e6b641077ab7b9a1fde11a42666pkz6z,0,0.6497232886555381
20,ca5d4f0a3ea342fdc45c3325e5311049e2uis,0,0.006217651006854327
20,68d0de6b2b019e4f93fe89ef3c9d3e21zajj9,0,0.018387601795811767
20,e0984156959c3e7cd05b7ec8ae239303inqlo,0,0.0010274307259704825
20,21114d057c297080f0f882420d2436b5mmukc,0,0.005694098545491856
20,74429c9ce8183e2b1b89600e6de4ceea5kn1t,0,0.006217651006854327
20,ca28bff4ab1f6e74bf08b92e16989e11vn2mf,0,0.0013623403013557163
20,38d9e2e83f25229bd75bfcdc39d776baz5zu2,0,0.4797325141203971
20,3de66f8a5453943040d42e1e73f11eebll8h9,0,0.003896155573001174
20,6c0030ed696c4156b6ea3472374f6b54s4ih4,0,0.009680810500692761
20,5097b3a4011380b5d9447e1a7a20b1a556yzj,0,0.003983834138865139
20,9ab00034c9b00521ce121adb5dd4aa15tlhc4,0,0.0012700775737370708
20,2e463fe6bc1616f8392f82c138a6a436mbtjx,0,0.003421016439591971
20,5de403f3d49221bfa7116570a4d572d8m19sh,0,0.11116540616289662
20,2eb8a353db13e68388f544daa2e28359oenbs,0,0.4663395070734561
20,b6e52f37365cfeae9204a9f408b8c3a4idcs7,1,0.9763479632261481
20,058a4e0ac0a20f504cc9c6aae2a896e6too9v,0,0.0007866942892548762
20,c16a9bdd369ed3ec2891c46e64017560fbx69,0,0.007066668313236692
20,6f6e3687f67272b103351641b678225abarzw,0,0.003402108797324325
20,2e33b1ee8a9d4a5cc5f886ca455e8f86kxu5r,0,0.001637234969640726
20,668d393e858e8126275433046bbd35c6tywop,0,0.2275775605551631
20,c89d56c06803b8c6316a7c906604c64939yri,0,0.0019775222271671755
20,54957cfd12ec8c64918b6200ea25d27fsc9hx,0,0.001752003380373835
20,b9fd0772481bf459179a3b4ab49171693im97,0,0.0017586022826437773
20,445eea09a6299164f60dd11f23276b44rkt8q,0,0.021638750039864908
20,64abb8a286b2be97349e8b17abcce6d9rygza,0,0.0013851042289994562
20,3e0bbd7d75cf543a56919ff5069b31a9gcbql,0,0.0031478870928784643
20,76f7e6c70f2b84d885b23e2b2831e113ueqo2,0,0.0011600119520970864
20,bf65e77ce8676fbab6fc78b70c50f05a8da8a,0,0.0174784509655105
20,37bf6f23b628a3e2b5b22ba81beccbef0efoh,0,0.23894438970852835
20,fa6bfb4a2156dc8e73a713cdab85bc4bmcmwr,0,0.02290967021528577
20,8a7710ee3c886df8ca78c88120603cf6taql6,0,0.0007445635128966082
20,c67ecaf47f857f37f63ac0f4b9af3249wwdtz,0,0.0014927359841356421
20,bb43fc12fbb0fd2b2536e4033ababf59exffy,0,0.25270302827361485
20,94c8c0f9c90820f28928caf5d122dabby69ts,0,0.03412672045051253
20,238808859d7752579a415e89a395500fh2o65,1,0.0014326381465436992
20,72b21fb7cd32b1a65bed8a12eb94a8b7qa7rl,0,0.04005952120547164
20,9be39ea5a0612fae7bc43a25a6d10856l3qaj,1,0.06381481499790258
20,16e2e48cff6faab74e1f5c47669dfbbda7l5z,0,0.006113607733297077
20,0ae09b09369c76737cba059d192451001nwce,0,0.022357348242354406
20,52c441804b89bc20e4c8dd625bf163f27o2zb,0,0.006217651006854327
20,8c412ae875b672f18073d643c74f9f0clzbyw,0,0.002592420894986973
20,c8cf68aa6abce25325dfdad4a98fd890ap57f,0,0.003896155573001174
20,cb705744a588c18087921e74e68cfa10oev6i,0,0.015913185465006294
20,6c3bdc508c20f2f3871766cd73064c8cib3xh,0,0.0014986362258024278
20,6b0d09889ff4889deaabd5f15b3b34f1jxl6v,0,0.0013958657199419822
20,9adae18220565488f77036be41cf71beiepqk,0,0.8520496837947577
20,026819504b59bc4eefb9963d5fe4271aql15u,0,0.003644454966694609
20,6ab75792932fb1ea6fc74a18edb7888c2orvk,0,0.0027154699695382503
20,98aa09a7ca13559a9e2a43fa2ba4d2b7klwin,0,0.0017607090743883974
20,6affd6d2976aa7c48dac70612fc8e31ddo7j5,1,0.9195836569080955
20,7b31d9d8b5e749cdd2c300cbcbb5f875kjlsz,1,0.9529066076609812
20,8473148f069a890b7323fe8316861a71qoxv1,0,0.0017126476751080037
20,afdd5c7c912f9b6a88c0c2619d618124ycm44,0,0.02290967021528577
20,c4294be0db6b5c9357ae5e2e7fc8da9489qpc,0,0.0024028037797319502
20,6e8cd4699eedf0075cf5662e1fff3a857bycf,0,0.003309979025253784
20,97268eb2ac171298eb03ecc6445d6879wk3pu,0,0.0014589011103282878
20,197e90906939267ace2422e78e8e83889znqp,0,0.01776208916840661
20,31c840378b5c2e4469fd2e7f5a1e5a7d92k7u,0,0.0017831550453673308
20,9f9dd5c179d357b53f145ae1e5cc941f5qfuy,0,0.001282978136106549
20,227bc0936837200d0aaeb444ab8d5f1axs8zr,0,0.002771360965700946
20,ef415b2bbbb81ed33cec7242678975d5m5qk6,0,0.0018342692336938541
20,b0014101fe1b510ea150c149145dbced3q3md,0,0.0012135960877915559
20,24a9abf72cedcb421e831c1be26607e37zojy,0,0.0009640809885487041
20,572c9964ca41ed055830845993fdab29p4f03,0,0.006551583722912196
20,5201935b289665a197e38f747882948fjt867,0,0.0009337527282266359
20,33895230e0b25b5d3133d502ef3ecabey84m6,0,0.09816488878690063
20,c616385a2762ecfd8e4ea16d8a1f2596qw07a,0,0.0019375020732148374
20,1ea558fc18eb1b3ed7759a3aed7662d3p77wq,0,0.005694098545491856
20,050a3b29ca1818e1f237df8132bc2013bcuxi,0,0.0011119932128407057
20,74149197c8684977e397ab60a6a264836b0lv,0,0.001333541831790722
20,23bdbb8575f191b71853bf78d09e11a1lhnfn,0,0.005852958129941198
20,d144312f2f68dc33a63b7863911b2aa459i99,0,0.004447834575203923
20,6ebbb4e7c3fb4ba44a89bae997717924gm89u,0,0.0008931462696228119
20,1456b44d8b2b16cd94278137269ceb11ns7wy,0,0.0014927359841356421
20,ec6d3fbd8408ba43891370d4ffe41eabhnwbs,0,0.014232197694048853
20,76f17ce227e593aeff456fed46e36c83a3j72,0,0.6127236914847383
20,6bdb40330295fb3abd4647808c319d29pb29n,1,0.000714978941970663
20,1d4eaaacb6127c43c1c007331cac135bpib3m,0,0.0011660493031379155
20,4694d67c21e9a2edd614e717aa3f4dd2e0w93,0,0.006217651006854327
20,036a4050a5dd65e70f0f613ec2e38a74re026,0,0.0010558312164826403
20,46f1d7df0a8ffcc10c3de0dad8979cabgr9ig,0,0.0030687309798315358
20,74a35c4376559c911fdb5e9cfb78c5e4btqew,1,0.006217651006854327
20,6f07ce71625a0c57aa5c0c05071cba164jmba,0,0.0008403573282839245
20,110d2e689da119388dcb6e235749b787ni298,0,0.014792015852311699
20,308def7f05575db9bcb6a67207d6c1beb2cqt,0,0.004285427741150924
20,de4388600d997803223748e48bfc7b16ggyrh,0,0.0012770789482208897
20,069d251f2fc19102924468ab38349d5eou7ab,0,0.005165553190737005
20,a6230fdfd4879433e36a76d53440f426c7a7a,0,0.19733549481029086
20,77b7daafef906aa3f941992bcf94dd69zxk2p,0,0.002203108862925941
20,6c6c3559c5f656c71348f7cadf29bb12okgl1,0,0.001230895401861097
20,283987b9f1ffd4514757483ee1f01351xd678,0,0.07397629252161365
20,4731be79b5c7e894dabe5986e747b97bd6yxh,0,0.0009337527282266359
20,4ef4b3e5727dc85f18aaf00ff9a1e936qyhp6,1,0.8580950070234747
20,eef111bfb93c213c174947c69b2f2b38cr2pw,0,0.035501384517004644
20,c65d2236a70982d628454d19472ce26eltxgf,0,0.006336881076318855
20,d381ce07afba12851a815cdf8858c1c7g2pfh,0,0.2938749395863788
20,74cf3a0c5e4f080415888bad2f7119499lh63,0,0.001909813068025315
20,d31f6cdaf4f8485190b4ea588f8c1733y6qu9,0,0.006217651006854327
20,a25f4c6838b83e0fcba372300c23c2537k5eq,0,0.004759309048685628
20,9e1f21ee1888368e77b539083f4b94ddv8mrl,0,0.026439758961768433
20,f2f10539ed947e4b141b2e9bf21af65ecz4f7,1,0.9200561591025868
20,de717bfad3ccf44a93f39e7b43f3b227cuu5o,0,0.005337632314453796
20,c2e1242ad5ea781923a08987d55365c69fii7,1,0.23833566438331033
20,219c6102f604c8ff0ead5d23375bb127del0d,0,0.6438443380492191
20,6d1354e720cb9ec90e19e29f5f895669qh6g6,0,0.02290967021528577
20,25331706aa2157419da068e93f3989feyo7a0,0,0.0404773515751714
20,67a1b129ca241c51d0abb5484f8eb3fct8o5c,1,0.9698004391409483
20,1a764d01d19a1408382ccace87e61c9fndlo9,0,0.004399796230401381
20,0a92c4fa2bcdc8e952546d236b322053o5wbk,0,0.0032552148312370213
20,6ca1de75674e78f9d3d63fd96fbe6e172t86c,0,0.0028108743830916184
20,c128bfe7aba668d71126d51b32428c01tkq99,0,0.6069637061520157
20,170a58cf637c08f0818ebdbfddca29c9irkxj,0,0.00106106557528
20,698da938f6fc36305616aa6f8affd53fobj5y,0,0.018291368547295277
20,6f6c9a1964fd4bbc082f2afdbf2d2af6ypdhn,0,0.0007976214169304421
20,6ce47fddd94be5792190cad9d972a5c4oyjww,0,0.0024698551497918256
20,a639448bde9a72923b70917e82594fc66sa2f,0,0.009552212630379855
20,7959bd565852dd880cd31278fab3660fuaqyw,0,0.004403705443228099
20,9e9047df09026ed5a5a3a86403811159u5yja,0,0.001634421144893129
20,0e373556d3bf588a1bb2ca6354120cf2dmvjs,0,0.0011248522817140147
20,21f5b103136104e4947e293983dbaa5b4tder,0,0.8018154737886224
20,abf6c2cd31be1630f5a7a1219935011c3rkqt,0,0.0022510833729916906
20,9dc039dc57fd67bd9e7157f4f697ae7eloov1,0,0.7148445420022003
20,c36fad0b52a6be6ec32cc5530c0a2aednea6k,0,0.018299922211743473
20,c99b1edcfc7f0c751b68fb310d34b75ei6j82,0,0.007409010756759226
20,0f4669e36b2e721dfe27f8633b277a1575erw,0,0.0049563175404015065
20,1a5d7993b43386f64fcf4b84e7b183a6ref21,0,0.004132023132892923
20,780566278695c3771f81afc605abdffa4143q,0,0.0010923447556785307
20,c888cda1ef5931da0db90f6803cd0d368ay6r,0,0.011299155237663826
20,b1ae4691fefd3d09d74096ec4caaa6d1v6tbw,0,0.001004933906578311
20,622a477170c3e2215b7e3cdb06db93aezz6t7,0,0.04408785487283148
20,802a819acf0601b43fe5426cb48ac0bbqwfu8,0,0.9610590700520529
20,1870650d20a97db60ce4133bb9352b69h9phj,0,0.0028531429165611125
20,b217ca4cdea62a3977481e398d2cc9bd4sxht,0,0.0009640809885487041
20,6ed19e45dc118b78a78f25649aaaddbeef7e4,0,0.0010803967363866187
20,537f38e5fcf2656968e0a1752dd494ba8z1jc,0,0.0011248522817140147
20,786cb68d5d2012dedaf70257449090f2hfb88,0,0.0009960301293007532
20,b9cb81e5855add059728cf932f0624fefbi2t,0,0.02290967021528577
20,25aca203223b4d9563f5b1a01aa3a21ftlgve,0,0.10632490879712218
20,bd6adbe79fcb843aeb97546947af1236kbg7p,0,0.001483044630494356
20,6b1666662837213ce77c329d8cb2a842epaeh,0,0.0013643914860927747
20,12fefd74d82d90541872847f199f6324cowi5,0,0.0007969378539044468
20,e54c3b01eab75ad3a616d56dd06ebef758ua8,0,0.001150709217278523
20,61e4b6ad0fc268d42c330ec99fd8c939yb7t1,0,0.00841714254453809
20,ba258a455ca17f2c13cab3d0afc7de0b48h0t,0,0.0014063520934563273
20,385325103b3eb54b0b974523fb7a13e02go5s,0,0.0019148082923091962
20,6c11cc7744fb52a632306ca8bf966cd1e4zxx,1,0.7749382163798055
20,17a321c4a0d925ca80507effa52330ac5n5r7,1,0.007062998259478216
20,e5736d7f8082d7d7fee8430c0e2279bcdmt2a,0,0.006217651006854327
20,363ba0a2afea1b074fc1ed270c86050byprz1,0,0.0012623820427470098
20,717a0a200628f9606d88afebaaeb409bv60y8,0,0.19518321345842188
20,f939c17ffc7c39ac9b35b69e5e75179fv9pe2,0,0.02290967021528577
20,84a769adc98498f52debfe57b93a0789556f4,0,0.022784310701600217
21,57db69e32163f3e486dc6ef7d615aa12usje6,0,0.0022020391692511663
21,d91a4421996dcf429f575e372915cdcedae6g,0,0.07658872567457885
21,880f542a275df1251612886d408b32e8m96cp,0,0.0016963200791561273
21,9c509838d129fcee98cb3934079ca36asla50,0,0.5584494409529142
21,11a38554244f3c14de043aaf52345c35jjqvo,0,0.22569543998317929
21,0b68888358a492884e3885bcd73ea63bhxidk,0,0.0038081775337926453
21,d6d3daba4bea632d7f5a4e2c5146f109dkd4m,0,0.017017118569357642
21,95fede5853bfffda8f50f6af494ff1d1hsgie,0,0.06518461968083097
21,98783b6bd490f32f56c315307643c824nimw1,0,0.0015079400547472056
21,c0e1ecd40b81bda3b7dcec501334499dgzq17,0,0.042513623378839
21,aabc211b4cf4d29e4ac7e7e361371622pockb,1,0.9857956183887036
21,8abc7635daf75f9fbeb63783b7b8ccd5rvuyo,0,0.0011938668012893413
21,d738b259ec6e6af625d1f41abcfd63e9e53tx,0,0.006682293426191492
21,19815d9bcdc74c3ddfb9ff210c1739f3tup3i,0,0.0019792505284883344
21,91dcfc10da696a6d90966ff795751708er5fp,0,0.8986497535843925
21,a3c2ba79963b637f15086e6255a46253lwpnb,0,0.0014455850122034317
21,59ae36080fae26bccbbc31a4505b6fb3v3zjy,0,0.060916282536174766
21,96b90af2d3eea4d3b2bc725e1c92e212qu52g,1,0.8061850008701053
21,001068c415025a009fee375a12cff4fcnht8y,0,0.060916282536174766
21,cf33d05860b7f7d9af73c6091190b81ektz1j,0,0.015952168592549252
21,1ae57d217b27820cabf6e24b721bfb38s6ja0,0,0.08745785038773406
21,577af9ccdc29dcacbbce0f36b7c1ff15btljp,0,0.04928648456630601
21,6531bde8d4decd9708ff4407ef95e887a26yi,0,0.013843392591969315
21,20cb327bff59dc8f4fe1ac68a30f02eb6jrq6,0,0.0012856586811237076
21,80e753fbea14f966b1fc6d1e194d4e66822ms,0,0.12940407858853323
21,28c0d4c81a22958352aa742f7d74e477qwo51,0,0.005690173645070788
21,461dc3d03d1e28d52770a4d3dc7db34558fcg,0,0.002573631508693331
21,60b8145bcfed7a5f2a23b596a8aff99cdzn4m,0,0.01078847296171904
21,75c4518eba20c9299a3a836d9905c327w6j8b,0,0.012162347322271571
21,d65efaa8129a85f85bf909e5abde8c3628gfv,0,0.1222104489864727
21,5960fc711b544e2617d0f76360b69e2afds2b,0,0.012176188107795577
21,5b25a86acea5ff395bbd62399bb5cc9bb7h6i,0,0.005971203867973646
21,fc8e62e5fb69ba67265a3d0e3403aa3fr8c2q,0,0.7181216968268558
21,dc52611b1a2c84c0949da5af9870d57fj6ab0,0,0.0042051610921311185
21,5106dcca581b63cf2226110a9048ee4846sxb,0,0.5584494409529142
21,2e3b450b727fe3e888c85d52251fd33ffoi4b,0,0.0029182755551839736
21,ca76df527977e5168e1b3352cfab2ed9htipb,0,0.008051353454768238
21,22fb740f267ac617118261b2fd3365batisfg,0,0.008990624812824708
21,f90f13ddfc0f98cbe3c2346a2e30093cq6zo0,0,0.001999819055690061
21,20ebb9de648c6df989f04d07cf273c7b3yu8c,0,0.834375395437512
21,17eeec8676ad56bfead1a9406277f41cnev3n,0,0.5904678538254826
21,c7d335bf99b9c71fb22797ecbd78b92ashv4h,0,0.006185113137986794
21,a94c16f8a98e493e2b4390b1975e690dv8cmu,0,0.02234629437688958
21,1af4685cda2979a608c4b6ad83473774qgicn,1,0.8833873087929701
21,e909515a6ae94a86027c717c4085954akbpt2,0,0.033630000431928
21,068450aafae2a6e390e35925d964290cdliqf,0,0.16108251309518737
21,6a87cc9dacae884e817de2ee08452e76dx9mn,0,0.0748789986971753
21,8b4071f3e2702b88481054081363bc15her3f,0,0.7973076999104441
21,f0c356e136831c41884b0732ae3198e0gcy8w,0,0.00229841953493783
21,6a76d66f035914f93ebc725a0998b399r4gdq,0,0.0022020391692511663
21,908ce7060337fd8550760a100921f6f7wsemn,0,0.008001752229378684
21,eebfd257525e52b67969ae9d8760afff12j3d,0,0.003192569937278243
21,08515611e73803dc6d8c562b8514dfb5qi3z9,0,0.08963080058016762
21,f46cfa9acdb6a4c419c70c19be4ff9523uixs,0,0.0032956859112390296
21,354baa6c4764a5bde013ea3f7edc72552r3oa,0,0.10912875645028065
21,28c9a5ea8aae9fb4f6a755f94cd922361v9ow,0,0.35707998857417744
21,b9080651d16e3d6d2d83e1c5debb55b0qpwbv,0,0.012162347322271571
21,c8d972b803b46212369cf1b480328dcehb9jl,0,0.00257309791148029
21,99bcfc00be736e03facf0afeb79ac533cs7tp,0,0.04587725705667975
21,b191c73f160bb9320dd3715bc3ffed26ymluh,0,0.0015995623574791736
21,64e802fa8e0c17ec2ba1b6425648b7cb7ndkn,0,0.013560115820397723
21,20662832566daffac929f803f0c236eaperht,0,0.012162347322271571
21,3d281a78c6a116a91baf9c8db22b56bazer1h,0,0.125474294826931
21,ea5948061b2059bcbd900d3ae7e86e428ae8g,0,0.1504663611162013
21,a7454ee6fbb69c4079caf5b5b92574abi6pyh,0,0.050154124855949195
21,f876e3be4038da62f49234ee498feb732gdcl,0,0.001068471768057348
21,ee052a24cd3164af9d08fe77bd6b79dfrbelk,0,0.002026503394857051
21,179a23cad40c51dd7804069bf769d11e1ftk9,0,0.05898722349063499
21,205c519be884c5b1c885f61c4ba8738a737qg,0,0.8474877913593223
21,e0824707d4a78230ae54209a920bc3e3pzdpp,0,0.008373831317297919
21,c5dcc8a649adae76ce01a3fa85b68f237ny2r,0,0.004232343945697791
21,f61d93fddb01d2d89a85a132c649aa90lj1z6,0,0.001074178506793836
21,db88530db963dab43118aef5aba127ec29abp,0,0.05994961060306869
21,cf9a1c3af63d1bc3f55728b4a06a5f46njrac,0,0.004867794539351842
21,6f46b3e231003daf21108df4624afcfdaaswv,0,0.001497856371008881
21,791031a63c9e2b4835caa9a4cc1768baias2l,0,0.0022208037695075145
21,fb5a19240e36ae12aaccc1e9d9231144l32hv,0,0.0362092613280307
21,8c4b0d95ba36c0ba2a52f9043c62fccev75uu,0,0.003266230256902743
21,570910327f5584ea1ccba92634d89832lo1zc,0,0.0138489199411243
21,e03311c7620a8098b7a177a5f1ad213ernao3,0,0.0032937816853085737
21,27cc072f1432f7aec4b7e17cf2e473f2x3bjg,0,0.9420076790837133
21,cffb5f3c1f4ca815d0f643fcb2f2f316beod4,0,0.1007264841204223
21,2d82c3dc726d2bfa19c5f16ec3de5023lbse1,0,0.017810691647371018
21,7eb6a5ffc5e8471efad7cdc8927daf677qcf8,0,0.19059884139201233
21,0d0d43ac593a891ce100d8202d3d72c3xsma8,0,0.002310662145954172
21,35a89119272ca55d7f602689616b58c3pebir,0,0.0017598991352009879
21,ca0331fc37db2b251a012376f7b987fcma2jw,0,0.9525941468186794
21,b970a53727b2bfaf02079779c846a52fj3f0q,0,0.0006745220824500295
21,7029915a2c5aa5d964acfd85c30c3950b4opr,0,0.004476439201318785
21,11d7f0a5076649b229c301a22537834e1ehwg,0,0.008826262013003404
21,4f891171f7b09f54d8b4f30b48421f178m75r,0,0.3802798576820655
21,3995d9ce0cebd62d77cb8add067d93e15oezc,0,0.0010994209178817591
21,88e24a019c32a60f2ff315a9d217ec33q144x,0,0.0036087000827283735
21,d1f000f475c502ecd2e993c52987e63ed3k7n,0,0.19840728307977717
21,a3ef8857f2e33ecd25c409622b4e3ebcij8hv,1,0.9811782754979124
21,a8a5bcf248e1326b3340c88e057f59e9nlslq,0,0.060916282536174766
21,bf80bec9b4a8d29c494f8545f2a4be4eji6qj,0,0.428906616238005
21,86b6207b5e87d58ae307bdc1545a101akz0ew,0,0.001131083326681154
21,584d1d60d357a4ee1fd3b0a6a72de1dc4rodn,0,0.02552274823492779
21,d63671871e4010e904b9419e48781565weafn,0,0.019113180272291738
21,3ddd3eba016fc11b07c8a9ecb3fcc2975bkru,0,0.24189542955185414
21,e0e5719b5d763eb4e04c7f6e4e32884cmlpj7,0,0.021475806771494046
21,14f226ef57ed64d8e14c8b5ae929143cgq3em,0,0.002427891517473293
21,3073d007a5b42b827cc770ecf4805278xvvzl,0,0.005227536136211796
21,3b947f8c954acf4354d2c3bdcd494fb0x54ee,0,0.0025769523280243065
21,56cfe8b0d574e1df3f823c2cf32226eff52uw,0,0.001328500119064682
21,e19f258fa5019e58974b562a8e1433ccluztk,0,0.08174783316532251
21,a99f91d51e8d9f5786dfa52e24292dfebi55j,0,0.0012722419964165687
21,a60101895443bfa5d4485b9c2c3e1b68t5ppq,0,0.002661536389912064
21,84bd02dc56fb7c3402426ef7e8e166e2ptwo6,0,0.07357015816345455
21,679d60378d42ca9d3b8a28073fe14fc7bv4jh,0,0.10720192020964452
21,d7c046d4328c139e76fea7c1833e8fe6fx4yz,0,0.0013480182225186316
21,2819b8b2295f272f33f8e76fd344ce6bywj1p,0,0.0015296968299432431
21,790c497536a2a9fe080c3b2ee6d5eeb9caiv8,0,0.0014344180950988281
21,2794512e8edad5f99d28c33c7560fccb9zl8i,0,0.6879832482730435
21,2d6a70a8341ea0fbe4c8537ffbce919etg4x0,0,0.018289321232487304
21,953879d32e39e014cf8ce73daa2547cb2ke8t,0,0.017597650086361896
21,84c4b58a1491da3a30710bcdf61f87054xfq6,0,0.004385095886244461
21,d0b096df6b5ffd2efe8d5cfad4a24912zs3dd,0,0.0014538564608851826
21,86091a1e6c99358936979baf67d54457x1dzy,0,0.0028534469097444342
21,b0164d9a18a3cdf6082e96f9708040690qcqf,0,0.07700010054491618
21,9e9270c06937bfa13f5b29e737c3438fcocyn,0,0.0014480298737903929
21,b77312a06d10e22e3caca85fc7fe0342b2adf,0,0.021475806771494046
21,cbc71ae3c3690c89485eda3f08b9bb51rqrxz,0,0.10811259815763737
21,c6a49cf5944626b45425712f9e19e91d2nyh7,1,0.980683660189003
21,060ac64ff78ae62e9bc697192cebea333760p,1,0.8258395498445628
21,de8943f2b113702c98ef695888b7d0c6my29p,0,0.012171576332462786
21,2d113999234e06201c0940286d405453wqjsw,0,0.0034948649989487665
21,fd1299f1343236dea07bd0ba5f8ca220csnv8,0,0.0012079932724912428
21,cc78aba7eb8293a1d70f083bd747fa1450906,0,0.04928648456630601
21,d2eca28cbe0a3dc69715d719c6958faaaqx95,0,0.01669039090810316
21,bbad48cdaa604c1bf40b59120a775794rnlg1,0,0.010228902138740077
21,8bf07d8631a2808f2c869e27afad2d41swgkd,1,0.8945103988010914
21,e2554dc14d54c3b7be85c59dbc1425f77qv4a,0,0.012162347322271571
21,af5d33f9724b0e8c1f875406c0556d1e6eotm,0,0.13987877582356134
21,1e050a096927d5b34f4a85d3af28d30eybsaz,0,0.011909925226377412
21,a9bfa54aef505d65ec488d8984c82a7bf0fjm,0,0.029853633933754023
21,d4be674fce23aae81c4cb946d4fff8671gxtu,0,0.0047356203894243975
21,3128932859bba46f57cdd19579c42e05lif6h,0,0.0054790190651301226
21,f05dfdaa2f67b190f3a79a5a2d5daf9coikow,0,0.012162347322271571
21,9f60e1593604631e10ad2677c51055c6mv205,0,0.004950051836283082
21,ae817305e82b580f9ab89f1a379488e39il4q,0,0.01263415534996932
21,3d48d4b09fc7559bb6c129fb65c133808brgv,0,0.16108251309518737
21,ae6758a627a111f6d6b530b0154c429566o4k,1,0.13825620017892667
21,1cf0d30e0bf9f4a536b1fe16ecc26cd22j50c,0,0.1936400107142504
21,3bc8edfa1995a99110b957ee98fb5c76nkl7t,0,0.785890860059024
21,89c8eefbf6f83543ce0792d1e4b86057ti16q,0,0.0023260438592965825
21,403640a20dbd2c4bf554e558de137deckn70o,0,0.009804338575862012
21,d2fc5291537a61882065e571c21e796975uy0,0,0.001314936373305744
21,46ceb58fb7a57d86a26cfa154c940a8cuktu7,0,0.7896028784490049
21,d645e4b8b043a18bb1c8689572ad4fe16q3np,0,0.0035855399163011296
21,0cbd01c9e8cc800aabd3b3e4c618f9caktfgp,0,0.7512703662065493
21,ed5fc53d096bcf1b86c30128040e775334ut0,0,0.04338106329973279
21,0c57d8eaa2708b768416ca91dd8daa2cqbl31,0,0.004215896106221973
21,e4264fc4dcd5f917ceb002d860441370s054e,0,0.0017839318171032096
21,abec779131ec6bd32f5e32ed0f274400ekljo,0,0.0023438406493273456
21,bd0071b98d9479130e5c053a244fe6f1muj8h,1,0.012162347322271571
21,5920a92dc2b65e257061017a04eb5361tpa9b,1,0.8828668074739057
21,0a43de0ab0a7525fec59ef4bc1dda7a2z9z69,0,0.28715476926327715
21,8acae9b2e5454fbd92fd0b3d79fe89ad6w2wp,0,0.005476303106156013
21,4c67576a6f30a158d16d790a7fc482b0zqxue,1,0.8435161229946397
21,86e50263881b0d382b55777185eb648aagh1g,0,0.6555028919004525
21,1e3642857c10e72cedaf7890e3c07bfa8ibzv,0,0.008001752229378684
21,45fe4f0fb849e7195a1efd5495d1285f2culj,0,0.0017014617195714179
21,bc3b92a81586cb726cbf4d5b418fee41o20sj,0,0.0030365466763146347
21,c59f4511da2e8dfbf02668a49bc391895wk3u,0,0.018289321232487304
21,c8d3fc73c1a41bf92a5e4982eb6cf78du8gg5,0,0.0017173640184061205
21,d9b611dab3b5116f761747fd3166ecec80icg,1,0.028538101883060114
21,a2933e33896035761240ef5a62477779jf7ny,0,0.05644312781107684
21,7d8d3493942dc13742444f28626c5839axjqd,0,0.2207627899472279
21,a2b4df001b0e40a398f6d4ae9b316c0eix5bh,0,0.002692559748414649
21,aea096a392f55d95c3e45251931e9755a9t3o,0,0.2976854384046098
21,05ae7ea9549ae298bbbc8002b4229392e0ilf,0,0.0013230028846467664
21,4d6580da346435dff2503c55ee5e0cf8wbkb3,0,0.97769447993352
21,5720c8d7bc15b94037cd75ff9496a35evugeo,0,0.8058798478502187
21,a5fb60c136b7e0a6d0d6e27cadb2a797225r6,0,0.021177080064458276
21,b7630ee9a73e7ba6f11f7717b7f03ed4be2hb,0,0.10565062568646914
21,0bf6e0e5184b3599bbb4ba1fb3a43549ije34,0,0.22152564267789762
21,e9b27622a64f2eb9dc7559d43bc45e31yci23,0,0.009646349742957284
21,84c7bbdc12233f88f35c2c3b8f178803ta03m,0,0.002416171256084822
21,c1624207d78346c3c58cd44f3d5472fcriae4,0,0.0012821170517008085
21,b416bf88dedd6ccdbc3a2146524500258qdzz,0,0.004155459428580229
21,99ca795998fb781a42d85f1abeb50482yzffz,0,0.8804763235183172
21,2fc0efdb6ff10d51e3a4d979ee52cf07p4068,0,0.03814790609040963
21,3cab5bd983f5be9c16789b6c14bae982nhi9c,0,0.0582846682380914
21,3df41510a5044de5438015f37dfa3443bt7pp,0,0.005252928668597201
21,a6214d8bf07127661f322afa7c8dae91ypizm,0,0.0012427666658599568
21,4444bfb455b90711234e0c25345abbaddrt0x,0,0.008001752229378684
21,3043fb0b4a1904222f640107f84d6f799tves,0,0.0015376543592112303
21,8215dac41ad35a074c93bfcfbc0f908chlo5n,0,0.001503218123834869
21,f3bb3c26162cfc1b8c3636a7ba126010na3n4,0,0.004017226522730818
21,78a444127a896122678835e12ef507deh01hn,0,0.012314490007327986
21,70c31e8b3476b953648fd4f8775c1950m1uz4,0,0.0018975565925624252
21,fb81da0790d821a22617d748d0226540ylrj6,0,0.10379166923248029
21,ab0b0de534bad49af05faa626b88389cmjj8e,0,0.07632248650790448
21,a13da89a3a54ac9b4ced156542afca5ddyumw,0,0.0582846682380914
21,74ae4f7b1692dc42622696303d9d4d763vksg,0,0.0007556881398452188
21,93ab2dedd76c1859885cf724ebcd987c9ngfi,0,0.001965759157254826
21,8d638f6da12614d6b369249410c3d278n8qme,0,0.06289266381301259
21,9d1506d6779356dda24ed87d41f3be39yn1rc,0,0.0026632332306434333
21,6182daa56cb0623719228c9e576b71fcpg8r8,0,0.09340859347791802
21,36e2e2f32a3872d3e958c0a58ee79bd129xdy,0,0.0016697829910250202
21,d6517684989560cbb0da1fb2f5bbba9b9y2st,0,0.22622474458756686
21,332484ddd66b9a3db89ee68f08b1288amq90u,0,0.0033706666973082793
21,ed5ee107143980558fae26c1b5c7b81a82spj,0,0.005297176818442506
21,519c0f3b989c8e1781e0910f685980ce15wzr,0,0.0018264700482083706
21,37702159c6cd2c1a21cf66600e96cdc6rdbff,0,0.02266792204337841
21,8644c9765c64da22776cd67eefe0f498u3aaz,0,0.002396400832774595
21,98ad4163bb0b1abf72f165056d4bf1a1g8ekg,0,0.001914817557257961
21,d3920630f4891b9ef1a8a199ce5c830aua4yi,0,0.5584494409529142
21,42e631af9bd00e5e816f08eba3b102d5ch576,1,0.22482560399892215
21,b0973e698b12fe51ec2f259d924c6098rasmy,0,0.0017340093479848973
21,58f590a56f480589646d255d570b0877zcjw1,0,0.0069051319213218314
21,1def3e23e479c9739abce6b3518013d39oejk,0,0.09664350534097892
21,30da67f34e3cc215b3bdad588410fab5655fx,0,0.15442411271217416
21,ec3b2ff6f725e847f93285bc9d2b7b3dvcd4u,0,0.001844167994372564
21,6429ef4aebc7d1f4027b31a6e900d165nqvyz,0,0.0018233487253717885
21,2137e2626c568af8e56bfb72fdd5b9e19qiyt,0,0.0029360701955749298
21,b8d88a1167ab74ba64fd6d9c83308a6d4oa6v,0,0.006516770140229796
21,90fd7b3c991701dee376daeb09a0a5b7kawse,0,0.003959793699733008
21,8e0462410d727b34290fec10fd5661761yc8u,0,0.0010492486395585062
21,bf8de839c1a8b7994d19049667548e4ewchpm,0,0.0021709930562224043
21,5771ce26e8b0fcbe7e90106955638b251qj2w,0,0.042601623156833704
21,9fbfbd8a57e4d4b18338063ffa43f1bez92lt,0,0.0021783007284718933
21,a06311ea45de34bf667b79a92d13c764i6aiy,0,0.5584494409529142
21,d3e1891edac2851f6d34de566802cac8m8dn0,0,0.005628301422257729
21,3d2608a892e44dad3027ab55bfaa0b26r69hy,0,0.12873158318259384
21,53f61a2f33e8b07e49da643af49884782vzdu,0,0.0011991946123685747
21,80d8e3bfc8a2ecbf22614befbdaacf5fo6o5o,0,0.021475806771494046
21,9a5fb8e2e5add29b006d789e4cfd1513paga5,0,0.022721459018607584
21,e90e4701234b13b7a233a86967436806wqqw4,0,0.008623587462632353
21,1d69e006699adba0c79ab06f2f622445nuu63,0,0.0013569476775208541
21,d127576e329604b576df0a3248cdcda3279td,0,0.07606817103709483
21,43295f805d813e816fee438d9a394bc4o4of1,0,0.0012641554640841325
21,bf6f2ca50a3a6a3113681e754307aa4ehnd5j,0,0.0017489266944953686
21,8c3631460a4d25d2b21b1f92ebbad752a19ww,0,0.0015309152496077705
21,3272e16da807a75a987e26b09bb2147by1mxe,1,0.9817980192944729
21,a71f84e476d03bd0b25d45e44eeed9a8efehw,0,0.11596025945145169
21,3893d2c62d59c232112efd332bc342dap8b4j,0,0.005384654643560217
21,100d406b638e84e2da7c31b03100b874qiay2,0,0.018949286019805545
21,ffc4e2dd2cc08249f299cab46ecbfacfobmr3,0,0.0018753664017312388
21,d6fd864297177c38cea65aed8a45fb7bbp2e3,0,0.4587725877887122
21,a0420d3961adf890fccf4b43899708f6h40zs,0,0.016760969887478435
21,78e59e188d9780cb8988d574f692ed343s129,0,0.005990434680276686
21,21c5f4fff051adecaf1b080fbf910ca3dvi6a,0,0.005926693463886257
21,98e6dd2906ef1f7c13284a309f6b160cb2ujz,0,0.003966178115557879
21,2f9a7b01fcce94499a59aebfac98fe1ezsk1y,0,0.002305920309826371
21,7a9519ae09e328b09d18473f96ef075fzrs1v,0,0.010599040163035551
21,1df5be644b8963750305092eb8ec878ayba4x,0,0.5791381891401037
21,9bd2d79f328a5afe815d5832e521aa9187q2j,0,0.3903405700029323
21,5c2e85ba72b9e9e16f77939fee7ffb5eivaqe,0,0.001689103503904044
21,02cfc97e8fded77671e71e1951723d5fwz6a4,0,0.001001345398105758
21,baff2ce04381eb1bc4747d557bf52208vqmby,0,0.0023377545283880434
21,fc870f3872dd5e36e4dfc4ccde28cc930tify,0,0.004323868526547106
21,25f1a9c0c83eefedfc2c1589e763c2a3is1qy,0,0.0014870703603636726
21,225716d7bdf8f90cb4a4b779c663cea5j9sqp,0,0.0027987738910605466
21,4579226b86f3ca5b5ea1597efabae4c42j4rw,0,0.001339933971372717
21,2b2ee7d0ebdf910833b5cb173c567881jt8sj,0,0.16108251309518737
21,4cd52ae88da3e30dbe01da5048151c98p4f0v,0,0.805393879666341
21,59d96b423ea3ed56611686300b681f3defm4n,0,0.013084228603110452
21,e833712b1e29ffe74517e2dadcb4f2d1pt5t3,0,0.04658250478148815
21,25f59f9da43b6806aaa125fa61974591sacso,0,0.0011682595620438106
21,45e4c7fe66077b5b7b338f19f476f9d85jlk0,0,0.0019897218846581704
21,ff181014a0d7bb534fb9a35f22e24fe72m1d5,0,0.023801008271172052
21,88acd2e23ea6817d9d9fc28f38a8d1aftqssz,0,0.008857930441114218
21,0547dbd3ecb4a293913f138d60b586fdf4ane,0,0.9513345036799397
21,6cfd573a82acda92e8207745bca28aa7lqjcm,0,0.003909736778018393
21,68546847f11f6415034b7e2263e8ece62p3ud,0,0.06518461968083097
21,7b22c9a323baf4a7bc7a3761e4a30bfajixmt,0,0.007407456396591482
21,e578807073c57556ce334044382a9b98iaz6o,0,0.02713288651026475
21,d810a7956e4d9fbc246d585ce84e8ea0750b2,0,0.0012164620583394498
21,041d869edcadf595b90e3b5248903183pn754,1,0.7995126713962302
21,2366cd7cf3df530ef4fe40b36ffb936fyn3rh,0,0.016898827398285413
21,c41ea39b2e13b0fc9ccccc2546f924f1obd0w,0,0.0030871410431008274
21,782557b3ec17063f2a36fc9193ed3200h14me,0,0.1322890097673293
21,e783e5f6b818d18eda4065282022ac23jd1fw,0,0.005785252597566679
21,a3ef8289a92196b07e2e7371bb111e3aom07k,0,0.003830688699691308
21,462df7ecf1d47980dea6a93d44fb408d4u2d5,0,0.019749616070506987
21,5e3747785e44d85a41a74470c051e946x01dp,0,0.0582846682380914
21,2cbacd5b066b7dff7e0a87e1ef00e0b4zpqzw,0,0.018542413323805063
21,7bad0fc50ac7d249e0a3d8b83f68e855fcnxu,0,0.012176188107795577
21,6326299ca6a53277b2bcea07bd0b4ba8ktbqj,0,0.0010394131431784638
21,96f31c5b3baa8704096cc8d4301b4c96i6fyp,0,0.01127737405155114
21,10f01aff2fc23653ca7ea1d74248357a889wv,0,0.002669246738013364
21,8a27b2e29086c0d2e589053537e88393zsyr2,0,0.021475806771494046
21,c1850964c360c9159e5d1d0b6485e210s6uvc,0,0.0034629923749952547
21,5c2d250afe88df6e4ca3ff08d991eb67s5erh,0,0.00427348957022356
21,783d5c219ff84cc0517f59a39bb98e18st85m,0,0.010154624831076821
21,031da7aea2d4b75ac8ecba4825bc1318yki1d,0,0.0016473598916716676
21,958de49cdd870198543313fcf574d7c4eutrl,0,0.04699052845184067
21,c8f537f6bb0aa2d45da541a875f014358qm7p,1,0.0159041965680142
21,466ebf78d7326a38db1e19fdc1c70e9b1qu0z,0,0.008584828421793695
21,9a44bfde11a7b6ade17cd33a2b5102fcnlhm7,0,0.011616754779965413
21,29013ddeb60a18f7d3bf9f3aaaebae6c8651o,0,0.01667706136855608
21,074daf9a99b01591cb0637cb95c32600roriz,0,0.0045913650876434325
21,63424f85cf53557fdb5dfc6a280af75epl45b,0,0.0012015565909563755
21,8c09f4afd78059d9200cddc435f5c48ceph11,0,0.16035990961691293
21,93e3c34171ab65e0b031dc67461e48b478u36,0,0.0022789711901218357
21,3c77ec9f79f6febf630325ef84f2a0bcl3qg1,0,0.002581186898651135
21,a124589b3af5a212406c0306584a9554fazi4,0,0.002108231366485232
21,953e01bab9ac8786b4bfc77d183732bbqw6ng,0,0.03264184688179346
21,820dc943d26965d377be315497837bba5iz67,0,0.0009728167740858479
21,0a09adcd35b5f26d75f251006affc747drfu4,0,0.08930357300533293
21,e61c14d66cd5693d93cb0356d7f444ebinx9i,0,0.08588352026236298
21,664adb319c2be43104b6565a8ff293dea0f01,0,0.0014207366769341796
21,950aa0150f419cd6361bd3c500e6e695xfljo,0,0.003975123246543103
21,8c939b6713b7881538cb05eca89cfb1cw1lhm,0,0.00207215473517796
21,874f882f7efff96263e9b555415aac36dsxry,0,0.0015399088049344325
21,01c1c7be49cd6cfbb9075925a05c9899p41va,0,0.0027713114076494774
21,737d19fdceb065359c77b81d27053c4e5quiq,0,0.0582846682380914
21,c8b23d6565e11d874e221f41440ffd25mrucd,0,0.057391998592322434
21,bef84146ac1e2f21e928e06ede1404793bfnx,0,0.0011519317663583647
21,90fe8d6fc0bbe4ff2ca7833fe51bddbaaibof,0,0.1252731135819901
21,0f8cb1baa83fefac10f885f79149bf13kn4nw,0,0.017527217204656307
21,cbe8d224a38ccff930674361b502e7beyuf1k,0,0.001290607324915658
21,8ab98c1e6cbfb902af4e02050a886396a40bg,0,0.001068471768057348
21,7ffd9b7b795d9335153d481fba4b3076plrxc,0,0.003301893844302101
21,bdab2be5a94c6380c60b902310cbe1b6rs4iw,0,0.0036945729659678484
21,55d9cdc3af85efe87b2a6f22a2cea96ezy2ax,0,0.004085760903165494
21,40fafe756c4695b32df7d19d4c710dabvzr79,0,0.008001752229378684
21,34914d163517a0cc4f0c971afb2352106vsvz,0,0.006323430356176828
21,fdf908d608a629d5ebde14819231878dojel8,0,0.009563216218605654
21,2106dd7866abbfb4e7c68067d7eb9bebflq5d,0,0.9025741346570336
21,c9416e793bd0559bca3ad4a5194d4cd1k8eyc,0,0.002861306130544116
21,92a63dbb8323426833b944a4fc196fe27pzha,0,0.002283003119781939
21,24a32bf10c4a5d4d91c27da4710c869a0nqim,0,0.03218300447484899
21,942563fa6695a4b2f76ab6ff3bd58030i75z7,0,0.012162347322271571
21,78830493a121b8b6917d246ec73ccb4anwocl,0,0.8903242976739029
21,64f6b099082e4fb2e8da7ba4ae9abdead2cej,0,0.013885339770946145
21,81392b54fee8e50ec74efb27cf0de8e32fdm5,0,0.0011991946123685747
21,1275d8a6a3b2ae9d24b50997397c254cpuuzv,0,0.7960944822606917
21,0918eedd8324da06abe5600f058480dc75nfo,0,0.0018215332319067824
21,ce7d34398a6d6011bcd96ff0aa82b6674hxzl,0,0.0008354246420479999
21,0f3ee77a46dd5a09ad20b7c3e54ec614sbpvb,1,0.03015027636189305
21,1a09feff347553a2577983d7c742e3d6l2hfo,0,0.20692019540572715
21,70739399d69a3b7ea9e72742dc728742zp9uf,0,0.021140203519631372
21,cefd0ed907595de146c91e6c26b8ad658ilo9,0,0.002339258297679464
21,44bc1c87245aac66d176620f6ac9611ddbcil,0,0.0011702861845848728
21,3144ea2711bef53de88d89d71acd16c5q0bzh,0,0.0026888108420955016
21,40f2eaf03624a31952397644f1b79a6fvtfjf,0,0.09687758133765904
21,ae9e482a7f4a625a878c6ee0eb4dcd01dkm6d,0,0.0030971414655167756
21,90953913d629a03e27590d0d0f64456601ktd,0,0.08808112628165805
21,f3d3c913b225bc6cdb98c60f0936f7cbj8k3a,0,0.005286191747180927
21,eeb7e43d894af9161f84692f2bf9570fdryzr,0,0.15442411271217416
21,74582963d3774699f4215df7f2d17c1b6b4pn,0,0.0012427666658599568
21,3b8320619393a6f6bf12219b61cda688k4w4e,0,0.0016568558071935124
21,4aad6f0ffe775217e4ef8c91d69707545li52,0,0.0010444403779403236
21,caa74df2086d71caf6c1b2b9c81d3d98xhpv9,0,0.013310326279427416
21,07012e0507b4281d430b93ddcd96cae66und7,0,0.0007084806509635865
21,fc48aad7a51d965595b59550e08b94c670k7w,0,0.021475806771494046
21,4b72cbc9d9ef0238bb666feea6d79e718qry1,0,0.059563105586440436
21,120beb4523541f769a2b658cbc41dd57w7im7,0,0.0022027964259395496
21,bbd1d48ef4e8e7e3855938755275ad2b2le9g,0,0.008960612942050356
21,24db47d284a08aaf119eb3e0c45eb646i46j5,0,0.0061384019881888996
21,0446457fc8e21596799158406f77b14catx8w,0,0.012162347322271571
21,8254276e772450c5365707cde76efa4cwuzpd,0,0.018289321232487304
21,dfa7ead5ef84eebc79c67d3daac340b0exa41,0,0.001358318303263734
21,6c2488ec88e02bb38920200ece7d337e0bffy,0,0.06120915116694904
21,e72d1b2319a2ef39d016c41e4824b68evxe53,0,0.0034239848165472267
21,7114afc59caf2cbaf6ec1733922065f3uz34p,0,0.004503262858003475
21,b5d61accc925a0e86ab7274e1ad82532gb1w6,0,0.14373991546761142
21,53d9e7fa087a0dab6a472bfbfb694622jv072,0,0.0013013753908337447
21,eace2a2890644d703c619fff7e41a9a16k7lf,0,0.0018518597568822318
21,681b4f9dca9e70441fca4a58c05b0f50skmir,0,0.0006907403465657172
21,2f9ea407ba48ae05f98fdf634995d936xefau,0,0.33472050665202085
21,49f4481b6bc2255e745ef20ac2a720754r9mp,0,0.04716827709667574
21,f5b2bbad20d1d7ded3ed960393bec0f40u6hn,0,0.067161717863799
21,35f822bee4f85d98d5b1b23c65681974ywyuv,0,0.0014310976746910436
21,8bc2a424939c50eaf4a652e253421b0f9b0y9,0,0.1416094921104416
21,15b1e719796dc894ecde30f160e7ae20hrmmh,0,0.032543329337179086
21,caf32bc98f84a47829e76ffe104371f6kphvc,0,0.007743535464031878
21,5cdd665a22747394620c17b7753947b0xgzhw,0,0.009343486414233082
21,a4e83190edb97fefdc4a6cbfd00f41fbm7c4o,1,0.9555250120320727
21,86e888c2dafacf13580a1211abf50961w6foa,1,0.4513074970773808
21,c670e7fb466b09000f1053d2761752268bkfm,1,0.6384274075154531
21,98c12418158dfb9494af01308ac2d0588gfw2,0,0.033516161841495314
21,bbf1dcd2f0100fa90e4a8544b90e35846p5y0,0,0.006493376622737374
21,a58ace8b671a7531c88814bc86b2a34cf0crb,0,0.2948882081279502
21,054b51d059fe981ca8cc4e0d4c49aabb5mck7,0,0.07926711538371793
21,ff4e39c0be8af4b17a73dcb761e4bb6dmop0m,0,0.0016357868777239696
21,01f498a0992d280de63ec346692efb2blckg2,0,0.5584494409529142
21,964028ac24d4ca16c4b63f64b06df1c8ltrrl,0,0.0003435985811894462
21,70db4530c292bc759238b8306ff4ebb6n4l6t,0,0.0018824979412926466
21,b4495464d4503ccb8e696994059983c89g4lc,0,0.0028019954730352727
21,4fcdd880c4e1a1767c4d26f74bb3466f11osj,0,0.008001752229378684
21,4566ae63ee93ffc6b000b5cbea7f6a8ehbg00,0,0.004555928721386875
21,08a588ebf7b98f44f8fc695d02adfa25x0amy,0,0.002647644392457659
21,c1c22607e7899ada525b74e757d248ac2b8ac,0,0.012162347322271571
21,9d8a1ddb38499b3403a6a93395ef29bcrznni,0,0.006229525878840007
21,120c8b384858420c4e46e354c86f4ca393w0i,0,0.09649085176643045
21,022ac3a7ce986049d9a4bede83ccf9ddctvg6,1,0.9923782717308716
21,222d3e39d4a292d79aeef4c04e52aaf24mgkb,0,0.01134355456330462
21,4c93ba564461b1412df6f033c8ef71e8ck438,0,0.041568716660311394
21,5db8eed67a7b648d1f2173b665b79de2vwdlu,0,0.016801879068759126
21,84f06d2c69695fe24cd69f8a1aae21a7kozbn,0,0.0019349205809971797
21,9f34ed261596a1114cefe81158c5617biq26c,0,0.007574729966129106
21,ad228143392ba96c21bf51499bac1c3b3kmzo,0,0.006031656603154064
21,9f2086ccb71acd84652f861517d4dff9du4y4,0,0.007747737206836568
21,e0fecfdf4029d9a91664e703a178397718lyl,0,0.003917287526206724
21,d1200a75b6c05584f4f902e74d3dead76cj15,0,0.0044294482166407
21,d81579750b388276f2d8f6d80384f499n13l6,0,0.0011083565862941838
21,4070f6ad5da385ba11cc99183817eb20h69v1,0,0.003231093450757311
21,0381a69b7a061e9ace2798fd48f1f537mgq57,0,0.012162347322271571
22,624f258b49e77713fc34034560f93fb3hu3jo,0,0.0013317290461311454
22,1c5f4fc669099bfbfac515cd26997bd12ruaj,0,0.0005657570704991995
22,25558d24bca82beef0f9db4ba1fe2045ynnvq,0,0.001303116731521248
22,88ae7a35e374a6fddd079ebb28c822eeohwse,0,0.02533224396060039
22,3f3a3705be5ea07b9ba7ee646ed756fbssuo7,0,0.001161401538158321
22,6e4d22dbabcf2eaae5689c7d155e1c1fev15l,0,0.0005917557808647572
22,25d75fd439571c1d9b946f5ec833786063vom,0,0.002718498057063028
22,b37b352197594dae96bb9219bf59d656oz79f,0,0.0018517921037576896
22,d878560888b11447e73324a6e263fbd5iydo1,0,0.0044076387611375395
22,c748f0d69cc89d5812c9fe3a6413bbb26351l,0,0.0010974871465353354
22,2a7d1f9483d34546c4d099e36e3a79790qvjm,0,0.08344244110415755
22,5686520af5a4215a239418fec906f88e4she5,0,0.0009747541745929659
22,72bc07c7241e1856ba31609d11501c91cswlb,0,0.07084783402282396
22,bcf95b210295831ff6e20db3a570f909n3q25,0,0.45490061656071656
22,ef24ca4be7ccbd6ec68d4ea9f47c9e8ex1g09,0,0.0015634533094309848
22,2307bb06855a6fe75ab56ee6b4a3860835di5,0,0.01796951538574294
22,af98b7d5a7c1ccd2968252a2fb1c06f69igbv,0,0.0020205774877162224
22,6ecd9f4b332eb790dc933aea0a1528e2qkp4y,0,0.0055387386660081285
22,4c4431ec9b6e683bdc5a3118d5140105r1nas,0,0.05028223162391774
22,1cd8d86911413c73e92ad1170cae68c3pocsn,0,0.19386933091781383
22,cab0d4e41ea81636de3bd3a1800d8da8x4yca,0,0.0019632142700211335
22,53691811bd992911edb9f5f64f49d8f5luk1f,0,0.16101559912612842
22,0cca10034c58287ee6fbec14a3f96c3546sdh,0,0.005194767097090209
22,7cb144485c703ac09fc73aa646041f72ogqwv,0,0.0011094067153468083
22,21580623ea81c5b0b82aaf74890218e5mio2z,0,0.15691787215539302
22,806a46eb814ec7a09bfffcf38b0763d344tc3,0,0.004668221329694012
22,758bd601d6700494300ec1647682eb34vq1zp,0,0.0035223258527757374
22,bff9a98b73f2b9a01300d3fd3d55b16b1190o,0,0.000768266766296204
22,915ccac760c7359a446100fd1a54bbf6oyrzf,0,0.0036943432085025413
22,47e0637718480102d235233c83661a7850foh,0,0.005386311677732811
22,15972a431aed117840dfce5556242366c3fwq,1,0.6119512955466523
22,9653f425ed82418570fbca890f7032b16sjjd,0,0.0004720566463166884
22,671fb1e314a1f480ba9ad9b5a1cf6a91w1k2f,0,0.015285772351599523
22,91d9b706f63537c5fc0027c50b0e3b06qpdgz,0,0.006952846013188583
22,8d43ad48f315364be4d979d2e9d5ee67quqyi,0,0.01822157242375928
22,dd661e2d6e79a5b3e66c82373d50f3ee86k85,0,0.0006222438849589907
22,520b616c26fc47935f6bcd5ec063eaa7w15t8,0,0.0013219321994974876
22,f186d292f4e83f70a92c97f92993f655ygqzw,0,0.009491355452552506
22,eaac863aaf84acb7529462118e7953c3oeky6,0,0.005982781081465706
22,ea0e5f7d93f2220a62bde8067f26daaa7oxgf,0,0.0031079568061481
22,4741959d26f99012b8a6a3e3954eae40hsy6j,0,0.014583723994497798
22,ef9ce9b85309d7d1044ce57055705bae8pqlg,0,0.0031580944636260037
22,33031f476dec19fe47c0e3a051a68e992hmwv,0,0.04878688826167605
22,2918b09c1ed9e9e8602f85175b266aeej5v6w,0,0.0038094123027581843
22,50791a0a98478b7f78f8d30acaa4683dxab5p,0,0.039642947543658776
22,4679df74080bc22e29676bddc5bcbf51gsyds,0,0.006880849588267892
22,3d8cccb637b990ec64d662d66ec059cfn1p3p,0,0.0009410423708139989
22,7dc423d0bbfd840fa0bf75203cd7bcee75kmh,0,0.003023846549777082
22,dfd5c9157a0a771f235c32f30aedbf84e2552,0,0.010288949582447316
22,62ac0de5f8776ca1d189297bdea9a64cmewb9,0,0.00174410939529436
22,1291b98e40353f77928e363d54a13c569bhfb,0,0.0023668033233195302
22,0565a780f2c5b46837bbe9739ef15ea92fdu0,0,0.048473243458827434
22,42c407eb70ddacdcd59d63f22caaafc4fa0p2,1,0.42279675650950965
22,96b1df591dbbf3a002578574671d9ff1rmzev,0,0.0006222438849589907
22,81a6dd18d43cb3b1999176eea563b438roe7y,0,0.039465941018423
22,6aeab198df208f8628825f7eb3ec3701p2ybk,0,0.0021007154387392077
22,ff12cd48c7de8ffb8b2099f262ce03980dqqz,0,0.0033747192361684272
22,e0544483ccbafc4842cba7650677d043n2e5c,0,0.061825532718547356
22,d2138bce99f535c244dab68652ccfa2enshxk,0,0.0006222438849589907
22,97b002c9936e63a1fb9994a67615e84fft019,0,0.0035074435911608857
22,9fada390b6c53ecb47e6f4eb4353e14f01xu0,0,0.0012448394064286915
22,3d94b376bae8dd60eea48ded36134a3962glw,0,0.0014944028555070185
22,c69e65de28937ebe1b94e7785afd94158thqk,0,0.11763662070191873
22,f0f21cd3d51b7a233988cb1c3c5df977zjqkj,0,0.0009547936937682554
22,47c5cd21a74e45dd294cdd53041ec0a3dw3ge,0,0.30970946992526727
22,e22528ef6a439aff5a8b19f8c9b07c19fyzs6,0,0.005030525624773853
22,d9177cca9a1bfe3478cc4f11a0d57de2p8ahp,0,0.014583723994497798
22,187636e527504df29bf42d4a2b7767e54bgv7,0,0.0006222438849589907
22,334714f005e994d46cf4d18093dd4d05fyxc8,1,0.2365905010881315
22,10c1e1164e3f8298df9a35c891f67babiycsr,0,0.0007228554386625343
22,7b5bd948eb1d8075be58ec9240927bb59ugz3,0,0.0010290084056114538
22,1e1c9332e90c1cb0f01da223bc043c528cvwo,0,0.001684993995692617
22,9ca41c3c062146a06d2682835f5136807yao2,0,0.0012068732514302913
22,ea6c07fbbfc3f0e549701b1e7b90c4d21zfjl,0,0.026098972045282286
22,72994bece8c918a2c4c432b98780a7bdsctwr,0,0.0013886049536826269
22,0b450f2827ec670da34be66ec2a520213xcuk,0,0.001250241771466149
22,d65c538ae39fc1a7e0677583bba5fdc6ax1et,0,0.2815482443784715
22,55b39a51c925bfb42fb812ebc5fe318emsjjf,1,0.34841921663367253
22,5c725e840bcc103bb8d12c54ba9a0b37blxvw,0,0.0028583036257388097
22,6ed7b95dcea7b359248e9efce91cbb11lm7hf,0,0.021350487436840853
22,79c18f0460f9bd86bcfb25da96d91490jfuxv,0,0.0015317404143018608
22,f18d2ebbd5e48ef4f1ee412339d6ed7adr9qi,0,0.0007747775390854738
22,dcac75b5ccc362a66e7f9112f033bdebchxq4,0,0.0006384417421929861
22,3d54d594ffba32e8d6527a688e7227e30iq3k,0,0.0010815874837168359
22,e67abc3ba39537cc640678297a7c5bfag490k,0,0.04422650768277263
22,57e1892d3d62d87c9ba5e8425a1958c0fn11u,0,0.01796951538574294
22,2906a20e0b4f7ce840d051c4be898b66do6wh,0,0.08872388097039582
22,3961434cea4339f0049798fab2bc73aekuxjv,0,0.0012179021509805049
22,8b809e18804865ff2a2e799c9a5e8a48mtxdh,0,0.152133986215249
22,e1fb642deec7b382433de94983d97681o14ko,0,0.013430923371234684
22,313ede314e2e05c31471fd6a93f98af713jud,0,0.0032838013869746665
22,9b51afa3c3a736bdf93bd1f2a7b0a0903c34w,0,0.009040592065141491
22,66513f72be85596a527f9f653db3cb72cq4jg,0,0.36607125087877784
22,5b45b150b6b683a98b5bc19c4214f44cvzru7,0,0.0012395712151117395
22,3835e3bbf9a17a33867860a9ba19621dp4wdc,0,0.012495590707103793
22,c871daa6b709e008825b667b05efddca04jbe,0,0.051412504151874774
22,644e284380171fa793695a91b6a12c28jcwku,0,0.01475609497807209
22,c2294751630e49a4e594dfd89383b271qzp0m,0,0.08023861326284408
22,85371e59ea43c33c7e481ba3c214e893ail7f,0,0.0018710733029309395
22,20d08c7edbcb4b4ac0214b664ca5bb9cprntj,0,0.0023450498203910443
22,d8d90875fbcf94c3b4c5c00479cbed6e1mqrl,0,0.000779035502956427
22,2b72d702b44fd7dd58062e326fd8e4779j8mp,0,0.003613218523915165
22,64885ec89a54c64598b2d196e1fe2e351cd60,0,0.0015859257538458345
22,cafa845bd657b17eaa82940d4767d9dfe9uxg,0,0.035724026637284544
22,2a4654987b59646a120ac74301339afc4eylt,0,0.018554232198844643
22,a6e261c09ae8aa7d0a47ffeb0110aa519jowa,0,0.03299099954001159
22,45927dd51fb4301c459ab96d48f64752q0o9e,0,0.0005992355733168458
22,9ebd57da79b9286fd67a53e61528cf63a1w6c,0,0.0011395020424853812
22,c9fbbfcc89730e961499b4b30ffc4a98umxko,0,0.0036107911193095964
22,5e8bf58291656ddd5fd2f71825565446aiopv,0,0.37480528160602883
22,662b66b1227816c2f9017cadbc148381alne2,0,0.0013837601714465845
22,0870fb7e5701f3ba56762b03e157afdc1yw7u,0,0.6053003931859318
22,876b122982958678f14bb25d887dd79dun3qa,0,0.003255138066359431
22,8d8f705595701b921012777a281a553622300,0,0.0012015757000240581
22,445305769cbfccafc89ff5ebd004598einesy,0,0.021701271479791746
22,9f793ee6e6df7f69b5a5acb4e13db0476b26x,0,0.044636846408743366
22,0318e0a173f7c65db40116b903884c854x258,0,0.06259274344941193
22,6767cffbe2c0957492aa451560655be3hjd6s,0,0.16495823247825595
22,0853bead89b03dd38a04d84f4312da7dukglz,0,0.006243367016947698
22,796961698c2f2442e73c5195062370caawzzo,0,0.0014239602616054634
22,05a07a27e235d01fe480ea6ac73b8838jq28x,0,0.009094855522412706
22,7a71e329f3f2da98a3f82e7bfcb705a0t5822,0,0.06543291484671974
22,936d542904f515ea87bab7996497b11aszyco,0,0.004560304102232823
22,f211ff014ed43c9054916f97d6187108mpxr6,0,0.9521571578363975
22,cbe756ce81f5c420a1f7079791ed9aa2js2u7,0,0.10612326048418878
22,e0a87bc26e13c599894d7a5103fdca786tfat,0,0.13676567925417052
22,c6108e22518279361de99b3c7c298235mkoa9,0,0.006766482737593192
22,4b3e6a8a52c413a32f76a6d7a84a54bb8gb0t,0,0.0006222438849589907
22,8ec9269ed4f5aef4584d887dfd9e595aaynzb,0,0.0006764793980072833
22,6c0212679f2439c4113386b2c6ef513e8wr8p,0,0.9690277392918489
22,5aae3111e4fab04fa5067c740329a38d11361,0,0.0023484909705583897
22,936d73a062928a362901f0e507d57b0a8rjs7,0,0.005269978034959193
22,429f301119adc32d35541dd4d60903563s7nr,0,0.042709158131620725
22,46c0ae10d60c4fde2b6301bbafecd7b8dcla1,0,0.00880112689826433
22,bc7722baf876d0735ddc885691eb687bgz365,0,0.36468435313828124
22,cf4eb0f68d47e6d4b92befd0b8fff39a098cd,0,0.004835008587076181
22,af9c96944265cf541b3fe734a057821a825l7,1,0.7835071629283178
22,a283eb484c3245e5b12b18daccc075e9g9xk4,0,0.04336153563369625
22,61a4da78a5aa5bebcb3e9818a46771766gtq7,0,0.0762272813526024
22,b1410ac124aeb5ef6b06667786feb742tijnw,0,0.0162524852406496
22,6e18a078182a21b8522bb69a822cc338in7rn,0,0.0015860442280750209
22,4c2af41637c123c78074e46a22526298vol9h,0,0.0012316849126334647
22,e2bda091a91082b774d59f2c5b8480ebbijs5,0,0.0008205776084525488
22,ef905e4d866c43dbc345751e7fabe5a568kjs,0,0.10203729001986292
22,4f07602a713c192a941204b27e2abcf1srnke,0,0.006662195777049208
22,916aedb8fd708e100318969dfe57a4639hexd,0,0.08877548565986237
22,e2e14e8e15204b504b146d17a2bed925qg3u2,0,0.04336153563369625
22,0ef9be4eb3b6a03ac2945522964b242ap09cy,0,0.001279783320817973
22,86a3a9861ed45158e964f9d004a224b3324cl,0,0.002940131319129093
22,58c3300ea9095cf5e59e27abf2a905ce7tl6p,0,0.016441869722322314
22,25b58d1533e04571bbc674dab28973f8hha3w,0,0.0026698706468636156
22,ae15accae2164aae084aef7e3524c1fflq962,0,0.00922870909033393
22,98a5197faba8ba72d6ee9e1c95d65d737sigb,0,0.001174789126029147
22,06b2d71c26ef3b6e29277f761cd0db90wuwjo,0,0.019644369982447736
22,44c38c27b9de757c8c7c05cf07b7e3eb14qpt,0,0.13676567925417052
22,9ba7cbcf531c20ef7cc55a6da5c0654evwt1d,0,0.22344029458622677
22,3e2e03a4464642627e223fba066182d1qslv5,0,0.0023187347450466206
22,6a1d4042a5f3a3f34f5b3ea753ecce30l0qj1,0,0.005224635133128547
22,497b8beb19a7f674bc53acf7f5c7ec8cxv68x,0,0.0017322983881515083
22,511a640e38bf03022300f5503cceb2cd3f361,0,0.014432409728775056
22,43553dd8b9370fbba5efa6b652d9b43ezsj11,0,0.0016221372089942148
22,6be863f26f22cd79be272789ac7e9153v27yt,0,0.013850133367717808
22,a15766d8d3d231f862996eb3ec33559735a3d,0,0.0010289174017953696
22,8ebc5b544d62622e45e1ee22a56265e0xwwsb,0,0.01438022358016706
22,d9a813646e8fae954898c1279196f5493gqzc,0,0.0012106845478591748
22,3ef757c3d6a272681c69bbd7e071b705yzt8t,0,0.001356275321040188
22,42025aabb56a61f3bea90d27b283b517dyk4t,0,0.019644369982447736
22,877d96d9abeb73e437a8ebd74abbbf45p8s80,0,0.0018324839248354864
22,85499f83c5f1674c87d0fe77838c4da793u8y,0,0.025591038962508975
22,67616fd2a1de5c46e32041354efa88ceahbhq,0,0.5711192228442168
22,5bb3c3ff71ef6560c7600c512128ffc8js7py,0,0.03365940425132139
22,39a5a16e5a67c2fb51789cea4d3091f0mv996,0,0.001006718783348995
22,fe6ed3a12fbbf5da4980337564361710v2y21,0,0.004583770443257007
22,89291354b0939c342be97fa58e018bd89fvcf,0,0.0005659509076603551
22,8e05310a342aec93aaec69a638e83a96aqyo7,1,0.3104655590425742
22,fec57d2db5692eb144a71aaa35a11b58delkw,0,0.0018574603925754591
22,8bbb16c0a1bb808389051c875ebab1cea0v56,0,0.0035477249554770347
22,36f52ad1abfd307b73c9b69cd5197dddmmxgr,0,0.0004136578158635498
22,24284d3fc3334e0adeb6bb95637ca62d6dm96,0,0.004530185138259304
22,9e25bd3696b4e1775de205d2d4698a0df4s14,0,0.0067253285682197
22,83a24bbff5a4cf9d9fb10391102708f1oqpco,0,0.001396071107178284
22,673650167f432c009e9dcd062cd4e9fc2szln,0,0.001302143558287169
22,e735a2301a18772a8276aa1f17ef79efu4yew,0,0.0015207341314478367
22,c08ae3075278ed0d139f00ead52ac2b0oy8nw,0,0.0006007614201491271
22,00a0517965f18610417ee784a05f494d4dw6e,0,0.009530032857778514
22,f9753e9fd6e25e0a1ae176ab95c31146iaqnv,0,0.0015840809383337393
22,464506515f2ae684bd510b3a50b9121ec7v3a,0,0.032837233179895946
22,e7cf764619380e5303089f04bf647f10thebb,0,0.004117889502106277
22,a7c910e7c7796d979aa9a7a31d74a8eaqsapx,0,0.04336153563369625
22,a8c2410eb81513da23261a49135e4eeacw6dw,0,0.07084783402282396
22,11e47dc08d7fa4d1a1953b5868892f72qvlho,0,0.08413992329113298
22,6e178db6d17d21aa88aaca5bf15c2761lc500,0,0.00590611431268824
22,cc4763c97c3d7cc9116e0a51a6d1f2e82242i,0,0.0005817878776469672
22,bea63152ca4d99f549999ca57b93d015z9kyh,0,0.0036290859322367953
22,d863897264a7e52d9c6a1be6dc453c6c9anz0,1,0.921816946335585
22,67d6466d7f4a32d294196b8c16ee0b03kn9tf,0,0.056556889215234954
22,d8a4b49ed9ca241f025cdbd9637198fb71qmz,0,0.0032094302259185552
22,424aed9d807cfe0b2167cfdaa4957fc0heell,0,0.0040574899663412675
22,7259271b61d2f05200eb2e1ab1d2ec911jlaa,0,0.0053860499376465615
22,a7bc17dfb615eacffe397be5b2c2f3a6r0bb9,0,0.014462255917473951
22,1aa485901ede7baf78ea116e297e9d7f9en6i,1,0.02977262451256154
22,4ed4760782d4e2c65bee8cadc1fcdc89htz8b,0,0.0014478544964156707
22,91c749114e26abdb9a4536169f9b4580huern,1,0.019644369982447736
22,3919be53bf4bd411ba25acfdc1362b49u4vle,0,0.014583723994497798
22,9f280cd011f10593dc245dad1d93b11dy6rg5,0,0.0008940378519013972
22,3e9180fdf158409adc96aceffab6e00bejjah,0,0.0011148065888023253
22,ef1d71dde32e587e761a1b39d5b374c7gk68y,0,0.005952860741716507
22,8c33cf751b05ca6a9d886a379a84a2ees9jlu,1,0.012056118426828478
22,977436b0a445fa555d537fbf1d4bff2e4z40h,0,0.0006222438849589907
22,c503bb79d4f3522f51d348c680906c1bs0w7z,0,0.0038931927668654125
22,5e945cce4e72950e0930b2700e77fc8eq2abo,0,0.0019256360237986773
22,6b3cff1e3d9398d4c125e7bcf612192dy1gwn,0,0.01579575532901685
22,daef74294e84ef6d7e009c2d51be6ee167xds,0,0.0038200705195761474
22,c749a25f3a07304b959065d83bbfc5f75u1my,0,0.0014464547492507142
22,26508777dcd84df59b467a60d9f18ca1pvvbs,0,0.035825703625705585
22,f069e2e45ce316168a94b972c5b7d6b0f342m,0,0.3075469828066593
22,2540f8192e425f9fb921db30ac1bfcbas4p6g,0,0.023289723034741697
22,4b32495335dd238db6285f7c6bbe051fv1qoe,0,0.008498046092233754
22,6a31ec9cbfe23a9398e80403859f0402cg4ql,0,0.0009327908306914652
22,372bf02911448b7f62cc861074a7ac81y0jsn,0,0.07084783402282396
22,d3f595832d80988c2016aeafd125d8f072r4h,0,0.004033988361229615
22,db85fb5556f17b744938cdcc2e7ce9b5urspd,1,0.09726154748801595
22,65996114740a63c9e0fde74bfb6725b1k9nuz,0,0.0009091697494587065
22,60edf674563f85b227898f6af0386476efy45,0,0.0019400530332050752
22,f8f87e237833c3279a953b785653b0e5qka8u,0,0.019050138372557746
22,142a2545c5c01937b05ac6de9773f9efgx0eb,0,0.031125432256267335
22,8a958e0092f6ca984107ea6c3975f806c59m2,0,0.001636617201876108
22,7c0add0ef85bb5194e95ceaea737f90fyv13c,0,0.0017264383749631958
22,c0b7161a67a0aae21788103c08eba7e9z8e8k,0,0.00259686949712741
22,12df4a9cf4eb203909e6763960b79238cb0yg,0,0.007967819331112232
22,67fd1325fbe3cd75a110cc80b9df9708l0w52,0,0.05030119157273004
22,0496c24a6a7f593f28bf7896350e946advl6i,0,0.0024125643403679863
22,a3d0a600cdb44f03d58f27b19247cd0d4az4k,0,0.001699454094479132
22,87c5fcd8d9582701469f94bff3cc415dvq4ia,0,0.0014001764558104917
22,bd85d0d7fbbfab49136c241bdbe119dbgkuna,0,0.0010798116965112668
22,3c37de5e4321388ba706233d5ca4a0bfp7w67,0,0.014583723994497798
22,b7515e5f181a6d4884674897226cfe9cpd6d6,0,0.0010899660183633078
22,c435ac9dcda855341e667d440c2ef7c6nd3mg,0,0.06176940630042833
22,e587d92842526255c86d3b0d425747ecib83l,0,0.15724016479679015
22,aaa8650a6e0997e90e4b6a9fc2ddf555m5c1g,0,0.01503595266034146
22,053cefb7e952bd81d7a6db267a121747te7lo,0,0.11358819791798143
22,4e22432d4a059b14d1d6a68a1feaa953k8vrb,0,0.0010862189804054514
22,71c2561141c55414618d67d1a8aebac1n0fjx,0,0.04336153563369625
22,0d9f78a6084bf15f42210bfeba95621255c89,0,0.0009891608030662593
22,92f8392be617527734a2f18482815af9ak8l3,0,0.04199898075363358
22,12c1b22ede3c23949bf130cc7bac6316ks7fj,0,0.0037060651017575556
22,32dd072b16a69411ba3f67992ecc3e2144j5g,0,0.6183407144745207
22,e4433ef42008dcff761f12b9ade6fd31krdwv,0,0.0028560961186262284
22,c34e1a988fb471e9eb8a5e84bb8ddf90k4hng,0,0.00855971059288172
22,8a3f5e16e4e689897d872716efeeaa0904tyl,0,0.001131455979242606
22,a961ba95d1685705953ace49a29424e2ld1ek,0,0.0014554065678255444
22,e76154d73bb7d7b86d9bd48d167d3c679z0va,0,0.3551507772629809
22,ac2d643e0c0d3bfe8e54e5a961c6cfdb5xn9v,0,0.0014629837063083449
22,afb7618f9e3fd071d4ebedf396e1d45drta96,0,0.0007153083563187135
22,a945c65b19da56d0c7358d8858fe14e8ulfel,0,0.0194618480267451
22,f8e90361c36eb3f6fbd485748e731fb7w2ci4,0,0.0028744524387120485
22,88ebdac47cc2623888e0bcdfb35b692ejrbvv,0,0.00940042785749784
22,1a05035da8ea9dead1030ccc993b5284n1on8,0,0.02473371489101961
22,308a5541e1206e126ef80f18cc29b7017520l,0,0.11597305241828394
22,c8a99985c7bf230f475a8e9be6a17d7a08r3x,0,0.0012987682906003952
22,722d1147768bdb5918584997e1f677e55g0nv,0,0.002459586470662856
22,7da6a36817cf2d8c3be218a32ab25550c8kg7,0,0.004052945661009142
22,14e29ea004067aace14ee4543876a06365os8,0,0.009390575190290091
22,2cbc26f228e0556f268e0dc1bd9ac0a5lzdfh,0,0.039312498216758154
22,8cab09b069755eca2b4e7fd6f6981d7d8n88o,0,0.0010504296098457168
22,3ecced86078287dbd2eac2cfac98367fbbelu,0,0.06296668436179519
22,f430aac3f0f7f88a9b504bbb71322d54mct7s,0,0.05473406416837129
22,1c61726e316d5a16aaa80b429080c534u43s0,0,0.0013411850192686142
22,0a9c5e1f261c937c09817ea2d5e949f34v8oe,0,0.008966616163598175
22,a262e805f766306f4adb38211abf235akxqh8,0,0.00863429919657575
22,97f541ffdcbd1ee34610e3099c5df42acfvcd,0,0.07204088428384675
22,2d2839fa92d1c8e94bdeb1fbb9e62149x6xc5,1,0.9912623134172596
22,1f2d607e5cc04e790e3961a6432d7c15hn4qb,0,0.004519223754700623
22,29db827ba14938954c90cefe40d26fe1130kd,0,0.0037154637690462898
22,83c9359ad94eab7f4b8fd582a6db4733frmsr,0,0.005944734554267631
22,9372e27ce85a8c8b9460b87c37cf55ecqjjkd,0,0.033601486223051626
22,6d501ebf066c0331853f1bee9754e781obu7z,0,0.01796951538574294
22,e704e6fedbe6caa9b434509d085f4c97nq6k1,0,0.000789974876071272
22,a8a81bb8a3a35572bd1f9922f5a31217pw41k,0,0.01579575532901685
22,ee2caa714a2175abb13eb6ef15196368cwc7c,0,0.0036436380919730735
22,e134f2bb79d1a810aada6a24760c8910mh5na,0,0.011246858571413667
22,d9576f0ba8c7479eb2b26f0d15c4abfayk5ex,0,0.0035723761883250963
22,874402ea8b408a017756404006b12708d9s6u,0,0.0004476214078900583
22,ec86220eb6ce57c91a02a7356b342599jrcut,0,0.0016362449432693806
22,721e69fd30e33488bf82b7e2f9c8cee28a9ea,0,0.0030956105137225644
22,715ee2811c764d5c58aa228ee801e518gqvli,0,0.014634888498887765
22,ae37c0f4dc6e3d99f5b0243fd18294cak7pxy,0,0.04219688113834371
22,aa20f72aba9804a4922195f66a876688rugsd,0,0.014256186851404479
22,ba319b8bb68ca6a12086f2410ca7fb3buxsei,1,0.07681011009589829
22,67ab503313f60aaba89f64e2ce3b459fvyahu,0,0.07084783402282396
22,2271fe5b01f9b8f9d8409014ae4511524grmq,0,0.6566289657365275
22,aa1c013a1de168c611560ca2afe78111g8i6s,0,0.02753614467421923
22,79794d93380946ef72e95f55b4abc008hsns6,0,0.00039339047822840867
22,f0e1c483773c2ef8466d152874872139e0wcu,0,0.0014142888443755201
22,faaa98763b59ed5f02836d4bd682035bfhujq,0,0.001892912848681372
22,20fcf71ad6fbd43f6f5fe493a6bc3ecfextqf,0,0.000775016646368663
22,862eef3a75e1351593b54975cd8ae1b3swcxw,0,0.02644607783091077
22,6b531ceeec5892121e04dcc6f89b10a70yqoq,0,0.018976853324594752
22,35a02f50226eeda275b29a09acef2177k95eb,0,0.0030296984507048965
22,cc064e3409a1825e3c4e5c814376f140qxu5l,0,0.0028354861883328384
22,16065749457a14b26998fefca503c3ecf9og8,0,0.003676509521001151
22,e241b80fc1b431397ba6c70f2fb8ccb72wbra,0,0.0033421703154594366
22,1bb7a8c04e70386f5496322158e9fc3ef6d84,0,0.008748242256528767
22,4d6fa52e125a18f433db6e6603b58ec7k1key,0,0.005453959856744997
22,19b39b852ed4abf1ba5b095829e25b946aed1,1,0.26907556693398405
22,6faffebbde541edfccdb2725e430870cbkvo0,0,0.043187506176409804
22,5114111892d49b59415284dcf19ceebconhvq,0,0.023341200620215222
22,a8a2547a9153038fbb9fc66d2425d9a7efr68,0,0.001451905087530147
22,db12e9cad5e847cd7a40ec1ee649e475iwzqo,0,0.0006222438849589907
22,bf190f2cffc1a77f0957f8cd1c98257dofy08,0,0.009004080554693728
22,7bb914fcdec49aa88c7310a3dda716aa9fb8t,0,0.0006279768937190927
22,6da536112251f09a006b0c5223f154d46en4j,0,0.001961960885051311
22,403d9c0288bab462bae858dc8aff2f94ti9ma,0,0.0014157146225766662
22,e12177ff9c1a8413996f7b1a590980c82ofeo,1,0.9067091054928049
22,cd8f738dfa2ea0554baa3dfc4465cdb8izun1,0,0.002601588423466502
22,332ef2c7189603a497fc89345ee4f5605i5xw,0,0.012697241952332867
22,d9d24106ae1ff4f5bc4ec3caf29d7bd2c2f5o,0,0.003997576395889932
22,9dd7e7ef94a7bc5bc9f98c42099910e7o76qh,0,0.0011892135982431724
22,e8291466de91b0eb4e1515143c7f74dexy2yr,0,0.8495019037570783
22,aa75d58c3e1207618d47c72ffb19c872bolg8,0,0.021474010764256268
22,167008af05d4feaa636a565f6f83ec61a6ogj,0,0.0014866909000470678
22,8b109c0aee5ed07fc996e73d28e65888o5jmc,0,0.0738780621433824
22,27ccc09ae923d1ca8ff7ab3242f279f7xuclq,0,0.004366955805515078
22,13c4c826516304555e291d3d91c108b3ytpmj,0,0.0010584090033328825
22,04c6b750b0552089c87ae03de72289cfcpfmh,0,0.0007989857552783143
22,25a4ee3a528004bcf4f4bf62b9208a7dx96pt,0,0.8223884560463113
22,6130cfe76ed3bd87c8f8dc6b2b2786dcp44xy,0,0.0015082296186436969
22,bc3d08ad6ac94b8b5ce40a29b59899cakj3p5,0,0.029522162449375323
22,2dc309478d30d440e75c932b1f13a8fai2p2e,0,0.004188970560107263
22,e59ca537cb8df3053bdd555bc987b4a7c7m4e,0,0.011067483069497563
22,af33d5277890ef0b5f55fbbf400441c9hdehk,0,0.0022192400808922564
22,429b876aa7e2d6741ddf322685363ccchue2v,0,0.0035883770013986544
22,679fe2a21415aa98a3cfb88abd0507edzjpsw,0,0.0738780621433824
22,00cc97158e6f4cb8eac3c0075918b7ffi5k8o,0,0.0015313979141599657
22,628156f3bce703aa6bd275089c6c692499h1q,0,0.26508279351268493
22,470727c18798cf0e0ecc2a0dca207cafuena7,0,0.014583723994497798
22,fff2c070d8200e0a09150bd81452ce29ngcnv,0,0.014583723994497798
22,d110111b8700f290b5d03a0e243fe375r3woe,0,0.0008937530944944874
22,7f3516b1bd7e5571ab964ba0affe9302brn6q,0,0.0012190760253439896
22,37ea72c53cc50112ced4f88810f1b38euoz4r,0,0.0011206424388377604
22,d588f4c51e67a340d1991a8130ee0b56hy0r0,0,0.0015149649552859553
22,cf06ff5f520b14d1f9f1cf5a7ff34982bj4md,0,0.0013095336997500217
22,a46046f129f3526547aca680877fd8c7e6tfc,0,0.00689054062764762
22,2c449b1bbbd5f8d9bcc1159b7bd3caa32jhtp,0,0.0013538466271038772
22,c780bc2dc7ab83d5e5c85dd13f0f7fdecfxjq,1,0.04620922507954187
22,583ce05b5add00d9e7e5dcefb3c436f26d7c2,0,0.0006222438849589907
22,43c76d050c9d2509d85c9dc2b1a1dba4zb3qt,0,0.014278731318438952
22,96dccfc370343f6871dc478d5b2fc3ffx95d3,0,0.008906428316998252
22,c615c31c87260c0d85727deff6da6667lgg33,0,0.0012737743646099849
22,44bfa21b7d497f097a594c8861d4f8d4w5e97,1,0.9041102779963571
22,bd7d5414174da6df4b018c21495e8a2cxiose,0,0.5032891507530218
22,1fcca45fdd3d1d3638821f41e032f170en3h7,0,0.0007231351635108436
22,0c55920fb607fef2d33324f33565758a6e4dj,0,0.001806648305746456
22,6275d51c0324547faa8a87b499812268tl90r,0,0.005913587083302828
22,f0ce8b973cb8d6eef9221fd3d6698fd4kl3g7,0,0.004048525930694818
22,99a3bacd3eb66c909a02b85402ac38dfskz65,0,0.0008422200656124099
22,ffaf0a972a6dcb3910fd6b16045781e2ava5y,0,0.0012206611853033055
22,d2f0217aa734f025ec008d24d13eca10ntuhf,0,0.014583723994497798
22,e4bee4e53a19aaf71e0ac0e3be752b2cz3k1j,0,0.0016386281940256508
22,4d2fc319ce6c2ad370052e0f6f2b0a1dxiyau,0,0.00530382518251884
22,4f7331589f84c6359bd693513bc9d7ddlitos,0,0.13676567925417052
22,33ba799fab5e4145b54fac4234bb6e13up0tu,0,0.008855951706341163
22,3f977186d125ef8bcbee0c1562c7ced2b4utq,0,0.0036848123876855646
22,77bc113594866d4902d6f867a456750c9vvmu,0,0.0007295902222756805
22,c83ee624c46235430ad4338278f6d270wfzre,0,0.018041804888999886
22,d8a10762de6d62c087a0a8f0e61cf78bbgke6,0,0.01740260056697672
22,ad590c59c30187b772258a059d532db42tf4d,0,0.04560812164170299
22,9a272c3baede0633bab0e15ff98d207e3ldpv,0,0.014728985573509002
22,c41cd6791e262b44d26bdb3443fcfba97wlm3,0,0.07776185709911881
22,77b342f0d8769898619a935e267eaad25rubb,0,0.003320324083306496
22,4de2f22ca840fce9ac653e4aa06d9b0cnhudf,0,0.001975322893433423
22,7ba17b1eb362ef91a99a6f021b3f2b63uyo76,0,0.035724026637284544
22,177b031b4a77f28ff167b427ca967b52jetgo,0,0.023341200620215222
22,f4189a40cc622eaef015a19d75d9fe21mylhz,0,0.0008422200656124099
22,e18ddfca4efb99a785c68ede9ef773ea8sfmz,0,0.014583723994497798
22,f29896e71c8077db28617a03c0f14e7570emg,0,0.001640035281107588
22,f2ea6d89dd9897f0d6edb6f24c446f01ra6yk,0,0.773827902867508
22,f1e57f96a91c185a7ea716c2481cabecpi3ia,0,0.00204004897662182
22,28763f241cf0483ca1dd3aa1bbcbfc37xntso,0,0.014583723994497798
22,7505bfc1ca67a5ae14e329b46a88ab869ms9g,1,0.4550705161101053
22,2d38a6af2ce96c1446f900aa4756b8975y9k3,0,0.0004230714276911298
22,69333c66e55cdd6cabcc6ae64531fc33w20n4,0,0.010982749018588332
22,0ad17aa9111f657d71cd3005599afc24fd44y,1,0.9639861314518069
22,4089a2b7f26e5c13a7f3350bd52ebf8fh21nm,0,0.11452597228941896
22,ddc6dc00f416ce10f23b57ebf758c2eeawzjw,0,0.00539097582104205
22,5f56908449455ee9670c7947614f7b4bxak3c,0,0.0019030646422609247
22,458c8c4e10e5c1b29e3fbe5ee56d46e8y3fb3,1,0.9611605041831158
22,d154075c75cbb3f4b716a16c88eedd774i8s0,0,0.00819887659988107
22,fdd6944b3c3caaa7d1234ecfc11f8d080h90x,0,0.003185209746966443
22,9f52fd88ba073512be19e3d24d4bb6f91l531,0,0.04172699309234821
22,5640f30464bb5a7bc6e98fd2873fc25dh78hp,0,0.13676567925417052
22,29e08b4d18198fe9265772fba3a4f6c4mj1rw,0,0.001340200205202861
22,e29ae1bd8e6e7dfc9cb43b1572d3d55ca0hc1,0,0.0009142769004517937
22,0589cf78c4bece729f0ac620557210e13no3n,0,0.0010409962415767907
22,7e34a26c4c339e875997f4b9239d2b5fscng4,0,0.15859689910966038
22,235f78b13fc87c995c1f309403ee56bb54tu5,0,0.004856507718839103
22,2b5c4051f232c4848dbbb477c5ad7f389f4b6,0,0.01796951538574294
22,18e751726fd7c407c41cb18c20da2c4er5z1r,0,0.002336499659982504
22,efa1611e96c3238913333b8525c6a196rvy38,0,0.001012232198650213
22,aaa686462ebb950550fc1c6136ffb273vkrc5,1,0.005024968197226914
22,9744d8ea513490911a671959c4a530d81fj5e,0,0.08054759659907734
22,2baa5a9ec317cb21a11d83f6dc72a2d6xy9jb,0,0.00414924949190213
22,369515b3af4f8ca582f90271d30b14b6r52aw,0,0.005487845618740783
23,91a3c57b13234af24875c56fb7e2b2f4rb56a,0,0.0012514527233028119
23,0a6ba32afe4756995db2f5cf2461cddbvj445,0,0.0019069804388152645
23,585e7c21b80baf2225224fe140cdb1a73ddrf,0,0.042180085693746136
23,d29003d7f3ec1f0e4ca9cc17e6389b4a4phcg,0,0.002191500029987207
23,067ff22ebf0d33fe0deedc816d75973865jo7,0,0.44913830767601576
23,322addd5687d99bf69306148e12f87dc5jbsh,0,0.005706503899405953
23,29cc13d48af9832e0eb481c8a095fec7mom74,0,0.0014433929605048653
23,342f22fed8b1e90c6ff1a6b7bd80f6334w094,0,0.003911297896732618
23,f60edfe5177cab56896a9d6860995095cl1bb,0,0.002034267245549262
23,927c5e145de79f9ee2ada0ddc054b4e9hc3qj,0,0.32026640201006057
23,6394edfbd35aab54801518835e33ed50hcr5f,0,0.07192093731285669
23,68600b8922561fe26b8b6acf1d11efdfb24k7,0,0.7125646060803412
23,dadbcec8b02ac75c5935f419b318ceca1wwjw,0,0.1279652715682017
23,c5babbaace35399cf51a9356bbc22733xpi5h,0,0.0035615528947811133
23,f769b9f92260ecf046efd05bf9ab6822j7c02,0,0.0016036647692112178
23,d9c6b6d7290e4475bcd6d264fb33a706fqtvc,0,0.30377034673993414
23,f5a67722732675f6285b70b9f008665fq01bk,0,0.009370237740353605
23,d0231e5200b870c055db7e3daae24bc8lt7at,0,0.0026611392646604653
23,48117c1e2b56cfc8739f83683e01d9b2aoc66,0,0.002915457960000318
23,3073231f45ca50ad6830d4dc7261f283iwjjm,0,0.0011393433079604385
23,3b233dc399f175100fb11ff9c66fa5b074z60,0,0.09927825073191718
23,ae94687eaad6b410713db9106c42566axgn9n,0,0.0022859374244892225
23,367edc726ba8e667973844395493559dtf2o3,0,0.03034311969123211
23,36b84c776aea2e008180dbc72393ed750zsbr,0,0.043075551380275044
23,3edae72a9d44c43524c0203ce38581d1790xh,0,0.043075551380275044
23,efc61ad6db17265a4bac85f77b154ef414tpp,1,0.003535562892253479
23,b27db6c048fa41b496dfd3423226bb0923yfv,0,0.00239375262044613
23,acf06eabed56f179cf32ab60b6b076820ajls,0,0.003439922735638664
23,99fc8ed25265e58bc94d9d95180badf4t2e3i,0,0.048917878625763224
23,3be127c56b2de21dfcf2836f20afe249hqkxy,0,0.16353937543725794
23,85155ae64ccbde01b48fbf4b3f1b739exmqyu,0,0.001723699033508973
23,74fc24cafc7c5936d0422b8da306365byjv2b,0,0.0018720423533616947
23,de9f5df5962dc171c7d82ab503c36dbfwicon,0,0.006203652531113993
23,1053ead33eb1a5db7c36c979a455348abh9ns,0,0.00232435192856808
23,4955e2c318d0bdca797ce17794ba18fblhaau,0,0.03674675400893666
23,1880a778c9dd0cb15ca1f052308a8e04g7e35,0,0.006400960284549613
23,72dd0e4788d25f62cc2ba942bb9499dc7quqj,0,0.00608459903691178
23,3a5420301c0dacbc5675f6f09aac0143tuodl,0,0.05020773109093504
23,e0413f338c43c9d55ba53612d2068f65t4gs6,0,0.014220800457145357
23,d6ebcf2149c311d221b233b268870b3d5gfe2,0,0.0014988075511921304
23,dd055846eb553ab8e953b084f2048d53bdqec,0,0.8459432088622546
23,b5310019f2bbbd975c64dc11189191022k8tj,0,0.001486909867793744
23,e3ea1d5464543a1ef3a9b60394fc4ab6i1jk3,0,0.004963135386860376
23,7339b024b285f99084bcca768cce5c7e0h2op,0,0.10339857893824798
23,82bec02fec2f08899489d7a5c35a30a0lbszo,0,0.0013961177980978468
23,245b584befa6a5b8c759491f5f3db580p2m5v,0,0.009526147842663287
23,481db1a88023d22b3533044bff5239dbf3cda,0,0.008386831492605447
23,408f81a85f3b31f8cabedf6ccd381961pop72,0,0.007185434954176278
23,175a06fdcf622c9455d0a77990b9302dj23ke,0,0.2184099201754557
23,a9237defb0a6478098f242b27ebcef18qrotd,0,0.004939965695536027
23,aa8aeba2bdd0353a108b9b26f12ed59559mvz,0,0.0012247310578796513
23,a8561bec318a7d3a0082b35b086b4428wekph,0,0.12215945374025947
23,31a301c70e897bf36276031abdf07ab6cs6z0,0,0.06532371074006173
23,40e00fd204d0ce97110032bfc47f423d0bgrd,1,0.7850186691243479
23,bb790a228de797253bf6afa43ee52eba1s2dx,0,0.01941915306783457
23,7b93ccc9d5730b561ec5fa7f4bd48c04qudf1,0,0.3339476798054201
23,29544507566320f1125d8e9f9a0ab3f2jswhk,0,0.9282731756778794
23,1680f758aecded6e25096b3a6199b38en6n73,0,0.007357313213696025
23,f93a998dc10a4c98f65c6b86fdff651d5i4qh,0,0.10949435496665033
23,c9056fc0cade75299ed4438567a87d6ek44pt,0,0.0006686890361784901
23,bd0f0c497ef09b5c1bb18b330d932bffktn3i,0,0.16515216956786025
23,74f153bd134afc92866a6bc5cceb2088120y0,0,0.0063313140610613845
23,7f4e84da8ed11f4ea3a2d276f49949b7o31us,0,0.0017157535804890557
23,e1b1c514e1b87826fd045588f1f3881707cyy,0,0.0006457471792197588
23,ca391c857d7aa75a72e2d7c3133e0d6ay9pil,0,0.14591654277091545
23,f2bf8c94172c4d71076e151cb4e136007iiur,0,0.0013291411919408983
23,ca0c049b8c37c99ef93b6086e9947135onppq,0,0.002143616499097018
23,8f00a4c4d7f097bc1688f8d89431f6bfmodq2,0,0.03356849275628679
23,c4b598fcb343bdd2cf826fc7541500e40xtte,0,0.062237196026024455
23,295fbc4ef00fe0cea7947811e78bb8aez9ti2,0,0.043075551380275044
23,ae45f9b94d86f931c84c94f3975e3d7bkv2r0,0,0.01757852120069874
23,5d02346d70f11cd61d9fb955846ee9bdp5o6k,0,0.0011393433079604385
23,3fae46174ef1a7dce5e9893775f814c4so8s0,0,0.07368537990020672
23,6b9a3d480add21788772e118e6d51ed57e3w9,0,0.005177481657950657
23,30ef7862d69b3440ebf2726ee85a0b8397ta7,0,0.0011236056644592317
23,f8d0d52114da74d98800dc7553008705dth38,0,0.0331682956932547
23,39f9dad880d32ee607af7571ec24807bn1g2d,0,0.029758414793417932
23,f04748a1437347d837a65ce04ee7d94enqhub,0,0.014762210736699907
23,b46132a554a2a3b93efc5a9352036e6crl6sk,1,0.24707139169420442
23,18eb8d55c84019b9196c5ca7e072b287bv68e,0,0.0018902473099794187
23,a4c40fd7a4c1040283fb2b84611eaad240849,0,0.5735190710765629
23,4ab56df4b1befe3e2ce5cd98e8950ba2psqq2,0,0.2186550337977515
23,0353aa9e97bd46119c90b8892f99982esfem3,0,0.00614273820888179
23,f01d8d55568b1f54b6946a1b78a3983exkz5u,0,0.0025882748418816232
23,9211adb9cc770c78a70b55441acd146bfxnz2,0,0.003944715256263832
23,e69dc706f159ef6e26df0d88388bc5edlymly,0,0.0036612211002699383
23,55d0b2506cef6464d799879b65c6ba29hjcv3,0,0.639275009026606
23,7ce12bb499c156ba4513becaa42aa8c143v75,0,0.007869751894998413
23,b7efeea5ff94a281635ca2f0f7e8b3ca4zykk,0,0.007556864566383701
23,e5fd2ebbf5bac9ddc73ce524e1b33c3akti0q,0,0.004246511837314145
23,ff566c87f2babf3dcd67be286e1c6666cxzh1,0,0.002081845220198336
23,b1bc9ff2b98df742affda07c5977c7345dpm5,0,0.0008284878541836471
23,05c6b93bf8f083b2d0a03ffc0fc3524ba8fi5,0,0.015116326390251122
23,b6a7b5bba132a90e7c7cb350d2bfa52d7sion,0,0.9209546489095518
23,dd1675bf26316cd4630087fb47d0ff8fsug8e,0,0.0024945198818924637
23,20a2d48ac3400228e7a0296aaa596a0fvckdc,0,0.0018738187896754793
23,9be87a4f123366660d7f6d40ffa493a8ffpsj,0,0.00398935314682863
23,42cce5c657dc7d99911d950cb22fcb4fmzz5e,0,0.002814644503671607
23,8322695c21cb27accf0fe269438bd78fn3x44,0,0.03915493043076704
23,51d2e1b98b7a1e42b939637dc6e11381zu201,0,0.006691614589437537
23,061690ceb6004807b7906968bf382dfcbve7y,1,0.9114434320052675
23,61101089c1b34f409fc9b836a7f9cd163y22l,0,0.003729669662387108
23,37ebf34eaeb8a434976416c34ed5c6d8ywyoj,0,0.0011912820334928494
23,29b8af2fea3881ef61911612372dac41vczqv,0,0.1045477935304395
23,b1729d5905e896a8411f81bb65d66343ladls,0,0.0017446002947788851
23,8bf04b0a219c7834b25057c0220b4d0dhwdsg,0,0.0013325851035876
23,82194e7d8f9b84e71b789e763b5c3263r6d98,0,0.003735017761076703
23,06a58d4af0fe7ee15324b0e921e8de1260vef,0,0.0035069329232373905
23,012441119bcf83b23d4768bb72cea6d6carua,0,0.008457890273517182
23,40ef6a4a0c99b478fee1c93f4105b9d9mh9iv,0,0.05000258059763977
23,88bf2c0f5460e28deb5eca2ef8e5e809ol5ru,0,0.0015374976053099511
23,8cba56e5e7c2be942ea8472b73f0842fil1x0,0,0.017336463651902875
23,40efc98d259ee36a8c2a387ba49f39d0fa39h,0,0.7913332264717752
23,9aca61f505f40a3b4f7865c2d00e2418s0e1f,0,0.21096459100466264
23,d7340ee3c04e600c31fd2a34c760f7e7d26bn,0,0.0037549382064266763
23,1ac788675f70655e71a013892d701e901kj13,0,0.008504700911853093
23,d8ff621bc161b09d9192c445f4b3be7b8xow6,0,0.0031924316009393034
23,156f4a8763e602ef789f8048c6928676a1ily,0,0.15521802829455628
23,1b268ea4fe034638a92d683b94bcb330vee4w,0,0.0011393433079604385
23,8720f071e045d4cec9d707c583a3d64avjyyy,0,0.0205496488649289
23,69b32dd82f265a04826106d17e2bac9ao9fu8,0,0.0015593531156593001
23,0daf4f87eb695e2a84e4156154209e09k6ga5,0,0.048321154000368814
23,10f1460119f9e42bcccd0f68ef59cc830pwtq,0,0.0015261777956121969
23,9f7e3e648ea8e6815c6e7caf59412e843iqbz,0,0.00676438858638938
23,8ea020a1fdccfd726f74ed7e90dc3400zy9iy,0,0.0021044684610143894
23,99bfa04865566ca88573ebfd3c7fb1f2c64cr,0,0.0055493832920522285
23,7daf0e51b276c6ab5bd2ccf520dae106graj8,0,0.0010584653932430015
23,b071545f5ad73150880c42e780d951bdzvxn7,0,0.06609428675560541
23,676ad0665c9bf74329ddc1f70ea48c16stnux,0,0.002711685589598746
23,2eaf4eef52d5b17615d08bf77386fa42yotej,0,0.04679692695509197
23,80bf6ab93fbb8316efd5c0b42d4b46c83qrdn,0,0.07368537990020672
23,4d0d345f552877998f41ba3cd1ba299885vu5,0,0.0063313140610613845
23,055eb52087e0080b8ebca74be4f823f5c819l,0,0.10139884564811368
23,6713e820273f591bdff7d26a48ee30c5k4iii,0,0.023825137843255382
23,6393f55c093e04e6e608e1ee8be9c3e28omjd,0,0.006221804140539374
23,9d98d3f00a0c0bddf35470b0fb735fcdhiriy,0,0.8114157549118385
23,4882587d42b3d7d8d7bec4315203f10bl2fts,0,0.07192093731285669
23,cdf76f38b6f46a3bd396a99123d26909xq5c3,0,0.012844019885988114
23,9f101e80580cbff55a2307c028408a91nebzc,0,0.3918955833577059
23,a9062f1d7c589bb01ee0b330ee8791fc702il,0,0.44935163817278334
23,9af8e7dbdc3c620c8144d736242b3bd2fdbpx,0,0.002726114588274744
23,73d4cec0ad358d272d757e0fce8440d01fvw8,0,0.043075551380275044
23,4bddcd4957ff826dfd3b3efe6eb96be9aw5tz,0,0.042851709724135954
23,fba0c76970a464cfa9c043c906442f0eg53a2,0,0.03356849275628679
23,52d8066e28f168e5bee769559ead307e1go7e,1,0.38910613659946386
23,d8ada60e3b7204a104bba8c073136bb40772o,0,0.001660800918680037
23,48044b1b1f47f168864bc7c4a58a65ecmt187,0,0.0022318015013794205
23,4761b2fdb4ce610d1d8dd9ea50f478cf7et0f,0,0.0011393433079604385
23,02030ec48b7179a7fd9950fdf546e3feekkye,0,0.006450018780138009
23,84d75f71a61667cd327367453b4c0d2frury9,0,0.0006694022873816658
23,1dfa6e724441ca3c913b3d40967c17b2p9xr7,0,0.0023069361207479944
23,f27321571b5b6184e86acb6203c766f2bsfxg,0,0.01553201142034605
23,a4630d8b78c796441a1be187f6907b11c5eu0,0,0.0028331767954698824
23,0141844fc725a85e38e12cc02fcdbbe8ofqxv,0,0.002520377201376434
23,359444416c25e6e90ddb2e3d3d0bc23dufn9s,0,0.045357249003468304
23,3e85a43950c71b1988a814682abd4392yakvp,0,0.2712762801907534
23,f0567f6d45c0f83b9874681fe8dfe0ba6hjlf,0,0.03361042239056792
23,a1922a9ee4f9f5d03fe11816c2cc3eb9ivcbp,0,0.001460215327255356
23,b5a92183d20e5ca98da4065c874e0b9dezbhx,0,0.4948950836579266
23,0c5992f18244e24d2d7b4708a512378729eev,0,0.1978558627869315
23,dc9a7ebdb6fb8dd3267ac26dbe5a62b68e4vw,0,0.0063313140610613845
23,147164a9fe8a6bce381a224e9f13207cc1mdg,0,0.026018228735014137
23,c72012c8072e2441b3ba8173205cd298cde8a,1,0.19020620580978528
23,d95c969eb09086bbad373dd8ee80cacbuagvf,0,0.1126998296137613
23,d9ffd2f7f3cc1a546586701c2a6fbda24u9ye,0,0.3680678253874468
23,173991472d4ee18932f8514b9d4a9dba7rjqa,0,0.0046977360195158534
23,5b1bc916ca111874eda3bbe669957cb1d3mck,0,0.0013485903785469234
23,eea590b4da2709c294e8db490f5997eadyc1e,0,0.005284310440209369
23,f73eb6e2e7a872f97c715ccdcddac77am8bq5,0,0.0551572459369246
23,13dfda714fb516e1f9f7abb0c927bdc2zmw55,0,0.043075551380275044
23,2b044b4b7949b96e38084e59b5d1d328jib5o,0,0.12264895808055241
23,414af5edf09c473bde75644b76a68e7feesrw,0,0.026480691863463326
23,23af639c0bd57bfe9bcf3b16973d58b7666fe,0,0.009851185039596812
23,5830a96593aff3e951919578f7374f09pqyc0,1,0.9403598311716105
23,9db7471a12cc3b8fa3cba86bc00abde2t2wz5,0,0.002534032027363383
23,7622d7085237d6b73d08e9d70ed11fe3u8mwm,0,0.0009212750760075658
23,42f754cb72e01c08005598e1f9383341fn7xh,0,0.007309120211661229
23,bd29e36cbb063cbb96ece76680ffd9121dy90,0,0.0018465521074324627
23,1ef47d501d4b36498b51e184b1027981xu89r,0,0.0016186409209140123
23,8cc03b92898255ce4b096454645599ae5zoc0,0,0.0018308723390765027
23,f7e3635c9a532fb9a60d6eda6eb7c7de3uqs2,0,0.00465727285764878
23,2b5a7c969ae95b239583f09936560b85g574d,0,0.0012246196356170784
23,69e97e52dd6428671f46f2ab6567172d8mfar,0,0.06678043728410386
23,b34fe965c04012fd22123ed948257184pqvfg,1,0.9262503668355268
23,de3bbaaa3bbc1fd1f751d23a972916d80q8e6,0,0.05745602598118283
23,76d4a0147a60d871867f00adf45cb792w9c6n,0,0.01859357462804
23,60849c6d966f178808d94543173cb93dog4gt,0,0.0013422625325569505
23,a32cce991a2f597f6e5a02605119f99b1dyq1,0,0.0013076051617940015
23,bfc7a0819397d910db7c24eaba1ed4c68dwiq,0,0.001107270572562161
23,2635d404f4943f3dbee24aa16a2953c723iwd,0,0.0031664100147145414
23,6feec0741a319299c78c47040893399ebas6q,0,0.006710360933096124
23,d26cca81c93b52ae3564aa6cdf33f5d5mkliw,0,0.0021648290195116996
23,c9f94611f4c9afd3a3153da9654e7310jr201,0,0.007479615243447775
23,f12120e467869d3d5dbf7c7d0566a8e7bmmhk,0,0.0016980881803935683
23,497ef6187e03fd9d4387ac436461a40f982dq,0,0.0032409700837796067
23,4ac31aea605d17045ceedbce23eed239omved,0,0.15101529732520186
23,c963c2dcbeeb0b7051bd3a6a87483ce6i98xx,0,0.014808854631743307
23,d7b66d95bcfba06122dc6f7a3c605fd73239a,0,0.004716977908432957
23,c7c854748038ddf37b8a9c4f5a28073fsut8p,0,0.04430587026080202
23,5fc9437841f1dbbe63a3a933c48472fcohutg,0,0.0019166945456636103
23,361c6da33ccd1c0df152fd932e6fb2a69i4ux,0,0.002429865908210505
23,9685887173cc2e1e5ee3993832a4b153bfl9m,0,0.00453340347661962
23,716079d1913959ccae0307f760bcddddt6d4o,0,0.00047590145888113126
23,c62a6956e93ac3b56b1292f2c2d85b1fyekav,0,0.0063313140610613845
23,5aeb71cdc92fe5d1c4a4e127d7ca7783gzje9,0,0.005337046731452379
23,5a823474f9fdaa129dea9fa690d51b62rgm7q,0,0.009113830512073182
23,2b19566f190ff3b8a85884e03c64fb56ir8a8,0,0.046934241464354536
23,a71f9ab1d130394882cbdab3c886f1b0fm6hu,0,0.0007402266080972385
23,c478f94c1323552e85aec6e1013ecba586320,0,0.9103275777565084
23,30c3c92cc9408f55cfa895ff8a505930a3yy1,0,0.0018437630454174675
23,83aa7c2c8c018888d9ebc6daf63bddb6f2i0d,0,0.0010447340215163873
23,49eaad86d095aa5af75ce34e59e4b7f1mmf9q,0,0.003077771744938439
23,da2841ffcbeabaac373f00039c10f39fty6fa,0,0.13484638646495414
23,ed4802c318a7e04a5703ed115fe4f3a3kkugq,0,0.00965192677194615
23,6679d668a393f336ba9d1cb6a154e03aifmkr,0,0.002756084088005468
23,1df1dab2eb718c3da3f9a0aa90b93651sxqzo,0,0.0011236056644592317
23,1395ca662a02245233af951cc7ad8313vk6w0,0,0.00525753130612066
23,08353687608279ddd83e4d36fadd1cd8ritj3,0,0.00413061631501827
23,559bccfe60c7193963f09388fb681ea65k7dp,0,0.0027198654832665016
23,b9c59dcf41cd0a7ba779154872019cabmohkm,0,0.0014064511102750167
23,470a0e402bb9cb4d48c2a450d2043e87flc2m,0,0.0029451692936386877
23,c1d14f4355b7d3ef80f02628e5ef1d56u2510,0,0.043075551380275044
23,81c9c749b2c9f97215f3ddaf8b5a5fe1k757u,0,0.004000897400320796
23,6a97f70ba29a04e77eb3b137e157070dc2mqc,0,0.003338623168048904
23,2b13a870a46975494b749feea0c5c7ed170ll,0,0.022091534819686745
23,47183c1427a3cee97ff9bd167844e65d9dzi2,0,0.009547453177725795
23,5dda8ade6b5d4065f3119a381516c227yoz8y,0,0.060497960670673485
23,78c82f2e8764bc8001354128f9265efcqrthe,0,0.017420009100074886
23,7a3378ad9999b1fde0a4562a9b036f038cdal,0,0.0063313140610613845
23,4997f0d7074a1d9f8bedf5575b6a4372w7nro,0,0.006758370975872492
23,d43189c6eef7a763b2f8596228807dd89x9y9,0,0.0042262942603577425
23,a0d080012ab98513e39234e4545e93be17tt5,0,0.0019044853339067794
23,4199816cef8be846ca71ae752575744fimyto,0,0.9312799972619302
23,e268d06507859d78894a8f6e11995f48zls7t,1,0.9832284962754695
23,e7445f6107c8cd3783fa722c7dd29fe6rcd3a,0,0.0013385691001743152
23,29bd1e11a41eb2ff50af75d10f28041ejh9xx,0,0.0032095759412558186
23,ca68a41b3a4062f154dc1ae8456cd792d6kp1,0,0.031284580885519817
23,c5863a228287327c9980d12a632985da9vi29,0,0.07117678363824712
23,eea79e1bfc21ff1b9572213e540e1252s5iuy,0,0.0010937132581591762
23,898419c2d011d5a822e9ee07c387098ezpc12,0,0.0016186409209140123
23,59cad1329d42bda3d678bae082bee7edgvt7q,0,0.003180816312798721
23,08c39ef7252995e0749f7927249b8dcb1d3xh,0,0.06399061692115714
23,870932eabebfc108296437c303db6055kc3t4,0,0.001058057553813004
23,9196288f121946095e5c402fd326109827t0a,0,0.8396200013180519
23,2d73ed3974473a764859084d51334440k5q7s,0,0.015602532211538607
23,c0e3343070766b359c664f93ca65040b6bh2k,1,0.05595353662043503
23,06c281e31f83dcfd3fe70d2ee2d66bc7e6fw6,0,0.0005911502999170084
23,06ddad46112881df154e3bda0e90fe880r57n,1,0.9436845601630216
23,d428139761f7b7563d57bb1f87b55876388j9,0,0.001665001160937682
23,24d4554556deeebf61510cf3e001edecu8hgj,0,0.012294911634804496
23,84560dfb1400fe920a29ca2c728acf1e25eli,0,0.006829514795730284
23,781972f2af3af2abc492f9dbb0f6fceahnban,0,0.0031598942706732467
23,655a95d80489d145052254616787cb84fwqid,0,0.0005911502999170084
23,1dce9aaf9d6b9cba38f9c7489764fe30nlrq2,0,0.0015605744915267448
23,dbbf9d9b1d7fa110208f77a681008077plqng,0,0.0029756396102084384
23,438e53670ffa2990cdef656700bb49bf684fz,0,0.0012046627613651252
23,b86050461e88566061c796dbccb1f7e5at242,0,0.0028087548059824987
23,9197b6590c6dceabd88ec93157fcc31fgb8a4,0,0.006502767523259
23,fa64fdb8ad70e86efbfc31179e93e99egd27l,0,0.017916940862123885
23,57c4421263d37c2cd2573cd7245a7a80h0mjf,0,0.13297884427609155
23,486dc9de91d243625863313adc03aa6bv4s1e,0,0.03211267199959101
23,cd9a7b22d85c35845260cd61a4b65cb2meyel,0,0.004504875788089127
23,58c2b44923882a8252963e78886adaefh7hnm,0,0.08538205500094762
23,36473d4c641c4c09c20c80e2ab35a36dwzp5d,0,0.0012410059785661312
23,83e8aa6cb15daa745c75ba3c29a2f646zjw33,0,0.06499199952803847
23,233e09e861813cd087e8937f32a29bccs7b3l,0,0.0015966835510531966
23,461b089147eb78c582ca8a30fa7581a7mflo5,0,0.0016562054299430503
23,17c59325ec223c94dcb301a7451c39871vxq3,0,0.0023176597072820317
23,50dd191676497345cc95d8b9f7284a7371z5s,0,0.043075551380275044
23,f781d7cab96d95bcea507cdd43b24255pw0dv,0,0.28788760303528865
23,c349d767ddda78ed58a3c5769e780598ar3ei,0,0.03356849275628679
23,1680b6a12fdc8c64645c00ae8048f99c6uzoz,0,0.003419755918915451
23,a37b105534ddcabb169f6ae3ec928d85slw6z,0,0.004854334289938256
23,a027780df5d0312919d41edfd4947f27odx7t,0,0.07707612824814865
23,624ae2fe9394700eae7a35806e4bafaeq9cty,0,0.0026896754268887794
23,d5b75c812d172da1ecb3164a1cfb7527688gb,0,0.0040019364582453976
23,dc4efb7e05563288d1f2ac4ca65c6734017ql,0,0.11856916288086036
23,ff92ea4abd33ed38601287f0e1d6726dmgx1f,0,0.26721848344710986
23,46a28eaed47c29b4fd148a50cde44840u0bsn,1,0.2514653219801676
23,b17ce8bfbb565945ee9f289c2ddd8abbu1ndj,0,0.0026559533790905996
23,74487d5ffd5c34de4fecaf9dcb66f86b0wwa2,0,0.026226977584291322
23,2012c722a90bc47f1abbc8319d0cea51p7l5b,0,0.0035766048966284474
23,d5337c2d4b58426b30c8733313eb5247syn5p,0,0.0011610919483580344
23,2234754e09ba15519d0104c405326fc4igk0s,0,0.01824286239703036
23,96982cc1eefd6f526b512755151227c3h2w3l,0,0.010861960228671681
23,f23ebc71f2d8d820db2bf0576ee7e148cxvkp,0,0.05628199349026819
23,6d033ec559ea79a8ffb90d80e0b24e93j82av,0,0.0652232960085864
23,88641b0f22cf175876bfc4adc44c00f58b5rz,0,0.0012498826316682916
23,531d4a209ec0cf76c9337b42fb1c3d9c9tcuv,0,0.0027833506037832126
23,7eb7b2f6a914afba5c3d207dc28a93aed9pnc,0,0.02240532771273657
23,8bce581a91921adaa5fc20e627cd7b94l6cp6,0,0.0016352608749435735
23,d7e83a95a05308d4fae6428bb9073a7bg8aoa,0,0.0021876795764322987
23,0e5ec5baf2e15afdbf5212d8461e1ad9h3kr0,0,0.0019439842331698586
23,340d7ea497f16bdb912ec5c6ce467f71kk7hy,1,0.17814672907225929
23,e8b82b8640ecdd154eebe6b36ec63f0bdwhc4,0,0.004960539419381136
23,0b3d5f829d18ba30d967fceecb58821c3oeqa,0,0.054302373764774634
23,437c191e614776c1535305f602ea9033sdfmf,0,0.0013717893407001044
23,76ab7c99de4a3141bf617bf30bec9feep3zuy,0,0.0016400618116107677
23,5c5dbe70c2cb05d208c22d204146e1e9f3lvq,0,0.007637888609933621
23,cf1f2b6f29840e1ecbb31d18fb128c38bseas,0,0.9879904292725143
23,8df5d645ed4040b857c121a4459b7976n5u3b,0,0.18174828128948267
23,c5c8a28a166913512f5bffa6a49788c5b0uaa,0,0.0017224576778450025
23,8b4bcc98fa4666b22c7a17c9a4b93ebenlmlb,0,0.0011236056644592317
23,400e8b5b5447b4d11e06a8bb0754d8d6l6xoy,0,0.08979908400075247
23,ae29b39843141a73b39ada671ce6b6c0yxlb6,0,0.001073663242936289
23,a4475cf8808f8951dd5163ded3ee8032g9vxd,0,0.0063313140610613845
23,9655ccc7c0c193f1549475f02c54dce45kjw7,1,0.010957442554995363
23,936a335eab4643c3529968a4d9b0c380esi7q,0,0.00342242947046324
23,162886daa0054ff1ad422e0f18cddff3qofft,0,0.1526933215062078
23,4483201dee43b51f338c0efd3b13bb895tric,0,0.003800191830508953
23,8066d0a6ab30c52b3ddca5da19518b6188t23,0,0.0013391147977058525
23,683833b860c003e6c31c521c9cdb49a1kr6b4,0,0.15521802829455628
23,ecce760edfc6ec5cd5ddc7037c514dc3zod4i,0,0.0025823977894658544
23,4b9bf4cf1085e9d839e833e4b9d40f2a8ps14,0,0.006563653544852813
23,50859deae0e0a599efde1725cde3a8b8dw86a,0,0.001355699771185735
23,a6f994251abda6687ada2e9de52bddb5cisa7,0,0.0015907116968345608
23,0eeffc5039b27a4dc2e420eca75b1fa55rv5q,0,0.002616287440485268
23,f268f61e075419e5a001b86ee78557e2kmg14,0,0.004251537888710071
23,97db2350652f8d01237fc4c59a470eb81h9gs,0,0.0026635419037668046
23,8884b7af726ce7bd929482ea13de19d39lzuv,0,0.03356849275628679
23,9d33ed2efcfaddba0307d12142f3041ce731l,0,0.01919406392086168
23,95ff2833eef5999a4f3ba4a7684d2b26a6v9j,0,0.002153574348053301
23,75339aea3f29d7d9a8d67ed3fe1c89c3owsq5,0,0.003860528538030437
23,0ea26a4028ffc16d9a8631d43e1b92105auao,0,0.09010656406891863
23,e50426efab1e9d60b8f7258130f8791czrpvg,0,0.023436620141114944
23,b2968116361fd43589bde8eca72c5767o71qc,0,0.03178021826983271
23,eb27d8daded752fc0d1c828867b0f118cswwq,0,0.0016494570011472208
23,825226b69f2a5a8337ca611b38223989aumow,0,0.0022657352441239954
23,a8b8959fe64f490d32fc15a5d1144f87qj9ai,0,0.0014579097201828965
23,3714da7069a5205137cacf89ab3a136ffx2u2,1,0.18617274270257508
23,32d2ce86b00693f0c26314e3cce2438dvxbt3,0,0.16368409078518362
23,1982c4b164171180d480166feae881ecmxsgl,0,0.0014049128804791919
23,4cf9c56df4594860df56285e9293a7f7evfix,0,0.045590298715142856
23,460e932b11a1529d78246317757899ccfaxng,0,0.1695870482720421
23,c353286290001e0943ed9bb160145c42etrf8,0,0.03356849275628679
23,d9dfeadc7e0e844ffea3cfc706daae5dt2hhg,0,0.009143738174063946
23,210ae8381324c41f7b49e95f1b7aed80z55df,0,0.010584755533011062
23,55abcd1b00c6b5b54633fc7e98f0110bwoy3v,0,0.07514700695486053
23,ff3ae9450581aa3de5d2326f70e39d20w8fbl,0,0.00139258872097293
23,e56f611f1157381f4b689ab34b574e791qhcn,1,0.8941132707660132
23,76ed824b414b5e690ff82e7cd2f5be52256my,0,0.13193424919792315
23,b1863365ae232a316eb946ba56a29415m0gdz,1,0.7556319226165026
23,cca4426ec6d64f3e73294d4d5bc9719beud37,0,0.0013397479435979854
23,ec96b5b27dc870c8f59ef11b7371b06eenaox,0,0.001240308624176388
23,0f33df2513a519a35c8b3dcf1d7c7416jjjzk,0,0.06184927207685638
23,39b501f37dde9b055d627394964d3260qiktx,0,0.023432980569683355
23,dbdb69d0032b0a251469107dd565b6c7irr4a,0,0.0017272095904384674
23,3ef2325f8b68e1c030547a2a54ea6b98zwa2w,0,0.043075551380275044
23,6c8ffec692e88d81e1b18d47818abb04v6llr,0,0.0011907136191749814
23,13812c0d2c8c474bd62481d932407687o26kg,0,0.024790198259878812
23,5c32e357936f8977277d9b23d8f09f34v41wt,0,0.0009357351654207331
23,a116e727a3dc0b69f5e7ae14d0ab40d44breq,0,0.001816912961127501
23,437ac1b8d08c3b328924aad097a3dcdey2m1k,0,0.06338100499008532
23,56b55e6ab49a4cbe7c76a2bbca804089pjq0g,0,0.022986213387459056
23,8d500e174fc28d494482f8ccb9438608zd51s,0,0.08979908400075247
23,81207d4ecf830fee924989f4fe1eaa7fntkmw,0,0.003679417216886228
23,6b28baf315d41017844e15d645bb2c05ybt3b,0,0.052605202544081874
23,acaec0b9f72bf4ab4318f3244344589b3700a,0,0.0018567090121121548
23,37bb1697e1c3922a06c2d2ea4138a4c8s6wgk,1,0.8158001389685792
23,19033960ac23dffe078a1217788bc720jvjbz,0,0.0018472377034621688
23,949689cced5d86578e6c8b664ea76d6aq6zxg,0,0.06831997364123626
23,916d2d806b772c9f227a9b3640e31469ljrxo,0,0.22346596322110696
23,90bb553b65144cafddc3f3d4a7783667a06ga,0,0.0008136723897536776
23,17e4d6d9a1f8ec00cec1d4fe79b059bd51476,0,0.04631227425558344
23,71396d66a14f4ce0c96436456462863abwefv,0,0.06962313636135686
23,4641b5a43c7a2496ef93af2ca590d2c94s20x,0,0.0011868189121988521
23,cad151bdf2e29b764dfd3acac022e5dcy8n83,0,0.0023243829796988987
23,f6a7e7b14d39804c7d15627e2fa384a1cq892,0,0.06399061692115714
23,83dbbc6c5c7ed95048ffa9427d807692339oi,0,0.41490996237161454
23,fc16993f1fdbd5fa8f8ddd72b40442f0qwyo1,0,0.043075551380275044
23,e588d3f7a141147e4f8dba29377144707vupo,0,0.002407509116972566
23,25022fb30734c2e5044e031b0e9a4a9ct3354,0,0.013940315552421229
23,fdf0eb91ae1ecea1f6902676f47c32c454yzr,0,0.011249006578546217
23,5f529b5ee68b60482c5d0c56ee91f3c2cjrmx,1,0.9641806242698566
23,20d31f20169e8612fe13818891f88a83r66gm,0,0.03356849275628679
23,e60b306c01cf0c0be5c7d54facf927044g5d2,0,0.1045477935304395
23,f4d69870de1e803fe00f8126e73a7e33zwcds,0,0.07103529029664916
23,ccf30c9533a66f22f1c65910ae1bac1a1fs05,0,0.13199150437318605
23,417adcdcd7157e75c66469c07208af00qjnuo,0,0.03721624018335471
23,920540ac4168ed08a1e297395a68d718gsqdn,0,0.13610914144119265
23,354d4abc23881a40b8f119225e0dbd09tk1u3,0,0.0019059559029432375
23,e49dfe2adbc4b3789f67bc044c231473clc4d,0,0.00371995521409642
23,7bb58b7875a093cbe7c5d487a825b730mjcw8,1,0.9899957602284066
23,d927c987f8a4ba2dc4f38dadc0831100tt94p,0,0.002473810562951177
23,771f6754997a1954eced81d46348b4762k475,0,0.6326578325756932
23,f895a8d9d7974b3ee7f1f04a25a950e9v63ps,0,0.0024160629661057705
23,b1c9bacacf1f33a8fe48d1a4ae4c761bcltiv,0,0.02012281176212009
23,f7b25abd850df9b0e0b305c6810e1ec3qbtaf,0,0.0026551403957054995
23,cdf1fdd424a11dde166c4bf069d6998eph7b1,0,0.2639032893983529
23,43bd7fe0ed7629fa774a461127a629f19je0a,0,0.0014026078882743791
23,7d063aa96e7a065ed5ff9deb7c851bddhrxdj,0,0.006628042204100606
23,8f6605a649ae41fe950a6bf579452464d9lmc,0,0.04145002159218353
23,ba6811273d4f63d9a31937b71b0a22dforovn,0,0.7319957505841531
23,b08034d2d4fa400b457d4a59a2482e8enfhqw,0,0.003436920186205397
23,3e602dff2e3bbe7a52236df2294c9e059fc2l,0,0.001639243317911156
23,11d5f6925da5809e2d447788b85d6253jj8fu,0,0.27129457310463595
23,f0c034c46dfb78d2e9e67fd4fa1688fa6mv8k,0,0.002443936870992124
23,3d575194dae5a2e2966abdf84d800a3bgbsd8,0,0.0017822512588137
23,53e2d855e008a5c2f79b4b848d467b86nofo3,0,0.14153217286535197
23,f6485cac867e1e7d2d991838551b4c4bfnarv,0,0.022107044347283153
23,d2b8a15ae403dabc5aa752b205181dbe1lm57,0,0.0017991563483155835
23,65d8228c6c1e5b6042f397afed8a5c7cbo6x3,0,0.6175710098218193
24,4bee9aba2abda51bf43d639013d6efe12iycd,0,0.057428903154924126
24,7eaefc97fbf6af12e930528151f86eb91bafh,0,0.08449713748734614
24,fa64831ab5ade55daee13f852c16b0a84ujt0,0,0.02571155308301284
24,5354c02817e47f28e60e44a40ca5e48dll4sz,1,0.27241987330261974
24,2c581ec91825362ab66a7ffa05df5e70hl3h3,0,0.08835329876145051
24,0d0b3d6dc27d0f8eed70971f8c6bec1bdrs0f,0,0.015682149787260163
24,a22fdc066a738070c6e4860924d06657hengu,0,0.7594163715934753
24,1476226300a93d22b15253ed7339429a7ijk0,0,0.05588250148459941
24,975dd5178d34453c1c3c8edc47cf44274uv5s,0,0.2309043482324059
24,a1f4d216a1a92507d97166151d7c9fe37bei4,0,0.003108279955547688
24,9434778d2268f1fa2a8ede48c0cd05c097zey,1,0.1776999506153923
24,e98d8f348b266653b6784329782fd2e91vu3h,0,0.004313024654944937
24,792edafa0603516a57932e6103e9dd54ajar7,0,0.013621471985318974
24,85be8fd21f41bc3dee86597d272825726bp69,0,0.0035872253059501757
24,1cbd9081de4481ada66f1853737f7684ddjd1,1,0.9823149777273206
24,09d71d3e6a6871a7598dc2764c5bb4ffkz6mc,0,0.002399368992399708
24,8e1f8e5907b3cc256a2a57ae9ac81e063gbz4,0,0.0020005727523187047
24,bd2cf3a868d168425cf1bde7c49d40b9jq0xu,0,0.015726229656122682
24,da6e2a5651b4f44fa3cff41cf9731ff8qc8fl,0,0.031017084145983517
24,9ded76c5244a2116a3b5432fa265a800j0bvt,0,0.006724626743753049
24,03244a553a252dcc3a3037f0371c8d33fmpd1,0,0.0031719190006059194
24,d27221cf2bfaf0fa7a60ffd3e1e3a53efagvp,0,0.6373434805963181
24,12d6239a92972a35bc990225b3ab33466znm8,0,0.003991031394228749
24,226017dcd6506ce20886540ff734210d8hib1,0,0.009264167898488416
24,d5f997729fd5a0aa13307e027804de515jziv,0,0.07379294818015672
24,8c2bdb9dd878a811701838002627a056be0ce,0,0.446511491209159
24,a9229b83f54a5f44a69e65b9b3aa7aa26qcon,0,0.0051845754891782095
24,961ab8cb7952191816db53f8a11a35fe1zecm,0,0.009113369176804255
24,74ecf5f9adfa4dcca4dcf020209db81arynmk,0,0.006544149925095909
24,3d9910a238a0f282ad3132dd6fc981c8tv3tg,1,0.4761744192781574
24,19353c42feb91a216885fe012efdfb11s2iu8,0,0.004243402696168146
24,fdd836950d203286832a21b930b9f6b58ch7s,0,0.052843272700137625
24,2c72df02de4b36acf72ba549630808612ol08,0,0.006199707295891265
24,db83d746ba8e0c388805fa3fcb235743vfqmw,0,0.14339778739226902
24,8e2a43abb8fcd8ef9801c69fc04bfcb5kyc41,0,0.027685565777830566
24,2c31770e98fc9fc7e0f1fee6207b5600c0e10,0,0.5091917801640605
24,2515c5fd81638d5d0bca39a2b2be3995tante,0,0.2073871187962033
24,7f807b2eb6c391d55e67bcdf7e1cbb3fhylw0,0,0.021880308899088992
24,5948bcd0f773286ff7d5cde332c7ae6918jt6,0,0.14435470128580344
24,b8e47f06aef714b37073e72ac40a8100mew9c,0,0.0019911910976138296
24,c76f30b8330b6d14fb872b30fcfd9d57phbsf,0,0.016168309610030386
24,2736ee274114e9440463bde9fbffacaa5xky5,0,0.01723224422624587
24,d6d68e218a6cafa246ed31185b09e1e1fsu8x,0,0.0052156533230676184
24,666e1e141862a646afaa2b71fc7d2c25r1b4h,0,0.003695927903446951
24,124727083cd4159b40ff8d4b36a89340l6fga,0,0.05269623138017519
24,929b75b44585b34d2b917ec181ecbcf298fr8,0,0.03844247886149276
24,01a39439e7afbdcfe385eedbddb23d76zgdrg,0,0.008174526962416342
24,c600968815fc32b20e0519ecfce5b648en2wo,1,0.9846934634154003
24,ac494ae5acf003f84ba46f5741618a8dn19qi,0,0.005791020056252567
24,b64c209b3d1d91a663d134961af89125u0s9a,0,0.002876466177899412
24,e18e3d0fbfba81cedcae619dfa977875p10ta,0,0.00488355346316891
24,5e611461283a5c3e49b5bfbf9c33b7391ce3h,0,0.003066023235836376
24,518e9fb1055de6532ed2df6d03fb78feus5s0,0,0.027921151857439513
24,e7a98dc8545eb429007cb48799a40a2dc9p6o,0,0.34762407709679044
24,a2d0b7ec1595325cc63777f106e09fcd88y5g,0,0.03354544984800477
24,e8e4603ed284adbd252a7a601f9bffe09oq6f,0,0.007574387070173971
24,246c55639cf85c682d58cbd2ed6a6563vk2yn,0,0.030000735921623
24,01349288df20199905e719f0ff7ee771nwryj,0,0.02697110048089727
24,f75cc5ec8acf1ad2349e00ffc4b3191a531f3,0,0.0020007727598996437
24,585b938fd44968d0d59fcac453cfb3b8p8nti,0,0.3393937817086446
24,3a8124eb9fd3977e43f5e0762d9a09d536rob,0,0.003991031394228749
24,33a7a0121e28cca4e42494dd0f5aa03fdhlm1,0,0.0011486331701014677
24,a74e3962ca26514976056bae3c46d579emz6y,0,0.013434737302201632
24,a539fbaf8b29613ff0e4f3e5831aa7a5p2cva,0,0.01682689382555312
24,7607c4efa792a69e2a8949ccafcbef103squn,0,0.002815842804682297
24,340bc29eeeb9b9d04eb1fb72a1a9a2444brgk,0,0.007337224575386383
24,01eb9dcbd0b3e79d94020d13d83a993ec9d2a,0,0.004394324216333859
24,74866aaa89db79f25dc0fae8be067b83xlbm6,0,0.0023477047847223573
24,6a5457f1038c6e1cf9feb57529ce07b2sff4d,0,0.009587907556337687
24,3733f7ea492eef1f69f98593d2122c50xwcha,0,0.008786777010774469
24,c755d2832026bc2a6f5d2d6df5740f06mr3nj,0,0.01575249889232046
24,22401c4dc0cb1e5d52da01ebb8b2839cdoauo,0,0.004506691955830524
24,282fe85277f7c07b0ffbc5fed621a02ezp1zr,0,0.0655433819749846
24,e5f43783127506211df8c6290c2ecadbyr779,0,0.3156416658691781
24,dc752fa41d974bf688d25ea9d18e9a2eit904,0,0.0053775966048620885
24,640f41f27c03aca0c45775eb918b666cnjsqv,0,0.09673504690838218
24,eb2c4b4493f31788ead745533e0c9a18xzzlk,0,0.004350540754618242
24,3c0026d48f3d6e10cef6cdb1f708793ccwkhr,0,0.0035756014250465625
24,7fab82fa5eaea6a44eb743bc4bf356b3tarle,1,0.01682689382555312
24,dcd54d7afa6820e3f00e1c9e83aecc7b4f3lw,0,0.15657156358252997
24,e0b6466f9f720e9d9a00d7c12b2e2c6d8xwxz,0,0.002781875353806802
24,3106ad6371a3b740e2af90635a4ad966zeu1u,0,0.002431329721053764
24,b42ef139c2dfbff8356e8886d2b109e06riso,0,0.002864521791163591
24,b232fdca7cb98028e8945005f619fb28p8788,0,0.0023886302961388683
24,db80f065a93cc6b41d12af614bc3ec11kpwjp,0,0.060334802933872896
24,11b1859aaf7fa93818baa76007cf7207d8uwy,0,0.0014441036320460732
24,bd8bd6cae40abb19b81b6b6a7775f63e5tk1s,0,0.0177031241276788
24,db5e9f85e7d180f7d952f12e5dae5900q9xif,0,0.002486231037557878
24,e24542c1bd46a4a0f98b0fa95d8fc40brecdx,1,0.19792993957608904
24,35b111da8e919bb34e80511be9cbd128pjjdm,0,0.013621471985318974
24,3d7cff3dedd8a8e02dbc551c6a61da3bibbvh,1,0.49100272188375904
24,8fe6da2176541d0ce24574dbb60f9107oq1kn,0,0.015461894523267891
24,37921a9d842612b3b0281f7098d0002539xrj,0,0.0033256793408364153
24,10b431aa15b56084d32fe1ef123c4305wo1nl,0,0.005519531203644351
24,573cf43253a18821e50dfae941ac287ceymgo,0,0.017272500200388497
24,fb6814db96bbaf61f42270a85f0f62adunxft,0,0.0022007544737982104
24,4c2699de8bc9516b09c5e5c8bae6d6c6xiry9,0,0.0009361879484804049
24,1c66f261724506bee45dd18a4d221bfeh1687,0,0.029126591944156427
24,67d245e38ee756947ed395fa099807fchxv99,0,0.0026154584535671463
24,eacfdb47b3daccebd9f16779c5542fe5eytoc,0,0.0038052484862112837
24,392d936106b75256632c9dc83c4f1a169bke9,0,0.0029985872720373853
24,65d3cc1725c4506fe02be3e2b24435bbbd6qf,0,0.060334802933872896
24,6533b670e02ccf583288ba7c8f5fb1carmirt,1,0.9898741263768692
24,7f603f668968facebb0567015ad4c201kikrh,0,0.003492040550283349
24,ec0c9e98cdf302274974ad212477f851iw35b,0,0.016956588814036527
24,96caf14832aa8be04d98aa481b320392kb2gc,0,0.012091561403674669
24,a3910fbd35b7a0c383c9805eafda616fra4xo,0,0.013621471985318974
24,d4a84bdffb9543626fdd42c879343ce26ds4l,0,0.003092442371613656
24,c1434e440370882ecf00ac52140f7adbuy1e9,0,0.0014152981243020465
24,be3bec53b42be118ef2a87fc40db7311k4as3,0,0.006952910972523776
24,cb9a75312b809291306c6213ed5dc67dw31qz,0,0.18054082231828297
24,01067975436d123f717ee5aba0dd4bbfa0937,0,0.02753439578087919
24,e4a9bdad09ebc5d5a264723855fcaaad6q52x,0,0.4607922277494474
24,dd7292cdbc81ebfb87945d9ab176d679gepf0,0,0.004677009921196748
24,222a0e05442fec0af2d20ebdcafe4b28c2pi4,0,0.003697888319515819
24,2797fe80977297483e724b8390161c937dh4g,0,0.022157289843736605
24,3d48fb12020c1a81a65fdba2d75caf0d6q2nc,0,0.021021999638951613
24,9c223f867c65938ce8623fc41bec08485xddt,0,0.0025007552578860527
24,c97dda0fd2de7d82d3a52eb6c0788062h3tq6,0,0.013621471985318974
24,44be920e88377290bb204795f05a20369jp06,0,0.001999287610248499
24,bba40511c6e56070602e8dde4229ff923zbuq,0,0.0018225161674800192
24,fb7c9b1dcc3b44dd69e42a84406117db4t4mn,0,0.0076585969028784145
24,6b85d622dec4fff284d55895eba9969dqlhu9,0,0.015586299330562185
24,7c965df16147f68263573764dd257a7bxqmpt,0,0.0013171182205548785
24,fe4906ac4c8e2db5ed5a71e8a9d10080u6g7o,0,0.03354544984800477
24,aa7e36069de119ee3ad7c4d8c925fa3ekrs4i,0,0.006814136659391087
24,0fa357965f89388d8e7eb8cbc3b85c6bnnro4,0,0.012335047575313205
24,b7e16fd4fd9ff04b7d741b70730b7b6b1aw84,0,0.1798890208661132
24,80130530788e55de6e9fd515271859d1kgfsd,0,0.031234697078942292
24,54e279a4e162af7fc55d640aa62d0cbc9hxil,0,0.041764661023003045
24,34cc283e180fcd4902ef8758714c6d83th4nf,0,0.023048237230413764
24,6f7043cde57060a6766b551df5fa6fd9p3ojp,0,0.003451125739411886
24,38125387ec30412c438280af8931254dmvfgb,0,0.0030944390496650226
24,ac94684646bc6f708dcf4566f41ec05es9v44,0,0.03914606038127604
24,84a773b3c9d300834d9d57af5dc83091y54cx,0,0.0029437173511431794
24,e2a61feee7f94b49d7de1ac6efb237c0fjt1z,0,0.005475524008799484
24,a6ec153fc7002cfd929b9f7199914cf75upgt,1,0.05612521150076047
24,557f06b312e040ed3cd7dd2a011cb83avyut1,0,0.37202827651293463
24,d2704c8bb6ebbf13e08f37131382b126wy4yc,1,0.22832337845148476
24,18b5e850a1c10e681cb5fae0704a699018x6f,0,0.015726229656122682
24,c8e474ba549fe924bff9d3f585a9943cg9aju,0,0.005235611638497969
24,1bb03cdb913f203f704caf8bf6840b6fbpigb,0,0.4568516849999315
24,fa6b4da229eb64b4d44e7d5ee2b027f1j1whx,0,0.060334802933872896
24,49c3957287d24e69713e4355933b74baoijix,0,0.00490284410858408
24,313bb0007cbdd82f326d58c96847294c9hz4k,0,0.0015238141885682197
24,59fe751fb6c277016b7ebe3609aa1b15vhg7w,0,0.002876466177899412
24,a4734769962126673e975a627e930b5fgc79n,0,0.004146693811301255
24,d1780c224460a0c20d5c2f5f68714c5264xd0,0,0.002876466177899412
24,39802378690e7d0c61d294f5898852b96hsfh,0,0.015726229656122682
24,f9ab998f3adb944a1cd1847a097fbc0bw61nf,0,0.0011967153400439428
24,361397432ed35185b5a2789867a859ec42v14,0,0.0018939064524078947
24,c41f5fb84d9f9e2456a5264c79919569vrhau,0,0.004842963239473327
24,18bc9dbbed75b55f35ec4be1351b7aa86an68,0,0.004642031349279548
24,0580f2e77b4c0dd3b5cda8a1641cb9fenmo0i,0,0.024325693392137093
24,b2a19e17e1b9e0bca8e4563efbff5fed7v9xe,0,0.0019052666681165745
24,14b2d98230228eab6a6db3efc41660d7kp23s,0,0.0036074952377166724
24,b79560ebfed7c8cbcfb97475812e0836twsnm,0,0.002151726921809213
24,cb6ea552ab5b90e2d0572148426ca275d1zzj,0,0.0034835064054105263
24,2d9579812895729581ce269ea17462197jxvy,1,0.8616130627085097
24,f19531503f1485a3014189a80971c6fb0d9fu,0,0.01262785068087255
24,e561791343f3564a6fc612a98b5f3df34rxok,0,0.01682689382555312
24,4922d20e07d04601e8724be5e9f9576blyccu,0,0.21723050842985298
24,631f923b7bcf91f61a2e9f96520bd8c8vtl14,0,0.8864215808839997
24,f3a249f6a5c2c88ddd8bccb1f8a85fe52xnkq,0,0.002135156391067682
24,d13cd9e0a7b95c0a35f3456014865230qku5q,0,0.0034469626057621132
24,98eed7cbee9b1a1b526a635648e7cd2fhbt5w,0,0.5513650011892276
24,3312b8e73417810a88be459d75fe9bc2xhd8v,0,0.0036512693592621413
24,a6d6f3f5034886fc00a1245b439de13a66ha4,0,0.13390659979426672
24,61337802cac534b7e7711793039782d6f1yy9,0,0.02586771946322899
24,7c08de9de285265b2c34970139331f9fnr9ad,0,0.07465086063579691
24,ccc371d7848a80bc31941248b9f49b95hn694,0,0.006177570915738822
24,d3ab33e9314c95d6806813171f292299tmprm,0,0.0029437173511431794
24,5c2b3f221cdf303df86ff1ffd7106fcco6pml,0,0.16407253869857438
24,339b8ca3185dcaffbc3ebdfd960020e8es0as,0,0.004657641773652032
24,cd35a3230456d4a245806e476c63e9a1evu7i,0,0.0429900532883594
24,c9e1e860e39bb7d4dbf3c91c5d6c36c2dv4tp,0,0.031017084145983517
24,85ac49e7f93bf0e20323de78362bb4aadnwia,0,0.016290627959455618
24,ee5afe7f268aaa88598545df890f4e5fzari6,0,0.0034646516210732905
24,1dec9ee102b29905e2f59a52fb7429826e8b4,0,0.03354544984800477
24,e6f73230e0fff1d9a6b1b8a6617002ea9owig,0,0.002605636480230048
24,ca5730b8dad8f35fba24b68c9ca5d445mp87i,0,0.005030099123644658
24,3105d663ef3dff7e483a46c56580a9f9kd7f8,0,0.027170502757392617
24,97ac4a68e5600c4b7a960d9580d4f251470mc,0,0.005987459999034434
24,0817731a4d2e319f6f771da3f522b8bfv6njs,0,0.9287381393782543
24,047558bebab9292a5d4c85d6ee768784j2hdd,0,0.02049456992708902
24,40829191b83242ef1f380f90876cdd74mrqe1,0,0.015587724631782355
24,70daecd44c89c37525aa2ca294378ead4dggh,0,0.7156065649724731
24,3ee7de4c5a5e31b7b407827ae1370f70suenu,0,0.0022438414352246817
24,4dbc8d336dbe0241c9bbb0f3630f25059yo43,0,0.053115464954887906
24,54379b25f1f35d9df78da9cd774cef74u5wt9,0,0.026267960987427355
24,a2bb8b3e3ae4566203eb5b3021b4d594pohf7,0,0.005535879270761815
24,63c48b70d37dee5fcfb26f94107ba3b94d90p,0,0.007503484386720425
24,a6414c637c6f1275e2c62c48fb238c5d5aw03,0,0.00613100481211076
24,6e848149cabc4434155aacb610fb20de6vq5b,1,0.40648160346421547
24,14d4e04d7ed150613974438a4dfd4e85dybq3,0,0.012995915812554382
24,eb8f9ca4a23586f5acc770fff966f654dy7g0,0,0.053115464954887906
24,613c7d60152ebf06e3a7dd326ba03261mnn8u,0,0.004126522822324959
24,fe19fadb955fee4c5fcd0e30e56e1542kx66p,0,0.011952471903246723
24,1a9765ed302d0f91b512c23112066e41s755q,0,0.015726229656122682
24,aee383561c0019dc01552bfa5263af8etbuc7,0,0.027523265314649898
24,9375e98d0810ce9119ccf45300249636zfpd9,0,0.004162487482146632
24,1c950af57581698616bd9923cc94fef25n5wh,0,0.0033256793408364153
24,08981037e7a6c9032716ff25b15c9de25p63s,0,0.9403392592659616
24,fe6adfbbb2fc1ec0c3edf6677204bcb245uf2,0,0.0019760281990946127
24,92ce3c44edd41ad3222481daac1ead35bouwj,0,0.003492040550283349
24,b729f60d26fde89a01f3fa89759d6b07t0ec4,0,0.006324316513468454
24,24108e769a15b155bd2d63c58368ae5946zhs,0,0.0033250079633968524
24,bcda2135a2456d611876679b61dac500vs7sx,0,0.004225884527763774
24,e2165ff862178c7b2946f7f62f5a3e51wcvaw,0,0.031017084145983517
24,cb557e4675bf4f36f93ef5599adff545nz370,0,0.007279306716001311
24,6a2c4aeaa17c2fcf20958803a674f101vlxw1,0,0.006887036125805646
24,ffacbed056cbfaa60c1fcf51f0d381bddr3ly,0,0.0026861092124928084
24,6ed39d7c89fa2d423017cc9811f0c469i2157,0,0.0019531123948989986
24,d92c8c2d4c29d4c785431a8b34ea135awepbr,0,0.0029157558116865456
24,e22850afda081aba360cc18e2a9021caqjjov,0,0.004368474908114925
24,3a32eb1c6dcc818e0df4953e978f2e89ljhnf,0,0.002420112726457805
24,17b41c48d6f53585c7bf3b65977eada0yxs8n,0,0.024095778659709154
24,44d34926c0863edb7575b819980e0e728pn5b,0,0.024423770828617544
24,171fbac128e6dcb51d0f07cf7ed8bd3er891e,0,0.92320302097087
24,f01e3769fdce36d31eae85525827ab17xeu31,0,0.0017279926291002032
24,fbacab353140582a4b8ae3412eefecbc753vs,0,0.030877911626449216
24,dcc5a79317a22bd0f6dca1f60fc866a8bei1d,0,0.5513650011892276
24,4d1542974bc322859d3d099b8c5193felot1k,0,0.5547248674475963
24,649b364bc466208e559858f0677b421dbnalw,0,0.000849333479397414
24,af14436f293c40a9904d9f06a323215bf7zdr,0,0.004177882324858539
24,f4294bb3abb69fa3183e7e851b58b278k83z3,0,0.03914606038127604
24,8cb96eaadc11cf4f914bad84518632e7czdyl,0,0.9120262951403997
24,e21b238213c361523d276d67f37c05e3qot5q,0,0.0029188651540611346
24,86e698821a8aada613bfca1356d8cb7dopnv8,0,0.0014229684406605898
24,384ba7c5a8ccf55d174080d9ad7de9b8mfysi,0,0.0976328924876317
24,96b7bb4238e7ebb439d81d63db4c2796aoofv,0,0.012264390673731466
24,cad9c97e99bd5753be98edd9ad8ec8c8c7r66,1,0.6656696719626907
24,d056594c1d7976b6ad4ba23e2b4cea19l2i0t,0,0.02245592958486854
24,1e13eba969b6b953688c9e945544ac4741ilj,0,0.0034491552123987945
24,86a34cdbb975c141eea1854b10dbf1c8seom3,0,0.01806276594889265
24,0825d381aa09d1d0c47c77c372f07acbe02ky,0,0.010351974225233826
24,461c1d143120270fff5ebc1b91934951378ud,0,0.02106025046241599
24,8f086b809805064f3c4a5dd48327c0f51yplz,1,0.02308548191540149
24,a447127835855849fa2ee496d05e0847fgt68,0,0.8318690266405748
24,adc548d88b9a307ce0b58a0d11d3ae14gcfon,0,0.07556450563033405
24,a96039c7cfb1d040ca978ec5e66ee2c0sb5ht,0,0.004264712407070444
24,2b4b36fd77eaeabbdad8fac68b17ece5ey04u,0,0.013434737302201632
24,b258a38ef4cc6ea241b5473ee9badd32ekhoy,0,0.030468266521698522
24,942af1514033a612b203ec58f7894c9fv899u,0,0.01682689382555312
24,5bd35d55d367d7a21d98bf6a19fc0dc1e5j9p,0,0.0021319653938764063
24,121578435bf4136746cd2a80f1990e07cv1px,0,0.024104754934675177
24,7d44df0d40982a6651a06cf533ef5dddtppag,0,0.19183259830651891
24,a46025d61131de18474aa6f167e04bf08w9x6,0,0.1843435152368368
24,1ccc69e376c95da9bd569a5d1a176874ivojs,0,0.00378882646313085
24,2e07d37dd022e72ab04da76f51edaa13qk5rv,0,0.002781875353806802
24,fb200accdd0411e96f1b0f6d6f6d4f52rgk01,0,0.0028665797293950636
24,bb73823b1c3f577402c9aa9eabd1e412vp2xw,0,0.6511097592028555
24,e932ef68638c37220f4c2c386cf54578x4hpn,0,0.0019895177114810352
24,2cc1c5bf18c858fd9c74901d8d80ab70ak8e0,1,0.7537947219407687
24,bdeb5eed17a812d2c47176e30b8553ae2k06g,0,0.04735500127480883
24,0d1815382b08885d76c671ab600133adeyp5e,0,0.5503900631925515
24,05c9fe8f8852ea069a93dfe39fc0571er9mdt,0,0.007731018589473505
24,7639039411fbcc6cf1013b247b2622a72g0r9,0,0.0037405577101434742
24,4f57e657df5ee5d9207178b4b6858ddak9ouq,0,0.010389924518483466
24,4dd7f98cfffffd6f4707fd0deb4a00b5rj9wv,0,0.8259945820444171
24,30788b28de22d28938ecd7ed6795a8b022qm7,0,0.031017084145983517
24,1ba9422d7a55aa5abc3ff37d1cafa9f2yds7i,0,0.07416287768324084
24,ba0ca6f98ed66bdd1c4e86db2ce4011fdk6ii,0,0.054940951315364125
24,9df0031595e4105e4530ceee1a08faf319vvb,0,0.0022282039939407463
24,70cc5da141baac4712163f5cd4bd4a50za0n9,0,0.024288373817108636
24,82ae4df0acf8237d7af1a790e3848645bp73e,0,0.005465676466658496
24,fa9cfea85e90bec313e512e9eeab2e869tvx8,0,0.7700296320052006
24,e10ae48cce1e198f7283064cc8a2f836iy0z6,0,0.0029795174858992337
24,ba194af5111cfcf1dd95eb36160c728ds4kcy,0,0.0024199014188438536
24,82f1ba4809f4812629e9e53ea4c687d7begx4,0,0.0555138828774265
24,c1d9c4c69367536d7b0ccac19527629f65025,0,0.015726229656122682
24,48badabcce6015d257ff5809761486c8qgjul,0,0.02593810615992966
24,f725c5b4cece8353da7a636fcba0ecb5yxshd,0,0.03424111118024456
24,c4709885ecca7b90dea4beb5dabd68aegk2pz,0,0.4319339346899395
24,7291b7fba1b597d66bb8efd45fd0d354q71ka,0,0.15288894674919493
24,6c021878ba6173a04d55bc1cf5544ac1f3t02,0,0.2655843931270727
24,cab7ecf98fd0489389a3a8d3961defb3k66og,0,0.0036930040140716377
24,459ea22b6b51936d0788de9f78a3547bf4jrw,0,0.004414417860169603
24,ee45b2475e453e69ce712388959fe4acspmvk,0,0.005508277833671617
24,e0a9e4ffe2acd28599dacb91c98c34bc66vo3,0,0.009365144182422491
24,7ec5c7e2317a9b68e861060531588f76fpldj,0,0.1267740187322355
24,cf18f6766fadce944ee74796489c23acmqhpe,0,0.00928623711523532
24,a679d00c30c269a8eca148458abb8665kciaf,0,0.013883267937732327
24,28a0d5539562290a1a2f63d5b7230db090ys3,0,0.00890907166102392
24,20f206d2656116bed8dd46d5b70dac81lbgfk,0,0.0037739115040884073
24,f219cbb3d454b32953619d5a4551f56dcg7gy,0,0.004052228001243515
24,d7eefaad31febe607c252199a7672420kl1el,1,0.8942033025633618
24,4c341a39553faef07ddb917ea4e069ed0yi3y,0,0.0010572602769781088
24,f5ab013f90cb8890d33c6a309798204155q15,0,0.0014831964217602606
24,aa3ac65055bb4b1660f4d8c1d2c187ecoqvn4,0,0.0023296602422684374
24,fb9b1e58ffba4b38175c11e03e51e1f48dnm1,0,0.001733917970643461
24,2993e59bbbd7d14bf4bc21e4d2a4f8eeb18d2,0,0.004847300538664415
24,eeda0d135495167db9425fc5fa3a5e3ex2zel,0,0.013621471985318974
24,c0e4be8d520c7bac2f51ad80a98876c2aan70,0,0.015726229656122682
24,67fbdc4209a1566288acba904a2b5a7ee588g,0,0.08262404536224849
24,d4b2fd8f5e8e02b660e9803cbcfa6cf2t5szq,0,0.009847409774208744
24,51cf4dc8898554aedd8572f97a95ef5cpi3ct,0,0.31124532786605474
24,1689122c3b25d9e7adc626de84c10006fr2n5,0,0.0012117677458823555
24,ca9e2287e98a718e20a8ed117dfcd699gxsp8,0,0.00839611419723485
24,14fe3602f049d4574cdbdef13789647dsgtqy,0,0.04114769599315447
24,5053e03863b6887308c8446cefeec429l94tg,0,0.5326600018822887
24,7ce3afe39ece9d672e9adcf3dcf2aa44a8r22,0,0.007669102696736476
24,4038ae3276c0b47f420a5d73687fb73bghgxf,0,0.013169536038833519
24,d4db72f36e6ad1668dbc0bf4f0e1c49bn12a2,0,0.024423770828617544
24,5e5d3410ca3605694b3c75b2274efd44c9vru,0,0.0017577368192638885
24,817f8074bad1c717afaa8d1696f9b2b00muzw,0,0.0022460384199962727
24,069d020584a0e8c61e622321d4c43881j7pl3,0,0.0017969449398122005
24,f428427d7227ddcda377cd00f07749576c6b3,0,0.013621471985318974
24,603d769a86a359a0d41118b47c0ab41fx7kz5,0,0.0036266442726779016
24,dfb23124fba16b7778f65c1c8d091f949jz0k,0,0.5513650011892276
24,ac9bf3a07831666bde4fefb75c184adekbrl0,0,0.006210388785690369
24,4985bdbf8710c33fd7c9d4771db7c690mcbyr,0,0.002781875353806802
24,0030a2dd87ad2733e0873062e4f83954mkj86,0,0.5513650011892276
24,fae553f133602fba6e9e6051dfb27fefkruax,1,0.7728338304190437
24,106f4ed8e9b727f8d94a1cd57e882a095pteo,0,0.0016700007245353966
24,eaad20ae39d343daf76adc0b1a4984faumuzj,0,0.04446010360702074
24,e8bc0150097c1b2b8b8c374b69e0d3a6mxfcm,0,0.0032935403304102362
24,4950352b0410495ef65a92b08b5be463c20yn,0,0.013434737302201632
24,e8581ec94cd4d5009ab6b36c6aca9f0cp3txb,0,0.029132412720475103
24,d42604c7cca8ec92839e92508f2a3e52ehz29,0,0.015093530468689765
24,f75a0f726d764514f612ee8cd8f65adegt02s,0,0.004678969194479663
24,3ce8aa0207022698b6d0eef09c89b381jzqi1,0,0.045400256798972374
24,fe27fe0815883aa3e1a312f0dcb45981txa2m,0,0.004674123344642569
24,8725b0aa1a32054450c16b099328fbcbi71gi,0,0.0028005937194121376
24,da950a556200395a82e23e3bbfe1abb6xs258,0,0.001963869750455669
24,7e8650379cbcb3ef8f7f6aefcd678067kzbdi,0,0.0389787808415826
24,317d3e44b2bcfdd7293b84f82f44b8e31hx1r,0,0.003084682338332341
24,af50d549e86276f034e52037722dd5aetouu2,0,0.002433442495367843
24,167b4f37a264b72feb0f559b650d1cbd3ox60,0,0.011129764352143162
24,8152c94b639be88e7076f0e32bd70e0eg004b,0,0.003916220649253054
24,9ca7afbb673865b01cd4b02846054fc1p3vjn,0,0.04723333340185583
24,c46e21e01a3f4987e00109d1d5f48acb1q72y,0,0.0038822798560758727
24,078e06b3288cf8f18ab7ed44b245fc56nbyfv,0,0.011294082803018794
24,e76057d8bcdbb3d2f935c30849a17e4d7ordt,0,0.011426714095922082
24,353d05bfefe1dd96d3335575ddadf310rgnrr,0,0.002053678912278002
24,c277151116ce38d8245f9f2308807af8t4nnj,1,0.0018784467924791606
24,65435e491aa69dd9d44d70a9aeb6e847oqlty,0,0.003073992461157147
24,e5bde35da4abebe4fdb37a3c65124a57ff4vo,0,0.011012721237454537
24,91b8febfd1f556c06838992814e7653cr119e,0,0.008339494881370523
24,7a0b445f462d05606bf6ea07e2ab96ec1a4kx,0,0.004240286836283739
24,762046a235e00ec6521ba71aaa1450c28ijkz,0,0.8079056141225591
24,535ed161b4c9960a71ccd53128df4766ddyq6,1,0.3915791204029428
24,53856dce9187b16f2cf5e4e58f5d0397h7tz6,0,0.013434737302201632
24,c843f90bae7231af13dd0e064a469704drz2x,0,0.003646773312649401
24,76c85d6bf559bc0323bbe1639d233e88nxy36,0,0.07068471742694574
24,3dbb502d9d6f89b26f62cc804df54dcandhp0,0,0.34295827035928383
24,17dbe14676cd3a3cb8a7edb438622f7fv2scv,0,0.01319355101448953
24,baf1aa59ebedbacea2ca418c5aa83888imys2,0,0.0016700007245353966
24,da00b16633eb706fb11d55868120cdd9so58j,0,0.1920078633692779
24,c910efe1f135b08acc32b2db162362033olvv,0,0.005055520735663246
24,04636b6c61c80f5325efe61183e8edb01ko20,0,0.008369347234531652
24,5a6376f140f05274d6e0dc888cbeb89eukxkd,0,0.3677268926194184
24,6e29de28296a57f039026ffc6df9145cxo2n0,0,0.4858083993786522
24,6a3b1ee159716b743ddb8e07e499fadbhqn74,0,0.002997991840686011
24,fa918060747386f431a511c862565e34y1pdw,0,0.0026420652786210436
24,b8da3e0dc73d1f453ecbe6ee4d4e8791pr8az,0,0.0015959065477685892
24,34e965deb822f329ecad42b94e8ba0ba3dpt0,0,0.036403027114453174
24,8fd35d215ab6530c2ef096c87233cbc93juwy,0,0.0052723361969262035
24,21fd0c468438a483ad1c60cfd1b84b850iyjv,0,0.005819892648031384
24,c1859303603734d90d1a91d80977e14echjim,0,0.619060664308128
24,79cdbe82ec79d0e60f1b113d9a5bc5b4ar8bk,0,0.0037309729103218664
24,e0fde4b9b7ec14e80de3c811ecae157f6kqd9,0,0.06325771602243284
24,b6a3aa8c0f2302fa35d7b809d9371deeypvyh,0,0.035132262638703976
24,3d7bd741177a712ae0417bc4f4a37bcf9jo2a,0,0.0780601498568661
24,042780ee9a3730703e35340c575c3cbb7zjwk,0,0.07570114899720826
24,f416aeaaafcbb66aabb77347776db008qw96o,0,0.1680302661582483
24,22e65b6bf73fab510ee814cbaeb9ebc1252mu,0,0.5478313644562844
24,4c46b1ea933d574a985776ed356312505nagr,0,0.010141440078227605
24,b28e6a39ef0cdda29c5e350e048c3a813idk1,0,0.015726229656122682
24,75613637a85df9328b743d33b0efbf1586qow,0,0.003561559367712922
24,ef65488c949595d7885525ccfab9100c6cmqb,0,0.24050670454022602
24,14c69cd7fbc8300876f287520c493fc8xe2o6,0,0.007981723990217642
24,f28b5654b5633a0b5e3f757a16080116sjj1b,0,0.0185303514344241
24,4de568a9b480f0dcd3f2ac385121d75bbpy82,0,0.0016037712227407088
24,bb4af76ec92ce75e8abe9a6a481d4314jyo16,0,0.005831815096027429
24,37d71b4ae830fcfa6f0c4f65ec386414n8h5l,0,0.0022891904366765066
24,b4210edd4ec9bf872c7108fdb3c6aae9cjwz7,0,0.018564754691886773
24,e9f928411213f44502e4942a29553ab1tbqgu,0,0.012447185374271221
24,65f52b46edfc7fa64b9e74557a78e52c1it54,0,0.001074374127847637
24,2a73f10b3b8f2b825e220ba0a1d2c49f9nikz,0,0.011485866544108537
24,f473c995ca7b5287f9b2f079f0d78a1e92226,0,0.7617450786647554
24,6da04647ce16d0f00051dfeaa94d3313ox30y,0,0.011020658511789206
24,1899fd76b484b9275854787a6b003b8a93js0,0,0.008137651463110096
24,8c339df2050a428c04a1c2bcbfe4a143loj8l,0,0.018658369402157118
24,b3dc6151c6813688d0423dbab13d3f19crw2w,0,0.00899754731199199
24,fcda141af3b545332fc3b2d55a8bba74uw7s0,0,0.0037745774701384524
24,0a9d614009139236f198ddb4759a498cen5ix,0,0.008056287232346023
24,741b9948c8cf42d658676e5a46757815zstr4,0,0.0014195113681436957
24,205a011640002932a7bedbb93d81b68b8m93b,0,0.005600999667523889
24,55453d252a225f3b046c094a7aa330a80dr96,0,0.015726229656122682
24,424b638423f4862b2a84f22ec25fa22eb2c8p,0,0.013621471985318974
24,1b7c070ffb2c23c1d02ae5bc5d817d06qz4xb,0,0.006700485470323534
24,8b253bd318229b3eea3f459bd81b8347khytb,0,0.9473308650797254
24,0181b91f58e6cbaa832235e2879c9c00ovrzi,0,0.0014100594141126482
24,c17c63af831939f5e2fd12f65821db65umonm,0,0.8565961468636455
24,03e884d3e7e3356608187d2345e4693fyt29x,0,0.0037737877354883727
24,df12e679581fb2054907dae75c9c78ee9kzzv,0,0.06497925060027339
24,3fe1dacbdaf96fab0c213e218968c518twu76,0,0.028119304182464774
24,15f34e73687d7361ac0d780737fca261g2s9n,0,0.022175940030173518
24,1dfb637157cc0e590e50d724cd4cad6d4cacw,0,0.002667859272774841
24,b7e0afcd391a22444eaa566aa527eec0x2yv3,0,0.0020366032445527024
24,c806dbb2decba0ed3c4ff5e2e60a74c2wjvbl,0,0.0019825537010001236
