fold,bidder_id,y_true,y_prob
0,624f258b49e77713fc34034560f93fb3hu3jo,0,0.0013195853178870126
0,25558d24bca82beef0f9db4ba1fe2045ynnvq,0,0.001437819368809454
0,1b26a52e1e5980c8487bb35cf5027fdfwfnzp,0,0.00029475674103530264
0,c0549e76b179912d52a28c3eb9b29376yaxvu,0,0.013761982895784331
0,880f542a275df1251612886d408b32e8m96cp,0,0.0015693412396848752
0,25d75fd439571c1d9b946f5ec833786063vom,0,0.0044331021256053885
0,99acffc3cd9bfcd00668dbf472a1979350mxk,0,0.006162791170784038
0,11a38554244f3c14de043aaf52345c35jjqvo,0,0.3079755126739313
0,a22fdc066a738070c6e4860924d06657hengu,0,0.7111825602112682
0,c62bac5be6489bc0e0a7834a11167171c8ww3,0,0.007211565437087068
0,98783b6bd490f32f56c315307643c824nimw1,0,0.001565372114793542
0,5f50c6187a179e2ee7ba2fbcfc845c7a1smgr,0,0.0023168353312797885
0,9434778d2268f1fa2a8ede48c0cd05c097zey,1,0.3282204445331806
0,5686520af5a4215a239418fec906f88e4she5,0,0.0010743675869077176
0,e98d8f348b266653b6784329782fd2e91vu3h,0,0.0038014581324947797
0,19815d9bcdc74c3ddfb9ff210c1739f3tup3i,0,0.0008175744944935437
0,1cbd9081de4481ada66f1853737f7684ddjd1,1,0.9908676102082554
0,e78cb9678684d649453cd5e1e46baf462lq87,0,0.013337729946399937
0,c5babbaace35399cf51a9356bbc22733xpi5h,0,0.0015305747402486578
0,1cd8d86911413c73e92ad1170cae68c3pocsn,0,0.10494599055365855
0,1ae57d217b27820cabf6e24b721bfb38s6ja0,0,0.11585785225850413
0,21580623ea81c5b0b82aaf74890218e5mio2z,0,0.018749872317212726
0,806a46eb814ec7a09bfffcf38b0763d344tc3,0,0.0016943694728313286
0,80e753fbea14f966b1fc6d1e194d4e66822ms,0,0.2600522593595751
0,d0231e5200b870c055db7e3daae24bc8lt7at,0,0.00035370455167522676
0,d27221cf2bfaf0fa7a60ffd3e1e3a53efagvp,0,0.20049903224409152
0,d5f997729fd5a0aa13307e027804de515jziv,0,0.03381258977839928
0,9653f425ed82418570fbca890f7032b16sjjd,0,0.00034220556169704656
0,671fb1e314a1f480ba9ad9b5a1cf6a91w1k2f,0,0.011842839020511258
0,961ab8cb7952191816db53f8a11a35fe1zecm,0,0.01013754811217925
0,99fc8ed25265e58bc94d9d95180badf4t2e3i,0,0.04939753893156773
0,74ecf5f9adfa4dcca4dcf020209db81arynmk,0,0.007293852408570948
0,10383b390780e7b4b03dc32c94b4973f66wou,0,0.013094340720940822
0,2c72df02de4b36acf72ba549630808612ol08,0,0.001648950242934304
0,e613acb1029ecafd9792c9f75d468e4bmm9zn,0,0.001650717190608155
0,f186d292f4e83f70a92c97f92993f655ygqzw,0,0.00864785312663972
0,8ec8add138ed551bd5a9175eae0cb972ie0pk,0,0.0022732514823930513
0,88103add66b7113729a9ca82540684c9il94h,0,0.023103207713119033
0,6a87cc9dacae884e817de2ee08452e76dx9mn,0,0.03387544534081968
0,4741959d26f99012b8a6a3e3954eae40hsy6j,0,0.013337729946399937
0,8b4071f3e2702b88481054081363bc15her3f,0,0.2277719918974968
0,e0413f338c43c9d55ba53612d2068f65t4gs6,0,0.007637518174003916
0,b8e47f06aef714b37073e72ac40a8100mew9c,0,0.0008880712610600939
0,d6d68e218a6cafa246ed31185b09e1e1fsu8x,0,0.003889205540221498
0,666e1e141862a646afaa2b71fc7d2c25r1b4h,0,0.0016652092556943246
0,2918b09c1ed9e9e8602f85175b266aeej5v6w,0,0.027822073602316193
0,124727083cd4159b40ff8d4b36a89340l6fga,0,0.028343594680176974
0,cd856579a7c4850b60d8763520339449x0mqg,0,0.0013275887979052009
0,4679df74080bc22e29676bddc5bcbf51gsyds,0,0.006737084003638607
0,e3ea1d5464543a1ef3a9b60394fc4ab6i1jk3,0,0.0007537336858167717
0,01a39439e7afbdcfe385eedbddb23d76zgdrg,0,0.00297237668671434
0,eebfd257525e52b67969ae9d8760afff12j3d,0,0.004535065668166873
0,3d8cccb637b990ec64d662d66ec059cfn1p3p,0,0.00576778855329335
0,f46cfa9acdb6a4c419c70c19be4ff9523uixs,0,0.0034581974115394727
0,dfd5c9157a0a771f235c32f30aedbf84e2552,0,0.011214342781081991
0,62ac0de5f8776ca1d189297bdea9a64cmewb9,0,0.0030022900055249
0,28c9a5ea8aae9fb4f6a755f94cd922361v9ow,0,0.6058742712045586
0,b9080651d16e3d6d2d83e1c5debb55b0qpwbv,0,0.021551263623012372
0,c8d972b803b46212369cf1b480328dcehb9jl,0,0.00305696339095723
0,b64c209b3d1d91a663d134961af89125u0s9a,0,0.0023168353312797885
0,ead2ec4563ba25a9e9d417f1964b7504teqtp,0,0.4586650729512433
0,28aa6c505e308e49e586e25e1897ed2axjiy0,0,0.0027410135463201667
0,5850b68151cf0760e94acb39c4dfa02026k4u,0,0.0036981541490224384
0,037d9f10da403d8d5f94b6e2957a3702f6x07,0,0.8982582610953609
0,f876e3be4038da62f49234ee498feb732gdcl,0,0.0014182109279951955
0,585b938fd44968d0d59fcac453cfb3b8p8nti,0,0.4835575251149504
0,c08e5e3325e2f4fea171f24ca018e675we8kj,0,0.0023168353312797885
0,cf456f3c8c409ec4060142acfdabb5bbqpx7q,0,0.0019576562531721784
0,c69e65de28937ebe1b94e7785afd94158thqk,0,0.45195364931966175
0,29544507566320f1125d8e9f9a0ab3f2jswhk,0,0.6787997617685755
0,1680f758aecded6e25096b3a6199b38en6n73,0,0.005300906647430207
0,1b0534afb7c02bb023bd4767ae73f17dqzqdu,0,0.3773412600108073
0,fb5a19240e36ae12aaccc1e9d9231144l32hv,0,0.01864958329172518
0,27cc072f1432f7aec4b7e17cf2e473f2x3bjg,0,0.8285219195024077
0,ea6c07fbbfc3f0e549701b1e7b90c4d21zfjl,0,0.021551263623012372
0,3733f7ea492eef1f69f98593d2122c50xwcha,0,0.0033208163377433284
0,7f4e84da8ed11f4ea3a2d276f49949b7o31us,0,0.0011153712797671194
0,22401c4dc0cb1e5d52da01ebb8b2839cdoauo,0,0.0030068124544480684
0,c18cfb38fe1c4c01705391422177265cn9w5x,0,0.027297903686682685
0,ca0c049b8c37c99ef93b6086e9947135onppq,0,0.0011750567262040004
0,7fab82fa5eaea6a44eb743bc4bf356b3tarle,1,0.013337729946399937
0,dcac75b5ccc362a66e7f9112f033bdebchxq4,0,0.00041682594282084674
0,65659f3fbf6207c570c4bb8ac64772e9umh95,0,0.027086935530318407
0,ca0331fc37db2b251a012376f7b987fcma2jw,0,0.9597272092963849
0,b42ef139c2dfbff8356e8886d2b109e06riso,0,0.005725716803726224
0,b970a53727b2bfaf02079779c846a52fj3f0q,0,0.0010298170233253386
0,3995d9ce0cebd62d77cb8add067d93e15oezc,0,0.0003325765813151687
0,2906a20e0b4f7ce840d051c4be898b66do6wh,0,0.013054925910798638
0,9b51afa3c3a736bdf93bd1f2a7b0a0903c34w,0,0.025406229699754868
0,6b9a3d480add21788772e118e6d51ed57e3w9,0,0.013101472737601288
0,30ef7862d69b3440ebf2726ee85a0b8397ta7,0,0.0004426265351700422
0,8fe6da2176541d0ce24574dbb60f9107oq1kn,0,0.009914116606393391
0,2a5726bd00709641cc54a8ab5422cde3uchoe,0,0.004678626819652415
0,85371e59ea43c33c7e481ba3c214e893ail7f,0,0.0006475400642859942
0,1c66f261724506bee45dd18a4d221bfeh1687,0,0.005580324271986515
0,fbca8e44d824faa1fa6b99325758ff19vi94a,0,0.12627332853552015
0,584d1d60d357a4ee1fd3b0a6a72de1dc4rodn,0,0.023103207713119033
0,0353aa9e97bd46119c90b8892f99982esfem3,0,0.0045108297794993505
0,65d3cc1725c4506fe02be3e2b24435bbbd6qf,0,0.04740684899056555
0,b1bc9ff2b98df742affda07c5977c7345dpm5,0,0.0032453765282042823
0,05c6b93bf8f083b2d0a03ffc0fc3524ba8fi5,0,0.004892993942919083
0,1bbfbd968c065ff5dabeffe311bc3ddeezbof,0,0.029125607214237903
0,e19f258fa5019e58974b562a8e1433ccluztk,0,0.015703777007998528
0,4703c8940eaa3f3bf5082ec2f155a8619i1yw,0,0.01575279263235938
0,c9fbbfcc89730e961499b4b30ffc4a98umxko,0,0.0034476976882146745
0,a60101895443bfa5d4485b9c2c3e1b68t5ppq,0,0.0005313011557883443
0,662b66b1227816c2f9017cadbc148381alne2,0,0.0016395542513187198
0,d7c046d4328c139e76fea7c1833e8fe6fx4yz,0,0.0009856676631143301
0,0318e0a173f7c65db40116b903884c854x258,0,0.027869606827402478
0,6767cffbe2c0957492aa451560655be3hjd6s,0,0.23364864563906768
0,88bf2c0f5460e28deb5eca2ef8e5e809ol5ru,0,0.00014442054914339704
0,d8ff621bc161b09d9192c445f4b3be7b8xow6,0,0.0014639979767985369
0,05a07a27e235d01fe480ea6ac73b8838jq28x,0,0.00392257553496268
0,272a9183c10d9e80eda8ccaf6682db71203nk,0,0.11026864437751398
0,9c223f867c65938ce8623fc41bec08485xddt,0,0.0034707904252228774
0,f211ff014ed43c9054916f97d6187108mpxr6,0,0.8413787477773713
0,bba40511c6e56070602e8dde4229ff923zbuq,0,0.0013467718758929806
0,69b32dd82f265a04826106d17e2bac9ao9fu8,0,0.0036849972292447935
0,4b3e6a8a52c413a32f76a6d7a84a54bb8gb0t,0,0.0023168353312797885
0,676ad0665c9bf74329ddc1f70ea48c16stnux,0,0.0005136051587268675
0,47d1dbfb67706772f8a44f50e5656602z04rc,0,0.0052811161454083405
0,6b85d622dec4fff284d55895eba9969dqlhu9,0,0.003251943640428114
0,4d0d345f552877998f41ba3cd1ba299885vu5,0,0.0023168353312797885
0,055eb52087e0080b8ebca74be4f823f5c819l,0,0.027297903686682685
0,b7e16fd4fd9ff04b7d741b70730b7b6b1aw84,0,0.025895378949474225
0,5f7767924aa92a8f01b44a7e09f00a4dgqk8e,0,0.01408077841347658
0,bc7722baf876d0735ddc885691eb687bgz365,0,0.10431030875915663
0,cc78aba7eb8293a1d70f083bd747fa1450906,0,0.027297903686682685
0,420e7aebb49d7ab3c04e109a98e152d7kquiz,0,0.0016336334447814558
0,61a4da78a5aa5bebcb3e9818a46771766gtq7,0,0.044614216642105006
0,ac94684646bc6f708dcf4566f41ec05es9v44,0,0.027297903686682685
0,8bf07d8631a2808f2c869e27afad2d41swgkd,1,0.9517496113557534
0,e2554dc14d54c3b7be85c59dbc1425f77qv4a,0,0.013337729946399937
0,f8c42ccd10c3fe515e53082f0cde9a18oxgws,0,0.08676483149018514
0,1717f6d4c48ae8d3e5f2566d4bb525f854j6d,0,0.0009331508013677461
0,a9bfa54aef505d65ec488d8984c82a7bf0fjm,0,0.044539532404726155
0,f334d76f60cae7c67ab04b9e5cc49907hqsc4,0,0.08060284896458259
0,d38b2db568fb71174bf883554bea939ccts4m,0,0.0009478065365898131
0,48044b1b1f47f168864bc7c4a58a65ecmt187,0,0.012411269170886566
0,4c2af41637c123c78074e46a22526298vol9h,0,0.001392780942523529
0,e2bda091a91082b774d59f2c5b8480ebbijs5,0,0.0007842311970059951
0,f05dfdaa2f67b190f3a79a5a2d5daf9coikow,0,0.013337729946399937
0,4761b2fdb4ce610d1d8dd9ea50f478cf7et0f,0,0.0011132586128781033
0,ae6758a627a111f6d6b530b0154c429566o4k,1,0.06445086559004654
0,183c4e44d09bc4ab990b957e765af311vlup7,0,0.0008450924271978264
0,84d75f71a61667cd327367453b4c0d2frury9,0,0.004150632486974615
0,612d24dde60a1b42873ab7b50944c6dad3dcb,0,0.02493765910876951
0,313bb0007cbdd82f326d58c96847294c9hz4k,0,0.0013498621702979407
0,c7ce5ac2fe5f03458fab59c78b19bf7c9wzf7,0,0.04350644090192999
0,a1922a9ee4f9f5d03fe11816c2cc3eb9ivcbp,0,0.0012804455131535494
0,d1780c224460a0c20d5c2f5f68714c5264xd0,0,0.0023168353312797885
0,f9ab998f3adb944a1cd1847a097fbc0bw61nf,0,0.0006224255935029565
0,c41f5fb84d9f9e2456a5264c79919569vrhau,0,0.011009678556630167
0,b5a92183d20e5ca98da4065c874e0b9dezbhx,0,0.362004642416108
0,0c5992f18244e24d2d7b4708a512378729eev,0,0.02134234685595103
0,0580f2e77b4c0dd3b5cda8a1641cb9fenmo0i,0,0.004920027645377034
0,dc9a7ebdb6fb8dd3267ac26dbe5a62b68e4vw,0,0.0023168353312797885
0,147164a9fe8a6bce381a224e9f13207cc1mdg,0,0.023103207713119033
0,5920a92dc2b65e257061017a04eb5361tpa9b,1,0.902392509790945
0,2d9579812895729581ce269ea17462197jxvy,1,0.9081963258797516
0,f19531503f1485a3014189a80971c6fb0d9fu,0,0.018225455450724723
0,8acae9b2e5454fbd92fd0b3d79fe89ad6w2wp,0,0.0028232850489193634
0,5b1bc916ca111874eda3bbe669957cb1d3mck,0,0.002577662042088066
0,f73eb6e2e7a872f97c715ccdcddac77am8bq5,0,0.09635985634422976
0,b1c2e7ee5c69722df6233541ad5e784eutiv2,0,0.0017134752148461356
0,3312b8e73417810a88be459d75fe9bc2xhd8v,0,0.0018510406289708036
0,44c38c27b9de757c8c7c05cf07b7e3eb14qpt,0,0.3388235355918396
0,9ba7cbcf531c20ef7cc55a6da5c0654evwt1d,0,0.08180564468390135
0,61337802cac534b7e7711793039782d6f1yy9,0,0.012210097948474037
0,497b8beb19a7f674bc53acf7f5c7ec8cxv68x,0,0.005780024878318089
0,43553dd8b9370fbba5efa6b652d9b43ezsj11,0,0.0027626181995522186
0,8cc03b92898255ce4b096454645599ae5zoc0,0,0.0018843638615606876
0,aea096a392f55d95c3e45251931e9755a9t3o,0,0.23723455160534573
0,05ae7ea9549ae298bbbc8002b4229392e0ilf,0,0.000665727500727887
0,a5fb60c136b7e0a6d0d6e27cadb2a797225r6,0,0.021201939094424277
0,ee5afe7f268aaa88598545df890f4e5fzari6,0,0.001745361114167697
0,8ebc5b544d62622e45e1ee22a56265e0xwwsb,0,0.004621799287982974
0,d9a813646e8fae954898c1279196f5493gqzc,0,0.004423470928288926
0,99ca795998fb781a42d85f1abeb50482yzffz,0,0.07086003399978237
0,2fc0efdb6ff10d51e3a4d979ee52cf07p4068,0,0.0031352725489939906
0,047558bebab9292a5d4c85d6ee768784j2hdd,0,0.0007947687293919531
0,85499f83c5f1674c87d0fe77838c4da793u8y,0,0.0075465716840837
0,bfc7a0819397d910db7c24eaba1ed4c68dwiq,0,0.0005474020479809669
0,693085cbb28f505f03b025dac8681a3bvfot8,0,0.26562703605250376
0,40829191b83242ef1f380f90876cdd74mrqe1,0,0.002572439971754747
0,309f446bdb138faeb18072285ccd9901gz80c,0,0.3220324283528892
0,4dbc8d336dbe0241c9bbb0f3630f25059yo43,0,0.027297903686682685
0,5bb3c3ff71ef6560c7600c512128ffc8js7py,0,0.02546355660774362
0,fe6ed3a12fbbf5da4980337564361710v2y21,0,0.01847411215137551
0,d26cca81c93b52ae3564aa6cdf33f5d5mkliw,0,0.0008323308842127098
0,8e05310a342aec93aaec69a638e83a96aqyo7,1,0.622597602809707
0,6e848149cabc4434155aacb610fb20de6vq5b,1,0.11515718693552415
0,3550d62e04bd3a1239eedbc29d9c970279b1v,0,0.00495812849611222
0,eb8f9ca4a23586f5acc770fff966f654dy7g0,0,0.027297903686682685
0,fec57d2db5692eb144a71aaa35a11b58delkw,0,0.004182571155091176
0,8bbb16c0a1bb808389051c875ebab1cea0v56,0,0.0026808202571674466
0,74ae4f7b1692dc42622696303d9d4d763vksg,0,0.0018507176996271938
0,83a24bbff5a4cf9d9fb10391102708f1oqpco,0,0.001248377507921778
0,8d638f6da12614d6b369249410c3d278n8qme,0,0.05904072591422005
0,aee383561c0019dc01552bfa5263af8etbuc7,0,0.00633493405435072
0,9d1506d6779356dda24ed87d41f3be39yn1rc,0,0.003940293800048784
0,01cda526658455000913950f20cf31a2q6nsf,0,0.0031979300375169144
0,08981037e7a6c9032716ff25b15c9de25p63s,0,0.9506458964651828
0,d7b66d95bcfba06122dc6f7a3c605fd73239a,0,0.001528807176250847
0,28b4c35bd90c81ca959da328806469d493mvj,0,0.027086935530318407
0,4af5e2532224f9f7d1d039704573d9205jbkv,0,0.7840874413693588
0,292dedb5371b8e0ebbeea57f14b35713e2ie2,0,0.0011263935149999557
0,4992da4511c3c1b4efed3e16c7d8dec65ilfj,0,0.009815636805418627
0,2b19566f190ff3b8a85884e03c64fb56ir8a8,0,0.013337729946399937
0,d3920630f4891b9ef1a8a199ce5c830aua4yi,0,0.04861360860049326
0,3a32eb1c6dcc818e0df4953e978f2e89ljhnf,0,0.0009374793198811954
0,f9753e9fd6e25e0a1ae176ab95c31146iaqnv,0,0.0032380695227873678
0,83aa7c2c8c018888d9ebc6daf63bddb6f2i0d,0,0.0007362713557079363
0,17b41c48d6f53585c7bf3b65977eada0yxs8n,0,0.02756438380272647
0,e7cf764619380e5303089f04bf647f10thebb,0,0.005215992150787078
0,fbacab353140582a4b8ae3412eefecbc753vs,0,0.02620081296345172
0,1def3e23e479c9739abce6b3518013d39oejk,0,0.05943241555490718
0,f9378eb3e522beef7e6a4e1f275bbe0eaboro,0,0.0023168353312797885
0,465c4f2ad08cc1e5f7a5e1e3ac75654ealh0g,0,0.006549361327189437
0,6e178db6d17d21aa88aaca5bf15c2761lc500,0,0.12566120208706444
0,ec3b2ff6f725e847f93285bc9d2b7b3dvcd4u,0,0.005350366172353435
0,649b364bc466208e559858f0677b421dbnalw,0,0.0004873210360411714
0,af14436f293c40a9904d9f06a323215bf7zdr,0,0.002024851161097585
0,559bccfe60c7193963f09388fb681ea65k7dp,0,0.0008697751765562772
0,6429ef4aebc7d1f4027b31a6e900d165nqvyz,0,0.0022051150065559282
0,2137e2626c568af8e56bfb72fdd5b9e19qiyt,0,0.004208671295258987
0,b8d88a1167ab74ba64fd6d9c83308a6d4oa6v,0,0.012161955509198043
0,8cb96eaadc11cf4f914bad84518632e7czdyl,0,0.9626892409532095
0,f0fd9f1b3fc9ff10c2642b3bf81946e2rsq48,0,0.00346034039921527
0,8e0462410d727b34290fec10fd5661761yc8u,0,0.0012917486819905904
0,c1d14f4355b7d3ef80f02628e5ef1d56u2510,0,0.013337729946399937
0,86e698821a8aada613bfca1356d8cb7dopnv8,0,0.0017641837263999954
0,384ba7c5a8ccf55d174080d9ad7de9b8mfysi,0,0.0030383596143722775
0,d8a4b49ed9ca241f025cdbd9637198fb71qmz,0,0.0038081829234759635
0,6a97f70ba29a04e77eb3b137e157070dc2mqc,0,0.006181846993773284
0,5771ce26e8b0fcbe7e90106955638b251qj2w,0,0.08060284896458259
0,ba266f4898bf572447ad65856b362595yjt2a,0,0.0036540615326635544
0,2daa71f0d138b8c2d61583d3b98a25e1mjp9c,0,0.0007914524738685193
0,2b429b9235bab2877cd93ac6d9fbc2d7tzwre,0,0.21197078893660787
0,80d8e3bfc8a2ecbf22614befbdaacf5fo6o5o,0,0.027086935530318407
0,5b0665172160ea4015e79dfbcfa7ed86oe0mc,0,0.6637727967363993
0,1e13eba969b6b953688c9e945544ac4741ilj,0,0.01044183665059543
0,9f280cd011f10593dc245dad1d93b11dy6rg5,0,0.0016019294637505314
0,69d8fbf99586bfaac64d31f82b9bee27wltkd,0,0.0341676654860436
0,3e9180fdf158409adc96aceffab6e00bejjah,0,0.0016763047386163347
0,0825d381aa09d1d0c47c77c372f07acbe02ky,0,0.0070083687708038635
0,461c1d143120270fff5ebc1b91934951378ud,0,0.013337729946399937
0,1d69e006699adba0c79ab06f2f622445nuu63,0,0.0011394584357995795
0,47183c1427a3cee97ff9bd167844e65d9dzi2,0,0.022423122913476128
0,8f086b809805064f3c4a5dd48327c0f51yplz,1,0.00810501547356928
0,a447127835855849fa2ee496d05e0847fgt68,0,0.8384783077941007
0,5ccc30558d4c218cbb4d36872fb82a03rjxgz,0,0.0015203521666299746
0,3318a824cfbd3d3d177ab7e9520b21cbsrcgr,0,0.0014765671280137854
0,78c82f2e8764bc8001354128f9265efcqrthe,0,0.002974461229189282
0,7a3378ad9999b1fde0a4562a9b036f038cdal,0,0.0023168353312797885
0,5bd35d55d367d7a21d98bf6a19fc0dc1e5j9p,0,0.003935540143914992
0,a0d080012ab98513e39234e4545e93be17tt5,0,0.0008545549098580155
0,4b32495335dd238db6285f7c6bbe051fv1qoe,0,0.00884363319792019
0,121578435bf4136746cd2a80f1990e07cv1px,0,0.004329870622239843
0,7d44df0d40982a6651a06cf533ef5dddtppag,0,0.0029172668476618833
0,6a31ec9cbfe23a9398e80403859f0402cg4ql,0,0.00150602201116592
0,1ccc69e376c95da9bd569a5d1a176874ivojs,0,0.0014770127819735
0,c58ffa073b3b3deb4e993ee5dd05347cmvfur,0,0.0006436843497608734
0,100d406b638e84e2da7c31b03100b874qiay2,0,0.01722053293584736
0,3e995d6f9dda5f29c02af4c9fcb94bac0csrw,0,0.3588634728018455
0,e932ef68638c37220f4c2c386cf54578x4hpn,0,0.0009099193001803363
0,65996114740a63c9e0fde74bfb6725b1k9nuz,0,0.001023361787678122
0,bdeb5eed17a812d2c47176e30b8553ae2k06g,0,0.03924446210083356
0,a0420d3961adf890fccf4b43899708f6h40zs,0,0.023103207713119033
0,7c0add0ef85bb5194e95ceaea737f90fyv13c,0,0.00537298946587738
0,9197b6590c6dceabd88ec93157fcc31fgb8a4,0,0.001340483527161944
0,57c4421263d37c2cd2573cd7245a7a80h0mjf,0,0.07950064428831381
0,baff2ce04381eb1bc4747d557bf52208vqmby,0,0.0009980672574135185
0,cd9a7b22d85c35845260cd61a4b65cb2meyel,0,0.0030891130167454268
0,7188dec1b560385b0826f78e7608fdfeai9fm,0,0.4113669021081968
0,36473d4c641c4c09c20c80e2ab35a36dwzp5d,0,0.00036817239984423964
0,4579226b86f3ca5b5ea1597efabae4c42j4rw,0,0.0009277843725818694
0,4cd52ae88da3e30dbe01da5048151c98p4f0v,0,0.3035787706755316
0,0d9f78a6084bf15f42210bfeba95621255c89,0,0.001073483808113563
0,c34e1a988fb471e9eb8a5e84bb8ddf90k4hng,0,0.15267726745622273
0,ca28bff4ab1f6e74bf08b92e16989e11vn2mf,0,0.0015069821278803524
0,6c0030ed696c4156b6ea3472374f6b54s4ih4,0,0.0043520269513282256
0,a961ba95d1685705953ace49a29424e2ld1ek,0,0.010990903477013486
0,f725c5b4cece8353da7a636fcba0ecb5yxshd,0,0.008908215248585977
0,c16a9bdd369ed3ec2891c46e64017560fbx69,0,0.001820149747816666
0,a027780df5d0312919d41edfd4947f27odx7t,0,0.1267396445012069
0,2cbc26f228e0556f268e0dc1bd9ac0a5lzdfh,0,0.08119803492924636
0,2e33b1ee8a9d4a5cc5f886ca455e8f86kxu5r,0,0.006234130966128967
0,7b22c9a323baf4a7bc7a3761e4a30bfajixmt,0,0.002459972075831955
0,e578807073c57556ce334044382a9b98iaz6o,0,0.023103207713119033
0,f430aac3f0f7f88a9b504bbb71322d54mct7s,0,0.027297903686682685
0,74487d5ffd5c34de4fecaf9dcb66f86b0wwa2,0,0.003969554662170201
0,2012c722a90bc47f1abbc8319d0cea51p7l5b,0,0.009156988446941766
0,2234754e09ba15519d0104c405326fc4igk0s,0,0.010432307294331289
0,96982cc1eefd6f526b512755151227c3h2w3l,0,0.005402183768616206
0,10f01aff2fc23653ca7ea1d74248357a889wv,0,0.0015153681615694193
0,6d501ebf066c0331853f1bee9754e781obu7z,0,0.023103207713119033
0,f5ab013f90cb8890d33c6a309798204155q15,0,0.0007578134270577807
0,37bf6f23b628a3e2b5b22ba81beccbef0efoh,0,0.44260727985489684
0,fa6bfb4a2156dc8e73a713cdab85bc4bmcmwr,0,0.013337729946399937
0,7eb7b2f6a914afba5c3d207dc28a93aed9pnc,0,0.011367390355754379
0,031da7aea2d4b75ac8ecba4825bc1318yki1d,0,0.006013889027958396
0,bb43fc12fbb0fd2b2536e4033ababf59exffy,0,0.022557382189124613
0,466ebf78d7326a38db1e19fdc1c70e9b1qu0z,0,0.0027931775076539414
0,9be39ea5a0612fae7bc43a25a6d10856l3qaj,1,0.03873096652291332
0,340d7ea497f16bdb912ec5c6ce467f71kk7hy,1,0.10031910885872325
0,437c191e614776c1535305f602ea9033sdfmf,0,0.0015022854261465607
0,5c5dbe70c2cb05d208c22d204146e1e9f3lvq,0,0.004355301239771089
0,cf1f2b6f29840e1ecbb31d18fb128c38bseas,0,0.9700212213695408
0,f0e1c483773c2ef8466d152874872139e0wcu,0,0.0011222373982607181
0,faaa98763b59ed5f02836d4bd682035bfhujq,0,0.006444547228110846
0,20fcf71ad6fbd43f6f5fe493a6bc3ecfextqf,0,0.0005510581496217291
0,862eef3a75e1351593b54975cd8ae1b3swcxw,0,0.06738705223893225
0,35a02f50226eeda275b29a09acef2177k95eb,0,0.006601007454600689
0,6ab75792932fb1ea6fc74a18edb7888c2orvk,0,0.014923542123532004
0,936a335eab4643c3529968a4d9b0c380esi7q,0,0.0019905766799022512
0,603d769a86a359a0d41118b47c0ab41fx7kz5,0,0.00251580061468856
0,6affd6d2976aa7c48dac70612fc8e31ddo7j5,1,0.9877951038254572
0,19b39b852ed4abf1ba5b095829e25b946aed1,1,0.227566405360879
0,a6f994251abda6687ada2e9de52bddb5cisa7,0,0.0011754622992209264
0,8473148f069a890b7323fe8316861a71qoxv1,0,0.020390006721161206
0,4985bdbf8710c33fd7c9d4771db7c690mcbyr,0,0.0014065568210951042
0,fae553f133602fba6e9e6051dfb27fefkruax,1,0.6408837251134747
0,db12e9cad5e847cd7a40ec1ee649e475iwzqo,0,0.0023168353312797885
0,197e90906939267ace2422e78e8e83889znqp,0,0.001120846258061414
0,31c840378b5c2e4469fd2e7f5a1e5a7d92k7u,0,0.004572923549827322
0,874f882f7efff96263e9b555415aac36dsxry,0,0.0013462442827867414
0,ef415b2bbbb81ed33cec7242678975d5m5qk6,0,0.005195692059291945
0,b0014101fe1b510ea150c149145dbced3q3md,0,0.0013965336769597308
0,c8b23d6565e11d874e221f41440ffd25mrucd,0,0.0643853126336982
0,f75a0f726d764514f612ee8cd8f65adegt02s,0,0.0011497020351733252
0,cbe8d224a38ccff930674361b502e7beyuf1k,0,0.0011132586128781033
0,3714da7069a5205137cacf89ab3a136ffx2u2,1,0.5143821764296435
0,c616385a2762ecfd8e4ea16d8a1f2596qw07a,0,0.003637012440095181
0,1ea558fc18eb1b3ed7759a3aed7662d3p77wq,0,0.1793260662218477
0,8ab98c1e6cbfb902af4e02050a886396a40bg,0,0.001662325693486052
0,da950a556200395a82e23e3bbfe1abb6xs258,0,0.000779285510391311
0,13c4c826516304555e291d3d91c108b3ytpmj,0,0.000599369653703887
0,fdf908d608a629d5ebde14819231878dojel8,0,0.015950216188051532
0,bc3d08ad6ac94b8b5ce40a29b59899cakj3p5,0,0.050813517453904555
0,e56f611f1157381f4b689ab34b574e791qhcn,1,0.8567001242974701
0,2dc309478d30d440e75c932b1f13a8fai2p2e,0,0.0019331993487541345
0,76f17ce227e593aeff456fed46e36c83a3j72,0,0.28833381402538516
0,af33d5277890ef0b5f55fbbf400441c9hdehk,0,0.0011067394909397609
0,6bdb40330295fb3abd4647808c319d29pb29n,1,0.0033532455090253487
0,429b876aa7e2d6741ddf322685363ccchue2v,0,0.0034495133610724445
0,036a4050a5dd65e70f0f613ec2e38a74re026,0,0.0008545549098580155
0,0918eedd8324da06abe5600f058480dc75nfo,0,0.0022065056879623846
0,0f3ee77a46dd5a09ad20b7c3e54ec614sbpvb,1,0.024294459622920532
0,70739399d69a3b7ea9e72742dc728742zp9uf,0,0.013337729946399937
0,470727c18798cf0e0ecc2a0dca207cafuena7,0,0.013337729946399937
0,ec96b5b27dc870c8f59ef11b7371b06eenaox,0,0.0005363822216701058
0,91b8febfd1f556c06838992814e7653cr119e,0,0.0026179004119959394
0,cf06ff5f520b14d1f9f1cf5a7ff34982bj4md,0,0.0007914524738685193
0,53856dce9187b16f2cf5e4e58f5d0397h7tz6,0,0.027086935530318407
0,a6230fdfd4879433e36a76d53440f426c7a7a,0,0.07097813106622369
0,c843f90bae7231af13dd0e064a469704drz2x,0,0.0031357760658705337
0,13812c0d2c8c474bd62481d932407687o26kg,0,0.0113440645270669
0,283987b9f1ffd4514757483ee1f01351xd678,0,0.042820285902161456
0,3dbb502d9d6f89b26f62cc804df54dcandhp0,0,0.1574191540248563
0,5c32e357936f8977277d9b23d8f09f34v41wt,0,0.0004790320133214295
0,da00b16633eb706fb11d55868120cdd9so58j,0,0.2140358761347708
0,c910efe1f135b08acc32b2db162362033olvv,0,0.000757733838359961
0,04636b6c61c80f5325efe61183e8edb01ko20,0,0.005116662868469139
0,24db47d284a08aaf119eb3e0c45eb646i46j5,0,0.012403783910765515
0,2f9ea407ba48ae05f98fdf634995d936xefau,0,0.67860677014449
0,35f822bee4f85d98d5b1b23c65681974ywyuv,0,0.0013195853178870126
0,abf6c2cd31be1630f5a7a1219935011c3rkqt,0,0.002345875745763435
0,7ba17b1eb362ef91a99a6f021b3f2b63uyo76,0,0.03776086527747778
0,c36fad0b52a6be6ec32cc5530c0a2aednea6k,0,0.04441669497561602
0,bbf1dcd2f0100fa90e4a8544b90e35846p5y0,0,0.006194968933488398
0,e60b306c01cf0c0be5c7d54facf927044g5d2,0,0.0361373939783371
0,f416aeaaafcbb66aabb77347776db008qw96o,0,0.22121376086100106
0,f4d69870de1e803fe00f8126e73a7e33zwcds,0,0.03498840247760444
0,b28e6a39ef0cdda29c5e350e048c3a813idk1,0,0.013337729946399937
0,75613637a85df9328b743d33b0efbf1586qow,0,0.002548558977051324
0,01f498a0992d280de63ec346692efb2blckg2,0,0.09627276247077499
0,f1e57f96a91c185a7ea716c2481cabecpi3ia,0,0.005601706916725129
0,964028ac24d4ca16c4b63f64b06df1c8ltrrl,0,0.00008209977412419522
0,7505bfc1ca67a5ae14e329b46a88ab869ms9g,1,0.7728464648389497
0,14c69cd7fbc8300876f287520c493fc8xe2o6,0,0.0009377552904775905
0,c888cda1ef5931da0db90f6803cd0d368ay6r,0,0.006722798276637922
0,7bb58b7875a093cbe7c5d487a825b730mjcw8,1,0.9929313507990272
0,b4210edd4ec9bf872c7108fdb3c6aae9cjwz7,0,0.021746307773272282
0,4fcdd880c4e1a1767c4d26f74bb3466f11osj,0,0.0023168353312797885
0,771f6754997a1954eced81d46348b4762k475,0,0.43329406298773454
0,6da04647ce16d0f00051dfeaa94d3313ox30y,0,0.0060065457433043775
0,f7b25abd850df9b0e0b305c6810e1ec3qbtaf,0,0.0013880867807451282
0,cdf1fdd424a11dde166c4bf069d6998eph7b1,0,0.3614888823125766
0,d154075c75cbb3f4b716a16c88eedd774i8s0,0,0.004650929699502225
0,7d063aa96e7a065ed5ff9deb7c851bddhrxdj,0,0.006272860829729216
0,fdd6944b3c3caaa7d1234ecfc11f8d080h90x,0,0.0017860289500032107
0,4c93ba564461b1412df6f033c8ef71e8ck438,0,0.01184872782929014
0,205a011640002932a7bedbb93d81b68b8m93b,0,0.003977584724186134
0,61e4b6ad0fc268d42c330ec99fd8c939yb7t1,0,0.0005946391602160292
0,b08034d2d4fa400b457d4a59a2482e8enfhqw,0,0.00047455686245059456
0,8b253bd318229b3eea3f459bd81b8347khytb,0,0.9523179857161476
0,c17c63af831939f5e2fd12f65821db65umonm,0,0.3864501664807269
0,f0c034c46dfb78d2e9e67fd4fa1688fa6mv8k,0,0.0007914524738685193
0,3d575194dae5a2e2966abdf84d800a3bgbsd8,0,0.003819097071012451
0,d1200a75b6c05584f4f902e74d3dead76cj15,0,0.002269624186851559
0,4070f6ad5da385ba11cc99183817eb20h69v1,0,0.004698637187919956
0,f6485cac867e1e7d2d991838551b4c4bfnarv,0,0.0077280438087023035
1,4ab12bc61c82ddd9c2d65e60555808acqgos1,0,0.2584546015277278
1,88ae7a35e374a6fddd079ebb28c822eeohwse,0,0.039381000514758714
1,57db69e32163f3e486dc6ef7d615aa12usje6,0,0.021051430501637377
1,d91a4421996dcf429f575e372915cdcedae6g,0,0.0356942291352628
1,5354c02817e47f28e60e44a40ca5e48dll4sz,1,0.4184003652825382
1,eaaae0fb54c7d36724a9679c3128d5a7gn4k5,0,0.10813625097159463
1,95fede5853bfffda8f50f6af494ff1d1hsgie,0,0.08146977584410833
1,d36857d18a397e7e24d05dcbef3b919ftjstv,0,0.029553981402072164
1,29cc13d48af9832e0eb481c8a095fec7mom74,0,0.007735011304913046
1,c0e1ecd40b81bda3b7dcec501334499dgzq17,0,0.019884320493918122
1,e3ccc9bd16fa1f4a92fe87b4a54e5e72uficw,0,0.13462475024795476
1,a3c2ba79963b637f15086e6255a46253lwpnb,0,0.0021406812366450405
1,09d71d3e6a6871a7598dc2764c5bb4ffkz6mc,0,0.0011794896622899418
1,8e1f8e5907b3cc256a2a57ae9ac81e063gbz4,0,0.0013441450972447003
1,f769b9f92260ecf046efd05bf9ab6822j7c02,0,0.00039298388735969935
1,1e342381f2c64318a51a9b71d91897f8dv9ul,0,0.4418764003429406
1,001068c415025a009fee375a12cff4fcnht8y,0,0.057268369666860185
1,d9c6b6d7290e4475bcd6d264fb33a706fqtvc,0,0.03202296139557937
1,9ded76c5244a2116a3b5432fa265a800j0bvt,0,0.005685845767873671
1,827da66b68b225547050c11df16f845618ptk,0,0.0005453871653282646
1,ff58ffde976a4899dcd89597a7877e18lntgz,0,0.299506507113378
1,758bd601d6700494300ec1647682eb34vq1zp,0,0.007007307664106485
1,461dc3d03d1e28d52770a4d3dc7db34558fcg,0,0.000664962024688393
1,915ccac760c7359a446100fd1a54bbf6oyrzf,0,0.0021396985398177133
1,60b8145bcfed7a5f2a23b596a8aff99cdzn4m,0,0.01651487924601587
1,75c4518eba20c9299a3a836d9905c327w6j8b,0,0.3053774031759085
1,226017dcd6506ce20886540ff734210d8hib1,0,0.007336166823992949
1,5960fc711b544e2617d0f76360b69e2afds2b,0,0.015443936849725306
1,ae94687eaad6b410713db9106c42566axgn9n,0,0.010789058678684064
1,8c2bdb9dd878a811701838002627a056be0ce,0,0.6110239560215057
1,36b84c776aea2e008180dbc72393ed750zsbr,0,0.02362156401297009
1,8d43ad48f315364be4d979d2e9d5ee67quqyi,0,0.0059274993872530995
1,7264bde42ef4fe3fa19cc7c6d64696cf7pqtd,0,0.0007726949644198419
1,f90f13ddfc0f98cbe3c2346a2e30093cq6zo0,0,0.0010284207051375785
1,19353c42feb91a216885fe012efdfb11s2iu8,0,0.0035772634632558957
1,fdd836950d203286832a21b930b9f6b58ch7s,0,0.03720768462040364
1,3be127c56b2de21dfcf2836f20afe249hqkxy,0,0.022595143727988806
1,8126928a319468b6da5edce4097d2398xwita,0,0.026593951590262545
1,85155ae64ccbde01b48fbf4b3f1b739exmqyu,0,0.0010170311282098634
1,de9f5df5962dc171c7d82ab503c36dbfwicon,0,0.0034521164038845073
1,a94c16f8a98e493e2b4390b1975e690dv8cmu,0,0.015372255643785493
1,2515c5fd81638d5d0bca39a2b2be3995tante,0,0.46693643749724245
1,c48fd9c589f273945bad5f0cea5993ba2fet4,0,0.3868930927004673
1,1880a778c9dd0cb15ca1f052308a8e04g7e35,0,0.0030559108915675683
1,5948bcd0f773286ff7d5cde332c7ae6918jt6,0,0.20556249837709825
1,08515611e73803dc6d8c562b8514dfb5qi3z9,0,0.23194822600785484
1,99bcfc00be736e03facf0afeb79ac533cs7tp,0,0.13843222333877692
1,ac494ae5acf003f84ba46f5741618a8dn19qi,0,0.0016299779770973155
1,ea57e35acda9a8f8b75f4d9bc049f74d7qx3t,0,0.0065899961955888904
1,408f81a85f3b31f8cabedf6ccd381961pop72,0,0.0009542125509669205
1,4376fc192e83a1a5d7a83085369916e8rr035,0,0.001501122903172862
1,a2d0b7ec1595325cc63777f106e09fcd88y5g,0,0.022191756259640535
1,ea5948061b2059bcbd900d3ae7e86e428ae8g,0,0.09819856536919425
1,17c87408ee1009887112745797caeb7fwvqfc,0,0.001725418425133419
1,ee052a24cd3164af9d08fe77bd6b79dfrbelk,0,0.00615149589570669
1,205c519be884c5b1c885f61c4ba8738a737qg,0,0.9077197306971742
1,d2138bce99f535c244dab68652ccfa2enshxk,0,0.0026539209538302424
1,97b002c9936e63a1fb9994a67615e84fft019,0,0.0029832623015687816
1,76a8a9566e21595a1ac06cc0050626c1q7a83,0,0.0015422584034949377
1,26190fcf0babdbe0b0d903f325c52873tpj7e,0,0.027984886226590847
1,f0f21cd3d51b7a233988cb1c3c5df977zjqkj,0,0.000570856359187806
1,791031a63c9e2b4835caa9a4cc1768baias2l,0,0.0021097686641956075
1,055282b75717345ba6f53d40e9e6d6c56qrzp,0,0.0015698785917565214
1,e22528ef6a439aff5a8b19f8c9b07c19fyzs6,0,0.014973441808690844
1,d3c80e9f6b8e1d774679fd8dd5aae611e3qls,0,0.001577565612006328
1,334714f005e994d46cf4d18093dd4d05fyxc8,1,0.8125805065969927
1,300bb4c9816a7064b106c9c6cec2f51ei13n5,0,0.008517854892741875
1,340bc29eeeb9b9d04eb1fb72a1a9a2444brgk,0,0.011126475957231348
1,e03311c7620a8098b7a177a5f1ad213ernao3,0,0.001299713064099687
1,01eb9dcbd0b3e79d94020d13d83a993ec9d2a,0,0.0036162934274470283
1,c9056fc0cade75299ed4438567a87d6ek44pt,0,0.010783981224289665
1,74f153bd134afc92866a6bc5cceb2088120y0,0,0.0026539209538302424
1,74866aaa89db79f25dc0fae8be067b83xlbm6,0,0.0010957445357480471
1,6a5457f1038c6e1cf9feb57529ce07b2sff4d,0,0.017826897785368466
1,c755d2832026bc2a6f5d2d6df5740f06mr3nj,0,0.008475477534476061
1,7f86c3c417ae1db5bea10bf9d0a7827ct3ni4,0,0.42168714711089544
1,cba6f45915ebbd4b5404c6d357153c0adeblt,0,0.02096708971678661
1,ca391c857d7aa75a72e2d7c3133e0d6ay9pil,0,0.27158012655532326
1,dc752fa41d974bf688d25ea9d18e9a2eit904,0,0.0021985303781734424
1,f2bf8c94172c4d71076e151cb4e136007iiur,0,0.001528015532353142
1,dcd54d7afa6820e3f00e1c9e83aecc7b4f3lw,0,0.08079120690913603
1,79c18f0460f9bd86bcfb25da96d91490jfuxv,0,0.0009357909930679479
1,f18d2ebbd5e48ef4f1ee412339d6ed7adr9qi,0,0.0023586316412913125
1,0d0d43ac593a891ce100d8202d3d72c3xsma8,0,0.0021627892896176515
1,9819825acfa7e20c47a78bda5e76b195jh0gd,0,0.03484315782288191
1,b232fdca7cb98028e8945005f619fb28p8788,0,0.0009932479894695185
1,db80f065a93cc6b41d12af614bc3ec11kpwjp,0,0.21805827107075898
1,7029915a2c5aa5d964acfd85c30c3950b4opr,0,0.00876392669497053
1,295fbc4ef00fe0cea7947811e78bb8aez9ti2,0,0.02362156401297009
1,11b1859aaf7fa93818baa76007cf7207d8uwy,0,0.0009861705357157551
1,57e1892d3d62d87c9ba5e8425a1958c0fn11u,0,0.027984886226590847
1,67083f257438b1b79cb09cfa601890855of77,0,0.0005329461841040862
1,db5e9f85e7d180f7d952f12e5dae5900q9xif,0,0.00047200646010635825
1,e24542c1bd46a4a0f98b0fa95d8fc40brecdx,1,0.3088695716216108
1,39f9dad880d32ee607af7571ec24807bn1g2d,0,0.05543389517314367
1,37921a9d842612b3b0281f7098d0002539xrj,0,0.001035744110360752
1,c6f07c222aa3a9d35b0e01f8959ffd21oownr,0,0.001976233068728924
1,86b6207b5e87d58ae307bdc1545a101akz0ew,0,0.0011672044327587956
1,4c2699de8bc9516b09c5e5c8bae6d6c6xiry9,0,0.0003890957763535391
1,d8d90875fbcf94c3b4c5c00479cbed6e1mqrl,0,0.0018077163175188916
1,cafa845bd657b17eaa82940d4767d9dfe9uxg,0,0.019742226441617956
1,9211adb9cc770c78a70b55441acd146bfxnz2,0,0.0027303736702756153
1,45927dd51fb4301c459ab96d48f64752q0o9e,0,0.0005549924687958309
1,7f603f668968facebb0567015ad4c201kikrh,0,0.0011740864657270886
1,ff566c87f2babf3dcd67be286e1c6666cxzh1,0,0.001017733495354466
1,56cfe8b0d574e1df3f823c2cf32226eff52uw,0,0.001838510876710044
1,b6a7b5bba132a90e7c7cb350d2bfa52d7sion,0,0.9657698911969551
1,a664b6b42fd48403fbd34800063fa50bz6k4m,1,0.988509498967924
1,84bd02dc56fb7c3402426ef7e8e166e2ptwo6,0,0.08855755712154546
1,29b8af2fea3881ef61911612372dac41vczqv,0,0.08855755712154546
1,c1434e440370882ecf00ac52140f7adbuy1e9,0,0.002380909740511888
1,8bf04b0a219c7834b25057c0220b4d0dhwdsg,0,0.0005617259355734781
1,9393cc68d0357d7b200a94fdf93ee3cf7xg5l,0,0.0016457392983243982
1,45c3a73b88760d4390f42ea4fae97d84la5wh,0,0.0014369258244057432
1,82194e7d8f9b84e71b789e763b5c3263r6d98,0,0.0015282064711161678
1,2794512e8edad5f99d28c33c7560fccb9zl8i,0,0.4588183179745226
1,40ef6a4a0c99b478fee1c93f4105b9d9mh9iv,0,0.030480189636720875
1,b725a638efd8d51f66ae2f22ce1df678p9es7,0,0.2415387720330886
1,8cba56e5e7c2be942ea8472b73f0842fil1x0,0,0.0066049046433253504
1,0853bead89b03dd38a04d84f4312da7dukglz,0,0.009276963154014155
1,cb9a75312b809291306c6213ed5dc67dw31qz,0,0.10472407478399985
1,86091a1e6c99358936979baf67d54457x1dzy,0,0.0008803807796995858
1,8720f071e045d4cec9d707c583a3d64avjyyy,0,0.035772960392463055
1,6db047b1bdd342c09ecf9f5eecccaa4fy5l0q,0,0.05470342544897449
1,e0a87bc26e13c599894d7a5103fdca786tfat,0,0.015372255643785493
1,b9743f78108aefe3995e1c2291b5f3278cgpk,0,0.00833292213387312
1,7daf0e51b276c6ab5bd2ccf520dae106graj8,0,0.0005795838417606634
1,b071545f5ad73150880c42e780d951bdzvxn7,0,0.012236716343993067
1,1dead8a9cc54fdcf7a7c16dc6e06a3bbusgcu,0,0.006420197852199553
1,de8943f2b113702c98ef695888b7d0c6my29p,0,0.3053774031759085
1,2d113999234e06201c0940286d405453wqjsw,0,0.0034579925912954137
1,429f301119adc32d35541dd4d60903563s7nr,0,0.0916221188864667
1,54e279a4e162af7fc55d640aa62d0cbc9hxil,0,0.00655829248347905
1,34cc283e180fcd4902ef8758714c6d83th4nf,0,0.010011736507335427
1,9af8e7dbdc3c620c8144d736242b3bd2fdbpx,0,0.004613460346525193
1,73d4cec0ad358d272d757e0fce8440d01fvw8,0,0.02362156401297009
1,fba0c76970a464cfa9c043c906442f0eg53a2,0,0.015372255643785493
1,84a773b3c9d300834d9d57af5dc83091y54cx,0,0.001134709049348718
1,a6ec153fc7002cfd929b9f7199914cf75upgt,1,0.0511023684085254
1,655b88e646b94d0adb9e15e9f3b9c9a4lvcrz,0,0.0646474763976
1,03a1e81cb7bcd15014489a6f752c9d5b7pvel,0,0.017094119956335488
1,33189c09ca7067834fd25a54920f82d4nd7a4,1,0.9164394909161214
1,557f06b312e040ed3cd7dd2a011cb83avyut1,0,0.020756025357052295
1,3128932859bba46f57cdd19579c42e05lif6h,0,0.0012503718363222121
1,ef905e4d866c43dbc345751e7fabe5a568kjs,0,0.3053774031759085
1,18b5e850a1c10e681cb5fae0704a699018x6f,0,0.02362156401297009
1,1cf0d30e0bf9f4a536b1fe16ecc26cd22j50c,0,0.13576958744474282
1,02030ec48b7179a7fd9950fdf546e3feekkye,0,0.0033256235979669297
1,49c3957287d24e69713e4355933b74baoijix,0,0.0013241012885305357
1,59fe751fb6c277016b7ebe3609aa1b15vhg7w,0,0.0026539209538302424
1,3e85a43950c71b1988a814682abd4392yakvp,0,0.30160912609365165
1,f0567f6d45c0f83b9874681fe8dfe0ba6hjlf,0,0.027820753120278055
1,a4734769962126673e975a627e930b5fgc79n,0,0.0027903054103537136
1,39802378690e7d0c61d294f5898852b96hsfh,0,0.02362156401297009
1,ed5fc53d096bcf1b86c30128040e775334ut0,0,0.20706727322426124
1,58c3300ea9095cf5e59e27abf2a905ce7tl6p,0,0.02362156401297009
1,25b58d1533e04571bbc674dab28973f8hha3w,0,0.002858530030866626
1,173991472d4ee18932f8514b9d4a9dba7rjqa,0,0.00736471433831354
1,4922d20e07d04601e8724be5e9f9576blyccu,0,0.3053774031759085
1,06b2d71c26ef3b6e29277f761cd0db90wuwjo,0,0.02590279875622737
1,45fe4f0fb849e7195a1efd5495d1285f2culj,0,0.0006572563269337837
1,14bcf558addd6e6f2818ab2bda7dc679jqoon,0,0.004769052301527755
1,5830a96593aff3e951919578f7374f09pqyc0,1,0.8930736367944669
1,0af208c4fc46ef9236052ff495016326zxoqf,0,0.0006116862810800204
1,9db7471a12cc3b8fa3cba86bc00abde2t2wz5,0,0.0023737740317345928
1,8251041848182e6468c8119905a177dekmshg,0,0.007779440603811823
1,c8d3fc73c1a41bf92a5e4982eb6cf78du8gg5,0,0.0006613724071177047
1,6a1d4042a5f3a3f34f5b3ea753ecce30l0qj1,0,0.002417189399953225
1,42f754cb72e01c08005598e1f9383341fn7xh,0,0.005653506366960893
1,f019bd7ec140624144c4a9b40c42bec9jok79,0,0.003286532649477402
1,511a640e38bf03022300f5503cceb2cd3f361,0,0.01577915071395319
1,d3ab33e9314c95d6806813171f292299tmprm,0,0.0011257689172514962
1,1ef47d501d4b36498b51e184b1027981xu89r,0,0.0019391316392174996
1,a15766d8d3d231f862996eb3ec33559735a3d,0,0.0013305713174240814
1,cd35a3230456d4a245806e476c63e9a1evu7i,0,0.030480189636720875
1,5dd3494b46f39f8c8783c25527b64dd8hp8ti,0,0.019742226441617956
1,0bf6e0e5184b3599bbb4ba1fb3a43549ije34,0,0.26918278635699466
1,3ef757c3d6a272681c69bbd7e071b705yzt8t,0,0.002919274475766785
1,42025aabb56a61f3bea90d27b283b517dyk4t,0,0.044710163908627705
1,67616fd2a1de5c46e32041354efa88ceahbhq,0,0.13315653669544605
1,3ee7de4c5a5e31b7b407827ae1370f70suenu,0,0.000961791604644116
1,39a5a16e5a67c2fb51789cea4d3091f0mv996,0,0.00478891166531168
1,eec2ea9d9b292a343f8ee566ba252baapagwb,0,0.01253751681883162
1,95efb775460080c0da57e154f27876d75xnsx,0,0.0016735952480569905
1,d092609f5140c62ec64ddd7615c25792qgdrd,0,0.0037962428356048852
1,fb81da0790d821a22617d748d0226540ylrj6,0,0.0381993252065081
1,1afac423a94778ddf9b6c1dc0df7105cgp1tp,0,0.0041570513340673096
1,f12120e467869d3d5dbf7c7d0566a8e7bmmhk,0,0.007244209113316839
1,497ef6187e03fd9d4387ac436461a40f982dq,0,0.0019393870012946223
1,36f52ad1abfd307b73c9b69cd5197dddmmxgr,0,0.0003837912994674167
1,a13da89a3a54ac9b4ced156542afca5ddyumw,0,0.057268369666860185
1,c2f592fbdc8980229367e1db4d0f7a51my54g,0,0.05429467769416955
1,1c950af57581698616bd9923cc94fef25n5wh,0,0.001312772787925339
1,c963c2dcbeeb0b7051bd3a6a87483ce6i98xx,0,0.01969411394241252
1,24108e769a15b155bd2d63c58368ae5946zhs,0,0.0026937684426212548
1,cb557e4675bf4f36f93ef5599adff545nz370,0,0.004065704390620736
1,332484ddd66b9a3db89ee68f08b1288amq90u,0,0.0018844494483955347
1,f5edfebe95b4f637d1bcceb892b73dc7rhn7l,0,0.04570204707383006
1,ed5ee107143980558fae26c1b5c7b81a82spj,0,0.0043741394876987
1,519c0f3b989c8e1781e0910f685980ce15wzr,0,0.0022802312111362836
1,37702159c6cd2c1a21cf66600e96cdc6rdbff,0,0.015372255643785493
1,8644c9765c64da22776cd67eefe0f498u3aaz,0,0.001337594359336435
1,6ed39d7c89fa2d423017cc9811f0c469i2157,0,0.0035199085568086478
1,c08ae3075278ed0d139f00ead52ac2b0oy8nw,0,0.000410356158188566
1,00a0517965f18610417ee784a05f494d4dw6e,0,0.03994005552954475
1,49eaad86d095aa5af75ce34e59e4b7f1mmf9q,0,0.006517295219146328
1,ed4802c318a7e04a5703ed115fe4f3a3kkugq,0,0.0035833690937695653
1,b1e106943db37b1d002bcbe06b264b8bahuy0,0,0.0011789320571023141
1,dcc5a79317a22bd0f6dca1f60fc866a8bei1d,0,0.0731886184143176
1,4d1542974bc322859d3d099b8c5193felot1k,0,0.8085389642743673
1,08353687608279ddd83e4d36fadd1cd8ritj3,0,0.005699838095679845
1,cc4763c97c3d7cc9116e0a51a6d1f2e82242i,0,0.000609046704645321
1,470a0e402bb9cb4d48c2a450d2043e87flc2m,0,0.002806592717154194
1,d863897264a7e52d9c6a1be6dc453c6c9anz0,1,0.9860224499589259
1,67d6466d7f4a32d294196b8c16ee0b03kn9tf,0,0.053212626826970776
1,86a626c876e7eb4be35f4f0b0a78f97a1rn7h,0,0.0013916134530961328
1,bf8de839c1a8b7994d19049667548e4ewchpm,0,0.0008750631877661887
1,5ddf9ae899e629acf3e78141a9712a05a4feq,0,0.2973638920492076
1,2b13a870a46975494b749feea0c5c7ed170ll,0,0.0016711096430691529
1,a7bc17dfb615eacffe397be5b2c2f3a6r0bb9,0,0.0018931258225913178
1,cad9c97e99bd5753be98edd9ad8ec8c8c7r66,1,0.790877519102618
1,a06311ea45de34bf667b79a92d13c764i6aiy,0,0.0731886184143176
1,9a5fb8e2e5add29b006d789e4cfd1513paga5,0,0.015372255643785493
1,95af80db42edfce4e937550d60d79561punym,0,0.015372255643785493
1,adc548d88b9a307ce0b58a0d11d3ae14gcfon,0,0.08732607770996924
1,6b3cff1e3d9398d4c125e7bcf612192dy1gwn,0,0.015372255643785493
1,2b4b36fd77eaeabbdad8fac68b17ece5ey04u,0,0.015372255643785493
1,f069e2e45ce316168a94b972c5b7d6b0f342m,0,0.24620455660781376
1,942af1514033a612b203ec58f7894c9fv899u,0,0.02362156401297009
1,43295f805d813e816fee438d9a394bc4o4of1,0,0.0007060481972747318
1,8c3631460a4d25d2b21b1f92ebbad752a19ww,0,0.0006760146423291209
1,ca68a41b3a4062f154dc1ae8456cd792d6kp1,0,0.012973923723050337
1,59cad1329d42bda3d678bae082bee7edgvt7q,0,0.0016991520151051506
1,a71f84e476d03bd0b25d45e44eeed9a8efehw,0,0.28302348475076117
1,c0e3343070766b359c664f93ca65040b6bh2k,1,0.029189388623489732
1,d3f595832d80988c2016aeafd125d8f072r4h,0,0.008155059795951249
1,84560dfb1400fe920a29ca2c728acf1e25eli,0,0.000961791604644116
1,78e59e188d9780cb8988d574f692ed343s129,0,0.0052945293421176815
1,781972f2af3af2abc492f9dbb0f6fceahnban,0,0.002138191575124518
1,2f9a7b01fcce94499a59aebfac98fe1ezsk1y,0,0.0009771039757018659
1,7a9519ae09e328b09d18473f96ef075fzrs1v,0,0.0034048553499197074
1,12df4a9cf4eb203909e6763960b79238cb0yg,0,0.0057918154093468495
1,7639039411fbcc6cf1013b247b2622a72g0r9,0,0.004728748935930204
1,67fd1325fbe3cd75a110cc80b9df9708l0w52,0,0.11277149649254842
1,9bd2d79f328a5afe815d5832e521aa9187q2j,0,0.636935433301449
1,4f57e657df5ee5d9207178b4b6858ddak9ouq,0,0.010297345818641142
1,a3d0a600cdb44f03d58f27b19247cd0d4az4k,0,0.005299526976437428
1,e587d92842526255c86d3b0d425747ecib83l,0,0.0845347620360818
1,58c2b44923882a8252963e78886adaefh7hnm,0,0.015443936849725306
1,25f1a9c0c83eefedfc2c1589e763c2a3is1qy,0,0.0009542125509669205
1,70cc5da141baac4712163f5cd4bd4a50za0n9,0,0.007665297876138186
1,71c2561141c55414618d67d1a8aebac1n0fjx,0,0.022191756259640535
1,59d96b423ea3ed56611686300b681f3defm4n,0,0.031243341387222068
1,461b089147eb78c582ca8a30fa7581a7mflo5,0,0.003963363543407211
1,ba194af5111cfcf1dd95eb36160c728ds4kcy,0,0.000703931681414769
1,9ab00034c9b00521ce121adb5dd4aa15tlhc4,0,0.0010991063730329523
1,2e463fe6bc1616f8392f82c138a6a436mbtjx,0,0.00329625387594759
1,25f59f9da43b6806aaa125fa61974591sacso,0,0.0006060342077789536
1,45e4c7fe66077b5b7b338f19f476f9d85jlk0,0,0.0015568020006740753
1,7291b7fba1b597d66bb8efd45fd0d354q71ka,0,0.04768435608359085
1,cab7ecf98fd0489389a3a8d3961defb3k66og,0,0.0018500931775673995
1,7da6a36817cf2d8c3be218a32ab25550c8kg7,0,0.002860423418191066
1,058a4e0ac0a20f504cc9c6aae2a896e6too9v,0,0.0026630608988891533
1,624ae2fe9394700eae7a35806e4bafaeq9cty,0,0.005660135903654543
1,14e29ea004067aace14ee4543876a06365os8,0,0.0032903764757103607
1,8cab09b069755eca2b4e7fd6f6981d7d8n88o,0,0.0017250184554504274
1,3ecced86078287dbd2eac2cfac98367fbbelu,0,0.027072370318485785
1,7ec5c7e2317a9b68e861060531588f76fpldj,0,0.015372255643785493
1,c41ea39b2e13b0fc9ccccc2546f924f1obd0w,0,0.011054192083606388
1,782557b3ec17063f2a36fc9193ed3200h14me,0,0.19062732058317294
1,54957cfd12ec8c64918b6200ea25d27fsc9hx,0,0.001144490259785021
1,a3ef8289a92196b07e2e7371bb111e3aom07k,0,0.003627021989150075
1,b9fd0772481bf459179a3b4ab49171693im97,0,0.0014789430369047027
1,462df7ecf1d47980dea6a93d44fb408d4u2d5,0,0.014237739101569405
1,5e3747785e44d85a41a74470c051e946x01dp,0,0.057268369666860185
1,2cbacd5b066b7dff7e0a87e1ef00e0b4zpqzw,0,0.00659137771057642
1,7bad0fc50ac7d249e0a3d8b83f68e855fcnxu,0,0.015443936849725306
1,1f2d607e5cc04e790e3961a6432d7c15hn4qb,0,0.005068288591446395
1,20f206d2656116bed8dd46d5b70dac81lbgfk,0,0.001247782375148331
1,29db827ba14938954c90cefe40d26fe1130kd,0,0.000961791604644116
1,d7eefaad31febe607c252199a7672420kl1el,1,0.9424563755561706
1,6d033ec559ea79a8ffb90d80e0b24e93j82av,0,0.19694329302451286
1,a8a81bb8a3a35572bd1f9922f5a31217pw41k,0,0.015372255643785493
1,2993e59bbbd7d14bf4bc21e4d2a4f8eeb18d2,0,0.0019144749469072937
1,5c2d250afe88df6e4ca3ff08d991eb67s5erh,0,0.0016991519840490207
1,783d5c219ff84cc0517f59a39bb98e18st85m,0,0.005818575339563345
1,874402ea8b408a017756404006b12708d9s6u,0,0.0002826122022676783
1,c8f537f6bb0aa2d45da541a875f014358qm7p,1,0.01021124958654126
1,72b21fb7cd32b1a65bed8a12eb94a8b7qa7rl,0,0.026219522668755504
1,29013ddeb60a18f7d3bf9f3aaaebae6c8651o,0,0.011376082767738275
1,16e2e48cff6faab74e1f5c47669dfbbda7l5z,0,0.137983936985339
1,0ae09b09369c76737cba059d192451001nwce,0,0.027984886226590847
1,aa1c013a1de168c611560ca2afe78111g8i6s,0,0.32434655014585534
1,5053e03863b6887308c8446cefeec429l94tg,0,0.17693803074129213
1,7ce3afe39ece9d672e9adcf3dcf2aa44a8r22,0,0.011283278723288995
1,76ab7c99de4a3141bf617bf30bec9feep3zuy,0,0.0007537368917825773
1,93e3c34171ab65e0b031dc67461e48b478u36,0,0.0006685777504412002
1,3c77ec9f79f6febf630325ef84f2a0bcl3qg1,0,0.003941150765698429
1,8df5d645ed4040b857c121a4459b7976n5u3b,0,0.02036627458037777
1,ae29b39843141a73b39ada671ce6b6c0yxlb6,0,0.0005141539285221105
1,4483201dee43b51f338c0efd3b13bb895tric,0,0.003343812306117358
1,16065749457a14b26998fefca503c3ecf9og8,0,0.0040301252111457405
1,ecce760edfc6ec5cd5ddc7037c514dc3zod4i,0,0.0027682563332496134
1,4b9bf4cf1085e9d839e833e4b9d40f2a8ps14,0,0.0018212257299537022
1,7b31d9d8b5e749cdd2c300cbcbb5f875kjlsz,1,0.8794250004569528
1,ac9bf3a07831666bde4fefb75c184adekbrl0,0,0.021547512564147064
1,50859deae0e0a599efde1725cde3a8b8dw86a,0,0.009533982037973362
1,6faffebbde541edfccdb2725e430870cbkvo0,0,0.023342434030118007
1,0eeffc5039b27a4dc2e420eca75b1fa55rv5q,0,0.0008280696432708974
1,664adb319c2be43104b6565a8ff293dea0f01,0,0.0009594918287258519
1,6e8cd4699eedf0075cf5662e1fff3a857bycf,0,0.0015953144704448482
1,97268eb2ac171298eb03ecc6445d6879wk3pu,0,0.0009040256470734414
1,eaad20ae39d343daf76adc0b1a4984faumuzj,0,0.06014103175095861
1,9d33ed2efcfaddba0307d12142f3041ce731l,0,0.044826936330554464
1,75339aea3f29d7d9a8d67ed3fe1c89c3owsq5,0,0.00779932618958525
1,d42604c7cca8ec92839e92508f2a3e52ehz29,0,0.00132276853565123
1,b2968116361fd43589bde8eca72c5767o71qc,0,0.010748916953538905
1,825226b69f2a5a8337ca611b38223989aumow,0,0.004626489531406926
1,e12177ff9c1a8413996f7b1a590980c82ofeo,1,0.017307646021555177
1,a8b8959fe64f490d32fc15a5d1144f87qj9ai,0,0.0011740864657270886
1,3ce8aa0207022698b6d0eef09c89b381jzqi1,0,0.02683958147659385
1,e8291466de91b0eb4e1515143c7f74dexy2yr,0,0.7538779532013632
1,bdab2be5a94c6380c60b902310cbe1b6rs4iw,0,0.002694049214084545
1,4cf9c56df4594860df56285e9293a7f7evfix,0,0.08015934281987327
1,460e932b11a1529d78246317757899ccfaxng,0,0.06600167127768201
1,c353286290001e0943ed9bb160145c42etrf8,0,0.015372255643785493
1,25a4ee3a528004bcf4f4bf62b9208a7dx96pt,0,0.05906387291110303
1,c46e21e01a3f4987e00109d1d5f48acb1q72y,0,0.002919274475766785
1,76ed824b414b5e690ff82e7cd2f5be52256my,0,0.6536776699943941
1,64f6b099082e4fb2e8da7ba4ae9abdead2cej,0,0.0016638105432851351
1,74a35c4376559c911fdb5e9cfb78c5e4btqew,1,0.015372255643785493
1,679fe2a21415aa98a3cfb88abd0507edzjpsw,0,0.08146977584410833
1,c277151116ce38d8245f9f2308807af8t4nnj,1,0.00037642977198535873
1,110d2e689da119388dcb6e235749b787ni298,0,0.0017722033012956967
1,0f33df2513a519a35c8b3dcf1d7c7416jjjzk,0,0.5832515822630686
1,fff2c070d8200e0a09150bd81452ce29ngcnv,0,0.02362156401297009
1,7f3516b1bd7e5571ab964ba0affe9302brn6q,0,0.0014120252645845818
1,e5bde35da4abebe4fdb37a3c65124a57ff4vo,0,0.006234758532929985
1,44bc1c87245aac66d176620f6ac9611ddbcil,0,0.0012728962717106333
1,3144ea2711bef53de88d89d71acd16c5q0bzh,0,0.0022123424476899597
1,40f2eaf03624a31952397644f1b79a6fvtfjf,0,0.008418890713584048
1,f3d3c913b225bc6cdb98c60f0936f7cbj8k3a,0,0.0018141750149241237
1,eeb7e43d894af9161f84692f2bf9570fdryzr,0,0.02036627458037777
1,6c6c3559c5f656c71348f7cadf29bb12okgl1,0,0.0012462095708998127
1,c780bc2dc7ab83d5e5c85dd13f0f7fdecfxjq,1,0.18451899162264232
1,3b8320619393a6f6bf12219b61cda688k4w4e,0,0.0017049692038804372
1,eef111bfb93c213c174947c69b2f2b38cr2pw,0,0.11245852986638744
1,5a6376f140f05274d6e0dc888cbeb89eukxkd,0,0.6596705844005124
1,caa74df2086d71caf6c1b2b9c81d3d98xhpv9,0,0.014381123913554665
1,f2f10539ed947e4b141b2e9bf21af65ecz4f7,1,0.882779646871882
1,4b72cbc9d9ef0238bb666feea6d79e718qry1,0,0.05749206810535948
1,1fcca45fdd3d1d3638821f41e032f170en3h7,0,0.0003028622259536799
1,0446457fc8e21596799158406f77b14catx8w,0,0.02362156401297009
1,6d1354e720cb9ec90e19e29f5f895669qh6g6,0,0.02362156401297009
1,dfa7ead5ef84eebc79c67d3daac340b0exa41,0,0.0010592716637523557
1,916d2d806b772c9f227a9b3640e31469ljrxo,0,0.3935160925220759
1,eace2a2890644d703c619fff7e41a9a16k7lf,0,0.0010813782398326282
1,4d2fc319ce6c2ad370052e0f6f2b0a1dxiyau,0,0.01525670288398409
1,90bb553b65144cafddc3f3d4a7783667a06ga,0,0.0005273102733630247
1,c1859303603734d90d1a91d80977e14echjim,0,0.14868824259646204
1,33ba799fab5e4145b54fac4234bb6e13up0tu,0,0.0017554008561156723
1,c128bfe7aba668d71126d51b32428c01tkq99,0,0.6277449101902931
1,698da938f6fc36305616aa6f8affd53fobj5y,0,0.0019235236452016546
1,6f6c9a1964fd4bbc082f2afdbf2d2af6ypdhn,0,0.0019194226279276114
1,4641b5a43c7a2496ef93af2ca590d2c94s20x,0,0.001228417246626382
1,8bc2a424939c50eaf4a652e253421b0f9b0y9,0,0.14708557959508853
1,77bc113594866d4902d6f867a456750c9vvmu,0,0.011907895381979556
1,e0fde4b9b7ec14e80de3c811ecae157f6kqd9,0,0.07056541147673039
1,b6a3aa8c0f2302fa35d7b809d9371deeypvyh,0,0.0442189481709651
1,fc16993f1fdbd5fa8f8ddd72b40442f0qwyo1,0,0.02362156401297009
1,3d7bd741177a712ae0417bc4f4a37bcf9jo2a,0,0.027548695023823854
1,77b342f0d8769898619a935e267eaad25rubb,0,0.002064417007592757
1,9dc039dc57fd67bd9e7157f4f697ae7eloov1,0,0.47020365639374384
1,ccf30c9533a66f22f1c65910ae1bac1a1fs05,0,0.06515476488040951
1,417adcdcd7157e75c66469c07208af00qjnuo,0,0.09133083197446909
1,a58ace8b671a7531c88814bc86b2a34cf0crb,0,0.15856009902957816
1,e18ddfca4efb99a785c68ede9ef773ea8sfmz,0,0.02362156401297009
1,1a5d7993b43386f64fcf4b84e7b183a6ref21,0,0.008084462505909211
1,ff4e39c0be8af4b17a73dcb761e4bb6dmop0m,0,0.0015325936377815637
1,920540ac4168ed08a1e297395a68d718gsqdn,0,0.015443936849725306
1,2d38a6af2ce96c1446f900aa4756b8975y9k3,0,0.0001826099388451427
1,b1ae4691fefd3d09d74096ec4caaa6d1v6tbw,0,0.003367251141795816
1,0ad17aa9111f657d71cd3005599afc24fd44y,1,0.9897850026627397
1,4566ae63ee93ffc6b000b5cbea7f6a8ehbg00,0,0.0038057750264130566
1,622a477170c3e2215b7e3cdb06db93aezz6t7,0,0.0012444133354764676
1,802a819acf0601b43fe5426cb48ac0bbqwfu8,0,0.9928834794176195
1,b217ca4cdea62a3977481e398d2cc9bd4sxht,0,0.0004993235624103161
1,c1c22607e7899ada525b74e757d248ac2b8ac,0,0.06524742724067378
1,458c8c4e10e5c1b29e3fbe5ee56d46e8y3fb3,1,0.8558401728203047
1,120c8b384858420c4e46e354c86f4ca393w0i,0,0.010762717337417321
1,0a9d614009139236f198ddb4759a498cen5ix,0,0.0010576520180255761
1,222d3e39d4a292d79aeef4c04e52aaf24mgkb,0,0.00994654753388782
1,5db8eed67a7b648d1f2173b665b79de2vwdlu,0,0.027984886226590847
1,12fefd74d82d90541872847f199f6324cowi5,0,0.0007990305387285738
1,e54c3b01eab75ad3a616d56dd06ebef758ua8,0,0.0021667674875672886
1,ba258a455ca17f2c13cab3d0afc7de0b48h0t,0,0.00033559391276234663
1,7e34a26c4c339e875997f4b9239d2b5fscng4,0,0.9917971113835634
1,17a321c4a0d925ca80507effa52330ac5n5r7,1,0.011696403425196487
1,235f78b13fc87c995c1f309403ee56bb54tu5,0,0.0030257905839823507
1,9f34ed261596a1114cefe81158c5617biq26c,0,0.07635997322351337
1,0181b91f58e6cbaa832235e2879c9c00ovrzi,0,0.0005574495546048465
1,df12e679581fb2054907dae75c9c78ee9kzzv,0,0.02995041635918434
1,b7e0afcd391a22444eaa566aa527eec0x2yv3,0,0.001399918139354236
2,d1be739798ba0745a1fd72ac918a9f1929hei,0,0.0009653586150071
2,0a6ba32afe4756995db2f5cf2461cddbvj445,0,0.0014304068507680324
2,fa64831ab5ade55daee13f852c16b0a84ujt0,0,0.023708022307316938
2,38e919293f5dbd62d87ce288e41aae2a281m2,0,0.039226893306706166
2,d29003d7f3ec1f0e4ca9cc17e6389b4a4phcg,0,0.0006384819631481365
2,9c509838d129fcee98cb3934079ca36asla50,0,0.09583153495988353
2,067ff22ebf0d33fe0deedc816d75973865jo7,0,0.2592400762761529
2,1476226300a93d22b15253ed7339429a7ijk0,0,0.05169404957178991
2,975dd5178d34453c1c3c8edc47cf44274uv5s,0,0.06131662956622193
2,608d9b68afb12c6c27da6c6565ffe8297wvco,0,0.036944303331620174
2,e97becf0d4632035ad4cd5e65c827d6f0xawy,0,0.003060746589990757
2,848d3eaa622b26fe57d352eedd9649f4v6obv,0,0.0011688404944787938
2,64a39f766b2e9d9471b104f0d0289740a9kdq,0,0.0007906096628752384
2,481fdbc92e77bba4c9611841a7d74071elwx6,0,0.0004322317363945342
2,72bc07c7241e1856ba31609d11501c91cswlb,0,0.05671449645723885
2,792edafa0603516a57932e6103e9dd54ajar7,0,0.03536846371070246
2,d738b259ec6e6af625d1f41abcfd63e9e53tx,0,0.0033772502807341972
2,4dd2a50e589cde2802c4bab143dea61ak517w,0,0.00025154985753752184
2,fb92fc925c5df50f4da7874a7542cf2210z1f,0,0.058858383391079724
2,bd586db332285f3c45814fbb8f638d79d26u7,0,0.0011025046266180329
2,2307bb06855a6fe75ab56ee6b4a3860835di5,0,0.03536846371070246
2,dadbcec8b02ac75c5935f419b318ceca1wwjw,0,0.017063794882134962
2,4c4431ec9b6e683bdc5a3118d5140105r1nas,0,0.05382692078376845
2,cab0d4e41ea81636de3bd3a1800d8da8x4yca,0,0.002051086201603191
2,53691811bd992911edb9f5f64f49d8f5luk1f,0,0.1014728058366247
2,6531bde8d4decd9708ff4407ef95e887a26yi,0,0.008690398074853408
2,0e66933c924764a59760aaae5368e7d1e0s88,0,0.002823524903064903
2,48117c1e2b56cfc8739f83683e01d9b2aoc66,0,0.0011400199536188709
2,12d6239a92972a35bc990225b3ab33466znm8,0,0.0009679211801962194
2,d65efaa8129a85f85bf909e5abde8c3628gfv,0,0.010404872334354725
2,15972a431aed117840dfce5556242366c3fwq,1,0.5541846918723649
2,367edc726ba8e667973844395493559dtf2o3,0,0.005881509655587403
2,efc61ad6db17265a4bac85f77b154ef414tpp,1,0.0014684197434943536
2,acf06eabed56f179cf32ab60b6b076820ajls,0,0.0009580507057246668
2,20ebb9de648c6df989f04d07cf273c7b3yu8c,0,0.6253198892985584
2,6cd1bd77bbf2af6a2c6e535192af628by3h22,0,0.08009592289376966
2,dd661e2d6e79a5b3e66c82373d50f3ee86k85,0,0.006536751960892786
2,090c77ac89c7063f0d0ce064ce3cb3afllf5h,0,0.008690398074853408
2,f80075873f7183a03b1b10ac3f740032v6w99,0,0.008444944891639473
2,c7d335bf99b9c71fb22797ecbd78b92ashv4h,0,0.0065375979110923335
2,cf22da37578048d2e51eca1e544c693cke5t3,0,0.14449231063870915
2,7f807b2eb6c391d55e67bcdf7e1cbb3fhylw0,0,0.01110283655702264
2,1af4685cda2979a608c4b6ad83473774qgicn,1,0.7203259002277106
2,068450aafae2a6e390e35925d964290cdliqf,0,0.07269877295750385
2,ea0e5f7d93f2220a62bde8067f26daaa7oxgf,0,0.0026994562150301545
2,3a5420301c0dacbc5675f6f09aac0143tuodl,0,0.005130710407853694
2,d6ebcf2149c311d221b233b268870b3d5gfe2,0,0.0007565641934225357
2,c76f30b8330b6d14fb872b30fcfd9d57phbsf,0,0.006043659038711972
2,dd055846eb553ab8e953b084f2048d53bdqec,0,0.1073415935855137
2,7dc423d0bbfd840fa0bf75203cd7bcee75kmh,0,0.0011803778514749255
2,9e72fb21f7581cfff84e833d02538e5ar35kr,0,0.000369368942341822
2,82bec02fec2f08899489d7a5c35a30a0lbszo,0,0.0005890558976340182
2,64e802fa8e0c17ec2ba1b6425648b7cb7ndkn,0,0.00804340376549687
2,20662832566daffac929f803f0c236eaperht,0,0.008690398074853408
2,e18e3d0fbfba81cedcae619dfa977875p10ta,0,0.0011371749724245893
2,5e611461283a5c3e49b5bfbf9c33b7391ce3h,0,0.0006579242786441758
2,518e9fb1055de6532ed2df6d03fb78feus5s0,0,0.03455158316013405
2,aa8aeba2bdd0353a108b9b26f12ed59559mvz,0,0.0010689144368596429
2,6aeab198df208f8628825f7eb3ec3701p2ybk,0,0.001869652461370314
2,a8561bec318a7d3a0082b35b086b4428wekph,0,0.22826904471371381
2,a7454ee6fbb69c4079caf5b5b92574abi6pyh,0,0.05356266749121901
2,76218e14c379c12d599dae9e1c00b61a3i5b2,0,0.018105511197314954
2,e0824707d4a78230ae54209a920bc3e3pzdpp,0,0.00991160609378394
2,a74e3962ca26514976056bae3c46d579emz6y,0,0.03536846371070246
2,a6bf74b19fcb2687ce345930c4c16d4e2txda,0,0.06457808818833809
2,d9177cca9a1bfe3478cc4f11a0d57de2p8ahp,0,0.008690398074853408
2,187636e527504df29bf42d4a2b7767e54bgv7,0,0.006536751960892786
2,f93a998dc10a4c98f65c6b86fdff651d5i4qh,0,0.06680042231144435
2,9ca41c3c062146a06d2682835f5136807yao2,0,0.0015821309473391435
2,0b450f2827ec670da34be66ec2a520213xcuk,0,0.00041204198451324305
2,55b39a51c925bfb42fb812ebc5fe318emsjjf,1,0.8950507135472986
2,4a2d5b70f0fcec3ad9d8ac4b447efd6f3vs9c,0,0.012336229951477687
2,e1b1c514e1b87826fd045588f1f3881707cyy,0,0.0005468539395309656
2,eb2c4b4493f31788ead745533e0c9a18xzzlk,0,0.01478270281247501
2,e0b6466f9f720e9d9a00d7c12b2e2c6d8xwxz,0,0.00031960013794966294
2,3106ad6371a3b740e2af90635a4ad966zeu1u,0,0.013587585474762822
2,7eb6a5ffc5e8471efad7cdc8927daf677qcf8,0,0.053676400584317066
2,5c28b04424e96267711d5af2db62e022tp36c,0,0.02896678929009308
2,9c0cbc0fd8a6c22ae3648801ade080fek6i13,0,0.03955215849670348
2,11d7f0a5076649b229c301a22537834e1ehwg,0,0.009237141383118118
2,8b809e18804865ff2a2e799c9a5e8a48mtxdh,0,0.21807367759408136
2,3fae46174ef1a7dce5e9893775f814c4so8s0,0,0.008690398074853408
2,5b45b150b6b683a98b5bc19c4214f44cvzru7,0,0.00041781802209459767
2,c871daa6b709e008825b667b05efddca04jbe,0,0.05657774053590271
2,644e284380171fa793695a91b6a12c28jcwku,0,0.033258187438098254
2,10b431aa15b56084d32fe1ef123c4305wo1nl,0,0.0007800776182466193
2,c2294751630e49a4e594dfd89383b271qzp0m,0,0.016986768300168077
2,573cf43253a18821e50dfae941ac287ceymgo,0,0.0012852577728249086
2,18eb8d55c84019b9196c5ca7e072b287bv68e,0,0.0010028060777164467
2,a4c40fd7a4c1040283fb2b84611eaad240849,0,0.8237137883267242
2,fb6814db96bbaf61f42270a85f0f62adunxft,0,0.0005115593573814672
2,67d245e38ee756947ed395fa099807fchxv99,0,0.0008998359717036081
2,eacfdb47b3daccebd9f16779c5542fe5eytoc,0,0.0018022390429805616
2,200b548999702c10f8f9fdbae9ce60622owzv,0,0.18675810027790085
2,20d08c7edbcb4b4ac0214b664ca5bb9cprntj,0,0.0004959651901917559
2,2b72d702b44fd7dd58062e326fd8e4779j8mp,0,0.0008842593699661405
2,d63671871e4010e904b9419e48781565weafn,0,0.011749739128430976
2,e0e5719b5d763eb4e04c7f6e4e32884cmlpj7,0,0.03536846371070246
2,7ce12bb499c156ba4513becaa42aa8c143v75,0,0.006227618153060163
2,b7efeea5ff94a281635ca2f0f7e8b3ca4zykk,0,0.013450941227648283
2,9ebd57da79b9286fd67a53e61528cf63a1w6c,0,0.0013587496180913906
2,e5fd2ebbf5bac9ddc73ce524e1b33c3akti0q,0,0.004400547348902583
2,9774dc752f855f07b9c00eb7018b607c0ymxo,0,0.00036831812071355885
2,3b947f8c954acf4354d2c3bdcd494fb0x54ee,0,0.0008305929477302234
2,c0d065cc8cb585f027143f2ebc6b49f01g1wr,0,0.004756584919438259
2,20a2d48ac3400228e7a0296aaa596a0fvckdc,0,0.0010113682334687746
2,679d60378d42ca9d3b8a28073fe14fc7bv4jh,0,0.029917011537656298
2,8f6f7baf33fe2a5206ed3ca88446a99bmq453,0,0.08145151268969823
2,61101089c1b34f409fc9b836a7f9cd163y22l,0,0.0007878252510702142
2,2819b8b2295f272f33f8e76fd344ce6bywj1p,0,0.00038157007007885214
2,445305769cbfccafc89ff5ebd004598einesy,0,0.07813852992731088
2,be3bec53b42be118ef2a87fc40db7311k4as3,0,0.0025212067673761785
2,9f793ee6e6df7f69b5a5acb4e13db0476b26x,0,0.04570978561620415
2,012441119bcf83b23d4768bb72cea6d6carua,0,0.006093517395860411
2,2d6a70a8341ea0fbe4c8537ffbce919etg4x0,0,0.008690398074853408
2,953879d32e39e014cf8ce73daa2547cb2ke8t,0,0.0005689572727030158
2,40efc98d259ee36a8c2a387ba49f39d0fa39h,0,0.9058085795195865
2,156f4a8763e602ef789f8048c6928676a1ily,0,0.008690398074853408
2,dd7292cdbc81ebfb87945d9ab176d679gepf0,0,0.0012162714108770861
2,222a0e05442fec0af2d20ebdcafe4b28c2pi4,0,0.0007369547274564675
2,2797fe80977297483e724b8390161c937dh4g,0,0.014766399730996088
2,9e9270c06937bfa13f5b29e737c3438fcocyn,0,0.0012158450290279338
2,7a71e329f3f2da98a3f82e7bfcb705a0t5822,0,0.06869391151265121
2,163097c029285c7eefa2d60e474d65b4ap2l0,0,0.001079791756640947
2,99bfa04865566ca88573ebfd3c7fb1f2c64cr,0,0.0018590917977343044
2,2eaf4eef52d5b17615d08bf77386fa42yotej,0,0.002245595043623376
2,fb7c9b1dcc3b44dd69e42a84406117db4t4mn,0,0.012372898597324641
2,c6a49cf5944626b45425712f9e19e91d2nyh7,1,0.988502476153075
2,060ac64ff78ae62e9bc697192cebea333760p,1,0.9116652423552105
2,fe4906ac4c8e2db5ed5a71e8a9d10080u6g7o,0,0.04570978561620415
2,d4d4b36ea722e5b939e51e34953004c4t671f,0,0.0029985947295505825
2,cdf76f38b6f46a3bd396a99123d26909xq5c3,0,0.01409097877337197
2,46c0ae10d60c4fde2b6301bbafecd7b8dcla1,0,0.016806945526726822
2,6f7043cde57060a6766b551df5fa6fd9p3ojp,0,0.0010553137463754955
2,d2eca28cbe0a3dc69715d719c6958faaaqx95,0,0.05869906441374515
2,1e050a096927d5b34f4a85d3af28d30eybsaz,0,0.012605748634090516
2,d2704c8bb6ebbf13e08f37131382b126wy4yc,1,0.013866040947653042
2,3bc8edfa1995a99110b957ee98fb5c76nkl7t,0,0.6761514538030562
2,4f07602a713c192a941204b27e2abcf1srnke,0,0.0016011498023823577
2,89c8eefbf6f83543ce0792d1e4b86057ti16q,0,0.0006315096937132236
2,916aedb8fd708e100318969dfe57a4639hexd,0,0.026688155565018357
2,f27321571b5b6184e86acb6203c766f2bsfxg,0,0.006039117755516202
2,a4630d8b78c796441a1be187f6907b11c5eu0,0,0.0017097612313607398
2,46ceb58fb7a57d86a26cfa154c940a8cuktu7,0,0.7918612937129309
2,d645e4b8b043a18bb1c8689572ad4fe16q3np,0,0.0023421919871355694
2,0cbd01c9e8cc800aabd3b3e4c618f9caktfgp,0,0.7608190418591294
2,0c57d8eaa2708b768416ca91dd8daa2cqbl31,0,0.003097454132685906
2,361397432ed35185b5a2789867a859ec42v14,0,0.0003245484445853965
2,e4264fc4dcd5f917ceb002d860441370s054e,0,0.0006531030013756552
2,b2a19e17e1b9e0bca8e4563efbff5fed7v9xe,0,0.00022768789513553226
2,14b2d98230228eab6a6db3efc41660d7kp23s,0,0.0008341589597146151
2,8d49c8e70bf96a255baf30acc76a3f59b394w,0,0.044219803923563665
2,bd0071b98d9479130e5c053a244fe6f1muj8h,1,0.008690398074853408
2,b79560ebfed7c8cbcfb97475812e0836twsnm,0,0.0004055221998809511
2,d9ffd2f7f3cc1a546586701c2a6fbda24u9ye,0,0.33721832734656915
2,0a7446b63f183a4928ae762ed6cd1c4b894qz,0,0.005663213413612545
2,c89ad997f646e388fe375d7fe33a3727dzrh0,0,0.005416500094897335
2,eea590b4da2709c294e8db490f5997eadyc1e,0,0.001464876989551135
2,f3a249f6a5c2c88ddd8bccb1f8a85fe52xnkq,0,0.000755541411003405
2,2b044b4b7949b96e38084e59b5d1d328jib5o,0,0.028876935773539652
2,c59f4511da2e8dfbf02668a49bc391895wk3u,0,0.008690398074853408
2,7622d7085237d6b73d08e9d70ed11fe3u8mwm,0,0.0011583413112903266
2,3e2e03a4464642627e223fba066182d1qslv5,0,0.0008829012483055217
2,260568e07963ce8351f3313bd7b9b0e2vonva,0,0.04570978561620415
2,d2fe98eb0fa21252956184a98138c58dwp1ah,0,0.0009216624980753064
2,5c2b3f221cdf303df86ff1ffd7106fcco6pml,0,0.027706485601019896
2,a40808ec5bd9d0440585286f1658c3b1ag8dt,0,0.0021208283686880544
2,613fe9b896ce3801e40212b3c8a8053c1e8nj,0,0.0019499703321153917
2,de3bbaaa3bbc1fd1f751d23a972916d80q8e6,0,0.026276528441116786
2,8af01eeb860c2e6b1512377f28953110ml638,0,0.18958287196267923
2,b416bf88dedd6ccdbc3a2146524500258qdzz,0,0.003294641154198442
2,1dec9ee102b29905e2f59a52fb7429826e8b4,0,0.04570978561620415
2,877d96d9abeb73e437a8ebd74abbbf45p8s80,0,0.0022018589882609376
2,3105d663ef3dff7e483a46c56580a9f9kd7f8,0,0.07596795968932749
2,a32cce991a2f597f6e5a02605119f99b1dyq1,0,0.000459362567237947
2,3df41510a5044de5438015f37dfa3443bt7pp,0,0.001592395154838238
2,54379b25f1f35d9df78da9cd774cef74u5wt9,0,0.0007397724044914158
2,2635d404f4943f3dbee24aa16a2953c723iwd,0,0.001368378416754734
2,a6414c637c6f1275e2c62c48fb238c5d5aw03,0,0.0021108773544657104
2,78a444127a896122678835e12ef507deh01hn,0,0.001745915896398311
2,14d4e04d7ed150613974438a4dfd4e85dybq3,0,0.015034214115170934
2,613c7d60152ebf06e3a7dd326ba03261mnn8u,0,0.0017561394669507178
2,c9f94611f4c9afd3a3153da9654e7310jr201,0,0.016225052565875513
2,c9a97c18992adb02e6c2e6a8f9cc1daa1di5k,0,0.0008321280239635966
2,9e25bd3696b4e1775de205d2d4698a0df4s14,0,0.004132479140969868
2,1a9765ed302d0f91b512c23112066e41s755q,0,0.008690398074853408
2,fe6adfbbb2fc1ec0c3edf6677204bcb245uf2,0,0.0018605541623132199
2,92ce3c44edd41ad3222481daac1ead35bouwj,0,0.0012869852166037437
2,6182daa56cb0623719228c9e576b71fcpg8r8,0,0.03311626907590733
2,50a4bfbac8a9653af4099ec1169f684c2nsgu,0,0.20622648940696597
2,c7c854748038ddf37b8a9c4f5a28073fsut8p,0,0.05649097452221416
2,5fc9437841f1dbbe63a3a933c48472fcohutg,0,0.0011376419978314767
2,bcda2135a2456d611876679b61dac500vs7sx,0,0.006450968307279811
2,e22850afda081aba360cc18e2a9021caqjjov,0,0.0008541782232134999
2,a71f9ab1d130394882cbdab3c886f1b0fm6hu,0,0.00031960013794966294
2,e735a2301a18772a8276aa1f17ef79efu4yew,0,0.0014462960685586138
2,464506515f2ae684bd510b3a50b9121ec7v3a,0,0.0365558376412615
2,44d34926c0863edb7575b819980e0e728pn5b,0,0.008690398074853408
2,171fbac128e6dcb51d0f07cf7ed8bd3er891e,0,0.855830239039034
2,b0973e698b12fe51ec2f259d924c6098rasmy,0,0.00080814127135177
2,da2841ffcbeabaac373f00039c10f39fty6fa,0,0.17804060902769764
2,6679d668a393f336ba9d1cb6a154e03aifmkr,0,0.0010016037216045576
2,a48837ccd05bca96ddbf02c55ecccf639adk2,0,0.005243675900946815
2,b9c59dcf41cd0a7ba779154872019cabmohkm,0,0.00038299589697778476
2,90fd7b3c991701dee376daeb09a0a5b7kawse,0,0.02140602739648357
2,7259271b61d2f05200eb2e1ab1d2ec911jlaa,0,0.017111371285998458
2,ab3e02a6b47b250b738fdb010dc84cd7lrr07,0,0.0029876544554182376
2,1aa485901ede7baf78ea116e297e9d7f9en6i,1,0.010903644466124315
2,c900620a019e78a3eee44109e4d1e1d2xd2gj,0,0.0007197115252380854
2,3919be53bf4bd411ba25acfdc1362b49u4vle,0,0.008690398074853408
2,3d2608a892e44dad3027ab55bfaa0b26r69hy,0,0.045213439934018364
2,e90e4701234b13b7a233a86967436806wqqw4,0,0.23398449038849284
2,ef1d71dde32e587e761a1b39d5b374c7gk68y,0,0.002472587337956684
2,5324221d38a79636bc4560cbcf2d75c4gimrm,0,0.02943586037198252
2,8c33cf751b05ca6a9d886a379a84a2ees9jlu,1,0.14838043722859728
2,3694aa599f836a57b671ee0814b071775i1nf,0,0.1247772612799607
2,5dda8ade6b5d4065f3119a381516c227yoz8y,0,0.010652667778554656
2,daef74294e84ef6d7e009c2d51be6ee167xds,0,0.020122042269841385
2,591ef8d73236d150c32716359a61ff2auk6y6,0,0.0002954236760947686
2,2540f8192e425f9fb921db30ac1bfcbas4p6g,0,0.013250760100319139
2,2e07d37dd022e72ab04da76f51edaa13qk5rv,0,0.00031960013794966294
2,eea79e1bfc21ff1b9572213e540e1252s5iuy,0,0.0003600757608699911
2,870932eabebfc108296437c303db6055kc3t4,0,0.0001975008056818145
2,9196288f121946095e5c402fd326109827t0a,0,0.9854146259285333
2,afb1d898d15663a9477870391cf39b697gso2,0,0.00031607816497785827
2,06ddad46112881df154e3bda0e90fe880r57n,1,0.8736400980598825
2,d428139761f7b7563d57bb1f87b55876388j9,0,0.0018814466814122501
2,9349befb45c4869b68e82a1944f4f01377cpz,0,0.1126144652853674
2,2cc1c5bf18c858fd9c74901d8d80ab70ak8e0,1,0.9330361013193071
2,f8f87e237833c3279a953b785653b0e5qka8u,0,0.01077984194329624
2,21c5f4fff051adecaf1b080fbf910ca3dvi6a,0,0.002329020339161729
2,0d1815382b08885d76c671ab600133adeyp5e,0,0.7523157090066465
2,98e6dd2906ef1f7c13284a309f6b160cb2ujz,0,0.001842271342105254
2,c0b7161a67a0aae21788103c08eba7e9z8e8k,0,0.004794422618305181
2,05c9fe8f8852ea069a93dfe39fc0571er9mdt,0,0.008197080767752897
2,5c2e85ba72b9e9e16f77939fee7ffb5eivaqe,0,0.0006508781344821161
2,0496c24a6a7f593f28bf7896350e946advl6i,0,0.00074330972886205
2,900284c412387e0bb2dc2aa5ce42dbb9th70g,0,0.0015831942062856025
2,4dd7f98cfffffd6f4707fd0deb4a00b5rj9wv,0,0.5567535350582085
2,02cfc97e8fded77671e71e1951723d5fwz6a4,0,0.00031237889984013484
2,87c5fcd8d9582701469f94bff3cc415dvq4ia,0,0.0023460550156815876
2,c435ac9dcda855341e667d440c2ef7c6nd3mg,0,0.03976521897847205
2,c6fcf1f7b824c864d492c4cd676cd702owsuv,0,0.0016767861380234533
2,aaa8650a6e0997e90e4b6a9fc2ddf555m5c1g,0,0.007300607625923277
2,9df0031595e4105e4530ceee1a08faf319vvb,0,0.0007025865075630304
2,24029e6b641077ab7b9a1fde11a42666pkz6z,0,0.7369624319511496
2,ca5d4f0a3ea342fdc45c3325e5311049e2uis,0,0.03536846371070246
2,68d0de6b2b019e4f93fe89ef3c9d3e21zajj9,0,0.026173455081831224
2,e0984156959c3e7cd05b7ec8ae239303inqlo,0,0.016761031019626466
2,fa9cfea85e90bec313e512e9eeab2e869tvx8,0,0.4365467501678399
2,32dd072b16a69411ba3f67992ecc3e2144j5g,0,0.3550410126067671
2,3de66f8a5453943040d42e1e73f11eebll8h9,0,0.006536751960892786
2,e833712b1e29ffe74517e2dadcb4f2d1pt5t3,0,0.07508377152806481
2,82f1ba4809f4812629e9e53ea4c687d7begx4,0,0.06100471076549989
2,c1d9c4c69367536d7b0ccac19527629f65025,0,0.008690398074853408
2,48badabcce6015d257ff5809761486c8qgjul,0,0.010573364945505892
2,5de403f3d49221bfa7116570a4d572d8m19sh,0,0.008690398074853408
2,a945c65b19da56d0c7358d8858fe14e8ulfel,0,0.008979881551831248
2,1a05035da8ea9dead1030ccc993b5284n1on8,0,0.008690398074853408
2,2eb8a353db13e68388f544daa2e28359oenbs,0,0.8744164914727415
2,6c021878ba6173a04d55bc1cf5544ac1f3t02,0,0.08241543131850464
2,722d1147768bdb5918584997e1f677e55g0nv,0,0.0007922642903403078
2,a37b105534ddcabb169f6ae3ec928d85slw6z,0,0.001357187806680243
2,6cfd573a82acda92e8207745bca28aa7lqjcm,0,0.0013715111508043733
2,dc4efb7e05563288d1f2ac4ca65c6734017ql,0,0.028495610184786448
2,041d869edcadf595b90e3b5248903183pn754,1,0.9528934879736093
2,c89d56c06803b8c6316a7c906604c64939yri,0,0.0003416694569260388
2,cf18f6766fadce944ee74796489c23acmqhpe,0,0.00600515777917152
2,0a9c5e1f261c937c09817ea2d5e949f34v8oe,0,0.009668097523667894
2,445eea09a6299164f60dd11f23276b44rkt8q,0,0.03041978278391128
2,97f541ffdcbd1ee34610e3099c5df42acfvcd,0,0.2912352556115762
2,d5337c2d4b58426b30c8733313eb5247syn5p,0,0.0018177469874745978
2,2d2839fa92d1c8e94bdeb1fbb9e62149x6xc5,1,0.9895066830354387
2,f219cbb3d454b32953619d5a4551f56dcg7gy,0,0.00014897456159724734
2,96f31c5b3baa8704096cc8d4301b4c96i6fyp,0,0.048868862535464366
2,8a27b2e29086c0d2e589053537e88393zsyr2,0,0.03536846371070246
2,e704e6fedbe6caa9b434509d085f4c97nq6k1,0,0.0003931326468113377
2,ee2caa714a2175abb13eb6ef15196368cwc7c,0,0.004375731295016021
2,bf65e77ce8676fbab6fc78b70c50f05a8da8a,0,0.08577034322388342
2,ec86220eb6ce57c91a02a7356b342599jrcut,0,0.001675472868245423
2,8bce581a91921adaa5fc20e627cd7b94l6cp6,0,0.0019259434334753787
2,d7e83a95a05308d4fae6428bb9073a7bg8aoa,0,0.0007094219993703656
2,94c8c0f9c90820f28928caf5d122dabby69ts,0,0.0011705030032603816
2,d4b2fd8f5e8e02b660e9803cbcfa6cf2t5szq,0,0.004435658809127295
2,715ee2811c764d5c58aa228ee801e518gqvli,0,0.021949611031551894
2,1689122c3b25d9e7adc626de84c10006fr2n5,0,0.0008652033201035902
2,aa20f72aba9804a4922195f66a876688rugsd,0,0.014954826761744406
2,ba319b8bb68ca6a12086f2410ca7fb3buxsei,1,0.3335759584660622
2,ca9e2287e98a718e20a8ed117dfcd699gxsp8,0,0.0027210783210297215
2,79794d93380946ef72e95f55b4abc008hsns6,0,0.0015514670029784926
2,14fe3602f049d4574cdbdef13789647dsgtqy,0,0.04570978561620415
2,4038ae3276c0b47f420a5d73687fb73bghgxf,0,0.14324866891761634
2,52c441804b89bc20e4c8dd625bf163f27o2zb,0,0.20205766618161802
2,5e5d3410ca3605694b3c75b2274efd44c9vru,0,0.0009849759459279182
2,a124589b3af5a212406c0306584a9554fazi4,0,0.0011732232240672707
2,069d020584a0e8c61e622321d4c43881j7pl3,0,0.0013272308080154974
2,8c412ae875b672f18073d643c74f9f0clzbyw,0,0.00048170269937109297
2,c5c8a28a166913512f5bffa6a49788c5b0uaa,0,0.001779137755227243
2,cb705744a588c18087921e74e68cfa10oev6i,0,0.00714217879463917
2,820dc943d26965d377be315497837bba5iz67,0,0.0005391032353173989
2,6b0d09889ff4889deaabd5f15b3b34f1jxl6v,0,0.009107863068510176
2,e61c14d66cd5693d93cb0356d7f444ebinx9i,0,0.11845830859968291
2,6b531ceeec5892121e04dcc6f89b10a70yqoq,0,0.003132521052137332
2,a4475cf8808f8951dd5163ded3ee8032g9vxd,0,0.006536751960892786
2,dfb23124fba16b7778f65c1c8d091f949jz0k,0,0.09583153495988353
2,683833b860c003e6c31c521c9cdb49a1kr6b4,0,0.008690398074853408
2,4d6fa52e125a18f433db6e6603b58ec7k1key,0,0.009101319124593932
2,5114111892d49b59415284dcf19ceebconhvq,0,0.03536846371070246
2,0030a2dd87ad2733e0873062e4f83954mkj86,0,0.05343064611142772
2,c4294be0db6b5c9357ae5e2e7fc8da9489qpc,0,0.0007828688411899854
2,a8a2547a9153038fbb9fc66d2425d9a7efr68,0,0.0003650055296310002
2,bf190f2cffc1a77f0957f8cd1c98257dofy08,0,0.01559555364700764
2,f268f61e075419e5a001b86ee78557e2kmg14,0,0.002188566040769456
2,8884b7af726ce7bd929482ea13de19d39lzuv,0,0.03536846371070246
2,106f4ed8e9b727f8d94a1cd57e882a095pteo,0,0.0009442174974884258
2,4950352b0410495ef65a92b08b5be463c20yn,0,0.03536846371070246
2,0ea26a4028ffc16d9a8631d43e1b92105auao,0,0.03335867981730695
2,737d19fdceb065359c77b81d27053c4e5quiq,0,0.05671449645723885
2,403d9c0288bab462bae858dc8aff2f94ti9ma,0,0.0010570494248243936
2,cd8f738dfa2ea0554baa3dfc4465cdb8izun1,0,0.001129475934763261
2,d9d24106ae1ff4f5bc4ec3caf29d7bd2c2f5o,0,0.001369152595596709
2,aa75d58c3e1207618d47c72ffb19c872bolg8,0,0.009598529896931982
2,8725b0aa1a32054450c16b099328fbcbi71gi,0,0.001991445070247871
2,32d2ce86b00693f0c26314e3cce2438dvxbt3,0,0.05991751683864247
2,7e8650379cbcb3ef8f7f6aefcd678067kzbdi,0,0.0005399281435845884
2,34914d163517a0cc4f0c971afb2352106vsvz,0,0.01047293872187169
2,210ae8381324c41f7b49e95f1b7aed80z55df,0,0.004185148432999681
2,c9416e793bd0559bca3ad4a5194d4cd1k8eyc,0,0.000913040707319056
2,92a63dbb8323426833b944a4fc196fe27pzha,0,0.000791549634130647
2,55abcd1b00c6b5b54633fc7e98f0110bwoy3v,0,0.04755668483619178
2,24a32bf10c4a5d4d91c27da4710c869a0nqim,0,0.04387894405154291
2,78830493a121b8b6917d246ec73ccb4anwocl,0,0.984189186536217
2,1d4eaaacb6127c43c1c007331cac135bpib3m,0,0.0003674377729905202
2,46f1d7df0a8ffcc10c3de0dad8979cabgr9ig,0,0.0001197115934146419
2,e76057d8bcdbb3d2f935c30849a17e4d7ordt,0,0.0025799190032307247
2,353d05bfefe1dd96d3335575ddadf310rgnrr,0,0.0013250896554080117
2,00cc97158e6f4cb8eac3c0075918b7ffi5k8o,0,0.00023786751536454691
2,dbdb69d0032b0a251469107dd565b6c7irr4a,0,0.0014499197955741248
2,7a0b445f462d05606bf6ea07e2ab96ec1a4kx,0,0.002209540120118145
2,74582963d3774699f4215df7f2d17c1b6b4pn,0,0.0011368776270027406
2,6c8ffec692e88d81e1b18d47818abb04v6llr,0,0.0014163800241938141
2,583ce05b5add00d9e7e5dcefb3c436f26d7c2,0,0.006536751960892786
2,56b55e6ab49a4cbe7c76a2bbca804089pjq0g,0,0.0012606847088887023
2,d381ce07afba12851a815cdf8858c1c7g2pfh,0,0.36233433953741995
2,07012e0507b4281d430b93ddcd96cae66und7,0,0.0004029272065436593
2,37bb1697e1c3922a06c2d2ea4138a4c8s6wgk,1,0.7510809348036136
2,c2e1242ad5ea781923a08987d55365c69fii7,1,0.14600268856193602
2,219c6102f604c8ff0ead5d23375bb127del0d,0,0.45308807358018766
2,67a1b129ca241c51d0abb5484f8eb3fct8o5c,1,0.7361157599877196
2,d2f0217aa734f025ec008d24d13eca10ntuhf,0,0.008690398074853408
2,e4bee4e53a19aaf71e0ac0e3be752b2cz3k1j,0,0.0009325286599279728
2,4f7331589f84c6359bd693513bc9d7ddlitos,0,0.3249593963261928
2,6ca1de75674e78f9d3d63fd96fbe6e172t86c,0,0.0027051315479399013
2,71396d66a14f4ce0c96436456462863abwefv,0,0.10464899393158106
2,cad151bdf2e29b764dfd3acac022e5dcy8n83,0,0.0028689990349206104
2,a639448bde9a72923b70917e82594fc66sa2f,0,0.009961060192108441
2,9e9047df09026ed5a5a3a86403811159u5yja,0,0.002403079051911376
2,15b1e719796dc894ecde30f160e7ae20hrmmh,0,0.036944303331620174
2,83dbbc6c5c7ed95048ffa9427d807692339oi,0,0.06556654893233267
2,caf32bc98f84a47829e76ffe104371f6kphvc,0,0.059630526136383546
2,5cdd665a22747394620c17b7753947b0xgzhw,0,0.023303352957051108
2,21f5b103136104e4947e293983dbaa5b4tder,0,0.35200121499676995
2,86e888c2dafacf13580a1211abf50961w6foa,1,0.12363976533730062
2,9a272c3baede0633bab0e15ff98d207e3ldpv,0,0.03536846371070246
2,4de2f22ca840fce9ac653e4aa06d9b0cnhudf,0,0.0017112969412010335
2,98c12418158dfb9494af01308ac2d0588gfw2,0,0.020003164612754854
2,25022fb30734c2e5044e031b0e9a4a9ct3354,0,0.02057818901054505
2,fdf0eb91ae1ecea1f6902676f47c32c454yzr,0,0.004431193211262327
2,20d31f20169e8612fe13818891f88a83r66gm,0,0.03536846371070246
2,c99b1edcfc7f0c751b68fb310d34b75ei6j82,0,0.00019275997803304052
2,4c46b1ea933d574a985776ed356312505nagr,0,0.020224470235606636
2,780566278695c3771f81afc605abdffa4143q,0,0.0005419228202751375
2,ef65488c949595d7885525ccfab9100c6cmqb,0,0.5009017350650592
2,354d4abc23881a40b8f119225e0dbd09tk1u3,0,0.0014342389398938628
2,28763f241cf0483ca1dd3aa1bbcbfc37xntso,0,0.008690398074853408
2,4de568a9b480f0dcd3f2ac385121d75bbpy82,0,0.0002004155212309984
2,4089a2b7f26e5c13a7f3350bd52ebf8fh21nm,0,0.23977457433483176
2,d927c987f8a4ba2dc4f38dadc0831100tt94p,0,0.004748893242381978
2,1870650d20a97db60ce4133bb9352b69h9phj,0,0.011078220177833857
2,ddc6dc00f416ce10f23b57ebf758c2eeawzjw,0,0.0026805148448073735
2,08a588ebf7b98f44f8fc695d02adfa25x0amy,0,0.00041171351822965577
2,6ed19e45dc118b78a78f25649aaaddbeef7e4,0,0.0010861034217484761
2,1899fd76b484b9275854787a6b003b8a93js0,0,0.0015321174943752013
2,5f56908449455ee9670c7947614f7b4bxak3c,0,0.0053580797801911495
2,43bd7fe0ed7629fa774a461127a629f19je0a,0,0.00028914220401284654
2,022ac3a7ce986049d9a4bede83ccf9ddctvg6,1,0.9958530015235214
2,b9cb81e5855add059728cf932f0624fefbi2t,0,0.008690398074853408
2,bd6adbe79fcb843aeb97546947af1236kbg7p,0,0.007499747435642664
2,29e08b4d18198fe9265772fba3a4f6c4mj1rw,0,0.0015566951045971147
2,8f6605a649ae41fe950a6bf579452464d9lmc,0,0.0039061506100502817
2,6c11cc7744fb52a632306ca8bf966cd1e4zxx,1,0.8338129720297872
2,ba6811273d4f63d9a31937b71b0a22dforovn,0,0.48621016454096294
2,84f06d2c69695fe24cd69f8a1aae21a7kozbn,0,0.0007965942960199813
2,03e884d3e7e3356608187d2345e4693fyt29x,0,0.0007814121708479252
2,9f2086ccb71acd84652f861517d4dff9du4y4,0,0.003461814812362481
2,363ba0a2afea1b074fc1ed270c86050byprz1,0,0.0010182517776510924
2,15f34e73687d7361ac0d780737fca261g2s9n,0,0.012218340283473817
2,1dfb637157cc0e590e50d724cd4cad6d4cacw,0,0.0011589245453609179
2,2baa5a9ec317cb21a11d83f6dc72a2d6xy9jb,0,0.0023862186387147663
2,65d8228c6c1e5b6042f397afed8a5c7cbo6x3,0,0.40034643330393066
2,369515b3af4f8ca582f90271d30b14b6r52aw,0,0.0053452877830115365
2,c806dbb2decba0ed3c4ff5e2e60a74c2wjvbl,0,0.0005619674332649754
2,84a769adc98498f52debfe57b93a0789556f4,0,0.04570391614230636
3,91a3c57b13234af24875c56fb7e2b2f4rb56a,0,0.001045219208156401
3,4bee9aba2abda51bf43d639013d6efe12iycd,0,0.015359398841516133
3,7eaefc97fbf6af12e930528151f86eb91bafh,0,0.014610258351829136
3,585e7c21b80baf2225224fe140cdb1a73ddrf,0,0.010899126550217441
3,6e4d22dbabcf2eaae5689c7d155e1c1fev15l,0,0.0006637240190990367
3,b37b352197594dae96bb9219bf59d656oz79f,0,0.0017101597404284908
3,d878560888b11447e73324a6e263fbd5iydo1,0,0.006954156527821095
3,c748f0d69cc89d5812c9fe3a6413bbb26351l,0,0.0016750867222693477
3,322addd5687d99bf69306148e12f87dc5jbsh,0,0.0025729496399813376
3,0d0b3d6dc27d0f8eed70971f8c6bec1bdrs0f,0,0.002852160099532919
3,d6d3daba4bea632d7f5a4e2c5146f109dkd4m,0,0.01590837802558343
3,342f22fed8b1e90c6ff1a6b7bd80f6334w094,0,0.007970848246585937
3,a1f4d216a1a92507d97166151d7c9fe37bei4,0,0.0016797935297869656
3,aabc211b4cf4d29e4ac7e7e361371622pockb,1,0.98819913863519
3,e1da7d96b83f16aa80cc254572cc154fcoudy,0,0.006840128471731847
3,8abc7635daf75f9fbeb63783b7b8ccd5rvuyo,0,0.0013597295566608616
3,68d468e15e0de0bab9694cdca8e799eb2j8kn,1,0.9780777025167902
3,f60edfe5177cab56896a9d6860995095cl1bb,0,0.0015758932907512368
3,91dcfc10da696a6d90966ff795751708er5fp,0,0.29077762985897565
3,927c5e145de79f9ee2ada0ddc054b4e9hc3qj,0,0.01722017279926444
3,85be8fd21f41bc3dee86597d272825726bp69,0,0.0008074997831072696
3,59ae36080fae26bccbbc31a4505b6fb3v3zjy,0,0.015359398841516133
3,6394edfbd35aab54801518835e33ed50hcr5f,0,0.02159754186155853
3,af98b7d5a7c1ccd2968252a2fb1c06f69igbv,0,0.003781116120636953
3,96b90af2d3eea4d3b2bc725e1c92e212qu52g,1,0.7610639218536538
3,02bde521e763e4f4e590e8368149e04a96il9,0,0.0018929462587972158
3,6ecd9f4b332eb790dc933aea0a1528e2qkp4y,0,0.003870735899821031
3,9df0b0e5ca66460495931376045feb5fu4y7b,0,0.019772058315332925
3,7cb144485c703ac09fc73aa646041f72ogqwv,0,0.0018586750147286254
3,20cb327bff59dc8f4fe1ac68a30f02eb6jrq6,0,0.0006769946779307896
3,03244a553a252dcc3a3037f0371c8d33fmpd1,0,0.0018306139970235302
3,6086425310e05e77a53317490e8c1f3cxzf2r,0,0.19517746070927608
3,024cf43497fd7381df6254888670f84bwbbam,0,0.009326414924124332
3,47e0637718480102d235233c83661a7850foh,0,0.0020279655770361208
3,5b25a86acea5ff395bbd62399bb5cc9bb7h6i,0,0.009630234321177026
3,dc52611b1a2c84c0949da5af9870d57fj6ab0,0,0.005455836652412957
3,b27db6c048fa41b496dfd3423226bb0923yfv,0,0.003551546688091384
3,2e3b450b727fe3e888c85d52251fd33ffoi4b,0,0.001934861084102139
3,68f092336430866db606f137c57c87e0hw7aq,0,0.11304786092301135
3,22fb740f267ac617118261b2fd3365batisfg,0,0.001582052276364716
3,17eeec8676ad56bfead1a9406277f41cnev3n,0,0.43582572456576957
3,2c31770e98fc9fc7e0f1fee6207b5600c0e10,0,0.1391263531371523
3,74fc24cafc7c5936d0422b8da306365byjv2b,0,0.0012127658001094541
3,f63ed13362ce1c80970ba28a095c2bc5kfgmr,0,0.0006127492269607313
3,e909515a6ae94a86027c717c4085954akbpt2,0,0.008614867948222221
3,27809fd62bebc89be450f9dcbdd25ed8il6z2,0,0.009026321989649613
3,eaac863aaf84acb7529462118e7953c3oeky6,0,0.04803188541716995
3,e561facfea467ea124df0111e041287ctvgwn,0,0.01963879690988797
3,33031f476dec19fe47c0e3a051a68e992hmwv,0,0.01963879690988797
3,f0c356e136831c41884b0732ae3198e0gcy8w,0,0.0009400073956277678
3,6a76d66f035914f93ebc725a0998b399r4gdq,0,0.001887055388672114
3,2736ee274114e9440463bde9fbffacaa5xky5,0,0.019772058315332925
3,7339b024b285f99084bcca768cce5c7e0h2op,0,0.025330652603522803
3,354baa6c4764a5bde013ea3f7edc72552r3oa,0,0.6554886203557505
3,b191c73f160bb9320dd3715bc3ffed26ymluh,0,0.0008702092136366936
3,0565a780f2c5b46837bbe9739ef15ea92fdu0,0,0.1869317129512248
3,3d281a78c6a116a91baf9c8db22b56bazer1h,0,0.020528249499940067
3,b719671479e7d75b1ba5a5617c95ccad4dkvm,0,0.019772058315332925
3,e8e4603ed284adbd252a7a601f9bffe09oq6f,0,0.009384601652697095
3,246c55639cf85c682d58cbd2ed6a6563vk2yn,0,0.009202440447646985
3,c5dcc8a649adae76ce01a3fa85b68f237ny2r,0,0.004202596095854537
3,d2ebe13374f25a12865d50c17af1dad7yspzq,0,0.0005592463419488442
3,9fada390b6c53ecb47e6f4eb4353e14f01xu0,0,0.0017517470059847631
3,e959a3ae64e28a7d3b37934c0d826867o3sp6,0,0.0018586750147286254
3,f535b28ad58c83d35ba87fcd46624148zbh6l,0,0.007061178065768801
3,40e00fd204d0ce97110032bfc47f423d0bgrd,1,0.5665547683493657
3,db88530db963dab43118aef5aba127ec29abp,0,0.015359398841516133
3,bb790a228de797253bf6afa43ee52eba1s2dx,0,0.07197461219552974
3,cf9a1c3af63d1bc3f55728b4a06a5f46njrac,0,0.003944790960398351
3,a539fbaf8b29613ff0e4f3e5831aa7a5p2cva,0,0.12139739037733639
3,7607c4efa792a69e2a8949ccafcbef103squn,0,0.00010815766323411299
3,8c4b0d95ba36c0ba2a52f9043c62fccev75uu,0,0.006825926382130832
3,10c1e1164e3f8298df9a35c891f67babiycsr,0,0.0008702092136366936
3,5bbc8f66464ec2d962b0360d1d74bf67imj47,0,0.00047931856624513857
3,cffb5f3c1f4ca815d0f643fcb2f2f316beod4,0,0.10389316679272709
3,2d82c3dc726d2bfa19c5f16ec3de5023lbse1,0,0.015882194226353077
3,282fe85277f7c07b0ffbc5fed621a02ezp1zr,0,0.34567912082905244
3,d65c538ae39fc1a7e0677583bba5fdc6ax1et,0,0.25879068187669874
3,640f41f27c03aca0c45775eb918b666cnjsqv,0,0.025330652603522803
3,786fd201d9c952bc3453d4b3a6fa64046d8wb,0,0.009141942014870516
3,45cfe8744884eb207048e3cbee31ec56hd9lm,0,0.012968572875554463
3,c4b598fcb343bdd2cf826fc7541500e40xtte,0,0.023053771199341967
3,3d54d594ffba32e8d6527a688e7227e30iq3k,0,0.0014659571287110632
3,b2d3db61ddb119aa4e5f43e1bf72e349xr5tp,0,0.422350298038887
3,2e1eb5b56591662fd7ecd7b39621bbcfgd1ks,0,0.014041587316677673
3,4f891171f7b09f54d8b4f30b48421f178m75r,0,0.15748933499250065
3,e67abc3ba39537cc640678297a7c5bfag490k,0,0.021319782954985014
3,eefb0b863345336dce70312ff0f8faeb9qksv,0,0.003993164852801146
3,88e24a019c32a60f2ff315a9d217ec33q144x,0,0.0016089554513154017
3,bd8bd6cae40abb19b81b6b6a7775f63e5tk1s,0,0.019480146283195315
3,3961434cea4339f0049798fab2bc73aekuxjv,0,0.0008544195634260706
3,a3ef8857f2e33ecd25c409622b4e3ebcij8hv,1,0.9764848130070738
3,a8a5bcf248e1326b3340c88e057f59e9nlslq,0,0.015359398841516133
3,5d02346d70f11cd61d9fb955846ee9bdp5o6k,0,0.0015053774757790486
3,f04748a1437347d837a65ce04ee7d94enqhub,0,0.031529338177534054
3,b46132a554a2a3b93efc5a9352036e6crl6sk,1,0.2889491241848213
3,4ab56df4b1befe3e2ce5cd98e8950ba2psqq2,0,0.01603938443733669
3,651402deb28af3e3d1ab9a6b88314b591uuaz,0,0.00037909728947506843
3,3ddd3eba016fc11b07c8a9ecb3fcc2975bkru,0,0.2442075762963808
3,392d936106b75256632c9dc83c4f1a169bke9,0,0.0035242637707815017
3,e69dc706f159ef6e26df0d88388bc5edlymly,0,0.0009529978137649909
3,a6e261c09ae8aa7d0a47ffeb0110aa519jowa,0,0.20620818026334423
3,14f226ef57ed64d8e14c8b5ae929143cgq3em,0,0.0021519152941863935
3,3073d007a5b42b827cc770ecf4805278xvvzl,0,0.0040054687533826825
3,ec0c9e98cdf302274974ad212477f851iw35b,0,0.02419021136894571
3,a99f91d51e8d9f5786dfa52e24292dfebi55j,0,0.001891106103132052
3,5e8bf58291656ddd5fd2f71825565446aiopv,0,0.43623170779691767
3,8322695c21cb27accf0fe269438bd78fn3x44,0,0.021989813994296344
3,96caf14832aa8be04d98aa481b320392kb2gc,0,0.008128590494125548
3,a3910fbd35b7a0c383c9805eafda616fra4xo,0,0.01590837802558343
3,37ebf34eaeb8a434976416c34ed5c6d8ywyoj,0,0.0018154604660601988
3,d4a84bdffb9543626fdd42c879343ce26ds4l,0,0.000521461525299563
3,01067975436d123f717ee5aba0dd4bbfa0937,0,0.02293042058847412
3,9aca61f505f40a3b4f7865c2d00e2418s0e1f,0,0.3552910948217362
3,1ac788675f70655e71a013892d701e901kj13,0,0.0027632910455035217
3,796961698c2f2442e73c5195062370caawzzo,0,0.0009671998052431123
3,37ca0d0ded383d709676a4f9729ef39cpjfh4,0,0.000717628648426758
3,b4550ab1da3a3ed6e4a206c9ef78d496q23hb,0,0.22918258406976857
3,d0b096df6b5ffd2efe8d5cfad4a24912zs3dd,0,0.001500835205878635
3,1b268ea4fe034638a92d683b94bcb330vee4w,0,0.0018959864541031259
3,b0164d9a18a3cdf6082e96f9708040690qcqf,0,0.1506692958165145
3,e9c8ee7f783723fe8496dd35232d88f2or1r1,0,0.6537844588496325
3,1e0b1a6ea8d307cb61e221723534c4dclf9w1,0,0.0042669900884979095
3,34a7ce35b13775be4e20930ba2788a3ebu5n0,0,0.0012354846871257914
3,44be920e88377290bb204795f05a20369jp06,0,0.0009508127277160984
3,8783939eb63e5eb4e5cd412d8480f3955ipxu,0,0.0004422346063445169
3,cbe756ce81f5c420a1f7079791ed9aa2js2u7,0,0.012406682604788865
3,10f1460119f9e42bcccd0f68ef59cc830pwtq,0,0.0010353929865790452
3,f35082c6d72f1f1be3dd23f949db1f577t6wd,1,0.012952934687417258
3,c6108e22518279361de99b3c7c298235mkoa9,0,0.01972612573626512
3,4073de52fb5c46376dc3cac6b2f2cecdxyqjg,0,0.0005326396690443966
3,7c965df16147f68263573764dd257a7bxqmpt,0,0.0006140230763558357
3,8ec9269ed4f5aef4584d887dfd9e595aaynzb,0,0.0003849935357540655
3,6c0212679f2439c4113386b2c6ef513e8wr8p,0,0.9820869478296731
3,936d73a062928a362901f0e507d57b0a8rjs7,0,0.0011071753341237065
3,2db8669a6d21a5c8197d4287ea32b7883gv5r,0,0.0033849880843463747
3,6713e820273f591bdff7d26a48ee30c5k4iii,0,0.05718964749412277
3,8ac7cc6a62b82e675465e89f67ab1f962ltgu,0,0.0018451541730104342
3,fd1299f1343236dea07bd0ba5f8ca220csnv8,0,0.0008140611649017006
3,cf4eb0f68d47e6d4b92befd0b8fff39a098cd,0,0.0014014614166908287
3,af9c96944265cf541b3fe734a057821a825l7,1,0.6689630147058356
3,a283eb484c3245e5b12b18daccc075e9g9xk4,0,0.01963879690988797
3,38125387ec30412c438280af8931254dmvfgb,0,0.0013727814393903915
3,bbad48cdaa604c1bf40b59120a775794rnlg1,0,0.03996810486056374
3,4bddcd4957ff826dfd3b3efe6eb96be9aw5tz,0,0.05870437079201473
3,b1410ac124aeb5ef6b06667786feb742tijnw,0,0.10742126851962815
3,284cd72e028fe176f935114521ee998c5jsko,0,0.0007127843081924654
3,52d8066e28f168e5bee769559ead307e1go7e,1,0.4662872855891467
3,d8ada60e3b7204a104bba8c073136bb40772o,0,0.0022052853095429685
3,9f60e1593604631e10ad2677c51055c6mv205,0,0.030795853191479438
3,ae817305e82b580f9ab89f1a379488e39il4q,0,0.007905189975187079
3,c8e474ba549fe924bff9d3f585a9943cg9aju,0,0.00526157434711185
3,fa6b4da229eb64b4d44e7d5ee2b027f1j1whx,0,0.08576345008860774
3,86151544b29ad273209ec4605c257b089z588,0,0.03226627388999338
3,0141844fc725a85e38e12cc02fcdbbe8ofqxv,0,0.0030175937857606183
3,359444416c25e6e90ddb2e3d3d0bc23dufn9s,0,0.019772058315332925
3,e429d13bc2c7acc82d8d68fa020546c38v82z,0,0.002819330596725188
3,90eb8151eb82441b084d04893151619837abp,0,0.013589955709806074
3,18bc9dbbed75b55f35ec4be1351b7aa86an68,0,0.0002509397492631523
3,c72012c8072e2441b3ba8173205cd298cde8a,1,0.24975435203131893
3,cb6ea552ab5b90e2d0572148426ca275d1zzj,0,0.0032142827526710624
3,d13cd9e0a7b95c0a35f3456014865230qku5q,0,0.0016605357187140526
3,86e50263881b0d382b55777185eb648aagh1g,0,0.7618695521748453
3,1e3642857c10e72cedaf7890e3c07bfa8ibzv,0,0.0018929462587972158
3,23af639c0bd57bfe9bcf3b16973d58b7666fe,0,0.00265239187903857
3,bc3b92a81586cb726cbf4d5b418fee41o20sj,0,0.008862974712653666
3,7c08de9de285265b2c34970139331f9fnr9ad,0,0.0513405918065701
3,ccc371d7848a80bc31941248b9f49b95hn694,0,0.001280134587862764
3,c4d42d0beefe49d6157c546a2504f4db86hvd,0,0.0071269356500831636
3,213a7fb31eef8b38a23ad6b0bf2c7fd0dx3vk,0,0.0037086864664718725
3,9a12aa1aa3560062c6f84bd374eb5f7f422vq,0,0.0005592463419488442
3,a2933e33896035761240ef5a62477779jf7ny,0,0.7221396768283616
3,339b8ca3185dcaffbc3ebdfd960020e8es0as,0,0.0013159422679977926
3,6be863f26f22cd79be272789ac7e9153v27yt,0,0.008809210756503906
3,7d8d3493942dc13742444f28626c5839axjqd,0,0.3183929323102676
3,85ac49e7f93bf0e20323de78362bb4aadnwia,0,0.002970030045983422
3,69e97e52dd6428671f46f2ab6567172d8mfar,0,0.027518324607597497
3,b34fe965c04012fd22123ed948257184pqvfg,1,0.6014156007558461
3,5d5816d216122786933fb74c459f35fc0vnac,0,0.001070655478892849
3,63e3851eb5e1ee98df1065b333f6cb81mlby6,0,0.02456457833586327
3,23f9a0e1492c4abf375823266ddbe36bzukj3,0,0.0002084263259520769
3,70c6727cc40fdc6f752b28102f31a38b883io,0,0.002879781805064403
3,60849c6d966f178808d94543173cb93dog4gt,0,0.0006116524677767862
3,e6f73230e0fff1d9a6b1b8a6617002ea9owig,0,0.0002618458690801771
3,ca5730b8dad8f35fba24b68c9ca5d445mp87i,0,0.0016065609988045546
3,4444bfb455b90711234e0c25345abbaddrt0x,0,0.0018929462587972158
3,3043fb0b4a1904222f640107f84d6f799tves,0,0.0022621987706312172
3,70daecd44c89c37525aa2ca294378ead4dggh,0,0.6360259346384824
3,b9d861ce6162179a4b008b63e7fae80fjoywx,0,0.00756578109370218
3,6feec0741a319299c78c47040893399ebas6q,0,0.0004712078125579468
3,ab0b0de534bad49af05faa626b88389cmjj8e,0,0.01123735970198926
3,4ac31aea605d17045ceedbce23eed239omved,0,0.02889871117197591
3,9375e98d0810ce9119ccf45300249636zfpd9,0,0.0019544131637975544
3,e2165ff862178c7b2946f7f62f5a3e51wcvaw,0,0.015458485874157603
3,673650167f432c009e9dcd062cd4e9fc2szln,0,0.0006139751409317835
3,5aeb71cdc92fe5d1c4a4e127d7ca7783gzje9,0,0.0015518789918250906
3,fdad47d27b793b74470086c35333d4fepycsl,0,0.0016122690608285607
3,f3ad2931359bca59c36ce55ba82f9af8enbi8,0,0.0004162759354649697
3,30c3c92cc9408f55cfa895ff8a505930a3yy1,0,0.0021082260658132654
3,1214fbf35079e7afc0a35645f8be8b218fd5o,0,0.0018929462587972158
3,42e631af9bd00e5e816f08eba3b102d5ch576,1,0.21242812593878935
3,85d020b5f3d99d1272efa0a0d34c56a5dtvxb,0,0.01363506403947751
3,a7c910e7c7796d979aa9a7a31d74a8eaqsapx,0,0.01963879690988797
3,c6453f296ce36005d7e7e67e159e1b7cdbmus,0,0.015359398841516133
3,1df1dab2eb718c3da3f9a0aa90b93651sxqzo,0,0.0005497598004539048
3,b853c1e4d6a4657d35705772ca6cfdc3qtox5,0,0.019772058315332925
3,30da67f34e3cc215b3bdad588410fab5655fx,0,0.07934907126704958
3,1395ca662a02245233af951cc7ad8313vk6w0,0,0.00277874788926996
3,9ae9782ecff93ddf1c6fa13d711b9fe1gc266,0,0.024170023227907882
3,424aed9d807cfe0b2167cfdaa4957fc0heell,0,0.003192471173047516
3,81c9c749b2c9f97215f3ddaf8b5a5fe1k757u,0,0.0030715900313145234
3,18076726ec814a6f56da2cb9ea89d105j8vpm,0,0.0006752807435727515
3,a7c263f3fe4f19ff677e5cb475f7e5a3gdom3,0,0.0013842677925655358
3,4ed4760782d4e2c65bee8cadc1fcdc89htz8b,0,0.0011250668592984103
3,91c749114e26abdb9a4536169f9b4580huern,1,0.01590837802558343
3,d056594c1d7976b6ad4ba23e2b4cea19l2i0t,0,0.007250202035303196
3,9fbfbd8a57e4d4b18338063ffa43f1bez92lt,0,0.0010524853004814636
3,510f33a3c0a290a0e43d2576d928a4abxieo3,0,0.015359398841516133
3,6362c8d61774cfcb6ada7cea1be63678hxkfz,1,0.621876036783475
3,977436b0a445fa555d537fbf1d4bff2e4z40h,0,0.0018929462587972158
3,c503bb79d4f3522f51d348c680906c1bs0w7z,0,0.006996109553090706
3,a96039c7cfb1d040ca978ec5e66ee2c0sb5ht,0,0.004540281484732735
3,03aafab9868455b78f0723eda86698ba9v9rm,0,0.9275892601442279
3,d43189c6eef7a763b2f8596228807dd89x9y9,0,0.0014401510075775917
3,4199816cef8be846ca71ae752575744fimyto,0,0.9850906418511519
3,e268d06507859d78894a8f6e11995f48zls7t,1,0.9922752288940908
3,989e8e68621a43af5a8d061aa91bd9bfshy7d,0,0.026557637986363375
3,c5863a228287327c9980d12a632985da9vi29,0,0.127737293136177
3,898419c2d011d5a822e9ee07c387098ezpc12,0,0.00048211719624724757
3,08c39ef7252995e0749f7927249b8dcb1d3xh,0,0.019772058315332925
3,372bf02911448b7f62cc861074a7ac81y0jsn,0,0.015359398841516133
3,fb200accdd0411e96f1b0f6d6f6d4f52rgk01,0,0.0006051324347890662
3,e8f3ce0b2d0849968400b63b992cc606psoij,0,0.0006999258413827762
3,bb73823b1c3f577402c9aa9eabd1e412vp2xw,0,0.8383692410181106
3,fd5cef3fe1217c6591500c715d71717anczcq,0,0.0002872223197944812
3,2d73ed3974473a764859084d51334440k5q7s,0,0.001991670966366518
3,db85fb5556f17b744938cdcc2e7ce9b5urspd,1,0.16151327837924628
3,8a4fc219f01e1fe6d4328b0a47fc54905iv05,1,0.021483578855054676
3,ffc4e2dd2cc08249f299cab46ecbfacfobmr3,0,0.0006670538584029231
3,60edf674563f85b227898f6af0386476efy45,0,0.013319185335810146
3,142a2545c5c01937b05ac6de9773f9efgx0eb,0,0.025369674712209217
3,d6fd864297177c38cea65aed8a45fb7bbp2e3,0,0.17020151710382825
3,d79919e5ba11f26bce5e70f0a4f859e3e4q9y,0,0.9120235253737956
3,1dce9aaf9d6b9cba38f9c7489764fe30nlrq2,0,0.004252200337726444
3,dbbf9d9b1d7fa110208f77a681008077plqng,0,0.0011022642867155078
3,486dc9de91d243625863313adc03aa6bv4s1e,0,0.0058477391292947045
3,8bc48bc2cd0ee494e55470a7ab0814c12riuf,0,0.01963879690988797
3,30788b28de22d28938ecd7ed6795a8b022qm7,0,0.023053771199341967
3,bd85d0d7fbbfab49136c241bdbe119dbgkuna,0,0.0018959864541031259
3,1ba9422d7a55aa5abc3ff37d1cafa9f2yds7i,0,0.020767607094418924
3,ba0ca6f98ed66bdd1c4e86db2ce4011fdk6ii,0,0.06224091055179556
3,233e09e861813cd087e8937f32a29bccs7b3l,0,0.001080372191901015
3,225716d7bdf8f90cb4a4b779c663cea5j9sqp,0,0.007970848246585937
3,2b2ee7d0ebdf910833b5cb173c567881jt8sj,0,0.019370375908571952
3,92f8392be617527734a2f18482815af9ak8l3,0,0.017873858917858334
3,12c1b22ede3c23949bf130cc7bac6316ks7fj,0,0.0017927826732012167
3,21114d057c297080f0f882420d2436b5mmukc,0,0.07934907126704958
3,e4433ef42008dcff761f12b9ade6fd31krdwv,0,0.005592578915391335
3,e10ae48cce1e198f7283064cc8a2f836iy0z6,0,0.0012644089732612134
3,17c59325ec223c94dcb301a7451c39871vxq3,0,0.001189605996598978
3,38d9e2e83f25229bd75bfcdc39d776baz5zu2,0,0.05217963327997841
3,50dd191676497345cc95d8b9f7284a7371z5s,0,0.019772058315332925
3,5097b3a4011380b5d9447e1a7a20b1a556yzj,0,0.03438690712542952
3,f781d7cab96d95bcea507cdd43b24255pw0dv,0,0.7932764329054994
3,c349d767ddda78ed58a3c5769e780598ar3ei,0,0.01590837802558343
3,afb7618f9e3fd071d4ebedf396e1d45drta96,0,0.0004097363261041301
3,ff181014a0d7bb534fb9a35f22e24fe72m1d5,0,0.10285266890356339
3,c4709885ecca7b90dea4beb5dabd68aegk2pz,0,0.01852385513218635
3,f8e90361c36eb3f6fbd485748e731fb7w2ci4,0,0.0017424829272279852
3,88ebdac47cc2623888e0bcdfb35b692ejrbvv,0,0.06157085858392121
3,308a5541e1206e126ef80f18cc29b7017520l,0,0.10878235661142123
3,88acd2e23ea6817d9d9fc28f38a8d1aftqssz,0,0.0005020416902851144
3,68546847f11f6415034b7e2263e8ece62p3ud,0,0.00825555541010144
3,d5b75c812d172da1ecb3164a1cfb7527688gb,0,0.0026262691950889464
3,ee45b2475e453e69ce712388959fe4acspmvk,0,0.0028405376915700375
3,d810a7956e4d9fbc246d585ce84e8ea0750b2,0,0.0005772725215421467
3,2366cd7cf3df530ef4fe40b36ffb936fyn3rh,0,0.012263711194281803
3,e0a9e4ffe2acd28599dacb91c98c34bc66vo3,0,0.0037848624074518717
3,28a0d5539562290a1a2f63d5b7230db090ys3,0,0.036015756110104005
3,6326299ca6a53277b2bcea07bd0b4ba8ktbqj,0,0.00027685946999990576
3,3e0bbd7d75cf543a56919ff5069b31a9gcbql,0,0.0037700908292277236
3,f23ebc71f2d8d820db2bf0576ee7e148cxvkp,0,0.05485575837584545
3,4c341a39553faef07ddb917ea4e069ed0yi3y,0,0.0003546614269566617
3,fb9b1e58ffba4b38175c11e03e51e1f48dnm1,0,0.0005341091290446502
3,c1850964c360c9159e5d1d0b6485e210s6uvc,0,0.0016388631683037515
3,88641b0f22cf175876bfc4adc44c00f58b5rz,0,0.0016750867222693477
3,d9576f0ba8c7479eb2b26f0d15c4abfayk5ex,0,0.0017546368647728906
3,8a7710ee3c886df8ca78c88120603cf6taql6,0,0.0005040234700112584
3,531d4a209ec0cf76c9337b42fb1c3d9c9tcuv,0,0.000917625330707378
3,958de49cdd870198543313fcf574d7c4eutrl,0,0.03382817330234529
3,67fbdc4209a1566288acba904a2b5a7ee588g,0,0.011524104402461266
3,0e5ec5baf2e15afdbf5212d8461e1ad9h3kr0,0,0.0007038614424732903
3,721e69fd30e33488bf82b7e2f9c8cee28a9ea,0,0.006555666134817693
3,e8b82b8640ecdd154eebe6b36ec63f0bdwhc4,0,0.004529118080747344
3,0b3d5f829d18ba30d967fceecb58821c3oeqa,0,0.012929817173894048
3,2271fe5b01f9b8f9d8409014ae4511524grmq,0,0.7471825369365134
3,074daf9a99b01591cb0637cb95c32600roriz,0,0.004954611234748269
3,8c09f4afd78059d9200cddc435f5c48ceph11,0,0.007015936004748838
3,953e01bab9ac8786b4bfc77d183732bbqw6ng,0,0.012703971843846596
3,6c3bdc508c20f2f3871766cd73064c8cib3xh,0,0.0007187832955887285
3,400e8b5b5447b4d11e06a8bb0754d8d6l6xoy,0,0.015359398841516133
3,9655ccc7c0c193f1549475f02c54dce45kjw7,1,0.0005724770221758261
3,cc064e3409a1825e3c4e5c814376f140qxu5l,0,0.0018055432149427927
3,026819504b59bc4eefb9963d5fe4271aql15u,0,0.004081592606713049
3,98aa09a7ca13559a9e2a43fa2ba4d2b7klwin,0,0.0010661705021524238
3,162886daa0054ff1ad422e0f18cddff3qofft,0,0.014840697031350327
3,e241b80fc1b431397ba6c70f2fb8ccb72wbra,0,0.02194464402151234
3,1bb7a8c04e70386f5496322158e9fc3ef6d84,0,0.010231912346779537
3,950aa0150f419cd6361bd3c500e6e695xfljo,0,0.0015154092938233104
3,8c939b6713b7881538cb05eca89cfb1cw1lhm,0,0.0006269485657164164
3,7bb914fcdec49aa88c7310a3dda716aa9fb8t,0,0.0009281309105826514
3,95ff2833eef5999a4f3ba4a7684d2b26a6v9j,0,0.0026707530317619404
3,9f9dd5c179d357b53f145ae1e5cc941f5qfuy,0,0.0004254471430038492
3,6da536112251f09a006b0c5223f154d46en4j,0,0.0009088813965731509
3,332ef2c7189603a497fc89345ee4f5605i5xw,0,0.03694138915016135
3,572c9964ca41ed055830845993fdab29p4f03,0,0.005673478670426356
3,167008af05d4feaa636a565f6f83ec61a6ogj,0,0.001047156058636431
3,27ccc09ae923d1ca8ff7ab3242f279f7xuclq,0,0.0012721856340392774
3,04c6b750b0552089c87ae03de72289cfcpfmh,0,0.0006602559087962801
3,317d3e44b2bcfdd7293b84f82f44b8e31hx1r,0,0.000640506936531907
3,d9dfeadc7e0e844ffea3cfc706daae5dt2hhg,0,0.0009582606967080738
3,af50d549e86276f034e52037722dd5aetouu2,0,0.0007669763971246527
3,167b4f37a264b72feb0f559b650d1cbd3ox60,0,0.002106305683548951
3,40fafe756c4695b32df7d19d4c710dabvzr79,0,0.0018929462587972158
3,2106dd7866abbfb4e7c68067d7eb9bebflq5d,0,0.9948055677914333
3,ff3ae9450581aa3de5d2326f70e39d20w8fbl,0,0.002635619206532893
3,942563fa6695a4b2f76ab6ff3bd58030i75z7,0,0.019772058315332925
3,ec6d3fbd8408ba43891370d4ffe41eabhnwbs,0,0.006367313751458166
3,6f07ce71625a0c57aa5c0c05071cba164jmba,0,0.0016328043207241743
3,cca4426ec6d64f3e73294d4d5bc9719beud37,0,0.0008143168664045883
3,308def7f05575db9bcb6a67207d6c1beb2cqt,0,0.010061130295123897
3,de4388600d997803223748e48bfc7b16ggyrh,0,0.0015394967211667288
3,762046a235e00ec6521ba71aaa1450c28ijkz,0,0.2849431568280315
3,ae9e482a7f4a625a878c6ee0eb4dcd01dkm6d,0,0.002831877432817569
3,3ef2325f8b68e1c030547a2a54ea6b98zwa2w,0,0.019772058315332925
3,90953913d629a03e27590d0d0f64456601ktd,0,0.17048737754567542
3,76c85d6bf559bc0323bbe1639d233e88nxy36,0,0.34581943691921546
3,17dbe14676cd3a3cb8a7edb438622f7fv2scv,0,0.00928458020295483
3,43c76d050c9d2509d85c9dc2b1a1dba4zb3qt,0,0.09932894149653063
3,4ef4b3e5727dc85f18aaf00ff9a1e936qyhp6,1,0.9393167025023103
3,a116e727a3dc0b69f5e7ae14d0ab40d44breq,0,0.0017386241109389096
3,437ac1b8d08c3b328924aad097a3dcdey2m1k,0,0.03608528048477229
3,44bfa21b7d497f097a594c8861d4f8d4w5e97,1,0.9204990728396937
3,a25f4c6838b83e0fcba372300c23c2537k5eq,0,0.0003876769671038499
3,bd7d5414174da6df4b018c21495e8a2cxiose,0,0.6090132308059321
3,6e29de28296a57f039026ffc6df9145cxo2n0,0,0.14850764175395448
3,9e1f21ee1888368e77b539083f4b94ddv8mrl,0,0.021900210637058933
3,6b28baf315d41017844e15d645bb2c05ybt3b,0,0.019772058315332925
3,6a3b1ee159716b743ddb8e07e499fadbhqn74,0,0.0003866666376921235
3,bbd1d48ef4e8e7e3855938755275ad2b2le9g,0,0.0014697901161943453
3,de717bfad3ccf44a93f39e7b43f3b227cuu5o,0,0.01743957832503471
3,b8da3e0dc73d1f453ecbe6ee4d4e8791pr8az,0,0.0003173712566354526
3,8254276e772450c5365707cde76efa4cwuzpd,0,0.019772058315332925
3,34e965deb822f329ecad42b94e8ba0ba3dpt0,0,0.007460520502984395
3,6c2488ec88e02bb38920200ece7d337e0bffy,0,0.025330652603522803
3,8fd35d215ab6530c2ef096c87233cbc93juwy,0,0.0020830248137051425
3,19033960ac23dffe078a1217788bc720jvjbz,0,0.0016387307515576448
3,0c55920fb607fef2d33324f33565758a6e4dj,0,0.0019950324699460915
3,e72d1b2319a2ef39d016c41e4824b68evxe53,0,0.002435855953870024
3,7114afc59caf2cbaf6ec1733922065f3uz34p,0,0.0009625331498371917
3,6275d51c0324547faa8a87b499812268tl90r,0,0.0039379114658308215
3,1a764d01d19a1408382ccace87e61c9fndlo9,0,0.015458485874157603
3,0a92c4fa2bcdc8e952546d236b322053o5wbk,0,0.0018869458729572517
3,681b4f9dca9e70441fca4a58c05b0f50skmir,0,0.00021460400155810322
3,79cdbe82ec79d0e60f1b113d9a5bc5b4ar8bk,0,0.0012953596348186387
3,3f977186d125ef8bcbee0c1562c7ced2b4utq,0,0.0017425287811013118
3,49f4481b6bc2255e745ef20ac2a720754r9mp,0,0.015359398841516133
3,6ce47fddd94be5792190cad9d972a5c4oyjww,0,0.0017055372943675785
3,d8a10762de6d62c087a0a8f0e61cf78bbgke6,0,0.008572907554644712
3,042780ee9a3730703e35340c575c3cbb7zjwk,0,0.03112298728583471
3,22e65b6bf73fab510ee814cbaeb9ebc1252mu,0,0.37046666946606394
3,177b031b4a77f28ff167b427ca967b52jetgo,0,0.01590837802558343
3,f4189a40cc622eaef015a19d75d9fe21mylhz,0,0.0007250719882772438
3,f29896e71c8077db28617a03c0f14e7570emg,0,0.0008390304431977259
3,f2ea6d89dd9897f0d6edb6f24c446f01ra6yk,0,0.32341521048666694
3,054b51d059fe981ca8cc4e0d4c49aabb5mck7,0,0.17018618518258946
3,b4495464d4503ccb8e696994059983c89g4lc,0,0.0016645065172018276
3,69333c66e55cdd6cabcc6ae64531fc33w20n4,0,0.007549626206606238
3,65f52b46edfc7fa64b9e74557a78e52c1it54,0,0.0026964638082635347
3,b1c9bacacf1f33a8fe48d1a4ae4c761bcltiv,0,0.007354990112286029
3,2a73f10b3b8f2b825e220ba0a1d2c49f9nikz,0,0.018074206984572364
3,8c339df2050a428c04a1c2bcbfe4a143loj8l,0,0.10655036580739377
3,b3dc6151c6813688d0423dbab13d3f19crw2w,0,0.001900788555885148
3,537f38e5fcf2656968e0a1752dd494ba8z1jc,0,0.001057747961285971
3,fcda141af3b545332fc3b2d55a8bba74uw7s0,0,0.006346008237547329
3,786cb68d5d2012dedaf70257449090f2hfb88,0,0.0009935133194889844
3,741b9948c8cf42d658676e5a46757815zstr4,0,0.000312751421119574
3,5640f30464bb5a7bc6e98fd2873fc25dh78hp,0,0.027518324607597497
3,55453d252a225f3b046c094a7aa330a80dr96,0,0.019772058315332925
3,424b638423f4862b2a84f22ec25fa22eb2c8p,0,0.01590837802558343
3,0589cf78c4bece729f0ac620557210e13no3n,0,0.00032159321311206186
3,3e602dff2e3bbe7a52236df2294c9e059fc2l,0,0.0003411855429819912
3,e5736d7f8082d7d7fee8430c0e2279bcdmt2a,0,0.026557637986363375
3,ad228143392ba96c21bf51499bac1c3b3kmzo,0,0.0005800762300825601
3,11d5f6925da5809e2d447788b85d6253jj8fu,0,0.0339287504389654
3,18e751726fd7c407c41cb18c20da2c4er5z1r,0,0.00198818333319563
3,3fe1dacbdaf96fab0c213e218968c518twu76,0,0.03310226260653804
3,53e2d855e008a5c2f79b4b848d467b86nofo3,0,0.10878235661142123
3,d81579750b388276f2d8f6d80384f499n13l6,0,0.0007632834398173842
3,efa1611e96c3238913333b8525c6a196rvy38,0,0.0009789994014343074
3,f939c17ffc7c39ac9b35b69e5e75179fv9pe2,0,0.019772058315332925
3,0381a69b7a061e9ace2798fd48f1f537mgq57,0,0.019772058315332925
4,1c5f4fc669099bfbfac515cd26997bd12ruaj,0,0.00024231395428721224
4,3f3a3705be5ea07b9ba7ee646ed756fbssuo7,0,0.0019590129487044024
4,0b68888358a492884e3885bcd73ea63bhxidk,0,0.0026326933296592814
4,2c581ec91825362ab66a7ffa05df5e70hl3h3,0,0.07061034683165034
4,2a7d1f9483d34546c4d099e36e3a79790qvjm,0,0.1864097497228741
4,bcf95b210295831ff6e20db3a570f909n3q25,0,0.6393618167850523
4,ef24ca4be7ccbd6ec68d4ea9f47c9e8ex1g09,0,0.0013707948516979934
4,68600b8922561fe26b8b6acf1d11efdfb24k7,0,0.7572401607428065
4,87aa94042390f9267d3b7d90e42b022ek5mbu,0,0.0006863646273518431
4,bd2cf3a868d168425cf1bde7c49d40b9jq0xu,0,0.024150165690373083
4,da6e2a5651b4f44fa3cff41cf9731ff8qc8fl,0,0.05110976088067283
4,cf33d05860b7f7d9af73c6091190b81ektz1j,0,0.06889328241032332
4,0cca10034c58287ee6fbec14a3f96c3546sdh,0,0.008212096803926813
4,577af9ccdc29dcacbbce0f36b7c1ff15btljp,0,0.06087039612321335
4,f5a67722732675f6285b70b9f008665fq01bk,0,0.015280573646788687
4,bff9a98b73f2b9a01300d3fd3d55b16b1190o,0,0.002270572440023846
4,28c0d4c81a22958352aa742f7d74e477qwo51,0,0.0030956883188529836
4,3073231f45ca50ad6830d4dc7261f283iwjjm,0,0.0007242138863095684
4,9baf61c813f1d4a09e3c70f6dc741f34voe3n,0,0.010613924690821262
4,3b233dc399f175100fb11ff9c66fa5b074z60,0,0.38397222801744224
4,fc8e62e5fb69ba67265a3d0e3403aa3fr8c2q,0,0.26533595294260426
4,3edae72a9d44c43524c0203ce38581d1790xh,0,0.024150165690373083
4,a9229b83f54a5f44a69e65b9b3aa7aa26qcon,0,0.002135924427944627
4,5106dcca581b63cf2226110a9048ee4846sxb,0,0.087464803792075
4,91d9b706f63537c5fc0027c50b0e3b06qpdgz,0,0.05803333826145167
4,ca76df527977e5168e1b3352cfab2ed9htipb,0,0.001868714244502013
4,3d9910a238a0f282ad3132dd6fc981c8tv3tg,1,0.22674381389167084
4,fae963b2adbefc663692d7feddb50d5dxz1hn,0,0.11578636637155781
4,db83d746ba8e0c388805fa3fcb235743vfqmw,0,0.18165228073459383
4,8e2a43abb8fcd8ef9801c69fc04bfcb5kyc41,0,0.013657432051627108
4,01c5692d487454cdbe731df330bef608f48zz,0,0.005380875183244217
4,520b616c26fc47935f6bcd5ec063eaa7w15t8,0,0.0034520488943993706
4,1053ead33eb1a5db7c36c979a455348abh9ns,0,0.0003824101977108675
4,4955e2c318d0bdca797ce17794ba18fblhaau,0,0.0038474446831573373
4,ef9ce9b85309d7d1044ce57055705bae8pqlg,0,0.003280043908037033
4,72dd0e4788d25f62cc2ba942bb9499dc7quqj,0,0.002348326544791664
4,50791a0a98478b7f78f8d30acaa4683dxab5p,0,0.011070823211373156
4,929b75b44585b34d2b917ec181ecbcf298fr8,0,0.20588112885908616
4,b5310019f2bbbd975c64dc11189191022k8tj,0,0.0008605323420403879
4,908ce7060337fd8550760a100921f6f7wsemn,0,0.005462841104325948
4,024937af9ea18a2b57e4f08762d181f7s8a3z,0,0.024150165690373083
4,1291b98e40353f77928e363d54a13c569bhfb,0,0.0031322524220222026
4,c600968815fc32b20e0519ecfce5b648en2wo,1,0.9866944072682752
4,245b584befa6a5b8c759491f5f3db580p2m5v,0,0.0005924012578842388
4,481db1a88023d22b3533044bff5239dbf3cda,0,0.0027944707138810947
4,42c407eb70ddacdcd59d63f22caaafc4fa0p2,1,0.9144205289231248
4,175a06fdcf622c9455d0a77990b9302dj23ke,0,0.06319865775962383
4,a9237defb0a6478098f242b27ebcef18qrotd,0,0.0047129943370730724
4,96b1df591dbbf3a002578574671d9ff1rmzev,0,0.005462841104325948
4,81a6dd18d43cb3b1999176eea563b438roe7y,0,0.029392776227962134
4,e7a98dc8545eb429007cb48799a40a2dc9p6o,0,0.12834666451050009
4,ff12cd48c7de8ffb8b2099f262ce03980dqqz,0,0.000752449204999588
4,5a2aa4e8c227de4db26547fdc1f017cbxb62j,0,0.0007356975817633516
4,31a301c70e897bf36276031abdf07ab6cs6z0,0,0.06087039612321335
4,e0544483ccbafc4842cba7650677d043n2e5c,0,0.07061034683165034
4,01349288df20199905e719f0ff7ee771nwryj,0,0.006177773221584022
4,179a23cad40c51dd7804069bf769d11e1ftk9,0,0.035005660983215114
4,f75cc5ec8acf1ad2349e00ffc4b3191a531f3,0,0.0008078493296585641
4,3a8124eb9fd3977e43f5e0762d9a09d536rob,0,0.002214498867938194
4,33a7a0121e28cca4e42494dd0f5aa03fdhlm1,0,0.0004773456404775749
4,f61d93fddb01d2d89a85a132c649aa90lj1z6,0,0.000703464719785651
4,3d94b376bae8dd60eea48ded36134a3962glw,0,0.0037537738352139494
4,7b93ccc9d5730b561ec5fa7f4bd48c04qudf1,0,0.49854829796627986
4,47c5cd21a74e45dd294cdd53041ec0a3dw3ge,0,0.4849944653993724
4,c2d1b8c1b7a9c8010f5b215e8aadb1d7gahpp,0,0.046059756436503285
4,6f46b3e231003daf21108df4624afcfdaaswv,0,0.0023610585322747435
4,dfa45994c8471762d04deb23c6450598byp8y,0,0.010601072254593433
4,7b5bd948eb1d8075be58ec9240927bb59ugz3,0,0.001397867805620141
4,570910327f5584ea1ccba92634d89832lo1zc,0,0.024150165690373083
4,1e1c9332e90c1cb0f01da223bc043c528cvwo,0,0.0005901224543958401
4,a0660fe8a46b9cb6b02e7b0c50eef6a905vt6,1,0.3298554497655711
4,72994bece8c918a2c4c432b98780a7bdsctwr,0,0.0018006617626591494
4,bd0f0c497ef09b5c1bb18b330d932bffktn3i,0,0.40202825405457254
4,44c75302aa4404e23781f8337cddf6ed5tqun,0,0.22531753743144495
4,6c55d253787acf5210f7d785546db80dqtleg,0,0.03149090507837196
4,e5f43783127506211df8c6290c2ecadbyr779,0,0.22531753743144495
4,5c725e840bcc103bb8d12c54ba9a0b37blxvw,0,0.0012694029502028118
4,3c0026d48f3d6e10cef6cdb1f708793ccwkhr,0,0.0007630122144512493
4,6ed7b95dcea7b359248e9efce91cbb11lm7hf,0,0.08577132339470331
4,8f00a4c4d7f097bc1688f8d89431f6bfmodq2,0,0.03149090507837196
4,35a89119272ca55d7f602689616b58c3pebir,0,0.0008121771169184654
4,ae45f9b94d86f931c84c94f3975e3d7bkv2r0,0,0.0021927085796880734
4,d1f000f475c502ecd2e993c52987e63ed3k7n,0,0.04617001998010276
4,e1fb642deec7b382433de94983d97681o14ko,0,0.0028235924422077984
4,bf80bec9b4a8d29c494f8545f2a4be4eji6qj,0,0.07283481890058438
4,313ede314e2e05c31471fd6a93f98af713jud,0,0.001495029652127433
4,35b111da8e919bb34e80511be9cbd128pjjdm,0,0.03149090507837196
4,f8d0d52114da74d98800dc7553008705dth38,0,0.003429262228929073
4,3d7cff3dedd8a8e02dbc551c6a61da3bibbvh,1,0.3724368280511983
4,66513f72be85596a527f9f653db3cb72cq4jg,0,0.7022096960744765
4,01255c2c7c5578c186873422fc00fd7afwk8k,0,0.0025708742933381566
4,3835e3bbf9a17a33867860a9ba19621dp4wdc,0,0.0036174686319678335
4,9ab3bca29dbc32070cd7f729ea55639a350tu,0,0.0013661350637360315
4,f01d8d55568b1f54b6946a1b78a3983exkz5u,0,0.001668056297909494
4,64885ec89a54c64598b2d196e1fe2e351cd60,0,0.002362953869111764
4,2a4654987b59646a120ac74301339afc4eylt,0,0.024150165690373083
4,7d72bde2e297ee81296adb4fd56e8800p7lbe,0,0.24695910305899366
4,6533b670e02ccf583288ba7c8f5fb1carmirt,1,0.991221691101787
4,55d0b2506cef6464d799879b65c6ba29hjcv3,0,0.46952227177016803
4,dd1675bf26316cd4630087fb47d0ff8fsug8e,0,0.003117165462074178
4,9be87a4f123366660d7f6d40ffa493a8ffpsj,0,0.004693640075927665
4,0870fb7e5701f3ba56762b03e157afdc1yw7u,0,0.9152038733097824
4,42cce5c657dc7d99911d950cb22fcb4fmzz5e,0,0.0013734894798939142
4,51d2e1b98b7a1e42b939637dc6e11381zu201,0,0.002448962158144079
4,876b122982958678f14bb25d887dd79dun3qa,0,0.002152518569065193
4,061690ceb6004807b7906968bf382dfcbve7y,1,0.6951099252578778
4,ce22684df495e376e32ac95d3ceb1164t37l2,0,0.03167466109054282
4,b1729d5905e896a8411f81bb65d66343ladls,0,0.0006761260918616392
4,790c497536a2a9fe080c3b2ee6d5eeb9caiv8,0,0.002617660926412542
4,8d8f705595701b921012777a281a553622300,0,0.0012295309250951341
4,06a58d4af0fe7ee15324b0e921e8de1260vef,0,0.027171828100126777
4,0e8212e286ee36da8945c2480e366417xa22x,0,0.0013611558812790536
4,d7340ee3c04e600c31fd2a34c760f7e7d26bn,0,0.0016769398591419491
4,e4a9bdad09ebc5d5a264723855fcaaad6q52x,0,0.48956311156064775
4,84c4b58a1491da3a30710bcdf61f87054xfq6,0,0.0002113339183382212
4,3d48fb12020c1a81a65fdba2d75caf0d6q2nc,0,0.010959531290727794
4,936d542904f515ea87bab7996497b11aszyco,0,0.0011787157217590582
4,c97dda0fd2de7d82d3a52eb6c0788062h3tq6,0,0.05421633444052209
4,0daf4f87eb695e2a84e4156154209e09k6ga5,0,0.024150165690373083
4,9f7e3e648ea8e6815c6e7caf59412e843iqbz,0,0.003144649580651032
4,8ea020a1fdccfd726f74ed7e90dc3400zy9iy,0,0.006260107727208247
4,b77312a06d10e22e3caca85fc7fe0342b2adf,0,0.03149090507837196
4,cbc71ae3c3690c89485eda3f08b9bb51rqrxz,0,0.26231144692207203
4,80bf6ab93fbb8316efd5c0b42d4b46c83qrdn,0,0.024150165690373083
4,aba1120a5b13cf72c1d52c0dac8aafc67nmoh,0,0.004663307247240867
4,5aae3111e4fab04fa5067c740329a38d11361,0,0.000932151276469628
4,6393f55c093e04e6e608e1ee8be9c3e28omjd,0,0.006594842890473165
4,aa7e36069de119ee3ad7c4d8c925fa3ekrs4i,0,0.0012682890270066004
4,9d98d3f00a0c0bddf35470b0fb735fcdhiriy,0,0.9458054841538104
4,0fa357965f89388d8e7eb8cbc3b85c6bnnro4,0,0.007958021973259396
4,80130530788e55de6e9fd515271859d1kgfsd,0,0.05262098135583095
4,4882587d42b3d7d8d7bec4315203f10bl2fts,0,0.024150165690373083
4,452619e019e5651a8d98e3d59a478b7fez5e0,0,0.0015956616277226902
4,9f101e80580cbff55a2307c028408a91nebzc,0,0.5875247974566468
4,a9062f1d7c589bb01ee0b330ee8791fc702il,0,0.9410699171110293
4,6e18a078182a21b8522bb69a822cc338in7rn,0,0.0022440148590841353
4,af5d33f9724b0e8c1f875406c0556d1e6eotm,0,0.3881316153244344
4,e2a61feee7f94b49d7de1ac6efb237c0fjt1z,0,0.0047129943370730724
4,d4be674fce23aae81c4cb946d4fff8671gxtu,0,0.0012645875598952462
4,3d48d4b09fc7559bb6c129fb65c133808brgv,0,0.039317432734283245
4,1bb03cdb913f203f704caf8bf6840b6fbpigb,0,0.7084906206956105
4,403640a20dbd2c4bf554e558de137deckn70o,0,0.03545804678296881
4,1dfa6e724441ca3c913b3d40967c17b2p9xr7,0,0.0013491732268095496
4,d2fc5291537a61882065e571c21e796975uy0,0,0.0009933760390876893
4,e2e14e8e15204b504b146d17a2bed925qg3u2,0,0.05110976088067283
4,0ef9be4eb3b6a03ac2945522964b242ap09cy,0,0.000944787724142854
4,efdf59a8ca81c5d3744f9121ac8fd2c7coy3g,0,0.0021909337216764785
4,86a3a9861ed45158e964f9d004a224b3324cl,0,0.003784809761747585
4,e0df56a5ea8094d070b0130d7178a996noolv,0,0.004402235005437141
4,abec779131ec6bd32f5e32ed0f274400ekljo,0,0.0024020403212452034
4,ae15accae2164aae084aef7e3524c1fflq962,0,0.015243562308992497
4,98a5197faba8ba72d6ee9e1c95d65d737sigb,0,0.028707085468697727
4,d95c969eb09086bbad373dd8ee80cacbuagvf,0,0.039317432734283245
4,dc87cba6dc8717e219e9fa9edcd10ae4a2i86,0,0.002371989384391301
4,0a43de0ab0a7525fec59ef4bc1dda7a2z9z69,0,0.2431168469371539
4,e561791343f3564a6fc612a98b5f3df34rxok,0,0.20777865274578836
4,631f923b7bcf91f61a2e9f96520bd8c8vtl14,0,0.9897689122899159
4,13dfda714fb516e1f9f7abb0c927bdc2zmw55,0,0.024150165690373083
4,4c67576a6f30a158d16d790a7fc482b0zqxue,1,0.915879506117771
4,98eed7cbee9b1a1b526a635648e7cd2fhbt5w,0,0.12181097725507506
4,414af5edf09c473bde75644b76a68e7feesrw,0,0.019072342789574474
4,9b733fcc97535e27037c231858a711adyzvqf,0,0.0010969920389783947
4,a6d6f3f5034886fc00a1245b439de13a66ha4,0,0.02968381440819109
4,1dab9ffc5c6bf06e86e0dd1b3cb9ebecn5pu6,0,0.11748773533747524
4,d9b611dab3b5116f761747fd3166ecec80icg,1,0.1231526434597122
4,669c6a0e8aabbf0647e8ee6e150c47b18a4pu,1,0.8209064613789289
4,2fe472c1be232dca314d4bdf0fa95165rjv69,0,0.4646059931857518
4,bdbcdf6a935f4d1781a2d33bcc4967130bdqy,0,0.44423440887611554
4,bd29e36cbb063cbb96ece76680ffd9121dy90,0,0.0031912933473007533
4,ef89b74b58c49c1a321d3d7ce061d151k51xm,0,0.087464803792075
4,a2b4df001b0e40a398f6d4ae9b316c0eix5bh,0,0.0012448687664205079
4,c9e1e860e39bb7d4dbf3c91c5d6c36c2dv4tp,0,0.05110976088067283
4,f7e3635c9a532fb9a60d6eda6eb7c7de3uqs2,0,0.002369578244880285
4,4d6580da346435dff2503c55ee5e0cf8wbkb3,0,0.986800595642112
4,5720c8d7bc15b94037cd75ff9496a35evugeo,0,0.8604909121323188
4,2b5a7c969ae95b239583f09936560b85g574d,0,0.0005074180465119151
4,b7630ee9a73e7ba6f11f7717b7f03ed4be2hb,0,0.04678552819656015
4,72dbc4a9f579a9444c126a0a67118783092ec,0,0.0005993549018075216
4,e9b27622a64f2eb9dc7559d43bc45e31yci23,0,0.006157706414418037
4,76d4a0147a60d871867f00adf45cb792w9c6n,0,0.13656089398002008
4,84c7bbdc12233f88f35c2c3b8f178803ta03m,0,0.0018709485131162998
4,c1624207d78346c3c58cd44f3d5472fcriae4,0,0.002457388247684294
4,3cab5bd983f5be9c16789b6c14bae982nhi9c,0,0.08213498266737206
4,97ac4a68e5600c4b7a960d9580d4f251470mc,0,0.010781714799965843
4,0817731a4d2e319f6f771da3f522b8bfv6njs,0,0.9817704143201201
4,a6214d8bf07127661f322afa7c8dae91ypizm,0,0.0018572875802714641
4,dd76fa7a75bd0e1921f71d255a8e0853l4lbi,0,0.0023520959346089425
4,a0aeb6de8a21a5b776f63530ed753fdb34k7y,0,0.013275852675849234
4,8215dac41ad35a074c93bfcfbc0f908chlo5n,0,0.0006470256432534767
4,a2bb8b3e3ae4566203eb5b3021b4d594pohf7,0,0.002589578194508393
4,63c48b70d37dee5fcfb26f94107ba3b94d90p,0,0.004412780339117108
4,f3bb3c26162cfc1b8c3636a7ba126010na3n4,0,0.010013871134930841
4,89291354b0939c342be97fa58e018bd89fvcf,0,0.001280055863815639
4,70c31e8b3476b953648fd4f8775c1950m1uz4,0,0.0012848640974554276
4,fe19fadb955fee4c5fcd0e30e56e1542kx66p,0,0.013242965500890252
4,24284d3fc3334e0adeb6bb95637ca62d6dm96,0,0.004511149542272288
4,93ab2dedd76c1859885cf724ebcd987c9ngfi,0,0.0019362336885053806
4,b729f60d26fde89a01f3fa89759d6b07t0ec4,0,0.003491241348034306
4,36e2e2f32a3872d3e958c0a58ee79bd129xdy,0,0.0014464590441961142
4,3ded667003605eb856ed1aa2b82c1732gtma1,0,0.0015886794975512215
4,d6517684989560cbb0da1fb2f5bbba9b9y2st,0,0.011837365990531529
4,361c6da33ccd1c0df152fd932e6fb2a69i4ux,0,0.000772183151567947
4,6a2c4aeaa17c2fcf20958803a674f101vlxw1,0,0.001131905278199372
4,9685887173cc2e1e5ee3993832a4b153bfl9m,0,0.002555083606337935
4,716079d1913959ccae0307f760bcddddt6d4o,0,0.000708365010026716
4,c62a6956e93ac3b56b1292f2c2d85b1fyekav,0,0.005462841104325948
4,ffacbed056cbfaa60c1fcf51f0d381bddr3ly,0,0.0008811787254399601
4,5a823474f9fdaa129dea9fa690d51b62rgm7q,0,0.03113769962187136
4,d92c8c2d4c29d4c785431a8b34ea135awepbr,0,0.0016849911815008782
4,98ad4163bb0b1abf72f165056d4bf1a1g8ekg,0,0.004099168414930328
4,c478f94c1323552e85aec6e1013ecba586320,0,0.9561618638292029
4,bcbd5c95680cab78cf904fb936dd03f86g19z,0,0.05110976088067283
4,764234598477e02cbf8a43983fd43850l1c8f,0,0.0011052583776471547
4,f01e3769fdce36d31eae85525827ab17xeu31,0,0.0006489916767730716
4,098bfc9c440f9ba9e6371f774ec6a36fa0sq6,0,0.0025829085584701127
4,58f590a56f480589646d255d570b0877zcjw1,0,0.0011988499881406534
4,a8c2410eb81513da23261a49135e4eeacw6dw,0,0.08853702674288451
4,11e47dc08d7fa4d1a1953b5868892f72qvlho,0,0.03070462363837568
4,c5120d10a23eb0c10d56a19fecbf9da85t4ow,0,0.0010719745061991948
4,1530008a712831e35a673d38959528f4ozipv,0,0.0008037336886893814
4,f4294bb3abb69fa3183e7e851b58b278k83z3,0,0.06087039612321335
4,bea63152ca4d99f549999ca57b93d015z9kyh,0,0.01635272635708755
4,e21b238213c361523d276d67f37c05e3qot5q,0,0.0010800282424966608
4,96b7bb4238e7ebb439d81d63db4c2796aoofv,0,0.0017048294152024303
4,d3e1891edac2851f6d34de566802cac8m8dn0,0,0.0012255528892146702
4,53f61a2f33e8b07e49da643af49884782vzdu,0,0.0012413490417259574
4,86a34cdbb975c141eea1854b10dbf1c8seom3,0,0.01775564643185165
4,5e945cce4e72950e0930b2700e77fc8eq2abo,0,0.0008900630142450516
4,ae0dc05e48d0f1e3ad33f37b4400bd069jktv,0,0.0030712830676700264
4,b258a38ef4cc6ea241b5473ee9badd32ekhoy,0,0.04617001998010276
4,c749a25f3a07304b959065d83bbfc5f75u1my,0,0.0009676447363688791
4,4997f0d7074a1d9f8bedf5575b6a4372w7nro,0,0.013338377044410502
4,26508777dcd84df59b467a60d9f18ca1pvvbs,0,0.05180156350571577
4,d127576e329604b576df0a3248cdcda3279td,0,0.10016738457285189
4,bf6f2ca50a3a6a3113681e754307aa4ehnd5j,0,0.0027029142234634364
4,e7445f6107c8cd3783fa722c7dd29fe6rcd3a,0,0.0011653442248547928
4,29bd1e11a41eb2ff50af75d10f28041ejh9xx,0,0.0013846146967917657
4,a46025d61131de18474aa6f167e04bf08w9x6,0,0.3995188001774082
4,3272e16da807a75a987e26b09bb2147by1mxe,1,0.9748405974152888
4,3893d2c62d59c232112efd332bc342dap8b4j,0,0.0050153828825270355
4,06c281e31f83dcfd3fe70d2ee2d66bc7e6fw6,0,0.0008037336886893814
4,24d4554556deeebf61510cf3e001edecu8hgj,0,0.005342112286322831
4,8a958e0092f6ca984107ea6c3975f806c59m2,0,0.0010032767816099996
4,655a95d80489d145052254616787cb84fwqid,0,0.0009734050532280399
4,1df5be644b8963750305092eb8ec878ayba4x,0,0.7661747921895085
4,438e53670ffa2990cdef656700bb49bf684fz,0,0.001416829681093878
4,b86050461e88566061c796dbccb1f7e5at242,0,0.001019446068042325
4,fa64fdb8ad70e86efbfc31179e93e99egd27l,0,0.015595543435851681
4,3c37de5e4321388ba706233d5ca4a0bfp7w67,0,0.024150165690373083
4,b7515e5f181a6d4884674897226cfe9cpd6d6,0,0.0009933760390876893
4,fc870f3872dd5e36e4dfc4ccde28cc930tify,0,0.0010841801680667989
4,053cefb7e952bd81d7a6db267a121747te7lo,0,0.07805726249059655
4,4e22432d4a059b14d1d6a68a1feaa953k8vrb,0,0.0011052583776471547
4,83e8aa6cb15daa745c75ba3c29a2f646zjw33,0,0.015485305878043263
4,82ae4df0acf8237d7af1a790e3848645bp73e,0,0.00118693717263467
4,74429c9ce8183e2b1b89600e6de4ceea5kn1t,0,0.03149090507837196
4,8a3f5e16e4e689897d872716efeeaa0904tyl,0,0.0016537826082008542
4,e76154d73bb7d7b86d9bd48d167d3c679z0va,0,0.15498914190268293
4,ac2d643e0c0d3bfe8e54e5a961c6cfdb5xn9v,0,0.00014153588633754685
4,1680b6a12fdc8c64645c00ae8048f99c6uzoz,0,0.0026742886958031242
4,c8a99985c7bf230f475a8e9be6a17d7a08r3x,0,0.0012178129158909854
4,0547dbd3ecb4a293913f138d60b586fdf4ane,0,0.9777465131062087
4,b6e52f37365cfeae9204a9f408b8c3a4idcs7,1,0.9639679616443113
4,459ea22b6b51936d0788de9f78a3547bf4jrw,0,0.002088218062825163
4,6f6e3687f67272b103351641b678225abarzw,0,0.004685575310304611
4,ff92ea4abd33ed38601287f0e1d6726dmgx1f,0,0.4099899842718883
4,46a28eaed47c29b4fd148a50cde44840u0bsn,1,0.7769913353207426
4,668d393e858e8126275433046bbd35c6tywop,0,0.7860854192821614
4,1c61726e316d5a16aaa80b429080c534u43s0,0,0.0017603901811874077
4,e783e5f6b818d18eda4065282022ac23jd1fw,0,0.0012195943022622051
4,b17ce8bfbb565945ee9f289c2ddd8abbu1ndj,0,0.0020715919534085307
4,a262e805f766306f4adb38211abf235akxqh8,0,0.006685387774624671
4,a679d00c30c269a8eca148458abb8665kciaf,0,0.01150897197944391
4,64abb8a286b2be97349e8b17abcce6d9rygza,0,0.0017934691786929296
4,76f7e6c70f2b84d885b23e2b2831e113ueqo2,0,0.000675356831273225
4,83c9359ad94eab7f4b8fd582a6db4733frmsr,0,0.007001617077828857
4,9372e27ce85a8c8b9460b87c37cf55ecqjjkd,0,0.16372394800018106
4,aa3ac65055bb4b1660f4d8c1d2c187ecoqvn4,0,0.001317267828750721
4,e134f2bb79d1a810aada6a24760c8910mh5na,0,0.009660681811829499
4,eeda0d135495167db9425fc5fa3a5e3ex2zel,0,0.03149090507837196
4,c0e4be8d520c7bac2f51ad80a98876c2aan70,0,0.024150165690373083
4,c67ecaf47f857f37f63ac0f4b9af3249wwdtz,0,0.0012178129158909854
4,238808859d7752579a415e89a395500fh2o65,1,0.0032773628639321917
4,51cf4dc8898554aedd8572f97a95ef5cpi3ct,0,0.4772421345681058
4,9a44bfde11a7b6ade17cd33a2b5102fcnlhm7,0,0.001958442071208845
4,ae37c0f4dc6e3d99f5b0243fd18294cak7pxy,0,0.45609150305281726
4,67ab503313f60aaba89f64e2ce3b459fvyahu,0,0.11761868293123912
4,63424f85cf53557fdb5dfc6a280af75epl45b,0,0.000584705836599974
4,d4db72f36e6ad1668dbc0bf4f0e1c49bn12a2,0,0.024150165690373083
4,817f8074bad1c717afaa8d1696f9b2b00muzw,0,0.0019341160558423683
4,c8cf68aa6abce25325dfdad4a98fd890ap57f,0,0.005462841104325948
4,8b4bcc98fa4666b22c7a17c9a4b93ebenlmlb,0,0.000577389462502845
4,9adae18220565488f77036be41cf71beiepqk,0,0.24291288315509774
4,0a09adcd35b5f26d75f251006affc747drfu4,0,0.034746103549212655
4,f428427d7227ddcda377cd00f07749576c6b3,0,0.03149090507837196
4,8066d0a6ab30c52b3ddca5da19518b6188t23,0,0.0036494125906760973
4,afdd5c7c912f9b6a88c0c2619d618124ycm44,0,0.024150165690373083
4,97db2350652f8d01237fc4c59a470eb81h9gs,0,0.0019474372506083453
4,e8bc0150097c1b2b8b8c374b69e0d3a6mxfcm,0,0.001547277978059626
4,227bc0936837200d0aaeb444ab8d5f1axs8zr,0,0.001962456121250998
4,01c1c7be49cd6cfbb9075925a05c9899p41va,0,0.0013020530314802488
4,e8581ec94cd4d5009ab6b36c6aca9f0cp3txb,0,0.003071625711312605
4,e50426efab1e9d60b8f7258130f8791czrpvg,0,0.05421633444052209
4,24a9abf72cedcb421e831c1be26607e37zojy,0,0.0011610190031517969
4,eb27d8daded752fc0d1c828867b0f118cswwq,0,0.0010015676327205715
4,bef84146ac1e2f21e928e06ede1404793bfnx,0,0.0006400166456655196
4,90fe8d6fc0bbe4ff2ca7833fe51bddbaaibof,0,0.06829714879424079
4,0f8cb1baa83fefac10f885f79149bf13kn4nw,0,0.011138859965775382
4,9dd7e7ef94a7bc5bc9f98c42099910e7o76qh,0,0.00482824500979088
4,5201935b289665a197e38f747882948fjt867,0,0.0011052583776471547
4,fe27fe0815883aa3e1a312f0dcb45981txa2m,0,0.003368172785050837
4,33895230e0b25b5d3133d502ef3ecabey84m6,0,0.07316640304768135
4,1982c4b164171180d480166feae881ecmxsgl,0,0.0009547937175762455
4,7ffd9b7b795d9335153d481fba4b3076plrxc,0,0.004815614267390764
4,8b109c0aee5ed07fc996e73d28e65888o5jmc,0,0.06213310152575139
4,050a3b29ca1818e1f237df8132bc2013bcuxi,0,0.0007856668192015066
4,74149197c8684977e397ab60a6a264836b0lv,0,0.00257800338730726
4,55d9cdc3af85efe87b2a6f22a2cea96ezy2ax,0,0.001797298024652438
4,6130cfe76ed3bd87c8f8dc6b2b2786dcp44xy,0,0.0019319782981524808
4,8152c94b639be88e7076f0e32bd70e0eg004b,0,0.0013858189543257383
4,23bdbb8575f191b71853bf78d09e11a1lhnfn,0,0.004098641174268694
4,9ca7afbb673865b01cd4b02846054fc1p3vjn,0,0.01676434648028763
4,d144312f2f68dc33a63b7863911b2aa459i99,0,0.004694108357575708
4,6ebbb4e7c3fb4ba44a89bae997717924gm89u,0,0.0005103581651674448
4,1456b44d8b2b16cd94278137269ceb11ns7wy,0,0.0012178129158909854
4,e59ca537cb8df3053bdd555bc987b4a7c7m4e,0,0.0029594369111157147
4,078e06b3288cf8f18ab7ed44b245fc56nbyfv,0,0.0019184366380566675
4,81392b54fee8e50ec74efb27cf0de8e32fdm5,0,0.0012413490417259574
4,4694d67c21e9a2edd614e717aa3f4dd2e0w93,0,0.5807860778029953
4,b1863365ae232a316eb946ba56a29415m0gdz,1,0.5801237404002033
4,1275d8a6a3b2ae9d24b50997397c254cpuuzv,0,0.973892577751588
4,ce7d34398a6d6011bcd96ff0aa82b6674hxzl,0,0.00043221002890674184
4,1a09feff347553a2577983d7c742e3d6l2hfo,0,0.2720888333476964
4,65435e491aa69dd9d44d70a9aeb6e847oqlty,0,0.0030678459611618502
4,628156f3bce703aa6bd275089c6c692499h1q,0,0.16468097027625478
4,39b501f37dde9b055d627394964d3260qiktx,0,0.00833025856189102
4,d110111b8700f290b5d03a0e243fe375r3woe,0,0.001323830069675128
4,37ea72c53cc50112ced4f88810f1b38euoz4r,0,0.0005818547578919784
4,cefd0ed907595de146c91e6c26b8ad658ilo9,0,0.003829850832114801
4,069d251f2fc19102924468ab38349d5eou7ab,0,0.005208028518049233
4,d588f4c51e67a340d1991a8130ee0b56hy0r0,0,0.0006018507455052122
4,535ed161b4c9960a71ccd53128df4766ddyq6,1,0.5950720930199949
4,a46046f129f3526547aca680877fd8c7e6tfc,0,0.0019111372578561358
4,2c449b1bbbd5f8d9bcc1159b7bd3caa32jhtp,0,0.0016305283235775812
4,77b7daafef906aa3f941992bcf94dd69zxk2p,0,0.0015202018900181955
4,4731be79b5c7e894dabe5986e747b97bd6yxh,0,0.0015279354352403529
4,96dccfc370343f6871dc478d5b2fc3ffx95d3,0,0.02375390481331083
4,c615c31c87260c0d85727deff6da6667lgg33,0,0.0012272679389880982
4,baf1aa59ebedbacea2ca418c5aa83888imys2,0,0.0012734905329858804
4,c65d2236a70982d628454d19472ce26eltxgf,0,0.0053214029732644415
4,74cf3a0c5e4f080415888bad2f7119499lh63,0,0.0027986828966096436
4,d31f6cdaf4f8485190b4ea588f8c1733y6qu9,0,0.03149090507837196
4,4aad6f0ffe775217e4ef8c91d69707545li52,0,0.0003992831532371676
4,8d500e174fc28d494482f8ccb9438608zd51s,0,0.08213498266737206
4,81207d4ecf830fee924989f4fe1eaa7fntkmw,0,0.009939989290606587
4,fc48aad7a51d965595b59550e08b94c670k7w,0,0.03149090507837196
4,acaec0b9f72bf4ab4318f3244344589b3700a,0,0.0028388806716258376
4,120beb4523541f769a2b658cbc41dd57w7im7,0,0.005182213578057516
4,fa918060747386f431a511c862565e34y1pdw,0,0.0005762367685367359
4,25331706aa2157419da068e93f3989feyo7a0,0,0.3480890251716873
4,21fd0c468438a483ad1c60cfd1b84b850iyjv,0,0.0011303243491991527
4,949689cced5d86578e6c8b664ea76d6aq6zxg,0,0.024150165690373083
4,f0ce8b973cb8d6eef9221fd3d6698fd4kl3g7,0,0.0009283446195425754
4,99a3bacd3eb66c909a02b85402ac38dfskz65,0,0.0011610190031517969
4,b5d61accc925a0e86ab7274e1ad82532gb1w6,0,0.06087039612321335
4,ffaf0a972a6dcb3910fd6b16045781e2ava5y,0,0.0017159809960695298
4,53d9e7fa087a0dab6a472bfbfb694622jv072,0,0.001474769026272838
4,17e4d6d9a1f8ec00cec1d4fe79b059bd51476,0,0.15498649040294737
4,170a58cf637c08f0818ebdbfddca29c9irkxj,0,0.002398031391313619
4,f6a7e7b14d39804c7d15627e2fa384a1cq892,0,0.024150165690373083
4,f5b2bbad20d1d7ded3ed960393bec0f40u6hn,0,0.08750304687937904
4,7959bd565852dd880cd31278fab3660fuaqyw,0,0.00618842392879119
4,c83ee624c46235430ad4338278f6d270wfzre,0,0.003232046669460983
4,0e373556d3bf588a1bb2ca6354120cf2dmvjs,0,0.0013588303895952984
4,ad590c59c30187b772258a059d532db42tf4d,0,0.04617001998010276
4,a4e83190edb97fefdc4a6cbfd00f41fbm7c4o,1,0.9697798255841391
4,c670e7fb466b09000f1053d2761752268bkfm,1,0.15403784095014855
4,c41cd6791e262b44d26bdb3443fcfba97wlm3,0,0.4417538238896694
4,e588d3f7a141147e4f8dba29377144707vupo,0,0.0010973144302243124
4,5f529b5ee68b60482c5d0c56ee91f3c2cjrmx,1,0.99035986864712
4,0f4669e36b2e721dfe27f8633b277a1575erw,0,0.05110976088067283
4,70db4530c292bc759238b8306ff4ebb6n4l6t,0,0.00155677284661615
4,e49dfe2adbc4b3789f67bc044c231473clc4d,0,0.003143810123610158
4,f28b5654b5633a0b5e3f757a16080116sjj1b,0,0.0038204986367401115
4,bb4af76ec92ce75e8abe9a6a481d4314jyo16,0,0.05421633444052209
4,37d71b4ae830fcfa6f0c4f65ec386414n8h5l,0,0.0019445072755080507
4,e9f928411213f44502e4942a29553ab1tbqgu,0,0.011619565615868865
4,f895a8d9d7974b3ee7f1f04a25a950e9v63ps,0,0.003033327065569274
4,f473c995ca7b5287f9b2f079f0d78a1e92226,0,0.8249083238406387
4,9d8a1ddb38499b3403a6a93395ef29bcrznni,0,0.001206979919929087
4,9f52fd88ba073512be19e3d24d4bb6f91l531,0,0.06164752798458164
4,25aca203223b4d9563f5b1a01aa3a21ftlgve,0,0.00783336766847227
4,6b1666662837213ce77c329d8cb2a842epaeh,0,0.0006683257653634679
4,1b7c070ffb2c23c1d02ae5bc5d817d06qz4xb,0,0.0031731106905627084
4,e29ae1bd8e6e7dfc9cb43b1572d3d55ca0hc1,0,0.0003992831532371676
4,385325103b3eb54b0b974523fb7a13e02go5s,0,0.004618979245581793
4,2b5c4051f232c4848dbbb477c5ad7f389f4b6,0,0.05421633444052209
4,717a0a200628f9606d88afebaaeb409bv60y8,0,0.38244392795220666
4,e0fecfdf4029d9a91664e703a178397718lyl,0,0.0009694503536934673
4,aaa686462ebb950550fc1c6136ffb273vkrc5,1,0.027898983802457516
4,9744d8ea513490911a671959c4a530d81fj5e,0,0.07541816078069251
4,d2b8a15ae403dabc5aa752b205181dbe1lm57,0,0.003953705797462029
5,91a3c57b13234af24875c56fb7e2b2f4rb56a,0,0.00024514475405070874
5,4ab12bc61c82ddd9c2d65e60555808acqgos1,0,0.20298081026739262
5,d1be739798ba0745a1fd72ac918a9f1929hei,0,0.00041404603432188003
5,1b26a52e1e5980c8487bb35cf5027fdfwfnzp,0,0.00027148481137667175
5,c0549e76b179912d52a28c3eb9b29376yaxvu,0,0.012723154997521408
5,38e919293f5dbd62d87ce288e41aae2a281m2,0,0.06427247153452223
5,9c509838d129fcee98cb3934079ca36asla50,0,0.01902983122884971
5,067ff22ebf0d33fe0deedc816d75973865jo7,0,0.3480055584395443
5,eaaae0fb54c7d36724a9679c3128d5a7gn4k5,0,0.06972314359994984
5,a22fdc066a738070c6e4860924d06657hengu,0,0.43311285019521717
5,29cc13d48af9832e0eb481c8a095fec7mom74,0,0.006560773694156356
5,a1f4d216a1a92507d97166151d7c9fe37bei4,0,0.0006644703044194936
5,5686520af5a4215a239418fec906f88e4she5,0,0.0007915816903557666
5,e3ccc9bd16fa1f4a92fe87b4a54e5e72uficw,0,0.12416304399027282
5,481fdbc92e77bba4c9611841a7d74071elwx6,0,0.002231740306675315
5,bd586db332285f3c45814fbb8f638d79d26u7,0,0.0008558653520600754
5,bcf95b210295831ff6e20db3a570f909n3q25,0,0.4643311605132991
5,ef24ca4be7ccbd6ec68d4ea9f47c9e8ex1g09,0,0.0009889335589183732
5,1cbd9081de4481ada66f1853737f7684ddjd1,1,0.9801473170537593
5,c5babbaace35399cf51a9356bbc22733xpi5h,0,0.0028172340138695687
5,1e342381f2c64318a51a9b71d91897f8dv9ul,0,0.3278443400097046
5,9ded76c5244a2116a3b5432fa265a800j0bvt,0,0.008399237319824135
5,53691811bd992911edb9f5f64f49d8f5luk1f,0,0.25378223620962254
5,d27221cf2bfaf0fa7a60ffd3e1e3a53efagvp,0,0.400871967825137
5,60b8145bcfed7a5f2a23b596a8aff99cdzn4m,0,0.006870315857111954
5,3b233dc399f175100fb11ff9c66fa5b074z60,0,0.27693977870817443
5,a9229b83f54a5f44a69e65b9b3aa7aa26qcon,0,0.00424185011354941
5,dc52611b1a2c84c0949da5af9870d57fj6ab0,0,0.0037956966118975074
5,74ecf5f9adfa4dcca4dcf020209db81arynmk,0,0.004933389865834223
5,10383b390780e7b4b03dc32c94b4973f66wou,0,0.0063842467512554985
5,2c72df02de4b36acf72ba549630808612ol08,0,0.001870146428171683
5,6cd1bd77bbf2af6a2c6e535192af628by3h22,0,0.012189753306600767
5,db83d746ba8e0c388805fa3fcb235743vfqmw,0,0.33605684995876606
5,090c77ac89c7063f0d0ce064ce3cb3afllf5h,0,0.017819503977073232
5,01c5692d487454cdbe731df330bef608f48zz,0,0.006364016095878678
5,2515c5fd81638d5d0bca39a2b2be3995tante,0,0.1591943218677154
5,27809fd62bebc89be450f9dcbdd25ed8il6z2,0,0.011190756906611487
5,1880a778c9dd0cb15ca1f052308a8e04g7e35,0,0.004770761813838629
5,6a87cc9dacae884e817de2ee08452e76dx9mn,0,0.01867772647133783
5,33031f476dec19fe47c0e3a051a68e992hmwv,0,0.010189020716295022
5,72dd0e4788d25f62cc2ba942bb9499dc7quqj,0,0.0070456623912792575
5,b8e47f06aef714b37073e72ac40a8100mew9c,0,0.000458116202458983
5,666e1e141862a646afaa2b71fc7d2c25r1b4h,0,0.0007915816903557666
5,2918b09c1ed9e9e8602f85175b266aeej5v6w,0,0.002774758408222953
5,124727083cd4159b40ff8d4b36a89340l6fga,0,0.008769912855667337
5,4679df74080bc22e29676bddc5bcbf51gsyds,0,0.004800164214716261
5,f46cfa9acdb6a4c419c70c19be4ff9523uixs,0,0.0005566993740733221
5,7dc423d0bbfd840fa0bf75203cd7bcee75kmh,0,0.0034842481876771318
5,9e72fb21f7581cfff84e833d02538e5ar35kr,0,0.00027986517178211205
5,82bec02fec2f08899489d7a5c35a30a0lbszo,0,0.0009688252721949542
5,1291b98e40353f77928e363d54a13c569bhfb,0,0.00782786558335356
5,b191c73f160bb9320dd3715bc3ffed26ymluh,0,0.00038476331176080694
5,481db1a88023d22b3533044bff5239dbf3cda,0,0.004779413947489692
5,b64c209b3d1d91a663d134961af89125u0s9a,0,0.0007991189947835875
5,3d281a78c6a116a91baf9c8db22b56bazer1h,0,0.1103478300450479
5,a9237defb0a6478098f242b27ebcef18qrotd,0,0.0014403992672826552
5,aa8aeba2bdd0353a108b9b26f12ed59559mvz,0,0.0009497550996547687
5,a8561bec318a7d3a0082b35b086b4428wekph,0,0.08064419955342514
5,a2d0b7ec1595325cc63777f106e09fcd88y5g,0,0.007007869922206103
5,ff12cd48c7de8ffb8b2099f262ce03980dqqz,0,0.0006085236069356028
5,e8e4603ed284adbd252a7a601f9bffe09oq6f,0,0.01228998920442678
5,17c87408ee1009887112745797caeb7fwvqfc,0,0.0026554019238689756
5,205c519be884c5b1c885f61c4ba8738a737qg,0,0.9332950662454632
5,f75cc5ec8acf1ad2349e00ffc4b3191a531f3,0,0.0010792992260358102
5,26190fcf0babdbe0b0d903f325c52873tpj7e,0,0.01437691454239959
5,cf9a1c3af63d1bc3f55728b4a06a5f46njrac,0,0.004351253213529742
5,29544507566320f1125d8e9f9a0ab3f2jswhk,0,0.8964050482218482
5,6f46b3e231003daf21108df4624afcfdaaswv,0,0.0008601002904272913
5,dfa45994c8471762d04deb23c6450598byp8y,0,0.006327491793883493
5,d3c80e9f6b8e1d774679fd8dd5aae611e3qls,0,0.001320865438924852
5,9ca41c3c062146a06d2682835f5136807yao2,0,0.0006653162691592545
5,72994bece8c918a2c4c432b98780a7bdsctwr,0,0.00053165861421309
5,74f153bd134afc92866a6bc5cceb2088120y0,0,0.0007991189947835875
5,74866aaa89db79f25dc0fae8be067b83xlbm6,0,0.0007179921326135307
5,6a5457f1038c6e1cf9feb57529ce07b2sff4d,0,0.011086583645704045
5,282fe85277f7c07b0ffbc5fed621a02ezp1zr,0,0.2640939937783619
5,c18cfb38fe1c4c01705391422177265cn9w5x,0,0.01444145094038188
5,cba6f45915ebbd4b5404c6d357153c0adeblt,0,0.015125045411913998
5,dc752fa41d974bf688d25ea9d18e9a2eit904,0,0.0012209653228981217
5,5c725e840bcc103bb8d12c54ba9a0b37blxvw,0,0.0013023988559956482
5,eb2c4b4493f31788ead745533e0c9a18xzzlk,0,0.008098555986316277
5,6ed7b95dcea7b359248e9efce91cbb11lm7hf,0,0.11879110532575407
5,e0b6466f9f720e9d9a00d7c12b2e2c6d8xwxz,0,0.0010250413588128989
5,8f00a4c4d7f097bc1688f8d89431f6bfmodq2,0,0.01437691454239959
5,3d54d594ffba32e8d6527a688e7227e30iq3k,0,0.0014635143679039514
5,b232fdca7cb98028e8945005f619fb28p8788,0,0.0007049081106988681
5,db80f065a93cc6b41d12af614bc3ec11kpwjp,0,0.16771022066290114
5,7029915a2c5aa5d964acfd85c30c3950b4opr,0,0.0013279593919652327
5,11d7f0a5076649b229c301a22537834e1ehwg,0,0.003102566076954215
5,3995d9ce0cebd62d77cb8add067d93e15oezc,0,0.0004166743821863244
5,e67abc3ba39537cc640678297a7c5bfag490k,0,0.0961569603624361
5,57e1892d3d62d87c9ba5e8425a1958c0fn11u,0,0.01437691454239959
5,88e24a019c32a60f2ff315a9d217ec33q144x,0,0.0019157227666613745
5,2906a20e0b4f7ce840d051c4be898b66do6wh,0,0.0030834626531592016
5,67083f257438b1b79cb09cfa601890855of77,0,0.0003621933981356502
5,a3ef8857f2e33ecd25c409622b4e3ebcij8hv,1,0.9516279165145192
5,a8a5bcf248e1326b3340c88e057f59e9nlslq,0,0.01444145094038188
5,db5e9f85e7d180f7d952f12e5dae5900q9xif,0,0.0004601286806304689
5,35b111da8e919bb34e80511be9cbd128pjjdm,0,0.01437691454239959
5,3d7cff3dedd8a8e02dbc551c6a61da3bibbvh,1,0.1961443755711453
5,39f9dad880d32ee607af7571ec24807bn1g2d,0,0.05577491201521757
5,8fe6da2176541d0ce24574dbb60f9107oq1kn,0,0.026848974480367563
5,f04748a1437347d837a65ce04ee7d94enqhub,0,0.002452919117535122
5,c871daa6b709e008825b667b05efddca04jbe,0,0.01262148863134081
5,10b431aa15b56084d32fe1ef123c4305wo1nl,0,0.0038704556229266257
5,c2294751630e49a4e594dfd89383b271qzp0m,0,0.02147226300060662
5,c6f07c222aa3a9d35b0e01f8959ffd21oownr,0,0.0012507245131058765
5,2b72d702b44fd7dd58062e326fd8e4779j8mp,0,0.01873330554677607
5,584d1d60d357a4ee1fd3b0a6a72de1dc4rodn,0,0.01437691454239959
5,f01d8d55568b1f54b6946a1b78a3983exkz5u,0,0.0007652832719247586
5,e0e5719b5d763eb4e04c7f6e4e32884cmlpj7,0,0.01437691454239959
5,65d3cc1725c4506fe02be3e2b24435bbbd6qf,0,0.248187288425672
5,a6e261c09ae8aa7d0a47ffeb0110aa519jowa,0,0.3233025950482037
5,7d72bde2e297ee81296adb4fd56e8800p7lbe,0,0.015645969401730304
5,55d0b2506cef6464d799879b65c6ba29hjcv3,0,0.4344681112228626
5,7ce12bb499c156ba4513becaa42aa8c143v75,0,0.004155093337974709
5,9774dc752f855f07b9c00eb7018b607c0ymxo,0,0.0003869495315017497
5,ff566c87f2babf3dcd67be286e1c6666cxzh1,0,0.0005991863725785582
5,ec0c9e98cdf302274974ad212477f851iw35b,0,0.014896636061704664
5,dd1675bf26316cd4630087fb47d0ff8fsug8e,0,0.0016047758012418007
5,1bbfbd968c065ff5dabeffe311bc3ddeezbof,0,0.01096206588686671
5,4703c8940eaa3f3bf5082ec2f155a8619i1yw,0,0.12609028797865637
5,8322695c21cb27accf0fe269438bd78fn3x44,0,0.007350089501388232
5,d7c046d4328c139e76fea7c1833e8fe6fx4yz,0,0.0008059790883888196
5,37ebf34eaeb8a434976416c34ed5c6d8ywyoj,0,0.0007915816903557666
5,82194e7d8f9b84e71b789e763b5c3263r6d98,0,0.0018301439018172624
5,0318e0a173f7c65db40116b903884c854x258,0,0.026226627971721067
5,06a58d4af0fe7ee15324b0e921e8de1260vef,0,0.00235846725650479
5,0853bead89b03dd38a04d84f4312da7dukglz,0,0.006067812758237615
5,01067975436d123f717ee5aba0dd4bbfa0937,0,0.004623324516841637
5,d7340ee3c04e600c31fd2a34c760f7e7d26bn,0,0.00392182703711995
5,37ca0d0ded383d709676a4f9729ef39cpjfh4,0,0.000458116202458983
5,86091a1e6c99358936979baf67d54457x1dzy,0,0.0012177194745168598
5,e9c8ee7f783723fe8496dd35232d88f2or1r1,0,0.8659035988383382
5,05a07a27e235d01fe480ea6ac73b8838jq28x,0,0.03205906088856119
5,3d48fb12020c1a81a65fdba2d75caf0d6q2nc,0,0.008001239764836705
5,272a9183c10d9e80eda8ccaf6682db71203nk,0,0.01643761521632208
5,bba40511c6e56070602e8dde4229ff923zbuq,0,0.0005319995361899234
5,f35082c6d72f1f1be3dd23f949db1f577t6wd,1,0.011060147962123719
5,b9743f78108aefe3995e1c2291b5f3278cgpk,0,0.013880700191412448
5,47d1dbfb67706772f8a44f50e5656602z04rc,0,0.0010050716337761914
5,4d0d345f552877998f41ba3cd1ba299885vu5,0,0.0007991189947835875
5,060ac64ff78ae62e9bc697192cebea333760p,1,0.9529028068699303
5,8ec9269ed4f5aef4584d887dfd9e595aaynzb,0,0.00015237744141272328
5,5aae3111e4fab04fa5067c740329a38d11361,0,0.00047565824116253493
5,aa7e36069de119ee3ad7c4d8c925fa3ekrs4i,0,0.005436357184032049
5,cdf76f38b6f46a3bd396a99123d26909xq5c3,0,0.01739591939250544
5,46c0ae10d60c4fde2b6301bbafecd7b8dcla1,0,0.025788000104034967
5,bc7722baf876d0735ddc885691eb687bgz365,0,0.4628290034315919
5,73d4cec0ad358d272d757e0fce8440d01fvw8,0,0.017819503977073232
5,8bf07d8631a2808f2c869e27afad2d41swgkd,1,0.9563714880531966
5,b1410ac124aeb5ef6b06667786feb742tijnw,0,0.10831573993370698
5,f334d76f60cae7c67ab04b9e5cc49907hqsc4,0,0.009162749085224377
5,d8ada60e3b7204a104bba8c073136bb40772o,0,0.0005702595162829461
5,d38b2db568fb71174bf883554bea939ccts4m,0,0.0005908228845437726
5,ef905e4d866c43dbc345751e7fabe5a568kjs,0,0.0864426203782632
5,89c8eefbf6f83543ce0792d1e4b86057ti16q,0,0.0007966638965570383
5,02030ec48b7179a7fd9950fdf546e3feekkye,0,0.017139195151510016
5,86151544b29ad273209ec4605c257b089z588,0,0.13548202793416236
5,359444416c25e6e90ddb2e3d3d0bc23dufn9s,0,0.017819503977073232
5,d645e4b8b043a18bb1c8689572ad4fe16q3np,0,0.002482402494731915
5,ed5fc53d096bcf1b86c30128040e775334ut0,0,0.05435853030967157
5,f9ab998f3adb944a1cd1847a097fbc0bw61nf,0,0.0004453103707746639
5,361397432ed35185b5a2789867a859ec42v14,0,0.00043746365755048885
5,18bc9dbbed75b55f35ec4be1351b7aa86an68,0,0.0014016098174603373
5,0580f2e77b4c0dd3b5cda8a1641cb9fenmo0i,0,0.009885980703050556
5,b2a19e17e1b9e0bca8e4563efbff5fed7v9xe,0,0.0007381615324681012
5,8d49c8e70bf96a255baf30acc76a3f59b394w,0,0.03167496498573554
5,d95c969eb09086bbad373dd8ee80cacbuagvf,0,0.056137782290791444
5,0a43de0ab0a7525fec59ef4bc1dda7a2z9z69,0,0.07589946133052779
5,4922d20e07d04601e8724be5e9f9576blyccu,0,0.25099764263046614
5,631f923b7bcf91f61a2e9f96520bd8c8vtl14,0,0.16913384022324474
5,4c67576a6f30a158d16d790a7fc482b0zqxue,1,0.6024310482181139
5,1e3642857c10e72cedaf7890e3c07bfa8ibzv,0,0.0007991189947835875
5,7622d7085237d6b73d08e9d70ed11fe3u8mwm,0,0.0013302798446210302
5,61337802cac534b7e7711793039782d6f1yy9,0,0.008672364869138409
5,6a1d4042a5f3a3f34f5b3ea753ecce30l0qj1,0,0.0037139518077354532
5,42f754cb72e01c08005598e1f9383341fn7xh,0,0.005452987932316783
5,d9b611dab3b5116f761747fd3166ecec80icg,1,0.06471847097029207
5,2fe472c1be232dca314d4bdf0fa95165rjv69,0,0.2607436597316114
5,1ef47d501d4b36498b51e184b1027981xu89r,0,0.0005421435639716927
5,6be863f26f22cd79be272789ac7e9153v27yt,0,0.039485280287735104
5,7d8d3493942dc13742444f28626c5839axjqd,0,0.5935624069023433
5,a2b4df001b0e40a398f6d4ae9b316c0eix5bh,0,0.0008766994025289026
5,8cc03b92898255ce4b096454645599ae5zoc0,0,0.00109796774591423
5,aea096a392f55d95c3e45251931e9755a9t3o,0,0.09330469246769299
5,b7630ee9a73e7ba6f11f7717b7f03ed4be2hb,0,0.039016883953048045
5,5d5816d216122786933fb74c459f35fc0vnac,0,0.0008180735924163152
5,63e3851eb5e1ee98df1065b333f6cb81mlby6,0,0.014168019526164496
5,e9b27622a64f2eb9dc7559d43bc45e31yci23,0,0.006695701192345304
5,76d4a0147a60d871867f00adf45cb792w9c6n,0,0.0030268120186127583
5,42025aabb56a61f3bea90d27b283b517dyk4t,0,0.01437691454239959
5,ca5730b8dad8f35fba24b68c9ca5d445mp87i,0,0.0012489811855199795
5,047558bebab9292a5d4c85d6ee768784j2hdd,0,0.044257163155234036
5,a6214d8bf07127661f322afa7c8dae91ypizm,0,0.000690573746778453
5,70daecd44c89c37525aa2ca294378ead4dggh,0,0.7609064142465802
5,b9d861ce6162179a4b008b63e7fae80fjoywx,0,0.0038431121134745744
5,a6414c637c6f1275e2c62c48fb238c5d5aw03,0,0.0019999779164433353
5,95efb775460080c0da57e154f27876d75xnsx,0,0.0005185325817531048
5,78a444127a896122678835e12ef507deh01hn,0,0.005345399336442896
5,fec57d2db5692eb144a71aaa35a11b58delkw,0,0.0072414940720127476
5,a13da89a3a54ac9b4ced156542afca5ddyumw,0,0.01444145094038188
5,c9a97c18992adb02e6c2e6a8f9cc1daa1di5k,0,0.0028118385185677535
5,1a9765ed302d0f91b512c23112066e41s755q,0,0.017819503977073232
5,08981037e7a6c9032716ff25b15c9de25p63s,0,0.8444097801397848
5,fe6adfbbb2fc1ec0c3edf6677204bcb245uf2,0,0.003142461090509239
5,50a4bfbac8a9653af4099ec1169f684c2nsgu,0,0.05661407832929253
5,bcda2135a2456d611876679b61dac500vs7sx,0,0.0013720618636938826
5,cb557e4675bf4f36f93ef5599adff545nz370,0,0.001711155226786586
5,361c6da33ccd1c0df152fd932e6fb2a69i4ux,0,0.0006401362164908371
5,6a2c4aeaa17c2fcf20958803a674f101vlxw1,0,0.0006891058436581587
5,4af5e2532224f9f7d1d039704573d9205jbkv,0,0.9338848398495185
5,c62a6956e93ac3b56b1292f2c2d85b1fyekav,0,0.0007991189947835875
5,37702159c6cd2c1a21cf66600e96cdc6rdbff,0,0.01437691454239959
5,8644c9765c64da22776cd67eefe0f498u3aaz,0,0.0010250413588128989
5,98ad4163bb0b1abf72f165056d4bf1a1g8ekg,0,0.0011386750709799628
5,17b41c48d6f53585c7bf3b65977eada0yxs8n,0,0.007457059768148829
5,464506515f2ae684bd510b3a50b9121ec7v3a,0,0.06095894248954806
5,e7cf764619380e5303089f04bf647f10thebb,0,0.002312961352280269
5,fbacab353140582a4b8ae3412eefecbc753vs,0,0.04688066019032712
5,da2841ffcbeabaac373f00039c10f39fty6fa,0,0.01454131123444911
5,c6453f296ce36005d7e7e67e159e1b7cdbmus,0,0.01444145094038188
5,1def3e23e479c9739abce6b3518013d39oejk,0,0.07400267020777204
5,a8c2410eb81513da23261a49135e4eeacw6dw,0,0.01444145094038188
5,30da67f34e3cc215b3bdad588410fab5655fx,0,0.06351908824389717
5,ec3b2ff6f725e847f93285bc9d2b7b3dvcd4u,0,0.0016320796434574304
5,9ae9782ecff93ddf1c6fa13d711b9fe1gc266,0,0.007269667491449031
5,08353687608279ddd83e4d36fadd1cd8ritj3,0,0.002397450454438701
5,1530008a712831e35a673d38959528f4ozipv,0,0.0010582775388103143
5,b8d88a1167ab74ba64fd6d9c83308a6d4oa6v,0,0.006025175246406136
5,90fd7b3c991701dee376daeb09a0a5b7kawse,0,0.0019275444785348626
5,e21b238213c361523d276d67f37c05e3qot5q,0,0.0020841164723543948
5,384ba7c5a8ccf55d174080d9ad7de9b8mfysi,0,0.013421909933697134
5,18076726ec814a6f56da2cb9ea89d105j8vpm,0,0.0007052281328957193
5,91c749114e26abdb9a4536169f9b4580huern,1,0.01902983122884971
5,d056594c1d7976b6ad4ba23e2b4cea19l2i0t,0,0.010393630771484965
5,5771ce26e8b0fcbe7e90106955638b251qj2w,0,0.009162749085224377
5,a06311ea45de34bf667b79a92d13c764i6aiy,0,0.01902983122884971
5,3919be53bf4bd411ba25acfdc1362b49u4vle,0,0.017819503977073232
5,53f61a2f33e8b07e49da643af49884782vzdu,0,0.0008303575775270686
5,9f280cd011f10593dc245dad1d93b11dy6rg5,0,0.000637877862666058
5,3e9180fdf158409adc96aceffab6e00bejjah,0,0.00046225735166695396
5,e90e4701234b13b7a233a86967436806wqqw4,0,0.028785389736438037
5,8f086b809805064f3c4a5dd48327c0f51yplz,1,0.01349424415469341
5,5e945cce4e72950e0930b2700e77fc8eq2abo,0,0.0012760500173636536
5,6b3cff1e3d9398d4c125e7bcf612192dy1gwn,0,0.01437691454239959
5,2b4b36fd77eaeabbdad8fac68b17ece5ey04u,0,0.01437691454239959
5,2540f8192e425f9fb921db30ac1bfcbas4p6g,0,0.032064888493247824
5,4b32495335dd238db6285f7c6bbe051fv1qoe,0,0.00854352023005324
5,43295f805d813e816fee438d9a394bc4o4of1,0,0.0005181220055490449
5,e7445f6107c8cd3783fa722c7dd29fe6rcd3a,0,0.0006632807940379887
5,3272e16da807a75a987e26b09bb2147by1mxe,1,0.9580581070048211
5,3893d2c62d59c232112efd332bc342dap8b4j,0,0.011713534673035764
5,2d73ed3974473a764859084d51334440k5q7s,0,0.00750165082030301
5,06c281e31f83dcfd3fe70d2ee2d66bc7e6fw6,0,0.0010582775388103143
5,2cc1c5bf18c858fd9c74901d8d80ab70ak8e0,1,0.9764228955132239
5,84560dfb1400fe920a29ca2c728acf1e25eli,0,0.012723154997521408
5,7c0add0ef85bb5194e95ceaea737f90fyv13c,0,0.0006006703751470184
5,21c5f4fff051adecaf1b080fbf910ca3dvi6a,0,0.003373702235256529
5,655a95d80489d145052254616787cb84fwqid,0,0.0010250413588128989
5,c0b7161a67a0aae21788103c08eba7e9z8e8k,0,0.0017648955539330583
5,438e53670ffa2990cdef656700bb49bf684fz,0,0.0004391852544404815
5,0496c24a6a7f593f28bf7896350e946advl6i,0,0.0007859482475026621
5,4f57e657df5ee5d9207178b4b6858ddak9ouq,0,0.010449519341128187
5,a3d0a600cdb44f03d58f27b19247cd0d4az4k,0,0.006433622746110974
5,8bc48bc2cd0ee494e55470a7ab0814c12riuf,0,0.009162749085224377
5,fc870f3872dd5e36e4dfc4ccde28cc930tify,0,0.002306986692113431
5,e587d92842526255c86d3b0d425747ecib83l,0,0.11288994672162994
5,7188dec1b560385b0826f78e7608fdfeai9fm,0,0.5217445731986723
5,053cefb7e952bd81d7a6db267a121747te7lo,0,0.008119367978179004
5,ca5d4f0a3ea342fdc45c3325e5311049e2uis,0,0.01437691454239959
5,83e8aa6cb15daa745c75ba3c29a2f646zjw33,0,0.005499682815211506
5,70cc5da141baac4712163f5cd4bd4a50za0n9,0,0.005547155407212222
5,0d9f78a6084bf15f42210bfeba95621255c89,0,0.000659764679487282
5,fa9cfea85e90bec313e512e9eeab2e869tvx8,0,0.7939916216888517
5,12c1b22ede3c23949bf130cc7bac6316ks7fj,0,0.00890701312822585
5,32dd072b16a69411ba3f67992ecc3e2144j5g,0,0.011060147962123719
5,3de66f8a5453943040d42e1e73f11eebll8h9,0,0.0007991189947835875
5,6c0030ed696c4156b6ea3472374f6b54s4ih4,0,0.0054342280638442625
5,5097b3a4011380b5d9447e1a7a20b1a556yzj,0,0.012077796925698608
5,e76154d73bb7d7b86d9bd48d167d3c679z0va,0,0.2693438130476907
5,5de403f3d49221bfa7116570a4d572d8m19sh,0,0.0033408730599074335
5,f725c5b4cece8353da7a636fcba0ecb5yxshd,0,0.029488660181526318
5,88ebdac47cc2623888e0bcdfb35b692ejrbvv,0,0.020280528016556224
5,88acd2e23ea6817d9d9fc28f38a8d1aftqssz,0,0.0037158245079067075
5,b6e52f37365cfeae9204a9f408b8c3a4idcs7,1,0.9536252608233464
5,058a4e0ac0a20f504cc9c6aae2a896e6too9v,0,0.0003945031681188155
5,a027780df5d0312919d41edfd4947f27odx7t,0,0.08844004721258007
5,14e29ea004067aace14ee4543876a06365os8,0,0.012932406822925733
5,6cfd573a82acda92e8207745bca28aa7lqjcm,0,0.0025697533927138494
5,668d393e858e8126275433046bbd35c6tywop,0,0.6081198794759842
5,c89d56c06803b8c6316a7c906604c64939yri,0,0.000458899540801872
5,e0a9e4ffe2acd28599dacb91c98c34bc66vo3,0,0.01105985997225711
5,b9fd0772481bf459179a3b4ab49171693im97,0,0.0007915816903557666
5,97f541ffdcbd1ee34610e3099c5df42acfvcd,0,0.000581588106649446
5,a679d00c30c269a8eca148458abb8665kciaf,0,0.007377969410202028
5,3e0bbd7d75cf543a56919ff5069b31a9gcbql,0,0.0021391905242124382
5,f219cbb3d454b32953619d5a4551f56dcg7gy,0,0.000564311432113404
5,96f31c5b3baa8704096cc8d4301b4c96i6fyp,0,0.015036732213765084
5,10f01aff2fc23653ca7ea1d74248357a889wv,0,0.0015605554709184053
5,8a27b2e29086c0d2e589053537e88393zsyr2,0,0.01437691454239959
5,88641b0f22cf175876bfc4adc44c00f58b5rz,0,0.0009772523458064168
5,783d5c219ff84cc0517f59a39bb98e18st85m,0,0.022829697316280814
5,874402ea8b408a017756404006b12708d9s6u,0,0.00045591289823417383
5,67fbdc4209a1566288acba904a2b5a7ee588g,0,0.013501627396237698
5,c67ecaf47f857f37f63ac0f4b9af3249wwdtz,0,0.0010089405686844043
5,c8f537f6bb0aa2d45da541a875f014358qm7p,1,0.009646942046697896
5,0e5ec5baf2e15afdbf5212d8461e1ad9h3kr0,0,0.0006665261175331793
5,aa20f72aba9804a4922195f66a876688rugsd,0,0.012829878466566498
5,ba319b8bb68ca6a12086f2410ca7fb3buxsei,1,0.20065851618775574
5,0ae09b09369c76737cba059d192451001nwce,0,0.01437691454239959
5,074daf9a99b01591cb0637cb95c32600roriz,0,0.0018206464924542466
5,5c5dbe70c2cb05d208c22d204146e1e9f3lvq,0,0.00816263231131356
5,f0e1c483773c2ef8466d152874872139e0wcu,0,0.0008303076388283716
5,953e01bab9ac8786b4bfc77d183732bbqw6ng,0,0.046448104093857745
5,862eef3a75e1351593b54975cd8ae1b3swcxw,0,0.1843964432402663
5,35a02f50226eeda275b29a09acef2177k95eb,0,0.002251801660950769
5,cc064e3409a1825e3c4e5c814376f140qxu5l,0,0.0008027585820698192
5,6affd6d2976aa7c48dac70612fc8e31ddo7j5,1,0.9040041424168712
5,4b9bf4cf1085e9d839e833e4b9d40f2a8ps14,0,0.0020450739327110413
5,7b31d9d8b5e749cdd2c300cbcbb5f875kjlsz,1,0.8889727651466979
5,6faffebbde541edfccdb2725e430870cbkvo0,0,0.03227046004907811
5,4985bdbf8710c33fd7c9d4771db7c690mcbyr,0,0.001002085190988871
5,afdd5c7c912f9b6a88c0c2619d618124ycm44,0,0.017819503977073232
5,c4294be0db6b5c9357ae5e2e7fc8da9489qpc,0,0.0008774257462880888
5,a8a2547a9153038fbb9fc66d2425d9a7efr68,0,0.0010589076222622716
5,8884b7af726ce7bd929482ea13de19d39lzuv,0,0.01437691454239959
5,75339aea3f29d7d9a8d67ed3fe1c89c3owsq5,0,0.07055905453829696
5,6da536112251f09a006b0c5223f154d46en4j,0,0.0007146793127819866
5,403d9c0288bab462bae858dc8aff2f94ti9ma,0,0.0007894994161677947
5,825226b69f2a5a8337ca611b38223989aumow,0,0.002073740221402226
5,33895230e0b25b5d3133d502ef3ecabey84m6,0,0.1141748170518882
5,c616385a2762ecfd8e4ea16d8a1f2596qw07a,0,0.0073667338856153375
5,bdab2be5a94c6380c60b902310cbe1b6rs4iw,0,0.00202336664940549
5,27ccc09ae923d1ca8ff7ab3242f279f7xuclq,0,0.0010454263987354883
5,050a3b29ca1818e1f237df8132bc2013bcuxi,0,0.002294514165173631
5,6130cfe76ed3bd87c8f8dc6b2b2786dcp44xy,0,0.0014505176785386226
5,167b4f37a264b72feb0f559b650d1cbd3ox60,0,0.012427718093121608
5,210ae8381324c41f7b49e95f1b7aed80z55df,0,0.03364940307581067
5,c9416e793bd0559bca3ad4a5194d4cd1k8eyc,0,0.0010960802780084148
5,c46e21e01a3f4987e00109d1d5f48acb1q72y,0,0.001082152101469757
5,ff3ae9450581aa3de5d2326f70e39d20w8fbl,0,0.0021304009447303423
5,1456b44d8b2b16cd94278137269ceb11ns7wy,0,0.0008172543123933382
5,942563fa6695a4b2f76ab6ff3bd58030i75z7,0,0.017819503977073232
5,e59ca537cb8df3053bdd555bc987b4a7c7m4e,0,0.017854111913445065
5,78830493a121b8b6917d246ec73ccb4anwocl,0,0.2727626278620238
5,6bdb40330295fb3abd4647808c319d29pb29n,1,0.0002832527176768408
5,679fe2a21415aa98a3cfb88abd0507edzjpsw,0,0.008769912855667337
5,0918eedd8324da06abe5600f058480dc75nfo,0,0.0009280200328853609
5,c277151116ce38d8245f9f2308807af8t4nnj,1,0.0020527372810757757
5,65435e491aa69dd9d44d70a9aeb6e847oqlty,0,0.0009253582827401055
5,cca4426ec6d64f3e73294d4d5bc9719beud37,0,0.0011404304761317098
5,e5bde35da4abebe4fdb37a3c65124a57ff4vo,0,0.0032001907787743114
5,535ed161b4c9960a71ccd53128df4766ddyq6,1,0.3598033651428456
5,583ce05b5add00d9e7e5dcefb3c436f26d7c2,0,0.0007991189947835875
5,c615c31c87260c0d85727deff6da6667lgg33,0,0.0020449643424427003
5,5a6376f140f05274d6e0dc888cbeb89eukxkd,0,0.5545585311790941
5,4aad6f0ffe775217e4ef8c91d69707545li52,0,0.0003093482657299687
5,bd7d5414174da6df4b018c21495e8a2cxiose,0,0.7045599869422517
5,de717bfad3ccf44a93f39e7b43f3b227cuu5o,0,0.0020567727909315543
5,0446457fc8e21596799158406f77b14catx8w,0,0.017819503977073232
5,219c6102f604c8ff0ead5d23375bb127del0d,0,0.7303307384633653
5,6c2488ec88e02bb38920200ece7d337e0bffy,0,0.01262148863134081
5,21fd0c468438a483ad1c60cfd1b84b850iyjv,0,0.004172012340940361
5,1a764d01d19a1408382ccace87e61c9fndlo9,0,0.00610902520273555
5,b5d61accc925a0e86ab7274e1ad82532gb1w6,0,0.0835177099861843
5,e4bee4e53a19aaf71e0ac0e3be752b2cz3k1j,0,0.000719804469879703
5,33ba799fab5e4145b54fac4234bb6e13up0tu,0,0.0035065021186979225
5,698da938f6fc36305616aa6f8affd53fobj5y,0,0.007937391986752864
5,71396d66a14f4ce0c96436456462863abwefv,0,0.01580719135876031
5,6f6c9a1964fd4bbc082f2afdbf2d2af6ypdhn,0,0.0008249960039814992
5,6ce47fddd94be5792190cad9d972a5c4oyjww,0,0.0009501295962030128
5,35f822bee4f85d98d5b1b23c65681974ywyuv,0,0.001256580733697546
5,77bc113594866d4902d6f867a456750c9vvmu,0,0.004436114807899636
5,d8a10762de6d62c087a0a8f0e61cf78bbgke6,0,0.014965301703987523
5,e0fde4b9b7ec14e80de3c811ecae157f6kqd9,0,0.13877254822520235
5,fc16993f1fdbd5fa8f8ddd72b40442f0qwyo1,0,0.017819503977073232
5,abf6c2cd31be1630f5a7a1219935011c3rkqt,0,0.003392350206526861
5,86e888c2dafacf13580a1211abf50961w6foa,1,0.4841277531937132
5,25022fb30734c2e5044e031b0e9a4a9ct3354,0,0.010868694206999163
5,fdf0eb91ae1ecea1f6902676f47c32c454yzr,0,0.0039672810763712076
5,ccf30c9533a66f22f1c65910ae1bac1a1fs05,0,0.2243561080214755
5,0f4669e36b2e721dfe27f8633b277a1575erw,0,0.007007869922206103
5,22e65b6bf73fab510ee814cbaeb9ebc1252mu,0,0.41900314328812527
5,f2ea6d89dd9897f0d6edb6f24c446f01ra6yk,0,0.6854177663024675
5,4de568a9b480f0dcd3f2ac385121d75bbpy82,0,0.0003806199191457995
5,6da04647ce16d0f00051dfeaa94d3313ox30y,0,0.004937950060207725
5,5f56908449455ee9670c7947614f7b4bxak3c,0,0.00430136809786061
5,d154075c75cbb3f4b716a16c88eedd774i8s0,0,0.01249790450967031
5,222d3e39d4a292d79aeef4c04e52aaf24mgkb,0,0.003947172730224983
5,5db8eed67a7b648d1f2173b665b79de2vwdlu,0,0.01437691454239959
5,25aca203223b4d9563f5b1a01aa3a21ftlgve,0,0.034614240340271614
5,61e4b6ad0fc268d42c330ec99fd8c939yb7t1,0,0.0021532840250706336
5,ba258a455ca17f2c13cab3d0afc7de0b48h0t,0,0.0002765913037048691
5,ba6811273d4f63d9a31937b71b0a22dforovn,0,0.4074972717132527
5,9f34ed261596a1114cefe81158c5617biq26c,0,0.03137528641809415
5,f0c034c46dfb78d2e9e67fd4fa1688fa6mv8k,0,0.0006853830834569977
5,363ba0a2afea1b074fc1ed270c86050byprz1,0,0.0009772523458064168
5,e0fecfdf4029d9a91664e703a178397718lyl,0,0.0007625597205987962
5,1dfb637157cc0e590e50d724cd4cad6d4cacw,0,0.0005330794222145813
5,65d8228c6c1e5b6042f397afed8a5c7cbo6x3,0,0.20773951382513886
5,f939c17ffc7c39ac9b35b69e5e75179fv9pe2,0,0.017819503977073232
5,84a769adc98498f52debfe57b93a0789556f4,0,0.02266297070052596
6,4bee9aba2abda51bf43d639013d6efe12iycd,0,0.08570044977371732
6,88ae7a35e374a6fddd079ebb28c822eeohwse,0,0.009139456193975356
6,fa64831ab5ade55daee13f852c16b0a84ujt0,0,0.04311941349547572
6,d29003d7f3ec1f0e4ca9cc17e6389b4a4phcg,0,0.0006056208694600401
6,99acffc3cd9bfcd00668dbf472a1979350mxk,0,0.08098008733401406
6,c0e1ecd40b81bda3b7dcec501334499dgzq17,0,0.03811759881890964
6,8abc7635daf75f9fbeb63783b7b8ccd5rvuyo,0,0.0013699291609518534
6,64a39f766b2e9d9471b104f0d0289740a9kdq,0,0.000560195977513516
6,792edafa0603516a57932e6103e9dd54ajar7,0,0.03822193932480281
6,68600b8922561fe26b8b6acf1d11efdfb24k7,0,0.5939788682260573
6,09d71d3e6a6871a7598dc2764c5bb4ffkz6mc,0,0.0018500920338997292
6,02bde521e763e4f4e590e8368149e04a96il9,0,0.0077736971245825634
6,6ecd9f4b332eb790dc933aea0a1528e2qkp4y,0,0.007026693474534264
6,1cd8d86911413c73e92ad1170cae68c3pocsn,0,0.3428258633586413
6,bd2cf3a868d168425cf1bde7c49d40b9jq0xu,0,0.026725280998158664
6,9df0b0e5ca66460495931376045feb5fu4y7b,0,0.026725280998158664
6,d9c6b6d7290e4475bcd6d264fb33a706fqtvc,0,0.06181122193775332
6,827da66b68b225547050c11df16f845618ptk,0,0.00027054784248392203
6,1ae57d217b27820cabf6e24b721bfb38s6ja0,0,0.1452873221696142
6,ff58ffde976a4899dcd89597a7877e18lntgz,0,0.05444185802772177
6,80e753fbea14f966b1fc6d1e194d4e66822ms,0,0.045740012359613766
6,bff9a98b73f2b9a01300d3fd3d55b16b1190o,0,0.0011733195415777214
6,461dc3d03d1e28d52770a4d3dc7db34558fcg,0,0.0015523538778616098
6,75c4518eba20c9299a3a836d9905c327w6j8b,0,0.25402289375086234
6,8c2bdb9dd878a811701838002627a056be0ce,0,0.5130858732364141
6,efc61ad6db17265a4bac85f77b154ef414tpp,1,0.003219244306374533
6,b27db6c048fa41b496dfd3423226bb0923yfv,0,0.0021301365513866732
6,acf06eabed56f179cf32ab60b6b076820ajls,0,0.0014348997811338613
6,7264bde42ef4fe3fa19cc7c6d64696cf7pqtd,0,0.0002748242707669868
6,99fc8ed25265e58bc94d9d95180badf4t2e3i,0,0.027596011083720662
6,3d9910a238a0f282ad3132dd6fc981c8tv3tg,1,0.2723302875402377
6,f90f13ddfc0f98cbe3c2346a2e30093cq6zo0,0,0.0007818494141315633
6,fae963b2adbefc663692d7feddb50d5dxz1hn,0,0.03141897284770526
6,20ebb9de648c6df989f04d07cf273c7b3yu8c,0,0.2632999028542146
6,dd661e2d6e79a5b3e66c82373d50f3ee86k85,0,0.0077736971245825634
6,8e2a43abb8fcd8ef9801c69fc04bfcb5kyc41,0,0.015639490099179372
6,520b616c26fc47935f6bcd5ec063eaa7w15t8,0,0.002088623220641751
6,de9f5df5962dc171c7d82ab503c36dbfwicon,0,0.0018229443540562218
6,1053ead33eb1a5db7c36c979a455348abh9ns,0,0.0003209600288703465
6,a94c16f8a98e493e2b4390b1975e690dv8cmu,0,0.020570110026957533
6,4955e2c318d0bdca797ce17794ba18fblhaau,0,0.007583344780417434
6,e0413f338c43c9d55ba53612d2068f65t4gs6,0,0.013655942525232905
6,50791a0a98478b7f78f8d30acaa4683dxab5p,0,0.014235662340648166
6,62ac0de5f8776ca1d189297bdea9a64cmewb9,0,0.0004108808627976522
6,28c9a5ea8aae9fb4f6a755f94cd922361v9ow,0,0.2922733932026738
6,c600968815fc32b20e0519ecfce5b648en2wo,1,0.9848539656555071
6,20662832566daffac929f803f0c236eaperht,0,0.22229456710252588
6,5e611461283a5c3e49b5bfbf9c33b7391ce3h,0,0.0007548377598931866
6,6aeab198df208f8628825f7eb3ec3701p2ybk,0,0.001692013485237399
6,31a301c70e897bf36276031abdf07ab6cs6z0,0,0.08911579544148
6,246c55639cf85c682d58cbd2ed6a6563vk2yn,0,0.019569379493692893
6,179a23cad40c51dd7804069bf769d11e1ftk9,0,0.10461833869211438
6,97b002c9936e63a1fb9994a67615e84fft019,0,0.0013413358526657452
6,d2ebe13374f25a12865d50c17af1dad7yspzq,0,0.0005606588705447894
6,f61d93fddb01d2d89a85a132c649aa90lj1z6,0,0.0007178588869311146
6,76a8a9566e21595a1ac06cc0050626c1q7a83,0,0.0029047402079340917
6,a74e3962ca26514976056bae3c46d579emz6y,0,0.02501949960069497
6,a6bf74b19fcb2687ce345930c4c16d4e2txda,0,0.010379925878526361
6,c69e65de28937ebe1b94e7785afd94158thqk,0,0.29779629868109325
6,791031a63c9e2b4835caa9a4cc1768baias2l,0,0.0030183207069330712
6,7607c4efa792a69e2a8949ccafcbef103squn,0,0.00026958731138689555
6,10c1e1164e3f8298df9a35c891f67babiycsr,0,0.00037170088221887454
6,7b5bd948eb1d8075be58ec9240927bb59ugz3,0,0.00021417810561911085
6,300bb4c9816a7064b106c9c6cec2f51ei13n5,0,0.000999778787206807
6,5bbc8f66464ec2d962b0360d1d74bf67imj47,0,0.00025959975100418615
6,3733f7ea492eef1f69f98593d2122c50xwcha,0,0.0033244482534322633
6,7f86c3c417ae1db5bea10bf9d0a7827ct3ni4,0,0.8918305687732837
6,e1b1c514e1b87826fd045588f1f3881707cyy,0,0.00050595155639414
6,ca0c049b8c37c99ef93b6086e9947135onppq,0,0.0015403854927184108
6,79c18f0460f9bd86bcfb25da96d91490jfuxv,0,0.000732522855673732
6,7eb6a5ffc5e8471efad7cdc8927daf677qcf8,0,0.15621442415777645
6,e1fb642deec7b382433de94983d97681o14ko,0,0.02534060138594343
6,bf80bec9b4a8d29c494f8545f2a4be4eji6qj,0,0.3225861552732454
6,5b45b150b6b683a98b5bc19c4214f44cvzru7,0,0.0003649230254410555
6,3835e3bbf9a17a33867860a9ba19621dp4wdc,0,0.0056201704370629005
6,37921a9d842612b3b0281f7098d0002539xrj,0,0.0010100432671154003
6,2a5726bd00709641cc54a8ab5422cde3uchoe,0,0.04074294139966067
6,a4c40fd7a4c1040283fb2b84611eaad240849,0,0.9203963946299433
6,4c2699de8bc9516b09c5e5c8bae6d6c6xiry9,0,0.00029790841144531585
6,1c66f261724506bee45dd18a4d221bfeh1687,0,0.0028618478045136777
6,64885ec89a54c64598b2d196e1fe2e351cd60,0,0.0021669068187151848
6,9211adb9cc770c78a70b55441acd146bfxnz2,0,0.00207042968709028
6,6533b670e02ccf583288ba7c8f5fb1carmirt,1,0.9430584572411018
6,45927dd51fb4301c459ab96d48f64752q0o9e,0,0.0007500114057586707
6,b7efeea5ff94a281635ca2f0f7e8b3ca4zykk,0,0.006249038163142824
6,e5fd2ebbf5bac9ddc73ce524e1b33c3akti0q,0,0.002900710596043812
6,3b947f8c954acf4354d2c3bdcd494fb0x54ee,0,0.0005445956167765696
6,c0d065cc8cb585f027143f2ebc6b49f01g1wr,0,0.004238002045438553
6,5e8bf58291656ddd5fd2f71825565446aiopv,0,0.08912095258028019
6,20a2d48ac3400228e7a0296aaa596a0fvckdc,0,0.00160807278103307
6,9be87a4f123366660d7f6d40ffa493a8ffpsj,0,0.003987994528229379
6,662b66b1227816c2f9017cadbc148381alne2,0,0.0016759131471536118
6,8f6f7baf33fe2a5206ed3ca88446a99bmq453,0,0.08550912407491497
6,061690ceb6004807b7906968bf382dfcbve7y,1,0.9630352019489524
6,96caf14832aa8be04d98aa481b320392kb2gc,0,0.02102725398863518
6,a3910fbd35b7a0c383c9805eafda616fra4xo,0,0.03822193932480281
6,d4a84bdffb9543626fdd42c879343ce26ds4l,0,0.0003725584063165203
6,8bf04b0a219c7834b25057c0220b4d0dhwdsg,0,0.0002895763797234898
6,790c497536a2a9fe080c3b2ee6d5eeb9caiv8,0,0.0023393445585844965
6,445305769cbfccafc89ff5ebd004598einesy,0,0.053010852561924865
6,6767cffbe2c0957492aa451560655be3hjd6s,0,0.12324502628252473
6,0e8212e286ee36da8945c2480e366417xa22x,0,0.0006673341381878959
6,b725a638efd8d51f66ae2f22ce1df678p9es7,0,0.12025539390211955
6,8cba56e5e7c2be942ea8472b73f0842fil1x0,0,0.009511077022026937
6,953879d32e39e014cf8ce73daa2547cb2ke8t,0,0.0053711966298992326
6,1ac788675f70655e71a013892d701e901kj13,0,0.004085323313340088
6,e4a9bdad09ebc5d5a264723855fcaaad6q52x,0,0.14535369595032965
6,796961698c2f2442e73c5195062370caawzzo,0,0.0012861440197888424
6,d0b096df6b5ffd2efe8d5cfad4a24912zs3dd,0,0.0016753338549999925
6,222a0e05442fec0af2d20ebdcafe4b28c2pi4,0,0.0005536596428406403
6,6db047b1bdd342c09ecf9f5eecccaa4fy5l0q,0,0.06551256462868908
6,163097c029285c7eefa2d60e474d65b4ap2l0,0,0.0011442506213504551
6,99bfa04865566ca88573ebfd3c7fb1f2c64cr,0,0.0028297416762483405
6,4b3e6a8a52c413a32f76a6d7a84a54bb8gb0t,0,0.0077736971245825634
6,2eaf4eef52d5b17615d08bf77386fa42yotej,0,0.014121400135802474
6,fe4906ac4c8e2db5ed5a71e8a9d10080u6g7o,0,0.05163814372646478
6,d4d4b36ea722e5b939e51e34953004c4t671f,0,0.00228843452202224
6,055eb52087e0080b8ebca74be4f823f5c819l,0,0.08570044977371732
6,2db8669a6d21a5c8197d4287ea32b7883gv5r,0,0.004599832836502873
6,429f301119adc32d35541dd4d60903563s7nr,0,0.1380370738351339
6,9d98d3f00a0c0bddf35470b0fb735fcdhiriy,0,0.8034284286838527
6,54e279a4e162af7fc55d640aa62d0cbc9hxil,0,0.053818456807518435
6,4882587d42b3d7d8d7bec4315203f10bl2fts,0,0.02983751396184505
6,34cc283e180fcd4902ef8758714c6d83th4nf,0,0.0028737905253248736
6,cc78aba7eb8293a1d70f083bd747fa1450906,0,0.08911579544148
6,6f7043cde57060a6766b551df5fa6fd9p3ojp,0,0.0005694684174900936
6,ac94684646bc6f708dcf4566f41ec05es9v44,0,0.08911579544148
6,3128932859bba46f57cdd19579c42e05lif6h,0,0.00016693972442547464
6,d2704c8bb6ebbf13e08f37131382b126wy4yc,1,0.15588466132599946
6,18b5e850a1c10e681cb5fae0704a699018x6f,0,0.026725280998158664
6,ae6758a627a111f6d6b530b0154c429566o4k,1,0.1556943478629361
6,3bc8edfa1995a99110b957ee98fb5c76nkl7t,0,0.6626981820933142
6,403640a20dbd2c4bf554e558de137deckn70o,0,0.007656254541995928
6,fa6b4da229eb64b4d44e7d5ee2b027f1j1whx,0,0.12025539390211955
6,49c3957287d24e69713e4355933b74baoijix,0,0.000614731717460393
6,612d24dde60a1b42873ab7b50944c6dad3dcb,0,0.026772024509183326
6,313bb0007cbdd82f326d58c96847294c9hz4k,0,0.0008949220482081905
6,3e85a43950c71b1988a814682abd4392yakvp,0,0.21564173298384054
6,f0567f6d45c0f83b9874681fe8dfe0ba6hjlf,0,0.24860796995559412
6,a4734769962126673e975a627e930b5fgc79n,0,0.006928981748445323
6,86a3a9861ed45158e964f9d004a224b3324cl,0,0.005850956935796481
6,90eb8151eb82441b084d04893151619837abp,0,0.0021229939755447198
6,b79560ebfed7c8cbcfb97475812e0836twsnm,0,0.0003807361427746138
6,cb6ea552ab5b90e2d0572148426ca275d1zzj,0,0.005470023786946424
6,2d9579812895729581ce269ea17462197jxvy,1,0.658466430180016
6,d9ffd2f7f3cc1a546586701c2a6fbda24u9ye,0,0.12147780744657424
6,c89ad997f646e388fe375d7fe33a3727dzrh0,0,0.007446130131572722
6,e561791343f3564a6fc612a98b5f3df34rxok,0,0.10635117860719896
6,06b2d71c26ef3b6e29277f761cd0db90wuwjo,0,0.04924654336532688
6,eea590b4da2709c294e8db490f5997eadyc1e,0,0.002596350884745124
6,f73eb6e2e7a872f97c715ccdcddac77am8bq5,0,0.046649871207929794
6,2b044b4b7949b96e38084e59b5d1d328jib5o,0,0.018560795761954837
6,414af5edf09c473bde75644b76a68e7feesrw,0,0.07039260746684885
6,3312b8e73417810a88be459d75fe9bc2xhd8v,0,0.0013716209978709554
6,14bcf558addd6e6f2818ab2bda7dc679jqoon,0,0.001441098400008691
6,0af208c4fc46ef9236052ff495016326zxoqf,0,0.0004533324545970891
6,44c38c27b9de757c8c7c05cf07b7e3eb14qpt,0,0.37580278996913963
6,a6d6f3f5034886fc00a1245b439de13a66ha4,0,0.0024222575069435836
6,8251041848182e6468c8119905a177dekmshg,0,0.04576955661897189
6,9ba7cbcf531c20ef7cc55a6da5c0654evwt1d,0,0.09254063600383806
6,3e2e03a4464642627e223fba066182d1qslv5,0,0.0006051763912878635
6,c4d42d0beefe49d6157c546a2504f4db86hvd,0,0.010992913969707068
6,497b8beb19a7f674bc53acf7f5c7ec8cxv68x,0,0.0010962262073174426
6,669c6a0e8aabbf0647e8ee6e150c47b18a4pu,1,0.8296833390252247
6,a2933e33896035761240ef5a62477779jf7ny,0,0.639850012474846
6,05ae7ea9549ae298bbbc8002b4229392e0ilf,0,0.0008033000166609925
6,a5fb60c136b7e0a6d0d6e27cadb2a797225r6,0,0.03008613543825875
6,85ac49e7f93bf0e20323de78362bb4aadnwia,0,0.012203335062332638
6,b34fe965c04012fd22123ed948257184pqvfg,1,0.8955365879951911
6,23f9a0e1492c4abf375823266ddbe36bzukj3,0,0.00019874469872632647
6,de3bbaaa3bbc1fd1f751d23a972916d80q8e6,0,0.011460075057228698
6,8af01eeb860c2e6b1512377f28953110ml638,0,0.13361858860293277
6,99ca795998fb781a42d85f1abeb50482yzffz,0,0.33600532491497165
6,e6f73230e0fff1d9a6b1b8a6617002ea9owig,0,0.0008475811766352541
6,a32cce991a2f597f6e5a02605119f99b1dyq1,0,0.00046415685213756317
6,0817731a4d2e319f6f771da3f522b8bfv6njs,0,0.9639161683083577
6,85499f83c5f1674c87d0fe77838c4da793u8y,0,0.036481153686064506
6,dd76fa7a75bd0e1921f71d255a8e0853l4lbi,0,0.002187857454525102
6,bfc7a0819397d910db7c24eaba1ed4c68dwiq,0,0.0003127292238381652
6,40829191b83242ef1f380f90876cdd74mrqe1,0,0.014071845959115802
6,2635d404f4943f3dbee24aa16a2953c723iwd,0,0.002115012029439271
6,8215dac41ad35a074c93bfcfbc0f908chlo5n,0,0.0003953861697717612
6,39a5a16e5a67c2fb51789cea4d3091f0mv996,0,0.00023986354257398858
6,fe6ed3a12fbbf5da4980337564361710v2y21,0,0.0008834844112542933
6,fb81da0790d821a22617d748d0226540ylrj6,0,0.05995686673673752
6,3550d62e04bd3a1239eedbc29d9c970279b1v,0,0.0021035525613769587
6,14d4e04d7ed150613974438a4dfd4e85dybq3,0,0.014363429278762736
6,ab0b0de534bad49af05faa626b88389cmjj8e,0,0.004195773357278436
6,f12120e467869d3d5dbf7c7d0566a8e7bmmhk,0,0.00036317758419742097
6,4ac31aea605d17045ceedbce23eed239omved,0,0.1336059044880866
6,9e25bd3696b4e1775de205d2d4698a0df4s14,0,0.0026941877137334276
6,c2f592fbdc8980229367e1db4d0f7a51my54g,0,0.0772548800178448
6,9d1506d6779356dda24ed87d41f3be39yn1rc,0,0.0011871978962448015
6,36e2e2f32a3872d3e958c0a58ee79bd129xdy,0,0.001101937544121784
6,c7c854748038ddf37b8a9c4f5a28073fsut8p,0,0.029526081069584157
6,673650167f432c009e9dcd062cd4e9fc2szln,0,0.0025570034063770414
6,d6517684989560cbb0da1fb2f5bbba9b9y2st,0,0.010033573672294929
6,332484ddd66b9a3db89ee68f08b1288amq90u,0,0.0015900728833926668
6,28b4c35bd90c81ca959da328806469d493mvj,0,0.02501949960069497
6,ed5ee107143980558fae26c1b5c7b81a82spj,0,0.002302912514556168
6,2b19566f190ff3b8a85884e03c64fb56ir8a8,0,0.026725280998158664
6,bcbd5c95680cab78cf904fb936dd03f86g19z,0,0.04483621732278352
6,3a32eb1c6dcc818e0df4953e978f2e89ljhnf,0,0.001583555095747763
6,c08ae3075278ed0d139f00ead52ac2b0oy8nw,0,0.0004084157541811327
6,49eaad86d095aa5af75ce34e59e4b7f1mmf9q,0,0.001671666527982388
6,f01e3769fdce36d31eae85525827ab17xeu31,0,0.0003940907561640815
6,b0973e698b12fe51ec2f259d924c6098rasmy,0,0.0010014536823087794
6,a7c910e7c7796d979aa9a7a31d74a8eaqsapx,0,0.05163814372646478
6,1df1dab2eb718c3da3f9a0aa90b93651sxqzo,0,0.0003439360063692705
6,a48837ccd05bca96ddbf02c55ecccf639adk2,0,0.0023162188209020296
6,c5120d10a23eb0c10d56a19fecbf9da85t4ow,0,0.000769294977838782
6,465c4f2ad08cc1e5f7a5e1e3ac75654ealh0g,0,0.0016683424527774364
6,af14436f293c40a9904d9f06a323215bf7zdr,0,0.0011793211535700817
6,f4294bb3abb69fa3183e7e851b58b278k83z3,0,0.08911579544148
6,cc4763c97c3d7cc9116e0a51a6d1f2e82242i,0,0.0005488786814577191
6,470a0e402bb9cb4d48c2a450d2043e87flc2m,0,0.0015127741433577492
6,67d6466d7f4a32d294196b8c16ee0b03kn9tf,0,0.08911579544148
6,f0fd9f1b3fc9ff10c2642b3bf81946e2rsq48,0,0.0012504993481053895
6,8e0462410d727b34290fec10fd5661761yc8u,0,0.0003048918689810793
6,cad9c97e99bd5753be98edd9ad8ec8c8c7r66,1,0.6786069312134281
6,ba266f4898bf572447ad65856b362595yjt2a,0,0.004110367477266534
6,2b429b9235bab2877cd93ac6d9fbc2d7tzwre,0,0.22192002859420673
6,80d8e3bfc8a2ecbf22614befbdaacf5fo6o5o,0,0.02501949960069497
6,1e13eba969b6b953688c9e945544ac4741ilj,0,0.0015017180048032357
6,9a5fb8e2e5add29b006d789e4cfd1513paga5,0,0.03822193932480281
6,47183c1427a3cee97ff9bd167844e65d9dzi2,0,0.010570393332361138
6,6362c8d61774cfcb6ada7cea1be63678hxkfz,1,0.6863878962559399
6,8c33cf751b05ca6a9d886a379a84a2ees9jlu,1,0.0318538519408102
6,a447127835855849fa2ee496d05e0847fgt68,0,0.3995355572337021
6,adc548d88b9a307ce0b58a0d11d3ae14gcfon,0,0.08416941408197158
6,a96039c7cfb1d040ca978ec5e66ee2c0sb5ht,0,0.0026952150732079184
6,3318a824cfbd3d3d177ab7e9520b21cbsrcgr,0,0.00044874719695811745
6,b258a38ef4cc6ea241b5473ee9badd32ekhoy,0,0.03811759881890964
6,daef74294e84ef6d7e009c2d51be6ee167xds,0,0.011788542644045231
6,4997f0d7074a1d9f8bedf5575b6a4372w7nro,0,0.008732167619076909
6,bf6f2ca50a3a6a3113681e754307aa4ehnd5j,0,0.0016189752767163867
6,6a31ec9cbfe23a9398e80403859f0402cg4ql,0,0.00040691254923965354
6,989e8e68621a43af5a8d061aa91bd9bfshy7d,0,0.11450852861897204
6,a46025d61131de18474aa6f167e04bf08w9x6,0,0.3595774260698472
6,c58ffa073b3b3deb4e993ee5dd05347cmvfur,0,0.0003266119427930689
6,898419c2d011d5a822e9ee07c387098ezpc12,0,0.00044209467752643694
6,372bf02911448b7f62cc861074a7ac81y0jsn,0,0.08570044977371732
6,8a4fc219f01e1fe6d4328b0a47fc54905iv05,1,0.04526732384330705
6,bdeb5eed17a812d2c47176e30b8553ae2k06g,0,0.07922714918782274
6,60edf674563f85b227898f6af0386476efy45,0,0.0028618478045136777
6,f8f87e237833c3279a953b785653b0e5qka8u,0,0.015462705235827094
6,2f9a7b01fcce94499a59aebfac98fe1ezsk1y,0,0.0009372415644804964
6,7a9519ae09e328b09d18473f96ef075fzrs1v,0,0.008576116817463064
6,7639039411fbcc6cf1013b247b2622a72g0r9,0,0.002831710510890662
6,5c2e85ba72b9e9e16f77939fee7ffb5eivaqe,0,0.0005315068751840484
6,9197b6590c6dceabd88ec93157fcc31fgb8a4,0,0.004245934084822571
6,900284c412387e0bb2dc2aa5ce42dbb9th70g,0,0.0020760518027305775
6,3c37de5e4321388ba706233d5ca4a0bfp7w67,0,0.026725280998158664
6,9df0031595e4105e4530ceee1a08faf319vvb,0,0.0008361893053169299
6,36473d4c641c4c09c20c80e2ab35a36dwzp5d,0,0.00027054784248392203
6,25f1a9c0c83eefedfc2c1589e763c2a3is1qy,0,0.0009435139426059986
6,68d0de6b2b019e4f93fe89ef3c9d3e21zajj9,0,0.06484150306030667
6,4579226b86f3ca5b5ea1597efabae4c42j4rw,0,0.0010859981000720124
6,59d96b423ea3ed56611686300b681f3defm4n,0,0.008655235143375926
6,e4433ef42008dcff761f12b9ade6fd31krdwv,0,0.001359920917250666
6,e833712b1e29ffe74517e2dadcb4f2d1pt5t3,0,0.12056600825551012
6,82f1ba4809f4812629e9e53ea4c687d7begx4,0,0.07922714918782274
6,25f59f9da43b6806aaa125fa61974591sacso,0,0.0017361255802851537
6,f781d7cab96d95bcea507cdd43b24255pw0dv,0,0.8861453766738236
6,c349d767ddda78ed58a3c5769e780598ar3ei,0,0.02501949960069497
6,7291b7fba1b597d66bb8efd45fd0d354q71ka,0,0.04074294139966067
6,cab7ecf98fd0489389a3a8d3961defb3k66og,0,0.0023315746368844635
6,6f6e3687f67272b103351641b678225abarzw,0,0.00272867784341537
6,2e33b1ee8a9d4a5cc5f886ca455e8f86kxu5r,0,0.003748484534364838
6,dc4efb7e05563288d1f2ac4ca65c6734017ql,0,0.04411118201088363
6,ee45b2475e453e69ce712388959fe4acspmvk,0,0.002841941085157829
6,ff92ea4abd33ed38601287f0e1d6726dmgx1f,0,0.12877163201574995
6,46a28eaed47c29b4fd148a50cde44840u0bsn,1,0.35673313428473924
6,d810a7956e4d9fbc246d585ce84e8ea0750b2,0,0.0004086148261263165
6,cf18f6766fadce944ee74796489c23acmqhpe,0,0.005383391520816541
6,64abb8a286b2be97349e8b17abcce6d9rygza,0,0.0012380130232573685
6,f23ebc71f2d8d820db2bf0576ee7e148cxvkp,0,0.1067719666890165
6,9372e27ce85a8c8b9460b87c37cf55ecqjjkd,0,0.02888018349123794
6,d7eefaad31febe607c252199a7672420kl1el,1,0.9033875934072508
6,4c341a39553faef07ddb917ea4e069ed0yi3y,0,0.0004852420693984993
6,bf65e77ce8676fbab6fc78b70c50f05a8da8a,0,0.04820071816454946
6,e134f2bb79d1a810aada6a24760c8910mh5na,0,0.0016656539925533264
6,eeda0d135495167db9425fc5fa3a5e3ex2zel,0,0.02501949960069497
6,5c2d250afe88df6e4ca3ff08d991eb67s5erh,0,0.004993182396751616
6,fa6bfb4a2156dc8e73a713cdab85bc4bmcmwr,0,0.026725280998158664
6,531d4a209ec0cf76c9337b42fb1c3d9c9tcuv,0,0.0011918491026707923
6,ec86220eb6ce57c91a02a7356b342599jrcut,0,0.0023630210690148085
6,d4b2fd8f5e8e02b660e9803cbcfa6cf2t5szq,0,0.02257360117108324
6,721e69fd30e33488bf82b7e2f9c8cee28a9ea,0,0.0016377472221225993
6,72b21fb7cd32b1a65bed8a12eb94a8b7qa7rl,0,0.03830529864422622
6,715ee2811c764d5c58aa228ee801e518gqvli,0,0.014888307840986163
6,466ebf78d7326a38db1e19fdc1c70e9b1qu0z,0,0.013504428449351437
6,29013ddeb60a18f7d3bf9f3aaaebae6c8651o,0,0.06419096929365929
6,2271fe5b01f9b8f9d8409014ae4511524grmq,0,0.9335477305721792
6,aa1c013a1de168c611560ca2afe78111g8i6s,0,0.3130613969489749
6,4038ae3276c0b47f420a5d73687fb73bghgxf,0,0.04078440875273723
6,437c191e614776c1535305f602ea9033sdfmf,0,0.0009887570516288375
6,76ab7c99de4a3141bf617bf30bec9feep3zuy,0,0.0007614192418954742
6,a124589b3af5a212406c0306584a9554fazi4,0,0.0016294236591209964
6,faaa98763b59ed5f02836d4bd682035bfhujq,0,0.002529540770800149
6,c8cf68aa6abce25325dfdad4a98fd890ap57f,0,0.0077736971245825634
6,8b4bcc98fa4666b22c7a17c9a4b93ebenlmlb,0,0.00022932800153131552
6,20fcf71ad6fbd43f6f5fe493a6bc3ecfextqf,0,0.0003696716800417846
6,0a09adcd35b5f26d75f251006affc747drfu4,0,0.059236169389093124
6,ae29b39843141a73b39ada671ce6b6c0yxlb6,0,0.00027054784248392203
6,e61c14d66cd5693d93cb0356d7f444ebinx9i,0,0.12063578338341947
6,f428427d7227ddcda377cd00f07749576c6b3,0,0.02501949960069497
6,98aa09a7ca13559a9e2a43fa2ba4d2b7klwin,0,0.0007427803335741882
6,16065749457a14b26998fefca503c3ecf9og8,0,0.00010459786292955922
6,db12e9cad5e847cd7a40ec1ee649e475iwzqo,0,0.0077736971245825634
6,9d33ed2efcfaddba0307d12142f3041ce731l,0,0.030433055396720334
6,95ff2833eef5999a4f3ba4a7684d2b26a6v9j,0,0.0010452926955944934
6,24a9abf72cedcb421e831c1be26607e37zojy,0,0.0003807361427746138
6,bef84146ac1e2f21e928e06ede1404793bfnx,0,0.0006600229796636457
6,cd8f738dfa2ea0554baa3dfc4465cdb8izun1,0,0.00335685852570269
6,f75a0f726d764514f612ee8cd8f65adegt02s,0,0.05485943152622774
6,572c9964ca41ed055830845993fdab29p4f03,0,0.012523727905899241
6,cbe8d224a38ccff930674361b502e7beyuf1k,0,0.00173591583042618
6,5201935b289665a197e38f747882948fjt867,0,0.00160807278103307
6,fe27fe0815883aa3e1a312f0dcb45981txa2m,0,0.004132218159765264
6,1ea558fc18eb1b3ed7759a3aed7662d3p77wq,0,0.1794105801701217
6,7ffd9b7b795d9335153d481fba4b3076plrxc,0,0.0034641252169332745
6,da950a556200395a82e23e3bbfe1abb6xs258,0,0.0003830498549248741
6,7e8650379cbcb3ef8f7f6aefcd678067kzbdi,0,0.0007980189344292084
6,74149197c8684977e397ab60a6a264836b0lv,0,0.0020760518027305775
6,55d9cdc3af85efe87b2a6f22a2cea96ezy2ax,0,0.0007631536564901512
6,25a4ee3a528004bcf4f4bf62b9208a7dx96pt,0,0.7217634089634432
6,40fafe756c4695b32df7d19d4c710dabvzr79,0,0.0077736971245825634
6,92a63dbb8323426833b944a4fc196fe27pzha,0,0.0009821075954802696
6,d144312f2f68dc33a63b7863911b2aa459i99,0,0.01970671428976528
6,af33d5277890ef0b5f55fbbf400441c9hdehk,0,0.0014292569720308732
6,81392b54fee8e50ec74efb27cf0de8e32fdm5,0,0.0014919605172292547
6,1d4eaaacb6127c43c1c007331cac135bpib3m,0,0.0007856524434522587
6,036a4050a5dd65e70f0f613ec2e38a74re026,0,0.0009435139426059986
6,e76057d8bcdbb3d2f935c30849a17e4d7ordt,0,0.0035180718837790927
6,00cc97158e6f4cb8eac3c0075918b7ffi5k8o,0,0.0001217865700257204
6,110d2e689da119388dcb6e235749b787ni298,0,0.0037132444643185446
6,308def7f05575db9bcb6a67207d6c1beb2cqt,0,0.02369247226303714
6,fff2c070d8200e0a09150bd81452ce29ngcnv,0,0.026725280998158664
6,d110111b8700f290b5d03a0e243fe375r3woe,0,0.0018478361083659942
6,069d251f2fc19102924468ab38349d5eou7ab,0,0.004235145655874576
6,44bc1c87245aac66d176620f6ac9611ddbcil,0,0.0012257981764986791
6,d588f4c51e67a340d1991a8130ee0b56hy0r0,0,0.0001331953867290581
6,762046a235e00ec6521ba71aaa1450c28ijkz,0,0.5672590546730447
6,90953913d629a03e27590d0d0f64456601ktd,0,0.004079308993799955
6,eeb7e43d894af9161f84692f2bf9570fdryzr,0,0.1794105801701217
6,a46046f129f3526547aca680877fd8c7e6tfc,0,0.0027743315976512116
6,74582963d3774699f4215df7f2d17c1b6b4pn,0,0.002319003257494953
6,a6230fdfd4879433e36a76d53440f426c7a7a,0,0.06850429296330497
6,c843f90bae7231af13dd0e064a469704drz2x,0,0.0033148855470639814
6,77b7daafef906aa3f941992bcf94dd69zxk2p,0,0.0015583844985438986
6,6c6c3559c5f656c71348f7cadf29bb12okgl1,0,0.0021434461207823154
6,c780bc2dc7ab83d5e5c85dd13f0f7fdecfxjq,1,0.2090963894633047
6,4ef4b3e5727dc85f18aaf00ff9a1e936qyhp6,1,0.8500661107560528
6,437ac1b8d08c3b328924aad097a3dcdey2m1k,0,0.025694169187918375
6,3b8320619393a6f6bf12219b61cda688k4w4e,0,0.0009393348242968602
6,04636b6c61c80f5325efe61183e8edb01ko20,0,0.004216034736695512
6,c65d2236a70982d628454d19472ce26eltxgf,0,0.0040373939102597
6,d381ce07afba12851a815cdf8858c1c7g2pfh,0,0.7638213773007683
6,8d500e174fc28d494482f8ccb9438608zd51s,0,0.08570044977371732
6,caa74df2086d71caf6c1b2b9c81d3d98xhpv9,0,0.01677720994793003
6,f2f10539ed947e4b141b2e9bf21af65ecz4f7,1,0.9298437906348119
6,6a3b1ee159716b743ddb8e07e499fadbhqn74,0,0.0012128445594412197
6,8254276e772450c5365707cde76efa4cwuzpd,0,0.026725280998158664
6,f0ce8b973cb8d6eef9221fd3d6698fd4kl3g7,0,0.0015177211667316193
6,d2f0217aa734f025ec008d24d13eca10ntuhf,0,0.026725280998158664
6,4f7331589f84c6359bd693513bc9d7ddlitos,0,0.4060876800136683
6,3f977186d125ef8bcbee0c1562c7ced2b4utq,0,0.007083852284972814
6,49f4481b6bc2255e745ef20ac2a720754r9mp,0,0.08911579544148
6,cad151bdf2e29b764dfd3acac022e5dcy8n83,0,0.004343394539901896
6,7959bd565852dd880cd31278fab3660fuaqyw,0,0.004032576140779754
6,9e9047df09026ed5a5a3a86403811159u5yja,0,0.0014801814415680685
6,caf32bc98f84a47829e76ffe104371f6kphvc,0,0.23532495008076734
6,9a272c3baede0633bab0e15ff98d207e3ldpv,0,0.02501949960069497
6,c670e7fb466b09000f1053d2761752268bkfm,1,0.20468881805560785
6,77b342f0d8769898619a935e267eaad25rubb,0,0.0012677772880533567
6,9dc039dc57fd67bd9e7157f4f697ae7eloov1,0,0.5072094941094482
6,a58ace8b671a7531c88814bc86b2a34cf0crb,0,0.6284697677577838
6,f4189a40cc622eaef015a19d75d9fe21mylhz,0,0.0003878315823400385
6,1a5d7993b43386f64fcf4b84e7b183a6ref21,0,0.05024016975131282
6,780566278695c3771f81afc605abdffa4143q,0,0.0005088775183010414
6,01f498a0992d280de63ec346692efb2blckg2,0,0.12198354745458338
6,7505bfc1ca67a5ae14e329b46a88ab869ms9g,1,0.8753162535834448
6,2d38a6af2ce96c1446f900aa4756b8975y9k3,0,0.00004899077893274578
6,69333c66e55cdd6cabcc6ae64531fc33w20n4,0,0.015391449703990295
6,4fcdd880c4e1a1767c4d26f74bb3466f11osj,0,0.0077736971245825634
6,e9f928411213f44502e4942a29553ab1tbqgu,0,0.003943937332064032
6,622a477170c3e2215b7e3cdb06db93aezz6t7,0,0.003605226317687529
6,65f52b46edfc7fa64b9e74557a78e52c1it54,0,0.00022385594989246584
6,ddc6dc00f416ce10f23b57ebf758c2eeawzjw,0,0.0012760810787563952
6,08a588ebf7b98f44f8fc695d02adfa25x0amy,0,0.00025494522812497065
6,786cb68d5d2012dedaf70257449090f2hfb88,0,0.0005365251441809813
6,43bd7fe0ed7629fa774a461127a629f19je0a,0,0.00044291154235573084
6,424b638423f4862b2a84f22ec25fa22eb2c8p,0,0.02501949960069497
6,1b7c070ffb2c23c1d02ae5bc5d817d06qz4xb,0,0.001803084111490201
6,385325103b3eb54b0b974523fb7a13e02go5s,0,0.0012119093057809496
6,84f06d2c69695fe24cd69f8a1aae21a7kozbn,0,0.002726835512528897
6,e5736d7f8082d7d7fee8430c0e2279bcdmt2a,0,0.11450852861897204
6,c17c63af831939f5e2fd12f65821db65umonm,0,0.9358919746520216
6,15f34e73687d7361ac0d780737fca261g2s9n,0,0.016494013015382634
6,53e2d855e008a5c2f79b4b848d467b86nofo3,0,0.12025539390211955
6,4070f6ad5da385ba11cc99183817eb20h69v1,0,0.0016364598326829175
6,d2b8a15ae403dabc5aa752b205181dbe1lm57,0,0.0027386667299907795
7,624f258b49e77713fc34034560f93fb3hu3jo,0,0.0022244735034871394
7,7eaefc97fbf6af12e930528151f86eb91bafh,0,0.06035624714024733
7,25558d24bca82beef0f9db4ba1fe2045ynnvq,0,0.0010111642656752218
7,d91a4421996dcf429f575e372915cdcedae6g,0,0.0583253429702395
7,880f542a275df1251612886d408b32e8m96cp,0,0.000570043299792368
7,d6d3daba4bea632d7f5a4e2c5146f109dkd4m,0,0.02664609470712276
7,2a7d1f9483d34546c4d099e36e3a79790qvjm,0,0.02813519378760795
7,d36857d18a397e7e24d05dcbef3b919ftjstv,0,0.009288926387295185
7,c62bac5be6489bc0e0a7834a11167171c8ww3,0,0.00404343359702311
7,98783b6bd490f32f56c315307643c824nimw1,0,0.0011474481215500616
7,342f22fed8b1e90c6ff1a6b7bd80f6334w094,0,0.0094546093701385
7,608d9b68afb12c6c27da6c6565ffe8297wvco,0,0.0459646503964193
7,5f50c6187a179e2ee7ba2fbcfc845c7a1smgr,0,0.0075359175519915
7,aabc211b4cf4d29e4ac7e7e361371622pockb,1,0.9932021268885589
7,e97becf0d4632035ad4cd5e65c827d6f0xawy,0,0.0009224817526242619
7,848d3eaa622b26fe57d352eedd9649f4v6obv,0,0.0019925577560409584
7,e98d8f348b266653b6784329782fd2e91vu3h,0,0.003679205054590235
7,68d468e15e0de0bab9694cdca8e799eb2j8kn,1,0.9966443111474722
7,72bc07c7241e1856ba31609d11501c91cswlb,0,0.051352476757707474
7,d738b259ec6e6af625d1f41abcfd63e9e53tx,0,0.0012445502305617356
7,4dd2a50e589cde2802c4bab143dea61ak517w,0,0.000722723732528231
7,91dcfc10da696a6d90966ff795751708er5fp,0,0.6528182896268213
7,e78cb9678684d649453cd5e1e46baf462lq87,0,0.015798781860150213
7,af98b7d5a7c1ccd2968252a2fb1c06f69igbv,0,0.004154068005810695
7,8e1f8e5907b3cc256a2a57ae9ac81e063gbz4,0,0.0026149214632380916
7,f769b9f92260ecf046efd05bf9ab6822j7c02,0,0.00015478054015736472
7,4c4431ec9b6e683bdc5a3118d5140105r1nas,0,0.05305938474925319
7,7cb144485c703ac09fc73aa646041f72ogqwv,0,0.0014762028633150575
7,577af9ccdc29dcacbbce0f36b7c1ff15btljp,0,0.045701818264190196
7,28c0d4c81a22958352aa742f7d74e477qwo51,0,0.008528624510297532
7,0e66933c924764a59760aaae5368e7d1e0s88,0,0.0012453772628296925
7,48117c1e2b56cfc8739f83683e01d9b2aoc66,0,0.002005030862431513
7,6086425310e05e77a53317490e8c1f3cxzf2r,0,0.43068773045885017
7,d65efaa8129a85f85bf909e5abde8c3628gfv,0,0.1411870655091647
7,d5f997729fd5a0aa13307e027804de515jziv,0,0.049766265463901074
7,3edae72a9d44c43524c0203ce38581d1790xh,0,0.015798781860150213
7,2e3b450b727fe3e888c85d52251fd33ffoi4b,0,0.0025822208112267157
7,8d43ad48f315364be4d979d2e9d5ee67quqyi,0,0.005629079543565407
7,22fb740f267ac617118261b2fd3365batisfg,0,0.0014205900574761308
7,961ab8cb7952191816db53f8a11a35fe1zecm,0,0.010155339459833304
7,3be127c56b2de21dfcf2836f20afe249hqkxy,0,0.19802049964461937
7,2c31770e98fc9fc7e0f1fee6207b5600c0e10,0,0.11807223087807128
7,e613acb1029ecafd9792c9f75d468e4bmm9zn,0,0.0008673559207268263
7,cf22da37578048d2e51eca1e544c693cke5t3,0,0.08374738195485458
7,f63ed13362ce1c80970ba28a095c2bc5kfgmr,0,0.0005264680131661172
7,c48fd9c589f273945bad5f0cea5993ba2fet4,0,0.5806413221677078
7,1af4685cda2979a608c4b6ad83473774qgicn,1,0.4715782322464461
7,068450aafae2a6e390e35925d964290cdliqf,0,0.09096527317646046
7,eaac863aaf84acb7529462118e7953c3oeky6,0,0.00568489744369204
7,ea0e5f7d93f2220a62bde8067f26daaa7oxgf,0,0.0006073940556115308
7,8ec8add138ed551bd5a9175eae0cb972ie0pk,0,0.0014257946904594572
7,e561facfea467ea124df0111e041287ctvgwn,0,0.05305938474925319
7,ef9ce9b85309d7d1044ce57055705bae8pqlg,0,0.0016931620583124929
7,3a5420301c0dacbc5675f6f09aac0143tuodl,0,0.15831455447075787
7,c76f30b8330b6d14fb872b30fcfd9d57phbsf,0,0.0029030072298963073
7,908ce7060337fd8550760a100921f6f7wsemn,0,0.0075359175519915
7,08515611e73803dc6d8c562b8514dfb5qi3z9,0,0.19468609630485825
7,b9080651d16e3d6d2d83e1c5debb55b0qpwbv,0,0.015798781860150213
7,c8d972b803b46212369cf1b480328dcehb9jl,0,0.0027873080671909608
7,99bcfc00be736e03facf0afeb79ac533cs7tp,0,0.0936381072658328
7,ea57e35acda9a8f8b75f4d9bc049f74d7qx3t,0,0.0025339843259725796
7,175a06fdcf622c9455d0a77990b9302dj23ke,0,0.15743750648525814
7,b719671479e7d75b1ba5a5617c95ccad4dkvm,0,0.015798781860150213
7,518e9fb1055de6532ed2df6d03fb78feus5s0,0,0.028807607695243927
7,ea5948061b2059bcbd900d3ae7e86e428ae8g,0,0.5629014747126058
7,5850b68151cf0760e94acb39c4dfa02026k4u,0,0.0028437340777079786
7,a7454ee6fbb69c4079caf5b5b92574abi6pyh,0,0.045701818264190196
7,e0544483ccbafc4842cba7650677d043n2e5c,0,0.0746610171025429
7,01349288df20199905e719f0ff7ee771nwryj,0,0.00282099515384266
7,d2138bce99f535c244dab68652ccfa2enshxk,0,0.0075359175519915
7,c5dcc8a649adae76ce01a3fa85b68f237ny2r,0,0.001928952848893614
7,c08e5e3325e2f4fea171f24ca018e675we8kj,0,0.0075359175519915
7,3a8124eb9fd3977e43f5e0762d9a09d536rob,0,0.0009284622480091443
7,f535b28ad58c83d35ba87fcd46624148zbh6l,0,0.001776232685654506
7,40e00fd204d0ce97110032bfc47f423d0bgrd,1,0.2805172055225899
7,47c5cd21a74e45dd294cdd53041ec0a3dw3ge,0,0.09298169973590382
7,e22528ef6a439aff5a8b19f8c9b07c19fyzs6,0,0.007178591050209441
7,f93a998dc10a4c98f65c6b86fdff651d5i4qh,0,0.0695236970006662
7,e03311c7620a8098b7a177a5f1ad213ernao3,0,0.0006567508964600602
7,c9056fc0cade75299ed4438567a87d6ek44pt,0,0.00207916865830677
7,2d82c3dc726d2bfa19c5f16ec3de5023lbse1,0,0.012174455508872008
7,3c0026d48f3d6e10cef6cdb1f708793ccwkhr,0,0.004350308751588467
7,f2bf8c94172c4d71076e151cb4e136007iiur,0,0.001715603548422091
7,f18d2ebbd5e48ef4f1ee412339d6ed7adr9qi,0,0.0007643792161946783
7,dcac75b5ccc362a66e7f9112f033bdebchxq4,0,0.00025449107066336093
7,5c28b04424e96267711d5af2db62e022tp36c,0,0.052454653642886415
7,9819825acfa7e20c47a78bda5e76b195jh0gd,0,0.03828272199851227
7,9c0cbc0fd8a6c22ae3648801ade080fek6i13,0,0.030678917713213762
7,2e1eb5b56591662fd7ecd7b39621bbcfgd1ks,0,0.015798781860150213
7,4f891171f7b09f54d8b4f30b48421f178m75r,0,0.050291683330206
7,bd8bd6cae40abb19b81b6b6a7775f63e5tk1s,0,0.014820617336980932
7,5d02346d70f11cd61d9fb955846ee9bdp5o6k,0,0.002528617901709356
7,3fae46174ef1a7dce5e9893775f814c4so8s0,0,0.015798781860150213
7,313ede314e2e05c31471fd6a93f98af713jud,0,0.0036209190203684376
7,30ef7862d69b3440ebf2726ee85a0b8397ta7,0,0.0004551364699920761
7,f8d0d52114da74d98800dc7553008705dth38,0,0.017050734842285663
7,66513f72be85596a527f9f653db3cb72cq4jg,0,0.10294226876324589
7,01255c2c7c5578c186873422fc00fd7afwk8k,0,0.002975520384238398
7,b46132a554a2a3b93efc5a9352036e6crl6sk,1,0.23181377201749787
7,573cf43253a18821e50dfae941ac287ceymgo,0,0.0058353603581125305
7,86b6207b5e87d58ae307bdc1545a101akz0ew,0,0.001273740088200422
7,fb6814db96bbaf61f42270a85f0f62adunxft,0,0.0007034829984173079
7,67d245e38ee756947ed395fa099807fchxv99,0,0.0011203044920472555
7,200b548999702c10f8f9fdbae9ce60622owzv,0,0.25246814651796207
7,d8d90875fbcf94c3b4c5c00479cbed6e1mqrl,0,0.0001645415714846208
7,651402deb28af3e3d1ab9a6b88314b591uuaz,0,0.0004940104418626015
7,3073d007a5b42b827cc770ecf4805278xvvzl,0,0.0035614603549369087
7,b6a7b5bba132a90e7c7cb350d2bfa52d7sion,0,0.9230697177982573
7,42cce5c657dc7d99911d950cb22fcb4fmzz5e,0,0.004905757420511099
7,61101089c1b34f409fc9b836a7f9cd163y22l,0,0.0008621010950998248
7,ce22684df495e376e32ac95d3ceb1164t37l2,0,0.032648206568680484
7,29b8af2fea3881ef61911612372dac41vczqv,0,0.0695236970006662
7,8d8f705595701b921012777a281a553622300,0,0.0013123738644333061
7,9f793ee6e6df7f69b5a5acb4e13db0476b26x,0,0.0459646503964193
7,40ef6a4a0c99b478fee1c93f4105b9d9mh9iv,0,0.05305938474925319
7,cb9a75312b809291306c6213ed5dc67dw31qz,0,0.024027832155241194
7,40efc98d259ee36a8c2a387ba49f39d0fa39h,0,0.7145423634416047
7,9aca61f505f40a3b4f7865c2d00e2418s0e1f,0,0.35552170755062307
7,156f4a8763e602ef789f8048c6928676a1ily,0,0.015798781860150213
7,dd7292cdbc81ebfb87945d9ab176d679gepf0,0,0.00082932058166975
7,2797fe80977297483e724b8390161c937dh4g,0,0.030575823751356427
7,34a7ce35b13775be4e20930ba2788a3ebu5n0,0,0.0030401426207244354
7,f211ff014ed43c9054916f97d6187108mpxr6,0,0.9705229975609239
7,cbe756ce81f5c420a1f7079791ed9aa2js2u7,0,0.09096527317646046
7,0daf4f87eb695e2a84e4156154209e09k6ga5,0,0.015798781860150213
7,c6108e22518279361de99b3c7c298235mkoa9,0,0.011519583995707568
7,80bf6ab93fbb8316efd5c0b42d4b46c83qrdn,0,0.015798781860150213
7,aba1120a5b13cf72c1d52c0dac8aafc67nmoh,0,0.0008521598276938316
7,936d73a062928a362901f0e507d57b0a8rjs7,0,0.0019836884052201235
7,6393f55c093e04e6e608e1ee8be9c3e28omjd,0,0.006124145997472914
7,80130530788e55de6e9fd515271859d1kgfsd,0,0.017664829669829348
7,5f7767924aa92a8f01b44a7e09f00a4dgqk8e,0,0.0042156035709478125
7,9f101e80580cbff55a2307c028408a91nebzc,0,0.14275929806153242
7,a9062f1d7c589bb01ee0b330ee8791fc702il,0,0.4418428137087026
7,9af8e7dbdc3c620c8144d736242b3bd2fdbpx,0,0.002570979173718116
7,420e7aebb49d7ab3c04e109a98e152d7kquiz,0,0.0035199086813455715
7,61a4da78a5aa5bebcb3e9818a46771766gtq7,0,0.00546181679150608
7,d2eca28cbe0a3dc69715d719c6958faaaqx95,0,0.013030180515201224
7,84a773b3c9d300834d9d57af5dc83091y54cx,0,0.002528617901709356
7,af5d33f9724b0e8c1f875406c0556d1e6eotm,0,0.6779410591429197
7,52d8066e28f168e5bee769559ead307e1go7e,1,0.20590161371880775
7,03a1e81cb7bcd15014489a6f752c9d5b7pvel,0,0.019630365816771356
7,557f06b312e040ed3cd7dd2a011cb83avyut1,0,0.1193807630053883
7,d4be674fce23aae81c4cb946d4fff8671gxtu,0,0.0017217736411309042
7,ae817305e82b580f9ab89f1a379488e39il4q,0,0.013847901096440272
7,c8e474ba549fe924bff9d3f585a9943cg9aju,0,0.0025872682357014655
7,1cf0d30e0bf9f4a536b1fe16ecc26cd22j50c,0,0.19726097162641992
7,183c4e44d09bc4ab990b957e765af311vlup7,0,0.0006168634576947459
7,84d75f71a61667cd327367453b4c0d2frury9,0,0.0011124142174222483
7,e2e14e8e15204b504b146d17a2bed925qg3u2,0,0.0459646503964193
7,0141844fc725a85e38e12cc02fcdbbe8ofqxv,0,0.003595433821308505
7,39802378690e7d0c61d294f5898852b96hsfh,0,0.015798781860150213
7,0c57d8eaa2708b768416ca91dd8daa2cqbl31,0,0.0016351017361828334
7,efdf59a8ca81c5d3744f9121ac8fd2c7coy3g,0,0.001118747843264399
7,58c3300ea9095cf5e59e27abf2a905ce7tl6p,0,0.015798781860150213
7,e0df56a5ea8094d070b0130d7178a996noolv,0,0.0012304994540526409
7,bd0071b98d9479130e5c053a244fe6f1muj8h,1,0.015798781860150213
7,147164a9fe8a6bce381a224e9f13207cc1mdg,0,0.02664609470712276
7,8acae9b2e5454fbd92fd0b3d79fe89ad6w2wp,0,0.008227920348295387
7,b1c2e7ee5c69722df6233541ad5e784eutiv2,0,0.004078727293000522
7,86e50263881b0d382b55777185eb648aagh1g,0,0.7865119797193928
7,98eed7cbee9b1a1b526a635648e7cd2fhbt5w,0,0.07570238760799052
7,45fe4f0fb849e7195a1efd5495d1285f2culj,0,0.00103219974302135
7,bc3b92a81586cb726cbf4d5b418fee41o20sj,0,0.010008401848118024
7,9b733fcc97535e27037c231858a711adyzvqf,0,0.001705762171864976
7,9db7471a12cc3b8fa3cba86bc00abde2t2wz5,0,0.0013787147698984925
7,7c08de9de285265b2c34970139331f9fnr9ad,0,0.3258802410831179
7,f019bd7ec140624144c4a9b40c42bec9jok79,0,0.003701912434173265
7,d3ab33e9314c95d6806813171f292299tmprm,0,0.002053131283837581
7,9a12aa1aa3560062c6f84bd374eb5f7f422vq,0,0.0005989855673281597
7,43553dd8b9370fbba5efa6b652d9b43ezsj11,0,0.0005595007988506229
7,a15766d8d3d231f862996eb3ec33559735a3d,0,0.0009335608346964849
7,cd35a3230456d4a245806e476c63e9a1evu7i,0,0.05305938474925319
7,a40808ec5bd9d0440585286f1658c3b1ag8dt,0,0.002705367810478686
7,5dd3494b46f39f8c8783c25527b64dd8hp8ti,0,0.0459646503964193
7,f7e3635c9a532fb9a60d6eda6eb7c7de3uqs2,0,0.0011305453916357806
7,ee5afe7f268aaa88598545df890f4e5fzari6,0,0.004209525154196992
7,0bf6e0e5184b3599bbb4ba1fb3a43549ije34,0,0.10479266578647839
7,3ef757c3d6a272681c69bbd7e071b705yzt8t,0,0.0017771357045467458
7,70c6727cc40fdc6f752b28102f31a38b883io,0,0.0009136855417934448
7,c1624207d78346c3c58cd44f3d5472fcriae4,0,0.001327559064558958
7,60849c6d966f178808d94543173cb93dog4gt,0,0.00029335481750697396
7,b416bf88dedd6ccdbc3a2146524500258qdzz,0,0.007868925187446838
7,97ac4a68e5600c4b7a960d9580d4f251470mc,0,0.005799694541846006
7,54379b25f1f35d9df78da9cd774cef74u5wt9,0,0.008991372338634375
7,5bb3c3ff71ef6560c7600c512128ffc8js7py,0,0.05187258116527599
7,6feec0741a319299c78c47040893399ebas6q,0,0.000984163812255522
7,63c48b70d37dee5fcfb26f94107ba3b94d90p,0,0.0006532431444740776
7,f3bb3c26162cfc1b8c3636a7ba126010na3n4,0,0.015600496312307421
7,d092609f5140c62ec64ddd7615c25792qgdrd,0,0.004120273550201183
7,6e848149cabc4434155aacb610fb20de6vq5b,1,0.3450639704550541
7,fe19fadb955fee4c5fcd0e30e56e1542kx66p,0,0.012466067939839856
7,24284d3fc3334e0adeb6bb95637ca62d6dm96,0,0.002704206111006784
7,93ab2dedd76c1859885cf724ebcd987c9ngfi,0,0.0020363944085600304
7,83a24bbff5a4cf9d9fb10391102708f1oqpco,0,0.0013339559927160937
7,8d638f6da12614d6b369249410c3d278n8qme,0,0.0679024549233374
7,d7b66d95bcfba06122dc6f7a3c605fd73239a,0,0.001168743939294623
7,b729f60d26fde89a01f3fa89759d6b07t0ec4,0,0.002621792164709567
7,3ded667003605eb856ed1aa2b82c1732gtma1,0,0.0009920909803919577
7,f5edfebe95b4f637d1bcceb892b73dc7rhn7l,0,0.07564187286468346
7,5aeb71cdc92fe5d1c4a4e127d7ca7783gzje9,0,0.007253655484608562
7,519c0f3b989c8e1781e0910f685980ce15wzr,0,0.0026947250757932244
7,f3ad2931359bca59c36ce55ba82f9af8enbi8,0,0.00012586746262634472
7,a71f9ab1d130394882cbdab3c886f1b0fm6hu,0,0.0012198055930051092
7,c478f94c1323552e85aec6e1013ecba586320,0,0.8868999673077252
7,e735a2301a18772a8276aa1f17ef79efu4yew,0,0.0012374942308842876
7,44d34926c0863edb7575b819980e0e728pn5b,0,0.015798781860150213
7,171fbac128e6dcb51d0f07cf7ed8bd3er891e,0,0.9893762382950806
7,098bfc9c440f9ba9e6371f774ec6a36fa0sq6,0,0.001926557305805484
7,6e178db6d17d21aa88aaca5bf15c2761lc500,0,0.1009781355033211
7,1395ca662a02245233af951cc7ad8313vk6w0,0,0.004256434954043635
7,b9c59dcf41cd0a7ba779154872019cabmohkm,0,0.0001721904061440076
7,bea63152ca4d99f549999ca57b93d015z9kyh,0,0.011371662805779593
7,2137e2626c568af8e56bfb72fdd5b9e19qiyt,0,0.0031619312349276426
7,d863897264a7e52d9c6a1be6dc453c6c9anz0,1,0.8390762401668893
7,8cb96eaadc11cf4f914bad84518632e7czdyl,0,0.8980596336186345
7,7259271b61d2f05200eb2e1ab1d2ec911jlaa,0,0.00992095795503089
7,81c9c749b2c9f97215f3ddaf8b5a5fe1k757u,0,0.0019353159635341504
7,5ddf9ae899e629acf3e78141a9712a05a4feq,0,0.8810321528511013
7,9fbfbd8a57e4d4b18338063ffa43f1bez92lt,0,0.003255081681582548
7,3d2608a892e44dad3027ab55bfaa0b26r69hy,0,0.03234797484247992
7,5b0665172160ea4015e79dfbcfa7ed86oe0mc,0,0.13549846032451107
7,69d8fbf99586bfaac64d31f82b9bee27wltkd,0,0.3632446980225493
7,86a34cdbb975c141eea1854b10dbf1c8seom3,0,0.013043890069035401
7,ef1d71dde32e587e761a1b39d5b374c7gk68y,0,0.002528798670040947
7,5324221d38a79636bc4560cbcf2d75c4gimrm,0,0.022775798275329415
7,3694aa599f836a57b671ee0814b071775i1nf,0,0.24453315412180804
7,5ccc30558d4c218cbb4d36872fb82a03rjxgz,0,0.0014878429639027643
7,ae0dc05e48d0f1e3ad33f37b4400bd069jktv,0,0.003916250675381236
7,f069e2e45ce316168a94b972c5b7d6b0f342m,0,0.27265508214910217
7,4199816cef8be846ca71ae752575744fimyto,0,0.9829582723489221
7,29bd1e11a41eb2ff50af75d10f28041ejh9xx,0,0.0005602603212311774
7,ca68a41b3a4062f154dc1ae8456cd792d6kp1,0,0.011343987653852063
7,1ccc69e376c95da9bd569a5d1a176874ivojs,0,0.000385696695087852
7,08c39ef7252995e0749f7927249b8dcb1d3xh,0,0.015798781860150213
7,870932eabebfc108296437c303db6055kc3t4,0,0.00027247960678528034
7,9196288f121946095e5c402fd326109827t0a,0,0.9099737637698706
7,e8f3ce0b2d0849968400b63b992cc606psoij,0,0.002683030422455405
7,db85fb5556f17b744938cdcc2e7ce9b5urspd,1,0.3106820931716003
7,06ddad46112881df154e3bda0e90fe880r57n,1,0.9590978994837075
7,3e995d6f9dda5f29c02af4c9fcb94bac0csrw,0,0.06459047833878884
7,d428139761f7b7563d57bb1f87b55876388j9,0,0.003171939573215591
7,e932ef68638c37220f4c2c386cf54578x4hpn,0,0.000795556499459893
7,d6fd864297177c38cea65aed8a45fb7bbp2e3,0,0.23866428276380167
7,a0420d3961adf890fccf4b43899708f6h40zs,0,0.02664609470712276
7,0d1815382b08885d76c671ab600133adeyp5e,0,0.5263808788374706
7,67fd1325fbe3cd75a110cc80b9df9708l0w52,0,0.07972290793129264
7,9bd2d79f328a5afe815d5832e521aa9187q2j,0,0.371466323042147
7,57c4421263d37c2cd2573cd7245a7a80h0mjf,0,0.24718191073828558
7,02cfc97e8fded77671e71e1951723d5fwz6a4,0,0.0006133524543211578
7,87c5fcd8d9582701469f94bff3cc415dvq4ia,0,0.0015935068537451357
7,486dc9de91d243625863313adc03aa6bv4s1e,0,0.007704213970781074
7,b7515e5f181a6d4884674897226cfe9cpd6d6,0,0.0013343320686017173
7,ba0ca6f98ed66bdd1c4e86db2ce4011fdk6ii,0,0.05437613456443241
7,aaa8650a6e0997e90e4b6a9fc2ddf555m5c1g,0,0.019359733769380594
7,e0984156959c3e7cd05b7ec8ae239303inqlo,0,0.005519868717430972
7,4cd52ae88da3e30dbe01da5048151c98p4f0v,0,0.717981584959523
7,e10ae48cce1e198f7283064cc8a2f836iy0z6,0,0.0009617907683833398
7,17c59325ec223c94dcb301a7451c39871vxq3,0,0.0017724906195673623
7,38d9e2e83f25229bd75bfcdc39d776baz5zu2,0,0.0160889075484873
7,50dd191676497345cc95d8b9f7284a7371z5s,0,0.015798781860150213
7,c1d9c4c69367536d7b0ccac19527629f65025,0,0.015798781860150213
7,48badabcce6015d257ff5809761486c8qgjul,0,0.013615519975562798
7,45e4c7fe66077b5b7b338f19f476f9d85jlk0,0,0.006282301918610856
7,1a05035da8ea9dead1030ccc993b5284n1on8,0,0.015798781860150213
7,722d1147768bdb5918584997e1f677e55g0nv,0,0.0017841426012407942
7,0547dbd3ecb4a293913f138d60b586fdf4ane,0,0.9726127183998462
7,a37b105534ddcabb169f6ae3ec928d85slw6z,0,0.004551872016658156
7,2cbc26f228e0556f268e0dc1bd9ac0a5lzdfh,0,0.05552276149093101
7,d5b75c812d172da1ecb3164a1cfb7527688gb,0,0.0019219221674392757
7,7ec5c7e2317a9b68e861060531588f76fpldj,0,0.04929973019155418
7,1c61726e316d5a16aaa80b429080c534u43s0,0,0.001564949146854443
7,445eea09a6299164f60dd11f23276b44rkt8q,0,0.09888648038595545
7,5e3747785e44d85a41a74470c051e946x01dp,0,0.043790734448163685
7,2cbacd5b066b7dff7e0a87e1ef00e0b4zpqzw,0,0.005506080046189553
7,28a0d5539562290a1a2f63d5b7230db090ys3,0,0.15257349707381743
7,20f206d2656116bed8dd46d5b70dac81lbgfk,0,0.001828894366568075
7,96982cc1eefd6f526b512755151227c3h2w3l,0,0.006779798480502904
7,6d033ec559ea79a8ffb90d80e0b24e93j82av,0,0.16483153904838937
7,8a7710ee3c886df8ca78c88120603cf6taql6,0,0.000529237756903377
7,8bce581a91921adaa5fc20e627cd7b94l6cp6,0,0.002019259313346075
7,bb43fc12fbb0fd2b2536e4033ababf59exffy,0,0.026826268580439797
7,9a44bfde11a7b6ade17cd33a2b5102fcnlhm7,0,0.003330395852767222
7,340d7ea497f16bdb912ec5c6ce467f71kk7hy,1,0.1315136466948333
7,e8b82b8640ecdd154eebe6b36ec63f0bdwhc4,0,0.0033312527699549312
7,0b3d5f829d18ba30d967fceecb58821c3oeqa,0,0.009310032626352029
7,14fe3602f049d4574cdbdef13789647dsgtqy,0,0.05305938474925319
7,63424f85cf53557fdb5dfc6a280af75epl45b,0,0.0014173959262284142
7,d4db72f36e6ad1668dbc0bf4f0e1c49bn12a2,0,0.015798781860150213
7,5e5d3410ca3605694b3c75b2274efd44c9vru,0,0.001235082943010836
7,cf1f2b6f29840e1ecbb31d18fb128c38bseas,0,0.9934561968447674
7,8df5d645ed4040b857c121a4459b7976n5u3b,0,0.09096527317646046
7,069d020584a0e8c61e622321d4c43881j7pl3,0,0.0014418120047075729
7,cb705744a588c18087921e74e68cfa10oev6i,0,0.09822229145281114
7,820dc943d26965d377be315497837bba5iz67,0,0.00017563000221133853
7,6b531ceeec5892121e04dcc6f89b10a70yqoq,0,0.24068339491859683
7,a4475cf8808f8951dd5163ded3ee8032g9vxd,0,0.0075359175519915
7,936a335eab4643c3529968a4d9b0c380esi7q,0,0.00047903264403792255
7,4483201dee43b51f338c0efd3b13bb895tric,0,0.0006535264853043979
7,e241b80fc1b431397ba6c70f2fb8ccb72wbra,0,0.0012837353255140244
7,683833b860c003e6c31c521c9cdb49a1kr6b4,0,0.015798781860150213
7,ecce760edfc6ec5cd5ddc7037c514dc3zod4i,0,0.0014096267147990303
7,a6f994251abda6687ada2e9de52bddb5cisa7,0,0.0009901864745260676
7,8473148f069a890b7323fe8316861a71qoxv1,0,0.0024187049771441753
7,6e8cd4699eedf0075cf5662e1fff3a857bycf,0,0.00028398695111876026
7,97db2350652f8d01237fc4c59a470eb81h9gs,0,0.005682148721674129
7,97268eb2ac171298eb03ecc6445d6879wk3pu,0,0.0018205950844345671
7,197e90906939267ace2422e78e8e83889znqp,0,0.11428911772271978
7,227bc0936837200d0aaeb444ab8d5f1axs8zr,0,0.0038071796446704506
7,b2968116361fd43589bde8eca72c5767o71qc,0,0.012900321310686155
7,d9d24106ae1ff4f5bc4ec3caf29d7bd2c2f5o,0,0.00576583258707892
7,9dd7e7ef94a7bc5bc9f98c42099910e7o76qh,0,0.008536877862938075
7,e8291466de91b0eb4e1515143c7f74dexy2yr,0,0.44830193599788587
7,aa75d58c3e1207618d47c72ffb19c872bolg8,0,0.037144992780373524
7,3714da7069a5205137cacf89ab3a136ffx2u2,1,0.15228039755860376
7,8ab98c1e6cbfb902af4e02050a886396a40bg,0,0.0021300905704338155
7,13c4c826516304555e291d3d91c108b3ytpmj,0,0.000254137480684793
7,460e932b11a1529d78246317757899ccfaxng,0,0.0028954454748837876
7,d9dfeadc7e0e844ffea3cfc706daae5dt2hhg,0,0.001230328360441996
7,2dc309478d30d440e75c932b1f13a8fai2p2e,0,0.0011088148381647516
7,76ed824b414b5e690ff82e7cd2f5be52256my,0,0.14880116959362535
7,078e06b3288cf8f18ab7ed44b245fc56nbyfv,0,0.014176247578792166
7,46f1d7df0a8ffcc10c3de0dad8979cabgr9ig,0,0.000538767172606295
7,ce7d34398a6d6011bcd96ff0aa82b6674hxzl,0,0.00022455971024274893
7,0f3ee77a46dd5a09ad20b7c3e54ec614sbpvb,1,0.04990752941516181
7,0f33df2513a519a35c8b3dcf1d7c7416jjjzk,0,0.35954657419974567
7,de4388600d997803223748e48bfc7b16ggyrh,0,0.0012825902969348761
7,91b8febfd1f556c06838992814e7653cr119e,0,0.0015600390402993798
7,7a0b445f462d05606bf6ea07e2ab96ec1a4kx,0,0.002265451578239059
7,3144ea2711bef53de88d89d71acd16c5q0bzh,0,0.001401156533195034
7,3ef2325f8b68e1c030547a2a54ea6b98zwa2w,0,0.015798781860150213
7,f3d3c913b225bc6cdb98c60f0936f7cbj8k3a,0,0.001345499075297245
7,3dbb502d9d6f89b26f62cc804df54dcandhp0,0,0.09187600477668167
7,17dbe14676cd3a3cb8a7edb438622f7fv2scv,0,0.01771428687600154
7,5c32e357936f8977277d9b23d8f09f34v41wt,0,0.00043594411340895943
7,96dccfc370343f6871dc478d5b2fc3ffx95d3,0,0.007555726320320315
7,da00b16633eb706fb11d55868120cdd9so58j,0,0.06573541122808646
7,c910efe1f135b08acc32b2db162362033olvv,0,0.0006014079579194257
7,44bfa21b7d497f097a594c8861d4f8d4w5e97,1,0.7135270914807635
7,a25f4c6838b83e0fcba372300c23c2537k5eq,0,0.0020741556836234216
7,6e29de28296a57f039026ffc6df9145cxo2n0,0,0.08171351379250473
7,07012e0507b4281d430b93ddcd96cae66und7,0,0.0002235356595644901
7,6b28baf315d41017844e15d645bb2c05ybt3b,0,0.015798781860150213
7,1fcca45fdd3d1d3638821f41e032f170en3h7,0,0.00037241677044264445
7,b8da3e0dc73d1f453ecbe6ee4d4e8791pr8az,0,0.0005204638762326908
7,6d1354e720cb9ec90e19e29f5f895669qh6g6,0,0.015798781860150213
7,8fd35d215ab6530c2ef096c87233cbc93juwy,0,0.0018093321262565522
7,25331706aa2157419da068e93f3989feyo7a0,0,0.07873087405099093
7,79cdbe82ec79d0e60f1b113d9a5bc5b4ar8bk,0,0.003177965589594422
7,17e4d6d9a1f8ec00cec1d4fe79b059bd51476,0,0.01927698797979278
7,170a58cf637c08f0818ebdbfddca29c9irkxj,0,0.0018965744118070735
7,2f9ea407ba48ae05f98fdf634995d936xefau,0,0.4130938691787392
7,4641b5a43c7a2496ef93af2ca590d2c94s20x,0,0.0011630145084456315
7,f5b2bbad20d1d7ded3ed960393bec0f40u6hn,0,0.05440561259291358
7,8bc2a424939c50eaf4a652e253421b0f9b0y9,0,0.10884197564237592
7,83dbbc6c5c7ed95048ffa9427d807692339oi,0,0.22345023012552864
7,5cdd665a22747394620c17b7753947b0xgzhw,0,0.014826723764675975
7,0e373556d3bf588a1bb2ca6354120cf2dmvjs,0,0.002900969568111096
7,21f5b103136104e4947e293983dbaa5b4tder,0,0.2134848840436291
7,98c12418158dfb9494af01308ac2d0588gfw2,0,0.014821730312200704
7,7ba17b1eb362ef91a99a6f021b3f2b63uyo76,0,0.0459646503964193
7,5f529b5ee68b60482c5d0c56ee91f3c2cjrmx,1,0.9751830936838923
7,c36fad0b52a6be6ec32cc5530c0a2aednea6k,0,0.0055898320517024
7,20d31f20169e8612fe13818891f88a83r66gm,0,0.032648206568680484
7,bbf1dcd2f0100fa90e4a8544b90e35846p5y0,0,0.004038433832440168
7,c99b1edcfc7f0c751b68fb310d34b75ei6j82,0,0.001090275059041604
7,042780ee9a3730703e35340c575c3cbb7zjwk,0,0.10502337969662316
7,f416aeaaafcbb66aabb77347776db008qw96o,0,0.28204719051408467
7,e18ddfca4efb99a785c68ede9ef773ea8sfmz,0,0.015798781860150213
7,f29896e71c8077db28617a03c0f14e7570emg,0,0.0010399880182749323
7,b28e6a39ef0cdda29c5e350e048c3a813idk1,0,0.015798781860150213
7,75613637a85df9328b743d33b0efbf1586qow,0,0.0035916287115118155
7,f1e57f96a91c185a7ea716c2481cabecpi3ia,0,0.002326264373829115
7,28763f241cf0483ca1dd3aa1bbcbfc37xntso,0,0.015798781860150213
7,70db4530c292bc759238b8306ff4ebb6n4l6t,0,0.0010845077125292764
7,b1ae4691fefd3d09d74096ec4caaa6d1v6tbw,0,0.001564265372388866
7,7bb58b7875a093cbe7c5d487a825b730mjcw8,1,0.9942202843753966
7,d927c987f8a4ba2dc4f38dadc0831100tt94p,0,0.0009055772213653604
7,802a819acf0601b43fe5426cb48ac0bbqwfu8,0,0.9830827414039922
7,f895a8d9d7974b3ee7f1f04a25a950e9v63ps,0,0.0011982470746858475
7,2a73f10b3b8f2b825e220ba0a1d2c49f9nikz,0,0.0006802225388913068
7,f7b25abd850df9b0e0b305c6810e1ec3qbtaf,0,0.001004088867232177
7,c1c22607e7899ada525b74e757d248ac2b8ac,0,0.015798781860150213
7,cdf1fdd424a11dde166c4bf069d6998eph7b1,0,0.3298090009143246
7,fcda141af3b545332fc3b2d55a8bba74uw7s0,0,0.0019430960590163032
7,458c8c4e10e5c1b29e3fbe5ee56d46e8y3fb3,1,0.9829501112397351
7,120c8b384858420c4e46e354c86f4ca393w0i,0,0.015749702143265137
7,022ac3a7ce986049d9a4bede83ccf9ddctvg6,1,0.9920252009965606
7,205a011640002932a7bedbb93d81b68b8m93b,0,0.0031499950239786073
7,29e08b4d18198fe9265772fba3a4f6c4mj1rw,0,0.0025857226172658104
7,8f6605a649ae41fe950a6bf579452464d9lmc,0,0.006464290899428752
7,0589cf78c4bece729f0ac620557210e13no3n,0,0.00006412331894334817
7,17a321c4a0d925ca80507effa52330ac5n5r7,1,0.0025554243855622966
7,3e602dff2e3bbe7a52236df2294c9e059fc2l,0,0.0008266092485009978
7,df12e679581fb2054907dae75c9c78ee9kzzv,0,0.00671091953507637
7,d1200a75b6c05584f4f902e74d3dead76cj15,0,0.0024961977098636122
7,efa1611e96c3238913333b8525c6a196rvy38,0,0.0014878429639027643
7,aaa686462ebb950550fc1c6136ffb273vkrc5,1,0.004784042251136007
7,f6485cac867e1e7d2d991838551b4c4bfnarv,0,0.00620903306669581
7,9744d8ea513490911a671959c4a530d81fj5e,0,0.061730398650656784
7,369515b3af4f8ca582f90271d30b14b6r52aw,0,0.004182333218633734
7,c806dbb2decba0ed3c4ff5e2e60a74c2wjvbl,0,0.0017033521665674866
7,0381a69b7a061e9ace2798fd48f1f537mgq57,0,0.015798781860150213
8,57db69e32163f3e486dc6ef7d615aa12usje6,0,0.04780711758575402
8,585e7c21b80baf2225224fe140cdb1a73ddrf,0,0.0514632806832655
8,6e4d22dbabcf2eaae5689c7d155e1c1fev15l,0,0.0008746011565881446
8,b37b352197594dae96bb9219bf59d656oz79f,0,0.005140282026943783
8,11a38554244f3c14de043aaf52345c35jjqvo,0,0.656545002941199
8,322addd5687d99bf69306148e12f87dc5jbsh,0,0.010618900074880762
8,0d0b3d6dc27d0f8eed70971f8c6bec1bdrs0f,0,0.02464967292049462
8,975dd5178d34453c1c3c8edc47cf44274uv5s,0,0.0657218301172924
8,927c5e145de79f9ee2ada0ddc054b4e9hc3qj,0,0.21999223549716512
8,2307bb06855a6fe75ab56ee6b4a3860835di5,0,0.060880497461754064
8,dadbcec8b02ac75c5935f419b318ceca1wwjw,0,0.02387183819212421
8,96b90af2d3eea4d3b2bc725e1c92e212qu52g,1,0.8676511646026401
8,da6e2a5651b4f44fa3cff41cf9731ff8qc8fl,0,0.06417487425276099
8,001068c415025a009fee375a12cff4fcnht8y,0,0.06021399694311012
8,cab0d4e41ea81636de3bd3a1800d8da8x4yca,0,0.007475952816842812
8,0cca10034c58287ee6fbec14a3f96c3546sdh,0,0.010590342592087366
8,20cb327bff59dc8f4fe1ac68a30f02eb6jrq6,0,0.002822377840316048
8,3073231f45ca50ad6830d4dc7261f283iwjjm,0,0.001621977401135042
8,47e0637718480102d235233c83661a7850foh,0,0.01439831601824115
8,226017dcd6506ce20886540ff734210d8hib1,0,0.007964226110415891
8,9653f425ed82418570fbca890f7032b16sjjd,0,0.002065809180802106
8,671fb1e314a1f480ba9ad9b5a1cf6a91w1k2f,0,0.02753409917509532
8,5106dcca581b63cf2226110a9048ee4846sxb,0,0.7316973108306315
8,91d9b706f63537c5fc0027c50b0e3b06qpdgz,0,0.02304628358487743
8,ca76df527977e5168e1b3352cfab2ed9htipb,0,0.003900641419648575
8,19353c42feb91a216885fe012efdfb11s2iu8,0,0.006315956622895419
8,fdd836950d203286832a21b930b9f6b58ch7s,0,0.07251147883600208
8,c7d335bf99b9c71fb22797ecbd78b92ashv4h,0,0.054530245330886414
8,88103add66b7113729a9ca82540684c9il94h,0,0.06924747858855934
8,5948bcd0f773286ff7d5cde332c7ae6918jt6,0,0.09623993829934188
8,d6ebcf2149c311d221b233b268870b3d5gfe2,0,0.002759750643931432
8,dd055846eb553ab8e953b084f2048d53bdqec,0,0.6231243421525886
8,6a76d66f035914f93ebc725a0998b399r4gdq,0,0.0036603659469891157
8,2736ee274114e9440463bde9fbffacaa5xky5,0,0.01969949148234033
8,d6d68e218a6cafa246ed31185b09e1e1fsu8x,0,0.008036091334948333
8,929b75b44585b34d2b917ec181ecbcf298fr8,0,0.15617464900440295
8,e3ea1d5464543a1ef3a9b60394fc4ab6i1jk3,0,0.02429833780918295
8,eebfd257525e52b67969ae9d8760afff12j3d,0,0.00875015422525571
8,7339b024b285f99084bcca768cce5c7e0h2op,0,0.13923664762959098
8,024937af9ea18a2b57e4f08762d181f7s8a3z,0,0.01969949148234033
8,0565a780f2c5b46837bbe9739ef15ea92fdu0,0,0.08766357543914112
8,42c407eb70ddacdcd59d63f22caaafc4fa0p2,1,0.920796993058709
8,e18e3d0fbfba81cedcae619dfa977875p10ta,0,0.007372507790148347
8,96b1df591dbbf3a002578574671d9ff1rmzev,0,0.011525457513305365
8,4376fc192e83a1a5d7a83085369916e8rr035,0,0.002426024756159046
8,e7a98dc8545eb429007cb48799a40a2dc9p6o,0,0.3163841227658801
8,f876e3be4038da62f49234ee498feb732gdcl,0,0.0028300613891578653
8,ee052a24cd3164af9d08fe77bd6b79dfrbelk,0,0.0031424733597052107
8,76218e14c379c12d599dae9e1c00b61a3i5b2,0,0.07410553831800025
8,e0824707d4a78230ae54209a920bc3e3pzdpp,0,0.02353184400324548
8,33a7a0121e28cca4e42494dd0f5aa03fdhlm1,0,0.0006932263450621266
8,cf456f3c8c409ec4060142acfdabb5bbqpx7q,0,0.0027750870451365766
8,db88530db963dab43118aef5aba127ec29abp,0,0.06832739277970643
8,bb790a228de797253bf6afa43ee52eba1s2dx,0,0.07173805130057512
8,c2d1b8c1b7a9c8010f5b215e8aadb1d7gahpp,0,0.10207346427523334
8,055282b75717345ba6f53d40e9e6d6c56qrzp,0,0.005085655686387437
8,187636e527504df29bf42d4a2b7767e54bgv7,0,0.011525457513305365
8,fb5a19240e36ae12aaccc1e9d9231144l32hv,0,0.04613334097044738
8,1e1c9332e90c1cb0f01da223bc043c528cvwo,0,0.0004641481609442557
8,a0660fe8a46b9cb6b02e7b0c50eef6a905vt6,1,0.7612325183713862
8,0b450f2827ec670da34be66ec2a520213xcuk,0,0.002075593341200279
8,44c75302aa4404e23781f8337cddf6ed5tqun,0,0.16643150764973347
8,c755d2832026bc2a6f5d2d6df5740f06mr3nj,0,0.005040522693962134
8,7f4e84da8ed11f4ea3a2d276f49949b7o31us,0,0.001425017529738233
8,22401c4dc0cb1e5d52da01ebb8b2839cdoauo,0,0.005262670682306235
8,55b39a51c925bfb42fb812ebc5fe318emsjjf,1,0.8328638422056154
8,e5f43783127506211df8c6290c2ecadbyr779,0,0.17780751392520527
8,ca391c857d7aa75a72e2d7c3133e0d6ay9pil,0,0.2155089356495337
8,786fd201d9c952bc3453d4b3a6fa64046d8wb,0,0.005615504731153308
8,7fab82fa5eaea6a44eb743bc4bf356b3tarle,1,0.02387183819212421
8,dcd54d7afa6820e3f00e1c9e83aecc7b4f3lw,0,0.3599546485743906
8,3106ad6371a3b740e2af90635a4ad966zeu1u,0,0.0035477168052610478
8,65659f3fbf6207c570c4bb8ac64772e9umh95,0,0.059803254605561726
8,c4b598fcb343bdd2cf826fc7541500e40xtte,0,0.06417487425276099
8,35a89119272ca55d7f602689616b58c3pebir,0,0.002938148449066239
8,b42ef139c2dfbff8356e8886d2b109e06riso,0,0.008882337547150747
8,b970a53727b2bfaf02079779c846a52fj3f0q,0,0.0011360227809854501
8,ae45f9b94d86f931c84c94f3975e3d7bkv2r0,0,0.004811440737327662
8,11b1859aaf7fa93818baa76007cf7207d8uwy,0,0.0047063521097404915
8,eefb0b863345336dce70312ff0f8faeb9qksv,0,0.012450212732271633
8,d1f000f475c502ecd2e993c52987e63ed3k7n,0,0.27822573354527785
8,3961434cea4339f0049798fab2bc73aekuxjv,0,0.003535540716971814
8,8b809e18804865ff2a2e799c9a5e8a48mtxdh,0,0.25244658670575515
8,6b9a3d480add21788772e118e6d51ed57e3w9,0,0.01299741964527283
8,644e284380171fa793695a91b6a12c28jcwku,0,0.019870278201995165
8,85371e59ea43c33c7e481ba3c214e893ail7f,0,0.002631632352316482
8,eacfdb47b3daccebd9f16779c5542fe5eytoc,0,0.003657257355293811
8,20d08c7edbcb4b4ac0214b664ca5bb9cprntj,0,0.004266209539553525
8,fbca8e44d824faa1fa6b99325758ff19vi94a,0,0.18273266305681168
8,0353aa9e97bd46119c90b8892f99982esfem3,0,0.029103120022190603
8,392d936106b75256632c9dc83c4f1a169bke9,0,0.0064477110039001416
8,2a4654987b59646a120ac74301339afc4eylt,0,0.02387183819212421
8,e69dc706f159ef6e26df0d88388bc5edlymly,0,0.003838030412325881
8,7f603f668968facebb0567015ad4c201kikrh,0,0.003275596138855582
8,14f226ef57ed64d8e14c8b5ae929143cgq3em,0,0.010223736420789255
8,b1bc9ff2b98df742affda07c5977c7345dpm5,0,0.002189642576364173
8,56cfe8b0d574e1df3f823c2cf32226eff52uw,0,0.005071197868479645
8,c9fbbfcc89730e961499b4b30ffc4a98umxko,0,0.007034659560740721
8,a60101895443bfa5d4485b9c2c3e1b68t5ppq,0,0.0024747096206436513
8,0870fb7e5701f3ba56762b03e157afdc1yw7u,0,0.9275588659552594
8,84bd02dc56fb7c3402426ef7e8e166e2ptwo6,0,0.06911362426388944
8,679d60378d42ca9d3b8a28073fe14fc7bv4jh,0,0.06988965602745474
8,b1729d5905e896a8411f81bb65d66343ladls,0,0.0022875420239881826
8,45c3a73b88760d4390f42ea4fae97d84la5wh,0,0.0032270937676016826
8,2794512e8edad5f99d28c33c7560fccb9zl8i,0,0.02387183819212421
8,2d6a70a8341ea0fbe4c8537ffbce919etg4x0,0,0.02387183819212421
8,88bf2c0f5460e28deb5eca2ef8e5e809ol5ru,0,0.006779505025250623
8,b4550ab1da3a3ed6e4a206c9ef78d496q23hb,0,0.15390663361189005
8,1b268ea4fe034638a92d683b94bcb330vee4w,0,0.003275596138855582
8,b0164d9a18a3cdf6082e96f9708040690qcqf,0,0.5312239788804601
8,1e0b1a6ea8d307cb61e221723534c4dclf9w1,0,0.08456237001138389
8,9e9270c06937bfa13f5b29e737c3438fcocyn,0,0.0029233311984896166
8,7a71e329f3f2da98a3f82e7bfcb705a0t5822,0,0.06123090744347301
8,69b32dd82f265a04826106d17e2bac9ao9fu8,0,0.0074476649635179006
8,e0a87bc26e13c599894d7a5103fdca786tfat,0,0.15866654225019663
8,9f7e3e648ea8e6815c6e7caf59412e843iqbz,0,0.004160056893226798
8,8ea020a1fdccfd726f74ed7e90dc3400zy9iy,0,0.0062338322170844606
8,4073de52fb5c46376dc3cac6b2f2cecdxyqjg,0,0.003274266762062387
8,b77312a06d10e22e3caca85fc7fe0342b2adf,0,0.059803254605561726
8,676ad0665c9bf74329ddc1f70ea48c16stnux,0,0.002097788565171809
8,c6a49cf5944626b45425712f9e19e91d2nyh7,1,0.9828663786738977
8,7c965df16147f68263573764dd257a7bxqmpt,0,0.0019167441625484402
8,1dead8a9cc54fdcf7a7c16dc6e06a3bbusgcu,0,0.0063553646092877215
8,2d113999234e06201c0940286d405453wqjsw,0,0.007800112698914214
8,6c0212679f2439c4113386b2c6ef513e8wr8p,0,0.9553682158408765
8,6713e820273f591bdff7d26a48ee30c5k4iii,0,0.20275452698153265
8,0fa357965f89388d8e7eb8cbc3b85c6bnnro4,0,0.010418371535288812
8,b7e16fd4fd9ff04b7d741b70730b7b6b1aw84,0,0.13256882322696592
8,cf4eb0f68d47e6d4b92befd0b8fff39a098cd,0,0.007335347701448929
8,a283eb484c3245e5b12b18daccc075e9g9xk4,0,0.0983060425798255
8,e2554dc14d54c3b7be85c59dbc1425f77qv4a,0,0.01969949148234033
8,fba0c76970a464cfa9c043c906442f0eg53a2,0,0.059803254605561726
8,f8c42ccd10c3fe515e53082f0cde9a18oxgws,0,0.24520180978965622
8,e2a61feee7f94b49d7de1ac6efb237c0fjt1z,0,0.00696944437595654
8,1717f6d4c48ae8d3e5f2566d4bb525f854j6d,0,0.0042006052384959145
8,284cd72e028fe176f935114521ee998c5jsko,0,0.0017561020814437045
8,1e050a096927d5b34f4a85d3af28d30eybsaz,0,0.006631179339032066
8,655b88e646b94d0adb9e15e9f3b9c9a4lvcrz,0,0.2660849784975964
8,33189c09ca7067834fd25a54920f82d4nd7a4,1,0.9868344293779647
8,48044b1b1f47f168864bc7c4a58a65ecmt187,0,0.010224064418791692
8,f05dfdaa2f67b190f3a79a5a2d5daf9coikow,0,0.02387183819212421
8,9f60e1593604631e10ad2677c51055c6mv205,0,0.0040022817950720845
8,3d48d4b09fc7559bb6c129fb65c133808brgv,0,0.15647135209533133
8,4f07602a713c192a941204b27e2abcf1srnke,0,0.010861861599339289
8,916aedb8fd708e100318969dfe57a4639hexd,0,0.09177000935713232
8,a4630d8b78c796441a1be187f6907b11c5eu0,0,0.0035984842406395225
8,d2fc5291537a61882065e571c21e796975uy0,0,0.0025840864125869284
8,c7ce5ac2fe5f03458fab59c78b19bf7c9wzf7,0,0.08161360833428095
8,e429d13bc2c7acc82d8d68fa020546c38v82z,0,0.002722325346214668
8,e4264fc4dcd5f917ceb002d860441370s054e,0,0.005461538706574535
8,25b58d1533e04571bbc674dab28973f8hha3w,0,0.004936964176666634
8,14b2d98230228eab6a6db3efc41660d7kp23s,0,0.0028665564423528598
8,c72012c8072e2441b3ba8173205cd298cde8a,1,0.41681604521787385
8,5920a92dc2b65e257061017a04eb5361tpa9b,1,0.9713353911713286
8,173991472d4ee18932f8514b9d4a9dba7rjqa,0,0.011527881770206784
8,f19531503f1485a3014189a80971c6fb0d9fu,0,0.027998283267289707
8,5b1bc916ca111874eda3bbe669957cb1d3mck,0,0.001564401699226731
8,13dfda714fb516e1f9f7abb0c927bdc2zmw55,0,0.02387183819212421
8,23af639c0bd57bfe9bcf3b16973d58b7666fe,0,0.013847076235574452
8,5830a96593aff3e951919578f7374f09pqyc0,1,0.98111403518202
8,c8d3fc73c1a41bf92a5e4982eb6cf78du8gg5,0,0.0033686168889888947
8,ccc371d7848a80bc31941248b9f49b95hn694,0,0.005828138933926161
8,213a7fb31eef8b38a23ad6b0bf2c7fd0dx3vk,0,0.0022405763764409285
8,511a640e38bf03022300f5503cceb2cd3f361,0,0.022006872518700003
8,bd29e36cbb063cbb96ece76680ffd9121dy90,0,0.004444545997629186
8,d2fe98eb0fa21252956184a98138c58dwp1ah,0,0.0020647580815474904
8,5c2b3f221cdf303df86ff1ffd7106fcco6pml,0,0.5785157021192234
8,ef89b74b58c49c1a321d3d7ce061d151k51xm,0,0.7316973108306315
8,339b8ca3185dcaffbc3ebdfd960020e8es0as,0,0.003583860839539338
8,c9e1e860e39bb7d4dbf3c91c5d6c36c2dv4tp,0,0.0983060425798255
8,4d6580da346435dff2503c55ee5e0cf8wbkb3,0,0.9826086564816269
8,5720c8d7bc15b94037cd75ff9496a35evugeo,0,0.8532783271370719
8,69e97e52dd6428671f46f2ab6567172d8mfar,0,0.15866654225019663
8,8ebc5b544d62622e45e1ee22a56265e0xwwsb,0,0.011665906561326442
8,613fe9b896ce3801e40212b3c8a8053c1e8nj,0,0.009911889491532802
8,d9a813646e8fae954898c1279196f5493gqzc,0,0.003217018462338525
8,84c7bbdc12233f88f35c2c3b8f178803ta03m,0,0.009930306995093586
8,2fc0efdb6ff10d51e3a4d979ee52cf07p4068,0,0.045615533194113024
8,1dec9ee102b29905e2f59a52fb7429826e8b4,0,0.0983060425798255
8,877d96d9abeb73e437a8ebd74abbbf45p8s80,0,0.0036406926673553134
8,4444bfb455b90711234e0c25345abbaddrt0x,0,0.011525457513305365
8,693085cbb28f505f03b025dac8681a3bvfot8,0,0.27753392970343804
8,67616fd2a1de5c46e32041354efa88ceahbhq,0,0.7311607792201492
8,3ee7de4c5a5e31b7b407827ae1370f70suenu,0,0.0010891764842753497
8,4dbc8d336dbe0241c9bbb0f3630f25059yo43,0,0.05526023089744747
8,8bbb16c0a1bb808389051c875ebab1cea0v56,0,0.004473294049512078
8,497ef6187e03fd9d4387ac436461a40f982dq,0,0.002842248864772447
8,36f52ad1abfd307b73c9b69cd5197dddmmxgr,0,0.002657430240590383
8,74ae4f7b1692dc42622696303d9d4d763vksg,0,0.0036478463929198275
8,aee383561c0019dc01552bfa5263af8etbuc7,0,0.05747349520305557
8,9375e98d0810ce9119ccf45300249636zfpd9,0,0.0043055195980756245
8,c963c2dcbeeb0b7051bd3a6a87483ce6i98xx,0,0.013043936988255723
8,92ce3c44edd41ad3222481daac1ead35bouwj,0,0.003275596138855582
8,e2165ff862178c7b2946f7f62f5a3e51wcvaw,0,0.08444837637329652
8,9685887173cc2e1e5ee3993832a4b153bfl9m,0,0.008357177506180381
8,292dedb5371b8e0ebbeea57f14b35713e2ie2,0,0.004954896460886941
8,5a823474f9fdaa129dea9fa690d51b62rgm7q,0,0.03203034958698101
8,6ed39d7c89fa2d423017cc9811f0c469i2157,0,0.01866660577308611
8,d92c8c2d4c29d4c785431a8b34ea135awepbr,0,0.004419625876555393
8,fdad47d27b793b74470086c35333d4fepycsl,0,0.0025871146447726413
8,e22850afda081aba360cc18e2a9021caqjjov,0,0.0070761334663026814
8,30c3c92cc9408f55cfa895ff8a505930a3yy1,0,0.002076960374603063
8,764234598477e02cbf8a43983fd43850l1c8f,0,0.003535540716971814
8,f9753e9fd6e25e0a1ae176ab95c31146iaqnv,0,0.004583519285289698
8,83aa7c2c8c018888d9ebc6daf63bddb6f2i0d,0,0.0017420471415237168
8,85d020b5f3d99d1272efa0a0d34c56a5dtvxb,0,0.003434458174699708
8,ed4802c318a7e04a5703ed115fe4f3a3kkugq,0,0.005905091318529819
8,6679d668a393f336ba9d1cb6a154e03aifmkr,0,0.0009582057501180655
8,58f590a56f480589646d255d570b0877zcjw1,0,0.010414711561149434
8,b853c1e4d6a4657d35705772ca6cfdc3qtox5,0,0.02387183819212421
8,dcc5a79317a22bd0f6dca1f60fc866a8bei1d,0,0.7316973108306315
8,c1d14f4355b7d3ef80f02628e5ef1d56u2510,0,0.02387183819212421
8,86e698821a8aada613bfca1356d8cb7dopnv8,0,0.0018387957671291845
8,424aed9d807cfe0b2167cfdaa4957fc0heell,0,0.012824511915862691
8,96b7bb4238e7ebb439d81d63db4c2796aoofv,0,0.008832095364260266
8,a7bc17dfb615eacffe397be5b2c2f3a6r0bb9,0,0.01759564513503131
8,1aa485901ede7baf78ea116e297e9d7f9en6i,1,0.24408598480727986
8,c900620a019e78a3eee44109e4d1e1d2xd2gj,0,0.0031212813645332595
8,d3e1891edac2851f6d34de566802cac8m8dn0,0,0.004503355182475435
8,0825d381aa09d1d0c47c77c372f07acbe02ky,0,0.025635196618120668
8,510f33a3c0a290a0e43d2576d928a4abxieo3,0,0.049605230162888383
8,95af80db42edfce4e937550d60d79561punym,0,0.059803254605561726
8,977436b0a445fa555d537fbf1d4bff2e4z40h,0,0.011525457513305365
8,7a3378ad9999b1fde0a4562a9b036f038cdal,0,0.011525457513305365
8,c749a25f3a07304b959065d83bbfc5f75u1my,0,0.004185922184226755
8,26508777dcd84df59b467a60d9f18ca1pvvbs,0,0.06152039735071841
8,5bd35d55d367d7a21d98bf6a19fc0dc1e5j9p,0,0.0034708842603430622
8,a0d080012ab98513e39234e4545e93be17tt5,0,0.0010891764842753497
8,e268d06507859d78894a8f6e11995f48zls7t,1,0.9697311430444594
8,c5863a228287327c9980d12a632985da9vi29,0,0.17196017872158656
8,2e07d37dd022e72ab04da76f51edaa13qk5rv,0,0.004036216009990978
8,eea79e1bfc21ff1b9572213e540e1252s5iuy,0,0.0007587113365110485
8,59cad1329d42bda3d678bae082bee7edgvt7q,0,0.007952051971198259
8,bb73823b1c3f577402c9aa9eabd1e412vp2xw,0,0.9013085261873428
8,a71f84e476d03bd0b25d45e44eeed9a8efehw,0,0.16160776499867693
8,d3f595832d80988c2016aeafd125d8f072r4h,0,0.0064976659389542
8,afb1d898d15663a9477870391cf39b697gso2,0,0.0019352394616406747
8,ffc4e2dd2cc08249f299cab46ecbfacfobmr3,0,0.0022215854791370307
8,65996114740a63c9e0fde74bfb6725b1k9nuz,0,0.0008473013915920334
8,142a2545c5c01937b05ac6de9773f9efgx0eb,0,0.11944484287226381
8,781972f2af3af2abc492f9dbb0f6fceahnban,0,0.0045624276462390085
8,98e6dd2906ef1f7c13284a309f6b160cb2ujz,0,0.009046765644859192
8,1dce9aaf9d6b9cba38f9c7489764fe30nlrq2,0,0.006962579889500464
8,dbbf9d9b1d7fa110208f77a681008077plqng,0,0.00017289893236795956
8,12df4a9cf4eb203909e6763960b79238cb0yg,0,0.010680131175209336
8,b86050461e88566061c796dbccb1f7e5at242,0,0.004138408026587811
8,fa64fdb8ad70e86efbfc31179e93e99egd27l,0,0.11520606585941527
8,30788b28de22d28938ecd7ed6795a8b022qm7,0,0.06417487425276099
8,bd85d0d7fbbfab49136c241bdbe119dbgkuna,0,0.0044361370472701615
8,1ba9422d7a55aa5abc3ff37d1cafa9f2yds7i,0,0.07515709706458984
8,c6fcf1f7b824c864d492c4cd676cd702owsuv,0,0.012414900194508197
8,cd9a7b22d85c35845260cd61a4b65cb2meyel,0,0.004469451223502309
8,58c2b44923882a8252963e78886adaefh7hnm,0,0.024007938996096736
8,233e09e861813cd087e8937f32a29bccs7b3l,0,0.0034044298665252305
8,225716d7bdf8f90cb4a4b779c663cea5j9sqp,0,0.012384801658202538
8,2b2ee7d0ebdf910833b5cb173c567881jt8sj,0,0.17528571764066442
8,92f8392be617527734a2f18482815af9ak8l3,0,0.027698396964986584
8,21114d057c297080f0f882420d2436b5mmukc,0,0.15647135209533133
8,74429c9ce8183e2b1b89600e6de4ceea5kn1t,0,0.059803254605561726
8,c34e1a988fb471e9eb8a5e84bb8ddf90k4hng,0,0.42493997473992795
8,ca28bff4ab1f6e74bf08b92e16989e11vn2mf,0,0.006715724154490905
8,8a3f5e16e4e689897d872716efeeaa0904tyl,0,0.0031212813645332595
8,9ab00034c9b00521ce121adb5dd4aa15tlhc4,0,0.002276121285612739
8,2e463fe6bc1616f8392f82c138a6a436mbtjx,0,0.0012120668047343184
8,a961ba95d1685705953ace49a29424e2ld1ek,0,0.012866515183677166
8,c4709885ecca7b90dea4beb5dabd68aegk2pz,0,0.44627761947045835
8,f8e90361c36eb3f6fbd485748e731fb7w2ci4,0,0.005696513716077073
8,2eb8a353db13e68388f544daa2e28359oenbs,0,0.9465899615823644
8,8cab09b069755eca2b4e7fd6f6981d7d8n88o,0,0.0025033122528466834
8,7b22c9a323baf4a7bc7a3761e4a30bfajixmt,0,0.0058869407693508055
8,3ecced86078287dbd2eac2cfac98367fbbelu,0,0.016030360182420607
8,041d869edcadf595b90e3b5248903183pn754,1,0.9289001196254876
8,2366cd7cf3df530ef4fe40b36ffb936fyn3rh,0,0.020301075143727157
8,c41ea39b2e13b0fc9ccccc2546f924f1obd0w,0,0.011632413486693466
8,54957cfd12ec8c64918b6200ea25d27fsc9hx,0,0.004375546807121443
8,a3ef8289a92196b07e2e7371bb111e3aom07k,0,0.003196115355113199
8,0a9c5e1f261c937c09817ea2d5e949f34v8oe,0,0.0037089859912959058
8,462df7ecf1d47980dea6a93d44fb408d4u2d5,0,0.057903133647961506
8,74487d5ffd5c34de4fecaf9dcb66f86b0wwa2,0,0.062083368752888814
8,2d2839fa92d1c8e94bdeb1fbb9e62149x6xc5,1,0.8706286782580622
8,1f2d607e5cc04e790e3961a6432d7c15hn4qb,0,0.011072839627186462
8,76f7e6c70f2b84d885b23e2b2831e113ueqo2,0,0.010123992182026907
8,f5ab013f90cb8890d33c6a309798204155q15,0,0.0015608850090689152
8,a8a81bb8a3a35572bd1f9922f5a31217pw41k,0,0.059803254605561726
8,ee2caa714a2175abb13eb6ef15196368cwc7c,0,0.006869791587293521
8,2993e59bbbd7d14bf4bc21e4d2a4f8eeb18d2,0,0.003285725364330547
8,c0e4be8d520c7bac2f51ad80a98876c2aan70,0,0.02387183819212421
8,031da7aea2d4b75ac8ecba4825bc1318yki1d,0,0.008964625284304646
8,51cf4dc8898554aedd8572f97a95ef5cpi3ct,0,0.39766420679867526
8,16e2e48cff6faab74e1f5c47669dfbbda7l5z,0,0.0023786105218007326
8,67ab503313f60aaba89f64e2ce3b459fvyahu,0,0.08929240031564209
8,ca9e2287e98a718e20a8ed117dfcd699gxsp8,0,0.012097845530794954
8,5053e03863b6887308c8446cefeec429l94tg,0,0.6298670535586711
8,7ce3afe39ece9d672e9adcf3dcf2aa44a8r22,0,0.01573913773640108
8,8c09f4afd78059d9200cddc435f5c48ceph11,0,0.5100148029678612
8,817f8074bad1c717afaa8d1696f9b2b00muzw,0,0.0029515632055979227
8,8c412ae875b672f18073d643c74f9f0clzbyw,0,0.0010772060145779374
8,9655ccc7c0c193f1549475f02c54dce45kjw7,1,0.003317390046800392
8,6ab75792932fb1ea6fc74a18edb7888c2orvk,0,0.011297030590571844
8,8066d0a6ab30c52b3ddca5da19518b6188t23,0,0.004299370786764169
8,19b39b852ed4abf1ba5b095829e25b946aed1,1,0.0272779984812419
8,ac9bf3a07831666bde4fefb75c184adekbrl0,0,0.0036541919643363705
8,5114111892d49b59415284dcf19ceebconhvq,0,0.059803254605561726
8,fae553f133602fba6e9e6051dfb27fefkruax,1,0.7029185133268412
8,8c939b6713b7881538cb05eca89cfb1cw1lhm,0,0.003855059169086741
8,7bb914fcdec49aa88c7310a3dda716aa9fb8t,0,0.004569901088190167
8,eaad20ae39d343daf76adc0b1a4984faumuzj,0,0.015458955555805159
8,31c840378b5c2e4469fd2e7f5a1e5a7d92k7u,0,0.006963199529822704
8,4950352b0410495ef65a92b08b5be463c20yn,0,0.059803254605561726
8,ef415b2bbbb81ed33cec7242678975d5m5qk6,0,0.0034298215587272103
8,737d19fdceb065359c77b81d27053c4e5quiq,0,0.05526023089744747
8,e50426efab1e9d60b8f7258130f8791czrpvg,0,0.06924747858855934
8,d42604c7cca8ec92839e92508f2a3e52ehz29,0,0.039711082417383664
8,b0014101fe1b510ea150c149145dbced3q3md,0,0.004023197004979896
8,c8b23d6565e11d874e221f41440ffd25mrucd,0,0.08361941549562776
8,e12177ff9c1a8413996f7b1a590980c82ofeo,1,0.7158908311752107
8,1982c4b164171180d480166feae881ecmxsgl,0,0.0014973727111136153
8,4cf9c56df4594860df56285e9293a7f7evfix,0,0.023014440025763055
8,af50d549e86276f034e52037722dd5aetouu2,0,0.001699639158684481
8,8152c94b639be88e7076f0e32bd70e0eg004b,0,0.0037553893129660784
8,23bdbb8575f191b71853bf78d09e11a1lhnfn,0,0.011584231090454644
8,fdf908d608a629d5ebde14819231878dojel8,0,0.03345051239836464
8,2106dd7866abbfb4e7c68067d7eb9bebflq5d,0,0.9722027166141451
8,9ca7afbb673865b01cd4b02846054fc1p3vjn,0,0.049380622024375
8,6ebbb4e7c3fb4ba44a89bae997717924gm89u,0,0.0032370981054312795
8,24a32bf10c4a5d4d91c27da4710c869a0nqim,0,0.020485282355740108
8,ec6d3fbd8408ba43891370d4ffe41eabhnwbs,0,0.016510741821568812
8,b1863365ae232a316eb946ba56a29415m0gdz,1,0.7925691600833785
8,1275d8a6a3b2ae9d24b50997397c254cpuuzv,0,0.9585280692620719
8,ec96b5b27dc870c8f59ef11b7371b06eenaox,0,0.0007075538002936792
8,7f3516b1bd7e5571ab964ba0affe9302brn6q,0,0.0015932820753307153
8,37ea72c53cc50112ced4f88810f1b38euoz4r,0,0.0027918806433421843
8,cefd0ed907595de146c91e6c26b8ad658ilo9,0,0.015564079527735725
8,ae9e482a7f4a625a878c6ee0eb4dcd01dkm6d,0,0.005902609108942454
8,cf06ff5f520b14d1f9f1cf5a7ff34982bj4md,0,0.0023224301510961767
8,53856dce9187b16f2cf5e4e58f5d0397h7tz6,0,0.059803254605561726
8,2c449b1bbbd5f8d9bcc1159b7bd3caa32jhtp,0,0.0032011601742327304
8,76c85d6bf559bc0323bbe1639d233e88nxy36,0,0.31083234848239316
8,43c76d050c9d2509d85c9dc2b1a1dba4zb3qt,0,0.15415439940303594
8,4731be79b5c7e894dabe5986e747b97bd6yxh,0,0.003687218580379989
8,9e1f21ee1888368e77b539083f4b94ddv8mrl,0,0.047559443778592905
8,4b72cbc9d9ef0238bb666feea6d79e718qry1,0,0.12772565142520054
8,120beb4523541f769a2b658cbc41dd57w7im7,0,0.0032902322924860533
8,bbd1d48ef4e8e7e3855938755275ad2b2le9g,0,0.008996381370490606
8,fa918060747386f431a511c862565e34y1pdw,0,0.001173753716091266
8,24db47d284a08aaf119eb3e0c45eb646i46j5,0,0.022632295209151096
8,c2e1242ad5ea781923a08987d55365c69fii7,1,0.14284678802420986
8,34e965deb822f329ecad42b94e8ba0ba3dpt0,0,0.031824009176290344
8,e72d1b2319a2ef39d016c41e4824b68evxe53,0,0.0024227547883002914
8,7114afc59caf2cbaf6ec1733922065f3uz34p,0,0.004517599463169836
8,6275d51c0324547faa8a87b499812268tl90r,0,0.019589032360823006
8,949689cced5d86578e6c8b664ea76d6aq6zxg,0,0.01969949148234033
8,916d2d806b772c9f227a9b3640e31469ljrxo,0,0.7968556419585743
8,53d9e7fa087a0dab6a472bfbfb694622jv072,0,0.003275596138855582
8,90bb553b65144cafddc3f3d4a7783667a06ga,0,0.0017561020814437045
8,c128bfe7aba668d71126d51b32428c01tkq99,0,0.7336887869338071
8,f6a7e7b14d39804c7d15627e2fa384a1cq892,0,0.01969949148234033
8,c83ee624c46235430ad4338278f6d270wfzre,0,0.02366341556299864
8,b6a3aa8c0f2302fa35d7b809d9371deeypvyh,0,0.1621428320544671
8,ad590c59c30187b772258a059d532db42tf4d,0,0.10508937889730197
8,3d7bd741177a712ae0417bc4f4a37bcf9jo2a,0,0.13840850539594143
8,c41cd6791e262b44d26bdb3443fcfba97wlm3,0,0.31414722879724744
8,e588d3f7a141147e4f8dba29377144707vupo,0,0.004858517435539396
8,4de2f22ca840fce9ac653e4aa06d9b0cnhudf,0,0.0053289515672079275
8,f4d69870de1e803fe00f8126e73a7e33zwcds,0,0.13843123273531208
8,417adcdcd7157e75c66469c07208af00qjnuo,0,0.2048753802637615
8,177b031b4a77f28ff167b427ca967b52jetgo,0,0.059803254605561726
8,4c46b1ea933d574a985776ed356312505nagr,0,0.04713637376246223
8,920540ac4168ed08a1e297395a68d718gsqdn,0,0.024007938996096736
8,ef65488c949595d7885525ccfab9100c6cmqb,0,0.45671975463634756
8,354d4abc23881a40b8f119225e0dbd09tk1u3,0,0.003274815096406807
8,14c69cd7fbc8300876f287520c493fc8xe2o6,0,0.02153630653789497
8,c888cda1ef5931da0db90f6803cd0d368ay6r,0,0.06752169158826123
8,f28b5654b5633a0b5e3f757a16080116sjj1b,0,0.02289506004897164
8,37d71b4ae830fcfa6f0c4f65ec386414n8h5l,0,0.003644267341940534
8,b4210edd4ec9bf872c7108fdb3c6aae9cjwz7,0,0.04202453772652908
8,771f6754997a1954eced81d46348b4762k475,0,0.36722102468854967
8,f473c995ca7b5287f9b2f079f0d78a1e92226,0,0.9452801038987237
8,1899fd76b484b9275854787a6b003b8a93js0,0,0.019239103015795185
8,b3dc6151c6813688d0423dbab13d3f19crw2w,0,0.025123761625677175
8,9d8a1ddb38499b3403a6a93395ef29bcrznni,0,0.006030178268547016
8,0a9d614009139236f198ddb4759a498cen5ix,0,0.005239043231489689
8,741b9948c8cf42d658676e5a46757815zstr4,0,0.0013785800390339492
8,b9cb81e5855add059728cf932f0624fefbi2t,0,0.02387183819212421
8,9f52fd88ba073512be19e3d24d4bb6f91l531,0,0.061595568981676466
8,55453d252a225f3b046c094a7aa330a80dr96,0,0.02387183819212421
8,bd6adbe79fcb843aeb97546947af1236kbg7p,0,0.003685582808680865
8,6b1666662837213ce77c329d8cb2a842epaeh,0,0.0014553219395783696
8,12fefd74d82d90541872847f199f6324cowi5,0,0.0015230300606461106
8,e29ae1bd8e6e7dfc9cb43b1572d3d55ca0hc1,0,0.001516865082624702
8,7e34a26c4c339e875997f4b9239d2b5fscng4,0,0.5608726709712655
8,b08034d2d4fa400b457d4a59a2482e8enfhqw,0,0.0015852527927544895
8,8b253bd318229b3eea3f459bd81b8347khytb,0,0.9769385783403225
8,0181b91f58e6cbaa832235e2879c9c00ovrzi,0,0.0023074362323696365
8,03e884d3e7e3356608187d2345e4693fyt29x,0,0.004446288138510296
8,ad228143392ba96c21bf51499bac1c3b3kmzo,0,0.0029628643428966915
8,9f2086ccb71acd84652f861517d4dff9du4y4,0,0.0019711142452135764
8,18e751726fd7c407c41cb18c20da2c4er5z1r,0,0.006117526715170288
8,717a0a200628f9606d88afebaaeb409bv60y8,0,0.6928256666751874
8,3d575194dae5a2e2966abdf84d800a3bgbsd8,0,0.015370603626967093
8,d81579750b388276f2d8f6d80384f499n13l6,0,0.00301707877073144
8,b7e0afcd391a22444eaa566aa527eec0x2yv3,0,0.0022803642534771026
9,1c5f4fc669099bfbfac515cd26997bd12ruaj,0,0.00024723360575590314
9,0a6ba32afe4756995db2f5cf2461cddbvj445,0,0.001965344539947562
9,3f3a3705be5ea07b9ba7ee646ed756fbssuo7,0,0.0016568530685384243
9,25d75fd439571c1d9b946f5ec833786063vom,0,0.002050164236500036
9,5354c02817e47f28e60e44a40ca5e48dll4sz,1,0.16897640867085925
9,d878560888b11447e73324a6e263fbd5iydo1,0,0.00600739118621729
9,0b68888358a492884e3885bcd73ea63bhxidk,0,0.0013832934287877111
9,c748f0d69cc89d5812c9fe3a6413bbb26351l,0,0.0016568530685384243
9,2c581ec91825362ab66a7ffa05df5e70hl3h3,0,0.014300920840659563
9,1476226300a93d22b15253ed7339429a7ijk0,0,0.00876743943384623
9,95fede5853bfffda8f50f6af494ff1d1hsgie,0,0.09461602952607494
9,9434778d2268f1fa2a8ede48c0cd05c097zey,1,0.2657369001302892
9,e1da7d96b83f16aa80cc254572cc154fcoudy,0,0.0005733092278524472
9,f60edfe5177cab56896a9d6860995095cl1bb,0,0.0017007137293234835
9,fb92fc925c5df50f4da7874a7542cf2210z1f,0,0.003082033589420136
9,19815d9bcdc74c3ddfb9ff210c1739f3tup3i,0,0.003713858238255408
9,a3c2ba79963b637f15086e6255a46253lwpnb,0,0.001207530236541049
9,85be8fd21f41bc3dee86597d272825726bp69,0,0.0031465892291747195
9,59ae36080fae26bccbbc31a4505b6fb3v3zjy,0,0.08079836353421165
9,6394edfbd35aab54801518835e33ed50hcr5f,0,0.020835865110522163
9,87aa94042390f9267d3b7d90e42b022ek5mbu,0,0.0008442181453671678
9,cf33d05860b7f7d9af73c6091190b81ektz1j,0,0.01710594798707677
9,21580623ea81c5b0b82aaf74890218e5mio2z,0,0.1644483600890015
9,6531bde8d4decd9708ff4407ef95e887a26yi,0,0.020835865110522163
9,806a46eb814ec7a09bfffcf38b0763d344tc3,0,0.005932631918387214
9,f5a67722732675f6285b70b9f008665fq01bk,0,0.0172651080924998
9,758bd601d6700494300ec1647682eb34vq1zp,0,0.0021784984507876273
9,d0231e5200b870c055db7e3daae24bc8lt7at,0,0.0011124883028315582
9,03244a553a252dcc3a3037f0371c8d33fmpd1,0,0.000634715190103204
9,915ccac760c7359a446100fd1a54bbf6oyrzf,0,0.04240824533392017
9,9baf61c813f1d4a09e3c70f6dc741f34voe3n,0,0.02307147294119993
9,024cf43497fd7381df6254888670f84bwbbam,0,0.002264146065584412
9,12d6239a92972a35bc990225b3ab33466znm8,0,0.0020666298369117894
9,5960fc711b544e2617d0f76360b69e2afds2b,0,0.024458468067574977
9,ae94687eaad6b410713db9106c42566axgn9n,0,0.013068027411259887
9,15972a431aed117840dfce5556242366c3fwq,1,0.9728233950510337
9,367edc726ba8e667973844395493559dtf2o3,0,0.003060584367898297
9,5b25a86acea5ff395bbd62399bb5cc9bb7h6i,0,0.006159539831552631
9,fc8e62e5fb69ba67265a3d0e3403aa3fr8c2q,0,0.035727552847807736
9,36b84c776aea2e008180dbc72393ed750zsbr,0,0.020835865110522163
9,68f092336430866db606f137c57c87e0hw7aq,0,0.008528993202782425
9,17eeec8676ad56bfead1a9406277f41cnev3n,0,0.6099404965550079
9,8126928a319468b6da5edce4097d2398xwita,0,0.022642445111773653
9,f80075873f7183a03b1b10ac3f740032v6w99,0,0.02923732372627889
9,85155ae64ccbde01b48fbf4b3f1b739exmqyu,0,0.0021046474943984712
9,74fc24cafc7c5936d0422b8da306365byjv2b,0,0.0013624877151110929
9,7f807b2eb6c391d55e67bcdf7e1cbb3fhylw0,0,0.0030806010876780233
9,f186d292f4e83f70a92c97f92993f655ygqzw,0,0.0009494130438827534
9,e909515a6ae94a86027c717c4085954akbpt2,0,0.013961636490276338
9,4741959d26f99012b8a6a3e3954eae40hsy6j,0,0.020835865110522163
9,8b4071f3e2702b88481054081363bc15her3f,0,0.24275277142885188
9,f0c356e136831c41884b0732ae3198e0gcy8w,0,0.0023238033160460666
9,cd856579a7c4850b60d8763520339449x0mqg,0,0.000634715190103204
9,b5310019f2bbbd975c64dc11189191022k8tj,0,0.000995443342577919
9,01a39439e7afbdcfe385eedbddb23d76zgdrg,0,0.0024546245058979094
9,3d8cccb637b990ec64d662d66ec059cfn1p3p,0,0.0008890150293608897
9,dfd5c9157a0a771f235c32f30aedbf84e2552,0,0.003824632852053613
9,354baa6c4764a5bde013ea3f7edc72552r3oa,0,0.2662673497009034
9,ac494ae5acf003f84ba46f5741618a8dn19qi,0,0.0017792891629242315
9,245b584befa6a5b8c759491f5f3db580p2m5v,0,0.0007914249535298346
9,408f81a85f3b31f8cabedf6ccd381961pop72,0,0.0012529092798228762
9,64e802fa8e0c17ec2ba1b6425648b7cb7ndkn,0,0.023395978772648887
9,ead2ec4563ba25a9e9d417f1964b7504teqtp,0,0.12390152212463569
9,81a6dd18d43cb3b1999176eea563b438roe7y,0,0.009540058396897526
9,28aa6c505e308e49e586e25e1897ed2axjiy0,0,0.001343354369929243
9,5a2aa4e8c227de4db26547fdc1f017cbxb62j,0,0.0017214584244053307
9,037d9f10da403d8d5f94b6e2957a3702f6x07,0,0.782096486576566
9,585b938fd44968d0d59fcac453cfb3b8p8nti,0,0.3477899292957294
9,9fada390b6c53ecb47e6f4eb4353e14f01xu0,0,0.0037262073294456956
9,e959a3ae64e28a7d3b37934c0d826867o3sp6,0,0.0018099274718657162
9,3d94b376bae8dd60eea48ded36134a3962glw,0,0.0019032837674253155
9,7b93ccc9d5730b561ec5fa7f4bd48c04qudf1,0,0.2675281896572795
9,f0f21cd3d51b7a233988cb1c3c5df977zjqkj,0,0.0005472280897907515
9,1680f758aecded6e25096b3a6199b38en6n73,0,0.0008742942348745654
9,a539fbaf8b29613ff0e4f3e5831aa7a5p2cva,0,0.09209185602350742
9,d9177cca9a1bfe3478cc4f11a0d57de2p8ahp,0,0.020835865110522163
9,1b0534afb7c02bb023bd4767ae73f17dqzqdu,0,0.05715808574432999
9,8c4b0d95ba36c0ba2a52f9043c62fccev75uu,0,0.00074391628480098
9,334714f005e994d46cf4d18093dd4d05fyxc8,1,0.3514238214479647
9,570910327f5584ea1ccba92634d89832lo1zc,0,0.020835865110522163
9,340bc29eeeb9b9d04eb1fb72a1a9a2444brgk,0,0.004429647575555905
9,27cc072f1432f7aec4b7e17cf2e473f2x3bjg,0,0.9474541745878784
9,ea6c07fbbfc3f0e549701b1e7b90c4d21zfjl,0,0.03635891077285654
9,01eb9dcbd0b3e79d94020d13d83a993ec9d2a,0,0.004198108894599487
9,cffb5f3c1f4ca815d0f643fcb2f2f316beod4,0,0.39398269001025316
9,bd0f0c497ef09b5c1bb18b330d932bffktn3i,0,0.540541817977465
9,d65c538ae39fc1a7e0677583bba5fdc6ax1et,0,0.33385152904292037
9,6c55d253787acf5210f7d785546db80dqtleg,0,0.014300920840659563
9,4a2d5b70f0fcec3ad9d8ac4b447efd6f3vs9c,0,0.005217274366846691
9,640f41f27c03aca0c45775eb918b666cnjsqv,0,0.04891019312166893
9,45cfe8744884eb207048e3cbee31ec56hd9lm,0,0.001703281294598741
9,0d0d43ac593a891ce100d8202d3d72c3xsma8,0,0.0014389384839158328
9,ca0331fc37db2b251a012376f7b987fcma2jw,0,0.978979077080708
9,295fbc4ef00fe0cea7947811e78bb8aez9ti2,0,0.020835865110522163
9,b2d3db61ddb119aa4e5f43e1bf72e349xr5tp,0,0.18964932325731645
9,e24542c1bd46a4a0f98b0fa95d8fc40brecdx,1,0.3338870785614442
9,9b51afa3c3a736bdf93bd1f2a7b0a0903c34w,0,0.007666415307804708
9,9ab3bca29dbc32070cd7f729ea55639a350tu,0,0.001639763549823127
9,18eb8d55c84019b9196c5ca7e072b287bv68e,0,0.0006886167298702877
9,4ab56df4b1befe3e2ce5cd98e8950ba2psqq2,0,0.20897243949052294
9,d63671871e4010e904b9419e48781565weafn,0,0.0015150558731282582
9,3ddd3eba016fc11b07c8a9ecb3fcc2975bkru,0,0.10163188301767878
9,cafa845bd657b17eaa82940d4767d9dfe9uxg,0,0.014300920840659563
9,9ebd57da79b9286fd67a53e61528cf63a1w6c,0,0.001160604482647005
9,05c6b93bf8f083b2d0a03ffc0fc3524ba8fi5,0,0.002978515404647952
9,a664b6b42fd48403fbd34800063fa50bz6k4m,1,0.9919890461258533
9,e19f258fa5019e58974b562a8e1433ccluztk,0,0.03191788588770458
9,a99f91d51e8d9f5786dfa52e24292dfebi55j,0,0.0017082892875124394
9,51d2e1b98b7a1e42b939637dc6e11381zu201,0,0.0026594241288232477
9,876b122982958678f14bb25d887dd79dun3qa,0,0.0017263596348005763
9,2819b8b2295f272f33f8e76fd344ce6bywj1p,0,0.0015945316609535668
9,c1434e440370882ecf00ac52140f7adbuy1e9,0,0.0012228335628005967
9,9393cc68d0357d7b200a94fdf93ee3cf7xg5l,0,0.0011244857751332917
9,be3bec53b42be118ef2a87fc40db7311k4as3,0,0.0038817063239256194
9,012441119bcf83b23d4768bb72cea6d6carua,0,0.002498925679002046
9,d8ff621bc161b09d9192c445f4b3be7b8xow6,0,0.004693111683736686
9,84c4b58a1491da3a30710bcdf61f87054xfq6,0,0.001321898213757339
9,8720f071e045d4cec9d707c583a3d64avjyyy,0,0.011187220183621746
9,9c223f867c65938ce8623fc41bec08485xddt,0,0.0016644957063789417
9,936d542904f515ea87bab7996497b11aszyco,0,0.0013077823579496918
9,c97dda0fd2de7d82d3a52eb6c0788062h3tq6,0,0.05039227734561511
9,44be920e88377290bb204795f05a20369jp06,0,0.0012529092798228762
9,8783939eb63e5eb4e5cd412d8480f3955ipxu,0,0.001149458830816647
9,10f1460119f9e42bcccd0f68ef59cc830pwtq,0,0.001241762512887674
9,7daf0e51b276c6ab5bd2ccf520dae106graj8,0,0.0016875329112725156
9,b071545f5ad73150880c42e780d951bdzvxn7,0,0.00816371530308168
9,fb7c9b1dcc3b44dd69e42a84406117db4t4mn,0,0.0029539074916948953
9,cbc71ae3c3690c89485eda3f08b9bb51rqrxz,0,0.23589366179386995
9,6b85d622dec4fff284d55895eba9969dqlhu9,0,0.0041744061247256485
9,de8943f2b113702c98ef695888b7d0c6my29p,0,0.1429177707166599
9,8ac7cc6a62b82e675465e89f67ab1f962ltgu,0,0.0006044906239832405
9,fd1299f1343236dea07bd0ba5f8ca220csnv8,0,0.0016706796670092068
9,452619e019e5651a8d98e3d59a478b7fez5e0,0,0.0044826084805765455
9,af9c96944265cf541b3fe734a057821a825l7,1,0.3127144465547455
9,38125387ec30412c438280af8931254dmvfgb,0,0.0013624877151110929
9,bbad48cdaa604c1bf40b59120a775794rnlg1,0,0.0030562895364616084
9,4bddcd4957ff826dfd3b3efe6eb96be9aw5tz,0,0.01777394197947415
9,6e18a078182a21b8522bb69a822cc338in7rn,0,0.004409712634853498
9,a9bfa54aef505d65ec488d8984c82a7bf0fjm,0,0.06367670679380433
9,a6ec153fc7002cfd929b9f7199914cf75upgt,1,0.010579002640409469
9,4c2af41637c123c78074e46a22526298vol9h,0,0.0012529092798228762
9,e2bda091a91082b774d59f2c5b8480ebbijs5,0,0.0007103735784532825
9,4761b2fdb4ce610d1d8dd9ea50f478cf7et0f,0,0.0016568530685384243
9,1bb03cdb913f203f704caf8bf6840b6fbpigb,0,0.0834844407012832
9,1dfa6e724441ca3c913b3d40967c17b2p9xr7,0,0.0014848135514647367
9,f27321571b5b6184e86acb6203c766f2bsfxg,0,0.001960804138903979
9,46ceb58fb7a57d86a26cfa154c940a8cuktu7,0,0.8055573574597159
9,59fe751fb6c277016b7ebe3609aa1b15vhg7w,0,0.003094200878991997
9,0ef9be4eb3b6a03ac2945522964b242ap09cy,0,0.0020878598290021595
9,a1922a9ee4f9f5d03fe11816c2cc3eb9ivcbp,0,0.0016568530685384243
9,d1780c224460a0c20d5c2f5f68714c5264xd0,0,0.003094200878991997
9,0cbd01c9e8cc800aabd3b3e4c618f9caktfgp,0,0.8786991312863961
9,c41f5fb84d9f9e2456a5264c79919569vrhau,0,0.0035294797420776726
9,b5a92183d20e5ca98da4065c874e0b9dezbhx,0,0.23891113738563602
9,0c5992f18244e24d2d7b4708a512378729eev,0,0.030852384626253997
9,abec779131ec6bd32f5e32ed0f274400ekljo,0,0.0012317618445919156
9,dc9a7ebdb6fb8dd3267ac26dbe5a62b68e4vw,0,0.003094200878991997
9,ae15accae2164aae084aef7e3524c1fflq962,0,0.0007104880117100072
9,98a5197faba8ba72d6ee9e1c95d65d737sigb,0,0.003995341069338582
9,dc87cba6dc8717e219e9fa9edcd10ae4a2i86,0,0.0016568530685384243
9,0a7446b63f183a4928ae762ed6cd1c4b894qz,0,0.00017606327883310855
9,f3a249f6a5c2c88ddd8bccb1f8a85fe52xnkq,0,0.0007032554963992883
9,d13cd9e0a7b95c0a35f3456014865230qku5q,0,0.0017534828385070743
9,1dab9ffc5c6bf06e86e0dd1b3cb9ebecn5pu6,0,0.11962607652346863
9,c59f4511da2e8dfbf02668a49bc391895wk3u,0,0.020835865110522163
9,260568e07963ce8351f3313bd7b9b0e2vonva,0,0.019715315327784547
9,bdbcdf6a935f4d1781a2d33bcc4967130bdqy,0,0.3959078814650456
9,2b5a7c969ae95b239583f09936560b85g574d,0,0.0006119339227576552
9,72dbc4a9f579a9444c126a0a67118783092ec,0,0.0008891718938505214
9,3cab5bd983f5be9c16789b6c14bae982nhi9c,0,0.07382475073393663
9,3105d663ef3dff7e483a46c56580a9f9kd7f8,0,0.017265341019167515
9,3df41510a5044de5438015f37dfa3443bt7pp,0,0.0017726783920270252
9,a0aeb6de8a21a5b776f63530ed753fdb34k7y,0,0.02387979591517683
9,309f446bdb138faeb18072285ccd9901gz80c,0,0.6774244191089064
9,3043fb0b4a1904222f640107f84d6f799tves,0,0.0020236199894449543
9,a2bb8b3e3ae4566203eb5b3021b4d594pohf7,0,0.0011429827126436488
9,eec2ea9d9b292a343f8ee566ba252baapagwb,0,0.0013413971210310596
9,d26cca81c93b52ae3564aa6cdf33f5d5mkliw,0,0.003221488831313012
9,89291354b0939c342be97fa58e018bd89fvcf,0,0.0014534749350164499
9,8e05310a342aec93aaec69a638e83a96aqyo7,1,0.5204513922309708
9,70c31e8b3476b953648fd4f8775c1950m1uz4,0,0.0023709426342858504
9,eb8f9ca4a23586f5acc770fff966f654dy7g0,0,0.07382475073393663
9,613c7d60152ebf06e3a7dd326ba03261mnn8u,0,0.0020911928115228016
9,1afac423a94778ddf9b6c1dc0df7105cgp1tp,0,0.00779127226583823
9,c9f94611f4c9afd3a3153da9654e7310jr201,0,0.00913936839141221
9,1c950af57581698616bd9923cc94fef25n5wh,0,0.0019009408688519483
9,01cda526658455000913950f20cf31a2q6nsf,0,0.0009331093550043354
9,6182daa56cb0623719228c9e576b71fcpg8r8,0,0.02512024765151905
9,24108e769a15b155bd2d63c58368ae5946zhs,0,0.001007274464983098
9,5fc9437841f1dbbe63a3a933c48472fcohutg,0,0.001049064593859557
9,716079d1913959ccae0307f760bcddddt6d4o,0,0.0006484020367319686
9,4992da4511c3c1b4efed3e16c7d8dec65ilfj,0,0.0028755305414475997
9,ffacbed056cbfaa60c1fcf51f0d381bddr3ly,0,0.0014754883288155532
9,d3920630f4891b9ef1a8a199ce5c830aua4yi,0,0.07944563956265002
9,00a0517965f18610417ee784a05f494d4dw6e,0,0.03581306232302343
9,1214fbf35079e7afc0a35645f8be8b218fd5o,0,0.003094200878991997
9,42e631af9bd00e5e816f08eba3b102d5ch576,1,0.23641552759768597
9,b1e106943db37b1d002bcbe06b264b8bahuy0,0,0.0005031840882363871
9,f9378eb3e522beef7e6a4e1f275bbe0eaboro,0,0.003094200878991997
9,11e47dc08d7fa4d1a1953b5868892f72qvlho,0,0.028698444017758812
9,4d1542974bc322859d3d099b8c5193felot1k,0,0.6271656605319578
9,649b364bc466208e559858f0677b421dbnalw,0,0.0005928390153629277
9,559bccfe60c7193963f09388fb681ea65k7dp,0,0.0011563064679684897
9,6429ef4aebc7d1f4027b31a6e900d165nqvyz,0,0.002650657882785801
9,86a626c876e7eb4be35f4f0b0a78f97a1rn7h,0,0.0016568530685384243
9,d8a4b49ed9ca241f025cdbd9637198fb71qmz,0,0.0006155331501468003
9,ab3e02a6b47b250b738fdb010dc84cd7lrr07,0,0.0028887067172982967
9,bf8de839c1a8b7994d19049667548e4ewchpm,0,0.00048182446560021274
9,6a97f70ba29a04e77eb3b137e157070dc2mqc,0,0.0014279354958307631
9,2b13a870a46975494b749feea0c5c7ed170ll,0,0.042130568340293585
9,a7c263f3fe4f19ff677e5cb475f7e5a3gdom3,0,0.004118492741200109
9,4ed4760782d4e2c65bee8cadc1fcdc89htz8b,0,0.004607600189429857
9,2daa71f0d138b8c2d61583d3b98a25e1mjp9c,0,0.0012529092798228762
9,461c1d143120270fff5ebc1b91934951378ud,0,0.020835865110522163
9,1d69e006699adba0c79ab06f2f622445nuu63,0,0.0020486029436934815
9,c503bb79d4f3522f51d348c680906c1bs0w7z,0,0.002029380003064655
9,5dda8ade6b5d4065f3119a381516c227yoz8y,0,0.017149085172630155
9,03aafab9868455b78f0723eda86698ba9v9rm,0,0.6713640032160142
9,78c82f2e8764bc8001354128f9265efcqrthe,0,0.000587057682160261
9,591ef8d73236d150c32716359a61ff2auk6y6,0,0.0005239998268962417
9,942af1514033a612b203ec58f7894c9fv899u,0,0.03424833450231805
9,d43189c6eef7a763b2f8596228807dd89x9y9,0,0.006107022551962442
9,d127576e329604b576df0a3248cdcda3279td,0,0.08221536726612717
9,121578435bf4136746cd2a80f1990e07cv1px,0,0.05662693437886497
9,7d44df0d40982a6651a06cf533ef5dddtppag,0,0.08794909220355883
9,8c3631460a4d25d2b21b1f92ebbad752a19ww,0,0.0007590874531515385
9,fb200accdd0411e96f1b0f6d6f6d4f52rgk01,0,0.0028808375029965804
9,fd5cef3fe1217c6591500c715d71717anczcq,0,0.0007499634208818449
9,100d406b638e84e2da7c31b03100b874qiay2,0,0.004484507272339062
9,c0e3343070766b359c664f93ca65040b6bh2k,1,0.011808063920004616
9,9349befb45c4869b68e82a1944f4f01377cpz,0,0.014300920840659563
9,24d4554556deeebf61510cf3e001edecu8hgj,0,0.0015320721023514901
9,8a958e0092f6ca984107ea6c3975f806c59m2,0,0.0014638349525065463
9,78e59e188d9780cb8988d574f692ed343s129,0,0.004337195169224138
9,d79919e5ba11f26bce5e70f0a4f859e3e4q9y,0,0.9763903701223234
9,1df5be644b8963750305092eb8ec878ayba4x,0,0.7746761946996144
9,05c9fe8f8852ea069a93dfe39fc0571er9mdt,0,0.01827707890977595
9,4dd7f98cfffffd6f4707fd0deb4a00b5rj9wv,0,0.7770137925943548
9,c435ac9dcda855341e667d440c2ef7c6nd3mg,0,0.061030605627386506
9,baff2ce04381eb1bc4747d557bf52208vqmby,0,0.0013747529394909838
9,24029e6b641077ab7b9a1fde11a42666pkz6z,0,0.5365177056112833
9,4e22432d4a059b14d1d6a68a1feaa953k8vrb,0,0.0012529092798228762
9,71c2561141c55414618d67d1a8aebac1n0fjx,0,0.018156542055007302
9,82ae4df0acf8237d7af1a790e3848645bp73e,0,0.002475840772773322
9,461b089147eb78c582ca8a30fa7581a7mflo5,0,0.005650038570313896
9,ba194af5111cfcf1dd95eb36160c728ds4kcy,0,0.001131670768693401
9,ac2d643e0c0d3bfe8e54e5a961c6cfdb5xn9v,0,0.006467186619836214
9,afb7618f9e3fd071d4ebedf396e1d45drta96,0,0.001064387556474539
9,1680b6a12fdc8c64645c00ae8048f99c6uzoz,0,0.0029356330319884757
9,ff181014a0d7bb534fb9a35f22e24fe72m1d5,0,0.01410561505170641
9,a945c65b19da56d0c7358d8858fe14e8ulfel,0,0.03300467844638666
9,6c021878ba6173a04d55bc1cf5544ac1f3t02,0,0.01694226043060253
9,308a5541e1206e126ef80f18cc29b7017520l,0,0.16996042504718928
9,c8a99985c7bf230f475a8e9be6a17d7a08r3x,0,0.0016568530685384243
9,7da6a36817cf2d8c3be218a32ab25550c8kg7,0,0.00125483705376804
9,c16a9bdd369ed3ec2891c46e64017560fbx69,0,0.0032852881003229807
9,459ea22b6b51936d0788de9f78a3547bf4jrw,0,0.0012835222099297564
9,624ae2fe9394700eae7a35806e4bafaeq9cty,0,0.004497032008207987
9,68546847f11f6415034b7e2263e8ece62p3ud,0,0.09461602952607494
9,e578807073c57556ce334044382a9b98iaz6o,0,0.021616468565962086
9,f430aac3f0f7f88a9b504bbb71322d54mct7s,0,0.07382475073393663
9,782557b3ec17063f2a36fc9193ed3200h14me,0,0.22787751870745307
9,e783e5f6b818d18eda4065282022ac23jd1fw,0,0.001063265752468046
9,b17ce8bfbb565945ee9f289c2ddd8abbu1ndj,0,0.0030985510980388606
9,a262e805f766306f4adb38211abf235akxqh8,0,0.002124866180520559
9,2012c722a90bc47f1abbc8319d0cea51p7l5b,0,0.0009646689463765902
9,d5337c2d4b58426b30c8733313eb5247syn5p,0,0.0013727694259006776
9,7bad0fc50ac7d249e0a3d8b83f68e855fcnxu,0,0.024458468067574977
9,6326299ca6a53277b2bcea07bd0b4ba8ktbqj,0,0.0008051550121361324
9,2234754e09ba15519d0104c405326fc4igk0s,0,0.007049090097012758
9,29db827ba14938954c90cefe40d26fe1130kd,0,0.0012529092798228762
9,83c9359ad94eab7f4b8fd582a6db4733frmsr,0,0.007240109527042789
9,6d501ebf066c0331853f1bee9754e781obu7z,0,0.05039227734561511
9,aa3ac65055bb4b1660f4d8c1d2c187ecoqvn4,0,0.001755134079288251
9,e704e6fedbe6caa9b434509d085f4c97nq6k1,0,0.0011153403165373818
9,fb9b1e58ffba4b38175c11e03e51e1f48dnm1,0,0.0004411875006438081
9,c1850964c360c9159e5d1d0b6485e210s6uvc,0,0.0010688625896084173
9,d9576f0ba8c7479eb2b26f0d15c4abfayk5ex,0,0.008920889746285916
9,37bf6f23b628a3e2b5b22ba81beccbef0efoh,0,0.12703274413500143
9,7eb7b2f6a914afba5c3d207dc28a93aed9pnc,0,0.041792919795427194
9,958de49cdd870198543313fcf574d7c4eutrl,0,0.020638562074211782
9,d7e83a95a05308d4fae6428bb9073a7bg8aoa,0,0.0014577385473655256
9,94c8c0f9c90820f28928caf5d122dabby69ts,0,0.006868489881534144
9,238808859d7752579a415e89a395500fh2o65,1,0.0010935015253125875
9,1689122c3b25d9e7adc626de84c10006fr2n5,0,0.0011390319744961357
9,ae37c0f4dc6e3d99f5b0243fd18294cak7pxy,0,0.18611288814500304
9,9be39ea5a0612fae7bc43a25a6d10856l3qaj,1,0.01290300861775783
9,79794d93380946ef72e95f55b4abc008hsns6,0,0.002017129251048386
9,52c441804b89bc20e4c8dd625bf163f27o2zb,0,0.014300920840659563
9,93e3c34171ab65e0b031dc67461e48b478u36,0,0.00048474284534312246
9,3c77ec9f79f6febf630325ef84f2a0bcl3qg1,0,0.0019501244775693575
9,c5c8a28a166913512f5bffa6a49788c5b0uaa,0,0.0005001584980663741
9,6c3bdc508c20f2f3871766cd73064c8cib3xh,0,0.002445584136408948
9,6b0d09889ff4889deaabd5f15b3b34f1jxl6v,0,0.0012987040637359355
9,9adae18220565488f77036be41cf71beiepqk,0,0.34468057621445714
9,400e8b5b5447b4d11e06a8bb0754d8d6l6xoy,0,0.08079836353421165
9,026819504b59bc4eefb9963d5fe4271aql15u,0,0.0016143306619095953
9,162886daa0054ff1ad422e0f18cddff3qofft,0,0.0726877116936081
9,603d769a86a359a0d41118b47c0ab41fx7kz5,0,0.0007448097416812732
9,dfb23124fba16b7778f65c1c8d091f949jz0k,0,0.09365656432091068
9,1bb7a8c04e70386f5496322158e9fc3ef6d84,0,0.0016507293556874108
9,4d6fa52e125a18f433db6e6603b58ec7k1key,0,0.0066834845406954085
9,50859deae0e0a599efde1725cde3a8b8dw86a,0,0.005677673161664653
9,0030a2dd87ad2733e0873062e4f83954mkj86,0,0.0852170382912611
9,0eeffc5039b27a4dc2e420eca75b1fa55rv5q,0,0.0007430148546769609
9,664adb319c2be43104b6565a8ff293dea0f01,0,0.002224638515132752
9,950aa0150f419cd6361bd3c500e6e695xfljo,0,0.0002065541032383223
9,bf190f2cffc1a77f0957f8cd1c98257dofy08,0,0.0113497856418393
9,f268f61e075419e5a001b86ee78557e2kmg14,0,0.006849564816271423
9,106f4ed8e9b727f8d94a1cd57e882a095pteo,0,0.00146179359461935
9,e8bc0150097c1b2b8b8c374b69e0d3a6mxfcm,0,0.0009646689463765902
9,874f882f7efff96263e9b555415aac36dsxry,0,0.0017551740445468755
9,9f9dd5c179d357b53f145ae1e5cc941f5qfuy,0,0.0009231054255291614
9,0ea26a4028ffc16d9a8631d43e1b92105auao,0,0.021174236806360023
9,01c1c7be49cd6cfbb9075925a05c9899p41va,0,0.0004455519074258109
9,e8581ec94cd4d5009ab6b36c6aca9f0cp3txb,0,0.007187696149208698
9,eb27d8daded752fc0d1c828867b0f118cswwq,0,0.0007140081403121235
9,90fe8d6fc0bbe4ff2ca7833fe51bddbaaibof,0,0.02972844473645949
9,0f8cb1baa83fefac10f885f79149bf13kn4nw,0,0.0029836556590462984
9,a8b8959fe64f490d32fc15a5d1144f87qj9ai,0,0.0016568530685384243
9,332ef2c7189603a497fc89345ee4f5605i5xw,0,0.061969407247591556
9,3ce8aa0207022698b6d0eef09c89b381jzqi1,0,0.019940394756072278
9,167008af05d4feaa636a565f6f83ec61a6ogj,0,0.0013740985981888824
9,8725b0aa1a32054450c16b099328fbcbi71gi,0,0.0018460107919845215
9,32d2ce86b00693f0c26314e3cce2438dvxbt3,0,0.16996042504718928
9,8b109c0aee5ed07fc996e73d28e65888o5jmc,0,0.09461602952607494
9,04c6b750b0552089c87ae03de72289cfcpfmh,0,0.0009149661660939111
9,c353286290001e0943ed9bb160145c42etrf8,0,0.014300920840659563
9,317d3e44b2bcfdd7293b84f82f44b8e31hx1r,0,0.0015945316609535668
9,34914d163517a0cc4f0c971afb2352106vsvz,0,0.0012614578475079554
9,55abcd1b00c6b5b54633fc7e98f0110bwoy3v,0,0.009113404134359657
9,bc3d08ad6ac94b8b5ce40a29b59899cakj3p5,0,0.07675440131076647
9,e56f611f1157381f4b689ab34b574e791qhcn,1,0.9254428886515903
9,76f17ce227e593aeff456fed46e36c83a3j72,0,0.16643849260265073
9,64f6b099082e4fb2e8da7ba4ae9abdead2cej,0,0.0013546463508492654
9,429b876aa7e2d6741ddf322685363ccchue2v,0,0.0009507908270215218
9,4694d67c21e9a2edd614e717aa3f4dd2e0w93,0,0.014300920840659563
9,74a35c4376559c911fdb5e9cfb78c5e4btqew,1,0.014300920840659563
9,6f07ce71625a0c57aa5c0c05071cba164jmba,0,0.007273139887127546
9,353d05bfefe1dd96d3335575ddadf310rgnrr,0,0.0015148514494358553
9,1a09feff347553a2577983d7c742e3d6l2hfo,0,0.6537485335884066
9,70739399d69a3b7ea9e72742dc728742zp9uf,0,0.03424833450231805
9,628156f3bce703aa6bd275089c6c692499h1q,0,0.4110392801522673
9,470727c18798cf0e0ecc2a0dca207cafuena7,0,0.020835865110522163
9,39b501f37dde9b055d627394964d3260qiktx,0,0.010778812251585598
9,dbdb69d0032b0a251469107dd565b6c7irr4a,0,0.0019358582629829888
9,40f2eaf03624a31952397644f1b79a6fvtfjf,0,0.022135936418035403
9,6c8ffec692e88d81e1b18d47818abb04v6llr,0,0.00039088474976086936
9,13812c0d2c8c474bd62481d932407687o26kg,0,0.0009798592250938988
9,283987b9f1ffd4514757483ee1f01351xd678,0,0.34679588930302446
9,a116e727a3dc0b69f5e7ae14d0ab40d44breq,0,0.0023573672831604955
9,56b55e6ab49a4cbe7c76a2bbca804089pjq0g,0,0.0011090664853186636
9,baf1aa59ebedbacea2ca418c5aa83888imys2,0,0.00146179359461935
9,eef111bfb93c213c174947c69b2f2b38cr2pw,0,0.05335122566760141
9,74cf3a0c5e4f080415888bad2f7119499lh63,0,0.007255090768818755
9,d31f6cdaf4f8485190b4ea588f8c1733y6qu9,0,0.014300920840659563
9,81207d4ecf830fee924989f4fe1eaa7fntkmw,0,0.002919509252935728
9,fc48aad7a51d965595b59550e08b94c670k7w,0,0.014300920840659563
9,acaec0b9f72bf4ab4318f3244344589b3700a,0,0.0021883772467490127
9,37bb1697e1c3922a06c2d2ea4138a4c8s6wgk,1,0.8732362848434116
9,dfa7ead5ef84eebc79c67d3daac340b0exa41,0,0.0016568530685384243
9,19033960ac23dffe078a1217788bc720jvjbz,0,0.0017018754469314014
9,0c55920fb607fef2d33324f33565758a6e4dj,0,0.0015692521246584443
9,67a1b129ca241c51d0abb5484f8eb3fct8o5c,1,0.977901814044235
9,99a3bacd3eb66c909a02b85402ac38dfskz65,0,0.0008686206051281545
9,ffaf0a972a6dcb3910fd6b16045781e2ava5y,0,0.0013624877151110929
9,eace2a2890644d703c619fff7e41a9a16k7lf,0,0.0019009408688519483
9,4d2fc319ce6c2ad370052e0f6f2b0a1dxiyau,0,0.004762157943391525
9,0a92c4fa2bcdc8e952546d236b322053o5wbk,0,0.0008024879820515874
9,681b4f9dca9e70441fca4a58c05b0f50skmir,0,0.0003353533810961644
9,c1859303603734d90d1a91d80977e14echjim,0,0.14353363297282712
9,6ca1de75674e78f9d3d63fd96fbe6e172t86c,0,0.0029089645551382917
9,a639448bde9a72923b70917e82594fc66sa2f,0,0.004021780850160363
9,15b1e719796dc894ecde30f160e7ae20hrmmh,0,0.014300920840659563
9,a4e83190edb97fefdc4a6cbfd00f41fbm7c4o,1,0.9807460383386887
9,e60b306c01cf0c0be5c7d54facf927044g5d2,0,0.07603202823506663
9,054b51d059fe981ca8cc4e0d4c49aabb5mck7,0,0.11451531405180429
9,ff4e39c0be8af4b17a73dcb761e4bb6dmop0m,0,0.0010006506090051777
9,964028ac24d4ca16c4b63f64b06df1c8ltrrl,0,0.0003289921195277761
9,e49dfe2adbc4b3789f67bc044c231473clc4d,0,0.005759016897581532
9,b4495464d4503ccb8e696994059983c89g4lc,0,0.0015134432730049417
9,bb4af76ec92ce75e8abe9a6a481d4314jyo16,0,0.05039227734561511
9,0ad17aa9111f657d71cd3005599afc24fd44y,1,0.8273076148376378
9,4089a2b7f26e5c13a7f3350bd52ebf8fh21nm,0,0.453862416457152
9,4566ae63ee93ffc6b000b5cbea7f6a8ehbg00,0,0.0068768450288665
9,1870650d20a97db60ce4133bb9352b69h9phj,0,0.0031423395680071965
9,b217ca4cdea62a3977481e398d2cc9bd4sxht,0,0.001309529044351333
9,b1c9bacacf1f33a8fe48d1a4ae4c761bcltiv,0,0.04666328060966072
9,6ed19e45dc118b78a78f25649aaaddbeef7e4,0,0.000609080612780243
9,8c339df2050a428c04a1c2bcbfe4a143loj8l,0,0.0017795001570426053
9,537f38e5fcf2656968e0a1752dd494ba8z1jc,0,0.0014245362589612948
9,7d063aa96e7a065ed5ff9deb7c851bddhrxdj,0,0.0011782319931146778
9,fdd6944b3c3caaa7d1234ecfc11f8d080h90x,0,0.0011127741245545194
9,4c93ba564461b1412df6f033c8ef71e8ck438,0,0.024464132028172794
9,5640f30464bb5a7bc6e98fd2873fc25dh78hp,0,0.014300920840659563
9,e54c3b01eab75ad3a616d56dd06ebef758ua8,0,0.0036545282784716197
9,6c11cc7744fb52a632306ca8bf966cd1e4zxx,1,0.6501981037605129
9,235f78b13fc87c995c1f309403ee56bb54tu5,0,0.004157677759594793
9,2b5c4051f232c4848dbbb477c5ad7f389f4b6,0,0.05039227734561511
9,11d5f6925da5809e2d447788b85d6253jj8fu,0,0.20922902238248392
9,3fe1dacbdaf96fab0c213e218968c518twu76,0,0.00701716455031337
9,2baa5a9ec317cb21a11d83f6dc72a2d6xy9jb,0,0.005909773050805283
10,1c5f4fc669099bfbfac515cd26997bd12ruaj,0,0.00022774061936573466
10,88ae7a35e374a6fddd079ebb28c822eeohwse,0,0.045079312691425184
10,fa64831ab5ade55daee13f852c16b0a84ujt0,0,0.011398256396283083
10,1b26a52e1e5980c8487bb35cf5027fdfwfnzp,0,0.0008536220856710835
10,c0549e76b179912d52a28c3eb9b29376yaxvu,0,0.011749671572592933
10,38e919293f5dbd62d87ce288e41aae2a281m2,0,0.07846459790949734
10,d91a4421996dcf429f575e372915cdcedae6g,0,0.03487761764685996
10,880f542a275df1251612886d408b32e8m96cp,0,0.000714638957504477
10,5354c02817e47f28e60e44a40ca5e48dll4sz,1,0.08961828651583917
10,29cc13d48af9832e0eb481c8a095fec7mom74,0,0.04436011417364882
10,a1f4d216a1a92507d97166151d7c9fe37bei4,0,0.002053417614197856
10,9434778d2268f1fa2a8ede48c0cd05c097zey,1,0.5491932176937167
10,e97becf0d4632035ad4cd5e65c827d6f0xawy,0,0.0010055532532466179
10,e98d8f348b266653b6784329782fd2e91vu3h,0,0.0031257549410915837
10,ef24ca4be7ccbd6ec68d4ea9f47c9e8ex1g09,0,0.00110357582143939
10,e78cb9678684d649453cd5e1e46baf462lq87,0,0.0025449024435838835
10,68600b8922561fe26b8b6acf1d11efdfb24k7,0,0.6624761737247709
10,09d71d3e6a6871a7598dc2764c5bb4ffkz6mc,0,0.0007562011108723657
10,af98b7d5a7c1ccd2968252a2fb1c06f69igbv,0,0.0013830558203335784
10,6ecd9f4b332eb790dc933aea0a1528e2qkp4y,0,0.011542782502838248
10,4c4431ec9b6e683bdc5a3118d5140105r1nas,0,0.052709304723672405
10,1cd8d86911413c73e92ad1170cae68c3pocsn,0,0.04319734088800909
10,1e342381f2c64318a51a9b71d91897f8dv9ul,0,0.3990240396815566
10,6531bde8d4decd9708ff4407ef95e887a26yi,0,0.0025449024435838835
10,ff58ffde976a4899dcd89597a7877e18lntgz,0,0.28525327496687297
10,758bd601d6700494300ec1647682eb34vq1zp,0,0.0014234194248590696
10,03244a553a252dcc3a3037f0371c8d33fmpd1,0,0.0018304123897395649
10,461dc3d03d1e28d52770a4d3dc7db34558fcg,0,0.0042115208362798985
10,48117c1e2b56cfc8739f83683e01d9b2aoc66,0,0.0008566283835690313
10,75c4518eba20c9299a3a836d9905c327w6j8b,0,0.0025449024435838835
10,47e0637718480102d235233c83661a7850foh,0,0.005739788581160423
10,3b233dc399f175100fb11ff9c66fa5b074z60,0,0.31113860733761683
10,8c2bdb9dd878a811701838002627a056be0ce,0,0.5949359486212475
10,9653f425ed82418570fbca890f7032b16sjjd,0,0.00033358697181493725
10,3edae72a9d44c43524c0203ce38581d1790xh,0,0.0025449024435838835
10,8d43ad48f315364be4d979d2e9d5ee67quqyi,0,0.0033323767374930017
10,10383b390780e7b4b03dc32c94b4973f66wou,0,0.0015427274826547693
10,20ebb9de648c6df989f04d07cf273c7b3yu8c,0,0.4299625668743939
10,8126928a319468b6da5edce4097d2398xwita,0,0.037237175849886554
10,c7d335bf99b9c71fb22797ecbd78b92ashv4h,0,0.022889244096390045
10,ea0e5f7d93f2220a62bde8067f26daaa7oxgf,0,0.0019052869979714114
10,72dd0e4788d25f62cc2ba942bb9499dc7quqj,0,0.002285946893598087
10,b8e47f06aef714b37073e72ac40a8100mew9c,0,0.0008628116452125822
10,50791a0a98478b7f78f8d30acaa4683dxab5p,0,0.0013363235585598582
10,f46cfa9acdb6a4c419c70c19be4ff9523uixs,0,0.00038285127370188106
10,7339b024b285f99084bcca768cce5c7e0h2op,0,0.1806359183914068
10,dfd5c9157a0a771f235c32f30aedbf84e2552,0,0.009190963143386525
10,62ac0de5f8776ca1d189297bdea9a64cmewb9,0,0.006368784007528324
10,99bcfc00be736e03facf0afeb79ac533cs7tp,0,0.0944480598410423
10,82bec02fec2f08899489d7a5c35a30a0lbszo,0,0.0009007945340369684
10,ac494ae5acf003f84ba46f5741618a8dn19qi,0,0.005806377973695063
10,ea57e35acda9a8f8b75f4d9bc049f74d7qx3t,0,0.018887466771186367
10,b64c209b3d1d91a663d134961af89125u0s9a,0,0.005051811864783986
10,0565a780f2c5b46837bbe9739ef15ea92fdu0,0,0.046831840453636406
10,3d281a78c6a116a91baf9c8db22b56bazer1h,0,0.14323249277510877
10,81a6dd18d43cb3b1999176eea563b438roe7y,0,0.008426264711604237
10,a8561bec318a7d3a0082b35b086b4428wekph,0,0.08637849375258097
10,ea5948061b2059bcbd900d3ae7e86e428ae8g,0,0.5011192353137998
10,31a301c70e897bf36276031abdf07ab6cs6z0,0,0.005183912912249255
10,a7454ee6fbb69c4079caf5b5b92574abi6pyh,0,0.005660724086424327
10,c08e5e3325e2f4fea171f24ca018e675we8kj,0,0.005051811864783986
10,33a7a0121e28cca4e42494dd0f5aa03fdhlm1,0,0.00022142266094842417
10,9fada390b6c53ecb47e6f4eb4353e14f01xu0,0,0.0031976767408059166
10,f61d93fddb01d2d89a85a132c649aa90lj1z6,0,0.0008918380559350305
10,76a8a9566e21595a1ac06cc0050626c1q7a83,0,0.001127612303971226
10,26190fcf0babdbe0b0d903f325c52873tpj7e,0,0.07415473020762821
10,c69e65de28937ebe1b94e7785afd94158thqk,0,0.03402484204494215
10,c2d1b8c1b7a9c8010f5b215e8aadb1d7gahpp,0,0.18300027722583292
10,e22528ef6a439aff5a8b19f8c9b07c19fyzs6,0,0.005318758575156054
10,334714f005e994d46cf4d18093dd4d05fyxc8,1,0.204340333064367
10,340bc29eeeb9b9d04eb1fb72a1a9a2444brgk,0,0.0031034592447865958
10,1e1c9332e90c1cb0f01da223bc043c528cvwo,0,0.0005426441188365281
10,ea6c07fbbfc3f0e549701b1e7b90c4d21zfjl,0,0.0025449024435838835
10,74f153bd134afc92866a6bc5cceb2088120y0,0,0.005051811864783986
10,c755d2832026bc2a6f5d2d6df5740f06mr3nj,0,0.0022022613817887717
10,282fe85277f7c07b0ffbc5fed621a02ezp1zr,0,0.1552354027404516
10,55b39a51c925bfb42fb812ebc5fe318emsjjf,1,0.5763554511758391
10,e1b1c514e1b87826fd045588f1f3881707cyy,0,0.011519123687608974
10,ca391c857d7aa75a72e2d7c3133e0d6ay9pil,0,0.00822232414901847
10,dc752fa41d974bf688d25ea9d18e9a2eit904,0,0.004561952747778792
10,7fab82fa5eaea6a44eb743bc4bf356b3tarle,1,0.0025449024435838835
10,0d0d43ac593a891ce100d8202d3d72c3xsma8,0,0.0013571215947507
10,3d54d594ffba32e8d6527a688e7227e30iq3k,0,0.0021097607558575
10,b970a53727b2bfaf02079779c846a52fj3f0q,0,0.0010985419803459916
10,9c0cbc0fd8a6c22ae3648801ade080fek6i13,0,0.013652381881298485
10,3995d9ce0cebd62d77cb8add067d93e15oezc,0,0.0008983185750706996
10,e67abc3ba39537cc640678297a7c5bfag490k,0,0.2586322754332425
10,bd8bd6cae40abb19b81b6b6a7775f63e5tk1s,0,0.002959331665228505
10,a3ef8857f2e33ecd25c409622b4e3ebcij8hv,1,0.9637909115976904
10,db5e9f85e7d180f7d952f12e5dae5900q9xif,0,0.0018525321391102986
10,8b809e18804865ff2a2e799c9a5e8a48mtxdh,0,0.23238011175779041
10,5d02346d70f11cd61d9fb955846ee9bdp5o6k,0,0.0014139591934329459
10,9b51afa3c3a736bdf93bd1f2a7b0a0903c34w,0,0.014535524149599386
10,6b9a3d480add21788772e118e6d51ed57e3w9,0,0.010341716981497969
10,c2294751630e49a4e594dfd89383b271qzp0m,0,0.014538746755246912
10,4c2699de8bc9516b09c5e5c8bae6d6c6xiry9,0,0.00033403300152790683
10,4ab56df4b1befe3e2ce5cd98e8950ba2psqq2,0,0.35137754920041336
10,6533b670e02ccf583288ba7c8f5fb1carmirt,1,0.9832541495665377
10,55d0b2506cef6464d799879b65c6ba29hjcv3,0,0.06376316465853984
10,b7efeea5ff94a281635ca2f0f7e8b3ca4zykk,0,0.00292926106245559
10,e5fd2ebbf5bac9ddc73ce524e1b33c3akti0q,0,0.0014344192907609693
10,05c6b93bf8f083b2d0a03ffc0fc3524ba8fi5,0,0.0010330789445804844
10,c0d065cc8cb585f027143f2ebc6b49f01g1wr,0,0.0035817089351778187
10,20a2d48ac3400228e7a0296aaa596a0fvckdc,0,0.0008427097742945156
10,51d2e1b98b7a1e42b939637dc6e11381zu201,0,0.0012764111669621631
10,061690ceb6004807b7906968bf382dfcbve7y,1,0.2868346260314674
10,2819b8b2295f272f33f8e76fd344ce6bywj1p,0,0.004976945079284002
10,9393cc68d0357d7b200a94fdf93ee3cf7xg5l,0,0.0005734140899758669
10,0318e0a173f7c65db40116b903884c854x258,0,0.011057560996685818
10,6767cffbe2c0957492aa451560655be3hjd6s,0,0.2041155586473575
10,8cba56e5e7c2be942ea8472b73f0842fil1x0,0,0.0008190298402889386
10,84c4b58a1491da3a30710bcdf61f87054xfq6,0,0.0006243683726484533
10,dd7292cdbc81ebfb87945d9ab176d679gepf0,0,0.0012354962038545962
10,e9c8ee7f783723fe8496dd35232d88f2or1r1,0,0.07608705718573205
10,3d48fb12020c1a81a65fdba2d75caf0d6q2nc,0,0.002899509362778549
10,272a9183c10d9e80eda8ccaf6682db71203nk,0,0.321002768341917
10,9c223f867c65938ce8623fc41bec08485xddt,0,0.0013355879246341646
10,10f1460119f9e42bcccd0f68ef59cc830pwtq,0,0.0013779039029582863
10,4b3e6a8a52c413a32f76a6d7a84a54bb8gb0t,0,0.005051811864783986
10,4073de52fb5c46376dc3cac6b2f2cecdxyqjg,0,0.00042231496503408576
10,2db8669a6d21a5c8197d4287ea32b7883gv5r,0,0.0014560655631422456
10,6393f55c093e04e6e608e1ee8be9c3e28omjd,0,0.005537255128607141
10,aa7e36069de119ee3ad7c4d8c925fa3ekrs4i,0,0.002888993367623922
10,9d98d3f00a0c0bddf35470b0fb735fcdhiriy,0,0.5741688887567418
10,4882587d42b3d7d8d7bec4315203f10bl2fts,0,0.0025449024435838835
10,bc7722baf876d0735ddc885691eb687bgz365,0,0.3015508554781565
10,a9062f1d7c589bb01ee0b330ee8791fc702il,0,0.7968095901585417
10,34cc283e180fcd4902ef8758714c6d83th4nf,0,0.003183053558507563
10,a283eb484c3245e5b12b18daccc075e9g9xk4,0,0.04323733142695883
10,73d4cec0ad358d272d757e0fce8440d01fvw8,0,0.0025449024435838835
10,b1410ac124aeb5ef6b06667786feb742tijnw,0,0.10335850736114265
10,d38b2db568fb71174bf883554bea939ccts4m,0,0.0012051320069069293
10,3128932859bba46f57cdd19579c42e05lif6h,0,0.012944547448390428
10,48044b1b1f47f168864bc7c4a58a65ecmt187,0,0.0017107738086693726
10,4c2af41637c123c78074e46a22526298vol9h,0,0.0007599406187075375
10,3d48d4b09fc7559bb6c129fb65c133808brgv,0,0.044345821707888554
10,1cf0d30e0bf9f4a536b1fe16ecc26cd22j50c,0,0.321002768341917
10,86151544b29ad273209ec4605c257b089z588,0,0.021425452223613747
10,a4630d8b78c796441a1be187f6907b11c5eu0,0,0.002260829164294756
10,a1922a9ee4f9f5d03fe11816c2cc3eb9ivcbp,0,0.0015445521338385726
10,d645e4b8b043a18bb1c8689572ad4fe16q3np,0,0.00132576923192564
10,f9ab998f3adb944a1cd1847a097fbc0bw61nf,0,0.000247150418387229
10,0c5992f18244e24d2d7b4708a512378729eev,0,0.013025636069894138
10,e4264fc4dcd5f917ceb002d860441370s054e,0,0.006953816652470053
10,18bc9dbbed75b55f35ec4be1351b7aa86an68,0,0.0001946207751356042
10,abec779131ec6bd32f5e32ed0f274400ekljo,0,0.0015017205447373744
10,bd0071b98d9479130e5c053a244fe6f1muj8h,1,0.0025449024435838835
10,dc87cba6dc8717e219e9fa9edcd10ae4a2i86,0,0.0011581924519184327
10,0a7446b63f183a4928ae762ed6cd1c4b894qz,0,0.00027769011001218744
10,f19531503f1485a3014189a80971c6fb0d9fu,0,0.04314751189078522
10,e561791343f3564a6fc612a98b5f3df34rxok,0,0.0025449024435838835
10,8acae9b2e5454fbd92fd0b3d79fe89ad6w2wp,0,0.0026009927126611288
10,5b1bc916ca111874eda3bbe669957cb1d3mck,0,0.0016602770135064583
10,b1c2e7ee5c69722df6233541ad5e784eutiv2,0,0.004097461524756515
10,bc3b92a81586cb726cbf4d5b418fee41o20sj,0,0.0022727199739999817
10,44c38c27b9de757c8c7c05cf07b7e3eb14qpt,0,0.26003425006683417
10,1dab9ffc5c6bf06e86e0dd1b3cb9ebecn5pu6,0,0.060845606171278
10,9ba7cbcf531c20ef7cc55a6da5c0654evwt1d,0,0.09060711050490237
10,c8d3fc73c1a41bf92a5e4982eb6cf78du8gg5,0,0.0010511708351326455
10,ccc371d7848a80bc31941248b9f49b95hn694,0,0.0037563399664915695
10,260568e07963ce8351f3313bd7b9b0e2vonva,0,0.04323733142695883
10,213a7fb31eef8b38a23ad6b0bf2c7fd0dx3vk,0,0.0010344785495811628
10,511a640e38bf03022300f5503cceb2cd3f361,0,0.006152954527799104
10,d3ab33e9314c95d6806813171f292299tmprm,0,0.0010602317989993136
10,2fe472c1be232dca314d4bdf0fa95165rjv69,0,0.4609324256403673
10,bd29e36cbb063cbb96ece76680ffd9121dy90,0,0.0015065296344831248
10,d2fe98eb0fa21252956184a98138c58dwp1ah,0,0.001500842901253556
10,5c2b3f221cdf303df86ff1ffd7106fcco6pml,0,0.18904790386253056
10,339b8ca3185dcaffbc3ebdfd960020e8es0as,0,0.0012293996571230332
10,cd35a3230456d4a245806e476c63e9a1evu7i,0,0.052709304723672405
10,ee5afe7f268aaa88598545df890f4e5fzari6,0,0.0004611506694938594
10,613fe9b896ce3801e40212b3c8a8053c1e8nj,0,0.002166155413743496
10,23f9a0e1492c4abf375823266ddbe36bzukj3,0,0.0003422740628408736
10,84c7bbdc12233f88f35c2c3b8f178803ta03m,0,0.0030725269428069617
10,70c6727cc40fdc6f752b28102f31a38b883io,0,0.0018234800986383283
10,42025aabb56a61f3bea90d27b283b517dyk4t,0,0.15022152124304952
10,99ca795998fb781a42d85f1abeb50482yzffz,0,0.17493998969554664
10,3105d663ef3dff7e483a46c56580a9f9kd7f8,0,0.015567890422414576
10,a32cce991a2f597f6e5a02605119f99b1dyq1,0,0.0013248976341154693
10,0817731a4d2e319f6f771da3f522b8bfv6njs,0,0.9328891106987138
10,047558bebab9292a5d4c85d6ee768784j2hdd,0,0.006291997282501695
10,dd76fa7a75bd0e1921f71d255a8e0853l4lbi,0,0.006753307338054712
10,3043fb0b4a1904222f640107f84d6f799tves,0,0.0008419947247408743
10,3ee7de4c5a5e31b7b407827ae1370f70suenu,0,0.000912929912498618
10,4dbc8d336dbe0241c9bbb0f3630f25059yo43,0,0.007338996286913293
10,5bb3c3ff71ef6560c7600c512128ffc8js7py,0,0.057299732179529154
10,6feec0741a319299c78c47040893399ebas6q,0,0.00029459489308753076
10,f3bb3c26162cfc1b8c3636a7ba126010na3n4,0,0.02624638200068568
10,95efb775460080c0da57e154f27876d75xnsx,0,0.0006563977036320802
10,d092609f5140c62ec64ddd7615c25792qgdrd,0,0.0025496575749074098
10,6e848149cabc4434155aacb610fb20de6vq5b,1,0.16694123673010164
10,fe19fadb955fee4c5fcd0e30e56e1542kx66p,0,0.010129690957940987
10,36f52ad1abfd307b73c9b69cd5197dddmmxgr,0,0.005106357637717547
10,9e25bd3696b4e1775de205d2d4698a0df4s14,0,0.007831336403817798
10,c2f592fbdc8980229367e1db4d0f7a51my54g,0,0.019494743539743502
10,8d638f6da12614d6b369249410c3d278n8qme,0,0.057299732179529154
10,9375e98d0810ce9119ccf45300249636zfpd9,0,0.0017503321996013544
10,1c950af57581698616bd9923cc94fef25n5wh,0,0.0012733665855659566
10,92ce3c44edd41ad3222481daac1ead35bouwj,0,0.0010891500997849588
10,b729f60d26fde89a01f3fa89759d6b07t0ec4,0,0.0066963824811982625
10,c7c854748038ddf37b8a9c4f5a28073fsut8p,0,0.02839038346205176
10,bcda2135a2456d611876679b61dac500vs7sx,0,0.004726525427798584
10,f5edfebe95b4f637d1bcceb892b73dc7rhn7l,0,0.019019607765388042
10,9685887173cc2e1e5ee3993832a4b153bfl9m,0,0.00037216198992354556
10,5aeb71cdc92fe5d1c4a4e127d7ca7783gzje9,0,0.004389696710792348
10,6ed39d7c89fa2d423017cc9811f0c469i2157,0,0.007075425378724488
10,d92c8c2d4c29d4c785431a8b34ea135awepbr,0,0.0017725033424928643
10,fdad47d27b793b74470086c35333d4fepycsl,0,0.0012678412497830356
10,83aa7c2c8c018888d9ebc6daf63bddb6f2i0d,0,0.0006282982349525788
10,1214fbf35079e7afc0a35645f8be8b218fd5o,0,0.005051811864783986
10,17b41c48d6f53585c7bf3b65977eada0yxs8n,0,0.001086638259348923
10,42e631af9bd00e5e816f08eba3b102d5ch576,1,0.13819203984110487
10,49eaad86d095aa5af75ce34e59e4b7f1mmf9q,0,0.002322528307345028
10,e7cf764619380e5303089f04bf647f10thebb,0,0.004147281777282573
10,ec3b2ff6f725e847f93285bc9d2b7b3dvcd4u,0,0.0018747054994331157
10,9ae9782ecff93ddf1c6fa13d711b9fe1gc266,0,0.03560815114428791
10,559bccfe60c7193963f09388fb681ea65k7dp,0,0.0008568884979305735
10,90fd7b3c991701dee376daeb09a0a5b7kawse,0,0.008702710055699581
10,7259271b61d2f05200eb2e1ab1d2ec911jlaa,0,0.003730457927970059
10,96b7bb4238e7ebb439d81d63db4c2796aoofv,0,0.0008771218681041312
10,18076726ec814a6f56da2cb9ea89d105j8vpm,0,0.0017257662016447542
10,a7bc17dfb615eacffe397be5b2c2f3a6r0bb9,0,0.0038609731239330693
10,cad9c97e99bd5753be98edd9ad8ec8c8c7r66,1,0.8199718592445339
10,5771ce26e8b0fcbe7e90106955638b251qj2w,0,0.052709304723672405
10,3e9180fdf158409adc96aceffab6e00bejjah,0,0.001311299494265953
10,e90e4701234b13b7a233a86967436806wqqw4,0,0.057547078933197236
10,0825d381aa09d1d0c47c77c372f07acbe02ky,0,0.013459182121071719
10,95af80db42edfce4e937550d60d79561punym,0,0.026350801411720127
10,adc548d88b9a307ce0b58a0d11d3ae14gcfon,0,0.02082483115254049
10,a96039c7cfb1d040ca978ec5e66ee2c0sb5ht,0,0.004732323532583515
10,3318a824cfbd3d3d177ab7e9520b21cbsrcgr,0,0.00036435042093660517
10,26508777dcd84df59b467a60d9f18ca1pvvbs,0,0.028510096272588853
10,f069e2e45ce316168a94b972c5b7d6b0f342m,0,0.37273736620277376
10,591ef8d73236d150c32716359a61ff2auk6y6,0,0.00023364835222064822
10,121578435bf4136746cd2a80f1990e07cv1px,0,0.07179272844383808
10,ca68a41b3a4062f154dc1ae8456cd792d6kp1,0,0.005950843969078631
10,eea79e1bfc21ff1b9572213e540e1252s5iuy,0,0.0003157668474207457
10,870932eabebfc108296437c303db6055kc3t4,0,0.00038293985116487263
10,c0e3343070766b359c664f93ca65040b6bh2k,1,0.05959534808840375
10,d3f595832d80988c2016aeafd125d8f072r4h,0,0.0009770430372549716
10,f8f87e237833c3279a953b785653b0e5qka8u,0,0.009629339280570911
10,a0420d3961adf890fccf4b43899708f6h40zs,0,0.05339374868960179
10,21c5f4fff051adecaf1b080fbf910ca3dvi6a,0,0.0028325177955491865
10,655a95d80489d145052254616787cb84fwqid,0,0.002440469014753065
10,1dce9aaf9d6b9cba38f9c7489764fe30nlrq2,0,0.00200937864073035
10,1df5be644b8963750305092eb8ec878ayba4x,0,0.8816692709271664
10,5c2e85ba72b9e9e16f77939fee7ffb5eivaqe,0,0.0005383959083203787
10,4f57e657df5ee5d9207178b4b6858ddak9ouq,0,0.0006203904423819632
10,fa64fdb8ad70e86efbfc31179e93e99egd27l,0,0.18314323786142006
10,a3d0a600cdb44f03d58f27b19247cd0d4az4k,0,0.006656933464196182
10,87c5fcd8d9582701469f94bff3cc415dvq4ia,0,0.0018420003535527046
10,8bc48bc2cd0ee494e55470a7ab0814c12riuf,0,0.057798393528768206
10,baff2ce04381eb1bc4747d557bf52208vqmby,0,0.0006350908025632019
10,1ba9422d7a55aa5abc3ff37d1cafa9f2yds7i,0,0.15073523899171107
10,cd9a7b22d85c35845260cd61a4b65cb2meyel,0,0.0034479545476969508
10,24029e6b641077ab7b9a1fde11a42666pkz6z,0,0.41326820688159077
10,36473d4c641c4c09c20c80e2ab35a36dwzp5d,0,0.00022774061936573466
10,2b2ee7d0ebdf910833b5cb173c567881jt8sj,0,0.12859414904459793
10,461b089147eb78c582ca8a30fa7581a7mflo5,0,0.007503030862160531
10,c34e1a988fb471e9eb8a5e84bb8ddf90k4hng,0,0.22050157455644845
10,6c0030ed696c4156b6ea3472374f6b54s4ih4,0,0.0030434123134792115
10,50dd191676497345cc95d8b9f7284a7371z5s,0,0.0025449024435838835
10,25f59f9da43b6806aaa125fa61974591sacso,0,0.0011433120049803914
10,a961ba95d1685705953ace49a29424e2ld1ek,0,0.018301599648430887
10,45e4c7fe66077b5b7b338f19f476f9d85jlk0,0,0.001622105255862935
10,f781d7cab96d95bcea507cdd43b24255pw0dv,0,0.6865326351249588
10,ff181014a0d7bb534fb9a35f22e24fe72m1d5,0,0.04896473976522088
10,a945c65b19da56d0c7358d8858fe14e8ulfel,0,0.0037339932422755517
10,6c021878ba6173a04d55bc1cf5544ac1f3t02,0,0.03841428509130581
10,88acd2e23ea6817d9d9fc28f38a8d1aftqssz,0,0.011659588334061645
10,058a4e0ac0a20f504cc9c6aae2a896e6too9v,0,0.0010532723836366353
10,6cfd573a82acda92e8207745bca28aa7lqjcm,0,0.0008279264614999855
10,a3ef8289a92196b07e2e7371bb111e3aom07k,0,0.0029975296520509706
10,0a9c5e1f261c937c09817ea2d5e949f34v8oe,0,0.0037337542749525015
10,445eea09a6299164f60dd11f23276b44rkt8q,0,0.11687511215180815
10,2012c722a90bc47f1abbc8319d0cea51p7l5b,0,0.0018890914034411321
10,7bad0fc50ac7d249e0a3d8b83f68e855fcnxu,0,0.0025449024435838835
10,3e0bbd7d75cf543a56919ff5069b31a9gcbql,0,0.002842389537908551
10,29db827ba14938954c90cefe40d26fe1130kd,0,0.000890830321455613
10,9372e27ce85a8c8b9460b87c37cf55ecqjjkd,0,0.2049328739274449
10,d7eefaad31febe607c252199a7672420kl1el,1,0.8952093449171614
10,96f31c5b3baa8704096cc8d4301b4c96i6fyp,0,0.00847872087340334
10,4c341a39553faef07ddb917ea4e069ed0yi3y,0,0.0005044366064140746
10,a8a81bb8a3a35572bd1f9922f5a31217pw41k,0,0.026350801411720127
10,e134f2bb79d1a810aada6a24760c8910mh5na,0,0.029963015275272415
10,2993e59bbbd7d14bf4bc21e4d2a4f8eeb18d2,0,0.0005626725425405803
10,fa6bfb4a2156dc8e73a713cdab85bc4bmcmwr,0,0.0025449024435838835
10,ec86220eb6ce57c91a02a7356b342599jrcut,0,0.0064139205614468595
10,8bce581a91921adaa5fc20e627cd7b94l6cp6,0,0.0011877848517171477
10,c67ecaf47f857f37f63ac0f4b9af3249wwdtz,0,0.0014139591934329459
10,238808859d7752579a415e89a395500fh2o65,1,0.0027219375612873415
10,72b21fb7cd32b1a65bed8a12eb94a8b7qa7rl,0,0.0025449024435838835
10,51cf4dc8898554aedd8572f97a95ef5cpi3ct,0,0.4705343177514621
10,29013ddeb60a18f7d3bf9f3aaaebae6c8651o,0,0.017171687961784855
10,16e2e48cff6faab74e1f5c47669dfbbda7l5z,0,0.0027192721567388225
10,7ce3afe39ece9d672e9adcf3dcf2aa44a8r22,0,0.031043666181861548
10,f0e1c483773c2ef8466d152874872139e0wcu,0,0.0007844666480467323
10,a124589b3af5a212406c0306584a9554fazi4,0,0.0018728408293338006
10,8b4bcc98fa4666b22c7a17c9a4b93ebenlmlb,0,0.0006347993100464364
10,20fcf71ad6fbd43f6f5fe493a6bc3ecfextqf,0,0.0002734207578139826
10,6b0d09889ff4889deaabd5f15b3b34f1jxl6v,0,0.002122661365291519
10,400e8b5b5447b4d11e06a8bb0754d8d6l6xoy,0,0.007338996286913293
10,0a09adcd35b5f26d75f251006affc747drfu4,0,0.020426661696336522
10,35a02f50226eeda275b29a09acef2177k95eb,0,0.002044789004912966
10,6ab75792932fb1ea6fc74a18edb7888c2orvk,0,0.006394975561017735
10,98aa09a7ca13559a9e2a43fa2ba4d2b7klwin,0,0.0038014243372791524
10,4483201dee43b51f338c0efd3b13bb895tric,0,0.002498723070247784
10,6affd6d2976aa7c48dac70612fc8e31ddo7j5,1,0.9522407914168655
10,683833b860c003e6c31c521c9cdb49a1kr6b4,0,0.0025449024435838835
10,6faffebbde541edfccdb2725e430870cbkvo0,0,0.013371672837598532
10,4985bdbf8710c33fd7c9d4771db7c690mcbyr,0,0.0016432838792225185
10,0eeffc5039b27a4dc2e420eca75b1fa55rv5q,0,0.0005267754076644413
10,a8a2547a9153038fbb9fc66d2425d9a7efr68,0,0.0003186328900449451
10,bf190f2cffc1a77f0957f8cd1c98257dofy08,0,0.011687792563405814
10,106f4ed8e9b727f8d94a1cd57e882a095pteo,0,0.0008976254863348879
10,9d33ed2efcfaddba0307d12142f3041ce731l,0,0.03907661842152245
10,95ff2833eef5999a4f3ba4a7684d2b26a6v9j,0,0.0006834437049092517
10,403d9c0288bab462bae858dc8aff2f94ti9ma,0,0.0003213972658991614
10,b2968116361fd43589bde8eca72c5767o71qc,0,0.012101653492576313
10,bef84146ac1e2f21e928e06ede1404793bfnx,0,0.00027664964311125746
10,5201935b289665a197e38f747882948fjt867,0,0.0007011643633760785
10,33895230e0b25b5d3133d502ef3ecabey84m6,0,0.050839149797670534
10,1982c4b164171180d480166feae881ecmxsgl,0,0.0012853426838877265
10,1ea558fc18eb1b3ed7759a3aed7662d3p77wq,0,0.057299732179529154
10,bdab2be5a94c6380c60b902310cbe1b6rs4iw,0,0.0006065982343885786
10,13c4c826516304555e291d3d91c108b3ytpmj,0,0.001073540658492355
10,4cf9c56df4594860df56285e9293a7f7evfix,0,0.019614437193412226
10,460e932b11a1529d78246317757899ccfaxng,0,0.07538700718722588
10,74149197c8684977e397ab60a6a264836b0lv,0,0.0012328836333293943
10,210ae8381324c41f7b49e95f1b7aed80z55df,0,0.029684876582758465
10,2106dd7866abbfb4e7c68067d7eb9bebflq5d,0,0.9426798689947129
10,c9416e793bd0559bca3ad4a5194d4cd1k8eyc,0,0.0006903705490547869
10,9ca7afbb673865b01cd4b02846054fc1p3vjn,0,0.010253228857226328
10,bc3d08ad6ac94b8b5ce40a29b59899cakj3p5,0,0.047076783056222406
10,c46e21e01a3f4987e00109d1d5f48acb1q72y,0,0.0032835045273304415
10,942563fa6695a4b2f76ab6ff3bd58030i75z7,0,0.0025449024435838835
10,78830493a121b8b6917d246ec73ccb4anwocl,0,0.8374551534465485
10,078e06b3288cf8f18ab7ed44b245fc56nbyfv,0,0.0009416363858235598
10,4694d67c21e9a2edd614e717aa3f4dd2e0w93,0,0.8154607212939821
10,46f1d7df0a8ffcc10c3de0dad8979cabgr9ig,0,0.010635700702746227
10,e76057d8bcdbb3d2f935c30849a17e4d7ordt,0,0.018889705480769427
10,ce7d34398a6d6011bcd96ff0aa82b6674hxzl,0,0.0002119925389377404
10,cca4426ec6d64f3e73294d4d5bc9719beud37,0,0.0018000551297820738
10,ec96b5b27dc870c8f59ef11b7371b06eenaox,0,0.00042959849167754704
10,d110111b8700f290b5d03a0e243fe375r3woe,0,0.0015433127243685914
10,44bc1c87245aac66d176620f6ac9611ddbcil,0,0.0007475194581765197
10,583ce05b5add00d9e7e5dcefb3c436f26d7c2,0,0.005051811864783986
10,43c76d050c9d2509d85c9dc2b1a1dba4zb3qt,0,0.03440714372369267
10,4731be79b5c7e894dabe5986e747b97bd6yxh,0,0.0007981435450260589
10,4ef4b3e5727dc85f18aaf00ff9a1e936qyhp6,1,0.9444624766363799
10,c65d2236a70982d628454d19472ce26eltxgf,0,0.0023180266382722297
10,d31f6cdaf4f8485190b4ea588f8c1733y6qu9,0,0.026350801411720127
10,a25f4c6838b83e0fcba372300c23c2537k5eq,0,0.0027945986539203997
10,6b28baf315d41017844e15d645bb2c05ybt3b,0,0.0025449024435838835
10,fc48aad7a51d965595b59550e08b94c670k7w,0,0.026350801411720127
10,acaec0b9f72bf4ab4318f3244344589b3700a,0,0.0029647636002604495
10,6a3b1ee159716b743ddb8e07e499fadbhqn74,0,0.0009442787650320518
10,4b72cbc9d9ef0238bb666feea6d79e718qry1,0,0.16397422373026072
10,de717bfad3ccf44a93f39e7b43f3b227cuu5o,0,0.0032760440431590385
10,37bb1697e1c3922a06c2d2ea4138a4c8s6wgk,1,0.35982313950560935
10,c2e1242ad5ea781923a08987d55365c69fii7,1,0.10260894247739101
10,8254276e772450c5365707cde76efa4cwuzpd,0,0.0025449024435838835
10,6d1354e720cb9ec90e19e29f5f895669qh6g6,0,0.0025449024435838835
10,25331706aa2157419da068e93f3989feyo7a0,0,0.21496843449765052
10,6275d51c0324547faa8a87b499812268tl90r,0,0.0013302979643254264
10,d2f0217aa734f025ec008d24d13eca10ntuhf,0,0.0025449024435838835
10,79cdbe82ec79d0e60f1b113d9a5bc5b4ar8bk,0,0.002597263993411159
10,6ce47fddd94be5792190cad9d972a5c4oyjww,0,0.0011628249270489962
10,7959bd565852dd880cd31278fab3660fuaqyw,0,0.0037360717356560397
10,15b1e719796dc894ecde30f160e7ae20hrmmh,0,0.04323733142695883
10,caf32bc98f84a47829e76ffe104371f6kphvc,0,0.059707515589200615
10,c83ee624c46235430ad4338278f6d270wfzre,0,0.00326519158531136
10,abf6c2cd31be1630f5a7a1219935011c3rkqt,0,0.0014689047114355958
10,86e888c2dafacf13580a1211abf50961w6foa,1,0.46585247290270587
10,98c12418158dfb9494af01308ac2d0588gfw2,0,0.009478799906186377
10,e60b306c01cf0c0be5c7d54facf927044g5d2,0,0.024424855104177932
10,ccf30c9533a66f22f1c65910ae1bac1a1fs05,0,0.19243961282787986
10,054b51d059fe981ca8cc4e0d4c49aabb5mck7,0,0.0500125590507136
10,780566278695c3771f81afc605abdffa4143q,0,0.0005741958446214457
10,920540ac4168ed08a1e297395a68d718gsqdn,0,0.0025449024435838835
10,70db4530c292bc759238b8306ff4ebb6n4l6t,0,0.002233368192596751
10,b4495464d4503ccb8e696994059983c89g4lc,0,0.0022144081469875746
10,bb4af76ec92ce75e8abe9a6a481d4314jyo16,0,0.05339374868960179
10,d927c987f8a4ba2dc4f38dadc0831100tt94p,0,0.002490947716417226
10,f895a8d9d7974b3ee7f1f04a25a950e9v63ps,0,0.0035350326555353413
10,ddc6dc00f416ce10f23b57ebf758c2eeawzjw,0,0.0005544939796548526
10,6da04647ce16d0f00051dfeaa94d3313ox30y,0,0.023603995052131108
10,c1c22607e7899ada525b74e757d248ac2b8ac,0,0.0025449024435838835
10,120c8b384858420c4e46e354c86f4ca393w0i,0,0.07557641704001292
10,7d063aa96e7a065ed5ff9deb7c851bddhrxdj,0,0.002403704400136416
10,022ac3a7ce986049d9a4bede83ccf9ddctvg6,1,0.9914534704764343
10,0a9d614009139236f198ddb4759a498cen5ix,0,0.0008481947334489177
10,bd6adbe79fcb843aeb97546947af1236kbg7p,0,0.003633037478539282
10,1b7c070ffb2c23c1d02ae5bc5d817d06qz4xb,0,0.006583125700429455
10,61e4b6ad0fc268d42c330ec99fd8c939yb7t1,0,0.042459809898682185
10,0589cf78c4bece729f0ac620557210e13no3n,0,0.0007038800841639856
10,ba6811273d4f63d9a31937b71b0a22dforovn,0,0.0897708576880584
10,2b5c4051f232c4848dbbb477c5ad7f389f4b6,0,0.05339374868960179
10,3e602dff2e3bbe7a52236df2294c9e059fc2l,0,0.0006599635309317859
10,e5736d7f8082d7d7fee8430c0e2279bcdmt2a,0,0.1414750132903827
10,15f34e73687d7361ac0d780737fca261g2s9n,0,0.0082736801346594
10,d81579750b388276f2d8f6d80384f499n13l6,0,0.0005055296912244296
10,369515b3af4f8ca582f90271d30b14b6r52aw,0,0.0017527108232514336
11,7eaefc97fbf6af12e930528151f86eb91bafh,0,0.08144047280119276
11,d1be739798ba0745a1fd72ac918a9f1929hei,0,0.0004947606312529485
11,b37b352197594dae96bb9219bf59d656oz79f,0,0.001883069054355096
11,9c509838d129fcee98cb3934079ca36asla50,0,0.8056902225276783
11,99acffc3cd9bfcd00668dbf472a1979350mxk,0,0.013186650330356644
11,0b68888358a492884e3885bcd73ea63bhxidk,0,0.004223492869017386
11,2c581ec91825362ab66a7ffa05df5e70hl3h3,0,0.28567129600859914
11,d6d3daba4bea632d7f5a4e2c5146f109dkd4m,0,0.03683353695501444
11,1476226300a93d22b15253ed7339429a7ijk0,0,0.10657196862172148
11,975dd5178d34453c1c3c8edc47cf44274uv5s,0,0.28352942817261584
11,98783b6bd490f32f56c315307643c824nimw1,0,0.00047426381447673085
11,608d9b68afb12c6c27da6c6565ffe8297wvco,0,0.06536554369289499
11,8abc7635daf75f9fbeb63783b7b8ccd5rvuyo,0,0.0005627201392809548
11,5686520af5a4215a239418fec906f88e4she5,0,0.0013023174109590783
11,72bc07c7241e1856ba31609d11501c91cswlb,0,0.0729071187296903
11,91dcfc10da696a6d90966ff795751708er5fp,0,0.8620073633456872
11,85be8fd21f41bc3dee86597d272825726bp69,0,0.001293902857113505
11,59ae36080fae26bccbbc31a4505b6fb3v3zjy,0,0.059446110148220696
11,dadbcec8b02ac75c5935f419b318ceca1wwjw,0,0.1237146309884876
11,96b90af2d3eea4d3b2bc725e1c92e212qu52g,1,0.984289417826342
11,8e1f8e5907b3cc256a2a57ae9ac81e063gbz4,0,0.00217544095437134
11,02bde521e763e4f4e590e8368149e04a96il9,0,0.005537530823431461
11,87aa94042390f9267d3b7d90e42b022ek5mbu,0,0.006023794626750335
11,9ded76c5244a2116a3b5432fa265a800j0bvt,0,0.0028018137504474375
11,53691811bd992911edb9f5f64f49d8f5luk1f,0,0.18781519265508165
11,577af9ccdc29dcacbbce0f36b7c1ff15btljp,0,0.04675165819551029
11,f5a67722732675f6285b70b9f008665fq01bk,0,0.006461526464743074
11,3073231f45ca50ad6830d4dc7261f283iwjjm,0,0.0008585538057847176
11,efc61ad6db17265a4bac85f77b154ef414tpp,1,0.00043599026943367175
11,dc52611b1a2c84c0949da5af9870d57fj6ab0,0,0.005075811820120378
11,671fb1e314a1f480ba9ad9b5a1cf6a91w1k2f,0,0.02401467174010102
11,5106dcca581b63cf2226110a9048ee4846sxb,0,0.8056902225276783
11,b27db6c048fa41b496dfd3423226bb0923yfv,0,0.002392282419349517
11,68f092336430866db606f137c57c87e0hw7aq,0,0.16979014146848675
11,acf06eabed56f179cf32ab60b6b076820ajls,0,0.003214783705111467
11,19353c42feb91a216885fe012efdfb11s2iu8,0,0.0016731591104709312
11,17eeec8676ad56bfead1a9406277f41cnev3n,0,0.7523192560665999
11,2c72df02de4b36acf72ba549630808612ol08,0,0.002437249863048658
11,8e2a43abb8fcd8ef9801c69fc04bfcb5kyc41,0,0.010868091210237513
11,cf22da37578048d2e51eca1e544c693cke5t3,0,0.2705122562504613
11,f63ed13362ce1c80970ba28a095c2bc5kfgmr,0,0.0002203851988660637
11,4955e2c318d0bdca797ce17794ba18fblhaau,0,0.0040701609055520714
11,27809fd62bebc89be450f9dcbdd25ed8il6z2,0,0.05528009565455838
11,e561facfea467ea124df0111e041287ctvgwn,0,0.08882634347301979
11,4741959d26f99012b8a6a3e3954eae40hsy6j,0,0.03153753820977736
11,33031f476dec19fe47c0e3a051a68e992hmwv,0,0.11051088341089017
11,5948bcd0f773286ff7d5cde332c7ae6918jt6,0,0.12769869571614098
11,d6ebcf2149c311d221b233b268870b3d5gfe2,0,0.00041839127860700894
11,6a76d66f035914f93ebc725a0998b399r4gdq,0,0.0002405756424537181
11,d6d68e218a6cafa246ed31185b09e1e1fsu8x,0,0.011298796931792749
11,929b75b44585b34d2b917ec181ecbcf298fr8,0,0.213493481590678
11,b5310019f2bbbd975c64dc11189191022k8tj,0,0.0006830182548481074
11,908ce7060337fd8550760a100921f6f7wsemn,0,0.005537530823431461
11,08515611e73803dc6d8c562b8514dfb5qi3z9,0,0.08443692422781247
11,354baa6c4764a5bde013ea3f7edc72552r3oa,0,0.11201843779948294
11,b9080651d16e3d6d2d83e1c5debb55b0qpwbv,0,0.03153753820977736
11,20662832566daffac929f803f0c236eaperht,0,0.3826195181394105
11,e18e3d0fbfba81cedcae619dfa977875p10ta,0,0.00045007232205240626
11,ead2ec4563ba25a9e9d417f1964b7504teqtp,0,0.4106733966432559
11,a9237defb0a6478098f242b27ebcef18qrotd,0,0.004703547194159184
11,96b1df591dbbf3a002578574671d9ff1rmzev,0,0.005537530823431461
11,037d9f10da403d8d5f94b6e2957a3702f6x07,0,0.7868313483700614
11,e0544483ccbafc4842cba7650677d043n2e5c,0,0.28567129600859914
11,246c55639cf85c682d58cbd2ed6a6563vk2yn,0,0.02301224790578193
11,01349288df20199905e719f0ff7ee771nwryj,0,0.0030164930201996747
11,c5dcc8a649adae76ce01a3fa85b68f237ny2r,0,0.0018060094462506269
11,3a8124eb9fd3977e43f5e0762d9a09d536rob,0,0.0009485857645588704
11,97b002c9936e63a1fb9994a67615e84fft019,0,0.00226789990592075
11,a74e3962ca26514976056bae3c46d579emz6y,0,0.03703887324632064
11,10c1e1164e3f8298df9a35c891f67babiycsr,0,0.00027594181918293615
11,c9056fc0cade75299ed4438567a87d6ek44pt,0,0.00012906301911423548
11,0b450f2827ec670da34be66ec2a520213xcuk,0,0.0002579595543391337
11,bd0f0c497ef09b5c1bb18b330d932bffktn3i,0,0.10312039430674241
11,6a5457f1038c6e1cf9feb57529ce07b2sff4d,0,0.005398125187560339
11,6c55d253787acf5210f7d785546db80dqtleg,0,0.03703887324632064
11,4a2d5b70f0fcec3ad9d8ac4b447efd6f3vs9c,0,0.014439103806041869
11,f2bf8c94172c4d71076e151cb4e136007iiur,0,0.0014680169694972502
11,ca0c049b8c37c99ef93b6086e9947135onppq,0,0.0005520026522304246
11,79c18f0460f9bd86bcfb25da96d91490jfuxv,0,0.0011613355922320938
11,3106ad6371a3b740e2af90635a4ad966zeu1u,0,0.019240061220060882
11,ae45f9b94d86f931c84c94f3975e3d7bkv2r0,0,0.05376414233628801
11,d1f000f475c502ecd2e993c52987e63ed3k7n,0,0.47918190996551385
11,a8a5bcf248e1326b3340c88e057f59e9nlslq,0,0.08144047280119276
11,39f9dad880d32ee607af7571ec24807bn1g2d,0,0.00331716560384646
11,9ab3bca29dbc32070cd7f729ea55639a350tu,0,0.001190966196555636
11,b46132a554a2a3b93efc5a9352036e6crl6sk,1,0.30351606068085735
11,644e284380171fa793695a91b6a12c28jcwku,0,0.01581496151179156
11,67d245e38ee756947ed395fa099807fchxv99,0,0.0003752017778364666
11,20d08c7edbcb4b4ac0214b664ca5bb9cprntj,0,0.0008090550534132921
11,651402deb28af3e3d1ab9a6b88314b591uuaz,0,0.0005219255468452626
11,3ddd3eba016fc11b07c8a9ecb3fcc2975bkru,0,0.388047897030789
11,f01d8d55568b1f54b6946a1b78a3983exkz5u,0,0.0025937774607954016
11,65d3cc1725c4506fe02be3e2b24435bbbd6qf,0,0.04675165819551029
11,45927dd51fb4301c459ab96d48f64752q0o9e,0,0.0005154858915424526
11,7ce12bb499c156ba4513becaa42aa8c143v75,0,0.010603390019913011
11,7f603f668968facebb0567015ad4c201kikrh,0,0.0012309462394032391
11,9ebd57da79b9286fd67a53e61528cf63a1w6c,0,0.00034164264927118637
11,3073d007a5b42b827cc770ecf4805278xvvzl,0,0.0016587978828997753
11,ff566c87f2babf3dcd67be286e1c6666cxzh1,0,0.0016850144031131736
11,56cfe8b0d574e1df3f823c2cf32226eff52uw,0,0.0023029697932212168
11,ec0c9e98cdf302274974ad212477f851iw35b,0,0.06948126514872781
11,1bbfbd968c065ff5dabeffe311bc3ddeezbof,0,0.19486045955932077
11,4703c8940eaa3f3bf5082ec2f155a8619i1yw,0,0.05275157807733847
11,5e8bf58291656ddd5fd2f71825565446aiopv,0,0.1519992211512779
11,9be87a4f123366660d7f6d40ffa493a8ffpsj,0,0.0054371502773201885
11,662b66b1227816c2f9017cadbc148381alne2,0,0.00217544095437134
11,84bd02dc56fb7c3402426ef7e8e166e2ptwo6,0,0.08588445859627326
11,42cce5c657dc7d99911d950cb22fcb4fmzz5e,0,0.0027277967011793583
11,8f6f7baf33fe2a5206ed3ca88446a99bmq453,0,0.10024724917508836
11,b1729d5905e896a8411f81bb65d66343ladls,0,0.000880243521477891
11,790c497536a2a9fe080c3b2ee6d5eeb9caiv8,0,0.0028233418562625106
11,8d8f705595701b921012777a281a553622300,0,0.0018957749392656466
11,be3bec53b42be118ef2a87fc40db7311k4as3,0,0.003252544181107226
11,06a58d4af0fe7ee15324b0e921e8de1260vef,0,0.3287708571219496
11,cb9a75312b809291306c6213ed5dc67dw31qz,0,0.07937705823943056
11,9aca61f505f40a3b4f7865c2d00e2418s0e1f,0,0.4778234438460016
11,d7340ee3c04e600c31fd2a34c760f7e7d26bn,0,0.0013161790282747933
11,d0b096df6b5ffd2efe8d5cfad4a24912zs3dd,0,0.0009080268344335824
11,b0164d9a18a3cdf6082e96f9708040690qcqf,0,0.10319944040626952
11,8720f071e045d4cec9d707c583a3d64avjyyy,0,0.01060076952804701
11,69b32dd82f265a04826106d17e2bac9ao9fu8,0,0.0018492497280341753
11,fb7c9b1dcc3b44dd69e42a84406117db4t4mn,0,0.0032465803278657183
11,cbc71ae3c3690c89485eda3f08b9bb51rqrxz,0,0.02080635867480475
11,6b85d622dec4fff284d55895eba9969dqlhu9,0,0.0017508404695725074
11,7c965df16147f68263573764dd257a7bxqmpt,0,0.00036927296959860206
11,060ac64ff78ae62e9bc697192cebea333760p,1,0.9025047470509334
11,1dead8a9cc54fdcf7a7c16dc6e06a3bbusgcu,0,0.002152080439253174
11,2d113999234e06201c0940286d405453wqjsw,0,0.006028504713381741
11,055eb52087e0080b8ebca74be4f823f5c819l,0,0.0729071187296903
11,aba1120a5b13cf72c1d52c0dac8aafc67nmoh,0,0.0005081333898410068
11,936d73a062928a362901f0e507d57b0a8rjs7,0,0.002966813496550453
11,9f101e80580cbff55a2307c028408a91nebzc,0,0.42815602201338304
11,cc78aba7eb8293a1d70f083bd747fa1450906,0,0.04675165819551029
11,61a4da78a5aa5bebcb3e9818a46771766gtq7,0,0.07671317860508578
11,6f7043cde57060a6766b551df5fa6fd9p3ojp,0,0.0012114462953470024
11,84a773b3c9d300834d9d57af5dc83091y54cx,0,0.0008585538057847176
11,af5d33f9724b0e8c1f875406c0556d1e6eotm,0,0.37691043607322017
11,52d8066e28f168e5bee769559ead307e1go7e,1,0.18689981728197702
11,a6ec153fc7002cfd929b9f7199914cf75upgt,1,0.2054187095816814
11,655b88e646b94d0adb9e15e9f3b9c9a4lvcrz,0,0.018231934808099596
11,03a1e81cb7bcd15014489a6f752c9d5b7pvel,0,0.015311673756893561
11,d2704c8bb6ebbf13e08f37131382b126wy4yc,1,0.10722901086361042
11,89c8eefbf6f83543ce0792d1e4b86057ti16q,0,0.0009771708659714808
11,916aedb8fd708e100318969dfe57a4639hexd,0,0.015412787374587032
11,84d75f71a61667cd327367453b4c0d2frury9,0,0.00038106883485446353
11,fa6b4da229eb64b4d44e7d5ee2b027f1j1whx,0,0.04675165819551029
11,d2fc5291537a61882065e571c21e796975uy0,0,0.001561639660951697
11,46ceb58fb7a57d86a26cfa154c940a8cuktu7,0,0.7370062546824849
11,0141844fc725a85e38e12cc02fcdbbe8ofqxv,0,0.0017775548089814172
11,c7ce5ac2fe5f03458fab59c78b19bf7c9wzf7,0,0.08144047280119276
11,39802378690e7d0c61d294f5898852b96hsfh,0,0.03153753820977736
11,0c57d8eaa2708b768416ca91dd8daa2cqbl31,0,0.0005121754659121807
11,361397432ed35185b5a2789867a859ec42v14,0,0.0002257198626637166
11,90eb8151eb82441b084d04893151619837abp,0,0.00045684743250652747
11,25b58d1533e04571bbc674dab28973f8hha3w,0,0.0017852174897444205
11,dc9a7ebdb6fb8dd3267ac26dbe5a62b68e4vw,0,0.005537530823431461
11,c72012c8072e2441b3ba8173205cd298cde8a,1,0.07017484080028623
11,d95c969eb09086bbad373dd8ee80cacbuagvf,0,0.1083338251617164
11,173991472d4ee18932f8514b9d4a9dba7rjqa,0,0.0011078980055418079
11,06b2d71c26ef3b6e29277f761cd0db90wuwjo,0,0.014764480316631513
11,eea590b4da2709c294e8db490f5997eadyc1e,0,0.003083447806378151
11,98eed7cbee9b1a1b526a635648e7cd2fhbt5w,0,0.30222289282959275
11,23af639c0bd57bfe9bcf3b16973d58b7666fe,0,0.0028138132909419867
11,8251041848182e6468c8119905a177dekmshg,0,0.056461649630413745
11,3e2e03a4464642627e223fba066182d1qslv5,0,0.0011441258015034875
11,d9b611dab3b5116f761747fd3166ecec80icg,1,0.3216815893210561
11,bdbcdf6a935f4d1781a2d33bcc4967130bdqy,0,0.6345430135405759
11,ef89b74b58c49c1a321d3d7ce061d151k51xm,0,0.8056902225276783
11,1ef47d501d4b36498b51e184b1027981xu89r,0,0.000807002718154681
11,a15766d8d3d231f862996eb3ec33559735a3d,0,0.0013582915393282682
11,7d8d3493942dc13742444f28626c5839axjqd,0,0.04243059509376715
11,a2b4df001b0e40a398f6d4ae9b316c0eix5bh,0,0.00041488558525640186
11,f7e3635c9a532fb9a60d6eda6eb7c7de3uqs2,0,0.004650094380616866
11,4d6580da346435dff2503c55ee5e0cf8wbkb3,0,0.9404014302962225
11,5720c8d7bc15b94037cd75ff9496a35evugeo,0,0.8863149752563143
11,2b5a7c969ae95b239583f09936560b85g574d,0,0.00036388278701994926
11,b7630ee9a73e7ba6f11f7717b7f03ed4be2hb,0,0.17862643901297406
11,e9b27622a64f2eb9dc7559d43bc45e31yci23,0,0.003307416013197493
11,c1624207d78346c3c58cd44f3d5472fcriae4,0,0.00360684235811826
11,1dec9ee102b29905e2f59a52fb7429826e8b4,0,0.06536554369289499
11,e6f73230e0fff1d9a6b1b8a6617002ea9owig,0,0.00044503431506207465
11,ca5730b8dad8f35fba24b68c9ca5d445mp87i,0,0.000998043198581736
11,a6214d8bf07127661f322afa7c8dae91ypizm,0,0.0028105759638538093
11,309f446bdb138faeb18072285ccd9901gz80c,0,0.771371531770544
11,2635d404f4943f3dbee24aa16a2953c723iwd,0,0.0021149159246155462
11,89291354b0939c342be97fa58e018bd89fvcf,0,0.0002756222693740747
11,613c7d60152ebf06e3a7dd326ba03261mnn8u,0,0.00350169314278799
11,497ef6187e03fd9d4387ac436461a40f982dq,0,0.0023987722141338465
11,c9a97c18992adb02e6c2e6a8f9cc1daa1di5k,0,0.001541090444021569
11,aee383561c0019dc01552bfa5263af8etbuc7,0,0.001590275252087778
11,08981037e7a6c9032716ff25b15c9de25p63s,0,0.9145839412389807
11,6182daa56cb0623719228c9e576b71fcpg8r8,0,0.1411712009864098
11,4af5e2532224f9f7d1d039704573d9205jbkv,0,0.9348030927526632
11,292dedb5371b8e0ebbeea57f14b35713e2ie2,0,0.0008585538057847176
11,2b19566f190ff3b8a85884e03c64fb56ir8a8,0,0.03153753820977736
11,c478f94c1323552e85aec6e1013ecba586320,0,0.8064053679327677
11,d3920630f4891b9ef1a8a199ce5c830aua4yi,0,0.15578580968383246
11,bcbd5c95680cab78cf904fb936dd03f86g19z,0,0.06536554369289499
11,44d34926c0863edb7575b819980e0e728pn5b,0,0.03153753820977736
11,b853c1e4d6a4657d35705772ca6cfdc3qtox5,0,0.03153753820977736
11,a48837ccd05bca96ddbf02c55ecccf639adk2,0,0.002122203876906515
11,b1e106943db37b1d002bcbe06b264b8bahuy0,0,0.0010478018102690041
11,c5120d10a23eb0c10d56a19fecbf9da85t4ow,0,0.0011742205838270246
11,6e178db6d17d21aa88aaca5bf15c2761lc500,0,0.12931596073305643
11,f4294bb3abb69fa3183e7e851b58b278k83z3,0,0.04675165819551029
11,d863897264a7e52d9c6a1be6dc453c6c9anz0,1,0.9352382699217759
11,67d6466d7f4a32d294196b8c16ee0b03kn9tf,0,0.04675165819551029
11,c1d14f4355b7d3ef80f02628e5ef1d56u2510,0,0.03153753820977736
11,86e698821a8aada613bfca1356d8cb7dopnv8,0,0.0009989665589010363
11,bf8de839c1a8b7994d19049667548e4ewchpm,0,0.015350899938986296
11,5ddf9ae899e629acf3e78141a9712a05a4feq,0,0.8507749047640203
11,d056594c1d7976b6ad4ba23e2b4cea19l2i0t,0,0.06811197278255106
11,2b429b9235bab2877cd93ac6d9fbc2d7tzwre,0,0.1714448110040586
11,3919be53bf4bd411ba25acfdc1362b49u4vle,0,0.03153753820977736
11,1e13eba969b6b953688c9e945544ac4741ilj,0,0.0005432278084206871
11,461c1d143120270fff5ebc1b91934951378ud,0,0.03153753820977736
11,ef1d71dde32e587e761a1b39d5b374c7gk68y,0,0.0034393211514403125
11,5324221d38a79636bc4560cbcf2d75c4gimrm,0,0.02120795849230438
11,977436b0a445fa555d537fbf1d4bff2e4z40h,0,0.005537530823431461
11,78c82f2e8764bc8001354128f9265efcqrthe,0,0.005888493071475636
11,daef74294e84ef6d7e009c2d51be6ee167xds,0,0.004730126309802851
11,4997f0d7074a1d9f8bedf5575b6a4372w7nro,0,0.00909848128129374
11,d43189c6eef7a763b2f8596228807dd89x9y9,0,0.002687587712339596
11,6a31ec9cbfe23a9398e80403859f0402cg4ql,0,0.0002764800067508457
11,a46025d61131de18474aa6f167e04bf08w9x6,0,0.11448396050479608
11,c58ffa073b3b3deb4e993ee5dd05347cmvfur,0,0.00034241265344591896
11,898419c2d011d5a822e9ee07c387098ezpc12,0,0.000807002718154681
11,59cad1329d42bda3d678bae082bee7edgvt7q,0,0.0016850144031131736
11,08c39ef7252995e0749f7927249b8dcb1d3xh,0,0.03153753820977736
11,9196288f121946095e5c402fd326109827t0a,0,0.7863081195130518
11,fb200accdd0411e96f1b0f6d6f6d4f52rgk01,0,0.0016443329168589064
11,e8f3ce0b2d0849968400b63b992cc606psoij,0,0.001688644813763887
11,fd5cef3fe1217c6591500c715d71717anczcq,0,0.0004894506885003819
11,2d73ed3974473a764859084d51334440k5q7s,0,0.006525221889059012
11,8a4fc219f01e1fe6d4328b0a47fc54905iv05,1,0.06092549781944518
11,9349befb45c4869b68e82a1944f4f01377cpz,0,0.06694402900970264
11,2cc1c5bf18c858fd9c74901d8d80ab70ak8e0,1,0.9241775149157263
11,bdeb5eed17a812d2c47176e30b8553ae2k06g,0,0.07833848422733702
11,8a958e0092f6ca984107ea6c3975f806c59m2,0,0.0009033213912518373
11,d6fd864297177c38cea65aed8a45fb7bbp2e3,0,0.6478481888897522
11,98e6dd2906ef1f7c13284a309f6b160cb2ujz,0,0.0022962021407621764
11,2f9a7b01fcce94499a59aebfac98fe1ezsk1y,0,0.0015100646499609921
11,05c9fe8f8852ea069a93dfe39fc0571er9mdt,0,0.011826053436446151
11,438e53670ffa2990cdef656700bb49bf684fz,0,0.0015985084935751781
11,57c4421263d37c2cd2573cd7245a7a80h0mjf,0,0.10188361270048621
11,4dd7f98cfffffd6f4707fd0deb4a00b5rj9wv,0,0.9658065328098264
11,02cfc97e8fded77671e71e1951723d5fwz6a4,0,0.0002184354303374252
11,c435ac9dcda855341e667d440c2ef7c6nd3mg,0,0.0673197507127874
11,ba0ca6f98ed66bdd1c4e86db2ce4011fdk6ii,0,0.0668273279730844
11,9df0031595e4105e4530ceee1a08faf319vvb,0,0.0020870161496123656
11,053cefb7e952bd81d7a6db267a121747te7lo,0,0.07833848422733702
11,58c2b44923882a8252963e78886adaefh7hnm,0,0.006932061963953456
11,ca5d4f0a3ea342fdc45c3325e5311049e2uis,0,0.040220066994451416
11,0d9f78a6084bf15f42210bfeba95621255c89,0,0.0016189781390047718
11,92f8392be617527734a2f18482815af9ak8l3,0,0.005216638521691971
11,e4433ef42008dcff761f12b9ade6fd31krdwv,0,0.0007784361220369633
11,e10ae48cce1e198f7283064cc8a2f836iy0z6,0,0.0021025483583907295
11,ba194af5111cfcf1dd95eb36160c728ds4kcy,0,0.0005112641823005133
11,afb7618f9e3fd071d4ebedf396e1d45drta96,0,0.0008396670433411951
11,1a05035da8ea9dead1030ccc993b5284n1on8,0,0.0973436096998417
11,a027780df5d0312919d41edfd4947f27odx7t,0,0.1730536876453596
11,624ae2fe9394700eae7a35806e4bafaeq9cty,0,0.0024066472880430105
11,2cbc26f228e0556f268e0dc1bd9ac0a5lzdfh,0,0.04916737044813355
11,6f6e3687f67272b103351641b678225abarzw,0,0.009139757450088255
11,8cab09b069755eca2b4e7fd6f6981d7d8n88o,0,0.0006592813870029307
11,ee45b2475e453e69ce712388959fe4acspmvk,0,0.0006214210107806664
11,ff92ea4abd33ed38601287f0e1d6726dmgx1f,0,0.16559816692489107
11,46a28eaed47c29b4fd148a50cde44840u0bsn,1,0.7704564459883203
11,7b22c9a323baf4a7bc7a3761e4a30bfajixmt,0,0.0033095846532884537
11,e578807073c57556ce334044382a9b98iaz6o,0,0.0478011257441299
11,d810a7956e4d9fbc246d585ce84e8ea0750b2,0,0.00022231571922995866
11,2366cd7cf3df530ef4fe40b36ffb936fyn3rh,0,0.0009291661030942785
11,c89d56c06803b8c6316a7c906604c64939yri,0,0.0011818696956222914
11,e0a9e4ffe2acd28599dacb91c98c34bc66vo3,0,0.002495678568056937
11,cf18f6766fadce944ee74796489c23acmqhpe,0,0.003994398764500469
11,b9fd0772481bf459179a3b4ab49171693im97,0,0.0010675635755481303
11,b17ce8bfbb565945ee9f289c2ddd8abbu1ndj,0,0.001260678087415794
11,a262e805f766306f4adb38211abf235akxqh8,0,0.005307001241786533
11,20f206d2656116bed8dd46d5b70dac81lbgfk,0,0.000989980779901909
11,96982cc1eefd6f526b512755151227c3h2w3l,0,0.010425111341573779
11,f219cbb3d454b32953619d5a4551f56dcg7gy,0,0.00008293976185030108
11,6d033ec559ea79a8ffb90d80e0b24e93j82av,0,0.09763385123809136
11,fb9b1e58ffba4b38175c11e03e51e1f48dnm1,0,0.000355277043043179
11,bf65e77ce8676fbab6fc78b70c50f05a8da8a,0,0.2915829916988812
11,d9576f0ba8c7479eb2b26f0d15c4abfayk5ex,0,0.0054371502773201885
11,721e69fd30e33488bf82b7e2f9c8cee28a9ea,0,0.0005279815799984344
11,ae37c0f4dc6e3d99f5b0243fd18294cak7pxy,0,0.5316961215963016
11,e8b82b8640ecdd154eebe6b36ec63f0bdwhc4,0,0.002015963962355892
11,0ae09b09369c76737cba059d192451001nwce,0,0.04266028900321891
11,aa1c013a1de168c611560ca2afe78111g8i6s,0,0.11802293090194257
11,ca9e2287e98a718e20a8ed117dfcd699gxsp8,0,0.0005598558107983806
11,4038ae3276c0b47f420a5d73687fb73bghgxf,0,0.049404181342870314
11,437c191e614776c1535305f602ea9033sdfmf,0,0.0009033213912518373
11,76ab7c99de4a3141bf617bf30bec9feep3zuy,0,0.0016850144031131736
11,d4db72f36e6ad1668dbc0bf4f0e1c49bn12a2,0,0.03153753820977736
11,52c441804b89bc20e4c8dd625bf163f27o2zb,0,0.2811134627410382
11,cf1f2b6f29840e1ecbb31d18fb128c38bseas,0,0.9614861893318537
11,069d020584a0e8c61e622321d4c43881j7pl3,0,0.0022092882774575693
11,e61c14d66cd5693d93cb0356d7f444ebinx9i,0,0.033285398349611396
11,cc064e3409a1825e3c4e5c814376f140qxu5l,0,0.0009536456162408145
11,1bb7a8c04e70386f5496322158e9fc3ef6d84,0,0.005332055141039194
11,7b31d9d8b5e749cdd2c300cbcbb5f875kjlsz,1,0.9746442136719315
11,8473148f069a890b7323fe8316861a71qoxv1,0,0.0005519532077433467
11,0030a2dd87ad2733e0873062e4f83954mkj86,0,0.30222289282959275
11,fae553f133602fba6e9e6051dfb27fefkruax,1,0.6753586275741408
11,6e8cd4699eedf0075cf5662e1fff3a857bycf,0,0.0007630658129610389
11,75339aea3f29d7d9a8d67ed3fe1c89c3owsq5,0,0.002578597127017138
11,e8bc0150097c1b2b8b8c374b69e0d3a6mxfcm,0,0.001561639660951697
11,0ea26a4028ffc16d9a8631d43e1b92105auao,0,0.10991871032020507
11,c8b23d6565e11d874e221f41440ffd25mrucd,0,0.0033990041961261346
11,24a9abf72cedcb421e831c1be26607e37zojy,0,0.00033733582559014494
11,825226b69f2a5a8337ca611b38223989aumow,0,0.0022206165381124395
11,e12177ff9c1a8413996f7b1a590980c82ofeo,1,0.8516229143914942
11,cd8f738dfa2ea0554baa3dfc4465cdb8izun1,0,0.0018824175768498732
11,f75a0f726d764514f612ee8cd8f65adegt02s,0,0.07656213526767801
11,fe27fe0815883aa3e1a312f0dcb45981txa2m,0,0.006819129618565742
11,3714da7069a5205137cacf89ab3a136ffx2u2,1,0.12185176074808547
11,7ffd9b7b795d9335153d481fba4b3076plrxc,0,0.0020843926460070313
11,7e8650379cbcb3ef8f7f6aefcd678067kzbdi,0,0.00027594181918293615
11,55d9cdc3af85efe87b2a6f22a2cea96ezy2ax,0,0.0008330130501403655
11,317d3e44b2bcfdd7293b84f82f44b8e31hx1r,0,0.0001956124566683181
11,fdf908d608a629d5ebde14819231878dojel8,0,0.00033977627798985994
11,d144312f2f68dc33a63b7863911b2aa459i99,0,0.004661563238746448
11,1456b44d8b2b16cd94278137269ceb11ns7wy,0,0.0010675635755481303
11,81392b54fee8e50ec74efb27cf0de8e32fdm5,0,0.00217544095437134
11,65435e491aa69dd9d44d70a9aeb6e847oqlty,0,0.0014680169694972502
11,110d2e689da119388dcb6e235749b787ni298,0,0.0030371614514735157
11,dbdb69d0032b0a251469107dd565b6c7irr4a,0,0.001180698286715086
11,e5bde35da4abebe4fdb37a3c65124a57ff4vo,0,0.000855876160254964
11,91b8febfd1f556c06838992814e7653cr119e,0,0.00354681551811408
11,069d251f2fc19102924468ab38349d5eou7ab,0,0.0015305615136909983
11,d588f4c51e67a340d1991a8130ee0b56hy0r0,0,0.0005765427720809908
11,f3d3c913b225bc6cdb98c60f0936f7cbj8k3a,0,0.0007849988776258109
11,53856dce9187b16f2cf5e4e58f5d0397h7tz6,0,0.03703887324632064
11,c843f90bae7231af13dd0e064a469704drz2x,0,0.0074629573241641
11,13812c0d2c8c474bd62481d932407687o26kg,0,0.022164744289720886
11,283987b9f1ffd4514757483ee1f01351xd678,0,0.12078639958618476
11,3dbb502d9d6f89b26f62cc804df54dcandhp0,0,0.05221256198896526
11,baf1aa59ebedbacea2ca418c5aa83888imys2,0,0.00217544095437134
11,da00b16633eb706fb11d55868120cdd9so58j,0,0.19775830856010634
11,eef111bfb93c213c174947c69b2f2b38cr2pw,0,0.011861096097703715
11,c910efe1f135b08acc32b2db162362033olvv,0,0.0014606361691533083
11,d381ce07afba12851a815cdf8858c1c7g2pfh,0,0.05302431916387643
11,bbd1d48ef4e8e7e3855938755275ad2b2le9g,0,0.0015831580743214965
11,34e965deb822f329ecad42b94e8ba0ba3dpt0,0,0.04120246523522682
11,dfa7ead5ef84eebc79c67d3daac340b0exa41,0,0.001180698286715086
11,8fd35d215ab6530c2ef096c87233cbc93juwy,0,0.0006932354211027415
11,67a1b129ca241c51d0abb5484f8eb3fct8o5c,1,0.7261182629889814
11,7114afc59caf2cbaf6ec1733922065f3uz34p,0,0.0013498647754839944
11,949689cced5d86578e6c8b664ea76d6aq6zxg,0,0.03153753820977736
11,eace2a2890644d703c619fff7e41a9a16k7lf,0,0.0015445146772202361
11,90bb553b65144cafddc3f3d4a7783667a06ga,0,0.0001956124566683181
11,c128bfe7aba668d71126d51b32428c01tkq99,0,0.535109381662061
11,698da938f6fc36305616aa6f8affd53fobj5y,0,0.005547551579059203
11,2f9ea407ba48ae05f98fdf634995d936xefau,0,0.23213004444935303
11,cad151bdf2e29b764dfd3acac022e5dcy8n83,0,0.002577307728593367
11,a639448bde9a72923b70917e82594fc66sa2f,0,0.012194245022383664
11,83dbbc6c5c7ed95048ffa9427d807692339oi,0,0.4407683563643593
11,5cdd665a22747394620c17b7753947b0xgzhw,0,0.037297776448737816
11,ad590c59c30187b772258a059d532db42tf4d,0,0.12539132555270216
11,e588d3f7a141147e4f8dba29377144707vupo,0,0.0018187154507816896
11,9dc039dc57fd67bd9e7157f4f697ae7eloov1,0,0.48827936476597505
11,7ba17b1eb362ef91a99a6f021b3f2b63uyo76,0,0.06536554369289499
11,c36fad0b52a6be6ec32cc5530c0a2aednea6k,0,0.22676231234795483
11,f416aeaaafcbb66aabb77347776db008qw96o,0,0.176762280672109
11,22e65b6bf73fab510ee814cbaeb9ebc1252mu,0,0.1308497244844293
11,177b031b4a77f28ff167b427ca967b52jetgo,0,0.03703887324632064
11,f29896e71c8077db28617a03c0f14e7570emg,0,0.0009085543932577015
11,75613637a85df9328b743d33b0efbf1586qow,0,0.001336243137416662
11,01f498a0992d280de63ec346692efb2blckg2,0,0.8056902225276783
11,28763f241cf0483ca1dd3aa1bbcbfc37xntso,0,0.03153753820977736
11,14c69cd7fbc8300876f287520c493fc8xe2o6,0,0.004654799578271822
11,e49dfe2adbc4b3789f67bc044c231473clc4d,0,0.0040446484414499665
11,7bb58b7875a093cbe7c5d487a825b730mjcw8,1,0.9734699771203057
11,4089a2b7f26e5c13a7f3350bd52ebf8fh21nm,0,0.34964562617167894
11,b4210edd4ec9bf872c7108fdb3c6aae9cjwz7,0,0.006010955531802849
11,771f6754997a1954eced81d46348b4762k475,0,0.6671927970951552
11,65f52b46edfc7fa64b9e74557a78e52c1it54,0,0.0015798175516630395
11,b1c9bacacf1f33a8fe48d1a4ae4c761bcltiv,0,0.018537109372501526
11,2a73f10b3b8f2b825e220ba0a1d2c49f9nikz,0,0.00027999532086412347
11,f473c995ca7b5287f9b2f079f0d78a1e92226,0,0.5382003857284912
11,8c339df2050a428c04a1c2bcbfe4a143loj8l,0,0.08639500378456218
11,b3dc6151c6813688d0423dbab13d3f19crw2w,0,0.0004516256880104011
11,537f38e5fcf2656968e0a1752dd494ba8z1jc,0,0.0013700184490018628
11,786cb68d5d2012dedaf70257449090f2hfb88,0,0.0011911993256649204
11,d154075c75cbb3f4b716a16c88eedd774i8s0,0,0.011518740598622387
11,fdd6944b3c3caaa7d1234ecfc11f8d080h90x,0,0.0015690651291325488
11,222d3e39d4a292d79aeef4c04e52aaf24mgkb,0,0.012669910467469176
11,b9cb81e5855add059728cf932f0624fefbi2t,0,0.03153753820977736
11,5db8eed67a7b648d1f2173b665b79de2vwdlu,0,0.04266028900321891
11,5640f30464bb5a7bc6e98fd2873fc25dh78hp,0,0.28567129600859914
11,6c11cc7744fb52a632306ca8bf966cd1e4zxx,1,0.871736691132637
11,b08034d2d4fa400b457d4a59a2482e8enfhqw,0,0.0011783344113573862
11,0181b91f58e6cbaa832235e2879c9c00ovrzi,0,0.001928205740376734
11,03e884d3e7e3356608187d2345e4693fyt29x,0,0.0006494413440472775
11,363ba0a2afea1b074fc1ed270c86050byprz1,0,0.0009586509250032045
11,3fe1dacbdaf96fab0c213e218968c518twu76,0,0.011691852117246198
11,1dfb637157cc0e590e50d724cd4cad6d4cacw,0,0.0012557430794898987
11,53e2d855e008a5c2f79b4b848d467b86nofo3,0,0.04675165819551029
11,efa1611e96c3238913333b8525c6a196rvy38,0,0.0014074343764528601
11,aaa686462ebb950550fc1c6136ffb273vkrc5,1,0.003204920072172356
11,b7e0afcd391a22444eaa566aa527eec0x2yv3,0,0.0006101425972683512
11,65d8228c6c1e5b6042f397afed8a5c7cbo6x3,0,0.39327366623744126
12,624f258b49e77713fc34034560f93fb3hu3jo,0,0.0014056099676452226
12,4ab12bc61c82ddd9c2d65e60555808acqgos1,0,0.22211786642952674
12,25558d24bca82beef0f9db4ba1fe2045ynnvq,0,0.00277797594270913
12,0a6ba32afe4756995db2f5cf2461cddbvj445,0,0.002699099510635728
12,585e7c21b80baf2225224fe140cdb1a73ddrf,0,0.03398514844185736
12,25d75fd439571c1d9b946f5ec833786063vom,0,0.0030899144787946446
12,067ff22ebf0d33fe0deedc816d75973865jo7,0,0.14374059184781074
12,11a38554244f3c14de043aaf52345c35jjqvo,0,0.7679305512532351
12,d878560888b11447e73324a6e263fbd5iydo1,0,0.008912731148100058
12,eaaae0fb54c7d36724a9679c3128d5a7gn4k5,0,0.1620429698067458
12,322addd5687d99bf69306148e12f87dc5jbsh,0,0.01370202774729967
12,2a7d1f9483d34546c4d099e36e3a79790qvjm,0,0.041075521187770296
12,342f22fed8b1e90c6ff1a6b7bd80f6334w094,0,0.0036544272639672647
12,c0e1ecd40b81bda3b7dcec501334499dgzq17,0,0.013755082263385511
12,5f50c6187a179e2ee7ba2fbcfc845c7a1smgr,0,0.0019135666805577384
12,68d468e15e0de0bab9694cdca8e799eb2j8kn,1,0.9898026285110743
12,f60edfe5177cab56896a9d6860995095cl1bb,0,0.0008331373509798378
12,481fdbc92e77bba4c9611841a7d74071elwx6,0,0.002982550534803251
12,792edafa0603516a57932e6103e9dd54ajar7,0,0.012034495394860071
12,fb92fc925c5df50f4da7874a7542cf2210z1f,0,0.06347334623649194
12,927c5e145de79f9ee2ada0ddc054b4e9hc3qj,0,0.014748577515316141
12,bcf95b210295831ff6e20db3a570f909n3q25,0,0.4778170431281148
12,2307bb06855a6fe75ab56ee6b4a3860835di5,0,0.012034495394860071
12,f769b9f92260ecf046efd05bf9ab6822j7c02,0,0.0007259837542490976
12,da6e2a5651b4f44fa3cff41cf9731ff8qc8fl,0,0.012874199553176351
12,0cca10034c58287ee6fbec14a3f96c3546sdh,0,0.007376967415461138
12,827da66b68b225547050c11df16f845618ptk,0,0.0005110464876859112
12,21580623ea81c5b0b82aaf74890218e5mio2z,0,0.12101533409462277
12,d0231e5200b870c055db7e3daae24bc8lt7at,0,0.0018550617906447147
12,bff9a98b73f2b9a01300d3fd3d55b16b1190o,0,0.0010975991286710448
12,6086425310e05e77a53317490e8c1f3cxzf2r,0,0.16560395411201248
12,d65efaa8129a85f85bf909e5abde8c3628gfv,0,0.2959990464285082
12,5960fc711b544e2617d0f76360b69e2afds2b,0,0.002551408528343972
12,d5f997729fd5a0aa13307e027804de515jziv,0,0.08713988313934713
12,5b25a86acea5ff395bbd62399bb5cc9bb7h6i,0,0.009373307409265988
12,ca76df527977e5168e1b3352cfab2ed9htipb,0,0.008116353901318549
12,22fb740f267ac617118261b2fd3365batisfg,0,0.003163894717116613
12,7264bde42ef4fe3fa19cc7c6d64696cf7pqtd,0,0.005730706282444772
12,3d9910a238a0f282ad3132dd6fc981c8tv3tg,1,0.05144247294683113
12,dd661e2d6e79a5b3e66c82373d50f3ee86k85,0,0.0019135666805577384
12,db83d746ba8e0c388805fa3fcb235743vfqmw,0,0.21133989066133393
12,01c5692d487454cdbe731df330bef608f48zz,0,0.013449542341805223
12,3be127c56b2de21dfcf2836f20afe249hqkxy,0,0.029924346753179645
12,1053ead33eb1a5db7c36c979a455348abh9ns,0,0.0004690070918478762
12,1af4685cda2979a608c4b6ad83473774qgicn,1,0.6156451625972456
12,e909515a6ae94a86027c717c4085954akbpt2,0,0.024682574356944053
12,1880a778c9dd0cb15ca1f052308a8e04g7e35,0,0.004105647800835984
12,8ec8add138ed551bd5a9175eae0cb972ie0pk,0,0.01753242821876526
12,6a87cc9dacae884e817de2ee08452e76dx9mn,0,0.03087460854016961
12,e0413f338c43c9d55ba53612d2068f65t4gs6,0,0.003558095814584723
12,f0c356e136831c41884b0732ae3198e0gcy8w,0,0.0020361860118160878
12,c76f30b8330b6d14fb872b30fcfd9d57phbsf,0,0.009317103503770277
12,2736ee274114e9440463bde9fbffacaa5xky5,0,0.01963057087567168
12,666e1e141862a646afaa2b71fc7d2c25r1b4h,0,0.0012956667752233421
12,e3ea1d5464543a1ef3a9b60394fc4ab6i1jk3,0,0.0032877032934012676
12,eebfd257525e52b67969ae9d8760afff12j3d,0,0.0032000619775883086
12,3d8cccb637b990ec64d662d66ec059cfn1p3p,0,0.0024475514840146153
12,28c9a5ea8aae9fb4f6a755f94cd922361v9ow,0,0.1122705166471023
12,c8d972b803b46212369cf1b480328dcehb9jl,0,0.0022796350309837385
12,1291b98e40353f77928e363d54a13c569bhfb,0,0.013515636212967383
12,481db1a88023d22b3533044bff5239dbf3cda,0,0.011410777475587788
12,175a06fdcf622c9455d0a77990b9302dj23ke,0,0.08985000977916824
12,518e9fb1055de6532ed2df6d03fb78feus5s0,0,0.02010318508806708
12,28aa6c505e308e49e586e25e1897ed2axjiy0,0,0.0012467514498261266
12,e8e4603ed284adbd252a7a601f9bffe09oq6f,0,0.010700085939577473
12,17c87408ee1009887112745797caeb7fwvqfc,0,0.0017739162148526096
12,179a23cad40c51dd7804069bf769d11e1ftk9,0,0.056035064716915224
12,585b938fd44968d0d59fcac453cfb3b8p8nti,0,0.07279256477087341
12,f535b28ad58c83d35ba87fcd46624148zbh6l,0,0.005363618509900252
12,cf456f3c8c409ec4060142acfdabb5bbqpx7q,0,0.016174724953656055
12,40e00fd204d0ce97110032bfc47f423d0bgrd,1,0.7057538690297792
12,db88530db963dab43118aef5aba127ec29abp,0,0.02519081202336286
12,47c5cd21a74e45dd294cdd53041ec0a3dw3ge,0,0.5582100790058191
12,1680f758aecded6e25096b3a6199b38en6n73,0,0.007264189106056658
12,055282b75717345ba6f53d40e9e6d6c56qrzp,0,0.028265917810481735
12,d9177cca9a1bfe3478cc4f11a0d57de2p8ahp,0,0.01963057087567168
12,187636e527504df29bf42d4a2b7767e54bgv7,0,0.0019135666805577384
12,7b5bd948eb1d8075be58ec9240927bb59ugz3,0,0.00168587594694573
12,570910327f5584ea1ccba92634d89832lo1zc,0,0.01963057087567168
12,a0660fe8a46b9cb6b02e7b0c50eef6a905vt6,1,0.27475094906037023
12,5bbc8f66464ec2d962b0360d1d74bf67imj47,0,0.0013900074411226006
12,9ca41c3c062146a06d2682835f5136807yao2,0,0.0007797785572152743
12,7f4e84da8ed11f4ea3a2d276f49949b7o31us,0,0.001233891820429541
12,2d82c3dc726d2bfa19c5f16ec3de5023lbse1,0,0.036285409101407484
12,d65c538ae39fc1a7e0677583bba5fdc6ax1et,0,0.1945050041218216
12,e5f43783127506211df8c6290c2ecadbyr779,0,0.016163849340597742
12,cba6f45915ebbd4b5404c6d357153c0adeblt,0,0.03198511880796402
12,5c725e840bcc103bb8d12c54ba9a0b37blxvw,0,0.0009634891238819697
12,f18d2ebbd5e48ef4f1ee412339d6ed7adr9qi,0,0.0036173986129320198
12,7eb6a5ffc5e8471efad7cdc8927daf677qcf8,0,0.06262379404844155
12,65659f3fbf6207c570c4bb8ac64772e9umh95,0,0.012034495394860071
12,c4b598fcb343bdd2cf826fc7541500e40xtte,0,0.013755082263385511
12,7029915a2c5aa5d964acfd85c30c3950b4opr,0,0.010172152680840537
12,eefb0b863345336dce70312ff0f8faeb9qksv,0,0.00207212133068403
12,88e24a019c32a60f2ff315a9d217ec33q144x,0,0.005102835725763197
12,e24542c1bd46a4a0f98b0fa95d8fc40brecdx,1,0.12833474299586642
12,30ef7862d69b3440ebf2726ee85a0b8397ta7,0,0.000390120454044477
12,f8d0d52114da74d98800dc7553008705dth38,0,0.015839246496925644
12,5b45b150b6b683a98b5bc19c4214f44cvzru7,0,0.0015600830612736828
12,01255c2c7c5578c186873422fc00fd7afwk8k,0,0.002798751907442704
12,37921a9d842612b3b0281f7098d0002539xrj,0,0.00115241844872183
12,18eb8d55c84019b9196c5ca7e072b287bv68e,0,0.0021507247148334825
12,a4c40fd7a4c1040283fb2b84611eaad240849,0,0.19600112335481612
12,fb6814db96bbaf61f42270a85f0f62adunxft,0,0.0011009760520228067
12,eacfdb47b3daccebd9f16779c5542fe5eytoc,0,0.0009490939736668322
12,64885ec89a54c64598b2d196e1fe2e351cd60,0,0.001360263066255184
12,cafa845bd657b17eaa82940d4767d9dfe9uxg,0,0.012874199553176351
12,392d936106b75256632c9dc83c4f1a169bke9,0,0.0033512985289849808
12,2a4654987b59646a120ac74301339afc4eylt,0,0.01963057087567168
12,a6e261c09ae8aa7d0a47ffeb0110aa519jowa,0,0.2783577372715476
12,14f226ef57ed64d8e14c8b5ae929143cgq3em,0,0.026411259376000473
12,a99f91d51e8d9f5786dfa52e24292dfebi55j,0,0.0007448982632401467
12,c9fbbfcc89730e961499b4b30ffc4a98umxko,0,0.0006542673415508508
12,679d60378d42ca9d3b8a28073fe14fc7bv4jh,0,0.07550009515246629
12,29b8af2fea3881ef61911612372dac41vczqv,0,0.013981392855572839
12,c1434e440370882ecf00ac52140f7adbuy1e9,0,0.0021745871046631097
12,8bf04b0a219c7834b25057c0220b4d0dhwdsg,0,0.000562213342189728
12,0e8212e286ee36da8945c2480e366417xa22x,0,0.004548376583569368
12,b725a638efd8d51f66ae2f22ce1df678p9es7,0,0.1378041800536753
12,01067975436d123f717ee5aba0dd4bbfa0937,0,0.02449925491244484
12,1ac788675f70655e71a013892d701e901kj13,0,0.001730232445708202
12,37ca0d0ded383d709676a4f9729ef39cpjfh4,0,0.0006151101064610364
12,1b268ea4fe034638a92d683b94bcb330vee4w,0,0.0008246689487696078
12,9e9270c06937bfa13f5b29e737c3438fcocyn,0,0.0011449499780523393
12,163097c029285c7eefa2d60e474d65b4ap2l0,0,0.0065385068951063765
12,44be920e88377290bb204795f05a20369jp06,0,0.0007339687528842713
12,f35082c6d72f1f1be3dd23f949db1f577t6wd,1,0.014748577515316141
12,b77312a06d10e22e3caca85fc7fe0342b2adf,0,0.012034495394860071
12,2eaf4eef52d5b17615d08bf77386fa42yotej,0,0.008165416851669292
12,80bf6ab93fbb8316efd5c0b42d4b46c83qrdn,0,0.024487459072554143
12,4d0d345f552877998f41ba3cd1ba299885vu5,0,0.0019135666805577384
12,5aae3111e4fab04fa5067c740329a38d11361,0,0.0010832957342565743
12,6713e820273f591bdff7d26a48ee30c5k4iii,0,0.0191008793455807
12,b7e16fd4fd9ff04b7d741b70730b7b6b1aw84,0,0.012598230499066077
12,80130530788e55de6e9fd515271859d1kgfsd,0,0.017168167189020343
12,cdf76f38b6f46a3bd396a99123d26909xq5c3,0,0.01729166329680839
12,46c0ae10d60c4fde2b6301bbafecd7b8dcla1,0,0.0253084773248236
12,38125387ec30412c438280af8931254dmvfgb,0,0.0011300116520527525
12,4bddcd4957ff826dfd3b3efe6eb96be9aw5tz,0,0.04252725683184399
12,fba0c76970a464cfa9c043c906442f0eg53a2,0,0.012034495394860071
12,f8c42ccd10c3fe515e53082f0cde9a18oxgws,0,0.248523260232639
12,284cd72e028fe176f935114521ee998c5jsko,0,0.0004837342392712366
12,d8ada60e3b7204a104bba8c073136bb40772o,0,0.0005496402048782285
12,e2bda091a91082b774d59f2c5b8480ebbijs5,0,0.0005364181319416397
12,4761b2fdb4ce610d1d8dd9ea50f478cf7et0f,0,0.0006915693768121377
12,18b5e850a1c10e681cb5fae0704a699018x6f,0,0.01963057087567168
12,c8e474ba549fe924bff9d3f585a9943cg9aju,0,0.0070443341955613685
12,403640a20dbd2c4bf554e558de137deckn70o,0,0.005430273681276586
12,02030ec48b7179a7fd9950fdf546e3feekkye,0,0.003956906091931339
12,1dfa6e724441ca3c913b3d40967c17b2p9xr7,0,0.0011654363227626857
12,f27321571b5b6184e86acb6203c766f2bsfxg,0,0.007262502971326346
12,49c3957287d24e69713e4355933b74baoijix,0,0.0019015256194365928
12,59fe751fb6c277016b7ebe3609aa1b15vhg7w,0,0.0019135666805577384
12,0ef9be4eb3b6a03ac2945522964b242ap09cy,0,0.0011496634839144684
12,359444416c25e6e90ddb2e3d3d0bc23dufn9s,0,0.01963057087567168
12,f0567f6d45c0f83b9874681fe8dfe0ba6hjlf,0,0.020849190976551635
12,a4734769962126673e975a627e930b5fgc79n,0,0.0028589535439371796
12,ed5fc53d096bcf1b86c30128040e775334ut0,0,0.06204717755105501
12,efdf59a8ca81c5d3744f9121ac8fd2c7coy3g,0,0.0007901501636773728
12,14b2d98230228eab6a6db3efc41660d7kp23s,0,0.0016674460997007869
12,b79560ebfed7c8cbcfb97475812e0836twsnm,0,0.0007160385232006566
12,5920a92dc2b65e257061017a04eb5361tpa9b,1,0.6053491023097002
12,c89ad997f646e388fe375d7fe33a3727dzrh0,0,0.07404117719392908
12,d13cd9e0a7b95c0a35f3456014865230qku5q,0,0.001775794731899496
12,1e3642857c10e72cedaf7890e3c07bfa8ibzv,0,0.0019135666805577384
12,45fe4f0fb849e7195a1efd5495d1285f2culj,0,0.0013362537013750433
12,414af5edf09c473bde75644b76a68e7feesrw,0,0.04042568451938344
12,14bcf558addd6e6f2818ab2bda7dc679jqoon,0,0.004617897668066565
12,7622d7085237d6b73d08e9d70ed11fe3u8mwm,0,0.003080368812386592
12,8cc03b92898255ce4b096454645599ae5zoc0,0,0.0008766853850420136
12,69e97e52dd6428671f46f2ab6567172d8mfar,0,0.015747887593946776
12,5d5816d216122786933fb74c459f35fc0vnac,0,0.0018511624798447691
12,8ebc5b544d62622e45e1ee22a56265e0xwwsb,0,0.000801353803895927
12,63e3851eb5e1ee98df1065b333f6cb81mlby6,0,0.018621756568434525
12,de3bbaaa3bbc1fd1f751d23a972916d80q8e6,0,0.026716297196709326
12,8af01eeb860c2e6b1512377f28953110ml638,0,0.016299018561734525
12,60849c6d966f178808d94543173cb93dog4gt,0,0.0005510328077538216
12,b416bf88dedd6ccdbc3a2146524500258qdzz,0,0.006630707473969703
12,3df41510a5044de5438015f37dfa3443bt7pp,0,0.0100627970877429
12,85499f83c5f1674c87d0fe77838c4da793u8y,0,0.023085390850047578
12,bfc7a0819397d910db7c24eaba1ed4c68dwiq,0,0.000437833266667673
12,693085cbb28f505f03b025dac8681a3bvfot8,0,0.3186379751881052
12,67616fd2a1de5c46e32041354efa88ceahbhq,0,0.17051549581999906
12,54379b25f1f35d9df78da9cd774cef74u5wt9,0,0.047609237986149966
12,8215dac41ad35a074c93bfcfbc0f908chlo5n,0,0.0006471091499458462
12,a2bb8b3e3ae4566203eb5b3021b4d594pohf7,0,0.0037177092944374497
12,a6414c637c6f1275e2c62c48fb238c5d5aw03,0,0.005412474593265018
12,eec2ea9d9b292a343f8ee566ba252baapagwb,0,0.015519579686297944
12,d26cca81c93b52ae3564aa6cdf33f5d5mkliw,0,0.0008305742783192864
12,8e05310a342aec93aaec69a638e83a96aqyo7,1,0.2525959913820679
12,70c31e8b3476b953648fd4f8775c1950m1uz4,0,0.0011402538836902056
12,3550d62e04bd3a1239eedbc29d9c970279b1v,0,0.0036051316854193486
12,ab0b0de534bad49af05faa626b88389cmjj8e,0,0.11147900923109115
12,74ae4f7b1692dc42622696303d9d4d763vksg,0,0.0007702227592547854
12,9d1506d6779356dda24ed87d41f3be39yn1rc,0,0.0013973963455610554
12,c963c2dcbeeb0b7051bd3a6a87483ce6i98xx,0,0.0043547375682000755
12,24108e769a15b155bd2d63c58368ae5946zhs,0,0.00244192978613229
12,e2165ff862178c7b2946f7f62f5a3e51wcvaw,0,0.012874199553176351
12,c62a6956e93ac3b56b1292f2c2d85b1fyekav,0,0.0019135666805577384
12,5a823474f9fdaa129dea9fa690d51b62rgm7q,0,0.01950492862545187
12,37702159c6cd2c1a21cf66600e96cdc6rdbff,0,0.012034495394860071
12,f3ad2931359bca59c36ce55ba82f9af8enbi8,0,0.0005035243506914201
12,e22850afda081aba360cc18e2a9021caqjjov,0,0.003490320228296374
12,a71f9ab1d130394882cbdab3c886f1b0fm6hu,0,0.0015861918888233936
12,98ad4163bb0b1abf72f165056d4bf1a1g8ekg,0,0.0015841946864789563
12,764234598477e02cbf8a43983fd43850l1c8f,0,0.0010907032476760194
12,3a32eb1c6dcc818e0df4953e978f2e89ljhnf,0,0.0007664898605875697
12,c08ae3075278ed0d139f00ead52ac2b0oy8nw,0,0.00045953777174542
12,f9753e9fd6e25e0a1ae176ab95c31146iaqnv,0,0.0020681012572318844
12,464506515f2ae684bd510b3a50b9121ec7v3a,0,0.05058385774258383
12,171fbac128e6dcb51d0f07cf7ed8bd3er891e,0,0.893776002983793
12,a7c910e7c7796d979aa9a7a31d74a8eaqsapx,0,0.014342186507304965
12,6679d668a393f336ba9d1cb6a154e03aifmkr,0,0.0008849266350437725
12,58f590a56f480589646d255d570b0877zcjw1,0,0.0032537978293054573
12,a8c2410eb81513da23261a49135e4eeacw6dw,0,0.02519081202336286
12,4d1542974bc322859d3d099b8c5193felot1k,0,0.7458168083087685
12,465c4f2ad08cc1e5f7a5e1e3ac75654ealh0g,0,0.0031571996771626726
12,1395ca662a02245233af951cc7ad8313vk6w0,0,0.004574056873511245
12,af14436f293c40a9904d9f06a323215bf7zdr,0,0.005081613744119054
12,b9c59dcf41cd0a7ba779154872019cabmohkm,0,0.0007491731965412645
12,6429ef4aebc7d1f4027b31a6e900d165nqvyz,0,0.0014384478245110497
12,bea63152ca4d99f549999ca57b93d015z9kyh,0,0.005634780845385372
12,86a626c876e7eb4be35f4f0b0a78f97a1rn7h,0,0.0016231598427857443
12,8e0462410d727b34290fec10fd5661761yc8u,0,0.0014691007053220968
12,e21b238213c361523d276d67f37c05e3qot5q,0,0.0034255141955382784
12,424aed9d807cfe0b2167cfdaa4957fc0heell,0,0.0114239182294023
12,ab3e02a6b47b250b738fdb010dc84cd7lrr07,0,0.001948197505479181
12,81c9c749b2c9f97215f3ddaf8b5a5fe1k757u,0,0.002695174240983452
12,9fbfbd8a57e4d4b18338063ffa43f1bez92lt,0,0.005115373780889156
12,a06311ea45de34bf667b79a92d13c764i6aiy,0,0.09273203068860877
12,d3e1891edac2851f6d34de566802cac8m8dn0,0,0.0024105006870451433
12,9f280cd011f10593dc245dad1d93b11dy6rg5,0,0.0006955385364178821
12,9a5fb8e2e5add29b006d789e4cfd1513paga5,0,0.012034495394860071
12,86a34cdbb975c141eea1854b10dbf1c8seom3,0,0.043387973952691596
12,1d69e006699adba0c79ab06f2f622445nuu63,0,0.0008454632346791736
12,47183c1427a3cee97ff9bd167844e65d9dzi2,0,0.031773638089320204
12,8f086b809805064f3c4a5dd48327c0f51yplz,1,0.16994053841212547
12,6362c8d61774cfcb6ada7cea1be63678hxkfz,1,0.857735459691896
12,03aafab9868455b78f0723eda86698ba9v9rm,0,0.5340270604614225
12,7a3378ad9999b1fde0a4562a9b036f038cdal,0,0.0019135666805577384
12,ae0dc05e48d0f1e3ad33f37b4400bd069jktv,0,0.019031348067611243
12,c749a25f3a07304b959065d83bbfc5f75u1my,0,0.006406101379775524
12,942af1514033a612b203ec58f7894c9fv899u,0,0.02874797621216688
12,5bd35d55d367d7a21d98bf6a19fc0dc1e5j9p,0,0.0009719712818185379
12,a0d080012ab98513e39234e4545e93be17tt5,0,0.0007018171986603938
12,2540f8192e425f9fb921db30ac1bfcbas4p6g,0,0.024210022152251133
12,4b32495335dd238db6285f7c6bbe051fv1qoe,0,0.027890223055131266
12,43295f805d813e816fee438d9a394bc4o4of1,0,0.0007475012895326322
12,bf6f2ca50a3a6a3113681e754307aa4ehnd5j,0,0.0028878480876904566
12,3272e16da807a75a987e26b09bb2147by1mxe,1,0.9070767416485576
12,bb73823b1c3f577402c9aa9eabd1e412vp2xw,0,0.3728317545040216
12,a71f84e476d03bd0b25d45e44eeed9a8efehw,0,0.12183583696711053
12,d428139761f7b7563d57bb1f87b55876388j9,0,0.0030594494926668016
12,ffc4e2dd2cc08249f299cab46ecbfacfobmr3,0,0.0008972252024553759
12,65996114740a63c9e0fde74bfb6725b1k9nuz,0,0.0004574960310068897
12,142a2545c5c01937b05ac6de9773f9efgx0eb,0,0.016492826025979422
12,0d1815382b08885d76c671ab600133adeyp5e,0,0.39948107293761537
12,dbbf9d9b1d7fa110208f77a681008077plqng,0,0.0005048385165587411
12,7a9519ae09e328b09d18473f96ef075fzrs1v,0,0.005617824372491737
12,12df4a9cf4eb203909e6763960b79238cb0yg,0,0.004239945447248177
12,7639039411fbcc6cf1013b247b2622a72g0r9,0,0.004286548723923337
12,67fd1325fbe3cd75a110cc80b9df9708l0w52,0,0.023177821530354456
12,b86050461e88566061c796dbccb1f7e5at242,0,0.0019357045027303698
12,486dc9de91d243625863313adc03aa6bv4s1e,0,0.0011231383437704493
12,bd85d0d7fbbfab49136c241bdbe119dbgkuna,0,0.0016788576679155648
12,4e22432d4a059b14d1d6a68a1feaa953k8vrb,0,0.000615498955376226
12,25f1a9c0c83eefedfc2c1589e763c2a3is1qy,0,0.000836887416599216
12,68d0de6b2b019e4f93fe89ef3c9d3e21zajj9,0,0.03342978349909592
12,59d96b423ea3ed56611686300b681f3defm4n,0,0.007251463011875862
12,32dd072b16a69411ba3f67992ecc3e2144j5g,0,0.014748577515316141
12,38d9e2e83f25229bd75bfcdc39d776baz5zu2,0,0.0601415323368767
12,e833712b1e29ffe74517e2dadcb4f2d1pt5t3,0,0.05944841234369416
12,48badabcce6015d257ff5809761486c8qgjul,0,0.00870538674441344
12,e76154d73bb7d7b86d9bd48d167d3c679z0va,0,0.3712169879881887
12,1680b6a12fdc8c64645c00ae8048f99c6uzoz,0,0.0017599430241287618
12,c4709885ecca7b90dea4beb5dabd68aegk2pz,0,0.11486129485890474
12,0547dbd3ecb4a293913f138d60b586fdf4ane,0,0.9359086416963001
12,7da6a36817cf2d8c3be218a32ab25550c8kg7,0,0.00452268744808489
12,c16a9bdd369ed3ec2891c46e64017560fbx69,0,0.005785844789460398
12,dc4efb7e05563288d1f2ac4ca65c6734017ql,0,0.030827796920340933
12,668d393e858e8126275433046bbd35c6tywop,0,0.07022448217765927
12,5e3747785e44d85a41a74470c051e946x01dp,0,0.02519081202336286
12,2cbacd5b066b7dff7e0a87e1ef00e0b4zpqzw,0,0.007747684239359359
12,a679d00c30c269a8eca148458abb8665kciaf,0,0.007743138942596411
12,d5337c2d4b58426b30c8733313eb5247syn5p,0,0.0043979332367178325
12,1f2d607e5cc04e790e3961a6432d7c15hn4qb,0,0.0018434771421616174
12,6326299ca6a53277b2bcea07bd0b4ba8ktbqj,0,0.0008064119258138112
12,aa3ac65055bb4b1660f4d8c1d2c187ecoqvn4,0,0.0010274755670626285
12,e704e6fedbe6caa9b434509d085f4c97nq6k1,0,0.0007436177247991983
12,5c2d250afe88df6e4ca3ff08d991eb67s5erh,0,0.0013435919362522
12,8a7710ee3c886df8ca78c88120603cf6taql6,0,0.000673505785151475
12,531d4a209ec0cf76c9337b42fb1c3d9c9tcuv,0,0.0011321528217347779
12,c0e4be8d520c7bac2f51ad80a98876c2aan70,0,0.01963057087567168
12,7eb7b2f6a914afba5c3d207dc28a93aed9pnc,0,0.007022750684819044
12,031da7aea2d4b75ac8ecba4825bc1318yki1d,0,0.0006597449746190117
12,958de49cdd870198543313fcf574d7c4eutrl,0,0.032746306559754745
12,67fbdc4209a1566288acba904a2b5a7ee588g,0,0.007077928960977068
12,c8f537f6bb0aa2d45da541a875f014358qm7p,1,0.02576173686541252
12,d7e83a95a05308d4fae6428bb9073a7bg8aoa,0,0.0006695668972025648
12,ba319b8bb68ca6a12086f2410ca7fb3buxsei,1,0.36823503383608464
12,0b3d5f829d18ba30d967fceecb58821c3oeqa,0,0.033150184974747726
12,67ab503313f60aaba89f64e2ce3b459fvyahu,0,0.026452978799796013
12,79794d93380946ef72e95f55b4abc008hsns6,0,0.0032255581673158317
12,14fe3602f049d4574cdbdef13789647dsgtqy,0,0.014342186507304965
12,5c5dbe70c2cb05d208c22d204146e1e9f3lvq,0,0.0029440047032736143
12,93e3c34171ab65e0b031dc67461e48b478u36,0,0.007312389088088991
12,6c3bdc508c20f2f3871766cd73064c8cib3xh,0,0.0011111806897189632
12,862eef3a75e1351593b54975cd8ae1b3swcxw,0,0.0274272902888665
12,6b531ceeec5892121e04dcc6f89b10a70yqoq,0,0.0868549535639954
12,8066d0a6ab30c52b3ddca5da19518b6188t23,0,0.0031103440617171875
12,dfb23124fba16b7778f65c1c8d091f949jz0k,0,0.09273203068860877
12,5114111892d49b59415284dcf19ceebconhvq,0,0.012034495394860071
12,664adb319c2be43104b6565a8ff293dea0f01,0,0.0004960436819873324
12,db12e9cad5e847cd7a40ec1ee649e475iwzqo,0,0.0019135666805577384
12,97268eb2ac171298eb03ecc6445d6879wk3pu,0,0.0007851662377980655
12,197e90906939267ace2422e78e8e83889znqp,0,0.21616780988096368
12,8884b7af726ce7bd929482ea13de19d39lzuv,0,0.012034495394860071
12,7bb914fcdec49aa88c7310a3dda716aa9fb8t,0,0.0011838424475774814
12,31c840378b5c2e4469fd2e7f5a1e5a7d92k7u,0,0.002277120347981479
12,ef415b2bbbb81ed33cec7242678975d5m5qk6,0,0.003673059579035773
12,737d19fdceb065359c77b81d27053c4e5quiq,0,0.02519081202336286
12,d42604c7cca8ec92839e92508f2a3e52ehz29,0,0.009470416338714566
12,d9d24106ae1ff4f5bc4ec3caf29d7bd2c2f5o,0,0.006110461585292071
12,9dd7e7ef94a7bc5bc9f98c42099910e7o76qh,0,0.0058830519105447735
12,8725b0aa1a32054450c16b099328fbcbi71gi,0,0.0040429078275917435
12,c616385a2762ecfd8e4ea16d8a1f2596qw07a,0,0.011767418950078165
12,c353286290001e0943ed9bb160145c42etrf8,0,0.012034495394860071
12,25a4ee3a528004bcf4f4bf62b9208a7dx96pt,0,0.20176274791445276
12,6ebbb4e7c3fb4ba44a89bae997717924gm89u,0,0.0011575136868543863
12,24a32bf10c4a5d4d91c27da4710c869a0nqim,0,0.022579656767950384
12,af33d5277890ef0b5f55fbbf400441c9hdehk,0,0.0015820402482347082
12,74a35c4376559c911fdb5e9cfb78c5e4btqew,1,0.015747887593946776
12,0918eedd8324da06abe5600f058480dc75nfo,0,0.0007821330704548613
12,6f07ce71625a0c57aa5c0c05071cba164jmba,0,0.0023229463012839507
12,353d05bfefe1dd96d3335575ddadf310rgnrr,0,0.0007464412425937848
12,c277151116ce38d8245f9f2308807af8t4nnj,1,0.0012392586603761073
12,00cc97158e6f4cb8eac3c0075918b7ffi5k8o,0,0.005088432055974109
12,0f3ee77a46dd5a09ad20b7c3e54ec614sbpvb,1,0.03951149739830936
12,1a09feff347553a2577983d7c742e3d6l2hfo,0,0.09788108676349067
12,70739399d69a3b7ea9e72742dc728742zp9uf,0,0.02874797621216688
12,39b501f37dde9b055d627394964d3260qiktx,0,0.005162506279866011
12,cefd0ed907595de146c91e6c26b8ad658ilo9,0,0.0022151752900477703
12,3144ea2711bef53de88d89d71acd16c5q0bzh,0,0.004262017173805439
12,40f2eaf03624a31952397644f1b79a6fvtfjf,0,0.033773393045297924
12,eeb7e43d894af9161f84692f2bf9570fdryzr,0,0.015747887593946776
12,a46046f129f3526547aca680877fd8c7e6tfc,0,0.0015926966664183489
12,2c449b1bbbd5f8d9bcc1159b7bd3caa32jhtp,0,0.0018576334623041175
12,76c85d6bf559bc0323bbe1639d233e88nxy36,0,0.22292385457793362
12,a116e727a3dc0b69f5e7ae14d0ab40d44breq,0,0.0011028977430133152
12,437ac1b8d08c3b328924aad097a3dcdey2m1k,0,0.002582782465547398
12,3b8320619393a6f6bf12219b61cda688k4w4e,0,0.0029887310508913047
12,c615c31c87260c0d85727deff6da6667lgg33,0,0.0060160832611993705
12,5a6376f140f05274d6e0dc888cbeb89eukxkd,0,0.5108717284000732
12,44bfa21b7d497f097a594c8861d4f8d4w5e97,1,0.20440580954431323
12,4aad6f0ffe775217e4ef8c91d69707545li52,0,0.00043051516989152616
12,6e29de28296a57f039026ffc6df9145cxo2n0,0,0.17647757525082514
12,caa74df2086d71caf6c1b2b9c81d3d98xhpv9,0,0.004500586460417065
12,f2f10539ed947e4b141b2e9bf21af65ecz4f7,1,0.9347773112906387
12,07012e0507b4281d430b93ddcd96cae66und7,0,0.0004025024221349683
12,120beb4523541f769a2b658cbc41dd57w7im7,0,0.0007850828147339658
12,1a764d01d19a1408382ccace87e61c9fndlo9,0,0.012874199553176351
12,f0ce8b973cb8d6eef9221fd3d6698fd4kl3g7,0,0.011859903979651597
12,ffaf0a972a6dcb3910fd6b16045781e2ava5y,0,0.0007658711163811725
12,e4bee4e53a19aaf71e0ac0e3be752b2cz3k1j,0,0.0018057709010882072
12,53d9e7fa087a0dab6a472bfbfb694622jv072,0,0.0008246689487696078
12,4d2fc319ce6c2ad370052e0f6f2b0a1dxiyau,0,0.00813712215201032
12,681b4f9dca9e70441fca4a58c05b0f50skmir,0,0.00036735147015928333
12,6ca1de75674e78f9d3d63fd96fbe6e172t86c,0,0.002524975930353672
12,17e4d6d9a1f8ec00cec1d4fe79b059bd51476,0,0.010200947154462212
12,3f977186d125ef8bcbee0c1562c7ced2b4utq,0,0.01078404786824585
12,4641b5a43c7a2496ef93af2ca590d2c94s20x,0,0.001418661759178842
12,f5b2bbad20d1d7ded3ed960393bec0f40u6hn,0,0.09452666096514716
12,35f822bee4f85d98d5b1b23c65681974ywyuv,0,0.001675903456235785
12,d8a10762de6d62c087a0a8f0e61cf78bbgke6,0,0.06867755165349275
12,b6a3aa8c0f2302fa35d7b809d9371deeypvyh,0,0.03557245370080648
12,c41cd6791e262b44d26bdb3443fcfba97wlm3,0,0.49495255998840704
12,77b342f0d8769898619a935e267eaad25rubb,0,0.0022751423393276202
12,bbf1dcd2f0100fa90e4a8544b90e35846p5y0,0,0.0010989627108629072
12,c99b1edcfc7f0c751b68fb310d34b75ei6j82,0,0.0041248192177933025
12,417adcdcd7157e75c66469c07208af00qjnuo,0,0.044523365620569945
12,b28e6a39ef0cdda29c5e350e048c3a813idk1,0,0.01963057087567168
12,ff4e39c0be8af4b17a73dcb761e4bb6dmop0m,0,0.0023013871686820117
12,f1e57f96a91c185a7ea716c2481cabecpi3ia,0,0.0019168808678609872
12,2d38a6af2ce96c1446f900aa4756b8975y9k3,0,0.00006572624042800694
12,f28b5654b5633a0b5e3f757a16080116sjj1b,0,0.008568453911824318
12,4fcdd880c4e1a1767c4d26f74bb3466f11osj,0,0.0019135666805577384
12,622a477170c3e2215b7e3cdb06db93aezz6t7,0,0.010714175786927906
12,f7b25abd850df9b0e0b305c6810e1ec3qbtaf,0,0.0014218035764973522
12,1899fd76b484b9275854787a6b003b8a93js0,0,0.0034545574552946228
12,458c8c4e10e5c1b29e3fbe5ee56d46e8y3fb3,1,0.9788910167618468
12,43bd7fe0ed7629fa774a461127a629f19je0a,0,0.0004857669815283304
12,741b9948c8cf42d658676e5a46757815zstr4,0,0.0008949342195175409
12,4c93ba564461b1412df6f033c8ef71e8ck438,0,0.01712823169219969
12,25aca203223b4d9563f5b1a01aa3a21ftlgve,0,0.012906613043061886
12,e54c3b01eab75ad3a616d56dd06ebef758ua8,0,0.000828629185590636
12,385325103b3eb54b0b974523fb7a13e02go5s,0,0.01152642070816293
12,17a321c4a0d925ca80507effa52330ac5n5r7,1,0.012282321510024712
12,235f78b13fc87c995c1f309403ee56bb54tu5,0,0.0022364928711615327
12,84f06d2c69695fe24cd69f8a1aae21a7kozbn,0,0.0027094020716359668
12,9f34ed261596a1114cefe81158c5617biq26c,0,0.08626023535008757
12,8b253bd318229b3eea3f459bd81b8347khytb,0,0.9032053134760473
12,c17c63af831939f5e2fd12f65821db65umonm,0,0.46193198107747324
12,717a0a200628f9606d88afebaaeb409bv60y8,0,0.02263157536571343
13,4bee9aba2abda51bf43d639013d6efe12iycd,0,0.08982907694960222
13,57db69e32163f3e486dc6ef7d615aa12usje6,0,0.022884140414052387
13,3f3a3705be5ea07b9ba7ee646ed756fbssuo7,0,0.0019347227110743275
13,d29003d7f3ec1f0e4ca9cc17e6389b4a4phcg,0,0.0007112733398761563
13,c748f0d69cc89d5812c9fe3a6413bbb26351l,0,0.002167018951198192
13,0d0b3d6dc27d0f8eed70971f8c6bec1bdrs0f,0,0.00878255334325407
13,a22fdc066a738070c6e4860924d06657hengu,0,0.606892747519178
13,aabc211b4cf4d29e4ac7e7e361371622pockb,1,0.9934486172552605
13,e1da7d96b83f16aa80cc254572cc154fcoudy,0,0.006016311505534824
13,1cbd9081de4481ada66f1853737f7684ddjd1,1,0.9325299209974952
13,cf33d05860b7f7d9af73c6091190b81ektz1j,0,0.007350292817617225
13,cab0d4e41ea81636de3bd3a1800d8da8x4yca,0,0.004146446857008308
13,7cb144485c703ac09fc73aa646041f72ogqwv,0,0.0021470103734771736
13,806a46eb814ec7a09bfffcf38b0763d344tc3,0,0.0038069972285244354
13,20cb327bff59dc8f4fe1ac68a30f02eb6jrq6,0,0.001386931038312392
13,80e753fbea14f966b1fc6d1e194d4e66822ms,0,0.16816607711042655
13,28c0d4c81a22958352aa742f7d74e477qwo51,0,0.0052396477856994726
13,0e66933c924764a59760aaae5368e7d1e0s88,0,0.0016402539787551268
13,024cf43497fd7381df6254888670f84bwbbam,0,0.004453177371353951
13,12d6239a92972a35bc990225b3ab33466znm8,0,0.001607592573019062
13,15972a431aed117840dfce5556242366c3fwq,1,0.6728953852155021
13,fc8e62e5fb69ba67265a3d0e3403aa3fr8c2q,0,0.7088837590773046
13,36b84c776aea2e008180dbc72393ed750zsbr,0,0.025321327734665604
13,a9229b83f54a5f44a69e65b9b3aa7aa26qcon,0,0.005989470754119815
13,2e3b450b727fe3e888c85d52251fd33ffoi4b,0,0.005347803618111401
13,961ab8cb7952191816db53f8a11a35fe1zecm,0,0.013146170219857922
13,99fc8ed25265e58bc94d9d95180badf4t2e3i,0,0.012677910823052077
13,f90f13ddfc0f98cbe3c2346a2e30093cq6zo0,0,0.001447001454803467
13,fdd836950d203286832a21b930b9f6b58ch7s,0,0.03549536173784625
13,6cd1bd77bbf2af6a2c6e535192af628by3h22,0,0.14503098187766558
13,520b616c26fc47935f6bcd5ec063eaa7w15t8,0,0.002609960927162587
13,85155ae64ccbde01b48fbf4b3f1b739exmqyu,0,0.0032644902506336155
13,e613acb1029ecafd9792c9f75d468e4bmm9zn,0,0.0027491036302488316
13,74fc24cafc7c5936d0422b8da306365byjv2b,0,0.0024950009209690166
13,f186d292f4e83f70a92c97f92993f655ygqzw,0,0.008789388196634674
13,ef9ce9b85309d7d1044ce57055705bae8pqlg,0,0.002561737464581608
13,cd856579a7c4850b60d8763520339449x0mqg,0,0.0016866829552143405
13,9e72fb21f7581cfff84e833d02538e5ar35kr,0,0.0005041075631751096
13,b191c73f160bb9320dd3715bc3ffed26ymluh,0,0.002080174996533745
13,408f81a85f3b31f8cabedf6ccd381961pop72,0,0.006131790015148881
13,64e802fa8e0c17ec2ba1b6425648b7cb7ndkn,0,0.024413027164719135
13,42c407eb70ddacdcd59d63f22caaafc4fa0p2,1,0.7166296915731976
13,b719671479e7d75b1ba5a5617c95ccad4dkvm,0,0.025321327734665604
13,5e611461283a5c3e49b5bfbf9c33b7391ce3h,0,0.0009037957514779296
13,4376fc192e83a1a5d7a83085369916e8rr035,0,0.001628734740400227
13,e7a98dc8545eb429007cb48799a40a2dc9p6o,0,0.46413324574052933
13,a2d0b7ec1595325cc63777f106e09fcd88y5g,0,0.04896235905342917
13,ff12cd48c7de8ffb8b2099f262ce03980dqqz,0,0.0012621252213288153
13,ee052a24cd3164af9d08fe77bd6b79dfrbelk,0,0.0032000718297014435
13,d2138bce99f535c244dab68652ccfa2enshxk,0,0.006108218076040888
13,f75cc5ec8acf1ad2349e00ffc4b3191a531f3,0,0.0006715891815491466
13,76218e14c379c12d599dae9e1c00b61a3i5b2,0,0.006698547631905904
13,d2ebe13374f25a12865d50c17af1dad7yspzq,0,0.0010854075423128691
13,3d94b376bae8dd60eea48ded36134a3962glw,0,0.002603007566711139
13,a6bf74b19fcb2687ce345930c4c16d4e2txda,0,0.06695009040388647
13,bb790a228de797253bf6afa43ee52eba1s2dx,0,0.01684262431503829
13,f0f21cd3d51b7a233988cb1c3c5df977zjqkj,0,0.0008118603083678972
13,cf9a1c3af63d1bc3f55728b4a06a5f46njrac,0,0.002144255548456073
13,29544507566320f1125d8e9f9a0ab3f2jswhk,0,0.9189783915288221
13,6f46b3e231003daf21108df4624afcfdaaswv,0,0.0011364589257476694
13,7607c4efa792a69e2a8949ccafcbef103squn,0,0.0003023162719777579
13,300bb4c9816a7064b106c9c6cec2f51ei13n5,0,0.009401885686020666
13,e03311c7620a8098b7a177a5f1ad213ernao3,0,0.0015141643168632946
13,72994bece8c918a2c4c432b98780a7bdsctwr,0,0.0010320281923110251
13,01eb9dcbd0b3e79d94020d13d83a993ec9d2a,0,0.0038166226070130943
13,cffb5f3c1f4ca815d0f643fcb2f2f316beod4,0,0.2762336233108291
13,74866aaa89db79f25dc0fae8be067b83xlbm6,0,0.0022950321608388438
13,3733f7ea492eef1f69f98593d2122c50xwcha,0,0.0030125277568283
13,7f86c3c417ae1db5bea10bf9d0a7827ct3ni4,0,0.9322005032536745
13,c18cfb38fe1c4c01705391422177265cn9w5x,0,0.07147564762133136
13,eb2c4b4493f31788ead745533e0c9a18xzzlk,0,0.009806338882157636
13,786fd201d9c952bc3453d4b3a6fa64046d8wb,0,0.004705670953459957
13,45cfe8744884eb207048e3cbee31ec56hd9lm,0,0.011768015577416623
13,e0b6466f9f720e9d9a00d7c12b2e2c6d8xwxz,0,0.0016866829552143405
13,dcac75b5ccc362a66e7f9112f033bdebchxq4,0,0.0006582492749547432
13,8f00a4c4d7f097bc1688f8d89431f6bfmodq2,0,0.02664901620901971
13,35a89119272ca55d7f602689616b58c3pebir,0,0.002532639741603367
13,ca0331fc37db2b251a012376f7b987fcma2jw,0,0.8435772943544274
13,b42ef139c2dfbff8356e8886d2b109e06riso,0,0.002856309206391812
13,b232fdca7cb98028e8945005f619fb28p8788,0,0.002138713107183779
13,295fbc4ef00fe0cea7947811e78bb8aez9ti2,0,0.025321327734665604
13,11b1859aaf7fa93818baa76007cf7207d8uwy,0,0.0020073854244653366
13,11d7f0a5076649b229c301a22537834e1ehwg,0,0.0216702282301036
13,57e1892d3d62d87c9ba5e8425a1958c0fn11u,0,0.02960942425403472
13,2906a20e0b4f7ce840d051c4be898b66do6wh,0,0.013303211010995923
13,67083f257438b1b79cb09cfa601890855of77,0,0.001377997730878012
13,bf80bec9b4a8d29c494f8545f2a4be4eji6qj,0,0.07717398768965682
13,3fae46174ef1a7dce5e9893775f814c4so8s0,0,0.025321327734665604
13,313ede314e2e05c31471fd6a93f98af713jud,0,0.006531693268937584
13,35b111da8e919bb34e80511be9cbd128pjjdm,0,0.02664901620901971
13,3d7cff3dedd8a8e02dbc551c6a61da3bibbvh,1,0.13614440923759585
13,66513f72be85596a527f9f653db3cb72cq4jg,0,0.4201763409608696
13,10b431aa15b56084d32fe1ef123c4305wo1nl,0,0.010012322293065501
13,573cf43253a18821e50dfae941ac287ceymgo,0,0.007554267138559021
13,85371e59ea43c33c7e481ba3c214e893ail7f,0,0.0008567541822104085
13,86b6207b5e87d58ae307bdc1545a101akz0ew,0,0.0014247755749792518
13,1c66f261724506bee45dd18a4d221bfeh1687,0,0.020779552841654912
13,200b548999702c10f8f9fdbae9ce60622owzv,0,0.22725190097680262
13,d8d90875fbcf94c3b4c5c00479cbed6e1mqrl,0,0.0010687027926291686
13,2b72d702b44fd7dd58062e326fd8e4779j8mp,0,0.025431304873574277
13,fbca8e44d824faa1fa6b99325758ff19vi94a,0,0.17156255101381934
13,0353aa9e97bd46119c90b8892f99982esfem3,0,0.005759540004277599
13,7d72bde2e297ee81296adb4fd56e8800p7lbe,0,0.2094893009413904
13,3b947f8c954acf4354d2c3bdcd494fb0x54ee,0,0.006305565088101498
13,b1bc9ff2b98df742affda07c5977c7345dpm5,0,0.0009714830723990559
13,b6a7b5bba132a90e7c7cb350d2bfa52d7sion,0,0.8932740245425822
13,dd1675bf26316cd4630087fb47d0ff8fsug8e,0,0.0021355851878934514
13,e19f258fa5019e58974b562a8e1433ccluztk,0,0.018452712333394444
13,a60101895443bfa5d4485b9c2c3e1b68t5ppq,0,0.0009974219986110316
13,8322695c21cb27accf0fe269438bd78fn3x44,0,0.07036014812303625
13,876b122982958678f14bb25d887dd79dun3qa,0,0.0030704846178557913
13,d7c046d4328c139e76fea7c1833e8fe6fx4yz,0,0.0019295374838336188
13,d4a84bdffb9543626fdd42c879343ce26ds4l,0,0.001809405004004947
13,45c3a73b88760d4390f42ea4fae97d84la5wh,0,0.005676780073373282
13,82194e7d8f9b84e71b789e763b5c3263r6d98,0,0.0011341122063918511
13,9f793ee6e6df7f69b5a5acb4e13db0476b26x,0,0.04896235905342917
13,012441119bcf83b23d4768bb72cea6d6carua,0,0.0018258631896581063
13,953879d32e39e014cf8ce73daa2547cb2ke8t,0,0.0013855198325287942
13,d8ff621bc161b09d9192c445f4b3be7b8xow6,0,0.0013556014124538733
13,796961698c2f2442e73c5195062370caawzzo,0,0.0014240396927087705
13,156f4a8763e602ef789f8048c6928676a1ily,0,0.21393698566685768
13,86091a1e6c99358936979baf67d54457x1dzy,0,0.0009648830076314105
13,936d542904f515ea87bab7996497b11aszyco,0,0.004693716177737196
13,c6108e22518279361de99b3c7c298235mkoa9,0,0.011936294176475966
13,b071545f5ad73150880c42e780d951bdzvxn7,0,0.03529293558136744
13,47d1dbfb67706772f8a44f50e5656602z04rc,0,0.002645721196216231
13,c6a49cf5944626b45425712f9e19e91d2nyh7,1,0.9973384260063514
13,fe4906ac4c8e2db5ed5a71e8a9d10080u6g7o,0,0.04896235905342917
13,de8943f2b113702c98ef695888b7d0c6my29p,0,0.21393698566685768
13,6c0212679f2439c4113386b2c6ef513e8wr8p,0,0.9442128244139989
13,429f301119adc32d35541dd4d60903563s7nr,0,0.16273351889472695
13,8ac7cc6a62b82e675465e89f67ab1f962ltgu,0,0.001966127452507748
13,5f7767924aa92a8f01b44a7e09f00a4dgqk8e,0,0.010249092050111834
13,af9c96944265cf541b3fe734a057821a825l7,1,0.6049004587789995
13,420e7aebb49d7ab3c04e109a98e152d7kquiz,0,0.0020987650348729915
13,d2eca28cbe0a3dc69715d719c6958faaaqx95,0,0.00940573736136967
13,ac94684646bc6f708dcf4566f41ec05es9v44,0,0.07147564762133136
13,bbad48cdaa604c1bf40b59120a775794rnlg1,0,0.10010656113219023
13,e2554dc14d54c3b7be85c59dbc1425f77qv4a,0,0.025321327734665604
13,a9bfa54aef505d65ec488d8984c82a7bf0fjm,0,0.05268023037404951
13,f334d76f60cae7c67ab04b9e5cc49907hqsc4,0,0.077433417700751
13,f05dfdaa2f67b190f3a79a5a2d5daf9coikow,0,0.025321327734665604
13,9f60e1593604631e10ad2677c51055c6mv205,0,0.003228163106199431
13,ae817305e82b580f9ab89f1a379488e39il4q,0,0.020138664869202096
13,183c4e44d09bc4ab990b957e765af311vlup7,0,0.0006555956470583394
13,612d24dde60a1b42873ab7b50944c6dad3dcb,0,0.03502082119517924
13,313bb0007cbdd82f326d58c96847294c9hz4k,0,0.0016124029017216166
13,3e85a43950c71b1988a814682abd4392yakvp,0,0.4327926642652527
13,e429d13bc2c7acc82d8d68fa020546c38v82z,0,0.0025249728154295497
13,e0df56a5ea8094d070b0130d7178a996noolv,0,0.006300353849999847
13,b5a92183d20e5ca98da4065c874e0b9dezbhx,0,0.8133081200389546
13,0580f2e77b4c0dd3b5cda8a1641cb9fenmo0i,0,0.018042829391289525
13,ae15accae2164aae084aef7e3524c1fflq962,0,0.011267737722037275
13,2d9579812895729581ce269ea17462197jxvy,1,0.7860821463119322
13,d9ffd2f7f3cc1a546586701c2a6fbda24u9ye,0,0.35590422015985207
13,4922d20e07d04601e8724be5e9f9576blyccu,0,0.21393698566685768
13,631f923b7bcf91f61a2e9f96520bd8c8vtl14,0,0.7312709412411926
13,f73eb6e2e7a872f97c715ccdcddac77am8bq5,0,0.03882940396086655
13,4c67576a6f30a158d16d790a7fc482b0zqxue,1,0.6791686434306253
13,f3a249f6a5c2c88ddd8bccb1f8a85fe52xnkq,0,0.0015284815148813898
13,86e50263881b0d382b55777185eb648aagh1g,0,0.7320509745497585
13,3312b8e73417810a88be459d75fe9bc2xhd8v,0,0.002239343156376438
13,5830a96593aff3e951919578f7374f09pqyc0,1,0.9680908367001082
13,0af208c4fc46ef9236052ff495016326zxoqf,0,0.0010568667400213591
13,a6d6f3f5034886fc00a1245b439de13a66ha4,0,0.036253221891594294
13,61337802cac534b7e7711793039782d6f1yy9,0,0.008760985114297758
13,42f754cb72e01c08005598e1f9383341fn7xh,0,0.007579031051286648
13,c4d42d0beefe49d6157c546a2504f4db86hvd,0,0.0849405396816157
13,9a12aa1aa3560062c6f84bd374eb5f7f422vq,0,0.0008916087563762862
13,43553dd8b9370fbba5efa6b652d9b43ezsj11,0,0.0008100551551938895
13,a40808ec5bd9d0440585286f1658c3b1ag8dt,0,0.0011275702840889447
13,c9e1e860e39bb7d4dbf3c91c5d6c36c2dv4tp,0,0.04896235905342917
13,72dbc4a9f579a9444c126a0a67118783092ec,0,0.002810491357715569
13,d9a813646e8fae954898c1279196f5493gqzc,0,0.0013549542335432024
13,3ef757c3d6a272681c69bbd7e071b705yzt8t,0,0.0038660078223908246
13,3cab5bd983f5be9c16789b6c14bae982nhi9c,0,0.07959007803572195
13,97ac4a68e5600c4b7a960d9580d4f251470mc,0,0.0030906613413020207
13,a0aeb6de8a21a5b776f63530ed753fdb34k7y,0,0.06909234859813927
13,40829191b83242ef1f380f90876cdd74mrqe1,0,0.007775217232044433
13,b9d861ce6162179a4b008b63e7fae80fjoywx,0,0.03803585105838972
13,63c48b70d37dee5fcfb26f94107ba3b94d90p,0,0.002698043864356043
13,fb81da0790d821a22617d748d0226540ylrj6,0,0.09805993409581958
13,eb8f9ca4a23586f5acc770fff966f654dy7g0,0,0.07147564762133136
13,a13da89a3a54ac9b4ced156542afca5ddyumw,0,0.07959007803572195
13,24284d3fc3334e0adeb6bb95637ca62d6dm96,0,0.007359855192251192
13,83a24bbff5a4cf9d9fb10391102708f1oqpco,0,0.0018665936926154127
13,d7b66d95bcfba06122dc6f7a3c605fd73239a,0,0.009067163803899162
13,50a4bfbac8a9653af4099ec1169f684c2nsgu,0,0.37205674892439644
13,5fc9437841f1dbbe63a3a933c48472fcohutg,0,0.005863834693353894
13,673650167f432c009e9dcd062cd4e9fc2szln,0,0.0011986779262071077
13,3ded667003605eb856ed1aa2b82c1732gtma1,0,0.003789211526985931
13,cb557e4675bf4f36f93ef5599adff545nz370,0,0.002439488267469071
13,d6517684989560cbb0da1fb2f5bbba9b9y2st,0,0.17833444332871765
13,ed5ee107143980558fae26c1b5c7b81a82spj,0,0.004130776226001981
13,ffacbed056cbfaa60c1fcf51f0d381bddr3ly,0,0.005055025372098371
13,8644c9765c64da22776cd67eefe0f498u3aaz,0,0.0016866829552143405
13,30c3c92cc9408f55cfa895ff8a505930a3yy1,0,0.0013856580446243681
13,00a0517965f18610417ee784a05f494d4dw6e,0,0.01613798848322631
13,f01e3769fdce36d31eae85525827ab17xeu31,0,0.0006316876766717009
13,fbacab353140582a4b8ae3412eefecbc753vs,0,0.026337670322831436
13,b0973e698b12fe51ec2f259d924c6098rasmy,0,0.0007476216511324947
13,da2841ffcbeabaac373f00039c10f39fty6fa,0,0.26431425924177865
13,098bfc9c440f9ba9e6371f774ec6a36fa0sq6,0,0.004184041665784138
13,1def3e23e479c9739abce6b3518013d39oejk,0,0.0754848778521127
13,dcc5a79317a22bd0f6dca1f60fc866a8bei1d,0,0.09716926906074093
13,11e47dc08d7fa4d1a1953b5868892f72qvlho,0,0.0716669343455687
13,30da67f34e3cc215b3bdad588410fab5655fx,0,0.18318084919142066
13,08353687608279ddd83e4d36fadd1cd8ritj3,0,0.009105937843389787
13,1530008a712831e35a673d38959528f4ozipv,0,0.001505799215875096
13,cc4763c97c3d7cc9116e0a51a6d1f2e82242i,0,0.0011343151894760868
13,2137e2626c568af8e56bfb72fdd5b9e19qiyt,0,0.002853146444285087
13,470a0e402bb9cb4d48c2a450d2043e87flc2m,0,0.007533653497930561
13,f0fd9f1b3fc9ff10c2642b3bf81946e2rsq48,0,0.002975092394250195
13,6a97f70ba29a04e77eb3b137e157070dc2mqc,0,0.004808760919641412
13,a7c263f3fe4f19ff677e5cb475f7e5a3gdom3,0,0.0017052678129507593
13,3d2608a892e44dad3027ab55bfaa0b26r69hy,0,0.07413196420007769
13,80d8e3bfc8a2ecbf22614befbdaacf5fo6o5o,0,0.02664901620901971
13,5b0665172160ea4015e79dfbcfa7ed86oe0mc,0,0.08077132992894948
13,69d8fbf99586bfaac64d31f82b9bee27wltkd,0,0.1772830768707952
13,510f33a3c0a290a0e43d2576d928a4abxieo3,0,0.07147564762133136
13,5dda8ade6b5d4065f3119a381516c227yoz8y,0,0.024039893496642404
13,6b3cff1e3d9398d4c125e7bcf612192dy1gwn,0,0.02664901620901971
13,b258a38ef4cc6ea241b5473ee9badd32ekhoy,0,0.03913778454397835
13,4199816cef8be846ca71ae752575744fimyto,0,0.9820267857667646
13,7d44df0d40982a6651a06cf533ef5dddtppag,0,0.042299898415808154
13,e268d06507859d78894a8f6e11995f48zls7t,1,0.9969957060146579
13,e7445f6107c8cd3783fa722c7dd29fe6rcd3a,0,0.0014572694989368653
13,29bd1e11a41eb2ff50af75d10f28041ejh9xx,0,0.0012317173538465163
13,8c3631460a4d25d2b21b1f92ebbad752a19ww,0,0.0011277206908171758
13,989e8e68621a43af5a8d061aa91bd9bfshy7d,0,0.17156255101381934
13,1ccc69e376c95da9bd569a5d1a176874ivojs,0,0.0031313328529125623
13,2e07d37dd022e72ab04da76f51edaa13qk5rv,0,0.0016866829552143405
13,372bf02911448b7f62cc861074a7ac81y0jsn,0,0.07959007803572195
13,3893d2c62d59c232112efd332bc342dap8b4j,0,0.019765920282139547
13,100d406b638e84e2da7c31b03100b874qiay2,0,0.02962323166759978
13,06ddad46112881df154e3bda0e90fe880r57n,1,0.9510947243630612
13,3e995d6f9dda5f29c02af4c9fcb94bac0csrw,0,0.34319968291615494
13,e932ef68638c37220f4c2c386cf54578x4hpn,0,0.001272478466379416
13,60edf674563f85b227898f6af0386476efy45,0,0.015389868622486615
13,24d4554556deeebf61510cf3e001edecu8hgj,0,0.008482868417618082
13,84560dfb1400fe920a29ca2c728acf1e25eli,0,0.01614583643147397
13,78e59e188d9780cb8988d574f692ed343s129,0,0.003647466780076851
13,7c0add0ef85bb5194e95ceaea737f90fyv13c,0,0.0035777762591917184
13,781972f2af3af2abc492f9dbb0f6fceahnban,0,0.0025471134581007307
13,9bd2d79f328a5afe815d5832e521aa9187q2j,0,0.6712910079891504
13,9197b6590c6dceabd88ec93157fcc31fgb8a4,0,0.0018537706383573882
13,3c37de5e4321388ba706233d5ca4a0bfp7w67,0,0.025321327734665604
13,7188dec1b560385b0826f78e7608fdfeai9fm,0,0.733035907485391
13,233e09e861813cd087e8937f32a29bccs7b3l,0,0.001280956709699463
13,225716d7bdf8f90cb4a4b779c663cea5j9sqp,0,0.01157179532516337
13,71c2561141c55414618d67d1a8aebac1n0fjx,0,0.04896235905342917
13,4579226b86f3ca5b5ea1597efabae4c42j4rw,0,0.001694370804496003
13,82ae4df0acf8237d7af1a790e3848645bp73e,0,0.0028936966430991758
13,fa9cfea85e90bec313e512e9eeab2e869tvx8,0,0.9421676584355148
13,12c1b22ede3c23949bf130cc7bac6316ks7fj,0,0.003144782954610095
13,74429c9ce8183e2b1b89600e6de4ceea5kn1t,0,0.02664901620901971
13,3de66f8a5453943040d42e1e73f11eebll8h9,0,0.006108218076040888
13,82f1ba4809f4812629e9e53ea4c687d7begx4,0,0.04329568424992827
13,c1d9c4c69367536d7b0ccac19527629f65025,0,0.025321327734665604
13,2e463fe6bc1616f8392f82c138a6a436mbtjx,0,0.0021713870988503575
13,ac2d643e0c0d3bfe8e54e5a961c6cfdb5xn9v,0,0.0011228924448219615
13,c349d767ddda78ed58a3c5769e780598ar3ei,0,0.02664901620901971
13,7291b7fba1b597d66bb8efd45fd0d354q71ka,0,0.03120656933427659
13,88ebdac47cc2623888e0bcdfb35b692ejrbvv,0,0.020517200388493587
13,c8a99985c7bf230f475a8e9be6a17d7a08r3x,0,0.0017226544102680096
13,a37b105534ddcabb169f6ae3ec928d85slw6z,0,0.0032614351109670923
13,b6e52f37365cfeae9204a9f408b8c3a4idcs7,1,0.9575498542764869
13,459ea22b6b51936d0788de9f78a3547bf4jrw,0,0.006130303837357508
13,68546847f11f6415034b7e2263e8ece62p3ud,0,0.06107958284693916
13,2e33b1ee8a9d4a5cc5f886ca455e8f86kxu5r,0,0.005779259953176397
13,041d869edcadf595b90e3b5248903183pn754,1,0.9603348766863145
13,7ec5c7e2317a9b68e861060531588f76fpldj,0,0.17156255101381934
13,f430aac3f0f7f88a9b504bbb71322d54mct7s,0,0.07959007803572195
13,1c61726e316d5a16aaa80b429080c534u43s0,0,0.0020073854244653366
13,28a0d5539562290a1a2f63d5b7230db090ys3,0,0.04229268949556377
13,64abb8a286b2be97349e8b17abcce6d9rygza,0,0.002628818084843281
13,2234754e09ba15519d0104c405326fc4igk0s,0,0.036101063943595635
13,f23ebc71f2d8d820db2bf0576ee7e148cxvkp,0,0.04923166887409524
13,83c9359ad94eab7f4b8fd582a6db4733frmsr,0,0.004023945714786269
13,6d501ebf066c0331853f1bee9754e781obu7z,0,0.02960942425403472
13,f5ab013f90cb8890d33c6a309798204155q15,0,0.0010922161759900782
13,ee2caa714a2175abb13eb6ef15196368cwc7c,0,0.005307917727684272
13,c1850964c360c9159e5d1d0b6485e210s6uvc,0,0.004322586903600527
13,783d5c219ff84cc0517f59a39bb98e18st85m,0,0.007273854332921882
13,874402ea8b408a017756404006b12708d9s6u,0,0.0005242720429946035
13,bb43fc12fbb0fd2b2536e4033ababf59exffy,0,0.049665671982184224
13,94c8c0f9c90820f28928caf5d122dabby69ts,0,0.028636804316054976
13,0e5ec5baf2e15afdbf5212d8461e1ad9h3kr0,0,0.0013623715835723393
13,715ee2811c764d5c58aa228ee801e518gqvli,0,0.004238417791379086
13,466ebf78d7326a38db1e19fdc1c70e9b1qu0z,0,0.006494996706520701
13,aa20f72aba9804a4922195f66a876688rugsd,0,0.012182429784561383
13,2271fe5b01f9b8f9d8409014ae4511524grmq,0,0.48252443035552084
13,5053e03863b6887308c8446cefeec429l94tg,0,0.6807959807433559
13,8df5d645ed4040b857c121a4459b7976n5u3b,0,0.16472274749324642
13,8c412ae875b672f18073d643c74f9f0clzbyw,0,0.0003245936208391237
13,faaa98763b59ed5f02836d4bd682035bfhujq,0,0.0066489616913547114
13,c5c8a28a166913512f5bffa6a49788c5b0uaa,0,0.0023483001806977382
13,cb705744a588c18087921e74e68cfa10oev6i,0,0.028281828275443482
13,9adae18220565488f77036be41cf71beiepqk,0,0.7103740783035435
13,ae29b39843141a73b39ada671ce6b6c0yxlb6,0,0.0005222364478379662
13,16065749457a14b26998fefca503c3ecf9og8,0,0.003262404341145997
13,ecce760edfc6ec5cd5ddc7037c514dc3zod4i,0,0.002141138022509507
13,4d6fa52e125a18f433db6e6603b58ec7k1key,0,0.0057168225181679225
13,4b9bf4cf1085e9d839e833e4b9d40f2a8ps14,0,0.0039489467068352675
13,19b39b852ed4abf1ba5b095829e25b946aed1,1,0.3508282946326593
13,ac9bf3a07831666bde4fefb75c184adekbrl0,0,0.01171890732728239
13,50859deae0e0a599efde1725cde3a8b8dw86a,0,0.0100543377295001
13,afdd5c7c912f9b6a88c0c2619d618124ycm44,0,0.025321327734665604
13,950aa0150f419cd6361bd3c500e6e695xfljo,0,0.0020868777734405187
13,8c939b6713b7881538cb05eca89cfb1cw1lhm,0,0.002598778719292312
13,97db2350652f8d01237fc4c59a470eb81h9gs,0,0.018525558240503212
13,eaad20ae39d343daf76adc0b1a4984faumuzj,0,0.010003251651318355
13,227bc0936837200d0aaeb444ab8d5f1axs8zr,0,0.0015242762237507668
13,e8581ec94cd4d5009ab6b36c6aca9f0cp3txb,0,0.0158988931972199
13,90fe8d6fc0bbe4ff2ca7833fe51bddbaaibof,0,0.15409485949648505
13,a8b8959fe64f490d32fc15a5d1144f87qj9ai,0,0.0022077549744018276
13,cbe8d224a38ccff930674361b502e7beyuf1k,0,0.0019347227110743275
13,3ce8aa0207022698b6d0eef09c89b381jzqi1,0,0.02449790572222002
13,e8291466de91b0eb4e1515143c7f74dexy2yr,0,0.8791069780475571
13,8ab98c1e6cbfb902af4e02050a886396a40bg,0,0.0020313640682407042
13,8b109c0aee5ed07fc996e73d28e65888o5jmc,0,0.06107958284693916
13,27ccc09ae923d1ca8ff7ab3242f279f7xuclq,0,0.003336848665584491
13,050a3b29ca1818e1f237df8132bc2013bcuxi,0,0.0012898887662728931
13,6130cfe76ed3bd87c8f8dc6b2b2786dcp44xy,0,0.0019564697169947
13,d9dfeadc7e0e844ffea3cfc706daae5dt2hhg,0,0.0018111733378548412
13,23bdbb8575f191b71853bf78d09e11a1lhnfn,0,0.003659226868656548
13,34914d163517a0cc4f0c971afb2352106vsvz,0,0.008785613767858958
13,92a63dbb8323426833b944a4fc196fe27pzha,0,0.0015517325116957918
13,e56f611f1157381f4b689ab34b574e791qhcn,1,0.8679468290463657
13,2dc309478d30d440e75c932b1f13a8fai2p2e,0,0.0016069233753974279
13,ec6d3fbd8408ba43891370d4ffe41eabhnwbs,0,0.01398481558282175
13,6bdb40330295fb3abd4647808c319d29pb29n,1,0.0029998911888821944
13,1d4eaaacb6127c43c1c007331cac135bpib3m,0,0.0008851908777165502
13,1275d8a6a3b2ae9d24b50997397c254cpuuzv,0,0.9820802430861643
13,679fe2a21415aa98a3cfb88abd0507edzjpsw,0,0.06107958284693916
13,fff2c070d8200e0a09150bd81452ce29ngcnv,0,0.025321327734665604
13,7f3516b1bd7e5571ab964ba0affe9302brn6q,0,0.0014705558044412063
13,37ea72c53cc50112ced4f88810f1b38euoz4r,0,0.001900916436420584
13,de4388600d997803223748e48bfc7b16ggyrh,0,0.0019460658627262408
13,7a0b445f462d05606bf6ea07e2ab96ec1a4kx,0,0.006219544307336409
13,cf06ff5f520b14d1f9f1cf5a7ff34982bj4md,0,0.0014065964217805941
13,90953913d629a03e27590d0d0f64456601ktd,0,0.04328328727982707
13,74582963d3774699f4215df7f2d17c1b6b4pn,0,0.0025611970176483744
13,77b7daafef906aa3f941992bcf94dd69zxk2p,0,0.0020011850980967026
13,6c6c3559c5f656c71348f7cadf29bb12okgl1,0,0.003070621723749482
13,17dbe14676cd3a3cb8a7edb438622f7fv2scv,0,0.018654956103368366
13,5c32e357936f8977277d9b23d8f09f34v41wt,0,0.0003930137000116021
13,96dccfc370343f6871dc478d5b2fc3ffx95d3,0,0.032359325976495816
13,56b55e6ab49a4cbe7c76a2bbca804089pjq0g,0,0.0060518832264898495
13,04636b6c61c80f5325efe61183e8edb01ko20,0,0.0033334284118682225
13,74cf3a0c5e4f080415888bad2f7119499lh63,0,0.0009057896332030387
13,bd7d5414174da6df4b018c21495e8a2cxiose,0,0.8436940119681255
13,8d500e174fc28d494482f8ccb9438608zd51s,0,0.07959007803572195
13,9e1f21ee1888368e77b539083f4b94ddv8mrl,0,0.04445671033189501
13,24db47d284a08aaf119eb3e0c45eb646i46j5,0,0.02631446917880041
13,b8da3e0dc73d1f453ecbe6ee4d4e8791pr8az,0,0.0009707852848813198
13,0446457fc8e21596799158406f77b14catx8w,0,0.025321327734665604
13,219c6102f604c8ff0ead5d23375bb127del0d,0,0.7339370704718446
13,19033960ac23dffe078a1217788bc720jvjbz,0,0.0008524856841400132
13,21fd0c468438a483ad1c60cfd1b84b850iyjv,0,0.0030266999668900883
13,99a3bacd3eb66c909a02b85402ac38dfskz65,0,0.0011201959260975153
13,b5d61accc925a0e86ab7274e1ad82532gb1w6,0,0.2633405105358644
13,916d2d806b772c9f227a9b3640e31469ljrxo,0,0.6255467240077559
13,4f7331589f84c6359bd693513bc9d7ddlitos,0,0.2453026535575757
13,6f6c9a1964fd4bbc082f2afdbf2d2af6ypdhn,0,0.0015300418115626914
13,9e9047df09026ed5a5a3a86403811159u5yja,0,0.003469861440704582
13,21f5b103136104e4947e293983dbaa5b4tder,0,0.6208597193190548
13,fc16993f1fdbd5fa8f8ddd72b40442f0qwyo1,0,0.025321327734665604
13,a4e83190edb97fefdc4a6cbfd00f41fbm7c4o,1,0.8621123760177696
13,3d7bd741177a712ae0417bc4f4a37bcf9jo2a,0,0.09353579711591624
13,9a272c3baede0633bab0e15ff98d207e3ldpv,0,0.02664901620901971
13,25022fb30734c2e5044e031b0e9a4a9ct3354,0,0.013134566026194497
13,fdf0eb91ae1ecea1f6902676f47c32c454yzr,0,0.00501738956565037
13,5f529b5ee68b60482c5d0c56ee91f3c2cjrmx,1,0.9855069203533031
13,0f4669e36b2e721dfe27f8633b277a1575erw,0,0.04896235905342917
13,f4189a40cc622eaef015a19d75d9fe21mylhz,0,0.001640643919705555
13,e18ddfca4efb99a785c68ede9ef773ea8sfmz,0,0.025321327734665604
13,ef65488c949595d7885525ccfab9100c6cmqb,0,0.681607568675833
13,354d4abc23881a40b8f119225e0dbd09tk1u3,0,0.002713737197713352
13,4de568a9b480f0dcd3f2ac385121d75bbpy82,0,0.0007152445371610693
13,69333c66e55cdd6cabcc6ae64531fc33w20n4,0,0.019707457630537113
13,b1ae4691fefd3d09d74096ec4caaa6d1v6tbw,0,0.0030614102992385143
13,0ad17aa9111f657d71cd3005599afc24fd44y,1,0.9445975439572942
13,37d71b4ae830fcfa6f0c4f65ec386414n8h5l,0,0.0027596695013386973
13,4566ae63ee93ffc6b000b5cbea7f6a8ehbg00,0,0.002848159583066772
13,1870650d20a97db60ce4133bb9352b69h9phj,0,0.021363825821720046
13,b217ca4cdea62a3977481e398d2cc9bd4sxht,0,0.0011201959260975153
13,6ed19e45dc118b78a78f25649aaaddbeef7e4,0,0.0011160618400115007
13,5f56908449455ee9670c7947614f7b4bxak3c,0,0.003461966224614163
13,205a011640002932a7bedbb93d81b68b8m93b,0,0.004851710922299807
13,424b638423f4862b2a84f22ec25fa22eb2c8p,0,0.02664901620901971
13,6b1666662837213ce77c329d8cb2a842epaeh,0,0.0008768946307011216
13,12fefd74d82d90541872847f199f6324cowi5,0,0.001079293198440194
13,e29ae1bd8e6e7dfc9cb43b1572d3d55ca0hc1,0,0.0008577801536637417
13,ba258a455ca17f2c13cab3d0afc7de0b48h0t,0,0.0006978924569598671
13,df12e679581fb2054907dae75c9c78ee9kzzv,0,0.008620308239800631
13,4070f6ad5da385ba11cc99183817eb20h69v1,0,0.003253826487096882
13,f6485cac867e1e7d2d991838551b4c4bfnarv,0,0.012045486788141154
13,2baa5a9ec317cb21a11d83f6dc72a2d6xy9jb,0,0.009585204271078354
13,d2b8a15ae403dabc5aa752b205181dbe1lm57,0,0.005384053994282752
13,f939c17ffc7c39ac9b35b69e5e75179fv9pe2,0,0.025321327734665604
13,84a769adc98498f52debfe57b93a0789556f4,0,0.08860645814821479
14,91a3c57b13234af24875c56fb7e2b2f4rb56a,0,0.0013287087757665246
14,6e4d22dbabcf2eaae5689c7d155e1c1fev15l,0,0.00028381974209831925
14,95fede5853bfffda8f50f6af494ff1d1hsgie,0,0.06044644786137757
14,d36857d18a397e7e24d05dcbef3b919ftjstv,0,0.0189340288344041
14,c62bac5be6489bc0e0a7834a11167171c8ww3,0,0.0036711009308281082
14,848d3eaa622b26fe57d352eedd9649f4v6obv,0,0.0019190349940687668
14,64a39f766b2e9d9471b104f0d0289740a9kdq,0,0.0011379270690479186
14,e3ccc9bd16fa1f4a92fe87b4a54e5e72uficw,0,0.3985824598238142
14,d738b259ec6e6af625d1f41abcfd63e9e53tx,0,0.01038709630785983
14,4dd2a50e589cde2802c4bab143dea61ak517w,0,0.0009234654331226451
14,19815d9bcdc74c3ddfb9ff210c1739f3tup3i,0,0.001382278393488766
14,bd586db332285f3c45814fbb8f638d79d26u7,0,0.0016981511474392782
14,a3c2ba79963b637f15086e6255a46253lwpnb,0,0.0024150020126407845
14,6394edfbd35aab54801518835e33ed50hcr5f,0,0.02099169161961301
14,c5babbaace35399cf51a9356bbc22733xpi5h,0,0.005807513308805289
14,bd2cf3a868d168425cf1bde7c49d40b9jq0xu,0,0.02099169161961301
14,001068c415025a009fee375a12cff4fcnht8y,0,0.071013250248365
14,9df0b0e5ca66460495931376045feb5fu4y7b,0,0.02099169161961301
14,d9c6b6d7290e4475bcd6d264fb33a706fqtvc,0,0.14176799030943377
14,1ae57d217b27820cabf6e24b721bfb38s6ja0,0,0.03876202576689583
14,d27221cf2bfaf0fa7a60ffd3e1e3a53efagvp,0,0.38245836677998085
14,915ccac760c7359a446100fd1a54bbf6oyrzf,0,0.005012404587474642
14,60b8145bcfed7a5f2a23b596a8aff99cdzn4m,0,0.0038521642912747
14,9baf61c813f1d4a09e3c70f6dc741f34voe3n,0,0.0191647546046561
14,226017dcd6506ce20886540ff734210d8hib1,0,0.0031513451815674584
14,ae94687eaad6b410713db9106c42566axgn9n,0,0.007879947422740117
14,367edc726ba8e667973844395493559dtf2o3,0,0.017171102764070047
14,91d9b706f63537c5fc0027c50b0e3b06qpdgz,0,0.015231171414132277
14,74ecf5f9adfa4dcca4dcf020209db81arynmk,0,0.002692125903387302
14,fae963b2adbefc663692d7feddb50d5dxz1hn,0,0.299607162876881
14,090c77ac89c7063f0d0ce064ce3cb3afllf5h,0,0.02099169161961301
14,f80075873f7183a03b1b10ac3f740032v6w99,0,0.011364341465012626
14,2c31770e98fc9fc7e0f1fee6207b5600c0e10,0,0.06730837166852582
14,de9f5df5962dc171c7d82ab503c36dbfwicon,0,0.004211609169672881
14,a94c16f8a98e493e2b4390b1975e690dv8cmu,0,0.014757841767940939
14,2515c5fd81638d5d0bca39a2b2be3995tante,0,0.11748286608521737
14,c48fd9c589f273945bad5f0cea5993ba2fet4,0,0.6666071178543702
14,7f807b2eb6c391d55e67bcdf7e1cbb3fhylw0,0,0.0040940810987840455
14,068450aafae2a6e390e35925d964290cdliqf,0,0.06156597116331353
14,eaac863aaf84acb7529462118e7953c3oeky6,0,0.0062151925903164255
14,88103add66b7113729a9ca82540684c9il94h,0,0.02209554829719535
14,8b4071f3e2702b88481054081363bc15her3f,0,0.33164446877486875
14,3a5420301c0dacbc5675f6f09aac0143tuodl,0,0.07581441836219964
14,dd055846eb553ab8e953b084f2048d53bdqec,0,0.43152273192632995
14,2918b09c1ed9e9e8602f85175b266aeej5v6w,0,0.0029533248814291348
14,124727083cd4159b40ff8d4b36a89340l6fga,0,0.05182358156512989
14,4679df74080bc22e29676bddc5bcbf51gsyds,0,0.005143267886729455
14,01a39439e7afbdcfe385eedbddb23d76zgdrg,0,0.006281848715831394
14,7dc423d0bbfd840fa0bf75203cd7bcee75kmh,0,0.005382491138331901
14,024937af9ea18a2b57e4f08762d181f7s8a3z,0,0.02099169161961301
14,c600968815fc32b20e0519ecfce5b648en2wo,1,0.9932165359080826
14,245b584befa6a5b8c759491f5f3db580p2m5v,0,0.0021847101234403693
14,aa8aeba2bdd0353a108b9b26f12ed59559mvz,0,0.0018494599656631318
14,6aeab198df208f8628825f7eb3ec3701p2ybk,0,0.0033783236583034065
14,5a2aa4e8c227de4db26547fdc1f017cbxb62j,0,0.0010734462447918032
14,5850b68151cf0760e94acb39c4dfa02026k4u,0,0.003859616702342075
14,f876e3be4038da62f49234ee498feb732gdcl,0,0.0014673840014014937
14,205c519be884c5b1c885f61c4ba8738a737qg,0,0.957215345995093
14,e0824707d4a78230ae54209a920bc3e3pzdpp,0,0.015611075588576247
14,e959a3ae64e28a7d3b37934c0d826867o3sp6,0,0.0014639377012613298
14,7b93ccc9d5730b561ec5fa7f4bd48c04qudf1,0,0.6189412212274188
14,791031a63c9e2b4835caa9a4cc1768baias2l,0,0.001530009681198338
14,dfa45994c8471762d04deb23c6450598byp8y,0,0.014857462937173617
14,a539fbaf8b29613ff0e4f3e5831aa7a5p2cva,0,0.049638240628841965
14,d3c80e9f6b8e1d774679fd8dd5aae611e3qls,0,0.003710990916361506
14,1b0534afb7c02bb023bd4767ae73f17dqzqdu,0,0.16738699687986097
14,f93a998dc10a4c98f65c6b86fdff651d5i4qh,0,0.06044644786137757
14,fb5a19240e36ae12aaccc1e9d9231144l32hv,0,0.050874960183223024
14,8c4b0d95ba36c0ba2a52f9043c62fccev75uu,0,0.002936172540439948
14,27cc072f1432f7aec4b7e17cf2e473f2x3bjg,0,0.8500478101267107
14,44c75302aa4404e23781f8337cddf6ed5tqun,0,0.14609746368110874
14,22401c4dc0cb1e5d52da01ebb8b2839cdoauo,0,0.0021859543733848356
14,640f41f27c03aca0c45775eb918b666cnjsqv,0,0.09148779537376522
14,3c0026d48f3d6e10cef6cdb1f708793ccwkhr,0,0.005736867517731277
14,dcd54d7afa6820e3f00e1c9e83aecc7b4f3lw,0,0.37000406153100013
14,6ed7b95dcea7b359248e9efce91cbb11lm7hf,0,0.03500086176252794
14,5c28b04424e96267711d5af2db62e022tp36c,0,0.05173449991076483
14,9819825acfa7e20c47a78bda5e76b195jh0gd,0,0.05537292094079878
14,db80f065a93cc6b41d12af614bc3ec11kpwjp,0,0.13229859214306905
14,b2d3db61ddb119aa4e5f43e1bf72e349xr5tp,0,0.038116878024047514
14,2e1eb5b56591662fd7ecd7b39621bbcfgd1ks,0,0.020154919590967237
14,4f891171f7b09f54d8b4f30b48421f178m75r,0,0.140984960995524
14,3961434cea4339f0049798fab2bc73aekuxjv,0,0.0013245018779261388
14,e1fb642deec7b382433de94983d97681o14ko,0,0.0019655716516163583
14,8fe6da2176541d0ce24574dbb60f9107oq1kn,0,0.01312139567489789
14,f04748a1437347d837a65ce04ee7d94enqhub,0,0.010284537594207598
14,3835e3bbf9a17a33867860a9ba19621dp4wdc,0,0.006179391125822519
14,c871daa6b709e008825b667b05efddca04jbe,0,0.09148779537376522
14,2a5726bd00709641cc54a8ab5422cde3uchoe,0,0.020154919590967237
14,c6f07c222aa3a9d35b0e01f8959ffd21oownr,0,0.0023432423465929034
14,584d1d60d357a4ee1fd3b0a6a72de1dc4rodn,0,0.02209554829719535
14,d63671871e4010e904b9419e48781565weafn,0,0.005057896122978739
14,e0e5719b5d763eb4e04c7f6e4e32884cmlpj7,0,0.02209554829719535
14,9211adb9cc770c78a70b55441acd146bfxnz2,0,0.0017273030284807639
14,e69dc706f159ef6e26df0d88388bc5edlymly,0,0.001465728400832709
14,9774dc752f855f07b9c00eb7018b607c0ymxo,0,0.0022363831387154053
14,a664b6b42fd48403fbd34800063fa50bz6k4m,1,0.9847020008991024
14,0870fb7e5701f3ba56762b03e157afdc1yw7u,0,0.8050206087743086
14,96caf14832aa8be04d98aa481b320392kb2gc,0,0.0038334742452887966
14,61101089c1b34f409fc9b836a7f9cd163y22l,0,0.002125291011366168
14,a3910fbd35b7a0c383c9805eafda616fra4xo,0,0.02209554829719535
14,ce22684df495e376e32ac95d3ceb1164t37l2,0,0.02209554829719535
14,37ebf34eaeb8a434976416c34ed5c6d8ywyoj,0,0.0016036435636442737
14,445305769cbfccafc89ff5ebd004598einesy,0,0.006644159728309453
14,2794512e8edad5f99d28c33c7560fccb9zl8i,0,0.4370460590205097
14,40ef6a4a0c99b478fee1c93f4105b9d9mh9iv,0,0.07171910158493126
14,2d6a70a8341ea0fbe4c8537ffbce919etg4x0,0,0.02099169161961301
14,88bf2c0f5460e28deb5eca2ef8e5e809ol5ru,0,0.0003704152963399684
14,0853bead89b03dd38a04d84f4312da7dukglz,0,0.007317316607304785
14,40efc98d259ee36a8c2a387ba49f39d0fa39h,0,0.8070677111682252
14,e4a9bdad09ebc5d5a264723855fcaaad6q52x,0,0.16263953599640657
14,b4550ab1da3a3ed6e4a206c9ef78d496q23hb,0,0.020006730758279356
14,222a0e05442fec0af2d20ebdcafe4b28c2pi4,0,0.0016533156636290725
14,2797fe80977297483e724b8390161c937dh4g,0,0.013968689256520752
14,1e0b1a6ea8d307cb61e221723534c4dclf9w1,0,0.01583963615869045
14,34a7ce35b13775be4e20930ba2788a3ebu5n0,0,0.0015217483757096087
14,05a07a27e235d01fe480ea6ac73b8838jq28x,0,0.0065459125717464125
14,7a71e329f3f2da98a3f82e7bfcb705a0t5822,0,0.036019584249898894
14,6db047b1bdd342c09ecf9f5eecccaa4fy5l0q,0,0.38009069048419464
14,f211ff014ed43c9054916f97d6187108mpxr6,0,0.9711938120659698
14,c97dda0fd2de7d82d3a52eb6c0788062h3tq6,0,0.02209554829719535
14,bba40511c6e56070602e8dde4229ff923zbuq,0,0.0009928183246309152
14,8783939eb63e5eb4e5cd412d8480f3955ipxu,0,0.00020408768036485193
14,cbe756ce81f5c420a1f7079791ed9aa2js2u7,0,0.06156597116331353
14,0daf4f87eb695e2a84e4156154209e09k6ga5,0,0.02099169161961301
14,e0a87bc26e13c599894d7a5103fdca786tfat,0,0.03876202576689583
14,9f7e3e648ea8e6815c6e7caf59412e843iqbz,0,0.0019807028885081204
14,8ea020a1fdccfd726f74ed7e90dc3400zy9iy,0,0.002598862820992541
14,99bfa04865566ca88573ebfd3c7fb1f2c64cr,0,0.004196608654511179
14,b9743f78108aefe3995e1c2291b5f3278cgpk,0,0.008094696644734735
14,7daf0e51b276c6ab5bd2ccf520dae106graj8,0,0.0008760121295300319
14,676ad0665c9bf74329ddc1f70ea48c16stnux,0,0.0007010386300155049
14,8ec9269ed4f5aef4584d887dfd9e595aaynzb,0,0.00019763755089563704
14,d4d4b36ea722e5b939e51e34953004c4t671f,0,0.0010481425085890766
14,fd1299f1343236dea07bd0ba5f8ca220csnv8,0,0.0014001230378608966
14,0fa357965f89388d8e7eb8cbc3b85c6bnnro4,0,0.004061582690418405
14,54e279a4e162af7fc55d640aa62d0cbc9hxil,0,0.1298572023159721
14,452619e019e5651a8d98e3d59a478b7fez5e0,0,0.001832257553860453
14,cf4eb0f68d47e6d4b92befd0b8fff39a098cd,0,0.004781487376361991
14,9af8e7dbdc3c620c8144d736242b3bd2fdbpx,0,0.0023900154509329534
14,8bf07d8631a2808f2c869e27afad2d41swgkd,1,0.9518444485278171
14,6e18a078182a21b8522bb69a822cc338in7rn,0,0.0028961776926705934
14,e2a61feee7f94b49d7de1ac6efb237c0fjt1z,0,0.00392103581792952
14,1717f6d4c48ae8d3e5f2566d4bb525f854j6d,0,0.0011510983975650776
14,1e050a096927d5b34f4a85d3af28d30eybsaz,0,0.019441329230951862
14,33189c09ca7067834fd25a54920f82d4nd7a4,1,0.9738623185838678
14,557f06b312e040ed3cd7dd2a011cb83avyut1,0,0.1210686794357454
14,d4be674fce23aae81c4cb946d4fff8671gxtu,0,0.0031386653746703886
14,ef905e4d866c43dbc345751e7fabe5a568kjs,0,0.030066160205808462
14,1bb03cdb913f203f704caf8bf6840b6fbpigb,0,0.3460028399731608
14,ae6758a627a111f6d6b530b0154c429566o4k,1,0.09176851279702107
14,3bc8edfa1995a99110b957ee98fb5c76nkl7t,0,0.457962280954847
14,4f07602a713c192a941204b27e2abcf1srnke,0,0.006703332533800125
14,e2e14e8e15204b504b146d17a2bed925qg3u2,0,0.07171910158493126
14,d1780c224460a0c20d5c2f5f68714c5264xd0,0,0.0046814548757397
14,0cbd01c9e8cc800aabd3b3e4c618f9caktfgp,0,0.7584169133333517
14,86a3a9861ed45158e964f9d004a224b3324cl,0,0.0031652281497946055
14,58c3300ea9095cf5e59e27abf2a905ce7tl6p,0,0.02099169161961301
14,c41f5fb84d9f9e2456a5264c79919569vrhau,0,0.0077272040367790135
14,b2a19e17e1b9e0bca8e4563efbff5fed7v9xe,0,0.0016749938126496748
14,8d49c8e70bf96a255baf30acc76a3f59b394w,0,0.045390964082223595
14,147164a9fe8a6bce381a224e9f13207cc1mdg,0,0.02209554829719535
14,98a5197faba8ba72d6ee9e1c95d65d737sigb,0,0.009331741781583436
14,cb6ea552ab5b90e2d0572148426ca275d1zzj,0,0.0014721928909304828
14,0a43de0ab0a7525fec59ef4bc1dda7a2z9z69,0,0.09384614442574193
14,13dfda714fb516e1f9f7abb0c927bdc2zmw55,0,0.02099169161961301
14,2b044b4b7949b96e38084e59b5d1d328jib5o,0,0.1384736905763122
14,9b733fcc97535e27037c231858a711adyzvqf,0,0.0011103333094378816
14,9db7471a12cc3b8fa3cba86bc00abde2t2wz5,0,0.0013856487232143627
14,c59f4511da2e8dfbf02668a49bc391895wk3u,0,0.02099169161961301
14,6a1d4042a5f3a3f34f5b3ea753ecce30l0qj1,0,0.002893972618885765
14,7c08de9de285265b2c34970139331f9fnr9ad,0,0.058385330124803105
14,f019bd7ec140624144c4a9b40c42bec9jok79,0,0.002006183186467236
14,497b8beb19a7f674bc53acf7f5c7ec8cxv68x,0,0.005191843152426183
14,669c6a0e8aabbf0647e8ee6e150c47b18a4pu,1,0.6309750972435841
14,a2933e33896035761240ef5a62477779jf7ny,0,0.6086642129291904
14,6be863f26f22cd79be272789ac7e9153v27yt,0,0.013464150546123503
14,5dd3494b46f39f8c8783c25527b64dd8hp8ti,0,0.04665803866908111
14,aea096a392f55d95c3e45251931e9755a9t3o,0,0.6465269255239023
14,05ae7ea9549ae298bbbc8002b4229392e0ilf,0,0.0018677355236093223
14,a5fb60c136b7e0a6d0d6e27cadb2a797225r6,0,0.006389928939104856
14,85ac49e7f93bf0e20323de78362bb4aadnwia,0,0.0226927112582265
14,b34fe965c04012fd22123ed948257184pqvfg,1,0.8697930474462835
14,0bf6e0e5184b3599bbb4ba1fb3a43549ije34,0,0.2591118137587603
14,76d4a0147a60d871867f00adf45cb792w9c6n,0,0.011760712981260257
14,2fc0efdb6ff10d51e3a4d979ee52cf07p4068,0,0.005166925105444012
14,877d96d9abeb73e437a8ebd74abbbf45p8s80,0,0.0014761320053606891
14,4444bfb455b90711234e0c25345abbaddrt0x,0,0.0046814548757397
14,70daecd44c89c37525aa2ca294378ead4dggh,0,0.5702441235464977
14,39a5a16e5a67c2fb51789cea4d3091f0mv996,0,0.00022401325753148785
14,fe6ed3a12fbbf5da4980337564361710v2y21,0,0.0016050148186184507
14,78a444127a896122678835e12ef507deh01hn,0,0.004914534827202745
14,14d4e04d7ed150613974438a4dfd4e85dybq3,0,0.014631588755205269
14,fec57d2db5692eb144a71aaa35a11b58delkw,0,0.007506559061906958
14,1afac423a94778ddf9b6c1dc0df7105cgp1tp,0,0.0047163189381230685
14,c9f94611f4c9afd3a3153da9654e7310jr201,0,0.009636580047342818
14,8bbb16c0a1bb808389051c875ebab1cea0v56,0,0.0035886945332187807
14,f12120e467869d3d5dbf7c7d0566a8e7bmmhk,0,0.005497950974477497
14,4ac31aea605d17045ceedbce23eed239omved,0,0.10468210535197024
14,1a9765ed302d0f91b512c23112066e41s755q,0,0.02099169161961301
14,93ab2dedd76c1859885cf724ebcd987c9ngfi,0,0.003582546588053175
14,01cda526658455000913950f20cf31a2q6nsf,0,0.001196453448618031
14,fe6adfbbb2fc1ec0c3edf6677204bcb245uf2,0,0.0016098891755778
14,36e2e2f32a3872d3e958c0a58ee79bd129xdy,0,0.0013050637898902335
14,361c6da33ccd1c0df152fd932e6fb2a69i4ux,0,0.0007280235883046062
14,332484ddd66b9a3db89ee68f08b1288amq90u,0,0.00200871604853325
14,6a2c4aeaa17c2fcf20958803a674f101vlxw1,0,0.003842911903364587
14,28b4c35bd90c81ca959da328806469d493mvj,0,0.02209554829719535
14,716079d1913959ccae0307f760bcddddt6d4o,0,0.0008196093746807782
14,4992da4511c3c1b4efed3e16c7d8dec65ilfj,0,0.021196700830690897
14,519c0f3b989c8e1781e0910f685980ce15wzr,0,0.003850465786811949
14,e735a2301a18772a8276aa1f17ef79efu4yew,0,0.0012684342115136197
14,85d020b5f3d99d1272efa0a0d34c56a5dtvxb,0,0.012977324272963872
14,ed4802c318a7e04a5703ed115fe4f3a3kkugq,0,0.0051807675170640185
14,c6453f296ce36005d7e7e67e159e1b7cdbmus,0,0.07879705889166623
14,1df1dab2eb718c3da3f9a0aa90b93651sxqzo,0,0.0007908302818262407
14,f9378eb3e522beef7e6a4e1f275bbe0eaboro,0,0.0046814548757397
14,649b364bc466208e559858f0677b421dbnalw,0,0.00025205667473811544
14,b8d88a1167ab74ba64fd6d9c83308a6d4oa6v,0,0.014883232100510835
14,8cb96eaadc11cf4f914bad84518632e7czdyl,0,0.9683858161601432
14,384ba7c5a8ccf55d174080d9ad7de9b8mfysi,0,0.002003040250878728
14,d8a4b49ed9ca241f025cdbd9637198fb71qmz,0,0.003740405267362571
14,2b13a870a46975494b749feea0c5c7ed170ll,0,0.0010826660837120528
14,1aa485901ede7baf78ea116e297e9d7f9en6i,1,0.12049818710476964
14,4ed4760782d4e2c65bee8cadc1fcdc89htz8b,0,0.0019879744557639223
14,91c749114e26abdb9a4536169f9b4580huern,1,0.02209554829719535
14,ba266f4898bf572447ad65856b362595yjt2a,0,0.0018500784209007843
14,2daa71f0d138b8c2d61583d3b98a25e1mjp9c,0,0.00166395667689695
14,c900620a019e78a3eee44109e4d1e1d2xd2gj,0,0.00166395667689695
14,53f61a2f33e8b07e49da643af49884782vzdu,0,0.0024850324083469915
14,8c33cf751b05ca6a9d886a379a84a2ees9jlu,1,0.010202681490801665
14,3694aa599f836a57b671ee0814b071775i1nf,0,0.11249855461200942
14,a447127835855849fa2ee496d05e0847fgt68,0,0.4121930822526214
14,5ccc30558d4c218cbb4d36872fb82a03rjxgz,0,0.0010855599680696685
14,c503bb79d4f3522f51d348c680906c1bs0w7z,0,0.006113978286674611
14,5e945cce4e72950e0930b2700e77fc8eq2abo,0,0.0033155055983503856
14,2b4b36fd77eaeabbdad8fac68b17ece5ey04u,0,0.02209554829719535
14,d127576e329604b576df0a3248cdcda3279td,0,0.053702279395186604
14,c5863a228287327c9980d12a632985da9vi29,0,0.05539618226759109
14,06c281e31f83dcfd3fe70d2ee2d66bc7e6fw6,0,0.001825977036970329
14,db85fb5556f17b744938cdcc2e7ce9b5urspd,1,0.22763786723133592
14,afb1d898d15663a9477870391cf39b697gso2,0,0.002237033497758278
14,d79919e5ba11f26bce5e70f0a4f859e3e4q9y,0,0.9496594896423627
14,c0b7161a67a0aae21788103c08eba7e9z8e8k,0,0.004208762338292773
14,0496c24a6a7f593f28bf7896350e946advl6i,0,0.001611721990932016
14,900284c412387e0bb2dc2aa5ce42dbb9th70g,0,0.0032242290771584397
14,30788b28de22d28938ecd7ed6795a8b022qm7,0,0.05023397811753227
14,b7515e5f181a6d4884674897226cfe9cpd6d6,0,0.0015993518460986702
14,c6fcf1f7b824c864d492c4cd676cd702owsuv,0,0.0026309232788557222
14,fc870f3872dd5e36e4dfc4ccde28cc930tify,0,0.0016929036244017516
14,e587d92842526255c86d3b0d425747ecib83l,0,0.2271723697039181
14,aaa8650a6e0997e90e4b6a9fc2ddf555m5c1g,0,0.0070132008013025
14,e0984156959c3e7cd05b7ec8ae239303inqlo,0,0.0044226541799754215
14,83e8aa6cb15daa745c75ba3c29a2f646zjw33,0,0.007092580899457419
14,70cc5da141baac4712163f5cd4bd4a50za0n9,0,0.01327805473171306
14,4cd52ae88da3e30dbe01da5048151c98p4f0v,0,0.33164446877486875
14,21114d057c297080f0f882420d2436b5mmukc,0,0.08141480348076895
14,ca28bff4ab1f6e74bf08b92e16989e11vn2mf,0,0.0015733970006524631
14,17c59325ec223c94dcb301a7451c39871vxq3,0,0.0008842052241855575
14,8a3f5e16e4e689897d872716efeeaa0904tyl,0,0.0015973268589109053
14,5097b3a4011380b5d9447e1a7a20b1a556yzj,0,0.00468014549599733
14,9ab00034c9b00521ce121adb5dd4aa15tlhc4,0,0.002104349921258553
14,5de403f3d49221bfa7116570a4d572d8m19sh,0,0.020154919590967237
14,f725c5b4cece8353da7a636fcba0ecb5yxshd,0,0.09839437217553983
14,f8e90361c36eb3f6fbd485748e731fb7w2ci4,0,0.0028672788785652136
14,2eb8a353db13e68388f544daa2e28359oenbs,0,0.6372466975924908
14,308a5541e1206e126ef80f18cc29b7017520l,0,0.13229859214306905
14,722d1147768bdb5918584997e1f677e55g0nv,0,0.004416239377771939
14,cab7ecf98fd0489389a3a8d3961defb3k66og,0,0.0012037857484578525
14,14e29ea004067aace14ee4543876a06365os8,0,0.003628117353703946
14,d5b75c812d172da1ecb3164a1cfb7527688gb,0,0.003295086175932796
14,3ecced86078287dbd2eac2cfac98367fbbelu,0,0.02332481386134647
14,c41ea39b2e13b0fc9ccccc2546f924f1obd0w,0,0.008261500088625593
14,782557b3ec17063f2a36fc9193ed3200h14me,0,0.07174593712567233
14,54957cfd12ec8c64918b6200ea25d27fsc9hx,0,0.0017128327774387881
14,e783e5f6b818d18eda4065282022ac23jd1fw,0,0.009594339028948306
14,462df7ecf1d47980dea6a93d44fb408d4u2d5,0,0.04052784645978096
14,74487d5ffd5c34de4fecaf9dcb66f86b0wwa2,0,0.002104265022412529
14,97f541ffdcbd1ee34610e3099c5df42acfvcd,0,0.011356519114372694
14,2d2839fa92d1c8e94bdeb1fbb9e62149x6xc5,1,0.9955674114904658
14,76f7e6c70f2b84d885b23e2b2831e113ueqo2,0,0.006481659209489115
14,10f01aff2fc23653ca7ea1d74248357a889wv,0,0.0024179769599232295
14,8a27b2e29086c0d2e589053537e88393zsyr2,0,0.02209554829719535
14,88641b0f22cf175876bfc4adc44c00f58b5rz,0,0.0017592366527224535
14,eeda0d135495167db9425fc5fa3a5e3ex2zel,0,0.02209554829719535
14,37bf6f23b628a3e2b5b22ba81beccbef0efoh,0,0.1089623463758414
14,d4b2fd8f5e8e02b660e9803cbcfa6cf2t5szq,0,0.005753319936814334
14,1689122c3b25d9e7adc626de84c10006fr2n5,0,0.002586509506335992
14,9a44bfde11a7b6ade17cd33a2b5102fcnlhm7,0,0.0013362799550518285
14,9be39ea5a0612fae7bc43a25a6d10856l3qaj,1,0.04810651194901322
14,340d7ea497f16bdb912ec5c6ce467f71kk7hy,1,0.14301281319312992
14,074daf9a99b01591cb0637cb95c32600roriz,0,0.003355264629061127
14,63424f85cf53557fdb5dfc6a280af75epl45b,0,0.00168184312574525
14,8c09f4afd78059d9200cddc435f5c48ceph11,0,0.0006922821468236031
14,5e5d3410ca3605694b3c75b2274efd44c9vru,0,0.0017506029703750385
14,817f8074bad1c717afaa8d1696f9b2b00muzw,0,0.0015284024729369278
14,3c77ec9f79f6febf630325ef84f2a0bcl3qg1,0,0.010945260863578794
14,953e01bab9ac8786b4bfc77d183732bbqw6ng,0,0.022614814306511136
14,c8cf68aa6abce25325dfdad4a98fd890ap57f,0,0.0046814548757397
14,820dc943d26965d377be315497837bba5iz67,0,0.0005349978694836891
14,a4475cf8808f8951dd5163ded3ee8032g9vxd,0,0.0046814548757397
14,9655ccc7c0c193f1549475f02c54dce45kjw7,1,0.0036112882899307303
14,f428427d7227ddcda377cd00f07749576c6b3,0,0.02209554829719535
14,026819504b59bc4eefb9963d5fe4271aql15u,0,0.001497364017574149
14,936a335eab4643c3529968a4d9b0c380esi7q,0,0.001383456925454386
14,162886daa0054ff1ad422e0f18cddff3qofft,0,0.01903279367707986
14,603d769a86a359a0d41118b47c0ab41fx7kz5,0,0.0010682769696522055
14,e241b80fc1b431397ba6c70f2fb8ccb72wbra,0,0.010125494543286161
14,a6f994251abda6687ada2e9de52bddb5cisa7,0,0.003282283598608425
14,c4294be0db6b5c9357ae5e2e7fc8da9489qpc,0,0.0010116052723213803
14,f268f61e075419e5a001b86ee78557e2kmg14,0,0.0039053101702505332
14,874f882f7efff96263e9b555415aac36dsxry,0,0.00030221188087148034
14,9f9dd5c179d357b53f145ae1e5cc941f5qfuy,0,0.0004994149415375585
14,6da536112251f09a006b0c5223f154d46en4j,0,0.0010417681040347211
14,4950352b0410495ef65a92b08b5be463c20yn,0,0.02209554829719535
14,01c1c7be49cd6cfbb9075925a05c9899p41va,0,0.001622045692403662
14,e50426efab1e9d60b8f7258130f8791czrpvg,0,0.02209554829719535
14,b0014101fe1b510ea150c149145dbced3q3md,0,0.0016890181683704422
14,eb27d8daded752fc0d1c828867b0f118cswwq,0,0.0007593932740620628
14,0f8cb1baa83fefac10f885f79149bf13kn4nw,0,0.01610416079557352
14,332ef2c7189603a497fc89345ee4f5605i5xw,0,0.02963953253103293
14,572c9964ca41ed055830845993fdab29p4f03,0,0.007696113578535964
14,aa75d58c3e1207618d47c72ffb19c872bolg8,0,0.10144852964832393
14,167008af05d4feaa636a565f6f83ec61a6ogj,0,0.0006908109838854063
14,32d2ce86b00693f0c26314e3cce2438dvxbt3,0,0.13229859214306905
14,da950a556200395a82e23e3bbfe1abb6xs258,0,0.0017529679091878485
14,04c6b750b0552089c87ae03de72289cfcpfmh,0,0.0008087857985244484
14,af50d549e86276f034e52037722dd5aetouu2,0,0.0006930924422313885
14,167b4f37a264b72feb0f559b650d1cbd3ox60,0,0.006091307775134332
14,8152c94b639be88e7076f0e32bd70e0eg004b,0,0.0030846717940010066
14,40fafe756c4695b32df7d19d4c710dabvzr79,0,0.0046814548757397
14,55abcd1b00c6b5b54633fc7e98f0110bwoy3v,0,0.19165696805663238
14,ff3ae9450581aa3de5d2326f70e39d20w8fbl,0,0.003938705440178022
14,76ed824b414b5e690ff82e7cd2f5be52256my,0,0.25792504837815766
14,e59ca537cb8df3053bdd555bc987b4a7c7m4e,0,0.00663126213662607
14,76f17ce227e593aeff456fed46e36c83a3j72,0,0.24334436462968517
14,64f6b099082e4fb2e8da7ba4ae9abdead2cej,0,0.003288797586029423
14,429b876aa7e2d6741ddf322685363ccchue2v,0,0.002849748229944274
14,b1863365ae232a316eb946ba56a29415m0gdz,1,0.9632653490444171
14,036a4050a5dd65e70f0f613ec2e38a74re026,0,0.001144233327265044
14,628156f3bce703aa6bd275089c6c692499h1q,0,0.2656608668784727
14,470727c18798cf0e0ecc2a0dca207cafuena7,0,0.02099169161961301
14,308def7f05575db9bcb6a67207d6c1beb2cqt,0,0.013028805335992112
14,0f33df2513a519a35c8b3dcf1d7c7416jjjzk,0,0.2264170182227133
14,762046a235e00ec6521ba71aaa1450c28ijkz,0,0.6277709109104709
14,ae9e482a7f4a625a878c6ee0eb4dcd01dkm6d,0,0.003209743832575773
14,535ed161b4c9960a71ccd53128df4766ddyq6,1,0.4982885648901581
14,3ef2325f8b68e1c030547a2a54ea6b98zwa2w,0,0.02099169161961301
14,a6230fdfd4879433e36a76d53440f426c7a7a,0,0.10665228715972934
14,6c8ffec692e88d81e1b18d47818abb04v6llr,0,0.00020404501996284572
14,c780bc2dc7ab83d5e5c85dd13f0f7fdecfxjq,1,0.4123503597058283
14,81207d4ecf830fee924989f4fe1eaa7fntkmw,0,0.0036917173054066754
14,fa918060747386f431a511c862565e34y1pdw,0,0.0002956364368862736
14,1fcca45fdd3d1d3638821f41e032f170en3h7,0,0.0002592993179522632
14,6c2488ec88e02bb38920200ece7d337e0bffy,0,0.09148779537376522
14,0c55920fb607fef2d33324f33565758a6e4dj,0,0.001073040201552968
14,e72d1b2319a2ef39d016c41e4824b68evxe53,0,0.0007704860356502423
14,0a92c4fa2bcdc8e952546d236b322053o5wbk,0,0.0016369102093945326
14,c1859303603734d90d1a91d80977e14echjim,0,0.15456075612003625
14,33ba799fab5e4145b54fac4234bb6e13up0tu,0,0.002639399009463068
14,170a58cf637c08f0818ebdbfddca29c9irkxj,0,0.002416035113953185
14,71396d66a14f4ce0c96436456462863abwefv,0,0.06492944887583557
14,49f4481b6bc2255e745ef20ac2a720754r9mp,0,0.07879705889166623
14,f6a7e7b14d39804c7d15627e2fa384a1cq892,0,0.02099169161961301
14,8bc2a424939c50eaf4a652e253421b0f9b0y9,0,0.07913207493070264
14,77bc113594866d4902d6f867a456750c9vvmu,0,0.0028908231247141564
14,e0fde4b9b7ec14e80de3c811ecae157f6kqd9,0,0.12050924610571909
14,0e373556d3bf588a1bb2ca6354120cf2dmvjs,0,0.0011774497392151339
14,c670e7fb466b09000f1053d2761752268bkfm,1,0.0747284241918337
14,4de2f22ca840fce9ac653e4aa06d9b0cnhudf,0,0.00408166712756796
14,20d31f20169e8612fe13818891f88a83r66gm,0,0.02209554829719535
14,042780ee9a3730703e35340c575c3cbb7zjwk,0,0.055276994616770304
14,f4d69870de1e803fe00f8126e73a7e33zwcds,0,0.06431131496857113
14,a58ace8b671a7531c88814bc86b2a34cf0crb,0,0.011597411479894088
14,4c46b1ea933d574a985776ed356312505nagr,0,0.01026363948120976
14,f2ea6d89dd9897f0d6edb6f24c446f01ra6yk,0,0.6290770782428726
14,1a5d7993b43386f64fcf4b84e7b183a6ref21,0,0.011874659854992581
14,964028ac24d4ca16c4b63f64b06df1c8ltrrl,0,0.0002703956895522902
14,7505bfc1ca67a5ae14e329b46a88ab869ms9g,1,0.7702050251217664
14,c888cda1ef5931da0db90f6803cd0d368ay6r,0,0.010535209195727147
14,e9f928411213f44502e4942a29553ab1tbqgu,0,0.0031119238145653066
14,802a819acf0601b43fe5426cb48ac0bbqwfu8,0,0.9678478019849965
14,08a588ebf7b98f44f8fc695d02adfa25x0amy,0,0.0009372210972662298
14,9d8a1ddb38499b3403a6a93395ef29bcrznni,0,0.003507581063196489
14,cdf1fdd424a11dde166c4bf069d6998eph7b1,0,0.18970083944881375
14,fcda141af3b545332fc3b2d55a8bba74uw7s0,0,0.0058473946485857325
14,9f52fd88ba073512be19e3d24d4bb6f91l531,0,0.07033336801625845
14,55453d252a225f3b046c094a7aa330a80dr96,0,0.02099169161961301
14,29e08b4d18198fe9265772fba3a4f6c4mj1rw,0,0.0012065803976360025
14,8f6605a649ae41fe950a6bf579452464d9lmc,0,0.0007958290631621338
14,7e34a26c4c339e875997f4b9239d2b5fscng4,0,0.8691585452771979
14,ad228143392ba96c21bf51499bac1c3b3kmzo,0,0.002442924560322508
14,9f2086ccb71acd84652f861517d4dff9du4y4,0,0.009687996828089676
14,11d5f6925da5809e2d447788b85d6253jj8fu,0,0.07751213731036834
14,18e751726fd7c407c41cb18c20da2c4er5z1r,0,0.0015645922617196705
14,f0c034c46dfb78d2e9e67fd4fa1688fa6mv8k,0,0.0016959070359136121
14,3d575194dae5a2e2966abdf84d800a3bgbsd8,0,0.006861749499830098
14,e0fecfdf4029d9a91664e703a178397718lyl,0,0.0008569004014597218
14,d1200a75b6c05584f4f902e74d3dead76cj15,0,0.003801652312644728
14,9744d8ea513490911a671959c4a530d81fj5e,0,0.1748521489647247
14,c806dbb2decba0ed3c4ff5e2e60a74c2wjvbl,0,0.003288797586029423
14,0381a69b7a061e9ace2798fd48f1f537mgq57,0,0.02099169161961301
15,4ab12bc61c82ddd9c2d65e60555808acqgos1,0,0.2414293323247663
15,25558d24bca82beef0f9db4ba1fe2045ynnvq,0,0.0026692862719033456
15,3f3a3705be5ea07b9ba7ee646ed756fbssuo7,0,0.0019374989899190482
15,38e919293f5dbd62d87ce288e41aae2a281m2,0,0.1179350657099614
15,25d75fd439571c1d9b946f5ec833786063vom,0,0.005014036451091241
15,d878560888b11447e73324a6e263fbd5iydo1,0,0.007525599470210231
15,95fede5853bfffda8f50f6af494ff1d1hsgie,0,0.10497589738805045
15,c0e1ecd40b81bda3b7dcec501334499dgzq17,0,0.04080778738223015
15,9434778d2268f1fa2a8ede48c0cd05c097zey,1,0.2976362440474989
15,e98d8f348b266653b6784329782fd2e91vu3h,0,0.0026181749143877895
15,19815d9bcdc74c3ddfb9ff210c1739f3tup3i,0,0.002126091990402975
15,bd586db332285f3c45814fbb8f638d79d26u7,0,0.0009192784861083446
15,e78cb9678684d649453cd5e1e46baf462lq87,0,0.0035543907778281558
15,09d71d3e6a6871a7598dc2764c5bb4ffkz6mc,0,0.001996146463113472
15,1e342381f2c64318a51a9b71d91897f8dv9ul,0,0.6600587598372541
15,da6e2a5651b4f44fa3cff41cf9731ff8qc8fl,0,0.04080778738223015
15,9df0b0e5ca66460495931376045feb5fu4y7b,0,0.0035543907778281558
15,cab0d4e41ea81636de3bd3a1800d8da8x4yca,0,0.009763377370218176
15,827da66b68b225547050c11df16f845618ptk,0,0.0008035499067168076
15,7cb144485c703ac09fc73aa646041f72ogqwv,0,0.0010078088637084784
15,6531bde8d4decd9708ff4407ef95e887a26yi,0,0.0035543907778281558
15,806a46eb814ec7a09bfffcf38b0763d344tc3,0,0.004414466092773757
15,12d6239a92972a35bc990225b3ab33466znm8,0,0.0013359387589370433
15,5b25a86acea5ff395bbd62399bb5cc9bb7h6i,0,0.00936031567471282
15,3edae72a9d44c43524c0203ce38581d1790xh,0,0.0035543907778281558
15,5106dcca581b63cf2226110a9048ee4846sxb,0,0.14952380050047157
15,ca76df527977e5168e1b3352cfab2ed9htipb,0,0.026960327094866888
15,22fb740f267ac617118261b2fd3365batisfg,0,0.0012178406639896079
15,99fc8ed25265e58bc94d9d95180badf4t2e3i,0,0.015482114258878228
15,e613acb1029ecafd9792c9f75d468e4bmm9zn,0,0.0032767512553032547
15,74fc24cafc7c5936d0422b8da306365byjv2b,0,0.002115164370551161
15,7f807b2eb6c391d55e67bcdf7e1cbb3fhylw0,0,0.0010830581352813244
15,e909515a6ae94a86027c717c4085954akbpt2,0,0.01980061661108401
15,1880a778c9dd0cb15ca1f052308a8e04g7e35,0,0.0015876598301697025
15,068450aafae2a6e390e35925d964290cdliqf,0,0.03297982351592789
15,88103add66b7113729a9ca82540684c9il94h,0,0.05246799906617365
15,4741959d26f99012b8a6a3e3954eae40hsy6j,0,0.0035543907778281558
15,33031f476dec19fe47c0e3a051a68e992hmwv,0,0.05382832006515811
15,d6ebcf2149c311d221b233b268870b3d5gfe2,0,0.002632837753028423
15,f0c356e136831c41884b0732ae3198e0gcy8w,0,0.0066292360216136815
15,dd055846eb553ab8e953b084f2048d53bdqec,0,0.8633894599253535
15,2918b09c1ed9e9e8602f85175b266aeej5v6w,0,0.01584128989012921
15,b5310019f2bbbd975c64dc11189191022k8tj,0,0.0010258861700930045
15,e3ea1d5464543a1ef3a9b60394fc4ab6i1jk3,0,0.002792230863086992
15,908ce7060337fd8550760a100921f6f7wsemn,0,0.010275233104323558
15,dfd5c9157a0a771f235c32f30aedbf84e2552,0,0.004950346761756866
15,024937af9ea18a2b57e4f08762d181f7s8a3z,0,0.0035543907778281558
15,b9080651d16e3d6d2d83e1c5debb55b0qpwbv,0,0.0035543907778281558
15,9e72fb21f7581cfff84e833d02538e5ar35kr,0,0.0004014977209408429
15,99bcfc00be736e03facf0afeb79ac533cs7tp,0,0.04587605784911613
15,175a06fdcf622c9455d0a77990b9302dj23ke,0,0.26853825290213273
15,b719671479e7d75b1ba5a5617c95ccad4dkvm,0,0.0035543907778281558
15,a8561bec318a7d3a0082b35b086b4428wekph,0,0.1412395136675622
15,037d9f10da403d8d5f94b6e2957a3702f6x07,0,0.9302862581846131
15,17c87408ee1009887112745797caeb7fwvqfc,0,0.002100579771853409
15,ee052a24cd3164af9d08fe77bd6b79dfrbelk,0,0.0022722006418461043
15,f75cc5ec8acf1ad2349e00ffc4b3191a531f3,0,0.002725623264156056
15,97b002c9936e63a1fb9994a67615e84fft019,0,0.0028406393450421713
15,33a7a0121e28cca4e42494dd0f5aa03fdhlm1,0,0.0003665927496697307
15,9fada390b6c53ecb47e6f4eb4353e14f01xu0,0,0.0011718944899270787
15,40e00fd204d0ce97110032bfc47f423d0bgrd,1,0.7885673390784343
15,26190fcf0babdbe0b0d903f325c52873tpj7e,0,0.07868969839809221
15,a74e3962ca26514976056bae3c46d579emz6y,0,0.03483258344495696
15,a6bf74b19fcb2687ce345930c4c16d4e2txda,0,0.06453920453306963
15,47c5cd21a74e45dd294cdd53041ec0a3dw3ge,0,0.41229912827303516
15,dfa45994c8471762d04deb23c6450598byp8y,0,0.030979230461777075
15,055282b75717345ba6f53d40e9e6d6c56qrzp,0,0.0052354354649783
15,187636e527504df29bf42d4a2b7767e54bgv7,0,0.010275233104323558
15,1e1c9332e90c1cb0f01da223bc043c528cvwo,0,0.0008389458001874194
15,a0660fe8a46b9cb6b02e7b0c50eef6a905vt6,1,0.5347299462871015
15,72994bece8c918a2c4c432b98780a7bdsctwr,0,0.0031018514153629993
15,c9056fc0cade75299ed4438567a87d6ek44pt,0,0.02952708072574054
15,44c75302aa4404e23781f8337cddf6ed5tqun,0,0.21404237220458922
15,3733f7ea492eef1f69f98593d2122c50xwcha,0,0.003520745034141153
15,282fe85277f7c07b0ffbc5fed621a02ezp1zr,0,0.047934397300104445
15,d65c538ae39fc1a7e0677583bba5fdc6ax1et,0,0.5566013735354481
15,55b39a51c925bfb42fb812ebc5fe318emsjjf,1,0.8211456827912658
15,640f41f27c03aca0c45775eb918b666cnjsqv,0,0.08031903334902887
15,3c0026d48f3d6e10cef6cdb1f708793ccwkhr,0,0.0008375708065153336
15,ca0c049b8c37c99ef93b6086e9947135onppq,0,0.0013415050353817375
15,7fab82fa5eaea6a44eb743bc4bf356b3tarle,1,0.0035543907778281558
15,dcd54d7afa6820e3f00e1c9e83aecc7b4f3lw,0,0.20640937907855583
15,65659f3fbf6207c570c4bb8ac64772e9umh95,0,0.03483258344495696
15,b232fdca7cb98028e8945005f619fb28p8788,0,0.0013388769482359287
15,7029915a2c5aa5d964acfd85c30c3950b4opr,0,0.0008746468692591526
15,3961434cea4339f0049798fab2bc73aekuxjv,0,0.0017630630817006205
15,a8a5bcf248e1326b3340c88e057f59e9nlslq,0,0.02573578864732462
15,bf80bec9b4a8d29c494f8545f2a4be4eji6qj,0,0.057287570550045075
15,35b111da8e919bb34e80511be9cbd128pjjdm,0,0.03483258344495696
15,f8d0d52114da74d98800dc7553008705dth38,0,0.005299202561789744
15,3d7cff3dedd8a8e02dbc551c6a61da3bibbvh,1,0.36375328386840144
15,66513f72be85596a527f9f653db3cb72cq4jg,0,0.18965814638063225
15,c2294751630e49a4e594dfd89383b271qzp0m,0,0.06694146700727605
15,67d245e38ee756947ed395fa099807fchxv99,0,0.0014415588504719356
15,20d08c7edbcb4b4ac0214b664ca5bb9cprntj,0,0.0007181984650203684
15,fbca8e44d824faa1fa6b99325758ff19vi94a,0,0.08509319624461852
15,3ddd3eba016fc11b07c8a9ecb3fcc2975bkru,0,0.0035543907778281558
15,cafa845bd657b17eaa82940d4767d9dfe9uxg,0,0.042408368308623184
15,e69dc706f159ef6e26df0d88388bc5edlymly,0,0.002541549402779741
15,7f603f668968facebb0567015ad4c201kikrh,0,0.0024772182155533037
15,9ebd57da79b9286fd67a53e61528cf63a1w6c,0,0.0009214384242923137
15,ff566c87f2babf3dcd67be286e1c6666cxzh1,0,0.0012838278207871678
15,3b947f8c954acf4354d2c3bdcd494fb0x54ee,0,0.002071955116633021
15,b1bc9ff2b98df742affda07c5977c7345dpm5,0,0.01241586387399795
15,b6a7b5bba132a90e7c7cb350d2bfa52d7sion,0,0.8839337924856919
15,20a2d48ac3400228e7a0296aaa596a0fvckdc,0,0.001465427872273846
15,9be87a4f123366660d7f6d40ffa493a8ffpsj,0,0.005523487631477408
15,662b66b1227816c2f9017cadbc148381alne2,0,0.0016835815325561118
15,42cce5c657dc7d99911d950cb22fcb4fmzz5e,0,0.0012953565902342232
15,51d2e1b98b7a1e42b939637dc6e11381zu201,0,0.0007475379124243476
15,96caf14832aa8be04d98aa481b320392kb2gc,0,0.04239054100135103
15,29b8af2fea3881ef61911612372dac41vczqv,0,0.1056571858554031
15,9393cc68d0357d7b200a94fdf93ee3cf7xg5l,0,0.0003911573167406142
15,06a58d4af0fe7ee15324b0e921e8de1260vef,0,0.0021757898366634503
15,2d6a70a8341ea0fbe4c8537ffbce919etg4x0,0,0.0035543907778281558
15,8cba56e5e7c2be942ea8472b73f0842fil1x0,0,0.0021336499248808365
15,40efc98d259ee36a8c2a387ba49f39d0fa39h,0,0.7972046314903581
15,37ca0d0ded383d709676a4f9729ef39cpjfh4,0,0.0008494749316483665
15,86091a1e6c99358936979baf67d54457x1dzy,0,0.0019673153867653267
15,222a0e05442fec0af2d20ebdcafe4b28c2pi4,0,0.008194480012750995
15,7a71e329f3f2da98a3f82e7bfcb705a0t5822,0,0.05269794904198895
15,163097c029285c7eefa2d60e474d65b4ap2l0,0,0.0009319527365626899
15,44be920e88377290bb204795f05a20369jp06,0,0.0015709896967378697
15,cbe756ce81f5c420a1f7079791ed9aa2js2u7,0,0.03297982351592789
15,10f1460119f9e42bcccd0f68ef59cc830pwtq,0,0.0010350819111038675
15,9f7e3e648ea8e6815c6e7caf59412e843iqbz,0,0.004277049178773669
15,b9743f78108aefe3995e1c2291b5f3278cgpk,0,0.005466269231746925
15,4b3e6a8a52c413a32f76a6d7a84a54bb8gb0t,0,0.010275233104323558
15,b77312a06d10e22e3caca85fc7fe0342b2adf,0,0.03483258344495696
15,d4d4b36ea722e5b939e51e34953004c4t671f,0,0.0024028197756130174
15,de8943f2b113702c98ef695888b7d0c6my29p,0,0.0035543907778281558
15,936d73a062928a362901f0e507d57b0a8rjs7,0,0.005870561992933225
15,2db8669a6d21a5c8197d4287ea32b7883gv5r,0,0.0009596107217337351
15,6713e820273f591bdff7d26a48ee30c5k4iii,0,0.071655618848539
15,b7e16fd4fd9ff04b7d741b70730b7b6b1aw84,0,0.06279922291473727
15,80130530788e55de6e9fd515271859d1kgfsd,0,0.006889743732535242
15,4882587d42b3d7d8d7bec4315203f10bl2fts,0,0.0035543907778281558
15,452619e019e5651a8d98e3d59a478b7fez5e0,0,0.002614400654664133
15,cdf76f38b6f46a3bd396a99123d26909xq5c3,0,0.011147142069288544
15,9af8e7dbdc3c620c8144d736242b3bd2fdbpx,0,0.002421747453985087
15,ac94684646bc6f708dcf4566f41ec05es9v44,0,0.014686102565810471
15,4bddcd4957ff826dfd3b3efe6eb96be9aw5tz,0,0.009118041465517188
15,e2a61feee7f94b49d7de1ac6efb237c0fjt1z,0,0.006753936593072179
15,1717f6d4c48ae8d3e5f2566d4bb525f854j6d,0,0.002033984935853219
15,284cd72e028fe176f935114521ee998c5jsko,0,0.0031018514153629993
15,52d8066e28f168e5bee769559ead307e1go7e,1,0.36317140726981917
15,1e050a096927d5b34f4a85d3af28d30eybsaz,0,0.011201045406284273
15,03a1e81cb7bcd15014489a6f752c9d5b7pvel,0,0.0023810907459574453
15,d8ada60e3b7204a104bba8c073136bb40772o,0,0.0016315988691560038
15,557f06b312e040ed3cd7dd2a011cb83avyut1,0,0.01207625724322048
15,d4be674fce23aae81c4cb946d4fff8671gxtu,0,0.0017825114322727275
15,d38b2db568fb71174bf883554bea939ccts4m,0,0.0010957907589772215
15,4761b2fdb4ce610d1d8dd9ea50f478cf7et0f,0,0.001759819099907785
15,3bc8edfa1995a99110b957ee98fb5c76nkl7t,0,0.6423523545519478
15,4f07602a713c192a941204b27e2abcf1srnke,0,0.001684345204702702
15,89c8eefbf6f83543ce0792d1e4b86057ti16q,0,0.0010725585480001968
15,a4630d8b78c796441a1be187f6907b11c5eu0,0,0.002051526737672093
15,612d24dde60a1b42873ab7b50944c6dad3dcb,0,0.03447671066084923
15,0141844fc725a85e38e12cc02fcdbbe8ofqxv,0,0.0014539689725291637
15,359444416c25e6e90ddb2e3d3d0bc23dufn9s,0,0.0035543907778281558
15,c7ce5ac2fe5f03458fab59c78b19bf7c9wzf7,0,0.07038156242789416
15,3e85a43950c71b1988a814682abd4392yakvp,0,0.10631452550260649
15,f0567f6d45c0f83b9874681fe8dfe0ba6hjlf,0,0.009136473151835401
15,ed5fc53d096bcf1b86c30128040e775334ut0,0,0.26792524264568285
15,58c3300ea9095cf5e59e27abf2a905ce7tl6p,0,0.0035543907778281558
15,90eb8151eb82441b084d04893151619837abp,0,0.00839153604297739
15,abec779131ec6bd32f5e32ed0f274400ekljo,0,0.0009954218724545173
15,b2a19e17e1b9e0bca8e4563efbff5fed7v9xe,0,0.0020594369414798663
15,bd0071b98d9479130e5c053a244fe6f1muj8h,1,0.0035543907778281558
15,173991472d4ee18932f8514b9d4a9dba7rjqa,0,0.0009157472571519045
15,0a7446b63f183a4928ae762ed6cd1c4b894qz,0,0.0013869805230809183
15,e561791343f3564a6fc612a98b5f3df34rxok,0,0.0035543907778281558
15,b1c2e7ee5c69722df6233541ad5e784eutiv2,0,0.007716923263590354
15,98eed7cbee9b1a1b526a635648e7cd2fhbt5w,0,0.2033754450895959
15,c8d3fc73c1a41bf92a5e4982eb6cf78du8gg5,0,0.0009053183127351916
15,2fe472c1be232dca314d4bdf0fa95165rjv69,0,0.17767120622561342
15,d2fe98eb0fa21252956184a98138c58dwp1ah,0,0.0018410951707008756
15,1ef47d501d4b36498b51e184b1027981xu89r,0,0.0009641720696772323
15,5dd3494b46f39f8c8783c25527b64dd8hp8ti,0,0.04492241587189536
15,aea096a392f55d95c3e45251931e9755a9t3o,0,0.23118920205039908
15,a5fb60c136b7e0a6d0d6e27cadb2a797225r6,0,0.11567291195944407
15,ee5afe7f268aaa88598545df890f4e5fzari6,0,0.0012265499024334068
15,0bf6e0e5184b3599bbb4ba1fb3a43549ije34,0,0.0035543907778281558
15,613fe9b896ce3801e40212b3c8a8053c1e8nj,0,0.0024125438686631285
15,72dbc4a9f579a9444c126a0a67118783092ec,0,0.0006771270207079523
15,de3bbaaa3bbc1fd1f751d23a972916d80q8e6,0,0.043448621271661034
15,8af01eeb860c2e6b1512377f28953110ml638,0,0.08146740608002632
15,d9a813646e8fae954898c1279196f5493gqzc,0,0.0013969618749523434
15,e9b27622a64f2eb9dc7559d43bc45e31yci23,0,0.017360212868898082
15,76d4a0147a60d871867f00adf45cb792w9c6n,0,0.005315758036740618
15,60849c6d966f178808d94543173cb93dog4gt,0,0.0004097388762649742
15,1dec9ee102b29905e2f59a52fb7429826e8b4,0,0.05014853157147866
15,97ac4a68e5600c4b7a960d9580d4f251470mc,0,0.0037681407144386854
15,3df41510a5044de5438015f37dfa3443bt7pp,0,0.004037787251387108
15,a6214d8bf07127661f322afa7c8dae91ypizm,0,0.0015788957393718134
15,bfc7a0819397d910db7c24eaba1ed4c68dwiq,0,0.0007949331970247799
15,70daecd44c89c37525aa2ca294378ead4dggh,0,0.8151528211619397
15,39a5a16e5a67c2fb51789cea4d3091f0mv996,0,0.000027741638438067113
15,95efb775460080c0da57e154f27876d75xnsx,0,0.0012884335941685673
15,89291354b0939c342be97fa58e018bd89fvcf,0,0.0016669417845403206
15,70c31e8b3476b953648fd4f8775c1950m1uz4,0,0.0031079501936709902
15,ab0b0de534bad49af05faa626b88389cmjj8e,0,0.03003866126973461
15,8bbb16c0a1bb808389051c875ebab1cea0v56,0,0.008224684230494276
15,c9a97c18992adb02e6c2e6a8f9cc1daa1di5k,0,0.0006788456047308878
15,1a9765ed302d0f91b512c23112066e41s755q,0,0.0035543907778281558
15,08981037e7a6c9032716ff25b15c9de25p63s,0,0.6987236779506046
15,fe6adfbbb2fc1ec0c3edf6677204bcb245uf2,0,0.0007946545141795451
15,c7c854748038ddf37b8a9c4f5a28073fsut8p,0,0.021118397536384958
15,bcda2135a2456d611876679b61dac500vs7sx,0,0.002524139455988482
15,d6517684989560cbb0da1fb2f5bbba9b9y2st,0,0.1813086552152899
15,716079d1913959ccae0307f760bcddddt6d4o,0,0.012972247127939044
15,292dedb5371b8e0ebbeea57f14b35713e2ie2,0,0.0017780568320686027
15,a71f9ab1d130394882cbdab3c886f1b0fm6hu,0,0.004101051594337401
15,d3920630f4891b9ef1a8a199ce5c830aua4yi,0,0.6048199194638617
15,3a32eb1c6dcc818e0df4953e978f2e89ljhnf,0,0.001568349968890089
15,c08ae3075278ed0d139f00ead52ac2b0oy8nw,0,0.0007607917576225109
15,464506515f2ae684bd510b3a50b9121ec7v3a,0,0.060556304528289445
15,098bfc9c440f9ba9e6371f774ec6a36fa0sq6,0,0.0024626011705639063
15,1df1dab2eb718c3da3f9a0aa90b93651sxqzo,0,0.0012702366115469714
15,b1e106943db37b1d002bcbe06b264b8bahuy0,0,0.0006164443908160934
15,1def3e23e479c9739abce6b3518013d39oejk,0,0.07951954195370264
15,dcc5a79317a22bd0f6dca1f60fc866a8bei1d,0,0.14952380050047157
15,f9378eb3e522beef7e6a4e1f275bbe0eaboro,0,0.010275233104323558
15,c5120d10a23eb0c10d56a19fecbf9da85t4ow,0,0.002234841191535995
15,b9c59dcf41cd0a7ba779154872019cabmohkm,0,0.00046559126176623104
15,6429ef4aebc7d1f4027b31a6e900d165nqvyz,0,0.002302508324948043
15,2137e2626c568af8e56bfb72fdd5b9e19qiyt,0,0.01588673252599022
15,b8d88a1167ab74ba64fd6d9c83308a6d4oa6v,0,0.004690409549148567
15,384ba7c5a8ccf55d174080d9ad7de9b8mfysi,0,0.0057124203207031075
15,ab3e02a6b47b250b738fdb010dc84cd7lrr07,0,0.00726473768875979
15,2b13a870a46975494b749feea0c5c7ed170ll,0,0.0031702980271955446
15,a7c263f3fe4f19ff677e5cb475f7e5a3gdom3,0,0.0030026789038860645
15,1aa485901ede7baf78ea116e297e9d7f9en6i,1,0.4627982111445504
15,53f61a2f33e8b07e49da643af49884782vzdu,0,0.0015540634575911488
15,9f280cd011f10593dc245dad1d93b11dy6rg5,0,0.0007656128951309571
15,ef1d71dde32e587e761a1b39d5b374c7gk68y,0,0.003000085453623346
15,3694aa599f836a57b671ee0814b071775i1nf,0,0.3093082440041243
15,3318a824cfbd3d3d177ab7e9520b21cbsrcgr,0,0.0011721230914647888
15,2b4b36fd77eaeabbdad8fac68b17ece5ey04u,0,0.03483258344495696
15,f069e2e45ce316168a94b972c5b7d6b0f342m,0,0.21404237220458922
15,989e8e68621a43af5a8d061aa91bd9bfshy7d,0,0.08509319624461852
15,c5863a228287327c9980d12a632985da9vi29,0,0.021231496757919233
15,c58ffa073b3b3deb4e993ee5dd05347cmvfur,0,0.0008216695715399136
15,a71f84e476d03bd0b25d45e44eeed9a8efehw,0,0.017214017183076177
15,afb1d898d15663a9477870391cf39b697gso2,0,0.0005696521086945122
15,8a4fc219f01e1fe6d4328b0a47fc54905iv05,1,0.08909918073198986
15,ffc4e2dd2cc08249f299cab46ecbfacfobmr3,0,0.0013909013481472317
15,60edf674563f85b227898f6af0386476efy45,0,0.0011735883900381907
15,24d4554556deeebf61510cf3e001edecu8hgj,0,0.00490710220294474
15,781972f2af3af2abc492f9dbb0f6fceahnban,0,0.0022777146949378184
15,98e6dd2906ef1f7c13284a309f6b160cb2ujz,0,0.00295923152935275
15,2f9a7b01fcce94499a59aebfac98fe1ezsk1y,0,0.0010739594575830526
15,7a9519ae09e328b09d18473f96ef075fzrs1v,0,0.015396137860928751
15,4f57e657df5ee5d9207178b4b6858ddak9ouq,0,0.0007574317613107166
15,57c4421263d37c2cd2573cd7245a7a80h0mjf,0,0.11855952507393647
15,87c5fcd8d9582701469f94bff3cc415dvq4ia,0,0.0020457373873351285
15,b7515e5f181a6d4884674897226cfe9cpd6d6,0,0.0013564796482882558
15,c435ac9dcda855341e667d440c2ef7c6nd3mg,0,0.1066307615428345
15,1ba9422d7a55aa5abc3ff37d1cafa9f2yds7i,0,0.05278976271044204
15,c6fcf1f7b824c864d492c4cd676cd702owsuv,0,0.002956626878671437
15,fc870f3872dd5e36e4dfc4ccde28cc930tify,0,0.01618135805817507
15,e587d92842526255c86d3b0d425747ecib83l,0,0.05117557296400346
15,cd9a7b22d85c35845260cd61a4b65cb2meyel,0,0.0018558238217666603
15,053cefb7e952bd81d7a6db267a121747te7lo,0,0.07038156242789416
15,ca5d4f0a3ea342fdc45c3325e5311049e2uis,0,0.03483258344495696
15,68d0de6b2b019e4f93fe89ef3c9d3e21zajj9,0,0.026959312529442517
15,32dd072b16a69411ba3f67992ecc3e2144j5g,0,0.22163366411396368
15,2e463fe6bc1616f8392f82c138a6a436mbtjx,0,0.000966480547536239
15,f8e90361c36eb3f6fbd485748e731fb7w2ci4,0,0.0029431907722506077
15,6f6e3687f67272b103351641b678225abarzw,0,0.0034142380241203698
15,d5b75c812d172da1ecb3164a1cfb7527688gb,0,0.004548429077231502
15,8cab09b069755eca2b4e7fd6f6981d7d8n88o,0,0.0010299451537488552
15,ff92ea4abd33ed38601287f0e1d6726dmgx1f,0,0.1334964725125009
15,cf18f6766fadce944ee74796489c23acmqhpe,0,0.012511489136553694
15,782557b3ec17063f2a36fc9193ed3200h14me,0,0.162099876033513
15,1c61726e316d5a16aaa80b429080c534u43s0,0,0.0016835815325561118
15,64abb8a286b2be97349e8b17abcce6d9rygza,0,0.0016854992505941082
15,f219cbb3d454b32953619d5a4551f56dcg7gy,0,0.010976293173583904
15,83c9359ad94eab7f4b8fd582a6db4733frmsr,0,0.009410661166840955
15,6d033ec559ea79a8ffb90d80e0b24e93j82av,0,0.09001272459145829
15,e704e6fedbe6caa9b434509d085f4c97nq6k1,0,0.0007702204670682956
15,c1850964c360c9159e5d1d0b6485e210s6uvc,0,0.0025797412157415726
15,5c2d250afe88df6e4ca3ff08d991eb67s5erh,0,0.0003877729125926406
15,37bf6f23b628a3e2b5b22ba81beccbef0efoh,0,0.0531274625726279
15,c0e4be8d520c7bac2f51ad80a98876c2aan70,0,0.0035543907778281558
15,7eb7b2f6a914afba5c3d207dc28a93aed9pnc,0,0.018735164723159427
15,8bce581a91921adaa5fc20e627cd7b94l6cp6,0,0.002704004050925706
15,238808859d7752579a415e89a395500fh2o65,1,0.0018344373761071205
15,ae37c0f4dc6e3d99f5b0243fd18294cak7pxy,0,0.08367133933869662
15,340d7ea497f16bdb912ec5c6ce467f71kk7hy,1,0.08821050688490775
15,ba319b8bb68ca6a12086f2410ca7fb3buxsei,1,0.34192395205981113
15,0b3d5f829d18ba30d967fceecb58821c3oeqa,0,0.003502587862080762
15,7ce3afe39ece9d672e9adcf3dcf2aa44a8r22,0,0.016855233310920016
15,074daf9a99b01591cb0637cb95c32600roriz,0,0.0010903585907598204
15,63424f85cf53557fdb5dfc6a280af75epl45b,0,0.0008611316068512781
15,d4db72f36e6ad1668dbc0bf4f0e1c49bn12a2,0,0.0035543907778281558
15,93e3c34171ab65e0b031dc67461e48b478u36,0,0.0017363969026620936
15,069d020584a0e8c61e622321d4c43881j7pl3,0,0.001289522782501006
15,862eef3a75e1351593b54975cd8ae1b3swcxw,0,0.0007562447034451001
15,0a09adcd35b5f26d75f251006affc747drfu4,0,0.043161064617510334
15,ae29b39843141a73b39ada671ce6b6c0yxlb6,0,0.0008035499067168076
15,a4475cf8808f8951dd5163ded3ee8032g9vxd,0,0.010275233104323558
15,026819504b59bc4eefb9963d5fe4271aql15u,0,0.0035959950317580626
15,ecce760edfc6ec5cd5ddc7037c514dc3zod4i,0,0.0010306936550531925
15,4b9bf4cf1085e9d839e833e4b9d40f2a8ps14,0,0.002375661369922873
15,a6f994251abda6687ada2e9de52bddb5cisa7,0,0.0037056400726790967
15,8473148f069a890b7323fe8316861a71qoxv1,0,0.001423560528699132
15,fae553f133602fba6e9e6051dfb27fefkruax,1,0.5657308917056115
15,8c939b6713b7881538cb05eca89cfb1cw1lhm,0,0.0026655480720893764
15,bf190f2cffc1a77f0957f8cd1c98257dofy08,0,0.01342919139015205
15,8884b7af726ce7bd929482ea13de19d39lzuv,0,0.03483258344495696
15,9d33ed2efcfaddba0307d12142f3041ce731l,0,0.049319186342082884
15,e8bc0150097c1b2b8b8c374b69e0d3a6mxfcm,0,0.0013704353871155448
15,737d19fdceb065359c77b81d27053c4e5quiq,0,0.021602263199006294
15,e50426efab1e9d60b8f7258130f8791czrpvg,0,0.05246799906617365
15,d42604c7cca8ec92839e92508f2a3e52ehz29,0,0.00985663392430926
15,c8b23d6565e11d874e221f41440ffd25mrucd,0,0.006211531221634909
15,eb27d8daded752fc0d1c828867b0f118cswwq,0,0.0010957907589772215
15,bef84146ac1e2f21e928e06ede1404793bfnx,0,0.0005832782956606684
15,825226b69f2a5a8337ca611b38223989aumow,0,0.0030485615549003505
15,0f8cb1baa83fefac10f885f79149bf13kn4nw,0,0.0034017039223045095
15,f75a0f726d764514f612ee8cd8f65adegt02s,0,0.00455348506270997
15,332ef2c7189603a497fc89345ee4f5605i5xw,0,0.05685352487700298
15,9dd7e7ef94a7bc5bc9f98c42099910e7o76qh,0,0.002099538125435885
15,bdab2be5a94c6380c60b902310cbe1b6rs4iw,0,0.0014090829638166759
15,050a3b29ca1818e1f237df8132bc2013bcuxi,0,0.0008551714006043642
15,55d9cdc3af85efe87b2a6f22a2cea96ezy2ax,0,0.007571456371611923
15,d9dfeadc7e0e844ffea3cfc706daae5dt2hhg,0,0.0020221236925409675
15,af50d549e86276f034e52037722dd5aetouu2,0,0.0009374788446422625
15,8152c94b639be88e7076f0e32bd70e0eg004b,0,0.002268317352419785
15,9ca7afbb673865b01cd4b02846054fc1p3vjn,0,0.03176839148235418
15,bc3d08ad6ac94b8b5ce40a29b59899cakj3p5,0,0.009276845284594092
15,24a32bf10c4a5d4d91c27da4710c869a0nqim,0,0.005932780770047306
15,429b876aa7e2d6741ddf322685363ccchue2v,0,0.0006194296195997229
15,0918eedd8324da06abe5600f058480dc75nfo,0,0.0008790084579120912
15,ce7d34398a6d6011bcd96ff0aa82b6674hxzl,0,0.0002824042114387087
15,c277151116ce38d8245f9f2308807af8t4nnj,1,0.003635631294919283
15,de4388600d997803223748e48bfc7b16ggyrh,0,0.0014486742996993444
15,069d251f2fc19102924468ab38349d5eou7ab,0,0.0036341587974005126
15,535ed161b4c9960a71ccd53128df4766ddyq6,1,0.6577159842662771
15,90953913d629a03e27590d0d0f64456601ktd,0,0.0018496488660557466
15,c843f90bae7231af13dd0e064a469704drz2x,0,0.0013308055557708963
15,13812c0d2c8c474bd62481d932407687o26kg,0,0.0009570011905797927
15,77b7daafef906aa3f941992bcf94dd69zxk2p,0,0.0035010744408993763
15,eef111bfb93c213c174947c69b2f2b38cr2pw,0,0.014489425769046865
15,4aad6f0ffe775217e4ef8c91d69707545li52,0,0.0003812285139158498
15,a25f4c6838b83e0fcba372300c23c2537k5eq,0,0.00678431759247744
15,9e1f21ee1888368e77b539083f4b94ddv8mrl,0,0.013627158308135615
15,07012e0507b4281d430b93ddcd96cae66und7,0,0.0010019272775927917
15,fc48aad7a51d965595b59550e08b94c670k7w,0,0.03483258344495696
15,4b72cbc9d9ef0238bb666feea6d79e718qry1,0,0.08031903334902887
15,fa918060747386f431a511c862565e34y1pdw,0,0.006064696422360624
15,24db47d284a08aaf119eb3e0c45eb646i46j5,0,0.028383114028409713
15,b8da3e0dc73d1f453ecbe6ee4d4e8791pr8az,0,0.001491655062926832
15,0446457fc8e21596799158406f77b14catx8w,0,0.0035543907778281558
15,0c55920fb607fef2d33324f33565758a6e4dj,0,0.000518777352441964
15,25331706aa2157419da068e93f3989feyo7a0,0,0.060360680006692376
15,e72d1b2319a2ef39d016c41e4824b68evxe53,0,0.0031605521615488
15,916d2d806b772c9f227a9b3640e31469ljrxo,0,0.47336908540501804
15,53d9e7fa087a0dab6a472bfbfb694622jv072,0,0.001759819099907785
15,eace2a2890644d703c619fff7e41a9a16k7lf,0,0.001739470070489005
15,0a92c4fa2bcdc8e952546d236b322053o5wbk,0,0.005603105877896948
15,3f977186d125ef8bcbee0c1562c7ced2b4utq,0,0.002140393675680592
15,cad151bdf2e29b764dfd3acac022e5dcy8n83,0,0.001110342524285787
15,6ce47fddd94be5792190cad9d972a5c4oyjww,0,0.004154914688600206
15,a639448bde9a72923b70917e82594fc66sa2f,0,0.0020701813170791905
15,7959bd565852dd880cd31278fab3660fuaqyw,0,0.00977251878515066
15,8bc2a424939c50eaf4a652e253421b0f9b0y9,0,0.0715193505453886
15,5cdd665a22747394620c17b7753947b0xgzhw,0,0.009451701451683394
15,21f5b103136104e4947e293983dbaa5b4tder,0,0.8794660453877071
15,a4e83190edb97fefdc4a6cbfd00f41fbm7c4o,1,0.8774575323604366
15,9dc039dc57fd67bd9e7157f4f697ae7eloov1,0,0.6970934699214447
15,98c12418158dfb9494af01308ac2d0588gfw2,0,0.02191671286362679
15,5f529b5ee68b60482c5d0c56ee91f3c2cjrmx,1,0.993030197329503
15,c99b1edcfc7f0c751b68fb310d34b75ei6j82,0,0.0394633389325538
15,e60b306c01cf0c0be5c7d54facf927044g5d2,0,0.1056571858554031
15,042780ee9a3730703e35340c575c3cbb7zjwk,0,0.17854031770742076
15,0f4669e36b2e721dfe27f8633b277a1575erw,0,0.05014853157147866
15,b28e6a39ef0cdda29c5e350e048c3a813idk1,0,0.0035543907778281558
15,01f498a0992d280de63ec346692efb2blckg2,0,0.14952380050047157
15,14c69cd7fbc8300876f287520c493fc8xe2o6,0,0.004361655937984465
15,4089a2b7f26e5c13a7f3350bd52ebf8fh21nm,0,0.49096183549565253
15,b4210edd4ec9bf872c7108fdb3c6aae9cjwz7,0,0.008517268693960705
15,4fcdd880c4e1a1767c4d26f74bb3466f11osj,0,0.010275233104323558
15,622a477170c3e2215b7e3cdb06db93aezz6t7,0,0.008614645221443706
15,802a819acf0601b43fe5426cb48ac0bbqwfu8,0,0.8346851029935434
15,65f52b46edfc7fa64b9e74557a78e52c1it54,0,0.00047265579766592923
15,6da04647ce16d0f00051dfeaa94d3313ox30y,0,0.035595424560987306
15,8c339df2050a428c04a1c2bcbfe4a143loj8l,0,0.024761355363012886
15,458c8c4e10e5c1b29e3fbe5ee56d46e8y3fb3,1,0.9896066326601075
15,7d063aa96e7a065ed5ff9deb7c851bddhrxdj,0,0.0028316908909748147
15,b9cb81e5855add059728cf932f0624fefbi2t,0,0.0035543907778281558
15,5640f30464bb5a7bc6e98fd2873fc25dh78hp,0,0.09522725728511386
15,55453d252a225f3b046c094a7aa330a80dr96,0,0.0035543907778281558
15,6b1666662837213ce77c329d8cb2a842epaeh,0,0.0006585284435349549
15,17a321c4a0d925ca80507effa52330ac5n5r7,1,0.00032455624431083533
15,8b253bd318229b3eea3f459bd81b8347khytb,0,0.9373823455361441
15,03e884d3e7e3356608187d2345e4693fyt29x,0,0.0010313878121327165
15,3fe1dacbdaf96fab0c213e218968c518twu76,0,0.15472043193475904
15,1dfb637157cc0e590e50d724cd4cad6d4cacw,0,0.002514745527007739
15,aaa686462ebb950550fc1c6136ffb273vkrc5,1,0.027104843961210674
15,f6485cac867e1e7d2d991838551b4c4bfnarv,0,0.009662910540350225
15,65d8228c6c1e5b6042f397afed8a5c7cbo6x3,0,0.2983174832216584
16,91a3c57b13234af24875c56fb7e2b2f4rb56a,0,0.0007542919631600015
16,57db69e32163f3e486dc6ef7d615aa12usje6,0,0.002782571709763896
16,c0549e76b179912d52a28c3eb9b29376yaxvu,0,0.01673986090448701
16,11a38554244f3c14de043aaf52345c35jjqvo,0,0.2175817646260473
16,0b68888358a492884e3885bcd73ea63bhxidk,0,0.00644300409521829
16,eaaae0fb54c7d36724a9679c3128d5a7gn4k5,0,0.14189594263190852
16,2c581ec91825362ab66a7ffa05df5e70hl3h3,0,0.10500176798513602
16,0d0b3d6dc27d0f8eed70971f8c6bec1bdrs0f,0,0.01280831466506833
16,2a7d1f9483d34546c4d099e36e3a79790qvjm,0,0.1124523682532799
16,c62bac5be6489bc0e0a7834a11167171c8ww3,0,0.002084226287258119
16,98783b6bd490f32f56c315307643c824nimw1,0,0.0013029915715481741
16,848d3eaa622b26fe57d352eedd9649f4v6obv,0,0.0033013203059687017
16,64a39f766b2e9d9471b104f0d0289740a9kdq,0,0.0009312377747447532
16,e3ccc9bd16fa1f4a92fe87b4a54e5e72uficw,0,0.28601601046570335
16,a3c2ba79963b637f15086e6255a46253lwpnb,0,0.0033688093177531428
16,2307bb06855a6fe75ab56ee6b4a3860835di5,0,0.03813976844593668
16,6394edfbd35aab54801518835e33ed50hcr5f,0,0.03510007622939855
16,c5babbaace35399cf51a9356bbc22733xpi5h,0,0.0011137609190210757
16,af98b7d5a7c1ccd2968252a2fb1c06f69igbv,0,0.0016758693234742393
16,8e1f8e5907b3cc256a2a57ae9ac81e063gbz4,0,0.0012295288893254435
16,6ecd9f4b332eb790dc933aea0a1528e2qkp4y,0,0.002751761935191649
16,d9c6b6d7290e4475bcd6d264fb33a706fqtvc,0,0.14438922284615874
16,9ded76c5244a2116a3b5432fa265a800j0bvt,0,0.0035567918782846214
16,53691811bd992911edb9f5f64f49d8f5luk1f,0,0.11751510365621996
16,ff58ffde976a4899dcd89597a7877e18lntgz,0,0.1297436970079483
16,20cb327bff59dc8f4fe1ac68a30f02eb6jrq6,0,0.0004942445567430416
16,03244a553a252dcc3a3037f0371c8d33fmpd1,0,0.00020125290408342395
16,3073231f45ca50ad6830d4dc7261f283iwjjm,0,0.001117792918216704
16,47e0637718480102d235233c83661a7850foh,0,0.004098507787849727
16,9653f425ed82418570fbca890f7032b16sjjd,0,0.0002451986838845126
16,efc61ad6db17265a4bac85f77b154ef414tpp,1,0.0026606475903656742
16,dc52611b1a2c84c0949da5af9870d57fj6ab0,0,0.0034265288082431723
16,961ab8cb7952191816db53f8a11a35fe1zecm,0,0.006886844374712157
16,74ecf5f9adfa4dcca4dcf020209db81arynmk,0,0.0005570146845491388
16,3d9910a238a0f282ad3132dd6fc981c8tv3tg,1,0.0017221706163283597
16,f90f13ddfc0f98cbe3c2346a2e30093cq6zo0,0,0.0010381432119348998
16,fdd836950d203286832a21b930b9f6b58ch7s,0,0.01113359285275414
16,2c72df02de4b36acf72ba549630808612ol08,0,0.005945531747284639
16,01c5692d487454cdbe731df330bef608f48zz,0,0.00042231107114277925
16,f80075873f7183a03b1b10ac3f740032v6w99,0,0.0269158676649249
16,cf22da37578048d2e51eca1e544c693cke5t3,0,0.20897132823631256
16,a94c16f8a98e493e2b4390b1975e690dv8cmu,0,0.030319983767981968
16,f63ed13362ce1c80970ba28a095c2bc5kfgmr,0,0.00043992434173597064
16,f186d292f4e83f70a92c97f92993f655ygqzw,0,0.005764498197161078
16,72dd0e4788d25f62cc2ba942bb9499dc7quqj,0,0.00394533954989338
16,e0413f338c43c9d55ba53612d2068f65t4gs6,0,0.021806470433341666
16,6a76d66f035914f93ebc725a0998b399r4gdq,0,0.0001656304622010535
16,929b75b44585b34d2b917ec181ecbcf298fr8,0,0.2729466378588899
16,eebfd257525e52b67969ae9d8760afff12j3d,0,0.0008665720126205283
16,f46cfa9acdb6a4c419c70c19be4ff9523uixs,0,0.0007472038358082505
16,7339b024b285f99084bcca768cce5c7e0h2op,0,0.13484275694312667
16,354baa6c4764a5bde013ea3f7edc72552r3oa,0,0.44690020746603104
16,82bec02fec2f08899489d7a5c35a30a0lbszo,0,0.0005724987923091528
16,ac494ae5acf003f84ba46f5741618a8dn19qi,0,0.0010289130062602892
16,ea57e35acda9a8f8b75f4d9bc049f74d7qx3t,0,0.005955992367479403
16,481db1a88023d22b3533044bff5239dbf3cda,0,0.005891474810940744
16,20662832566daffac929f803f0c236eaperht,0,0.2248964649026047
16,42c407eb70ddacdcd59d63f22caaafc4fa0p2,1,0.7297016035594291
16,28aa6c505e308e49e586e25e1897ed2axjiy0,0,0.0024382097039032124
16,ff12cd48c7de8ffb8b2099f262ce03980dqqz,0,0.001155629764904421
16,e0544483ccbafc4842cba7650677d043n2e5c,0,0.10500176798513602
16,76218e14c379c12d599dae9e1c00b61a3i5b2,0,0.0012824873911899115
16,d2ebe13374f25a12865d50c17af1dad7yspzq,0,0.0006879709697908596
16,bb790a228de797253bf6afa43ee52eba1s2dx,0,0.11182787865470152
16,c2d1b8c1b7a9c8010f5b215e8aadb1d7gahpp,0,0.08475444955192082
16,791031a63c9e2b4835caa9a4cc1768baias2l,0,0.002487893476144883
16,7607c4efa792a69e2a8949ccafcbef103squn,0,0.0005514860789913897
16,f93a998dc10a4c98f65c6b86fdff651d5i4qh,0,0.10579783768498838
16,334714f005e994d46cf4d18093dd4d05fyxc8,1,0.26595740974013493
16,570910327f5584ea1ccba92634d89832lo1zc,0,0.018914257486079018
16,27cc072f1432f7aec4b7e17cf2e473f2x3bjg,0,0.8411623885149435
16,ea6c07fbbfc3f0e549701b1e7b90c4d21zfjl,0,0.09511817853143208
16,01eb9dcbd0b3e79d94020d13d83a993ec9d2a,0,0.0019771040684688737
16,bd0f0c497ef09b5c1bb18b330d932bffktn3i,0,0.3801172366752328
16,6a5457f1038c6e1cf9feb57529ce07b2sff4d,0,0.008284516036392612
16,c755d2832026bc2a6f5d2d6df5740f06mr3nj,0,0.0011226694301869253
16,7f4e84da8ed11f4ea3a2d276f49949b7o31us,0,0.0009274038590389105
16,22401c4dc0cb1e5d52da01ebb8b2839cdoauo,0,0.0027117757229091523
16,e5f43783127506211df8c6290c2ecadbyr779,0,0.23549091161867788
16,f2bf8c94172c4d71076e151cb4e136007iiur,0,0.001703270694555514
16,79c18f0460f9bd86bcfb25da96d91490jfuxv,0,0.0009918380239350582
16,c4b598fcb343bdd2cf826fc7541500e40xtte,0,0.07500444417733375
16,b970a53727b2bfaf02079779c846a52fj3f0q,0,0.0014685145390668393
16,295fbc4ef00fe0cea7947811e78bb8aez9ti2,0,0.018914257486079018
16,9c0cbc0fd8a6c22ae3648801ade080fek6i13,0,0.020710772099629158
16,11b1859aaf7fa93818baa76007cf7207d8uwy,0,0.0011918028647303995
16,57e1892d3d62d87c9ba5e8425a1958c0fn11u,0,0.03813976844593668
16,d1f000f475c502ecd2e993c52987e63ed3k7n,0,0.35309479314184805
16,a3ef8857f2e33ecd25c409622b4e3ebcij8hv,1,0.91090369648028
16,db5e9f85e7d180f7d952f12e5dae5900q9xif,0,0.00008635933150906167
16,e1fb642deec7b382433de94983d97681o14ko,0,0.0030870744875109595
16,3fae46174ef1a7dce5e9893775f814c4so8s0,0,0.03510007622939855
16,6b9a3d480add21788772e118e6d51ed57e3w9,0,0.004440744996639858
16,30ef7862d69b3440ebf2726ee85a0b8397ta7,0,0.0002439862298499718
16,644e284380171fa793695a91b6a12c28jcwku,0,0.015449837753271413
16,18eb8d55c84019b9196c5ca7e072b287bv68e,0,0.000780439646946642
16,4ab56df4b1befe3e2ce5cd98e8950ba2psqq2,0,0.2490903184376956
16,2b72d702b44fd7dd58062e326fd8e4779j8mp,0,0.0008465851458012233
16,d63671871e4010e904b9419e48781565weafn,0,0.011595493463413493
16,64885ec89a54c64598b2d196e1fe2e351cd60,0,0.0012547128767103882
16,2a4654987b59646a120ac74301339afc4eylt,0,0.018914257486079018
16,3073d007a5b42b827cc770ecf4805278xvvzl,0,0.0021210213415347903
16,9774dc752f855f07b9c00eb7018b607c0ymxo,0,0.0007119947891116758
16,05c6b93bf8f083b2d0a03ffc0fc3524ba8fi5,0,0.00374787219900948
16,dd1675bf26316cd4630087fb47d0ff8fsug8e,0,0.0020149000926566667
16,4703c8940eaa3f3bf5082ec2f155a8619i1yw,0,0.024724371078057413
16,a99f91d51e8d9f5786dfa52e24292dfebi55j,0,0.00042521700614577863
16,c9fbbfcc89730e961499b4b30ffc4a98umxko,0,0.0022222000317135625
16,a60101895443bfa5d4485b9c2c3e1b68t5ppq,0,0.0021077286321441596
16,0870fb7e5701f3ba56762b03e157afdc1yw7u,0,0.4233259168370013
16,84bd02dc56fb7c3402426ef7e8e166e2ptwo6,0,0.09535276111404764
16,d7c046d4328c139e76fea7c1833e8fe6fx4yz,0,0.001272323608751879
16,8bf04b0a219c7834b25057c0220b4d0dhwdsg,0,0.0004333915246756878
16,445305769cbfccafc89ff5ebd004598einesy,0,0.14353327083562395
16,012441119bcf83b23d4768bb72cea6d6carua,0,0.007239652166858994
16,0e8212e286ee36da8945c2480e366417xa22x,0,0.0006830607340939023
16,88bf2c0f5460e28deb5eca2ef8e5e809ol5ru,0,0.0008223385495757078
16,b725a638efd8d51f66ae2f22ce1df678p9es7,0,0.0713105844262923
16,1ac788675f70655e71a013892d701e901kj13,0,0.007763327643525901
16,796961698c2f2442e73c5195062370caawzzo,0,0.0008134876297308633
16,84c4b58a1491da3a30710bcdf61f87054xfq6,0,0.0003773925985922164
16,b4550ab1da3a3ed6e4a206c9ef78d496q23hb,0,0.03528256731655373
16,156f4a8763e602ef789f8048c6928676a1ily,0,0.15916358865504854
16,b0164d9a18a3cdf6082e96f9708040690qcqf,0,0.4105752468950498
16,e9c8ee7f783723fe8496dd35232d88f2or1r1,0,0.3679792274429848
16,8720f071e045d4cec9d707c583a3d64avjyyy,0,0.01016044477468499
16,05a07a27e235d01fe480ea6ac73b8838jq28x,0,0.014875202512689336
16,9c223f867c65938ce8623fc41bec08485xddt,0,0.001773253996687818
16,936d542904f515ea87bab7996497b11aszyco,0,0.0010806672845433752
16,f211ff014ed43c9054916f97d6187108mpxr6,0,0.9710736867943406
16,bba40511c6e56070602e8dde4229ff923zbuq,0,0.0012181188743390086
16,0daf4f87eb695e2a84e4156154209e09k6ga5,0,0.018914257486079018
16,7daf0e51b276c6ab5bd2ccf520dae106graj8,0,0.0006341395823311957
16,2d113999234e06201c0940286d405453wqjsw,0,0.0023755164343815705
16,fd1299f1343236dea07bd0ba5f8ca220csnv8,0,0.0012181909446139345
16,9f101e80580cbff55a2307c028408a91nebzc,0,0.4843922858032221
16,bbad48cdaa604c1bf40b59120a775794rnlg1,0,0.011426375510998413
16,8bf07d8631a2808f2c869e27afad2d41swgkd,1,0.8683353368509664
16,a9bfa54aef505d65ec488d8984c82a7bf0fjm,0,0.15865150206399942
16,33189c09ca7067834fd25a54920f82d4nd7a4,1,0.9950660007362147
16,e2bda091a91082b774d59f2c5b8480ebbijs5,0,0.00032982570822079484
16,ef905e4d866c43dbc345751e7fabe5a568kjs,0,0.15916358865504854
16,1cf0d30e0bf9f4a536b1fe16ecc26cd22j50c,0,0.23549091161867788
16,916aedb8fd708e100318969dfe57a4639hexd,0,0.011019365196447724
16,403640a20dbd2c4bf554e558de137deckn70o,0,0.019677016433106258
16,49c3957287d24e69713e4355933b74baoijix,0,0.0013024510278613986
16,361397432ed35185b5a2789867a859ec42v14,0,0.00039351880179377567
16,e0df56a5ea8094d070b0130d7178a996noolv,0,0.0026010506519388377
16,14b2d98230228eab6a6db3efc41660d7kp23s,0,0.00013435105083874595
16,d95c969eb09086bbad373dd8ee80cacbuagvf,0,0.11062366121248503
16,d9ffd2f7f3cc1a546586701c2a6fbda24u9ye,0,0.35358056077493577
16,c89ad997f646e388fe375d7fe33a3727dzrh0,0,0.013919906153934174
16,0a43de0ab0a7525fec59ef4bc1dda7a2z9z69,0,0.21135950987825589
16,8acae9b2e5454fbd92fd0b3d79fe89ad6w2wp,0,0.004037595205183298
16,5b1bc916ca111874eda3bbe669957cb1d3mck,0,0.0010160952497696124
16,eea590b4da2709c294e8db490f5997eadyc1e,0,0.001923055965102991
16,f3a249f6a5c2c88ddd8bccb1f8a85fe52xnkq,0,0.001003993815996938
16,1e3642857c10e72cedaf7890e3c07bfa8ibzv,0,0.00461815342508689
16,9b733fcc97535e27037c231858a711adyzvqf,0,0.0015909897382021243
16,9ba7cbcf531c20ef7cc55a6da5c0654evwt1d,0,0.46631841098152815
16,260568e07963ce8351f3313bd7b9b0e2vonva,0,0.05813314888003611
16,c4d42d0beefe49d6157c546a2504f4db86hvd,0,0.36118664542265155
16,f019bd7ec140624144c4a9b40c42bec9jok79,0,0.0038028875145696443
16,6be863f26f22cd79be272789ac7e9153v27yt,0,0.009388496839191938
16,a2b4df001b0e40a398f6d4ae9b316c0eix5bh,0,0.0005493311248540527
16,8cc03b92898255ce4b096454645599ae5zoc0,0,0.001524978501473578
16,c9e1e860e39bb7d4dbf3c91c5d6c36c2dv4tp,0,0.05813314888003611
16,05ae7ea9549ae298bbbc8002b4229392e0ilf,0,0.0015396231829087612
16,4d6580da346435dff2503c55ee5e0cf8wbkb3,0,0.9823388659954015
16,69e97e52dd6428671f46f2ab6567172d8mfar,0,0.10500176798513602
16,8ebc5b544d62622e45e1ee22a56265e0xwwsb,0,0.0001882722852188228
16,23f9a0e1492c4abf375823266ddbe36bzukj3,0,0.0004032277895036158
16,84c7bbdc12233f88f35c2c3b8f178803ta03m,0,0.001244621519386635
16,2fc0efdb6ff10d51e3a4d979ee52cf07p4068,0,0.008710082745253164
16,ca5730b8dad8f35fba24b68c9ca5d445mp87i,0,0.0012921554711288101
16,a32cce991a2f597f6e5a02605119f99b1dyq1,0,0.0005280238268984024
16,40829191b83242ef1f380f90876cdd74mrqe1,0,0.0033378525238364847
16,67616fd2a1de5c46e32041354efa88ceahbhq,0,0.362078261066137
16,5bb3c3ff71ef6560c7600c512128ffc8js7py,0,0.07500444417733375
16,eec2ea9d9b292a343f8ee566ba252baapagwb,0,0.004614938719785894
16,d26cca81c93b52ae3564aa6cdf33f5d5mkliw,0,0.0018003202220582195
16,8e05310a342aec93aaec69a638e83a96aqyo7,1,0.4452239843492463
16,a13da89a3a54ac9b4ced156542afca5ddyumw,0,0.08794151763510906
16,83a24bbff5a4cf9d9fb10391102708f1oqpco,0,0.001226816904203428
16,9d1506d6779356dda24ed87d41f3be39yn1rc,0,0.0026066533573052535
16,d7b66d95bcfba06122dc6f7a3c605fd73239a,0,0.004699749639975941
16,50a4bfbac8a9653af4099ec1169f684c2nsgu,0,0.4462783108458639
16,24108e769a15b155bd2d63c58368ae5946zhs,0,0.0054725563328786005
16,673650167f432c009e9dcd062cd4e9fc2szln,0,0.0009515187527688642
16,cb557e4675bf4f36f93ef5599adff545nz370,0,0.004794920571560436
16,9685887173cc2e1e5ee3993832a4b153bfl9m,0,0.0018650898033967722
16,5a823474f9fdaa129dea9fa690d51b62rgm7q,0,0.0007192159731608669
16,d92c8c2d4c29d4c785431a8b34ea135awepbr,0,0.001913146906893449
16,c478f94c1323552e85aec6e1013ecba586320,0,0.8630948440408348
16,e735a2301a18772a8276aa1f17ef79efu4yew,0,0.0036208129544968238
16,49eaad86d095aa5af75ce34e59e4b7f1mmf9q,0,0.0014870986848960267
16,e7cf764619380e5303089f04bf647f10thebb,0,0.0020424232888702444
16,f01e3769fdce36d31eae85525827ab17xeu31,0,0.0005737418932114037
16,6679d668a393f336ba9d1cb6a154e03aifmkr,0,0.0006650567759818835
16,58f590a56f480589646d255d570b0877zcjw1,0,0.004660552411301527
16,1530008a712831e35a673d38959528f4ozipv,0,0.0002085892800102125
16,af14436f293c40a9904d9f06a323215bf7zdr,0,0.0012313180627480543
16,559bccfe60c7193963f09388fb681ea65k7dp,0,0.0013890621312152257
16,f4294bb3abb69fa3183e7e851b58b278k83z3,0,0.08794151763510906
16,d863897264a7e52d9c6a1be6dc453c6c9anz0,1,0.9903313019850686
16,86a626c876e7eb4be35f4f0b0a78f97a1rn7h,0,0.0017680111191571493
16,90fd7b3c991701dee376daeb09a0a5b7kawse,0,0.005613160803198914
16,d8a4b49ed9ca241f025cdbd9637198fb71qmz,0,0.0012322776403428104
16,7259271b61d2f05200eb2e1ab1d2ec911jlaa,0,0.0054122824651287385
16,96b7bb4238e7ebb439d81d63db4c2796aoofv,0,0.0011338985028840397
16,5ddf9ae899e629acf3e78141a9712a05a4feq,0,0.2271773315164104
16,18076726ec814a6f56da2cb9ea89d105j8vpm,0,0.0013931874362420613
16,5771ce26e8b0fcbe7e90106955638b251qj2w,0,0.0633626061267625
16,80d8e3bfc8a2ecbf22614befbdaacf5fo6o5o,0,0.030319983767981968
16,5b0665172160ea4015e79dfbcfa7ed86oe0mc,0,0.09634724183214459
16,1e13eba969b6b953688c9e945544ac4741ilj,0,0.0012674436099357749
16,9a5fb8e2e5add29b006d789e4cfd1513paga5,0,0.030319983767981968
16,3e9180fdf158409adc96aceffab6e00bejjah,0,0.0008250203605055821
16,5324221d38a79636bc4560cbcf2d75c4gimrm,0,0.01939445597366756
16,1d69e006699adba0c79ab06f2f622445nuu63,0,0.0010297782241032562
16,6362c8d61774cfcb6ada7cea1be63678hxkfz,1,0.509669686579524
16,adc548d88b9a307ce0b58a0d11d3ae14gcfon,0,0.11220686062808743
16,6b3cff1e3d9398d4c125e7bcf612192dy1gwn,0,0.030319983767981968
16,03aafab9868455b78f0723eda86698ba9v9rm,0,0.5306950984906358
16,78c82f2e8764bc8001354128f9265efcqrthe,0,0.006213926371515415
16,b258a38ef4cc6ea241b5473ee9badd32ekhoy,0,0.11830649730270275
16,4997f0d7074a1d9f8bedf5575b6a4372w7nro,0,0.009928988664479055
16,591ef8d73236d150c32716359a61ff2auk6y6,0,0.00033008104480942367
16,942af1514033a612b203ec58f7894c9fv899u,0,0.023704673314449063
16,a0d080012ab98513e39234e4545e93be17tt5,0,0.0012556085653194617
16,2540f8192e425f9fb921db30ac1bfcbas4p6g,0,0.017057300484618575
16,4199816cef8be846ca71ae752575744fimyto,0,0.764019669568656
16,7d44df0d40982a6651a06cf533ef5dddtppag,0,0.05331592533608988
16,a46025d61131de18474aa6f167e04bf08w9x6,0,0.038843456827628214
16,898419c2d011d5a822e9ee07c387098ezpc12,0,0.0005026877746487432
16,9196288f121946095e5c402fd326109827t0a,0,0.15389055540982222
16,e8f3ce0b2d0849968400b63b992cc606psoij,0,0.001589386360309939
16,bb73823b1c3f577402c9aa9eabd1e412vp2xw,0,0.5266356422827251
16,fd5cef3fe1217c6591500c715d71717anczcq,0,0.0006668899977306789
16,100d406b638e84e2da7c31b03100b874qiay2,0,0.006791176258331766
16,c0e3343070766b359c664f93ca65040b6bh2k,1,0.006337323111384644
16,d3f595832d80988c2016aeafd125d8f072r4h,0,0.0008263913288327327
16,06c281e31f83dcfd3fe70d2ee2d66bc7e6fw6,0,0.0001656304622010535
16,db85fb5556f17b744938cdcc2e7ce9b5urspd,1,0.4506108287521048
16,06ddad46112881df154e3bda0e90fe880r57n,1,0.9181721938234936
16,3e995d6f9dda5f29c02af4c9fcb94bac0csrw,0,0.3037367409582592
16,e932ef68638c37220f4c2c386cf54578x4hpn,0,0.0006063946118856301
16,2cc1c5bf18c858fd9c74901d8d80ab70ak8e0,1,0.9810708200750743
16,f8f87e237833c3279a953b785653b0e5qka8u,0,0.014918918028119876
16,d6fd864297177c38cea65aed8a45fb7bbp2e3,0,0.5679561201670084
16,84560dfb1400fe920a29ca2c728acf1e25eli,0,0.01566647231977457
16,7c0add0ef85bb5194e95ceaea737f90fyv13c,0,0.0016027165068183283
16,655a95d80489d145052254616787cb84fwqid,0,0.00017630275492032775
16,1dce9aaf9d6b9cba38f9c7489764fe30nlrq2,0,0.002977201693769801
16,7639039411fbcc6cf1013b247b2622a72g0r9,0,0.0016495623385302857
16,67fd1325fbe3cd75a110cc80b9df9708l0w52,0,0.0681268121438042
16,0496c24a6a7f593f28bf7896350e946advl6i,0,0.0011045542279656316
16,a3d0a600cdb44f03d58f27b19247cd0d4az4k,0,0.00831119385162366
16,30788b28de22d28938ecd7ed6795a8b022qm7,0,0.07500444417733375
16,36473d4c641c4c09c20c80e2ab35a36dwzp5d,0,0.00039007156308437044
16,e0984156959c3e7cd05b7ec8ae239303inqlo,0,0.0035192985187199304
16,70cc5da141baac4712163f5cd4bd4a50za0n9,0,0.0034433249971070846
16,225716d7bdf8f90cb4a4b779c663cea5j9sqp,0,0.004719099144460776
16,2b2ee7d0ebdf910833b5cb173c567881jt8sj,0,0.09920507919662631
16,82ae4df0acf8237d7af1a790e3848645bp73e,0,0.0020460759342336445
16,c34e1a988fb471e9eb8a5e84bb8ddf90k4hng,0,0.3425367992814052
16,ca28bff4ab1f6e74bf08b92e16989e11vn2mf,0,0.001481949784579863
16,3de66f8a5453943040d42e1e73f11eebll8h9,0,0.00461815342508689
16,c1d9c4c69367536d7b0ccac19527629f65025,0,0.018914257486079018
16,9ab00034c9b00521ce121adb5dd4aa15tlhc4,0,0.0007093862520529087
16,c4709885ecca7b90dea4beb5dabd68aegk2pz,0,0.05509520605038694
16,722d1147768bdb5918584997e1f677e55g0nv,0,0.0013573523583761643
16,7da6a36817cf2d8c3be218a32ab25550c8kg7,0,0.001333871206294415
16,14e29ea004067aace14ee4543876a06365os8,0,0.005199792555893598
16,6cfd573a82acda92e8207745bca28aa7lqjcm,0,0.0015243965354777471
16,68546847f11f6415034b7e2263e8ece62p3ud,0,0.10579783768498838
16,7b22c9a323baf4a7bc7a3761e4a30bfajixmt,0,0.004180904171122886
16,e578807073c57556ce334044382a9b98iaz6o,0,0.03813976844593668
16,7ec5c7e2317a9b68e861060531588f76fpldj,0,0.09920507919662631
16,c41ea39b2e13b0fc9ccccc2546f924f1obd0w,0,0.004555519696104209
16,54957cfd12ec8c64918b6200ea25d27fsc9hx,0,0.001751007720422426
16,a3ef8289a92196b07e2e7371bb111e3aom07k,0,0.000666560343212572
16,445eea09a6299164f60dd11f23276b44rkt8q,0,0.05142371454319394
16,a679d00c30c269a8eca148458abb8665kciaf,0,0.0027020060496504342
16,d5337c2d4b58426b30c8733313eb5247syn5p,0,0.00032873113101379375
16,76f7e6c70f2b84d885b23e2b2831e113ueqo2,0,0.0013211493341993212
16,d7eefaad31febe607c252199a7672420kl1el,1,0.7867493472413937
16,10f01aff2fc23653ca7ea1d74248357a889wv,0,0.001329859990016001
16,8a27b2e29086c0d2e589053537e88393zsyr2,0,0.030319983767981968
16,4c341a39553faef07ddb917ea4e069ed0yi3y,0,0.0006832749589369269
16,fb9b1e58ffba4b38175c11e03e51e1f48dnm1,0,0.0003102721563247282
16,88641b0f22cf175876bfc4adc44c00f58b5rz,0,0.001272323608751879
16,783d5c219ff84cc0517f59a39bb98e18st85m,0,0.007341585130639562
16,c8f537f6bb0aa2d45da541a875f014358qm7p,1,0.0070379802169881905
16,94c8c0f9c90820f28928caf5d122dabby69ts,0,0.0012712843987468117
16,0e5ec5baf2e15afdbf5212d8461e1ad9h3kr0,0,0.0009878479213470813
16,466ebf78d7326a38db1e19fdc1c70e9b1qu0z,0,0.016913800274182562
16,9a44bfde11a7b6ade17cd33a2b5102fcnlhm7,0,0.0014302519151504797
16,29013ddeb60a18f7d3bf9f3aaaebae6c8651o,0,0.032329730996164645
16,9be39ea5a0612fae7bc43a25a6d10856l3qaj,1,0.031690692654320285
16,67ab503313f60aaba89f64e2ce3b459fvyahu,0,0.1320577158044794
16,14fe3602f049d4574cdbdef13789647dsgtqy,0,0.0633626061267625
16,4038ae3276c0b47f420a5d73687fb73bghgxf,0,0.026670785695684554
16,76ab7c99de4a3141bf617bf30bec9feep3zuy,0,0.000770273296656608
16,5c5dbe70c2cb05d208c22d204146e1e9f3lvq,0,0.004123943521170861
16,cf1f2b6f29840e1ecbb31d18fb128c38bseas,0,0.9840538779219256
16,faaa98763b59ed5f02836d4bd682035bfhujq,0,0.0031440041840953958
16,6c3bdc508c20f2f3871766cd73064c8cib3xh,0,0.0022978883422286843
16,9655ccc7c0c193f1549475f02c54dce45kjw7,1,0.00009868427409281567
16,35a02f50226eeda275b29a09acef2177k95eb,0,0.002876371176053956
16,6ab75792932fb1ea6fc74a18edb7888c2orvk,0,0.005052056076869919
16,98aa09a7ca13559a9e2a43fa2ba4d2b7klwin,0,0.000891008733813015
16,603d769a86a359a0d41118b47c0ab41fx7kz5,0,0.00020272558404404496
16,4d6fa52e125a18f433db6e6603b58ec7k1key,0,0.003763862847787064
16,db12e9cad5e847cd7a40ec1ee649e475iwzqo,0,0.00461815342508689
16,7bb914fcdec49aa88c7310a3dda716aa9fb8t,0,0.00011110470573479268
16,01c1c7be49cd6cfbb9075925a05c9899p41va,0,0.0015095396510872686
16,24a9abf72cedcb421e831c1be26607e37zojy,0,0.0006815481280400199
16,a8b8959fe64f490d32fc15a5d1144f87qj9ai,0,0.0012934193381672764
16,572c9964ca41ed055830845993fdab29p4f03,0,0.007520857500665647
16,d9d24106ae1ff4f5bc4ec3caf29d7bd2c2f5o,0,0.003449872594782835
16,fe27fe0815883aa3e1a312f0dcb45981txa2m,0,0.004615093367513525
16,167008af05d4feaa636a565f6f83ec61a6ogj,0,0.0007187697863896
16,8725b0aa1a32054450c16b099328fbcbi71gi,0,0.0018987233581106925
16,7ffd9b7b795d9335153d481fba4b3076plrxc,0,0.0036779720536096244
16,da950a556200395a82e23e3bbfe1abb6xs258,0,0.00062693568608781
16,74149197c8684977e397ab60a6a264836b0lv,0,0.0014576851203794063
16,c353286290001e0943ed9bb160145c42etrf8,0,0.030319983767981968
16,34914d163517a0cc4f0c971afb2352106vsvz,0,0.003953060035880332
16,fdf908d608a629d5ebde14819231878dojel8,0,0.00048260118773837924
16,210ae8381324c41f7b49e95f1b7aed80z55df,0,0.025385895767542053
16,c9416e793bd0559bca3ad4a5194d4cd1k8eyc,0,0.00190708442466091
16,d144312f2f68dc33a63b7863911b2aa459i99,0,0.0027476560626091477
16,ff3ae9450581aa3de5d2326f70e39d20w8fbl,0,0.0022705677064700403
16,76ed824b414b5e690ff82e7cd2f5be52256my,0,0.12040539069991484
16,64f6b099082e4fb2e8da7ba4ae9abdead2cej,0,0.0011577875573083845
16,078e06b3288cf8f18ab7ed44b245fc56nbyfv,0,0.05344367393825896
16,036a4050a5dd65e70f0f613ec2e38a74re026,0,0.0012556085653194617
16,e76057d8bcdbb3d2f935c30849a17e4d7ordt,0,0.005392740015795419
16,679fe2a21415aa98a3cfb88abd0507edzjpsw,0,0.10579783768498838
16,1a09feff347553a2577983d7c742e3d6l2hfo,0,0.4070547892198301
16,65435e491aa69dd9d44d70a9aeb6e847oqlty,0,0.0015292380823604098
16,fff2c070d8200e0a09150bd81452ce29ngcnv,0,0.018914257486079018
16,39b501f37dde9b055d627394964d3260qiktx,0,0.0019423603626185046
16,3144ea2711bef53de88d89d71acd16c5q0bzh,0,0.0024753891880295717
16,74582963d3774699f4215df7f2d17c1b6b4pn,0,0.001387892985625203
16,a6230fdfd4879433e36a76d53440f426c7a7a,0,0.1203710494719694
16,2c449b1bbbd5f8d9bcc1159b7bd3caa32jhtp,0,0.002673262981306219
16,4731be79b5c7e894dabe5986e747b97bd6yxh,0,0.0008237615135331068
16,04636b6c61c80f5325efe61183e8edb01ko20,0,0.0024637033858252682
16,f2f10539ed947e4b141b2e9bf21af65ecz4f7,1,0.7273603162004213
16,37bb1697e1c3922a06c2d2ea4138a4c8s6wgk,1,0.9522786748018788
16,6c2488ec88e02bb38920200ece7d337e0bffy,0,0.13484275694312667
16,8fd35d215ab6530c2ef096c87233cbc93juwy,0,0.00046743894257289287
16,19033960ac23dffe078a1217788bc720jvjbz,0,0.0007815934996701471
16,7114afc59caf2cbaf6ec1733922065f3uz34p,0,0.002205865730018989
16,f0ce8b973cb8d6eef9221fd3d6698fd4kl3g7,0,0.0007762758200197247
16,b5d61accc925a0e86ab7274e1ad82532gb1w6,0,0.0713105844262923
16,17e4d6d9a1f8ec00cec1d4fe79b059bd51476,0,0.09231754594019241
16,698da938f6fc36305616aa6f8affd53fobj5y,0,0.0014778688469170255
16,71396d66a14f4ce0c96436456462863abwefv,0,0.11830649730270275
16,49f4481b6bc2255e745ef20ac2a720754r9mp,0,0.08794151763510906
16,f6a7e7b14d39804c7d15627e2fa384a1cq892,0,0.018914257486079018
16,caf32bc98f84a47829e76ffe104371f6kphvc,0,0.009844661491051773
16,ad590c59c30187b772258a059d532db42tf4d,0,0.11830649730270275
16,9a272c3baede0633bab0e15ff98d207e3ldpv,0,0.030319983767981968
16,e588d3f7a141147e4f8dba29377144707vupo,0,0.0008589259823672278
16,22e65b6bf73fab510ee814cbaeb9ebc1252mu,0,0.028584434439287144
16,e18ddfca4efb99a785c68ede9ef773ea8sfmz,0,0.018914257486079018
16,354d4abc23881a40b8f119225e0dbd09tk1u3,0,0.0014768999960268095
16,70db4530c292bc759238b8306ff4ebb6n4l6t,0,0.0019694317512996334
16,f28b5654b5633a0b5e3f757a16080116sjj1b,0,0.0012106988800220581
16,4de568a9b480f0dcd3f2ac385121d75bbpy82,0,0.0003073699505285789
16,69333c66e55cdd6cabcc6ae64531fc33w20n4,0,0.030205600516203048
16,b1ae4691fefd3d09d74096ec4caaa6d1v6tbw,0,0.0018439877975945894
16,37d71b4ae830fcfa6f0c4f65ec386414n8h5l,0,0.0008860336616265339
16,771f6754997a1954eced81d46348b4762k475,0,0.356968034194386
16,ddc6dc00f416ce10f23b57ebf758c2eeawzjw,0,0.0026195394415151735
16,c1c22607e7899ada525b74e757d248ac2b8ac,0,0.8465237002863866
16,cdf1fdd424a11dde166c4bf069d6998eph7b1,0,0.08500367322398213
16,5f56908449455ee9670c7947614f7b4bxak3c,0,0.006636674638695583
16,786cb68d5d2012dedaf70257449090f2hfb88,0,0.0005665009505304766
16,022ac3a7ce986049d9a4bede83ccf9ddctvg6,1,0.9581586580398783
16,4c93ba564461b1412df6f033c8ef71e8ck438,0,0.0164171764771112
16,25aca203223b4d9563f5b1a01aa3a21ftlgve,0,0.022670450510380667
16,424b638423f4862b2a84f22ec25fa22eb2c8p,0,0.030319983767981968
16,e54c3b01eab75ad3a616d56dd06ebef758ua8,0,0.0017443723875417952
16,29e08b4d18198fe9265772fba3a4f6c4mj1rw,0,0.00013467654341035387
16,61e4b6ad0fc268d42c330ec99fd8c939yb7t1,0,0.0008910500372562291
16,e29ae1bd8e6e7dfc9cb43b1572d3d55ca0hc1,0,0.00032893924373792366
16,235f78b13fc87c995c1f309403ee56bb54tu5,0,0.005088142678443796
16,2b5c4051f232c4848dbbb477c5ad7f389f4b6,0,0.03813976844593668
16,9f34ed261596a1114cefe81158c5617biq26c,0,0.03721338980989806
16,0181b91f58e6cbaa832235e2879c9c00ovrzi,0,0.0008946130772531356
16,c17c63af831939f5e2fd12f65821db65umonm,0,0.9277311063213407
16,e0fecfdf4029d9a91664e703a178397718lyl,0,0.00011489326748483066
16,15f34e73687d7361ac0d780737fca261g2s9n,0,0.023277379107347798
16,d1200a75b6c05584f4f902e74d3dead76cj15,0,0.00773031902381319
16,efa1611e96c3238913333b8525c6a196rvy38,0,0.0012052481078380038
16,b7e0afcd391a22444eaa566aa527eec0x2yv3,0,0.0020151372876180376
16,d2b8a15ae403dabc5aa752b205181dbe1lm57,0,0.0025787021735496213
16,369515b3af4f8ca582f90271d30b14b6r52aw,0,0.010124961174766646
16,c806dbb2decba0ed3c4ff5e2e60a74c2wjvbl,0,0.0009132078658780849
17,624f258b49e77713fc34034560f93fb3hu3jo,0,0.002043523838661271
17,1c5f4fc669099bfbfac515cd26997bd12ruaj,0,0.0003777410465892613
17,4bee9aba2abda51bf43d639013d6efe12iycd,0,0.009898620402244759
17,7eaefc97fbf6af12e930528151f86eb91bafh,0,0.008028779562015744
17,d1be739798ba0745a1fd72ac918a9f1929hei,0,0.0011853041552596895
17,d91a4421996dcf429f575e372915cdcedae6g,0,0.12427556202179355
17,880f542a275df1251612886d408b32e8m96cp,0,0.0009718419011176142
17,d29003d7f3ec1f0e4ca9cc17e6389b4a4phcg,0,0.0009620266396975148
17,b37b352197594dae96bb9219bf59d656oz79f,0,0.0021584931018600027
17,d36857d18a397e7e24d05dcbef3b919ftjstv,0,0.028391682849341293
17,29cc13d48af9832e0eb481c8a095fec7mom74,0,0.0024466383662453844
17,342f22fed8b1e90c6ff1a6b7bd80f6334w094,0,0.005293296124765205
17,e97becf0d4632035ad4cd5e65c827d6f0xawy,0,0.001489407382924875
17,68d468e15e0de0bab9694cdca8e799eb2j8kn,1,0.9727603647319062
17,792edafa0603516a57932e6103e9dd54ajar7,0,0.011455721467540812
17,bcf95b210295831ff6e20db3a570f909n3q25,0,0.3553023485086713
17,85be8fd21f41bc3dee86597d272825726bp69,0,0.0010918536729670673
17,ef24ca4be7ccbd6ec68d4ea9f47c9e8ex1g09,0,0.0024773504002342382
17,dadbcec8b02ac75c5935f419b318ceca1wwjw,0,0.034240662098568506
17,02bde521e763e4f4e590e8368149e04a96il9,0,0.0015790625313885653
17,f769b9f92260ecf046efd05bf9ab6822j7c02,0,0.00029065842918077166
17,87aa94042390f9267d3b7d90e42b022ek5mbu,0,0.005419496779396419
17,001068c415025a009fee375a12cff4fcnht8y,0,0.009435193238337448
17,cf33d05860b7f7d9af73c6091190b81ektz1j,0,0.018829895303146625
17,28c0d4c81a22958352aa742f7d74e477qwo51,0,0.002940044636700092
17,915ccac760c7359a446100fd1a54bbf6oyrzf,0,0.0033994742484480807
17,75c4518eba20c9299a3a836d9905c327w6j8b,0,0.2108226307547134
17,5960fc711b544e2617d0f76360b69e2afds2b,0,0.013987224074485853
17,ae94687eaad6b410713db9106c42566axgn9n,0,0.007715799619688051
17,367edc726ba8e667973844395493559dtf2o3,0,0.006035321160110679
17,fc8e62e5fb69ba67265a3d0e3403aa3fr8c2q,0,0.4984675460090026
17,2e3b450b727fe3e888c85d52251fd33ffoi4b,0,0.00488067315921831
17,acf06eabed56f179cf32ab60b6b076820ajls,0,0.0033861829970581064
17,7264bde42ef4fe3fa19cc7c6d64696cf7pqtd,0,0.008714021543622047
17,19353c42feb91a216885fe012efdfb11s2iu8,0,0.0032665707195531813
17,20ebb9de648c6df989f04d07cf273c7b3yu8c,0,0.20790244849122386
17,6cd1bd77bbf2af6a2c6e535192af628by3h22,0,0.014713860603840214
17,090c77ac89c7063f0d0ce064ce3cb3afllf5h,0,0.02007067076076451
17,3be127c56b2de21dfcf2836f20afe249hqkxy,0,0.7449116937709893
17,8126928a319468b6da5edce4097d2398xwita,0,0.0366413409914001
17,2c31770e98fc9fc7e0f1fee6207b5600c0e10,0,0.5723818388063168
17,c7d335bf99b9c71fb22797ecbd78b92ashv4h,0,0.017702400096228917
17,1af4685cda2979a608c4b6ad83473774qgicn,1,0.6591502103761229
17,ea0e5f7d93f2220a62bde8067f26daaa7oxgf,0,0.002943418715561443
17,8ec8add138ed551bd5a9175eae0cb972ie0pk,0,0.014973597921857167
17,e561facfea467ea124df0111e041287ctvgwn,0,0.010734970443127127
17,ef9ce9b85309d7d1044ce57055705bae8pqlg,0,0.0015548820328319965
17,b8e47f06aef714b37073e72ac40a8100mew9c,0,0.001110192342853229
17,d6d68e218a6cafa246ed31185b09e1e1fsu8x,0,0.009001120415896006
17,01a39439e7afbdcfe385eedbddb23d76zgdrg,0,0.002760995798199632
17,7dc423d0bbfd840fa0bf75203cd7bcee75kmh,0,0.005480637543193125
17,1291b98e40353f77928e363d54a13c569bhfb,0,0.012631279460978844
17,c600968815fc32b20e0519ecfce5b648en2wo,1,0.9900202180443152
17,64e802fa8e0c17ec2ba1b6425648b7cb7ndkn,0,0.002927539220372167
17,b64c209b3d1d91a663d134961af89125u0s9a,0,0.0015790625313885653
17,0565a780f2c5b46837bbe9739ef15ea92fdu0,0,0.049784900305524245
17,81a6dd18d43cb3b1999176eea563b438roe7y,0,0.007965377054405753
17,5e611461283a5c3e49b5bfbf9c33b7391ce3h,0,0.0009296273167934139
17,aa8aeba2bdd0353a108b9b26f12ed59559mvz,0,0.0011398269293759187
17,e7a98dc8545eb429007cb48799a40a2dc9p6o,0,0.14943838146435184
17,a2d0b7ec1595325cc63777f106e09fcd88y5g,0,0.010396266906474064
17,f876e3be4038da62f49234ee498feb732gdcl,0,0.0009959729464155184
17,205c519be884c5b1c885f61c4ba8738a737qg,0,0.9528177783651315
17,3a8124eb9fd3977e43f5e0762d9a09d536rob,0,0.001329936658743825
17,f61d93fddb01d2d89a85a132c649aa90lj1z6,0,0.0010471135400379108
17,cf456f3c8c409ec4060142acfdabb5bbqpx7q,0,0.003882772612370095
17,7b93ccc9d5730b561ec5fa7f4bd48c04qudf1,0,0.18584192850262835
17,f0f21cd3d51b7a233988cb1c3c5df977zjqkj,0,0.000744382128016818
17,cf9a1c3af63d1bc3f55728b4a06a5f46njrac,0,0.004434347136003453
17,29544507566320f1125d8e9f9a0ab3f2jswhk,0,0.953828057748329
17,6f46b3e231003daf21108df4624afcfdaaswv,0,0.0004661938287664266
17,1680f758aecded6e25096b3a6199b38en6n73,0,0.006849550531282097
17,e22528ef6a439aff5a8b19f8c9b07c19fyzs6,0,0.01219936176155626
17,d9177cca9a1bfe3478cc4f11a0d57de2p8ahp,0,0.02007067076076451
17,1b0534afb7c02bb023bd4767ae73f17dqzqdu,0,0.23123050371618886
17,fb5a19240e36ae12aaccc1e9d9231144l32hv,0,0.11453928791465803
17,300bb4c9816a7064b106c9c6cec2f51ei13n5,0,0.011695372960793798
17,340bc29eeeb9b9d04eb1fb72a1a9a2444brgk,0,0.0035879121245529465
17,7f86c3c417ae1db5bea10bf9d0a7827ct3ni4,0,0.9250045484697579
17,c18cfb38fe1c4c01705391422177265cn9w5x,0,0.00747955901846476
17,4a2d5b70f0fcec3ad9d8ac4b447efd6f3vs9c,0,0.006146514659058299
17,dc752fa41d974bf688d25ea9d18e9a2eit904,0,0.0011144088276811013
17,5c725e840bcc103bb8d12c54ba9a0b37blxvw,0,0.0015157446080446449
17,eb2c4b4493f31788ead745533e0c9a18xzzlk,0,0.002361249429184938
17,35a89119272ca55d7f602689616b58c3pebir,0,0.0013923799932211644
17,b42ef139c2dfbff8356e8886d2b109e06riso,0,0.0015350263881950892
17,3d54d594ffba32e8d6527a688e7227e30iq3k,0,0.002191845033208602
17,11d7f0a5076649b229c301a22537834e1ehwg,0,0.00043665838361212224
17,4f891171f7b09f54d8b4f30b48421f178m75r,0,0.06025737323062332
17,e67abc3ba39537cc640678297a7c5bfag490k,0,0.14146064665398173
17,e24542c1bd46a4a0f98b0fa95d8fc40brecdx,1,0.43670512915706233
17,9b51afa3c3a736bdf93bd1f2a7b0a0903c34w,0,0.006397778391296467
17,39f9dad880d32ee607af7571ec24807bn1g2d,0,0.04263161733192898
17,f04748a1437347d837a65ce04ee7d94enqhub,0,0.003035505890300694
17,c871daa6b709e008825b667b05efddca04jbe,0,0.013466410299820188
17,37921a9d842612b3b0281f7098d0002539xrj,0,0.002520582357195878
17,c6f07c222aa3a9d35b0e01f8959ffd21oownr,0,0.0027606954627160778
17,86b6207b5e87d58ae307bdc1545a101akz0ew,0,0.0012053569815555305
17,fb6814db96bbaf61f42270a85f0f62adunxft,0,0.0006783410877126059
17,4c2699de8bc9516b09c5e5c8bae6d6c6xiry9,0,0.000166451324511441
17,1c66f261724506bee45dd18a4d221bfeh1687,0,0.02914310864691363
17,584d1d60d357a4ee1fd3b0a6a72de1dc4rodn,0,0.011455721467540812
17,392d936106b75256632c9dc83c4f1a169bke9,0,0.0022541993884406275
17,55d0b2506cef6464d799879b65c6ba29hjcv3,0,0.6369848089881126
17,ec0c9e98cdf302274974ad212477f851iw35b,0,0.0411164774985907
17,a664b6b42fd48403fbd34800063fa50bz6k4m,1,0.9609917190194351
17,876b122982958678f14bb25d887dd79dun3qa,0,0.002250312572628509
17,ce22684df495e376e32ac95d3ceb1164t37l2,0,0.011455721467540812
17,37ebf34eaeb8a434976416c34ed5c6d8ywyoj,0,0.0016131651066779963
17,790c497536a2a9fe080c3b2ee6d5eeb9caiv8,0,0.0013624839387646843
17,45c3a73b88760d4390f42ea4fae97d84la5wh,0,0.003067873939257684
17,0318e0a173f7c65db40116b903884c854x258,0,0.026144235163712663
17,6767cffbe2c0957492aa451560655be3hjd6s,0,0.10949035067894682
17,40ef6a4a0c99b478fee1c93f4105b9d9mh9iv,0,0.010734970443127127
17,cb9a75312b809291306c6213ed5dc67dw31qz,0,0.26928391878907154
17,9aca61f505f40a3b4f7865c2d00e2418s0e1f,0,0.25336376652082104
17,d7340ee3c04e600c31fd2a34c760f7e7d26bn,0,0.0022916553590521995
17,d8ff621bc161b09d9192c445f4b3be7b8xow6,0,0.0011643558705913843
17,3d48fb12020c1a81a65fdba2d75caf0d6q2nc,0,0.007887041065619277
17,f35082c6d72f1f1be3dd23f949db1f577t6wd,1,0.011812556256218402
17,8ea020a1fdccfd726f74ed7e90dc3400zy9iy,0,0.003735266283735747
17,99bfa04865566ca88573ebfd3c7fb1f2c64cr,0,0.0034539716497223607
17,4073de52fb5c46376dc3cac6b2f2cecdxyqjg,0,0.0016118263490209294
17,b071545f5ad73150880c42e780d951bdzvxn7,0,0.021084114928028235
17,2eaf4eef52d5b17615d08bf77386fa42yotej,0,0.024770659578559468
17,fb7c9b1dcc3b44dd69e42a84406117db4t4mn,0,0.0037198752456274234
17,cbc71ae3c3690c89485eda3f08b9bb51rqrxz,0,0.08263588741558116
17,6b85d622dec4fff284d55895eba9969dqlhu9,0,0.0079439488947836
17,80bf6ab93fbb8316efd5c0b42d4b46c83qrdn,0,0.025285360920901574
17,6c0212679f2439c4113386b2c6ef513e8wr8p,0,0.852142002001446
17,aba1120a5b13cf72c1d52c0dac8aafc67nmoh,0,0.0012173371836990633
17,6393f55c093e04e6e608e1ee8be9c3e28omjd,0,0.004781757945827563
17,aa7e36069de119ee3ad7c4d8c925fa3ekrs4i,0,0.013122332196771664
17,429f301119adc32d35541dd4d60903563s7nr,0,0.06360226611160133
17,54e279a4e162af7fc55d640aa62d0cbc9hxil,0,0.060441086025420275
17,bc7722baf876d0735ddc885691eb687bgz365,0,0.203739795228058
17,34cc283e180fcd4902ef8758714c6d83th4nf,0,0.012215295314347448
17,61a4da78a5aa5bebcb3e9818a46771766gtq7,0,0.10243730817058504
17,38125387ec30412c438280af8931254dmvfgb,0,0.0010834302606534893
17,fba0c76970a464cfa9c043c906442f0eg53a2,0,0.011455721467540812
17,f8c42ccd10c3fe515e53082f0cde9a18oxgws,0,0.5412375772912477
17,6e18a078182a21b8522bb69a822cc338in7rn,0,0.0018342395362490828
17,a6ec153fc7002cfd929b9f7199914cf75upgt,1,0.016414285569129057
17,f334d76f60cae7c67ab04b9e5cc49907hqsc4,0,0.010734970443127127
17,3128932859bba46f57cdd19579c42e05lif6h,0,0.001450129598371405
17,4c2af41637c123c78074e46a22526298vol9h,0,0.0010659509609342332
17,3d48d4b09fc7559bb6c129fb65c133808brgv,0,0.06060517399791924
17,c8e474ba549fe924bff9d3f585a9943cg9aju,0,0.0029597420285621227
17,1bb03cdb913f203f704caf8bf6840b6fbpigb,0,0.22835744244239034
17,ae6758a627a111f6d6b530b0154c429566o4k,1,0.09703302117597452
17,84d75f71a61667cd327367453b4c0d2frury9,0,0.0017013972772910672
17,f27321571b5b6184e86acb6203c766f2bsfxg,0,0.010229949624800429
17,d2fc5291537a61882065e571c21e796975uy0,0,0.0010064928592739219
17,313bb0007cbdd82f326d58c96847294c9hz4k,0,0.0013660044828338986
17,a4734769962126673e975a627e930b5fgc79n,0,0.004351024750022951
17,d645e4b8b043a18bb1c8689572ad4fe16q3np,0,0.002131943904368995
17,d1780c224460a0c20d5c2f5f68714c5264xd0,0,0.0015790625313885653
17,efdf59a8ca81c5d3744f9121ac8fd2c7coy3g,0,0.0018678971044284454
17,e429d13bc2c7acc82d8d68fa020546c38v82z,0,0.0022869211376780677
17,c41f5fb84d9f9e2456a5264c79919569vrhau,0,0.0008295231388985742
17,b5a92183d20e5ca98da4065c874e0b9dezbhx,0,0.8545041356227558
17,c72012c8072e2441b3ba8173205cd298cde8a,1,0.22129010047175107
17,98a5197faba8ba72d6ee9e1c95d65d737sigb,0,0.02346389787272798
17,f19531503f1485a3014189a80971c6fb0d9fu,0,0.012127028759994024
17,06b2d71c26ef3b6e29277f761cd0db90wuwjo,0,0.011455721467540812
17,631f923b7bcf91f61a2e9f96520bd8c8vtl14,0,0.9391027258889441
17,f73eb6e2e7a872f97c715ccdcddac77am8bq5,0,0.10213465969206606
17,4c67576a6f30a158d16d790a7fc482b0zqxue,1,0.5414823381833911
17,45fe4f0fb849e7195a1efd5495d1285f2culj,0,0.001275795508340543
17,23af639c0bd57bfe9bcf3b16973d58b7666fe,0,0.005149971773670896
17,3312b8e73417810a88be459d75fe9bc2xhd8v,0,0.0023290200375483934
17,44c38c27b9de757c8c7c05cf07b7e3eb14qpt,0,0.13969875334565215
17,c59f4511da2e8dfbf02668a49bc391895wk3u,0,0.02007067076076451
17,7622d7085237d6b73d08e9d70ed11fe3u8mwm,0,0.0011140126558074523
17,9a12aa1aa3560062c6f84bd374eb5f7f422vq,0,0.0009800575576512434
17,bd29e36cbb063cbb96ece76680ffd9121dy90,0,0.00237632514359733
17,339b8ca3185dcaffbc3ebdfd960020e8es0as,0,0.0022444246148685277
17,7d8d3493942dc13742444f28626c5839axjqd,0,0.6601837515342645
17,f7e3635c9a532fb9a60d6eda6eb7c7de3uqs2,0,0.0019017030819304748
17,85ac49e7f93bf0e20323de78362bb4aadnwia,0,0.019394166594680257
17,b7630ee9a73e7ba6f11f7717b7f03ed4be2hb,0,0.0827838783162084
17,5d5816d216122786933fb74c459f35fc0vnac,0,0.0015272315386858403
17,3ef757c3d6a272681c69bbd7e071b705yzt8t,0,0.0012373631878186615
17,b416bf88dedd6ccdbc3a2146524500258qdzz,0,0.00294872354201761
17,3cab5bd983f5be9c16789b6c14bae982nhi9c,0,0.00747955901846476
17,0817731a4d2e319f6f771da3f522b8bfv6njs,0,0.9494905073525738
17,dd76fa7a75bd0e1921f71d255a8e0853l4lbi,0,0.0027585091430247653
17,a0aeb6de8a21a5b776f63530ed753fdb34k7y,0,0.03730555927693263
17,309f446bdb138faeb18072285ccd9901gz80c,0,0.5549277594964719
17,4dbc8d336dbe0241c9bbb0f3630f25059yo43,0,0.00747955901846476
17,54379b25f1f35d9df78da9cd774cef74u5wt9,0,0.008849821605308129
17,63c48b70d37dee5fcfb26f94107ba3b94d90p,0,0.003471101634505613
17,fec57d2db5692eb144a71aaa35a11b58delkw,0,0.011693390085156588
17,36f52ad1abfd307b73c9b69cd5197dddmmxgr,0,0.00046510731201876876
17,4ac31aea605d17045ceedbce23eed239omved,0,0.014713860603840214
17,8d638f6da12614d6b369249410c3d278n8qme,0,0.013477160675009581
17,aee383561c0019dc01552bfa5263af8etbuc7,0,0.005201155661112425
17,9375e98d0810ce9119ccf45300249636zfpd9,0,0.0016577568418580854
17,01cda526658455000913950f20cf31a2q6nsf,0,0.004480811581376976
17,c963c2dcbeeb0b7051bd3a6a87483ce6i98xx,0,0.004587128925469698
17,92ce3c44edd41ad3222481daac1ead35bouwj,0,0.0013358577135759097
17,6182daa56cb0623719228c9e576b71fcpg8r8,0,0.010251144946588214
17,b729f60d26fde89a01f3fa89759d6b07t0ec4,0,0.01027219399984608
17,5fc9437841f1dbbe63a3a933c48472fcohutg,0,0.0020417645073191495
17,e2165ff862178c7b2946f7f62f5a3e51wcvaw,0,0.01173443365472745
17,3ded667003605eb856ed1aa2b82c1732gtma1,0,0.005866126822180923
17,332484ddd66b9a3db89ee68f08b1288amq90u,0,0.0019493970328116068
17,f5edfebe95b4f637d1bcceb892b73dc7rhn7l,0,0.06280521287552503
17,6a2c4aeaa17c2fcf20958803a674f101vlxw1,0,0.003377657364827378
17,28b4c35bd90c81ca959da328806469d493mvj,0,0.011455721467540812
17,5aeb71cdc92fe5d1c4a4e127d7ca7783gzje9,0,0.002109940160325085
17,519c0f3b989c8e1781e0910f685980ce15wzr,0,0.001279255021556789
17,37702159c6cd2c1a21cf66600e96cdc6rdbff,0,0.011455721467540812
17,8644c9765c64da22776cd67eefe0f498u3aaz,0,0.001216792113777241
17,6ed39d7c89fa2d423017cc9811f0c469i2157,0,0.002276533525465619
17,fdad47d27b793b74470086c35333d4fepycsl,0,0.0017175462786792736
17,e22850afda081aba360cc18e2a9021caqjjov,0,0.003160239307071663
17,30c3c92cc9408f55cfa895ff8a505930a3yy1,0,0.0010756005815490083
17,171fbac128e6dcb51d0f07cf7ed8bd3er891e,0,0.9613524493709377
17,fbacab353140582a4b8ae3412eefecbc753vs,0,0.033034676544000954
17,a7c910e7c7796d979aa9a7a31d74a8eaqsapx,0,0.010396266906474064
17,b853c1e4d6a4657d35705772ca6cfdc3qtox5,0,0.02007067076076451
17,a8c2410eb81513da23261a49135e4eeacw6dw,0,0.009898620402244759
17,4d1542974bc322859d3d099b8c5193felot1k,0,0.550954493486751
17,9ae9782ecff93ddf1c6fa13d711b9fe1gc266,0,0.09314811097312248
17,08353687608279ddd83e4d36fadd1cd8ritj3,0,0.002108477312456038
17,f0fd9f1b3fc9ff10c2642b3bf81946e2rsq48,0,0.002777161266465372
17,8e0462410d727b34290fec10fd5661761yc8u,0,0.0009165037099719735
17,6a97f70ba29a04e77eb3b137e157070dc2mqc,0,0.007370176906876307
17,4ed4760782d4e2c65bee8cadc1fcdc89htz8b,0,0.001073661672138441
17,91c749114e26abdb9a4536169f9b4580huern,1,0.02668633460913173
17,ba266f4898bf572447ad65856b362595yjt2a,0,0.004664547965368695
17,86a34cdbb975c141eea1854b10dbf1c8seom3,0,0.0284904998387457
17,461c1d143120270fff5ebc1b91934951378ud,0,0.018106859305969482
17,8f086b809805064f3c4a5dd48327c0f51yplz,1,0.038724945826297076
17,c503bb79d4f3522f51d348c680906c1bs0w7z,0,0.007098922978241439
17,5e945cce4e72950e0930b2700e77fc8eq2abo,0,0.0027530553355753
17,ae0dc05e48d0f1e3ad33f37b4400bd069jktv,0,0.037273001176210026
17,4b32495335dd238db6285f7c6bbe051fv1qoe,0,0.007634361731206018
17,e7445f6107c8cd3783fa722c7dd29fe6rcd3a,0,0.0009527612423371271
17,ca68a41b3a4062f154dc1ae8456cd792d6kp1,0,0.005181452381367345
17,1ccc69e376c95da9bd569a5d1a176874ivojs,0,0.0015809543335274106
17,2e07d37dd022e72ab04da76f51edaa13qk5rv,0,0.001216792113777241
17,59cad1329d42bda3d678bae082bee7edgvt7q,0,0.002167225151046518
17,870932eabebfc108296437c303db6055kc3t4,0,0.00032115420387826175
17,372bf02911448b7f62cc861074a7ac81y0jsn,0,0.007738949715396002
17,fb200accdd0411e96f1b0f6d6f6d4f52rgk01,0,0.0012282810637758114
17,d428139761f7b7563d57bb1f87b55876388j9,0,0.002273271019703544
17,bdeb5eed17a812d2c47176e30b8553ae2k06g,0,0.007351378865779043
17,142a2545c5c01937b05ac6de9773f9efgx0eb,0,0.03267485340440286
17,21c5f4fff051adecaf1b080fbf910ca3dvi6a,0,0.0033713343224381844
17,0d1815382b08885d76c671ab600133adeyp5e,0,0.7265525109068602
17,1df5be644b8963750305092eb8ec878ayba4x,0,0.4375902811552392
17,05c9fe8f8852ea069a93dfe39fc0571er9mdt,0,0.007875755197821029
17,5c2e85ba72b9e9e16f77939fee7ffb5eivaqe,0,0.0012038692964004304
17,02cfc97e8fded77671e71e1951723d5fwz6a4,0,0.00040847817400699576
17,bd85d0d7fbbfab49136c241bdbe119dbgkuna,0,0.0018852149268194698
17,3c37de5e4321388ba706233d5ca4a0bfp7w67,0,0.02007067076076451
17,baff2ce04381eb1bc4747d557bf52208vqmby,0,0.0010004019947273133
17,24029e6b641077ab7b9a1fde11a42666pkz6z,0,0.8261929769726302
17,58c2b44923882a8252963e78886adaefh7hnm,0,0.013987224074485853
17,25f1a9c0c83eefedfc2c1589e763c2a3is1qy,0,0.0007566570030637593
17,83e8aa6cb15daa745c75ba3c29a2f646zjw33,0,0.013635992250784393
17,4579226b86f3ca5b5ea1597efabae4c42j4rw,0,0.0011500718430730462
17,74429c9ce8183e2b1b89600e6de4ceea5kn1t,0,0.011455721467540812
17,8a3f5e16e4e689897d872716efeeaa0904tyl,0,0.0013697779175737006
17,e833712b1e29ffe74517e2dadcb4f2d1pt5t3,0,0.055724742871637714
17,ba194af5111cfcf1dd95eb36160c728ds4kcy,0,0.0016378829442727165
17,a961ba95d1685705953ace49a29424e2ld1ek,0,0.006821222995113363
17,45e4c7fe66077b5b7b338f19f476f9d85jlk0,0,0.004342298688752485
17,ac2d643e0c0d3bfe8e54e5a961c6cfdb5xn9v,0,0.005719232875795412
17,a945c65b19da56d0c7358d8858fe14e8ulfel,0,0.007739248109773606
17,f725c5b4cece8353da7a636fcba0ecb5yxshd,0,0.037253150755139235
17,88ebdac47cc2623888e0bcdfb35b692ejrbvv,0,0.004714585862537658
17,88acd2e23ea6817d9d9fc28f38a8d1aftqssz,0,0.0032878809332500185
17,a37b105534ddcabb169f6ae3ec928d85slw6z,0,0.0015356002249335924
17,cab7ecf98fd0489389a3a8d3961defb3k66og,0,0.0015576977405778267
17,a027780df5d0312919d41edfd4947f27odx7t,0,0.30083639990418004
17,459ea22b6b51936d0788de9f78a3547bf4jrw,0,0.005650641438871045
17,d810a7956e4d9fbc246d585ce84e8ea0750b2,0,0.0008576019336885226
17,041d869edcadf595b90e3b5248903183pn754,1,0.9306250448340696
17,c89d56c06803b8c6316a7c906604c64939yri,0,0.0007029558151491172
17,462df7ecf1d47980dea6a93d44fb408d4u2d5,0,0.005074971110096066
17,74487d5ffd5c34de4fecaf9dcb66f86b0wwa2,0,0.006367345245704309
17,a262e805f766306f4adb38211abf235akxqh8,0,0.007627098523175078
17,3e0bbd7d75cf543a56919ff5069b31a9gcbql,0,0.0018608665013707718
17,96982cc1eefd6f526b512755151227c3h2w3l,0,0.0026960062874417474
17,96f31c5b3baa8704096cc8d4301b4c96i6fyp,0,0.010055686329059073
17,f5ab013f90cb8890d33c6a309798204155q15,0,0.0008214577321222062
17,bf65e77ce8676fbab6fc78b70c50f05a8da8a,0,0.2345087796073362
17,d9576f0ba8c7479eb2b26f0d15c4abfayk5ex,0,0.004959833845585487
17,eeda0d135495167db9425fc5fa3a5e3ex2zel,0,0.011455721467540812
17,fa6bfb4a2156dc8e73a713cdab85bc4bmcmwr,0,0.02007067076076451
17,531d4a209ec0cf76c9337b42fb1c3d9c9tcuv,0,0.0016305679877492223
17,ec86220eb6ce57c91a02a7356b342599jrcut,0,0.003745450538770428
17,67fbdc4209a1566288acba904a2b5a7ee588g,0,0.004390562539945693
17,bb43fc12fbb0fd2b2536e4033ababf59exffy,0,0.11539400582844009
17,d7e83a95a05308d4fae6428bb9073a7bg8aoa,0,0.0015093294635694994
17,d4b2fd8f5e8e02b660e9803cbcfa6cf2t5szq,0,0.15212818422174612
17,721e69fd30e33488bf82b7e2f9c8cee28a9ea,0,0.0018808830452422978
17,51cf4dc8898554aedd8572f97a95ef5cpi3ct,0,0.2573940973385103
17,715ee2811c764d5c58aa228ee801e518gqvli,0,0.010660532987472104
17,e8b82b8640ecdd154eebe6b36ec63f0bdwhc4,0,0.015918294940095327
17,79794d93380946ef72e95f55b4abc008hsns6,0,0.0006854423350090501
17,8c09f4afd78059d9200cddc435f5c48ceph11,0,0.0787741757139897
17,3c77ec9f79f6febf630325ef84f2a0bcl3qg1,0,0.0028586924678126774
17,f0e1c483773c2ef8466d152874872139e0wcu,0,0.0014419947585702121
17,8c412ae875b672f18073d643c74f9f0clzbyw,0,0.0008085815952795433
17,953e01bab9ac8786b4bfc77d183732bbqw6ng,0,0.04746974173649869
17,cb705744a588c18087921e74e68cfa10oev6i,0,0.06412415997476975
17,820dc943d26965d377be315497837bba5iz67,0,0.0006471725334831116
17,6b0d09889ff4889deaabd5f15b3b34f1jxl6v,0,0.003934372068372231
17,400e8b5b5447b4d11e06a8bb0754d8d6l6xoy,0,0.007738949715396002
17,8066d0a6ab30c52b3ddca5da19518b6188t23,0,0.00259693415977156
17,683833b860c003e6c31c521c9cdb49a1kr6b4,0,0.013987224074485853
17,1bb7a8c04e70386f5496322158e9fc3ef6d84,0,0.0029428585050980103
17,ac9bf3a07831666bde4fefb75c184adekbrl0,0,0.008371368331620459
17,50859deae0e0a599efde1725cde3a8b8dw86a,0,0.004985991516939144
17,0030a2dd87ad2733e0873062e4f83954mkj86,0,0.02668633460913173
17,c4294be0db6b5c9357ae5e2e7fc8da9489qpc,0,0.0012194250894099143
17,664adb319c2be43104b6565a8ff293dea0f01,0,0.0007568719812154586
17,eaad20ae39d343daf76adc0b1a4984faumuzj,0,0.09269153677999835
17,95ff2833eef5999a4f3ba4a7684d2b26a6v9j,0,0.0018708245677059422
17,9f9dd5c179d357b53f145ae1e5cc941f5qfuy,0,0.0004375110614267433
17,227bc0936837200d0aaeb444ab8d5f1axs8zr,0,0.0019372566761585465
17,4950352b0410495ef65a92b08b5be463c20yn,0,0.011455721467540812
17,0ea26a4028ffc16d9a8631d43e1b92105auao,0,0.11066892330856302
17,ef415b2bbbb81ed33cec7242678975d5m5qk6,0,0.0011770524794609228
17,5201935b289665a197e38f747882948fjt867,0,0.0010489236157940165
17,3714da7069a5205137cacf89ab3a136ffx2u2,1,0.8271602517360674
17,c616385a2762ecfd8e4ea16d8a1f2596qw07a,0,0.0024983763107083116
17,1982c4b164171180d480166feae881ecmxsgl,0,0.0010259621742415292
17,7e8650379cbcb3ef8f7f6aefcd678067kzbdi,0,0.2229864011376792
17,317d3e44b2bcfdd7293b84f82f44b8e31hx1r,0,0.0007093214839455627
17,40fafe756c4695b32df7d19d4c710dabvzr79,0,0.0015790625313885653
17,92a63dbb8323426833b944a4fc196fe27pzha,0,0.0020723808099085694
17,1456b44d8b2b16cd94278137269ceb11ns7wy,0,0.0013300741976604777
17,76f17ce227e593aeff456fed46e36c83a3j72,0,0.15069716454730303
17,46f1d7df0a8ffcc10c3de0dad8979cabgr9ig,0,0.0009552651280770695
17,1275d8a6a3b2ae9d24b50997397c254cpuuzv,0,0.9423642327631816
17,00cc97158e6f4cb8eac3c0075918b7ffi5k8o,0,0.0015219750662004477
17,70739399d69a3b7ea9e72742dc728742zp9uf,0,0.025671058684506042
17,308def7f05575db9bcb6a67207d6c1beb2cqt,0,0.016420975680483778
17,ec96b5b27dc870c8f59ef11b7371b06eenaox,0,0.0002126530727661638
17,0f33df2513a519a35c8b3dcf1d7c7416jjjzk,0,0.4115725440883799
17,dbdb69d0032b0a251469107dd565b6c7irr4a,0,0.0022185300740859676
17,91b8febfd1f556c06838992814e7653cr119e,0,0.00567570763776646
17,cefd0ed907595de146c91e6c26b8ad658ilo9,0,0.005569830845587033
17,3ef2325f8b68e1c030547a2a54ea6b98zwa2w,0,0.02007067076076451
17,f3d3c913b225bc6cdb98c60f0936f7cbj8k3a,0,0.0033789705190432487
17,eeb7e43d894af9161f84692f2bf9570fdryzr,0,0.06060517399791924
17,a46046f129f3526547aca680877fd8c7e6tfc,0,0.0055558080149709045
17,6c8ffec692e88d81e1b18d47818abb04v6llr,0,0.0002162522346367575
17,283987b9f1ffd4514757483ee1f01351xd678,0,0.059889473193543104
17,3dbb502d9d6f89b26f62cc804df54dcandhp0,0,0.17288698472856215
17,c780bc2dc7ab83d5e5c85dd13f0f7fdecfxjq,1,0.20376986684160622
17,4ef4b3e5727dc85f18aaf00ff9a1e936qyhp6,1,0.9197888302287083
17,baf1aa59ebedbacea2ca418c5aa83888imys2,0,0.0009481631470699109
17,c910efe1f135b08acc32b2db162362033olvv,0,0.0014320932273187523
17,5a6376f140f05274d6e0dc888cbeb89eukxkd,0,0.14215883670900106
17,44bfa21b7d497f097a594c8861d4f8d4w5e97,1,0.19798718068534052
17,8d500e174fc28d494482f8ccb9438608zd51s,0,0.007738949715396002
17,bbd1d48ef4e8e7e3855938755275ad2b2le9g,0,0.01265791349056583
17,1fcca45fdd3d1d3638821f41e032f170en3h7,0,0.0004617280496440587
17,c2e1242ad5ea781923a08987d55365c69fii7,1,0.05858040830000821
17,6d1354e720cb9ec90e19e29f5f895669qh6g6,0,0.02007067076076451
17,6275d51c0324547faa8a87b499812268tl90r,0,0.0060776158144256074
17,21fd0c468438a483ad1c60cfd1b84b850iyjv,0,0.00338157223164316
17,e4bee4e53a19aaf71e0ac0e3be752b2cz3k1j,0,0.0015719588118501579
17,4d2fc319ce6c2ad370052e0f6f2b0a1dxiyau,0,0.0054484010478238355
17,681b4f9dca9e70441fca4a58c05b0f50skmir,0,0.00032115420387826175
17,c1859303603734d90d1a91d80977e14echjim,0,0.04525318381047211
17,c128bfe7aba668d71126d51b32428c01tkq99,0,0.7355273424630306
17,4641b5a43c7a2496ef93af2ca590d2c94s20x,0,0.0011051124416528735
17,83dbbc6c5c7ed95048ffa9427d807692339oi,0,0.4471782902329775
17,c83ee624c46235430ad4338278f6d270wfzre,0,0.010634496571442106
17,fc16993f1fdbd5fa8f8ddd72b40442f0qwyo1,0,0.02007067076076451
17,3d7bd741177a712ae0417bc4f4a37bcf9jo2a,0,0.09332802639106734
17,86e888c2dafacf13580a1211abf50961w6foa,1,0.6816598256669701
17,c41cd6791e262b44d26bdb3443fcfba97wlm3,0,0.26135636304096366
17,ccf30c9533a66f22f1c65910ae1bac1a1fs05,0,0.4370557366599139
17,417adcdcd7157e75c66469c07208af00qjnuo,0,0.02766727644252894
17,f4189a40cc622eaef015a19d75d9fe21mylhz,0,0.0011613264694332538
17,f2ea6d89dd9897f0d6edb6f24c446f01ra6yk,0,0.5348594758796723
17,75613637a85df9328b743d33b0efbf1586qow,0,0.0027088082778609396
17,28763f241cf0483ca1dd3aa1bbcbfc37xntso,0,0.02007067076076451
17,c888cda1ef5931da0db90f6803cd0d368ay6r,0,0.027142034564013588
17,0ad17aa9111f657d71cd3005599afc24fd44y,1,0.7959273521995703
17,7bb58b7875a093cbe7c5d487a825b730mjcw8,1,0.9612382096218867
17,e9f928411213f44502e4942a29553ab1tbqgu,0,0.011783810160067139
17,f895a8d9d7974b3ee7f1f04a25a950e9v63ps,0,0.002022343419636765
17,f473c995ca7b5287f9b2f079f0d78a1e92226,0,0.538813983675679
17,6ed19e45dc118b78a78f25649aaaddbeef7e4,0,0.0018867091289850233
17,b3dc6151c6813688d0423dbab13d3f19crw2w,0,0.002223695653215416
17,205a011640002932a7bedbb93d81b68b8m93b,0,0.004389068187408322
17,8f6605a649ae41fe950a6bf579452464d9lmc,0,0.003701823874710547
17,0589cf78c4bece729f0ac620557210e13no3n,0,0.00037253972852469377
17,7e34a26c4c339e875997f4b9239d2b5fscng4,0,0.3147296668026093
17,84f06d2c69695fe24cd69f8a1aae21a7kozbn,0,0.0020874434776601493
17,df12e679581fb2054907dae75c9c78ee9kzzv,0,0.12043779583552006
17,717a0a200628f9606d88afebaaeb409bv60y8,0,0.25393747643503123
17,9744d8ea513490911a671959c4a530d81fj5e,0,0.18432456701369923
17,f939c17ffc7c39ac9b35b69e5e75179fv9pe2,0,0.02007067076076451
18,88ae7a35e374a6fddd079ebb28c822eeohwse,0,0.053760220984347865
18,0a6ba32afe4756995db2f5cf2461cddbvj445,0,0.0037583461013809367
18,fa64831ab5ade55daee13f852c16b0a84ujt0,0,0.012601342264264457
18,1b26a52e1e5980c8487bb35cf5027fdfwfnzp,0,0.0005132265134668276
18,585e7c21b80baf2225224fe140cdb1a73ddrf,0,0.0480289170878434
18,5354c02817e47f28e60e44a40ca5e48dll4sz,1,0.33597715141307144
18,067ff22ebf0d33fe0deedc816d75973865jo7,0,0.5606123648983835
18,a22fdc066a738070c6e4860924d06657hengu,0,0.7787487581166697
18,975dd5178d34453c1c3c8edc47cf44274uv5s,0,0.043036208554007645
18,608d9b68afb12c6c27da6c6565ffe8297wvco,0,0.0294690552429118
18,5f50c6187a179e2ee7ba2fbcfc845c7a1smgr,0,0.002445323529381011
18,aabc211b4cf4d29e4ac7e7e361371622pockb,1,0.9941331876384913
18,8abc7635daf75f9fbeb63783b7b8ccd5rvuyo,0,0.0011925632304948266
18,5686520af5a4215a239418fec906f88e4she5,0,0.00168508650762168
18,f60edfe5177cab56896a9d6860995095cl1bb,0,0.0020976352778191475
18,481fdbc92e77bba4c9611841a7d74071elwx6,0,0.002746073601555479
18,72bc07c7241e1856ba31609d11501c91cswlb,0,0.07213086935713689
18,68600b8922561fe26b8b6acf1d11efdfb24k7,0,0.5493106228573448
18,4c4431ec9b6e683bdc5a3118d5140105r1nas,0,0.04638230623963198
18,1cd8d86911413c73e92ad1170cae68c3pocsn,0,0.05572178740788969
18,bd2cf3a868d168425cf1bde7c49d40b9jq0xu,0,0.024456964800139494
18,0cca10034c58287ee6fbec14a3f96c3546sdh,0,0.00591526913728953
18,577af9ccdc29dcacbbce0f36b7c1ff15btljp,0,0.062000037146029065
18,21580623ea81c5b0b82aaf74890218e5mio2z,0,0.18033165810044413
18,f5a67722732675f6285b70b9f008665fq01bk,0,0.007611290409245981
18,d27221cf2bfaf0fa7a60ffd3e1e3a53efagvp,0,0.32769415502367016
18,0e66933c924764a59760aaae5368e7d1e0s88,0,0.007388051079826314
18,6086425310e05e77a53317490e8c1f3cxzf2r,0,0.4247203945900222
18,024cf43497fd7381df6254888670f84bwbbam,0,0.017583314588294166
18,d65efaa8129a85f85bf909e5abde8c3628gfv,0,0.14753585833755878
18,226017dcd6506ce20886540ff734210d8hib1,0,0.00868815662402086
18,3b233dc399f175100fb11ff9c66fa5b074z60,0,0.16916617329769756
18,d5f997729fd5a0aa13307e027804de515jziv,0,0.03372751240571901
18,8c2bdb9dd878a811701838002627a056be0ce,0,0.7725338633418648
18,671fb1e314a1f480ba9ad9b5a1cf6a91w1k2f,0,0.02053867187572501
18,b27db6c048fa41b496dfd3423226bb0923yfv,0,0.013096317563362816
18,91d9b706f63537c5fc0027c50b0e3b06qpdgz,0,0.008790588748716507
18,68f092336430866db606f137c57c87e0hw7aq,0,0.018631467268487512
18,dd661e2d6e79a5b3e66c82373d50f3ee86k85,0,0.002445323529381011
18,db83d746ba8e0c388805fa3fcb235743vfqmw,0,0.34868464399406746
18,520b616c26fc47935f6bcd5ec063eaa7w15t8,0,0.0021279495268453413
18,de9f5df5962dc171c7d82ab503c36dbfwicon,0,0.004778239795127239
18,c48fd9c589f273945bad5f0cea5993ba2fet4,0,0.4785802660515507
18,27809fd62bebc89be450f9dcbdd25ed8il6z2,0,0.03869355885342873
18,6a87cc9dacae884e817de2ee08452e76dx9mn,0,0.10174272774208935
18,8b4071f3e2702b88481054081363bc15her3f,0,0.0910892535230122
18,2736ee274114e9440463bde9fbffacaa5xky5,0,0.02138242950574586
18,cd856579a7c4850b60d8763520339449x0mqg,0,0.0010072362405187712
18,4679df74080bc22e29676bddc5bcbf51gsyds,0,0.005322677382247234
18,08515611e73803dc6d8c562b8514dfb5qi3z9,0,0.1554236085820778
18,62ac0de5f8776ca1d189297bdea9a64cmewb9,0,0.0016012952754242552
18,28c9a5ea8aae9fb4f6a755f94cd922361v9ow,0,0.4306688241756211
18,c8d972b803b46212369cf1b480328dcehb9jl,0,0.004309742479711977
18,245b584befa6a5b8c759491f5f3db580p2m5v,0,0.0012311941986974844
18,3d281a78c6a116a91baf9c8db22b56bazer1h,0,0.1730952322544492
18,ead2ec4563ba25a9e9d417f1964b7504teqtp,0,0.3088782110501378
18,96b1df591dbbf3a002578574671d9ff1rmzev,0,0.002445323529381011
18,518e9fb1055de6532ed2df6d03fb78feus5s0,0,0.023641052975564274
18,6aeab198df208f8628825f7eb3ec3701p2ybk,0,0.004868843948594693
18,ea5948061b2059bcbd900d3ae7e86e428ae8g,0,0.11945115806766847
18,5a2aa4e8c227de4db26547fdc1f017cbxb62j,0,0.0008927225508485288
18,e8e4603ed284adbd252a7a601f9bffe09oq6f,0,0.006828890636105961
18,a7454ee6fbb69c4079caf5b5b92574abi6pyh,0,0.062000037146029065
18,c5dcc8a649adae76ce01a3fa85b68f237ny2r,0,0.005414947878543279
18,e959a3ae64e28a7d3b37934c0d826867o3sp6,0,0.0021279495268453413
18,76a8a9566e21595a1ac06cc0050626c1q7a83,0,0.0022713175086138872
18,db88530db963dab43118aef5aba127ec29abp,0,0.07875625099689926
18,c69e65de28937ebe1b94e7785afd94158thqk,0,0.4451517432546977
18,a539fbaf8b29613ff0e4f3e5831aa7a5p2cva,0,0.044936762870371016
18,8c4b0d95ba36c0ba2a52f9043c62fccev75uu,0,0.017520050893305644
18,7b5bd948eb1d8075be58ec9240927bb59ugz3,0,0.0009349108893207432
18,0b450f2827ec670da34be66ec2a520213xcuk,0,0.0008155391062296879
18,74866aaa89db79f25dc0fae8be067b83xlbm6,0,0.0023780739700269287
18,ca391c857d7aa75a72e2d7c3133e0d6ay9pil,0,0.2632515215366811
18,786fd201d9c952bc3453d4b3a6fa64046d8wb,0,0.003477423864120006
18,45cfe8744884eb207048e3cbee31ec56hd9lm,0,0.0045369835474382576
18,6ed7b95dcea7b359248e9efce91cbb11lm7hf,0,0.2082080574900877
18,dcac75b5ccc362a66e7f9112f033bdebchxq4,0,0.0006039609872793739
18,7eb6a5ffc5e8471efad7cdc8927daf677qcf8,0,0.06893356074961565
18,8f00a4c4d7f097bc1688f8d89431f6bfmodq2,0,0.012973878617502281
18,9819825acfa7e20c47a78bda5e76b195jh0gd,0,0.15190023354434753
18,db80f065a93cc6b41d12af614bc3ec11kpwjp,0,0.22606905358697107
18,2e1eb5b56591662fd7ecd7b39621bbcfgd1ks,0,0.0022756901608088137
18,88e24a019c32a60f2ff315a9d217ec33q144x,0,0.0029014517248253935
18,67083f257438b1b79cb09cfa601890855of77,0,0.0009192632365972514
18,01255c2c7c5578c186873422fc00fd7afwk8k,0,0.008393464989256914
18,9ab3bca29dbc32070cd7f729ea55639a350tu,0,0.0016359867252664106
18,2a5726bd00709641cc54a8ab5422cde3uchoe,0,0.0022756901608088137
18,10b431aa15b56084d32fe1ef123c4305wo1nl,0,0.008732281561111738
18,85371e59ea43c33c7e481ba3c214e893ail7f,0,0.0009291698970357803
18,a4c40fd7a4c1040283fb2b84611eaad240849,0,0.2541119238909862
18,eacfdb47b3daccebd9f16779c5542fe5eytoc,0,0.0031517601590476145
18,d8d90875fbcf94c3b4c5c00479cbed6e1mqrl,0,0.0003549532560964221
18,0353aa9e97bd46119c90b8892f99982esfem3,0,0.005585103701374229
18,651402deb28af3e3d1ab9a6b88314b591uuaz,0,0.0005909493093323386
18,f01d8d55568b1f54b6946a1b78a3983exkz5u,0,0.002060765440575284
18,9211adb9cc770c78a70b55441acd146bfxnz2,0,0.005581647655591907
18,a6e261c09ae8aa7d0a47ffeb0110aa519jowa,0,0.2903436784845771
18,7d72bde2e297ee81296adb4fd56e8800p7lbe,0,0.12667123596640012
18,6533b670e02ccf583288ba7c8f5fb1carmirt,1,0.9917824684385125
18,7ce12bb499c156ba4513becaa42aa8c143v75,0,0.010407252555080286
18,14f226ef57ed64d8e14c8b5ae929143cgq3em,0,0.0024017391842557577
18,e5fd2ebbf5bac9ddc73ce524e1b33c3akti0q,0,0.002407135521607048
18,56cfe8b0d574e1df3f823c2cf32226eff52uw,0,0.005406596276994056
18,1bbfbd968c065ff5dabeffe311bc3ddeezbof,0,0.31968820876516335
18,e19f258fa5019e58974b562a8e1433ccluztk,0,0.024545582783013765
18,5e8bf58291656ddd5fd2f71825565446aiopv,0,0.3343224451729174
18,679d60378d42ca9d3b8a28073fe14fc7bv4jh,0,0.2384928519623848
18,8f6f7baf33fe2a5206ed3ca88446a99bmq453,0,0.06655677842353244
18,061690ceb6004807b7906968bf382dfcbve7y,1,0.9267263565769158
18,61101089c1b34f409fc9b836a7f9cd163y22l,0,0.0005969744929059638
18,a3910fbd35b7a0c383c9805eafda616fra4xo,0,0.03465056293989099
18,d4a84bdffb9543626fdd42c879343ce26ds4l,0,0.0012096385388219186
18,b1729d5905e896a8411f81bb65d66343ladls,0,0.0005918000122408275
18,c1434e440370882ecf00ac52140f7adbuy1e9,0,0.001764832619300227
18,82194e7d8f9b84e71b789e763b5c3263r6d98,0,0.0022756196652458757
18,2794512e8edad5f99d28c33c7560fccb9zl8i,0,0.4870392980214358
18,e4a9bdad09ebc5d5a264723855fcaaad6q52x,0,0.39211679435302393
18,d0b096df6b5ffd2efe8d5cfad4a24912zs3dd,0,0.0012709604310593603
18,dd7292cdbc81ebfb87945d9ab176d679gepf0,0,0.001960581307591207
18,2797fe80977297483e724b8390161c937dh4g,0,0.021472641405634395
18,1e0b1a6ea8d307cb61e221723534c4dclf9w1,0,0.04170840859486238
18,9e9270c06937bfa13f5b29e737c3438fcocyn,0,0.0014331329541434042
18,c97dda0fd2de7d82d3a52eb6c0788062h3tq6,0,0.030817161496185384
18,8783939eb63e5eb4e5cd412d8480f3955ipxu,0,0.0006710697892105213
18,e0a87bc26e13c599894d7a5103fdca786tfat,0,0.020703483575052476
18,c6108e22518279361de99b3c7c298235mkoa9,0,0.010941955578359246
18,4d0d345f552877998f41ba3cd1ba299885vu5,0,0.002445323529381011
18,7c965df16147f68263573764dd257a7bxqmpt,0,0.0009399199205841517
18,060ac64ff78ae62e9bc697192cebea333760p,1,0.7451176598838475
18,1dead8a9cc54fdcf7a7c16dc6e06a3bbusgcu,0,0.007942141020176426
18,8ec9269ed4f5aef4584d887dfd9e595aaynzb,0,0.0004079486272551433
18,9d98d3f00a0c0bddf35470b0fb735fcdhiriy,0,0.8665953456915694
18,0fa357965f89388d8e7eb8cbc3b85c6bnnro4,0,0.005418815064813992
18,af9c96944265cf541b3fe734a057821a825l7,1,0.5230735293244856
18,420e7aebb49d7ab3c04e109a98e152d7kquiz,0,0.002743148990524922
18,73d4cec0ad358d272d757e0fce8440d01fvw8,0,0.024456964800139494
18,b1410ac124aeb5ef6b06667786feb742tijnw,0,0.336906926582157
18,af5d33f9724b0e8c1f875406c0556d1e6eotm,0,0.08898504126326537
18,655b88e646b94d0adb9e15e9f3b9c9a4lvcrz,0,0.23599608705191397
18,48044b1b1f47f168864bc7c4a58a65ecmt187,0,0.0052889666408638646
18,d2704c8bb6ebbf13e08f37131382b126wy4yc,1,0.14292307848520838
18,f05dfdaa2f67b190f3a79a5a2d5daf9coikow,0,0.024456964800139494
18,9f60e1593604631e10ad2677c51055c6mv205,0,0.0018663321769408928
18,ae817305e82b580f9ab89f1a379488e39il4q,0,0.019566826982574243
18,183c4e44d09bc4ab990b957e765af311vlup7,0,0.0012254876769096578
18,1dfa6e724441ca3c913b3d40967c17b2p9xr7,0,0.0055858351487470545
18,e2e14e8e15204b504b146d17a2bed925qg3u2,0,0.034153241019154054
18,0ef9be4eb3b6a03ac2945522964b242ap09cy,0,0.0026100523820124393
18,a1922a9ee4f9f5d03fe11816c2cc3eb9ivcbp,0,0.0015692650297536707
18,39802378690e7d0c61d294f5898852b96hsfh,0,0.024456964800139494
18,e4264fc4dcd5f917ceb002d860441370s054e,0,0.0016012952754242552
18,0580f2e77b4c0dd3b5cda8a1641cb9fenmo0i,0,0.016210424195464132
18,8d49c8e70bf96a255baf30acc76a3f59b394w,0,0.07314555848726877
18,ae15accae2164aae084aef7e3524c1fflq962,0,0.0017683679970917554
18,b79560ebfed7c8cbcfb97475812e0836twsnm,0,0.0005602620314253709
18,5920a92dc2b65e257061017a04eb5361tpa9b,1,0.9452506577345346
18,2d9579812895729581ce269ea17462197jxvy,1,0.9250062792204333
18,13dfda714fb516e1f9f7abb0c927bdc2zmw55,0,0.024456964800139494
18,414af5edf09c473bde75644b76a68e7feesrw,0,0.020025750205517945
18,6a1d4042a5f3a3f34f5b3ea753ecce30l0qj1,0,0.0036013255142913285
18,42f754cb72e01c08005598e1f9383341fn7xh,0,0.005584134777624768
18,ccc371d7848a80bc31941248b9f49b95hn694,0,0.003959847700958327
18,669c6a0e8aabbf0647e8ee6e150c47b18a4pu,1,0.2810117163282717
18,d3ab33e9314c95d6806813171f292299tmprm,0,0.0014544663813479
18,ef89b74b58c49c1a321d3d7ce061d151k51xm,0,0.07543881913170389
18,cd35a3230456d4a245806e476c63e9a1evu7i,0,0.04638230623963198
18,5720c8d7bc15b94037cd75ff9496a35evugeo,0,0.6556828544601172
18,42025aabb56a61f3bea90d27b283b517dyk4t,0,0.027540957412528707
18,99ca795998fb781a42d85f1abeb50482yzffz,0,0.04012394606594974
18,877d96d9abeb73e437a8ebd74abbbf45p8s80,0,0.0025876311318141962
18,4444bfb455b90711234e0c25345abbaddrt0x,0,0.002445323529381011
18,3043fb0b4a1904222f640107f84d6f799tves,0,0.002094058422235137
18,b9d861ce6162179a4b008b63e7fae80fjoywx,0,0.0294690552429118
18,6feec0741a319299c78c47040893399ebas6q,0,0.0019871598742651287
18,fe6ed3a12fbbf5da4980337564361710v2y21,0,0.0013901583303566054
18,f3bb3c26162cfc1b8c3636a7ba126010na3n4,0,0.021076571707895723
18,d092609f5140c62ec64ddd7615c25792qgdrd,0,0.005212618707485736
18,78a444127a896122678835e12ef507deh01hn,0,0.00821709952513392
18,fb81da0790d821a22617d748d0226540ylrj6,0,0.07111332618249107
18,3550d62e04bd3a1239eedbc29d9c970279b1v,0,0.005385164916015265
18,14d4e04d7ed150613974438a4dfd4e85dybq3,0,0.01573689736516736
18,613c7d60152ebf06e3a7dd326ba03261mnn8u,0,0.008274357587443045
18,fe19fadb955fee4c5fcd0e30e56e1542kx66p,0,0.011781369968639587
18,c9f94611f4c9afd3a3153da9654e7310jr201,0,0.013603598159467689
18,24284d3fc3334e0adeb6bb95637ca62d6dm96,0,0.010846640929150485
18,9e25bd3696b4e1775de205d2d4698a0df4s14,0,0.003778558512095286
18,74ae4f7b1692dc42622696303d9d4d763vksg,0,0.0017828657734853329
18,c2f592fbdc8980229367e1db4d0f7a51my54g,0,0.20313595194896086
18,36e2e2f32a3872d3e958c0a58ee79bd129xdy,0,0.0016650915652740668
18,ed5ee107143980558fae26c1b5c7b81a82spj,0,0.0036777430113960796
18,4992da4511c3c1b4efed3e16c7d8dec65ilfj,0,0.01576387061705035
18,ffacbed056cbfaa60c1fcf51f0d381bddr3ly,0,0.007023278904619222
18,2b19566f190ff3b8a85884e03c64fb56ir8a8,0,0.024456964800139494
18,98ad4163bb0b1abf72f165056d4bf1a1g8ekg,0,0.002256924482359591
18,bcbd5c95680cab78cf904fb936dd03f86g19z,0,0.0294690552429118
18,764234598477e02cbf8a43983fd43850l1c8f,0,0.002197998035219166
18,00a0517965f18610417ee784a05f494d4dw6e,0,0.0043986577715112544
18,f9753e9fd6e25e0a1ae176ab95c31146iaqnv,0,0.0014356137369232057
18,1214fbf35079e7afc0a35645f8be8b218fd5o,0,0.002445323529381011
18,17b41c48d6f53585c7bf3b65977eada0yxs8n,0,0.04373274074050094
18,42e631af9bd00e5e816f08eba3b102d5ch576,1,0.19202526424474373
18,b0973e698b12fe51ec2f259d924c6098rasmy,0,0.0012727370686030162
18,da2841ffcbeabaac373f00039c10f39fty6fa,0,0.20549591478973267
18,c6453f296ce36005d7e7e67e159e1b7cdbmus,0,0.062000037146029065
18,11e47dc08d7fa4d1a1953b5868892f72qvlho,0,0.057893722558141264
18,465c4f2ad08cc1e5f7a5e1e3ac75654ealh0g,0,0.007981102640776203
18,6e178db6d17d21aa88aaca5bf15c2761lc500,0,0.3107019711350042
18,30da67f34e3cc215b3bdad588410fab5655fx,0,0.024008173700113246
18,ec3b2ff6f725e847f93285bc9d2b7b3dvcd4u,0,0.004823479293284253
18,1395ca662a02245233af951cc7ad8313vk6w0,0,0.007104987389280261
18,649b364bc466208e559858f0677b421dbnalw,0,0.0006159940797249902
18,cc4763c97c3d7cc9116e0a51a6d1f2e82242i,0,0.0009317164448438358
18,bea63152ca4d99f549999ca57b93d015z9kyh,0,0.011186451488048534
18,67d6466d7f4a32d294196b8c16ee0b03kn9tf,0,0.062000037146029065
18,8cb96eaadc11cf4f914bad84518632e7czdyl,0,0.9706330870218133
18,e21b238213c361523d276d67f37c05e3qot5q,0,0.0011072798205549999
18,424aed9d807cfe0b2167cfdaa4957fc0heell,0,0.005546960438740617
18,81c9c749b2c9f97215f3ddaf8b5a5fe1k757u,0,0.002225142281620109
18,a7bc17dfb615eacffe397be5b2c2f3a6r0bb9,0,0.008709738703425516
18,cad9c97e99bd5753be98edd9ad8ec8c8c7r66,1,0.8856408522729642
18,d056594c1d7976b6ad4ba23e2b4cea19l2i0t,0,0.04021095992228274
18,2daa71f0d138b8c2d61583d3b98a25e1mjp9c,0,0.0016119532567296614
18,c900620a019e78a3eee44109e4d1e1d2xd2gj,0,0.0016119532567296614
18,2b429b9235bab2877cd93ac6d9fbc2d7tzwre,0,0.12239682559988117
18,d3e1891edac2851f6d34de566802cac8m8dn0,0,0.0033186051676804868
18,3d2608a892e44dad3027ab55bfaa0b26r69hy,0,0.36209510566455627
18,69d8fbf99586bfaac64d31f82b9bee27wltkd,0,0.0441268808409305
18,47183c1427a3cee97ff9bd167844e65d9dzi2,0,0.01662394079718047
18,510f33a3c0a290a0e43d2576d928a4abxieo3,0,0.062000037146029065
18,a96039c7cfb1d040ca978ec5e66ee2c0sb5ht,0,0.004325988226008884
18,7a3378ad9999b1fde0a4562a9b036f038cdal,0,0.002445323529381011
18,daef74294e84ef6d7e009c2d51be6ee167xds,0,0.0157669682362348
18,26508777dcd84df59b467a60d9f18ca1pvvbs,0,0.14195011295267063
18,bf6f2ca50a3a6a3113681e754307aa4ehnd5j,0,0.003217721641433245
18,29bd1e11a41eb2ff50af75d10f28041ejh9xx,0,0.0014146979931981773
18,eea79e1bfc21ff1b9572213e540e1252s5iuy,0,0.0007597627273229358
18,9349befb45c4869b68e82a1944f4f01377cpz,0,0.012973878617502281
18,a0420d3961adf890fccf4b43899708f6h40zs,0,0.02249425359627253
18,78e59e188d9780cb8988d574f692ed343s129,0,0.004274005173843578
18,c0b7161a67a0aae21788103c08eba7e9z8e8k,0,0.0036684256652647945
18,b86050461e88566061c796dbccb1f7e5at242,0,0.0016384570456802825
18,486dc9de91d243625863313adc03aa6bv4s1e,0,0.0026407506422502
18,ba0ca6f98ed66bdd1c4e86db2ce4011fdk6ii,0,0.06109191018028214
18,7188dec1b560385b0826f78e7608fdfeai9fm,0,0.29900556132800166
18,aaa8650a6e0997e90e4b6a9fc2ddf555m5c1g,0,0.10271959701963727
18,71c2561141c55414618d67d1a8aebac1n0fjx,0,0.0294690552429118
18,59d96b423ea3ed56611686300b681f3defm4n,0,0.04950052756743003
18,12c1b22ede3c23949bf130cc7bac6316ks7fj,0,0.005041099153543286
18,e10ae48cce1e198f7283064cc8a2f836iy0z6,0,0.0022301403860697454
18,50dd191676497345cc95d8b9f7284a7371z5s,0,0.024456964800139494
18,82f1ba4809f4812629e9e53ea4c687d7begx4,0,0.06170805909531918
18,25f59f9da43b6806aaa125fa61974591sacso,0,0.0016834601203846605
18,1680b6a12fdc8c64645c00ae8048f99c6uzoz,0,0.004598987270285173
18,5de403f3d49221bfa7116570a4d572d8m19sh,0,0.0022756901608088137
18,ff181014a0d7bb534fb9a35f22e24fe72m1d5,0,0.1393830352834687
18,7291b7fba1b597d66bb8efd45fd0d354q71ka,0,0.0022756901608088137
18,1a05035da8ea9dead1030ccc993b5284n1on8,0,0.024456964800139494
18,6c021878ba6173a04d55bc1cf5544ac1f3t02,0,0.43199761362302075
18,058a4e0ac0a20f504cc9c6aae2a896e6too9v,0,0.0036807002919252737
18,2cbc26f228e0556f268e0dc1bd9ac0a5lzdfh,0,0.021940490032220785
18,dc4efb7e05563288d1f2ac4ca65c6734017ql,0,0.01828987009169282
18,3ecced86078287dbd2eac2cfac98367fbbelu,0,0.021929583697597677
18,e0a9e4ffe2acd28599dacb91c98c34bc66vo3,0,0.018874524443657743
18,f430aac3f0f7f88a9b504bbb71322d54mct7s,0,0.062000037146029065
18,b9fd0772481bf459179a3b4ab49171693im97,0,0.0018098992953610137
18,0a9c5e1f261c937c09817ea2d5e949f34v8oe,0,0.004293433584669132
18,5e3747785e44d85a41a74470c051e946x01dp,0,0.062000037146029065
18,97f541ffdcbd1ee34610e3099c5df42acfvcd,0,0.21067268110718207
18,2cbacd5b066b7dff7e0a87e1ef00e0b4zpqzw,0,0.007150834627568494
18,2d2839fa92d1c8e94bdeb1fbb9e62149x6xc5,1,0.9587674037229253
18,7bad0fc50ac7d249e0a3d8b83f68e855fcnxu,0,0.0022756901608088137
18,1f2d607e5cc04e790e3961a6432d7c15hn4qb,0,0.006510314061844179
18,6326299ca6a53277b2bcea07bd0b4ba8ktbqj,0,0.0010433283644635017
18,2234754e09ba15519d0104c405326fc4igk0s,0,0.006608880526231884
18,20f206d2656116bed8dd46d5b70dac81lbgfk,0,0.0018368308997434967
18,f23ebc71f2d8d820db2bf0576ee7e148cxvkp,0,0.026472670255001614
18,29db827ba14938954c90cefe40d26fe1130kd,0,0.0017523047008526692
18,9372e27ce85a8c8b9460b87c37cf55ecqjjkd,0,0.11287334984176833
18,a8a81bb8a3a35572bd1f9922f5a31217pw41k,0,0.012973878617502281
18,2993e59bbbd7d14bf4bc21e4d2a4f8eeb18d2,0,0.002089135353230817
18,031da7aea2d4b75ac8ecba4825bc1318yki1d,0,0.002235887978142415
18,958de49cdd870198543313fcf574d7c4eutrl,0,0.06984456435933085
18,c67ecaf47f857f37f63ac0f4b9af3249wwdtz,0,0.001354474668663892
18,1689122c3b25d9e7adc626de84c10006fr2n5,0,0.0015069017765361322
18,aa20f72aba9804a4922195f66a876688rugsd,0,0.008034094673488238
18,16e2e48cff6faab74e1f5c47669dfbbda7l5z,0,0.006410882362051481
18,aa1c013a1de168c611560ca2afe78111g8i6s,0,0.2156323428640767
18,ca9e2287e98a718e20a8ed117dfcd699gxsp8,0,0.0018931014398346077
18,5053e03863b6887308c8446cefeec429l94tg,0,0.42796575049163255
18,437c191e614776c1535305f602ea9033sdfmf,0,0.0015447578027114842
18,52c441804b89bc20e4c8dd625bf163f27o2zb,0,0.020703483575052476
18,5e5d3410ca3605694b3c75b2274efd44c9vru,0,0.0018508619876564704
18,8df5d645ed4040b857c121a4459b7976n5u3b,0,0.024008173700113246
18,a124589b3af5a212406c0306584a9554fazi4,0,0.0025560001946151297
18,c8cf68aa6abce25325dfdad4a98fd890ap57f,0,0.002445323529381011
18,9adae18220565488f77036be41cf71beiepqk,0,0.18861146606561488
18,e61c14d66cd5693d93cb0356d7f444ebinx9i,0,0.08086859268847948
18,6b531ceeec5892121e04dcc6f89b10a70yqoq,0,0.014997717065616973
18,f428427d7227ddcda377cd00f07749576c6b3,0,0.012973878617502281
18,cc064e3409a1825e3c4e5c814376f140qxu5l,0,0.0008144524924281945
18,162886daa0054ff1ad422e0f18cddff3qofft,0,0.029958758769598966
18,19b39b852ed4abf1ba5b095829e25b946aed1,1,0.054101450090989045
18,4985bdbf8710c33fd7c9d4771db7c690mcbyr,0,0.0010977280762168146
18,6e8cd4699eedf0075cf5662e1fff3a857bycf,0,0.0010468237599247866
18,75339aea3f29d7d9a8d67ed3fe1c89c3owsq5,0,0.05374784729201325
18,403d9c0288bab462bae858dc8aff2f94ti9ma,0,0.0003748677695131549
18,b2968116361fd43589bde8eca72c5767o71qc,0,0.008927400276677704
18,cbe8d224a38ccff930674361b502e7beyuf1k,0,0.0015926216690018765
18,33895230e0b25b5d3133d502ef3ecabey84m6,0,0.40406986743219886
18,32d2ce86b00693f0c26314e3cce2438dvxbt3,0,0.22606905358697107
18,8b109c0aee5ed07fc996e73d28e65888o5jmc,0,0.06170805909531918
18,27ccc09ae923d1ca8ff7ab3242f279f7xuclq,0,0.001950748579941811
18,13c4c826516304555e291d3d91c108b3ytpmj,0,0.0008517848473250094
18,4cf9c56df4594860df56285e9293a7f7evfix,0,0.046241553012438534
18,55abcd1b00c6b5b54633fc7e98f0110bwoy3v,0,0.1652086168398949
18,6ebbb4e7c3fb4ba44a89bae997717924gm89u,0,0.0017876391658846744
18,c46e21e01a3f4987e00109d1d5f48acb1q72y,0,0.0022218496628218765
18,e56f611f1157381f4b689ab34b574e791qhcn,1,0.9049159741468057
18,2dc309478d30d440e75c932b1f13a8fai2p2e,0,0.0015988117582678534
18,942563fa6695a4b2f76ab6ff3bd58030i75z7,0,0.024456964800139494
18,af33d5277890ef0b5f55fbbf400441c9hdehk,0,0.0011935978527504575
18,81392b54fee8e50ec74efb27cf0de8e32fdm5,0,0.0018212717645004043
18,1d4eaaacb6127c43c1c007331cac135bpib3m,0,0.0011424369791721608
18,4694d67c21e9a2edd614e717aa3f4dd2e0w93,0,0.020703483575052476
18,b1863365ae232a316eb946ba56a29415m0gdz,1,0.8274848784964975
18,74a35c4376559c911fdb5e9cfb78c5e4btqew,1,0.020703483575052476
18,0f3ee77a46dd5a09ad20b7c3e54ec614sbpvb,1,0.03625505672138678
18,110d2e689da119388dcb6e235749b787ni298,0,0.0031355007988689
18,cca4426ec6d64f3e73294d4d5bc9719beud37,0,0.0015616065581661365
18,7f3516b1bd7e5571ab964ba0affe9302brn6q,0,0.001130531105096032
18,7a0b445f462d05606bf6ea07e2ab96ec1a4kx,0,0.004965886250542717
18,40f2eaf03624a31952397644f1b79a6fvtfjf,0,0.07486988320865068
18,53856dce9187b16f2cf5e4e58f5d0397h7tz6,0,0.012973878617502281
18,6c6c3559c5f656c71348f7cadf29bb12okgl1,0,0.002041210241460654
18,583ce05b5add00d9e7e5dcefb3c436f26d7c2,0,0.002445323529381011
18,5c32e357936f8977277d9b23d8f09f34v41wt,0,0.0004401668179636692
18,43c76d050c9d2509d85c9dc2b1a1dba4zb3qt,0,0.02452972105680335
18,a116e727a3dc0b69f5e7ae14d0ab40d44breq,0,0.002661565840203444
18,437ac1b8d08c3b328924aad097a3dcdey2m1k,0,0.0081912137522596
18,56b55e6ab49a4cbe7c76a2bbca804089pjq0g,0,0.0013754624092817444
18,c65d2236a70982d628454d19472ce26eltxgf,0,0.005126405885389759
18,d381ce07afba12851a815cdf8858c1c7g2pfh,0,0.11834479252777348
18,74cf3a0c5e4f080415888bad2f7119499lh63,0,0.0020271044389983586
18,d31f6cdaf4f8485190b4ea588f8c1733y6qu9,0,0.012973878617502281
18,bd7d5414174da6df4b018c21495e8a2cxiose,0,0.8900754793067348
18,81207d4ecf830fee924989f4fe1eaa7fntkmw,0,0.0031376149294001137
18,caa74df2086d71caf6c1b2b9c81d3d98xhpv9,0,0.019992224639610603
18,6b28baf315d41017844e15d645bb2c05ybt3b,0,0.024456964800139494
18,acaec0b9f72bf4ab4318f3244344589b3700a,0,0.004383910990382438
18,6a3b1ee159716b743ddb8e07e499fadbhqn74,0,0.0017810901085195273
18,34e965deb822f329ecad42b94e8ba0ba3dpt0,0,0.02633862674143221
18,219c6102f604c8ff0ead5d23375bb127del0d,0,0.5064580422654995
18,dfa7ead5ef84eebc79c67d3daac340b0exa41,0,0.00168508650762168
18,67a1b129ca241c51d0abb5484f8eb3fct8o5c,1,0.9603339045623557
18,949689cced5d86578e6c8b664ea76d6aq6zxg,0,0.02138242950574586
18,1a764d01d19a1408382ccace87e61c9fndlo9,0,0.0294690552429118
18,99a3bacd3eb66c909a02b85402ac38dfskz65,0,0.000613531786332386
18,ffaf0a972a6dcb3910fd6b16045781e2ava5y,0,0.0018683548095352258
18,90bb553b65144cafddc3f3d4a7783667a06ga,0,0.0006013707977757499
18,4f7331589f84c6359bd693513bc9d7ddlitos,0,0.020703483575052476
18,6ca1de75674e78f9d3d63fd96fbe6e172t86c,0,0.0015159407367236993
18,33ba799fab5e4145b54fac4234bb6e13up0tu,0,0.00362476981477941
18,79cdbe82ec79d0e60f1b113d9a5bc5b4ar8bk,0,0.0027672909865987046
18,2f9ea407ba48ae05f98fdf634995d936xefau,0,0.3999990748603986
18,9e9047df09026ed5a5a3a86403811159u5yja,0,0.008414238915887063
18,77bc113594866d4902d6f867a456750c9vvmu,0,0.004001785334707014
18,d8a10762de6d62c087a0a8f0e61cf78bbgke6,0,0.02659083911920213
18,0e373556d3bf588a1bb2ca6354120cf2dmvjs,0,0.0016359867252664106
18,b6a3aa8c0f2302fa35d7b809d9371deeypvyh,0,0.06685708958390135
18,abf6c2cd31be1630f5a7a1219935011c3rkqt,0,0.0022784801823625854
18,c670e7fb466b09000f1053d2761752268bkfm,1,0.09449337578839344
18,25022fb30734c2e5044e031b0e9a4a9ct3354,0,0.021094655504443262
18,fdf0eb91ae1ecea1f6902676f47c32c454yzr,0,0.014467264397531692
18,bbf1dcd2f0100fa90e4a8544b90e35846p5y0,0,0.0017523047008526692
18,f416aeaaafcbb66aabb77347776db008qw96o,0,0.1947071685864736
18,177b031b4a77f28ff167b427ca967b52jetgo,0,0.012973878617502281
18,1a5d7993b43386f64fcf4b84e7b183a6ref21,0,0.03031762309727736
18,ff4e39c0be8af4b17a73dcb761e4bb6dmop0m,0,0.0015210086201716097
18,964028ac24d4ca16c4b63f64b06df1c8ltrrl,0,0.00020559197794266476
18,d927c987f8a4ba2dc4f38dadc0831100tt94p,0,0.0015864918064753862
18,1870650d20a97db60ce4133bb9352b69h9phj,0,0.023518390744453947
18,2a73f10b3b8f2b825e220ba0a1d2c49f9nikz,0,0.005872129645040549
18,9d8a1ddb38499b3403a6a93395ef29bcrznni,0,0.001408629855758775
18,fcda141af3b545332fc3b2d55a8bba74uw7s0,0,0.0064574328758494025
18,120c8b384858420c4e46e354c86f4ca393w0i,0,0.030813620560527288
18,43bd7fe0ed7629fa774a461127a629f19je0a,0,0.00047669191037563247
18,0a9d614009139236f198ddb4759a498cen5ix,0,0.0022683393914091077
18,bd6adbe79fcb843aeb97546947af1236kbg7p,0,0.0022605358683428943
18,1b7c070ffb2c23c1d02ae5bc5d817d06qz4xb,0,0.013038990927432345
18,385325103b3eb54b0b974523fb7a13e02go5s,0,0.0031153528967338803
18,b08034d2d4fa400b457d4a59a2482e8enfhqw,0,0.0014762492000627754
18,3e602dff2e3bbe7a52236df2294c9e059fc2l,0,0.0016409318718363704
18,e5736d7f8082d7d7fee8430c0e2279bcdmt2a,0,0.020703483575052476
18,ad228143392ba96c21bf51499bac1c3b3kmzo,0,0.006567345295578992
18,18e751726fd7c407c41cb18c20da2c4er5z1r,0,0.003263944882730706
18,363ba0a2afea1b074fc1ed270c86050byprz1,0,0.0015692650297536707
18,3d575194dae5a2e2966abdf84d800a3bgbsd8,0,0.0044421579744468
18,53e2d855e008a5c2f79b4b848d467b86nofo3,0,0.22606905358697107
18,d81579750b388276f2d8f6d80384f499n13l6,0,0.001837573461625763
18,2baa5a9ec317cb21a11d83f6dc72a2d6xy9jb,0,0.004984892191863582
18,0381a69b7a061e9ace2798fd48f1f537mgq57,0,0.024456964800139494
19,6e4d22dbabcf2eaae5689c7d155e1c1fev15l,0,0.0013727664586768323
19,9c509838d129fcee98cb3934079ca36asla50,0,0.1453183871189717
19,99acffc3cd9bfcd00668dbf472a1979350mxk,0,0.04924047399481713
19,c748f0d69cc89d5812c9fe3a6413bbb26351l,0,0.0018812875858661895
19,322addd5687d99bf69306148e12f87dc5jbsh,0,0.005314558424574489
19,d6d3daba4bea632d7f5a4e2c5146f109dkd4m,0,0.054912162696170906
19,1476226300a93d22b15253ed7339429a7ijk0,0,0.1054013984563228
19,a1f4d216a1a92507d97166151d7c9fe37bei4,0,0.0023369617128297638
19,e1da7d96b83f16aa80cc254572cc154fcoudy,0,0.0109474914734289
19,d738b259ec6e6af625d1f41abcfd63e9e53tx,0,0.0071881547484725005
19,4dd2a50e589cde2802c4bab143dea61ak517w,0,0.0024863242771824903
19,fb92fc925c5df50f4da7874a7542cf2210z1f,0,0.037992459210724895
19,91dcfc10da696a6d90966ff795751708er5fp,0,0.6187947611803886
19,927c5e145de79f9ee2ada0ddc054b4e9hc3qj,0,0.2816168690438748
19,59ae36080fae26bccbbc31a4505b6fb3v3zjy,0,0.04932032203308727
19,1cbd9081de4481ada66f1853737f7684ddjd1,1,0.9718037704204266
19,96b90af2d3eea4d3b2bc725e1c92e212qu52g,1,0.9249873523460334
19,1ae57d217b27820cabf6e24b721bfb38s6ja0,0,0.08389018315954551
19,758bd601d6700494300ec1647682eb34vq1zp,0,0.012333887878526094
19,80e753fbea14f966b1fc6d1e194d4e66822ms,0,0.16590640719951638
19,d0231e5200b870c055db7e3daae24bc8lt7at,0,0.0012143195006127261
19,bff9a98b73f2b9a01300d3fd3d55b16b1190o,0,0.002822109161479407
19,461dc3d03d1e28d52770a4d3dc7db34558fcg,0,0.02824031053410666
19,60b8145bcfed7a5f2a23b596a8aff99cdzn4m,0,0.013700775721849195
19,48117c1e2b56cfc8739f83683e01d9b2aoc66,0,0.004489041751451525
19,9baf61c813f1d4a09e3c70f6dc741f34voe3n,0,0.037270531354061436
19,15972a431aed117840dfce5556242366c3fwq,1,0.6312388329095036
19,36b84c776aea2e008180dbc72393ed750zsbr,0,0.027871015529655676
19,a9229b83f54a5f44a69e65b9b3aa7aa26qcon,0,0.008118114140674607
19,8d43ad48f315364be4d979d2e9d5ee67quqyi,0,0.01192873426034669
19,10383b390780e7b4b03dc32c94b4973f66wou,0,0.0031997414848992495
19,fae963b2adbefc663692d7feddb50d5dxz1hn,0,0.08069539179022983
19,17eeec8676ad56bfead1a9406277f41cnev3n,0,0.7341989014341531
19,8e2a43abb8fcd8ef9801c69fc04bfcb5kyc41,0,0.0075049559033157996
19,85155ae64ccbde01b48fbf4b3f1b739exmqyu,0,0.002381823208160056
19,1053ead33eb1a5db7c36c979a455348abh9ns,0,0.0005301985450631439
19,2515c5fd81638d5d0bca39a2b2be3995tante,0,0.2868472714327675
19,4955e2c318d0bdca797ce17794ba18fblhaau,0,0.01139343096810737
19,eaac863aaf84acb7529462118e7953c3oeky6,0,0.009256417965086045
19,5948bcd0f773286ff7d5cde332c7ae6918jt6,0,0.08060786180436245
19,3a5420301c0dacbc5675f6f09aac0143tuodl,0,0.17809019109197705
19,c76f30b8330b6d14fb872b30fcfd9d57phbsf,0,0.012074399758459947
19,666e1e141862a646afaa2b71fc7d2c25r1b4h,0,0.002089198808644388
19,124727083cd4159b40ff8d4b36a89340l6fga,0,0.0599366490231185
19,50791a0a98478b7f78f8d30acaa4683dxab5p,0,0.03206465037350759
19,3d8cccb637b990ec64d662d66ec059cfn1p3p,0,0.004139187588546234
19,b191c73f160bb9320dd3715bc3ffed26ymluh,0,0.0014109032738927716
19,408f81a85f3b31f8cabedf6ccd381961pop72,0,0.0025037406604823793
19,e18e3d0fbfba81cedcae619dfa977875p10ta,0,0.00862171618828975
19,a9237defb0a6478098f242b27ebcef18qrotd,0,0.004396327272249302
19,4376fc192e83a1a5d7a83085369916e8rr035,0,0.0008719139406008841
19,31a301c70e897bf36276031abdf07ab6cs6z0,0,0.04932032203308727
19,5850b68151cf0760e94acb39c4dfa02026k4u,0,0.0021194138756348885
19,246c55639cf85c682d58cbd2ed6a6563vk2yn,0,0.031787871291741356
19,01349288df20199905e719f0ff7ee771nwryj,0,0.007581861472361912
19,179a23cad40c51dd7804069bf769d11e1ftk9,0,0.0688128260101669
19,d2138bce99f535c244dab68652ccfa2enshxk,0,0.006956271225858575
19,585b938fd44968d0d59fcac453cfb3b8p8nti,0,0.4071764899154092
19,e0824707d4a78230ae54209a920bc3e3pzdpp,0,0.028379081818307894
19,c08e5e3325e2f4fea171f24ca018e675we8kj,0,0.006956271225858575
19,f535b28ad58c83d35ba87fcd46624148zbh6l,0,0.0032978151523185982
19,3d94b376bae8dd60eea48ded36134a3962glw,0,0.002028806398452843
19,d3c80e9f6b8e1d774679fd8dd5aae611e3qls,0,0.006271604191238834
19,10c1e1164e3f8298df9a35c891f67babiycsr,0,0.0008354426122348955
19,e03311c7620a8098b7a177a5f1ad213ernao3,0,0.0013711010849635078
19,5bbc8f66464ec2d962b0360d1d74bf67imj47,0,0.0009310550030493408
19,9ca41c3c062146a06d2682835f5136807yao2,0,0.0014931772253826542
19,cffb5f3c1f4ca815d0f643fcb2f2f316beod4,0,0.06684566061902832
19,74f153bd134afc92866a6bc5cceb2088120y0,0,0.006956271225858575
19,2d82c3dc726d2bfa19c5f16ec3de5023lbse1,0,0.07445345719528666
19,6c55d253787acf5210f7d785546db80dqtleg,0,0.052752807977390216
19,cba6f45915ebbd4b5404c6d357153c0adeblt,0,0.017926300046014743
19,e1b1c514e1b87826fd045588f1f3881707cyy,0,0.005032680034068058
19,f18d2ebbd5e48ef4f1ee412339d6ed7adr9qi,0,0.0028303859511227296
19,e0b6466f9f720e9d9a00d7c12b2e2c6d8xwxz,0,0.002770278654564875
19,3106ad6371a3b740e2af90635a4ad966zeu1u,0,0.0022631320326942164
19,0d0d43ac593a891ce100d8202d3d72c3xsma8,0,0.003308030815837507
19,5c28b04424e96267711d5af2db62e022tp36c,0,0.05804407148820015
19,ca0331fc37db2b251a012376f7b987fcma2jw,0,0.7391278235042219
19,ae45f9b94d86f931c84c94f3975e3d7bkv2r0,0,0.014459945334574195
19,b2d3db61ddb119aa4e5f43e1bf72e349xr5tp,0,0.3795113860543677
19,3995d9ce0cebd62d77cb8add067d93e15oezc,0,0.0006615810190036207
19,eefb0b863345336dce70312ff0f8faeb9qksv,0,0.00423120130859564
19,2906a20e0b4f7ce840d051c4be898b66do6wh,0,0.0060395155379276855
19,bd8bd6cae40abb19b81b6b6a7775f63e5tk1s,0,0.019241289998265885
19,8b809e18804865ff2a2e799c9a5e8a48mtxdh,0,0.15484619037124972
19,5d02346d70f11cd61d9fb955846ee9bdp5o6k,0,0.001705823641549792
19,313ede314e2e05c31471fd6a93f98af713jud,0,0.005400978680887582
19,8fe6da2176541d0ce24574dbb60f9107oq1kn,0,0.029718594869858804
19,5b45b150b6b683a98b5bc19c4214f44cvzru7,0,0.0012542737805390685
19,3835e3bbf9a17a33867860a9ba19621dp4wdc,0,0.007814926954871418
19,b46132a554a2a3b93efc5a9352036e6crl6sk,1,0.293010699330953
19,573cf43253a18821e50dfae941ac287ceymgo,0,0.015090868630810828
19,200b548999702c10f8f9fdbae9ce60622owzv,0,0.09123564186044017
19,e0e5719b5d763eb4e04c7f6e4e32884cmlpj7,0,0.052752807977390216
19,65d3cc1725c4506fe02be3e2b24435bbbd6qf,0,0.19399392126424442
19,45927dd51fb4301c459ab96d48f64752q0o9e,0,0.0008867325007179219
19,b7efeea5ff94a281635ca2f0f7e8b3ca4zykk,0,0.011715337004227886
19,c0d065cc8cb585f027143f2ebc6b49f01g1wr,0,0.0025863165362776694
19,8322695c21cb27accf0fe269438bd78fn3x44,0,0.13197389907228171
19,2819b8b2295f272f33f8e76fd344ce6bywj1p,0,0.0013423722211072708
19,8d8f705595701b921012777a281a553622300,0,0.0017967551558779092
19,be3bec53b42be118ef2a87fc40db7311k4as3,0,0.008547707451144049
19,9f793ee6e6df7f69b5a5acb4e13db0476b26x,0,0.04771096108850323
19,0853bead89b03dd38a04d84f4312da7dukglz,0,0.01393906050593523
19,01067975436d123f717ee5aba0dd4bbfa0937,0,0.008501743762308347
19,953879d32e39e014cf8ce73daa2547cb2ke8t,0,0.0033538670991147723
19,1b268ea4fe034638a92d683b94bcb330vee4w,0,0.0015846021390904389
19,34a7ce35b13775be4e20930ba2788a3ebu5n0,0,0.0020742699639015845
19,272a9183c10d9e80eda8ccaf6682db71203nk,0,0.18575971612761055
19,6db047b1bdd342c09ecf9f5eecccaa4fy5l0q,0,0.09834752393370107
19,69b32dd82f265a04826106d17e2bac9ao9fu8,0,0.002826576746164288
19,676ad0665c9bf74329ddc1f70ea48c16stnux,0,0.0014197935874679746
19,47d1dbfb67706772f8a44f50e5656602z04rc,0,0.0046978120481308795
19,c6a49cf5944626b45425712f9e19e91d2nyh7,1,0.9986184389764259
19,fe4906ac4c8e2db5ed5a71e8a9d10080u6g7o,0,0.0381862670459037
19,055eb52087e0080b8ebca74be4f823f5c819l,0,0.04932032203308727
19,5aae3111e4fab04fa5067c740329a38d11361,0,0.002754145256452773
19,8ac7cc6a62b82e675465e89f67ab1f962ltgu,0,0.003001559671007281
19,5f7767924aa92a8f01b44a7e09f00a4dgqk8e,0,0.021112154937175436
19,46c0ae10d60c4fde2b6301bbafecd7b8dcla1,0,0.049993518185930584
19,cf4eb0f68d47e6d4b92befd0b8fff39a098cd,0,0.005016495198990563
19,a9062f1d7c589bb01ee0b330ee8791fc702il,0,0.3414607288905653
19,cc78aba7eb8293a1d70f083bd747fa1450906,0,0.04932032203308727
19,a283eb484c3245e5b12b18daccc075e9g9xk4,0,0.04771096108850323
19,6f7043cde57060a6766b551df5fa6fd9p3ojp,0,0.0013968092460314371
19,d2eca28cbe0a3dc69715d719c6958faaaqx95,0,0.03211775408049617
19,e2554dc14d54c3b7be85c59dbc1425f77qv4a,0,0.027871015529655676
19,84a773b3c9d300834d9d57af5dc83091y54cx,0,0.001899006891298791
19,18b5e850a1c10e681cb5fae0704a699018x6f,0,0.027871015529655676
19,02030ec48b7179a7fd9950fdf546e3feekkye,0,0.003685963919700175
19,fa6b4da229eb64b4d44e7d5ee2b027f1j1whx,0,0.17581505228947272
19,86151544b29ad273209ec4605c257b089z588,0,0.12550929474143843
19,46ceb58fb7a57d86a26cfa154c940a8cuktu7,0,0.8796138596690607
19,59fe751fb6c277016b7ebe3609aa1b15vhg7w,0,0.006956271225858575
19,0cbd01c9e8cc800aabd3b3e4c618f9caktfgp,0,0.5626453135551076
19,0c57d8eaa2708b768416ca91dd8daa2cqbl31,0,0.0012364351858069492
19,86a3a9861ed45158e964f9d004a224b3324cl,0,0.005831611138790029
19,f9ab998f3adb944a1cd1847a097fbc0bw61nf,0,0.0005976704392759654
19,0c5992f18244e24d2d7b4708a512378729eev,0,0.2083508046954942
19,18bc9dbbed75b55f35ec4be1351b7aa86an68,0,0.00012666094732422485
19,25b58d1533e04571bbc674dab28973f8hha3w,0,0.00433648724212318
19,dc9a7ebdb6fb8dd3267ac26dbe5a62b68e4vw,0,0.006956271225858575
19,147164a9fe8a6bce381a224e9f13207cc1mdg,0,0.054912162696170906
19,cb6ea552ab5b90e2d0572148426ca275d1zzj,0,0.001816285286256068
19,dc87cba6dc8717e219e9fa9edcd10ae4a2i86,0,0.0018812875858661895
19,4922d20e07d04601e8724be5e9f9576blyccu,0,0.2946539393885158
19,d13cd9e0a7b95c0a35f3456014865230qku5q,0,0.002403439467055442
19,86e50263881b0d382b55777185eb648aagh1g,0,0.43639209109454097
19,2b044b4b7949b96e38084e59b5d1d328jib5o,0,0.045194852666530394
19,bc3b92a81586cb726cbf4d5b418fee41o20sj,0,0.0048539496876956545
19,14bcf558addd6e6f2818ab2bda7dc679jqoon,0,0.003938153959770605
19,5830a96593aff3e951919578f7374f09pqyc0,1,0.8543107696612112
19,0af208c4fc46ef9236052ff495016326zxoqf,0,0.0007840996669734146
19,9db7471a12cc3b8fa3cba86bc00abde2t2wz5,0,0.0036015237085740164
19,a6d6f3f5034886fc00a1245b439de13a66ha4,0,0.08054538436856443
19,1dab9ffc5c6bf06e86e0dd1b3cb9ebecn5pu6,0,0.02971733508921343
19,8251041848182e6468c8119905a177dekmshg,0,0.050859733912441356
19,61337802cac534b7e7711793039782d6f1yy9,0,0.00974719670991175
19,3e2e03a4464642627e223fba066182d1qslv5,0,0.001128413438479982
19,7c08de9de285265b2c34970139331f9fnr9ad,0,0.18202068134626279
19,d9b611dab3b5116f761747fd3166ecec80icg,1,0.16554514585653748
19,213a7fb31eef8b38a23ad6b0bf2c7fd0dx3vk,0,0.0013763543707582745
19,497b8beb19a7f674bc53acf7f5c7ec8cxv68x,0,0.002800348822843851
19,511a640e38bf03022300f5503cceb2cd3f361,0,0.006464904345953813
19,bdbcdf6a935f4d1781a2d33bcc4967130bdqy,0,0.45962283566532897
19,5c2b3f221cdf303df86ff1ffd7106fcco6pml,0,0.23233092847861544
19,a2933e33896035761240ef5a62477779jf7ny,0,0.49539322108137546
19,43553dd8b9370fbba5efa6b652d9b43ezsj11,0,0.0019429321700330504
19,a15766d8d3d231f862996eb3ec33559735a3d,0,0.0021638774495900317
19,a40808ec5bd9d0440585286f1658c3b1ag8dt,0,0.004368578498640493
19,2b5a7c969ae95b239583f09936560b85g574d,0,0.00045521187771286475
19,b34fe965c04012fd22123ed948257184pqvfg,1,0.7715418753418579
19,63e3851eb5e1ee98df1065b333f6cb81mlby6,0,0.00832433649253951
19,70c6727cc40fdc6f752b28102f31a38b883io,0,0.0031889777353539335
19,c1624207d78346c3c58cd44f3d5472fcriae4,0,0.001326172307095937
19,e6f73230e0fff1d9a6b1b8a6617002ea9owig,0,0.0003878792511697699
19,3105d663ef3dff7e483a46c56580a9f9kd7f8,0,0.026313237510730617
19,047558bebab9292a5d4c85d6ee768784j2hdd,0,0.0005137896403443873
19,85499f83c5f1674c87d0fe77838c4da793u8y,0,0.021585631237127045
19,693085cbb28f505f03b025dac8681a3bvfot8,0,0.2215226160425677
19,3ee7de4c5a5e31b7b407827ae1370f70suenu,0,0.001128413438479982
19,2635d404f4943f3dbee24aa16a2953c723iwd,0,0.0030910975618288327
19,8215dac41ad35a074c93bfcfbc0f908chlo5n,0,0.0008082350187339984
19,a2bb8b3e3ae4566203eb5b3021b4d594pohf7,0,0.007867446117398424
19,a6414c637c6f1275e2c62c48fb238c5d5aw03,0,0.003146284422783192
19,6e848149cabc4434155aacb610fb20de6vq5b,1,0.5530242774111005
19,eb8f9ca4a23586f5acc770fff966f654dy7g0,0,0.04932032203308727
19,1afac423a94778ddf9b6c1dc0df7105cgp1tp,0,0.0033114222321550175
19,f12120e467869d3d5dbf7c7d0566a8e7bmmhk,0,0.04011814354049864
19,497ef6187e03fd9d4387ac436461a40f982dq,0,0.0017928238138606306
19,93ab2dedd76c1859885cf724ebcd987c9ngfi,0,0.004338547388003206
19,1c950af57581698616bd9923cc94fef25n5wh,0,0.001954856668168025
19,361c6da33ccd1c0df152fd932e6fb2a69i4ux,0,0.0011097054726100352
19,4af5e2532224f9f7d1d039704573d9205jbkv,0,0.8527868405183552
19,c62a6956e93ac3b56b1292f2c2d85b1fyekav,0,0.006956271225858575
19,f3ad2931359bca59c36ce55ba82f9af8enbi8,0,0.00024438301668051714
19,83aa7c2c8c018888d9ebc6daf63bddb6f2i0d,0,0.0008452163585397584
19,44d34926c0863edb7575b819980e0e728pn5b,0,0.027871015529655676
19,85d020b5f3d99d1272efa0a0d34c56a5dtvxb,0,0.008698905177903789
19,ed4802c318a7e04a5703ed115fe4f3a3kkugq,0,0.011168566078653677
19,a48837ccd05bca96ddbf02c55ecccf639adk2,0,0.005719053337214296
19,470a0e402bb9cb4d48c2a450d2043e87flc2m,0,0.007139870149981332
19,c1d14f4355b7d3ef80f02628e5ef1d56u2510,0,0.027871015529655676
19,86e698821a8aada613bfca1356d8cb7dopnv8,0,0.000549509199145627
19,bf8de839c1a8b7994d19049667548e4ewchpm,0,0.0015424789110928575
19,9fbfbd8a57e4d4b18338063ffa43f1bez92lt,0,0.003258696345644395
19,a06311ea45de34bf667b79a92d13c764i6aiy,0,0.1453183871189717
19,3919be53bf4bd411ba25acfdc1362b49u4vle,0,0.027871015529655676
19,e90e4701234b13b7a233a86967436806wqqw4,0,0.03511860012584279
19,0825d381aa09d1d0c47c77c372f07acbe02ky,0,0.006125211844068827
19,95af80db42edfce4e937550d60d79561punym,0,0.052752807977390216
19,8c33cf751b05ca6a9d886a379a84a2ees9jlu,1,0.43114479719801885
19,977436b0a445fa555d537fbf1d4bff2e4z40h,0,0.006956271225858575
19,a447127835855849fa2ee496d05e0847fgt68,0,0.5633001133967938
19,5ccc30558d4c218cbb4d36872fb82a03rjxgz,0,0.0012632939708070365
19,5dda8ade6b5d4065f3119a381516c227yoz8y,0,0.02613148823112814
19,c749a25f3a07304b959065d83bbfc5f75u1my,0,0.0024163890455321533
19,5bd35d55d367d7a21d98bf6a19fc0dc1e5j9p,0,0.0024109976258526464
19,d43189c6eef7a763b2f8596228807dd89x9y9,0,0.0035848594981374915
19,d127576e329604b576df0a3248cdcda3279td,0,0.19937478661898037
19,43295f805d813e816fee438d9a394bc4o4of1,0,0.0006924250610990944
19,121578435bf4136746cd2a80f1990e07cv1px,0,0.009109760958731936
19,6a31ec9cbfe23a9398e80403859f0402cg4ql,0,0.001225276638882133
19,e268d06507859d78894a8f6e11995f48zls7t,1,0.9951953244019965
19,8c3631460a4d25d2b21b1f92ebbad752a19ww,0,0.0008592492428149686
19,08c39ef7252995e0749f7927249b8dcb1d3xh,0,0.027871015529655676
19,3272e16da807a75a987e26b09bb2147by1mxe,1,0.9580777521972873
19,3893d2c62d59c232112efd332bc342dap8b4j,0,0.016305708058770393
19,2d73ed3974473a764859084d51334440k5q7s,0,0.006974961748897148
19,65996114740a63c9e0fde74bfb6725b1k9nuz,0,0.0010334252141322164
19,8a958e0092f6ca984107ea6c3975f806c59m2,0,0.0025295510605315777
19,d79919e5ba11f26bce5e70f0a4f859e3e4q9y,0,0.9676165332063346
19,dbbf9d9b1d7fa110208f77a681008077plqng,0,0.0004386220611904514
19,12df4a9cf4eb203909e6763960b79238cb0yg,0,0.014319581237150736
19,9bd2d79f328a5afe815d5832e521aa9187q2j,0,0.693587690009524
19,438e53670ffa2990cdef656700bb49bf684fz,0,0.0009863684750484596
19,9197b6590c6dceabd88ec93157fcc31fgb8a4,0,0.001846452842016131
19,fa64fdb8ad70e86efbfc31179e93e99egd27l,0,0.06358764461468629
19,900284c412387e0bb2dc2aa5ce42dbb9th70g,0,0.0028996778538170724
19,4dd7f98cfffffd6f4707fd0deb4a00b5rj9wv,0,0.9860848655017065
19,8bc48bc2cd0ee494e55470a7ab0814c12riuf,0,0.07358085991817619
19,9df0031595e4105e4530ceee1a08faf319vvb,0,0.005483438353428997
19,4e22432d4a059b14d1d6a68a1feaa953k8vrb,0,0.0008568425755692038
19,233e09e861813cd087e8937f32a29bccs7b3l,0,0.0007989112799198829
19,4cd52ae88da3e30dbe01da5048151c98p4f0v,0,0.8118665590475109
19,0d9f78a6084bf15f42210bfeba95621255c89,0,0.001157456375649787
19,92f8392be617527734a2f18482815af9ak8l3,0,0.028472255397908628
19,fa9cfea85e90bec313e512e9eeab2e869tvx8,0,0.6536163717769823
19,21114d057c297080f0f882420d2436b5mmukc,0,0.10505927145272202
19,e4433ef42008dcff761f12b9ade6fd31krdwv,0,0.005236545288242261
19,461b089147eb78c582ca8a30fa7581a7mflo5,0,0.0012196169774058097
19,17c59325ec223c94dcb301a7451c39871vxq3,0,0.0017867470260906613
19,38d9e2e83f25229bd75bfcdc39d776baz5zu2,0,0.0961481996756825
19,6c0030ed696c4156b6ea3472374f6b54s4ih4,0,0.013793559861629686
19,5097b3a4011380b5d9447e1a7a20b1a556yzj,0,0.02512583794481536
19,48badabcce6015d257ff5809761486c8qgjul,0,0.015501193070738764
19,e76154d73bb7d7b86d9bd48d167d3c679z0va,0,0.4282592590774527
19,f781d7cab96d95bcea507cdd43b24255pw0dv,0,0.8339583891811554
19,c349d767ddda78ed58a3c5769e780598ar3ei,0,0.052752807977390216
19,afb7618f9e3fd071d4ebedf396e1d45drta96,0,0.000270587843533175
19,2eb8a353db13e68388f544daa2e28359oenbs,0,0.3909485692216891
19,308a5541e1206e126ef80f18cc29b7017520l,0,0.17581505228947272
19,c8a99985c7bf230f475a8e9be6a17d7a08r3x,0,0.001705823641549792
19,0547dbd3ecb4a293913f138d60b586fdf4ane,0,0.9442700368150833
19,b6e52f37365cfeae9204a9f408b8c3a4idcs7,1,0.9484309921347386
19,c16a9bdd369ed3ec2891c46e64017560fbx69,0,0.004468371530050321
19,624ae2fe9394700eae7a35806e4bafaeq9cty,0,0.009595331944875215
19,2e33b1ee8a9d4a5cc5f886ca455e8f86kxu5r,0,0.008343074203749476
19,ee45b2475e453e69ce712388959fe4acspmvk,0,0.012405062666078059
19,46a28eaed47c29b4fd148a50cde44840u0bsn,1,0.8874653956300224
19,668d393e858e8126275433046bbd35c6tywop,0,0.8596625613300053
19,2366cd7cf3df530ef4fe40b36ffb936fyn3rh,0,0.025423133561992012
19,e783e5f6b818d18eda4065282022ac23jd1fw,0,0.016581035964721928
19,b17ce8bfbb565945ee9f289c2ddd8abbu1ndj,0,0.0012405722384598694
19,2012c722a90bc47f1abbc8319d0cea51p7l5b,0,0.004367637543363027
19,28a0d5539562290a1a2f63d5b7230db090ys3,0,0.1027410372616944
19,6d501ebf066c0331853f1bee9754e781obu7z,0,0.054912162696170906
19,aa3ac65055bb4b1660f4d8c1d2c187ecoqvn4,0,0.001371589812209044
19,ee2caa714a2175abb13eb6ef15196368cwc7c,0,0.002221055797593643
19,e134f2bb79d1a810aada6a24760c8910mh5na,0,0.012877061603008515
19,8a7710ee3c886df8ca78c88120603cf6taql6,0,0.0006375931116399484
19,874402ea8b408a017756404006b12708d9s6u,0,0.0007106047655754158
19,72b21fb7cd32b1a65bed8a12eb94a8b7qa7rl,0,0.032105523273268044
19,2271fe5b01f9b8f9d8409014ae4511524grmq,0,0.47222601422522464
19,0ae09b09369c76737cba059d192451001nwce,0,0.054912162696170906
19,817f8074bad1c717afaa8d1696f9b2b00muzw,0,0.0012359792194813982
19,c5c8a28a166913512f5bffa6a49788c5b0uaa,0,0.0028141116198707457
19,8b4bcc98fa4666b22c7a17c9a4b93ebenlmlb,0,0.0006249541991314319
19,20fcf71ad6fbd43f6f5fe493a6bc3ecfextqf,0,0.0005317835319517595
19,936a335eab4643c3529968a4d9b0c380esi7q,0,0.0023660046148977847
19,4483201dee43b51f338c0efd3b13bb895tric,0,0.001322924473354414
19,6affd6d2976aa7c48dac70612fc8e31ddo7j5,1,0.9411313499185273
19,16065749457a14b26998fefca503c3ecf9og8,0,0.00790645428038926
19,dfb23124fba16b7778f65c1c8d091f949jz0k,0,0.1453183871189717
19,e241b80fc1b431397ba6c70f2fb8ccb72wbra,0,0.012731492944887122
19,7b31d9d8b5e749cdd2c300cbcbb5f875kjlsz,1,0.9640668492635308
19,6faffebbde541edfccdb2725e430870cbkvo0,0,0.10808862659995218
19,5114111892d49b59415284dcf19ceebconhvq,0,0.052752807977390216
19,afdd5c7c912f9b6a88c0c2619d618124ycm44,0,0.027871015529655676
19,0eeffc5039b27a4dc2e420eca75b1fa55rv5q,0,0.0008243892139258653
19,a8a2547a9153038fbb9fc66d2425d9a7efr68,0,0.002176684641000647
19,950aa0150f419cd6361bd3c500e6e695xfljo,0,0.0025917928016859137
19,f268f61e075419e5a001b86ee78557e2kmg14,0,0.002823431945196816
19,97db2350652f8d01237fc4c59a470eb81h9gs,0,0.023097844082909987
19,97268eb2ac171298eb03ecc6445d6879wk3pu,0,0.0015210653724935803
19,197e90906939267ace2422e78e8e83889znqp,0,0.011362056084527136
19,106f4ed8e9b727f8d94a1cd57e882a095pteo,0,0.0013689340021514548
19,31c840378b5c2e4469fd2e7f5a1e5a7d92k7u,0,0.007578872182208351
19,874f882f7efff96263e9b555415aac36dsxry,0,0.001257991504737681
19,6da536112251f09a006b0c5223f154d46en4j,0,0.0016547907920789477
19,e8581ec94cd4d5009ab6b36c6aca9f0cp3txb,0,0.016635443470262478
19,b0014101fe1b510ea150c149145dbced3q3md,0,0.0020008410237110984
19,90fe8d6fc0bbe4ff2ca7833fe51bddbaaibof,0,0.11022579441722406
19,e12177ff9c1a8413996f7b1a590980c82ofeo,1,0.8833536087771987
19,cd8f738dfa2ea0554baa3dfc4465cdb8izun1,0,0.0005350926312343941
19,3ce8aa0207022698b6d0eef09c89b381jzqi1,0,0.030654968226342522
19,e8291466de91b0eb4e1515143c7f74dexy2yr,0,0.9705257408811322
19,aa75d58c3e1207618d47c72ffb19c872bolg8,0,0.059665336165980444
19,1ea558fc18eb1b3ed7759a3aed7662d3p77wq,0,0.10505927145272202
19,8ab98c1e6cbfb902af4e02050a886396a40bg,0,0.0012673660075206467
19,04c6b750b0552089c87ae03de72289cfcpfmh,0,0.0010223022526623412
19,460e932b11a1529d78246317757899ccfaxng,0,0.07780849996994078
19,25a4ee3a528004bcf4f4bf62b9208a7dx96pt,0,0.7584569266891633
19,6130cfe76ed3bd87c8f8dc6b2b2786dcp44xy,0,0.002258425862221152
19,167b4f37a264b72feb0f559b650d1cbd3ox60,0,0.01610761748120119
19,23bdbb8575f191b71853bf78d09e11a1lhnfn,0,0.005408602052953016
19,2106dd7866abbfb4e7c68067d7eb9bebflq5d,0,0.9186436699766113
19,ec6d3fbd8408ba43891370d4ffe41eabhnwbs,0,0.004684987942818134
19,e59ca537cb8df3053bdd555bc987b4a7c7m4e,0,0.022498368349972788
19,78830493a121b8b6917d246ec73ccb4anwocl,0,0.888170373113393
19,6bdb40330295fb3abd4647808c319d29pb29n,1,0.0008931762245030642
19,6f07ce71625a0c57aa5c0c05071cba164jmba,0,0.0035960554552664564
19,353d05bfefe1dd96d3335575ddadf310rgnrr,0,0.0014655815562074385
19,628156f3bce703aa6bd275089c6c692499h1q,0,0.009909375511622529
19,470727c18798cf0e0ecc2a0dca207cafuena7,0,0.027871015529655676
19,d110111b8700f290b5d03a0e243fe375r3woe,0,0.0010812364130308365
19,e5bde35da4abebe4fdb37a3c65124a57ff4vo,0,0.012138811963644709
19,37ea72c53cc50112ced4f88810f1b38euoz4r,0,0.0014660576669549765
19,44bc1c87245aac66d176620f6ac9611ddbcil,0,0.0012069442384019756
19,d588f4c51e67a340d1991a8130ee0b56hy0r0,0,0.00045848016860644525
19,762046a235e00ec6521ba71aaa1450c28ijkz,0,0.654072733463887
19,ae9e482a7f4a625a878c6ee0eb4dcd01dkm6d,0,0.004968271139646707
19,cf06ff5f520b14d1f9f1cf5a7ff34982bj4md,0,0.0008660446191416655
19,76c85d6bf559bc0323bbe1639d233e88nxy36,0,0.2547867061792477
19,17dbe14676cd3a3cb8a7edb438622f7fv2scv,0,0.017048572147367238
19,96dccfc370343f6871dc478d5b2fc3ffx95d3,0,0.03236177933525833
19,3b8320619393a6f6bf12219b61cda688k4w4e,0,0.002466144218064772
19,c615c31c87260c0d85727deff6da6667lgg33,0,0.001775588857483006
19,da00b16633eb706fb11d55868120cdd9so58j,0,0.05957553092461737
19,6e29de28296a57f039026ffc6df9145cxo2n0,0,0.32821552113092256
19,120beb4523541f769a2b658cbc41dd57w7im7,0,0.0023836553561700506
19,de717bfad3ccf44a93f39e7b43f3b227cuu5o,0,0.008808852042995934
19,8254276e772450c5365707cde76efa4cwuzpd,0,0.027871015529655676
19,d2f0217aa734f025ec008d24d13eca10ntuhf,0,0.027871015529655676
19,170a58cf637c08f0818ebdbfddca29c9irkxj,0,0.002173798067383931
19,6f6c9a1964fd4bbc082f2afdbf2d2af6ypdhn,0,0.0010669222462140833
19,f5b2bbad20d1d7ded3ed960393bec0f40u6hn,0,0.002859706738359701
19,35f822bee4f85d98d5b1b23c65681974ywyuv,0,0.002301839946521725
19,15b1e719796dc894ecde30f160e7ae20hrmmh,0,0.038694025943344666
19,e0fde4b9b7ec14e80de3c811ecae157f6kqd9,0,0.09546098815520547
19,77b342f0d8769898619a935e267eaad25rubb,0,0.0022649483101063986
19,4de2f22ca840fce9ac653e4aa06d9b0cnhudf,0,0.002071987240352672
19,7ba17b1eb362ef91a99a6f021b3f2b63uyo76,0,0.038694025943344666
19,c36fad0b52a6be6ec32cc5530c0a2aednea6k,0,0.058096572088936774
19,20d31f20169e8612fe13818891f88a83r66gm,0,0.052752807977390216
19,f4d69870de1e803fe00f8126e73a7e33zwcds,0,0.12402975106458032
19,a58ace8b671a7531c88814bc86b2a34cf0crb,0,0.011757658121309036
19,4c46b1ea933d574a985776ed356312505nagr,0,0.010095102320953083
19,f29896e71c8077db28617a03c0f14e7570emg,0,0.0007999765972726288
19,054b51d059fe981ca8cc4e0d4c49aabb5mck7,0,0.12343358869220049
19,780566278695c3771f81afc605abdffa4143q,0,0.0005195097771271886
19,f1e57f96a91c185a7ea716c2481cabecpi3ia,0,0.0033514321225554377
19,920540ac4168ed08a1e297395a68d718gsqdn,0,0.034883621335823775
19,ef65488c949595d7885525ccfab9100c6cmqb,0,0.3099857978600196
19,7505bfc1ca67a5ae14e329b46a88ab869ms9g,1,0.36439634291933687
19,2d38a6af2ce96c1446f900aa4756b8975y9k3,0,0.00002777597138577267
19,e49dfe2adbc4b3789f67bc044c231473clc4d,0,0.0012791880800746705
19,b4495464d4503ccb8e696994059983c89g4lc,0,0.0009586529972896651
19,bb4af76ec92ce75e8abe9a6a481d4314jyo16,0,0.054912162696170906
19,4566ae63ee93ffc6b000b5cbea7f6a8ehbg00,0,0.0027890445064035372
19,b217ca4cdea62a3977481e398d2cc9bd4sxht,0,0.0012098760449630829
19,b1c9bacacf1f33a8fe48d1a4ae4c761bcltiv,0,0.0207439189689544
19,08a588ebf7b98f44f8fc695d02adfa25x0amy,0,0.004070927482278122
19,f7b25abd850df9b0e0b305c6810e1ec3qbtaf,0,0.003001431785756771
19,1899fd76b484b9275854787a6b003b8a93js0,0,0.02133654242758877
19,537f38e5fcf2656968e0a1752dd494ba8z1jc,0,0.0014314881750375802
19,d154075c75cbb3f4b716a16c88eedd774i8s0,0,0.008606667960401425
19,fdd6944b3c3caaa7d1234ecfc11f8d080h90x,0,0.0037459108758815703
19,222d3e39d4a292d79aeef4c04e52aaf24mgkb,0,0.003947600601736945
19,741b9948c8cf42d658676e5a46757815zstr4,0,0.0013953066989580265
19,5db8eed67a7b648d1f2173b665b79de2vwdlu,0,0.054912162696170906
19,9f52fd88ba073512be19e3d24d4bb6f91l531,0,0.12187866826579251
19,12fefd74d82d90541872847f199f6324cowi5,0,0.0017790556618730003
19,ba258a455ca17f2c13cab3d0afc7de0b48h0t,0,0.0004460426193795316
19,6c11cc7744fb52a632306ca8bf966cd1e4zxx,1,0.41745046515640516
19,ba6811273d4f63d9a31937b71b0a22dforovn,0,0.23778749841408595
19,9f2086ccb71acd84652f861517d4dff9du4y4,0,0.024760667534506977
19,11d5f6925da5809e2d447788b85d6253jj8fu,0,0.2791294329436407
19,f0c034c46dfb78d2e9e67fd4fa1688fa6mv8k,0,0.0008660446191416655
19,4070f6ad5da385ba11cc99183817eb20h69v1,0,0.002705971337990042
19,84a769adc98498f52debfe57b93a0789556f4,0,0.047404501707942574
20,4ab12bc61c82ddd9c2d65e60555808acqgos1,0,0.31624758535078457
20,d1be739798ba0745a1fd72ac918a9f1929hei,0,0.0004953818825938845
20,1b26a52e1e5980c8487bb35cf5027fdfwfnzp,0,0.0002764437844779077
20,c0549e76b179912d52a28c3eb9b29376yaxvu,0,0.0007141159781633928
20,38e919293f5dbd62d87ce288e41aae2a281m2,0,0.03593811807534043
20,99acffc3cd9bfcd00668dbf472a1979350mxk,0,0.013046311540599768
20,eaaae0fb54c7d36724a9679c3128d5a7gn4k5,0,0.37236273622432664
20,d36857d18a397e7e24d05dcbef3b919ftjstv,0,0.05722800686204702
20,c62bac5be6489bc0e0a7834a11167171c8ww3,0,0.003926233823531573
20,608d9b68afb12c6c27da6c6565ffe8297wvco,0,0.006002782480490439
20,5f50c6187a179e2ee7ba2fbcfc845c7a1smgr,0,0.0032195303937429705
20,e1da7d96b83f16aa80cc254572cc154fcoudy,0,0.002074030440783208
20,e97becf0d4632035ad4cd5e65c827d6f0xawy,0,0.0010704611238426035
20,848d3eaa622b26fe57d352eedd9649f4v6obv,0,0.002243026713636308
20,68d468e15e0de0bab9694cdca8e799eb2j8kn,1,0.9913528092743927
20,64a39f766b2e9d9471b104f0d0289740a9kdq,0,0.0005630864025921877
20,e3ccc9bd16fa1f4a92fe87b4a54e5e72uficw,0,0.46522929324419016
20,481fdbc92e77bba4c9611841a7d74071elwx6,0,0.0008770110509333066
20,4dd2a50e589cde2802c4bab143dea61ak517w,0,0.0014764760449453734
20,fb92fc925c5df50f4da7874a7542cf2210z1f,0,0.00421041887927221
20,bd586db332285f3c45814fbb8f638d79d26u7,0,0.0015406672236771442
20,e78cb9678684d649453cd5e1e46baf462lq87,0,0.021483720483067095
20,02bde521e763e4f4e590e8368149e04a96il9,0,0.0032195303937429705
20,87aa94042390f9267d3b7d90e42b022ek5mbu,0,0.0005333766719455895
20,1e342381f2c64318a51a9b71d91897f8dv9ul,0,0.4734272212298594
20,9df0b0e5ca66460495931376045feb5fu4y7b,0,0.021483720483067095
20,827da66b68b225547050c11df16f845618ptk,0,0.0003141043458036653
20,ff58ffde976a4899dcd89597a7877e18lntgz,0,0.07308276566563222
20,0e66933c924764a59760aaae5368e7d1e0s88,0,0.00046496864051274236
20,6086425310e05e77a53317490e8c1f3cxzf2r,0,0.31103514059886705
20,9baf61c813f1d4a09e3c70f6dc741f34voe3n,0,0.001207179367316878
20,024cf43497fd7381df6254888670f84bwbbam,0,0.00251688175057439
20,68f092336430866db606f137c57c87e0hw7aq,0,0.01839562153036832
20,7264bde42ef4fe3fa19cc7c6d64696cf7pqtd,0,0.0062021361175860915
20,10383b390780e7b4b03dc32c94b4973f66wou,0,0.0005075422431174389
20,fae963b2adbefc663692d7feddb50d5dxz1hn,0,0.025711879720644027
20,6cd1bd77bbf2af6a2c6e535192af628by3h22,0,0.011334441131348308
20,090c77ac89c7063f0d0ce064ce3cb3afllf5h,0,0.021483720483067095
20,01c5692d487454cdbe731df330bef608f48zz,0,0.020962400331671713
20,8126928a319468b6da5edce4097d2398xwita,0,0.0030829382360497287
20,f80075873f7183a03b1b10ac3f740032v6w99,0,0.02712527794448578
20,e613acb1029ecafd9792c9f75d468e4bmm9zn,0,0.0024718549355589696
20,cf22da37578048d2e51eca1e544c693cke5t3,0,0.24310105259967044
20,f63ed13362ce1c80970ba28a095c2bc5kfgmr,0,0.0008728966466176007
20,c48fd9c589f273945bad5f0cea5993ba2fet4,0,0.5149110232398906
20,27809fd62bebc89be450f9dcbdd25ed8il6z2,0,0.003115813191253963
20,8ec8add138ed551bd5a9175eae0cb972ie0pk,0,0.0060350382221110764
20,e561facfea467ea124df0111e041287ctvgwn,0,0.00961006704795728
20,88103add66b7113729a9ca82540684c9il94h,0,0.03769138419353695
20,cd856579a7c4850b60d8763520339449x0mqg,0,0.002327096791612501
20,024937af9ea18a2b57e4f08762d181f7s8a3z,0,0.021483720483067095
20,9e72fb21f7581cfff84e833d02538e5ar35kr,0,0.00031369796690003453
20,ea57e35acda9a8f8b75f4d9bc049f74d7qx3t,0,0.01165572986764488
20,ead2ec4563ba25a9e9d417f1964b7504teqtp,0,0.10863275381334718
20,b719671479e7d75b1ba5a5617c95ccad4dkvm,0,0.021483720483067095
20,4376fc192e83a1a5d7a83085369916e8rr035,0,0.0004343359174894878
20,28aa6c505e308e49e586e25e1897ed2axjiy0,0,0.0008696597946346994
20,5a2aa4e8c227de4db26547fdc1f017cbxb62j,0,0.0006382797240041827
20,5850b68151cf0760e94acb39c4dfa02026k4u,0,0.0007465332266663699
20,037d9f10da403d8d5f94b6e2957a3702f6x07,0,0.6854936943473783
20,17c87408ee1009887112745797caeb7fwvqfc,0,0.0013748324295897538
20,76218e14c379c12d599dae9e1c00b61a3i5b2,0,0.03552889072971221
20,c08e5e3325e2f4fea171f24ca018e675we8kj,0,0.0032195303937429705
20,d2ebe13374f25a12865d50c17af1dad7yspzq,0,0.0004962974113637385
20,e959a3ae64e28a7d3b37934c0d826867o3sp6,0,0.000790143691009201
20,f535b28ad58c83d35ba87fcd46624148zbh6l,0,0.014431141185733779
20,cf456f3c8c409ec4060142acfdabb5bbqpx7q,0,0.001672059921924139
20,76a8a9566e21595a1ac06cc0050626c1q7a83,0,0.0008209442326047283
20,26190fcf0babdbe0b0d903f325c52873tpj7e,0,0.07565598557293753
20,a6bf74b19fcb2687ce345930c4c16d4e2txda,0,0.049702653074114644
20,c2d1b8c1b7a9c8010f5b215e8aadb1d7gahpp,0,0.016390601197765305
20,dfa45994c8471762d04deb23c6450598byp8y,0,0.006180156718864724
20,055282b75717345ba6f53d40e9e6d6c56qrzp,0,0.000624369844079152
20,d3c80e9f6b8e1d774679fd8dd5aae611e3qls,0,0.00099657223809179
20,1b0534afb7c02bb023bd4767ae73f17dqzqdu,0,0.1067685242445162
20,300bb4c9816a7064b106c9c6cec2f51ei13n5,0,0.009212944565243814
20,a0660fe8a46b9cb6b02e7b0c50eef6a905vt6,1,0.19835901523878677
20,5bbc8f66464ec2d962b0360d1d74bf67imj47,0,0.0002604093936277459
20,44c75302aa4404e23781f8337cddf6ed5tqun,0,0.011385914877756283
20,7f86c3c417ae1db5bea10bf9d0a7827ct3ni4,0,0.3741092862038008
20,c18cfb38fe1c4c01705391422177265cn9w5x,0,0.01643590047027262
20,6c55d253787acf5210f7d785546db80dqtleg,0,0.008455585885632569
20,cba6f45915ebbd4b5404c6d357153c0adeblt,0,0.025406033438336452
20,4a2d5b70f0fcec3ad9d8ac4b447efd6f3vs9c,0,0.010035049183947157
20,786fd201d9c952bc3453d4b3a6fa64046d8wb,0,0.0031040316910919204
20,45cfe8744884eb207048e3cbee31ec56hd9lm,0,0.0005075422431174389
20,65659f3fbf6207c570c4bb8ac64772e9umh95,0,0.008455585885632569
20,5c28b04424e96267711d5af2db62e022tp36c,0,0.00491680581598313
20,9819825acfa7e20c47a78bda5e76b195jh0gd,0,0.0367162295164128
20,9c0cbc0fd8a6c22ae3648801ade080fek6i13,0,0.07020594605737185
20,b2d3db61ddb119aa4e5f43e1bf72e349xr5tp,0,0.21561371451550101
20,2e1eb5b56591662fd7ecd7b39621bbcfgd1ks,0,0.010602742408922543
20,eefb0b863345336dce70312ff0f8faeb9qksv,0,0.0011817466185189826
20,67083f257438b1b79cb09cfa601890855of77,0,0.0005604477192640248
20,01255c2c7c5578c186873422fc00fd7afwk8k,0,0.0009681980441117444
20,9ab3bca29dbc32070cd7f729ea55639a350tu,0,0.000508637517360549
20,2a5726bd00709641cc54a8ab5422cde3uchoe,0,0.0062919517251357636
20,c6f07c222aa3a9d35b0e01f8959ffd21oownr,0,0.001359114607803573
20,200b548999702c10f8f9fdbae9ce60622owzv,0,0.3549862337372431
20,fbca8e44d824faa1fa6b99325758ff19vi94a,0,0.008455585885632569
20,651402deb28af3e3d1ab9a6b88314b591uuaz,0,0.0004547831873518355
20,7d72bde2e297ee81296adb4fd56e8800p7lbe,0,0.011385914877756283
20,9774dc752f855f07b9c00eb7018b607c0ymxo,0,0.00035570216275117577
20,c0d065cc8cb585f027143f2ebc6b49f01g1wr,0,0.009385281772118097
20,1bbfbd968c065ff5dabeffe311bc3ddeezbof,0,0.01900597387992604
20,a664b6b42fd48403fbd34800063fa50bz6k4m,1,0.9603828743894229
20,4703c8940eaa3f3bf5082ec2f155a8619i1yw,0,0.07943891395411307
20,8f6f7baf33fe2a5206ed3ca88446a99bmq453,0,0.013577161779646183
20,ce22684df495e376e32ac95d3ceb1164t37l2,0,0.009264421167183557
20,9393cc68d0357d7b200a94fdf93ee3cf7xg5l,0,0.0006578514175996609
20,45c3a73b88760d4390f42ea4fae97d84la5wh,0,0.0006027598575143794
20,0e8212e286ee36da8945c2480e366417xa22x,0,0.0005688493424804861
20,b725a638efd8d51f66ae2f22ce1df678p9es7,0,0.15035755483230018
20,37ca0d0ded383d709676a4f9729ef39cpjfh4,0,0.000565932839555319
20,b4550ab1da3a3ed6e4a206c9ef78d496q23hb,0,0.3800952896086847
20,e9c8ee7f783723fe8496dd35232d88f2or1r1,0,0.25641478577845084
20,1e0b1a6ea8d307cb61e221723534c4dclf9w1,0,0.02086654199554315
20,34a7ce35b13775be4e20930ba2788a3ebu5n0,0,0.0009836219949848199
20,272a9183c10d9e80eda8ccaf6682db71203nk,0,0.01178452574016363
20,6db047b1bdd342c09ecf9f5eecccaa4fy5l0q,0,0.1540075007900414
20,163097c029285c7eefa2d60e474d65b4ap2l0,0,0.0006080629262763447
20,8783939eb63e5eb4e5cd412d8480f3955ipxu,0,0.00006923516607450647
20,f35082c6d72f1f1be3dd23f949db1f577t6wd,1,0.011385914877756283
20,b9743f78108aefe3995e1c2291b5f3278cgpk,0,0.0008565496509690749
20,4073de52fb5c46376dc3cac6b2f2cecdxyqjg,0,0.0003549200902402606
20,47d1dbfb67706772f8a44f50e5656602z04rc,0,0.0015172510047858554
20,1dead8a9cc54fdcf7a7c16dc6e06a3bbusgcu,0,0.002206636101491114
20,d4d4b36ea722e5b939e51e34953004c4t671f,0,0.0009047023291915156
20,aba1120a5b13cf72c1d52c0dac8aafc67nmoh,0,0.0018249631544970022
20,2db8669a6d21a5c8197d4287ea32b7883gv5r,0,0.0005107055735561725
20,8ac7cc6a62b82e675465e89f67ab1f962ltgu,0,0.0004261081801166613
20,452619e019e5651a8d98e3d59a478b7fez5e0,0,0.0008725498587299715
20,5f7767924aa92a8f01b44a7e09f00a4dgqk8e,0,0.004521037377587967
20,420e7aebb49d7ab3c04e109a98e152d7kquiz,0,0.0005470494577332177
20,f8c42ccd10c3fe515e53082f0cde9a18oxgws,0,0.07749984955316164
20,1717f6d4c48ae8d3e5f2566d4bb525f854j6d,0,0.0014299996725534812
20,284cd72e028fe176f935114521ee998c5jsko,0,0.000875038793080418
20,655b88e646b94d0adb9e15e9f3b9c9a4lvcrz,0,0.2794983474555709
20,f334d76f60cae7c67ab04b9e5cc49907hqsc4,0,0.00961006704795728
20,03a1e81cb7bcd15014489a6f752c9d5b7pvel,0,0.0022024721656980443
20,33189c09ca7067834fd25a54920f82d4nd7a4,1,0.9947521254144808
20,d38b2db568fb71174bf883554bea939ccts4m,0,0.0004345293996407083
20,183c4e44d09bc4ab990b957e765af311vlup7,0,0.0007092226104097188
20,86151544b29ad273209ec4605c257b089z588,0,0.04896156357097776
20,612d24dde60a1b42873ab7b50944c6dad3dcb,0,0.011360892753275764
20,c7ce5ac2fe5f03458fab59c78b19bf7c9wzf7,0,0.010522679031798926
20,efdf59a8ca81c5d3744f9121ac8fd2c7coy3g,0,0.0011116641849173456
20,e429d13bc2c7acc82d8d68fa020546c38v82z,0,0.0011870559973957654
20,90eb8151eb82441b084d04893151619837abp,0,0.006628994031926466
20,e0df56a5ea8094d070b0130d7178a996noolv,0,0.0023720401614518876
20,8d49c8e70bf96a255baf30acc76a3f59b394w,0,0.0030247242184969344
20,dc87cba6dc8717e219e9fa9edcd10ae4a2i86,0,0.0011116641849173456
20,0a7446b63f183a4928ae762ed6cd1c4b894qz,0,0.0009196071263711116
20,c89ad997f646e388fe375d7fe33a3727dzrh0,0,0.051867669976085384
20,b1c2e7ee5c69722df6233541ad5e784eutiv2,0,0.02333130912153485
20,14bcf558addd6e6f2818ab2bda7dc679jqoon,0,0.0011729963441898645
20,0af208c4fc46ef9236052ff495016326zxoqf,0,0.0019307528401333613
20,9b733fcc97535e27037c231858a711adyzvqf,0,0.00040264959723555673
20,1dab9ffc5c6bf06e86e0dd1b3cb9ebecn5pu6,0,0.05466579238440131
20,8251041848182e6468c8119905a177dekmshg,0,0.0013997045821964092
20,260568e07963ce8351f3313bd7b9b0e2vonva,0,0.007348237955691804
20,c4d42d0beefe49d6157c546a2504f4db86hvd,0,0.030245736116948477
20,f019bd7ec140624144c4a9b40c42bec9jok79,0,0.0045369142066657734
20,213a7fb31eef8b38a23ad6b0bf2c7fd0dx3vk,0,0.0014288784708972328
20,669c6a0e8aabbf0647e8ee6e150c47b18a4pu,1,0.46832566727376307
20,2fe472c1be232dca314d4bdf0fa95165rjv69,0,0.03911403891482508
20,bdbcdf6a935f4d1781a2d33bcc4967130bdqy,0,0.7353210864668023
20,9a12aa1aa3560062c6f84bd374eb5f7f422vq,0,0.00082037846606032
20,d2fe98eb0fa21252956184a98138c58dwp1ah,0,0.0006023550485866895
20,ef89b74b58c49c1a321d3d7ce061d151k51xm,0,0.07520719901867676
20,a40808ec5bd9d0440585286f1658c3b1ag8dt,0,0.003776045707884178
20,5dd3494b46f39f8c8783c25527b64dd8hp8ti,0,0.006002782480490439
20,5d5816d216122786933fb74c459f35fc0vnac,0,0.0025774765536125768
20,613fe9b896ce3801e40212b3c8a8053c1e8nj,0,0.008544231246791602
20,63e3851eb5e1ee98df1065b333f6cb81mlby6,0,0.019540491146555122
20,72dbc4a9f579a9444c126a0a67118783092ec,0,0.0005038286300548108
20,23f9a0e1492c4abf375823266ddbe36bzukj3,0,0.0002984597403089516
20,8af01eeb860c2e6b1512377f28953110ml638,0,0.017922938543674792
20,70c6727cc40fdc6f752b28102f31a38b883io,0,0.0026950700531570616
20,dd76fa7a75bd0e1921f71d255a8e0853l4lbi,0,0.001207179367316878
20,a0aeb6de8a21a5b776f63530ed753fdb34k7y,0,0.004446116701992605
20,693085cbb28f505f03b025dac8681a3bvfot8,0,0.08338339186334043
20,309f446bdb138faeb18072285ccd9901gz80c,0,0.34015040195662505
20,b9d861ce6162179a4b008b63e7fae80fjoywx,0,0.006002782480490439
20,eec2ea9d9b292a343f8ee566ba252baapagwb,0,0.00145384866715213
20,95efb775460080c0da57e154f27876d75xnsx,0,0.0005184359324164319
20,d092609f5140c62ec64ddd7615c25792qgdrd,0,0.0011824128006931456
20,3550d62e04bd3a1239eedbc29d9c970279b1v,0,0.0016507293629244694
20,1afac423a94778ddf9b6c1dc0df7105cgp1tp,0,0.0009667238525518285
20,c9a97c18992adb02e6c2e6a8f9cc1daa1di5k,0,0.0004707713364635288
20,c2f592fbdc8980229367e1db4d0f7a51my54g,0,0.0588795028300073
20,01cda526658455000913950f20cf31a2q6nsf,0,0.0006118430311746676
20,50a4bfbac8a9653af4099ec1169f684c2nsgu,0,0.6481326568005153
20,3ded667003605eb856ed1aa2b82c1732gtma1,0,0.0014216808733560633
20,f5edfebe95b4f637d1bcceb892b73dc7rhn7l,0,0.08523012938763606
20,28b4c35bd90c81ca959da328806469d493mvj,0,0.008455585885632569
20,4af5e2532224f9f7d1d039704573d9205jbkv,0,0.8756019702541736
20,292dedb5371b8e0ebbeea57f14b35713e2ie2,0,0.0015325518585734869
20,4992da4511c3c1b4efed3e16c7d8dec65ilfj,0,0.002317826954349121
20,fdad47d27b793b74470086c35333d4fepycsl,0,0.0009968092115520623
20,f3ad2931359bca59c36ce55ba82f9af8enbi8,0,0.00039096440230127627
20,bcbd5c95680cab78cf904fb936dd03f86g19z,0,0.006002782480490439
20,764234598477e02cbf8a43983fd43850l1c8f,0,0.0006521457986681375
20,1214fbf35079e7afc0a35645f8be8b218fd5o,0,0.0032195303937429705
20,85d020b5f3d99d1272efa0a0d34c56a5dtvxb,0,0.003315816991093252
20,098bfc9c440f9ba9e6371f774ec6a36fa0sq6,0,0.000758614190495117
20,c6453f296ce36005d7e7e67e159e1b7cdbmus,0,0.01643590047027262
20,b853c1e4d6a4657d35705772ca6cfdc3qtox5,0,0.021483720483067095
20,a48837ccd05bca96ddbf02c55ecccf639adk2,0,0.0006403845053817091
20,b1e106943db37b1d002bcbe06b264b8bahuy0,0,0.0003486890080009792
20,f9378eb3e522beef7e6a4e1f275bbe0eaboro,0,0.0032195303937429705
20,c5120d10a23eb0c10d56a19fecbf9da85t4ow,0,0.0005356608984151556
20,465c4f2ad08cc1e5f7a5e1e3ac75654ealh0g,0,0.0012781406212437703
20,9ae9782ecff93ddf1c6fa13d711b9fe1gc266,0,0.012887719336278188
20,1530008a712831e35a673d38959528f4ozipv,0,0.0022555158203243237
20,86a626c876e7eb4be35f4f0b0a78f97a1rn7h,0,0.0014489903492124468
20,f0fd9f1b3fc9ff10c2642b3bf81946e2rsq48,0,0.0009962711586232124
20,ab3e02a6b47b250b738fdb010dc84cd7lrr07,0,0.0006627149973061721
20,5ddf9ae899e629acf3e78141a9712a05a4feq,0,0.75846177264705
20,18076726ec814a6f56da2cb9ea89d105j8vpm,0,0.0006867794167652359
20,a7c263f3fe4f19ff677e5cb475f7e5a3gdom3,0,0.001489249159182785
20,ba266f4898bf572447ad65856b362595yjt2a,0,0.0028618829653292415
20,2daa71f0d138b8c2d61583d3b98a25e1mjp9c,0,0.0004636752543899569
20,c900620a019e78a3eee44109e4d1e1d2xd2gj,0,0.0004636752543899569
20,2b429b9235bab2877cd93ac6d9fbc2d7tzwre,0,0.06876286782234078
20,5b0665172160ea4015e79dfbcfa7ed86oe0mc,0,0.268680417003676
20,69d8fbf99586bfaac64d31f82b9bee27wltkd,0,0.44170731617223996
20,5324221d38a79636bc4560cbcf2d75c4gimrm,0,0.0026046074862954047
20,510f33a3c0a290a0e43d2576d928a4abxieo3,0,0.01643590047027262
20,6362c8d61774cfcb6ada7cea1be63678hxkfz,1,0.9231036248837262
20,95af80db42edfce4e937550d60d79561punym,0,0.008455585885632569
20,3694aa599f836a57b671ee0814b071775i1nf,0,0.4518158834132968
20,5ccc30558d4c218cbb4d36872fb82a03rjxgz,0,0.0008645588392436057
20,3318a824cfbd3d3d177ab7e9520b21cbsrcgr,0,0.0004043018268711686
20,03aafab9868455b78f0723eda86698ba9v9rm,0,0.6920272988271584
20,ae0dc05e48d0f1e3ad33f37b4400bd069jktv,0,0.020521776516365026
20,591ef8d73236d150c32716359a61ff2auk6y6,0,0.00042127385889246984
20,989e8e68621a43af5a8d061aa91bd9bfshy7d,0,0.008455585885632569
20,c58ffa073b3b3deb4e993ee5dd05347cmvfur,0,0.00029729499852917095
20,e8f3ce0b2d0849968400b63b992cc606psoij,0,0.000986918306362024
20,fd5cef3fe1217c6591500c715d71717anczcq,0,0.00033385177381445053
20,afb1d898d15663a9477870391cf39b697gso2,0,0.0003186207584568247
20,8a4fc219f01e1fe6d4328b0a47fc54905iv05,1,0.009803462169353095
20,3e995d6f9dda5f29c02af4c9fcb94bac0csrw,0,0.028560185987095473
20,9349befb45c4869b68e82a1944f4f01377cpz,0,0.008455585885632569
20,d79919e5ba11f26bce5e70f0a4f859e3e4q9y,0,0.9940161549796156
20,900284c412387e0bb2dc2aa5ce42dbb9th70g,0,0.0011401883470186036
20,8bc48bc2cd0ee494e55470a7ab0814c12riuf,0,0.00961006704795728
20,c6fcf1f7b824c864d492c4cd676cd702owsuv,0,0.0007453434244514422
20,7188dec1b560385b0826f78e7608fdfeai9fm,0,0.9254470344738087
20,24029e6b641077ab7b9a1fde11a42666pkz6z,0,0.5864075754189643
20,ca5d4f0a3ea342fdc45c3325e5311049e2uis,0,0.008455585885632569
20,68d0de6b2b019e4f93fe89ef3c9d3e21zajj9,0,0.01586709808128602
20,e0984156959c3e7cd05b7ec8ae239303inqlo,0,0.0005392708793086474
20,21114d057c297080f0f882420d2436b5mmukc,0,0.006002782480490439
20,74429c9ce8183e2b1b89600e6de4ceea5kn1t,0,0.008455585885632569
20,ca28bff4ab1f6e74bf08b92e16989e11vn2mf,0,0.0006424265082126842
20,38d9e2e83f25229bd75bfcdc39d776baz5zu2,0,0.28864340484796436
20,3de66f8a5453943040d42e1e73f11eebll8h9,0,0.0032195303937429705
20,6c0030ed696c4156b6ea3472374f6b54s4ih4,0,0.009950031278631092
20,5097b3a4011380b5d9447e1a7a20b1a556yzj,0,0.00621357991986072
20,9ab00034c9b00521ce121adb5dd4aa15tlhc4,0,0.0006518981212905945
20,2e463fe6bc1616f8392f82c138a6a436mbtjx,0,0.0016015033689311055
20,5de403f3d49221bfa7116570a4d572d8m19sh,0,0.0062919517251357636
20,2eb8a353db13e68388f544daa2e28359oenbs,0,0.6210204756407227
20,b6e52f37365cfeae9204a9f408b8c3a4idcs7,1,0.9669390263959496
20,058a4e0ac0a20f504cc9c6aae2a896e6too9v,0,0.0003918301799874059
20,c16a9bdd369ed3ec2891c46e64017560fbx69,0,0.0032294345538969246
20,6f6e3687f67272b103351641b678225abarzw,0,0.0007690302972281919
20,2e33b1ee8a9d4a5cc5f886ca455e8f86kxu5r,0,0.0005987112043569413
20,668d393e858e8126275433046bbd35c6tywop,0,0.09231195404887117
20,c89d56c06803b8c6316a7c906604c64939yri,0,0.0005819779168657578
20,54957cfd12ec8c64918b6200ea25d27fsc9hx,0,0.0008583366975827467
20,b9fd0772481bf459179a3b4ab49171693im97,0,0.001885693251207037
20,445eea09a6299164f60dd11f23276b44rkt8q,0,0.03574315924228658
20,64abb8a286b2be97349e8b17abcce6d9rygza,0,0.0006620897481682125
20,3e0bbd7d75cf543a56919ff5069b31a9gcbql,0,0.0023717829628504094
20,76f7e6c70f2b84d885b23e2b2831e113ueqo2,0,0.0007668266460225263
20,bf65e77ce8676fbab6fc78b70c50f05a8da8a,0,0.020914050638465645
20,37bf6f23b628a3e2b5b22ba81beccbef0efoh,0,0.19498855146318206
20,fa6bfb4a2156dc8e73a713cdab85bc4bmcmwr,0,0.021483720483067095
20,8a7710ee3c886df8ca78c88120603cf6taql6,0,0.0003142732921437866
20,c67ecaf47f857f37f63ac0f4b9af3249wwdtz,0,0.0013201012100651668
20,bb43fc12fbb0fd2b2536e4033ababf59exffy,0,0.2732835483599559
20,94c8c0f9c90820f28928caf5d122dabby69ts,0,0.027723561807369693
20,238808859d7752579a415e89a395500fh2o65,1,0.001815115658686878
20,72b21fb7cd32b1a65bed8a12eb94a8b7qa7rl,0,0.03229429951054181
20,9be39ea5a0612fae7bc43a25a6d10856l3qaj,1,0.03236767768909858
20,16e2e48cff6faab74e1f5c47669dfbbda7l5z,0,0.00324936919268927
20,0ae09b09369c76737cba059d192451001nwce,0,0.03769138419353695
20,52c441804b89bc20e4c8dd625bf163f27o2zb,0,0.008455585885632569
20,8c412ae875b672f18073d643c74f9f0clzbyw,0,0.0005778853143868822
20,c8cf68aa6abce25325dfdad4a98fd890ap57f,0,0.0032195303937429705
20,cb705744a588c18087921e74e68cfa10oev6i,0,0.011334931146178737
20,6c3bdc508c20f2f3871766cd73064c8cib3xh,0,0.0006847605499875018
20,6b0d09889ff4889deaabd5f15b3b34f1jxl6v,0,0.0008800939795622
20,9adae18220565488f77036be41cf71beiepqk,0,0.6723387705998654
20,026819504b59bc4eefb9963d5fe4271aql15u,0,0.0024866856965466123
20,6ab75792932fb1ea6fc74a18edb7888c2orvk,0,0.0025150203203300366
20,98aa09a7ca13559a9e2a43fa2ba4d2b7klwin,0,0.0011870559973957654
20,6affd6d2976aa7c48dac70612fc8e31ddo7j5,1,0.902221497720418
20,7b31d9d8b5e749cdd2c300cbcbb5f875kjlsz,1,0.9171101233375744
20,8473148f069a890b7323fe8316861a71qoxv1,0,0.001544868025428715
20,afdd5c7c912f9b6a88c0c2619d618124ycm44,0,0.021483720483067095
20,c4294be0db6b5c9357ae5e2e7fc8da9489qpc,0,0.0013787769248646605
20,6e8cd4699eedf0075cf5662e1fff3a857bycf,0,0.0006965581762739391
20,97268eb2ac171298eb03ecc6445d6879wk3pu,0,0.0007208831910788891
20,197e90906939267ace2422e78e8e83889znqp,0,0.0028411090499712386
20,31c840378b5c2e4469fd2e7f5a1e5a7d92k7u,0,0.000981950342372634
20,9f9dd5c179d357b53f145ae1e5cc941f5qfuy,0,0.0003551115607836777
20,227bc0936837200d0aaeb444ab8d5f1axs8zr,0,0.0005957895981714241
20,ef415b2bbbb81ed33cec7242678975d5m5qk6,0,0.0015641272493015282
20,b0014101fe1b510ea150c149145dbced3q3md,0,0.0010082130634167044
20,24a9abf72cedcb421e831c1be26607e37zojy,0,0.0005428884143910033
20,572c9964ca41ed055830845993fdab29p4f03,0,0.008928041923906754
20,5201935b289665a197e38f747882948fjt867,0,0.0005851292700188372
20,33895230e0b25b5d3133d502ef3ecabey84m6,0,0.1737484815511502
20,c616385a2762ecfd8e4ea16d8a1f2596qw07a,0,0.0016089156598272534
20,1ea558fc18eb1b3ed7759a3aed7662d3p77wq,0,0.006002782480490439
20,050a3b29ca1818e1f237df8132bc2013bcuxi,0,0.0006497424309068543
20,74149197c8684977e397ab60a6a264836b0lv,0,0.0011817466185189826
20,23bdbb8575f191b71853bf78d09e11a1lhnfn,0,0.0013839349455656864
20,d144312f2f68dc33a63b7863911b2aa459i99,0,0.005188590900335274
20,6ebbb4e7c3fb4ba44a89bae997717924gm89u,0,0.00045947517884701797
20,1456b44d8b2b16cd94278137269ceb11ns7wy,0,0.0014023067693180158
20,ec6d3fbd8408ba43891370d4ffe41eabhnwbs,0,0.010685119117804088
20,76f17ce227e593aeff456fed46e36c83a3j72,0,0.607963498894225
20,6bdb40330295fb3abd4647808c319d29pb29n,1,0.000026098758230626008
20,1d4eaaacb6127c43c1c007331cac135bpib3m,0,0.00039191099809379417
20,4694d67c21e9a2edd614e717aa3f4dd2e0w93,0,0.008455585885632569
20,036a4050a5dd65e70f0f613ec2e38a74re026,0,0.0006344597477406271
20,46f1d7df0a8ffcc10c3de0dad8979cabgr9ig,0,0.0015972986169615054
20,74a35c4376559c911fdb5e9cfb78c5e4btqew,1,0.008455585885632569
20,6f07ce71625a0c57aa5c0c05071cba164jmba,0,0.0009848976560229295
20,110d2e689da119388dcb6e235749b787ni298,0,0.004278278509353694
20,308def7f05575db9bcb6a67207d6c1beb2cqt,0,0.0015316556667771416
20,de4388600d997803223748e48bfc7b16ggyrh,0,0.0008237227537348478
20,069d251f2fc19102924468ab38349d5eou7ab,0,0.004780469621928797
20,a6230fdfd4879433e36a76d53440f426c7a7a,0,0.1139333634278405
20,77b7daafef906aa3f941992bcf94dd69zxk2p,0,0.0004986887024084125
20,6c6c3559c5f656c71348f7cadf29bb12okgl1,0,0.0012850441993362235
20,283987b9f1ffd4514757483ee1f01351xd678,0,0.02077988778335474
20,4731be79b5c7e894dabe5986e747b97bd6yxh,0,0.000568312630291643
20,4ef4b3e5727dc85f18aaf00ff9a1e936qyhp6,1,0.8872652984769708
20,eef111bfb93c213c174947c69b2f2b38cr2pw,0,0.04786620151780723
20,c65d2236a70982d628454d19472ce26eltxgf,0,0.006624481907252015
20,d381ce07afba12851a815cdf8858c1c7g2pfh,0,0.19753389478923444
20,74cf3a0c5e4f080415888bad2f7119499lh63,0,0.00056903882124363
20,d31f6cdaf4f8485190b4ea588f8c1733y6qu9,0,0.008455585885632569
20,a25f4c6838b83e0fcba372300c23c2537k5eq,0,0.0008728393214609391
20,9e1f21ee1888368e77b539083f4b94ddv8mrl,0,0.04608978476711007
20,f2f10539ed947e4b141b2e9bf21af65ecz4f7,1,0.9422086938087867
20,de717bfad3ccf44a93f39e7b43f3b227cuu5o,0,0.0039558029753306015
20,c2e1242ad5ea781923a08987d55365c69fii7,1,0.22408993385475973
20,219c6102f604c8ff0ead5d23375bb127del0d,0,0.5635054468895693
20,6d1354e720cb9ec90e19e29f5f895669qh6g6,0,0.021483720483067095
20,25331706aa2157419da068e93f3989feyo7a0,0,0.06200033492158634
20,67a1b129ca241c51d0abb5484f8eb3fct8o5c,1,0.9800499692096549
20,1a764d01d19a1408382ccace87e61c9fndlo9,0,0.006002782480490439
20,0a92c4fa2bcdc8e952546d236b322053o5wbk,0,0.0032205900429861426
20,6ca1de75674e78f9d3d63fd96fbe6e172t86c,0,0.0022246443617859545
20,c128bfe7aba668d71126d51b32428c01tkq99,0,0.5526729298551567
20,170a58cf637c08f0818ebdbfddca29c9irkxj,0,0.0009313384934631927
20,698da938f6fc36305616aa6f8affd53fobj5y,0,0.009431171549515309
20,6f6c9a1964fd4bbc082f2afdbf2d2af6ypdhn,0,0.00046140843929049863
20,6ce47fddd94be5792190cad9d972a5c4oyjww,0,0.0009638436616971585
20,a639448bde9a72923b70917e82594fc66sa2f,0,0.0031832534811540255
20,7959bd565852dd880cd31278fab3660fuaqyw,0,0.0024301020956148957
20,9e9047df09026ed5a5a3a86403811159u5yja,0,0.0010474054963578868
20,0e373556d3bf588a1bb2ca6354120cf2dmvjs,0,0.0004867756745654683
20,21f5b103136104e4947e293983dbaa5b4tder,0,0.9083265091369324
20,abf6c2cd31be1630f5a7a1219935011c3rkqt,0,0.0012875743761112865
20,9dc039dc57fd67bd9e7157f4f697ae7eloov1,0,0.6684342964014691
20,c36fad0b52a6be6ec32cc5530c0a2aednea6k,0,0.011663619939645497
20,c99b1edcfc7f0c751b68fb310d34b75ei6j82,0,0.0021833401825014785
20,0f4669e36b2e721dfe27f8633b277a1575erw,0,0.006528017426753967
20,1a5d7993b43386f64fcf4b84e7b183a6ref21,0,0.002311047850322509
20,780566278695c3771f81afc605abdffa4143q,0,0.0003586502261370723
20,c888cda1ef5931da0db90f6803cd0d368ay6r,0,0.008821246893218252
20,b1ae4691fefd3d09d74096ec4caaa6d1v6tbw,0,0.0005942473166023997
20,622a477170c3e2215b7e3cdb06db93aezz6t7,0,0.0030939254995018223
20,802a819acf0601b43fe5426cb48ac0bbqwfu8,0,0.9742349225885855
20,1870650d20a97db60ce4133bb9352b69h9phj,0,0.0005796567155529756
20,b217ca4cdea62a3977481e398d2cc9bd4sxht,0,0.0005732409681219137
20,6ed19e45dc118b78a78f25649aaaddbeef7e4,0,0.00041051512115640774
20,537f38e5fcf2656968e0a1752dd494ba8z1jc,0,0.0004572089550109328
20,786cb68d5d2012dedaf70257449090f2hfb88,0,0.0006037516276412242
20,b9cb81e5855add059728cf932f0624fefbi2t,0,0.021483720483067095
20,25aca203223b4d9563f5b1a01aa3a21ftlgve,0,0.02491057870083203
20,bd6adbe79fcb843aeb97546947af1236kbg7p,0,0.0012630567168265526
20,6b1666662837213ce77c329d8cb2a842epaeh,0,0.0005242401293579965
20,12fefd74d82d90541872847f199f6324cowi5,0,0.00035843107260671153
20,e54c3b01eab75ad3a616d56dd06ebef758ua8,0,0.0006232498614916777
20,61e4b6ad0fc268d42c330ec99fd8c939yb7t1,0,0.009429981265655973
20,ba258a455ca17f2c13cab3d0afc7de0b48h0t,0,0.0003922587019304343
20,385325103b3eb54b0b974523fb7a13e02go5s,0,0.001991218560443611
20,6c11cc7744fb52a632306ca8bf966cd1e4zxx,1,0.6461955517986024
20,17a321c4a0d925ca80507effa52330ac5n5r7,1,0.0018581154051111866
20,e5736d7f8082d7d7fee8430c0e2279bcdmt2a,0,0.008455585885632569
20,363ba0a2afea1b074fc1ed270c86050byprz1,0,0.0010464787233196084
20,717a0a200628f9606d88afebaaeb409bv60y8,0,0.3141798691744101
20,f939c17ffc7c39ac9b35b69e5e75179fv9pe2,0,0.021483720483067095
20,84a769adc98498f52debfe57b93a0789556f4,0,0.0354597493241667
21,57db69e32163f3e486dc6ef7d615aa12usje6,0,0.014222009648681599
21,d91a4421996dcf429f575e372915cdcedae6g,0,0.08186570182542424
21,880f542a275df1251612886d408b32e8m96cp,0,0.0022037477362432984
21,9c509838d129fcee98cb3934079ca36asla50,0,0.6991378253071225
21,11a38554244f3c14de043aaf52345c35jjqvo,0,0.41050341314943734
21,0b68888358a492884e3885bcd73ea63bhxidk,0,0.015582254350627718
21,d6d3daba4bea632d7f5a4e2c5146f109dkd4m,0,0.08222081055187122
21,95fede5853bfffda8f50f6af494ff1d1hsgie,0,0.09423921894028539
21,98783b6bd490f32f56c315307643c824nimw1,0,0.0017556993832243584
21,c0e1ecd40b81bda3b7dcec501334499dgzq17,0,0.09476999342351079
21,aabc211b4cf4d29e4ac7e7e361371622pockb,1,0.975509454455174
21,8abc7635daf75f9fbeb63783b7b8ccd5rvuyo,0,0.0008275384436691344
21,d738b259ec6e6af625d1f41abcfd63e9e53tx,0,0.010955626188769652
21,19815d9bcdc74c3ddfb9ff210c1739f3tup3i,0,0.0009856404336626053
21,91dcfc10da696a6d90966ff795751708er5fp,0,0.6909905238501517
21,a3c2ba79963b637f15086e6255a46253lwpnb,0,0.0023078869669099565
21,59ae36080fae26bccbbc31a4505b6fb3v3zjy,0,0.1505033985713603
21,96b90af2d3eea4d3b2bc725e1c92e212qu52g,1,0.9247061041307107
21,001068c415025a009fee375a12cff4fcnht8y,0,0.1505033985713603
21,cf33d05860b7f7d9af73c6091190b81ektz1j,0,0.02242136752722952
21,1ae57d217b27820cabf6e24b721bfb38s6ja0,0,0.1623159183166345
21,577af9ccdc29dcacbbce0f36b7c1ff15btljp,0,0.10897990390259947
21,6531bde8d4decd9708ff4407ef95e887a26yi,0,0.029204586915031885
21,20cb327bff59dc8f4fe1ac68a30f02eb6jrq6,0,0.0024059638314791743
21,80e753fbea14f966b1fc6d1e194d4e66822ms,0,0.22166214575206253
21,28c0d4c81a22958352aa742f7d74e477qwo51,0,0.003450563771643973
21,461dc3d03d1e28d52770a4d3dc7db34558fcg,0,0.0049231989422744305
21,60b8145bcfed7a5f2a23b596a8aff99cdzn4m,0,0.018089668445201233
21,75c4518eba20c9299a3a836d9905c327w6j8b,0,0.029204586915031885
21,d65efaa8129a85f85bf909e5abde8c3628gfv,0,0.22481777811517
21,5960fc711b544e2617d0f76360b69e2afds2b,0,0.029204586915031885
21,5b25a86acea5ff395bbd62399bb5cc9bb7h6i,0,0.003587152314011742
21,fc8e62e5fb69ba67265a3d0e3403aa3fr8c2q,0,0.3753519725181084
21,dc52611b1a2c84c0949da5af9870d57fj6ab0,0,0.003605025694706733
21,5106dcca581b63cf2226110a9048ee4846sxb,0,0.6991378253071225
21,2e3b450b727fe3e888c85d52251fd33ffoi4b,0,0.00578214480004224
21,ca76df527977e5168e1b3352cfab2ed9htipb,0,0.02928638291957004
21,22fb740f267ac617118261b2fd3365batisfg,0,0.019145024751200997
21,f90f13ddfc0f98cbe3c2346a2e30093cq6zo0,0,0.001745637628240003
21,20ebb9de648c6df989f04d07cf273c7b3yu8c,0,0.7843860960950735
21,17eeec8676ad56bfead1a9406277f41cnev3n,0,0.5893591303267426
21,c7d335bf99b9c71fb22797ecbd78b92ashv4h,0,0.02435169085372846
21,a94c16f8a98e493e2b4390b1975e690dv8cmu,0,0.06899215459402237
21,1af4685cda2979a608c4b6ad83473774qgicn,1,0.874676049046351
21,e909515a6ae94a86027c717c4085954akbpt2,0,0.04445836786708974
21,068450aafae2a6e390e35925d964290cdliqf,0,0.27233771081267627
21,6a87cc9dacae884e817de2ee08452e76dx9mn,0,0.18298694957980643
21,8b4071f3e2702b88481054081363bc15her3f,0,0.7700054870470943
21,f0c356e136831c41884b0732ae3198e0gcy8w,0,0.0051642644785908735
21,6a76d66f035914f93ebc725a0998b399r4gdq,0,0.014222009648681599
21,908ce7060337fd8550760a100921f6f7wsemn,0,0.018006130660174546
21,eebfd257525e52b67969ae9d8760afff12j3d,0,0.004122507795772706
21,08515611e73803dc6d8c562b8514dfb5qi3z9,0,0.2037414026403388
21,f46cfa9acdb6a4c419c70c19be4ff9523uixs,0,0.0040205066555195415
21,354baa6c4764a5bde013ea3f7edc72552r3oa,0,0.47233149940931185
21,28c9a5ea8aae9fb4f6a755f94cd922361v9ow,0,0.43974921802692823
21,b9080651d16e3d6d2d83e1c5debb55b0qpwbv,0,0.029204586915031885
21,c8d972b803b46212369cf1b480328dcehb9jl,0,0.003407090822629482
21,99bcfc00be736e03facf0afeb79ac533cs7tp,0,0.13663859956218583
21,b191c73f160bb9320dd3715bc3ffed26ymluh,0,0.0021101849710393594
21,64e802fa8e0c17ec2ba1b6425648b7cb7ndkn,0,0.011503781730537264
21,20662832566daffac929f803f0c236eaperht,0,0.029204586915031885
21,3d281a78c6a116a91baf9c8db22b56bazer1h,0,0.24661543843663583
21,ea5948061b2059bcbd900d3ae7e86e428ae8g,0,0.23076858783675153
21,a7454ee6fbb69c4079caf5b5b92574abi6pyh,0,0.13138761780413258
21,f876e3be4038da62f49234ee498feb732gdcl,0,0.002747337575474183
21,ee052a24cd3164af9d08fe77bd6b79dfrbelk,0,0.003544385959135564
21,179a23cad40c51dd7804069bf769d11e1ftk9,0,0.01713977709876912
21,205c519be884c5b1c885f61c4ba8738a737qg,0,0.8893558091492176
21,e0824707d4a78230ae54209a920bc3e3pzdpp,0,0.017249652268299973
21,c5dcc8a649adae76ce01a3fa85b68f237ny2r,0,0.0030920687439227206
21,f61d93fddb01d2d89a85a132c649aa90lj1z6,0,0.001998940801085406
21,db88530db963dab43118aef5aba127ec29abp,0,0.16182935369279214
21,cf9a1c3af63d1bc3f55728b4a06a5f46njrac,0,0.005576435701606087
21,6f46b3e231003daf21108df4624afcfdaaswv,0,0.0054430182128911596
21,791031a63c9e2b4835caa9a4cc1768baias2l,0,0.007845934737956292
21,fb5a19240e36ae12aaccc1e9d9231144l32hv,0,0.16510256123944436
21,8c4b0d95ba36c0ba2a52f9043c62fccev75uu,0,0.0068133616965652035
21,570910327f5584ea1ccba92634d89832lo1zc,0,0.029204586915031885
21,e03311c7620a8098b7a177a5f1ad213ernao3,0,0.0023950824572019974
21,27cc072f1432f7aec4b7e17cf2e473f2x3bjg,0,0.9228868303650042
21,cffb5f3c1f4ca815d0f643fcb2f2f316beod4,0,0.2318487427593617
21,2d82c3dc726d2bfa19c5f16ec3de5023lbse1,0,0.07306571637469833
21,7eb6a5ffc5e8471efad7cdc8927daf677qcf8,0,0.17810565096990535
21,0d0d43ac593a891ce100d8202d3d72c3xsma8,0,0.00520490806040638
21,35a89119272ca55d7f602689616b58c3pebir,0,0.0006606349564862908
21,ca0331fc37db2b251a012376f7b987fcma2jw,0,0.9491316879534576
21,b970a53727b2bfaf02079779c846a52fj3f0q,0,0.002587184941994294
21,7029915a2c5aa5d964acfd85c30c3950b4opr,0,0.011883957660051948
21,11d7f0a5076649b229c301a22537834e1ehwg,0,0.003138353133132698
21,4f891171f7b09f54d8b4f30b48421f178m75r,0,0.540733337426033
21,3995d9ce0cebd62d77cb8add067d93e15oezc,0,0.0007611502287784378
21,88e24a019c32a60f2ff315a9d217ec33q144x,0,0.0062133551309129535
21,d1f000f475c502ecd2e993c52987e63ed3k7n,0,0.30779467762629104
21,a3ef8857f2e33ecd25c409622b4e3ebcij8hv,1,0.9772825014111068
21,a8a5bcf248e1326b3340c88e057f59e9nlslq,0,0.16182935369279214
21,bf80bec9b4a8d29c494f8545f2a4be4eji6qj,0,0.3512768361350491
21,86b6207b5e87d58ae307bdc1545a101akz0ew,0,0.0019393214758427087
21,584d1d60d357a4ee1fd3b0a6a72de1dc4rodn,0,0.08222081055187122
21,d63671871e4010e904b9419e48781565weafn,0,0.010531080266468132
21,3ddd3eba016fc11b07c8a9ecb3fcc2975bkru,0,0.12653179331421122
21,e0e5719b5d763eb4e04c7f6e4e32884cmlpj7,0,0.06899215459402237
21,14f226ef57ed64d8e14c8b5ae929143cgq3em,0,0.0018509061768240355
21,3073d007a5b42b827cc770ecf4805278xvvzl,0,0.0040152731098416225
21,3b947f8c954acf4354d2c3bdcd494fb0x54ee,0,0.008789725399896585
21,56cfe8b0d574e1df3f823c2cf32226eff52uw,0,0.0037370744221214922
21,e19f258fa5019e58974b562a8e1433ccluztk,0,0.1599658932477529
21,a99f91d51e8d9f5786dfa52e24292dfebi55j,0,0.0022354262925056664
21,a60101895443bfa5d4485b9c2c3e1b68t5ppq,0,0.0018273312424175758
21,84bd02dc56fb7c3402426ef7e8e166e2ptwo6,0,0.07390580268623768
21,679d60378d42ca9d3b8a28073fe14fc7bv4jh,0,0.18917589264376544
21,d7c046d4328c139e76fea7c1833e8fe6fx4yz,0,0.0038311124789249277
21,2819b8b2295f272f33f8e76fd344ce6bywj1p,0,0.002168189782049134
21,790c497536a2a9fe080c3b2ee6d5eeb9caiv8,0,0.0025632635817535725
21,2794512e8edad5f99d28c33c7560fccb9zl8i,0,0.447825736882812
21,2d6a70a8341ea0fbe4c8537ffbce919etg4x0,0,0.029204586915031885
21,953879d32e39e014cf8ce73daa2547cb2ke8t,0,0.009892387136690432
21,84c4b58a1491da3a30710bcdf61f87054xfq6,0,0.00849878734167962
21,d0b096df6b5ffd2efe8d5cfad4a24912zs3dd,0,0.003020588012630786
21,86091a1e6c99358936979baf67d54457x1dzy,0,0.004037953002895945
21,b0164d9a18a3cdf6082e96f9708040690qcqf,0,0.07830247016256492
21,9e9270c06937bfa13f5b29e737c3438fcocyn,0,0.004246112627555167
21,b77312a06d10e22e3caca85fc7fe0342b2adf,0,0.06899215459402237
21,cbc71ae3c3690c89485eda3f08b9bb51rqrxz,0,0.0464095089956478
21,c6a49cf5944626b45425712f9e19e91d2nyh7,1,0.9890774803759926
21,060ac64ff78ae62e9bc697192cebea333760p,1,0.887638223936395
21,de8943f2b113702c98ef695888b7d0c6my29p,0,0.029204586915031885
21,2d113999234e06201c0940286d405453wqjsw,0,0.0050420481982593225
21,fd1299f1343236dea07bd0ba5f8ca220csnv8,0,0.002526904578791154
21,cc78aba7eb8293a1d70f083bd747fa1450906,0,0.10897990390259947
21,d2eca28cbe0a3dc69715d719c6958faaaqx95,0,0.043515005006216745
21,bbad48cdaa604c1bf40b59120a775794rnlg1,0,0.02320018162693176
21,8bf07d8631a2808f2c869e27afad2d41swgkd,1,0.8999769707621179
21,e2554dc14d54c3b7be85c59dbc1425f77qv4a,0,0.029204586915031885
21,af5d33f9724b0e8c1f875406c0556d1e6eotm,0,0.22252171015981217
21,1e050a096927d5b34f4a85d3af28d30eybsaz,0,0.026049811917697445
21,a9bfa54aef505d65ec488d8984c82a7bf0fjm,0,0.07221931863919465
21,d4be674fce23aae81c4cb946d4fff8671gxtu,0,0.004421098533030919
21,3128932859bba46f57cdd19579c42e05lif6h,0,0.006962626244757815
21,f05dfdaa2f67b190f3a79a5a2d5daf9coikow,0,0.029204586915031885
21,9f60e1593604631e10ad2677c51055c6mv205,0,0.01260784617421941
21,ae817305e82b580f9ab89f1a379488e39il4q,0,0.02369124029529619
21,3d48d4b09fc7559bb6c129fb65c133808brgv,0,0.27233771081267627
21,ae6758a627a111f6d6b530b0154c429566o4k,1,0.25356196509308876
21,1cf0d30e0bf9f4a536b1fe16ecc26cd22j50c,0,0.1879620013304054
21,3bc8edfa1995a99110b957ee98fb5c76nkl7t,0,0.702574045375748
21,89c8eefbf6f83543ce0792d1e4b86057ti16q,0,0.0032951836808778113
21,403640a20dbd2c4bf554e558de137deckn70o,0,0.021822615705944116
21,d2fc5291537a61882065e571c21e796975uy0,0,0.002401505699027638
21,46ceb58fb7a57d86a26cfa154c940a8cuktu7,0,0.8011690671295191
21,d645e4b8b043a18bb1c8689572ad4fe16q3np,0,0.002640544938678409
21,0cbd01c9e8cc800aabd3b3e4c618f9caktfgp,0,0.7643601990620855
21,ed5fc53d096bcf1b86c30128040e775334ut0,0,0.03620296793250266
21,0c57d8eaa2708b768416ca91dd8daa2cqbl31,0,0.0031791750018015873
21,e4264fc4dcd5f917ceb002d860441370s054e,0,0.004109470946452466
21,abec779131ec6bd32f5e32ed0f274400ekljo,0,0.0044867643460250115
21,bd0071b98d9479130e5c053a244fe6f1muj8h,1,0.029204586915031885
21,5920a92dc2b65e257061017a04eb5361tpa9b,1,0.8808516439649509
21,0a43de0ab0a7525fec59ef4bc1dda7a2z9z69,0,0.44284071334012315
21,8acae9b2e5454fbd92fd0b3d79fe89ad6w2wp,0,0.0021267646506836287
21,4c67576a6f30a158d16d790a7fc482b0zqxue,1,0.8834372316084153
21,86e50263881b0d382b55777185eb648aagh1g,0,0.7878200557572256
21,1e3642857c10e72cedaf7890e3c07bfa8ibzv,0,0.018006130660174546
21,45fe4f0fb849e7195a1efd5495d1285f2culj,0,0.0024863024794362907
21,bc3b92a81586cb726cbf4d5b418fee41o20sj,0,0.012020264933217322
21,c59f4511da2e8dfbf02668a49bc391895wk3u,0,0.029204586915031885
21,c8d3fc73c1a41bf92a5e4982eb6cf78du8gg5,0,0.005350794543375565
21,d9b611dab3b5116f761747fd3166ecec80icg,1,0.0564253713225876
21,a2933e33896035761240ef5a62477779jf7ny,0,0.12623083185851428
21,7d8d3493942dc13742444f28626c5839axjqd,0,0.23457956091384494
21,a2b4df001b0e40a398f6d4ae9b316c0eix5bh,0,0.0035160389440063154
21,aea096a392f55d95c3e45251931e9755a9t3o,0,0.4732909278341006
21,05ae7ea9549ae298bbbc8002b4229392e0ilf,0,0.0012891002348948155
21,4d6580da346435dff2503c55ee5e0cf8wbkb3,0,0.9679678354765714
21,5720c8d7bc15b94037cd75ff9496a35evugeo,0,0.8274726676015028
21,a5fb60c136b7e0a6d0d6e27cadb2a797225r6,0,0.025724358385871945
21,b7630ee9a73e7ba6f11f7717b7f03ed4be2hb,0,0.37720783754089954
21,0bf6e0e5184b3599bbb4ba1fb3a43549ije34,0,0.30065199419311733
21,e9b27622a64f2eb9dc7559d43bc45e31yci23,0,0.012715153800394322
21,84c7bbdc12233f88f35c2c3b8f178803ta03m,0,0.004092500055841107
21,c1624207d78346c3c58cd44f3d5472fcriae4,0,0.0026347307114859236
21,b416bf88dedd6ccdbc3a2146524500258qdzz,0,0.0025560517289502606
21,99ca795998fb781a42d85f1abeb50482yzffz,0,0.796727680779789
21,2fc0efdb6ff10d51e3a4d979ee52cf07p4068,0,0.16851371682396887
21,3cab5bd983f5be9c16789b6c14bae982nhi9c,0,0.1405509894417786
21,3df41510a5044de5438015f37dfa3443bt7pp,0,0.015035013529928302
21,a6214d8bf07127661f322afa7c8dae91ypizm,0,0.001994536949599117
21,4444bfb455b90711234e0c25345abbaddrt0x,0,0.018006130660174546
21,3043fb0b4a1904222f640107f84d6f799tves,0,0.005709731853550976
21,8215dac41ad35a074c93bfcfbc0f908chlo5n,0,0.0013515349440536512
21,f3bb3c26162cfc1b8c3636a7ba126010na3n4,0,0.007718724420680279
21,78a444127a896122678835e12ef507deh01hn,0,0.01383424268019605
21,70c31e8b3476b953648fd4f8775c1950m1uz4,0,0.004863387800653475
21,fb81da0790d821a22617d748d0226540ylrj6,0,0.3075925381107715
21,ab0b0de534bad49af05faa626b88389cmjj8e,0,0.055090135835972054
21,a13da89a3a54ac9b4ced156542afca5ddyumw,0,0.1405509894417786
21,74ae4f7b1692dc42622696303d9d4d763vksg,0,0.0016322402177133845
21,93ab2dedd76c1859885cf724ebcd987c9ngfi,0,0.005022304172034276
21,8d638f6da12614d6b369249410c3d278n8qme,0,0.15091156453746657
21,9d1506d6779356dda24ed87d41f3be39yn1rc,0,0.006231390427943274
21,6182daa56cb0623719228c9e576b71fcpg8r8,0,0.1746884584708087
21,36e2e2f32a3872d3e958c0a58ee79bd129xdy,0,0.001105198944261426
21,d6517684989560cbb0da1fb2f5bbba9b9y2st,0,0.03175072207506864
21,332484ddd66b9a3db89ee68f08b1288amq90u,0,0.005042067171589503
21,ed5ee107143980558fae26c1b5c7b81a82spj,0,0.009310939264110198
21,519c0f3b989c8e1781e0910f685980ce15wzr,0,0.006005515092044742
21,37702159c6cd2c1a21cf66600e96cdc6rdbff,0,0.06899215459402237
21,8644c9765c64da22776cd67eefe0f498u3aaz,0,0.014222009648681599
21,98ad4163bb0b1abf72f165056d4bf1a1g8ekg,0,0.006732145279193596
21,d3920630f4891b9ef1a8a199ce5c830aua4yi,0,0.5540785246883708
21,42e631af9bd00e5e816f08eba3b102d5ch576,1,0.11091695916777317
21,b0973e698b12fe51ec2f259d924c6098rasmy,0,0.0010078131054297385
21,58f590a56f480589646d255d570b0877zcjw1,0,0.0044385578524215935
21,1def3e23e479c9739abce6b3518013d39oejk,0,0.09323768372565557
21,30da67f34e3cc215b3bdad588410fab5655fx,0,0.27233771081267627
21,ec3b2ff6f725e847f93285bc9d2b7b3dvcd4u,0,0.003797595847753237
21,6429ef4aebc7d1f4027b31a6e900d165nqvyz,0,0.0019561554941162477
21,2137e2626c568af8e56bfb72fdd5b9e19qiyt,0,0.0070308086277029395
21,b8d88a1167ab74ba64fd6d9c83308a6d4oa6v,0,0.010868857440904043
21,90fd7b3c991701dee376daeb09a0a5b7kawse,0,0.006107672297424355
21,8e0462410d727b34290fec10fd5661761yc8u,0,0.0007288406759496392
21,bf8de839c1a8b7994d19049667548e4ewchpm,0,0.0014478476628958068
21,5771ce26e8b0fcbe7e90106955638b251qj2w,0,0.08130430215886526
21,9fbfbd8a57e4d4b18338063ffa43f1bez92lt,0,0.006870979720960319
21,a06311ea45de34bf667b79a92d13c764i6aiy,0,0.6991378253071225
21,d3e1891edac2851f6d34de566802cac8m8dn0,0,0.004138257335632285
21,3d2608a892e44dad3027ab55bfaa0b26r69hy,0,0.16239485492790168
21,53f61a2f33e8b07e49da643af49884782vzdu,0,0.002030836189234722
21,80d8e3bfc8a2ecbf22614befbdaacf5fo6o5o,0,0.06899215459402237
21,9a5fb8e2e5add29b006d789e4cfd1513paga5,0,0.06899215459402237
21,e90e4701234b13b7a233a86967436806wqqw4,0,0.029588782024424793
21,1d69e006699adba0c79ab06f2f622445nuu63,0,0.001838544869571114
21,d127576e329604b576df0a3248cdcda3279td,0,0.07547307114355127
21,43295f805d813e816fee438d9a394bc4o4of1,0,0.001338993637827506
21,bf6f2ca50a3a6a3113681e754307aa4ehnd5j,0,0.003599853812307524
21,8c3631460a4d25d2b21b1f92ebbad752a19ww,0,0.0013415655999117274
21,3272e16da807a75a987e26b09bb2147by1mxe,1,0.97386533342262
21,a71f84e476d03bd0b25d45e44eeed9a8efehw,0,0.15193301443470072
21,3893d2c62d59c232112efd332bc342dap8b4j,0,0.005559847341335668
21,100d406b638e84e2da7c31b03100b874qiay2,0,0.03304120161317814
21,ffc4e2dd2cc08249f299cab46ecbfacfobmr3,0,0.0007606834838345993
21,d6fd864297177c38cea65aed8a45fb7bbp2e3,0,0.4242231928736462
21,a0420d3961adf890fccf4b43899708f6h40zs,0,0.08222081055187122
21,78e59e188d9780cb8988d574f692ed343s129,0,0.006608169427502559
21,21c5f4fff051adecaf1b080fbf910ca3dvi6a,0,0.022923896628034266
21,98e6dd2906ef1f7c13284a309f6b160cb2ujz,0,0.0030836576593414548
21,2f9a7b01fcce94499a59aebfac98fe1ezsk1y,0,0.002684780436907174
21,7a9519ae09e328b09d18473f96ef075fzrs1v,0,0.016740630895782444
21,1df5be644b8963750305092eb8ec878ayba4x,0,0.7522260786318661
21,9bd2d79f328a5afe815d5832e521aa9187q2j,0,0.2494115670592917
21,5c2e85ba72b9e9e16f77939fee7ffb5eivaqe,0,0.0013476876275253017
21,02cfc97e8fded77671e71e1951723d5fwz6a4,0,0.0013909932686491737
21,baff2ce04381eb1bc4747d557bf52208vqmby,0,0.001116372026653387
21,fc870f3872dd5e36e4dfc4ccde28cc930tify,0,0.012268859969559304
21,25f1a9c0c83eefedfc2c1589e763c2a3is1qy,0,0.002146606943623694
21,225716d7bdf8f90cb4a4b779c663cea5j9sqp,0,0.012020264933217322
21,4579226b86f3ca5b5ea1597efabae4c42j4rw,0,0.0023335280336820867
21,2b2ee7d0ebdf910833b5cb173c567881jt8sj,0,0.21380562331745087
21,4cd52ae88da3e30dbe01da5048151c98p4f0v,0,0.7700054870470943
21,59d96b423ea3ed56611686300b681f3defm4n,0,0.035450411540008456
21,e833712b1e29ffe74517e2dadcb4f2d1pt5t3,0,0.054262943723651744
21,25f59f9da43b6806aaa125fa61974591sacso,0,0.003085334412241198
21,45e4c7fe66077b5b7b338f19f476f9d85jlk0,0,0.006331047114600948
21,ff181014a0d7bb534fb9a35f22e24fe72m1d5,0,0.06472706154820497
21,88acd2e23ea6817d9d9fc28f38a8d1aftqssz,0,0.011604781804763344
21,0547dbd3ecb4a293913f138d60b586fdf4ane,0,0.934928349307717
21,6cfd573a82acda92e8207745bca28aa7lqjcm,0,0.009149666126009653
21,68546847f11f6415034b7e2263e8ece62p3ud,0,0.09423921894028539
21,7b22c9a323baf4a7bc7a3761e4a30bfajixmt,0,0.0045532874241938515
21,e578807073c57556ce334044382a9b98iaz6o,0,0.06899215459402237
21,d810a7956e4d9fbc246d585ce84e8ea0750b2,0,0.0017238504575607676
21,041d869edcadf595b90e3b5248903183pn754,1,0.9594023978418119
21,2366cd7cf3df530ef4fe40b36ffb936fyn3rh,0,0.022249831816884582
21,c41ea39b2e13b0fc9ccccc2546f924f1obd0w,0,0.004672985735220843
21,782557b3ec17063f2a36fc9193ed3200h14me,0,0.14451691508264916
21,e783e5f6b818d18eda4065282022ac23jd1fw,0,0.013183212794661505
21,a3ef8289a92196b07e2e7371bb111e3aom07k,0,0.0014961851570943205
21,462df7ecf1d47980dea6a93d44fb408d4u2d5,0,0.028420923850505535
21,5e3747785e44d85a41a74470c051e946x01dp,0,0.1405509894417786
21,2cbacd5b066b7dff7e0a87e1ef00e0b4zpqzw,0,0.01933978977458437
21,7bad0fc50ac7d249e0a3d8b83f68e855fcnxu,0,0.029204586915031885
21,6326299ca6a53277b2bcea07bd0b4ba8ktbqj,0,0.0009192743798157382
21,96f31c5b3baa8704096cc8d4301b4c96i6fyp,0,0.033944011194572174
21,10f01aff2fc23653ca7ea1d74248357a889wv,0,0.005022304172034276
21,8a27b2e29086c0d2e589053537e88393zsyr2,0,0.06899215459402237
21,c1850964c360c9159e5d1d0b6485e210s6uvc,0,0.0043767067548747375
21,5c2d250afe88df6e4ca3ff08d991eb67s5erh,0,0.004950596800706753
21,783d5c219ff84cc0517f59a39bb98e18st85m,0,0.007492316855345533
21,031da7aea2d4b75ac8ecba4825bc1318yki1d,0,0.002730177416970879
21,958de49cdd870198543313fcf574d7c4eutrl,0,0.17742587681140512
21,c8f537f6bb0aa2d45da541a875f014358qm7p,1,0.04424675468971429
21,466ebf78d7326a38db1e19fdc1c70e9b1qu0z,0,0.015434761886691805
21,9a44bfde11a7b6ade17cd33a2b5102fcnlhm7,0,0.01223400433004714
21,29013ddeb60a18f7d3bf9f3aaaebae6c8651o,0,0.004551409298841987
21,074daf9a99b01591cb0637cb95c32600roriz,0,0.008280084242215097
21,63424f85cf53557fdb5dfc6a280af75epl45b,0,0.001265279841882791
21,8c09f4afd78059d9200cddc435f5c48ceph11,0,0.034944927790977985
21,93e3c34171ab65e0b031dc67461e48b478u36,0,0.0021765111639710276
21,3c77ec9f79f6febf630325ef84f2a0bcl3qg1,0,0.003831810654621612
21,a124589b3af5a212406c0306584a9554fazi4,0,0.00394588761478879
21,953e01bab9ac8786b4bfc77d183732bbqw6ng,0,0.09335323004422848
21,820dc943d26965d377be315497837bba5iz67,0,0.0006602066795453656
21,0a09adcd35b5f26d75f251006affc747drfu4,0,0.08009835494089695
21,e61c14d66cd5693d93cb0356d7f444ebinx9i,0,0.23581489240584433
21,664adb319c2be43104b6565a8ff293dea0f01,0,0.0011814621112564215
21,950aa0150f419cd6361bd3c500e6e695xfljo,0,0.007251820495528104
21,8c939b6713b7881538cb05eca89cfb1cw1lhm,0,0.0011817755387616357
21,874f882f7efff96263e9b555415aac36dsxry,0,0.0020960285069710257
21,01c1c7be49cd6cfbb9075925a05c9899p41va,0,0.0025608985268761905
21,737d19fdceb065359c77b81d27053c4e5quiq,0,0.1405509894417786
21,c8b23d6565e11d874e221f41440ffd25mrucd,0,0.1521479808835673
21,bef84146ac1e2f21e928e06ede1404793bfnx,0,0.0027155042790542815
21,90fe8d6fc0bbe4ff2ca7833fe51bddbaaibof,0,0.26764071381445786
21,0f8cb1baa83fefac10f885f79149bf13kn4nw,0,0.024992371830339737
21,cbe8d224a38ccff930674361b502e7beyuf1k,0,0.004998655492836669
21,8ab98c1e6cbfb902af4e02050a886396a40bg,0,0.002669596896300534
21,7ffd9b7b795d9335153d481fba4b3076plrxc,0,0.010959051259730722
21,bdab2be5a94c6380c60b902310cbe1b6rs4iw,0,0.004147926776258639
21,55d9cdc3af85efe87b2a6f22a2cea96ezy2ax,0,0.004827712032209865
21,40fafe756c4695b32df7d19d4c710dabvzr79,0,0.018006130660174546
21,34914d163517a0cc4f0c971afb2352106vsvz,0,0.0064556163708965565
21,fdf908d608a629d5ebde14819231878dojel8,0,0.021637215599998184
21,2106dd7866abbfb4e7c68067d7eb9bebflq5d,0,0.9119389362474785
21,c9416e793bd0559bca3ad4a5194d4cd1k8eyc,0,0.0019397093361771085
21,92a63dbb8323426833b944a4fc196fe27pzha,0,0.001921442292361075
21,24a32bf10c4a5d4d91c27da4710c869a0nqim,0,0.05390128575984607
21,942563fa6695a4b2f76ab6ff3bd58030i75z7,0,0.029204586915031885
21,78830493a121b8b6917d246ec73ccb4anwocl,0,0.4916103911142292
21,64f6b099082e4fb2e8da7ba4ae9abdead2cej,0,0.003555729325995124
21,81392b54fee8e50ec74efb27cf0de8e32fdm5,0,0.0016848401301243496
21,1275d8a6a3b2ae9d24b50997397c254cpuuzv,0,0.8482809315556553
21,0918eedd8324da06abe5600f058480dc75nfo,0,0.0012457025308215204
21,ce7d34398a6d6011bcd96ff0aa82b6674hxzl,0,0.0005189708990287171
21,0f3ee77a46dd5a09ad20b7c3e54ec614sbpvb,1,0.07464836293219804
21,1a09feff347553a2577983d7c742e3d6l2hfo,0,0.2418621877636565
21,70739399d69a3b7ea9e72742dc728742zp9uf,0,0.029204586915031885
21,cefd0ed907595de146c91e6c26b8ad658ilo9,0,0.003473845350852039
21,44bc1c87245aac66d176620f6ac9611ddbcil,0,0.0018645277008319588
21,3144ea2711bef53de88d89d71acd16c5q0bzh,0,0.004810542866088602
21,40f2eaf03624a31952397644f1b79a6fvtfjf,0,0.2126070384740607
21,ae9e482a7f4a625a878c6ee0eb4dcd01dkm6d,0,0.0034404059829467454
21,90953913d629a03e27590d0d0f64456601ktd,0,0.10686600976128052
21,f3d3c913b225bc6cdb98c60f0936f7cbj8k3a,0,0.018242038120652573
21,eeb7e43d894af9161f84692f2bf9570fdryzr,0,0.27233771081267627
21,74582963d3774699f4215df7f2d17c1b6b4pn,0,0.001994536949599117
21,3b8320619393a6f6bf12219b61cda688k4w4e,0,0.006767721958360734
21,4aad6f0ffe775217e4ef8c91d69707545li52,0,0.0006256959857054603
21,caa74df2086d71caf6c1b2b9c81d3d98xhpv9,0,0.015656329576076156
21,07012e0507b4281d430b93ddcd96cae66und7,0,0.0005319052212618466
21,fc48aad7a51d965595b59550e08b94c670k7w,0,0.06899215459402237
21,4b72cbc9d9ef0238bb666feea6d79e718qry1,0,0.10836705175616758
21,120beb4523541f769a2b658cbc41dd57w7im7,0,0.002286764260863726
21,bbd1d48ef4e8e7e3855938755275ad2b2le9g,0,0.01737503089847467
21,24db47d284a08aaf119eb3e0c45eb646i46j5,0,0.007654373420283623
21,0446457fc8e21596799158406f77b14catx8w,0,0.029204586915031885
21,8254276e772450c5365707cde76efa4cwuzpd,0,0.029204586915031885
21,dfa7ead5ef84eebc79c67d3daac340b0exa41,0,0.003942755212314395
21,6c2488ec88e02bb38920200ece7d337e0bffy,0,0.10836705175616758
21,e72d1b2319a2ef39d016c41e4824b68evxe53,0,0.01757649150432528
21,7114afc59caf2cbaf6ec1733922065f3uz34p,0,0.005427060402646177
21,b5d61accc925a0e86ab7274e1ad82532gb1w6,0,0.3112123631671093
21,53d9e7fa087a0dab6a472bfbfb694622jv072,0,0.0039763743556539095
21,eace2a2890644d703c619fff7e41a9a16k7lf,0,0.004616073206682408
21,681b4f9dca9e70441fca4a58c05b0f50skmir,0,0.0003504097505826095
21,2f9ea407ba48ae05f98fdf634995d936xefau,0,0.6699580757249746
21,49f4481b6bc2255e745ef20ac2a720754r9mp,0,0.10897990390259947
21,f5b2bbad20d1d7ded3ed960393bec0f40u6hn,0,0.23935277125485296
21,35f822bee4f85d98d5b1b23c65681974ywyuv,0,0.0031725473337439153
21,8bc2a424939c50eaf4a652e253421b0f9b0y9,0,0.3428169665597717
21,15b1e719796dc894ecde30f160e7ae20hrmmh,0,0.08423426985183655
21,caf32bc98f84a47829e76ffe104371f6kphvc,0,0.06330170146805154
21,5cdd665a22747394620c17b7753947b0xgzhw,0,0.021471932471062893
21,a4e83190edb97fefdc4a6cbfd00f41fbm7c4o,1,0.9467043640536743
21,86e888c2dafacf13580a1211abf50961w6foa,1,0.4420604628767684
21,c670e7fb466b09000f1053d2761752268bkfm,1,0.12419525882413911
21,98c12418158dfb9494af01308ac2d0588gfw2,0,0.08570759472737854
21,bbf1dcd2f0100fa90e4a8544b90e35846p5y0,0,0.008532422622705755
21,a58ace8b671a7531c88814bc86b2a34cf0crb,0,0.4445267522667488
21,054b51d059fe981ca8cc4e0d4c49aabb5mck7,0,0.055513885939308026
21,ff4e39c0be8af4b17a73dcb761e4bb6dmop0m,0,0.0035659958662288467
21,01f498a0992d280de63ec346692efb2blckg2,0,0.6991378253071225
21,964028ac24d4ca16c4b63f64b06df1c8ltrrl,0,0.0025523794662362267
21,70db4530c292bc759238b8306ff4ebb6n4l6t,0,0.0034893670355246958
21,b4495464d4503ccb8e696994059983c89g4lc,0,0.0025271057799566244
21,4fcdd880c4e1a1767c4d26f74bb3466f11osj,0,0.018006130660174546
21,4566ae63ee93ffc6b000b5cbea7f6a8ehbg00,0,0.014114682420782872
21,08a588ebf7b98f44f8fc695d02adfa25x0amy,0,0.013710704774918134
21,c1c22607e7899ada525b74e757d248ac2b8ac,0,0.029204586915031885
21,9d8a1ddb38499b3403a6a93395ef29bcrznni,0,0.013361808069471457
21,120c8b384858420c4e46e354c86f4ca393w0i,0,0.11433635827376533
21,022ac3a7ce986049d9a4bede83ccf9ddctvg6,1,0.9897974454999123
21,222d3e39d4a292d79aeef4c04e52aaf24mgkb,0,0.002758775647455053
21,4c93ba564461b1412df6f033c8ef71e8ck438,0,0.23716574583316166
21,5db8eed67a7b648d1f2173b665b79de2vwdlu,0,0.08222081055187122
21,84f06d2c69695fe24cd69f8a1aae21a7kozbn,0,0.0033459875855809725
21,9f34ed261596a1114cefe81158c5617biq26c,0,0.06017663260408581
21,ad228143392ba96c21bf51499bac1c3b3kmzo,0,0.007213163347216834
21,9f2086ccb71acd84652f861517d4dff9du4y4,0,0.009234471877158158
21,e0fecfdf4029d9a91664e703a178397718lyl,0,0.0054525767715777156
21,d1200a75b6c05584f4f902e74d3dead76cj15,0,0.003987726637171071
21,d81579750b388276f2d8f6d80384f499n13l6,0,0.0025435645730064434
21,4070f6ad5da385ba11cc99183817eb20h69v1,0,0.004113999813008565
21,0381a69b7a061e9ace2798fd48f1f537mgq57,0,0.029204586915031885
22,624f258b49e77713fc34034560f93fb3hu3jo,0,0.0021936331036592456
22,1c5f4fc669099bfbfac515cd26997bd12ruaj,0,0.0001892675619466144
22,25558d24bca82beef0f9db4ba1fe2045ynnvq,0,0.002125927170938019
22,88ae7a35e374a6fddd079ebb28c822eeohwse,0,0.006233674918894407
22,3f3a3705be5ea07b9ba7ee646ed756fbssuo7,0,0.0019228889200282372
22,6e4d22dbabcf2eaae5689c7d155e1c1fev15l,0,0.00022836702127346665
22,25d75fd439571c1d9b946f5ec833786063vom,0,0.0036738732536534314
22,b37b352197594dae96bb9219bf59d656oz79f,0,0.002167247334020493
22,d878560888b11447e73324a6e263fbd5iydo1,0,0.011476258968730734
22,c748f0d69cc89d5812c9fe3a6413bbb26351l,0,0.00187312135565152
22,2a7d1f9483d34546c4d099e36e3a79790qvjm,0,0.05403397635908585
22,5686520af5a4215a239418fec906f88e4she5,0,0.0017750518391209391
22,72bc07c7241e1856ba31609d11501c91cswlb,0,0.09328259435827273
22,bcf95b210295831ff6e20db3a570f909n3q25,0,0.4563971538585303
22,ef24ca4be7ccbd6ec68d4ea9f47c9e8ex1g09,0,0.001995737619114004
22,2307bb06855a6fe75ab56ee6b4a3860835di5,0,0.02598367276320269
22,af98b7d5a7c1ccd2968252a2fb1c06f69igbv,0,0.0031184546712879385
22,6ecd9f4b332eb790dc933aea0a1528e2qkp4y,0,0.004814632784497488
22,4c4431ec9b6e683bdc5a3118d5140105r1nas,0,0.07900249017980192
22,1cd8d86911413c73e92ad1170cae68c3pocsn,0,0.32270177216043244
22,cab0d4e41ea81636de3bd3a1800d8da8x4yca,0,0.0021972392393773553
22,53691811bd992911edb9f5f64f49d8f5luk1f,0,0.1519484475369293
22,0cca10034c58287ee6fbec14a3f96c3546sdh,0,0.006218718412442998
22,7cb144485c703ac09fc73aa646041f72ogqwv,0,0.001476365928834822
22,21580623ea81c5b0b82aaf74890218e5mio2z,0,0.11239346566846078
22,806a46eb814ec7a09bfffcf38b0763d344tc3,0,0.00346649921724437
22,758bd601d6700494300ec1647682eb34vq1zp,0,0.004302392626696167
22,bff9a98b73f2b9a01300d3fd3d55b16b1190o,0,0.0011081356020033026
22,915ccac760c7359a446100fd1a54bbf6oyrzf,0,0.004907784676647623
22,47e0637718480102d235233c83661a7850foh,0,0.005309579484805731
22,15972a431aed117840dfce5556242366c3fwq,1,0.5067340684748166
22,9653f425ed82418570fbca890f7032b16sjjd,0,0.0005832465033014572
22,671fb1e314a1f480ba9ad9b5a1cf6a91w1k2f,0,0.04153179348922064
22,91d9b706f63537c5fc0027c50b0e3b06qpdgz,0,0.010909548118231515
22,8d43ad48f315364be4d979d2e9d5ee67quqyi,0,0.008422424828100166
22,dd661e2d6e79a5b3e66c82373d50f3ee86k85,0,0.0020134870984834263
22,520b616c26fc47935f6bcd5ec063eaa7w15t8,0,0.0023949429334430674
22,f186d292f4e83f70a92c97f92993f655ygqzw,0,0.008541848380594715
22,eaac863aaf84acb7529462118e7953c3oeky6,0,0.006761516202286288
22,ea0e5f7d93f2220a62bde8067f26daaa7oxgf,0,0.004947819968400748
22,4741959d26f99012b8a6a3e3954eae40hsy6j,0,0.021669580611919703
22,ef9ce9b85309d7d1044ce57055705bae8pqlg,0,0.0018858875735979018
22,33031f476dec19fe47c0e3a051a68e992hmwv,0,0.088629150808506
22,2918b09c1ed9e9e8602f85175b266aeej5v6w,0,0.0010184168946486645
22,50791a0a98478b7f78f8d30acaa4683dxab5p,0,0.0266117669509027
22,4679df74080bc22e29676bddc5bcbf51gsyds,0,0.006977770724336952
22,3d8cccb637b990ec64d662d66ec059cfn1p3p,0,0.0010005601868274812
22,7dc423d0bbfd840fa0bf75203cd7bcee75kmh,0,0.011728055472300335
22,dfd5c9157a0a771f235c32f30aedbf84e2552,0,0.008979794458949314
22,62ac0de5f8776ca1d189297bdea9a64cmewb9,0,0.002227528948180299
22,1291b98e40353f77928e363d54a13c569bhfb,0,0.005839703718925893
22,0565a780f2c5b46837bbe9739ef15ea92fdu0,0,0.05734757058840202
22,42c407eb70ddacdcd59d63f22caaafc4fa0p2,1,0.305566858917531
22,96b1df591dbbf3a002578574671d9ff1rmzev,0,0.0020134870984834263
22,81a6dd18d43cb3b1999176eea563b438roe7y,0,0.05110624475266696
22,6aeab198df208f8628825f7eb3ec3701p2ybk,0,0.002569968917588952
22,ff12cd48c7de8ffb8b2099f262ce03980dqqz,0,0.0016932220537200042
22,e0544483ccbafc4842cba7650677d043n2e5c,0,0.06507046566898357
22,d2138bce99f535c244dab68652ccfa2enshxk,0,0.0020134870984834263
22,97b002c9936e63a1fb9994a67615e84fft019,0,0.003311426039752043
22,9fada390b6c53ecb47e6f4eb4353e14f01xu0,0,0.003157089201247827
22,3d94b376bae8dd60eea48ded36134a3962glw,0,0.0032025797773740927
22,c69e65de28937ebe1b94e7785afd94158thqk,0,0.05467911886493558
22,f0f21cd3d51b7a233988cb1c3c5df977zjqkj,0,0.0006711808435318598
22,47c5cd21a74e45dd294cdd53041ec0a3dw3ge,0,0.19489735498733174
22,e22528ef6a439aff5a8b19f8c9b07c19fyzs6,0,0.0043189341909096665
22,d9177cca9a1bfe3478cc4f11a0d57de2p8ahp,0,0.021669580611919703
22,187636e527504df29bf42d4a2b7767e54bgv7,0,0.0020134870984834263
22,334714f005e994d46cf4d18093dd4d05fyxc8,1,0.19846421207003054
22,10c1e1164e3f8298df9a35c891f67babiycsr,0,0.0004620784094590868
22,7b5bd948eb1d8075be58ec9240927bb59ugz3,0,0.0003861115282160928
22,1e1c9332e90c1cb0f01da223bc043c528cvwo,0,0.0012985280492861908
22,9ca41c3c062146a06d2682835f5136807yao2,0,0.0023245534689686578
22,ea6c07fbbfc3f0e549701b1e7b90c4d21zfjl,0,0.04815025092421757
22,72994bece8c918a2c4c432b98780a7bdsctwr,0,0.001314320813977918
22,0b450f2827ec670da34be66ec2a520213xcuk,0,0.0012488742595067979
22,d65c538ae39fc1a7e0677583bba5fdc6ax1et,0,0.42053732195065
22,55b39a51c925bfb42fb812ebc5fe318emsjjf,1,0.622073910323736
22,5c725e840bcc103bb8d12c54ba9a0b37blxvw,0,0.004636851009070816
22,6ed7b95dcea7b359248e9efce91cbb11lm7hf,0,0.0185797935478745
22,79c18f0460f9bd86bcfb25da96d91490jfuxv,0,0.0012925839795214446
22,f18d2ebbd5e48ef4f1ee412339d6ed7adr9qi,0,0.0003436100054486127
22,dcac75b5ccc362a66e7f9112f033bdebchxq4,0,0.0010238569054066653
22,3d54d594ffba32e8d6527a688e7227e30iq3k,0,0.0019428884903724963
22,e67abc3ba39537cc640678297a7c5bfag490k,0,0.07023005984641298
22,57e1892d3d62d87c9ba5e8425a1958c0fn11u,0,0.02598367276320269
22,2906a20e0b4f7ce840d051c4be898b66do6wh,0,0.1807843625277419
22,3961434cea4339f0049798fab2bc73aekuxjv,0,0.0018046863704385748
22,8b809e18804865ff2a2e799c9a5e8a48mtxdh,0,0.1672885823621696
22,e1fb642deec7b382433de94983d97681o14ko,0,0.006273435026277627
22,313ede314e2e05c31471fd6a93f98af713jud,0,0.0018084768576326492
22,9b51afa3c3a736bdf93bd1f2a7b0a0903c34w,0,0.00878151729290985
22,66513f72be85596a527f9f653db3cb72cq4jg,0,0.554402875465783
22,5b45b150b6b683a98b5bc19c4214f44cvzru7,0,0.001613718630045479
22,3835e3bbf9a17a33867860a9ba19621dp4wdc,0,0.014645310909747649
22,c871daa6b709e008825b667b05efddca04jbe,0,0.07900249017980192
22,644e284380171fa793695a91b6a12c28jcwku,0,0.01670815563602705
22,c2294751630e49a4e594dfd89383b271qzp0m,0,0.178183626832997
22,85371e59ea43c33c7e481ba3c214e893ail7f,0,0.0012412196959533718
22,20d08c7edbcb4b4ac0214b664ca5bb9cprntj,0,0.0008470813522816432
22,d8d90875fbcf94c3b4c5c00479cbed6e1mqrl,0,0.00016784500789299994
22,2b72d702b44fd7dd58062e326fd8e4779j8mp,0,0.01745264386380239
22,64885ec89a54c64598b2d196e1fe2e351cd60,0,0.0029367634932887434
22,cafa845bd657b17eaa82940d4767d9dfe9uxg,0,0.04850334859788694
22,2a4654987b59646a120ac74301339afc4eylt,0,0.021669580611919703
22,a6e261c09ae8aa7d0a47ffeb0110aa519jowa,0,0.13506854563810286
22,45927dd51fb4301c459ab96d48f64752q0o9e,0,0.0007947069224107901
22,9ebd57da79b9286fd67a53e61528cf63a1w6c,0,0.0016726528483279486
22,c9fbbfcc89730e961499b4b30ffc4a98umxko,0,0.0021237768790104477
22,5e8bf58291656ddd5fd2f71825565446aiopv,0,0.2045716140704671
22,662b66b1227816c2f9017cadbc148381alne2,0,0.0017533137182663716
22,0870fb7e5701f3ba56762b03e157afdc1yw7u,0,0.6033423554152109
22,876b122982958678f14bb25d887dd79dun3qa,0,0.002738888248681368
22,8d8f705595701b921012777a281a553622300,0,0.0020538457117951435
22,445305769cbfccafc89ff5ebd004598einesy,0,0.09339261711803609
22,9f793ee6e6df7f69b5a5acb4e13db0476b26x,0,0.07661880628532308
22,0318e0a173f7c65db40116b903884c854x258,0,0.04010801784608999
22,6767cffbe2c0957492aa451560655be3hjd6s,0,0.31888694112254445
22,0853bead89b03dd38a04d84f4312da7dukglz,0,0.01114749161338189
22,796961698c2f2442e73c5195062370caawzzo,0,0.002515265626200449
22,05a07a27e235d01fe480ea6ac73b8838jq28x,0,0.009274214239569388
22,7a71e329f3f2da98a3f82e7bfcb705a0t5822,0,0.03908852178436828
22,936d542904f515ea87bab7996497b11aszyco,0,0.0032115212276306693
22,f211ff014ed43c9054916f97d6187108mpxr6,0,0.9603399730505232
22,cbe756ce81f5c420a1f7079791ed9aa2js2u7,0,0.06504290739434763
22,e0a87bc26e13c599894d7a5103fdca786tfat,0,0.06507046566898357
22,c6108e22518279361de99b3c7c298235mkoa9,0,0.0056920265388888764
22,4b3e6a8a52c413a32f76a6d7a84a54bb8gb0t,0,0.0020134870984834263
22,8ec9269ed4f5aef4584d887dfd9e595aaynzb,0,0.00041131677981157545
22,6c0212679f2439c4113386b2c6ef513e8wr8p,0,0.9394495349329172
22,5aae3111e4fab04fa5067c740329a38d11361,0,0.0011717680448079114
22,936d73a062928a362901f0e507d57b0a8rjs7,0,0.004751082118848222
22,429f301119adc32d35541dd4d60903563s7nr,0,0.053771182717275004
22,46c0ae10d60c4fde2b6301bbafecd7b8dcla1,0,0.014015906425057801
22,bc7722baf876d0735ddc885691eb687bgz365,0,0.27212786070741113
22,cf4eb0f68d47e6d4b92befd0b8fff39a098cd,0,0.003562176649778025
22,af9c96944265cf541b3fe734a057821a825l7,1,0.6795446961006072
22,a283eb484c3245e5b12b18daccc075e9g9xk4,0,0.07661880628532308
22,61a4da78a5aa5bebcb3e9818a46771766gtq7,0,0.024429708021267343
22,b1410ac124aeb5ef6b06667786feb742tijnw,0,0.007901621267898451
22,6e18a078182a21b8522bb69a822cc338in7rn,0,0.0027831800961219465
22,4c2af41637c123c78074e46a22526298vol9h,0,0.002468784125496395
22,e2bda091a91082b774d59f2c5b8480ebbijs5,0,0.0009693548908270598
22,ef905e4d866c43dbc345751e7fabe5a568kjs,0,0.01828287445080015
22,4f07602a713c192a941204b27e2abcf1srnke,0,0.00288901518576259
22,916aedb8fd708e100318969dfe57a4639hexd,0,0.07771663113422204
22,e2e14e8e15204b504b146d17a2bed925qg3u2,0,0.07661880628532308
22,0ef9be4eb3b6a03ac2945522964b242ap09cy,0,0.0028155685481186755
22,86a3a9861ed45158e964f9d004a224b3324cl,0,0.0021265801509250306
22,58c3300ea9095cf5e59e27abf2a905ce7tl6p,0,0.021669580611919703
22,25b58d1533e04571bbc674dab28973f8hha3w,0,0.012387022080011646
22,ae15accae2164aae084aef7e3524c1fflq962,0,0.01841141064810565
22,98a5197faba8ba72d6ee9e1c95d65d737sigb,0,0.0017935391555463443
22,06b2d71c26ef3b6e29277f761cd0db90wuwjo,0,0.02598367276320269
22,44c38c27b9de757c8c7c05cf07b7e3eb14qpt,0,0.22661880397892648
22,9ba7cbcf531c20ef7cc55a6da5c0654evwt1d,0,0.15896151180706689
22,3e2e03a4464642627e223fba066182d1qslv5,0,0.0011504788465851242
22,6a1d4042a5f3a3f34f5b3ea753ecce30l0qj1,0,0.006157765885038002
22,497b8beb19a7f674bc53acf7f5c7ec8cxv68x,0,0.006460251184462747
22,511a640e38bf03022300f5503cceb2cd3f361,0,0.006193222572355725
22,43553dd8b9370fbba5efa6b652d9b43ezsj11,0,0.0003016059468395953
22,6be863f26f22cd79be272789ac7e9153v27yt,0,0.02590945944563138
22,a15766d8d3d231f862996eb3ec33559735a3d,0,0.0011011076994614803
22,8ebc5b544d62622e45e1ee22a56265e0xwwsb,0,0.00705169206583733
22,d9a813646e8fae954898c1279196f5493gqzc,0,0.001535571452505383
22,3ef757c3d6a272681c69bbd7e071b705yzt8t,0,0.0023836800435468575
22,42025aabb56a61f3bea90d27b283b517dyk4t,0,0.02598367276320269
22,877d96d9abeb73e437a8ebd74abbbf45p8s80,0,0.0008496040549496372
22,85499f83c5f1674c87d0fe77838c4da793u8y,0,0.012162434426140168
22,67616fd2a1de5c46e32041354efa88ceahbhq,0,0.7557840073398218
22,5bb3c3ff71ef6560c7600c512128ffc8js7py,0,0.04850334859788694
22,39a5a16e5a67c2fb51789cea4d3091f0mv996,0,0.0011491472819280203
22,fe6ed3a12fbbf5da4980337564361710v2y21,0,0.00033076353111981613
22,89291354b0939c342be97fa58e018bd89fvcf,0,0.0003958925831993072
22,8e05310a342aec93aaec69a638e83a96aqyo7,1,0.24933448507637945
22,fec57d2db5692eb144a71aaa35a11b58delkw,0,0.002287616948017845
22,8bbb16c0a1bb808389051c875ebab1cea0v56,0,0.0024781107433039166
22,36f52ad1abfd307b73c9b69cd5197dddmmxgr,0,0.000882058355768364
22,24284d3fc3334e0adeb6bb95637ca62d6dm96,0,0.002136693232284744
22,9e25bd3696b4e1775de205d2d4698a0df4s14,0,0.0035392441925046537
22,83a24bbff5a4cf9d9fb10391102708f1oqpco,0,0.0026713899649923453
22,673650167f432c009e9dcd062cd4e9fc2szln,0,0.0010152444769560597
22,e735a2301a18772a8276aa1f17ef79efu4yew,0,0.002464300620820705
22,c08ae3075278ed0d139f00ead52ac2b0oy8nw,0,0.000523767336563124
22,00a0517965f18610417ee784a05f494d4dw6e,0,0.007026174487939341
22,f9753e9fd6e25e0a1ae176ab95c31146iaqnv,0,0.0021910084377012706
22,464506515f2ae684bd510b3a50b9121ec7v3a,0,0.039834160593905044
22,e7cf764619380e5303089f04bf647f10thebb,0,0.003889161727829285
22,a7c910e7c7796d979aa9a7a31d74a8eaqsapx,0,0.07661880628532308
22,a8c2410eb81513da23261a49135e4eeacw6dw,0,0.09328259435827273
22,11e47dc08d7fa4d1a1953b5868892f72qvlho,0,0.07330417776120507
22,6e178db6d17d21aa88aaca5bf15c2761lc500,0,0.006102823294491083
22,cc4763c97c3d7cc9116e0a51a6d1f2e82242i,0,0.0004205306045135393
22,bea63152ca4d99f549999ca57b93d015z9kyh,0,0.006836170153141401
22,d863897264a7e52d9c6a1be6dc453c6c9anz0,1,0.9774537526626942
22,67d6466d7f4a32d294196b8c16ee0b03kn9tf,0,0.08945435444399283
22,d8a4b49ed9ca241f025cdbd9637198fb71qmz,0,0.006632132979844992
22,424aed9d807cfe0b2167cfdaa4957fc0heell,0,0.007608339468170619
22,7259271b61d2f05200eb2e1ab1d2ec911jlaa,0,0.00768487468430085
22,a7bc17dfb615eacffe397be5b2c2f3a6r0bb9,0,0.002330671758673976
22,1aa485901ede7baf78ea116e297e9d7f9en6i,1,0.050769430874916296
22,4ed4760782d4e2c65bee8cadc1fcdc89htz8b,0,0.002829150443936616
22,91c749114e26abdb9a4536169f9b4580huern,1,0.02598367276320269
22,3919be53bf4bd411ba25acfdc1362b49u4vle,0,0.021669580611919703
22,9f280cd011f10593dc245dad1d93b11dy6rg5,0,0.0026943812412411586
22,3e9180fdf158409adc96aceffab6e00bejjah,0,0.0016928176964361172
22,ef1d71dde32e587e761a1b39d5b374c7gk68y,0,0.0035241877121040058
22,8c33cf751b05ca6a9d886a379a84a2ees9jlu,1,0.09360331089406222
22,977436b0a445fa555d537fbf1d4bff2e4z40h,0,0.0020134870984834263
22,c503bb79d4f3522f51d348c680906c1bs0w7z,0,0.010323432633706959
22,5e945cce4e72950e0930b2700e77fc8eq2abo,0,0.002108617807420354
22,6b3cff1e3d9398d4c125e7bcf612192dy1gwn,0,0.02598367276320269
22,daef74294e84ef6d7e009c2d51be6ee167xds,0,0.0057489733964139434
22,c749a25f3a07304b959065d83bbfc5f75u1my,0,0.002746907109917132
22,26508777dcd84df59b467a60d9f18ca1pvvbs,0,0.018872956092822392
22,f069e2e45ce316168a94b972c5b7d6b0f342m,0,0.19954380372947203
22,2540f8192e425f9fb921db30ac1bfcbas4p6g,0,0.02381813032276972
22,4b32495335dd238db6285f7c6bbe051fv1qoe,0,0.01585886655356834
22,6a31ec9cbfe23a9398e80403859f0402cg4ql,0,0.0008083068397246627
22,372bf02911448b7f62cc861074a7ac81y0jsn,0,0.09328259435827273
22,d3f595832d80988c2016aeafd125d8f072r4h,0,0.005486386448970989
22,db85fb5556f17b744938cdcc2e7ce9b5urspd,1,0.056762523353648175
22,65996114740a63c9e0fde74bfb6725b1k9nuz,0,0.0006151139495360866
22,60edf674563f85b227898f6af0386476efy45,0,0.0024137796377595843
22,f8f87e237833c3279a953b785653b0e5qka8u,0,0.03359707277449986
22,142a2545c5c01937b05ac6de9773f9efgx0eb,0,0.04040645073750869
22,8a958e0092f6ca984107ea6c3975f806c59m2,0,0.0029446011795959404
22,7c0add0ef85bb5194e95ceaea737f90fyv13c,0,0.0058023139920688645
22,c0b7161a67a0aae21788103c08eba7e9z8e8k,0,0.0032097349683759156
22,12df4a9cf4eb203909e6763960b79238cb0yg,0,0.010931601019663752
22,67fd1325fbe3cd75a110cc80b9df9708l0w52,0,0.05812560856370278
22,0496c24a6a7f593f28bf7896350e946advl6i,0,0.000837530578488447
22,a3d0a600cdb44f03d58f27b19247cd0d4az4k,0,0.005894955483242204
22,87c5fcd8d9582701469f94bff3cc415dvq4ia,0,0.0028651155523081013
22,bd85d0d7fbbfab49136c241bdbe119dbgkuna,0,0.002559136078938922
22,3c37de5e4321388ba706233d5ca4a0bfp7w67,0,0.021669580611919703
22,b7515e5f181a6d4884674897226cfe9cpd6d6,0,0.0014531489431779952
22,c435ac9dcda855341e667d440c2ef7c6nd3mg,0,0.08388664136607006
22,e587d92842526255c86d3b0d425747ecib83l,0,0.11936055524344925
22,aaa8650a6e0997e90e4b6a9fc2ddf555m5c1g,0,0.008013121192773668
22,053cefb7e952bd81d7a6db267a121747te7lo,0,0.112820912785569
22,4e22432d4a059b14d1d6a68a1feaa953k8vrb,0,0.0014531489431779952
22,71c2561141c55414618d67d1a8aebac1n0fjx,0,0.07661880628532308
22,0d9f78a6084bf15f42210bfeba95621255c89,0,0.0017728482455674143
22,92f8392be617527734a2f18482815af9ak8l3,0,0.0347753782234866
22,12c1b22ede3c23949bf130cc7bac6316ks7fj,0,0.00562528805187321
22,32dd072b16a69411ba3f67992ecc3e2144j5g,0,0.3941624358745694
22,e4433ef42008dcff761f12b9ade6fd31krdwv,0,0.005808948437224357
22,c34e1a988fb471e9eb8a5e84bb8ddf90k4hng,0,0.004026954951698531
22,8a3f5e16e4e689897d872716efeeaa0904tyl,0,0.0023575248987391033
22,a961ba95d1685705953ace49a29424e2ld1ek,0,0.0025186630085103114
22,e76154d73bb7d7b86d9bd48d167d3c679z0va,0,0.1824064433545892
22,ac2d643e0c0d3bfe8e54e5a961c6cfdb5xn9v,0,0.006111568713663117
22,afb7618f9e3fd071d4ebedf396e1d45drta96,0,0.00047809107823058134
22,a945c65b19da56d0c7358d8858fe14e8ulfel,0,0.036521082301207174
22,f8e90361c36eb3f6fbd485748e731fb7w2ci4,0,0.005325236299209065
22,88ebdac47cc2623888e0bcdfb35b692ejrbvv,0,0.0033527252526999937
22,1a05035da8ea9dead1030ccc993b5284n1on8,0,0.04176605206568132
22,308a5541e1206e126ef80f18cc29b7017520l,0,0.11444979076019603
22,c8a99985c7bf230f475a8e9be6a17d7a08r3x,0,0.001867285780260068
22,722d1147768bdb5918584997e1f677e55g0nv,0,0.004522197905431106
22,7da6a36817cf2d8c3be218a32ab25550c8kg7,0,0.003285914547982763
22,14e29ea004067aace14ee4543876a06365os8,0,0.0058488786125999006
22,2cbc26f228e0556f268e0dc1bd9ac0a5lzdfh,0,0.020325718340579946
22,8cab09b069755eca2b4e7fd6f6981d7d8n88o,0,0.0016678196622667521
22,3ecced86078287dbd2eac2cfac98367fbbelu,0,0.08436626181307852
22,f430aac3f0f7f88a9b504bbb71322d54mct7s,0,0.09328259435827273
22,1c61726e316d5a16aaa80b429080c534u43s0,0,0.0017079275318901388
22,0a9c5e1f261c937c09817ea2d5e949f34v8oe,0,0.010298756025506735
22,a262e805f766306f4adb38211abf235akxqh8,0,0.013208782241104732
22,97f541ffdcbd1ee34610e3099c5df42acfvcd,0,0.21727652859070137
22,2d2839fa92d1c8e94bdeb1fbb9e62149x6xc5,1,0.9895551818695022
22,1f2d607e5cc04e790e3961a6432d7c15hn4qb,0,0.0028814824411016403
22,29db827ba14938954c90cefe40d26fe1130kd,0,0.0029502346258600686
22,83c9359ad94eab7f4b8fd582a6db4733frmsr,0,0.0020230414001426874
22,9372e27ce85a8c8b9460b87c37cf55ecqjjkd,0,0.0829035022909028
22,6d501ebf066c0331853f1bee9754e781obu7z,0,0.02598367276320269
22,e704e6fedbe6caa9b434509d085f4c97nq6k1,0,0.0009555499182561248
22,a8a81bb8a3a35572bd1f9922f5a31217pw41k,0,0.02598367276320269
22,ee2caa714a2175abb13eb6ef15196368cwc7c,0,0.0023364836003908498
22,e134f2bb79d1a810aada6a24760c8910mh5na,0,0.011565820530185142
22,d9576f0ba8c7479eb2b26f0d15c4abfayk5ex,0,0.005649820382577465
22,874402ea8b408a017756404006b12708d9s6u,0,0.000549122290117555
22,ec86220eb6ce57c91a02a7356b342599jrcut,0,0.0018734301750226513
22,721e69fd30e33488bf82b7e2f9c8cee28a9ea,0,0.002799263131904988
22,715ee2811c764d5c58aa228ee801e518gqvli,0,0.0073845173328034195
22,ae37c0f4dc6e3d99f5b0243fd18294cak7pxy,0,0.12833042375668663
22,aa20f72aba9804a4922195f66a876688rugsd,0,0.006519949633154424
22,ba319b8bb68ca6a12086f2410ca7fb3buxsei,1,0.09291921695705042
22,67ab503313f60aaba89f64e2ce3b459fvyahu,0,0.09328259435827273
22,2271fe5b01f9b8f9d8409014ae4511524grmq,0,0.581039157912512
22,aa1c013a1de168c611560ca2afe78111g8i6s,0,0.026125804084962755
22,79794d93380946ef72e95f55b4abc008hsns6,0,0.00020197153397939356
22,f0e1c483773c2ef8466d152874872139e0wcu,0,0.001459888914378969
22,faaa98763b59ed5f02836d4bd682035bfhujq,0,0.0047949196494514006
22,20fcf71ad6fbd43f6f5fe493a6bc3ecfextqf,0,0.0006115973949685924
22,862eef3a75e1351593b54975cd8ae1b3swcxw,0,0.006982897165411097
22,6b531ceeec5892121e04dcc6f89b10a70yqoq,0,0.008785874737432326
22,35a02f50226eeda275b29a09acef2177k95eb,0,0.00700528674623493
22,cc064e3409a1825e3c4e5c814376f140qxu5l,0,0.0014117977507694926
22,16065749457a14b26998fefca503c3ecf9og8,0,0.000931869803522889
22,e241b80fc1b431397ba6c70f2fb8ccb72wbra,0,0.004352307195575188
22,1bb7a8c04e70386f5496322158e9fc3ef6d84,0,0.014308870224068997
22,4d6fa52e125a18f433db6e6603b58ec7k1key,0,0.004737385066320674
22,19b39b852ed4abf1ba5b095829e25b946aed1,1,0.4856272537716942
22,6faffebbde541edfccdb2725e430870cbkvo0,0,0.04222158666394151
22,5114111892d49b59415284dcf19ceebconhvq,0,0.016924155866455088
22,a8a2547a9153038fbb9fc66d2425d9a7efr68,0,0.0014547725248839497
22,db12e9cad5e847cd7a40ec1ee649e475iwzqo,0,0.0020134870984834263
22,bf190f2cffc1a77f0957f8cd1c98257dofy08,0,0.007154550594685808
22,7bb914fcdec49aa88c7310a3dda716aa9fb8t,0,0.00023232659762998354
22,6da536112251f09a006b0c5223f154d46en4j,0,0.001623109389277307
22,403d9c0288bab462bae858dc8aff2f94ti9ma,0,0.0005948115480297217
22,e12177ff9c1a8413996f7b1a590980c82ofeo,1,0.9300742657185521
22,cd8f738dfa2ea0554baa3dfc4465cdb8izun1,0,0.0012201692238002898
22,332ef2c7189603a497fc89345ee4f5605i5xw,0,0.016031779178209096
22,d9d24106ae1ff4f5bc4ec3caf29d7bd2c2f5o,0,0.006870570612728217
22,9dd7e7ef94a7bc5bc9f98c42099910e7o76qh,0,0.0039775184675627006
22,e8291466de91b0eb4e1515143c7f74dexy2yr,0,0.9229129289231528
22,aa75d58c3e1207618d47c72ffb19c872bolg8,0,0.0617475751587046
22,167008af05d4feaa636a565f6f83ec61a6ogj,0,0.0009830081186612476
22,8b109c0aee5ed07fc996e73d28e65888o5jmc,0,0.07439032425228886
22,27ccc09ae923d1ca8ff7ab3242f279f7xuclq,0,0.00346649921724437
22,13c4c826516304555e291d3d91c108b3ytpmj,0,0.0007372671127845358
22,04c6b750b0552089c87ae03de72289cfcpfmh,0,0.0007257166004479964
22,25a4ee3a528004bcf4f4bf62b9208a7dx96pt,0,0.885206671875689
22,6130cfe76ed3bd87c8f8dc6b2b2786dcp44xy,0,0.0033898924199992258
22,bc3d08ad6ac94b8b5ce40a29b59899cakj3p5,0,0.03654544719939969
22,2dc309478d30d440e75c932b1f13a8fai2p2e,0,0.0015785881587491127
22,e59ca537cb8df3053bdd555bc987b4a7c7m4e,0,0.0013774227453690008
22,af33d5277890ef0b5f55fbbf400441c9hdehk,0,0.001335895122363711
22,429b876aa7e2d6741ddf322685363ccchue2v,0,0.005441855139679043
22,679fe2a21415aa98a3cfb88abd0507edzjpsw,0,0.07439032425228886
22,00cc97158e6f4cb8eac3c0075918b7ffi5k8o,0,0.0010593573535647616
22,628156f3bce703aa6bd275089c6c692499h1q,0,0.38635699206940777
22,470727c18798cf0e0ecc2a0dca207cafuena7,0,0.021669580611919703
22,fff2c070d8200e0a09150bd81452ce29ngcnv,0,0.021669580611919703
22,d110111b8700f290b5d03a0e243fe375r3woe,0,0.0009344946143795628
22,7f3516b1bd7e5571ab964ba0affe9302brn6q,0,0.0006954985022028244
22,37ea72c53cc50112ced4f88810f1b38euoz4r,0,0.0017055427077761116
22,d588f4c51e67a340d1991a8130ee0b56hy0r0,0,0.0007666846173371169
22,cf06ff5f520b14d1f9f1cf5a7ff34982bj4md,0,0.0017713128842467773
22,a46046f129f3526547aca680877fd8c7e6tfc,0,0.005516913670025865
22,2c449b1bbbd5f8d9bcc1159b7bd3caa32jhtp,0,0.0010316679692206506
22,c780bc2dc7ab83d5e5c85dd13f0f7fdecfxjq,1,0.07651601151840799
22,583ce05b5add00d9e7e5dcefb3c436f26d7c2,0,0.0020134870984834263
22,43c76d050c9d2509d85c9dc2b1a1dba4zb3qt,0,0.016494942748323596
22,96dccfc370343f6871dc478d5b2fc3ffx95d3,0,0.012044561179989975
22,c615c31c87260c0d85727deff6da6667lgg33,0,0.001970382939758197
22,44bfa21b7d497f097a594c8861d4f8d4w5e97,1,0.8835770107395263
22,bd7d5414174da6df4b018c21495e8a2cxiose,0,0.337779309825383
22,1fcca45fdd3d1d3638821f41e032f170en3h7,0,0.0002309356491490137
22,0c55920fb607fef2d33324f33565758a6e4dj,0,0.001504359541699799
22,6275d51c0324547faa8a87b499812268tl90r,0,0.008644189059161792
22,f0ce8b973cb8d6eef9221fd3d6698fd4kl3g7,0,0.009890885443915809
22,99a3bacd3eb66c909a02b85402ac38dfskz65,0,0.0007888293946114958
22,ffaf0a972a6dcb3910fd6b16045781e2ava5y,0,0.0012351451463352863
22,d2f0217aa734f025ec008d24d13eca10ntuhf,0,0.021669580611919703
22,e4bee4e53a19aaf71e0ac0e3be752b2cz3k1j,0,0.0008989900976943277
22,4d2fc319ce6c2ad370052e0f6f2b0a1dxiyau,0,0.0037741946663532623
22,4f7331589f84c6359bd693513bc9d7ddlitos,0,0.22661880397892648
22,33ba799fab5e4145b54fac4234bb6e13up0tu,0,0.002139946393579136
22,3f977186d125ef8bcbee0c1562c7ced2b4utq,0,0.0027675558621525222
22,77bc113594866d4902d6f867a456750c9vvmu,0,0.0007284335483913828
22,c83ee624c46235430ad4338278f6d270wfzre,0,0.038363719063696594
22,d8a10762de6d62c087a0a8f0e61cf78bbgke6,0,0.02484790452431636
22,ad590c59c30187b772258a059d532db42tf4d,0,0.04850334859788694
22,9a272c3baede0633bab0e15ff98d207e3ldpv,0,0.02598367276320269
22,c41cd6791e262b44d26bdb3443fcfba97wlm3,0,0.12780704423797803
22,77b342f0d8769898619a935e267eaad25rubb,0,0.00573138556033501
22,4de2f22ca840fce9ac653e4aa06d9b0cnhudf,0,0.0011057361865497103
22,7ba17b1eb362ef91a99a6f021b3f2b63uyo76,0,0.04850334859788694
22,177b031b4a77f28ff167b427ca967b52jetgo,0,0.016924155866455088
22,f4189a40cc622eaef015a19d75d9fe21mylhz,0,0.0007888293946114958
22,e18ddfca4efb99a785c68ede9ef773ea8sfmz,0,0.021669580611919703
22,f29896e71c8077db28617a03c0f14e7570emg,0,0.0017000141439280864
22,f2ea6d89dd9897f0d6edb6f24c446f01ra6yk,0,0.7515033805556387
22,f1e57f96a91c185a7ea716c2481cabecpi3ia,0,0.005414608390607295
22,28763f241cf0483ca1dd3aa1bbcbfc37xntso,0,0.021669580611919703
22,7505bfc1ca67a5ae14e329b46a88ab869ms9g,1,0.49230688104363685
22,2d38a6af2ce96c1446f900aa4756b8975y9k3,0,0.00023821835264689202
22,69333c66e55cdd6cabcc6ae64531fc33w20n4,0,0.011362787452663317
22,0ad17aa9111f657d71cd3005599afc24fd44y,1,0.9839425935541348
22,4089a2b7f26e5c13a7f3350bd52ebf8fh21nm,0,0.1227408683160891
22,ddc6dc00f416ce10f23b57ebf758c2eeawzjw,0,0.008270288170408412
22,5f56908449455ee9670c7947614f7b4bxak3c,0,0.0024129704062923504
22,458c8c4e10e5c1b29e3fbe5ee56d46e8y3fb3,1,0.952730452250866
22,d154075c75cbb3f4b716a16c88eedd774i8s0,0,0.009898270258380316
22,fdd6944b3c3caaa7d1234ecfc11f8d080h90x,0,0.0035596789038263043
22,9f52fd88ba073512be19e3d24d4bb6f91l531,0,0.02423304196572574
22,5640f30464bb5a7bc6e98fd2873fc25dh78hp,0,0.06507046566898357
22,29e08b4d18198fe9265772fba3a4f6c4mj1rw,0,0.00024760354027884347
22,e29ae1bd8e6e7dfc9cb43b1572d3d55ca0hc1,0,0.0007920932358517274
22,0589cf78c4bece729f0ac620557210e13no3n,0,0.00018520700455930365
22,7e34a26c4c339e875997f4b9239d2b5fscng4,0,0.15502717445161326
22,235f78b13fc87c995c1f309403ee56bb54tu5,0,0.0031602291745553993
22,2b5c4051f232c4848dbbb477c5ad7f389f4b6,0,0.02598367276320269
22,18e751726fd7c407c41cb18c20da2c4er5z1r,0,0.0035437553801526316
22,efa1611e96c3238913333b8525c6a196rvy38,0,0.0013976682060255412
22,aaa686462ebb950550fc1c6136ffb273vkrc5,1,0.007434500910663441
22,9744d8ea513490911a671959c4a530d81fj5e,0,0.04732116870666123
22,2baa5a9ec317cb21a11d83f6dc72a2d6xy9jb,0,0.00415599751962146
22,369515b3af4f8ca582f90271d30b14b6r52aw,0,0.003306629336834469
23,91a3c57b13234af24875c56fb7e2b2f4rb56a,0,0.0008760923119761014
23,0a6ba32afe4756995db2f5cf2461cddbvj445,0,0.0015580023761120965
23,585e7c21b80baf2225224fe140cdb1a73ddrf,0,0.029008460308476737
23,d29003d7f3ec1f0e4ca9cc17e6389b4a4phcg,0,0.0005062201252850514
23,067ff22ebf0d33fe0deedc816d75973865jo7,0,0.4343699695637965
23,322addd5687d99bf69306148e12f87dc5jbsh,0,0.0032192247839750274
23,29cc13d48af9832e0eb481c8a095fec7mom74,0,0.0005447085314575621
23,342f22fed8b1e90c6ff1a6b7bd80f6334w094,0,0.0051570548791437425
23,f60edfe5177cab56896a9d6860995095cl1bb,0,0.002184433107769653
23,927c5e145de79f9ee2ada0ddc054b4e9hc3qj,0,0.20275809204824166
23,6394edfbd35aab54801518835e33ed50hcr5f,0,0.037970558834117096
23,68600b8922561fe26b8b6acf1d11efdfb24k7,0,0.6280951223749012
23,dadbcec8b02ac75c5935f419b318ceca1wwjw,0,0.06717574590792096
23,c5babbaace35399cf51a9356bbc22733xpi5h,0,0.0026328276581344006
23,f769b9f92260ecf046efd05bf9ab6822j7c02,0,0.0008050132345740722
23,d9c6b6d7290e4475bcd6d264fb33a706fqtvc,0,0.20365236400894116
23,f5a67722732675f6285b70b9f008665fq01bk,0,0.00658150471852951
23,d0231e5200b870c055db7e3daae24bc8lt7at,0,0.0007730529163712583
23,48117c1e2b56cfc8739f83683e01d9b2aoc66,0,0.0014921343485494133
23,3073231f45ca50ad6830d4dc7261f283iwjjm,0,0.00033926556608321085
23,3b233dc399f175100fb11ff9c66fa5b074z60,0,0.08646146265067034
23,ae94687eaad6b410713db9106c42566axgn9n,0,0.0017682284865238832
23,367edc726ba8e667973844395493559dtf2o3,0,0.018104025598099427
23,36b84c776aea2e008180dbc72393ed750zsbr,0,0.028053010535229597
23,3edae72a9d44c43524c0203ce38581d1790xh,0,0.028053010535229597
23,efc61ad6db17265a4bac85f77b154ef414tpp,1,0.00275265207144745
23,b27db6c048fa41b496dfd3423226bb0923yfv,0,0.0029505008688116745
23,acf06eabed56f179cf32ab60b6b076820ajls,0,0.0038774037610673296
23,99fc8ed25265e58bc94d9d95180badf4t2e3i,0,0.011062357373053583
23,3be127c56b2de21dfcf2836f20afe249hqkxy,0,0.4824602119767127
23,85155ae64ccbde01b48fbf4b3f1b739exmqyu,0,0.001002468781878823
23,74fc24cafc7c5936d0422b8da306365byjv2b,0,0.0017050930326411335
23,de9f5df5962dc171c7d82ab503c36dbfwicon,0,0.010175866422531148
23,1053ead33eb1a5db7c36c979a455348abh9ns,0,0.0007423988168943645
23,4955e2c318d0bdca797ce17794ba18fblhaau,0,0.022745676973742055
23,1880a778c9dd0cb15ca1f052308a8e04g7e35,0,0.006115349687284476
23,72dd0e4788d25f62cc2ba942bb9499dc7quqj,0,0.0019649334961979554
23,3a5420301c0dacbc5675f6f09aac0143tuodl,0,0.0745188919064157
23,e0413f338c43c9d55ba53612d2068f65t4gs6,0,0.017737385050286658
23,d6ebcf2149c311d221b233b268870b3d5gfe2,0,0.0004065444186498397
23,dd055846eb553ab8e953b084f2048d53bdqec,0,0.5956398486684568
23,b5310019f2bbbd975c64dc11189191022k8tj,0,0.0007351818540919565
23,e3ea1d5464543a1ef3a9b60394fc4ab6i1jk3,0,0.004547723656681055
23,7339b024b285f99084bcca768cce5c7e0h2op,0,0.09058900622148246
23,82bec02fec2f08899489d7a5c35a30a0lbszo,0,0.0007395773856572046
23,245b584befa6a5b8c759491f5f3db580p2m5v,0,0.002928368887863909
23,481db1a88023d22b3533044bff5239dbf3cda,0,0.008704806885943986
23,408f81a85f3b31f8cabedf6ccd381961pop72,0,0.005320199167468804
23,175a06fdcf622c9455d0a77990b9302dj23ke,0,0.22930564863845426
23,a9237defb0a6478098f242b27ebcef18qrotd,0,0.0031475357672877294
23,aa8aeba2bdd0353a108b9b26f12ed59559mvz,0,0.00041944843415834393
23,a8561bec318a7d3a0082b35b086b4428wekph,0,0.17214349159106399
23,31a301c70e897bf36276031abdf07ab6cs6z0,0,0.03837271040802721
23,40e00fd204d0ce97110032bfc47f423d0bgrd,1,0.790391515272178
23,bb790a228de797253bf6afa43ee52eba1s2dx,0,0.014913642610217649
23,7b93ccc9d5730b561ec5fa7f4bd48c04qudf1,0,0.48877605491250464
23,29544507566320f1125d8e9f9a0ab3f2jswhk,0,0.9712133531912689
23,1680f758aecded6e25096b3a6199b38en6n73,0,0.005108911678272722
23,f93a998dc10a4c98f65c6b86fdff651d5i4qh,0,0.09040074055170765
23,c9056fc0cade75299ed4438567a87d6ek44pt,0,0.0002459227919208659
23,bd0f0c497ef09b5c1bb18b330d932bffktn3i,0,0.2601041969310224
23,74f153bd134afc92866a6bc5cceb2088120y0,0,0.004904382250304191
23,7f4e84da8ed11f4ea3a2d276f49949b7o31us,0,0.000793465259635932
23,e1b1c514e1b87826fd045588f1f3881707cyy,0,0.00020303638647822502
23,ca391c857d7aa75a72e2d7c3133e0d6ay9pil,0,0.16528503369963213
23,f2bf8c94172c4d71076e151cb4e136007iiur,0,0.001249136259883863
23,ca0c049b8c37c99ef93b6086e9947135onppq,0,0.0013869056116899239
23,8f00a4c4d7f097bc1688f8d89431f6bfmodq2,0,0.032148512536770514
23,c4b598fcb343bdd2cf826fc7541500e40xtte,0,0.07559417507717239
23,295fbc4ef00fe0cea7947811e78bb8aez9ti2,0,0.028053010535229597
23,ae45f9b94d86f931c84c94f3975e3d7bkv2r0,0,0.025549401496237505
23,5d02346d70f11cd61d9fb955846ee9bdp5o6k,0,0.00033926556608321085
23,3fae46174ef1a7dce5e9893775f814c4so8s0,0,0.037970558834117096
23,6b9a3d480add21788772e118e6d51ed57e3w9,0,0.003861030339631492
23,30ef7862d69b3440ebf2726ee85a0b8397ta7,0,0.00043215094997629816
23,f8d0d52114da74d98800dc7553008705dth38,0,0.014109487889071279
23,39f9dad880d32ee607af7571ec24807bn1g2d,0,0.02095113797041733
23,f04748a1437347d837a65ce04ee7d94enqhub,0,0.014346571698103898
23,b46132a554a2a3b93efc5a9352036e6crl6sk,1,0.20049246051187175
23,18eb8d55c84019b9196c5ca7e072b287bv68e,0,0.0015062487794280021
23,a4c40fd7a4c1040283fb2b84611eaad240849,0,0.7833026555372719
23,4ab56df4b1befe3e2ce5cd98e8950ba2psqq2,0,0.1546288916346948
23,0353aa9e97bd46119c90b8892f99982esfem3,0,0.0030461264145662447
23,f01d8d55568b1f54b6946a1b78a3983exkz5u,0,0.0027975863964591016
23,9211adb9cc770c78a70b55441acd146bfxnz2,0,0.0023234931598986167
23,e69dc706f159ef6e26df0d88388bc5edlymly,0,0.001959755737870336
23,55d0b2506cef6464d799879b65c6ba29hjcv3,0,0.7825857065115933
23,7ce12bb499c156ba4513becaa42aa8c143v75,0,0.020431916791257557
23,b7efeea5ff94a281635ca2f0f7e8b3ca4zykk,0,0.0025115720753550222
23,e5fd2ebbf5bac9ddc73ce524e1b33c3akti0q,0,0.00316881733662974
23,ff566c87f2babf3dcd67be286e1c6666cxzh1,0,0.002376805375055398
23,b1bc9ff2b98df742affda07c5977c7345dpm5,0,0.00019636962410921088
23,05c6b93bf8f083b2d0a03ffc0fc3524ba8fi5,0,0.004732391432955984
23,b6a7b5bba132a90e7c7cb350d2bfa52d7sion,0,0.9213919851993096
23,dd1675bf26316cd4630087fb47d0ff8fsug8e,0,0.003546291865966284
23,20a2d48ac3400228e7a0296aaa596a0fvckdc,0,0.0013368825239506285
23,9be87a4f123366660d7f6d40ffa493a8ffpsj,0,0.003747147121325187
23,42cce5c657dc7d99911d950cb22fcb4fmzz5e,0,0.0024444666148662753
23,8322695c21cb27accf0fe269438bd78fn3x44,0,0.03171097450312619
23,51d2e1b98b7a1e42b939637dc6e11381zu201,0,0.01971865230469913
23,061690ceb6004807b7906968bf382dfcbve7y,1,0.857615118918765
23,61101089c1b34f409fc9b836a7f9cd163y22l,0,0.0010251438128952184
23,37ebf34eaeb8a434976416c34ed5c6d8ywyoj,0,0.0005505555689853986
23,29b8af2fea3881ef61911612372dac41vczqv,0,0.08580765527962066
23,b1729d5905e896a8411f81bb65d66343ladls,0,0.0008085886985360247
23,8bf04b0a219c7834b25057c0220b4d0dhwdsg,0,0.0004054136228469145
23,82194e7d8f9b84e71b789e763b5c3263r6d98,0,0.001115453062975444
23,06a58d4af0fe7ee15324b0e921e8de1260vef,0,0.00042971980774796905
23,012441119bcf83b23d4768bb72cea6d6carua,0,0.004008849177464436
23,40ef6a4a0c99b478fee1c93f4105b9d9mh9iv,0,0.05301842122927395
23,88bf2c0f5460e28deb5eca2ef8e5e809ol5ru,0,0.002995330023770175
23,8cba56e5e7c2be942ea8472b73f0842fil1x0,0,0.007161231662714363
23,40efc98d259ee36a8c2a387ba49f39d0fa39h,0,0.9224957835677796
23,9aca61f505f40a3b4f7865c2d00e2418s0e1f,0,0.34249431665874536
23,d7340ee3c04e600c31fd2a34c760f7e7d26bn,0,0.0012989370285803818
23,1ac788675f70655e71a013892d701e901kj13,0,0.007725980940074356
23,d8ff621bc161b09d9192c445f4b3be7b8xow6,0,0.0022745863191147423
23,156f4a8763e602ef789f8048c6928676a1ily,0,0.04741954160687152
23,1b268ea4fe034638a92d683b94bcb330vee4w,0,0.00033926556608321085
23,8720f071e045d4cec9d707c583a3d64avjyyy,0,0.01583654092696276
23,69b32dd82f265a04826106d17e2bac9ao9fu8,0,0.000841209898413492
23,0daf4f87eb695e2a84e4156154209e09k6ga5,0,0.028053010535229597
23,10f1460119f9e42bcccd0f68ef59cc830pwtq,0,0.0004183460254630866
23,9f7e3e648ea8e6815c6e7caf59412e843iqbz,0,0.004694724858103085
23,8ea020a1fdccfd726f74ed7e90dc3400zy9iy,0,0.0014374515956487113
23,99bfa04865566ca88573ebfd3c7fb1f2c64cr,0,0.006499863131937104
23,7daf0e51b276c6ab5bd2ccf520dae106graj8,0,0.00045873463828467135
23,b071545f5ad73150880c42e780d951bdzvxn7,0,0.08282077738221968
23,676ad0665c9bf74329ddc1f70ea48c16stnux,0,0.0011790964672814203
23,2eaf4eef52d5b17615d08bf77386fa42yotej,0,0.032471807351416165
23,80bf6ab93fbb8316efd5c0b42d4b46c83qrdn,0,0.037970558834117096
23,4d0d345f552877998f41ba3cd1ba299885vu5,0,0.004904382250304191
23,055eb52087e0080b8ebca74be4f823f5c819l,0,0.06626779735874916
23,6713e820273f591bdff7d26a48ee30c5k4iii,0,0.02275981544254909
23,6393f55c093e04e6e608e1ee8be9c3e28omjd,0,0.005210018775908122
23,9d98d3f00a0c0bddf35470b0fb735fcdhiriy,0,0.8142117940955115
23,4882587d42b3d7d8d7bec4315203f10bl2fts,0,0.037970558834117096
23,cdf76f38b6f46a3bd396a99123d26909xq5c3,0,0.01460344084285105
23,9f101e80580cbff55a2307c028408a91nebzc,0,0.14248624831624143
23,a9062f1d7c589bb01ee0b330ee8791fc702il,0,0.7261257108214981
23,9af8e7dbdc3c620c8144d736242b3bd2fdbpx,0,0.005088275063553252
23,73d4cec0ad358d272d757e0fce8440d01fvw8,0,0.028053010535229597
23,4bddcd4957ff826dfd3b3efe6eb96be9aw5tz,0,0.005607318738823062
23,fba0c76970a464cfa9c043c906442f0eg53a2,0,0.032148512536770514
23,52d8066e28f168e5bee769559ead307e1go7e,1,0.21683426377061832
23,d8ada60e3b7204a104bba8c073136bb40772o,0,0.0006401894454018212
23,48044b1b1f47f168864bc7c4a58a65ecmt187,0,0.0009141087593735875
23,4761b2fdb4ce610d1d8dd9ea50f478cf7et0f,0,0.00033926556608321085
23,02030ec48b7179a7fd9950fdf546e3feekkye,0,0.012369353005677403
23,84d75f71a61667cd327367453b4c0d2frury9,0,0.0002782312993191461
23,1dfa6e724441ca3c913b3d40967c17b2p9xr7,0,0.002294907858204061
23,f27321571b5b6184e86acb6203c766f2bsfxg,0,0.010821707818497268
23,a4630d8b78c796441a1be187f6907b11c5eu0,0,0.0027382416467145814
23,0141844fc725a85e38e12cc02fcdbbe8ofqxv,0,0.0029073120779375345
23,359444416c25e6e90ddb2e3d3d0bc23dufn9s,0,0.028053010535229597
23,3e85a43950c71b1988a814682abd4392yakvp,0,0.5493577877020688
23,f0567f6d45c0f83b9874681fe8dfe0ba6hjlf,0,0.04171730912564813
23,a1922a9ee4f9f5d03fe11816c2cc3eb9ivcbp,0,0.0005602027096033588
23,b5a92183d20e5ca98da4065c874e0b9dezbhx,0,0.5614610609891812
23,0c5992f18244e24d2d7b4708a512378729eev,0,0.1067960464211557
23,dc9a7ebdb6fb8dd3267ac26dbe5a62b68e4vw,0,0.004904382250304191
23,147164a9fe8a6bce381a224e9f13207cc1mdg,0,0.024834493853413554
23,c72012c8072e2441b3ba8173205cd298cde8a,1,0.0731833558921485
23,d95c969eb09086bbad373dd8ee80cacbuagvf,0,0.060437914187873275
23,d9ffd2f7f3cc1a546586701c2a6fbda24u9ye,0,0.6347124368236572
23,173991472d4ee18932f8514b9d4a9dba7rjqa,0,0.002630580720214045
23,5b1bc916ca111874eda3bbe669957cb1d3mck,0,0.0003138088197892549
23,eea590b4da2709c294e8db490f5997eadyc1e,0,0.0030894575684057507
23,f73eb6e2e7a872f97c715ccdcddac77am8bq5,0,0.13220716153780945
23,13dfda714fb516e1f9f7abb0c927bdc2zmw55,0,0.028053010535229597
23,2b044b4b7949b96e38084e59b5d1d328jib5o,0,0.039254309150271845
23,414af5edf09c473bde75644b76a68e7feesrw,0,0.01019483753756982
23,23af639c0bd57bfe9bcf3b16973d58b7666fe,0,0.006929303156321728
23,5830a96593aff3e951919578f7374f09pqyc0,1,0.9298217067403708
23,9db7471a12cc3b8fa3cba86bc00abde2t2wz5,0,0.0012752902446459802
23,7622d7085237d6b73d08e9d70ed11fe3u8mwm,0,0.00019811368679491237
23,42f754cb72e01c08005598e1f9383341fn7xh,0,0.011510692782313113
23,bd29e36cbb063cbb96ece76680ffd9121dy90,0,0.0007653638742452238
23,1ef47d501d4b36498b51e184b1027981xu89r,0,0.0007337727118463162
23,8cc03b92898255ce4b096454645599ae5zoc0,0,0.0010292396468661944
23,f7e3635c9a532fb9a60d6eda6eb7c7de3uqs2,0,0.0015317193060118257
23,2b5a7c969ae95b239583f09936560b85g574d,0,0.0004239320595371972
23,69e97e52dd6428671f46f2ab6567172d8mfar,0,0.06452522828174052
23,b34fe965c04012fd22123ed948257184pqvfg,1,0.9032275344562629
23,de3bbaaa3bbc1fd1f751d23a972916d80q8e6,0,0.028282770059664366
23,76d4a0147a60d871867f00adf45cb792w9c6n,0,0.015688934513877647
23,60849c6d966f178808d94543173cb93dog4gt,0,0.00050443254682902
23,a32cce991a2f597f6e5a02605119f99b1dyq1,0,0.0003708335209513636
23,bfc7a0819397d910db7c24eaba1ed4c68dwiq,0,0.00038069911885184907
23,2635d404f4943f3dbee24aa16a2953c723iwd,0,0.0019589137716911095
23,6feec0741a319299c78c47040893399ebas6q,0,0.0019315812730816408
23,d26cca81c93b52ae3564aa6cdf33f5d5mkliw,0,0.0008673345801345526
23,c9f94611f4c9afd3a3153da9654e7310jr201,0,0.022353131808674508
23,f12120e467869d3d5dbf7c7d0566a8e7bmmhk,0,0.0012996707120262524
23,497ef6187e03fd9d4387ac436461a40f982dq,0,0.003515796409392832
23,4ac31aea605d17045ceedbce23eed239omved,0,0.139208885217294
23,c963c2dcbeeb0b7051bd3a6a87483ce6i98xx,0,0.0022575495325105324
23,d7b66d95bcfba06122dc6f7a3c605fd73239a,0,0.0035889881573013776
23,c7c854748038ddf37b8a9c4f5a28073fsut8p,0,0.0822592325070503
23,5fc9437841f1dbbe63a3a933c48472fcohutg,0,0.0021535435634756203
23,361c6da33ccd1c0df152fd932e6fb2a69i4ux,0,0.0017629886976283013
23,9685887173cc2e1e5ee3993832a4b153bfl9m,0,0.003135981217405579
23,716079d1913959ccae0307f760bcddddt6d4o,0,0.00011562512820514116
23,c62a6956e93ac3b56b1292f2c2d85b1fyekav,0,0.004904382250304191
23,5aeb71cdc92fe5d1c4a4e127d7ca7783gzje9,0,0.005027733847222891
23,5a823474f9fdaa129dea9fa690d51b62rgm7q,0,0.004337777421878525
23,2b19566f190ff3b8a85884e03c64fb56ir8a8,0,0.028053010535229597
23,a71f9ab1d130394882cbdab3c886f1b0fm6hu,0,0.0002036228351326166
23,c478f94c1323552e85aec6e1013ecba586320,0,0.8142346256845796
23,30c3c92cc9408f55cfa895ff8a505930a3yy1,0,0.0031902541809771976
23,83aa7c2c8c018888d9ebc6daf63bddb6f2i0d,0,0.0004970595858696166
23,49eaad86d095aa5af75ce34e59e4b7f1mmf9q,0,0.001311503654804915
23,da2841ffcbeabaac373f00039c10f39fty6fa,0,0.10014805571869438
23,ed4802c318a7e04a5703ed115fe4f3a3kkugq,0,0.008352299616810936
23,6679d668a393f336ba9d1cb6a154e03aifmkr,0,0.000671291267897248
23,1df1dab2eb718c3da3f9a0aa90b93651sxqzo,0,0.0004970595858696166
23,1395ca662a02245233af951cc7ad8313vk6w0,0,0.004217804961779123
23,08353687608279ddd83e4d36fadd1cd8ritj3,0,0.007246226532683825
23,559bccfe60c7193963f09388fb681ea65k7dp,0,0.0024230353451962883
23,b9c59dcf41cd0a7ba779154872019cabmohkm,0,0.00022398629826693965
23,470a0e402bb9cb4d48c2a450d2043e87flc2m,0,0.0014953727866926026
23,c1d14f4355b7d3ef80f02628e5ef1d56u2510,0,0.028053010535229597
23,81c9c749b2c9f97215f3ddaf8b5a5fe1k757u,0,0.002091183631221733
23,6a97f70ba29a04e77eb3b137e157070dc2mqc,0,0.0012277412073501241
23,2b13a870a46975494b749feea0c5c7ed170ll,0,0.0039324701899821
23,47183c1427a3cee97ff9bd167844e65d9dzi2,0,0.009731365514036684
23,5dda8ade6b5d4065f3119a381516c227yoz8y,0,0.008694010530348571
23,78c82f2e8764bc8001354128f9265efcqrthe,0,0.004516079221443063
23,7a3378ad9999b1fde0a4562a9b036f038cdal,0,0.004904382250304191
23,4997f0d7074a1d9f8bedf5575b6a4372w7nro,0,0.006783029787830728
23,d43189c6eef7a763b2f8596228807dd89x9y9,0,0.00311329034688185
23,a0d080012ab98513e39234e4545e93be17tt5,0,0.0018843082459181005
23,4199816cef8be846ca71ae752575744fimyto,0,0.9445174934863905
23,e268d06507859d78894a8f6e11995f48zls7t,1,0.9948751740713074
23,e7445f6107c8cd3783fa722c7dd29fe6rcd3a,0,0.0005602027096033588
23,29bd1e11a41eb2ff50af75d10f28041ejh9xx,0,0.0016339587137983549
23,ca68a41b3a4062f154dc1ae8456cd792d6kp1,0,0.00983299457307337
23,c5863a228287327c9980d12a632985da9vi29,0,0.07363468504476829
23,eea79e1bfc21ff1b9572213e540e1252s5iuy,0,0.0002589609548362694
23,898419c2d011d5a822e9ee07c387098ezpc12,0,0.0007337727118463162
23,59cad1329d42bda3d678bae082bee7edgvt7q,0,0.0037084112954091026
23,08c39ef7252995e0749f7927249b8dcb1d3xh,0,0.028053010535229597
23,870932eabebfc108296437c303db6055kc3t4,0,0.0004817013686076575
23,9196288f121946095e5c402fd326109827t0a,0,0.791518726445137
23,2d73ed3974473a764859084d51334440k5q7s,0,0.004469211922371417
23,c0e3343070766b359c664f93ca65040b6bh2k,1,0.014427315848189395
23,06c281e31f83dcfd3fe70d2ee2d66bc7e6fw6,0,0.0002036228351326166
23,06ddad46112881df154e3bda0e90fe880r57n,1,0.9847121667050116
23,d428139761f7b7563d57bb1f87b55876388j9,0,0.000833535162116696
23,24d4554556deeebf61510cf3e001edecu8hgj,0,0.02570323847917045
23,84560dfb1400fe920a29ca2c728acf1e25eli,0,0.02157355943435855
23,781972f2af3af2abc492f9dbb0f6fceahnban,0,0.0033098127411070395
23,655a95d80489d145052254616787cb84fwqid,0,0.0002036228351326166
23,1dce9aaf9d6b9cba38f9c7489764fe30nlrq2,0,0.0008289896387257635
23,dbbf9d9b1d7fa110208f77a681008077plqng,0,0.0006378110610400461
23,438e53670ffa2990cdef656700bb49bf684fz,0,0.0007599711742360888
23,b86050461e88566061c796dbccb1f7e5at242,0,0.0007159804314536054
23,9197b6590c6dceabd88ec93157fcc31fgb8a4,0,0.004381953983870777
23,fa64fdb8ad70e86efbfc31179e93e99egd27l,0,0.023096426307477075
23,57c4421263d37c2cd2573cd7245a7a80h0mjf,0,0.1342305047202325
23,486dc9de91d243625863313adc03aa6bv4s1e,0,0.003995505559198574
23,cd9a7b22d85c35845260cd61a4b65cb2meyel,0,0.005531078527700856
23,58c2b44923882a8252963e78886adaefh7hnm,0,0.0043280098283947285
23,36473d4c641c4c09c20c80e2ab35a36dwzp5d,0,0.00025591950882809133
23,83e8aa6cb15daa745c75ba3c29a2f646zjw33,0,0.04231844113742644
23,233e09e861813cd087e8937f32a29bccs7b3l,0,0.0013096895696998164
23,461b089147eb78c582ca8a30fa7581a7mflo5,0,0.0012281583463074615
23,17c59325ec223c94dcb301a7451c39871vxq3,0,0.0010352517245212818
23,50dd191676497345cc95d8b9f7284a7371z5s,0,0.028053010535229597
23,f781d7cab96d95bcea507cdd43b24255pw0dv,0,0.20595370373198532
23,c349d767ddda78ed58a3c5769e780598ar3ei,0,0.032148512536770514
23,1680b6a12fdc8c64645c00ae8048f99c6uzoz,0,0.0030298746582280425
23,a37b105534ddcabb169f6ae3ec928d85slw6z,0,0.0024623284952767807
23,a027780df5d0312919d41edfd4947f27odx7t,0,0.17592972671836665
23,624ae2fe9394700eae7a35806e4bafaeq9cty,0,0.0025894011645182023
23,d5b75c812d172da1ecb3164a1cfb7527688gb,0,0.006841706903777513
23,dc4efb7e05563288d1f2ac4ca65c6734017ql,0,0.016637516867080773
23,ff92ea4abd33ed38601287f0e1d6726dmgx1f,0,0.09737465360552446
23,46a28eaed47c29b4fd148a50cde44840u0bsn,1,0.1886366716356595
23,b17ce8bfbb565945ee9f289c2ddd8abbu1ndj,0,0.001880567849532942
23,74487d5ffd5c34de4fecaf9dcb66f86b0wwa2,0,0.004437125675748313
23,2012c722a90bc47f1abbc8319d0cea51p7l5b,0,0.0051570548791437425
23,d5337c2d4b58426b30c8733313eb5247syn5p,0,0.0006734904436899034
23,2234754e09ba15519d0104c405326fc4igk0s,0,0.03291429079759639
23,96982cc1eefd6f526b512755151227c3h2w3l,0,0.0039522929404788324
23,f23ebc71f2d8d820db2bf0576ee7e148cxvkp,0,0.10382754192070573
23,6d033ec559ea79a8ffb90d80e0b24e93j82av,0,0.013762526180778747
23,88641b0f22cf175876bfc4adc44c00f58b5rz,0,0.0005305709952719403
23,531d4a209ec0cf76c9337b42fb1c3d9c9tcuv,0,0.002637511651434436
23,7eb7b2f6a914afba5c3d207dc28a93aed9pnc,0,0.032985325415251114
23,8bce581a91921adaa5fc20e627cd7b94l6cp6,0,0.0010340240576303455
23,d7e83a95a05308d4fae6428bb9073a7bg8aoa,0,0.001995835541797331
23,0e5ec5baf2e15afdbf5212d8461e1ad9h3kr0,0,0.0004988566113283397
23,340d7ea497f16bdb912ec5c6ce467f71kk7hy,1,0.10795736690622151
23,e8b82b8640ecdd154eebe6b36ec63f0bdwhc4,0,0.006008660446713205
23,0b3d5f829d18ba30d967fceecb58821c3oeqa,0,0.037022915114698546
23,437c191e614776c1535305f602ea9033sdfmf,0,0.0005067351994872442
23,76ab7c99de4a3141bf617bf30bec9feep3zuy,0,0.0012621840496087689
23,5c5dbe70c2cb05d208c22d204146e1e9f3lvq,0,0.007999249885179404
23,cf1f2b6f29840e1ecbb31d18fb128c38bseas,0,0.9942885595158988
23,8df5d645ed4040b857c121a4459b7976n5u3b,0,0.11914867317972933
23,c5c8a28a166913512f5bffa6a49788c5b0uaa,0,0.0014619934847574945
23,8b4bcc98fa4666b22c7a17c9a4b93ebenlmlb,0,0.00045476018303485134
23,400e8b5b5447b4d11e06a8bb0754d8d6l6xoy,0,0.05874995616109178
23,ae29b39843141a73b39ada671ce6b6c0yxlb6,0,0.00037774731755666787
23,a4475cf8808f8951dd5163ded3ee8032g9vxd,0,0.004904382250304191
23,9655ccc7c0c193f1549475f02c54dce45kjw7,1,0.0004033366878821174
23,936a335eab4643c3529968a4d9b0c380esi7q,0,0.0009288307920917894
23,162886daa0054ff1ad422e0f18cddff3qofft,0,0.04713887882718973
23,4483201dee43b51f338c0efd3b13bb895tric,0,0.0031113884264572754
23,8066d0a6ab30c52b3ddca5da19518b6188t23,0,0.0011366828681500251
23,683833b860c003e6c31c521c9cdb49a1kr6b4,0,0.0043280098283947285
23,ecce760edfc6ec5cd5ddc7037c514dc3zod4i,0,0.0029519485323066877
23,4b9bf4cf1085e9d839e833e4b9d40f2a8ps14,0,0.0023980134567800444
23,50859deae0e0a599efde1725cde3a8b8dw86a,0,0.0005462813239431782
23,a6f994251abda6687ada2e9de52bddb5cisa7,0,0.0004813009205664774
23,0eeffc5039b27a4dc2e420eca75b1fa55rv5q,0,0.0009471124224393303
23,f268f61e075419e5a001b86ee78557e2kmg14,0,0.0033711703464332963
23,97db2350652f8d01237fc4c59a470eb81h9gs,0,0.00227811462795471
23,8884b7af726ce7bd929482ea13de19d39lzuv,0,0.032148512536770514
23,9d33ed2efcfaddba0307d12142f3041ce731l,0,0.035339813179054644
23,95ff2833eef5999a4f3ba4a7684d2b26a6v9j,0,0.0008648204764264329
23,75339aea3f29d7d9a8d67ed3fe1c89c3owsq5,0,0.012154532742382143
23,0ea26a4028ffc16d9a8631d43e1b92105auao,0,0.047122001916254756
23,e50426efab1e9d60b8f7258130f8791czrpvg,0,0.024834493853413554
23,b2968116361fd43589bde8eca72c5767o71qc,0,0.04017868073239142
23,eb27d8daded752fc0d1c828867b0f118cswwq,0,0.0005950879600319872
23,825226b69f2a5a8337ca611b38223989aumow,0,0.0019301815705974183
23,a8b8959fe64f490d32fc15a5d1144f87qj9ai,0,0.0005602027096033588
23,3714da7069a5205137cacf89ab3a136ffx2u2,1,0.11887140231818338
23,32d2ce86b00693f0c26314e3cce2438dvxbt3,0,0.16528503369963213
23,1982c4b164171180d480166feae881ecmxsgl,0,0.00044760388363416603
23,4cf9c56df4594860df56285e9293a7f7evfix,0,0.015547519103684642
23,460e932b11a1529d78246317757899ccfaxng,0,0.16996055902473606
23,c353286290001e0943ed9bb160145c42etrf8,0,0.032148512536770514
23,d9dfeadc7e0e844ffea3cfc706daae5dt2hhg,0,0.002409044962099236
23,210ae8381324c41f7b49e95f1b7aed80z55df,0,0.007492351592490541
23,55abcd1b00c6b5b54633fc7e98f0110bwoy3v,0,0.036033270753054104
23,ff3ae9450581aa3de5d2326f70e39d20w8fbl,0,0.00033828858862834855
23,e56f611f1157381f4b689ab34b574e791qhcn,1,0.6997327930664905
23,76ed824b414b5e690ff82e7cd2f5be52256my,0,0.6784864204617835
23,b1863365ae232a316eb946ba56a29415m0gdz,1,0.8900689902077612
23,cca4426ec6d64f3e73294d4d5bc9719beud37,0,0.0005057955064276311
23,ec96b5b27dc870c8f59ef11b7371b06eenaox,0,0.00030396889769664505
23,0f33df2513a519a35c8b3dcf1d7c7416jjjzk,0,0.16420750374197052
23,39b501f37dde9b055d627394964d3260qiktx,0,0.0029816305715845348
23,dbdb69d0032b0a251469107dd565b6c7irr4a,0,0.0009920587277089362
23,3ef2325f8b68e1c030547a2a54ea6b98zwa2w,0,0.028053010535229597
23,6c8ffec692e88d81e1b18d47818abb04v6llr,0,0.0008076128363521692
23,13812c0d2c8c474bd62481d932407687o26kg,0,0.008842317060779398
23,5c32e357936f8977277d9b23d8f09f34v41wt,0,0.0003403731253937642
23,a116e727a3dc0b69f5e7ae14d0ab40d44breq,0,0.0007409198558985654
23,437ac1b8d08c3b328924aad097a3dcdey2m1k,0,0.010547432440036005
23,56b55e6ab49a4cbe7c76a2bbca804089pjq0g,0,0.013957537505613737
23,8d500e174fc28d494482f8ccb9438608zd51s,0,0.05874995616109178
23,81207d4ecf830fee924989f4fe1eaa7fntkmw,0,0.0018179895204465115
23,6b28baf315d41017844e15d645bb2c05ybt3b,0,0.028053010535229597
23,acaec0b9f72bf4ab4318f3244344589b3700a,0,0.0026248982143923785
23,37bb1697e1c3922a06c2d2ea4138a4c8s6wgk,1,0.6907845295236309
23,19033960ac23dffe078a1217788bc720jvjbz,0,0.0016671135001466674
23,949689cced5d86578e6c8b664ea76d6aq6zxg,0,0.034473905307944704
23,916d2d806b772c9f227a9b3640e31469ljrxo,0,0.3197664964092416
23,90bb553b65144cafddc3f3d4a7783667a06ga,0,0.00023565933138116582
23,17e4d6d9a1f8ec00cec1d4fe79b059bd51476,0,0.10431926333557133
23,71396d66a14f4ce0c96436456462863abwefv,0,0.11528514331282315
23,4641b5a43c7a2496ef93af2ca590d2c94s20x,0,0.0004216691017998891
23,cad151bdf2e29b764dfd3acac022e5dcy8n83,0,0.001345398640279117
23,f6a7e7b14d39804c7d15627e2fa384a1cq892,0,0.028053010535229597
23,83dbbc6c5c7ed95048ffa9427d807692339oi,0,0.3062839632914086
23,fc16993f1fdbd5fa8f8ddd72b40442f0qwyo1,0,0.028053010535229597
23,e588d3f7a141147e4f8dba29377144707vupo,0,0.0029409016061179957
23,25022fb30734c2e5044e031b0e9a4a9ct3354,0,0.008951657242636054
23,fdf0eb91ae1ecea1f6902676f47c32c454yzr,0,0.012891875036492589
23,5f529b5ee68b60482c5d0c56ee91f3c2cjrmx,1,0.9697745444762509
23,20d31f20169e8612fe13818891f88a83r66gm,0,0.032148512536770514
23,e60b306c01cf0c0be5c7d54facf927044g5d2,0,0.08580765527962066
23,f4d69870de1e803fe00f8126e73a7e33zwcds,0,0.039566702696432164
23,ccf30c9533a66f22f1c65910ae1bac1a1fs05,0,0.06074208839694719
23,417adcdcd7157e75c66469c07208af00qjnuo,0,0.03403043382397642
23,920540ac4168ed08a1e297395a68d718gsqdn,0,0.0043280098283947285
23,354d4abc23881a40b8f119225e0dbd09tk1u3,0,0.0013283341692485297
23,e49dfe2adbc4b3789f67bc044c231473clc4d,0,0.0016251427683425922
23,7bb58b7875a093cbe7c5d487a825b730mjcw8,1,0.9923132546837815
23,d927c987f8a4ba2dc4f38dadc0831100tt94p,0,0.0012923466127533142
23,771f6754997a1954eced81d46348b4762k475,0,0.537390618208281
23,f895a8d9d7974b3ee7f1f04a25a950e9v63ps,0,0.0015480099224076897
23,b1c9bacacf1f33a8fe48d1a4ae4c761bcltiv,0,0.005396084803298569
23,f7b25abd850df9b0e0b305c6810e1ec3qbtaf,0,0.0017358879417756312
23,cdf1fdd424a11dde166c4bf069d6998eph7b1,0,0.15082913738627246
23,43bd7fe0ed7629fa774a461127a629f19je0a,0,0.0004804046044162924
23,7d063aa96e7a065ed5ff9deb7c851bddhrxdj,0,0.003141992347185555
23,8f6605a649ae41fe950a6bf579452464d9lmc,0,0.004675783714331371
23,ba6811273d4f63d9a31937b71b0a22dforovn,0,0.47935339369236957
23,b08034d2d4fa400b457d4a59a2482e8enfhqw,0,0.0018505977820368873
23,3e602dff2e3bbe7a52236df2294c9e059fc2l,0,0.0008215939123963933
23,11d5f6925da5809e2d447788b85d6253jj8fu,0,0.06737066382209077
23,f0c034c46dfb78d2e9e67fd4fa1688fa6mv8k,0,0.002376805375055398
23,3d575194dae5a2e2966abdf84d800a3bgbsd8,0,0.00228431279544384
23,53e2d855e008a5c2f79b4b848d467b86nofo3,0,0.16528503369963213
23,f6485cac867e1e7d2d991838551b4c4bfnarv,0,0.015376984301055182
23,d2b8a15ae403dabc5aa752b205181dbe1lm57,0,0.0009817792725975722
23,65d8228c6c1e5b6042f397afed8a5c7cbo6x3,0,0.4040550989491945
24,4bee9aba2abda51bf43d639013d6efe12iycd,0,0.044481103415948575
24,7eaefc97fbf6af12e930528151f86eb91bafh,0,0.07314921443739344
24,fa64831ab5ade55daee13f852c16b0a84ujt0,0,0.028889446717750598
24,5354c02817e47f28e60e44a40ca5e48dll4sz,1,0.33037730987766634
24,2c581ec91825362ab66a7ffa05df5e70hl3h3,0,0.0760141312208305
24,0d0b3d6dc27d0f8eed70971f8c6bec1bdrs0f,0,0.028389000053639507
24,a22fdc066a738070c6e4860924d06657hengu,0,0.7551142527446433
24,1476226300a93d22b15253ed7339429a7ijk0,0,0.0380506550154347
24,975dd5178d34453c1c3c8edc47cf44274uv5s,0,0.11738222969554511
24,a1f4d216a1a92507d97166151d7c9fe37bei4,0,0.0009702504009063292
24,9434778d2268f1fa2a8ede48c0cd05c097zey,1,0.10669036144247361
24,e98d8f348b266653b6784329782fd2e91vu3h,0,0.0028865532430777776
24,792edafa0603516a57932e6103e9dd54ajar7,0,0.016214983689432503
24,85be8fd21f41bc3dee86597d272825726bp69,0,0.005151167728110703
24,1cbd9081de4481ada66f1853737f7684ddjd1,1,0.9890441731309241
24,09d71d3e6a6871a7598dc2764c5bb4ffkz6mc,0,0.0006940363194588992
24,8e1f8e5907b3cc256a2a57ae9ac81e063gbz4,0,0.003525201866322411
24,bd2cf3a868d168425cf1bde7c49d40b9jq0xu,0,0.010328327727162922
24,da6e2a5651b4f44fa3cff41cf9731ff8qc8fl,0,0.028923012543413475
24,9ded76c5244a2116a3b5432fa265a800j0bvt,0,0.003966143364552847
24,03244a553a252dcc3a3037f0371c8d33fmpd1,0,0.0011727109900331065
24,d27221cf2bfaf0fa7a60ffd3e1e3a53efagvp,0,0.3991839928177593
24,12d6239a92972a35bc990225b3ab33466znm8,0,0.002108091659136475
24,226017dcd6506ce20886540ff734210d8hib1,0,0.017703167266867523
24,d5f997729fd5a0aa13307e027804de515jziv,0,0.07401642605912023
24,8c2bdb9dd878a811701838002627a056be0ce,0,0.3381606574004931
24,a9229b83f54a5f44a69e65b9b3aa7aa26qcon,0,0.005175204942519272
24,961ab8cb7952191816db53f8a11a35fe1zecm,0,0.006727167381316257
24,74ecf5f9adfa4dcca4dcf020209db81arynmk,0,0.011474005857461741
24,3d9910a238a0f282ad3132dd6fc981c8tv3tg,1,0.09176154856157054
24,19353c42feb91a216885fe012efdfb11s2iu8,0,0.002060470178261709
24,fdd836950d203286832a21b930b9f6b58ch7s,0,0.02559908668570545
24,2c72df02de4b36acf72ba549630808612ol08,0,0.005128846602024094
24,db83d746ba8e0c388805fa3fcb235743vfqmw,0,0.21403442217642918
24,8e2a43abb8fcd8ef9801c69fc04bfcb5kyc41,0,0.008042394638144913
24,2c31770e98fc9fc7e0f1fee6207b5600c0e10,0,0.46835579982267583
24,2515c5fd81638d5d0bca39a2b2be3995tante,0,0.1452709093420725
24,7f807b2eb6c391d55e67bcdf7e1cbb3fhylw0,0,0.004905907122731933
24,5948bcd0f773286ff7d5cde332c7ae6918jt6,0,0.1771545077502881
24,b8e47f06aef714b37073e72ac40a8100mew9c,0,0.001278957896548741
24,c76f30b8330b6d14fb872b30fcfd9d57phbsf,0,0.012420132523017033
24,2736ee274114e9440463bde9fbffacaa5xky5,0,0.010328327727162922
24,d6d68e218a6cafa246ed31185b09e1e1fsu8x,0,0.003165571537138807
24,666e1e141862a646afaa2b71fc7d2c25r1b4h,0,0.0025805201361607886
24,124727083cd4159b40ff8d4b36a89340l6fga,0,0.06566445337845962
24,929b75b44585b34d2b917ec181ecbcf298fr8,0,0.011447705960019997
24,01a39439e7afbdcfe385eedbddb23d76zgdrg,0,0.007071667640063123
24,c600968815fc32b20e0519ecfce5b648en2wo,1,0.9911260221307795
24,ac494ae5acf003f84ba46f5741618a8dn19qi,0,0.007409049892605603
24,b64c209b3d1d91a663d134961af89125u0s9a,0,0.002768630408221178
24,e18e3d0fbfba81cedcae619dfa977875p10ta,0,0.00684895919721959
24,5e611461283a5c3e49b5bfbf9c33b7391ce3h,0,0.0016571017495172673
24,518e9fb1055de6532ed2df6d03fb78feus5s0,0,0.042036984981548814
24,e7a98dc8545eb429007cb48799a40a2dc9p6o,0,0.24600292761073672
24,a2d0b7ec1595325cc63777f106e09fcd88y5g,0,0.03189947102823715
24,e8e4603ed284adbd252a7a601f9bffe09oq6f,0,0.016776155934298518
24,246c55639cf85c682d58cbd2ed6a6563vk2yn,0,0.021505663226497346
24,01349288df20199905e719f0ff7ee771nwryj,0,0.0170496257458512
24,f75cc5ec8acf1ad2349e00ffc4b3191a531f3,0,0.0007562004767905561
24,585b938fd44968d0d59fcac453cfb3b8p8nti,0,0.29380415933143045
24,3a8124eb9fd3977e43f5e0762d9a09d536rob,0,0.002108091659136475
24,33a7a0121e28cca4e42494dd0f5aa03fdhlm1,0,0.0007090956807954228
24,a74e3962ca26514976056bae3c46d579emz6y,0,0.010855138324117886
24,a539fbaf8b29613ff0e4f3e5831aa7a5p2cva,0,0.010328327727162922
24,7607c4efa792a69e2a8949ccafcbef103squn,0,0.006791455780527074
24,340bc29eeeb9b9d04eb1fb72a1a9a2444brgk,0,0.006332222804814334
24,01eb9dcbd0b3e79d94020d13d83a993ec9d2a,0,0.006977147809164401
24,74866aaa89db79f25dc0fae8be067b83xlbm6,0,0.002452316042938796
24,6a5457f1038c6e1cf9feb57529ce07b2sff4d,0,0.011192751106253116
24,3733f7ea492eef1f69f98593d2122c50xwcha,0,0.010016647039570895
24,c755d2832026bc2a6f5d2d6df5740f06mr3nj,0,0.016299730938382797
24,22401c4dc0cb1e5d52da01ebb8b2839cdoauo,0,0.0041032523257947115
24,282fe85277f7c07b0ffbc5fed621a02ezp1zr,0,0.05365749134294438
24,e5f43783127506211df8c6290c2ecadbyr779,0,0.29177487701960053
24,dc752fa41d974bf688d25ea9d18e9a2eit904,0,0.006164540688787518
24,640f41f27c03aca0c45775eb918b666cnjsqv,0,0.13665970059780133
24,eb2c4b4493f31788ead745533e0c9a18xzzlk,0,0.0019592605763461353
24,3c0026d48f3d6e10cef6cdb1f708793ccwkhr,0,0.003415547685829373
24,7fab82fa5eaea6a44eb743bc4bf356b3tarle,1,0.010328327727162922
24,dcd54d7afa6820e3f00e1c9e83aecc7b4f3lw,0,0.09838149055066345
24,e0b6466f9f720e9d9a00d7c12b2e2c6d8xwxz,0,0.0010435077506396788
24,3106ad6371a3b740e2af90635a4ad966zeu1u,0,0.001402616249375514
24,b42ef139c2dfbff8356e8886d2b109e06riso,0,0.001865112758620181
24,b232fdca7cb98028e8945005f619fb28p8788,0,0.001254790255278094
24,db80f065a93cc6b41d12af614bc3ec11kpwjp,0,0.04235889930436871
24,11b1859aaf7fa93818baa76007cf7207d8uwy,0,0.002025070088755539
24,bd8bd6cae40abb19b81b6b6a7775f63e5tk1s,0,0.02695170802439242
24,db5e9f85e7d180f7d952f12e5dae5900q9xif,0,0.0006580621957125004
24,e24542c1bd46a4a0f98b0fa95d8fc40brecdx,1,0.4089460950412392
24,35b111da8e919bb34e80511be9cbd128pjjdm,0,0.016214983689432503
24,3d7cff3dedd8a8e02dbc551c6a61da3bibbvh,1,0.38058927656783315
24,8fe6da2176541d0ce24574dbb60f9107oq1kn,0,0.033013305620389864
24,37921a9d842612b3b0281f7098d0002539xrj,0,0.0019385550538504569
24,10b431aa15b56084d32fe1ef123c4305wo1nl,0,0.003487560056342287
24,573cf43253a18821e50dfae941ac287ceymgo,0,0.025719320529237484
24,fb6814db96bbaf61f42270a85f0f62adunxft,0,0.001978442617623718
24,4c2699de8bc9516b09c5e5c8bae6d6c6xiry9,0,0.0005796646839231216
24,1c66f261724506bee45dd18a4d221bfeh1687,0,0.0046646187086169305
24,67d245e38ee756947ed395fa099807fchxv99,0,0.0015098367462303942
24,eacfdb47b3daccebd9f16779c5542fe5eytoc,0,0.0017197722029022437
24,392d936106b75256632c9dc83c4f1a169bke9,0,0.003120704988549333
24,65d3cc1725c4506fe02be3e2b24435bbbd6qf,0,0.04235889930436871
24,6533b670e02ccf583288ba7c8f5fb1carmirt,1,0.9920955718829421
24,7f603f668968facebb0567015ad4c201kikrh,0,0.0017162353279744447
24,ec0c9e98cdf302274974ad212477f851iw35b,0,0.00600021534559017
24,96caf14832aa8be04d98aa481b320392kb2gc,0,0.010703216799624436
24,a3910fbd35b7a0c383c9805eafda616fra4xo,0,0.016214983689432503
24,d4a84bdffb9543626fdd42c879343ce26ds4l,0,0.0022738519717069874
24,c1434e440370882ecf00ac52140f7adbuy1e9,0,0.0008389356862467088
24,be3bec53b42be118ef2a87fc40db7311k4as3,0,0.008971119568058449
24,cb9a75312b809291306c6213ed5dc67dw31qz,0,0.13733884290146364
24,01067975436d123f717ee5aba0dd4bbfa0937,0,0.008485560205331505
24,e4a9bdad09ebc5d5a264723855fcaaad6q52x,0,0.2864095939246944
24,dd7292cdbc81ebfb87945d9ab176d679gepf0,0,0.0036692810947282655
24,222a0e05442fec0af2d20ebdcafe4b28c2pi4,0,0.0041723406090145776
24,2797fe80977297483e724b8390161c937dh4g,0,0.014797799731313944
24,3d48fb12020c1a81a65fdba2d75caf0d6q2nc,0,0.018535281896985226
24,9c223f867c65938ce8623fc41bec08485xddt,0,0.002160151262434159
24,c97dda0fd2de7d82d3a52eb6c0788062h3tq6,0,0.016214983689432503
24,44be920e88377290bb204795f05a20369jp06,0,0.0016480473907705287
24,bba40511c6e56070602e8dde4229ff923zbuq,0,0.0012094579051666603
24,fb7c9b1dcc3b44dd69e42a84406117db4t4mn,0,0.0071389950833938435
24,6b85d622dec4fff284d55895eba9969dqlhu9,0,0.0006710503713644683
24,7c965df16147f68263573764dd257a7bxqmpt,0,0.0005389519299102972
24,fe4906ac4c8e2db5ed5a71e8a9d10080u6g7o,0,0.03189947102823715
24,aa7e36069de119ee3ad7c4d8c925fa3ekrs4i,0,0.004714373199962787
24,0fa357965f89388d8e7eb8cbc3b85c6bnnro4,0,0.005702810521406317
24,b7e16fd4fd9ff04b7d741b70730b7b6b1aw84,0,0.11879754770314561
24,80130530788e55de6e9fd515271859d1kgfsd,0,0.007651592345458223
24,54e279a4e162af7fc55d640aa62d0cbc9hxil,0,0.03124606514897519
24,34cc283e180fcd4902ef8758714c6d83th4nf,0,0.0046646187086169305
24,6f7043cde57060a6766b551df5fa6fd9p3ojp,0,0.0012928361278579357
24,38125387ec30412c438280af8931254dmvfgb,0,0.002025070088755539
24,ac94684646bc6f708dcf4566f41ec05es9v44,0,0.04466436806687384
24,84a773b3c9d300834d9d57af5dc83091y54cx,0,0.0018554052183746659
24,e2a61feee7f94b49d7de1ac6efb237c0fjt1z,0,0.006728996817058997
24,a6ec153fc7002cfd929b9f7199914cf75upgt,1,0.009272454680180148
24,557f06b312e040ed3cd7dd2a011cb83avyut1,0,0.15599466157645325
24,d2704c8bb6ebbf13e08f37131382b126wy4yc,1,0.3462910706719333
24,18b5e850a1c10e681cb5fae0704a699018x6f,0,0.010328327727162922
24,c8e474ba549fe924bff9d3f585a9943cg9aju,0,0.0034565496226649345
24,1bb03cdb913f203f704caf8bf6840b6fbpigb,0,0.15904229770460576
24,fa6b4da229eb64b4d44e7d5ee2b027f1j1whx,0,0.04235889930436871
24,49c3957287d24e69713e4355933b74baoijix,0,0.0041141536319637
24,313bb0007cbdd82f326d58c96847294c9hz4k,0,0.0007153898043388706
24,59fe751fb6c277016b7ebe3609aa1b15vhg7w,0,0.002768630408221178
24,a4734769962126673e975a627e930b5fgc79n,0,0.003110892574420181
24,d1780c224460a0c20d5c2f5f68714c5264xd0,0,0.002768630408221178
24,39802378690e7d0c61d294f5898852b96hsfh,0,0.010328327727162922
24,f9ab998f3adb944a1cd1847a097fbc0bw61nf,0,0.0008702756491231369
24,361397432ed35185b5a2789867a859ec42v14,0,0.0017106981985976085
24,c41f5fb84d9f9e2456a5264c79919569vrhau,0,0.007000379713612346
24,18bc9dbbed75b55f35ec4be1351b7aa86an68,0,0.0009065871666299767
24,0580f2e77b4c0dd3b5cda8a1641cb9fenmo0i,0,0.01394861971609101
24,b2a19e17e1b9e0bca8e4563efbff5fed7v9xe,0,0.00146395507804748
24,14b2d98230228eab6a6db3efc41660d7kp23s,0,0.0007662963797288548
24,b79560ebfed7c8cbcfb97475812e0836twsnm,0,0.0012750427291678512
24,cb6ea552ab5b90e2d0572148426ca275d1zzj,0,0.007179735717025395
24,2d9579812895729581ce269ea17462197jxvy,1,0.8298890498898756
24,f19531503f1485a3014189a80971c6fb0d9fu,0,0.009880953367561172
24,e561791343f3564a6fc612a98b5f3df34rxok,0,0.010328327727162922
24,4922d20e07d04601e8724be5e9f9576blyccu,0,0.3097353811113783
24,631f923b7bcf91f61a2e9f96520bd8c8vtl14,0,0.9681917368095931
24,f3a249f6a5c2c88ddd8bccb1f8a85fe52xnkq,0,0.0010051506120589396
24,d13cd9e0a7b95c0a35f3456014865230qku5q,0,0.001935352636066556
24,98eed7cbee9b1a1b526a635648e7cd2fhbt5w,0,0.2891640272718845
24,3312b8e73417810a88be459d75fe9bc2xhd8v,0,0.002461349405451568
24,a6d6f3f5034886fc00a1245b439de13a66ha4,0,0.06914101978787039
24,61337802cac534b7e7711793039782d6f1yy9,0,0.01867700591978753
24,7c08de9de285265b2c34970139331f9fnr9ad,0,0.018691378784884537
24,ccc371d7848a80bc31941248b9f49b95hn694,0,0.007386877669768563
24,d3ab33e9314c95d6806813171f292299tmprm,0,0.0018554052183746659
24,5c2b3f221cdf303df86ff1ffd7106fcco6pml,0,0.16943426247281956
24,339b8ca3185dcaffbc3ebdfd960020e8es0as,0,0.0021654066253230346
24,cd35a3230456d4a245806e476c63e9a1evu7i,0,0.0458991394015305
24,c9e1e860e39bb7d4dbf3c91c5d6c36c2dv4tp,0,0.03189947102823715
24,85ac49e7f93bf0e20323de78362bb4aadnwia,0,0.005843647262545676
24,ee5afe7f268aaa88598545df890f4e5fzari6,0,0.002600880158240775
24,1dec9ee102b29905e2f59a52fb7429826e8b4,0,0.03189947102823715
24,e6f73230e0fff1d9a6b1b8a6617002ea9owig,0,0.0012187839987509966
24,ca5730b8dad8f35fba24b68c9ca5d445mp87i,0,0.0030261886734230725
24,3105d663ef3dff7e483a46c56580a9f9kd7f8,0,0.018633977168997246
24,97ac4a68e5600c4b7a960d9580d4f251470mc,0,0.006064894721875674
24,0817731a4d2e319f6f771da3f522b8bfv6njs,0,0.8880884736317689
24,047558bebab9292a5d4c85d6ee768784j2hdd,0,0.1138704831811684
24,40829191b83242ef1f380f90876cdd74mrqe1,0,0.008918107927278944
24,70daecd44c89c37525aa2ca294378ead4dggh,0,0.6392266100646292
24,3ee7de4c5a5e31b7b407827ae1370f70suenu,0,0.0009877403164306325
24,4dbc8d336dbe0241c9bbb0f3630f25059yo43,0,0.04144752711393834
24,54379b25f1f35d9df78da9cd774cef74u5wt9,0,0.0451516582316964
24,a2bb8b3e3ae4566203eb5b3021b4d594pohf7,0,0.0020124124366998003
24,63c48b70d37dee5fcfb26f94107ba3b94d90p,0,0.006629079080507706
24,a6414c637c6f1275e2c62c48fb238c5d5aw03,0,0.011213527239990953
24,6e848149cabc4434155aacb610fb20de6vq5b,1,0.10522196953810675
24,14d4e04d7ed150613974438a4dfd4e85dybq3,0,0.005136242663804919
24,eb8f9ca4a23586f5acc770fff966f654dy7g0,0,0.04466436806687384
24,613c7d60152ebf06e3a7dd326ba03261mnn8u,0,0.002553025733202518
24,fe19fadb955fee4c5fcd0e30e56e1542kx66p,0,0.012885776843729662
24,1a9765ed302d0f91b512c23112066e41s755q,0,0.010328327727162922
24,aee383561c0019dc01552bfa5263af8etbuc7,0,0.01618013719670569
24,9375e98d0810ce9119ccf45300249636zfpd9,0,0.0018634328336927654
24,1c950af57581698616bd9923cc94fef25n5wh,0,0.0018532215394937927
24,08981037e7a6c9032716ff25b15c9de25p63s,0,0.9612596916576204
24,fe6adfbbb2fc1ec0c3edf6677204bcb245uf2,0,0.0014666091497630876
24,92ce3c44edd41ad3222481daac1ead35bouwj,0,0.0017934981135886475
24,b729f60d26fde89a01f3fa89759d6b07t0ec4,0,0.028563759970997606
24,24108e769a15b155bd2d63c58368ae5946zhs,0,0.0043579829962402195
24,bcda2135a2456d611876679b61dac500vs7sx,0,0.00403108767869966
24,e2165ff862178c7b2946f7f62f5a3e51wcvaw,0,0.03189947102823715
24,cb557e4675bf4f36f93ef5599adff545nz370,0,0.01070451496071202
24,6a2c4aeaa17c2fcf20958803a674f101vlxw1,0,0.0016314832902540614
24,ffacbed056cbfaa60c1fcf51f0d381bddr3ly,0,0.002407886525682829
24,6ed39d7c89fa2d423017cc9811f0c469i2157,0,0.001290759214409474
24,d92c8c2d4c29d4c785431a8b34ea135awepbr,0,0.002180978080697934
24,e22850afda081aba360cc18e2a9021caqjjov,0,0.004319098783996505
24,3a32eb1c6dcc818e0df4953e978f2e89ljhnf,0,0.0012909428025600527
24,17b41c48d6f53585c7bf3b65977eada0yxs8n,0,0.008193884323553575
24,44d34926c0863edb7575b819980e0e728pn5b,0,0.010328327727162922
24,171fbac128e6dcb51d0f07cf7ed8bd3er891e,0,0.96371601800933
24,f01e3769fdce36d31eae85525827ab17xeu31,0,0.0007303296521695002
24,fbacab353140582a4b8ae3412eefecbc753vs,0,0.03411203040621842
24,dcc5a79317a22bd0f6dca1f60fc866a8bei1d,0,0.08529561109533075
24,4d1542974bc322859d3d099b8c5193felot1k,0,0.6777726495745493
24,649b364bc466208e559858f0677b421dbnalw,0,0.0001964461489783969
24,af14436f293c40a9904d9f06a323215bf7zdr,0,0.006417557108951834
24,f4294bb3abb69fa3183e7e851b58b278k83z3,0,0.04466436806687384
24,8cb96eaadc11cf4f914bad84518632e7czdyl,0,0.9052772499366853
24,e21b238213c361523d276d67f37c05e3qot5q,0,0.0014876499321551887
24,86e698821a8aada613bfca1356d8cb7dopnv8,0,0.00045427553310585533
24,384ba7c5a8ccf55d174080d9ad7de9b8mfysi,0,0.03951271868683805
24,96b7bb4238e7ebb439d81d63db4c2796aoofv,0,0.008294401955501601
24,cad9c97e99bd5753be98edd9ad8ec8c8c7r66,1,0.908702825008592
24,d056594c1d7976b6ad4ba23e2b4cea19l2i0t,0,0.009873128137748828
24,1e13eba969b6b953688c9e945544ac4741ilj,0,0.004053850670105673
24,86a34cdbb975c141eea1854b10dbf1c8seom3,0,0.0023446270509221096
24,0825d381aa09d1d0c47c77c372f07acbe02ky,0,0.011960638173511309
24,461c1d143120270fff5ebc1b91934951378ud,0,0.010328327727162922
24,8f086b809805064f3c4a5dd48327c0f51yplz,1,0.004773748998156108
24,a447127835855849fa2ee496d05e0847fgt68,0,0.79141764968756
24,adc548d88b9a307ce0b58a0d11d3ae14gcfon,0,0.04844321661270205
24,a96039c7cfb1d040ca978ec5e66ee2c0sb5ht,0,0.004095741783019446
24,2b4b36fd77eaeabbdad8fac68b17ece5ey04u,0,0.016214983689432503
24,b258a38ef4cc6ea241b5473ee9badd32ekhoy,0,0.03283877524105605
24,942af1514033a612b203ec58f7894c9fv899u,0,0.010328327727162922
24,5bd35d55d367d7a21d98bf6a19fc0dc1e5j9p,0,0.0017874502945036215
24,121578435bf4136746cd2a80f1990e07cv1px,0,0.013095594663465075
24,7d44df0d40982a6651a06cf533ef5dddtppag,0,0.0946066708098801
24,a46025d61131de18474aa6f167e04bf08w9x6,0,0.24926967196035657
24,1ccc69e376c95da9bd569a5d1a176874ivojs,0,0.0019460729860378248
24,2e07d37dd022e72ab04da76f51edaa13qk5rv,0,0.0010435077506396788
24,fb200accdd0411e96f1b0f6d6f6d4f52rgk01,0,0.0017162925969097583
24,bb73823b1c3f577402c9aa9eabd1e412vp2xw,0,0.5941280413929596
24,e932ef68638c37220f4c2c386cf54578x4hpn,0,0.0015806417142393647
24,2cc1c5bf18c858fd9c74901d8d80ab70ak8e0,1,0.8442433737510363
24,bdeb5eed17a812d2c47176e30b8553ae2k06g,0,0.03918803278383723
24,0d1815382b08885d76c671ab600133adeyp5e,0,0.6293653352345734
24,05c9fe8f8852ea069a93dfe39fc0571er9mdt,0,0.012156953619120444
24,7639039411fbcc6cf1013b247b2622a72g0r9,0,0.002142444681821696
24,4f57e657df5ee5d9207178b4b6858ddak9ouq,0,0.005655654651898925
24,4dd7f98cfffffd6f4707fd0deb4a00b5rj9wv,0,0.6751006681361154
24,30788b28de22d28938ecd7ed6795a8b022qm7,0,0.028923012543413475
24,1ba9422d7a55aa5abc3ff37d1cafa9f2yds7i,0,0.02613658258398916
24,ba0ca6f98ed66bdd1c4e86db2ce4011fdk6ii,0,0.030053896775615416
24,9df0031595e4105e4530ceee1a08faf319vvb,0,0.0022653437439269625
24,70cc5da141baac4712163f5cd4bd4a50za0n9,0,0.012369684170921453
24,82ae4df0acf8237d7af1a790e3848645bp73e,0,0.0027614666309266757
24,fa9cfea85e90bec313e512e9eeab2e869tvx8,0,0.9097630133856554
24,e10ae48cce1e198f7283064cc8a2f836iy0z6,0,0.0014391982816740216
24,ba194af5111cfcf1dd95eb36160c728ds4kcy,0,0.001235447320099756
24,82f1ba4809f4812629e9e53ea4c687d7begx4,0,0.07256126597306928
24,c1d9c4c69367536d7b0ccac19527629f65025,0,0.010328327727162922
24,48badabcce6015d257ff5809761486c8qgjul,0,0.017085392667098687
24,f725c5b4cece8353da7a636fcba0ecb5yxshd,0,0.046999287265133055
24,c4709885ecca7b90dea4beb5dabd68aegk2pz,0,0.01359579643155292
24,7291b7fba1b597d66bb8efd45fd0d354q71ka,0,0.004441291792057626
24,6c021878ba6173a04d55bc1cf5544ac1f3t02,0,0.2325305682676815
24,cab7ecf98fd0489389a3a8d3961defb3k66og,0,0.0019500053391123201
24,459ea22b6b51936d0788de9f78a3547bf4jrw,0,0.0020267276911512485
24,ee45b2475e453e69ce712388959fe4acspmvk,0,0.0034992012917181054
24,e0a9e4ffe2acd28599dacb91c98c34bc66vo3,0,0.005096625091485604
24,7ec5c7e2317a9b68e861060531588f76fpldj,0,0.13258885220071462
24,cf18f6766fadce944ee74796489c23acmqhpe,0,0.013225460653922454
24,a679d00c30c269a8eca148458abb8665kciaf,0,0.011055693440636283
24,28a0d5539562290a1a2f63d5b7230db090ys3,0,0.006841524798950465
24,20f206d2656116bed8dd46d5b70dac81lbgfk,0,0.0018554052183746659
24,f219cbb3d454b32953619d5a4551f56dcg7gy,0,0.0020878811608446
24,d7eefaad31febe607c252199a7672420kl1el,1,0.9358374147357149
24,4c341a39553faef07ddb917ea4e069ed0yi3y,0,0.0004505664569693484
24,f5ab013f90cb8890d33c6a309798204155q15,0,0.0006742663584841152
24,aa3ac65055bb4b1660f4d8c1d2c187ecoqvn4,0,0.0018232722109504727
24,fb9b1e58ffba4b38175c11e03e51e1f48dnm1,0,0.0007501583628317396
24,2993e59bbbd7d14bf4bc21e4d2a4f8eeb18d2,0,0.004710094086592646
24,eeda0d135495167db9425fc5fa3a5e3ex2zel,0,0.016214983689432503
24,c0e4be8d520c7bac2f51ad80a98876c2aan70,0,0.010328327727162922
24,67fbdc4209a1566288acba904a2b5a7ee588g,0,0.02761250075865725
24,d4b2fd8f5e8e02b660e9803cbcfa6cf2t5szq,0,0.006402522993905592
24,51cf4dc8898554aedd8572f97a95ef5cpi3ct,0,0.6230189668320643
24,1689122c3b25d9e7adc626de84c10006fr2n5,0,0.0009511356276226534
24,ca9e2287e98a718e20a8ed117dfcd699gxsp8,0,0.006908017359214808
24,14fe3602f049d4574cdbdef13789647dsgtqy,0,0.04391318451720686
24,5053e03863b6887308c8446cefeec429l94tg,0,0.5881511445032874
24,7ce3afe39ece9d672e9adcf3dcf2aa44a8r22,0,0.006058232745513179
24,4038ae3276c0b47f420a5d73687fb73bghgxf,0,0.014857797469576805
24,d4db72f36e6ad1668dbc0bf4f0e1c49bn12a2,0,0.010328327727162922
24,5e5d3410ca3605694b3c75b2274efd44c9vru,0,0.00139825788311699
24,817f8074bad1c717afaa8d1696f9b2b00muzw,0,0.001330731949084391
24,069d020584a0e8c61e622321d4c43881j7pl3,0,0.0019261040121967513
24,f428427d7227ddcda377cd00f07749576c6b3,0,0.016214983689432503
24,603d769a86a359a0d41118b47c0ab41fx7kz5,0,0.0012286636492670362
24,dfb23124fba16b7778f65c1c8d091f949jz0k,0,0.08529561109533075
24,ac9bf3a07831666bde4fefb75c184adekbrl0,0,0.0021656901512052988
24,4985bdbf8710c33fd7c9d4771db7c690mcbyr,0,0.0010435077506396788
24,0030a2dd87ad2733e0873062e4f83954mkj86,0,0.2891640272718845
24,fae553f133602fba6e9e6051dfb27fefkruax,1,0.6751967787560812
24,106f4ed8e9b727f8d94a1cd57e882a095pteo,0,0.0018329235505522355
24,eaad20ae39d343daf76adc0b1a4984faumuzj,0,0.010631082772292695
24,e8bc0150097c1b2b8b8c374b69e0d3a6mxfcm,0,0.004226948809614342
24,4950352b0410495ef65a92b08b5be463c20yn,0,0.016214983689432503
24,e8581ec94cd4d5009ab6b36c6aca9f0cp3txb,0,0.018122532283818167
24,d42604c7cca8ec92839e92508f2a3e52ehz29,0,0.007186381560336235
24,f75a0f726d764514f612ee8cd8f65adegt02s,0,0.00029413992051206285
24,3ce8aa0207022698b6d0eef09c89b381jzqi1,0,0.04254465275169319
24,fe27fe0815883aa3e1a312f0dcb45981txa2m,0,0.004139105739468499
24,8725b0aa1a32054450c16b099328fbcbi71gi,0,0.006174508512764633
24,da950a556200395a82e23e3bbfe1abb6xs258,0,0.0023656567065867286
24,7e8650379cbcb3ef8f7f6aefcd678067kzbdi,0,0.032303431458737625
24,317d3e44b2bcfdd7293b84f82f44b8e31hx1r,0,0.0014076364599875755
24,af50d549e86276f034e52037722dd5aetouu2,0,0.0010122804901963136
24,167b4f37a264b72feb0f559b650d1cbd3ox60,0,0.008238971127697491
24,8152c94b639be88e7076f0e32bd70e0eg004b,0,0.005931836837372622
24,9ca7afbb673865b01cd4b02846054fc1p3vjn,0,0.022587092049212228
24,c46e21e01a3f4987e00109d1d5f48acb1q72y,0,0.005274132434446392
24,078e06b3288cf8f18ab7ed44b245fc56nbyfv,0,0.0157542779119906
24,e76057d8bcdbb3d2f935c30849a17e4d7ordt,0,0.010010797098032842
24,353d05bfefe1dd96d3335575ddadf310rgnrr,0,0.001330731949084391
24,c277151116ce38d8245f9f2308807af8t4nnj,1,0.0007151549172383502
24,65435e491aa69dd9d44d70a9aeb6e847oqlty,0,0.0020590440572437235
24,e5bde35da4abebe4fdb37a3c65124a57ff4vo,0,0.022327679846853167
24,91b8febfd1f556c06838992814e7653cr119e,0,0.0022609441126177133
24,7a0b445f462d05606bf6ea07e2ab96ec1a4kx,0,0.005371195784056451
24,762046a235e00ec6521ba71aaa1450c28ijkz,0,0.8187497273544552
24,535ed161b4c9960a71ccd53128df4766ddyq6,1,0.3616775800623711
24,53856dce9187b16f2cf5e4e58f5d0397h7tz6,0,0.016214983689432503
24,c843f90bae7231af13dd0e064a469704drz2x,0,0.00327157019212105
24,76c85d6bf559bc0323bbe1639d233e88nxy36,0,0.04850090096447092
24,3dbb502d9d6f89b26f62cc804df54dcandhp0,0,0.29296937067830525
24,17dbe14676cd3a3cb8a7edb438622f7fv2scv,0,0.015591958891226424
24,baf1aa59ebedbacea2ca418c5aa83888imys2,0,0.002011680014814702
24,da00b16633eb706fb11d55868120cdd9so58j,0,0.12332097275765817
24,c910efe1f135b08acc32b2db162362033olvv,0,0.0026215736714242594
24,04636b6c61c80f5325efe61183e8edb01ko20,0,0.011411221626976317
24,5a6376f140f05274d6e0dc888cbeb89eukxkd,0,0.32841093507771585
24,6e29de28296a57f039026ffc6df9145cxo2n0,0,0.3777377781289535
24,6a3b1ee159716b743ddb8e07e499fadbhqn74,0,0.001473943652614987
24,fa918060747386f431a511c862565e34y1pdw,0,0.0006476102424487709
24,b8da3e0dc73d1f453ecbe6ee4d4e8791pr8az,0,0.001288605310471788
24,34e965deb822f329ecad42b94e8ba0ba3dpt0,0,0.017232561031645565
24,8fd35d215ab6530c2ef096c87233cbc93juwy,0,0.002736732934959132
24,21fd0c468438a483ad1c60cfd1b84b850iyjv,0,0.008185042642872781
24,c1859303603734d90d1a91d80977e14echjim,0,0.5155470267399512
24,79cdbe82ec79d0e60f1b113d9a5bc5b4ar8bk,0,0.003575774156424624
24,e0fde4b9b7ec14e80de3c811ecae157f6kqd9,0,0.08506000461912046
24,b6a3aa8c0f2302fa35d7b809d9371deeypvyh,0,0.046967655615555784
24,3d7bd741177a712ae0417bc4f4a37bcf9jo2a,0,0.09015842352242685
24,042780ee9a3730703e35340c575c3cbb7zjwk,0,0.21603790078285132
24,f416aeaaafcbb66aabb77347776db008qw96o,0,0.02025582084015372
24,22e65b6bf73fab510ee814cbaeb9ebc1252mu,0,0.4178514990324175
24,4c46b1ea933d574a985776ed356312505nagr,0,0.024477205396233836
24,b28e6a39ef0cdda29c5e350e048c3a813idk1,0,0.010328327727162922
24,75613637a85df9328b743d33b0efbf1586qow,0,0.0021353866552064338
24,ef65488c949595d7885525ccfab9100c6cmqb,0,0.17072775219142727
24,14c69cd7fbc8300876f287520c493fc8xe2o6,0,0.003759046185183259
24,f28b5654b5633a0b5e3f757a16080116sjj1b,0,0.014372448269146776
24,4de568a9b480f0dcd3f2ac385121d75bbpy82,0,0.0008207245337431137
24,bb4af76ec92ce75e8abe9a6a481d4314jyo16,0,0.016214983689432503
24,37d71b4ae830fcfa6f0c4f65ec386414n8h5l,0,0.0014510179317360158
24,b4210edd4ec9bf872c7108fdb3c6aae9cjwz7,0,0.013427447921887591
24,e9f928411213f44502e4942a29553ab1tbqgu,0,0.00624465074754321
24,65f52b46edfc7fa64b9e74557a78e52c1it54,0,0.0009899377279716196
24,2a73f10b3b8f2b825e220ba0a1d2c49f9nikz,0,0.007692673596218941
24,f473c995ca7b5287f9b2f079f0d78a1e92226,0,0.6457294544040205
24,6da04647ce16d0f00051dfeaa94d3313ox30y,0,0.0058569792999323906
24,1899fd76b484b9275854787a6b003b8a93js0,0,0.005221568482798526
24,8c339df2050a428c04a1c2bcbfe4a143loj8l,0,0.01631414341751045
24,b3dc6151c6813688d0423dbab13d3f19crw2w,0,0.0075322119433564915
24,fcda141af3b545332fc3b2d55a8bba74uw7s0,0,0.00964689949242599
24,0a9d614009139236f198ddb4759a498cen5ix,0,0.00546178360808082
24,741b9948c8cf42d658676e5a46757815zstr4,0,0.0011575460274226262
24,205a011640002932a7bedbb93d81b68b8m93b,0,0.010196812477668519
24,55453d252a225f3b046c094a7aa330a80dr96,0,0.010328327727162922
24,424b638423f4862b2a84f22ec25fa22eb2c8p,0,0.016214983689432503
24,1b7c070ffb2c23c1d02ae5bc5d817d06qz4xb,0,0.010782336582119393
24,8b253bd318229b3eea3f459bd81b8347khytb,0,0.8735707465619889
24,0181b91f58e6cbaa832235e2879c9c00ovrzi,0,0.0006664407088719429
24,c17c63af831939f5e2fd12f65821db65umonm,0,0.7399318498430499
24,03e884d3e7e3356608187d2345e4693fyt29x,0,0.008115416242176283
24,df12e679581fb2054907dae75c9c78ee9kzzv,0,0.023180858590541153
24,3fe1dacbdaf96fab0c213e218968c518twu76,0,0.047506824064889853
24,15f34e73687d7361ac0d780737fca261g2s9n,0,0.020793713955217497
24,1dfb637157cc0e590e50d724cd4cad6d4cacw,0,0.001580285165606615
24,b7e0afcd391a22444eaa566aa527eec0x2yv3,0,0.0017931854031471932
24,c806dbb2decba0ed3c4ff5e2e60a74c2wjvbl,0,0.0010027124579664035
