fold,bidder_id,y_true,y_prob
0,624f258b49e77713fc34034560f93fb3hu3jo,0,0.002595882516780858
0,25558d24bca82beef0f9db4ba1fe2045ynnvq,0,0.002764716559200984
0,1b26a52e1e5980c8487bb35cf5027fdfwfnzp,0,0.0024216595551935873
0,c0549e76b179912d52a28c3eb9b29376yaxvu,0,0.01269041858047715
0,880f542a275df1251612886d408b32e8m96cp,0,0.003473223656513578
0,25d75fd439571c1d9b946f5ec833786063vom,0,0.002755544986062385
0,99acffc3cd9bfcd00668dbf472a1979350mxk,0,0.004601382135360731
0,11a38554244f3c14de043aaf52345c35jjqvo,0,0.07797514741564299
0,a22fdc066a738070c6e4860924d06657hengu,0,0.5032245358588842
0,c62bac5be6489bc0e0a7834a11167171c8ww3,0,0.0045445231801121465
0,98783b6bd490f32f56c315307643c824nimw1,0,0.002162489054250877
0,5f50c6187a179e2ee7ba2fbcfc845c7a1smgr,0,0.0017148808285501265
0,9434778d2268f1fa2a8ede48c0cd05c097zey,1,0.3680210641157519
0,5686520af5a4215a239418fec906f88e4she5,0,0.0019545792731332098
0,e98d8f348b266653b6784329782fd2e91vu3h,0,0.004799628258530592
0,19815d9bcdc74c3ddfb9ff210c1739f3tup3i,0,0.0022848730261968704
0,1cbd9081de4481ada66f1853737f7684ddjd1,1,0.9652951190342031
0,e78cb9678684d649453cd5e1e46baf462lq87,0,0.013363292365943288
0,c5babbaace35399cf51a9356bbc22733xpi5h,0,0.0029094717178037633
0,1cd8d86911413c73e92ad1170cae68c3pocsn,0,0.0504499670747229
0,1ae57d217b27820cabf6e24b721bfb38s6ja0,0,0.045449428906709145
0,21580623ea81c5b0b82aaf74890218e5mio2z,0,0.013311467749221068
0,806a46eb814ec7a09bfffcf38b0763d344tc3,0,0.0029757724502240037
0,80e753fbea14f966b1fc6d1e194d4e66822ms,0,0.1427513478141687
0,d0231e5200b870c055db7e3daae24bc8lt7at,0,0.0024844240943540175
0,d27221cf2bfaf0fa7a60ffd3e1e3a53efagvp,0,0.329128468046249
0,d5f997729fd5a0aa13307e027804de515jziv,0,0.1393392830273413
0,9653f425ed82418570fbca890f7032b16sjjd,0,0.0022229643652839654
0,671fb1e314a1f480ba9ad9b5a1cf6a91w1k2f,0,0.009213212262743726
0,961ab8cb7952191816db53f8a11a35fe1zecm,0,0.010006206754747326
0,99fc8ed25265e58bc94d9d95180badf4t2e3i,0,0.018172895394502557
0,74ecf5f9adfa4dcca4dcf020209db81arynmk,0,0.005949467365103077
0,10383b390780e7b4b03dc32c94b4973f66wou,0,0.00592508997169923
0,2c72df02de4b36acf72ba549630808612ol08,0,0.0028547614616260975
0,e613acb1029ecafd9792c9f75d468e4bmm9zn,0,0.00250220111843291
0,f186d292f4e83f70a92c97f92993f655ygqzw,0,0.0064057533405499955
0,8ec8add138ed551bd5a9175eae0cb972ie0pk,0,0.009418489941238683
0,88103add66b7113729a9ca82540684c9il94h,0,0.029863492038898466
0,6a87cc9dacae884e817de2ee08452e76dx9mn,0,0.04075389007176105
0,4741959d26f99012b8a6a3e3954eae40hsy6j,0,0.013363292365943288
0,8b4071f3e2702b88481054081363bc15her3f,0,0.3147026285656742
0,e0413f338c43c9d55ba53612d2068f65t4gs6,0,0.011301899418431979
0,b8e47f06aef714b37073e72ac40a8100mew9c,0,0.0019708606552780923
0,d6d68e218a6cafa246ed31185b09e1e1fsu8x,0,0.006600035462453129
0,666e1e141862a646afaa2b71fc7d2c25r1b4h,0,0.0026591309529708893
0,2918b09c1ed9e9e8602f85175b266aeej5v6w,0,0.012452147432432531
0,124727083cd4159b40ff8d4b36a89340l6fga,0,0.05164978080616667
0,cd856579a7c4850b60d8763520339449x0mqg,0,0.0022923296200504377
0,4679df74080bc22e29676bddc5bcbf51gsyds,0,0.007401761258938607
0,e3ea1d5464543a1ef3a9b60394fc4ab6i1jk3,0,0.0033830542460431875
0,01a39439e7afbdcfe385eedbddb23d76zgdrg,0,0.00535343905128588
0,eebfd257525e52b67969ae9d8760afff12j3d,0,0.00544852591466977
0,3d8cccb637b990ec64d662d66ec059cfn1p3p,0,0.003952726942995522
0,f46cfa9acdb6a4c419c70c19be4ff9523uixs,0,0.004441961092771526
0,dfd5c9157a0a771f235c32f30aedbf84e2552,0,0.009340389566411198
0,62ac0de5f8776ca1d189297bdea9a64cmewb9,0,0.003408348145619792
0,28c9a5ea8aae9fb4f6a755f94cd922361v9ow,0,0.3023370574437673
0,b9080651d16e3d6d2d83e1c5debb55b0qpwbv,0,0.03447986242296448
0,c8d972b803b46212369cf1b480328dcehb9jl,0,0.0030456520122569123
0,b64c209b3d1d91a663d134961af89125u0s9a,0,0.0017148808285501265
0,ead2ec4563ba25a9e9d417f1964b7504teqtp,0,0.2885262614544205
0,28aa6c505e308e49e586e25e1897ed2axjiy0,0,0.0025292462740100744
0,5850b68151cf0760e94acb39c4dfa02026k4u,0,0.0031658055013494327
0,037d9f10da403d8d5f94b6e2957a3702f6x07,0,0.8200167167166822
0,f876e3be4038da62f49234ee498feb732gdcl,0,0.0022217050173424205
0,585b938fd44968d0d59fcac453cfb3b8p8nti,0,0.1764188145444615
0,c08e5e3325e2f4fea171f24ca018e675we8kj,0,0.0017148808285501265
0,cf456f3c8c409ec4060142acfdabb5bbqpx7q,0,0.004932661228732605
0,c69e65de28937ebe1b94e7785afd94158thqk,0,0.33620364130365715
0,29544507566320f1125d8e9f9a0ab3f2jswhk,0,0.8477332026417385
0,1680f758aecded6e25096b3a6199b38en6n73,0,0.0038547736641017646
0,1b0534afb7c02bb023bd4767ae73f17dqzqdu,0,0.19567127731096584
0,fb5a19240e36ae12aaccc1e9d9231144l32hv,0,0.02694186198850629
0,27cc072f1432f7aec4b7e17cf2e473f2x3bjg,0,0.9386558750660402
0,ea6c07fbbfc3f0e549701b1e7b90c4d21zfjl,0,0.050143045220017515
0,3733f7ea492eef1f69f98593d2122c50xwcha,0,0.0031743698003600094
0,7f4e84da8ed11f4ea3a2d276f49949b7o31us,0,0.002535320708723745
0,22401c4dc0cb1e5d52da01ebb8b2839cdoauo,0,0.005057249312933943
0,c18cfb38fe1c4c01705391422177265cn9w5x,0,0.02442608370505913
0,ca0c049b8c37c99ef93b6086e9947135onppq,0,0.0025548133198352438
0,7fab82fa5eaea6a44eb743bc4bf356b3tarle,1,0.013311467749221068
0,dcac75b5ccc362a66e7f9112f033bdebchxq4,0,0.0023173666141736294
0,65659f3fbf6207c570c4bb8ac64772e9umh95,0,0.024633138794046973
0,ca0331fc37db2b251a012376f7b987fcma2jw,0,0.923870362152829
0,b42ef139c2dfbff8356e8886d2b109e06riso,0,0.0026089104293451335
0,b970a53727b2bfaf02079779c846a52fj3f0q,0,0.0019203452351319432
0,3995d9ce0cebd62d77cb8add067d93e15oezc,0,0.0027748965803177056
0,2906a20e0b4f7ce840d051c4be898b66do6wh,0,0.030967673924404675
0,9b51afa3c3a736bdf93bd1f2a7b0a0903c34w,0,0.016552250610800404
0,6b9a3d480add21788772e118e6d51ed57e3w9,0,0.005226014656216027
0,30ef7862d69b3440ebf2726ee85a0b8397ta7,0,0.0026018912714761092
0,8fe6da2176541d0ce24574dbb60f9107oq1kn,0,0.01220571165799826
0,2a5726bd00709641cc54a8ab5422cde3uchoe,0,0.0031754733803992853
0,85371e59ea43c33c7e481ba3c214e893ail7f,0,0.0020987075024700816
0,1c66f261724506bee45dd18a4d221bfeh1687,0,0.01736538199534541
0,fbca8e44d824faa1fa6b99325758ff19vi94a,0,0.1894902986891607
0,584d1d60d357a4ee1fd3b0a6a72de1dc4rodn,0,0.024366445142802087
0,0353aa9e97bd46119c90b8892f99982esfem3,0,0.011838568395997907
0,65d3cc1725c4506fe02be3e2b24435bbbd6qf,0,0.017403368907271927
0,b1bc9ff2b98df742affda07c5977c7345dpm5,0,0.003387711628251661
0,05c6b93bf8f083b2d0a03ffc0fc3524ba8fi5,0,0.019086909221844323
0,1bbfbd968c065ff5dabeffe311bc3ddeezbof,0,0.02625105815237806
0,e19f258fa5019e58974b562a8e1433ccluztk,0,0.051361381837447484
0,4703c8940eaa3f3bf5082ec2f155a8619i1yw,0,0.016225640948341665
0,c9fbbfcc89730e961499b4b30ffc4a98umxko,0,0.005365816682653529
0,a60101895443bfa5d4485b9c2c3e1b68t5ppq,0,0.004217898581747161
0,662b66b1227816c2f9017cadbc148381alne2,0,0.0028171150990000493
0,d7c046d4328c139e76fea7c1833e8fe6fx4yz,0,0.0019205528787599496
0,0318e0a173f7c65db40116b903884c854x258,0,0.06489315983882797
0,6767cffbe2c0957492aa451560655be3hjd6s,0,0.07935434297881765
0,88bf2c0f5460e28deb5eca2ef8e5e809ol5ru,0,0.00039500203674471733
0,d8ff621bc161b09d9192c445f4b3be7b8xow6,0,0.002265523282902263
0,05a07a27e235d01fe480ea6ac73b8838jq28x,0,0.006595972191974388
0,272a9183c10d9e80eda8ccaf6682db71203nk,0,0.06942006834665078
0,9c223f867c65938ce8623fc41bec08485xddt,0,0.002715506880645089
0,f211ff014ed43c9054916f97d6187108mpxr6,0,0.878093389919819
0,bba40511c6e56070602e8dde4229ff923zbuq,0,0.0022930423712345014
0,69b32dd82f265a04826106d17e2bac9ao9fu8,0,0.00259222445231854
0,4b3e6a8a52c413a32f76a6d7a84a54bb8gb0t,0,0.0017148808285501265
0,676ad0665c9bf74329ddc1f70ea48c16stnux,0,0.002157840595754416
0,47d1dbfb67706772f8a44f50e5656602z04rc,0,0.004624195213478443
0,6b85d622dec4fff284d55895eba9969dqlhu9,0,0.0024773133164294864
0,4d0d345f552877998f41ba3cd1ba299885vu5,0,0.0017148808285501265
0,055eb52087e0080b8ebca74be4f823f5c819l,0,0.0241674107752083
0,b7e16fd4fd9ff04b7d741b70730b7b6b1aw84,0,0.05130282360259673
0,5f7767924aa92a8f01b44a7e09f00a4dgqk8e,0,0.00913588542223748
0,bc7722baf876d0735ddc885691eb687bgz365,0,0.1280101120461176
0,cc78aba7eb8293a1d70f083bd747fa1450906,0,0.02442608370505913
0,420e7aebb49d7ab3c04e109a98e152d7kquiz,0,0.002191256978000456
0,61a4da78a5aa5bebcb3e9818a46771766gtq7,0,0.05988772427990774
0,ac94684646bc6f708dcf4566f41ec05es9v44,0,0.02574678281011673
0,8bf07d8631a2808f2c869e27afad2d41swgkd,1,0.9677028682512554
0,e2554dc14d54c3b7be85c59dbc1425f77qv4a,0,0.013363292365943288
0,f8c42ccd10c3fe515e53082f0cde9a18oxgws,0,0.356065499495969
0,1717f6d4c48ae8d3e5f2566d4bb525f854j6d,0,0.0035197182744679334
0,a9bfa54aef505d65ec488d8984c82a7bf0fjm,0,0.04418289710686092
0,f334d76f60cae7c67ab04b9e5cc49907hqsc4,0,0.0603048097609873
0,d38b2db568fb71174bf883554bea939ccts4m,0,0.0018051715575258956
0,48044b1b1f47f168864bc7c4a58a65ecmt187,0,0.0039594441194847115
0,4c2af41637c123c78074e46a22526298vol9h,0,0.002765525744974554
0,e2bda091a91082b774d59f2c5b8480ebbijs5,0,0.001805938120424411
0,f05dfdaa2f67b190f3a79a5a2d5daf9coikow,0,0.013363292365943288
0,4761b2fdb4ce610d1d8dd9ea50f478cf7et0f,0,0.002124413309537175
0,ae6758a627a111f6d6b530b0154c429566o4k,1,0.047919473156972016
0,183c4e44d09bc4ab990b957e765af311vlup7,0,0.002649061999910815
0,84d75f71a61667cd327367453b4c0d2frury9,0,0.0028011357331990876
0,612d24dde60a1b42873ab7b50944c6dad3dcb,0,0.021548463542163977
0,313bb0007cbdd82f326d58c96847294c9hz4k,0,0.0022435952099127366
0,c7ce5ac2fe5f03458fab59c78b19bf7c9wzf7,0,0.040755583671973176
0,a1922a9ee4f9f5d03fe11816c2cc3eb9ivcbp,0,0.0019973412789503096
0,d1780c224460a0c20d5c2f5f68714c5264xd0,0,0.0017148808285501265
0,f9ab998f3adb944a1cd1847a097fbc0bw61nf,0,0.00182513819805249
0,c41f5fb84d9f9e2456a5264c79919569vrhau,0,0.005566090979213385
0,b5a92183d20e5ca98da4065c874e0b9dezbhx,0,0.19479792263002652
0,0c5992f18244e24d2d7b4708a512378729eev,0,0.020982356031548924
0,0580f2e77b4c0dd3b5cda8a1641cb9fenmo0i,0,0.019070990581554034
0,dc9a7ebdb6fb8dd3267ac26dbe5a62b68e4vw,0,0.0017148808285501265
0,147164a9fe8a6bce381a224e9f13207cc1mdg,0,0.024360714006159745
0,5920a92dc2b65e257061017a04eb5361tpa9b,1,0.9081603973512558
0,2d9579812895729581ce269ea17462197jxvy,1,0.9428258077810351
0,f19531503f1485a3014189a80971c6fb0d9fu,0,0.00837148121740224
0,8acae9b2e5454fbd92fd0b3d79fe89ad6w2wp,0,0.007541441140184593
0,5b1bc916ca111874eda3bbe669957cb1d3mck,0,0.0028118601538260914
0,f73eb6e2e7a872f97c715ccdcddac77am8bq5,0,0.05607813225921079
0,b1c2e7ee5c69722df6233541ad5e784eutiv2,0,0.0031759601309362443
0,3312b8e73417810a88be459d75fe9bc2xhd8v,0,0.007267728822113141
0,44c38c27b9de757c8c7c05cf07b7e3eb14qpt,0,0.1949358978310945
0,9ba7cbcf531c20ef7cc55a6da5c0654evwt1d,0,0.06702778088001743
0,61337802cac534b7e7711793039782d6f1yy9,0,0.018354207454883562
0,497b8beb19a7f674bc53acf7f5c7ec8cxv68x,0,0.002653851396100807
0,43553dd8b9370fbba5efa6b652d9b43ezsj11,0,0.00640384310057017
0,8cc03b92898255ce4b096454645599ae5zoc0,0,0.0019803154878536124
0,aea096a392f55d95c3e45251931e9755a9t3o,0,0.13980746721068754
0,05ae7ea9549ae298bbbc8002b4229392e0ilf,0,0.00432458302238257
0,a5fb60c136b7e0a6d0d6e27cadb2a797225r6,0,0.027514868117230445
0,ee5afe7f268aaa88598545df890f4e5fzari6,0,0.006306820380397684
0,8ebc5b544d62622e45e1ee22a56265e0xwwsb,0,0.021765786381542564
0,d9a813646e8fae954898c1279196f5493gqzc,0,0.003219974049069625
0,99ca795998fb781a42d85f1abeb50482yzffz,0,0.3643180774973194
0,2fc0efdb6ff10d51e3a4d979ee52cf07p4068,0,0.01712963846319098
0,047558bebab9292a5d4c85d6ee768784j2hdd,0,0.010345973819268082
0,85499f83c5f1674c87d0fe77838c4da793u8y,0,0.02881167985184368
0,bfc7a0819397d910db7c24eaba1ed4c68dwiq,0,0.0016407429300965923
0,693085cbb28f505f03b025dac8681a3bvfot8,0,0.185500861459236
0,40829191b83242ef1f380f90876cdd74mrqe1,0,0.006482410926977673
0,309f446bdb138faeb18072285ccd9901gz80c,0,0.33941468752159154
0,4dbc8d336dbe0241c9bbb0f3630f25059yo43,0,0.0241674107752083
0,5bb3c3ff71ef6560c7600c512128ffc8js7py,0,0.04015825731938568
0,fe6ed3a12fbbf5da4980337564361710v2y21,0,0.0095631721425605
0,d26cca81c93b52ae3564aa6cdf33f5d5mkliw,0,0.0019494044552635272
0,8e05310a342aec93aaec69a638e83a96aqyo7,1,0.28033584540601664
0,6e848149cabc4434155aacb610fb20de6vq5b,1,0.043568955793123136
0,3550d62e04bd3a1239eedbc29d9c970279b1v,0,0.004709230149391526
0,eb8f9ca4a23586f5acc770fff966f654dy7g0,0,0.024836266703944825
0,fec57d2db5692eb144a71aaa35a11b58delkw,0,0.0037956355758058673
0,8bbb16c0a1bb808389051c875ebab1cea0v56,0,0.004204575648189073
0,74ae4f7b1692dc42622696303d9d4d763vksg,0,0.002118000582367643
0,83a24bbff5a4cf9d9fb10391102708f1oqpco,0,0.0020214244263831744
0,8d638f6da12614d6b369249410c3d278n8qme,0,0.051669484447275614
0,aee383561c0019dc01552bfa5263af8etbuc7,0,0.006498111974228109
0,9d1506d6779356dda24ed87d41f3be39yn1rc,0,0.002488295938661024
0,01cda526658455000913950f20cf31a2q6nsf,0,0.006663472367710177
0,08981037e7a6c9032716ff25b15c9de25p63s,0,0.9585765353724452
0,d7b66d95bcfba06122dc6f7a3c605fd73239a,0,0.004168784248501059
0,28b4c35bd90c81ca959da328806469d493mvj,0,0.024633138794046973
0,4af5e2532224f9f7d1d039704573d9205jbkv,0,0.5524821222710403
0,292dedb5371b8e0ebbeea57f14b35713e2ie2,0,0.0028103864641452455
0,4992da4511c3c1b4efed3e16c7d8dec65ilfj,0,0.014264165825606993
0,2b19566f190ff3b8a85884e03c64fb56ir8a8,0,0.013363292365943288
0,d3920630f4891b9ef1a8a199ce5c830aua4yi,0,0.0776507084230227
0,3a32eb1c6dcc818e0df4953e978f2e89ljhnf,0,0.001711151126158958
0,f9753e9fd6e25e0a1ae176ab95c31146iaqnv,0,0.00409688689160814
0,83aa7c2c8c018888d9ebc6daf63bddb6f2i0d,0,0.002744130905696909
0,17b41c48d6f53585c7bf3b65977eada0yxs8n,0,0.022131126452374937
0,e7cf764619380e5303089f04bf647f10thebb,0,0.008583462541392107
0,fbacab353140582a4b8ae3412eefecbc753vs,0,0.016063698755017012
0,1def3e23e479c9739abce6b3518013d39oejk,0,0.07079298292355783
0,f9378eb3e522beef7e6a4e1f275bbe0eaboro,0,0.0017148808285501265
0,465c4f2ad08cc1e5f7a5e1e3ac75654ealh0g,0,0.0033695612433149663
0,6e178db6d17d21aa88aaca5bf15c2761lc500,0,0.09569435417082649
0,ec3b2ff6f725e847f93285bc9d2b7b3dvcd4u,0,0.004301990935245939
0,649b364bc466208e559858f0677b421dbnalw,0,0.0018489709860356974
0,af14436f293c40a9904d9f06a323215bf7zdr,0,0.003627490429984596
0,559bccfe60c7193963f09388fb681ea65k7dp,0,0.003947002259250012
0,6429ef4aebc7d1f4027b31a6e900d165nqvyz,0,0.0040266045295551086
0,2137e2626c568af8e56bfb72fdd5b9e19qiyt,0,0.004430179098197568
0,b8d88a1167ab74ba64fd6d9c83308a6d4oa6v,0,0.008034299210522481
0,8cb96eaadc11cf4f914bad84518632e7czdyl,0,0.952481148883963
0,f0fd9f1b3fc9ff10c2642b3bf81946e2rsq48,0,0.0064298978772341225
0,8e0462410d727b34290fec10fd5661761yc8u,0,0.0019160862917385255
0,c1d14f4355b7d3ef80f02628e5ef1d56u2510,0,0.013363292365943288
0,86e698821a8aada613bfca1356d8cb7dopnv8,0,0.002790996456764065
0,384ba7c5a8ccf55d174080d9ad7de9b8mfysi,0,0.01955937319873764
0,d8a4b49ed9ca241f025cdbd9637198fb71qmz,0,0.002484903945201641
0,6a97f70ba29a04e77eb3b137e157070dc2mqc,0,0.007255724303136241
0,5771ce26e8b0fcbe7e90106955638b251qj2w,0,0.0603048097609873
0,ba266f4898bf572447ad65856b362595yjt2a,0,0.007116982925819228
0,2daa71f0d138b8c2d61583d3b98a25e1mjp9c,0,0.002626461075817443
0,2b429b9235bab2877cd93ac6d9fbc2d7tzwre,0,0.24734390814622814
0,80d8e3bfc8a2ecbf22614befbdaacf5fo6o5o,0,0.024633138794046973
0,5b0665172160ea4015e79dfbcfa7ed86oe0mc,0,0.1945752325245232
0,1e13eba969b6b953688c9e945544ac4741ilj,0,0.004763007056631826
0,9f280cd011f10593dc245dad1d93b11dy6rg5,0,0.002057577608932941
0,69d8fbf99586bfaac64d31f82b9bee27wltkd,0,0.045324809944381476
0,3e9180fdf158409adc96aceffab6e00bejjah,0,0.0026185406896442826
0,0825d381aa09d1d0c47c77c372f07acbe02ky,0,0.012398633380702798
0,461c1d143120270fff5ebc1b91934951378ud,0,0.013363292365943288
0,1d69e006699adba0c79ab06f2f622445nuu63,0,0.002272998448305834
0,47183c1427a3cee97ff9bd167844e65d9dzi2,0,0.01108652069954628
0,8f086b809805064f3c4a5dd48327c0f51yplz,1,0.03026608919450111
0,a447127835855849fa2ee496d05e0847fgt68,0,0.8287809067743156
0,5ccc30558d4c218cbb4d36872fb82a03rjxgz,0,0.002137863743703339
0,3318a824cfbd3d3d177ab7e9520b21cbsrcgr,0,0.0023237127084162874
0,78c82f2e8764bc8001354128f9265efcqrthe,0,0.007515863968928875
0,7a3378ad9999b1fde0a4562a9b036f038cdal,0,0.0017148808285501265
0,5bd35d55d367d7a21d98bf6a19fc0dc1e5j9p,0,0.003466759316385962
0,a0d080012ab98513e39234e4545e93be17tt5,0,0.0018125509861453407
0,4b32495335dd238db6285f7c6bbe051fv1qoe,0,0.007539215512564263
0,121578435bf4136746cd2a80f1990e07cv1px,0,0.007887331955264849
0,7d44df0d40982a6651a06cf533ef5dddtppag,0,0.021680413376799344
0,6a31ec9cbfe23a9398e80403859f0402cg4ql,0,0.0023926492023699166
0,1ccc69e376c95da9bd569a5d1a176874ivojs,0,0.0024923231878031266
0,c58ffa073b3b3deb4e993ee5dd05347cmvfur,0,0.0019785133782900264
0,100d406b638e84e2da7c31b03100b874qiay2,0,0.012819024587774905
0,3e995d6f9dda5f29c02af4c9fcb94bac0csrw,0,0.3008728201342954
0,e932ef68638c37220f4c2c386cf54578x4hpn,0,0.002477240642396961
0,65996114740a63c9e0fde74bfb6725b1k9nuz,0,0.0020769246228338647
0,bdeb5eed17a812d2c47176e30b8553ae2k06g,0,0.05198199726049569
0,a0420d3961adf890fccf4b43899708f6h40zs,0,0.024340139579008185
0,7c0add0ef85bb5194e95ceaea737f90fyv13c,0,0.0034564279290371985
0,9197b6590c6dceabd88ec93157fcc31fgb8a4,0,0.0023328989716300116
0,57c4421263d37c2cd2573cd7245a7a80h0mjf,0,0.05729870795427999
0,baff2ce04381eb1bc4747d557bf52208vqmby,0,0.0025858483283008955
0,cd9a7b22d85c35845260cd61a4b65cb2meyel,0,0.004160254675103656
0,7188dec1b560385b0826f78e7608fdfeai9fm,0,0.6316021800267159
0,36473d4c641c4c09c20c80e2ab35a36dwzp5d,0,0.0015240673691023904
0,4579226b86f3ca5b5ea1597efabae4c42j4rw,0,0.0024704672031738407
0,4cd52ae88da3e30dbe01da5048151c98p4f0v,0,0.3721842252206659
0,0d9f78a6084bf15f42210bfeba95621255c89,0,0.001980350164984779
0,c34e1a988fb471e9eb8a5e84bb8ddf90k4hng,0,0.08483100727270805
0,ca28bff4ab1f6e74bf08b92e16989e11vn2mf,0,0.0034649431149104686
0,6c0030ed696c4156b6ea3472374f6b54s4ih4,0,0.025399746768037756
0,a961ba95d1685705953ace49a29424e2ld1ek,0,0.005395225015856097
0,f725c5b4cece8353da7a636fcba0ecb5yxshd,0,0.011712699479173203
0,c16a9bdd369ed3ec2891c46e64017560fbx69,0,0.0029612866221428802
0,a027780df5d0312919d41edfd4947f27odx7t,0,0.1317072327644156
0,2cbc26f228e0556f268e0dc1bd9ac0a5lzdfh,0,0.05266686136017334
0,2e33b1ee8a9d4a5cc5f886ca455e8f86kxu5r,0,0.007551944764081511
0,7b22c9a323baf4a7bc7a3761e4a30bfajixmt,0,0.002838513065586768
0,e578807073c57556ce334044382a9b98iaz6o,0,0.024366445142802087
0,f430aac3f0f7f88a9b504bbb71322d54mct7s,0,0.024241060913318884
0,74487d5ffd5c34de4fecaf9dcb66f86b0wwa2,0,0.015110281437784423
0,2012c722a90bc47f1abbc8319d0cea51p7l5b,0,0.0030076125701407686
0,2234754e09ba15519d0104c405326fc4igk0s,0,0.008927856567422917
0,96982cc1eefd6f526b512755151227c3h2w3l,0,0.008993236810543905
0,10f01aff2fc23653ca7ea1d74248357a889wv,0,0.0033891376574078807
0,6d501ebf066c0331853f1bee9754e781obu7z,0,0.024366445142802087
0,f5ab013f90cb8890d33c6a309798204155q15,0,0.0018349657264629892
0,37bf6f23b628a3e2b5b22ba81beccbef0efoh,0,0.44288319300002515
0,fa6bfb4a2156dc8e73a713cdab85bc4bmcmwr,0,0.013363292365943288
0,7eb7b2f6a914afba5c3d207dc28a93aed9pnc,0,0.00816928778839578
0,031da7aea2d4b75ac8ecba4825bc1318yki1d,0,0.0028550794442499723
0,bb43fc12fbb0fd2b2536e4033ababf59exffy,0,0.010404904620229161
0,466ebf78d7326a38db1e19fdc1c70e9b1qu0z,0,0.006142276020224809
0,9be39ea5a0612fae7bc43a25a6d10856l3qaj,1,0.04018824492884294
0,340d7ea497f16bdb912ec5c6ce467f71kk7hy,1,0.08358438313700876
0,437c191e614776c1535305f602ea9033sdfmf,0,0.0022818394303280682
0,5c5dbe70c2cb05d208c22d204146e1e9f3lvq,0,0.01200084023132853
0,cf1f2b6f29840e1ecbb31d18fb128c38bseas,0,0.9574245503172946
0,f0e1c483773c2ef8466d152874872139e0wcu,0,0.0023509985822747653
0,faaa98763b59ed5f02836d4bd682035bfhujq,0,0.0033184846496330934
0,20fcf71ad6fbd43f6f5fe493a6bc3ecfextqf,0,0.0018126109517959484
0,862eef3a75e1351593b54975cd8ae1b3swcxw,0,0.07888824941805173
0,35a02f50226eeda275b29a09acef2177k95eb,0,0.0029776705226143754
0,6ab75792932fb1ea6fc74a18edb7888c2orvk,0,0.005602036843269039
0,936a335eab4643c3529968a4d9b0c380esi7q,0,0.0025056446999587173
0,603d769a86a359a0d41118b47c0ab41fx7kz5,0,0.0027067101926831006
0,6affd6d2976aa7c48dac70612fc8e31ddo7j5,1,0.9664322495374161
0,19b39b852ed4abf1ba5b095829e25b946aed1,1,0.8062000375817643
0,a6f994251abda6687ada2e9de52bddb5cisa7,0,0.0021691521422354753
0,8473148f069a890b7323fe8316861a71qoxv1,0,0.004447726151405568
0,4985bdbf8710c33fd7c9d4771db7c690mcbyr,0,0.002166390038084077
0,fae553f133602fba6e9e6051dfb27fefkruax,1,0.6268697736333093
0,db12e9cad5e847cd7a40ec1ee649e475iwzqo,0,0.0017148808285501265
0,197e90906939267ace2422e78e8e83889znqp,0,0.005211483592025316
0,31c840378b5c2e4469fd2e7f5a1e5a7d92k7u,0,0.0032780921232036277
0,874f882f7efff96263e9b555415aac36dsxry,0,0.0025008589068291577
0,ef415b2bbbb81ed33cec7242678975d5m5qk6,0,0.005089997100965738
0,b0014101fe1b510ea150c149145dbced3q3md,0,0.0019973412789503096
0,c8b23d6565e11d874e221f41440ffd25mrucd,0,0.03948840952521494
0,f75a0f726d764514f612ee8cd8f65adegt02s,0,0.0037575463101164356
0,cbe8d224a38ccff930674361b502e7beyuf1k,0,0.0019973412789503096
0,3714da7069a5205137cacf89ab3a136ffx2u2,1,0.4797633013465357
0,c616385a2762ecfd8e4ea16d8a1f2596qw07a,0,0.012041663936612938
0,1ea558fc18eb1b3ed7759a3aed7662d3p77wq,0,0.07749852999996776
0,8ab98c1e6cbfb902af4e02050a886396a40bg,0,0.0023336288127355173
0,da950a556200395a82e23e3bbfe1abb6xs258,0,0.002346866484039357
0,13c4c826516304555e291d3d91c108b3ytpmj,0,0.0013608629649692334
0,fdf908d608a629d5ebde14819231878dojel8,0,0.012142596166524959
0,bc3d08ad6ac94b8b5ce40a29b59899cakj3p5,0,0.10059075013802289
0,e56f611f1157381f4b689ab34b574e791qhcn,1,0.9121844250073554
0,2dc309478d30d440e75c932b1f13a8fai2p2e,0,0.0031802507556520517
0,76f17ce227e593aeff456fed46e36c83a3j72,0,0.34490861289523644
0,af33d5277890ef0b5f55fbbf400441c9hdehk,0,0.003473633091563807
0,6bdb40330295fb3abd4647808c319d29pb29n,1,0.00614374040201279
0,429b876aa7e2d6741ddf322685363ccchue2v,0,0.0028446664855708904
0,036a4050a5dd65e70f0f613ec2e38a74re026,0,0.0018125509861453407
0,0918eedd8324da06abe5600f058480dc75nfo,0,0.003746965922495233
0,0f3ee77a46dd5a09ad20b7c3e54ec614sbpvb,1,0.012943097595435573
0,70739399d69a3b7ea9e72742dc728742zp9uf,0,0.013311467749221068
0,470727c18798cf0e0ecc2a0dca207cafuena7,0,0.013363292365943288
0,ec96b5b27dc870c8f59ef11b7371b06eenaox,0,0.0020151106296672455
0,91b8febfd1f556c06838992814e7653cr119e,0,0.004674674727204956
0,cf06ff5f520b14d1f9f1cf5a7ff34982bj4md,0,0.0024103392188862373
0,53856dce9187b16f2cf5e4e58f5d0397h7tz6,0,0.024633138794046973
0,a6230fdfd4879433e36a76d53440f426c7a7a,0,0.043883394992134256
0,c843f90bae7231af13dd0e064a469704drz2x,0,0.005572759634041977
0,13812c0d2c8c474bd62481d932407687o26kg,0,0.009216934741308963
0,283987b9f1ffd4514757483ee1f01351xd678,0,0.04518545158088916
0,3dbb502d9d6f89b26f62cc804df54dcandhp0,0,0.07290927726528226
0,5c32e357936f8977277d9b23d8f09f34v41wt,0,0.0018542221233315626
0,da00b16633eb706fb11d55868120cdd9so58j,0,0.109751070339094
0,c910efe1f135b08acc32b2db162362033olvv,0,0.0027846407202843644
0,04636b6c61c80f5325efe61183e8edb01ko20,0,0.003481153360212109
0,24db47d284a08aaf119eb3e0c45eb646i46j5,0,0.010014816766590011
0,2f9ea407ba48ae05f98fdf634995d936xefau,0,0.5781784462814762
0,35f822bee4f85d98d5b1b23c65681974ywyuv,0,0.002595882516780858
0,abf6c2cd31be1630f5a7a1219935011c3rkqt,0,0.005201354817768426
0,7ba17b1eb362ef91a99a6f021b3f2b63uyo76,0,0.042676093493794
0,c36fad0b52a6be6ec32cc5530c0a2aednea6k,0,0.04698219429530558
0,bbf1dcd2f0100fa90e4a8544b90e35846p5y0,0,0.0033865034491105408
0,e60b306c01cf0c0be5c7d54facf927044g5d2,0,0.05124955039050733
0,f416aeaaafcbb66aabb77347776db008qw96o,0,0.18364776928806192
0,f4d69870de1e803fe00f8126e73a7e33zwcds,0,0.03218047037779816
0,b28e6a39ef0cdda29c5e350e048c3a813idk1,0,0.013363292365943288
0,75613637a85df9328b743d33b0efbf1586qow,0,0.006453950744672475
0,01f498a0992d280de63ec346692efb2blckg2,0,0.09093440726958317
0,f1e57f96a91c185a7ea716c2481cabecpi3ia,0,0.0031538131557916605
0,964028ac24d4ca16c4b63f64b06df1c8ltrrl,0,0.0010323482623565907
0,7505bfc1ca67a5ae14e329b46a88ab869ms9g,1,0.8613867469797142
0,14c69cd7fbc8300876f287520c493fc8xe2o6,0,0.004595311215432918
0,c888cda1ef5931da0db90f6803cd0d368ay6r,0,0.011136033469948977
0,7bb58b7875a093cbe7c5d487a825b730mjcw8,1,0.9927359359626218
0,b4210edd4ec9bf872c7108fdb3c6aae9cjwz7,0,0.020339658805349898
0,4fcdd880c4e1a1767c4d26f74bb3466f11osj,0,0.0017148808285501265
0,771f6754997a1954eced81d46348b4762k475,0,0.41547481146439375
0,6da04647ce16d0f00051dfeaa94d3313ox30y,0,0.007412125175985321
0,f7b25abd850df9b0e0b305c6810e1ec3qbtaf,0,0.002977838135059198
0,cdf1fdd424a11dde166c4bf069d6998eph7b1,0,0.4149279775687601
0,d154075c75cbb3f4b716a16c88eedd774i8s0,0,0.006983761040652147
0,7d063aa96e7a065ed5ff9deb7c851bddhrxdj,0,0.005985190619061401
0,fdd6944b3c3caaa7d1234ecfc11f8d080h90x,0,0.003975934594462722
0,4c93ba564461b1412df6f033c8ef71e8ck438,0,0.014082431739288553
0,205a011640002932a7bedbb93d81b68b8m93b,0,0.002569501512802295
0,61e4b6ad0fc268d42c330ec99fd8c939yb7t1,0,0.004111239207077693
0,b08034d2d4fa400b457d4a59a2482e8enfhqw,0,0.002318199704432434
0,8b253bd318229b3eea3f459bd81b8347khytb,0,0.9203994972812443
0,c17c63af831939f5e2fd12f65821db65umonm,0,0.764292109000387
0,f0c034c46dfb78d2e9e67fd4fa1688fa6mv8k,0,0.0024103392188862373
0,3d575194dae5a2e2966abdf84d800a3bgbsd8,0,0.0037192425577074425
0,d1200a75b6c05584f4f902e74d3dead76cj15,0,0.0032586605104705916
0,4070f6ad5da385ba11cc99183817eb20h69v1,0,0.002995305747992035
0,f6485cac867e1e7d2d991838551b4c4bfnarv,0,0.00872645835867702
1,4ab12bc61c82ddd9c2d65e60555808acqgos1,0,0.13864616696435544
1,88ae7a35e374a6fddd079ebb28c822eeohwse,0,0.11729524647639832
1,57db69e32163f3e486dc6ef7d615aa12usje6,0,0.05075859022024027
1,d91a4421996dcf429f575e372915cdcedae6g,0,0.04933726964159512
1,5354c02817e47f28e60e44a40ca5e48dll4sz,1,0.28071539533383477
1,eaaae0fb54c7d36724a9679c3128d5a7gn4k5,0,0.1353123708036586
1,95fede5853bfffda8f50f6af494ff1d1hsgie,0,0.04956525822533242
1,d36857d18a397e7e24d05dcbef3b919ftjstv,0,0.012168905911850334
1,29cc13d48af9832e0eb481c8a095fec7mom74,0,0.004513021351865627
1,c0e1ecd40b81bda3b7dcec501334499dgzq17,0,0.021361387032933787
1,e3ccc9bd16fa1f4a92fe87b4a54e5e72uficw,0,0.28645248516110333
1,a3c2ba79963b637f15086e6255a46253lwpnb,0,0.005169657572919496
1,09d71d3e6a6871a7598dc2764c5bb4ffkz6mc,0,0.0033311876060008335
1,8e1f8e5907b3cc256a2a57ae9ac81e063gbz4,0,0.0031114809447191426
1,f769b9f92260ecf046efd05bf9ab6822j7c02,0,0.001223682507477734
1,1e342381f2c64318a51a9b71d91897f8dv9ul,0,0.33260606950260435
1,001068c415025a009fee375a12cff4fcnht8y,0,0.0572017013652899
1,d9c6b6d7290e4475bcd6d264fb33a706fqtvc,0,0.06781594657888694
1,9ded76c5244a2116a3b5432fa265a800j0bvt,0,0.007371213327776519
1,827da66b68b225547050c11df16f845618ptk,0,0.0018593061677499453
1,ff58ffde976a4899dcd89597a7877e18lntgz,0,0.1529030885344329
1,758bd601d6700494300ec1647682eb34vq1zp,0,0.0029182348361690667
1,461dc3d03d1e28d52770a4d3dc7db34558fcg,0,0.0022962562403203005
1,915ccac760c7359a446100fd1a54bbf6oyrzf,0,0.00827689666715852
1,60b8145bcfed7a5f2a23b596a8aff99cdzn4m,0,0.00797712448928867
1,75c4518eba20c9299a3a836d9905c327w6j8b,0,0.2546889697103331
1,226017dcd6506ce20886540ff734210d8hib1,0,0.0050455667782492745
1,5960fc711b544e2617d0f76360b69e2afds2b,0,0.03757791354656933
1,ae94687eaad6b410713db9106c42566axgn9n,0,0.02589542472383706
1,8c2bdb9dd878a811701838002627a056be0ce,0,0.6244255620440783
1,36b84c776aea2e008180dbc72393ed750zsbr,0,0.017249104136926936
1,8d43ad48f315364be4d979d2e9d5ee67quqyi,0,0.011986156952732955
1,7264bde42ef4fe3fa19cc7c6d64696cf7pqtd,0,0.011378913419174736
1,f90f13ddfc0f98cbe3c2346a2e30093cq6zo0,0,0.0022587481979720013
1,19353c42feb91a216885fe012efdfb11s2iu8,0,0.002595149540687468
1,fdd836950d203286832a21b930b9f6b58ch7s,0,0.04438156655295848
1,3be127c56b2de21dfcf2836f20afe249hqkxy,0,0.00900869512947709
1,8126928a319468b6da5edce4097d2398xwita,0,0.006863505245673647
1,85155ae64ccbde01b48fbf4b3f1b739exmqyu,0,0.002566255121466847
1,de9f5df5962dc171c7d82ab503c36dbfwicon,0,0.005557463066178924
1,a94c16f8a98e493e2b4390b1975e690dv8cmu,0,0.019531453503090372
1,2515c5fd81638d5d0bca39a2b2be3995tante,0,0.24100446992985414
1,c48fd9c589f273945bad5f0cea5993ba2fet4,0,0.5746339482642084
1,1880a778c9dd0cb15ca1f052308a8e04g7e35,0,0.002975505906389368
1,5948bcd0f773286ff7d5cde332c7ae6918jt6,0,0.1325604575957627
1,08515611e73803dc6d8c562b8514dfb5qi3z9,0,0.28872678578383276
1,99bcfc00be736e03facf0afeb79ac533cs7tp,0,0.2077059551500233
1,ac494ae5acf003f84ba46f5741618a8dn19qi,0,0.002766550326631397
1,ea57e35acda9a8f8b75f4d9bc049f74d7qx3t,0,0.009971499941657259
1,408f81a85f3b31f8cabedf6ccd381961pop72,0,0.004005024919387009
1,4376fc192e83a1a5d7a83085369916e8rr035,0,0.0030620267569806065
1,a2d0b7ec1595325cc63777f106e09fcd88y5g,0,0.01839039220274591
1,ea5948061b2059bcbd900d3ae7e86e428ae8g,0,0.1131283683460279
1,17c87408ee1009887112745797caeb7fwvqfc,0,0.004359719273646049
1,ee052a24cd3164af9d08fe77bd6b79dfrbelk,0,0.003925381171709361
1,205c519be884c5b1c885f61c4ba8738a737qg,0,0.9047476997425778
1,d2138bce99f535c244dab68652ccfa2enshxk,0,0.0037049448743841015
1,97b002c9936e63a1fb9994a67615e84fft019,0,0.004234735538807474
1,76a8a9566e21595a1ac06cc0050626c1q7a83,0,0.0023569230555501278
1,26190fcf0babdbe0b0d903f325c52873tpj7e,0,0.02718929265711308
1,f0f21cd3d51b7a233988cb1c3c5df977zjqkj,0,0.0018367757673806683
1,791031a63c9e2b4835caa9a4cc1768baias2l,0,0.0022802011823795615
1,055282b75717345ba6f53d40e9e6d6c56qrzp,0,0.03219706704427181
1,e22528ef6a439aff5a8b19f8c9b07c19fyzs6,0,0.009229015188893302
1,d3c80e9f6b8e1d774679fd8dd5aae611e3qls,0,0.0021554717667804256
1,334714f005e994d46cf4d18093dd4d05fyxc8,1,0.351901066762224
1,300bb4c9816a7064b106c9c6cec2f51ei13n5,0,0.003005815411281068
1,340bc29eeeb9b9d04eb1fb72a1a9a2444brgk,0,0.0053766462875628335
1,e03311c7620a8098b7a177a5f1ad213ernao3,0,0.0028615315591318004
1,01eb9dcbd0b3e79d94020d13d83a993ec9d2a,0,0.0033196437256125724
1,c9056fc0cade75299ed4438567a87d6ek44pt,0,0.0037580915375124797
1,74f153bd134afc92866a6bc5cceb2088120y0,0,0.0037049448743841015
1,74866aaa89db79f25dc0fae8be067b83xlbm6,0,0.0024294815698063335
1,6a5457f1038c6e1cf9feb57529ce07b2sff4d,0,0.00820041473036787
1,c755d2832026bc2a6f5d2d6df5740f06mr3nj,0,0.003651266974439792
1,7f86c3c417ae1db5bea10bf9d0a7827ct3ni4,0,0.45307617844629394
1,cba6f45915ebbd4b5404c6d357153c0adeblt,0,0.0790969816150402
1,ca391c857d7aa75a72e2d7c3133e0d6ay9pil,0,0.06410191438610768
1,dc752fa41d974bf688d25ea9d18e9a2eit904,0,0.003204268401211997
1,f2bf8c94172c4d71076e151cb4e136007iiur,0,0.0023468385280501648
1,dcd54d7afa6820e3f00e1c9e83aecc7b4f3lw,0,0.2720839744722162
1,79c18f0460f9bd86bcfb25da96d91490jfuxv,0,0.002509460048729835
1,f18d2ebbd5e48ef4f1ee412339d6ed7adr9qi,0,0.0015084780167608986
1,0d0d43ac593a891ce100d8202d3d72c3xsma8,0,0.002444602572398417
1,9819825acfa7e20c47a78bda5e76b195jh0gd,0,0.055393351680161046
1,b232fdca7cb98028e8945005f619fb28p8788,0,0.0020129482432639377
1,db80f065a93cc6b41d12af614bc3ec11kpwjp,0,0.1358164510183419
1,7029915a2c5aa5d964acfd85c30c3950b4opr,0,0.010312648378078403
1,295fbc4ef00fe0cea7947811e78bb8aez9ti2,0,0.017249104136926936
1,11b1859aaf7fa93818baa76007cf7207d8uwy,0,0.002413817422932757
1,57e1892d3d62d87c9ba5e8425a1958c0fn11u,0,0.02718929265711308
1,67083f257438b1b79cb09cfa601890855of77,0,0.0020578902711326816
1,db5e9f85e7d180f7d952f12e5dae5900q9xif,0,0.0009588495815498292
1,e24542c1bd46a4a0f98b0fa95d8fc40brecdx,1,0.4107477057647781
1,39f9dad880d32ee607af7571ec24807bn1g2d,0,0.02997173403441552
1,37921a9d842612b3b0281f7098d0002539xrj,0,0.0022364167071441204
1,c6f07c222aa3a9d35b0e01f8959ffd21oownr,0,0.002442826080904448
1,86b6207b5e87d58ae307bdc1545a101akz0ew,0,0.0023765497702458644
1,4c2699de8bc9516b09c5e5c8bae6d6c6xiry9,0,0.0013401519352869266
1,d8d90875fbcf94c3b4c5c00479cbed6e1mqrl,0,0.0030530308228029226
1,cafa845bd657b17eaa82940d4767d9dfe9uxg,0,0.017357433615081283
1,9211adb9cc770c78a70b55441acd146bfxnz2,0,0.004485335751967064
1,45927dd51fb4301c459ab96d48f64752q0o9e,0,0.002080946946266511
1,7f603f668968facebb0567015ad4c201kikrh,0,0.002317298270899354
1,ff566c87f2babf3dcd67be286e1c6666cxzh1,0,0.0024209908177844973
1,56cfe8b0d574e1df3f823c2cf32226eff52uw,0,0.002599827476319956
1,b6a7b5bba132a90e7c7cb350d2bfa52d7sion,0,0.9266131207656101
1,a664b6b42fd48403fbd34800063fa50bz6k4m,1,0.9792094319543883
1,84bd02dc56fb7c3402426ef7e8e166e2ptwo6,0,0.05109180216376518
1,29b8af2fea3881ef61911612372dac41vczqv,0,0.05109180216376518
1,c1434e440370882ecf00ac52140f7adbuy1e9,0,0.003907892965759824
1,8bf04b0a219c7834b25057c0220b4d0dhwdsg,0,0.001812259603879383
1,9393cc68d0357d7b200a94fdf93ee3cf7xg5l,0,0.0032608727575422166
1,45c3a73b88760d4390f42ea4fae97d84la5wh,0,0.001950593209793645
1,82194e7d8f9b84e71b789e763b5c3263r6d98,0,0.00448909354262613
1,2794512e8edad5f99d28c33c7560fccb9zl8i,0,0.7405761398300418
1,40ef6a4a0c99b478fee1c93f4105b9d9mh9iv,0,0.04206130586282924
1,b725a638efd8d51f66ae2f22ce1df678p9es7,0,0.12333433970566333
1,8cba56e5e7c2be942ea8472b73f0842fil1x0,0,0.006771116909209358
1,0853bead89b03dd38a04d84f4312da7dukglz,0,0.0035341042247356634
1,cb9a75312b809291306c6213ed5dc67dw31qz,0,0.20522836086544338
1,86091a1e6c99358936979baf67d54457x1dzy,0,0.0030494357232516843
1,8720f071e045d4cec9d707c583a3d64avjyyy,0,0.024906039173181807
1,6db047b1bdd342c09ecf9f5eecccaa4fy5l0q,0,0.14709892946003478
1,e0a87bc26e13c599894d7a5103fdca786tfat,0,0.018991360807065073
1,b9743f78108aefe3995e1c2291b5f3278cgpk,0,0.011952676310695862
1,7daf0e51b276c6ab5bd2ccf520dae106graj8,0,0.0019975091022743224
1,b071545f5ad73150880c42e780d951bdzvxn7,0,0.023027460629163016
1,1dead8a9cc54fdcf7a7c16dc6e06a3bbusgcu,0,0.009106811439226386
1,de8943f2b113702c98ef695888b7d0c6my29p,0,0.25277843614908335
1,2d113999234e06201c0940286d405453wqjsw,0,0.0042517873954478385
1,429f301119adc32d35541dd4d60903563s7nr,0,0.030311257835301336
1,54e279a4e162af7fc55d640aa62d0cbc9hxil,0,0.012119104735819614
1,34cc283e180fcd4902ef8758714c6d83th4nf,0,0.017444042515596083
1,9af8e7dbdc3c620c8144d736242b3bd2fdbpx,0,0.003612880308490151
1,73d4cec0ad358d272d757e0fce8440d01fvw8,0,0.017249104136926936
1,fba0c76970a464cfa9c043c906442f0eg53a2,0,0.019531453503090372
1,84a773b3c9d300834d9d57af5dc83091y54cx,0,0.002372556746274045
1,a6ec153fc7002cfd929b9f7199914cf75upgt,1,0.05012238701709547
1,655b88e646b94d0adb9e15e9f3b9c9a4lvcrz,0,0.037000129095250425
1,03a1e81cb7bcd15014489a6f752c9d5b7pvel,0,0.019698340218019948
1,33189c09ca7067834fd25a54920f82d4nd7a4,1,0.980184477023912
1,557f06b312e040ed3cd7dd2a011cb83avyut1,0,0.012885686026409078
1,3128932859bba46f57cdd19579c42e05lif6h,0,0.001469212125441574
1,ef905e4d866c43dbc345751e7fabe5a568kjs,0,0.25277843614908335
1,18b5e850a1c10e681cb5fae0704a699018x6f,0,0.017249104136926936
1,1cf0d30e0bf9f4a536b1fe16ecc26cd22j50c,0,0.10747738168227294
1,02030ec48b7179a7fd9950fdf546e3feekkye,0,0.005655789928277728
1,49c3957287d24e69713e4355933b74baoijix,0,0.002440071643724884
1,59fe751fb6c277016b7ebe3609aa1b15vhg7w,0,0.0037049448743841015
1,3e85a43950c71b1988a814682abd4392yakvp,0,0.3766868475041714
1,f0567f6d45c0f83b9874681fe8dfe0ba6hjlf,0,0.026111705726046933
1,a4734769962126673e975a627e930b5fgc79n,0,0.004523763424906387
1,39802378690e7d0c61d294f5898852b96hsfh,0,0.017249104136926936
1,ed5fc53d096bcf1b86c30128040e775334ut0,0,0.14148528422980386
1,58c3300ea9095cf5e59e27abf2a905ce7tl6p,0,0.017249104136926936
1,25b58d1533e04571bbc674dab28973f8hha3w,0,0.002542990012903658
1,173991472d4ee18932f8514b9d4a9dba7rjqa,0,0.00311507556185805
1,4922d20e07d04601e8724be5e9f9576blyccu,0,0.2546889697103331
1,06b2d71c26ef3b6e29277f761cd0db90wuwjo,0,0.051817150986743846
1,45fe4f0fb849e7195a1efd5495d1285f2culj,0,0.0018821485483602378
1,14bcf558addd6e6f2818ab2bda7dc679jqoon,0,0.004128523320477685
1,5830a96593aff3e951919578f7374f09pqyc0,1,0.8883789694229974
1,0af208c4fc46ef9236052ff495016326zxoqf,0,0.002271802223568283
1,9db7471a12cc3b8fa3cba86bc00abde2t2wz5,0,0.0029833033966240787
1,8251041848182e6468c8119905a177dekmshg,0,0.007263093993196546
1,c8d3fc73c1a41bf92a5e4982eb6cf78du8gg5,0,0.002133890261345091
1,6a1d4042a5f3a3f34f5b3ea753ecce30l0qj1,0,0.005477639485897483
1,42f754cb72e01c08005598e1f9383341fn7xh,0,0.008478720592534298
1,f019bd7ec140624144c4a9b40c42bec9jok79,0,0.005108910136290481
1,511a640e38bf03022300f5503cceb2cd3f361,0,0.006743124084031864
1,d3ab33e9314c95d6806813171f292299tmprm,0,0.0023034700281615726
1,1ef47d501d4b36498b51e184b1027981xu89r,0,0.0018210568750580702
1,a15766d8d3d231f862996eb3ec33559735a3d,0,0.0026028089272192604
1,cd35a3230456d4a245806e476c63e9a1evu7i,0,0.04192576008094551
1,5dd3494b46f39f8c8783c25527b64dd8hp8ti,0,0.017357433615081283
1,0bf6e0e5184b3599bbb4ba1fb3a43549ije34,0,0.49556012817455675
1,3ef757c3d6a272681c69bbd7e071b705yzt8t,0,0.0030274299467643586
1,42025aabb56a61f3bea90d27b283b517dyk4t,0,0.056332707151078104
1,67616fd2a1de5c46e32041354efa88ceahbhq,0,0.3043368511175016
1,3ee7de4c5a5e31b7b407827ae1370f70suenu,0,0.0033653961552013406
1,39a5a16e5a67c2fb51789cea4d3091f0mv996,0,0.007036135922737938
1,eec2ea9d9b292a343f8ee566ba252baapagwb,0,0.005681661755123755
1,95efb775460080c0da57e154f27876d75xnsx,0,0.0021486122567954805
1,d092609f5140c62ec64ddd7615c25792qgdrd,0,0.003509777930769562
1,fb81da0790d821a22617d748d0226540ylrj6,0,0.05443620151230697
1,1afac423a94778ddf9b6c1dc0df7105cgp1tp,0,0.004964499041089799
1,f12120e467869d3d5dbf7c7d0566a8e7bmmhk,0,0.045341143168342556
1,497ef6187e03fd9d4387ac436461a40f982dq,0,0.004337725274291047
1,36f52ad1abfd307b73c9b69cd5197dddmmxgr,0,0.0009465712180300865
1,a13da89a3a54ac9b4ced156542afca5ddyumw,0,0.05507758031972121
1,c2f592fbdc8980229367e1db4d0f7a51my54g,0,0.07224166672716224
1,1c950af57581698616bd9923cc94fef25n5wh,0,0.0022785682663803613
1,c963c2dcbeeb0b7051bd3a6a87483ce6i98xx,0,0.008828852792992654
1,24108e769a15b155bd2d63c58368ae5946zhs,0,0.00709935066199983
1,cb557e4675bf4f36f93ef5599adff545nz370,0,0.017645763231361068
1,332484ddd66b9a3db89ee68f08b1288amq90u,0,0.0026921479300882345
1,f5edfebe95b4f637d1bcceb892b73dc7rhn7l,0,0.04266816213134196
1,ed5ee107143980558fae26c1b5c7b81a82spj,0,0.005390470813824987
1,519c0f3b989c8e1781e0910f685980ce15wzr,0,0.0019596537091810316
1,37702159c6cd2c1a21cf66600e96cdc6rdbff,0,0.021654852508058136
1,8644c9765c64da22776cd67eefe0f498u3aaz,0,0.001091533739659143
1,6ed39d7c89fa2d423017cc9811f0c469i2157,0,0.0072595748044136784
1,c08ae3075278ed0d139f00ead52ac2b0oy8nw,0,0.00201494761775788
1,00a0517965f18610417ee784a05f494d4dw6e,0,0.010094858209040658
1,49eaad86d095aa5af75ce34e59e4b7f1mmf9q,0,0.0040155215175429
1,ed4802c318a7e04a5703ed115fe4f3a3kkugq,0,0.009586356720112538
1,b1e106943db37b1d002bcbe06b264b8bahuy0,0,0.0021471343496986144
1,dcc5a79317a22bd0f6dca1f60fc866a8bei1d,0,0.08470904230317923
1,4d1542974bc322859d3d099b8c5193felot1k,0,0.8576297508711052
1,08353687608279ddd83e4d36fadd1cd8ritj3,0,0.004202035685808033
1,cc4763c97c3d7cc9116e0a51a6d1f2e82242i,0,0.001798216059266606
1,470a0e402bb9cb4d48c2a450d2043e87flc2m,0,0.0034251155396521835
1,d863897264a7e52d9c6a1be6dc453c6c9anz0,1,0.9484776877463986
1,67d6466d7f4a32d294196b8c16ee0b03kn9tf,0,0.05731435252739276
1,86a626c876e7eb4be35f4f0b0a78f97a1rn7h,0,0.0024568956670102983
1,bf8de839c1a8b7994d19049667548e4ewchpm,0,0.00236216742433557
1,5ddf9ae899e629acf3e78141a9712a05a4feq,0,0.4066837802752297
1,2b13a870a46975494b749feea0c5c7ed170ll,0,0.006947004374092437
1,a7bc17dfb615eacffe397be5b2c2f3a6r0bb9,0,0.0035299407100168423
1,cad9c97e99bd5753be98edd9ad8ec8c8c7r66,1,0.7287545298106795
1,a06311ea45de34bf667b79a92d13c764i6aiy,0,0.15859889546243386
1,9a5fb8e2e5add29b006d789e4cfd1513paga5,0,0.021654852508058136
1,95af80db42edfce4e937550d60d79561punym,0,0.019531453503090372
1,adc548d88b9a307ce0b58a0d11d3ae14gcfon,0,0.07130327991335114
1,6b3cff1e3d9398d4c125e7bcf612192dy1gwn,0,0.019531453503090372
1,2b4b36fd77eaeabbdad8fac68b17ece5ey04u,0,0.019531453503090372
1,f069e2e45ce316168a94b972c5b7d6b0f342m,0,0.20627711230223744
1,942af1514033a612b203ec58f7894c9fv899u,0,0.024046103133415216
1,43295f805d813e816fee438d9a394bc4o4of1,0,0.0021748206657463396
1,8c3631460a4d25d2b21b1f92ebbad752a19ww,0,0.002106792410994728
1,ca68a41b3a4062f154dc1ae8456cd792d6kp1,0,0.008830312968511082
1,59cad1329d42bda3d678bae082bee7edgvt7q,0,0.0030205423220737424
1,a71f84e476d03bd0b25d45e44eeed9a8efehw,0,0.45323234904726856
1,c0e3343070766b359c664f93ca65040b6bh2k,1,0.03914367190432088
1,d3f595832d80988c2016aeafd125d8f072r4h,0,0.005799565033387364
1,84560dfb1400fe920a29ca2c728acf1e25eli,0,0.0034269770026130013
1,78e59e188d9780cb8988d574f692ed343s129,0,0.005905291225873942
1,781972f2af3af2abc492f9dbb0f6fceahnban,0,0.0028625188406408656
1,2f9a7b01fcce94499a59aebfac98fe1ezsk1y,0,0.0025063337048633243
1,7a9519ae09e328b09d18473f96ef075fzrs1v,0,0.004602823656764707
1,12df4a9cf4eb203909e6763960b79238cb0yg,0,0.00990598623500314
1,7639039411fbcc6cf1013b247b2622a72g0r9,0,0.004352714879973092
1,67fd1325fbe3cd75a110cc80b9df9708l0w52,0,0.1351445595579631
1,9bd2d79f328a5afe815d5832e521aa9187q2j,0,0.5287052803960144
1,4f57e657df5ee5d9207178b4b6858ddak9ouq,0,0.004202865151752809
1,a3d0a600cdb44f03d58f27b19247cd0d4az4k,0,0.005205127901696308
1,e587d92842526255c86d3b0d425747ecib83l,0,0.177282741860146
1,58c2b44923882a8252963e78886adaefh7hnm,0,0.03757791354656933
1,25f1a9c0c83eefedfc2c1589e763c2a3is1qy,0,0.0034592118891222704
1,70cc5da141baac4712163f5cd4bd4a50za0n9,0,0.0052548390862531495
1,71c2561141c55414618d67d1a8aebac1n0fjx,0,0.017357433615081283
1,59d96b423ea3ed56611686300b681f3defm4n,0,0.01156830844698708
1,461b089147eb78c582ca8a30fa7581a7mflo5,0,0.005667045788053918
1,ba194af5111cfcf1dd95eb36160c728ds4kcy,0,0.001971124576996098
1,9ab00034c9b00521ce121adb5dd4aa15tlhc4,0,0.002224275306378081
1,2e463fe6bc1616f8392f82c138a6a436mbtjx,0,0.003058370931576922
1,25f59f9da43b6806aaa125fa61974591sacso,0,0.0019283394841457114
1,45e4c7fe66077b5b7b338f19f476f9d85jlk0,0,0.0031861790746729596
1,7291b7fba1b597d66bb8efd45fd0d354q71ka,0,0.037236010243834855
1,cab7ecf98fd0489389a3a8d3961defb3k66og,0,0.002516219328977233
1,7da6a36817cf2d8c3be218a32ab25550c8kg7,0,0.004844716874209706
1,058a4e0ac0a20f504cc9c6aae2a896e6too9v,0,0.002238944227139043
1,624ae2fe9394700eae7a35806e4bafaeq9cty,0,0.003690676628055766
1,14e29ea004067aace14ee4543876a06365os8,0,0.00424846123188001
1,8cab09b069755eca2b4e7fd6f6981d7d8n88o,0,0.00184518233559084
1,3ecced86078287dbd2eac2cfac98367fbbelu,0,0.019775726326186256
1,7ec5c7e2317a9b68e861060531588f76fpldj,0,0.018991360807065073
1,c41ea39b2e13b0fc9ccccc2546f924f1obd0w,0,0.005747136888896126
1,782557b3ec17063f2a36fc9193ed3200h14me,0,0.33348545361408166
1,54957cfd12ec8c64918b6200ea25d27fsc9hx,0,0.0023250781315389403
1,a3ef8289a92196b07e2e7371bb111e3aom07k,0,0.003429617867115566
1,b9fd0772481bf459179a3b4ab49171693im97,0,0.0026722821791688727
1,462df7ecf1d47980dea6a93d44fb408d4u2d5,0,0.012498620391087078
1,5e3747785e44d85a41a74470c051e946x01dp,0,0.05507758031972121
1,2cbacd5b066b7dff7e0a87e1ef00e0b4zpqzw,0,0.03108687152708915
1,7bad0fc50ac7d249e0a3d8b83f68e855fcnxu,0,0.03757791354656933
1,1f2d607e5cc04e790e3961a6432d7c15hn4qb,0,0.004087535347748016
1,20f206d2656116bed8dd46d5b70dac81lbgfk,0,0.0024276517552993078
1,29db827ba14938954c90cefe40d26fe1130kd,0,0.0036697302850300186
1,d7eefaad31febe607c252199a7672420kl1el,1,0.9351578739289202
1,6d033ec559ea79a8ffb90d80e0b24e93j82av,0,0.20439465026981735
1,a8a81bb8a3a35572bd1f9922f5a31217pw41k,0,0.019531453503090372
1,2993e59bbbd7d14bf4bc21e4d2a4f8eeb18d2,0,0.005150522466712932
1,5c2d250afe88df6e4ca3ff08d991eb67s5erh,0,0.004821640620031187
1,783d5c219ff84cc0517f59a39bb98e18st85m,0,0.008285258547968273
1,874402ea8b408a017756404006b12708d9s6u,0,0.0016029711027668026
1,c8f537f6bb0aa2d45da541a875f014358qm7p,1,0.03496945769936004
1,72b21fb7cd32b1a65bed8a12eb94a8b7qa7rl,0,0.047863060228983734
1,29013ddeb60a18f7d3bf9f3aaaebae6c8651o,0,0.011756950806746169
1,16e2e48cff6faab74e1f5c47669dfbbda7l5z,0,0.04186983032246673
1,0ae09b09369c76737cba059d192451001nwce,0,0.02718929265711308
1,aa1c013a1de168c611560ca2afe78111g8i6s,0,0.18064655907409669
1,5053e03863b6887308c8446cefeec429l94tg,0,0.21421985573642452
1,7ce3afe39ece9d672e9adcf3dcf2aa44a8r22,0,0.014893885125343766
1,76ab7c99de4a3141bf617bf30bec9feep3zuy,0,0.002025693825113943
1,93e3c34171ab65e0b031dc67461e48b478u36,0,0.0038236867116012143
1,3c77ec9f79f6febf630325ef84f2a0bcl3qg1,0,0.0042062284465532555
1,8df5d645ed4040b857c121a4459b7976n5u3b,0,0.018991360807065073
1,ae29b39843141a73b39ada671ce6b6c0yxlb6,0,0.0017729499840957238
1,4483201dee43b51f338c0efd3b13bb895tric,0,0.004239616205971382
1,16065749457a14b26998fefca503c3ecf9og8,0,0.006492027303985873
1,ecce760edfc6ec5cd5ddc7037c514dc3zod4i,0,0.005928175046191083
1,4b9bf4cf1085e9d839e833e4b9d40f2a8ps14,0,0.009686378330675798
1,7b31d9d8b5e749cdd2c300cbcbb5f875kjlsz,1,0.7118373664076886
1,ac9bf3a07831666bde4fefb75c184adekbrl0,0,0.014999002156111408
1,50859deae0e0a599efde1725cde3a8b8dw86a,0,0.003519504183972633
1,6faffebbde541edfccdb2725e430870cbkvo0,0,0.06548301593789314
1,0eeffc5039b27a4dc2e420eca75b1fa55rv5q,0,0.002192413453422854
1,664adb319c2be43104b6565a8ff293dea0f01,0,0.0022748868513682552
1,6e8cd4699eedf0075cf5662e1fff3a857bycf,0,0.0020380160749446357
1,97268eb2ac171298eb03ecc6445d6879wk3pu,0,0.0018752159426987363
1,eaad20ae39d343daf76adc0b1a4984faumuzj,0,0.016696627043436375
1,9d33ed2efcfaddba0307d12142f3041ce731l,0,0.03019311186145337
1,75339aea3f29d7d9a8d67ed3fe1c89c3owsq5,0,0.23899297455552454
1,d42604c7cca8ec92839e92508f2a3e52ehz29,0,0.0074683846439921675
1,b2968116361fd43589bde8eca72c5767o71qc,0,0.02635072872471438
1,825226b69f2a5a8337ca611b38223989aumow,0,0.0025599103920408606
1,e12177ff9c1a8413996f7b1a590980c82ofeo,1,0.12566718686807618
1,a8b8959fe64f490d32fc15a5d1144f87qj9ai,0,0.002317298270899354
1,3ce8aa0207022698b6d0eef09c89b381jzqi1,0,0.012562050193749603
1,e8291466de91b0eb4e1515143c7f74dexy2yr,0,0.7111798533191588
1,bdab2be5a94c6380c60b902310cbe1b6rs4iw,0,0.01448251544681104
1,4cf9c56df4594860df56285e9293a7f7evfix,0,0.02526889071980535
1,460e932b11a1529d78246317757899ccfaxng,0,0.1653442171728517
1,c353286290001e0943ed9bb160145c42etrf8,0,0.019531453503090372
1,25a4ee3a528004bcf4f4bf62b9208a7dx96pt,0,0.08381757379055768
1,c46e21e01a3f4987e00109d1d5f48acb1q72y,0,0.0030274299467643586
1,76ed824b414b5e690ff82e7cd2f5be52256my,0,0.5438363286111602
1,64f6b099082e4fb2e8da7ba4ae9abdead2cej,0,0.0036787891588368504
1,74a35c4376559c911fdb5e9cfb78c5e4btqew,1,0.018991360807065073
1,679fe2a21415aa98a3cfb88abd0507edzjpsw,0,0.04956525822533242
1,c277151116ce38d8245f9f2308807af8t4nnj,1,0.0020668839560208396
1,110d2e689da119388dcb6e235749b787ni298,0,0.003917098549709972
1,0f33df2513a519a35c8b3dcf1d7c7416jjjzk,0,0.7194451591129348
1,fff2c070d8200e0a09150bd81452ce29ngcnv,0,0.017249104136926936
1,7f3516b1bd7e5571ab964ba0affe9302brn6q,0,0.002473568522182656
1,e5bde35da4abebe4fdb37a3c65124a57ff4vo,0,0.008446348064576517
1,44bc1c87245aac66d176620f6ac9611ddbcil,0,0.002222707290270148
1,3144ea2711bef53de88d89d71acd16c5q0bzh,0,0.00304197991287762
1,40f2eaf03624a31952397644f1b79a6fvtfjf,0,0.019487196342035773
1,f3d3c913b225bc6cdb98c60f0936f7cbj8k3a,0,0.003215255733796631
1,eeb7e43d894af9161f84692f2bf9570fdryzr,0,0.018991360807065073
1,6c6c3559c5f656c71348f7cadf29bb12okgl1,0,0.0024033903512698882
1,c780bc2dc7ab83d5e5c85dd13f0f7fdecfxjq,1,0.0893167092986509
1,3b8320619393a6f6bf12219b61cda688k4w4e,0,0.0018719556839730679
1,eef111bfb93c213c174947c69b2f2b38cr2pw,0,0.0259376478104048
1,5a6376f140f05274d6e0dc888cbeb89eukxkd,0,0.6908915168382611
1,caa74df2086d71caf6c1b2b9c81d3d98xhpv9,0,0.013101916713178268
1,f2f10539ed947e4b141b2e9bf21af65ecz4f7,1,0.8618798293970505
1,4b72cbc9d9ef0238bb666feea6d79e718qry1,0,0.049582229234576516
1,1fcca45fdd3d1d3638821f41e032f170en3h7,0,0.0017036653928925811
1,0446457fc8e21596799158406f77b14catx8w,0,0.017249104136926936
1,6d1354e720cb9ec90e19e29f5f895669qh6g6,0,0.017249104136926936
1,dfa7ead5ef84eebc79c67d3daac340b0exa41,0,0.002317298270899354
1,916d2d806b772c9f227a9b3640e31469ljrxo,0,0.28625832141931423
1,eace2a2890644d703c619fff7e41a9a16k7lf,0,0.0023736027133597977
1,4d2fc319ce6c2ad370052e0f6f2b0a1dxiyau,0,0.006054311537411007
1,90bb553b65144cafddc3f3d4a7783667a06ga,0,0.0020658501098907065
1,c1859303603734d90d1a91d80977e14echjim,0,0.13338007993671183
1,33ba799fab5e4145b54fac4234bb6e13up0tu,0,0.00445739635587092
1,c128bfe7aba668d71126d51b32428c01tkq99,0,0.6966749469130592
1,698da938f6fc36305616aa6f8affd53fobj5y,0,0.003857193437965634
1,6f6c9a1964fd4bbc082f2afdbf2d2af6ypdhn,0,0.0033736802894795076
1,4641b5a43c7a2496ef93af2ca590d2c94s20x,0,0.002711093020401314
1,8bc2a424939c50eaf4a652e253421b0f9b0y9,0,0.193493551809178
1,77bc113594866d4902d6f867a456750c9vvmu,0,0.003960524944428753
1,e0fde4b9b7ec14e80de3c811ecae157f6kqd9,0,0.051424119177150715
1,b6a3aa8c0f2302fa35d7b809d9371deeypvyh,0,0.07636520010834907
1,fc16993f1fdbd5fa8f8ddd72b40442f0qwyo1,0,0.017249104136926936
1,3d7bd741177a712ae0417bc4f4a37bcf9jo2a,0,0.01318242116609406
1,77b342f0d8769898619a935e267eaad25rubb,0,0.0027972158751759352
1,9dc039dc57fd67bd9e7157f4f697ae7eloov1,0,0.3372245413365538
1,ccf30c9533a66f22f1c65910ae1bac1a1fs05,0,0.137852649607134
1,417adcdcd7157e75c66469c07208af00qjnuo,0,0.03619693969802474
1,a58ace8b671a7531c88814bc86b2a34cf0crb,0,0.14775151951812096
1,e18ddfca4efb99a785c68ede9ef773ea8sfmz,0,0.017249104136926936
1,1a5d7993b43386f64fcf4b84e7b183a6ref21,0,0.011930251644710052
1,ff4e39c0be8af4b17a73dcb761e4bb6dmop0m,0,0.002203288461190783
1,920540ac4168ed08a1e297395a68d718gsqdn,0,0.029841693959345817
1,2d38a6af2ce96c1446f900aa4756b8975y9k3,0,0.0017736531993151334
1,b1ae4691fefd3d09d74096ec4caaa6d1v6tbw,0,0.0022635280261384073
1,0ad17aa9111f657d71cd3005599afc24fd44y,1,0.8995473599379866
1,4566ae63ee93ffc6b000b5cbea7f6a8ehbg00,0,0.001590047687327408
1,622a477170c3e2215b7e3cdb06db93aezz6t7,0,0.0042045650862975814
1,802a819acf0601b43fe5426cb48ac0bbqwfu8,0,0.9715324246746244
1,b217ca4cdea62a3977481e398d2cc9bd4sxht,0,0.0019312246328438254
1,c1c22607e7899ada525b74e757d248ac2b8ac,0,0.12313170173405964
1,458c8c4e10e5c1b29e3fbe5ee56d46e8y3fb3,1,0.8104897852312178
1,120c8b384858420c4e46e354c86f4ca393w0i,0,0.02072310538699937
1,0a9d614009139236f198ddb4759a498cen5ix,0,0.0035630059442026173
1,222d3e39d4a292d79aeef4c04e52aaf24mgkb,0,0.01653822346435508
1,5db8eed67a7b648d1f2173b665b79de2vwdlu,0,0.02718929265711308
1,12fefd74d82d90541872847f199f6324cowi5,0,0.00201676532161037
1,e54c3b01eab75ad3a616d56dd06ebef758ua8,0,0.002685586548064567
1,ba258a455ca17f2c13cab3d0afc7de0b48h0t,0,0.0016514250047193633
1,7e34a26c4c339e875997f4b9239d2b5fscng4,0,0.9480546496783239
1,17a321c4a0d925ca80507effa52330ac5n5r7,1,0.023807586719990653
1,235f78b13fc87c995c1f309403ee56bb54tu5,0,0.00482048633891109
1,9f34ed261596a1114cefe81158c5617biq26c,0,0.07594486469704503
1,0181b91f58e6cbaa832235e2879c9c00ovrzi,0,0.0020176188914214316
1,df12e679581fb2054907dae75c9c78ee9kzzv,0,0.005484552098312054
1,b7e0afcd391a22444eaa566aa527eec0x2yv3,0,0.002901332556680169
2,d1be739798ba0745a1fd72ac918a9f1929hei,0,0.0012549922075131325
2,0a6ba32afe4756995db2f5cf2461cddbvj445,0,0.0010787704184471603
2,fa64831ab5ade55daee13f852c16b0a84ujt0,0,0.07757276507370356
2,38e919293f5dbd62d87ce288e41aae2a281m2,0,0.026792399565407684
2,d29003d7f3ec1f0e4ca9cc17e6389b4a4phcg,0,0.001773797060130929
2,9c509838d129fcee98cb3934079ca36asla50,0,0.09808745399462125
2,067ff22ebf0d33fe0deedc816d75973865jo7,0,0.4454095782512343
2,1476226300a93d22b15253ed7339429a7ijk0,0,0.05043705730975788
2,975dd5178d34453c1c3c8edc47cf44274uv5s,0,0.07628324059530463
2,608d9b68afb12c6c27da6c6565ffe8297wvco,0,0.04722617115244747
2,e97becf0d4632035ad4cd5e65c827d6f0xawy,0,0.0010478582776711452
2,848d3eaa622b26fe57d352eedd9649f4v6obv,0,0.0013332325943713123
2,64a39f766b2e9d9471b104f0d0289740a9kdq,0,0.0016848274856335413
2,481fdbc92e77bba4c9611841a7d74071elwx6,0,0.0008858222983570968
2,72bc07c7241e1856ba31609d11501c91cswlb,0,0.04073407845867664
2,792edafa0603516a57932e6103e9dd54ajar7,0,0.022526463140813247
2,d738b259ec6e6af625d1f41abcfd63e9e53tx,0,0.0026123212731978627
2,4dd2a50e589cde2802c4bab143dea61ak517w,0,0.0009057256284959464
2,fb92fc925c5df50f4da7874a7542cf2210z1f,0,0.052501217125339936
2,bd586db332285f3c45814fbb8f638d79d26u7,0,0.0011700989484064368
2,2307bb06855a6fe75ab56ee6b4a3860835di5,0,0.022526463140813247
2,dadbcec8b02ac75c5935f419b318ceca1wwjw,0,0.00960153749668545
2,4c4431ec9b6e683bdc5a3118d5140105r1nas,0,0.05147235521734886
2,cab0d4e41ea81636de3bd3a1800d8da8x4yca,0,0.003104574549819955
2,53691811bd992911edb9f5f64f49d8f5luk1f,0,0.1807778455263277
2,6531bde8d4decd9708ff4407ef95e887a26yi,0,0.007410744739052138
2,0e66933c924764a59760aaae5368e7d1e0s88,0,0.004523340942578379
2,48117c1e2b56cfc8739f83683e01d9b2aoc66,0,0.0018687223591591184
2,12d6239a92972a35bc990225b3ab33466znm8,0,0.0008938030293823878
2,d65efaa8129a85f85bf909e5abde8c3628gfv,0,0.01765219907292958
2,15972a431aed117840dfce5556242366c3fwq,1,0.7805403557906261
2,367edc726ba8e667973844395493559dtf2o3,0,0.006380602342073928
2,efc61ad6db17265a4bac85f77b154ef414tpp,1,0.001374776251398038
2,acf06eabed56f179cf32ab60b6b076820ajls,0,0.0019865518217499784
2,20ebb9de648c6df989f04d07cf273c7b3yu8c,0,0.6660441131875822
2,6cd1bd77bbf2af6a2c6e535192af628by3h22,0,0.05641887721391866
2,dd661e2d6e79a5b3e66c82373d50f3ee86k85,0,0.006093846365531669
2,090c77ac89c7063f0d0ce064ce3cb3afllf5h,0,0.007410744739052138
2,f80075873f7183a03b1b10ac3f740032v6w99,0,0.03421218537010986
2,c7d335bf99b9c71fb22797ecbd78b92ashv4h,0,0.01503045994703192
2,cf22da37578048d2e51eca1e544c693cke5t3,0,0.04940303739938258
2,7f807b2eb6c391d55e67bcdf7e1cbb3fhylw0,0,0.016284953021545794
2,1af4685cda2979a608c4b6ad83473774qgicn,1,0.6100657822249508
2,068450aafae2a6e390e35925d964290cdliqf,0,0.05376849682635569
2,ea0e5f7d93f2220a62bde8067f26daaa7oxgf,0,0.0020269652247131603
2,3a5420301c0dacbc5675f6f09aac0143tuodl,0,0.12497549975124227
2,d6ebcf2149c311d221b233b268870b3d5gfe2,0,0.0010164406690610327
2,c76f30b8330b6d14fb872b30fcfd9d57phbsf,0,0.014141388997923105
2,dd055846eb553ab8e953b084f2048d53bdqec,0,0.2338526002742003
2,7dc423d0bbfd840fa0bf75203cd7bcee75kmh,0,0.0018070977541550814
2,9e72fb21f7581cfff84e833d02538e5ar35kr,0,0.0012740395469334484
2,82bec02fec2f08899489d7a5c35a30a0lbszo,0,0.0011239407709910368
2,64e802fa8e0c17ec2ba1b6425648b7cb7ndkn,0,0.02167884642265479
2,20662832566daffac929f803f0c236eaperht,0,0.007410744739052138
2,e18e3d0fbfba81cedcae619dfa977875p10ta,0,0.0012899551108950299
2,5e611461283a5c3e49b5bfbf9c33b7391ce3h,0,0.0007605374721226169
2,518e9fb1055de6532ed2df6d03fb78feus5s0,0,0.04513923019682716
2,aa8aeba2bdd0353a108b9b26f12ed59559mvz,0,0.0008303834942477696
2,6aeab198df208f8628825f7eb3ec3701p2ybk,0,0.005682637385042246
2,a8561bec318a7d3a0082b35b086b4428wekph,0,0.11196754508928082
2,a7454ee6fbb69c4079caf5b5b92574abi6pyh,0,0.03901445759125145
2,76218e14c379c12d599dae9e1c00b61a3i5b2,0,0.05117440897519016
2,e0824707d4a78230ae54209a920bc3e3pzdpp,0,0.0032908809366136607
2,a74e3962ca26514976056bae3c46d579emz6y,0,0.016586004328848367
2,a6bf74b19fcb2687ce345930c4c16d4e2txda,0,0.04554222561624235
2,d9177cca9a1bfe3478cc4f11a0d57de2p8ahp,0,0.007410744739052138
2,187636e527504df29bf42d4a2b7767e54bgv7,0,0.006093846365531669
2,f93a998dc10a4c98f65c6b86fdff651d5i4qh,0,0.051527142156171185
2,9ca41c3c062146a06d2682835f5136807yao2,0,0.0009634587860424877
2,0b450f2827ec670da34be66ec2a520213xcuk,0,0.0009515184348999648
2,55b39a51c925bfb42fb812ebc5fe318emsjjf,1,0.8287143417485536
2,4a2d5b70f0fcec3ad9d8ac4b447efd6f3vs9c,0,0.02629533853008535
2,e1b1c514e1b87826fd045588f1f3881707cyy,0,0.0009968840145478546
2,eb2c4b4493f31788ead745533e0c9a18xzzlk,0,0.00802206982114666
2,e0b6466f9f720e9d9a00d7c12b2e2c6d8xwxz,0,0.0008681148647729819
2,3106ad6371a3b740e2af90635a4ad966zeu1u,0,0.006568116872785013
2,7eb6a5ffc5e8471efad7cdc8927daf677qcf8,0,0.06952953413131278
2,5c28b04424e96267711d5af2db62e022tp36c,0,0.04392675594632253
2,9c0cbc0fd8a6c22ae3648801ade080fek6i13,0,0.067739778308104
2,11d7f0a5076649b229c301a22537834e1ehwg,0,0.013283379566147474
2,8b809e18804865ff2a2e799c9a5e8a48mtxdh,0,0.16560945274149677
2,3fae46174ef1a7dce5e9893775f814c4so8s0,0,0.007410744739052138
2,5b45b150b6b683a98b5bc19c4214f44cvzru7,0,0.0010501476344443761
2,c871daa6b709e008825b667b05efddca04jbe,0,0.049640701641345264
2,644e284380171fa793695a91b6a12c28jcwku,0,0.02046652782863296
2,10b431aa15b56084d32fe1ef123c4305wo1nl,0,0.0017668830452048662
2,c2294751630e49a4e594dfd89383b271qzp0m,0,0.022784439367784366
2,573cf43253a18821e50dfae941ac287ceymgo,0,0.0016509242757291199
2,18eb8d55c84019b9196c5ca7e072b287bv68e,0,0.0022204354778575216
2,a4c40fd7a4c1040283fb2b84611eaad240849,0,0.4121011469243634
2,fb6814db96bbaf61f42270a85f0f62adunxft,0,0.0009531032735107738
2,67d245e38ee756947ed395fa099807fchxv99,0,0.001103375757556349
2,eacfdb47b3daccebd9f16779c5542fe5eytoc,0,0.0027786621501329958
2,200b548999702c10f8f9fdbae9ce60622owzv,0,0.3395348995547109
2,20d08c7edbcb4b4ac0214b664ca5bb9cprntj,0,0.0018305319027114796
2,2b72d702b44fd7dd58062e326fd8e4779j8mp,0,0.0009975818127488495
2,d63671871e4010e904b9419e48781565weafn,0,0.011420891135365452
2,e0e5719b5d763eb4e04c7f6e4e32884cmlpj7,0,0.022526463140813247
2,7ce12bb499c156ba4513becaa42aa8c143v75,0,0.0036101178106951563
2,b7efeea5ff94a281635ca2f0f7e8b3ca4zykk,0,0.007952497976853554
2,9ebd57da79b9286fd67a53e61528cf63a1w6c,0,0.00128729275045608
2,e5fd2ebbf5bac9ddc73ce524e1b33c3akti0q,0,0.0066102563117941505
2,9774dc752f855f07b9c00eb7018b607c0ymxo,0,0.001245688415566094
2,3b947f8c954acf4354d2c3bdcd494fb0x54ee,0,0.001120964436001964
2,c0d065cc8cb585f027143f2ebc6b49f01g1wr,0,0.0018573353957286826
2,20a2d48ac3400228e7a0296aaa596a0fvckdc,0,0.001157088744628147
2,679d60378d42ca9d3b8a28073fe14fc7bv4jh,0,0.03796482114630528
2,8f6f7baf33fe2a5206ed3ca88446a99bmq453,0,0.03275582341273479
2,61101089c1b34f409fc9b836a7f9cd163y22l,0,0.0013077842564884388
2,2819b8b2295f272f33f8e76fd344ce6bywj1p,0,0.0008784326731750883
2,445305769cbfccafc89ff5ebd004598einesy,0,0.052058879836765756
2,be3bec53b42be118ef2a87fc40db7311k4as3,0,0.00198099120140898
2,9f793ee6e6df7f69b5a5acb4e13db0476b26x,0,0.04899786407098759
2,012441119bcf83b23d4768bb72cea6d6carua,0,0.006384221859200322
2,2d6a70a8341ea0fbe4c8537ffbce919etg4x0,0,0.007389558571295632
2,953879d32e39e014cf8ce73daa2547cb2ke8t,0,0.007859800668575329
2,40efc98d259ee36a8c2a387ba49f39d0fa39h,0,0.782435142986134
2,156f4a8763e602ef789f8048c6928676a1ily,0,0.007410744739052138
2,dd7292cdbc81ebfb87945d9ab176d679gepf0,0,0.0008582761595159567
2,222a0e05442fec0af2d20ebdcafe4b28c2pi4,0,0.0012508045292128533
2,2797fe80977297483e724b8390161c937dh4g,0,0.01253272336038602
2,9e9270c06937bfa13f5b29e737c3438fcocyn,0,0.0008459204142193062
2,7a71e329f3f2da98a3f82e7bfcb705a0t5822,0,0.04989182582296574
2,163097c029285c7eefa2d60e474d65b4ap2l0,0,0.0016373887746429163
2,99bfa04865566ca88573ebfd3c7fb1f2c64cr,0,0.0018937807818967868
2,2eaf4eef52d5b17615d08bf77386fa42yotej,0,0.0032984052599184348
2,fb7c9b1dcc3b44dd69e42a84406117db4t4mn,0,0.004235939011675244
2,c6a49cf5944626b45425712f9e19e91d2nyh7,1,0.8980007105732527
2,060ac64ff78ae62e9bc697192cebea333760p,1,0.7933288291489654
2,fe4906ac4c8e2db5ed5a71e8a9d10080u6g7o,0,0.04899786407098759
2,d4d4b36ea722e5b939e51e34953004c4t671f,0,0.001213079514191361
2,cdf76f38b6f46a3bd396a99123d26909xq5c3,0,0.05600121441827157
2,46c0ae10d60c4fde2b6301bbafecd7b8dcla1,0,0.031854722835432926
2,6f7043cde57060a6766b551df5fa6fd9p3ojp,0,0.0018465743560710543
2,d2eca28cbe0a3dc69715d719c6958faaaqx95,0,0.03436507063174079
2,1e050a096927d5b34f4a85d3af28d30eybsaz,0,0.011568380830828116
2,d2704c8bb6ebbf13e08f37131382b126wy4yc,1,0.07322427134273693
2,3bc8edfa1995a99110b957ee98fb5c76nkl7t,0,0.6299146702953432
2,4f07602a713c192a941204b27e2abcf1srnke,0,0.0022824776194089224
2,89c8eefbf6f83543ce0792d1e4b86057ti16q,0,0.0015957695869288143
2,916aedb8fd708e100318969dfe57a4639hexd,0,0.0209605279563531
2,f27321571b5b6184e86acb6203c766f2bsfxg,0,0.005597538997794277
2,a4630d8b78c796441a1be187f6907b11c5eu0,0,0.002238781980837121
2,46ceb58fb7a57d86a26cfa154c940a8cuktu7,0,0.6524634708381808
2,d645e4b8b043a18bb1c8689572ad4fe16q3np,0,0.00292807369043825
2,0cbd01c9e8cc800aabd3b3e4c618f9caktfgp,0,0.7422716186263283
2,0c57d8eaa2708b768416ca91dd8daa2cqbl31,0,0.0014557021882516195
2,361397432ed35185b5a2789867a859ec42v14,0,0.000875414528210487
2,e4264fc4dcd5f917ceb002d860441370s054e,0,0.0009137943043022719
2,b2a19e17e1b9e0bca8e4563efbff5fed7v9xe,0,0.0014106066882164363
2,14b2d98230228eab6a6db3efc41660d7kp23s,0,0.001178658376776809
2,8d49c8e70bf96a255baf30acc76a3f59b394w,0,0.046372717403719524
2,bd0071b98d9479130e5c053a244fe6f1muj8h,1,0.007410744739052138
2,b79560ebfed7c8cbcfb97475812e0836twsnm,0,0.0009037085770910323
2,d9ffd2f7f3cc1a546586701c2a6fbda24u9ye,0,0.10177211257823361
2,0a7446b63f183a4928ae762ed6cd1c4b894qz,0,0.0022160166060944723
2,c89ad997f646e388fe375d7fe33a3727dzrh0,0,0.005908605879274401
2,eea590b4da2709c294e8db490f5997eadyc1e,0,0.0019237504327560754
2,f3a249f6a5c2c88ddd8bccb1f8a85fe52xnkq,0,0.0014290224525272644
2,2b044b4b7949b96e38084e59b5d1d328jib5o,0,0.09097662620952186
2,c59f4511da2e8dfbf02668a49bc391895wk3u,0,0.008828301998141738
2,7622d7085237d6b73d08e9d70ed11fe3u8mwm,0,0.0011936784962158402
2,3e2e03a4464642627e223fba066182d1qslv5,0,0.0007072662964788095
2,260568e07963ce8351f3313bd7b9b0e2vonva,0,0.04899786407098759
2,d2fe98eb0fa21252956184a98138c58dwp1ah,0,0.002036316753567954
2,5c2b3f221cdf303df86ff1ffd7106fcco6pml,0,0.06431873077090534
2,a40808ec5bd9d0440585286f1658c3b1ag8dt,0,0.002645095338086686
2,613fe9b896ce3801e40212b3c8a8053c1e8nj,0,0.002395631682025782
2,de3bbaaa3bbc1fd1f751d23a972916d80q8e6,0,0.01709333137287067
2,8af01eeb860c2e6b1512377f28953110ml638,0,0.08918774656820261
2,b416bf88dedd6ccdbc3a2146524500258qdzz,0,0.005478411232762069
2,1dec9ee102b29905e2f59a52fb7429826e8b4,0,0.04899786407098759
2,877d96d9abeb73e437a8ebd74abbbf45p8s80,0,0.003578731917272065
2,3105d663ef3dff7e483a46c56580a9f9kd7f8,0,0.04625427925994305
2,a32cce991a2f597f6e5a02605119f99b1dyq1,0,0.0009352579632072478
2,3df41510a5044de5438015f37dfa3443bt7pp,0,0.0013182937486443292
2,54379b25f1f35d9df78da9cd774cef74u5wt9,0,0.0011054899985883176
2,2635d404f4943f3dbee24aa16a2953c723iwd,0,0.001785697029007503
2,a6414c637c6f1275e2c62c48fb238c5d5aw03,0,0.0010464863644662683
2,78a444127a896122678835e12ef507deh01hn,0,0.003988269905136128
2,14d4e04d7ed150613974438a4dfd4e85dybq3,0,0.019243508386239266
2,613c7d60152ebf06e3a7dd326ba03261mnn8u,0,0.004373519099649262
2,c9f94611f4c9afd3a3153da9654e7310jr201,0,0.0035845186227565044
2,c9a97c18992adb02e6c2e6a8f9cc1daa1di5k,0,0.001721426473408888
2,9e25bd3696b4e1775de205d2d4698a0df4s14,0,0.008797939639109987
2,1a9765ed302d0f91b512c23112066e41s755q,0,0.007410744739052138
2,fe6adfbbb2fc1ec0c3edf6677204bcb245uf2,0,0.005176594899812095
2,92ce3c44edd41ad3222481daac1ead35bouwj,0,0.0008303834942477696
2,6182daa56cb0623719228c9e576b71fcpg8r8,0,0.03237589249280405
2,50a4bfbac8a9653af4099ec1169f684c2nsgu,0,0.15962958675758082
2,c7c854748038ddf37b8a9c4f5a28073fsut8p,0,0.01821892792687436
2,5fc9437841f1dbbe63a3a933c48472fcohutg,0,0.001209854187583579
2,bcda2135a2456d611876679b61dac500vs7sx,0,0.004414927066049173
2,e22850afda081aba360cc18e2a9021caqjjov,0,0.0011140791184640528
2,a71f9ab1d130394882cbdab3c886f1b0fm6hu,0,0.0008681148647729819
2,e735a2301a18772a8276aa1f17ef79efu4yew,0,0.0010478140874736622
2,464506515f2ae684bd510b3a50b9121ec7v3a,0,0.02502034276572873
2,44d34926c0863edb7575b819980e0e728pn5b,0,0.007410744739052138
2,171fbac128e6dcb51d0f07cf7ed8bd3er891e,0,0.8986754111860498
2,b0973e698b12fe51ec2f259d924c6098rasmy,0,0.001664121485579091
2,da2841ffcbeabaac373f00039c10f39fty6fa,0,0.03249443025020965
2,6679d668a393f336ba9d1cb6a154e03aifmkr,0,0.0017785649147429663
2,a48837ccd05bca96ddbf02c55ecccf639adk2,0,0.003945347354089447
2,b9c59dcf41cd0a7ba779154872019cabmohkm,0,0.0009467821464680258
2,90fd7b3c991701dee376daeb09a0a5b7kawse,0,0.004655051098002365
2,7259271b61d2f05200eb2e1ab1d2ec911jlaa,0,0.006901707295498463
2,ab3e02a6b47b250b738fdb010dc84cd7lrr07,0,0.007200247594358645
2,1aa485901ede7baf78ea116e297e9d7f9en6i,1,0.03868906083521914
2,c900620a019e78a3eee44109e4d1e1d2xd2gj,0,0.0011373470984855968
2,3919be53bf4bd411ba25acfdc1362b49u4vle,0,0.007410744739052138
2,3d2608a892e44dad3027ab55bfaa0b26r69hy,0,0.1460051663038467
2,e90e4701234b13b7a233a86967436806wqqw4,0,0.11307494331550651
2,ef1d71dde32e587e761a1b39d5b374c7gk68y,0,0.0033642172479237324
2,5324221d38a79636bc4560cbcf2d75c4gimrm,0,0.009538914703150114
2,8c33cf751b05ca6a9d886a379a84a2ees9jlu,1,0.11684821790099163
2,3694aa599f836a57b671ee0814b071775i1nf,0,0.11341211498081719
2,5dda8ade6b5d4065f3119a381516c227yoz8y,0,0.011951781427277642
2,daef74294e84ef6d7e009c2d51be6ee167xds,0,0.010854439262011892
2,591ef8d73236d150c32716359a61ff2auk6y6,0,0.0014534800432099838
2,2540f8192e425f9fb921db30ac1bfcbas4p6g,0,0.03139326069146086
2,2e07d37dd022e72ab04da76f51edaa13qk5rv,0,0.0008681148647729819
2,eea79e1bfc21ff1b9572213e540e1252s5iuy,0,0.0011508549920084179
2,870932eabebfc108296437c303db6055kc3t4,0,0.0011362491000208997
2,9196288f121946095e5c402fd326109827t0a,0,0.9652155141595212
2,afb1d898d15663a9477870391cf39b697gso2,0,0.001262545191101307
2,06ddad46112881df154e3bda0e90fe880r57n,1,0.8555616329779402
2,d428139761f7b7563d57bb1f87b55876388j9,0,0.0012497773287001878
2,9349befb45c4869b68e82a1944f4f01377cpz,0,0.019296389292330417
2,2cc1c5bf18c858fd9c74901d8d80ab70ak8e0,1,0.9545894998676364
2,f8f87e237833c3279a953b785653b0e5qka8u,0,0.013723366512309364
2,21c5f4fff051adecaf1b080fbf910ca3dvi6a,0,0.006256240922530608
2,0d1815382b08885d76c671ab600133adeyp5e,0,0.5378602603677453
2,98e6dd2906ef1f7c13284a309f6b160cb2ujz,0,0.004202873232176961
2,c0b7161a67a0aae21788103c08eba7e9z8e8k,0,0.0018308062922378539
2,05c9fe8f8852ea069a93dfe39fc0571er9mdt,0,0.003126461279708039
2,5c2e85ba72b9e9e16f77939fee7ffb5eivaqe,0,0.0012328466433774213
2,0496c24a6a7f593f28bf7896350e946advl6i,0,0.003133127525251281
2,900284c412387e0bb2dc2aa5ce42dbb9th70g,0,0.0009563197406807026
2,4dd7f98cfffffd6f4707fd0deb4a00b5rj9wv,0,0.18149282144441
2,02cfc97e8fded77671e71e1951723d5fwz6a4,0,0.0008192065549591739
2,87c5fcd8d9582701469f94bff3cc415dvq4ia,0,0.0011670636337997545
2,c435ac9dcda855341e667d440c2ef7c6nd3mg,0,0.06827772536592774
2,c6fcf1f7b824c864d492c4cd676cd702owsuv,0,0.0030612312740149676
2,aaa8650a6e0997e90e4b6a9fc2ddf555m5c1g,0,0.022923893225751668
2,9df0031595e4105e4530ceee1a08faf319vvb,0,0.0019459015327615923
2,24029e6b641077ab7b9a1fde11a42666pkz6z,0,0.406332509624746
2,ca5d4f0a3ea342fdc45c3325e5311049e2uis,0,0.022526463140813247
2,68d0de6b2b019e4f93fe89ef3c9d3e21zajj9,0,0.018090917936619575
2,e0984156959c3e7cd05b7ec8ae239303inqlo,0,0.008014292331949469
2,fa9cfea85e90bec313e512e9eeab2e869tvx8,0,0.3314447646950352
2,32dd072b16a69411ba3f67992ecc3e2144j5g,0,0.29901946598935125
2,3de66f8a5453943040d42e1e73f11eebll8h9,0,0.006093846365531669
2,e833712b1e29ffe74517e2dadcb4f2d1pt5t3,0,0.033001945736009244
2,82f1ba4809f4812629e9e53ea4c687d7begx4,0,0.05021845045272566
2,c1d9c4c69367536d7b0ccac19527629f65025,0,0.007410744739052138
2,48badabcce6015d257ff5809761486c8qgjul,0,0.017759020645424253
2,5de403f3d49221bfa7116570a4d572d8m19sh,0,0.007412101720501728
2,a945c65b19da56d0c7358d8858fe14e8ulfel,0,0.04666444105108758
2,1a05035da8ea9dead1030ccc993b5284n1on8,0,0.008857883892331804
2,2eb8a353db13e68388f544daa2e28359oenbs,0,0.34455048185094195
2,6c021878ba6173a04d55bc1cf5544ac1f3t02,0,0.025265256219307038
2,722d1147768bdb5918584997e1f677e55g0nv,0,0.0015869010261345196
2,a37b105534ddcabb169f6ae3ec928d85slw6z,0,0.001668404665360227
2,6cfd573a82acda92e8207745bca28aa7lqjcm,0,0.0015363894508233654
2,dc4efb7e05563288d1f2ac4ca65c6734017ql,0,0.02450436929044452
2,041d869edcadf595b90e3b5248903183pn754,1,0.5519924988353239
2,c89d56c06803b8c6316a7c906604c64939yri,0,0.0014387280534148767
2,cf18f6766fadce944ee74796489c23acmqhpe,0,0.002196996522006322
2,0a9c5e1f261c937c09817ea2d5e949f34v8oe,0,0.009133867653137145
2,445eea09a6299164f60dd11f23276b44rkt8q,0,0.007459919270869268
2,97f541ffdcbd1ee34610e3099c5df42acfvcd,0,0.17100907108411065
2,d5337c2d4b58426b30c8733313eb5247syn5p,0,0.001334623120611429
2,2d2839fa92d1c8e94bdeb1fbb9e62149x6xc5,1,0.862770468110851
2,f219cbb3d454b32953619d5a4551f56dcg7gy,0,0.000964496451090099
2,96f31c5b3baa8704096cc8d4301b4c96i6fyp,0,0.022794533542521714
2,8a27b2e29086c0d2e589053537e88393zsyr2,0,0.022526463140813247
2,e704e6fedbe6caa9b434509d085f4c97nq6k1,0,0.0008515421936634351
2,ee2caa714a2175abb13eb6ef15196368cwc7c,0,0.006464615776688204
2,bf65e77ce8676fbab6fc78b70c50f05a8da8a,0,0.3271039933875984
2,ec86220eb6ce57c91a02a7356b342599jrcut,0,0.0012079089549772552
2,8bce581a91921adaa5fc20e627cd7b94l6cp6,0,0.0012496624966450776
2,d7e83a95a05308d4fae6428bb9073a7bg8aoa,0,0.0011341277049359798
2,94c8c0f9c90820f28928caf5d122dabby69ts,0,0.0008392751257235079
2,d4b2fd8f5e8e02b660e9803cbcfa6cf2t5szq,0,0.012369297718541254
2,715ee2811c764d5c58aa228ee801e518gqvli,0,0.015600560816270287
2,1689122c3b25d9e7adc626de84c10006fr2n5,0,0.001640703076944094
2,aa20f72aba9804a4922195f66a876688rugsd,0,0.004577917001214844
2,ba319b8bb68ca6a12086f2410ca7fb3buxsei,1,0.2636005230003895
2,ca9e2287e98a718e20a8ed117dfcd699gxsp8,0,0.002640311797058863
2,79794d93380946ef72e95f55b4abc008hsns6,0,0.0012923727044460223
2,14fe3602f049d4574cdbdef13789647dsgtqy,0,0.04899786407098759
2,4038ae3276c0b47f420a5d73687fb73bghgxf,0,0.02462161575203801
2,52c441804b89bc20e4c8dd625bf163f27o2zb,0,0.07961068305139182
2,5e5d3410ca3605694b3c75b2274efd44c9vru,0,0.00203913745743245
2,a124589b3af5a212406c0306584a9554fazi4,0,0.0010113903214824787
2,069d020584a0e8c61e622321d4c43881j7pl3,0,0.0009798611289238148
2,8c412ae875b672f18073d643c74f9f0clzbyw,0,0.0011870287090869347
2,c5c8a28a166913512f5bffa6a49788c5b0uaa,0,0.0011118109812814105
2,cb705744a588c18087921e74e68cfa10oev6i,0,0.023346569116614483
2,820dc943d26965d377be315497837bba5iz67,0,0.0009773516624708937
2,6b0d09889ff4889deaabd5f15b3b34f1jxl6v,0,0.006314940615244894
2,e61c14d66cd5693d93cb0356d7f444ebinx9i,0,0.05551971567398106
2,6b531ceeec5892121e04dcc6f89b10a70yqoq,0,0.08964744357668777
2,a4475cf8808f8951dd5163ded3ee8032g9vxd,0,0.006093846365531669
2,dfb23124fba16b7778f65c1c8d091f949jz0k,0,0.09808745399462125
2,683833b860c003e6c31c521c9cdb49a1kr6b4,0,0.007412101720501728
2,4d6fa52e125a18f433db6e6603b58ec7k1key,0,0.00823134649331176
2,5114111892d49b59415284dcf19ceebconhvq,0,0.015194497696429207
2,0030a2dd87ad2733e0873062e4f83954mkj86,0,0.05751444824411643
2,c4294be0db6b5c9357ae5e2e7fc8da9489qpc,0,0.0013311327672438002
2,a8a2547a9153038fbb9fc66d2425d9a7efr68,0,0.0015336445235315298
2,bf190f2cffc1a77f0957f8cd1c98257dofy08,0,0.015431642802063444
2,f268f61e075419e5a001b86ee78557e2kmg14,0,0.001609189892673408
2,8884b7af726ce7bd929482ea13de19d39lzuv,0,0.022526463140813247
2,106f4ed8e9b727f8d94a1cd57e882a095pteo,0,0.0011956647275118222
2,4950352b0410495ef65a92b08b5be463c20yn,0,0.022526463140813247
2,0ea26a4028ffc16d9a8631d43e1b92105auao,0,0.03896115758735516
2,737d19fdceb065359c77b81d27053c4e5quiq,0,0.04073407845867664
2,403d9c0288bab462bae858dc8aff2f94ti9ma,0,0.0021227292491238815
2,cd8f738dfa2ea0554baa3dfc4465cdb8izun1,0,0.0025669219918723284
2,d9d24106ae1ff4f5bc4ec3caf29d7bd2c2f5o,0,0.0013502989358981606
2,aa75d58c3e1207618d47c72ffb19c872bolg8,0,0.006275117157482999
2,8725b0aa1a32054450c16b099328fbcbi71gi,0,0.0016864860880329016
2,32d2ce86b00693f0c26314e3cce2438dvxbt3,0,0.04485775101294743
2,7e8650379cbcb3ef8f7f6aefcd678067kzbdi,0,0.0009674050152624037
2,34914d163517a0cc4f0c971afb2352106vsvz,0,0.009443288122345982
2,210ae8381324c41f7b49e95f1b7aed80z55df,0,0.002398612459143053
2,c9416e793bd0559bca3ad4a5194d4cd1k8eyc,0,0.0019332250745119994
2,92a63dbb8323426833b944a4fc196fe27pzha,0,0.001247501551304326
2,55abcd1b00c6b5b54633fc7e98f0110bwoy3v,0,0.15230128486629096
2,24a32bf10c4a5d4d91c27da4710c869a0nqim,0,0.018681924274482092
2,78830493a121b8b6917d246ec73ccb4anwocl,0,0.9369890773716764
2,1d4eaaacb6127c43c1c007331cac135bpib3m,0,0.0011876374328036727
2,46f1d7df0a8ffcc10c3de0dad8979cabgr9ig,0,0.0009083857197742909
2,e76057d8bcdbb3d2f935c30849a17e4d7ordt,0,0.004837129259128762
2,353d05bfefe1dd96d3335575ddadf310rgnrr,0,0.0009739441311735735
2,00cc97158e6f4cb8eac3c0075918b7ffi5k8o,0,0.0009617104975085748
2,dbdb69d0032b0a251469107dd565b6c7irr4a,0,0.0008950468261389538
2,7a0b445f462d05606bf6ea07e2ab96ec1a4kx,0,0.0017187358954841284
2,74582963d3774699f4215df7f2d17c1b6b4pn,0,0.0012428185073508793
2,6c8ffec692e88d81e1b18d47818abb04v6llr,0,0.0023036511798380857
2,583ce05b5add00d9e7e5dcefb3c436f26d7c2,0,0.006093846365531669
2,56b55e6ab49a4cbe7c76a2bbca804089pjq0g,0,0.005357072027952355
2,d381ce07afba12851a815cdf8858c1c7g2pfh,0,0.3831260075294633
2,07012e0507b4281d430b93ddcd96cae66und7,0,0.0009724520337046488
2,37bb1697e1c3922a06c2d2ea4138a4c8s6wgk,1,0.660982941021886
2,c2e1242ad5ea781923a08987d55365c69fii7,1,0.19322495790372946
2,219c6102f604c8ff0ead5d23375bb127del0d,0,0.45058535324856774
2,67a1b129ca241c51d0abb5484f8eb3fct8o5c,1,0.5724369480597084
2,d2f0217aa734f025ec008d24d13eca10ntuhf,0,0.007410744739052138
2,e4bee4e53a19aaf71e0ac0e3be752b2cz3k1j,0,0.004241177043731785
2,4f7331589f84c6359bd693513bc9d7ddlitos,0,0.20624261534189664
2,6ca1de75674e78f9d3d63fd96fbe6e172t86c,0,0.002694357677379508
2,71396d66a14f4ce0c96436456462863abwefv,0,0.07203861094047577
2,cad151bdf2e29b764dfd3acac022e5dcy8n83,0,0.0014058019740526152
2,a639448bde9a72923b70917e82594fc66sa2f,0,0.009523482224411755
2,9e9047df09026ed5a5a3a86403811159u5yja,0,0.002470938112289236
2,15b1e719796dc894ecde30f160e7ae20hrmmh,0,0.04722617115244747
2,83dbbc6c5c7ed95048ffa9427d807692339oi,0,0.07805972066023807
2,caf32bc98f84a47829e76ffe104371f6kphvc,0,0.03843016787087175
2,5cdd665a22747394620c17b7753947b0xgzhw,0,0.010053964998143048
2,21f5b103136104e4947e293983dbaa5b4tder,0,0.8015969772692916
2,86e888c2dafacf13580a1211abf50961w6foa,1,0.15333603247725838
2,9a272c3baede0633bab0e15ff98d207e3ldpv,0,0.022526463140813247
2,4de2f22ca840fce9ac653e4aa06d9b0cnhudf,0,0.004521003023776221
2,98c12418158dfb9494af01308ac2d0588gfw2,0,0.007344204847367093
2,25022fb30734c2e5044e031b0e9a4a9ct3354,0,0.015841343365428476
2,fdf0eb91ae1ecea1f6902676f47c32c454yzr,0,0.0034842410734256613
2,20d31f20169e8612fe13818891f88a83r66gm,0,0.022526463140813247
2,c99b1edcfc7f0c751b68fb310d34b75ei6j82,0,0.0010071414063059045
2,4c46b1ea933d574a985776ed356312505nagr,0,0.01215035459982008
2,780566278695c3771f81afc605abdffa4143q,0,0.0009779650114855158
2,ef65488c949595d7885525ccfab9100c6cmqb,0,0.4904693949049032
2,354d4abc23881a40b8f119225e0dbd09tk1u3,0,0.0011144605714497658
2,28763f241cf0483ca1dd3aa1bbcbfc37xntso,0,0.007410744739052138
2,4de568a9b480f0dcd3f2ac385121d75bbpy82,0,0.0012184416651122526
2,4089a2b7f26e5c13a7f3350bd52ebf8fh21nm,0,0.3383463263770385
2,d927c987f8a4ba2dc4f38dadc0831100tt94p,0,0.0014930274765563654
2,1870650d20a97db60ce4133bb9352b69h9phj,0,0.03830554901733047
2,ddc6dc00f416ce10f23b57ebf758c2eeawzjw,0,0.004409344494427945
2,08a588ebf7b98f44f8fc695d02adfa25x0amy,0,0.0011312383026317234
2,6ed19e45dc118b78a78f25649aaaddbeef7e4,0,0.001359593554513939
2,1899fd76b484b9275854787a6b003b8a93js0,0,0.005659811092227529
2,5f56908449455ee9670c7947614f7b4bxak3c,0,0.00519512948097028
2,43bd7fe0ed7629fa774a461127a629f19je0a,0,0.0010182817236084178
2,022ac3a7ce986049d9a4bede83ccf9ddctvg6,1,0.9946967470861903
2,b9cb81e5855add059728cf932f0624fefbi2t,0,0.007410744739052138
2,bd6adbe79fcb843aeb97546947af1236kbg7p,0,0.004568690431718655
2,29e08b4d18198fe9265772fba3a4f6c4mj1rw,0,0.0020239818618666195
2,8f6605a649ae41fe950a6bf579452464d9lmc,0,0.016314792949356664
2,6c11cc7744fb52a632306ca8bf966cd1e4zxx,1,0.9101012601444531
2,ba6811273d4f63d9a31937b71b0a22dforovn,0,0.386928248817737
2,84f06d2c69695fe24cd69f8a1aae21a7kozbn,0,0.0015256552180458415
2,03e884d3e7e3356608187d2345e4693fyt29x,0,0.0010300782123093429
2,9f2086ccb71acd84652f861517d4dff9du4y4,0,0.005797322302500793
2,363ba0a2afea1b074fc1ed270c86050byprz1,0,0.0008071567691181526
2,15f34e73687d7361ac0d780737fca261g2s9n,0,0.014668159612244188
2,1dfb637157cc0e590e50d724cd4cad6d4cacw,0,0.0011833082829326269
2,2baa5a9ec317cb21a11d83f6dc72a2d6xy9jb,0,0.0019785990260730328
2,65d8228c6c1e5b6042f397afed8a5c7cbo6x3,0,0.23552253904995685
2,369515b3af4f8ca582f90271d30b14b6r52aw,0,0.00406831114634628
2,c806dbb2decba0ed3c4ff5e2e60a74c2wjvbl,0,0.001512913761082029
2,84a769adc98498f52debfe57b93a0789556f4,0,0.021208288999744276
3,91a3c57b13234af24875c56fb7e2b2f4rb56a,0,0.0014873845369046117
3,4bee9aba2abda51bf43d639013d6efe12iycd,0,0.01446547026489946
3,7eaefc97fbf6af12e930528151f86eb91bafh,0,0.0143975658480069
3,585e7c21b80baf2225224fe140cdb1a73ddrf,0,0.010500678464518829
3,6e4d22dbabcf2eaae5689c7d155e1c1fev15l,0,0.0005766375648183042
3,b37b352197594dae96bb9219bf59d656oz79f,0,0.0018332690842467294
3,d878560888b11447e73324a6e263fbd5iydo1,0,0.0021736053878434374
3,c748f0d69cc89d5812c9fe3a6413bbb26351l,0,0.0014971420583817212
3,322addd5687d99bf69306148e12f87dc5jbsh,0,0.003217261811980691
3,0d0b3d6dc27d0f8eed70971f8c6bec1bdrs0f,0,0.004896404731746501
3,d6d3daba4bea632d7f5a4e2c5146f109dkd4m,0,0.011507224792930731
3,342f22fed8b1e90c6ff1a6b7bd80f6334w094,0,0.0012198925909600717
3,a1f4d216a1a92507d97166151d7c9fe37bei4,0,0.001029143654098602
3,aabc211b4cf4d29e4ac7e7e361371622pockb,1,0.9885637391246701
3,e1da7d96b83f16aa80cc254572cc154fcoudy,0,0.0032579996567731616
3,8abc7635daf75f9fbeb63783b7b8ccd5rvuyo,0,0.0018413637355069934
3,68d468e15e0de0bab9694cdca8e799eb2j8kn,1,0.9732327644284461
3,f60edfe5177cab56896a9d6860995095cl1bb,0,0.0016606564114929026
3,91dcfc10da696a6d90966ff795751708er5fp,0,0.6746902235679977
3,927c5e145de79f9ee2ada0ddc054b4e9hc3qj,0,0.019056235375916348
3,85be8fd21f41bc3dee86597d272825726bp69,0,0.002371264032535126
3,59ae36080fae26bccbbc31a4505b6fb3v3zjy,0,0.014067142075022951
3,6394edfbd35aab54801518835e33ed50hcr5f,0,0.008617158736640264
3,af98b7d5a7c1ccd2968252a2fb1c06f69igbv,0,0.0019325916820543759
3,96b90af2d3eea4d3b2bc725e1c92e212qu52g,1,0.7922977478244323
3,02bde521e763e4f4e590e8368149e04a96il9,0,0.003622994365964903
3,6ecd9f4b332eb790dc933aea0a1528e2qkp4y,0,0.0018745586250725203
3,9df0b0e5ca66460495931376045feb5fu4y7b,0,0.008245080206602903
3,7cb144485c703ac09fc73aa646041f72ogqwv,0,0.0015102588773598393
3,20cb327bff59dc8f4fe1ac68a30f02eb6jrq6,0,0.0017886510753723922
3,03244a553a252dcc3a3037f0371c8d33fmpd1,0,0.0009341417959401078
3,6086425310e05e77a53317490e8c1f3cxzf2r,0,0.09811871740153302
3,024cf43497fd7381df6254888670f84bwbbam,0,0.005709638711354826
3,47e0637718480102d235233c83661a7850foh,0,0.001510434781475282
3,5b25a86acea5ff395bbd62399bb5cc9bb7h6i,0,0.003644362468633341
3,dc52611b1a2c84c0949da5af9870d57fj6ab0,0,0.005807489814706103
3,b27db6c048fa41b496dfd3423226bb0923yfv,0,0.002300109330489141
3,2e3b450b727fe3e888c85d52251fd33ffoi4b,0,0.0016955568199145824
3,68f092336430866db606f137c57c87e0hw7aq,0,0.053757420154712285
3,22fb740f267ac617118261b2fd3365batisfg,0,0.0031885039457220958
3,17eeec8676ad56bfead1a9406277f41cnev3n,0,0.26200604865776295
3,2c31770e98fc9fc7e0f1fee6207b5600c0e10,0,0.07458368940640198
3,74fc24cafc7c5936d0422b8da306365byjv2b,0,0.001718796999490392
3,f63ed13362ce1c80970ba28a095c2bc5kfgmr,0,0.0017425243185993009
3,e909515a6ae94a86027c717c4085954akbpt2,0,0.017880089044440713
3,27809fd62bebc89be450f9dcbdd25ed8il6z2,0,0.01242681947481008
3,eaac863aaf84acb7529462118e7953c3oeky6,0,0.013421745607527225
3,e561facfea467ea124df0111e041287ctvgwn,0,0.021946846081050634
3,33031f476dec19fe47c0e3a051a68e992hmwv,0,0.02276664202164345
3,f0c356e136831c41884b0732ae3198e0gcy8w,0,0.0019197176094964594
3,6a76d66f035914f93ebc725a0998b399r4gdq,0,0.0009350669617839521
3,2736ee274114e9440463bde9fbffacaa5xky5,0,0.007878701977920075
3,7339b024b285f99084bcca768cce5c7e0h2op,0,0.021946846081050634
3,354baa6c4764a5bde013ea3f7edc72552r3oa,0,0.037404249218958484
3,b191c73f160bb9320dd3715bc3ffed26ymluh,0,0.0016126724888973123
3,0565a780f2c5b46837bbe9739ef15ea92fdu0,0,0.05134732901586079
3,3d281a78c6a116a91baf9c8db22b56bazer1h,0,0.01772726596802152
3,b719671479e7d75b1ba5a5617c95ccad4dkvm,0,0.008245080206602903
3,e8e4603ed284adbd252a7a601f9bffe09oq6f,0,0.009313132249923365
3,246c55639cf85c682d58cbd2ed6a6563vk2yn,0,0.022371453049014754
3,c5dcc8a649adae76ce01a3fa85b68f237ny2r,0,0.004010520605533756
3,d2ebe13374f25a12865d50c17af1dad7yspzq,0,0.0018406666205900456
3,9fada390b6c53ecb47e6f4eb4353e14f01xu0,0,0.0019936182561196194
3,e959a3ae64e28a7d3b37934c0d826867o3sp6,0,0.0016286952562745078
3,f535b28ad58c83d35ba87fcd46624148zbh6l,0,0.001769265611771615
3,40e00fd204d0ce97110032bfc47f423d0bgrd,1,0.814521550884469
3,db88530db963dab43118aef5aba127ec29abp,0,0.01446547026489946
3,bb790a228de797253bf6afa43ee52eba1s2dx,0,0.049262029907214934
3,cf9a1c3af63d1bc3f55728b4a06a5f46njrac,0,0.003878372782051623
3,a539fbaf8b29613ff0e4f3e5831aa7a5p2cva,0,0.06916790211026055
3,7607c4efa792a69e2a8949ccafcbef103squn,0,0.001694300809181465
3,8c4b0d95ba36c0ba2a52f9043c62fccev75uu,0,0.009517322139063738
3,10c1e1164e3f8298df9a35c891f67babiycsr,0,0.0015163182498199206
3,5bbc8f66464ec2d962b0360d1d74bf67imj47,0,0.001448332636514664
3,cffb5f3c1f4ca815d0f643fcb2f2f316beod4,0,0.3828138158685706
3,2d82c3dc726d2bfa19c5f16ec3de5023lbse1,0,0.007915479557008097
3,282fe85277f7c07b0ffbc5fed621a02ezp1zr,0,0.21442893339685756
3,d65c538ae39fc1a7e0677583bba5fdc6ax1et,0,0.06945066876029257
3,640f41f27c03aca0c45775eb918b666cnjsqv,0,0.021946846081050634
3,786fd201d9c952bc3453d4b3a6fa64046d8wb,0,0.0035269407766119172
3,45cfe8744884eb207048e3cbee31ec56hd9lm,0,0.0058630266683216085
3,c4b598fcb343bdd2cf826fc7541500e40xtte,0,0.024273922763881958
3,3d54d594ffba32e8d6527a688e7227e30iq3k,0,0.0017601895793902351
3,b2d3db61ddb119aa4e5f43e1bf72e349xr5tp,0,0.2926855786879979
3,2e1eb5b56591662fd7ecd7b39621bbcfgd1ks,0,0.006836457975425209
3,4f891171f7b09f54d8b4f30b48421f178m75r,0,0.07970899108893946
3,e67abc3ba39537cc640678297a7c5bfag490k,0,0.014916418069004194
3,eefb0b863345336dce70312ff0f8faeb9qksv,0,0.0015121424901537186
3,88e24a019c32a60f2ff315a9d217ec33q144x,0,0.0018212361523986611
3,bd8bd6cae40abb19b81b6b6a7775f63e5tk1s,0,0.004125530533133164
3,3961434cea4339f0049798fab2bc73aekuxjv,0,0.0014535064838482035
3,a3ef8857f2e33ecd25c409622b4e3ebcij8hv,1,0.9852386781224369
3,a8a5bcf248e1326b3340c88e057f59e9nlslq,0,0.01446547026489946
3,5d02346d70f11cd61d9fb955846ee9bdp5o6k,0,0.001452452970081569
3,f04748a1437347d837a65ce04ee7d94enqhub,0,0.015032640592306464
3,b46132a554a2a3b93efc5a9352036e6crl6sk,1,0.4343522825801547
3,4ab56df4b1befe3e2ce5cd98e8950ba2psqq2,0,0.017230691277837103
3,651402deb28af3e3d1ab9a6b88314b591uuaz,0,0.001421535713896526
3,3ddd3eba016fc11b07c8a9ecb3fcc2975bkru,0,0.11984115427572335
3,392d936106b75256632c9dc83c4f1a169bke9,0,0.002233453525426975
3,e69dc706f159ef6e26df0d88388bc5edlymly,0,0.0019336318543194772
3,a6e261c09ae8aa7d0a47ffeb0110aa519jowa,0,0.10951127516958004
3,14f226ef57ed64d8e14c8b5ae929143cgq3em,0,0.002666099787564575
3,3073d007a5b42b827cc770ecf4805278xvvzl,0,0.0034828428320680255
3,ec0c9e98cdf302274974ad212477f851iw35b,0,0.01726655286962757
3,a99f91d51e8d9f5786dfa52e24292dfebi55j,0,0.001317038079521634
3,5e8bf58291656ddd5fd2f71825565446aiopv,0,0.1378463063838633
3,8322695c21cb27accf0fe269438bd78fn3x44,0,0.043927032789477134
3,96caf14832aa8be04d98aa481b320392kb2gc,0,0.015103380567573715
3,a3910fbd35b7a0c383c9805eafda616fra4xo,0,0.011507224792930731
3,37ebf34eaeb8a434976416c34ed5c6d8ywyoj,0,0.001759110869894389
3,d4a84bdffb9543626fdd42c879343ce26ds4l,0,0.001794048236146381
3,01067975436d123f717ee5aba0dd4bbfa0937,0,0.004061258983995408
3,9aca61f505f40a3b4f7865c2d00e2418s0e1f,0,0.20825480734687468
3,1ac788675f70655e71a013892d701e901kj13,0,0.0017733435065715897
3,796961698c2f2442e73c5195062370caawzzo,0,0.0015175859155240623
3,37ca0d0ded383d709676a4f9729ef39cpjfh4,0,0.0018862073115548138
3,b4550ab1da3a3ed6e4a206c9ef78d496q23hb,0,0.060702038240495367
3,d0b096df6b5ffd2efe8d5cfad4a24912zs3dd,0,0.001642980630707048
3,1b268ea4fe034638a92d683b94bcb330vee4w,0,0.0014971420583817212
3,b0164d9a18a3cdf6082e96f9708040690qcqf,0,0.07118346229142374
3,e9c8ee7f783723fe8496dd35232d88f2or1r1,0,0.5745910848309382
3,1e0b1a6ea8d307cb61e221723534c4dclf9w1,0,0.013770958043754927
3,34a7ce35b13775be4e20930ba2788a3ebu5n0,0,0.001573905314538864
3,44be920e88377290bb204795f05a20369jp06,0,0.0015572134113554811
3,8783939eb63e5eb4e5cd412d8480f3955ipxu,0,0.000608231725014283
3,cbe756ce81f5c420a1f7079791ed9aa2js2u7,0,0.0548497500756381
3,10f1460119f9e42bcccd0f68ef59cc830pwtq,0,0.0018117044933614573
3,f35082c6d72f1f1be3dd23f949db1f577t6wd,1,0.017386003079664977
3,c6108e22518279361de99b3c7c298235mkoa9,0,0.005066339261390021
3,4073de52fb5c46376dc3cac6b2f2cecdxyqjg,0,0.0017929500104080026
3,7c965df16147f68263573764dd257a7bxqmpt,0,0.0017167017368218376
3,8ec9269ed4f5aef4584d887dfd9e595aaynzb,0,0.0013052636542722354
3,6c0212679f2439c4113386b2c6ef513e8wr8p,0,0.9394797754280146
3,936d73a062928a362901f0e507d57b0a8rjs7,0,0.002495199215057141
3,2db8669a6d21a5c8197d4287ea32b7883gv5r,0,0.0012425892527114595
3,6713e820273f591bdff7d26a48ee30c5k4iii,0,0.16318981509866345
3,8ac7cc6a62b82e675465e89f67ab1f962ltgu,0,0.0016728688848890157
3,fd1299f1343236dea07bd0ba5f8ca220csnv8,0,0.0016894996445547597
3,cf4eb0f68d47e6d4b92befd0b8fff39a098cd,0,0.0015453412437039418
3,af9c96944265cf541b3fe734a057821a825l7,1,0.6199482028236222
3,a283eb484c3245e5b12b18daccc075e9g9xk4,0,0.022277685426567398
3,38125387ec30412c438280af8931254dmvfgb,0,0.001718796999490392
3,bbad48cdaa604c1bf40b59120a775794rnlg1,0,0.010288080039577756
3,4bddcd4957ff826dfd3b3efe6eb96be9aw5tz,0,0.03142753448699845
3,b1410ac124aeb5ef6b06667786feb742tijnw,0,0.07796429403900408
3,284cd72e028fe176f935114521ee998c5jsko,0,0.0015905310545724517
3,52d8066e28f168e5bee769559ead307e1go7e,1,0.3152213044853977
3,d8ada60e3b7204a104bba8c073136bb40772o,0,0.001458249155899209
3,9f60e1593604631e10ad2677c51055c6mv205,0,0.0027238782589238627
3,ae817305e82b580f9ab89f1a379488e39il4q,0,0.01063872607096319
3,c8e474ba549fe924bff9d3f585a9943cg9aju,0,0.0010028453019395064
3,fa6b4da229eb64b4d44e7d5ee2b027f1j1whx,0,0.05141090384392603
3,86151544b29ad273209ec4605c257b089z588,0,0.03073273978786594
3,0141844fc725a85e38e12cc02fcdbbe8ofqxv,0,0.0020168409582481464
3,359444416c25e6e90ddb2e3d3d0bc23dufn9s,0,0.008245080206602903
3,e429d13bc2c7acc82d8d68fa020546c38v82z,0,0.001529673780580055
3,90eb8151eb82441b084d04893151619837abp,0,0.0029065165212769912
3,18bc9dbbed75b55f35ec4be1351b7aa86an68,0,0.0016210312772313568
3,c72012c8072e2441b3ba8173205cd298cde8a,1,0.14961387974575674
3,cb6ea552ab5b90e2d0572148426ca275d1zzj,0,0.0030658234827023213
3,d13cd9e0a7b95c0a35f3456014865230qku5q,0,0.0018366384261092677
3,86e50263881b0d382b55777185eb648aagh1g,0,0.7227072020214249
3,1e3642857c10e72cedaf7890e3c07bfa8ibzv,0,0.003622994365964903
3,23af639c0bd57bfe9bcf3b16973d58b7666fe,0,0.004314566473185873
3,bc3b92a81586cb726cbf4d5b418fee41o20sj,0,0.0012898417939212878
3,7c08de9de285265b2c34970139331f9fnr9ad,0,0.05904509235560327
3,ccc371d7848a80bc31941248b9f49b95hn694,0,0.0017947973779888363
3,c4d42d0beefe49d6157c546a2504f4db86hvd,0,0.021161895554685287
3,213a7fb31eef8b38a23ad6b0bf2c7fd0dx3vk,0,0.0015902616556126795
3,9a12aa1aa3560062c6f84bd374eb5f7f422vq,0,0.0017619522129413729
3,a2933e33896035761240ef5a62477779jf7ny,0,0.7688387774739986
3,339b8ca3185dcaffbc3ebdfd960020e8es0as,0,0.0019591545720769733
3,6be863f26f22cd79be272789ac7e9153v27yt,0,0.011486326456990076
3,7d8d3493942dc13742444f28626c5839axjqd,0,0.288670979235278
3,85ac49e7f93bf0e20323de78362bb4aadnwia,0,0.0035473627262136826
3,69e97e52dd6428671f46f2ab6567172d8mfar,0,0.010312328534119158
3,b34fe965c04012fd22123ed948257184pqvfg,1,0.5111517672138701
3,5d5816d216122786933fb74c459f35fc0vnac,0,0.0017500618871289255
3,63e3851eb5e1ee98df1065b333f6cb81mlby6,0,0.04234646835697858
3,23f9a0e1492c4abf375823266ddbe36bzukj3,0,0.0014188902713915062
3,70c6727cc40fdc6f752b28102f31a38b883io,0,0.002782566586589315
3,60849c6d966f178808d94543173cb93dog4gt,0,0.001957974708766626
3,e6f73230e0fff1d9a6b1b8a6617002ea9owig,0,0.0014410815179845902
3,ca5730b8dad8f35fba24b68c9ca5d445mp87i,0,0.001634940945648992
3,4444bfb455b90711234e0c25345abbaddrt0x,0,0.003622994365964903
3,3043fb0b4a1904222f640107f84d6f799tves,0,0.0030551511984706096
3,70daecd44c89c37525aa2ca294378ead4dggh,0,0.547386112361862
3,b9d861ce6162179a4b008b63e7fae80fjoywx,0,0.01874903808610172
3,6feec0741a319299c78c47040893399ebas6q,0,0.003096908780682438
3,ab0b0de534bad49af05faa626b88389cmjj8e,0,0.018535533482584986
3,4ac31aea605d17045ceedbce23eed239omved,0,0.021946846081050634
3,9375e98d0810ce9119ccf45300249636zfpd9,0,0.0011998229503881843
3,e2165ff862178c7b2946f7f62f5a3e51wcvaw,0,0.02069337492322986
3,673650167f432c009e9dcd062cd4e9fc2szln,0,0.0015920022281705381
3,5aeb71cdc92fe5d1c4a4e127d7ca7783gzje9,0,0.0016037615201744879
3,fdad47d27b793b74470086c35333d4fepycsl,0,0.0015582884950351198
3,f3ad2931359bca59c36ce55ba82f9af8enbi8,0,0.0015666496291699445
3,30c3c92cc9408f55cfa895ff8a505930a3yy1,0,0.0023570084574599318
3,1214fbf35079e7afc0a35645f8be8b218fd5o,0,0.003622994365964903
3,42e631af9bd00e5e816f08eba3b102d5ch576,1,0.1849977532745596
3,85d020b5f3d99d1272efa0a0d34c56a5dtvxb,0,0.005672105052959067
3,a7c910e7c7796d979aa9a7a31d74a8eaqsapx,0,0.022277685426567398
3,c6453f296ce36005d7e7e67e159e1b7cdbmus,0,0.012933527887799667
3,1df1dab2eb718c3da3f9a0aa90b93651sxqzo,0,0.0016927339832703899
3,b853c1e4d6a4657d35705772ca6cfdc3qtox5,0,0.008245080206602903
3,30da67f34e3cc215b3bdad588410fab5655fx,0,0.11856126485561694
3,1395ca662a02245233af951cc7ad8313vk6w0,0,0.00361269605424438
3,9ae9782ecff93ddf1c6fa13d711b9fe1gc266,0,0.0496426806980367
3,424aed9d807cfe0b2167cfdaa4957fc0heell,0,0.0027825101206558887
3,81c9c749b2c9f97215f3ddaf8b5a5fe1k757u,0,0.002194454662966831
3,18076726ec814a6f56da2cb9ea89d105j8vpm,0,0.001739776838987812
3,a7c263f3fe4f19ff677e5cb475f7e5a3gdom3,0,0.001777101480222179
3,4ed4760782d4e2c65bee8cadc1fcdc89htz8b,0,0.0018608429904623082
3,91c749114e26abdb9a4536169f9b4580huern,1,0.011435447786556016
3,d056594c1d7976b6ad4ba23e2b4cea19l2i0t,0,0.008554435266839383
3,9fbfbd8a57e4d4b18338063ffa43f1bez92lt,0,0.00202479477730865
3,510f33a3c0a290a0e43d2576d928a4abxieo3,0,0.012933527887799667
3,6362c8d61774cfcb6ada7cea1be63678hxkfz,1,0.6649288010182635
3,977436b0a445fa555d537fbf1d4bff2e4z40h,0,0.003622994365964903
3,c503bb79d4f3522f51d348c680906c1bs0w7z,0,0.002714877445643619
3,a96039c7cfb1d040ca978ec5e66ee2c0sb5ht,0,0.0022129655410655404
3,03aafab9868455b78f0723eda86698ba9v9rm,0,0.7621337836828127
3,d43189c6eef7a763b2f8596228807dd89x9y9,0,0.0019504529533603619
3,4199816cef8be846ca71ae752575744fimyto,0,0.9226231706111021
3,e268d06507859d78894a8f6e11995f48zls7t,1,0.9560808082308523
3,989e8e68621a43af5a8d061aa91bd9bfshy7d,0,0.09371108165085913
3,c5863a228287327c9980d12a632985da9vi29,0,0.04871691319961689
3,898419c2d011d5a822e9ee07c387098ezpc12,0,0.0017174551483553962
3,08c39ef7252995e0749f7927249b8dcb1d3xh,0,0.007878701977920075
3,372bf02911448b7f62cc861074a7ac81y0jsn,0,0.014067142075022951
3,fb200accdd0411e96f1b0f6d6f6d4f52rgk01,0,0.0016490848656938802
3,e8f3ce0b2d0849968400b63b992cc606psoij,0,0.002875870913385267
3,bb73823b1c3f577402c9aa9eabd1e412vp2xw,0,0.8689707991204689
3,fd5cef3fe1217c6591500c715d71717anczcq,0,0.001536618287715864
3,2d73ed3974473a764859084d51334440k5q7s,0,0.0017344336200123816
3,db85fb5556f17b744938cdcc2e7ce9b5urspd,1,0.22282783210743726
3,8a4fc219f01e1fe6d4328b0a47fc54905iv05,1,0.028894749377168606
3,ffc4e2dd2cc08249f299cab46ecbfacfobmr3,0,0.0017204971558501844
3,60edf674563f85b227898f6af0386476efy45,0,0.00377532962177683
3,142a2545c5c01937b05ac6de9773f9efgx0eb,0,0.008400819976833174
3,d6fd864297177c38cea65aed8a45fb7bbp2e3,0,0.29564401874988977
3,d79919e5ba11f26bce5e70f0a4f859e3e4q9y,0,0.9029910381304477
3,1dce9aaf9d6b9cba38f9c7489764fe30nlrq2,0,0.001905387690494543
3,dbbf9d9b1d7fa110208f77a681008077plqng,0,0.0010624527121131048
3,486dc9de91d243625863313adc03aa6bv4s1e,0,0.018694077781974724
3,8bc48bc2cd0ee494e55470a7ab0814c12riuf,0,0.021946846081050634
3,30788b28de22d28938ecd7ed6795a8b022qm7,0,0.024273922763881958
3,bd85d0d7fbbfab49136c241bdbe119dbgkuna,0,0.0015184193483092378
3,1ba9422d7a55aa5abc3ff37d1cafa9f2yds7i,0,0.025017753116002038
3,ba0ca6f98ed66bdd1c4e86db2ce4011fdk6ii,0,0.022424992001561193
3,233e09e861813cd087e8937f32a29bccs7b3l,0,0.0018299446317018037
3,225716d7bdf8f90cb4a4b779c663cea5j9sqp,0,0.0012198925909600717
3,2b2ee7d0ebdf910833b5cb173c567881jt8sj,0,0.0784053782126006
3,92f8392be617527734a2f18482815af9ak8l3,0,0.04097552467747623
3,12c1b22ede3c23949bf130cc7bac6316ks7fj,0,0.0037550749804516493
3,21114d057c297080f0f882420d2436b5mmukc,0,0.11856126485561694
3,e4433ef42008dcff761f12b9ade6fd31krdwv,0,0.002587908220363963
3,e10ae48cce1e198f7283064cc8a2f836iy0z6,0,0.0017432847004471156
3,17c59325ec223c94dcb301a7451c39871vxq3,0,0.0012760226053349602
3,38d9e2e83f25229bd75bfcdc39d776baz5zu2,0,0.08340131753489106
3,50dd191676497345cc95d8b9f7284a7371z5s,0,0.008245080206602903
3,5097b3a4011380b5d9447e1a7a20b1a556yzj,0,0.003808984333227815
3,f781d7cab96d95bcea507cdd43b24255pw0dv,0,0.7903867491526941
3,c349d767ddda78ed58a3c5769e780598ar3ei,0,0.011032636498318935
3,afb7618f9e3fd071d4ebedf396e1d45drta96,0,0.001433763454680459
3,ff181014a0d7bb534fb9a35f22e24fe72m1d5,0,0.1124762993854411
3,c4709885ecca7b90dea4beb5dabd68aegk2pz,0,0.008352744333639733
3,f8e90361c36eb3f6fbd485748e731fb7w2ci4,0,0.0028694208441489956
3,88ebdac47cc2623888e0bcdfb35b692ejrbvv,0,0.005692828004937438
3,308a5541e1206e126ef80f18cc29b7017520l,0,0.05753904321518812
3,88acd2e23ea6817d9d9fc28f38a8d1aftqssz,0,0.0022235025935137833
3,68546847f11f6415034b7e2263e8ece62p3ud,0,0.014052369378156656
3,d5b75c812d172da1ecb3164a1cfb7527688gb,0,0.002202159775047799
3,ee45b2475e453e69ce712388959fe4acspmvk,0,0.0023734630940203515
3,d810a7956e4d9fbc246d585ce84e8ea0750b2,0,0.0016157754565132246
3,2366cd7cf3df530ef4fe40b36ffb936fyn3rh,0,0.0038453361599413622
3,e0a9e4ffe2acd28599dacb91c98c34bc66vo3,0,0.004606743902506832
3,28a0d5539562290a1a2f63d5b7230db090ys3,0,0.09721292966570241
3,6326299ca6a53277b2bcea07bd0b4ba8ktbqj,0,0.0016421445378461516
3,3e0bbd7d75cf543a56919ff5069b31a9gcbql,0,0.002872079502045219
3,f23ebc71f2d8d820db2bf0576ee7e148cxvkp,0,0.0424588137158344
3,4c341a39553faef07ddb917ea4e069ed0yi3y,0,0.0015841221411195168
3,fb9b1e58ffba4b38175c11e03e51e1f48dnm1,0,0.0018850183936981436
3,c1850964c360c9159e5d1d0b6485e210s6uvc,0,0.0033774845755406542
3,88641b0f22cf175876bfc4adc44c00f58b5rz,0,0.0014971420583817212
3,d9576f0ba8c7479eb2b26f0d15c4abfayk5ex,0,0.001917050578325462
3,8a7710ee3c886df8ca78c88120603cf6taql6,0,0.0017007291564990238
3,531d4a209ec0cf76c9337b42fb1c3d9c9tcuv,0,0.0013101795022688603
3,958de49cdd870198543313fcf574d7c4eutrl,0,0.04832745189602459
3,67fbdc4209a1566288acba904a2b5a7ee588g,0,0.023651867861475783
3,0e5ec5baf2e15afdbf5212d8461e1ad9h3kr0,0,0.0017623691326393038
3,721e69fd30e33488bf82b7e2f9c8cee28a9ea,0,0.0016917025562024413
3,e8b82b8640ecdd154eebe6b36ec63f0bdwhc4,0,0.00429651225424931
3,0b3d5f829d18ba30d967fceecb58821c3oeqa,0,0.09559480964636877
3,2271fe5b01f9b8f9d8409014ae4511524grmq,0,0.2618584391558235
3,074daf9a99b01591cb0637cb95c32600roriz,0,0.005332528386080705
3,8c09f4afd78059d9200cddc435f5c48ceph11,0,0.04447078056557206
3,953e01bab9ac8786b4bfc77d183732bbqw6ng,0,0.013502063209411283
3,6c3bdc508c20f2f3871766cd73064c8cib3xh,0,0.0017017858053782577
3,400e8b5b5447b4d11e06a8bb0754d8d6l6xoy,0,0.014067142075022951
3,9655ccc7c0c193f1549475f02c54dce45kjw7,1,0.0008204784916993013
3,cc064e3409a1825e3c4e5c814376f140qxu5l,0,0.0014679123234908904
3,026819504b59bc4eefb9963d5fe4271aql15u,0,0.003268158938013378
3,98aa09a7ca13559a9e2a43fa2ba4d2b7klwin,0,0.0014038662407646757
3,162886daa0054ff1ad422e0f18cddff3qofft,0,0.018191312677804664
3,e241b80fc1b431397ba6c70f2fb8ccb72wbra,0,0.0040228120762861135
3,1bb7a8c04e70386f5496322158e9fc3ef6d84,0,0.008748045299394125
3,950aa0150f419cd6361bd3c500e6e695xfljo,0,0.003805450210477085
3,8c939b6713b7881538cb05eca89cfb1cw1lhm,0,0.0017663785272816123
3,7bb914fcdec49aa88c7310a3dda716aa9fb8t,0,0.0008719411013596106
3,95ff2833eef5999a4f3ba4a7684d2b26a6v9j,0,0.0021462069841797853
3,9f9dd5c179d357b53f145ae1e5cc941f5qfuy,0,0.0013781769546575148
3,6da536112251f09a006b0c5223f154d46en4j,0,0.0017576343728323172
3,332ef2c7189603a497fc89345ee4f5605i5xw,0,0.0067149122826664605
3,572c9964ca41ed055830845993fdab29p4f03,0,0.011074283257982124
3,167008af05d4feaa636a565f6f83ec61a6ogj,0,0.001760021815704986
3,27ccc09ae923d1ca8ff7ab3242f279f7xuclq,0,0.0014946758058345887
3,04c6b750b0552089c87ae03de72289cfcpfmh,0,0.0018405010729586181
3,317d3e44b2bcfdd7293b84f82f44b8e31hx1r,0,0.0015430586502134145
3,d9dfeadc7e0e844ffea3cfc706daae5dt2hhg,0,0.003617389324158018
3,af50d549e86276f034e52037722dd5aetouu2,0,0.0015671578867542772
3,167b4f37a264b72feb0f559b650d1cbd3ox60,0,0.006588289519134276
3,40fafe756c4695b32df7d19d4c710dabvzr79,0,0.003622994365964903
3,2106dd7866abbfb4e7c68067d7eb9bebflq5d,0,0.9567363762046831
3,ff3ae9450581aa3de5d2326f70e39d20w8fbl,0,0.0016988916273943183
3,942563fa6695a4b2f76ab6ff3bd58030i75z7,0,0.008245080206602903
3,ec6d3fbd8408ba43891370d4ffe41eabhnwbs,0,0.00452116949818272
3,6f07ce71625a0c57aa5c0c05071cba164jmba,0,0.0015961353560676077
3,cca4426ec6d64f3e73294d4d5bc9719beud37,0,0.001771247193786373
3,308def7f05575db9bcb6a67207d6c1beb2cqt,0,0.007787841755543777
3,de4388600d997803223748e48bfc7b16ggyrh,0,0.0014908660954085502
3,762046a235e00ec6521ba71aaa1450c28ijkz,0,0.13620983430963643
3,ae9e482a7f4a625a878c6ee0eb4dcd01dkm6d,0,0.0036788162783013335
3,3ef2325f8b68e1c030547a2a54ea6b98zwa2w,0,0.008245080206602903
3,90953913d629a03e27590d0d0f64456601ktd,0,0.024985914650162734
3,76c85d6bf559bc0323bbe1639d233e88nxy36,0,0.4367219774675799
3,17dbe14676cd3a3cb8a7edb438622f7fv2scv,0,0.006759666109403595
3,43c76d050c9d2509d85c9dc2b1a1dba4zb3qt,0,0.03657121388566174
3,4ef4b3e5727dc85f18aaf00ff9a1e936qyhp6,1,0.9693072026897167
3,a116e727a3dc0b69f5e7ae14d0ab40d44breq,0,0.0017788727670768735
3,437ac1b8d08c3b328924aad097a3dcdey2m1k,0,0.05740991679803468
3,44bfa21b7d497f097a594c8861d4f8d4w5e97,1,0.8959538051276914
3,a25f4c6838b83e0fcba372300c23c2537k5eq,0,0.0025237822810152584
3,bd7d5414174da6df4b018c21495e8a2cxiose,0,0.6943882127739542
3,6e29de28296a57f039026ffc6df9145cxo2n0,0,0.15674347441750455
3,9e1f21ee1888368e77b539083f4b94ddv8mrl,0,0.005810192208506015
3,6b28baf315d41017844e15d645bb2c05ybt3b,0,0.00938072569488542
3,6a3b1ee159716b743ddb8e07e499fadbhqn74,0,0.0013103315844389687
3,bbd1d48ef4e8e7e3855938755275ad2b2le9g,0,0.0038024260521418423
3,de717bfad3ccf44a93f39e7b43f3b227cuu5o,0,0.0043599285552708405
3,b8da3e0dc73d1f453ecbe6ee4d4e8791pr8az,0,0.001583796352562896
3,8254276e772450c5365707cde76efa4cwuzpd,0,0.008245080206602903
3,34e965deb822f329ecad42b94e8ba0ba3dpt0,0,0.02482686424935032
3,6c2488ec88e02bb38920200ece7d337e0bffy,0,0.021946846081050634
3,8fd35d215ab6530c2ef096c87233cbc93juwy,0,0.002440028977240804
3,19033960ac23dffe078a1217788bc720jvjbz,0,0.003331379012783497
3,0c55920fb607fef2d33324f33565758a6e4dj,0,0.0022676035752332187
3,e72d1b2319a2ef39d016c41e4824b68evxe53,0,0.001673091586007192
3,7114afc59caf2cbaf6ec1733922065f3uz34p,0,0.00284854909380255
3,6275d51c0324547faa8a87b499812268tl90r,0,0.004852785970474931
3,1a764d01d19a1408382ccace87e61c9fndlo9,0,0.02069337492322986
3,0a92c4fa2bcdc8e952546d236b322053o5wbk,0,0.0009866040545260697
3,681b4f9dca9e70441fca4a58c05b0f50skmir,0,0.0012480784734018307
3,79cdbe82ec79d0e60f1b113d9a5bc5b4ar8bk,0,0.0027331217357488393
3,3f977186d125ef8bcbee0c1562c7ced2b4utq,0,0.007752204727025103
3,49f4481b6bc2255e745ef20ac2a720754r9mp,0,0.012933527887799667
3,6ce47fddd94be5792190cad9d972a5c4oyjww,0,0.0034819112107500917
3,d8a10762de6d62c087a0a8f0e61cf78bbgke6,0,0.0063305439285602965
3,042780ee9a3730703e35340c575c3cbb7zjwk,0,0.011655068957011364
3,22e65b6bf73fab510ee814cbaeb9ebc1252mu,0,0.21922165215917477
3,177b031b4a77f28ff167b427ca967b52jetgo,0,0.009839831049918833
3,f4189a40cc622eaef015a19d75d9fe21mylhz,0,0.0015430586502134145
3,f29896e71c8077db28617a03c0f14e7570emg,0,0.0019446151180780023
3,f2ea6d89dd9897f0d6edb6f24c446f01ra6yk,0,0.4384912013412709
3,054b51d059fe981ca8cc4e0d4c49aabb5mck7,0,0.19947754450632516
3,b4495464d4503ccb8e696994059983c89g4lc,0,0.002316307384341492
3,69333c66e55cdd6cabcc6ae64531fc33w20n4,0,0.005244758653691493
3,65f52b46edfc7fa64b9e74557a78e52c1it54,0,0.0010620295212017232
3,b1c9bacacf1f33a8fe48d1a4ae4c761bcltiv,0,0.019562159179012027
3,2a73f10b3b8f2b825e220ba0a1d2c49f9nikz,0,0.010724369623186217
3,8c339df2050a428c04a1c2bcbfe4a143loj8l,0,0.039468394276487885
3,b3dc6151c6813688d0423dbab13d3f19crw2w,0,0.0028683268675776512
3,537f38e5fcf2656968e0a1752dd494ba8z1jc,0,0.0015612918770399333
3,fcda141af3b545332fc3b2d55a8bba74uw7s0,0,0.0021710141211710118
3,786cb68d5d2012dedaf70257449090f2hfb88,0,0.002075900528583472
3,741b9948c8cf42d658676e5a46757815zstr4,0,0.0015963673449996606
3,5640f30464bb5a7bc6e98fd2873fc25dh78hp,0,0.0102041130432457
3,55453d252a225f3b046c094a7aa330a80dr96,0,0.008245080206602903
3,424b638423f4862b2a84f22ec25fa22eb2c8p,0,0.011032636498318935
3,0589cf78c4bece729f0ac620557210e13no3n,0,0.0008608507559605104
3,3e602dff2e3bbe7a52236df2294c9e059fc2l,0,0.0022423430114741644
3,e5736d7f8082d7d7fee8430c0e2279bcdmt2a,0,0.09371108165085913
3,ad228143392ba96c21bf51499bac1c3b3kmzo,0,0.004415882449615017
3,11d5f6925da5809e2d447788b85d6253jj8fu,0,0.04907451714217009
3,18e751726fd7c407c41cb18c20da2c4er5z1r,0,0.0017327845692729983
3,3fe1dacbdaf96fab0c213e218968c518twu76,0,0.018244238997970542
3,53e2d855e008a5c2f79b4b848d467b86nofo3,0,0.05753904321518812
3,d81579750b388276f2d8f6d80384f499n13l6,0,0.0017368486592392166
3,efa1611e96c3238913333b8525c6a196rvy38,0,0.0017434807934461978
3,f939c17ffc7c39ac9b35b69e5e75179fv9pe2,0,0.008245080206602903
3,0381a69b7a061e9ace2798fd48f1f537mgq57,0,0.008245080206602903
4,1c5f4fc669099bfbfac515cd26997bd12ruaj,0,0.001373096980780733
4,3f3a3705be5ea07b9ba7ee646ed756fbssuo7,0,0.001856401120441416
4,0b68888358a492884e3885bcd73ea63bhxidk,0,0.0016881974856467062
4,2c581ec91825362ab66a7ffa05df5e70hl3h3,0,0.035778694666426886
4,2a7d1f9483d34546c4d099e36e3a79790qvjm,0,0.25869972140377306
4,bcf95b210295831ff6e20db3a570f909n3q25,0,0.27326484599124234
4,ef24ca4be7ccbd6ec68d4ea9f47c9e8ex1g09,0,0.0023523775475707133
4,68600b8922561fe26b8b6acf1d11efdfb24k7,0,0.5043714105490917
4,87aa94042390f9267d3b7d90e42b022ek5mbu,0,0.0024127311781481156
4,bd2cf3a868d168425cf1bde7c49d40b9jq0xu,0,0.016083539819358242
4,da6e2a5651b4f44fa3cff41cf9731ff8qc8fl,0,0.042598298143137085
4,cf33d05860b7f7d9af73c6091190b81ektz1j,0,0.0271333353903707
4,0cca10034c58287ee6fbec14a3f96c3546sdh,0,0.003971428599798099
4,577af9ccdc29dcacbbce0f36b7c1ff15btljp,0,0.051799214767094114
4,f5a67722732675f6285b70b9f008665fq01bk,0,0.009801000080638642
4,bff9a98b73f2b9a01300d3fd3d55b16b1190o,0,0.0021757319438686523
4,28c0d4c81a22958352aa742f7d74e477qwo51,0,0.0023113637409037506
4,3073231f45ca50ad6830d4dc7261f283iwjjm,0,0.001928902761507964
4,9baf61c813f1d4a09e3c70f6dc741f34voe3n,0,0.010938484695234355
4,3b233dc399f175100fb11ff9c66fa5b074z60,0,0.1966911981331117
4,fc8e62e5fb69ba67265a3d0e3403aa3fr8c2q,0,0.22412681233605647
4,3edae72a9d44c43524c0203ce38581d1790xh,0,0.016083539819358242
4,a9229b83f54a5f44a69e65b9b3aa7aa26qcon,0,0.0036795065152991414
4,5106dcca581b63cf2226110a9048ee4846sxb,0,0.12305697575450548
4,91d9b706f63537c5fc0027c50b0e3b06qpdgz,0,0.012977031008762659
4,ca76df527977e5168e1b3352cfab2ed9htipb,0,0.0037693888000090883
4,3d9910a238a0f282ad3132dd6fc981c8tv3tg,1,0.36303701210064676
4,fae963b2adbefc663692d7feddb50d5dxz1hn,0,0.04009192939639905
4,db83d746ba8e0c388805fa3fcb235743vfqmw,0,0.08713494841201867
4,8e2a43abb8fcd8ef9801c69fc04bfcb5kyc41,0,0.006098004019948711
4,01c5692d487454cdbe731df330bef608f48zz,0,0.009255805426163107
4,520b616c26fc47935f6bcd5ec063eaa7w15t8,0,0.0019565308867263453
4,1053ead33eb1a5db7c36c979a455348abh9ns,0,0.0024339652380308426
4,4955e2c318d0bdca797ce17794ba18fblhaau,0,0.034405025220917956
4,ef9ce9b85309d7d1044ce57055705bae8pqlg,0,0.005548504242980403
4,72dd0e4788d25f62cc2ba942bb9499dc7quqj,0,0.0037894526798941956
4,50791a0a98478b7f78f8d30acaa4683dxab5p,0,0.053050577583090994
4,929b75b44585b34d2b917ec181ecbcf298fr8,0,0.2542464466213929
4,b5310019f2bbbd975c64dc11189191022k8tj,0,0.0021810355548585337
4,908ce7060337fd8550760a100921f6f7wsemn,0,0.006841697322835738
4,024937af9ea18a2b57e4f08762d181f7s8a3z,0,0.01604676660946505
4,1291b98e40353f77928e363d54a13c569bhfb,0,0.006854047637139558
4,c600968815fc32b20e0519ecfce5b648en2wo,1,0.9836013312964893
4,245b584befa6a5b8c759491f5f3db580p2m5v,0,0.00239392995918496
4,481db1a88023d22b3533044bff5239dbf3cda,0,0.0034117865004771927
4,42c407eb70ddacdcd59d63f22caaafc4fa0p2,1,0.9045106707019042
4,175a06fdcf622c9455d0a77990b9302dj23ke,0,0.18094755753822023
4,a9237defb0a6478098f242b27ebcef18qrotd,0,0.0030706066800506152
4,96b1df591dbbf3a002578574671d9ff1rmzev,0,0.006841697322835738
4,81a6dd18d43cb3b1999176eea563b438roe7y,0,0.013366780104057828
4,e7a98dc8545eb429007cb48799a40a2dc9p6o,0,0.2029726956909669
4,ff12cd48c7de8ffb8b2099f262ce03980dqqz,0,0.0017351081763220147
4,5a2aa4e8c227de4db26547fdc1f017cbxb62j,0,0.0021182761842579497
4,31a301c70e897bf36276031abdf07ab6cs6z0,0,0.051799214767094114
4,e0544483ccbafc4842cba7650677d043n2e5c,0,0.033428498389600006
4,01349288df20199905e719f0ff7ee771nwryj,0,0.00902438354269805
4,179a23cad40c51dd7804069bf769d11e1ftk9,0,0.08528130747738119
4,f75cc5ec8acf1ad2349e00ffc4b3191a531f3,0,0.0028660867830581625
4,3a8124eb9fd3977e43f5e0762d9a09d536rob,0,0.003136937871649396
4,33a7a0121e28cca4e42494dd0f5aa03fdhlm1,0,0.0020046989012964117
4,f61d93fddb01d2d89a85a132c649aa90lj1z6,0,0.001721396815508531
4,3d94b376bae8dd60eea48ded36134a3962glw,0,0.002105520545630926
4,7b93ccc9d5730b561ec5fa7f4bd48c04qudf1,0,0.43381959240363016
4,47c5cd21a74e45dd294cdd53041ec0a3dw3ge,0,0.4694043723794484
4,c2d1b8c1b7a9c8010f5b215e8aadb1d7gahpp,0,0.07892222490945594
4,6f46b3e231003daf21108df4624afcfdaaswv,0,0.002733320190224134
4,dfa45994c8471762d04deb23c6450598byp8y,0,0.008059451704789443
4,7b5bd948eb1d8075be58ec9240927bb59ugz3,0,0.003942349991833627
4,570910327f5584ea1ccba92634d89832lo1zc,0,0.016083539819358242
4,1e1c9332e90c1cb0f01da223bc043c528cvwo,0,0.0028327120918661872
4,a0660fe8a46b9cb6b02e7b0c50eef6a905vt6,1,0.4583366626579609
4,72994bece8c918a2c4c432b98780a7bdsctwr,0,0.0028182913430493633
4,bd0f0c497ef09b5c1bb18b330d932bffktn3i,0,0.26915693126821894
4,44c75302aa4404e23781f8337cddf6ed5tqun,0,0.2056248161220036
4,6c55d253787acf5210f7d785546db80dqtleg,0,0.029838237993993027
4,e5f43783127506211df8c6290c2ecadbyr779,0,0.2056248161220036
4,5c725e840bcc103bb8d12c54ba9a0b37blxvw,0,0.002318153976923865
4,3c0026d48f3d6e10cef6cdb1f708793ccwkhr,0,0.002251233072513467
4,6ed7b95dcea7b359248e9efce91cbb11lm7hf,0,0.07181337400610112
4,8f00a4c4d7f097bc1688f8d89431f6bfmodq2,0,0.029838237993993027
4,35a89119272ca55d7f602689616b58c3pebir,0,0.0024206745262740914
4,ae45f9b94d86f931c84c94f3975e3d7bkv2r0,0,0.008528273591664508
4,d1f000f475c502ecd2e993c52987e63ed3k7n,0,0.042598298143137085
4,e1fb642deec7b382433de94983d97681o14ko,0,0.018299580163360446
4,bf80bec9b4a8d29c494f8545f2a4be4eji6qj,0,0.12024143489257556
4,313ede314e2e05c31471fd6a93f98af713jud,0,0.002637787067911001
4,35b111da8e919bb34e80511be9cbd128pjjdm,0,0.029838237993993027
4,f8d0d52114da74d98800dc7553008705dth38,0,0.008000945511496627
4,3d7cff3dedd8a8e02dbc551c6a61da3bibbvh,1,0.41958225960245504
4,66513f72be85596a527f9f653db3cb72cq4jg,0,0.33778481999794496
4,01255c2c7c5578c186873422fc00fd7afwk8k,0,0.003410410041689198
4,3835e3bbf9a17a33867860a9ba19621dp4wdc,0,0.004486364760861722
4,9ab3bca29dbc32070cd7f729ea55639a350tu,0,0.0019853248542213175
4,f01d8d55568b1f54b6946a1b78a3983exkz5u,0,0.002303604803368466
4,64885ec89a54c64598b2d196e1fe2e351cd60,0,0.0016810179712214465
4,2a4654987b59646a120ac74301339afc4eylt,0,0.016083539819358242
4,7d72bde2e297ee81296adb4fd56e8800p7lbe,0,0.24108251677701018
4,6533b670e02ccf583288ba7c8f5fb1carmirt,1,0.9803786761219758
4,55d0b2506cef6464d799879b65c6ba29hjcv3,0,0.12126083041105355
4,dd1675bf26316cd4630087fb47d0ff8fsug8e,0,0.0026821902556532617
4,9be87a4f123366660d7f6d40ffa493a8ffpsj,0,0.002086450751044649
4,0870fb7e5701f3ba56762b03e157afdc1yw7u,0,0.9109101697452204
4,42cce5c657dc7d99911d950cb22fcb4fmzz5e,0,0.002109735205075593
4,51d2e1b98b7a1e42b939637dc6e11381zu201,0,0.00457555372245729
4,876b122982958678f14bb25d887dd79dun3qa,0,0.004060618918477823
4,061690ceb6004807b7906968bf382dfcbve7y,1,0.7850457237485138
4,ce22684df495e376e32ac95d3ceb1164t37l2,0,0.030718690188391906
4,b1729d5905e896a8411f81bb65d66343ladls,0,0.001933920639440688
4,790c497536a2a9fe080c3b2ee6d5eeb9caiv8,0,0.001745682988887129
4,8d8f705595701b921012777a281a553622300,0,0.002275568570013825
4,06a58d4af0fe7ee15324b0e921e8de1260vef,0,0.021297113634433273
4,0e8212e286ee36da8945c2480e366417xa22x,0,0.003124888603041215
4,d7340ee3c04e600c31fd2a34c760f7e7d26bn,0,0.00393218221992825
4,e4a9bdad09ebc5d5a264723855fcaaad6q52x,0,0.5168654229636408
4,84c4b58a1491da3a30710bcdf61f87054xfq6,0,0.000986431812083394
4,3d48fb12020c1a81a65fdba2d75caf0d6q2nc,0,0.009587839143766803
4,936d542904f515ea87bab7996497b11aszyco,0,0.003088394326943008
4,c97dda0fd2de7d82d3a52eb6c0788062h3tq6,0,0.035916491409098646
4,0daf4f87eb695e2a84e4156154209e09k6ga5,0,0.016083539819358242
4,9f7e3e648ea8e6815c6e7caf59412e843iqbz,0,0.0034703874565827093
4,8ea020a1fdccfd726f74ed7e90dc3400zy9iy,0,0.0031146343282920526
4,b77312a06d10e22e3caca85fc7fe0342b2adf,0,0.029838237993993027
4,cbc71ae3c3690c89485eda3f08b9bb51rqrxz,0,0.30097424693826286
4,80bf6ab93fbb8316efd5c0b42d4b46c83qrdn,0,0.025250519300259934
4,aba1120a5b13cf72c1d52c0dac8aafc67nmoh,0,0.005689978200306067
4,5aae3111e4fab04fa5067c740329a38d11361,0,0.001995478405120007
4,6393f55c093e04e6e608e1ee8be9c3e28omjd,0,0.003269594252248065
4,aa7e36069de119ee3ad7c4d8c925fa3ekrs4i,0,0.0029466062152223556
4,9d98d3f00a0c0bddf35470b0fb735fcdhiriy,0,0.8436425478503369
4,0fa357965f89388d8e7eb8cbc3b85c6bnnro4,0,0.00824109615806781
4,80130530788e55de6e9fd515271859d1kgfsd,0,0.07454924840041519
4,4882587d42b3d7d8d7bec4315203f10bl2fts,0,0.02258055661055615
4,452619e019e5651a8d98e3d59a478b7fez5e0,0,0.001947370309048238
4,9f101e80580cbff55a2307c028408a91nebzc,0,0.27203589542382
4,a9062f1d7c589bb01ee0b330ee8791fc702il,0,0.8076783828149922
4,6e18a078182a21b8522bb69a822cc338in7rn,0,0.002796471404563292
4,af5d33f9724b0e8c1f875406c0556d1e6eotm,0,0.49675568457948743
4,e2a61feee7f94b49d7de1ac6efb237c0fjt1z,0,0.0029850144694766006
4,d4be674fce23aae81c4cb946d4fff8671gxtu,0,0.003533437319139851
4,3d48d4b09fc7559bb6c129fb65c133808brgv,0,0.03730790835682349
4,1bb03cdb913f203f704caf8bf6840b6fbpigb,0,0.5991827845913805
4,403640a20dbd2c4bf554e558de137deckn70o,0,0.015497974890914128
4,1dfa6e724441ca3c913b3d40967c17b2p9xr7,0,0.002501958238830361
4,d2fc5291537a61882065e571c21e796975uy0,0,0.0015122877078115626
4,e2e14e8e15204b504b146d17a2bed925qg3u2,0,0.04412387139766554
4,0ef9be4eb3b6a03ac2945522964b242ap09cy,0,0.002059137490397825
4,efdf59a8ca81c5d3744f9121ac8fd2c7coy3g,0,0.0019565308867263453
4,86a3a9861ed45158e964f9d004a224b3324cl,0,0.004244571599156676
4,e0df56a5ea8094d070b0130d7178a996noolv,0,0.002220537127750248
4,abec779131ec6bd32f5e32ed0f274400ekljo,0,0.0027563356416101716
4,ae15accae2164aae084aef7e3524c1fflq962,0,0.017321824805494632
4,98a5197faba8ba72d6ee9e1c95d65d737sigb,0,0.006912022538080518
4,d95c969eb09086bbad373dd8ee80cacbuagvf,0,0.038114113111040654
4,dc87cba6dc8717e219e9fa9edcd10ae4a2i86,0,0.0019565308867263453
4,0a43de0ab0a7525fec59ef4bc1dda7a2z9z69,0,0.2990746656197457
4,e561791343f3564a6fc612a98b5f3df34rxok,0,0.13502284731308856
4,631f923b7bcf91f61a2e9f96520bd8c8vtl14,0,0.8961587677356125
4,13dfda714fb516e1f9f7abb0c927bdc2zmw55,0,0.016083539819358242
4,4c67576a6f30a158d16d790a7fc482b0zqxue,1,0.7114622085859215
4,98eed7cbee9b1a1b526a635648e7cd2fhbt5w,0,0.11414370371056147
4,414af5edf09c473bde75644b76a68e7feesrw,0,0.012924216093963142
4,9b733fcc97535e27037c231858a711adyzvqf,0,0.0023639606087758314
4,a6d6f3f5034886fc00a1245b439de13a66ha4,0,0.0542101347830177
4,1dab9ffc5c6bf06e86e0dd1b3cb9ebecn5pu6,0,0.020614981022784667
4,d9b611dab3b5116f761747fd3166ecec80icg,1,0.11403416969565673
4,669c6a0e8aabbf0647e8ee6e150c47b18a4pu,1,0.6415771424795434
4,2fe472c1be232dca314d4bdf0fa95165rjv69,0,0.3819154685731919
4,bdbcdf6a935f4d1781a2d33bcc4967130bdqy,0,0.20090383639889392
4,bd29e36cbb063cbb96ece76680ffd9121dy90,0,0.0021827628034258276
4,ef89b74b58c49c1a321d3d7ce061d151k51xm,0,0.12305697575450548
4,a2b4df001b0e40a398f6d4ae9b316c0eix5bh,0,0.0032559712045967617
4,c9e1e860e39bb7d4dbf3c91c5d6c36c2dv4tp,0,0.042598298143137085
4,f7e3635c9a532fb9a60d6eda6eb7c7de3uqs2,0,0.0023292463333966294
4,4d6580da346435dff2503c55ee5e0cf8wbkb3,0,0.979213158289907
4,5720c8d7bc15b94037cd75ff9496a35evugeo,0,0.8933736986756218
4,2b5a7c969ae95b239583f09936560b85g574d,0,0.0017096817628693827
4,b7630ee9a73e7ba6f11f7717b7f03ed4be2hb,0,0.11805213349158653
4,72dbc4a9f579a9444c126a0a67118783092ec,0,0.0028072338874042626
4,e9b27622a64f2eb9dc7559d43bc45e31yci23,0,0.008313055294818301
4,76d4a0147a60d871867f00adf45cb792w9c6n,0,0.10263711848008582
4,84c7bbdc12233f88f35c2c3b8f178803ta03m,0,0.004778907306656461
4,c1624207d78346c3c58cd44f3d5472fcriae4,0,0.0019069837526138579
4,3cab5bd983f5be9c16789b6c14bae982nhi9c,0,0.05259308383769944
4,97ac4a68e5600c4b7a960d9580d4f251470mc,0,0.007305928280023963
4,0817731a4d2e319f6f771da3f522b8bfv6njs,0,0.9754118426234056
4,a6214d8bf07127661f322afa7c8dae91ypizm,0,0.0016810179712214465
4,dd76fa7a75bd0e1921f71d255a8e0853l4lbi,0,0.0035783928589079605
4,a0aeb6de8a21a5b776f63530ed753fdb34k7y,0,0.021545524334942005
4,8215dac41ad35a074c93bfcfbc0f908chlo5n,0,0.0023990517966529516
4,a2bb8b3e3ae4566203eb5b3021b4d594pohf7,0,0.0030465576021624554
4,63c48b70d37dee5fcfb26f94107ba3b94d90p,0,0.005775857165467648
4,f3bb3c26162cfc1b8c3636a7ba126010na3n4,0,0.010650507485282389
4,89291354b0939c342be97fa58e018bd89fvcf,0,0.003444331552418359
4,70c31e8b3476b953648fd4f8775c1950m1uz4,0,0.003095153960208274
4,fe19fadb955fee4c5fcd0e30e56e1542kx66p,0,0.010363842018965182
4,24284d3fc3334e0adeb6bb95637ca62d6dm96,0,0.003237845742476766
4,93ab2dedd76c1859885cf724ebcd987c9ngfi,0,0.0030167681822731228
4,b729f60d26fde89a01f3fa89759d6b07t0ec4,0,0.0027447485153198007
4,36e2e2f32a3872d3e958c0a58ee79bd129xdy,0,0.002670889083957468
4,3ded667003605eb856ed1aa2b82c1732gtma1,0,0.00228933265226837
4,d6517684989560cbb0da1fb2f5bbba9b9y2st,0,0.03188197694040906
4,361c6da33ccd1c0df152fd932e6fb2a69i4ux,0,0.0022786214621808866
4,6a2c4aeaa17c2fcf20958803a674f101vlxw1,0,0.002425079958158393
4,9685887173cc2e1e5ee3993832a4b153bfl9m,0,0.0030361157714465462
4,716079d1913959ccae0307f760bcddddt6d4o,0,0.001905510615384527
4,c62a6956e93ac3b56b1292f2c2d85b1fyekav,0,0.006841697322835738
4,ffacbed056cbfaa60c1fcf51f0d381bddr3ly,0,0.00326667673053939
4,5a823474f9fdaa129dea9fa690d51b62rgm7q,0,0.008526284788759386
4,d92c8c2d4c29d4c785431a8b34ea135awepbr,0,0.0023781323707054098
4,98ad4163bb0b1abf72f165056d4bf1a1g8ekg,0,0.0034649804850419566
4,c478f94c1323552e85aec6e1013ecba586320,0,0.9576703440508603
4,bcbd5c95680cab78cf904fb936dd03f86g19z,0,0.04412387139766554
4,764234598477e02cbf8a43983fd43850l1c8f,0,0.0014604317737824373
4,f01e3769fdce36d31eae85525827ab17xeu31,0,0.0027206973301579208
4,098bfc9c440f9ba9e6371f774ec6a36fa0sq6,0,0.002315747663521529
4,58f590a56f480589646d255d570b0877zcjw1,0,0.0029859750011208973
4,a8c2410eb81513da23261a49135e4eeacw6dw,0,0.05259308383769944
4,11e47dc08d7fa4d1a1953b5868892f72qvlho,0,0.027028545821294988
4,c5120d10a23eb0c10d56a19fecbf9da85t4ow,0,0.0027423512958681157
4,1530008a712831e35a673d38959528f4ozipv,0,0.0015445572036934935
4,f4294bb3abb69fa3183e7e851b58b278k83z3,0,0.051799214767094114
4,bea63152ca4d99f549999ca57b93d015z9kyh,0,0.004726096392378442
4,e21b238213c361523d276d67f37c05e3qot5q,0,0.0029110048329396205
4,96b7bb4238e7ebb439d81d63db4c2796aoofv,0,0.0029705563834124707
4,d3e1891edac2851f6d34de566802cac8m8dn0,0,0.002288650358496926
4,53f61a2f33e8b07e49da643af49884782vzdu,0,0.0013720932002351139
4,86a34cdbb975c141eea1854b10dbf1c8seom3,0,0.0236847057544619
4,5e945cce4e72950e0930b2700e77fc8eq2abo,0,0.002197641386660923
4,ae0dc05e48d0f1e3ad33f37b4400bd069jktv,0,0.003943030950122994
4,b258a38ef4cc6ea241b5473ee9badd32ekhoy,0,0.042598298143137085
4,c749a25f3a07304b959065d83bbfc5f75u1my,0,0.002268317793729935
4,4997f0d7074a1d9f8bedf5575b6a4372w7nro,0,0.0036601543670020803
4,26508777dcd84df59b467a60d9f18ca1pvvbs,0,0.026116530506629588
4,d127576e329604b576df0a3248cdcda3279td,0,0.1254259461845715
4,bf6f2ca50a3a6a3113681e754307aa4ehnd5j,0,0.003215304527123546
4,e7445f6107c8cd3783fa722c7dd29fe6rcd3a,0,0.0018219169273013894
4,29bd1e11a41eb2ff50af75d10f28041ejh9xx,0,0.002847201689079583
4,a46025d61131de18474aa6f167e04bf08w9x6,0,0.17549693738858343
4,3272e16da807a75a987e26b09bb2147by1mxe,1,0.9816062096059762
4,3893d2c62d59c232112efd332bc342dap8b4j,0,0.007250794598089493
4,06c281e31f83dcfd3fe70d2ee2d66bc7e6fw6,0,0.0015445572036934935
4,24d4554556deeebf61510cf3e001edecu8hgj,0,0.004306740042771089
4,8a958e0092f6ca984107ea6c3975f806c59m2,0,0.0028830113624965783
4,655a95d80489d145052254616787cb84fwqid,0,0.0016181316021483918
4,1df5be644b8963750305092eb8ec878ayba4x,0,0.7129963764899826
4,438e53670ffa2990cdef656700bb49bf684fz,0,0.0018937757298107512
4,b86050461e88566061c796dbccb1f7e5at242,0,0.0019114975097893156
4,fa64fdb8ad70e86efbfc31179e93e99egd27l,0,0.007748471362343557
4,3c37de5e4321388ba706233d5ca4a0bfp7w67,0,0.016083539819358242
4,b7515e5f181a6d4884674897226cfe9cpd6d6,0,0.001466523660979009
4,fc870f3872dd5e36e4dfc4ccde28cc930tify,0,0.0032600995303222542
4,053cefb7e952bd81d7a6db267a121747te7lo,0,0.05595028669710348
4,4e22432d4a059b14d1d6a68a1feaa953k8vrb,0,0.001466523660979009
4,83e8aa6cb15daa745c75ba3c29a2f646zjw33,0,0.011227918317934163
4,82ae4df0acf8237d7af1a790e3848645bp73e,0,0.0025551702181080813
4,74429c9ce8183e2b1b89600e6de4ceea5kn1t,0,0.024789610975570503
4,8a3f5e16e4e689897d872716efeeaa0904tyl,0,0.0016893008685483094
4,e76154d73bb7d7b86d9bd48d167d3c679z0va,0,0.1770160292077895
4,ac2d643e0c0d3bfe8e54e5a961c6cfdb5xn9v,0,0.0068113189100399265
4,1680b6a12fdc8c64645c00ae8048f99c6uzoz,0,0.0036416039169495187
4,c8a99985c7bf230f475a8e9be6a17d7a08r3x,0,0.00196540793368433
4,0547dbd3ecb4a293913f138d60b586fdf4ane,0,0.9645385011550216
4,b6e52f37365cfeae9204a9f408b8c3a4idcs7,1,0.9645358530492997
4,459ea22b6b51936d0788de9f78a3547bf4jrw,0,0.003738376204081589
4,6f6e3687f67272b103351641b678225abarzw,0,0.004283250665193162
4,ff92ea4abd33ed38601287f0e1d6726dmgx1f,0,0.5337466472957706
4,46a28eaed47c29b4fd148a50cde44840u0bsn,1,0.7176379333248813
4,668d393e858e8126275433046bbd35c6tywop,0,0.550387513111804
4,1c61726e316d5a16aaa80b429080c534u43s0,0,0.0016975014611874605
4,e783e5f6b818d18eda4065282022ac23jd1fw,0,0.002847939887125785
4,b17ce8bfbb565945ee9f289c2ddd8abbu1ndj,0,0.0035941131865391855
4,a262e805f766306f4adb38211abf235akxqh8,0,0.0036271513983862874
4,a679d00c30c269a8eca148458abb8665kciaf,0,0.004827483500015499
4,64abb8a286b2be97349e8b17abcce6d9rygza,0,0.002240739138690926
4,76f7e6c70f2b84d885b23e2b2831e113ueqo2,0,0.0023541989154152727
4,83c9359ad94eab7f4b8fd582a6db4733frmsr,0,0.009213567787859938
4,9372e27ce85a8c8b9460b87c37cf55ecqjjkd,0,0.06650523557108091
4,aa3ac65055bb4b1660f4d8c1d2c187ecoqvn4,0,0.0020146908913795387
4,e134f2bb79d1a810aada6a24760c8910mh5na,0,0.03977709833817403
4,eeda0d135495167db9425fc5fa3a5e3ex2zel,0,0.029838237993993027
4,c0e4be8d520c7bac2f51ad80a98876c2aan70,0,0.016083539819358242
4,c67ecaf47f857f37f63ac0f4b9af3249wwdtz,0,0.00196540793368433
4,238808859d7752579a415e89a395500fh2o65,1,0.004187300898171489
4,51cf4dc8898554aedd8572f97a95ef5cpi3ct,0,0.38402647206162266
4,9a44bfde11a7b6ade17cd33a2b5102fcnlhm7,0,0.005181585744599957
4,ae37c0f4dc6e3d99f5b0243fd18294cak7pxy,0,0.2822305783827321
4,67ab503313f60aaba89f64e2ce3b459fvyahu,0,0.05899660709484857
4,63424f85cf53557fdb5dfc6a280af75epl45b,0,0.002309895627640387
4,d4db72f36e6ad1668dbc0bf4f0e1c49bn12a2,0,0.017726468214261524
4,817f8074bad1c717afaa8d1696f9b2b00muzw,0,0.0019958061529351634
4,c8cf68aa6abce25325dfdad4a98fd890ap57f,0,0.006841697322835738
4,8b4bcc98fa4666b22c7a17c9a4b93ebenlmlb,0,0.0023468584047669576
4,9adae18220565488f77036be41cf71beiepqk,0,0.32398199259975785
4,0a09adcd35b5f26d75f251006affc747drfu4,0,0.05527277368769505
4,f428427d7227ddcda377cd00f07749576c6b3,0,0.029838237993993027
4,8066d0a6ab30c52b3ddca5da19518b6188t23,0,0.0042584626479787
4,afdd5c7c912f9b6a88c0c2619d618124ycm44,0,0.016083539819358242
4,97db2350652f8d01237fc4c59a470eb81h9gs,0,0.0034760796286833454
4,e8bc0150097c1b2b8b8c374b69e0d3a6mxfcm,0,0.0017193486177276309
4,227bc0936837200d0aaeb444ab8d5f1axs8zr,0,0.0042572916358475325
4,01c1c7be49cd6cfbb9075925a05c9899p41va,0,0.003539115380025933
4,e8581ec94cd4d5009ab6b36c6aca9f0cp3txb,0,0.004174485554146508
4,e50426efab1e9d60b8f7258130f8791czrpvg,0,0.03777574736072295
4,24a9abf72cedcb421e831c1be26607e37zojy,0,0.002019209912200037
4,eb27d8daded752fc0d1c828867b0f118cswwq,0,0.0016295572190084646
4,bef84146ac1e2f21e928e06ede1404793bfnx,0,0.002039972753584875
4,90fe8d6fc0bbe4ff2ca7833fe51bddbaaibof,0,0.09228576624038194
4,0f8cb1baa83fefac10f885f79149bf13kn4nw,0,0.02664883274310992
4,9dd7e7ef94a7bc5bc9f98c42099910e7o76qh,0,0.002607515655582468
4,5201935b289665a197e38f747882948fjt867,0,0.0014604317737824373
4,fe27fe0815883aa3e1a312f0dcb45981txa2m,0,0.007080047506262179
4,33895230e0b25b5d3133d502ef3ecabey84m6,0,0.021637411602077918
4,1982c4b164171180d480166feae881ecmxsgl,0,0.002238273257490906
4,7ffd9b7b795d9335153d481fba4b3076plrxc,0,0.00230871727520395
4,8b109c0aee5ed07fc996e73d28e65888o5jmc,0,0.05676910351027721
4,050a3b29ca1818e1f237df8132bc2013bcuxi,0,0.002074043360421042
4,74149197c8684977e397ab60a6a264836b0lv,0,0.0019725265752392144
4,55d9cdc3af85efe87b2a6f22a2cea96ezy2ax,0,0.003619482013063215
4,6130cfe76ed3bd87c8f8dc6b2b2786dcp44xy,0,0.0024908036765617565
4,8152c94b639be88e7076f0e32bd70e0eg004b,0,0.0036087374130559847
4,23bdbb8575f191b71853bf78d09e11a1lhnfn,0,0.0035897368755888415
4,9ca7afbb673865b01cd4b02846054fc1p3vjn,0,0.012559704579871683
4,d144312f2f68dc33a63b7863911b2aa459i99,0,0.009081286120394182
4,6ebbb4e7c3fb4ba44a89bae997717924gm89u,0,0.0019203237835277024
4,1456b44d8b2b16cd94278137269ceb11ns7wy,0,0.0019059579776477228
4,e59ca537cb8df3053bdd555bc987b4a7c7m4e,0,0.008397970170838074
4,078e06b3288cf8f18ab7ed44b245fc56nbyfv,0,0.005343416115017921
4,81392b54fee8e50ec74efb27cf0de8e32fdm5,0,0.0013314901960663663
4,4694d67c21e9a2edd614e717aa3f4dd2e0w93,0,0.6599098680596946
4,b1863365ae232a316eb946ba56a29415m0gdz,1,0.8182277512987208
4,1275d8a6a3b2ae9d24b50997397c254cpuuzv,0,0.8526177076752882
4,ce7d34398a6d6011bcd96ff0aa82b6674hxzl,0,0.0017382330634350364
4,1a09feff347553a2577983d7c742e3d6l2hfo,0,0.10546018309345807
4,65435e491aa69dd9d44d70a9aeb6e847oqlty,0,0.0019565308867263453
4,628156f3bce703aa6bd275089c6c692499h1q,0,0.1043050801674159
4,39b501f37dde9b055d627394964d3260qiktx,0,0.007546432270505276
4,d110111b8700f290b5d03a0e243fe375r3woe,0,0.002672432050884815
4,37ea72c53cc50112ced4f88810f1b38euoz4r,0,0.00260645566010501
4,cefd0ed907595de146c91e6c26b8ad658ilo9,0,0.00419137395684277
4,069d251f2fc19102924468ab38349d5eou7ab,0,0.004862550005225092
4,d588f4c51e67a340d1991a8130ee0b56hy0r0,0,0.0024324342006005087
4,535ed161b4c9960a71ccd53128df4766ddyq6,1,0.30323036601431624
4,a46046f129f3526547aca680877fd8c7e6tfc,0,0.0025716229871875144
4,2c449b1bbbd5f8d9bcc1159b7bd3caa32jhtp,0,0.0018931045816754238
4,77b7daafef906aa3f941992bcf94dd69zxk2p,0,0.0036600628363833844
4,4731be79b5c7e894dabe5986e747b97bd6yxh,0,0.0017347704909987435
4,96dccfc370343f6871dc478d5b2fc3ffx95d3,0,0.03250163173255019
4,c615c31c87260c0d85727deff6da6667lgg33,0,0.0022420435119805083
4,baf1aa59ebedbacea2ca418c5aa83888imys2,0,0.0014736443936604815
4,c65d2236a70982d628454d19472ce26eltxgf,0,0.0025783583747478484
4,74cf3a0c5e4f080415888bad2f7119499lh63,0,0.004031839555503701
4,d31f6cdaf4f8485190b4ea588f8c1733y6qu9,0,0.029838237993993027
4,4aad6f0ffe775217e4ef8c91d69707545li52,0,0.0017382330634350364
4,8d500e174fc28d494482f8ccb9438608zd51s,0,0.05259308383769944
4,81207d4ecf830fee924989f4fe1eaa7fntkmw,0,0.004723036287652684
4,fc48aad7a51d965595b59550e08b94c670k7w,0,0.029838237993993027
4,acaec0b9f72bf4ab4318f3244344589b3700a,0,0.0029019757904295805
4,120beb4523541f769a2b658cbc41dd57w7im7,0,0.003853283942054435
4,fa918060747386f431a511c862565e34y1pdw,0,0.0017527406241246684
4,25331706aa2157419da068e93f3989feyo7a0,0,0.17331130990840196
4,21fd0c468438a483ad1c60cfd1b84b850iyjv,0,0.0031569975449646554
4,949689cced5d86578e6c8b664ea76d6aq6zxg,0,0.017726468214261524
4,f0ce8b973cb8d6eef9221fd3d6698fd4kl3g7,0,0.0025318960643462203
4,99a3bacd3eb66c909a02b85402ac38dfskz65,0,0.0019408905553754798
4,b5d61accc925a0e86ab7274e1ad82532gb1w6,0,0.05132231565166633
4,ffaf0a972a6dcb3910fd6b16045781e2ava5y,0,0.0016810179712214465
4,53d9e7fa087a0dab6a472bfbfb694622jv072,0,0.0021345231043368674
4,17e4d6d9a1f8ec00cec1d4fe79b059bd51476,0,0.09284024437953071
4,170a58cf637c08f0818ebdbfddca29c9irkxj,0,0.0021847691939318936
4,f6a7e7b14d39804c7d15627e2fa384a1cq892,0,0.017118253325164597
4,f5b2bbad20d1d7ded3ed960393bec0f40u6hn,0,0.030010491567010106
4,7959bd565852dd880cd31278fab3660fuaqyw,0,0.0057232647396675655
4,c83ee624c46235430ad4338278f6d270wfzre,0,0.0064998186456381325
4,0e373556d3bf588a1bb2ca6354120cf2dmvjs,0,0.002106781224671088
4,ad590c59c30187b772258a059d532db42tf4d,0,0.042598298143137085
4,a4e83190edb97fefdc4a6cbfd00f41fbm7c4o,1,0.9318875457402362
4,c670e7fb466b09000f1053d2761752268bkfm,1,0.11734779679436175
4,c41cd6791e262b44d26bdb3443fcfba97wlm3,0,0.42217854450379494
4,e588d3f7a141147e4f8dba29377144707vupo,0,0.0021408398163200917
4,5f529b5ee68b60482c5d0c56ee91f3c2cjrmx,1,0.979805275791229
4,0f4669e36b2e721dfe27f8633b277a1575erw,0,0.04412387139766554
4,70db4530c292bc759238b8306ff4ebb6n4l6t,0,0.0023781323707054098
4,e49dfe2adbc4b3789f67bc044c231473clc4d,0,0.002838898460780601
4,f28b5654b5633a0b5e3f757a16080116sjj1b,0,0.008072950920972228
4,bb4af76ec92ce75e8abe9a6a481d4314jyo16,0,0.03909042126192231
4,37d71b4ae830fcfa6f0c4f65ec386414n8h5l,0,0.0018238420096493785
4,e9f928411213f44502e4942a29553ab1tbqgu,0,0.006516037876197643
4,f895a8d9d7974b3ee7f1f04a25a950e9v63ps,0,0.003272722128239271
4,f473c995ca7b5287f9b2f079f0d78a1e92226,0,0.530413906704643
4,9d8a1ddb38499b3403a6a93395ef29bcrznni,0,0.004057290903504406
4,9f52fd88ba073512be19e3d24d4bb6f91l531,0,0.02300494670217811
4,25aca203223b4d9563f5b1a01aa3a21ftlgve,0,0.012569402355315503
4,6b1666662837213ce77c329d8cb2a842epaeh,0,0.002308461758002904
4,1b7c070ffb2c23c1d02ae5bc5d817d06qz4xb,0,0.0034757622680897373
4,e29ae1bd8e6e7dfc9cb43b1572d3d55ca0hc1,0,0.0017310144616474244
4,385325103b3eb54b0b974523fb7a13e02go5s,0,0.003414802444300969
4,2b5c4051f232c4848dbbb477c5ad7f389f4b6,0,0.035916491409098646
4,717a0a200628f9606d88afebaaeb409bv60y8,0,0.2337318125950961
4,e0fecfdf4029d9a91664e703a178397718lyl,0,0.0020995114713260564
4,aaa686462ebb950550fc1c6136ffb273vkrc5,1,0.03766800345575593
4,9744d8ea513490911a671959c4a530d81fj5e,0,0.1314716666311952
4,d2b8a15ae403dabc5aa752b205181dbe1lm57,0,0.0021827628034258276
5,91a3c57b13234af24875c56fb7e2b2f4rb56a,0,0.0008468129547005378
5,4ab12bc61c82ddd9c2d65e60555808acqgos1,0,0.1610101245011827
5,d1be739798ba0745a1fd72ac918a9f1929hei,0,0.0010900499657593868
5,1b26a52e1e5980c8487bb35cf5027fdfwfnzp,0,0.0010402903333710386
5,c0549e76b179912d52a28c3eb9b29376yaxvu,0,0.010728914440485038
5,38e919293f5dbd62d87ce288e41aae2a281m2,0,0.03180729575234698
5,9c509838d129fcee98cb3934079ca36asla50,0,0.007183807908904686
5,067ff22ebf0d33fe0deedc816d75973865jo7,0,0.33558561075400245
5,eaaae0fb54c7d36724a9679c3128d5a7gn4k5,0,0.06004051604182525
5,a22fdc066a738070c6e4860924d06657hengu,0,0.30086863587079665
5,29cc13d48af9832e0eb481c8a095fec7mom74,0,0.004137782979209351
5,a1f4d216a1a92507d97166151d7c9fe37bei4,0,0.0018019362679178982
5,5686520af5a4215a239418fec906f88e4she5,0,0.0015015690763731067
5,e3ccc9bd16fa1f4a92fe87b4a54e5e72uficw,0,0.11908859176605026
5,481fdbc92e77bba4c9611841a7d74071elwx6,0,0.0014532636459208604
5,bd586db332285f3c45814fbb8f638d79d26u7,0,0.0016549242777378348
5,bcf95b210295831ff6e20db3a570f909n3q25,0,0.40030630584540816
5,ef24ca4be7ccbd6ec68d4ea9f47c9e8ex1g09,0,0.0013993484397057355
5,1cbd9081de4481ada66f1853737f7684ddjd1,1,0.9720650253268137
5,c5babbaace35399cf51a9356bbc22733xpi5h,0,0.0023048558708606485
5,1e342381f2c64318a51a9b71d91897f8dv9ul,0,0.243778183947546
5,9ded76c5244a2116a3b5432fa265a800j0bvt,0,0.007877258612878872
5,53691811bd992911edb9f5f64f49d8f5luk1f,0,0.21532744852081
5,d27221cf2bfaf0fa7a60ffd3e1e3a53efagvp,0,0.4644197613352222
5,60b8145bcfed7a5f2a23b596a8aff99cdzn4m,0,0.003966253224775874
5,3b233dc399f175100fb11ff9c66fa5b074z60,0,0.11455440106529506
5,a9229b83f54a5f44a69e65b9b3aa7aa26qcon,0,0.0028420908531327444
5,dc52611b1a2c84c0949da5af9870d57fj6ab0,0,0.006530590954879868
5,74ecf5f9adfa4dcca4dcf020209db81arynmk,0,0.0034989245312921965
5,10383b390780e7b4b03dc32c94b4973f66wou,0,0.008840768709886676
5,2c72df02de4b36acf72ba549630808612ol08,0,0.0017551774948125656
5,6cd1bd77bbf2af6a2c6e535192af628by3h22,0,0.017085862408065828
5,db83d746ba8e0c388805fa3fcb235743vfqmw,0,0.07779268061825415
5,090c77ac89c7063f0d0ce064ce3cb3afllf5h,0,0.009645059766362322
5,01c5692d487454cdbe731df330bef608f48zz,0,0.006885885726223931
5,2515c5fd81638d5d0bca39a2b2be3995tante,0,0.14600541450029353
5,27809fd62bebc89be450f9dcbdd25ed8il6z2,0,0.008132706967489474
5,1880a778c9dd0cb15ca1f052308a8e04g7e35,0,0.002777495328589089
5,6a87cc9dacae884e817de2ee08452e76dx9mn,0,0.019492437822818388
5,33031f476dec19fe47c0e3a051a68e992hmwv,0,0.01369744517458675
5,72dd0e4788d25f62cc2ba942bb9499dc7quqj,0,0.004689031138419873
5,b8e47f06aef714b37073e72ac40a8100mew9c,0,0.0011941408134415895
5,666e1e141862a646afaa2b71fc7d2c25r1b4h,0,0.0015669707478546252
5,2918b09c1ed9e9e8602f85175b266aeej5v6w,0,0.0037869892897896226
5,124727083cd4159b40ff8d4b36a89340l6fga,0,0.014932345869194178
5,4679df74080bc22e29676bddc5bcbf51gsyds,0,0.004460039248469634
5,f46cfa9acdb6a4c419c70c19be4ff9523uixs,0,0.0014959282907092343
5,7dc423d0bbfd840fa0bf75203cd7bcee75kmh,0,0.0025521489389658536
5,9e72fb21f7581cfff84e833d02538e5ar35kr,0,0.0009055421385789589
5,82bec02fec2f08899489d7a5c35a30a0lbszo,0,0.0018635413924217778
5,1291b98e40353f77928e363d54a13c569bhfb,0,0.004026327366950605
5,b191c73f160bb9320dd3715bc3ffed26ymluh,0,0.0012925341799217415
5,481db1a88023d22b3533044bff5239dbf3cda,0,0.004498410146342069
5,b64c209b3d1d91a663d134961af89125u0s9a,0,0.0018665152858485092
5,3d281a78c6a116a91baf9c8db22b56bazer1h,0,0.1871443608310256
5,a9237defb0a6478098f242b27ebcef18qrotd,0,0.0016339627796038135
5,aa8aeba2bdd0353a108b9b26f12ed59559mvz,0,0.0016072951759313458
5,a8561bec318a7d3a0082b35b086b4428wekph,0,0.019573332812665604
5,a2d0b7ec1595325cc63777f106e09fcd88y5g,0,0.010822519512961887
5,ff12cd48c7de8ffb8b2099f262ce03980dqqz,0,0.001216198098630051
5,e8e4603ed284adbd252a7a601f9bffe09oq6f,0,0.02902092758981182
5,17c87408ee1009887112745797caeb7fwvqfc,0,0.0029569344450811066
5,205c519be884c5b1c885f61c4ba8738a737qg,0,0.9428653959325313
5,f75cc5ec8acf1ad2349e00ffc4b3191a531f3,0,0.0021961942969455253
5,26190fcf0babdbe0b0d903f325c52873tpj7e,0,0.004051284555297507
5,cf9a1c3af63d1bc3f55728b4a06a5f46njrac,0,0.003978789326063025
5,29544507566320f1125d8e9f9a0ab3f2jswhk,0,0.8151644525675311
5,6f46b3e231003daf21108df4624afcfdaaswv,0,0.001526860386397048
5,dfa45994c8471762d04deb23c6450598byp8y,0,0.0063959564219699585
5,d3c80e9f6b8e1d774679fd8dd5aae611e3qls,0,0.0015782987909642387
5,9ca41c3c062146a06d2682835f5136807yao2,0,0.0013650874673571732
5,72994bece8c918a2c4c432b98780a7bdsctwr,0,0.0015520834645636622
5,74f153bd134afc92866a6bc5cceb2088120y0,0,0.0018665152858485092
5,74866aaa89db79f25dc0fae8be067b83xlbm6,0,0.0013575324240836315
5,6a5457f1038c6e1cf9feb57529ce07b2sff4d,0,0.0086586667437696
5,282fe85277f7c07b0ffbc5fed621a02ezp1zr,0,0.2407671432757527
5,c18cfb38fe1c4c01705391422177265cn9w5x,0,0.014355832049998341
5,cba6f45915ebbd4b5404c6d357153c0adeblt,0,0.021666637066221444
5,dc752fa41d974bf688d25ea9d18e9a2eit904,0,0.0012107411407357453
5,5c725e840bcc103bb8d12c54ba9a0b37blxvw,0,0.0010716029227872312
5,eb2c4b4493f31788ead745533e0c9a18xzzlk,0,0.0067508736829964685
5,6ed7b95dcea7b359248e9efce91cbb11lm7hf,0,0.056722151335131095
5,e0b6466f9f720e9d9a00d7c12b2e2c6d8xwxz,0,0.001975345544607033
5,8f00a4c4d7f097bc1688f8d89431f6bfmodq2,0,0.004051284555297507
5,3d54d594ffba32e8d6527a688e7227e30iq3k,0,0.0014448064585387557
5,b232fdca7cb98028e8945005f619fb28p8788,0,0.001383909833486647
5,db80f065a93cc6b41d12af614bc3ec11kpwjp,0,0.06782647884381848
5,7029915a2c5aa5d964acfd85c30c3950b4opr,0,0.003605829899607223
5,11d7f0a5076649b229c301a22537834e1ehwg,0,0.016455941569756806
5,3995d9ce0cebd62d77cb8add067d93e15oezc,0,0.0014225362618204807
5,e67abc3ba39537cc640678297a7c5bfag490k,0,0.030445069798005965
5,57e1892d3d62d87c9ba5e8425a1958c0fn11u,0,0.004051284555297507
5,88e24a019c32a60f2ff315a9d217ec33q144x,0,0.0018798172205410075
5,2906a20e0b4f7ce840d051c4be898b66do6wh,0,0.019350733791039545
5,67083f257438b1b79cb09cfa601890855of77,0,0.0011117228666023536
5,a3ef8857f2e33ecd25c409622b4e3ebcij8hv,1,0.9677921741433506
5,a8a5bcf248e1326b3340c88e057f59e9nlslq,0,0.018015206639449968
5,db5e9f85e7d180f7d952f12e5dae5900q9xif,0,0.0013026025685294153
5,35b111da8e919bb34e80511be9cbd128pjjdm,0,0.004051284555297507
5,3d7cff3dedd8a8e02dbc551c6a61da3bibbvh,1,0.3153903204696975
5,39f9dad880d32ee607af7571ec24807bn1g2d,0,0.0772837349080387
5,8fe6da2176541d0ce24574dbb60f9107oq1kn,0,0.012588576055511039
5,f04748a1437347d837a65ce04ee7d94enqhub,0,0.007078429256451283
5,c871daa6b709e008825b667b05efddca04jbe,0,0.015976747120677932
5,10b431aa15b56084d32fe1ef123c4305wo1nl,0,0.002905091153381517
5,c2294751630e49a4e594dfd89383b271qzp0m,0,0.006952311585395933
5,c6f07c222aa3a9d35b0e01f8959ffd21oownr,0,0.001571181296991906
5,2b72d702b44fd7dd58062e326fd8e4779j8mp,0,0.010345085950758488
5,584d1d60d357a4ee1fd3b0a6a72de1dc4rodn,0,0.004051284555297507
5,f01d8d55568b1f54b6946a1b78a3983exkz5u,0,0.0014217218985600893
5,e0e5719b5d763eb4e04c7f6e4e32884cmlpj7,0,0.004051284555297507
5,65d3cc1725c4506fe02be3e2b24435bbbd6qf,0,0.10247767118766239
5,a6e261c09ae8aa7d0a47ffeb0110aa519jowa,0,0.2472248506034367
5,7d72bde2e297ee81296adb4fd56e8800p7lbe,0,0.018085764063280035
5,55d0b2506cef6464d799879b65c6ba29hjcv3,0,0.36557565454618585
5,7ce12bb499c156ba4513becaa42aa8c143v75,0,0.004238794987640588
5,9774dc752f855f07b9c00eb7018b607c0ymxo,0,0.0015660332343717018
5,ff566c87f2babf3dcd67be286e1c6666cxzh1,0,0.0014725575740051227
5,ec0c9e98cdf302274974ad212477f851iw35b,0,0.024004370798244624
5,dd1675bf26316cd4630087fb47d0ff8fsug8e,0,0.0023094818403772643
5,1bbfbd968c065ff5dabeffe311bc3ddeezbof,0,0.048210369209509725
5,4703c8940eaa3f3bf5082ec2f155a8619i1yw,0,0.06739388771597019
5,8322695c21cb27accf0fe269438bd78fn3x44,0,0.013191125496672338
5,d7c046d4328c139e76fea7c1833e8fe6fx4yz,0,0.0016785577977466402
5,37ebf34eaeb8a434976416c34ed5c6d8ywyoj,0,0.0015015690763731067
5,82194e7d8f9b84e71b789e763b5c3263r6d98,0,0.004110895290003944
5,0318e0a173f7c65db40116b903884c854x258,0,0.04799355102226583
5,06a58d4af0fe7ee15324b0e921e8de1260vef,0,0.005726494580767204
5,0853bead89b03dd38a04d84f4312da7dukglz,0,0.004092267743825303
5,01067975436d123f717ee5aba0dd4bbfa0937,0,0.005078168669668392
5,d7340ee3c04e600c31fd2a34c760f7e7d26bn,0,0.004908890752024588
5,37ca0d0ded383d709676a4f9729ef39cpjfh4,0,0.0011941408134415895
5,86091a1e6c99358936979baf67d54457x1dzy,0,0.001962860335493195
5,e9c8ee7f783723fe8496dd35232d88f2or1r1,0,0.7228322372039951
5,05a07a27e235d01fe480ea6ac73b8838jq28x,0,0.01229279087518715
5,3d48fb12020c1a81a65fdba2d75caf0d6q2nc,0,0.00986963937582531
5,272a9183c10d9e80eda8ccaf6682db71203nk,0,0.018085764063280035
5,bba40511c6e56070602e8dde4229ff923zbuq,0,0.001408456245876122
5,f35082c6d72f1f1be3dd23f949db1f577t6wd,1,0.017590014165454037
5,b9743f78108aefe3995e1c2291b5f3278cgpk,0,0.009554332243184176
5,47d1dbfb67706772f8a44f50e5656602z04rc,0,0.0030070092436503917
5,4d0d345f552877998f41ba3cd1ba299885vu5,0,0.0018665152858485092
5,060ac64ff78ae62e9bc697192cebea333760p,1,0.8612504231829824
5,8ec9269ed4f5aef4584d887dfd9e595aaynzb,0,0.0008542481594124259
5,5aae3111e4fab04fa5067c740329a38d11361,0,0.0015882640202065017
5,aa7e36069de119ee3ad7c4d8c925fa3ekrs4i,0,0.0036608680767833994
5,cdf76f38b6f46a3bd396a99123d26909xq5c3,0,0.009456323043609433
5,46c0ae10d60c4fde2b6301bbafecd7b8dcla1,0,0.01802087811294993
5,bc7722baf876d0735ddc885691eb687bgz365,0,0.46893986382179753
5,73d4cec0ad358d272d757e0fce8440d01fvw8,0,0.009645059766362322
5,8bf07d8631a2808f2c869e27afad2d41swgkd,1,0.9534886461574014
5,b1410ac124aeb5ef6b06667786feb742tijnw,0,0.08735713145793478
5,f334d76f60cae7c67ab04b9e5cc49907hqsc4,0,0.012752273370672607
5,d8ada60e3b7204a104bba8c073136bb40772o,0,0.0008555203827291779
5,d38b2db568fb71174bf883554bea939ccts4m,0,0.0013567406666875022
5,ef905e4d866c43dbc345751e7fabe5a568kjs,0,0.0265988504373532
5,89c8eefbf6f83543ce0792d1e4b86057ti16q,0,0.0014209300653357597
5,02030ec48b7179a7fd9950fdf546e3feekkye,0,0.007806661420532465
5,86151544b29ad273209ec4605c257b089z588,0,0.06997389841357443
5,359444416c25e6e90ddb2e3d3d0bc23dufn9s,0,0.009645059766362322
5,d645e4b8b043a18bb1c8689572ad4fe16q3np,0,0.0028819101560675175
5,ed5fc53d096bcf1b86c30128040e775334ut0,0,0.10016796031179578
5,f9ab998f3adb944a1cd1847a097fbc0bw61nf,0,0.0011795652223199568
5,361397432ed35185b5a2789867a859ec42v14,0,0.0012510259410720048
5,18bc9dbbed75b55f35ec4be1351b7aa86an68,0,0.0015650038912408304
5,0580f2e77b4c0dd3b5cda8a1641cb9fenmo0i,0,0.00993149480739612
5,b2a19e17e1b9e0bca8e4563efbff5fed7v9xe,0,0.001445676585878495
5,8d49c8e70bf96a255baf30acc76a3f59b394w,0,0.015702350648653864
5,d95c969eb09086bbad373dd8ee80cacbuagvf,0,0.0322544348895468
5,0a43de0ab0a7525fec59ef4bc1dda7a2z9z69,0,0.046942772802783375
5,4922d20e07d04601e8724be5e9f9576blyccu,0,0.1503353006923083
5,631f923b7bcf91f61a2e9f96520bd8c8vtl14,0,0.3867628101823078
5,4c67576a6f30a158d16d790a7fc482b0zqxue,1,0.17484699491212904
5,1e3642857c10e72cedaf7890e3c07bfa8ibzv,0,0.0018665152858485092
5,7622d7085237d6b73d08e9d70ed11fe3u8mwm,0,0.002366825577743219
5,61337802cac534b7e7711793039782d6f1yy9,0,0.006898244298020888
5,6a1d4042a5f3a3f34f5b3ea753ecce30l0qj1,0,0.0039051228705557694
5,42f754cb72e01c08005598e1f9383341fn7xh,0,0.011197549668076462
5,d9b611dab3b5116f761747fd3166ecec80icg,1,0.06510266794623391
5,2fe472c1be232dca314d4bdf0fa95165rjv69,0,0.21453156665852893
5,1ef47d501d4b36498b51e184b1027981xu89r,0,0.0010263785509988918
5,6be863f26f22cd79be272789ac7e9153v27yt,0,0.025220818258776753
5,7d8d3493942dc13742444f28626c5839axjqd,0,0.2959564782298365
5,a2b4df001b0e40a398f6d4ae9b316c0eix5bh,0,0.001103103729619091
5,8cc03b92898255ce4b096454645599ae5zoc0,0,0.0014589472832320812
5,aea096a392f55d95c3e45251931e9755a9t3o,0,0.15412212758431704
5,b7630ee9a73e7ba6f11f7717b7f03ed4be2hb,0,0.05229734453968577
5,5d5816d216122786933fb74c459f35fc0vnac,0,0.0016526317320642637
5,63e3851eb5e1ee98df1065b333f6cb81mlby6,0,0.02994684481238598
5,e9b27622a64f2eb9dc7559d43bc45e31yci23,0,0.0034330103945920845
5,76d4a0147a60d871867f00adf45cb792w9c6n,0,0.010856888682904527
5,42025aabb56a61f3bea90d27b283b517dyk4t,0,0.005001049359124618
5,ca5730b8dad8f35fba24b68c9ca5d445mp87i,0,0.0016639767647769247
5,047558bebab9292a5d4c85d6ee768784j2hdd,0,0.11145538950170913
5,a6214d8bf07127661f322afa7c8dae91ypizm,0,0.0013488870063170944
5,70daecd44c89c37525aa2ca294378ead4dggh,0,0.6939867872205094
5,b9d861ce6162179a4b008b63e7fae80fjoywx,0,0.008117936941226934
5,a6414c637c6f1275e2c62c48fb238c5d5aw03,0,0.0019009783783579457
5,95efb775460080c0da57e154f27876d75xnsx,0,0.0013904201601329384
5,78a444127a896122678835e12ef507deh01hn,0,0.004330151003853678
5,fec57d2db5692eb144a71aaa35a11b58delkw,0,0.0027456032949225695
5,a13da89a3a54ac9b4ced156542afca5ddyumw,0,0.017941021575944346
5,c9a97c18992adb02e6c2e6a8f9cc1daa1di5k,0,0.0023651142176868115
5,1a9765ed302d0f91b512c23112066e41s755q,0,0.009645059766362322
5,08981037e7a6c9032716ff25b15c9de25p63s,0,0.527705205343225
5,fe6adfbbb2fc1ec0c3edf6677204bcb245uf2,0,0.004490099215507698
5,50a4bfbac8a9653af4099ec1169f684c2nsgu,0,0.10368529719852092
5,bcda2135a2456d611876679b61dac500vs7sx,0,0.0019734016428629825
5,cb557e4675bf4f36f93ef5599adff545nz370,0,0.01040834219281287
5,361c6da33ccd1c0df152fd932e6fb2a69i4ux,0,0.0016699051434631157
5,6a2c4aeaa17c2fcf20958803a674f101vlxw1,0,0.002143506426159068
5,4af5e2532224f9f7d1d039704573d9205jbkv,0,0.7943252263242748
5,c62a6956e93ac3b56b1292f2c2d85b1fyekav,0,0.0018665152858485092
5,37702159c6cd2c1a21cf66600e96cdc6rdbff,0,0.004051284555297507
5,8644c9765c64da22776cd67eefe0f498u3aaz,0,0.0019331341662796916
5,98ad4163bb0b1abf72f165056d4bf1a1g8ekg,0,0.001695101716516908
5,17b41c48d6f53585c7bf3b65977eada0yxs8n,0,0.008634180986547958
5,464506515f2ae684bd510b3a50b9121ec7v3a,0,0.041950685887988094
5,e7cf764619380e5303089f04bf647f10thebb,0,0.0028538855593433655
5,fbacab353140582a4b8ae3412eefecbc753vs,0,0.034374440657653466
5,da2841ffcbeabaac373f00039c10f39fty6fa,0,0.006428786103897099
5,c6453f296ce36005d7e7e67e159e1b7cdbmus,0,0.014355832049998341
5,1def3e23e479c9739abce6b3518013d39oejk,0,0.05325930945862472
5,a8c2410eb81513da23261a49135e4eeacw6dw,0,0.018015206639449968
5,30da67f34e3cc215b3bdad588410fab5655fx,0,0.03361987520071887
5,ec3b2ff6f725e847f93285bc9d2b7b3dvcd4u,0,0.002112218449355032
5,9ae9782ecff93ddf1c6fa13d711b9fe1gc266,0,0.023140295500901693
5,08353687608279ddd83e4d36fadd1cd8ritj3,0,0.002580004939652454
5,1530008a712831e35a673d38959528f4ozipv,0,0.0018845524573972096
5,b8d88a1167ab74ba64fd6d9c83308a6d4oa6v,0,0.00564216405874414
5,90fd7b3c991701dee376daeb09a0a5b7kawse,0,0.0033289891743710446
5,e21b238213c361523d276d67f37c05e3qot5q,0,0.0007856050909864012
5,384ba7c5a8ccf55d174080d9ad7de9b8mfysi,0,0.03040660933497759
5,18076726ec814a6f56da2cb9ea89d105j8vpm,0,0.0015556043970744626
5,91c749114e26abdb9a4536169f9b4580huern,1,0.007183807908904686
5,d056594c1d7976b6ad4ba23e2b4cea19l2i0t,0,0.01709843267138724
5,5771ce26e8b0fcbe7e90106955638b251qj2w,0,0.012752273370672607
5,a06311ea45de34bf667b79a92d13c764i6aiy,0,0.007183807908904686
5,3919be53bf4bd411ba25acfdc1362b49u4vle,0,0.009645059766362322
5,53f61a2f33e8b07e49da643af49884782vzdu,0,0.0013740630158636557
5,9f280cd011f10593dc245dad1d93b11dy6rg5,0,0.00184202792040209
5,3e9180fdf158409adc96aceffab6e00bejjah,0,0.0012007939720741455
5,e90e4701234b13b7a233a86967436806wqqw4,0,0.01010417606625774
5,8f086b809805064f3c4a5dd48327c0f51yplz,1,0.05893001443709757
5,5e945cce4e72950e0930b2700e77fc8eq2abo,0,0.0017685849153459478
5,6b3cff1e3d9398d4c125e7bcf612192dy1gwn,0,0.004051284555297507
5,2b4b36fd77eaeabbdad8fac68b17ece5ey04u,0,0.004051284555297507
5,2540f8192e425f9fb921db30ac1bfcbas4p6g,0,0.0210022993728193
5,4b32495335dd238db6285f7c6bbe051fv1qoe,0,0.007330091317779756
5,43295f805d813e816fee438d9a394bc4o4of1,0,0.0014616511561602093
5,e7445f6107c8cd3783fa722c7dd29fe6rcd3a,0,0.0013902958167592158
5,3272e16da807a75a987e26b09bb2147by1mxe,1,0.9766799820269303
5,3893d2c62d59c232112efd332bc342dap8b4j,0,0.006328310819718266
5,2d73ed3974473a764859084d51334440k5q7s,0,0.007919569666042809
5,06c281e31f83dcfd3fe70d2ee2d66bc7e6fw6,0,0.0018845524573972096
5,2cc1c5bf18c858fd9c74901d8d80ab70ak8e0,1,0.9631212552254372
5,84560dfb1400fe920a29ca2c728acf1e25eli,0,0.010728914440485038
5,7c0add0ef85bb5194e95ceaea737f90fyv13c,0,0.0011500779967378626
5,21c5f4fff051adecaf1b080fbf910ca3dvi6a,0,0.0032335650502556884
5,655a95d80489d145052254616787cb84fwqid,0,0.001975345544607033
5,c0b7161a67a0aae21788103c08eba7e9z8e8k,0,0.001424034532496987
5,438e53670ffa2990cdef656700bb49bf684fz,0,0.0013034725949164147
5,0496c24a6a7f593f28bf7896350e946advl6i,0,0.00103102397294627
5,4f57e657df5ee5d9207178b4b6858ddak9ouq,0,0.009129712785514981
5,a3d0a600cdb44f03d58f27b19247cd0d4az4k,0,0.004201645301727398
5,8bc48bc2cd0ee494e55470a7ab0814c12riuf,0,0.013918386216387774
5,fc870f3872dd5e36e4dfc4ccde28cc930tify,0,0.0026525994421309975
5,e587d92842526255c86d3b0d425747ecib83l,0,0.2709443692432383
5,7188dec1b560385b0826f78e7608fdfeai9fm,0,0.6454085637761555
5,053cefb7e952bd81d7a6db267a121747te7lo,0,0.015597074065810236
5,ca5d4f0a3ea342fdc45c3325e5311049e2uis,0,0.004051284555297507
5,83e8aa6cb15daa745c75ba3c29a2f646zjw33,0,0.01311343517069853
5,70cc5da141baac4712163f5cd4bd4a50za0n9,0,0.010627600089538957
5,0d9f78a6084bf15f42210bfeba95621255c89,0,0.0014389103721648689
5,fa9cfea85e90bec313e512e9eeab2e869tvx8,0,0.24260542727241657
5,12c1b22ede3c23949bf130cc7bac6316ks7fj,0,0.004895238914771682
5,32dd072b16a69411ba3f67992ecc3e2144j5g,0,0.017590014165454037
5,3de66f8a5453943040d42e1e73f11eebll8h9,0,0.0018665152858485092
5,6c0030ed696c4156b6ea3472374f6b54s4ih4,0,0.010691259310221966
5,5097b3a4011380b5d9447e1a7a20b1a556yzj,0,0.0016875880486369335
5,e76154d73bb7d7b86d9bd48d167d3c679z0va,0,0.4511389976425159
5,5de403f3d49221bfa7116570a4d572d8m19sh,0,0.007867479653859035
5,f725c5b4cece8353da7a636fcba0ecb5yxshd,0,0.031311078328516186
5,88ebdac47cc2623888e0bcdfb35b692ejrbvv,0,0.024583202694088344
5,88acd2e23ea6817d9d9fc28f38a8d1aftqssz,0,0.007721629845351676
5,b6e52f37365cfeae9204a9f408b8c3a4idcs7,1,0.9388129850235329
5,058a4e0ac0a20f504cc9c6aae2a896e6too9v,0,0.0014157780352069358
5,a027780df5d0312919d41edfd4947f27odx7t,0,0.043072426357121864
5,14e29ea004067aace14ee4543876a06365os8,0,0.0019158573093704554
5,6cfd573a82acda92e8207745bca28aa7lqjcm,0,0.0028452257626237817
5,668d393e858e8126275433046bbd35c6tywop,0,0.334206266095601
5,c89d56c06803b8c6316a7c906604c64939yri,0,0.0013134472853360611
5,e0a9e4ffe2acd28599dacb91c98c34bc66vo3,0,0.004489305299190303
5,b9fd0772481bf459179a3b4ab49171693im97,0,0.0016174816369083028
5,97f541ffdcbd1ee34610e3099c5df42acfvcd,0,0.0015970489930050922
5,a679d00c30c269a8eca148458abb8665kciaf,0,0.0028400816176454386
5,3e0bbd7d75cf543a56919ff5069b31a9gcbql,0,0.0028240955780992113
5,f219cbb3d454b32953619d5a4551f56dcg7gy,0,0.0022639450455770233
5,96f31c5b3baa8704096cc8d4301b4c96i6fyp,0,0.01045644000074789
5,10f01aff2fc23653ca7ea1d74248357a889wv,0,0.0014980532973232362
5,8a27b2e29086c0d2e589053537e88393zsyr2,0,0.004051284555297507
5,88641b0f22cf175876bfc4adc44c00f58b5rz,0,0.001603309785137635
5,783d5c219ff84cc0517f59a39bb98e18st85m,0,0.009645365981441237
5,874402ea8b408a017756404006b12708d9s6u,0,0.0011395919253498062
5,67fbdc4209a1566288acba904a2b5a7ee588g,0,0.056947336458925274
5,c67ecaf47f857f37f63ac0f4b9af3249wwdtz,0,0.0016476625016999275
5,c8f537f6bb0aa2d45da541a875f014358qm7p,1,0.018715676733370965
5,0e5ec5baf2e15afdbf5212d8461e1ad9h3kr0,0,0.0014025378897696763
5,aa20f72aba9804a4922195f66a876688rugsd,0,0.007228331566449336
5,ba319b8bb68ca6a12086f2410ca7fb3buxsei,1,0.2771724936747321
5,0ae09b09369c76737cba059d192451001nwce,0,0.004051284555297507
5,074daf9a99b01591cb0637cb95c32600roriz,0,0.0023831016989315046
5,5c5dbe70c2cb05d208c22d204146e1e9f3lvq,0,0.004427908477912626
5,f0e1c483773c2ef8466d152874872139e0wcu,0,0.0015403378800869982
5,953e01bab9ac8786b4bfc77d183732bbqw6ng,0,0.010923176347954927
5,862eef3a75e1351593b54975cd8ae1b3swcxw,0,0.142991112610449
5,35a02f50226eeda275b29a09acef2177k95eb,0,0.0016081683049860647
5,cc064e3409a1825e3c4e5c814376f140qxu5l,0,0.0008999695260946042
5,6affd6d2976aa7c48dac70612fc8e31ddo7j5,1,0.8855007654189946
5,4b9bf4cf1085e9d839e833e4b9d40f2a8ps14,0,0.004983374418047407
5,7b31d9d8b5e749cdd2c300cbcbb5f875kjlsz,1,0.865652561551269
5,6faffebbde541edfccdb2725e430870cbkvo0,0,0.03982837940894009
5,4985bdbf8710c33fd7c9d4771db7c690mcbyr,0,0.0018316326843968672
5,afdd5c7c912f9b6a88c0c2619d618124ycm44,0,0.009645059766362322
5,c4294be0db6b5c9357ae5e2e7fc8da9489qpc,0,0.0017525001920932325
5,a8a2547a9153038fbb9fc66d2425d9a7efr68,0,0.0016566453891521957
5,8884b7af726ce7bd929482ea13de19d39lzuv,0,0.004051284555297507
5,75339aea3f29d7d9a8d67ed3fe1c89c3owsq5,0,0.3931003643543859
5,6da536112251f09a006b0c5223f154d46en4j,0,0.0015758977013753718
5,403d9c0288bab462bae858dc8aff2f94ti9ma,0,0.0009771227216329196
5,825226b69f2a5a8337ca611b38223989aumow,0,0.002483144523104087
5,33895230e0b25b5d3133d502ef3ecabey84m6,0,0.06240912992467038
5,c616385a2762ecfd8e4ea16d8a1f2596qw07a,0,0.004165942082389721
5,bdab2be5a94c6380c60b902310cbe1b6rs4iw,0,0.003197824599865793
5,27ccc09ae923d1ca8ff7ab3242f279f7xuclq,0,0.0015376642544154614
5,050a3b29ca1818e1f237df8132bc2013bcuxi,0,0.002401421926897889
5,6130cfe76ed3bd87c8f8dc6b2b2786dcp44xy,0,0.001612140796465617
5,167b4f37a264b72feb0f559b650d1cbd3ox60,0,0.008321819992171794
5,210ae8381324c41f7b49e95f1b7aed80z55df,0,0.0037202167632260767
5,c9416e793bd0559bca3ad4a5194d4cd1k8eyc,0,0.0021141001407690907
5,c46e21e01a3f4987e00109d1d5f48acb1q72y,0,0.001609217488423126
5,ff3ae9450581aa3de5d2326f70e39d20w8fbl,0,0.002091028957968006
5,1456b44d8b2b16cd94278137269ceb11ns7wy,0,0.0015431116670179786
5,942563fa6695a4b2f76ab6ff3bd58030i75z7,0,0.009645059766362322
5,e59ca537cb8df3053bdd555bc987b4a7c7m4e,0,0.010751764697203844
5,78830493a121b8b6917d246ec73ccb4anwocl,0,0.2765522094228229
5,6bdb40330295fb3abd4647808c319d29pb29n,1,0.0008340830633361117
5,679fe2a21415aa98a3cfb88abd0507edzjpsw,0,0.01609942448433883
5,0918eedd8324da06abe5600f058480dc75nfo,0,0.001812142902674532
5,c277151116ce38d8245f9f2308807af8t4nnj,1,0.0034823803188914664
5,65435e491aa69dd9d44d70a9aeb6e847oqlty,0,0.001558275206444957
5,cca4426ec6d64f3e73294d4d5bc9719beud37,0,0.0015271108472788774
5,e5bde35da4abebe4fdb37a3c65124a57ff4vo,0,0.003261856480124888
5,535ed161b4c9960a71ccd53128df4766ddyq6,1,0.12931104256379797
5,583ce05b5add00d9e7e5dcefb3c436f26d7c2,0,0.0018665152858485092
5,c615c31c87260c0d85727deff6da6667lgg33,0,0.0022956725514234138
5,5a6376f140f05274d6e0dc888cbeb89eukxkd,0,0.47855593754871384
5,4aad6f0ffe775217e4ef8c91d69707545li52,0,0.0009320214657352469
5,bd7d5414174da6df4b018c21495e8a2cxiose,0,0.6994854163512213
5,de717bfad3ccf44a93f39e7b43f3b227cuu5o,0,0.0025748862879635143
5,0446457fc8e21596799158406f77b14catx8w,0,0.009645059766362322
5,219c6102f604c8ff0ead5d23375bb127del0d,0,0.6093784028958643
5,6c2488ec88e02bb38920200ece7d337e0bffy,0,0.015976747120677932
5,21fd0c468438a483ad1c60cfd1b84b850iyjv,0,0.004655180772211616
5,1a764d01d19a1408382ccace87e61c9fndlo9,0,0.009628872911597293
5,b5d61accc925a0e86ab7274e1ad82532gb1w6,0,0.015714784445185263
5,e4bee4e53a19aaf71e0ac0e3be752b2cz3k1j,0,0.0022321271065021786
5,33ba799fab5e4145b54fac4234bb6e13up0tu,0,0.0047495240968797635
5,698da938f6fc36305616aa6f8affd53fobj5y,0,0.00733307596677069
5,71396d66a14f4ce0c96436456462863abwefv,0,0.013476428695057694
5,6f6c9a1964fd4bbc082f2afdbf2d2af6ypdhn,0,0.0017326869582517167
5,6ce47fddd94be5792190cad9d972a5c4oyjww,0,0.0026294159911671834
5,35f822bee4f85d98d5b1b23c65681974ywyuv,0,0.0022626462240657066
5,77bc113594866d4902d6f867a456750c9vvmu,0,0.00671197631132468
5,d8a10762de6d62c087a0a8f0e61cf78bbgke6,0,0.01700766571562697
5,e0fde4b9b7ec14e80de3c811ecae157f6kqd9,0,0.06424400852344533
5,fc16993f1fdbd5fa8f8ddd72b40442f0qwyo1,0,0.009645059766362322
5,abf6c2cd31be1630f5a7a1219935011c3rkqt,0,0.008692840899941006
5,86e888c2dafacf13580a1211abf50961w6foa,1,0.6759194706984439
5,25022fb30734c2e5044e031b0e9a4a9ct3354,0,0.005758118035927686
5,fdf0eb91ae1ecea1f6902676f47c32c454yzr,0,0.002262257529211477
5,ccf30c9533a66f22f1c65910ae1bac1a1fs05,0,0.06877979243661353
5,0f4669e36b2e721dfe27f8633b277a1575erw,0,0.010822519512961887
5,22e65b6bf73fab510ee814cbaeb9ebc1252mu,0,0.5510448576537847
5,f2ea6d89dd9897f0d6edb6f24c446f01ra6yk,0,0.7034793424314753
5,4de568a9b480f0dcd3f2ac385121d75bbpy82,0,0.0010298411459337409
5,6da04647ce16d0f00051dfeaa94d3313ox30y,0,0.004169384053920889
5,5f56908449455ee9670c7947614f7b4bxak3c,0,0.005887729124433324
5,d154075c75cbb3f4b716a16c88eedd774i8s0,0,0.004938723507186193
5,222d3e39d4a292d79aeef4c04e52aaf24mgkb,0,0.004494700223987511
5,5db8eed67a7b648d1f2173b665b79de2vwdlu,0,0.004051284555297507
5,25aca203223b4d9563f5b1a01aa3a21ftlgve,0,0.00614870943517061
5,61e4b6ad0fc268d42c330ec99fd8c939yb7t1,0,0.01489713181078844
5,ba258a455ca17f2c13cab3d0afc7de0b48h0t,0,0.0009855238733118994
5,ba6811273d4f63d9a31937b71b0a22dforovn,0,0.31177444013688005
5,9f34ed261596a1114cefe81158c5617biq26c,0,0.021021486258827514
5,f0c034c46dfb78d2e9e67fd4fa1688fa6mv8k,0,0.0014227405622953071
5,363ba0a2afea1b074fc1ed270c86050byprz1,0,0.001603309785137635
5,e0fecfdf4029d9a91664e703a178397718lyl,0,0.001465712532976508
5,1dfb637157cc0e590e50d724cd4cad6d4cacw,0,0.0015382892583317494
5,65d8228c6c1e5b6042f397afed8a5c7cbo6x3,0,0.12409887268462073
5,f939c17ffc7c39ac9b35b69e5e75179fv9pe2,0,0.009645059766362322
5,84a769adc98498f52debfe57b93a0789556f4,0,0.012613819599285488
6,4bee9aba2abda51bf43d639013d6efe12iycd,0,0.061012621547113205
6,88ae7a35e374a6fddd079ebb28c822eeohwse,0,0.005438646415585138
6,fa64831ab5ade55daee13f852c16b0a84ujt0,0,0.09404332363824283
6,d29003d7f3ec1f0e4ca9cc17e6389b4a4phcg,0,0.001478826866853724
6,99acffc3cd9bfcd00668dbf472a1979350mxk,0,0.06075352792857899
6,c0e1ecd40b81bda3b7dcec501334499dgzq17,0,0.0280209933447741
6,8abc7635daf75f9fbeb63783b7b8ccd5rvuyo,0,0.0025759257242651654
6,64a39f766b2e9d9471b104f0d0289740a9kdq,0,0.002145171675331035
6,792edafa0603516a57932e6103e9dd54ajar7,0,0.0380295738319469
6,68600b8922561fe26b8b6acf1d11efdfb24k7,0,0.20720559873325778
6,09d71d3e6a6871a7598dc2764c5bb4ffkz6mc,0,0.0018894267116468572
6,02bde521e763e4f4e590e8368149e04a96il9,0,0.008275750756443623
6,6ecd9f4b332eb790dc933aea0a1528e2qkp4y,0,0.0055573351240272685
6,1cd8d86911413c73e92ad1170cae68c3pocsn,0,0.12216667480963322
6,bd2cf3a868d168425cf1bde7c49d40b9jq0xu,0,0.022623206874367672
6,9df0b0e5ca66460495931376045feb5fu4y7b,0,0.022623206874367672
6,d9c6b6d7290e4475bcd6d264fb33a706fqtvc,0,0.11214165519801671
6,827da66b68b225547050c11df16f845618ptk,0,0.001347924935516962
6,1ae57d217b27820cabf6e24b721bfb38s6ja0,0,0.09702148133425204
6,ff58ffde976a4899dcd89597a7877e18lntgz,0,0.06520175619602638
6,80e753fbea14f966b1fc6d1e194d4e66822ms,0,0.03801722949423703
6,bff9a98b73f2b9a01300d3fd3d55b16b1190o,0,0.001079989852274277
6,461dc3d03d1e28d52770a4d3dc7db34558fcg,0,0.002300765809040861
6,75c4518eba20c9299a3a836d9905c327w6j8b,0,0.2563835186564827
6,8c2bdb9dd878a811701838002627a056be0ce,0,0.6754163590385875
6,efc61ad6db17265a4bac85f77b154ef414tpp,1,0.0019640739820927177
6,b27db6c048fa41b496dfd3423226bb0923yfv,0,0.0027369849105946015
6,acf06eabed56f179cf32ab60b6b076820ajls,0,0.002854947209694987
6,7264bde42ef4fe3fa19cc7c6d64696cf7pqtd,0,0.003866117924011789
6,99fc8ed25265e58bc94d9d95180badf4t2e3i,0,0.015285960878486129
6,3d9910a238a0f282ad3132dd6fc981c8tv3tg,1,0.1547249156446423
6,f90f13ddfc0f98cbe3c2346a2e30093cq6zo0,0,0.0015647510136970449
6,fae963b2adbefc663692d7feddb50d5dxz1hn,0,0.00977107538915082
6,20ebb9de648c6df989f04d07cf273c7b3yu8c,0,0.16945024941975298
6,dd661e2d6e79a5b3e66c82373d50f3ee86k85,0,0.008275750756443623
6,8e2a43abb8fcd8ef9801c69fc04bfcb5kyc41,0,0.013262453974231016
6,520b616c26fc47935f6bcd5ec063eaa7w15t8,0,0.0017570633156289673
6,de9f5df5962dc171c7d82ab503c36dbfwicon,0,0.0053227141119808405
6,1053ead33eb1a5db7c36c979a455348abh9ns,0,0.0018355819937954303
6,a94c16f8a98e493e2b4390b1975e690dv8cmu,0,0.03028717910616101
6,4955e2c318d0bdca797ce17794ba18fblhaau,0,0.041179138387919846
6,e0413f338c43c9d55ba53612d2068f65t4gs6,0,0.008424263795779334
6,50791a0a98478b7f78f8d30acaa4683dxab5p,0,0.028302667640770558
6,62ac0de5f8776ca1d189297bdea9a64cmewb9,0,0.0014794140044867633
6,28c9a5ea8aae9fb4f6a755f94cd922361v9ow,0,0.2207250089927697
6,c600968815fc32b20e0519ecfce5b648en2wo,1,0.9876128958294773
6,20662832566daffac929f803f0c236eaperht,0,0.23603220892646576
6,5e611461283a5c3e49b5bfbf9c33b7391ce3h,0,0.0015960490587034746
6,6aeab198df208f8628825f7eb3ec3701p2ybk,0,0.005750293387375946
6,31a301c70e897bf36276031abdf07ab6cs6z0,0,0.0614455506444405
6,246c55639cf85c682d58cbd2ed6a6563vk2yn,0,0.04635856676881592
6,179a23cad40c51dd7804069bf769d11e1ftk9,0,0.021850030549244268
6,97b002c9936e63a1fb9994a67615e84fft019,0,0.002216010826457885
6,d2ebe13374f25a12865d50c17af1dad7yspzq,0,0.0013926076116089654
6,f61d93fddb01d2d89a85a132c649aa90lj1z6,0,0.0015199813714259348
6,76a8a9566e21595a1ac06cc0050626c1q7a83,0,0.0023403806869899506
6,a74e3962ca26514976056bae3c46d579emz6y,0,0.03328559662017956
6,a6bf74b19fcb2687ce345930c4c16d4e2txda,0,0.011663319400637702
6,c69e65de28937ebe1b94e7785afd94158thqk,0,0.26667297579687427
6,791031a63c9e2b4835caa9a4cc1768baias2l,0,0.0019180375526077795
6,7607c4efa792a69e2a8949ccafcbef103squn,0,0.003261512305605288
6,10c1e1164e3f8298df9a35c891f67babiycsr,0,0.0013926076116089654
6,7b5bd948eb1d8075be58ec9240927bb59ugz3,0,0.0011308818345607183
6,300bb4c9816a7064b106c9c6cec2f51ei13n5,0,0.001376209370772937
6,5bbc8f66464ec2d962b0360d1d74bf67imj47,0,0.0018139303630313418
6,3733f7ea492eef1f69f98593d2122c50xwcha,0,0.005715686899833741
6,7f86c3c417ae1db5bea10bf9d0a7827ct3ni4,0,0.7997404272764944
6,e1b1c514e1b87826fd045588f1f3881707cyy,0,0.0008916018922785553
6,ca0c049b8c37c99ef93b6086e9947135onppq,0,0.0019744828001594505
6,79c18f0460f9bd86bcfb25da96d91490jfuxv,0,0.0018120227058844383
6,7eb6a5ffc5e8471efad7cdc8927daf677qcf8,0,0.16411206320174143
6,e1fb642deec7b382433de94983d97681o14ko,0,0.014955026083744959
6,bf80bec9b4a8d29c494f8545f2a4be4eji6qj,0,0.29261401133334153
6,5b45b150b6b683a98b5bc19c4214f44cvzru7,0,0.0014053708097118785
6,3835e3bbf9a17a33867860a9ba19621dp4wdc,0,0.003932792365985526
6,37921a9d842612b3b0281f7098d0002539xrj,0,0.0016232094506561173
6,2a5726bd00709641cc54a8ab5422cde3uchoe,0,0.018181734189832086
6,a4c40fd7a4c1040283fb2b84611eaad240849,0,0.5840975028737174
6,4c2699de8bc9516b09c5e5c8bae6d6c6xiry9,0,0.0014739180894081452
6,1c66f261724506bee45dd18a4d221bfeh1687,0,0.0017124416829900626
6,64885ec89a54c64598b2d196e1fe2e351cd60,0,0.0022587666116119028
6,9211adb9cc770c78a70b55441acd146bfxnz2,0,0.004502441380391665
6,6533b670e02ccf583288ba7c8f5fb1carmirt,1,0.9757523205834093
6,45927dd51fb4301c459ab96d48f64752q0o9e,0,0.0015112667915968532
6,b7efeea5ff94a281635ca2f0f7e8b3ca4zykk,0,0.004095264485381727
6,e5fd2ebbf5bac9ddc73ce524e1b33c3akti0q,0,0.005805139618573054
6,3b947f8c954acf4354d2c3bdcd494fb0x54ee,0,0.0015193866915338664
6,c0d065cc8cb585f027143f2ebc6b49f01g1wr,0,0.0024504399548424165
6,5e8bf58291656ddd5fd2f71825565446aiopv,0,0.09379612965204122
6,20a2d48ac3400228e7a0296aaa596a0fvckdc,0,0.0023564668255499906
6,9be87a4f123366660d7f6d40ffa493a8ffpsj,0,0.0022852136960329235
6,662b66b1227816c2f9017cadbc148381alne2,0,0.0022587666116119028
6,8f6f7baf33fe2a5206ed3ca88446a99bmq453,0,0.028463553162700484
6,061690ceb6004807b7906968bf382dfcbve7y,1,0.9428111864241473
6,96caf14832aa8be04d98aa481b320392kb2gc,0,0.018753332450722453
6,a3910fbd35b7a0c383c9805eafda616fra4xo,0,0.0380295738319469
6,d4a84bdffb9543626fdd42c879343ce26ds4l,0,0.001075887167056336
6,8bf04b0a219c7834b25057c0220b4d0dhwdsg,0,0.001347924935516962
6,790c497536a2a9fe080c3b2ee6d5eeb9caiv8,0,0.002650959368956531
6,445305769cbfccafc89ff5ebd004598einesy,0,0.07196966881078885
6,6767cffbe2c0957492aa451560655be3hjd6s,0,0.0536308785374826
6,0e8212e286ee36da8945c2480e366417xa22x,0,0.0016012772438897746
6,b725a638efd8d51f66ae2f22ce1df678p9es7,0,0.058673179121310946
6,8cba56e5e7c2be942ea8472b73f0842fil1x0,0,0.007260598532818716
6,953879d32e39e014cf8ce73daa2547cb2ke8t,0,0.01984920113360365
6,1ac788675f70655e71a013892d701e901kj13,0,0.003169915440779163
6,e4a9bdad09ebc5d5a264723855fcaaad6q52x,0,0.17302960217811772
6,796961698c2f2442e73c5195062370caawzzo,0,0.0021154580609729413
6,d0b096df6b5ffd2efe8d5cfad4a24912zs3dd,0,0.0017570633156289673
6,222a0e05442fec0af2d20ebdcafe4b28c2pi4,0,0.0015325552267492822
6,6db047b1bdd342c09ecf9f5eecccaa4fy5l0q,0,0.21018749347113394
6,163097c029285c7eefa2d60e474d65b4ap2l0,0,0.002089372542744585
6,99bfa04865566ca88573ebfd3c7fb1f2c64cr,0,0.0031000383377031288
6,4b3e6a8a52c413a32f76a6d7a84a54bb8gb0t,0,0.008275750756443623
6,2eaf4eef52d5b17615d08bf77386fa42yotej,0,0.008043242500425507
6,fe4906ac4c8e2db5ed5a71e8a9d10080u6g7o,0,0.029876749822834784
6,d4d4b36ea722e5b939e51e34953004c4t671f,0,0.0017774029679546806
6,055eb52087e0080b8ebca74be4f823f5c819l,0,0.05398292438309829
6,2db8669a6d21a5c8197d4287ea32b7883gv5r,0,0.0026044017703843016
6,429f301119adc32d35541dd4d60903563s7nr,0,0.04542472566048569
6,9d98d3f00a0c0bddf35470b0fb735fcdhiriy,0,0.9040815404211436
6,54e279a4e162af7fc55d640aa62d0cbc9hxil,0,0.054026122107182
6,4882587d42b3d7d8d7bec4315203f10bl2fts,0,0.04578580494166643
6,34cc283e180fcd4902ef8758714c6d83th4nf,0,0.0017124416829900626
6,cc78aba7eb8293a1d70f083bd747fa1450906,0,0.05922744411603928
6,6f7043cde57060a6766b551df5fa6fd9p3ojp,0,0.0018363400203814193
6,ac94684646bc6f708dcf4566f41ec05es9v44,0,0.0614455506444405
6,3128932859bba46f57cdd19579c42e05lif6h,0,0.0009372455893548254
6,d2704c8bb6ebbf13e08f37131382b126wy4yc,1,0.30645540582536734
6,18b5e850a1c10e681cb5fae0704a699018x6f,0,0.022623206874367672
6,ae6758a627a111f6d6b530b0154c429566o4k,1,0.09953662859743359
6,3bc8edfa1995a99110b957ee98fb5c76nkl7t,0,0.6400288871306943
6,403640a20dbd2c4bf554e558de137deckn70o,0,0.006820896269854062
6,fa6b4da229eb64b4d44e7d5ee2b027f1j1whx,0,0.061913835104627744
6,49c3957287d24e69713e4355933b74baoijix,0,0.0014031843796306787
6,612d24dde60a1b42873ab7b50944c6dad3dcb,0,0.020110084203928704
6,313bb0007cbdd82f326d58c96847294c9hz4k,0,0.0020507581169761035
6,3e85a43950c71b1988a814682abd4392yakvp,0,0.16253522868808457
6,f0567f6d45c0f83b9874681fe8dfe0ba6hjlf,0,0.07134533445856148
6,a4734769962126673e975a627e930b5fgc79n,0,0.003714559816166761
6,86a3a9861ed45158e964f9d004a224b3324cl,0,0.005257735507235574
6,90eb8151eb82441b084d04893151619837abp,0,0.0024770395985973283
6,b79560ebfed7c8cbcfb97475812e0836twsnm,0,0.0013926076116089654
6,cb6ea552ab5b90e2d0572148426ca275d1zzj,0,0.0054532099854043845
6,2d9579812895729581ce269ea17462197jxvy,1,0.888848054462583
6,d9ffd2f7f3cc1a546586701c2a6fbda24u9ye,0,0.1821648008840836
6,c89ad997f646e388fe375d7fe33a3727dzrh0,0,0.011195611565465712
6,e561791343f3564a6fc612a98b5f3df34rxok,0,0.07050984364648079
6,06b2d71c26ef3b6e29277f761cd0db90wuwjo,0,0.04598682258140346
6,eea590b4da2709c294e8db490f5997eadyc1e,0,0.0026508845364445676
6,f73eb6e2e7a872f97c715ccdcddac77am8bq5,0,0.06978132000513398
6,2b044b4b7949b96e38084e59b5d1d328jib5o,0,0.04562122807044265
6,414af5edf09c473bde75644b76a68e7feesrw,0,0.03387243685578196
6,3312b8e73417810a88be459d75fe9bc2xhd8v,0,0.0041073478653079025
6,14bcf558addd6e6f2818ab2bda7dc679jqoon,0,0.001691817622383952
6,0af208c4fc46ef9236052ff495016326zxoqf,0,0.001889718320583326
6,44c38c27b9de757c8c7c05cf07b7e3eb14qpt,0,0.2319964660959807
6,a6d6f3f5034886fc00a1245b439de13a66ha4,0,0.002466756777839401
6,8251041848182e6468c8119905a177dekmshg,0,0.045180790613285046
6,9ba7cbcf531c20ef7cc55a6da5c0654evwt1d,0,0.1067366669253144
6,3e2e03a4464642627e223fba066182d1qslv5,0,0.0017009037527298747
6,c4d42d0beefe49d6157c546a2504f4db86hvd,0,0.015070662587885104
6,497b8beb19a7f674bc53acf7f5c7ec8cxv68x,0,0.001597101732419198
6,669c6a0e8aabbf0647e8ee6e150c47b18a4pu,1,0.5267651292025272
6,a2933e33896035761240ef5a62477779jf7ny,0,0.6759820896958537
6,05ae7ea9549ae298bbbc8002b4229392e0ilf,0,0.002207524745008672
6,a5fb60c136b7e0a6d0d6e27cadb2a797225r6,0,0.03271431370272593
6,85ac49e7f93bf0e20323de78362bb4aadnwia,0,0.008886272200794064
6,b34fe965c04012fd22123ed948257184pqvfg,1,0.6826902548965962
6,23f9a0e1492c4abf375823266ddbe36bzukj3,0,0.001221739695871708
6,de3bbaaa3bbc1fd1f751d23a972916d80q8e6,0,0.013774922282305648
6,8af01eeb860c2e6b1512377f28953110ml638,0,0.08164508278085769
6,99ca795998fb781a42d85f1abeb50482yzffz,0,0.3396160276956453
6,e6f73230e0fff1d9a6b1b8a6617002ea9owig,0,0.001433891497024253
6,a32cce991a2f597f6e5a02605119f99b1dyq1,0,0.001492240596738993
6,0817731a4d2e319f6f771da3f522b8bfv6njs,0,0.9634761428206857
6,85499f83c5f1674c87d0fe77838c4da793u8y,0,0.02779193064410004
6,dd76fa7a75bd0e1921f71d255a8e0853l4lbi,0,0.0026380075446443755
6,bfc7a0819397d910db7c24eaba1ed4c68dwiq,0,0.0013761287728847002
6,40829191b83242ef1f380f90876cdd74mrqe1,0,0.058718349538599744
6,2635d404f4943f3dbee24aa16a2953c723iwd,0,0.0019387621733146178
6,8215dac41ad35a074c93bfcfbc0f908chlo5n,0,0.001440783868784128
6,39a5a16e5a67c2fb51789cea4d3091f0mv996,0,0.000754240027311078
6,fe6ed3a12fbbf5da4980337564361710v2y21,0,0.0022925419733167045
6,fb81da0790d821a22617d748d0226540ylrj6,0,0.05331403200402454
6,3550d62e04bd3a1239eedbc29d9c970279b1v,0,0.0023310324171613955
6,14d4e04d7ed150613974438a4dfd4e85dybq3,0,0.03678964836791185
6,ab0b0de534bad49af05faa626b88389cmjj8e,0,0.001816842495661239
6,f12120e467869d3d5dbf7c7d0566a8e7bmmhk,0,0.0013370382257568423
6,4ac31aea605d17045ceedbce23eed239omved,0,0.08587821634731323
6,9e25bd3696b4e1775de205d2d4698a0df4s14,0,0.004021761243697624
6,c2f592fbdc8980229367e1db4d0f7a51my54g,0,0.27535215616331044
6,9d1506d6779356dda24ed87d41f3be39yn1rc,0,0.001678647257073574
6,36e2e2f32a3872d3e958c0a58ee79bd129xdy,0,0.0021919894331908925
6,c7c854748038ddf37b8a9c4f5a28073fsut8p,0,0.020341413884489155
6,673650167f432c009e9dcd062cd4e9fc2szln,0,0.002797055861731866
6,d6517684989560cbb0da1fb2f5bbba9b9y2st,0,0.06753362983909642
6,332484ddd66b9a3db89ee68f08b1288amq90u,0,0.0014446551801649348
6,28b4c35bd90c81ca959da328806469d493mvj,0,0.03489762175548687
6,ed5ee107143980558fae26c1b5c7b81a82spj,0,0.012383550063720645
6,2b19566f190ff3b8a85884e03c64fb56ir8a8,0,0.022623206874367672
6,bcbd5c95680cab78cf904fb936dd03f86g19z,0,0.028014878241428114
6,3a32eb1c6dcc818e0df4953e978f2e89ljhnf,0,0.0016990402038445794
6,c08ae3075278ed0d139f00ead52ac2b0oy8nw,0,0.0014065579357233206
6,49eaad86d095aa5af75ce34e59e4b7f1mmf9q,0,0.00147478857289151
6,f01e3769fdce36d31eae85525827ab17xeu31,0,0.001937447955533033
6,b0973e698b12fe51ec2f259d924c6098rasmy,0,0.0018894871596563552
6,a7c910e7c7796d979aa9a7a31d74a8eaqsapx,0,0.03053052911866601
6,1df1dab2eb718c3da3f9a0aa90b93651sxqzo,0,0.0016826728064212586
6,a48837ccd05bca96ddbf02c55ecccf639adk2,0,0.0030049367563260766
6,c5120d10a23eb0c10d56a19fecbf9da85t4ow,0,0.0019241645199160077
6,465c4f2ad08cc1e5f7a5e1e3ac75654ealh0g,0,0.0016584559760866194
6,af14436f293c40a9904d9f06a323215bf7zdr,0,0.001966179903060534
6,f4294bb3abb69fa3183e7e851b58b278k83z3,0,0.0614455506444405
6,cc4763c97c3d7cc9116e0a51a6d1f2e82242i,0,0.0013452834007038506
6,470a0e402bb9cb4d48c2a450d2043e87flc2m,0,0.0019207425851996039
6,67d6466d7f4a32d294196b8c16ee0b03kn9tf,0,0.0614455506444405
6,f0fd9f1b3fc9ff10c2642b3bf81946e2rsq48,0,0.0013753157966479672
6,8e0462410d727b34290fec10fd5661761yc8u,0,0.001444117439934603
6,cad9c97e99bd5753be98edd9ad8ec8c8c7r66,1,0.8073896112398129
6,ba266f4898bf572447ad65856b362595yjt2a,0,0.007500868172775008
6,2b429b9235bab2877cd93ac6d9fbc2d7tzwre,0,0.30576100867601486
6,80d8e3bfc8a2ecbf22614befbdaacf5fo6o5o,0,0.03489762175548687
6,1e13eba969b6b953688c9e945544ac4741ilj,0,0.0015740355242419995
6,9a5fb8e2e5add29b006d789e4cfd1513paga5,0,0.0380295738319469
6,47183c1427a3cee97ff9bd167844e65d9dzi2,0,0.008800931972024723
6,6362c8d61774cfcb6ada7cea1be63678hxkfz,1,0.5657386148439846
6,8c33cf751b05ca6a9d886a379a84a2ees9jlu,1,0.05204484974794143
6,a447127835855849fa2ee496d05e0847fgt68,0,0.46300985561817937
6,adc548d88b9a307ce0b58a0d11d3ae14gcfon,0,0.058995222263169445
6,a96039c7cfb1d040ca978ec5e66ee2c0sb5ht,0,0.002848754005651362
6,3318a824cfbd3d3d177ab7e9520b21cbsrcgr,0,0.0013019350281588658
6,b258a38ef4cc6ea241b5473ee9badd32ekhoy,0,0.0280209933447741
6,daef74294e84ef6d7e009c2d51be6ee167xds,0,0.00977300614989786
6,4997f0d7074a1d9f8bedf5575b6a4372w7nro,0,0.003064160804202634
6,bf6f2ca50a3a6a3113681e754307aa4ehnd5j,0,0.0035839771103063386
6,6a31ec9cbfe23a9398e80403859f0402cg4ql,0,0.001448633560247259
6,989e8e68621a43af5a8d061aa91bd9bfshy7d,0,0.15684771389974417
6,a46025d61131de18474aa6f167e04bf08w9x6,0,0.262113281918398
6,c58ffa073b3b3deb4e993ee5dd05347cmvfur,0,0.001313388271330303
6,898419c2d011d5a822e9ee07c387098ezpc12,0,0.0019499393865992096
6,372bf02911448b7f62cc861074a7ac81y0jsn,0,0.05398292438309829
6,8a4fc219f01e1fe6d4328b0a47fc54905iv05,1,0.020711653689761352
6,bdeb5eed17a812d2c47176e30b8553ae2k06g,0,0.057934213118812666
6,60edf674563f85b227898f6af0386476efy45,0,0.0017274391529857613
6,f8f87e237833c3279a953b785653b0e5qka8u,0,0.006739799046442548
6,2f9a7b01fcce94499a59aebfac98fe1ezsk1y,0,0.002114133163567684
6,7a9519ae09e328b09d18473f96ef075fzrs1v,0,0.006158970154090279
6,7639039411fbcc6cf1013b247b2622a72g0r9,0,0.0024539280099212667
6,5c2e85ba72b9e9e16f77939fee7ffb5eivaqe,0,0.0013680746545266156
6,9197b6590c6dceabd88ec93157fcc31fgb8a4,0,0.0027726236396798908
6,900284c412387e0bb2dc2aa5ce42dbb9th70g,0,0.001780339725489281
6,3c37de5e4321388ba706233d5ca4a0bfp7w67,0,0.022623206874367672
6,9df0031595e4105e4530ceee1a08faf319vvb,0,0.0025818235743388165
6,36473d4c641c4c09c20c80e2ab35a36dwzp5d,0,0.0011792100812264659
6,25f1a9c0c83eefedfc2c1589e763c2a3is1qy,0,0.0024253587662955343
6,68d0de6b2b019e4f93fe89ef3c9d3e21zajj9,0,0.025395175208020048
6,4579226b86f3ca5b5ea1597efabae4c42j4rw,0,0.0025225914449477525
6,59d96b423ea3ed56611686300b681f3defm4n,0,0.007056376493522591
6,e4433ef42008dcff761f12b9ade6fd31krdwv,0,0.0016640707695092772
6,e833712b1e29ffe74517e2dadcb4f2d1pt5t3,0,0.16656539590533062
6,82f1ba4809f4812629e9e53ea4c687d7begx4,0,0.05825741163141616
6,25f59f9da43b6806aaa125fa61974591sacso,0,0.0016695683742358968
6,f781d7cab96d95bcea507cdd43b24255pw0dv,0,0.8784543018501322
6,c349d767ddda78ed58a3c5769e780598ar3ei,0,0.03489762175548687
6,7291b7fba1b597d66bb8efd45fd0d354q71ka,0,0.018181734189832086
6,cab7ecf98fd0489389a3a8d3961defb3k66og,0,0.001542463321409266
6,6f6e3687f67272b103351641b678225abarzw,0,0.0058749128209446624
6,2e33b1ee8a9d4a5cc5f886ca455e8f86kxu5r,0,0.007188491386305483
6,dc4efb7e05563288d1f2ac4ca65c6734017ql,0,0.030477599945509803
6,ee45b2475e453e69ce712388959fe4acspmvk,0,0.002197648100302998
6,ff92ea4abd33ed38601287f0e1d6726dmgx1f,0,0.30087130921703487
6,46a28eaed47c29b4fd148a50cde44840u0bsn,1,0.7981351856498162
6,d810a7956e4d9fbc246d585ce84e8ea0750b2,0,0.001448633560247259
6,cf18f6766fadce944ee74796489c23acmqhpe,0,0.003013735636207859
6,64abb8a286b2be97349e8b17abcce6d9rygza,0,0.0026142721393881555
6,f23ebc71f2d8d820db2bf0576ee7e148cxvkp,0,0.024553724032047794
6,9372e27ce85a8c8b9460b87c37cf55ecqjjkd,0,0.018835810975518084
6,d7eefaad31febe607c252199a7672420kl1el,1,0.877943682820987
6,4c341a39553faef07ddb917ea4e069ed0yi3y,0,0.0013293638077321397
6,bf65e77ce8676fbab6fc78b70c50f05a8da8a,0,0.059082606368470146
6,e134f2bb79d1a810aada6a24760c8910mh5na,0,0.006946610649446782
6,eeda0d135495167db9425fc5fa3a5e3ex2zel,0,0.03489762175548687
6,5c2d250afe88df6e4ca3ff08d991eb67s5erh,0,0.010760908913887778
6,fa6bfb4a2156dc8e73a713cdab85bc4bmcmwr,0,0.022623206874367672
6,531d4a209ec0cf76c9337b42fb1c3d9c9tcuv,0,0.0018201866012552991
6,ec86220eb6ce57c91a02a7356b342599jrcut,0,0.0017943776404957053
6,d4b2fd8f5e8e02b660e9803cbcfa6cf2t5szq,0,0.016505567283751393
6,721e69fd30e33488bf82b7e2f9c8cee28a9ea,0,0.0015885472862399224
6,72b21fb7cd32b1a65bed8a12eb94a8b7qa7rl,0,0.07913811589342766
6,715ee2811c764d5c58aa228ee801e518gqvli,0,0.011068297518113621
6,466ebf78d7326a38db1e19fdc1c70e9b1qu0z,0,0.007853610592972723
6,29013ddeb60a18f7d3bf9f3aaaebae6c8651o,0,0.015509609476194987
6,2271fe5b01f9b8f9d8409014ae4511524grmq,0,0.75499474140871
6,aa1c013a1de168c611560ca2afe78111g8i6s,0,0.21771177435819564
6,4038ae3276c0b47f420a5d73687fb73bghgxf,0,0.020732282597359042
6,437c191e614776c1535305f602ea9033sdfmf,0,0.0016989541428914755
6,76ab7c99de4a3141bf617bf30bec9feep3zuy,0,0.002174229951586409
6,a124589b3af5a212406c0306584a9554fazi4,0,0.0016216101801546062
6,faaa98763b59ed5f02836d4bd682035bfhujq,0,0.0024394807581400346
6,c8cf68aa6abce25325dfdad4a98fd890ap57f,0,0.008275750756443623
6,8b4bcc98fa4666b22c7a17c9a4b93ebenlmlb,0,0.0017114494029079337
6,20fcf71ad6fbd43f6f5fe493a6bc3ecfextqf,0,0.001330668409304447
6,0a09adcd35b5f26d75f251006affc747drfu4,0,0.0644432295770627
6,ae29b39843141a73b39ada671ce6b6c0yxlb6,0,0.001347924935516962
6,e61c14d66cd5693d93cb0356d7f444ebinx9i,0,0.05191300486112056
6,f428427d7227ddcda377cd00f07749576c6b3,0,0.03489762175548687
6,98aa09a7ca13559a9e2a43fa2ba4d2b7klwin,0,0.001290853663641924
6,16065749457a14b26998fefca503c3ecf9og8,0,0.0007485133160146813
6,db12e9cad5e847cd7a40ec1ee649e475iwzqo,0,0.008275750756443623
6,9d33ed2efcfaddba0307d12142f3041ce731l,0,0.01430411180174753
6,95ff2833eef5999a4f3ba4a7684d2b26a6v9j,0,0.002193261720860016
6,24a9abf72cedcb421e831c1be26607e37zojy,0,0.0013926076116089654
6,bef84146ac1e2f21e928e06ede1404793bfnx,0,0.002074183684912946
6,cd8f738dfa2ea0554baa3dfc4465cdb8izun1,0,0.006395152768914295
6,f75a0f726d764514f612ee8cd8f65adegt02s,0,0.018702845726140407
6,572c9964ca41ed055830845993fdab29p4f03,0,0.013633351559428025
6,cbe8d224a38ccff930674361b502e7beyuf1k,0,0.0016990402038445794
6,5201935b289665a197e38f747882948fjt867,0,0.0022786949285394007
6,fe27fe0815883aa3e1a312f0dcb45981txa2m,0,0.004805088858674142
6,1ea558fc18eb1b3ed7759a3aed7662d3p77wq,0,0.08096315188638675
6,7ffd9b7b795d9335153d481fba4b3076plrxc,0,0.001979778778283219
6,da950a556200395a82e23e3bbfe1abb6xs258,0,0.0012227408755539886
6,7e8650379cbcb3ef8f7f6aefcd678067kzbdi,0,0.0013949537506148183
6,74149197c8684977e397ab60a6a264836b0lv,0,0.001780339725489281
6,55d9cdc3af85efe87b2a6f22a2cea96ezy2ax,0,0.001595140732514186
6,25a4ee3a528004bcf4f4bf62b9208a7dx96pt,0,0.8304062611514527
6,40fafe756c4695b32df7d19d4c710dabvzr79,0,0.008275750756443623
6,92a63dbb8323426833b944a4fc196fe27pzha,0,0.001577303177027637
6,d144312f2f68dc33a63b7863911b2aa459i99,0,0.022732740526483948
6,af33d5277890ef0b5f55fbbf400441c9hdehk,0,0.0018659946177719188
6,81392b54fee8e50ec74efb27cf0de8e32fdm5,0,0.0021842121141956426
6,1d4eaaacb6127c43c1c007331cac135bpib3m,0,0.0018455575837784612
6,036a4050a5dd65e70f0f613ec2e38a74re026,0,0.0022126274878782864
6,e76057d8bcdbb3d2f935c30849a17e4d7ordt,0,0.004211151104980049
6,00cc97158e6f4cb8eac3c0075918b7ffi5k8o,0,0.0009411603385692661
6,110d2e689da119388dcb6e235749b787ni298,0,0.003031675988669024
6,308def7f05575db9bcb6a67207d6c1beb2cqt,0,0.009970473436211347
6,fff2c070d8200e0a09150bd81452ce29ngcnv,0,0.022623206874367672
6,d110111b8700f290b5d03a0e243fe375r3woe,0,0.0026905808049594707
6,069d251f2fc19102924468ab38349d5eou7ab,0,0.0033221923374876033
6,44bc1c87245aac66d176620f6ac9611ddbcil,0,0.0017477177976204592
6,d588f4c51e67a340d1991a8130ee0b56hy0r0,0,0.0009995510783062172
6,762046a235e00ec6521ba71aaa1450c28ijkz,0,0.685160374962325
6,90953913d629a03e27590d0d0f64456601ktd,0,0.00212164810752244
6,eeb7e43d894af9161f84692f2bf9570fdryzr,0,0.08096315188638675
6,a46046f129f3526547aca680877fd8c7e6tfc,0,0.002905847771201606
6,74582963d3774699f4215df7f2d17c1b6b4pn,0,0.0023895598782790297
6,a6230fdfd4879433e36a76d53440f426c7a7a,0,0.07022267462295577
6,c843f90bae7231af13dd0e064a469704drz2x,0,0.004685684119228059
6,77b7daafef906aa3f941992bcf94dd69zxk2p,0,0.007988771518310239
6,6c6c3559c5f656c71348f7cadf29bb12okgl1,0,0.0017764966895179866
6,c780bc2dc7ab83d5e5c85dd13f0f7fdecfxjq,1,0.2720745136494129
6,4ef4b3e5727dc85f18aaf00ff9a1e936qyhp6,1,0.9111757253121647
6,437ac1b8d08c3b328924aad097a3dcdey2m1k,0,0.02446681632560165
6,3b8320619393a6f6bf12219b61cda688k4w4e,0,0.0015867377035141115
6,04636b6c61c80f5325efe61183e8edb01ko20,0,0.0019140880418681283
6,c65d2236a70982d628454d19472ce26eltxgf,0,0.0027329442552707184
6,d381ce07afba12851a815cdf8858c1c7g2pfh,0,0.6986579521596086
6,8d500e174fc28d494482f8ccb9438608zd51s,0,0.05398292438309829
6,caa74df2086d71caf6c1b2b9c81d3d98xhpv9,0,0.010212307612354043
6,f2f10539ed947e4b141b2e9bf21af65ecz4f7,1,0.8798450237099811
6,6a3b1ee159716b743ddb8e07e499fadbhqn74,0,0.001928633745129708
6,8254276e772450c5365707cde76efa4cwuzpd,0,0.022623206874367672
6,f0ce8b973cb8d6eef9221fd3d6698fd4kl3g7,0,0.0020950071500498856
6,d2f0217aa734f025ec008d24d13eca10ntuhf,0,0.022623206874367672
6,4f7331589f84c6359bd693513bc9d7ddlitos,0,0.24287194454272304
6,3f977186d125ef8bcbee0c1562c7ced2b4utq,0,0.007798340765160876
6,49f4481b6bc2255e745ef20ac2a720754r9mp,0,0.0614455506444405
6,cad151bdf2e29b764dfd3acac022e5dcy8n83,0,0.005485737815211119
6,7959bd565852dd880cd31278fab3660fuaqyw,0,0.006051578763828379
6,9e9047df09026ed5a5a3a86403811159u5yja,0,0.0019191864081840929
6,caf32bc98f84a47829e76ffe104371f6kphvc,0,0.08107874070841439
6,9a272c3baede0633bab0e15ff98d207e3ldpv,0,0.03489762175548687
6,c670e7fb466b09000f1053d2761752268bkfm,1,0.1357225700709352
6,77b342f0d8769898619a935e267eaad25rubb,0,0.0014188197566323503
6,9dc039dc57fd67bd9e7157f4f697ae7eloov1,0,0.5227340108897295
6,a58ace8b671a7531c88814bc86b2a34cf0crb,0,0.07004398105393697
6,f4189a40cc622eaef015a19d75d9fe21mylhz,0,0.0013466036042666975
6,1a5d7993b43386f64fcf4b84e7b183a6ref21,0,0.0160309050225899
6,780566278695c3771f81afc605abdffa4143q,0,0.0014355683964924102
6,01f498a0992d280de63ec346692efb2blckg2,0,0.10579143189937683
6,7505bfc1ca67a5ae14e329b46a88ab869ms9g,1,0.685826720947797
6,2d38a6af2ce96c1446f900aa4756b8975y9k3,0,0.00032361185745590035
6,69333c66e55cdd6cabcc6ae64531fc33w20n4,0,0.011833725598952124
6,4fcdd880c4e1a1767c4d26f74bb3466f11osj,0,0.008275750756443623
6,e9f928411213f44502e4942a29553ab1tbqgu,0,0.008164059417098779
6,622a477170c3e2215b7e3cdb06db93aezz6t7,0,0.01665370842378624
6,65f52b46edfc7fa64b9e74557a78e52c1it54,0,0.0014704926543793685
6,ddc6dc00f416ce10f23b57ebf758c2eeawzjw,0,0.002426713017939307
6,08a588ebf7b98f44f8fc695d02adfa25x0amy,0,0.0010087654304187644
6,786cb68d5d2012dedaf70257449090f2hfb88,0,0.0017297962458387931
6,43bd7fe0ed7629fa774a461127a629f19je0a,0,0.0012041000548767935
6,424b638423f4862b2a84f22ec25fa22eb2c8p,0,0.03489762175548687
6,1b7c070ffb2c23c1d02ae5bc5d817d06qz4xb,0,0.0016574690523915518
6,385325103b3eb54b0b974523fb7a13e02go5s,0,0.0032727021271785985
6,84f06d2c69695fe24cd69f8a1aae21a7kozbn,0,0.002365366424945194
6,e5736d7f8082d7d7fee8430c0e2279bcdmt2a,0,0.1509906312183607
6,c17c63af831939f5e2fd12f65821db65umonm,0,0.7691928949946721
6,15f34e73687d7361ac0d780737fca261g2s9n,0,0.028128700043282016
6,53e2d855e008a5c2f79b4b848d467b86nofo3,0,0.058673179121310946
6,4070f6ad5da385ba11cc99183817eb20h69v1,0,0.0018177202496592552
6,d2b8a15ae403dabc5aa752b205181dbe1lm57,0,0.0017417478057392016
7,624f258b49e77713fc34034560f93fb3hu3jo,0,0.0016998275415410317
7,7eaefc97fbf6af12e930528151f86eb91bafh,0,0.05539310997426558
7,25558d24bca82beef0f9db4ba1fe2045ynnvq,0,0.0015350646930348247
7,d91a4421996dcf429f575e372915cdcedae6g,0,0.06966804890530023
7,880f542a275df1251612886d408b32e8m96cp,0,0.0021215134665480456
7,d6d3daba4bea632d7f5a4e2c5146f109dkd4m,0,0.028181328068459886
7,2a7d1f9483d34546c4d099e36e3a79790qvjm,0,0.04575858067189586
7,d36857d18a397e7e24d05dcbef3b919ftjstv,0,0.004666424026423851
7,c62bac5be6489bc0e0a7834a11167171c8ww3,0,0.004861354561459196
7,98783b6bd490f32f56c315307643c824nimw1,0,0.0015572864653707545
7,342f22fed8b1e90c6ff1a6b7bd80f6334w094,0,0.001098017123281627
7,608d9b68afb12c6c27da6c6565ffe8297wvco,0,0.048116963502411146
7,5f50c6187a179e2ee7ba2fbcfc845c7a1smgr,0,0.005454089451190169
7,aabc211b4cf4d29e4ac7e7e361371622pockb,1,0.9922620064673598
7,e97becf0d4632035ad4cd5e65c827d6f0xawy,0,0.0014472737054608072
7,848d3eaa622b26fe57d352eedd9649f4v6obv,0,0.004223000295009226
7,e98d8f348b266653b6784329782fd2e91vu3h,0,0.00648543035062936
7,68d468e15e0de0bab9694cdca8e799eb2j8kn,1,0.9924065132246486
7,72bc07c7241e1856ba31609d11501c91cswlb,0,0.043053707302114747
7,d738b259ec6e6af625d1f41abcfd63e9e53tx,0,0.001892267077332647
7,4dd2a50e589cde2802c4bab143dea61ak517w,0,0.0019085073258397916
7,91dcfc10da696a6d90966ff795751708er5fp,0,0.790606240603269
7,e78cb9678684d649453cd5e1e46baf462lq87,0,0.01090613067919178
7,af98b7d5a7c1ccd2968252a2fb1c06f69igbv,0,0.0017822823584985623
7,8e1f8e5907b3cc256a2a57ae9ac81e063gbz4,0,0.0015959612839539588
7,f769b9f92260ecf046efd05bf9ab6822j7c02,0,0.0007152995101376678
7,4c4431ec9b6e683bdc5a3118d5140105r1nas,0,0.053119354012472184
7,7cb144485c703ac09fc73aa646041f72ogqwv,0,0.0013640059964491879
7,577af9ccdc29dcacbbce0f36b7c1ff15btljp,0,0.038482985448134215
7,28c0d4c81a22958352aa742f7d74e477qwo51,0,0.007220372286225967
7,0e66933c924764a59760aaae5368e7d1e0s88,0,0.0020924048173051285
7,48117c1e2b56cfc8739f83683e01d9b2aoc66,0,0.0029890207355358247
7,6086425310e05e77a53317490e8c1f3cxzf2r,0,0.2776682825472431
7,d65efaa8129a85f85bf909e5abde8c3628gfv,0,0.1713226291804047
7,d5f997729fd5a0aa13307e027804de515jziv,0,0.06468476813058074
7,3edae72a9d44c43524c0203ce38581d1790xh,0,0.01090613067919178
7,2e3b450b727fe3e888c85d52251fd33ffoi4b,0,0.0022609321481259466
7,8d43ad48f315364be4d979d2e9d5ee67quqyi,0,0.0027201494172307875
7,22fb740f267ac617118261b2fd3365batisfg,0,0.0033540770438898115
7,961ab8cb7952191816db53f8a11a35fe1zecm,0,0.007729696743414908
7,3be127c56b2de21dfcf2836f20afe249hqkxy,0,0.16513281808324728
7,2c31770e98fc9fc7e0f1fee6207b5600c0e10,0,0.23958616640571836
7,e613acb1029ecafd9792c9f75d468e4bmm9zn,0,0.002115445629482048
7,cf22da37578048d2e51eca1e544c693cke5t3,0,0.14059219809575063
7,f63ed13362ce1c80970ba28a095c2bc5kfgmr,0,0.0015832931708597473
7,c48fd9c589f273945bad5f0cea5993ba2fet4,0,0.6649314309115879
7,1af4685cda2979a608c4b6ad83473774qgicn,1,0.22823816590378998
7,068450aafae2a6e390e35925d964290cdliqf,0,0.08908566422593629
7,eaac863aaf84acb7529462118e7953c3oeky6,0,0.01651574115758146
7,ea0e5f7d93f2220a62bde8067f26daaa7oxgf,0,0.0018380482470273735
7,8ec8add138ed551bd5a9175eae0cb972ie0pk,0,0.005184936217526622
7,e561facfea467ea124df0111e041287ctvgwn,0,0.05166322313335012
7,ef9ce9b85309d7d1044ce57055705bae8pqlg,0,0.004629911242126648
7,3a5420301c0dacbc5675f6f09aac0143tuodl,0,0.21426669389289277
7,c76f30b8330b6d14fb872b30fcfd9d57phbsf,0,0.01708572607487519
7,908ce7060337fd8550760a100921f6f7wsemn,0,0.005454089451190169
7,08515611e73803dc6d8c562b8514dfb5qi3z9,0,0.28007106604371756
7,b9080651d16e3d6d2d83e1c5debb55b0qpwbv,0,0.01090613067919178
7,c8d972b803b46212369cf1b480328dcehb9jl,0,0.0017997293827075739
7,99bcfc00be736e03facf0afeb79ac533cs7tp,0,0.09168766419744942
7,ea57e35acda9a8f8b75f4d9bc049f74d7qx3t,0,0.003190165777472936
7,175a06fdcf622c9455d0a77990b9302dj23ke,0,0.11317520432164134
7,b719671479e7d75b1ba5a5617c95ccad4dkvm,0,0.01090613067919178
7,518e9fb1055de6532ed2df6d03fb78feus5s0,0,0.04517441628059977
7,ea5948061b2059bcbd900d3ae7e86e428ae8g,0,0.2756553093156466
7,5850b68151cf0760e94acb39c4dfa02026k4u,0,0.001909521220303578
7,a7454ee6fbb69c4079caf5b5b92574abi6pyh,0,0.04043190985863203
7,e0544483ccbafc4842cba7650677d043n2e5c,0,0.03455752486186795
7,01349288df20199905e719f0ff7ee771nwryj,0,0.005820036949207582
7,d2138bce99f535c244dab68652ccfa2enshxk,0,0.005454089451190169
7,c5dcc8a649adae76ce01a3fa85b68f237ny2r,0,0.004299027114099045
7,c08e5e3325e2f4fea171f24ca018e675we8kj,0,0.005454089451190169
7,3a8124eb9fd3977e43f5e0762d9a09d536rob,0,0.0014575444797438335
7,f535b28ad58c83d35ba87fcd46624148zbh6l,0,0.0035069862732679553
7,40e00fd204d0ce97110032bfc47f423d0bgrd,1,0.3850673889145523
7,47c5cd21a74e45dd294cdd53041ec0a3dw3ge,0,0.12797401423899674
7,e22528ef6a439aff5a8b19f8c9b07c19fyzs6,0,0.008058845303695406
7,f93a998dc10a4c98f65c6b86fdff651d5i4qh,0,0.05757534118706094
7,e03311c7620a8098b7a177a5f1ad213ernao3,0,0.0018650597228060744
7,c9056fc0cade75299ed4438567a87d6ek44pt,0,0.008206421798319444
7,2d82c3dc726d2bfa19c5f16ec3de5023lbse1,0,0.003031170800795906
7,3c0026d48f3d6e10cef6cdb1f708793ccwkhr,0,0.0045034830464927315
7,f2bf8c94172c4d71076e151cb4e136007iiur,0,0.0015986131692656382
7,f18d2ebbd5e48ef4f1ee412339d6ed7adr9qi,0,0.002186402687088685
7,dcac75b5ccc362a66e7f9112f033bdebchxq4,0,0.0014346307078512961
7,5c28b04424e96267711d5af2db62e022tp36c,0,0.02951086661402818
7,9819825acfa7e20c47a78bda5e76b195jh0gd,0,0.034547765874909084
7,9c0cbc0fd8a6c22ae3648801ade080fek6i13,0,0.046779668424113546
7,2e1eb5b56591662fd7ecd7b39621bbcfgd1ks,0,0.01090613067919178
7,4f891171f7b09f54d8b4f30b48421f178m75r,0,0.07370528273522732
7,bd8bd6cae40abb19b81b6b6a7775f63e5tk1s,0,0.00747396179054095
7,5d02346d70f11cd61d9fb955846ee9bdp5o6k,0,0.0013541559697406338
7,3fae46174ef1a7dce5e9893775f814c4so8s0,0,0.01090613067919178
7,313ede314e2e05c31471fd6a93f98af713jud,0,0.0035022084379764695
7,30ef7862d69b3440ebf2726ee85a0b8397ta7,0,0.0013698531295049073
7,f8d0d52114da74d98800dc7553008705dth38,0,0.007535170782131132
7,66513f72be85596a527f9f653db3cb72cq4jg,0,0.13415368739537467
7,01255c2c7c5578c186873422fc00fd7afwk8k,0,0.004435226313282105
7,b46132a554a2a3b93efc5a9352036e6crl6sk,1,0.453996160084195
7,573cf43253a18821e50dfae941ac287ceymgo,0,0.007679399979865467
7,86b6207b5e87d58ae307bdc1545a101akz0ew,0,0.0014377622271310778
7,fb6814db96bbaf61f42270a85f0f62adunxft,0,0.0014236777128382992
7,67d245e38ee756947ed395fa099807fchxv99,0,0.0013255970616673732
7,200b548999702c10f8f9fdbae9ce60622owzv,0,0.32749110697714223
7,d8d90875fbcf94c3b4c5c00479cbed6e1mqrl,0,0.0011227773671904002
7,651402deb28af3e3d1ab9a6b88314b591uuaz,0,0.0011373677166407112
7,3073d007a5b42b827cc770ecf4805278xvvzl,0,0.004592327906601871
7,b6a7b5bba132a90e7c7cb350d2bfa52d7sion,0,0.9339591659922567
7,42cce5c657dc7d99911d950cb22fcb4fmzz5e,0,0.0025478905483172286
7,61101089c1b34f409fc9b836a7f9cd163y22l,0,0.0009821347477851745
7,ce22684df495e376e32ac95d3ceb1164t37l2,0,0.02314888901129364
7,29b8af2fea3881ef61911612372dac41vczqv,0,0.056240701413838384
7,8d8f705595701b921012777a281a553622300,0,0.0015695934197027053
7,9f793ee6e6df7f69b5a5acb4e13db0476b26x,0,0.04955381224253618
7,40ef6a4a0c99b478fee1c93f4105b9d9mh9iv,0,0.053119354012472184
7,cb9a75312b809291306c6213ed5dc67dw31qz,0,0.0767568056759718
7,40efc98d259ee36a8c2a387ba49f39d0fa39h,0,0.6846737972143075
7,9aca61f505f40a3b4f7865c2d00e2418s0e1f,0,0.6466621813166818
7,156f4a8763e602ef789f8048c6928676a1ily,0,0.01090613067919178
7,dd7292cdbc81ebfb87945d9ab176d679gepf0,0,0.001467957467315926
7,2797fe80977297483e724b8390161c937dh4g,0,0.03277881945598579
7,34a7ce35b13775be4e20930ba2788a3ebu5n0,0,0.002208076047987201
7,f211ff014ed43c9054916f97d6187108mpxr6,0,0.9684266435363357
7,cbe756ce81f5c420a1f7079791ed9aa2js2u7,0,0.08908566422593629
7,0daf4f87eb695e2a84e4156154209e09k6ga5,0,0.01090613067919178
7,c6108e22518279361de99b3c7c298235mkoa9,0,0.004796876846364187
7,80bf6ab93fbb8316efd5c0b42d4b46c83qrdn,0,0.01090613067919178
7,aba1120a5b13cf72c1d52c0dac8aafc67nmoh,0,0.0019937925015921895
7,936d73a062928a362901f0e507d57b0a8rjs7,0,0.0043233429320389555
7,6393f55c093e04e6e608e1ee8be9c3e28omjd,0,0.002563867239909292
7,80130530788e55de6e9fd515271859d1kgfsd,0,0.02829327221800589
7,5f7767924aa92a8f01b44a7e09f00a4dgqk8e,0,0.008648996890850878
7,9f101e80580cbff55a2307c028408a91nebzc,0,0.2843894130215576
7,a9062f1d7c589bb01ee0b330ee8791fc702il,0,0.6397661636315434
7,9af8e7dbdc3c620c8144d736242b3bd2fdbpx,0,0.00180930919574745
7,420e7aebb49d7ab3c04e109a98e152d7kquiz,0,0.0015744539472091722
7,61a4da78a5aa5bebcb3e9818a46771766gtq7,0,0.019278119826556552
7,d2eca28cbe0a3dc69715d719c6958faaaqx95,0,0.019315278175878067
7,84a773b3c9d300834d9d57af5dc83091y54cx,0,0.0013541559697406338
7,af5d33f9724b0e8c1f875406c0556d1e6eotm,0,0.43601018425573346
7,52d8066e28f168e5bee769559ead307e1go7e,1,0.21942442817323335
7,03a1e81cb7bcd15014489a6f752c9d5b7pvel,0,0.019496579354273638
7,557f06b312e040ed3cd7dd2a011cb83avyut1,0,0.115701018033071
7,d4be674fce23aae81c4cb946d4fff8671gxtu,0,0.0032485293818425433
7,ae817305e82b580f9ab89f1a379488e39il4q,0,0.012468158055226414
7,c8e474ba549fe924bff9d3f585a9943cg9aju,0,0.0018693888038888748
7,1cf0d30e0bf9f4a536b1fe16ecc26cd22j50c,0,0.11657640153453364
7,183c4e44d09bc4ab990b957e765af311vlup7,0,0.001738816358814702
7,84d75f71a61667cd327367453b4c0d2frury9,0,0.0019068493070076016
7,e2e14e8e15204b504b146d17a2bed925qg3u2,0,0.04955381224253618
7,0141844fc725a85e38e12cc02fcdbbe8ofqxv,0,0.0027574167717535967
7,39802378690e7d0c61d294f5898852b96hsfh,0,0.01090613067919178
7,0c57d8eaa2708b768416ca91dd8daa2cqbl31,0,0.0028458400648820534
7,efdf59a8ca81c5d3744f9121ac8fd2c7coy3g,0,0.001562107306596051
7,58c3300ea9095cf5e59e27abf2a905ce7tl6p,0,0.011858824491094757
7,e0df56a5ea8094d070b0130d7178a996noolv,0,0.0018615420050283734
7,bd0071b98d9479130e5c053a244fe6f1muj8h,1,0.01090613067919178
7,147164a9fe8a6bce381a224e9f13207cc1mdg,0,0.028248450934442774
7,8acae9b2e5454fbd92fd0b3d79fe89ad6w2wp,0,0.009887532724406248
7,b1c2e7ee5c69722df6233541ad5e784eutiv2,0,0.002879539644424996
7,86e50263881b0d382b55777185eb648aagh1g,0,0.7034225911242701
7,98eed7cbee9b1a1b526a635648e7cd2fhbt5w,0,0.06035572943818853
7,45fe4f0fb849e7195a1efd5495d1285f2culj,0,0.0012934591612473385
7,bc3b92a81586cb726cbf4d5b418fee41o20sj,0,0.0011303282936606504
7,9b733fcc97535e27037c231858a711adyzvqf,0,0.0020149361476778553
7,9db7471a12cc3b8fa3cba86bc00abde2t2wz5,0,0.0020213450902221643
7,7c08de9de285265b2c34970139331f9fnr9ad,0,0.34488763716973425
7,f019bd7ec140624144c4a9b40c42bec9jok79,0,0.005558073968180503
7,d3ab33e9314c95d6806813171f292299tmprm,0,0.0013252829277780119
7,9a12aa1aa3560062c6f84bd374eb5f7f422vq,0,0.0020527094726599054
7,43553dd8b9370fbba5efa6b652d9b43ezsj11,0,0.004711322904336306
7,a15766d8d3d231f862996eb3ec33559735a3d,0,0.0017514145321755614
7,cd35a3230456d4a245806e476c63e9a1evu7i,0,0.053119354012472184
7,a40808ec5bd9d0440585286f1658c3b1ag8dt,0,0.0029723295202738445
7,5dd3494b46f39f8c8783c25527b64dd8hp8ti,0,0.048116963502411146
7,f7e3635c9a532fb9a60d6eda6eb7c7de3uqs2,0,0.0017939765726909947
7,ee5afe7f268aaa88598545df890f4e5fzari6,0,0.010446044055117445
7,0bf6e0e5184b3599bbb4ba1fb3a43549ije34,0,0.1631821770460557
7,3ef757c3d6a272681c69bbd7e071b705yzt8t,0,0.0012663057050131645
7,70c6727cc40fdc6f752b28102f31a38b883io,0,0.002539511291469549
7,c1624207d78346c3c58cd44f3d5472fcriae4,0,0.002003205630052639
7,60849c6d966f178808d94543173cb93dog4gt,0,0.0015337230386657829
7,b416bf88dedd6ccdbc3a2146524500258qdzz,0,0.01163605616794768
7,97ac4a68e5600c4b7a960d9580d4f251470mc,0,0.009623298221699102
7,54379b25f1f35d9df78da9cd774cef74u5wt9,0,0.006748452554732123
7,5bb3c3ff71ef6560c7600c512128ffc8js7py,0,0.050741529962529716
7,6feec0741a319299c78c47040893399ebas6q,0,0.005306159776487487
7,63c48b70d37dee5fcfb26f94107ba3b94d90p,0,0.002376722976937546
7,f3bb3c26162cfc1b8c3636a7ba126010na3n4,0,0.012633341689895713
7,d092609f5140c62ec64ddd7615c25792qgdrd,0,0.0021795104756255337
7,6e848149cabc4434155aacb610fb20de6vq5b,1,0.16602588836594584
7,fe19fadb955fee4c5fcd0e30e56e1542kx66p,0,0.01014889493719493
7,24284d3fc3334e0adeb6bb95637ca62d6dm96,0,0.0043192504076144
7,93ab2dedd76c1859885cf724ebcd987c9ngfi,0,0.0023114679837132794
7,83a24bbff5a4cf9d9fb10391102708f1oqpco,0,0.001616974829760949
7,8d638f6da12614d6b369249410c3d278n8qme,0,0.06163148306668611
7,d7b66d95bcfba06122dc6f7a3c605fd73239a,0,0.0032354254708401803
7,b729f60d26fde89a01f3fa89759d6b07t0ec4,0,0.002005022350779478
7,3ded667003605eb856ed1aa2b82c1732gtma1,0,0.002980532510491527
7,f5edfebe95b4f637d1bcceb892b73dc7rhn7l,0,0.0930530611861415
7,5aeb71cdc92fe5d1c4a4e127d7ca7783gzje9,0,0.0017979923773126624
7,519c0f3b989c8e1781e0910f685980ce15wzr,0,0.0015968488355463384
7,f3ad2931359bca59c36ce55ba82f9af8enbi8,0,0.001241589904908522
7,a71f9ab1d130394882cbdab3c886f1b0fm6hu,0,0.0017030077376238848
7,c478f94c1323552e85aec6e1013ecba586320,0,0.858209549105084
7,e735a2301a18772a8276aa1f17ef79efu4yew,0,0.0017275118313610255
7,44d34926c0863edb7575b819980e0e728pn5b,0,0.01090613067919178
7,171fbac128e6dcb51d0f07cf7ed8bd3er891e,0,0.9858962196910943
7,098bfc9c440f9ba9e6371f774ec6a36fa0sq6,0,0.0011212183150146166
7,6e178db6d17d21aa88aaca5bf15c2761lc500,0,0.07039443260811938
7,1395ca662a02245233af951cc7ad8313vk6w0,0,0.0027681923680955398
7,b9c59dcf41cd0a7ba779154872019cabmohkm,0,0.0014170074558953062
7,bea63152ca4d99f549999ca57b93d015z9kyh,0,0.004863417423513575
7,2137e2626c568af8e56bfb72fdd5b9e19qiyt,0,0.005161707679150321
7,d863897264a7e52d9c6a1be6dc453c6c9anz0,1,0.3932239613747953
7,8cb96eaadc11cf4f914bad84518632e7czdyl,0,0.8144021051458569
7,7259271b61d2f05200eb2e1ab1d2ec911jlaa,0,0.008735163994861095
7,81c9c749b2c9f97215f3ddaf8b5a5fe1k757u,0,0.003409556766977911
7,5ddf9ae899e629acf3e78141a9712a05a4feq,0,0.7952945120430889
7,9fbfbd8a57e4d4b18338063ffa43f1bez92lt,0,0.0017313617250718921
7,3d2608a892e44dad3027ab55bfaa0b26r69hy,0,0.05211123160866664
7,5b0665172160ea4015e79dfbcfa7ed86oe0mc,0,0.048585088071819375
7,69d8fbf99586bfaac64d31f82b9bee27wltkd,0,0.09197809870397045
7,86a34cdbb975c141eea1854b10dbf1c8seom3,0,0.012955501553593644
7,ef1d71dde32e587e761a1b39d5b374c7gk68y,0,0.003707186339378401
7,5324221d38a79636bc4560cbcf2d75c4gimrm,0,0.010132204660011341
7,3694aa599f836a57b671ee0814b071775i1nf,0,0.300290436571075
7,5ccc30558d4c218cbb4d36872fb82a03rjxgz,0,0.0013995741513793882
7,ae0dc05e48d0f1e3ad33f37b4400bd069jktv,0,0.013159107375047422
7,f069e2e45ce316168a94b972c5b7d6b0f342m,0,0.3375855789787949
7,4199816cef8be846ca71ae752575744fimyto,0,0.9769068626863275
7,29bd1e11a41eb2ff50af75d10f28041ejh9xx,0,0.0018910767936722481
7,ca68a41b3a4062f154dc1ae8456cd792d6kp1,0,0.015491831732666165
7,1ccc69e376c95da9bd569a5d1a176874ivojs,0,0.0017078857921609828
7,08c39ef7252995e0749f7927249b8dcb1d3xh,0,0.01090613067919178
7,870932eabebfc108296437c303db6055kc3t4,0,0.001324691142432584
7,9196288f121946095e5c402fd326109827t0a,0,0.9103696343255415
7,e8f3ce0b2d0849968400b63b992cc606psoij,0,0.005095328782245661
7,db85fb5556f17b744938cdcc2e7ce9b5urspd,1,0.25275112307738934
7,06ddad46112881df154e3bda0e90fe880r57n,1,0.961943237026458
7,3e995d6f9dda5f29c02af4c9fcb94bac0csrw,0,0.09934266062081222
7,d428139761f7b7563d57bb1f87b55876388j9,0,0.0016665123437405766
7,e932ef68638c37220f4c2c386cf54578x4hpn,0,0.0015747442507961817
7,d6fd864297177c38cea65aed8a45fb7bbp2e3,0,0.24574344397698838
7,a0420d3961adf890fccf4b43899708f6h40zs,0,0.028181328068459886
7,0d1815382b08885d76c671ab600133adeyp5e,0,0.42456170924179637
7,67fd1325fbe3cd75a110cc80b9df9708l0w52,0,0.03546905232953536
7,9bd2d79f328a5afe815d5832e521aa9187q2j,0,0.8017853430614436
7,57c4421263d37c2cd2573cd7245a7a80h0mjf,0,0.0820666639420338
7,02cfc97e8fded77671e71e1951723d5fwz6a4,0,0.001398698785721444
7,87c5fcd8d9582701469f94bff3cc415dvq4ia,0,0.0018256316171881134
7,486dc9de91d243625863313adc03aa6bv4s1e,0,0.013942715576019615
7,b7515e5f181a6d4884674897226cfe9cpd6d6,0,0.001628046880383756
7,ba0ca6f98ed66bdd1c4e86db2ce4011fdk6ii,0,0.05575378115542766
7,aaa8650a6e0997e90e4b6a9fc2ddf555m5c1g,0,0.0533992838613728
7,e0984156959c3e7cd05b7ec8ae239303inqlo,0,0.006632666520230638
7,4cd52ae88da3e30dbe01da5048151c98p4f0v,0,0.36015751946881863
7,e10ae48cce1e198f7283064cc8a2f836iy0z6,0,0.001769320203331242
7,17c59325ec223c94dcb301a7451c39871vxq3,0,0.0015850484056293363
7,38d9e2e83f25229bd75bfcdc39d776baz5zu2,0,0.03934640250577602
7,50dd191676497345cc95d8b9f7284a7371z5s,0,0.01090613067919178
7,c1d9c4c69367536d7b0ccac19527629f65025,0,0.01090613067919178
7,48badabcce6015d257ff5809761486c8qgjul,0,0.038167899346089225
7,45e4c7fe66077b5b7b338f19f476f9d85jlk0,0,0.0022136178705875007
7,1a05035da8ea9dead1030ccc993b5284n1on8,0,0.01892182273448686
7,722d1147768bdb5918584997e1f677e55g0nv,0,0.003378711868874185
7,0547dbd3ecb4a293913f138d60b586fdf4ane,0,0.9601355894083645
7,a37b105534ddcabb169f6ae3ec928d85slw6z,0,0.0024348748271332955
7,2cbc26f228e0556f268e0dc1bd9ac0a5lzdfh,0,0.07069772845326511
7,d5b75c812d172da1ecb3164a1cfb7527688gb,0,0.0019595335898131136
7,7ec5c7e2317a9b68e861060531588f76fpldj,0,0.11026169307486901
7,1c61726e316d5a16aaa80b429080c534u43s0,0,0.0012927059402828888
7,445eea09a6299164f60dd11f23276b44rkt8q,0,0.011491006944060776
7,5e3747785e44d85a41a74470c051e946x01dp,0,0.03889394248521128
7,2cbacd5b066b7dff7e0a87e1ef00e0b4zpqzw,0,0.032149832166567784
7,28a0d5539562290a1a2f63d5b7230db090ys3,0,0.03675668760978882
7,20f206d2656116bed8dd46d5b70dac81lbgfk,0,0.0013846453728886825
7,96982cc1eefd6f526b512755151227c3h2w3l,0,0.010539078940633701
7,6d033ec559ea79a8ffb90d80e0b24e93j82av,0,0.22919746722918816
7,8a7710ee3c886df8ca78c88120603cf6taql6,0,0.0012132839614273363
7,8bce581a91921adaa5fc20e627cd7b94l6cp6,0,0.001648159416377929
7,bb43fc12fbb0fd2b2536e4033ababf59exffy,0,0.03646209905158345
7,9a44bfde11a7b6ade17cd33a2b5102fcnlhm7,0,0.007777053293368091
7,340d7ea497f16bdb912ec5c6ce467f71kk7hy,1,0.10778186620802069
7,e8b82b8640ecdd154eebe6b36ec63f0bdwhc4,0,0.006411961989234354
7,0b3d5f829d18ba30d967fceecb58821c3oeqa,0,0.02246087426455348
7,14fe3602f049d4574cdbdef13789647dsgtqy,0,0.05104366324528634
7,63424f85cf53557fdb5dfc6a280af75epl45b,0,0.001589881849334814
7,d4db72f36e6ad1668dbc0bf4f0e1c49bn12a2,0,0.01090613067919178
7,5e5d3410ca3605694b3c75b2274efd44c9vru,0,0.0010948796816793187
7,cf1f2b6f29840e1ecbb31d18fb128c38bseas,0,0.9929303121123846
7,8df5d645ed4040b857c121a4459b7976n5u3b,0,0.09102765272696829
7,069d020584a0e8c61e622321d4c43881j7pl3,0,0.0013665726958486807
7,cb705744a588c18087921e74e68cfa10oev6i,0,0.05119547904309793
7,820dc943d26965d377be315497837bba5iz67,0,0.0013130976624305805
7,6b531ceeec5892121e04dcc6f89b10a70yqoq,0,0.593962880645638
7,a4475cf8808f8951dd5163ded3ee8032g9vxd,0,0.005454089451190169
7,936a335eab4643c3529968a4d9b0c380esi7q,0,0.0015919049509840449
7,4483201dee43b51f338c0efd3b13bb895tric,0,0.000997724346092215
7,e241b80fc1b431397ba6c70f2fb8ccb72wbra,0,0.0015739767194081823
7,683833b860c003e6c31c521c9cdb49a1kr6b4,0,0.01090613067919178
7,ecce760edfc6ec5cd5ddc7037c514dc3zod4i,0,0.001903772538327888
7,a6f994251abda6687ada2e9de52bddb5cisa7,0,0.002217292838863597
7,8473148f069a890b7323fe8316861a71qoxv1,0,0.0021693815631225665
7,6e8cd4699eedf0075cf5662e1fff3a857bycf,0,0.001348125106671464
7,97db2350652f8d01237fc4c59a470eb81h9gs,0,0.004991800523618846
7,97268eb2ac171298eb03ecc6445d6879wk3pu,0,0.0013948945020382769
7,197e90906939267ace2422e78e8e83889znqp,0,0.04082875177270361
7,227bc0936837200d0aaeb444ab8d5f1axs8zr,0,0.003264201251028344
7,b2968116361fd43589bde8eca72c5767o71qc,0,0.005344528210396437
7,d9d24106ae1ff4f5bc4ec3caf29d7bd2c2f5o,0,0.0028309651166483086
7,9dd7e7ef94a7bc5bc9f98c42099910e7o76qh,0,0.0018191539296799747
7,e8291466de91b0eb4e1515143c7f74dexy2yr,0,0.49817877122192517
7,aa75d58c3e1207618d47c72ffb19c872bolg8,0,0.014202483564354697
7,3714da7069a5205137cacf89ab3a136ffx2u2,1,0.2770100011666046
7,8ab98c1e6cbfb902af4e02050a886396a40bg,0,0.001290648070935611
7,13c4c826516304555e291d3d91c108b3ytpmj,0,0.0012702159071172026
7,460e932b11a1529d78246317757899ccfaxng,0,0.005759498573966011
7,d9dfeadc7e0e844ffea3cfc706daae5dt2hhg,0,0.007640097051124915
7,2dc309478d30d440e75c932b1f13a8fai2p2e,0,0.002377357142536063
7,76ed824b414b5e690ff82e7cd2f5be52256my,0,0.09322904312964474
7,078e06b3288cf8f18ab7ed44b245fc56nbyfv,0,0.04043340746297759
7,46f1d7df0a8ffcc10c3de0dad8979cabgr9ig,0,0.0016934881824892773
7,ce7d34398a6d6011bcd96ff0aa82b6674hxzl,0,0.0012978366489814087
7,0f3ee77a46dd5a09ad20b7c3e54ec614sbpvb,1,0.02894820897883801
7,0f33df2513a519a35c8b3dcf1d7c7416jjjzk,0,0.42786404254456667
7,de4388600d997803223748e48bfc7b16ggyrh,0,0.0011901041045537977
7,91b8febfd1f556c06838992814e7653cr119e,0,0.003078705752120105
7,7a0b445f462d05606bf6ea07e2ab96ec1a4kx,0,0.002625023508636608
7,3144ea2711bef53de88d89d71acd16c5q0bzh,0,0.003461377788021445
7,3ef2325f8b68e1c030547a2a54ea6b98zwa2w,0,0.01090613067919178
7,f3d3c913b225bc6cdb98c60f0936f7cbj8k3a,0,0.003552574972245686
7,3dbb502d9d6f89b26f62cc804df54dcandhp0,0,0.06047902199185779
7,17dbe14676cd3a3cb8a7edb438622f7fv2scv,0,0.01657383614550927
7,5c32e357936f8977277d9b23d8f09f34v41wt,0,0.001240846613486564
7,96dccfc370343f6871dc478d5b2fc3ffx95d3,0,0.02208947181382152
7,da00b16633eb706fb11d55868120cdd9so58j,0,0.03852220456442755
7,c910efe1f135b08acc32b2db162362033olvv,0,0.0019235812933712387
7,44bfa21b7d497f097a594c8861d4f8d4w5e97,1,0.8856776620902812
7,a25f4c6838b83e0fcba372300c23c2537k5eq,0,0.002943471002184957
7,6e29de28296a57f039026ffc6df9145cxo2n0,0,0.07436540994094472
7,07012e0507b4281d430b93ddcd96cae66und7,0,0.001329585585831482
7,6b28baf315d41017844e15d645bb2c05ybt3b,0,0.011475911069612757
7,1fcca45fdd3d1d3638821f41e032f170en3h7,0,0.001150709396303157
7,b8da3e0dc73d1f453ecbe6ee4d4e8791pr8az,0,0.0013922082997573156
7,6d1354e720cb9ec90e19e29f5f895669qh6g6,0,0.01090613067919178
7,8fd35d215ab6530c2ef096c87233cbc93juwy,0,0.001779488017067182
7,25331706aa2157419da068e93f3989feyo7a0,0,0.05967114795021674
7,79cdbe82ec79d0e60f1b113d9a5bc5b4ar8bk,0,0.0018434952853823778
7,17e4d6d9a1f8ec00cec1d4fe79b059bd51476,0,0.01013365604572104
7,170a58cf637c08f0818ebdbfddca29c9irkxj,0,0.0013634995775124814
7,2f9ea407ba48ae05f98fdf634995d936xefau,0,0.5873223227105042
7,4641b5a43c7a2496ef93af2ca590d2c94s20x,0,0.0017916254719401617
7,f5b2bbad20d1d7ded3ed960393bec0f40u6hn,0,0.026137733193515193
7,8bc2a424939c50eaf4a652e253421b0f9b0y9,0,0.11218931565670018
7,83dbbc6c5c7ed95048ffa9427d807692339oi,0,0.14357101783934947
7,5cdd665a22747394620c17b7753947b0xgzhw,0,0.009196188161103363
7,0e373556d3bf588a1bb2ca6354120cf2dmvjs,0,0.0013694220010882897
7,21f5b103136104e4947e293983dbaa5b4tder,0,0.43432600954631767
7,98c12418158dfb9494af01308ac2d0588gfw2,0,0.01961930399572945
7,7ba17b1eb362ef91a99a6f021b3f2b63uyo76,0,0.048116963502411146
7,5f529b5ee68b60482c5d0c56ee91f3c2cjrmx,1,0.9798758519153357
7,c36fad0b52a6be6ec32cc5530c0a2aednea6k,0,0.024169887277107335
7,20d31f20169e8612fe13818891f88a83r66gm,0,0.02412171282286298
7,bbf1dcd2f0100fa90e4a8544b90e35846p5y0,0,0.002307069435664941
7,c99b1edcfc7f0c751b68fb310d34b75ei6j82,0,0.002077778673345038
7,042780ee9a3730703e35340c575c3cbb7zjwk,0,0.05707652272109302
7,f416aeaaafcbb66aabb77347776db008qw96o,0,0.3509960170520674
7,e18ddfca4efb99a785c68ede9ef773ea8sfmz,0,0.01090613067919178
7,f29896e71c8077db28617a03c0f14e7570emg,0,0.002220900665060283
7,b28e6a39ef0cdda29c5e350e048c3a813idk1,0,0.01090613067919178
7,75613637a85df9328b743d33b0efbf1586qow,0,0.0039287680986732415
7,f1e57f96a91c185a7ea716c2481cabecpi3ia,0,0.0018704993721938073
7,28763f241cf0483ca1dd3aa1bbcbfc37xntso,0,0.01090613067919178
7,70db4530c292bc759238b8306ff4ebb6n4l6t,0,0.0017918494630272553
7,b1ae4691fefd3d09d74096ec4caaa6d1v6tbw,0,0.0013227270880338598
7,7bb58b7875a093cbe7c5d487a825b730mjcw8,1,0.9931003939773801
7,d927c987f8a4ba2dc4f38dadc0831100tt94p,0,0.0016007859455851327
7,802a819acf0601b43fe5426cb48ac0bbqwfu8,0,0.9494404216883577
7,f895a8d9d7974b3ee7f1f04a25a950e9v63ps,0,0.0021511693173891853
7,2a73f10b3b8f2b825e220ba0a1d2c49f9nikz,0,0.0017811675497198753
7,f7b25abd850df9b0e0b305c6810e1ec3qbtaf,0,0.0034470905013074702
7,c1c22607e7899ada525b74e757d248ac2b8ac,0,0.01090613067919178
7,cdf1fdd424a11dde166c4bf069d6998eph7b1,0,0.35834027167745447
7,fcda141af3b545332fc3b2d55a8bba74uw7s0,0,0.0027641975203540796
7,458c8c4e10e5c1b29e3fbe5ee56d46e8y3fb3,1,0.9738551466065103
7,120c8b384858420c4e46e354c86f4ca393w0i,0,0.04728950940289523
7,022ac3a7ce986049d9a4bede83ccf9ddctvg6,1,0.9852439588125496
7,205a011640002932a7bedbb93d81b68b8m93b,0,0.001774061904566069
7,29e08b4d18198fe9265772fba3a4f6c4mj1rw,0,0.0015802513308152974
7,8f6605a649ae41fe950a6bf579452464d9lmc,0,0.01640621487045849
7,0589cf78c4bece729f0ac620557210e13no3n,0,0.0014268902187777974
7,17a321c4a0d925ca80507effa52330ac5n5r7,1,0.005704314578033592
7,3e602dff2e3bbe7a52236df2294c9e059fc2l,0,0.0013899019645453906
7,df12e679581fb2054907dae75c9c78ee9kzzv,0,0.004926476864505189
7,d1200a75b6c05584f4f902e74d3dead76cj15,0,0.001732275658537017
7,efa1611e96c3238913333b8525c6a196rvy38,0,0.0014705130177067466
7,aaa686462ebb950550fc1c6136ffb273vkrc5,1,0.007684702834647068
7,f6485cac867e1e7d2d991838551b4c4bfnarv,0,0.006194872476197614
7,9744d8ea513490911a671959c4a530d81fj5e,0,0.02484552294885618
7,369515b3af4f8ca582f90271d30b14b6r52aw,0,0.0073992982936050096
7,c806dbb2decba0ed3c4ff5e2e60a74c2wjvbl,0,0.0009473131211280788
7,0381a69b7a061e9ace2798fd48f1f537mgq57,0,0.01090613067919178
8,57db69e32163f3e486dc6ef7d615aa12usje6,0,0.06034128171760445
8,585e7c21b80baf2225224fe140cdb1a73ddrf,0,0.06982265643791662
8,6e4d22dbabcf2eaae5689c7d155e1c1fev15l,0,0.0030281859178605975
8,b37b352197594dae96bb9219bf59d656oz79f,0,0.005562100437515233
8,11a38554244f3c14de043aaf52345c35jjqvo,0,0.327500553351148
8,322addd5687d99bf69306148e12f87dc5jbsh,0,0.014163118719008256
8,0d0b3d6dc27d0f8eed70971f8c6bec1bdrs0f,0,0.013878950819656757
8,975dd5178d34453c1c3c8edc47cf44274uv5s,0,0.04346759566834902
8,927c5e145de79f9ee2ada0ddc054b4e9hc3qj,0,0.14562817938337175
8,2307bb06855a6fe75ab56ee6b4a3860835di5,0,0.02820757608636197
8,dadbcec8b02ac75c5935f419b318ceca1wwjw,0,0.018648969284582716
8,96b90af2d3eea4d3b2bc725e1c92e212qu52g,1,0.7970136535641136
8,da6e2a5651b4f44fa3cff41cf9731ff8qc8fl,0,0.06958229903606371
8,001068c415025a009fee375a12cff4fcnht8y,0,0.045981852140564265
8,cab0d4e41ea81636de3bd3a1800d8da8x4yca,0,0.009623356061929307
8,0cca10034c58287ee6fbec14a3f96c3546sdh,0,0.006161033581491865
8,20cb327bff59dc8f4fe1ac68a30f02eb6jrq6,0,0.0029873096058526567
8,3073231f45ca50ad6830d4dc7261f283iwjjm,0,0.0028516337880834445
8,47e0637718480102d235233c83661a7850foh,0,0.013758889629068568
8,226017dcd6506ce20886540ff734210d8hib1,0,0.009022691228151957
8,9653f425ed82418570fbca890f7032b16sjjd,0,0.0045663276272706775
8,671fb1e314a1f480ba9ad9b5a1cf6a91w1k2f,0,0.012888733479829178
8,5106dcca581b63cf2226110a9048ee4846sxb,0,0.7276066548984664
8,91d9b706f63537c5fc0027c50b0e3b06qpdgz,0,0.01181086504079285
8,ca76df527977e5168e1b3352cfab2ed9htipb,0,0.005193347886821554
8,19353c42feb91a216885fe012efdfb11s2iu8,0,0.0040338887876279995
8,fdd836950d203286832a21b930b9f6b58ch7s,0,0.06146501396839392
8,c7d335bf99b9c71fb22797ecbd78b92ashv4h,0,0.05450943531060105
8,88103add66b7113729a9ca82540684c9il94h,0,0.02905047841775103
8,5948bcd0f773286ff7d5cde332c7ae6918jt6,0,0.06629231080529865
8,d6ebcf2149c311d221b233b268870b3d5gfe2,0,0.003292956886512796
8,dd055846eb553ab8e953b084f2048d53bdqec,0,0.8417774260955034
8,6a76d66f035914f93ebc725a0998b399r4gdq,0,0.0038144736596153047
8,2736ee274114e9440463bde9fbffacaa5xky5,0,0.018373620155807523
8,d6d68e218a6cafa246ed31185b09e1e1fsu8x,0,0.012179986656732157
8,929b75b44585b34d2b917ec181ecbcf298fr8,0,0.4183488434625867
8,e3ea1d5464543a1ef3a9b60394fc4ab6i1jk3,0,0.01266841201936547
8,eebfd257525e52b67969ae9d8760afff12j3d,0,0.005873627949752185
8,7339b024b285f99084bcca768cce5c7e0h2op,0,0.08778569465452343
8,024937af9ea18a2b57e4f08762d181f7s8a3z,0,0.018373620155807523
8,0565a780f2c5b46837bbe9739ef15ea92fdu0,0,0.04086010228386691
8,42c407eb70ddacdcd59d63f22caaafc4fa0p2,1,0.8492000932163709
8,e18e3d0fbfba81cedcae619dfa977875p10ta,0,0.0051378280353447355
8,96b1df591dbbf3a002578574671d9ff1rmzev,0,0.004893102914423792
8,4376fc192e83a1a5d7a83085369916e8rr035,0,0.0049700492385255975
8,e7a98dc8545eb429007cb48799a40a2dc9p6o,0,0.4192496735736001
8,f876e3be4038da62f49234ee498feb732gdcl,0,0.003009929883761302
8,ee052a24cd3164af9d08fe77bd6b79dfrbelk,0,0.004770351318133498
8,76218e14c379c12d599dae9e1c00b61a3i5b2,0,0.057476108563956935
8,e0824707d4a78230ae54209a920bc3e3pzdpp,0,0.013162353404221082
8,33a7a0121e28cca4e42494dd0f5aa03fdhlm1,0,0.0019330789779100747
8,cf456f3c8c409ec4060142acfdabb5bbqpx7q,0,0.0105109371181372
8,db88530db963dab43118aef5aba127ec29abp,0,0.04790708866097972
8,bb790a228de797253bf6afa43ee52eba1s2dx,0,0.07167706061884775
8,c2d1b8c1b7a9c8010f5b215e8aadb1d7gahpp,0,0.09094730679461745
8,055282b75717345ba6f53d40e9e6d6c56qrzp,0,0.009716817365323234
8,187636e527504df29bf42d4a2b7767e54bgv7,0,0.004893102914423792
8,fb5a19240e36ae12aaccc1e9d9231144l32hv,0,0.026103287205681995
8,1e1c9332e90c1cb0f01da223bc043c528cvwo,0,0.002667253213635076
8,a0660fe8a46b9cb6b02e7b0c50eef6a905vt6,1,0.4091039947800342
8,0b450f2827ec670da34be66ec2a520213xcuk,0,0.0035410496149072064
8,44c75302aa4404e23781f8337cddf6ed5tqun,0,0.1425125608628358
8,c755d2832026bc2a6f5d2d6df5740f06mr3nj,0,0.004859568655191777
8,7f4e84da8ed11f4ea3a2d276f49949b7o31us,0,0.0031162716187723093
8,22401c4dc0cb1e5d52da01ebb8b2839cdoauo,0,0.005896696650909974
8,55b39a51c925bfb42fb812ebc5fe318emsjjf,1,0.5458499236976456
8,e5f43783127506211df8c6290c2ecadbyr779,0,0.16977202348513692
8,ca391c857d7aa75a72e2d7c3133e0d6ay9pil,0,0.02692435413360387
8,786fd201d9c952bc3453d4b3a6fa64046d8wb,0,0.006262425354715272
8,7fab82fa5eaea6a44eb743bc4bf356b3tarle,1,0.018648969284582716
8,dcd54d7afa6820e3f00e1c9e83aecc7b4f3lw,0,0.3620590814137693
8,3106ad6371a3b740e2af90635a4ad966zeu1u,0,0.005498341708203904
8,65659f3fbf6207c570c4bb8ac64772e9umh95,0,0.027670210381407368
8,c4b598fcb343bdd2cf826fc7541500e40xtte,0,0.06958229903606371
8,35a89119272ca55d7f602689616b58c3pebir,0,0.003464651925895752
8,b42ef139c2dfbff8356e8886d2b109e06riso,0,0.0041608954659216315
8,b970a53727b2bfaf02079779c846a52fj3f0q,0,0.002020667261553451
8,ae45f9b94d86f931c84c94f3975e3d7bkv2r0,0,0.015328432020813042
8,11b1859aaf7fa93818baa76007cf7207d8uwy,0,0.0043727496990196195
8,eefb0b863345336dce70312ff0f8faeb9qksv,0,0.0042829200744232175
8,d1f000f475c502ecd2e993c52987e63ed3k7n,0,0.20578023251274025
8,3961434cea4339f0049798fab2bc73aekuxjv,0,0.004256187656395578
8,8b809e18804865ff2a2e799c9a5e8a48mtxdh,0,0.22022283160989284
8,6b9a3d480add21788772e118e6d51ed57e3w9,0,0.007820700121595981
8,644e284380171fa793695a91b6a12c28jcwku,0,0.020475878943747375
8,85371e59ea43c33c7e481ba3c214e893ail7f,0,0.003114257326523505
8,eacfdb47b3daccebd9f16779c5542fe5eytoc,0,0.005888238141068925
8,20d08c7edbcb4b4ac0214b664ca5bb9cprntj,0,0.004695773964788304
8,fbca8e44d824faa1fa6b99325758ff19vi94a,0,0.21729264020156924
8,0353aa9e97bd46119c90b8892f99982esfem3,0,0.007769620060820523
8,392d936106b75256632c9dc83c4f1a169bke9,0,0.0051200872356391616
8,2a4654987b59646a120ac74301339afc4eylt,0,0.01864794983097088
8,e69dc706f159ef6e26df0d88388bc5edlymly,0,0.003793817563664021
8,7f603f668968facebb0567015ad4c201kikrh,0,0.0033264502442585946
8,14f226ef57ed64d8e14c8b5ae929143cgq3em,0,0.006813496929168845
8,b1bc9ff2b98df742affda07c5977c7345dpm5,0,0.003384321125032619
8,56cfe8b0d574e1df3f823c2cf32226eff52uw,0,0.006452941439081263
8,c9fbbfcc89730e961499b4b30ffc4a98umxko,0,0.014882527235745279
8,a60101895443bfa5d4485b9c2c3e1b68t5ppq,0,0.00726962951531549
8,0870fb7e5701f3ba56762b03e157afdc1yw7u,0,0.8883551676740399
8,84bd02dc56fb7c3402426ef7e8e166e2ptwo6,0,0.0484204422797707
8,679d60378d42ca9d3b8a28073fe14fc7bv4jh,0,0.0500949620360375
8,b1729d5905e896a8411f81bb65d66343ladls,0,0.0029831363151298354
8,45c3a73b88760d4390f42ea4fae97d84la5wh,0,0.003198755249873809
8,2794512e8edad5f99d28c33c7560fccb9zl8i,0,0.018648969284582716
8,2d6a70a8341ea0fbe4c8537ffbce919etg4x0,0,0.01864794983097088
8,88bf2c0f5460e28deb5eca2ef8e5e809ol5ru,0,0.004820121147090945
8,b4550ab1da3a3ed6e4a206c9ef78d496q23hb,0,0.19594119095930707
8,1b268ea4fe034638a92d683b94bcb330vee4w,0,0.0031675527535125958
8,b0164d9a18a3cdf6082e96f9708040690qcqf,0,0.18320971335078848
8,1e0b1a6ea8d307cb61e221723534c4dclf9w1,0,0.05074778209768877
8,9e9270c06937bfa13f5b29e737c3438fcocyn,0,0.0033281117175165526
8,7a71e329f3f2da98a3f82e7bfcb705a0t5822,0,0.04649707816658367
8,69b32dd82f265a04826106d17e2bac9ao9fu8,0,0.006577702843841981
8,e0a87bc26e13c599894d7a5103fdca786tfat,0,0.030117758745476713
8,9f7e3e648ea8e6815c6e7caf59412e843iqbz,0,0.010482594025789889
8,8ea020a1fdccfd726f74ed7e90dc3400zy9iy,0,0.004036361606156568
8,4073de52fb5c46376dc3cac6b2f2cecdxyqjg,0,0.0029446208346110966
8,b77312a06d10e22e3caca85fc7fe0342b2adf,0,0.027670210381407368
8,676ad0665c9bf74329ddc1f70ea48c16stnux,0,0.0030034734911108243
8,c6a49cf5944626b45425712f9e19e91d2nyh7,1,0.9587124479694505
8,7c965df16147f68263573764dd257a7bxqmpt,0,0.0024799169904304924
8,1dead8a9cc54fdcf7a7c16dc6e06a3bbusgcu,0,0.008177613564048327
8,2d113999234e06201c0940286d405453wqjsw,0,0.009524687239289705
8,6c0212679f2439c4113386b2c6ef513e8wr8p,0,0.9519666468501952
8,6713e820273f591bdff7d26a48ee30c5k4iii,0,0.19671645913768354
8,0fa357965f89388d8e7eb8cbc3b85c6bnnro4,0,0.012776894518385038
8,b7e16fd4fd9ff04b7d741b70730b7b6b1aw84,0,0.11486311243814282
8,cf4eb0f68d47e6d4b92befd0b8fff39a098cd,0,0.0074074763998224005
8,a283eb484c3245e5b12b18daccc075e9g9xk4,0,0.07309708018287683
8,e2554dc14d54c3b7be85c59dbc1425f77qv4a,0,0.018373620155807523
8,fba0c76970a464cfa9c043c906442f0eg53a2,0,0.027670210381407368
8,f8c42ccd10c3fe515e53082f0cde9a18oxgws,0,0.2843284247308743
8,e2a61feee7f94b49d7de1ac6efb237c0fjt1z,0,0.006027477432558298
8,1717f6d4c48ae8d3e5f2566d4bb525f854j6d,0,0.00493373503517269
8,284cd72e028fe176f935114521ee998c5jsko,0,0.0030608397229365705
8,1e050a096927d5b34f4a85d3af28d30eybsaz,0,0.010038003604810301
8,655b88e646b94d0adb9e15e9f3b9c9a4lvcrz,0,0.04632516563671639
8,33189c09ca7067834fd25a54920f82d4nd7a4,1,0.9871974925102163
8,48044b1b1f47f168864bc7c4a58a65ecmt187,0,0.0066133939426413395
8,f05dfdaa2f67b190f3a79a5a2d5daf9coikow,0,0.01864794983097088
8,9f60e1593604631e10ad2677c51055c6mv205,0,0.005207423998151907
8,3d48d4b09fc7559bb6c129fb65c133808brgv,0,0.16042266489431864
8,4f07602a713c192a941204b27e2abcf1srnke,0,0.004888726181909854
8,916aedb8fd708e100318969dfe57a4639hexd,0,0.04289992891630524
8,a4630d8b78c796441a1be187f6907b11c5eu0,0,0.004531341104830659
8,d2fc5291537a61882065e571c21e796975uy0,0,0.004702951594619937
8,c7ce5ac2fe5f03458fab59c78b19bf7c9wzf7,0,0.05638546427338205
8,e429d13bc2c7acc82d8d68fa020546c38v82z,0,0.004503819890949428
8,e4264fc4dcd5f917ceb002d860441370s054e,0,0.004552088978560522
8,25b58d1533e04571bbc674dab28973f8hha3w,0,0.005119446791958579
8,14b2d98230228eab6a6db3efc41660d7kp23s,0,0.003450324516487553
8,c72012c8072e2441b3ba8173205cd298cde8a,1,0.16836470362217057
8,5920a92dc2b65e257061017a04eb5361tpa9b,1,0.9391705624012132
8,173991472d4ee18932f8514b9d4a9dba7rjqa,0,0.006962524072601711
8,f19531503f1485a3014189a80971c6fb0d9fu,0,0.014924542087910483
8,5b1bc916ca111874eda3bbe669957cb1d3mck,0,0.0038002672329455686
8,13dfda714fb516e1f9f7abb0c927bdc2zmw55,0,0.01864794983097088
8,23af639c0bd57bfe9bcf3b16973d58b7666fe,0,0.007832549178466201
8,5830a96593aff3e951919578f7374f09pqyc0,1,0.9395713498445756
8,c8d3fc73c1a41bf92a5e4982eb6cf78du8gg5,0,0.0032486461101866415
8,ccc371d7848a80bc31941248b9f49b95hn694,0,0.005582787599413892
8,213a7fb31eef8b38a23ad6b0bf2c7fd0dx3vk,0,0.0034555972608095445
8,511a640e38bf03022300f5503cceb2cd3f361,0,0.01424637252919576
8,bd29e36cbb063cbb96ece76680ffd9121dy90,0,0.0037987523227543253
8,d2fe98eb0fa21252956184a98138c58dwp1ah,0,0.003520536700238069
8,5c2b3f221cdf303df86ff1ffd7106fcco6pml,0,0.059321672266157664
8,ef89b74b58c49c1a321d3d7ce061d151k51xm,0,0.7276066548984664
8,339b8ca3185dcaffbc3ebdfd960020e8es0as,0,0.005430095151604976
8,c9e1e860e39bb7d4dbf3c91c5d6c36c2dv4tp,0,0.07309708018287683
8,4d6580da346435dff2503c55ee5e0cf8wbkb3,0,0.9743828521701837
8,5720c8d7bc15b94037cd75ff9496a35evugeo,0,0.8588585384874413
8,69e97e52dd6428671f46f2ab6567172d8mfar,0,0.030117758745476713
8,8ebc5b544d62622e45e1ee22a56265e0xwwsb,0,0.0203780134548432
8,613fe9b896ce3801e40212b3c8a8053c1e8nj,0,0.005336110342067291
8,d9a813646e8fae954898c1279196f5493gqzc,0,0.0032975345489048642
8,84c7bbdc12233f88f35c2c3b8f178803ta03m,0,0.005541599356314683
8,2fc0efdb6ff10d51e3a4d979ee52cf07p4068,0,0.04468524117409139
8,1dec9ee102b29905e2f59a52fb7429826e8b4,0,0.07309708018287683
8,877d96d9abeb73e437a8ebd74abbbf45p8s80,0,0.005116201975210353
8,4444bfb455b90711234e0c25345abbaddrt0x,0,0.004893102914423792
8,693085cbb28f505f03b025dac8681a3bvfot8,0,0.20978553273845413
8,67616fd2a1de5c46e32041354efa88ceahbhq,0,0.6066445321164194
8,3ee7de4c5a5e31b7b407827ae1370f70suenu,0,0.0025525113546337646
8,4dbc8d336dbe0241c9bbb0f3630f25059yo43,0,0.042310917787955295
8,8bbb16c0a1bb808389051c875ebab1cea0v56,0,0.006811382241985258
8,497ef6187e03fd9d4387ac436461a40f982dq,0,0.003964570633721519
8,36f52ad1abfd307b73c9b69cd5197dddmmxgr,0,0.005022890266589519
8,74ae4f7b1692dc42622696303d9d4d763vksg,0,0.003221788880528498
8,aee383561c0019dc01552bfa5263af8etbuc7,0,0.014793575561695768
8,9375e98d0810ce9119ccf45300249636zfpd9,0,0.0036676314883864088
8,c963c2dcbeeb0b7051bd3a6a87483ce6i98xx,0,0.008480141592160989
8,92ce3c44edd41ad3222481daac1ead35bouwj,0,0.0033264502442585946
8,e2165ff862178c7b2946f7f62f5a3e51wcvaw,0,0.0697761109436516
8,9685887173cc2e1e5ee3993832a4b153bfl9m,0,0.0092375708221701
8,292dedb5371b8e0ebbeea57f14b35713e2ie2,0,0.005589808276798606
8,5a823474f9fdaa129dea9fa690d51b62rgm7q,0,0.005657669285532129
8,6ed39d7c89fa2d423017cc9811f0c469i2157,0,0.01106636039063176
8,d92c8c2d4c29d4c785431a8b34ea135awepbr,0,0.0029441994708192133
8,fdad47d27b793b74470086c35333d4fepycsl,0,0.0026749266586125766
8,e22850afda081aba360cc18e2a9021caqjjov,0,0.005662293031713453
8,30c3c92cc9408f55cfa895ff8a505930a3yy1,0,0.005558800644458562
8,764234598477e02cbf8a43983fd43850l1c8f,0,0.004151668980098264
8,f9753e9fd6e25e0a1ae176ab95c31146iaqnv,0,0.004499281001903799
8,83aa7c2c8c018888d9ebc6daf63bddb6f2i0d,0,0.0033698087138962296
8,85d020b5f3d99d1272efa0a0d34c56a5dtvxb,0,0.008606953036996464
8,ed4802c318a7e04a5703ed115fe4f3a3kkugq,0,0.016635912564021048
8,6679d668a393f336ba9d1cb6a154e03aifmkr,0,0.003042276162807245
8,58f590a56f480589646d255d570b0877zcjw1,0,0.010257018787791873
8,b853c1e4d6a4657d35705772ca6cfdc3qtox5,0,0.01864794983097088
8,dcc5a79317a22bd0f6dca1f60fc866a8bei1d,0,0.7276066548984664
8,c1d14f4355b7d3ef80f02628e5ef1d56u2510,0,0.01864794983097088
8,86e698821a8aada613bfca1356d8cb7dopnv8,0,0.003873245950152763
8,424aed9d807cfe0b2167cfdaa4957fc0heell,0,0.00897839804485734
8,96b7bb4238e7ebb439d81d63db4c2796aoofv,0,0.01217901506620536
8,a7bc17dfb615eacffe397be5b2c2f3a6r0bb9,0,0.008649033236060937
8,1aa485901ede7baf78ea116e297e9d7f9en6i,1,0.08206975344075121
8,c900620a019e78a3eee44109e4d1e1d2xd2gj,0,0.004239497648838751
8,d3e1891edac2851f6d34de566802cac8m8dn0,0,0.0075952281540977475
8,0825d381aa09d1d0c47c77c372f07acbe02ky,0,0.014124339698796328
8,510f33a3c0a290a0e43d2576d928a4abxieo3,0,0.03571320250901607
8,95af80db42edfce4e937550d60d79561punym,0,0.027670210381407368
8,977436b0a445fa555d537fbf1d4bff2e4z40h,0,0.004893102914423792
8,7a3378ad9999b1fde0a4562a9b036f038cdal,0,0.004893102914423792
8,c749a25f3a07304b959065d83bbfc5f75u1my,0,0.003377924809712575
8,26508777dcd84df59b467a60d9f18ca1pvvbs,0,0.0503205223167937
8,5bd35d55d367d7a21d98bf6a19fc0dc1e5j9p,0,0.0031400139481587794
8,a0d080012ab98513e39234e4545e93be17tt5,0,0.0025525113546337646
8,e268d06507859d78894a8f6e11995f48zls7t,1,0.9498319062980158
8,c5863a228287327c9980d12a632985da9vi29,0,0.1004008637072583
8,2e07d37dd022e72ab04da76f51edaa13qk5rv,0,0.0038097018413384724
8,eea79e1bfc21ff1b9572213e540e1252s5iuy,0,0.0020572355174093703
8,59cad1329d42bda3d678bae082bee7edgvt7q,0,0.005841138376726928
8,bb73823b1c3f577402c9aa9eabd1e412vp2xw,0,0.9312555900666808
8,a71f84e476d03bd0b25d45e44eeed9a8efehw,0,0.2863039704218652
8,d3f595832d80988c2016aeafd125d8f072r4h,0,0.008321639717492257
8,afb1d898d15663a9477870391cf39b697gso2,0,0.004807436408872113
8,ffc4e2dd2cc08249f299cab46ecbfacfobmr3,0,0.0037459033242205494
8,65996114740a63c9e0fde74bfb6725b1k9nuz,0,0.0027886270346357224
8,142a2545c5c01937b05ac6de9773f9efgx0eb,0,0.08028907324135014
8,781972f2af3af2abc492f9dbb0f6fceahnban,0,0.003647456483234951
8,98e6dd2906ef1f7c13284a309f6b160cb2ujz,0,0.008362929589595884
8,1dce9aaf9d6b9cba38f9c7489764fe30nlrq2,0,0.0040338887876279995
8,dbbf9d9b1d7fa110208f77a681008077plqng,0,0.001509213204108125
8,12df4a9cf4eb203909e6763960b79238cb0yg,0,0.00853701394838053
8,b86050461e88566061c796dbccb1f7e5at242,0,0.004590734055871327
8,fa64fdb8ad70e86efbfc31179e93e99egd27l,0,0.0833792305213605
8,30788b28de22d28938ecd7ed6795a8b022qm7,0,0.06958229903606371
8,bd85d0d7fbbfab49136c241bdbe119dbgkuna,0,0.003604254077051327
8,1ba9422d7a55aa5abc3ff37d1cafa9f2yds7i,0,0.03418645901858344
8,c6fcf1f7b824c864d492c4cd676cd702owsuv,0,0.015175977703054393
8,cd9a7b22d85c35845260cd61a4b65cb2meyel,0,0.0033300834548719124
8,58c2b44923882a8252963e78886adaefh7hnm,0,0.007093009721558424
8,233e09e861813cd087e8937f32a29bccs7b3l,0,0.004153740910344068
8,225716d7bdf8f90cb4a4b779c663cea5j9sqp,0,0.0031795123382362036
8,2b2ee7d0ebdf910833b5cb173c567881jt8sj,0,0.2205814483854469
8,92f8392be617527734a2f18482815af9ak8l3,0,0.052619676580396506
8,21114d057c297080f0f882420d2436b5mmukc,0,0.15988310882110363
8,74429c9ce8183e2b1b89600e6de4ceea5kn1t,0,0.023766496638034273
8,c34e1a988fb471e9eb8a5e84bb8ddf90k4hng,0,0.308172032768023
8,ca28bff4ab1f6e74bf08b92e16989e11vn2mf,0,0.004197995987715467
8,8a3f5e16e4e689897d872716efeeaa0904tyl,0,0.004135767953062633
8,9ab00034c9b00521ce121adb5dd4aa15tlhc4,0,0.0029512702712521624
8,2e463fe6bc1616f8392f82c138a6a436mbtjx,0,0.0026631034356054814
8,a961ba95d1685705953ace49a29424e2ld1ek,0,0.00638514991689044
8,c4709885ecca7b90dea4beb5dabd68aegk2pz,0,0.3326552293631227
8,f8e90361c36eb3f6fbd485748e731fb7w2ci4,0,0.0071560649712135455
8,2eb8a353db13e68388f544daa2e28359oenbs,0,0.5598246425426247
8,8cab09b069755eca2b4e7fd6f6981d7d8n88o,0,0.002842217056253197
8,7b22c9a323baf4a7bc7a3761e4a30bfajixmt,0,0.005590224677762381
8,3ecced86078287dbd2eac2cfac98367fbbelu,0,0.012213732066070293
8,041d869edcadf595b90e3b5248903183pn754,1,0.727148369518018
8,2366cd7cf3df530ef4fe40b36ffb936fyn3rh,0,0.011597786376209515
8,c41ea39b2e13b0fc9ccccc2546f924f1obd0w,0,0.005824548362827492
8,54957cfd12ec8c64918b6200ea25d27fsc9hx,0,0.004795732092320902
8,a3ef8289a92196b07e2e7371bb111e3aom07k,0,0.004892969880621635
8,0a9c5e1f261c937c09817ea2d5e949f34v8oe,0,0.012443846239885889
8,462df7ecf1d47980dea6a93d44fb408d4u2d5,0,0.02473279686391998
8,74487d5ffd5c34de4fecaf9dcb66f86b0wwa2,0,0.017583409297732798
8,2d2839fa92d1c8e94bdeb1fbb9e62149x6xc5,1,0.9395154332614142
8,1f2d607e5cc04e790e3961a6432d7c15hn4qb,0,0.010532140521957396
8,76f7e6c70f2b84d885b23e2b2831e113ueqo2,0,0.005884469775580396
8,f5ab013f90cb8890d33c6a309798204155q15,0,0.0025160443147545426
8,a8a81bb8a3a35572bd1f9922f5a31217pw41k,0,0.027670210381407368
8,ee2caa714a2175abb13eb6ef15196368cwc7c,0,0.004804139790211784
8,2993e59bbbd7d14bf4bc21e4d2a4f8eeb18d2,0,0.00974124936397642
8,c0e4be8d520c7bac2f51ad80a98876c2aan70,0,0.01864794983097088
8,031da7aea2d4b75ac8ecba4825bc1318yki1d,0,0.0050524040382979325
8,51cf4dc8898554aedd8572f97a95ef5cpi3ct,0,0.281874891932386
8,16e2e48cff6faab74e1f5c47669dfbbda7l5z,0,0.003320334392565421
8,67ab503313f60aaba89f64e2ce3b459fvyahu,0,0.06332807285823641
8,ca9e2287e98a718e20a8ed117dfcd699gxsp8,0,0.006036368909143908
8,5053e03863b6887308c8446cefeec429l94tg,0,0.6580367297012565
8,7ce3afe39ece9d672e9adcf3dcf2aa44a8r22,0,0.011827980477102016
8,8c09f4afd78059d9200cddc435f5c48ceph11,0,0.55044780971098
8,817f8074bad1c717afaa8d1696f9b2b00muzw,0,0.003009929883761302
8,8c412ae875b672f18073d643c74f9f0clzbyw,0,0.0022700043070115216
8,9655ccc7c0c193f1549475f02c54dce45kjw7,1,0.010241666575396456
8,6ab75792932fb1ea6fc74a18edb7888c2orvk,0,0.004680548273610478
8,8066d0a6ab30c52b3ddca5da19518b6188t23,0,0.005755524603797961
8,19b39b852ed4abf1ba5b095829e25b946aed1,1,0.2630647243563037
8,ac9bf3a07831666bde4fefb75c184adekbrl0,0,0.013512682078405804
8,5114111892d49b59415284dcf19ceebconhvq,0,0.025528105066367816
8,fae553f133602fba6e9e6051dfb27fefkruax,1,0.5998820796056814
8,8c939b6713b7881538cb05eca89cfb1cw1lhm,0,0.003594470278883242
8,7bb914fcdec49aa88c7310a3dda716aa9fb8t,0,0.00353370078493596
8,eaad20ae39d343daf76adc0b1a4984faumuzj,0,0.013552151700315176
8,31c840378b5c2e4469fd2e7f5a1e5a7d92k7u,0,0.0042494303599185206
8,4950352b0410495ef65a92b08b5be463c20yn,0,0.027670210381407368
8,ef415b2bbbb81ed33cec7242678975d5m5qk6,0,0.00503423893357273
8,737d19fdceb065359c77b81d27053c4e5quiq,0,0.042310917787955295
8,e50426efab1e9d60b8f7258130f8791czrpvg,0,0.029138668260995315
8,d42604c7cca8ec92839e92508f2a3e52ehz29,0,0.026762059184759504
8,b0014101fe1b510ea150c149145dbced3q3md,0,0.003694702267568587
8,c8b23d6565e11d874e221f41440ffd25mrucd,0,0.028557206754127342
8,e12177ff9c1a8413996f7b1a590980c82ofeo,1,0.5491972018265653
8,1982c4b164171180d480166feae881ecmxsgl,0,0.0025073072800502094
8,4cf9c56df4594860df56285e9293a7f7evfix,0,0.05814604556926517
8,af50d549e86276f034e52037722dd5aetouu2,0,0.0025974689633028215
8,8152c94b639be88e7076f0e32bd70e0eg004b,0,0.00517413492126171
8,23bdbb8575f191b71853bf78d09e11a1lhnfn,0,0.011305732470623475
8,fdf908d608a629d5ebde14819231878dojel8,0,0.009966614825936339
8,2106dd7866abbfb4e7c68067d7eb9bebflq5d,0,0.9398337284987153
8,9ca7afbb673865b01cd4b02846054fc1p3vjn,0,0.03407182415275714
8,6ebbb4e7c3fb4ba44a89bae997717924gm89u,0,0.0047853731901294425
8,24a32bf10c4a5d4d91c27da4710c869a0nqim,0,0.05570063282834625
8,ec6d3fbd8408ba43891370d4ffe41eabhnwbs,0,0.013983108168288693
8,b1863365ae232a316eb946ba56a29415m0gdz,1,0.41183572988041794
8,1275d8a6a3b2ae9d24b50997397c254cpuuzv,0,0.8969936730441347
8,ec96b5b27dc870c8f59ef11b7371b06eenaox,0,0.0022652009226680645
8,7f3516b1bd7e5571ab964ba0affe9302brn6q,0,0.002925956180049386
8,37ea72c53cc50112ced4f88810f1b38euoz4r,0,0.005219957073187767
8,cefd0ed907595de146c91e6c26b8ad658ilo9,0,0.009758969376407398
8,ae9e482a7f4a625a878c6ee0eb4dcd01dkm6d,0,0.005891052654007909
8,cf06ff5f520b14d1f9f1cf5a7ff34982bj4md,0,0.004266230988176532
8,53856dce9187b16f2cf5e4e58f5d0397h7tz6,0,0.025528105066367816
8,2c449b1bbbd5f8d9bcc1159b7bd3caa32jhtp,0,0.005174890549444692
8,76c85d6bf559bc0323bbe1639d233e88nxy36,0,0.141169992858385
8,43c76d050c9d2509d85c9dc2b1a1dba4zb3qt,0,0.046256152980198244
8,4731be79b5c7e894dabe5986e747b97bd6yxh,0,0.004256187656395578
8,9e1f21ee1888368e77b539083f4b94ddv8mrl,0,0.030025568278399507
8,4b72cbc9d9ef0238bb666feea6d79e718qry1,0,0.082735918156053
8,120beb4523541f769a2b658cbc41dd57w7im7,0,0.003108339402980042
8,bbd1d48ef4e8e7e3855938755275ad2b2le9g,0,0.013058850013334225
8,fa918060747386f431a511c862565e34y1pdw,0,0.0030773649322002766
8,24db47d284a08aaf119eb3e0c45eb646i46j5,0,0.017690854566527376
8,c2e1242ad5ea781923a08987d55365c69fii7,1,0.1213305968018657
8,34e965deb822f329ecad42b94e8ba0ba3dpt0,0,0.030440830911984636
8,e72d1b2319a2ef39d016c41e4824b68evxe53,0,0.006041812783107413
8,7114afc59caf2cbaf6ec1733922065f3uz34p,0,0.005352395867684703
8,6275d51c0324547faa8a87b499812268tl90r,0,0.010139153111048994
8,949689cced5d86578e6c8b664ea76d6aq6zxg,0,0.01888687240734889
8,916d2d806b772c9f227a9b3640e31469ljrxo,0,0.6099025093066085
8,53d9e7fa087a0dab6a472bfbfb694622jv072,0,0.0032473769965869386
8,90bb553b65144cafddc3f3d4a7783667a06ga,0,0.0030608397229365705
8,c128bfe7aba668d71126d51b32428c01tkq99,0,0.7134931379810673
8,f6a7e7b14d39804c7d15627e2fa384a1cq892,0,0.01888687240734889
8,c83ee624c46235430ad4338278f6d270wfzre,0,0.020404596170835846
8,b6a3aa8c0f2302fa35d7b809d9371deeypvyh,0,0.13244302260980217
8,ad590c59c30187b772258a059d532db42tf4d,0,0.08460464465422501
8,3d7bd741177a712ae0417bc4f4a37bcf9jo2a,0,0.05856042486049193
8,c41cd6791e262b44d26bdb3443fcfba97wlm3,0,0.3071563076395337
8,e588d3f7a141147e4f8dba29377144707vupo,0,0.00555274784586778
8,4de2f22ca840fce9ac653e4aa06d9b0cnhudf,0,0.010066604838581841
8,f4d69870de1e803fe00f8126e73a7e33zwcds,0,0.09808323534773507
8,417adcdcd7157e75c66469c07208af00qjnuo,0,0.062012070811905844
8,177b031b4a77f28ff167b427ca967b52jetgo,0,0.025528105066367816
8,4c46b1ea933d574a985776ed356312505nagr,0,0.02824365714492369
8,920540ac4168ed08a1e297395a68d718gsqdn,0,0.00705768045093729
8,ef65488c949595d7885525ccfab9100c6cmqb,0,0.2939912398153698
8,354d4abc23881a40b8f119225e0dbd09tk1u3,0,0.0031539285798076223
8,14c69cd7fbc8300876f287520c493fc8xe2o6,0,0.010202295305565748
8,c888cda1ef5931da0db90f6803cd0d368ay6r,0,0.04728610688589923
8,f28b5654b5633a0b5e3f757a16080116sjj1b,0,0.019048481947192948
8,37d71b4ae830fcfa6f0c4f65ec386414n8h5l,0,0.0032220858475977146
8,b4210edd4ec9bf872c7108fdb3c6aae9cjwz7,0,0.015562449053600174
8,771f6754997a1954eced81d46348b4762k475,0,0.2659741101677863
8,f473c995ca7b5287f9b2f079f0d78a1e92226,0,0.8019330924728049
8,1899fd76b484b9275854787a6b003b8a93js0,0,0.012789312671363602
8,b3dc6151c6813688d0423dbab13d3f19crw2w,0,0.004558497982288036
8,9d8a1ddb38499b3403a6a93395ef29bcrznni,0,0.006052445752740344
8,0a9d614009139236f198ddb4759a498cen5ix,0,0.005309071671745507
8,741b9948c8cf42d658676e5a46757815zstr4,0,0.0034477777388439057
8,b9cb81e5855add059728cf932f0624fefbi2t,0,0.01864794983097088
8,9f52fd88ba073512be19e3d24d4bb6f91l531,0,0.030916738665047183
8,55453d252a225f3b046c094a7aa330a80dr96,0,0.01864794983097088
8,bd6adbe79fcb843aeb97546947af1236kbg7p,0,0.008708086096824684
8,6b1666662837213ce77c329d8cb2a842epaeh,0,0.0027790542169593476
8,12fefd74d82d90541872847f199f6324cowi5,0,0.0041473622653879156
8,e29ae1bd8e6e7dfc9cb43b1572d3d55ca0hc1,0,0.0028549631608210304
8,7e34a26c4c339e875997f4b9239d2b5fscng4,0,0.4232454004640091
8,b08034d2d4fa400b457d4a59a2482e8enfhqw,0,0.00321283408346449
8,8b253bd318229b3eea3f459bd81b8347khytb,0,0.9656165981376228
8,0181b91f58e6cbaa832235e2879c9c00ovrzi,0,0.003362424733297836
8,03e884d3e7e3356608187d2345e4693fyt29x,0,0.004357644258485227
8,ad228143392ba96c21bf51499bac1c3b3kmzo,0,0.006765435422540283
8,9f2086ccb71acd84652f861517d4dff9du4y4,0,0.003287289998126492
8,18e751726fd7c407c41cb18c20da2c4er5z1r,0,0.004744825066736265
8,717a0a200628f9606d88afebaaeb409bv60y8,0,0.13229744867597923
8,3d575194dae5a2e2966abdf84d800a3bgbsd8,0,0.005664987706565777
8,d81579750b388276f2d8f6d80384f499n13l6,0,0.002690093466974158
8,b7e0afcd391a22444eaa566aa527eec0x2yv3,0,0.003671173278378061
9,1c5f4fc669099bfbfac515cd26997bd12ruaj,0,0.0022227960692909514
9,0a6ba32afe4756995db2f5cf2461cddbvj445,0,0.0032683903064548267
9,3f3a3705be5ea07b9ba7ee646ed756fbssuo7,0,0.0022571137144529194
9,25d75fd439571c1d9b946f5ec833786063vom,0,0.0025293528284993463
9,5354c02817e47f28e60e44a40ca5e48dll4sz,1,0.051216866244501696
9,d878560888b11447e73324a6e263fbd5iydo1,0,0.0038518642673079874
9,0b68888358a492884e3885bcd73ea63bhxidk,0,0.002315254757905685
9,c748f0d69cc89d5812c9fe3a6413bbb26351l,0,0.0022571137144529194
9,2c581ec91825362ab66a7ffa05df5e70hl3h3,0,0.019137601306919393
9,1476226300a93d22b15253ed7339429a7ijk0,0,0.013236063004172892
9,95fede5853bfffda8f50f6af494ff1d1hsgie,0,0.07866468947769274
9,9434778d2268f1fa2a8ede48c0cd05c097zey,1,0.3186614646419108
9,e1da7d96b83f16aa80cc254572cc154fcoudy,0,0.005320198857930265
9,f60edfe5177cab56896a9d6860995095cl1bb,0,0.0021952104474371134
9,fb92fc925c5df50f4da7874a7542cf2210z1f,0,0.007830816590219156
9,19815d9bcdc74c3ddfb9ff210c1739f3tup3i,0,0.004159343790759956
9,a3c2ba79963b637f15086e6255a46253lwpnb,0,0.0026136779232011783
9,85be8fd21f41bc3dee86597d272825726bp69,0,0.004764984528720066
9,59ae36080fae26bccbbc31a4505b6fb3v3zjy,0,0.0611457487007506
9,6394edfbd35aab54801518835e33ed50hcr5f,0,0.021173690541117805
9,87aa94042390f9267d3b7d90e42b022ek5mbu,0,0.0024000532022386556
9,cf33d05860b7f7d9af73c6091190b81ektz1j,0,0.024863077657331704
9,21580623ea81c5b0b82aaf74890218e5mio2z,0,0.14565661345147277
9,6531bde8d4decd9708ff4407ef95e887a26yi,0,0.01746291777112839
9,806a46eb814ec7a09bfffcf38b0763d344tc3,0,0.004614387036821823
9,f5a67722732675f6285b70b9f008665fq01bk,0,0.007465432931096529
9,758bd601d6700494300ec1647682eb34vq1zp,0,0.0037427024966502974
9,d0231e5200b870c055db7e3daae24bc8lt7at,0,0.0035630208656141113
9,03244a553a252dcc3a3037f0371c8d33fmpd1,0,0.0011658286051278773
9,915ccac760c7359a446100fd1a54bbf6oyrzf,0,0.08626994989351638
9,9baf61c813f1d4a09e3c70f6dc741f34voe3n,0,0.008766480633537351
9,024cf43497fd7381df6254888670f84bwbbam,0,0.006419520351121949
9,12d6239a92972a35bc990225b3ab33466znm8,0,0.002719206595426285
9,5960fc711b544e2617d0f76360b69e2afds2b,0,0.0053977934747249864
9,ae94687eaad6b410713db9106c42566axgn9n,0,0.012903811363780233
9,15972a431aed117840dfce5556242366c3fwq,1,0.9779886049263161
9,367edc726ba8e667973844395493559dtf2o3,0,0.00601589523893402
9,5b25a86acea5ff395bbd62399bb5cc9bb7h6i,0,0.005448061386352914
9,fc8e62e5fb69ba67265a3d0e3403aa3fr8c2q,0,0.17367955729253243
9,36b84c776aea2e008180dbc72393ed750zsbr,0,0.01746291777112839
9,68f092336430866db606f137c57c87e0hw7aq,0,0.006367297943459152
9,17eeec8676ad56bfead1a9406277f41cnev3n,0,0.3977031468191301
9,8126928a319468b6da5edce4097d2398xwita,0,0.005473813555638951
9,f80075873f7183a03b1b10ac3f740032v6w99,0,0.06145509763206871
9,85155ae64ccbde01b48fbf4b3f1b739exmqyu,0,0.002687465782703488
9,74fc24cafc7c5936d0422b8da306365byjv2b,0,0.002005944000726125
9,7f807b2eb6c391d55e67bcdf7e1cbb3fhylw0,0,0.010868944257196611
9,f186d292f4e83f70a92c97f92993f655ygqzw,0,0.0025178040702205414
9,e909515a6ae94a86027c717c4085954akbpt2,0,0.022299538501229194
9,4741959d26f99012b8a6a3e3954eae40hsy6j,0,0.01746291777112839
9,8b4071f3e2702b88481054081363bc15her3f,0,0.3013067619078896
9,f0c356e136831c41884b0732ae3198e0gcy8w,0,0.004443978338997517
9,cd856579a7c4850b60d8763520339449x0mqg,0,0.0011635225104643595
9,b5310019f2bbbd975c64dc11189191022k8tj,0,0.002444155446289501
9,01a39439e7afbdcfe385eedbddb23d76zgdrg,0,0.004810162906063515
9,3d8cccb637b990ec64d662d66ec059cfn1p3p,0,0.0018112525115374413
9,dfd5c9157a0a771f235c32f30aedbf84e2552,0,0.004522325746205723
9,354baa6c4764a5bde013ea3f7edc72552r3oa,0,0.032977288237995304
9,ac494ae5acf003f84ba46f5741618a8dn19qi,0,0.003995024326111393
9,245b584befa6a5b8c759491f5f3db580p2m5v,0,0.0023138233738774438
9,408f81a85f3b31f8cabedf6ccd381961pop72,0,0.0018763991450328182
9,64e802fa8e0c17ec2ba1b6425648b7cb7ndkn,0,0.026460422023354174
9,ead2ec4563ba25a9e9d417f1964b7504teqtp,0,0.1351434621666051
9,81a6dd18d43cb3b1999176eea563b438roe7y,0,0.00876086881054567
9,28aa6c505e308e49e586e25e1897ed2axjiy0,0,0.002287316723504841
9,5a2aa4e8c227de4db26547fdc1f017cbxb62j,0,0.0033337384440642504
9,037d9f10da403d8d5f94b6e2957a3702f6x07,0,0.8571845642276597
9,585b938fd44968d0d59fcac453cfb3b8p8nti,0,0.13359780307334998
9,9fada390b6c53ecb47e6f4eb4353e14f01xu0,0,0.003140654348135854
9,e959a3ae64e28a7d3b37934c0d826867o3sp6,0,0.0022714521398632414
9,3d94b376bae8dd60eea48ded36134a3962glw,0,0.0022571137144529194
9,7b93ccc9d5730b561ec5fa7f4bd48c04qudf1,0,0.24141472932352015
9,f0f21cd3d51b7a233988cb1c3c5df977zjqkj,0,0.00191835915889808
9,1680f758aecded6e25096b3a6199b38en6n73,0,0.0022671451262031893
9,a539fbaf8b29613ff0e4f3e5831aa7a5p2cva,0,0.07981713423631308
9,d9177cca9a1bfe3478cc4f11a0d57de2p8ahp,0,0.01746291777112839
9,1b0534afb7c02bb023bd4767ae73f17dqzqdu,0,0.049168263204227826
9,8c4b0d95ba36c0ba2a52f9043c62fccev75uu,0,0.001118035444949517
9,334714f005e994d46cf4d18093dd4d05fyxc8,1,0.13801548974459268
9,570910327f5584ea1ccba92634d89832lo1zc,0,0.01746291777112839
9,340bc29eeeb9b9d04eb1fb72a1a9a2444brgk,0,0.0052159613524932645
9,27cc072f1432f7aec4b7e17cf2e473f2x3bjg,0,0.9614175549751486
9,ea6c07fbbfc3f0e549701b1e7b90c4d21zfjl,0,0.047823232994272324
9,01eb9dcbd0b3e79d94020d13d83a993ec9d2a,0,0.002999678383663639
9,cffb5f3c1f4ca815d0f643fcb2f2f316beod4,0,0.13821214349433045
9,bd0f0c497ef09b5c1bb18b330d932bffktn3i,0,0.3725861190013978
9,d65c538ae39fc1a7e0677583bba5fdc6ax1et,0,0.24176929391788504
9,6c55d253787acf5210f7d785546db80dqtleg,0,0.01880712719148132
9,4a2d5b70f0fcec3ad9d8ac4b447efd6f3vs9c,0,0.02014097852704231
9,640f41f27c03aca0c45775eb918b666cnjsqv,0,0.03261750785653967
9,45cfe8744884eb207048e3cbee31ec56hd9lm,0,0.0018897764356407389
9,0d0d43ac593a891ce100d8202d3d72c3xsma8,0,0.0034677773274826634
9,ca0331fc37db2b251a012376f7b987fcma2jw,0,0.9550828294787705
9,295fbc4ef00fe0cea7947811e78bb8aez9ti2,0,0.01746291777112839
9,b2d3db61ddb119aa4e5f43e1bf72e349xr5tp,0,0.1736049298444917
9,e24542c1bd46a4a0f98b0fa95d8fc40brecdx,1,0.6983739742803924
9,9b51afa3c3a736bdf93bd1f2a7b0a0903c34w,0,0.006179532929243906
9,9ab3bca29dbc32070cd7f729ea55639a350tu,0,0.0025083925504809155
9,18eb8d55c84019b9196c5ca7e072b287bv68e,0,0.0022359488087391813
9,4ab56df4b1befe3e2ce5cd98e8950ba2psqq2,0,0.2229641929563695
9,d63671871e4010e904b9419e48781565weafn,0,0.009323118046759532
9,3ddd3eba016fc11b07c8a9ecb3fcc2975bkru,0,0.10520126734192502
9,cafa845bd657b17eaa82940d4767d9dfe9uxg,0,0.020045707354091055
9,9ebd57da79b9286fd67a53e61528cf63a1w6c,0,0.002917573780411058
9,05c6b93bf8f083b2d0a03ffc0fc3524ba8fi5,0,0.012046997210158993
9,a664b6b42fd48403fbd34800063fa50bz6k4m,1,0.9850798575282712
9,e19f258fa5019e58974b562a8e1433ccluztk,0,0.1007164591845388
9,a99f91d51e8d9f5786dfa52e24292dfebi55j,0,0.0029919963857853544
9,51d2e1b98b7a1e42b939637dc6e11381zu201,0,0.0014715916948833375
9,876b122982958678f14bb25d887dd79dun3qa,0,0.005125731251547301
9,2819b8b2295f272f33f8e76fd344ce6bywj1p,0,0.0032091758043211824
9,c1434e440370882ecf00ac52140f7adbuy1e9,0,0.0032328197846942693
9,9393cc68d0357d7b200a94fdf93ee3cf7xg5l,0,0.0024576840324733356
9,be3bec53b42be118ef2a87fc40db7311k4as3,0,0.0037643764087807677
9,012441119bcf83b23d4768bb72cea6d6carua,0,0.0032520133070636404
9,d8ff621bc161b09d9192c445f4b3be7b8xow6,0,0.0043417561041932205
9,84c4b58a1491da3a30710bcdf61f87054xfq6,0,0.004025316837920152
9,8720f071e045d4cec9d707c583a3d64avjyyy,0,0.012075203054640096
9,9c223f867c65938ce8623fc41bec08485xddt,0,0.0025063104519961175
9,936d542904f515ea87bab7996497b11aszyco,0,0.003625483481083074
9,c97dda0fd2de7d82d3a52eb6c0788062h3tq6,0,0.02628577217201773
9,44be920e88377290bb204795f05a20369jp06,0,0.0019475222882118686
9,8783939eb63e5eb4e5cd412d8480f3955ipxu,0,0.0033630599724539757
9,10f1460119f9e42bcccd0f68ef59cc830pwtq,0,0.0025119075504205536
9,7daf0e51b276c6ab5bd2ccf520dae106graj8,0,0.0032091758043211824
9,b071545f5ad73150880c42e780d951bdzvxn7,0,0.028647586553930588
9,fb7c9b1dcc3b44dd69e42a84406117db4t4mn,0,0.005151845080603221
9,cbc71ae3c3690c89485eda3f08b9bb51rqrxz,0,0.3443695734318465
9,6b85d622dec4fff284d55895eba9969dqlhu9,0,0.002306246931123304
9,de8943f2b113702c98ef695888b7d0c6my29p,0,0.22639594475637578
9,8ac7cc6a62b82e675465e89f67ab1f962ltgu,0,0.0023115528040879986
9,fd1299f1343236dea07bd0ba5f8ca220csnv8,0,0.002499948369471341
9,452619e019e5651a8d98e3d59a478b7fez5e0,0,0.0029303318062262724
9,af9c96944265cf541b3fe734a057821a825l7,1,0.2782787217421762
9,38125387ec30412c438280af8931254dmvfgb,0,0.002005944000726125
9,bbad48cdaa604c1bf40b59120a775794rnlg1,0,0.003473541264052148
9,4bddcd4957ff826dfd3b3efe6eb96be9aw5tz,0,0.028241793812992733
9,6e18a078182a21b8522bb69a822cc338in7rn,0,0.0028582315593058483
9,a9bfa54aef505d65ec488d8984c82a7bf0fjm,0,0.13517682838808293
9,a6ec153fc7002cfd929b9f7199914cf75upgt,1,0.020014497453856257
9,4c2af41637c123c78074e46a22526298vol9h,0,0.0019475222882118686
9,e2bda091a91082b774d59f2c5b8480ebbijs5,0,0.0027110005567072323
9,4761b2fdb4ce610d1d8dd9ea50f478cf7et0f,0,0.0022104863133890046
9,1bb03cdb913f203f704caf8bf6840b6fbpigb,0,0.08234543940976516
9,1dfa6e724441ca3c913b3d40967c17b2p9xr7,0,0.00304040092078858
9,f27321571b5b6184e86acb6203c766f2bsfxg,0,0.005095205264795911
9,46ceb58fb7a57d86a26cfa154c940a8cuktu7,0,0.6838842788338426
9,59fe751fb6c277016b7ebe3609aa1b15vhg7w,0,0.0020061490875523122
9,0ef9be4eb3b6a03ac2945522964b242ap09cy,0,0.0023724088551908343
9,a1922a9ee4f9f5d03fe11816c2cc3eb9ivcbp,0,0.0022571137144529194
9,d1780c224460a0c20d5c2f5f68714c5264xd0,0,0.0020061490875523122
9,0cbd01c9e8cc800aabd3b3e4c618f9caktfgp,0,0.790102735281826
9,c41f5fb84d9f9e2456a5264c79919569vrhau,0,0.005819149714388447
9,b5a92183d20e5ca98da4065c874e0b9dezbhx,0,0.23725736401211467
9,0c5992f18244e24d2d7b4708a512378729eev,0,0.03579470244311036
9,abec779131ec6bd32f5e32ed0f274400ekljo,0,0.0027039546562787633
9,dc9a7ebdb6fb8dd3267ac26dbe5a62b68e4vw,0,0.0020061490875523122
9,ae15accae2164aae084aef7e3524c1fflq962,0,0.0023203899072348744
9,98a5197faba8ba72d6ee9e1c95d65d737sigb,0,0.005368311763904705
9,dc87cba6dc8717e219e9fa9edcd10ae4a2i86,0,0.0022571137144529194
9,0a7446b63f183a4928ae762ed6cd1c4b894qz,0,0.0014914099777839508
9,f3a249f6a5c2c88ddd8bccb1f8a85fe52xnkq,0,0.0024575705510093172
9,d13cd9e0a7b95c0a35f3456014865230qku5q,0,0.0022571137144529194
9,1dab9ffc5c6bf06e86e0dd1b3cb9ebecn5pu6,0,0.04673209190855243
9,c59f4511da2e8dfbf02668a49bc391895wk3u,0,0.023251020064020928
9,260568e07963ce8351f3313bd7b9b0e2vonva,0,0.01958614580679363
9,bdbcdf6a935f4d1781a2d33bcc4967130bdqy,0,0.1244339091159911
9,2b5a7c969ae95b239583f09936560b85g574d,0,0.002446192457552391
9,72dbc4a9f579a9444c126a0a67118783092ec,0,0.0029251205172506098
9,3cab5bd983f5be9c16789b6c14bae982nhi9c,0,0.057414027450544594
9,3105d663ef3dff7e483a46c56580a9f9kd7f8,0,0.0126938085813752
9,3df41510a5044de5438015f37dfa3443bt7pp,0,0.004148364286935478
9,a0aeb6de8a21a5b776f63530ed753fdb34k7y,0,0.027120071432490168
9,309f446bdb138faeb18072285ccd9901gz80c,0,0.5284146454560747
9,3043fb0b4a1904222f640107f84d6f799tves,0,0.0034514751210745803
9,a2bb8b3e3ae4566203eb5b3021b4d594pohf7,0,0.003833326841498733
9,eec2ea9d9b292a343f8ee566ba252baapagwb,0,0.0032295840482360625
9,d26cca81c93b52ae3564aa6cdf33f5d5mkliw,0,0.0035892907580288196
9,89291354b0939c342be97fa58e018bd89fvcf,0,0.003988918543535218
9,8e05310a342aec93aaec69a638e83a96aqyo7,1,0.19731833839091212
9,70c31e8b3476b953648fd4f8775c1950m1uz4,0,0.0028251111854225566
9,eb8f9ca4a23586f5acc770fff966f654dy7g0,0,0.057414027450544594
9,613c7d60152ebf06e3a7dd326ba03261mnn8u,0,0.0038766553157247113
9,1afac423a94778ddf9b6c1dc0df7105cgp1tp,0,0.004468340327100266
9,c9f94611f4c9afd3a3153da9654e7310jr201,0,0.0039006206208544725
9,1c950af57581698616bd9923cc94fef25n5wh,0,0.0023450635517215197
9,01cda526658455000913950f20cf31a2q6nsf,0,0.0047079049147266345
9,6182daa56cb0623719228c9e576b71fcpg8r8,0,0.03179752633903804
9,24108e769a15b155bd2d63c58368ae5946zhs,0,0.002544201488308836
9,5fc9437841f1dbbe63a3a933c48472fcohutg,0,0.0024750226681919986
9,716079d1913959ccae0307f760bcddddt6d4o,0,0.0016287522926195204
9,4992da4511c3c1b4efed3e16c7d8dec65ilfj,0,0.006253261035836748
9,ffacbed056cbfaa60c1fcf51f0d381bddr3ly,0,0.0030127796657119068
9,d3920630f4891b9ef1a8a199ce5c830aua4yi,0,0.09459738754856321
9,00a0517965f18610417ee784a05f494d4dw6e,0,0.009504641383494758
9,1214fbf35079e7afc0a35645f8be8b218fd5o,0,0.0020061490875523122
9,42e631af9bd00e5e816f08eba3b102d5ch576,1,0.19467604056718882
9,b1e106943db37b1d002bcbe06b264b8bahuy0,0,0.0018366396776623587
9,f9378eb3e522beef7e6a4e1f275bbe0eaboro,0,0.0020061490875523122
9,11e47dc08d7fa4d1a1953b5868892f72qvlho,0,0.02707687156947985
9,4d1542974bc322859d3d099b8c5193felot1k,0,0.7322342860117947
9,649b364bc466208e559858f0677b421dbnalw,0,0.0023951451967056826
9,559bccfe60c7193963f09388fb681ea65k7dp,0,0.0028688082175247955
9,6429ef4aebc7d1f4027b31a6e900d165nqvyz,0,0.004449763968831312
9,86a626c876e7eb4be35f4f0b0a78f97a1rn7h,0,0.0022571137144529194
9,d8a4b49ed9ca241f025cdbd9637198fb71qmz,0,0.00205861236965037
9,ab3e02a6b47b250b738fdb010dc84cd7lrr07,0,0.005615060615718855
9,bf8de839c1a8b7994d19049667548e4ewchpm,0,0.0019364752383635884
9,6a97f70ba29a04e77eb3b137e157070dc2mqc,0,0.00379543828603298
9,2b13a870a46975494b749feea0c5c7ed170ll,0,0.05138378928010721
9,a7c263f3fe4f19ff677e5cb475f7e5a3gdom3,0,0.0035456738214630088
9,4ed4760782d4e2c65bee8cadc1fcdc89htz8b,0,0.005954340331504063
9,2daa71f0d138b8c2d61583d3b98a25e1mjp9c,0,0.0018763991450328182
9,461c1d143120270fff5ebc1b91934951378ud,0,0.017289294165880913
9,1d69e006699adba0c79ab06f2f622445nuu63,0,0.0029684204080891855
9,c503bb79d4f3522f51d348c680906c1bs0w7z,0,0.003131925141942624
9,5dda8ade6b5d4065f3119a381516c227yoz8y,0,0.04147551436422568
9,03aafab9868455b78f0723eda86698ba9v9rm,0,0.6698146850264401
9,78c82f2e8764bc8001354128f9265efcqrthe,0,0.0033080358982903214
9,591ef8d73236d150c32716359a61ff2auk6y6,0,0.0019885913013052633
9,942af1514033a612b203ec58f7894c9fv899u,0,0.03051512504146701
9,d43189c6eef7a763b2f8596228807dd89x9y9,0,0.00418141710062534
9,d127576e329604b576df0a3248cdcda3279td,0,0.2615178095907077
9,121578435bf4136746cd2a80f1990e07cv1px,0,0.030455041783407844
9,7d44df0d40982a6651a06cf533ef5dddtppag,0,0.1650515357378229
9,8c3631460a4d25d2b21b1f92ebbad752a19ww,0,0.0026150230524889474
9,fb200accdd0411e96f1b0f6d6f6d4f52rgk01,0,0.0036397067147002134
9,fd5cef3fe1217c6591500c715d71717anczcq,0,0.0023870677004962986
9,100d406b638e84e2da7c31b03100b874qiay2,0,0.006585012101689825
9,c0e3343070766b359c664f93ca65040b6bh2k,1,0.020136890733703578
9,9349befb45c4869b68e82a1944f4f01377cpz,0,0.01754461979521901
9,24d4554556deeebf61510cf3e001edecu8hgj,0,0.002662399909361416
9,8a958e0092f6ca984107ea6c3975f806c59m2,0,0.0027172346521014894
9,78e59e188d9780cb8988d574f692ed343s129,0,0.006530998170624211
9,d79919e5ba11f26bce5e70f0a4f859e3e4q9y,0,0.9668129288818913
9,1df5be644b8963750305092eb8ec878ayba4x,0,0.7696211476449932
9,05c9fe8f8852ea069a93dfe39fc0571er9mdt,0,0.004448702703974078
9,4dd7f98cfffffd6f4707fd0deb4a00b5rj9wv,0,0.40377797643854607
9,c435ac9dcda855341e667d440c2ef7c6nd3mg,0,0.13378180866127892
9,baff2ce04381eb1bc4747d557bf52208vqmby,0,0.002961717342250253
9,24029e6b641077ab7b9a1fde11a42666pkz6z,0,0.1946092496548445
9,4e22432d4a059b14d1d6a68a1feaa953k8vrb,0,0.0019475222882118686
9,71c2561141c55414618d67d1a8aebac1n0fjx,0,0.01972326320652525
9,82ae4df0acf8237d7af1a790e3848645bp73e,0,0.0023236419842016945
9,461b089147eb78c582ca8a30fa7581a7mflo5,0,0.00882394342973619
9,ba194af5111cfcf1dd95eb36160c728ds4kcy,0,0.0024770746391900053
9,ac2d643e0c0d3bfe8e54e5a961c6cfdb5xn9v,0,0.017343350100547463
9,afb7618f9e3fd071d4ebedf396e1d45drta96,0,0.003193569475558948
9,1680b6a12fdc8c64645c00ae8048f99c6uzoz,0,0.003710862043125907
9,ff181014a0d7bb534fb9a35f22e24fe72m1d5,0,0.08641288160223369
9,a945c65b19da56d0c7358d8858fe14e8ulfel,0,0.036898622380552026
9,6c021878ba6173a04d55bc1cf5544ac1f3t02,0,0.01499065480191323
9,308a5541e1206e126ef80f18cc29b7017520l,0,0.15378271503162858
9,c8a99985c7bf230f475a8e9be6a17d7a08r3x,0,0.0022104863133890046
9,7da6a36817cf2d8c3be218a32ab25550c8kg7,0,0.0031619935855464842
9,c16a9bdd369ed3ec2891c46e64017560fbx69,0,0.006103161716202919
9,459ea22b6b51936d0788de9f78a3547bf4jrw,0,0.0028156497193559597
9,624ae2fe9394700eae7a35806e4bafaeq9cty,0,0.003213290783541527
9,68546847f11f6415034b7e2263e8ece62p3ud,0,0.07866468947769274
9,e578807073c57556ce334044382a9b98iaz6o,0,0.02290281789959868
9,f430aac3f0f7f88a9b504bbb71322d54mct7s,0,0.057414027450544594
9,782557b3ec17063f2a36fc9193ed3200h14me,0,0.47390664945145644
9,e783e5f6b818d18eda4065282022ac23jd1fw,0,0.0028640005272390495
9,b17ce8bfbb565945ee9f289c2ddd8abbu1ndj,0,0.0060738664567705995
9,a262e805f766306f4adb38211abf235akxqh8,0,0.002639004028896685
9,2012c722a90bc47f1abbc8319d0cea51p7l5b,0,0.002315254757905685
9,d5337c2d4b58426b30c8733313eb5247syn5p,0,0.001844015262472827
9,7bad0fc50ac7d249e0a3d8b83f68e855fcnxu,0,0.0053977934747249864
9,6326299ca6a53277b2bcea07bd0b4ba8ktbqj,0,0.002081354691728892
9,2234754e09ba15519d0104c405326fc4igk0s,0,0.005334057511117943
9,29db827ba14938954c90cefe40d26fe1130kd,0,0.0018763991450328182
9,83c9359ad94eab7f4b8fd582a6db4733frmsr,0,0.011412336682778898
9,6d501ebf066c0331853f1bee9754e781obu7z,0,0.02628577217201773
9,aa3ac65055bb4b1660f4d8c1d2c187ecoqvn4,0,0.0023912018435910975
9,e704e6fedbe6caa9b434509d085f4c97nq6k1,0,0.0024482764375395017
9,fb9b1e58ffba4b38175c11e03e51e1f48dnm1,0,0.002527517089630921
9,c1850964c360c9159e5d1d0b6485e210s6uvc,0,0.002222216150964837
9,d9576f0ba8c7479eb2b26f0d15c4abfayk5ex,0,0.0048336749487195825
9,37bf6f23b628a3e2b5b22ba81beccbef0efoh,0,0.2006193386734204
9,7eb7b2f6a914afba5c3d207dc28a93aed9pnc,0,0.013790918384289223
9,958de49cdd870198543313fcf574d7c4eutrl,0,0.031145243019996917
9,d7e83a95a05308d4fae6428bb9073a7bg8aoa,0,0.0020234331680876825
9,94c8c0f9c90820f28928caf5d122dabby69ts,0,0.008286151704844433
9,238808859d7752579a415e89a395500fh2o65,1,0.0032752239084092617
9,1689122c3b25d9e7adc626de84c10006fr2n5,0,0.0025527319066573186
9,ae37c0f4dc6e3d99f5b0243fd18294cak7pxy,0,0.1393448561493599
9,9be39ea5a0612fae7bc43a25a6d10856l3qaj,1,0.012440762366710312
9,79794d93380946ef72e95f55b4abc008hsns6,0,0.0030413644086265596
9,52c441804b89bc20e4c8dd625bf163f27o2zb,0,0.019137601306919393
9,93e3c34171ab65e0b031dc67461e48b478u36,0,0.005768004116377568
9,3c77ec9f79f6febf630325ef84f2a0bcl3qg1,0,0.003381136919700295
9,c5c8a28a166913512f5bffa6a49788c5b0uaa,0,0.002729287253246419
9,6c3bdc508c20f2f3871766cd73064c8cib3xh,0,0.0031485223848760745
9,6b0d09889ff4889deaabd5f15b3b34f1jxl6v,0,0.0026189098110924215
9,9adae18220565488f77036be41cf71beiepqk,0,0.22078610008929933
9,400e8b5b5447b4d11e06a8bb0754d8d6l6xoy,0,0.0611457487007506
9,026819504b59bc4eefb9963d5fe4271aql15u,0,0.005347603569297814
9,162886daa0054ff1ad422e0f18cddff3qofft,0,0.026389795845296337
9,603d769a86a359a0d41118b47c0ab41fx7kz5,0,0.0011616568810153937
9,dfb23124fba16b7778f65c1c8d091f949jz0k,0,0.10443314794201591
9,1bb7a8c04e70386f5496322158e9fc3ef6d84,0,0.0036982602687636113
9,4d6fa52e125a18f433db6e6603b58ec7k1key,0,0.017985021375689764
9,50859deae0e0a599efde1725cde3a8b8dw86a,0,0.004008127212443158
9,0030a2dd87ad2733e0873062e4f83954mkj86,0,0.10992037321036328
9,0eeffc5039b27a4dc2e420eca75b1fa55rv5q,0,0.0025156657698389377
9,664adb319c2be43104b6565a8ff293dea0f01,0,0.003547608038432886
9,950aa0150f419cd6361bd3c500e6e695xfljo,0,0.002194261717534423
9,bf190f2cffc1a77f0957f8cd1c98257dofy08,0,0.03290607873818673
9,f268f61e075419e5a001b86ee78557e2kmg14,0,0.003576085756956756
9,106f4ed8e9b727f8d94a1cd57e882a095pteo,0,0.0021128688351555146
9,e8bc0150097c1b2b8b8c374b69e0d3a6mxfcm,0,0.002315254757905685
9,874f882f7efff96263e9b555415aac36dsxry,0,0.002598483791576771
9,9f9dd5c179d357b53f145ae1e5cc941f5qfuy,0,0.0026680344643630837
9,0ea26a4028ffc16d9a8631d43e1b92105auao,0,0.005841930175723739
9,01c1c7be49cd6cfbb9075925a05c9899p41va,0,0.0020314503736001033
9,e8581ec94cd4d5009ab6b36c6aca9f0cp3txb,0,0.006026474587845127
9,eb27d8daded752fc0d1c828867b0f118cswwq,0,0.002388437411473413
9,90fe8d6fc0bbe4ff2ca7833fe51bddbaaibof,0,0.02668491518103677
9,0f8cb1baa83fefac10f885f79149bf13kn4nw,0,0.010129872486579474
9,a8b8959fe64f490d32fc15a5d1144f87qj9ai,0,0.0022571137144529194
9,332ef2c7189603a497fc89345ee4f5605i5xw,0,0.013570647305314246
9,3ce8aa0207022698b6d0eef09c89b381jzqi1,0,0.007924257075823291
9,167008af05d4feaa636a565f6f83ec61a6ogj,0,0.0032653648324712345
9,8725b0aa1a32054450c16b099328fbcbi71gi,0,0.0024304711666224815
9,32d2ce86b00693f0c26314e3cce2438dvxbt3,0,0.15378271503162858
9,8b109c0aee5ed07fc996e73d28e65888o5jmc,0,0.07866468947769274
9,04c6b750b0552089c87ae03de72289cfcpfmh,0,0.002397709491578419
9,c353286290001e0943ed9bb160145c42etrf8,0,0.01880712719148132
9,317d3e44b2bcfdd7293b84f82f44b8e31hx1r,0,0.0032091758043211824
9,34914d163517a0cc4f0c971afb2352106vsvz,0,0.004280636687178846
9,55abcd1b00c6b5b54633fc7e98f0110bwoy3v,0,0.02864768902619065
9,bc3d08ad6ac94b8b5ce40a29b59899cakj3p5,0,0.15969950816335157
9,e56f611f1157381f4b689ab34b574e791qhcn,1,0.9166706442057015
9,76f17ce227e593aeff456fed46e36c83a3j72,0,0.2418644727752942
9,64f6b099082e4fb2e8da7ba4ae9abdead2cej,0,0.004864484213128173
9,429b876aa7e2d6741ddf322685363ccchue2v,0,0.002423601218057133
9,4694d67c21e9a2edd614e717aa3f4dd2e0w93,0,0.019137601306919393
9,74a35c4376559c911fdb5e9cfb78c5e4btqew,1,0.019137601306919393
9,6f07ce71625a0c57aa5c0c05071cba164jmba,0,0.00431847710983333
9,353d05bfefe1dd96d3335575ddadf310rgnrr,0,0.0024143320063048155
9,1a09feff347553a2577983d7c742e3d6l2hfo,0,0.1275695431850267
9,70739399d69a3b7ea9e72742dc728742zp9uf,0,0.028565105473403404
9,628156f3bce703aa6bd275089c6c692499h1q,0,0.3965262779937401
9,470727c18798cf0e0ecc2a0dca207cafuena7,0,0.01746291777112839
9,39b501f37dde9b055d627394964d3260qiktx,0,0.0073972412374183035
9,dbdb69d0032b0a251469107dd565b6c7irr4a,0,0.0026705083213525494
9,40f2eaf03624a31952397644f1b79a6fvtfjf,0,0.05901696529327632
9,6c8ffec692e88d81e1b18d47818abb04v6llr,0,0.005067687482852308
9,13812c0d2c8c474bd62481d932407687o26kg,0,0.003500701360054134
9,283987b9f1ffd4514757483ee1f01351xd678,0,0.2430708893546994
9,a116e727a3dc0b69f5e7ae14d0ab40d44breq,0,0.002298175212184652
9,56b55e6ab49a4cbe7c76a2bbca804089pjq0g,0,0.006876398379043521
9,baf1aa59ebedbacea2ca418c5aa83888imys2,0,0.0021128688351555146
9,eef111bfb93c213c174947c69b2f2b38cr2pw,0,0.020004344419588677
9,74cf3a0c5e4f080415888bad2f7119499lh63,0,0.005824851374301327
9,d31f6cdaf4f8485190b4ea588f8c1733y6qu9,0,0.01880712719148132
9,81207d4ecf830fee924989f4fe1eaa7fntkmw,0,0.0032436739975550874
9,fc48aad7a51d965595b59550e08b94c670k7w,0,0.01880712719148132
9,acaec0b9f72bf4ab4318f3244344589b3700a,0,0.00327138441761781
9,37bb1697e1c3922a06c2d2ea4138a4c8s6wgk,1,0.8060816576966396
9,dfa7ead5ef84eebc79c67d3daac340b0exa41,0,0.0022571137144529194
9,19033960ac23dffe078a1217788bc720jvjbz,0,0.0038158157320576105
9,0c55920fb607fef2d33324f33565758a6e4dj,0,0.00312926106366094
9,67a1b129ca241c51d0abb5484f8eb3fct8o5c,1,0.8953710659790662
9,99a3bacd3eb66c909a02b85402ac38dfskz65,0,0.0024482764375395017
9,ffaf0a972a6dcb3910fd6b16045781e2ava5y,0,0.002005944000726125
9,eace2a2890644d703c619fff7e41a9a16k7lf,0,0.0023450635517215197
9,4d2fc319ce6c2ad370052e0f6f2b0a1dxiyau,0,0.0052624773823773535
9,0a92c4fa2bcdc8e952546d236b322053o5wbk,0,0.001171777379638705
9,681b4f9dca9e70441fca4a58c05b0f50skmir,0,0.0017032613493750213
9,c1859303603734d90d1a91d80977e14echjim,0,0.1380585290291116
9,6ca1de75674e78f9d3d63fd96fbe6e172t86c,0,0.004252617308011631
9,a639448bde9a72923b70917e82594fc66sa2f,0,0.0067645626479777956
9,15b1e719796dc894ecde30f160e7ae20hrmmh,0,0.020045707354091055
9,a4e83190edb97fefdc4a6cbfd00f41fbm7c4o,1,0.9302468852366494
9,e60b306c01cf0c0be5c7d54facf927044g5d2,0,0.06532974261380259
9,054b51d059fe981ca8cc4e0d4c49aabb5mck7,0,0.14714803216923525
9,ff4e39c0be8af4b17a73dcb761e4bb6dmop0m,0,0.002464722469538007
9,964028ac24d4ca16c4b63f64b06df1c8ltrrl,0,0.0007287414627720313
9,e49dfe2adbc4b3789f67bc044c231473clc4d,0,0.00361151422281282
9,b4495464d4503ccb8e696994059983c89g4lc,0,0.003336670042039016
9,bb4af76ec92ce75e8abe9a6a481d4314jyo16,0,0.029455364806975297
9,0ad17aa9111f657d71cd3005599afc24fd44y,1,0.8156170426494805
9,4089a2b7f26e5c13a7f3350bd52ebf8fh21nm,0,0.4637396428810455
9,4566ae63ee93ffc6b000b5cbea7f6a8ehbg00,0,0.004585167627694596
9,1870650d20a97db60ce4133bb9352b69h9phj,0,0.004638652565087384
9,b217ca4cdea62a3977481e398d2cc9bd4sxht,0,0.0024482764375395017
9,b1c9bacacf1f33a8fe48d1a4ae4c761bcltiv,0,0.11854534316314415
9,6ed19e45dc118b78a78f25649aaaddbeef7e4,0,0.0023835288666740175
9,8c339df2050a428c04a1c2bcbfe4a143loj8l,0,0.004572920429150085
9,537f38e5fcf2656968e0a1752dd494ba8z1jc,0,0.0025104201906729624
9,7d063aa96e7a065ed5ff9deb7c851bddhrxdj,0,0.003438869424126689
9,fdd6944b3c3caaa7d1234ecfc11f8d080h90x,0,0.0028491736625588762
9,4c93ba564461b1412df6f033c8ef71e8ck438,0,0.02411184544713487
9,5640f30464bb5a7bc6e98fd2873fc25dh78hp,0,0.019137601306919393
9,e54c3b01eab75ad3a616d56dd06ebef758ua8,0,0.002896279385707391
9,6c11cc7744fb52a632306ca8bf966cd1e4zxx,1,0.6807445646078581
9,235f78b13fc87c995c1f309403ee56bb54tu5,0,0.009086261616145617
9,2b5c4051f232c4848dbbb477c5ad7f389f4b6,0,0.02628577217201773
9,11d5f6925da5809e2d447788b85d6253jj8fu,0,0.10851144724643218
9,3fe1dacbdaf96fab0c213e218968c518twu76,0,0.012545616528167635
9,2baa5a9ec317cb21a11d83f6dc72a2d6xy9jb,0,0.004620004707224395
10,1c5f4fc669099bfbfac515cd26997bd12ruaj,0,0.0013512356430999079
10,88ae7a35e374a6fddd079ebb28c822eeohwse,0,0.006552880982211628
10,fa64831ab5ade55daee13f852c16b0a84ujt0,0,0.031055783850727818
10,1b26a52e1e5980c8487bb35cf5027fdfwfnzp,0,0.0018360627695173347
10,c0549e76b179912d52a28c3eb9b29376yaxvu,0,0.0172377432439885
10,38e919293f5dbd62d87ce288e41aae2a281m2,0,0.09057781268745607
10,d91a4421996dcf429f575e372915cdcedae6g,0,0.04928256218110817
10,880f542a275df1251612886d408b32e8m96cp,0,0.002339247526483006
10,5354c02817e47f28e60e44a40ca5e48dll4sz,1,0.3126090349565282
10,29cc13d48af9832e0eb481c8a095fec7mom74,0,0.014692149132607552
10,a1f4d216a1a92507d97166151d7c9fe37bei4,0,0.003420132195149112
10,9434778d2268f1fa2a8ede48c0cd05c097zey,1,0.5554958086202681
10,e97becf0d4632035ad4cd5e65c827d6f0xawy,0,0.001503387788155754
10,e98d8f348b266653b6784329782fd2e91vu3h,0,0.004955684910823059
10,ef24ca4be7ccbd6ec68d4ea9f47c9e8ex1g09,0,0.0014811231131152507
10,e78cb9678684d649453cd5e1e46baf462lq87,0,0.005234707580504795
10,68600b8922561fe26b8b6acf1d11efdfb24k7,0,0.4369966514487855
10,09d71d3e6a6871a7598dc2764c5bb4ffkz6mc,0,0.002060036262489546
10,af98b7d5a7c1ccd2968252a2fb1c06f69igbv,0,0.0014714086747041487
10,6ecd9f4b332eb790dc933aea0a1528e2qkp4y,0,0.012315681496757297
10,4c4431ec9b6e683bdc5a3118d5140105r1nas,0,0.0464126249799814
10,1cd8d86911413c73e92ad1170cae68c3pocsn,0,0.05980677556156269
10,1e342381f2c64318a51a9b71d91897f8dv9ul,0,0.3196898314799806
10,6531bde8d4decd9708ff4407ef95e887a26yi,0,0.005234707580504795
10,ff58ffde976a4899dcd89597a7877e18lntgz,0,0.1791545691681785
10,758bd601d6700494300ec1647682eb34vq1zp,0,0.002607430124550205
10,03244a553a252dcc3a3037f0371c8d33fmpd1,0,0.0026627540665819507
10,461dc3d03d1e28d52770a4d3dc7db34558fcg,0,0.0035546700275398677
10,48117c1e2b56cfc8739f83683e01d9b2aoc66,0,0.0021904286538061936
10,75c4518eba20c9299a3a836d9905c327w6j8b,0,0.005234707580504795
10,47e0637718480102d235233c83661a7850foh,0,0.0043028057941504
10,3b233dc399f175100fb11ff9c66fa5b074z60,0,0.1452230086532656
10,8c2bdb9dd878a811701838002627a056be0ce,0,0.6420638538669367
10,9653f425ed82418570fbca890f7032b16sjjd,0,0.0014861776970750164
10,3edae72a9d44c43524c0203ce38581d1790xh,0,0.005234707580504795
10,8d43ad48f315364be4d979d2e9d5ee67quqyi,0,0.0030694393781078334
10,10383b390780e7b4b03dc32c94b4973f66wou,0,0.0013602223076925669
10,20ebb9de648c6df989f04d07cf273c7b3yu8c,0,0.2796396619241795
10,8126928a319468b6da5edce4097d2398xwita,0,0.011193890975149112
10,c7d335bf99b9c71fb22797ecbd78b92ashv4h,0,0.02180737332821724
10,ea0e5f7d93f2220a62bde8067f26daaa7oxgf,0,0.0025012975334965043
10,72dd0e4788d25f62cc2ba942bb9499dc7quqj,0,0.0033836453980720703
10,b8e47f06aef714b37073e72ac40a8100mew9c,0,0.001981357800395326
10,50791a0a98478b7f78f8d30acaa4683dxab5p,0,0.00880564600588171
10,f46cfa9acdb6a4c419c70c19be4ff9523uixs,0,0.0017712605658156079
10,7339b024b285f99084bcca768cce5c7e0h2op,0,0.08698260917121513
10,dfd5c9157a0a771f235c32f30aedbf84e2552,0,0.00768091872984655
10,62ac0de5f8776ca1d189297bdea9a64cmewb9,0,0.005546112644792985
10,99bcfc00be736e03facf0afeb79ac533cs7tp,0,0.10514187218364533
10,82bec02fec2f08899489d7a5c35a30a0lbszo,0,0.002508904421596526
10,ac494ae5acf003f84ba46f5741618a8dn19qi,0,0.004758606887103335
10,ea57e35acda9a8f8b75f4d9bc049f74d7qx3t,0,0.015660413878595243
10,b64c209b3d1d91a663d134961af89125u0s9a,0,0.007241748674618744
10,0565a780f2c5b46837bbe9739ef15ea92fdu0,0,0.034589132964070846
10,3d281a78c6a116a91baf9c8db22b56bazer1h,0,0.06334215101882383
10,81a6dd18d43cb3b1999176eea563b438roe7y,0,0.005279453633347669
10,a8561bec318a7d3a0082b35b086b4428wekph,0,0.0148278876410581
10,ea5948061b2059bcbd900d3ae7e86e428ae8g,0,0.04141723729310654
10,31a301c70e897bf36276031abdf07ab6cs6z0,0,0.006509533502295374
10,a7454ee6fbb69c4079caf5b5b92574abi6pyh,0,0.0064890865335628465
10,c08e5e3325e2f4fea171f24ca018e675we8kj,0,0.007241748674618744
10,33a7a0121e28cca4e42494dd0f5aa03fdhlm1,0,0.0014498816965271384
10,9fada390b6c53ecb47e6f4eb4353e14f01xu0,0,0.003824605309543659
10,f61d93fddb01d2d89a85a132c649aa90lj1z6,0,0.0018019307930782003
10,76a8a9566e21595a1ac06cc0050626c1q7a83,0,0.0010456411313820066
10,26190fcf0babdbe0b0d903f325c52873tpj7e,0,0.04078758340375065
10,c69e65de28937ebe1b94e7785afd94158thqk,0,0.1340493666639484
10,c2d1b8c1b7a9c8010f5b215e8aadb1d7gahpp,0,0.08163569496141151
10,e22528ef6a439aff5a8b19f8c9b07c19fyzs6,0,0.0077042852066156
10,334714f005e994d46cf4d18093dd4d05fyxc8,1,0.06772172462198602
10,340bc29eeeb9b9d04eb1fb72a1a9a2444brgk,0,0.005519812559658298
10,1e1c9332e90c1cb0f01da223bc043c528cvwo,0,0.0013962710046846417
10,ea6c07fbbfc3f0e549701b1e7b90c4d21zfjl,0,0.005234707580504795
10,74f153bd134afc92866a6bc5cceb2088120y0,0,0.007241748674618744
10,c755d2832026bc2a6f5d2d6df5740f06mr3nj,0,0.0033976323147435457
10,282fe85277f7c07b0ffbc5fed621a02ezp1zr,0,0.15599764548964595
10,55b39a51c925bfb42fb812ebc5fe318emsjjf,1,0.5384780071904118
10,e1b1c514e1b87826fd045588f1f3881707cyy,0,0.008944838461366613
10,ca391c857d7aa75a72e2d7c3133e0d6ay9pil,0,0.0066907096229452375
10,dc752fa41d974bf688d25ea9d18e9a2eit904,0,0.004874568913986833
10,7fab82fa5eaea6a44eb743bc4bf356b3tarle,1,0.005234707580504795
10,0d0d43ac593a891ce100d8202d3d72c3xsma8,0,0.0025862416042322055
10,3d54d594ffba32e8d6527a688e7227e30iq3k,0,0.0022966110271450233
10,b970a53727b2bfaf02079779c846a52fj3f0q,0,0.0015578655146971342
10,9c0cbc0fd8a6c22ae3648801ade080fek6i13,0,0.06882543459984304
10,3995d9ce0cebd62d77cb8add067d93e15oezc,0,0.0021681824840766987
10,e67abc3ba39537cc640678297a7c5bfag490k,0,0.04234158824360283
10,bd8bd6cae40abb19b81b6b6a7775f63e5tk1s,0,0.0033847634827059484
10,a3ef8857f2e33ecd25c409622b4e3ebcij8hv,1,0.9873177936198619
10,db5e9f85e7d180f7d952f12e5dae5900q9xif,0,0.0035519259602743193
10,8b809e18804865ff2a2e799c9a5e8a48mtxdh,0,0.12364760396419669
10,5d02346d70f11cd61d9fb955846ee9bdp5o6k,0,0.0017442879588466813
10,9b51afa3c3a736bdf93bd1f2a7b0a0903c34w,0,0.007151471902275828
10,6b9a3d480add21788772e118e6d51ed57e3w9,0,0.006022096590587239
10,c2294751630e49a4e594dfd89383b271qzp0m,0,0.006758355696212182
10,4c2699de8bc9516b09c5e5c8bae6d6c6xiry9,0,0.0016519110157709811
10,4ab56df4b1befe3e2ce5cd98e8950ba2psqq2,0,0.2780068132020803
10,6533b670e02ccf583288ba7c8f5fb1carmirt,1,0.9777230077410566
10,55d0b2506cef6464d799879b65c6ba29hjcv3,0,0.09010160510376886
10,b7efeea5ff94a281635ca2f0f7e8b3ca4zykk,0,0.0038919528361618487
10,e5fd2ebbf5bac9ddc73ce524e1b33c3akti0q,0,0.004345068567896916
10,05c6b93bf8f083b2d0a03ffc0fc3524ba8fi5,0,0.0040001768635947186
10,c0d065cc8cb585f027143f2ebc6b49f01g1wr,0,0.005169130396863795
10,20a2d48ac3400228e7a0296aaa596a0fvckdc,0,0.001169550692843941
10,51d2e1b98b7a1e42b939637dc6e11381zu201,0,0.007865727937419825
10,061690ceb6004807b7906968bf382dfcbve7y,1,0.1836754963415905
10,2819b8b2295f272f33f8e76fd344ce6bywj1p,0,0.0038847023667101972
10,9393cc68d0357d7b200a94fdf93ee3cf7xg5l,0,0.0012839962322048703
10,0318e0a173f7c65db40116b903884c854x258,0,0.0898191207603752
10,6767cffbe2c0957492aa451560655be3hjd6s,0,0.07251098767372396
10,8cba56e5e7c2be942ea8472b73f0842fil1x0,0,0.001929974303940191
10,84c4b58a1491da3a30710bcdf61f87054xfq6,0,0.0016007172196323698
10,dd7292cdbc81ebfb87945d9ab176d679gepf0,0,0.0015541424222590124
10,e9c8ee7f783723fe8496dd35232d88f2or1r1,0,0.09599498975451191
10,3d48fb12020c1a81a65fdba2d75caf0d6q2nc,0,0.005768027366086611
10,272a9183c10d9e80eda8ccaf6682db71203nk,0,0.20578964703363684
10,9c223f867c65938ce8623fc41bec08485xddt,0,0.0024171470581606613
10,10f1460119f9e42bcccd0f68ef59cc830pwtq,0,0.0027624226458629088
10,4b3e6a8a52c413a32f76a6d7a84a54bb8gb0t,0,0.007241748674618744
10,4073de52fb5c46376dc3cac6b2f2cecdxyqjg,0,0.002089528957247779
10,2db8669a6d21a5c8197d4287ea32b7883gv5r,0,0.0014039324042350474
10,6393f55c093e04e6e608e1ee8be9c3e28omjd,0,0.003718505296896653
10,aa7e36069de119ee3ad7c4d8c925fa3ekrs4i,0,0.004036653565303504
10,9d98d3f00a0c0bddf35470b0fb735fcdhiriy,0,0.6471915848061844
10,4882587d42b3d7d8d7bec4315203f10bl2fts,0,0.005234707580504795
10,bc7722baf876d0735ddc885691eb687bgz365,0,0.28647680074538445
10,a9062f1d7c589bb01ee0b330ee8791fc702il,0,0.8412061003448085
10,34cc283e180fcd4902ef8758714c6d83th4nf,0,0.0036734571692735
10,a283eb484c3245e5b12b18daccc075e9g9xk4,0,0.03532444361387538
10,73d4cec0ad358d272d757e0fce8440d01fvw8,0,0.005234707580504795
10,b1410ac124aeb5ef6b06667786feb742tijnw,0,0.06732136982034265
10,d38b2db568fb71174bf883554bea939ccts4m,0,0.0014856482646281568
10,3128932859bba46f57cdd19579c42e05lif6h,0,0.0068322508565969615
10,48044b1b1f47f168864bc7c4a58a65ecmt187,0,0.0027137575200403786
10,4c2af41637c123c78074e46a22526298vol9h,0,0.001288730443501904
10,3d48d4b09fc7559bb6c129fb65c133808brgv,0,0.03275652542560694
10,1cf0d30e0bf9f4a536b1fe16ecc26cd22j50c,0,0.20906529720053194
10,86151544b29ad273209ec4605c257b089z588,0,0.004874618996119789
10,a4630d8b78c796441a1be187f6907b11c5eu0,0,0.003159482742917986
10,a1922a9ee4f9f5d03fe11816c2cc3eb9ivcbp,0,0.0017000962371967164
10,d645e4b8b043a18bb1c8689572ad4fe16q3np,0,0.0027027937208875686
10,f9ab998f3adb944a1cd1847a097fbc0bw61nf,0,0.001632929922772749
10,0c5992f18244e24d2d7b4708a512378729eev,0,0.018377197725725103
10,e4264fc4dcd5f917ceb002d860441370s054e,0,0.005796834618596775
10,18bc9dbbed75b55f35ec4be1351b7aa86an68,0,0.003271553664706633
10,abec779131ec6bd32f5e32ed0f274400ekljo,0,0.0024959660021197025
10,bd0071b98d9479130e5c053a244fe6f1muj8h,1,0.005234707580504795
10,dc87cba6dc8717e219e9fa9edcd10ae4a2i86,0,0.0015748679566162007
10,0a7446b63f183a4928ae762ed6cd1c4b894qz,0,0.0019151557030935872
10,f19531503f1485a3014189a80971c6fb0d9fu,0,0.02159606637278666
10,e561791343f3564a6fc612a98b5f3df34rxok,0,0.005234707580504795
10,8acae9b2e5454fbd92fd0b3d79fe89ad6w2wp,0,0.0033368093780934385
10,5b1bc916ca111874eda3bbe669957cb1d3mck,0,0.0029371093296804837
10,b1c2e7ee5c69722df6233541ad5e784eutiv2,0,0.00521484574238487
10,bc3b92a81586cb726cbf4d5b418fee41o20sj,0,0.0026883677144698753
10,44c38c27b9de757c8c7c05cf07b7e3eb14qpt,0,0.2793010737437556
10,1dab9ffc5c6bf06e86e0dd1b3cb9ebecn5pu6,0,0.06535584544982526
10,9ba7cbcf531c20ef7cc55a6da5c0654evwt1d,0,0.18972157588753222
10,c8d3fc73c1a41bf92a5e4982eb6cf78du8gg5,0,0.0020266645116479415
10,ccc371d7848a80bc31941248b9f49b95hn694,0,0.003434689384692156
10,260568e07963ce8351f3313bd7b9b0e2vonva,0,0.03532444361387538
10,213a7fb31eef8b38a23ad6b0bf2c7fd0dx3vk,0,0.002590921881443093
10,511a640e38bf03022300f5503cceb2cd3f361,0,0.008177337256903951
10,d3ab33e9314c95d6806813171f292299tmprm,0,0.0016158098057051282
10,2fe472c1be232dca314d4bdf0fa95165rjv69,0,0.2572977920649286
10,bd29e36cbb063cbb96ece76680ffd9121dy90,0,0.0017256249134733786
10,d2fe98eb0fa21252956184a98138c58dwp1ah,0,0.0034218046305560614
10,5c2b3f221cdf303df86ff1ffd7106fcco6pml,0,0.24556923566490388
10,339b8ca3185dcaffbc3ebdfd960020e8es0as,0,0.002419189278575156
10,cd35a3230456d4a245806e476c63e9a1evu7i,0,0.0464126249799814
10,ee5afe7f268aaa88598545df890f4e5fzari6,0,0.0015247743360273975
10,613fe9b896ce3801e40212b3c8a8053c1e8nj,0,0.006139043203176416
10,23f9a0e1492c4abf375823266ddbe36bzukj3,0,0.0014810350382489098
10,84c7bbdc12233f88f35c2c3b8f178803ta03m,0,0.0054633440910669484
10,70c6727cc40fdc6f752b28102f31a38b883io,0,0.0038630168268943476
10,42025aabb56a61f3bea90d27b283b517dyk4t,0,0.1560986978787388
10,99ca795998fb781a42d85f1abeb50482yzffz,0,0.5552730875548887
10,3105d663ef3dff7e483a46c56580a9f9kd7f8,0,0.01144421641020435
10,a32cce991a2f597f6e5a02605119f99b1dyq1,0,0.002556380197514557
10,0817731a4d2e319f6f771da3f522b8bfv6njs,0,0.9619429428622889
10,047558bebab9292a5d4c85d6ee768784j2hdd,0,0.016196894084939746
10,dd76fa7a75bd0e1921f71d255a8e0853l4lbi,0,0.005092552578091339
10,3043fb0b4a1904222f640107f84d6f799tves,0,0.0018240908599498832
10,3ee7de4c5a5e31b7b407827ae1370f70suenu,0,0.0012538504785657776
10,4dbc8d336dbe0241c9bbb0f3630f25059yo43,0,0.008144344257944669
10,5bb3c3ff71ef6560c7600c512128ffc8js7py,0,0.03559630426785368
10,6feec0741a319299c78c47040893399ebas6q,0,0.0009435176862196894
10,f3bb3c26162cfc1b8c3636a7ba126010na3n4,0,0.01856263464080279
10,95efb775460080c0da57e154f27876d75xnsx,0,0.0019988181452248316
10,d092609f5140c62ec64ddd7615c25792qgdrd,0,0.0031568996019601544
10,6e848149cabc4434155aacb610fb20de6vq5b,1,0.053842119741134335
10,fe19fadb955fee4c5fcd0e30e56e1542kx66p,0,0.012113775587380663
10,36f52ad1abfd307b73c9b69cd5197dddmmxgr,0,0.003526767418630071
10,9e25bd3696b4e1775de205d2d4698a0df4s14,0,0.005562482766054881
10,c2f592fbdc8980229367e1db4d0f7a51my54g,0,0.025850561811423357
10,8d638f6da12614d6b369249410c3d278n8qme,0,0.03419941478143337
10,9375e98d0810ce9119ccf45300249636zfpd9,0,0.002325015703213592
10,1c950af57581698616bd9923cc94fef25n5wh,0,0.001955861143148547
10,92ce3c44edd41ad3222481daac1ead35bouwj,0,0.0019209033078332104
10,b729f60d26fde89a01f3fa89759d6b07t0ec4,0,0.006570698891938378
10,c7c854748038ddf37b8a9c4f5a28073fsut8p,0,0.020187605329951158
10,bcda2135a2456d611876679b61dac500vs7sx,0,0.004874936328102794
10,f5edfebe95b4f637d1bcceb892b73dc7rhn7l,0,0.03482924800523217
10,9685887173cc2e1e5ee3993832a4b153bfl9m,0,0.0015418015863685886
10,5aeb71cdc92fe5d1c4a4e127d7ca7783gzje9,0,0.00356704757233353
10,6ed39d7c89fa2d423017cc9811f0c469i2157,0,0.010752592328451431
10,d92c8c2d4c29d4c785431a8b34ea135awepbr,0,0.0025206764642909238
10,fdad47d27b793b74470086c35333d4fepycsl,0,0.0020066877668037776
10,83aa7c2c8c018888d9ebc6daf63bddb6f2i0d,0,0.002098493429332334
10,1214fbf35079e7afc0a35645f8be8b218fd5o,0,0.007241748674618744
10,17b41c48d6f53585c7bf3b65977eada0yxs8n,0,0.004283289795077106
10,42e631af9bd00e5e816f08eba3b102d5ch576,1,0.1253623590967315
10,49eaad86d095aa5af75ce34e59e4b7f1mmf9q,0,0.0036409531687927685
10,e7cf764619380e5303089f04bf647f10thebb,0,0.006024188103916508
10,ec3b2ff6f725e847f93285bc9d2b7b3dvcd4u,0,0.0015980638215777358
10,9ae9782ecff93ddf1c6fa13d711b9fe1gc266,0,0.047411241128657314
10,559bccfe60c7193963f09388fb681ea65k7dp,0,0.0017504824985698337
10,90fd7b3c991701dee376daeb09a0a5b7kawse,0,0.00886601510026657
10,7259271b61d2f05200eb2e1ab1d2ec911jlaa,0,0.003605032435626931
10,96b7bb4238e7ebb439d81d63db4c2796aoofv,0,0.0027919297395478763
10,18076726ec814a6f56da2cb9ea89d105j8vpm,0,0.0030997093844428113
10,a7bc17dfb615eacffe397be5b2c2f3a6r0bb9,0,0.008771434708563843
10,cad9c97e99bd5753be98edd9ad8ec8c8c7r66,1,0.7892695377172577
10,5771ce26e8b0fcbe7e90106955638b251qj2w,0,0.0464126249799814
10,3e9180fdf158409adc96aceffab6e00bejjah,0,0.001395219740885113
10,e90e4701234b13b7a233a86967436806wqqw4,0,0.10461660520107055
10,0825d381aa09d1d0c47c77c372f07acbe02ky,0,0.011071592009542153
10,95af80db42edfce4e937550d60d79561punym,0,0.02308057667619199
10,adc548d88b9a307ce0b58a0d11d3ae14gcfon,0,0.025129113294601452
10,a96039c7cfb1d040ca978ec5e66ee2c0sb5ht,0,0.0030179410772862725
10,3318a824cfbd3d3d177ab7e9520b21cbsrcgr,0,0.00202669823536583
10,26508777dcd84df59b467a60d9f18ca1pvvbs,0,0.04117752341419642
10,f069e2e45ce316168a94b972c5b7d6b0f342m,0,0.3601597027619149
10,591ef8d73236d150c32716359a61ff2auk6y6,0,0.0009365704666483499
10,121578435bf4136746cd2a80f1990e07cv1px,0,0.020093936876540732
10,ca68a41b3a4062f154dc1ae8456cd792d6kp1,0,0.008250961657952794
10,eea79e1bfc21ff1b9572213e540e1252s5iuy,0,0.0017639420630185436
10,870932eabebfc108296437c303db6055kc3t4,0,0.001380592571288544
10,c0e3343070766b359c664f93ca65040b6bh2k,1,0.0448332829342557
10,d3f595832d80988c2016aeafd125d8f072r4h,0,0.0018334291683628592
10,f8f87e237833c3279a953b785653b0e5qka8u,0,0.008884806299082844
10,a0420d3961adf890fccf4b43899708f6h40zs,0,0.04078758340375065
10,21c5f4fff051adecaf1b080fbf910ca3dvi6a,0,0.002933805388356349
10,655a95d80489d145052254616787cb84fwqid,0,0.0028745782580994602
10,1dce9aaf9d6b9cba38f9c7489764fe30nlrq2,0,0.002627300583805757
10,1df5be644b8963750305092eb8ec878ayba4x,0,0.851498252874467
10,5c2e85ba72b9e9e16f77939fee7ffb5eivaqe,0,0.0019393796694594629
10,4f57e657df5ee5d9207178b4b6858ddak9ouq,0,0.0013364302861851901
10,fa64fdb8ad70e86efbfc31179e93e99egd27l,0,0.06890163635739205
10,a3d0a600cdb44f03d58f27b19247cd0d4az4k,0,0.005191579840549241
10,87c5fcd8d9582701469f94bff3cc415dvq4ia,0,0.002444530461790867
10,8bc48bc2cd0ee494e55470a7ab0814c12riuf,0,0.0464126249799814
10,baff2ce04381eb1bc4747d557bf52208vqmby,0,0.0015455861551232307
10,1ba9422d7a55aa5abc3ff37d1cafa9f2yds7i,0,0.09318909051437328
10,cd9a7b22d85c35845260cd61a4b65cb2meyel,0,0.0022908116352725488
10,24029e6b641077ab7b9a1fde11a42666pkz6z,0,0.1788565467012992
10,36473d4c641c4c09c20c80e2ab35a36dwzp5d,0,0.0014453564638325944
10,2b2ee7d0ebdf910833b5cb173c567881jt8sj,0,0.12569667863308245
10,461b089147eb78c582ca8a30fa7581a7mflo5,0,0.00998842826205292
10,c34e1a988fb471e9eb8a5e84bb8ddf90k4hng,0,0.29536304926895474
10,6c0030ed696c4156b6ea3472374f6b54s4ih4,0,0.00992232417828921
10,50dd191676497345cc95d8b9f7284a7371z5s,0,0.005234707580504795
10,25f59f9da43b6806aaa125fa61974591sacso,0,0.0019633445162470318
10,a961ba95d1685705953ace49a29424e2ld1ek,0,0.003918573171466548
10,45e4c7fe66077b5b7b338f19f476f9d85jlk0,0,0.0028578482606294027
10,f781d7cab96d95bcea507cdd43b24255pw0dv,0,0.7777493908599935
10,ff181014a0d7bb534fb9a35f22e24fe72m1d5,0,0.1177380239232899
10,a945c65b19da56d0c7358d8858fe14e8ulfel,0,0.03496077957798057
10,6c021878ba6173a04d55bc1cf5544ac1f3t02,0,0.07155084252511897
10,88acd2e23ea6817d9d9fc28f38a8d1aftqssz,0,0.006355406915111205
10,058a4e0ac0a20f504cc9c6aae2a896e6too9v,0,0.002874362220753519
10,6cfd573a82acda92e8207745bca28aa7lqjcm,0,0.0018447967086278425
10,a3ef8289a92196b07e2e7371bb111e3aom07k,0,0.0020517900238392474
10,0a9c5e1f261c937c09817ea2d5e949f34v8oe,0,0.0035900773985136714
10,445eea09a6299164f60dd11f23276b44rkt8q,0,0.0191166706720788
10,2012c722a90bc47f1abbc8319d0cea51p7l5b,0,0.0019032911340463698
10,7bad0fc50ac7d249e0a3d8b83f68e855fcnxu,0,0.005234707580504795
10,3e0bbd7d75cf543a56919ff5069b31a9gcbql,0,0.0028281709739665178
10,29db827ba14938954c90cefe40d26fe1130kd,0,0.0011407006841590035
10,9372e27ce85a8c8b9460b87c37cf55ecqjjkd,0,0.07882261581825739
10,d7eefaad31febe607c252199a7672420kl1el,1,0.7263274346759281
10,96f31c5b3baa8704096cc8d4301b4c96i6fyp,0,0.004103580899834399
10,4c341a39553faef07ddb917ea4e069ed0yi3y,0,0.001799172029761363
10,a8a81bb8a3a35572bd1f9922f5a31217pw41k,0,0.02308057667619199
10,e134f2bb79d1a810aada6a24760c8910mh5na,0,0.07335408669899524
10,2993e59bbbd7d14bf4bc21e4d2a4f8eeb18d2,0,0.0018507006067235425
10,fa6bfb4a2156dc8e73a713cdab85bc4bmcmwr,0,0.005234707580504795
10,ec86220eb6ce57c91a02a7356b342599jrcut,0,0.004373439874778435
10,8bce581a91921adaa5fc20e627cd7b94l6cp6,0,0.0019591227902357134
10,c67ecaf47f857f37f63ac0f4b9af3249wwdtz,0,0.0017442879588466813
10,238808859d7752579a415e89a395500fh2o65,1,0.002428332841044535
10,72b21fb7cd32b1a65bed8a12eb94a8b7qa7rl,0,0.005234707580504795
10,51cf4dc8898554aedd8572f97a95ef5cpi3ct,0,0.31704460128906287
10,29013ddeb60a18f7d3bf9f3aaaebae6c8651o,0,0.018387035207050532
10,16e2e48cff6faab74e1f5c47669dfbbda7l5z,0,0.01918672691898328
10,7ce3afe39ece9d672e9adcf3dcf2aa44a8r22,0,0.009865308342316652
10,f0e1c483773c2ef8466d152874872139e0wcu,0,0.002377593899006718
10,a124589b3af5a212406c0306584a9554fazi4,0,0.0029936501390970863
10,8b4bcc98fa4666b22c7a17c9a4b93ebenlmlb,0,0.0017693149766029024
10,20fcf71ad6fbd43f6f5fe493a6bc3ecfextqf,0,0.001632929922772749
10,6b0d09889ff4889deaabd5f15b3b34f1jxl6v,0,0.0032741311589047847
10,400e8b5b5447b4d11e06a8bb0754d8d6l6xoy,0,0.00814210262572868
10,0a09adcd35b5f26d75f251006affc747drfu4,0,0.029884090785093645
10,35a02f50226eeda275b29a09acef2177k95eb,0,0.002586146264061216
10,6ab75792932fb1ea6fc74a18edb7888c2orvk,0,0.0035512282730132357
10,98aa09a7ca13559a9e2a43fa2ba4d2b7klwin,0,0.003887537379850401
10,4483201dee43b51f338c0efd3b13bb895tric,0,0.001504236613680204
10,6affd6d2976aa7c48dac70612fc8e31ddo7j5,1,0.8381639249290486
10,683833b860c003e6c31c521c9cdb49a1kr6b4,0,0.005234707580504795
10,6faffebbde541edfccdb2725e430870cbkvo0,0,0.013766499109168783
10,4985bdbf8710c33fd7c9d4771db7c690mcbyr,0,0.0026627540665819507
10,0eeffc5039b27a4dc2e420eca75b1fa55rv5q,0,0.0017898728093141527
10,a8a2547a9153038fbb9fc66d2425d9a7efr68,0,0.001552348798848062
10,bf190f2cffc1a77f0957f8cd1c98257dofy08,0,0.012814609987705628
10,106f4ed8e9b727f8d94a1cd57e882a095pteo,0,0.0012426355103585939
10,9d33ed2efcfaddba0307d12142f3041ce731l,0,0.017137378426186515
10,95ff2833eef5999a4f3ba4a7684d2b26a6v9j,0,0.002225368163464309
10,403d9c0288bab462bae858dc8aff2f94ti9ma,0,0.0007930604458013543
10,b2968116361fd43589bde8eca72c5767o71qc,0,0.005599519949904436
10,bef84146ac1e2f21e928e06ede1404793bfnx,0,0.00104171055222468
10,5201935b289665a197e38f747882948fjt867,0,0.0010545872761602148
10,33895230e0b25b5d3133d502ef3ecabey84m6,0,0.04182293440314727
10,1982c4b164171180d480166feae881ecmxsgl,0,0.0023028282253895224
10,1ea558fc18eb1b3ed7759a3aed7662d3p77wq,0,0.03419941478143337
10,bdab2be5a94c6380c60b902310cbe1b6rs4iw,0,0.0020347811689584573
10,13c4c826516304555e291d3d91c108b3ytpmj,0,0.0015209299227789104
10,4cf9c56df4594860df56285e9293a7f7evfix,0,0.027223502846578807
10,460e932b11a1529d78246317757899ccfaxng,0,0.10605739567790466
10,74149197c8684977e397ab60a6a264836b0lv,0,0.00186243737632156
10,210ae8381324c41f7b49e95f1b7aed80z55df,0,0.009036252544375243
10,2106dd7866abbfb4e7c68067d7eb9bebflq5d,0,0.8141862666959685
10,c9416e793bd0559bca3ad4a5194d4cd1k8eyc,0,0.001820876865234811
10,9ca7afbb673865b01cd4b02846054fc1p3vjn,0,0.02738466418954771
10,bc3d08ad6ac94b8b5ce40a29b59899cakj3p5,0,0.05407454950320952
10,c46e21e01a3f4987e00109d1d5f48acb1q72y,0,0.002300974033764127
10,942563fa6695a4b2f76ab6ff3bd58030i75z7,0,0.005234707580504795
10,78830493a121b8b6917d246ec73ccb4anwocl,0,0.8080121101925707
10,078e06b3288cf8f18ab7ed44b245fc56nbyfv,0,0.0026514502724608053
10,4694d67c21e9a2edd614e717aa3f4dd2e0w93,0,0.8283634144719931
10,46f1d7df0a8ffcc10c3de0dad8979cabgr9ig,0,0.006286532129995037
10,e76057d8bcdbb3d2f935c30849a17e4d7ordt,0,0.02638844377607325
10,ce7d34398a6d6011bcd96ff0aa82b6674hxzl,0,0.0009947993231817403
10,cca4426ec6d64f3e73294d4d5bc9719beud37,0,0.002699053986645649
10,ec96b5b27dc870c8f59ef11b7371b06eenaox,0,0.0019206373150040883
10,d110111b8700f290b5d03a0e243fe375r3woe,0,0.003055035147815524
10,44bc1c87245aac66d176620f6ac9611ddbcil,0,0.0015261331057239507
10,583ce05b5add00d9e7e5dcefb3c436f26d7c2,0,0.007241748674618744
10,43c76d050c9d2509d85c9dc2b1a1dba4zb3qt,0,0.012692886282542998
10,4731be79b5c7e894dabe5986e747b97bd6yxh,0,0.0011053392870410091
10,4ef4b3e5727dc85f18aaf00ff9a1e936qyhp6,1,0.9303431956527844
10,c65d2236a70982d628454d19472ce26eltxgf,0,0.0024733148729143032
10,d31f6cdaf4f8485190b4ea588f8c1733y6qu9,0,0.02308057667619199
10,a25f4c6838b83e0fcba372300c23c2537k5eq,0,0.005236629701042871
10,6b28baf315d41017844e15d645bb2c05ybt3b,0,0.005234707580504795
10,fc48aad7a51d965595b59550e08b94c670k7w,0,0.02308057667619199
10,acaec0b9f72bf4ab4318f3244344589b3700a,0,0.0031672862509354656
10,6a3b1ee159716b743ddb8e07e499fadbhqn74,0,0.00142472680057685
10,4b72cbc9d9ef0238bb666feea6d79e718qry1,0,0.08452772358502628
10,de717bfad3ccf44a93f39e7b43f3b227cuu5o,0,0.0035632215733637585
10,37bb1697e1c3922a06c2d2ea4138a4c8s6wgk,1,0.46355648074544625
10,c2e1242ad5ea781923a08987d55365c69fii7,1,0.1633982941963279
10,8254276e772450c5365707cde76efa4cwuzpd,0,0.005234707580504795
10,6d1354e720cb9ec90e19e29f5f895669qh6g6,0,0.005234707580504795
10,25331706aa2157419da068e93f3989feyo7a0,0,0.0912534537479834
10,6275d51c0324547faa8a87b499812268tl90r,0,0.001459680541683854
10,d2f0217aa734f025ec008d24d13eca10ntuhf,0,0.005234707580504795
10,79cdbe82ec79d0e60f1b113d9a5bc5b4ar8bk,0,0.0032662383583131455
10,6ce47fddd94be5792190cad9d972a5c4oyjww,0,0.0034513273674071226
10,7959bd565852dd880cd31278fab3660fuaqyw,0,0.005513734303859058
10,15b1e719796dc894ecde30f160e7ae20hrmmh,0,0.03532444361387538
10,caf32bc98f84a47829e76ffe104371f6kphvc,0,0.04232363873273456
10,c83ee624c46235430ad4338278f6d270wfzre,0,0.0036888726951511052
10,abf6c2cd31be1630f5a7a1219935011c3rkqt,0,0.0032048262654401556
10,86e888c2dafacf13580a1211abf50961w6foa,1,0.719022774324456
10,98c12418158dfb9494af01308ac2d0588gfw2,0,0.009635047109170125
10,e60b306c01cf0c0be5c7d54facf927044g5d2,0,0.03529047175027504
10,ccf30c9533a66f22f1c65910ae1bac1a1fs05,0,0.07996527904324988
10,054b51d059fe981ca8cc4e0d4c49aabb5mck7,0,0.11755586773639813
10,780566278695c3771f81afc605abdffa4143q,0,0.0019305205022515535
10,920540ac4168ed08a1e297395a68d718gsqdn,0,0.005234707580504795
10,70db4530c292bc759238b8306ff4ebb6n4l6t,0,0.0025689668645872453
10,b4495464d4503ccb8e696994059983c89g4lc,0,0.003614503486126602
10,bb4af76ec92ce75e8abe9a6a481d4314jyo16,0,0.04072013853270564
10,d927c987f8a4ba2dc4f38dadc0831100tt94p,0,0.004579839040166855
10,f895a8d9d7974b3ee7f1f04a25a950e9v63ps,0,0.004042242819028053
10,ddc6dc00f416ce10f23b57ebf758c2eeawzjw,0,0.0015295034798480493
10,6da04647ce16d0f00051dfeaa94d3313ox30y,0,0.016154688757929515
10,c1c22607e7899ada525b74e757d248ac2b8ac,0,0.005234707580504795
10,120c8b384858420c4e46e354c86f4ca393w0i,0,0.06012641397307637
10,7d063aa96e7a065ed5ff9deb7c851bddhrxdj,0,0.0038332957408191487
10,022ac3a7ce986049d9a4bede83ccf9ddctvg6,1,0.9941925334148471
10,0a9d614009139236f198ddb4759a498cen5ix,0,0.001242191833959294
10,bd6adbe79fcb843aeb97546947af1236kbg7p,0,0.00356840994992213
10,1b7c070ffb2c23c1d02ae5bc5d817d06qz4xb,0,0.003867697077693286
10,61e4b6ad0fc268d42c330ec99fd8c939yb7t1,0,0.03257567839162931
10,0589cf78c4bece729f0ac620557210e13no3n,0,0.00216849501884501
10,ba6811273d4f63d9a31937b71b0a22dforovn,0,0.21347213650922833
10,2b5c4051f232c4848dbbb477c5ad7f389f4b6,0,0.04078758340375065
10,3e602dff2e3bbe7a52236df2294c9e059fc2l,0,0.0021280540533566332
10,e5736d7f8082d7d7fee8430c0e2279bcdmt2a,0,0.15429888513174989
10,15f34e73687d7361ac0d780737fca261g2s9n,0,0.019434180868399573
10,d81579750b388276f2d8f6d80384f499n13l6,0,0.0017376539772545544
10,369515b3af4f8ca582f90271d30b14b6r52aw,0,0.0033742379725036483
11,7eaefc97fbf6af12e930528151f86eb91bafh,0,0.06922384605304713
11,d1be739798ba0745a1fd72ac918a9f1929hei,0,0.001384046863679879
11,b37b352197594dae96bb9219bf59d656oz79f,0,0.0021876441362627835
11,9c509838d129fcee98cb3934079ca36asla50,0,0.7944116694685672
11,99acffc3cd9bfcd00668dbf472a1979350mxk,0,0.026487996257003044
11,0b68888358a492884e3885bcd73ea63bhxidk,0,0.0036015182051456164
11,2c581ec91825362ab66a7ffa05df5e70hl3h3,0,0.05412580490613883
11,d6d3daba4bea632d7f5a4e2c5146f109dkd4m,0,0.03817803310623755
11,1476226300a93d22b15253ed7339429a7ijk0,0,0.06250808353650904
11,975dd5178d34453c1c3c8edc47cf44274uv5s,0,0.41866896859416536
11,98783b6bd490f32f56c315307643c824nimw1,0,0.0013305759293472368
11,608d9b68afb12c6c27da6c6565ffe8297wvco,0,0.051727082408276163
11,8abc7635daf75f9fbeb63783b7b8ccd5rvuyo,0,0.0013813648619006578
11,5686520af5a4215a239418fec906f88e4she5,0,0.0016747324310344735
11,72bc07c7241e1856ba31609d11501c91cswlb,0,0.06536388317822922
11,91dcfc10da696a6d90966ff795751708er5fp,0,0.7855573331440239
11,85be8fd21f41bc3dee86597d272825726bp69,0,0.001693438495351181
11,59ae36080fae26bccbbc31a4505b6fb3v3zjy,0,0.05862970957089392
11,dadbcec8b02ac75c5935f419b318ceca1wwjw,0,0.06965765741576346
11,96b90af2d3eea4d3b2bc725e1c92e212qu52g,1,0.9509019508563086
11,8e1f8e5907b3cc256a2a57ae9ac81e063gbz4,0,0.001980520884092812
11,02bde521e763e4f4e590e8368149e04a96il9,0,0.00821932827551051
11,87aa94042390f9267d3b7d90e42b022ek5mbu,0,0.0060100340457566025
11,9ded76c5244a2116a3b5432fa265a800j0bvt,0,0.005476639809903071
11,53691811bd992911edb9f5f64f49d8f5luk1f,0,0.17580915491195886
11,577af9ccdc29dcacbbce0f36b7c1ff15btljp,0,0.05212741118638706
11,f5a67722732675f6285b70b9f008665fq01bk,0,0.005383294032157719
11,3073231f45ca50ad6830d4dc7261f283iwjjm,0,0.0012570251538456146
11,efc61ad6db17265a4bac85f77b154ef414tpp,1,0.001216527309016364
11,dc52611b1a2c84c0949da5af9870d57fj6ab0,0,0.005938008527610794
11,671fb1e314a1f480ba9ad9b5a1cf6a91w1k2f,0,0.014999810835031359
11,5106dcca581b63cf2226110a9048ee4846sxb,0,0.7944116694685672
11,b27db6c048fa41b496dfd3423226bb0923yfv,0,0.0022463990918859603
11,68f092336430866db606f137c57c87e0hw7aq,0,0.06678064950186348
11,acf06eabed56f179cf32ab60b6b076820ajls,0,0.00227852524509962
11,19353c42feb91a216885fe012efdfb11s2iu8,0,0.0016159918785692542
11,17eeec8676ad56bfead1a9406277f41cnev3n,0,0.4848177250459357
11,2c72df02de4b36acf72ba549630808612ol08,0,0.003312672825477725
11,8e2a43abb8fcd8ef9801c69fc04bfcb5kyc41,0,0.009032330531894823
11,cf22da37578048d2e51eca1e544c693cke5t3,0,0.0778459288947828
11,f63ed13362ce1c80970ba28a095c2bc5kfgmr,0,0.0010731375974537868
11,4955e2c318d0bdca797ce17794ba18fblhaau,0,0.006330269264795694
11,27809fd62bebc89be450f9dcbdd25ed8il6z2,0,0.038450119496546795
11,e561facfea467ea124df0111e041287ctvgwn,0,0.05574086624638195
11,4741959d26f99012b8a6a3e3954eae40hsy6j,0,0.024809206158413817
11,33031f476dec19fe47c0e3a051a68e992hmwv,0,0.05574086624638195
11,5948bcd0f773286ff7d5cde332c7ae6918jt6,0,0.08675547229454024
11,d6ebcf2149c311d221b233b268870b3d5gfe2,0,0.0010929603900394329
11,6a76d66f035914f93ebc725a0998b399r4gdq,0,0.0006732126129662794
11,d6d68e218a6cafa246ed31185b09e1e1fsu8x,0,0.005785400188607902
11,929b75b44585b34d2b917ec181ecbcf298fr8,0,0.22991444007646855
11,b5310019f2bbbd975c64dc11189191022k8tj,0,0.001572489006812749
11,908ce7060337fd8550760a100921f6f7wsemn,0,0.00821932827551051
11,08515611e73803dc6d8c562b8514dfb5qi3z9,0,0.06936207594027208
11,354baa6c4764a5bde013ea3f7edc72552r3oa,0,0.06987133588909943
11,b9080651d16e3d6d2d83e1c5debb55b0qpwbv,0,0.07067377918985002
11,20662832566daffac929f803f0c236eaperht,0,0.22496008401036238
11,e18e3d0fbfba81cedcae619dfa977875p10ta,0,0.0012764266108462505
11,ead2ec4563ba25a9e9d417f1964b7504teqtp,0,0.3310251982574312
11,a9237defb0a6478098f242b27ebcef18qrotd,0,0.0034021974192087147
11,96b1df591dbbf3a002578574671d9ff1rmzev,0,0.00821932827551051
11,037d9f10da403d8d5f94b6e2957a3702f6x07,0,0.8039224756013982
11,e0544483ccbafc4842cba7650677d043n2e5c,0,0.05274323753688679
11,246c55639cf85c682d58cbd2ed6a6563vk2yn,0,0.038251437010767435
11,01349288df20199905e719f0ff7ee771nwryj,0,0.0061447657251864005
11,c5dcc8a649adae76ce01a3fa85b68f237ny2r,0,0.0026401765932527405
11,3a8124eb9fd3977e43f5e0762d9a09d536rob,0,0.0013874124661777847
11,97b002c9936e63a1fb9994a67615e84fft019,0,0.0020023406040714188
11,a74e3962ca26514976056bae3c46d579emz6y,0,0.0303075156274418
11,10c1e1164e3f8298df9a35c891f67babiycsr,0,0.0010083575221504545
11,c9056fc0cade75299ed4438567a87d6ek44pt,0,0.0006548019783799747
11,0b450f2827ec670da34be66ec2a520213xcuk,0,0.001176482839903419
11,bd0f0c497ef09b5c1bb18b330d932bffktn3i,0,0.06025197923561415
11,6a5457f1038c6e1cf9feb57529ce07b2sff4d,0,0.006369998838707513
11,6c55d253787acf5210f7d785546db80dqtleg,0,0.031030279904308667
11,4a2d5b70f0fcec3ad9d8ac4b447efd6f3vs9c,0,0.02340040457649189
11,f2bf8c94172c4d71076e151cb4e136007iiur,0,0.0018678516372201423
11,ca0c049b8c37c99ef93b6086e9947135onppq,0,0.0013006732049042765
11,79c18f0460f9bd86bcfb25da96d91490jfuxv,0,0.001812410303431089
11,3106ad6371a3b740e2af90635a4ad966zeu1u,0,0.01866437945407278
11,ae45f9b94d86f931c84c94f3975e3d7bkv2r0,0,0.07039215175791622
11,d1f000f475c502ecd2e993c52987e63ed3k7n,0,0.19792432811139332
11,a8a5bcf248e1326b3340c88e057f59e9nlslq,0,0.0702917154797502
11,39f9dad880d32ee607af7571ec24807bn1g2d,0,0.0076934952748221345
11,9ab3bca29dbc32070cd7f729ea55639a350tu,0,0.0015366137163574736
11,b46132a554a2a3b93efc5a9352036e6crl6sk,1,0.32906012263118795
11,644e284380171fa793695a91b6a12c28jcwku,0,0.018177164765389577
11,67d245e38ee756947ed395fa099807fchxv99,0,0.0010807229535079654
11,20d08c7edbcb4b4ac0214b664ca5bb9cprntj,0,0.0014322079377243678
11,651402deb28af3e3d1ab9a6b88314b591uuaz,0,0.001302465168015487
11,3ddd3eba016fc11b07c8a9ecb3fcc2975bkru,0,0.4210959696899224
11,f01d8d55568b1f54b6946a1b78a3983exkz5u,0,0.00221421412775634
11,65d3cc1725c4506fe02be3e2b24435bbbd6qf,0,0.05212741118638706
11,45927dd51fb4301c459ab96d48f64752q0o9e,0,0.001429692755495186
11,7ce12bb499c156ba4513becaa42aa8c143v75,0,0.008610100820327381
11,7f603f668968facebb0567015ad4c201kikrh,0,0.001472955502512742
11,9ebd57da79b9286fd67a53e61528cf63a1w6c,0,0.0010635520769852814
11,3073d007a5b42b827cc770ecf4805278xvvzl,0,0.0021283590590144706
11,ff566c87f2babf3dcd67be286e1c6666cxzh1,0,0.0018231713926946949
11,56cfe8b0d574e1df3f823c2cf32226eff52uw,0,0.0021413727897090303
11,ec0c9e98cdf302274974ad212477f851iw35b,0,0.0401811994030209
11,1bbfbd968c065ff5dabeffe311bc3ddeezbof,0,0.04559391473271743
11,4703c8940eaa3f3bf5082ec2f155a8619i1yw,0,0.04419847691482569
11,5e8bf58291656ddd5fd2f71825565446aiopv,0,0.12090624835867515
11,9be87a4f123366660d7f6d40ffa493a8ffpsj,0,0.0028699094504964916
11,662b66b1227816c2f9017cadbc148381alne2,0,0.001980520884092812
11,84bd02dc56fb7c3402426ef7e8e166e2ptwo6,0,0.06791828406951557
11,42cce5c657dc7d99911d950cb22fcb4fmzz5e,0,0.0022597340863103345
11,8f6f7baf33fe2a5206ed3ca88446a99bmq453,0,0.04117900762766516
11,b1729d5905e896a8411f81bb65d66343ladls,0,0.0019007573779817263
11,790c497536a2a9fe080c3b2ee6d5eeb9caiv8,0,0.0023261207743678694
11,8d8f705595701b921012777a281a553622300,0,0.0019434973227425826
11,be3bec53b42be118ef2a87fc40db7311k4as3,0,0.007353825123953305
11,06a58d4af0fe7ee15324b0e921e8de1260vef,0,0.018990058038792817
11,cb9a75312b809291306c6213ed5dc67dw31qz,0,0.15732279174891456
11,9aca61f505f40a3b4f7865c2d00e2418s0e1f,0,0.2973903241907456
11,d7340ee3c04e600c31fd2a34c760f7e7d26bn,0,0.004428404163872608
11,d0b096df6b5ffd2efe8d5cfad4a24912zs3dd,0,0.0014411313448016861
11,b0164d9a18a3cdf6082e96f9708040690qcqf,0,0.05692868064614085
11,8720f071e045d4cec9d707c583a3d64avjyyy,0,0.022988695801671555
11,69b32dd82f265a04826106d17e2bac9ao9fu8,0,0.0019172622651078904
11,fb7c9b1dcc3b44dd69e42a84406117db4t4mn,0,0.006855108251295344
11,cbc71ae3c3690c89485eda3f08b9bb51rqrxz,0,0.024476618229131657
11,6b85d622dec4fff284d55895eba9969dqlhu9,0,0.0042344880735978516
11,7c965df16147f68263573764dd257a7bxqmpt,0,0.0012520097464682363
11,060ac64ff78ae62e9bc697192cebea333760p,1,0.7345435758637193
11,1dead8a9cc54fdcf7a7c16dc6e06a3bbusgcu,0,0.0034708134306754086
11,2d113999234e06201c0940286d405453wqjsw,0,0.00922001327923656
11,055eb52087e0080b8ebca74be4f823f5c819l,0,0.0629392698074621
11,aba1120a5b13cf72c1d52c0dac8aafc67nmoh,0,0.001636489509950192
11,936d73a062928a362901f0e507d57b0a8rjs7,0,0.005043084433439939
11,9f101e80580cbff55a2307c028408a91nebzc,0,0.3823344920617152
11,cc78aba7eb8293a1d70f083bd747fa1450906,0,0.05212741118638706
11,61a4da78a5aa5bebcb3e9818a46771766gtq7,0,0.07900195200807328
11,6f7043cde57060a6766b551df5fa6fd9p3ojp,0,0.0018527807504996959
11,84a773b3c9d300834d9d57af5dc83091y54cx,0,0.0012386144265676242
11,af5d33f9724b0e8c1f875406c0556d1e6eotm,0,0.38064094817813066
11,52d8066e28f168e5bee769559ead307e1go7e,1,0.28286332825497496
11,a6ec153fc7002cfd929b9f7199914cf75upgt,1,0.25926491974020294
11,655b88e646b94d0adb9e15e9f3b9c9a4lvcrz,0,0.010218885638343942
11,03a1e81cb7bcd15014489a6f752c9d5b7pvel,0,0.008864275278998706
11,d2704c8bb6ebbf13e08f37131382b126wy4yc,1,0.14207174362095812
11,89c8eefbf6f83543ce0792d1e4b86057ti16q,0,0.0019359839584724271
11,916aedb8fd708e100318969dfe57a4639hexd,0,0.015955306616788175
11,84d75f71a61667cd327367453b4c0d2frury9,0,0.0007566136110438589
11,fa6b4da229eb64b4d44e7d5ee2b027f1j1whx,0,0.05570457204854047
11,d2fc5291537a61882065e571c21e796975uy0,0,0.0021837931909790766
11,46ceb58fb7a57d86a26cfa154c940a8cuktu7,0,0.7900993876520817
11,0141844fc725a85e38e12cc02fcdbbe8ofqxv,0,0.0015705281290160729
11,c7ce5ac2fe5f03458fab59c78b19bf7c9wzf7,0,0.06922384605304713
11,39802378690e7d0c61d294f5898852b96hsfh,0,0.024809206158413817
11,0c57d8eaa2708b768416ca91dd8daa2cqbl31,0,0.0012637283017043512
11,361397432ed35185b5a2789867a859ec42v14,0,0.0009561048885598785
11,90eb8151eb82441b084d04893151619837abp,0,0.0016443047497092112
11,25b58d1533e04571bbc674dab28973f8hha3w,0,0.0020459455615568244
11,dc9a7ebdb6fb8dd3267ac26dbe5a62b68e4vw,0,0.00821932827551051
11,c72012c8072e2441b3ba8173205cd298cde8a,1,0.05713621087767939
11,d95c969eb09086bbad373dd8ee80cacbuagvf,0,0.09633406292121889
11,173991472d4ee18932f8514b9d4a9dba7rjqa,0,0.001967882874722728
11,06b2d71c26ef3b6e29277f761cd0db90wuwjo,0,0.041728289210278734
11,eea590b4da2709c294e8db490f5997eadyc1e,0,0.0034285252228350364
11,98eed7cbee9b1a1b526a635648e7cd2fhbt5w,0,0.4972816030427421
11,23af639c0bd57bfe9bcf3b16973d58b7666fe,0,0.003856377018111897
11,8251041848182e6468c8119905a177dekmshg,0,0.05042998273048439
11,3e2e03a4464642627e223fba066182d1qslv5,0,0.001631647339254335
11,d9b611dab3b5116f761747fd3166ecec80icg,1,0.44044256326123127
11,bdbcdf6a935f4d1781a2d33bcc4967130bdqy,0,0.669937574869634
11,ef89b74b58c49c1a321d3d7ce061d151k51xm,0,0.7944116694685672
11,1ef47d501d4b36498b51e184b1027981xu89r,0,0.0016706503894633013
11,a15766d8d3d231f862996eb3ec33559735a3d,0,0.0024503666219237124
11,7d8d3493942dc13742444f28626c5839axjqd,0,0.03279986181964892
11,a2b4df001b0e40a398f6d4ae9b316c0eix5bh,0,0.001331027935150289
11,f7e3635c9a532fb9a60d6eda6eb7c7de3uqs2,0,0.007301427060427272
11,4d6580da346435dff2503c55ee5e0cf8wbkb3,0,0.9585924109864828
11,5720c8d7bc15b94037cd75ff9496a35evugeo,0,0.8464822242397398
11,2b5a7c969ae95b239583f09936560b85g574d,0,0.001291397058346163
11,b7630ee9a73e7ba6f11f7717b7f03ed4be2hb,0,0.2281564552247522
11,e9b27622a64f2eb9dc7559d43bc45e31yci23,0,0.00385085727300581
11,c1624207d78346c3c58cd44f3d5472fcriae4,0,0.0028273630675664536
11,1dec9ee102b29905e2f59a52fb7429826e8b4,0,0.05331481534140306
11,e6f73230e0fff1d9a6b1b8a6617002ea9owig,0,0.0013917310652132246
11,ca5730b8dad8f35fba24b68c9ca5d445mp87i,0,0.0013297592453410346
11,a6214d8bf07127661f322afa7c8dae91ypizm,0,0.0025194602411705617
11,309f446bdb138faeb18072285ccd9901gz80c,0,0.6948718984744924
11,2635d404f4943f3dbee24aa16a2953c723iwd,0,0.0019079300831084467
11,89291354b0939c342be97fa58e018bd89fvcf,0,0.0010874027032948819
11,613c7d60152ebf06e3a7dd326ba03261mnn8u,0,0.00401056880811303
11,497ef6187e03fd9d4387ac436461a40f982dq,0,0.00197543329621012
11,c9a97c18992adb02e6c2e6a8f9cc1daa1di5k,0,0.0018048481815855627
11,aee383561c0019dc01552bfa5263af8etbuc7,0,0.00252370921576054
11,08981037e7a6c9032716ff25b15c9de25p63s,0,0.8049184611223115
11,6182daa56cb0623719228c9e576b71fcpg8r8,0,0.03626553189571404
11,4af5e2532224f9f7d1d039704573d9205jbkv,0,0.8301439216061272
11,292dedb5371b8e0ebbeea57f14b35713e2ie2,0,0.0012386144265676242
11,2b19566f190ff3b8a85884e03c64fb56ir8a8,0,0.024809206158413817
11,c478f94c1323552e85aec6e1013ecba586320,0,0.8525223995414484
11,d3920630f4891b9ef1a8a199ce5c830aua4yi,0,0.3356004181845949
11,bcbd5c95680cab78cf904fb936dd03f86g19z,0,0.051727082408276163
11,44d34926c0863edb7575b819980e0e728pn5b,0,0.025466862481011248
11,b853c1e4d6a4657d35705772ca6cfdc3qtox5,0,0.024809206158413817
11,a48837ccd05bca96ddbf02c55ecccf639adk2,0,0.004814753543910563
11,b1e106943db37b1d002bcbe06b264b8bahuy0,0,0.0018472563546648093
11,c5120d10a23eb0c10d56a19fecbf9da85t4ow,0,0.0020093114064635817
11,6e178db6d17d21aa88aaca5bf15c2761lc500,0,0.08224626037774614
11,f4294bb3abb69fa3183e7e851b58b278k83z3,0,0.05212741118638706
11,d863897264a7e52d9c6a1be6dc453c6c9anz0,1,0.9250091745214083
11,67d6466d7f4a32d294196b8c16ee0b03kn9tf,0,0.05212741118638706
11,c1d14f4355b7d3ef80f02628e5ef1d56u2510,0,0.024809206158413817
11,86e698821a8aada613bfca1356d8cb7dopnv8,0,0.0018899467032131984
11,bf8de839c1a8b7994d19049667548e4ewchpm,0,0.021037127017709493
11,5ddf9ae899e629acf3e78141a9712a05a4feq,0,0.8089138610224605
11,d056594c1d7976b6ad4ba23e2b4cea19l2i0t,0,0.03559399313459585
11,2b429b9235bab2877cd93ac6d9fbc2d7tzwre,0,0.12217671434118102
11,3919be53bf4bd411ba25acfdc1362b49u4vle,0,0.024809206158413817
11,1e13eba969b6b953688c9e945544ac4741ilj,0,0.0015128736293679266
11,461c1d143120270fff5ebc1b91934951378ud,0,0.024809206158413817
11,ef1d71dde32e587e761a1b39d5b374c7gk68y,0,0.0031085859116811816
11,5324221d38a79636bc4560cbcf2d75c4gimrm,0,0.009427826351351415
11,977436b0a445fa555d537fbf1d4bff2e4z40h,0,0.00821932827551051
11,78c82f2e8764bc8001354128f9265efcqrthe,0,0.005569242746466774
11,daef74294e84ef6d7e009c2d51be6ee167xds,0,0.007664360066806523
11,4997f0d7074a1d9f8bedf5575b6a4372w7nro,0,0.005105737174074185
11,d43189c6eef7a763b2f8596228807dd89x9y9,0,0.003167923993269283
11,6a31ec9cbfe23a9398e80403859f0402cg4ql,0,0.0009334099000363685
11,a46025d61131de18474aa6f167e04bf08w9x6,0,0.23510817224378258
11,c58ffa073b3b3deb4e993ee5dd05347cmvfur,0,0.0011511785180974884
11,898419c2d011d5a822e9ee07c387098ezpc12,0,0.0016706503894633013
11,59cad1329d42bda3d678bae082bee7edgvt7q,0,0.0020371574657238965
11,08c39ef7252995e0749f7927249b8dcb1d3xh,0,0.024809206158413817
11,9196288f121946095e5c402fd326109827t0a,0,0.8981488648095594
11,fb200accdd0411e96f1b0f6d6f6d4f52rgk01,0,0.0018218133401174323
11,e8f3ce0b2d0849968400b63b992cc606psoij,0,0.004319381361076149
11,fd5cef3fe1217c6591500c715d71717anczcq,0,0.0013072652897579405
11,2d73ed3974473a764859084d51334440k5q7s,0,0.016306786959557357
11,8a4fc219f01e1fe6d4328b0a47fc54905iv05,1,0.06802425461929149
11,9349befb45c4869b68e82a1944f4f01377cpz,0,0.0321508254035765
11,2cc1c5bf18c858fd9c74901d8d80ab70ak8e0,1,0.976812734860578
11,bdeb5eed17a812d2c47176e30b8553ae2k06g,0,0.06791828406951557
11,8a958e0092f6ca984107ea6c3975f806c59m2,0,0.0011871370822066209
11,d6fd864297177c38cea65aed8a45fb7bbp2e3,0,0.45027114239749616
11,98e6dd2906ef1f7c13284a309f6b160cb2ujz,0,0.0046657440607019455
11,2f9a7b01fcce94499a59aebfac98fe1ezsk1y,0,0.0024272270246389303
11,05c9fe8f8852ea069a93dfe39fc0571er9mdt,0,0.005811483018907715
11,438e53670ffa2990cdef656700bb49bf684fz,0,0.0018652407204641248
11,57c4421263d37c2cd2573cd7245a7a80h0mjf,0,0.0598754993862246
11,4dd7f98cfffffd6f4707fd0deb4a00b5rj9wv,0,0.8229173984219713
11,02cfc97e8fded77671e71e1951723d5fwz6a4,0,0.0009668632053589915
11,c435ac9dcda855341e667d440c2ef7c6nd3mg,0,0.05808537453062591
11,ba0ca6f98ed66bdd1c4e86db2ce4011fdk6ii,0,0.04059259859732526
11,9df0031595e4105e4530ceee1a08faf319vvb,0,0.0025321358263000514
11,053cefb7e952bd81d7a6db267a121747te7lo,0,0.06791828406951557
11,58c2b44923882a8252963e78886adaefh7hnm,0,0.014658212510282688
11,ca5d4f0a3ea342fdc45c3325e5311049e2uis,0,0.031030279904308667
11,0d9f78a6084bf15f42210bfeba95621255c89,0,0.001851196675714294
11,92f8392be617527734a2f18482815af9ak8l3,0,0.016507389777177518
11,e4433ef42008dcff761f12b9ade6fd31krdwv,0,0.0016938482654023721
11,e10ae48cce1e198f7283064cc8a2f836iy0z6,0,0.002144113069501662
11,ba194af5111cfcf1dd95eb36160c728ds4kcy,0,0.0013155797627894211
11,afb7618f9e3fd071d4ebedf396e1d45drta96,0,0.0014868680311132558
11,1a05035da8ea9dead1030ccc993b5284n1on8,0,0.06965765741576346
11,a027780df5d0312919d41edfd4947f27odx7t,0,0.06213085747690413
11,624ae2fe9394700eae7a35806e4bafaeq9cty,0,0.003333126567242686
11,2cbc26f228e0556f268e0dc1bd9ac0a5lzdfh,0,0.04690137849720192
11,6f6e3687f67272b103351641b678225abarzw,0,0.011339578295024072
11,8cab09b069755eca2b4e7fd6f6981d7d8n88o,0,0.001388357717345056
11,ee45b2475e453e69ce712388959fe4acspmvk,0,0.0010449691981455303
11,ff92ea4abd33ed38601287f0e1d6726dmgx1f,0,0.4055973342579633
11,46a28eaed47c29b4fd148a50cde44840u0bsn,1,0.8046632212558066
11,7b22c9a323baf4a7bc7a3761e4a30bfajixmt,0,0.0024300810651897353
11,e578807073c57556ce334044382a9b98iaz6o,0,0.03351688107822108
11,d810a7956e4d9fbc246d585ce84e8ea0750b2,0,0.0008517702176916078
11,2366cd7cf3df530ef4fe40b36ffb936fyn3rh,0,0.0015360951550839061
11,c89d56c06803b8c6316a7c906604c64939yri,0,0.0024372625132929628
11,e0a9e4ffe2acd28599dacb91c98c34bc66vo3,0,0.003706990593088497
11,cf18f6766fadce944ee74796489c23acmqhpe,0,0.003174712234820904
11,b9fd0772481bf459179a3b4ab49171693im97,0,0.0014302759909484144
11,b17ce8bfbb565945ee9f289c2ddd8abbu1ndj,0,0.001829325812148428
11,a262e805f766306f4adb38211abf235akxqh8,0,0.004883684535469828
11,20f206d2656116bed8dd46d5b70dac81lbgfk,0,0.0012978746632997245
11,96982cc1eefd6f526b512755151227c3h2w3l,0,0.008800585849098099
11,f219cbb3d454b32953619d5a4551f56dcg7gy,0,0.0006482570402059484
11,6d033ec559ea79a8ffb90d80e0b24e93j82av,0,0.05217401930098726
11,fb9b1e58ffba4b38175c11e03e51e1f48dnm1,0,0.0012441149521118825
11,bf65e77ce8676fbab6fc78b70c50f05a8da8a,0,0.33577399105389194
11,d9576f0ba8c7479eb2b26f0d15c4abfayk5ex,0,0.0027259595192015394
11,721e69fd30e33488bf82b7e2f9c8cee28a9ea,0,0.001442480168155933
11,ae37c0f4dc6e3d99f5b0243fd18294cak7pxy,0,0.4945882004535428
11,e8b82b8640ecdd154eebe6b36ec63f0bdwhc4,0,0.0028589886665792027
11,0ae09b09369c76737cba059d192451001nwce,0,0.031952678053596806
11,aa1c013a1de168c611560ca2afe78111g8i6s,0,0.059552041873847474
11,ca9e2287e98a718e20a8ed117dfcd699gxsp8,0,0.00270115373177208
11,4038ae3276c0b47f420a5d73687fb73bghgxf,0,0.017313921188077924
11,437c191e614776c1535305f602ea9033sdfmf,0,0.0011871370822066209
11,76ab7c99de4a3141bf617bf30bec9feep3zuy,0,0.0018688213567262695
11,d4db72f36e6ad1668dbc0bf4f0e1c49bn12a2,0,0.025466862481011248
11,52c441804b89bc20e4c8dd625bf163f27o2zb,0,0.08509083897196361
11,cf1f2b6f29840e1ecbb31d18fb128c38bseas,0,0.984906327860154
11,069d020584a0e8c61e622321d4c43881j7pl3,0,0.0019179096073971731
11,e61c14d66cd5693d93cb0356d7f444ebinx9i,0,0.04040585117312161
11,cc064e3409a1825e3c4e5c814376f140qxu5l,0,0.001802134922960313
11,1bb7a8c04e70386f5496322158e9fc3ef6d84,0,0.0053652212714459645
11,7b31d9d8b5e749cdd2c300cbcbb5f875kjlsz,1,0.9160486021881206
11,8473148f069a890b7323fe8316861a71qoxv1,0,0.0014700991784844183
11,0030a2dd87ad2733e0873062e4f83954mkj86,0,0.4972816030427421
11,fae553f133602fba6e9e6051dfb27fefkruax,1,0.49020645233242455
11,6e8cd4699eedf0075cf5662e1fff3a857bycf,0,0.001556759933260425
11,75339aea3f29d7d9a8d67ed3fe1c89c3owsq5,0,0.03464156241378009
11,e8bc0150097c1b2b8b8c374b69e0d3a6mxfcm,0,0.0017552367794064366
11,0ea26a4028ffc16d9a8631d43e1b92105auao,0,0.2098040351564729
11,c8b23d6565e11d874e221f41440ffd25mrucd,0,0.008035560947427602
11,24a9abf72cedcb421e831c1be26607e37zojy,0,0.0011111727953891446
11,825226b69f2a5a8337ca611b38223989aumow,0,0.0022970117575529655
11,e12177ff9c1a8413996f7b1a590980c82ofeo,1,0.6713810234321693
11,cd8f738dfa2ea0554baa3dfc4465cdb8izun1,0,0.005955812555259085
11,f75a0f726d764514f612ee8cd8f65adegt02s,0,0.047727152115644475
11,fe27fe0815883aa3e1a312f0dcb45981txa2m,0,0.006631340237463273
11,3714da7069a5205137cacf89ab3a136ffx2u2,1,0.21484889708784496
11,7ffd9b7b795d9335153d481fba4b3076plrxc,0,0.0020207941962735376
11,7e8650379cbcb3ef8f7f6aefcd678067kzbdi,0,0.0010083575221504545
11,55d9cdc3af85efe87b2a6f22a2cea96ezy2ax,0,0.00155852298410059
11,317d3e44b2bcfdd7293b84f82f44b8e31hx1r,0,0.0009051476013395493
11,fdf908d608a629d5ebde14819231878dojel8,0,0.0007387755152402903
11,d144312f2f68dc33a63b7863911b2aa459i99,0,0.009918807481084906
11,1456b44d8b2b16cd94278137269ceb11ns7wy,0,0.0014302759909484144
11,81392b54fee8e50ec74efb27cf0de8e32fdm5,0,0.0019067343483404494
11,65435e491aa69dd9d44d70a9aeb6e847oqlty,0,0.0017960247776944473
11,110d2e689da119388dcb6e235749b787ni298,0,0.0018173721663866152
11,dbdb69d0032b0a251469107dd565b6c7irr4a,0,0.001555428047356435
11,e5bde35da4abebe4fdb37a3c65124a57ff4vo,0,0.002261188093417722
11,91b8febfd1f556c06838992814e7653cr119e,0,0.004958831032817971
11,069d251f2fc19102924468ab38349d5eou7ab,0,0.0019784784056285313
11,d588f4c51e67a340d1991a8130ee0b56hy0r0,0,0.005367164015014414
11,f3d3c913b225bc6cdb98c60f0936f7cbj8k3a,0,0.00336942085810241
11,53856dce9187b16f2cf5e4e58f5d0397h7tz6,0,0.0303075156274418
11,c843f90bae7231af13dd0e064a469704drz2x,0,0.007693656669450389
11,13812c0d2c8c474bd62481d932407687o26kg,0,0.019613879768302592
11,283987b9f1ffd4514757483ee1f01351xd678,0,0.07929958729886664
11,3dbb502d9d6f89b26f62cc804df54dcandhp0,0,0.03344722555658301
11,baf1aa59ebedbacea2ca418c5aa83888imys2,0,0.0019067343483404494
11,da00b16633eb706fb11d55868120cdd9so58j,0,0.0726888076833479
11,eef111bfb93c213c174947c69b2f2b38cr2pw,0,0.006721808336440407
11,c910efe1f135b08acc32b2db162362033olvv,0,0.00259230241810973
11,d381ce07afba12851a815cdf8858c1c7g2pfh,0,0.08517323035160757
11,bbd1d48ef4e8e7e3855938755275ad2b2le9g,0,0.0030078363321547905
11,34e965deb822f329ecad42b94e8ba0ba3dpt0,0,0.032384106699351496
11,dfa7ead5ef84eebc79c67d3daac340b0exa41,0,0.001555428047356435
11,8fd35d215ab6530c2ef096c87233cbc93juwy,0,0.0020281238922026795
11,67a1b129ca241c51d0abb5484f8eb3fct8o5c,1,0.789565164178009
11,7114afc59caf2cbaf6ec1733922065f3uz34p,0,0.0029666683525442082
11,949689cced5d86578e6c8b664ea76d6aq6zxg,0,0.026080229708662243
11,eace2a2890644d703c619fff7e41a9a16k7lf,0,0.0017214211494326686
11,90bb553b65144cafddc3f3d4a7783667a06ga,0,0.0009051476013395493
11,c128bfe7aba668d71126d51b32428c01tkq99,0,0.38246810018161476
11,698da938f6fc36305616aa6f8affd53fobj5y,0,0.004750067183903353
11,2f9ea407ba48ae05f98fdf634995d936xefau,0,0.17563339058866867
11,cad151bdf2e29b764dfd3acac022e5dcy8n83,0,0.002940949546491507
11,a639448bde9a72923b70917e82594fc66sa2f,0,0.007249203838103493
11,83dbbc6c5c7ed95048ffa9427d807692339oi,0,0.39145177628501615
11,5cdd665a22747394620c17b7753947b0xgzhw,0,0.015372515380732726
11,ad590c59c30187b772258a059d532db42tf4d,0,0.08523803485970732
11,e588d3f7a141147e4f8dba29377144707vupo,0,0.0020252898927973204
11,9dc039dc57fd67bd9e7157f4f697ae7eloov1,0,0.53917431302823
11,7ba17b1eb362ef91a99a6f021b3f2b63uyo76,0,0.051727082408276163
11,c36fad0b52a6be6ec32cc5530c0a2aednea6k,0,0.0874911943051743
11,f416aeaaafcbb66aabb77347776db008qw96o,0,0.07766131238710544
11,22e65b6bf73fab510ee814cbaeb9ebc1252mu,0,0.18193548529607118
11,177b031b4a77f28ff167b427ca967b52jetgo,0,0.0303075156274418
11,f29896e71c8077db28617a03c0f14e7570emg,0,0.0017946332816207407
11,75613637a85df9328b743d33b0efbf1586qow,0,0.0020434496460808188
11,01f498a0992d280de63ec346692efb2blckg2,0,0.7944116694685672
11,28763f241cf0483ca1dd3aa1bbcbfc37xntso,0,0.024809206158413817
11,14c69cd7fbc8300876f287520c493fc8xe2o6,0,0.009284185474428745
11,e49dfe2adbc4b3789f67bc044c231473clc4d,0,0.0025073977863207847
11,7bb58b7875a093cbe7c5d487a825b730mjcw8,1,0.9839090751810147
11,4089a2b7f26e5c13a7f3350bd52ebf8fh21nm,0,0.35741791336702605
11,b4210edd4ec9bf872c7108fdb3c6aae9cjwz7,0,0.009898724008095263
11,771f6754997a1954eced81d46348b4762k475,0,0.4366112130828788
11,65f52b46edfc7fa64b9e74557a78e52c1it54,0,0.0016974000556831315
11,b1c9bacacf1f33a8fe48d1a4ae4c761bcltiv,0,0.015404642151566634
11,2a73f10b3b8f2b825e220ba0a1d2c49f9nikz,0,0.001317342528843694
11,f473c995ca7b5287f9b2f079f0d78a1e92226,0,0.5756840572642095
11,8c339df2050a428c04a1c2bcbfe4a143loj8l,0,0.024846338145431836
11,b3dc6151c6813688d0423dbab13d3f19crw2w,0,0.0011848970947614516
11,537f38e5fcf2656968e0a1752dd494ba8z1jc,0,0.0015366137163574736
11,786cb68d5d2012dedaf70257449090f2hfb88,0,0.0019324066894760706
11,d154075c75cbb3f4b716a16c88eedd774i8s0,0,0.008367078800389793
11,fdd6944b3c3caaa7d1234ecfc11f8d080h90x,0,0.002573416323300986
11,222d3e39d4a292d79aeef4c04e52aaf24mgkb,0,0.009789063718776962
11,b9cb81e5855add059728cf932f0624fefbi2t,0,0.024809206158413817
11,5db8eed67a7b648d1f2173b665b79de2vwdlu,0,0.03266619368436974
11,5640f30464bb5a7bc6e98fd2873fc25dh78hp,0,0.05412580490613883
11,6c11cc7744fb52a632306ca8bf966cd1e4zxx,1,0.7341469162432709
11,b08034d2d4fa400b457d4a59a2482e8enfhqw,0,0.002537306199708156
11,0181b91f58e6cbaa832235e2879c9c00ovrzi,0,0.0022165586554409845
11,03e884d3e7e3356608187d2345e4693fyt29x,0,0.001481561318191306
11,363ba0a2afea1b074fc1ed270c86050byprz1,0,0.0013036603752153214
11,3fe1dacbdaf96fab0c213e218968c518twu76,0,0.013027340480119635
11,1dfb637157cc0e590e50d724cd4cad6d4cacw,0,0.0018586407063059735
11,53e2d855e008a5c2f79b4b848d467b86nofo3,0,0.05124447256742404
11,efa1611e96c3238913333b8525c6a196rvy38,0,0.001851196675714294
11,aaa686462ebb950550fc1c6136ffb273vkrc5,1,0.008919300136069876
11,b7e0afcd391a22444eaa566aa527eec0x2yv3,0,0.001539279498665787
11,65d8228c6c1e5b6042f397afed8a5c7cbo6x3,0,0.196381472066067
12,624f258b49e77713fc34034560f93fb3hu3jo,0,0.003045350477635778
12,4ab12bc61c82ddd9c2d65e60555808acqgos1,0,0.151455080063262
12,25558d24bca82beef0f9db4ba1fe2045ynnvq,0,0.003222126180922348
12,0a6ba32afe4756995db2f5cf2461cddbvj445,0,0.00290181966871022
12,585e7c21b80baf2225224fe140cdb1a73ddrf,0,0.026090426859541598
12,25d75fd439571c1d9b946f5ec833786063vom,0,0.0014368256347958
12,067ff22ebf0d33fe0deedc816d75973865jo7,0,0.19616272669338933
12,11a38554244f3c14de043aaf52345c35jjqvo,0,0.4532532314630143
12,d878560888b11447e73324a6e263fbd5iydo1,0,0.00383700342743725
12,eaaae0fb54c7d36724a9679c3128d5a7gn4k5,0,0.11670939102934855
12,322addd5687d99bf69306148e12f87dc5jbsh,0,0.006288022036926158
12,2a7d1f9483d34546c4d099e36e3a79790qvjm,0,0.06835840734743813
12,342f22fed8b1e90c6ff1a6b7bd80f6334w094,0,0.0036857460769481936
12,c0e1ecd40b81bda3b7dcec501334499dgzq17,0,0.011305682185355945
12,5f50c6187a179e2ee7ba2fbcfc845c7a1smgr,0,0.004684439610556314
12,68d468e15e0de0bab9694cdca8e799eb2j8kn,1,0.9892411654168134
12,f60edfe5177cab56896a9d6860995095cl1bb,0,0.0014090237927638126
12,481fdbc92e77bba4c9611841a7d74071elwx6,0,0.002923763079850964
12,792edafa0603516a57932e6103e9dd54ajar7,0,0.012763022644009796
12,fb92fc925c5df50f4da7874a7542cf2210z1f,0,0.06536773145408492
12,927c5e145de79f9ee2ada0ddc054b4e9hc3qj,0,0.011410563762676096
12,bcf95b210295831ff6e20db3a570f909n3q25,0,0.2182486653981127
12,2307bb06855a6fe75ab56ee6b4a3860835di5,0,0.012763022644009796
12,f769b9f92260ecf046efd05bf9ab6822j7c02,0,0.0010320345898855241
12,da6e2a5651b4f44fa3cff41cf9731ff8qc8fl,0,0.00982043130740614
12,0cca10034c58287ee6fbec14a3f96c3546sdh,0,0.004819508274498506
12,827da66b68b225547050c11df16f845618ptk,0,0.0011789921704490457
12,21580623ea81c5b0b82aaf74890218e5mio2z,0,0.10601211883504444
12,d0231e5200b870c055db7e3daae24bc8lt7at,0,0.002533590995107474
12,bff9a98b73f2b9a01300d3fd3d55b16b1190o,0,0.0017260915063856998
12,6086425310e05e77a53317490e8c1f3cxzf2r,0,0.10846850245328347
12,d65efaa8129a85f85bf909e5abde8c3628gfv,0,0.143892150665082
12,5960fc711b544e2617d0f76360b69e2afds2b,0,0.010260305633691067
12,d5f997729fd5a0aa13307e027804de515jziv,0,0.07894126393836345
12,5b25a86acea5ff395bbd62399bb5cc9bb7h6i,0,0.007726061142615005
12,ca76df527977e5168e1b3352cfab2ed9htipb,0,0.004841648086506364
12,22fb740f267ac617118261b2fd3365batisfg,0,0.0038590678360814717
12,7264bde42ef4fe3fa19cc7c6d64696cf7pqtd,0,0.01987440932508671
12,3d9910a238a0f282ad3132dd6fc981c8tv3tg,1,0.17909847401308968
12,dd661e2d6e79a5b3e66c82373d50f3ee86k85,0,0.004684439610556314
12,db83d746ba8e0c388805fa3fcb235743vfqmw,0,0.10015289144043482
12,01c5692d487454cdbe731df330bef608f48zz,0,0.005741876368117027
12,3be127c56b2de21dfcf2836f20afe249hqkxy,0,0.00768072886562163
12,1053ead33eb1a5db7c36c979a455348abh9ns,0,0.0016566103002310405
12,1af4685cda2979a608c4b6ad83473774qgicn,1,0.6210746084075608
12,e909515a6ae94a86027c717c4085954akbpt2,0,0.03490381932585189
12,1880a778c9dd0cb15ca1f052308a8e04g7e35,0,0.004240108066192034
12,8ec8add138ed551bd5a9175eae0cb972ie0pk,0,0.010621704756111449
12,6a87cc9dacae884e817de2ee08452e76dx9mn,0,0.017974839591309407
12,e0413f338c43c9d55ba53612d2068f65t4gs6,0,0.012685166516219367
12,f0c356e136831c41884b0732ae3198e0gcy8w,0,0.003107494800652874
12,c76f30b8330b6d14fb872b30fcfd9d57phbsf,0,0.013269038470286359
12,2736ee274114e9440463bde9fbffacaa5xky5,0,0.016669128732118454
12,666e1e141862a646afaa2b71fc7d2c25r1b4h,0,0.0018153034335467153
12,e3ea1d5464543a1ef3a9b60394fc4ab6i1jk3,0,0.003958214033588665
12,eebfd257525e52b67969ae9d8760afff12j3d,0,0.003975693212252105
12,3d8cccb637b990ec64d662d66ec059cfn1p3p,0,0.002964417831157569
12,28c9a5ea8aae9fb4f6a755f94cd922361v9ow,0,0.18572125834350553
12,c8d972b803b46212369cf1b480328dcehb9jl,0,0.0015290765794144618
12,1291b98e40353f77928e363d54a13c569bhfb,0,0.010552554221998616
12,481db1a88023d22b3533044bff5239dbf3cda,0,0.005083271043021714
12,175a06fdcf622c9455d0a77990b9302dj23ke,0,0.05828557561812539
12,518e9fb1055de6532ed2df6d03fb78feus5s0,0,0.022674542089229473
12,28aa6c505e308e49e586e25e1897ed2axjiy0,0,0.0022224448172853705
12,e8e4603ed284adbd252a7a601f9bffe09oq6f,0,0.015469668028093794
12,17c87408ee1009887112745797caeb7fwvqfc,0,0.004854007568108142
12,179a23cad40c51dd7804069bf769d11e1ftk9,0,0.0469696948140454
12,585b938fd44968d0d59fcac453cfb3b8p8nti,0,0.143215520786684
12,f535b28ad58c83d35ba87fcd46624148zbh6l,0,0.007051942009609167
12,cf456f3c8c409ec4060142acfdabb5bbqpx7q,0,0.021756286584873653
12,40e00fd204d0ce97110032bfc47f423d0bgrd,1,0.44753411063950393
12,db88530db963dab43118aef5aba127ec29abp,0,0.017758593059088168
12,47c5cd21a74e45dd294cdd53041ec0a3dw3ge,0,0.30408702369212975
12,1680f758aecded6e25096b3a6199b38en6n73,0,0.007230385711259139
12,055282b75717345ba6f53d40e9e6d6c56qrzp,0,0.050281226859719426
12,d9177cca9a1bfe3478cc4f11a0d57de2p8ahp,0,0.01745686821266858
12,187636e527504df29bf42d4a2b7767e54bgv7,0,0.004684439610556314
12,7b5bd948eb1d8075be58ec9240927bb59ugz3,0,0.002487579755282003
12,570910327f5584ea1ccba92634d89832lo1zc,0,0.01745686821266858
12,a0660fe8a46b9cb6b02e7b0c50eef6a905vt6,1,0.39499803724263727
12,5bbc8f66464ec2d962b0360d1d74bf67imj47,0,0.0017355719964418919
12,9ca41c3c062146a06d2682835f5136807yao2,0,0.0014815828067551167
12,7f4e84da8ed11f4ea3a2d276f49949b7o31us,0,0.0015473539211132458
12,2d82c3dc726d2bfa19c5f16ec3de5023lbse1,0,0.015975345572332624
12,d65c538ae39fc1a7e0677583bba5fdc6ax1et,0,0.20332767456526962
12,e5f43783127506211df8c6290c2ecadbyr779,0,0.011410563762676096
12,cba6f45915ebbd4b5404c6d357153c0adeblt,0,0.02502121241206749
12,5c725e840bcc103bb8d12c54ba9a0b37blxvw,0,0.0020484635712065256
12,f18d2ebbd5e48ef4f1ee412339d6ed7adr9qi,0,0.0026250223794509536
12,7eb6a5ffc5e8471efad7cdc8927daf677qcf8,0,0.11909221012343478
12,65659f3fbf6207c570c4bb8ac64772e9umh95,0,0.012763022644009796
12,c4b598fcb343bdd2cf826fc7541500e40xtte,0,0.011305682185355945
12,7029915a2c5aa5d964acfd85c30c3950b4opr,0,0.01372123949467342
12,eefb0b863345336dce70312ff0f8faeb9qksv,0,0.002499145973911162
12,88e24a019c32a60f2ff315a9d217ec33q144x,0,0.0028577991633609175
12,e24542c1bd46a4a0f98b0fa95d8fc40brecdx,1,0.3575790721909441
12,30ef7862d69b3440ebf2726ee85a0b8397ta7,0,0.0010409826224820138
12,f8d0d52114da74d98800dc7553008705dth38,0,0.009533956439897726
12,5b45b150b6b683a98b5bc19c4214f44cvzru7,0,0.0022658389494182706
12,01255c2c7c5578c186873422fc00fd7afwk8k,0,0.004942112730101991
12,37921a9d842612b3b0281f7098d0002539xrj,0,0.0018496940226121184
12,18eb8d55c84019b9196c5ca7e072b287bv68e,0,0.002848265836587082
12,a4c40fd7a4c1040283fb2b84611eaad240849,0,0.2507867444456006
12,fb6814db96bbaf61f42270a85f0f62adunxft,0,0.0017979998864817986
12,eacfdb47b3daccebd9f16779c5542fe5eytoc,0,0.00247409566599695
12,64885ec89a54c64598b2d196e1fe2e351cd60,0,0.0014869115542820192
12,cafa845bd657b17eaa82940d4767d9dfe9uxg,0,0.010864191701461093
12,392d936106b75256632c9dc83c4f1a169bke9,0,0.005190592021776299
12,2a4654987b59646a120ac74301339afc4eylt,0,0.02370289079475441
12,a6e261c09ae8aa7d0a47ffeb0110aa519jowa,0,0.23154939869682528
12,14f226ef57ed64d8e14c8b5ae929143cgq3em,0,0.007143544603648621
12,a99f91d51e8d9f5786dfa52e24292dfebi55j,0,0.0017641448409751064
12,c9fbbfcc89730e961499b4b30ffc4a98umxko,0,0.0013796168886747626
12,679d60378d42ca9d3b8a28073fe14fc7bv4jh,0,0.11231121306989683
12,29b8af2fea3881ef61911612372dac41vczqv,0,0.010233021011001807
12,c1434e440370882ecf00ac52140f7adbuy1e9,0,0.0032370447038022085
12,8bf04b0a219c7834b25057c0220b4d0dhwdsg,0,0.0011978308474728297
12,0e8212e286ee36da8945c2480e366417xa22x,0,0.0037919185700025365
12,b725a638efd8d51f66ae2f22ce1df678p9es7,0,0.10938156261542041
12,01067975436d123f717ee5aba0dd4bbfa0937,0,0.02990825426694424
12,1ac788675f70655e71a013892d701e901kj13,0,0.0019227066618757122
12,37ca0d0ded383d709676a4f9729ef39cpjfh4,0,0.0015829529290293583
12,1b268ea4fe034638a92d683b94bcb330vee4w,0,0.001749278589004346
12,9e9270c06937bfa13f5b29e737c3438fcocyn,0,0.0017467300755397142
12,163097c029285c7eefa2d60e474d65b4ap2l0,0,0.0038312864600103503
12,44be920e88377290bb204795f05a20369jp06,0,0.0014032829604990816
12,f35082c6d72f1f1be3dd23f949db1f577t6wd,1,0.011410563762676096
12,b77312a06d10e22e3caca85fc7fe0342b2adf,0,0.012763022644009796
12,2eaf4eef52d5b17615d08bf77386fa42yotej,0,0.012220704362886489
12,80bf6ab93fbb8316efd5c0b42d4b46c83qrdn,0,0.027445535907811586
12,4d0d345f552877998f41ba3cd1ba299885vu5,0,0.004684439610556314
12,5aae3111e4fab04fa5067c740329a38d11361,0,0.002185111463693802
12,6713e820273f591bdff7d26a48ee30c5k4iii,0,0.060758644109748045
12,b7e16fd4fd9ff04b7d741b70730b7b6b1aw84,0,0.015270850275185724
12,80130530788e55de6e9fd515271859d1kgfsd,0,0.030084800250870517
12,cdf76f38b6f46a3bd396a99123d26909xq5c3,0,0.022872006984619005
12,46c0ae10d60c4fde2b6301bbafecd7b8dcla1,0,0.027559989296016718
12,38125387ec30412c438280af8931254dmvfgb,0,0.0014160058369104111
12,4bddcd4957ff826dfd3b3efe6eb96be9aw5tz,0,0.025188826827299494
12,fba0c76970a464cfa9c043c906442f0eg53a2,0,0.012763022644009796
12,f8c42ccd10c3fe515e53082f0cde9a18oxgws,0,0.06653712247134891
12,284cd72e028fe176f935114521ee998c5jsko,0,0.0016630723503528368
12,d8ada60e3b7204a104bba8c073136bb40772o,0,0.0018084974166950173
12,e2bda091a91082b774d59f2c5b8480ebbijs5,0,0.0012701615764979617
12,4761b2fdb4ce610d1d8dd9ea50f478cf7et0f,0,0.0017566641969593805
12,18b5e850a1c10e681cb5fae0704a699018x6f,0,0.01745686821266858
12,c8e474ba549fe924bff9d3f585a9943cg9aju,0,0.0036018144241516683
12,403640a20dbd2c4bf554e558de137deckn70o,0,0.004609407339785353
12,02030ec48b7179a7fd9950fdf546e3feekkye,0,0.004353633535783762
12,1dfa6e724441ca3c913b3d40967c17b2p9xr7,0,0.0028962548883300875
12,f27321571b5b6184e86acb6203c766f2bsfxg,0,0.011844834062010298
12,49c3957287d24e69713e4355933b74baoijix,0,0.0025267528686234737
12,59fe751fb6c277016b7ebe3609aa1b15vhg7w,0,0.004684439610556314
12,0ef9be4eb3b6a03ac2945522964b242ap09cy,0,0.001755474316684174
12,359444416c25e6e90ddb2e3d3d0bc23dufn9s,0,0.01745686821266858
12,f0567f6d45c0f83b9874681fe8dfe0ba6hjlf,0,0.009422004346921293
12,a4734769962126673e975a627e930b5fgc79n,0,0.002060165466632912
12,ed5fc53d096bcf1b86c30128040e775334ut0,0,0.056795608063171237
12,efdf59a8ca81c5d3744f9121ac8fd2c7coy3g,0,0.001657611012887951
12,14b2d98230228eab6a6db3efc41660d7kp23s,0,0.0021752822905602063
12,b79560ebfed7c8cbcfb97475812e0836twsnm,0,0.001567869585034298
12,5920a92dc2b65e257061017a04eb5361tpa9b,1,0.7574453421262333
12,c89ad997f646e388fe375d7fe33a3727dzrh0,0,0.02752060781498002
12,d13cd9e0a7b95c0a35f3456014865230qku5q,0,0.001811401263240293
12,1e3642857c10e72cedaf7890e3c07bfa8ibzv,0,0.004684439610556314
12,45fe4f0fb849e7195a1efd5495d1285f2culj,0,0.0019205329651048038
12,414af5edf09c473bde75644b76a68e7feesrw,0,0.048204282088383295
12,14bcf558addd6e6f2818ab2bda7dc679jqoon,0,0.004835993924138136
12,7622d7085237d6b73d08e9d70ed11fe3u8mwm,0,0.0038592464347041652
12,8cc03b92898255ce4b096454645599ae5zoc0,0,0.0017165452235424704
12,69e97e52dd6428671f46f2ab6567172d8mfar,0,0.01347458768119259
12,5d5816d216122786933fb74c459f35fc0vnac,0,0.002346548002150207
12,8ebc5b544d62622e45e1ee22a56265e0xwwsb,0,0.006022157493134439
12,63e3851eb5e1ee98df1065b333f6cb81mlby6,0,0.05057888520195243
12,de3bbaaa3bbc1fd1f751d23a972916d80q8e6,0,0.011815726942684478
12,8af01eeb860c2e6b1512377f28953110ml638,0,0.015327166651954476
12,60849c6d966f178808d94543173cb93dog4gt,0,0.0013327403175158895
12,b416bf88dedd6ccdbc3a2146524500258qdzz,0,0.009039192915215016
12,3df41510a5044de5438015f37dfa3443bt7pp,0,0.00493570890574654
12,85499f83c5f1674c87d0fe77838c4da793u8y,0,0.021628035240081007
12,bfc7a0819397d910db7c24eaba1ed4c68dwiq,0,0.001276007660120632
12,693085cbb28f505f03b025dac8681a3bvfot8,0,0.14344489645807879
12,67616fd2a1de5c46e32041354efa88ceahbhq,0,0.22130455858594072
12,54379b25f1f35d9df78da9cd774cef74u5wt9,0,0.021168515432089186
12,8215dac41ad35a074c93bfcfbc0f908chlo5n,0,0.0013214622265117482
12,a2bb8b3e3ae4566203eb5b3021b4d594pohf7,0,0.0057445653482150775
12,a6414c637c6f1275e2c62c48fb238c5d5aw03,0,0.0017885169577914163
12,eec2ea9d9b292a343f8ee566ba252baapagwb,0,0.0056143374616095506
12,d26cca81c93b52ae3564aa6cdf33f5d5mkliw,0,0.0015696552069108275
12,8e05310a342aec93aaec69a638e83a96aqyo7,1,0.2609310638682208
12,70c31e8b3476b953648fd4f8775c1950m1uz4,0,0.00255952789479887
12,3550d62e04bd3a1239eedbc29d9c970279b1v,0,0.0033516203430655283
12,ab0b0de534bad49af05faa626b88389cmjj8e,0,0.03583310521554066
12,74ae4f7b1692dc42622696303d9d4d763vksg,0,0.0013859805139944665
12,9d1506d6779356dda24ed87d41f3be39yn1rc,0,0.0018675209253274482
12,c963c2dcbeeb0b7051bd3a6a87483ce6i98xx,0,0.006559212824743185
12,24108e769a15b155bd2d63c58368ae5946zhs,0,0.004525917068643949
12,e2165ff862178c7b2946f7f62f5a3e51wcvaw,0,0.010864191701461093
12,c62a6956e93ac3b56b1292f2c2d85b1fyekav,0,0.004684439610556314
12,5a823474f9fdaa129dea9fa690d51b62rgm7q,0,0.009285605462166042
12,37702159c6cd2c1a21cf66600e96cdc6rdbff,0,0.012763022644009796
12,f3ad2931359bca59c36ce55ba82f9af8enbi8,0,0.0014051999757862831
12,e22850afda081aba360cc18e2a9021caqjjov,0,0.004811773144947897
12,a71f9ab1d130394882cbdab3c886f1b0fm6hu,0,0.0023989833694332096
12,98ad4163bb0b1abf72f165056d4bf1a1g8ekg,0,0.002196675908838388
12,764234598477e02cbf8a43983fd43850l1c8f,0,0.0013943520458308465
12,3a32eb1c6dcc818e0df4953e978f2e89ljhnf,0,0.0015824156398955432
12,c08ae3075278ed0d139f00ead52ac2b0oy8nw,0,0.0015021772860866276
12,f9753e9fd6e25e0a1ae176ab95c31146iaqnv,0,0.002382991131491955
12,464506515f2ae684bd510b3a50b9121ec7v3a,0,0.02290382497340712
12,171fbac128e6dcb51d0f07cf7ed8bd3er891e,0,0.9714686130945679
12,a7c910e7c7796d979aa9a7a31d74a8eaqsapx,0,0.010991635676793612
12,6679d668a393f336ba9d1cb6a154e03aifmkr,0,0.0017897551987738625
12,58f590a56f480589646d255d570b0877zcjw1,0,0.005208228304205808
12,a8c2410eb81513da23261a49135e4eeacw6dw,0,0.017157849893233993
12,4d1542974bc322859d3d099b8c5193felot1k,0,0.7447444271247851
12,465c4f2ad08cc1e5f7a5e1e3ac75654ealh0g,0,0.0023272736272370404
12,1395ca662a02245233af951cc7ad8313vk6w0,0,0.004690428223094731
12,af14436f293c40a9904d9f06a323215bf7zdr,0,0.0055074847878568535
12,b9c59dcf41cd0a7ba779154872019cabmohkm,0,0.0014203646055534428
12,6429ef4aebc7d1f4027b31a6e900d165nqvyz,0,0.0035520143640806875
12,bea63152ca4d99f549999ca57b93d015z9kyh,0,0.0033101532431274033
12,86a626c876e7eb4be35f4f0b0a78f97a1rn7h,0,0.001811401263240293
12,8e0462410d727b34290fec10fd5661761yc8u,0,0.0010712655866327945
12,e21b238213c361523d276d67f37c05e3qot5q,0,0.00218687410717311
12,424aed9d807cfe0b2167cfdaa4957fc0heell,0,0.005334894945920561
12,ab3e02a6b47b250b738fdb010dc84cd7lrr07,0,0.006378756522369345
12,81c9c749b2c9f97215f3ddaf8b5a5fe1k757u,0,0.003647816143427934
12,9fbfbd8a57e4d4b18338063ffa43f1bez92lt,0,0.003772697144471184
12,a06311ea45de34bf667b79a92d13c764i6aiy,0,0.10895746927913831
12,d3e1891edac2851f6d34de566802cac8m8dn0,0,0.0052579269870702
12,9f280cd011f10593dc245dad1d93b11dy6rg5,0,0.002562479382186392
12,9a5fb8e2e5add29b006d789e4cfd1513paga5,0,0.012763022644009796
12,86a34cdbb975c141eea1854b10dbf1c8seom3,0,0.06397883094533999
12,1d69e006699adba0c79ab06f2f622445nuu63,0,0.0015196489315505938
12,47183c1427a3cee97ff9bd167844e65d9dzi2,0,0.016800299581847266
12,8f086b809805064f3c4a5dd48327c0f51yplz,1,0.26316824177523473
12,6362c8d61774cfcb6ada7cea1be63678hxkfz,1,0.79430404855087
12,03aafab9868455b78f0723eda86698ba9v9rm,0,0.6925425841046349
12,7a3378ad9999b1fde0a4562a9b036f038cdal,0,0.004684439610556314
12,ae0dc05e48d0f1e3ad33f37b4400bd069jktv,0,0.02587971086136255
12,c749a25f3a07304b959065d83bbfc5f75u1my,0,0.0018520685702814394
12,942af1514033a612b203ec58f7894c9fv899u,0,0.025208521616267663
12,5bd35d55d367d7a21d98bf6a19fc0dc1e5j9p,0,0.001696466548213432
12,a0d080012ab98513e39234e4545e93be17tt5,0,0.0018668377952617444
12,2540f8192e425f9fb921db30ac1bfcbas4p6g,0,0.017594584967322625
12,4b32495335dd238db6285f7c6bbe051fv1qoe,0,0.007327585416918847
12,43295f805d813e816fee438d9a394bc4o4of1,0,0.0014967184409528668
12,bf6f2ca50a3a6a3113681e754307aa4ehnd5j,0,0.003490866526133583
12,3272e16da807a75a987e26b09bb2147by1mxe,1,0.9556588925842707
12,bb73823b1c3f577402c9aa9eabd1e412vp2xw,0,0.2771967436040823
12,a71f84e476d03bd0b25d45e44eeed9a8efehw,0,0.3395940137534095
12,d428139761f7b7563d57bb1f87b55876388j9,0,0.001460159911569712
12,ffc4e2dd2cc08249f299cab46ecbfacfobmr3,0,0.001565012444459353
12,65996114740a63c9e0fde74bfb6725b1k9nuz,0,0.0014530469914812302
12,142a2545c5c01937b05ac6de9773f9efgx0eb,0,0.009846510492442888
12,0d1815382b08885d76c671ab600133adeyp5e,0,0.38247881367632514
12,dbbf9d9b1d7fa110208f77a681008077plqng,0,0.0019515471220612028
12,7a9519ae09e328b09d18473f96ef075fzrs1v,0,0.0025083312389812683
12,12df4a9cf4eb203909e6763960b79238cb0yg,0,0.004393447472427725
12,7639039411fbcc6cf1013b247b2622a72g0r9,0,0.0038851095518530224
12,67fd1325fbe3cd75a110cc80b9df9708l0w52,0,0.018515733560842615
12,b86050461e88566061c796dbccb1f7e5at242,0,0.0031708807693887056
12,486dc9de91d243625863313adc03aa6bv4s1e,0,0.013830365861569542
12,bd85d0d7fbbfab49136c241bdbe119dbgkuna,0,0.0016896666106947632
12,4e22432d4a059b14d1d6a68a1feaa953k8vrb,0,0.0014032829604990816
12,25f1a9c0c83eefedfc2c1589e763c2a3is1qy,0,0.0018668377952617444
12,68d0de6b2b019e4f93fe89ef3c9d3e21zajj9,0,0.029588907923834163
12,59d96b423ea3ed56611686300b681f3defm4n,0,0.006915572600016808
12,32dd072b16a69411ba3f67992ecc3e2144j5g,0,0.011410563762676096
12,38d9e2e83f25229bd75bfcdc39d776baz5zu2,0,0.07005206821584402
12,e833712b1e29ffe74517e2dadcb4f2d1pt5t3,0,0.04378886739957851
12,48badabcce6015d257ff5809761486c8qgjul,0,0.01440612752869353
12,e76154d73bb7d7b86d9bd48d167d3c679z0va,0,0.29450052365329954
12,1680b6a12fdc8c64645c00ae8048f99c6uzoz,0,0.0024203613643133397
12,c4709885ecca7b90dea4beb5dabd68aegk2pz,0,0.12007916901538675
12,0547dbd3ecb4a293913f138d60b586fdf4ane,0,0.8795614074830345
12,7da6a36817cf2d8c3be218a32ab25550c8kg7,0,0.003917148317346517
12,c16a9bdd369ed3ec2891c46e64017560fbx69,0,0.007009780616696123
12,dc4efb7e05563288d1f2ac4ca65c6734017ql,0,0.028323512661108413
12,668d393e858e8126275433046bbd35c6tywop,0,0.1092394415825883
12,5e3747785e44d85a41a74470c051e946x01dp,0,0.017157849893233993
12,2cbacd5b066b7dff7e0a87e1ef00e0b4zpqzw,0,0.0417385040915668
12,a679d00c30c269a8eca148458abb8665kciaf,0,0.003094839803062113
12,d5337c2d4b58426b30c8733313eb5247syn5p,0,0.002219553437289369
12,1f2d607e5cc04e790e3961a6432d7c15hn4qb,0,0.0025576311351347735
12,6326299ca6a53277b2bcea07bd0b4ba8ktbqj,0,0.0009872590743306854
12,aa3ac65055bb4b1660f4d8c1d2c187ecoqvn4,0,0.0024627364263387114
12,e704e6fedbe6caa9b434509d085f4c97nq6k1,0,0.001563532550942482
12,5c2d250afe88df6e4ca3ff08d991eb67s5erh,0,0.0035788097864414363
12,8a7710ee3c886df8ca78c88120603cf6taql6,0,0.001317392662817569
12,531d4a209ec0cf76c9337b42fb1c3d9c9tcuv,0,0.0019306570639392841
12,c0e4be8d520c7bac2f51ad80a98876c2aan70,0,0.01745686821266858
12,7eb7b2f6a914afba5c3d207dc28a93aed9pnc,0,0.006263236727649277
12,031da7aea2d4b75ac8ecba4825bc1318yki1d,0,0.0014735525269153834
12,958de49cdd870198543313fcf574d7c4eutrl,0,0.02970982711259327
12,67fbdc4209a1566288acba904a2b5a7ee588g,0,0.019291884417574175
12,c8f537f6bb0aa2d45da541a875f014358qm7p,1,0.07096650713898148
12,d7e83a95a05308d4fae6428bb9073a7bg8aoa,0,0.0015158503952024075
12,ba319b8bb68ca6a12086f2410ca7fb3buxsei,1,0.2846263525624853
12,0b3d5f829d18ba30d967fceecb58821c3oeqa,0,0.04740658814579041
12,67ab503313f60aaba89f64e2ce3b459fvyahu,0,0.017974839591309407
12,79794d93380946ef72e95f55b4abc008hsns6,0,0.0013611973066363552
12,14fe3602f049d4574cdbdef13789647dsgtqy,0,0.011220701852348063
12,5c5dbe70c2cb05d208c22d204146e1e9f3lvq,0,0.006570390382446348
12,93e3c34171ab65e0b031dc67461e48b478u36,0,0.007259013852866969
12,6c3bdc508c20f2f3871766cd73064c8cib3xh,0,0.0023490039300195008
12,862eef3a75e1351593b54975cd8ae1b3swcxw,0,0.009950779376164223
12,6b531ceeec5892121e04dcc6f89b10a70yqoq,0,0.12137261489817702
12,8066d0a6ab30c52b3ddca5da19518b6188t23,0,0.004276982030903899
12,dfb23124fba16b7778f65c1c8d091f949jz0k,0,0.10895746927913831
12,5114111892d49b59415284dcf19ceebconhvq,0,0.012763022644009796
12,664adb319c2be43104b6565a8ff293dea0f01,0,0.001187052995922022
12,db12e9cad5e847cd7a40ec1ee649e475iwzqo,0,0.004684439610556314
12,97268eb2ac171298eb03ecc6445d6879wk3pu,0,0.0017191814328103795
12,197e90906939267ace2422e78e8e83889znqp,0,0.1360482573730662
12,8884b7af726ce7bd929482ea13de19d39lzuv,0,0.012763022644009796
12,7bb914fcdec49aa88c7310a3dda716aa9fb8t,0,0.002280580836641151
12,31c840378b5c2e4469fd2e7f5a1e5a7d92k7u,0,0.0017611768369396406
12,ef415b2bbbb81ed33cec7242678975d5m5qk6,0,0.0026487602225831767
12,737d19fdceb065359c77b81d27053c4e5quiq,0,0.017157849893233993
12,d42604c7cca8ec92839e92508f2a3e52ehz29,0,0.014001034537696208
12,d9d24106ae1ff4f5bc4ec3caf29d7bd2c2f5o,0,0.003472143767651196
12,9dd7e7ef94a7bc5bc9f98c42099910e7o76qh,0,0.0027177577294093176
12,8725b0aa1a32054450c16b099328fbcbi71gi,0,0.0033114744700404406
12,c616385a2762ecfd8e4ea16d8a1f2596qw07a,0,0.01371516146016892
12,c353286290001e0943ed9bb160145c42etrf8,0,0.012763022644009796
12,25a4ee3a528004bcf4f4bf62b9208a7dx96pt,0,0.2724985280826816
12,6ebbb4e7c3fb4ba44a89bae997717924gm89u,0,0.0023384216235534296
12,24a32bf10c4a5d4d91c27da4710c869a0nqim,0,0.023723409184222506
12,af33d5277890ef0b5f55fbbf400441c9hdehk,0,0.002407151859621661
12,74a35c4376559c911fdb5e9cfb78c5e4btqew,1,0.01347458768119259
12,0918eedd8324da06abe5600f058480dc75nfo,0,0.001830520395923821
12,6f07ce71625a0c57aa5c0c05071cba164jmba,0,0.0017106651315517243
12,353d05bfefe1dd96d3335575ddadf310rgnrr,0,0.0014109308400298835
12,c277151116ce38d8245f9f2308807af8t4nnj,1,0.011658492156767435
12,00cc97158e6f4cb8eac3c0075918b7ffi5k8o,0,0.0028823636793034453
12,0f3ee77a46dd5a09ad20b7c3e54ec614sbpvb,1,0.011933715854129405
12,1a09feff347553a2577983d7c742e3d6l2hfo,0,0.045772197177034665
12,70739399d69a3b7ea9e72742dc728742zp9uf,0,0.023716347860002065
12,39b501f37dde9b055d627394964d3260qiktx,0,0.006528768014239538
12,cefd0ed907595de146c91e6c26b8ad658ilo9,0,0.005608874930013948
12,3144ea2711bef53de88d89d71acd16c5q0bzh,0,0.0023259234537276905
12,40f2eaf03624a31952397644f1b79a6fvtfjf,0,0.04751162880299947
12,eeb7e43d894af9161f84692f2bf9570fdryzr,0,0.014018366730181264
12,a46046f129f3526547aca680877fd8c7e6tfc,0,0.0036624636054435338
12,2c449b1bbbd5f8d9bcc1159b7bd3caa32jhtp,0,0.002257460972105836
12,76c85d6bf559bc0323bbe1639d233e88nxy36,0,0.42776649322628746
12,a116e727a3dc0b69f5e7ae14d0ab40d44breq,0,0.002109105825100873
12,437ac1b8d08c3b328924aad097a3dcdey2m1k,0,0.00778861544746014
12,3b8320619393a6f6bf12219b61cda688k4w4e,0,0.003632590127207836
12,c615c31c87260c0d85727deff6da6667lgg33,0,0.003762643852446406
12,5a6376f140f05274d6e0dc888cbeb89eukxkd,0,0.39939349946456515
12,44bfa21b7d497f097a594c8861d4f8d4w5e97,1,0.40709017274567644
12,4aad6f0ffe775217e4ef8c91d69707545li52,0,0.0014004544791734919
12,6e29de28296a57f039026ffc6df9145cxo2n0,0,0.14483602159979167
12,caa74df2086d71caf6c1b2b9c81d3d98xhpv9,0,0.005900265982320842
12,f2f10539ed947e4b141b2e9bf21af65ecz4f7,1,0.9555009321484094
12,07012e0507b4281d430b93ddcd96cae66und7,0,0.001256908358193644
12,120beb4523541f769a2b658cbc41dd57w7im7,0,0.0021004237240884764
12,1a764d01d19a1408382ccace87e61c9fndlo9,0,0.010864191701461093
12,f0ce8b973cb8d6eef9221fd3d6698fd4kl3g7,0,0.0033564742294710376
12,ffaf0a972a6dcb3910fd6b16045781e2ava5y,0,0.0013043789653350998
12,e4bee4e53a19aaf71e0ac0e3be752b2cz3k1j,0,0.006044692460366439
12,53d9e7fa087a0dab6a472bfbfb694622jv072,0,0.0017566641969593805
12,4d2fc319ce6c2ad370052e0f6f2b0a1dxiyau,0,0.003930901939719545
12,681b4f9dca9e70441fca4a58c05b0f50skmir,0,0.0010371980730735305
12,6ca1de75674e78f9d3d63fd96fbe6e172t86c,0,0.004249302713996722
12,17e4d6d9a1f8ec00cec1d4fe79b059bd51476,0,0.005675596592087867
12,3f977186d125ef8bcbee0c1562c7ced2b4utq,0,0.007209819362088725
12,4641b5a43c7a2496ef93af2ca590d2c94s20x,0,0.0025303966717629676
12,f5b2bbad20d1d7ded3ed960393bec0f40u6hn,0,0.07320018016324054
12,35f822bee4f85d98d5b1b23c65681974ywyuv,0,0.003045350477635778
12,d8a10762de6d62c087a0a8f0e61cf78bbgke6,0,0.027293503957355233
12,b6a3aa8c0f2302fa35d7b809d9371deeypvyh,0,0.034881711947826896
12,c41cd6791e262b44d26bdb3443fcfba97wlm3,0,0.3819287738710241
12,77b342f0d8769898619a935e267eaad25rubb,0,0.0022517994263140176
12,bbf1dcd2f0100fa90e4a8544b90e35846p5y0,0,0.001972131410550242
12,c99b1edcfc7f0c751b68fb310d34b75ei6j82,0,0.0020860950366189865
12,417adcdcd7157e75c66469c07208af00qjnuo,0,0.011273355532794615
12,b28e6a39ef0cdda29c5e350e048c3a813idk1,0,0.01745686821266858
12,ff4e39c0be8af4b17a73dcb761e4bb6dmop0m,0,0.0025177322104565497
12,f1e57f96a91c185a7ea716c2481cabecpi3ia,0,0.002156269097660714
12,2d38a6af2ce96c1446f900aa4756b8975y9k3,0,0.0005462722156940059
12,f28b5654b5633a0b5e3f757a16080116sjj1b,0,0.006853816101079355
12,4fcdd880c4e1a1767c4d26f74bb3466f11osj,0,0.004684439610556314
12,622a477170c3e2215b7e3cdb06db93aezz6t7,0,0.03407440456246371
12,f7b25abd850df9b0e0b305c6810e1ec3qbtaf,0,0.002768968188600482
12,1899fd76b484b9275854787a6b003b8a93js0,0,0.008215503078933515
12,458c8c4e10e5c1b29e3fbe5ee56d46e8y3fb3,1,0.9781860109897916
12,43bd7fe0ed7629fa774a461127a629f19je0a,0,0.0012962201799254685
12,741b9948c8cf42d658676e5a46757815zstr4,0,0.00186497363467437
12,4c93ba564461b1412df6f033c8ef71e8ck438,0,0.010324047530213551
12,25aca203223b4d9563f5b1a01aa3a21ftlgve,0,0.011326040391619609
12,e54c3b01eab75ad3a616d56dd06ebef758ua8,0,0.0014090237927638126
12,385325103b3eb54b0b974523fb7a13e02go5s,0,0.0033880289195801134
12,17a321c4a0d925ca80507effa52330ac5n5r7,1,0.008959115963919441
12,235f78b13fc87c995c1f309403ee56bb54tu5,0,0.004019511401254818
12,84f06d2c69695fe24cd69f8a1aae21a7kozbn,0,0.003297272310282818
12,9f34ed261596a1114cefe81158c5617biq26c,0,0.10815540462937796
12,8b253bd318229b3eea3f459bd81b8347khytb,0,0.8800926374694465
12,c17c63af831939f5e2fd12f65821db65umonm,0,0.5315361772309934
12,717a0a200628f9606d88afebaaeb409bv60y8,0,0.04134903609392822
13,4bee9aba2abda51bf43d639013d6efe12iycd,0,0.057742362476171656
13,57db69e32163f3e486dc6ef7d615aa12usje6,0,0.0425619705099191
13,3f3a3705be5ea07b9ba7ee646ed756fbssuo7,0,0.001883157784742511
13,d29003d7f3ec1f0e4ca9cc17e6389b4a4phcg,0,0.002811099218829646
13,c748f0d69cc89d5812c9fe3a6413bbb26351l,0,0.0019489596745000382
13,0d0b3d6dc27d0f8eed70971f8c6bec1bdrs0f,0,0.008774814118492034
13,a22fdc066a738070c6e4860924d06657hengu,0,0.41639957232218566
13,aabc211b4cf4d29e4ac7e7e361371622pockb,1,0.9932026230693121
13,e1da7d96b83f16aa80cc254572cc154fcoudy,0,0.0038728305497935864
13,1cbd9081de4481ada66f1853737f7684ddjd1,1,0.9719543803175473
13,cf33d05860b7f7d9af73c6091190b81ektz1j,0,0.02836666280810192
13,cab0d4e41ea81636de3bd3a1800d8da8x4yca,0,0.005941717035231824
13,7cb144485c703ac09fc73aa646041f72ogqwv,0,0.0018544987180709178
13,806a46eb814ec7a09bfffcf38b0763d344tc3,0,0.0024900701380163206
13,20cb327bff59dc8f4fe1ac68a30f02eb6jrq6,0,0.001889351230607905
13,80e753fbea14f966b1fc6d1e194d4e66822ms,0,0.1338338726152568
13,28c0d4c81a22958352aa742f7d74e477qwo51,0,0.006598474171909381
13,0e66933c924764a59760aaae5368e7d1e0s88,0,0.003981270776337055
13,024cf43497fd7381df6254888670f84bwbbam,0,0.003355497766771546
13,12d6239a92972a35bc990225b3ab33466znm8,0,0.0023765715721680157
13,15972a431aed117840dfce5556242366c3fwq,1,0.8102089141396431
13,fc8e62e5fb69ba67265a3d0e3403aa3fr8c2q,0,0.6266470450999889
13,36b84c776aea2e008180dbc72393ed750zsbr,0,0.0187787725109141
13,a9229b83f54a5f44a69e65b9b3aa7aa26qcon,0,0.0031685274904430607
13,2e3b450b727fe3e888c85d52251fd33ffoi4b,0,0.002194744355380539
13,961ab8cb7952191816db53f8a11a35fe1zecm,0,0.00965670231347871
13,99fc8ed25265e58bc94d9d95180badf4t2e3i,0,0.010689358988734816
13,f90f13ddfc0f98cbe3c2346a2e30093cq6zo0,0,0.0024397433535606017
13,fdd836950d203286832a21b930b9f6b58ch7s,0,0.028864288227755094
13,6cd1bd77bbf2af6a2c6e535192af628by3h22,0,0.10155930914267365
13,520b616c26fc47935f6bcd5ec063eaa7w15t8,0,0.0019489596745000382
13,85155ae64ccbde01b48fbf4b3f1b739exmqyu,0,0.002871472835042793
13,e613acb1029ecafd9792c9f75d468e4bmm9zn,0,0.0014204994918767435
13,74fc24cafc7c5936d0422b8da306365byjv2b,0,0.002499680110642504
13,f186d292f4e83f70a92c97f92993f655ygqzw,0,0.010485808314910028
13,ef9ce9b85309d7d1044ce57055705bae8pqlg,0,0.0036134527879683534
13,cd856579a7c4850b60d8763520339449x0mqg,0,0.0012670174646158946
13,9e72fb21f7581cfff84e833d02538e5ar35kr,0,0.001719584439358296
13,b191c73f160bb9320dd3715bc3ffed26ymluh,0,0.001865598692885808
13,408f81a85f3b31f8cabedf6ccd381961pop72,0,0.005109765596516821
13,64e802fa8e0c17ec2ba1b6425648b7cb7ndkn,0,0.022906749073932843
13,42c407eb70ddacdcd59d63f22caaafc4fa0p2,1,0.8492682158148246
13,b719671479e7d75b1ba5a5617c95ccad4dkvm,0,0.0187787725109141
13,5e611461283a5c3e49b5bfbf9c33b7391ce3h,0,0.0019372358161998645
13,4376fc192e83a1a5d7a83085369916e8rr035,0,0.002630129414159159
13,e7a98dc8545eb429007cb48799a40a2dc9p6o,0,0.3508286412598369
13,a2d0b7ec1595325cc63777f106e09fcd88y5g,0,0.04043564983197343
13,ff12cd48c7de8ffb8b2099f262ce03980dqqz,0,0.0023040895255766907
13,ee052a24cd3164af9d08fe77bd6b79dfrbelk,0,0.004114895838186891
13,d2138bce99f535c244dab68652ccfa2enshxk,0,0.004319108648252935
13,f75cc5ec8acf1ad2349e00ffc4b3191a531f3,0,0.003227506338008826
13,76218e14c379c12d599dae9e1c00b61a3i5b2,0,0.058289649063874314
13,d2ebe13374f25a12865d50c17af1dad7yspzq,0,0.0019139509232289106
13,3d94b376bae8dd60eea48ded36134a3962glw,0,0.0019318868839281634
13,a6bf74b19fcb2687ce345930c4c16d4e2txda,0,0.04562163680117554
13,bb790a228de797253bf6afa43ee52eba1s2dx,0,0.03282532430858202
13,f0f21cd3d51b7a233988cb1c3c5df977zjqkj,0,0.00215282556348428
13,cf9a1c3af63d1bc3f55728b4a06a5f46njrac,0,0.00797297359274916
13,29544507566320f1125d8e9f9a0ab3f2jswhk,0,0.9077431599826334
13,6f46b3e231003daf21108df4624afcfdaaswv,0,0.0018748095125532055
13,7607c4efa792a69e2a8949ccafcbef103squn,0,0.011681606338235047
13,300bb4c9816a7064b106c9c6cec2f51ei13n5,0,0.009296742176556025
13,e03311c7620a8098b7a177a5f1ad213ernao3,0,0.0021444274904817034
13,72994bece8c918a2c4c432b98780a7bdsctwr,0,0.001993823484448894
13,01eb9dcbd0b3e79d94020d13d83a993ec9d2a,0,0.0029307407107944236
13,cffb5f3c1f4ca815d0f643fcb2f2f316beod4,0,0.21929163803107968
13,74866aaa89db79f25dc0fae8be067b83xlbm6,0,0.002044196088962636
13,3733f7ea492eef1f69f98593d2122c50xwcha,0,0.004422931885165529
13,7f86c3c417ae1db5bea10bf9d0a7827ct3ni4,0,0.7311172457953325
13,c18cfb38fe1c4c01705391422177265cn9w5x,0,0.05555366009651278
13,eb2c4b4493f31788ead745533e0c9a18xzzlk,0,0.015124456176642844
13,786fd201d9c952bc3453d4b3a6fa64046d8wb,0,0.004081756515495987
13,45cfe8744884eb207048e3cbee31ec56hd9lm,0,0.0068655364418678585
13,e0b6466f9f720e9d9a00d7c12b2e2c6d8xwxz,0,0.0012670174646158946
13,dcac75b5ccc362a66e7f9112f033bdebchxq4,0,0.0018728035320387793
13,8f00a4c4d7f097bc1688f8d89431f6bfmodq2,0,0.0276401787529833
13,35a89119272ca55d7f602689616b58c3pebir,0,0.002530475893186675
13,ca0331fc37db2b251a012376f7b987fcma2jw,0,0.8811200286588379
13,b42ef139c2dfbff8356e8886d2b109e06riso,0,0.001838888265265133
13,b232fdca7cb98028e8945005f619fb28p8788,0,0.0021048055712115875
13,295fbc4ef00fe0cea7947811e78bb8aez9ti2,0,0.0187787725109141
13,11b1859aaf7fa93818baa76007cf7207d8uwy,0,0.00234216257067483
13,11d7f0a5076649b229c301a22537834e1ehwg,0,0.032001315246636075
13,57e1892d3d62d87c9ba5e8425a1958c0fn11u,0,0.030467927096850023
13,2906a20e0b4f7ce840d051c4be898b66do6wh,0,0.03295388707488654
13,67083f257438b1b79cb09cfa601890855of77,0,0.0020182584112757346
13,bf80bec9b4a8d29c494f8545f2a4be4eji6qj,0,0.13634827013442985
13,3fae46174ef1a7dce5e9893775f814c4so8s0,0,0.034414667494770484
13,313ede314e2e05c31471fd6a93f98af713jud,0,0.007480847936034526
13,35b111da8e919bb34e80511be9cbd128pjjdm,0,0.0276401787529833
13,3d7cff3dedd8a8e02dbc551c6a61da3bibbvh,1,0.23660804043004166
13,66513f72be85596a527f9f653db3cb72cq4jg,0,0.21474390450803335
13,10b431aa15b56084d32fe1ef123c4305wo1nl,0,0.0037111852203903315
13,573cf43253a18821e50dfae941ac287ceymgo,0,0.007155295922982012
13,85371e59ea43c33c7e481ba3c214e893ail7f,0,0.001409175389195825
13,86b6207b5e87d58ae307bdc1545a101akz0ew,0,0.0018643683831112367
13,1c66f261724506bee45dd18a4d221bfeh1687,0,0.023414518666599292
13,200b548999702c10f8f9fdbae9ce60622owzv,0,0.21805439685224254
13,d8d90875fbcf94c3b4c5c00479cbed6e1mqrl,0,0.0030133161866597404
13,2b72d702b44fd7dd58062e326fd8e4779j8mp,0,0.012871285253298614
13,fbca8e44d824faa1fa6b99325758ff19vi94a,0,0.25823713375519863
13,0353aa9e97bd46119c90b8892f99982esfem3,0,0.005237242980127442
13,7d72bde2e297ee81296adb4fd56e8800p7lbe,0,0.1335619506989259
13,3b947f8c954acf4354d2c3bdcd494fb0x54ee,0,0.0031573967110344638
13,b1bc9ff2b98df742affda07c5977c7345dpm5,0,0.0011807264227195217
13,b6a7b5bba132a90e7c7cb350d2bfa52d7sion,0,0.9338528707849725
13,dd1675bf26316cd4630087fb47d0ff8fsug8e,0,0.0054589134854016105
13,e19f258fa5019e58974b562a8e1433ccluztk,0,0.03787395527086828
13,a60101895443bfa5d4485b9c2c3e1b68t5ppq,0,0.00292299853858615
13,8322695c21cb27accf0fe269438bd78fn3x44,0,0.11810958222252109
13,876b122982958678f14bb25d887dd79dun3qa,0,0.004403407893975564
13,d7c046d4328c139e76fea7c1833e8fe6fx4yz,0,0.002106547088013622
13,d4a84bdffb9543626fdd42c879343ce26ds4l,0,0.0029887632948324768
13,45c3a73b88760d4390f42ea4fae97d84la5wh,0,0.0019673644094256528
13,82194e7d8f9b84e71b789e763b5c3263r6d98,0,0.005390768997096845
13,9f793ee6e6df7f69b5a5acb4e13db0476b26x,0,0.04043564983197343
13,012441119bcf83b23d4768bb72cea6d6carua,0,0.009841773364455395
13,953879d32e39e014cf8ce73daa2547cb2ke8t,0,0.016021427407905325
13,d8ff621bc161b09d9192c445f4b3be7b8xow6,0,0.0022211307154332708
13,796961698c2f2442e73c5195062370caawzzo,0,0.001970991682356307
13,156f4a8763e602ef789f8048c6928676a1ily,0,0.16773773423566157
13,86091a1e6c99358936979baf67d54457x1dzy,0,0.0024692762969483195
13,936d542904f515ea87bab7996497b11aszyco,0,0.006853205423124334
13,c6108e22518279361de99b3c7c298235mkoa9,0,0.006536240618820665
13,b071545f5ad73150880c42e780d951bdzvxn7,0,0.02607442165789309
13,47d1dbfb67706772f8a44f50e5656602z04rc,0,0.003677437115648595
13,c6a49cf5944626b45425712f9e19e91d2nyh7,1,0.984179207061451
13,fe4906ac4c8e2db5ed5a71e8a9d10080u6g7o,0,0.04043564983197343
13,de8943f2b113702c98ef695888b7d0c6my29p,0,0.16773773423566157
13,6c0212679f2439c4113386b2c6ef513e8wr8p,0,0.8339798307256095
13,429f301119adc32d35541dd4d60903563s7nr,0,0.042050917780480174
13,8ac7cc6a62b82e675465e89f67ab1f962ltgu,0,0.001295048929981065
13,5f7767924aa92a8f01b44a7e09f00a4dgqk8e,0,0.006527008905290716
13,af9c96944265cf541b3fe734a057821a825l7,1,0.6923227450172613
13,420e7aebb49d7ab3c04e109a98e152d7kquiz,0,0.002253820727489738
13,d2eca28cbe0a3dc69715d719c6958faaaqx95,0,0.011129503421223238
13,ac94684646bc6f708dcf4566f41ec05es9v44,0,0.06055430031561423
13,bbad48cdaa604c1bf40b59120a775794rnlg1,0,0.0494469078508488
13,e2554dc14d54c3b7be85c59dbc1425f77qv4a,0,0.0187787725109141
13,a9bfa54aef505d65ec488d8984c82a7bf0fjm,0,0.04035481610891945
13,f334d76f60cae7c67ab04b9e5cc49907hqsc4,0,0.0668344719811249
13,f05dfdaa2f67b190f3a79a5a2d5daf9coikow,0,0.0187787725109141
13,9f60e1593604631e10ad2677c51055c6mv205,0,0.003478889013311002
13,ae817305e82b580f9ab89f1a379488e39il4q,0,0.022078019404680307
13,183c4e44d09bc4ab990b957e765af311vlup7,0,0.001741835862682391
13,612d24dde60a1b42873ab7b50944c6dad3dcb,0,0.027274025237551385
13,313bb0007cbdd82f326d58c96847294c9hz4k,0,0.0022056280555932816
13,3e85a43950c71b1988a814682abd4392yakvp,0,0.43324000551601244
13,e429d13bc2c7acc82d8d68fa020546c38v82z,0,0.0018643956496085096
13,e0df56a5ea8094d070b0130d7178a996noolv,0,0.0032581505563531485
13,b5a92183d20e5ca98da4065c874e0b9dezbhx,0,0.642304431640772
13,0580f2e77b4c0dd3b5cda8a1641cb9fenmo0i,0,0.0073735407383962335
13,ae15accae2164aae084aef7e3524c1fflq962,0,0.0071906620897755034
13,2d9579812895729581ce269ea17462197jxvy,1,0.9317462094031808
13,d9ffd2f7f3cc1a546586701c2a6fbda24u9ye,0,0.21111734534507864
13,4922d20e07d04601e8724be5e9f9576blyccu,0,0.16773773423566157
13,631f923b7bcf91f61a2e9f96520bd8c8vtl14,0,0.6641697550315167
13,f73eb6e2e7a872f97c715ccdcddac77am8bq5,0,0.0666758072432157
13,4c67576a6f30a158d16d790a7fc482b0zqxue,1,0.4864604923155438
13,f3a249f6a5c2c88ddd8bccb1f8a85fe52xnkq,0,0.002121082802068358
13,86e50263881b0d382b55777185eb648aagh1g,0,0.5595228282110208
13,3312b8e73417810a88be459d75fe9bc2xhd8v,0,0.0065738054358623855
13,5830a96593aff3e951919578f7374f09pqyc0,1,0.9585096682709262
13,0af208c4fc46ef9236052ff495016326zxoqf,0,0.0025767912373129936
13,a6d6f3f5034886fc00a1245b439de13a66ha4,0,0.06661856430507597
13,61337802cac534b7e7711793039782d6f1yy9,0,0.008245229050314646
13,42f754cb72e01c08005598e1f9383341fn7xh,0,0.010821817488930902
13,c4d42d0beefe49d6157c546a2504f4db86hvd,0,0.0885963059676902
13,9a12aa1aa3560062c6f84bd374eb5f7f422vq,0,0.0022921482875223245
13,43553dd8b9370fbba5efa6b652d9b43ezsj11,0,0.0017086678646253573
13,a40808ec5bd9d0440585286f1658c3b1ag8dt,0,0.00369890542216872
13,c9e1e860e39bb7d4dbf3c91c5d6c36c2dv4tp,0,0.04043564983197343
13,72dbc4a9f579a9444c126a0a67118783092ec,0,0.002473116599182822
13,d9a813646e8fae954898c1279196f5493gqzc,0,0.002159732316966878
13,3ef757c3d6a272681c69bbd7e071b705yzt8t,0,0.0028373010354748266
13,3cab5bd983f5be9c16789b6c14bae982nhi9c,0,0.055283319423043494
13,97ac4a68e5600c4b7a960d9580d4f251470mc,0,0.005898144861990607
13,a0aeb6de8a21a5b776f63530ed753fdb34k7y,0,0.04934393728603951
13,40829191b83242ef1f380f90876cdd74mrqe1,0,0.025812209763587453
13,b9d861ce6162179a4b008b63e7fae80fjoywx,0,0.03744155880947818
13,63c48b70d37dee5fcfb26f94107ba3b94d90p,0,0.0034061712601041534
13,fb81da0790d821a22617d748d0226540ylrj6,0,0.03960318488994557
13,eb8f9ca4a23586f5acc770fff966f654dy7g0,0,0.06214196311263189
13,a13da89a3a54ac9b4ced156542afca5ddyumw,0,0.055283319423043494
13,24284d3fc3334e0adeb6bb95637ca62d6dm96,0,0.00776210447605206
13,83a24bbff5a4cf9d9fb10391102708f1oqpco,0,0.001954460375477555
13,d7b66d95bcfba06122dc6f7a3c605fd73239a,0,0.007214178833761429
13,50a4bfbac8a9653af4099ec1169f684c2nsgu,0,0.13689860441849036
13,5fc9437841f1dbbe63a3a933c48472fcohutg,0,0.002836756868691982
13,673650167f432c009e9dcd062cd4e9fc2szln,0,0.001707595793465138
13,3ded667003605eb856ed1aa2b82c1732gtma1,0,0.004984462664110045
13,cb557e4675bf4f36f93ef5599adff545nz370,0,0.047336940928474965
13,d6517684989560cbb0da1fb2f5bbba9b9y2st,0,0.18153185634823085
13,ed5ee107143980558fae26c1b5c7b81a82spj,0,0.006124889811856944
13,ffacbed056cbfaa60c1fcf51f0d381bddr3ly,0,0.0030454934831984763
13,8644c9765c64da22776cd67eefe0f498u3aaz,0,0.0012670174646158946
13,30c3c92cc9408f55cfa895ff8a505930a3yy1,0,0.0036715678386758047
13,00a0517965f18610417ee784a05f494d4dw6e,0,0.01174653096199713
13,f01e3769fdce36d31eae85525827ab17xeu31,0,0.0027426494339768456
13,fbacab353140582a4b8ae3412eefecbc753vs,0,0.015135143917706016
13,b0973e698b12fe51ec2f259d924c6098rasmy,0,0.0019428089393897828
13,da2841ffcbeabaac373f00039c10f39fty6fa,0,0.08224769311829919
13,098bfc9c440f9ba9e6371f774ec6a36fa0sq6,0,0.0020889909608060105
13,1def3e23e479c9739abce6b3518013d39oejk,0,0.056200926006506634
13,dcc5a79317a22bd0f6dca1f60fc866a8bei1d,0,0.09006356736441852
13,11e47dc08d7fa4d1a1953b5868892f72qvlho,0,0.016957535266478824
13,30da67f34e3cc215b3bdad588410fab5655fx,0,0.10220105124899727
13,08353687608279ddd83e4d36fadd1cd8ritj3,0,0.0037950052375052847
13,1530008a712831e35a673d38959528f4ozipv,0,0.0012063352398110482
13,cc4763c97c3d7cc9116e0a51a6d1f2e82242i,0,0.0021208804840492845
13,2137e2626c568af8e56bfb72fdd5b9e19qiyt,0,0.004587619546535832
13,470a0e402bb9cb4d48c2a450d2043e87flc2m,0,0.003789493013411504
13,f0fd9f1b3fc9ff10c2642b3bf81946e2rsq48,0,0.0038027244537403304
13,6a97f70ba29a04e77eb3b137e157070dc2mqc,0,0.008946672250789394
13,a7c263f3fe4f19ff677e5cb475f7e5a3gdom3,0,0.0019913668763249415
13,3d2608a892e44dad3027ab55bfaa0b26r69hy,0,0.09829806796099308
13,80d8e3bfc8a2ecbf22614befbdaacf5fo6o5o,0,0.0276401787529833
13,5b0665172160ea4015e79dfbcfa7ed86oe0mc,0,0.06314636574944806
13,69d8fbf99586bfaac64d31f82b9bee27wltkd,0,0.10784971093725483
13,510f33a3c0a290a0e43d2576d928a4abxieo3,0,0.06055430031561423
13,5dda8ade6b5d4065f3119a381516c227yoz8y,0,0.012774198894649057
13,6b3cff1e3d9398d4c125e7bcf612192dy1gwn,0,0.0276401787529833
13,b258a38ef4cc6ea241b5473ee9badd32ekhoy,0,0.03869886052882686
13,4199816cef8be846ca71ae752575744fimyto,0,0.9667263655956659
13,7d44df0d40982a6651a06cf533ef5dddtppag,0,0.09141014362096637
13,e268d06507859d78894a8f6e11995f48zls7t,1,0.9901965718833171
13,e7445f6107c8cd3783fa722c7dd29fe6rcd3a,0,0.001824115759934227
13,29bd1e11a41eb2ff50af75d10f28041ejh9xx,0,0.0027447000607465103
13,8c3631460a4d25d2b21b1f92ebbad752a19ww,0,0.002530993288568234
13,989e8e68621a43af5a8d061aa91bd9bfshy7d,0,0.25823713375519863
13,1ccc69e376c95da9bd569a5d1a176874ivojs,0,0.0034408233602530006
13,2e07d37dd022e72ab04da76f51edaa13qk5rv,0,0.0012670174646158946
13,372bf02911448b7f62cc861074a7ac81y0jsn,0,0.057742362476171656
13,3893d2c62d59c232112efd332bc342dap8b4j,0,0.008393721829722504
13,100d406b638e84e2da7c31b03100b874qiay2,0,0.02064060939857736
13,06ddad46112881df154e3bda0e90fe880r57n,1,0.9390976012252842
13,3e995d6f9dda5f29c02af4c9fcb94bac0csrw,0,0.41551035626524957
13,e932ef68638c37220f4c2c386cf54578x4hpn,0,0.002441065981990808
13,60edf674563f85b227898f6af0386476efy45,0,0.005540251341053054
13,24d4554556deeebf61510cf3e001edecu8hgj,0,0.0052190640850574704
13,84560dfb1400fe920a29ca2c728acf1e25eli,0,0.007194475171609487
13,78e59e188d9780cb8988d574f692ed343s129,0,0.0031012118411632428
13,7c0add0ef85bb5194e95ceaea737f90fyv13c,0,0.002826734850093594
13,781972f2af3af2abc492f9dbb0f6fceahnban,0,0.002423234503342943
13,9bd2d79f328a5afe815d5832e521aa9187q2j,0,0.7635741506382268
13,9197b6590c6dceabd88ec93157fcc31fgb8a4,0,0.0034379561819140145
13,3c37de5e4321388ba706233d5ca4a0bfp7w67,0,0.0187787725109141
13,7188dec1b560385b0826f78e7608fdfeai9fm,0,0.5242735302402155
13,233e09e861813cd087e8937f32a29bccs7b3l,0,0.0017647153578435064
13,225716d7bdf8f90cb4a4b779c663cea5j9sqp,0,0.0022038847915604844
13,71c2561141c55414618d67d1a8aebac1n0fjx,0,0.04043564983197343
13,4579226b86f3ca5b5ea1597efabae4c42j4rw,0,0.00223011465681423
13,82ae4df0acf8237d7af1a790e3848645bp73e,0,0.0023664819478238543
13,fa9cfea85e90bec313e512e9eeab2e869tvx8,0,0.819446009474389
13,12c1b22ede3c23949bf130cc7bac6316ks7fj,0,0.006244234496065609
13,74429c9ce8183e2b1b89600e6de4ceea5kn1t,0,0.021607974075377342
13,3de66f8a5453943040d42e1e73f11eebll8h9,0,0.004319108648252935
13,82f1ba4809f4812629e9e53ea4c687d7begx4,0,0.053666664951604305
13,c1d9c4c69367536d7b0ccac19527629f65025,0,0.0187787725109141
13,2e463fe6bc1616f8392f82c138a6a436mbtjx,0,0.0018333514494531095
13,ac2d643e0c0d3bfe8e54e5a961c6cfdb5xn9v,0,0.024286955869868353
13,c349d767ddda78ed58a3c5769e780598ar3ei,0,0.0276401787529833
13,7291b7fba1b597d66bb8efd45fd0d354q71ka,0,0.020401906121801476
13,88ebdac47cc2623888e0bcdfb35b692ejrbvv,0,0.01738140499846739
13,c8a99985c7bf230f475a8e9be6a17d7a08r3x,0,0.0020318938937214526
13,a37b105534ddcabb169f6ae3ec928d85slw6z,0,0.0025704222448121998
13,b6e52f37365cfeae9204a9f408b8c3a4idcs7,1,0.9498944085784279
13,459ea22b6b51936d0788de9f78a3547bf4jrw,0,0.0029284257244334023
13,68546847f11f6415034b7e2263e8ece62p3ud,0,0.057945306710804556
13,2e33b1ee8a9d4a5cc5f886ca455e8f86kxu5r,0,0.006968784442968176
13,041d869edcadf595b90e3b5248903183pn754,1,0.726814129781911
13,7ec5c7e2317a9b68e861060531588f76fpldj,0,0.2545232528892108
13,f430aac3f0f7f88a9b504bbb71322d54mct7s,0,0.055283319423043494
13,1c61726e316d5a16aaa80b429080c534u43s0,0,0.00234216257067483
13,28a0d5539562290a1a2f63d5b7230db090ys3,0,0.13797913101914375
13,64abb8a286b2be97349e8b17abcce6d9rygza,0,0.0027532662989263384
13,2234754e09ba15519d0104c405326fc4igk0s,0,0.009548284343237312
13,f23ebc71f2d8d820db2bf0576ee7e148cxvkp,0,0.029133691198241014
13,83c9359ad94eab7f4b8fd582a6db4733frmsr,0,0.006065553654929831
13,6d501ebf066c0331853f1bee9754e781obu7z,0,0.030467927096850023
13,f5ab013f90cb8890d33c6a309798204155q15,0,0.0017512205033429417
13,ee2caa714a2175abb13eb6ef15196368cwc7c,0,0.006052069971622703
13,c1850964c360c9159e5d1d0b6485e210s6uvc,0,0.004221347978232773
13,783d5c219ff84cc0517f59a39bb98e18st85m,0,0.009014424901337005
13,874402ea8b408a017756404006b12708d9s6u,0,0.0016868316222871558
13,bb43fc12fbb0fd2b2536e4033ababf59exffy,0,0.03383049333306012
13,94c8c0f9c90820f28928caf5d122dabby69ts,0,0.013825853602569532
13,0e5ec5baf2e15afdbf5212d8461e1ad9h3kr0,0,0.0019768028052701567
13,715ee2811c764d5c58aa228ee801e518gqvli,0,0.00820068395587869
13,466ebf78d7326a38db1e19fdc1c70e9b1qu0z,0,0.00489335861287197
13,aa20f72aba9804a4922195f66a876688rugsd,0,0.013754102889185462
13,2271fe5b01f9b8f9d8409014ae4511524grmq,0,0.18202972067987888
13,5053e03863b6887308c8446cefeec429l94tg,0,0.6011255881832722
13,8df5d645ed4040b857c121a4459b7976n5u3b,0,0.10487681735108534
13,8c412ae875b672f18073d643c74f9f0clzbyw,0,0.0017448867568837618
13,faaa98763b59ed5f02836d4bd682035bfhujq,0,0.0030292590688797225
13,c5c8a28a166913512f5bffa6a49788c5b0uaa,0,0.002707449405430835
13,cb705744a588c18087921e74e68cfa10oev6i,0,0.028171545155389607
13,9adae18220565488f77036be41cf71beiepqk,0,0.5953982834910434
13,ae29b39843141a73b39ada671ce6b6c0yxlb6,0,0.0016985560405887927
13,16065749457a14b26998fefca503c3ecf9og8,0,0.0033980130785317172
13,ecce760edfc6ec5cd5ddc7037c514dc3zod4i,0,0.003710592098140251
13,4d6fa52e125a18f433db6e6603b58ec7k1key,0,0.010263058442588551
13,4b9bf4cf1085e9d839e833e4b9d40f2a8ps14,0,0.008884655767670339
13,19b39b852ed4abf1ba5b095829e25b946aed1,1,0.774065651736264
13,ac9bf3a07831666bde4fefb75c184adekbrl0,0,0.010933640800338974
13,50859deae0e0a599efde1725cde3a8b8dw86a,0,0.0031134255419552072
13,afdd5c7c912f9b6a88c0c2619d618124ycm44,0,0.0187787725109141
13,950aa0150f419cd6361bd3c500e6e695xfljo,0,0.004637125590671059
13,8c939b6713b7881538cb05eca89cfb1cw1lhm,0,0.002772824880100807
13,97db2350652f8d01237fc4c59a470eb81h9gs,0,0.009391751100595213
13,eaad20ae39d343daf76adc0b1a4984faumuzj,0,0.04040958665390748
13,227bc0936837200d0aaeb444ab8d5f1axs8zr,0,0.0028745194223957953
13,e8581ec94cd4d5009ab6b36c6aca9f0cp3txb,0,0.012080707316566854
13,90fe8d6fc0bbe4ff2ca7833fe51bddbaaibof,0,0.06201134520550337
13,a8b8959fe64f490d32fc15a5d1144f87qj9ai,0,0.001883157784742511
13,cbe8d224a38ccff930674361b502e7beyuf1k,0,0.001883157784742511
13,3ce8aa0207022698b6d0eef09c89b381jzqi1,0,0.013369722393920029
13,e8291466de91b0eb4e1515143c7f74dexy2yr,0,0.8557845152183634
13,8ab98c1e6cbfb902af4e02050a886396a40bg,0,0.0019368940727217446
13,8b109c0aee5ed07fc996e73d28e65888o5jmc,0,0.057945306710804556
13,27ccc09ae923d1ca8ff7ab3242f279f7xuclq,0,0.0023097656815546973
13,050a3b29ca1818e1f237df8132bc2013bcuxi,0,0.003935759058036838
13,6130cfe76ed3bd87c8f8dc6b2b2786dcp44xy,0,0.001820741578024592
13,d9dfeadc7e0e844ffea3cfc706daae5dt2hhg,0,0.004985741219935628
13,23bdbb8575f191b71853bf78d09e11a1lhnfn,0,0.005670730315853886
13,34914d163517a0cc4f0c971afb2352106vsvz,0,0.009591672439066903
13,92a63dbb8323426833b944a4fc196fe27pzha,0,0.002277037287616492
13,e56f611f1157381f4b689ab34b574e791qhcn,1,0.8880673553688562
13,2dc309478d30d440e75c932b1f13a8fai2p2e,0,0.003006881660145901
13,ec6d3fbd8408ba43891370d4ffe41eabhnwbs,0,0.014750448685896797
13,6bdb40330295fb3abd4647808c319d29pb29n,1,0.0027801626293403056
13,1d4eaaacb6127c43c1c007331cac135bpib3m,0,0.0020680340759103365
13,1275d8a6a3b2ae9d24b50997397c254cpuuzv,0,0.9316617092526807
13,679fe2a21415aa98a3cfb88abd0507edzjpsw,0,0.057945306710804556
13,fff2c070d8200e0a09150bd81452ce29ngcnv,0,0.0187787725109141
13,7f3516b1bd7e5571ab964ba0affe9302brn6q,0,0.002352926475836007
13,37ea72c53cc50112ced4f88810f1b38euoz4r,0,0.002978699031792241
13,de4388600d997803223748e48bfc7b16ggyrh,0,0.0024373678799521235
13,7a0b445f462d05606bf6ea07e2ab96ec1a4kx,0,0.0045922579896026565
13,cf06ff5f520b14d1f9f1cf5a7ff34982bj4md,0,0.00223011465681423
13,90953913d629a03e27590d0d0f64456601ktd,0,0.030730217345789276
13,74582963d3774699f4215df7f2d17c1b6b4pn,0,0.00240446266180111
13,77b7daafef906aa3f941992bcf94dd69zxk2p,0,0.00954657215686079
13,6c6c3559c5f656c71348f7cadf29bb12okgl1,0,0.002067656235103086
13,17dbe14676cd3a3cb8a7edb438622f7fv2scv,0,0.015232815897196068
13,5c32e357936f8977277d9b23d8f09f34v41wt,0,0.0016928343019023474
13,96dccfc370343f6871dc478d5b2fc3ffx95d3,0,0.04857751975072035
13,56b55e6ab49a4cbe7c76a2bbca804089pjq0g,0,0.016094438964152927
13,04636b6c61c80f5325efe61183e8edb01ko20,0,0.003516872733135874
13,74cf3a0c5e4f080415888bad2f7119499lh63,0,0.0022794525913508445
13,bd7d5414174da6df4b018c21495e8a2cxiose,0,0.5990893486886691
13,8d500e174fc28d494482f8ccb9438608zd51s,0,0.057742362476171656
13,9e1f21ee1888368e77b539083f4b94ddv8mrl,0,0.022594421602755883
13,24db47d284a08aaf119eb3e0c45eb646i46j5,0,0.01101488385291011
13,b8da3e0dc73d1f453ecbe6ee4d4e8791pr8az,0,0.001852820168741819
13,0446457fc8e21596799158406f77b14catx8w,0,0.0187787725109141
13,219c6102f604c8ff0ead5d23375bb127del0d,0,0.57289538561003
13,19033960ac23dffe078a1217788bc720jvjbz,0,0.002626006492717095
13,21fd0c468438a483ad1c60cfd1b84b850iyjv,0,0.003227982274549147
13,99a3bacd3eb66c909a02b85402ac38dfskz65,0,0.0017481876994004447
13,b5d61accc925a0e86ab7274e1ad82532gb1w6,0,0.07489494761419342
13,916d2d806b772c9f227a9b3640e31469ljrxo,0,0.2092285291189873
13,4f7331589f84c6359bd693513bc9d7ddlitos,0,0.1710551839372213
13,6f6c9a1964fd4bbc082f2afdbf2d2af6ypdhn,0,0.002773490405494289
13,9e9047df09026ed5a5a3a86403811159u5yja,0,0.004126742061466742
13,21f5b103136104e4947e293983dbaa5b4tder,0,0.7023409040795944
13,fc16993f1fdbd5fa8f8ddd72b40442f0qwyo1,0,0.0187787725109141
13,a4e83190edb97fefdc4a6cbfd00f41fbm7c4o,1,0.9323244771577924
13,3d7bd741177a712ae0417bc4f4a37bcf9jo2a,0,0.035918365960739274
13,9a272c3baede0633bab0e15ff98d207e3ldpv,0,0.0276401787529833
13,25022fb30734c2e5044e031b0e9a4a9ct3354,0,0.005592577538421822
13,fdf0eb91ae1ecea1f6902676f47c32c454yzr,0,0.004097370776785194
13,5f529b5ee68b60482c5d0c56ee91f3c2cjrmx,1,0.9849051055512682
13,0f4669e36b2e721dfe27f8633b277a1575erw,0,0.04043564983197343
13,f4189a40cc622eaef015a19d75d9fe21mylhz,0,0.0017768558405121702
13,e18ddfca4efb99a785c68ede9ef773ea8sfmz,0,0.0187787725109141
13,ef65488c949595d7885525ccfab9100c6cmqb,0,0.42287621529753405
13,354d4abc23881a40b8f119225e0dbd09tk1u3,0,0.00225334349061632
13,4de568a9b480f0dcd3f2ac385121d75bbpy82,0,0.002531108885569552
13,69333c66e55cdd6cabcc6ae64531fc33w20n4,0,0.012239377385160852
13,b1ae4691fefd3d09d74096ec4caaa6d1v6tbw,0,0.0024868034779577664
13,0ad17aa9111f657d71cd3005599afc24fd44y,1,0.919617864891468
13,37d71b4ae830fcfa6f0c4f65ec386414n8h5l,0,0.0020916002725901803
13,4566ae63ee93ffc6b000b5cbea7f6a8ehbg00,0,0.001786259631875745
13,1870650d20a97db60ce4133bb9352b69h9phj,0,0.03254781210828706
13,b217ca4cdea62a3977481e398d2cc9bd4sxht,0,0.0017488074026828307
13,6ed19e45dc118b78a78f25649aaaddbeef7e4,0,0.0019565970498718398
13,5f56908449455ee9670c7947614f7b4bxak3c,0,0.007193261892761001
13,205a011640002932a7bedbb93d81b68b8m93b,0,0.00281014473896072
13,424b638423f4862b2a84f22ec25fa22eb2c8p,0,0.0276401787529833
13,6b1666662837213ce77c329d8cb2a842epaeh,0,0.002570619291368888
13,12fefd74d82d90541872847f199f6324cowi5,0,0.0016660787112874984
13,e29ae1bd8e6e7dfc9cb43b1572d3d55ca0hc1,0,0.002021645033340139
13,ba258a455ca17f2c13cab3d0afc7de0b48h0t,0,0.002014422159308889
13,df12e679581fb2054907dae75c9c78ee9kzzv,0,0.012343722141443254
13,4070f6ad5da385ba11cc99183817eb20h69v1,0,0.0029159288527756495
13,f6485cac867e1e7d2d991838551b4c4bfnarv,0,0.009335582925239094
13,2baa5a9ec317cb21a11d83f6dc72a2d6xy9jb,0,0.0037399522119715162
13,d2b8a15ae403dabc5aa752b205181dbe1lm57,0,0.002321583714078225
13,f939c17ffc7c39ac9b35b69e5e75179fv9pe2,0,0.0187787725109141
13,84a769adc98498f52debfe57b93a0789556f4,0,0.018311200798072025
14,91a3c57b13234af24875c56fb7e2b2f4rb56a,0,0.0019734192938666464
14,6e4d22dbabcf2eaae5689c7d155e1c1fev15l,0,0.0007910703678984186
14,95fede5853bfffda8f50f6af494ff1d1hsgie,0,0.04776213909618097
14,d36857d18a397e7e24d05dcbef3b919ftjstv,0,0.0057822090070128096
14,c62bac5be6489bc0e0a7834a11167171c8ww3,0,0.0026831792304792016
14,848d3eaa622b26fe57d352eedd9649f4v6obv,0,0.0037788184909187724
14,64a39f766b2e9d9471b104f0d0289740a9kdq,0,0.0023342188853359763
14,e3ccc9bd16fa1f4a92fe87b4a54e5e72uficw,0,0.44790841607137605
14,d738b259ec6e6af625d1f41abcfd63e9e53tx,0,0.0031898773120123997
14,4dd2a50e589cde2802c4bab143dea61ak517w,0,0.0009074348423167079
14,19815d9bcdc74c3ddfb9ff210c1739f3tup3i,0,0.0021847230118039553
14,bd586db332285f3c45814fbb8f638d79d26u7,0,0.0016037804747387203
14,a3c2ba79963b637f15086e6255a46253lwpnb,0,0.0025982548165144697
14,6394edfbd35aab54801518835e33ed50hcr5f,0,0.017420146246521342
14,c5babbaace35399cf51a9356bbc22733xpi5h,0,0.002557917377633622
14,bd2cf3a868d168425cf1bde7c49d40b9jq0xu,0,0.014791725625958443
14,001068c415025a009fee375a12cff4fcnht8y,0,0.043940459659108866
14,9df0b0e5ca66460495931376045feb5fu4y7b,0,0.014791725625958443
14,d9c6b6d7290e4475bcd6d264fb33a706fqtvc,0,0.05208525739128808
14,1ae57d217b27820cabf6e24b721bfb38s6ja0,0,0.016750862120761757
14,d27221cf2bfaf0fa7a60ffd3e1e3a53efagvp,0,0.2231294346949571
14,915ccac760c7359a446100fd1a54bbf6oyrzf,0,0.00766789535260199
14,60b8145bcfed7a5f2a23b596a8aff99cdzn4m,0,0.00688325742508147
14,9baf61c813f1d4a09e3c70f6dc741f34voe3n,0,0.012216846614936007
14,226017dcd6506ce20886540ff734210d8hib1,0,0.002514497995575623
14,ae94687eaad6b410713db9106c42566axgn9n,0,0.003915128129113106
14,367edc726ba8e667973844395493559dtf2o3,0,0.005638374339472705
14,91d9b706f63537c5fc0027c50b0e3b06qpdgz,0,0.008479790297930523
14,74ecf5f9adfa4dcca4dcf020209db81arynmk,0,0.0022186980775716716
14,fae963b2adbefc663692d7feddb50d5dxz1hn,0,0.034420017319627245
14,090c77ac89c7063f0d0ce064ce3cb3afllf5h,0,0.014791725625958443
14,f80075873f7183a03b1b10ac3f740032v6w99,0,0.02722462124500642
14,2c31770e98fc9fc7e0f1fee6207b5600c0e10,0,0.027474828381822403
14,de9f5df5962dc171c7d82ab503c36dbfwicon,0,0.0046892701081219
14,a94c16f8a98e493e2b4390b1975e690dv8cmu,0,0.012580360543796947
14,2515c5fd81638d5d0bca39a2b2be3995tante,0,0.06899869085145362
14,c48fd9c589f273945bad5f0cea5993ba2fet4,0,0.6363381456012928
14,7f807b2eb6c391d55e67bcdf7e1cbb3fhylw0,0,0.010758482616680836
14,068450aafae2a6e390e35925d964290cdliqf,0,0.04754209514522232
14,eaac863aaf84acb7529462118e7953c3oeky6,0,0.007096759406087494
14,88103add66b7113729a9ca82540684c9il94h,0,0.013853359914198192
14,8b4071f3e2702b88481054081363bc15her3f,0,0.06340194769699851
14,3a5420301c0dacbc5675f6f09aac0143tuodl,0,0.10187778385856554
14,dd055846eb553ab8e953b084f2048d53bdqec,0,0.1452234038406614
14,2918b09c1ed9e9e8602f85175b266aeej5v6w,0,0.004241865872260285
14,124727083cd4159b40ff8d4b36a89340l6fga,0,0.0622078121459309
14,4679df74080bc22e29676bddc5bcbf51gsyds,0,0.004443457078517781
14,01a39439e7afbdcfe385eedbddb23d76zgdrg,0,0.0014892221090190498
14,7dc423d0bbfd840fa0bf75203cd7bcee75kmh,0,0.003399268390591333
14,024937af9ea18a2b57e4f08762d181f7s8a3z,0,0.014791725625958443
14,c600968815fc32b20e0519ecfce5b648en2wo,1,0.9944178947923796
14,245b584befa6a5b8c759491f5f3db580p2m5v,0,0.0025920463524916875
14,aa8aeba2bdd0353a108b9b26f12ed59559mvz,0,0.0017107170101130168
14,6aeab198df208f8628825f7eb3ec3701p2ybk,0,0.006601072653159671
14,5a2aa4e8c227de4db26547fdc1f017cbxb62j,0,0.001577969540070044
14,5850b68151cf0760e94acb39c4dfa02026k4u,0,0.001894712079529066
14,f876e3be4038da62f49234ee498feb732gdcl,0,0.0016139279789119092
14,205c519be884c5b1c885f61c4ba8738a737qg,0,0.9414272015244901
14,e0824707d4a78230ae54209a920bc3e3pzdpp,0,0.0048595544279452715
14,e959a3ae64e28a7d3b37934c0d826867o3sp6,0,0.0018874899346985306
14,7b93ccc9d5730b561ec5fa7f4bd48c04qudf1,0,0.3567898408748257
14,791031a63c9e2b4835caa9a4cc1768baias2l,0,0.0013923307075590422
14,dfa45994c8471762d04deb23c6450598byp8y,0,0.01264348470804474
14,a539fbaf8b29613ff0e4f3e5831aa7a5p2cva,0,0.04694677522107262
14,d3c80e9f6b8e1d774679fd8dd5aae611e3qls,0,0.001526683556895881
14,1b0534afb7c02bb023bd4767ae73f17dqzqdu,0,0.15727027276141026
14,f93a998dc10a4c98f65c6b86fdff651d5i4qh,0,0.04776213909618097
14,fb5a19240e36ae12aaccc1e9d9231144l32hv,0,0.012686897555643414
14,8c4b0d95ba36c0ba2a52f9043c62fccev75uu,0,0.003845493579897741
14,27cc072f1432f7aec4b7e17cf2e473f2x3bjg,0,0.7759586319737871
14,44c75302aa4404e23781f8337cddf6ed5tqun,0,0.08043785058885787
14,22401c4dc0cb1e5d52da01ebb8b2839cdoauo,0,0.0018525657191568474
14,640f41f27c03aca0c45775eb918b666cnjsqv,0,0.04043768641771465
14,3c0026d48f3d6e10cef6cdb1f708793ccwkhr,0,0.003157611022411147
14,dcd54d7afa6820e3f00e1c9e83aecc7b4f3lw,0,0.20213790616508892
14,6ed7b95dcea7b359248e9efce91cbb11lm7hf,0,0.04681474036094449
14,5c28b04424e96267711d5af2db62e022tp36c,0,0.0255530276537482
14,9819825acfa7e20c47a78bda5e76b195jh0gd,0,0.04086689268664204
14,db80f065a93cc6b41d12af614bc3ec11kpwjp,0,0.08067645872245377
14,b2d3db61ddb119aa4e5f43e1bf72e349xr5tp,0,0.07689607828264221
14,2e1eb5b56591662fd7ecd7b39621bbcfgd1ks,0,0.0067671296503172985
14,4f891171f7b09f54d8b4f30b48421f178m75r,0,0.1317835570507012
14,3961434cea4339f0049798fab2bc73aekuxjv,0,0.0016683723287613435
14,e1fb642deec7b382433de94983d97681o14ko,0,0.005394150433322523
14,8fe6da2176541d0ce24574dbb60f9107oq1kn,0,0.00578342556286395
14,f04748a1437347d837a65ce04ee7d94enqhub,0,0.037794623286677466
14,3835e3bbf9a17a33867860a9ba19621dp4wdc,0,0.0035686291020897393
14,c871daa6b709e008825b667b05efddca04jbe,0,0.04043768641771465
14,2a5726bd00709641cc54a8ab5422cde3uchoe,0,0.006910239577905189
14,c6f07c222aa3a9d35b0e01f8959ffd21oownr,0,0.0017288222893269622
14,584d1d60d357a4ee1fd3b0a6a72de1dc4rodn,0,0.013853359914198192
14,d63671871e4010e904b9419e48781565weafn,0,0.010030650766560631
14,e0e5719b5d763eb4e04c7f6e4e32884cmlpj7,0,0.0135477030402326
14,9211adb9cc770c78a70b55441acd146bfxnz2,0,0.003761758874837093
14,e69dc706f159ef6e26df0d88388bc5edlymly,0,0.001852885512085033
14,9774dc752f855f07b9c00eb7018b607c0ymxo,0,0.0020082842493914913
14,a664b6b42fd48403fbd34800063fa50bz6k4m,1,0.9797237070905512
14,0870fb7e5701f3ba56762b03e157afdc1yw7u,0,0.7487745637959675
14,96caf14832aa8be04d98aa481b320392kb2gc,0,0.004885453027981263
14,61101089c1b34f409fc9b836a7f9cd163y22l,0,0.0018193949439435466
14,a3910fbd35b7a0c383c9805eafda616fra4xo,0,0.013853359914198192
14,ce22684df495e376e32ac95d3ceb1164t37l2,0,0.013853359914198192
14,37ebf34eaeb8a434976416c34ed5c6d8ywyoj,0,0.0014150396827209207
14,445305769cbfccafc89ff5ebd004598einesy,0,0.013913397374391772
14,2794512e8edad5f99d28c33c7560fccb9zl8i,0,0.6384394598784837
14,40ef6a4a0c99b478fee1c93f4105b9d9mh9iv,0,0.03247630700592393
14,2d6a70a8341ea0fbe4c8537ffbce919etg4x0,0,0.015741450609502633
14,88bf2c0f5460e28deb5eca2ef8e5e809ol5ru,0,0.00030488757901520503
14,0853bead89b03dd38a04d84f4312da7dukglz,0,0.0031155907157853885
14,40efc98d259ee36a8c2a387ba49f39d0fa39h,0,0.5394233185610741
14,e4a9bdad09ebc5d5a264723855fcaaad6q52x,0,0.14758396850195546
14,b4550ab1da3a3ed6e4a206c9ef78d496q23hb,0,0.02340822511507928
14,222a0e05442fec0af2d20ebdcafe4b28c2pi4,0,0.0019019109001759153
14,2797fe80977297483e724b8390161c937dh4g,0,0.006905077014514919
14,1e0b1a6ea8d307cb61e221723534c4dclf9w1,0,0.004855859818885935
14,34a7ce35b13775be4e20930ba2788a3ebu5n0,0,0.0021790795345066494
14,05a07a27e235d01fe480ea6ac73b8838jq28x,0,0.00876434145814331
14,7a71e329f3f2da98a3f82e7bfcb705a0t5822,0,0.05130454240945979
14,6db047b1bdd342c09ecf9f5eecccaa4fy5l0q,0,0.18796568648496947
14,f211ff014ed43c9054916f97d6187108mpxr6,0,0.9720559645355167
14,c97dda0fd2de7d82d3a52eb6c0788062h3tq6,0,0.013853359914198192
14,bba40511c6e56070602e8dde4229ff923zbuq,0,0.0016687288921920181
14,8783939eb63e5eb4e5cd412d8480f3955ipxu,0,0.000683494497227672
14,cbe756ce81f5c420a1f7079791ed9aa2js2u7,0,0.04754209514522232
14,0daf4f87eb695e2a84e4156154209e09k6ga5,0,0.014791725625958443
14,e0a87bc26e13c599894d7a5103fdca786tfat,0,0.015712429177467905
14,9f7e3e648ea8e6815c6e7caf59412e843iqbz,0,0.005148075848022484
14,8ea020a1fdccfd726f74ed7e90dc3400zy9iy,0,0.0021024481663243235
14,99bfa04865566ca88573ebfd3c7fb1f2c64cr,0,0.0032498572398721227
14,b9743f78108aefe3995e1c2291b5f3278cgpk,0,0.010273134223205402
14,7daf0e51b276c6ab5bd2ccf520dae106graj8,0,0.0016565969207866934
14,676ad0665c9bf74329ddc1f70ea48c16stnux,0,0.0017220190889722716
14,8ec9269ed4f5aef4584d887dfd9e595aaynzb,0,0.0011655803331496548
14,d4d4b36ea722e5b939e51e34953004c4t671f,0,0.0011392482264336713
14,fd1299f1343236dea07bd0ba5f8ca220csnv8,0,0.0014410899047542045
14,0fa357965f89388d8e7eb8cbc3b85c6bnnro4,0,0.006263232176885343
14,54e279a4e162af7fc55d640aa62d0cbc9hxil,0,0.12915055649405208
14,452619e019e5651a8d98e3d59a478b7fez5e0,0,0.002200541992635151
14,cf4eb0f68d47e6d4b92befd0b8fff39a098cd,0,0.0026794020055828675
14,9af8e7dbdc3c620c8144d736242b3bd2fdbpx,0,0.0018056425251454942
14,8bf07d8631a2808f2c869e27afad2d41swgkd,1,0.979866427811025
14,6e18a078182a21b8522bb69a822cc338in7rn,0,0.0017504937764170156
14,e2a61feee7f94b49d7de1ac6efb237c0fjt1z,0,0.002293506615017748
14,1717f6d4c48ae8d3e5f2566d4bb525f854j6d,0,0.00273218195764552
14,1e050a096927d5b34f4a85d3af28d30eybsaz,0,0.00470035127858813
14,33189c09ca7067834fd25a54920f82d4nd7a4,1,0.9549863710960728
14,557f06b312e040ed3cd7dd2a011cb83avyut1,0,0.10323597616337449
14,d4be674fce23aae81c4cb946d4fff8671gxtu,0,0.0024105968284872923
14,ef905e4d866c43dbc345751e7fabe5a568kjs,0,0.007784371402765168
14,1bb03cdb913f203f704caf8bf6840b6fbpigb,0,0.38967064883020924
14,ae6758a627a111f6d6b530b0154c429566o4k,1,0.23178205735106613
14,3bc8edfa1995a99110b957ee98fb5c76nkl7t,0,0.3834232511664293
14,4f07602a713c192a941204b27e2abcf1srnke,0,0.0036424781552478872
14,e2e14e8e15204b504b146d17a2bed925qg3u2,0,0.03247630700592393
14,d1780c224460a0c20d5c2f5f68714c5264xd0,0,0.002709790269712548
14,0cbd01c9e8cc800aabd3b3e4c618f9caktfgp,0,0.502419191370322
14,86a3a9861ed45158e964f9d004a224b3324cl,0,0.006853832201221598
14,58c3300ea9095cf5e59e27abf2a905ce7tl6p,0,0.016213689547570364
14,c41f5fb84d9f9e2456a5264c79919569vrhau,0,0.0025107647895018315
14,b2a19e17e1b9e0bca8e4563efbff5fed7v9xe,0,0.002525023867146464
14,8d49c8e70bf96a255baf30acc76a3f59b394w,0,0.027361485127715086
14,147164a9fe8a6bce381a224e9f13207cc1mdg,0,0.013853359914198192
14,98a5197faba8ba72d6ee9e1c95d65d737sigb,0,0.005593414214144154
14,cb6ea552ab5b90e2d0572148426ca275d1zzj,0,0.0021037915458155944
14,0a43de0ab0a7525fec59ef4bc1dda7a2z9z69,0,0.09590705159009241
14,13dfda714fb516e1f9f7abb0c927bdc2zmw55,0,0.014791725625958443
14,2b044b4b7949b96e38084e59b5d1d328jib5o,0,0.07524098265139496
14,9b733fcc97535e27037c231858a711adyzvqf,0,0.001839800846092751
14,9db7471a12cc3b8fa3cba86bc00abde2t2wz5,0,0.002224604980514072
14,c59f4511da2e8dfbf02668a49bc391895wk3u,0,0.016213689547570364
14,6a1d4042a5f3a3f34f5b3ea753ecce30l0qj1,0,0.004003338244373229
14,7c08de9de285265b2c34970139331f9fnr9ad,0,0.03618965945663824
14,f019bd7ec140624144c4a9b40c42bec9jok79,0,0.003572335589495312
14,497b8beb19a7f674bc53acf7f5c7ec8cxv68x,0,0.0016586428820272307
14,669c6a0e8aabbf0647e8ee6e150c47b18a4pu,1,0.5518374772999337
14,a2933e33896035761240ef5a62477779jf7ny,0,0.5822856182765689
14,6be863f26f22cd79be272789ac7e9153v27yt,0,0.021653413045122628
14,5dd3494b46f39f8c8783c25527b64dd8hp8ti,0,0.030076664460484664
14,aea096a392f55d95c3e45251931e9755a9t3o,0,0.4781729125912803
14,05ae7ea9549ae298bbbc8002b4229392e0ilf,0,0.0023032942614926175
14,a5fb60c136b7e0a6d0d6e27cadb2a797225r6,0,0.009027602224331247
14,85ac49e7f93bf0e20323de78362bb4aadnwia,0,0.004427772096782762
14,b34fe965c04012fd22123ed948257184pqvfg,1,0.7445412856530685
14,0bf6e0e5184b3599bbb4ba1fb3a43549ije34,0,0.3449930806867935
14,76d4a0147a60d871867f00adf45cb792w9c6n,0,0.027610351402002242
14,2fc0efdb6ff10d51e3a4d979ee52cf07p4068,0,0.02322503123205512
14,877d96d9abeb73e437a8ebd74abbbf45p8s80,0,0.0022112761856007065
14,4444bfb455b90711234e0c25345abbaddrt0x,0,0.002709790269712548
14,70daecd44c89c37525aa2ca294378ead4dggh,0,0.6236776866577555
14,39a5a16e5a67c2fb51789cea4d3091f0mv996,0,0.0018120305584165299
14,fe6ed3a12fbbf5da4980337564361710v2y21,0,0.001643462544660961
14,78a444127a896122678835e12ef507deh01hn,0,0.004940315879286668
14,14d4e04d7ed150613974438a4dfd4e85dybq3,0,0.019125398109877786
14,fec57d2db5692eb144a71aaa35a11b58delkw,0,0.0029388231539330635
14,1afac423a94778ddf9b6c1dc0df7105cgp1tp,0,0.0035998593543604515
14,c9f94611f4c9afd3a3153da9654e7310jr201,0,0.008246085989651066
14,8bbb16c0a1bb808389051c875ebab1cea0v56,0,0.0024017080667623424
14,f12120e467869d3d5dbf7c7d0566a8e7bmmhk,0,0.038502893653847584
14,4ac31aea605d17045ceedbce23eed239omved,0,0.05938524205574723
14,1a9765ed302d0f91b512c23112066e41s755q,0,0.014791725625958443
14,93ab2dedd76c1859885cf724ebcd987c9ngfi,0,0.0020013596657857268
14,01cda526658455000913950f20cf31a2q6nsf,0,0.0037876282323044703
14,fe6adfbbb2fc1ec0c3edf6677204bcb245uf2,0,0.002737477076954788
14,36e2e2f32a3872d3e958c0a58ee79bd129xdy,0,0.002030328597895383
14,361c6da33ccd1c0df152fd932e6fb2a69i4ux,0,0.002269602173300194
14,332484ddd66b9a3db89ee68f08b1288amq90u,0,0.0019353968898403566
14,6a2c4aeaa17c2fcf20958803a674f101vlxw1,0,0.0048219398474826074
14,28b4c35bd90c81ca959da328806469d493mvj,0,0.0135477030402326
14,716079d1913959ccae0307f760bcddddt6d4o,0,0.00101935801134089
14,4992da4511c3c1b4efed3e16c7d8dec65ilfj,0,0.014289440843539218
14,519c0f3b989c8e1781e0910f685980ce15wzr,0,0.001943532893254937
14,e735a2301a18772a8276aa1f17ef79efu4yew,0,0.002388582878975689
14,85d020b5f3d99d1272efa0a0d34c56a5dtvxb,0,0.006485442711176638
14,ed4802c318a7e04a5703ed115fe4f3a3kkugq,0,0.0030170271647187667
14,c6453f296ce36005d7e7e67e159e1b7cdbmus,0,0.039836798428650115
14,1df1dab2eb718c3da3f9a0aa90b93651sxqzo,0,0.0017637247950170302
14,f9378eb3e522beef7e6a4e1f275bbe0eaboro,0,0.002709790269712548
14,649b364bc466208e559858f0677b421dbnalw,0,0.0011290422301372003
14,b8d88a1167ab74ba64fd6d9c83308a6d4oa6v,0,0.004687251475618531
14,8cb96eaadc11cf4f914bad84518632e7czdyl,0,0.9370118169525994
14,384ba7c5a8ccf55d174080d9ad7de9b8mfysi,0,0.007684901275501018
14,d8a4b49ed9ca241f025cdbd9637198fb71qmz,0,0.002411105099800677
14,2b13a870a46975494b749feea0c5c7ed170ll,0,0.005757459874716434
14,1aa485901ede7baf78ea116e297e9d7f9en6i,1,0.20798468332344858
14,4ed4760782d4e2c65bee8cadc1fcdc89htz8b,0,0.0017682794135579826
14,91c749114e26abdb9a4536169f9b4580huern,1,0.014163424294556224
14,ba266f4898bf572447ad65856b362595yjt2a,0,0.005314536613095999
14,2daa71f0d138b8c2d61583d3b98a25e1mjp9c,0,0.0017552821780650256
14,c900620a019e78a3eee44109e4d1e1d2xd2gj,0,0.0017552821780650256
14,53f61a2f33e8b07e49da643af49884782vzdu,0,0.0017765157228031045
14,8c33cf751b05ca6a9d886a379a84a2ees9jlu,1,0.03055357868596882
14,3694aa599f836a57b671ee0814b071775i1nf,0,0.09438169079139673
14,a447127835855849fa2ee496d05e0847fgt68,0,0.43732991509389524
14,5ccc30558d4c218cbb4d36872fb82a03rjxgz,0,0.0014661919930286371
14,c503bb79d4f3522f51d348c680906c1bs0w7z,0,0.0027037815031827057
14,5e945cce4e72950e0930b2700e77fc8eq2abo,0,0.002484209762176851
14,2b4b36fd77eaeabbdad8fac68b17ece5ey04u,0,0.013545874373081202
14,d127576e329604b576df0a3248cdcda3279td,0,0.09925821095869228
14,c5863a228287327c9980d12a632985da9vi29,0,0.012193253449375071
14,06c281e31f83dcfd3fe70d2ee2d66bc7e6fw6,0,0.0010580856976391767
14,db85fb5556f17b744938cdcc2e7ce9b5urspd,1,0.2343628661312302
14,afb1d898d15663a9477870391cf39b697gso2,0,0.0023366110041799595
14,d79919e5ba11f26bce5e70f0a4f859e3e4q9y,0,0.7898061061649856
14,c0b7161a67a0aae21788103c08eba7e9z8e8k,0,0.002551727317082799
14,0496c24a6a7f593f28bf7896350e946advl6i,0,0.0038016692867560804
14,900284c412387e0bb2dc2aa5ce42dbb9th70g,0,0.0019718732535153292
14,30788b28de22d28938ecd7ed6795a8b022qm7,0,0.028769061335016107
14,b7515e5f181a6d4884674897226cfe9cpd6d6,0,0.0017809127807669996
14,c6fcf1f7b824c864d492c4cd676cd702owsuv,0,0.0029077115409289625
14,fc870f3872dd5e36e4dfc4ccde28cc930tify,0,0.0015914155882892956
14,e587d92842526255c86d3b0d425747ecib83l,0,0.2871879932392075
14,aaa8650a6e0997e90e4b6a9fc2ddf555m5c1g,0,0.019067230470914742
14,e0984156959c3e7cd05b7ec8ae239303inqlo,0,0.005804627892733578
14,83e8aa6cb15daa745c75ba3c29a2f646zjw33,0,0.009432096513224266
14,70cc5da141baac4712163f5cd4bd4a50za0n9,0,0.008498040989106113
14,4cd52ae88da3e30dbe01da5048151c98p4f0v,0,0.12925436002027596
14,21114d057c297080f0f882420d2436b5mmukc,0,0.05333777053144886
14,ca28bff4ab1f6e74bf08b92e16989e11vn2mf,0,0.0021801127197965463
14,17c59325ec223c94dcb301a7451c39871vxq3,0,0.00175493307129125
14,8a3f5e16e4e689897d872716efeeaa0904tyl,0,0.0016504399525260017
14,5097b3a4011380b5d9447e1a7a20b1a556yzj,0,0.006503560722321604
14,9ab00034c9b00521ce121adb5dd4aa15tlhc4,0,0.0019877032649409728
14,5de403f3d49221bfa7116570a4d572d8m19sh,0,0.006070217588587833
14,f725c5b4cece8353da7a636fcba0ecb5yxshd,0,0.05554229866844345
14,f8e90361c36eb3f6fbd485748e731fb7w2ci4,0,0.002669103719870175
14,2eb8a353db13e68388f544daa2e28359oenbs,0,0.4631046388655174
14,308a5541e1206e126ef80f18cc29b7017520l,0,0.07902219023438795
14,722d1147768bdb5918584997e1f677e55g0nv,0,0.003231296056999225
14,cab7ecf98fd0489389a3a8d3961defb3k66og,0,0.0015174093497430936
14,14e29ea004067aace14ee4543876a06365os8,0,0.0028414236351438664
14,d5b75c812d172da1ecb3164a1cfb7527688gb,0,0.0022961399149529957
14,3ecced86078287dbd2eac2cfac98367fbbelu,0,0.00947088416650909
14,c41ea39b2e13b0fc9ccccc2546f924f1obd0w,0,0.0032248830096801274
14,782557b3ec17063f2a36fc9193ed3200h14me,0,0.1358312529041428
14,54957cfd12ec8c64918b6200ea25d27fsc9hx,0,0.001945903426970246
14,e783e5f6b818d18eda4065282022ac23jd1fw,0,0.004392269248680211
14,462df7ecf1d47980dea6a93d44fb408d4u2d5,0,0.015957026850248256
14,74487d5ffd5c34de4fecaf9dcb66f86b0wwa2,0,0.003832832458423766
14,97f541ffdcbd1ee34610e3099c5df42acfvcd,0,0.03762384197373259
14,2d2839fa92d1c8e94bdeb1fbb9e62149x6xc5,1,0.9742169898915587
14,76f7e6c70f2b84d885b23e2b2831e113ueqo2,0,0.0038057652179506927
14,10f01aff2fc23653ca7ea1d74248357a889wv,0,0.0025523282312233026
14,8a27b2e29086c0d2e589053537e88393zsyr2,0,0.013545874373081202
14,88641b0f22cf175876bfc4adc44c00f58b5rz,0,0.001608298881034049
14,eeda0d135495167db9425fc5fa3a5e3ex2zel,0,0.013545874373081202
14,37bf6f23b628a3e2b5b22ba81beccbef0efoh,0,0.3091033033887019
14,d4b2fd8f5e8e02b660e9803cbcfa6cf2t5szq,0,0.013394060124490705
14,1689122c3b25d9e7adc626de84c10006fr2n5,0,0.002160095009548084
14,9a44bfde11a7b6ade17cd33a2b5102fcnlhm7,0,0.0028304279622718125
14,9be39ea5a0612fae7bc43a25a6d10856l3qaj,1,0.09466137992344616
14,340d7ea497f16bdb912ec5c6ce467f71kk7hy,1,0.06528550527124051
14,074daf9a99b01591cb0637cb95c32600roriz,0,0.004811850140628376
14,63424f85cf53557fdb5dfc6a280af75epl45b,0,0.002168194930977612
14,8c09f4afd78059d9200cddc435f5c48ceph11,0,0.0035619885549338336
14,5e5d3410ca3605694b3c75b2274efd44c9vru,0,0.0022126198510254167
14,817f8074bad1c717afaa8d1696f9b2b00muzw,0,0.0016822974894062808
14,3c77ec9f79f6febf630325ef84f2a0bcl3qg1,0,0.003753112373250708
14,953e01bab9ac8786b4bfc77d183732bbqw6ng,0,0.016527114770022718
14,c8cf68aa6abce25325dfdad4a98fd890ap57f,0,0.002709790269712548
14,820dc943d26965d377be315497837bba5iz67,0,0.0013914445186024936
14,a4475cf8808f8951dd5163ded3ee8032g9vxd,0,0.002709790269712548
14,9655ccc7c0c193f1549475f02c54dce45kjw7,1,0.007454891176844881
14,f428427d7227ddcda377cd00f07749576c6b3,0,0.0135477030402326
14,026819504b59bc4eefb9963d5fe4271aql15u,0,0.0029357641056685355
14,936a335eab4643c3529968a4d9b0c380esi7q,0,0.0019637346068884544
14,162886daa0054ff1ad422e0f18cddff3qofft,0,0.03368214950944044
14,603d769a86a359a0d41118b47c0ab41fx7kz5,0,0.0012242628104733521
14,e241b80fc1b431397ba6c70f2fb8ccb72wbra,0,0.004960216655057385
14,a6f994251abda6687ada2e9de52bddb5cisa7,0,0.0015138809171091792
14,c4294be0db6b5c9357ae5e2e7fc8da9489qpc,0,0.0016044316776593517
14,f268f61e075419e5a001b86ee78557e2kmg14,0,0.0022441158216847975
14,874f882f7efff96263e9b555415aac36dsxry,0,0.001104814208723988
14,9f9dd5c179d357b53f145ae1e5cc941f5qfuy,0,0.0012540449673254042
14,6da536112251f09a006b0c5223f154d46en4j,0,0.002731714140374058
14,4950352b0410495ef65a92b08b5be463c20yn,0,0.013545874373081202
14,01c1c7be49cd6cfbb9075925a05c9899p41va,0,0.001806099680743706
14,e50426efab1e9d60b8f7258130f8791czrpvg,0,0.013853359914198192
14,b0014101fe1b510ea150c149145dbced3q3md,0,0.0015881615357087283
14,eb27d8daded752fc0d1c828867b0f118cswwq,0,0.001357258368554284
14,0f8cb1baa83fefac10f885f79149bf13kn4nw,0,0.02748439341582898
14,332ef2c7189603a497fc89345ee4f5605i5xw,0,0.008950218118711262
14,572c9964ca41ed055830845993fdab29p4f03,0,0.004743969368835156
14,aa75d58c3e1207618d47c72ffb19c872bolg8,0,0.007316290331385236
14,167008af05d4feaa636a565f6f83ec61a6ogj,0,0.0018134015089572436
14,32d2ce86b00693f0c26314e3cce2438dvxbt3,0,0.08067645872245377
14,da950a556200395a82e23e3bbfe1abb6xs258,0,0.001984981935543684
14,04c6b750b0552089c87ae03de72289cfcpfmh,0,0.0015137210966429532
14,af50d549e86276f034e52037722dd5aetouu2,0,0.0015901115897432867
14,167b4f37a264b72feb0f559b650d1cbd3ox60,0,0.00686540830902286
14,8152c94b639be88e7076f0e32bd70e0eg004b,0,0.002697936999756781
14,40fafe756c4695b32df7d19d4c710dabvzr79,0,0.002709790269712548
14,55abcd1b00c6b5b54633fc7e98f0110bwoy3v,0,0.09594325095814793
14,ff3ae9450581aa3de5d2326f70e39d20w8fbl,0,0.0023047671384009917
14,76ed824b414b5e690ff82e7cd2f5be52256my,0,0.20782708412863496
14,e59ca537cb8df3053bdd555bc987b4a7c7m4e,0,0.005424952608880025
14,76f17ce227e593aeff456fed46e36c83a3j72,0,0.33001238956697326
14,64f6b099082e4fb2e8da7ba4ae9abdead2cej,0,0.0021319086235237136
14,429b876aa7e2d6741ddf322685363ccchue2v,0,0.0027980743723241986
14,b1863365ae232a316eb946ba56a29415m0gdz,1,0.9096692585666255
14,036a4050a5dd65e70f0f613ec2e38a74re026,0,0.0018218496616819605
14,628156f3bce703aa6bd275089c6c692499h1q,0,0.3024368543814817
14,470727c18798cf0e0ecc2a0dca207cafuena7,0,0.014791725625958443
14,308def7f05575db9bcb6a67207d6c1beb2cqt,0,0.009902545611243745
14,0f33df2513a519a35c8b3dcf1d7c7416jjjzk,0,0.23045287652081461
14,762046a235e00ec6521ba71aaa1450c28ijkz,0,0.7566047581851121
14,ae9e482a7f4a625a878c6ee0eb4dcd01dkm6d,0,0.0023188798578543104
14,535ed161b4c9960a71ccd53128df4766ddyq6,1,0.09213818421713652
14,3ef2325f8b68e1c030547a2a54ea6b98zwa2w,0,0.014791725625958443
14,a6230fdfd4879433e36a76d53440f426c7a7a,0,0.07355350064645996
14,6c8ffec692e88d81e1b18d47818abb04v6llr,0,0.0026971575180400782
14,c780bc2dc7ab83d5e5c85dd13f0f7fdecfxjq,1,0.3510937516176099
14,81207d4ecf830fee924989f4fe1eaa7fntkmw,0,0.0017098357738866653
14,fa918060747386f431a511c862565e34y1pdw,0,0.0007970402761366821
14,1fcca45fdd3d1d3638821f41e032f170en3h7,0,0.0010529253442716168
14,6c2488ec88e02bb38920200ece7d337e0bffy,0,0.04043768641771465
14,0c55920fb607fef2d33324f33565758a6e4dj,0,0.0017372906205302308
14,e72d1b2319a2ef39d016c41e4824b68evxe53,0,0.0020447403170930755
14,0a92c4fa2bcdc8e952546d236b322053o5wbk,0,0.0011025971948230026
14,c1859303603734d90d1a91d80977e14echjim,0,0.13503402141591486
14,33ba799fab5e4145b54fac4234bb6e13up0tu,0,0.0040637015661728546
14,170a58cf637c08f0818ebdbfddca29c9irkxj,0,0.0014070927754497081
14,71396d66a14f4ce0c96436456462863abwefv,0,0.03447648898968921
14,49f4481b6bc2255e745ef20ac2a720754r9mp,0,0.039836798428650115
14,f6a7e7b14d39804c7d15627e2fa384a1cq892,0,0.014791725625958443
14,8bc2a424939c50eaf4a652e253421b0f9b0y9,0,0.12761310894011457
14,77bc113594866d4902d6f867a456750c9vvmu,0,0.002469957023937411
14,e0fde4b9b7ec14e80de3c811ecae157f6kqd9,0,0.038285712500728264
14,0e373556d3bf588a1bb2ca6354120cf2dmvjs,0,0.0018965699170626895
14,c670e7fb466b09000f1053d2761752268bkfm,1,0.05597292421534495
14,4de2f22ca840fce9ac653e4aa06d9b0cnhudf,0,0.005406932348059379
14,20d31f20169e8612fe13818891f88a83r66gm,0,0.0135477030402326
14,042780ee9a3730703e35340c575c3cbb7zjwk,0,0.024962394813560274
14,f4d69870de1e803fe00f8126e73a7e33zwcds,0,0.02149755264602758
14,a58ace8b671a7531c88814bc86b2a34cf0crb,0,0.016259503062452784
14,4c46b1ea933d574a985776ed356312505nagr,0,0.014600213499611265
14,f2ea6d89dd9897f0d6edb6f24c446f01ra6yk,0,0.7527790631655048
14,1a5d7993b43386f64fcf4b84e7b183a6ref21,0,0.010440182493343504
14,964028ac24d4ca16c4b63f64b06df1c8ltrrl,0,0.0007738623639349123
14,7505bfc1ca67a5ae14e329b46a88ab869ms9g,1,0.6197415084319396
14,c888cda1ef5931da0db90f6803cd0d368ay6r,0,0.02537218856707166
14,e9f928411213f44502e4942a29553ab1tbqgu,0,0.007636044470460081
14,802a819acf0601b43fe5426cb48ac0bbqwfu8,0,0.940179342050301
14,08a588ebf7b98f44f8fc695d02adfa25x0amy,0,0.00131757778808103
14,9d8a1ddb38499b3403a6a93395ef29bcrznni,0,0.0019885921626909115
14,cdf1fdd424a11dde166c4bf069d6998eph7b1,0,0.35091964660410385
14,fcda141af3b545332fc3b2d55a8bba74uw7s0,0,0.0026648617953976945
14,9f52fd88ba073512be19e3d24d4bb6f91l531,0,0.03138068255833148
14,55453d252a225f3b046c094a7aa330a80dr96,0,0.014791725625958443
14,29e08b4d18198fe9265772fba3a4f6c4mj1rw,0,0.0015655246927235038
14,8f6605a649ae41fe950a6bf579452464d9lmc,0,0.0028735553181302343
14,7e34a26c4c339e875997f4b9239d2b5fscng4,0,0.7447774079100656
14,ad228143392ba96c21bf51499bac1c3b3kmzo,0,0.004895076033369023
14,9f2086ccb71acd84652f861517d4dff9du4y4,0,0.0049114334505587585
14,11d5f6925da5809e2d447788b85d6253jj8fu,0,0.0411707462581443
14,18e751726fd7c407c41cb18c20da2c4er5z1r,0,0.0017621122485911868
14,f0c034c46dfb78d2e9e67fd4fa1688fa6mv8k,0,0.001795936619453937
14,3d575194dae5a2e2966abdf84d800a3bgbsd8,0,0.002125687755980104
14,e0fecfdf4029d9a91664e703a178397718lyl,0,0.0010983041692898328
14,d1200a75b6c05584f4f902e74d3dead76cj15,0,0.0028997701445355336
14,9744d8ea513490911a671959c4a530d81fj5e,0,0.10969055806122392
14,c806dbb2decba0ed3c4ff5e2e60a74c2wjvbl,0,0.0021319086235237136
14,0381a69b7a061e9ace2798fd48f1f537mgq57,0,0.014791725625958443
15,4ab12bc61c82ddd9c2d65e60555808acqgos1,0,0.06936496973316279
15,25558d24bca82beef0f9db4ba1fe2045ynnvq,0,0.004120813032899364
15,3f3a3705be5ea07b9ba7ee646ed756fbssuo7,0,0.0019054145133266763
15,38e919293f5dbd62d87ce288e41aae2a281m2,0,0.04188557668290901
15,25d75fd439571c1d9b946f5ec833786063vom,0,0.002697893275653403
15,d878560888b11447e73324a6e263fbd5iydo1,0,0.0036221248207602675
15,95fede5853bfffda8f50f6af494ff1d1hsgie,0,0.04586975630849278
15,c0e1ecd40b81bda3b7dcec501334499dgzq17,0,0.039529558901339405
15,9434778d2268f1fa2a8ede48c0cd05c097zey,1,0.2775058537262859
15,e98d8f348b266653b6784329782fd2e91vu3h,0,0.003819032758197587
15,19815d9bcdc74c3ddfb9ff210c1739f3tup3i,0,0.003255988978716213
15,bd586db332285f3c45814fbb8f638d79d26u7,0,0.0018971031098603459
15,e78cb9678684d649453cd5e1e46baf462lq87,0,0.004579876348594999
15,09d71d3e6a6871a7598dc2764c5bb4ffkz6mc,0,0.002256329169112192
15,1e342381f2c64318a51a9b71d91897f8dv9ul,0,0.36630223246180404
15,da6e2a5651b4f44fa3cff41cf9731ff8qc8fl,0,0.039529558901339405
15,9df0b0e5ca66460495931376045feb5fu4y7b,0,0.004579876348594999
15,cab0d4e41ea81636de3bd3a1800d8da8x4yca,0,0.005839888775346242
15,827da66b68b225547050c11df16f845618ptk,0,0.0017489377785549689
15,7cb144485c703ac09fc73aa646041f72ogqwv,0,0.0017185244020566258
15,6531bde8d4decd9708ff4407ef95e887a26yi,0,0.004579876348594999
15,806a46eb814ec7a09bfffcf38b0763d344tc3,0,0.003319464485765974
15,12d6239a92972a35bc990225b3ab33466znm8,0,0.0024759628552296375
15,5b25a86acea5ff395bbd62399bb5cc9bb7h6i,0,0.005925135800470951
15,3edae72a9d44c43524c0203ce38581d1790xh,0,0.004579876348594999
15,5106dcca581b63cf2226110a9048ee4846sxb,0,0.11807414793817503
15,ca76df527977e5168e1b3352cfab2ed9htipb,0,0.005386461735304236
15,22fb740f267ac617118261b2fd3365batisfg,0,0.00261974719057527
15,99fc8ed25265e58bc94d9d95180badf4t2e3i,0,0.009965439257432162
15,e613acb1029ecafd9792c9f75d468e4bmm9zn,0,0.0032399052780758618
15,74fc24cafc7c5936d0422b8da306365byjv2b,0,0.0021831058056655185
15,7f807b2eb6c391d55e67bcdf7e1cbb3fhylw0,0,0.0025788330167531765
15,e909515a6ae94a86027c717c4085954akbpt2,0,0.014041040716805253
15,1880a778c9dd0cb15ca1f052308a8e04g7e35,0,0.0029158606139527985
15,068450aafae2a6e390e35925d964290cdliqf,0,0.0370955562211709
15,88103add66b7113729a9ca82540684c9il94h,0,0.0358802663003386
15,4741959d26f99012b8a6a3e3954eae40hsy6j,0,0.004579876348594999
15,33031f476dec19fe47c0e3a051a68e992hmwv,0,0.04518789558648087
15,d6ebcf2149c311d221b233b268870b3d5gfe2,0,0.0029461515811070897
15,f0c356e136831c41884b0732ae3198e0gcy8w,0,0.005432256814409035
15,dd055846eb553ab8e953b084f2048d53bdqec,0,0.6895954285845801
15,2918b09c1ed9e9e8602f85175b266aeej5v6w,0,0.010659761780315448
15,b5310019f2bbbd975c64dc11189191022k8tj,0,0.0020599508940092413
15,e3ea1d5464543a1ef3a9b60394fc4ab6i1jk3,0,0.00585646911086866
15,908ce7060337fd8550760a100921f6f7wsemn,0,0.009015513463119672
15,dfd5c9157a0a771f235c32f30aedbf84e2552,0,0.0036526516384367104
15,024937af9ea18a2b57e4f08762d181f7s8a3z,0,0.004579876348594999
15,b9080651d16e3d6d2d83e1c5debb55b0qpwbv,0,0.004579876348594999
15,9e72fb21f7581cfff84e833d02538e5ar35kr,0,0.0012572670651769444
15,99bcfc00be736e03facf0afeb79ac533cs7tp,0,0.11260610463368186
15,175a06fdcf622c9455d0a77990b9302dj23ke,0,0.15814717619290414
15,b719671479e7d75b1ba5a5617c95ccad4dkvm,0,0.004579876348594999
15,a8561bec318a7d3a0082b35b086b4428wekph,0,0.041776230460318725
15,037d9f10da403d8d5f94b6e2957a3702f6x07,0,0.8686268031651869
15,17c87408ee1009887112745797caeb7fwvqfc,0,0.00278075936644408
15,ee052a24cd3164af9d08fe77bd6b79dfrbelk,0,0.0044590575682327965
15,f75cc5ec8acf1ad2349e00ffc4b3191a531f3,0,0.003604313510838475
15,97b002c9936e63a1fb9994a67615e84fft019,0,0.002976244580527566
15,33a7a0121e28cca4e42494dd0f5aa03fdhlm1,0,0.002318063997684464
15,9fada390b6c53ecb47e6f4eb4353e14f01xu0,0,0.0018887344095349515
15,40e00fd204d0ce97110032bfc47f423d0bgrd,1,0.9273128174361859
15,26190fcf0babdbe0b0d903f325c52873tpj7e,0,0.03865075518709067
15,a74e3962ca26514976056bae3c46d579emz6y,0,0.025750674357219755
15,a6bf74b19fcb2687ce345930c4c16d4e2txda,0,0.03175097359372495
15,47c5cd21a74e45dd294cdd53041ec0a3dw3ge,0,0.3114380121805709
15,dfa45994c8471762d04deb23c6450598byp8y,0,0.01152469088201271
15,055282b75717345ba6f53d40e9e6d6c56qrzp,0,0.013456978643815353
15,187636e527504df29bf42d4a2b7767e54bgv7,0,0.009015513463119672
15,1e1c9332e90c1cb0f01da223bc043c528cvwo,0,0.001437224058278137
15,a0660fe8a46b9cb6b02e7b0c50eef6a905vt6,1,0.5291636919140283
15,72994bece8c918a2c4c432b98780a7bdsctwr,0,0.003127509234332034
15,c9056fc0cade75299ed4438567a87d6ek44pt,0,0.014722329733863676
15,44c75302aa4404e23781f8337cddf6ed5tqun,0,0.14403060629855927
15,3733f7ea492eef1f69f98593d2122c50xwcha,0,0.003994318175513301
15,282fe85277f7c07b0ffbc5fed621a02ezp1zr,0,0.05563843218200076
15,d65c538ae39fc1a7e0677583bba5fdc6ax1et,0,0.08866554976462498
15,55b39a51c925bfb42fb812ebc5fe318emsjjf,1,0.8359151627135349
15,640f41f27c03aca0c45775eb918b666cnjsqv,0,0.06808605368406602
15,3c0026d48f3d6e10cef6cdb1f708793ccwkhr,0,0.0018383421455394743
15,ca0c049b8c37c99ef93b6086e9947135onppq,0,0.0024046438589899128
15,7fab82fa5eaea6a44eb743bc4bf356b3tarle,1,0.004579876348594999
15,dcd54d7afa6820e3f00e1c9e83aecc7b4f3lw,0,0.3245825969989489
15,65659f3fbf6207c570c4bb8ac64772e9umh95,0,0.025750674357219755
15,b232fdca7cb98028e8945005f619fb28p8788,0,0.001949243034151339
15,7029915a2c5aa5d964acfd85c30c3950b4opr,0,0.005524004988510028
15,3961434cea4339f0049798fab2bc73aekuxjv,0,0.0022328736417235747
15,a8a5bcf248e1326b3340c88e057f59e9nlslq,0,0.011201992976942141
15,bf80bec9b4a8d29c494f8545f2a4be4eji6qj,0,0.061381919662595937
15,35b111da8e919bb34e80511be9cbd128pjjdm,0,0.025750674357219755
15,f8d0d52114da74d98800dc7553008705dth38,0,0.002465413537456939
15,3d7cff3dedd8a8e02dbc551c6a61da3bibbvh,1,0.237922333785748
15,66513f72be85596a527f9f653db3cb72cq4jg,0,0.06147095665883217
15,c2294751630e49a4e594dfd89383b271qzp0m,0,0.03985984856626907
15,67d245e38ee756947ed395fa099807fchxv99,0,0.0020414951727905466
15,20d08c7edbcb4b4ac0214b664ca5bb9cprntj,0,0.004846117100397165
15,fbca8e44d824faa1fa6b99325758ff19vi94a,0,0.14945788410997904
15,3ddd3eba016fc11b07c8a9ecb3fcc2975bkru,0,0.004579876348594999
15,cafa845bd657b17eaa82940d4767d9dfe9uxg,0,0.039595980728233116
15,e69dc706f159ef6e26df0d88388bc5edlymly,0,0.0033001004322020834
15,7f603f668968facebb0567015ad4c201kikrh,0,0.0018423653911157165
15,9ebd57da79b9286fd67a53e61528cf63a1w6c,0,0.0021405030586348537
15,ff566c87f2babf3dcd67be286e1c6666cxzh1,0,0.002036414098982223
15,3b947f8c954acf4354d2c3bdcd494fb0x54ee,0,0.0024106612566402036
15,b1bc9ff2b98df742affda07c5977c7345dpm5,0,0.0037759476118511583
15,b6a7b5bba132a90e7c7cb350d2bfa52d7sion,0,0.8512590974087891
15,20a2d48ac3400228e7a0296aaa596a0fvckdc,0,0.0022525566859877056
15,9be87a4f123366660d7f6d40ffa493a8ffpsj,0,0.003384317549413333
15,662b66b1227816c2f9017cadbc148381alne2,0,0.0022391333829200172
15,42cce5c657dc7d99911d950cb22fcb4fmzz5e,0,0.001921084443480155
15,51d2e1b98b7a1e42b939637dc6e11381zu201,0,0.0019402571940967297
15,96caf14832aa8be04d98aa481b320392kb2gc,0,0.014233686488076656
15,29b8af2fea3881ef61911612372dac41vczqv,0,0.05196204964599502
15,9393cc68d0357d7b200a94fdf93ee3cf7xg5l,0,0.0014539813626127493
15,06a58d4af0fe7ee15324b0e921e8de1260vef,0,0.003238092969325382
15,2d6a70a8341ea0fbe4c8537ffbce919etg4x0,0,0.004579876348594999
15,8cba56e5e7c2be942ea8472b73f0842fil1x0,0,0.0036057289677109946
15,40efc98d259ee36a8c2a387ba49f39d0fa39h,0,0.44677123206270486
15,37ca0d0ded383d709676a4f9729ef39cpjfh4,0,0.0017183656339279424
15,86091a1e6c99358936979baf67d54457x1dzy,0,0.003205644931583116
15,222a0e05442fec0af2d20ebdcafe4b28c2pi4,0,0.0034717742675411437
15,7a71e329f3f2da98a3f82e7bfcb705a0t5822,0,0.047851056794359165
15,163097c029285c7eefa2d60e474d65b4ap2l0,0,0.002012594656912611
15,44be920e88377290bb204795f05a20369jp06,0,0.0022328736417235747
15,cbe756ce81f5c420a1f7079791ed9aa2js2u7,0,0.0370955562211709
15,10f1460119f9e42bcccd0f68ef59cc830pwtq,0,0.0020431960972607027
15,9f7e3e648ea8e6815c6e7caf59412e843iqbz,0,0.004828528610415721
15,b9743f78108aefe3995e1c2291b5f3278cgpk,0,0.0069006692917678684
15,4b3e6a8a52c413a32f76a6d7a84a54bb8gb0t,0,0.009015513463119672
15,b77312a06d10e22e3caca85fc7fe0342b2adf,0,0.025750674357219755
15,d4d4b36ea722e5b939e51e34953004c4t671f,0,0.0035504257727761997
15,de8943f2b113702c98ef695888b7d0c6my29p,0,0.004579876348594999
15,936d73a062928a362901f0e507d57b0a8rjs7,0,0.004485861771605068
15,2db8669a6d21a5c8197d4287ea32b7883gv5r,0,0.0011427303410208125
15,6713e820273f591bdff7d26a48ee30c5k4iii,0,0.1854198750846801
15,b7e16fd4fd9ff04b7d741b70730b7b6b1aw84,0,0.01399428393190634
15,80130530788e55de6e9fd515271859d1kgfsd,0,0.026842485147111628
15,4882587d42b3d7d8d7bec4315203f10bl2fts,0,0.004579876348594999
15,452619e019e5651a8d98e3d59a478b7fez5e0,0,0.003007828402543423
15,cdf76f38b6f46a3bd396a99123d26909xq5c3,0,0.013896052026150928
15,9af8e7dbdc3c620c8144d736242b3bd2fdbpx,0,0.0037595975944234826
15,ac94684646bc6f708dcf4566f41ec05es9v44,0,0.006209767321577688
15,4bddcd4957ff826dfd3b3efe6eb96be9aw5tz,0,0.01923002665979448
15,e2a61feee7f94b49d7de1ac6efb237c0fjt1z,0,0.004685296460055786
15,1717f6d4c48ae8d3e5f2566d4bb525f854j6d,0,0.004077380936292466
15,284cd72e028fe176f935114521ee998c5jsko,0,0.003127509234332034
15,52d8066e28f168e5bee769559ead307e1go7e,1,0.23689802724793463
15,1e050a096927d5b34f4a85d3af28d30eybsaz,0,0.005087053415837663
15,03a1e81cb7bcd15014489a6f752c9d5b7pvel,0,0.004969462450625276
15,d8ada60e3b7204a104bba8c073136bb40772o,0,0.0018638155241970775
15,557f06b312e040ed3cd7dd2a011cb83avyut1,0,0.02872388995699262
15,d4be674fce23aae81c4cb946d4fff8671gxtu,0,0.0032594571307591105
15,d38b2db568fb71174bf883554bea939ccts4m,0,0.0026726810692938975
15,4761b2fdb4ce610d1d8dd9ea50f478cf7et0f,0,0.0019361843363841663
15,3bc8edfa1995a99110b957ee98fb5c76nkl7t,0,0.38570912112029465
15,4f07602a713c192a941204b27e2abcf1srnke,0,0.003447123400505561
15,89c8eefbf6f83543ce0792d1e4b86057ti16q,0,0.0020152359094744517
15,a4630d8b78c796441a1be187f6907b11c5eu0,0,0.002945662579292106
15,612d24dde60a1b42873ab7b50944c6dad3dcb,0,0.017507381403457565
15,0141844fc725a85e38e12cc02fcdbbe8ofqxv,0,0.002025805310955228
15,359444416c25e6e90ddb2e3d3d0bc23dufn9s,0,0.004579876348594999
15,c7ce5ac2fe5f03458fab59c78b19bf7c9wzf7,0,0.025353350624377557
15,3e85a43950c71b1988a814682abd4392yakvp,0,0.13621042044554615
15,f0567f6d45c0f83b9874681fe8dfe0ba6hjlf,0,0.030617792222044544
15,ed5fc53d096bcf1b86c30128040e775334ut0,0,0.17724761530977942
15,58c3300ea9095cf5e59e27abf2a905ce7tl6p,0,0.004579876348594999
15,90eb8151eb82441b084d04893151619837abp,0,0.007674112840803574
15,abec779131ec6bd32f5e32ed0f274400ekljo,0,0.0018761474225955455
15,b2a19e17e1b9e0bca8e4563efbff5fed7v9xe,0,0.002613719821668452
15,bd0071b98d9479130e5c053a244fe6f1muj8h,1,0.004579876348594999
15,173991472d4ee18932f8514b9d4a9dba7rjqa,0,0.0026657350695974613
15,0a7446b63f183a4928ae762ed6cd1c4b894qz,0,0.0030392126281726783
15,e561791343f3564a6fc612a98b5f3df34rxok,0,0.004578184394775256
15,b1c2e7ee5c69722df6233541ad5e784eutiv2,0,0.004501649949505489
15,98eed7cbee9b1a1b526a635648e7cd2fhbt5w,0,0.18073850027704896
15,c8d3fc73c1a41bf92a5e4982eb6cf78du8gg5,0,0.0018878084332005344
15,2fe472c1be232dca314d4bdf0fa95165rjv69,0,0.07179672843867323
15,d2fe98eb0fa21252956184a98138c58dwp1ah,0,0.002935767879154651
15,1ef47d501d4b36498b51e184b1027981xu89r,0,0.0020021821487921023
15,5dd3494b46f39f8c8783c25527b64dd8hp8ti,0,0.04078605599294043
15,aea096a392f55d95c3e45251931e9755a9t3o,0,0.09747606848366237
15,a5fb60c136b7e0a6d0d6e27cadb2a797225r6,0,0.009819495851490776
15,ee5afe7f268aaa88598545df890f4e5fzari6,0,0.002665037110961459
15,0bf6e0e5184b3599bbb4ba1fb3a43549ije34,0,0.004579876348594999
15,613fe9b896ce3801e40212b3c8a8053c1e8nj,0,0.003522163252050607
15,72dbc4a9f579a9444c126a0a67118783092ec,0,0.0018007517778676704
15,de3bbaaa3bbc1fd1f751d23a972916d80q8e6,0,0.014753787057916985
15,8af01eeb860c2e6b1512377f28953110ml638,0,0.08674077314922252
15,d9a813646e8fae954898c1279196f5493gqzc,0,0.0019359679739276675
15,e9b27622a64f2eb9dc7559d43bc45e31yci23,0,0.0055521437560286
15,76d4a0147a60d871867f00adf45cb792w9c6n,0,0.01166229495071728
15,60849c6d966f178808d94543173cb93dog4gt,0,0.0014162853223039504
15,1dec9ee102b29905e2f59a52fb7429826e8b4,0,0.04205719555022954
15,97ac4a68e5600c4b7a960d9580d4f251470mc,0,0.0039848137633194496
15,3df41510a5044de5438015f37dfa3443bt7pp,0,0.006428668480258013
15,a6214d8bf07127661f322afa7c8dae91ypizm,0,0.002078279619850948
15,bfc7a0819397d910db7c24eaba1ed4c68dwiq,0,0.0015896610647634871
15,70daecd44c89c37525aa2ca294378ead4dggh,0,0.8027013596389372
15,39a5a16e5a67c2fb51789cea4d3091f0mv996,0,0.002359752106338778
15,95efb775460080c0da57e154f27876d75xnsx,0,0.0023767388077239474
15,89291354b0939c342be97fa58e018bd89fvcf,0,0.0028737259171277394
15,70c31e8b3476b953648fd4f8775c1950m1uz4,0,0.0029754439479683877
15,ab0b0de534bad49af05faa626b88389cmjj8e,0,0.013834003095501686
15,8bbb16c0a1bb808389051c875ebab1cea0v56,0,0.005002087192720814
15,c9a97c18992adb02e6c2e6a8f9cc1daa1di5k,0,0.0019549445731354303
15,1a9765ed302d0f91b512c23112066e41s755q,0,0.004579876348594999
15,08981037e7a6c9032716ff25b15c9de25p63s,0,0.6990254932852545
15,fe6adfbbb2fc1ec0c3edf6677204bcb245uf2,0,0.002208559679061555
15,c7c854748038ddf37b8a9c4f5a28073fsut8p,0,0.028355265291895398
15,bcda2135a2456d611876679b61dac500vs7sx,0,0.0031600389036311656
15,d6517684989560cbb0da1fb2f5bbba9b9y2st,0,0.13745959429017138
15,716079d1913959ccae0307f760bcddddt6d4o,0,0.0045413098100007
15,292dedb5371b8e0ebbeea57f14b35713e2ie2,0,0.0023139843888323724
15,a71f9ab1d130394882cbdab3c886f1b0fm6hu,0,0.003083499773627903
15,d3920630f4891b9ef1a8a199ce5c830aua4yi,0,0.2563101623926526
15,3a32eb1c6dcc818e0df4953e978f2e89ljhnf,0,0.0016550391480901236
15,c08ae3075278ed0d139f00ead52ac2b0oy8nw,0,0.0017551231683253083
15,464506515f2ae684bd510b3a50b9121ec7v3a,0,0.0461773676700949
15,098bfc9c440f9ba9e6371f774ec6a36fa0sq6,0,0.001747404312904541
15,1df1dab2eb718c3da3f9a0aa90b93651sxqzo,0,0.0024086905527606426
15,b1e106943db37b1d002bcbe06b264b8bahuy0,0,0.001499311861541991
15,1def3e23e479c9739abce6b3518013d39oejk,0,0.03771692660122993
15,dcc5a79317a22bd0f6dca1f60fc866a8bei1d,0,0.11807414793817503
15,f9378eb3e522beef7e6a4e1f275bbe0eaboro,0,0.009015513463119672
15,c5120d10a23eb0c10d56a19fecbf9da85t4ow,0,0.0024178585381529004
15,b9c59dcf41cd0a7ba779154872019cabmohkm,0,0.0025474048724618125
15,6429ef4aebc7d1f4027b31a6e900d165nqvyz,0,0.005153118722726232
15,2137e2626c568af8e56bfb72fdd5b9e19qiyt,0,0.010893919950609616
15,b8d88a1167ab74ba64fd6d9c83308a6d4oa6v,0,0.00483555851697394
15,384ba7c5a8ccf55d174080d9ad7de9b8mfysi,0,0.04874757520433821
15,ab3e02a6b47b250b738fdb010dc84cd7lrr07,0,0.005028475828912061
15,2b13a870a46975494b749feea0c5c7ed170ll,0,0.012563754664372923
15,a7c263f3fe4f19ff677e5cb475f7e5a3gdom3,0,0.002564223794531304
15,1aa485901ede7baf78ea116e297e9d7f9en6i,1,0.4833662121791744
15,53f61a2f33e8b07e49da643af49884782vzdu,0,0.0021354402644221814
15,9f280cd011f10593dc245dad1d93b11dy6rg5,0,0.001678809798621354
15,ef1d71dde32e587e761a1b39d5b374c7gk68y,0,0.004813759255369047
15,3694aa599f836a57b671ee0814b071775i1nf,0,0.3695753769769731
15,3318a824cfbd3d3d177ab7e9520b21cbsrcgr,0,0.0019651790792277273
15,2b4b36fd77eaeabbdad8fac68b17ece5ey04u,0,0.025750674357219755
15,f069e2e45ce316168a94b972c5b7d6b0f342m,0,0.2630615539347261
15,989e8e68621a43af5a8d061aa91bd9bfshy7d,0,0.14945788410997904
15,c5863a228287327c9980d12a632985da9vi29,0,0.010596621306681714
15,c58ffa073b3b3deb4e993ee5dd05347cmvfur,0,0.00162719793842431
15,a71f84e476d03bd0b25d45e44eeed9a8efehw,0,0.025181992452430194
15,afb1d898d15663a9477870391cf39b697gso2,0,0.0019766365284279224
15,8a4fc219f01e1fe6d4328b0a47fc54905iv05,1,0.0459002069412572
15,ffc4e2dd2cc08249f299cab46ecbfacfobmr3,0,0.0027625416261985963
15,60edf674563f85b227898f6af0386476efy45,0,0.0018474430406992827
15,24d4554556deeebf61510cf3e001edecu8hgj,0,0.002880553843834961
15,781972f2af3af2abc492f9dbb0f6fceahnban,0,0.002847575977766116
15,98e6dd2906ef1f7c13284a309f6b160cb2ujz,0,0.0035615670926214147
15,2f9a7b01fcce94499a59aebfac98fe1ezsk1y,0,0.0022357396284736738
15,7a9519ae09e328b09d18473f96ef075fzrs1v,0,0.0034793141619814433
15,4f57e657df5ee5d9207178b4b6858ddak9ouq,0,0.001715846562428433
15,57c4421263d37c2cd2573cd7245a7a80h0mjf,0,0.05405217797221902
15,87c5fcd8d9582701469f94bff3cc415dvq4ia,0,0.0021423015906520916
15,b7515e5f181a6d4884674897226cfe9cpd6d6,0,0.002036414098982223
15,c435ac9dcda855341e667d440c2ef7c6nd3mg,0,0.0884869968064821
15,1ba9422d7a55aa5abc3ff37d1cafa9f2yds7i,0,0.034293517420951485
15,c6fcf1f7b824c864d492c4cd676cd702owsuv,0,0.0035853743869840114
15,fc870f3872dd5e36e4dfc4ccde28cc930tify,0,0.007039925047961109
15,e587d92842526255c86d3b0d425747ecib83l,0,0.048695478659073116
15,cd9a7b22d85c35845260cd61a4b65cb2meyel,0,0.0017767997657768331
15,053cefb7e952bd81d7a6db267a121747te7lo,0,0.036572993728543834
15,ca5d4f0a3ea342fdc45c3325e5311049e2uis,0,0.025750674357219755
15,68d0de6b2b019e4f93fe89ef3c9d3e21zajj9,0,0.0168248633371334
15,32dd072b16a69411ba3f67992ecc3e2144j5g,0,0.272687277512264
15,2e463fe6bc1616f8392f82c138a6a436mbtjx,0,0.0016492807442914348
15,f8e90361c36eb3f6fbd485748e731fb7w2ci4,0,0.004026378293391514
15,6f6e3687f67272b103351641b678225abarzw,0,0.004798754838208492
15,d5b75c812d172da1ecb3164a1cfb7527688gb,0,0.004364832929094633
15,8cab09b069755eca2b4e7fd6f6981d7d8n88o,0,0.002935725790227945
15,ff92ea4abd33ed38601287f0e1d6726dmgx1f,0,0.06887430977510733
15,cf18f6766fadce944ee74796489c23acmqhpe,0,0.008199463969830711
15,782557b3ec17063f2a36fc9193ed3200h14me,0,0.10863443161948373
15,1c61726e316d5a16aaa80b429080c534u43s0,0,0.002431386769564983
15,64abb8a286b2be97349e8b17abcce6d9rygza,0,0.0029878846194636394
15,f219cbb3d454b32953619d5a4551f56dcg7gy,0,0.006894773349865293
15,83c9359ad94eab7f4b8fd582a6db4733frmsr,0,0.011839193218727518
15,6d033ec559ea79a8ffb90d80e0b24e93j82av,0,0.06540183042973083
15,e704e6fedbe6caa9b434509d085f4c97nq6k1,0,0.0017227887432958054
15,c1850964c360c9159e5d1d0b6485e210s6uvc,0,0.0025133611313668714
15,5c2d250afe88df6e4ca3ff08d991eb67s5erh,0,0.0016593909160711158
15,37bf6f23b628a3e2b5b22ba81beccbef0efoh,0,0.13234788720831156
15,c0e4be8d520c7bac2f51ad80a98876c2aan70,0,0.004579876348594999
15,7eb7b2f6a914afba5c3d207dc28a93aed9pnc,0,0.008792200148888782
15,8bce581a91921adaa5fc20e627cd7b94l6cp6,0,0.0027649107541539496
15,238808859d7752579a415e89a395500fh2o65,1,0.003730480971548156
15,ae37c0f4dc6e3d99f5b0243fd18294cak7pxy,0,0.0291756811032544
15,340d7ea497f16bdb912ec5c6ce467f71kk7hy,1,0.058517828141731454
15,ba319b8bb68ca6a12086f2410ca7fb3buxsei,1,0.1996453584997629
15,0b3d5f829d18ba30d967fceecb58821c3oeqa,0,0.03118932744905411
15,7ce3afe39ece9d672e9adcf3dcf2aa44a8r22,0,0.010247962895982825
15,074daf9a99b01591cb0637cb95c32600roriz,0,0.00217275859162277
15,63424f85cf53557fdb5dfc6a280af75epl45b,0,0.0027993627446803756
15,d4db72f36e6ad1668dbc0bf4f0e1c49bn12a2,0,0.004579876348594999
15,93e3c34171ab65e0b031dc67461e48b478u36,0,0.00825350369154723
15,069d020584a0e8c61e622321d4c43881j7pl3,0,0.002478777515202042
15,862eef3a75e1351593b54975cd8ae1b3swcxw,0,0.015329320487849808
15,0a09adcd35b5f26d75f251006affc747drfu4,0,0.047851056794359165
15,ae29b39843141a73b39ada671ce6b6c0yxlb6,0,0.0017489377785549689
15,a4475cf8808f8951dd5163ded3ee8032g9vxd,0,0.009015513463119672
15,026819504b59bc4eefb9963d5fe4271aql15u,0,0.005709615966125639
15,ecce760edfc6ec5cd5ddc7037c514dc3zod4i,0,0.003274160299156019
15,4b9bf4cf1085e9d839e833e4b9d40f2a8ps14,0,0.0029225807618858597
15,a6f994251abda6687ada2e9de52bddb5cisa7,0,0.0028550683068631856
15,8473148f069a890b7323fe8316861a71qoxv1,0,0.00201425000118892
15,fae553f133602fba6e9e6051dfb27fefkruax,1,0.5868551032185684
15,8c939b6713b7881538cb05eca89cfb1cw1lhm,0,0.0030335595829726215
15,bf190f2cffc1a77f0957f8cd1c98257dofy08,0,0.005944154540010842
15,8884b7af726ce7bd929482ea13de19d39lzuv,0,0.025750674357219755
15,9d33ed2efcfaddba0307d12142f3041ce731l,0,0.024209663554374455
15,e8bc0150097c1b2b8b8c374b69e0d3a6mxfcm,0,0.002400342940228627
15,737d19fdceb065359c77b81d27053c4e5quiq,0,0.008085015590459533
15,e50426efab1e9d60b8f7258130f8791czrpvg,0,0.036053247756802485
15,d42604c7cca8ec92839e92508f2a3e52ehz29,0,0.013600544794635672
15,c8b23d6565e11d874e221f41440ffd25mrucd,0,0.004285733763958171
15,eb27d8daded752fc0d1c828867b0f118cswwq,0,0.0026726810692938975
15,bef84146ac1e2f21e928e06ede1404793bfnx,0,0.0015336350341837994
15,825226b69f2a5a8337ca611b38223989aumow,0,0.0026719506278706355
15,0f8cb1baa83fefac10f885f79149bf13kn4nw,0,0.0037234180924648652
15,f75a0f726d764514f612ee8cd8f65adegt02s,0,0.005318379621188885
15,332ef2c7189603a497fc89345ee4f5605i5xw,0,0.017361814990384757
15,9dd7e7ef94a7bc5bc9f98c42099910e7o76qh,0,0.0020212942777743746
15,bdab2be5a94c6380c60b902310cbe1b6rs4iw,0,0.0019309663391896498
15,050a3b29ca1818e1f237df8132bc2013bcuxi,0,0.002025794417742168
15,55d9cdc3af85efe87b2a6f22a2cea96ezy2ax,0,0.004424275432118852
15,d9dfeadc7e0e844ffea3cfc706daae5dt2hhg,0,0.003113124905400157
15,af50d549e86276f034e52037722dd5aetouu2,0,0.0017347558037326548
15,8152c94b639be88e7076f0e32bd70e0eg004b,0,0.005941929368476506
15,9ca7afbb673865b01cd4b02846054fc1p3vjn,0,0.013816639731127022
15,bc3d08ad6ac94b8b5ce40a29b59899cakj3p5,0,0.01809447042004036
15,24a32bf10c4a5d4d91c27da4710c869a0nqim,0,0.004511923764794472
15,429b876aa7e2d6741ddf322685363ccchue2v,0,0.0016704014819021523
15,0918eedd8324da06abe5600f058480dc75nfo,0,0.0016115063699047793
15,ce7d34398a6d6011bcd96ff0aa82b6674hxzl,0,0.0012213061448904682
15,c277151116ce38d8245f9f2308807af8t4nnj,1,0.0030623247020442144
15,de4388600d997803223748e48bfc7b16ggyrh,0,0.003419218334180681
15,069d251f2fc19102924468ab38349d5eou7ab,0,0.003901753886324957
15,535ed161b4c9960a71ccd53128df4766ddyq6,1,0.22429870560303342
15,90953913d629a03e27590d0d0f64456601ktd,0,0.0025519661151981003
15,c843f90bae7231af13dd0e064a469704drz2x,0,0.0025227656104358457
15,13812c0d2c8c474bd62481d932407687o26kg,0,0.004015149081194298
15,77b7daafef906aa3f941992bcf94dd69zxk2p,0,0.005114189360588539
15,eef111bfb93c213c174947c69b2f2b38cr2pw,0,0.007232392171292102
15,4aad6f0ffe775217e4ef8c91d69707545li52,0,0.0012269435453749298
15,a25f4c6838b83e0fcba372300c23c2537k5eq,0,0.0049310721900052866
15,9e1f21ee1888368e77b539083f4b94ddv8mrl,0,0.013703640012013574
15,07012e0507b4281d430b93ddcd96cae66und7,0,0.0016725933490442148
15,fc48aad7a51d965595b59550e08b94c670k7w,0,0.025750674357219755
15,4b72cbc9d9ef0238bb666feea6d79e718qry1,0,0.06808605368406602
15,fa918060747386f431a511c862565e34y1pdw,0,0.003756908023071542
15,24db47d284a08aaf119eb3e0c45eb646i46j5,0,0.02089782227775608
15,b8da3e0dc73d1f453ecbe6ee4d4e8791pr8az,0,0.001990209651439236
15,0446457fc8e21596799158406f77b14catx8w,0,0.004579876348594999
15,0c55920fb607fef2d33324f33565758a6e4dj,0,0.0015639626773739817
15,25331706aa2157419da068e93f3989feyo7a0,0,0.029496222157129128
15,e72d1b2319a2ef39d016c41e4824b68evxe53,0,0.0032067960971269203
15,916d2d806b772c9f227a9b3640e31469ljrxo,0,0.07607229089458
15,53d9e7fa087a0dab6a472bfbfb694622jv072,0,0.0019361843363841663
15,eace2a2890644d703c619fff7e41a9a16k7lf,0,0.002041291766070087
15,0a92c4fa2bcdc8e952546d236b322053o5wbk,0,0.0029765724860792357
15,3f977186d125ef8bcbee0c1562c7ced2b4utq,0,0.007376040412260277
15,cad151bdf2e29b764dfd3acac022e5dcy8n83,0,0.0039093032185641965
15,6ce47fddd94be5792190cad9d972a5c4oyjww,0,0.0041084457112546
15,a639448bde9a72923b70917e82594fc66sa2f,0,0.005912492217920031
15,7959bd565852dd880cd31278fab3660fuaqyw,0,0.006181741798443303
15,8bc2a424939c50eaf4a652e253421b0f9b0y9,0,0.12065114271945088
15,5cdd665a22747394620c17b7753947b0xgzhw,0,0.007195641703777085
15,21f5b103136104e4947e293983dbaa5b4tder,0,0.5625556291678535
15,a4e83190edb97fefdc4a6cbfd00f41fbm7c4o,1,0.9133722662853766
15,9dc039dc57fd67bd9e7157f4f697ae7eloov1,0,0.5668113097090521
15,98c12418158dfb9494af01308ac2d0588gfw2,0,0.0076591534580402005
15,5f529b5ee68b60482c5d0c56ee91f3c2cjrmx,1,0.9816639023838215
15,c99b1edcfc7f0c751b68fb310d34b75ei6j82,0,0.010188509869761185
15,e60b306c01cf0c0be5c7d54facf927044g5d2,0,0.05196204964599502
15,042780ee9a3730703e35340c575c3cbb7zjwk,0,0.015398890281669422
15,0f4669e36b2e721dfe27f8633b277a1575erw,0,0.04205719555022954
15,b28e6a39ef0cdda29c5e350e048c3a813idk1,0,0.004579876348594999
15,01f498a0992d280de63ec346692efb2blckg2,0,0.11807414793817503
15,14c69cd7fbc8300876f287520c493fc8xe2o6,0,0.008039194596358873
15,4089a2b7f26e5c13a7f3350bd52ebf8fh21nm,0,0.30914788400161314
15,b4210edd4ec9bf872c7108fdb3c6aae9cjwz7,0,0.011285031937994312
15,4fcdd880c4e1a1767c4d26f74bb3466f11osj,0,0.009015513463119672
15,622a477170c3e2215b7e3cdb06db93aezz6t7,0,0.008294820467211327
15,802a819acf0601b43fe5426cb48ac0bbqwfu8,0,0.8872292844419799
15,65f52b46edfc7fa64b9e74557a78e52c1it54,0,0.0008448908651898516
15,6da04647ce16d0f00051dfeaa94d3313ox30y,0,0.012288819152607985
15,8c339df2050a428c04a1c2bcbfe4a143loj8l,0,0.00833883136532482
15,458c8c4e10e5c1b29e3fbe5ee56d46e8y3fb3,1,0.9653195919202789
15,7d063aa96e7a065ed5ff9deb7c851bddhrxdj,0,0.003908329762830492
15,b9cb81e5855add059728cf932f0624fefbi2t,0,0.004579876348594999
15,5640f30464bb5a7bc6e98fd2873fc25dh78hp,0,0.035000169187113926
15,55453d252a225f3b046c094a7aa330a80dr96,0,0.004579876348594999
15,6b1666662837213ce77c329d8cb2a842epaeh,0,0.001976056337120249
15,17a321c4a0d925ca80507effa52330ac5n5r7,1,0.0046818925189196494
15,8b253bd318229b3eea3f459bd81b8347khytb,0,0.9325714822677709
15,03e884d3e7e3356608187d2345e4693fyt29x,0,0.0019696838123923702
15,3fe1dacbdaf96fab0c213e218968c518twu76,0,0.020022908653983932
15,1dfb637157cc0e590e50d724cd4cad6d4cacw,0,0.0029823984675812474
15,aaa686462ebb950550fc1c6136ffb273vkrc5,1,0.03643002414084858
15,f6485cac867e1e7d2d991838551b4c4bfnarv,0,0.007348236486222089
15,65d8228c6c1e5b6042f397afed8a5c7cbo6x3,0,0.19462202797308883
16,91a3c57b13234af24875c56fb7e2b2f4rb56a,0,0.002187470461394185
16,57db69e32163f3e486dc6ef7d615aa12usje6,0,0.016688457590331326
16,c0549e76b179912d52a28c3eb9b29376yaxvu,0,0.005273916958230641
16,11a38554244f3c14de043aaf52345c35jjqvo,0,0.19779661771784365
16,0b68888358a492884e3885bcd73ea63bhxidk,0,0.0032866200461515623
16,eaaae0fb54c7d36724a9679c3128d5a7gn4k5,0,0.10534482203981287
16,2c581ec91825362ab66a7ffa05df5e70hl3h3,0,0.0516440162739691
16,0d0b3d6dc27d0f8eed70971f8c6bec1bdrs0f,0,0.007145447513459262
16,2a7d1f9483d34546c4d099e36e3a79790qvjm,0,0.08842169080081795
16,c62bac5be6489bc0e0a7834a11167171c8ww3,0,0.0014041279851807072
16,98783b6bd490f32f56c315307643c824nimw1,0,0.0016028042518461138
16,848d3eaa622b26fe57d352eedd9649f4v6obv,0,0.0025226123427480283
16,64a39f766b2e9d9471b104f0d0289740a9kdq,0,0.002548247672397664
16,e3ccc9bd16fa1f4a92fe87b4a54e5e72uficw,0,0.30025368767535054
16,a3c2ba79963b637f15086e6255a46253lwpnb,0,0.005463168232553219
16,2307bb06855a6fe75ab56ee6b4a3860835di5,0,0.03604412593343887
16,6394edfbd35aab54801518835e33ed50hcr5f,0,0.08342927688754881
16,c5babbaace35399cf51a9356bbc22733xpi5h,0,0.0027612873161003133
16,af98b7d5a7c1ccd2968252a2fb1c06f69igbv,0,0.002253474215071518
16,8e1f8e5907b3cc256a2a57ae9ac81e063gbz4,0,0.0023089082570487787
16,6ecd9f4b332eb790dc933aea0a1528e2qkp4y,0,0.0023191053348039026
16,d9c6b6d7290e4475bcd6d264fb33a706fqtvc,0,0.15661946172847907
16,9ded76c5244a2116a3b5432fa265a800j0bvt,0,0.004021297525969214
16,53691811bd992911edb9f5f64f49d8f5luk1f,0,0.15549673878576012
16,ff58ffde976a4899dcd89597a7877e18lntgz,0,0.18507495021359305
16,20cb327bff59dc8f4fe1ac68a30f02eb6jrq6,0,0.0015670280489176664
16,03244a553a252dcc3a3037f0371c8d33fmpd1,0,0.0007784228757801549
16,3073231f45ca50ad6830d4dc7261f283iwjjm,0,0.0015454887268350108
16,47e0637718480102d235233c83661a7850foh,0,0.003627120550563444
16,9653f425ed82418570fbca890f7032b16sjjd,0,0.0015530818437558794
16,efc61ad6db17265a4bac85f77b154ef414tpp,1,0.001625837479397273
16,dc52611b1a2c84c0949da5af9870d57fj6ab0,0,0.006708267462915987
16,961ab8cb7952191816db53f8a11a35fe1zecm,0,0.006560047373692946
16,74ecf5f9adfa4dcca4dcf020209db81arynmk,0,0.0011460545245724756
16,3d9910a238a0f282ad3132dd6fc981c8tv3tg,1,0.046192220870190676
16,f90f13ddfc0f98cbe3c2346a2e30093cq6zo0,0,0.0012199949498356744
16,fdd836950d203286832a21b930b9f6b58ch7s,0,0.013506958697158226
16,2c72df02de4b36acf72ba549630808612ol08,0,0.002638150062694241
16,01c5692d487454cdbe731df330bef608f48zz,0,0.001774036983304803
16,f80075873f7183a03b1b10ac3f740032v6w99,0,0.06845220879325693
16,cf22da37578048d2e51eca1e544c693cke5t3,0,0.19084628012329496
16,a94c16f8a98e493e2b4390b1975e690dv8cmu,0,0.03604412593343887
16,f63ed13362ce1c80970ba28a095c2bc5kfgmr,0,0.0015579431413515958
16,f186d292f4e83f70a92c97f92993f655ygqzw,0,0.009524498247262394
16,72dd0e4788d25f62cc2ba942bb9499dc7quqj,0,0.0030958113089590727
16,e0413f338c43c9d55ba53612d2068f65t4gs6,0,0.02865129518749921
16,6a76d66f035914f93ebc725a0998b399r4gdq,0,0.0007198063230926359
16,929b75b44585b34d2b917ec181ecbcf298fr8,0,0.35505282450792774
16,eebfd257525e52b67969ae9d8760afff12j3d,0,0.002509561037576017
16,f46cfa9acdb6a4c419c70c19be4ff9523uixs,0,0.003150599771134311
16,7339b024b285f99084bcca768cce5c7e0h2op,0,0.08939257093035126
16,354baa6c4764a5bde013ea3f7edc72552r3oa,0,0.08136027734769738
16,82bec02fec2f08899489d7a5c35a30a0lbszo,0,0.001294665809695484
16,ac494ae5acf003f84ba46f5741618a8dn19qi,0,0.0015928540903281387
16,ea57e35acda9a8f8b75f4d9bc049f74d7qx3t,0,0.0075146260322968
16,481db1a88023d22b3533044bff5239dbf3cda,0,0.003384533239485539
16,20662832566daffac929f803f0c236eaperht,0,0.23247885732673113
16,42c407eb70ddacdcd59d63f22caaafc4fa0p2,1,0.8205375855816277
16,28aa6c505e308e49e586e25e1897ed2axjiy0,0,0.0015670310244897782
16,ff12cd48c7de8ffb8b2099f262ce03980dqqz,0,0.002373312834190685
16,e0544483ccbafc4842cba7650677d043n2e5c,0,0.050825408374400194
16,76218e14c379c12d599dae9e1c00b61a3i5b2,0,0.023760495066071592
16,d2ebe13374f25a12865d50c17af1dad7yspzq,0,0.0014442755457114572
16,bb790a228de797253bf6afa43ee52eba1s2dx,0,0.120594418438511
16,c2d1b8c1b7a9c8010f5b215e8aadb1d7gahpp,0,0.09336504071445964
16,791031a63c9e2b4835caa9a4cc1768baias2l,0,0.001949682339643297
16,7607c4efa792a69e2a8949ccafcbef103squn,0,0.002895025124074233
16,f93a998dc10a4c98f65c6b86fdff651d5i4qh,0,0.10174792218993937
16,334714f005e994d46cf4d18093dd4d05fyxc8,1,0.16268389317322918
16,570910327f5584ea1ccba92634d89832lo1zc,0,0.026501735150308233
16,27cc072f1432f7aec4b7e17cf2e473f2x3bjg,0,0.900685951986761
16,ea6c07fbbfc3f0e549701b1e7b90c4d21zfjl,0,0.12035798372227438
16,01eb9dcbd0b3e79d94020d13d83a993ec9d2a,0,0.002771123320772078
16,bd0f0c497ef09b5c1bb18b330d932bffktn3i,0,0.2287746210820421
16,6a5457f1038c6e1cf9feb57529ce07b2sff4d,0,0.004358262481768953
16,c755d2832026bc2a6f5d2d6df5740f06mr3nj,0,0.001391177205242142
16,7f4e84da8ed11f4ea3a2d276f49949b7o31us,0,0.0019154814798843557
16,22401c4dc0cb1e5d52da01ebb8b2839cdoauo,0,0.0022268158086046087
16,e5f43783127506211df8c6290c2ecadbyr779,0,0.2145514189268564
16,f2bf8c94172c4d71076e151cb4e136007iiur,0,0.0018186016936991322
16,79c18f0460f9bd86bcfb25da96d91490jfuxv,0,0.0018405508250036718
16,c4b598fcb343bdd2cf826fc7541500e40xtte,0,0.04781443522661908
16,b970a53727b2bfaf02079779c846a52fj3f0q,0,0.0025564765958541796
16,295fbc4ef00fe0cea7947811e78bb8aez9ti2,0,0.026501735150308233
16,9c0cbc0fd8a6c22ae3648801ade080fek6i13,0,0.03747995075035635
16,11b1859aaf7fa93818baa76007cf7207d8uwy,0,0.00222881365231633
16,57e1892d3d62d87c9ba5e8425a1958c0fn11u,0,0.03604412593343887
16,d1f000f475c502ecd2e993c52987e63ed3k7n,0,0.1811400413962937
16,a3ef8857f2e33ecd25c409622b4e3ebcij8hv,1,0.9614291394514468
16,db5e9f85e7d180f7d952f12e5dae5900q9xif,0,0.0006721903123918352
16,e1fb642deec7b382433de94983d97681o14ko,0,0.010706800480884085
16,3fae46174ef1a7dce5e9893775f814c4so8s0,0,0.08342927688754881
16,6b9a3d480add21788772e118e6d51ed57e3w9,0,0.0032843563275552347
16,30ef7862d69b3440ebf2726ee85a0b8397ta7,0,0.0016978515263760135
16,644e284380171fa793695a91b6a12c28jcwku,0,0.01666049184248422
16,18eb8d55c84019b9196c5ca7e072b287bv68e,0,0.0023427116423350757
16,4ab56df4b1befe3e2ce5cd98e8950ba2psqq2,0,0.32696417531610694
16,2b72d702b44fd7dd58062e326fd8e4779j8mp,0,0.0015052785411862153
16,d63671871e4010e904b9419e48781565weafn,0,0.006159877760445357
16,64885ec89a54c64598b2d196e1fe2e351cd60,0,0.00223381799888265
16,2a4654987b59646a120ac74301339afc4eylt,0,0.02586605668609462
16,3073d007a5b42b827cc770ecf4805278xvvzl,0,0.0021897426122401997
16,9774dc752f855f07b9c00eb7018b607c0ymxo,0,0.002130907644270581
16,05c6b93bf8f083b2d0a03ffc0fc3524ba8fi5,0,0.0050257853293824125
16,dd1675bf26316cd4630087fb47d0ff8fsug8e,0,0.002308900609475936
16,4703c8940eaa3f3bf5082ec2f155a8619i1yw,0,0.03375277117490161
16,a99f91d51e8d9f5786dfa52e24292dfebi55j,0,0.0008921727523453782
16,c9fbbfcc89730e961499b4b30ffc4a98umxko,0,0.0041804063937529775
16,a60101895443bfa5d4485b9c2c3e1b68t5ppq,0,0.002888341707370106
16,0870fb7e5701f3ba56762b03e157afdc1yw7u,0,0.5461721172743147
16,84bd02dc56fb7c3402426ef7e8e166e2ptwo6,0,0.08056113410509141
16,d7c046d4328c139e76fea7c1833e8fe6fx4yz,0,0.0016061383069784932
16,8bf04b0a219c7834b25057c0220b4d0dhwdsg,0,0.001422083679257903
16,445305769cbfccafc89ff5ebd004598einesy,0,0.12582946770854306
16,012441119bcf83b23d4768bb72cea6d6carua,0,0.00848510480691692
16,0e8212e286ee36da8945c2480e366417xa22x,0,0.001425486079565211
16,88bf2c0f5460e28deb5eca2ef8e5e809ol5ru,0,0.0013814314933189734
16,b725a638efd8d51f66ae2f22ce1df678p9es7,0,0.07128148733789944
16,1ac788675f70655e71a013892d701e901kj13,0,0.003882733937057
16,796961698c2f2442e73c5195062370caawzzo,0,0.0021220374892477463
16,84c4b58a1491da3a30710bcdf61f87054xfq6,0,0.004179061071447196
16,b4550ab1da3a3ed6e4a206c9ef78d496q23hb,0,0.014662416950272013
16,156f4a8763e602ef789f8048c6928676a1ily,0,0.1311155311572916
16,b0164d9a18a3cdf6082e96f9708040690qcqf,0,0.2639622980879511
16,e9c8ee7f783723fe8496dd35232d88f2or1r1,0,0.6056221115355492
16,8720f071e045d4cec9d707c583a3d64avjyyy,0,0.01856207823420657
16,05a07a27e235d01fe480ea6ac73b8838jq28x,0,0.010395756610064266
16,9c223f867c65938ce8623fc41bec08485xddt,0,0.002061945503740726
16,936d542904f515ea87bab7996497b11aszyco,0,0.002316669883517246
16,f211ff014ed43c9054916f97d6187108mpxr6,0,0.9108153133319907
16,bba40511c6e56070602e8dde4229ff923zbuq,0,0.0019622294092903683
16,0daf4f87eb695e2a84e4156154209e09k6ga5,0,0.026501735150308233
16,7daf0e51b276c6ab5bd2ccf520dae106graj8,0,0.001578038618608749
16,2d113999234e06201c0940286d405453wqjsw,0,0.006859309636700705
16,fd1299f1343236dea07bd0ba5f8ca220csnv8,0,0.0019993925729020826
16,9f101e80580cbff55a2307c028408a91nebzc,0,0.30439328733631044
16,bbad48cdaa604c1bf40b59120a775794rnlg1,0,0.008603910653805922
16,8bf07d8631a2808f2c869e27afad2d41swgkd,1,0.9171444573944976
16,a9bfa54aef505d65ec488d8984c82a7bf0fjm,0,0.12306703505244386
16,33189c09ca7067834fd25a54920f82d4nd7a4,1,0.9914503554662295
16,e2bda091a91082b774d59f2c5b8480ebbijs5,0,0.0016404795748903639
16,ef905e4d866c43dbc345751e7fabe5a568kjs,0,0.11687790292046499
16,1cf0d30e0bf9f4a536b1fe16ecc26cd22j50c,0,0.204800602033683
16,916aedb8fd708e100318969dfe57a4639hexd,0,0.01477650440107161
16,403640a20dbd2c4bf554e558de137deckn70o,0,0.013827706831240507
16,49c3957287d24e69713e4355933b74baoijix,0,0.0016790926347414782
16,361397432ed35185b5a2789867a859ec42v14,0,0.0012824068748459726
16,e0df56a5ea8094d070b0130d7178a996noolv,0,0.001756436875961821
16,14b2d98230228eab6a6db3efc41660d7kp23s,0,0.0005926072078261901
16,d95c969eb09086bbad373dd8ee80cacbuagvf,0,0.13041462545492932
16,d9ffd2f7f3cc1a546586701c2a6fbda24u9ye,0,0.21347416243424266
16,c89ad997f646e388fe375d7fe33a3727dzrh0,0,0.010179503840708664
16,0a43de0ab0a7525fec59ef4bc1dda7a2z9z69,0,0.15556162655170352
16,8acae9b2e5454fbd92fd0b3d79fe89ad6w2wp,0,0.004893070456709203
16,5b1bc916ca111874eda3bbe669957cb1d3mck,0,0.0016289982838048368
16,eea590b4da2709c294e8db490f5997eadyc1e,0,0.0031156698748841505
16,f3a249f6a5c2c88ddd8bccb1f8a85fe52xnkq,0,0.0017811969156466961
16,1e3642857c10e72cedaf7890e3c07bfa8ibzv,0,0.007227299717893482
16,9b733fcc97535e27037c231858a711adyzvqf,0,0.002328069089528449
16,9ba7cbcf531c20ef7cc55a6da5c0654evwt1d,0,0.28290706239047453
16,260568e07963ce8351f3313bd7b9b0e2vonva,0,0.04882565660220647
16,c4d42d0beefe49d6157c546a2504f4db86hvd,0,0.08729448001177334
16,f019bd7ec140624144c4a9b40c42bec9jok79,0,0.0029978125652276124
16,6be863f26f22cd79be272789ac7e9153v27yt,0,0.010752984818668595
16,a2b4df001b0e40a398f6d4ae9b316c0eix5bh,0,0.001629577988094043
16,8cc03b92898255ce4b096454645599ae5zoc0,0,0.0017156561413466242
16,c9e1e860e39bb7d4dbf3c91c5d6c36c2dv4tp,0,0.047055498564837074
16,05ae7ea9549ae298bbbc8002b4229392e0ilf,0,0.002574472383908044
16,4d6580da346435dff2503c55ee5e0cf8wbkb3,0,0.9838585607766535
16,69e97e52dd6428671f46f2ab6567172d8mfar,0,0.0518018822737932
16,8ebc5b544d62622e45e1ee22a56265e0xwwsb,0,0.008055729819334738
16,23f9a0e1492c4abf375823266ddbe36bzukj3,0,0.0014210308819878096
16,84c7bbdc12233f88f35c2c3b8f178803ta03m,0,0.0012348121678260361
16,2fc0efdb6ff10d51e3a4d979ee52cf07p4068,0,0.017460006634565206
16,ca5730b8dad8f35fba24b68c9ca5d445mp87i,0,0.001400236822891359
16,a32cce991a2f597f6e5a02605119f99b1dyq1,0,0.0013355944302898951
16,40829191b83242ef1f380f90876cdd74mrqe1,0,0.00623955707427228
16,67616fd2a1de5c46e32041354efa88ceahbhq,0,0.43175606039493225
16,5bb3c3ff71ef6560c7600c512128ffc8js7py,0,0.04781443522661908
16,eec2ea9d9b292a343f8ee566ba252baapagwb,0,0.004137999284571737
16,d26cca81c93b52ae3564aa6cdf33f5d5mkliw,0,0.0026333849254298477
16,8e05310a342aec93aaec69a638e83a96aqyo7,1,0.39100156721249435
16,a13da89a3a54ac9b4ced156542afca5ddyumw,0,0.08432990556641995
16,83a24bbff5a4cf9d9fb10391102708f1oqpco,0,0.0015726073505870177
16,9d1506d6779356dda24ed87d41f3be39yn1rc,0,0.0017995521323986372
16,d7b66d95bcfba06122dc6f7a3c605fd73239a,0,0.0029337723960067923
16,50a4bfbac8a9653af4099ec1169f684c2nsgu,0,0.42090624298828266
16,24108e769a15b155bd2d63c58368ae5946zhs,0,0.0070798831495486846
16,673650167f432c009e9dcd062cd4e9fc2szln,0,0.0013194411375937003
16,cb557e4675bf4f36f93ef5599adff545nz370,0,0.009037385289996303
16,9685887173cc2e1e5ee3993832a4b153bfl9m,0,0.005167316294366119
16,5a823474f9fdaa129dea9fa690d51b62rgm7q,0,0.001866879060558581
16,d92c8c2d4c29d4c785431a8b34ea135awepbr,0,0.0020753494722329353
16,c478f94c1323552e85aec6e1013ecba586320,0,0.922168543253944
16,e735a2301a18772a8276aa1f17ef79efu4yew,0,0.0017489160716515624
16,49eaad86d095aa5af75ce34e59e4b7f1mmf9q,0,0.0017274315919684926
16,e7cf764619380e5303089f04bf647f10thebb,0,0.002166577830402187
16,f01e3769fdce36d31eae85525827ab17xeu31,0,0.0020012760982667647
16,6679d668a393f336ba9d1cb6a154e03aifmkr,0,0.001882413109089659
16,58f590a56f480589646d255d570b0877zcjw1,0,0.007725599869157633
16,1530008a712831e35a673d38959528f4ozipv,0,0.0007197995849593717
16,af14436f293c40a9904d9f06a323215bf7zdr,0,0.002246379373340266
16,559bccfe60c7193963f09388fb681ea65k7dp,0,0.0029942241703463717
16,f4294bb3abb69fa3183e7e851b58b278k83z3,0,0.07992171499324185
16,d863897264a7e52d9c6a1be6dc453c6c9anz0,1,0.9723617580624107
16,86a626c876e7eb4be35f4f0b0a78f97a1rn7h,0,0.001642583442870098
16,90fd7b3c991701dee376daeb09a0a5b7kawse,0,0.005668492960266224
16,d8a4b49ed9ca241f025cdbd9637198fb71qmz,0,0.002187088171395895
16,7259271b61d2f05200eb2e1ab1d2ec911jlaa,0,0.005627675388051632
16,96b7bb4238e7ebb439d81d63db4c2796aoofv,0,0.0015687396376478989
16,5ddf9ae899e629acf3e78141a9712a05a4feq,0,0.31402446473740986
16,18076726ec814a6f56da2cb9ea89d105j8vpm,0,0.0024227044821010287
16,5771ce26e8b0fcbe7e90106955638b251qj2w,0,0.06047867355275935
16,80d8e3bfc8a2ecbf22614befbdaacf5fo6o5o,0,0.03604412593343887
16,5b0665172160ea4015e79dfbcfa7ed86oe0mc,0,0.07229190478278387
16,1e13eba969b6b953688c9e945544ac4741ilj,0,0.002043350046267152
16,9a5fb8e2e5add29b006d789e4cfd1513paga5,0,0.03604412593343887
16,3e9180fdf158409adc96aceffab6e00bejjah,0,0.002271961171846518
16,5324221d38a79636bc4560cbcf2d75c4gimrm,0,0.006485757393603174
16,1d69e006699adba0c79ab06f2f622445nuu63,0,0.0015635137611201323
16,6362c8d61774cfcb6ada7cea1be63678hxkfz,1,0.5313000897435967
16,adc548d88b9a307ce0b58a0d11d3ae14gcfon,0,0.10360051958379954
16,6b3cff1e3d9398d4c125e7bcf612192dy1gwn,0,0.03604412593343887
16,03aafab9868455b78f0723eda86698ba9v9rm,0,0.7000604230823043
16,78c82f2e8764bc8001354128f9265efcqrthe,0,0.007418001525435046
16,b258a38ef4cc6ea241b5473ee9badd32ekhoy,0,0.04836859015598522
16,4997f0d7074a1d9f8bedf5575b6a4372w7nro,0,0.0033061925796349857
16,591ef8d73236d150c32716359a61ff2auk6y6,0,0.0017924487943023176
16,942af1514033a612b203ec58f7894c9fv899u,0,0.027798204619687444
16,a0d080012ab98513e39234e4545e93be17tt5,0,0.002209884650295586
16,2540f8192e425f9fb921db30ac1bfcbas4p6g,0,0.03319132431096763
16,4199816cef8be846ca71ae752575744fimyto,0,0.8168035509584599
16,7d44df0d40982a6651a06cf533ef5dddtppag,0,0.10971010322092488
16,a46025d61131de18474aa6f167e04bf08w9x6,0,0.05251582591496615
16,898419c2d011d5a822e9ee07c387098ezpc12,0,0.0017171477497130478
16,9196288f121946095e5c402fd326109827t0a,0,0.38848359659186854
16,e8f3ce0b2d0849968400b63b992cc606psoij,0,0.002938096110305218
16,bb73823b1c3f577402c9aa9eabd1e412vp2xw,0,0.522437394839899
16,fd5cef3fe1217c6591500c715d71717anczcq,0,0.0017697983849874548
16,100d406b638e84e2da7c31b03100b874qiay2,0,0.012330963800651382
16,c0e3343070766b359c664f93ca65040b6bh2k,1,0.02249739981597982
16,d3f595832d80988c2016aeafd125d8f072r4h,0,0.0029777483982689054
16,06c281e31f83dcfd3fe70d2ee2d66bc7e6fw6,0,0.0007198270572000638
16,db85fb5556f17b744938cdcc2e7ce9b5urspd,1,0.18115654611748366
16,06ddad46112881df154e3bda0e90fe880r57n,1,0.8941640872632568
16,3e995d6f9dda5f29c02af4c9fcb94bac0csrw,0,0.3344577447011422
16,e932ef68638c37220f4c2c386cf54578x4hpn,0,0.0016877980176010772
16,2cc1c5bf18c858fd9c74901d8d80ab70ak8e0,1,0.983723630717681
16,f8f87e237833c3279a953b785653b0e5qka8u,0,0.01032778297310329
16,d6fd864297177c38cea65aed8a45fb7bbp2e3,0,0.5176469204480406
16,84560dfb1400fe920a29ca2c728acf1e25eli,0,0.0052402864167733956
16,7c0add0ef85bb5194e95ceaea737f90fyv13c,0,0.0025164095522353025
16,655a95d80489d145052254616787cb84fwqid,0,0.0007153743434610898
16,1dce9aaf9d6b9cba38f9c7489764fe30nlrq2,0,0.0018228919782784282
16,7639039411fbcc6cf1013b247b2622a72g0r9,0,0.0020279516610223714
16,67fd1325fbe3cd75a110cc80b9df9708l0w52,0,0.06408659279736394
16,0496c24a6a7f593f28bf7896350e946advl6i,0,0.003198860877659621
16,a3d0a600cdb44f03d58f27b19247cd0d4az4k,0,0.009013336656504016
16,30788b28de22d28938ecd7ed6795a8b022qm7,0,0.04781443522661908
16,36473d4c641c4c09c20c80e2ab35a36dwzp5d,0,0.0015377274658053706
16,e0984156959c3e7cd05b7ec8ae239303inqlo,0,0.00449604188088702
16,70cc5da141baac4712163f5cd4bd4a50za0n9,0,0.003943848773492345
16,225716d7bdf8f90cb4a4b779c663cea5j9sqp,0,0.002609957196880594
16,2b2ee7d0ebdf910833b5cb173c567881jt8sj,0,0.2027620399304429
16,82ae4df0acf8237d7af1a790e3848645bp73e,0,0.001679096450182272
16,c34e1a988fb471e9eb8a5e84bb8ddf90k4hng,0,0.25961921211275063
16,ca28bff4ab1f6e74bf08b92e16989e11vn2mf,0,0.0022026449269400184
16,3de66f8a5453943040d42e1e73f11eebll8h9,0,0.007227299717893482
16,c1d9c4c69367536d7b0ccac19527629f65025,0,0.026501735150308233
16,9ab00034c9b00521ce121adb5dd4aa15tlhc4,0,0.0015734984039497476
16,c4709885ecca7b90dea4beb5dabd68aegk2pz,0,0.042504614245287786
16,722d1147768bdb5918584997e1f677e55g0nv,0,0.0029266687350148588
16,7da6a36817cf2d8c3be218a32ab25550c8kg7,0,0.0026887806778924184
16,14e29ea004067aace14ee4543876a06365os8,0,0.0024722476148585225
16,6cfd573a82acda92e8207745bca28aa7lqjcm,0,0.002048676502706674
16,68546847f11f6415034b7e2263e8ece62p3ud,0,0.10174792218993937
16,7b22c9a323baf4a7bc7a3761e4a30bfajixmt,0,0.0031811459475387304
16,e578807073c57556ce334044382a9b98iaz6o,0,0.03604412593343887
16,7ec5c7e2317a9b68e861060531588f76fpldj,0,0.2198909543759861
16,c41ea39b2e13b0fc9ccccc2546f924f1obd0w,0,0.004263995990306264
16,54957cfd12ec8c64918b6200ea25d27fsc9hx,0,0.002743379480143294
16,a3ef8289a92196b07e2e7371bb111e3aom07k,0,0.0021196995588912133
16,445eea09a6299164f60dd11f23276b44rkt8q,0,0.017423024880489524
16,a679d00c30c269a8eca148458abb8665kciaf,0,0.002057255686734742
16,d5337c2d4b58426b30c8733313eb5247syn5p,0,0.0007260300106078637
16,76f7e6c70f2b84d885b23e2b2831e113ueqo2,0,0.003244803092235631
16,d7eefaad31febe607c252199a7672420kl1el,1,0.8258199315259783
16,10f01aff2fc23653ca7ea1d74248357a889wv,0,0.0022580008181689267
16,8a27b2e29086c0d2e589053537e88393zsyr2,0,0.03604412593343887
16,4c341a39553faef07ddb917ea4e069ed0yi3y,0,0.0016842733585982672
16,fb9b1e58ffba4b38175c11e03e51e1f48dnm1,0,0.0016536914454400582
16,88641b0f22cf175876bfc4adc44c00f58b5rz,0,0.001643066305181456
16,783d5c219ff84cc0517f59a39bb98e18st85m,0,0.0048005698212565786
16,c8f537f6bb0aa2d45da541a875f014358qm7p,1,0.043596767127869536
16,94c8c0f9c90820f28928caf5d122dabby69ts,0,0.0013627638814053633
16,0e5ec5baf2e15afdbf5212d8461e1ad9h3kr0,0,0.0016836572611288834
16,466ebf78d7326a38db1e19fdc1c70e9b1qu0z,0,0.01770047804360586
16,9a44bfde11a7b6ade17cd33a2b5102fcnlhm7,0,0.006411636980114576
16,29013ddeb60a18f7d3bf9f3aaaebae6c8651o,0,0.010244635590975229
16,9be39ea5a0612fae7bc43a25a6d10856l3qaj,1,0.026438540649493154
16,67ab503313f60aaba89f64e2ce3b459fvyahu,0,0.09920815861335189
16,14fe3602f049d4574cdbdef13789647dsgtqy,0,0.05188435298795844
16,4038ae3276c0b47f420a5d73687fb73bghgxf,0,0.017301623727728616
16,76ab7c99de4a3141bf617bf30bec9feep3zuy,0,0.0020699215071624285
16,5c5dbe70c2cb05d208c22d204146e1e9f3lvq,0,0.006571538145075246
16,cf1f2b6f29840e1ecbb31d18fb128c38bseas,0,0.9884022396322694
16,faaa98763b59ed5f02836d4bd682035bfhujq,0,0.003041121346880763
16,6c3bdc508c20f2f3871766cd73064c8cib3xh,0,0.003854789851373124
16,9655ccc7c0c193f1549475f02c54dce45kjw7,1,0.002997568600830266
16,35a02f50226eeda275b29a09acef2177k95eb,0,0.0019095540396880367
16,6ab75792932fb1ea6fc74a18edb7888c2orvk,0,0.002191215206850986
16,98aa09a7ca13559a9e2a43fa2ba4d2b7klwin,0,0.0015892442097215017
16,603d769a86a359a0d41118b47c0ab41fx7kz5,0,0.0007015525385410124
16,4d6fa52e125a18f433db6e6603b58ec7k1key,0,0.006250451502595887
16,db12e9cad5e847cd7a40ec1ee649e475iwzqo,0,0.007227299717893482
16,7bb914fcdec49aa88c7310a3dda716aa9fb8t,0,0.000547607157346057
16,01c1c7be49cd6cfbb9075925a05c9899p41va,0,0.0030669191873603286
16,24a9abf72cedcb421e831c1be26607e37zojy,0,0.0013119014876408362
16,a8b8959fe64f490d32fc15a5d1144f87qj9ai,0,0.0016087656542601119
16,572c9964ca41ed055830845993fdab29p4f03,0,0.005837918533811181
16,d9d24106ae1ff4f5bc4ec3caf29d7bd2c2f5o,0,0.0018606641952480325
16,fe27fe0815883aa3e1a312f0dcb45981txa2m,0,0.006248455436368079
16,167008af05d4feaa636a565f6f83ec61a6ogj,0,0.0013876767482811365
16,8725b0aa1a32054450c16b099328fbcbi71gi,0,0.002367702782936422
16,7ffd9b7b795d9335153d481fba4b3076plrxc,0,0.001949682339643297
16,da950a556200395a82e23e3bbfe1abb6xs258,0,0.0013806968466108132
16,74149197c8684977e397ab60a6a264836b0lv,0,0.0017465235838253759
16,c353286290001e0943ed9bb160145c42etrf8,0,0.03604412593343887
16,34914d163517a0cc4f0c971afb2352106vsvz,0,0.0069885528540864555
16,fdf908d608a629d5ebde14819231878dojel8,0,0.0008379333140029354
16,210ae8381324c41f7b49e95f1b7aed80z55df,0,0.0037809570748210796
16,c9416e793bd0559bca3ad4a5194d4cd1k8eyc,0,0.0029000206040366745
16,d144312f2f68dc33a63b7863911b2aa459i99,0,0.005705935115921526
16,ff3ae9450581aa3de5d2326f70e39d20w8fbl,0,0.001733049005455
16,76ed824b414b5e690ff82e7cd2f5be52256my,0,0.396634039347922
16,64f6b099082e4fb2e8da7ba4ae9abdead2cej,0,0.002725412316590137
16,078e06b3288cf8f18ab7ed44b245fc56nbyfv,0,0.035040417566461084
16,036a4050a5dd65e70f0f613ec2e38a74re026,0,0.002209884650295586
16,e76057d8bcdbb3d2f935c30849a17e4d7ordt,0,0.003288432102923934
16,679fe2a21415aa98a3cfb88abd0507edzjpsw,0,0.10174792218993937
16,1a09feff347553a2577983d7c742e3d6l2hfo,0,0.2187884407013249
16,65435e491aa69dd9d44d70a9aeb6e847oqlty,0,0.001642583442870098
16,fff2c070d8200e0a09150bd81452ce29ngcnv,0,0.026501735150308233
16,39b501f37dde9b055d627394964d3260qiktx,0,0.004154368431396407
16,3144ea2711bef53de88d89d71acd16c5q0bzh,0,0.002134968374977204
16,74582963d3774699f4215df7f2d17c1b6b4pn,0,0.0023195008575286223
16,a6230fdfd4879433e36a76d53440f426c7a7a,0,0.09886386088161289
16,2c449b1bbbd5f8d9bcc1159b7bd3caa32jhtp,0,0.006154231334745562
16,4731be79b5c7e894dabe5986e747b97bd6yxh,0,0.002106841786856699
16,04636b6c61c80f5325efe61183e8edb01ko20,0,0.0016968730685380708
16,f2f10539ed947e4b141b2e9bf21af65ecz4f7,1,0.853596759026244
16,37bb1697e1c3922a06c2d2ea4138a4c8s6wgk,1,0.8628834321249642
16,6c2488ec88e02bb38920200ece7d337e0bffy,0,0.08939257093035126
16,8fd35d215ab6530c2ef096c87233cbc93juwy,0,0.0021279922114599875
16,19033960ac23dffe078a1217788bc720jvjbz,0,0.002276602041540444
16,7114afc59caf2cbaf6ec1733922065f3uz34p,0,0.0029954209788925893
16,f0ce8b973cb8d6eef9221fd3d6698fd4kl3g7,0,0.0020965015141110135
16,b5d61accc925a0e86ab7274e1ad82532gb1w6,0,0.07128148733789944
16,17e4d6d9a1f8ec00cec1d4fe79b059bd51476,0,0.03710459696301303
16,698da938f6fc36305616aa6f8affd53fobj5y,0,0.0025762484904359793
16,71396d66a14f4ce0c96436456462863abwefv,0,0.04836859015598522
16,49f4481b6bc2255e745ef20ac2a720754r9mp,0,0.07992171499324185
16,f6a7e7b14d39804c7d15627e2fa384a1cq892,0,0.02719016487595626
16,caf32bc98f84a47829e76ffe104371f6kphvc,0,0.04781718315290106
16,ad590c59c30187b772258a059d532db42tf4d,0,0.04836859015598522
16,9a272c3baede0633bab0e15ff98d207e3ldpv,0,0.03604412593343887
16,e588d3f7a141147e4f8dba29377144707vupo,0,0.002241308523207179
16,22e65b6bf73fab510ee814cbaeb9ebc1252mu,0,0.13867117520937125
16,e18ddfca4efb99a785c68ede9ef773ea8sfmz,0,0.026501735150308233
16,354d4abc23881a40b8f119225e0dbd09tk1u3,0,0.00195648936149841
16,70db4530c292bc759238b8306ff4ebb6n4l6t,0,0.0020295314834740605
16,f28b5654b5633a0b5e3f757a16080116sjj1b,0,0.004903621549808742
16,4de568a9b480f0dcd3f2ac385121d75bbpy82,0,0.0016751957182538132
16,69333c66e55cdd6cabcc6ae64531fc33w20n4,0,0.022826297662464513
16,b1ae4691fefd3d09d74096ec4caaa6d1v6tbw,0,0.0020739806210593363
16,37d71b4ae830fcfa6f0c4f65ec386414n8h5l,0,0.0018318933652264992
16,771f6754997a1954eced81d46348b4762k475,0,0.2800661962277805
16,ddc6dc00f416ce10f23b57ebf758c2eeawzjw,0,0.0051548522165163185
16,c1c22607e7899ada525b74e757d248ac2b8ac,0,0.8836171165567585
16,cdf1fdd424a11dde166c4bf069d6998eph7b1,0,0.11044832380483935
16,5f56908449455ee9670c7947614f7b4bxak3c,0,0.006426374214250649
16,786cb68d5d2012dedaf70257449090f2hfb88,0,0.002096075100955563
16,022ac3a7ce986049d9a4bede83ccf9ddctvg6,1,0.9373733044250111
16,4c93ba564461b1412df6f033c8ef71e8ck438,0,0.012959730961280395
16,25aca203223b4d9563f5b1a01aa3a21ftlgve,0,0.01242528725745767
16,424b638423f4862b2a84f22ec25fa22eb2c8p,0,0.03604412593343887
16,e54c3b01eab75ad3a616d56dd06ebef758ua8,0,0.0026930459186610242
16,29e08b4d18198fe9265772fba3a4f6c4mj1rw,0,0.0020862824063283126
16,61e4b6ad0fc268d42c330ec99fd8c939yb7t1,0,0.0031653911303551768
16,e29ae1bd8e6e7dfc9cb43b1572d3d55ca0hc1,0,0.0018377503977591418
16,235f78b13fc87c995c1f309403ee56bb54tu5,0,0.005070563060527646
16,2b5c4051f232c4848dbbb477c5ad7f389f4b6,0,0.03604412593343887
16,9f34ed261596a1114cefe81158c5617biq26c,0,0.031900947569981374
16,0181b91f58e6cbaa832235e2879c9c00ovrzi,0,0.00242307256102778
16,c17c63af831939f5e2fd12f65821db65umonm,0,0.7663639753835301
16,e0fecfdf4029d9a91664e703a178397718lyl,0,0.0006849144969024621
16,15f34e73687d7361ac0d780737fca261g2s9n,0,0.013286466004236944
16,d1200a75b6c05584f4f902e74d3dead76cj15,0,0.0020248248851333804
16,efa1611e96c3238913333b8525c6a196rvy38,0,0.0019993925729020826
16,b7e0afcd391a22444eaa566aa527eec0x2yv3,0,0.0022085645203246003
16,d2b8a15ae403dabc5aa752b205181dbe1lm57,0,0.0017373083936403312
16,369515b3af4f8ca582f90271d30b14b6r52aw,0,0.007190746597949262
16,c806dbb2decba0ed3c4ff5e2e60a74c2wjvbl,0,0.002264076485027849
17,624f258b49e77713fc34034560f93fb3hu3jo,0,0.002178877132770716
17,1c5f4fc669099bfbfac515cd26997bd12ruaj,0,0.0011625386950060027
17,4bee9aba2abda51bf43d639013d6efe12iycd,0,0.014307931542798346
17,7eaefc97fbf6af12e930528151f86eb91bafh,0,0.011598077523194285
17,d1be739798ba0745a1fd72ac918a9f1929hei,0,0.0015659400245642862
17,d91a4421996dcf429f575e372915cdcedae6g,0,0.08005537527734281
17,880f542a275df1251612886d408b32e8m96cp,0,0.0022165213230527924
17,d29003d7f3ec1f0e4ca9cc17e6389b4a4phcg,0,0.002768242550263038
17,b37b352197594dae96bb9219bf59d656oz79f,0,0.0012396260666447342
17,d36857d18a397e7e24d05dcbef3b919ftjstv,0,0.013665213118339294
17,29cc13d48af9832e0eb481c8a095fec7mom74,0,0.002457682285936043
17,342f22fed8b1e90c6ff1a6b7bd80f6334w094,0,0.0023289605381954775
17,e97becf0d4632035ad4cd5e65c827d6f0xawy,0,0.0011914197576625774
17,68d468e15e0de0bab9694cdca8e799eb2j8kn,1,0.9810486550184323
17,792edafa0603516a57932e6103e9dd54ajar7,0,0.008197857596627396
17,bcf95b210295831ff6e20db3a570f909n3q25,0,0.2971927141433031
17,85be8fd21f41bc3dee86597d272825726bp69,0,0.004583765301576043
17,ef24ca4be7ccbd6ec68d4ea9f47c9e8ex1g09,0,0.001589315535240085
17,dadbcec8b02ac75c5935f419b318ceca1wwjw,0,0.018725985773316446
17,02bde521e763e4f4e590e8368149e04a96il9,0,0.0016711959033381676
17,f769b9f92260ecf046efd05bf9ab6822j7c02,0,0.0015335204219017078
17,87aa94042390f9267d3b7d90e42b022ek5mbu,0,0.007731759354829535
17,001068c415025a009fee375a12cff4fcnht8y,0,0.014307931542798346
17,cf33d05860b7f7d9af73c6091190b81ektz1j,0,0.018250147418759133
17,28c0d4c81a22958352aa742f7d74e477qwo51,0,0.00540706382468053
17,915ccac760c7359a446100fd1a54bbf6oyrzf,0,0.019484690567958252
17,75c4518eba20c9299a3a836d9905c327w6j8b,0,0.1840392876292855
17,5960fc711b544e2617d0f76360b69e2afds2b,0,0.0058341142522002135
17,ae94687eaad6b410713db9106c42566axgn9n,0,0.00922212910926328
17,367edc726ba8e667973844395493559dtf2o3,0,0.006168359575375677
17,fc8e62e5fb69ba67265a3d0e3403aa3fr8c2q,0,0.7293815068509721
17,2e3b450b727fe3e888c85d52251fd33ffoi4b,0,0.0016949899269138996
17,acf06eabed56f179cf32ab60b6b076820ajls,0,0.00507944120589591
17,7264bde42ef4fe3fa19cc7c6d64696cf7pqtd,0,0.07174842991864788
17,19353c42feb91a216885fe012efdfb11s2iu8,0,0.00170918936419161
17,20ebb9de648c6df989f04d07cf273c7b3yu8c,0,0.29814413108786214
17,6cd1bd77bbf2af6a2c6e535192af628by3h22,0,0.015054547290868046
17,090c77ac89c7063f0d0ce064ce3cb3afllf5h,0,0.012565366049368552
17,3be127c56b2de21dfcf2836f20afe249hqkxy,0,0.5747653343678516
17,8126928a319468b6da5edce4097d2398xwita,0,0.00846140313137833
17,2c31770e98fc9fc7e0f1fee6207b5600c0e10,0,0.22383521665286038
17,c7d335bf99b9c71fb22797ecbd78b92ashv4h,0,0.01591867563851255
17,1af4685cda2979a608c4b6ad83473774qgicn,1,0.3088112467073444
17,ea0e5f7d93f2220a62bde8067f26daaa7oxgf,0,0.002055646141080521
17,8ec8add138ed551bd5a9175eae0cb972ie0pk,0,0.011835108221509046
17,e561facfea467ea124df0111e041287ctvgwn,0,0.014539294130659651
17,ef9ce9b85309d7d1044ce57055705bae8pqlg,0,0.002810160987652407
17,b8e47f06aef714b37073e72ac40a8100mew9c,0,0.0015623446771685166
17,d6d68e218a6cafa246ed31185b09e1e1fsu8x,0,0.0050895289585653775
17,01a39439e7afbdcfe385eedbddb23d76zgdrg,0,0.003691568799890933
17,7dc423d0bbfd840fa0bf75203cd7bcee75kmh,0,0.0026282286456435853
17,1291b98e40353f77928e363d54a13c569bhfb,0,0.0075877341980205544
17,c600968815fc32b20e0519ecfce5b648en2wo,1,0.9819672452243994
17,64e802fa8e0c17ec2ba1b6425648b7cb7ndkn,0,0.009566434676502752
17,b64c209b3d1d91a663d134961af89125u0s9a,0,0.0016711959033381676
17,0565a780f2c5b46837bbe9739ef15ea92fdu0,0,0.03150128531857928
17,81a6dd18d43cb3b1999176eea563b438roe7y,0,0.013262684253355484
17,5e611461283a5c3e49b5bfbf9c33b7391ce3h,0,0.0013881667205735064
17,aa8aeba2bdd0353a108b9b26f12ed59559mvz,0,0.0015466657296823228
17,e7a98dc8545eb429007cb48799a40a2dc9p6o,0,0.2570030758162273
17,a2d0b7ec1595325cc63777f106e09fcd88y5g,0,0.014828748470769574
17,f876e3be4038da62f49234ee498feb732gdcl,0,0.001496346795839035
17,205c519be884c5b1c885f61c4ba8738a737qg,0,0.9297355001278345
17,3a8124eb9fd3977e43f5e0762d9a09d536rob,0,0.0014963190333271968
17,f61d93fddb01d2d89a85a132c649aa90lj1z6,0,0.0014555792219944155
17,cf456f3c8c409ec4060142acfdabb5bbqpx7q,0,0.004162426165487822
17,7b93ccc9d5730b561ec5fa7f4bd48c04qudf1,0,0.29884181277073363
17,f0f21cd3d51b7a233988cb1c3c5df977zjqkj,0,0.0014262568038244036
17,cf9a1c3af63d1bc3f55728b4a06a5f46njrac,0,0.005950557378381723
17,29544507566320f1125d8e9f9a0ab3f2jswhk,0,0.8963861038191404
17,6f46b3e231003daf21108df4624afcfdaaswv,0,0.0016066322207821727
17,1680f758aecded6e25096b3a6199b38en6n73,0,0.0028699899620235987
17,e22528ef6a439aff5a8b19f8c9b07c19fyzs6,0,0.005549947231083105
17,d9177cca9a1bfe3478cc4f11a0d57de2p8ahp,0,0.012565366049368552
17,1b0534afb7c02bb023bd4767ae73f17dqzqdu,0,0.10119093855730851
17,fb5a19240e36ae12aaccc1e9d9231144l32hv,0,0.014939158643187659
17,300bb4c9816a7064b106c9c6cec2f51ei13n5,0,0.0038507921548885647
17,340bc29eeeb9b9d04eb1fb72a1a9a2444brgk,0,0.004355173818398319
17,7f86c3c417ae1db5bea10bf9d0a7827ct3ni4,0,0.6287936557986817
17,c18cfb38fe1c4c01705391422177265cn9w5x,0,0.013516883376741595
17,4a2d5b70f0fcec3ad9d8ac4b447efd6f3vs9c,0,0.01462060557854113
17,dc752fa41d974bf688d25ea9d18e9a2eit904,0,0.0018003412141748985
17,5c725e840bcc103bb8d12c54ba9a0b37blxvw,0,0.0015469443709335503
17,eb2c4b4493f31788ead745533e0c9a18xzzlk,0,0.0034847390876676697
17,35a89119272ca55d7f602689616b58c3pebir,0,0.0015802903744592646
17,b42ef139c2dfbff8356e8886d2b109e06riso,0,0.0017203983993615318
17,3d54d594ffba32e8d6527a688e7227e30iq3k,0,0.0018185851296435146
17,11d7f0a5076649b229c301a22537834e1ehwg,0,0.004106639815961484
17,4f891171f7b09f54d8b4f30b48421f178m75r,0,0.07174076791042265
17,e67abc3ba39537cc640678297a7c5bfag490k,0,0.047965536314655735
17,e24542c1bd46a4a0f98b0fa95d8fc40brecdx,1,0.3528130838122117
17,9b51afa3c3a736bdf93bd1f2a7b0a0903c34w,0,0.008539275264834301
17,39f9dad880d32ee607af7571ec24807bn1g2d,0,0.04703151434708144
17,f04748a1437347d837a65ce04ee7d94enqhub,0,0.010014590374649461
17,c871daa6b709e008825b667b05efddca04jbe,0,0.016160017604227955
17,37921a9d842612b3b0281f7098d0002539xrj,0,0.0015830177221143613
17,c6f07c222aa3a9d35b0e01f8959ffd21oownr,0,0.0015997726910864137
17,86b6207b5e87d58ae307bdc1545a101akz0ew,0,0.0014671071680629675
17,fb6814db96bbaf61f42270a85f0f62adunxft,0,0.0017843611403691186
17,4c2699de8bc9516b09c5e5c8bae6d6c6xiry9,0,0.0013867364003600682
17,1c66f261724506bee45dd18a4d221bfeh1687,0,0.01238670434007859
17,584d1d60d357a4ee1fd3b0a6a72de1dc4rodn,0,0.008197857596627396
17,392d936106b75256632c9dc83c4f1a169bke9,0,0.003107682396749175
17,55d0b2506cef6464d799879b65c6ba29hjcv3,0,0.15161449916406017
17,ec0c9e98cdf302274974ad212477f851iw35b,0,0.029751748760832204
17,a664b6b42fd48403fbd34800063fa50bz6k4m,1,0.9561382481720939
17,876b122982958678f14bb25d887dd79dun3qa,0,0.0036096257735119728
17,ce22684df495e376e32ac95d3ceb1164t37l2,0,0.008197857596627396
17,37ebf34eaeb8a434976416c34ed5c6d8ywyoj,0,0.001571489291336199
17,790c497536a2a9fe080c3b2ee6d5eeb9caiv8,0,0.001604011804502079
17,45c3a73b88760d4390f42ea4fae97d84la5wh,0,0.0015980949821510226
17,0318e0a173f7c65db40116b903884c854x258,0,0.058333202559782006
17,6767cffbe2c0957492aa451560655be3hjd6s,0,0.03945449576877238
17,40ef6a4a0c99b478fee1c93f4105b9d9mh9iv,0,0.014539294130659651
17,cb9a75312b809291306c6213ed5dc67dw31qz,0,0.2884546041256407
17,9aca61f505f40a3b4f7865c2d00e2418s0e1f,0,0.07461178715343274
17,d7340ee3c04e600c31fd2a34c760f7e7d26bn,0,0.005620166704891312
17,d8ff621bc161b09d9192c445f4b3be7b8xow6,0,0.002383758451883508
17,3d48fb12020c1a81a65fdba2d75caf0d6q2nc,0,0.010978471508179289
17,f35082c6d72f1f1be3dd23f949db1f577t6wd,1,0.015137449549205442
17,8ea020a1fdccfd726f74ed7e90dc3400zy9iy,0,0.0015861307254910646
17,99bfa04865566ca88573ebfd3c7fb1f2c64cr,0,0.002424612558353535
17,4073de52fb5c46376dc3cac6b2f2cecdxyqjg,0,0.0016908470280856413
17,b071545f5ad73150880c42e780d951bdzvxn7,0,0.0200697985139097
17,2eaf4eef52d5b17615d08bf77386fa42yotej,0,0.056959503398892795
17,fb7c9b1dcc3b44dd69e42a84406117db4t4mn,0,0.004834435452342655
17,cbc71ae3c3690c89485eda3f08b9bb51rqrxz,0,0.05082657363589222
17,6b85d622dec4fff284d55895eba9969dqlhu9,0,0.002811301606178945
17,80bf6ab93fbb8316efd5c0b42d4b46c83qrdn,0,0.02004313143583099
17,6c0212679f2439c4113386b2c6ef513e8wr8p,0,0.6052454412706619
17,aba1120a5b13cf72c1d52c0dac8aafc67nmoh,0,0.002258652814081297
17,6393f55c093e04e6e608e1ee8be9c3e28omjd,0,0.0016343030534699031
17,aa7e36069de119ee3ad7c4d8c925fa3ekrs4i,0,0.005850444247092475
17,429f301119adc32d35541dd4d60903563s7nr,0,0.01748009867968178
17,54e279a4e162af7fc55d640aa62d0cbc9hxil,0,0.04138596623536515
17,bc7722baf876d0735ddc885691eb687bgz365,0,0.1881461505787819
17,34cc283e180fcd4902ef8758714c6d83th4nf,0,0.010445269478078247
17,61a4da78a5aa5bebcb3e9818a46771766gtq7,0,0.14136479255333084
17,38125387ec30412c438280af8931254dmvfgb,0,0.0014410037479968107
17,fba0c76970a464cfa9c043c906442f0eg53a2,0,0.008197919849788052
17,f8c42ccd10c3fe515e53082f0cde9a18oxgws,0,0.33845539399022345
17,6e18a078182a21b8522bb69a822cc338in7rn,0,0.0016304269586651177
17,a6ec153fc7002cfd929b9f7199914cf75upgt,1,0.08400491668679157
17,f334d76f60cae7c67ab04b9e5cc49907hqsc4,0,0.014539294130659651
17,3128932859bba46f57cdd19579c42e05lif6h,0,0.0026037906454447713
17,4c2af41637c123c78074e46a22526298vol9h,0,0.001539696507052156
17,3d48d4b09fc7559bb6c129fb65c133808brgv,0,0.05764931282715079
17,c8e474ba549fe924bff9d3f585a9943cg9aju,0,0.0026618538678673223
17,1bb03cdb913f203f704caf8bf6840b6fbpigb,0,0.3036504665269227
17,ae6758a627a111f6d6b530b0154c429566o4k,1,0.07269093793335649
17,84d75f71a61667cd327367453b4c0d2frury9,0,0.0019520682271988573
17,f27321571b5b6184e86acb6203c766f2bsfxg,0,0.007282857980057768
17,d2fc5291537a61882065e571c21e796975uy0,0,0.0020413772388771984
17,313bb0007cbdd82f326d58c96847294c9hz4k,0,0.0014145669688896715
17,a4734769962126673e975a627e930b5fgc79n,0,0.0025898890549236496
17,d645e4b8b043a18bb1c8689572ad4fe16q3np,0,0.0031981993865621947
17,d1780c224460a0c20d5c2f5f68714c5264xd0,0,0.0016711959033381676
17,efdf59a8ca81c5d3744f9121ac8fd2c7coy3g,0,0.0016003429762337378
17,e429d13bc2c7acc82d8d68fa020546c38v82z,0,0.002201754191999805
17,c41f5fb84d9f9e2456a5264c79919569vrhau,0,0.0024877668289818586
17,b5a92183d20e5ca98da4065c874e0b9dezbhx,0,0.5805245924937528
17,c72012c8072e2441b3ba8173205cd298cde8a,1,0.2710609297549597
17,98a5197faba8ba72d6ee9e1c95d65d737sigb,0,0.007249730325008103
17,f19531503f1485a3014189a80971c6fb0d9fu,0,0.006002177694032992
17,06b2d71c26ef3b6e29277f761cd0db90wuwjo,0,0.008197857596627396
17,631f923b7bcf91f61a2e9f96520bd8c8vtl14,0,0.8653981145865137
17,f73eb6e2e7a872f97c715ccdcddac77am8bq5,0,0.08337429600938723
17,4c67576a6f30a158d16d790a7fc482b0zqxue,1,0.5722855242898199
17,45fe4f0fb849e7195a1efd5495d1285f2culj,0,0.0014255741067137862
17,23af639c0bd57bfe9bcf3b16973d58b7666fe,0,0.0071865680232059675
17,3312b8e73417810a88be459d75fe9bc2xhd8v,0,0.002519868412265748
17,44c38c27b9de757c8c7c05cf07b7e3eb14qpt,0,0.08604927998916809
17,c59f4511da2e8dfbf02668a49bc391895wk3u,0,0.014708555531296625
17,7622d7085237d6b73d08e9d70ed11fe3u8mwm,0,0.00263518602371186
17,9a12aa1aa3560062c6f84bd374eb5f7f422vq,0,0.0020313155830909407
17,bd29e36cbb063cbb96ece76680ffd9121dy90,0,0.0015344764761133136
17,339b8ca3185dcaffbc3ebdfd960020e8es0as,0,0.0026828550622400335
17,7d8d3493942dc13742444f28626c5839axjqd,0,0.17026773779739182
17,f7e3635c9a532fb9a60d6eda6eb7c7de3uqs2,0,0.0012090830467985788
17,85ac49e7f93bf0e20323de78362bb4aadnwia,0,0.00517164780943229
17,b7630ee9a73e7ba6f11f7717b7f03ed4be2hb,0,0.060441284241451086
17,5d5816d216122786933fb74c459f35fc0vnac,0,0.0016610094359183947
17,3ef757c3d6a272681c69bbd7e071b705yzt8t,0,0.001604011804502079
17,b416bf88dedd6ccdbc3a2146524500258qdzz,0,0.008324240011666553
17,3cab5bd983f5be9c16789b6c14bae982nhi9c,0,0.013682832862141071
17,0817731a4d2e319f6f771da3f522b8bfv6njs,0,0.976307363826
17,dd76fa7a75bd0e1921f71d255a8e0853l4lbi,0,0.0021819805980643602
17,a0aeb6de8a21a5b776f63530ed753fdb34k7y,0,0.02022788403980752
17,309f446bdb138faeb18072285ccd9901gz80c,0,0.35642614920440047
17,4dbc8d336dbe0241c9bbb0f3630f25059yo43,0,0.013682832862141071
17,54379b25f1f35d9df78da9cd774cef74u5wt9,0,0.008302291902186657
17,63c48b70d37dee5fcfb26f94107ba3b94d90p,0,0.0031044332932642377
17,fec57d2db5692eb144a71aaa35a11b58delkw,0,0.00300708554852985
17,36f52ad1abfd307b73c9b69cd5197dddmmxgr,0,0.0015431006226659996
17,4ac31aea605d17045ceedbce23eed239omved,0,0.015054547290868046
17,8d638f6da12614d6b369249410c3d278n8qme,0,0.017699757309936864
17,aee383561c0019dc01552bfa5263af8etbuc7,0,0.007009330499063607
17,9375e98d0810ce9119ccf45300249636zfpd9,0,0.001335396322489513
17,01cda526658455000913950f20cf31a2q6nsf,0,0.005389688314513082
17,c963c2dcbeeb0b7051bd3a6a87483ce6i98xx,0,0.004231096083507151
17,92ce3c44edd41ad3222481daac1ead35bouwj,0,0.001600075399578366
17,6182daa56cb0623719228c9e576b71fcpg8r8,0,0.01600461837459821
17,b729f60d26fde89a01f3fa89759d6b07t0ec4,0,0.029389619955434772
17,5fc9437841f1dbbe63a3a933c48472fcohutg,0,0.0020725081996762636
17,e2165ff862178c7b2946f7f62f5a3e51wcvaw,0,0.014789422061619678
17,3ded667003605eb856ed1aa2b82c1732gtma1,0,0.005172171494877998
17,332484ddd66b9a3db89ee68f08b1288amq90u,0,0.0019603616979733795
17,f5edfebe95b4f637d1bcceb892b73dc7rhn7l,0,0.02166348746751103
17,6a2c4aeaa17c2fcf20958803a674f101vlxw1,0,0.003426625847487923
17,28b4c35bd90c81ca959da328806469d493mvj,0,0.008197919849788052
17,5aeb71cdc92fe5d1c4a4e127d7ca7783gzje9,0,0.0016019494249154488
17,519c0f3b989c8e1781e0910f685980ce15wzr,0,0.0016386625276918626
17,37702159c6cd2c1a21cf66600e96cdc6rdbff,0,0.008197857596627396
17,8644c9765c64da22776cd67eefe0f498u3aaz,0,0.001869606947465898
17,6ed39d7c89fa2d423017cc9811f0c469i2157,0,0.005205533903090076
17,fdad47d27b793b74470086c35333d4fepycsl,0,0.0016118131992386578
17,e22850afda081aba360cc18e2a9021caqjjov,0,0.002927208836210455
17,30c3c92cc9408f55cfa895ff8a505930a3yy1,0,0.003292744797510536
17,171fbac128e6dcb51d0f07cf7ed8bd3er891e,0,0.9443035961497104
17,fbacab353140582a4b8ae3412eefecbc753vs,0,0.0203605307522431
17,a7c910e7c7796d979aa9a7a31d74a8eaqsapx,0,0.014828748470769574
17,b853c1e4d6a4657d35705772ca6cfdc3qtox5,0,0.012565366049368552
17,a8c2410eb81513da23261a49135e4eeacw6dw,0,0.014307931542798346
17,4d1542974bc322859d3d099b8c5193felot1k,0,0.7783374009543815
17,9ae9782ecff93ddf1c6fa13d711b9fe1gc266,0,0.05064542835319949
17,08353687608279ddd83e4d36fadd1cd8ritj3,0,0.002325124960182954
17,f0fd9f1b3fc9ff10c2642b3bf81946e2rsq48,0,0.002773024605383056
17,8e0462410d727b34290fec10fd5661761yc8u,0,0.0020311426746128076
17,6a97f70ba29a04e77eb3b137e157070dc2mqc,0,0.008666465044176317
17,4ed4760782d4e2c65bee8cadc1fcdc89htz8b,0,0.0014382190311721112
17,91c749114e26abdb9a4536169f9b4580huern,1,0.00819647688991796
17,ba266f4898bf572447ad65856b362595yjt2a,0,0.008156125816168714
17,86a34cdbb975c141eea1854b10dbf1c8seom3,0,0.051687167718010005
17,461c1d143120270fff5ebc1b91934951378ud,0,0.012551813939781447
17,8f086b809805064f3c4a5dd48327c0f51yplz,1,0.07980549710717522
17,c503bb79d4f3522f51d348c680906c1bs0w7z,0,0.0029046933772152125
17,5e945cce4e72950e0930b2700e77fc8eq2abo,0,0.0022927440322769656
17,ae0dc05e48d0f1e3ad33f37b4400bd069jktv,0,0.004715820852039587
17,4b32495335dd238db6285f7c6bbe051fv1qoe,0,0.004295782570911264
17,e7445f6107c8cd3783fa722c7dd29fe6rcd3a,0,0.0013106089738887075
17,ca68a41b3a4062f154dc1ae8456cd792d6kp1,0,0.005140794454854117
17,1ccc69e376c95da9bd569a5d1a176874ivojs,0,0.002633126681838003
17,2e07d37dd022e72ab04da76f51edaa13qk5rv,0,0.0018973769505149557
17,59cad1329d42bda3d678bae082bee7edgvt7q,0,0.002302685290126467
17,870932eabebfc108296437c303db6055kc3t4,0,0.0013198546448017774
17,372bf02911448b7f62cc861074a7ac81y0jsn,0,0.014307931542798346
17,fb200accdd0411e96f1b0f6d6f6d4f52rgk01,0,0.0016573557263810832
17,d428139761f7b7563d57bb1f87b55876388j9,0,0.0015584691524964738
17,bdeb5eed17a812d2c47176e30b8553ae2k06g,0,0.01242089948718004
17,142a2545c5c01937b05ac6de9773f9efgx0eb,0,0.010407590328904941
17,21c5f4fff051adecaf1b080fbf910ca3dvi6a,0,0.0031444389488910936
17,0d1815382b08885d76c671ab600133adeyp5e,0,0.3361580197573295
17,1df5be644b8963750305092eb8ec878ayba4x,0,0.4509619790544907
17,05c9fe8f8852ea069a93dfe39fc0571er9mdt,0,0.002315532216396921
17,5c2e85ba72b9e9e16f77939fee7ffb5eivaqe,0,0.001539532320924103
17,02cfc97e8fded77671e71e1951723d5fwz6a4,0,0.001335419459021773
17,bd85d0d7fbbfab49136c241bdbe119dbgkuna,0,0.001602805928477882
17,3c37de5e4321388ba706233d5ca4a0bfp7w67,0,0.012565366049368552
17,baff2ce04381eb1bc4747d557bf52208vqmby,0,0.001810894093672993
17,24029e6b641077ab7b9a1fde11a42666pkz6z,0,0.6568085419061277
17,58c2b44923882a8252963e78886adaefh7hnm,0,0.0058341142522002135
17,25f1a9c0c83eefedfc2c1589e763c2a3is1qy,0,0.0014844149198267205
17,83e8aa6cb15daa745c75ba3c29a2f646zjw33,0,0.010548914821821699
17,4579226b86f3ca5b5ea1597efabae4c42j4rw,0,0.0016011571670411907
17,74429c9ce8183e2b1b89600e6de4ceea5kn1t,0,0.008197746914239405
17,8a3f5e16e4e689897d872716efeeaa0904tyl,0,0.0015428955641482135
17,e833712b1e29ffe74517e2dadcb4f2d1pt5t3,0,0.07871217813779663
17,ba194af5111cfcf1dd95eb36160c728ds4kcy,0,0.0015799858522727772
17,a961ba95d1685705953ace49a29424e2ld1ek,0,0.003652406424318403
17,45e4c7fe66077b5b7b338f19f476f9d85jlk0,0,0.002610616939725465
17,ac2d643e0c0d3bfe8e54e5a961c6cfdb5xn9v,0,0.009502848105692553
17,a945c65b19da56d0c7358d8858fe14e8ulfel,0,0.011874839307676714
17,f725c5b4cece8353da7a636fcba0ecb5yxshd,0,0.05165987302399438
17,88ebdac47cc2623888e0bcdfb35b692ejrbvv,0,0.005686340021951266
17,88acd2e23ea6817d9d9fc28f38a8d1aftqssz,0,0.005724776379141808
17,a37b105534ddcabb169f6ae3ec928d85slw6z,0,0.001623228677583551
17,cab7ecf98fd0489389a3a8d3961defb3k66og,0,0.0014988727677889009
17,a027780df5d0312919d41edfd4947f27odx7t,0,0.2555948832804995
17,459ea22b6b51936d0788de9f78a3547bf4jrw,0,0.003580741965477055
17,d810a7956e4d9fbc246d585ce84e8ea0750b2,0,0.0014870010990657876
17,041d869edcadf595b90e3b5248903183pn754,1,0.8011901606121158
17,c89d56c06803b8c6316a7c906604c64939yri,0,0.0015197619703006542
17,462df7ecf1d47980dea6a93d44fb408d4u2d5,0,0.014718762650472492
17,74487d5ffd5c34de4fecaf9dcb66f86b0wwa2,0,0.006988936097977018
17,a262e805f766306f4adb38211abf235akxqh8,0,0.003962659544155752
17,3e0bbd7d75cf543a56919ff5069b31a9gcbql,0,0.0020235460396639247
17,96982cc1eefd6f526b512755151227c3h2w3l,0,0.005627122365350644
17,96f31c5b3baa8704096cc8d4301b4c96i6fyp,0,0.011138004206807387
17,f5ab013f90cb8890d33c6a309798204155q15,0,0.0013975234090847952
17,bf65e77ce8676fbab6fc78b70c50f05a8da8a,0,0.22460114952483576
17,d9576f0ba8c7479eb2b26f0d15c4abfayk5ex,0,0.001624264668730723
17,eeda0d135495167db9425fc5fa3a5e3ex2zel,0,0.008197629113567952
17,fa6bfb4a2156dc8e73a713cdab85bc4bmcmwr,0,0.012565366049368552
17,531d4a209ec0cf76c9337b42fb1c3d9c9tcuv,0,0.0014568687159465855
17,ec86220eb6ce57c91a02a7356b342599jrcut,0,0.0038292689895111443
17,67fbdc4209a1566288acba904a2b5a7ee588g,0,0.021816577662295025
17,bb43fc12fbb0fd2b2536e4033ababf59exffy,0,0.05880340086332968
17,d7e83a95a05308d4fae6428bb9073a7bg8aoa,0,0.0016045508960984996
17,d4b2fd8f5e8e02b660e9803cbcfa6cf2t5szq,0,0.1459299945449668
17,721e69fd30e33488bf82b7e2f9c8cee28a9ea,0,0.0031605323678480157
17,51cf4dc8898554aedd8572f97a95ef5cpi3ct,0,0.0773545280163435
17,715ee2811c764d5c58aa228ee801e518gqvli,0,0.009895365640727733
17,e8b82b8640ecdd154eebe6b36ec63f0bdwhc4,0,0.007950022949384733
17,79794d93380946ef72e95f55b4abc008hsns6,0,0.0016770075744587964
17,8c09f4afd78059d9200cddc435f5c48ceph11,0,0.12081907386753156
17,3c77ec9f79f6febf630325ef84f2a0bcl3qg1,0,0.0046756744502860215
17,f0e1c483773c2ef8466d152874872139e0wcu,0,0.001910856790423634
17,8c412ae875b672f18073d643c74f9f0clzbyw,0,0.0013366215297884497
17,953e01bab9ac8786b4bfc77d183732bbqw6ng,0,0.02208008574803808
17,cb705744a588c18087921e74e68cfa10oev6i,0,0.08194573403766976
17,820dc943d26965d377be315497837bba5iz67,0,0.0014973059043068822
17,6b0d09889ff4889deaabd5f15b3b34f1jxl6v,0,0.004927918789394745
17,400e8b5b5447b4d11e06a8bb0754d8d6l6xoy,0,0.014307931542798346
17,8066d0a6ab30c52b3ddca5da19518b6188t23,0,0.0033602203244951392
17,683833b860c003e6c31c521c9cdb49a1kr6b4,0,0.006201469385216484
17,1bb7a8c04e70386f5496322158e9fc3ef6d84,0,0.007978504594781912
17,ac9bf3a07831666bde4fefb75c184adekbrl0,0,0.006542774374381533
17,50859deae0e0a599efde1725cde3a8b8dw86a,0,0.0026086662067120584
17,0030a2dd87ad2733e0873062e4f83954mkj86,0,0.00819647688991796
17,c4294be0db6b5c9357ae5e2e7fc8da9489qpc,0,0.0013909029861818678
17,664adb319c2be43104b6565a8ff293dea0f01,0,0.001265364867466765
17,eaad20ae39d343daf76adc0b1a4984faumuzj,0,0.010186902941028359
17,95ff2833eef5999a4f3ba4a7684d2b26a6v9j,0,0.0019780684191071794
17,9f9dd5c179d357b53f145ae1e5cc941f5qfuy,0,0.0012870169739722826
17,227bc0936837200d0aaeb444ab8d5f1axs8zr,0,0.002286040467230911
17,4950352b0410495ef65a92b08b5be463c20yn,0,0.008197746914239405
17,0ea26a4028ffc16d9a8631d43e1b92105auao,0,0.11052878667464605
17,ef415b2bbbb81ed33cec7242678975d5m5qk6,0,0.002266028945908445
17,5201935b289665a197e38f747882948fjt867,0,0.0015225070334729184
17,3714da7069a5205137cacf89ab3a136ffx2u2,1,0.7213840284705966
17,c616385a2762ecfd8e4ea16d8a1f2596qw07a,0,0.010518966672823826
17,1982c4b164171180d480166feae881ecmxsgl,0,0.001351051399566553
17,7e8650379cbcb3ef8f7f6aefcd678067kzbdi,0,0.04353467000883349
17,317d3e44b2bcfdd7293b84f82f44b8e31hx1r,0,0.0015759378359903049
17,40fafe756c4695b32df7d19d4c710dabvzr79,0,0.0016711959033381676
17,92a63dbb8323426833b944a4fc196fe27pzha,0,0.0020844503507845137
17,1456b44d8b2b16cd94278137269ceb11ns7wy,0,0.0015164443292308512
17,76f17ce227e593aeff456fed46e36c83a3j72,0,0.15188056897151309
17,46f1d7df0a8ffcc10c3de0dad8979cabgr9ig,0,0.0019326972527527605
17,1275d8a6a3b2ae9d24b50997397c254cpuuzv,0,0.7944792501879065
17,00cc97158e6f4cb8eac3c0075918b7ffi5k8o,0,0.00198018378717195
17,70739399d69a3b7ea9e72742dc728742zp9uf,0,0.016492757600054614
17,308def7f05575db9bcb6a67207d6c1beb2cqt,0,0.00862391327554316
17,ec96b5b27dc870c8f59ef11b7371b06eenaox,0,0.0011844158735308417
17,0f33df2513a519a35c8b3dcf1d7c7416jjjzk,0,0.4776117588256381
17,dbdb69d0032b0a251469107dd565b6c7irr4a,0,0.0023986944463750444
17,91b8febfd1f556c06838992814e7653cr119e,0,0.0029235954992872615
17,cefd0ed907595de146c91e6c26b8ad658ilo9,0,0.004508076922711189
17,3ef2325f8b68e1c030547a2a54ea6b98zwa2w,0,0.012565366049368552
17,f3d3c913b225bc6cdb98c60f0936f7cbj8k3a,0,0.004044950210732852
17,eeb7e43d894af9161f84692f2bf9570fdryzr,0,0.07042548339804393
17,a46046f129f3526547aca680877fd8c7e6tfc,0,0.0021144332574748806
17,6c8ffec692e88d81e1b18d47818abb04v6llr,0,0.001529541262948537
17,283987b9f1ffd4514757483ee1f01351xd678,0,0.03678914596918691
17,3dbb502d9d6f89b26f62cc804df54dcandhp0,0,0.0799266778866458
17,c780bc2dc7ab83d5e5c85dd13f0f7fdecfxjq,1,0.17915400083131466
17,4ef4b3e5727dc85f18aaf00ff9a1e936qyhp6,1,0.9165721776859546
17,baf1aa59ebedbacea2ca418c5aa83888imys2,0,0.0014438714013230093
17,c910efe1f135b08acc32b2db162362033olvv,0,0.0019097035991047847
17,5a6376f140f05274d6e0dc888cbeb89eukxkd,0,0.14459014981019366
17,44bfa21b7d497f097a594c8861d4f8d4w5e97,1,0.1553133659406644
17,8d500e174fc28d494482f8ccb9438608zd51s,0,0.014307931542798346
17,bbd1d48ef4e8e7e3855938755275ad2b2le9g,0,0.006025980087327343
17,1fcca45fdd3d1d3638821f41e032f170en3h7,0,0.0014312467729305773
17,c2e1242ad5ea781923a08987d55365c69fii7,1,0.03208565461884226
17,6d1354e720cb9ec90e19e29f5f895669qh6g6,0,0.012565366049368552
17,6275d51c0324547faa8a87b499812268tl90r,0,0.008224312954367163
17,21fd0c468438a483ad1c60cfd1b84b850iyjv,0,0.0033377117151116927
17,e4bee4e53a19aaf71e0ac0e3be752b2cz3k1j,0,0.002959522789476045
17,4d2fc319ce6c2ad370052e0f6f2b0a1dxiyau,0,0.0041984453330329765
17,681b4f9dca9e70441fca4a58c05b0f50skmir,0,0.0010460419095558247
17,c1859303603734d90d1a91d80977e14echjim,0,0.14732744888991073
17,c128bfe7aba668d71126d51b32428c01tkq99,0,0.3803089171328007
17,4641b5a43c7a2496ef93af2ca590d2c94s20x,0,0.0020849122733063697
17,83dbbc6c5c7ed95048ffa9427d807692339oi,0,0.24468313010695122
17,c83ee624c46235430ad4338278f6d270wfzre,0,0.010221954175371997
17,fc16993f1fdbd5fa8f8ddd72b40442f0qwyo1,0,0.012565366049368552
17,3d7bd741177a712ae0417bc4f4a37bcf9jo2a,0,0.05886166833150674
17,86e888c2dafacf13580a1211abf50961w6foa,1,0.6501216953625121
17,c41cd6791e262b44d26bdb3443fcfba97wlm3,0,0.1129874074840072
17,ccf30c9533a66f22f1c65910ae1bac1a1fs05,0,0.36404653293991984
17,417adcdcd7157e75c66469c07208af00qjnuo,0,0.011148388917200637
17,f4189a40cc622eaef015a19d75d9fe21mylhz,0,0.0014895389545392399
17,f2ea6d89dd9897f0d6edb6f24c446f01ra6yk,0,0.6038936727013621
17,75613637a85df9328b743d33b0efbf1586qow,0,0.005036027557582733
17,28763f241cf0483ca1dd3aa1bbcbfc37xntso,0,0.012565366049368552
17,c888cda1ef5931da0db90f6803cd0d368ay6r,0,0.027113697088024954
17,0ad17aa9111f657d71cd3005599afc24fd44y,1,0.41524942221696176
17,7bb58b7875a093cbe7c5d487a825b730mjcw8,1,0.9331285330968335
17,e9f928411213f44502e4942a29553ab1tbqgu,0,0.006272424041780036
17,f895a8d9d7974b3ee7f1f04a25a950e9v63ps,0,0.0019915024118812383
17,f473c995ca7b5287f9b2f079f0d78a1e92226,0,0.45406966152982015
17,6ed19e45dc118b78a78f25649aaaddbeef7e4,0,0.001835950769628187
17,b3dc6151c6813688d0423dbab13d3f19crw2w,0,0.003221724031626861
17,205a011640002932a7bedbb93d81b68b8m93b,0,0.0016367261513853184
17,8f6605a649ae41fe950a6bf579452464d9lmc,0,0.006014087413203192
17,0589cf78c4bece729f0ac620557210e13no3n,0,0.0015482489249742171
17,7e34a26c4c339e875997f4b9239d2b5fscng4,0,0.318162368622972
17,84f06d2c69695fe24cd69f8a1aae21a7kozbn,0,0.0021908755685479233
17,df12e679581fb2054907dae75c9c78ee9kzzv,0,0.05049156604102788
17,717a0a200628f9606d88afebaaeb409bv60y8,0,0.0843663495648162
17,9744d8ea513490911a671959c4a530d81fj5e,0,0.07472700397536118
17,f939c17ffc7c39ac9b35b69e5e75179fv9pe2,0,0.012565366049368552
18,88ae7a35e374a6fddd079ebb28c822eeohwse,0,0.05436982901373554
18,0a6ba32afe4756995db2f5cf2461cddbvj445,0,0.003491654655130261
18,fa64831ab5ade55daee13f852c16b0a84ujt0,0,0.10038202377106449
18,1b26a52e1e5980c8487bb35cf5027fdfwfnzp,0,0.0027663126467208574
18,585e7c21b80baf2225224fe140cdb1a73ddrf,0,0.027248681918643707
18,5354c02817e47f28e60e44a40ca5e48dll4sz,1,0.24720011788870913
18,067ff22ebf0d33fe0deedc816d75973865jo7,0,0.5340248935912794
18,a22fdc066a738070c6e4860924d06657hengu,0,0.6645469172491022
18,975dd5178d34453c1c3c8edc47cf44274uv5s,0,0.12194176270825556
18,608d9b68afb12c6c27da6c6565ffe8297wvco,0,0.02881498357328337
18,5f50c6187a179e2ee7ba2fbcfc845c7a1smgr,0,0.004833721020198684
18,aabc211b4cf4d29e4ac7e7e361371622pockb,1,0.9927148485662836
18,8abc7635daf75f9fbeb63783b7b8ccd5rvuyo,0,0.0028613303887185504
18,5686520af5a4215a239418fec906f88e4she5,0,0.002987185134740816
18,f60edfe5177cab56896a9d6860995095cl1bb,0,0.003493629153721412
18,481fdbc92e77bba4c9611841a7d74071elwx6,0,0.0027886475799394368
18,72bc07c7241e1856ba31609d11501c91cswlb,0,0.07198333335123766
18,68600b8922561fe26b8b6acf1d11efdfb24k7,0,0.22335361118177643
18,4c4431ec9b6e683bdc5a3118d5140105r1nas,0,0.04436230155499295
18,1cd8d86911413c73e92ad1170cae68c3pocsn,0,0.018585795358474166
18,bd2cf3a868d168425cf1bde7c49d40b9jq0xu,0,0.02451505466868665
18,0cca10034c58287ee6fbec14a3f96c3546sdh,0,0.006316313678823076
18,577af9ccdc29dcacbbce0f36b7c1ff15btljp,0,0.07949717130225792
18,21580623ea81c5b0b82aaf74890218e5mio2z,0,0.15403407082761816
18,f5a67722732675f6285b70b9f008665fq01bk,0,0.011011287255646407
18,d27221cf2bfaf0fa7a60ffd3e1e3a53efagvp,0,0.40619378687811586
18,0e66933c924764a59760aaae5368e7d1e0s88,0,0.008310010611154474
18,6086425310e05e77a53317490e8c1f3cxzf2r,0,0.4778037568071807
18,024cf43497fd7381df6254888670f84bwbbam,0,0.009862875558360221
18,d65efaa8129a85f85bf909e5abde8c3628gfv,0,0.16233875135280912
18,226017dcd6506ce20886540ff734210d8hib1,0,0.005954343537591576
18,3b233dc399f175100fb11ff9c66fa5b074z60,0,0.15877454978727193
18,d5f997729fd5a0aa13307e027804de515jziv,0,0.0870718055175943
18,8c2bdb9dd878a811701838002627a056be0ce,0,0.6817869169989873
18,671fb1e314a1f480ba9ad9b5a1cf6a91w1k2f,0,0.010993579669278178
18,b27db6c048fa41b496dfd3423226bb0923yfv,0,0.008220469067804267
18,91d9b706f63537c5fc0027c50b0e3b06qpdgz,0,0.008653023250864306
18,68f092336430866db606f137c57c87e0hw7aq,0,0.05057407468241043
18,dd661e2d6e79a5b3e66c82373d50f3ee86k85,0,0.004833721020198684
18,db83d746ba8e0c388805fa3fcb235743vfqmw,0,0.24807185097951606
18,520b616c26fc47935f6bcd5ec063eaa7w15t8,0,0.0031021036152905726
18,de9f5df5962dc171c7d82ab503c36dbfwicon,0,0.006223477668344668
18,c48fd9c589f273945bad5f0cea5993ba2fet4,0,0.5879210138001107
18,27809fd62bebc89be450f9dcbdd25ed8il6z2,0,0.023513189006956668
18,6a87cc9dacae884e817de2ee08452e76dx9mn,0,0.07205373854985408
18,8b4071f3e2702b88481054081363bc15her3f,0,0.12043876946605502
18,2736ee274114e9440463bde9fbffacaa5xky5,0,0.02451505466868665
18,cd856579a7c4850b60d8763520339449x0mqg,0,0.0017240747322548238
18,4679df74080bc22e29676bddc5bcbf51gsyds,0,0.009353684453605236
18,08515611e73803dc6d8c562b8514dfb5qi3z9,0,0.23237674747424208
18,62ac0de5f8776ca1d189297bdea9a64cmewb9,0,0.003951958520505425
18,28c9a5ea8aae9fb4f6a755f94cd922361v9ow,0,0.2739689304100837
18,c8d972b803b46212369cf1b480328dcehb9jl,0,0.003651854393385127
18,245b584befa6a5b8c759491f5f3db580p2m5v,0,0.0033991952000060922
18,3d281a78c6a116a91baf9c8db22b56bazer1h,0,0.06265806166759513
18,ead2ec4563ba25a9e9d417f1964b7504teqtp,0,0.1698242914277395
18,96b1df591dbbf3a002578574671d9ff1rmzev,0,0.004833721020198684
18,518e9fb1055de6532ed2df6d03fb78feus5s0,0,0.01694678371209234
18,6aeab198df208f8628825f7eb3ec3701p2ybk,0,0.009791237423641307
18,ea5948061b2059bcbd900d3ae7e86e428ae8g,0,0.08439491208340484
18,5a2aa4e8c227de4db26547fdc1f017cbxb62j,0,0.0025304951296900684
18,e8e4603ed284adbd252a7a601f9bffe09oq6f,0,0.00902531898793882
18,a7454ee6fbb69c4079caf5b5b92574abi6pyh,0,0.07949717130225792
18,c5dcc8a649adae76ce01a3fa85b68f237ny2r,0,0.007365417170621294
18,e959a3ae64e28a7d3b37934c0d826867o3sp6,0,0.003188298792261908
18,76a8a9566e21595a1ac06cc0050626c1q7a83,0,0.003241902373350067
18,db88530db963dab43118aef5aba127ec29abp,0,0.07198333335123766
18,c69e65de28937ebe1b94e7785afd94158thqk,0,0.27096852501458685
18,a539fbaf8b29613ff0e4f3e5831aa7a5p2cva,0,0.06724368474910604
18,8c4b0d95ba36c0ba2a52f9043c62fccev75uu,0,0.0619687710128178
18,7b5bd948eb1d8075be58ec9240927bb59ugz3,0,0.00170146957083534
18,0b450f2827ec670da34be66ec2a520213xcuk,0,0.0030929346626778144
18,74866aaa89db79f25dc0fae8be067b83xlbm6,0,0.0036511820800731905
18,ca391c857d7aa75a72e2d7c3133e0d6ay9pil,0,0.09687103989672406
18,786fd201d9c952bc3453d4b3a6fa64046d8wb,0,0.004641088083817609
18,45cfe8744884eb207048e3cbee31ec56hd9lm,0,0.00541118350697275
18,6ed7b95dcea7b359248e9efce91cbb11lm7hf,0,0.254988644845255
18,dcac75b5ccc362a66e7f9112f033bdebchxq4,0,0.002680413076202305
18,7eb6a5ffc5e8471efad7cdc8927daf677qcf8,0,0.11503216623229462
18,8f00a4c4d7f097bc1688f8d89431f6bfmodq2,0,0.023363120231428634
18,9819825acfa7e20c47a78bda5e76b195jh0gd,0,0.03027292975140751
18,db80f065a93cc6b41d12af614bc3ec11kpwjp,0,0.15595783037723632
18,2e1eb5b56591662fd7ecd7b39621bbcfgd1ks,0,0.0044710423274348125
18,88e24a019c32a60f2ff315a9d217ec33q144x,0,0.004427120466257899
18,67083f257438b1b79cb09cfa601890855of77,0,0.002893638500403516
18,01255c2c7c5578c186873422fc00fd7afwk8k,0,0.011110738977263487
18,9ab3bca29dbc32070cd7f729ea55639a350tu,0,0.002824070821165473
18,2a5726bd00709641cc54a8ab5422cde3uchoe,0,0.004679781721689937
18,10b431aa15b56084d32fe1ef123c4305wo1nl,0,0.005087206988281957
18,85371e59ea43c33c7e481ba3c214e893ail7f,0,0.0027286890233496706
18,a4c40fd7a4c1040283fb2b84611eaad240849,0,0.09648524699044399
18,eacfdb47b3daccebd9f16779c5542fe5eytoc,0,0.005530396205272274
18,d8d90875fbcf94c3b4c5c00479cbed6e1mqrl,0,0.0016000938317364054
18,0353aa9e97bd46119c90b8892f99982esfem3,0,0.006577631041321764
18,651402deb28af3e3d1ab9a6b88314b591uuaz,0,0.0019763240620651683
18,f01d8d55568b1f54b6946a1b78a3983exkz5u,0,0.003038650783767563
18,9211adb9cc770c78a70b55441acd146bfxnz2,0,0.006911742263483843
18,a6e261c09ae8aa7d0a47ffeb0110aa519jowa,0,0.26442782287377137
18,7d72bde2e297ee81296adb4fd56e8800p7lbe,0,0.1103005198459475
18,6533b670e02ccf583288ba7c8f5fb1carmirt,1,0.9870374348802016
18,7ce12bb499c156ba4513becaa42aa8c143v75,0,0.011980425011811565
18,14f226ef57ed64d8e14c8b5ae929143cgq3em,0,0.003124210209100687
18,e5fd2ebbf5bac9ddc73ce524e1b33c3akti0q,0,0.006852907052704414
18,56cfe8b0d574e1df3f823c2cf32226eff52uw,0,0.0045950623920182
18,1bbfbd968c065ff5dabeffe311bc3ddeezbof,0,0.055132059434079464
18,e19f258fa5019e58974b562a8e1433ccluztk,0,0.06569709667822932
18,5e8bf58291656ddd5fd2f71825565446aiopv,0,0.3765869426544947
18,679d60378d42ca9d3b8a28073fe14fc7bv4jh,0,0.05043721437046898
18,8f6f7baf33fe2a5206ed3ca88446a99bmq453,0,0.06194874407949012
18,061690ceb6004807b7906968bf382dfcbve7y,1,0.72628147248013
18,61101089c1b34f409fc9b836a7f9cd163y22l,0,0.0026358630062017635
18,a3910fbd35b7a0c383c9805eafda616fra4xo,0,0.025550474521033664
18,d4a84bdffb9543626fdd42c879343ce26ds4l,0,0.002827963545168116
18,b1729d5905e896a8411f81bb65d66343ladls,0,0.0027955705123091095
18,c1434e440370882ecf00ac52140f7adbuy1e9,0,0.00403192079611369
18,82194e7d8f9b84e71b789e763b5c3263r6d98,0,0.0054292498196936816
18,2794512e8edad5f99d28c33c7560fccb9zl8i,0,0.6847366078082862
18,e4a9bdad09ebc5d5a264723855fcaaad6q52x,0,0.4086267495753032
18,d0b096df6b5ffd2efe8d5cfad4a24912zs3dd,0,0.0028610059168683553
18,dd7292cdbc81ebfb87945d9ab176d679gepf0,0,0.002856166077680176
18,2797fe80977297483e724b8390161c937dh4g,0,0.008959465111681593
18,1e0b1a6ea8d307cb61e221723534c4dclf9w1,0,0.03101592843358628
18,9e9270c06937bfa13f5b29e737c3438fcocyn,0,0.002987185134740816
18,c97dda0fd2de7d82d3a52eb6c0788062h3tq6,0,0.026065486987301486
18,8783939eb63e5eb4e5cd412d8480f3955ipxu,0,0.002225491379643681
18,e0a87bc26e13c599894d7a5103fdca786tfat,0,0.027607730542501964
18,c6108e22518279361de99b3c7c298235mkoa9,0,0.009930424814787672
18,4d0d345f552877998f41ba3cd1ba299885vu5,0,0.004833721020198684
18,7c965df16147f68263573764dd257a7bxqmpt,0,0.0019020949150514352
18,060ac64ff78ae62e9bc697192cebea333760p,1,0.6517625069350701
18,1dead8a9cc54fdcf7a7c16dc6e06a3bbusgcu,0,0.0072965382093878
18,8ec9269ed4f5aef4584d887dfd9e595aaynzb,0,0.0023481084432745406
18,9d98d3f00a0c0bddf35470b0fb735fcdhiriy,0,0.8520029735089529
18,0fa357965f89388d8e7eb8cbc3b85c6bnnro4,0,0.01290668590567376
18,af9c96944265cf541b3fe734a057821a825l7,1,0.62841161326778
18,420e7aebb49d7ab3c04e109a98e152d7kquiz,0,0.004181040919688586
18,73d4cec0ad358d272d757e0fce8440d01fvw8,0,0.02451505466868665
18,b1410ac124aeb5ef6b06667786feb742tijnw,0,0.2772398873576962
18,af5d33f9724b0e8c1f875406c0556d1e6eotm,0,0.3381725978586154
18,655b88e646b94d0adb9e15e9f3b9c9a4lvcrz,0,0.04581190133751372
18,48044b1b1f47f168864bc7c4a58a65ecmt187,0,0.0031269098432000243
18,d2704c8bb6ebbf13e08f37131382b126wy4yc,1,0.31019301760511886
18,f05dfdaa2f67b190f3a79a5a2d5daf9coikow,0,0.02451505466868665
18,9f60e1593604631e10ad2677c51055c6mv205,0,0.002618639385307993
18,ae817305e82b580f9ab89f1a379488e39il4q,0,0.03799576532200862
18,183c4e44d09bc4ab990b957e765af311vlup7,0,0.0027671927790222776
18,1dfa6e724441ca3c913b3d40967c17b2p9xr7,0,0.0052322666816667016
18,e2e14e8e15204b504b146d17a2bed925qg3u2,0,0.03373259446814163
18,0ef9be4eb3b6a03ac2945522964b242ap09cy,0,0.003812605809953617
18,a1922a9ee4f9f5d03fe11816c2cc3eb9ivcbp,0,0.0029734228452019808
18,39802378690e7d0c61d294f5898852b96hsfh,0,0.02451505466868665
18,e4264fc4dcd5f917ceb002d860441370s054e,0,0.0037097718883759654
18,0580f2e77b4c0dd3b5cda8a1641cb9fenmo0i,0,0.01774982069332136
18,8d49c8e70bf96a255baf30acc76a3f59b394w,0,0.03481273401456471
18,ae15accae2164aae084aef7e3524c1fflq962,0,0.0030638765541002315
18,b79560ebfed7c8cbcfb97475812e0836twsnm,0,0.0023438405380406006
18,5920a92dc2b65e257061017a04eb5361tpa9b,1,0.865456363116451
18,2d9579812895729581ce269ea17462197jxvy,1,0.9417441754029859
18,13dfda714fb516e1f9f7abb0c927bdc2zmw55,0,0.02451505466868665
18,414af5edf09c473bde75644b76a68e7feesrw,0,0.030487610837130735
18,6a1d4042a5f3a3f34f5b3ea753ecce30l0qj1,0,0.006248956117630993
18,42f754cb72e01c08005598e1f9383341fn7xh,0,0.007666953943991841
18,ccc371d7848a80bc31941248b9f49b95hn694,0,0.004331931310070411
18,669c6a0e8aabbf0647e8ee6e150c47b18a4pu,1,0.25698042286530853
18,d3ab33e9314c95d6806813171f292299tmprm,0,0.002880452554058843
18,ef89b74b58c49c1a321d3d7ce061d151k51xm,0,0.10942622328370927
18,cd35a3230456d4a245806e476c63e9a1evu7i,0,0.04436230155499295
18,5720c8d7bc15b94037cd75ff9496a35evugeo,0,0.7450721880462984
18,42025aabb56a61f3bea90d27b283b517dyk4t,0,0.07783015369952014
18,99ca795998fb781a42d85f1abeb50482yzffz,0,0.1576733309785319
18,877d96d9abeb73e437a8ebd74abbbf45p8s80,0,0.005697453851803152
18,4444bfb455b90711234e0c25345abbaddrt0x,0,0.004833721020198684
18,3043fb0b4a1904222f640107f84d6f799tves,0,0.0039975461754683875
18,b9d861ce6162179a4b008b63e7fae80fjoywx,0,0.02881498357328337
18,6feec0741a319299c78c47040893399ebas6q,0,0.006372076349305766
18,fe6ed3a12fbbf5da4980337564361710v2y21,0,0.002135787493198472
18,f3bb3c26162cfc1b8c3636a7ba126010na3n4,0,0.013400687472067721
18,d092609f5140c62ec64ddd7615c25792qgdrd,0,0.004413475339485051
18,78a444127a896122678835e12ef507deh01hn,0,0.010755243808014528
18,fb81da0790d821a22617d748d0226540ylrj6,0,0.09110199950632847
18,3550d62e04bd3a1239eedbc29d9c970279b1v,0,0.005768495739310755
18,14d4e04d7ed150613974438a4dfd4e85dybq3,0,0.045742079500016304
18,613c7d60152ebf06e3a7dd326ba03261mnn8u,0,0.008878831862385406
18,fe19fadb955fee4c5fcd0e30e56e1542kx66p,0,0.007968775313366008
18,c9f94611f4c9afd3a3153da9654e7310jr201,0,0.005980247909812691
18,24284d3fc3334e0adeb6bb95637ca62d6dm96,0,0.011000798123224532
18,9e25bd3696b4e1775de205d2d4698a0df4s14,0,0.008789419759927109
18,74ae4f7b1692dc42622696303d9d4d763vksg,0,0.002797598675712241
18,c2f592fbdc8980229367e1db4d0f7a51my54g,0,0.19365592952898417
18,36e2e2f32a3872d3e958c0a58ee79bd129xdy,0,0.0026309449711158298
18,ed5ee107143980558fae26c1b5c7b81a82spj,0,0.003847900138017959
18,4992da4511c3c1b4efed3e16c7d8dec65ilfj,0,0.027364072264191602
18,ffacbed056cbfaa60c1fcf51f0d381bddr3ly,0,0.0045558762009282935
18,2b19566f190ff3b8a85884e03c64fb56ir8a8,0,0.02451505466868665
18,98ad4163bb0b1abf72f165056d4bf1a1g8ekg,0,0.003153085949389668
18,bcbd5c95680cab78cf904fb936dd03f86g19z,0,0.029543107429410662
18,764234598477e02cbf8a43983fd43850l1c8f,0,0.003641379731812639
18,00a0517965f18610417ee784a05f494d4dw6e,0,0.0035337454427798454
18,f9753e9fd6e25e0a1ae176ab95c31146iaqnv,0,0.0036164848441031516
18,1214fbf35079e7afc0a35645f8be8b218fd5o,0,0.004833721020198684
18,17b41c48d6f53585c7bf3b65977eada0yxs8n,0,0.028651706262982194
18,42e631af9bd00e5e816f08eba3b102d5ch576,1,0.0834003821658273
18,b0973e698b12fe51ec2f259d924c6098rasmy,0,0.0035277723300370734
18,da2841ffcbeabaac373f00039c10f39fty6fa,0,0.07478625821947914
18,c6453f296ce36005d7e7e67e159e1b7cdbmus,0,0.07949717130225792
18,11e47dc08d7fa4d1a1953b5868892f72qvlho,0,0.029095435713726265
18,465c4f2ad08cc1e5f7a5e1e3ac75654ealh0g,0,0.0037052987118203914
18,6e178db6d17d21aa88aaca5bf15c2761lc500,0,0.1179769749910756
18,30da67f34e3cc215b3bdad588410fab5655fx,0,0.02844448117064515
18,ec3b2ff6f725e847f93285bc9d2b7b3dvcd4u,0,0.00432956517335994
18,1395ca662a02245233af951cc7ad8313vk6w0,0,0.0066739010478908305
18,649b364bc466208e559858f0677b421dbnalw,0,0.0019832658406280924
18,cc4763c97c3d7cc9116e0a51a6d1f2e82242i,0,0.0022951037397456703
18,bea63152ca4d99f549999ca57b93d015z9kyh,0,0.005374787099879087
18,67d6466d7f4a32d294196b8c16ee0b03kn9tf,0,0.07949717130225792
18,8cb96eaadc11cf4f914bad84518632e7czdyl,0,0.9239503481510027
18,e21b238213c361523d276d67f37c05e3qot5q,0,0.0034195954704405785
18,424aed9d807cfe0b2167cfdaa4957fc0heell,0,0.0035998577076711493
18,81c9c749b2c9f97215f3ddaf8b5a5fe1k757u,0,0.004410167144161351
18,a7bc17dfb615eacffe397be5b2c2f3a6r0bb9,0,0.007282740693427498
18,cad9c97e99bd5753be98edd9ad8ec8c8c7r66,1,0.8891266401696999
18,d056594c1d7976b6ad4ba23e2b4cea19l2i0t,0,0.040089625709267294
18,2daa71f0d138b8c2d61583d3b98a25e1mjp9c,0,0.0031345683095119893
18,c900620a019e78a3eee44109e4d1e1d2xd2gj,0,0.0032936900061413745
18,2b429b9235bab2877cd93ac6d9fbc2d7tzwre,0,0.12287505757618827
18,d3e1891edac2851f6d34de566802cac8m8dn0,0,0.007326965960222524
18,3d2608a892e44dad3027ab55bfaa0b26r69hy,0,0.16451406479422748
18,69d8fbf99586bfaac64d31f82b9bee27wltkd,0,0.09949317847078992
18,47183c1427a3cee97ff9bd167844e65d9dzi2,0,0.018016368713591857
18,510f33a3c0a290a0e43d2576d928a4abxieo3,0,0.07949717130225792
18,a96039c7cfb1d040ca978ec5e66ee2c0sb5ht,0,0.003858665746902029
18,7a3378ad9999b1fde0a4562a9b036f038cdal,0,0.004833721020198684
18,daef74294e84ef6d7e009c2d51be6ee167xds,0,0.01645117185880814
18,26508777dcd84df59b467a60d9f18ca1pvvbs,0,0.08978325600638479
18,bf6f2ca50a3a6a3113681e754307aa4ehnd5j,0,0.003736836713093651
18,29bd1e11a41eb2ff50af75d10f28041ejh9xx,0,0.002998868551355055
18,eea79e1bfc21ff1b9572213e540e1252s5iuy,0,0.002132980244225943
18,9349befb45c4869b68e82a1944f4f01377cpz,0,0.024213210515479096
18,a0420d3961adf890fccf4b43899708f6h40zs,0,0.025206879899745616
18,78e59e188d9780cb8988d574f692ed343s129,0,0.004073189605742449
18,c0b7161a67a0aae21788103c08eba7e9z8e8k,0,0.004753547165680058
18,b86050461e88566061c796dbccb1f7e5at242,0,0.002543541699214963
18,486dc9de91d243625863313adc03aa6bv4s1e,0,0.020531643893004492
18,ba0ca6f98ed66bdd1c4e86db2ce4011fdk6ii,0,0.08186862412214929
18,7188dec1b560385b0826f78e7608fdfeai9fm,0,0.07982282018840786
18,aaa8650a6e0997e90e4b6a9fc2ddf555m5c1g,0,0.12100877805046659
18,71c2561141c55414618d67d1a8aebac1n0fjx,0,0.029543107429410662
18,59d96b423ea3ed56611686300b681f3defm4n,0,0.013339895077062012
18,12c1b22ede3c23949bf130cc7bac6316ks7fj,0,0.004861987757648056
18,e10ae48cce1e198f7283064cc8a2f836iy0z6,0,0.002920654292117755
18,50dd191676497345cc95d8b9f7284a7371z5s,0,0.02451505466868665
18,82f1ba4809f4812629e9e53ea4c687d7begx4,0,0.05597752224184666
18,25f59f9da43b6806aaa125fa61974591sacso,0,0.0029907464567299987
18,1680b6a12fdc8c64645c00ae8048f99c6uzoz,0,0.005828189618186794
18,5de403f3d49221bfa7116570a4d572d8m19sh,0,0.004513020248861859
18,ff181014a0d7bb534fb9a35f22e24fe72m1d5,0,0.17423287468886686
18,7291b7fba1b597d66bb8efd45fd0d354q71ka,0,0.004679781721689937
18,1a05035da8ea9dead1030ccc993b5284n1on8,0,0.04423960266219975
18,6c021878ba6173a04d55bc1cf5544ac1f3t02,0,0.49798697440111284
18,058a4e0ac0a20f504cc9c6aae2a896e6too9v,0,0.003906689512203147
18,2cbc26f228e0556f268e0dc1bd9ac0a5lzdfh,0,0.03292841209311891
18,dc4efb7e05563288d1f2ac4ca65c6734017ql,0,0.022797039053202916
18,3ecced86078287dbd2eac2cfac98367fbbelu,0,0.01144315675882239
18,e0a9e4ffe2acd28599dacb91c98c34bc66vo3,0,0.011370053371512928
18,f430aac3f0f7f88a9b504bbb71322d54mct7s,0,0.07198333335123766
18,b9fd0772481bf459179a3b4ab49171693im97,0,0.003283075304305128
18,0a9c5e1f261c937c09817ea2d5e949f34v8oe,0,0.006845417524468228
18,5e3747785e44d85a41a74470c051e946x01dp,0,0.07198333335123766
18,97f541ffdcbd1ee34610e3099c5df42acfvcd,0,0.35438505142060905
18,2cbacd5b066b7dff7e0a87e1ef00e0b4zpqzw,0,0.04466675433307584
18,2d2839fa92d1c8e94bdeb1fbb9e62149x6xc5,1,0.8075448195707366
18,7bad0fc50ac7d249e0a3d8b83f68e855fcnxu,0,0.004513020248861859
18,1f2d607e5cc04e790e3961a6432d7c15hn4qb,0,0.005402604125834187
18,6326299ca6a53277b2bcea07bd0b4ba8ktbqj,0,0.0018879004188167379
18,2234754e09ba15519d0104c405326fc4igk0s,0,0.004322406290664242
18,20f206d2656116bed8dd46d5b70dac81lbgfk,0,0.003074402548207965
18,f23ebc71f2d8d820db2bf0576ee7e148cxvkp,0,0.01952517642802834
18,29db827ba14938954c90cefe40d26fe1130kd,0,0.0036096571851597214
18,9372e27ce85a8c8b9460b87c37cf55ecqjjkd,0,0.05218831043787634
18,a8a81bb8a3a35572bd1f9922f5a31217pw41k,0,0.023363120231428634
18,2993e59bbbd7d14bf4bc21e4d2a4f8eeb18d2,0,0.010093473526334383
18,031da7aea2d4b75ac8ecba4825bc1318yki1d,0,0.0033906083872207
18,958de49cdd870198543313fcf574d7c4eutrl,0,0.11439376713392482
18,c67ecaf47f857f37f63ac0f4b9af3249wwdtz,0,0.002946867470852476
18,1689122c3b25d9e7adc626de84c10006fr2n5,0,0.00374679496457024
18,aa20f72aba9804a4922195f66a876688rugsd,0,0.006839159679448624
18,16e2e48cff6faab74e1f5c47669dfbbda7l5z,0,0.020996144440459583
18,aa1c013a1de168c611560ca2afe78111g8i6s,0,0.1545356261639915
18,ca9e2287e98a718e20a8ed117dfcd699gxsp8,0,0.0025375321285852786
18,5053e03863b6887308c8446cefeec429l94tg,0,0.6264690055009448
18,437c191e614776c1535305f602ea9033sdfmf,0,0.003059696628910693
18,52c441804b89bc20e4c8dd625bf163f27o2zb,0,0.027607730542501964
18,5e5d3410ca3605694b3c75b2274efd44c9vru,0,0.004529665138624219
18,8df5d645ed4040b857c121a4459b7976n5u3b,0,0.02844448117064515
18,a124589b3af5a212406c0306584a9554fazi4,0,0.0031349943398862397
18,c8cf68aa6abce25325dfdad4a98fd890ap57f,0,0.004833721020198684
18,9adae18220565488f77036be41cf71beiepqk,0,0.29282222248071255
18,e61c14d66cd5693d93cb0356d7f444ebinx9i,0,0.02085589050252386
18,6b531ceeec5892121e04dcc6f89b10a70yqoq,0,0.08583144695888073
18,f428427d7227ddcda377cd00f07749576c6b3,0,0.023363120231428634
18,cc064e3409a1825e3c4e5c814376f140qxu5l,0,0.002656375796391668
18,162886daa0054ff1ad422e0f18cddff3qofft,0,0.018035237345634187
18,19b39b852ed4abf1ba5b095829e25b946aed1,1,0.3818622764663935
18,4985bdbf8710c33fd7c9d4771db7c690mcbyr,0,0.0016866644275469133
18,6e8cd4699eedf0075cf5662e1fff3a857bycf,0,0.0020494956241269876
18,75339aea3f29d7d9a8d67ed3fe1c89c3owsq5,0,0.11196564821834033
18,403d9c0288bab462bae858dc8aff2f94ti9ma,0,0.0022594201473274383
18,b2968116361fd43589bde8eca72c5767o71qc,0,0.010053560736310873
18,cbe8d224a38ccff930674361b502e7beyuf1k,0,0.0029734228452019808
18,33895230e0b25b5d3133d502ef3ecabey84m6,0,0.19577119522326628
18,32d2ce86b00693f0c26314e3cce2438dvxbt3,0,0.15595783037723632
18,8b109c0aee5ed07fc996e73d28e65888o5jmc,0,0.058037381852301485
18,27ccc09ae923d1ca8ff7ab3242f279f7xuclq,0,0.005602890018433576
18,13c4c826516304555e291d3d91c108b3ytpmj,0,0.0025406550991275774
18,4cf9c56df4594860df56285e9293a7f7evfix,0,0.01500726089659111
18,55abcd1b00c6b5b54633fc7e98f0110bwoy3v,0,0.1924574399600108
18,6ebbb4e7c3fb4ba44a89bae997717924gm89u,0,0.003590238779213867
18,c46e21e01a3f4987e00109d1d5f48acb1q72y,0,0.0032087223646352237
18,e56f611f1157381f4b689ab34b574e791qhcn,1,0.9277625019082392
18,2dc309478d30d440e75c932b1f13a8fai2p2e,0,0.0042113115231234245
18,942563fa6695a4b2f76ab6ff3bd58030i75z7,0,0.02451505466868665
18,af33d5277890ef0b5f55fbbf400441c9hdehk,0,0.0031573106209835857
18,81392b54fee8e50ec74efb27cf0de8e32fdm5,0,0.0030472036577469824
18,1d4eaaacb6127c43c1c007331cac135bpib3m,0,0.003477530095386069
18,4694d67c21e9a2edd614e717aa3f4dd2e0w93,0,0.027607730542501964
18,b1863365ae232a316eb946ba56a29415m0gdz,1,0.6681056191067967
18,74a35c4376559c911fdb5e9cfb78c5e4btqew,1,0.027607730542501964
18,0f3ee77a46dd5a09ad20b7c3e54ec614sbpvb,1,0.020896529045438036
18,110d2e689da119388dcb6e235749b787ni298,0,0.0037842846439750714
18,cca4426ec6d64f3e73294d4d5bc9719beud37,0,0.0026548799115489845
18,7f3516b1bd7e5571ab964ba0affe9302brn6q,0,0.0034689974781433853
18,7a0b445f462d05606bf6ea07e2ab96ec1a4kx,0,0.004156810549389575
18,40f2eaf03624a31952397644f1b79a6fvtfjf,0,0.07768531805964349
18,53856dce9187b16f2cf5e4e58f5d0397h7tz6,0,0.023363120231428634
18,6c6c3559c5f656c71348f7cadf29bb12okgl1,0,0.0031207165952382068
18,583ce05b5add00d9e7e5dcefb3c436f26d7c2,0,0.004833721020198684
18,5c32e357936f8977277d9b23d8f09f34v41wt,0,0.0022376822253101585
18,43c76d050c9d2509d85c9dc2b1a1dba4zb3qt,0,0.012260487777700207
18,a116e727a3dc0b69f5e7ae14d0ab40d44breq,0,0.0033577452281057436
18,437ac1b8d08c3b328924aad097a3dcdey2m1k,0,0.02089874078628937
18,56b55e6ab49a4cbe7c76a2bbca804089pjq0g,0,0.009845465591529328
18,c65d2236a70982d628454d19472ce26eltxgf,0,0.004935489113638938
18,d381ce07afba12851a815cdf8858c1c7g2pfh,0,0.20630619916155504
18,74cf3a0c5e4f080415888bad2f7119499lh63,0,0.004074553839953086
18,d31f6cdaf4f8485190b4ea588f8c1733y6qu9,0,0.023363120231428634
18,bd7d5414174da6df4b018c21495e8a2cxiose,0,0.7944821807339485
18,81207d4ecf830fee924989f4fe1eaa7fntkmw,0,0.0027042930507402926
18,caa74df2086d71caf6c1b2b9c81d3d98xhpv9,0,0.011837355136825347
18,6b28baf315d41017844e15d645bb2c05ybt3b,0,0.028300301085437154
18,acaec0b9f72bf4ab4318f3244344589b3700a,0,0.0040394540288147315
18,6a3b1ee159716b743ddb8e07e499fadbhqn74,0,0.0026304386928467506
18,34e965deb822f329ecad42b94e8ba0ba3dpt0,0,0.03979727381854131
18,219c6102f604c8ff0ead5d23375bb127del0d,0,0.33332195250468344
18,dfa7ead5ef84eebc79c67d3daac340b0exa41,0,0.0029455548460238664
18,67a1b129ca241c51d0abb5484f8eb3fct8o5c,1,0.9278734727287402
18,949689cced5d86578e6c8b664ea76d6aq6zxg,0,0.02451505466868665
18,1a764d01d19a1408382ccace87e61c9fndlo9,0,0.02881498357328337
18,99a3bacd3eb66c909a02b85402ac38dfskz65,0,0.00205983689675723
18,ffaf0a972a6dcb3910fd6b16045781e2ava5y,0,0.0030314791551690015
18,90bb553b65144cafddc3f3d4a7783667a06ga,0,0.002911163607072683
18,4f7331589f84c6359bd693513bc9d7ddlitos,0,0.027607730542501964
18,6ca1de75674e78f9d3d63fd96fbe6e172t86c,0,0.004013668506417357
18,33ba799fab5e4145b54fac4234bb6e13up0tu,0,0.007000909895222865
18,79cdbe82ec79d0e60f1b113d9a5bc5b4ar8bk,0,0.002631333555131109
18,2f9ea407ba48ae05f98fdf634995d936xefau,0,0.621440223312263
18,9e9047df09026ed5a5a3a86403811159u5yja,0,0.0040597972460426415
18,77bc113594866d4902d6f867a456750c9vvmu,0,0.007223221156485988
18,d8a10762de6d62c087a0a8f0e61cf78bbgke6,0,0.027685927735726902
18,0e373556d3bf588a1bb2ca6354120cf2dmvjs,0,0.002945252253208035
18,b6a3aa8c0f2302fa35d7b809d9371deeypvyh,0,0.05561927107008166
18,abf6c2cd31be1630f5a7a1219935011c3rkqt,0,0.005776491088168763
18,c670e7fb466b09000f1053d2761752268bkfm,1,0.30976084923781605
18,25022fb30734c2e5044e031b0e9a4a9ct3354,0,0.014725872907168454
18,fdf0eb91ae1ecea1f6902676f47c32c454yzr,0,0.010183799841296241
18,bbf1dcd2f0100fa90e4a8544b90e35846p5y0,0,0.0036096571851597214
18,f416aeaaafcbb66aabb77347776db008qw96o,0,0.12644907549721415
18,177b031b4a77f28ff167b427ca967b52jetgo,0,0.021778248267365238
18,1a5d7993b43386f64fcf4b84e7b183a6ref21,0,0.017524731928305136
18,ff4e39c0be8af4b17a73dcb761e4bb6dmop0m,0,0.0028057878916926244
18,964028ac24d4ca16c4b63f64b06df1c8ltrrl,0,0.0009555050632668062
18,d927c987f8a4ba2dc4f38dadc0831100tt94p,0,0.002345821633177537
18,1870650d20a97db60ce4133bb9352b69h9phj,0,0.03173385090936395
18,2a73f10b3b8f2b825e220ba0a1d2c49f9nikz,0,0.008084262357453098
18,9d8a1ddb38499b3403a6a93395ef29bcrznni,0,0.0023329201154641877
18,fcda141af3b545332fc3b2d55a8bba74uw7s0,0,0.0037150955389738476
18,120c8b384858420c4e46e354c86f4ca393w0i,0,0.04573546931074599
18,43bd7fe0ed7629fa774a461127a629f19je0a,0,0.0017664112560279773
18,0a9d614009139236f198ddb4759a498cen5ix,0,0.003765768260967448
18,bd6adbe79fcb843aeb97546947af1236kbg7p,0,0.0035193601981829176
18,1b7c070ffb2c23c1d02ae5bc5d817d06qz4xb,0,0.004630320416877574
18,385325103b3eb54b0b974523fb7a13e02go5s,0,0.00402220482167874
18,b08034d2d4fa400b457d4a59a2482e8enfhqw,0,0.003466982644174654
18,3e602dff2e3bbe7a52236df2294c9e059fc2l,0,0.0024169010606283495
18,e5736d7f8082d7d7fee8430c0e2279bcdmt2a,0,0.027607730542501964
18,ad228143392ba96c21bf51499bac1c3b3kmzo,0,0.01154169406579684
18,18e751726fd7c407c41cb18c20da2c4er5z1r,0,0.00303192165250111
18,363ba0a2afea1b074fc1ed270c86050byprz1,0,0.0029734228452019808
18,3d575194dae5a2e2966abdf84d800a3bgbsd8,0,0.004484363256653072
18,53e2d855e008a5c2f79b4b848d467b86nofo3,0,0.15595783037723632
18,d81579750b388276f2d8f6d80384f499n13l6,0,0.00248303787363703
18,2baa5a9ec317cb21a11d83f6dc72a2d6xy9jb,0,0.005123464732514067
18,0381a69b7a061e9ace2798fd48f1f537mgq57,0,0.02451505466868665
19,6e4d22dbabcf2eaae5689c7d155e1c1fev15l,0,0.0008730573562362168
19,9c509838d129fcee98cb3934079ca36asla50,0,0.1397935345917902
19,99acffc3cd9bfcd00668dbf472a1979350mxk,0,0.023364355040582704
19,c748f0d69cc89d5812c9fe3a6413bbb26351l,0,0.0014264521707363813
19,322addd5687d99bf69306148e12f87dc5jbsh,0,0.009534847384464239
19,d6d3daba4bea632d7f5a4e2c5146f109dkd4m,0,0.03447881080073905
19,1476226300a93d22b15253ed7339429a7ijk0,0,0.07390681428070528
19,a1f4d216a1a92507d97166151d7c9fe37bei4,0,0.0006494152663365344
19,e1da7d96b83f16aa80cc254572cc154fcoudy,0,0.006488664573504148
19,d738b259ec6e6af625d1f41abcfd63e9e53tx,0,0.005778704162657618
19,4dd2a50e589cde2802c4bab143dea61ak517w,0,0.0009684790813288693
19,fb92fc925c5df50f4da7874a7542cf2210z1f,0,0.02822355505303139
19,91dcfc10da696a6d90966ff795751708er5fp,0,0.6176276510607113
19,927c5e145de79f9ee2ada0ddc054b4e9hc3qj,0,0.28231041550594216
19,59ae36080fae26bccbbc31a4505b6fb3v3zjy,0,0.04823343508352518
19,1cbd9081de4481ada66f1853737f7684ddjd1,1,0.966732459110099
19,96b90af2d3eea4d3b2bc725e1c92e212qu52g,1,0.8641239268842051
19,1ae57d217b27820cabf6e24b721bfb38s6ja0,0,0.04555966711991447
19,758bd601d6700494300ec1647682eb34vq1zp,0,0.004782399813816028
19,80e753fbea14f966b1fc6d1e194d4e66822ms,0,0.23568860217679266
19,d0231e5200b870c055db7e3daae24bc8lt7at,0,0.003724804975046107
19,bff9a98b73f2b9a01300d3fd3d55b16b1190o,0,0.00236362730680894
19,461dc3d03d1e28d52770a4d3dc7db34558fcg,0,0.00231699008201226
19,60b8145bcfed7a5f2a23b596a8aff99cdzn4m,0,0.009280338799223919
19,48117c1e2b56cfc8739f83683e01d9b2aoc66,0,0.003984756868716638
19,9baf61c813f1d4a09e3c70f6dc741f34voe3n,0,0.017678704075670175
19,15972a431aed117840dfce5556242366c3fwq,1,0.7858075706450977
19,36b84c776aea2e008180dbc72393ed750zsbr,0,0.01912751792799316
19,a9229b83f54a5f44a69e65b9b3aa7aa26qcon,0,0.003060694310093353
19,8d43ad48f315364be4d979d2e9d5ee67quqyi,0,0.008358167600616678
19,10383b390780e7b4b03dc32c94b4973f66wou,0,0.0025885729653778817
19,fae963b2adbefc663692d7feddb50d5dxz1hn,0,0.036445197052689206
19,17eeec8676ad56bfead1a9406277f41cnev3n,0,0.4784897629575576
19,8e2a43abb8fcd8ef9801c69fc04bfcb5kyc41,0,0.012319600554971201
19,85155ae64ccbde01b48fbf4b3f1b739exmqyu,0,0.002335882192642115
19,1053ead33eb1a5db7c36c979a455348abh9ns,0,0.001266998319959291
19,2515c5fd81638d5d0bca39a2b2be3995tante,0,0.15482033501065404
19,4955e2c318d0bdca797ce17794ba18fblhaau,0,0.03387312655377943
19,eaac863aaf84acb7529462118e7953c3oeky6,0,0.006111891866459871
19,5948bcd0f773286ff7d5cde332c7ae6918jt6,0,0.09106497538517931
19,3a5420301c0dacbc5675f6f09aac0143tuodl,0,0.2137132585798144
19,c76f30b8330b6d14fb872b30fcfd9d57phbsf,0,0.019144291286618653
19,666e1e141862a646afaa2b71fc7d2c25r1b4h,0,0.0016107576878111398
19,124727083cd4159b40ff8d4b36a89340l6fga,0,0.05986406388662405
19,50791a0a98478b7f78f8d30acaa4683dxab5p,0,0.04108080164474096
19,3d8cccb637b990ec64d662d66ec059cfn1p3p,0,0.0008175110507555066
19,b191c73f160bb9320dd3715bc3ffed26ymluh,0,0.00185733092780786
19,408f81a85f3b31f8cabedf6ccd381961pop72,0,0.0020840420809551206
19,e18e3d0fbfba81cedcae619dfa977875p10ta,0,0.003161053765373016
19,a9237defb0a6478098f242b27ebcef18qrotd,0,0.0027914208418224787
19,4376fc192e83a1a5d7a83085369916e8rr035,0,0.0027880451621706067
19,31a301c70e897bf36276031abdf07ab6cs6z0,0,0.05026178552541122
19,5850b68151cf0760e94acb39c4dfa02026k4u,0,0.00285904688728669
19,246c55639cf85c682d58cbd2ed6a6563vk2yn,0,0.025354759642330187
19,01349288df20199905e719f0ff7ee771nwryj,0,0.016499792129984817
19,179a23cad40c51dd7804069bf769d11e1ftk9,0,0.10855532737825994
19,d2138bce99f535c244dab68652ccfa2enshxk,0,0.005725323314406026
19,585b938fd44968d0d59fcac453cfb3b8p8nti,0,0.5486519365373242
19,e0824707d4a78230ae54209a920bc3e3pzdpp,0,0.008578200151432857
19,c08e5e3325e2f4fea171f24ca018e675we8kj,0,0.005725323314406026
19,f535b28ad58c83d35ba87fcd46624148zbh6l,0,0.0016432634380604276
19,3d94b376bae8dd60eea48ded36134a3962glw,0,0.0016953152060855958
19,d3c80e9f6b8e1d774679fd8dd5aae611e3qls,0,0.002160286856860283
19,10c1e1164e3f8298df9a35c891f67babiycsr,0,0.0015455046414216973
19,e03311c7620a8098b7a177a5f1ad213ernao3,0,0.0042058741281889665
19,5bbc8f66464ec2d962b0360d1d74bf67imj47,0,0.0021443209919935007
19,9ca41c3c062146a06d2682835f5136807yao2,0,0.001550448977061241
19,cffb5f3c1f4ca815d0f643fcb2f2f316beod4,0,0.14972078352733767
19,74f153bd134afc92866a6bc5cceb2088120y0,0,0.005725323314406026
19,2d82c3dc726d2bfa19c5f16ec3de5023lbse1,0,0.015007857576331976
19,6c55d253787acf5210f7d785546db80dqtleg,0,0.028025827746464838
19,cba6f45915ebbd4b5404c6d357153c0adeblt,0,0.042970063644222935
19,e1b1c514e1b87826fd045588f1f3881707cyy,0,0.0009571296530746715
19,f18d2ebbd5e48ef4f1ee412339d6ed7adr9qi,0,0.0012940620456791535
19,e0b6466f9f720e9d9a00d7c12b2e2c6d8xwxz,0,0.0006678999971193544
19,3106ad6371a3b740e2af90635a4ad966zeu1u,0,0.004441519748089008
19,0d0d43ac593a891ce100d8202d3d72c3xsma8,0,0.0033035648001987963
19,5c28b04424e96267711d5af2db62e022tp36c,0,0.04983961768209694
19,ca0331fc37db2b251a012376f7b987fcma2jw,0,0.7235151726951504
19,ae45f9b94d86f931c84c94f3975e3d7bkv2r0,0,0.05677293397767434
19,b2d3db61ddb119aa4e5f43e1bf72e349xr5tp,0,0.4105724316119271
19,3995d9ce0cebd62d77cb8add067d93e15oezc,0,0.003343546653899094
19,eefb0b863345336dce70312ff0f8faeb9qksv,0,0.002577581098204448
19,2906a20e0b4f7ce840d051c4be898b66do6wh,0,0.04023590218164536
19,bd8bd6cae40abb19b81b6b6a7775f63e5tk1s,0,0.011929095041695205
19,8b809e18804865ff2a2e799c9a5e8a48mtxdh,0,0.12253574602206145
19,5d02346d70f11cd61d9fb955846ee9bdp5o6k,0,0.0015175200378690985
19,313ede314e2e05c31471fd6a93f98af713jud,0,0.006983363951170219
19,8fe6da2176541d0ce24574dbb60f9107oq1kn,0,0.010554226262790874
19,5b45b150b6b683a98b5bc19c4214f44cvzru7,0,0.0027665346421800892
19,3835e3bbf9a17a33867860a9ba19621dp4wdc,0,0.007805246338650026
19,b46132a554a2a3b93efc5a9352036e6crl6sk,1,0.5870590287548967
19,573cf43253a18821e50dfae941ac287ceymgo,0,0.0065849510182775985
19,200b548999702c10f8f9fdbae9ce60622owzv,0,0.23211213962848345
19,e0e5719b5d763eb4e04c7f6e4e32884cmlpj7,0,0.027982794012635776
19,65d3cc1725c4506fe02be3e2b24435bbbd6qf,0,0.11244953743749952
19,45927dd51fb4301c459ab96d48f64752q0o9e,0,0.0017566324489891902
19,b7efeea5ff94a281635ca2f0f7e8b3ca4zykk,0,0.011214797637860435
19,c0d065cc8cb585f027143f2ebc6b49f01g1wr,0,0.0057240872382019
19,8322695c21cb27accf0fe269438bd78fn3x44,0,0.22758476465447808
19,2819b8b2295f272f33f8e76fd344ce6bywj1p,0,0.00200839617049664
19,8d8f705595701b921012777a281a553622300,0,0.0018483646962201385
19,be3bec53b42be118ef2a87fc40db7311k4as3,0,0.008799856091090115
19,9f793ee6e6df7f69b5a5acb4e13db0476b26x,0,0.05435105785204996
19,0853bead89b03dd38a04d84f4312da7dukglz,0,0.0037366344078963703
19,01067975436d123f717ee5aba0dd4bbfa0937,0,0.010125061281005546
19,953879d32e39e014cf8ce73daa2547cb2ke8t,0,0.008544714702700792
19,1b268ea4fe034638a92d683b94bcb330vee4w,0,0.0014816293710555861
19,34a7ce35b13775be4e20930ba2788a3ebu5n0,0,0.003072487380500228
19,272a9183c10d9e80eda8ccaf6682db71203nk,0,0.15731130537801688
19,6db047b1bdd342c09ecf9f5eecccaa4fy5l0q,0,0.1519276940163757
19,69b32dd82f265a04826106d17e2bac9ao9fu8,0,0.0022523210371433594
19,676ad0665c9bf74329ddc1f70ea48c16stnux,0,0.002136490341756612
19,47d1dbfb67706772f8a44f50e5656602z04rc,0,0.0031513266346286537
19,c6a49cf5944626b45425712f9e19e91d2nyh7,1,0.9864345849907059
19,fe4906ac4c8e2db5ed5a71e8a9d10080u6g7o,0,0.05435105785204996
19,055eb52087e0080b8ebca74be4f823f5c819l,0,0.04823343508352518
19,5aae3111e4fab04fa5067c740329a38d11361,0,0.003768330925796457
19,8ac7cc6a62b82e675465e89f67ab1f962ltgu,0,0.001621313896241731
19,5f7767924aa92a8f01b44a7e09f00a4dgqk8e,0,0.01045249871368427
19,46c0ae10d60c4fde2b6301bbafecd7b8dcla1,0,0.026195162027101312
19,cf4eb0f68d47e6d4b92befd0b8fff39a098cd,0,0.0023948203105966263
19,a9062f1d7c589bb01ee0b330ee8791fc702il,0,0.617470217702971
19,cc78aba7eb8293a1d70f083bd747fa1450906,0,0.05026178552541122
19,a283eb484c3245e5b12b18daccc075e9g9xk4,0,0.05435105785204996
19,6f7043cde57060a6766b551df5fa6fd9p3ojp,0,0.0028230767732448582
19,d2eca28cbe0a3dc69715d719c6958faaaqx95,0,0.02562837231772997
19,e2554dc14d54c3b7be85c59dbc1425f77qv4a,0,0.01912751792799316
19,84a773b3c9d300834d9d57af5dc83091y54cx,0,0.0015175200378690985
19,18b5e850a1c10e681cb5fae0704a699018x6f,0,0.01912751792799316
19,02030ec48b7179a7fd9950fdf546e3feekkye,0,0.0039290282643240654
19,fa6b4da229eb64b4d44e7d5ee2b027f1j1whx,0,0.10964352283141332
19,86151544b29ad273209ec4605c257b089z588,0,0.09313123491984819
19,46ceb58fb7a57d86a26cfa154c940a8cuktu7,0,0.7151167945938696
19,59fe751fb6c277016b7ebe3609aa1b15vhg7w,0,0.005725323314406026
19,0cbd01c9e8cc800aabd3b3e4c618f9caktfgp,0,0.41811350592008284
19,0c57d8eaa2708b768416ca91dd8daa2cqbl31,0,0.0031641233032586934
19,86a3a9861ed45158e964f9d004a224b3324cl,0,0.00868414874629855
19,f9ab998f3adb944a1cd1847a097fbc0bw61nf,0,0.001591142769957331
19,0c5992f18244e24d2d7b4708a512378729eev,0,0.0792144082471047
19,18bc9dbbed75b55f35ec4be1351b7aa86an68,0,0.0015808278478968909
19,25b58d1533e04571bbc674dab28973f8hha3w,0,0.0022438761369429155
19,dc9a7ebdb6fb8dd3267ac26dbe5a62b68e4vw,0,0.005725323314406026
19,147164a9fe8a6bce381a224e9f13207cc1mdg,0,0.03447881080073905
19,cb6ea552ab5b90e2d0572148426ca275d1zzj,0,0.00229492743360488
19,dc87cba6dc8717e219e9fa9edcd10ae4a2i86,0,0.0014264521707363813
19,4922d20e07d04601e8724be5e9f9576blyccu,0,0.22828916794982307
19,d13cd9e0a7b95c0a35f3456014865230qku5q,0,0.0016102252472927636
19,86e50263881b0d382b55777185eb648aagh1g,0,0.34822427395231575
19,2b044b4b7949b96e38084e59b5d1d328jib5o,0,0.08063019553570024
19,bc3b92a81586cb726cbf4d5b418fee41o20sj,0,0.0018879464140542186
19,14bcf558addd6e6f2818ab2bda7dc679jqoon,0,0.005450429068054499
19,5830a96593aff3e951919578f7374f09pqyc0,1,0.8419082144415304
19,0af208c4fc46ef9236052ff495016326zxoqf,0,0.0035327106370515284
19,9db7471a12cc3b8fa3cba86bc00abde2t2wz5,0,0.0029900954432767386
19,a6d6f3f5034886fc00a1245b439de13a66ha4,0,0.042673111818993206
19,1dab9ffc5c6bf06e86e0dd1b3cb9ebecn5pu6,0,0.008818771765359423
19,8251041848182e6468c8119905a177dekmshg,0,0.07463514905424998
19,61337802cac534b7e7711793039782d6f1yy9,0,0.013323159668197247
19,3e2e03a4464642627e223fba066182d1qslv5,0,0.0010760221928071264
19,7c08de9de285265b2c34970139331f9fnr9ad,0,0.10396027554786716
19,d9b611dab3b5116f761747fd3166ecec80icg,1,0.2852441317690243
19,213a7fb31eef8b38a23ad6b0bf2c7fd0dx3vk,0,0.0013446474410727736
19,497b8beb19a7f674bc53acf7f5c7ec8cxv68x,0,0.00215586880597085
19,511a640e38bf03022300f5503cceb2cd3f361,0,0.008233694824504548
19,bdbcdf6a935f4d1781a2d33bcc4967130bdqy,0,0.5996086890753339
19,5c2b3f221cdf303df86ff1ffd7106fcco6pml,0,0.19900047544594815
19,a2933e33896035761240ef5a62477779jf7ny,0,0.8545850808962764
19,43553dd8b9370fbba5efa6b652d9b43ezsj11,0,0.0025953413260078767
19,a15766d8d3d231f862996eb3ec33559735a3d,0,0.00235830331823584
19,a40808ec5bd9d0440585286f1658c3b1ag8dt,0,0.004366794500100554
19,2b5a7c969ae95b239583f09936560b85g574d,0,0.0015529776628123576
19,b34fe965c04012fd22123ed948257184pqvfg,1,0.5722900293690512
19,63e3851eb5e1ee98df1065b333f6cb81mlby6,0,0.020059520070418575
19,70c6727cc40fdc6f752b28102f31a38b883io,0,0.003270219617066141
19,c1624207d78346c3c58cd44f3d5472fcriae4,0,0.0018779725674580308
19,e6f73230e0fff1d9a6b1b8a6617002ea9owig,0,0.0019763871932987334
19,3105d663ef3dff7e483a46c56580a9f9kd7f8,0,0.036943179291614316
19,047558bebab9292a5d4c85d6ee768784j2hdd,0,0.007203964250401307
19,85499f83c5f1674c87d0fe77838c4da793u8y,0,0.03340297672687477
19,693085cbb28f505f03b025dac8681a3bvfot8,0,0.10911443554868407
19,3ee7de4c5a5e31b7b407827ae1370f70suenu,0,0.0011952617147202094
19,2635d404f4943f3dbee24aa16a2953c723iwd,0,0.005726263992105022
19,8215dac41ad35a074c93bfcfbc0f908chlo5n,0,0.0019658714640909953
19,a2bb8b3e3ae4566203eb5b3021b4d594pohf7,0,0.007840929450594494
19,a6414c637c6f1275e2c62c48fb238c5d5aw03,0,0.002246006586198131
19,6e848149cabc4434155aacb610fb20de6vq5b,1,0.23138324242830532
19,eb8f9ca4a23586f5acc770fff966f654dy7g0,0,0.04823343508352518
19,1afac423a94778ddf9b6c1dc0df7105cgp1tp,0,0.003766074089975964
19,f12120e467869d3d5dbf7c7d0566a8e7bmmhk,0,0.03324537716644981
19,497ef6187e03fd9d4387ac436461a40f982dq,0,0.0029281692713208243
19,93ab2dedd76c1859885cf724ebcd987c9ngfi,0,0.002546845365567482
19,1c950af57581698616bd9923cc94fef25n5wh,0,0.0016469573698074539
19,361c6da33ccd1c0df152fd932e6fb2a69i4ux,0,0.002845616421173534
19,4af5e2532224f9f7d1d039704573d9205jbkv,0,0.5881035708687207
19,c62a6956e93ac3b56b1292f2c2d85b1fyekav,0,0.005725323314406026
19,f3ad2931359bca59c36ce55ba82f9af8enbi8,0,0.002062571300614906
19,83aa7c2c8c018888d9ebc6daf63bddb6f2i0d,0,0.002463365940160188
19,44d34926c0863edb7575b819980e0e728pn5b,0,0.019109725387365935
19,85d020b5f3d99d1272efa0a0d34c56a5dtvxb,0,0.009931126383418325
19,ed4802c318a7e04a5703ed115fe4f3a3kkugq,0,0.012526976136716775
19,a48837ccd05bca96ddbf02c55ecccf639adk2,0,0.006643571628295433
19,470a0e402bb9cb4d48c2a450d2043e87flc2m,0,0.0029608895829126287
19,c1d14f4355b7d3ef80f02628e5ef1d56u2510,0,0.01912751792799316
19,86e698821a8aada613bfca1356d8cb7dopnv8,0,0.0021885241502504877
19,bf8de839c1a8b7994d19049667548e4ewchpm,0,0.005119783509952276
19,9fbfbd8a57e4d4b18338063ffa43f1bez92lt,0,0.004425843206394739
19,a06311ea45de34bf667b79a92d13c764i6aiy,0,0.1397935345917902
19,3919be53bf4bd411ba25acfdc1362b49u4vle,0,0.01912751792799316
19,e90e4701234b13b7a233a86967436806wqqw4,0,0.10411171654014005
19,0825d381aa09d1d0c47c77c372f07acbe02ky,0,0.01010400469081287
19,95af80db42edfce4e937550d60d79561punym,0,0.028025827746464838
19,8c33cf751b05ca6a9d886a379a84a2ees9jlu,1,0.2468476077994594
19,977436b0a445fa555d537fbf1d4bff2e4z40h,0,0.005725323314406026
19,a447127835855849fa2ee496d05e0847fgt68,0,0.5683975015035065
19,5ccc30558d4c218cbb4d36872fb82a03rjxgz,0,0.0016546407012804738
19,5dda8ade6b5d4065f3119a381516c227yoz8y,0,0.022234916507614822
19,c749a25f3a07304b959065d83bbfc5f75u1my,0,0.002107966126495109
19,5bd35d55d367d7a21d98bf6a19fc0dc1e5j9p,0,0.0018052995823469313
19,d43189c6eef7a763b2f8596228807dd89x9y9,0,0.0033195425808984877
19,d127576e329604b576df0a3248cdcda3279td,0,0.14040599833562203
19,43295f805d813e816fee438d9a394bc4o4of1,0,0.00166226268314404
19,121578435bf4136746cd2a80f1990e07cv1px,0,0.008791313247298132
19,6a31ec9cbfe23a9398e80403859f0402cg4ql,0,0.001588345652044545
19,e268d06507859d78894a8f6e11995f48zls7t,1,0.9794422905987231
19,8c3631460a4d25d2b21b1f92ebbad752a19ww,0,0.0027445157518471153
19,08c39ef7252995e0749f7927249b8dcb1d3xh,0,0.01912751792799316
19,3272e16da807a75a987e26b09bb2147by1mxe,1,0.9599963447411993
19,3893d2c62d59c232112efd332bc342dap8b4j,0,0.008787136250453059
19,2d73ed3974473a764859084d51334440k5q7s,0,0.0128617575320781
19,65996114740a63c9e0fde74bfb6725b1k9nuz,0,0.0018445158391251595
19,8a958e0092f6ca984107ea6c3975f806c59m2,0,0.002589402757525935
19,d79919e5ba11f26bce5e70f0a4f859e3e4q9y,0,0.9341092383331101
19,dbbf9d9b1d7fa110208f77a681008077plqng,0,0.0014671219916319311
19,12df4a9cf4eb203909e6763960b79238cb0yg,0,0.011586112101629064
19,9bd2d79f328a5afe815d5832e521aa9187q2j,0,0.6722293637615169
19,438e53670ffa2990cdef656700bb49bf684fz,0,0.0015742975090948335
19,9197b6590c6dceabd88ec93157fcc31fgb8a4,0,0.004210602334434495
19,fa64fdb8ad70e86efbfc31179e93e99egd27l,0,0.041443903847136324
19,900284c412387e0bb2dc2aa5ce42dbb9th70g,0,0.002333992430615546
19,4dd7f98cfffffd6f4707fd0deb4a00b5rj9wv,0,0.8905374372841593
19,8bc48bc2cd0ee494e55470a7ab0814c12riuf,0,0.07016517556916216
19,9df0031595e4105e4530ceee1a08faf319vvb,0,0.004192090947254648
19,4e22432d4a059b14d1d6a68a1feaa953k8vrb,0,0.0015780398430841002
19,233e09e861813cd087e8937f32a29bccs7b3l,0,0.0017502723181246971
19,4cd52ae88da3e30dbe01da5048151c98p4f0v,0,0.7095034564277604
19,0d9f78a6084bf15f42210bfeba95621255c89,0,0.0015802448740637976
19,92f8392be617527734a2f18482815af9ak8l3,0,0.0319161927413411
19,fa9cfea85e90bec313e512e9eeab2e869tvx8,0,0.5358943888295601
19,21114d057c297080f0f882420d2436b5mmukc,0,0.06808863248367443
19,e4433ef42008dcff761f12b9ade6fd31krdwv,0,0.0037396467727543645
19,461b089147eb78c582ca8a30fa7581a7mflo5,0,0.0059705812944254475
19,17c59325ec223c94dcb301a7451c39871vxq3,0,0.0019444047712805761
19,38d9e2e83f25229bd75bfcdc39d776baz5zu2,0,0.20730586606384477
19,6c0030ed696c4156b6ea3472374f6b54s4ih4,0,0.01141207920132651
19,5097b3a4011380b5d9447e1a7a20b1a556yzj,0,0.0060688844937429876
19,48badabcce6015d257ff5809761486c8qgjul,0,0.029031745392847252
19,e76154d73bb7d7b86d9bd48d167d3c679z0va,0,0.2874730948827194
19,f781d7cab96d95bcea507cdd43b24255pw0dv,0,0.8088699414555914
19,c349d767ddda78ed58a3c5769e780598ar3ei,0,0.028025827746464838
19,afb7618f9e3fd071d4ebedf396e1d45drta96,0,0.0017864470316633699
19,2eb8a353db13e68388f544daa2e28359oenbs,0,0.22415206153998368
19,308a5541e1206e126ef80f18cc29b7017520l,0,0.1152709129265103
19,c8a99985c7bf230f475a8e9be6a17d7a08r3x,0,0.0015175200378690985
19,0547dbd3ecb4a293913f138d60b586fdf4ane,0,0.9176469443830113
19,b6e52f37365cfeae9204a9f408b8c3a4idcs7,1,0.9128470389461509
19,c16a9bdd369ed3ec2891c46e64017560fbx69,0,0.002224453373311656
19,624ae2fe9394700eae7a35806e4bafaeq9cty,0,0.0047283038394924076
19,2e33b1ee8a9d4a5cc5f886ca455e8f86kxu5r,0,0.007738781046743649
19,ee45b2475e453e69ce712388959fe4acspmvk,0,0.0030450422869301445
19,46a28eaed47c29b4fd148a50cde44840u0bsn,1,0.8523535047597599
19,668d393e858e8126275433046bbd35c6tywop,0,0.41382340031787196
19,2366cd7cf3df530ef4fe40b36ffb936fyn3rh,0,0.007389010670789873
19,e783e5f6b818d18eda4065282022ac23jd1fw,0,0.009963929462510512
19,b17ce8bfbb565945ee9f289c2ddd8abbu1ndj,0,0.003210179948109238
19,2012c722a90bc47f1abbc8319d0cea51p7l5b,0,0.0018286842544403918
19,28a0d5539562290a1a2f63d5b7230db090ys3,0,0.22994866921205628
19,6d501ebf066c0331853f1bee9754e781obu7z,0,0.03447881080073905
19,aa3ac65055bb4b1660f4d8c1d2c187ecoqvn4,0,0.0026769475764578513
19,ee2caa714a2175abb13eb6ef15196368cwc7c,0,0.006301427027708526
19,e134f2bb79d1a810aada6a24760c8910mh5na,0,0.029117377160061426
19,8a7710ee3c886df8ca78c88120603cf6taql6,0,0.0019385737204559524
19,874402ea8b408a017756404006b12708d9s6u,0,0.0016061404071201
19,72b21fb7cd32b1a65bed8a12eb94a8b7qa7rl,0,0.03647531283743467
19,2271fe5b01f9b8f9d8409014ae4511524grmq,0,0.1116703529684874
19,0ae09b09369c76737cba059d192451001nwce,0,0.03447881080073905
19,817f8074bad1c717afaa8d1696f9b2b00muzw,0,0.0016825770717657541
19,c5c8a28a166913512f5bffa6a49788c5b0uaa,0,0.0029844710182785937
19,8b4bcc98fa4666b22c7a17c9a4b93ebenlmlb,0,0.0022194169746595277
19,20fcf71ad6fbd43f6f5fe493a6bc3ecfextqf,0,0.001495663348542616
19,936a335eab4643c3529968a4d9b0c380esi7q,0,0.002982587790882545
19,4483201dee43b51f338c0efd3b13bb895tric,0,0.001606703634257574
19,6affd6d2976aa7c48dac70612fc8e31ddo7j5,1,0.9231674484124749
19,16065749457a14b26998fefca503c3ecf9og8,0,0.004522780051161871
19,dfb23124fba16b7778f65c1c8d091f949jz0k,0,0.1397935345917902
19,e241b80fc1b431397ba6c70f2fb8ccb72wbra,0,0.004458067782488904
19,7b31d9d8b5e749cdd2c300cbcbb5f875kjlsz,1,0.8494557506686647
19,6faffebbde541edfccdb2725e430870cbkvo0,0,0.0935303500812454
19,5114111892d49b59415284dcf19ceebconhvq,0,0.02529775974296446
19,afdd5c7c912f9b6a88c0c2619d618124ycm44,0,0.01912751792799316
19,0eeffc5039b27a4dc2e420eca75b1fa55rv5q,0,0.004051413627156454
19,a8a2547a9153038fbb9fc66d2425d9a7efr68,0,0.00442761022097231
19,950aa0150f419cd6361bd3c500e6e695xfljo,0,0.0036412297312020682
19,f268f61e075419e5a001b86ee78557e2kmg14,0,0.002379953221630266
19,97db2350652f8d01237fc4c59a470eb81h9gs,0,0.009616002518498045
19,97268eb2ac171298eb03ecc6445d6879wk3pu,0,0.0014633279092317506
19,197e90906939267ace2422e78e8e83889znqp,0,0.049255337880200485
19,106f4ed8e9b727f8d94a1cd57e882a095pteo,0,0.001963280140599531
19,31c840378b5c2e4469fd2e7f5a1e5a7d92k7u,0,0.002991465443874015
19,874f882f7efff96263e9b555415aac36dsxry,0,0.0019737638010762985
19,6da536112251f09a006b0c5223f154d46en4j,0,0.0028493181282832755
19,e8581ec94cd4d5009ab6b36c6aca9f0cp3txb,0,0.017906124921608566
19,b0014101fe1b510ea150c149145dbced3q3md,0,0.001644525130818756
19,90fe8d6fc0bbe4ff2ca7833fe51bddbaaibof,0,0.11621286394237397
19,e12177ff9c1a8413996f7b1a590980c82ofeo,1,0.6516022194631974
19,cd8f738dfa2ea0554baa3dfc4465cdb8izun1,0,0.0023799531478603665
19,3ce8aa0207022698b6d0eef09c89b381jzqi1,0,0.014162265006208317
19,e8291466de91b0eb4e1515143c7f74dexy2yr,0,0.8921420507986616
19,aa75d58c3e1207618d47c72ffb19c872bolg8,0,0.02752448744852402
19,1ea558fc18eb1b3ed7759a3aed7662d3p77wq,0,0.06808863248367443
19,8ab98c1e6cbfb902af4e02050a886396a40bg,0,0.0015816910980927987
19,04c6b750b0552089c87ae03de72289cfcpfmh,0,0.0015912858319757836
19,460e932b11a1529d78246317757899ccfaxng,0,0.11628256990366889
19,25a4ee3a528004bcf4f4bf62b9208a7dx96pt,0,0.7726772708582645
19,6130cfe76ed3bd87c8f8dc6b2b2786dcp44xy,0,0.0019342288719730852
19,167b4f37a264b72feb0f559b650d1cbd3ox60,0,0.01635553045809134
19,23bdbb8575f191b71853bf78d09e11a1lhnfn,0,0.009253412572368076
19,2106dd7866abbfb4e7c68067d7eb9bebflq5d,0,0.8133375841876199
19,ec6d3fbd8408ba43891370d4ffe41eabhnwbs,0,0.006573579029730285
19,e59ca537cb8df3053bdd555bc987b4a7c7m4e,0,0.018268229355464526
19,78830493a121b8b6917d246ec73ccb4anwocl,0,0.7271620148422263
19,6bdb40330295fb3abd4647808c319d29pb29n,1,0.0036872588220958043
19,6f07ce71625a0c57aa5c0c05071cba164jmba,0,0.0031710166912470644
19,353d05bfefe1dd96d3335575ddadf310rgnrr,0,0.0015934364453729247
19,628156f3bce703aa6bd275089c6c692499h1q,0,0.07414006131233088
19,470727c18798cf0e0ecc2a0dca207cafuena7,0,0.01912751792799316
19,d110111b8700f290b5d03a0e243fe375r3woe,0,0.0018841336559142182
19,e5bde35da4abebe4fdb37a3c65124a57ff4vo,0,0.006530969483476572
19,37ea72c53cc50112ced4f88810f1b38euoz4r,0,0.0027553190584958358
19,44bc1c87245aac66d176620f6ac9611ddbcil,0,0.0016163830268965318
19,d588f4c51e67a340d1991a8130ee0b56hy0r0,0,0.004254656150622901
19,762046a235e00ec6521ba71aaa1450c28ijkz,0,0.6699448999670956
19,ae9e482a7f4a625a878c6ee0eb4dcd01dkm6d,0,0.0063263003427818255
19,cf06ff5f520b14d1f9f1cf5a7ff34982bj4md,0,0.001662394013533729
19,76c85d6bf559bc0323bbe1639d233e88nxy36,0,0.6270691313938997
19,17dbe14676cd3a3cb8a7edb438622f7fv2scv,0,0.015078061560476723
19,96dccfc370343f6871dc478d5b2fc3ffx95d3,0,0.023482926388122563
19,3b8320619393a6f6bf12219b61cda688k4w4e,0,0.0019447915412014092
19,c615c31c87260c0d85727deff6da6667lgg33,0,0.0031034524636953838
19,da00b16633eb706fb11d55868120cdd9so58j,0,0.10768079289338148
19,6e29de28296a57f039026ffc6df9145cxo2n0,0,0.508134573501292
19,120beb4523541f769a2b658cbc41dd57w7im7,0,0.002991185227792684
19,de717bfad3ccf44a93f39e7b43f3b227cuu5o,0,0.0016545104791421952
19,8254276e772450c5365707cde76efa4cwuzpd,0,0.01912751792799316
19,d2f0217aa734f025ec008d24d13eca10ntuhf,0,0.01912751792799316
19,170a58cf637c08f0818ebdbfddca29c9irkxj,0,0.0019712167570717387
19,6f6c9a1964fd4bbc082f2afdbf2d2af6ypdhn,0,0.00296853426879015
19,f5b2bbad20d1d7ded3ed960393bec0f40u6hn,0,0.016783579696476536
19,35f822bee4f85d98d5b1b23c65681974ywyuv,0,0.0024319089047075693
19,15b1e719796dc894ecde30f160e7ae20hrmmh,0,0.0488468332560569
19,e0fde4b9b7ec14e80de3c811ecae157f6kqd9,0,0.046698124513239396
19,77b342f0d8769898619a935e267eaad25rubb,0,0.002428886835484026
19,4de2f22ca840fce9ac653e4aa06d9b0cnhudf,0,0.007263641757421498
19,7ba17b1eb362ef91a99a6f021b3f2b63uyo76,0,0.0488468332560569
19,c36fad0b52a6be6ec32cc5530c0a2aednea6k,0,0.08568394579861577
19,20d31f20169e8612fe13818891f88a83r66gm,0,0.027982794012635776
19,f4d69870de1e803fe00f8126e73a7e33zwcds,0,0.08635395350084668
19,a58ace8b671a7531c88814bc86b2a34cf0crb,0,0.03970807110184987
19,4c46b1ea933d574a985776ed356312505nagr,0,0.016730182746870357
19,f29896e71c8077db28617a03c0f14e7570emg,0,0.0030731918895259207
19,054b51d059fe981ca8cc4e0d4c49aabb5mck7,0,0.18365819783745005
19,780566278695c3771f81afc605abdffa4143q,0,0.001629220099109874
19,f1e57f96a91c185a7ea716c2481cabecpi3ia,0,0.0024850239895705985
19,920540ac4168ed08a1e297395a68d718gsqdn,0,0.015639990339333783
19,ef65488c949595d7885525ccfab9100c6cmqb,0,0.2925227473521983
19,7505bfc1ca67a5ae14e329b46a88ab869ms9g,1,0.32263807750178997
19,2d38a6af2ce96c1446f900aa4756b8975y9k3,0,0.0003720021087693628
19,e49dfe2adbc4b3789f67bc044c231473clc4d,0,0.0013647557009438846
19,b4495464d4503ccb8e696994059983c89g4lc,0,0.001697090180834359
19,bb4af76ec92ce75e8abe9a6a481d4314jyo16,0,0.03447881080073905
19,4566ae63ee93ffc6b000b5cbea7f6a8ehbg00,0,0.0011121616620251976
19,b217ca4cdea62a3977481e398d2cc9bd4sxht,0,0.0015871934539836278
19,b1c9bacacf1f33a8fe48d1a4ae4c761bcltiv,0,0.019604133868663526
19,08a588ebf7b98f44f8fc695d02adfa25x0amy,0,0.0009905754907950678
19,f7b25abd850df9b0e0b305c6810e1ec3qbtaf,0,0.0037816213274901585
19,1899fd76b484b9275854787a6b003b8a93js0,0,0.010684844779865121
19,537f38e5fcf2656968e0a1752dd494ba8z1jc,0,0.001650089329695153
19,d154075c75cbb3f4b716a16c88eedd774i8s0,0,0.008260437230042756
19,fdd6944b3c3caaa7d1234ecfc11f8d080h90x,0,0.004848872559228574
19,222d3e39d4a292d79aeef4c04e52aaf24mgkb,0,0.012532860756851049
19,741b9948c8cf42d658676e5a46757815zstr4,0,0.002644867173494706
19,5db8eed67a7b648d1f2173b665b79de2vwdlu,0,0.03447881080073905
19,9f52fd88ba073512be19e3d24d4bb6f91l531,0,0.031879976787339344
19,12fefd74d82d90541872847f199f6324cowi5,0,0.002680075940421367
19,ba258a455ca17f2c13cab3d0afc7de0b48h0t,0,0.0021725563126536885
19,6c11cc7744fb52a632306ca8bf966cd1e4zxx,1,0.24177018205206482
19,ba6811273d4f63d9a31937b71b0a22dforovn,0,0.23190278233540165
19,9f2086ccb71acd84652f861517d4dff9du4y4,0,0.0042683938066857986
19,11d5f6925da5809e2d447788b85d6253jj8fu,0,0.19657516488251173
19,f0c034c46dfb78d2e9e67fd4fa1688fa6mv8k,0,0.0017130930463498876
19,4070f6ad5da385ba11cc99183817eb20h69v1,0,0.0023072315031696642
19,84a769adc98498f52debfe57b93a0789556f4,0,0.0183071278197517
20,4ab12bc61c82ddd9c2d65e60555808acqgos1,0,0.0767372915232978
20,d1be739798ba0745a1fd72ac918a9f1929hei,0,0.0016665181320807498
20,1b26a52e1e5980c8487bb35cf5027fdfwfnzp,0,0.0014123891949012642
20,c0549e76b179912d52a28c3eb9b29376yaxvu,0,0.0015083371977855785
20,38e919293f5dbd62d87ce288e41aae2a281m2,0,0.027820937974210824
20,99acffc3cd9bfcd00668dbf472a1979350mxk,0,0.012186346742028502
20,eaaae0fb54c7d36724a9679c3128d5a7gn4k5,0,0.2793248860434466
20,d36857d18a397e7e24d05dcbef3b919ftjstv,0,0.04164554607704431
20,c62bac5be6489bc0e0a7834a11167171c8ww3,0,0.007639034233357737
20,608d9b68afb12c6c27da6c6565ffe8297wvco,0,0.006676272137945673
20,5f50c6187a179e2ee7ba2fbcfc845c7a1smgr,0,0.004618986734414905
20,e1da7d96b83f16aa80cc254572cc154fcoudy,0,0.003972429668155747
20,e97becf0d4632035ad4cd5e65c827d6f0xawy,0,0.0016384779715598802
20,848d3eaa622b26fe57d352eedd9649f4v6obv,0,0.0037376332321000672
20,68d468e15e0de0bab9694cdca8e799eb2j8kn,1,0.9905098722347456
20,64a39f766b2e9d9471b104f0d0289740a9kdq,0,0.0017328386499532442
20,e3ccc9bd16fa1f4a92fe87b4a54e5e72uficw,0,0.3468326560953616
20,481fdbc92e77bba4c9611841a7d74071elwx6,0,0.0019659279003378595
20,4dd2a50e589cde2802c4bab143dea61ak517w,0,0.002257735780351563
20,fb92fc925c5df50f4da7874a7542cf2210z1f,0,0.004140490459962335
20,bd586db332285f3c45814fbb8f638d79d26u7,0,0.002224628896229461
20,e78cb9678684d649453cd5e1e46baf462lq87,0,0.016211551975649666
20,02bde521e763e4f4e590e8368149e04a96il9,0,0.004618986734414905
20,87aa94042390f9267d3b7d90e42b022ek5mbu,0,0.002040930752153809
20,1e342381f2c64318a51a9b71d91897f8dv9ul,0,0.42011937928013277
20,9df0b0e5ca66460495931376045feb5fu4y7b,0,0.016211551975649666
20,827da66b68b225547050c11df16f845618ptk,0,0.0015422513033236096
20,ff58ffde976a4899dcd89597a7877e18lntgz,0,0.03980314011412003
20,0e66933c924764a59760aaae5368e7d1e0s88,0,0.0016732291077995861
20,6086425310e05e77a53317490e8c1f3cxzf2r,0,0.1661564593988234
20,9baf61c813f1d4a09e3c70f6dc741f34voe3n,0,0.0021679992828490795
20,024cf43497fd7381df6254888670f84bwbbam,0,0.00708526727218727
20,68f092336430866db606f137c57c87e0hw7aq,0,0.022693362885082714
20,7264bde42ef4fe3fa19cc7c6d64696cf7pqtd,0,0.05525483568459336
20,10383b390780e7b4b03dc32c94b4973f66wou,0,0.0016218634325200678
20,fae963b2adbefc663692d7feddb50d5dxz1hn,0,0.014272245925162361
20,6cd1bd77bbf2af6a2c6e535192af628by3h22,0,0.010109716453491213
20,090c77ac89c7063f0d0ce064ce3cb3afllf5h,0,0.016211551975649666
20,01c5692d487454cdbe731df330bef608f48zz,0,0.00906233659787572
20,8126928a319468b6da5edce4097d2398xwita,0,0.0024155684573033227
20,f80075873f7183a03b1b10ac3f740032v6w99,0,0.019270777121766027
20,e613acb1029ecafd9792c9f75d468e4bmm9zn,0,0.002790656091047544
20,cf22da37578048d2e51eca1e544c693cke5t3,0,0.08398042510917966
20,f63ed13362ce1c80970ba28a095c2bc5kfgmr,0,0.0032603760390479473
20,c48fd9c589f273945bad5f0cea5993ba2fet4,0,0.5220437191664543
20,27809fd62bebc89be450f9dcbdd25ed8il6z2,0,0.007177565296075876
20,8ec8add138ed551bd5a9175eae0cb972ie0pk,0,0.005745542322918244
20,e561facfea467ea124df0111e041287ctvgwn,0,0.009385551883219913
20,88103add66b7113729a9ca82540684c9il94h,0,0.026703884027791804
20,cd856579a7c4850b60d8763520339449x0mqg,0,0.002663012651382275
20,024937af9ea18a2b57e4f08762d181f7s8a3z,0,0.016211551975649666
20,9e72fb21f7581cfff84e833d02538e5ar35kr,0,0.0013361312255622175
20,ea57e35acda9a8f8b75f4d9bc049f74d7qx3t,0,0.009475740878358882
20,ead2ec4563ba25a9e9d417f1964b7504teqtp,0,0.1691907619779534
20,b719671479e7d75b1ba5a5617c95ccad4dkvm,0,0.016211551975649666
20,4376fc192e83a1a5d7a83085369916e8rr035,0,0.001747106642964574
20,28aa6c505e308e49e586e25e1897ed2axjiy0,0,0.0018419580591479791
20,5a2aa4e8c227de4db26547fdc1f017cbxb62j,0,0.0018359356634804578
20,5850b68151cf0760e94acb39c4dfa02026k4u,0,0.00166936777164279
20,037d9f10da403d8d5f94b6e2957a3702f6x07,0,0.6666583418728842
20,17c87408ee1009887112745797caeb7fwvqfc,0,0.003484476109449971
20,76218e14c379c12d599dae9e1c00b61a3i5b2,0,0.05343155063120907
20,c08e5e3325e2f4fea171f24ca018e675we8kj,0,0.004618986734414905
20,d2ebe13374f25a12865d50c17af1dad7yspzq,0,0.0016161013620932803
20,e959a3ae64e28a7d3b37934c0d826867o3sp6,0,0.001766771294935755
20,f535b28ad58c83d35ba87fcd46624148zbh6l,0,0.006977687204367704
20,cf456f3c8c409ec4060142acfdabb5bbqpx7q,0,0.004157895796441014
20,76a8a9566e21595a1ac06cc0050626c1q7a83,0,0.0018543226747859912
20,26190fcf0babdbe0b0d903f325c52873tpj7e,0,0.02919701293831473
20,a6bf74b19fcb2687ce345930c4c16d4e2txda,0,0.027047485621687285
20,c2d1b8c1b7a9c8010f5b215e8aadb1d7gahpp,0,0.018053292583745866
20,dfa45994c8471762d04deb23c6450598byp8y,0,0.01404210305847903
20,055282b75717345ba6f53d40e9e6d6c56qrzp,0,0.0050339906370692085
20,d3c80e9f6b8e1d774679fd8dd5aae611e3qls,0,0.001801979178547933
20,1b0534afb7c02bb023bd4767ae73f17dqzqdu,0,0.3017396300917788
20,300bb4c9816a7064b106c9c6cec2f51ei13n5,0,0.005793463197554785
20,a0660fe8a46b9cb6b02e7b0c50eef6a905vt6,1,0.2854013006395325
20,5bbc8f66464ec2d962b0360d1d74bf67imj47,0,0.001473076654726269
20,44c75302aa4404e23781f8337cddf6ed5tqun,0,0.009268821214683396
20,7f86c3c417ae1db5bea10bf9d0a7827ct3ni4,0,0.4582413864324654
20,c18cfb38fe1c4c01705391422177265cn9w5x,0,0.012750785751480517
20,6c55d253787acf5210f7d785546db80dqtleg,0,0.0074631190001091755
20,cba6f45915ebbd4b5404c6d357153c0adeblt,0,0.054767160781097446
20,4a2d5b70f0fcec3ad9d8ac4b447efd6f3vs9c,0,0.015544680523392479
20,786fd201d9c952bc3453d4b3a6fa64046d8wb,0,0.0034464917849374587
20,45cfe8744884eb207048e3cbee31ec56hd9lm,0,0.0016218634325200678
20,65659f3fbf6207c570c4bb8ac64772e9umh95,0,0.0074631190001091755
20,5c28b04424e96267711d5af2db62e022tp36c,0,0.019511364570038513
20,9819825acfa7e20c47a78bda5e76b195jh0gd,0,0.03060477267463658
20,9c0cbc0fd8a6c22ae3648801ade080fek6i13,0,0.12062950829230576
20,b2d3db61ddb119aa4e5f43e1bf72e349xr5tp,0,0.19593029067970777
20,2e1eb5b56591662fd7ecd7b39621bbcfgd1ks,0,0.009177928307986501
20,eefb0b863345336dce70312ff0f8faeb9qksv,0,0.001991763547294505
20,67083f257438b1b79cb09cfa601890855of77,0,0.0017200004648869971
20,01255c2c7c5578c186873422fc00fd7afwk8k,0,0.0031761005558631123
20,9ab3bca29dbc32070cd7f729ea55639a350tu,0,0.0015730291186628652
20,2a5726bd00709641cc54a8ab5422cde3uchoe,0,0.00873895842691716
20,c6f07c222aa3a9d35b0e01f8959ffd21oownr,0,0.0020101580772366365
20,200b548999702c10f8f9fdbae9ce60622owzv,0,0.5679696662282546
20,fbca8e44d824faa1fa6b99325758ff19vi94a,0,0.0074631190001091755
20,651402deb28af3e3d1ab9a6b88314b591uuaz,0,0.0016850166951337753
20,7d72bde2e297ee81296adb4fd56e8800p7lbe,0,0.009268821214683396
20,9774dc752f855f07b9c00eb7018b607c0ymxo,0,0.0015739814863852924
20,c0d065cc8cb585f027143f2ebc6b49f01g1wr,0,0.0056128611074919175
20,1bbfbd968c065ff5dabeffe311bc3ddeezbof,0,0.05645815106712235
20,a664b6b42fd48403fbd34800063fa50bz6k4m,1,0.9365722920053722
20,4703c8940eaa3f3bf5082ec2f155a8619i1yw,0,0.03325035926735852
20,8f6f7baf33fe2a5206ed3ca88446a99bmq453,0,0.02303846168631836
20,ce22684df495e376e32ac95d3ceb1164t37l2,0,0.008261142327223475
20,9393cc68d0357d7b200a94fdf93ee3cf7xg5l,0,0.0020156791089098406
20,45c3a73b88760d4390f42ea4fae97d84la5wh,0,0.0015918512459718796
20,0e8212e286ee36da8945c2480e366417xa22x,0,0.0018388986114081527
20,b725a638efd8d51f66ae2f22ce1df678p9es7,0,0.12105346918180555
20,37ca0d0ded383d709676a4f9729ef39cpjfh4,0,0.001713193538772832
20,b4550ab1da3a3ed6e4a206c9ef78d496q23hb,0,0.1765313570111624
20,e9c8ee7f783723fe8496dd35232d88f2or1r1,0,0.21439231272354992
20,1e0b1a6ea8d307cb61e221723534c4dclf9w1,0,0.02079041339734288
20,34a7ce35b13775be4e20930ba2788a3ebu5n0,0,0.002092338581559429
20,272a9183c10d9e80eda8ccaf6682db71203nk,0,0.009994898393250368
20,6db047b1bdd342c09ecf9f5eecccaa4fy5l0q,0,0.27869932082768517
20,163097c029285c7eefa2d60e474d65b4ap2l0,0,0.002092378999032406
20,8783939eb63e5eb4e5cd412d8480f3955ipxu,0,0.0006532515701506249
20,f35082c6d72f1f1be3dd23f949db1f577t6wd,1,0.00961757613118721
20,b9743f78108aefe3995e1c2291b5f3278cgpk,0,0.003190656922025096
20,4073de52fb5c46376dc3cac6b2f2cecdxyqjg,0,0.0016850166951337753
20,47d1dbfb67706772f8a44f50e5656602z04rc,0,0.003134578983849579
20,1dead8a9cc54fdcf7a7c16dc6e06a3bbusgcu,0,0.0035941536682586248
20,d4d4b36ea722e5b939e51e34953004c4t671f,0,0.0021662874104643485
20,aba1120a5b13cf72c1d52c0dac8aafc67nmoh,0,0.0026874906810485837
20,2db8669a6d21a5c8197d4287ea32b7883gv5r,0,0.0015791615734019374
20,8ac7cc6a62b82e675465e89f67ab1f962ltgu,0,0.0014913708767337512
20,452619e019e5651a8d98e3d59a478b7fez5e0,0,0.0018791549278049523
20,5f7767924aa92a8f01b44a7e09f00a4dgqk8e,0,0.005040938296558834
20,420e7aebb49d7ab3c04e109a98e152d7kquiz,0,0.0017028846054361606
20,f8c42ccd10c3fe515e53082f0cde9a18oxgws,0,0.2484219867776097
20,1717f6d4c48ae8d3e5f2566d4bb525f854j6d,0,0.0029033684631196736
20,284cd72e028fe176f935114521ee998c5jsko,0,0.002360768115961786
20,655b88e646b94d0adb9e15e9f3b9c9a4lvcrz,0,0.0222266743443834
20,f334d76f60cae7c67ab04b9e5cc49907hqsc4,0,0.009385551883219913
20,03a1e81cb7bcd15014489a6f752c9d5b7pvel,0,0.0031325232110422296
20,33189c09ca7067834fd25a54920f82d4nd7a4,1,0.9894640550806146
20,d38b2db568fb71174bf883554bea939ccts4m,0,0.0016048268915674034
20,183c4e44d09bc4ab990b957e765af311vlup7,0,0.0017978413797742814
20,86151544b29ad273209ec4605c257b089z588,0,0.057188671505228314
20,612d24dde60a1b42873ab7b50944c6dad3dcb,0,0.010333600054368085
20,c7ce5ac2fe5f03458fab59c78b19bf7c9wzf7,0,0.00886709930224442
20,efdf59a8ca81c5d3744f9121ac8fd2c7coy3g,0,0.0017741816646474843
20,e429d13bc2c7acc82d8d68fa020546c38v82z,0,0.0019071295201673762
20,90eb8151eb82441b084d04893151619837abp,0,0.00523380420944076
20,e0df56a5ea8094d070b0130d7178a996noolv,0,0.0024210704045802777
20,8d49c8e70bf96a255baf30acc76a3f59b394w,0,0.006262072860035621
20,dc87cba6dc8717e219e9fa9edcd10ae4a2i86,0,0.0020101580772366365
20,0a7446b63f183a4928ae762ed6cd1c4b894qz,0,0.0013283913334608966
20,c89ad997f646e388fe375d7fe33a3727dzrh0,0,0.03546602514265537
20,b1c2e7ee5c69722df6233541ad5e784eutiv2,0,0.015556815698674915
20,14bcf558addd6e6f2818ab2bda7dc679jqoon,0,0.002257286151672014
20,0af208c4fc46ef9236052ff495016326zxoqf,0,0.0035944097864464234
20,9b733fcc97535e27037c231858a711adyzvqf,0,0.0017821087930477567
20,1dab9ffc5c6bf06e86e0dd1b3cb9ebecn5pu6,0,0.032642502017775916
20,8251041848182e6468c8119905a177dekmshg,0,0.005299241555985333
20,260568e07963ce8351f3313bd7b9b0e2vonva,0,0.007411840455576075
20,c4d42d0beefe49d6157c546a2504f4db86hvd,0,0.04433056992863575
20,f019bd7ec140624144c4a9b40c42bec9jok79,0,0.007858203211357448
20,213a7fb31eef8b38a23ad6b0bf2c7fd0dx3vk,0,0.0025540659322615205
20,669c6a0e8aabbf0647e8ee6e150c47b18a4pu,1,0.281592702458718
20,2fe472c1be232dca314d4bdf0fa95165rjv69,0,0.06475188230755302
20,bdbcdf6a935f4d1781a2d33bcc4967130bdqy,0,0.3982926541396322
20,9a12aa1aa3560062c6f84bd374eb5f7f422vq,0,0.0023916055835609693
20,d2fe98eb0fa21252956184a98138c58dwp1ah,0,0.001833055580175145
20,ef89b74b58c49c1a321d3d7ce061d151k51xm,0,0.07361917148339762
20,a40808ec5bd9d0440585286f1658c3b1ag8dt,0,0.004081471260129424
20,5dd3494b46f39f8c8783c25527b64dd8hp8ti,0,0.006784529625495641
20,5d5816d216122786933fb74c459f35fc0vnac,0,0.002848628310633544
20,613fe9b896ce3801e40212b3c8a8053c1e8nj,0,0.007070382485467128
20,63e3851eb5e1ee98df1065b333f6cb81mlby6,0,0.019598996493149622
20,72dbc4a9f579a9444c126a0a67118783092ec,0,0.0017527632432570862
20,23f9a0e1492c4abf375823266ddbe36bzukj3,0,0.0016953358133898336
20,8af01eeb860c2e6b1512377f28953110ml638,0,0.02361877760784426
20,70c6727cc40fdc6f752b28102f31a38b883io,0,0.005224558014946111
20,dd76fa7a75bd0e1921f71d255a8e0853l4lbi,0,0.0021679992828490795
20,a0aeb6de8a21a5b776f63530ed753fdb34k7y,0,0.009784697571321053
20,693085cbb28f505f03b025dac8681a3bvfot8,0,0.042453090517334105
20,309f446bdb138faeb18072285ccd9901gz80c,0,0.12829980441188973
20,b9d861ce6162179a4b008b63e7fae80fjoywx,0,0.006676272137945673
20,eec2ea9d9b292a343f8ee566ba252baapagwb,0,0.001812364862768642
20,95efb775460080c0da57e154f27876d75xnsx,0,0.0018773056651088984
20,d092609f5140c62ec64ddd7615c25792qgdrd,0,0.0024236592893435976
20,3550d62e04bd3a1239eedbc29d9c970279b1v,0,0.002661983517309335
20,1afac423a94778ddf9b6c1dc0df7105cgp1tp,0,0.001757907984462174
20,c9a97c18992adb02e6c2e6a8f9cc1daa1di5k,0,0.0021189160715462917
20,c2f592fbdc8980229367e1db4d0f7a51my54g,0,0.0650290378847166
20,01cda526658455000913950f20cf31a2q6nsf,0,0.002587563776549219
20,50a4bfbac8a9653af4099ec1169f684c2nsgu,0,0.3786555518175059
20,3ded667003605eb856ed1aa2b82c1732gtma1,0,0.0025223523167648546
20,f5edfebe95b4f637d1bcceb892b73dc7rhn7l,0,0.03390879889699263
20,28b4c35bd90c81ca959da328806469d493mvj,0,0.0074631190001091755
20,4af5e2532224f9f7d1d039704573d9205jbkv,0,0.7146896405654052
20,292dedb5371b8e0ebbeea57f14b35713e2ie2,0,0.0024708712980007516
20,4992da4511c3c1b4efed3e16c7d8dec65ilfj,0,0.004509255306439701
20,fdad47d27b793b74470086c35333d4fepycsl,0,0.0022400984413524995
20,f3ad2931359bca59c36ce55ba82f9af8enbi8,0,0.0026440265848975916
20,bcbd5c95680cab78cf904fb936dd03f86g19z,0,0.006426474992739296
20,764234598477e02cbf8a43983fd43850l1c8f,0,0.0016972369849194147
20,1214fbf35079e7afc0a35645f8be8b218fd5o,0,0.004618986734414905
20,85d020b5f3d99d1272efa0a0d34c56a5dtvxb,0,0.005600300938282417
20,098bfc9c440f9ba9e6371f774ec6a36fa0sq6,0,0.001625417212416716
20,c6453f296ce36005d7e7e67e159e1b7cdbmus,0,0.012750785751480517
20,b853c1e4d6a4657d35705772ca6cfdc3qtox5,0,0.016211551975649666
20,a48837ccd05bca96ddbf02c55ecccf639adk2,0,0.0022179512336615434
20,b1e106943db37b1d002bcbe06b264b8bahuy0,0,0.0015583968423731535
20,f9378eb3e522beef7e6a4e1f275bbe0eaboro,0,0.004618986734414905
20,c5120d10a23eb0c10d56a19fecbf9da85t4ow,0,0.0021083183968460214
20,465c4f2ad08cc1e5f7a5e1e3ac75654ealh0g,0,0.002106644804884934
20,9ae9782ecff93ddf1c6fa13d711b9fe1gc266,0,0.020722183964290878
20,1530008a712831e35a673d38959528f4ozipv,0,0.002663012651382275
20,86a626c876e7eb4be35f4f0b0a78f97a1rn7h,0,0.0018185122507651738
20,f0fd9f1b3fc9ff10c2642b3bf81946e2rsq48,0,0.002472858991518426
20,ab3e02a6b47b250b738fdb010dc84cd7lrr07,0,0.002714850253606067
20,5ddf9ae899e629acf3e78141a9712a05a4feq,0,0.6781078933446313
20,18076726ec814a6f56da2cb9ea89d105j8vpm,0,0.002307114373203158
20,a7c263f3fe4f19ff677e5cb475f7e5a3gdom3,0,0.0021982599663776326
20,ba266f4898bf572447ad65856b362595yjt2a,0,0.005999918251293233
20,2daa71f0d138b8c2d61583d3b98a25e1mjp9c,0,0.0015279262274601765
20,c900620a019e78a3eee44109e4d1e1d2xd2gj,0,0.0015279262274601765
20,2b429b9235bab2877cd93ac6d9fbc2d7tzwre,0,0.22522307846375944
20,5b0665172160ea4015e79dfbcfa7ed86oe0mc,0,0.03994749975518609
20,69d8fbf99586bfaac64d31f82b9bee27wltkd,0,0.21583905973532985
20,5324221d38a79636bc4560cbcf2d75c4gimrm,0,0.0037602245379613087
20,510f33a3c0a290a0e43d2576d928a4abxieo3,0,0.012750785751480517
20,6362c8d61774cfcb6ada7cea1be63678hxkfz,1,0.7967631818151585
20,95af80db42edfce4e937550d60d79561punym,0,0.0074631190001091755
20,3694aa599f836a57b671ee0814b071775i1nf,0,0.46696599220169666
20,5ccc30558d4c218cbb4d36872fb82a03rjxgz,0,0.0016520744371117404
20,3318a824cfbd3d3d177ab7e9520b21cbsrcgr,0,0.0016191091787944316
20,03aafab9868455b78f0723eda86698ba9v9rm,0,0.7057163105142614
20,ae0dc05e48d0f1e3ad33f37b4400bd069jktv,0,0.011001683868148777
20,591ef8d73236d150c32716359a61ff2auk6y6,0,0.00188838844769553
20,989e8e68621a43af5a8d061aa91bd9bfshy7d,0,0.0074631190001091755
20,c58ffa073b3b3deb4e993ee5dd05347cmvfur,0,0.0015464264845409333
20,e8f3ce0b2d0849968400b63b992cc606psoij,0,0.0026227164620599465
20,fd5cef3fe1217c6591500c715d71717anczcq,0,0.0016439350229544658
20,afb1d898d15663a9477870391cf39b697gso2,0,0.0015790157752806453
20,8a4fc219f01e1fe6d4328b0a47fc54905iv05,1,0.03883735992285835
20,3e995d6f9dda5f29c02af4c9fcb94bac0csrw,0,0.012410709682526017
20,9349befb45c4869b68e82a1944f4f01377cpz,0,0.0074631190001091755
20,d79919e5ba11f26bce5e70f0a4f859e3e4q9y,0,0.9867422141892773
20,900284c412387e0bb2dc2aa5ce42dbb9th70g,0,0.0020082857602420727
20,8bc48bc2cd0ee494e55470a7ab0814c12riuf,0,0.009385551883219913
20,c6fcf1f7b824c864d492c4cd676cd702owsuv,0,0.002679966470352419
20,7188dec1b560385b0826f78e7608fdfeai9fm,0,0.667498001643
20,24029e6b641077ab7b9a1fde11a42666pkz6z,0,0.1997800990270069
20,ca5d4f0a3ea342fdc45c3325e5311049e2uis,0,0.008261142327223475
20,68d0de6b2b019e4f93fe89ef3c9d3e21zajj9,0,0.016612356266501264
20,e0984156959c3e7cd05b7ec8ae239303inqlo,0,0.0018977561859827598
20,21114d057c297080f0f882420d2436b5mmukc,0,0.007559458286190585
20,74429c9ce8183e2b1b89600e6de4ceea5kn1t,0,0.0074631190001091755
20,ca28bff4ab1f6e74bf08b92e16989e11vn2mf,0,0.0021246243026392226
20,38d9e2e83f25229bd75bfcdc39d776baz5zu2,0,0.4400107483653325
20,3de66f8a5453943040d42e1e73f11eebll8h9,0,0.004618986734414905
20,6c0030ed696c4156b6ea3472374f6b54s4ih4,0,0.007575106594111812
20,5097b3a4011380b5d9447e1a7a20b1a556yzj,0,0.0030452612842795626
20,9ab00034c9b00521ce121adb5dd4aa15tlhc4,0,0.0019788300787061757
20,2e463fe6bc1616f8392f82c138a6a436mbtjx,0,0.003778321281721463
20,5de403f3d49221bfa7116570a4d572d8m19sh,0,0.008177938013620708
20,2eb8a353db13e68388f544daa2e28359oenbs,0,0.2282012699573211
20,b6e52f37365cfeae9204a9f408b8c3a4idcs7,1,0.939319824848594
20,058a4e0ac0a20f504cc9c6aae2a896e6too9v,0,0.0016208202363542632
20,c16a9bdd369ed3ec2891c46e64017560fbx69,0,0.005327377840294919
20,6f6e3687f67272b103351641b678225abarzw,0,0.0031892268903636585
20,2e33b1ee8a9d4a5cc5f886ca455e8f86kxu5r,0,0.001982097121784672
20,668d393e858e8126275433046bbd35c6tywop,0,0.08768675322818008
20,c89d56c06803b8c6316a7c906604c64939yri,0,0.0019955482482015416
20,54957cfd12ec8c64918b6200ea25d27fsc9hx,0,0.0023788526393251457
20,b9fd0772481bf459179a3b4ab49171693im97,0,0.002416225802534099
20,445eea09a6299164f60dd11f23276b44rkt8q,0,0.012197944873280808
20,64abb8a286b2be97349e8b17abcce6d9rygza,0,0.0017635189841020355
20,3e0bbd7d75cf543a56919ff5069b31a9gcbql,0,0.0042694888739873505
20,76f7e6c70f2b84d885b23e2b2831e113ueqo2,0,0.0019250392708165336
20,bf65e77ce8676fbab6fc78b70c50f05a8da8a,0,0.09179530754037431
20,37bf6f23b628a3e2b5b22ba81beccbef0efoh,0,0.26618583873319074
20,fa6bfb4a2156dc8e73a713cdab85bc4bmcmwr,0,0.016211551975649666
20,8a7710ee3c886df8ca78c88120603cf6taql6,0,0.0015844163947943057
20,c67ecaf47f857f37f63ac0f4b9af3249wwdtz,0,0.002305669049242893
20,bb43fc12fbb0fd2b2536e4033ababf59exffy,0,0.05256464500665748
20,94c8c0f9c90820f28928caf5d122dabby69ts,0,0.009157511153861157
20,238808859d7752579a415e89a395500fh2o65,1,0.002644557176991645
20,72b21fb7cd32b1a65bed8a12eb94a8b7qa7rl,0,0.03682994472596517
20,9be39ea5a0612fae7bc43a25a6d10856l3qaj,1,0.048729281044068914
20,16e2e48cff6faab74e1f5c47669dfbbda7l5z,0,0.0036145324142198513
20,0ae09b09369c76737cba059d192451001nwce,0,0.02493673676599424
20,52c441804b89bc20e4c8dd625bf163f27o2zb,0,0.0074631190001091755
20,8c412ae875b672f18073d643c74f9f0clzbyw,0,0.0025056629098340836
20,c8cf68aa6abce25325dfdad4a98fd890ap57f,0,0.004618986734414905
20,cb705744a588c18087921e74e68cfa10oev6i,0,0.030734042771643637
20,6c3bdc508c20f2f3871766cd73064c8cib3xh,0,0.0020370208027348643
20,6b0d09889ff4889deaabd5f15b3b34f1jxl6v,0,0.0023197288339037608
20,9adae18220565488f77036be41cf71beiepqk,0,0.7030387285514703
20,026819504b59bc4eefb9963d5fe4271aql15u,0,0.0037308270206692458
20,6ab75792932fb1ea6fc74a18edb7888c2orvk,0,0.00423780569068533
20,98aa09a7ca13559a9e2a43fa2ba4d2b7klwin,0,0.002114534088767221
20,6affd6d2976aa7c48dac70612fc8e31ddo7j5,1,0.8938755106651698
20,7b31d9d8b5e749cdd2c300cbcbb5f875kjlsz,1,0.8864397610241229
20,8473148f069a890b7323fe8316861a71qoxv1,0,0.0020998562687961075
20,afdd5c7c912f9b6a88c0c2619d618124ycm44,0,0.016211551975649666
20,c4294be0db6b5c9357ae5e2e7fc8da9489qpc,0,0.0026922902000515976
20,6e8cd4699eedf0075cf5662e1fff3a857bycf,0,0.0030120888505070415
20,97268eb2ac171298eb03ecc6445d6879wk3pu,0,0.0019589415539321173
20,197e90906939267ace2422e78e8e83889znqp,0,0.00432316283952892
20,31c840378b5c2e4469fd2e7f5a1e5a7d92k7u,0,0.0019600437820652085
20,9f9dd5c179d357b53f145ae1e5cc941f5qfuy,0,0.0015927752950399055
20,227bc0936837200d0aaeb444ab8d5f1axs8zr,0,0.0025815341647980818
20,ef415b2bbbb81ed33cec7242678975d5m5qk6,0,0.002626675801186472
20,b0014101fe1b510ea150c149145dbced3q3md,0,0.00177443210342032
20,24a9abf72cedcb421e831c1be26607e37zojy,0,0.0016976438276387778
20,572c9964ca41ed055830845993fdab29p4f03,0,0.007188994809391475
20,5201935b289665a197e38f747882948fjt867,0,0.0016972369849194147
20,33895230e0b25b5d3133d502ef3ecabey84m6,0,0.04474049478202341
20,c616385a2762ecfd8e4ea16d8a1f2596qw07a,0,0.0024345382827591095
20,1ea558fc18eb1b3ed7759a3aed7662d3p77wq,0,0.007559458286190585
20,050a3b29ca1818e1f237df8132bc2013bcuxi,0,0.0019575532492692067
20,74149197c8684977e397ab60a6a264836b0lv,0,0.001991763547294505
20,23bdbb8575f191b71853bf78d09e11a1lhnfn,0,0.004769164680724461
20,d144312f2f68dc33a63b7863911b2aa459i99,0,0.002346179149182862
20,6ebbb4e7c3fb4ba44a89bae997717924gm89u,0,0.0018615492987493069
20,1456b44d8b2b16cd94278137269ceb11ns7wy,0,0.002305669049242893
20,ec6d3fbd8408ba43891370d4ffe41eabhnwbs,0,0.016464386295039962
20,76f17ce227e593aeff456fed46e36c83a3j72,0,0.7840241526198413
20,6bdb40330295fb3abd4647808c319d29pb29n,1,0.0007350395870222763
20,1d4eaaacb6127c43c1c007331cac135bpib3m,0,0.0015763472368190469
20,4694d67c21e9a2edd614e717aa3f4dd2e0w93,0,0.0074631190001091755
20,036a4050a5dd65e70f0f613ec2e38a74re026,0,0.0015083371977855785
20,46f1d7df0a8ffcc10c3de0dad8979cabgr9ig,0,0.002466723541219783
20,74a35c4376559c911fdb5e9cfb78c5e4btqew,1,0.0074631190001091755
20,6f07ce71625a0c57aa5c0c05071cba164jmba,0,0.0018234650535114878
20,110d2e689da119388dcb6e235749b787ni298,0,0.0047567177950273
20,308def7f05575db9bcb6a67207d6c1beb2cqt,0,0.004610430995547201
20,de4388600d997803223748e48bfc7b16ggyrh,0,0.0017703420025503174
20,069d251f2fc19102924468ab38349d5eou7ab,0,0.004693689291948184
20,a6230fdfd4879433e36a76d53440f426c7a7a,0,0.10895875510257132
20,77b7daafef906aa3f941992bcf94dd69zxk2p,0,0.0025477642324404502
20,6c6c3559c5f656c71348f7cadf29bb12okgl1,0,0.0018185122507651738
20,283987b9f1ffd4514757483ee1f01351xd678,0,0.04886580566291646
20,4731be79b5c7e894dabe5986e747b97bd6yxh,0,0.0016972369849194147
20,4ef4b3e5727dc85f18aaf00ff9a1e936qyhp6,1,0.8513504802673763
20,eef111bfb93c213c174947c69b2f2b38cr2pw,0,0.01628958482875102
20,c65d2236a70982d628454d19472ce26eltxgf,0,0.005457302992257336
20,d381ce07afba12851a815cdf8858c1c7g2pfh,0,0.31841996118521326
20,74cf3a0c5e4f080415888bad2f7119499lh63,0,0.0020610452406719395
20,d31f6cdaf4f8485190b4ea588f8c1733y6qu9,0,0.0074631190001091755
20,a25f4c6838b83e0fcba372300c23c2537k5eq,0,0.0029340783198372024
20,9e1f21ee1888368e77b539083f4b94ddv8mrl,0,0.019657141819776965
20,f2f10539ed947e4b141b2e9bf21af65ecz4f7,1,0.8582895221964688
20,de717bfad3ccf44a93f39e7b43f3b227cuu5o,0,0.004533523390096004
20,c2e1242ad5ea781923a08987d55365c69fii7,1,0.10615015420391039
20,219c6102f604c8ff0ead5d23375bb127del0d,0,0.450774365625083
20,6d1354e720cb9ec90e19e29f5f895669qh6g6,0,0.016211551975649666
20,25331706aa2157419da068e93f3989feyo7a0,0,0.030834018051257454
20,67a1b129ca241c51d0abb5484f8eb3fct8o5c,1,0.9715457685151542
20,1a764d01d19a1408382ccace87e61c9fndlo9,0,0.006676272137945673
20,0a92c4fa2bcdc8e952546d236b322053o5wbk,0,0.002663012651382275
20,6ca1de75674e78f9d3d63fd96fbe6e172t86c,0,0.0035566013002568814
20,c128bfe7aba668d71126d51b32428c01tkq99,0,0.4313753421731368
20,170a58cf637c08f0818ebdbfddca29c9irkxj,0,0.0018049877203055436
20,698da938f6fc36305616aa6f8affd53fobj5y,0,0.018263038940380293
20,6f6c9a1964fd4bbc082f2afdbf2d2af6ypdhn,0,0.001719089775728137
20,6ce47fddd94be5792190cad9d972a5c4oyjww,0,0.0038269464669853687
20,a639448bde9a72923b70917e82594fc66sa2f,0,0.005028813606300408
20,7959bd565852dd880cd31278fab3660fuaqyw,0,0.0067379506743036775
20,9e9047df09026ed5a5a3a86403811159u5yja,0,0.002109653545968887
20,0e373556d3bf588a1bb2ca6354120cf2dmvjs,0,0.0016050614143218941
20,21f5b103136104e4947e293983dbaa5b4tder,0,0.8586644553473258
20,abf6c2cd31be1630f5a7a1219935011c3rkqt,0,0.0034054301449292007
20,9dc039dc57fd67bd9e7157f4f697ae7eloov1,0,0.7001095384269452
20,c36fad0b52a6be6ec32cc5530c0a2aednea6k,0,0.01943638484868633
20,c99b1edcfc7f0c751b68fb310d34b75ei6j82,0,0.0030754145865399935
20,0f4669e36b2e721dfe27f8633b277a1575erw,0,0.007411840455576075
20,1a5d7993b43386f64fcf4b84e7b183a6ref21,0,0.005730626176370233
20,780566278695c3771f81afc605abdffa4143q,0,0.0015315971861539236
20,c888cda1ef5931da0db90f6803cd0d368ay6r,0,0.014241341146795957
20,b1ae4691fefd3d09d74096ec4caaa6d1v6tbw,0,0.0017522914793772497
20,622a477170c3e2215b7e3cdb06db93aezz6t7,0,0.008112506187783548
20,802a819acf0601b43fe5426cb48ac0bbqwfu8,0,0.9321937621610548
20,1870650d20a97db60ce4133bb9352b69h9phj,0,0.0028488686804793786
20,b217ca4cdea62a3977481e398d2cc9bd4sxht,0,0.0016976438276387778
20,6ed19e45dc118b78a78f25649aaaddbeef7e4,0,0.001542115322144968
20,537f38e5fcf2656968e0a1752dd494ba8z1jc,0,0.0016050614143218941
20,786cb68d5d2012dedaf70257449090f2hfb88,0,0.0017723659062767135
20,b9cb81e5855add059728cf932f0624fefbi2t,0,0.016211551975649666
20,25aca203223b4d9563f5b1a01aa3a21ftlgve,0,0.027690499017817415
20,bd6adbe79fcb843aeb97546947af1236kbg7p,0,0.002944055957404851
20,6b1666662837213ce77c329d8cb2a842epaeh,0,0.001752859374111504
20,12fefd74d82d90541872847f199f6324cowi5,0,0.0017876244690084413
20,e54c3b01eab75ad3a616d56dd06ebef758ua8,0,0.001719969242105074
20,61e4b6ad0fc268d42c330ec99fd8c939yb7t1,0,0.03793511710351797
20,ba258a455ca17f2c13cab3d0afc7de0b48h0t,0,0.0015811649622687264
20,385325103b3eb54b0b974523fb7a13e02go5s,0,0.002801957126052709
20,6c11cc7744fb52a632306ca8bf966cd1e4zxx,1,0.6826220347629797
20,17a321c4a0d925ca80507effa52330ac5n5r7,1,0.006790903811041535
20,e5736d7f8082d7d7fee8430c0e2279bcdmt2a,0,0.0074631190001091755
20,363ba0a2afea1b074fc1ed270c86050byprz1,0,0.0018185122507651738
20,717a0a200628f9606d88afebaaeb409bv60y8,0,0.13545142314815053
20,f939c17ffc7c39ac9b35b69e5e75179fv9pe2,0,0.016211551975649666
20,84a769adc98498f52debfe57b93a0789556f4,0,0.014093247676321847
21,57db69e32163f3e486dc6ef7d615aa12usje6,0,0.00518366516359359
21,d91a4421996dcf429f575e372915cdcedae6g,0,0.06132567353167967
21,880f542a275df1251612886d408b32e8m96cp,0,0.003608700767902222
21,9c509838d129fcee98cb3934079ca36asla50,0,0.702652580935716
21,11a38554244f3c14de043aaf52345c35jjqvo,0,0.11945631688749486
21,0b68888358a492884e3885bcd73ea63bhxidk,0,0.00433597040863341
21,d6d3daba4bea632d7f5a4e2c5146f109dkd4m,0,0.02206298536554407
21,95fede5853bfffda8f50f6af494ff1d1hsgie,0,0.07815457488930397
21,98783b6bd490f32f56c315307643c824nimw1,0,0.0031931126438780643
21,c0e1ecd40b81bda3b7dcec501334499dgzq17,0,0.034693916516003856
21,aabc211b4cf4d29e4ac7e7e361371622pockb,1,0.9820632164814346
21,8abc7635daf75f9fbeb63783b7b8ccd5rvuyo,0,0.002609110777727754
21,d738b259ec6e6af625d1f41abcfd63e9e53tx,0,0.007587121790238712
21,19815d9bcdc74c3ddfb9ff210c1739f3tup3i,0,0.002494099731065673
21,91dcfc10da696a6d90966ff795751708er5fp,0,0.8338365937134672
21,a3c2ba79963b637f15086e6255a46253lwpnb,0,0.0031505608475337443
21,59ae36080fae26bccbbc31a4505b6fb3v3zjy,0,0.05844456835502162
21,96b90af2d3eea4d3b2bc725e1c92e212qu52g,1,0.9085717332765723
21,001068c415025a009fee375a12cff4fcnht8y,0,0.05844456835502162
21,cf33d05860b7f7d9af73c6091190b81ektz1j,0,0.022086642022992528
21,1ae57d217b27820cabf6e24b721bfb38s6ja0,0,0.03460637515972231
21,577af9ccdc29dcacbbce0f36b7c1ff15btljp,0,0.03803549337603077
21,6531bde8d4decd9708ff4407ef95e887a26yi,0,0.012394430251563282
21,20cb327bff59dc8f4fe1ac68a30f02eb6jrq6,0,0.0021817725443075402
21,80e753fbea14f966b1fc6d1e194d4e66822ms,0,0.052481221856217064
21,28c0d4c81a22958352aa742f7d74e477qwo51,0,0.008931628829329866
21,461dc3d03d1e28d52770a4d3dc7db34558fcg,0,0.0024782878261615546
21,60b8145bcfed7a5f2a23b596a8aff99cdzn4m,0,0.008943736909374037
21,75c4518eba20c9299a3a836d9905c327w6j8b,0,0.012394508378812738
21,d65efaa8129a85f85bf909e5abde8c3628gfv,0,0.3391228617237114
21,5960fc711b544e2617d0f76360b69e2afds2b,0,0.012419373923179666
21,5b25a86acea5ff395bbd62399bb5cc9bb7h6i,0,0.0047834424881936476
21,fc8e62e5fb69ba67265a3d0e3403aa3fr8c2q,0,0.6343258573207161
21,dc52611b1a2c84c0949da5af9870d57fj6ab0,0,0.004358073662173814
21,5106dcca581b63cf2226110a9048ee4846sxb,0,0.702652580935716
21,2e3b450b727fe3e888c85d52251fd33ffoi4b,0,0.003694345539356967
21,ca76df527977e5168e1b3352cfab2ed9htipb,0,0.008879160932782246
21,22fb740f267ac617118261b2fd3365batisfg,0,0.015856493222787628
21,f90f13ddfc0f98cbe3c2346a2e30093cq6zo0,0,0.003290451973976246
21,20ebb9de648c6df989f04d07cf273c7b3yu8c,0,0.7712957213151589
21,17eeec8676ad56bfead1a9406277f41cnev3n,0,0.40617982581797907
21,c7d335bf99b9c71fb22797ecbd78b92ashv4h,0,0.02091180186646523
21,a94c16f8a98e493e2b4390b1975e690dv8cmu,0,0.021750122515340756
21,1af4685cda2979a608c4b6ad83473774qgicn,1,0.8064029200725354
21,e909515a6ae94a86027c717c4085954akbpt2,0,0.05125620520290967
21,068450aafae2a6e390e35925d964290cdliqf,0,0.13325495254737768
21,6a87cc9dacae884e817de2ee08452e76dx9mn,0,0.09953728447679615
21,8b4071f3e2702b88481054081363bc15her3f,0,0.7542306960296017
21,f0c356e136831c41884b0732ae3198e0gcy8w,0,0.003877145777689956
21,6a76d66f035914f93ebc725a0998b399r4gdq,0,0.005181077892297896
21,908ce7060337fd8550760a100921f6f7wsemn,0,0.007612531483366923
21,eebfd257525e52b67969ae9d8760afff12j3d,0,0.005292249774311466
21,08515611e73803dc6d8c562b8514dfb5qi3z9,0,0.09629111444823124
21,f46cfa9acdb6a4c419c70c19be4ff9523uixs,0,0.005122262042460457
21,354baa6c4764a5bde013ea3f7edc72552r3oa,0,0.05708575063073597
21,28c9a5ea8aae9fb4f6a755f94cd922361v9ow,0,0.4596040211360376
21,b9080651d16e3d6d2d83e1c5debb55b0qpwbv,0,0.012394508378812738
21,c8d972b803b46212369cf1b480328dcehb9jl,0,0.002372644974838749
21,99bcfc00be736e03facf0afeb79ac533cs7tp,0,0.06604111999719157
21,b191c73f160bb9320dd3715bc3ffed26ymluh,0,0.003154559178451952
21,64e802fa8e0c17ec2ba1b6425648b7cb7ndkn,0,0.021747855325355392
21,20662832566daffac929f803f0c236eaperht,0,0.012394508378812738
21,3d281a78c6a116a91baf9c8db22b56bazer1h,0,0.10631244042806119
21,ea5948061b2059bcbd900d3ae7e86e428ae8g,0,0.12587878010542042
21,a7454ee6fbb69c4079caf5b5b92574abi6pyh,0,0.04210120586266976
21,f876e3be4038da62f49234ee498feb732gdcl,0,0.0023300848124641563
21,ee052a24cd3164af9d08fe77bd6b79dfrbelk,0,0.0037833769560367088
21,179a23cad40c51dd7804069bf769d11e1ftk9,0,0.04976944830203809
21,205c519be884c5b1c885f61c4ba8738a737qg,0,0.8588515927063121
21,e0824707d4a78230ae54209a920bc3e3pzdpp,0,0.011471222113561804
21,c5dcc8a649adae76ce01a3fa85b68f237ny2r,0,0.00523029509894739
21,f61d93fddb01d2d89a85a132c649aa90lj1z6,0,0.0025294516781570364
21,db88530db963dab43118aef5aba127ec29abp,0,0.06279536035878056
21,cf9a1c3af63d1bc3f55728b4a06a5f46njrac,0,0.008762808695166916
21,6f46b3e231003daf21108df4624afcfdaaswv,0,0.003045740932433242
21,791031a63c9e2b4835caa9a4cc1768baias2l,0,0.003360513519472739
21,fb5a19240e36ae12aaccc1e9d9231144l32hv,0,0.028497284355773287
21,8c4b0d95ba36c0ba2a52f9043c62fccev75uu,0,0.007688623006969742
21,570910327f5584ea1ccba92634d89832lo1zc,0,0.012394430251563282
21,e03311c7620a8098b7a177a5f1ad213ernao3,0,0.004148547206590361
21,27cc072f1432f7aec4b7e17cf2e473f2x3bjg,0,0.8910200786679522
21,cffb5f3c1f4ca815d0f643fcb2f2f316beod4,0,0.10396095966686951
21,2d82c3dc726d2bfa19c5f16ec3de5023lbse1,0,0.020012053533849584
21,7eb6a5ffc5e8471efad7cdc8927daf677qcf8,0,0.08962996365380238
21,0d0d43ac593a891ce100d8202d3d72c3xsma8,0,0.005268404935806068
21,35a89119272ca55d7f602689616b58c3pebir,0,0.0022302706657318827
21,ca0331fc37db2b251a012376f7b987fcma2jw,0,0.9349528316580908
21,b970a53727b2bfaf02079779c846a52fj3f0q,0,0.002048507282116538
21,7029915a2c5aa5d964acfd85c30c3950b4opr,0,0.0047956123587577166
21,11d7f0a5076649b229c301a22537834e1ehwg,0,0.008989438239058206
21,4f891171f7b09f54d8b4f30b48421f178m75r,0,0.26641575617099444
21,3995d9ce0cebd62d77cb8add067d93e15oezc,0,0.0022913646560530263
21,88e24a019c32a60f2ff315a9d217ec33q144x,0,0.005527068167446077
21,d1f000f475c502ecd2e993c52987e63ed3k7n,0,0.2059633566701725
21,a3ef8857f2e33ecd25c409622b4e3ebcij8hv,1,0.9742177912169107
21,a8a5bcf248e1326b3340c88e057f59e9nlslq,0,0.06279536035878056
21,bf80bec9b4a8d29c494f8545f2a4be4eji6qj,0,0.285682425166869
21,86b6207b5e87d58ae307bdc1545a101akz0ew,0,0.0025123481724414892
21,584d1d60d357a4ee1fd3b0a6a72de1dc4rodn,0,0.022855409526433806
21,d63671871e4010e904b9419e48781565weafn,0,0.01558326455412386
21,3ddd3eba016fc11b07c8a9ecb3fcc2975bkru,0,0.17840497243403583
21,e0e5719b5d763eb4e04c7f6e4e32884cmlpj7,0,0.021750122515340756
21,14f226ef57ed64d8e14c8b5ae929143cgq3em,0,0.0031617590392598776
21,3073d007a5b42b827cc770ecf4805278xvvzl,0,0.004877556690188102
21,3b947f8c954acf4354d2c3bdcd494fb0x54ee,0,0.005595583065432456
21,56cfe8b0d574e1df3f823c2cf32226eff52uw,0,0.0028498482840463506
21,e19f258fa5019e58974b562a8e1433ccluztk,0,0.1554682385541334
21,a99f91d51e8d9f5786dfa52e24292dfebi55j,0,0.0026670445581733165
21,a60101895443bfa5d4485b9c2c3e1b68t5ppq,0,0.003442798209149117
21,84bd02dc56fb7c3402426ef7e8e166e2ptwo6,0,0.0744147994852365
21,679d60378d42ca9d3b8a28073fe14fc7bv4jh,0,0.18662216471728926
21,d7c046d4328c139e76fea7c1833e8fe6fx4yz,0,0.002870288449513704
21,2819b8b2295f272f33f8e76fd344ce6bywj1p,0,0.0038384911588629353
21,790c497536a2a9fe080c3b2ee6d5eeb9caiv8,0,0.002330831834594101
21,2794512e8edad5f99d28c33c7560fccb9zl8i,0,0.683553254236353
21,2d6a70a8341ea0fbe4c8537ffbce919etg4x0,0,0.013261675058626562
21,953879d32e39e014cf8ce73daa2547cb2ke8t,0,0.05100177653287455
21,84c4b58a1491da3a30710bcdf61f87054xfq6,0,0.0027893943536202205
21,d0b096df6b5ffd2efe8d5cfad4a24912zs3dd,0,0.0024186595805980172
21,86091a1e6c99358936979baf67d54457x1dzy,0,0.004082059829705857
21,b0164d9a18a3cdf6082e96f9708040690qcqf,0,0.10972726827610953
21,9e9270c06937bfa13f5b29e737c3438fcocyn,0,0.0027934803498732784
21,b77312a06d10e22e3caca85fc7fe0342b2adf,0,0.021750122515340756
21,cbc71ae3c3690c89485eda3f08b9bb51rqrxz,0,0.08590241112692693
21,c6a49cf5944626b45425712f9e19e91d2nyh7,1,0.9733268555588174
21,060ac64ff78ae62e9bc697192cebea333760p,1,0.9169109382935524
21,de8943f2b113702c98ef695888b7d0c6my29p,0,0.012400652147315323
21,2d113999234e06201c0940286d405453wqjsw,0,0.004520476830731402
21,fd1299f1343236dea07bd0ba5f8ca220csnv8,0,0.0024368689530520067
21,cc78aba7eb8293a1d70f083bd747fa1450906,0,0.03803549337603077
21,d2eca28cbe0a3dc69715d719c6958faaaqx95,0,0.014655036737590643
21,bbad48cdaa604c1bf40b59120a775794rnlg1,0,0.011499783413716696
21,8bf07d8631a2808f2c869e27afad2d41swgkd,1,0.9401899788944986
21,e2554dc14d54c3b7be85c59dbc1425f77qv4a,0,0.012394508378812738
21,af5d33f9724b0e8c1f875406c0556d1e6eotm,0,0.315891379429691
21,1e050a096927d5b34f4a85d3af28d30eybsaz,0,0.016711679438324908
21,a9bfa54aef505d65ec488d8984c82a7bf0fjm,0,0.046864980162550855
21,d4be674fce23aae81c4cb946d4fff8671gxtu,0,0.004328675787989799
21,3128932859bba46f57cdd19579c42e05lif6h,0,0.006273221038922321
21,f05dfdaa2f67b190f3a79a5a2d5daf9coikow,0,0.012397779494684817
21,9f60e1593604631e10ad2677c51055c6mv205,0,0.010124183824765855
21,ae817305e82b580f9ab89f1a379488e39il4q,0,0.03553045827382259
21,3d48d4b09fc7559bb6c129fb65c133808brgv,0,0.13325495254737768
21,ae6758a627a111f6d6b530b0154c429566o4k,1,0.14789917638266686
21,1cf0d30e0bf9f4a536b1fe16ecc26cd22j50c,0,0.15765310840936275
21,3bc8edfa1995a99110b957ee98fb5c76nkl7t,0,0.7738574440484759
21,89c8eefbf6f83543ce0792d1e4b86057ti16q,0,0.003432873831382376
21,403640a20dbd2c4bf554e558de137deckn70o,0,0.0113466557549634
21,d2fc5291537a61882065e571c21e796975uy0,0,0.00219931924442566
21,46ceb58fb7a57d86a26cfa154c940a8cuktu7,0,0.7478644281412826
21,d645e4b8b043a18bb1c8689572ad4fe16q3np,0,0.0045603623176511485
21,0cbd01c9e8cc800aabd3b3e4c618f9caktfgp,0,0.7234830509911279
21,ed5fc53d096bcf1b86c30128040e775334ut0,0,0.02838391233319397
21,0c57d8eaa2708b768416ca91dd8daa2cqbl31,0,0.004179799328507588
21,e4264fc4dcd5f917ceb002d860441370s054e,0,0.003871548309196651
21,abec779131ec6bd32f5e32ed0f274400ekljo,0,0.0035978442210642075
21,bd0071b98d9479130e5c053a244fe6f1muj8h,1,0.012394508378812738
21,5920a92dc2b65e257061017a04eb5361tpa9b,1,0.7589872725567286
21,0a43de0ab0a7525fec59ef4bc1dda7a2z9z69,0,0.2663866480959105
21,8acae9b2e5454fbd92fd0b3d79fe89ad6w2wp,0,0.004151625936255849
21,4c67576a6f30a158d16d790a7fc482b0zqxue,1,0.8925054428910687
21,86e50263881b0d382b55777185eb648aagh1g,0,0.623050750395053
21,1e3642857c10e72cedaf7890e3c07bfa8ibzv,0,0.007612531483366923
21,45fe4f0fb849e7195a1efd5495d1285f2culj,0,0.0033616934551930857
21,bc3b92a81586cb726cbf4d5b418fee41o20sj,0,0.0022128583144610772
21,c59f4511da2e8dfbf02668a49bc391895wk3u,0,0.014193782257610092
21,c8d3fc73c1a41bf92a5e4982eb6cf78du8gg5,0,0.00281306557868314
21,d9b611dab3b5116f761747fd3166ecec80icg,1,0.010682481451754152
21,a2933e33896035761240ef5a62477779jf7ny,0,0.04711978444237926
21,7d8d3493942dc13742444f28626c5839axjqd,0,0.08724649114960717
21,a2b4df001b0e40a398f6d4ae9b316c0eix5bh,0,0.0037098034436568246
21,aea096a392f55d95c3e45251931e9755a9t3o,0,0.4147594251476354
21,05ae7ea9549ae298bbbc8002b4229392e0ilf,0,0.00213796989566154
21,4d6580da346435dff2503c55ee5e0cf8wbkb3,0,0.9812800898014589
21,5720c8d7bc15b94037cd75ff9496a35evugeo,0,0.8676802778574491
21,a5fb60c136b7e0a6d0d6e27cadb2a797225r6,0,0.014626256372930718
21,b7630ee9a73e7ba6f11f7717b7f03ed4be2hb,0,0.33573969227804606
21,0bf6e0e5184b3599bbb4ba1fb3a43549ije34,0,0.4000740165153456
21,e9b27622a64f2eb9dc7559d43bc45e31yci23,0,0.004539526277047834
21,84c7bbdc12233f88f35c2c3b8f178803ta03m,0,0.004477086532858403
21,c1624207d78346c3c58cd44f3d5472fcriae4,0,0.002267349613552091
21,b416bf88dedd6ccdbc3a2146524500258qdzz,0,0.005519973658192641
21,99ca795998fb781a42d85f1abeb50482yzffz,0,0.191628780446959
21,2fc0efdb6ff10d51e3a4d979ee52cf07p4068,0,0.06830021914279778
21,3cab5bd983f5be9c16789b6c14bae982nhi9c,0,0.059938256199375525
21,3df41510a5044de5438015f37dfa3443bt7pp,0,0.00717840021515288
21,a6214d8bf07127661f322afa7c8dae91ypizm,0,0.0022274130544623545
21,4444bfb455b90711234e0c25345abbaddrt0x,0,0.007612531483366923
21,3043fb0b4a1904222f640107f84d6f799tves,0,0.003214383409823685
21,8215dac41ad35a074c93bfcfbc0f908chlo5n,0,0.00226011822898671
21,f3bb3c26162cfc1b8c3636a7ba126010na3n4,0,0.0047767039315614
21,78a444127a896122678835e12ef507deh01hn,0,0.00974004465410189
21,70c31e8b3476b953648fd4f8775c1950m1uz4,0,0.0030438115586540267
21,fb81da0790d821a22617d748d0226540ylrj6,0,0.1471784706087494
21,ab0b0de534bad49af05faa626b88389cmjj8e,0,0.03800822414075872
21,a13da89a3a54ac9b4ced156542afca5ddyumw,0,0.059938256199375525
21,74ae4f7b1692dc42622696303d9d4d763vksg,0,0.0022012411591715245
21,93ab2dedd76c1859885cf724ebcd987c9ngfi,0,0.0031722575036408876
21,8d638f6da12614d6b369249410c3d278n8qme,0,0.07325975762425325
21,9d1506d6779356dda24ed87d41f3be39yn1rc,0,0.0031182863292323303
21,6182daa56cb0623719228c9e576b71fcpg8r8,0,0.11408620238627104
21,36e2e2f32a3872d3e958c0a58ee79bd129xdy,0,0.002241878039464215
21,d6517684989560cbb0da1fb2f5bbba9b9y2st,0,0.10467231336764392
21,332484ddd66b9a3db89ee68f08b1288amq90u,0,0.005650801258237946
21,ed5ee107143980558fae26c1b5c7b81a82spj,0,0.014322815464687303
21,519c0f3b989c8e1781e0910f685980ce15wzr,0,0.004417362214989295
21,37702159c6cd2c1a21cf66600e96cdc6rdbff,0,0.021750122515340756
21,8644c9765c64da22776cd67eefe0f498u3aaz,0,0.00518366516359359
21,98ad4163bb0b1abf72f165056d4bf1a1g8ekg,0,0.0028199662489489957
21,d3920630f4891b9ef1a8a199ce5c830aua4yi,0,0.06338383207183708
21,42e631af9bd00e5e816f08eba3b102d5ch576,1,0.19214016050634755
21,b0973e698b12fe51ec2f259d924c6098rasmy,0,0.0023639314781739697
21,58f590a56f480589646d255d570b0877zcjw1,0,0.005299368861408502
21,1def3e23e479c9739abce6b3518013d39oejk,0,0.07100213819417277
21,30da67f34e3cc215b3bdad588410fab5655fx,0,0.15451493057590707
21,ec3b2ff6f725e847f93285bc9d2b7b3dvcd4u,0,0.003570277971295754
21,6429ef4aebc7d1f4027b31a6e900d165nqvyz,0,0.0037823351083012616
21,2137e2626c568af8e56bfb72fdd5b9e19qiyt,0,0.007012347907759197
21,b8d88a1167ab74ba64fd6d9c83308a6d4oa6v,0,0.005741282271450052
21,90fd7b3c991701dee376daeb09a0a5b7kawse,0,0.0050620945134161295
21,8e0462410d727b34290fec10fd5661761yc8u,0,0.0016849775407682907
21,bf8de839c1a8b7994d19049667548e4ewchpm,0,0.0032287824272746375
21,5771ce26e8b0fcbe7e90106955638b251qj2w,0,0.05693888602452858
21,9fbfbd8a57e4d4b18338063ffa43f1bez92lt,0,0.003334097597803317
21,a06311ea45de34bf667b79a92d13c764i6aiy,0,0.702652580935716
21,d3e1891edac2851f6d34de566802cac8m8dn0,0,0.005367162663889206
21,3d2608a892e44dad3027ab55bfaa0b26r69hy,0,0.29592106795650663
21,53f61a2f33e8b07e49da643af49884782vzdu,0,0.0022304580726401997
21,80d8e3bfc8a2ecbf22614befbdaacf5fo6o5o,0,0.021750122515340756
21,9a5fb8e2e5add29b006d789e4cfd1513paga5,0,0.021750122515340756
21,e90e4701234b13b7a233a86967436806wqqw4,0,0.03320423601438717
21,1d69e006699adba0c79ab06f2f622445nuu63,0,0.002609703394580687
21,d127576e329604b576df0a3248cdcda3279td,0,0.11594532352140142
21,43295f805d813e816fee438d9a394bc4o4of1,0,0.002445410793100448
21,bf6f2ca50a3a6a3113681e754307aa4ehnd5j,0,0.0029951064114489127
21,8c3631460a4d25d2b21b1f92ebbad752a19ww,0,0.0028343879555505157
21,3272e16da807a75a987e26b09bb2147by1mxe,1,0.962818417918888
21,a71f84e476d03bd0b25d45e44eeed9a8efehw,0,0.12524427625453738
21,3893d2c62d59c232112efd332bc342dap8b4j,0,0.0054026004130145215
21,100d406b638e84e2da7c31b03100b874qiay2,0,0.014889465233918696
21,ffc4e2dd2cc08249f299cab46ecbfacfobmr3,0,0.0025015477050992674
21,d6fd864297177c38cea65aed8a45fb7bbp2e3,0,0.4953862817066801
21,a0420d3961adf890fccf4b43899708f6h40zs,0,0.022855409526433806
21,78e59e188d9780cb8988d574f692ed343s129,0,0.006050067245519518
21,21c5f4fff051adecaf1b080fbf910ca3dvi6a,0,0.009878146824874949
21,98e6dd2906ef1f7c13284a309f6b160cb2ujz,0,0.004967836850275303
21,2f9a7b01fcce94499a59aebfac98fe1ezsk1y,0,0.0039532763957112384
21,7a9519ae09e328b09d18473f96ef075fzrs1v,0,0.005364354108666841
21,1df5be644b8963750305092eb8ec878ayba4x,0,0.5199243021624765
21,9bd2d79f328a5afe815d5832e521aa9187q2j,0,0.6006012267856999
21,5c2e85ba72b9e9e16f77939fee7ffb5eivaqe,0,0.002719357786386695
21,02cfc97e8fded77671e71e1951723d5fwz6a4,0,0.0029066009848590178
21,baff2ce04381eb1bc4747d557bf52208vqmby,0,0.002331244791019099
21,fc870f3872dd5e36e4dfc4ccde28cc930tify,0,0.0058782234948162515
21,25f1a9c0c83eefedfc2c1589e763c2a3is1qy,0,0.002022760004895182
21,225716d7bdf8f90cb4a4b779c663cea5j9sqp,0,0.002109790846086595
21,4579226b86f3ca5b5ea1597efabae4c42j4rw,0,0.0018877930412488809
21,2b2ee7d0ebdf910833b5cb173c567881jt8sj,0,0.15812902460579462
21,4cd52ae88da3e30dbe01da5048151c98p4f0v,0,0.7434943875225891
21,59d96b423ea3ed56611686300b681f3defm4n,0,0.02062683519096002
21,e833712b1e29ffe74517e2dadcb4f2d1pt5t3,0,0.024943832044660497
21,25f59f9da43b6806aaa125fa61974591sacso,0,0.0026130844876038448
21,45e4c7fe66077b5b7b338f19f476f9d85jlk0,0,0.0031643073008654535
21,ff181014a0d7bb534fb9a35f22e24fe72m1d5,0,0.01647200835724223
21,88acd2e23ea6817d9d9fc28f38a8d1aftqssz,0,0.007767422755325693
21,0547dbd3ecb4a293913f138d60b586fdf4ane,0,0.9457873935248662
21,6cfd573a82acda92e8207745bca28aa7lqjcm,0,0.004702206626403192
21,68546847f11f6415034b7e2263e8ece62p3ud,0,0.0759473760803625
21,7b22c9a323baf4a7bc7a3761e4a30bfajixmt,0,0.004717825949510092
21,e578807073c57556ce334044382a9b98iaz6o,0,0.021750122515340756
21,d810a7956e4d9fbc246d585ce84e8ea0750b2,0,0.003025569351368624
21,041d869edcadf595b90e3b5248903183pn754,1,0.7106414347025418
21,2366cd7cf3df530ef4fe40b36ffb936fyn3rh,0,0.008985021762555421
21,c41ea39b2e13b0fc9ccccc2546f924f1obd0w,0,0.005124274038975159
21,782557b3ec17063f2a36fc9193ed3200h14me,0,0.10596603243754726
21,e783e5f6b818d18eda4065282022ac23jd1fw,0,0.007415818196877434
21,a3ef8289a92196b07e2e7371bb111e3aom07k,0,0.0027653152043242177
21,462df7ecf1d47980dea6a93d44fb408d4u2d5,0,0.023117980367670946
21,5e3747785e44d85a41a74470c051e946x01dp,0,0.059938256199375525
21,2cbacd5b066b7dff7e0a87e1ef00e0b4zpqzw,0,0.06971999433881439
21,7bad0fc50ac7d249e0a3d8b83f68e855fcnxu,0,0.012419373923179666
21,6326299ca6a53277b2bcea07bd0b4ba8ktbqj,0,0.0018404370810075552
21,96f31c5b3baa8704096cc8d4301b4c96i6fyp,0,0.01720687249952627
21,10f01aff2fc23653ca7ea1d74248357a889wv,0,0.003207806871173817
21,8a27b2e29086c0d2e589053537e88393zsyr2,0,0.021750122515340756
21,c1850964c360c9159e5d1d0b6485e210s6uvc,0,0.0043705398281212275
21,5c2d250afe88df6e4ca3ff08d991eb67s5erh,0,0.007949015743587522
21,783d5c219ff84cc0517f59a39bb98e18st85m,0,0.006481121518100761
21,031da7aea2d4b75ac8ecba4825bc1318yki1d,0,0.0021852935062910564
21,958de49cdd870198543313fcf574d7c4eutrl,0,0.061164278369454664
21,c8f537f6bb0aa2d45da541a875f014358qm7p,1,0.045744542780597156
21,466ebf78d7326a38db1e19fdc1c70e9b1qu0z,0,0.010517810913066606
21,9a44bfde11a7b6ade17cd33a2b5102fcnlhm7,0,0.00623291243092187
21,29013ddeb60a18f7d3bf9f3aaaebae6c8651o,0,0.011543563757421386
21,074daf9a99b01591cb0637cb95c32600roriz,0,0.005597232599216158
21,63424f85cf53557fdb5dfc6a280af75epl45b,0,0.0022517397694223314
21,8c09f4afd78059d9200cddc435f5c48ceph11,0,0.0693579026548148
21,93e3c34171ab65e0b031dc67461e48b478u36,0,0.006382764996539821
21,3c77ec9f79f6febf630325ef84f2a0bcl3qg1,0,0.0036494478327963975
21,a124589b3af5a212406c0306584a9554fazi4,0,0.002913050991633029
21,953e01bab9ac8786b4bfc77d183732bbqw6ng,0,0.030578497850752895
21,820dc943d26965d377be315497837bba5iz67,0,0.0021963058437861694
21,0a09adcd35b5f26d75f251006affc747drfu4,0,0.07619575096687714
21,e61c14d66cd5693d93cb0356d7f444ebinx9i,0,0.03549969513122803
21,664adb319c2be43104b6565a8ff293dea0f01,0,0.002760549608912037
21,950aa0150f419cd6361bd3c500e6e695xfljo,0,0.004445053742796609
21,8c939b6713b7881538cb05eca89cfb1cw1lhm,0,0.0026600113452884882
21,874f882f7efff96263e9b555415aac36dsxry,0,0.002261670897960978
21,01c1c7be49cd6cfbb9075925a05c9899p41va,0,0.002711743058368067
21,737d19fdceb065359c77b81d27053c4e5quiq,0,0.059938256199375525
21,c8b23d6565e11d874e221f41440ffd25mrucd,0,0.035455708920345046
21,bef84146ac1e2f21e928e06ede1404793bfnx,0,0.0025100913512792243
21,90fe8d6fc0bbe4ff2ca7833fe51bddbaaibof,0,0.18934831376947267
21,0f8cb1baa83fefac10f885f79149bf13kn4nw,0,0.03324226104666504
21,cbe8d224a38ccff930674361b502e7beyuf1k,0,0.0026898408685235814
21,8ab98c1e6cbfb902af4e02050a886396a40bg,0,0.0023422110017207775
21,7ffd9b7b795d9335153d481fba4b3076plrxc,0,0.003110654786733078
21,bdab2be5a94c6380c60b902310cbe1b6rs4iw,0,0.006855346474107197
21,55d9cdc3af85efe87b2a6f22a2cea96ezy2ax,0,0.0038382262810469545
21,40fafe756c4695b32df7d19d4c710dabvzr79,0,0.007612531483366923
21,34914d163517a0cc4f0c971afb2352106vsvz,0,0.008272767359814167
21,fdf908d608a629d5ebde14819231878dojel8,0,0.013881363408954994
21,2106dd7866abbfb4e7c68067d7eb9bebflq5d,0,0.9027924746597357
21,c9416e793bd0559bca3ad4a5194d4cd1k8eyc,0,0.004019890897330985
21,92a63dbb8323426833b944a4fc196fe27pzha,0,0.002855275415678771
21,24a32bf10c4a5d4d91c27da4710c869a0nqim,0,0.05057158972748314
21,942563fa6695a4b2f76ab6ff3bd58030i75z7,0,0.012397779494684817
21,78830493a121b8b6917d246ec73ccb4anwocl,0,0.5759518648781758
21,64f6b099082e4fb2e8da7ba4ae9abdead2cej,0,0.0026494745633813765
21,81392b54fee8e50ec74efb27cf0de8e32fdm5,0,0.002234333137176909
21,1275d8a6a3b2ae9d24b50997397c254cpuuzv,0,0.6402785705665527
21,0918eedd8324da06abe5600f058480dc75nfo,0,0.0030139221038770854
21,ce7d34398a6d6011bcd96ff0aa82b6674hxzl,0,0.0018317412659527184
21,0f3ee77a46dd5a09ad20b7c3e54ec614sbpvb,1,0.020786007966920473
21,1a09feff347553a2577983d7c742e3d6l2hfo,0,0.0724783741349031
21,70739399d69a3b7ea9e72742dc728742zp9uf,0,0.0177211380240712
21,cefd0ed907595de146c91e6c26b8ad658ilo9,0,0.003672447758161635
21,44bc1c87245aac66d176620f6ac9611ddbcil,0,0.002568938789806103
21,3144ea2711bef53de88d89d71acd16c5q0bzh,0,0.0056252050131522305
21,40f2eaf03624a31952397644f1b79a6fvtfjf,0,0.1428717169243112
21,ae9e482a7f4a625a878c6ee0eb4dcd01dkm6d,0,0.0035516750449117967
21,90953913d629a03e27590d0d0f64456601ktd,0,0.02161907141814439
21,f3d3c913b225bc6cdb98c60f0936f7cbj8k3a,0,0.0077711612064655785
21,eeb7e43d894af9161f84692f2bf9570fdryzr,0,0.15451493057590707
21,74582963d3774699f4215df7f2d17c1b6b4pn,0,0.002303879201012096
21,3b8320619393a6f6bf12219b61cda688k4w4e,0,0.0034624153581163707
21,4aad6f0ffe775217e4ef8c91d69707545li52,0,0.001991954316989601
21,caa74df2086d71caf6c1b2b9c81d3d98xhpv9,0,0.013968510415007787
21,07012e0507b4281d430b93ddcd96cae66und7,0,0.0022509557042208455
21,fc48aad7a51d965595b59550e08b94c670k7w,0,0.021750122515340756
21,4b72cbc9d9ef0238bb666feea6d79e718qry1,0,0.06392190293777644
21,120beb4523541f769a2b658cbc41dd57w7im7,0,0.003329187604976461
21,bbd1d48ef4e8e7e3855938755275ad2b2le9g,0,0.01094262522498997
21,24db47d284a08aaf119eb3e0c45eb646i46j5,0,0.010002895311931815
21,0446457fc8e21596799158406f77b14catx8w,0,0.012398807458236478
21,8254276e772450c5365707cde76efa4cwuzpd,0,0.013261675058626562
21,dfa7ead5ef84eebc79c67d3daac340b0exa41,0,0.002656054251920205
21,6c2488ec88e02bb38920200ece7d337e0bffy,0,0.06392190293777644
21,e72d1b2319a2ef39d016c41e4824b68evxe53,0,0.009605366884049869
21,7114afc59caf2cbaf6ec1733922065f3uz34p,0,0.004925550098054398
21,b5d61accc925a0e86ab7274e1ad82532gb1w6,0,0.05029336745258574
21,53d9e7fa087a0dab6a472bfbfb694622jv072,0,0.002855436101441768
21,eace2a2890644d703c619fff7e41a9a16k7lf,0,0.0027165587974741926
21,681b4f9dca9e70441fca4a58c05b0f50skmir,0,0.0019954297613013236
21,2f9ea407ba48ae05f98fdf634995d936xefau,0,0.392820043758903
21,49f4481b6bc2255e745ef20ac2a720754r9mp,0,0.03803549337603077
21,f5b2bbad20d1d7ded3ed960393bec0f40u6hn,0,0.11169958522378552
21,35f822bee4f85d98d5b1b23c65681974ywyuv,0,0.002780552323208473
21,8bc2a424939c50eaf4a652e253421b0f9b0y9,0,0.15138008035055708
21,15b1e719796dc894ecde30f160e7ae20hrmmh,0,0.044767747658699154
21,caf32bc98f84a47829e76ffe104371f6kphvc,0,0.0190053849332299
21,5cdd665a22747394620c17b7753947b0xgzhw,0,0.008684236708863083
21,a4e83190edb97fefdc4a6cbfd00f41fbm7c4o,1,0.8843315171534886
21,86e888c2dafacf13580a1211abf50961w6foa,1,0.20960549326390057
21,c670e7fb466b09000f1053d2761752268bkfm,1,0.28929423576758717
21,98c12418158dfb9494af01308ac2d0588gfw2,0,0.017452318021527493
21,bbf1dcd2f0100fa90e4a8544b90e35846p5y0,0,0.004631546605049973
21,a58ace8b671a7531c88814bc86b2a34cf0crb,0,0.18151475271789372
21,054b51d059fe981ca8cc4e0d4c49aabb5mck7,0,0.08306533512297769
21,ff4e39c0be8af4b17a73dcb761e4bb6dmop0m,0,0.003024094440495025
21,01f498a0992d280de63ec346692efb2blckg2,0,0.702652580935716
21,964028ac24d4ca16c4b63f64b06df1c8ltrrl,0,0.001182382621217993
21,70db4530c292bc759238b8306ff4ebb6n4l6t,0,0.002652159527387204
21,b4495464d4503ccb8e696994059983c89g4lc,0,0.0028209727220357755
21,4fcdd880c4e1a1767c4d26f74bb3466f11osj,0,0.007612531483366923
21,4566ae63ee93ffc6b000b5cbea7f6a8ehbg00,0,0.007636409624304728
21,08a588ebf7b98f44f8fc695d02adfa25x0amy,0,0.004551595964531861
21,c1c22607e7899ada525b74e757d248ac2b8ac,0,0.012394508378812738
21,9d8a1ddb38499b3403a6a93395ef29bcrznni,0,0.01265251046770748
21,120c8b384858420c4e46e354c86f4ca393w0i,0,0.07022127362399297
21,022ac3a7ce986049d9a4bede83ccf9ddctvg6,1,0.9878656227676957
21,222d3e39d4a292d79aeef4c04e52aaf24mgkb,0,0.01328034841613981
21,4c93ba564461b1412df6f033c8ef71e8ck438,0,0.054138278994132455
21,5db8eed67a7b648d1f2173b665b79de2vwdlu,0,0.022855409526433806
21,84f06d2c69695fe24cd69f8a1aae21a7kozbn,0,0.0031018617050751272
21,9f34ed261596a1114cefe81158c5617biq26c,0,0.012420865498081763
21,ad228143392ba96c21bf51499bac1c3b3kmzo,0,0.00765399948813109
21,9f2086ccb71acd84652f861517d4dff9du4y4,0,0.01404375505460444
21,e0fecfdf4029d9a91664e703a178397718lyl,0,0.005850606514625335
21,d1200a75b6c05584f4f902e74d3dead76cj15,0,0.003007756797809283
21,d81579750b388276f2d8f6d80384f499n13l6,0,0.002633420995417837
21,4070f6ad5da385ba11cc99183817eb20h69v1,0,0.002636794727672406
21,0381a69b7a061e9ace2798fd48f1f537mgq57,0,0.012397779494684817
22,624f258b49e77713fc34034560f93fb3hu3jo,0,0.002719158675504516
22,1c5f4fc669099bfbfac515cd26997bd12ruaj,0,0.00110659611866311
22,25558d24bca82beef0f9db4ba1fe2045ynnvq,0,0.002383640532716828
22,88ae7a35e374a6fddd079ebb28c822eeohwse,0,0.03980871677499587
22,3f3a3705be5ea07b9ba7ee646ed756fbssuo7,0,0.0019934010476017885
22,6e4d22dbabcf2eaae5689c7d155e1c1fev15l,0,0.0005602580414877935
22,25d75fd439571c1d9b946f5ec833786063vom,0,0.00221424228192574
22,b37b352197594dae96bb9219bf59d656oz79f,0,0.00250610163381815
22,d878560888b11447e73324a6e263fbd5iydo1,0,0.004823143888179443
22,c748f0d69cc89d5812c9fe3a6413bbb26351l,0,0.0018178861816545789
22,2a7d1f9483d34546c4d099e36e3a79790qvjm,0,0.1266840598744194
22,5686520af5a4215a239418fec906f88e4she5,0,0.0018549837533576475
22,72bc07c7241e1856ba31609d11501c91cswlb,0,0.07527683455399556
22,bcf95b210295831ff6e20db3a570f909n3q25,0,0.3658808126739802
22,ef24ca4be7ccbd6ec68d4ea9f47c9e8ex1g09,0,0.0026159479235594476
22,2307bb06855a6fe75ab56ee6b4a3860835di5,0,0.01819860422696765
22,af98b7d5a7c1ccd2968252a2fb1c06f69igbv,0,0.002562759378334288
22,6ecd9f4b332eb790dc933aea0a1528e2qkp4y,0,0.0043282846179747555
22,4c4431ec9b6e683bdc5a3118d5140105r1nas,0,0.05455656769078936
22,1cd8d86911413c73e92ad1170cae68c3pocsn,0,0.027239280222578693
22,cab0d4e41ea81636de3bd3a1800d8da8x4yca,0,0.004139178447434586
22,53691811bd992911edb9f5f64f49d8f5luk1f,0,0.27248856162752383
22,0cca10034c58287ee6fbec14a3f96c3546sdh,0,0.004314791233652708
22,7cb144485c703ac09fc73aa646041f72ogqwv,0,0.0014698758050721967
22,21580623ea81c5b0b82aaf74890218e5mio2z,0,0.1095769697278829
22,806a46eb814ec7a09bfffcf38b0763d344tc3,0,0.004653109353503178
22,758bd601d6700494300ec1647682eb34vq1zp,0,0.0023635954723241633
22,bff9a98b73f2b9a01300d3fd3d55b16b1190o,0,0.0014835373331523894
22,915ccac760c7359a446100fd1a54bbf6oyrzf,0,0.004117292550698663
22,47e0637718480102d235233c83661a7850foh,0,0.005331273225175086
22,15972a431aed117840dfce5556242366c3fwq,1,0.6737654596729753
22,9653f425ed82418570fbca890f7032b16sjjd,0,0.0013083264709440197
22,671fb1e314a1f480ba9ad9b5a1cf6a91w1k2f,0,0.014228275074006052
22,91d9b706f63537c5fc0027c50b0e3b06qpdgz,0,0.009121868942148368
22,8d43ad48f315364be4d979d2e9d5ee67quqyi,0,0.005320020967942747
22,dd661e2d6e79a5b3e66c82373d50f3ee86k85,0,0.0026710600886998004
22,520b616c26fc47935f6bcd5ec063eaa7w15t8,0,0.0018204903384799452
22,f186d292f4e83f70a92c97f92993f655ygqzw,0,0.004226580817607647
22,eaac863aaf84acb7529462118e7953c3oeky6,0,0.020268769295026887
22,ea0e5f7d93f2220a62bde8067f26daaa7oxgf,0,0.002779802747845491
22,4741959d26f99012b8a6a3e3954eae40hsy6j,0,0.015776987688434017
22,ef9ce9b85309d7d1044ce57055705bae8pqlg,0,0.005434832246081195
22,33031f476dec19fe47c0e3a051a68e992hmwv,0,0.057264966169502954
22,2918b09c1ed9e9e8602f85175b266aeej5v6w,0,0.0042704917940087584
22,50791a0a98478b7f78f8d30acaa4683dxab5p,0,0.06707292393029059
22,4679df74080bc22e29676bddc5bcbf51gsyds,0,0.012346622427657687
22,3d8cccb637b990ec64d662d66ec059cfn1p3p,0,0.0008014300040542355
22,7dc423d0bbfd840fa0bf75203cd7bcee75kmh,0,0.0035684365267549924
22,dfd5c9157a0a771f235c32f30aedbf84e2552,0,0.011028786788348878
22,62ac0de5f8776ca1d189297bdea9a64cmewb9,0,0.0023260142697963592
22,1291b98e40353f77928e363d54a13c569bhfb,0,0.0036504573556925975
22,0565a780f2c5b46837bbe9739ef15ea92fdu0,0,0.045528902388322454
22,42c407eb70ddacdcd59d63f22caaafc4fa0p2,1,0.521896885502751
22,96b1df591dbbf3a002578574671d9ff1rmzev,0,0.0026710600886998004
22,81a6dd18d43cb3b1999176eea563b438roe7y,0,0.023046932023418988
22,6aeab198df208f8628825f7eb3ec3701p2ybk,0,0.004039214907634343
22,ff12cd48c7de8ffb8b2099f262ce03980dqqz,0,0.003496320008227562
22,e0544483ccbafc4842cba7650677d043n2e5c,0,0.08126773080642619
22,d2138bce99f535c244dab68652ccfa2enshxk,0,0.0026710600886998004
22,97b002c9936e63a1fb9994a67615e84fft019,0,0.002473400097687592
22,9fada390b6c53ecb47e6f4eb4353e14f01xu0,0,0.0022179140693904097
22,3d94b376bae8dd60eea48ded36134a3962glw,0,0.0017675758291450599
22,c69e65de28937ebe1b94e7785afd94158thqk,0,0.1737308947632186
22,f0f21cd3d51b7a233988cb1c3c5df977zjqkj,0,0.001836196150191726
22,47c5cd21a74e45dd294cdd53041ec0a3dw3ge,0,0.22256123900117422
22,e22528ef6a439aff5a8b19f8c9b07c19fyzs6,0,0.003942564529530341
22,d9177cca9a1bfe3478cc4f11a0d57de2p8ahp,0,0.015776987688434017
22,187636e527504df29bf42d4a2b7767e54bgv7,0,0.0026710600886998004
22,334714f005e994d46cf4d18093dd4d05fyxc8,1,0.1429053094352463
22,10c1e1164e3f8298df9a35c891f67babiycsr,0,0.0013549767722312973
22,7b5bd948eb1d8075be58ec9240927bb59ugz3,0,0.0008306277528888352
22,1e1c9332e90c1cb0f01da223bc043c528cvwo,0,0.0026507371848740486
22,9ca41c3c062146a06d2682835f5136807yao2,0,0.001735668861548119
22,ea6c07fbbfc3f0e549701b1e7b90c4d21zfjl,0,0.04088243213781427
22,72994bece8c918a2c4c432b98780a7bdsctwr,0,0.001818222756957108
22,0b450f2827ec670da34be66ec2a520213xcuk,0,0.001778208835382405
22,d65c538ae39fc1a7e0677583bba5fdc6ax1et,0,0.16462952945288964
22,55b39a51c925bfb42fb812ebc5fe318emsjjf,1,0.5588247151939124
22,5c725e840bcc103bb8d12c54ba9a0b37blxvw,0,0.002859601291341892
22,6ed7b95dcea7b359248e9efce91cbb11lm7hf,0,0.018172863011592155
22,79c18f0460f9bd86bcfb25da96d91490jfuxv,0,0.0026033701647938455
22,f18d2ebbd5e48ef4f1ee412339d6ed7adr9qi,0,0.0007077283198629696
22,dcac75b5ccc362a66e7f9112f033bdebchxq4,0,0.0019723902616317858
22,3d54d594ffba32e8d6527a688e7227e30iq3k,0,0.0016739874387017772
22,e67abc3ba39537cc640678297a7c5bfag490k,0,0.052760043065605965
22,57e1892d3d62d87c9ba5e8425a1958c0fn11u,0,0.01819581646492145
22,2906a20e0b4f7ce840d051c4be898b66do6wh,0,0.23149572602812124
22,3961434cea4339f0049798fab2bc73aekuxjv,0,0.0024449942745375843
22,8b809e18804865ff2a2e799c9a5e8a48mtxdh,0,0.18493522295981865
22,e1fb642deec7b382433de94983d97681o14ko,0,0.017721240013330905
22,313ede314e2e05c31471fd6a93f98af713jud,0,0.008763103873389669
22,9b51afa3c3a736bdf93bd1f2a7b0a0903c34w,0,0.0063399755677375855
22,66513f72be85596a527f9f653db3cb72cq4jg,0,0.2849337362415409
22,5b45b150b6b683a98b5bc19c4214f44cvzru7,0,0.002266737643460231
22,3835e3bbf9a17a33867860a9ba19621dp4wdc,0,0.006875629546298045
22,c871daa6b709e008825b667b05efddca04jbe,0,0.05185804985209426
22,644e284380171fa793695a91b6a12c28jcwku,0,0.021409740625854896
22,c2294751630e49a4e594dfd89383b271qzp0m,0,0.032622425483089676
22,85371e59ea43c33c7e481ba3c214e893ail7f,0,0.0020826283015431164
22,20d08c7edbcb4b4ac0214b664ca5bb9cprntj,0,0.003150306091480408
22,d8d90875fbcf94c3b4c5c00479cbed6e1mqrl,0,0.0016829870188383668
22,2b72d702b44fd7dd58062e326fd8e4779j8mp,0,0.005553438553161823
22,64885ec89a54c64598b2d196e1fe2e351cd60,0,0.0023681620553744013
22,cafa845bd657b17eaa82940d4767d9dfe9uxg,0,0.031250379169374676
22,2a4654987b59646a120ac74301339afc4eylt,0,0.015705324517329294
22,a6e261c09ae8aa7d0a47ffeb0110aa519jowa,0,0.045883327229320696
22,45927dd51fb4301c459ab96d48f64752q0o9e,0,0.0015532014678372045
22,9ebd57da79b9286fd67a53e61528cf63a1w6c,0,0.002339610469898765
22,c9fbbfcc89730e961499b4b30ffc4a98umxko,0,0.003825938335281746
22,5e8bf58291656ddd5fd2f71825565446aiopv,0,0.08501378485189845
22,662b66b1227816c2f9017cadbc148381alne2,0,0.002315443009354714
22,0870fb7e5701f3ba56762b03e157afdc1yw7u,0,0.7812604591545824
22,876b122982958678f14bb25d887dd79dun3qa,0,0.0037081342186056944
22,8d8f705595701b921012777a281a553622300,0,0.0016249696514903174
22,445305769cbfccafc89ff5ebd004598einesy,0,0.029570696048698712
22,9f793ee6e6df7f69b5a5acb4e13db0476b26x,0,0.03301943202827145
22,0318e0a173f7c65db40116b903884c854x258,0,0.13982755178621842
22,6767cffbe2c0957492aa451560655be3hjd6s,0,0.09561355499027177
22,0853bead89b03dd38a04d84f4312da7dukglz,0,0.006028438271207979
22,796961698c2f2442e73c5195062370caawzzo,0,0.002405146523628339
22,05a07a27e235d01fe480ea6ac73b8838jq28x,0,0.0066620521257684485
22,7a71e329f3f2da98a3f82e7bfcb705a0t5822,0,0.043213423414648185
22,936d542904f515ea87bab7996497b11aszyco,0,0.0033515908842206878
22,f211ff014ed43c9054916f97d6187108mpxr6,0,0.9137773855612616
22,cbe756ce81f5c420a1f7079791ed9aa2js2u7,0,0.05711992169338759
22,e0a87bc26e13c599894d7a5103fdca786tfat,0,0.1014669940132025
22,c6108e22518279361de99b3c7c298235mkoa9,0,0.006418034604670205
22,4b3e6a8a52c413a32f76a6d7a84a54bb8gb0t,0,0.0026710600886998004
22,8ec9269ed4f5aef4584d887dfd9e595aaynzb,0,0.0017830259798028907
22,6c0212679f2439c4113386b2c6ef513e8wr8p,0,0.9395209968706345
22,5aae3111e4fab04fa5067c740329a38d11361,0,0.004311895542226393
22,936d73a062928a362901f0e507d57b0a8rjs7,0,0.004450929279834697
22,429f301119adc32d35541dd4d60903563s7nr,0,0.038553662270580796
22,46c0ae10d60c4fde2b6301bbafecd7b8dcla1,0,0.009936353876847196
22,bc7722baf876d0735ddc885691eb687bgz365,0,0.3603997995191344
22,cf4eb0f68d47e6d4b92befd0b8fff39a098cd,0,0.003733082908639062
22,af9c96944265cf541b3fe734a057821a825l7,1,0.7674936680698491
22,a283eb484c3245e5b12b18daccc075e9g9xk4,0,0.03301943202827145
22,61a4da78a5aa5bebcb3e9818a46771766gtq7,0,0.08612560889971635
22,b1410ac124aeb5ef6b06667786feb742tijnw,0,0.023498740110957997
22,6e18a078182a21b8522bb69a822cc338in7rn,0,0.002215061700692755
22,4c2af41637c123c78074e46a22526298vol9h,0,0.0023924422451151034
22,e2bda091a91082b774d59f2c5b8480ebbijs5,0,0.0013995623924318605
22,ef905e4d866c43dbc345751e7fabe5a568kjs,0,0.008962301378743171
22,4f07602a713c192a941204b27e2abcf1srnke,0,0.004553940133278506
22,916aedb8fd708e100318969dfe57a4639hexd,0,0.054866869363768986
22,e2e14e8e15204b504b146d17a2bed925qg3u2,0,0.03301943202827145
22,0ef9be4eb3b6a03ac2945522964b242ap09cy,0,0.0025014536053314645
22,86a3a9861ed45158e964f9d004a224b3324cl,0,0.0066145274966971914
22,58c3300ea9095cf5e59e27abf2a905ce7tl6p,0,0.015776987688434017
22,25b58d1533e04571bbc674dab28973f8hha3w,0,0.0031460587348671196
22,ae15accae2164aae084aef7e3524c1fflq962,0,0.004331713625521014
22,98a5197faba8ba72d6ee9e1c95d65d737sigb,0,0.0021783174899449934
22,06b2d71c26ef3b6e29277f761cd0db90wuwjo,0,0.020881396837481456
22,44c38c27b9de757c8c7c05cf07b7e3eb14qpt,0,0.2591557938712137
22,9ba7cbcf531c20ef7cc55a6da5c0654evwt1d,0,0.16832761772137755
22,3e2e03a4464642627e223fba066182d1qslv5,0,0.0017989854023926334
22,6a1d4042a5f3a3f34f5b3ea753ecce30l0qj1,0,0.005603388681447205
22,497b8beb19a7f674bc53acf7f5c7ec8cxv68x,0,0.0019463743215746155
22,511a640e38bf03022300f5503cceb2cd3f361,0,0.006687437259408863
22,43553dd8b9370fbba5efa6b652d9b43ezsj11,0,0.002210013665994566
22,6be863f26f22cd79be272789ac7e9153v27yt,0,0.014359670133252568
22,a15766d8d3d231f862996eb3ec33559735a3d,0,0.0018561213022950263
22,8ebc5b544d62622e45e1ee22a56265e0xwwsb,0,0.06141163030919592
22,d9a813646e8fae954898c1279196f5493gqzc,0,0.001703679609702557
22,3ef757c3d6a272681c69bbd7e071b705yzt8t,0,0.002128759479579914
22,42025aabb56a61f3bea90d27b283b517dyk4t,0,0.019729280394523464
22,877d96d9abeb73e437a8ebd74abbbf45p8s80,0,0.002880445449193655
22,85499f83c5f1674c87d0fe77838c4da793u8y,0,0.045403081680965914
22,67616fd2a1de5c46e32041354efa88ceahbhq,0,0.5419544438351573
22,5bb3c3ff71ef6560c7600c512128ffc8js7py,0,0.031780465345905645
22,39a5a16e5a67c2fb51789cea4d3091f0mv996,0,0.0037438430886702102
22,fe6ed3a12fbbf5da4980337564361710v2y21,0,0.005474288991519384
22,89291354b0939c342be97fa58e018bd89fvcf,0,0.0015125343662765079
22,8e05310a342aec93aaec69a638e83a96aqyo7,1,0.09958365442703558
22,fec57d2db5692eb144a71aaa35a11b58delkw,0,0.0017858372534257803
22,8bbb16c0a1bb808389051c875ebab1cea0v56,0,0.0034476686257909235
22,36f52ad1abfd307b73c9b69cd5197dddmmxgr,0,0.0012855742556707802
22,24284d3fc3334e0adeb6bb95637ca62d6dm96,0,0.007704161462529424
22,9e25bd3696b4e1775de205d2d4698a0df4s14,0,0.005642144331826723
22,83a24bbff5a4cf9d9fb10391102708f1oqpco,0,0.0018509968806530237
22,673650167f432c009e9dcd062cd4e9fc2szln,0,0.0014194703070625164
22,e735a2301a18772a8276aa1f17ef79efu4yew,0,0.0018020727748041217
22,c08ae3075278ed0d139f00ead52ac2b0oy8nw,0,0.0013571339670954655
22,00a0517965f18610417ee784a05f494d4dw6e,0,0.01024375759305816
22,f9753e9fd6e25e0a1ae176ab95c31146iaqnv,0,0.0031968568350901313
22,464506515f2ae684bd510b3a50b9121ec7v3a,0,0.027988798640002973
22,e7cf764619380e5303089f04bf647f10thebb,0,0.0038213821194614567
22,a7c910e7c7796d979aa9a7a31d74a8eaqsapx,0,0.03301943202827145
22,a8c2410eb81513da23261a49135e4eeacw6dw,0,0.07527683455399556
22,11e47dc08d7fa4d1a1953b5868892f72qvlho,0,0.01606244937592677
22,6e178db6d17d21aa88aaca5bf15c2761lc500,0,0.006731086643709595
22,cc4763c97c3d7cc9116e0a51a6d1f2e82242i,0,0.0015030906655734873
22,bea63152ca4d99f549999ca57b93d015z9kyh,0,0.0028062380812255584
22,d863897264a7e52d9c6a1be6dc453c6c9anz0,1,0.9145304011948501
22,67d6466d7f4a32d294196b8c16ee0b03kn9tf,0,0.06754777498416441
22,d8a4b49ed9ca241f025cdbd9637198fb71qmz,0,0.0034228715513420754
22,424aed9d807cfe0b2167cfdaa4957fc0heell,0,0.002125308359709343
22,7259271b61d2f05200eb2e1ab1d2ec911jlaa,0,0.00821312549336249
22,a7bc17dfb615eacffe397be5b2c2f3a6r0bb9,0,0.010955787535570803
22,1aa485901ede7baf78ea116e297e9d7f9en6i,1,0.11389083456906575
22,4ed4760782d4e2c65bee8cadc1fcdc89htz8b,0,0.002709218995070867
22,91c749114e26abdb9a4536169f9b4580huern,1,0.019729280394523464
22,3919be53bf4bd411ba25acfdc1362b49u4vle,0,0.015776987688434017
22,9f280cd011f10593dc245dad1d93b11dy6rg5,0,0.0018481834619710126
22,3e9180fdf158409adc96aceffab6e00bejjah,0,0.002251607666514683
22,ef1d71dde32e587e761a1b39d5b374c7gk68y,0,0.005933643229118796
22,8c33cf751b05ca6a9d886a379a84a2ees9jlu,1,0.1603058684494541
22,977436b0a445fa555d537fbf1d4bff2e4z40h,0,0.0026710600886998004
22,c503bb79d4f3522f51d348c680906c1bs0w7z,0,0.0030627568436414525
22,5e945cce4e72950e0930b2700e77fc8eq2abo,0,0.002659181944458373
22,6b3cff1e3d9398d4c125e7bcf612192dy1gwn,0,0.017379664450656036
22,daef74294e84ef6d7e009c2d51be6ee167xds,0,0.009606212852087953
22,c749a25f3a07304b959065d83bbfc5f75u1my,0,0.001453094302206575
22,26508777dcd84df59b467a60d9f18ca1pvvbs,0,0.02401584928406476
22,f069e2e45ce316168a94b972c5b7d6b0f342m,0,0.2929344489632436
22,2540f8192e425f9fb921db30ac1bfcbas4p6g,0,0.009187744364354412
22,4b32495335dd238db6285f7c6bbe051fv1qoe,0,0.007653495157238881
22,6a31ec9cbfe23a9398e80403859f0402cg4ql,0,0.0015554216448326944
22,372bf02911448b7f62cc861074a7ac81y0jsn,0,0.07527683455399556
22,d3f595832d80988c2016aeafd125d8f072r4h,0,0.004516282442383032
22,db85fb5556f17b744938cdcc2e7ce9b5urspd,1,0.13324236116602073
22,65996114740a63c9e0fde74bfb6725b1k9nuz,0,0.0014066694063123281
22,60edf674563f85b227898f6af0386476efy45,0,0.0018426011972010406
22,f8f87e237833c3279a953b785653b0e5qka8u,0,0.01827980448347087
22,142a2545c5c01937b05ac6de9773f9efgx0eb,0,0.021185042064176252
22,8a958e0092f6ca984107ea6c3975f806c59m2,0,0.003020208271931435
22,7c0add0ef85bb5194e95ceaea737f90fyv13c,0,0.002589834691932336
22,c0b7161a67a0aae21788103c08eba7e9z8e8k,0,0.002361449071676375
22,12df4a9cf4eb203909e6763960b79238cb0yg,0,0.011650930973046588
22,67fd1325fbe3cd75a110cc80b9df9708l0w52,0,0.03652615036580027
22,0496c24a6a7f593f28bf7896350e946advl6i,0,0.0027242940368132408
22,a3d0a600cdb44f03d58f27b19247cd0d4az4k,0,0.003905522910824845
22,87c5fcd8d9582701469f94bff3cc415dvq4ia,0,0.0017895624392557864
22,bd85d0d7fbbfab49136c241bdbe119dbgkuna,0,0.0018112159235125105
22,3c37de5e4321388ba706233d5ca4a0bfp7w67,0,0.015776987688434017
22,b7515e5f181a6d4884674897226cfe9cpd6d6,0,0.002374031545003276
22,c435ac9dcda855341e667d440c2ef7c6nd3mg,0,0.07649351442085582
22,e587d92842526255c86d3b0d425747ecib83l,0,0.2976541541953809
22,aaa8650a6e0997e90e4b6a9fc2ddf555m5c1g,0,0.022805525572468958
22,053cefb7e952bd81d7a6db267a121747te7lo,0,0.07339148460944028
22,4e22432d4a059b14d1d6a68a1feaa953k8vrb,0,0.0021215408816123676
22,71c2561141c55414618d67d1a8aebac1n0fjx,0,0.03301943202827145
22,0d9f78a6084bf15f42210bfeba95621255c89,0,0.0015820614144023402
22,92f8392be617527734a2f18482815af9ak8l3,0,0.027253478252848698
22,12c1b22ede3c23949bf130cc7bac6316ks7fj,0,0.004303439635229215
22,32dd072b16a69411ba3f67992ecc3e2144j5g,0,0.447244148547542
22,e4433ef42008dcff761f12b9ade6fd31krdwv,0,0.0024616000640858915
22,c34e1a988fb471e9eb8a5e84bb8ddf90k4hng,0,0.035963558603199657
22,8a3f5e16e4e689897d872716efeeaa0904tyl,0,0.002315524754506603
22,a961ba95d1685705953ace49a29424e2ld1ek,0,0.001885918745679965
22,e76154d73bb7d7b86d9bd48d167d3c679z0va,0,0.20325336833136473
22,ac2d643e0c0d3bfe8e54e5a961c6cfdb5xn9v,0,0.013554665110734079
22,afb7618f9e3fd071d4ebedf396e1d45drta96,0,0.0017397429899450145
22,a945c65b19da56d0c7358d8858fe14e8ulfel,0,0.09161395863780793
22,f8e90361c36eb3f6fbd485748e731fb7w2ci4,0,0.0042575925326590715
22,88ebdac47cc2623888e0bcdfb35b692ejrbvv,0,0.009060064038109095
22,1a05035da8ea9dead1030ccc993b5284n1on8,0,0.01757574160132705
22,308a5541e1206e126ef80f18cc29b7017520l,0,0.07142199053417574
22,c8a99985c7bf230f475a8e9be6a17d7a08r3x,0,0.0018487443007659328
22,722d1147768bdb5918584997e1f677e55g0nv,0,0.0027101489684275525
22,7da6a36817cf2d8c3be218a32ab25550c8kg7,0,0.004609986176390098
22,14e29ea004067aace14ee4543876a06365os8,0,0.0030234340597096315
22,2cbc26f228e0556f268e0dc1bd9ac0a5lzdfh,0,0.053591735236419004
22,8cab09b069755eca2b4e7fd6f6981d7d8n88o,0,0.001448576153410664
22,3ecced86078287dbd2eac2cfac98367fbbelu,0,0.016324660952481806
22,f430aac3f0f7f88a9b504bbb71322d54mct7s,0,0.07698141066091649
22,1c61726e316d5a16aaa80b429080c534u43s0,0,0.0021969754986156556
22,0a9c5e1f261c937c09817ea2d5e949f34v8oe,0,0.012868816456410795
22,a262e805f766306f4adb38211abf235akxqh8,0,0.0049993024667270465
22,97f541ffdcbd1ee34610e3099c5df42acfvcd,0,0.27547853565628794
22,2d2839fa92d1c8e94bdeb1fbb9e62149x6xc5,1,0.9822934021098834
22,1f2d607e5cc04e790e3961a6432d7c15hn4qb,0,0.0042326666785798975
22,29db827ba14938954c90cefe40d26fe1130kd,0,0.0036365336545830565
22,83c9359ad94eab7f4b8fd582a6db4733frmsr,0,0.006166480489284603
22,9372e27ce85a8c8b9460b87c37cf55ecqjjkd,0,0.07020570550302274
22,6d501ebf066c0331853f1bee9754e781obu7z,0,0.01819581646492145
22,e704e6fedbe6caa9b434509d085f4c97nq6k1,0,0.001492923275757421
22,a8a81bb8a3a35572bd1f9922f5a31217pw41k,0,0.017379664450656036
22,ee2caa714a2175abb13eb6ef15196368cwc7c,0,0.0064960895137735975
22,e134f2bb79d1a810aada6a24760c8910mh5na,0,0.04053878652026375
22,d9576f0ba8c7479eb2b26f0d15c4abfayk5ex,0,0.0040515001382806165
22,874402ea8b408a017756404006b12708d9s6u,0,0.0012825645621533106
22,ec86220eb6ce57c91a02a7356b342599jrcut,0,0.002158890366739923
22,721e69fd30e33488bf82b7e2f9c8cee28a9ea,0,0.0034865090881190277
22,715ee2811c764d5c58aa228ee801e518gqvli,0,0.009331769305940053
22,ae37c0f4dc6e3d99f5b0243fd18294cak7pxy,0,0.0604007864253094
22,aa20f72aba9804a4922195f66a876688rugsd,0,0.01901097692518958
22,ba319b8bb68ca6a12086f2410ca7fb3buxsei,1,0.09525264633803268
22,67ab503313f60aaba89f64e2ce3b459fvyahu,0,0.07647803376743678
22,2271fe5b01f9b8f9d8409014ae4511524grmq,0,0.0838786295939029
22,aa1c013a1de168c611560ca2afe78111g8i6s,0,0.042104890690210124
22,79794d93380946ef72e95f55b4abc008hsns6,0,0.0006838899751794592
22,f0e1c483773c2ef8466d152874872139e0wcu,0,0.0015608329680401717
22,faaa98763b59ed5f02836d4bd682035bfhujq,0,0.002187065787392807
22,20fcf71ad6fbd43f6f5fe493a6bc3ecfextqf,0,0.0013523757936670193
22,862eef3a75e1351593b54975cd8ae1b3swcxw,0,0.01996239428354924
22,6b531ceeec5892121e04dcc6f89b10a70yqoq,0,0.05326732490479975
22,35a02f50226eeda275b29a09acef2177k95eb,0,0.0025004470453667796
22,cc064e3409a1825e3c4e5c814376f140qxu5l,0,0.002637336391947951
22,16065749457a14b26998fefca503c3ecf9og8,0,0.006353970359926012
22,e241b80fc1b431397ba6c70f2fb8ccb72wbra,0,0.0022503012561084865
22,1bb7a8c04e70386f5496322158e9fc3ef6d84,0,0.010860052757830443
22,4d6fa52e125a18f433db6e6603b58ec7k1key,0,0.0066631475858578045
22,19b39b852ed4abf1ba5b095829e25b946aed1,1,0.6839282827038184
22,6faffebbde541edfccdb2725e430870cbkvo0,0,0.08503576081870821
22,5114111892d49b59415284dcf19ceebconhvq,0,0.015107397715414713
22,a8a2547a9153038fbb9fc66d2425d9a7efr68,0,0.002718980747663204
22,db12e9cad5e847cd7a40ec1ee649e475iwzqo,0,0.0026710600886998004
22,bf190f2cffc1a77f0957f8cd1c98257dofy08,0,0.010651685592373221
22,7bb914fcdec49aa88c7310a3dda716aa9fb8t,0,0.0006186890815517547
22,6da536112251f09a006b0c5223f154d46en4j,0,0.0023407652091008324
22,403d9c0288bab462bae858dc8aff2f94ti9ma,0,0.002447509395341192
22,e12177ff9c1a8413996f7b1a590980c82ofeo,1,0.6217960624946239
22,cd8f738dfa2ea0554baa3dfc4465cdb8izun1,0,0.005571827490135657
22,332ef2c7189603a497fc89345ee4f5605i5xw,0,0.013525425728772437
22,d9d24106ae1ff4f5bc4ec3caf29d7bd2c2f5o,0,0.0036175183091154196
22,9dd7e7ef94a7bc5bc9f98c42099910e7o76qh,0,0.0037464978950568118
22,e8291466de91b0eb4e1515143c7f74dexy2yr,0,0.7899569828060539
22,aa75d58c3e1207618d47c72ffb19c872bolg8,0,0.01962501582903043
22,167008af05d4feaa636a565f6f83ec61a6ogj,0,0.0018341227727925178
22,8b109c0aee5ed07fc996e73d28e65888o5jmc,0,0.06163032467145093
22,27ccc09ae923d1ca8ff7ab3242f279f7xuclq,0,0.004420625826951965
22,13c4c826516304555e291d3d91c108b3ytpmj,0,0.002283456713652574
22,04c6b750b0552089c87ae03de72289cfcpfmh,0,0.0013756001527500086
22,25a4ee3a528004bcf4f4bf62b9208a7dx96pt,0,0.6751593338021795
22,6130cfe76ed3bd87c8f8dc6b2b2786dcp44xy,0,0.0022398459090858473
22,bc3d08ad6ac94b8b5ce40a29b59899cakj3p5,0,0.054933494489582124
22,2dc309478d30d440e75c932b1f13a8fai2p2e,0,0.002744322608459265
22,e59ca537cb8df3053bdd555bc987b4a7c7m4e,0,0.010206782957786913
22,af33d5277890ef0b5f55fbbf400441c9hdehk,0,0.002746327675905701
22,429b876aa7e2d6741ddf322685363ccchue2v,0,0.0029438721727613327
22,679fe2a21415aa98a3cfb88abd0507edzjpsw,0,0.06163032467145093
22,00cc97158e6f4cb8eac3c0075918b7ffi5k8o,0,0.0007389522388157461
22,628156f3bce703aa6bd275089c6c692499h1q,0,0.1550033665099729
22,470727c18798cf0e0ecc2a0dca207cafuena7,0,0.015776987688434017
22,fff2c070d8200e0a09150bd81452ce29ngcnv,0,0.015776987688434017
22,d110111b8700f290b5d03a0e243fe375r3woe,0,0.0015389507212407053
22,7f3516b1bd7e5571ab964ba0affe9302brn6q,0,0.001986815551128028
22,37ea72c53cc50112ced4f88810f1b38euoz4r,0,0.0024777747840013732
22,d588f4c51e67a340d1991a8130ee0b56hy0r0,0,0.00904626128816
22,cf06ff5f520b14d1f9f1cf5a7ff34982bj4md,0,0.0023845430280276764
22,a46046f129f3526547aca680877fd8c7e6tfc,0,0.003641432474671811
22,2c449b1bbbd5f8d9bcc1159b7bd3caa32jhtp,0,0.0022448366491346168
22,c780bc2dc7ab83d5e5c85dd13f0f7fdecfxjq,1,0.0901609477152374
22,583ce05b5add00d9e7e5dcefb3c436f26d7c2,0,0.0026710600886998004
22,43c76d050c9d2509d85c9dc2b1a1dba4zb3qt,0,0.016217235903216116
22,96dccfc370343f6871dc478d5b2fc3ffx95d3,0,0.03005045130495589
22,c615c31c87260c0d85727deff6da6667lgg33,0,0.0025057875408876938
22,44bfa21b7d497f097a594c8861d4f8d4w5e97,1,0.9268181157744236
22,bd7d5414174da6df4b018c21495e8a2cxiose,0,0.3856245882285211
22,1fcca45fdd3d1d3638821f41e032f170en3h7,0,0.0013146879115628967
22,0c55920fb607fef2d33324f33565758a6e4dj,0,0.0015537895957960964
22,6275d51c0324547faa8a87b499812268tl90r,0,0.010933419313003954
22,f0ce8b973cb8d6eef9221fd3d6698fd4kl3g7,0,0.00488550715868334
22,99a3bacd3eb66c909a02b85402ac38dfskz65,0,0.0016370712953956508
22,ffaf0a972a6dcb3910fd6b16045781e2ava5y,0,0.0020036838760981563
22,d2f0217aa734f025ec008d24d13eca10ntuhf,0,0.015776987688434017
22,e4bee4e53a19aaf71e0ac0e3be752b2cz3k1j,0,0.0028156059676969257
22,4d2fc319ce6c2ad370052e0f6f2b0a1dxiyau,0,0.0043342945527300196
22,4f7331589f84c6359bd693513bc9d7ddlitos,0,0.2591557938712137
22,33ba799fab5e4145b54fac4234bb6e13up0tu,0,0.005631825615509884
22,3f977186d125ef8bcbee0c1562c7ced2b4utq,0,0.009214729625146273
22,77bc113594866d4902d6f867a456750c9vvmu,0,0.0011903650492739466
22,c83ee624c46235430ad4338278f6d270wfzre,0,0.019551308849787695
22,d8a10762de6d62c087a0a8f0e61cf78bbgke6,0,0.02484793218717449
22,ad590c59c30187b772258a059d532db42tf4d,0,0.03482211420932877
22,9a272c3baede0633bab0e15ff98d207e3ldpv,0,0.01738158875867994
22,c41cd6791e262b44d26bdb3443fcfba97wlm3,0,0.1807602415209558
22,77b342f0d8769898619a935e267eaad25rubb,0,0.003459338497865865
22,4de2f22ca840fce9ac653e4aa06d9b0cnhudf,0,0.00460355745974929
22,7ba17b1eb362ef91a99a6f021b3f2b63uyo76,0,0.031250379169374676
22,177b031b4a77f28ff167b427ca967b52jetgo,0,0.015107397715414713
22,f4189a40cc622eaef015a19d75d9fe21mylhz,0,0.0016370712953956508
22,e18ddfca4efb99a785c68ede9ef773ea8sfmz,0,0.015776987688434017
22,f29896e71c8077db28617a03c0f14e7570emg,0,0.0030348373081309915
22,f2ea6d89dd9897f0d6edb6f24c446f01ra6yk,0,0.8418752663599354
22,f1e57f96a91c185a7ea716c2481cabecpi3ia,0,0.0023708197860127385
22,28763f241cf0483ca1dd3aa1bbcbfc37xntso,0,0.015776987688434017
22,7505bfc1ca67a5ae14e329b46a88ab869ms9g,1,0.34855340981228783
22,2d38a6af2ce96c1446f900aa4756b8975y9k3,0,0.0012665623537646338
22,69333c66e55cdd6cabcc6ae64531fc33w20n4,0,0.013826712967921479
22,0ad17aa9111f657d71cd3005599afc24fd44y,1,0.8748250076884885
22,4089a2b7f26e5c13a7f3350bd52ebf8fh21nm,0,0.21585437579722244
22,ddc6dc00f416ce10f23b57ebf758c2eeawzjw,0,0.007840917948043903
22,5f56908449455ee9670c7947614f7b4bxak3c,0,0.004390496724078415
22,458c8c4e10e5c1b29e3fbe5ee56d46e8y3fb3,1,0.9450510504125436
22,d154075c75cbb3f4b716a16c88eedd774i8s0,0,0.005209377027175125
22,fdd6944b3c3caaa7d1234ecfc11f8d080h90x,0,0.0035068886100248797
22,9f52fd88ba073512be19e3d24d4bb6f91l531,0,0.020514853453581037
22,5640f30464bb5a7bc6e98fd2873fc25dh78hp,0,0.10389596858279551
22,29e08b4d18198fe9265772fba3a4f6c4mj1rw,0,0.000770788413438555
22,e29ae1bd8e6e7dfc9cb43b1572d3d55ca0hc1,0,0.00225246124926923
22,0589cf78c4bece729f0ac620557210e13no3n,0,0.002303338467182904
22,7e34a26c4c339e875997f4b9239d2b5fscng4,0,0.26413941894905263
22,235f78b13fc87c995c1f309403ee56bb54tu5,0,0.00636543489351339
22,2b5c4051f232c4848dbbb477c5ad7f389f4b6,0,0.01819581646492145
22,18e751726fd7c407c41cb18c20da2c4er5z1r,0,0.0018336303801278796
22,efa1611e96c3238913333b8525c6a196rvy38,0,0.001715537246882635
22,aaa686462ebb950550fc1c6136ffb273vkrc5,1,0.0060508764146757965
22,9744d8ea513490911a671959c4a530d81fj5e,0,0.07628756028253053
22,2baa5a9ec317cb21a11d83f6dc72a2d6xy9jb,0,0.003851232692875735
22,369515b3af4f8ca582f90271d30b14b6r52aw,0,0.006890452536497427
23,91a3c57b13234af24875c56fb7e2b2f4rb56a,0,0.0018628627728729346
23,0a6ba32afe4756995db2f5cf2461cddbvj445,0,0.0014408985650402584
23,585e7c21b80baf2225224fe140cdb1a73ddrf,0,0.018191859162886143
23,d29003d7f3ec1f0e4ca9cc17e6389b4a4phcg,0,0.0019945246847164646
23,067ff22ebf0d33fe0deedc816d75973865jo7,0,0.5542693710419035
23,322addd5687d99bf69306148e12f87dc5jbsh,0,0.0029975376004921354
23,29cc13d48af9832e0eb481c8a095fec7mom74,0,0.00115383812303657
23,342f22fed8b1e90c6ff1a6b7bd80f6334w094,0,0.0014888933678375016
23,f60edfe5177cab56896a9d6860995095cl1bb,0,0.0026328407733093107
23,927c5e145de79f9ee2ada0ddc054b4e9hc3qj,0,0.26741278465476154
23,6394edfbd35aab54801518835e33ed50hcr5f,0,0.046490202943523296
23,68600b8922561fe26b8b6acf1d11efdfb24k7,0,0.34751245370821854
23,dadbcec8b02ac75c5935f419b318ceca1wwjw,0,0.041521912407680314
23,c5babbaace35399cf51a9356bbc22733xpi5h,0,0.00254193927704715
23,f769b9f92260ecf046efd05bf9ab6822j7c02,0,0.0017038312697664653
23,d9c6b6d7290e4475bcd6d264fb33a706fqtvc,0,0.23185365179146536
23,f5a67722732675f6285b70b9f008665fq01bk,0,0.009006070603195873
23,d0231e5200b870c055db7e3daae24bc8lt7at,0,0.0038063195440770294
23,48117c1e2b56cfc8739f83683e01d9b2aoc66,0,0.0024929160944322467
23,3073231f45ca50ad6830d4dc7261f283iwjjm,0,0.0013536026075717
23,3b233dc399f175100fb11ff9c66fa5b074z60,0,0.09846196226189602
23,ae94687eaad6b410713db9106c42566axgn9n,0,0.0018796900669246974
23,367edc726ba8e667973844395493559dtf2o3,0,0.01584570049096253
23,36b84c776aea2e008180dbc72393ed750zsbr,0,0.025263897491851987
23,3edae72a9d44c43524c0203ce38581d1790xh,0,0.025263897491851987
23,efc61ad6db17265a4bac85f77b154ef414tpp,1,0.001907928984476993
23,b27db6c048fa41b496dfd3423226bb0923yfv,0,0.002228988507953843
23,acf06eabed56f179cf32ab60b6b076820ajls,0,0.0029890008671279076
23,99fc8ed25265e58bc94d9d95180badf4t2e3i,0,0.010143532564263619
23,3be127c56b2de21dfcf2836f20afe249hqkxy,0,0.22962301077501274
23,85155ae64ccbde01b48fbf4b3f1b739exmqyu,0,0.001921194650151601
23,74fc24cafc7c5936d0422b8da306365byjv2b,0,0.002487004355423256
23,de9f5df5962dc171c7d82ab503c36dbfwicon,0,0.005277591398500011
23,1053ead33eb1a5db7c36c979a455348abh9ns,0,0.0015035714047783263
23,4955e2c318d0bdca797ce17794ba18fblhaau,0,0.0399802223098451
23,1880a778c9dd0cb15ca1f052308a8e04g7e35,0,0.006664442597553163
23,72dd0e4788d25f62cc2ba942bb9499dc7quqj,0,0.005424608026364326
23,3a5420301c0dacbc5675f6f09aac0143tuodl,0,0.09438795597179689
23,e0413f338c43c9d55ba53612d2068f65t4gs6,0,0.02832310006469573
23,d6ebcf2149c311d221b233b268870b3d5gfe2,0,0.0014191613988214218
23,dd055846eb553ab8e953b084f2048d53bdqec,0,0.4066328403486736
23,b5310019f2bbbd975c64dc11189191022k8tj,0,0.0020026491118419515
23,e3ea1d5464543a1ef3a9b60394fc4ab6i1jk3,0,0.0026857228311967323
23,7339b024b285f99084bcca768cce5c7e0h2op,0,0.06297621170777362
23,82bec02fec2f08899489d7a5c35a30a0lbszo,0,0.001685875926757246
23,245b584befa6a5b8c759491f5f3db580p2m5v,0,0.006263485589007162
23,481db1a88023d22b3533044bff5239dbf3cda,0,0.004117474789792962
23,408f81a85f3b31f8cabedf6ccd381961pop72,0,0.004662286411853854
23,175a06fdcf622c9455d0a77990b9302dj23ke,0,0.14132733857610527
23,a9237defb0a6478098f242b27ebcef18qrotd,0,0.0035717159838276648
23,aa8aeba2bdd0353a108b9b26f12ed59559mvz,0,0.0015892822121940774
23,a8561bec318a7d3a0082b35b086b4428wekph,0,0.05806883589183377
23,31a301c70e897bf36276031abdf07ab6cs6z0,0,0.047594252623126714
23,40e00fd204d0ce97110032bfc47f423d0bgrd,1,0.8327460256179531
23,bb790a228de797253bf6afa43ee52eba1s2dx,0,0.053262852567951484
23,7b93ccc9d5730b561ec5fa7f4bd48c04qudf1,0,0.30020104237026896
23,29544507566320f1125d8e9f9a0ab3f2jswhk,0,0.9040672193186376
23,1680f758aecded6e25096b3a6199b38en6n73,0,0.003244688432247473
23,f93a998dc10a4c98f65c6b86fdff651d5i4qh,0,0.06886374297638288
23,c9056fc0cade75299ed4438567a87d6ek44pt,0,0.0007257429745442973
23,bd0f0c497ef09b5c1bb18b330d932bffktn3i,0,0.15742047357177413
23,74f153bd134afc92866a6bc5cceb2088120y0,0,0.004789976716693489
23,7f4e84da8ed11f4ea3a2d276f49949b7o31us,0,0.0020528807144505534
23,e1b1c514e1b87826fd045588f1f3881707cyy,0,0.0006256444314348818
23,ca391c857d7aa75a72e2d7c3133e0d6ay9pil,0,0.06694143466637457
23,f2bf8c94172c4d71076e151cb4e136007iiur,0,0.0013676300095741658
23,ca0c049b8c37c99ef93b6086e9947135onppq,0,0.001757600051629169
23,8f00a4c4d7f097bc1688f8d89431f6bfmodq2,0,0.023512697521115806
23,c4b598fcb343bdd2cf826fc7541500e40xtte,0,0.043348496303181015
23,295fbc4ef00fe0cea7947811e78bb8aez9ti2,0,0.025263897491851987
23,ae45f9b94d86f931c84c94f3975e3d7bkv2r0,0,0.02506205677791488
23,5d02346d70f11cd61d9fb955846ee9bdp5o6k,0,0.0013536026075717
23,3fae46174ef1a7dce5e9893775f814c4so8s0,0,0.046490202943523296
23,6b9a3d480add21788772e118e6d51ed57e3w9,0,0.003593056130249893
23,30ef7862d69b3440ebf2726ee85a0b8397ta7,0,0.0021040912895251844
23,f8d0d52114da74d98800dc7553008705dth38,0,0.005680841049465911
23,39f9dad880d32ee607af7571ec24807bn1g2d,0,0.028842752296965535
23,f04748a1437347d837a65ce04ee7d94enqhub,0,0.031092962854308757
23,b46132a554a2a3b93efc5a9352036e6crl6sk,1,0.29574967320903206
23,18eb8d55c84019b9196c5ca7e072b287bv68e,0,0.002299072917250264
23,a4c40fd7a4c1040283fb2b84611eaad240849,0,0.44725170201182624
23,4ab56df4b1befe3e2ce5cd98e8950ba2psqq2,0,0.14773726345865315
23,0353aa9e97bd46119c90b8892f99982esfem3,0,0.0036472602412778526
23,f01d8d55568b1f54b6946a1b78a3983exkz5u,0,0.0025651145710786903
23,9211adb9cc770c78a70b55441acd146bfxnz2,0,0.004357871176761219
23,e69dc706f159ef6e26df0d88388bc5edlymly,0,0.0029131869628890848
23,55d0b2506cef6464d799879b65c6ba29hjcv3,0,0.3003472830453999
23,7ce12bb499c156ba4513becaa42aa8c143v75,0,0.008792692031987175
23,b7efeea5ff94a281635ca2f0f7e8b3ca4zykk,0,0.006026453742328934
23,e5fd2ebbf5bac9ddc73ce524e1b33c3akti0q,0,0.006005786731665429
23,ff566c87f2babf3dcd67be286e1c6666cxzh1,0,0.0025314936204898254
23,b1bc9ff2b98df742affda07c5977c7345dpm5,0,0.0006851518136472528
23,05c6b93bf8f083b2d0a03ffc0fc3524ba8fi5,0,0.004648855407508498
23,b6a7b5bba132a90e7c7cb350d2bfa52d7sion,0,0.8984439016956567
23,dd1675bf26316cd4630087fb47d0ff8fsug8e,0,0.0035747794889054952
23,20a2d48ac3400228e7a0296aaa596a0fvckdc,0,0.002134468028753459
23,9be87a4f123366660d7f6d40ffa493a8ffpsj,0,0.002252687848083272
23,42cce5c657dc7d99911d950cb22fcb4fmzz5e,0,0.0031439448761981614
23,8322695c21cb27accf0fe269438bd78fn3x44,0,0.05191288321531508
23,51d2e1b98b7a1e42b939637dc6e11381zu201,0,0.0047645818691275195
23,061690ceb6004807b7906968bf382dfcbve7y,1,0.8485744004941361
23,61101089c1b34f409fc9b836a7f9cd163y22l,0,0.0013411849569318487
23,37ebf34eaeb8a434976416c34ed5c6d8ywyoj,0,0.0013255726920163033
23,29b8af2fea3881ef61911612372dac41vczqv,0,0.08431617115925161
23,b1729d5905e896a8411f81bb65d66343ladls,0,0.0025022548910339404
23,8bf04b0a219c7834b25057c0220b4d0dhwdsg,0,0.0016620570871319822
23,82194e7d8f9b84e71b789e763b5c3263r6d98,0,0.005136010587723466
23,06a58d4af0fe7ee15324b0e921e8de1260vef,0,0.001953879564598994
23,012441119bcf83b23d4768bb72cea6d6carua,0,0.010433981974875214
23,40ef6a4a0c99b478fee1c93f4105b9d9mh9iv,0,0.0444660133492017
23,88bf2c0f5460e28deb5eca2ef8e5e809ol5ru,0,0.0012459968864828436
23,8cba56e5e7c2be942ea8472b73f0842fil1x0,0,0.008448157018026647
23,40efc98d259ee36a8c2a387ba49f39d0fa39h,0,0.6690629670687999
23,9aca61f505f40a3b4f7865c2d00e2418s0e1f,0,0.22293431863861807
23,d7340ee3c04e600c31fd2a34c760f7e7d26bn,0,0.0034185510921437294
23,1ac788675f70655e71a013892d701e901kj13,0,0.0042845741183914245
23,d8ff621bc161b09d9192c445f4b3be7b8xow6,0,0.0018702120408963052
23,156f4a8763e602ef789f8048c6928676a1ily,0,0.044397828668612006
23,1b268ea4fe034638a92d683b94bcb330vee4w,0,0.0013536026075717
23,8720f071e045d4cec9d707c583a3d64avjyyy,0,0.014604284259039002
23,69b32dd82f265a04826106d17e2bac9ao9fu8,0,0.0014336166560927491
23,0daf4f87eb695e2a84e4156154209e09k6ga5,0,0.025263897491851987
23,10f1460119f9e42bcccd0f68ef59cc830pwtq,0,0.0016403242051219364
23,9f7e3e648ea8e6815c6e7caf59412e843iqbz,0,0.005968711607075478
23,8ea020a1fdccfd726f74ed7e90dc3400zy9iy,0,0.0022782422486087362
23,99bfa04865566ca88573ebfd3c7fb1f2c64cr,0,0.004119846205198991
23,7daf0e51b276c6ab5bd2ccf520dae106graj8,0,0.001479827882503751
23,b071545f5ad73150880c42e780d951bdzvxn7,0,0.053813580609115015
23,676ad0665c9bf74329ddc1f70ea48c16stnux,0,0.0025772108866358627
23,2eaf4eef52d5b17615d08bf77386fa42yotej,0,0.015056271556143896
23,80bf6ab93fbb8316efd5c0b42d4b46c83qrdn,0,0.046490202943523296
23,4d0d345f552877998f41ba3cd1ba299885vu5,0,0.004789976716693489
23,055eb52087e0080b8ebca74be4f823f5c819l,0,0.05861641012975
23,6713e820273f591bdff7d26a48ee30c5k4iii,0,0.04523880443194061
23,6393f55c093e04e6e608e1ee8be9c3e28omjd,0,0.0045149202451854435
23,9d98d3f00a0c0bddf35470b0fb735fcdhiriy,0,0.7268759242043255
23,4882587d42b3d7d8d7bec4315203f10bl2fts,0,0.046490202943523296
23,cdf76f38b6f46a3bd396a99123d26909xq5c3,0,0.039509539465822884
23,9f101e80580cbff55a2307c028408a91nebzc,0,0.21789793791477177
23,a9062f1d7c589bb01ee0b330ee8791fc702il,0,0.46258598920205657
23,9af8e7dbdc3c620c8144d736242b3bd2fdbpx,0,0.0029653525645986353
23,73d4cec0ad358d272d757e0fce8440d01fvw8,0,0.025263897491851987
23,4bddcd4957ff826dfd3b3efe6eb96be9aw5tz,0,0.0234151889897279
23,fba0c76970a464cfa9c043c906442f0eg53a2,0,0.023512697521115806
23,52d8066e28f168e5bee769559ead307e1go7e,1,0.08689340028540954
23,d8ada60e3b7204a104bba8c073136bb40772o,0,0.0016425066124922262
23,48044b1b1f47f168864bc7c4a58a65ecmt187,0,0.0015009543480013566
23,4761b2fdb4ce610d1d8dd9ea50f478cf7et0f,0,0.0013536026075717
23,02030ec48b7179a7fd9950fdf546e3feekkye,0,0.005253152408701192
23,84d75f71a61667cd327367453b4c0d2frury9,0,0.0006529485817514417
23,1dfa6e724441ca3c913b3d40967c17b2p9xr7,0,0.0028446087896577556
23,f27321571b5b6184e86acb6203c766f2bsfxg,0,0.007877264974633999
23,a4630d8b78c796441a1be187f6907b11c5eu0,0,0.0029163790260401685
23,0141844fc725a85e38e12cc02fcdbbe8ofqxv,0,0.001911916820396561
23,359444416c25e6e90ddb2e3d3d0bc23dufn9s,0,0.025263897491851987
23,3e85a43950c71b1988a814682abd4392yakvp,0,0.3891829631207753
23,f0567f6d45c0f83b9874681fe8dfe0ba6hjlf,0,0.029705242577006796
23,a1922a9ee4f9f5d03fe11816c2cc3eb9ivcbp,0,0.0014733369282782629
23,b5a92183d20e5ca98da4065c874e0b9dezbhx,0,0.46982578343391856
23,0c5992f18244e24d2d7b4708a512378729eev,0,0.04100784795920704
23,dc9a7ebdb6fb8dd3267ac26dbe5a62b68e4vw,0,0.004789976716693489
23,147164a9fe8a6bce381a224e9f13207cc1mdg,0,0.0212609437359847
23,c72012c8072e2441b3ba8173205cd298cde8a,1,0.13703347057842497
23,d95c969eb09086bbad373dd8ee80cacbuagvf,0,0.06118580148037475
23,d9ffd2f7f3cc1a546586701c2a6fbda24u9ye,0,0.4366033993504024
23,173991472d4ee18932f8514b9d4a9dba7rjqa,0,0.003310279706916465
23,5b1bc916ca111874eda3bbe669957cb1d3mck,0,0.0014000067332582522
23,eea590b4da2709c294e8db490f5997eadyc1e,0,0.0037483170486641276
23,f73eb6e2e7a872f97c715ccdcddac77am8bq5,0,0.03660740632188913
23,13dfda714fb516e1f9f7abb0c927bdc2zmw55,0,0.025263897491851987
23,2b044b4b7949b96e38084e59b5d1d328jib5o,0,0.07220860949092299
23,414af5edf09c473bde75644b76a68e7feesrw,0,0.013837121632131718
23,23af639c0bd57bfe9bcf3b16973d58b7666fe,0,0.006186982398329278
23,5830a96593aff3e951919578f7374f09pqyc0,1,0.9337168403612605
23,9db7471a12cc3b8fa3cba86bc00abde2t2wz5,0,0.0017158752774228837
23,7622d7085237d6b73d08e9d70ed11fe3u8mwm,0,0.0011981622139775165
23,42f754cb72e01c08005598e1f9383341fn7xh,0,0.007160190402767105
23,bd29e36cbb063cbb96ece76680ffd9121dy90,0,0.0015063940769352968
23,1ef47d501d4b36498b51e184b1027981xu89r,0,0.0020825119907943584
23,8cc03b92898255ce4b096454645599ae5zoc0,0,0.0018894052755872878
23,f7e3635c9a532fb9a60d6eda6eb7c7de3uqs2,0,0.002322790201989558
23,2b5a7c969ae95b239583f09936560b85g574d,0,0.0016066786672954074
23,69e97e52dd6428671f46f2ab6567172d8mfar,0,0.026277474557588863
23,b34fe965c04012fd22123ed948257184pqvfg,1,0.8464415678153976
23,de3bbaaa3bbc1fd1f751d23a972916d80q8e6,0,0.01916462486903049
23,76d4a0147a60d871867f00adf45cb792w9c6n,0,0.02743815866539907
23,60849c6d966f178808d94543173cb93dog4gt,0,0.0020827072419015457
23,a32cce991a2f597f6e5a02605119f99b1dyq1,0,0.0014056134467061816
23,bfc7a0819397d910db7c24eaba1ed4c68dwiq,0,0.0016399127190871218
23,2635d404f4943f3dbee24aa16a2953c723iwd,0,0.0020709383287573586
23,6feec0741a319299c78c47040893399ebas6q,0,0.007516547831380095
23,d26cca81c93b52ae3564aa6cdf33f5d5mkliw,0,0.0017676152491148723
23,c9f94611f4c9afd3a3153da9654e7310jr201,0,0.004175826543297744
23,f12120e467869d3d5dbf7c7d0566a8e7bmmhk,0,0.0018700808985666984
23,497ef6187e03fd9d4387ac436461a40f982dq,0,0.0034297278456495986
23,4ac31aea605d17045ceedbce23eed239omved,0,0.08911698454110449
23,c963c2dcbeeb0b7051bd3a6a87483ce6i98xx,0,0.0056965230113399275
23,d7b66d95bcfba06122dc6f7a3c605fd73239a,0,0.0038042307608495357
23,c7c854748038ddf37b8a9c4f5a28073fsut8p,0,0.02288053841763782
23,5fc9437841f1dbbe63a3a933c48472fcohutg,0,0.002053120652264889
23,361c6da33ccd1c0df152fd932e6fb2a69i4ux,0,0.004439283681217538
23,9685887173cc2e1e5ee3993832a4b153bfl9m,0,0.006330679235847594
23,716079d1913959ccae0307f760bcddddt6d4o,0,0.0007007792513422769
23,c62a6956e93ac3b56b1292f2c2d85b1fyekav,0,0.004789976716693489
23,5aeb71cdc92fe5d1c4a4e127d7ca7783gzje9,0,0.004161377161189227
23,5a823474f9fdaa129dea9fa690d51b62rgm7q,0,0.0033257885798007934
23,2b19566f190ff3b8a85884e03c64fb56ir8a8,0,0.025263897491851987
23,a71f9ab1d130394882cbdab3c886f1b0fm6hu,0,0.0006705521648074947
23,c478f94c1323552e85aec6e1013ecba586320,0,0.8676460919767818
23,30c3c92cc9408f55cfa895ff8a505930a3yy1,0,0.002781029395183688
23,83aa7c2c8c018888d9ebc6daf63bddb6f2i0d,0,0.001832734105965655
23,49eaad86d095aa5af75ce34e59e4b7f1mmf9q,0,0.001661813804513243
23,da2841ffcbeabaac373f00039c10f39fty6fa,0,0.037394659873589496
23,ed4802c318a7e04a5703ed115fe4f3a3kkugq,0,0.007295500459870279
23,6679d668a393f336ba9d1cb6a154e03aifmkr,0,0.0025896953629880753
23,1df1dab2eb718c3da3f9a0aa90b93651sxqzo,0,0.002029956662089121
23,1395ca662a02245233af951cc7ad8313vk6w0,0,0.004548221543303883
23,08353687608279ddd83e4d36fadd1cd8ritj3,0,0.0029626903032509066
23,559bccfe60c7193963f09388fb681ea65k7dp,0,0.002006580412265839
23,b9c59dcf41cd0a7ba779154872019cabmohkm,0,0.0013389098919727707
23,470a0e402bb9cb4d48c2a450d2043e87flc2m,0,0.0024347191367692267
23,c1d14f4355b7d3ef80f02628e5ef1d56u2510,0,0.025263897491851987
23,81c9c749b2c9f97215f3ddaf8b5a5fe1k757u,0,0.0021053893060337804
23,6a97f70ba29a04e77eb3b137e157070dc2mqc,0,0.0012450652123671827
23,2b13a870a46975494b749feea0c5c7ed170ll,0,0.021529949033959325
23,47183c1427a3cee97ff9bd167844e65d9dzi2,0,0.007533808654165297
23,5dda8ade6b5d4065f3119a381516c227yoz8y,0,0.024943797895379427
23,78c82f2e8764bc8001354128f9265efcqrthe,0,0.006307897631338976
23,7a3378ad9999b1fde0a4562a9b036f038cdal,0,0.004789976716693489
23,4997f0d7074a1d9f8bedf5575b6a4372w7nro,0,0.005072338853623711
23,d43189c6eef7a763b2f8596228807dd89x9y9,0,0.003006533021996284
23,a0d080012ab98513e39234e4545e93be17tt5,0,0.001458752186803247
23,4199816cef8be846ca71ae752575744fimyto,0,0.8331151629975102
23,e268d06507859d78894a8f6e11995f48zls7t,1,0.9741859947111642
23,e7445f6107c8cd3783fa722c7dd29fe6rcd3a,0,0.0014253757522736663
23,29bd1e11a41eb2ff50af75d10f28041ejh9xx,0,0.0029495701200974015
23,ca68a41b3a4062f154dc1ae8456cd792d6kp1,0,0.01612981682631498
23,c5863a228287327c9980d12a632985da9vi29,0,0.024675307080320657
23,eea79e1bfc21ff1b9572213e540e1252s5iuy,0,0.001517192152252211
23,898419c2d011d5a822e9ee07c387098ezpc12,0,0.0020825119907943584
23,59cad1329d42bda3d678bae082bee7edgvt7q,0,0.002149685149154594
23,08c39ef7252995e0749f7927249b8dcb1d3xh,0,0.025819726269759865
23,870932eabebfc108296437c303db6055kc3t4,0,0.002020524505209316
23,9196288f121946095e5c402fd326109827t0a,0,0.6259882418887477
23,2d73ed3974473a764859084d51334440k5q7s,0,0.01100773923098303
23,c0e3343070766b359c664f93ca65040b6bh2k,1,0.05371626906154724
23,06c281e31f83dcfd3fe70d2ee2d66bc7e6fw6,0,0.0006818153825538107
23,06ddad46112881df154e3bda0e90fe880r57n,1,0.9589348865320312
23,d428139761f7b7563d57bb1f87b55876388j9,0,0.0016792328315526387
23,24d4554556deeebf61510cf3e001edecu8hgj,0,0.008312600688815475
23,84560dfb1400fe920a29ca2c728acf1e25eli,0,0.009106877555089708
23,781972f2af3af2abc492f9dbb0f6fceahnban,0,0.0033090322357911795
23,655a95d80489d145052254616787cb84fwqid,0,0.0006825167870648549
23,1dce9aaf9d6b9cba38f9c7489764fe30nlrq2,0,0.0017321243745876712
23,dbbf9d9b1d7fa110208f77a681008077plqng,0,0.0012499908140458328
23,438e53670ffa2990cdef656700bb49bf684fz,0,0.001645777659099395
23,b86050461e88566061c796dbccb1f7e5at242,0,0.0014999217739574534
23,9197b6590c6dceabd88ec93157fcc31fgb8a4,0,0.0021286912109401215
23,fa64fdb8ad70e86efbfc31179e93e99egd27l,0,0.005957207357261041
23,57c4421263d37c2cd2573cd7245a7a80h0mjf,0,0.09299354283470415
23,486dc9de91d243625863313adc03aa6bv4s1e,0,0.013311039850215572
23,cd9a7b22d85c35845260cd61a4b65cb2meyel,0,0.002204633665462693
23,58c2b44923882a8252963e78886adaefh7hnm,0,0.005059262757699962
23,36473d4c641c4c09c20c80e2ab35a36dwzp5d,0,0.0015345089088703609
23,83e8aa6cb15daa745c75ba3c29a2f646zjw33,0,0.04435351036290748
23,233e09e861813cd087e8937f32a29bccs7b3l,0,0.0019782240366800186
23,461b089147eb78c582ca8a30fa7581a7mflo5,0,0.0016990829236295268
23,17c59325ec223c94dcb301a7451c39871vxq3,0,0.0017643063592146769
23,50dd191676497345cc95d8b9f7284a7371z5s,0,0.025263897491851987
23,f781d7cab96d95bcea507cdd43b24255pw0dv,0,0.4828260848205847
23,c349d767ddda78ed58a3c5769e780598ar3ei,0,0.023512697521115806
23,1680b6a12fdc8c64645c00ae8048f99c6uzoz,0,0.0026335401570878585
23,a37b105534ddcabb169f6ae3ec928d85slw6z,0,0.0035474189817726112
23,a027780df5d0312919d41edfd4947f27odx7t,0,0.08324021538107601
23,624ae2fe9394700eae7a35806e4bafaeq9cty,0,0.00337453677396929
23,d5b75c812d172da1ecb3164a1cfb7527688gb,0,0.002940438108896215
23,dc4efb7e05563288d1f2ac4ca65c6734017ql,0,0.021014026831541955
23,ff92ea4abd33ed38601287f0e1d6726dmgx1f,0,0.29728616948814396
23,46a28eaed47c29b4fd148a50cde44840u0bsn,1,0.10907458783696905
23,b17ce8bfbb565945ee9f289c2ddd8abbu1ndj,0,0.0014098323648182834
23,74487d5ffd5c34de4fecaf9dcb66f86b0wwa2,0,0.007656194494083406
23,2012c722a90bc47f1abbc8319d0cea51p7l5b,0,0.001488462687117896
23,d5337c2d4b58426b30c8733313eb5247syn5p,0,0.0009250289895290838
23,2234754e09ba15519d0104c405326fc4igk0s,0,0.011373545694572811
23,96982cc1eefd6f526b512755151227c3h2w3l,0,0.0073214268962913855
23,f23ebc71f2d8d820db2bf0576ee7e148cxvkp,0,0.02513225911139375
23,6d033ec559ea79a8ffb90d80e0b24e93j82av,0,0.027951794417060406
23,88641b0f22cf175876bfc4adc44c00f58b5rz,0,0.001377754809413508
23,531d4a209ec0cf76c9337b42fb1c3d9c9tcuv,0,0.002665105678729282
23,7eb7b2f6a914afba5c3d207dc28a93aed9pnc,0,0.007003147495859321
23,8bce581a91921adaa5fc20e627cd7b94l6cp6,0,0.001737183879467572
23,d7e83a95a05308d4fae6428bb9073a7bg8aoa,0,0.002856574997030936
23,0e5ec5baf2e15afdbf5212d8461e1ad9h3kr0,0,0.001955933136627353
23,340d7ea497f16bdb912ec5c6ce467f71kk7hy,1,0.1419775045819512
23,e8b82b8640ecdd154eebe6b36ec63f0bdwhc4,0,0.004446566916727304
23,0b3d5f829d18ba30d967fceecb58821c3oeqa,0,0.05942303598535644
23,437c191e614776c1535305f602ea9033sdfmf,0,0.0017406643600739761
23,76ab7c99de4a3141bf617bf30bec9feep3zuy,0,0.00210003143035211
23,5c5dbe70c2cb05d208c22d204146e1e9f3lvq,0,0.005089136417905158
23,cf1f2b6f29840e1ecbb31d18fb128c38bseas,0,0.9912449032545279
23,8df5d645ed4040b857c121a4459b7976n5u3b,0,0.07814368634751753
23,c5c8a28a166913512f5bffa6a49788c5b0uaa,0,0.0018203692347182354
23,8b4bcc98fa4666b22c7a17c9a4b93ebenlmlb,0,0.001979061212283648
23,400e8b5b5447b4d11e06a8bb0754d8d6l6xoy,0,0.05276701735995712
23,ae29b39843141a73b39ada671ce6b6c0yxlb6,0,0.0016620570871319822
23,a4475cf8808f8951dd5163ded3ee8032g9vxd,0,0.004789976716693489
23,9655ccc7c0c193f1549475f02c54dce45kjw7,1,0.0010980145729653553
23,936a335eab4643c3529968a4d9b0c380esi7q,0,0.002726339452988078
23,162886daa0054ff1ad422e0f18cddff3qofft,0,0.03214191928005349
23,4483201dee43b51f338c0efd3b13bb895tric,0,0.0019230674752312652
23,8066d0a6ab30c52b3ddca5da19518b6188t23,0,0.0013790154970144397
23,683833b860c003e6c31c521c9cdb49a1kr6b4,0,0.005675225282766404
23,ecce760edfc6ec5cd5ddc7037c514dc3zod4i,0,0.002120870934372694
23,4b9bf4cf1085e9d839e833e4b9d40f2a8ps14,0,0.012702721845135425
23,50859deae0e0a599efde1725cde3a8b8dw86a,0,0.0015161530014771883
23,a6f994251abda6687ada2e9de52bddb5cisa7,0,0.0011123610211366576
23,0eeffc5039b27a4dc2e420eca75b1fa55rv5q,0,0.0019375433713209938
23,f268f61e075419e5a001b86ee78557e2kmg14,0,0.003227858238880423
23,97db2350652f8d01237fc4c59a470eb81h9gs,0,0.0029828029166552522
23,8884b7af726ce7bd929482ea13de19d39lzuv,0,0.023512697521115806
23,9d33ed2efcfaddba0307d12142f3041ce731l,0,0.009980005481713917
23,95ff2833eef5999a4f3ba4a7684d2b26a6v9j,0,0.0017894397343759599
23,75339aea3f29d7d9a8d67ed3fe1c89c3owsq5,0,0.010850279024127725
23,0ea26a4028ffc16d9a8631d43e1b92105auao,0,0.03207528741779415
23,e50426efab1e9d60b8f7258130f8791czrpvg,0,0.0212609437359847
23,b2968116361fd43589bde8eca72c5767o71qc,0,0.015470158974832341
23,eb27d8daded752fc0d1c828867b0f118cswwq,0,0.0015765564949175536
23,825226b69f2a5a8337ca611b38223989aumow,0,0.0023683898757722137
23,a8b8959fe64f490d32fc15a5d1144f87qj9ai,0,0.0014253757522736663
23,3714da7069a5205137cacf89ab3a136ffx2u2,1,0.19903316057596396
23,32d2ce86b00693f0c26314e3cce2438dvxbt3,0,0.06564903703829783
23,1982c4b164171180d480166feae881ecmxsgl,0,0.0014183991391105502
23,4cf9c56df4594860df56285e9293a7f7evfix,0,0.031877023906263964
23,460e932b11a1529d78246317757899ccfaxng,0,0.05952959010441631
23,c353286290001e0943ed9bb160145c42etrf8,0,0.023512697521115806
23,d9dfeadc7e0e844ffea3cfc706daae5dt2hhg,0,0.007785396068425877
23,210ae8381324c41f7b49e95f1b7aed80z55df,0,0.002374749237411918
23,55abcd1b00c6b5b54633fc7e98f0110bwoy3v,0,0.05478604779996344
23,ff3ae9450581aa3de5d2326f70e39d20w8fbl,0,0.0013288170399377737
23,e56f611f1157381f4b689ab34b574e791qhcn,1,0.850639102764536
23,76ed824b414b5e690ff82e7cd2f5be52256my,0,0.20155648076486174
23,b1863365ae232a316eb946ba56a29415m0gdz,1,0.5549659832459594
23,cca4426ec6d64f3e73294d4d5bc9719beud37,0,0.0013427588349850701
23,ec96b5b27dc870c8f59ef11b7371b06eenaox,0,0.0014816416456196802
23,0f33df2513a519a35c8b3dcf1d7c7416jjjzk,0,0.11040192476579734
23,39b501f37dde9b055d627394964d3260qiktx,0,0.010661222564037502
23,dbdb69d0032b0a251469107dd565b6c7irr4a,0,0.0014433817135850592
23,3ef2325f8b68e1c030547a2a54ea6b98zwa2w,0,0.025263897491851987
23,6c8ffec692e88d81e1b18d47818abb04v6llr,0,0.0028456141374033506
23,13812c0d2c8c474bd62481d932407687o26kg,0,0.021998250185839077
23,5c32e357936f8977277d9b23d8f09f34v41wt,0,0.0015928283447586298
23,a116e727a3dc0b69f5e7ae14d0ab40d44breq,0,0.0019608943071740613
23,437ac1b8d08c3b328924aad097a3dcdey2m1k,0,0.029435085866458786
23,56b55e6ab49a4cbe7c76a2bbca804089pjq0g,0,0.019194046739426755
23,8d500e174fc28d494482f8ccb9438608zd51s,0,0.05276701735995712
23,81207d4ecf830fee924989f4fe1eaa7fntkmw,0,0.003685146048169035
23,6b28baf315d41017844e15d645bb2c05ybt3b,0,0.025263897491851987
23,acaec0b9f72bf4ab4318f3244344589b3700a,0,0.0022315497908178116
23,37bb1697e1c3922a06c2d2ea4138a4c8s6wgk,1,0.582714233484874
23,19033960ac23dffe078a1217788bc720jvjbz,0,0.001718529246812874
23,949689cced5d86578e6c8b664ea76d6aq6zxg,0,0.03279053383556436
23,916d2d806b772c9f227a9b3640e31469ljrxo,0,0.2843572950460792
23,90bb553b65144cafddc3f3d4a7783667a06ga,0,0.0013652469596159272
23,17e4d6d9a1f8ec00cec1d4fe79b059bd51476,0,0.028063506130255298
23,71396d66a14f4ce0c96436456462863abwefv,0,0.05911156972809162
23,4641b5a43c7a2496ef93af2ca590d2c94s20x,0,0.001238856490768508
23,cad151bdf2e29b764dfd3acac022e5dcy8n83,0,0.0016498605260063517
23,f6a7e7b14d39804c7d15627e2fa384a1cq892,0,0.025819726269759865
23,83dbbc6c5c7ed95048ffa9427d807692339oi,0,0.21732235469771297
23,fc16993f1fdbd5fa8f8ddd72b40442f0qwyo1,0,0.025263897491851987
23,e588d3f7a141147e4f8dba29377144707vupo,0,0.002917208199472334
23,25022fb30734c2e5044e031b0e9a4a9ct3354,0,0.006324325053987716
23,fdf0eb91ae1ecea1f6902676f47c32c454yzr,0,0.004455898273569108
23,5f529b5ee68b60482c5d0c56ee91f3c2cjrmx,1,0.982554764990711
23,20d31f20169e8612fe13818891f88a83r66gm,0,0.023512697521115806
23,e60b306c01cf0c0be5c7d54facf927044g5d2,0,0.07347758403585089
23,f4d69870de1e803fe00f8126e73a7e33zwcds,0,0.019771478980983036
23,ccf30c9533a66f22f1c65910ae1bac1a1fs05,0,0.08760123450601112
23,417adcdcd7157e75c66469c07208af00qjnuo,0,0.012305030653471511
23,920540ac4168ed08a1e297395a68d718gsqdn,0,0.005045605371244001
23,354d4abc23881a40b8f119225e0dbd09tk1u3,0,0.0021710329183818092
23,e49dfe2adbc4b3789f67bc044c231473clc4d,0,0.0015969779909487164
23,7bb58b7875a093cbe7c5d487a825b730mjcw8,1,0.9932353967114833
23,d927c987f8a4ba2dc4f38dadc0831100tt94p,0,0.0022352263989424102
23,771f6754997a1954eced81d46348b4762k475,0,0.38612697070219343
23,f895a8d9d7974b3ee7f1f04a25a950e9v63ps,0,0.0025532998543951087
23,b1c9bacacf1f33a8fe48d1a4ae4c761bcltiv,0,0.01619417453868193
23,f7b25abd850df9b0e0b305c6810e1ec3qbtaf,0,0.003440167576900009
23,cdf1fdd424a11dde166c4bf069d6998eph7b1,0,0.1921159707943832
23,43bd7fe0ed7629fa774a461127a629f19je0a,0,0.001482529878210938
23,7d063aa96e7a065ed5ff9deb7c851bddhrxdj,0,0.005064470768729922
23,8f6605a649ae41fe950a6bf579452464d9lmc,0,0.02240899632248244
23,ba6811273d4f63d9a31937b71b0a22dforovn,0,0.4438715442761494
23,b08034d2d4fa400b457d4a59a2482e8enfhqw,0,0.002459102698684747
23,3e602dff2e3bbe7a52236df2294c9e059fc2l,0,0.0015671408672008173
23,11d5f6925da5809e2d447788b85d6253jj8fu,0,0.05610286435821492
23,f0c034c46dfb78d2e9e67fd4fa1688fa6mv8k,0,0.002149063737673873
23,3d575194dae5a2e2966abdf84d800a3bgbsd8,0,0.001974798384346525
23,53e2d855e008a5c2f79b4b848d467b86nofo3,0,0.06564903703829783
23,f6485cac867e1e7d2d991838551b4c4bfnarv,0,0.008262362251710946
23,d2b8a15ae403dabc5aa752b205181dbe1lm57,0,0.0017322372073154642
23,65d8228c6c1e5b6042f397afed8a5c7cbo6x3,0,0.261127132252454
24,4bee9aba2abda51bf43d639013d6efe12iycd,0,0.03807084910848158
24,7eaefc97fbf6af12e930528151f86eb91bafh,0,0.05972905219319869
24,fa64831ab5ade55daee13f852c16b0a84ujt0,0,0.07098980648629082
24,5354c02817e47f28e60e44a40ca5e48dll4sz,1,0.26074502338898353
24,2c581ec91825362ab66a7ffa05df5e70hl3h3,0,0.04491936714053756
24,0d0b3d6dc27d0f8eed70971f8c6bec1bdrs0f,0,0.01459813612337285
24,a22fdc066a738070c6e4860924d06657hengu,0,0.7044184555819165
24,1476226300a93d22b15253ed7339429a7ijk0,0,0.03473482592338996
24,975dd5178d34453c1c3c8edc47cf44274uv5s,0,0.1804726686248373
24,a1f4d216a1a92507d97166151d7c9fe37bei4,0,0.0019110562375942424
24,9434778d2268f1fa2a8ede48c0cd05c097zey,1,0.12862273904400232
24,e98d8f348b266653b6784329782fd2e91vu3h,0,0.006263754611994492
24,792edafa0603516a57932e6103e9dd54ajar7,0,0.020191419895586815
24,85be8fd21f41bc3dee86597d272825726bp69,0,0.0064780939773175375
24,1cbd9081de4481ada66f1853737f7684ddjd1,1,0.963974932065952
24,09d71d3e6a6871a7598dc2764c5bb4ffkz6mc,0,0.0028929213689857423
24,8e1f8e5907b3cc256a2a57ae9ac81e063gbz4,0,0.002810902714481253
24,bd2cf3a868d168425cf1bde7c49d40b9jq0xu,0,0.011715552704612262
24,da6e2a5651b4f44fa3cff41cf9731ff8qc8fl,0,0.03742089239930435
24,9ded76c5244a2116a3b5432fa265a800j0bvt,0,0.008608478154304005
24,03244a553a252dcc3a3037f0371c8d33fmpd1,0,0.0020040999487986317
24,d27221cf2bfaf0fa7a60ffd3e1e3a53efagvp,0,0.6214625972339345
24,12d6239a92972a35bc990225b3ab33466znm8,0,0.0025019837661383443
24,226017dcd6506ce20886540ff734210d8hib1,0,0.005510999861918475
24,d5f997729fd5a0aa13307e027804de515jziv,0,0.098207251170557
24,8c2bdb9dd878a811701838002627a056be0ce,0,0.40118039674475436
24,a9229b83f54a5f44a69e65b9b3aa7aa26qcon,0,0.004460651327898677
24,961ab8cb7952191816db53f8a11a35fe1zecm,0,0.00713610706424575
24,74ecf5f9adfa4dcca4dcf020209db81arynmk,0,0.005859810672042039
24,3d9910a238a0f282ad3132dd6fc981c8tv3tg,1,0.09589451906552975
24,19353c42feb91a216885fe012efdfb11s2iu8,0,0.0020598799631577043
24,fdd836950d203286832a21b930b9f6b58ch7s,0,0.04045078271367927
24,2c72df02de4b36acf72ba549630808612ol08,0,0.0039121517818414015
24,db83d746ba8e0c388805fa3fcb235743vfqmw,0,0.1299442974303087
24,8e2a43abb8fcd8ef9801c69fc04bfcb5kyc41,0,0.01478549642188219
24,2c31770e98fc9fc7e0f1fee6207b5600c0e10,0,0.41585002201956983
24,2515c5fd81638d5d0bca39a2b2be3995tante,0,0.08482598396643362
24,7f807b2eb6c391d55e67bcdf7e1cbb3fhylw0,0,0.023779804978668582
24,5948bcd0f773286ff7d5cde332c7ae6918jt6,0,0.10069583033176231
24,b8e47f06aef714b37073e72ac40a8100mew9c,0,0.0021063392625126653
24,c76f30b8330b6d14fb872b30fcfd9d57phbsf,0,0.021571817646785892
24,2736ee274114e9440463bde9fbffacaa5xky5,0,0.011343601314302381
24,d6d68e218a6cafa246ed31185b09e1e1fsu8x,0,0.012367497853411452
24,666e1e141862a646afaa2b71fc7d2c25r1b4h,0,0.0022210857050926724
24,124727083cd4159b40ff8d4b36a89340l6fga,0,0.06844850649244848
24,929b75b44585b34d2b917ec181ecbcf298fr8,0,0.05417900715394572
24,01a39439e7afbdcfe385eedbddb23d76zgdrg,0,0.009101893994414518
24,c600968815fc32b20e0519ecfce5b648en2wo,1,0.9787312190309271
24,ac494ae5acf003f84ba46f5741618a8dn19qi,0,0.0036145283808640917
24,b64c209b3d1d91a663d134961af89125u0s9a,0,0.005909120816387942
24,e18e3d0fbfba81cedcae619dfa977875p10ta,0,0.0037515753270249154
24,5e611461283a5c3e49b5bfbf9c33b7391ce3h,0,0.0023147438225903172
24,518e9fb1055de6532ed2df6d03fb78feus5s0,0,0.02973997219856399
24,e7a98dc8545eb429007cb48799a40a2dc9p6o,0,0.2841078988172183
24,a2d0b7ec1595325cc63777f106e09fcd88y5g,0,0.04050729719913193
24,e8e4603ed284adbd252a7a601f9bffe09oq6f,0,0.013625624215653932
24,246c55639cf85c682d58cbd2ed6a6563vk2yn,0,0.03847779065331742
24,01349288df20199905e719f0ff7ee771nwryj,0,0.024807686011644996
24,f75cc5ec8acf1ad2349e00ffc4b3191a531f3,0,0.0025490491601589333
24,585b938fd44968d0d59fcac453cfb3b8p8nti,0,0.25301330838859154
24,3a8124eb9fd3977e43f5e0762d9a09d536rob,0,0.0025288925573637927
24,33a7a0121e28cca4e42494dd0f5aa03fdhlm1,0,0.0021918260531905405
24,a74e3962ca26514976056bae3c46d579emz6y,0,0.018893525994897385
24,a539fbaf8b29613ff0e4f3e5831aa7a5p2cva,0,0.01218074956021074
24,7607c4efa792a69e2a8949ccafcbef103squn,0,0.013149215913687623
24,340bc29eeeb9b9d04eb1fb72a1a9a2444brgk,0,0.006128960490560404
24,01eb9dcbd0b3e79d94020d13d83a993ec9d2a,0,0.0029332835622591425
24,74866aaa89db79f25dc0fae8be067b83xlbm6,0,0.002305133480431515
24,6a5457f1038c6e1cf9feb57529ce07b2sff4d,0,0.012764433399219026
24,3733f7ea492eef1f69f98593d2122c50xwcha,0,0.004370993501227822
24,c755d2832026bc2a6f5d2d6df5740f06mr3nj,0,0.006242807958647487
24,22401c4dc0cb1e5d52da01ebb8b2839cdoauo,0,0.0051690799148274595
24,282fe85277f7c07b0ffbc5fed621a02ezp1zr,0,0.053368703222843226
24,e5f43783127506211df8c6290c2ecadbyr779,0,0.26401430846722596
24,dc752fa41d974bf688d25ea9d18e9a2eit904,0,0.004649113980589273
24,640f41f27c03aca0c45775eb918b666cnjsqv,0,0.0704649827136088
24,eb2c4b4493f31788ead745533e0c9a18xzzlk,0,0.004514855341047366
24,3c0026d48f3d6e10cef6cdb1f708793ccwkhr,0,0.003742312808528379
24,7fab82fa5eaea6a44eb743bc4bf356b3tarle,1,0.01218074956021074
24,dcd54d7afa6820e3f00e1c9e83aecc7b4f3lw,0,0.19362408961488445
24,e0b6466f9f720e9d9a00d7c12b2e2c6d8xwxz,0,0.0018161545412324282
24,3106ad6371a3b740e2af90635a4ad966zeu1u,0,0.005970073354658688
24,b42ef139c2dfbff8356e8886d2b109e06riso,0,0.0019060533197993493
24,b232fdca7cb98028e8945005f619fb28p8788,0,0.0023894971172502806
24,db80f065a93cc6b41d12af614bc3ec11kpwjp,0,0.019433168873733073
24,11b1859aaf7fa93818baa76007cf7207d8uwy,0,0.0021780461620485555
24,bd8bd6cae40abb19b81b6b6a7775f63e5tk1s,0,0.008259041577767875
24,db5e9f85e7d180f7d952f12e5dae5900q9xif,0,0.001999895766566281
24,e24542c1bd46a4a0f98b0fa95d8fc40brecdx,1,0.3999249826866583
24,35b111da8e919bb34e80511be9cbd128pjjdm,0,0.020191419895586815
24,3d7cff3dedd8a8e02dbc551c6a61da3bibbvh,1,0.2766652673794763
24,8fe6da2176541d0ce24574dbb60f9107oq1kn,0,0.014168946342250714
24,37921a9d842612b3b0281f7098d0002539xrj,0,0.0020121295972405605
24,10b431aa15b56084d32fe1ef123c4305wo1nl,0,0.004890602201788451
24,573cf43253a18821e50dfae941ac287ceymgo,0,0.012880942798616343
24,fb6814db96bbaf61f42270a85f0f62adunxft,0,0.0021966065327206357
24,4c2699de8bc9516b09c5e5c8bae6d6c6xiry9,0,0.002127410327814995
24,1c66f261724506bee45dd18a4d221bfeh1687,0,0.03425409158326265
24,67d245e38ee756947ed395fa099807fchxv99,0,0.0024146080016210353
24,eacfdb47b3daccebd9f16779c5542fe5eytoc,0,0.00392326642944789
24,392d936106b75256632c9dc83c4f1a169bke9,0,0.0038942367795594592
24,65d3cc1725c4506fe02be3e2b24435bbbd6qf,0,0.018311821632630527
24,6533b670e02ccf583288ba7c8f5fb1carmirt,1,0.9714437608617492
24,7f603f668968facebb0567015ad4c201kikrh,0,0.0020215657136562542
24,ec0c9e98cdf302274974ad212477f851iw35b,0,0.013564798962400218
24,96caf14832aa8be04d98aa481b320392kb2gc,0,0.017803188520680902
24,a3910fbd35b7a0c383c9805eafda616fra4xo,0,0.020191419895586815
24,d4a84bdffb9543626fdd42c879343ce26ds4l,0,0.003822617123274253
24,c1434e440370882ecf00ac52140f7adbuy1e9,0,0.0035042666685515286
24,be3bec53b42be118ef2a87fc40db7311k4as3,0,0.0072621052980423265
24,cb9a75312b809291306c6213ed5dc67dw31qz,0,0.14359490578515738
24,01067975436d123f717ee5aba0dd4bbfa0937,0,0.014262471510994577
24,e4a9bdad09ebc5d5a264723855fcaaad6q52x,0,0.521494832115647
24,dd7292cdbc81ebfb87945d9ab176d679gepf0,0,0.00258409497462435
24,222a0e05442fec0af2d20ebdcafe4b28c2pi4,0,0.003048689751922512
24,2797fe80977297483e724b8390161c937dh4g,0,0.009498966125274464
24,3d48fb12020c1a81a65fdba2d75caf0d6q2nc,0,0.028946364317895032
24,9c223f867c65938ce8623fc41bec08485xddt,0,0.002452487439017785
24,c97dda0fd2de7d82d3a52eb6c0788062h3tq6,0,0.020191419895586815
24,44be920e88377290bb204795f05a20369jp06,0,0.0020652784032256697
24,bba40511c6e56070602e8dde4229ff923zbuq,0,0.0022288446198557407
24,fb7c9b1dcc3b44dd69e42a84406117db4t4mn,0,0.006918669149604784
24,6b85d622dec4fff284d55895eba9969dqlhu9,0,0.002316423627018929
24,7c965df16147f68263573764dd257a7bxqmpt,0,0.0020450913760534546
24,fe4906ac4c8e2db5ed5a71e8a9d10080u6g7o,0,0.04050729719913193
24,aa7e36069de119ee3ad7c4d8c925fa3ekrs4i,0,0.008512711099171625
24,0fa357965f89388d8e7eb8cbc3b85c6bnnro4,0,0.014459409658080681
24,b7e16fd4fd9ff04b7d741b70730b7b6b1aw84,0,0.09831762290012869
24,80130530788e55de6e9fd515271859d1kgfsd,0,0.03462543593846284
24,54e279a4e162af7fc55d640aa62d0cbc9hxil,0,0.02696403402284537
24,34cc283e180fcd4902ef8758714c6d83th4nf,0,0.019492905016986906
24,6f7043cde57060a6766b551df5fa6fd9p3ojp,0,0.0018027337340232516
24,38125387ec30412c438280af8931254dmvfgb,0,0.002668191424287097
24,ac94684646bc6f708dcf4566f41ec05es9v44,0,0.024811071443043266
24,84a773b3c9d300834d9d57af5dc83091y54cx,0,0.001934786962484216
24,e2a61feee7f94b49d7de1ac6efb237c0fjt1z,0,0.003504165061759691
24,a6ec153fc7002cfd929b9f7199914cf75upgt,1,0.044029293434422814
24,557f06b312e040ed3cd7dd2a011cb83avyut1,0,0.13096709478326
24,d2704c8bb6ebbf13e08f37131382b126wy4yc,1,0.4495616990211239
24,18b5e850a1c10e681cb5fae0704a699018x6f,0,0.011715552704612262
24,c8e474ba549fe924bff9d3f585a9943cg9aju,0,0.0023316426372628997
24,1bb03cdb913f203f704caf8bf6840b6fbpigb,0,0.31152899236996373
24,fa6b4da229eb64b4d44e7d5ee2b027f1j1whx,0,0.019433168873733073
24,49c3957287d24e69713e4355933b74baoijix,0,0.0028092709497863125
24,313bb0007cbdd82f326d58c96847294c9hz4k,0,0.0017559281685025775
24,59fe751fb6c277016b7ebe3609aa1b15vhg7w,0,0.005909120816387942
24,a4734769962126673e975a627e930b5fgc79n,0,0.004307403946852947
24,d1780c224460a0c20d5c2f5f68714c5264xd0,0,0.005909120816387942
24,39802378690e7d0c61d294f5898852b96hsfh,0,0.011715552704612262
24,f9ab998f3adb944a1cd1847a097fbc0bw61nf,0,0.002176897244429083
24,361397432ed35185b5a2789867a859ec42v14,0,0.002129269922070792
24,c41f5fb84d9f9e2456a5264c79919569vrhau,0,0.0046148088740159
24,18bc9dbbed75b55f35ec4be1351b7aa86an68,0,0.0025415549756574213
24,0580f2e77b4c0dd3b5cda8a1641cb9fenmo0i,0,0.009218759794430037
24,b2a19e17e1b9e0bca8e4563efbff5fed7v9xe,0,0.002767224318152907
24,14b2d98230228eab6a6db3efc41660d7kp23s,0,0.002366785734077139
24,b79560ebfed7c8cbcfb97475812e0836twsnm,0,0.0020594350502622597
24,cb6ea552ab5b90e2d0572148426ca275d1zzj,0,0.003395864397284531
24,2d9579812895729581ce269ea17462197jxvy,1,0.927831720406384
24,f19531503f1485a3014189a80971c6fb0d9fu,0,0.00799817578613297
24,e561791343f3564a6fc612a98b5f3df34rxok,0,0.012170630864357447
24,4922d20e07d04601e8724be5e9f9576blyccu,0,0.27270490632539773
24,631f923b7bcf91f61a2e9f96520bd8c8vtl14,0,0.8595848926067425
24,f3a249f6a5c2c88ddd8bccb1f8a85fe52xnkq,0,0.0022202191981281864
24,d13cd9e0a7b95c0a35f3456014865230qku5q,0,0.00208150935392528
24,98eed7cbee9b1a1b526a635648e7cd2fhbt5w,0,0.33415343940918935
24,3312b8e73417810a88be459d75fe9bc2xhd8v,0,0.006370598781444174
24,a6d6f3f5034886fc00a1245b439de13a66ha4,0,0.08182564839764485
24,61337802cac534b7e7711793039782d6f1yy9,0,0.020616316735387025
24,7c08de9de285265b2c34970139331f9fnr9ad,0,0.0958188052797056
24,ccc371d7848a80bc31941248b9f49b95hn694,0,0.0037406850980461074
24,d3ab33e9314c95d6806813171f292299tmprm,0,0.001916367833260976
24,5c2b3f221cdf303df86ff1ffd7106fcco6pml,0,0.16309562688473567
24,339b8ca3185dcaffbc3ebdfd960020e8es0as,0,0.003307589471064389
24,cd35a3230456d4a245806e476c63e9a1evu7i,0,0.04878270831883311
24,c9e1e860e39bb7d4dbf3c91c5d6c36c2dv4tp,0,0.03820704947192848
24,85ac49e7f93bf0e20323de78362bb4aadnwia,0,0.006094615949325381
24,ee5afe7f268aaa88598545df890f4e5fzari6,0,0.008838776803165678
24,1dec9ee102b29905e2f59a52fb7429826e8b4,0,0.04050729719913193
24,e6f73230e0fff1d9a6b1b8a6617002ea9owig,0,0.002278493853405919
24,ca5730b8dad8f35fba24b68c9ca5d445mp87i,0,0.0033904487121063434
24,3105d663ef3dff7e483a46c56580a9f9kd7f8,0,0.023097084684104537
24,97ac4a68e5600c4b7a960d9580d4f251470mc,0,0.011538853281878121
24,0817731a4d2e319f6f771da3f522b8bfv6njs,0,0.9189466531519207
24,047558bebab9292a5d4c85d6ee768784j2hdd,0,0.06287294723936054
24,40829191b83242ef1f380f90876cdd74mrqe1,0,0.010622227513646406
24,70daecd44c89c37525aa2ca294378ead4dggh,0,0.7875792348524117
24,3ee7de4c5a5e31b7b407827ae1370f70suenu,0,0.001807752860023992
24,4dbc8d336dbe0241c9bbb0f3630f25059yo43,0,0.025836494289623348
24,54379b25f1f35d9df78da9cd774cef74u5wt9,0,0.00994585900775736
24,a2bb8b3e3ae4566203eb5b3021b4d594pohf7,0,0.0065717098693379526
24,63c48b70d37dee5fcfb26f94107ba3b94d90p,0,0.004880854175573055
24,a6414c637c6f1275e2c62c48fb238c5d5aw03,0,0.0021729911598052805
24,6e848149cabc4434155aacb610fb20de6vq5b,1,0.13277323640227795
24,14d4e04d7ed150613974438a4dfd4e85dybq3,0,0.01684803423178973
24,eb8f9ca4a23586f5acc770fff966f654dy7g0,0,0.026143365745057764
24,613c7d60152ebf06e3a7dd326ba03261mnn8u,0,0.006708064295178019
24,fe19fadb955fee4c5fcd0e30e56e1542kx66p,0,0.006945137575958986
24,1a9765ed302d0f91b512c23112066e41s755q,0,0.011715552704612262
24,aee383561c0019dc01552bfa5263af8etbuc7,0,0.008009686151573773
24,9375e98d0810ce9119ccf45300249636zfpd9,0,0.002660991231520045
24,1c950af57581698616bd9923cc94fef25n5wh,0,0.0019835392852949325
24,08981037e7a6c9032716ff25b15c9de25p63s,0,0.974229666511184
24,fe6adfbbb2fc1ec0c3edf6677204bcb245uf2,0,0.004536564490826034
24,92ce3c44edd41ad3222481daac1ead35bouwj,0,0.0020215657136562542
24,b729f60d26fde89a01f3fa89759d6b07t0ec4,0,0.024536475534940663
24,24108e769a15b155bd2d63c58368ae5946zhs,0,0.006362164786417157
24,bcda2135a2456d611876679b61dac500vs7sx,0,0.004190800258380576
24,e2165ff862178c7b2946f7f62f5a3e51wcvaw,0,0.03820704947192848
24,cb557e4675bf4f36f93ef5599adff545nz370,0,0.011642386948916018
24,6a2c4aeaa17c2fcf20958803a674f101vlxw1,0,0.006797919976737725
24,ffacbed056cbfaa60c1fcf51f0d381bddr3ly,0,0.004241502075706927
24,6ed39d7c89fa2d423017cc9811f0c469i2157,0,0.004854867165386604
24,d92c8c2d4c29d4c785431a8b34ea135awepbr,0,0.002621803256233489
24,e22850afda081aba360cc18e2a9021caqjjov,0,0.004485927209486548
24,3a32eb1c6dcc818e0df4953e978f2e89ljhnf,0,0.0018392374585650903
24,17b41c48d6f53585c7bf3b65977eada0yxs8n,0,0.022622545471687967
24,44d34926c0863edb7575b819980e0e728pn5b,0,0.011343601314302381
24,171fbac128e6dcb51d0f07cf7ed8bd3er891e,0,0.9568530358115824
24,f01e3769fdce36d31eae85525827ab17xeu31,0,0.002209486931723457
24,fbacab353140582a4b8ae3412eefecbc753vs,0,0.01452823367896885
24,dcc5a79317a22bd0f6dca1f60fc866a8bei1d,0,0.10408936527254728
24,4d1542974bc322859d3d099b8c5193felot1k,0,0.6609016015137538
24,649b364bc466208e559858f0677b421dbnalw,0,0.0018969761558549278
24,af14436f293c40a9904d9f06a323215bf7zdr,0,0.003995557095833499
24,f4294bb3abb69fa3183e7e851b58b278k83z3,0,0.024811071443043266
24,8cb96eaadc11cf4f914bad84518632e7czdyl,0,0.9255597265733991
24,e21b238213c361523d276d67f37c05e3qot5q,0,0.0032080401610236893
24,86e698821a8aada613bfca1356d8cb7dopnv8,0,0.0023463136679581966
24,384ba7c5a8ccf55d174080d9ad7de9b8mfysi,0,0.16392280374299303
24,96b7bb4238e7ebb439d81d63db4c2796aoofv,0,0.005396336958766453
24,cad9c97e99bd5753be98edd9ad8ec8c8c7r66,1,0.509704974802138
24,d056594c1d7976b6ad4ba23e2b4cea19l2i0t,0,0.013101839332871498
24,1e13eba969b6b953688c9e945544ac4741ilj,0,0.005351612901739988
24,86a34cdbb975c141eea1854b10dbf1c8seom3,0,0.00565946516307826
24,0825d381aa09d1d0c47c77c372f07acbe02ky,0,0.009154929324756124
24,461c1d143120270fff5ebc1b91934951378ud,0,0.011343601314302381
24,8f086b809805064f3c4a5dd48327c0f51yplz,1,0.019428226334246904
24,a447127835855849fa2ee496d05e0847fgt68,0,0.8361630079379624
24,adc548d88b9a307ce0b58a0d11d3ae14gcfon,0,0.054871530482370236
24,a96039c7cfb1d040ca978ec5e66ee2c0sb5ht,0,0.0035126447484552024
24,2b4b36fd77eaeabbdad8fac68b17ece5ey04u,0,0.0201648562323768
24,b258a38ef4cc6ea241b5473ee9badd32ekhoy,0,0.038302424198918356
24,942af1514033a612b203ec58f7894c9fv899u,0,0.01218074956021074
24,5bd35d55d367d7a21d98bf6a19fc0dc1e5j9p,0,0.0023537706410244673
24,121578435bf4136746cd2a80f1990e07cv1px,0,0.01021250790352663
24,7d44df0d40982a6651a06cf533ef5dddtppag,0,0.1276557602379495
24,a46025d61131de18474aa6f167e04bf08w9x6,0,0.19338890775282938
24,1ccc69e376c95da9bd569a5d1a176874ivojs,0,0.0034537112663529427
24,2e07d37dd022e72ab04da76f51edaa13qk5rv,0,0.0018073053616777396
24,fb200accdd0411e96f1b0f6d6f6d4f52rgk01,0,0.002716853032994597
24,bb73823b1c3f577402c9aa9eabd1e412vp2xw,0,0.6359404341013094
24,e932ef68638c37220f4c2c386cf54578x4hpn,0,0.002986242054956071
24,2cc1c5bf18c858fd9c74901d8d80ab70ak8e0,1,0.7384644099060129
24,bdeb5eed17a812d2c47176e30b8553ae2k06g,0,0.046825644645719824
24,0d1815382b08885d76c671ab600133adeyp5e,0,0.44419698963770154
24,05c9fe8f8852ea069a93dfe39fc0571er9mdt,0,0.004776717520647692
24,7639039411fbcc6cf1013b247b2622a72g0r9,0,0.004443679506190448
24,4f57e657df5ee5d9207178b4b6858ddak9ouq,0,0.007021058984448761
24,4dd7f98cfffffd6f4707fd0deb4a00b5rj9wv,0,0.7675531679038037
24,30788b28de22d28938ecd7ed6795a8b022qm7,0,0.03742089239930435
24,1ba9422d7a55aa5abc3ff37d1cafa9f2yds7i,0,0.03810021518031735
24,ba0ca6f98ed66bdd1c4e86db2ce4011fdk6ii,0,0.027029212790096784
24,9df0031595e4105e4530ceee1a08faf319vvb,0,0.0025171722856531078
24,70cc5da141baac4712163f5cd4bd4a50za0n9,0,0.0178424857183726
24,82ae4df0acf8237d7af1a790e3848645bp73e,0,0.002352250499891026
24,fa9cfea85e90bec313e512e9eeab2e869tvx8,0,0.6249601836059078
24,e10ae48cce1e198f7283064cc8a2f836iy0z6,0,0.002124978256528719
24,ba194af5111cfcf1dd95eb36160c728ds4kcy,0,0.002447827656269024
24,82f1ba4809f4812629e9e53ea4c687d7begx4,0,0.07274156398118942
24,c1d9c4c69367536d7b0ccac19527629f65025,0,0.011715552704612262
24,48badabcce6015d257ff5809761486c8qgjul,0,0.025702343737649177
24,f725c5b4cece8353da7a636fcba0ecb5yxshd,0,0.017859202385487053
24,c4709885ecca7b90dea4beb5dabd68aegk2pz,0,0.02690069699253833
24,7291b7fba1b597d66bb8efd45fd0d354q71ka,0,0.006339713862403729
24,6c021878ba6173a04d55bc1cf5544ac1f3t02,0,0.15155670040689795
24,cab7ecf98fd0489389a3a8d3961defb3k66og,0,0.0025212474775324115
24,459ea22b6b51936d0788de9f78a3547bf4jrw,0,0.003765579776576065
24,ee45b2475e453e69ce712388959fe4acspmvk,0,0.003767860735315544
24,e0a9e4ffe2acd28599dacb91c98c34bc66vo3,0,0.008042500581452222
24,7ec5c7e2317a9b68e861060531588f76fpldj,0,0.20618194509529106
24,cf18f6766fadce944ee74796489c23acmqhpe,0,0.004684929535640525
24,a679d00c30c269a8eca148458abb8665kciaf,0,0.00495016059965809
24,28a0d5539562290a1a2f63d5b7230db090ys3,0,0.016634077659400007
24,20f206d2656116bed8dd46d5b70dac81lbgfk,0,0.0020061121661910054
24,f219cbb3d454b32953619d5a4551f56dcg7gy,0,0.002860950293717781
24,d7eefaad31febe607c252199a7672420kl1el,1,0.8801191923796468
24,4c341a39553faef07ddb917ea4e069ed0yi3y,0,0.0022569631915907904
24,f5ab013f90cb8890d33c6a309798204155q15,0,0.0021827866260521888
24,aa3ac65055bb4b1660f4d8c1d2c187ecoqvn4,0,0.0031720640061629335
24,fb9b1e58ffba4b38175c11e03e51e1f48dnm1,0,0.00283496937146775
24,2993e59bbbd7d14bf4bc21e4d2a4f8eeb18d2,0,0.006889940524741637
24,eeda0d135495167db9425fc5fa3a5e3ex2zel,0,0.020191419895586815
24,c0e4be8d520c7bac2f51ad80a98876c2aan70,0,0.011715552704612262
24,67fbdc4209a1566288acba904a2b5a7ee588g,0,0.10042291904655011
24,d4b2fd8f5e8e02b660e9803cbcfa6cf2t5szq,0,0.010145547638594907
24,51cf4dc8898554aedd8572f97a95ef5cpi3ct,0,0.269827911550347
24,1689122c3b25d9e7adc626de84c10006fr2n5,0,0.00257768731472476
24,ca9e2287e98a718e20a8ed117dfcd699gxsp8,0,0.007065506594840647
24,14fe3602f049d4574cdbdef13789647dsgtqy,0,0.047670642405315
24,5053e03863b6887308c8446cefeec429l94tg,0,0.5562963944482529
24,7ce3afe39ece9d672e9adcf3dcf2aa44a8r22,0,0.008268949274366362
24,4038ae3276c0b47f420a5d73687fb73bghgxf,0,0.014097532201474866
24,d4db72f36e6ad1668dbc0bf4f0e1c49bn12a2,0,0.011343601314302381
24,5e5d3410ca3605694b3c75b2274efd44c9vru,0,0.0027785672835763794
24,817f8074bad1c717afaa8d1696f9b2b00muzw,0,0.0019091398450654417
24,069d020584a0e8c61e622321d4c43881j7pl3,0,0.002305812564863239
24,f428427d7227ddcda377cd00f07749576c6b3,0,0.020191419895586815
24,603d769a86a359a0d41118b47c0ab41fx7kz5,0,0.002148646003891401
24,dfb23124fba16b7778f65c1c8d091f949jz0k,0,0.10408936527254728
24,ac9bf3a07831666bde4fefb75c184adekbrl0,0,0.005796094524344552
24,4985bdbf8710c33fd7c9d4771db7c690mcbyr,0,0.0017988627545093994
24,0030a2dd87ad2733e0873062e4f83954mkj86,0,0.33415343940918935
24,fae553f133602fba6e9e6051dfb27fefkruax,1,0.5278433596974096
24,106f4ed8e9b727f8d94a1cd57e882a095pteo,0,0.0022220996000069607
24,eaad20ae39d343daf76adc0b1a4984faumuzj,0,0.01340040573788771
24,e8bc0150097c1b2b8b8c374b69e0d3a6mxfcm,0,0.002632846736150976
24,4950352b0410495ef65a92b08b5be463c20yn,0,0.018893525994897385
24,e8581ec94cd4d5009ab6b36c6aca9f0cp3txb,0,0.017068833029553053
24,d42604c7cca8ec92839e92508f2a3e52ehz29,0,0.006192659080031458
24,f75a0f726d764514f612ee8cd8f65adegt02s,0,0.007258634462406403
24,3ce8aa0207022698b6d0eef09c89b381jzqi1,0,0.033435451142843804
24,fe27fe0815883aa3e1a312f0dcb45981txa2m,0,0.0055940851983365915
24,8725b0aa1a32054450c16b099328fbcbi71gi,0,0.0035710289836240004
24,da950a556200395a82e23e3bbfe1abb6xs258,0,0.0025320228162924894
24,7e8650379cbcb3ef8f7f6aefcd678067kzbdi,0,0.07431908586973428
24,317d3e44b2bcfdd7293b84f82f44b8e31hx1r,0,0.002440749374070344
24,af50d549e86276f034e52037722dd5aetouu2,0,0.002298933406910963
24,167b4f37a264b72feb0f559b650d1cbd3ox60,0,0.014401554204261684
24,8152c94b639be88e7076f0e32bd70e0eg004b,0,0.003139036733708372
24,9ca7afbb673865b01cd4b02846054fc1p3vjn,0,0.05549994642914125
24,c46e21e01a3f4987e00109d1d5f48acb1q72y,0,0.002912335795671555
24,078e06b3288cf8f18ab7ed44b245fc56nbyfv,0,0.018780891343225106
24,e76057d8bcdbb3d2f935c30849a17e4d7ordt,0,0.011072506557859947
24,353d05bfefe1dd96d3335575ddadf310rgnrr,0,0.0018909644132416668
24,c277151116ce38d8245f9f2308807af8t4nnj,1,0.004039787869691952
24,65435e491aa69dd9d44d70a9aeb6e847oqlty,0,0.0020215657136562542
24,e5bde35da4abebe4fdb37a3c65124a57ff4vo,0,0.009542025058986275
24,91b8febfd1f556c06838992814e7653cr119e,0,0.0037251420320562065
24,7a0b445f462d05606bf6ea07e2ab96ec1a4kx,0,0.004010870200287578
24,762046a235e00ec6521ba71aaa1450c28ijkz,0,0.7998658100972423
24,535ed161b4c9960a71ccd53128df4766ddyq6,1,0.1969463379335221
24,53856dce9187b16f2cf5e4e58f5d0397h7tz6,0,0.018893525994897385
24,c843f90bae7231af13dd0e064a469704drz2x,0,0.00660273020017133
24,76c85d6bf559bc0323bbe1639d233e88nxy36,0,0.039194342861132735
24,3dbb502d9d6f89b26f62cc804df54dcandhp0,0,0.2597436760400388
24,17dbe14676cd3a3cb8a7edb438622f7fv2scv,0,0.011004215508181455
24,baf1aa59ebedbacea2ca418c5aa83888imys2,0,0.0021780461620485555
24,da00b16633eb706fb11d55868120cdd9so58j,0,0.1198042828096979
24,c910efe1f135b08acc32b2db162362033olvv,0,0.0030146718481480735
24,04636b6c61c80f5325efe61183e8edb01ko20,0,0.0028618658697804975
24,5a6376f140f05274d6e0dc888cbeb89eukxkd,0,0.31826082562444463
24,6e29de28296a57f039026ffc6df9145cxo2n0,0,0.4571222413932707
24,6a3b1ee159716b743ddb8e07e499fadbhqn74,0,0.0025655375339299845
24,fa918060747386f431a511c862565e34y1pdw,0,0.001930510137928755
24,b8da3e0dc73d1f453ecbe6ee4d4e8791pr8az,0,0.002073535642847784
24,34e965deb822f329ecad42b94e8ba0ba3dpt0,0,0.03263197307576688
24,8fd35d215ab6530c2ef096c87233cbc93juwy,0,0.002721977291195961
24,21fd0c468438a483ad1c60cfd1b84b850iyjv,0,0.00456260488764219
24,c1859303603734d90d1a91d80977e14echjim,0,0.3906083436259295
24,79cdbe82ec79d0e60f1b113d9a5bc5b4ar8bk,0,0.0027636361541961483
24,e0fde4b9b7ec14e80de3c811ecae157f6kqd9,0,0.03382929266086253
24,b6a3aa8c0f2302fa35d7b809d9371deeypvyh,0,0.04666503162269434
24,3d7bd741177a712ae0417bc4f4a37bcf9jo2a,0,0.029055904405869425
24,042780ee9a3730703e35340c575c3cbb7zjwk,0,0.0742110186386978
24,f416aeaaafcbb66aabb77347776db008qw96o,0,0.21816467875343792
24,22e65b6bf73fab510ee814cbaeb9ebc1252mu,0,0.48786308365323877
24,4c46b1ea933d574a985776ed356312505nagr,0,0.01642180121023046
24,b28e6a39ef0cdda29c5e350e048c3a813idk1,0,0.011715552704612262
24,75613637a85df9328b743d33b0efbf1586qow,0,0.005618803913289788
24,ef65488c949595d7885525ccfab9100c6cmqb,0,0.10178415924702225
24,14c69cd7fbc8300876f287520c493fc8xe2o6,0,0.005221317361717498
24,f28b5654b5633a0b5e3f757a16080116sjj1b,0,0.011882379265835678
24,4de568a9b480f0dcd3f2ac385121d75bbpy82,0,0.0023599896918758993
24,bb4af76ec92ce75e8abe9a6a481d4314jyo16,0,0.020191419895586815
24,37d71b4ae830fcfa6f0c4f65ec386414n8h5l,0,0.0018909644132416668
24,b4210edd4ec9bf872c7108fdb3c6aae9cjwz7,0,0.013710831834185727
24,e9f928411213f44502e4942a29553ab1tbqgu,0,0.011287360913804015
24,65f52b46edfc7fa64b9e74557a78e52c1it54,0,0.002238927910816534
24,2a73f10b3b8f2b825e220ba0a1d2c49f9nikz,0,0.006431822699507547
24,f473c995ca7b5287f9b2f079f0d78a1e92226,0,0.6155519131234226
24,6da04647ce16d0f00051dfeaa94d3313ox30y,0,0.0066351418557538105
24,1899fd76b484b9275854787a6b003b8a93js0,0,0.007887844317545181
24,8c339df2050a428c04a1c2bcbfe4a143loj8l,0,0.04784672844235824
24,b3dc6151c6813688d0423dbab13d3f19crw2w,0,0.004208442900684401
24,fcda141af3b545332fc3b2d55a8bba74uw7s0,0,0.003684907042694649
24,0a9d614009139236f198ddb4759a498cen5ix,0,0.004661252332898348
24,741b9948c8cf42d658676e5a46757815zstr4,0,0.0023967890801160547
24,205a011640002932a7bedbb93d81b68b8m93b,0,0.002254646113966416
24,55453d252a225f3b046c094a7aa330a80dr96,0,0.011715552704612262
24,424b638423f4862b2a84f22ec25fa22eb2c8p,0,0.020191419895586815
24,1b7c070ffb2c23c1d02ae5bc5d817d06qz4xb,0,0.005054469711582725
24,8b253bd318229b3eea3f459bd81b8347khytb,0,0.8512578574932884
24,0181b91f58e6cbaa832235e2879c9c00ovrzi,0,0.0018044374303745898
24,c17c63af831939f5e2fd12f65821db65umonm,0,0.6480478857668291
24,03e884d3e7e3356608187d2345e4693fyt29x,0,0.003582018145534997
24,df12e679581fb2054907dae75c9c78ee9kzzv,0,0.07832247905514446
24,3fe1dacbdaf96fab0c213e218968c518twu76,0,0.04709211120125217
24,15f34e73687d7361ac0d780737fca261g2s9n,0,0.03654870184384963
24,1dfb637157cc0e590e50d724cd4cad6d4cacw,0,0.002740727401942112
24,b7e0afcd391a22444eaa566aa527eec0x2yv3,0,0.003413296590481521
24,c806dbb2decba0ed3c4ff5e2e60a74c2wjvbl,0,0.002156645742509443
