
== cv gnn ==
  out:   ./runs/cv_full/gnn
  cv     n_splits=5 n_repeats=20 quick=False
  model  seed=42 device=cuda epochs=30 lr=0.001 weight_decay=0.0001 early_stop_patience=10 hidden=256 dropout=0.3
  data   data_dir=./data/facebook-recruiting-iv-human-or-bot runs_dir=./runs cache_dir=./runs/cache

    [gnn] epoch 01/30: train_loss=1.3084 val_auc=0.7570 best=0.7570 patience=0/10 *
    [gnn] epoch 02/30: train_loss=1.2523 val_auc=0.7573 best=0.7573 patience=0/10 *
    [gnn] epoch 03/30: train_loss=1.1964 val_auc=0.7648 best=0.7648 patience=0/10 *
    [gnn] epoch 04/30: train_loss=1.1563 val_auc=0.7269 best=0.7648 patience=1/10
    [gnn] epoch 05/30: train_loss=1.1270 val_auc=0.7600 best=0.7648 patience=2/10
    [gnn] epoch 06/30: train_loss=1.0143 val_auc=0.7649 best=0.7649 patience=0/10 *
    [gnn] epoch 07/30: train_loss=1.0930 val_auc=0.7691 best=0.7691 patience=0/10 *
    [gnn] epoch 08/30: train_loss=1.0064 val_auc=0.7650 best=0.7691 patience=1/10
    [gnn] epoch 09/30: train_loss=0.8947 val_auc=0.7666 best=0.7691 patience=2/10
    [gnn] epoch 10/30: train_loss=0.9023 val_auc=0.7730 best=0.7730 patience=0/10 *
    [gnn] epoch 11/30: train_loss=0.8117 val_auc=0.7723 best=0.7730 patience=1/10
    [gnn] epoch 12/30: train_loss=0.7798 val_auc=0.7735 best=0.7735 patience=0/10 *
    [gnn] epoch 13/30: train_loss=0.7245 val_auc=0.7787 best=0.7787 patience=0/10 *
    [gnn] epoch 14/30: train_loss=0.6572 val_auc=0.7806 best=0.7806 patience=0/10 *
    [gnn] epoch 15/30: train_loss=0.6138 val_auc=0.7860 best=0.7860 patience=0/10 *
    [gnn] epoch 16/30: train_loss=0.6156 val_auc=0.7828 best=0.7860 patience=1/10
    [gnn] epoch 17/30: train_loss=0.5734 val_auc=0.7901 best=0.7901 patience=0/10 *
    [gnn] epoch 18/30: train_loss=0.5268 val_auc=0.7866 best=0.7901 patience=1/10
    [gnn] epoch 19/30: train_loss=0.5452 val_auc=0.7963 best=0.7963 patience=0/10 *
    [gnn] epoch 20/30: train_loss=0.4706 val_auc=0.8033 best=0.8033 patience=0/10 *
    [gnn] epoch 21/30: train_loss=0.6945 val_auc=0.8052 best=0.8052 patience=0/10 *
    [gnn] epoch 22/30: train_loss=0.6495 val_auc=0.8044 best=0.8052 patience=1/10
    [gnn] epoch 23/30: train_loss=0.3921 val_auc=0.7982 best=0.8052 patience=2/10
    [gnn] epoch 24/30: train_loss=0.4673 val_auc=0.8064 best=0.8064 patience=0/10 *
    [gnn] epoch 25/30: train_loss=0.3094 val_auc=0.8064 best=0.8064 patience=0/10 *
    [gnn] epoch 26/30: train_loss=0.4860 val_auc=0.8070 best=0.8070 patience=0/10 *
    [gnn] epoch 27/30: train_loss=0.4826 val_auc=0.8067 best=0.8070 patience=1/10
    [gnn] epoch 28/30: train_loss=0.2542 val_auc=0.7962 best=0.8070 patience=2/10
    [gnn] epoch 29/30: train_loss=0.8000 val_auc=0.7953 best=0.8070 patience=3/10
    [gnn] epoch 30/30: train_loss=0.7998 val_auc=0.8015 best=0.8070 patience=4/10
  [gnn] fold 1/100: AUC=0.8070
    [gnn] epoch 01/30: train_loss=1.3135 val_auc=0.7024 best=0.7024 patience=0/10 *
    [gnn] epoch 02/30: train_loss=1.2629 val_auc=0.7266 best=0.7266 patience=0/10 *
    [gnn] epoch 03/30: train_loss=1.2099 val_auc=0.7457 best=0.7457 patience=0/10 *
    [gnn] epoch 04/30: train_loss=1.1376 val_auc=0.7641 best=0.7641 patience=0/10 *
    [gnn] epoch 05/30: train_loss=1.0574 val_auc=0.7740 best=0.7740 patience=0/10 *
    [gnn] epoch 06/30: train_loss=1.0023 val_auc=0.7924 best=0.7924 patience=0/10 *
    [gnn] epoch 07/30: train_loss=1.0406 val_auc=0.7981 best=0.7981 patience=0/10 *
    [gnn] epoch 08/30: train_loss=0.8560 val_auc=0.7993 best=0.7993 patience=0/10 *
    [gnn] epoch 09/30: train_loss=0.8891 val_auc=0.8055 best=0.8055 patience=0/10 *
    [gnn] epoch 10/30: train_loss=0.8182 val_auc=0.8133 best=0.8133 patience=0/10 *
    [gnn] epoch 11/30: train_loss=0.7129 val_auc=0.8209 best=0.8209 patience=0/10 *
    [gnn] epoch 12/30: train_loss=0.6546 val_auc=0.8245 best=0.8245 patience=0/10 *
    [gnn] epoch 13/30: train_loss=0.6707 val_auc=0.8308 best=0.8308 patience=0/10 *
    [gnn] epoch 14/30: train_loss=0.5968 val_auc=0.8331 best=0.8331 patience=0/10 *
    [gnn] epoch 15/30: train_loss=0.5763 val_auc=0.8353 best=0.8353 patience=0/10 *
    [gnn] epoch 16/30: train_loss=0.5700 val_auc=0.8361 best=0.8361 patience=0/10 *
    [gnn] epoch 17/30: train_loss=0.4685 val_auc=0.8384 best=0.8384 patience=0/10 *
    [gnn] epoch 18/30: train_loss=0.5045 val_auc=0.8442 best=0.8442 patience=0/10 *
    [gnn] epoch 19/30: train_loss=0.5391 val_auc=0.8436 best=0.8442 patience=1/10
    [gnn] epoch 20/30: train_loss=0.4112 val_auc=0.8399 best=0.8442 patience=2/10
    [gnn] epoch 21/30: train_loss=0.5569 val_auc=0.8392 best=0.8442 patience=3/10
    [gnn] epoch 22/30: train_loss=0.5416 val_auc=0.8407 best=0.8442 patience=4/10
    [gnn] epoch 23/30: train_loss=0.3404 val_auc=0.8394 best=0.8442 patience=5/10
    [gnn] epoch 24/30: train_loss=0.3353 val_auc=0.8383 best=0.8442 patience=6/10
    [gnn] epoch 25/30: train_loss=0.4022 val_auc=0.8383 best=0.8442 patience=7/10
    [gnn] epoch 26/30: train_loss=0.3292 val_auc=0.8409 best=0.8442 patience=8/10
    [gnn] epoch 27/30: train_loss=0.4121 val_auc=0.8413 best=0.8442 patience=9/10
    [gnn] epoch 28/30: train_loss=0.4725 val_auc=0.8387 best=0.8442 patience=10/10
    [gnn] early stop at epoch 28
  [gnn] fold 2/100: AUC=0.8442
    [gnn] epoch 01/30: train_loss=1.3180 val_auc=0.7183 best=0.7183 patience=0/10 *
    [gnn] epoch 02/30: train_loss=1.2492 val_auc=0.7614 best=0.7614 patience=0/10 *
    [gnn] epoch 03/30: train_loss=1.1986 val_auc=0.7836 best=0.7836 patience=0/10 *
    [gnn] epoch 04/30: train_loss=1.1289 val_auc=0.7832 best=0.7836 patience=1/10
    [gnn] epoch 05/30: train_loss=1.0709 val_auc=0.7841 best=0.7841 patience=0/10 *
    [gnn] epoch 06/30: train_loss=1.0262 val_auc=0.7911 best=0.7911 patience=0/10 *
    [gnn] epoch 07/30: train_loss=0.9392 val_auc=0.7897 best=0.7911 patience=1/10
    [gnn] epoch 08/30: train_loss=0.8928 val_auc=0.7919 best=0.7919 patience=0/10 *
    [gnn] epoch 09/30: train_loss=0.8256 val_auc=0.7971 best=0.7971 patience=0/10 *
    [gnn] epoch 10/30: train_loss=0.9467 val_auc=0.8020 best=0.8020 patience=0/10 *
    [gnn] epoch 11/30: train_loss=0.7704 val_auc=0.8015 best=0.8020 patience=1/10
    [gnn] epoch 12/30: train_loss=0.8825 val_auc=0.8033 best=0.8033 patience=0/10 *
    [gnn] epoch 13/30: train_loss=0.8609 val_auc=0.8084 best=0.8084 patience=0/10 *
    [gnn] epoch 14/30: train_loss=0.6581 val_auc=0.8125 best=0.8125 patience=0/10 *
    [gnn] epoch 15/30: train_loss=0.8115 val_auc=0.8148 best=0.8148 patience=0/10 *
    [gnn] epoch 16/30: train_loss=0.7128 val_auc=0.8156 best=0.8156 patience=0/10 *
    [gnn] epoch 17/30: train_loss=0.5540 val_auc=0.8158 best=0.8158 patience=0/10 *
    [gnn] epoch 18/30: train_loss=0.5322 val_auc=0.8192 best=0.8192 patience=0/10 *
    [gnn] epoch 19/30: train_loss=0.6644 val_auc=0.8200 best=0.8200 patience=0/10 *
    [gnn] epoch 20/30: train_loss=0.5606 val_auc=0.8201 best=0.8201 patience=0/10 *
    [gnn] epoch 21/30: train_loss=0.4530 val_auc=0.8207 best=0.8207 patience=0/10 *
    [gnn] epoch 22/30: train_loss=0.4284 val_auc=0.8224 best=0.8224 patience=0/10 *
    [gnn] epoch 23/30: train_loss=0.4981 val_auc=0.8240 best=0.8240 patience=0/10 *
    [gnn] epoch 24/30: train_loss=0.4715 val_auc=0.8261 best=0.8261 patience=0/10 *
    [gnn] epoch 25/30: train_loss=0.3670 val_auc=0.8277 best=0.8277 patience=0/10 *
    [gnn] epoch 26/30: train_loss=0.3393 val_auc=0.8283 best=0.8283 patience=0/10 *
    [gnn] epoch 27/30: train_loss=0.4603 val_auc=0.8301 best=0.8301 patience=0/10 *
    [gnn] epoch 28/30: train_loss=0.4225 val_auc=0.8320 best=0.8320 patience=0/10 *
    [gnn] epoch 29/30: train_loss=0.2940 val_auc=0.8335 best=0.8335 patience=0/10 *
    [gnn] epoch 30/30: train_loss=0.2659 val_auc=0.8333 best=0.8335 patience=1/10
  [gnn] fold 3/100: AUC=0.8335
    [gnn] epoch 01/30: train_loss=1.3305 val_auc=0.6973 best=0.6973 patience=0/10 *
    [gnn] epoch 02/30: train_loss=1.2809 val_auc=0.7433 best=0.7433 patience=0/10 *
    [gnn] epoch 03/30: train_loss=1.2053 val_auc=0.7410 best=0.7433 patience=1/10
    [gnn] epoch 04/30: train_loss=1.1462 val_auc=0.7406 best=0.7433 patience=2/10
    [gnn] epoch 05/30: train_loss=1.0959 val_auc=0.7462 best=0.7462 patience=0/10 *
    [gnn] epoch 06/30: train_loss=1.0323 val_auc=0.7558 best=0.7558 patience=0/10 *
    [gnn] epoch 07/30: train_loss=0.9789 val_auc=0.7648 best=0.7648 patience=0/10 *
    [gnn] epoch 08/30: train_loss=0.8847 val_auc=0.7657 best=0.7657 patience=0/10 *
    [gnn] epoch 09/30: train_loss=0.9298 val_auc=0.7687 best=0.7687 patience=0/10 *
    [gnn] epoch 10/30: train_loss=0.7745 val_auc=0.7723 best=0.7723 patience=0/10 *
    [gnn] epoch 11/30: train_loss=0.9433 val_auc=0.7726 best=0.7726 patience=0/10 *
    [gnn] epoch 12/30: train_loss=0.9321 val_auc=0.7675 best=0.7726 patience=1/10
    [gnn] epoch 13/30: train_loss=0.6499 val_auc=0.7630 best=0.7726 patience=2/10
    [gnn] epoch 14/30: train_loss=1.5400 val_auc=0.7575 best=0.7726 patience=3/10
    [gnn] epoch 15/30: train_loss=2.2496 val_auc=0.7605 best=0.7726 patience=4/10
    [gnn] epoch 16/30: train_loss=1.4983 val_auc=0.7649 best=0.7726 patience=5/10
    [gnn] epoch 17/30: train_loss=0.6108 val_auc=0.7703 best=0.7726 patience=6/10
    [gnn] epoch 18/30: train_loss=0.8088 val_auc=0.7780 best=0.7780 patience=0/10 *
    [gnn] epoch 19/30: train_loss=1.0400 val_auc=0.7721 best=0.7780 patience=1/10
    [gnn] epoch 20/30: train_loss=0.9361 val_auc=0.7654 best=0.7780 patience=2/10
    [gnn] epoch 21/30: train_loss=0.6350 val_auc=0.7656 best=0.7780 patience=3/10
    [gnn] epoch 22/30: train_loss=0.7519 val_auc=0.7637 best=0.7780 patience=4/10
    [gnn] epoch 23/30: train_loss=0.9819 val_auc=0.7623 best=0.7780 patience=5/10
    [gnn] epoch 24/30: train_loss=0.8311 val_auc=0.7611 best=0.7780 patience=6/10
    [gnn] epoch 25/30: train_loss=0.5562 val_auc=0.7601 best=0.7780 patience=7/10
    [gnn] epoch 26/30: train_loss=0.5916 val_auc=0.7623 best=0.7780 patience=8/10
    [gnn] epoch 27/30: train_loss=0.6595 val_auc=0.7634 best=0.7780 patience=9/10
    [gnn] epoch 28/30: train_loss=0.5875 val_auc=0.7623 best=0.7780 patience=10/10
    [gnn] early stop at epoch 28
  [gnn] fold 4/100: AUC=0.7780
    [gnn] epoch 01/30: train_loss=1.3196 val_auc=0.7139 best=0.7139 patience=0/10 *
    [gnn] epoch 02/30: train_loss=1.2871 val_auc=0.7819 best=0.7819 patience=0/10 *
    [gnn] epoch 03/30: train_loss=1.2485 val_auc=0.8102 best=0.8102 patience=0/10 *
    [gnn] epoch 04/30: train_loss=1.1900 val_auc=0.8149 best=0.8149 patience=0/10 *
    [gnn] epoch 05/30: train_loss=1.1297 val_auc=0.8298 best=0.8298 patience=0/10 *
    [gnn] epoch 06/30: train_loss=1.0703 val_auc=0.8368 best=0.8368 patience=0/10 *
    [gnn] epoch 07/30: train_loss=1.0259 val_auc=0.8380 best=0.8380 patience=0/10 *
    [gnn] epoch 08/30: train_loss=0.9559 val_auc=0.8372 best=0.8380 patience=1/10
    [gnn] epoch 09/30: train_loss=0.8900 val_auc=0.8359 best=0.8380 patience=2/10
    [gnn] epoch 10/30: train_loss=0.8134 val_auc=0.8348 best=0.8380 patience=3/10
    [gnn] epoch 11/30: train_loss=0.8509 val_auc=0.8338 best=0.8380 patience=4/10
    [gnn] epoch 12/30: train_loss=0.7452 val_auc=0.8336 best=0.8380 patience=5/10
    [gnn] epoch 13/30: train_loss=0.8911 val_auc=0.8353 best=0.8380 patience=6/10
    [gnn] epoch 14/30: train_loss=0.7634 val_auc=0.8310 best=0.8380 patience=7/10
    [gnn] epoch 15/30: train_loss=0.8160 val_auc=0.8300 best=0.8380 patience=8/10
    [gnn] epoch 16/30: train_loss=0.8806 val_auc=0.8325 best=0.8380 patience=9/10
    [gnn] epoch 17/30: train_loss=0.5972 val_auc=0.8306 best=0.8380 patience=10/10
    [gnn] early stop at epoch 17
  [gnn] fold 5/100: AUC=0.8380
    [gnn] epoch 01/30: train_loss=1.3164 val_auc=0.6650 best=0.6650 patience=0/10 *
    [gnn] epoch 02/30: train_loss=1.2555 val_auc=0.6822 best=0.6822 patience=0/10 *
    [gnn] epoch 03/30: train_loss=1.1988 val_auc=0.7191 best=0.7191 patience=0/10 *
    [gnn] epoch 04/30: train_loss=1.1209 val_auc=0.7320 best=0.7320 patience=0/10 *
    [gnn] epoch 05/30: train_loss=1.0739 val_auc=0.7392 best=0.7392 patience=0/10 *
    [gnn] epoch 06/30: train_loss=1.0056 val_auc=0.7516 best=0.7516 patience=0/10 *
    [gnn] epoch 07/30: train_loss=0.9506 val_auc=0.7539 best=0.7539 patience=0/10 *
    [gnn] epoch 08/30: train_loss=0.8734 val_auc=0.7493 best=0.7539 patience=1/10
    [gnn] epoch 09/30: train_loss=0.8385 val_auc=0.7518 best=0.7539 patience=2/10
    [gnn] epoch 10/30: train_loss=0.8260 val_auc=0.7481 best=0.7539 patience=3/10
    [gnn] epoch 11/30: train_loss=0.6944 val_auc=0.7418 best=0.7539 patience=4/10
    [gnn] epoch 12/30: train_loss=0.8407 val_auc=0.7436 best=0.7539 patience=5/10
    [gnn] epoch 13/30: train_loss=0.7228 val_auc=0.7385 best=0.7539 patience=6/10
    [gnn] epoch 14/30: train_loss=0.9848 val_auc=0.7352 best=0.7539 patience=7/10
    [gnn] epoch 15/30: train_loss=1.0080 val_auc=0.7381 best=0.7539 patience=8/10
    [gnn] epoch 16/30: train_loss=0.6325 val_auc=0.7339 best=0.7539 patience=9/10
    [gnn] epoch 17/30: train_loss=0.9290 val_auc=0.7316 best=0.7539 patience=10/10
    [gnn] early stop at epoch 17
  [gnn] fold 6/100: AUC=0.7539
    [gnn] epoch 01/30: train_loss=1.3078 val_auc=0.7474 best=0.7474 patience=0/10 *
    [gnn] epoch 02/30: train_loss=1.2756 val_auc=0.7670 best=0.7670 patience=0/10 *
    [gnn] epoch 03/30: train_loss=1.2032 val_auc=0.7684 best=0.7684 patience=0/10 *
    [gnn] epoch 04/30: train_loss=1.1410 val_auc=0.7858 best=0.7858 patience=0/10 *
    [gnn] epoch 05/30: train_loss=1.0940 val_auc=0.7953 best=0.7953 patience=0/10 *
    [gnn] epoch 06/30: train_loss=1.0052 val_auc=0.8008 best=0.8008 patience=0/10 *
    [gnn] epoch 07/30: train_loss=0.9682 val_auc=0.7989 best=0.8008 patience=1/10
    [gnn] epoch 08/30: train_loss=0.8622 val_auc=0.8050 best=0.8050 patience=0/10 *
    [gnn] epoch 09/30: train_loss=0.8480 val_auc=0.8111 best=0.8111 patience=0/10 *
    [gnn] epoch 10/30: train_loss=0.8170 val_auc=0.8043 best=0.8111 patience=1/10
    [gnn] epoch 11/30: train_loss=0.7666 val_auc=0.8085 best=0.8111 patience=2/10
    [gnn] epoch 12/30: train_loss=0.6678 val_auc=0.8144 best=0.8144 patience=0/10 *
    [gnn] epoch 13/30: train_loss=0.6972 val_auc=0.8101 best=0.8144 patience=1/10
    [gnn] epoch 14/30: train_loss=0.6708 val_auc=0.8166 best=0.8166 patience=0/10 *
    [gnn] epoch 15/30: train_loss=0.6022 val_auc=0.8176 best=0.8176 patience=0/10 *
    [gnn] epoch 16/30: train_loss=0.5676 val_auc=0.8113 best=0.8176 patience=1/10
    [gnn] epoch 17/30: train_loss=0.4818 val_auc=0.8113 best=0.8176 patience=2/10
    [gnn] epoch 18/30: train_loss=0.4464 val_auc=0.8088 best=0.8176 patience=3/10
    [gnn] epoch 19/30: train_loss=0.4853 val_auc=0.8069 best=0.8176 patience=4/10
    [gnn] epoch 20/30: train_loss=0.4014 val_auc=0.8111 best=0.8176 patience=5/10
    [gnn] epoch 21/30: train_loss=0.5308 val_auc=0.8104 best=0.8176 patience=6/10
    [gnn] epoch 22/30: train_loss=0.4149 val_auc=0.8058 best=0.8176 patience=7/10
    [gnn] epoch 23/30: train_loss=0.5205 val_auc=0.8052 best=0.8176 patience=8/10
    [gnn] epoch 24/30: train_loss=0.7125 val_auc=0.8088 best=0.8176 patience=9/10
    [gnn] epoch 25/30: train_loss=0.3117 val_auc=0.8136 best=0.8176 patience=10/10
    [gnn] early stop at epoch 25
  [gnn] fold 7/100: AUC=0.8176
    [gnn] epoch 01/30: train_loss=1.3266 val_auc=0.7093 best=0.7093 patience=0/10 *
    [gnn] epoch 02/30: train_loss=1.2695 val_auc=0.7574 best=0.7574 patience=0/10 *
    [gnn] epoch 03/30: train_loss=1.2296 val_auc=0.7690 best=0.7690 patience=0/10 *
    [gnn] epoch 04/30: train_loss=1.1510 val_auc=0.7850 best=0.7850 patience=0/10 *
    [gnn] epoch 05/30: train_loss=1.0767 val_auc=0.7878 best=0.7878 patience=0/10 *
    [gnn] epoch 06/30: train_loss=1.0258 val_auc=0.7928 best=0.7928 patience=0/10 *
    [gnn] epoch 07/30: train_loss=0.9275 val_auc=0.7964 best=0.7964 patience=0/10 *
    [gnn] epoch 08/30: train_loss=0.8747 val_auc=0.8059 best=0.8059 patience=0/10 *
    [gnn] epoch 09/30: train_loss=0.8032 val_auc=0.8095 best=0.8095 patience=0/10 *
    [gnn] epoch 10/30: train_loss=0.9837 val_auc=0.8189 best=0.8189 patience=0/10 *
    [gnn] epoch 11/30: train_loss=0.7894 val_auc=0.8139 best=0.8189 patience=1/10
    [gnn] epoch 12/30: train_loss=0.8816 val_auc=0.8164 best=0.8189 patience=2/10
    [gnn] epoch 13/30: train_loss=0.8895 val_auc=0.8199 best=0.8199 patience=0/10 *
    [gnn] epoch 14/30: train_loss=0.6213 val_auc=0.8195 best=0.8199 patience=1/10
    [gnn] epoch 15/30: train_loss=0.8990 val_auc=0.8221 best=0.8221 patience=0/10 *
    [gnn] epoch 16/30: train_loss=0.8504 val_auc=0.8259 best=0.8259 patience=0/10 *
    [gnn] epoch 17/30: train_loss=0.5404 val_auc=0.8272 best=0.8272 patience=0/10 *
    [gnn] epoch 18/30: train_loss=0.5459 val_auc=0.8280 best=0.8280 patience=0/10 *
    [gnn] epoch 19/30: train_loss=0.4443 val_auc=0.8287 best=0.8287 patience=0/10 *
    [gnn] epoch 20/30: train_loss=0.4131 val_auc=0.8285 best=0.8287 patience=1/10
    [gnn] epoch 21/30: train_loss=0.4657 val_auc=0.8295 best=0.8295 patience=0/10 *
    [gnn] epoch 22/30: train_loss=0.3930 val_auc=0.8270 best=0.8295 patience=1/10
    [gnn] epoch 23/30: train_loss=0.3716 val_auc=0.8269 best=0.8295 patience=2/10
    [gnn] epoch 24/30: train_loss=0.3076 val_auc=0.8259 best=0.8295 patience=3/10
    [gnn] epoch 25/30: train_loss=0.3139 val_auc=0.8257 best=0.8295 patience=4/10
    [gnn] epoch 26/30: train_loss=0.2699 val_auc=0.8252 best=0.8295 patience=5/10
    [gnn] epoch 27/30: train_loss=0.2725 val_auc=0.8245 best=0.8295 patience=6/10
    [gnn] epoch 28/30: train_loss=0.2199 val_auc=0.8225 best=0.8295 patience=7/10
    [gnn] epoch 29/30: train_loss=0.2574 val_auc=0.8196 best=0.8295 patience=8/10
    [gnn] epoch 30/30: train_loss=0.1853 val_auc=0.8196 best=0.8295 patience=9/10
  [gnn] fold 8/100: AUC=0.8295
    [gnn] epoch 01/30: train_loss=1.3368 val_auc=0.7770 best=0.7770 patience=0/10 *
    [gnn] epoch 02/30: train_loss=1.2499 val_auc=0.8168 best=0.8168 patience=0/10 *
    [gnn] epoch 03/30: train_loss=1.2243 val_auc=0.8205 best=0.8205 patience=0/10 *
    [gnn] epoch 04/30: train_loss=1.1555 val_auc=0.8154 best=0.8205 patience=1/10
    [gnn] epoch 05/30: train_loss=1.0888 val_auc=0.8102 best=0.8205 patience=2/10
    [gnn] epoch 06/30: train_loss=1.0461 val_auc=0.8131 best=0.8205 patience=3/10
    [gnn] epoch 07/30: train_loss=0.9557 val_auc=0.8144 best=0.8205 patience=4/10
    [gnn] epoch 08/30: train_loss=0.9454 val_auc=0.8149 best=0.8205 patience=5/10
    [gnn] epoch 09/30: train_loss=0.9149 val_auc=0.8198 best=0.8205 patience=6/10
    [gnn] epoch 10/30: train_loss=0.8023 val_auc=0.8233 best=0.8233 patience=0/10 *
    [gnn] epoch 11/30: train_loss=0.8360 val_auc=0.8250 best=0.8250 patience=0/10 *
    [gnn] epoch 12/30: train_loss=0.7077 val_auc=0.8298 best=0.8298 patience=0/10 *
    [gnn] epoch 13/30: train_loss=0.6565 val_auc=0.8280 best=0.8298 patience=1/10
    [gnn] epoch 14/30: train_loss=0.7935 val_auc=0.8370 best=0.8370 patience=0/10 *
    [gnn] epoch 15/30: train_loss=0.6333 val_auc=0.8420 best=0.8420 patience=0/10 *
    [gnn] epoch 16/30: train_loss=0.8498 val_auc=0.8435 best=0.8435 patience=0/10 *
    [gnn] epoch 17/30: train_loss=0.8822 val_auc=0.8411 best=0.8435 patience=1/10
    [gnn] epoch 18/30: train_loss=0.5134 val_auc=0.8308 best=0.8435 patience=2/10
    [gnn] epoch 19/30: train_loss=1.3369 val_auc=0.8272 best=0.8435 patience=3/10
    [gnn] epoch 20/30: train_loss=1.7762 val_auc=0.8319 best=0.8435 patience=4/10
    [gnn] epoch 21/30: train_loss=1.3403 val_auc=0.8435 best=0.8435 patience=5/10
    [gnn] epoch 22/30: train_loss=0.5198 val_auc=0.8475 best=0.8475 patience=0/10 *
    [gnn] epoch 23/30: train_loss=0.7102 val_auc=0.8497 best=0.8497 patience=0/10 *
    [gnn] epoch 24/30: train_loss=0.9579 val_auc=0.8496 best=0.8497 patience=1/10
    [gnn] epoch 25/30: train_loss=0.8260 val_auc=0.8497 best=0.8497 patience=2/10
    [gnn] epoch 26/30: train_loss=0.4768 val_auc=0.8480 best=0.8497 patience=3/10
    [gnn] epoch 27/30: train_loss=0.6716 val_auc=0.8471 best=0.8497 patience=4/10
    [gnn] epoch 28/30: train_loss=0.9703 val_auc=0.8488 best=0.8497 patience=5/10
    [gnn] epoch 29/30: train_loss=0.8603 val_auc=0.8524 best=0.8524 patience=0/10 *
    [gnn] epoch 30/30: train_loss=0.5195 val_auc=0.8533 best=0.8533 patience=0/10 *
  [gnn] fold 9/100: AUC=0.8533
    [gnn] epoch 01/30: train_loss=1.3109 val_auc=0.7315 best=0.7315 patience=0/10 *
    [gnn] epoch 02/30: train_loss=1.2524 val_auc=0.7596 best=0.7596 patience=0/10 *
    [gnn] epoch 03/30: train_loss=1.2044 val_auc=0.7596 best=0.7596 patience=0/10 *
    [gnn] epoch 04/30: train_loss=1.1745 val_auc=0.7868 best=0.7868 patience=0/10 *
    [gnn] epoch 05/30: train_loss=1.1065 val_auc=0.7911 best=0.7911 patience=0/10 *
    [gnn] epoch 06/30: train_loss=1.0286 val_auc=0.7944 best=0.7944 patience=0/10 *
    [gnn] epoch 07/30: train_loss=0.9489 val_auc=0.7949 best=0.7949 patience=0/10 *
    [gnn] epoch 08/30: train_loss=0.8974 val_auc=0.7865 best=0.7949 patience=1/10
    [gnn] epoch 09/30: train_loss=0.9262 val_auc=0.7916 best=0.7949 patience=2/10
    [gnn] epoch 10/30: train_loss=0.8156 val_auc=0.7953 best=0.7953 patience=0/10 *
    [gnn] epoch 11/30: train_loss=0.8912 val_auc=0.7954 best=0.7954 patience=0/10 *
    [gnn] epoch 12/30: train_loss=0.8951 val_auc=0.7933 best=0.7954 patience=1/10
    [gnn] epoch 13/30: train_loss=0.7014 val_auc=0.7973 best=0.7973 patience=0/10 *
    [gnn] epoch 14/30: train_loss=0.6935 val_auc=0.7999 best=0.7999 patience=0/10 *
    [gnn] epoch 15/30: train_loss=0.6435 val_auc=0.8008 best=0.8008 patience=0/10 *
    [gnn] epoch 16/30: train_loss=0.5645 val_auc=0.7996 best=0.8008 patience=1/10
    [gnn] epoch 17/30: train_loss=0.8429 val_auc=0.8029 best=0.8029 patience=0/10 *
    [gnn] epoch 18/30: train_loss=0.7473 val_auc=0.8058 best=0.8058 patience=0/10 *
    [gnn] epoch 19/30: train_loss=0.4447 val_auc=0.8063 best=0.8063 patience=0/10 *
    [gnn] epoch 20/30: train_loss=0.4535 val_auc=0.8060 best=0.8063 patience=1/10
    [gnn] epoch 21/30: train_loss=0.4249 val_auc=0.8073 best=0.8073 patience=0/10 *
    [gnn] epoch 22/30: train_loss=0.3657 val_auc=0.8090 best=0.8090 patience=0/10 *
    [gnn] epoch 23/30: train_loss=0.4864 val_auc=0.8090 best=0.8090 patience=0/10 *
    [gnn] epoch 24/30: train_loss=0.4463 val_auc=0.8086 best=0.8090 patience=1/10
    [gnn] epoch 25/30: train_loss=0.3370 val_auc=0.8081 best=0.8090 patience=2/10
    [gnn] epoch 26/30: train_loss=0.2796 val_auc=0.8090 best=0.8090 patience=3/10
    [gnn] epoch 27/30: train_loss=0.3099 val_auc=0.8079 best=0.8090 patience=4/10
    [gnn] epoch 28/30: train_loss=0.2629 val_auc=0.8072 best=0.8090 patience=5/10
    [gnn] epoch 29/30: train_loss=0.3590 val_auc=0.8064 best=0.8090 patience=6/10
    [gnn] epoch 30/30: train_loss=0.3501 val_auc=0.8084 best=0.8090 patience=7/10
  [gnn] fold 10/100: AUC=0.8090
    [gnn] epoch 01/30: train_loss=1.3131 val_auc=0.6679 best=0.6679 patience=0/10 *
    [gnn] epoch 02/30: train_loss=1.2503 val_auc=0.6832 best=0.6832 patience=0/10 *
    [gnn] epoch 03/30: train_loss=1.1825 val_auc=0.6845 best=0.6845 patience=0/10 *
    [gnn] epoch 04/30: train_loss=1.1392 val_auc=0.7027 best=0.7027 patience=0/10 *
    [gnn] epoch 05/30: train_loss=1.0368 val_auc=0.7114 best=0.7114 patience=0/10 *
    [gnn] epoch 06/30: train_loss=0.9391 val_auc=0.7095 best=0.7114 patience=1/10
    [gnn] epoch 07/30: train_loss=1.0463 val_auc=0.7135 best=0.7135 patience=0/10 *
    [gnn] epoch 08/30: train_loss=0.9125 val_auc=0.7148 best=0.7148 patience=0/10 *
    [gnn] epoch 09/30: train_loss=0.8300 val_auc=0.7180 best=0.7180 patience=0/10 *
    [gnn] epoch 10/30: train_loss=0.7752 val_auc=0.7199 best=0.7199 patience=0/10 *
    [gnn] epoch 11/30: train_loss=0.8303 val_auc=0.7275 best=0.7275 patience=0/10 *
    [gnn] epoch 12/30: train_loss=0.6878 val_auc=0.7302 best=0.7302 patience=0/10 *
    [gnn] epoch 13/30: train_loss=0.6446 val_auc=0.7284 best=0.7302 patience=1/10
    [gnn] epoch 14/30: train_loss=0.8472 val_auc=0.7351 best=0.7351 patience=0/10 *
    [gnn] epoch 15/30: train_loss=0.6305 val_auc=0.7376 best=0.7376 patience=0/10 *
    [gnn] epoch 16/30: train_loss=0.6173 val_auc=0.7395 best=0.7395 patience=0/10 *
    [gnn] epoch 17/30: train_loss=0.5884 val_auc=0.7393 best=0.7395 patience=1/10
    [gnn] epoch 18/30: train_loss=0.5555 val_auc=0.7411 best=0.7411 patience=0/10 *
    [gnn] epoch 19/30: train_loss=0.5268 val_auc=0.7400 best=0.7411 patience=1/10
    [gnn] epoch 20/30: train_loss=0.4914 val_auc=0.7411 best=0.7411 patience=2/10
    [gnn] epoch 21/30: train_loss=0.4433 val_auc=0.7407 best=0.7411 patience=3/10
    [gnn] epoch 22/30: train_loss=0.5701 val_auc=0.7426 best=0.7426 patience=0/10 *
    [gnn] epoch 23/30: train_loss=0.5246 val_auc=0.7441 best=0.7441 patience=0/10 *
    [gnn] epoch 24/30: train_loss=0.3718 val_auc=0.7450 best=0.7450 patience=0/10 *
    [gnn] epoch 25/30: train_loss=0.3516 val_auc=0.7462 best=0.7462 patience=0/10 *
    [gnn] epoch 26/30: train_loss=0.3725 val_auc=0.7464 best=0.7464 patience=0/10 *
    [gnn] epoch 27/30: train_loss=0.3096 val_auc=0.7453 best=0.7464 patience=1/10
    [gnn] epoch 28/30: train_loss=0.3553 val_auc=0.7462 best=0.7464 patience=2/10
    [gnn] epoch 29/30: train_loss=0.3332 val_auc=0.7466 best=0.7466 patience=0/10 *
    [gnn] epoch 30/30: train_loss=0.2720 val_auc=0.7463 best=0.7466 patience=1/10
  [gnn] fold 11/100: AUC=0.7466
    [gnn] epoch 01/30: train_loss=1.3187 val_auc=0.7720 best=0.7720 patience=0/10 *
    [gnn] epoch 02/30: train_loss=1.2478 val_auc=0.8054 best=0.8054 patience=0/10 *
    [gnn] epoch 03/30: train_loss=1.2008 val_auc=0.8025 best=0.8054 patience=1/10
    [gnn] epoch 04/30: train_loss=1.1619 val_auc=0.7998 best=0.8054 patience=2/10
    [gnn] epoch 05/30: train_loss=1.0877 val_auc=0.7984 best=0.8054 patience=3/10
    [gnn] epoch 06/30: train_loss=1.0939 val_auc=0.8027 best=0.8054 patience=4/10
    [gnn] epoch 07/30: train_loss=0.9287 val_auc=0.8094 best=0.8094 patience=0/10 *
    [gnn] epoch 08/30: train_loss=0.9435 val_auc=0.8178 best=0.8178 patience=0/10 *
    [gnn] epoch 09/30: train_loss=0.8201 val_auc=0.8178 best=0.8178 patience=1/10
    [gnn] epoch 10/30: train_loss=0.7786 val_auc=0.8181 best=0.8181 patience=0/10 *
    [gnn] epoch 11/30: train_loss=0.6887 val_auc=0.8194 best=0.8194 patience=0/10 *
    [gnn] epoch 12/30: train_loss=0.6729 val_auc=0.8236 best=0.8236 patience=0/10 *
    [gnn] epoch 13/30: train_loss=0.6524 val_auc=0.8199 best=0.8236 patience=1/10
    [gnn] epoch 14/30: train_loss=0.8363 val_auc=0.8265 best=0.8265 patience=0/10 *
    [gnn] epoch 15/30: train_loss=0.6066 val_auc=0.8300 best=0.8300 patience=0/10 *
    [gnn] epoch 16/30: train_loss=0.7147 val_auc=0.8317 best=0.8317 patience=0/10 *
    [gnn] epoch 17/30: train_loss=0.7146 val_auc=0.8327 best=0.8327 patience=0/10 *
    [gnn] epoch 18/30: train_loss=0.5322 val_auc=0.8332 best=0.8332 patience=0/10 *
    [gnn] epoch 19/30: train_loss=0.4372 val_auc=0.8311 best=0.8332 patience=1/10
    [gnn] epoch 20/30: train_loss=0.5018 val_auc=0.8313 best=0.8332 patience=2/10
    [gnn] epoch 21/30: train_loss=0.4007 val_auc=0.8282 best=0.8332 patience=3/10
    [gnn] epoch 22/30: train_loss=0.5084 val_auc=0.8295 best=0.8332 patience=4/10
    [gnn] epoch 23/30: train_loss=0.3418 val_auc=0.8298 best=0.8332 patience=5/10
    [gnn] epoch 24/30: train_loss=0.4581 val_auc=0.8301 best=0.8332 patience=6/10
    [gnn] epoch 25/30: train_loss=0.4393 val_auc=0.8297 best=0.8332 patience=7/10
    [gnn] epoch 26/30: train_loss=0.3295 val_auc=0.8300 best=0.8332 patience=8/10
    [gnn] epoch 27/30: train_loss=0.2999 val_auc=0.8293 best=0.8332 patience=9/10
    [gnn] epoch 28/30: train_loss=0.3508 val_auc=0.8293 best=0.8332 patience=10/10
    [gnn] early stop at epoch 28
  [gnn] fold 12/100: AUC=0.8332
    [gnn] epoch 01/30: train_loss=1.3220 val_auc=0.7536 best=0.7536 patience=0/10 *
    [gnn] epoch 02/30: train_loss=1.2632 val_auc=0.7701 best=0.7701 patience=0/10 *
    [gnn] epoch 03/30: train_loss=1.1984 val_auc=0.7770 best=0.7770 patience=0/10 *
    [gnn] epoch 04/30: train_loss=1.1244 val_auc=0.7939 best=0.7939 patience=0/10 *
    [gnn] epoch 05/30: train_loss=1.0750 val_auc=0.8047 best=0.8047 patience=0/10 *
    [gnn] epoch 06/30: train_loss=1.0206 val_auc=0.8110 best=0.8110 patience=0/10 *
    [gnn] epoch 07/30: train_loss=1.0618 val_auc=0.8057 best=0.8110 patience=1/10
    [gnn] epoch 08/30: train_loss=0.9252 val_auc=0.7796 best=0.8110 patience=2/10
    [gnn] epoch 09/30: train_loss=1.3232 val_auc=0.7795 best=0.8110 patience=3/10
    [gnn] epoch 10/30: train_loss=1.3517 val_auc=0.7984 best=0.8110 patience=4/10
    [gnn] epoch 11/30: train_loss=0.8715 val_auc=0.8088 best=0.8110 patience=5/10
    [gnn] epoch 12/30: train_loss=0.8800 val_auc=0.8085 best=0.8110 patience=6/10
    [gnn] epoch 13/30: train_loss=0.9740 val_auc=0.8073 best=0.8110 patience=7/10
    [gnn] epoch 14/30: train_loss=0.8278 val_auc=0.7998 best=0.8110 patience=8/10
    [gnn] epoch 15/30: train_loss=0.8118 val_auc=0.7983 best=0.8110 patience=9/10
    [gnn] epoch 16/30: train_loss=0.8493 val_auc=0.8025 best=0.8110 patience=10/10
    [gnn] early stop at epoch 16
  [gnn] fold 13/100: AUC=0.8110
    [gnn] epoch 01/30: train_loss=1.3317 val_auc=0.8156 best=0.8156 patience=0/10 *
    [gnn] epoch 02/30: train_loss=1.2730 val_auc=0.8461 best=0.8461 patience=0/10 *
    [gnn] epoch 03/30: train_loss=1.2329 val_auc=0.8732 best=0.8732 patience=0/10 *
    [gnn] epoch 04/30: train_loss=1.1605 val_auc=0.8893 best=0.8893 patience=0/10 *
    [gnn] epoch 05/30: train_loss=1.1053 val_auc=0.8966 best=0.8966 patience=0/10 *
    [gnn] epoch 06/30: train_loss=1.0732 val_auc=0.9018 best=0.9018 patience=0/10 *
    [gnn] epoch 07/30: train_loss=1.0016 val_auc=0.9077 best=0.9077 patience=0/10 *
    [gnn] epoch 08/30: train_loss=0.9595 val_auc=0.9122 best=0.9122 patience=0/10 *
    [gnn] epoch 09/30: train_loss=0.8919 val_auc=0.9158 best=0.9158 patience=0/10 *
    [gnn] epoch 10/30: train_loss=0.9277 val_auc=0.9217 best=0.9217 patience=0/10 *
    [gnn] epoch 11/30: train_loss=0.7696 val_auc=0.9205 best=0.9217 patience=1/10
    [gnn] epoch 12/30: train_loss=0.7270 val_auc=0.9177 best=0.9217 patience=2/10
    [gnn] epoch 13/30: train_loss=0.7351 val_auc=0.9166 best=0.9217 patience=3/10
    [gnn] epoch 14/30: train_loss=0.6883 val_auc=0.9165 best=0.9217 patience=4/10
    [gnn] epoch 15/30: train_loss=0.6543 val_auc=0.9200 best=0.9217 patience=5/10
    [gnn] epoch 16/30: train_loss=0.7460 val_auc=0.9232 best=0.9232 patience=0/10 *
    [gnn] epoch 17/30: train_loss=0.5799 val_auc=0.9223 best=0.9232 patience=1/10
    [gnn] epoch 18/30: train_loss=1.0045 val_auc=0.9223 best=0.9232 patience=2/10
    [gnn] epoch 19/30: train_loss=1.1068 val_auc=0.9259 best=0.9259 patience=0/10 *
    [gnn] epoch 20/30: train_loss=0.6232 val_auc=0.9280 best=0.9280 patience=0/10 *
    [gnn] epoch 21/30: train_loss=0.7077 val_auc=0.9304 best=0.9304 patience=0/10 *
    [gnn] epoch 22/30: train_loss=0.8502 val_auc=0.9313 best=0.9313 patience=0/10 *
    [gnn] epoch 23/30: train_loss=0.6118 val_auc=0.9302 best=0.9313 patience=1/10
    [gnn] epoch 24/30: train_loss=0.5501 val_auc=0.9297 best=0.9313 patience=2/10
    [gnn] epoch 25/30: train_loss=0.6966 val_auc=0.9285 best=0.9313 patience=3/10
    [gnn] epoch 26/30: train_loss=0.4863 val_auc=0.9277 best=0.9313 patience=4/10
    [gnn] epoch 27/30: train_loss=0.5241 val_auc=0.9267 best=0.9313 patience=5/10
    [gnn] epoch 28/30: train_loss=0.5847 val_auc=0.9264 best=0.9313 patience=6/10
    [gnn] epoch 29/30: train_loss=0.4275 val_auc=0.9242 best=0.9313 patience=7/10
    [gnn] epoch 30/30: train_loss=0.5561 val_auc=0.9217 best=0.9313 patience=8/10
  [gnn] fold 14/100: AUC=0.9313
    [gnn] epoch 01/30: train_loss=1.3140 val_auc=0.7124 best=0.7124 patience=0/10 *
    [gnn] epoch 02/30: train_loss=1.2522 val_auc=0.7246 best=0.7246 patience=0/10 *
    [gnn] epoch 03/30: train_loss=1.1943 val_auc=0.7463 best=0.7463 patience=0/10 *
    [gnn] epoch 04/30: train_loss=1.1018 val_auc=0.7548 best=0.7548 patience=0/10 *
    [gnn] epoch 05/30: train_loss=1.1005 val_auc=0.7766 best=0.7766 patience=0/10 *
    [gnn] epoch 06/30: train_loss=1.0268 val_auc=0.7832 best=0.7832 patience=0/10 *
    [gnn] epoch 07/30: train_loss=0.9135 val_auc=0.7872 best=0.7872 patience=0/10 *
    [gnn] epoch 08/30: train_loss=0.9123 val_auc=0.7874 best=0.7874 patience=0/10 *
    [gnn] epoch 09/30: train_loss=0.8727 val_auc=0.7916 best=0.7916 patience=0/10 *
    [gnn] epoch 10/30: train_loss=0.7979 val_auc=0.7907 best=0.7916 patience=1/10
    [gnn] epoch 11/30: train_loss=0.7374 val_auc=0.7912 best=0.7916 patience=2/10
    [gnn] epoch 12/30: train_loss=0.7415 val_auc=0.7924 best=0.7924 patience=0/10 *
    [gnn] epoch 13/30: train_loss=0.6390 val_auc=0.7920 best=0.7924 patience=1/10
    [gnn] epoch 14/30: train_loss=0.7664 val_auc=0.7948 best=0.7948 patience=0/10 *
    [gnn] epoch 15/30: train_loss=0.6400 val_auc=0.7962 best=0.7962 patience=0/10 *
    [gnn] epoch 16/30: train_loss=0.7207 val_auc=0.7954 best=0.7962 patience=1/10
    [gnn] epoch 17/30: train_loss=0.7911 val_auc=0.7963 best=0.7963 patience=0/10 *
    [gnn] epoch 18/30: train_loss=0.4846 val_auc=0.7944 best=0.7963 patience=1/10
    [gnn] epoch 19/30: train_loss=0.7081 val_auc=0.7946 best=0.7963 patience=2/10
    [gnn] epoch 20/30: train_loss=0.7737 val_auc=0.7954 best=0.7963 patience=3/10
    [gnn] epoch 21/30: train_loss=0.4817 val_auc=0.7971 best=0.7971 patience=0/10 *
    [gnn] epoch 22/30: train_loss=0.7834 val_auc=0.7924 best=0.7971 patience=1/10
    [gnn] epoch 23/30: train_loss=1.2135 val_auc=0.7941 best=0.7971 patience=2/10
    [gnn] epoch 24/30: train_loss=0.7402 val_auc=0.7912 best=0.7971 patience=3/10
    [gnn] epoch 25/30: train_loss=0.3877 val_auc=0.7893 best=0.7971 patience=4/10
    [gnn] epoch 26/30: train_loss=0.6029 val_auc=0.7904 best=0.7971 patience=5/10
    [gnn] epoch 27/30: train_loss=0.7068 val_auc=0.7927 best=0.7971 patience=6/10
    [gnn] epoch 28/30: train_loss=0.5269 val_auc=0.7967 best=0.7971 patience=7/10
    [gnn] epoch 29/30: train_loss=0.3236 val_auc=0.7970 best=0.7971 patience=8/10
    [gnn] epoch 30/30: train_loss=0.3901 val_auc=0.7945 best=0.7971 patience=9/10
  [gnn] fold 15/100: AUC=0.7971
    [gnn] epoch 01/30: train_loss=1.3218 val_auc=0.6647 best=0.6647 patience=0/10 *
    [gnn] epoch 02/30: train_loss=1.2632 val_auc=0.7039 best=0.7039 patience=0/10 *
    [gnn] epoch 03/30: train_loss=1.2009 val_auc=0.7372 best=0.7372 patience=0/10 *
    [gnn] epoch 04/30: train_loss=1.1649 val_auc=0.7422 best=0.7422 patience=0/10 *
    [gnn] epoch 05/30: train_loss=1.1566 val_auc=0.7450 best=0.7450 patience=0/10 *
    [gnn] epoch 06/30: train_loss=1.0704 val_auc=0.7430 best=0.7450 patience=1/10
    [gnn] epoch 07/30: train_loss=0.9925 val_auc=0.7469 best=0.7469 patience=0/10 *
    [gnn] epoch 08/30: train_loss=0.9239 val_auc=0.7474 best=0.7474 patience=0/10 *
    [gnn] epoch 09/30: train_loss=0.9404 val_auc=0.7514 best=0.7514 patience=0/10 *
    [gnn] epoch 10/30: train_loss=0.8138 val_auc=0.7559 best=0.7559 patience=0/10 *
    [gnn] epoch 11/30: train_loss=0.8980 val_auc=0.7558 best=0.7559 patience=1/10
    [gnn] epoch 12/30: train_loss=0.7106 val_auc=0.7451 best=0.7559 patience=2/10
    [gnn] epoch 13/30: train_loss=1.2608 val_auc=0.7487 best=0.7559 patience=3/10
    [gnn] epoch 14/30: train_loss=1.2553 val_auc=0.7630 best=0.7630 patience=0/10 *
    [gnn] epoch 15/30: train_loss=0.7839 val_auc=0.7568 best=0.7630 patience=1/10
    [gnn] epoch 16/30: train_loss=0.8111 val_auc=0.7553 best=0.7630 patience=2/10
    [gnn] epoch 17/30: train_loss=0.9945 val_auc=0.7533 best=0.7630 patience=3/10
    [gnn] epoch 18/30: train_loss=0.7573 val_auc=0.7537 best=0.7630 patience=4/10
    [gnn] epoch 19/30: train_loss=0.6422 val_auc=0.7559 best=0.7630 patience=5/10
    [gnn] epoch 20/30: train_loss=0.7019 val_auc=0.7604 best=0.7630 patience=6/10
    [gnn] epoch 21/30: train_loss=0.6054 val_auc=0.7604 best=0.7630 patience=7/10
    [gnn] epoch 22/30: train_loss=0.6654 val_auc=0.7659 best=0.7659 patience=0/10 *
    [gnn] epoch 23/30: train_loss=0.6791 val_auc=0.7655 best=0.7659 patience=1/10
    [gnn] epoch 24/30: train_loss=0.5145 val_auc=0.7648 best=0.7659 patience=2/10
    [gnn] epoch 25/30: train_loss=0.6715 val_auc=0.7636 best=0.7659 patience=3/10
    [gnn] epoch 26/30: train_loss=0.8960 val_auc=0.7673 best=0.7673 patience=0/10 *
    [gnn] epoch 27/30: train_loss=0.6485 val_auc=0.7688 best=0.7688 patience=0/10 *
    [gnn] epoch 28/30: train_loss=0.4238 val_auc=0.7701 best=0.7701 patience=0/10 *
    [gnn] epoch 29/30: train_loss=0.4945 val_auc=0.7695 best=0.7701 patience=1/10
    [gnn] epoch 30/30: train_loss=0.4684 val_auc=0.7701 best=0.7701 patience=2/10
  [gnn] fold 16/100: AUC=0.7701
    [gnn] epoch 01/30: train_loss=1.3139 val_auc=0.7905 best=0.7905 patience=0/10 *
    [gnn] epoch 02/30: train_loss=1.2644 val_auc=0.7805 best=0.7905 patience=1/10
    [gnn] epoch 03/30: train_loss=1.2756 val_auc=0.7964 best=0.7964 patience=0/10 *
    [gnn] epoch 04/30: train_loss=1.1542 val_auc=0.8048 best=0.8048 patience=0/10 *
    [gnn] epoch 05/30: train_loss=1.1260 val_auc=0.8039 best=0.8048 patience=1/10
    [gnn] epoch 06/30: train_loss=1.0716 val_auc=0.8146 best=0.8146 patience=0/10 *
    [gnn] epoch 07/30: train_loss=1.0421 val_auc=0.8219 best=0.8219 patience=0/10 *
    [gnn] epoch 08/30: train_loss=0.9445 val_auc=0.8231 best=0.8231 patience=0/10 *
    [gnn] epoch 09/30: train_loss=0.9570 val_auc=0.8316 best=0.8316 patience=0/10 *
    [gnn] epoch 10/30: train_loss=0.9023 val_auc=0.8306 best=0.8316 patience=1/10
    [gnn] epoch 11/30: train_loss=0.9221 val_auc=0.8327 best=0.8327 patience=0/10 *
    [gnn] epoch 12/30: train_loss=0.9044 val_auc=0.8382 best=0.8382 patience=0/10 *
    [gnn] epoch 13/30: train_loss=0.7346 val_auc=0.8396 best=0.8396 patience=0/10 *
    [gnn] epoch 14/30: train_loss=0.7719 val_auc=0.8406 best=0.8406 patience=0/10 *
    [gnn] epoch 15/30: train_loss=0.6672 val_auc=0.8382 best=0.8406 patience=1/10
    [gnn] epoch 16/30: train_loss=0.8678 val_auc=0.8424 best=0.8424 patience=0/10 *
    [gnn] epoch 17/30: train_loss=0.8670 val_auc=0.8494 best=0.8494 patience=0/10 *
    [gnn] epoch 18/30: train_loss=0.5946 val_auc=0.8529 best=0.8529 patience=0/10 *
    [gnn] epoch 19/30: train_loss=0.7279 val_auc=0.8555 best=0.8555 patience=0/10 *
    [gnn] epoch 20/30: train_loss=0.6728 val_auc=0.8569 best=0.8569 patience=0/10 *
    [gnn] epoch 21/30: train_loss=0.4643 val_auc=0.8600 best=0.8600 patience=0/10 *
    [gnn] epoch 22/30: train_loss=0.5356 val_auc=0.8634 best=0.8634 patience=0/10 *
    [gnn] epoch 23/30: train_loss=0.4093 val_auc=0.8644 best=0.8644 patience=0/10 *
    [gnn] epoch 24/30: train_loss=0.4001 val_auc=0.8642 best=0.8644 patience=1/10
    [gnn] epoch 25/30: train_loss=0.4419 val_auc=0.8645 best=0.8645 patience=0/10 *
    [gnn] epoch 26/30: train_loss=0.3651 val_auc=0.8646 best=0.8646 patience=0/10 *
    [gnn] epoch 27/30: train_loss=0.4468 val_auc=0.8650 best=0.8650 patience=0/10 *
    [gnn] epoch 28/30: train_loss=0.4339 val_auc=0.8666 best=0.8666 patience=0/10 *
    [gnn] epoch 29/30: train_loss=0.3033 val_auc=0.8669 best=0.8669 patience=0/10 *
    [gnn] epoch 30/30: train_loss=0.2648 val_auc=0.8661 best=0.8669 patience=1/10
  [gnn] fold 17/100: AUC=0.8669
    [gnn] epoch 01/30: train_loss=1.3230 val_auc=0.7162 best=0.7162 patience=0/10 *
    [gnn] epoch 02/30: train_loss=1.2454 val_auc=0.7472 best=0.7472 patience=0/10 *
    [gnn] epoch 03/30: train_loss=1.1807 val_auc=0.7786 best=0.7786 patience=0/10 *
    [gnn] epoch 04/30: train_loss=1.1036 val_auc=0.7888 best=0.7888 patience=0/10 *
    [gnn] epoch 05/30: train_loss=1.0620 val_auc=0.7831 best=0.7888 patience=1/10
    [gnn] epoch 06/30: train_loss=1.0213 val_auc=0.7905 best=0.7905 patience=0/10 *
    [gnn] epoch 07/30: train_loss=0.9246 val_auc=0.8000 best=0.8000 patience=0/10 *
    [gnn] epoch 08/30: train_loss=1.0221 val_auc=0.8057 best=0.8057 patience=0/10 *
    [gnn] epoch 09/30: train_loss=0.7987 val_auc=0.8013 best=0.8057 patience=1/10
    [gnn] epoch 10/30: train_loss=1.2914 val_auc=0.8028 best=0.8057 patience=2/10
    [gnn] epoch 11/30: train_loss=1.3182 val_auc=0.8144 best=0.8144 patience=0/10 *
    [gnn] epoch 12/30: train_loss=0.8339 val_auc=0.8187 best=0.8187 patience=0/10 *
    [gnn] epoch 13/30: train_loss=0.8830 val_auc=0.8174 best=0.8187 patience=1/10
    [gnn] epoch 14/30: train_loss=1.0144 val_auc=0.8169 best=0.8187 patience=2/10
    [gnn] epoch 15/30: train_loss=0.8486 val_auc=0.8135 best=0.8187 patience=3/10
    [gnn] epoch 16/30: train_loss=0.7026 val_auc=0.8105 best=0.8187 patience=4/10
    [gnn] epoch 17/30: train_loss=0.7391 val_auc=0.8080 best=0.8187 patience=5/10
    [gnn] epoch 18/30: train_loss=0.6753 val_auc=0.8043 best=0.8187 patience=6/10
    [gnn] epoch 19/30: train_loss=0.6937 val_auc=0.8009 best=0.8187 patience=7/10
    [gnn] epoch 20/30: train_loss=0.6263 val_auc=0.7976 best=0.8187 patience=8/10
    [gnn] epoch 21/30: train_loss=0.5634 val_auc=0.7964 best=0.8187 patience=9/10
    [gnn] epoch 22/30: train_loss=0.5014 val_auc=0.7931 best=0.8187 patience=10/10
    [gnn] early stop at epoch 22
  [gnn] fold 18/100: AUC=0.8187
    [gnn] epoch 01/30: train_loss=1.3220 val_auc=0.7199 best=0.7199 patience=0/10 *
    [gnn] epoch 02/30: train_loss=1.2763 val_auc=0.7156 best=0.7199 patience=1/10
    [gnn] epoch 03/30: train_loss=1.2565 val_auc=0.7487 best=0.7487 patience=0/10 *
    [gnn] epoch 04/30: train_loss=1.1787 val_auc=0.7636 best=0.7636 patience=0/10 *
    [gnn] epoch 05/30: train_loss=1.1175 val_auc=0.7674 best=0.7674 patience=0/10 *
    [gnn] epoch 06/30: train_loss=1.0606 val_auc=0.7791 best=0.7791 patience=0/10 *
    [gnn] epoch 07/30: train_loss=0.9578 val_auc=0.7873 best=0.7873 patience=0/10 *
    [gnn] epoch 08/30: train_loss=0.9023 val_auc=0.7979 best=0.7979 patience=0/10 *
    [gnn] epoch 09/30: train_loss=0.8672 val_auc=0.8042 best=0.8042 patience=0/10 *
    [gnn] epoch 10/30: train_loss=0.8060 val_auc=0.7895 best=0.8042 patience=1/10
    [gnn] epoch 11/30: train_loss=1.0198 val_auc=0.7993 best=0.8042 patience=2/10
    [gnn] epoch 12/30: train_loss=0.9172 val_auc=0.8109 best=0.8109 patience=0/10 *
    [gnn] epoch 13/30: train_loss=0.8703 val_auc=0.8115 best=0.8115 patience=0/10 *
    [gnn] epoch 14/30: train_loss=0.8779 val_auc=0.8085 best=0.8115 patience=1/10
    [gnn] epoch 15/30: train_loss=0.6848 val_auc=0.8102 best=0.8115 patience=2/10
    [gnn] epoch 16/30: train_loss=0.6699 val_auc=0.8157 best=0.8157 patience=0/10 *
    [gnn] epoch 17/30: train_loss=0.7527 val_auc=0.8181 best=0.8181 patience=0/10 *
    [gnn] epoch 18/30: train_loss=0.6383 val_auc=0.8114 best=0.8181 patience=1/10
    [gnn] epoch 19/30: train_loss=0.6734 val_auc=0.8131 best=0.8181 patience=2/10
    [gnn] epoch 20/30: train_loss=0.7001 val_auc=0.8200 best=0.8200 patience=0/10 *
    [gnn] epoch 21/30: train_loss=0.4899 val_auc=0.8224 best=0.8224 patience=0/10 *
    [gnn] epoch 22/30: train_loss=0.5112 val_auc=0.8183 best=0.8224 patience=1/10
    [gnn] epoch 23/30: train_loss=0.4568 val_auc=0.8174 best=0.8224 patience=2/10
    [gnn] epoch 24/30: train_loss=0.4106 val_auc=0.8148 best=0.8224 patience=3/10
    [gnn] epoch 25/30: train_loss=0.3800 val_auc=0.8151 best=0.8224 patience=4/10
    [gnn] epoch 26/30: train_loss=0.3672 val_auc=0.8141 best=0.8224 patience=5/10
    [gnn] epoch 27/30: train_loss=0.3307 val_auc=0.8148 best=0.8224 patience=6/10
    [gnn] epoch 28/30: train_loss=0.3160 val_auc=0.8141 best=0.8224 patience=7/10
    [gnn] epoch 29/30: train_loss=0.3410 val_auc=0.8151 best=0.8224 patience=8/10
    [gnn] epoch 30/30: train_loss=0.2686 val_auc=0.8171 best=0.8224 patience=9/10
  [gnn] fold 19/100: AUC=0.8224
    [gnn] epoch 01/30: train_loss=1.3114 val_auc=0.7648 best=0.7648 patience=0/10 *
    [gnn] epoch 02/30: train_loss=1.2387 val_auc=0.8153 best=0.8153 patience=0/10 *
    [gnn] epoch 03/30: train_loss=1.2047 val_auc=0.8080 best=0.8153 patience=1/10
    [gnn] epoch 04/30: train_loss=1.1362 val_auc=0.8139 best=0.8153 patience=2/10
    [gnn] epoch 05/30: train_loss=1.0461 val_auc=0.8140 best=0.8153 patience=3/10
    [gnn] epoch 06/30: train_loss=1.0764 val_auc=0.8229 best=0.8229 patience=0/10 *
    [gnn] epoch 07/30: train_loss=0.9354 val_auc=0.8226 best=0.8229 patience=1/10
    [gnn] epoch 08/30: train_loss=0.9009 val_auc=0.8149 best=0.8229 patience=2/10
    [gnn] epoch 09/30: train_loss=0.9687 val_auc=0.8283 best=0.8283 patience=0/10 *
    [gnn] epoch 10/30: train_loss=0.8434 val_auc=0.8310 best=0.8310 patience=0/10 *
    [gnn] epoch 11/30: train_loss=0.8530 val_auc=0.8291 best=0.8310 patience=1/10
    [gnn] epoch 12/30: train_loss=0.8404 val_auc=0.8315 best=0.8315 patience=0/10 *
    [gnn] epoch 13/30: train_loss=0.7122 val_auc=0.8270 best=0.8315 patience=1/10
    [gnn] epoch 14/30: train_loss=0.6675 val_auc=0.8250 best=0.8315 patience=2/10
    [gnn] epoch 15/30: train_loss=0.6692 val_auc=0.8242 best=0.8315 patience=3/10
    [gnn] epoch 16/30: train_loss=0.6029 val_auc=0.8211 best=0.8315 patience=4/10
    [gnn] epoch 17/30: train_loss=0.8826 val_auc=0.8234 best=0.8315 patience=5/10
    [gnn] epoch 18/30: train_loss=0.8530 val_auc=0.8284 best=0.8315 patience=6/10
    [gnn] epoch 19/30: train_loss=0.5513 val_auc=0.8275 best=0.8315 patience=7/10
    [gnn] epoch 20/30: train_loss=0.6859 val_auc=0.8264 best=0.8315 patience=8/10
    [gnn] epoch 21/30: train_loss=0.7873 val_auc=0.8302 best=0.8315 patience=9/10
    [gnn] epoch 22/30: train_loss=0.6047 val_auc=0.8295 best=0.8315 patience=10/10
    [gnn] early stop at epoch 22
  [gnn] fold 20/100: AUC=0.8315
    [gnn] epoch 01/30: train_loss=1.3168 val_auc=0.6381 best=0.6381 patience=0/10 *
    [gnn] epoch 02/30: train_loss=1.2613 val_auc=0.6549 best=0.6549 patience=0/10 *
    [gnn] epoch 03/30: train_loss=1.2185 val_auc=0.6730 best=0.6730 patience=0/10 *
    [gnn] epoch 04/30: train_loss=1.1435 val_auc=0.6910 best=0.6910 patience=0/10 *
    [gnn] epoch 05/30: train_loss=1.0882 val_auc=0.6900 best=0.6910 patience=1/10
    [gnn] epoch 06/30: train_loss=1.0325 val_auc=0.6877 best=0.6910 patience=2/10
    [gnn] epoch 07/30: train_loss=0.9507 val_auc=0.6899 best=0.6910 patience=3/10
    [gnn] epoch 08/30: train_loss=0.9119 val_auc=0.6937 best=0.6937 patience=0/10 *
    [gnn] epoch 09/30: train_loss=0.8620 val_auc=0.6957 best=0.6957 patience=0/10 *
    [gnn] epoch 10/30: train_loss=0.8293 val_auc=0.6938 best=0.6957 patience=1/10
    [gnn] epoch 11/30: train_loss=0.7289 val_auc=0.6941 best=0.6957 patience=2/10
    [gnn] epoch 12/30: train_loss=0.6726 val_auc=0.6912 best=0.6957 patience=3/10
    [gnn] epoch 13/30: train_loss=0.6499 val_auc=0.6861 best=0.6957 patience=4/10
    [gnn] epoch 14/30: train_loss=0.6308 val_auc=0.6832 best=0.6957 patience=5/10
    [gnn] epoch 15/30: train_loss=0.5528 val_auc=0.6821 best=0.6957 patience=6/10
    [gnn] epoch 16/30: train_loss=0.5241 val_auc=0.6822 best=0.6957 patience=7/10
    [gnn] epoch 17/30: train_loss=0.5411 val_auc=0.6845 best=0.6957 patience=8/10
    [gnn] epoch 18/30: train_loss=0.4438 val_auc=0.6818 best=0.6957 patience=9/10
    [gnn] epoch 19/30: train_loss=0.6333 val_auc=0.6813 best=0.6957 patience=10/10
    [gnn] early stop at epoch 19
  [gnn] fold 21/100: AUC=0.6957
    [gnn] epoch 01/30: train_loss=1.3307 val_auc=0.7193 best=0.7193 patience=0/10 *
    [gnn] epoch 02/30: train_loss=1.2746 val_auc=0.7592 best=0.7592 patience=0/10 *
    [gnn] epoch 03/30: train_loss=1.2189 val_auc=0.7730 best=0.7730 patience=0/10 *
    [gnn] epoch 04/30: train_loss=1.1587 val_auc=0.7764 best=0.7764 patience=0/10 *
    [gnn] epoch 05/30: train_loss=1.0921 val_auc=0.7822 best=0.7822 patience=0/10 *
    [gnn] epoch 06/30: train_loss=1.0350 val_auc=0.7759 best=0.7822 patience=1/10
    [gnn] epoch 07/30: train_loss=1.0500 val_auc=0.7887 best=0.7887 patience=0/10 *
    [gnn] epoch 08/30: train_loss=0.9459 val_auc=0.7943 best=0.7943 patience=0/10 *
    [gnn] epoch 09/30: train_loss=1.0430 val_auc=0.7942 best=0.7943 patience=1/10
    [gnn] epoch 10/30: train_loss=1.0049 val_auc=0.7878 best=0.7943 patience=2/10
    [gnn] epoch 11/30: train_loss=0.7943 val_auc=0.7741 best=0.7943 patience=3/10
    [gnn] epoch 12/30: train_loss=1.2264 val_auc=0.7775 best=0.7943 patience=4/10
    [gnn] epoch 13/30: train_loss=1.2245 val_auc=0.7871 best=0.7943 patience=5/10
    [gnn] epoch 14/30: train_loss=0.9086 val_auc=0.7959 best=0.7959 patience=0/10 *
    [gnn] epoch 15/30: train_loss=0.7303 val_auc=0.7998 best=0.7998 patience=0/10 *
    [gnn] epoch 16/30: train_loss=0.7665 val_auc=0.7988 best=0.7998 patience=1/10
    [gnn] epoch 17/30: train_loss=0.6592 val_auc=0.7993 best=0.7998 patience=2/10
    [gnn] epoch 18/30: train_loss=0.8443 val_auc=0.7992 best=0.7998 patience=3/10
    [gnn] epoch 19/30: train_loss=0.8765 val_auc=0.8039 best=0.8039 patience=0/10 *
    [gnn] epoch 20/30: train_loss=0.5990 val_auc=0.8080 best=0.8080 patience=0/10 *
    [gnn] epoch 21/30: train_loss=0.6164 val_auc=0.8082 best=0.8082 patience=0/10 *
    [gnn] epoch 22/30: train_loss=0.6528 val_auc=0.8094 best=0.8094 patience=0/10 *
    [gnn] epoch 23/30: train_loss=0.5573 val_auc=0.8058 best=0.8094 patience=1/10
    [gnn] epoch 24/30: train_loss=0.6424 val_auc=0.8044 best=0.8094 patience=2/10
    [gnn] epoch 25/30: train_loss=0.7343 val_auc=0.8067 best=0.8094 patience=3/10
    [gnn] epoch 26/30: train_loss=0.5646 val_auc=0.8090 best=0.8094 patience=4/10
    [gnn] epoch 27/30: train_loss=0.4670 val_auc=0.8091 best=0.8094 patience=5/10
    [gnn] epoch 28/30: train_loss=0.4624 val_auc=0.8082 best=0.8094 patience=6/10
    [gnn] epoch 29/30: train_loss=0.3933 val_auc=0.8054 best=0.8094 patience=7/10
    [gnn] epoch 30/30: train_loss=0.4222 val_auc=0.8053 best=0.8094 patience=8/10
  [gnn] fold 22/100: AUC=0.8094
    [gnn] epoch 01/30: train_loss=1.3212 val_auc=0.7650 best=0.7650 patience=0/10 *
    [gnn] epoch 02/30: train_loss=1.2678 val_auc=0.7811 best=0.7811 patience=0/10 *
    [gnn] epoch 03/30: train_loss=1.2057 val_auc=0.7972 best=0.7972 patience=0/10 *
    [gnn] epoch 04/30: train_loss=1.1608 val_auc=0.8088 best=0.8088 patience=0/10 *
    [gnn] epoch 05/30: train_loss=1.1144 val_auc=0.8129 best=0.8129 patience=0/10 *
    [gnn] epoch 06/30: train_loss=1.0301 val_auc=0.8139 best=0.8139 patience=0/10 *
    [gnn] epoch 07/30: train_loss=1.0000 val_auc=0.8173 best=0.8173 patience=0/10 *
    [gnn] epoch 08/30: train_loss=0.9120 val_auc=0.8205 best=0.8205 patience=0/10 *
    [gnn] epoch 09/30: train_loss=0.8545 val_auc=0.8270 best=0.8270 patience=0/10 *
    [gnn] epoch 10/30: train_loss=0.7540 val_auc=0.8323 best=0.8323 patience=0/10 *
    [gnn] epoch 11/30: train_loss=0.8044 val_auc=0.8379 best=0.8379 patience=0/10 *
    [gnn] epoch 12/30: train_loss=0.7844 val_auc=0.8449 best=0.8449 patience=0/10 *
    [gnn] epoch 13/30: train_loss=0.6578 val_auc=0.8379 best=0.8449 patience=1/10
    [gnn] epoch 14/30: train_loss=0.9555 val_auc=0.8478 best=0.8478 patience=0/10 *
    [gnn] epoch 15/30: train_loss=0.8047 val_auc=0.8543 best=0.8543 patience=0/10 *
    [gnn] epoch 16/30: train_loss=0.5805 val_auc=0.8570 best=0.8570 patience=0/10 *
    [gnn] epoch 17/30: train_loss=0.5415 val_auc=0.8583 best=0.8583 patience=0/10 *
    [gnn] epoch 18/30: train_loss=0.6949 val_auc=0.8599 best=0.8599 patience=0/10 *
    [gnn] epoch 19/30: train_loss=0.5964 val_auc=0.8651 best=0.8651 patience=0/10 *
    [gnn] epoch 20/30: train_loss=0.5002 val_auc=0.8672 best=0.8672 patience=0/10 *
    [gnn] epoch 21/30: train_loss=0.4194 val_auc=0.8665 best=0.8672 patience=1/10
    [gnn] epoch 22/30: train_loss=0.6200 val_auc=0.8680 best=0.8680 patience=0/10 *
    [gnn] epoch 23/30: train_loss=0.5402 val_auc=0.8711 best=0.8711 patience=0/10 *
    [gnn] epoch 24/30: train_loss=0.3803 val_auc=0.8715 best=0.8715 patience=0/10 *
    [gnn] epoch 25/30: train_loss=0.3592 val_auc=0.8684 best=0.8715 patience=1/10
    [gnn] epoch 26/30: train_loss=0.4860 val_auc=0.8689 best=0.8715 patience=2/10
    [gnn] epoch 27/30: train_loss=0.4348 val_auc=0.8721 best=0.8721 patience=0/10 *
    [gnn] epoch 28/30: train_loss=0.2874 val_auc=0.8719 best=0.8721 patience=1/10
    [gnn] epoch 29/30: train_loss=0.2746 val_auc=0.8684 best=0.8721 patience=2/10
    [gnn] epoch 30/30: train_loss=0.3533 val_auc=0.8687 best=0.8721 patience=3/10
  [gnn] fold 23/100: AUC=0.8721
    [gnn] epoch 01/30: train_loss=1.3243 val_auc=0.7708 best=0.7708 patience=0/10 *
    [gnn] epoch 02/30: train_loss=1.2646 val_auc=0.7995 best=0.7995 patience=0/10 *
    [gnn] epoch 03/30: train_loss=1.2246 val_auc=0.8003 best=0.8003 patience=0/10 *
    [gnn] epoch 04/30: train_loss=1.1552 val_auc=0.7957 best=0.8003 patience=1/10
    [gnn] epoch 05/30: train_loss=1.0866 val_auc=0.7967 best=0.8003 patience=2/10
    [gnn] epoch 06/30: train_loss=1.0415 val_auc=0.7779 best=0.8003 patience=3/10
    [gnn] epoch 07/30: train_loss=1.0149 val_auc=0.7814 best=0.8003 patience=4/10
    [gnn] epoch 08/30: train_loss=0.8914 val_auc=0.7887 best=0.8003 patience=5/10
    [gnn] epoch 09/30: train_loss=0.9892 val_auc=0.7863 best=0.8003 patience=6/10
    [gnn] epoch 10/30: train_loss=0.9322 val_auc=0.7770 best=0.8003 patience=7/10
    [gnn] epoch 11/30: train_loss=0.8672 val_auc=0.7784 best=0.8003 patience=8/10
    [gnn] epoch 12/30: train_loss=0.8584 val_auc=0.7898 best=0.8003 patience=9/10
    [gnn] epoch 13/30: train_loss=0.7277 val_auc=0.7919 best=0.8003 patience=10/10
    [gnn] early stop at epoch 13
  [gnn] fold 24/100: AUC=0.8003
    [gnn] epoch 01/30: train_loss=1.3275 val_auc=0.7505 best=0.7505 patience=0/10 *
    [gnn] epoch 02/30: train_loss=1.2978 val_auc=0.7990 best=0.7990 patience=0/10 *
    [gnn] epoch 03/30: train_loss=1.2299 val_auc=0.8105 best=0.8105 patience=0/10 *
    [gnn] epoch 04/30: train_loss=1.2075 val_auc=0.8249 best=0.8249 patience=0/10 *
    [gnn] epoch 05/30: train_loss=1.1450 val_auc=0.8274 best=0.8274 patience=0/10 *
    [gnn] epoch 06/30: train_loss=1.1100 val_auc=0.8344 best=0.8344 patience=0/10 *
    [gnn] epoch 07/30: train_loss=1.0182 val_auc=0.8385 best=0.8385 patience=0/10 *
    [gnn] epoch 08/30: train_loss=0.9853 val_auc=0.8339 best=0.8385 patience=1/10
    [gnn] epoch 09/30: train_loss=0.9116 val_auc=0.8391 best=0.8391 patience=0/10 *
    [gnn] epoch 10/30: train_loss=0.8825 val_auc=0.8465 best=0.8465 patience=0/10 *
    [gnn] epoch 11/30: train_loss=0.9519 val_auc=0.8479 best=0.8479 patience=0/10 *
    [gnn] epoch 12/30: train_loss=0.8821 val_auc=0.8497 best=0.8497 patience=0/10 *
    [gnn] epoch 13/30: train_loss=0.7946 val_auc=0.8527 best=0.8527 patience=0/10 *
    [gnn] epoch 14/30: train_loss=0.7435 val_auc=0.8576 best=0.8576 patience=0/10 *
    [gnn] epoch 15/30: train_loss=0.7251 val_auc=0.8607 best=0.8607 patience=0/10 *
    [gnn] epoch 16/30: train_loss=0.6896 val_auc=0.8596 best=0.8607 patience=1/10
    [gnn] epoch 17/30: train_loss=0.7087 val_auc=0.8606 best=0.8607 patience=2/10
    [gnn] epoch 18/30: train_loss=0.6628 val_auc=0.8610 best=0.8610 patience=0/10 *
    [gnn] epoch 19/30: train_loss=0.5576 val_auc=0.8611 best=0.8611 patience=0/10 *
    [gnn] epoch 20/30: train_loss=0.5044 val_auc=0.8610 best=0.8611 patience=1/10
    [gnn] epoch 21/30: train_loss=0.5967 val_auc=0.8619 best=0.8619 patience=0/10 *
    [gnn] epoch 22/30: train_loss=0.5187 val_auc=0.8614 best=0.8619 patience=1/10
    [gnn] epoch 23/30: train_loss=0.4718 val_auc=0.8632 best=0.8632 patience=0/10 *
    [gnn] epoch 24/30: train_loss=0.4201 val_auc=0.8649 best=0.8649 patience=0/10 *
    [gnn] epoch 25/30: train_loss=0.4175 val_auc=0.8657 best=0.8657 patience=0/10 *
    [gnn] epoch 26/30: train_loss=0.3688 val_auc=0.8666 best=0.8666 patience=0/10 *
    [gnn] epoch 27/30: train_loss=0.3678 val_auc=0.8677 best=0.8677 patience=0/10 *
    [gnn] epoch 28/30: train_loss=0.3533 val_auc=0.8690 best=0.8690 patience=0/10 *
    [gnn] epoch 29/30: train_loss=0.3627 val_auc=0.8695 best=0.8695 patience=0/10 *
    [gnn] epoch 30/30: train_loss=0.3974 val_auc=0.8700 best=0.8700 patience=0/10 *
  [gnn] fold 25/100: AUC=0.8700
    [gnn] epoch 01/30: train_loss=1.3196 val_auc=0.7332 best=0.7332 patience=0/10 *
    [gnn] epoch 02/30: train_loss=1.2741 val_auc=0.7949 best=0.7949 patience=0/10 *
    [gnn] epoch 03/30: train_loss=1.2334 val_auc=0.8197 best=0.8197 patience=0/10 *
    [gnn] epoch 04/30: train_loss=1.1600 val_auc=0.8305 best=0.8305 patience=0/10 *
    [gnn] epoch 05/30: train_loss=1.1087 val_auc=0.8477 best=0.8477 patience=0/10 *
    [gnn] epoch 06/30: train_loss=1.1456 val_auc=0.8504 best=0.8504 patience=0/10 *
    [gnn] epoch 07/30: train_loss=1.0010 val_auc=0.8490 best=0.8504 patience=1/10
    [gnn] epoch 08/30: train_loss=1.0808 val_auc=0.8574 best=0.8574 patience=0/10 *
    [gnn] epoch 09/30: train_loss=1.0567 val_auc=0.8578 best=0.8578 patience=0/10 *
    [gnn] epoch 10/30: train_loss=0.8378 val_auc=0.8551 best=0.8578 patience=1/10
    [gnn] epoch 11/30: train_loss=0.9601 val_auc=0.8623 best=0.8623 patience=0/10 *
    [gnn] epoch 12/30: train_loss=0.7777 val_auc=0.8689 best=0.8689 patience=0/10 *
    [gnn] epoch 13/30: train_loss=0.8658 val_auc=0.8714 best=0.8714 patience=0/10 *
    [gnn] epoch 14/30: train_loss=0.8684 val_auc=0.8709 best=0.8714 patience=1/10
    [gnn] epoch 15/30: train_loss=0.6794 val_auc=0.8701 best=0.8714 patience=2/10
    [gnn] epoch 16/30: train_loss=0.8588 val_auc=0.8738 best=0.8738 patience=0/10 *
    [gnn] epoch 17/30: train_loss=0.7344 val_auc=0.8732 best=0.8738 patience=1/10
    [gnn] epoch 18/30: train_loss=0.6059 val_auc=0.8745 best=0.8745 patience=0/10 *
    [gnn] epoch 19/30: train_loss=0.5462 val_auc=0.8778 best=0.8778 patience=0/10 *
    [gnn] epoch 20/30: train_loss=0.6200 val_auc=0.8776 best=0.8778 patience=1/10
    [gnn] epoch 21/30: train_loss=0.6351 val_auc=0.8756 best=0.8778 patience=2/10
    [gnn] epoch 22/30: train_loss=0.4838 val_auc=0.8750 best=0.8778 patience=3/10
    [gnn] epoch 23/30: train_loss=0.4909 val_auc=0.8765 best=0.8778 patience=4/10
    [gnn] epoch 24/30: train_loss=0.5085 val_auc=0.8752 best=0.8778 patience=5/10
    [gnn] epoch 25/30: train_loss=0.4035 val_auc=0.8711 best=0.8778 patience=6/10
    [gnn] epoch 26/30: train_loss=0.3952 val_auc=0.8696 best=0.8778 patience=7/10
    [gnn] epoch 27/30: train_loss=0.3757 val_auc=0.8697 best=0.8778 patience=8/10
    [gnn] epoch 28/30: train_loss=0.4166 val_auc=0.8677 best=0.8778 patience=9/10
    [gnn] epoch 29/30: train_loss=0.3805 val_auc=0.8655 best=0.8778 patience=10/10
    [gnn] early stop at epoch 29
  [gnn] fold 26/100: AUC=0.8778
    [gnn] epoch 01/30: train_loss=1.3127 val_auc=0.7929 best=0.7929 patience=0/10 *
    [gnn] epoch 02/30: train_loss=1.2398 val_auc=0.8068 best=0.8068 patience=0/10 *
    [gnn] epoch 03/30: train_loss=1.1877 val_auc=0.8216 best=0.8216 patience=0/10 *
    [gnn] epoch 04/30: train_loss=1.1315 val_auc=0.8201 best=0.8216 patience=1/10
    [gnn] epoch 05/30: train_loss=1.0680 val_auc=0.8175 best=0.8216 patience=2/10
    [gnn] epoch 06/30: train_loss=0.9785 val_auc=0.8146 best=0.8216 patience=3/10
    [gnn] epoch 07/30: train_loss=0.9218 val_auc=0.8207 best=0.8216 patience=4/10
    [gnn] epoch 08/30: train_loss=0.8758 val_auc=0.8196 best=0.8216 patience=5/10
    [gnn] epoch 09/30: train_loss=0.8181 val_auc=0.8282 best=0.8282 patience=0/10 *
    [gnn] epoch 10/30: train_loss=0.7859 val_auc=0.8251 best=0.8282 patience=1/10
    [gnn] epoch 11/30: train_loss=0.8468 val_auc=0.8295 best=0.8295 patience=0/10 *
    [gnn] epoch 12/30: train_loss=0.7081 val_auc=0.8280 best=0.8295 patience=1/10
    [gnn] epoch 13/30: train_loss=0.6292 val_auc=0.8342 best=0.8342 patience=0/10 *
    [gnn] epoch 14/30: train_loss=0.6303 val_auc=0.8351 best=0.8351 patience=0/10 *
    [gnn] epoch 15/30: train_loss=0.6421 val_auc=0.8403 best=0.8403 patience=0/10 *
    [gnn] epoch 16/30: train_loss=0.5609 val_auc=0.8413 best=0.8413 patience=0/10 *
    [gnn] epoch 17/30: train_loss=0.5303 val_auc=0.8428 best=0.8428 patience=0/10 *
    [gnn] epoch 18/30: train_loss=0.4641 val_auc=0.8467 best=0.8467 patience=0/10 *
    [gnn] epoch 19/30: train_loss=0.4313 val_auc=0.8467 best=0.8467 patience=0/10 *
    [gnn] epoch 20/30: train_loss=0.4448 val_auc=0.8499 best=0.8499 patience=0/10 *
    [gnn] epoch 21/30: train_loss=0.3536 val_auc=0.8500 best=0.8500 patience=0/10 *
    [gnn] epoch 22/30: train_loss=0.5535 val_auc=0.8500 best=0.8500 patience=1/10
    [gnn] epoch 23/30: train_loss=0.3999 val_auc=0.8494 best=0.8500 patience=2/10
    [gnn] epoch 24/30: train_loss=0.4106 val_auc=0.8493 best=0.8500 patience=3/10
    [gnn] epoch 25/30: train_loss=0.4149 val_auc=0.8477 best=0.8500 patience=4/10
    [gnn] epoch 26/30: train_loss=0.2870 val_auc=0.8472 best=0.8500 patience=5/10
    [gnn] epoch 27/30: train_loss=0.2994 val_auc=0.8452 best=0.8500 patience=6/10
    [gnn] epoch 28/30: train_loss=0.3354 val_auc=0.8438 best=0.8500 patience=7/10
    [gnn] epoch 29/30: train_loss=0.2867 val_auc=0.8417 best=0.8500 patience=8/10
    [gnn] epoch 30/30: train_loss=0.2850 val_auc=0.8408 best=0.8500 patience=9/10
  [gnn] fold 27/100: AUC=0.8500
    [gnn] epoch 01/30: train_loss=1.3077 val_auc=0.6503 best=0.6503 patience=0/10 *
    [gnn] epoch 02/30: train_loss=1.2345 val_auc=0.6483 best=0.6503 patience=1/10
    [gnn] epoch 03/30: train_loss=1.1630 val_auc=0.6624 best=0.6624 patience=0/10 *
    [gnn] epoch 04/30: train_loss=1.1035 val_auc=0.6756 best=0.6756 patience=0/10 *
    [gnn] epoch 05/30: train_loss=1.0707 val_auc=0.6822 best=0.6822 patience=0/10 *
    [gnn] epoch 06/30: train_loss=0.9665 val_auc=0.6885 best=0.6885 patience=0/10 *
    [gnn] epoch 07/30: train_loss=1.0215 val_auc=0.6965 best=0.6965 patience=0/10 *
    [gnn] epoch 08/30: train_loss=0.9491 val_auc=0.7024 best=0.7024 patience=0/10 *
    [gnn] epoch 09/30: train_loss=0.9295 val_auc=0.7058 best=0.7058 patience=0/10 *
    [gnn] epoch 10/30: train_loss=0.9265 val_auc=0.7079 best=0.7079 patience=0/10 *
    [gnn] epoch 11/30: train_loss=0.7990 val_auc=0.7094 best=0.7094 patience=0/10 *
    [gnn] epoch 12/30: train_loss=0.7823 val_auc=0.7105 best=0.7105 patience=0/10 *
    [gnn] epoch 13/30: train_loss=0.7711 val_auc=0.7148 best=0.7148 patience=0/10 *
    [gnn] epoch 14/30: train_loss=0.6531 val_auc=0.7185 best=0.7185 patience=0/10 *
    [gnn] epoch 15/30: train_loss=0.6976 val_auc=0.7248 best=0.7248 patience=0/10 *
    [gnn] epoch 16/30: train_loss=0.6176 val_auc=0.7265 best=0.7265 patience=0/10 *
    [gnn] epoch 17/30: train_loss=0.7917 val_auc=0.7304 best=0.7304 patience=0/10 *
    [gnn] epoch 18/30: train_loss=0.8007 val_auc=0.7329 best=0.7329 patience=0/10 *
    [gnn] epoch 19/30: train_loss=0.4932 val_auc=0.7339 best=0.7339 patience=0/10 *
    [gnn] epoch 20/30: train_loss=0.7011 val_auc=0.7365 best=0.7365 patience=0/10 *
    [gnn] epoch 21/30: train_loss=0.8002 val_auc=0.7356 best=0.7365 patience=1/10
    [gnn] epoch 22/30: train_loss=0.5821 val_auc=0.7378 best=0.7378 patience=0/10 *
    [gnn] epoch 23/30: train_loss=0.5205 val_auc=0.7381 best=0.7381 patience=0/10 *
    [gnn] epoch 24/30: train_loss=0.6133 val_auc=0.7391 best=0.7391 patience=0/10 *
    [gnn] epoch 25/30: train_loss=0.4290 val_auc=0.7401 best=0.7401 patience=0/10 *
    [gnn] epoch 26/30: train_loss=0.4876 val_auc=0.7417 best=0.7417 patience=0/10 *
    [gnn] epoch 27/30: train_loss=0.5179 val_auc=0.7417 best=0.7417 patience=1/10
    [gnn] epoch 28/30: train_loss=0.3793 val_auc=0.7421 best=0.7421 patience=0/10 *
    [gnn] epoch 29/30: train_loss=0.5562 val_auc=0.7418 best=0.7421 patience=1/10
    [gnn] epoch 30/30: train_loss=0.8417 val_auc=0.7426 best=0.7426 patience=0/10 *
  [gnn] fold 28/100: AUC=0.7426
    [gnn] epoch 01/30: train_loss=1.3221 val_auc=0.7166 best=0.7166 patience=0/10 *
    [gnn] epoch 02/30: train_loss=1.3007 val_auc=0.7415 best=0.7415 patience=0/10 *
    [gnn] epoch 03/30: train_loss=1.2475 val_auc=0.7669 best=0.7669 patience=0/10 *
    [gnn] epoch 04/30: train_loss=1.2017 val_auc=0.7808 best=0.7808 patience=0/10 *
    [gnn] epoch 05/30: train_loss=1.1381 val_auc=0.7877 best=0.7877 patience=0/10 *
    [gnn] epoch 06/30: train_loss=1.0758 val_auc=0.7940 best=0.7940 patience=0/10 *
    [gnn] epoch 07/30: train_loss=1.0121 val_auc=0.7921 best=0.7940 patience=1/10
    [gnn] epoch 08/30: train_loss=0.9102 val_auc=0.7890 best=0.7940 patience=2/10
    [gnn] epoch 09/30: train_loss=0.8711 val_auc=0.7810 best=0.7940 patience=3/10
    [gnn] epoch 10/30: train_loss=0.8458 val_auc=0.7881 best=0.7940 patience=4/10
    [gnn] epoch 11/30: train_loss=0.7582 val_auc=0.7870 best=0.7940 patience=5/10
    [gnn] epoch 12/30: train_loss=0.7678 val_auc=0.7925 best=0.7940 patience=6/10
    [gnn] epoch 13/30: train_loss=0.7376 val_auc=0.7933 best=0.7940 patience=7/10
    [gnn] epoch 14/30: train_loss=0.7120 val_auc=0.7969 best=0.7969 patience=0/10 *
    [gnn] epoch 15/30: train_loss=0.7007 val_auc=0.7973 best=0.7973 patience=0/10 *
    [gnn] epoch 16/30: train_loss=0.5723 val_auc=0.7980 best=0.7980 patience=0/10 *
    [gnn] epoch 17/30: train_loss=0.5305 val_auc=0.7911 best=0.7980 patience=1/10
    [gnn] epoch 18/30: train_loss=0.5503 val_auc=0.7925 best=0.7980 patience=2/10
    [gnn] epoch 19/30: train_loss=0.4606 val_auc=0.7980 best=0.7980 patience=3/10
    [gnn] epoch 20/30: train_loss=0.6838 val_auc=0.7984 best=0.7984 patience=0/10 *
    [gnn] epoch 21/30: train_loss=0.6404 val_auc=0.7965 best=0.7984 patience=1/10
    [gnn] epoch 22/30: train_loss=0.4041 val_auc=0.7969 best=0.7984 patience=2/10
    [gnn] epoch 23/30: train_loss=0.3986 val_auc=0.7970 best=0.7984 patience=3/10
    [gnn] epoch 24/30: train_loss=0.3908 val_auc=0.7982 best=0.7984 patience=4/10
    [gnn] epoch 25/30: train_loss=0.3106 val_auc=0.7935 best=0.7984 patience=5/10
    [gnn] epoch 26/30: train_loss=0.6914 val_auc=0.7904 best=0.7984 patience=6/10
    [gnn] epoch 27/30: train_loss=0.9112 val_auc=0.7971 best=0.7984 patience=7/10
    [gnn] epoch 28/30: train_loss=0.3521 val_auc=0.7983 best=0.7984 patience=8/10
    [gnn] epoch 29/30: train_loss=0.4185 val_auc=0.8000 best=0.8000 patience=0/10 *
    [gnn] epoch 30/30: train_loss=0.5374 val_auc=0.7983 best=0.8000 patience=1/10
  [gnn] fold 29/100: AUC=0.8000
    [gnn] epoch 01/30: train_loss=1.3088 val_auc=0.7420 best=0.7420 patience=0/10 *
    [gnn] epoch 02/30: train_loss=1.2406 val_auc=0.7840 best=0.7840 patience=0/10 *
    [gnn] epoch 03/30: train_loss=1.1656 val_auc=0.7876 best=0.7876 patience=0/10 *
    [gnn] epoch 04/30: train_loss=1.1119 val_auc=0.8054 best=0.8054 patience=0/10 *
    [gnn] epoch 05/30: train_loss=1.0510 val_auc=0.8134 best=0.8134 patience=0/10 *
    [gnn] epoch 06/30: train_loss=1.0530 val_auc=0.8145 best=0.8145 patience=0/10 *
    [gnn] epoch 07/30: train_loss=0.9505 val_auc=0.8004 best=0.8145 patience=1/10
    [gnn] epoch 08/30: train_loss=1.4649 val_auc=0.8026 best=0.8145 patience=2/10
    [gnn] epoch 09/30: train_loss=1.5117 val_auc=0.8137 best=0.8145 patience=3/10
    [gnn] epoch 10/30: train_loss=0.8801 val_auc=0.8168 best=0.8168 patience=0/10 *
    [gnn] epoch 11/30: train_loss=0.9789 val_auc=0.8174 best=0.8174 patience=0/10 *
    [gnn] epoch 12/30: train_loss=1.1044 val_auc=0.8170 best=0.8174 patience=1/10
    [gnn] epoch 13/30: train_loss=0.9042 val_auc=0.8170 best=0.8174 patience=2/10
    [gnn] epoch 14/30: train_loss=0.7731 val_auc=0.8170 best=0.8174 patience=3/10
    [gnn] epoch 15/30: train_loss=0.8107 val_auc=0.8187 best=0.8187 patience=0/10 *
    [gnn] epoch 16/30: train_loss=0.7129 val_auc=0.8209 best=0.8209 patience=0/10 *
    [gnn] epoch 17/30: train_loss=0.7463 val_auc=0.8223 best=0.8223 patience=0/10 *
    [gnn] epoch 18/30: train_loss=0.7007 val_auc=0.8230 best=0.8230 patience=0/10 *
    [gnn] epoch 19/30: train_loss=0.6097 val_auc=0.8246 best=0.8246 patience=0/10 *
    [gnn] epoch 20/30: train_loss=0.5992 val_auc=0.8271 best=0.8271 patience=0/10 *
    [gnn] epoch 21/30: train_loss=0.5072 val_auc=0.8229 best=0.8271 patience=1/10
    [gnn] epoch 22/30: train_loss=0.4609 val_auc=0.8215 best=0.8271 patience=2/10
    [gnn] epoch 23/30: train_loss=0.4241 val_auc=0.8182 best=0.8271 patience=3/10
    [gnn] epoch 24/30: train_loss=0.4355 val_auc=0.8168 best=0.8271 patience=4/10
    [gnn] epoch 25/30: train_loss=0.3564 val_auc=0.8136 best=0.8271 patience=5/10
    [gnn] epoch 26/30: train_loss=0.3276 val_auc=0.8086 best=0.8271 patience=6/10
    [gnn] epoch 27/30: train_loss=0.5040 val_auc=0.8056 best=0.8271 patience=7/10
    [gnn] epoch 28/30: train_loss=0.3482 val_auc=0.8018 best=0.8271 patience=8/10
    [gnn] epoch 29/30: train_loss=0.3134 val_auc=0.8042 best=0.8271 patience=9/10
    [gnn] epoch 30/30: train_loss=0.2741 val_auc=0.8056 best=0.8271 patience=10/10
    [gnn] early stop at epoch 30
  [gnn] fold 30/100: AUC=0.8271
    [gnn] epoch 01/30: train_loss=1.3471 val_auc=0.7360 best=0.7360 patience=0/10 *
    [gnn] epoch 02/30: train_loss=1.3185 val_auc=0.7843 best=0.7843 patience=0/10 *
    [gnn] epoch 03/30: train_loss=1.2463 val_auc=0.7771 best=0.7843 patience=1/10
    [gnn] epoch 04/30: train_loss=1.2256 val_auc=0.7802 best=0.7843 patience=2/10
    [gnn] epoch 05/30: train_loss=1.1742 val_auc=0.7847 best=0.7847 patience=0/10 *
    [gnn] epoch 06/30: train_loss=1.1211 val_auc=0.7822 best=0.7847 patience=1/10
    [gnn] epoch 07/30: train_loss=1.0431 val_auc=0.7902 best=0.7902 patience=0/10 *
    [gnn] epoch 08/30: train_loss=0.9786 val_auc=0.7877 best=0.7902 patience=1/10
    [gnn] epoch 09/30: train_loss=0.9027 val_auc=0.7922 best=0.7922 patience=0/10 *
    [gnn] epoch 10/30: train_loss=0.8831 val_auc=0.7887 best=0.7922 patience=1/10
    [gnn] epoch 11/30: train_loss=0.8161 val_auc=0.7914 best=0.7922 patience=2/10
    [gnn] epoch 12/30: train_loss=0.8036 val_auc=0.7863 best=0.7922 patience=3/10
    [gnn] epoch 13/30: train_loss=0.7912 val_auc=0.7902 best=0.7922 patience=4/10
    [gnn] epoch 14/30: train_loss=0.7120 val_auc=0.7913 best=0.7922 patience=5/10
    [gnn] epoch 15/30: train_loss=0.6370 val_auc=0.7954 best=0.7954 patience=0/10 *
    [gnn] epoch 16/30: train_loss=0.6549 val_auc=0.7963 best=0.7963 patience=0/10 *
    [gnn] epoch 17/30: train_loss=0.5338 val_auc=0.8003 best=0.8003 patience=0/10 *
    [gnn] epoch 18/30: train_loss=0.5347 val_auc=0.8029 best=0.8029 patience=0/10 *
    [gnn] epoch 19/30: train_loss=0.5244 val_auc=0.8079 best=0.8079 patience=0/10 *
    [gnn] epoch 20/30: train_loss=0.4896 val_auc=0.8113 best=0.8113 patience=0/10 *
    [gnn] epoch 21/30: train_loss=0.4355 val_auc=0.8144 best=0.8144 patience=0/10 *
    [gnn] epoch 22/30: train_loss=0.4004 val_auc=0.8166 best=0.8166 patience=0/10 *
    [gnn] epoch 23/30: train_loss=0.3807 val_auc=0.8207 best=0.8207 patience=0/10 *
    [gnn] epoch 24/30: train_loss=0.3280 val_auc=0.8231 best=0.8231 patience=0/10 *
    [gnn] epoch 25/30: train_loss=0.3322 val_auc=0.8262 best=0.8262 patience=0/10 *
    [gnn] epoch 26/30: train_loss=0.3190 val_auc=0.8278 best=0.8278 patience=0/10 *
    [gnn] epoch 27/30: train_loss=0.2941 val_auc=0.8262 best=0.8278 patience=1/10
    [gnn] epoch 28/30: train_loss=0.4431 val_auc=0.8273 best=0.8278 patience=2/10
    [gnn] epoch 29/30: train_loss=0.4266 val_auc=0.8278 best=0.8278 patience=3/10
    [gnn] epoch 30/30: train_loss=0.2297 val_auc=0.8281 best=0.8281 patience=0/10 *
  [gnn] fold 31/100: AUC=0.8281
    [gnn] epoch 01/30: train_loss=1.3170 val_auc=0.7372 best=0.7372 patience=0/10 *
    [gnn] epoch 02/30: train_loss=1.2649 val_auc=0.7306 best=0.7372 patience=1/10
    [gnn] epoch 03/30: train_loss=1.2180 val_auc=0.7537 best=0.7537 patience=0/10 *
    [gnn] epoch 04/30: train_loss=1.1205 val_auc=0.7416 best=0.7537 patience=1/10
    [gnn] epoch 05/30: train_loss=1.0462 val_auc=0.7327 best=0.7537 patience=2/10
    [gnn] epoch 06/30: train_loss=1.0585 val_auc=0.7468 best=0.7537 patience=3/10
    [gnn] epoch 07/30: train_loss=0.9445 val_auc=0.7450 best=0.7537 patience=4/10
    [gnn] epoch 08/30: train_loss=0.8749 val_auc=0.7482 best=0.7537 patience=5/10
    [gnn] epoch 09/30: train_loss=0.8490 val_auc=0.7493 best=0.7537 patience=6/10
    [gnn] epoch 10/30: train_loss=0.7947 val_auc=0.7552 best=0.7552 patience=0/10 *
    [gnn] epoch 11/30: train_loss=0.7288 val_auc=0.7574 best=0.7574 patience=0/10 *
    [gnn] epoch 12/30: train_loss=0.7268 val_auc=0.7661 best=0.7661 patience=0/10 *
    [gnn] epoch 13/30: train_loss=0.6089 val_auc=0.7719 best=0.7719 patience=0/10 *
    [gnn] epoch 14/30: train_loss=0.6097 val_auc=0.7734 best=0.7734 patience=0/10 *
    [gnn] epoch 15/30: train_loss=0.6341 val_auc=0.7761 best=0.7761 patience=0/10 *
    [gnn] epoch 16/30: train_loss=0.4956 val_auc=0.7784 best=0.7784 patience=0/10 *
    [gnn] epoch 17/30: train_loss=0.6326 val_auc=0.7827 best=0.7827 patience=0/10 *
    [gnn] epoch 18/30: train_loss=0.4364 val_auc=0.7852 best=0.7852 patience=0/10 *
    [gnn] epoch 19/30: train_loss=0.6996 val_auc=0.7885 best=0.7885 patience=0/10 *
    [gnn] epoch 20/30: train_loss=0.6603 val_auc=0.7883 best=0.7885 patience=1/10
    [gnn] epoch 21/30: train_loss=0.4248 val_auc=0.7893 best=0.7893 patience=0/10 *
    [gnn] epoch 22/30: train_loss=0.3829 val_auc=0.7914 best=0.7914 patience=0/10 *
    [gnn] epoch 23/30: train_loss=0.4570 val_auc=0.7913 best=0.7914 patience=1/10
    [gnn] epoch 24/30: train_loss=0.3567 val_auc=0.7857 best=0.7914 patience=2/10
    [gnn] epoch 25/30: train_loss=0.5364 val_auc=0.7850 best=0.7914 patience=3/10
    [gnn] epoch 26/30: train_loss=0.6434 val_auc=0.7932 best=0.7932 patience=0/10 *
    [gnn] epoch 27/30: train_loss=0.3211 val_auc=0.7952 best=0.7952 patience=0/10 *
    [gnn] epoch 28/30: train_loss=0.5824 val_auc=0.7953 best=0.7953 patience=0/10 *
    [gnn] epoch 29/30: train_loss=0.7502 val_auc=0.7956 best=0.7956 patience=0/10 *
    [gnn] epoch 30/30: train_loss=0.4880 val_auc=0.7949 best=0.7956 patience=1/10
  [gnn] fold 32/100: AUC=0.7956
    [gnn] epoch 01/30: train_loss=1.3205 val_auc=0.6968 best=0.6968 patience=0/10 *
    [gnn] epoch 02/30: train_loss=1.2456 val_auc=0.7265 best=0.7265 patience=0/10 *
    [gnn] epoch 03/30: train_loss=1.2069 val_auc=0.7625 best=0.7625 patience=0/10 *
    [gnn] epoch 04/30: train_loss=1.1398 val_auc=0.8078 best=0.8078 patience=0/10 *
    [gnn] epoch 05/30: train_loss=1.1950 val_auc=0.8322 best=0.8322 patience=0/10 *
    [gnn] epoch 06/30: train_loss=1.0341 val_auc=0.8413 best=0.8413 patience=0/10 *
    [gnn] epoch 07/30: train_loss=1.0881 val_auc=0.8413 best=0.8413 patience=1/10
    [gnn] epoch 08/30: train_loss=0.9899 val_auc=0.8264 best=0.8413 patience=2/10
    [gnn] epoch 09/30: train_loss=1.0248 val_auc=0.8254 best=0.8413 patience=3/10
    [gnn] epoch 10/30: train_loss=0.9960 val_auc=0.8358 best=0.8413 patience=4/10
    [gnn] epoch 11/30: train_loss=0.8442 val_auc=0.8355 best=0.8413 patience=5/10
    [gnn] epoch 12/30: train_loss=0.8020 val_auc=0.8282 best=0.8413 patience=6/10
    [gnn] epoch 13/30: train_loss=0.8366 val_auc=0.8285 best=0.8413 patience=7/10
    [gnn] epoch 14/30: train_loss=0.7572 val_auc=0.8342 best=0.8413 patience=8/10
    [gnn] epoch 15/30: train_loss=0.7532 val_auc=0.8303 best=0.8413 patience=9/10
    [gnn] epoch 16/30: train_loss=0.6986 val_auc=0.8217 best=0.8413 patience=10/10
    [gnn] early stop at epoch 16
  [gnn] fold 33/100: AUC=0.8413
    [gnn] epoch 01/30: train_loss=1.3150 val_auc=0.7010 best=0.7010 patience=0/10 *
    [gnn] epoch 02/30: train_loss=1.2835 val_auc=0.7395 best=0.7395 patience=0/10 *
    [gnn] epoch 03/30: train_loss=1.2146 val_auc=0.7524 best=0.7524 patience=0/10 *
    [gnn] epoch 04/30: train_loss=1.1447 val_auc=0.7751 best=0.7751 patience=0/10 *
    [gnn] epoch 05/30: train_loss=1.0926 val_auc=0.7789 best=0.7789 patience=0/10 *
    [gnn] epoch 06/30: train_loss=1.0177 val_auc=0.7856 best=0.7856 patience=0/10 *
    [gnn] epoch 07/30: train_loss=0.9409 val_auc=0.7878 best=0.7878 patience=0/10 *
    [gnn] epoch 08/30: train_loss=0.9517 val_auc=0.7924 best=0.7924 patience=0/10 *
    [gnn] epoch 09/30: train_loss=0.8385 val_auc=0.7952 best=0.7952 patience=0/10 *
    [gnn] epoch 10/30: train_loss=0.8726 val_auc=0.7983 best=0.7983 patience=0/10 *
    [gnn] epoch 11/30: train_loss=0.7315 val_auc=0.8012 best=0.8012 patience=0/10 *
    [gnn] epoch 12/30: train_loss=0.7281 val_auc=0.8037 best=0.8037 patience=0/10 *
    [gnn] epoch 13/30: train_loss=0.7287 val_auc=0.8077 best=0.8077 patience=0/10 *
    [gnn] epoch 14/30: train_loss=0.6468 val_auc=0.8135 best=0.8135 patience=0/10 *
    [gnn] epoch 15/30: train_loss=0.5707 val_auc=0.8182 best=0.8182 patience=0/10 *
    [gnn] epoch 16/30: train_loss=0.5461 val_auc=0.8220 best=0.8220 patience=0/10 *
    [gnn] epoch 17/30: train_loss=0.4935 val_auc=0.8247 best=0.8247 patience=0/10 *
    [gnn] epoch 18/30: train_loss=0.4602 val_auc=0.8281 best=0.8281 patience=0/10 *
    [gnn] epoch 19/30: train_loss=0.4341 val_auc=0.8313 best=0.8313 patience=0/10 *
    [gnn] epoch 20/30: train_loss=0.4344 val_auc=0.8317 best=0.8317 patience=0/10 *
    [gnn] epoch 21/30: train_loss=0.3561 val_auc=0.8323 best=0.8323 patience=0/10 *
    [gnn] epoch 22/30: train_loss=0.4173 val_auc=0.8329 best=0.8329 patience=0/10 *
    [gnn] epoch 23/30: train_loss=0.3216 val_auc=0.8321 best=0.8329 patience=1/10
    [gnn] epoch 24/30: train_loss=0.3025 val_auc=0.8297 best=0.8329 patience=2/10
    [gnn] epoch 25/30: train_loss=0.2969 val_auc=0.8295 best=0.8329 patience=3/10
    [gnn] epoch 26/30: train_loss=0.2528 val_auc=0.8297 best=0.8329 patience=4/10
    [gnn] epoch 27/30: train_loss=0.2534 val_auc=0.8284 best=0.8329 patience=5/10
    [gnn] epoch 28/30: train_loss=0.2151 val_auc=0.8292 best=0.8329 patience=6/10
    [gnn] epoch 29/30: train_loss=0.1833 val_auc=0.8289 best=0.8329 patience=7/10
    [gnn] epoch 30/30: train_loss=0.1593 val_auc=0.8295 best=0.8329 patience=8/10
  [gnn] fold 34/100: AUC=0.8329
    [gnn] epoch 01/30: train_loss=1.3190 val_auc=0.6970 best=0.6970 patience=0/10 *
    [gnn] epoch 02/30: train_loss=1.2284 val_auc=0.7322 best=0.7322 patience=0/10 *
    [gnn] epoch 03/30: train_loss=1.1672 val_auc=0.7419 best=0.7419 patience=0/10 *
    [gnn] epoch 04/30: train_loss=1.0772 val_auc=0.7525 best=0.7525 patience=0/10 *
    [gnn] epoch 05/30: train_loss=1.0967 val_auc=0.7546 best=0.7546 patience=0/10 *
    [gnn] epoch 06/30: train_loss=1.0053 val_auc=0.7594 best=0.7594 patience=0/10 *
    [gnn] epoch 07/30: train_loss=0.9501 val_auc=0.7627 best=0.7627 patience=0/10 *
    [gnn] epoch 08/30: train_loss=0.8831 val_auc=0.7719 best=0.7719 patience=0/10 *
    [gnn] epoch 09/30: train_loss=0.9885 val_auc=0.7826 best=0.7826 patience=0/10 *
    [gnn] epoch 10/30: train_loss=0.8203 val_auc=0.7860 best=0.7860 patience=0/10 *
    [gnn] epoch 11/30: train_loss=0.9732 val_auc=0.7894 best=0.7894 patience=0/10 *
    [gnn] epoch 12/30: train_loss=0.9962 val_auc=0.7931 best=0.7931 patience=0/10 *
    [gnn] epoch 13/30: train_loss=0.7286 val_auc=0.7931 best=0.7931 patience=1/10
    [gnn] epoch 14/30: train_loss=1.0820 val_auc=0.7912 best=0.7931 patience=2/10
    [gnn] epoch 15/30: train_loss=1.4274 val_auc=0.7967 best=0.7967 patience=0/10 *
    [gnn] epoch 16/30: train_loss=1.0152 val_auc=0.7936 best=0.7967 patience=1/10
    [gnn] epoch 17/30: train_loss=0.6645 val_auc=0.7966 best=0.7967 patience=2/10
    [gnn] epoch 18/30: train_loss=0.7890 val_auc=0.7980 best=0.7980 patience=0/10 *
    [gnn] epoch 19/30: train_loss=0.8821 val_auc=0.7965 best=0.7980 patience=1/10
    [gnn] epoch 20/30: train_loss=0.7677 val_auc=0.7954 best=0.7980 patience=2/10
    [gnn] epoch 21/30: train_loss=0.6197 val_auc=0.7897 best=0.7980 patience=3/10
    [gnn] epoch 22/30: train_loss=0.7591 val_auc=0.7894 best=0.7980 patience=4/10
    [gnn] epoch 23/30: train_loss=0.9041 val_auc=0.7904 best=0.7980 patience=5/10
    [gnn] epoch 24/30: train_loss=0.7380 val_auc=0.7878 best=0.7980 patience=6/10
    [gnn] epoch 25/30: train_loss=0.5305 val_auc=0.7878 best=0.7980 patience=7/10
    [gnn] epoch 26/30: train_loss=0.5750 val_auc=0.7859 best=0.7980 patience=8/10
    [gnn] epoch 27/30: train_loss=0.6255 val_auc=0.7839 best=0.7980 patience=9/10
    [gnn] epoch 28/30: train_loss=0.5014 val_auc=0.7839 best=0.7980 patience=10/10
    [gnn] early stop at epoch 28
  [gnn] fold 35/100: AUC=0.7980
    [gnn] epoch 01/30: train_loss=1.3175 val_auc=0.6774 best=0.6774 patience=0/10 *
    [gnn] epoch 02/30: train_loss=1.2499 val_auc=0.7253 best=0.7253 patience=0/10 *
    [gnn] epoch 03/30: train_loss=1.2307 val_auc=0.7625 best=0.7625 patience=0/10 *
    [gnn] epoch 04/30: train_loss=1.1521 val_auc=0.7833 best=0.7833 patience=0/10 *
    [gnn] epoch 05/30: train_loss=1.0644 val_auc=0.7816 best=0.7833 patience=1/10
    [gnn] epoch 06/30: train_loss=1.0404 val_auc=0.7831 best=0.7833 patience=2/10
    [gnn] epoch 07/30: train_loss=0.9606 val_auc=0.7846 best=0.7846 patience=0/10 *
    [gnn] epoch 08/30: train_loss=0.9114 val_auc=0.7906 best=0.7906 patience=0/10 *
    [gnn] epoch 09/30: train_loss=0.8752 val_auc=0.7914 best=0.7914 patience=0/10 *
    [gnn] epoch 10/30: train_loss=0.8302 val_auc=0.7973 best=0.7973 patience=0/10 *
    [gnn] epoch 11/30: train_loss=0.7483 val_auc=0.8027 best=0.8027 patience=0/10 *
    [gnn] epoch 12/30: train_loss=0.7015 val_auc=0.8108 best=0.8108 patience=0/10 *
    [gnn] epoch 13/30: train_loss=0.7005 val_auc=0.8184 best=0.8184 patience=0/10 *
    [gnn] epoch 14/30: train_loss=0.6302 val_auc=0.8231 best=0.8231 patience=0/10 *
    [gnn] epoch 15/30: train_loss=0.5820 val_auc=0.8312 best=0.8312 patience=0/10 *
    [gnn] epoch 16/30: train_loss=0.6349 val_auc=0.8372 best=0.8372 patience=0/10 *
    [gnn] epoch 17/30: train_loss=0.4768 val_auc=0.8407 best=0.8407 patience=0/10 *
    [gnn] epoch 18/30: train_loss=0.6681 val_auc=0.8468 best=0.8468 patience=0/10 *
    [gnn] epoch 19/30: train_loss=0.5890 val_auc=0.8554 best=0.8554 patience=0/10 *
    [gnn] epoch 20/30: train_loss=0.5717 val_auc=0.8580 best=0.8580 patience=0/10 *
    [gnn] epoch 21/30: train_loss=0.6159 val_auc=0.8583 best=0.8583 patience=0/10 *
    [gnn] epoch 22/30: train_loss=0.3657 val_auc=0.8605 best=0.8605 patience=0/10 *
    [gnn] epoch 23/30: train_loss=0.3527 val_auc=0.8631 best=0.8631 patience=0/10 *
    [gnn] epoch 24/30: train_loss=0.4940 val_auc=0.8618 best=0.8631 patience=1/10
    [gnn] epoch 25/30: train_loss=0.4021 val_auc=0.8603 best=0.8631 patience=2/10
    [gnn] epoch 26/30: train_loss=0.3444 val_auc=0.8585 best=0.8631 patience=3/10
    [gnn] epoch 27/30: train_loss=0.2985 val_auc=0.8564 best=0.8631 patience=4/10
    [gnn] epoch 28/30: train_loss=0.4497 val_auc=0.8561 best=0.8631 patience=5/10
    [gnn] epoch 29/30: train_loss=0.4069 val_auc=0.8564 best=0.8631 patience=6/10
    [gnn] epoch 30/30: train_loss=0.2618 val_auc=0.8554 best=0.8631 patience=7/10
  [gnn] fold 36/100: AUC=0.8631
    [gnn] epoch 01/30: train_loss=1.3234 val_auc=0.6899 best=0.6899 patience=0/10 *
    [gnn] epoch 02/30: train_loss=1.2617 val_auc=0.7300 best=0.7300 patience=0/10 *
    [gnn] epoch 03/30: train_loss=1.1943 val_auc=0.7214 best=0.7300 patience=1/10
    [gnn] epoch 04/30: train_loss=1.1117 val_auc=0.7223 best=0.7300 patience=2/10
    [gnn] epoch 05/30: train_loss=1.0528 val_auc=0.7274 best=0.7300 patience=3/10
    [gnn] epoch 06/30: train_loss=1.0070 val_auc=0.7297 best=0.7300 patience=4/10
    [gnn] epoch 07/30: train_loss=0.8889 val_auc=0.7305 best=0.7305 patience=0/10 *
    [gnn] epoch 08/30: train_loss=0.9518 val_auc=0.7337 best=0.7337 patience=0/10 *
    [gnn] epoch 09/30: train_loss=0.8601 val_auc=0.7340 best=0.7340 patience=0/10 *
    [gnn] epoch 10/30: train_loss=0.7733 val_auc=0.7281 best=0.7340 patience=1/10
    [gnn] epoch 11/30: train_loss=1.0162 val_auc=0.7321 best=0.7340 patience=2/10
    [gnn] epoch 12/30: train_loss=0.8224 val_auc=0.7385 best=0.7385 patience=0/10 *
    [gnn] epoch 13/30: train_loss=0.6544 val_auc=0.7375 best=0.7385 patience=1/10
    [gnn] epoch 14/30: train_loss=0.6701 val_auc=0.7351 best=0.7385 patience=2/10
    [gnn] epoch 15/30: train_loss=0.7026 val_auc=0.7334 best=0.7385 patience=3/10
    [gnn] epoch 16/30: train_loss=0.6322 val_auc=0.7354 best=0.7385 patience=4/10
    [gnn] epoch 17/30: train_loss=0.5579 val_auc=0.7354 best=0.7385 patience=5/10
    [gnn] epoch 18/30: train_loss=0.5229 val_auc=0.7317 best=0.7385 patience=6/10
    [gnn] epoch 19/30: train_loss=0.5617 val_auc=0.7324 best=0.7385 patience=7/10
    [gnn] epoch 20/30: train_loss=0.5610 val_auc=0.7370 best=0.7385 patience=8/10
    [gnn] epoch 21/30: train_loss=0.4531 val_auc=0.7373 best=0.7385 patience=9/10
    [gnn] epoch 22/30: train_loss=0.4134 val_auc=0.7344 best=0.7385 patience=10/10
    [gnn] early stop at epoch 22
  [gnn] fold 37/100: AUC=0.7385
    [gnn] epoch 01/30: train_loss=1.3205 val_auc=0.7496 best=0.7496 patience=0/10 *
    [gnn] epoch 02/30: train_loss=1.2524 val_auc=0.7892 best=0.7892 patience=0/10 *
    [gnn] epoch 03/30: train_loss=1.1814 val_auc=0.7988 best=0.7988 patience=0/10 *
    [gnn] epoch 04/30: train_loss=1.1229 val_auc=0.8088 best=0.8088 patience=0/10 *
    [gnn] epoch 05/30: train_loss=1.0912 val_auc=0.8187 best=0.8187 patience=0/10 *
    [gnn] epoch 06/30: train_loss=1.0380 val_auc=0.8368 best=0.8368 patience=0/10 *
    [gnn] epoch 07/30: train_loss=0.9665 val_auc=0.8411 best=0.8411 patience=0/10 *
    [gnn] epoch 08/30: train_loss=1.1001 val_auc=0.8449 best=0.8449 patience=0/10 *
    [gnn] epoch 09/30: train_loss=1.0537 val_auc=0.8517 best=0.8517 patience=0/10 *
    [gnn] epoch 10/30: train_loss=0.8473 val_auc=0.8550 best=0.8550 patience=0/10 *
    [gnn] epoch 11/30: train_loss=0.8214 val_auc=0.8609 best=0.8609 patience=0/10 *
    [gnn] epoch 12/30: train_loss=0.7636 val_auc=0.8626 best=0.8626 patience=0/10 *
    [gnn] epoch 13/30: train_loss=0.7176 val_auc=0.8650 best=0.8650 patience=0/10 *
    [gnn] epoch 14/30: train_loss=0.7936 val_auc=0.8676 best=0.8676 patience=0/10 *
    [gnn] epoch 15/30: train_loss=0.6640 val_auc=0.8664 best=0.8676 patience=1/10
    [gnn] epoch 16/30: train_loss=0.6669 val_auc=0.8675 best=0.8676 patience=2/10
    [gnn] epoch 17/30: train_loss=0.6436 val_auc=0.8709 best=0.8709 patience=0/10 *
    [gnn] epoch 18/30: train_loss=0.5627 val_auc=0.8712 best=0.8712 patience=0/10 *
    [gnn] epoch 19/30: train_loss=0.5392 val_auc=0.8684 best=0.8712 patience=1/10
    [gnn] epoch 20/30: train_loss=0.5344 val_auc=0.8685 best=0.8712 patience=2/10
    [gnn] epoch 21/30: train_loss=0.4740 val_auc=0.8684 best=0.8712 patience=3/10
    [gnn] epoch 22/30: train_loss=0.6424 val_auc=0.8670 best=0.8712 patience=4/10
    [gnn] epoch 23/30: train_loss=0.6360 val_auc=0.8694 best=0.8712 patience=5/10
    [gnn] epoch 24/30: train_loss=0.3642 val_auc=0.8682 best=0.8712 patience=6/10
    [gnn] epoch 25/30: train_loss=0.5610 val_auc=0.8692 best=0.8712 patience=7/10
    [gnn] epoch 26/30: train_loss=0.5705 val_auc=0.8680 best=0.8712 patience=8/10
    [gnn] epoch 27/30: train_loss=0.3500 val_auc=0.8640 best=0.8712 patience=9/10
    [gnn] epoch 28/30: train_loss=0.8300 val_auc=0.8596 best=0.8712 patience=10/10
    [gnn] early stop at epoch 28
  [gnn] fold 38/100: AUC=0.8712
    [gnn] epoch 01/30: train_loss=1.3157 val_auc=0.7063 best=0.7063 patience=0/10 *
    [gnn] epoch 02/30: train_loss=1.2501 val_auc=0.7564 best=0.7564 patience=0/10 *
    [gnn] epoch 03/30: train_loss=1.1871 val_auc=0.7777 best=0.7777 patience=0/10 *
    [gnn] epoch 04/30: train_loss=1.1606 val_auc=0.7843 best=0.7843 patience=0/10 *
    [gnn] epoch 05/30: train_loss=1.0869 val_auc=0.7993 best=0.7993 patience=0/10 *
    [gnn] epoch 06/30: train_loss=1.0004 val_auc=0.7993 best=0.7993 patience=1/10
    [gnn] epoch 07/30: train_loss=0.9368 val_auc=0.8063 best=0.8063 patience=0/10 *
    [gnn] epoch 08/30: train_loss=0.8863 val_auc=0.8039 best=0.8063 patience=1/10
    [gnn] epoch 09/30: train_loss=0.8934 val_auc=0.8079 best=0.8079 patience=0/10 *
    [gnn] epoch 10/30: train_loss=0.7504 val_auc=0.8113 best=0.8113 patience=0/10 *
    [gnn] epoch 11/30: train_loss=0.6734 val_auc=0.8092 best=0.8113 patience=1/10
    [gnn] epoch 12/30: train_loss=0.7302 val_auc=0.8144 best=0.8144 patience=0/10 *
    [gnn] epoch 13/30: train_loss=0.6370 val_auc=0.8102 best=0.8144 patience=1/10
    [gnn] epoch 14/30: train_loss=0.5902 val_auc=0.8124 best=0.8144 patience=2/10
    [gnn] epoch 15/30: train_loss=0.5917 val_auc=0.8115 best=0.8144 patience=3/10
    [gnn] epoch 16/30: train_loss=0.5609 val_auc=0.8141 best=0.8144 patience=4/10
    [gnn] epoch 17/30: train_loss=0.5220 val_auc=0.8123 best=0.8144 patience=5/10
    [gnn] epoch 18/30: train_loss=0.4815 val_auc=0.8156 best=0.8156 patience=0/10 *
    [gnn] epoch 19/30: train_loss=0.4395 val_auc=0.8137 best=0.8156 patience=1/10
    [gnn] epoch 20/30: train_loss=0.4639 val_auc=0.8168 best=0.8168 patience=0/10 *
    [gnn] epoch 21/30: train_loss=0.3483 val_auc=0.8165 best=0.8168 patience=1/10
    [gnn] epoch 22/30: train_loss=0.4833 val_auc=0.8191 best=0.8191 patience=0/10 *
    [gnn] epoch 23/30: train_loss=0.3312 val_auc=0.8202 best=0.8202 patience=0/10 *
    [gnn] epoch 24/30: train_loss=0.3313 val_auc=0.8200 best=0.8202 patience=1/10
    [gnn] epoch 25/30: train_loss=0.3558 val_auc=0.8209 best=0.8209 patience=0/10 *
    [gnn] epoch 26/30: train_loss=0.2698 val_auc=0.8246 best=0.8246 patience=0/10 *
    [gnn] epoch 27/30: train_loss=0.3932 val_auc=0.8250 best=0.8250 patience=0/10 *
    [gnn] epoch 28/30: train_loss=0.3809 val_auc=0.8249 best=0.8250 patience=1/10
    [gnn] epoch 29/30: train_loss=0.2245 val_auc=0.8234 best=0.8250 patience=2/10
    [gnn] epoch 30/30: train_loss=0.1894 val_auc=0.8243 best=0.8250 patience=3/10
  [gnn] fold 39/100: AUC=0.8250
    [gnn] epoch 01/30: train_loss=1.3236 val_auc=0.7541 best=0.7541 patience=0/10 *
    [gnn] epoch 02/30: train_loss=1.2717 val_auc=0.7721 best=0.7721 patience=0/10 *
    [gnn] epoch 03/30: train_loss=1.2213 val_auc=0.8034 best=0.8034 patience=0/10 *
    [gnn] epoch 04/30: train_loss=1.1380 val_auc=0.8149 best=0.8149 patience=0/10 *
    [gnn] epoch 05/30: train_loss=1.1010 val_auc=0.8181 best=0.8181 patience=0/10 *
    [gnn] epoch 06/30: train_loss=1.0640 val_auc=0.8262 best=0.8262 patience=0/10 *
    [gnn] epoch 07/30: train_loss=0.9666 val_auc=0.8402 best=0.8402 patience=0/10 *
    [gnn] epoch 08/30: train_loss=0.9463 val_auc=0.8482 best=0.8482 patience=0/10 *
    [gnn] epoch 09/30: train_loss=0.8761 val_auc=0.8546 best=0.8546 patience=0/10 *
    [gnn] epoch 10/30: train_loss=0.8090 val_auc=0.8637 best=0.8637 patience=0/10 *
    [gnn] epoch 11/30: train_loss=0.8069 val_auc=0.8726 best=0.8726 patience=0/10 *
    [gnn] epoch 12/30: train_loss=0.7698 val_auc=0.8762 best=0.8762 patience=0/10 *
    [gnn] epoch 13/30: train_loss=0.6860 val_auc=0.8780 best=0.8780 patience=0/10 *
    [gnn] epoch 14/30: train_loss=0.6909 val_auc=0.8725 best=0.8780 patience=1/10
    [gnn] epoch 15/30: train_loss=0.6232 val_auc=0.8686 best=0.8780 patience=2/10
    [gnn] epoch 16/30: train_loss=0.5535 val_auc=0.8615 best=0.8780 patience=3/10
    [gnn] epoch 17/30: train_loss=0.5833 val_auc=0.8567 best=0.8780 patience=4/10
    [gnn] epoch 18/30: train_loss=0.5494 val_auc=0.8473 best=0.8780 patience=5/10
    [gnn] epoch 19/30: train_loss=0.4992 val_auc=0.8462 best=0.8780 patience=6/10
    [gnn] epoch 20/30: train_loss=0.4769 val_auc=0.8420 best=0.8780 patience=7/10
    [gnn] epoch 21/30: train_loss=0.4172 val_auc=0.8442 best=0.8780 patience=8/10
    [gnn] epoch 22/30: train_loss=0.4212 val_auc=0.8425 best=0.8780 patience=9/10
    [gnn] epoch 23/30: train_loss=0.3498 val_auc=0.8436 best=0.8780 patience=10/10
    [gnn] early stop at epoch 23
  [gnn] fold 40/100: AUC=0.8780
    [gnn] epoch 01/30: train_loss=1.3265 val_auc=0.7295 best=0.7295 patience=0/10 *
    [gnn] epoch 02/30: train_loss=1.2610 val_auc=0.7577 best=0.7577 patience=0/10 *
    [gnn] epoch 03/30: train_loss=1.2192 val_auc=0.7745 best=0.7745 patience=0/10 *
    [gnn] epoch 04/30: train_loss=1.1685 val_auc=0.7767 best=0.7767 patience=0/10 *
    [gnn] epoch 05/30: train_loss=1.0800 val_auc=0.7918 best=0.7918 patience=0/10 *
    [gnn] epoch 06/30: train_loss=1.0098 val_auc=0.8064 best=0.8064 patience=0/10 *
    [gnn] epoch 07/30: train_loss=0.9773 val_auc=0.8210 best=0.8210 patience=0/10 *
    [gnn] epoch 08/30: train_loss=0.9285 val_auc=0.8311 best=0.8311 patience=0/10 *
    [gnn] epoch 09/30: train_loss=0.8801 val_auc=0.8487 best=0.8487 patience=0/10 *
    [gnn] epoch 10/30: train_loss=0.7896 val_auc=0.8490 best=0.8490 patience=0/10 *
    [gnn] epoch 11/30: train_loss=0.7442 val_auc=0.8560 best=0.8560 patience=0/10 *
    [gnn] epoch 12/30: train_loss=0.7190 val_auc=0.8535 best=0.8560 patience=1/10
    [gnn] epoch 13/30: train_loss=0.7518 val_auc=0.8599 best=0.8599 patience=0/10 *
    [gnn] epoch 14/30: train_loss=0.6167 val_auc=0.8581 best=0.8599 patience=1/10
    [gnn] epoch 15/30: train_loss=0.6689 val_auc=0.8545 best=0.8599 patience=2/10
    [gnn] epoch 16/30: train_loss=0.5777 val_auc=0.8457 best=0.8599 patience=3/10
    [gnn] epoch 17/30: train_loss=0.7770 val_auc=0.8473 best=0.8599 patience=4/10
    [gnn] epoch 18/30: train_loss=0.6159 val_auc=0.8500 best=0.8599 patience=5/10
    [gnn] epoch 19/30: train_loss=0.6960 val_auc=0.8494 best=0.8599 patience=6/10
    [gnn] epoch 20/30: train_loss=0.7438 val_auc=0.8488 best=0.8599 patience=7/10
    [gnn] epoch 21/30: train_loss=0.4156 val_auc=0.8392 best=0.8599 patience=8/10
    [gnn] epoch 22/30: train_loss=0.7338 val_auc=0.8363 best=0.8599 patience=9/10
    [gnn] epoch 23/30: train_loss=0.7707 val_auc=0.8414 best=0.8599 patience=10/10
    [gnn] early stop at epoch 23
  [gnn] fold 41/100: AUC=0.8599
    [gnn] epoch 01/30: train_loss=1.3141 val_auc=0.8123 best=0.8123 patience=0/10 *
    [gnn] epoch 02/30: train_loss=1.2551 val_auc=0.7943 best=0.8123 patience=1/10
    [gnn] epoch 03/30: train_loss=1.2667 val_auc=0.8342 best=0.8342 patience=0/10 *
    [gnn] epoch 04/30: train_loss=1.1581 val_auc=0.8372 best=0.8372 patience=0/10 *
    [gnn] epoch 05/30: train_loss=1.1354 val_auc=0.8358 best=0.8372 patience=1/10
    [gnn] epoch 06/30: train_loss=1.0333 val_auc=0.8287 best=0.8372 patience=2/10
    [gnn] epoch 07/30: train_loss=1.0541 val_auc=0.8447 best=0.8447 patience=0/10 *
    [gnn] epoch 08/30: train_loss=0.9255 val_auc=0.8497 best=0.8497 patience=0/10 *
    [gnn] epoch 09/30: train_loss=0.9066 val_auc=0.8464 best=0.8497 patience=1/10
    [gnn] epoch 10/30: train_loss=0.8772 val_auc=0.8529 best=0.8529 patience=0/10 *
    [gnn] epoch 11/30: train_loss=0.7997 val_auc=0.8584 best=0.8584 patience=0/10 *
    [gnn] epoch 12/30: train_loss=0.9205 val_auc=0.8600 best=0.8600 patience=0/10 *
    [gnn] epoch 13/30: train_loss=0.8593 val_auc=0.8595 best=0.8600 patience=1/10
    [gnn] epoch 14/30: train_loss=0.6665 val_auc=0.8616 best=0.8616 patience=0/10 *
    [gnn] epoch 15/30: train_loss=0.6842 val_auc=0.8640 best=0.8640 patience=0/10 *
    [gnn] epoch 16/30: train_loss=0.6646 val_auc=0.8633 best=0.8640 patience=1/10
    [gnn] epoch 17/30: train_loss=0.6176 val_auc=0.8560 best=0.8640 patience=2/10
    [gnn] epoch 18/30: train_loss=0.7819 val_auc=0.8556 best=0.8640 patience=3/10
    [gnn] epoch 19/30: train_loss=0.7320 val_auc=0.8601 best=0.8640 patience=4/10
    [gnn] epoch 20/30: train_loss=0.4765 val_auc=0.8621 best=0.8640 patience=5/10
    [gnn] epoch 21/30: train_loss=0.6170 val_auc=0.8634 best=0.8640 patience=6/10
    [gnn] epoch 22/30: train_loss=0.5345 val_auc=0.8624 best=0.8640 patience=7/10
    [gnn] epoch 23/30: train_loss=0.4628 val_auc=0.8608 best=0.8640 patience=8/10
    [gnn] epoch 24/30: train_loss=0.5422 val_auc=0.8611 best=0.8640 patience=9/10
    [gnn] epoch 25/30: train_loss=0.3967 val_auc=0.8606 best=0.8640 patience=10/10
    [gnn] early stop at epoch 25
  [gnn] fold 42/100: AUC=0.8640
    [gnn] epoch 01/30: train_loss=1.3274 val_auc=0.7744 best=0.7744 patience=0/10 *
    [gnn] epoch 02/30: train_loss=1.2569 val_auc=0.7840 best=0.7840 patience=0/10 *
    [gnn] epoch 03/30: train_loss=1.1979 val_auc=0.7892 best=0.7892 patience=0/10 *
    [gnn] epoch 04/30: train_loss=1.1550 val_auc=0.7991 best=0.7991 patience=0/10 *
    [gnn] epoch 05/30: train_loss=1.1177 val_auc=0.7951 best=0.7991 patience=1/10
    [gnn] epoch 06/30: train_loss=0.9788 val_auc=0.7966 best=0.7991 patience=2/10
    [gnn] epoch 07/30: train_loss=0.9751 val_auc=0.8017 best=0.8017 patience=0/10 *
    [gnn] epoch 08/30: train_loss=0.9827 val_auc=0.7992 best=0.8017 patience=1/10
    [gnn] epoch 09/30: train_loss=0.8931 val_auc=0.7862 best=0.8017 patience=2/10
    [gnn] epoch 10/30: train_loss=1.0121 val_auc=0.7892 best=0.8017 patience=3/10
    [gnn] epoch 11/30: train_loss=0.9429 val_auc=0.8009 best=0.8017 patience=4/10
    [gnn] epoch 12/30: train_loss=0.7455 val_auc=0.8047 best=0.8047 patience=0/10 *
    [gnn] epoch 13/30: train_loss=0.7107 val_auc=0.8019 best=0.8047 patience=1/10
    [gnn] epoch 14/30: train_loss=0.7428 val_auc=0.8040 best=0.8047 patience=2/10
    [gnn] epoch 15/30: train_loss=0.6123 val_auc=0.8072 best=0.8072 patience=0/10 *
    [gnn] epoch 16/30: train_loss=0.6494 val_auc=0.8075 best=0.8075 patience=0/10 *
    [gnn] epoch 17/30: train_loss=0.6005 val_auc=0.8029 best=0.8075 patience=1/10
    [gnn] epoch 18/30: train_loss=0.5850 val_auc=0.8040 best=0.8075 patience=2/10
    [gnn] epoch 19/30: train_loss=0.5325 val_auc=0.8074 best=0.8075 patience=3/10
    [gnn] epoch 20/30: train_loss=0.4743 val_auc=0.8060 best=0.8075 patience=4/10
    [gnn] epoch 21/30: train_loss=0.4510 val_auc=0.8004 best=0.8075 patience=5/10
    [gnn] epoch 22/30: train_loss=0.5488 val_auc=0.7988 best=0.8075 patience=6/10
    [gnn] epoch 23/30: train_loss=0.4517 val_auc=0.8045 best=0.8075 patience=7/10
    [gnn] epoch 24/30: train_loss=0.3411 val_auc=0.8039 best=0.8075 patience=8/10
    [gnn] epoch 25/30: train_loss=0.3338 val_auc=0.7989 best=0.8075 patience=9/10
    [gnn] epoch 26/30: train_loss=0.3303 val_auc=0.8015 best=0.8075 patience=10/10
    [gnn] early stop at epoch 26
  [gnn] fold 43/100: AUC=0.8075
    [gnn] epoch 01/30: train_loss=1.3136 val_auc=0.7736 best=0.7736 patience=0/10 *
    [gnn] epoch 02/30: train_loss=1.2720 val_auc=0.7904 best=0.7904 patience=0/10 *
    [gnn] epoch 03/30: train_loss=1.2425 val_auc=0.8018 best=0.8018 patience=0/10 *
    [gnn] epoch 04/30: train_loss=1.1670 val_auc=0.8164 best=0.8164 patience=0/10 *
    [gnn] epoch 05/30: train_loss=1.1010 val_auc=0.8318 best=0.8318 patience=0/10 *
    [gnn] epoch 06/30: train_loss=1.0164 val_auc=0.8306 best=0.8318 patience=1/10
    [gnn] epoch 07/30: train_loss=1.0121 val_auc=0.8407 best=0.8407 patience=0/10 *
    [gnn] epoch 08/30: train_loss=0.9040 val_auc=0.8419 best=0.8419 patience=0/10 *
    [gnn] epoch 09/30: train_loss=0.8469 val_auc=0.8425 best=0.8425 patience=0/10 *
    [gnn] epoch 10/30: train_loss=0.8996 val_auc=0.8467 best=0.8467 patience=0/10 *
    [gnn] epoch 11/30: train_loss=0.7969 val_auc=0.8453 best=0.8467 patience=1/10
    [gnn] epoch 12/30: train_loss=1.0106 val_auc=0.8463 best=0.8467 patience=2/10
    [gnn] epoch 13/30: train_loss=0.9932 val_auc=0.8486 best=0.8486 patience=0/10 *
    [gnn] epoch 14/30: train_loss=0.7182 val_auc=0.8373 best=0.8486 patience=1/10
    [gnn] epoch 15/30: train_loss=1.2172 val_auc=0.8385 best=0.8486 patience=2/10
    [gnn] epoch 16/30: train_loss=1.6130 val_auc=0.8438 best=0.8486 patience=3/10
    [gnn] epoch 17/30: train_loss=1.1437 val_auc=0.8548 best=0.8548 patience=0/10 *
    [gnn] epoch 18/30: train_loss=0.6324 val_auc=0.8579 best=0.8579 patience=0/10 *
    [gnn] epoch 19/30: train_loss=0.8032 val_auc=0.8619 best=0.8619 patience=0/10 *
    [gnn] epoch 20/30: train_loss=0.9507 val_auc=0.8626 best=0.8626 patience=0/10 *
    [gnn] epoch 21/30: train_loss=0.8348 val_auc=0.8623 best=0.8626 patience=1/10
    [gnn] epoch 22/30: train_loss=0.6331 val_auc=0.8584 best=0.8626 patience=2/10
    [gnn] epoch 23/30: train_loss=0.7823 val_auc=0.8559 best=0.8626 patience=3/10
    [gnn] epoch 24/30: train_loss=1.0368 val_auc=0.8590 best=0.8626 patience=4/10
    [gnn] epoch 25/30: train_loss=0.9049 val_auc=0.8635 best=0.8635 patience=0/10 *
    [gnn] epoch 26/30: train_loss=0.6368 val_auc=0.8654 best=0.8654 patience=0/10 *
    [gnn] epoch 27/30: train_loss=0.5987 val_auc=0.8657 best=0.8657 patience=0/10 *
    [gnn] epoch 28/30: train_loss=0.6099 val_auc=0.8660 best=0.8660 patience=0/10 *
    [gnn] epoch 29/30: train_loss=0.5536 val_auc=0.8632 best=0.8660 patience=1/10
    [gnn] epoch 30/30: train_loss=0.4719 val_auc=0.8609 best=0.8660 patience=2/10
  [gnn] fold 44/100: AUC=0.8660
    [gnn] epoch 01/30: train_loss=1.3073 val_auc=0.6978 best=0.6978 patience=0/10 *
    [gnn] epoch 02/30: train_loss=1.2393 val_auc=0.7166 best=0.7166 patience=0/10 *
    [gnn] epoch 03/30: train_loss=1.1503 val_auc=0.7098 best=0.7166 patience=1/10
    [gnn] epoch 04/30: train_loss=1.0912 val_auc=0.7075 best=0.7166 patience=2/10
    [gnn] epoch 05/30: train_loss=1.0399 val_auc=0.7101 best=0.7166 patience=3/10
    [gnn] epoch 06/30: train_loss=1.0604 val_auc=0.7132 best=0.7166 patience=4/10
    [gnn] epoch 07/30: train_loss=0.9242 val_auc=0.7086 best=0.7166 patience=5/10
    [gnn] epoch 08/30: train_loss=1.0454 val_auc=0.7130 best=0.7166 patience=6/10
    [gnn] epoch 09/30: train_loss=1.0227 val_auc=0.7171 best=0.7171 patience=0/10 *
    [gnn] epoch 10/30: train_loss=0.8000 val_auc=0.7217 best=0.7217 patience=0/10 *
    [gnn] epoch 11/30: train_loss=0.9490 val_auc=0.7259 best=0.7259 patience=0/10 *
    [gnn] epoch 12/30: train_loss=0.7814 val_auc=0.7232 best=0.7259 patience=1/10
    [gnn] epoch 13/30: train_loss=0.7633 val_auc=0.7246 best=0.7259 patience=2/10
    [gnn] epoch 14/30: train_loss=0.7666 val_auc=0.7264 best=0.7264 patience=0/10 *
    [gnn] epoch 15/30: train_loss=0.6825 val_auc=0.7276 best=0.7276 patience=0/10 *
    [gnn] epoch 16/30: train_loss=0.6779 val_auc=0.7298 best=0.7298 patience=0/10 *
    [gnn] epoch 17/30: train_loss=0.6032 val_auc=0.7329 best=0.7329 patience=0/10 *
    [gnn] epoch 18/30: train_loss=0.5628 val_auc=0.7365 best=0.7365 patience=0/10 *
    [gnn] epoch 19/30: train_loss=0.7411 val_auc=0.7382 best=0.7382 patience=0/10 *
    [gnn] epoch 20/30: train_loss=0.7353 val_auc=0.7376 best=0.7382 patience=1/10
    [gnn] epoch 21/30: train_loss=0.4410 val_auc=0.7374 best=0.7382 patience=2/10
    [gnn] epoch 22/30: train_loss=0.6266 val_auc=0.7384 best=0.7384 patience=0/10 *
    [gnn] epoch 23/30: train_loss=0.6447 val_auc=0.7418 best=0.7418 patience=0/10 *
    [gnn] epoch 24/30: train_loss=0.4130 val_auc=0.7436 best=0.7436 patience=0/10 *
    [gnn] epoch 25/30: train_loss=0.6770 val_auc=0.7428 best=0.7436 patience=1/10
    [gnn] epoch 26/30: train_loss=1.0785 val_auc=0.7438 best=0.7438 patience=0/10 *
    [gnn] epoch 27/30: train_loss=0.7399 val_auc=0.7397 best=0.7438 patience=1/10
    [gnn] epoch 28/30: train_loss=0.3097 val_auc=0.7368 best=0.7438 patience=2/10
    [gnn] epoch 29/30: train_loss=0.5222 val_auc=0.7359 best=0.7438 patience=3/10
    [gnn] epoch 30/30: train_loss=0.6117 val_auc=0.7368 best=0.7438 patience=4/10
  [gnn] fold 45/100: AUC=0.7438
    [gnn] epoch 01/30: train_loss=1.3082 val_auc=0.6856 best=0.6856 patience=0/10 *
    [gnn] epoch 02/30: train_loss=1.2540 val_auc=0.7001 best=0.7001 patience=0/10 *
    [gnn] epoch 03/30: train_loss=1.2222 val_auc=0.7037 best=0.7037 patience=0/10 *
    [gnn] epoch 04/30: train_loss=1.1285 val_auc=0.7204 best=0.7204 patience=0/10 *
    [gnn] epoch 05/30: train_loss=1.0982 val_auc=0.7461 best=0.7461 patience=0/10 *
    [gnn] epoch 06/30: train_loss=1.0849 val_auc=0.7537 best=0.7537 patience=0/10 *
    [gnn] epoch 07/30: train_loss=0.9614 val_auc=0.7580 best=0.7580 patience=0/10 *
    [gnn] epoch 08/30: train_loss=1.0071 val_auc=0.7615 best=0.7615 patience=0/10 *
    [gnn] epoch 09/30: train_loss=0.9358 val_auc=0.7640 best=0.7640 patience=0/10 *
    [gnn] epoch 10/30: train_loss=0.9467 val_auc=0.7658 best=0.7658 patience=0/10 *
    [gnn] epoch 11/30: train_loss=0.9312 val_auc=0.7681 best=0.7681 patience=0/10 *
    [gnn] epoch 12/30: train_loss=0.7724 val_auc=0.7714 best=0.7714 patience=0/10 *
    [gnn] epoch 13/30: train_loss=0.7288 val_auc=0.7716 best=0.7716 patience=0/10 *
    [gnn] epoch 14/30: train_loss=0.7704 val_auc=0.7731 best=0.7731 patience=0/10 *
    [gnn] epoch 15/30: train_loss=0.7025 val_auc=0.7716 best=0.7731 patience=1/10
    [gnn] epoch 16/30: train_loss=0.6758 val_auc=0.7705 best=0.7731 patience=2/10
    [gnn] epoch 17/30: train_loss=0.6123 val_auc=0.7703 best=0.7731 patience=3/10
    [gnn] epoch 18/30: train_loss=0.6364 val_auc=0.7711 best=0.7731 patience=4/10
    [gnn] epoch 19/30: train_loss=0.6428 val_auc=0.7724 best=0.7731 patience=5/10
    [gnn] epoch 20/30: train_loss=0.4984 val_auc=0.7726 best=0.7731 patience=6/10
    [gnn] epoch 21/30: train_loss=0.4603 val_auc=0.7720 best=0.7731 patience=7/10
    [gnn] epoch 22/30: train_loss=0.5863 val_auc=0.7718 best=0.7731 patience=8/10
    [gnn] epoch 23/30: train_loss=0.5124 val_auc=0.7746 best=0.7746 patience=0/10 *
    [gnn] epoch 24/30: train_loss=0.3795 val_auc=0.7752 best=0.7752 patience=0/10 *
    [gnn] epoch 25/30: train_loss=0.3437 val_auc=0.7742 best=0.7752 patience=1/10
    [gnn] epoch 26/30: train_loss=0.4601 val_auc=0.7739 best=0.7752 patience=2/10
    [gnn] epoch 27/30: train_loss=0.3996 val_auc=0.7750 best=0.7752 patience=3/10
    [gnn] epoch 28/30: train_loss=0.2975 val_auc=0.7739 best=0.7752 patience=4/10
    [gnn] epoch 29/30: train_loss=0.2855 val_auc=0.7723 best=0.7752 patience=5/10
    [gnn] epoch 30/30: train_loss=0.3239 val_auc=0.7708 best=0.7752 patience=6/10
  [gnn] fold 46/100: AUC=0.7752
    [gnn] epoch 01/30: train_loss=1.3030 val_auc=0.7554 best=0.7554 patience=0/10 *
    [gnn] epoch 02/30: train_loss=1.2361 val_auc=0.7206 best=0.7554 patience=1/10
    [gnn] epoch 03/30: train_loss=1.2548 val_auc=0.7765 best=0.7765 patience=0/10 *
    [gnn] epoch 04/30: train_loss=1.1319 val_auc=0.7801 best=0.7801 patience=0/10 *
    [gnn] epoch 05/30: train_loss=1.0891 val_auc=0.7727 best=0.7801 patience=1/10
    [gnn] epoch 06/30: train_loss=1.0130 val_auc=0.7664 best=0.7801 patience=2/10
    [gnn] epoch 07/30: train_loss=0.9521 val_auc=0.7726 best=0.7801 patience=3/10
    [gnn] epoch 08/30: train_loss=0.8549 val_auc=0.7766 best=0.7801 patience=4/10
    [gnn] epoch 09/30: train_loss=0.7966 val_auc=0.7623 best=0.7801 patience=5/10
    [gnn] epoch 10/30: train_loss=1.0296 val_auc=0.7699 best=0.7801 patience=6/10
    [gnn] epoch 11/30: train_loss=0.8300 val_auc=0.7775 best=0.7801 patience=7/10
    [gnn] epoch 12/30: train_loss=0.7601 val_auc=0.7782 best=0.7801 patience=8/10
    [gnn] epoch 13/30: train_loss=0.7650 val_auc=0.7744 best=0.7801 patience=9/10
    [gnn] epoch 14/30: train_loss=0.6592 val_auc=0.7747 best=0.7801 patience=10/10
    [gnn] early stop at epoch 14
  [gnn] fold 47/100: AUC=0.7801
    [gnn] epoch 01/30: train_loss=1.3254 val_auc=0.8525 best=0.8525 patience=0/10 *
    [gnn] epoch 02/30: train_loss=1.2600 val_auc=0.8418 best=0.8525 patience=1/10
    [gnn] epoch 03/30: train_loss=1.2084 val_auc=0.8580 best=0.8580 patience=0/10 *
    [gnn] epoch 04/30: train_loss=1.1656 val_auc=0.8484 best=0.8580 patience=1/10
    [gnn] epoch 05/30: train_loss=1.0815 val_auc=0.8487 best=0.8580 patience=2/10
    [gnn] epoch 06/30: train_loss=1.0363 val_auc=0.8525 best=0.8580 patience=3/10
    [gnn] epoch 07/30: train_loss=0.9889 val_auc=0.8463 best=0.8580 patience=4/10
    [gnn] epoch 08/30: train_loss=0.8890 val_auc=0.8337 best=0.8580 patience=5/10
    [gnn] epoch 09/30: train_loss=1.0701 val_auc=0.8387 best=0.8580 patience=6/10
    [gnn] epoch 10/30: train_loss=0.9142 val_auc=0.8598 best=0.8598 patience=0/10 *
    [gnn] epoch 11/30: train_loss=0.8372 val_auc=0.8636 best=0.8636 patience=0/10 *
    [gnn] epoch 12/30: train_loss=0.8337 val_auc=0.8608 best=0.8636 patience=1/10
    [gnn] epoch 13/30: train_loss=0.7519 val_auc=0.8621 best=0.8636 patience=2/10
    [gnn] epoch 14/30: train_loss=0.6974 val_auc=0.8685 best=0.8685 patience=0/10 *
    [gnn] epoch 15/30: train_loss=0.6930 val_auc=0.8664 best=0.8685 patience=1/10
    [gnn] epoch 16/30: train_loss=0.6250 val_auc=0.8583 best=0.8685 patience=2/10
    [gnn] epoch 17/30: train_loss=0.7733 val_auc=0.8599 best=0.8685 patience=3/10
    [gnn] epoch 18/30: train_loss=0.7442 val_auc=0.8682 best=0.8685 patience=4/10
    [gnn] epoch 19/30: train_loss=0.5143 val_auc=0.8767 best=0.8767 patience=0/10 *
    [gnn] epoch 20/30: train_loss=0.6458 val_auc=0.8777 best=0.8777 patience=0/10 *
    [gnn] epoch 21/30: train_loss=0.6045 val_auc=0.8737 best=0.8777 patience=1/10
    [gnn] epoch 22/30: train_loss=0.4670 val_auc=0.8732 best=0.8777 patience=2/10
    [gnn] epoch 23/30: train_loss=0.4413 val_auc=0.8775 best=0.8777 patience=3/10
    [gnn] epoch 24/30: train_loss=0.4496 val_auc=0.8762 best=0.8777 patience=4/10
    [gnn] epoch 25/30: train_loss=0.3899 val_auc=0.8702 best=0.8777 patience=5/10
    [gnn] epoch 26/30: train_loss=0.5290 val_auc=0.8706 best=0.8777 patience=6/10
    [gnn] epoch 27/30: train_loss=0.5025 val_auc=0.8743 best=0.8777 patience=7/10
    [gnn] epoch 28/30: train_loss=0.3244 val_auc=0.8762 best=0.8777 patience=8/10
    [gnn] epoch 29/30: train_loss=0.5048 val_auc=0.8762 best=0.8777 patience=9/10
    [gnn] epoch 30/30: train_loss=0.5105 val_auc=0.8737 best=0.8777 patience=10/10
    [gnn] early stop at epoch 30
  [gnn] fold 48/100: AUC=0.8777
    [gnn] epoch 01/30: train_loss=1.3010 val_auc=0.7281 best=0.7281 patience=0/10 *
    [gnn] epoch 02/30: train_loss=1.2437 val_auc=0.7391 best=0.7391 patience=0/10 *
    [gnn] epoch 03/30: train_loss=1.2207 val_auc=0.7723 best=0.7723 patience=0/10 *
    [gnn] epoch 04/30: train_loss=1.1368 val_auc=0.7764 best=0.7764 patience=0/10 *
    [gnn] epoch 05/30: train_loss=1.0726 val_auc=0.7664 best=0.7764 patience=1/10
    [gnn] epoch 06/30: train_loss=1.0754 val_auc=0.7729 best=0.7764 patience=2/10
    [gnn] epoch 07/30: train_loss=0.9346 val_auc=0.7787 best=0.7787 patience=0/10 *
    [gnn] epoch 08/30: train_loss=0.9449 val_auc=0.7798 best=0.7798 patience=0/10 *
    [gnn] epoch 09/30: train_loss=0.8672 val_auc=0.7725 best=0.7798 patience=1/10
    [gnn] epoch 10/30: train_loss=1.0781 val_auc=0.7762 best=0.7798 patience=2/10
    [gnn] epoch 11/30: train_loss=1.1194 val_auc=0.7836 best=0.7836 patience=0/10 *
    [gnn] epoch 12/30: train_loss=0.7186 val_auc=0.7865 best=0.7865 patience=0/10 *
    [gnn] epoch 13/30: train_loss=0.9209 val_auc=0.7861 best=0.7865 patience=1/10
    [gnn] epoch 14/30: train_loss=1.0078 val_auc=0.7893 best=0.7893 patience=0/10 *
    [gnn] epoch 15/30: train_loss=0.8350 val_auc=0.7936 best=0.7936 patience=0/10 *
    [gnn] epoch 16/30: train_loss=0.6381 val_auc=0.7920 best=0.7936 patience=1/10
    [gnn] epoch 17/30: train_loss=0.7006 val_auc=0.7923 best=0.7936 patience=2/10
    [gnn] epoch 18/30: train_loss=0.6167 val_auc=0.7941 best=0.7941 patience=0/10 *
    [gnn] epoch 19/30: train_loss=0.6557 val_auc=0.7949 best=0.7949 patience=0/10 *
    [gnn] epoch 20/30: train_loss=0.6240 val_auc=0.7974 best=0.7974 patience=0/10 *
    [gnn] epoch 21/30: train_loss=0.5007 val_auc=0.7988 best=0.7988 patience=0/10 *
    [gnn] epoch 22/30: train_loss=0.5467 val_auc=0.8029 best=0.8029 patience=0/10 *
    [gnn] epoch 23/30: train_loss=0.4443 val_auc=0.8043 best=0.8043 patience=0/10 *
    [gnn] epoch 24/30: train_loss=0.4244 val_auc=0.8046 best=0.8046 patience=0/10 *
    [gnn] epoch 25/30: train_loss=0.3905 val_auc=0.8020 best=0.8046 patience=1/10
    [gnn] epoch 26/30: train_loss=0.3681 val_auc=0.8012 best=0.8046 patience=2/10
    [gnn] epoch 27/30: train_loss=0.3167 val_auc=0.8005 best=0.8046 patience=3/10
    [gnn] epoch 28/30: train_loss=0.3457 val_auc=0.8007 best=0.8046 patience=4/10
    [gnn] epoch 29/30: train_loss=0.2741 val_auc=0.8007 best=0.8046 patience=5/10
    [gnn] epoch 30/30: train_loss=0.3325 val_auc=0.8003 best=0.8046 patience=6/10
  [gnn] fold 49/100: AUC=0.8046
    [gnn] epoch 01/30: train_loss=1.3170 val_auc=0.7613 best=0.7613 patience=0/10 *
    [gnn] epoch 02/30: train_loss=1.2520 val_auc=0.7709 best=0.7709 patience=0/10 *
    [gnn] epoch 03/30: train_loss=1.1847 val_auc=0.7852 best=0.7852 patience=0/10 *
    [gnn] epoch 04/30: train_loss=1.1119 val_auc=0.7932 best=0.7932 patience=0/10 *
    [gnn] epoch 05/30: train_loss=1.0442 val_auc=0.7694 best=0.7932 patience=1/10
    [gnn] epoch 06/30: train_loss=1.1569 val_auc=0.7830 best=0.7932 patience=2/10
    [gnn] epoch 07/30: train_loss=0.9880 val_auc=0.7979 best=0.7979 patience=0/10 *
    [gnn] epoch 08/30: train_loss=1.0137 val_auc=0.8021 best=0.8021 patience=0/10 *
    [gnn] epoch 09/30: train_loss=1.0120 val_auc=0.8058 best=0.8058 patience=0/10 *
    [gnn] epoch 10/30: train_loss=0.8281 val_auc=0.7952 best=0.8058 patience=1/10
    [gnn] epoch 11/30: train_loss=0.8751 val_auc=0.8058 best=0.8058 patience=2/10
    [gnn] epoch 12/30: train_loss=0.7674 val_auc=0.8082 best=0.8082 patience=0/10 *
    [gnn] epoch 13/30: train_loss=0.7590 val_auc=0.8071 best=0.8082 patience=1/10
    [gnn] epoch 14/30: train_loss=0.7252 val_auc=0.8084 best=0.8084 patience=0/10 *
    [gnn] epoch 15/30: train_loss=0.6857 val_auc=0.8094 best=0.8094 patience=0/10 *
    [gnn] epoch 16/30: train_loss=0.6420 val_auc=0.8094 best=0.8094 patience=1/10
    [gnn] epoch 17/30: train_loss=0.6219 val_auc=0.8086 best=0.8094 patience=2/10
    [gnn] epoch 18/30: train_loss=0.5596 val_auc=0.8067 best=0.8094 patience=3/10
    [gnn] epoch 19/30: train_loss=0.6622 val_auc=0.8075 best=0.8094 patience=4/10
    [gnn] epoch 20/30: train_loss=0.6806 val_auc=0.8123 best=0.8123 patience=0/10 *
    [gnn] epoch 21/30: train_loss=0.4376 val_auc=0.8139 best=0.8139 patience=0/10 *
    [gnn] epoch 22/30: train_loss=0.5038 val_auc=0.8198 best=0.8198 patience=0/10 *
    [gnn] epoch 23/30: train_loss=0.4394 val_auc=0.8168 best=0.8198 patience=1/10
    [gnn] epoch 24/30: train_loss=0.5717 val_auc=0.8174 best=0.8198 patience=2/10
    [gnn] epoch 25/30: train_loss=0.5750 val_auc=0.8233 best=0.8233 patience=0/10 *
    [gnn] epoch 26/30: train_loss=0.3584 val_auc=0.8224 best=0.8233 patience=1/10
    [gnn] epoch 27/30: train_loss=0.5783 val_auc=0.8243 best=0.8243 patience=0/10 *
    [gnn] epoch 28/30: train_loss=0.7023 val_auc=0.8247 best=0.8247 patience=0/10 *
    [gnn] epoch 29/30: train_loss=0.5186 val_auc=0.8245 best=0.8247 patience=1/10
    [gnn] epoch 30/30: train_loss=0.3068 val_auc=0.8211 best=0.8247 patience=2/10
  [gnn] fold 50/100: AUC=0.8247
    [gnn] epoch 01/30: train_loss=1.3120 val_auc=0.7312 best=0.7312 patience=0/10 *
    [gnn] epoch 02/30: train_loss=1.2537 val_auc=0.8029 best=0.8029 patience=0/10 *
    [gnn] epoch 03/30: train_loss=1.2216 val_auc=0.8296 best=0.8296 patience=0/10 *
    [gnn] epoch 04/30: train_loss=1.1556 val_auc=0.8383 best=0.8383 patience=0/10 *
    [gnn] epoch 05/30: train_loss=1.1035 val_auc=0.8437 best=0.8437 patience=0/10 *
    [gnn] epoch 06/30: train_loss=1.0399 val_auc=0.8448 best=0.8448 patience=0/10 *
    [gnn] epoch 07/30: train_loss=0.9805 val_auc=0.8474 best=0.8474 patience=0/10 *
    [gnn] epoch 08/30: train_loss=0.9315 val_auc=0.8483 best=0.8483 patience=0/10 *
    [gnn] epoch 09/30: train_loss=0.9184 val_auc=0.8509 best=0.8509 patience=0/10 *
    [gnn] epoch 10/30: train_loss=0.7997 val_auc=0.8517 best=0.8517 patience=0/10 *
    [gnn] epoch 11/30: train_loss=0.8718 val_auc=0.8549 best=0.8549 patience=0/10 *
    [gnn] epoch 12/30: train_loss=0.7256 val_auc=0.8586 best=0.8586 patience=0/10 *
    [gnn] epoch 13/30: train_loss=0.7253 val_auc=0.8569 best=0.8586 patience=1/10
    [gnn] epoch 14/30: train_loss=0.7354 val_auc=0.8629 best=0.8629 patience=0/10 *
    [gnn] epoch 15/30: train_loss=0.6178 val_auc=0.8654 best=0.8654 patience=0/10 *
    [gnn] epoch 16/30: train_loss=0.7885 val_auc=0.8664 best=0.8664 patience=0/10 *
    [gnn] epoch 17/30: train_loss=0.7410 val_auc=0.8670 best=0.8670 patience=0/10 *
    [gnn] epoch 18/30: train_loss=0.5848 val_auc=0.8667 best=0.8670 patience=1/10
    [gnn] epoch 19/30: train_loss=0.5733 val_auc=0.8666 best=0.8670 patience=2/10
    [gnn] epoch 20/30: train_loss=0.5780 val_auc=0.8666 best=0.8670 patience=3/10
    [gnn] epoch 21/30: train_loss=0.4969 val_auc=0.8659 best=0.8670 patience=4/10
    [gnn] epoch 22/30: train_loss=0.5014 val_auc=0.8647 best=0.8670 patience=5/10
    [gnn] epoch 23/30: train_loss=0.5192 val_auc=0.8642 best=0.8670 patience=6/10
    [gnn] epoch 24/30: train_loss=0.3981 val_auc=0.8631 best=0.8670 patience=7/10
    [gnn] epoch 25/30: train_loss=0.3600 val_auc=0.8625 best=0.8670 patience=8/10
    [gnn] epoch 26/30: train_loss=0.5149 val_auc=0.8629 best=0.8670 patience=9/10
    [gnn] epoch 27/30: train_loss=0.4360 val_auc=0.8647 best=0.8670 patience=10/10
    [gnn] early stop at epoch 27
  [gnn] fold 51/100: AUC=0.8670
    [gnn] epoch 01/30: train_loss=1.3266 val_auc=0.7255 best=0.7255 patience=0/10 *
    [gnn] epoch 02/30: train_loss=1.2809 val_auc=0.7392 best=0.7392 patience=0/10 *
    [gnn] epoch 03/30: train_loss=1.2044 val_auc=0.7623 best=0.7623 patience=0/10 *
    [gnn] epoch 04/30: train_loss=1.1637 val_auc=0.7633 best=0.7633 patience=0/10 *
    [gnn] epoch 05/30: train_loss=1.0930 val_auc=0.7714 best=0.7714 patience=0/10 *
    [gnn] epoch 06/30: train_loss=1.0458 val_auc=0.7678 best=0.7714 patience=1/10
    [gnn] epoch 07/30: train_loss=0.9783 val_auc=0.7577 best=0.7714 patience=2/10
    [gnn] epoch 08/30: train_loss=1.0552 val_auc=0.7698 best=0.7714 patience=3/10
    [gnn] epoch 09/30: train_loss=0.9178 val_auc=0.7724 best=0.7724 patience=0/10 *
    [gnn] epoch 10/30: train_loss=1.0308 val_auc=0.7757 best=0.7757 patience=0/10 *
    [gnn] epoch 11/30: train_loss=1.0243 val_auc=0.7760 best=0.7760 patience=0/10 *
    [gnn] epoch 12/30: train_loss=0.7926 val_auc=0.7643 best=0.7760 patience=1/10
    [gnn] epoch 13/30: train_loss=1.0320 val_auc=0.7721 best=0.7760 patience=2/10
    [gnn] epoch 14/30: train_loss=0.9444 val_auc=0.7782 best=0.7782 patience=0/10 *
    [gnn] epoch 15/30: train_loss=0.6822 val_auc=0.7782 best=0.7782 patience=1/10
    [gnn] epoch 16/30: train_loss=0.6882 val_auc=0.7775 best=0.7782 patience=2/10
    [gnn] epoch 17/30: train_loss=0.7144 val_auc=0.7792 best=0.7792 patience=0/10 *
    [gnn] epoch 18/30: train_loss=0.6665 val_auc=0.7868 best=0.7868 patience=0/10 *
    [gnn] epoch 19/30: train_loss=0.6310 val_auc=0.7881 best=0.7881 patience=0/10 *
    [gnn] epoch 20/30: train_loss=0.5618 val_auc=0.7868 best=0.7881 patience=1/10
    [gnn] epoch 21/30: train_loss=0.6416 val_auc=0.7878 best=0.7881 patience=2/10
    [gnn] epoch 22/30: train_loss=0.5658 val_auc=0.7927 best=0.7927 patience=0/10 *
    [gnn] epoch 23/30: train_loss=0.4967 val_auc=0.7923 best=0.7927 patience=1/10
    [gnn] epoch 24/30: train_loss=0.4368 val_auc=0.7872 best=0.7927 patience=2/10
    [gnn] epoch 25/30: train_loss=0.5099 val_auc=0.7876 best=0.7927 patience=3/10
    [gnn] epoch 26/30: train_loss=0.4635 val_auc=0.7912 best=0.7927 patience=4/10
    [gnn] epoch 27/30: train_loss=0.3625 val_auc=0.7917 best=0.7927 patience=5/10
    [gnn] epoch 28/30: train_loss=0.3384 val_auc=0.7892 best=0.7927 patience=6/10
    [gnn] epoch 29/30: train_loss=0.4921 val_auc=0.7886 best=0.7927 patience=7/10
    [gnn] epoch 30/30: train_loss=0.4258 val_auc=0.7911 best=0.7927 patience=8/10
  [gnn] fold 52/100: AUC=0.7927
    [gnn] epoch 01/30: train_loss=1.3094 val_auc=0.7339 best=0.7339 patience=0/10 *
    [gnn] epoch 02/30: train_loss=1.2635 val_auc=0.7686 best=0.7686 patience=0/10 *
    [gnn] epoch 03/30: train_loss=1.3158 val_auc=0.7809 best=0.7809 patience=0/10 *
    [gnn] epoch 04/30: train_loss=1.1732 val_auc=0.7946 best=0.7946 patience=0/10 *
    [gnn] epoch 05/30: train_loss=1.1344 val_auc=0.7939 best=0.7946 patience=1/10
    [gnn] epoch 06/30: train_loss=1.0891 val_auc=0.7903 best=0.7946 patience=2/10
    [gnn] epoch 07/30: train_loss=1.0511 val_auc=0.7953 best=0.7953 patience=0/10 *
    [gnn] epoch 08/30: train_loss=1.0198 val_auc=0.8069 best=0.8069 patience=0/10 *
    [gnn] epoch 09/30: train_loss=0.9639 val_auc=0.8108 best=0.8108 patience=0/10 *
    [gnn] epoch 10/30: train_loss=0.8822 val_auc=0.8042 best=0.8108 patience=1/10
    [gnn] epoch 11/30: train_loss=0.9466 val_auc=0.8084 best=0.8108 patience=2/10
    [gnn] epoch 12/30: train_loss=0.9557 val_auc=0.8217 best=0.8217 patience=0/10 *
    [gnn] epoch 13/30: train_loss=0.7707 val_auc=0.8305 best=0.8305 patience=0/10 *
    [gnn] epoch 14/30: train_loss=0.8504 val_auc=0.8278 best=0.8305 patience=1/10
    [gnn] epoch 15/30: train_loss=0.8377 val_auc=0.8209 best=0.8305 patience=2/10
    [gnn] epoch 16/30: train_loss=0.6402 val_auc=0.8125 best=0.8305 patience=3/10
    [gnn] epoch 17/30: train_loss=1.1062 val_auc=0.8087 best=0.8305 patience=4/10
    [gnn] epoch 18/30: train_loss=1.2749 val_auc=0.8115 best=0.8305 patience=5/10
    [gnn] epoch 19/30: train_loss=0.8753 val_auc=0.8138 best=0.8305 patience=6/10
    [gnn] epoch 20/30: train_loss=0.5350 val_auc=0.8169 best=0.8305 patience=7/10
    [gnn] epoch 21/30: train_loss=0.6914 val_auc=0.8171 best=0.8305 patience=8/10
    [gnn] epoch 22/30: train_loss=0.6821 val_auc=0.8170 best=0.8305 patience=9/10
    [gnn] epoch 23/30: train_loss=0.4599 val_auc=0.8126 best=0.8305 patience=10/10
    [gnn] early stop at epoch 23
  [gnn] fold 53/100: AUC=0.8305
    [gnn] epoch 01/30: train_loss=1.3255 val_auc=0.7444 best=0.7444 patience=0/10 *
    [gnn] epoch 02/30: train_loss=1.2587 val_auc=0.7526 best=0.7526 patience=0/10 *
    [gnn] epoch 03/30: train_loss=1.1911 val_auc=0.7798 best=0.7798 patience=0/10 *
    [gnn] epoch 04/30: train_loss=1.1598 val_auc=0.7870 best=0.7870 patience=0/10 *
    [gnn] epoch 05/30: train_loss=1.0421 val_auc=0.7929 best=0.7929 patience=0/10 *
    [gnn] epoch 06/30: train_loss=1.0400 val_auc=0.8003 best=0.8003 patience=0/10 *
    [gnn] epoch 07/30: train_loss=0.9966 val_auc=0.7995 best=0.8003 patience=1/10
    [gnn] epoch 08/30: train_loss=0.8865 val_auc=0.7918 best=0.8003 patience=2/10
    [gnn] epoch 09/30: train_loss=1.1093 val_auc=0.7995 best=0.8003 patience=3/10
    [gnn] epoch 10/30: train_loss=1.0184 val_auc=0.8118 best=0.8118 patience=0/10 *
    [gnn] epoch 11/30: train_loss=0.8575 val_auc=0.8141 best=0.8141 patience=0/10 *
    [gnn] epoch 12/30: train_loss=0.8237 val_auc=0.8126 best=0.8141 patience=1/10
    [gnn] epoch 13/30: train_loss=0.7913 val_auc=0.8175 best=0.8175 patience=0/10 *
    [gnn] epoch 14/30: train_loss=0.6995 val_auc=0.8237 best=0.8237 patience=0/10 *
    [gnn] epoch 15/30: train_loss=0.7518 val_auc=0.8254 best=0.8254 patience=0/10 *
    [gnn] epoch 16/30: train_loss=0.6783 val_auc=0.8250 best=0.8254 patience=1/10
    [gnn] epoch 17/30: train_loss=0.7358 val_auc=0.8301 best=0.8301 patience=0/10 *
    [gnn] epoch 18/30: train_loss=0.6729 val_auc=0.8330 best=0.8330 patience=0/10 *
    [gnn] epoch 19/30: train_loss=0.5848 val_auc=0.8355 best=0.8355 patience=0/10 *
    [gnn] epoch 20/30: train_loss=0.5405 val_auc=0.8391 best=0.8391 patience=0/10 *
    [gnn] epoch 21/30: train_loss=0.6506 val_auc=0.8423 best=0.8423 patience=0/10 *
    [gnn] epoch 22/30: train_loss=0.5570 val_auc=0.8423 best=0.8423 patience=1/10
    [gnn] epoch 23/30: train_loss=0.4316 val_auc=0.8475 best=0.8475 patience=0/10 *
    [gnn] epoch 24/30: train_loss=0.4145 val_auc=0.8517 best=0.8517 patience=0/10 *
    [gnn] epoch 25/30: train_loss=0.5451 val_auc=0.8537 best=0.8537 patience=0/10 *
    [gnn] epoch 26/30: train_loss=0.4676 val_auc=0.8551 best=0.8551 patience=0/10 *
    [gnn] epoch 27/30: train_loss=0.3343 val_auc=0.8585 best=0.8585 patience=0/10 *
    [gnn] epoch 28/30: train_loss=0.3130 val_auc=0.8624 best=0.8624 patience=0/10 *
    [gnn] epoch 29/30: train_loss=0.3785 val_auc=0.8662 best=0.8662 patience=0/10 *
    [gnn] epoch 30/30: train_loss=0.3530 val_auc=0.8658 best=0.8662 patience=1/10
  [gnn] fold 54/100: AUC=0.8662
    [gnn] epoch 01/30: train_loss=1.3175 val_auc=0.6915 best=0.6915 patience=0/10 *
    [gnn] epoch 02/30: train_loss=1.2432 val_auc=0.6898 best=0.6915 patience=1/10
    [gnn] epoch 03/30: train_loss=1.1890 val_auc=0.7106 best=0.7106 patience=0/10 *
    [gnn] epoch 04/30: train_loss=1.1055 val_auc=0.7204 best=0.7204 patience=0/10 *
    [gnn] epoch 05/30: train_loss=1.1066 val_auc=0.7407 best=0.7407 patience=0/10 *
    [gnn] epoch 06/30: train_loss=0.9897 val_auc=0.7522 best=0.7522 patience=0/10 *
    [gnn] epoch 07/30: train_loss=1.0099 val_auc=0.7550 best=0.7550 patience=0/10 *
    [gnn] epoch 08/30: train_loss=0.9090 val_auc=0.7539 best=0.7550 patience=1/10
    [gnn] epoch 09/30: train_loss=0.8235 val_auc=0.7563 best=0.7563 patience=0/10 *
    [gnn] epoch 10/30: train_loss=0.7674 val_auc=0.7596 best=0.7596 patience=0/10 *
    [gnn] epoch 11/30: train_loss=0.8016 val_auc=0.7599 best=0.7599 patience=0/10 *
    [gnn] epoch 12/30: train_loss=0.6895 val_auc=0.7647 best=0.7647 patience=0/10 *
    [gnn] epoch 13/30: train_loss=0.6494 val_auc=0.7681 best=0.7681 patience=0/10 *
    [gnn] epoch 14/30: train_loss=0.7326 val_auc=0.7690 best=0.7690 patience=0/10 *
    [gnn] epoch 15/30: train_loss=0.5699 val_auc=0.7709 best=0.7709 patience=0/10 *
    [gnn] epoch 16/30: train_loss=0.7939 val_auc=0.7736 best=0.7736 patience=0/10 *
    [gnn] epoch 17/30: train_loss=0.7406 val_auc=0.7736 best=0.7736 patience=1/10
    [gnn] epoch 18/30: train_loss=0.5179 val_auc=0.7738 best=0.7738 patience=0/10 *
    [gnn] epoch 19/30: train_loss=0.4851 val_auc=0.7740 best=0.7740 patience=0/10 *
    [gnn] epoch 20/30: train_loss=0.5296 val_auc=0.7729 best=0.7740 patience=1/10
    [gnn] epoch 21/30: train_loss=0.4714 val_auc=0.7747 best=0.7747 patience=0/10 *
    [gnn] epoch 22/30: train_loss=0.6023 val_auc=0.7733 best=0.7747 patience=1/10
    [gnn] epoch 23/30: train_loss=0.6000 val_auc=0.7725 best=0.7747 patience=2/10
    [gnn] epoch 24/30: train_loss=0.4122 val_auc=0.7692 best=0.7747 patience=3/10
    [gnn] epoch 25/30: train_loss=0.6364 val_auc=0.7690 best=0.7747 patience=4/10
    [gnn] epoch 26/30: train_loss=0.7533 val_auc=0.7677 best=0.7747 patience=5/10
    [gnn] epoch 27/30: train_loss=0.4797 val_auc=0.7692 best=0.7747 patience=6/10
    [gnn] epoch 28/30: train_loss=0.4475 val_auc=0.7699 best=0.7747 patience=7/10
    [gnn] epoch 29/30: train_loss=0.5402 val_auc=0.7671 best=0.7747 patience=8/10
    [gnn] epoch 30/30: train_loss=0.3811 val_auc=0.7662 best=0.7747 patience=9/10
  [gnn] fold 55/100: AUC=0.7747
    [gnn] epoch 01/30: train_loss=1.3120 val_auc=0.7388 best=0.7388 patience=0/10 *
    [gnn] epoch 02/30: train_loss=1.2560 val_auc=0.6970 best=0.7388 patience=1/10
    [gnn] epoch 03/30: train_loss=1.2268 val_auc=0.7107 best=0.7388 patience=2/10
    [gnn] epoch 04/30: train_loss=1.1378 val_auc=0.7120 best=0.7388 patience=3/10
    [gnn] epoch 05/30: train_loss=1.0853 val_auc=0.7130 best=0.7388 patience=4/10
    [gnn] epoch 06/30: train_loss=1.0764 val_auc=0.7201 best=0.7388 patience=5/10
    [gnn] epoch 07/30: train_loss=0.9674 val_auc=0.7239 best=0.7388 patience=6/10
    [gnn] epoch 08/30: train_loss=1.0068 val_auc=0.7282 best=0.7388 patience=7/10
    [gnn] epoch 09/30: train_loss=0.9229 val_auc=0.7310 best=0.7388 patience=8/10
    [gnn] epoch 10/30: train_loss=0.9086 val_auc=0.7335 best=0.7388 patience=9/10
    [gnn] epoch 11/30: train_loss=0.8774 val_auc=0.7326 best=0.7388 patience=10/10
    [gnn] early stop at epoch 11
  [gnn] fold 56/100: AUC=0.7388
    [gnn] epoch 01/30: train_loss=1.3193 val_auc=0.7524 best=0.7524 patience=0/10 *
    [gnn] epoch 02/30: train_loss=1.2720 val_auc=0.7838 best=0.7838 patience=0/10 *
    [gnn] epoch 03/30: train_loss=1.2022 val_auc=0.7846 best=0.7846 patience=0/10 *
    [gnn] epoch 04/30: train_loss=1.1585 val_auc=0.7948 best=0.7948 patience=0/10 *
    [gnn] epoch 05/30: train_loss=1.0704 val_auc=0.7962 best=0.7962 patience=0/10 *
    [gnn] epoch 06/30: train_loss=1.0219 val_auc=0.7978 best=0.7978 patience=0/10 *
    [gnn] epoch 07/30: train_loss=0.9619 val_auc=0.8004 best=0.8004 patience=0/10 *
    [gnn] epoch 08/30: train_loss=0.8717 val_auc=0.8027 best=0.8027 patience=0/10 *
    [gnn] epoch 09/30: train_loss=0.7993 val_auc=0.7918 best=0.8027 patience=1/10
    [gnn] epoch 10/30: train_loss=0.9749 val_auc=0.7991 best=0.8027 patience=2/10
    [gnn] epoch 11/30: train_loss=0.7435 val_auc=0.8063 best=0.8063 patience=0/10 *
    [gnn] epoch 12/30: train_loss=0.9220 val_auc=0.8033 best=0.8063 patience=1/10
    [gnn] epoch 13/30: train_loss=0.9699 val_auc=0.7966 best=0.8063 patience=2/10
    [gnn] epoch 14/30: train_loss=0.6611 val_auc=0.7681 best=0.8063 patience=3/10
    [gnn] epoch 15/30: train_loss=1.4863 val_auc=0.7620 best=0.8063 patience=4/10
    [gnn] epoch 16/30: train_loss=2.0732 val_auc=0.7678 best=0.8063 patience=5/10
    [gnn] epoch 17/30: train_loss=1.2466 val_auc=0.7873 best=0.8063 patience=6/10
    [gnn] epoch 18/30: train_loss=0.5763 val_auc=0.7937 best=0.8063 patience=7/10
    [gnn] epoch 19/30: train_loss=0.9051 val_auc=0.7952 best=0.8063 patience=8/10
    [gnn] epoch 20/30: train_loss=1.1453 val_auc=0.7952 best=0.8063 patience=9/10
    [gnn] epoch 21/30: train_loss=1.0160 val_auc=0.7923 best=0.8063 patience=10/10
    [gnn] early stop at epoch 21
  [gnn] fold 57/100: AUC=0.8063
    [gnn] epoch 01/30: train_loss=1.3152 val_auc=0.7820 best=0.7820 patience=0/10 *
    [gnn] epoch 02/30: train_loss=1.2636 val_auc=0.7944 best=0.7944 patience=0/10 *
    [gnn] epoch 03/30: train_loss=1.2037 val_auc=0.8131 best=0.8131 patience=0/10 *
    [gnn] epoch 04/30: train_loss=1.1553 val_auc=0.8210 best=0.8210 patience=0/10 *
    [gnn] epoch 05/30: train_loss=1.0735 val_auc=0.8246 best=0.8246 patience=0/10 *
    [gnn] epoch 06/30: train_loss=1.0221 val_auc=0.8256 best=0.8256 patience=0/10 *
    [gnn] epoch 07/30: train_loss=0.9532 val_auc=0.8267 best=0.8267 patience=0/10 *
    [gnn] epoch 08/30: train_loss=0.9298 val_auc=0.8306 best=0.8306 patience=0/10 *
    [gnn] epoch 09/30: train_loss=0.8836 val_auc=0.8250 best=0.8306 patience=1/10
    [gnn] epoch 10/30: train_loss=0.8652 val_auc=0.8296 best=0.8306 patience=2/10
    [gnn] epoch 11/30: train_loss=0.8071 val_auc=0.8301 best=0.8306 patience=3/10
    [gnn] epoch 12/30: train_loss=0.7314 val_auc=0.8362 best=0.8362 patience=0/10 *
    [gnn] epoch 13/30: train_loss=0.7127 val_auc=0.8369 best=0.8369 patience=0/10 *
    [gnn] epoch 14/30: train_loss=0.6805 val_auc=0.8396 best=0.8396 patience=0/10 *
    [gnn] epoch 15/30: train_loss=0.5944 val_auc=0.8374 best=0.8396 patience=1/10
    [gnn] epoch 16/30: train_loss=0.5431 val_auc=0.8376 best=0.8396 patience=2/10
    [gnn] epoch 17/30: train_loss=0.4864 val_auc=0.8369 best=0.8396 patience=3/10
    [gnn] epoch 18/30: train_loss=0.5207 val_auc=0.8392 best=0.8396 patience=4/10
    [gnn] epoch 19/30: train_loss=0.4345 val_auc=0.8371 best=0.8396 patience=5/10
    [gnn] epoch 20/30: train_loss=0.4210 val_auc=0.8357 best=0.8396 patience=6/10
    [gnn] epoch 21/30: train_loss=0.4056 val_auc=0.8330 best=0.8396 patience=7/10
    [gnn] epoch 22/30: train_loss=0.3163 val_auc=0.8297 best=0.8396 patience=8/10
    [gnn] epoch 23/30: train_loss=0.3370 val_auc=0.8295 best=0.8396 patience=9/10
    [gnn] epoch 24/30: train_loss=0.3265 val_auc=0.8246 best=0.8396 patience=10/10
    [gnn] early stop at epoch 24
  [gnn] fold 58/100: AUC=0.8396
    [gnn] epoch 01/30: train_loss=1.3177 val_auc=0.7508 best=0.7508 patience=0/10 *
    [gnn] epoch 02/30: train_loss=1.2409 val_auc=0.7571 best=0.7571 patience=0/10 *
    [gnn] epoch 03/30: train_loss=1.1932 val_auc=0.7694 best=0.7694 patience=0/10 *
    [gnn] epoch 04/30: train_loss=1.1370 val_auc=0.7657 best=0.7694 patience=1/10
    [gnn] epoch 05/30: train_loss=1.1617 val_auc=0.7704 best=0.7704 patience=0/10 *
    [gnn] epoch 06/30: train_loss=0.9905 val_auc=0.7839 best=0.7839 patience=0/10 *
    [gnn] epoch 07/30: train_loss=1.0525 val_auc=0.7903 best=0.7903 patience=0/10 *
    [gnn] epoch 08/30: train_loss=0.9648 val_auc=0.7812 best=0.7903 patience=1/10
    [gnn] epoch 09/30: train_loss=0.9280 val_auc=0.7836 best=0.7903 patience=2/10
    [gnn] epoch 10/30: train_loss=0.8858 val_auc=0.7880 best=0.7903 patience=3/10
    [gnn] epoch 11/30: train_loss=0.8204 val_auc=0.7889 best=0.7903 patience=4/10
    [gnn] epoch 12/30: train_loss=0.7419 val_auc=0.7873 best=0.7903 patience=5/10
    [gnn] epoch 13/30: train_loss=0.8639 val_auc=0.7890 best=0.7903 patience=6/10
    [gnn] epoch 14/30: train_loss=0.7947 val_auc=0.7920 best=0.7920 patience=0/10 *
    [gnn] epoch 15/30: train_loss=0.6539 val_auc=0.7927 best=0.7927 patience=0/10 *
    [gnn] epoch 16/30: train_loss=0.5969 val_auc=0.7954 best=0.7954 patience=0/10 *
    [gnn] epoch 17/30: train_loss=0.7042 val_auc=0.7982 best=0.7982 patience=0/10 *
    [gnn] epoch 18/30: train_loss=0.5746 val_auc=0.7986 best=0.7986 patience=0/10 *
    [gnn] epoch 19/30: train_loss=0.5334 val_auc=0.8018 best=0.8018 patience=0/10 *
    [gnn] epoch 20/30: train_loss=0.4953 val_auc=0.8021 best=0.8021 patience=0/10 *
    [gnn] epoch 21/30: train_loss=0.5818 val_auc=0.8039 best=0.8039 patience=0/10 *
    [gnn] epoch 22/30: train_loss=0.5496 val_auc=0.8034 best=0.8039 patience=1/10
    [gnn] epoch 23/30: train_loss=0.4208 val_auc=0.8031 best=0.8039 patience=2/10
    [gnn] epoch 24/30: train_loss=0.3773 val_auc=0.8004 best=0.8039 patience=3/10
    [gnn] epoch 25/30: train_loss=0.4686 val_auc=0.7999 best=0.8039 patience=4/10
    [gnn] epoch 26/30: train_loss=0.4575 val_auc=0.8008 best=0.8039 patience=5/10
    [gnn] epoch 27/30: train_loss=0.3453 val_auc=0.8000 best=0.8039 patience=6/10
    [gnn] epoch 28/30: train_loss=0.3013 val_auc=0.7988 best=0.8039 patience=7/10
    [gnn] epoch 29/30: train_loss=0.4107 val_auc=0.7979 best=0.8039 patience=8/10
    [gnn] epoch 30/30: train_loss=0.3468 val_auc=0.7944 best=0.8039 patience=9/10
  [gnn] fold 59/100: AUC=0.8039
    [gnn] epoch 01/30: train_loss=1.3252 val_auc=0.8151 best=0.8151 patience=0/10 *
    [gnn] epoch 02/30: train_loss=1.2490 val_auc=0.8352 best=0.8352 patience=0/10 *
    [gnn] epoch 03/30: train_loss=1.2036 val_auc=0.8440 best=0.8440 patience=0/10 *
    [gnn] epoch 04/30: train_loss=1.1481 val_auc=0.8501 best=0.8501 patience=0/10 *
    [gnn] epoch 05/30: train_loss=1.0564 val_auc=0.8373 best=0.8501 patience=1/10
    [gnn] epoch 06/30: train_loss=1.1124 val_auc=0.8593 best=0.8593 patience=0/10 *
    [gnn] epoch 07/30: train_loss=1.0077 val_auc=0.8669 best=0.8669 patience=0/10 *
    [gnn] epoch 08/30: train_loss=0.8875 val_auc=0.8749 best=0.8749 patience=0/10 *
    [gnn] epoch 09/30: train_loss=0.8543 val_auc=0.8626 best=0.8749 patience=1/10
    [gnn] epoch 10/30: train_loss=1.0055 val_auc=0.8797 best=0.8797 patience=0/10 *
    [gnn] epoch 11/30: train_loss=0.8144 val_auc=0.8823 best=0.8823 patience=0/10 *
    [gnn] epoch 12/30: train_loss=0.9956 val_auc=0.8812 best=0.8823 patience=1/10
    [gnn] epoch 13/30: train_loss=1.0539 val_auc=0.8784 best=0.8823 patience=2/10
    [gnn] epoch 14/30: train_loss=0.7012 val_auc=0.8529 best=0.8823 patience=3/10
    [gnn] epoch 15/30: train_loss=1.2082 val_auc=0.8533 best=0.8823 patience=4/10
    [gnn] epoch 16/30: train_loss=1.6575 val_auc=0.8611 best=0.8823 patience=5/10
    [gnn] epoch 17/30: train_loss=1.2190 val_auc=0.8849 best=0.8849 patience=0/10 *
    [gnn] epoch 18/30: train_loss=0.6733 val_auc=0.8908 best=0.8908 patience=0/10 *
    [gnn] epoch 19/30: train_loss=0.8435 val_auc=0.8927 best=0.8927 patience=0/10 *
    [gnn] epoch 20/30: train_loss=0.9988 val_auc=0.8932 best=0.8932 patience=0/10 *
    [gnn] epoch 21/30: train_loss=0.8865 val_auc=0.8904 best=0.8932 patience=1/10
    [gnn] epoch 22/30: train_loss=0.6420 val_auc=0.8768 best=0.8932 patience=2/10
    [gnn] epoch 23/30: train_loss=0.8804 val_auc=0.8665 best=0.8932 patience=3/10
    [gnn] epoch 24/30: train_loss=1.2015 val_auc=0.8734 best=0.8932 patience=4/10
    [gnn] epoch 25/30: train_loss=1.0244 val_auc=0.8901 best=0.8932 patience=5/10
    [gnn] epoch 26/30: train_loss=0.6891 val_auc=0.8949 best=0.8949 patience=0/10 *
    [gnn] epoch 27/30: train_loss=0.6086 val_auc=0.8962 best=0.8962 patience=0/10 *
    [gnn] epoch 28/30: train_loss=0.6301 val_auc=0.8935 best=0.8962 patience=1/10
    [gnn] epoch 29/30: train_loss=0.5761 val_auc=0.8897 best=0.8962 patience=2/10
    [gnn] epoch 30/30: train_loss=0.4875 val_auc=0.8889 best=0.8962 patience=3/10
  [gnn] fold 60/100: AUC=0.8962
    [gnn] epoch 01/30: train_loss=1.3144 val_auc=0.7882 best=0.7882 patience=0/10 *
    [gnn] epoch 02/30: train_loss=1.2668 val_auc=0.8085 best=0.8085 patience=0/10 *
    [gnn] epoch 03/30: train_loss=1.2242 val_auc=0.8502 best=0.8502 patience=0/10 *
    [gnn] epoch 04/30: train_loss=1.1525 val_auc=0.8628 best=0.8628 patience=0/10 *
    [gnn] epoch 05/30: train_loss=1.0563 val_auc=0.8500 best=0.8628 patience=1/10
    [gnn] epoch 06/30: train_loss=1.1215 val_auc=0.8611 best=0.8628 patience=2/10
    [gnn] epoch 07/30: train_loss=0.9687 val_auc=0.8616 best=0.8628 patience=3/10
    [gnn] epoch 08/30: train_loss=0.9719 val_auc=0.8545 best=0.8628 patience=4/10
    [gnn] epoch 09/30: train_loss=0.8571 val_auc=0.8596 best=0.8628 patience=5/10
    [gnn] epoch 10/30: train_loss=0.8050 val_auc=0.8630 best=0.8630 patience=0/10 *
    [gnn] epoch 11/30: train_loss=0.8097 val_auc=0.8598 best=0.8630 patience=1/10
    [gnn] epoch 12/30: train_loss=0.7705 val_auc=0.8642 best=0.8642 patience=0/10 *
    [gnn] epoch 13/30: train_loss=0.6821 val_auc=0.8676 best=0.8676 patience=0/10 *
    [gnn] epoch 14/30: train_loss=0.7382 val_auc=0.8689 best=0.8689 patience=0/10 *
    [gnn] epoch 15/30: train_loss=0.5788 val_auc=0.8568 best=0.8689 patience=1/10
    [gnn] epoch 16/30: train_loss=1.1108 val_auc=0.8503 best=0.8689 patience=2/10
    [gnn] epoch 17/30: train_loss=1.4055 val_auc=0.8636 best=0.8689 patience=3/10
    [gnn] epoch 18/30: train_loss=0.7542 val_auc=0.8631 best=0.8689 patience=4/10
    [gnn] epoch 19/30: train_loss=0.6285 val_auc=0.8606 best=0.8689 patience=5/10
    [gnn] epoch 20/30: train_loss=0.7431 val_auc=0.8591 best=0.8689 patience=6/10
    [gnn] epoch 21/30: train_loss=0.5297 val_auc=0.8559 best=0.8689 patience=7/10
    [gnn] epoch 22/30: train_loss=0.6455 val_auc=0.8517 best=0.8689 patience=8/10
    [gnn] epoch 23/30: train_loss=0.7934 val_auc=0.8494 best=0.8689 patience=9/10
    [gnn] epoch 24/30: train_loss=0.5397 val_auc=0.8494 best=0.8689 patience=10/10
    [gnn] early stop at epoch 24
  [gnn] fold 61/100: AUC=0.8689
    [gnn] epoch 01/30: train_loss=1.3214 val_auc=0.7196 best=0.7196 patience=0/10 *
    [gnn] epoch 02/30: train_loss=1.2589 val_auc=0.7477 best=0.7477 patience=0/10 *
    [gnn] epoch 03/30: train_loss=1.1933 val_auc=0.7450 best=0.7477 patience=1/10
    [gnn] epoch 04/30: train_loss=1.1366 val_auc=0.7489 best=0.7489 patience=0/10 *
    [gnn] epoch 05/30: train_loss=1.1470 val_auc=0.7636 best=0.7636 patience=0/10 *
    [gnn] epoch 06/30: train_loss=1.0077 val_auc=0.7729 best=0.7729 patience=0/10 *
    [gnn] epoch 07/30: train_loss=0.9270 val_auc=0.7825 best=0.7825 patience=0/10 *
    [gnn] epoch 08/30: train_loss=0.8902 val_auc=0.7929 best=0.7929 patience=0/10 *
    [gnn] epoch 09/30: train_loss=0.8239 val_auc=0.8043 best=0.8043 patience=0/10 *
    [gnn] epoch 10/30: train_loss=0.8218 val_auc=0.8155 best=0.8155 patience=0/10 *
    [gnn] epoch 11/30: train_loss=0.7312 val_auc=0.8212 best=0.8212 patience=0/10 *
    [gnn] epoch 12/30: train_loss=0.6749 val_auc=0.8261 best=0.8261 patience=0/10 *
    [gnn] epoch 13/30: train_loss=0.6863 val_auc=0.8229 best=0.8261 patience=1/10
    [gnn] epoch 14/30: train_loss=0.6971 val_auc=0.8261 best=0.8261 patience=2/10
    [gnn] epoch 15/30: train_loss=0.5672 val_auc=0.8288 best=0.8288 patience=0/10 *
    [gnn] epoch 16/30: train_loss=0.7800 val_auc=0.8295 best=0.8295 patience=0/10 *
    [gnn] epoch 17/30: train_loss=0.7758 val_auc=0.8272 best=0.8295 patience=1/10
    [gnn] epoch 18/30: train_loss=0.4643 val_auc=0.8206 best=0.8295 patience=2/10
    [gnn] epoch 19/30: train_loss=1.0054 val_auc=0.8197 best=0.8295 patience=3/10
    [gnn] epoch 20/30: train_loss=0.9093 val_auc=0.8240 best=0.8295 patience=4/10
    [gnn] epoch 21/30: train_loss=0.3991 val_auc=0.8277 best=0.8295 patience=5/10
    [gnn] epoch 22/30: train_loss=0.7607 val_auc=0.8251 best=0.8295 patience=6/10
    [gnn] epoch 23/30: train_loss=0.9214 val_auc=0.8261 best=0.8295 patience=7/10
    [gnn] epoch 24/30: train_loss=0.6308 val_auc=0.8247 best=0.8295 patience=8/10
    [gnn] epoch 25/30: train_loss=0.3893 val_auc=0.8235 best=0.8295 patience=9/10
    [gnn] epoch 26/30: train_loss=0.4998 val_auc=0.8242 best=0.8295 patience=10/10
    [gnn] early stop at epoch 26
  [gnn] fold 62/100: AUC=0.8295
    [gnn] epoch 01/30: train_loss=1.3155 val_auc=0.6805 best=0.6805 patience=0/10 *
    [gnn] epoch 02/30: train_loss=1.2528 val_auc=0.7340 best=0.7340 patience=0/10 *
    [gnn] epoch 03/30: train_loss=1.2086 val_auc=0.7412 best=0.7412 patience=0/10 *
    [gnn] epoch 04/30: train_loss=1.1439 val_auc=0.7539 best=0.7539 patience=0/10 *
    [gnn] epoch 05/30: train_loss=1.0758 val_auc=0.7528 best=0.7539 patience=1/10
    [gnn] epoch 06/30: train_loss=1.1660 val_auc=0.7650 best=0.7650 patience=0/10 *
    [gnn] epoch 07/30: train_loss=1.0023 val_auc=0.7649 best=0.7650 patience=1/10
    [gnn] epoch 08/30: train_loss=0.9960 val_auc=0.7664 best=0.7664 patience=0/10 *
    [gnn] epoch 09/30: train_loss=0.9534 val_auc=0.7676 best=0.7676 patience=0/10 *
    [gnn] epoch 10/30: train_loss=0.8227 val_auc=0.7685 best=0.7685 patience=0/10 *
    [gnn] epoch 11/30: train_loss=0.7881 val_auc=0.7683 best=0.7685 patience=1/10
    [gnn] epoch 12/30: train_loss=0.7636 val_auc=0.7663 best=0.7685 patience=2/10
    [gnn] epoch 13/30: train_loss=0.6914 val_auc=0.7660 best=0.7685 patience=3/10
    [gnn] epoch 14/30: train_loss=0.6615 val_auc=0.7664 best=0.7685 patience=4/10
    [gnn] epoch 15/30: train_loss=0.5791 val_auc=0.7676 best=0.7685 patience=5/10
    [gnn] epoch 16/30: train_loss=0.5766 val_auc=0.7695 best=0.7695 patience=0/10 *
    [gnn] epoch 17/30: train_loss=0.5174 val_auc=0.7709 best=0.7709 patience=0/10 *
    [gnn] epoch 18/30: train_loss=0.4656 val_auc=0.7713 best=0.7713 patience=0/10 *
    [gnn] epoch 19/30: train_loss=0.4721 val_auc=0.7719 best=0.7719 patience=0/10 *
    [gnn] epoch 20/30: train_loss=0.4700 val_auc=0.7741 best=0.7741 patience=0/10 *
    [gnn] epoch 21/30: train_loss=0.3940 val_auc=0.7730 best=0.7741 patience=1/10
    [gnn] epoch 22/30: train_loss=0.3955 val_auc=0.7737 best=0.7741 patience=2/10
    [gnn] epoch 23/30: train_loss=0.3120 val_auc=0.7701 best=0.7741 patience=3/10
    [gnn] epoch 24/30: train_loss=0.3391 val_auc=0.7737 best=0.7741 patience=4/10
    [gnn] epoch 25/30: train_loss=0.2774 val_auc=0.7726 best=0.7741 patience=5/10
    [gnn] epoch 26/30: train_loss=0.2490 val_auc=0.7725 best=0.7741 patience=6/10
    [gnn] epoch 27/30: train_loss=0.2773 val_auc=0.7715 best=0.7741 patience=7/10
    [gnn] epoch 28/30: train_loss=0.2077 val_auc=0.7719 best=0.7741 patience=8/10
    [gnn] epoch 29/30: train_loss=0.1986 val_auc=0.7731 best=0.7741 patience=9/10
    [gnn] epoch 30/30: train_loss=0.2670 val_auc=0.7718 best=0.7741 patience=10/10
    [gnn] early stop at epoch 30
  [gnn] fold 63/100: AUC=0.7741
    [gnn] epoch 01/30: train_loss=1.3314 val_auc=0.6340 best=0.6340 patience=0/10 *
    [gnn] epoch 02/30: train_loss=1.2540 val_auc=0.6478 best=0.6478 patience=0/10 *
    [gnn] epoch 03/30: train_loss=1.2017 val_auc=0.6555 best=0.6555 patience=0/10 *
    [gnn] epoch 04/30: train_loss=1.1919 val_auc=0.6813 best=0.6813 patience=0/10 *
    [gnn] epoch 05/30: train_loss=1.0955 val_auc=0.7098 best=0.7098 patience=0/10 *
    [gnn] epoch 06/30: train_loss=1.0170 val_auc=0.7374 best=0.7374 patience=0/10 *
    [gnn] epoch 07/30: train_loss=1.0273 val_auc=0.7599 best=0.7599 patience=0/10 *
    [gnn] epoch 08/30: train_loss=0.8745 val_auc=0.7613 best=0.7613 patience=0/10 *
    [gnn] epoch 09/30: train_loss=1.0521 val_auc=0.7691 best=0.7691 patience=0/10 *
    [gnn] epoch 10/30: train_loss=0.9905 val_auc=0.7843 best=0.7843 patience=0/10 *
    [gnn] epoch 11/30: train_loss=0.8239 val_auc=0.7891 best=0.7891 patience=0/10 *
    [gnn] epoch 12/30: train_loss=0.7409 val_auc=0.7857 best=0.7891 patience=1/10
    [gnn] epoch 13/30: train_loss=0.7524 val_auc=0.7851 best=0.7891 patience=2/10
    [gnn] epoch 14/30: train_loss=0.6882 val_auc=0.7902 best=0.7902 patience=0/10 *
    [gnn] epoch 15/30: train_loss=0.9755 val_auc=0.7826 best=0.7902 patience=1/10
    [gnn] epoch 16/30: train_loss=0.9301 val_auc=0.7698 best=0.7902 patience=2/10
    [gnn] epoch 17/30: train_loss=0.6499 val_auc=0.7647 best=0.7902 patience=3/10
    [gnn] epoch 18/30: train_loss=0.8013 val_auc=0.7635 best=0.7902 patience=4/10
    [gnn] epoch 19/30: train_loss=0.9159 val_auc=0.7626 best=0.7902 patience=5/10
    [gnn] epoch 20/30: train_loss=0.7279 val_auc=0.7653 best=0.7902 patience=6/10
    [gnn] epoch 21/30: train_loss=0.5592 val_auc=0.7628 best=0.7902 patience=7/10
    [gnn] epoch 22/30: train_loss=0.5999 val_auc=0.7620 best=0.7902 patience=8/10
    [gnn] epoch 23/30: train_loss=0.4802 val_auc=0.7573 best=0.7902 patience=9/10
    [gnn] epoch 24/30: train_loss=0.5336 val_auc=0.7594 best=0.7902 patience=10/10
    [gnn] early stop at epoch 24
  [gnn] fold 64/100: AUC=0.7902
    [gnn] epoch 01/30: train_loss=1.3158 val_auc=0.6678 best=0.6678 patience=0/10 *
    [gnn] epoch 02/30: train_loss=1.2761 val_auc=0.7492 best=0.7492 patience=0/10 *
    [gnn] epoch 03/30: train_loss=1.2278 val_auc=0.7627 best=0.7627 patience=0/10 *
    [gnn] epoch 04/30: train_loss=1.1552 val_auc=0.7703 best=0.7703 patience=0/10 *
    [gnn] epoch 05/30: train_loss=1.0882 val_auc=0.7654 best=0.7703 patience=1/10
    [gnn] epoch 06/30: train_loss=1.0830 val_auc=0.7696 best=0.7703 patience=2/10
    [gnn] epoch 07/30: train_loss=0.9732 val_auc=0.7694 best=0.7703 patience=3/10
    [gnn] epoch 08/30: train_loss=0.9426 val_auc=0.7781 best=0.7781 patience=0/10 *
    [gnn] epoch 09/30: train_loss=0.8777 val_auc=0.7750 best=0.7781 patience=1/10
    [gnn] epoch 10/30: train_loss=0.8539 val_auc=0.7812 best=0.7812 patience=0/10 *
    [gnn] epoch 11/30: train_loss=0.8054 val_auc=0.7785 best=0.7812 patience=1/10
    [gnn] epoch 12/30: train_loss=0.7364 val_auc=0.7842 best=0.7842 patience=0/10 *
    [gnn] epoch 13/30: train_loss=0.6918 val_auc=0.7795 best=0.7842 patience=1/10
    [gnn] epoch 14/30: train_loss=0.6622 val_auc=0.7847 best=0.7847 patience=0/10 *
    [gnn] epoch 15/30: train_loss=0.6008 val_auc=0.7844 best=0.7847 patience=1/10
    [gnn] epoch 16/30: train_loss=0.6342 val_auc=0.7857 best=0.7857 patience=0/10 *
    [gnn] epoch 17/30: train_loss=0.5410 val_auc=0.7887 best=0.7887 patience=0/10 *
    [gnn] epoch 18/30: train_loss=0.4766 val_auc=0.7992 best=0.7992 patience=0/10 *
    [gnn] epoch 19/30: train_loss=0.4729 val_auc=0.8013 best=0.8013 patience=0/10 *
    [gnn] epoch 20/30: train_loss=0.4421 val_auc=0.8060 best=0.8060 patience=0/10 *
    [gnn] epoch 21/30: train_loss=0.3815 val_auc=0.8043 best=0.8060 patience=1/10
    [gnn] epoch 22/30: train_loss=0.4730 val_auc=0.8080 best=0.8080 patience=0/10 *
    [gnn] epoch 23/30: train_loss=0.3520 val_auc=0.8119 best=0.8119 patience=0/10 *
    [gnn] epoch 24/30: train_loss=0.5345 val_auc=0.8126 best=0.8126 patience=0/10 *
    [gnn] epoch 25/30: train_loss=0.5102 val_auc=0.8103 best=0.8126 patience=1/10
    [gnn] epoch 26/30: train_loss=0.2978 val_auc=0.8096 best=0.8126 patience=2/10
    [gnn] epoch 27/30: train_loss=0.2824 val_auc=0.8111 best=0.8126 patience=3/10
    [gnn] epoch 28/30: train_loss=0.3404 val_auc=0.8105 best=0.8126 patience=4/10
    [gnn] epoch 29/30: train_loss=0.2748 val_auc=0.8050 best=0.8126 patience=5/10
    [gnn] epoch 30/30: train_loss=0.4058 val_auc=0.8041 best=0.8126 patience=6/10
  [gnn] fold 65/100: AUC=0.8126
    [gnn] epoch 01/30: train_loss=1.3276 val_auc=0.6936 best=0.6936 patience=0/10 *
    [gnn] epoch 02/30: train_loss=1.2828 val_auc=0.7464 best=0.7464 patience=0/10 *
    [gnn] epoch 03/30: train_loss=1.2283 val_auc=0.7365 best=0.7464 patience=1/10
    [gnn] epoch 04/30: train_loss=1.1738 val_auc=0.7536 best=0.7536 patience=0/10 *
    [gnn] epoch 05/30: train_loss=1.1360 val_auc=0.7595 best=0.7595 patience=0/10 *
    [gnn] epoch 06/30: train_loss=1.0382 val_auc=0.7641 best=0.7641 patience=0/10 *
    [gnn] epoch 07/30: train_loss=0.9822 val_auc=0.7639 best=0.7641 patience=1/10
    [gnn] epoch 08/30: train_loss=0.9676 val_auc=0.7584 best=0.7641 patience=2/10
    [gnn] epoch 09/30: train_loss=1.0347 val_auc=0.7684 best=0.7684 patience=0/10 *
    [gnn] epoch 10/30: train_loss=0.8563 val_auc=0.7765 best=0.7765 patience=0/10 *
    [gnn] epoch 11/30: train_loss=1.0098 val_auc=0.7787 best=0.7787 patience=0/10 *
    [gnn] epoch 12/30: train_loss=0.9851 val_auc=0.7796 best=0.7796 patience=0/10 *
    [gnn] epoch 13/30: train_loss=0.7471 val_auc=0.7696 best=0.7796 patience=1/10
    [gnn] epoch 14/30: train_loss=0.9627 val_auc=0.7747 best=0.7796 patience=2/10
    [gnn] epoch 15/30: train_loss=0.8866 val_auc=0.7806 best=0.7806 patience=0/10 *
    [gnn] epoch 16/30: train_loss=0.6591 val_auc=0.7831 best=0.7831 patience=0/10 *
    [gnn] epoch 17/30: train_loss=0.6532 val_auc=0.7806 best=0.7831 patience=1/10
    [gnn] epoch 18/30: train_loss=0.6920 val_auc=0.7837 best=0.7837 patience=0/10 *
    [gnn] epoch 19/30: train_loss=0.6436 val_auc=0.7888 best=0.7888 patience=0/10 *
    [gnn] epoch 20/30: train_loss=0.5898 val_auc=0.7907 best=0.7907 patience=0/10 *
    [gnn] epoch 21/30: train_loss=0.5339 val_auc=0.7882 best=0.7907 patience=1/10
    [gnn] epoch 22/30: train_loss=0.5889 val_auc=0.7866 best=0.7907 patience=2/10
    [gnn] epoch 23/30: train_loss=0.5105 val_auc=0.7870 best=0.7907 patience=3/10
    [gnn] epoch 24/30: train_loss=0.4635 val_auc=0.7862 best=0.7907 patience=4/10
    [gnn] epoch 25/30: train_loss=0.4409 val_auc=0.7828 best=0.7907 patience=5/10
    [gnn] epoch 26/30: train_loss=0.5283 val_auc=0.7802 best=0.7907 patience=6/10
    [gnn] epoch 27/30: train_loss=0.4453 val_auc=0.7807 best=0.7907 patience=7/10
    [gnn] epoch 28/30: train_loss=0.3554 val_auc=0.7787 best=0.7907 patience=8/10
    [gnn] epoch 29/30: train_loss=0.3292 val_auc=0.7786 best=0.7907 patience=9/10
    [gnn] epoch 30/30: train_loss=0.4228 val_auc=0.7769 best=0.7907 patience=10/10
    [gnn] early stop at epoch 30
  [gnn] fold 66/100: AUC=0.7907
    [gnn] epoch 01/30: train_loss=1.3100 val_auc=0.8052 best=0.8052 patience=0/10 *
    [gnn] epoch 02/30: train_loss=1.2276 val_auc=0.7989 best=0.8052 patience=1/10
    [gnn] epoch 03/30: train_loss=1.1632 val_auc=0.8052 best=0.8052 patience=2/10
    [gnn] epoch 04/30: train_loss=1.1441 val_auc=0.8087 best=0.8087 patience=0/10 *
    [gnn] epoch 05/30: train_loss=1.0559 val_auc=0.8100 best=0.8100 patience=0/10 *
    [gnn] epoch 06/30: train_loss=1.0414 val_auc=0.8115 best=0.8115 patience=0/10 *
    [gnn] epoch 07/30: train_loss=0.9419 val_auc=0.8099 best=0.8115 patience=1/10
    [gnn] epoch 08/30: train_loss=0.8407 val_auc=0.8116 best=0.8116 patience=0/10 *
    [gnn] epoch 09/30: train_loss=0.8169 val_auc=0.8126 best=0.8126 patience=0/10 *
    [gnn] epoch 10/30: train_loss=0.7939 val_auc=0.8087 best=0.8126 patience=1/10
    [gnn] epoch 11/30: train_loss=0.7723 val_auc=0.8125 best=0.8126 patience=2/10
    [gnn] epoch 12/30: train_loss=0.6716 val_auc=0.8118 best=0.8126 patience=3/10
    [gnn] epoch 13/30: train_loss=0.8668 val_auc=0.8120 best=0.8126 patience=4/10
    [gnn] epoch 14/30: train_loss=0.8486 val_auc=0.8108 best=0.8126 patience=5/10
    [gnn] epoch 15/30: train_loss=0.5812 val_auc=0.8109 best=0.8126 patience=6/10
    [gnn] epoch 16/30: train_loss=0.8019 val_auc=0.8140 best=0.8140 patience=0/10 *
    [gnn] epoch 17/30: train_loss=0.6279 val_auc=0.8158 best=0.8158 patience=0/10 *
    [gnn] epoch 18/30: train_loss=0.5454 val_auc=0.8166 best=0.8166 patience=0/10 *
    [gnn] epoch 19/30: train_loss=0.5225 val_auc=0.8139 best=0.8166 patience=1/10
    [gnn] epoch 20/30: train_loss=0.5544 val_auc=0.8134 best=0.8166 patience=2/10
    [gnn] epoch 21/30: train_loss=0.4755 val_auc=0.8165 best=0.8166 patience=3/10
    [gnn] epoch 22/30: train_loss=0.4228 val_auc=0.8180 best=0.8180 patience=0/10 *
    [gnn] epoch 23/30: train_loss=0.3921 val_auc=0.8175 best=0.8180 patience=1/10
    [gnn] epoch 24/30: train_loss=0.5110 val_auc=0.8189 best=0.8189 patience=0/10 *
    [gnn] epoch 25/30: train_loss=0.4719 val_auc=0.8201 best=0.8201 patience=0/10 *
    [gnn] epoch 26/30: train_loss=0.3438 val_auc=0.8211 best=0.8211 patience=0/10 *
    [gnn] epoch 27/30: train_loss=0.3282 val_auc=0.8194 best=0.8211 patience=1/10
    [gnn] epoch 28/30: train_loss=0.4195 val_auc=0.8202 best=0.8211 patience=2/10
    [gnn] epoch 29/30: train_loss=0.3597 val_auc=0.8210 best=0.8211 patience=3/10
    [gnn] epoch 30/30: train_loss=0.2868 val_auc=0.8194 best=0.8211 patience=4/10
  [gnn] fold 67/100: AUC=0.8211
    [gnn] epoch 01/30: train_loss=1.3290 val_auc=0.7177 best=0.7177 patience=0/10 *
    [gnn] epoch 02/30: train_loss=1.2774 val_auc=0.7422 best=0.7422 patience=0/10 *
    [gnn] epoch 03/30: train_loss=1.2194 val_auc=0.7564 best=0.7564 patience=0/10 *
    [gnn] epoch 04/30: train_loss=1.1557 val_auc=0.7711 best=0.7711 patience=0/10 *
    [gnn] epoch 05/30: train_loss=1.1109 val_auc=0.7807 best=0.7807 patience=0/10 *
    [gnn] epoch 06/30: train_loss=1.0576 val_auc=0.7892 best=0.7892 patience=0/10 *
    [gnn] epoch 07/30: train_loss=0.9586 val_auc=0.8009 best=0.8009 patience=0/10 *
    [gnn] epoch 08/30: train_loss=0.9068 val_auc=0.8052 best=0.8052 patience=0/10 *
    [gnn] epoch 09/30: train_loss=0.8556 val_auc=0.8020 best=0.8052 patience=1/10
    [gnn] epoch 10/30: train_loss=0.8805 val_auc=0.8091 best=0.8091 patience=0/10 *
    [gnn] epoch 11/30: train_loss=0.7574 val_auc=0.8131 best=0.8131 patience=0/10 *
    [gnn] epoch 12/30: train_loss=0.9409 val_auc=0.8148 best=0.8148 patience=0/10 *
    [gnn] epoch 13/30: train_loss=0.9377 val_auc=0.8131 best=0.8148 patience=1/10
    [gnn] epoch 14/30: train_loss=0.6640 val_auc=0.8156 best=0.8156 patience=0/10 *
    [gnn] epoch 15/30: train_loss=0.7655 val_auc=0.8197 best=0.8197 patience=0/10 *
    [gnn] epoch 16/30: train_loss=0.6026 val_auc=0.8235 best=0.8235 patience=0/10 *
    [gnn] epoch 17/30: train_loss=0.8008 val_auc=0.8257 best=0.8257 patience=0/10 *
    [gnn] epoch 18/30: train_loss=0.7718 val_auc=0.8240 best=0.8257 patience=1/10
    [gnn] epoch 19/30: train_loss=0.4963 val_auc=0.8175 best=0.8257 patience=2/10
    [gnn] epoch 20/30: train_loss=1.3944 val_auc=0.8158 best=0.8257 patience=3/10
    [gnn] epoch 21/30: train_loss=1.9551 val_auc=0.8241 best=0.8257 patience=4/10
    [gnn] epoch 22/30: train_loss=1.3745 val_auc=0.8313 best=0.8313 patience=0/10 *
    [gnn] epoch 23/30: train_loss=0.5478 val_auc=0.8363 best=0.8363 patience=0/10 *
    [gnn] epoch 24/30: train_loss=0.6105 val_auc=0.8381 best=0.8381 patience=0/10 *
    [gnn] epoch 25/30: train_loss=0.8115 val_auc=0.8388 best=0.8388 patience=0/10 *
    [gnn] epoch 26/30: train_loss=0.7249 val_auc=0.8357 best=0.8388 patience=1/10
    [gnn] epoch 27/30: train_loss=0.4935 val_auc=0.8348 best=0.8388 patience=2/10
    [gnn] epoch 28/30: train_loss=0.5669 val_auc=0.8342 best=0.8388 patience=3/10
    [gnn] epoch 29/30: train_loss=0.8651 val_auc=0.8350 best=0.8388 patience=4/10
    [gnn] epoch 30/30: train_loss=0.7214 val_auc=0.8356 best=0.8388 patience=5/10
  [gnn] fold 68/100: AUC=0.8388
    [gnn] epoch 01/30: train_loss=1.3046 val_auc=0.7483 best=0.7483 patience=0/10 *
    [gnn] epoch 02/30: train_loss=1.2347 val_auc=0.7560 best=0.7560 patience=0/10 *
    [gnn] epoch 03/30: train_loss=1.1732 val_auc=0.7683 best=0.7683 patience=0/10 *
    [gnn] epoch 04/30: train_loss=1.1156 val_auc=0.7719 best=0.7719 patience=0/10 *
    [gnn] epoch 05/30: train_loss=1.0635 val_auc=0.7836 best=0.7836 patience=0/10 *
    [gnn] epoch 06/30: train_loss=1.0647 val_auc=0.7813 best=0.7836 patience=1/10
    [gnn] epoch 07/30: train_loss=0.9626 val_auc=0.7624 best=0.7836 patience=2/10
    [gnn] epoch 08/30: train_loss=1.3129 val_auc=0.7639 best=0.7836 patience=3/10
    [gnn] epoch 09/30: train_loss=1.2211 val_auc=0.7809 best=0.7836 patience=4/10
    [gnn] epoch 10/30: train_loss=0.7987 val_auc=0.7809 best=0.7836 patience=5/10
    [gnn] epoch 11/30: train_loss=1.0421 val_auc=0.7836 best=0.7836 patience=0/10 *
    [gnn] epoch 12/30: train_loss=1.0666 val_auc=0.7830 best=0.7836 patience=1/10
    [gnn] epoch 13/30: train_loss=0.7756 val_auc=0.7704 best=0.7836 patience=2/10
    [gnn] epoch 14/30: train_loss=1.0886 val_auc=0.7692 best=0.7836 patience=3/10
    [gnn] epoch 15/30: train_loss=1.3604 val_auc=0.7780 best=0.7836 patience=4/10
    [gnn] epoch 16/30: train_loss=1.0027 val_auc=0.7902 best=0.7902 patience=0/10 *
    [gnn] epoch 17/30: train_loss=0.7017 val_auc=0.7970 best=0.7970 patience=0/10 *
    [gnn] epoch 18/30: train_loss=0.8194 val_auc=0.7970 best=0.7970 patience=1/10
    [gnn] epoch 19/30: train_loss=0.8446 val_auc=0.8004 best=0.8004 patience=0/10 *
    [gnn] epoch 20/30: train_loss=0.7127 val_auc=0.8027 best=0.8027 patience=0/10 *
    [gnn] epoch 21/30: train_loss=0.6531 val_auc=0.8020 best=0.8027 patience=1/10
    [gnn] epoch 22/30: train_loss=0.6942 val_auc=0.8046 best=0.8046 patience=0/10 *
    [gnn] epoch 23/30: train_loss=0.5796 val_auc=0.8058 best=0.8058 patience=0/10 *
    [gnn] epoch 24/30: train_loss=0.5597 val_auc=0.8073 best=0.8073 patience=0/10 *
    [gnn] epoch 25/30: train_loss=0.5430 val_auc=0.8106 best=0.8106 patience=0/10 *
    [gnn] epoch 26/30: train_loss=0.4508 val_auc=0.8120 best=0.8120 patience=0/10 *
    [gnn] epoch 27/30: train_loss=0.4398 val_auc=0.8124 best=0.8124 patience=0/10 *
    [gnn] epoch 28/30: train_loss=0.4004 val_auc=0.8144 best=0.8144 patience=0/10 *
    [gnn] epoch 29/30: train_loss=0.4450 val_auc=0.8147 best=0.8147 patience=0/10 *
    [gnn] epoch 30/30: train_loss=0.4277 val_auc=0.8152 best=0.8152 patience=0/10 *
  [gnn] fold 69/100: AUC=0.8152
    [gnn] epoch 01/30: train_loss=1.3094 val_auc=0.6067 best=0.6067 patience=0/10 *
    [gnn] epoch 02/30: train_loss=1.2417 val_auc=0.6420 best=0.6420 patience=0/10 *
    [gnn] epoch 03/30: train_loss=1.1875 val_auc=0.6522 best=0.6522 patience=0/10 *
    [gnn] epoch 04/30: train_loss=1.1371 val_auc=0.6607 best=0.6607 patience=0/10 *
    [gnn] epoch 05/30: train_loss=1.1835 val_auc=0.6704 best=0.6704 patience=0/10 *
    [gnn] epoch 06/30: train_loss=1.0465 val_auc=0.6702 best=0.6704 patience=1/10
    [gnn] epoch 07/30: train_loss=1.0995 val_auc=0.6741 best=0.6741 patience=0/10 *
    [gnn] epoch 08/30: train_loss=1.0567 val_auc=0.6823 best=0.6823 patience=0/10 *
    [gnn] epoch 09/30: train_loss=0.9279 val_auc=0.6906 best=0.6906 patience=0/10 *
    [gnn] epoch 10/30: train_loss=0.9104 val_auc=0.6962 best=0.6962 patience=0/10 *
    [gnn] epoch 11/30: train_loss=0.8291 val_auc=0.7029 best=0.7029 patience=0/10 *
    [gnn] epoch 12/30: train_loss=0.7601 val_auc=0.7082 best=0.7082 patience=0/10 *
    [gnn] epoch 13/30: train_loss=0.7226 val_auc=0.7099 best=0.7099 patience=0/10 *
    [gnn] epoch 14/30: train_loss=0.6657 val_auc=0.7165 best=0.7165 patience=0/10 *
    [gnn] epoch 15/30: train_loss=0.6442 val_auc=0.7153 best=0.7165 patience=1/10
    [gnn] epoch 16/30: train_loss=0.5806 val_auc=0.7166 best=0.7166 patience=0/10 *
    [gnn] epoch 17/30: train_loss=0.6697 val_auc=0.7177 best=0.7177 patience=0/10 *
    [gnn] epoch 18/30: train_loss=0.4868 val_auc=0.7168 best=0.7177 patience=1/10
    [gnn] epoch 19/30: train_loss=0.6112 val_auc=0.7174 best=0.7177 patience=2/10
    [gnn] epoch 20/30: train_loss=0.5350 val_auc=0.7190 best=0.7190 patience=0/10 *
    [gnn] epoch 21/30: train_loss=0.6086 val_auc=0.7165 best=0.7190 patience=1/10
    [gnn] epoch 22/30: train_loss=0.6440 val_auc=0.7149 best=0.7190 patience=2/10
    [gnn] epoch 23/30: train_loss=0.3818 val_auc=0.7131 best=0.7190 patience=3/10
    [gnn] epoch 24/30: train_loss=0.4118 val_auc=0.7094 best=0.7190 patience=4/10
    [gnn] epoch 25/30: train_loss=0.3088 val_auc=0.7050 best=0.7190 patience=5/10
    [gnn] epoch 26/30: train_loss=0.7805 val_auc=0.7018 best=0.7190 patience=6/10
    [gnn] epoch 27/30: train_loss=1.0298 val_auc=0.7016 best=0.7190 patience=7/10
    [gnn] epoch 28/30: train_loss=0.4127 val_auc=0.6980 best=0.7190 patience=8/10
    [gnn] epoch 29/30: train_loss=0.3756 val_auc=0.6961 best=0.7190 patience=9/10
    [gnn] epoch 30/30: train_loss=0.4796 val_auc=0.6933 best=0.7190 patience=10/10
    [gnn] early stop at epoch 30
  [gnn] fold 70/100: AUC=0.7190
    [gnn] epoch 01/30: train_loss=1.3102 val_auc=0.6977 best=0.6977 patience=0/10 *
    [gnn] epoch 02/30: train_loss=1.2540 val_auc=0.7492 best=0.7492 patience=0/10 *
    [gnn] epoch 03/30: train_loss=1.2395 val_auc=0.7526 best=0.7526 patience=0/10 *
    [gnn] epoch 04/30: train_loss=1.1458 val_auc=0.7481 best=0.7526 patience=1/10
    [gnn] epoch 05/30: train_loss=1.1754 val_auc=0.7837 best=0.7837 patience=0/10 *
    [gnn] epoch 06/30: train_loss=1.0665 val_auc=0.8037 best=0.8037 patience=0/10 *
    [gnn] epoch 07/30: train_loss=1.0401 val_auc=0.8062 best=0.8062 patience=0/10 *
    [gnn] epoch 08/30: train_loss=0.9288 val_auc=0.8023 best=0.8062 patience=1/10
    [gnn] epoch 09/30: train_loss=1.1749 val_auc=0.8194 best=0.8194 patience=0/10 *
    [gnn] epoch 10/30: train_loss=1.1688 val_auc=0.8509 best=0.8509 patience=0/10 *
    [gnn] epoch 11/30: train_loss=0.8167 val_auc=0.8641 best=0.8641 patience=0/10 *
    [gnn] epoch 12/30: train_loss=1.0095 val_auc=0.8680 best=0.8680 patience=0/10 *
    [gnn] epoch 13/30: train_loss=1.0891 val_auc=0.8696 best=0.8696 patience=0/10 *
    [gnn] epoch 14/30: train_loss=0.8722 val_auc=0.8657 best=0.8696 patience=1/10
    [gnn] epoch 15/30: train_loss=0.7924 val_auc=0.8606 best=0.8696 patience=2/10
    [gnn] epoch 16/30: train_loss=0.8367 val_auc=0.8650 best=0.8696 patience=3/10
    [gnn] epoch 17/30: train_loss=0.7199 val_auc=0.8666 best=0.8696 patience=4/10
    [gnn] epoch 18/30: train_loss=0.7409 val_auc=0.8628 best=0.8696 patience=5/10
    [gnn] epoch 19/30: train_loss=0.7575 val_auc=0.8514 best=0.8696 patience=6/10
    [gnn] epoch 20/30: train_loss=0.6430 val_auc=0.8451 best=0.8696 patience=7/10
    [gnn] epoch 21/30: train_loss=0.8012 val_auc=0.8422 best=0.8696 patience=8/10
    [gnn] epoch 22/30: train_loss=0.9682 val_auc=0.8468 best=0.8696 patience=9/10
    [gnn] epoch 23/30: train_loss=0.7417 val_auc=0.8480 best=0.8696 patience=10/10
    [gnn] early stop at epoch 23
  [gnn] fold 71/100: AUC=0.8696
    [gnn] epoch 01/30: train_loss=1.3146 val_auc=0.7705 best=0.7705 patience=0/10 *
    [gnn] epoch 02/30: train_loss=1.2636 val_auc=0.7699 best=0.7705 patience=1/10
    [gnn] epoch 03/30: train_loss=1.2333 val_auc=0.8141 best=0.8141 patience=0/10 *
    [gnn] epoch 04/30: train_loss=1.1626 val_auc=0.8275 best=0.8275 patience=0/10 *
    [gnn] epoch 05/30: train_loss=1.0992 val_auc=0.8316 best=0.8316 patience=0/10 *
    [gnn] epoch 06/30: train_loss=1.0498 val_auc=0.8369 best=0.8369 patience=0/10 *
    [gnn] epoch 07/30: train_loss=0.9441 val_auc=0.8398 best=0.8398 patience=0/10 *
    [gnn] epoch 08/30: train_loss=0.8814 val_auc=0.8378 best=0.8398 patience=1/10
    [gnn] epoch 09/30: train_loss=0.9125 val_auc=0.8458 best=0.8458 patience=0/10 *
    [gnn] epoch 10/30: train_loss=0.7648 val_auc=0.8449 best=0.8458 patience=1/10
    [gnn] epoch 11/30: train_loss=0.8216 val_auc=0.8517 best=0.8517 patience=0/10 *
    [gnn] epoch 12/30: train_loss=0.7734 val_auc=0.8553 best=0.8553 patience=0/10 *
    [gnn] epoch 13/30: train_loss=0.6710 val_auc=0.8603 best=0.8603 patience=0/10 *
    [gnn] epoch 14/30: train_loss=0.6371 val_auc=0.8595 best=0.8603 patience=1/10
    [gnn] epoch 15/30: train_loss=0.6180 val_auc=0.8641 best=0.8641 patience=0/10 *
    [gnn] epoch 16/30: train_loss=0.5788 val_auc=0.8675 best=0.8675 patience=0/10 *
    [gnn] epoch 17/30: train_loss=0.4929 val_auc=0.8680 best=0.8680 patience=0/10 *
    [gnn] epoch 18/30: train_loss=0.6739 val_auc=0.8701 best=0.8701 patience=0/10 *
    [gnn] epoch 19/30: train_loss=0.4755 val_auc=0.8720 best=0.8720 patience=0/10 *
    [gnn] epoch 20/30: train_loss=0.6083 val_auc=0.8721 best=0.8721 patience=0/10 *
    [gnn] epoch 21/30: train_loss=0.5762 val_auc=0.8696 best=0.8721 patience=1/10
    [gnn] epoch 22/30: train_loss=0.3784 val_auc=0.8691 best=0.8721 patience=2/10
    [gnn] epoch 23/30: train_loss=0.3827 val_auc=0.8712 best=0.8721 patience=3/10
    [gnn] epoch 24/30: train_loss=0.3689 val_auc=0.8691 best=0.8721 patience=4/10
    [gnn] epoch 25/30: train_loss=0.2940 val_auc=0.8670 best=0.8721 patience=5/10
    [gnn] epoch 26/30: train_loss=0.6992 val_auc=0.8670 best=0.8721 patience=6/10
    [gnn] epoch 27/30: train_loss=0.7799 val_auc=0.8684 best=0.8721 patience=7/10
    [gnn] epoch 28/30: train_loss=0.2712 val_auc=0.8685 best=0.8721 patience=8/10
    [gnn] epoch 29/30: train_loss=0.4442 val_auc=0.8691 best=0.8721 patience=9/10
    [gnn] epoch 30/30: train_loss=0.5799 val_auc=0.8680 best=0.8721 patience=10/10
    [gnn] early stop at epoch 30
  [gnn] fold 72/100: AUC=0.8721
    [gnn] epoch 01/30: train_loss=1.3542 val_auc=0.6496 best=0.6496 patience=0/10 *
    [gnn] epoch 02/30: train_loss=1.3315 val_auc=0.6895 best=0.6895 patience=0/10 *
    [gnn] epoch 03/30: train_loss=1.2485 val_auc=0.6920 best=0.6920 patience=0/10 *
    [gnn] epoch 04/30: train_loss=1.2206 val_auc=0.6896 best=0.6920 patience=1/10
    [gnn] epoch 05/30: train_loss=1.1676 val_auc=0.6827 best=0.6920 patience=2/10
    [gnn] epoch 06/30: train_loss=1.1279 val_auc=0.6926 best=0.6926 patience=0/10 *
    [gnn] epoch 07/30: train_loss=1.0477 val_auc=0.7006 best=0.7006 patience=0/10 *
    [gnn] epoch 08/30: train_loss=0.9704 val_auc=0.6988 best=0.7006 patience=1/10
    [gnn] epoch 09/30: train_loss=0.9488 val_auc=0.7023 best=0.7023 patience=0/10 *
    [gnn] epoch 10/30: train_loss=0.8487 val_auc=0.7023 best=0.7023 patience=1/10
    [gnn] epoch 11/30: train_loss=0.8062 val_auc=0.6986 best=0.7023 patience=2/10
    [gnn] epoch 12/30: train_loss=0.9161 val_auc=0.7027 best=0.7027 patience=0/10 *
    [gnn] epoch 13/30: train_loss=0.7576 val_auc=0.7062 best=0.7062 patience=0/10 *
    [gnn] epoch 14/30: train_loss=0.8705 val_auc=0.7083 best=0.7083 patience=0/10 *
    [gnn] epoch 15/30: train_loss=0.8706 val_auc=0.7095 best=0.7095 patience=0/10 *
    [gnn] epoch 16/30: train_loss=0.7117 val_auc=0.7115 best=0.7115 patience=0/10 *
    [gnn] epoch 17/30: train_loss=0.6555 val_auc=0.7143 best=0.7143 patience=0/10 *
    [gnn] epoch 18/30: train_loss=0.6934 val_auc=0.7144 best=0.7144 patience=0/10 *
    [gnn] epoch 19/30: train_loss=0.5659 val_auc=0.7137 best=0.7144 patience=1/10
    [gnn] epoch 20/30: train_loss=0.7934 val_auc=0.7143 best=0.7144 patience=2/10
    [gnn] epoch 21/30: train_loss=0.9441 val_auc=0.7183 best=0.7183 patience=0/10 *
    [gnn] epoch 22/30: train_loss=0.5394 val_auc=0.7206 best=0.7206 patience=0/10 *
    [gnn] epoch 23/30: train_loss=0.6513 val_auc=0.7203 best=0.7206 patience=1/10
    [gnn] epoch 24/30: train_loss=0.8073 val_auc=0.7215 best=0.7215 patience=0/10 *
    [gnn] epoch 25/30: train_loss=0.6209 val_auc=0.7233 best=0.7233 patience=0/10 *
    [gnn] epoch 26/30: train_loss=0.3895 val_auc=0.7229 best=0.7233 patience=1/10
    [gnn] epoch 27/30: train_loss=0.5883 val_auc=0.7249 best=0.7249 patience=0/10 *
    [gnn] epoch 28/30: train_loss=0.4133 val_auc=0.7255 best=0.7255 patience=0/10 *
    [gnn] epoch 29/30: train_loss=0.4153 val_auc=0.7255 best=0.7255 patience=1/10
    [gnn] epoch 30/30: train_loss=0.4036 val_auc=0.7236 best=0.7255 patience=2/10
  [gnn] fold 73/100: AUC=0.7255
    [gnn] epoch 01/30: train_loss=1.3163 val_auc=0.7154 best=0.7154 patience=0/10 *
    [gnn] epoch 02/30: train_loss=1.2474 val_auc=0.7295 best=0.7295 patience=0/10 *
    [gnn] epoch 03/30: train_loss=1.2072 val_auc=0.7539 best=0.7539 patience=0/10 *
    [gnn] epoch 04/30: train_loss=1.1529 val_auc=0.7560 best=0.7560 patience=0/10 *
    [gnn] epoch 05/30: train_loss=1.0702 val_auc=0.7691 best=0.7691 patience=0/10 *
    [gnn] epoch 06/30: train_loss=1.0214 val_auc=0.7856 best=0.7856 patience=0/10 *
    [gnn] epoch 07/30: train_loss=0.9708 val_auc=0.7872 best=0.7872 patience=0/10 *
    [gnn] epoch 08/30: train_loss=1.0689 val_auc=0.7973 best=0.7973 patience=0/10 *
    [gnn] epoch 09/30: train_loss=0.8461 val_auc=0.8046 best=0.8046 patience=0/10 *
    [gnn] epoch 10/30: train_loss=0.9761 val_auc=0.8093 best=0.8093 patience=0/10 *
    [gnn] epoch 11/30: train_loss=0.9423 val_auc=0.8103 best=0.8103 patience=0/10 *
    [gnn] epoch 12/30: train_loss=0.7352 val_auc=0.8024 best=0.8103 patience=1/10
    [gnn] epoch 13/30: train_loss=1.1334 val_auc=0.8079 best=0.8103 patience=2/10
    [gnn] epoch 14/30: train_loss=1.1652 val_auc=0.8223 best=0.8223 patience=0/10 *
    [gnn] epoch 15/30: train_loss=0.7124 val_auc=0.8243 best=0.8243 patience=0/10 *
    [gnn] epoch 16/30: train_loss=0.8080 val_auc=0.8246 best=0.8246 patience=0/10 *
    [gnn] epoch 17/30: train_loss=0.9110 val_auc=0.8259 best=0.8259 patience=0/10 *
    [gnn] epoch 18/30: train_loss=0.7300 val_auc=0.8285 best=0.8285 patience=0/10 *
    [gnn] epoch 19/30: train_loss=0.6315 val_auc=0.8310 best=0.8310 patience=0/10 *
    [gnn] epoch 20/30: train_loss=0.7090 val_auc=0.8340 best=0.8340 patience=0/10 *
    [gnn] epoch 21/30: train_loss=0.5857 val_auc=0.8353 best=0.8353 patience=0/10 *
    [gnn] epoch 22/30: train_loss=0.6239 val_auc=0.8380 best=0.8380 patience=0/10 *
    [gnn] epoch 23/30: train_loss=0.6084 val_auc=0.8377 best=0.8380 patience=1/10
    [gnn] epoch 24/30: train_loss=0.4890 val_auc=0.8378 best=0.8380 patience=2/10
    [gnn] epoch 25/30: train_loss=0.7388 val_auc=0.8385 best=0.8385 patience=0/10 *
    [gnn] epoch 26/30: train_loss=0.7618 val_auc=0.8401 best=0.8401 patience=0/10 *
    [gnn] epoch 27/30: train_loss=0.4595 val_auc=0.8415 best=0.8415 patience=0/10 *
    [gnn] epoch 28/30: train_loss=0.5038 val_auc=0.8410 best=0.8415 patience=1/10
    [gnn] epoch 29/30: train_loss=0.5752 val_auc=0.8421 best=0.8421 patience=0/10 *
    [gnn] epoch 30/30: train_loss=0.4600 val_auc=0.8425 best=0.8425 patience=0/10 *
  [gnn] fold 74/100: AUC=0.8425
    [gnn] epoch 01/30: train_loss=1.3209 val_auc=0.7425 best=0.7425 patience=0/10 *
    [gnn] epoch 02/30: train_loss=1.2520 val_auc=0.7562 best=0.7562 patience=0/10 *
    [gnn] epoch 03/30: train_loss=1.1826 val_auc=0.7545 best=0.7562 patience=1/10
    [gnn] epoch 04/30: train_loss=1.1348 val_auc=0.7658 best=0.7658 patience=0/10 *
    [gnn] epoch 05/30: train_loss=1.0829 val_auc=0.7674 best=0.7674 patience=0/10 *
    [gnn] epoch 06/30: train_loss=0.9707 val_auc=0.7715 best=0.7715 patience=0/10 *
    [gnn] epoch 07/30: train_loss=0.9042 val_auc=0.7750 best=0.7750 patience=0/10 *
    [gnn] epoch 08/30: train_loss=0.8538 val_auc=0.7648 best=0.7750 patience=1/10
    [gnn] epoch 09/30: train_loss=1.0242 val_auc=0.7768 best=0.7768 patience=0/10 *
    [gnn] epoch 10/30: train_loss=0.7653 val_auc=0.7903 best=0.7903 patience=0/10 *
    [gnn] epoch 11/30: train_loss=0.9909 val_auc=0.7935 best=0.7935 patience=0/10 *
    [gnn] epoch 12/30: train_loss=1.0157 val_auc=0.7928 best=0.7935 patience=1/10
    [gnn] epoch 13/30: train_loss=0.6774 val_auc=0.7616 best=0.7935 patience=2/10
    [gnn] epoch 14/30: train_loss=1.2369 val_auc=0.7601 best=0.7935 patience=3/10
    [gnn] epoch 15/30: train_loss=1.6961 val_auc=0.7721 best=0.7935 patience=4/10
    [gnn] epoch 16/30: train_loss=1.2162 val_auc=0.7988 best=0.7988 patience=0/10 *
    [gnn] epoch 17/30: train_loss=0.6334 val_auc=0.8022 best=0.8022 patience=0/10 *
    [gnn] epoch 18/30: train_loss=0.8407 val_auc=0.8007 best=0.8022 patience=1/10
    [gnn] epoch 19/30: train_loss=1.0331 val_auc=0.7991 best=0.8022 patience=2/10
    [gnn] epoch 20/30: train_loss=0.9259 val_auc=0.7991 best=0.8022 patience=3/10
    [gnn] epoch 21/30: train_loss=0.6727 val_auc=0.8024 best=0.8024 patience=0/10 *
    [gnn] epoch 22/30: train_loss=0.6436 val_auc=0.8012 best=0.8024 patience=1/10
    [gnn] epoch 23/30: train_loss=0.7413 val_auc=0.8024 best=0.8024 patience=2/10
    [gnn] epoch 24/30: train_loss=0.6518 val_auc=0.8039 best=0.8039 patience=0/10 *
    [gnn] epoch 25/30: train_loss=0.5765 val_auc=0.8030 best=0.8039 patience=1/10
    [gnn] epoch 26/30: train_loss=0.5776 val_auc=0.8058 best=0.8058 patience=0/10 *
    [gnn] epoch 27/30: train_loss=0.5682 val_auc=0.8055 best=0.8058 patience=1/10
    [gnn] epoch 28/30: train_loss=0.4681 val_auc=0.8010 best=0.8058 patience=2/10
    [gnn] epoch 29/30: train_loss=0.5507 val_auc=0.8022 best=0.8058 patience=3/10
    [gnn] epoch 30/30: train_loss=0.7367 val_auc=0.8060 best=0.8060 patience=0/10 *
  [gnn] fold 75/100: AUC=0.8060
    [gnn] epoch 01/30: train_loss=1.3128 val_auc=0.6703 best=0.6703 patience=0/10 *
    [gnn] epoch 02/30: train_loss=1.2500 val_auc=0.6723 best=0.6723 patience=0/10 *
    [gnn] epoch 03/30: train_loss=1.1806 val_auc=0.6712 best=0.6723 patience=1/10
    [gnn] epoch 04/30: train_loss=1.1498 val_auc=0.6857 best=0.6857 patience=0/10 *
    [gnn] epoch 05/30: train_loss=1.0678 val_auc=0.6925 best=0.6925 patience=0/10 *
    [gnn] epoch 06/30: train_loss=1.0065 val_auc=0.7008 best=0.7008 patience=0/10 *
    [gnn] epoch 07/30: train_loss=0.9192 val_auc=0.7008 best=0.7008 patience=0/10 *
    [gnn] epoch 08/30: train_loss=0.8596 val_auc=0.7058 best=0.7058 patience=0/10 *
    [gnn] epoch 09/30: train_loss=0.8231 val_auc=0.6997 best=0.7058 patience=1/10
    [gnn] epoch 10/30: train_loss=0.8826 val_auc=0.7048 best=0.7058 patience=2/10
    [gnn] epoch 11/30: train_loss=0.6853 val_auc=0.7138 best=0.7138 patience=0/10 *
    [gnn] epoch 12/30: train_loss=0.9419 val_auc=0.7168 best=0.7168 patience=0/10 *
    [gnn] epoch 13/30: train_loss=0.8238 val_auc=0.7105 best=0.7168 patience=1/10
    [gnn] epoch 14/30: train_loss=0.7211 val_auc=0.7157 best=0.7168 patience=2/10
    [gnn] epoch 15/30: train_loss=0.6862 val_auc=0.7233 best=0.7233 patience=0/10 *
    [gnn] epoch 16/30: train_loss=0.6066 val_auc=0.7270 best=0.7270 patience=0/10 *
    [gnn] epoch 17/30: train_loss=0.5564 val_auc=0.7260 best=0.7270 patience=1/10
    [gnn] epoch 18/30: train_loss=0.7921 val_auc=0.7271 best=0.7271 patience=0/10 *
    [gnn] epoch 19/30: train_loss=0.6234 val_auc=0.7339 best=0.7339 patience=0/10 *
    [gnn] epoch 20/30: train_loss=0.4754 val_auc=0.7345 best=0.7345 patience=0/10 *
    [gnn] epoch 21/30: train_loss=0.4278 val_auc=0.7321 best=0.7345 patience=1/10
    [gnn] epoch 22/30: train_loss=0.5530 val_auc=0.7325 best=0.7345 patience=2/10
    [gnn] epoch 23/30: train_loss=0.4220 val_auc=0.7359 best=0.7359 patience=0/10 *
    [gnn] epoch 24/30: train_loss=0.3952 val_auc=0.7344 best=0.7359 patience=1/10
    [gnn] epoch 25/30: train_loss=0.3604 val_auc=0.7297 best=0.7359 patience=2/10
    [gnn] epoch 26/30: train_loss=0.4139 val_auc=0.7292 best=0.7359 patience=3/10
    [gnn] epoch 27/30: train_loss=0.4415 val_auc=0.7276 best=0.7359 patience=4/10
    [gnn] epoch 28/30: train_loss=0.3172 val_auc=0.7274 best=0.7359 patience=5/10
    [gnn] epoch 29/30: train_loss=0.2906 val_auc=0.7244 best=0.7359 patience=6/10
    [gnn] epoch 30/30: train_loss=0.3724 val_auc=0.7225 best=0.7359 patience=7/10
  [gnn] fold 76/100: AUC=0.7359
    [gnn] epoch 01/30: train_loss=1.3225 val_auc=0.7259 best=0.7259 patience=0/10 *
    [gnn] epoch 02/30: train_loss=1.2433 val_auc=0.7120 best=0.7259 patience=1/10
    [gnn] epoch 03/30: train_loss=1.1660 val_auc=0.7325 best=0.7325 patience=0/10 *
    [gnn] epoch 04/30: train_loss=1.1153 val_auc=0.7482 best=0.7482 patience=0/10 *
    [gnn] epoch 05/30: train_loss=1.0508 val_auc=0.7638 best=0.7638 patience=0/10 *
    [gnn] epoch 06/30: train_loss=1.0547 val_auc=0.7669 best=0.7669 patience=0/10 *
    [gnn] epoch 07/30: train_loss=0.8988 val_auc=0.7703 best=0.7703 patience=0/10 *
    [gnn] epoch 08/30: train_loss=0.8501 val_auc=0.7802 best=0.7802 patience=0/10 *
    [gnn] epoch 09/30: train_loss=0.8551 val_auc=0.7938 best=0.7938 patience=0/10 *
    [gnn] epoch 10/30: train_loss=0.8559 val_auc=0.7966 best=0.7966 patience=0/10 *
    [gnn] epoch 11/30: train_loss=0.7480 val_auc=0.8069 best=0.8069 patience=0/10 *
    [gnn] epoch 12/30: train_loss=0.7655 val_auc=0.8168 best=0.8168 patience=0/10 *
    [gnn] epoch 13/30: train_loss=0.7033 val_auc=0.8159 best=0.8168 patience=1/10
    [gnn] epoch 14/30: train_loss=0.6253 val_auc=0.8103 best=0.8168 patience=2/10
    [gnn] epoch 15/30: train_loss=0.7458 val_auc=0.8128 best=0.8168 patience=3/10
    [gnn] epoch 16/30: train_loss=0.5770 val_auc=0.8131 best=0.8168 patience=4/10
    [gnn] epoch 17/30: train_loss=1.2343 val_auc=0.8083 best=0.8168 patience=5/10
    [gnn] epoch 18/30: train_loss=1.6650 val_auc=0.8123 best=0.8168 patience=6/10
    [gnn] epoch 19/30: train_loss=0.7745 val_auc=0.8106 best=0.8168 patience=7/10
    [gnn] epoch 20/30: train_loss=0.5912 val_auc=0.8110 best=0.8168 patience=8/10
    [gnn] epoch 21/30: train_loss=0.7018 val_auc=0.8110 best=0.8168 patience=9/10
    [gnn] epoch 22/30: train_loss=0.5266 val_auc=0.8128 best=0.8168 patience=10/10
    [gnn] early stop at epoch 22
  [gnn] fold 77/100: AUC=0.8168
    [gnn] epoch 01/30: train_loss=1.3347 val_auc=0.8250 best=0.8250 patience=0/10 *
    [gnn] epoch 02/30: train_loss=1.2775 val_auc=0.8192 best=0.8250 patience=1/10
    [gnn] epoch 03/30: train_loss=1.2371 val_auc=0.8399 best=0.8399 patience=0/10 *
    [gnn] epoch 04/30: train_loss=1.1538 val_auc=0.8423 best=0.8423 patience=0/10 *
    [gnn] epoch 05/30: train_loss=1.1187 val_auc=0.8455 best=0.8455 patience=0/10 *
    [gnn] epoch 06/30: train_loss=1.0608 val_auc=0.8447 best=0.8455 patience=1/10
    [gnn] epoch 07/30: train_loss=0.9831 val_auc=0.8487 best=0.8487 patience=0/10 *
    [gnn] epoch 08/30: train_loss=0.9965 val_auc=0.8537 best=0.8537 patience=0/10 *
    [gnn] epoch 09/30: train_loss=0.8598 val_auc=0.8614 best=0.8614 patience=0/10 *
    [gnn] epoch 10/30: train_loss=1.0246 val_auc=0.8609 best=0.8614 patience=1/10
    [gnn] epoch 11/30: train_loss=0.9680 val_auc=0.8528 best=0.8614 patience=2/10
    [gnn] epoch 12/30: train_loss=0.7770 val_auc=0.8588 best=0.8614 patience=3/10
    [gnn] epoch 13/30: train_loss=0.7527 val_auc=0.8662 best=0.8662 patience=0/10 *
    [gnn] epoch 14/30: train_loss=0.7307 val_auc=0.8691 best=0.8691 patience=0/10 *
    [gnn] epoch 15/30: train_loss=0.7012 val_auc=0.8671 best=0.8691 patience=1/10
    [gnn] epoch 16/30: train_loss=0.7681 val_auc=0.8702 best=0.8702 patience=0/10 *
    [gnn] epoch 17/30: train_loss=0.8321 val_auc=0.8755 best=0.8755 patience=0/10 *
    [gnn] epoch 18/30: train_loss=0.5776 val_auc=0.8788 best=0.8788 patience=0/10 *
    [gnn] epoch 19/30: train_loss=0.5632 val_auc=0.8772 best=0.8788 patience=1/10
    [gnn] epoch 20/30: train_loss=0.5525 val_auc=0.8806 best=0.8806 patience=0/10 *
    [gnn] epoch 21/30: train_loss=0.4652 val_auc=0.8859 best=0.8859 patience=0/10 *
    [gnn] epoch 22/30: train_loss=0.5071 val_auc=0.8864 best=0.8864 patience=0/10 *
    [gnn] epoch 23/30: train_loss=0.4392 val_auc=0.8812 best=0.8864 patience=1/10
    [gnn] epoch 24/30: train_loss=0.5280 val_auc=0.8821 best=0.8864 patience=2/10
    [gnn] epoch 25/30: train_loss=0.5938 val_auc=0.8856 best=0.8864 patience=3/10
    [gnn] epoch 26/30: train_loss=0.3342 val_auc=0.8922 best=0.8922 patience=0/10 *
    [gnn] epoch 27/30: train_loss=0.5716 val_auc=0.8929 best=0.8929 patience=0/10 *
    [gnn] epoch 28/30: train_loss=0.6525 val_auc=0.8914 best=0.8929 patience=1/10
    [gnn] epoch 29/30: train_loss=0.4075 val_auc=0.8863 best=0.8929 patience=2/10
    [gnn] epoch 30/30: train_loss=0.3997 val_auc=0.8841 best=0.8929 patience=3/10
  [gnn] fold 78/100: AUC=0.8929
    [gnn] epoch 01/30: train_loss=1.3239 val_auc=0.7030 best=0.7030 patience=0/10 *
    [gnn] epoch 02/30: train_loss=1.2797 val_auc=0.7639 best=0.7639 patience=0/10 *
    [gnn] epoch 03/30: train_loss=1.2169 val_auc=0.7815 best=0.7815 patience=0/10 *
    [gnn] epoch 04/30: train_loss=1.1651 val_auc=0.7988 best=0.7988 patience=0/10 *
    [gnn] epoch 05/30: train_loss=1.1132 val_auc=0.8009 best=0.8009 patience=0/10 *
    [gnn] epoch 06/30: train_loss=1.0281 val_auc=0.8067 best=0.8067 patience=0/10 *
    [gnn] epoch 07/30: train_loss=0.9711 val_auc=0.8054 best=0.8067 patience=1/10
    [gnn] epoch 08/30: train_loss=0.9361 val_auc=0.8068 best=0.8068 patience=0/10 *
    [gnn] epoch 09/30: train_loss=0.8412 val_auc=0.8063 best=0.8068 patience=1/10
    [gnn] epoch 10/30: train_loss=0.8002 val_auc=0.8090 best=0.8090 patience=0/10 *
    [gnn] epoch 11/30: train_loss=0.7299 val_auc=0.8041 best=0.8090 patience=1/10
    [gnn] epoch 12/30: train_loss=0.8623 val_auc=0.8052 best=0.8090 patience=2/10
    [gnn] epoch 13/30: train_loss=0.7259 val_auc=0.8024 best=0.8090 patience=3/10
    [gnn] epoch 14/30: train_loss=0.8318 val_auc=0.7995 best=0.8090 patience=4/10
    [gnn] epoch 15/30: train_loss=0.8286 val_auc=0.7966 best=0.8090 patience=5/10
    [gnn] epoch 16/30: train_loss=0.5819 val_auc=0.7831 best=0.8090 patience=6/10
    [gnn] epoch 17/30: train_loss=1.0584 val_auc=0.7768 best=0.8090 patience=7/10
    [gnn] epoch 18/30: train_loss=1.1623 val_auc=0.7809 best=0.8090 patience=8/10
    [gnn] epoch 19/30: train_loss=0.6067 val_auc=0.7766 best=0.8090 patience=9/10
    [gnn] epoch 20/30: train_loss=0.6606 val_auc=0.7772 best=0.8090 patience=10/10
    [gnn] early stop at epoch 20
  [gnn] fold 79/100: AUC=0.8090
    [gnn] epoch 01/30: train_loss=1.3190 val_auc=0.7454 best=0.7454 patience=0/10 *
    [gnn] epoch 02/30: train_loss=1.2499 val_auc=0.7746 best=0.7746 patience=0/10 *
    [gnn] epoch 03/30: train_loss=1.2008 val_auc=0.7800 best=0.7800 patience=0/10 *
    [gnn] epoch 04/30: train_loss=1.1882 val_auc=0.8111 best=0.8111 patience=0/10 *
    [gnn] epoch 05/30: train_loss=1.1025 val_auc=0.8220 best=0.8220 patience=0/10 *
    [gnn] epoch 06/30: train_loss=1.0468 val_auc=0.8310 best=0.8310 patience=0/10 *
    [gnn] epoch 07/30: train_loss=0.9643 val_auc=0.8331 best=0.8331 patience=0/10 *
    [gnn] epoch 08/30: train_loss=0.9025 val_auc=0.8359 best=0.8359 patience=0/10 *
    [gnn] epoch 09/30: train_loss=0.8884 val_auc=0.8208 best=0.8359 patience=1/10
    [gnn] epoch 10/30: train_loss=0.8181 val_auc=0.8255 best=0.8359 patience=2/10
    [gnn] epoch 11/30: train_loss=0.7492 val_auc=0.8166 best=0.8359 patience=3/10
    [gnn] epoch 12/30: train_loss=0.7510 val_auc=0.8275 best=0.8359 patience=4/10
    [gnn] epoch 13/30: train_loss=0.7093 val_auc=0.8177 best=0.8359 patience=5/10
    [gnn] epoch 14/30: train_loss=0.7197 val_auc=0.8238 best=0.8359 patience=6/10
    [gnn] epoch 15/30: train_loss=0.6086 val_auc=0.8149 best=0.8359 patience=7/10
    [gnn] epoch 16/30: train_loss=0.5712 val_auc=0.8187 best=0.8359 patience=8/10
    [gnn] epoch 17/30: train_loss=0.5445 val_auc=0.8137 best=0.8359 patience=9/10
    [gnn] epoch 18/30: train_loss=0.6238 val_auc=0.8200 best=0.8359 patience=10/10
    [gnn] early stop at epoch 18
  [gnn] fold 80/100: AUC=0.8359
    [gnn] epoch 01/30: train_loss=1.3113 val_auc=0.6847 best=0.6847 patience=0/10 *
    [gnn] epoch 02/30: train_loss=1.2669 val_auc=0.7463 best=0.7463 patience=0/10 *
    [gnn] epoch 03/30: train_loss=1.2904 val_auc=0.7557 best=0.7557 patience=0/10 *
    [gnn] epoch 04/30: train_loss=1.1767 val_auc=0.7599 best=0.7599 patience=0/10 *
    [gnn] epoch 05/30: train_loss=1.1375 val_auc=0.7731 best=0.7731 patience=0/10 *
    [gnn] epoch 06/30: train_loss=1.0473 val_auc=0.7848 best=0.7848 patience=0/10 *
    [gnn] epoch 07/30: train_loss=1.0846 val_auc=0.7913 best=0.7913 patience=0/10 *
    [gnn] epoch 08/30: train_loss=0.9625 val_auc=0.7937 best=0.7937 patience=0/10 *
    [gnn] epoch 09/30: train_loss=0.9923 val_auc=0.8063 best=0.8063 patience=0/10 *
    [gnn] epoch 10/30: train_loss=0.9523 val_auc=0.8212 best=0.8212 patience=0/10 *
    [gnn] epoch 11/30: train_loss=0.8021 val_auc=0.8366 best=0.8366 patience=0/10 *
    [gnn] epoch 12/30: train_loss=0.9041 val_auc=0.8412 best=0.8412 patience=0/10 *
    [gnn] epoch 13/30: train_loss=0.7324 val_auc=0.8340 best=0.8412 patience=1/10
    [gnn] epoch 14/30: train_loss=0.7849 val_auc=0.8364 best=0.8412 patience=2/10
    [gnn] epoch 15/30: train_loss=0.7370 val_auc=0.8437 best=0.8437 patience=0/10 *
    [gnn] epoch 16/30: train_loss=0.6446 val_auc=0.8437 best=0.8437 patience=1/10
    [gnn] epoch 17/30: train_loss=0.5910 val_auc=0.8392 best=0.8437 patience=2/10
    [gnn] epoch 18/30: train_loss=0.5681 val_auc=0.8384 best=0.8437 patience=3/10
    [gnn] epoch 19/30: train_loss=0.4983 val_auc=0.8434 best=0.8437 patience=4/10
    [gnn] epoch 20/30: train_loss=0.8282 val_auc=0.8417 best=0.8437 patience=5/10
    [gnn] epoch 21/30: train_loss=0.9039 val_auc=0.8397 best=0.8437 patience=6/10
    [gnn] epoch 22/30: train_loss=0.4868 val_auc=0.8331 best=0.8437 patience=7/10
    [gnn] epoch 23/30: train_loss=0.6107 val_auc=0.8317 best=0.8437 patience=8/10
    [gnn] epoch 24/30: train_loss=0.7569 val_auc=0.8341 best=0.8437 patience=9/10
    [gnn] epoch 25/30: train_loss=0.5795 val_auc=0.8392 best=0.8437 patience=10/10
    [gnn] early stop at epoch 25
  [gnn] fold 81/100: AUC=0.8437
    [gnn] epoch 01/30: train_loss=1.3337 val_auc=0.6879 best=0.6879 patience=0/10 *
    [gnn] epoch 02/30: train_loss=1.2619 val_auc=0.7507 best=0.7507 patience=0/10 *
    [gnn] epoch 03/30: train_loss=1.2214 val_auc=0.7558 best=0.7558 patience=0/10 *
    [gnn] epoch 04/30: train_loss=1.1622 val_auc=0.7537 best=0.7558 patience=1/10
    [gnn] epoch 05/30: train_loss=1.1113 val_auc=0.7632 best=0.7632 patience=0/10 *
    [gnn] epoch 06/30: train_loss=1.0519 val_auc=0.7713 best=0.7713 patience=0/10 *
    [gnn] epoch 07/30: train_loss=0.9682 val_auc=0.7812 best=0.7812 patience=0/10 *
    [gnn] epoch 08/30: train_loss=0.9223 val_auc=0.7890 best=0.7890 patience=0/10 *
    [gnn] epoch 09/30: train_loss=0.9362 val_auc=0.7943 best=0.7943 patience=0/10 *
    [gnn] epoch 10/30: train_loss=0.8017 val_auc=0.7973 best=0.7973 patience=0/10 *
    [gnn] epoch 11/30: train_loss=0.9884 val_auc=0.8025 best=0.8025 patience=0/10 *
    [gnn] epoch 12/30: train_loss=0.9493 val_auc=0.8155 best=0.8155 patience=0/10 *
    [gnn] epoch 13/30: train_loss=0.7136 val_auc=0.8143 best=0.8155 patience=1/10
    [gnn] epoch 14/30: train_loss=0.6737 val_auc=0.8091 best=0.8155 patience=2/10
    [gnn] epoch 15/30: train_loss=0.7160 val_auc=0.8108 best=0.8155 patience=3/10
    [gnn] epoch 16/30: train_loss=0.6545 val_auc=0.8080 best=0.8155 patience=4/10
    [gnn] epoch 17/30: train_loss=0.8991 val_auc=0.8038 best=0.8155 patience=5/10
    [gnn] epoch 18/30: train_loss=0.8530 val_auc=0.8048 best=0.8155 patience=6/10
    [gnn] epoch 19/30: train_loss=0.5555 val_auc=0.7981 best=0.8155 patience=7/10
    [gnn] epoch 20/30: train_loss=0.7835 val_auc=0.7958 best=0.8155 patience=8/10
    [gnn] epoch 21/30: train_loss=0.7718 val_auc=0.7982 best=0.8155 patience=9/10
    [gnn] epoch 22/30: train_loss=0.4704 val_auc=0.7896 best=0.8155 patience=10/10
    [gnn] early stop at epoch 22
  [gnn] fold 82/100: AUC=0.8155
    [gnn] epoch 01/30: train_loss=1.3117 val_auc=0.6561 best=0.6561 patience=0/10 *
    [gnn] epoch 02/30: train_loss=1.2325 val_auc=0.6804 best=0.6804 patience=0/10 *
    [gnn] epoch 03/30: train_loss=1.1610 val_auc=0.6832 best=0.6832 patience=0/10 *
    [gnn] epoch 04/30: train_loss=1.0986 val_auc=0.6814 best=0.6832 patience=1/10
    [gnn] epoch 05/30: train_loss=1.0704 val_auc=0.6877 best=0.6877 patience=0/10 *
    [gnn] epoch 06/30: train_loss=1.0574 val_auc=0.6927 best=0.6927 patience=0/10 *
    [gnn] epoch 07/30: train_loss=0.9403 val_auc=0.6952 best=0.6952 patience=0/10 *
    [gnn] epoch 08/30: train_loss=1.0356 val_auc=0.6971 best=0.6971 patience=0/10 *
    [gnn] epoch 09/30: train_loss=0.9851 val_auc=0.6990 best=0.6990 patience=0/10 *
    [gnn] epoch 10/30: train_loss=0.8106 val_auc=0.7036 best=0.7036 patience=0/10 *
    [gnn] epoch 11/30: train_loss=0.8138 val_auc=0.7076 best=0.7076 patience=0/10 *
    [gnn] epoch 12/30: train_loss=0.7717 val_auc=0.7099 best=0.7099 patience=0/10 *
    [gnn] epoch 13/30: train_loss=0.7239 val_auc=0.7117 best=0.7117 patience=0/10 *
    [gnn] epoch 14/30: train_loss=0.7342 val_auc=0.7169 best=0.7169 patience=0/10 *
    [gnn] epoch 15/30: train_loss=0.6238 val_auc=0.7204 best=0.7204 patience=0/10 *
    [gnn] epoch 16/30: train_loss=0.6703 val_auc=0.7203 best=0.7204 patience=1/10
    [gnn] epoch 17/30: train_loss=0.5698 val_auc=0.7186 best=0.7204 patience=2/10
    [gnn] epoch 18/30: train_loss=0.8296 val_auc=0.7186 best=0.7204 patience=3/10
    [gnn] epoch 19/30: train_loss=1.0543 val_auc=0.7239 best=0.7239 patience=0/10 *
    [gnn] epoch 20/30: train_loss=0.5017 val_auc=0.7266 best=0.7266 patience=0/10 *
    [gnn] epoch 21/30: train_loss=0.6004 val_auc=0.7271 best=0.7271 patience=0/10 *
    [gnn] epoch 22/30: train_loss=0.7291 val_auc=0.7279 best=0.7279 patience=0/10 *
    [gnn] epoch 23/30: train_loss=0.5376 val_auc=0.7250 best=0.7279 patience=1/10
    [gnn] epoch 24/30: train_loss=0.4305 val_auc=0.7240 best=0.7279 patience=2/10
    [gnn] epoch 25/30: train_loss=0.5404 val_auc=0.7277 best=0.7279 patience=3/10
    [gnn] epoch 26/30: train_loss=0.3671 val_auc=0.7315 best=0.7315 patience=0/10 *
    [gnn] epoch 27/30: train_loss=0.4701 val_auc=0.7335 best=0.7335 patience=0/10 *
    [gnn] epoch 28/30: train_loss=0.4594 val_auc=0.7309 best=0.7335 patience=1/10
    [gnn] epoch 29/30: train_loss=0.3329 val_auc=0.7276 best=0.7335 patience=2/10
    [gnn] epoch 30/30: train_loss=0.7297 val_auc=0.7259 best=0.7335 patience=3/10
  [gnn] fold 83/100: AUC=0.7335
    [gnn] epoch 01/30: train_loss=1.3090 val_auc=0.8030 best=0.8030 patience=0/10 *
    [gnn] epoch 02/30: train_loss=1.2400 val_auc=0.8393 best=0.8393 patience=0/10 *
    [gnn] epoch 03/30: train_loss=1.1969 val_auc=0.8093 best=0.8393 patience=1/10
    [gnn] epoch 04/30: train_loss=1.1331 val_auc=0.8126 best=0.8393 patience=2/10
    [gnn] epoch 05/30: train_loss=1.0471 val_auc=0.8151 best=0.8393 patience=3/10
    [gnn] epoch 06/30: train_loss=1.0260 val_auc=0.8046 best=0.8393 patience=4/10
    [gnn] epoch 07/30: train_loss=0.9651 val_auc=0.8071 best=0.8393 patience=5/10
    [gnn] epoch 08/30: train_loss=0.8843 val_auc=0.8114 best=0.8393 patience=6/10
    [gnn] epoch 09/30: train_loss=0.9348 val_auc=0.8041 best=0.8393 patience=7/10
    [gnn] epoch 10/30: train_loss=0.7865 val_auc=0.7700 best=0.8393 patience=8/10
    [gnn] epoch 11/30: train_loss=1.2072 val_auc=0.7717 best=0.8393 patience=9/10
    [gnn] epoch 12/30: train_loss=1.3390 val_auc=0.7963 best=0.8393 patience=10/10
    [gnn] early stop at epoch 12
  [gnn] fold 84/100: AUC=0.8393
    [gnn] epoch 01/30: train_loss=1.3154 val_auc=0.8232 best=0.8232 patience=0/10 *
    [gnn] epoch 02/30: train_loss=1.2465 val_auc=0.8298 best=0.8298 patience=0/10 *
    [gnn] epoch 03/30: train_loss=1.2146 val_auc=0.8459 best=0.8459 patience=0/10 *
    [gnn] epoch 04/30: train_loss=1.1538 val_auc=0.8580 best=0.8580 patience=0/10 *
    [gnn] epoch 05/30: train_loss=1.1134 val_auc=0.8754 best=0.8754 patience=0/10 *
    [gnn] epoch 06/30: train_loss=1.0220 val_auc=0.8772 best=0.8772 patience=0/10 *
    [gnn] epoch 07/30: train_loss=0.9819 val_auc=0.8781 best=0.8781 patience=0/10 *
    [gnn] epoch 08/30: train_loss=0.9676 val_auc=0.8730 best=0.8781 patience=1/10
    [gnn] epoch 09/30: train_loss=0.8361 val_auc=0.8619 best=0.8781 patience=2/10
    [gnn] epoch 10/30: train_loss=1.1133 val_auc=0.8719 best=0.8781 patience=3/10
    [gnn] epoch 11/30: train_loss=0.9084 val_auc=0.8771 best=0.8781 patience=4/10
    [gnn] epoch 12/30: train_loss=0.7978 val_auc=0.8787 best=0.8787 patience=0/10 *
    [gnn] epoch 13/30: train_loss=0.7644 val_auc=0.8772 best=0.8787 patience=1/10
    [gnn] epoch 14/30: train_loss=0.6588 val_auc=0.8792 best=0.8792 patience=0/10 *
    [gnn] epoch 15/30: train_loss=0.6647 val_auc=0.8834 best=0.8834 patience=0/10 *
    [gnn] epoch 16/30: train_loss=0.7024 val_auc=0.8846 best=0.8846 patience=0/10 *
    [gnn] epoch 17/30: train_loss=0.6245 val_auc=0.8823 best=0.8846 patience=1/10
    [gnn] epoch 18/30: train_loss=0.6601 val_auc=0.8830 best=0.8846 patience=2/10
    [gnn] epoch 19/30: train_loss=0.6575 val_auc=0.8894 best=0.8894 patience=0/10 *
    [gnn] epoch 20/30: train_loss=0.5014 val_auc=0.8916 best=0.8916 patience=0/10 *
    [gnn] epoch 21/30: train_loss=0.4819 val_auc=0.8919 best=0.8919 patience=0/10 *
    [gnn] epoch 22/30: train_loss=0.5997 val_auc=0.8936 best=0.8936 patience=0/10 *
    [gnn] epoch 23/30: train_loss=0.4996 val_auc=0.8971 best=0.8971 patience=0/10 *
    [gnn] epoch 24/30: train_loss=0.4449 val_auc=0.8993 best=0.8993 patience=0/10 *
    [gnn] epoch 25/30: train_loss=0.4196 val_auc=0.9007 best=0.9007 patience=0/10 *
    [gnn] epoch 26/30: train_loss=0.4300 val_auc=0.9016 best=0.9016 patience=0/10 *
    [gnn] epoch 27/30: train_loss=0.3991 val_auc=0.9031 best=0.9031 patience=0/10 *
    [gnn] epoch 28/30: train_loss=0.3729 val_auc=0.9043 best=0.9043 patience=0/10 *
    [gnn] epoch 29/30: train_loss=0.3368 val_auc=0.9051 best=0.9051 patience=0/10 *
    [gnn] epoch 30/30: train_loss=0.4221 val_auc=0.9048 best=0.9051 patience=1/10
  [gnn] fold 85/100: AUC=0.9051
    [gnn] epoch 01/30: train_loss=1.3220 val_auc=0.7514 best=0.7514 patience=0/10 *
    [gnn] epoch 02/30: train_loss=1.2703 val_auc=0.7881 best=0.7881 patience=0/10 *
    [gnn] epoch 03/30: train_loss=1.2693 val_auc=0.8261 best=0.8261 patience=0/10 *
    [gnn] epoch 04/30: train_loss=1.1872 val_auc=0.8254 best=0.8261 patience=1/10
    [gnn] epoch 05/30: train_loss=1.1563 val_auc=0.8190 best=0.8261 patience=2/10
    [gnn] epoch 06/30: train_loss=1.0769 val_auc=0.8103 best=0.8261 patience=3/10
    [gnn] epoch 07/30: train_loss=1.0921 val_auc=0.8195 best=0.8261 patience=4/10
    [gnn] epoch 08/30: train_loss=1.0097 val_auc=0.8335 best=0.8335 patience=0/10 *
    [gnn] epoch 09/30: train_loss=1.0071 val_auc=0.8266 best=0.8335 patience=1/10
    [gnn] epoch 10/30: train_loss=0.9629 val_auc=0.8192 best=0.8335 patience=2/10
    [gnn] epoch 11/30: train_loss=0.9184 val_auc=0.8264 best=0.8335 patience=3/10
    [gnn] epoch 12/30: train_loss=0.8418 val_auc=0.8379 best=0.8379 patience=0/10 *
    [gnn] epoch 13/30: train_loss=0.7916 val_auc=0.8453 best=0.8453 patience=0/10 *
    [gnn] epoch 14/30: train_loss=0.7440 val_auc=0.8467 best=0.8467 patience=0/10 *
    [gnn] epoch 15/30: train_loss=0.8163 val_auc=0.8534 best=0.8534 patience=0/10 *
    [gnn] epoch 16/30: train_loss=0.8321 val_auc=0.8634 best=0.8634 patience=0/10 *
    [gnn] epoch 17/30: train_loss=0.6468 val_auc=0.8662 best=0.8662 patience=0/10 *
    [gnn] epoch 18/30: train_loss=0.7005 val_auc=0.8630 best=0.8662 patience=1/10
    [gnn] epoch 19/30: train_loss=0.5979 val_auc=0.8549 best=0.8662 patience=2/10
    [gnn] epoch 20/30: train_loss=0.7371 val_auc=0.8545 best=0.8662 patience=3/10
    [gnn] epoch 21/30: train_loss=0.8286 val_auc=0.8614 best=0.8662 patience=4/10
    [gnn] epoch 22/30: train_loss=0.4756 val_auc=0.8647 best=0.8662 patience=5/10
    [gnn] epoch 23/30: train_loss=0.6411 val_auc=0.8664 best=0.8664 patience=0/10 *
    [gnn] epoch 24/30: train_loss=0.7602 val_auc=0.8664 best=0.8664 patience=1/10
    [gnn] epoch 25/30: train_loss=0.5486 val_auc=0.8609 best=0.8664 patience=2/10
    [gnn] epoch 26/30: train_loss=0.4831 val_auc=0.8601 best=0.8664 patience=3/10
    [gnn] epoch 27/30: train_loss=0.6247 val_auc=0.8628 best=0.8664 patience=4/10
    [gnn] epoch 28/30: train_loss=0.4017 val_auc=0.8676 best=0.8676 patience=0/10 *
    [gnn] epoch 29/30: train_loss=0.4611 val_auc=0.8661 best=0.8676 patience=1/10
    [gnn] epoch 30/30: train_loss=0.4799 val_auc=0.8634 best=0.8676 patience=2/10
  [gnn] fold 86/100: AUC=0.8676
    [gnn] epoch 01/30: train_loss=1.3257 val_auc=0.7256 best=0.7256 patience=0/10 *
    [gnn] epoch 02/30: train_loss=1.2432 val_auc=0.7574 best=0.7574 patience=0/10 *
    [gnn] epoch 03/30: train_loss=1.1848 val_auc=0.7740 best=0.7740 patience=0/10 *
    [gnn] epoch 04/30: train_loss=1.1585 val_auc=0.7777 best=0.7777 patience=0/10 *
    [gnn] epoch 05/30: train_loss=1.0748 val_auc=0.7939 best=0.7939 patience=0/10 *
    [gnn] epoch 06/30: train_loss=1.0181 val_auc=0.8073 best=0.8073 patience=0/10 *
    [gnn] epoch 07/30: train_loss=0.9523 val_auc=0.8108 best=0.8108 patience=0/10 *
    [gnn] epoch 08/30: train_loss=0.8887 val_auc=0.8185 best=0.8185 patience=0/10 *
    [gnn] epoch 09/30: train_loss=1.0008 val_auc=0.8241 best=0.8241 patience=0/10 *
    [gnn] epoch 10/30: train_loss=0.8029 val_auc=0.8272 best=0.8272 patience=0/10 *
    [gnn] epoch 11/30: train_loss=1.0061 val_auc=0.8350 best=0.8350 patience=0/10 *
    [gnn] epoch 12/30: train_loss=1.0125 val_auc=0.8411 best=0.8411 patience=0/10 *
    [gnn] epoch 13/30: train_loss=0.6918 val_auc=0.8403 best=0.8411 patience=1/10
    [gnn] epoch 14/30: train_loss=1.4948 val_auc=0.8389 best=0.8411 patience=2/10
    [gnn] epoch 15/30: train_loss=1.9301 val_auc=0.8378 best=0.8411 patience=3/10
    [gnn] epoch 16/30: train_loss=1.4650 val_auc=0.8433 best=0.8433 patience=0/10 *
    [gnn] epoch 17/30: train_loss=0.7042 val_auc=0.8453 best=0.8453 patience=0/10 *
    [gnn] epoch 18/30: train_loss=0.8365 val_auc=0.8469 best=0.8469 patience=0/10 *
    [gnn] epoch 19/30: train_loss=1.0597 val_auc=0.8444 best=0.8469 patience=1/10
    [gnn] epoch 20/30: train_loss=0.9511 val_auc=0.8423 best=0.8469 patience=2/10
    [gnn] epoch 21/30: train_loss=0.6842 val_auc=0.8382 best=0.8469 patience=3/10
    [gnn] epoch 22/30: train_loss=0.7830 val_auc=0.8340 best=0.8469 patience=4/10
    [gnn] epoch 23/30: train_loss=0.9395 val_auc=0.8338 best=0.8469 patience=5/10
    [gnn] epoch 24/30: train_loss=0.8418 val_auc=0.8338 best=0.8469 patience=6/10
    [gnn] epoch 25/30: train_loss=0.6387 val_auc=0.8352 best=0.8469 patience=7/10
    [gnn] epoch 26/30: train_loss=0.6149 val_auc=0.8355 best=0.8469 patience=8/10
    [gnn] epoch 27/30: train_loss=0.6268 val_auc=0.8350 best=0.8469 patience=9/10
    [gnn] epoch 28/30: train_loss=0.5594 val_auc=0.8356 best=0.8469 patience=10/10
    [gnn] early stop at epoch 28
  [gnn] fold 87/100: AUC=0.8469
    [gnn] epoch 01/30: train_loss=1.3171 val_auc=0.7342 best=0.7342 patience=0/10 *
    [gnn] epoch 02/30: train_loss=1.2556 val_auc=0.7143 best=0.7342 patience=1/10
    [gnn] epoch 03/30: train_loss=1.1912 val_auc=0.7154 best=0.7342 patience=2/10
    [gnn] epoch 04/30: train_loss=1.1420 val_auc=0.7183 best=0.7342 patience=3/10
    [gnn] epoch 05/30: train_loss=1.1033 val_auc=0.7307 best=0.7342 patience=4/10
    [gnn] epoch 06/30: train_loss=1.0301 val_auc=0.7417 best=0.7417 patience=0/10 *
    [gnn] epoch 07/30: train_loss=0.9573 val_auc=0.7498 best=0.7498 patience=0/10 *
    [gnn] epoch 08/30: train_loss=0.9019 val_auc=0.7528 best=0.7528 patience=0/10 *
    [gnn] epoch 09/30: train_loss=0.9119 val_auc=0.7593 best=0.7593 patience=0/10 *
    [gnn] epoch 10/30: train_loss=0.8249 val_auc=0.7557 best=0.7593 patience=1/10
    [gnn] epoch 11/30: train_loss=0.8965 val_auc=0.7538 best=0.7593 patience=2/10
    [gnn] epoch 12/30: train_loss=0.8995 val_auc=0.7555 best=0.7593 patience=3/10
    [gnn] epoch 13/30: train_loss=0.6858 val_auc=0.7476 best=0.7593 patience=4/10
    [gnn] epoch 14/30: train_loss=1.1514 val_auc=0.7442 best=0.7593 patience=5/10
    [gnn] epoch 15/30: train_loss=1.1193 val_auc=0.7441 best=0.7593 patience=6/10
    [gnn] epoch 16/30: train_loss=0.5819 val_auc=0.7382 best=0.7593 patience=7/10
    [gnn] epoch 17/30: train_loss=0.7119 val_auc=0.7331 best=0.7593 patience=8/10
    [gnn] epoch 18/30: train_loss=0.8436 val_auc=0.7312 best=0.7593 patience=9/10
    [gnn] epoch 19/30: train_loss=0.6772 val_auc=0.7290 best=0.7593 patience=10/10
    [gnn] early stop at epoch 19
  [gnn] fold 88/100: AUC=0.7593
    [gnn] epoch 01/30: train_loss=1.3210 val_auc=0.7043 best=0.7043 patience=0/10 *
    [gnn] epoch 02/30: train_loss=1.2591 val_auc=0.6999 best=0.7043 patience=1/10
    [gnn] epoch 03/30: train_loss=1.1982 val_auc=0.6967 best=0.7043 patience=2/10
    [gnn] epoch 04/30: train_loss=1.1555 val_auc=0.6936 best=0.7043 patience=3/10
    [gnn] epoch 05/30: train_loss=1.0985 val_auc=0.7073 best=0.7073 patience=0/10 *
    [gnn] epoch 06/30: train_loss=1.0495 val_auc=0.7135 best=0.7135 patience=0/10 *
    [gnn] epoch 07/30: train_loss=0.9470 val_auc=0.7279 best=0.7279 patience=0/10 *
    [gnn] epoch 08/30: train_loss=0.9346 val_auc=0.7442 best=0.7442 patience=0/10 *
    [gnn] epoch 09/30: train_loss=0.8804 val_auc=0.7424 best=0.7442 patience=1/10
    [gnn] epoch 10/30: train_loss=0.8422 val_auc=0.7513 best=0.7513 patience=0/10 *
    [gnn] epoch 11/30: train_loss=0.7601 val_auc=0.7480 best=0.7513 patience=1/10
    [gnn] epoch 12/30: train_loss=0.8289 val_auc=0.7637 best=0.7637 patience=0/10 *
    [gnn] epoch 13/30: train_loss=0.7142 val_auc=0.7713 best=0.7713 patience=0/10 *
    [gnn] epoch 14/30: train_loss=0.8057 val_auc=0.7734 best=0.7734 patience=0/10 *
    [gnn] epoch 15/30: train_loss=0.7898 val_auc=0.7762 best=0.7762 patience=0/10 *
    [gnn] epoch 16/30: train_loss=0.5812 val_auc=0.7613 best=0.7762 patience=1/10
    [gnn] epoch 17/30: train_loss=1.1188 val_auc=0.7636 best=0.7762 patience=2/10
    [gnn] epoch 18/30: train_loss=1.3684 val_auc=0.7762 best=0.7762 patience=0/10 *
    [gnn] epoch 19/30: train_loss=0.9447 val_auc=0.7928 best=0.7928 patience=0/10 *
    [gnn] epoch 20/30: train_loss=0.4903 val_auc=0.7938 best=0.7938 patience=0/10 *
    [gnn] epoch 21/30: train_loss=0.5523 val_auc=0.7949 best=0.7949 patience=0/10 *
    [gnn] epoch 22/30: train_loss=0.4695 val_auc=0.7921 best=0.7949 patience=1/10
    [gnn] epoch 23/30: train_loss=0.5190 val_auc=0.7918 best=0.7949 patience=2/10
    [gnn] epoch 24/30: train_loss=0.5532 val_auc=0.7950 best=0.7950 patience=0/10 *
    [gnn] epoch 25/30: train_loss=0.3664 val_auc=0.7982 best=0.7982 patience=0/10 *
    [gnn] epoch 26/30: train_loss=0.4983 val_auc=0.8003 best=0.8003 patience=0/10 *
    [gnn] epoch 27/30: train_loss=0.5164 val_auc=0.8021 best=0.8021 patience=0/10 *
    [gnn] epoch 28/30: train_loss=0.3108 val_auc=0.7949 best=0.8021 patience=1/10
    [gnn] epoch 29/30: train_loss=0.7207 val_auc=0.7874 best=0.8021 patience=2/10
    [gnn] epoch 30/30: train_loss=1.2227 val_auc=0.7935 best=0.8021 patience=3/10
  [gnn] fold 89/100: AUC=0.8021
    [gnn] epoch 01/30: train_loss=1.3120 val_auc=0.7469 best=0.7469 patience=0/10 *
    [gnn] epoch 02/30: train_loss=1.2491 val_auc=0.7698 best=0.7698 patience=0/10 *
    [gnn] epoch 03/30: train_loss=1.2537 val_auc=0.7690 best=0.7698 patience=1/10
    [gnn] epoch 04/30: train_loss=1.1600 val_auc=0.7546 best=0.7698 patience=2/10
    [gnn] epoch 05/30: train_loss=1.0795 val_auc=0.7581 best=0.7698 patience=3/10
    [gnn] epoch 06/30: train_loss=1.0397 val_auc=0.7671 best=0.7698 patience=4/10
    [gnn] epoch 07/30: train_loss=0.9974 val_auc=0.7690 best=0.7698 patience=5/10
    [gnn] epoch 08/30: train_loss=0.9022 val_auc=0.7815 best=0.7815 patience=0/10 *
    [gnn] epoch 09/30: train_loss=0.8715 val_auc=0.7970 best=0.7970 patience=0/10 *
    [gnn] epoch 10/30: train_loss=0.8341 val_auc=0.8081 best=0.8081 patience=0/10 *
    [gnn] epoch 11/30: train_loss=0.7886 val_auc=0.8145 best=0.8145 patience=0/10 *
    [gnn] epoch 12/30: train_loss=0.7358 val_auc=0.8148 best=0.8148 patience=0/10 *
    [gnn] epoch 13/30: train_loss=0.7956 val_auc=0.8188 best=0.8188 patience=0/10 *
    [gnn] epoch 14/30: train_loss=0.6582 val_auc=0.8211 best=0.8211 patience=0/10 *
    [gnn] epoch 15/30: train_loss=0.6130 val_auc=0.8230 best=0.8230 patience=0/10 *
    [gnn] epoch 16/30: train_loss=0.6207 val_auc=0.8289 best=0.8289 patience=0/10 *
    [gnn] epoch 17/30: train_loss=0.5010 val_auc=0.8276 best=0.8289 patience=1/10
    [gnn] epoch 18/30: train_loss=0.9051 val_auc=0.8281 best=0.8289 patience=2/10
    [gnn] epoch 19/30: train_loss=0.9729 val_auc=0.8325 best=0.8325 patience=0/10 *
    [gnn] epoch 20/30: train_loss=0.4644 val_auc=0.8313 best=0.8325 patience=1/10
    [gnn] epoch 21/30: train_loss=0.7988 val_auc=0.8317 best=0.8325 patience=2/10
    [gnn] epoch 22/30: train_loss=0.9911 val_auc=0.8331 best=0.8331 patience=0/10 *
    [gnn] epoch 23/30: train_loss=0.6955 val_auc=0.8380 best=0.8380 patience=0/10 *
    [gnn] epoch 24/30: train_loss=0.3973 val_auc=0.8382 best=0.8382 patience=0/10 *
    [gnn] epoch 25/30: train_loss=0.5357 val_auc=0.8391 best=0.8391 patience=0/10 *
    [gnn] epoch 26/30: train_loss=0.3903 val_auc=0.8385 best=0.8391 patience=1/10
    [gnn] epoch 27/30: train_loss=0.4793 val_auc=0.8412 best=0.8412 patience=0/10 *
    [gnn] epoch 28/30: train_loss=0.4915 val_auc=0.8442 best=0.8442 patience=0/10 *
    [gnn] epoch 29/30: train_loss=0.3257 val_auc=0.8441 best=0.8442 patience=1/10
    [gnn] epoch 30/30: train_loss=0.7795 val_auc=0.8440 best=0.8442 patience=2/10
  [gnn] fold 90/100: AUC=0.8442
    [gnn] epoch 01/30: train_loss=1.3146 val_auc=0.6733 best=0.6733 patience=0/10 *
    [gnn] epoch 02/30: train_loss=1.2601 val_auc=0.7183 best=0.7183 patience=0/10 *
    [gnn] epoch 03/30: train_loss=1.1920 val_auc=0.7435 best=0.7435 patience=0/10 *
    [gnn] epoch 04/30: train_loss=1.1298 val_auc=0.7604 best=0.7604 patience=0/10 *
    [gnn] epoch 05/30: train_loss=1.0754 val_auc=0.7644 best=0.7644 patience=0/10 *
    [gnn] epoch 06/30: train_loss=1.1048 val_auc=0.7664 best=0.7664 patience=0/10 *
    [gnn] epoch 07/30: train_loss=0.9601 val_auc=0.7675 best=0.7675 patience=0/10 *
    [gnn] epoch 08/30: train_loss=1.1233 val_auc=0.7670 best=0.7675 patience=1/10
    [gnn] epoch 09/30: train_loss=1.0471 val_auc=0.7713 best=0.7713 patience=0/10 *
    [gnn] epoch 10/30: train_loss=0.8574 val_auc=0.7706 best=0.7713 patience=1/10
    [gnn] epoch 11/30: train_loss=0.8996 val_auc=0.7735 best=0.7735 patience=0/10 *
    [gnn] epoch 12/30: train_loss=0.8359 val_auc=0.7731 best=0.7735 patience=1/10
    [gnn] epoch 13/30: train_loss=0.7809 val_auc=0.7746 best=0.7746 patience=0/10 *
    [gnn] epoch 14/30: train_loss=0.8093 val_auc=0.7740 best=0.7746 patience=1/10
    [gnn] epoch 15/30: train_loss=0.8287 val_auc=0.7739 best=0.7746 patience=2/10
    [gnn] epoch 16/30: train_loss=0.6627 val_auc=0.7752 best=0.7752 patience=0/10 *
    [gnn] epoch 17/30: train_loss=0.6670 val_auc=0.7760 best=0.7760 patience=0/10 *
    [gnn] epoch 18/30: train_loss=0.5775 val_auc=0.7795 best=0.7795 patience=0/10 *
    [gnn] epoch 19/30: train_loss=0.5779 val_auc=0.7816 best=0.7816 patience=0/10 *
    [gnn] epoch 20/30: train_loss=0.5480 val_auc=0.7828 best=0.7828 patience=0/10 *
    [gnn] epoch 21/30: train_loss=0.4869 val_auc=0.7830 best=0.7830 patience=0/10 *
    [gnn] epoch 22/30: train_loss=0.4492 val_auc=0.7860 best=0.7860 patience=0/10 *
    [gnn] epoch 23/30: train_loss=0.4042 val_auc=0.7863 best=0.7863 patience=0/10 *
    [gnn] epoch 24/30: train_loss=0.4162 val_auc=0.7866 best=0.7866 patience=0/10 *
    [gnn] epoch 25/30: train_loss=0.3492 val_auc=0.7886 best=0.7886 patience=0/10 *
    [gnn] epoch 26/30: train_loss=0.3600 val_auc=0.7886 best=0.7886 patience=0/10 *
    [gnn] epoch 27/30: train_loss=0.3222 val_auc=0.7898 best=0.7898 patience=0/10 *
    [gnn] epoch 28/30: train_loss=0.2862 val_auc=0.7906 best=0.7906 patience=0/10 *
    [gnn] epoch 29/30: train_loss=0.2752 val_auc=0.7923 best=0.7923 patience=0/10 *
    [gnn] epoch 30/30: train_loss=0.2681 val_auc=0.7926 best=0.7926 patience=0/10 *
  [gnn] fold 91/100: AUC=0.7926
    [gnn] epoch 01/30: train_loss=1.3148 val_auc=0.7574 best=0.7574 patience=0/10 *
    [gnn] epoch 02/30: train_loss=1.2504 val_auc=0.7684 best=0.7684 patience=0/10 *
    [gnn] epoch 03/30: train_loss=1.1967 val_auc=0.7632 best=0.7684 patience=1/10
    [gnn] epoch 04/30: train_loss=1.1658 val_auc=0.7777 best=0.7777 patience=0/10 *
    [gnn] epoch 05/30: train_loss=1.0932 val_auc=0.7769 best=0.7777 patience=1/10
    [gnn] epoch 06/30: train_loss=1.0584 val_auc=0.7744 best=0.7777 patience=2/10
    [gnn] epoch 07/30: train_loss=0.9631 val_auc=0.7735 best=0.7777 patience=3/10
    [gnn] epoch 08/30: train_loss=0.9040 val_auc=0.7519 best=0.7777 patience=4/10
    [gnn] epoch 09/30: train_loss=0.9483 val_auc=0.7635 best=0.7777 patience=5/10
    [gnn] epoch 10/30: train_loss=0.7907 val_auc=0.7761 best=0.7777 patience=6/10
    [gnn] epoch 11/30: train_loss=0.9654 val_auc=0.7762 best=0.7777 patience=7/10
    [gnn] epoch 12/30: train_loss=0.9803 val_auc=0.7678 best=0.7777 patience=8/10
    [gnn] epoch 13/30: train_loss=0.7103 val_auc=0.7476 best=0.7777 patience=9/10
    [gnn] epoch 14/30: train_loss=1.0700 val_auc=0.7519 best=0.7777 patience=10/10
    [gnn] early stop at epoch 14
  [gnn] fold 92/100: AUC=0.7777
    [gnn] epoch 01/30: train_loss=1.3228 val_auc=0.7501 best=0.7501 patience=0/10 *
    [gnn] epoch 02/30: train_loss=1.2650 val_auc=0.7627 best=0.7627 patience=0/10 *
    [gnn] epoch 03/30: train_loss=1.2065 val_auc=0.7913 best=0.7913 patience=0/10 *
    [gnn] epoch 04/30: train_loss=1.1319 val_auc=0.7861 best=0.7913 patience=1/10
    [gnn] epoch 05/30: train_loss=1.0452 val_auc=0.7825 best=0.7913 patience=2/10
    [gnn] epoch 06/30: train_loss=0.9837 val_auc=0.7847 best=0.7913 patience=3/10
    [gnn] epoch 07/30: train_loss=0.9578 val_auc=0.7937 best=0.7937 patience=0/10 *
    [gnn] epoch 08/30: train_loss=1.0052 val_auc=0.7941 best=0.7941 patience=0/10 *
    [gnn] epoch 09/30: train_loss=0.8342 val_auc=0.7856 best=0.7941 patience=1/10
    [gnn] epoch 10/30: train_loss=1.3023 val_auc=0.7895 best=0.7941 patience=2/10
    [gnn] epoch 11/30: train_loss=1.3070 val_auc=0.7961 best=0.7961 patience=0/10 *
    [gnn] epoch 12/30: train_loss=0.8645 val_auc=0.7961 best=0.7961 patience=1/10
    [gnn] epoch 13/30: train_loss=0.9463 val_auc=0.7954 best=0.7961 patience=2/10
    [gnn] epoch 14/30: train_loss=1.0827 val_auc=0.7888 best=0.7961 patience=3/10
    [gnn] epoch 15/30: train_loss=0.8705 val_auc=0.7817 best=0.7961 patience=4/10
    [gnn] epoch 16/30: train_loss=0.7322 val_auc=0.7796 best=0.7961 patience=5/10
    [gnn] epoch 17/30: train_loss=0.7185 val_auc=0.7804 best=0.7961 patience=6/10
    [gnn] epoch 18/30: train_loss=0.6355 val_auc=0.7809 best=0.7961 patience=7/10
    [gnn] epoch 19/30: train_loss=0.6345 val_auc=0.7822 best=0.7961 patience=8/10
    [gnn] epoch 20/30: train_loss=0.5467 val_auc=0.7785 best=0.7961 patience=9/10
    [gnn] epoch 21/30: train_loss=0.7086 val_auc=0.7810 best=0.7961 patience=10/10
    [gnn] early stop at epoch 21
  [gnn] fold 93/100: AUC=0.7961
    [gnn] epoch 01/30: train_loss=1.3231 val_auc=0.7628 best=0.7628 patience=0/10 *
    [gnn] epoch 02/30: train_loss=1.2686 val_auc=0.7758 best=0.7758 patience=0/10 *
    [gnn] epoch 03/30: train_loss=1.2143 val_auc=0.7802 best=0.7802 patience=0/10 *
    [gnn] epoch 04/30: train_loss=1.1544 val_auc=0.7848 best=0.7848 patience=0/10 *
    [gnn] epoch 05/30: train_loss=1.0799 val_auc=0.7775 best=0.7848 patience=1/10
    [gnn] epoch 06/30: train_loss=1.0907 val_auc=0.7852 best=0.7852 patience=0/10 *
    [gnn] epoch 07/30: train_loss=0.9597 val_auc=0.7915 best=0.7915 patience=0/10 *
    [gnn] epoch 08/30: train_loss=1.0443 val_auc=0.7955 best=0.7955 patience=0/10 *
    [gnn] epoch 09/30: train_loss=0.8888 val_auc=0.7861 best=0.7955 patience=1/10
    [gnn] epoch 10/30: train_loss=1.1009 val_auc=0.7866 best=0.7955 patience=2/10
    [gnn] epoch 11/30: train_loss=1.2648 val_auc=0.8045 best=0.8045 patience=0/10 *
    [gnn] epoch 12/30: train_loss=0.8361 val_auc=0.8143 best=0.8143 patience=0/10 *
    [gnn] epoch 13/30: train_loss=0.9216 val_auc=0.8187 best=0.8187 patience=0/10 *
    [gnn] epoch 14/30: train_loss=1.0649 val_auc=0.8200 best=0.8200 patience=0/10 *
    [gnn] epoch 15/30: train_loss=0.8332 val_auc=0.8169 best=0.8200 patience=1/10
    [gnn] epoch 16/30: train_loss=0.7157 val_auc=0.8202 best=0.8202 patience=0/10 *
    [gnn] epoch 17/30: train_loss=0.7722 val_auc=0.8250 best=0.8250 patience=0/10 *
    [gnn] epoch 18/30: train_loss=0.6926 val_auc=0.8335 best=0.8335 patience=0/10 *
    [gnn] epoch 19/30: train_loss=0.7162 val_auc=0.8401 best=0.8401 patience=0/10 *
    [gnn] epoch 20/30: train_loss=0.6888 val_auc=0.8398 best=0.8401 patience=1/10
    [gnn] epoch 21/30: train_loss=0.5645 val_auc=0.8369 best=0.8401 patience=2/10
    [gnn] epoch 22/30: train_loss=0.7592 val_auc=0.8360 best=0.8401 patience=3/10
    [gnn] epoch 23/30: train_loss=0.9686 val_auc=0.8416 best=0.8416 patience=0/10 *
    [gnn] epoch 24/30: train_loss=0.7010 val_auc=0.8487 best=0.8487 patience=0/10 *
    [gnn] epoch 25/30: train_loss=0.4979 val_auc=0.8512 best=0.8512 patience=0/10 *
    [gnn] epoch 26/30: train_loss=0.6237 val_auc=0.8526 best=0.8526 patience=0/10 *
    [gnn] epoch 27/30: train_loss=0.6879 val_auc=0.8526 best=0.8526 patience=0/10 *
    [gnn] epoch 28/30: train_loss=0.5168 val_auc=0.8518 best=0.8526 patience=1/10
    [gnn] epoch 29/30: train_loss=0.3884 val_auc=0.8527 best=0.8527 patience=0/10 *
    [gnn] epoch 30/30: train_loss=0.4618 val_auc=0.8538 best=0.8538 patience=0/10 *
  [gnn] fold 94/100: AUC=0.8538
    [gnn] epoch 01/30: train_loss=1.3236 val_auc=0.7291 best=0.7291 patience=0/10 *
    [gnn] epoch 02/30: train_loss=1.2845 val_auc=0.7730 best=0.7730 patience=0/10 *
    [gnn] epoch 03/30: train_loss=1.2287 val_auc=0.7823 best=0.7823 patience=0/10 *
    [gnn] epoch 04/30: train_loss=1.1679 val_auc=0.8024 best=0.8024 patience=0/10 *
    [gnn] epoch 05/30: train_loss=1.0994 val_auc=0.8113 best=0.8113 patience=0/10 *
    [gnn] epoch 06/30: train_loss=1.0272 val_auc=0.8170 best=0.8170 patience=0/10 *
    [gnn] epoch 07/30: train_loss=0.9605 val_auc=0.8247 best=0.8247 patience=0/10 *
    [gnn] epoch 08/30: train_loss=0.9487 val_auc=0.8253 best=0.8253 patience=0/10 *
    [gnn] epoch 09/30: train_loss=1.0055 val_auc=0.8304 best=0.8304 patience=0/10 *
    [gnn] epoch 10/30: train_loss=0.8274 val_auc=0.8369 best=0.8369 patience=0/10 *
    [gnn] epoch 11/30: train_loss=1.1058 val_auc=0.8369 best=0.8369 patience=1/10
    [gnn] epoch 12/30: train_loss=1.0907 val_auc=0.8382 best=0.8382 patience=0/10 *
    [gnn] epoch 13/30: train_loss=0.7357 val_auc=0.8220 best=0.8382 patience=1/10
    [gnn] epoch 14/30: train_loss=1.5221 val_auc=0.8220 best=0.8382 patience=2/10
    [gnn] epoch 15/30: train_loss=1.9486 val_auc=0.8276 best=0.8382 patience=3/10
    [gnn] epoch 16/30: train_loss=1.3683 val_auc=0.8444 best=0.8444 patience=0/10 *
    [gnn] epoch 17/30: train_loss=0.6774 val_auc=0.8479 best=0.8479 patience=0/10 *
    [gnn] epoch 18/30: train_loss=0.9220 val_auc=0.8508 best=0.8508 patience=0/10 *
    [gnn] epoch 19/30: train_loss=1.1146 val_auc=0.8517 best=0.8517 patience=0/10 *
    [gnn] epoch 20/30: train_loss=1.0067 val_auc=0.8509 best=0.8517 patience=1/10
    [gnn] epoch 21/30: train_loss=0.7390 val_auc=0.8466 best=0.8517 patience=2/10
    [gnn] epoch 22/30: train_loss=0.7297 val_auc=0.8449 best=0.8517 patience=3/10
    [gnn] epoch 23/30: train_loss=0.8317 val_auc=0.8463 best=0.8517 patience=4/10
    [gnn] epoch 24/30: train_loss=0.7192 val_auc=0.8482 best=0.8517 patience=5/10
    [gnn] epoch 25/30: train_loss=0.6222 val_auc=0.8508 best=0.8517 patience=6/10
    [gnn] epoch 26/30: train_loss=0.6466 val_auc=0.8526 best=0.8526 patience=0/10 *
    [gnn] epoch 27/30: train_loss=0.6120 val_auc=0.8514 best=0.8526 patience=1/10
    [gnn] epoch 28/30: train_loss=0.5227 val_auc=0.8505 best=0.8526 patience=2/10
    [gnn] epoch 29/30: train_loss=0.6061 val_auc=0.8514 best=0.8526 patience=3/10
    [gnn] epoch 30/30: train_loss=0.6609 val_auc=0.8539 best=0.8539 patience=0/10 *
  [gnn] fold 95/100: AUC=0.8539
    [gnn] epoch 01/30: train_loss=1.3311 val_auc=0.8493 best=0.8493 patience=0/10 *
    [gnn] epoch 02/30: train_loss=1.3065 val_auc=0.8697 best=0.8697 patience=0/10 *
    [gnn] epoch 03/30: train_loss=1.2321 val_auc=0.8495 best=0.8697 patience=1/10
    [gnn] epoch 04/30: train_loss=1.2058 val_auc=0.8513 best=0.8697 patience=2/10
    [gnn] epoch 05/30: train_loss=1.1562 val_auc=0.8528 best=0.8697 patience=3/10
    [gnn] epoch 06/30: train_loss=1.1205 val_auc=0.8544 best=0.8697 patience=4/10
    [gnn] epoch 07/30: train_loss=1.0254 val_auc=0.8498 best=0.8697 patience=5/10
    [gnn] epoch 08/30: train_loss=0.9660 val_auc=0.8484 best=0.8697 patience=6/10
    [gnn] epoch 09/30: train_loss=0.9135 val_auc=0.8528 best=0.8697 patience=7/10
    [gnn] epoch 10/30: train_loss=0.8337 val_auc=0.8384 best=0.8697 patience=8/10
    [gnn] epoch 11/30: train_loss=0.9528 val_auc=0.8493 best=0.8697 patience=9/10
    [gnn] epoch 12/30: train_loss=0.7658 val_auc=0.8564 best=0.8697 patience=10/10
    [gnn] early stop at epoch 12
  [gnn] fold 96/100: AUC=0.8697
    [gnn] epoch 01/30: train_loss=1.3165 val_auc=0.7501 best=0.7501 patience=0/10 *
    [gnn] epoch 02/30: train_loss=1.2438 val_auc=0.7557 best=0.7557 patience=0/10 *
    [gnn] epoch 03/30: train_loss=1.1857 val_auc=0.7544 best=0.7557 patience=1/10
    [gnn] epoch 04/30: train_loss=1.1318 val_auc=0.7958 best=0.7958 patience=0/10 *
    [gnn] epoch 05/30: train_loss=1.0770 val_auc=0.7886 best=0.7958 patience=1/10
    [gnn] epoch 06/30: train_loss=1.0493 val_auc=0.7979 best=0.7979 patience=0/10 *
    [gnn] epoch 07/30: train_loss=0.9168 val_auc=0.7969 best=0.7979 patience=1/10
    [gnn] epoch 08/30: train_loss=0.8520 val_auc=0.7983 best=0.7983 patience=0/10 *
    [gnn] epoch 09/30: train_loss=0.7912 val_auc=0.7998 best=0.7998 patience=0/10 *
    [gnn] epoch 10/30: train_loss=0.7532 val_auc=0.8040 best=0.8040 patience=0/10 *
    [gnn] epoch 11/30: train_loss=0.8595 val_auc=0.7999 best=0.8040 patience=1/10
    [gnn] epoch 12/30: train_loss=0.7015 val_auc=0.7890 best=0.8040 patience=2/10
    [gnn] epoch 13/30: train_loss=1.4866 val_auc=0.7914 best=0.8040 patience=3/10
    [gnn] epoch 14/30: train_loss=1.4964 val_auc=0.8103 best=0.8103 patience=0/10 *
    [gnn] epoch 15/30: train_loss=0.7616 val_auc=0.8217 best=0.8217 patience=0/10 *
    [gnn] epoch 16/30: train_loss=0.8582 val_auc=0.8239 best=0.8239 patience=0/10 *
    [gnn] epoch 17/30: train_loss=1.0503 val_auc=0.8239 best=0.8239 patience=1/10
    [gnn] epoch 18/30: train_loss=0.8075 val_auc=0.8174 best=0.8239 patience=2/10
    [gnn] epoch 19/30: train_loss=0.5054 val_auc=0.8182 best=0.8239 patience=3/10
    [gnn] epoch 20/30: train_loss=0.7032 val_auc=0.8227 best=0.8239 patience=4/10
    [gnn] epoch 21/30: train_loss=0.5283 val_auc=0.8296 best=0.8296 patience=0/10 *
    [gnn] epoch 22/30: train_loss=0.6405 val_auc=0.8310 best=0.8310 patience=0/10 *
    [gnn] epoch 23/30: train_loss=0.6384 val_auc=0.8291 best=0.8310 patience=1/10
    [gnn] epoch 24/30: train_loss=0.4370 val_auc=0.8285 best=0.8310 patience=2/10
    [gnn] epoch 25/30: train_loss=0.8688 val_auc=0.8281 best=0.8310 patience=3/10
    [gnn] epoch 26/30: train_loss=1.0704 val_auc=0.8313 best=0.8313 patience=0/10 *
    [gnn] epoch 27/30: train_loss=0.5555 val_auc=0.8371 best=0.8371 patience=0/10 *
    [gnn] epoch 28/30: train_loss=0.4497 val_auc=0.8392 best=0.8392 patience=0/10 *
    [gnn] epoch 29/30: train_loss=0.5281 val_auc=0.8381 best=0.8392 patience=1/10
    [gnn] epoch 30/30: train_loss=0.3755 val_auc=0.8347 best=0.8392 patience=2/10
  [gnn] fold 97/100: AUC=0.8392
    [gnn] epoch 01/30: train_loss=1.3178 val_auc=0.7482 best=0.7482 patience=0/10 *
    [gnn] epoch 02/30: train_loss=1.2563 val_auc=0.7845 best=0.7845 patience=0/10 *
    [gnn] epoch 03/30: train_loss=1.2106 val_auc=0.7924 best=0.7924 patience=0/10 *
    [gnn] epoch 04/30: train_loss=1.1537 val_auc=0.8015 best=0.8015 patience=0/10 *
    [gnn] epoch 05/30: train_loss=1.0794 val_auc=0.8033 best=0.8033 patience=0/10 *
    [gnn] epoch 06/30: train_loss=1.0351 val_auc=0.8176 best=0.8176 patience=0/10 *
    [gnn] epoch 07/30: train_loss=0.9392 val_auc=0.8230 best=0.8230 patience=0/10 *
    [gnn] epoch 08/30: train_loss=0.8598 val_auc=0.8310 best=0.8310 patience=0/10 *
    [gnn] epoch 09/30: train_loss=0.8605 val_auc=0.8310 best=0.8310 patience=1/10
    [gnn] epoch 10/30: train_loss=0.8135 val_auc=0.8353 best=0.8353 patience=0/10 *
    [gnn] epoch 11/30: train_loss=0.7601 val_auc=0.8357 best=0.8357 patience=0/10 *
    [gnn] epoch 12/30: train_loss=0.6796 val_auc=0.8291 best=0.8357 patience=1/10
    [gnn] epoch 13/30: train_loss=0.8590 val_auc=0.8341 best=0.8357 patience=2/10
    [gnn] epoch 14/30: train_loss=0.7924 val_auc=0.8401 best=0.8401 patience=0/10 *
    [gnn] epoch 15/30: train_loss=0.6672 val_auc=0.8384 best=0.8401 patience=1/10
    [gnn] epoch 16/30: train_loss=0.6816 val_auc=0.8327 best=0.8401 patience=2/10
    [gnn] epoch 17/30: train_loss=0.6091 val_auc=0.8317 best=0.8401 patience=3/10
    [gnn] epoch 18/30: train_loss=0.5684 val_auc=0.8337 best=0.8401 patience=4/10
    [gnn] epoch 19/30: train_loss=0.5830 val_auc=0.8341 best=0.8401 patience=5/10
    [gnn] epoch 20/30: train_loss=0.5211 val_auc=0.8292 best=0.8401 patience=6/10
    [gnn] epoch 21/30: train_loss=0.5891 val_auc=0.8296 best=0.8401 patience=7/10
    [gnn] epoch 22/30: train_loss=0.5280 val_auc=0.8316 best=0.8401 patience=8/10
    [gnn] epoch 23/30: train_loss=0.4133 val_auc=0.8315 best=0.8401 patience=9/10
    [gnn] epoch 24/30: train_loss=0.3826 val_auc=0.8277 best=0.8401 patience=10/10
    [gnn] early stop at epoch 24
  [gnn] fold 98/100: AUC=0.8401
    [gnn] epoch 01/30: train_loss=1.3092 val_auc=0.7644 best=0.7644 patience=0/10 *
    [gnn] epoch 02/30: train_loss=1.2380 val_auc=0.8045 best=0.8045 patience=0/10 *
    [gnn] epoch 03/30: train_loss=1.2745 val_auc=0.8051 best=0.8051 patience=0/10 *
    [gnn] epoch 04/30: train_loss=1.1625 val_auc=0.7993 best=0.8051 patience=1/10
    [gnn] epoch 05/30: train_loss=1.1134 val_auc=0.8283 best=0.8283 patience=0/10 *
    [gnn] epoch 06/30: train_loss=1.0667 val_auc=0.8284 best=0.8284 patience=0/10 *
    [gnn] epoch 07/30: train_loss=0.9988 val_auc=0.8193 best=0.8284 patience=1/10
    [gnn] epoch 08/30: train_loss=1.0076 val_auc=0.8215 best=0.8284 patience=2/10
    [gnn] epoch 09/30: train_loss=0.9295 val_auc=0.8220 best=0.8284 patience=3/10
    [gnn] epoch 10/30: train_loss=0.9314 val_auc=0.8179 best=0.8284 patience=4/10
    [gnn] epoch 11/30: train_loss=0.8633 val_auc=0.8120 best=0.8284 patience=5/10
    [gnn] epoch 12/30: train_loss=0.7609 val_auc=0.8116 best=0.8284 patience=6/10
    [gnn] epoch 13/30: train_loss=0.7198 val_auc=0.8164 best=0.8284 patience=7/10
    [gnn] epoch 14/30: train_loss=0.6563 val_auc=0.8195 best=0.8284 patience=8/10
    [gnn] epoch 15/30: train_loss=0.6039 val_auc=0.8171 best=0.8284 patience=9/10
    [gnn] epoch 16/30: train_loss=0.6136 val_auc=0.8216 best=0.8284 patience=10/10
    [gnn] early stop at epoch 16
  [gnn] fold 99/100: AUC=0.8284
    [gnn] epoch 01/30: train_loss=1.3146 val_auc=0.6728 best=0.6728 patience=0/10 *
    [gnn] epoch 02/30: train_loss=1.2394 val_auc=0.7007 best=0.7007 patience=0/10 *
    [gnn] epoch 03/30: train_loss=1.1865 val_auc=0.7169 best=0.7169 patience=0/10 *
    [gnn] epoch 04/30: train_loss=1.1393 val_auc=0.7080 best=0.7169 patience=1/10
    [gnn] epoch 05/30: train_loss=1.0698 val_auc=0.7097 best=0.7169 patience=2/10
    [gnn] epoch 06/30: train_loss=1.0143 val_auc=0.7151 best=0.7169 patience=3/10
    [gnn] epoch 07/30: train_loss=0.9578 val_auc=0.7153 best=0.7169 patience=4/10
    [gnn] epoch 08/30: train_loss=0.8957 val_auc=0.7158 best=0.7169 patience=5/10
    [gnn] epoch 09/30: train_loss=0.8229 val_auc=0.7170 best=0.7170 patience=0/10 *
    [gnn] epoch 10/30: train_loss=0.8279 val_auc=0.7212 best=0.7212 patience=0/10 *
    [gnn] epoch 11/30: train_loss=0.7260 val_auc=0.7254 best=0.7254 patience=0/10 *
    [gnn] epoch 12/30: train_loss=0.6492 val_auc=0.7306 best=0.7306 patience=0/10 *
    [gnn] epoch 13/30: train_loss=0.5898 val_auc=0.7346 best=0.7346 patience=0/10 *
    [gnn] epoch 14/30: train_loss=0.5640 val_auc=0.7406 best=0.7406 patience=0/10 *
    [gnn] epoch 15/30: train_loss=0.8411 val_auc=0.7412 best=0.7412 patience=0/10 *
    [gnn] epoch 16/30: train_loss=0.6300 val_auc=0.7368 best=0.7412 patience=1/10
    [gnn] epoch 17/30: train_loss=0.6073 val_auc=0.7366 best=0.7412 patience=2/10
    [gnn] epoch 18/30: train_loss=0.5939 val_auc=0.7394 best=0.7412 patience=3/10
    [gnn] epoch 19/30: train_loss=0.5728 val_auc=0.7395 best=0.7412 patience=4/10
    [gnn] epoch 20/30: train_loss=0.4843 val_auc=0.7389 best=0.7412 patience=5/10
    [gnn] epoch 21/30: train_loss=0.5176 val_auc=0.7403 best=0.7412 patience=6/10
    [gnn] epoch 22/30: train_loss=0.4806 val_auc=0.7420 best=0.7420 patience=0/10 *
    [gnn] epoch 23/30: train_loss=0.4454 val_auc=0.7425 best=0.7425 patience=0/10 *
    [gnn] epoch 24/30: train_loss=0.3857 val_auc=0.7427 best=0.7427 patience=0/10 *
    [gnn] epoch 25/30: train_loss=0.3831 val_auc=0.7440 best=0.7440 patience=0/10 *
    [gnn] epoch 26/30: train_loss=0.3169 val_auc=0.7448 best=0.7448 patience=0/10 *
    [gnn] epoch 27/30: train_loss=0.5610 val_auc=0.7450 best=0.7450 patience=0/10 *
    [gnn] epoch 28/30: train_loss=0.5368 val_auc=0.7466 best=0.7466 patience=0/10 *
    [gnn] epoch 29/30: train_loss=0.2412 val_auc=0.7454 best=0.7466 patience=1/10
    [gnn] epoch 30/30: train_loss=0.2356 val_auc=0.7463 best=0.7466 patience=2/10
  [gnn] fold 100/100: AUC=0.7466
gnn: mean=0.8195, std=0.0449, q25=0.7959, q10=0.7466 over 100 folds
