fold,bidder_id,y_true,y_prob
0,624f258b49e77713fc34034560f93fb3hu3jo,0,0.05660909414291382
0,25558d24bca82beef0f9db4ba1fe2045ynnvq,0,0.04995141550898552
0,1b26a52e1e5980c8487bb35cf5027fdfwfnzp,0,0.06168930232524872
0,c0549e76b179912d52a28c3eb9b29376yaxvu,0,0.06151941418647766
0,880f542a275df1251612886d408b32e8m96cp,0,0.053667888045310974
0,25d75fd439571c1d9b946f5ec833786063vom,0,0.05917004868388176
0,99acffc3cd9bfcd00668dbf472a1979350mxk,0,0.057295966893434525
0,11a38554244f3c14de043aaf52345c35jjqvo,0,0.691677987575531
0,a22fdc066a738070c6e4860924d06657hengu,0,0.9217002987861633
0,c62bac5be6489bc0e0a7834a11167171c8ww3,0,0.6150456666946411
0,98783b6bd490f32f56c315307643c824nimw1,0,0.056315742433071136
0,5f50c6187a179e2ee7ba2fbcfc845c7a1smgr,0,0.0505516454577446
0,9434778d2268f1fa2a8ede48c0cd05c097zey,1,0.7133153676986694
0,5686520af5a4215a239418fec906f88e4she5,0,0.057911790907382965
0,e98d8f348b266653b6784329782fd2e91vu3h,0,0.17006219923496246
0,19815d9bcdc74c3ddfb9ff210c1739f3tup3i,0,0.05693937838077545
0,1cbd9081de4481ada66f1853737f7684ddjd1,1,0.9571340680122375
0,e78cb9678684d649453cd5e1e46baf462lq87,0,0.057528506964445114
0,c5babbaace35399cf51a9356bbc22733xpi5h,0,0.06056872010231018
0,1cd8d86911413c73e92ad1170cae68c3pocsn,0,0.7343466877937317
0,1ae57d217b27820cabf6e24b721bfb38s6ja0,0,0.06181759387254715
0,21580623ea81c5b0b82aaf74890218e5mio2z,0,0.05833587422966957
0,806a46eb814ec7a09bfffcf38b0763d344tc3,0,0.059824299067258835
0,80e753fbea14f966b1fc6d1e194d4e66822ms,0,0.7858603596687317
0,d0231e5200b870c055db7e3daae24bc8lt7at,0,0.048895902931690216
0,d27221cf2bfaf0fa7a60ffd3e1e3a53efagvp,0,0.9487947821617126
0,d5f997729fd5a0aa13307e027804de515jziv,0,0.7553485035896301
0,9653f425ed82418570fbca890f7032b16sjjd,0,0.04943466559052467
0,671fb1e314a1f480ba9ad9b5a1cf6a91w1k2f,0,0.04968995973467827
0,961ab8cb7952191816db53f8a11a35fe1zecm,0,0.050233833491802216
0,99fc8ed25265e58bc94d9d95180badf4t2e3i,0,0.10788688063621521
0,74ecf5f9adfa4dcca4dcf020209db81arynmk,0,0.058955106884241104
0,10383b390780e7b4b03dc32c94b4973f66wou,0,0.05857838690280914
0,2c72df02de4b36acf72ba549630808612ol08,0,0.05580040067434311
0,e613acb1029ecafd9792c9f75d468e4bmm9zn,0,0.0565623864531517
0,f186d292f4e83f70a92c97f92993f655ygqzw,0,0.059089671820402145
0,8ec8add138ed551bd5a9175eae0cb972ie0pk,0,0.04925236105918884
0,88103add66b7113729a9ca82540684c9il94h,0,0.06269019842147827
0,6a87cc9dacae884e817de2ee08452e76dx9mn,0,0.05938290059566498
0,4741959d26f99012b8a6a3e3954eae40hsy6j,0,0.05790427327156067
0,8b4071f3e2702b88481054081363bc15her3f,0,0.9579742550849915
0,e0413f338c43c9d55ba53612d2068f65t4gs6,0,0.09901943057775497
0,b8e47f06aef714b37073e72ac40a8100mew9c,0,0.05734925717115402
0,d6d68e218a6cafa246ed31185b09e1e1fsu8x,0,0.05632595345377922
0,666e1e141862a646afaa2b71fc7d2c25r1b4h,0,0.053739551454782486
0,2918b09c1ed9e9e8602f85175b266aeej5v6w,0,0.0857987180352211
0,124727083cd4159b40ff8d4b36a89340l6fga,0,0.06002941355109215
0,cd856579a7c4850b60d8763520339449x0mqg,0,0.0576954111456871
0,4679df74080bc22e29676bddc5bcbf51gsyds,0,0.0550997331738472
0,e3ea1d5464543a1ef3a9b60394fc4ab6i1jk3,0,0.05233483761548996
0,01a39439e7afbdcfe385eedbddb23d76zgdrg,0,0.05255313590168953
0,eebfd257525e52b67969ae9d8760afff12j3d,0,0.0576871894299984
0,3d8cccb637b990ec64d662d66ec059cfn1p3p,0,0.055014900863170624
0,f46cfa9acdb6a4c419c70c19be4ff9523uixs,0,0.05357468128204346
0,dfd5c9157a0a771f235c32f30aedbf84e2552,0,0.055964719504117966
0,62ac0de5f8776ca1d189297bdea9a64cmewb9,0,0.05934751033782959
0,28c9a5ea8aae9fb4f6a755f94cd922361v9ow,0,0.7836548089981079
0,b9080651d16e3d6d2d83e1c5debb55b0qpwbv,0,0.05740253999829292
0,c8d972b803b46212369cf1b480328dcehb9jl,0,0.05955592915415764
0,b64c209b3d1d91a663d134961af89125u0s9a,0,0.0505516454577446
0,ead2ec4563ba25a9e9d417f1964b7504teqtp,0,0.8991737961769104
0,28aa6c505e308e49e586e25e1897ed2axjiy0,0,0.05534800887107849
0,5850b68151cf0760e94acb39c4dfa02026k4u,0,0.057892438024282455
0,037d9f10da403d8d5f94b6e2957a3702f6x07,0,0.7785704731941223
0,f876e3be4038da62f49234ee498feb732gdcl,0,0.059519920498132706
0,585b938fd44968d0d59fcac453cfb3b8p8nti,0,0.8206453323364258
0,c08e5e3325e2f4fea171f24ca018e675we8kj,0,0.0505516454577446
0,cf456f3c8c409ec4060142acfdabb5bbqpx7q,0,0.05591066554188728
0,c69e65de28937ebe1b94e7785afd94158thqk,0,0.9228882789611816
0,29544507566320f1125d8e9f9a0ab3f2jswhk,0,0.9042565226554871
0,1680f758aecded6e25096b3a6199b38en6n73,0,0.0595712848007679
0,1b0534afb7c02bb023bd4767ae73f17dqzqdu,0,0.8729328513145447
0,fb5a19240e36ae12aaccc1e9d9231144l32hv,0,0.052482131868600845
0,27cc072f1432f7aec4b7e17cf2e473f2x3bjg,0,0.955188512802124
0,ea6c07fbbfc3f0e549701b1e7b90c4d21zfjl,0,0.05738833546638489
0,3733f7ea492eef1f69f98593d2122c50xwcha,0,0.06132383272051811
0,7f4e84da8ed11f4ea3a2d276f49949b7o31us,0,0.05728971213102341
0,22401c4dc0cb1e5d52da01ebb8b2839cdoauo,0,0.049093443900346756
0,c18cfb38fe1c4c01705391422177265cn9w5x,0,0.05867277458310127
0,ca0c049b8c37c99ef93b6086e9947135onppq,0,0.049640435725450516
0,7fab82fa5eaea6a44eb743bc4bf356b3tarle,1,0.05827399715781212
0,dcac75b5ccc362a66e7f9112f033bdebchxq4,0,0.06041673943400383
0,65659f3fbf6207c570c4bb8ac64772e9umh95,0,0.06214168295264244
0,ca0331fc37db2b251a012376f7b987fcma2jw,0,0.9595286250114441
0,b42ef139c2dfbff8356e8886d2b109e06riso,0,0.05872486159205437
0,b970a53727b2bfaf02079779c846a52fj3f0q,0,0.06178160756826401
0,3995d9ce0cebd62d77cb8add067d93e15oezc,0,0.061283551156520844
0,2906a20e0b4f7ce840d051c4be898b66do6wh,0,0.9361346364021301
0,9b51afa3c3a736bdf93bd1f2a7b0a0903c34w,0,0.051353950053453445
0,6b9a3d480add21788772e118e6d51ed57e3w9,0,0.060413654893636703
0,30ef7862d69b3440ebf2726ee85a0b8397ta7,0,0.06163104996085167
0,8fe6da2176541d0ce24574dbb60f9107oq1kn,0,0.05646398663520813
0,2a5726bd00709641cc54a8ab5422cde3uchoe,0,0.05728204920887947
0,85371e59ea43c33c7e481ba3c214e893ail7f,0,0.05859985202550888
0,1c66f261724506bee45dd18a4d221bfeh1687,0,0.059139687567949295
0,fbca8e44d824faa1fa6b99325758ff19vi94a,0,0.0617254413664341
0,584d1d60d357a4ee1fd3b0a6a72de1dc4rodn,0,0.06249949336051941
0,0353aa9e97bd46119c90b8892f99982esfem3,0,0.0817248597741127
0,65d3cc1725c4506fe02be3e2b24435bbbd6qf,0,0.05844760686159134
0,b1bc9ff2b98df742affda07c5977c7345dpm5,0,0.05872136354446411
0,05c6b93bf8f083b2d0a03ffc0fc3524ba8fi5,0,0.06323063373565674
0,1bbfbd968c065ff5dabeffe311bc3ddeezbof,0,0.4658459424972534
0,e19f258fa5019e58974b562a8e1433ccluztk,0,0.8045496344566345
0,4703c8940eaa3f3bf5082ec2f155a8619i1yw,0,0.39212632179260254
0,c9fbbfcc89730e961499b4b30ffc4a98umxko,0,0.060136809945106506
0,a60101895443bfa5d4485b9c2c3e1b68t5ppq,0,0.05362819880247116
0,662b66b1227816c2f9017cadbc148381alne2,0,0.06183247268199921
0,d7c046d4328c139e76fea7c1833e8fe6fx4yz,0,0.058750513941049576
0,0318e0a173f7c65db40116b903884c854x258,0,0.8356798887252808
0,6767cffbe2c0957492aa451560655be3hjd6s,0,0.9145117998123169
0,88bf2c0f5460e28deb5eca2ef8e5e809ol5ru,0,0.290173202753067
0,d8ff621bc161b09d9192c445f4b3be7b8xow6,0,0.05706953629851341
0,05a07a27e235d01fe480ea6ac73b8838jq28x,0,0.05210672691464424
0,272a9183c10d9e80eda8ccaf6682db71203nk,0,0.06061871722340584
0,9c223f867c65938ce8623fc41bec08485xddt,0,0.05368521064519882
0,f211ff014ed43c9054916f97d6187108mpxr6,0,0.734484076499939
0,bba40511c6e56070602e8dde4229ff923zbuq,0,0.05855434760451317
0,69b32dd82f265a04826106d17e2bac9ao9fu8,0,0.055819589644670486
0,4b3e6a8a52c413a32f76a6d7a84a54bb8gb0t,0,0.0505516454577446
0,676ad0665c9bf74329ddc1f70ea48c16stnux,0,0.0593896247446537
0,47d1dbfb67706772f8a44f50e5656602z04rc,0,0.05608850345015526
0,6b85d622dec4fff284d55895eba9969dqlhu9,0,0.05060771107673645
0,4d0d345f552877998f41ba3cd1ba299885vu5,0,0.0505516454577446
0,055eb52087e0080b8ebca74be4f823f5c819l,0,0.05918700993061066
0,b7e16fd4fd9ff04b7d741b70730b7b6b1aw84,0,0.8201478719711304
0,5f7767924aa92a8f01b44a7e09f00a4dgqk8e,0,0.05484573543071747
0,bc7722baf876d0735ddc885691eb687bgz365,0,0.12693963944911957
0,cc78aba7eb8293a1d70f083bd747fa1450906,0,0.05863538384437561
0,420e7aebb49d7ab3c04e109a98e152d7kquiz,0,0.060751985758543015
0,61a4da78a5aa5bebcb3e9818a46771766gtq7,0,0.9378112554550171
0,ac94684646bc6f708dcf4566f41ec05es9v44,0,0.05885738134384155
0,8bf07d8631a2808f2c869e27afad2d41swgkd,1,0.9493804574012756
0,e2554dc14d54c3b7be85c59dbc1425f77qv4a,0,0.057542834430933
0,f8c42ccd10c3fe515e53082f0cde9a18oxgws,0,0.8900513648986816
0,1717f6d4c48ae8d3e5f2566d4bb525f854j6d,0,0.056376513093709946
0,a9bfa54aef505d65ec488d8984c82a7bf0fjm,0,0.052658531814813614
0,f334d76f60cae7c67ab04b9e5cc49907hqsc4,0,0.060996174812316895
0,d38b2db568fb71174bf883554bea939ccts4m,0,0.05999006703495979
0,48044b1b1f47f168864bc7c4a58a65ecmt187,0,0.05658683925867081
0,4c2af41637c123c78074e46a22526298vol9h,0,0.061677735298871994
0,e2bda091a91082b774d59f2c5b8480ebbijs5,0,0.058767907321453094
0,f05dfdaa2f67b190f3a79a5a2d5daf9coikow,0,0.057556357234716415
0,4761b2fdb4ce610d1d8dd9ea50f478cf7et0f,0,0.058645058423280716
0,ae6758a627a111f6d6b530b0154c429566o4k,1,0.22230488061904907
0,183c4e44d09bc4ab990b957e765af311vlup7,0,0.0530407577753067
0,84d75f71a61667cd327367453b4c0d2frury9,0,0.05685528367757797
0,612d24dde60a1b42873ab7b50944c6dad3dcb,0,0.052363891154527664
0,313bb0007cbdd82f326d58c96847294c9hz4k,0,0.05944937840104103
0,c7ce5ac2fe5f03458fab59c78b19bf7c9wzf7,0,0.059464238584041595
0,a1922a9ee4f9f5d03fe11816c2cc3eb9ivcbp,0,0.061230793595314026
0,d1780c224460a0c20d5c2f5f68714c5264xd0,0,0.0505516454577446
0,f9ab998f3adb944a1cd1847a097fbc0bw61nf,0,0.06112935394048691
0,c41f5fb84d9f9e2456a5264c79919569vrhau,0,0.05761229991912842
0,b5a92183d20e5ca98da4065c874e0b9dezbhx,0,0.9595141410827637
0,0c5992f18244e24d2d7b4708a512378729eev,0,0.9554017782211304
0,0580f2e77b4c0dd3b5cda8a1641cb9fenmo0i,0,0.05038239434361458
0,dc9a7ebdb6fb8dd3267ac26dbe5a62b68e4vw,0,0.0505516454577446
0,147164a9fe8a6bce381a224e9f13207cc1mdg,0,0.06262427568435669
0,5920a92dc2b65e257061017a04eb5361tpa9b,1,0.949151337146759
0,2d9579812895729581ce269ea17462197jxvy,1,0.9384900331497192
0,f19531503f1485a3014189a80971c6fb0d9fu,0,0.052292171865701675
0,8acae9b2e5454fbd92fd0b3d79fe89ad6w2wp,0,0.06054208055138588
0,5b1bc916ca111874eda3bbe669957cb1d3mck,0,0.05376962572336197
0,f73eb6e2e7a872f97c715ccdcddac77am8bq5,0,0.0784052386879921
0,b1c2e7ee5c69722df6233541ad5e784eutiv2,0,0.05259421467781067
0,3312b8e73417810a88be459d75fe9bc2xhd8v,0,0.05990036576986313
0,44c38c27b9de757c8c7c05cf07b7e3eb14qpt,0,0.061780791729688644
0,9ba7cbcf531c20ef7cc55a6da5c0654evwt1d,0,0.3493550717830658
0,61337802cac534b7e7711793039782d6f1yy9,0,0.04944409430027008
0,497b8beb19a7f674bc53acf7f5c7ec8cxv68x,0,0.05912462994456291
0,43553dd8b9370fbba5efa6b652d9b43ezsj11,0,0.05332152917981148
0,8cc03b92898255ce4b096454645599ae5zoc0,0,0.056777600198984146
0,aea096a392f55d95c3e45251931e9755a9t3o,0,0.5613413453102112
0,05ae7ea9549ae298bbbc8002b4229392e0ilf,0,0.0600714348256588
0,a5fb60c136b7e0a6d0d6e27cadb2a797225r6,0,0.04945572465658188
0,ee5afe7f268aaa88598545df890f4e5fzari6,0,0.058552928268909454
0,8ebc5b544d62622e45e1ee22a56265e0xwwsb,0,0.9365968108177185
0,d9a813646e8fae954898c1279196f5493gqzc,0,0.05760730430483818
0,99ca795998fb781a42d85f1abeb50482yzffz,0,0.9478893876075745
0,2fc0efdb6ff10d51e3a4d979ee52cf07p4068,0,0.5949034690856934
0,047558bebab9292a5d4c85d6ee768784j2hdd,0,0.8178428411483765
0,85499f83c5f1674c87d0fe77838c4da793u8y,0,0.051938701421022415
0,bfc7a0819397d910db7c24eaba1ed4c68dwiq,0,0.05728611722588539
0,693085cbb28f505f03b025dac8681a3bvfot8,0,0.05354123190045357
0,40829191b83242ef1f380f90876cdd74mrqe1,0,0.055424436926841736
0,309f446bdb138faeb18072285ccd9901gz80c,0,0.7830470204353333
0,4dbc8d336dbe0241c9bbb0f3630f25059yo43,0,0.059111811220645905
0,5bb3c3ff71ef6560c7600c512128ffc8js7py,0,0.06143736094236374
0,fe6ed3a12fbbf5da4980337564361710v2y21,0,0.5465140342712402
0,d26cca81c93b52ae3564aa6cdf33f5d5mkliw,0,0.055189698934555054
0,8e05310a342aec93aaec69a638e83a96aqyo7,1,0.8859505653381348
0,6e848149cabc4434155aacb610fb20de6vq5b,1,0.9380855560302734
0,3550d62e04bd3a1239eedbc29d9c970279b1v,0,0.054192908108234406
0,eb8f9ca4a23586f5acc770fff966f654dy7g0,0,0.059019699692726135
0,fec57d2db5692eb144a71aaa35a11b58delkw,0,0.056120045483112335
0,8bbb16c0a1bb808389051c875ebab1cea0v56,0,0.053113121539354324
0,74ae4f7b1692dc42622696303d9d4d763vksg,0,0.05889878422021866
0,83a24bbff5a4cf9d9fb10391102708f1oqpco,0,0.05693407729268074
0,8d638f6da12614d6b369249410c3d278n8qme,0,0.06153351441025734
0,aee383561c0019dc01552bfa5263af8etbuc7,0,0.0989663153886795
0,9d1506d6779356dda24ed87d41f3be39yn1rc,0,0.05654104799032211
0,01cda526658455000913950f20cf31a2q6nsf,0,0.05020665377378464
0,08981037e7a6c9032716ff25b15c9de25p63s,0,0.9457541108131409
0,d7b66d95bcfba06122dc6f7a3c605fd73239a,0,0.05534149333834648
0,28b4c35bd90c81ca959da328806469d493mvj,0,0.06228969618678093
0,4af5e2532224f9f7d1d039704573d9205jbkv,0,0.9049205183982849
0,292dedb5371b8e0ebbeea57f14b35713e2ie2,0,0.05879457667469978
0,4992da4511c3c1b4efed3e16c7d8dec65ilfj,0,0.04949682950973511
0,2b19566f190ff3b8a85884e03c64fb56ir8a8,0,0.05756122246384621
0,d3920630f4891b9ef1a8a199ce5c830aua4yi,0,0.06282015144824982
0,3a32eb1c6dcc818e0df4953e978f2e89ljhnf,0,0.05552683770656586
0,f9753e9fd6e25e0a1ae176ab95c31146iaqnv,0,0.05682559683918953
0,83aa7c2c8c018888d9ebc6daf63bddb6f2i0d,0,0.06231360882520676
0,17b41c48d6f53585c7bf3b65977eada0yxs8n,0,0.049404166638851166
0,e7cf764619380e5303089f04bf647f10thebb,0,0.05721287056803703
0,fbacab353140582a4b8ae3412eefecbc753vs,0,0.25724443793296814
0,1def3e23e479c9739abce6b3518013d39oejk,0,0.9115728735923767
0,f9378eb3e522beef7e6a4e1f275bbe0eaboro,0,0.0505516454577446
0,465c4f2ad08cc1e5f7a5e1e3ac75654ealh0g,0,0.059788789600133896
0,6e178db6d17d21aa88aaca5bf15c2761lc500,0,0.45882532000541687
0,ec3b2ff6f725e847f93285bc9d2b7b3dvcd4u,0,0.056081488728523254
0,649b364bc466208e559858f0677b421dbnalw,0,0.04999544844031334
0,af14436f293c40a9904d9f06a323215bf7zdr,0,0.06343424320220947
0,559bccfe60c7193963f09388fb681ea65k7dp,0,0.059284936636686325
0,6429ef4aebc7d1f4027b31a6e900d165nqvyz,0,0.051499273627996445
0,2137e2626c568af8e56bfb72fdd5b9e19qiyt,0,0.0577738955616951
0,b8d88a1167ab74ba64fd6d9c83308a6d4oa6v,0,0.050120558589696884
0,8cb96eaadc11cf4f914bad84518632e7czdyl,0,0.955470621585846
0,f0fd9f1b3fc9ff10c2642b3bf81946e2rsq48,0,0.049958355724811554
0,8e0462410d727b34290fec10fd5661761yc8u,0,0.05128283426165581
0,c1d14f4355b7d3ef80f02628e5ef1d56u2510,0,0.057883262634277344
0,86e698821a8aada613bfca1356d8cb7dopnv8,0,0.05945157632231712
0,384ba7c5a8ccf55d174080d9ad7de9b8mfysi,0,0.13836658000946045
0,d8a4b49ed9ca241f025cdbd9637198fb71qmz,0,0.06067120283842087
0,6a97f70ba29a04e77eb3b137e157070dc2mqc,0,0.060222867876291275
0,5771ce26e8b0fcbe7e90106955638b251qj2w,0,0.060958921909332275
0,ba266f4898bf572447ad65856b362595yjt2a,0,0.05406433716416359
0,2daa71f0d138b8c2d61583d3b98a25e1mjp9c,0,0.061156585812568665
0,2b429b9235bab2877cd93ac6d9fbc2d7tzwre,0,0.7714061141014099
0,80d8e3bfc8a2ecbf22614befbdaacf5fo6o5o,0,0.062140487134456635
0,5b0665172160ea4015e79dfbcfa7ed86oe0mc,0,0.9229638576507568
0,1e13eba969b6b953688c9e945544ac4741ilj,0,0.05991746485233307
0,9f280cd011f10593dc245dad1d93b11dy6rg5,0,0.054105017334222794
0,69d8fbf99586bfaac64d31f82b9bee27wltkd,0,0.058432839810848236
0,3e9180fdf158409adc96aceffab6e00bejjah,0,0.05297945439815521
0,0825d381aa09d1d0c47c77c372f07acbe02ky,0,0.05212714150547981
0,461c1d143120270fff5ebc1b91934951378ud,0,0.05748318135738373
0,1d69e006699adba0c79ab06f2f622445nuu63,0,0.051278434693813324
0,47183c1427a3cee97ff9bd167844e65d9dzi2,0,0.053527895361185074
0,8f086b809805064f3c4a5dd48327c0f51yplz,1,0.605197548866272
0,a447127835855849fa2ee496d05e0847fgt68,0,0.9261091947555542
0,5ccc30558d4c218cbb4d36872fb82a03rjxgz,0,0.05793627351522446
0,3318a824cfbd3d3d177ab7e9520b21cbsrcgr,0,0.05665029585361481
0,78c82f2e8764bc8001354128f9265efcqrthe,0,0.05995413661003113
0,7a3378ad9999b1fde0a4562a9b036f038cdal,0,0.0505516454577446
0,5bd35d55d367d7a21d98bf6a19fc0dc1e5j9p,0,0.05777832120656967
0,a0d080012ab98513e39234e4545e93be17tt5,0,0.06175488606095314
0,4b32495335dd238db6285f7c6bbe051fv1qoe,0,0.059508394449949265
0,121578435bf4136746cd2a80f1990e07cv1px,0,0.44968029856681824
0,7d44df0d40982a6651a06cf533ef5dddtppag,0,0.8469740748405457
0,6a31ec9cbfe23a9398e80403859f0402cg4ql,0,0.06003193557262421
0,1ccc69e376c95da9bd569a5d1a176874ivojs,0,0.056304484605789185
0,c58ffa073b3b3deb4e993ee5dd05347cmvfur,0,0.056490566581487656
0,100d406b638e84e2da7c31b03100b874qiay2,0,0.1619969606399536
0,3e995d6f9dda5f29c02af4c9fcb94bac0csrw,0,0.8466072678565979
0,e932ef68638c37220f4c2c386cf54578x4hpn,0,0.05755007266998291
0,65996114740a63c9e0fde74bfb6725b1k9nuz,0,0.056902121752500534
0,bdeb5eed17a812d2c47176e30b8553ae2k06g,0,0.05972689390182495
0,a0420d3961adf890fccf4b43899708f6h40zs,0,0.06266571581363678
0,7c0add0ef85bb5194e95ceaea737f90fyv13c,0,0.059357788413763046
0,9197b6590c6dceabd88ec93157fcc31fgb8a4,0,0.052045904099941254
0,57c4421263d37c2cd2573cd7245a7a80h0mjf,0,0.45581239461898804
0,baff2ce04381eb1bc4747d557bf52208vqmby,0,0.05641358345746994
0,cd9a7b22d85c35845260cd61a4b65cb2meyel,0,0.05835968628525734
0,7188dec1b560385b0826f78e7608fdfeai9fm,0,0.9581457376480103
0,36473d4c641c4c09c20c80e2ab35a36dwzp5d,0,0.059277404099702835
0,4579226b86f3ca5b5ea1597efabae4c42j4rw,0,0.06099587678909302
0,4cd52ae88da3e30dbe01da5048151c98p4f0v,0,0.9580858945846558
0,0d9f78a6084bf15f42210bfeba95621255c89,0,0.059239063411951065
0,c34e1a988fb471e9eb8a5e84bb8ddf90k4hng,0,0.914701521396637
0,ca28bff4ab1f6e74bf08b92e16989e11vn2mf,0,0.05403263494372368
0,6c0030ed696c4156b6ea3472374f6b54s4ih4,0,0.30780723690986633
0,a961ba95d1685705953ace49a29424e2ld1ek,0,0.06203369423747063
0,f725c5b4cece8353da7a636fcba0ecb5yxshd,0,0.9122088551521301
0,c16a9bdd369ed3ec2891c46e64017560fbx69,0,0.06073435768485069
0,a027780df5d0312919d41edfd4947f27odx7t,0,0.3911059498786926
0,2cbc26f228e0556f268e0dc1bd9ac0a5lzdfh,0,0.528796374797821
0,2e33b1ee8a9d4a5cc5f886ca455e8f86kxu5r,0,0.05404936894774437
0,7b22c9a323baf4a7bc7a3761e4a30bfajixmt,0,0.05479728803038597
0,e578807073c57556ce334044382a9b98iaz6o,0,0.062468573451042175
0,f430aac3f0f7f88a9b504bbb71322d54mct7s,0,0.05907120183110237
0,74487d5ffd5c34de4fecaf9dcb66f86b0wwa2,0,0.19462580978870392
0,2012c722a90bc47f1abbc8319d0cea51p7l5b,0,0.06249164044857025
0,2234754e09ba15519d0104c405326fc4igk0s,0,0.18014054000377655
0,96982cc1eefd6f526b512755151227c3h2w3l,0,0.056498933583498
0,10f01aff2fc23653ca7ea1d74248357a889wv,0,0.05922459810972214
0,6d501ebf066c0331853f1bee9754e781obu7z,0,0.06259030103683472
0,f5ab013f90cb8890d33c6a309798204155q15,0,0.060939379036426544
0,37bf6f23b628a3e2b5b22ba81beccbef0efoh,0,0.8974606990814209
0,fa6bfb4a2156dc8e73a713cdab85bc4bmcmwr,0,0.057913560420274734
0,7eb7b2f6a914afba5c3d207dc28a93aed9pnc,0,0.05617346242070198
0,031da7aea2d4b75ac8ecba4825bc1318yki1d,0,0.05933372676372528
0,bb43fc12fbb0fd2b2536e4033ababf59exffy,0,0.0535588264465332
0,466ebf78d7326a38db1e19fdc1c70e9b1qu0z,0,0.06070251017808914
0,9be39ea5a0612fae7bc43a25a6d10856l3qaj,1,0.162447988986969
0,340d7ea497f16bdb912ec5c6ce467f71kk7hy,1,0.9230018258094788
0,437c191e614776c1535305f602ea9033sdfmf,0,0.055812809616327286
0,5c5dbe70c2cb05d208c22d204146e1e9f3lvq,0,0.11549002677202225
0,cf1f2b6f29840e1ecbb31d18fb128c38bseas,0,0.9605680108070374
0,f0e1c483773c2ef8466d152874872139e0wcu,0,0.05776562914252281
0,faaa98763b59ed5f02836d4bd682035bfhujq,0,0.058816097676754
0,20fcf71ad6fbd43f6f5fe493a6bc3ecfextqf,0,0.060665491968393326
0,862eef3a75e1351593b54975cd8ae1b3swcxw,0,0.28229910135269165
0,35a02f50226eeda275b29a09acef2177k95eb,0,0.05854857712984085
0,6ab75792932fb1ea6fc74a18edb7888c2orvk,0,0.057645395398139954
0,936a335eab4643c3529968a4d9b0c380esi7q,0,0.05730978772044182
0,603d769a86a359a0d41118b47c0ab41fx7kz5,0,0.054481472820043564
0,6affd6d2976aa7c48dac70612fc8e31ddo7j5,1,0.9575490951538086
0,19b39b852ed4abf1ba5b095829e25b946aed1,1,0.9595270752906799
0,a6f994251abda6687ada2e9de52bddb5cisa7,0,0.05801031365990639
0,8473148f069a890b7323fe8316861a71qoxv1,0,0.057254888117313385
0,4985bdbf8710c33fd7c9d4771db7c690mcbyr,0,0.05686835199594498
0,fae553f133602fba6e9e6051dfb27fefkruax,1,0.9411484599113464
0,db12e9cad5e847cd7a40ec1ee649e475iwzqo,0,0.0505516454577446
0,197e90906939267ace2422e78e8e83889znqp,0,0.563229501247406
0,31c840378b5c2e4469fd2e7f5a1e5a7d92k7u,0,0.050530388951301575
0,874f882f7efff96263e9b555415aac36dsxry,0,0.051958292722702026
0,ef415b2bbbb81ed33cec7242678975d5m5qk6,0,0.05657825991511345
0,b0014101fe1b510ea150c149145dbced3q3md,0,0.05904832482337952
0,c8b23d6565e11d874e221f41440ffd25mrucd,0,0.05034488067030907
0,f75a0f726d764514f612ee8cd8f65adegt02s,0,0.6668769121170044
0,cbe8d224a38ccff930674361b502e7beyuf1k,0,0.05888013169169426
0,3714da7069a5205137cacf89ab3a136ffx2u2,1,0.7957247495651245
0,c616385a2762ecfd8e4ea16d8a1f2596qw07a,0,0.05854707583785057
0,1ea558fc18eb1b3ed7759a3aed7662d3p77wq,0,0.06160765886306763
0,8ab98c1e6cbfb902af4e02050a886396a40bg,0,0.0576431043446064
0,da950a556200395a82e23e3bbfe1abb6xs258,0,0.058851584792137146
0,13c4c826516304555e291d3d91c108b3ytpmj,0,0.05557841807603836
0,fdf908d608a629d5ebde14819231878dojel8,0,0.052613213658332825
0,bc3d08ad6ac94b8b5ce40a29b59899cakj3p5,0,0.6299042701721191
0,e56f611f1157381f4b689ab34b574e791qhcn,1,0.9306769371032715
0,2dc309478d30d440e75c932b1f13a8fai2p2e,0,0.055303800851106644
0,76f17ce227e593aeff456fed46e36c83a3j72,0,0.7454063892364502
0,af33d5277890ef0b5f55fbbf400441c9hdehk,0,0.058566585183143616
0,6bdb40330295fb3abd4647808c319d29pb29n,1,0.8965177536010742
0,429b876aa7e2d6741ddf322685363ccchue2v,0,0.05899612978100777
0,036a4050a5dd65e70f0f613ec2e38a74re026,0,0.061943419277668
0,0918eedd8324da06abe5600f058480dc75nfo,0,0.058305952697992325
0,0f3ee77a46dd5a09ad20b7c3e54ec614sbpvb,1,0.47283387184143066
0,70739399d69a3b7ea9e72742dc728742zp9uf,0,0.05813766270875931
0,470727c18798cf0e0ecc2a0dca207cafuena7,0,0.05776360258460045
0,ec96b5b27dc870c8f59ef11b7371b06eenaox,0,0.05024197697639465
0,91b8febfd1f556c06838992814e7653cr119e,0,0.05479923263192177
0,cf06ff5f520b14d1f9f1cf5a7ff34982bj4md,0,0.06120401248335838
0,53856dce9187b16f2cf5e4e58f5d0397h7tz6,0,0.061991143971681595
0,a6230fdfd4879433e36a76d53440f426c7a7a,0,0.04911844804883003
0,c843f90bae7231af13dd0e064a469704drz2x,0,0.05467101186513901
0,13812c0d2c8c474bd62481d932407687o26kg,0,0.0550684928894043
0,283987b9f1ffd4514757483ee1f01351xd678,0,0.15505735576152802
0,3dbb502d9d6f89b26f62cc804df54dcandhp0,0,0.08567029237747192
0,5c32e357936f8977277d9b23d8f09f34v41wt,0,0.05751333385705948
0,da00b16633eb706fb11d55868120cdd9so58j,0,0.5772709250450134
0,c910efe1f135b08acc32b2db162362033olvv,0,0.058742325752973557
0,04636b6c61c80f5325efe61183e8edb01ko20,0,0.058193158358335495
0,24db47d284a08aaf119eb3e0c45eb646i46j5,0,0.04800822213292122
0,2f9ea407ba48ae05f98fdf634995d936xefau,0,0.9058110117912292
0,35f822bee4f85d98d5b1b23c65681974ywyuv,0,0.05888855829834938
0,abf6c2cd31be1630f5a7a1219935011c3rkqt,0,0.05216594785451889
0,7ba17b1eb362ef91a99a6f021b3f2b63uyo76,0,0.06128906458616257
0,c36fad0b52a6be6ec32cc5530c0a2aednea6k,0,0.5605596303939819
0,bbf1dcd2f0100fa90e4a8544b90e35846p5y0,0,0.061290156096220016
0,e60b306c01cf0c0be5c7d54facf927044g5d2,0,0.059978894889354706
0,f416aeaaafcbb66aabb77347776db008qw96o,0,0.8700506091117859
0,f4d69870de1e803fe00f8126e73a7e33zwcds,0,0.06861494481563568
0,b28e6a39ef0cdda29c5e350e048c3a813idk1,0,0.05763493478298187
0,75613637a85df9328b743d33b0efbf1586qow,0,0.05934351682662964
0,01f498a0992d280de63ec346692efb2blckg2,0,0.062922403216362
0,f1e57f96a91c185a7ea716c2481cabecpi3ia,0,0.054746001958847046
0,964028ac24d4ca16c4b63f64b06df1c8ltrrl,0,0.21001628041267395
0,7505bfc1ca67a5ae14e329b46a88ab869ms9g,1,0.9301806092262268
0,14c69cd7fbc8300876f287520c493fc8xe2o6,0,0.10250145941972733
0,c888cda1ef5931da0db90f6803cd0d368ay6r,0,0.07867749035358429
0,7bb58b7875a093cbe7c5d487a825b730mjcw8,1,0.960728645324707
0,b4210edd4ec9bf872c7108fdb3c6aae9cjwz7,0,0.055132728070020676
0,4fcdd880c4e1a1767c4d26f74bb3466f11osj,0,0.0505516454577446
0,771f6754997a1954eced81d46348b4762k475,0,0.697035551071167
0,6da04647ce16d0f00051dfeaa94d3313ox30y,0,0.05169473588466644
0,f7b25abd850df9b0e0b305c6810e1ec3qbtaf,0,0.05535013601183891
0,cdf1fdd424a11dde166c4bf069d6998eph7b1,0,0.93769371509552
0,d154075c75cbb3f4b716a16c88eedd774i8s0,0,0.051322970539331436
0,7d063aa96e7a065ed5ff9deb7c851bddhrxdj,0,0.053483713418245316
0,fdd6944b3c3caaa7d1234ecfc11f8d080h90x,0,0.05897656828165054
0,4c93ba564461b1412df6f033c8ef71e8ck438,0,0.293682336807251
0,205a011640002932a7bedbb93d81b68b8m93b,0,0.05708571523427963
0,61e4b6ad0fc268d42c330ec99fd8c939yb7t1,0,0.9340900778770447
0,b08034d2d4fa400b457d4a59a2482e8enfhqw,0,0.05545102059841156
0,8b253bd318229b3eea3f459bd81b8347khytb,0,0.9599927663803101
0,c17c63af831939f5e2fd12f65821db65umonm,0,0.9592289924621582
0,f0c034c46dfb78d2e9e67fd4fa1688fa6mv8k,0,0.06107964366674423
0,3d575194dae5a2e2966abdf84d800a3bgbsd8,0,0.060696907341480255
0,d1200a75b6c05584f4f902e74d3dead76cj15,0,0.055708397179841995
0,4070f6ad5da385ba11cc99183817eb20h69v1,0,0.05725963041186333
0,f6485cac867e1e7d2d991838551b4c4bfnarv,0,0.050165221095085144
1,4ab12bc61c82ddd9c2d65e60555808acqgos1,0,0.19283221662044525
1,88ae7a35e374a6fddd079ebb28c822eeohwse,0,0.049210354685783386
1,57db69e32163f3e486dc6ef7d615aa12usje6,0,0.0650993064045906
1,d91a4421996dcf429f575e372915cdcedae6g,0,0.3554868996143341
1,5354c02817e47f28e60e44a40ca5e48dll4sz,1,0.9050233364105225
1,eaaae0fb54c7d36724a9679c3128d5a7gn4k5,0,0.456587553024292
1,95fede5853bfffda8f50f6af494ff1d1hsgie,0,0.06668347120285034
1,d36857d18a397e7e24d05dcbef3b919ftjstv,0,0.05453883111476898
1,29cc13d48af9832e0eb481c8a095fec7mom74,0,0.05721672996878624
1,c0e1ecd40b81bda3b7dcec501334499dgzq17,0,0.07048586010932922
1,e3ccc9bd16fa1f4a92fe87b4a54e5e72uficw,0,0.6311153769493103
1,a3c2ba79963b637f15086e6255a46253lwpnb,0,0.05607561767101288
1,09d71d3e6a6871a7598dc2764c5bb4ffkz6mc,0,0.05235867202281952
1,8e1f8e5907b3cc256a2a57ae9ac81e063gbz4,0,0.06730566173791885
1,f769b9f92260ecf046efd05bf9ab6822j7c02,0,0.05119180679321289
1,1e342381f2c64318a51a9b71d91897f8dv9ul,0,0.5030792951583862
1,001068c415025a009fee375a12cff4fcnht8y,0,0.07047255337238312
1,d9c6b6d7290e4475bcd6d264fb33a706fqtvc,0,0.1515132337808609
1,9ded76c5244a2116a3b5432fa265a800j0bvt,0,0.05346980318427086
1,827da66b68b225547050c11df16f845618ptk,0,0.05933345854282379
1,ff58ffde976a4899dcd89597a7877e18lntgz,0,0.27655112743377686
1,758bd601d6700494300ec1647682eb34vq1zp,0,0.05813048779964447
1,461dc3d03d1e28d52770a4d3dc7db34558fcg,0,0.052785906940698624
1,915ccac760c7359a446100fd1a54bbf6oyrzf,0,0.14196918904781342
1,60b8145bcfed7a5f2a23b596a8aff99cdzn4m,0,0.04728284850716591
1,75c4518eba20c9299a3a836d9905c327w6j8b,0,0.07272328436374664
1,226017dcd6506ce20886540ff734210d8hib1,0,0.05451488867402077
1,5960fc711b544e2617d0f76360b69e2afds2b,0,0.0727265477180481
1,ae94687eaad6b410713db9106c42566axgn9n,0,0.05723993852734566
1,8c2bdb9dd878a811701838002627a056be0ce,0,0.7859243750572205
1,36b84c776aea2e008180dbc72393ed750zsbr,0,0.07270868122577667
1,8d43ad48f315364be4d979d2e9d5ee67quqyi,0,0.04843113571405411
1,7264bde42ef4fe3fa19cc7c6d64696cf7pqtd,0,0.6627728343009949
1,f90f13ddfc0f98cbe3c2346a2e30093cq6zo0,0,0.05653271824121475
1,19353c42feb91a216885fe012efdfb11s2iu8,0,0.06433583796024323
1,fdd836950d203286832a21b930b9f6b58ch7s,0,0.1765018105506897
1,3be127c56b2de21dfcf2836f20afe249hqkxy,0,0.05296356603503227
1,8126928a319468b6da5edce4097d2398xwita,0,0.0515647754073143
1,85155ae64ccbde01b48fbf4b3f1b739exmqyu,0,0.05583517998456955
1,de9f5df5962dc171c7d82ab503c36dbfwicon,0,0.04973650723695755
1,a94c16f8a98e493e2b4390b1975e690dv8cmu,0,0.07044855505228043
1,2515c5fd81638d5d0bca39a2b2be3995tante,0,0.4297714829444885
1,c48fd9c589f273945bad5f0cea5993ba2fet4,0,0.960169792175293
1,1880a778c9dd0cb15ca1f052308a8e04g7e35,0,0.057775456458330154
1,5948bcd0f773286ff7d5cde332c7ae6918jt6,0,0.07085398584604263
1,08515611e73803dc6d8c562b8514dfb5qi3z9,0,0.0562424436211586
1,99bcfc00be736e03facf0afeb79ac533cs7tp,0,0.055595822632312775
1,ac494ae5acf003f84ba46f5741618a8dn19qi,0,0.05958748608827591
1,ea57e35acda9a8f8b75f4d9bc049f74d7qx3t,0,0.04928356409072876
1,408f81a85f3b31f8cabedf6ccd381961pop72,0,0.06740286946296692
1,4376fc192e83a1a5d7a83085369916e8rr035,0,0.0632365345954895
1,a2d0b7ec1595325cc63777f106e09fcd88y5g,0,0.07023278623819351
1,ea5948061b2059bcbd900d3ae7e86e428ae8g,0,0.09837143123149872
1,17c87408ee1009887112745797caeb7fwvqfc,0,0.05630626156926155
1,ee052a24cd3164af9d08fe77bd6b79dfrbelk,0,0.04995553568005562
1,205c519be884c5b1c885f61c4ba8738a737qg,0,0.9354520440101624
1,d2138bce99f535c244dab68652ccfa2enshxk,0,0.052624136209487915
1,97b002c9936e63a1fb9994a67615e84fft019,0,0.050739437341690063
1,76a8a9566e21595a1ac06cc0050626c1q7a83,0,0.06061713024973869
1,26190fcf0babdbe0b0d903f325c52873tpj7e,0,0.07032071053981781
1,f0f21cd3d51b7a233988cb1c3c5df977zjqkj,0,0.05423802137374878
1,791031a63c9e2b4835caa9a4cc1768baias2l,0,0.05829663574695587
1,055282b75717345ba6f53d40e9e6d6c56qrzp,0,0.1527564972639084
1,e22528ef6a439aff5a8b19f8c9b07c19fyzs6,0,0.04953160136938095
1,d3c80e9f6b8e1d774679fd8dd5aae611e3qls,0,0.059569962322711945
1,334714f005e994d46cf4d18093dd4d05fyxc8,1,0.9616830945014954
1,300bb4c9816a7064b106c9c6cec2f51ei13n5,0,0.05182155966758728
1,340bc29eeeb9b9d04eb1fb72a1a9a2444brgk,0,0.05448511615395546
1,e03311c7620a8098b7a177a5f1ad213ernao3,0,0.050351858139038086
1,01eb9dcbd0b3e79d94020d13d83a993ec9d2a,0,0.06602126359939575
1,c9056fc0cade75299ed4438567a87d6ek44pt,0,0.06095017120242119
1,74f153bd134afc92866a6bc5cceb2088120y0,0,0.052624136209487915
1,74866aaa89db79f25dc0fae8be067b83xlbm6,0,0.06155398115515709
1,6a5457f1038c6e1cf9feb57529ce07b2sff4d,0,0.054192617535591125
1,c755d2832026bc2a6f5d2d6df5740f06mr3nj,0,0.057743627578020096
1,7f86c3c417ae1db5bea10bf9d0a7827ct3ni4,0,0.7530261874198914
1,cba6f45915ebbd4b5404c6d357153c0adeblt,0,0.05390926077961922
1,ca391c857d7aa75a72e2d7c3133e0d6ay9pil,0,0.07259628176689148
1,dc752fa41d974bf688d25ea9d18e9a2eit904,0,0.05217317119240761
1,f2bf8c94172c4d71076e151cb4e136007iiur,0,0.06330303847789764
1,dcd54d7afa6820e3f00e1c9e83aecc7b4f3lw,0,0.6233663558959961
1,79c18f0460f9bd86bcfb25da96d91490jfuxv,0,0.05838672071695328
1,f18d2ebbd5e48ef4f1ee412339d6ed7adr9qi,0,0.06002023071050644
1,0d0d43ac593a891ce100d8202d3d72c3xsma8,0,0.055464230477809906
1,9819825acfa7e20c47a78bda5e76b195jh0gd,0,0.9577211737632751
1,b232fdca7cb98028e8945005f619fb28p8788,0,0.06082989647984505
1,db80f065a93cc6b41d12af614bc3ec11kpwjp,0,0.07262726128101349
1,7029915a2c5aa5d964acfd85c30c3950b4opr,0,0.17619583010673523
1,295fbc4ef00fe0cea7947811e78bb8aez9ti2,0,0.0727190226316452
1,11b1859aaf7fa93818baa76007cf7207d8uwy,0,0.06844520568847656
1,57e1892d3d62d87c9ba5e8425a1958c0fn11u,0,0.0702788382768631
1,67083f257438b1b79cb09cfa601890855of77,0,0.058842092752456665
1,db5e9f85e7d180f7d952f12e5dae5900q9xif,0,0.057714350521564484
1,e24542c1bd46a4a0f98b0fa95d8fc40brecdx,1,0.9400475025177002
1,39f9dad880d32ee607af7571ec24807bn1g2d,0,0.06275767087936401
1,37921a9d842612b3b0281f7098d0002539xrj,0,0.06365422159433365
1,c6f07c222aa3a9d35b0e01f8959ffd21oownr,0,0.06635414808988571
1,86b6207b5e87d58ae307bdc1545a101akz0ew,0,0.06314545124769211
1,4c2699de8bc9516b09c5e5c8bae6d6c6xiry9,0,0.05418156832456589
1,d8d90875fbcf94c3b4c5c00479cbed6e1mqrl,0,0.049360498785972595
1,cafa845bd657b17eaa82940d4767d9dfe9uxg,0,0.07039687782526016
1,9211adb9cc770c78a70b55441acd146bfxnz2,0,0.05243363976478577
1,45927dd51fb4301c459ab96d48f64752q0o9e,0,0.060171667486429214
1,7f603f668968facebb0567015ad4c201kikrh,0,0.06883197277784348
1,ff566c87f2babf3dcd67be286e1c6666cxzh1,0,0.06599423289299011
1,56cfe8b0d574e1df3f823c2cf32226eff52uw,0,0.06509016454219818
1,b6a7b5bba132a90e7c7cb350d2bfa52d7sion,0,0.9590920209884644
1,a664b6b42fd48403fbd34800063fa50bz6k4m,1,0.9273812770843506
1,84bd02dc56fb7c3402426ef7e8e166e2ptwo6,0,0.06695499271154404
1,29b8af2fea3881ef61911612372dac41vczqv,0,0.06706824898719788
1,c1434e440370882ecf00ac52140f7adbuy1e9,0,0.05016953498125076
1,8bf04b0a219c7834b25057c0220b4d0dhwdsg,0,0.05833787843585014
1,9393cc68d0357d7b200a94fdf93ee3cf7xg5l,0,0.05366036295890808
1,45c3a73b88760d4390f42ea4fae97d84la5wh,0,0.060042768716812134
1,82194e7d8f9b84e71b789e763b5c3263r6d98,0,0.04942818358540535
1,2794512e8edad5f99d28c33c7560fccb9zl8i,0,0.0726451575756073
1,40ef6a4a0c99b478fee1c93f4105b9d9mh9iv,0,0.07013650983572006
1,b725a638efd8d51f66ae2f22ce1df678p9es7,0,0.07261326164007187
1,8cba56e5e7c2be942ea8472b73f0842fil1x0,0,0.053071096539497375
1,0853bead89b03dd38a04d84f4312da7dukglz,0,0.06086535379290581
1,cb9a75312b809291306c6213ed5dc67dw31qz,0,0.5448879599571228
1,86091a1e6c99358936979baf67d54457x1dzy,0,0.05251554399728775
1,8720f071e045d4cec9d707c583a3d64avjyyy,0,0.053545378148555756
1,6db047b1bdd342c09ecf9f5eecccaa4fy5l0q,0,0.459347665309906
1,e0a87bc26e13c599894d7a5103fdca786tfat,0,0.07048715651035309
1,b9743f78108aefe3995e1c2291b5f3278cgpk,0,0.05110811069607735
1,7daf0e51b276c6ab5bd2ccf520dae106graj8,0,0.06014658138155937
1,b071545f5ad73150880c42e780d951bdzvxn7,0,0.2158297896385193
1,1dead8a9cc54fdcf7a7c16dc6e06a3bbusgcu,0,0.045992471277713776
1,de8943f2b113702c98ef695888b7d0c6my29p,0,0.07272389531135559
1,2d113999234e06201c0940286d405453wqjsw,0,0.07056175172328949
1,429f301119adc32d35541dd4d60903563s7nr,0,0.054402705281972885
1,54e279a4e162af7fc55d640aa62d0cbc9hxil,0,0.3366678059101105
1,34cc283e180fcd4902ef8758714c6d83th4nf,0,0.07151462882757187
1,9af8e7dbdc3c620c8144d736242b3bd2fdbpx,0,0.05172289162874222
1,73d4cec0ad358d272d757e0fce8440d01fvw8,0,0.07269859313964844
1,fba0c76970a464cfa9c043c906442f0eg53a2,0,0.07037175446748734
1,84a773b3c9d300834d9d57af5dc83091y54cx,0,0.06769321858882904
1,a6ec153fc7002cfd929b9f7199914cf75upgt,1,0.5373638272285461
1,655b88e646b94d0adb9e15e9f3b9c9a4lvcrz,0,0.7155731320381165
1,03a1e81cb7bcd15014489a6f752c9d5b7pvel,0,0.049018971621990204
1,33189c09ca7067834fd25a54920f82d4nd7a4,1,0.9631528854370117
1,557f06b312e040ed3cd7dd2a011cb83avyut1,0,0.2548835575580597
1,3128932859bba46f57cdd19579c42e05lif6h,0,0.051397256553173065
1,ef905e4d866c43dbc345751e7fabe5a568kjs,0,0.07272486388683319
1,18b5e850a1c10e681cb5fae0704a699018x6f,0,0.07271577417850494
1,1cf0d30e0bf9f4a536b1fe16ecc26cd22j50c,0,0.06891405582427979
1,02030ec48b7179a7fd9950fdf546e3feekkye,0,0.05965396761894226
1,49c3957287d24e69713e4355933b74baoijix,0,0.05849425494670868
1,59fe751fb6c277016b7ebe3609aa1b15vhg7w,0,0.052624136209487915
1,3e85a43950c71b1988a814682abd4392yakvp,0,0.4215085208415985
1,f0567f6d45c0f83b9874681fe8dfe0ba6hjlf,0,0.15000081062316895
1,a4734769962126673e975a627e930b5fgc79n,0,0.05305314064025879
1,39802378690e7d0c61d294f5898852b96hsfh,0,0.07271894812583923
1,ed5fc53d096bcf1b86c30128040e775334ut0,0,0.8122158050537109
1,58c3300ea9095cf5e59e27abf2a905ce7tl6p,0,0.07269357889890671
1,25b58d1533e04571bbc674dab28973f8hha3w,0,0.056969430297613144
1,173991472d4ee18932f8514b9d4a9dba7rjqa,0,0.05898210033774376
1,4922d20e07d04601e8724be5e9f9576blyccu,0,0.07272335141897202
1,06b2d71c26ef3b6e29277f761cd0db90wuwjo,0,0.07021317631006241
1,45fe4f0fb849e7195a1efd5495d1285f2culj,0,0.05853602662682533
1,14bcf558addd6e6f2818ab2bda7dc679jqoon,0,0.055283721536397934
1,5830a96593aff3e951919578f7374f09pqyc0,1,0.9444525837898254
1,0af208c4fc46ef9236052ff495016326zxoqf,0,0.0558459646999836
1,9db7471a12cc3b8fa3cba86bc00abde2t2wz5,0,0.05174436792731285
1,8251041848182e6468c8119905a177dekmshg,0,0.1223316490650177
1,c8d3fc73c1a41bf92a5e4982eb6cf78du8gg5,0,0.06120374798774719
1,6a1d4042a5f3a3f34f5b3ea753ecce30l0qj1,0,0.05097908154129982
1,42f754cb72e01c08005598e1f9383341fn7xh,0,0.1127835288643837
1,f019bd7ec140624144c4a9b40c42bec9jok79,0,0.0632636621594429
1,511a640e38bf03022300f5503cceb2cd3f361,0,0.057890329509973526
1,d3ab33e9314c95d6806813171f292299tmprm,0,0.07022172212600708
1,1ef47d501d4b36498b51e184b1027981xu89r,0,0.06130504608154297
1,a15766d8d3d231f862996eb3ec33559735a3d,0,0.058367326855659485
1,cd35a3230456d4a245806e476c63e9a1evu7i,0,0.07009373605251312
1,5dd3494b46f39f8c8783c25527b64dd8hp8ti,0,0.07037670910358429
1,0bf6e0e5184b3599bbb4ba1fb3a43549ije34,0,0.07263913005590439
1,3ef757c3d6a272681c69bbd7e071b705yzt8t,0,0.06746973097324371
1,42025aabb56a61f3bea90d27b283b517dyk4t,0,0.07020150125026703
1,67616fd2a1de5c46e32041354efa88ceahbhq,0,0.9497937560081482
1,3ee7de4c5a5e31b7b407827ae1370f70suenu,0,0.06828201562166214
1,39a5a16e5a67c2fb51789cea4d3091f0mv996,0,0.05801370367407799
1,eec2ea9d9b292a343f8ee566ba252baapagwb,0,0.05988331511616707
1,95efb775460080c0da57e154f27876d75xnsx,0,0.05724040046334267
1,d092609f5140c62ec64ddd7615c25792qgdrd,0,0.053929995745420456
1,fb81da0790d821a22617d748d0226540ylrj6,0,0.20358334481716156
1,1afac423a94778ddf9b6c1dc0df7105cgp1tp,0,0.06303312629461288
1,f12120e467869d3d5dbf7c7d0566a8e7bmmhk,0,0.05753709375858307
1,497ef6187e03fd9d4387ac436461a40f982dq,0,0.05073172226548195
1,36f52ad1abfd307b73c9b69cd5197dddmmxgr,0,0.05191679298877716
1,a13da89a3a54ac9b4ced156542afca5ddyumw,0,0.07163527607917786
1,c2f592fbdc8980229367e1db4d0f7a51my54g,0,0.07474859803915024
1,1c950af57581698616bd9923cc94fef25n5wh,0,0.06478942930698395
1,c963c2dcbeeb0b7051bd3a6a87483ce6i98xx,0,0.053054410964250565
1,24108e769a15b155bd2d63c58368ae5946zhs,0,0.05892501026391983
1,cb557e4675bf4f36f93ef5599adff545nz370,0,0.22052067518234253
1,332484ddd66b9a3db89ee68f08b1288amq90u,0,0.05090747028589249
1,f5edfebe95b4f637d1bcceb892b73dc7rhn7l,0,0.07965362817049026
1,ed5ee107143980558fae26c1b5c7b81a82spj,0,0.050130102783441544
1,519c0f3b989c8e1781e0910f685980ce15wzr,0,0.06269309669733047
1,37702159c6cd2c1a21cf66600e96cdc6rdbff,0,0.07033683359622955
1,8644c9765c64da22776cd67eefe0f498u3aaz,0,0.06536776572465897
1,6ed39d7c89fa2d423017cc9811f0c469i2157,0,0.0808919370174408
1,c08ae3075278ed0d139f00ead52ac2b0oy8nw,0,0.05874498933553696
1,00a0517965f18610417ee784a05f494d4dw6e,0,0.05803149566054344
1,49eaad86d095aa5af75ce34e59e4b7f1mmf9q,0,0.057377658784389496
1,ed4802c318a7e04a5703ed115fe4f3a3kkugq,0,0.04988357424736023
1,b1e106943db37b1d002bcbe06b264b8bahuy0,0,0.0592130646109581
1,dcc5a79317a22bd0f6dca1f60fc866a8bei1d,0,0.07015341520309448
1,4d1542974bc322859d3d099b8c5193felot1k,0,0.9005314707756042
1,08353687608279ddd83e4d36fadd1cd8ritj3,0,0.06680991500616074
1,cc4763c97c3d7cc9116e0a51a6d1f2e82242i,0,0.05547114834189415
1,470a0e402bb9cb4d48c2a450d2043e87flc2m,0,0.06071189418435097
1,d863897264a7e52d9c6a1be6dc453c6c9anz0,1,0.9601004719734192
1,67d6466d7f4a32d294196b8c16ee0b03kn9tf,0,0.07230323553085327
1,86a626c876e7eb4be35f4f0b0a78f97a1rn7h,0,0.06549634039402008
1,bf8de839c1a8b7994d19049667548e4ewchpm,0,0.05597919225692749
1,5ddf9ae899e629acf3e78141a9712a05a4feq,0,0.3338526785373688
1,2b13a870a46975494b749feea0c5c7ed170ll,0,0.12218259274959564
1,a7bc17dfb615eacffe397be5b2c2f3a6r0bb9,0,0.16883155703544617
1,cad9c97e99bd5753be98edd9ad8ec8c8c7r66,1,0.96538245677948
1,a06311ea45de34bf667b79a92d13c764i6aiy,0,0.07017296552658081
1,9a5fb8e2e5add29b006d789e4cfd1513paga5,0,0.07032663375139236
1,95af80db42edfce4e937550d60d79561punym,0,0.07043557614088058
1,adc548d88b9a307ce0b58a0d11d3ae14gcfon,0,0.06724470108747482
1,6b3cff1e3d9398d4c125e7bcf612192dy1gwn,0,0.0703844279050827
1,2b4b36fd77eaeabbdad8fac68b17ece5ey04u,0,0.07043542712926865
1,f069e2e45ce316168a94b972c5b7d6b0f342m,0,0.06848730891942978
1,942af1514033a612b203ec58f7894c9fv899u,0,0.0726771205663681
1,43295f805d813e816fee438d9a394bc4o4of1,0,0.06226518750190735
1,8c3631460a4d25d2b21b1f92ebbad752a19ww,0,0.05595899000763893
1,ca68a41b3a4062f154dc1ae8456cd792d6kp1,0,0.052813731133937836
1,59cad1329d42bda3d678bae082bee7edgvt7q,0,0.06672403216362
1,a71f84e476d03bd0b25d45e44eeed9a8efehw,0,0.642444372177124
1,c0e3343070766b359c664f93ca65040b6bh2k,1,0.41274696588516235
1,d3f595832d80988c2016aeafd125d8f072r4h,0,0.05725844204425812
1,84560dfb1400fe920a29ca2c728acf1e25eli,0,0.06616435199975967
1,78e59e188d9780cb8988d574f692ed343s129,0,0.046359702944755554
1,781972f2af3af2abc492f9dbb0f6fceahnban,0,0.06411119550466537
1,2f9a7b01fcce94499a59aebfac98fe1ezsk1y,0,0.05312102660536766
1,7a9519ae09e328b09d18473f96ef075fzrs1v,0,0.06284026801586151
1,12df4a9cf4eb203909e6763960b79238cb0yg,0,0.06405308842658997
1,7639039411fbcc6cf1013b247b2622a72g0r9,0,0.054836615920066833
1,67fd1325fbe3cd75a110cc80b9df9708l0w52,0,0.054338932037353516
1,9bd2d79f328a5afe815d5832e521aa9187q2j,0,0.9039586782455444
1,4f57e657df5ee5d9207178b4b6858ddak9ouq,0,0.05963544547557831
1,a3d0a600cdb44f03d58f27b19247cd0d4az4k,0,0.07101389765739441
1,e587d92842526255c86d3b0d425747ecib83l,0,0.37600329518318176
1,58c2b44923882a8252963e78886adaefh7hnm,0,0.07272667437791824
1,25f1a9c0c83eefedfc2c1589e763c2a3is1qy,0,0.06823252141475677
1,70cc5da141baac4712163f5cd4bd4a50za0n9,0,0.8580735921859741
1,71c2561141c55414618d67d1a8aebac1n0fjx,0,0.07033465057611465
1,59d96b423ea3ed56611686300b681f3defm4n,0,0.05524392053484917
1,461b089147eb78c582ca8a30fa7581a7mflo5,0,0.05242680385708809
1,ba194af5111cfcf1dd95eb36160c728ds4kcy,0,0.05958541855216026
1,9ab00034c9b00521ce121adb5dd4aa15tlhc4,0,0.05303504317998886
1,2e463fe6bc1616f8392f82c138a6a436mbtjx,0,0.050362758338451385
1,25f59f9da43b6806aaa125fa61974591sacso,0,0.060920242220163345
1,45e4c7fe66077b5b7b338f19f476f9d85jlk0,0,0.06319526582956314
1,7291b7fba1b597d66bb8efd45fd0d354q71ka,0,0.07272560149431229
1,cab7ecf98fd0489389a3a8d3961defb3k66og,0,0.06270928680896759
1,7da6a36817cf2d8c3be218a32ab25550c8kg7,0,0.05612906441092491
1,058a4e0ac0a20f504cc9c6aae2a896e6too9v,0,0.061677590012550354
1,624ae2fe9394700eae7a35806e4bafaeq9cty,0,0.052002012729644775
1,14e29ea004067aace14ee4543876a06365os8,0,0.05170173570513725
1,8cab09b069755eca2b4e7fd6f6981d7d8n88o,0,0.06137582287192345
1,3ecced86078287dbd2eac2cfac98367fbbelu,0,0.058864250779151917
1,7ec5c7e2317a9b68e861060531588f76fpldj,0,0.07050326466560364
1,c41ea39b2e13b0fc9ccccc2546f924f1obd0w,0,0.060853973031044006
1,782557b3ec17063f2a36fc9193ed3200h14me,0,0.1420699506998062
1,54957cfd12ec8c64918b6200ea25d27fsc9hx,0,0.0550360344350338
1,a3ef8289a92196b07e2e7371bb111e3aom07k,0,0.05675255507230759
1,b9fd0772481bf459179a3b4ab49171693im97,0,0.06734343618154526
1,462df7ecf1d47980dea6a93d44fb408d4u2d5,0,0.05320001021027565
1,5e3747785e44d85a41a74470c051e946x01dp,0,0.07152150571346283
1,2cbacd5b066b7dff7e0a87e1ef00e0b4zpqzw,0,0.06257794052362442
1,7bad0fc50ac7d249e0a3d8b83f68e855fcnxu,0,0.07272639125585556
1,1f2d607e5cc04e790e3961a6432d7c15hn4qb,0,0.06567565351724625
1,20f206d2656116bed8dd46d5b70dac81lbgfk,0,0.06745277345180511
1,29db827ba14938954c90cefe40d26fe1130kd,0,0.06626459211111069
1,d7eefaad31febe607c252199a7672420kl1el,1,0.9607644081115723
1,6d033ec559ea79a8ffb90d80e0b24e93j82av,0,0.08314447104930878
1,a8a81bb8a3a35572bd1f9922f5a31217pw41k,0,0.07036390155553818
1,2993e59bbbd7d14bf4bc21e4d2a4f8eeb18d2,0,0.05500520020723343
1,5c2d250afe88df6e4ca3ff08d991eb67s5erh,0,0.05552913621068001
1,783d5c219ff84cc0517f59a39bb98e18st85m,0,0.05366481840610504
1,874402ea8b408a017756404006b12708d9s6u,0,0.054328106343746185
1,c8f537f6bb0aa2d45da541a875f014358qm7p,1,0.4079383611679077
1,72b21fb7cd32b1a65bed8a12eb94a8b7qa7rl,0,0.07272064685821533
1,29013ddeb60a18f7d3bf9f3aaaebae6c8651o,0,0.047478463500738144
1,16e2e48cff6faab74e1f5c47669dfbbda7l5z,0,0.06157968193292618
1,0ae09b09369c76737cba059d192451001nwce,0,0.07025036960840225
1,aa1c013a1de168c611560ca2afe78111g8i6s,0,0.9352847337722778
1,5053e03863b6887308c8446cefeec429l94tg,0,0.06629732251167297
1,7ce3afe39ece9d672e9adcf3dcf2aa44a8r22,0,0.0588739812374115
1,76ab7c99de4a3141bf617bf30bec9feep3zuy,0,0.06254970282316208
1,93e3c34171ab65e0b031dc67461e48b478u36,0,0.17809857428073883
1,3c77ec9f79f6febf630325ef84f2a0bcl3qg1,0,0.059174004942178726
1,8df5d645ed4040b857c121a4459b7976n5u3b,0,0.07049933075904846
1,ae29b39843141a73b39ada671ce6b6c0yxlb6,0,0.05839360132813454
1,4483201dee43b51f338c0efd3b13bb895tric,0,0.061583928763866425
1,16065749457a14b26998fefca503c3ecf9og8,0,0.058465078473091125
1,ecce760edfc6ec5cd5ddc7037c514dc3zod4i,0,0.05024031549692154
1,4b9bf4cf1085e9d839e833e4b9d40f2a8ps14,0,0.059597115963697433
1,7b31d9d8b5e749cdd2c300cbcbb5f875kjlsz,1,0.9454591274261475
1,ac9bf3a07831666bde4fefb75c184adekbrl0,0,0.05692761391401291
1,50859deae0e0a599efde1725cde3a8b8dw86a,0,0.06270747631788254
1,6faffebbde541edfccdb2725e430870cbkvo0,0,0.051184166222810745
1,0eeffc5039b27a4dc2e420eca75b1fa55rv5q,0,0.052895255386829376
1,664adb319c2be43104b6565a8ff293dea0f01,0,0.05736842751502991
1,6e8cd4699eedf0075cf5662e1fff3a857bycf,0,0.04993539676070213
1,97268eb2ac171298eb03ecc6445d6879wk3pu,0,0.059494782239198685
1,eaad20ae39d343daf76adc0b1a4984faumuzj,0,0.054171428084373474
1,9d33ed2efcfaddba0307d12142f3041ce731l,0,0.0550861731171608
1,75339aea3f29d7d9a8d67ed3fe1c89c3owsq5,0,0.5218679904937744
1,d42604c7cca8ec92839e92508f2a3e52ehz29,0,0.15858256816864014
1,b2968116361fd43589bde8eca72c5767o71qc,0,0.05268465727567673
1,825226b69f2a5a8337ca611b38223989aumow,0,0.04993736371397972
1,e12177ff9c1a8413996f7b1a590980c82ofeo,1,0.4427783787250519
1,a8b8959fe64f490d32fc15a5d1144f87qj9ai,0,0.06544162333011627
1,3ce8aa0207022698b6d0eef09c89b381jzqi1,0,0.06516007333993912
1,e8291466de91b0eb4e1515143c7f74dexy2yr,0,0.9240132570266724
1,bdab2be5a94c6380c60b902310cbe1b6rs4iw,0,0.057960543781518936
1,4cf9c56df4594860df56285e9293a7f7evfix,0,0.0494963601231575
1,460e932b11a1529d78246317757899ccfaxng,0,0.859839141368866
1,c353286290001e0943ed9bb160145c42etrf8,0,0.07035014033317566
1,25a4ee3a528004bcf4f4bf62b9208a7dx96pt,0,0.38788819313049316
1,c46e21e01a3f4987e00109d1d5f48acb1q72y,0,0.06665695458650589
1,76ed824b414b5e690ff82e7cd2f5be52256my,0,0.9487845301628113
1,64f6b099082e4fb2e8da7ba4ae9abdead2cej,0,0.0609838031232357
1,74a35c4376559c911fdb5e9cfb78c5e4btqew,1,0.07050346583127975
1,679fe2a21415aa98a3cfb88abd0507edzjpsw,0,0.06668014079332352
1,c277151116ce38d8245f9f2308807af8t4nnj,1,0.2069893181324005
1,110d2e689da119388dcb6e235749b787ni298,0,0.0676756501197815
1,0f33df2513a519a35c8b3dcf1d7c7416jjjzk,0,0.9309000968933105
1,fff2c070d8200e0a09150bd81452ce29ngcnv,0,0.07270677387714386
1,7f3516b1bd7e5571ab964ba0affe9302brn6q,0,0.056696221232414246
1,e5bde35da4abebe4fdb37a3c65124a57ff4vo,0,0.0561031699180603
1,44bc1c87245aac66d176620f6ac9611ddbcil,0,0.05944362282752991
1,3144ea2711bef53de88d89d71acd16c5q0bzh,0,0.04993411526083946
1,40f2eaf03624a31952397644f1b79a6fvtfjf,0,0.08307156711816788
1,f3d3c913b225bc6cdb98c60f0936f7cbj8k3a,0,0.0581822507083416
1,eeb7e43d894af9161f84692f2bf9570fdryzr,0,0.07049771398305893
1,6c6c3559c5f656c71348f7cadf29bb12okgl1,0,0.06352066993713379
1,c780bc2dc7ab83d5e5c85dd13f0f7fdecfxjq,1,0.205130934715271
1,3b8320619393a6f6bf12219b61cda688k4w4e,0,0.05930577218532562
1,eef111bfb93c213c174947c69b2f2b38cr2pw,0,0.36545827984809875
1,5a6376f140f05274d6e0dc888cbeb89eukxkd,0,0.05475558340549469
1,caa74df2086d71caf6c1b2b9c81d3d98xhpv9,0,0.05194399133324623
1,f2f10539ed947e4b141b2e9bf21af65ecz4f7,1,0.961137056350708
1,4b72cbc9d9ef0238bb666feea6d79e718qry1,0,0.06963557004928589
1,1fcca45fdd3d1d3638821f41e032f170en3h7,0,0.057216838002204895
1,0446457fc8e21596799158406f77b14catx8w,0,0.07271624356508255
1,6d1354e720cb9ec90e19e29f5f895669qh6g6,0,0.07271052151918411
1,dfa7ead5ef84eebc79c67d3daac340b0exa41,0,0.06634537875652313
1,916d2d806b772c9f227a9b3640e31469ljrxo,0,0.8992428779602051
1,eace2a2890644d703c619fff7e41a9a16k7lf,0,0.0627533420920372
1,4d2fc319ce6c2ad370052e0f6f2b0a1dxiyau,0,0.05205642431974411
1,90bb553b65144cafddc3f3d4a7783667a06ga,0,0.06216889247298241
1,c1859303603734d90d1a91d80977e14echjim,0,0.8040789365768433
1,33ba799fab5e4145b54fac4234bb6e13up0tu,0,0.2605402171611786
1,c128bfe7aba668d71126d51b32428c01tkq99,0,0.92743980884552
1,698da938f6fc36305616aa6f8affd53fobj5y,0,0.051216986030340195
1,6f6c9a1964fd4bbc082f2afdbf2d2af6ypdhn,0,0.0664944276213646
1,4641b5a43c7a2496ef93af2ca590d2c94s20x,0,0.05705731362104416
1,8bc2a424939c50eaf4a652e253421b0f9b0y9,0,0.08839814364910126
1,77bc113594866d4902d6f867a456750c9vvmu,0,0.058504145592451096
1,e0fde4b9b7ec14e80de3c811ecae157f6kqd9,0,0.1345181167125702
1,b6a3aa8c0f2302fa35d7b809d9371deeypvyh,0,0.12125048041343689
1,fc16993f1fdbd5fa8f8ddd72b40442f0qwyo1,0,0.07271844148635864
1,3d7bd741177a712ae0417bc4f4a37bcf9jo2a,0,0.06241189315915108
1,77b342f0d8769898619a935e267eaad25rubb,0,0.060080818831920624
1,9dc039dc57fd67bd9e7157f4f697ae7eloov1,0,0.5092790722846985
1,ccf30c9533a66f22f1c65910ae1bac1a1fs05,0,0.9576241970062256
1,417adcdcd7157e75c66469c07208af00qjnuo,0,0.06116826459765434
1,a58ace8b671a7531c88814bc86b2a34cf0crb,0,0.19788110256195068
1,e18ddfca4efb99a785c68ede9ef773ea8sfmz,0,0.0727190226316452
1,1a5d7993b43386f64fcf4b84e7b183a6ref21,0,0.21935412287712097
1,ff4e39c0be8af4b17a73dcb761e4bb6dmop0m,0,0.05772772058844566
1,920540ac4168ed08a1e297395a68d718gsqdn,0,0.07272600382566452
1,2d38a6af2ce96c1446f900aa4756b8975y9k3,0,0.059042878448963165
1,b1ae4691fefd3d09d74096ec4caaa6d1v6tbw,0,0.05963864549994469
1,0ad17aa9111f657d71cd3005599afc24fd44y,1,0.2961810231208801
1,4566ae63ee93ffc6b000b5cbea7f6a8ehbg00,0,0.05663525313138962
1,622a477170c3e2215b7e3cdb06db93aezz6t7,0,0.22648490965366364
1,802a819acf0601b43fe5426cb48ac0bbqwfu8,0,0.5214495062828064
1,b217ca4cdea62a3977481e398d2cc9bd4sxht,0,0.060160618275403976
1,c1c22607e7899ada525b74e757d248ac2b8ac,0,0.0727224126458168
1,458c8c4e10e5c1b29e3fbe5ee56d46e8y3fb3,1,0.9587117433547974
1,120c8b384858420c4e46e354c86f4ca393w0i,0,0.16776496171951294
1,0a9d614009139236f198ddb4759a498cen5ix,0,0.06397145241498947
1,222d3e39d4a292d79aeef4c04e52aaf24mgkb,0,0.05148842930793762
1,5db8eed67a7b648d1f2173b665b79de2vwdlu,0,0.0702606663107872
1,12fefd74d82d90541872847f199f6324cowi5,0,0.053208127617836
1,e54c3b01eab75ad3a616d56dd06ebef758ua8,0,0.06262735277414322
1,ba258a455ca17f2c13cab3d0afc7de0b48h0t,0,0.051201291382312775
1,7e34a26c4c339e875997f4b9239d2b5fscng4,0,0.8521423935890198
1,17a321c4a0d925ca80507effa52330ac5n5r7,1,0.3197387158870697
1,235f78b13fc87c995c1f309403ee56bb54tu5,0,0.04860324785113335
1,9f34ed261596a1114cefe81158c5617biq26c,0,0.9544479846954346
1,0181b91f58e6cbaa832235e2879c9c00ovrzi,0,0.055891286581754684
1,df12e679581fb2054907dae75c9c78ee9kzzv,0,0.055647194385528564
1,b7e0afcd391a22444eaa566aa527eec0x2yv3,0,0.05376477539539337
2,d1be739798ba0745a1fd72ac918a9f1929hei,0,0.03481270372867584
2,0a6ba32afe4756995db2f5cf2461cddbvj445,0,0.037846315652132034
2,fa64831ab5ade55daee13f852c16b0a84ujt0,0,0.36229634284973145
2,38e919293f5dbd62d87ce288e41aae2a281m2,0,0.8977058529853821
2,d29003d7f3ec1f0e4ca9cc17e6389b4a4phcg,0,0.032475683838129044
2,9c509838d129fcee98cb3934079ca36asla50,0,0.10515420883893967
2,067ff22ebf0d33fe0deedc816d75973865jo7,0,0.9656697511672974
2,1476226300a93d22b15253ed7339429a7ijk0,0,0.9617158770561218
2,975dd5178d34453c1c3c8edc47cf44274uv5s,0,0.23129670321941376
2,608d9b68afb12c6c27da6c6565ffe8297wvco,0,0.07691950350999832
2,e97becf0d4632035ad4cd5e65c827d6f0xawy,0,0.03848739713430405
2,848d3eaa622b26fe57d352eedd9649f4v6obv,0,0.03334945812821388
2,64a39f766b2e9d9471b104f0d0289740a9kdq,0,0.038317810744047165
2,481fdbc92e77bba4c9611841a7d74071elwx6,0,0.03592575341463089
2,72bc07c7241e1856ba31609d11501c91cswlb,0,0.05419311672449112
2,792edafa0603516a57932e6103e9dd54ajar7,0,0.09556222707033157
2,d738b259ec6e6af625d1f41abcfd63e9e53tx,0,0.032916128635406494
2,4dd2a50e589cde2802c4bab143dea61ak517w,0,0.03276580944657326
2,fb92fc925c5df50f4da7874a7542cf2210z1f,0,0.03342028707265854
2,bd586db332285f3c45814fbb8f638d79d26u7,0,0.0321417860686779
2,2307bb06855a6fe75ab56ee6b4a3860835di5,0,0.09608830511569977
2,dadbcec8b02ac75c5935f419b318ceca1wwjw,0,0.04982086271047592
2,4c4431ec9b6e683bdc5a3118d5140105r1nas,0,0.07200352847576141
2,cab0d4e41ea81636de3bd3a1800d8da8x4yca,0,0.031310584396123886
2,53691811bd992911edb9f5f64f49d8f5luk1f,0,0.05061141029000282
2,6531bde8d4decd9708ff4407ef95e887a26yi,0,0.048433419317007065
2,0e66933c924764a59760aaae5368e7d1e0s88,0,0.03389068692922592
2,48117c1e2b56cfc8739f83683e01d9b2aoc66,0,0.0364157073199749
2,12d6239a92972a35bc990225b3ab33466znm8,0,0.034492384642362595
2,d65efaa8129a85f85bf909e5abde8c3628gfv,0,0.17094385623931885
2,15972a431aed117840dfce5556242366c3fwq,1,0.963100016117096
2,367edc726ba8e667973844395493559dtf2o3,0,0.03662523999810219
2,efc61ad6db17265a4bac85f77b154ef414tpp,1,0.035480570048093796
2,acf06eabed56f179cf32ab60b6b076820ajls,0,0.03431358188390732
2,20ebb9de648c6df989f04d07cf273c7b3yu8c,0,0.9658027291297913
2,6cd1bd77bbf2af6a2c6e535192af628by3h22,0,0.06822265684604645
2,dd661e2d6e79a5b3e66c82373d50f3ee86k85,0,0.030377894639968872
2,090c77ac89c7063f0d0ce064ce3cb3afllf5h,0,0.046405430883169174
2,f80075873f7183a03b1b10ac3f740032v6w99,0,0.07331831008195877
2,c7d335bf99b9c71fb22797ecbd78b92ashv4h,0,0.032819077372550964
2,cf22da37578048d2e51eca1e544c693cke5t3,0,0.16043108701705933
2,7f807b2eb6c391d55e67bcdf7e1cbb3fhylw0,0,0.06605944037437439
2,1af4685cda2979a608c4b6ad83473774qgicn,1,0.3258388042449951
2,068450aafae2a6e390e35925d964290cdliqf,0,0.08277487754821777
2,ea0e5f7d93f2220a62bde8067f26daaa7oxgf,0,0.03363671526312828
2,3a5420301c0dacbc5675f6f09aac0143tuodl,0,0.36974501609802246
2,d6ebcf2149c311d221b233b268870b3d5gfe2,0,0.032355524599552155
2,c76f30b8330b6d14fb872b30fcfd9d57phbsf,0,0.03026137873530388
2,dd055846eb553ab8e953b084f2048d53bdqec,0,0.9640494585037231
2,7dc423d0bbfd840fa0bf75203cd7bcee75kmh,0,0.03751333802938461
2,9e72fb21f7581cfff84e833d02538e5ar35kr,0,0.038614965975284576
2,82bec02fec2f08899489d7a5c35a30a0lbszo,0,0.03668389469385147
2,64e802fa8e0c17ec2ba1b6425648b7cb7ndkn,0,0.10156930238008499
2,20662832566daffac929f803f0c236eaperht,0,0.04495016485452652
2,e18e3d0fbfba81cedcae619dfa977875p10ta,0,0.035699427127838135
2,5e611461283a5c3e49b5bfbf9c33b7391ce3h,0,0.033949874341487885
2,518e9fb1055de6532ed2df6d03fb78feus5s0,0,0.03133011609315872
2,aa8aeba2bdd0353a108b9b26f12ed59559mvz,0,0.04180885851383209
2,6aeab198df208f8628825f7eb3ec3701p2ybk,0,0.034175172448158264
2,a8561bec318a7d3a0082b35b086b4428wekph,0,0.8432856202125549
2,a7454ee6fbb69c4079caf5b5b92574abi6pyh,0,0.05434459447860718
2,76218e14c379c12d599dae9e1c00b61a3i5b2,0,0.13561323285102844
2,e0824707d4a78230ae54209a920bc3e3pzdpp,0,0.03566141054034233
2,a74e3962ca26514976056bae3c46d579emz6y,0,0.08758331090211868
2,a6bf74b19fcb2687ce345930c4c16d4e2txda,0,0.04161568358540535
2,d9177cca9a1bfe3478cc4f11a0d57de2p8ahp,0,0.04852725565433502
2,187636e527504df29bf42d4a2b7767e54bgv7,0,0.030377894639968872
2,f93a998dc10a4c98f65c6b86fdff651d5i4qh,0,0.05351695418357849
2,9ca41c3c062146a06d2682835f5136807yao2,0,0.0437682569026947
2,0b450f2827ec670da34be66ec2a520213xcuk,0,0.03452426940202713
2,55b39a51c925bfb42fb812ebc5fe318emsjjf,1,0.3296000063419342
2,4a2d5b70f0fcec3ad9d8ac4b447efd6f3vs9c,0,0.05113180726766586
2,e1b1c514e1b87826fd045588f1f3881707cyy,0,0.035401251167058945
2,eb2c4b4493f31788ead745533e0c9a18xzzlk,0,0.037991028279066086
2,e0b6466f9f720e9d9a00d7c12b2e2c6d8xwxz,0,0.04660094901919365
2,3106ad6371a3b740e2af90635a4ad966zeu1u,0,0.03622199222445488
2,7eb6a5ffc5e8471efad7cdc8927daf677qcf8,0,0.03102000430226326
2,5c28b04424e96267711d5af2db62e022tp36c,0,0.13494016230106354
2,9c0cbc0fd8a6c22ae3648801ade080fek6i13,0,0.03236611559987068
2,11d7f0a5076649b229c301a22537834e1ehwg,0,0.08558787405490875
2,8b809e18804865ff2a2e799c9a5e8a48mtxdh,0,0.9622392058372498
2,3fae46174ef1a7dce5e9893775f814c4so8s0,0,0.04541763290762901
2,5b45b150b6b683a98b5bc19c4214f44cvzru7,0,0.036481596529483795
2,c871daa6b709e008825b667b05efddca04jbe,0,0.06943324208259583
2,644e284380171fa793695a91b6a12c28jcwku,0,0.031215375289320946
2,10b431aa15b56084d32fe1ef123c4305wo1nl,0,0.04042421653866768
2,c2294751630e49a4e594dfd89383b271qzp0m,0,0.12397167831659317
2,573cf43253a18821e50dfae941ac287ceymgo,0,0.03871078044176102
2,18eb8d55c84019b9196c5ca7e072b287bv68e,0,0.03498723730444908
2,a4c40fd7a4c1040283fb2b84611eaad240849,0,0.03203504905104637
2,fb6814db96bbaf61f42270a85f0f62adunxft,0,0.03476070240139961
2,67d245e38ee756947ed395fa099807fchxv99,0,0.034997742623090744
2,eacfdb47b3daccebd9f16779c5542fe5eytoc,0,0.03267263248562813
2,200b548999702c10f8f9fdbae9ce60622owzv,0,0.9542998671531677
2,20d08c7edbcb4b4ac0214b664ca5bb9cprntj,0,0.031108856201171875
2,2b72d702b44fd7dd58062e326fd8e4779j8mp,0,0.0342700369656086
2,d63671871e4010e904b9419e48781565weafn,0,0.029259905219078064
2,e0e5719b5d763eb4e04c7f6e4e32884cmlpj7,0,0.09424665570259094
2,7ce12bb499c156ba4513becaa42aa8c143v75,0,0.03695391118526459
2,b7efeea5ff94a281635ca2f0f7e8b3ca4zykk,0,0.03212140500545502
2,9ebd57da79b9286fd67a53e61528cf63a1w6c,0,0.031849928200244904
2,e5fd2ebbf5bac9ddc73ce524e1b33c3akti0q,0,0.03045251965522766
2,9774dc752f855f07b9c00eb7018b607c0ymxo,0,0.03641331568360329
2,3b947f8c954acf4354d2c3bdcd494fb0x54ee,0,0.03505158796906471
2,c0d065cc8cb585f027143f2ebc6b49f01g1wr,0,0.03263356536626816
2,20a2d48ac3400228e7a0296aaa596a0fvckdc,0,0.04573392495512962
2,679d60378d42ca9d3b8a28073fe14fc7bv4jh,0,0.03673771023750305
2,8f6f7baf33fe2a5206ed3ca88446a99bmq453,0,0.03571092709898949
2,61101089c1b34f409fc9b836a7f9cd163y22l,0,0.03777870163321495
2,2819b8b2295f272f33f8e76fd344ce6bywj1p,0,0.037019602954387665
2,445305769cbfccafc89ff5ebd004598einesy,0,0.10202052444219589
2,be3bec53b42be118ef2a87fc40db7311k4as3,0,0.045885540544986725
2,9f793ee6e6df7f69b5a5acb4e13db0476b26x,0,0.07353910058736801
2,012441119bcf83b23d4768bb72cea6d6carua,0,0.034784652292728424
2,2d6a70a8341ea0fbe4c8537ffbce919etg4x0,0,0.04869146645069122
2,953879d32e39e014cf8ce73daa2547cb2ke8t,0,0.15877096354961395
2,40efc98d259ee36a8c2a387ba49f39d0fa39h,0,0.8225393891334534
2,156f4a8763e602ef789f8048c6928676a1ily,0,0.044782623648643494
2,dd7292cdbc81ebfb87945d9ab176d679gepf0,0,0.03318081051111221
2,222a0e05442fec0af2d20ebdcafe4b28c2pi4,0,0.035574667155742645
2,2797fe80977297483e724b8390161c937dh4g,0,0.04840866103768349
2,9e9270c06937bfa13f5b29e737c3438fcocyn,0,0.04496924579143524
2,7a71e329f3f2da98a3f82e7bfcb705a0t5822,0,0.05963905528187752
2,163097c029285c7eefa2d60e474d65b4ap2l0,0,0.035748496651649475
2,99bfa04865566ca88573ebfd3c7fb1f2c64cr,0,0.04049257934093475
2,2eaf4eef52d5b17615d08bf77386fa42yotej,0,0.9647828936576843
2,fb7c9b1dcc3b44dd69e42a84406117db4t4mn,0,0.030915813520550728
2,c6a49cf5944626b45425712f9e19e91d2nyh7,1,0.9658374190330505
2,060ac64ff78ae62e9bc697192cebea333760p,1,0.9669501781463623
2,fe4906ac4c8e2db5ed5a71e8a9d10080u6g7o,0,0.07457824796438217
2,d4d4b36ea722e5b939e51e34953004c4t671f,0,0.04111108183860779
2,cdf76f38b6f46a3bd396a99123d26909xq5c3,0,0.06203899532556534
2,46c0ae10d60c4fde2b6301bbafecd7b8dcla1,0,0.03158644214272499
2,6f7043cde57060a6766b551df5fa6fd9p3ojp,0,0.036439865827560425
2,d2eca28cbe0a3dc69715d719c6958faaaqx95,0,0.03643873706459999
2,1e050a096927d5b34f4a85d3af28d30eybsaz,0,0.03264506906270981
2,d2704c8bb6ebbf13e08f37131382b126wy4yc,1,0.16385670006275177
2,3bc8edfa1995a99110b957ee98fb5c76nkl7t,0,0.8971490263938904
2,4f07602a713c192a941204b27e2abcf1srnke,0,0.035379454493522644
2,89c8eefbf6f83543ce0792d1e4b86057ti16q,0,0.03991762921214104
2,916aedb8fd708e100318969dfe57a4639hexd,0,0.0355677492916584
2,f27321571b5b6184e86acb6203c766f2bsfxg,0,0.034087393432855606
2,a4630d8b78c796441a1be187f6907b11c5eu0,0,0.0348653681576252
2,46ceb58fb7a57d86a26cfa154c940a8cuktu7,0,0.22572442889213562
2,d645e4b8b043a18bb1c8689572ad4fe16q3np,0,0.03166522830724716
2,0cbd01c9e8cc800aabd3b3e4c618f9caktfgp,0,0.12910553812980652
2,0c57d8eaa2708b768416ca91dd8daa2cqbl31,0,0.030486319214105606
2,361397432ed35185b5a2789867a859ec42v14,0,0.03499987721443176
2,e4264fc4dcd5f917ceb002d860441370s054e,0,0.036660388112068176
2,b2a19e17e1b9e0bca8e4563efbff5fed7v9xe,0,0.03944941982626915
2,14b2d98230228eab6a6db3efc41660d7kp23s,0,0.031057382002472878
2,8d49c8e70bf96a255baf30acc76a3f59b394w,0,0.03178335353732109
2,bd0071b98d9479130e5c053a244fe6f1muj8h,1,0.045071445405483246
2,b79560ebfed7c8cbcfb97475812e0836twsnm,0,0.034987516701221466
2,d9ffd2f7f3cc1a546586701c2a6fbda24u9ye,0,0.9590252041816711
2,0a7446b63f183a4928ae762ed6cd1c4b894qz,0,0.040570687502622604
2,c89ad997f646e388fe375d7fe33a3727dzrh0,0,0.030560271814465523
2,eea590b4da2709c294e8db490f5997eadyc1e,0,0.03667854890227318
2,f3a249f6a5c2c88ddd8bccb1f8a85fe52xnkq,0,0.03548514097929001
2,2b044b4b7949b96e38084e59b5d1d328jib5o,0,0.1245584487915039
2,c59f4511da2e8dfbf02668a49bc391895wk3u,0,0.04904034733772278
2,7622d7085237d6b73d08e9d70ed11fe3u8mwm,0,0.03439401835203171
2,3e2e03a4464642627e223fba066182d1qslv5,0,0.06852099299430847
2,260568e07963ce8351f3313bd7b9b0e2vonva,0,0.07437431812286377
2,d2fe98eb0fa21252956184a98138c58dwp1ah,0,0.0345003567636013
2,5c2b3f221cdf303df86ff1ffd7106fcco6pml,0,0.6926910281181335
2,a40808ec5bd9d0440585286f1658c3b1ag8dt,0,0.03488751873373985
2,613fe9b896ce3801e40212b3c8a8053c1e8nj,0,0.03490656986832619
2,de3bbaaa3bbc1fd1f751d23a972916d80q8e6,0,0.04607466980814934
2,8af01eeb860c2e6b1512377f28953110ml638,0,0.1441277414560318
2,b416bf88dedd6ccdbc3a2146524500258qdzz,0,0.03672304376959801
2,1dec9ee102b29905e2f59a52fb7429826e8b4,0,0.07364273816347122
2,877d96d9abeb73e437a8ebd74abbbf45p8s80,0,0.032378219068050385
2,3105d663ef3dff7e483a46c56580a9f9kd7f8,0,0.0414414145052433
2,a32cce991a2f597f6e5a02605119f99b1dyq1,0,0.03604162484407425
2,3df41510a5044de5438015f37dfa3443bt7pp,0,0.03640260547399521
2,54379b25f1f35d9df78da9cd774cef74u5wt9,0,0.03551391512155533
2,2635d404f4943f3dbee24aa16a2953c723iwd,0,0.03487124294042587
2,a6414c637c6f1275e2c62c48fb238c5d5aw03,0,0.037476107478141785
2,78a444127a896122678835e12ef507deh01hn,0,0.03155000880360603
2,14d4e04d7ed150613974438a4dfd4e85dybq3,0,0.19530421495437622
2,613c7d60152ebf06e3a7dd326ba03261mnn8u,0,0.03387947008013725
2,c9f94611f4c9afd3a3153da9654e7310jr201,0,0.04297494515776634
2,c9a97c18992adb02e6c2e6a8f9cc1daa1di5k,0,0.0353514589369297
2,9e25bd3696b4e1775de205d2d4698a0df4s14,0,0.08264386653900146
2,1a9765ed302d0f91b512c23112066e41s755q,0,0.04725763201713562
2,fe6adfbbb2fc1ec0c3edf6677204bcb245uf2,0,0.037514396011829376
2,92ce3c44edd41ad3222481daac1ead35bouwj,0,0.036644816398620605
2,6182daa56cb0623719228c9e576b71fcpg8r8,0,0.16502632200717926
2,50a4bfbac8a9653af4099ec1169f684c2nsgu,0,0.2498885840177536
2,c7c854748038ddf37b8a9c4f5a28073fsut8p,0,0.030972402542829514
2,5fc9437841f1dbbe63a3a933c48472fcohutg,0,0.062426988035440445
2,bcda2135a2456d611876679b61dac500vs7sx,0,0.03224709630012512
2,e22850afda081aba360cc18e2a9021caqjjov,0,0.0336037278175354
2,a71f9ab1d130394882cbdab3c886f1b0fm6hu,0,0.039660509675741196
2,e735a2301a18772a8276aa1f17ef79efu4yew,0,0.033902741968631744
2,464506515f2ae684bd510b3a50b9121ec7v3a,0,0.04847531393170357
2,44d34926c0863edb7575b819980e0e728pn5b,0,0.04557676613330841
2,171fbac128e6dcb51d0f07cf7ed8bd3er891e,0,0.9673758149147034
2,b0973e698b12fe51ec2f259d924c6098rasmy,0,0.03453255444765091
2,da2841ffcbeabaac373f00039c10f39fty6fa,0,0.03380616754293442
2,6679d668a393f336ba9d1cb6a154e03aifmkr,0,0.033399712294340134
2,a48837ccd05bca96ddbf02c55ecccf639adk2,0,0.03431762009859085
2,b9c59dcf41cd0a7ba779154872019cabmohkm,0,0.03363773971796036
2,90fd7b3c991701dee376daeb09a0a5b7kawse,0,0.0301952064037323
2,7259271b61d2f05200eb2e1ab1d2ec911jlaa,0,0.032673511654138565
2,ab3e02a6b47b250b738fdb010dc84cd7lrr07,0,0.03145870193839073
2,1aa485901ede7baf78ea116e297e9d7f9en6i,1,0.5117717981338501
2,c900620a019e78a3eee44109e4d1e1d2xd2gj,0,0.054799679666757584
2,3919be53bf4bd411ba25acfdc1362b49u4vle,0,0.04757136479020119
2,3d2608a892e44dad3027ab55bfaa0b26r69hy,0,0.7910797595977783
2,e90e4701234b13b7a233a86967436806wqqw4,0,0.25151896476745605
2,ef1d71dde32e587e761a1b39d5b374c7gk68y,0,0.030194485560059547
2,5324221d38a79636bc4560cbcf2d75c4gimrm,0,0.0332675501704216
2,8c33cf751b05ca6a9d886a379a84a2ees9jlu,1,0.9020609259605408
2,3694aa599f836a57b671ee0814b071775i1nf,0,0.11774132400751114
2,5dda8ade6b5d4065f3119a381516c227yoz8y,0,0.4507877230644226
2,daef74294e84ef6d7e009c2d51be6ee167xds,0,0.03169012442231178
2,591ef8d73236d150c32716359a61ff2auk6y6,0,0.035152267664670944
2,2540f8192e425f9fb921db30ac1bfcbas4p6g,0,0.0455322228372097
2,2e07d37dd022e72ab04da76f51edaa13qk5rv,0,0.039071548730134964
2,eea79e1bfc21ff1b9572213e540e1252s5iuy,0,0.032082606106996536
2,870932eabebfc108296437c303db6055kc3t4,0,0.036554813385009766
2,9196288f121946095e5c402fd326109827t0a,0,0.9653013944625854
2,afb1d898d15663a9477870391cf39b697gso2,0,0.035815753042697906
2,06ddad46112881df154e3bda0e90fe880r57n,1,0.9455500245094299
2,d428139761f7b7563d57bb1f87b55876388j9,0,0.04466092959046364
2,9349befb45c4869b68e82a1944f4f01377cpz,0,0.08707775920629501
2,2cc1c5bf18c858fd9c74901d8d80ab70ak8e0,1,0.9654607176780701
2,f8f87e237833c3279a953b785653b0e5qka8u,0,0.03250279650092125
2,21c5f4fff051adecaf1b080fbf910ca3dvi6a,0,0.05763384327292442
2,0d1815382b08885d76c671ab600133adeyp5e,0,0.24814119935035706
2,98e6dd2906ef1f7c13284a309f6b160cb2ujz,0,0.03926884010434151
2,c0b7161a67a0aae21788103c08eba7e9z8e8k,0,0.03939037770032883
2,05c9fe8f8852ea069a93dfe39fc0571er9mdt,0,0.03824719414114952
2,5c2e85ba72b9e9e16f77939fee7ffb5eivaqe,0,0.035101570188999176
2,0496c24a6a7f593f28bf7896350e946advl6i,0,0.035945311188697815
2,900284c412387e0bb2dc2aa5ce42dbb9th70g,0,0.049622371792793274
2,4dd7f98cfffffd6f4707fd0deb4a00b5rj9wv,0,0.7767065763473511
2,02cfc97e8fded77671e71e1951723d5fwz6a4,0,0.03305162489414215
2,87c5fcd8d9582701469f94bff3cc415dvq4ia,0,0.036053553223609924
2,c435ac9dcda855341e667d440c2ef7c6nd3mg,0,0.034528132528066635
2,c6fcf1f7b824c864d492c4cd676cd702owsuv,0,0.03378923982381821
2,aaa8650a6e0997e90e4b6a9fc2ddf555m5c1g,0,0.05089125782251358
2,9df0031595e4105e4530ceee1a08faf319vvb,0,0.03387247771024704
2,24029e6b641077ab7b9a1fde11a42666pkz6z,0,0.9624764919281006
2,ca5d4f0a3ea342fdc45c3325e5311049e2uis,0,0.09481796622276306
2,68d0de6b2b019e4f93fe89ef3c9d3e21zajj9,0,0.029620392248034477
2,e0984156959c3e7cd05b7ec8ae239303inqlo,0,0.03465903550386429
2,fa9cfea85e90bec313e512e9eeab2e869tvx8,0,0.9639949798583984
2,32dd072b16a69411ba3f67992ecc3e2144j5g,0,0.06375269591808319
2,3de66f8a5453943040d42e1e73f11eebll8h9,0,0.030377894639968872
2,e833712b1e29ffe74517e2dadcb4f2d1pt5t3,0,0.03347130864858627
2,82f1ba4809f4812629e9e53ea4c687d7begx4,0,0.05633315071463585
2,c1d9c4c69367536d7b0ccac19527629f65025,0,0.04840854927897453
2,48badabcce6015d257ff5809761486c8qgjul,0,0.14662021398544312
2,5de403f3d49221bfa7116570a4d572d8m19sh,0,0.04456830397248268
2,a945c65b19da56d0c7358d8858fe14e8ulfel,0,0.1555282324552536
2,1a05035da8ea9dead1030ccc993b5284n1on8,0,0.04974840208888054
2,2eb8a353db13e68388f544daa2e28359oenbs,0,0.9446046352386475
2,6c021878ba6173a04d55bc1cf5544ac1f3t02,0,0.9113996624946594
2,722d1147768bdb5918584997e1f677e55g0nv,0,0.03740296885371208
2,a37b105534ddcabb169f6ae3ec928d85slw6z,0,0.03791945055127144
2,6cfd573a82acda92e8207745bca28aa7lqjcm,0,0.03866743668913841
2,dc4efb7e05563288d1f2ac4ca65c6734017ql,0,0.04090842977166176
2,041d869edcadf595b90e3b5248903183pn754,1,0.9656717777252197
2,c89d56c06803b8c6316a7c906604c64939yri,0,0.03441700339317322
2,cf18f6766fadce944ee74796489c23acmqhpe,0,0.038220230489969254
2,0a9c5e1f261c937c09817ea2d5e949f34v8oe,0,0.03481122478842735
2,445eea09a6299164f60dd11f23276b44rkt8q,0,0.09215155243873596
2,97f541ffdcbd1ee34610e3099c5df42acfvcd,0,0.9579348564147949
2,d5337c2d4b58426b30c8733313eb5247syn5p,0,0.030483895912766457
2,2d2839fa92d1c8e94bdeb1fbb9e62149x6xc5,1,0.9662320017814636
2,f219cbb3d454b32953619d5a4551f56dcg7gy,0,0.032433249056339264
2,96f31c5b3baa8704096cc8d4301b4c96i6fyp,0,0.03623245656490326
2,8a27b2e29086c0d2e589053537e88393zsyr2,0,0.09070403128862381
2,e704e6fedbe6caa9b434509d085f4c97nq6k1,0,0.03628893196582794
2,ee2caa714a2175abb13eb6ef15196368cwc7c,0,0.03124665841460228
2,bf65e77ce8676fbab6fc78b70c50f05a8da8a,0,0.9366569519042969
2,ec86220eb6ce57c91a02a7356b342599jrcut,0,0.03331494331359863
2,8bce581a91921adaa5fc20e627cd7b94l6cp6,0,0.04002012684941292
2,d7e83a95a05308d4fae6428bb9073a7bg8aoa,0,0.04496486485004425
2,94c8c0f9c90820f28928caf5d122dabby69ts,0,0.037014879286289215
2,d4b2fd8f5e8e02b660e9803cbcfa6cf2t5szq,0,0.26844149827957153
2,715ee2811c764d5c58aa228ee801e518gqvli,0,0.03432653099298477
2,1689122c3b25d9e7adc626de84c10006fr2n5,0,0.03676159679889679
2,aa20f72aba9804a4922195f66a876688rugsd,0,0.03788767755031586
2,ba319b8bb68ca6a12086f2410ca7fb3buxsei,1,0.966928243637085
2,ca9e2287e98a718e20a8ed117dfcd699gxsp8,0,0.029718346893787384
2,79794d93380946ef72e95f55b4abc008hsns6,0,0.031573157757520676
2,14fe3602f049d4574cdbdef13789647dsgtqy,0,0.07324187457561493
2,4038ae3276c0b47f420a5d73687fb73bghgxf,0,0.036917492747306824
2,52c441804b89bc20e4c8dd625bf163f27o2zb,0,0.08435802161693573
2,5e5d3410ca3605694b3c75b2274efd44c9vru,0,0.04861976578831673
2,a124589b3af5a212406c0306584a9554fazi4,0,0.03397006541490555
2,069d020584a0e8c61e622321d4c43881j7pl3,0,0.05272776260972023
2,8c412ae875b672f18073d643c74f9f0clzbyw,0,0.030521228909492493
2,c5c8a28a166913512f5bffa6a49788c5b0uaa,0,0.04435819014906883
2,cb705744a588c18087921e74e68cfa10oev6i,0,0.09213723242282867
2,820dc943d26965d377be315497837bba5iz67,0,0.03520512580871582
2,6b0d09889ff4889deaabd5f15b3b34f1jxl6v,0,0.033440347760915756
2,e61c14d66cd5693d93cb0356d7f444ebinx9i,0,0.0948093980550766
2,6b531ceeec5892121e04dcc6f89b10a70yqoq,0,0.22804445028305054
2,a4475cf8808f8951dd5163ded3ee8032g9vxd,0,0.030377894639968872
2,dfb23124fba16b7778f65c1c8d091f949jz0k,0,0.10501416772603989
2,683833b860c003e6c31c521c9cdb49a1kr6b4,0,0.04464690387248993
2,4d6fa52e125a18f433db6e6603b58ec7k1key,0,0.03123961016535759
2,5114111892d49b59415284dcf19ceebconhvq,0,0.08743342012166977
2,0030a2dd87ad2733e0873062e4f83954mkj86,0,0.10305716842412949
2,c4294be0db6b5c9357ae5e2e7fc8da9489qpc,0,0.04435892775654793
2,a8a2547a9153038fbb9fc66d2425d9a7efr68,0,0.03776780143380165
2,bf190f2cffc1a77f0957f8cd1c98257dofy08,0,0.061582598835229874
2,f268f61e075419e5a001b86ee78557e2kmg14,0,0.055176474153995514
2,8884b7af726ce7bd929482ea13de19d39lzuv,0,0.09223602712154388
2,106f4ed8e9b727f8d94a1cd57e882a095pteo,0,0.04939727485179901
2,4950352b0410495ef65a92b08b5be463c20yn,0,0.0880480483174324
2,0ea26a4028ffc16d9a8631d43e1b92105auao,0,0.04123180732131004
2,737d19fdceb065359c77b81d27053c4e5quiq,0,0.054571643471717834
2,403d9c0288bab462bae858dc8aff2f94ti9ma,0,0.03699247166514397
2,cd8f738dfa2ea0554baa3dfc4465cdb8izun1,0,0.19089601933956146
2,d9d24106ae1ff4f5bc4ec3caf29d7bd2c2f5o,0,0.03502500057220459
2,aa75d58c3e1207618d47c72ffb19c872bolg8,0,0.03088497370481491
2,8725b0aa1a32054450c16b099328fbcbi71gi,0,0.04386257007718086
2,32d2ce86b00693f0c26314e3cce2438dvxbt3,0,0.050966642796993256
2,7e8650379cbcb3ef8f7f6aefcd678067kzbdi,0,0.0349029004573822
2,34914d163517a0cc4f0c971afb2352106vsvz,0,0.033736616373062134
2,210ae8381324c41f7b49e95f1b7aed80z55df,0,0.05510365962982178
2,c9416e793bd0559bca3ad4a5194d4cd1k8eyc,0,0.033910393714904785
2,92a63dbb8323426833b944a4fc196fe27pzha,0,0.03616161271929741
2,55abcd1b00c6b5b54633fc7e98f0110bwoy3v,0,0.6416950225830078
2,24a32bf10c4a5d4d91c27da4710c869a0nqim,0,0.033195994794368744
2,78830493a121b8b6917d246ec73ccb4anwocl,0,0.9660688638687134
2,1d4eaaacb6127c43c1c007331cac135bpib3m,0,0.03682241588830948
2,46f1d7df0a8ffcc10c3de0dad8979cabgr9ig,0,0.034807924181222916
2,e76057d8bcdbb3d2f935c30849a17e4d7ordt,0,0.032780978828668594
2,353d05bfefe1dd96d3335575ddadf310rgnrr,0,0.04609154164791107
2,00cc97158e6f4cb8eac3c0075918b7ffi5k8o,0,0.034696441143751144
2,dbdb69d0032b0a251469107dd565b6c7irr4a,0,0.03990217298269272
2,7a0b445f462d05606bf6ea07e2ab96ec1a4kx,0,0.043387267738580704
2,74582963d3774699f4215df7f2d17c1b6b4pn,0,0.048627495765686035
2,6c8ffec692e88d81e1b18d47818abb04v6llr,0,0.10645031183958054
2,583ce05b5add00d9e7e5dcefb3c436f26d7c2,0,0.030377894639968872
2,56b55e6ab49a4cbe7c76a2bbca804089pjq0g,0,0.2692679464817047
2,d381ce07afba12851a815cdf8858c1c7g2pfh,0,0.5987547636032104
2,07012e0507b4281d430b93ddcd96cae66und7,0,0.03552841395139694
2,37bb1697e1c3922a06c2d2ea4138a4c8s6wgk,1,0.9662945866584778
2,c2e1242ad5ea781923a08987d55365c69fii7,1,0.19998575747013092
2,219c6102f604c8ff0ead5d23375bb127del0d,0,0.0345277413725853
2,67a1b129ca241c51d0abb5484f8eb3fct8o5c,1,0.8138148188591003
2,d2f0217aa734f025ec008d24d13eca10ntuhf,0,0.04857755824923515
2,e4bee4e53a19aaf71e0ac0e3be752b2cz3k1j,0,0.034481119364500046
2,4f7331589f84c6359bd693513bc9d7ddlitos,0,0.08421884477138519
2,6ca1de75674e78f9d3d63fd96fbe6e172t86c,0,0.033343326300382614
2,71396d66a14f4ce0c96436456462863abwefv,0,0.08050691336393356
2,cad151bdf2e29b764dfd3acac022e5dcy8n83,0,0.03142267093062401
2,a639448bde9a72923b70917e82594fc66sa2f,0,0.036371808499097824
2,9e9047df09026ed5a5a3a86403811159u5yja,0,0.03541513904929161
2,15b1e719796dc894ecde30f160e7ae20hrmmh,0,0.07740887999534607
2,83dbbc6c5c7ed95048ffa9427d807692339oi,0,0.9262588620185852
2,caf32bc98f84a47829e76ffe104371f6kphvc,0,0.1888328492641449
2,5cdd665a22747394620c17b7753947b0xgzhw,0,0.0357230082154274
2,21f5b103136104e4947e293983dbaa5b4tder,0,0.9432370662689209
2,86e888c2dafacf13580a1211abf50961w6foa,1,0.8790547251701355
2,9a272c3baede0633bab0e15ff98d207e3ldpv,0,0.08946923166513443
2,4de2f22ca840fce9ac653e4aa06d9b0cnhudf,0,0.031908366829156876
2,98c12418158dfb9494af01308ac2d0588gfw2,0,0.03137558698654175
2,25022fb30734c2e5044e031b0e9a4a9ct3354,0,0.03092174418270588
2,fdf0eb91ae1ecea1f6902676f47c32c454yzr,0,0.06923554092645645
2,20d31f20169e8612fe13818891f88a83r66gm,0,0.09436964988708496
2,c99b1edcfc7f0c751b68fb310d34b75ei6j82,0,0.03349010646343231
2,4c46b1ea933d574a985776ed356312505nagr,0,0.04406271502375603
2,780566278695c3771f81afc605abdffa4143q,0,0.03773651272058487
2,ef65488c949595d7885525ccfab9100c6cmqb,0,0.9017099738121033
2,354d4abc23881a40b8f119225e0dbd09tk1u3,0,0.034976862370967865
2,28763f241cf0483ca1dd3aa1bbcbfc37xntso,0,0.04714854061603546
2,4de568a9b480f0dcd3f2ac385121d75bbpy82,0,0.03615003451704979
2,4089a2b7f26e5c13a7f3350bd52ebf8fh21nm,0,0.878923237323761
2,d927c987f8a4ba2dc4f38dadc0831100tt94p,0,0.033289458602666855
2,1870650d20a97db60ce4133bb9352b69h9phj,0,0.03661290928721428
2,ddc6dc00f416ce10f23b57ebf758c2eeawzjw,0,0.03551581874489784
2,08a588ebf7b98f44f8fc695d02adfa25x0amy,0,0.035120800137519836
2,6ed19e45dc118b78a78f25649aaaddbeef7e4,0,0.03556455671787262
2,1899fd76b484b9275854787a6b003b8a93js0,0,0.04524891823530197
2,5f56908449455ee9670c7947614f7b4bxak3c,0,0.032182469964027405
2,43bd7fe0ed7629fa774a461127a629f19je0a,0,0.03178694099187851
2,022ac3a7ce986049d9a4bede83ccf9ddctvg6,1,0.9660137891769409
2,b9cb81e5855add059728cf932f0624fefbi2t,0,0.047769710421562195
2,bd6adbe79fcb843aeb97546947af1236kbg7p,0,0.032802265137434006
2,29e08b4d18198fe9265772fba3a4f6c4mj1rw,0,0.04309086129069328
2,8f6605a649ae41fe950a6bf579452464d9lmc,0,0.05553215369582176
2,6c11cc7744fb52a632306ca8bf966cd1e4zxx,1,0.9435729384422302
2,ba6811273d4f63d9a31937b71b0a22dforovn,0,0.9588857889175415
2,84f06d2c69695fe24cd69f8a1aae21a7kozbn,0,0.034693337976932526
2,03e884d3e7e3356608187d2345e4693fyt29x,0,0.035846203565597534
2,9f2086ccb71acd84652f861517d4dff9du4y4,0,0.03343041613698006
2,363ba0a2afea1b074fc1ed270c86050byprz1,0,0.043866824358701706
2,15f34e73687d7361ac0d780737fca261g2s9n,0,0.1089349240064621
2,1dfb637157cc0e590e50d724cd4cad6d4cacw,0,0.03250153735280037
2,2baa5a9ec317cb21a11d83f6dc72a2d6xy9jb,0,0.043274421244859695
2,65d8228c6c1e5b6042f397afed8a5c7cbo6x3,0,0.48412683606147766
2,369515b3af4f8ca582f90271d30b14b6r52aw,0,0.031540486961603165
2,c806dbb2decba0ed3c4ff5e2e60a74c2wjvbl,0,0.040327947586774826
2,84a769adc98498f52debfe57b93a0789556f4,0,0.03419949859380722
3,91a3c57b13234af24875c56fb7e2b2f4rb56a,0,0.03945135697722435
3,4bee9aba2abda51bf43d639013d6efe12iycd,0,0.039680030196905136
3,7eaefc97fbf6af12e930528151f86eb91bafh,0,0.03954574093222618
3,585e7c21b80baf2225224fe140cdb1a73ddrf,0,0.08430039137601852
3,6e4d22dbabcf2eaae5689c7d155e1c1fev15l,0,0.039480872452259064
3,b37b352197594dae96bb9219bf59d656oz79f,0,0.04015317186713219
3,d878560888b11447e73324a6e263fbd5iydo1,0,0.040556084364652634
3,c748f0d69cc89d5812c9fe3a6413bbb26351l,0,0.03897955268621445
3,322addd5687d99bf69306148e12f87dc5jbsh,0,0.06487610936164856
3,0d0b3d6dc27d0f8eed70971f8c6bec1bdrs0f,0,0.08639302104711533
3,d6d3daba4bea632d7f5a4e2c5146f109dkd4m,0,0.04105374217033386
3,342f22fed8b1e90c6ff1a6b7bd80f6334w094,0,0.03827594220638275
3,a1f4d216a1a92507d97166151d7c9fe37bei4,0,0.04140016436576843
3,aabc211b4cf4d29e4ac7e7e361371622pockb,1,0.9414376020431519
3,e1da7d96b83f16aa80cc254572cc154fcoudy,0,0.8239161968231201
3,8abc7635daf75f9fbeb63783b7b8ccd5rvuyo,0,0.042366188019514084
3,68d468e15e0de0bab9694cdca8e799eb2j8kn,1,0.9445247054100037
3,f60edfe5177cab56896a9d6860995095cl1bb,0,0.038272958248853683
3,91dcfc10da696a6d90966ff795751708er5fp,0,0.9337216019630432
3,927c5e145de79f9ee2ada0ddc054b4e9hc3qj,0,0.03919269144535065
3,85be8fd21f41bc3dee86597d272825726bp69,0,0.0556468591094017
3,59ae36080fae26bccbbc31a4505b6fb3v3zjy,0,0.0398135669529438
3,6394edfbd35aab54801518835e33ed50hcr5f,0,0.04152777045965195
3,af98b7d5a7c1ccd2968252a2fb1c06f69igbv,0,0.03942101076245308
3,96b90af2d3eea4d3b2bc725e1c92e212qu52g,1,0.926732063293457
3,02bde521e763e4f4e590e8368149e04a96il9,0,0.044506724923849106
3,6ecd9f4b332eb790dc933aea0a1528e2qkp4y,0,0.04913442209362984
3,9df0b0e5ca66460495931376045feb5fu4y7b,0,0.041337866336107254
3,7cb144485c703ac09fc73aa646041f72ogqwv,0,0.03852052986621857
3,20cb327bff59dc8f4fe1ac68a30f02eb6jrq6,0,0.038418278098106384
3,03244a553a252dcc3a3037f0371c8d33fmpd1,0,0.04104981943964958
3,6086425310e05e77a53317490e8c1f3cxzf2r,0,0.9401916265487671
3,024cf43497fd7381df6254888670f84bwbbam,0,0.0392313115298748
3,47e0637718480102d235233c83661a7850foh,0,0.03874562680721283
3,5b25a86acea5ff395bbd62399bb5cc9bb7h6i,0,0.051921602338552475
3,dc52611b1a2c84c0949da5af9870d57fj6ab0,0,0.041398338973522186
3,b27db6c048fa41b496dfd3423226bb0923yfv,0,0.03905652090907097
3,2e3b450b727fe3e888c85d52251fd33ffoi4b,0,0.06514893472194672
3,68f092336430866db606f137c57c87e0hw7aq,0,0.7364287972450256
3,22fb740f267ac617118261b2fd3365batisfg,0,0.04089732468128204
3,17eeec8676ad56bfead1a9406277f41cnev3n,0,0.8807104825973511
3,2c31770e98fc9fc7e0f1fee6207b5600c0e10,0,0.9358509182929993
3,74fc24cafc7c5936d0422b8da306365byjv2b,0,0.03864474967122078
3,f63ed13362ce1c80970ba28a095c2bc5kfgmr,0,0.04051194339990616
3,e909515a6ae94a86027c717c4085954akbpt2,0,0.8936789035797119
3,27809fd62bebc89be450f9dcbdd25ed8il6z2,0,0.6321267485618591
3,eaac863aaf84acb7529462118e7953c3oeky6,0,0.03967883065342903
3,e561facfea467ea124df0111e041287ctvgwn,0,0.03917177394032478
3,33031f476dec19fe47c0e3a051a68e992hmwv,0,0.03918279707431793
3,f0c356e136831c41884b0732ae3198e0gcy8w,0,0.06929676234722137
3,6a76d66f035914f93ebc725a0998b399r4gdq,0,0.040651723742485046
3,2736ee274114e9440463bde9fbffacaa5xky5,0,0.041442301124334335
3,7339b024b285f99084bcca768cce5c7e0h2op,0,0.03917535021901131
3,354baa6c4764a5bde013ea3f7edc72552r3oa,0,0.9410960078239441
3,b191c73f160bb9320dd3715bc3ffed26ymluh,0,0.0391339473426342
3,0565a780f2c5b46837bbe9739ef15ea92fdu0,0,0.8604581356048584
3,3d281a78c6a116a91baf9c8db22b56bazer1h,0,0.06872393935918808
3,b719671479e7d75b1ba5a5617c95ccad4dkvm,0,0.04125269874930382
3,e8e4603ed284adbd252a7a601f9bffe09oq6f,0,0.04158436506986618
3,246c55639cf85c682d58cbd2ed6a6563vk2yn,0,0.8829421997070312
3,c5dcc8a649adae76ce01a3fa85b68f237ny2r,0,0.04160279408097267
3,d2ebe13374f25a12865d50c17af1dad7yspzq,0,0.03895020857453346
3,9fada390b6c53ecb47e6f4eb4353e14f01xu0,0,0.0411616750061512
3,e959a3ae64e28a7d3b37934c0d826867o3sp6,0,0.03965352475643158
3,f535b28ad58c83d35ba87fcd46624148zbh6l,0,0.0407317690551281
3,40e00fd204d0ce97110032bfc47f423d0bgrd,1,0.879083514213562
3,db88530db963dab43118aef5aba127ec29abp,0,0.039679210633039474
3,bb790a228de797253bf6afa43ee52eba1s2dx,0,0.9086806178092957
3,cf9a1c3af63d1bc3f55728b4a06a5f46njrac,0,0.09274610131978989
3,a539fbaf8b29613ff0e4f3e5831aa7a5p2cva,0,0.04073714464902878
3,7607c4efa792a69e2a8949ccafcbef103squn,0,0.8642416596412659
3,8c4b0d95ba36c0ba2a52f9043c62fccev75uu,0,0.925504207611084
3,10c1e1164e3f8298df9a35c891f67babiycsr,0,0.03907596319913864
3,5bbc8f66464ec2d962b0360d1d74bf67imj47,0,0.039325639605522156
3,cffb5f3c1f4ca815d0f643fcb2f2f316beod4,0,0.8103450536727905
3,2d82c3dc726d2bfa19c5f16ec3de5023lbse1,0,0.040067967027425766
3,282fe85277f7c07b0ffbc5fed621a02ezp1zr,0,0.9109423160552979
3,d65c538ae39fc1a7e0677583bba5fdc6ax1et,0,0.5973342061042786
3,640f41f27c03aca0c45775eb918b666cnjsqv,0,0.03917403891682625
3,786fd201d9c952bc3453d4b3a6fa64046d8wb,0,0.06642289459705353
3,45cfe8744884eb207048e3cbee31ec56hd9lm,0,0.040781423449516296
3,c4b598fcb343bdd2cf826fc7541500e40xtte,0,0.03932679072022438
3,3d54d594ffba32e8d6527a688e7227e30iq3k,0,0.06808116286993027
3,b2d3db61ddb119aa4e5f43e1bf72e349xr5tp,0,0.9049572348594666
3,2e1eb5b56591662fd7ecd7b39621bbcfgd1ks,0,0.041681043803691864
3,4f891171f7b09f54d8b4f30b48421f178m75r,0,0.88279789686203
3,e67abc3ba39537cc640678297a7c5bfag490k,0,0.04234427213668823
3,eefb0b863345336dce70312ff0f8faeb9qksv,0,0.039123084396123886
3,88e24a019c32a60f2ff315a9d217ec33q144x,0,0.03906060382723808
3,bd8bd6cae40abb19b81b6b6a7775f63e5tk1s,0,0.03892877697944641
3,3961434cea4339f0049798fab2bc73aekuxjv,0,0.03866824880242348
3,a3ef8857f2e33ecd25c409622b4e3ebcij8hv,1,0.9435117244720459
3,a8a5bcf248e1326b3340c88e057f59e9nlslq,0,0.03973015397787094
3,5d02346d70f11cd61d9fb955846ee9bdp5o6k,0,0.039195023477077484
3,f04748a1437347d837a65ce04ee7d94enqhub,0,0.8981987833976746
3,b46132a554a2a3b93efc5a9352036e6crl6sk,1,0.11968359351158142
3,4ab56df4b1befe3e2ce5cd98e8950ba2psqq2,0,0.03918389230966568
3,651402deb28af3e3d1ab9a6b88314b591uuaz,0,0.037966515868902206
3,3ddd3eba016fc11b07c8a9ecb3fcc2975bkru,0,0.04070812463760376
3,392d936106b75256632c9dc83c4f1a169bke9,0,0.04122260957956314
3,e69dc706f159ef6e26df0d88388bc5edlymly,0,0.03877886012196541
3,a6e261c09ae8aa7d0a47ffeb0110aa519jowa,0,0.7526584267616272
3,14f226ef57ed64d8e14c8b5ae929143cgq3em,0,0.1392236053943634
3,3073d007a5b42b827cc770ecf4805278xvvzl,0,0.040570974349975586
3,ec0c9e98cdf302274974ad212477f851iw35b,0,0.8885070085525513
3,a99f91d51e8d9f5786dfa52e24292dfebi55j,0,0.04426226764917374
3,5e8bf58291656ddd5fd2f71825565446aiopv,0,0.9132544994354248
3,8322695c21cb27accf0fe269438bd78fn3x44,0,0.8463054299354553
3,96caf14832aa8be04d98aa481b320392kb2gc,0,0.22285686433315277
3,a3910fbd35b7a0c383c9805eafda616fra4xo,0,0.04034190997481346
3,37ebf34eaeb8a434976416c34ed5c6d8ywyoj,0,0.038772422820329666
3,d4a84bdffb9543626fdd42c879343ce26ds4l,0,0.03864545002579689
3,01067975436d123f717ee5aba0dd4bbfa0937,0,0.7845755219459534
3,9aca61f505f40a3b4f7865c2d00e2418s0e1f,0,0.8754040002822876
3,1ac788675f70655e71a013892d701e901kj13,0,0.04321916773915291
3,796961698c2f2442e73c5195062370caawzzo,0,0.038563769310712814
3,37ca0d0ded383d709676a4f9729ef39cpjfh4,0,0.03962823003530502
3,b4550ab1da3a3ed6e4a206c9ef78d496q23hb,0,0.9155334234237671
3,d0b096df6b5ffd2efe8d5cfad4a24912zs3dd,0,0.03879549726843834
3,1b268ea4fe034638a92d683b94bcb330vee4w,0,0.03908970579504967
3,b0164d9a18a3cdf6082e96f9708040690qcqf,0,0.7496665120124817
3,e9c8ee7f783723fe8496dd35232d88f2or1r1,0,0.7980367541313171
3,1e0b1a6ea8d307cb61e221723534c4dclf9w1,0,0.7789422273635864
3,34a7ce35b13775be4e20930ba2788a3ebu5n0,0,0.039122771471738815
3,44be920e88377290bb204795f05a20369jp06,0,0.04105813428759575
3,8783939eb63e5eb4e5cd412d8480f3955ipxu,0,0.16177597641944885
3,cbe756ce81f5c420a1f7079791ed9aa2js2u7,0,0.03946886211633682
3,10f1460119f9e42bcccd0f68ef59cc830pwtq,0,0.03946267068386078
3,f35082c6d72f1f1be3dd23f949db1f577t6wd,1,0.03918852284550667
3,c6108e22518279361de99b3c7c298235mkoa9,0,0.07831870019435883
3,4073de52fb5c46376dc3cac6b2f2cecdxyqjg,0,0.03864595666527748
3,7c965df16147f68263573764dd257a7bxqmpt,0,0.040200889110565186
3,8ec9269ed4f5aef4584d887dfd9e595aaynzb,0,0.040431078523397446
3,6c0212679f2439c4113386b2c6ef513e8wr8p,0,0.9369615912437439
3,936d73a062928a362901f0e507d57b0a8rjs7,0,0.09329989552497864
3,2db8669a6d21a5c8197d4287ea32b7883gv5r,0,0.0386245958507061
3,6713e820273f591bdff7d26a48ee30c5k4iii,0,0.7589943408966064
3,8ac7cc6a62b82e675465e89f67ab1f962ltgu,0,0.03812963515520096
3,fd1299f1343236dea07bd0ba5f8ca220csnv8,0,0.038112614303827286
3,cf4eb0f68d47e6d4b92befd0b8fff39a098cd,0,0.038757577538490295
3,af9c96944265cf541b3fe734a057821a825l7,1,0.919830858707428
3,a283eb484c3245e5b12b18daccc075e9g9xk4,0,0.03920287266373634
3,38125387ec30412c438280af8931254dmvfgb,0,0.03805723786354065
3,bbad48cdaa604c1bf40b59120a775794rnlg1,0,0.03967170789837837
3,4bddcd4957ff826dfd3b3efe6eb96be9aw5tz,0,0.8479452729225159
3,b1410ac124aeb5ef6b06667786feb742tijnw,0,0.8431498408317566
3,284cd72e028fe176f935114521ee998c5jsko,0,0.04016110301017761
3,52d8066e28f168e5bee769559ead307e1go7e,1,0.909649670124054
3,d8ada60e3b7204a104bba8c073136bb40772o,0,0.03779942914843559
3,9f60e1593604631e10ad2677c51055c6mv205,0,0.04124126210808754
3,ae817305e82b580f9ab89f1a379488e39il4q,0,0.9096727967262268
3,c8e474ba549fe924bff9d3f585a9943cg9aju,0,0.040385063737630844
3,fa6b4da229eb64b4d44e7d5ee2b027f1j1whx,0,0.04059233143925667
3,86151544b29ad273209ec4605c257b089z588,0,0.03956631198525429
3,0141844fc725a85e38e12cc02fcdbbe8ofqxv,0,0.038954392075538635
3,359444416c25e6e90ddb2e3d3d0bc23dufn9s,0,0.04138481244444847
3,e429d13bc2c7acc82d8d68fa020546c38v82z,0,0.04027767851948738
3,90eb8151eb82441b084d04893151619837abp,0,0.040644146502017975
3,18bc9dbbed75b55f35ec4be1351b7aa86an68,0,0.11899180710315704
3,c72012c8072e2441b3ba8173205cd298cde8a,1,0.09271036833524704
3,cb6ea552ab5b90e2d0572148426ca275d1zzj,0,0.04322239011526108
3,d13cd9e0a7b95c0a35f3456014865230qku5q,0,0.038803115487098694
3,86e50263881b0d382b55777185eb648aagh1g,0,0.9335797429084778
3,1e3642857c10e72cedaf7890e3c07bfa8ibzv,0,0.044506724923849106
3,23af639c0bd57bfe9bcf3b16973d58b7666fe,0,0.06558658182621002
3,bc3b92a81586cb726cbf4d5b418fee41o20sj,0,0.038833051919937134
3,7c08de9de285265b2c34970139331f9fnr9ad,0,0.46354034543037415
3,ccc371d7848a80bc31941248b9f49b95hn694,0,0.03890809789299965
3,c4d42d0beefe49d6157c546a2504f4db86hvd,0,0.047058288007974625
3,213a7fb31eef8b38a23ad6b0bf2c7fd0dx3vk,0,0.04110892117023468
3,9a12aa1aa3560062c6f84bd374eb5f7f422vq,0,0.03968740627169609
3,a2933e33896035761240ef5a62477779jf7ny,0,0.8946361541748047
3,339b8ca3185dcaffbc3ebdfd960020e8es0as,0,0.03899041563272476
3,6be863f26f22cd79be272789ac7e9153v27yt,0,0.9345535635948181
3,7d8d3493942dc13742444f28626c5839axjqd,0,0.8809118270874023
3,85ac49e7f93bf0e20323de78362bb4aadnwia,0,0.04503057897090912
3,69e97e52dd6428671f46f2ab6567172d8mfar,0,0.03964189812541008
3,b34fe965c04012fd22123ed948257184pqvfg,1,0.9378939867019653
3,5d5816d216122786933fb74c459f35fc0vnac,0,0.04002261906862259
3,63e3851eb5e1ee98df1065b333f6cb81mlby6,0,0.9167974591255188
3,23f9a0e1492c4abf375823266ddbe36bzukj3,0,0.046128980815410614
3,70c6727cc40fdc6f752b28102f31a38b883io,0,0.12340080738067627
3,60849c6d966f178808d94543173cb93dog4gt,0,0.038897283375263214
3,e6f73230e0fff1d9a6b1b8a6617002ea9owig,0,0.0419444777071476
3,ca5730b8dad8f35fba24b68c9ca5d445mp87i,0,0.039445675909519196
3,4444bfb455b90711234e0c25345abbaddrt0x,0,0.044506724923849106
3,3043fb0b4a1904222f640107f84d6f799tves,0,0.31439635157585144
3,70daecd44c89c37525aa2ca294378ead4dggh,0,0.9392876625061035
3,b9d861ce6162179a4b008b63e7fae80fjoywx,0,0.03928620368242264
3,6feec0741a319299c78c47040893399ebas6q,0,0.31767112016677856
3,ab0b0de534bad49af05faa626b88389cmjj8e,0,0.03879696503281593
3,4ac31aea605d17045ceedbce23eed239omved,0,0.03917281702160835
3,9375e98d0810ce9119ccf45300249636zfpd9,0,0.04028939828276634
3,e2165ff862178c7b2946f7f62f5a3e51wcvaw,0,0.039244554936885834
3,673650167f432c009e9dcd062cd4e9fc2szln,0,0.047346703708171844
3,5aeb71cdc92fe5d1c4a4e127d7ca7783gzje9,0,0.038685817271471024
3,fdad47d27b793b74470086c35333d4fepycsl,0,0.040023624897003174
3,f3ad2931359bca59c36ce55ba82f9af8enbi8,0,0.09258317202329636
3,30c3c92cc9408f55cfa895ff8a505930a3yy1,0,0.04084274545311928
3,1214fbf35079e7afc0a35645f8be8b218fd5o,0,0.044506724923849106
3,42e631af9bd00e5e816f08eba3b102d5ch576,1,0.9250746369361877
3,85d020b5f3d99d1272efa0a0d34c56a5dtvxb,0,0.32538336515426636
3,a7c910e7c7796d979aa9a7a31d74a8eaqsapx,0,0.039203934371471405
3,c6453f296ce36005d7e7e67e159e1b7cdbmus,0,0.04010786861181259
3,1df1dab2eb718c3da3f9a0aa90b93651sxqzo,0,0.03850943595170975
3,b853c1e4d6a4657d35705772ca6cfdc3qtox5,0,0.04125883802771568
3,30da67f34e3cc215b3bdad588410fab5655fx,0,0.03939635306596756
3,1395ca662a02245233af951cc7ad8313vk6w0,0,0.04113544151186943
3,9ae9782ecff93ddf1c6fa13d711b9fe1gc266,0,0.8648751378059387
3,424aed9d807cfe0b2167cfdaa4957fc0heell,0,0.038589105010032654
3,81c9c749b2c9f97215f3ddaf8b5a5fe1k757u,0,0.052783187478780746
3,18076726ec814a6f56da2cb9ea89d105j8vpm,0,0.03810713440179825
3,a7c263f3fe4f19ff677e5cb475f7e5a3gdom3,0,0.03893379867076874
3,4ed4760782d4e2c65bee8cadc1fcdc89htz8b,0,0.047135431319475174
3,91c749114e26abdb9a4536169f9b4580huern,1,0.04184667393565178
3,d056594c1d7976b6ad4ba23e2b4cea19l2i0t,0,0.8904786705970764
3,9fbfbd8a57e4d4b18338063ffa43f1bez92lt,0,0.03888477012515068
3,510f33a3c0a290a0e43d2576d928a4abxieo3,0,0.040135834366083145
3,6362c8d61774cfcb6ada7cea1be63678hxkfz,1,0.9094905853271484
3,977436b0a445fa555d537fbf1d4bff2e4z40h,0,0.044506724923849106
3,c503bb79d4f3522f51d348c680906c1bs0w7z,0,0.03966626152396202
3,a96039c7cfb1d040ca978ec5e66ee2c0sb5ht,0,0.039261169731616974
3,03aafab9868455b78f0723eda86698ba9v9rm,0,0.9025871753692627
3,d43189c6eef7a763b2f8596228807dd89x9y9,0,0.03836635500192642
3,4199816cef8be846ca71ae752575744fimyto,0,0.9437618255615234
3,e268d06507859d78894a8f6e11995f48zls7t,1,0.9440445303916931
3,989e8e68621a43af5a8d061aa91bd9bfshy7d,0,0.039497386664152145
3,c5863a228287327c9980d12a632985da9vi29,0,0.8909632563591003
3,898419c2d011d5a822e9ee07c387098ezpc12,0,0.03873451054096222
3,08c39ef7252995e0749f7927249b8dcb1d3xh,0,0.04146673157811165
3,372bf02911448b7f62cc861074a7ac81y0jsn,0,0.03985648974776268
3,fb200accdd0411e96f1b0f6d6f6d4f52rgk01,0,0.03899504989385605
3,e8f3ce0b2d0849968400b63b992cc606psoij,0,0.0413246788084507
3,bb73823b1c3f577402c9aa9eabd1e412vp2xw,0,0.9307838082313538
3,fd5cef3fe1217c6591500c715d71717anczcq,0,0.03963926434516907
3,2d73ed3974473a764859084d51334440k5q7s,0,0.11507809907197952
3,db85fb5556f17b744938cdcc2e7ce9b5urspd,1,0.9036754965782166
3,8a4fc219f01e1fe6d4328b0a47fc54905iv05,1,0.14575645327568054
3,ffc4e2dd2cc08249f299cab46ecbfacfobmr3,0,0.03865573927760124
3,60edf674563f85b227898f6af0386476efy45,0,0.03997821733355522
3,142a2545c5c01937b05ac6de9773f9efgx0eb,0,0.05046864226460457
3,d6fd864297177c38cea65aed8a45fb7bbp2e3,0,0.9294230341911316
3,d79919e5ba11f26bce5e70f0a4f859e3e4q9y,0,0.9386392831802368
3,1dce9aaf9d6b9cba38f9c7489764fe30nlrq2,0,0.03949381411075592
3,dbbf9d9b1d7fa110208f77a681008077plqng,0,0.046653859317302704
3,486dc9de91d243625863313adc03aa6bv4s1e,0,0.15084336698055267
3,8bc48bc2cd0ee494e55470a7ab0814c12riuf,0,0.03917216137051582
3,30788b28de22d28938ecd7ed6795a8b022qm7,0,0.03929886221885681
3,bd85d0d7fbbfab49136c241bdbe119dbgkuna,0,0.039016447961330414
3,1ba9422d7a55aa5abc3ff37d1cafa9f2yds7i,0,0.9105970859527588
3,ba0ca6f98ed66bdd1c4e86db2ce4011fdk6ii,0,0.910742998123169
3,233e09e861813cd087e8937f32a29bccs7b3l,0,0.03897323086857796
3,225716d7bdf8f90cb4a4b779c663cea5j9sqp,0,0.037940677255392075
3,2b2ee7d0ebdf910833b5cb173c567881jt8sj,0,0.03948244825005531
3,92f8392be617527734a2f18482815af9ak8l3,0,0.854854941368103
3,12c1b22ede3c23949bf130cc7bac6316ks7fj,0,0.04195629432797432
3,21114d057c297080f0f882420d2436b5mmukc,0,0.039391931146383286
3,e4433ef42008dcff761f12b9ade6fd31krdwv,0,0.039318252354860306
3,e10ae48cce1e198f7283064cc8a2f836iy0z6,0,0.03965992107987404
3,17c59325ec223c94dcb301a7451c39871vxq3,0,0.03869158402085304
3,38d9e2e83f25229bd75bfcdc39d776baz5zu2,0,0.917289137840271
3,50dd191676497345cc95d8b9f7284a7371z5s,0,0.04112657532095909
3,5097b3a4011380b5d9447e1a7a20b1a556yzj,0,0.04828621447086334
3,f781d7cab96d95bcea507cdd43b24255pw0dv,0,0.934897780418396
3,c349d767ddda78ed58a3c5769e780598ar3ei,0,0.04000869765877724
3,afb7618f9e3fd071d4ebedf396e1d45drta96,0,0.13958698511123657
3,ff181014a0d7bb534fb9a35f22e24fe72m1d5,0,0.5236979722976685
3,c4709885ecca7b90dea4beb5dabd68aegk2pz,0,0.4685072898864746
3,f8e90361c36eb3f6fbd485748e731fb7w2ci4,0,0.05146375298500061
3,88ebdac47cc2623888e0bcdfb35b692ejrbvv,0,0.12109130620956421
3,308a5541e1206e126ef80f18cc29b7017520l,0,0.04056558385491371
3,88acd2e23ea6817d9d9fc28f38a8d1aftqssz,0,0.07682348787784576
3,68546847f11f6415034b7e2263e8ece62p3ud,0,0.03934461250901222
3,d5b75c812d172da1ecb3164a1cfb7527688gb,0,0.04045531898736954
3,ee45b2475e453e69ce712388959fe4acspmvk,0,0.04795287922024727
3,d810a7956e4d9fbc246d585ce84e8ea0750b2,0,0.040120068937540054
3,2366cd7cf3df530ef4fe40b36ffb936fyn3rh,0,0.039521317929029465
3,e0a9e4ffe2acd28599dacb91c98c34bc66vo3,0,0.04058266803622246
3,28a0d5539562290a1a2f63d5b7230db090ys3,0,0.05877098813652992
3,6326299ca6a53277b2bcea07bd0b4ba8ktbqj,0,0.05200301110744476
3,3e0bbd7d75cf543a56919ff5069b31a9gcbql,0,0.04343407601118088
3,f23ebc71f2d8d820db2bf0576ee7e148cxvkp,0,0.04600325971841812
3,4c341a39553faef07ddb917ea4e069ed0yi3y,0,0.03933500871062279
3,fb9b1e58ffba4b38175c11e03e51e1f48dnm1,0,0.039274509996175766
3,c1850964c360c9159e5d1d0b6485e210s6uvc,0,0.03859400376677513
3,88641b0f22cf175876bfc4adc44c00f58b5rz,0,0.039137937128543854
3,d9576f0ba8c7479eb2b26f0d15c4abfayk5ex,0,0.0386701375246048
3,8a7710ee3c886df8ca78c88120603cf6taql6,0,0.03825235366821289
3,531d4a209ec0cf76c9337b42fb1c3d9c9tcuv,0,0.03906477615237236
3,958de49cdd870198543313fcf574d7c4eutrl,0,0.9174094796180725
3,67fbdc4209a1566288acba904a2b5a7ee588g,0,0.8443575501441956
3,0e5ec5baf2e15afdbf5212d8461e1ad9h3kr0,0,0.03981490433216095
3,721e69fd30e33488bf82b7e2f9c8cee28a9ea,0,0.039694350212812424
3,e8b82b8640ecdd154eebe6b36ec63f0bdwhc4,0,0.04602722451090813
3,0b3d5f829d18ba30d967fceecb58821c3oeqa,0,0.9056386947631836
3,2271fe5b01f9b8f9d8409014ae4511524grmq,0,0.8706360459327698
3,074daf9a99b01591cb0637cb95c32600roriz,0,0.056131184101104736
3,8c09f4afd78059d9200cddc435f5c48ceph11,0,0.9409738779067993
3,953e01bab9ac8786b4bfc77d183732bbqw6ng,0,0.07211721688508987
3,6c3bdc508c20f2f3871766cd73064c8cib3xh,0,0.040207382291555405
3,400e8b5b5447b4d11e06a8bb0754d8d6l6xoy,0,0.039848241955041885
3,9655ccc7c0c193f1549475f02c54dce45kjw7,1,0.7862179279327393
3,cc064e3409a1825e3c4e5c814376f140qxu5l,0,0.037970855832099915
3,026819504b59bc4eefb9963d5fe4271aql15u,0,0.03834144026041031
3,98aa09a7ca13559a9e2a43fa2ba4d2b7klwin,0,0.03946131095290184
3,162886daa0054ff1ad422e0f18cddff3qofft,0,0.45607998967170715
3,e241b80fc1b431397ba6c70f2fb8ccb72wbra,0,0.039105795323848724
3,1bb7a8c04e70386f5496322158e9fc3ef6d84,0,0.19847045838832855
3,950aa0150f419cd6361bd3c500e6e695xfljo,0,0.7796393036842346
3,8c939b6713b7881538cb05eca89cfb1cw1lhm,0,0.039035286754369736
3,7bb914fcdec49aa88c7310a3dda716aa9fb8t,0,0.04011549800634384
3,95ff2833eef5999a4f3ba4a7684d2b26a6v9j,0,0.041315820068120956
3,9f9dd5c179d357b53f145ae1e5cc941f5qfuy,0,0.03849731385707855
3,6da536112251f09a006b0c5223f154d46en4j,0,0.04051244631409645
3,332ef2c7189603a497fc89345ee4f5605i5xw,0,0.8048735857009888
3,572c9964ca41ed055830845993fdab29p4f03,0,0.12516190111637115
3,167008af05d4feaa636a565f6f83ec61a6ogj,0,0.0488533154129982
3,27ccc09ae923d1ca8ff7ab3242f279f7xuclq,0,0.038735803216695786
3,04c6b750b0552089c87ae03de72289cfcpfmh,0,0.03957037255167961
3,317d3e44b2bcfdd7293b84f82f44b8e31hx1r,0,0.03987758234143257
3,d9dfeadc7e0e844ffea3cfc706daae5dt2hhg,0,0.1968638151884079
3,af50d549e86276f034e52037722dd5aetouu2,0,0.03972211480140686
3,167b4f37a264b72feb0f559b650d1cbd3ox60,0,0.04107840359210968
3,40fafe756c4695b32df7d19d4c710dabvzr79,0,0.044506724923849106
3,2106dd7866abbfb4e7c68067d7eb9bebflq5d,0,0.8859052658081055
3,ff3ae9450581aa3de5d2326f70e39d20w8fbl,0,0.03872813284397125
3,942563fa6695a4b2f76ab6ff3bd58030i75z7,0,0.0413399264216423
3,ec6d3fbd8408ba43891370d4ffe41eabhnwbs,0,0.8708821535110474
3,6f07ce71625a0c57aa5c0c05071cba164jmba,0,0.03775827959179878
3,cca4426ec6d64f3e73294d4d5bc9719beud37,0,0.03898568078875542
3,308def7f05575db9bcb6a67207d6c1beb2cqt,0,0.04936625063419342
3,de4388600d997803223748e48bfc7b16ggyrh,0,0.038351163268089294
3,762046a235e00ec6521ba71aaa1450c28ijkz,0,0.9422390460968018
3,ae9e482a7f4a625a878c6ee0eb4dcd01dkm6d,0,0.04451737925410271
3,3ef2325f8b68e1c030547a2a54ea6b98zwa2w,0,0.04113078489899635
3,90953913d629a03e27590d0d0f64456601ktd,0,0.04050877317786217
3,76c85d6bf559bc0323bbe1639d233e88nxy36,0,0.9016642570495605
3,17dbe14676cd3a3cb8a7edb438622f7fv2scv,0,0.04004528746008873
3,43c76d050c9d2509d85c9dc2b1a1dba4zb3qt,0,0.08233216404914856
3,4ef4b3e5727dc85f18aaf00ff9a1e936qyhp6,1,0.9390209913253784
3,a116e727a3dc0b69f5e7ae14d0ab40d44breq,0,0.038217656314373016
3,437ac1b8d08c3b328924aad097a3dcdey2m1k,0,0.25062891840934753
3,44bfa21b7d497f097a594c8861d4f8d4w5e97,1,0.9090226888656616
3,a25f4c6838b83e0fcba372300c23c2537k5eq,0,0.04758916795253754
3,bd7d5414174da6df4b018c21495e8a2cxiose,0,0.9220854640007019
3,6e29de28296a57f039026ffc6df9145cxo2n0,0,0.9336562156677246
3,9e1f21ee1888368e77b539083f4b94ddv8mrl,0,0.039505548775196075
3,6b28baf315d41017844e15d645bb2c05ybt3b,0,0.04089277982711792
3,6a3b1ee159716b743ddb8e07e499fadbhqn74,0,0.061127543449401855
3,bbd1d48ef4e8e7e3855938755275ad2b2le9g,0,0.04110875353217125
3,de717bfad3ccf44a93f39e7b43f3b227cuu5o,0,0.03899158537387848
3,b8da3e0dc73d1f453ecbe6ee4d4e8791pr8az,0,0.03898707404732704
3,8254276e772450c5365707cde76efa4cwuzpd,0,0.0409625805914402
3,34e965deb822f329ecad42b94e8ba0ba3dpt0,0,0.9282954931259155
3,6c2488ec88e02bb38920200ece7d337e0bffy,0,0.039174702018499374
3,8fd35d215ab6530c2ef096c87233cbc93juwy,0,0.04014807939529419
3,19033960ac23dffe078a1217788bc720jvjbz,0,0.0391073077917099
3,0c55920fb607fef2d33324f33565758a6e4dj,0,0.03943045437335968
3,e72d1b2319a2ef39d016c41e4824b68evxe53,0,0.03977047652006149
3,7114afc59caf2cbaf6ec1733922065f3uz34p,0,0.04558318480849266
3,6275d51c0324547faa8a87b499812268tl90r,0,0.0689164474606514
3,1a764d01d19a1408382ccace87e61c9fndlo9,0,0.039255402982234955
3,0a92c4fa2bcdc8e952546d236b322053o5wbk,0,0.04083685204386711
3,681b4f9dca9e70441fca4a58c05b0f50skmir,0,0.03887414559721947
3,79cdbe82ec79d0e60f1b113d9a5bc5b4ar8bk,0,0.040360480546951294
3,3f977186d125ef8bcbee0c1562c7ced2b4utq,0,0.0549086257815361
3,49f4481b6bc2255e745ef20ac2a720754r9mp,0,0.040224283933639526
3,6ce47fddd94be5792190cad9d972a5c4oyjww,0,0.04910214990377426
3,d8a10762de6d62c087a0a8f0e61cf78bbgke6,0,0.038933925330638885
3,042780ee9a3730703e35340c575c3cbb7zjwk,0,0.040074992924928665
3,22e65b6bf73fab510ee814cbaeb9ebc1252mu,0,0.9269514083862305
3,177b031b4a77f28ff167b427ca967b52jetgo,0,0.039745673537254333
3,f4189a40cc622eaef015a19d75d9fe21mylhz,0,0.039679158478975296
3,f29896e71c8077db28617a03c0f14e7570emg,0,0.03802091255784035
3,f2ea6d89dd9897f0d6edb6f24c446f01ra6yk,0,0.9073632955551147
3,054b51d059fe981ca8cc4e0d4c49aabb5mck7,0,0.9220213294029236
3,b4495464d4503ccb8e696994059983c89g4lc,0,0.04009944200515747
3,69333c66e55cdd6cabcc6ae64531fc33w20n4,0,0.039812956005334854
3,65f52b46edfc7fa64b9e74557a78e52c1it54,0,0.03774459287524223
3,b1c9bacacf1f33a8fe48d1a4ae4c761bcltiv,0,0.6635884046554565
3,2a73f10b3b8f2b825e220ba0a1d2c49f9nikz,0,0.0400107316672802
3,8c339df2050a428c04a1c2bcbfe4a143loj8l,0,0.8850645422935486
3,b3dc6151c6813688d0423dbab13d3f19crw2w,0,0.03960956260561943
3,537f38e5fcf2656968e0a1752dd494ba8z1jc,0,0.03924323245882988
3,fcda141af3b545332fc3b2d55a8bba74uw7s0,0,0.04108193516731262
3,786cb68d5d2012dedaf70257449090f2hfb88,0,0.03774966672062874
3,741b9948c8cf42d658676e5a46757815zstr4,0,0.03909836709499359
3,5640f30464bb5a7bc6e98fd2873fc25dh78hp,0,0.039582788944244385
3,55453d252a225f3b046c094a7aa330a80dr96,0,0.041194818913936615
3,424b638423f4862b2a84f22ec25fa22eb2c8p,0,0.039990827441215515
3,0589cf78c4bece729f0ac620557210e13no3n,0,0.04258347675204277
3,3e602dff2e3bbe7a52236df2294c9e059fc2l,0,0.042159248143434525
3,e5736d7f8082d7d7fee8430c0e2279bcdmt2a,0,0.03948906436562538
3,ad228143392ba96c21bf51499bac1c3b3kmzo,0,0.0430586040019989
3,11d5f6925da5809e2d447788b85d6253jj8fu,0,0.8951086401939392
3,18e751726fd7c407c41cb18c20da2c4er5z1r,0,0.0384945422410965
3,3fe1dacbdaf96fab0c213e218968c518twu76,0,0.106484055519104
3,53e2d855e008a5c2f79b4b848d467b86nofo3,0,0.04056501388549805
3,d81579750b388276f2d8f6d80384f499n13l6,0,0.04025811329483986
3,efa1611e96c3238913333b8525c6a196rvy38,0,0.03906198963522911
3,f939c17ffc7c39ac9b35b69e5e75179fv9pe2,0,0.04116057604551315
3,0381a69b7a061e9ace2798fd48f1f537mgq57,0,0.04138258099555969
4,1c5f4fc669099bfbfac515cd26997bd12ruaj,0,0.07498029619455338
4,3f3a3705be5ea07b9ba7ee646ed756fbssuo7,0,0.07770933955907822
4,0b68888358a492884e3885bcd73ea63bhxidk,0,0.07546881586313248
4,2c581ec91825362ab66a7ffa05df5e70hl3h3,0,0.07857560366392136
4,2a7d1f9483d34546c4d099e36e3a79790qvjm,0,0.4005383551120758
4,bcf95b210295831ff6e20db3a570f909n3q25,0,0.2398151457309723
4,ef24ca4be7ccbd6ec68d4ea9f47c9e8ex1g09,0,0.07474867254495621
4,68600b8922561fe26b8b6acf1d11efdfb24k7,0,0.0573696531355381
4,87aa94042390f9267d3b7d90e42b022ek5mbu,0,0.07075781375169754
4,bd2cf3a868d168425cf1bde7c49d40b9jq0xu,0,0.07852169126272202
4,da6e2a5651b4f44fa3cff41cf9731ff8qc8fl,0,0.078575000166893
4,cf33d05860b7f7d9af73c6091190b81ektz1j,0,0.7291121482849121
4,0cca10034c58287ee6fbec14a3f96c3546sdh,0,0.07542874664068222
4,577af9ccdc29dcacbbce0f36b7c1ff15btljp,0,0.07828984409570694
4,f5a67722732675f6285b70b9f008665fq01bk,0,0.07366222888231277
4,bff9a98b73f2b9a01300d3fd3d55b16b1190o,0,0.0656014159321785
4,28c0d4c81a22958352aa742f7d74e477qwo51,0,0.0746033638715744
4,3073231f45ca50ad6830d4dc7261f283iwjjm,0,0.07501484453678131
4,9baf61c813f1d4a09e3c70f6dc741f34voe3n,0,0.07556377351284027
4,3b233dc399f175100fb11ff9c66fa5b074z60,0,0.3231527507305145
4,fc8e62e5fb69ba67265a3d0e3403aa3fr8c2q,0,0.8285784721374512
4,3edae72a9d44c43524c0203ce38581d1790xh,0,0.07854117453098297
4,a9229b83f54a5f44a69e65b9b3aa7aa26qcon,0,0.07500192523002625
4,5106dcca581b63cf2226110a9048ee4846sxb,0,0.07856131345033646
4,91d9b706f63537c5fc0027c50b0e3b06qpdgz,0,0.06879929453134537
4,ca76df527977e5168e1b3352cfab2ed9htipb,0,0.07371287792921066
4,3d9910a238a0f282ad3132dd6fc981c8tv3tg,1,0.9512891173362732
4,fae963b2adbefc663692d7feddb50d5dxz1hn,0,0.07630588859319687
4,db83d746ba8e0c388805fa3fcb235743vfqmw,0,0.0664038136601448
4,8e2a43abb8fcd8ef9801c69fc04bfcb5kyc41,0,0.06885392963886261
4,01c5692d487454cdbe731df330bef608f48zz,0,0.06896772235631943
4,520b616c26fc47935f6bcd5ec063eaa7w15t8,0,0.07747247070074081
4,1053ead33eb1a5db7c36c979a455348abh9ns,0,0.07529722899198532
4,4955e2c318d0bdca797ce17794ba18fblhaau,0,0.9134899973869324
4,ef9ce9b85309d7d1044ce57055705bae8pqlg,0,0.06261643767356873
4,72dd0e4788d25f62cc2ba942bb9499dc7quqj,0,0.07116669416427612
4,50791a0a98478b7f78f8d30acaa4683dxab5p,0,0.06449734419584274
4,929b75b44585b34d2b917ec181ecbcf298fr8,0,0.7019490003585815
4,b5310019f2bbbd975c64dc11189191022k8tj,0,0.07137200236320496
4,908ce7060337fd8550760a100921f6f7wsemn,0,0.06964069604873657
4,024937af9ea18a2b57e4f08762d181f7s8a3z,0,0.07856026291847229
4,1291b98e40353f77928e363d54a13c569bhfb,0,0.07762527465820312
4,c600968815fc32b20e0519ecfce5b648en2wo,1,0.9622756242752075
4,245b584befa6a5b8c759491f5f3db580p2m5v,0,0.07647669315338135
4,481db1a88023d22b3533044bff5239dbf3cda,0,0.07191209495067596
4,42c407eb70ddacdcd59d63f22caaafc4fa0p2,1,0.9469363689422607
4,175a06fdcf622c9455d0a77990b9302dj23ke,0,0.06908346712589264
4,a9237defb0a6478098f242b27ebcef18qrotd,0,0.0780743882060051
4,96b1df591dbbf3a002578574671d9ff1rmzev,0,0.06964069604873657
4,81a6dd18d43cb3b1999176eea563b438roe7y,0,0.060773950070142746
4,e7a98dc8545eb429007cb48799a40a2dc9p6o,0,0.7910060882568359
4,ff12cd48c7de8ffb8b2099f262ce03980dqqz,0,0.07854762673377991
4,5a2aa4e8c227de4db26547fdc1f017cbxb62j,0,0.07277481257915497
4,31a301c70e897bf36276031abdf07ab6cs6z0,0,0.07828094810247421
4,e0544483ccbafc4842cba7650677d043n2e5c,0,0.07857741415500641
4,01349288df20199905e719f0ff7ee771nwryj,0,0.06738549470901489
4,179a23cad40c51dd7804069bf769d11e1ftk9,0,0.7518901228904724
4,f75cc5ec8acf1ad2349e00ffc4b3191a531f3,0,0.06587526947259903
4,3a8124eb9fd3977e43f5e0762d9a09d536rob,0,0.07432067394256592
4,33a7a0121e28cca4e42494dd0f5aa03fdhlm1,0,0.07189813256263733
4,f61d93fddb01d2d89a85a132c649aa90lj1z6,0,0.07680891454219818
4,3d94b376bae8dd60eea48ded36134a3962glw,0,0.07488789409399033
4,7b93ccc9d5730b561ec5fa7f4bd48c04qudf1,0,0.8044537305831909
4,47c5cd21a74e45dd294cdd53041ec0a3dw3ge,0,0.43007686734199524
4,c2d1b8c1b7a9c8010f5b215e8aadb1d7gahpp,0,0.05972694978117943
4,6f46b3e231003daf21108df4624afcfdaaswv,0,0.073249451816082
4,dfa45994c8471762d04deb23c6450598byp8y,0,0.0676359161734581
4,7b5bd948eb1d8075be58ec9240927bb59ugz3,0,0.07337303459644318
4,570910327f5584ea1ccba92634d89832lo1zc,0,0.0784681960940361
4,1e1c9332e90c1cb0f01da223bc043c528cvwo,0,0.07781198620796204
4,a0660fe8a46b9cb6b02e7b0c50eef6a905vt6,1,0.5973647832870483
4,72994bece8c918a2c4c432b98780a7bdsctwr,0,0.07797957956790924
4,bd0f0c497ef09b5c1bb18b330d932bffktn3i,0,0.06555355340242386
4,44c75302aa4404e23781f8337cddf6ed5tqun,0,0.07865948230028152
4,6c55d253787acf5210f7d785546db80dqtleg,0,0.07857661694288254
4,e5f43783127506211df8c6290c2ecadbyr779,0,0.07866344600915909
4,5c725e840bcc103bb8d12c54ba9a0b37blxvw,0,0.07756907492876053
4,3c0026d48f3d6e10cef6cdb1f708793ccwkhr,0,0.07475081086158752
4,6ed7b95dcea7b359248e9efce91cbb11lm7hf,0,0.38334205746650696
4,8f00a4c4d7f097bc1688f8d89431f6bfmodq2,0,0.07858135551214218
4,35a89119272ca55d7f602689616b58c3pebir,0,0.07605233788490295
4,ae45f9b94d86f931c84c94f3975e3d7bkv2r0,0,0.7589730620384216
4,d1f000f475c502ecd2e993c52987e63ed3k7n,0,0.07856743782758713
4,e1fb642deec7b382433de94983d97681o14ko,0,0.09879551827907562
4,bf80bec9b4a8d29c494f8545f2a4be4eji6qj,0,0.8309046626091003
4,313ede314e2e05c31471fd6a93f98af713jud,0,0.07099936157464981
4,35b111da8e919bb34e80511be9cbd128pjjdm,0,0.07856878638267517
4,f8d0d52114da74d98800dc7553008705dth38,0,0.062306322157382965
4,3d7cff3dedd8a8e02dbc551c6a61da3bibbvh,1,0.8459281921386719
4,66513f72be85596a527f9f653db3cb72cq4jg,0,0.7433200478553772
4,01255c2c7c5578c186873422fc00fd7afwk8k,0,0.07256391644477844
4,3835e3bbf9a17a33867860a9ba19621dp4wdc,0,0.07040931284427643
4,9ab3bca29dbc32070cd7f729ea55639a350tu,0,0.07753129303455353
4,f01d8d55568b1f54b6946a1b78a3983exkz5u,0,0.07467269152402878
4,64885ec89a54c64598b2d196e1fe2e351cd60,0,0.07670390605926514
4,2a4654987b59646a120ac74301339afc4eylt,0,0.07841876149177551
4,7d72bde2e297ee81296adb4fd56e8800p7lbe,0,0.07866805046796799
4,6533b670e02ccf583288ba7c8f5fb1carmirt,1,0.9589064121246338
4,55d0b2506cef6464d799879b65c6ba29hjcv3,0,0.9497947096824646
4,dd1675bf26316cd4630087fb47d0ff8fsug8e,0,0.06785644590854645
4,9be87a4f123366660d7f6d40ffa493a8ffpsj,0,0.07506616413593292
4,0870fb7e5701f3ba56762b03e157afdc1yw7u,0,0.924813449382782
4,42cce5c657dc7d99911d950cb22fcb4fmzz5e,0,0.07647736370563507
4,51d2e1b98b7a1e42b939637dc6e11381zu201,0,0.06203069910407066
4,876b122982958678f14bb25d887dd79dun3qa,0,0.06550807505846024
4,061690ceb6004807b7906968bf382dfcbve7y,1,0.9623616337776184
4,ce22684df495e376e32ac95d3ceb1164t37l2,0,0.07856480777263641
4,b1729d5905e896a8411f81bb65d66343ladls,0,0.07743100076913834
4,790c497536a2a9fe080c3b2ee6d5eeb9caiv8,0,0.07877321541309357
4,8d8f705595701b921012777a281a553622300,0,0.07340101897716522
4,06a58d4af0fe7ee15324b0e921e8de1260vef,0,0.5575543642044067
4,0e8212e286ee36da8945c2480e366417xa22x,0,0.07715637236833572
4,d7340ee3c04e600c31fd2a34c760f7e7d26bn,0,0.06628145277500153
4,e4a9bdad09ebc5d5a264723855fcaaad6q52x,0,0.06280029565095901
4,84c4b58a1491da3a30710bcdf61f87054xfq6,0,0.07040291279554367
4,3d48fb12020c1a81a65fdba2d75caf0d6q2nc,0,0.06608147919178009
4,936d542904f515ea87bab7996497b11aszyco,0,0.0717020034790039
4,c97dda0fd2de7d82d3a52eb6c0788062h3tq6,0,0.07856239378452301
4,0daf4f87eb695e2a84e4156154209e09k6ga5,0,0.07845187187194824
4,9f7e3e648ea8e6815c6e7caf59412e843iqbz,0,0.07586804032325745
4,8ea020a1fdccfd726f74ed7e90dc3400zy9iy,0,0.0712522640824318
4,b77312a06d10e22e3caca85fc7fe0342b2adf,0,0.07857463508844376
4,cbc71ae3c3690c89485eda3f08b9bb51rqrxz,0,0.11248132586479187
4,80bf6ab93fbb8316efd5c0b42d4b46c83qrdn,0,0.07859162241220474
4,aba1120a5b13cf72c1d52c0dac8aafc67nmoh,0,0.07419414818286896
4,5aae3111e4fab04fa5067c740329a38d11361,0,0.06896652281284332
4,6393f55c093e04e6e608e1ee8be9c3e28omjd,0,0.07539273798465729
4,aa7e36069de119ee3ad7c4d8c925fa3ekrs4i,0,0.06731877475976944
4,9d98d3f00a0c0bddf35470b0fb735fcdhiriy,0,0.9560675024986267
4,0fa357965f89388d8e7eb8cbc3b85c6bnnro4,0,0.0626501739025116
4,80130530788e55de6e9fd515271859d1kgfsd,0,0.07767806947231293
4,4882587d42b3d7d8d7bec4315203f10bl2fts,0,0.07859086245298386
4,452619e019e5651a8d98e3d59a478b7fez5e0,0,0.07644041627645493
4,9f101e80580cbff55a2307c028408a91nebzc,0,0.9133909344673157
4,a9062f1d7c589bb01ee0b330ee8791fc702il,0,0.15460988879203796
4,6e18a078182a21b8522bb69a822cc338in7rn,0,0.07346870005130768
4,af5d33f9724b0e8c1f875406c0556d1e6eotm,0,0.8762660622596741
4,e2a61feee7f94b49d7de1ac6efb237c0fjt1z,0,0.07844706624746323
4,d4be674fce23aae81c4cb946d4fff8671gxtu,0,0.06868492811918259
4,3d48d4b09fc7559bb6c129fb65c133808brgv,0,0.07856826484203339
4,1bb03cdb913f203f704caf8bf6840b6fbpigb,0,0.4829772710800171
4,403640a20dbd2c4bf554e558de137deckn70o,0,0.07366416603326797
4,1dfa6e724441ca3c913b3d40967c17b2p9xr7,0,0.07065114378929138
4,d2fc5291537a61882065e571c21e796975uy0,0,0.0781402736902237
4,e2e14e8e15204b504b146d17a2bed925qg3u2,0,0.07859627157449722
4,0ef9be4eb3b6a03ac2945522964b242ap09cy,0,0.07203861325979233
4,efdf59a8ca81c5d3744f9121ac8fd2c7coy3g,0,0.07426931709051132
4,86a3a9861ed45158e964f9d004a224b3324cl,0,0.06800597906112671
4,e0df56a5ea8094d070b0130d7178a996noolv,0,0.07425975054502487
4,abec779131ec6bd32f5e32ed0f274400ekljo,0,0.07260924577713013
4,ae15accae2164aae084aef7e3524c1fflq962,0,0.07423194497823715
4,98a5197faba8ba72d6ee9e1c95d65d737sigb,0,0.06612959504127502
4,d95c969eb09086bbad373dd8ee80cacbuagvf,0,0.07856833934783936
4,dc87cba6dc8717e219e9fa9edcd10ae4a2i86,0,0.07753606885671616
4,0a43de0ab0a7525fec59ef4bc1dda7a2z9z69,0,0.09095621109008789
4,e561791343f3564a6fc612a98b5f3df34rxok,0,0.07835680991411209
4,631f923b7bcf91f61a2e9f96520bd8c8vtl14,0,0.9482095837593079
4,13dfda714fb516e1f9f7abb0c927bdc2zmw55,0,0.07852357625961304
4,4c67576a6f30a158d16d790a7fc482b0zqxue,1,0.95441734790802
4,98eed7cbee9b1a1b526a635648e7cd2fhbt5w,0,0.07855366170406342
4,414af5edf09c473bde75644b76a68e7feesrw,0,0.11963094770908356
4,9b733fcc97535e27037c231858a711adyzvqf,0,0.07440070062875748
4,a6d6f3f5034886fc00a1245b439de13a66ha4,0,0.07454501837491989
4,1dab9ffc5c6bf06e86e0dd1b3cb9ebecn5pu6,0,0.07812479138374329
4,d9b611dab3b5116f761747fd3166ecec80icg,1,0.8956541419029236
4,669c6a0e8aabbf0647e8ee6e150c47b18a4pu,1,0.8254058361053467
4,2fe472c1be232dca314d4bdf0fa95165rjv69,0,0.7510818839073181
4,bdbcdf6a935f4d1781a2d33bcc4967130bdqy,0,0.7537946701049805
4,bd29e36cbb063cbb96ece76680ffd9121dy90,0,0.07567794620990753
4,ef89b74b58c49c1a321d3d7ce061d151k51xm,0,0.07857029885053635
4,a2b4df001b0e40a398f6d4ae9b316c0eix5bh,0,0.06877802312374115
4,c9e1e860e39bb7d4dbf3c91c5d6c36c2dv4tp,0,0.07858892530202866
4,f7e3635c9a532fb9a60d6eda6eb7c7de3uqs2,0,0.06893067806959152
4,4d6580da346435dff2503c55ee5e0cf8wbkb3,0,0.9612888097763062
4,5720c8d7bc15b94037cd75ff9496a35evugeo,0,0.9540207386016846
4,2b5a7c969ae95b239583f09936560b85g574d,0,0.07557008415460587
4,b7630ee9a73e7ba6f11f7717b7f03ed4be2hb,0,0.9465174078941345
4,72dbc4a9f579a9444c126a0a67118783092ec,0,0.07417666912078857
4,e9b27622a64f2eb9dc7559d43bc45e31yci23,0,0.07324053347110748
4,76d4a0147a60d871867f00adf45cb792w9c6n,0,0.3895418047904968
4,84c7bbdc12233f88f35c2c3b8f178803ta03m,0,0.07252715528011322
4,c1624207d78346c3c58cd44f3d5472fcriae4,0,0.0749274343252182
4,3cab5bd983f5be9c16789b6c14bae982nhi9c,0,0.07830943912267685
4,97ac4a68e5600c4b7a960d9580d4f251470mc,0,0.07176271826028824
4,0817731a4d2e319f6f771da3f522b8bfv6njs,0,0.9585326313972473
4,a6214d8bf07127661f322afa7c8dae91ypizm,0,0.07674655318260193
4,dd76fa7a75bd0e1921f71d255a8e0853l4lbi,0,0.07349390536546707
4,a0aeb6de8a21a5b776f63530ed753fdb34k7y,0,0.1601971983909607
4,8215dac41ad35a074c93bfcfbc0f908chlo5n,0,0.06735125184059143
4,a2bb8b3e3ae4566203eb5b3021b4d594pohf7,0,0.06927905231714249
4,63c48b70d37dee5fcfb26f94107ba3b94d90p,0,0.06711634248495102
4,f3bb3c26162cfc1b8c3636a7ba126010na3n4,0,0.4698772728443146
4,89291354b0939c342be97fa58e018bd89fvcf,0,0.0709761381149292
4,70c31e8b3476b953648fd4f8775c1950m1uz4,0,0.07695399224758148
4,fe19fadb955fee4c5fcd0e30e56e1542kx66p,0,0.06078406795859337
4,24284d3fc3334e0adeb6bb95637ca62d6dm96,0,0.070927195250988
4,93ab2dedd76c1859885cf724ebcd987c9ngfi,0,0.07478485256433487
4,b729f60d26fde89a01f3fa89759d6b07t0ec4,0,0.910291850566864
4,36e2e2f32a3872d3e958c0a58ee79bd129xdy,0,0.07192052155733109
4,3ded667003605eb856ed1aa2b82c1732gtma1,0,0.06573893129825592
4,d6517684989560cbb0da1fb2f5bbba9b9y2st,0,0.7792235016822815
4,361c6da33ccd1c0df152fd932e6fb2a69i4ux,0,0.07532341033220291
4,6a2c4aeaa17c2fcf20958803a674f101vlxw1,0,0.06810533255338669
4,9685887173cc2e1e5ee3993832a4b153bfl9m,0,0.06830354034900665
4,716079d1913959ccae0307f760bcddddt6d4o,0,0.07753998786211014
4,c62a6956e93ac3b56b1292f2c2d85b1fyekav,0,0.06964069604873657
4,ffacbed056cbfaa60c1fcf51f0d381bddr3ly,0,0.07543689012527466
4,5a823474f9fdaa129dea9fa690d51b62rgm7q,0,0.06235617771744728
4,d92c8c2d4c29d4c785431a8b34ea135awepbr,0,0.07612845301628113
4,98ad4163bb0b1abf72f165056d4bf1a1g8ekg,0,0.07696297019720078
4,c478f94c1323552e85aec6e1013ecba586320,0,0.9509982466697693
4,bcbd5c95680cab78cf904fb936dd03f86g19z,0,0.0785897970199585
4,764234598477e02cbf8a43983fd43850l1c8f,0,0.07637196779251099
4,f01e3769fdce36d31eae85525827ab17xeu31,0,0.07231687754392624
4,098bfc9c440f9ba9e6371f774ec6a36fa0sq6,0,0.07786192744970322
4,58f590a56f480589646d255d570b0877zcjw1,0,0.07076644897460938
4,a8c2410eb81513da23261a49135e4eeacw6dw,0,0.07846207916736603
4,11e47dc08d7fa4d1a1953b5868892f72qvlho,0,0.06961287558078766
4,c5120d10a23eb0c10d56a19fecbf9da85t4ow,0,0.0759611651301384
4,1530008a712831e35a673d38959528f4ozipv,0,0.07774262130260468
4,f4294bb3abb69fa3183e7e851b58b278k83z3,0,0.07827591150999069
4,bea63152ca4d99f549999ca57b93d015z9kyh,0,0.06944113224744797
4,e21b238213c361523d276d67f37c05e3qot5q,0,0.07706892490386963
4,96b7bb4238e7ebb439d81d63db4c2796aoofv,0,0.07165032625198364
4,d3e1891edac2851f6d34de566802cac8m8dn0,0,0.06730780750513077
4,53f61a2f33e8b07e49da643af49884782vzdu,0,0.07844357937574387
4,86a34cdbb975c141eea1854b10dbf1c8seom3,0,0.07239214330911636
4,5e945cce4e72950e0930b2700e77fc8eq2abo,0,0.0744021087884903
4,ae0dc05e48d0f1e3ad33f37b4400bd069jktv,0,0.07000746577978134
4,b258a38ef4cc6ea241b5473ee9badd32ekhoy,0,0.078569196164608
4,c749a25f3a07304b959065d83bbfc5f75u1my,0,0.07309690862894058
4,4997f0d7074a1d9f8bedf5575b6a4372w7nro,0,0.07312454283237457
4,26508777dcd84df59b467a60d9f18ca1pvvbs,0,0.06303755193948746
4,d127576e329604b576df0a3248cdcda3279td,0,0.4791135787963867
4,bf6f2ca50a3a6a3113681e754307aa4ehnd5j,0,0.07442948967218399
4,e7445f6107c8cd3783fa722c7dd29fe6rcd3a,0,0.0750204548239708
4,29bd1e11a41eb2ff50af75d10f28041ejh9xx,0,0.07323378324508667
4,a46025d61131de18474aa6f167e04bf08w9x6,0,0.07824823260307312
4,3272e16da807a75a987e26b09bb2147by1mxe,1,0.9609912633895874
4,3893d2c62d59c232112efd332bc342dap8b4j,0,0.07328982651233673
4,06c281e31f83dcfd3fe70d2ee2d66bc7e6fw6,0,0.07791319489479065
4,24d4554556deeebf61510cf3e001edecu8hgj,0,0.07235052436590195
4,8a958e0092f6ca984107ea6c3975f806c59m2,0,0.07758751511573792
4,655a95d80489d145052254616787cb84fwqid,0,0.07814013212919235
4,1df5be644b8963750305092eb8ec878ayba4x,0,0.5679286122322083
4,438e53670ffa2990cdef656700bb49bf684fz,0,0.07327787578105927
4,b86050461e88566061c796dbccb1f7e5at242,0,0.07802461832761765
4,fa64fdb8ad70e86efbfc31179e93e99egd27l,0,0.0660703182220459
4,3c37de5e4321388ba706233d5ca4a0bfp7w67,0,0.07847639173269272
4,b7515e5f181a6d4884674897226cfe9cpd6d6,0,0.07785973697900772
4,fc870f3872dd5e36e4dfc4ccde28cc930tify,0,0.07291340827941895
4,053cefb7e952bd81d7a6db267a121747te7lo,0,0.07866843789815903
4,4e22432d4a059b14d1d6a68a1feaa953k8vrb,0,0.07765811681747437
4,83e8aa6cb15daa745c75ba3c29a2f646zjw33,0,0.06812746077775955
4,82ae4df0acf8237d7af1a790e3848645bp73e,0,0.0729297623038292
4,74429c9ce8183e2b1b89600e6de4ceea5kn1t,0,0.07858341932296753
4,8a3f5e16e4e689897d872716efeeaa0904tyl,0,0.07665335386991501
4,e76154d73bb7d7b86d9bd48d167d3c679z0va,0,0.07695836573839188
4,ac2d643e0c0d3bfe8e54e5a961c6cfdb5xn9v,0,0.8138232231140137
4,1680b6a12fdc8c64645c00ae8048f99c6uzoz,0,0.07408535480499268
4,c8a99985c7bf230f475a8e9be6a17d7a08r3x,0,0.07787606865167618
4,0547dbd3ecb4a293913f138d60b586fdf4ane,0,0.9312834143638611
4,b6e52f37365cfeae9204a9f408b8c3a4idcs7,1,0.9598032236099243
4,459ea22b6b51936d0788de9f78a3547bf4jrw,0,0.07494804263114929
4,6f6e3687f67272b103351641b678225abarzw,0,0.06697098910808563
4,ff92ea4abd33ed38601287f0e1d6726dmgx1f,0,0.9503864645957947
4,46a28eaed47c29b4fd148a50cde44840u0bsn,1,0.8004425764083862
4,668d393e858e8126275433046bbd35c6tywop,0,0.7136387228965759
4,1c61726e316d5a16aaa80b429080c534u43s0,0,0.07919231057167053
4,e783e5f6b818d18eda4065282022ac23jd1fw,0,0.07481561601161957
4,b17ce8bfbb565945ee9f289c2ddd8abbu1ndj,0,0.06739050149917603
4,a262e805f766306f4adb38211abf235akxqh8,0,0.07452567666769028
4,a679d00c30c269a8eca148458abb8665kciaf,0,0.06635856628417969
4,64abb8a286b2be97349e8b17abcce6d9rygza,0,0.07240225374698639
4,76f7e6c70f2b84d885b23e2b2831e113ueqo2,0,0.07536465674638748
4,83c9359ad94eab7f4b8fd582a6db4733frmsr,0,0.06066998094320297
4,9372e27ce85a8c8b9460b87c37cf55ecqjjkd,0,0.05963508039712906
4,aa3ac65055bb4b1660f4d8c1d2c187ecoqvn4,0,0.07446194440126419
4,e134f2bb79d1a810aada6a24760c8910mh5na,0,0.0693502277135849
4,eeda0d135495167db9425fc5fa3a5e3ex2zel,0,0.07857990264892578
4,c0e4be8d520c7bac2f51ad80a98876c2aan70,0,0.0785415917634964
4,c67ecaf47f857f37f63ac0f4b9af3249wwdtz,0,0.07792763411998749
4,238808859d7752579a415e89a395500fh2o65,1,0.07425853610038757
4,51cf4dc8898554aedd8572f97a95ef5cpi3ct,0,0.068946473300457
4,9a44bfde11a7b6ade17cd33a2b5102fcnlhm7,0,0.06882529705762863
4,ae37c0f4dc6e3d99f5b0243fd18294cak7pxy,0,0.710081934928894
4,67ab503313f60aaba89f64e2ce3b459fvyahu,0,0.0785423144698143
4,63424f85cf53557fdb5dfc6a280af75epl45b,0,0.07782481610774994
4,d4db72f36e6ad1668dbc0bf4f0e1c49bn12a2,0,0.0785832479596138
4,817f8074bad1c717afaa8d1696f9b2b00muzw,0,0.07833500951528549
4,c8cf68aa6abce25325dfdad4a98fd890ap57f,0,0.06964069604873657
4,8b4bcc98fa4666b22c7a17c9a4b93ebenlmlb,0,0.07808452844619751
4,9adae18220565488f77036be41cf71beiepqk,0,0.8568118810653687
4,0a09adcd35b5f26d75f251006affc747drfu4,0,0.07870585471391678
4,f428427d7227ddcda377cd00f07749576c6b3,0,0.07856885343790054
4,8066d0a6ab30c52b3ddca5da19518b6188t23,0,0.07010049372911453
4,afdd5c7c912f9b6a88c0c2619d618124ycm44,0,0.07849550992250443
4,97db2350652f8d01237fc4c59a470eb81h9gs,0,0.0747239738702774
4,e8bc0150097c1b2b8b8c374b69e0d3a6mxfcm,0,0.07802405953407288
4,227bc0936837200d0aaeb444ab8d5f1axs8zr,0,0.07138759642839432
4,01c1c7be49cd6cfbb9075925a05c9899p41va,0,0.07774599641561508
4,e8581ec94cd4d5009ab6b36c6aca9f0cp3txb,0,0.06848428398370743
4,e50426efab1e9d60b8f7258130f8791czrpvg,0,0.07855697721242905
4,24a9abf72cedcb421e831c1be26607e37zojy,0,0.07508162409067154
4,eb27d8daded752fc0d1c828867b0f118cswwq,0,0.07847176492214203
4,bef84146ac1e2f21e928e06ede1404793bfnx,0,0.07672172784805298
4,90fe8d6fc0bbe4ff2ca7833fe51bddbaaibof,0,0.3308908939361572
4,0f8cb1baa83fefac10f885f79149bf13kn4nw,0,0.09786742180585861
4,9dd7e7ef94a7bc5bc9f98c42099910e7o76qh,0,0.07270456850528717
4,5201935b289665a197e38f747882948fjt867,0,0.0774865671992302
4,fe27fe0815883aa3e1a312f0dcb45981txa2m,0,0.0641273558139801
4,33895230e0b25b5d3133d502ef3ecabey84m6,0,0.07685297727584839
4,1982c4b164171180d480166feae881ecmxsgl,0,0.07587870955467224
4,7ffd9b7b795d9335153d481fba4b3076plrxc,0,0.07701253890991211
4,8b109c0aee5ed07fc996e73d28e65888o5jmc,0,0.07869957387447357
4,050a3b29ca1818e1f237df8132bc2013bcuxi,0,0.07140550762414932
4,74149197c8684977e397ab60a6a264836b0lv,0,0.07795344293117523
4,55d9cdc3af85efe87b2a6f22a2cea96ezy2ax,0,0.0770525112748146
4,6130cfe76ed3bd87c8f8dc6b2b2786dcp44xy,0,0.07567396759986877
4,8152c94b639be88e7076f0e32bd70e0eg004b,0,0.07325710356235504
4,23bdbb8575f191b71853bf78d09e11a1lhnfn,0,0.06823146343231201
4,9ca7afbb673865b01cd4b02846054fc1p3vjn,0,0.07000686228275299
4,d144312f2f68dc33a63b7863911b2aa459i99,0,0.06398864835500717
4,6ebbb4e7c3fb4ba44a89bae997717924gm89u,0,0.07386986166238785
4,1456b44d8b2b16cd94278137269ceb11ns7wy,0,0.07676554471254349
4,e59ca537cb8df3053bdd555bc987b4a7c7m4e,0,0.06966429948806763
4,078e06b3288cf8f18ab7ed44b245fc56nbyfv,0,0.06816348433494568
4,81392b54fee8e50ec74efb27cf0de8e32fdm5,0,0.07792481034994125
4,4694d67c21e9a2edd614e717aa3f4dd2e0w93,0,0.0785718560218811
4,b1863365ae232a316eb946ba56a29415m0gdz,1,0.9519887566566467
4,1275d8a6a3b2ae9d24b50997397c254cpuuzv,0,0.9362307786941528
4,ce7d34398a6d6011bcd96ff0aa82b6674hxzl,0,0.075101837515831
4,1a09feff347553a2577983d7c742e3d6l2hfo,0,0.0636439323425293
4,65435e491aa69dd9d44d70a9aeb6e847oqlty,0,0.07631979882717133
4,628156f3bce703aa6bd275089c6c692499h1q,0,0.9007930159568787
4,39b501f37dde9b055d627394964d3260qiktx,0,0.05973304063081741
4,d110111b8700f290b5d03a0e243fe375r3woe,0,0.07042092084884644
4,37ea72c53cc50112ced4f88810f1b38euoz4r,0,0.07164239883422852
4,cefd0ed907595de146c91e6c26b8ad658ilo9,0,0.07020001113414764
4,069d251f2fc19102924468ab38349d5eou7ab,0,0.06698118150234222
4,d588f4c51e67a340d1991a8130ee0b56hy0r0,0,0.7396107316017151
4,535ed161b4c9960a71ccd53128df4766ddyq6,1,0.956465482711792
4,a46046f129f3526547aca680877fd8c7e6tfc,0,0.07570675760507584
4,2c449b1bbbd5f8d9bcc1159b7bd3caa32jhtp,0,0.06729756295681
4,77b7daafef906aa3f941992bcf94dd69zxk2p,0,0.06917925179004669
4,4731be79b5c7e894dabe5986e747b97bd6yxh,0,0.07796571403741837
4,96dccfc370343f6871dc478d5b2fc3ffx95d3,0,0.15373094379901886
4,c615c31c87260c0d85727deff6da6667lgg33,0,0.075312040746212
4,baf1aa59ebedbacea2ca418c5aa83888imys2,0,0.07795008271932602
4,c65d2236a70982d628454d19472ce26eltxgf,0,0.07778974622488022
4,74cf3a0c5e4f080415888bad2f7119499lh63,0,0.07461264729499817
4,d31f6cdaf4f8485190b4ea588f8c1733y6qu9,0,0.07857810705900192
4,4aad6f0ffe775217e4ef8c91d69707545li52,0,0.0764663890004158
4,8d500e174fc28d494482f8ccb9438608zd51s,0,0.07836423069238663
4,81207d4ecf830fee924989f4fe1eaa7fntkmw,0,0.06558067351579666
4,fc48aad7a51d965595b59550e08b94c670k7w,0,0.07858113944530487
4,acaec0b9f72bf4ab4318f3244344589b3700a,0,0.07612676918506622
4,120beb4523541f769a2b658cbc41dd57w7im7,0,0.07198149710893631
4,fa918060747386f431a511c862565e34y1pdw,0,0.07522955536842346
4,25331706aa2157419da068e93f3989feyo7a0,0,0.060025837272405624
4,21fd0c468438a483ad1c60cfd1b84b850iyjv,0,0.058299507945775986
4,949689cced5d86578e6c8b664ea76d6aq6zxg,0,0.07858451455831528
4,f0ce8b973cb8d6eef9221fd3d6698fd4kl3g7,0,0.07555201649665833
4,99a3bacd3eb66c909a02b85402ac38dfskz65,0,0.07614549249410629
4,b5d61accc925a0e86ab7274e1ad82532gb1w6,0,0.07831326127052307
4,ffaf0a972a6dcb3910fd6b16045781e2ava5y,0,0.07602659612894058
4,53d9e7fa087a0dab6a472bfbfb694622jv072,0,0.07828713953495026
4,17e4d6d9a1f8ec00cec1d4fe79b059bd51476,0,0.07525444030761719
4,170a58cf637c08f0818ebdbfddca29c9irkxj,0,0.07740920782089233
4,f6a7e7b14d39804c7d15627e2fa384a1cq892,0,0.07857710123062134
4,f5b2bbad20d1d7ded3ed960393bec0f40u6hn,0,0.9017757177352905
4,7959bd565852dd880cd31278fab3660fuaqyw,0,0.06743627786636353
4,c83ee624c46235430ad4338278f6d270wfzre,0,0.0697251632809639
4,0e373556d3bf588a1bb2ca6354120cf2dmvjs,0,0.07779255509376526
4,ad590c59c30187b772258a059d532db42tf4d,0,0.07856885343790054
4,a4e83190edb97fefdc4a6cbfd00f41fbm7c4o,1,0.8545587658882141
4,c670e7fb466b09000f1053d2761752268bkfm,1,0.9580588340759277
4,c41cd6791e262b44d26bdb3443fcfba97wlm3,0,0.577732503414154
4,e588d3f7a141147e4f8dba29377144707vupo,0,0.07742520421743393
4,5f529b5ee68b60482c5d0c56ee91f3c2cjrmx,1,0.9481565952301025
4,0f4669e36b2e721dfe27f8633b277a1575erw,0,0.0785912424325943
4,70db4530c292bc759238b8306ff4ebb6n4l6t,0,0.07283461838960648
4,e49dfe2adbc4b3789f67bc044c231473clc4d,0,0.07757161557674408
4,f28b5654b5633a0b5e3f757a16080116sjj1b,0,0.06030048057436943
4,bb4af76ec92ce75e8abe9a6a481d4314jyo16,0,0.07855621725320816
4,37d71b4ae830fcfa6f0c4f65ec386414n8h5l,0,0.07832851260900497
4,e9f928411213f44502e4942a29553ab1tbqgu,0,0.0670761838555336
4,f895a8d9d7974b3ee7f1f04a25a950e9v63ps,0,0.06726597249507904
4,f473c995ca7b5287f9b2f079f0d78a1e92226,0,0.43005865812301636
4,9d8a1ddb38499b3403a6a93395ef29bcrznni,0,0.07655351608991623
4,9f52fd88ba073512be19e3d24d4bb6f91l531,0,0.06295192986726761
4,25aca203223b4d9563f5b1a01aa3a21ftlgve,0,0.0703936442732811
4,6b1666662837213ce77c329d8cb2a842epaeh,0,0.07221703976392746
4,1b7c070ffb2c23c1d02ae5bc5d817d06qz4xb,0,0.0756765678524971
4,e29ae1bd8e6e7dfc9cb43b1572d3d55ca0hc1,0,0.07645285129547119
4,385325103b3eb54b0b974523fb7a13e02go5s,0,0.07294679433107376
4,2b5c4051f232c4848dbbb477c5ad7f389f4b6,0,0.07856111973524094
4,717a0a200628f9606d88afebaaeb409bv60y8,0,0.8199156522750854
4,e0fecfdf4029d9a91664e703a178397718lyl,0,0.07505986094474792
4,aaa686462ebb950550fc1c6136ffb273vkrc5,1,0.13164766132831573
4,9744d8ea513490911a671959c4a530d81fj5e,0,0.14227840304374695
4,d2b8a15ae403dabc5aa752b205181dbe1lm57,0,0.07653392851352692
5,91a3c57b13234af24875c56fb7e2b2f4rb56a,0,0.059539806097745895
5,4ab12bc61c82ddd9c2d65e60555808acqgos1,0,0.06154460832476616
5,d1be739798ba0745a1fd72ac918a9f1929hei,0,0.06091682240366936
5,1b26a52e1e5980c8487bb35cf5027fdfwfnzp,0,0.06063980609178543
5,c0549e76b179912d52a28c3eb9b29376yaxvu,0,0.06130530685186386
5,38e919293f5dbd62d87ce288e41aae2a281m2,0,0.7732724547386169
5,9c509838d129fcee98cb3934079ca36asla50,0,0.06146014854311943
5,067ff22ebf0d33fe0deedc816d75973865jo7,0,0.7007443904876709
5,eaaae0fb54c7d36724a9679c3128d5a7gn4k5,0,0.7788316011428833
5,a22fdc066a738070c6e4860924d06657hengu,0,0.8752228021621704
5,29cc13d48af9832e0eb481c8a095fec7mom74,0,0.061513494700193405
5,a1f4d216a1a92507d97166151d7c9fe37bei4,0,0.062366385012865067
5,5686520af5a4215a239418fec906f88e4she5,0,0.061503853648900986
5,e3ccc9bd16fa1f4a92fe87b4a54e5e72uficw,0,0.7930907607078552
5,481fdbc92e77bba4c9611841a7d74071elwx6,0,0.061318282037973404
5,bd586db332285f3c45814fbb8f638d79d26u7,0,0.05961655452847481
5,bcf95b210295831ff6e20db3a570f909n3q25,0,0.5404741764068604
5,ef24ca4be7ccbd6ec68d4ea9f47c9e8ex1g09,0,0.06074514985084534
5,1cbd9081de4481ada66f1853737f7684ddjd1,1,0.7390965223312378
5,c5babbaace35399cf51a9356bbc22733xpi5h,0,0.06028648093342781
5,1e342381f2c64318a51a9b71d91897f8dv9ul,0,0.1164899617433548
5,9ded76c5244a2116a3b5432fa265a800j0bvt,0,0.059512339532375336
5,53691811bd992911edb9f5f64f49d8f5luk1f,0,0.06257922202348709
5,d27221cf2bfaf0fa7a60ffd3e1e3a53efagvp,0,0.6213266253471375
5,60b8145bcfed7a5f2a23b596a8aff99cdzn4m,0,0.05881357938051224
5,3b233dc399f175100fb11ff9c66fa5b074z60,0,0.758975088596344
5,a9229b83f54a5f44a69e65b9b3aa7aa26qcon,0,0.06128697469830513
5,dc52611b1a2c84c0949da5af9870d57fj6ab0,0,0.06034693866968155
5,74ecf5f9adfa4dcca4dcf020209db81arynmk,0,0.061879903078079224
5,10383b390780e7b4b03dc32c94b4973f66wou,0,0.06034618243575096
5,2c72df02de4b36acf72ba549630808612ol08,0,0.06052933260798454
5,6cd1bd77bbf2af6a2c6e535192af628by3h22,0,0.06187376752495766
5,db83d746ba8e0c388805fa3fcb235743vfqmw,0,0.060373395681381226
5,090c77ac89c7063f0d0ce064ce3cb3afllf5h,0,0.06278850883245468
5,01c5692d487454cdbe731df330bef608f48zz,0,0.06056821718811989
5,2515c5fd81638d5d0bca39a2b2be3995tante,0,0.05975865200161934
5,27809fd62bebc89be450f9dcbdd25ed8il6z2,0,0.07114992290735245
5,1880a778c9dd0cb15ca1f052308a8e04g7e35,0,0.06011059880256653
5,6a87cc9dacae884e817de2ee08452e76dx9mn,0,0.06217337027192116
5,33031f476dec19fe47c0e3a051a68e992hmwv,0,0.06182662025094032
5,72dd0e4788d25f62cc2ba942bb9499dc7quqj,0,0.060254551470279694
5,b8e47f06aef714b37073e72ac40a8100mew9c,0,0.06099189072847366
5,666e1e141862a646afaa2b71fc7d2c25r1b4h,0,0.0612865649163723
5,2918b09c1ed9e9e8602f85175b266aeej5v6w,0,0.059694789350032806
5,124727083cd4159b40ff8d4b36a89340l6fga,0,0.06204834207892418
5,4679df74080bc22e29676bddc5bcbf51gsyds,0,0.05956536903977394
5,f46cfa9acdb6a4c419c70c19be4ff9523uixs,0,0.05922774225473404
5,7dc423d0bbfd840fa0bf75203cd7bcee75kmh,0,0.06086268275976181
5,9e72fb21f7581cfff84e833d02538e5ar35kr,0,0.060300860553979874
5,82bec02fec2f08899489d7a5c35a30a0lbszo,0,0.061259061098098755
5,1291b98e40353f77928e363d54a13c569bhfb,0,0.06234848126769066
5,b191c73f160bb9320dd3715bc3ffed26ymluh,0,0.061204131692647934
5,481db1a88023d22b3533044bff5239dbf3cda,0,0.05939618498086929
5,b64c209b3d1d91a663d134961af89125u0s9a,0,0.06294920295476913
5,3d281a78c6a116a91baf9c8db22b56bazer1h,0,0.07117999345064163
5,a9237defb0a6478098f242b27ebcef18qrotd,0,0.06125367805361748
5,aa8aeba2bdd0353a108b9b26f12ed59559mvz,0,0.061684750020504
5,a8561bec318a7d3a0082b35b086b4428wekph,0,0.15768469870090485
5,a2d0b7ec1595325cc63777f106e09fcd88y5g,0,0.061815712600946426
5,ff12cd48c7de8ffb8b2099f262ce03980dqqz,0,0.06158819794654846
5,e8e4603ed284adbd252a7a601f9bffe09oq6f,0,0.060065049678087234
5,17c87408ee1009887112745797caeb7fwvqfc,0,0.06063248589634895
5,205c519be884c5b1c885f61c4ba8738a737qg,0,0.23810552060604095
5,f75cc5ec8acf1ad2349e00ffc4b3191a531f3,0,0.058491215109825134
5,26190fcf0babdbe0b0d903f325c52873tpj7e,0,0.06152211129665375
5,cf9a1c3af63d1bc3f55728b4a06a5f46njrac,0,0.06537877768278122
5,29544507566320f1125d8e9f9a0ab3f2jswhk,0,0.8125432729721069
5,6f46b3e231003daf21108df4624afcfdaaswv,0,0.060897089540958405
5,dfa45994c8471762d04deb23c6450598byp8y,0,0.06374911218881607
5,d3c80e9f6b8e1d774679fd8dd5aae611e3qls,0,0.06032158434391022
5,9ca41c3c062146a06d2682835f5136807yao2,0,0.061152368783950806
5,72994bece8c918a2c4c432b98780a7bdsctwr,0,0.06298813968896866
5,74f153bd134afc92866a6bc5cceb2088120y0,0,0.06294920295476913
5,74866aaa89db79f25dc0fae8be067b83xlbm6,0,0.06061047315597534
5,6a5457f1038c6e1cf9feb57529ce07b2sff4d,0,0.0605737678706646
5,282fe85277f7c07b0ffbc5fed621a02ezp1zr,0,0.587127149105072
5,c18cfb38fe1c4c01705391422177265cn9w5x,0,0.06247281655669212
5,cba6f45915ebbd4b5404c6d357153c0adeblt,0,0.0651978924870491
5,dc752fa41d974bf688d25ea9d18e9a2eit904,0,0.05997883528470993
5,5c725e840bcc103bb8d12c54ba9a0b37blxvw,0,0.06083459034562111
5,eb2c4b4493f31788ead745533e0c9a18xzzlk,0,0.059465669095516205
5,6ed7b95dcea7b359248e9efce91cbb11lm7hf,0,0.10265763849020004
5,e0b6466f9f720e9d9a00d7c12b2e2c6d8xwxz,0,0.06229601427912712
5,8f00a4c4d7f097bc1688f8d89431f6bfmodq2,0,0.06159457936882973
5,3d54d594ffba32e8d6527a688e7227e30iq3k,0,0.05956796184182167
5,b232fdca7cb98028e8945005f619fb28p8788,0,0.061445798724889755
5,db80f065a93cc6b41d12af614bc3ec11kpwjp,0,0.06256292015314102
5,7029915a2c5aa5d964acfd85c30c3950b4opr,0,0.16902834177017212
5,11d7f0a5076649b229c301a22537834e1ehwg,0,0.42308440804481506
5,3995d9ce0cebd62d77cb8add067d93e15oezc,0,0.060173261910676956
5,e67abc3ba39537cc640678297a7c5bfag490k,0,0.05921446904540062
5,57e1892d3d62d87c9ba5e8425a1958c0fn11u,0,0.06150513142347336
5,88e24a019c32a60f2ff315a9d217ec33q144x,0,0.060179926455020905
5,2906a20e0b4f7ce840d051c4be898b66do6wh,0,0.9058923125267029
5,67083f257438b1b79cb09cfa601890855of77,0,0.06069253757596016
5,a3ef8857f2e33ecd25c409622b4e3ebcij8hv,1,0.9144931435585022
5,a8a5bcf248e1326b3340c88e057f59e9nlslq,0,0.06223301962018013
5,db5e9f85e7d180f7d952f12e5dae5900q9xif,0,0.061910782009363174
5,35b111da8e919bb34e80511be9cbd128pjjdm,0,0.061540644615888596
5,3d7cff3dedd8a8e02dbc551c6a61da3bibbvh,1,0.7798739671707153
5,39f9dad880d32ee607af7571ec24807bn1g2d,0,0.061055537313222885
5,8fe6da2176541d0ce24574dbb60f9107oq1kn,0,0.05839002504944801
5,f04748a1437347d837a65ce04ee7d94enqhub,0,0.32535862922668457
5,c871daa6b709e008825b667b05efddca04jbe,0,0.06185625493526459
5,10b431aa15b56084d32fe1ef123c4305wo1nl,0,0.06100764498114586
5,c2294751630e49a4e594dfd89383b271qzp0m,0,0.7595551609992981
5,c6f07c222aa3a9d35b0e01f8959ffd21oownr,0,0.061582714319229126
5,2b72d702b44fd7dd58062e326fd8e4779j8mp,0,0.060913700610399246
5,584d1d60d357a4ee1fd3b0a6a72de1dc4rodn,0,0.061518482863903046
5,f01d8d55568b1f54b6946a1b78a3983exkz5u,0,0.060819536447525024
5,e0e5719b5d763eb4e04c7f6e4e32884cmlpj7,0,0.061539746820926666
5,65d3cc1725c4506fe02be3e2b24435bbbd6qf,0,0.0625373050570488
5,a6e261c09ae8aa7d0a47ffeb0110aa519jowa,0,0.16361084580421448
5,7d72bde2e297ee81296adb4fd56e8800p7lbe,0,0.061914585530757904
5,55d0b2506cef6464d799879b65c6ba29hjcv3,0,0.13650572299957275
5,7ce12bb499c156ba4513becaa42aa8c143v75,0,0.06147133186459541
5,9774dc752f855f07b9c00eb7018b607c0ymxo,0,0.05988207086920738
5,ff566c87f2babf3dcd67be286e1c6666cxzh1,0,0.06127464026212692
5,ec0c9e98cdf302274974ad212477f851iw35b,0,0.5918031930923462
5,dd1675bf26316cd4630087fb47d0ff8fsug8e,0,0.059213683009147644
5,1bbfbd968c065ff5dabeffe311bc3ddeezbof,0,0.7079483270645142
5,4703c8940eaa3f3bf5082ec2f155a8619i1yw,0,0.08957601338624954
5,8322695c21cb27accf0fe269438bd78fn3x44,0,0.7387862801551819
5,d7c046d4328c139e76fea7c1833e8fe6fx4yz,0,0.061860401183366776
5,37ebf34eaeb8a434976416c34ed5c6d8ywyoj,0,0.06152663379907608
5,82194e7d8f9b84e71b789e763b5c3263r6d98,0,0.05930669233202934
5,0318e0a173f7c65db40116b903884c854x258,0,0.7305352687835693
5,06a58d4af0fe7ee15324b0e921e8de1260vef,0,0.6367307901382446
5,0853bead89b03dd38a04d84f4312da7dukglz,0,0.06127338111400604
5,01067975436d123f717ee5aba0dd4bbfa0937,0,0.11463207006454468
5,d7340ee3c04e600c31fd2a34c760f7e7d26bn,0,0.05890240892767906
5,37ca0d0ded383d709676a4f9729ef39cpjfh4,0,0.06101204827427864
5,86091a1e6c99358936979baf67d54457x1dzy,0,0.06065116822719574
5,e9c8ee7f783723fe8496dd35232d88f2or1r1,0,0.6325401067733765
5,05a07a27e235d01fe480ea6ac73b8838jq28x,0,0.05890251696109772
5,3d48fb12020c1a81a65fdba2d75caf0d6q2nc,0,0.05965910106897354
5,272a9183c10d9e80eda8ccaf6682db71203nk,0,0.061894819140434265
5,bba40511c6e56070602e8dde4229ff923zbuq,0,0.06115836277604103
5,f35082c6d72f1f1be3dd23f949db1f577t6wd,1,0.061943408101797104
5,b9743f78108aefe3995e1c2291b5f3278cgpk,0,0.05988628417253494
5,47d1dbfb67706772f8a44f50e5656602z04rc,0,0.0606701634824276
5,4d0d345f552877998f41ba3cd1ba299885vu5,0,0.06294920295476913
5,060ac64ff78ae62e9bc697192cebea333760p,1,0.8459535837173462
5,8ec9269ed4f5aef4584d887dfd9e595aaynzb,0,0.062211774289608
5,5aae3111e4fab04fa5067c740329a38d11361,0,0.05938626825809479
5,aa7e36069de119ee3ad7c4d8c925fa3ekrs4i,0,0.059148307889699936
5,cdf76f38b6f46a3bd396a99123d26909xq5c3,0,0.09595216810703278
5,46c0ae10d60c4fde2b6301bbafecd7b8dcla1,0,0.06588257849216461
5,bc7722baf876d0735ddc885691eb687bgz365,0,0.06835927814245224
5,73d4cec0ad358d272d757e0fce8440d01fvw8,0,0.06268224865198135
5,8bf07d8631a2808f2c869e27afad2d41swgkd,1,0.8680040240287781
5,b1410ac124aeb5ef6b06667786feb742tijnw,0,0.11189527809619904
5,f334d76f60cae7c67ab04b9e5cc49907hqsc4,0,0.06183113157749176
5,d8ada60e3b7204a104bba8c073136bb40772o,0,0.060162730515003204
5,d38b2db568fb71174bf883554bea939ccts4m,0,0.061749011278152466
5,ef905e4d866c43dbc345751e7fabe5a568kjs,0,0.06288361549377441
5,89c8eefbf6f83543ce0792d1e4b86057ti16q,0,0.06051133573055267
5,02030ec48b7179a7fd9950fdf546e3feekkye,0,0.060959480702877045
5,86151544b29ad273209ec4605c257b089z588,0,0.061257630586624146
5,359444416c25e6e90ddb2e3d3d0bc23dufn9s,0,0.06279776990413666
5,d645e4b8b043a18bb1c8689572ad4fe16q3np,0,0.060761384665966034
5,ed5fc53d096bcf1b86c30128040e775334ut0,0,0.07753846049308777
5,f9ab998f3adb944a1cd1847a097fbc0bw61nf,0,0.06129398196935654
5,361397432ed35185b5a2789867a859ec42v14,0,0.061083629727363586
5,18bc9dbbed75b55f35ec4be1351b7aa86an68,0,0.06475965678691864
5,0580f2e77b4c0dd3b5cda8a1641cb9fenmo0i,0,0.06183929368853569
5,b2a19e17e1b9e0bca8e4563efbff5fed7v9xe,0,0.06002535670995712
5,8d49c8e70bf96a255baf30acc76a3f59b394w,0,0.05962557718157768
5,d95c969eb09086bbad373dd8ee80cacbuagvf,0,0.06165938079357147
5,0a43de0ab0a7525fec59ef4bc1dda7a2z9z69,0,0.18876202404499054
5,4922d20e07d04601e8724be5e9f9576blyccu,0,0.06286827474832535
5,631f923b7bcf91f61a2e9f96520bd8c8vtl14,0,0.8916835188865662
5,4c67576a6f30a158d16d790a7fc482b0zqxue,1,0.9033500552177429
5,1e3642857c10e72cedaf7890e3c07bfa8ibzv,0,0.06294920295476913
5,7622d7085237d6b73d08e9d70ed11fe3u8mwm,0,0.06120728328824043
5,61337802cac534b7e7711793039782d6f1yy9,0,0.059916216880083084
5,6a1d4042a5f3a3f34f5b3ea753ecce30l0qj1,0,0.060278523713350296
5,42f754cb72e01c08005598e1f9383341fn7xh,0,0.06361536681652069
5,d9b611dab3b5116f761747fd3166ecec80icg,1,0.7090850472450256
5,2fe472c1be232dca314d4bdf0fa95165rjv69,0,0.6403646469116211
5,1ef47d501d4b36498b51e184b1027981xu89r,0,0.06119989603757858
5,6be863f26f22cd79be272789ac7e9153v27yt,0,0.5265482068061829
5,7d8d3493942dc13742444f28626c5839axjqd,0,0.7096073627471924
5,a2b4df001b0e40a398f6d4ae9b316c0eix5bh,0,0.05963775888085365
5,8cc03b92898255ce4b096454645599ae5zoc0,0,0.06158488243818283
5,aea096a392f55d95c3e45251931e9755a9t3o,0,0.7696412801742554
5,b7630ee9a73e7ba6f11f7717b7f03ed4be2hb,0,0.717871367931366
5,5d5816d216122786933fb74c459f35fc0vnac,0,0.06066880747675896
5,63e3851eb5e1ee98df1065b333f6cb81mlby6,0,0.3286758363246918
5,e9b27622a64f2eb9dc7559d43bc45e31yci23,0,0.06199231743812561
5,76d4a0147a60d871867f00adf45cb792w9c6n,0,0.5542347431182861
5,42025aabb56a61f3bea90d27b283b517dyk4t,0,0.06147771701216698
5,ca5730b8dad8f35fba24b68c9ca5d445mp87i,0,0.06148413568735123
5,047558bebab9292a5d4c85d6ee768784j2hdd,0,0.831098735332489
5,a6214d8bf07127661f322afa7c8dae91ypizm,0,0.06082477048039436
5,70daecd44c89c37525aa2ca294378ead4dggh,0,0.8475931286811829
5,b9d861ce6162179a4b008b63e7fae80fjoywx,0,0.06171850860118866
5,a6414c637c6f1275e2c62c48fb238c5d5aw03,0,0.061716869473457336
5,95efb775460080c0da57e154f27876d75xnsx,0,0.060604505240917206
5,78a444127a896122678835e12ef507deh01hn,0,0.05943697690963745
5,fec57d2db5692eb144a71aaa35a11b58delkw,0,0.06179363653063774
5,a13da89a3a54ac9b4ced156542afca5ddyumw,0,0.062309518456459045
5,c9a97c18992adb02e6c2e6a8f9cc1daa1di5k,0,0.05876600369811058
5,1a9765ed302d0f91b512c23112066e41s755q,0,0.06274443864822388
5,08981037e7a6c9032716ff25b15c9de25p63s,0,0.8753402829170227
5,fe6adfbbb2fc1ec0c3edf6677204bcb245uf2,0,0.060087669640779495
5,50a4bfbac8a9653af4099ec1169f684c2nsgu,0,0.8157286643981934
5,bcda2135a2456d611876679b61dac500vs7sx,0,0.059313107281923294
5,cb557e4675bf4f36f93ef5599adff545nz370,0,0.8189171552658081
5,361c6da33ccd1c0df152fd932e6fb2a69i4ux,0,0.06146329641342163
5,6a2c4aeaa17c2fcf20958803a674f101vlxw1,0,0.05938681587576866
5,4af5e2532224f9f7d1d039704573d9205jbkv,0,0.805766224861145
5,c62a6956e93ac3b56b1292f2c2d85b1fyekav,0,0.06294920295476913
5,37702159c6cd2c1a21cf66600e96cdc6rdbff,0,0.061530858278274536
5,8644c9765c64da22776cd67eefe0f498u3aaz,0,0.06324564665555954
5,98ad4163bb0b1abf72f165056d4bf1a1g8ekg,0,0.06106235831975937
5,17b41c48d6f53585c7bf3b65977eada0yxs8n,0,0.0616060271859169
5,464506515f2ae684bd510b3a50b9121ec7v3a,0,0.06057509779930115
5,e7cf764619380e5303089f04bf647f10thebb,0,0.06054757535457611
5,fbacab353140582a4b8ae3412eefecbc753vs,0,0.06112980842590332
5,da2841ffcbeabaac373f00039c10f39fty6fa,0,0.06940144300460815
5,c6453f296ce36005d7e7e67e159e1b7cdbmus,0,0.06238715723156929
5,1def3e23e479c9739abce6b3518013d39oejk,0,0.2192167043685913
5,a8c2410eb81513da23261a49135e4eeacw6dw,0,0.062224697321653366
5,30da67f34e3cc215b3bdad588410fab5655fx,0,0.06167539581656456
5,ec3b2ff6f725e847f93285bc9d2b7b3dvcd4u,0,0.060536496341228485
5,9ae9782ecff93ddf1c6fa13d711b9fe1gc266,0,0.321027934551239
5,08353687608279ddd83e4d36fadd1cd8ritj3,0,0.06121997535228729
5,1530008a712831e35a673d38959528f4ozipv,0,0.06198277696967125
5,b8d88a1167ab74ba64fd6d9c83308a6d4oa6v,0,0.06189877539873123
5,90fd7b3c991701dee376daeb09a0a5b7kawse,0,0.06348403543233871
5,e21b238213c361523d276d67f37c05e3qot5q,0,0.060460012406110764
5,384ba7c5a8ccf55d174080d9ad7de9b8mfysi,0,0.26081031560897827
5,18076726ec814a6f56da2cb9ea89d105j8vpm,0,0.060200851410627365
5,91c749114e26abdb9a4536169f9b4580huern,1,0.06146911159157753
5,d056594c1d7976b6ad4ba23e2b4cea19l2i0t,0,0.6068617105484009
5,5771ce26e8b0fcbe7e90106955638b251qj2w,0,0.06183633208274841
5,a06311ea45de34bf667b79a92d13c764i6aiy,0,0.06146761402487755
5,3919be53bf4bd411ba25acfdc1362b49u4vle,0,0.0627288743853569
5,53f61a2f33e8b07e49da643af49884782vzdu,0,0.0626133605837822
5,9f280cd011f10593dc245dad1d93b11dy6rg5,0,0.060888275504112244
5,3e9180fdf158409adc96aceffab6e00bejjah,0,0.05996207520365715
5,e90e4701234b13b7a233a86967436806wqqw4,0,0.7728478312492371
5,8f086b809805064f3c4a5dd48327c0f51yplz,1,0.2186441272497177
5,5e945cce4e72950e0930b2700e77fc8eq2abo,0,0.060609620064496994
5,6b3cff1e3d9398d4c125e7bcf612192dy1gwn,0,0.061562538146972656
5,2b4b36fd77eaeabbdad8fac68b17ece5ey04u,0,0.06159965693950653
5,2540f8192e425f9fb921db30ac1bfcbas4p6g,0,0.0622502900660038
5,4b32495335dd238db6285f7c6bbe051fv1qoe,0,0.06080741807818413
5,43295f805d813e816fee438d9a394bc4o4of1,0,0.06152118742465973
5,e7445f6107c8cd3783fa722c7dd29fe6rcd3a,0,0.06141040474176407
5,3272e16da807a75a987e26b09bb2147by1mxe,1,0.9154212474822998
5,3893d2c62d59c232112efd332bc342dap8b4j,0,0.06071889027953148
5,2d73ed3974473a764859084d51334440k5q7s,0,0.06687508523464203
5,06c281e31f83dcfd3fe70d2ee2d66bc7e6fw6,0,0.06218519061803818
5,2cc1c5bf18c858fd9c74901d8d80ab70ak8e0,1,0.8862142562866211
5,84560dfb1400fe920a29ca2c728acf1e25eli,0,0.06075041741132736
5,7c0add0ef85bb5194e95ceaea737f90fyv13c,0,0.06057140231132507
5,21c5f4fff051adecaf1b080fbf910ca3dvi6a,0,0.061343710869550705
5,655a95d80489d145052254616787cb84fwqid,0,0.06236371397972107
5,c0b7161a67a0aae21788103c08eba7e9z8e8k,0,0.06053183227777481
5,438e53670ffa2990cdef656700bb49bf684fz,0,0.06054672971367836
5,0496c24a6a7f593f28bf7896350e946advl6i,0,0.06033559888601303
5,4f57e657df5ee5d9207178b4b6858ddak9ouq,0,0.0603567436337471
5,a3d0a600cdb44f03d58f27b19247cd0d4az4k,0,0.062428511679172516
5,8bc48bc2cd0ee494e55470a7ab0814c12riuf,0,0.061846427619457245
5,fc870f3872dd5e36e4dfc4ccde28cc930tify,0,0.06189339607954025
5,e587d92842526255c86d3b0d425747ecib83l,0,0.691116988658905
5,7188dec1b560385b0826f78e7608fdfeai9fm,0,0.41046759486198425
5,053cefb7e952bd81d7a6db267a121747te7lo,0,0.06213187053799629
5,ca5d4f0a3ea342fdc45c3325e5311049e2uis,0,0.061534490436315536
5,83e8aa6cb15daa745c75ba3c29a2f646zjw33,0,0.1164446622133255
5,70cc5da141baac4712163f5cd4bd4a50za0n9,0,0.2644234597682953
5,0d9f78a6084bf15f42210bfeba95621255c89,0,0.06134326383471489
5,fa9cfea85e90bec313e512e9eeab2e869tvx8,0,0.7907941341400146
5,12c1b22ede3c23949bf130cc7bac6316ks7fj,0,0.059541184455156326
5,32dd072b16a69411ba3f67992ecc3e2144j5g,0,0.061948589980602264
5,3de66f8a5453943040d42e1e73f11eebll8h9,0,0.06294920295476913
5,6c0030ed696c4156b6ea3472374f6b54s4ih4,0,0.11110593378543854
5,5097b3a4011380b5d9447e1a7a20b1a556yzj,0,0.060503039509058
5,e76154d73bb7d7b86d9bd48d167d3c679z0va,0,0.06180936470627785
5,5de403f3d49221bfa7116570a4d572d8m19sh,0,0.06289474666118622
5,f725c5b4cece8353da7a636fcba0ecb5yxshd,0,0.18848712742328644
5,88ebdac47cc2623888e0bcdfb35b692ejrbvv,0,0.0654531791806221
5,88acd2e23ea6817d9d9fc28f38a8d1aftqssz,0,0.060446664690971375
5,b6e52f37365cfeae9204a9f408b8c3a4idcs7,1,0.8070195913314819
5,058a4e0ac0a20f504cc9c6aae2a896e6too9v,0,0.06071341037750244
5,a027780df5d0312919d41edfd4947f27odx7t,0,0.5587005019187927
5,14e29ea004067aace14ee4543876a06365os8,0,0.059725239872932434
5,6cfd573a82acda92e8207745bca28aa7lqjcm,0,0.060456693172454834
5,668d393e858e8126275433046bbd35c6tywop,0,0.7146865725517273
5,c89d56c06803b8c6316a7c906604c64939yri,0,0.05953385680913925
5,e0a9e4ffe2acd28599dacb91c98c34bc66vo3,0,0.05938529595732689
5,b9fd0772481bf459179a3b4ab49171693im97,0,0.06165127456188202
5,97f541ffdcbd1ee34610e3099c5df42acfvcd,0,0.8980152010917664
5,a679d00c30c269a8eca148458abb8665kciaf,0,0.05955894663929939
5,3e0bbd7d75cf543a56919ff5069b31a9gcbql,0,0.05908335745334625
5,f219cbb3d454b32953619d5a4551f56dcg7gy,0,0.06168975308537483
5,96f31c5b3baa8704096cc8d4301b4c96i6fyp,0,0.05914127454161644
5,10f01aff2fc23653ca7ea1d74248357a889wv,0,0.06041134521365166
5,8a27b2e29086c0d2e589053537e88393zsyr2,0,0.06157452613115311
5,88641b0f22cf175876bfc4adc44c00f58b5rz,0,0.06170182675123215
5,783d5c219ff84cc0517f59a39bb98e18st85m,0,0.06055314093828201
5,874402ea8b408a017756404006b12708d9s6u,0,0.059930093586444855
5,67fbdc4209a1566288acba904a2b5a7ee588g,0,0.4751010239124298
5,c67ecaf47f857f37f63ac0f4b9af3249wwdtz,0,0.06196159869432449
5,c8f537f6bb0aa2d45da541a875f014358qm7p,1,0.8151847124099731
5,0e5ec5baf2e15afdbf5212d8461e1ad9h3kr0,0,0.0600159727036953
5,aa20f72aba9804a4922195f66a876688rugsd,0,0.07374820858240128
5,ba319b8bb68ca6a12086f2410ca7fb3buxsei,1,0.8929421901702881
5,0ae09b09369c76737cba059d192451001nwce,0,0.06149447709321976
5,074daf9a99b01591cb0637cb95c32600roriz,0,0.059333909302949905
5,5c5dbe70c2cb05d208c22d204146e1e9f3lvq,0,0.0705593004822731
5,f0e1c483773c2ef8466d152874872139e0wcu,0,0.06060022488236427
5,953e01bab9ac8786b4bfc77d183732bbqw6ng,0,0.06653905659914017
5,862eef3a75e1351593b54975cd8ae1b3swcxw,0,0.3574911952018738
5,35a02f50226eeda275b29a09acef2177k95eb,0,0.06144113838672638
5,cc064e3409a1825e3c4e5c814376f140qxu5l,0,0.05985378101468086
5,6affd6d2976aa7c48dac70612fc8e31ddo7j5,1,0.9092363119125366
5,4b9bf4cf1085e9d839e833e4b9d40f2a8ps14,0,0.06091374158859253
5,7b31d9d8b5e749cdd2c300cbcbb5f875kjlsz,1,0.8746655583381653
5,6faffebbde541edfccdb2725e430870cbkvo0,0,0.05889706313610077
5,4985bdbf8710c33fd7c9d4771db7c690mcbyr,0,0.062349043786525726
5,afdd5c7c912f9b6a88c0c2619d618124ycm44,0,0.06272871047258377
5,c4294be0db6b5c9357ae5e2e7fc8da9489qpc,0,0.06178175285458565
5,a8a2547a9153038fbb9fc66d2425d9a7efr68,0,0.0600275918841362
5,8884b7af726ce7bd929482ea13de19d39lzuv,0,0.061559055000543594
5,75339aea3f29d7d9a8d67ed3fe1c89c3owsq5,0,0.834467351436615
5,6da536112251f09a006b0c5223f154d46en4j,0,0.0603642463684082
5,403d9c0288bab462bae858dc8aff2f94ti9ma,0,0.06069661304354668
5,825226b69f2a5a8337ca611b38223989aumow,0,0.05889342352747917
5,33895230e0b25b5d3133d502ef3ecabey84m6,0,0.07058984041213989
5,c616385a2762ecfd8e4ea16d8a1f2596qw07a,0,0.06099585071206093
5,bdab2be5a94c6380c60b902310cbe1b6rs4iw,0,0.05984233692288399
5,27ccc09ae923d1ca8ff7ab3242f279f7xuclq,0,0.06145026534795761
5,050a3b29ca1818e1f237df8132bc2013bcuxi,0,0.059794940054416656
5,6130cfe76ed3bd87c8f8dc6b2b2786dcp44xy,0,0.061278171837329865
5,167b4f37a264b72feb0f559b650d1cbd3ox60,0,0.05932573601603508
5,210ae8381324c41f7b49e95f1b7aed80z55df,0,0.0604960173368454
5,c9416e793bd0559bca3ad4a5194d4cd1k8eyc,0,0.058724191039800644
5,c46e21e01a3f4987e00109d1d5f48acb1q72y,0,0.06109963357448578
5,ff3ae9450581aa3de5d2326f70e39d20w8fbl,0,0.06169656291604042
5,1456b44d8b2b16cd94278137269ceb11ns7wy,0,0.06175816059112549
5,942563fa6695a4b2f76ab6ff3bd58030i75z7,0,0.0627846047282219
5,e59ca537cb8df3053bdd555bc987b4a7c7m4e,0,0.061314720660448074
5,78830493a121b8b6917d246ec73ccb4anwocl,0,0.911937952041626
5,6bdb40330295fb3abd4647808c319d29pb29n,1,0.8878895044326782
5,679fe2a21415aa98a3cfb88abd0507edzjpsw,0,0.0621061697602272
5,0918eedd8324da06abe5600f058480dc75nfo,0,0.05991365760564804
5,c277151116ce38d8245f9f2308807af8t4nnj,1,0.7124388217926025
5,65435e491aa69dd9d44d70a9aeb6e847oqlty,0,0.06146790087223053
5,cca4426ec6d64f3e73294d4d5bc9719beud37,0,0.06038886681199074
5,e5bde35da4abebe4fdb37a3c65124a57ff4vo,0,0.06033458560705185
5,535ed161b4c9960a71ccd53128df4766ddyq6,1,0.9057279825210571
5,583ce05b5add00d9e7e5dcefb3c436f26d7c2,0,0.06294920295476913
5,c615c31c87260c0d85727deff6da6667lgg33,0,0.06071950122714043
5,5a6376f140f05274d6e0dc888cbeb89eukxkd,0,0.06803201138973236
5,4aad6f0ffe775217e4ef8c91d69707545li52,0,0.060836076736450195
5,bd7d5414174da6df4b018c21495e8a2cxiose,0,0.4084223806858063
5,de717bfad3ccf44a93f39e7b43f3b227cuu5o,0,0.06152552738785744
5,0446457fc8e21596799158406f77b14catx8w,0,0.06274455040693283
5,219c6102f604c8ff0ead5d23375bb127del0d,0,0.09512176364660263
5,6c2488ec88e02bb38920200ece7d337e0bffy,0,0.06185757741332054
5,21fd0c468438a483ad1c60cfd1b84b850iyjv,0,0.06324810534715652
5,1a764d01d19a1408382ccace87e61c9fndlo9,0,0.06175004318356514
5,b5d61accc925a0e86ab7274e1ad82532gb1w6,0,0.06251150369644165
5,e4bee4e53a19aaf71e0ac0e3be752b2cz3k1j,0,0.06639917194843292
5,33ba799fab5e4145b54fac4234bb6e13up0tu,0,0.08724520355463028
5,698da938f6fc36305616aa6f8affd53fobj5y,0,0.06411968916654587
5,71396d66a14f4ce0c96436456462863abwefv,0,0.061687856912612915
5,6f6c9a1964fd4bbc082f2afdbf2d2af6ypdhn,0,0.061126988381147385
5,6ce47fddd94be5792190cad9d972a5c4oyjww,0,0.059684500098228455
5,35f822bee4f85d98d5b1b23c65681974ywyuv,0,0.06137971952557564
5,77bc113594866d4902d6f867a456750c9vvmu,0,0.06720653921365738
5,d8a10762de6d62c087a0a8f0e61cf78bbgke6,0,0.06088336929678917
5,e0fde4b9b7ec14e80de3c811ecae157f6kqd9,0,0.059899818152189255
5,fc16993f1fdbd5fa8f8ddd72b40442f0qwyo1,0,0.06277228891849518
5,abf6c2cd31be1630f5a7a1219935011c3rkqt,0,0.05878494679927826
5,86e888c2dafacf13580a1211abf50961w6foa,1,0.835541844367981
5,25022fb30734c2e5044e031b0e9a4a9ct3354,0,0.06010814383625984
5,fdf0eb91ae1ecea1f6902676f47c32c454yzr,0,0.06192861124873161
5,ccf30c9533a66f22f1c65910ae1bac1a1fs05,0,0.9021971821784973
5,0f4669e36b2e721dfe27f8633b277a1575erw,0,0.061796873807907104
5,22e65b6bf73fab510ee814cbaeb9ebc1252mu,0,0.6998163461685181
5,f2ea6d89dd9897f0d6edb6f24c446f01ra6yk,0,0.1645793616771698
5,4de568a9b480f0dcd3f2ac385121d75bbpy82,0,0.06026798486709595
5,6da04647ce16d0f00051dfeaa94d3313ox30y,0,0.06101660802960396
5,5f56908449455ee9670c7947614f7b4bxak3c,0,0.06140867620706558
5,d154075c75cbb3f4b716a16c88eedd774i8s0,0,0.0597388781607151
5,222d3e39d4a292d79aeef4c04e52aaf24mgkb,0,0.059453465044498444
5,5db8eed67a7b648d1f2173b665b79de2vwdlu,0,0.061498213559389114
5,25aca203223b4d9563f5b1a01aa3a21ftlgve,0,0.062078505754470825
5,61e4b6ad0fc268d42c330ec99fd8c939yb7t1,0,0.7382332682609558
5,ba258a455ca17f2c13cab3d0afc7de0b48h0t,0,0.059496548026800156
5,ba6811273d4f63d9a31937b71b0a22dforovn,0,0.16257232427597046
5,9f34ed261596a1114cefe81158c5617biq26c,0,0.7240181565284729
5,f0c034c46dfb78d2e9e67fd4fa1688fa6mv8k,0,0.06084096431732178
5,363ba0a2afea1b074fc1ed270c86050byprz1,0,0.06153486296534538
5,e0fecfdf4029d9a91664e703a178397718lyl,0,0.061650920659303665
5,1dfb637157cc0e590e50d724cd4cad6d4cacw,0,0.060041263699531555
5,65d8228c6c1e5b6042f397afed8a5c7cbo6x3,0,0.06932452321052551
5,f939c17ffc7c39ac9b35b69e5e75179fv9pe2,0,0.06273119151592255
5,84a769adc98498f52debfe57b93a0789556f4,0,0.061183612793684006
6,4bee9aba2abda51bf43d639013d6efe12iycd,0,0.0643090009689331
6,88ae7a35e374a6fddd079ebb28c822eeohwse,0,0.04972652718424797
6,fa64831ab5ade55daee13f852c16b0a84ujt0,0,0.7988212704658508
6,d29003d7f3ec1f0e4ca9cc17e6389b4a4phcg,0,0.051030077040195465
6,99acffc3cd9bfcd00668dbf472a1979350mxk,0,0.06010942533612251
6,c0e1ecd40b81bda3b7dcec501334499dgzq17,0,0.07235470414161682
6,8abc7635daf75f9fbeb63783b7b8ccd5rvuyo,0,0.04999256134033203
6,64a39f766b2e9d9471b104f0d0289740a9kdq,0,0.05887642875313759
6,792edafa0603516a57932e6103e9dd54ajar7,0,0.07889128476381302
6,68600b8922561fe26b8b6acf1d11efdfb24k7,0,0.3132576048374176
6,09d71d3e6a6871a7598dc2764c5bb4ffkz6mc,0,0.05222178250551224
6,02bde521e763e4f4e590e8368149e04a96il9,0,0.056502360850572586
6,6ecd9f4b332eb790dc933aea0a1528e2qkp4y,0,0.05377453938126564
6,1cd8d86911413c73e92ad1170cae68c3pocsn,0,0.8774335980415344
6,bd2cf3a868d168425cf1bde7c49d40b9jq0xu,0,0.06087286397814751
6,9df0b0e5ca66460495931376045feb5fu4y7b,0,0.06071677431464195
6,d9c6b6d7290e4475bcd6d264fb33a706fqtvc,0,0.23542344570159912
6,827da66b68b225547050c11df16f845618ptk,0,0.05647441744804382
6,1ae57d217b27820cabf6e24b721bfb38s6ja0,0,0.07433784008026123
6,ff58ffde976a4899dcd89597a7877e18lntgz,0,0.6771198511123657
6,80e753fbea14f966b1fc6d1e194d4e66822ms,0,0.3771493136882782
6,bff9a98b73f2b9a01300d3fd3d55b16b1190o,0,0.06753631681203842
6,461dc3d03d1e28d52770a4d3dc7db34558fcg,0,0.27415838837623596
6,75c4518eba20c9299a3a836d9905c327w6j8b,0,0.060214925557374954
6,8c2bdb9dd878a811701838002627a056be0ce,0,0.9342172741889954
6,efc61ad6db17265a4bac85f77b154ef414tpp,1,0.05380633473396301
6,b27db6c048fa41b496dfd3423226bb0923yfv,0,0.0641881600022316
6,acf06eabed56f179cf32ab60b6b076820ajls,0,0.054881468415260315
6,7264bde42ef4fe3fa19cc7c6d64696cf7pqtd,0,0.8882359862327576
6,99fc8ed25265e58bc94d9d95180badf4t2e3i,0,0.0769370049238205
6,3d9910a238a0f282ad3132dd6fc981c8tv3tg,1,0.9503002166748047
6,f90f13ddfc0f98cbe3c2346a2e30093cq6zo0,0,0.05167748034000397
6,fae963b2adbefc663692d7feddb50d5dxz1hn,0,0.060181986540555954
6,20ebb9de648c6df989f04d07cf273c7b3yu8c,0,0.9505231380462646
6,dd661e2d6e79a5b3e66c82373d50f3ee86k85,0,0.056502360850572586
6,8e2a43abb8fcd8ef9801c69fc04bfcb5kyc41,0,0.4888862669467926
6,520b616c26fc47935f6bcd5ec063eaa7w15t8,0,0.05790826678276062
6,de9f5df5962dc171c7d82ab503c36dbfwicon,0,0.055243879556655884
6,1053ead33eb1a5db7c36c979a455348abh9ns,0,0.06255960464477539
6,a94c16f8a98e493e2b4390b1975e690dv8cmu,0,0.0753556489944458
6,4955e2c318d0bdca797ce17794ba18fblhaau,0,0.9438263773918152
6,e0413f338c43c9d55ba53612d2068f65t4gs6,0,0.08574291318655014
6,50791a0a98478b7f78f8d30acaa4683dxab5p,0,0.07034569978713989
6,62ac0de5f8776ca1d189297bdea9a64cmewb9,0,0.05782149359583855
6,28c9a5ea8aae9fb4f6a755f94cd922361v9ow,0,0.8391866683959961
6,c600968815fc32b20e0519ecfce5b648en2wo,1,0.9530297517776489
6,20662832566daffac929f803f0c236eaperht,0,0.06019522249698639
6,5e611461283a5c3e49b5bfbf9c33b7391ce3h,0,0.05275338143110275
6,6aeab198df208f8628825f7eb3ec3701p2ybk,0,0.0519552007317543
6,31a301c70e897bf36276031abdf07ab6cs6z0,0,0.06360549479722977
6,246c55639cf85c682d58cbd2ed6a6563vk2yn,0,0.3461654782295227
6,179a23cad40c51dd7804069bf769d11e1ftk9,0,0.6028726696968079
6,97b002c9936e63a1fb9994a67615e84fft019,0,0.05176106095314026
6,d2ebe13374f25a12865d50c17af1dad7yspzq,0,0.05282485485076904
6,f61d93fddb01d2d89a85a132c649aa90lj1z6,0,0.059827689081430435
6,76a8a9566e21595a1ac06cc0050626c1q7a83,0,0.06004642695188522
6,a74e3962ca26514976056bae3c46d579emz6y,0,0.07538697123527527
6,a6bf74b19fcb2687ce345930c4c16d4e2txda,0,0.0620853565633297
6,c69e65de28937ebe1b94e7785afd94158thqk,0,0.9251219630241394
6,791031a63c9e2b4835caa9a4cc1768baias2l,0,0.05356130003929138
6,7607c4efa792a69e2a8949ccafcbef103squn,0,0.600236177444458
6,10c1e1164e3f8298df9a35c891f67babiycsr,0,0.054622698575258255
6,7b5bd948eb1d8075be58ec9240927bb59ugz3,0,0.05094526708126068
6,300bb4c9816a7064b106c9c6cec2f51ei13n5,0,0.05005020275712013
6,5bbc8f66464ec2d962b0360d1d74bf67imj47,0,0.05559936538338661
6,3733f7ea492eef1f69f98593d2122c50xwcha,0,0.06596836447715759
6,7f86c3c417ae1db5bea10bf9d0a7827ct3ni4,0,0.925341784954071
6,e1b1c514e1b87826fd045588f1f3881707cyy,0,0.05502007529139519
6,ca0c049b8c37c99ef93b6086e9947135onppq,0,0.04888221621513367
6,79c18f0460f9bd86bcfb25da96d91490jfuxv,0,0.05550140142440796
6,7eb6a5ffc5e8471efad7cdc8927daf677qcf8,0,0.8381078243255615
6,e1fb642deec7b382433de94983d97681o14ko,0,0.10720625519752502
6,bf80bec9b4a8d29c494f8545f2a4be4eji6qj,0,0.9452484250068665
6,5b45b150b6b683a98b5bc19c4214f44cvzru7,0,0.05750918388366699
6,3835e3bbf9a17a33867860a9ba19621dp4wdc,0,0.050056472420692444
6,37921a9d842612b3b0281f7098d0002539xrj,0,0.060328949242830276
6,2a5726bd00709641cc54a8ab5422cde3uchoe,0,0.060083359479904175
6,a4c40fd7a4c1040283fb2b84611eaad240849,0,0.9403213858604431
6,4c2699de8bc9516b09c5e5c8bae6d6c6xiry9,0,0.05233195424079895
6,1c66f261724506bee45dd18a4d221bfeh1687,0,0.057877473533153534
6,64885ec89a54c64598b2d196e1fe2e351cd60,0,0.06206197291612625
6,9211adb9cc770c78a70b55441acd146bfxnz2,0,0.05023802071809769
6,6533b670e02ccf583288ba7c8f5fb1carmirt,1,0.9525357484817505
6,45927dd51fb4301c459ab96d48f64752q0o9e,0,0.05763615295290947
6,b7efeea5ff94a281635ca2f0f7e8b3ca4zykk,0,0.05346349999308586
6,e5fd2ebbf5bac9ddc73ce524e1b33c3akti0q,0,0.05751972272992134
6,3b947f8c954acf4354d2c3bdcd494fb0x54ee,0,0.0557657852768898
6,c0d065cc8cb585f027143f2ebc6b49f01g1wr,0,0.221208393573761
6,5e8bf58291656ddd5fd2f71825565446aiopv,0,0.9172359704971313
6,20a2d48ac3400228e7a0296aaa596a0fvckdc,0,0.06230529025197029
6,9be87a4f123366660d7f6d40ffa493a8ffpsj,0,0.061238233000040054
6,662b66b1227816c2f9017cadbc148381alne2,0,0.05787491798400879
6,8f6f7baf33fe2a5206ed3ca88446a99bmq453,0,0.9482200741767883
6,061690ceb6004807b7906968bf382dfcbve7y,1,0.9530476331710815
6,96caf14832aa8be04d98aa481b320392kb2gc,0,0.09387221187353134
6,a3910fbd35b7a0c383c9805eafda616fra4xo,0,0.07904832065105438
6,d4a84bdffb9543626fdd42c879343ce26ds4l,0,0.05535896494984627
6,8bf04b0a219c7834b25057c0220b4d0dhwdsg,0,0.05567331239581108
6,790c497536a2a9fe080c3b2ee6d5eeb9caiv8,0,0.06041887030005455
6,445305769cbfccafc89ff5ebd004598einesy,0,0.13655970990657806
6,6767cffbe2c0957492aa451560655be3hjd6s,0,0.9506641030311584
6,0e8212e286ee36da8945c2480e366417xa22x,0,0.05673710256814957
6,b725a638efd8d51f66ae2f22ce1df678p9es7,0,0.062434326857328415
6,8cba56e5e7c2be942ea8472b73f0842fil1x0,0,0.05455268919467926
6,953879d32e39e014cf8ce73daa2547cb2ke8t,0,0.3513268828392029
6,1ac788675f70655e71a013892d701e901kj13,0,0.05828460678458214
6,e4a9bdad09ebc5d5a264723855fcaaad6q52x,0,0.15554273128509521
6,796961698c2f2442e73c5195062370caawzzo,0,0.06643989682197571
6,d0b096df6b5ffd2efe8d5cfad4a24912zs3dd,0,0.05384334921836853
6,222a0e05442fec0af2d20ebdcafe4b28c2pi4,0,0.055734649300575256
6,6db047b1bdd342c09ecf9f5eecccaa4fy5l0q,0,0.8181318044662476
6,163097c029285c7eefa2d60e474d65b4ap2l0,0,0.05283934623003006
6,99bfa04865566ca88573ebfd3c7fb1f2c64cr,0,0.06039553880691528
6,4b3e6a8a52c413a32f76a6d7a84a54bb8gb0t,0,0.056502360850572586
6,2eaf4eef52d5b17615d08bf77386fa42yotej,0,0.9519202709197998
6,fe4906ac4c8e2db5ed5a71e8a9d10080u6g7o,0,0.06953185051679611
6,d4d4b36ea722e5b939e51e34953004c4t671f,0,0.05828329175710678
6,055eb52087e0080b8ebca74be4f823f5c819l,0,0.06417710334062576
6,2db8669a6d21a5c8197d4287ea32b7883gv5r,0,0.06935441493988037
6,429f301119adc32d35541dd4d60903563s7nr,0,0.06037361919879913
6,9d98d3f00a0c0bddf35470b0fb735fcdhiriy,0,0.9509631991386414
6,54e279a4e162af7fc55d640aa62d0cbc9hxil,0,0.9277603626251221
6,4882587d42b3d7d8d7bec4315203f10bl2fts,0,0.060358285903930664
6,34cc283e180fcd4902ef8758714c6d83th4nf,0,0.061535485088825226
6,cc78aba7eb8293a1d70f083bd747fa1450906,0,0.06289184838533401
6,6f7043cde57060a6766b551df5fa6fd9p3ojp,0,0.05802612751722336
6,ac94684646bc6f708dcf4566f41ec05es9v44,0,0.06336107105016708
6,3128932859bba46f57cdd19579c42e05lif6h,0,0.047687407582998276
6,d2704c8bb6ebbf13e08f37131382b126wy4yc,1,0.5762425065040588
6,18b5e850a1c10e681cb5fae0704a699018x6f,0,0.0609879307448864
6,ae6758a627a111f6d6b530b0154c429566o4k,1,0.4939749836921692
6,3bc8edfa1995a99110b957ee98fb5c76nkl7t,0,0.9382349848747253
6,403640a20dbd2c4bf554e558de137deckn70o,0,0.05604080855846405
6,fa6b4da229eb64b4d44e7d5ee2b027f1j1whx,0,0.06229371204972267
6,49c3957287d24e69713e4355933b74baoijix,0,0.05758640542626381
6,612d24dde60a1b42873ab7b50944c6dad3dcb,0,0.05177117511630058
6,313bb0007cbdd82f326d58c96847294c9hz4k,0,0.05980615317821503
6,3e85a43950c71b1988a814682abd4392yakvp,0,0.6701053380966187
6,f0567f6d45c0f83b9874681fe8dfe0ba6hjlf,0,0.6574609875679016
6,a4734769962126673e975a627e930b5fgc79n,0,0.049109797924757004
6,86a3a9861ed45158e964f9d004a224b3324cl,0,0.05048932880163193
6,90eb8151eb82441b084d04893151619837abp,0,0.0566520020365715
6,b79560ebfed7c8cbcfb97475812e0836twsnm,0,0.05578127130866051
6,cb6ea552ab5b90e2d0572148426ca275d1zzj,0,0.06304953247308731
6,2d9579812895729581ce269ea17462197jxvy,1,0.9457799196243286
6,d9ffd2f7f3cc1a546586701c2a6fbda24u9ye,0,0.948652982711792
6,c89ad997f646e388fe375d7fe33a3727dzrh0,0,0.04828685522079468
6,e561791343f3564a6fc612a98b5f3df34rxok,0,0.06223341450095177
6,06b2d71c26ef3b6e29277f761cd0db90wuwjo,0,0.08150274306535721
6,eea590b4da2709c294e8db490f5997eadyc1e,0,0.054725904017686844
6,f73eb6e2e7a872f97c715ccdcddac77am8bq5,0,0.5188322067260742
6,2b044b4b7949b96e38084e59b5d1d328jib5o,0,0.34100842475891113
6,414af5edf09c473bde75644b76a68e7feesrw,0,0.5069062113761902
6,3312b8e73417810a88be459d75fe9bc2xhd8v,0,0.053562406450510025
6,14bcf558addd6e6f2818ab2bda7dc679jqoon,0,0.051923319697380066
6,0af208c4fc46ef9236052ff495016326zxoqf,0,0.05496259778738022
6,44c38c27b9de757c8c7c05cf07b7e3eb14qpt,0,0.0741085335612297
6,a6d6f3f5034886fc00a1245b439de13a66ha4,0,0.05300755798816681
6,8251041848182e6468c8119905a177dekmshg,0,0.23219594359397888
6,9ba7cbcf531c20ef7cc55a6da5c0654evwt1d,0,0.584926962852478
6,3e2e03a4464642627e223fba066182d1qslv5,0,0.06816999614238739
6,c4d42d0beefe49d6157c546a2504f4db86hvd,0,0.05071396380662918
6,497b8beb19a7f674bc53acf7f5c7ec8cxv68x,0,0.05556147173047066
6,669c6a0e8aabbf0647e8ee6e150c47b18a4pu,1,0.951549768447876
6,a2933e33896035761240ef5a62477779jf7ny,0,0.9508881568908691
6,05ae7ea9549ae298bbbc8002b4229392e0ilf,0,0.05937287211418152
6,a5fb60c136b7e0a6d0d6e27cadb2a797225r6,0,0.06547977030277252
6,85ac49e7f93bf0e20323de78362bb4aadnwia,0,0.05161729454994202
6,b34fe965c04012fd22123ed948257184pqvfg,1,0.9526460766792297
6,23f9a0e1492c4abf375823266ddbe36bzukj3,0,0.054914459586143494
6,de3bbaaa3bbc1fd1f751d23a972916d80q8e6,0,0.3033280074596405
6,8af01eeb860c2e6b1512377f28953110ml638,0,0.3354995846748352
6,99ca795998fb781a42d85f1abeb50482yzffz,0,0.9480196833610535
6,e6f73230e0fff1d9a6b1b8a6617002ea9owig,0,0.05111413449048996
6,a32cce991a2f597f6e5a02605119f99b1dyq1,0,0.05583404004573822
6,0817731a4d2e319f6f771da3f522b8bfv6njs,0,0.9520126581192017
6,85499f83c5f1674c87d0fe77838c4da793u8y,0,0.20513752102851868
6,dd76fa7a75bd0e1921f71d255a8e0853l4lbi,0,0.05466494709253311
6,bfc7a0819397d910db7c24eaba1ed4c68dwiq,0,0.055309001356363297
6,40829191b83242ef1f380f90876cdd74mrqe1,0,0.07063214480876923
6,2635d404f4943f3dbee24aa16a2953c723iwd,0,0.05389193445444107
6,8215dac41ad35a074c93bfcfbc0f908chlo5n,0,0.049080923199653625
6,39a5a16e5a67c2fb51789cea4d3091f0mv996,0,0.05985350161790848
6,fe6ed3a12fbbf5da4980337564361710v2y21,0,0.7652639746665955
6,fb81da0790d821a22617d748d0226540ylrj6,0,0.7722955346107483
6,3550d62e04bd3a1239eedbc29d9c970279b1v,0,0.04981112480163574
6,14d4e04d7ed150613974438a4dfd4e85dybq3,0,0.6608422994613647
6,ab0b0de534bad49af05faa626b88389cmjj8e,0,0.05036903917789459
6,f12120e467869d3d5dbf7c7d0566a8e7bmmhk,0,0.05412089452147484
6,4ac31aea605d17045ceedbce23eed239omved,0,0.06638327986001968
6,9e25bd3696b4e1775de205d2d4698a0df4s14,0,0.2948015034198761
6,c2f592fbdc8980229367e1db4d0f7a51my54g,0,0.19602139294147491
6,9d1506d6779356dda24ed87d41f3be39yn1rc,0,0.05808960273861885
6,36e2e2f32a3872d3e958c0a58ee79bd129xdy,0,0.05418089032173157
6,c7c854748038ddf37b8a9c4f5a28073fsut8p,0,0.054711535573005676
6,673650167f432c009e9dcd062cd4e9fc2szln,0,0.048531439155340195
6,d6517684989560cbb0da1fb2f5bbba9b9y2st,0,0.6603893637657166
6,332484ddd66b9a3db89ee68f08b1288amq90u,0,0.04908197373151779
6,28b4c35bd90c81ca959da328806469d493mvj,0,0.07769758999347687
6,ed5ee107143980558fae26c1b5c7b81a82spj,0,0.05567401647567749
6,2b19566f190ff3b8a85884e03c64fb56ir8a8,0,0.06060222163796425
6,bcbd5c95680cab78cf904fb936dd03f86g19z,0,0.06987990438938141
6,3a32eb1c6dcc818e0df4953e978f2e89ljhnf,0,0.05779412388801575
6,c08ae3075278ed0d139f00ead52ac2b0oy8nw,0,0.054871946573257446
6,49eaad86d095aa5af75ce34e59e4b7f1mmf9q,0,0.05258218199014664
6,f01e3769fdce36d31eae85525827ab17xeu31,0,0.051883287727832794
6,b0973e698b12fe51ec2f259d924c6098rasmy,0,0.053150735795497894
6,a7c910e7c7796d979aa9a7a31d74a8eaqsapx,0,0.06930683553218842
6,1df1dab2eb718c3da3f9a0aa90b93651sxqzo,0,0.05905267968773842
6,a48837ccd05bca96ddbf02c55ecccf639adk2,0,0.05275048315525055
6,c5120d10a23eb0c10d56a19fecbf9da85t4ow,0,0.056670404970645905
6,465c4f2ad08cc1e5f7a5e1e3ac75654ealh0g,0,0.05602407827973366
6,af14436f293c40a9904d9f06a323215bf7zdr,0,0.06292351335287094
6,f4294bb3abb69fa3183e7e851b58b278k83z3,0,0.06341572850942612
6,cc4763c97c3d7cc9116e0a51a6d1f2e82242i,0,0.05207065865397453
6,470a0e402bb9cb4d48c2a450d2043e87flc2m,0,0.05772062763571739
6,67d6466d7f4a32d294196b8c16ee0b03kn9tf,0,0.06356628984212875
6,f0fd9f1b3fc9ff10c2642b3bf81946e2rsq48,0,0.046363137662410736
6,8e0462410d727b34290fec10fd5661761yc8u,0,0.2939701974391937
6,cad9c97e99bd5753be98edd9ad8ec8c8c7r66,1,0.9520543217658997
6,ba266f4898bf572447ad65856b362595yjt2a,0,0.10457004606723785
6,2b429b9235bab2877cd93ac6d9fbc2d7tzwre,0,0.8517172932624817
6,80d8e3bfc8a2ecbf22614befbdaacf5fo6o5o,0,0.07655627280473709
6,1e13eba969b6b953688c9e945544ac4741ilj,0,0.055469609797000885
6,9a5fb8e2e5add29b006d789e4cfd1513paga5,0,0.07903262972831726
6,47183c1427a3cee97ff9bd167844e65d9dzi2,0,0.04909754917025566
6,6362c8d61774cfcb6ada7cea1be63678hxkfz,1,0.6714067459106445
6,8c33cf751b05ca6a9d886a379a84a2ees9jlu,1,0.918319582939148
6,a447127835855849fa2ee496d05e0847fgt68,0,0.7254248261451721
6,adc548d88b9a307ce0b58a0d11d3ae14gcfon,0,0.06441130489110947
6,a96039c7cfb1d040ca978ec5e66ee2c0sb5ht,0,0.05329662188887596
6,3318a824cfbd3d3d177ab7e9520b21cbsrcgr,0,0.05322142690420151
6,b258a38ef4cc6ea241b5473ee9badd32ekhoy,0,0.07243162393569946
6,daef74294e84ef6d7e009c2d51be6ee167xds,0,0.05194556713104248
6,4997f0d7074a1d9f8bedf5575b6a4372w7nro,0,0.0596466138958931
6,bf6f2ca50a3a6a3113681e754307aa4ehnd5j,0,0.05966031551361084
6,6a31ec9cbfe23a9398e80403859f0402cg4ql,0,0.05597871169447899
6,989e8e68621a43af5a8d061aa91bd9bfshy7d,0,0.07374861091375351
6,a46025d61131de18474aa6f167e04bf08w9x6,0,0.8869060277938843
6,c58ffa073b3b3deb4e993ee5dd05347cmvfur,0,0.053443875163793564
6,898419c2d011d5a822e9ee07c387098ezpc12,0,0.058930203318595886
6,372bf02911448b7f62cc861074a7ac81y0jsn,0,0.06404803693294525
6,8a4fc219f01e1fe6d4328b0a47fc54905iv05,1,0.07600715756416321
6,bdeb5eed17a812d2c47176e30b8553ae2k06g,0,0.06450536102056503
6,60edf674563f85b227898f6af0386476efy45,0,0.05993732064962387
6,f8f87e237833c3279a953b785653b0e5qka8u,0,0.3166435956954956
6,2f9a7b01fcce94499a59aebfac98fe1ezsk1y,0,0.051308128982782364
6,7a9519ae09e328b09d18473f96ef075fzrs1v,0,0.06177831068634987
6,7639039411fbcc6cf1013b247b2622a72g0r9,0,0.052998535335063934
6,5c2e85ba72b9e9e16f77939fee7ffb5eivaqe,0,0.05583811178803444
6,9197b6590c6dceabd88ec93157fcc31fgb8a4,0,0.05089518055319786
6,900284c412387e0bb2dc2aa5ce42dbb9th70g,0,0.06340264528989792
6,3c37de5e4321388ba706233d5ca4a0bfp7w67,0,0.0612519197165966
6,9df0031595e4105e4530ceee1a08faf319vvb,0,0.06413667649030685
6,36473d4c641c4c09c20c80e2ab35a36dwzp5d,0,0.057791225612163544
6,25f1a9c0c83eefedfc2c1589e763c2a3is1qy,0,0.07330171763896942
6,68d0de6b2b019e4f93fe89ef3c9d3e21zajj9,0,0.6380863785743713
6,4579226b86f3ca5b5ea1597efabae4c42j4rw,0,0.06278930604457855
6,59d96b423ea3ed56611686300b681f3defm4n,0,0.05228712782263756
6,e4433ef42008dcff761f12b9ade6fd31krdwv,0,0.05479627475142479
6,e833712b1e29ffe74517e2dadcb4f2d1pt5t3,0,0.597242534160614
6,82f1ba4809f4812629e9e53ea4c687d7begx4,0,0.06466353684663773
6,25f59f9da43b6806aaa125fa61974591sacso,0,0.05629170686006546
6,f781d7cab96d95bcea507cdd43b24255pw0dv,0,0.9242402911186218
6,c349d767ddda78ed58a3c5769e780598ar3ei,0,0.07723445445299149
6,7291b7fba1b597d66bb8efd45fd0d354q71ka,0,0.06008768454194069
6,cab7ecf98fd0489389a3a8d3961defb3k66og,0,0.05660037323832512
6,6f6e3687f67272b103351641b678225abarzw,0,0.0593278594315052
6,2e33b1ee8a9d4a5cc5f886ca455e8f86kxu5r,0,0.05170665308833122
6,dc4efb7e05563288d1f2ac4ca65c6734017ql,0,0.05866257846355438
6,ee45b2475e453e69ce712388959fe4acspmvk,0,0.07171332836151123
6,ff92ea4abd33ed38601287f0e1d6726dmgx1f,0,0.9439043402671814
6,46a28eaed47c29b4fd148a50cde44840u0bsn,1,0.7260674834251404
6,d810a7956e4d9fbc246d585ce84e8ea0750b2,0,0.05523959919810295
6,cf18f6766fadce944ee74796489c23acmqhpe,0,0.059122201055288315
6,64abb8a286b2be97349e8b17abcce6d9rygza,0,0.05748685449361801
6,f23ebc71f2d8d820db2bf0576ee7e148cxvkp,0,0.05671490356326103
6,9372e27ce85a8c8b9460b87c37cf55ecqjjkd,0,0.06937333196401596
6,d7eefaad31febe607c252199a7672420kl1el,1,0.9506863355636597
6,4c341a39553faef07ddb917ea4e069ed0yi3y,0,0.05048196762800217
6,bf65e77ce8676fbab6fc78b70c50f05a8da8a,0,0.949141263961792
6,e134f2bb79d1a810aada6a24760c8910mh5na,0,0.12794220447540283
6,eeda0d135495167db9425fc5fa3a5e3ex2zel,0,0.0766424909234047
6,5c2d250afe88df6e4ca3ff08d991eb67s5erh,0,0.05543754622340202
6,fa6bfb4a2156dc8e73a713cdab85bc4bmcmwr,0,0.0612969771027565
6,531d4a209ec0cf76c9337b42fb1c3d9c9tcuv,0,0.0608365572988987
6,ec86220eb6ce57c91a02a7356b342599jrcut,0,0.050258569419384
6,d4b2fd8f5e8e02b660e9803cbcfa6cf2t5szq,0,0.8828884363174438
6,721e69fd30e33488bf82b7e2f9c8cee28a9ea,0,0.052629828453063965
6,72b21fb7cd32b1a65bed8a12eb94a8b7qa7rl,0,0.06034610792994499
6,715ee2811c764d5c58aa228ee801e518gqvli,0,0.05022142454981804
6,466ebf78d7326a38db1e19fdc1c70e9b1qu0z,0,0.06492044776678085
6,29013ddeb60a18f7d3bf9f3aaaebae6c8651o,0,0.7426857948303223
6,2271fe5b01f9b8f9d8409014ae4511524grmq,0,0.9164889454841614
6,aa1c013a1de168c611560ca2afe78111g8i6s,0,0.8862728476524353
6,4038ae3276c0b47f420a5d73687fb73bghgxf,0,0.8909489512443542
6,437c191e614776c1535305f602ea9033sdfmf,0,0.05837808921933174
6,76ab7c99de4a3141bf617bf30bec9feep3zuy,0,0.06317346543073654
6,a124589b3af5a212406c0306584a9554fazi4,0,0.05517210066318512
6,faaa98763b59ed5f02836d4bd682035bfhujq,0,0.06260912120342255
6,c8cf68aa6abce25325dfdad4a98fd890ap57f,0,0.056502360850572586
6,8b4bcc98fa4666b22c7a17c9a4b93ebenlmlb,0,0.05708394572138786
6,20fcf71ad6fbd43f6f5fe493a6bc3ecfextqf,0,0.05672110617160797
6,0a09adcd35b5f26d75f251006affc747drfu4,0,0.06491678208112717
6,ae29b39843141a73b39ada671ce6b6c0yxlb6,0,0.05523711442947388
6,e61c14d66cd5693d93cb0356d7f444ebinx9i,0,0.9227545261383057
6,f428427d7227ddcda377cd00f07749576c6b3,0,0.07824449986219406
6,98aa09a7ca13559a9e2a43fa2ba4d2b7klwin,0,0.05191287398338318
6,16065749457a14b26998fefca503c3ecf9og8,0,0.05278830602765083
6,db12e9cad5e847cd7a40ec1ee649e475iwzqo,0,0.056502360850572586
6,9d33ed2efcfaddba0307d12142f3041ce731l,0,0.049604400992393494
6,95ff2833eef5999a4f3ba4a7684d2b26a6v9j,0,0.05459143593907356
6,24a9abf72cedcb421e831c1be26607e37zojy,0,0.055101051926612854
6,bef84146ac1e2f21e928e06ede1404793bfnx,0,0.05698117986321449
6,cd8f738dfa2ea0554baa3dfc4465cdb8izun1,0,0.5317081809043884
6,f75a0f726d764514f612ee8cd8f65adegt02s,0,0.8961986303329468
6,572c9964ca41ed055830845993fdab29p4f03,0,0.1220194399356842
6,cbe8d224a38ccff930674361b502e7beyuf1k,0,0.0598110631108284
6,5201935b289665a197e38f747882948fjt867,0,0.06123872473835945
6,fe27fe0815883aa3e1a312f0dcb45981txa2m,0,0.7934296727180481
6,1ea558fc18eb1b3ed7759a3aed7662d3p77wq,0,0.07297683507204056
6,7ffd9b7b795d9335153d481fba4b3076plrxc,0,0.05921865627169609
6,da950a556200395a82e23e3bbfe1abb6xs258,0,0.05564741790294647
6,7e8650379cbcb3ef8f7f6aefcd678067kzbdi,0,0.05597350746393204
6,74149197c8684977e397ab60a6a264836b0lv,0,0.06058649346232414
6,55d9cdc3af85efe87b2a6f22a2cea96ezy2ax,0,0.05727413296699524
6,25a4ee3a528004bcf4f4bf62b9208a7dx96pt,0,0.9276371598243713
6,40fafe756c4695b32df7d19d4c710dabvzr79,0,0.056502360850572586
6,92a63dbb8323426833b944a4fc196fe27pzha,0,0.05492864176630974
6,d144312f2f68dc33a63b7863911b2aa459i99,0,0.11288328468799591
6,af33d5277890ef0b5f55fbbf400441c9hdehk,0,0.05221743881702423
6,81392b54fee8e50ec74efb27cf0de8e32fdm5,0,0.06266216933727264
6,1d4eaaacb6127c43c1c007331cac135bpib3m,0,0.06004898622632027
6,036a4050a5dd65e70f0f613ec2e38a74re026,0,0.07557494938373566
6,e76057d8bcdbb3d2f935c30849a17e4d7ordt,0,0.05073772743344307
6,00cc97158e6f4cb8eac3c0075918b7ffi5k8o,0,0.05534652993083
6,110d2e689da119388dcb6e235749b787ni298,0,0.07185306400060654
6,308def7f05575db9bcb6a67207d6c1beb2cqt,0,0.04807575047016144
6,fff2c070d8200e0a09150bd81452ce29ngcnv,0,0.061174772679805756
6,d110111b8700f290b5d03a0e243fe375r3woe,0,0.051720354706048965
6,069d251f2fc19102924468ab38349d5eou7ab,0,0.051266174763441086
6,44bc1c87245aac66d176620f6ac9611ddbcil,0,0.05771687626838684
6,d588f4c51e67a340d1991a8130ee0b56hy0r0,0,0.872488260269165
6,762046a235e00ec6521ba71aaa1450c28ijkz,0,0.9511116743087769
6,90953913d629a03e27590d0d0f64456601ktd,0,0.0529518648982048
6,eeb7e43d894af9161f84692f2bf9570fdryzr,0,0.07296788692474365
6,a46046f129f3526547aca680877fd8c7e6tfc,0,0.06920909136533737
6,74582963d3774699f4215df7f2d17c1b6b4pn,0,0.062325239181518555
6,a6230fdfd4879433e36a76d53440f426c7a7a,0,0.08404430001974106
6,c843f90bae7231af13dd0e064a469704drz2x,0,0.052858684211969376
6,77b7daafef906aa3f941992bcf94dd69zxk2p,0,0.05328124761581421
6,6c6c3559c5f656c71348f7cadf29bb12okgl1,0,0.05980631709098816
6,c780bc2dc7ab83d5e5c85dd13f0f7fdecfxjq,1,0.6333749294281006
6,4ef4b3e5727dc85f18aaf00ff9a1e936qyhp6,1,0.9457162618637085
6,437ac1b8d08c3b328924aad097a3dcdey2m1k,0,0.16166304051876068
6,3b8320619393a6f6bf12219b61cda688k4w4e,0,0.05453568696975708
6,04636b6c61c80f5325efe61183e8edb01ko20,0,0.05683932080864906
6,c65d2236a70982d628454d19472ce26eltxgf,0,0.07147232443094254
6,d381ce07afba12851a815cdf8858c1c7g2pfh,0,0.8272033333778381
6,8d500e174fc28d494482f8ccb9438608zd51s,0,0.06409604102373123
6,caa74df2086d71caf6c1b2b9c81d3d98xhpv9,0,0.05099974945187569
6,f2f10539ed947e4b141b2e9bf21af65ecz4f7,1,0.9523455500602722
6,6a3b1ee159716b743ddb8e07e499fadbhqn74,0,0.06650863587856293
6,8254276e772450c5365707cde76efa4cwuzpd,0,0.0614839605987072
6,f0ce8b973cb8d6eef9221fd3d6698fd4kl3g7,0,0.05617058649659157
6,d2f0217aa734f025ec008d24d13eca10ntuhf,0,0.0614437535405159
6,4f7331589f84c6359bd693513bc9d7ddlitos,0,0.07409887760877609
6,3f977186d125ef8bcbee0c1562c7ced2b4utq,0,0.05788587033748627
6,49f4481b6bc2255e745ef20ac2a720754r9mp,0,0.06322689354419708
6,cad151bdf2e29b764dfd3acac022e5dcy8n83,0,0.06616460531949997
6,7959bd565852dd880cd31278fab3660fuaqyw,0,0.06745719909667969
6,9e9047df09026ed5a5a3a86403811159u5yja,0,0.053082410246133804
6,caf32bc98f84a47829e76ffe104371f6kphvc,0,0.6505468487739563
6,9a272c3baede0633bab0e15ff98d207e3ldpv,0,0.07619571685791016
6,c670e7fb466b09000f1053d2761752268bkfm,1,0.9495043754577637
6,77b342f0d8769898619a935e267eaad25rubb,0,0.055340223014354706
6,9dc039dc57fd67bd9e7157f4f697ae7eloov1,0,0.9346639513969421
6,a58ace8b671a7531c88814bc86b2a34cf0crb,0,0.6663192510604858
6,f4189a40cc622eaef015a19d75d9fe21mylhz,0,0.05762189254164696
6,1a5d7993b43386f64fcf4b84e7b183a6ref21,0,0.9443246722221375
6,780566278695c3771f81afc605abdffa4143q,0,0.060731373727321625
6,01f498a0992d280de63ec346692efb2blckg2,0,0.08290622383356094
6,7505bfc1ca67a5ae14e329b46a88ab869ms9g,1,0.9457118511199951
6,2d38a6af2ce96c1446f900aa4756b8975y9k3,0,0.07065228372812271
6,69333c66e55cdd6cabcc6ae64531fc33w20n4,0,0.053134068846702576
6,4fcdd880c4e1a1767c4d26f74bb3466f11osj,0,0.056502360850572586
6,e9f928411213f44502e4942a29553ab1tbqgu,0,0.05998833850026131
6,622a477170c3e2215b7e3cdb06db93aezz6t7,0,0.868430495262146
6,65f52b46edfc7fa64b9e74557a78e52c1it54,0,0.05829373747110367
6,ddc6dc00f416ce10f23b57ebf758c2eeawzjw,0,0.053545862436294556
6,08a588ebf7b98f44f8fc695d02adfa25x0amy,0,0.05575275048613548
6,786cb68d5d2012dedaf70257449090f2hfb88,0,0.05647914484143257
6,43bd7fe0ed7629fa774a461127a629f19je0a,0,0.048989880830049515
6,424b638423f4862b2a84f22ec25fa22eb2c8p,0,0.07710453122854233
6,1b7c070ffb2c23c1d02ae5bc5d817d06qz4xb,0,0.05554626137018204
6,385325103b3eb54b0b974523fb7a13e02go5s,0,0.05221645161509514
6,84f06d2c69695fe24cd69f8a1aae21a7kozbn,0,0.05489707738161087
6,e5736d7f8082d7d7fee8430c0e2279bcdmt2a,0,0.0736822560429573
6,c17c63af831939f5e2fd12f65821db65umonm,0,0.9470674991607666
6,15f34e73687d7361ac0d780737fca261g2s9n,0,0.24268434941768646
6,53e2d855e008a5c2f79b4b848d467b86nofo3,0,0.062358174473047256
6,4070f6ad5da385ba11cc99183817eb20h69v1,0,0.057011138647794724
6,d2b8a15ae403dabc5aa752b205181dbe1lm57,0,0.05838819593191147
7,624f258b49e77713fc34034560f93fb3hu3jo,0,0.057067591696977615
7,7eaefc97fbf6af12e930528151f86eb91bafh,0,0.05981302261352539
7,25558d24bca82beef0f9db4ba1fe2045ynnvq,0,0.05385168641805649
7,d91a4421996dcf429f575e372915cdcedae6g,0,0.6330621838569641
7,880f542a275df1251612886d408b32e8m96cp,0,0.05405706912279129
7,d6d3daba4bea632d7f5a4e2c5146f109dkd4m,0,0.06121949106454849
7,2a7d1f9483d34546c4d099e36e3a79790qvjm,0,0.4560396075248718
7,d36857d18a397e7e24d05dcbef3b919ftjstv,0,0.05505282059311867
7,c62bac5be6489bc0e0a7834a11167171c8ww3,0,0.05505961924791336
7,98783b6bd490f32f56c315307643c824nimw1,0,0.05659789219498634
7,342f22fed8b1e90c6ff1a6b7bd80f6334w094,0,0.05923820659518242
7,608d9b68afb12c6c27da6c6565ffe8297wvco,0,0.05986754596233368
7,5f50c6187a179e2ee7ba2fbcfc845c7a1smgr,0,0.05063863843679428
7,aabc211b4cf4d29e4ac7e7e361371622pockb,1,0.9524857997894287
7,e97becf0d4632035ad4cd5e65c827d6f0xawy,0,0.05663839727640152
7,848d3eaa622b26fe57d352eedd9649f4v6obv,0,0.0549907423555851
7,e98d8f348b266653b6784329782fd2e91vu3h,0,0.07206033170223236
7,68d468e15e0de0bab9694cdca8e799eb2j8kn,1,0.96043860912323
7,72bc07c7241e1856ba31609d11501c91cswlb,0,0.059795137494802475
7,d738b259ec6e6af625d1f41abcfd63e9e53tx,0,0.051391202956438065
7,4dd2a50e589cde2802c4bab143dea61ak517w,0,0.0555085651576519
7,91dcfc10da696a6d90966ff795751708er5fp,0,0.9101413488388062
7,e78cb9678684d649453cd5e1e46baf462lq87,0,0.0601213313639164
7,af98b7d5a7c1ccd2968252a2fb1c06f69igbv,0,0.05733220651745796
7,8e1f8e5907b3cc256a2a57ae9ac81e063gbz4,0,0.05859054997563362
7,f769b9f92260ecf046efd05bf9ab6822j7c02,0,0.05932784453034401
7,4c4431ec9b6e683bdc5a3118d5140105r1nas,0,0.05970100313425064
7,7cb144485c703ac09fc73aa646041f72ogqwv,0,0.05662018433213234
7,577af9ccdc29dcacbbce0f36b7c1ff15btljp,0,0.059894029051065445
7,28c0d4c81a22958352aa742f7d74e477qwo51,0,0.05654743313789368
7,0e66933c924764a59760aaae5368e7d1e0s88,0,0.05447018891572952
7,48117c1e2b56cfc8739f83683e01d9b2aoc66,0,0.05451072379946709
7,6086425310e05e77a53317490e8c1f3cxzf2r,0,0.9073153138160706
7,d65efaa8129a85f85bf909e5abde8c3628gfv,0,0.5772984027862549
7,d5f997729fd5a0aa13307e027804de515jziv,0,0.4795508086681366
7,3edae72a9d44c43524c0203ce38581d1790xh,0,0.06010327860713005
7,2e3b450b727fe3e888c85d52251fd33ffoi4b,0,0.05350901931524277
7,8d43ad48f315364be4d979d2e9d5ee67quqyi,0,0.06816376745700836
7,22fb740f267ac617118261b2fd3365batisfg,0,0.054103102535009384
7,961ab8cb7952191816db53f8a11a35fe1zecm,0,0.05523031949996948
7,3be127c56b2de21dfcf2836f20afe249hqkxy,0,0.05523926392197609
7,2c31770e98fc9fc7e0f1fee6207b5600c0e10,0,0.9407386779785156
7,e613acb1029ecafd9792c9f75d468e4bmm9zn,0,0.059315722435712814
7,cf22da37578048d2e51eca1e544c693cke5t3,0,0.9057947993278503
7,f63ed13362ce1c80970ba28a095c2bc5kfgmr,0,0.05405939370393753
7,c48fd9c589f273945bad5f0cea5993ba2fet4,0,0.9511355757713318
7,1af4685cda2979a608c4b6ad83473774qgicn,1,0.5077908635139465
7,068450aafae2a6e390e35925d964290cdliqf,0,0.06017252057790756
7,eaac863aaf84acb7529462118e7953c3oeky6,0,0.05465097352862358
7,ea0e5f7d93f2220a62bde8067f26daaa7oxgf,0,0.051951393485069275
7,8ec8add138ed551bd5a9175eae0cb972ie0pk,0,0.050221070647239685
7,e561facfea467ea124df0111e041287ctvgwn,0,0.059696014970541
7,ef9ce9b85309d7d1044ce57055705bae8pqlg,0,0.08441165834665298
7,3a5420301c0dacbc5675f6f09aac0143tuodl,0,0.7339650392532349
7,c76f30b8330b6d14fb872b30fcfd9d57phbsf,0,0.12961040437221527
7,908ce7060337fd8550760a100921f6f7wsemn,0,0.05063863843679428
7,08515611e73803dc6d8c562b8514dfb5qi3z9,0,0.07088299840688705
7,b9080651d16e3d6d2d83e1c5debb55b0qpwbv,0,0.060142647475004196
7,c8d972b803b46212369cf1b480328dcehb9jl,0,0.056894995272159576
7,99bcfc00be736e03facf0afeb79ac533cs7tp,0,0.0643332451581955
7,ea57e35acda9a8f8b75f4d9bc049f74d7qx3t,0,0.054194096475839615
7,175a06fdcf622c9455d0a77990b9302dj23ke,0,0.08907359838485718
7,b719671479e7d75b1ba5a5617c95ccad4dkvm,0,0.06008771061897278
7,518e9fb1055de6532ed2df6d03fb78feus5s0,0,0.05826764926314354
7,ea5948061b2059bcbd900d3ae7e86e428ae8g,0,0.05892754718661308
7,5850b68151cf0760e94acb39c4dfa02026k4u,0,0.057506263256073
7,a7454ee6fbb69c4079caf5b5b92574abi6pyh,0,0.059840720146894455
7,e0544483ccbafc4842cba7650677d043n2e5c,0,0.06032611429691315
7,01349288df20199905e719f0ff7ee771nwryj,0,0.05176783725619316
7,d2138bce99f535c244dab68652ccfa2enshxk,0,0.05063863843679428
7,c5dcc8a649adae76ce01a3fa85b68f237ny2r,0,0.05169304832816124
7,c08e5e3325e2f4fea171f24ca018e675we8kj,0,0.05063863843679428
7,3a8124eb9fd3977e43f5e0762d9a09d536rob,0,0.05651114135980606
7,f535b28ad58c83d35ba87fcd46624148zbh6l,0,0.05561885982751846
7,40e00fd204d0ce97110032bfc47f423d0bgrd,1,0.9232827425003052
7,47c5cd21a74e45dd294cdd53041ec0a3dw3ge,0,0.5965439081192017
7,e22528ef6a439aff5a8b19f8c9b07c19fyzs6,0,0.05475964397192001
7,f93a998dc10a4c98f65c6b86fdff651d5i4qh,0,0.05982149392366409
7,e03311c7620a8098b7a177a5f1ad213ernao3,0,0.05187429487705231
7,c9056fc0cade75299ed4438567a87d6ek44pt,0,0.05687835440039635
7,2d82c3dc726d2bfa19c5f16ec3de5023lbse1,0,0.05843270942568779
7,3c0026d48f3d6e10cef6cdb1f708793ccwkhr,0,0.05584946274757385
7,f2bf8c94172c4d71076e151cb4e136007iiur,0,0.0582956001162529
7,f18d2ebbd5e48ef4f1ee412339d6ed7adr9qi,0,0.0560218021273613
7,dcac75b5ccc362a66e7f9112f033bdebchxq4,0,0.055799003690481186
7,5c28b04424e96267711d5af2db62e022tp36c,0,0.5111602544784546
7,9819825acfa7e20c47a78bda5e76b195jh0gd,0,0.9278475046157837
7,9c0cbc0fd8a6c22ae3648801ade080fek6i13,0,0.40921974182128906
7,2e1eb5b56591662fd7ecd7b39621bbcfgd1ks,0,0.06016306206583977
7,4f891171f7b09f54d8b4f30b48421f178m75r,0,0.3241720199584961
7,bd8bd6cae40abb19b81b6b6a7775f63e5tk1s,0,0.05571261793375015
7,5d02346d70f11cd61d9fb955846ee9bdp5o6k,0,0.05853001028299332
7,3fae46174ef1a7dce5e9893775f814c4so8s0,0,0.0601385235786438
7,313ede314e2e05c31471fd6a93f98af713jud,0,0.0545639768242836
7,30ef7862d69b3440ebf2726ee85a0b8397ta7,0,0.056788358837366104
7,f8d0d52114da74d98800dc7553008705dth38,0,0.7485961318016052
7,66513f72be85596a527f9f653db3cb72cq4jg,0,0.5442119836807251
7,01255c2c7c5578c186873422fc00fd7afwk8k,0,0.053596124053001404
7,b46132a554a2a3b93efc5a9352036e6crl6sk,1,0.0752032920718193
7,573cf43253a18821e50dfae941ac287ceymgo,0,0.05650810897350311
7,86b6207b5e87d58ae307bdc1545a101akz0ew,0,0.05826568603515625
7,fb6814db96bbaf61f42270a85f0f62adunxft,0,0.05484692379832268
7,67d245e38ee756947ed395fa099807fchxv99,0,0.057308755815029144
7,200b548999702c10f8f9fdbae9ce60622owzv,0,0.8543357253074646
7,d8d90875fbcf94c3b4c5c00479cbed6e1mqrl,0,0.053324297070503235
7,651402deb28af3e3d1ab9a6b88314b591uuaz,0,0.05477485805749893
7,3073d007a5b42b827cc770ecf4805278xvvzl,0,0.051186997443437576
7,b6a7b5bba132a90e7c7cb350d2bfa52d7sion,0,0.9553337693214417
7,42cce5c657dc7d99911d950cb22fcb4fmzz5e,0,0.05698386952280998
7,61101089c1b34f409fc9b836a7f9cd163y22l,0,0.05452948808670044
7,ce22684df495e376e32ac95d3ceb1164t37l2,0,0.06092287600040436
7,29b8af2fea3881ef61911612372dac41vczqv,0,0.05980806052684784
7,8d8f705595701b921012777a281a553622300,0,0.05612434074282646
7,9f793ee6e6df7f69b5a5acb4e13db0476b26x,0,0.05973281338810921
7,40ef6a4a0c99b478fee1c93f4105b9d9mh9iv,0,0.05971548706293106
7,cb9a75312b809291306c6213ed5dc67dw31qz,0,0.608899712562561
7,40efc98d259ee36a8c2a387ba49f39d0fa39h,0,0.3082980811595917
7,9aca61f505f40a3b4f7865c2d00e2418s0e1f,0,0.6285363435745239
7,156f4a8763e602ef789f8048c6928676a1ily,0,0.06015871465206146
7,dd7292cdbc81ebfb87945d9ab176d679gepf0,0,0.05510857701301575
7,2797fe80977297483e724b8390161c937dh4g,0,0.49057304859161377
7,34a7ce35b13775be4e20930ba2788a3ebu5n0,0,0.059245720505714417
7,f211ff014ed43c9054916f97d6187108mpxr6,0,0.7327019572257996
7,cbe756ce81f5c420a1f7079791ed9aa2js2u7,0,0.06017217040061951
7,0daf4f87eb695e2a84e4156154209e09k6ga5,0,0.060037001967430115
7,c6108e22518279361de99b3c7c298235mkoa9,0,0.053222108632326126
7,80bf6ab93fbb8316efd5c0b42d4b46c83qrdn,0,0.06013847514986992
7,aba1120a5b13cf72c1d52c0dac8aafc67nmoh,0,0.053322695195674896
7,936d73a062928a362901f0e507d57b0a8rjs7,0,0.052997998893260956
7,6393f55c093e04e6e608e1ee8be9c3e28omjd,0,0.056619852781295776
7,80130530788e55de6e9fd515271859d1kgfsd,0,0.05879757180809975
7,5f7767924aa92a8f01b44a7e09f00a4dgqk8e,0,0.05537957325577736
7,9f101e80580cbff55a2307c028408a91nebzc,0,0.9384680986404419
7,a9062f1d7c589bb01ee0b330ee8791fc702il,0,0.23861755430698395
7,9af8e7dbdc3c620c8144d736242b3bd2fdbpx,0,0.053600162267684937
7,420e7aebb49d7ab3c04e109a98e152d7kquiz,0,0.05728626251220703
7,61a4da78a5aa5bebcb3e9818a46771766gtq7,0,0.9557574987411499
7,d2eca28cbe0a3dc69715d719c6958faaaqx95,0,0.08900075405836105
7,84a773b3c9d300834d9d57af5dc83091y54cx,0,0.05831609666347504
7,af5d33f9724b0e8c1f875406c0556d1e6eotm,0,0.8457028865814209
7,52d8066e28f168e5bee769559ead307e1go7e,1,0.8267785906791687
7,03a1e81cb7bcd15014489a6f752c9d5b7pvel,0,0.4478296637535095
7,557f06b312e040ed3cd7dd2a011cb83avyut1,0,0.4085741639137268
7,d4be674fce23aae81c4cb946d4fff8671gxtu,0,0.05189819633960724
7,ae817305e82b580f9ab89f1a379488e39il4q,0,0.2878548204898834
7,c8e474ba549fe924bff9d3f585a9943cg9aju,0,0.059275299310684204
7,1cf0d30e0bf9f4a536b1fe16ecc26cd22j50c,0,0.05974939092993736
7,183c4e44d09bc4ab990b957e765af311vlup7,0,0.05231756716966629
7,84d75f71a61667cd327367453b4c0d2frury9,0,0.05694853141903877
7,e2e14e8e15204b504b146d17a2bed925qg3u2,0,0.05974055454134941
7,0141844fc725a85e38e12cc02fcdbbe8ofqxv,0,0.055150628089904785
7,39802378690e7d0c61d294f5898852b96hsfh,0,0.06011359021067619
7,0c57d8eaa2708b768416ca91dd8daa2cqbl31,0,0.05069975554943085
7,efdf59a8ca81c5d3744f9121ac8fd2c7coy3g,0,0.056755032390356064
7,58c3300ea9095cf5e59e27abf2a905ce7tl6p,0,0.06002599000930786
7,e0df56a5ea8094d070b0130d7178a996noolv,0,0.05645987018942833
7,bd0071b98d9479130e5c053a244fe6f1muj8h,1,0.060149259865283966
7,147164a9fe8a6bce381a224e9f13207cc1mdg,0,0.0611451230943203
7,8acae9b2e5454fbd92fd0b3d79fe89ad6w2wp,0,0.05261081084609032
7,b1c2e7ee5c69722df6233541ad5e784eutiv2,0,0.054288338869810104
7,86e50263881b0d382b55777185eb648aagh1g,0,0.7296702861785889
7,98eed7cbee9b1a1b526a635648e7cd2fhbt5w,0,0.06141681969165802
7,45fe4f0fb849e7195a1efd5495d1285f2culj,0,0.05537216365337372
7,bc3b92a81586cb726cbf4d5b418fee41o20sj,0,0.059723757207393646
7,9b733fcc97535e27037c231858a711adyzvqf,0,0.056278955191373825
7,9db7471a12cc3b8fa3cba86bc00abde2t2wz5,0,0.05255268141627312
7,7c08de9de285265b2c34970139331f9fnr9ad,0,0.07976161688566208
7,f019bd7ec140624144c4a9b40c42bec9jok79,0,0.08124934136867523
7,d3ab33e9314c95d6806813171f292299tmprm,0,0.05921507254242897
7,9a12aa1aa3560062c6f84bd374eb5f7f422vq,0,0.055652935057878494
7,43553dd8b9370fbba5efa6b652d9b43ezsj11,0,0.05482284352183342
7,a15766d8d3d231f862996eb3ec33559735a3d,0,0.05617133900523186
7,cd35a3230456d4a245806e476c63e9a1evu7i,0,0.05970773473381996
7,a40808ec5bd9d0440585286f1658c3b1ag8dt,0,0.05992915481328964
7,5dd3494b46f39f8c8783c25527b64dd8hp8ti,0,0.05983126163482666
7,f7e3635c9a532fb9a60d6eda6eb7c7de3uqs2,0,0.0516723170876503
7,ee5afe7f268aaa88598545df890f4e5fzari6,0,0.05432089418172836
7,0bf6e0e5184b3599bbb4ba1fb3a43549ije34,0,0.059967685490846634
7,3ef757c3d6a272681c69bbd7e071b705yzt8t,0,0.05902831256389618
7,70c6727cc40fdc6f752b28102f31a38b883io,0,0.05363790690898895
7,c1624207d78346c3c58cd44f3d5472fcriae4,0,0.05698256194591522
7,60849c6d966f178808d94543173cb93dog4gt,0,0.05712250620126724
7,b416bf88dedd6ccdbc3a2146524500258qdzz,0,0.05409194901585579
7,97ac4a68e5600c4b7a960d9580d4f251470mc,0,0.053580496460199356
7,54379b25f1f35d9df78da9cd774cef74u5wt9,0,0.05597461760044098
7,5bb3c3ff71ef6560c7600c512128ffc8js7py,0,0.05997719243168831
7,6feec0741a319299c78c47040893399ebas6q,0,0.06944503635168076
7,63c48b70d37dee5fcfb26f94107ba3b94d90p,0,0.051041726022958755
7,f3bb3c26162cfc1b8c3636a7ba126010na3n4,0,0.4515421688556671
7,d092609f5140c62ec64ddd7615c25792qgdrd,0,0.05398842692375183
7,6e848149cabc4434155aacb610fb20de6vq5b,1,0.42618328332901
7,fe19fadb955fee4c5fcd0e30e56e1542kx66p,0,0.22070786356925964
7,24284d3fc3334e0adeb6bb95637ca62d6dm96,0,0.053226571530103683
7,93ab2dedd76c1859885cf724ebcd987c9ngfi,0,0.05592270940542221
7,83a24bbff5a4cf9d9fb10391102708f1oqpco,0,0.05675191804766655
7,8d638f6da12614d6b369249410c3d278n8qme,0,0.06004808470606804
7,d7b66d95bcfba06122dc6f7a3c605fd73239a,0,0.053523026406764984
7,b729f60d26fde89a01f3fa89759d6b07t0ec4,0,0.9046003818511963
7,3ded667003605eb856ed1aa2b82c1732gtma1,0,0.05155295506119728
7,f5edfebe95b4f637d1bcceb892b73dc7rhn7l,0,0.8905332684516907
7,5aeb71cdc92fe5d1c4a4e127d7ca7783gzje9,0,0.05819154530763626
7,519c0f3b989c8e1781e0910f685980ce15wzr,0,0.05791008844971657
7,f3ad2931359bca59c36ce55ba82f9af8enbi8,0,0.0524434931576252
7,a71f9ab1d130394882cbdab3c886f1b0fm6hu,0,0.05926366522908211
7,c478f94c1323552e85aec6e1013ecba586320,0,0.9569592475891113
7,e735a2301a18772a8276aa1f17ef79efu4yew,0,0.05465130880475044
7,44d34926c0863edb7575b819980e0e728pn5b,0,0.060133665800094604
7,171fbac128e6dcb51d0f07cf7ed8bd3er891e,0,0.9554363489151001
7,098bfc9c440f9ba9e6371f774ec6a36fa0sq6,0,0.05928097665309906
7,6e178db6d17d21aa88aaca5bf15c2761lc500,0,0.6481198668479919
7,1395ca662a02245233af951cc7ad8313vk6w0,0,0.05263336002826691
7,b9c59dcf41cd0a7ba779154872019cabmohkm,0,0.054112665355205536
7,bea63152ca4d99f549999ca57b93d015z9kyh,0,0.05284937098622322
7,2137e2626c568af8e56bfb72fdd5b9e19qiyt,0,0.05491899698972702
7,d863897264a7e52d9c6a1be6dc453c6c9anz0,1,0.9583132266998291
7,8cb96eaadc11cf4f914bad84518632e7czdyl,0,0.9477745890617371
7,7259271b61d2f05200eb2e1ab1d2ec911jlaa,0,0.054050032049417496
7,81c9c749b2c9f97215f3ddaf8b5a5fe1k757u,0,0.05191882699728012
7,5ddf9ae899e629acf3e78141a9712a05a4feq,0,0.7051083445549011
7,9fbfbd8a57e4d4b18338063ffa43f1bez92lt,0,0.05624600127339363
7,3d2608a892e44dad3027ab55bfaa0b26r69hy,0,0.7893078327178955
7,5b0665172160ea4015e79dfbcfa7ed86oe0mc,0,0.22141587734222412
7,69d8fbf99586bfaac64d31f82b9bee27wltkd,0,0.05679784342646599
7,86a34cdbb975c141eea1854b10dbf1c8seom3,0,0.05538023263216019
7,ef1d71dde32e587e761a1b39d5b374c7gk68y,0,0.055632490664720535
7,5324221d38a79636bc4560cbcf2d75c4gimrm,0,0.05303163081407547
7,3694aa599f836a57b671ee0814b071775i1nf,0,0.7821433544158936
7,5ccc30558d4c218cbb4d36872fb82a03rjxgz,0,0.05801856517791748
7,ae0dc05e48d0f1e3ad33f37b4400bd069jktv,0,0.05413827672600746
7,f069e2e45ce316168a94b972c5b7d6b0f342m,0,0.05976000055670738
7,4199816cef8be846ca71ae752575744fimyto,0,0.9529668688774109
7,29bd1e11a41eb2ff50af75d10f28041ejh9xx,0,0.054224684834480286
7,ca68a41b3a4062f154dc1ae8456cd792d6kp1,0,0.05330773815512657
7,1ccc69e376c95da9bd569a5d1a176874ivojs,0,0.054161496460437775
7,08c39ef7252995e0749f7927249b8dcb1d3xh,0,0.06012730672955513
7,870932eabebfc108296437c303db6055kc3t4,0,0.05610344186425209
7,9196288f121946095e5c402fd326109827t0a,0,0.9573374390602112
7,e8f3ce0b2d0849968400b63b992cc606psoij,0,0.052320193499326706
7,db85fb5556f17b744938cdcc2e7ce9b5urspd,1,0.7147610783576965
7,06ddad46112881df154e3bda0e90fe880r57n,1,0.922289252281189
7,3e995d6f9dda5f29c02af4c9fcb94bac0csrw,0,0.4284799098968506
7,d428139761f7b7563d57bb1f87b55876388j9,0,0.05714651197195053
7,e932ef68638c37220f4c2c386cf54578x4hpn,0,0.056841060519218445
7,d6fd864297177c38cea65aed8a45fb7bbp2e3,0,0.870509684085846
7,a0420d3961adf890fccf4b43899708f6h40zs,0,0.06119903177022934
7,0d1815382b08885d76c671ab600133adeyp5e,0,0.6760275959968567
7,67fd1325fbe3cd75a110cc80b9df9708l0w52,0,0.06880422681570053
7,9bd2d79f328a5afe815d5832e521aa9187q2j,0,0.8956171274185181
7,57c4421263d37c2cd2573cd7245a7a80h0mjf,0,0.1330864429473877
7,02cfc97e8fded77671e71e1951723d5fwz6a4,0,0.05556219816207886
7,87c5fcd8d9582701469f94bff3cc415dvq4ia,0,0.05588487163186073
7,486dc9de91d243625863313adc03aa6bv4s1e,0,0.06419797986745834
7,b7515e5f181a6d4884674897226cfe9cpd6d6,0,0.059009164571762085
7,ba0ca6f98ed66bdd1c4e86db2ce4011fdk6ii,0,0.5652487874031067
7,aaa8650a6e0997e90e4b6a9fc2ddf555m5c1g,0,0.5303682088851929
7,e0984156959c3e7cd05b7ec8ae239303inqlo,0,0.05730888620018959
7,4cd52ae88da3e30dbe01da5048151c98p4f0v,0,0.9590216875076294
7,e10ae48cce1e198f7283064cc8a2f836iy0z6,0,0.05516809970140457
7,17c59325ec223c94dcb301a7451c39871vxq3,0,0.05474720895290375
7,38d9e2e83f25229bd75bfcdc39d776baz5zu2,0,0.8392362594604492
7,50dd191676497345cc95d8b9f7284a7371z5s,0,0.060064610093832016
7,c1d9c4c69367536d7b0ccac19527629f65025,0,0.06004510074853897
7,48badabcce6015d257ff5809761486c8qgjul,0,0.410153865814209
7,45e4c7fe66077b5b7b338f19f476f9d85jlk0,0,0.05722517520189285
7,1a05035da8ea9dead1030ccc993b5284n1on8,0,0.05999737232923508
7,722d1147768bdb5918584997e1f677e55g0nv,0,0.05540598928928375
7,0547dbd3ecb4a293913f138d60b586fdf4ane,0,0.15607456862926483
7,a37b105534ddcabb169f6ae3ec928d85slw6z,0,0.05730748176574707
7,2cbc26f228e0556f268e0dc1bd9ac0a5lzdfh,0,0.3694940209388733
7,d5b75c812d172da1ecb3164a1cfb7527688gb,0,0.0569939911365509
7,7ec5c7e2317a9b68e861060531588f76fpldj,0,0.06019475311040878
7,1c61726e316d5a16aaa80b429080c534u43s0,0,0.05733124166727066
7,445eea09a6299164f60dd11f23276b44rkt8q,0,0.05954710766673088
7,5e3747785e44d85a41a74470c051e946x01dp,0,0.059813451021909714
7,2cbacd5b066b7dff7e0a87e1ef00e0b4zpqzw,0,0.05817785486578941
7,28a0d5539562290a1a2f63d5b7230db090ys3,0,0.06371939182281494
7,20f206d2656116bed8dd46d5b70dac81lbgfk,0,0.05778640881180763
7,96982cc1eefd6f526b512755151227c3h2w3l,0,0.05307411774992943
7,6d033ec559ea79a8ffb90d80e0b24e93j82av,0,0.06065090373158455
7,8a7710ee3c886df8ca78c88120603cf6taql6,0,0.05638996884226799
7,8bce581a91921adaa5fc20e627cd7b94l6cp6,0,0.05595863610506058
7,bb43fc12fbb0fd2b2536e4033ababf59exffy,0,0.054612014442682266
7,9a44bfde11a7b6ade17cd33a2b5102fcnlhm7,0,0.14871247112751007
7,340d7ea497f16bdb912ec5c6ce467f71kk7hy,1,0.8845735192298889
7,e8b82b8640ecdd154eebe6b36ec63f0bdwhc4,0,0.05074615776538849
7,0b3d5f829d18ba30d967fceecb58821c3oeqa,0,0.606570839881897
7,14fe3602f049d4574cdbdef13789647dsgtqy,0,0.05972473695874214
7,63424f85cf53557fdb5dfc6a280af75epl45b,0,0.05831531062722206
7,d4db72f36e6ad1668dbc0bf4f0e1c49bn12a2,0,0.06013321131467819
7,5e5d3410ca3605694b3c75b2274efd44c9vru,0,0.05713352933526039
7,cf1f2b6f29840e1ecbb31d18fb128c38bseas,0,0.9606502056121826
7,8df5d645ed4040b857c121a4459b7976n5u3b,0,0.06011853739619255
7,069d020584a0e8c61e622321d4c43881j7pl3,0,0.0590301938354969
7,cb705744a588c18087921e74e68cfa10oev6i,0,0.3832724690437317
7,820dc943d26965d377be315497837bba5iz67,0,0.055839117616415024
7,6b531ceeec5892121e04dcc6f89b10a70yqoq,0,0.7647660374641418
7,a4475cf8808f8951dd5163ded3ee8032g9vxd,0,0.05063863843679428
7,936a335eab4643c3529968a4d9b0c380esi7q,0,0.05455915629863739
7,4483201dee43b51f338c0efd3b13bb895tric,0,0.05646770820021629
7,e241b80fc1b431397ba6c70f2fb8ccb72wbra,0,0.054843463003635406
7,683833b860c003e6c31c521c9cdb49a1kr6b4,0,0.060163311660289764
7,ecce760edfc6ec5cd5ddc7037c514dc3zod4i,0,0.05221982300281525
7,a6f994251abda6687ada2e9de52bddb5cisa7,0,0.05923643335700035
7,8473148f069a890b7323fe8316861a71qoxv1,0,0.05497712641954422
7,6e8cd4699eedf0075cf5662e1fff3a857bycf,0,0.05158468335866928
7,97db2350652f8d01237fc4c59a470eb81h9gs,0,0.056046538054943085
7,97268eb2ac171298eb03ecc6445d6879wk3pu,0,0.05575943365693092
7,197e90906939267ace2422e78e8e83889znqp,0,0.894646167755127
7,227bc0936837200d0aaeb444ab8d5f1axs8zr,0,0.052260782569646835
7,b2968116361fd43589bde8eca72c5767o71qc,0,0.05457775667309761
7,d9d24106ae1ff4f5bc4ec3caf29d7bd2c2f5o,0,0.05526498705148697
7,9dd7e7ef94a7bc5bc9f98c42099910e7o76qh,0,0.05686265975236893
7,e8291466de91b0eb4e1515143c7f74dexy2yr,0,0.796066164970398
7,aa75d58c3e1207618d47c72ffb19c872bolg8,0,0.05322164297103882
7,3714da7069a5205137cacf89ab3a136ffx2u2,1,0.8546915054321289
7,8ab98c1e6cbfb902af4e02050a886396a40bg,0,0.05740492418408394
7,13c4c826516304555e291d3d91c108b3ytpmj,0,0.05227840691804886
7,460e932b11a1529d78246317757899ccfaxng,0,0.5620298385620117
7,d9dfeadc7e0e844ffea3cfc706daae5dt2hhg,0,0.05521359667181969
7,2dc309478d30d440e75c932b1f13a8fai2p2e,0,0.052490681409835815
7,76ed824b414b5e690ff82e7cd2f5be52256my,0,0.9164490103721619
7,078e06b3288cf8f18ab7ed44b245fc56nbyfv,0,0.05947894603013992
7,46f1d7df0a8ffcc10c3de0dad8979cabgr9ig,0,0.05862201750278473
7,ce7d34398a6d6011bcd96ff0aa82b6674hxzl,0,0.05465200915932655
7,0f3ee77a46dd5a09ad20b7c3e54ec614sbpvb,1,0.09492110460996628
7,0f33df2513a519a35c8b3dcf1d7c7416jjjzk,0,0.9404454827308655
7,de4388600d997803223748e48bfc7b16ggyrh,0,0.05686836689710617
7,91b8febfd1f556c06838992814e7653cr119e,0,0.05453195050358772
7,7a0b445f462d05606bf6ea07e2ab96ec1a4kx,0,0.05633590370416641
7,3144ea2711bef53de88d89d71acd16c5q0bzh,0,0.05241172015666962
7,3ef2325f8b68e1c030547a2a54ea6b98zwa2w,0,0.060065366327762604
7,f3d3c913b225bc6cdb98c60f0936f7cbj8k3a,0,0.05709327384829521
7,3dbb502d9d6f89b26f62cc804df54dcandhp0,0,0.05365217849612236
7,17dbe14676cd3a3cb8a7edb438622f7fv2scv,0,0.05307749658823013
7,5c32e357936f8977277d9b23d8f09f34v41wt,0,0.056163690984249115
7,96dccfc370343f6871dc478d5b2fc3ffx95d3,0,0.28563570976257324
7,da00b16633eb706fb11d55868120cdd9so58j,0,0.39820027351379395
7,c910efe1f135b08acc32b2db162362033olvv,0,0.053937479853630066
7,44bfa21b7d497f097a594c8861d4f8d4w5e97,1,0.6521933674812317
7,a25f4c6838b83e0fcba372300c23c2537k5eq,0,0.052499715238809586
7,6e29de28296a57f039026ffc6df9145cxo2n0,0,0.8175216913223267
7,07012e0507b4281d430b93ddcd96cae66und7,0,0.0567968524992466
7,6b28baf315d41017844e15d645bb2c05ybt3b,0,0.06001988798379898
7,1fcca45fdd3d1d3638821f41e032f170en3h7,0,0.05559346824884415
7,b8da3e0dc73d1f453ecbe6ee4d4e8791pr8az,0,0.05642813816666603
7,6d1354e720cb9ec90e19e29f5f895669qh6g6,0,0.060068655759096146
7,8fd35d215ab6530c2ef096c87233cbc93juwy,0,0.0552188940346241
7,25331706aa2157419da068e93f3989feyo7a0,0,0.05213996022939682
7,79cdbe82ec79d0e60f1b113d9a5bc5b4ar8bk,0,0.05628190562129021
7,17e4d6d9a1f8ec00cec1d4fe79b059bd51476,0,0.05684729665517807
7,170a58cf637c08f0818ebdbfddca29c9irkxj,0,0.05686649680137634
7,2f9ea407ba48ae05f98fdf634995d936xefau,0,0.821552038192749
7,4641b5a43c7a2496ef93af2ca590d2c94s20x,0,0.05442440137267113
7,f5b2bbad20d1d7ded3ed960393bec0f40u6hn,0,0.8739907741546631
7,8bc2a424939c50eaf4a652e253421b0f9b0y9,0,0.18390053510665894
7,83dbbc6c5c7ed95048ffa9427d807692339oi,0,0.8877435922622681
7,5cdd665a22747394620c17b7753947b0xgzhw,0,0.055406354367733
7,0e373556d3bf588a1bb2ca6354120cf2dmvjs,0,0.05856788530945778
7,21f5b103136104e4947e293983dbaa5b4tder,0,0.872087299823761
7,98c12418158dfb9494af01308ac2d0588gfw2,0,0.05462806671857834
7,7ba17b1eb362ef91a99a6f021b3f2b63uyo76,0,0.059871770441532135
7,5f529b5ee68b60482c5d0c56ee91f3c2cjrmx,1,0.9291788339614868
7,c36fad0b52a6be6ec32cc5530c0a2aednea6k,0,0.44841256737709045
7,20d31f20169e8612fe13818891f88a83r66gm,0,0.06084306165575981
7,bbf1dcd2f0100fa90e4a8544b90e35846p5y0,0,0.05813978239893913
7,c99b1edcfc7f0c751b68fb310d34b75ei6j82,0,0.05669672042131424
7,042780ee9a3730703e35340c575c3cbb7zjwk,0,0.05673469230532646
7,f416aeaaafcbb66aabb77347776db008qw96o,0,0.586199939250946
7,e18ddfca4efb99a785c68ede9ef773ea8sfmz,0,0.06010034307837486
7,f29896e71c8077db28617a03c0f14e7570emg,0,0.05514807999134064
7,b28e6a39ef0cdda29c5e350e048c3a813idk1,0,0.060101233422756195
7,75613637a85df9328b743d33b0efbf1586qow,0,0.05479912459850311
7,f1e57f96a91c185a7ea716c2481cabecpi3ia,0,0.05562755838036537
7,28763f241cf0483ca1dd3aa1bbcbfc37xntso,0,0.060082271695137024
7,70db4530c292bc759238b8306ff4ebb6n4l6t,0,0.055665381252765656
7,b1ae4691fefd3d09d74096ec4caaa6d1v6tbw,0,0.056478891521692276
7,7bb58b7875a093cbe7c5d487a825b730mjcw8,1,0.9608550667762756
7,d927c987f8a4ba2dc4f38dadc0831100tt94p,0,0.05230189487338066
7,802a819acf0601b43fe5426cb48ac0bbqwfu8,0,0.8224034905433655
7,f895a8d9d7974b3ee7f1f04a25a950e9v63ps,0,0.05485112592577934
7,2a73f10b3b8f2b825e220ba0a1d2c49f9nikz,0,0.053497545421123505
7,f7b25abd850df9b0e0b305c6810e1ec3qbtaf,0,0.05439506098628044
7,c1c22607e7899ada525b74e757d248ac2b8ac,0,0.060146622359752655
7,cdf1fdd424a11dde166c4bf069d6998eph7b1,0,0.8405762314796448
7,fcda141af3b545332fc3b2d55a8bba74uw7s0,0,0.05626850575208664
7,458c8c4e10e5c1b29e3fbe5ee56d46e8y3fb3,1,0.9412134289741516
7,120c8b384858420c4e46e354c86f4ca393w0i,0,0.5090731382369995
7,022ac3a7ce986049d9a4bede83ccf9ddctvg6,1,0.9580259919166565
7,205a011640002932a7bedbb93d81b68b8m93b,0,0.05597449466586113
7,29e08b4d18198fe9265772fba3a4f6c4mj1rw,0,0.06640095263719559
7,8f6605a649ae41fe950a6bf579452464d9lmc,0,0.26065152883529663
7,0589cf78c4bece729f0ac620557210e13no3n,0,0.05450598895549774
7,17a321c4a0d925ca80507effa52330ac5n5r7,1,0.308819442987442
7,3e602dff2e3bbe7a52236df2294c9e059fc2l,0,0.05423999950289726
7,df12e679581fb2054907dae75c9c78ee9kzzv,0,0.05497116595506668
7,d1200a75b6c05584f4f902e74d3dead76cj15,0,0.05543236434459686
7,efa1611e96c3238913333b8525c6a196rvy38,0,0.058951739221811295
7,aaa686462ebb950550fc1c6136ffb273vkrc5,1,0.06317274272441864
7,f6485cac867e1e7d2d991838551b4c4bfnarv,0,0.050759848207235336
7,9744d8ea513490911a671959c4a530d81fj5e,0,0.15567278861999512
7,369515b3af4f8ca582f90271d30b14b6r52aw,0,0.5643301606178284
7,c806dbb2decba0ed3c4ff5e2e60a74c2wjvbl,0,0.05688158795237541
7,0381a69b7a061e9ace2798fd48f1f537mgq57,0,0.060112085193395615
8,57db69e32163f3e486dc6ef7d615aa12usje6,0,0.03750200942158699
8,585e7c21b80baf2225224fe140cdb1a73ddrf,0,0.06635326147079468
8,6e4d22dbabcf2eaae5689c7d155e1c1fev15l,0,0.035268086940050125
8,b37b352197594dae96bb9219bf59d656oz79f,0,0.058020465075969696
8,11a38554244f3c14de043aaf52345c35jjqvo,0,0.8350401520729065
8,322addd5687d99bf69306148e12f87dc5jbsh,0,0.03616958111524582
8,0d0b3d6dc27d0f8eed70971f8c6bec1bdrs0f,0,0.04383976757526398
8,975dd5178d34453c1c3c8edc47cf44274uv5s,0,0.12220766395330429
8,927c5e145de79f9ee2ada0ddc054b4e9hc3qj,0,0.08724509179592133
8,2307bb06855a6fe75ab56ee6b4a3860835di5,0,0.2126479595899582
8,dadbcec8b02ac75c5935f419b318ceca1wwjw,0,0.08306130766868591
8,96b90af2d3eea4d3b2bc725e1c92e212qu52g,1,0.9550428986549377
8,da6e2a5651b4f44fa3cff41cf9731ff8qc8fl,0,0.1514776647090912
8,001068c415025a009fee375a12cff4fcnht8y,0,0.07977069169282913
8,cab0d4e41ea81636de3bd3a1800d8da8x4yca,0,0.04671025648713112
8,0cca10034c58287ee6fbec14a3f96c3546sdh,0,0.057661138474941254
8,20cb327bff59dc8f4fe1ac68a30f02eb6jrq6,0,0.042837392538785934
8,3073231f45ca50ad6830d4dc7261f283iwjjm,0,0.044683557003736496
8,47e0637718480102d235233c83661a7850foh,0,0.06717294454574585
8,226017dcd6506ce20886540ff734210d8hib1,0,0.03586051985621452
8,9653f425ed82418570fbca890f7032b16sjjd,0,0.03565363213419914
8,671fb1e314a1f480ba9ad9b5a1cf6a91w1k2f,0,0.04634829983115196
8,5106dcca581b63cf2226110a9048ee4846sxb,0,0.24243320524692535
8,91d9b706f63537c5fc0027c50b0e3b06qpdgz,0,0.039495281875133514
8,ca76df527977e5168e1b3352cfab2ed9htipb,0,0.04163077473640442
8,19353c42feb91a216885fe012efdfb11s2iu8,0,0.05333154276013374
8,fdd836950d203286832a21b930b9f6b58ch7s,0,0.14106658101081848
8,c7d335bf99b9c71fb22797ecbd78b92ashv4h,0,0.034349508583545685
8,88103add66b7113729a9ca82540684c9il94h,0,0.22801870107650757
8,5948bcd0f773286ff7d5cde332c7ae6918jt6,0,0.044962625950574875
8,d6ebcf2149c311d221b233b268870b3d5gfe2,0,0.03611036390066147
8,dd055846eb553ab8e953b084f2048d53bdqec,0,0.9432787299156189
8,6a76d66f035914f93ebc725a0998b399r4gdq,0,0.0751984640955925
8,2736ee274114e9440463bde9fbffacaa5xky5,0,0.0757683590054512
8,d6d68e218a6cafa246ed31185b09e1e1fsu8x,0,0.05368723347783089
8,929b75b44585b34d2b917ec181ecbcf298fr8,0,0.19570761919021606
8,e3ea1d5464543a1ef3a9b60394fc4ab6i1jk3,0,0.04039773717522621
8,eebfd257525e52b67969ae9d8760afff12j3d,0,0.037050627171993256
8,7339b024b285f99084bcca768cce5c7e0h2op,0,0.11152493953704834
8,024937af9ea18a2b57e4f08762d181f7s8a3z,0,0.07606981694698334
8,0565a780f2c5b46837bbe9739ef15ea92fdu0,0,0.26812782883644104
8,42c407eb70ddacdcd59d63f22caaafc4fa0p2,1,0.8990664482116699
8,e18e3d0fbfba81cedcae619dfa977875p10ta,0,0.04227539896965027
8,96b1df591dbbf3a002578574671d9ff1rmzev,0,0.04247939586639404
8,4376fc192e83a1a5d7a83085369916e8rr035,0,0.055416252464056015
8,e7a98dc8545eb429007cb48799a40a2dc9p6o,0,0.9490437507629395
8,f876e3be4038da62f49234ee498feb732gdcl,0,0.05809551104903221
8,ee052a24cd3164af9d08fe77bd6b79dfrbelk,0,0.0345434695482254
8,76218e14c379c12d599dae9e1c00b61a3i5b2,0,0.40917524695396423
8,e0824707d4a78230ae54209a920bc3e3pzdpp,0,0.039164427667856216
8,33a7a0121e28cca4e42494dd0f5aa03fdhlm1,0,0.03481289744377136
8,cf456f3c8c409ec4060142acfdabb5bbqpx7q,0,0.045005179941654205
8,db88530db963dab43118aef5aba127ec29abp,0,0.07219598442316055
8,bb790a228de797253bf6afa43ee52eba1s2dx,0,0.8749257922172546
8,c2d1b8c1b7a9c8010f5b215e8aadb1d7gahpp,0,0.06040535122156143
8,055282b75717345ba6f53d40e9e6d6c56qrzp,0,0.34790346026420593
8,187636e527504df29bf42d4a2b7767e54bgv7,0,0.04247939586639404
8,fb5a19240e36ae12aaccc1e9d9231144l32hv,0,0.04281589016318321
8,1e1c9332e90c1cb0f01da223bc043c528cvwo,0,0.0462479293346405
8,a0660fe8a46b9cb6b02e7b0c50eef6a905vt6,1,0.8742735385894775
8,0b450f2827ec670da34be66ec2a520213xcuk,0,0.03534247726202011
8,44c75302aa4404e23781f8337cddf6ed5tqun,0,0.09895338863134384
8,c755d2832026bc2a6f5d2d6df5740f06mr3nj,0,0.039972543716430664
8,7f4e84da8ed11f4ea3a2d276f49949b7o31us,0,0.03602457046508789
8,22401c4dc0cb1e5d52da01ebb8b2839cdoauo,0,0.034165091812610626
8,55b39a51c925bfb42fb812ebc5fe318emsjjf,1,0.33474302291870117
8,e5f43783127506211df8c6290c2ecadbyr779,0,0.09790418297052383
8,ca391c857d7aa75a72e2d7c3133e0d6ay9pil,0,0.0862741619348526
8,786fd201d9c952bc3453d4b3a6fa64046d8wb,0,0.04140601307153702
8,7fab82fa5eaea6a44eb743bc4bf356b3tarle,1,0.08401675522327423
8,dcd54d7afa6820e3f00e1c9e83aecc7b4f3lw,0,0.7938846349716187
8,3106ad6371a3b740e2af90635a4ad966zeu1u,0,0.039625708013772964
8,65659f3fbf6207c570c4bb8ac64772e9umh95,0,0.1915707141160965
8,c4b598fcb343bdd2cf826fc7541500e40xtte,0,0.15550757944583893
8,35a89119272ca55d7f602689616b58c3pebir,0,0.04000609740614891
8,b42ef139c2dfbff8356e8886d2b109e06riso,0,0.042137835174798965
8,b970a53727b2bfaf02079779c846a52fj3f0q,0,0.14288721978664398
8,ae45f9b94d86f931c84c94f3975e3d7bkv2r0,0,0.3518434464931488
8,11b1859aaf7fa93818baa76007cf7207d8uwy,0,0.10053069144487381
8,eefb0b863345336dce70312ff0f8faeb9qksv,0,0.06076155975461006
8,d1f000f475c502ecd2e993c52987e63ed3k7n,0,0.1585666686296463
8,3961434cea4339f0049798fab2bc73aekuxjv,0,0.11572820693254471
8,8b809e18804865ff2a2e799c9a5e8a48mtxdh,0,0.9316999316215515
8,6b9a3d480add21788772e118e6d51ed57e3w9,0,0.04666901379823685
8,644e284380171fa793695a91b6a12c28jcwku,0,0.036363907158374786
8,85371e59ea43c33c7e481ba3c214e893ail7f,0,0.036905210465192795
8,eacfdb47b3daccebd9f16779c5542fe5eytoc,0,0.03396335244178772
8,20d08c7edbcb4b4ac0214b664ca5bb9cprntj,0,0.037661947309970856
8,fbca8e44d824faa1fa6b99325758ff19vi94a,0,0.16744989156723022
8,0353aa9e97bd46119c90b8892f99982esfem3,0,0.046524528414011
8,392d936106b75256632c9dc83c4f1a169bke9,0,0.034484390169382095
8,2a4654987b59646a120ac74301339afc4eylt,0,0.0821414366364479
8,e69dc706f159ef6e26df0d88388bc5edlymly,0,0.038125135004520416
8,7f603f668968facebb0567015ad4c201kikrh,0,0.05355813726782799
8,14f226ef57ed64d8e14c8b5ae929143cgq3em,0,0.047230999916791916
8,b1bc9ff2b98df742affda07c5977c7345dpm5,0,0.03817758336663246
8,56cfe8b0d574e1df3f823c2cf32226eff52uw,0,0.09049330651760101
8,c9fbbfcc89730e961499b4b30ffc4a98umxko,0,0.049365971237421036
8,a60101895443bfa5d4485b9c2c3e1b68t5ppq,0,0.036489591002464294
8,0870fb7e5701f3ba56762b03e157afdc1yw7u,0,0.24122175574302673
8,84bd02dc56fb7c3402426ef7e8e166e2ptwo6,0,0.06911060959100723
8,679d60378d42ca9d3b8a28073fe14fc7bv4jh,0,0.0801955908536911
8,b1729d5905e896a8411f81bb65d66343ladls,0,0.03794083371758461
8,45c3a73b88760d4390f42ea4fae97d84la5wh,0,0.041348896920681
8,2794512e8edad5f99d28c33c7560fccb9zl8i,0,0.0841769278049469
8,2d6a70a8341ea0fbe4c8537ffbce919etg4x0,0,0.08100828528404236
8,88bf2c0f5460e28deb5eca2ef8e5e809ol5ru,0,0.045506980270147324
8,b4550ab1da3a3ed6e4a206c9ef78d496q23hb,0,0.05824661627411842
8,1b268ea4fe034638a92d683b94bcb330vee4w,0,0.06641119718551636
8,b0164d9a18a3cdf6082e96f9708040690qcqf,0,0.08917709439992905
8,1e0b1a6ea8d307cb61e221723534c4dclf9w1,0,0.07606092095375061
8,9e9270c06937bfa13f5b29e737c3438fcocyn,0,0.0643400251865387
8,7a71e329f3f2da98a3f82e7bfcb705a0t5822,0,0.07675204426050186
8,69b32dd82f265a04826106d17e2bac9ao9fu8,0,0.0562894269824028
8,e0a87bc26e13c599894d7a5103fdca786tfat,0,0.17283113300800323
8,9f7e3e648ea8e6815c6e7caf59412e843iqbz,0,0.05012613907456398
8,8ea020a1fdccfd726f74ed7e90dc3400zy9iy,0,0.041522055864334106
8,4073de52fb5c46376dc3cac6b2f2cecdxyqjg,0,0.037174202501773834
8,b77312a06d10e22e3caca85fc7fe0342b2adf,0,0.19786013662815094
8,676ad0665c9bf74329ddc1f70ea48c16stnux,0,0.0391758494079113
8,c6a49cf5944626b45425712f9e19e91d2nyh7,1,0.9561180472373962
8,7c965df16147f68263573764dd257a7bxqmpt,0,0.03486811742186546
8,1dead8a9cc54fdcf7a7c16dc6e06a3bbusgcu,0,0.03366221487522125
8,2d113999234e06201c0940286d405453wqjsw,0,0.1966181993484497
8,6c0212679f2439c4113386b2c6ef513e8wr8p,0,0.9112659096717834
8,6713e820273f591bdff7d26a48ee30c5k4iii,0,0.2537332773208618
8,0fa357965f89388d8e7eb8cbc3b85c6bnnro4,0,0.04359246790409088
8,b7e16fd4fd9ff04b7d741b70730b7b6b1aw84,0,0.3410794138908386
8,cf4eb0f68d47e6d4b92befd0b8fff39a098cd,0,0.04363689199090004
8,a283eb484c3245e5b12b18daccc075e9g9xk4,0,0.13280658423900604
8,e2554dc14d54c3b7be85c59dbc1425f77qv4a,0,0.07601576298475266
8,fba0c76970a464cfa9c043c906442f0eg53a2,0,0.20063984394073486
8,f8c42ccd10c3fe515e53082f0cde9a18oxgws,0,0.6707825660705566
8,e2a61feee7f94b49d7de1ac6efb237c0fjt1z,0,0.03766715154051781
8,1717f6d4c48ae8d3e5f2566d4bb525f854j6d,0,0.03601594641804695
8,284cd72e028fe176f935114521ee998c5jsko,0,0.037390001118183136
8,1e050a096927d5b34f4a85d3af28d30eybsaz,0,0.048824846744537354
8,655b88e646b94d0adb9e15e9f3b9c9a4lvcrz,0,0.22617226839065552
8,33189c09ca7067834fd25a54920f82d4nd7a4,1,0.9552440047264099
8,48044b1b1f47f168864bc7c4a58a65ecmt187,0,0.03897377476096153
8,f05dfdaa2f67b190f3a79a5a2d5daf9coikow,0,0.07615797221660614
8,9f60e1593604631e10ad2677c51055c6mv205,0,0.038341689854860306
8,3d48d4b09fc7559bb6c129fb65c133808brgv,0,0.1655026376247406
8,4f07602a713c192a941204b27e2abcf1srnke,0,0.038135722279548645
8,916aedb8fd708e100318969dfe57a4639hexd,0,0.037297531962394714
8,a4630d8b78c796441a1be187f6907b11c5eu0,0,0.03628510236740112
8,d2fc5291537a61882065e571c21e796975uy0,0,0.11428115516901016
8,c7ce5ac2fe5f03458fab59c78b19bf7c9wzf7,0,0.06430475413799286
8,e429d13bc2c7acc82d8d68fa020546c38v82z,0,0.03967887535691261
8,e4264fc4dcd5f917ceb002d860441370s054e,0,0.03813157603144646
8,25b58d1533e04571bbc674dab28973f8hha3w,0,0.04027477651834488
8,14b2d98230228eab6a6db3efc41660d7kp23s,0,0.060785096138715744
8,c72012c8072e2441b3ba8173205cd298cde8a,1,0.15600532293319702
8,5920a92dc2b65e257061017a04eb5361tpa9b,1,0.9476398825645447
8,173991472d4ee18932f8514b9d4a9dba7rjqa,0,0.048817556351423264
8,f19531503f1485a3014189a80971c6fb0d9fu,0,0.037485625594854355
8,5b1bc916ca111874eda3bbe669957cb1d3mck,0,0.035131096839904785
8,13dfda714fb516e1f9f7abb0c927bdc2zmw55,0,0.0776468887925148
8,23af639c0bd57bfe9bcf3b16973d58b7666fe,0,0.033801160752773285
8,5830a96593aff3e951919578f7374f09pqyc0,1,0.9509775042533875
8,c8d3fc73c1a41bf92a5e4982eb6cf78du8gg5,0,0.03776855394244194
8,ccc371d7848a80bc31941248b9f49b95hn694,0,0.06914519518613815
8,213a7fb31eef8b38a23ad6b0bf2c7fd0dx3vk,0,0.04058920964598656
8,511a640e38bf03022300f5503cceb2cd3f361,0,0.26494863629341125
8,bd29e36cbb063cbb96ece76680ffd9121dy90,0,0.05514225736260414
8,d2fe98eb0fa21252956184a98138c58dwp1ah,0,0.036067038774490356
8,5c2b3f221cdf303df86ff1ffd7106fcco6pml,0,0.31512680649757385
8,ef89b74b58c49c1a321d3d7ce061d151k51xm,0,0.24610503017902374
8,339b8ca3185dcaffbc3ebdfd960020e8es0as,0,0.03762659803032875
8,c9e1e860e39bb7d4dbf3c91c5d6c36c2dv4tp,0,0.13790787756443024
8,4d6580da346435dff2503c55ee5e0cf8wbkb3,0,0.9555098414421082
8,5720c8d7bc15b94037cd75ff9496a35evugeo,0,0.9558591246604919
8,69e97e52dd6428671f46f2ab6567172d8mfar,0,0.17602689564228058
8,8ebc5b544d62622e45e1ee22a56265e0xwwsb,0,0.9513841271400452
8,613fe9b896ce3801e40212b3c8a8053c1e8nj,0,0.04515521973371506
8,d9a813646e8fae954898c1279196f5493gqzc,0,0.04109213128685951
8,84c7bbdc12233f88f35c2c3b8f178803ta03m,0,0.03499831631779671
8,2fc0efdb6ff10d51e3a4d979ee52cf07p4068,0,0.05183621868491173
8,1dec9ee102b29905e2f59a52fb7429826e8b4,0,0.13080964982509613
8,877d96d9abeb73e437a8ebd74abbbf45p8s80,0,0.03349548578262329
8,4444bfb455b90711234e0c25345abbaddrt0x,0,0.04247939586639404
8,693085cbb28f505f03b025dac8681a3bvfot8,0,0.03953303024172783
8,67616fd2a1de5c46e32041354efa88ceahbhq,0,0.9536417722702026
8,3ee7de4c5a5e31b7b407827ae1370f70suenu,0,0.1232711672782898
8,4dbc8d336dbe0241c9bbb0f3630f25059yo43,0,0.08464439958333969
8,8bbb16c0a1bb808389051c875ebab1cea0v56,0,0.0428105890750885
8,497ef6187e03fd9d4387ac436461a40f982dq,0,0.043230488896369934
8,36f52ad1abfd307b73c9b69cd5197dddmmxgr,0,0.04077525436878204
8,74ae4f7b1692dc42622696303d9d4d763vksg,0,0.040940843522548676
8,aee383561c0019dc01552bfa5263af8etbuc7,0,0.03416817635297775
8,9375e98d0810ce9119ccf45300249636zfpd9,0,0.047359321266412735
8,c963c2dcbeeb0b7051bd3a6a87483ce6i98xx,0,0.03880158066749573
8,92ce3c44edd41ad3222481daac1ead35bouwj,0,0.04093846678733826
8,e2165ff862178c7b2946f7f62f5a3e51wcvaw,0,0.1422467827796936
8,9685887173cc2e1e5ee3993832a4b153bfl9m,0,0.03523848578333855
8,292dedb5371b8e0ebbeea57f14b35713e2ie2,0,0.08031099289655685
8,5a823474f9fdaa129dea9fa690d51b62rgm7q,0,0.0454048328101635
8,6ed39d7c89fa2d423017cc9811f0c469i2157,0,0.03697650134563446
8,d92c8c2d4c29d4c785431a8b34ea135awepbr,0,0.041280597448349
8,fdad47d27b793b74470086c35333d4fepycsl,0,0.0447162501513958
8,e22850afda081aba360cc18e2a9021caqjjov,0,0.036618638783693314
8,30c3c92cc9408f55cfa895ff8a505930a3yy1,0,0.04610899090766907
8,764234598477e02cbf8a43983fd43850l1c8f,0,0.08390533924102783
8,f9753e9fd6e25e0a1ae176ab95c31146iaqnv,0,0.0367850661277771
8,83aa7c2c8c018888d9ebc6daf63bddb6f2i0d,0,0.037098996341228485
8,85d020b5f3d99d1272efa0a0d34c56a5dtvxb,0,0.05719533935189247
8,ed4802c318a7e04a5703ed115fe4f3a3kkugq,0,0.04143987223505974
8,6679d668a393f336ba9d1cb6a154e03aifmkr,0,0.03650747612118721
8,58f590a56f480589646d255d570b0877zcjw1,0,0.03595314174890518
8,b853c1e4d6a4657d35705772ca6cfdc3qtox5,0,0.07771654427051544
8,dcc5a79317a22bd0f6dca1f60fc866a8bei1d,0,0.24632945656776428
8,c1d14f4355b7d3ef80f02628e5ef1d56u2510,0,0.0797041654586792
8,86e698821a8aada613bfca1356d8cb7dopnv8,0,0.03733668103814125
8,424aed9d807cfe0b2167cfdaa4957fc0heell,0,0.03808025270700455
8,96b7bb4238e7ebb439d81d63db4c2796aoofv,0,0.03511933237314224
8,a7bc17dfb615eacffe397be5b2c2f3a6r0bb9,0,0.23414981365203857
8,1aa485901ede7baf78ea116e297e9d7f9en6i,1,0.5744574666023254
8,c900620a019e78a3eee44109e4d1e1d2xd2gj,0,0.06368112564086914
8,d3e1891edac2851f6d34de566802cac8m8dn0,0,0.037262268364429474
8,0825d381aa09d1d0c47c77c372f07acbe02ky,0,0.03534897416830063
8,510f33a3c0a290a0e43d2576d928a4abxieo3,0,0.08827352523803711
8,95af80db42edfce4e937550d60d79561punym,0,0.18441547453403473
8,977436b0a445fa555d537fbf1d4bff2e4z40h,0,0.04247939586639404
8,7a3378ad9999b1fde0a4562a9b036f038cdal,0,0.04247939586639404
8,c749a25f3a07304b959065d83bbfc5f75u1my,0,0.038267120718955994
8,26508777dcd84df59b467a60d9f18ca1pvvbs,0,0.03468041867017746
8,5bd35d55d367d7a21d98bf6a19fc0dc1e5j9p,0,0.03773057088255882
8,a0d080012ab98513e39234e4545e93be17tt5,0,0.10385790467262268
8,e268d06507859d78894a8f6e11995f48zls7t,1,0.9547924399375916
8,c5863a228287327c9980d12a632985da9vi29,0,0.12206058949232101
8,2e07d37dd022e72ab04da76f51edaa13qk5rv,0,0.046912115067243576
8,eea79e1bfc21ff1b9572213e540e1252s5iuy,0,0.03350476175546646
8,59cad1329d42bda3d678bae082bee7edgvt7q,0,0.06860928982496262
8,bb73823b1c3f577402c9aa9eabd1e412vp2xw,0,0.8064451813697815
8,a71f84e476d03bd0b25d45e44eeed9a8efehw,0,0.6118323802947998
8,d3f595832d80988c2016aeafd125d8f072r4h,0,0.04370103031396866
8,afb1d898d15663a9477870391cf39b697gso2,0,0.041203729808330536
8,ffc4e2dd2cc08249f299cab46ecbfacfobmr3,0,0.03713285177946091
8,65996114740a63c9e0fde74bfb6725b1k9nuz,0,0.03538373485207558
8,142a2545c5c01937b05ac6de9773f9efgx0eb,0,0.053121406584978104
8,781972f2af3af2abc492f9dbb0f6fceahnban,0,0.0580759234726429
8,98e6dd2906ef1f7c13284a309f6b160cb2ujz,0,0.04443894326686859
8,1dce9aaf9d6b9cba38f9c7489764fe30nlrq2,0,0.05265782028436661
8,dbbf9d9b1d7fa110208f77a681008077plqng,0,0.03630564361810684
8,12df4a9cf4eb203909e6763960b79238cb0yg,0,0.0471627302467823
8,b86050461e88566061c796dbccb1f7e5at242,0,0.07995311915874481
8,fa64fdb8ad70e86efbfc31179e93e99egd27l,0,0.034629762172698975
8,30788b28de22d28938ecd7ed6795a8b022qm7,0,0.15324196219444275
8,bd85d0d7fbbfab49136c241bdbe119dbgkuna,0,0.04649016261100769
8,1ba9422d7a55aa5abc3ff37d1cafa9f2yds7i,0,0.12396751344203949
8,c6fcf1f7b824c864d492c4cd676cd702owsuv,0,0.03544096276164055
8,cd9a7b22d85c35845260cd61a4b65cb2meyel,0,0.049306780099868774
8,58c2b44923882a8252963e78886adaefh7hnm,0,0.07298653572797775
8,233e09e861813cd087e8937f32a29bccs7b3l,0,0.10404282808303833
8,225716d7bdf8f90cb4a4b779c663cea5j9sqp,0,0.0742686316370964
8,2b2ee7d0ebdf910833b5cb173c567881jt8sj,0,0.1664014309644699
8,92f8392be617527734a2f18482815af9ak8l3,0,0.5783718228340149
8,21114d057c297080f0f882420d2436b5mmukc,0,0.16015589237213135
8,74429c9ce8183e2b1b89600e6de4ceea5kn1t,0,0.18137791752815247
8,c34e1a988fb471e9eb8a5e84bb8ddf90k4hng,0,0.9392052292823792
8,ca28bff4ab1f6e74bf08b92e16989e11vn2mf,0,0.03468579798936844
8,8a3f5e16e4e689897d872716efeeaa0904tyl,0,0.10006720572710037
8,9ab00034c9b00521ce121adb5dd4aa15tlhc4,0,0.04153760150074959
8,2e463fe6bc1616f8392f82c138a6a436mbtjx,0,0.048242442309856415
8,a961ba95d1685705953ace49a29424e2ld1ek,0,0.06477435678243637
8,c4709885ecca7b90dea4beb5dabd68aegk2pz,0,0.056466273963451385
8,f8e90361c36eb3f6fbd485748e731fb7w2ci4,0,0.03545539826154709
8,2eb8a353db13e68388f544daa2e28359oenbs,0,0.7409013509750366
8,8cab09b069755eca2b4e7fd6f6981d7d8n88o,0,0.04407220706343651
8,7b22c9a323baf4a7bc7a3761e4a30bfajixmt,0,0.03471282124519348
8,3ecced86078287dbd2eac2cfac98367fbbelu,0,0.11921390146017075
8,041d869edcadf595b90e3b5248903183pn754,1,0.9522568583488464
8,2366cd7cf3df530ef4fe40b36ffb936fyn3rh,0,0.04086599871516228
8,c41ea39b2e13b0fc9ccccc2546f924f1obd0w,0,0.04589458927512169
8,54957cfd12ec8c64918b6200ea25d27fsc9hx,0,0.03875955939292908
8,a3ef8289a92196b07e2e7371bb111e3aom07k,0,0.03801769018173218
8,0a9c5e1f261c937c09817ea2d5e949f34v8oe,0,0.04589304327964783
8,462df7ecf1d47980dea6a93d44fb408d4u2d5,0,0.03571575507521629
8,74487d5ffd5c34de4fecaf9dcb66f86b0wwa2,0,0.07665339857339859
8,2d2839fa92d1c8e94bdeb1fbb9e62149x6xc5,1,0.9559633731842041
8,1f2d607e5cc04e790e3961a6432d7c15hn4qb,0,0.04709867015480995
8,76f7e6c70f2b84d885b23e2b2831e113ueqo2,0,0.04398256912827492
8,f5ab013f90cb8890d33c6a309798204155q15,0,0.03755784407258034
8,a8a81bb8a3a35572bd1f9922f5a31217pw41k,0,0.20277070999145508
8,ee2caa714a2175abb13eb6ef15196368cwc7c,0,0.03577307611703873
8,2993e59bbbd7d14bf4bc21e4d2a4f8eeb18d2,0,0.037952717393636703
8,c0e4be8d520c7bac2f51ad80a98876c2aan70,0,0.07685784250497818
8,031da7aea2d4b75ac8ecba4825bc1318yki1d,0,0.09657539427280426
8,51cf4dc8898554aedd8572f97a95ef5cpi3ct,0,0.08520197123289108
8,16e2e48cff6faab74e1f5c47669dfbbda7l5z,0,0.03986000269651413
8,67ab503313f60aaba89f64e2ce3b459fvyahu,0,0.06853461265563965
8,ca9e2287e98a718e20a8ed117dfcd699gxsp8,0,0.03729848191142082
8,5053e03863b6887308c8446cefeec429l94tg,0,0.04236222058534622
8,7ce3afe39ece9d672e9adcf3dcf2aa44a8r22,0,0.2239300012588501
8,8c09f4afd78059d9200cddc435f5c48ceph11,0,0.9550884962081909
8,817f8074bad1c717afaa8d1696f9b2b00muzw,0,0.06029902398586273
8,8c412ae875b672f18073d643c74f9f0clzbyw,0,0.0339045450091362
8,9655ccc7c0c193f1549475f02c54dce45kjw7,1,0.8178733587265015
8,6ab75792932fb1ea6fc74a18edb7888c2orvk,0,0.040880411863327026
8,8066d0a6ab30c52b3ddca5da19518b6188t23,0,0.04416600614786148
8,19b39b852ed4abf1ba5b095829e25b946aed1,1,0.9542238116264343
8,ac9bf3a07831666bde4fefb75c184adekbrl0,0,0.047825008630752563
8,5114111892d49b59415284dcf19ceebconhvq,0,0.18144185841083527
8,fae553f133602fba6e9e6051dfb27fefkruax,1,0.9382036924362183
8,8c939b6713b7881538cb05eca89cfb1cw1lhm,0,0.03791428357362747
8,7bb914fcdec49aa88c7310a3dda716aa9fb8t,0,0.03512831777334213
8,eaad20ae39d343daf76adc0b1a4984faumuzj,0,0.04180248826742172
8,31c840378b5c2e4469fd2e7f5a1e5a7d92k7u,0,0.039559945464134216
8,4950352b0410495ef65a92b08b5be463c20yn,0,0.18356573581695557
8,ef415b2bbbb81ed33cec7242678975d5m5qk6,0,0.03622117266058922
8,737d19fdceb065359c77b81d27053c4e5quiq,0,0.08616303652524948
8,e50426efab1e9d60b8f7258130f8791czrpvg,0,0.22572541236877441
8,d42604c7cca8ec92839e92508f2a3e52ehz29,0,0.13256849348545074
8,b0014101fe1b510ea150c149145dbced3q3md,0,0.06308604031801224
8,c8b23d6565e11d874e221f41440ffd25mrucd,0,0.03522530570626259
8,e12177ff9c1a8413996f7b1a590980c82ofeo,1,0.7298394441604614
8,1982c4b164171180d480166feae881ecmxsgl,0,0.038801830261945724
8,4cf9c56df4594860df56285e9293a7f7evfix,0,0.04362620413303375
8,af50d549e86276f034e52037722dd5aetouu2,0,0.0373496413230896
8,8152c94b639be88e7076f0e32bd70e0eg004b,0,0.038840848952531815
8,23bdbb8575f191b71853bf78d09e11a1lhnfn,0,0.03995608910918236
8,fdf908d608a629d5ebde14819231878dojel8,0,0.03567081689834595
8,2106dd7866abbfb4e7c68067d7eb9bebflq5d,0,0.9031756520271301
8,9ca7afbb673865b01cd4b02846054fc1p3vjn,0,0.6396853923797607
8,6ebbb4e7c3fb4ba44a89bae997717924gm89u,0,0.03714102879166603
8,24a32bf10c4a5d4d91c27da4710c869a0nqim,0,0.05759448558092117
8,ec6d3fbd8408ba43891370d4ffe41eabhnwbs,0,0.046010859310626984
8,b1863365ae232a316eb946ba56a29415m0gdz,1,0.9542007446289062
8,1275d8a6a3b2ae9d24b50997397c254cpuuzv,0,0.9457545280456543
8,ec96b5b27dc870c8f59ef11b7371b06eenaox,0,0.034097883850336075
8,7f3516b1bd7e5571ab964ba0affe9302brn6q,0,0.03561556339263916
8,37ea72c53cc50112ced4f88810f1b38euoz4r,0,0.03455238789319992
8,cefd0ed907595de146c91e6c26b8ad658ilo9,0,0.03546079993247986
8,ae9e482a7f4a625a878c6ee0eb4dcd01dkm6d,0,0.03414788097143173
8,cf06ff5f520b14d1f9f1cf5a7ff34982bj4md,0,0.08016682416200638
8,53856dce9187b16f2cf5e4e58f5d0397h7tz6,0,0.18245843052864075
8,2c449b1bbbd5f8d9bcc1159b7bd3caa32jhtp,0,0.03839292749762535
8,76c85d6bf559bc0323bbe1639d233e88nxy36,0,0.5323830842971802
8,43c76d050c9d2509d85c9dc2b1a1dba4zb3qt,0,0.32960066199302673
8,4731be79b5c7e894dabe5986e747b97bd6yxh,0,0.07211033254861832
8,9e1f21ee1888368e77b539083f4b94ddv8mrl,0,0.03416895121335983
8,4b72cbc9d9ef0238bb666feea6d79e718qry1,0,0.11355318129062653
8,120beb4523541f769a2b658cbc41dd57w7im7,0,0.035825956612825394
8,bbd1d48ef4e8e7e3855938755275ad2b2le9g,0,0.035644952207803726
8,fa918060747386f431a511c862565e34y1pdw,0,0.035165250301361084
8,24db47d284a08aaf119eb3e0c45eb646i46j5,0,0.046878259629011154
8,c2e1242ad5ea781923a08987d55365c69fii7,1,0.49433571100234985
8,34e965deb822f329ecad42b94e8ba0ba3dpt0,0,0.5181211233139038
8,e72d1b2319a2ef39d016c41e4824b68evxe53,0,0.0434679351747036
8,7114afc59caf2cbaf6ec1733922065f3uz34p,0,0.034568123519420624
8,6275d51c0324547faa8a87b499812268tl90r,0,0.045751702040433884
8,949689cced5d86578e6c8b664ea76d6aq6zxg,0,0.07508403062820435
8,916d2d806b772c9f227a9b3640e31469ljrxo,0,0.9441151022911072
8,53d9e7fa087a0dab6a472bfbfb694622jv072,0,0.037655167281627655
8,90bb553b65144cafddc3f3d4a7783667a06ga,0,0.037335146218538284
8,c128bfe7aba668d71126d51b32428c01tkq99,0,0.913102924823761
8,f6a7e7b14d39804c7d15627e2fa384a1cq892,0,0.07537999004125595
8,c83ee624c46235430ad4338278f6d270wfzre,0,0.03565127030014992
8,b6a3aa8c0f2302fa35d7b809d9371deeypvyh,0,0.07869470864534378
8,ad590c59c30187b772258a059d532db42tf4d,0,0.15720516443252563
8,3d7bd741177a712ae0417bc4f4a37bcf9jo2a,0,0.04432438313961029
8,c41cd6791e262b44d26bdb3443fcfba97wlm3,0,0.8742913007736206
8,e588d3f7a141147e4f8dba29377144707vupo,0,0.05436234921216965
8,4de2f22ca840fce9ac653e4aa06d9b0cnhudf,0,0.03969353064894676
8,f4d69870de1e803fe00f8126e73a7e33zwcds,0,0.23931267857551575
8,417adcdcd7157e75c66469c07208af00qjnuo,0,0.03668081387877464
8,177b031b4a77f28ff167b427ca967b52jetgo,0,0.18149933218955994
8,4c46b1ea933d574a985776ed356312505nagr,0,0.12431560456752777
8,920540ac4168ed08a1e297395a68d718gsqdn,0,0.07315754145383835
8,ef65488c949595d7885525ccfab9100c6cmqb,0,0.8230507969856262
8,354d4abc23881a40b8f119225e0dbd09tk1u3,0,0.03902072831988335
8,14c69cd7fbc8300876f287520c493fc8xe2o6,0,0.3083992302417755
8,c888cda1ef5931da0db90f6803cd0d368ay6r,0,0.046067576855421066
8,f28b5654b5633a0b5e3f757a16080116sjj1b,0,0.03727693855762482
8,37d71b4ae830fcfa6f0c4f65ec386414n8h5l,0,0.044906336814165115
8,b4210edd4ec9bf872c7108fdb3c6aae9cjwz7,0,0.03577724099159241
8,771f6754997a1954eced81d46348b4762k475,0,0.21019671857357025
8,f473c995ca7b5287f9b2f079f0d78a1e92226,0,0.935900092124939
8,1899fd76b484b9275854787a6b003b8a93js0,0,0.052665144205093384
8,b3dc6151c6813688d0423dbab13d3f19crw2w,0,0.038900189101696014
8,9d8a1ddb38499b3403a6a93395ef29bcrznni,0,0.03627169877290726
8,0a9d614009139236f198ddb4759a498cen5ix,0,0.052318867295980453
8,741b9948c8cf42d658676e5a46757815zstr4,0,0.03592527657747269
8,b9cb81e5855add059728cf932f0624fefbi2t,0,0.07928755134344101
8,9f52fd88ba073512be19e3d24d4bb6f91l531,0,0.03804516792297363
8,55453d252a225f3b046c094a7aa330a80dr96,0,0.0784345492720604
8,bd6adbe79fcb843aeb97546947af1236kbg7p,0,0.03537647798657417
8,6b1666662837213ce77c329d8cb2a842epaeh,0,0.03702598437666893
8,12fefd74d82d90541872847f199f6324cowi5,0,0.0347835011780262
8,e29ae1bd8e6e7dfc9cb43b1572d3d55ca0hc1,0,0.03917519748210907
8,7e34a26c4c339e875997f4b9239d2b5fscng4,0,0.8448935151100159
8,b08034d2d4fa400b457d4a59a2482e8enfhqw,0,0.0351746492087841
8,8b253bd318229b3eea3f459bd81b8347khytb,0,0.9556244611740112
8,0181b91f58e6cbaa832235e2879c9c00ovrzi,0,0.04534362256526947
8,03e884d3e7e3356608187d2345e4693fyt29x,0,0.04236370697617531
8,ad228143392ba96c21bf51499bac1c3b3kmzo,0,0.0353458896279335
8,9f2086ccb71acd84652f861517d4dff9du4y4,0,0.04169570282101631
8,18e751726fd7c407c41cb18c20da2c4er5z1r,0,0.0375354140996933
8,717a0a200628f9606d88afebaaeb409bv60y8,0,0.6757153272628784
8,3d575194dae5a2e2966abdf84d800a3bgbsd8,0,0.11461468040943146
8,d81579750b388276f2d8f6d80384f499n13l6,0,0.041472963988780975
8,b7e0afcd391a22444eaa566aa527eec0x2yv3,0,0.03467267006635666
9,1c5f4fc669099bfbfac515cd26997bd12ruaj,0,0.02094440348446369
9,0a6ba32afe4756995db2f5cf2461cddbvj445,0,0.03401344269514084
9,3f3a3705be5ea07b9ba7ee646ed756fbssuo7,0,0.04249657317996025
9,25d75fd439571c1d9b946f5ec833786063vom,0,0.023852232843637466
9,5354c02817e47f28e60e44a40ca5e48dll4sz,1,0.9607470035552979
9,d878560888b11447e73324a6e263fbd5iydo1,0,0.026462210342288017
9,0b68888358a492884e3885bcd73ea63bhxidk,0,0.020317446440458298
9,c748f0d69cc89d5812c9fe3a6413bbb26351l,0,0.046765051782131195
9,2c581ec91825362ab66a7ffa05df5e70hl3h3,0,0.1135026067495346
9,1476226300a93d22b15253ed7339429a7ijk0,0,0.3531321585178375
9,95fede5853bfffda8f50f6af494ff1d1hsgie,0,0.08187907189130783
9,9434778d2268f1fa2a8ede48c0cd05c097zey,1,0.941350519657135
9,e1da7d96b83f16aa80cc254572cc154fcoudy,0,0.24675007164478302
9,f60edfe5177cab56896a9d6860995095cl1bb,0,0.021611973643302917
9,fb92fc925c5df50f4da7874a7542cf2210z1f,0,0.019077561795711517
9,19815d9bcdc74c3ddfb9ff210c1739f3tup3i,0,0.020354194566607475
9,a3c2ba79963b637f15086e6255a46253lwpnb,0,0.019467325881123543
9,85be8fd21f41bc3dee86597d272825726bp69,0,0.018900884315371513
9,59ae36080fae26bccbbc31a4505b6fb3v3zjy,0,0.06486078351736069
9,6394edfbd35aab54801518835e33ed50hcr5f,0,0.13089141249656677
9,87aa94042390f9267d3b7d90e42b022ek5mbu,0,0.019794275984168053
9,cf33d05860b7f7d9af73c6091190b81ektz1j,0,0.09719016402959824
9,21580623ea81c5b0b82aaf74890218e5mio2z,0,0.12121660262346268
9,6531bde8d4decd9708ff4407ef95e887a26yi,0,0.12906357645988464
9,806a46eb814ec7a09bfffcf38b0763d344tc3,0,0.06832194328308105
9,f5a67722732675f6285b70b9f008665fq01bk,0,0.02030399814248085
9,758bd601d6700494300ec1647682eb34vq1zp,0,0.022244684398174286
9,d0231e5200b870c055db7e3daae24bc8lt7at,0,0.018979962915182114
9,03244a553a252dcc3a3037f0371c8d33fmpd1,0,0.12932056188583374
9,915ccac760c7359a446100fd1a54bbf6oyrzf,0,0.7847158908843994
9,9baf61c813f1d4a09e3c70f6dc741f34voe3n,0,0.022514741867780685
9,024cf43497fd7381df6254888670f84bwbbam,0,0.022315578535199165
9,12d6239a92972a35bc990225b3ab33466znm8,0,0.026402445510029793
9,5960fc711b544e2617d0f76360b69e2afds2b,0,0.13059787452220917
9,ae94687eaad6b410713db9106c42566axgn9n,0,0.024361761286854744
9,15972a431aed117840dfce5556242366c3fwq,1,0.9621918797492981
9,367edc726ba8e667973844395493559dtf2o3,0,0.019856110215187073
9,5b25a86acea5ff395bbd62399bb5cc9bb7h6i,0,0.019179299473762512
9,fc8e62e5fb69ba67265a3d0e3403aa3fr8c2q,0,0.6935588121414185
9,36b84c776aea2e008180dbc72393ed750zsbr,0,0.13013926148414612
9,68f092336430866db606f137c57c87e0hw7aq,0,0.04247798025608063
9,17eeec8676ad56bfead1a9406277f41cnev3n,0,0.9426149725914001
9,8126928a319468b6da5edce4097d2398xwita,0,0.019314205273985863
9,f80075873f7183a03b1b10ac3f740032v6w99,0,0.028893020004034042
9,85155ae64ccbde01b48fbf4b3f1b739exmqyu,0,0.020835965871810913
9,74fc24cafc7c5936d0422b8da306365byjv2b,0,0.04198789224028587
9,7f807b2eb6c391d55e67bcdf7e1cbb3fhylw0,0,0.02439703606069088
9,f186d292f4e83f70a92c97f92993f655ygqzw,0,0.02028053067624569
9,e909515a6ae94a86027c717c4085954akbpt2,0,0.02488596737384796
9,4741959d26f99012b8a6a3e3954eae40hsy6j,0,0.1296212077140808
9,8b4071f3e2702b88481054081363bc15her3f,0,0.9709826111793518
9,f0c356e136831c41884b0732ae3198e0gcy8w,0,0.019325094297528267
9,cd856579a7c4850b60d8763520339449x0mqg,0,0.0514657236635685
9,b5310019f2bbbd975c64dc11189191022k8tj,0,0.019555548205971718
9,01a39439e7afbdcfe385eedbddb23d76zgdrg,0,0.01935167983174324
9,3d8cccb637b990ec64d662d66ec059cfn1p3p,0,0.031540412455797195
9,dfd5c9157a0a771f235c32f30aedbf84e2552,0,0.0682658776640892
9,354baa6c4764a5bde013ea3f7edc72552r3oa,0,0.9638116359710693
9,ac494ae5acf003f84ba46f5741618a8dn19qi,0,0.03700491786003113
9,245b584befa6a5b8c759491f5f3db580p2m5v,0,0.0211446825414896
9,408f81a85f3b31f8cabedf6ccd381961pop72,0,0.04109745845198631
9,64e802fa8e0c17ec2ba1b6425648b7cb7ndkn,0,0.03264296054840088
9,ead2ec4563ba25a9e9d417f1964b7504teqtp,0,0.923713207244873
9,81a6dd18d43cb3b1999176eea563b438roe7y,0,0.020939180627465248
9,28aa6c505e308e49e586e25e1897ed2axjiy0,0,0.02182735688984394
9,5a2aa4e8c227de4db26547fdc1f017cbxb62j,0,0.020873399451375008
9,037d9f10da403d8d5f94b6e2957a3702f6x07,0,0.7847342491149902
9,585b938fd44968d0d59fcac453cfb3b8p8nti,0,0.9408080577850342
9,9fada390b6c53ecb47e6f4eb4353e14f01xu0,0,0.02962731197476387
9,e959a3ae64e28a7d3b37934c0d826867o3sp6,0,0.02559446357190609
9,3d94b376bae8dd60eea48ded36134a3962glw,0,0.04528592526912689
9,7b93ccc9d5730b561ec5fa7f4bd48c04qudf1,0,0.9176400303840637
9,f0f21cd3d51b7a233988cb1c3c5df977zjqkj,0,0.019726036116480827
9,1680f758aecded6e25096b3a6199b38en6n73,0,0.020111752673983574
9,a539fbaf8b29613ff0e4f3e5831aa7a5p2cva,0,0.1242920532822609
9,d9177cca9a1bfe3478cc4f11a0d57de2p8ahp,0,0.12888257205486298
9,1b0534afb7c02bb023bd4767ae73f17dqzqdu,0,0.2644139230251312
9,8c4b0d95ba36c0ba2a52f9043c62fccev75uu,0,0.020672230049967766
9,334714f005e994d46cf4d18093dd4d05fyxc8,1,0.9673726558685303
9,570910327f5584ea1ccba92634d89832lo1zc,0,0.1294242888689041
9,340bc29eeeb9b9d04eb1fb72a1a9a2444brgk,0,0.020117929205298424
9,27cc072f1432f7aec4b7e17cf2e473f2x3bjg,0,0.958810031414032
9,ea6c07fbbfc3f0e549701b1e7b90c4d21zfjl,0,0.1308463215827942
9,01eb9dcbd0b3e79d94020d13d83a993ec9d2a,0,0.026659447699785233
9,cffb5f3c1f4ca815d0f643fcb2f2f316beod4,0,0.9439747333526611
9,bd0f0c497ef09b5c1bb18b330d932bffktn3i,0,0.029376685619354248
9,d65c538ae39fc1a7e0677583bba5fdc6ax1et,0,0.6547062397003174
9,6c55d253787acf5210f7d785546db80dqtleg,0,0.12231084704399109
9,4a2d5b70f0fcec3ad9d8ac4b447efd6f3vs9c,0,0.17556415498256683
9,640f41f27c03aca0c45775eb918b666cnjsqv,0,0.09659428149461746
9,45cfe8744884eb207048e3cbee31ec56hd9lm,0,0.021087290719151497
9,0d0d43ac593a891ce100d8202d3d72c3xsma8,0,0.020654749125242233
9,ca0331fc37db2b251a012376f7b987fcma2jw,0,0.9708164930343628
9,295fbc4ef00fe0cea7947811e78bb8aez9ti2,0,0.13079892098903656
9,b2d3db61ddb119aa4e5f43e1bf72e349xr5tp,0,0.8900490403175354
9,e24542c1bd46a4a0f98b0fa95d8fc40brecdx,1,0.9668636918067932
9,9b51afa3c3a736bdf93bd1f2a7b0a0903c34w,0,0.019805101677775383
9,9ab3bca29dbc32070cd7f729ea55639a350tu,0,0.024203650653362274
9,18eb8d55c84019b9196c5ca7e072b287bv68e,0,0.020093271508812904
9,4ab56df4b1befe3e2ce5cd98e8950ba2psqq2,0,0.09359492361545563
9,d63671871e4010e904b9419e48781565weafn,0,0.019269291311502457
9,3ddd3eba016fc11b07c8a9ecb3fcc2975bkru,0,0.12360793352127075
9,cafa845bd657b17eaa82940d4767d9dfe9uxg,0,0.10289312154054642
9,9ebd57da79b9286fd67a53e61528cf63a1w6c,0,0.022302182391285896
9,05c6b93bf8f083b2d0a03ffc0fc3524ba8fi5,0,0.018762506544589996
9,a664b6b42fd48403fbd34800063fa50bz6k4m,1,0.971045196056366
9,e19f258fa5019e58974b562a8e1433ccluztk,0,0.18400733172893524
9,a99f91d51e8d9f5786dfa52e24292dfebi55j,0,0.023571347817778587
9,51d2e1b98b7a1e42b939637dc6e11381zu201,0,0.025277402251958847
9,876b122982958678f14bb25d887dd79dun3qa,0,0.01930452324450016
9,2819b8b2295f272f33f8e76fd344ce6bywj1p,0,0.0345534086227417
9,c1434e440370882ecf00ac52140f7adbuy1e9,0,0.01934731937944889
9,9393cc68d0357d7b200a94fdf93ee3cf7xg5l,0,0.019687771797180176
9,be3bec53b42be118ef2a87fc40db7311k4as3,0,0.026402538642287254
9,012441119bcf83b23d4768bb72cea6d6carua,0,0.023892292752861977
9,d8ff621bc161b09d9192c445f4b3be7b8xow6,0,0.020634977146983147
9,84c4b58a1491da3a30710bcdf61f87054xfq6,0,0.0419917069375515
9,8720f071e045d4cec9d707c583a3d64avjyyy,0,0.020574061200022697
9,9c223f867c65938ce8623fc41bec08485xddt,0,0.020747730508446693
9,936d542904f515ea87bab7996497b11aszyco,0,0.019947713240981102
9,c97dda0fd2de7d82d3a52eb6c0788062h3tq6,0,0.13030290603637695
9,44be920e88377290bb204795f05a20369jp06,0,0.02078496292233467
9,8783939eb63e5eb4e5cd412d8480f3955ipxu,0,0.020874302834272385
9,10f1460119f9e42bcccd0f68ef59cc830pwtq,0,0.020935233682394028
9,7daf0e51b276c6ab5bd2ccf520dae106graj8,0,0.02104288525879383
9,b071545f5ad73150880c42e780d951bdzvxn7,0,0.791128933429718
9,fb7c9b1dcc3b44dd69e42a84406117db4t4mn,0,0.020847609266638756
9,cbc71ae3c3690c89485eda3f08b9bb51rqrxz,0,0.7744077444076538
9,6b85d622dec4fff284d55895eba9969dqlhu9,0,0.11843937635421753
9,de8943f2b113702c98ef695888b7d0c6my29p,0,0.13075271248817444
9,8ac7cc6a62b82e675465e89f67ab1f962ltgu,0,0.021335963159799576
9,fd1299f1343236dea07bd0ba5f8ca220csnv8,0,0.02475372701883316
9,452619e019e5651a8d98e3d59a478b7fez5e0,0,0.02129681035876274
9,af9c96944265cf541b3fe734a057821a825l7,1,0.9163218140602112
9,38125387ec30412c438280af8931254dmvfgb,0,0.022510023787617683
9,bbad48cdaa604c1bf40b59120a775794rnlg1,0,0.02267252653837204
9,4bddcd4957ff826dfd3b3efe6eb96be9aw5tz,0,0.16414101421833038
9,6e18a078182a21b8522bb69a822cc338in7rn,0,0.02042217180132866
9,a9bfa54aef505d65ec488d8984c82a7bf0fjm,0,0.019691241905093193
9,a6ec153fc7002cfd929b9f7199914cf75upgt,1,0.537876307964325
9,4c2af41637c123c78074e46a22526298vol9h,0,0.022757766768336296
9,e2bda091a91082b774d59f2c5b8480ebbijs5,0,0.022818218916654587
9,4761b2fdb4ce610d1d8dd9ea50f478cf7et0f,0,0.08281653374433517
9,1bb03cdb913f203f704caf8bf6840b6fbpigb,0,0.6141327619552612
9,1dfa6e724441ca3c913b3d40967c17b2p9xr7,0,0.01921721175312996
9,f27321571b5b6184e86acb6203c766f2bsfxg,0,0.01905287615954876
9,46ceb58fb7a57d86a26cfa154c940a8cuktu7,0,0.07682017982006073
9,59fe751fb6c277016b7ebe3609aa1b15vhg7w,0,0.036172013729810715
9,0ef9be4eb3b6a03ac2945522964b242ap09cy,0,0.019675755873322487
9,a1922a9ee4f9f5d03fe11816c2cc3eb9ivcbp,0,0.02129494771361351
9,d1780c224460a0c20d5c2f5f68714c5264xd0,0,0.036172013729810715
9,0cbd01c9e8cc800aabd3b3e4c618f9caktfgp,0,0.47936931252479553
9,c41f5fb84d9f9e2456a5264c79919569vrhau,0,0.05557539686560631
9,b5a92183d20e5ca98da4065c874e0b9dezbhx,0,0.9708643555641174
9,0c5992f18244e24d2d7b4708a512378729eev,0,0.9023106694221497
9,abec779131ec6bd32f5e32ed0f274400ekljo,0,0.022952532395720482
9,dc9a7ebdb6fb8dd3267ac26dbe5a62b68e4vw,0,0.036172013729810715
9,ae15accae2164aae084aef7e3524c1fflq962,0,0.02149166911840439
9,98a5197faba8ba72d6ee9e1c95d65d737sigb,0,0.06256740540266037
9,dc87cba6dc8717e219e9fa9edcd10ae4a2i86,0,0.05123177543282509
9,0a7446b63f183a4928ae762ed6cd1c4b894qz,0,0.019648630172014236
9,f3a249f6a5c2c88ddd8bccb1f8a85fe52xnkq,0,0.020462805405259132
9,d13cd9e0a7b95c0a35f3456014865230qku5q,0,0.026165373623371124
9,1dab9ffc5c6bf06e86e0dd1b3cb9ebecn5pu6,0,0.13921965658664703
9,c59f4511da2e8dfbf02668a49bc391895wk3u,0,0.12760257720947266
9,260568e07963ce8351f3313bd7b9b0e2vonva,0,0.10057064890861511
9,bdbcdf6a935f4d1781a2d33bcc4967130bdqy,0,0.7490400671958923
9,2b5a7c969ae95b239583f09936560b85g574d,0,0.020969917997717857
9,72dbc4a9f579a9444c126a0a67118783092ec,0,0.021171310916543007
9,3cab5bd983f5be9c16789b6c14bae982nhi9c,0,0.0739273726940155
9,3105d663ef3dff7e483a46c56580a9f9kd7f8,0,0.4162674844264984
9,3df41510a5044de5438015f37dfa3443bt7pp,0,0.021477308124303818
9,a0aeb6de8a21a5b776f63530ed753fdb34k7y,0,0.02644336223602295
9,309f446bdb138faeb18072285ccd9901gz80c,0,0.4915095269680023
9,3043fb0b4a1904222f640107f84d6f799tves,0,0.019028261303901672
9,a2bb8b3e3ae4566203eb5b3021b4d594pohf7,0,0.019399825483560562
9,eec2ea9d9b292a343f8ee566ba252baapagwb,0,0.02132037840783596
9,d26cca81c93b52ae3564aa6cdf33f5d5mkliw,0,0.020155632868409157
9,89291354b0939c342be97fa58e018bd89fvcf,0,0.02065354958176613
9,8e05310a342aec93aaec69a638e83a96aqyo7,1,0.7073885202407837
9,70c31e8b3476b953648fd4f8775c1950m1uz4,0,0.023348161950707436
9,eb8f9ca4a23586f5acc770fff966f654dy7g0,0,0.07932896912097931
9,613c7d60152ebf06e3a7dd326ba03261mnn8u,0,0.01895485259592533
9,1afac423a94778ddf9b6c1dc0df7105cgp1tp,0,0.02099127322435379
9,c9f94611f4c9afd3a3153da9654e7310jr201,0,0.043226905167102814
9,1c950af57581698616bd9923cc94fef25n5wh,0,0.02279006317257881
9,01cda526658455000913950f20cf31a2q6nsf,0,0.019638903439044952
9,6182daa56cb0623719228c9e576b71fcpg8r8,0,0.04041970148682594
9,24108e769a15b155bd2d63c58368ae5946zhs,0,0.021195679903030396
9,5fc9437841f1dbbe63a3a933c48472fcohutg,0,0.06538507342338562
9,716079d1913959ccae0307f760bcddddt6d4o,0,0.031226659193634987
9,4992da4511c3c1b4efed3e16c7d8dec65ilfj,0,0.01923062466084957
9,ffacbed056cbfaa60c1fcf51f0d381bddr3ly,0,0.020844008773565292
9,d3920630f4891b9ef1a8a199ce5c830aua4yi,0,0.14147062599658966
9,00a0517965f18610417ee784a05f494d4dw6e,0,0.03380881994962692
9,1214fbf35079e7afc0a35645f8be8b218fd5o,0,0.036172013729810715
9,42e631af9bd00e5e816f08eba3b102d5ch576,1,0.9411942958831787
9,b1e106943db37b1d002bcbe06b264b8bahuy0,0,0.021745968610048294
9,f9378eb3e522beef7e6a4e1f275bbe0eaboro,0,0.036172013729810715
9,11e47dc08d7fa4d1a1953b5868892f72qvlho,0,0.019341571256518364
9,4d1542974bc322859d3d099b8c5193felot1k,0,0.9579563140869141
9,649b364bc466208e559858f0677b421dbnalw,0,0.018909605219960213
9,559bccfe60c7193963f09388fb681ea65k7dp,0,0.020372986793518066
9,6429ef4aebc7d1f4027b31a6e900d165nqvyz,0,0.021457606926560402
9,86a626c876e7eb4be35f4f0b0a78f97a1rn7h,0,0.036399777978658676
9,d8a4b49ed9ca241f025cdbd9637198fb71qmz,0,0.02084137126803398
9,ab3e02a6b47b250b738fdb010dc84cd7lrr07,0,0.0192816574126482
9,bf8de839c1a8b7994d19049667548e4ewchpm,0,0.02021489292383194
9,6a97f70ba29a04e77eb3b137e157070dc2mqc,0,0.021390877664089203
9,2b13a870a46975494b749feea0c5c7ed170ll,0,0.03576052188873291
9,a7c263f3fe4f19ff677e5cb475f7e5a3gdom3,0,0.021462321281433105
9,4ed4760782d4e2c65bee8cadc1fcdc89htz8b,0,0.018941033631563187
9,2daa71f0d138b8c2d61583d3b98a25e1mjp9c,0,0.06826481968164444
9,461c1d143120270fff5ebc1b91934951378ud,0,0.13091444969177246
9,1d69e006699adba0c79ab06f2f622445nuu63,0,0.020382476970553398
9,c503bb79d4f3522f51d348c680906c1bs0w7z,0,0.02276240661740303
9,5dda8ade6b5d4065f3119a381516c227yoz8y,0,0.9631891846656799
9,03aafab9868455b78f0723eda86698ba9v9rm,0,0.9583301544189453
9,78c82f2e8764bc8001354128f9265efcqrthe,0,0.020189719274640083
9,591ef8d73236d150c32716359a61ff2auk6y6,0,0.02054661326110363
9,942af1514033a612b203ec58f7894c9fv899u,0,0.12583115696907043
9,d43189c6eef7a763b2f8596228807dd89x9y9,0,0.021131226792931557
9,d127576e329604b576df0a3248cdcda3279td,0,0.8151277303695679
9,121578435bf4136746cd2a80f1990e07cv1px,0,0.02249133586883545
9,7d44df0d40982a6651a06cf533ef5dddtppag,0,0.9110866189002991
9,8c3631460a4d25d2b21b1f92ebbad752a19ww,0,0.020589007064700127
9,fb200accdd0411e96f1b0f6d6f6d4f52rgk01,0,0.020628422498703003
9,fd5cef3fe1217c6591500c715d71717anczcq,0,0.02004280500113964
9,100d406b638e84e2da7c31b03100b874qiay2,0,0.04319293051958084
9,c0e3343070766b359c664f93ca65040b6bh2k,1,0.23232898116111755
9,9349befb45c4869b68e82a1944f4f01377cpz,0,0.11632116883993149
9,24d4554556deeebf61510cf3e001edecu8hgj,0,0.031132064759731293
9,8a958e0092f6ca984107ea6c3975f806c59m2,0,0.032388266175985336
9,78e59e188d9780cb8988d574f692ed343s129,0,0.019244642928242683
9,d79919e5ba11f26bce5e70f0a4f859e3e4q9y,0,0.9692667126655579
9,1df5be644b8963750305092eb8ec878ayba4x,0,0.2168092578649521
9,05c9fe8f8852ea069a93dfe39fc0571er9mdt,0,0.02348390594124794
9,4dd7f98cfffffd6f4707fd0deb4a00b5rj9wv,0,0.9627371430397034
9,c435ac9dcda855341e667d440c2ef7c6nd3mg,0,0.019489694386720657
9,baff2ce04381eb1bc4747d557bf52208vqmby,0,0.019674675539135933
9,24029e6b641077ab7b9a1fde11a42666pkz6z,0,0.9664417505264282
9,4e22432d4a059b14d1d6a68a1feaa953k8vrb,0,0.033982858061790466
9,71c2561141c55414618d67d1a8aebac1n0fjx,0,0.10151980817317963
9,82ae4df0acf8237d7af1a790e3848645bp73e,0,0.03209618106484413
9,461b089147eb78c582ca8a30fa7581a7mflo5,0,0.020354168489575386
9,ba194af5111cfcf1dd95eb36160c728ds4kcy,0,0.02332843281328678
9,ac2d643e0c0d3bfe8e54e5a961c6cfdb5xn9v,0,0.05562484636902809
9,afb7618f9e3fd071d4ebedf396e1d45drta96,0,0.018964486196637154
9,1680b6a12fdc8c64645c00ae8048f99c6uzoz,0,0.02016235888004303
9,ff181014a0d7bb534fb9a35f22e24fe72m1d5,0,0.1508808732032776
9,a945c65b19da56d0c7358d8858fe14e8ulfel,0,0.0706956535577774
9,6c021878ba6173a04d55bc1cf5544ac1f3t02,0,0.3301922082901001
9,308a5541e1206e126ef80f18cc29b7017520l,0,0.11927297711372375
9,c8a99985c7bf230f475a8e9be6a17d7a08r3x,0,0.0747264176607132
9,7da6a36817cf2d8c3be218a32ab25550c8kg7,0,0.020484937354922295
9,c16a9bdd369ed3ec2891c46e64017560fbx69,0,0.022091295570135117
9,459ea22b6b51936d0788de9f78a3547bf4jrw,0,0.020809907466173172
9,624ae2fe9394700eae7a35806e4bafaeq9cty,0,0.019139517098665237
9,68546847f11f6415034b7e2263e8ece62p3ud,0,0.08460105210542679
9,e578807073c57556ce334044382a9b98iaz6o,0,0.12960796058177948
9,f430aac3f0f7f88a9b504bbb71322d54mct7s,0,0.07418052852153778
9,782557b3ec17063f2a36fc9193ed3200h14me,0,0.2597721219062805
9,e783e5f6b818d18eda4065282022ac23jd1fw,0,0.021787775680422783
9,b17ce8bfbb565945ee9f289c2ddd8abbu1ndj,0,0.01896601915359497
9,a262e805f766306f4adb38211abf235akxqh8,0,0.030688494443893433
9,2012c722a90bc47f1abbc8319d0cea51p7l5b,0,0.020641684532165527
9,d5337c2d4b58426b30c8733313eb5247syn5p,0,0.02341218665242195
9,7bad0fc50ac7d249e0a3d8b83f68e855fcnxu,0,0.13060741126537323
9,6326299ca6a53277b2bcea07bd0b4ba8ktbqj,0,0.020818239077925682
9,2234754e09ba15519d0104c405326fc4igk0s,0,0.019405623897910118
9,29db827ba14938954c90cefe40d26fe1130kd,0,0.023554418236017227
9,83c9359ad94eab7f4b8fd582a6db4733frmsr,0,0.021128881722688675
9,6d501ebf066c0331853f1bee9754e781obu7z,0,0.13341249525547028
9,aa3ac65055bb4b1660f4d8c1d2c187ecoqvn4,0,0.020280351862311363
9,e704e6fedbe6caa9b434509d085f4c97nq6k1,0,0.024996062740683556
9,fb9b1e58ffba4b38175c11e03e51e1f48dnm1,0,0.020366618409752846
9,c1850964c360c9159e5d1d0b6485e210s6uvc,0,0.020853392779827118
9,d9576f0ba8c7479eb2b26f0d15c4abfayk5ex,0,0.025336172431707382
9,37bf6f23b628a3e2b5b22ba81beccbef0efoh,0,0.6280699968338013
9,7eb7b2f6a914afba5c3d207dc28a93aed9pnc,0,0.04208112508058548
9,958de49cdd870198543313fcf574d7c4eutrl,0,0.08425183594226837
9,d7e83a95a05308d4fae6428bb9073a7bg8aoa,0,0.027814466506242752
9,94c8c0f9c90820f28928caf5d122dabby69ts,0,0.11838262528181076
9,238808859d7752579a415e89a395500fh2o65,1,0.02093621902167797
9,1689122c3b25d9e7adc626de84c10006fr2n5,0,0.02091839909553528
9,ae37c0f4dc6e3d99f5b0243fd18294cak7pxy,0,0.9185547828674316
9,9be39ea5a0612fae7bc43a25a6d10856l3qaj,1,0.1891362965106964
9,79794d93380946ef72e95f55b4abc008hsns6,0,0.018979180604219437
9,52c441804b89bc20e4c8dd625bf163f27o2zb,0,0.1127275601029396
9,93e3c34171ab65e0b031dc67461e48b478u36,0,0.05102766305208206
9,3c77ec9f79f6febf630325ef84f2a0bcl3qg1,0,0.04038851335644722
9,c5c8a28a166913512f5bffa6a49788c5b0uaa,0,0.03405165299773216
9,6c3bdc508c20f2f3871766cd73064c8cib3xh,0,0.019857529550790787
9,6b0d09889ff4889deaabd5f15b3b34f1jxl6v,0,0.02206379733979702
9,9adae18220565488f77036be41cf71beiepqk,0,0.9510606527328491
9,400e8b5b5447b4d11e06a8bb0754d8d6l6xoy,0,0.06707027554512024
9,026819504b59bc4eefb9963d5fe4271aql15u,0,0.019908137619495392
9,162886daa0054ff1ad422e0f18cddff3qofft,0,0.1831563115119934
9,603d769a86a359a0d41118b47c0ab41fx7kz5,0,0.03381489962339401
9,dfb23124fba16b7778f65c1c8d091f949jz0k,0,0.14551132917404175
9,1bb7a8c04e70386f5496322158e9fc3ef6d84,0,0.027661381289362907
9,4d6fa52e125a18f433db6e6603b58ec7k1key,0,0.019489621743559837
9,50859deae0e0a599efde1725cde3a8b8dw86a,0,0.038474615663290024
9,0030a2dd87ad2733e0873062e4f83954mkj86,0,0.14167270064353943
9,0eeffc5039b27a4dc2e420eca75b1fa55rv5q,0,0.01961449347436428
9,664adb319c2be43104b6565a8ff293dea0f01,0,0.020781053230166435
9,950aa0150f419cd6361bd3c500e6e695xfljo,0,0.021418333053588867
9,bf190f2cffc1a77f0957f8cd1c98257dofy08,0,0.4889126121997833
9,f268f61e075419e5a001b86ee78557e2kmg14,0,0.05072763189673424
9,106f4ed8e9b727f8d94a1cd57e882a095pteo,0,0.02582927979528904
9,e8bc0150097c1b2b8b8c374b69e0d3a6mxfcm,0,0.06414727121591568
9,874f882f7efff96263e9b555415aac36dsxry,0,0.022301726043224335
9,9f9dd5c179d357b53f145ae1e5cc941f5qfuy,0,0.02074359357357025
9,0ea26a4028ffc16d9a8631d43e1b92105auao,0,0.085407555103302
9,01c1c7be49cd6cfbb9075925a05c9899p41va,0,0.021987902000546455
9,e8581ec94cd4d5009ab6b36c6aca9f0cp3txb,0,0.01918368972837925
9,eb27d8daded752fc0d1c828867b0f118cswwq,0,0.021080216392874718
9,90fe8d6fc0bbe4ff2ca7833fe51bddbaaibof,0,0.13055981695652008
9,0f8cb1baa83fefac10f885f79149bf13kn4nw,0,0.8268014192581177
9,a8b8959fe64f490d32fc15a5d1144f87qj9ai,0,0.026617633178830147
9,332ef2c7189603a497fc89345ee4f5605i5xw,0,0.11669553071260452
9,3ce8aa0207022698b6d0eef09c89b381jzqi1,0,0.02784968912601471
9,167008af05d4feaa636a565f6f83ec61a6ogj,0,0.021131606772542
9,8725b0aa1a32054450c16b099328fbcbi71gi,0,0.022961795330047607
9,32d2ce86b00693f0c26314e3cce2438dvxbt3,0,0.1200660839676857
9,8b109c0aee5ed07fc996e73d28e65888o5jmc,0,0.08271152526140213
9,04c6b750b0552089c87ae03de72289cfcpfmh,0,0.035137537866830826
9,c353286290001e0943ed9bb160145c42etrf8,0,0.1267697662115097
9,317d3e44b2bcfdd7293b84f82f44b8e31hx1r,0,0.02656647004187107
9,34914d163517a0cc4f0c971afb2352106vsvz,0,0.01964450813829899
9,55abcd1b00c6b5b54633fc7e98f0110bwoy3v,0,0.09194915741682053
9,bc3d08ad6ac94b8b5ce40a29b59899cakj3p5,0,0.8738632798194885
9,e56f611f1157381f4b689ab34b574e791qhcn,1,0.9626559615135193
9,76f17ce227e593aeff456fed46e36c83a3j72,0,0.7263067364692688
9,64f6b099082e4fb2e8da7ba4ae9abdead2cej,0,0.020482484251260757
9,429b876aa7e2d6741ddf322685363ccchue2v,0,0.020899558439850807
9,4694d67c21e9a2edd614e717aa3f4dd2e0w93,0,0.11196600645780563
9,74a35c4376559c911fdb5e9cfb78c5e4btqew,1,0.11167396605014801
9,6f07ce71625a0c57aa5c0c05071cba164jmba,0,0.022348517552018166
9,353d05bfefe1dd96d3335575ddadf310rgnrr,0,0.05352446809411049
9,1a09feff347553a2577983d7c742e3d6l2hfo,0,0.02394021674990654
9,70739399d69a3b7ea9e72742dc728742zp9uf,0,0.12614279985427856
9,628156f3bce703aa6bd275089c6c692499h1q,0,0.9572207927703857
9,470727c18798cf0e0ecc2a0dca207cafuena7,0,0.13045528531074524
9,39b501f37dde9b055d627394964d3260qiktx,0,0.01906471513211727
9,dbdb69d0032b0a251469107dd565b6c7irr4a,0,0.025458961725234985
9,40f2eaf03624a31952397644f1b79a6fvtfjf,0,0.18461202085018158
9,6c8ffec692e88d81e1b18d47818abb04v6llr,0,0.044528406113386154
9,13812c0d2c8c474bd62481d932407687o26kg,0,0.019694223999977112
9,283987b9f1ffd4514757483ee1f01351xd678,0,0.02691025100648403
9,a116e727a3dc0b69f5e7ae14d0ab40d44breq,0,0.02141168713569641
9,56b55e6ab49a4cbe7c76a2bbca804089pjq0g,0,0.09627944231033325
9,baf1aa59ebedbacea2ca418c5aa83888imys2,0,0.025851070880889893
9,eef111bfb93c213c174947c69b2f2b38cr2pw,0,0.09047859162092209
9,74cf3a0c5e4f080415888bad2f7119499lh63,0,0.021744713187217712
9,d31f6cdaf4f8485190b4ea588f8c1733y6qu9,0,0.12168188393115997
9,81207d4ecf830fee924989f4fe1eaa7fntkmw,0,0.10284919291734695
9,fc48aad7a51d965595b59550e08b94c670k7w,0,0.11890223622322083
9,acaec0b9f72bf4ab4318f3244344589b3700a,0,0.021689990535378456
9,37bb1697e1c3922a06c2d2ea4138a4c8s6wgk,1,0.9705463647842407
9,dfa7ead5ef84eebc79c67d3daac340b0exa41,0,0.03477534279227257
9,19033960ac23dffe078a1217788bc720jvjbz,0,0.02021455205976963
9,0c55920fb607fef2d33324f33565758a6e4dj,0,0.020712440833449364
9,67a1b129ca241c51d0abb5484f8eb3fct8o5c,1,0.8223533630371094
9,99a3bacd3eb66c909a02b85402ac38dfskz65,0,0.031037069857120514
9,ffaf0a972a6dcb3910fd6b16045781e2ava5y,0,0.033659011125564575
9,eace2a2890644d703c619fff7e41a9a16k7lf,0,0.024781078100204468
9,4d2fc319ce6c2ad370052e0f6f2b0a1dxiyau,0,0.019884491339325905
9,0a92c4fa2bcdc8e952546d236b322053o5wbk,0,0.06463692337274551
9,681b4f9dca9e70441fca4a58c05b0f50skmir,0,0.020676951855421066
9,c1859303603734d90d1a91d80977e14echjim,0,0.9282090067863464
9,6ca1de75674e78f9d3d63fd96fbe6e172t86c,0,0.05258927121758461
9,a639448bde9a72923b70917e82594fc66sa2f,0,0.02082497999072075
9,15b1e719796dc894ecde30f160e7ae20hrmmh,0,0.10376091301441193
9,a4e83190edb97fefdc4a6cbfd00f41fbm7c4o,1,0.9560506343841553
9,e60b306c01cf0c0be5c7d54facf927044g5d2,0,0.08729098737239838
9,054b51d059fe981ca8cc4e0d4c49aabb5mck7,0,0.9141466021537781
9,ff4e39c0be8af4b17a73dcb761e4bb6dmop0m,0,0.02139492891728878
9,964028ac24d4ca16c4b63f64b06df1c8ltrrl,0,0.024058019742369652
9,e49dfe2adbc4b3789f67bc044c231473clc4d,0,0.04631716012954712
9,b4495464d4503ccb8e696994059983c89g4lc,0,0.02855907380580902
9,bb4af76ec92ce75e8abe9a6a481d4314jyo16,0,0.13665170967578888
9,0ad17aa9111f657d71cd3005599afc24fd44y,1,0.9355581402778625
9,4089a2b7f26e5c13a7f3350bd52ebf8fh21nm,0,0.8510510921478271
9,4566ae63ee93ffc6b000b5cbea7f6a8ehbg00,0,0.02910277061164379
9,1870650d20a97db60ce4133bb9352b69h9phj,0,0.019757162779569626
9,b217ca4cdea62a3977481e398d2cc9bd4sxht,0,0.0223910640925169
9,b1c9bacacf1f33a8fe48d1a4ae4c761bcltiv,0,0.021588550880551338
9,6ed19e45dc118b78a78f25649aaaddbeef7e4,0,0.021075177937746048
9,8c339df2050a428c04a1c2bcbfe4a143loj8l,0,0.16126763820648193
9,537f38e5fcf2656968e0a1752dd494ba8z1jc,0,0.029017437249422073
9,7d063aa96e7a065ed5ff9deb7c851bddhrxdj,0,0.023448361083865166
9,fdd6944b3c3caaa7d1234ecfc11f8d080h90x,0,0.02079876884818077
9,4c93ba564461b1412df6f033c8ef71e8ck438,0,0.04223848134279251
9,5640f30464bb5a7bc6e98fd2873fc25dh78hp,0,0.11345377564430237
9,e54c3b01eab75ad3a616d56dd06ebef758ua8,0,0.02342369593679905
9,6c11cc7744fb52a632306ca8bf966cd1e4zxx,1,0.8974577784538269
9,235f78b13fc87c995c1f309403ee56bb54tu5,0,0.019001470878720284
9,2b5c4051f232c4848dbbb477c5ad7f389f4b6,0,0.1312985122203827
9,11d5f6925da5809e2d447788b85d6253jj8fu,0,0.8169997930526733
9,3fe1dacbdaf96fab0c213e218968c518twu76,0,0.04204821214079857
9,2baa5a9ec317cb21a11d83f6dc72a2d6xy9jb,0,0.04325830936431885
10,1c5f4fc669099bfbfac515cd26997bd12ruaj,0,0.04347536340355873
10,88ae7a35e374a6fddd079ebb28c822eeohwse,0,0.02989182434976101
10,fa64831ab5ade55daee13f852c16b0a84ujt0,0,0.3480774462223053
10,1b26a52e1e5980c8487bb35cf5027fdfwfnzp,0,0.049160461872816086
10,c0549e76b179912d52a28c3eb9b29376yaxvu,0,0.1703096330165863
10,38e919293f5dbd62d87ce288e41aae2a281m2,0,0.9536949992179871
10,d91a4421996dcf429f575e372915cdcedae6g,0,0.8383018970489502
10,880f542a275df1251612886d408b32e8m96cp,0,0.03766479343175888
10,5354c02817e47f28e60e44a40ca5e48dll4sz,1,0.9464148879051208
10,29cc13d48af9832e0eb481c8a095fec7mom74,0,0.030667878687381744
10,a1f4d216a1a92507d97166151d7c9fe37bei4,0,0.03366926684975624
10,9434778d2268f1fa2a8ede48c0cd05c097zey,1,0.872169554233551
10,e97becf0d4632035ad4cd5e65c827d6f0xawy,0,0.05652308464050293
10,e98d8f348b266653b6784329782fd2e91vu3h,0,0.05855730175971985
10,ef24ca4be7ccbd6ec68d4ea9f47c9e8ex1g09,0,0.07847276329994202
10,e78cb9678684d649453cd5e1e46baf462lq87,0,0.06244492158293724
10,68600b8922561fe26b8b6acf1d11efdfb24k7,0,0.1674601137638092
10,09d71d3e6a6871a7598dc2764c5bb4ffkz6mc,0,0.043672334402799606
10,af98b7d5a7c1ccd2968252a2fb1c06f69igbv,0,0.10504022985696793
10,6ecd9f4b332eb790dc933aea0a1528e2qkp4y,0,0.052784424275159836
10,4c4431ec9b6e683bdc5a3118d5140105r1nas,0,0.14739951491355896
10,1cd8d86911413c73e92ad1170cae68c3pocsn,0,0.7803378105163574
10,1e342381f2c64318a51a9b71d91897f8dv9ul,0,0.6691983938217163
10,6531bde8d4decd9708ff4407ef95e887a26yi,0,0.07169365137815475
10,ff58ffde976a4899dcd89597a7877e18lntgz,0,0.7172214388847351
10,758bd601d6700494300ec1647682eb34vq1zp,0,0.03739198297262192
10,03244a553a252dcc3a3037f0371c8d33fmpd1,0,0.06250952929258347
10,461dc3d03d1e28d52770a4d3dc7db34558fcg,0,0.03745590150356293
10,48117c1e2b56cfc8739f83683e01d9b2aoc66,0,0.04548110067844391
10,75c4518eba20c9299a3a836d9905c327w6j8b,0,0.059044379740953445
10,47e0637718480102d235233c83661a7850foh,0,0.0854732096195221
10,3b233dc399f175100fb11ff9c66fa5b074z60,0,0.57696932554245
10,8c2bdb9dd878a811701838002627a056be0ce,0,0.9019591808319092
10,9653f425ed82418570fbca890f7032b16sjjd,0,0.03448403254151344
10,3edae72a9d44c43524c0203ce38581d1790xh,0,0.0644206553697586
10,8d43ad48f315364be4d979d2e9d5ee67quqyi,0,0.05748375505208969
10,10383b390780e7b4b03dc32c94b4973f66wou,0,0.08913730829954147
10,20ebb9de648c6df989f04d07cf273c7b3yu8c,0,0.9610350728034973
10,8126928a319468b6da5edce4097d2398xwita,0,0.031646713614463806
10,c7d335bf99b9c71fb22797ecbd78b92ashv4h,0,0.034725360572338104
10,ea0e5f7d93f2220a62bde8067f26daaa7oxgf,0,0.041524674743413925
10,72dd0e4788d25f62cc2ba942bb9499dc7quqj,0,0.030451374128460884
10,b8e47f06aef714b37073e72ac40a8100mew9c,0,0.03890283778309822
10,50791a0a98478b7f78f8d30acaa4683dxab5p,0,0.04411108419299126
10,f46cfa9acdb6a4c419c70c19be4ff9523uixs,0,0.03273599222302437
10,7339b024b285f99084bcca768cce5c7e0h2op,0,0.13891196250915527
10,dfd5c9157a0a771f235c32f30aedbf84e2552,0,0.03990153223276138
10,62ac0de5f8776ca1d189297bdea9a64cmewb9,0,0.03869759663939476
10,99bcfc00be736e03facf0afeb79ac533cs7tp,0,0.04023633152246475
10,82bec02fec2f08899489d7a5c35a30a0lbszo,0,0.03833186253905296
10,ac494ae5acf003f84ba46f5741618a8dn19qi,0,0.03646610304713249
10,ea57e35acda9a8f8b75f4d9bc049f74d7qx3t,0,0.05479082837700844
10,b64c209b3d1d91a663d134961af89125u0s9a,0,0.034960076212882996
10,0565a780f2c5b46837bbe9739ef15ea92fdu0,0,0.7056941390037537
10,3d281a78c6a116a91baf9c8db22b56bazer1h,0,0.36310938000679016
10,81a6dd18d43cb3b1999176eea563b438roe7y,0,0.068477563560009
10,a8561bec318a7d3a0082b35b086b4428wekph,0,0.9414790272712708
10,ea5948061b2059bcbd900d3ae7e86e428ae8g,0,0.687508225440979
10,31a301c70e897bf36276031abdf07ab6cs6z0,0,0.09060224890708923
10,a7454ee6fbb69c4079caf5b5b92574abi6pyh,0,0.09068180620670319
10,c08e5e3325e2f4fea171f24ca018e675we8kj,0,0.034960076212882996
10,33a7a0121e28cca4e42494dd0f5aa03fdhlm1,0,0.037455763667821884
10,9fada390b6c53ecb47e6f4eb4353e14f01xu0,0,0.030831584706902504
10,f61d93fddb01d2d89a85a132c649aa90lj1z6,0,0.05608563870191574
10,76a8a9566e21595a1ac06cc0050626c1q7a83,0,0.07855923473834991
10,26190fcf0babdbe0b0d903f325c52873tpj7e,0,0.2121313363313675
10,c69e65de28937ebe1b94e7785afd94158thqk,0,0.9111045598983765
10,c2d1b8c1b7a9c8010f5b215e8aadb1d7gahpp,0,0.280431866645813
10,e22528ef6a439aff5a8b19f8c9b07c19fyzs6,0,0.04036712646484375
10,334714f005e994d46cf4d18093dd4d05fyxc8,1,0.9620574712753296
10,340bc29eeeb9b9d04eb1fb72a1a9a2444brgk,0,0.03583661466836929
10,1e1c9332e90c1cb0f01da223bc043c528cvwo,0,0.08932149410247803
10,ea6c07fbbfc3f0e549701b1e7b90c4d21zfjl,0,0.05968950316309929
10,74f153bd134afc92866a6bc5cceb2088120y0,0,0.034960076212882996
10,c755d2832026bc2a6f5d2d6df5740f06mr3nj,0,0.03373577445745468
10,282fe85277f7c07b0ffbc5fed621a02ezp1zr,0,0.2920360863208771
10,55b39a51c925bfb42fb812ebc5fe318emsjjf,1,0.8015730381011963
10,e1b1c514e1b87826fd045588f1f3881707cyy,0,0.03674382343888283
10,ca391c857d7aa75a72e2d7c3133e0d6ay9pil,0,0.08366766571998596
10,dc752fa41d974bf688d25ea9d18e9a2eit904,0,0.03221634030342102
10,7fab82fa5eaea6a44eb743bc4bf356b3tarle,1,0.07873363792896271
10,0d0d43ac593a891ce100d8202d3d72c3xsma8,0,0.03383507952094078
10,3d54d594ffba32e8d6527a688e7227e30iq3k,0,0.037149444222450256
10,b970a53727b2bfaf02079779c846a52fj3f0q,0,0.16836898028850555
10,9c0cbc0fd8a6c22ae3648801ade080fek6i13,0,0.04816729575395584
10,3995d9ce0cebd62d77cb8add067d93e15oezc,0,0.037771496921777725
10,e67abc3ba39537cc640678297a7c5bfag490k,0,0.03377296030521393
10,bd8bd6cae40abb19b81b6b6a7775f63e5tk1s,0,0.048490822315216064
10,a3ef8857f2e33ecd25c409622b4e3ebcij8hv,1,0.9617491364479065
10,db5e9f85e7d180f7d952f12e5dae5900q9xif,0,0.030585316941142082
10,8b809e18804865ff2a2e799c9a5e8a48mtxdh,0,0.9505693316459656
10,5d02346d70f11cd61d9fb955846ee9bdp5o6k,0,0.0544997975230217
10,9b51afa3c3a736bdf93bd1f2a7b0a0903c34w,0,0.03504578396677971
10,6b9a3d480add21788772e118e6d51ed57e3w9,0,0.04995791241526604
10,c2294751630e49a4e594dfd89383b271qzp0m,0,0.6911278963088989
10,4c2699de8bc9516b09c5e5c8bae6d6c6xiry9,0,0.03501780703663826
10,4ab56df4b1befe3e2ce5cd98e8950ba2psqq2,0,0.12672550976276398
10,6533b670e02ccf583288ba7c8f5fb1carmirt,1,0.9628757238388062
10,55d0b2506cef6464d799879b65c6ba29hjcv3,0,0.947196364402771
10,b7efeea5ff94a281635ca2f0f7e8b3ca4zykk,0,0.03342250734567642
10,e5fd2ebbf5bac9ddc73ce524e1b33c3akti0q,0,0.035906147211790085
10,05c6b93bf8f083b2d0a03ffc0fc3524ba8fi5,0,0.0770600214600563
10,c0d065cc8cb585f027143f2ebc6b49f01g1wr,0,0.03626347705721855
10,20a2d48ac3400228e7a0296aaa596a0fvckdc,0,0.07462199777364731
10,51d2e1b98b7a1e42b939637dc6e11381zu201,0,0.03561754524707794
10,061690ceb6004807b7906968bf382dfcbve7y,1,0.962833821773529
10,2819b8b2295f272f33f8e76fd344ce6bywj1p,0,0.04009212926030159
10,9393cc68d0357d7b200a94fdf93ee3cf7xg5l,0,0.038767777383327484
10,0318e0a173f7c65db40116b903884c854x258,0,0.8050534129142761
10,6767cffbe2c0957492aa451560655be3hjd6s,0,0.4813413918018341
10,8cba56e5e7c2be942ea8472b73f0842fil1x0,0,0.06503879278898239
10,84c4b58a1491da3a30710bcdf61f87054xfq6,0,0.18992720544338226
10,dd7292cdbc81ebfb87945d9ab176d679gepf0,0,0.03878510370850563
10,e9c8ee7f783723fe8496dd35232d88f2or1r1,0,0.7057274580001831
10,3d48fb12020c1a81a65fdba2d75caf0d6q2nc,0,0.030815130099654198
10,272a9183c10d9e80eda8ccaf6682db71203nk,0,0.13221853971481323
10,9c223f867c65938ce8623fc41bec08485xddt,0,0.04897064343094826
10,10f1460119f9e42bcccd0f68ef59cc830pwtq,0,0.032360222190618515
10,4b3e6a8a52c413a32f76a6d7a84a54bb8gb0t,0,0.034960076212882996
10,4073de52fb5c46376dc3cac6b2f2cecdxyqjg,0,0.04010046273469925
10,2db8669a6d21a5c8197d4287ea32b7883gv5r,0,0.11720691621303558
10,6393f55c093e04e6e608e1ee8be9c3e28omjd,0,0.0650382861495018
10,aa7e36069de119ee3ad7c4d8c925fa3ekrs4i,0,0.03416229784488678
10,9d98d3f00a0c0bddf35470b0fb735fcdhiriy,0,0.9584583044052124
10,4882587d42b3d7d8d7bec4315203f10bl2fts,0,0.06045538932085037
10,bc7722baf876d0735ddc885691eb687bgz365,0,0.03786312788724899
10,a9062f1d7c589bb01ee0b330ee8791fc702il,0,0.3344762325286865
10,34cc283e180fcd4902ef8758714c6d83th4nf,0,0.07646497339010239
10,a283eb484c3245e5b12b18daccc075e9g9xk4,0,0.15380176901817322
10,73d4cec0ad358d272d757e0fce8440d01fvw8,0,0.07202868163585663
10,b1410ac124aeb5ef6b06667786feb742tijnw,0,0.2232571840286255
10,d38b2db568fb71174bf883554bea939ccts4m,0,0.10885708779096603
10,3128932859bba46f57cdd19579c42e05lif6h,0,0.030229974538087845
10,48044b1b1f47f168864bc7c4a58a65ecmt187,0,0.03655723109841347
10,4c2af41637c123c78074e46a22526298vol9h,0,0.06868518888950348
10,3d48d4b09fc7559bb6c129fb65c133808brgv,0,0.17810530960559845
10,1cf0d30e0bf9f4a536b1fe16ecc26cd22j50c,0,0.1307242065668106
10,86151544b29ad273209ec4605c257b089z588,0,0.03767477348446846
10,a4630d8b78c796441a1be187f6907b11c5eu0,0,0.04284276068210602
10,a1922a9ee4f9f5d03fe11816c2cc3eb9ivcbp,0,0.03225572034716606
10,d645e4b8b043a18bb1c8689572ad4fe16q3np,0,0.040276188403367996
10,f9ab998f3adb944a1cd1847a097fbc0bw61nf,0,0.03844533488154411
10,0c5992f18244e24d2d7b4708a512378729eev,0,0.9570545554161072
10,e4264fc4dcd5f917ceb002d860441370s054e,0,0.03819051384925842
10,18bc9dbbed75b55f35ec4be1351b7aa86an68,0,0.1911255270242691
10,abec779131ec6bd32f5e32ed0f274400ekljo,0,0.033522315323352814
10,bd0071b98d9479130e5c053a244fe6f1muj8h,1,0.059249576181173325
10,dc87cba6dc8717e219e9fa9edcd10ae4a2i86,0,0.06119043007493019
10,0a7446b63f183a4928ae762ed6cd1c4b894qz,0,0.05189802497625351
10,f19531503f1485a3014189a80971c6fb0d9fu,0,0.036403838545084
10,e561791343f3564a6fc612a98b5f3df34rxok,0,0.08022741973400116
10,8acae9b2e5454fbd92fd0b3d79fe89ad6w2wp,0,0.04027339443564415
10,5b1bc916ca111874eda3bbe669957cb1d3mck,0,0.03403710573911667
10,b1c2e7ee5c69722df6233541ad5e784eutiv2,0,0.034090738743543625
10,bc3b92a81586cb726cbf4d5b418fee41o20sj,0,0.1658228188753128
10,44c38c27b9de757c8c7c05cf07b7e3eb14qpt,0,0.18187163770198822
10,1dab9ffc5c6bf06e86e0dd1b3cb9ebecn5pu6,0,0.22327537834644318
10,9ba7cbcf531c20ef7cc55a6da5c0654evwt1d,0,0.327446848154068
10,c8d3fc73c1a41bf92a5e4982eb6cf78du8gg5,0,0.04234175756573677
10,ccc371d7848a80bc31941248b9f49b95hn694,0,0.08896344900131226
10,260568e07963ce8351f3313bd7b9b0e2vonva,0,0.15454337000846863
10,213a7fb31eef8b38a23ad6b0bf2c7fd0dx3vk,0,0.03342670947313309
10,511a640e38bf03022300f5503cceb2cd3f361,0,0.04196831211447716
10,d3ab33e9314c95d6806813171f292299tmprm,0,0.07582522183656693
10,2fe472c1be232dca314d4bdf0fa95165rjv69,0,0.6855241656303406
10,bd29e36cbb063cbb96ece76680ffd9121dy90,0,0.0588374063372612
10,d2fe98eb0fa21252956184a98138c58dwp1ah,0,0.04250359907746315
10,5c2b3f221cdf303df86ff1ffd7106fcco6pml,0,0.6611411571502686
10,339b8ca3185dcaffbc3ebdfd960020e8es0as,0,0.040521714836359024
10,cd35a3230456d4a245806e476c63e9a1evu7i,0,0.1490163654088974
10,ee5afe7f268aaa88598545df890f4e5fzari6,0,0.04311560094356537
10,613fe9b896ce3801e40212b3c8a8053c1e8nj,0,0.040445100516080856
10,23f9a0e1492c4abf375823266ddbe36bzukj3,0,0.05476859584450722
10,84c7bbdc12233f88f35c2c3b8f178803ta03m,0,0.03262919932603836
10,70c6727cc40fdc6f752b28102f31a38b883io,0,0.05218958854675293
10,42025aabb56a61f3bea90d27b283b517dyk4t,0,0.2257135957479477
10,99ca795998fb781a42d85f1abeb50482yzffz,0,0.9614349007606506
10,3105d663ef3dff7e483a46c56580a9f9kd7f8,0,0.4651886820793152
10,a32cce991a2f597f6e5a02605119f99b1dyq1,0,0.03469889238476753
10,0817731a4d2e319f6f771da3f522b8bfv6njs,0,0.9623253345489502
10,047558bebab9292a5d4c85d6ee768784j2hdd,0,0.9062668681144714
10,dd76fa7a75bd0e1921f71d255a8e0853l4lbi,0,0.04271024465560913
10,3043fb0b4a1904222f640107f84d6f799tves,0,0.06038614735007286
10,3ee7de4c5a5e31b7b407827ae1370f70suenu,0,0.16273526847362518
10,4dbc8d336dbe0241c9bbb0f3630f25059yo43,0,0.08940800279378891
10,5bb3c3ff71ef6560c7600c512128ffc8js7py,0,0.1679566651582718
10,6feec0741a319299c78c47040893399ebas6q,0,0.03987322375178337
10,f3bb3c26162cfc1b8c3636a7ba126010na3n4,0,0.9354470372200012
10,95efb775460080c0da57e154f27876d75xnsx,0,0.03928550332784653
10,d092609f5140c62ec64ddd7615c25792qgdrd,0,0.03313835710287094
10,6e848149cabc4434155aacb610fb20de6vq5b,1,0.9508177042007446
10,fe19fadb955fee4c5fcd0e30e56e1542kx66p,0,0.042951758950948715
10,36f52ad1abfd307b73c9b69cd5197dddmmxgr,0,0.05772494897246361
10,9e25bd3696b4e1775de205d2d4698a0df4s14,0,0.23017537593841553
10,c2f592fbdc8980229367e1db4d0f7a51my54g,0,0.04944019392132759
10,8d638f6da12614d6b369249410c3d278n8qme,0,0.17180940508842468
10,9375e98d0810ce9119ccf45300249636zfpd9,0,0.05948581546545029
10,1c950af57581698616bd9923cc94fef25n5wh,0,0.036920711398124695
10,92ce3c44edd41ad3222481daac1ead35bouwj,0,0.03917572647333145
10,b729f60d26fde89a01f3fa89759d6b07t0ec4,0,0.9428411722183228
10,c7c854748038ddf37b8a9c4f5a28073fsut8p,0,0.04384411871433258
10,bcda2135a2456d611876679b61dac500vs7sx,0,0.0341377928853035
10,f5edfebe95b4f637d1bcceb892b73dc7rhn7l,0,0.040779244154691696
10,9685887173cc2e1e5ee3993832a4b153bfl9m,0,0.03394779562950134
10,5aeb71cdc92fe5d1c4a4e127d7ca7783gzje9,0,0.08071348816156387
10,6ed39d7c89fa2d423017cc9811f0c469i2157,0,0.07046880573034286
10,d92c8c2d4c29d4c785431a8b34ea135awepbr,0,0.048533156514167786
10,fdad47d27b793b74470086c35333d4fepycsl,0,0.05041240528225899
10,83aa7c2c8c018888d9ebc6daf63bddb6f2i0d,0,0.033150702714920044
10,1214fbf35079e7afc0a35645f8be8b218fd5o,0,0.034960076212882996
10,17b41c48d6f53585c7bf3b65977eada0yxs8n,0,0.03348264843225479
10,42e631af9bd00e5e816f08eba3b102d5ch576,1,0.5180750489234924
10,49eaad86d095aa5af75ce34e59e4b7f1mmf9q,0,0.033763207495212555
10,e7cf764619380e5303089f04bf647f10thebb,0,0.03698122128844261
10,ec3b2ff6f725e847f93285bc9d2b7b3dvcd4u,0,0.09405649453401566
10,9ae9782ecff93ddf1c6fa13d711b9fe1gc266,0,0.6751263737678528
10,559bccfe60c7193963f09388fb681ea65k7dp,0,0.047953031957149506
10,90fd7b3c991701dee376daeb09a0a5b7kawse,0,0.04645078256726265
10,7259271b61d2f05200eb2e1ab1d2ec911jlaa,0,0.03901254013180733
10,96b7bb4238e7ebb439d81d63db4c2796aoofv,0,0.03470268100500107
10,18076726ec814a6f56da2cb9ea89d105j8vpm,0,0.04099564254283905
10,a7bc17dfb615eacffe397be5b2c2f3a6r0bb9,0,0.5717358589172363
10,cad9c97e99bd5753be98edd9ad8ec8c8c7r66,1,0.9617248177528381
10,5771ce26e8b0fcbe7e90106955638b251qj2w,0,0.14768114686012268
10,3e9180fdf158409adc96aceffab6e00bejjah,0,0.05887322872877121
10,e90e4701234b13b7a233a86967436806wqqw4,0,0.8016945719718933
10,0825d381aa09d1d0c47c77c372f07acbe02ky,0,0.03309931978583336
10,95af80db42edfce4e937550d60d79561punym,0,0.1920265108346939
10,adc548d88b9a307ce0b58a0d11d3ae14gcfon,0,0.08587005734443665
10,a96039c7cfb1d040ca978ec5e66ee2c0sb5ht,0,0.04243553802371025
10,3318a824cfbd3d3d177ab7e9520b21cbsrcgr,0,0.03637301176786423
10,26508777dcd84df59b467a60d9f18ca1pvvbs,0,0.03324039652943611
10,f069e2e45ce316168a94b972c5b7d6b0f342m,0,0.1256735771894455
10,591ef8d73236d150c32716359a61ff2auk6y6,0,0.04494749754667282
10,121578435bf4136746cd2a80f1990e07cv1px,0,0.04416821897029877
10,ca68a41b3a4062f154dc1ae8456cd792d6kp1,0,0.040297962725162506
10,eea79e1bfc21ff1b9572213e540e1252s5iuy,0,0.03409059718251228
10,870932eabebfc108296437c303db6055kc3t4,0,0.05256795138120651
10,c0e3343070766b359c664f93ca65040b6bh2k,1,0.15030135214328766
10,d3f595832d80988c2016aeafd125d8f072r4h,0,0.05420542135834694
10,f8f87e237833c3279a953b785653b0e5qka8u,0,0.037165284156799316
10,a0420d3961adf890fccf4b43899708f6h40zs,0,0.2204689234495163
10,21c5f4fff051adecaf1b080fbf910ca3dvi6a,0,0.3855469524860382
10,655a95d80489d145052254616787cb84fwqid,0,0.06398699432611465
10,1dce9aaf9d6b9cba38f9c7489764fe30nlrq2,0,0.050765737891197205
10,1df5be644b8963750305092eb8ec878ayba4x,0,0.5400077104568481
10,5c2e85ba72b9e9e16f77939fee7ffb5eivaqe,0,0.045693881809711456
10,4f57e657df5ee5d9207178b4b6858ddak9ouq,0,0.06486278027296066
10,fa64fdb8ad70e86efbfc31179e93e99egd27l,0,0.031163908541202545
10,a3d0a600cdb44f03d58f27b19247cd0d4az4k,0,0.06414148211479187
10,87c5fcd8d9582701469f94bff3cc415dvq4ia,0,0.04505101963877678
10,8bc48bc2cd0ee494e55470a7ab0814c12riuf,0,0.14354807138442993
10,baff2ce04381eb1bc4747d557bf52208vqmby,0,0.04166770353913307
10,1ba9422d7a55aa5abc3ff37d1cafa9f2yds7i,0,0.2972020208835602
10,cd9a7b22d85c35845260cd61a4b65cb2meyel,0,0.0971035435795784
10,24029e6b641077ab7b9a1fde11a42666pkz6z,0,0.9567306637763977
10,36473d4c641c4c09c20c80e2ab35a36dwzp5d,0,0.04824404418468475
10,2b2ee7d0ebdf910833b5cb173c567881jt8sj,0,0.17880620062351227
10,461b089147eb78c582ca8a30fa7581a7mflo5,0,0.035017259418964386
10,c34e1a988fb471e9eb8a5e84bb8ddf90k4hng,0,0.9526656866073608
10,6c0030ed696c4156b6ea3472374f6b54s4ih4,0,0.2538076639175415
10,50dd191676497345cc95d8b9f7284a7371z5s,0,0.06904380768537521
10,25f59f9da43b6806aaa125fa61974591sacso,0,0.036848850548267365
10,a961ba95d1685705953ace49a29424e2ld1ek,0,0.5362854599952698
10,45e4c7fe66077b5b7b338f19f476f9d85jlk0,0,0.04099971055984497
10,f781d7cab96d95bcea507cdd43b24255pw0dv,0,0.9282242655754089
10,ff181014a0d7bb534fb9a35f22e24fe72m1d5,0,0.25343361496925354
10,a945c65b19da56d0c7358d8858fe14e8ulfel,0,0.7872272729873657
10,6c021878ba6173a04d55bc1cf5544ac1f3t02,0,0.9412317872047424
10,88acd2e23ea6817d9d9fc28f38a8d1aftqssz,0,0.04255466163158417
10,058a4e0ac0a20f504cc9c6aae2a896e6too9v,0,0.06002187356352806
10,6cfd573a82acda92e8207745bca28aa7lqjcm,0,0.052610233426094055
10,a3ef8289a92196b07e2e7371bb111e3aom07k,0,0.04519243910908699
10,0a9c5e1f261c937c09817ea2d5e949f34v8oe,0,0.04922489449381828
10,445eea09a6299164f60dd11f23276b44rkt8q,0,0.19377432763576508
10,2012c722a90bc47f1abbc8319d0cea51p7l5b,0,0.03926393389701843
10,7bad0fc50ac7d249e0a3d8b83f68e855fcnxu,0,0.057522762566804886
10,3e0bbd7d75cf543a56919ff5069b31a9gcbql,0,0.03500634431838989
10,29db827ba14938954c90cefe40d26fe1130kd,0,0.09963679313659668
10,9372e27ce85a8c8b9460b87c37cf55ecqjjkd,0,0.04427052661776543
10,d7eefaad31febe607c252199a7672420kl1el,1,0.9632182717323303
10,96f31c5b3baa8704096cc8d4301b4c96i6fyp,0,0.040579408407211304
10,4c341a39553faef07ddb917ea4e069ed0yi3y,0,0.03478601202368736
10,a8a81bb8a3a35572bd1f9922f5a31217pw41k,0,0.20501737296581268
10,e134f2bb79d1a810aada6a24760c8910mh5na,0,0.13618718087673187
10,2993e59bbbd7d14bf4bc21e4d2a4f8eeb18d2,0,0.04557013884186745
10,fa6bfb4a2156dc8e73a713cdab85bc4bmcmwr,0,0.07069703191518784
10,ec86220eb6ce57c91a02a7356b342599jrcut,0,0.030916744843125343
10,8bce581a91921adaa5fc20e627cd7b94l6cp6,0,0.0559992678463459
10,c67ecaf47f857f37f63ac0f4b9af3249wwdtz,0,0.0747091993689537
10,238808859d7752579a415e89a395500fh2o65,1,0.058244165033102036
10,72b21fb7cd32b1a65bed8a12eb94a8b7qa7rl,0,0.06033392623066902
10,51cf4dc8898554aedd8572f97a95ef5cpi3ct,0,0.16676156222820282
10,29013ddeb60a18f7d3bf9f3aaaebae6c8651o,0,0.03227604925632477
10,16e2e48cff6faab74e1f5c47669dfbbda7l5z,0,0.06451915949583054
10,7ce3afe39ece9d672e9adcf3dcf2aa44a8r22,0,0.27685070037841797
10,f0e1c483773c2ef8466d152874872139e0wcu,0,0.037576839327812195
10,a124589b3af5a212406c0306584a9554fazi4,0,0.03884732350707054
10,8b4bcc98fa4666b22c7a17c9a4b93ebenlmlb,0,0.03272661566734314
10,20fcf71ad6fbd43f6f5fe493a6bc3ecfextqf,0,0.03954596817493439
10,6b0d09889ff4889deaabd5f15b3b34f1jxl6v,0,0.032864976674318314
10,400e8b5b5447b4d11e06a8bb0754d8d6l6xoy,0,0.08849188685417175
10,0a09adcd35b5f26d75f251006affc747drfu4,0,0.11286598443984985
10,35a02f50226eeda275b29a09acef2177k95eb,0,0.044302526861429214
10,6ab75792932fb1ea6fc74a18edb7888c2orvk,0,0.037224747240543365
10,98aa09a7ca13559a9e2a43fa2ba4d2b7klwin,0,0.03176844120025635
10,4483201dee43b51f338c0efd3b13bb895tric,0,0.12150213122367859
10,6affd6d2976aa7c48dac70612fc8e31ddo7j5,1,0.9594918489456177
10,683833b860c003e6c31c521c9cdb49a1kr6b4,0,0.05787696689367294
10,6faffebbde541edfccdb2725e430870cbkvo0,0,0.037666723132133484
10,4985bdbf8710c33fd7c9d4771db7c690mcbyr,0,0.05890670046210289
10,0eeffc5039b27a4dc2e420eca75b1fa55rv5q,0,0.04871591180562973
10,a8a2547a9153038fbb9fc66d2425d9a7efr68,0,0.04408945515751839
10,bf190f2cffc1a77f0957f8cd1c98257dofy08,0,0.8001412153244019
10,106f4ed8e9b727f8d94a1cd57e882a095pteo,0,0.08526049554347992
10,9d33ed2efcfaddba0307d12142f3041ce731l,0,0.03122415952384472
10,95ff2833eef5999a4f3ba4a7684d2b26a6v9j,0,0.05250949040055275
10,403d9c0288bab462bae858dc8aff2f94ti9ma,0,0.08345745503902435
10,b2968116361fd43589bde8eca72c5767o71qc,0,0.08247048407793045
10,bef84146ac1e2f21e928e06ede1404793bfnx,0,0.04615544527769089
10,5201935b289665a197e38f747882948fjt867,0,0.0817461833357811
10,33895230e0b25b5d3133d502ef3ecabey84m6,0,0.905417799949646
10,1982c4b164171180d480166feae881ecmxsgl,0,0.032922547310590744
10,1ea558fc18eb1b3ed7759a3aed7662d3p77wq,0,0.17479446530342102
10,bdab2be5a94c6380c60b902310cbe1b6rs4iw,0,0.06830038875341415
10,13c4c826516304555e291d3d91c108b3ytpmj,0,0.04293709993362427
10,4cf9c56df4594860df56285e9293a7f7evfix,0,0.0350833497941494
10,460e932b11a1529d78246317757899ccfaxng,0,0.8318320512771606
10,74149197c8684977e397ab60a6a264836b0lv,0,0.05876810476183891
10,210ae8381324c41f7b49e95f1b7aed80z55df,0,0.10802732408046722
10,2106dd7866abbfb4e7c68067d7eb9bebflq5d,0,0.9157626032829285
10,c9416e793bd0559bca3ad4a5194d4cd1k8eyc,0,0.03421859070658684
10,9ca7afbb673865b01cd4b02846054fc1p3vjn,0,0.6693609952926636
10,bc3d08ad6ac94b8b5ce40a29b59899cakj3p5,0,0.6460625529289246
10,c46e21e01a3f4987e00109d1d5f48acb1q72y,0,0.09639722853899002
10,942563fa6695a4b2f76ab6ff3bd58030i75z7,0,0.06433981657028198
10,78830493a121b8b6917d246ec73ccb4anwocl,0,0.9607965350151062
10,078e06b3288cf8f18ab7ed44b245fc56nbyfv,0,0.04541926831007004
10,4694d67c21e9a2edd614e717aa3f4dd2e0w93,0,0.1807260364294052
10,46f1d7df0a8ffcc10c3de0dad8979cabgr9ig,0,0.03229987248778343
10,e76057d8bcdbb3d2f935c30849a17e4d7ordt,0,0.038056712597608566
10,ce7d34398a6d6011bcd96ff0aa82b6674hxzl,0,0.04367693513631821
10,cca4426ec6d64f3e73294d4d5bc9719beud37,0,0.03255823254585266
10,ec96b5b27dc870c8f59ef11b7371b06eenaox,0,0.03167301043868065
10,d110111b8700f290b5d03a0e243fe375r3woe,0,0.04336893558502197
10,44bc1c87245aac66d176620f6ac9611ddbcil,0,0.057744789868593216
10,583ce05b5add00d9e7e5dcefb3c436f26d7c2,0,0.034960076212882996
10,43c76d050c9d2509d85c9dc2b1a1dba4zb3qt,0,0.27639931440353394
10,4731be79b5c7e894dabe5986e747b97bd6yxh,0,0.10392097383737564
10,4ef4b3e5727dc85f18aaf00ff9a1e936qyhp6,1,0.9311371445655823
10,c65d2236a70982d628454d19472ce26eltxgf,0,0.16382762789726257
10,d31f6cdaf4f8485190b4ea588f8c1733y6qu9,0,0.1987147331237793
10,a25f4c6838b83e0fcba372300c23c2537k5eq,0,0.03804754465818405
10,6b28baf315d41017844e15d645bb2c05ybt3b,0,0.07416640222072601
10,fc48aad7a51d965595b59550e08b94c670k7w,0,0.19377048313617706
10,acaec0b9f72bf4ab4318f3244344589b3700a,0,0.047081898897886276
10,6a3b1ee159716b743ddb8e07e499fadbhqn74,0,0.09752650558948517
10,4b72cbc9d9ef0238bb666feea6d79e718qry1,0,0.14021562039852142
10,de717bfad3ccf44a93f39e7b43f3b227cuu5o,0,0.04061191901564598
10,37bb1697e1c3922a06c2d2ea4138a4c8s6wgk,1,0.959557294845581
10,c2e1242ad5ea781923a08987d55365c69fii7,1,0.7720080614089966
10,8254276e772450c5365707cde76efa4cwuzpd,0,0.07265327870845795
10,6d1354e720cb9ec90e19e29f5f895669qh6g6,0,0.0685158520936966
10,25331706aa2157419da068e93f3989feyo7a0,0,0.04173208773136139
10,6275d51c0324547faa8a87b499812268tl90r,0,0.03847139701247215
10,d2f0217aa734f025ec008d24d13eca10ntuhf,0,0.07223328202962875
10,79cdbe82ec79d0e60f1b113d9a5bc5b4ar8bk,0,0.03368624299764633
10,6ce47fddd94be5792190cad9d972a5c4oyjww,0,0.04107900708913803
10,7959bd565852dd880cd31278fab3660fuaqyw,0,0.03565877303481102
10,15b1e719796dc894ecde30f160e7ae20hrmmh,0,0.16303418576717377
10,caf32bc98f84a47829e76ffe104371f6kphvc,0,0.7615781426429749
10,c83ee624c46235430ad4338278f6d270wfzre,0,0.03431351110339165
10,abf6c2cd31be1630f5a7a1219935011c3rkqt,0,0.03549542278051376
10,86e888c2dafacf13580a1211abf50961w6foa,1,0.9181404709815979
10,98c12418158dfb9494af01308ac2d0588gfw2,0,0.034761156886816025
10,e60b306c01cf0c0be5c7d54facf927044g5d2,0,0.10405220836400986
10,ccf30c9533a66f22f1c65910ae1bac1a1fs05,0,0.9496225714683533
10,054b51d059fe981ca8cc4e0d4c49aabb5mck7,0,0.8197337985038757
10,780566278695c3771f81afc605abdffa4143q,0,0.058259911835193634
10,920540ac4168ed08a1e297395a68d718gsqdn,0,0.05768550559878349
10,70db4530c292bc759238b8306ff4ebb6n4l6t,0,0.046718522906303406
10,b4495464d4503ccb8e696994059983c89g4lc,0,0.030738191679120064
10,bb4af76ec92ce75e8abe9a6a481d4314jyo16,0,0.22142265737056732
10,d927c987f8a4ba2dc4f38dadc0831100tt94p,0,0.03547115623950958
10,f895a8d9d7974b3ee7f1f04a25a950e9v63ps,0,0.033622708171606064
10,ddc6dc00f416ce10f23b57ebf758c2eeawzjw,0,0.04303073137998581
10,6da04647ce16d0f00051dfeaa94d3313ox30y,0,0.031390462070703506
10,c1c22607e7899ada525b74e757d248ac2b8ac,0,0.05952451378107071
10,120c8b384858420c4e46e354c86f4ca393w0i,0,0.5823732018470764
10,7d063aa96e7a065ed5ff9deb7c851bddhrxdj,0,0.032271161675453186
10,022ac3a7ce986049d9a4bede83ccf9ddctvg6,1,0.9615058898925781
10,0a9d614009139236f198ddb4759a498cen5ix,0,0.0792766734957695
10,bd6adbe79fcb843aeb97546947af1236kbg7p,0,0.03125263750553131
10,1b7c070ffb2c23c1d02ae5bc5d817d06qz4xb,0,0.037911538034677505
10,61e4b6ad0fc268d42c330ec99fd8c939yb7t1,0,0.8876803517341614
10,0589cf78c4bece729f0ac620557210e13no3n,0,0.040141358971595764
10,ba6811273d4f63d9a31937b71b0a22dforovn,0,0.9520040154457092
10,2b5c4051f232c4848dbbb477c5ad7f389f4b6,0,0.21427015960216522
10,3e602dff2e3bbe7a52236df2294c9e059fc2l,0,0.032204415649175644
10,e5736d7f8082d7d7fee8430c0e2279bcdmt2a,0,0.1791399121284485
10,15f34e73687d7361ac0d780737fca261g2s9n,0,0.4360162913799286
10,d81579750b388276f2d8f6d80384f499n13l6,0,0.0422980897128582
10,369515b3af4f8ca582f90271d30b14b6r52aw,0,0.05141701176762581
11,7eaefc97fbf6af12e930528151f86eb91bafh,0,0.1710359752178192
11,d1be739798ba0745a1fd72ac918a9f1929hei,0,0.16783596575260162
11,b37b352197594dae96bb9219bf59d656oz79f,0,0.22994814813137054
11,9c509838d129fcee98cb3934079ca36asla50,0,0.17832565307617188
11,99acffc3cd9bfcd00668dbf472a1979350mxk,0,0.1924072504043579
11,0b68888358a492884e3885bcd73ea63bhxidk,0,0.1886346936225891
11,2c581ec91825362ab66a7ffa05df5e70hl3h3,0,0.17521938681602478
11,d6d3daba4bea632d7f5a4e2c5146f109dkd4m,0,0.1770777851343155
11,1476226300a93d22b15253ed7339429a7ijk0,0,0.6438056230545044
11,975dd5178d34453c1c3c8edc47cf44274uv5s,0,0.7383451461791992
11,98783b6bd490f32f56c315307643c824nimw1,0,0.1749696433544159
11,608d9b68afb12c6c27da6c6565ffe8297wvco,0,0.1748756617307663
11,8abc7635daf75f9fbeb63783b7b8ccd5rvuyo,0,0.2618481516838074
11,5686520af5a4215a239418fec906f88e4she5,0,0.17427940666675568
11,72bc07c7241e1856ba31609d11501c91cswlb,0,0.17371642589569092
11,91dcfc10da696a6d90966ff795751708er5fp,0,0.7132646441459656
11,85be8fd21f41bc3dee86597d272825726bp69,0,0.24866056442260742
11,59ae36080fae26bccbbc31a4505b6fb3v3zjy,0,0.17413818836212158
11,dadbcec8b02ac75c5935f419b318ceca1wwjw,0,0.18389740586280823
11,96b90af2d3eea4d3b2bc725e1c92e212qu52g,1,0.7841978073120117
11,8e1f8e5907b3cc256a2a57ae9ac81e063gbz4,0,0.17015394568443298
11,02bde521e763e4f4e590e8368149e04a96il9,0,0.39714524149894714
11,87aa94042390f9267d3b7d90e42b022ek5mbu,0,0.208639994263649
11,9ded76c5244a2116a3b5432fa265a800j0bvt,0,0.1991201788187027
11,53691811bd992911edb9f5f64f49d8f5luk1f,0,0.1827312856912613
11,577af9ccdc29dcacbbce0f36b7c1ff15btljp,0,0.17929726839065552
11,f5a67722732675f6285b70b9f008665fq01bk,0,0.22807377576828003
11,3073231f45ca50ad6830d4dc7261f283iwjjm,0,0.18696776032447815
11,efc61ad6db17265a4bac85f77b154ef414tpp,1,0.19148078560829163
11,dc52611b1a2c84c0949da5af9870d57fj6ab0,0,0.18306627869606018
11,671fb1e314a1f480ba9ad9b5a1cf6a91w1k2f,0,0.21443232893943787
11,5106dcca581b63cf2226110a9048ee4846sxb,0,0.17806197702884674
11,b27db6c048fa41b496dfd3423226bb0923yfv,0,0.17689469456672668
11,68f092336430866db606f137c57c87e0hw7aq,0,0.5048671960830688
11,acf06eabed56f179cf32ab60b6b076820ajls,0,0.21119661629199982
11,19353c42feb91a216885fe012efdfb11s2iu8,0,0.1828952580690384
11,17eeec8676ad56bfead1a9406277f41cnev3n,0,0.7667112946510315
11,2c72df02de4b36acf72ba549630808612ol08,0,0.21378567814826965
11,8e2a43abb8fcd8ef9801c69fc04bfcb5kyc41,0,0.5380871891975403
11,cf22da37578048d2e51eca1e544c693cke5t3,0,0.5884460806846619
11,f63ed13362ce1c80970ba28a095c2bc5kfgmr,0,0.21610699594020844
11,4955e2c318d0bdca797ce17794ba18fblhaau,0,0.7729123830795288
11,27809fd62bebc89be450f9dcbdd25ed8il6z2,0,0.4660201966762543
11,e561facfea467ea124df0111e041287ctvgwn,0,0.1741698831319809
11,4741959d26f99012b8a6a3e3954eae40hsy6j,0,0.18643426895141602
11,33031f476dec19fe47c0e3a051a68e992hmwv,0,0.17447303235530853
11,5948bcd0f773286ff7d5cde332c7ae6918jt6,0,0.3757583796977997
11,d6ebcf2149c311d221b233b268870b3d5gfe2,0,0.23841212689876556
11,6a76d66f035914f93ebc725a0998b399r4gdq,0,0.18460281193256378
11,d6d68e218a6cafa246ed31185b09e1e1fsu8x,0,0.38205936551094055
11,929b75b44585b34d2b917ec181ecbcf298fr8,0,0.760485827922821
11,b5310019f2bbbd975c64dc11189191022k8tj,0,0.2014494091272354
11,908ce7060337fd8550760a100921f6f7wsemn,0,0.39714524149894714
11,08515611e73803dc6d8c562b8514dfb5qi3z9,0,0.37460193037986755
11,354baa6c4764a5bde013ea3f7edc72552r3oa,0,0.6633850336074829
11,b9080651d16e3d6d2d83e1c5debb55b0qpwbv,0,0.1912938803434372
11,20662832566daffac929f803f0c236eaperht,0,0.19192859530448914
11,e18e3d0fbfba81cedcae619dfa977875p10ta,0,0.18084944784641266
11,ead2ec4563ba25a9e9d417f1964b7504teqtp,0,0.73907870054245
11,a9237defb0a6478098f242b27ebcef18qrotd,0,0.17113244533538818
11,96b1df591dbbf3a002578574671d9ff1rmzev,0,0.39714524149894714
11,037d9f10da403d8d5f94b6e2957a3702f6x07,0,0.7746445536613464
11,e0544483ccbafc4842cba7650677d043n2e5c,0,0.1752299964427948
11,246c55639cf85c682d58cbd2ed6a6563vk2yn,0,0.7070152163505554
11,01349288df20199905e719f0ff7ee771nwryj,0,0.28476202487945557
11,c5dcc8a649adae76ce01a3fa85b68f237ny2r,0,0.26457318663597107
11,3a8124eb9fd3977e43f5e0762d9a09d536rob,0,0.20637322962284088
11,97b002c9936e63a1fb9994a67615e84fft019,0,0.25101980566978455
11,a74e3962ca26514976056bae3c46d579emz6y,0,0.1752982884645462
11,10c1e1164e3f8298df9a35c891f67babiycsr,0,0.17476430535316467
11,c9056fc0cade75299ed4438567a87d6ek44pt,0,0.1890270709991455
11,0b450f2827ec670da34be66ec2a520213xcuk,0,0.16949230432510376
11,bd0f0c497ef09b5c1bb18b330d932bffktn3i,0,0.4235830307006836
11,6a5457f1038c6e1cf9feb57529ce07b2sff4d,0,0.22280104458332062
11,6c55d253787acf5210f7d785546db80dqtleg,0,0.17560091614723206
11,4a2d5b70f0fcec3ad9d8ac4b447efd6f3vs9c,0,0.44399750232696533
11,f2bf8c94172c4d71076e151cb4e136007iiur,0,0.1711014360189438
11,ca0c049b8c37c99ef93b6086e9947135onppq,0,0.24190860986709595
11,79c18f0460f9bd86bcfb25da96d91490jfuxv,0,0.16475814580917358
11,3106ad6371a3b740e2af90635a4ad966zeu1u,0,0.1886833757162094
11,ae45f9b94d86f931c84c94f3975e3d7bkv2r0,0,0.7628152370452881
11,d1f000f475c502ecd2e993c52987e63ed3k7n,0,0.17508254945278168
11,a8a5bcf248e1326b3340c88e057f59e9nlslq,0,0.17315609753131866
11,39f9dad880d32ee607af7571ec24807bn1g2d,0,0.3246329128742218
11,9ab3bca29dbc32070cd7f729ea55639a350tu,0,0.16967058181762695
11,b46132a554a2a3b93efc5a9352036e6crl6sk,1,0.4341476261615753
11,644e284380171fa793695a91b6a12c28jcwku,0,0.22537967562675476
11,67d245e38ee756947ed395fa099807fchxv99,0,0.17680272459983826
11,20d08c7edbcb4b4ac0214b664ca5bb9cprntj,0,0.33733153343200684
11,651402deb28af3e3d1ab9a6b88314b591uuaz,0,0.16933821141719818
11,3ddd3eba016fc11b07c8a9ecb3fcc2975bkru,0,0.18330621719360352
11,f01d8d55568b1f54b6946a1b78a3983exkz5u,0,0.19624614715576172
11,65d3cc1725c4506fe02be3e2b24435bbbd6qf,0,0.18147115409374237
11,45927dd51fb4301c459ab96d48f64752q0o9e,0,0.17547883093357086
11,7ce12bb499c156ba4513becaa42aa8c143v75,0,0.2771584689617157
11,7f603f668968facebb0567015ad4c201kikrh,0,0.17054156959056854
11,9ebd57da79b9286fd67a53e61528cf63a1w6c,0,0.21276268362998962
11,3073d007a5b42b827cc770ecf4805278xvvzl,0,0.294265478849411
11,ff566c87f2babf3dcd67be286e1c6666cxzh1,0,0.18273721635341644
11,56cfe8b0d574e1df3f823c2cf32226eff52uw,0,0.17258349061012268
11,ec0c9e98cdf302274974ad212477f851iw35b,0,0.7582740187644958
11,1bbfbd968c065ff5dabeffe311bc3ddeezbof,0,0.7597253918647766
11,4703c8940eaa3f3bf5082ec2f155a8619i1yw,0,0.5403377413749695
11,5e8bf58291656ddd5fd2f71825565446aiopv,0,0.7234646081924438
11,9be87a4f123366660d7f6d40ffa493a8ffpsj,0,0.1759195327758789
11,662b66b1227816c2f9017cadbc148381alne2,0,0.22208845615386963
11,84bd02dc56fb7c3402426ef7e8e166e2ptwo6,0,0.1686038225889206
11,42cce5c657dc7d99911d950cb22fcb4fmzz5e,0,0.17794868350028992
11,8f6f7baf33fe2a5206ed3ca88446a99bmq453,0,0.6022552251815796
11,b1729d5905e896a8411f81bb65d66343ladls,0,0.16442832350730896
11,790c497536a2a9fe080c3b2ee6d5eeb9caiv8,0,0.1768709421157837
11,8d8f705595701b921012777a281a553622300,0,0.18286706507205963
11,be3bec53b42be118ef2a87fc40db7311k4as3,0,0.18838487565517426
11,06a58d4af0fe7ee15324b0e921e8de1260vef,0,0.7580456733703613
11,cb9a75312b809291306c6213ed5dc67dw31qz,0,0.7719088196754456
11,9aca61f505f40a3b4f7865c2d00e2418s0e1f,0,0.7585040926933289
11,d7340ee3c04e600c31fd2a34c760f7e7d26bn,0,0.27808138728141785
11,d0b096df6b5ffd2efe8d5cfad4a24912zs3dd,0,0.18402954936027527
11,b0164d9a18a3cdf6082e96f9708040690qcqf,0,0.6119899153709412
11,8720f071e045d4cec9d707c583a3d64avjyyy,0,0.37644100189208984
11,69b32dd82f265a04826106d17e2bac9ao9fu8,0,0.18425992131233215
11,fb7c9b1dcc3b44dd69e42a84406117db4t4mn,0,0.30369246006011963
11,cbc71ae3c3690c89485eda3f08b9bb51rqrxz,0,0.38349607586860657
11,6b85d622dec4fff284d55895eba9969dqlhu9,0,0.2656325697898865
11,7c965df16147f68263573764dd257a7bxqmpt,0,0.18997347354888916
11,060ac64ff78ae62e9bc697192cebea333760p,1,0.7279054522514343
11,1dead8a9cc54fdcf7a7c16dc6e06a3bbusgcu,0,0.3289880156517029
11,2d113999234e06201c0940286d405453wqjsw,0,0.5993741750717163
11,055eb52087e0080b8ebca74be4f823f5c819l,0,0.1737554371356964
11,aba1120a5b13cf72c1d52c0dac8aafc67nmoh,0,0.19698487222194672
11,936d73a062928a362901f0e507d57b0a8rjs7,0,0.47521713376045227
11,9f101e80580cbff55a2307c028408a91nebzc,0,0.6092846393585205
11,cc78aba7eb8293a1d70f083bd747fa1450906,0,0.1797780841588974
11,61a4da78a5aa5bebcb3e9818a46771766gtq7,0,0.6271006464958191
11,6f7043cde57060a6766b551df5fa6fd9p3ojp,0,0.1631615161895752
11,84a773b3c9d300834d9d57af5dc83091y54cx,0,0.1825653463602066
11,af5d33f9724b0e8c1f875406c0556d1e6eotm,0,0.7674248814582825
11,52d8066e28f168e5bee769559ead307e1go7e,1,0.7788873910903931
11,a6ec153fc7002cfd929b9f7199914cf75upgt,1,0.7159035205841064
11,655b88e646b94d0adb9e15e9f3b9c9a4lvcrz,0,0.36203840374946594
11,03a1e81cb7bcd15014489a6f752c9d5b7pvel,0,0.7050552368164062
11,d2704c8bb6ebbf13e08f37131382b126wy4yc,1,0.7560391426086426
11,89c8eefbf6f83543ce0792d1e4b86057ti16q,0,0.17163613438606262
11,916aedb8fd708e100318969dfe57a4639hexd,0,0.19081464409828186
11,84d75f71a61667cd327367453b4c0d2frury9,0,0.1925380378961563
11,fa6b4da229eb64b4d44e7d5ee2b027f1j1whx,0,0.18224875628948212
11,d2fc5291537a61882065e571c21e796975uy0,0,0.17018437385559082
11,46ceb58fb7a57d86a26cfa154c940a8cuktu7,0,0.7337890863418579
11,0141844fc725a85e38e12cc02fcdbbe8ofqxv,0,0.1820366382598877
11,c7ce5ac2fe5f03458fab59c78b19bf7c9wzf7,0,0.1708350032567978
11,39802378690e7d0c61d294f5898852b96hsfh,0,0.1896125078201294
11,0c57d8eaa2708b768416ca91dd8daa2cqbl31,0,0.30389493703842163
11,361397432ed35185b5a2789867a859ec42v14,0,0.17603644728660583
11,90eb8151eb82441b084d04893151619837abp,0,0.17228464782238007
11,25b58d1533e04571bbc674dab28973f8hha3w,0,0.1925795078277588
11,dc9a7ebdb6fb8dd3267ac26dbe5a62b68e4vw,0,0.39714524149894714
11,c72012c8072e2441b3ba8173205cd298cde8a,1,0.33999013900756836
11,d95c969eb09086bbad373dd8ee80cacbuagvf,0,0.17515189945697784
11,173991472d4ee18932f8514b9d4a9dba7rjqa,0,0.17541822791099548
11,06b2d71c26ef3b6e29277f761cd0db90wuwjo,0,0.17746473848819733
11,eea590b4da2709c294e8db490f5997eadyc1e,0,0.17243732511997223
11,98eed7cbee9b1a1b526a635648e7cd2fhbt5w,0,0.17782606184482574
11,23af639c0bd57bfe9bcf3b16973d58b7666fe,0,0.3304840326309204
11,8251041848182e6468c8119905a177dekmshg,0,0.7512111663818359
11,3e2e03a4464642627e223fba066182d1qslv5,0,0.1708906590938568
11,d9b611dab3b5116f761747fd3166ecec80icg,1,0.719436526298523
11,bdbcdf6a935f4d1781a2d33bcc4967130bdqy,0,0.5485252141952515
11,ef89b74b58c49c1a321d3d7ce061d151k51xm,0,0.1782960444688797
11,1ef47d501d4b36498b51e184b1027981xu89r,0,0.17332671582698822
11,a15766d8d3d231f862996eb3ec33559735a3d,0,0.16863124072551727
11,7d8d3493942dc13742444f28626c5839axjqd,0,0.7543967962265015
11,a2b4df001b0e40a398f6d4ae9b316c0eix5bh,0,0.22826415300369263
11,f7e3635c9a532fb9a60d6eda6eb7c7de3uqs2,0,0.4990742802619934
11,4d6580da346435dff2503c55ee5e0cf8wbkb3,0,0.7801374197006226
11,5720c8d7bc15b94037cd75ff9496a35evugeo,0,0.7801766991615295
11,2b5a7c969ae95b239583f09936560b85g574d,0,0.16422267258167267
11,b7630ee9a73e7ba6f11f7717b7f03ed4be2hb,0,0.7504767775535583
11,e9b27622a64f2eb9dc7559d43bc45e31yci23,0,0.23580460250377655
11,c1624207d78346c3c58cd44f3d5472fcriae4,0,0.18583567440509796
11,1dec9ee102b29905e2f59a52fb7429826e8b4,0,0.17455068230628967
11,e6f73230e0fff1d9a6b1b8a6617002ea9owig,0,0.21913200616836548
11,ca5730b8dad8f35fba24b68c9ca5d445mp87i,0,0.20005643367767334
11,a6214d8bf07127661f322afa7c8dae91ypizm,0,0.17114727199077606
11,309f446bdb138faeb18072285ccd9901gz80c,0,0.7044041156768799
11,2635d404f4943f3dbee24aa16a2953c723iwd,0,0.22482144832611084
11,89291354b0939c342be97fa58e018bd89fvcf,0,0.21020375192165375
11,613c7d60152ebf06e3a7dd326ba03261mnn8u,0,0.22345790266990662
11,497ef6187e03fd9d4387ac436461a40f982dq,0,0.2254093736410141
11,c9a97c18992adb02e6c2e6a8f9cc1daa1di5k,0,0.2118004560470581
11,aee383561c0019dc01552bfa5263af8etbuc7,0,0.49101176857948303
11,08981037e7a6c9032716ff25b15c9de25p63s,0,0.7854194641113281
11,6182daa56cb0623719228c9e576b71fcpg8r8,0,0.7556365132331848
11,4af5e2532224f9f7d1d039704573d9205jbkv,0,0.7503944039344788
11,292dedb5371b8e0ebbeea57f14b35713e2ie2,0,0.17379146814346313
11,2b19566f190ff3b8a85884e03c64fb56ir8a8,0,0.1897013634443283
11,c478f94c1323552e85aec6e1013ecba586320,0,0.7309185862541199
11,d3920630f4891b9ef1a8a199ce5c830aua4yi,0,0.17777332663536072
11,bcbd5c95680cab78cf904fb936dd03f86g19z,0,0.17473317682743073
11,44d34926c0863edb7575b819980e0e728pn5b,0,0.19075219333171844
11,b853c1e4d6a4657d35705772ca6cfdc3qtox5,0,0.1883045732975006
11,a48837ccd05bca96ddbf02c55ecccf639adk2,0,0.18709953129291534
11,b1e106943db37b1d002bcbe06b264b8bahuy0,0,0.170118510723114
11,c5120d10a23eb0c10d56a19fecbf9da85t4ow,0,0.188997283577919
11,6e178db6d17d21aa88aaca5bf15c2761lc500,0,0.7589784860610962
11,f4294bb3abb69fa3183e7e851b58b278k83z3,0,0.17755626142024994
11,d863897264a7e52d9c6a1be6dc453c6c9anz0,1,0.7546528577804565
11,67d6466d7f4a32d294196b8c16ee0b03kn9tf,0,0.17692385613918304
11,c1d14f4355b7d3ef80f02628e5ef1d56u2510,0,0.18662689626216888
11,86e698821a8aada613bfca1356d8cb7dopnv8,0,0.1909506916999817
11,bf8de839c1a8b7994d19049667548e4ewchpm,0,0.19811159372329712
11,5ddf9ae899e629acf3e78141a9712a05a4feq,0,0.4626155495643616
11,d056594c1d7976b6ad4ba23e2b4cea19l2i0t,0,0.7587146162986755
11,2b429b9235bab2877cd93ac6d9fbc2d7tzwre,0,0.7627547979354858
11,3919be53bf4bd411ba25acfdc1362b49u4vle,0,0.18727663159370422
11,1e13eba969b6b953688c9e945544ac4741ilj,0,0.17340536415576935
11,461c1d143120270fff5ebc1b91934951378ud,0,0.19048039615154266
11,ef1d71dde32e587e761a1b39d5b374c7gk68y,0,0.45400211215019226
11,5324221d38a79636bc4560cbcf2d75c4gimrm,0,0.45257046818733215
11,977436b0a445fa555d537fbf1d4bff2e4z40h,0,0.39714524149894714
11,78c82f2e8764bc8001354128f9265efcqrthe,0,0.1704946905374527
11,daef74294e84ef6d7e009c2d51be6ee167xds,0,0.2293267399072647
11,4997f0d7074a1d9f8bedf5575b6a4372w7nro,0,0.21260781586170197
11,d43189c6eef7a763b2f8596228807dd89x9y9,0,0.18053823709487915
11,6a31ec9cbfe23a9398e80403859f0402cg4ql,0,0.17069044709205627
11,a46025d61131de18474aa6f167e04bf08w9x6,0,0.4358817934989929
11,c58ffa073b3b3deb4e993ee5dd05347cmvfur,0,0.17472237348556519
11,898419c2d011d5a822e9ee07c387098ezpc12,0,0.16444633901119232
11,59cad1329d42bda3d678bae082bee7edgvt7q,0,0.1741972118616104
11,08c39ef7252995e0749f7927249b8dcb1d3xh,0,0.19035862386226654
11,9196288f121946095e5c402fd326109827t0a,0,0.8023112416267395
11,fb200accdd0411e96f1b0f6d6f6d4f52rgk01,0,0.18516719341278076
11,e8f3ce0b2d0849968400b63b992cc606psoij,0,0.22684769332408905
11,fd5cef3fe1217c6591500c715d71717anczcq,0,0.19155709445476532
11,2d73ed3974473a764859084d51334440k5q7s,0,0.38459789752960205
11,8a4fc219f01e1fe6d4328b0a47fc54905iv05,1,0.5143775939941406
11,9349befb45c4869b68e82a1944f4f01377cpz,0,0.17527544498443604
11,2cc1c5bf18c858fd9c74901d8d80ab70ak8e0,1,0.6910169124603271
11,bdeb5eed17a812d2c47176e30b8553ae2k06g,0,0.16908112168312073
11,8a958e0092f6ca984107ea6c3975f806c59m2,0,0.1722424179315567
11,d6fd864297177c38cea65aed8a45fb7bbp2e3,0,0.7743656039237976
11,98e6dd2906ef1f7c13284a309f6b160cb2ujz,0,0.33310094475746155
11,2f9a7b01fcce94499a59aebfac98fe1ezsk1y,0,0.20414921641349792
11,05c9fe8f8852ea069a93dfe39fc0571er9mdt,0,0.2341010421514511
11,438e53670ffa2990cdef656700bb49bf684fz,0,0.19551625847816467
11,57c4421263d37c2cd2573cd7245a7a80h0mjf,0,0.5967609882354736
11,4dd7f98cfffffd6f4707fd0deb4a00b5rj9wv,0,0.7670498490333557
11,02cfc97e8fded77671e71e1951723d5fwz6a4,0,0.180062934756279
11,c435ac9dcda855341e667d440c2ef7c6nd3mg,0,0.3625105321407318
11,ba0ca6f98ed66bdd1c4e86db2ce4011fdk6ii,0,0.7391001582145691
11,9df0031595e4105e4530ceee1a08faf319vvb,0,0.2337574064731598
11,053cefb7e952bd81d7a6db267a121747te7lo,0,0.16985666751861572
11,58c2b44923882a8252963e78886adaefh7hnm,0,0.19280534982681274
11,ca5d4f0a3ea342fdc45c3325e5311049e2uis,0,0.17606818675994873
11,0d9f78a6084bf15f42210bfeba95621255c89,0,0.16843529045581818
11,92f8392be617527734a2f18482815af9ak8l3,0,0.7052637338638306
11,e4433ef42008dcff761f12b9ade6fd31krdwv,0,0.17080096900463104
11,e10ae48cce1e198f7283064cc8a2f836iy0z6,0,0.1959393322467804
11,ba194af5111cfcf1dd95eb36160c728ds4kcy,0,0.17894847691059113
11,afb7618f9e3fd071d4ebedf396e1d45drta96,0,0.3749992847442627
11,1a05035da8ea9dead1030ccc993b5284n1on8,0,0.18400534987449646
11,a027780df5d0312919d41edfd4947f27odx7t,0,0.7440804839134216
11,624ae2fe9394700eae7a35806e4bafaeq9cty,0,0.21348178386688232
11,2cbc26f228e0556f268e0dc1bd9ac0a5lzdfh,0,0.7361587285995483
11,6f6e3687f67272b103351641b678225abarzw,0,0.45962467789649963
11,8cab09b069755eca2b4e7fd6f6981d7d8n88o,0,0.16420139372348785
11,ee45b2475e453e69ce712388959fe4acspmvk,0,0.2583579123020172
11,ff92ea4abd33ed38601287f0e1d6726dmgx1f,0,0.7394055128097534
11,46a28eaed47c29b4fd148a50cde44840u0bsn,1,0.7556381225585938
11,7b22c9a323baf4a7bc7a3761e4a30bfajixmt,0,0.20442843437194824
11,e578807073c57556ce334044382a9b98iaz6o,0,0.17626190185546875
11,d810a7956e4d9fbc246d585ce84e8ea0750b2,0,0.1715031862258911
11,2366cd7cf3df530ef4fe40b36ffb936fyn3rh,0,0.1894657164812088
11,c89d56c06803b8c6316a7c906604c64939yri,0,0.20029059052467346
11,e0a9e4ffe2acd28599dacb91c98c34bc66vo3,0,0.20057830214500427
11,cf18f6766fadce944ee74796489c23acmqhpe,0,0.17519965767860413
11,b9fd0772481bf459179a3b4ab49171693im97,0,0.18376848101615906
11,b17ce8bfbb565945ee9f289c2ddd8abbu1ndj,0,0.43118369579315186
11,a262e805f766306f4adb38211abf235akxqh8,0,0.17993618547916412
11,20f206d2656116bed8dd46d5b70dac81lbgfk,0,0.17564231157302856
11,96982cc1eefd6f526b512755151227c3h2w3l,0,0.2096795290708542
11,f219cbb3d454b32953619d5a4551f56dcg7gy,0,0.21597102284431458
11,6d033ec559ea79a8ffb90d80e0b24e93j82av,0,0.30242931842803955
11,fb9b1e58ffba4b38175c11e03e51e1f48dnm1,0,0.18010593950748444
11,bf65e77ce8676fbab6fc78b70c50f05a8da8a,0,0.7877377271652222
11,d9576f0ba8c7479eb2b26f0d15c4abfayk5ex,0,0.16664889454841614
11,721e69fd30e33488bf82b7e2f9c8cee28a9ea,0,0.18930231034755707
11,ae37c0f4dc6e3d99f5b0243fd18294cak7pxy,0,0.7647251486778259
11,e8b82b8640ecdd154eebe6b36ec63f0bdwhc4,0,0.26841306686401367
11,0ae09b09369c76737cba059d192451001nwce,0,0.17697393894195557
11,aa1c013a1de168c611560ca2afe78111g8i6s,0,0.6779517531394958
11,ca9e2287e98a718e20a8ed117dfcd699gxsp8,0,0.387596994638443
11,4038ae3276c0b47f420a5d73687fb73bghgxf,0,0.32035866379737854
11,437c191e614776c1535305f602ea9033sdfmf,0,0.17588330805301666
11,76ab7c99de4a3141bf617bf30bec9feep3zuy,0,0.17962175607681274
11,d4db72f36e6ad1668dbc0bf4f0e1c49bn12a2,0,0.19072432816028595
11,52c441804b89bc20e4c8dd625bf163f27o2zb,0,0.17521418631076813
11,cf1f2b6f29840e1ecbb31d18fb128c38bseas,0,0.7702276706695557
11,069d020584a0e8c61e622321d4c43881j7pl3,0,0.16560080647468567
11,e61c14d66cd5693d93cb0356d7f444ebinx9i,0,0.4621858298778534
11,cc064e3409a1825e3c4e5c814376f140qxu5l,0,0.19394825398921967
11,1bb7a8c04e70386f5496322158e9fc3ef6d84,0,0.2613082528114319
11,7b31d9d8b5e749cdd2c300cbcbb5f875kjlsz,1,0.7811601758003235
11,8473148f069a890b7323fe8316861a71qoxv1,0,0.17922191321849823
11,0030a2dd87ad2733e0873062e4f83954mkj86,0,0.17779941856861115
11,fae553f133602fba6e9e6051dfb27fefkruax,1,0.537153422832489
11,6e8cd4699eedf0075cf5662e1fff3a857bycf,0,0.2696220278739929
11,75339aea3f29d7d9a8d67ed3fe1c89c3owsq5,0,0.76913982629776
11,e8bc0150097c1b2b8b8c374b69e0d3a6mxfcm,0,0.170208141207695
11,0ea26a4028ffc16d9a8631d43e1b92105auao,0,0.4026065170764923
11,c8b23d6565e11d874e221f41440ffd25mrucd,0,0.24703101813793182
11,24a9abf72cedcb421e831c1be26607e37zojy,0,0.17941413819789886
11,825226b69f2a5a8337ca611b38223989aumow,0,0.2541066110134125
11,e12177ff9c1a8413996f7b1a590980c82ofeo,1,0.7680122256278992
11,cd8f738dfa2ea0554baa3dfc4465cdb8izun1,0,0.6779143214225769
11,f75a0f726d764514f612ee8cd8f65adegt02s,0,0.7584260702133179
11,fe27fe0815883aa3e1a312f0dcb45981txa2m,0,0.6412948369979858
11,3714da7069a5205137cacf89ab3a136ffx2u2,1,0.7744996547698975
11,7ffd9b7b795d9335153d481fba4b3076plrxc,0,0.17672422528266907
11,7e8650379cbcb3ef8f7f6aefcd678067kzbdi,0,0.17426346242427826
11,55d9cdc3af85efe87b2a6f22a2cea96ezy2ax,0,0.16265930235385895
11,317d3e44b2bcfdd7293b84f82f44b8e31hx1r,0,0.17032821476459503
11,fdf908d608a629d5ebde14819231878dojel8,0,0.33443406224250793
11,d144312f2f68dc33a63b7863911b2aa459i99,0,0.4248984158039093
11,1456b44d8b2b16cd94278137269ceb11ns7wy,0,0.17894794046878815
11,81392b54fee8e50ec74efb27cf0de8e32fdm5,0,0.17288045585155487
11,65435e491aa69dd9d44d70a9aeb6e847oqlty,0,0.16985730826854706
11,110d2e689da119388dcb6e235749b787ni298,0,0.17178277671337128
11,dbdb69d0032b0a251469107dd565b6c7irr4a,0,0.17251966893672943
11,e5bde35da4abebe4fdb37a3c65124a57ff4vo,0,0.1965034455060959
11,91b8febfd1f556c06838992814e7653cr119e,0,0.2234571874141693
11,069d251f2fc19102924468ab38349d5eou7ab,0,0.26947784423828125
11,d588f4c51e67a340d1991a8130ee0b56hy0r0,0,0.761466920375824
11,f3d3c913b225bc6cdb98c60f0936f7cbj8k3a,0,0.1923842430114746
11,53856dce9187b16f2cf5e4e58f5d0397h7tz6,0,0.17530512809753418
11,c843f90bae7231af13dd0e064a469704drz2x,0,0.21337604522705078
11,13812c0d2c8c474bd62481d932407687o26kg,0,0.21120277047157288
11,283987b9f1ffd4514757483ee1f01351xd678,0,0.6534193158149719
11,3dbb502d9d6f89b26f62cc804df54dcandhp0,0,0.3250170052051544
11,baf1aa59ebedbacea2ca418c5aa83888imys2,0,0.1762206256389618
11,da00b16633eb706fb11d55868120cdd9so58j,0,0.5546465516090393
11,eef111bfb93c213c174947c69b2f2b38cr2pw,0,0.4268127679824829
11,c910efe1f135b08acc32b2db162362033olvv,0,0.20954827964305878
11,d381ce07afba12851a815cdf8858c1c7g2pfh,0,0.7237870097160339
11,bbd1d48ef4e8e7e3855938755275ad2b2le9g,0,0.20765678584575653
11,34e965deb822f329ecad42b94e8ba0ba3dpt0,0,0.6055291295051575
11,dfa7ead5ef84eebc79c67d3daac340b0exa41,0,0.17458480596542358
11,8fd35d215ab6530c2ef096c87233cbc93juwy,0,0.175052210688591
11,67a1b129ca241c51d0abb5484f8eb3fct8o5c,1,0.7591676115989685
11,7114afc59caf2cbaf6ec1733922065f3uz34p,0,0.4196130931377411
11,949689cced5d86578e6c8b664ea76d6aq6zxg,0,0.19077250361442566
11,eace2a2890644d703c619fff7e41a9a16k7lf,0,0.17546220123767853
11,90bb553b65144cafddc3f3d4a7783667a06ga,0,0.1743524819612503
11,c128bfe7aba668d71126d51b32428c01tkq99,0,0.7106626629829407
11,698da938f6fc36305616aa6f8affd53fobj5y,0,0.43103623390197754
11,2f9ea407ba48ae05f98fdf634995d936xefau,0,0.7585984468460083
11,cad151bdf2e29b764dfd3acac022e5dcy8n83,0,0.310289591550827
11,a639448bde9a72923b70917e82594fc66sa2f,0,0.27316394448280334
11,83dbbc6c5c7ed95048ffa9427d807692339oi,0,0.7694063782691956
11,5cdd665a22747394620c17b7753947b0xgzhw,0,0.1956535428762436
11,ad590c59c30187b772258a059d532db42tf4d,0,0.1750713437795639
11,e588d3f7a141147e4f8dba29377144707vupo,0,0.1679650843143463
11,9dc039dc57fd67bd9e7157f4f697ae7eloov1,0,0.5783328413963318
11,7ba17b1eb362ef91a99a6f021b3f2b63uyo76,0,0.17488108575344086
11,c36fad0b52a6be6ec32cc5530c0a2aednea6k,0,0.7588759064674377
11,f416aeaaafcbb66aabb77347776db008qw96o,0,0.7594824433326721
11,22e65b6bf73fab510ee814cbaeb9ebc1252mu,0,0.7071316242218018
11,177b031b4a77f28ff167b427ca967b52jetgo,0,0.17529210448265076
11,f29896e71c8077db28617a03c0f14e7570emg,0,0.17196714878082275
11,75613637a85df9328b743d33b0efbf1586qow,0,0.18662531673908234
11,01f498a0992d280de63ec346692efb2blckg2,0,0.17830346524715424
11,28763f241cf0483ca1dd3aa1bbcbfc37xntso,0,0.1879512071609497
11,14c69cd7fbc8300876f287520c493fc8xe2o6,0,0.4608404040336609
11,e49dfe2adbc4b3789f67bc044c231473clc4d,0,0.17256227135658264
11,7bb58b7875a093cbe7c5d487a825b730mjcw8,1,0.7678841352462769
11,4089a2b7f26e5c13a7f3350bd52ebf8fh21nm,0,0.7212520837783813
11,b4210edd4ec9bf872c7108fdb3c6aae9cjwz7,0,0.38399675488471985
11,771f6754997a1954eced81d46348b4762k475,0,0.7424541115760803
11,65f52b46edfc7fa64b9e74557a78e52c1it54,0,0.17113791406154633
11,b1c9bacacf1f33a8fe48d1a4ae4c761bcltiv,0,0.6002019047737122
11,2a73f10b3b8f2b825e220ba0a1d2c49f9nikz,0,0.21669457852840424
11,f473c995ca7b5287f9b2f079f0d78a1e92226,0,0.6654438376426697
11,8c339df2050a428c04a1c2bcbfe4a143loj8l,0,0.6586300134658813
11,b3dc6151c6813688d0423dbab13d3f19crw2w,0,0.17704050242900848
11,537f38e5fcf2656968e0a1752dd494ba8z1jc,0,0.1660258173942566
11,786cb68d5d2012dedaf70257449090f2hfb88,0,0.17191031575202942
11,d154075c75cbb3f4b716a16c88eedd774i8s0,0,0.34962719678878784
11,fdd6944b3c3caaa7d1234ecfc11f8d080h90x,0,0.18386879563331604
11,222d3e39d4a292d79aeef4c04e52aaf24mgkb,0,0.2567000091075897
11,b9cb81e5855add059728cf932f0624fefbi2t,0,0.18696849048137665
11,5db8eed67a7b648d1f2173b665b79de2vwdlu,0,0.17683836817741394
11,5640f30464bb5a7bc6e98fd2873fc25dh78hp,0,0.17521892488002777
11,6c11cc7744fb52a632306ca8bf966cd1e4zxx,1,0.7075871825218201
11,b08034d2d4fa400b457d4a59a2482e8enfhqw,0,0.19174766540527344
11,0181b91f58e6cbaa832235e2879c9c00ovrzi,0,0.1941930204629898
11,03e884d3e7e3356608187d2345e4693fyt29x,0,0.18247365951538086
11,363ba0a2afea1b074fc1ed270c86050byprz1,0,0.17682242393493652
11,3fe1dacbdaf96fab0c213e218968c518twu76,0,0.3875364363193512
11,1dfb637157cc0e590e50d724cd4cad6d4cacw,0,0.21611055731773376
11,53e2d855e008a5c2f79b4b848d467b86nofo3,0,0.1819886416196823
11,efa1611e96c3238913333b8525c6a196rvy38,0,0.16903215646743774
11,aaa686462ebb950550fc1c6136ffb273vkrc5,1,0.43477338552474976
11,b7e0afcd391a22444eaa566aa527eec0x2yv3,0,0.20704419910907745
11,65d8228c6c1e5b6042f397afed8a5c7cbo6x3,0,0.3671312630176544
12,624f258b49e77713fc34034560f93fb3hu3jo,0,0.05342454835772514
12,4ab12bc61c82ddd9c2d65e60555808acqgos1,0,0.05638069659471512
12,25558d24bca82beef0f9db4ba1fe2045ynnvq,0,0.053195398300886154
12,0a6ba32afe4756995db2f5cf2461cddbvj445,0,0.05332326143980026
12,585e7c21b80baf2225224fe140cdb1a73ddrf,0,0.116263747215271
12,25d75fd439571c1d9b946f5ec833786063vom,0,0.05338660255074501
12,067ff22ebf0d33fe0deedc816d75973865jo7,0,0.9382553696632385
12,11a38554244f3c14de043aaf52345c35jjqvo,0,0.12448535859584808
12,d878560888b11447e73324a6e263fbd5iydo1,0,0.05297842621803284
12,eaaae0fb54c7d36724a9679c3128d5a7gn4k5,0,0.7841179966926575
12,322addd5687d99bf69306148e12f87dc5jbsh,0,0.05122298374772072
12,2a7d1f9483d34546c4d099e36e3a79790qvjm,0,0.5388470888137817
12,342f22fed8b1e90c6ff1a6b7bd80f6334w094,0,0.05419277399778366
12,c0e1ecd40b81bda3b7dcec501334499dgzq17,0,0.05421943962574005
12,5f50c6187a179e2ee7ba2fbcfc845c7a1smgr,0,0.05137207731604576
12,68d468e15e0de0bab9694cdca8e799eb2j8kn,1,0.9552100896835327
12,f60edfe5177cab56896a9d6860995095cl1bb,0,0.05319638550281525
12,481fdbc92e77bba4c9611841a7d74071elwx6,0,0.0528615340590477
12,792edafa0603516a57932e6103e9dd54ajar7,0,0.05433268845081329
12,fb92fc925c5df50f4da7874a7542cf2210z1f,0,0.0721239447593689
12,927c5e145de79f9ee2ada0ddc054b4e9hc3qj,0,0.05406365171074867
12,bcf95b210295831ff6e20db3a570f909n3q25,0,0.6261479258537292
12,2307bb06855a6fe75ab56ee6b4a3860835di5,0,0.05433518812060356
12,f769b9f92260ecf046efd05bf9ab6822j7c02,0,0.05477237328886986
12,da6e2a5651b4f44fa3cff41cf9731ff8qc8fl,0,0.054208531975746155
12,0cca10034c58287ee6fbec14a3f96c3546sdh,0,0.05334559082984924
12,827da66b68b225547050c11df16f845618ptk,0,0.05296281725168228
12,21580623ea81c5b0b82aaf74890218e5mio2z,0,0.0540466271340847
12,d0231e5200b870c055db7e3daae24bc8lt7at,0,0.0506160669028759
12,bff9a98b73f2b9a01300d3fd3d55b16b1190o,0,0.05161770060658455
12,6086425310e05e77a53317490e8c1f3cxzf2r,0,0.9202857613563538
12,d65efaa8129a85f85bf909e5abde8c3628gfv,0,0.6317266225814819
12,5960fc711b544e2617d0f76360b69e2afds2b,0,0.05391746759414673
12,d5f997729fd5a0aa13307e027804de515jziv,0,0.6307434439659119
12,5b25a86acea5ff395bbd62399bb5cc9bb7h6i,0,0.0514087937772274
12,ca76df527977e5168e1b3352cfab2ed9htipb,0,0.05260655656456947
12,22fb740f267ac617118261b2fd3365batisfg,0,0.05100090801715851
12,7264bde42ef4fe3fa19cc7c6d64696cf7pqtd,0,0.8407976627349854
12,3d9910a238a0f282ad3132dd6fc981c8tv3tg,1,0.9322524666786194
12,dd661e2d6e79a5b3e66c82373d50f3ee86k85,0,0.05137207731604576
12,db83d746ba8e0c388805fa3fcb235743vfqmw,0,0.05881895124912262
12,01c5692d487454cdbe731df330bef608f48zz,0,0.04969571903347969
12,3be127c56b2de21dfcf2836f20afe249hqkxy,0,0.05239172279834747
12,1053ead33eb1a5db7c36c979a455348abh9ns,0,0.05301271751523018
12,1af4685cda2979a608c4b6ad83473774qgicn,1,0.6178708076477051
12,e909515a6ae94a86027c717c4085954akbpt2,0,0.4645595848560333
12,1880a778c9dd0cb15ca1f052308a8e04g7e35,0,0.05267161503434181
12,8ec8add138ed551bd5a9175eae0cb972ie0pk,0,0.04983703792095184
12,6a87cc9dacae884e817de2ee08452e76dx9mn,0,0.05404394492506981
12,e0413f338c43c9d55ba53612d2068f65t4gs6,0,0.45935243368148804
12,f0c356e136831c41884b0732ae3198e0gcy8w,0,0.05112575739622116
12,c76f30b8330b6d14fb872b30fcfd9d57phbsf,0,0.056681327521800995
12,2736ee274114e9440463bde9fbffacaa5xky5,0,0.05398738384246826
12,666e1e141862a646afaa2b71fc7d2c25r1b4h,0,0.05323220044374466
12,e3ea1d5464543a1ef3a9b60394fc4ab6i1jk3,0,0.12163452804088593
12,eebfd257525e52b67969ae9d8760afff12j3d,0,0.05211041495203972
12,3d8cccb637b990ec64d662d66ec059cfn1p3p,0,0.05313349515199661
12,28c9a5ea8aae9fb4f6a755f94cd922361v9ow,0,0.8266125321388245
12,c8d972b803b46212369cf1b480328dcehb9jl,0,0.053160637617111206
12,1291b98e40353f77928e363d54a13c569bhfb,0,0.05340257287025452
12,481db1a88023d22b3533044bff5239dbf3cda,0,0.05113198980689049
12,175a06fdcf622c9455d0a77990b9302dj23ke,0,0.2382330745458603
12,518e9fb1055de6532ed2df6d03fb78feus5s0,0,0.05365893244743347
12,28aa6c505e308e49e586e25e1897ed2axjiy0,0,0.05267788842320442
12,e8e4603ed284adbd252a7a601f9bffe09oq6f,0,0.052207425236701965
12,17c87408ee1009887112745797caeb7fwvqfc,0,0.05193332955241203
12,179a23cad40c51dd7804069bf769d11e1ftk9,0,0.6803140044212341
12,585b938fd44968d0d59fcac453cfb3b8p8nti,0,0.884158730506897
12,f535b28ad58c83d35ba87fcd46624148zbh6l,0,0.052891314029693604
12,cf456f3c8c409ec4060142acfdabb5bbqpx7q,0,0.05105925723910332
12,40e00fd204d0ce97110032bfc47f423d0bgrd,1,0.7300928235054016
12,db88530db963dab43118aef5aba127ec29abp,0,0.0540420301258564
12,47c5cd21a74e45dd294cdd53041ec0a3dw3ge,0,0.7031064629554749
12,1680f758aecded6e25096b3a6199b38en6n73,0,0.05203399062156677
12,055282b75717345ba6f53d40e9e6d6c56qrzp,0,0.7214402556419373
12,d9177cca9a1bfe3478cc4f11a0d57de2p8ahp,0,0.054041434079408646
12,187636e527504df29bf42d4a2b7767e54bgv7,0,0.05137207731604576
12,7b5bd948eb1d8075be58ec9240927bb59ugz3,0,0.052433960139751434
12,570910327f5584ea1ccba92634d89832lo1zc,0,0.05404098331928253
12,a0660fe8a46b9cb6b02e7b0c50eef6a905vt6,1,0.7561212778091431
12,5bbc8f66464ec2d962b0360d1d74bf67imj47,0,0.052710697054862976
12,9ca41c3c062146a06d2682835f5136807yao2,0,0.05343959853053093
12,7f4e84da8ed11f4ea3a2d276f49949b7o31us,0,0.05211465805768967
12,2d82c3dc726d2bfa19c5f16ec3de5023lbse1,0,0.05348507687449455
12,d65c538ae39fc1a7e0677583bba5fdc6ax1et,0,0.5755358934402466
12,e5f43783127506211df8c6290c2ecadbyr779,0,0.05407388508319855
12,cba6f45915ebbd4b5404c6d357153c0adeblt,0,0.074131079018116
12,5c725e840bcc103bb8d12c54ba9a0b37blxvw,0,0.05377137288451195
12,f18d2ebbd5e48ef4f1ee412339d6ed7adr9qi,0,0.052655238658189774
12,7eb6a5ffc5e8471efad7cdc8927daf677qcf8,0,0.2404039353132248
12,65659f3fbf6207c570c4bb8ac64772e9umh95,0,0.05429090932011604
12,c4b598fcb343bdd2cf826fc7541500e40xtte,0,0.05421774089336395
12,7029915a2c5aa5d964acfd85c30c3950b4opr,0,0.47039297223091125
12,eefb0b863345336dce70312ff0f8faeb9qksv,0,0.053986527025699615
12,88e24a019c32a60f2ff315a9d217ec33q144x,0,0.05145082622766495
12,e24542c1bd46a4a0f98b0fa95d8fc40brecdx,1,0.8530007600784302
12,30ef7862d69b3440ebf2726ee85a0b8397ta7,0,0.0534823052585125
12,f8d0d52114da74d98800dc7553008705dth38,0,0.4134460985660553
12,5b45b150b6b683a98b5bc19c4214f44cvzru7,0,0.05336836725473404
12,01255c2c7c5578c186873422fc00fd7afwk8k,0,0.05070047825574875
12,37921a9d842612b3b0281f7098d0002539xrj,0,0.05320790037512779
12,18eb8d55c84019b9196c5ca7e072b287bv68e,0,0.052066314965486526
12,a4c40fd7a4c1040283fb2b84611eaad240849,0,0.2549246847629547
12,fb6814db96bbaf61f42270a85f0f62adunxft,0,0.052222900092601776
12,eacfdb47b3daccebd9f16779c5542fe5eytoc,0,0.05105137452483177
12,64885ec89a54c64598b2d196e1fe2e351cd60,0,0.05350668728351593
12,cafa845bd657b17eaa82940d4767d9dfe9uxg,0,0.05418981611728668
12,392d936106b75256632c9dc83c4f1a169bke9,0,0.04963408783078194
12,2a4654987b59646a120ac74301339afc4eylt,0,0.054042235016822815
12,a6e261c09ae8aa7d0a47ffeb0110aa519jowa,0,0.7043192386627197
12,14f226ef57ed64d8e14c8b5ae929143cgq3em,0,0.08305458724498749
12,a99f91d51e8d9f5786dfa52e24292dfebi55j,0,0.051792338490486145
12,c9fbbfcc89730e961499b4b30ffc4a98umxko,0,0.05404844135046005
12,679d60378d42ca9d3b8a28073fe14fc7bv4jh,0,0.17595921456813812
12,29b8af2fea3881ef61911612372dac41vczqv,0,0.05405135825276375
12,c1434e440370882ecf00ac52140f7adbuy1e9,0,0.05022875964641571
12,8bf04b0a219c7834b25057c0220b4d0dhwdsg,0,0.05263859033584595
12,0e8212e286ee36da8945c2480e366417xa22x,0,0.053102269768714905
12,b725a638efd8d51f66ae2f22ce1df678p9es7,0,0.05404744669795036
12,01067975436d123f717ee5aba0dd4bbfa0937,0,0.47448456287384033
12,1ac788675f70655e71a013892d701e901kj13,0,0.05225655809044838
12,37ca0d0ded383d709676a4f9729ef39cpjfh4,0,0.05274767428636551
12,1b268ea4fe034638a92d683b94bcb330vee4w,0,0.053907398134469986
12,9e9270c06937bfa13f5b29e737c3438fcocyn,0,0.05359828844666481
12,163097c029285c7eefa2d60e474d65b4ap2l0,0,0.05188392475247383
12,44be920e88377290bb204795f05a20369jp06,0,0.05476091429591179
12,f35082c6d72f1f1be3dd23f949db1f577t6wd,1,0.05406644567847252
12,b77312a06d10e22e3caca85fc7fe0342b2adf,0,0.054304689168930054
12,2eaf4eef52d5b17615d08bf77386fa42yotej,0,0.8537263870239258
12,80bf6ab93fbb8316efd5c0b42d4b46c83qrdn,0,0.05396709963679314
12,4d0d345f552877998f41ba3cd1ba299885vu5,0,0.05137207731604576
12,5aae3111e4fab04fa5067c740329a38d11361,0,0.05133197084069252
12,6713e820273f591bdff7d26a48ee30c5k4iii,0,0.847675085067749
12,b7e16fd4fd9ff04b7d741b70730b7b6b1aw84,0,0.5893568396568298
12,80130530788e55de6e9fd515271859d1kgfsd,0,0.0539611354470253
12,cdf76f38b6f46a3bd396a99123d26909xq5c3,0,0.2019493132829666
12,46c0ae10d60c4fde2b6301bbafecd7b8dcla1,0,0.11600608378648758
12,38125387ec30412c438280af8931254dmvfgb,0,0.05342782661318779
12,4bddcd4957ff826dfd3b3efe6eb96be9aw5tz,0,0.6725612878799438
12,fba0c76970a464cfa9c043c906442f0eg53a2,0,0.054310787469148636
12,f8c42ccd10c3fe515e53082f0cde9a18oxgws,0,0.821297824382782
12,284cd72e028fe176f935114521ee998c5jsko,0,0.05327766761183739
12,d8ada60e3b7204a104bba8c073136bb40772o,0,0.053625430911779404
12,e2bda091a91082b774d59f2c5b8480ebbijs5,0,0.053069911897182465
12,4761b2fdb4ce610d1d8dd9ea50f478cf7et0f,0,0.053988367319107056
12,18b5e850a1c10e681cb5fae0704a699018x6f,0,0.0540289431810379
12,c8e474ba549fe924bff9d3f585a9943cg9aju,0,0.05384896323084831
12,403640a20dbd2c4bf554e558de137deckn70o,0,0.05229932814836502
12,02030ec48b7179a7fd9950fdf546e3feekkye,0,0.053164415061473846
12,1dfa6e724441ca3c913b3d40967c17b2p9xr7,0,0.050871841609478
12,f27321571b5b6184e86acb6203c766f2bsfxg,0,0.05067240446805954
12,49c3957287d24e69713e4355933b74baoijix,0,0.05266016349196434
12,59fe751fb6c277016b7ebe3609aa1b15vhg7w,0,0.05137207731604576
12,0ef9be4eb3b6a03ac2945522964b242ap09cy,0,0.05183156579732895
12,359444416c25e6e90ddb2e3d3d0bc23dufn9s,0,0.053997304290533066
12,f0567f6d45c0f83b9874681fe8dfe0ba6hjlf,0,0.49401232600212097
12,a4734769962126673e975a627e930b5fgc79n,0,0.05044030025601387
12,ed5fc53d096bcf1b86c30128040e775334ut0,0,0.10303610563278198
12,efdf59a8ca81c5d3744f9121ac8fd2c7coy3g,0,0.05317429453134537
12,14b2d98230228eab6a6db3efc41660d7kp23s,0,0.05247323960065842
12,b79560ebfed7c8cbcfb97475812e0836twsnm,0,0.05292743816971779
12,5920a92dc2b65e257061017a04eb5361tpa9b,1,0.9563430547714233
12,c89ad997f646e388fe375d7fe33a3727dzrh0,0,0.050994981080293655
12,d13cd9e0a7b95c0a35f3456014865230qku5q,0,0.05344967916607857
12,1e3642857c10e72cedaf7890e3c07bfa8ibzv,0,0.05137207731604576
12,45fe4f0fb849e7195a1efd5495d1285f2culj,0,0.05287846177816391
12,414af5edf09c473bde75644b76a68e7feesrw,0,0.22257599234580994
12,14bcf558addd6e6f2818ab2bda7dc679jqoon,0,0.05139908194541931
12,7622d7085237d6b73d08e9d70ed11fe3u8mwm,0,0.052384596318006516
12,8cc03b92898255ce4b096454645599ae5zoc0,0,0.05341517925262451
12,69e97e52dd6428671f46f2ab6567172d8mfar,0,0.05425911024212837
12,5d5816d216122786933fb74c459f35fc0vnac,0,0.052363984286785126
12,8ebc5b544d62622e45e1ee22a56265e0xwwsb,0,0.9454657435417175
12,63e3851eb5e1ee98df1065b333f6cb81mlby6,0,0.5897286534309387
12,de3bbaaa3bbc1fd1f751d23a972916d80q8e6,0,0.07777918130159378
12,8af01eeb860c2e6b1512377f28953110ml638,0,0.3986096680164337
12,60849c6d966f178808d94543173cb93dog4gt,0,0.05292756110429764
12,b416bf88dedd6ccdbc3a2146524500258qdzz,0,0.05192956328392029
12,3df41510a5044de5438015f37dfa3443bt7pp,0,0.052496928721666336
12,85499f83c5f1674c87d0fe77838c4da793u8y,0,0.05782948434352875
12,bfc7a0819397d910db7c24eaba1ed4c68dwiq,0,0.052919063717126846
12,693085cbb28f505f03b025dac8681a3bvfot8,0,0.06933313608169556
12,67616fd2a1de5c46e32041354efa88ceahbhq,0,0.9305239319801331
12,54379b25f1f35d9df78da9cd774cef74u5wt9,0,0.052399225533008575
12,8215dac41ad35a074c93bfcfbc0f908chlo5n,0,0.04992707446217537
12,a2bb8b3e3ae4566203eb5b3021b4d594pohf7,0,0.05046948045492172
12,a6414c637c6f1275e2c62c48fb238c5d5aw03,0,0.05338525399565697
12,eec2ea9d9b292a343f8ee566ba252baapagwb,0,0.05299413576722145
12,d26cca81c93b52ae3564aa6cdf33f5d5mkliw,0,0.05179186537861824
12,8e05310a342aec93aaec69a638e83a96aqyo7,1,0.883887529373169
12,70c31e8b3476b953648fd4f8775c1950m1uz4,0,0.05305567756295204
12,3550d62e04bd3a1239eedbc29d9c970279b1v,0,0.05039183050394058
12,ab0b0de534bad49af05faa626b88389cmjj8e,0,0.052182793617248535
12,74ae4f7b1692dc42622696303d9d4d763vksg,0,0.05341311916708946
12,9d1506d6779356dda24ed87d41f3be39yn1rc,0,0.052982397377491
12,c963c2dcbeeb0b7051bd3a6a87483ce6i98xx,0,0.051973775029182434
12,24108e769a15b155bd2d63c58368ae5946zhs,0,0.05273113399744034
12,e2165ff862178c7b2946f7f62f5a3e51wcvaw,0,0.05418912321329117
12,c62a6956e93ac3b56b1292f2c2d85b1fyekav,0,0.05137207731604576
12,5a823474f9fdaa129dea9fa690d51b62rgm7q,0,0.0691336989402771
12,37702159c6cd2c1a21cf66600e96cdc6rdbff,0,0.05433054268360138
12,f3ad2931359bca59c36ce55ba82f9af8enbi8,0,0.05117013305425644
12,e22850afda081aba360cc18e2a9021caqjjov,0,0.052524592727422714
12,a71f9ab1d130394882cbdab3c886f1b0fm6hu,0,0.05383739992976189
12,98ad4163bb0b1abf72f165056d4bf1a1g8ekg,0,0.05307105928659439
12,764234598477e02cbf8a43983fd43850l1c8f,0,0.05372931808233261
12,3a32eb1c6dcc818e0df4953e978f2e89ljhnf,0,0.053757570683956146
12,c08ae3075278ed0d139f00ead52ac2b0oy8nw,0,0.052529361099004745
12,f9753e9fd6e25e0a1ae176ab95c31146iaqnv,0,0.05158581584692001
12,464506515f2ae684bd510b3a50b9121ec7v3a,0,0.05800047516822815
12,171fbac128e6dcb51d0f07cf7ed8bd3er891e,0,0.9522168636322021
12,a7c910e7c7796d979aa9a7a31d74a8eaqsapx,0,0.0541650764644146
12,6679d668a393f336ba9d1cb6a154e03aifmkr,0,0.05112398788332939
12,58f590a56f480589646d255d570b0877zcjw1,0,0.05077509582042694
12,a8c2410eb81513da23261a49135e4eeacw6dw,0,0.054042186588048935
12,4d1542974bc322859d3d099b8c5193felot1k,0,0.2906078100204468
12,465c4f2ad08cc1e5f7a5e1e3ac75654ealh0g,0,0.05273943394422531
12,1395ca662a02245233af951cc7ad8313vk6w0,0,0.04972891882061958
12,af14436f293c40a9904d9f06a323215bf7zdr,0,0.053502269089221954
12,b9c59dcf41cd0a7ba779154872019cabmohkm,0,0.05180727317929268
12,6429ef4aebc7d1f4027b31a6e900d165nqvyz,0,0.04979266598820686
12,bea63152ca4d99f549999ca57b93d015z9kyh,0,0.05136658996343613
12,86a626c876e7eb4be35f4f0b0a78f97a1rn7h,0,0.05330689623951912
12,8e0462410d727b34290fec10fd5661761yc8u,0,0.058057285845279694
12,e21b238213c361523d276d67f37c05e3qot5q,0,0.05318063125014305
12,424aed9d807cfe0b2167cfdaa4957fc0heell,0,0.0521540530025959
12,ab3e02a6b47b250b738fdb010dc84cd7lrr07,0,0.05082204192876816
12,81c9c749b2c9f97215f3ddaf8b5a5fe1k757u,0,0.0507902055978775
12,9fbfbd8a57e4d4b18338063ffa43f1bez92lt,0,0.0527133047580719
12,a06311ea45de34bf667b79a92d13c764i6aiy,0,0.05437203496694565
12,d3e1891edac2851f6d34de566802cac8m8dn0,0,0.051963306963443756
12,9f280cd011f10593dc245dad1d93b11dy6rg5,0,0.05271311476826668
12,9a5fb8e2e5add29b006d789e4cfd1513paga5,0,0.05433429405093193
12,86a34cdbb975c141eea1854b10dbf1c8seom3,0,0.05238376557826996
12,1d69e006699adba0c79ab06f2f622445nuu63,0,0.05250616744160652
12,47183c1427a3cee97ff9bd167844e65d9dzi2,0,0.051719971001148224
12,8f086b809805064f3c4a5dd48327c0f51yplz,1,0.6882814168930054
12,6362c8d61774cfcb6ada7cea1be63678hxkfz,1,0.6192260384559631
12,03aafab9868455b78f0723eda86698ba9v9rm,0,0.7880590558052063
12,7a3378ad9999b1fde0a4562a9b036f038cdal,0,0.05137207731604576
12,ae0dc05e48d0f1e3ad33f37b4400bd069jktv,0,0.05208239331841469
12,c749a25f3a07304b959065d83bbfc5f75u1my,0,0.05178603157401085
12,942af1514033a612b203ec58f7894c9fv899u,0,0.05404306575655937
12,5bd35d55d367d7a21d98bf6a19fc0dc1e5j9p,0,0.05278170853853226
12,a0d080012ab98513e39234e4545e93be17tt5,0,0.05421025678515434
12,2540f8192e425f9fb921db30ac1bfcbas4p6g,0,0.09052419662475586
12,4b32495335dd238db6285f7c6bbe051fv1qoe,0,0.052547093480825424
12,43295f805d813e816fee438d9a394bc4o4of1,0,0.05321745201945305
12,bf6f2ca50a3a6a3113681e754307aa4ehnd5j,0,0.05260537937283516
12,3272e16da807a75a987e26b09bb2147by1mxe,1,0.9559240341186523
12,bb73823b1c3f577402c9aa9eabd1e412vp2xw,0,0.8283470273017883
12,a71f84e476d03bd0b25d45e44eeed9a8efehw,0,0.10301026701927185
12,d428139761f7b7563d57bb1f87b55876388j9,0,0.05362045019865036
12,ffc4e2dd2cc08249f299cab46ecbfacfobmr3,0,0.0522017702460289
12,65996114740a63c9e0fde74bfb6725b1k9nuz,0,0.05306331068277359
12,142a2545c5c01937b05ac6de9773f9efgx0eb,0,0.053240302950143814
12,0d1815382b08885d76c671ab600133adeyp5e,0,0.6666820049285889
12,dbbf9d9b1d7fa110208f77a681008077plqng,0,0.0527639240026474
12,7a9519ae09e328b09d18473f96ef075fzrs1v,0,0.053385891020298004
12,12df4a9cf4eb203909e6763960b79238cb0yg,0,0.05302713066339493
12,7639039411fbcc6cf1013b247b2622a72g0r9,0,0.05184824392199516
12,67fd1325fbe3cd75a110cc80b9df9708l0w52,0,0.0706886500120163
12,b86050461e88566061c796dbccb1f7e5at242,0,0.05396808683872223
12,486dc9de91d243625863313adc03aa6bv4s1e,0,0.05480479449033737
12,bd85d0d7fbbfab49136c241bdbe119dbgkuna,0,0.053738873451948166
12,4e22432d4a059b14d1d6a68a1feaa953k8vrb,0,0.054072700440883636
12,25f1a9c0c83eefedfc2c1589e763c2a3is1qy,0,0.054213084280490875
12,68d0de6b2b019e4f93fe89ef3c9d3e21zajj9,0,0.1151973232626915
12,59d96b423ea3ed56611686300b681f3defm4n,0,0.05059610679745674
12,32dd072b16a69411ba3f67992ecc3e2144j5g,0,0.05406545475125313
12,38d9e2e83f25229bd75bfcdc39d776baz5zu2,0,0.8345638513565063
12,e833712b1e29ffe74517e2dadcb4f2d1pt5t3,0,0.07629035413265228
12,48badabcce6015d257ff5809761486c8qgjul,0,0.5003445744514465
12,e76154d73bb7d7b86d9bd48d167d3c679z0va,0,0.05281120538711548
12,1680b6a12fdc8c64645c00ae8048f99c6uzoz,0,0.051854927092790604
12,c4709885ecca7b90dea4beb5dabd68aegk2pz,0,0.052824102342128754
12,0547dbd3ecb4a293913f138d60b586fdf4ane,0,0.7663854360580444
12,7da6a36817cf2d8c3be218a32ab25550c8kg7,0,0.051848702132701874
12,c16a9bdd369ed3ec2891c46e64017560fbx69,0,0.05403512343764305
12,dc4efb7e05563288d1f2ac4ca65c6734017ql,0,0.05252929404377937
12,668d393e858e8126275433046bbd35c6tywop,0,0.6692750453948975
12,5e3747785e44d85a41a74470c051e946x01dp,0,0.05404345691204071
12,2cbacd5b066b7dff7e0a87e1ef00e0b4zpqzw,0,0.05323520675301552
12,a679d00c30c269a8eca148458abb8665kciaf,0,0.04971371591091156
12,d5337c2d4b58426b30c8733313eb5247syn5p,0,0.05141885206103325
12,1f2d607e5cc04e790e3961a6432d7c15hn4qb,0,0.053723547607660294
12,6326299ca6a53277b2bcea07bd0b4ba8ktbqj,0,0.05380549281835556
12,aa3ac65055bb4b1660f4d8c1d2c187ecoqvn4,0,0.05282700061798096
12,e704e6fedbe6caa9b434509d085f4c97nq6k1,0,0.052940528839826584
12,5c2d250afe88df6e4ca3ff08d991eb67s5erh,0,0.05282260850071907
12,8a7710ee3c886df8ca78c88120603cf6taql6,0,0.05308954045176506
12,531d4a209ec0cf76c9337b42fb1c3d9c9tcuv,0,0.05311126261949539
12,c0e4be8d520c7bac2f51ad80a98876c2aan70,0,0.05400548875331879
12,7eb7b2f6a914afba5c3d207dc28a93aed9pnc,0,0.05360237509012222
12,031da7aea2d4b75ac8ecba4825bc1318yki1d,0,0.05357925221323967
12,958de49cdd870198543313fcf574d7c4eutrl,0,0.5540108680725098
12,67fbdc4209a1566288acba904a2b5a7ee588g,0,0.4012484550476074
12,c8f537f6bb0aa2d45da541a875f014358qm7p,1,0.8651670813560486
12,d7e83a95a05308d4fae6428bb9073a7bg8aoa,0,0.0536656528711319
12,ba319b8bb68ca6a12086f2410ca7fb3buxsei,1,0.9517784714698792
12,0b3d5f829d18ba30d967fceecb58821c3oeqa,0,0.5897200703620911
12,67ab503313f60aaba89f64e2ce3b459fvyahu,0,0.05404213070869446
12,79794d93380946ef72e95f55b4abc008hsns6,0,0.051003746688365936
12,14fe3602f049d4574cdbdef13789647dsgtqy,0,0.05415109544992447
12,5c5dbe70c2cb05d208c22d204146e1e9f3lvq,0,0.054611410945653915
12,93e3c34171ab65e0b031dc67461e48b478u36,0,0.78099524974823
12,6c3bdc508c20f2f3871766cd73064c8cib3xh,0,0.051127828657627106
12,862eef3a75e1351593b54975cd8ae1b3swcxw,0,0.44254305958747864
12,6b531ceeec5892121e04dcc6f89b10a70yqoq,0,0.8211973905563354
12,8066d0a6ab30c52b3ddca5da19518b6188t23,0,0.05167887359857559
12,dfb23124fba16b7778f65c1c8d091f949jz0k,0,0.054377567023038864
12,5114111892d49b59415284dcf19ceebconhvq,0,0.0542696937918663
12,664adb319c2be43104b6565a8ff293dea0f01,0,0.05276846885681152
12,db12e9cad5e847cd7a40ec1ee649e475iwzqo,0,0.05137207731604576
12,97268eb2ac171298eb03ecc6445d6879wk3pu,0,0.05311930924654007
12,197e90906939267ace2422e78e8e83889znqp,0,0.9206237196922302
12,8884b7af726ce7bd929482ea13de19d39lzuv,0,0.054305899888277054
12,7bb914fcdec49aa88c7310a3dda716aa9fb8t,0,0.0516260601580143
12,31c840378b5c2e4469fd2e7f5a1e5a7d92k7u,0,0.051441796123981476
12,ef415b2bbbb81ed33cec7242678975d5m5qk6,0,0.05222644284367561
12,737d19fdceb065359c77b81d27053c4e5quiq,0,0.054044581949710846
12,d42604c7cca8ec92839e92508f2a3e52ehz29,0,0.47566622495651245
12,d9d24106ae1ff4f5bc4ec3caf29d7bd2c2f5o,0,0.05239693075418472
12,9dd7e7ef94a7bc5bc9f98c42099910e7o76qh,0,0.053160812705755234
12,8725b0aa1a32054450c16b099328fbcbi71gi,0,0.05347927659749985
12,c616385a2762ecfd8e4ea16d8a1f2596qw07a,0,0.05258326232433319
12,c353286290001e0943ed9bb160145c42etrf8,0,0.05432344973087311
12,25a4ee3a528004bcf4f4bf62b9208a7dx96pt,0,0.6915994882583618
12,6ebbb4e7c3fb4ba44a89bae997717924gm89u,0,0.0519825704395771
12,24a32bf10c4a5d4d91c27da4710c869a0nqim,0,0.05456886067986488
12,af33d5277890ef0b5f55fbbf400441c9hdehk,0,0.05190344527363777
12,74a35c4376559c911fdb5e9cfb78c5e4btqew,1,0.05424502119421959
12,0918eedd8324da06abe5600f058480dc75nfo,0,0.05217502638697624
12,6f07ce71625a0c57aa5c0c05071cba164jmba,0,0.053273603320121765
12,353d05bfefe1dd96d3335575ddadf310rgnrr,0,0.053946468979120255
12,c277151116ce38d8245f9f2308807af8t4nnj,1,0.6362309455871582
12,00cc97158e6f4cb8eac3c0075918b7ffi5k8o,0,0.053057439625263214
12,0f3ee77a46dd5a09ad20b7c3e54ec614sbpvb,1,0.05617259070277214
12,1a09feff347553a2577983d7c742e3d6l2hfo,0,0.7617036700248718
12,70739399d69a3b7ea9e72742dc728742zp9uf,0,0.05404281988739967
12,39b501f37dde9b055d627394964d3260qiktx,0,0.07260055094957352
12,cefd0ed907595de146c91e6c26b8ad658ilo9,0,0.05138668417930603
12,3144ea2711bef53de88d89d71acd16c5q0bzh,0,0.050978224724531174
12,40f2eaf03624a31952397644f1b79a6fvtfjf,0,0.16299591958522797
12,eeb7e43d894af9161f84692f2bf9570fdryzr,0,0.05423066392540932
12,a46046f129f3526547aca680877fd8c7e6tfc,0,0.053504012525081635
12,2c449b1bbbd5f8d9bcc1159b7bd3caa32jhtp,0,0.051503002643585205
12,76c85d6bf559bc0323bbe1639d233e88nxy36,0,0.8039639592170715
12,a116e727a3dc0b69f5e7ae14d0ab40d44breq,0,0.05241740867495537
12,437ac1b8d08c3b328924aad097a3dcdey2m1k,0,0.09375351667404175
12,3b8320619393a6f6bf12219b61cda688k4w4e,0,0.0525868721306324
12,c615c31c87260c0d85727deff6da6667lgg33,0,0.05249036103487015
12,5a6376f140f05274d6e0dc888cbeb89eukxkd,0,0.16864269971847534
12,44bfa21b7d497f097a594c8861d4f8d4w5e97,1,0.7002277374267578
12,4aad6f0ffe775217e4ef8c91d69707545li52,0,0.0529630072414875
12,6e29de28296a57f039026ffc6df9145cxo2n0,0,0.8462364077568054
12,caa74df2086d71caf6c1b2b9c81d3d98xhpv9,0,0.04996565356850624
12,f2f10539ed947e4b141b2e9bf21af65ecz4f7,1,0.9507990479469299
12,07012e0507b4281d430b93ddcd96cae66und7,0,0.05261726304888725
12,120beb4523541f769a2b658cbc41dd57w7im7,0,0.05168468877673149
12,1a764d01d19a1408382ccace87e61c9fndlo9,0,0.05419350787997246
12,f0ce8b973cb8d6eef9221fd3d6698fd4kl3g7,0,0.0527966134250164
12,ffaf0a972a6dcb3910fd6b16045781e2ava5y,0,0.053979966789484024
12,e4bee4e53a19aaf71e0ac0e3be752b2cz3k1j,0,0.11382252722978592
12,53d9e7fa087a0dab6a472bfbfb694622jv072,0,0.054517582058906555
12,4d2fc319ce6c2ad370052e0f6f2b0a1dxiyau,0,0.05064120516180992
12,681b4f9dca9e70441fca4a58c05b0f50skmir,0,0.053014546632766724
12,6ca1de75674e78f9d3d63fd96fbe6e172t86c,0,0.05204922705888748
12,17e4d6d9a1f8ec00cec1d4fe79b059bd51476,0,0.05291606858372688
12,3f977186d125ef8bcbee0c1562c7ced2b4utq,0,0.05236050486564636
12,4641b5a43c7a2496ef93af2ca590d2c94s20x,0,0.05136328935623169
12,f5b2bbad20d1d7ded3ed960393bec0f40u6hn,0,0.924933135509491
12,35f822bee4f85d98d5b1b23c65681974ywyuv,0,0.05325563997030258
12,d8a10762de6d62c087a0a8f0e61cf78bbgke6,0,0.0525672510266304
12,b6a3aa8c0f2302fa35d7b809d9371deeypvyh,0,0.4437699317932129
12,c41cd6791e262b44d26bdb3443fcfba97wlm3,0,0.700065553188324
12,77b342f0d8769898619a935e267eaad25rubb,0,0.05234985053539276
12,bbf1dcd2f0100fa90e4a8544b90e35846p5y0,0,0.054182492196559906
12,c99b1edcfc7f0c751b68fb310d34b75ei6j82,0,0.05278657004237175
12,417adcdcd7157e75c66469c07208af00qjnuo,0,0.0528523214161396
12,b28e6a39ef0cdda29c5e350e048c3a813idk1,0,0.05400768294930458
12,ff4e39c0be8af4b17a73dcb761e4bb6dmop0m,0,0.05261838436126709
12,f1e57f96a91c185a7ea716c2481cabecpi3ia,0,0.052673500031232834
12,2d38a6af2ce96c1446f900aa4756b8975y9k3,0,0.11299198120832443
12,f28b5654b5633a0b5e3f757a16080116sjj1b,0,0.20447836816310883
12,4fcdd880c4e1a1767c4d26f74bb3466f11osj,0,0.05137207731604576
12,622a477170c3e2215b7e3cdb06db93aezz6t7,0,0.7202274203300476
12,f7b25abd850df9b0e0b305c6810e1ec3qbtaf,0,0.052362874150276184
12,1899fd76b484b9275854787a6b003b8a93js0,0,0.14656567573547363
12,458c8c4e10e5c1b29e3fbe5ee56d46e8y3fb3,1,0.9371527433395386
12,43bd7fe0ed7629fa774a461127a629f19je0a,0,0.04962775856256485
12,741b9948c8cf42d658676e5a46757815zstr4,0,0.051777832210063934
12,4c93ba564461b1412df6f033c8ef71e8ck438,0,0.47240275144577026
12,25aca203223b4d9563f5b1a01aa3a21ftlgve,0,0.05104830488562584
12,e54c3b01eab75ad3a616d56dd06ebef758ua8,0,0.05346274375915527
12,385325103b3eb54b0b974523fb7a13e02go5s,0,0.05253663659095764
12,17a321c4a0d925ca80507effa52330ac5n5r7,1,0.44289928674697876
12,235f78b13fc87c995c1f309403ee56bb54tu5,0,0.052571363747119904
12,84f06d2c69695fe24cd69f8a1aae21a7kozbn,0,0.05253283679485321
12,9f34ed261596a1114cefe81158c5617biq26c,0,0.941207230091095
12,8b253bd318229b3eea3f459bd81b8347khytb,0,0.9537531733512878
12,c17c63af831939f5e2fd12f65821db65umonm,0,0.9269159436225891
12,717a0a200628f9606d88afebaaeb409bv60y8,0,0.6606401205062866
13,4bee9aba2abda51bf43d639013d6efe12iycd,0,0.09182623028755188
13,57db69e32163f3e486dc6ef7d615aa12usje6,0,0.08853313326835632
13,3f3a3705be5ea07b9ba7ee646ed756fbssuo7,0,0.09040486067533493
13,d29003d7f3ec1f0e4ca9cc17e6389b4a4phcg,0,0.08983026444911957
13,c748f0d69cc89d5812c9fe3a6413bbb26351l,0,0.09036897867918015
13,0d0b3d6dc27d0f8eed70971f8c6bec1bdrs0f,0,0.14282511174678802
13,a22fdc066a738070c6e4860924d06657hengu,0,0.9239364862442017
13,aabc211b4cf4d29e4ac7e7e361371622pockb,1,0.9300330281257629
13,e1da7d96b83f16aa80cc254572cc154fcoudy,0,0.681423544883728
13,1cbd9081de4481ada66f1853737f7684ddjd1,1,0.9207215905189514
13,cf33d05860b7f7d9af73c6091190b81ektz1j,0,0.8843157887458801
13,cab0d4e41ea81636de3bd3a1800d8da8x4yca,0,0.12965735793113708
13,7cb144485c703ac09fc73aa646041f72ogqwv,0,0.08680727332830429
13,806a46eb814ec7a09bfffcf38b0763d344tc3,0,0.09104909002780914
13,20cb327bff59dc8f4fe1ac68a30f02eb6jrq6,0,0.08527012169361115
13,80e753fbea14f966b1fc6d1e194d4e66822ms,0,0.1653585135936737
13,28c0d4c81a22958352aa742f7d74e477qwo51,0,0.08771122246980667
13,0e66933c924764a59760aaae5368e7d1e0s88,0,0.09111534804105759
13,024cf43497fd7381df6254888670f84bwbbam,0,0.08814197033643723
13,12d6239a92972a35bc990225b3ab33466znm8,0,0.08734031021595001
13,15972a431aed117840dfce5556242366c3fwq,1,0.9281249642372131
13,fc8e62e5fb69ba67265a3d0e3403aa3fr8c2q,0,0.8979923129081726
13,36b84c776aea2e008180dbc72393ed750zsbr,0,0.09223172068595886
13,a9229b83f54a5f44a69e65b9b3aa7aa26qcon,0,0.08393649756908417
13,2e3b450b727fe3e888c85d52251fd33ffoi4b,0,0.10576726496219635
13,961ab8cb7952191816db53f8a11a35fe1zecm,0,0.09180258959531784
13,99fc8ed25265e58bc94d9d95180badf4t2e3i,0,0.1599918156862259
13,f90f13ddfc0f98cbe3c2346a2e30093cq6zo0,0,0.08681461215019226
13,fdd836950d203286832a21b930b9f6b58ch7s,0,0.4202907383441925
13,6cd1bd77bbf2af6a2c6e535192af628by3h22,0,0.09268338978290558
13,520b616c26fc47935f6bcd5ec063eaa7w15t8,0,0.08740578591823578
13,85155ae64ccbde01b48fbf4b3f1b739exmqyu,0,0.08556519448757172
13,e613acb1029ecafd9792c9f75d468e4bmm9zn,0,0.09133939445018768
13,74fc24cafc7c5936d0422b8da306365byjv2b,0,0.09024614095687866
13,f186d292f4e83f70a92c97f92993f655ygqzw,0,0.08676251769065857
13,ef9ce9b85309d7d1044ce57055705bae8pqlg,0,0.24508681893348694
13,cd856579a7c4850b60d8763520339449x0mqg,0,0.09101925790309906
13,9e72fb21f7581cfff84e833d02538e5ar35kr,0,0.0864589586853981
13,b191c73f160bb9320dd3715bc3ffed26ymluh,0,0.08616475015878677
13,408f81a85f3b31f8cabedf6ccd381961pop72,0,0.0908646434545517
13,64e802fa8e0c17ec2ba1b6425648b7cb7ndkn,0,0.6858230233192444
13,42c407eb70ddacdcd59d63f22caaafc4fa0p2,1,0.928549587726593
13,b719671479e7d75b1ba5a5617c95ccad4dkvm,0,0.09227756410837173
13,5e611461283a5c3e49b5bfbf9c33b7391ce3h,0,0.0842391848564148
13,4376fc192e83a1a5d7a83085369916e8rr035,0,0.08792449533939362
13,e7a98dc8545eb429007cb48799a40a2dc9p6o,0,0.9224024415016174
13,a2d0b7ec1595325cc63777f106e09fcd88y5g,0,0.09300175309181213
13,ff12cd48c7de8ffb8b2099f262ce03980dqqz,0,0.08716137707233429
13,ee052a24cd3164af9d08fe77bd6b79dfrbelk,0,0.10174334794282913
13,d2138bce99f535c244dab68652ccfa2enshxk,0,0.10021716356277466
13,f75cc5ec8acf1ad2349e00ffc4b3191a531f3,0,0.1004001647233963
13,76218e14c379c12d599dae9e1c00b61a3i5b2,0,0.8914577960968018
13,d2ebe13374f25a12865d50c17af1dad7yspzq,0,0.08531896770000458
13,3d94b376bae8dd60eea48ded36134a3962glw,0,0.08870736509561539
13,a6bf74b19fcb2687ce345930c4c16d4e2txda,0,0.17637839913368225
13,bb790a228de797253bf6afa43ee52eba1s2dx,0,0.9075840711593628
13,f0f21cd3d51b7a233988cb1c3c5df977zjqkj,0,0.08741841465234756
13,cf9a1c3af63d1bc3f55728b4a06a5f46njrac,0,0.1952592432498932
13,29544507566320f1125d8e9f9a0ab3f2jswhk,0,0.928743302822113
13,6f46b3e231003daf21108df4624afcfdaaswv,0,0.0846945270895958
13,7607c4efa792a69e2a8949ccafcbef103squn,0,0.872002363204956
13,300bb4c9816a7064b106c9c6cec2f51ei13n5,0,0.08947231620550156
13,e03311c7620a8098b7a177a5f1ad213ernao3,0,0.09530221670866013
13,72994bece8c918a2c4c432b98780a7bdsctwr,0,0.0866485983133316
13,01eb9dcbd0b3e79d94020d13d83a993ec9d2a,0,0.08955082297325134
13,cffb5f3c1f4ca815d0f643fcb2f2f316beod4,0,0.859038233757019
13,74866aaa89db79f25dc0fae8be067b83xlbm6,0,0.08689559996128082
13,3733f7ea492eef1f69f98593d2122c50xwcha,0,0.09133092314004898
13,7f86c3c417ae1db5bea10bf9d0a7827ct3ni4,0,0.9189608097076416
13,c18cfb38fe1c4c01705391422177265cn9w5x,0,0.09189584851264954
13,eb2c4b4493f31788ead745533e0c9a18xzzlk,0,0.09557963907718658
13,786fd201d9c952bc3453d4b3a6fa64046d8wb,0,0.09261604398488998
13,45cfe8744884eb207048e3cbee31ec56hd9lm,0,0.08834110200405121
13,e0b6466f9f720e9d9a00d7c12b2e2c6d8xwxz,0,0.09162489324808121
13,dcac75b5ccc362a66e7f9112f033bdebchxq4,0,0.08543194085359573
13,8f00a4c4d7f097bc1688f8d89431f6bfmodq2,0,0.09339261054992676
13,35a89119272ca55d7f602689616b58c3pebir,0,0.08807661384344101
13,ca0331fc37db2b251a012376f7b987fcma2jw,0,0.9332579970359802
13,b42ef139c2dfbff8356e8886d2b109e06riso,0,0.08643283694982529
13,b232fdca7cb98028e8945005f619fb28p8788,0,0.086366206407547
13,295fbc4ef00fe0cea7947811e78bb8aez9ti2,0,0.09230215102434158
13,11b1859aaf7fa93818baa76007cf7207d8uwy,0,0.0920042023062706
13,11d7f0a5076649b229c301a22537834e1ehwg,0,0.8594598174095154
13,57e1892d3d62d87c9ba5e8425a1958c0fn11u,0,0.09355274587869644
13,2906a20e0b4f7ce840d051c4be898b66do6wh,0,0.9285423755645752
13,67083f257438b1b79cb09cfa601890855of77,0,0.08562520146369934
13,bf80bec9b4a8d29c494f8545f2a4be4eji6qj,0,0.8826425075531006
13,3fae46174ef1a7dce5e9893775f814c4so8s0,0,0.09237784892320633
13,313ede314e2e05c31471fd6a93f98af713jud,0,0.08953803032636642
13,35b111da8e919bb34e80511be9cbd128pjjdm,0,0.09348291158676147
13,3d7cff3dedd8a8e02dbc551c6a61da3bibbvh,1,0.915536105632782
13,66513f72be85596a527f9f653db3cb72cq4jg,0,0.8770713806152344
13,10b431aa15b56084d32fe1ef123c4305wo1nl,0,0.08689715713262558
13,573cf43253a18821e50dfae941ac287ceymgo,0,0.08672399073839188
13,85371e59ea43c33c7e481ba3c214e893ail7f,0,0.08552953600883484
13,86b6207b5e87d58ae307bdc1545a101akz0ew,0,0.09037534147500992
13,1c66f261724506bee45dd18a4d221bfeh1687,0,0.08992263674736023
13,200b548999702c10f8f9fdbae9ce60622owzv,0,0.9217028021812439
13,d8d90875fbcf94c3b4c5c00479cbed6e1mqrl,0,0.09717731922864914
13,2b72d702b44fd7dd58062e326fd8e4779j8mp,0,0.08621257543563843
13,fbca8e44d824faa1fa6b99325758ff19vi94a,0,0.09328579902648926
13,0353aa9e97bd46119c90b8892f99982esfem3,0,0.21484939754009247
13,7d72bde2e297ee81296adb4fd56e8800p7lbe,0,0.09251537173986435
13,3b947f8c954acf4354d2c3bdcd494fb0x54ee,0,0.08684737235307693
13,b1bc9ff2b98df742affda07c5977c7345dpm5,0,0.08583027124404907
13,b6a7b5bba132a90e7c7cb350d2bfa52d7sion,0,0.9326723217964172
13,dd1675bf26316cd4630087fb47d0ff8fsug8e,0,0.10123448073863983
13,e19f258fa5019e58974b562a8e1433ccluztk,0,0.9014812111854553
13,a60101895443bfa5d4485b9c2c3e1b68t5ppq,0,0.13349753618240356
13,8322695c21cb27accf0fe269438bd78fn3x44,0,0.8586742877960205
13,876b122982958678f14bb25d887dd79dun3qa,0,0.10046418011188507
13,d7c046d4328c139e76fea7c1833e8fe6fx4yz,0,0.09038817882537842
13,d4a84bdffb9543626fdd42c879343ce26ds4l,0,0.08581233024597168
13,45c3a73b88760d4390f42ea4fae97d84la5wh,0,0.08771146833896637
13,82194e7d8f9b84e71b789e763b5c3263r6d98,0,0.09155168384313583
13,9f793ee6e6df7f69b5a5acb4e13db0476b26x,0,0.09298700094223022
13,012441119bcf83b23d4768bb72cea6d6carua,0,0.0857633650302887
13,953879d32e39e014cf8ce73daa2547cb2ke8t,0,0.8745453357696533
13,d8ff621bc161b09d9192c445f4b3be7b8xow6,0,0.08575485646724701
13,796961698c2f2442e73c5195062370caawzzo,0,0.09022895991802216
13,156f4a8763e602ef789f8048c6928676a1ily,0,0.09242258965969086
13,86091a1e6c99358936979baf67d54457x1dzy,0,0.08553674817085266
13,936d542904f515ea87bab7996497b11aszyco,0,0.08582683652639389
13,c6108e22518279361de99b3c7c298235mkoa9,0,0.12144250422716141
13,b071545f5ad73150880c42e780d951bdzvxn7,0,0.8727020025253296
13,47d1dbfb67706772f8a44f50e5656602z04rc,0,0.08595528453588486
13,c6a49cf5944626b45425712f9e19e91d2nyh7,1,0.9335806965827942
13,fe4906ac4c8e2db5ed5a71e8a9d10080u6g7o,0,0.09303157776594162
13,de8943f2b113702c98ef695888b7d0c6my29p,0,0.09241427481174469
13,6c0212679f2439c4113386b2c6ef513e8wr8p,0,0.9089866876602173
13,429f301119adc32d35541dd4d60903563s7nr,0,0.09660929441452026
13,8ac7cc6a62b82e675465e89f67ab1f962ltgu,0,0.08637862652540207
13,5f7767924aa92a8f01b44a7e09f00a4dgqk8e,0,0.10655299574136734
13,af9c96944265cf541b3fe734a057821a825l7,1,0.9124796390533447
13,420e7aebb49d7ab3c04e109a98e152d7kquiz,0,0.08730395883321762
13,d2eca28cbe0a3dc69715d719c6958faaaqx95,0,0.47266408801078796
13,ac94684646bc6f708dcf4566f41ec05es9v44,0,0.0918392539024353
13,bbad48cdaa604c1bf40b59120a775794rnlg1,0,0.08515214920043945
13,e2554dc14d54c3b7be85c59dbc1425f77qv4a,0,0.0923364907503128
13,a9bfa54aef505d65ec488d8984c82a7bf0fjm,0,0.20807985961437225
13,f334d76f60cae7c67ab04b9e5cc49907hqsc4,0,0.09294474124908447
13,f05dfdaa2f67b190f3a79a5a2d5daf9coikow,0,0.09233175963163376
13,9f60e1593604631e10ad2677c51055c6mv205,0,0.08976953476667404
13,ae817305e82b580f9ab89f1a379488e39il4q,0,0.8071936368942261
13,183c4e44d09bc4ab990b957e765af311vlup7,0,0.08978933840990067
13,612d24dde60a1b42873ab7b50944c6dad3dcb,0,0.1110668033361435
13,313bb0007cbdd82f326d58c96847294c9hz4k,0,0.08610893785953522
13,3e85a43950c71b1988a814682abd4392yakvp,0,0.897700846195221
13,e429d13bc2c7acc82d8d68fa020546c38v82z,0,0.08522425591945648
13,e0df56a5ea8094d070b0130d7178a996noolv,0,0.08734897524118423
13,b5a92183d20e5ca98da4065c874e0b9dezbhx,0,0.9329742789268494
13,0580f2e77b4c0dd3b5cda8a1641cb9fenmo0i,0,0.16704922914505005
13,ae15accae2164aae084aef7e3524c1fflq962,0,0.08627776801586151
13,2d9579812895729581ce269ea17462197jxvy,1,0.9208001494407654
13,d9ffd2f7f3cc1a546586701c2a6fbda24u9ye,0,0.9169386625289917
13,4922d20e07d04601e8724be5e9f9576blyccu,0,0.09240750223398209
13,631f923b7bcf91f61a2e9f96520bd8c8vtl14,0,0.9276370406150818
13,f73eb6e2e7a872f97c715ccdcddac77am8bq5,0,0.12932217121124268
13,4c67576a6f30a158d16d790a7fc482b0zqxue,1,0.9307045936584473
13,f3a249f6a5c2c88ddd8bccb1f8a85fe52xnkq,0,0.08681279420852661
13,86e50263881b0d382b55777185eb648aagh1g,0,0.9158011674880981
13,3312b8e73417810a88be459d75fe9bc2xhd8v,0,0.09166064113378525
13,5830a96593aff3e951919578f7374f09pqyc0,1,0.929463803768158
13,0af208c4fc46ef9236052ff495016326zxoqf,0,0.08842077851295471
13,a6d6f3f5034886fc00a1245b439de13a66ha4,0,0.08852703869342804
13,61337802cac534b7e7711793039782d6f1yy9,0,0.09762237966060638
13,42f754cb72e01c08005598e1f9383341fn7xh,0,0.19798392057418823
13,c4d42d0beefe49d6157c546a2504f4db86hvd,0,0.10701970756053925
13,9a12aa1aa3560062c6f84bd374eb5f7f422vq,0,0.08669701963663101
13,43553dd8b9370fbba5efa6b652d9b43ezsj11,0,0.08636603504419327
13,a40808ec5bd9d0440585286f1658c3b1ag8dt,0,0.12920626997947693
13,c9e1e860e39bb7d4dbf3c91c5d6c36c2dv4tp,0,0.09306593984365463
13,72dbc4a9f579a9444c126a0a67118783092ec,0,0.08603455126285553
13,d9a813646e8fae954898c1279196f5493gqzc,0,0.0860086977481842
13,3ef757c3d6a272681c69bbd7e071b705yzt8t,0,0.09142523258924484
13,3cab5bd983f5be9c16789b6c14bae982nhi9c,0,0.09179647266864777
13,97ac4a68e5600c4b7a960d9580d4f251470mc,0,0.08592052757740021
13,a0aeb6de8a21a5b776f63530ed753fdb34k7y,0,0.866503894329071
13,40829191b83242ef1f380f90876cdd74mrqe1,0,0.35782232880592346
13,b9d861ce6162179a4b008b63e7fae80fjoywx,0,0.09319096058607101
13,63c48b70d37dee5fcfb26f94107ba3b94d90p,0,0.11263711005449295
13,fb81da0790d821a22617d748d0226540ylrj6,0,0.8845817446708679
13,eb8f9ca4a23586f5acc770fff966f654dy7g0,0,0.09180202335119247
13,a13da89a3a54ac9b4ced156542afca5ddyumw,0,0.0917956754565239
13,24284d3fc3334e0adeb6bb95637ca62d6dm96,0,0.09340310841798782
13,83a24bbff5a4cf9d9fb10391102708f1oqpco,0,0.08809445798397064
13,d7b66d95bcfba06122dc6f7a3c605fd73239a,0,0.08687488734722137
13,50a4bfbac8a9653af4099ec1169f684c2nsgu,0,0.914706826210022
13,5fc9437841f1dbbe63a3a933c48472fcohutg,0,0.09173470735549927
13,673650167f432c009e9dcd062cd4e9fc2szln,0,0.09608042985200882
13,3ded667003605eb856ed1aa2b82c1732gtma1,0,0.10170239210128784
13,cb557e4675bf4f36f93ef5599adff545nz370,0,0.8800645470619202
13,d6517684989560cbb0da1fb2f5bbba9b9y2st,0,0.8275617957115173
13,ed5ee107143980558fae26c1b5c7b81a82spj,0,0.09944728016853333
13,ffacbed056cbfaa60c1fcf51f0d381bddr3ly,0,0.08440648019313812
13,8644c9765c64da22776cd67eefe0f498u3aaz,0,0.08875216543674469
13,30c3c92cc9408f55cfa895ff8a505930a3yy1,0,0.08754837512969971
13,00a0517965f18610417ee784a05f494d4dw6e,0,0.13664428889751434
13,f01e3769fdce36d31eae85525827ab17xeu31,0,0.0884522795677185
13,fbacab353140582a4b8ae3412eefecbc753vs,0,0.14848048985004425
13,b0973e698b12fe51ec2f259d924c6098rasmy,0,0.08393554389476776
13,da2841ffcbeabaac373f00039c10f39fty6fa,0,0.4616588056087494
13,098bfc9c440f9ba9e6371f774ec6a36fa0sq6,0,0.0913270115852356
13,1def3e23e479c9739abce6b3518013d39oejk,0,0.8196091651916504
13,dcc5a79317a22bd0f6dca1f60fc866a8bei1d,0,0.09360815584659576
13,11e47dc08d7fa4d1a1953b5868892f72qvlho,0,0.0930013582110405
13,30da67f34e3cc215b3bdad588410fab5655fx,0,0.09324390441179276
13,08353687608279ddd83e4d36fadd1cd8ritj3,0,0.09159031510353088
13,1530008a712831e35a673d38959528f4ozipv,0,0.09088441729545593
13,cc4763c97c3d7cc9116e0a51a6d1f2e82242i,0,0.08550216257572174
13,2137e2626c568af8e56bfb72fdd5b9e19qiyt,0,0.09048838168382645
13,470a0e402bb9cb4d48c2a450d2043e87flc2m,0,0.08837907016277313
13,f0fd9f1b3fc9ff10c2642b3bf81946e2rsq48,0,0.09468571096658707
13,6a97f70ba29a04e77eb3b137e157070dc2mqc,0,0.08467231690883636
13,a7c263f3fe4f19ff677e5cb475f7e5a3gdom3,0,0.08366702497005463
13,3d2608a892e44dad3027ab55bfaa0b26r69hy,0,0.9145303964614868
13,80d8e3bfc8a2ecbf22614befbdaacf5fo6o5o,0,0.09341839700937271
13,5b0665172160ea4015e79dfbcfa7ed86oe0mc,0,0.9200893044471741
13,69d8fbf99586bfaac64d31f82b9bee27wltkd,0,0.08661829680204391
13,510f33a3c0a290a0e43d2576d928a4abxieo3,0,0.09182839095592499
13,5dda8ade6b5d4065f3119a381516c227yoz8y,0,0.8440583348274231
13,6b3cff1e3d9398d4c125e7bcf612192dy1gwn,0,0.09344432502985
13,b258a38ef4cc6ea241b5473ee9badd32ekhoy,0,0.0932232216000557
13,4199816cef8be846ca71ae752575744fimyto,0,0.9247777462005615
13,7d44df0d40982a6651a06cf533ef5dddtppag,0,0.9112526178359985
13,e268d06507859d78894a8f6e11995f48zls7t,1,0.9351348876953125
13,e7445f6107c8cd3783fa722c7dd29fe6rcd3a,0,0.0897093266248703
13,29bd1e11a41eb2ff50af75d10f28041ejh9xx,0,0.08531616628170013
13,8c3631460a4d25d2b21b1f92ebbad752a19ww,0,0.08704960346221924
13,989e8e68621a43af5a8d061aa91bd9bfshy7d,0,0.09328524768352509
13,1ccc69e376c95da9bd569a5d1a176874ivojs,0,0.08733273297548294
13,2e07d37dd022e72ab04da76f51edaa13qk5rv,0,0.09094778448343277
13,372bf02911448b7f62cc861074a7ac81y0jsn,0,0.0917968824505806
13,3893d2c62d59c232112efd332bc342dap8b4j,0,0.08603350073099136
13,100d406b638e84e2da7c31b03100b874qiay2,0,0.20028682053089142
13,06ddad46112881df154e3bda0e90fe880r57n,1,0.9182563424110413
13,3e995d6f9dda5f29c02af4c9fcb94bac0csrw,0,0.876217246055603
13,e932ef68638c37220f4c2c386cf54578x4hpn,0,0.08710639923810959
13,60edf674563f85b227898f6af0386476efy45,0,0.0899084284901619
13,24d4554556deeebf61510cf3e001edecu8hgj,0,0.09155915677547455
13,84560dfb1400fe920a29ca2c728acf1e25eli,0,0.09115251153707504
13,78e59e188d9780cb8988d574f692ed343s129,0,0.1288483738899231
13,7c0add0ef85bb5194e95ceaea737f90fyv13c,0,0.0878279060125351
13,781972f2af3af2abc492f9dbb0f6fceahnban,0,0.08862560242414474
13,9bd2d79f328a5afe815d5832e521aa9187q2j,0,0.921036422252655
13,9197b6590c6dceabd88ec93157fcc31fgb8a4,0,0.10858866572380066
13,3c37de5e4321388ba706233d5ca4a0bfp7w67,0,0.09220820665359497
13,7188dec1b560385b0826f78e7608fdfeai9fm,0,0.9315556287765503
13,233e09e861813cd087e8937f32a29bccs7b3l,0,0.09196127951145172
13,225716d7bdf8f90cb4a4b779c663cea5j9sqp,0,0.09136433154344559
13,71c2561141c55414618d67d1a8aebac1n0fjx,0,0.09306271374225616
13,4579226b86f3ca5b5ea1597efabae4c42j4rw,0,0.08759783208370209
13,82ae4df0acf8237d7af1a790e3848645bp73e,0,0.08951369673013687
13,fa9cfea85e90bec313e512e9eeab2e869tvx8,0,0.9180045127868652
13,12c1b22ede3c23949bf130cc7bac6316ks7fj,0,0.09148255735635757
13,74429c9ce8183e2b1b89600e6de4ceea5kn1t,0,0.09336812794208527
13,3de66f8a5453943040d42e1e73f11eebll8h9,0,0.10021716356277466
13,82f1ba4809f4812629e9e53ea4c687d7begx4,0,0.09212689846754074
13,c1d9c4c69367536d7b0ccac19527629f65025,0,0.09218281507492065
13,2e463fe6bc1616f8392f82c138a6a436mbtjx,0,0.11563809961080551
13,ac2d643e0c0d3bfe8e54e5a961c6cfdb5xn9v,0,0.829649806022644
13,c349d767ddda78ed58a3c5769e780598ar3ei,0,0.09344389289617538
13,7291b7fba1b597d66bb8efd45fd0d354q71ka,0,0.09243252873420715
13,88ebdac47cc2623888e0bcdfb35b692ejrbvv,0,0.28031712770462036
13,c8a99985c7bf230f475a8e9be6a17d7a08r3x,0,0.09104825556278229
13,a37b105534ddcabb169f6ae3ec928d85slw6z,0,0.08796088397502899
13,b6e52f37365cfeae9204a9f408b8c3a4idcs7,1,0.9341440796852112
13,459ea22b6b51936d0788de9f78a3547bf4jrw,0,0.08976946771144867
13,68546847f11f6415034b7e2263e8ece62p3ud,0,0.09207450598478317
13,2e33b1ee8a9d4a5cc5f886ca455e8f86kxu5r,0,0.08959312736988068
13,041d869edcadf595b90e3b5248903183pn754,1,0.9293631315231323
13,7ec5c7e2317a9b68e861060531588f76fpldj,0,0.09328264743089676
13,f430aac3f0f7f88a9b504bbb71322d54mct7s,0,0.09179661422967911
13,1c61726e316d5a16aaa80b429080c534u43s0,0,0.09001611918210983
13,28a0d5539562290a1a2f63d5b7230db090ys3,0,0.186057910323143
13,64abb8a286b2be97349e8b17abcce6d9rygza,0,0.0878043845295906
13,2234754e09ba15519d0104c405326fc4igk0s,0,0.7776886224746704
13,f23ebc71f2d8d820db2bf0576ee7e148cxvkp,0,0.08981463313102722
13,83c9359ad94eab7f4b8fd582a6db4733frmsr,0,0.12282812595367432
13,6d501ebf066c0331853f1bee9754e781obu7z,0,0.09355472028255463
13,f5ab013f90cb8890d33c6a309798204155q15,0,0.08718173205852509
13,ee2caa714a2175abb13eb6ef15196368cwc7c,0,0.13459832966327667
13,c1850964c360c9159e5d1d0b6485e210s6uvc,0,0.08690973371267319
13,783d5c219ff84cc0517f59a39bb98e18st85m,0,0.08952007442712784
13,874402ea8b408a017756404006b12708d9s6u,0,0.08799582719802856
13,bb43fc12fbb0fd2b2536e4033ababf59exffy,0,0.08970854431390762
13,94c8c0f9c90820f28928caf5d122dabby69ts,0,0.09158672392368317
13,0e5ec5baf2e15afdbf5212d8461e1ad9h3kr0,0,0.08825337141752243
13,715ee2811c764d5c58aa228ee801e518gqvli,0,0.08945363014936447
13,466ebf78d7326a38db1e19fdc1c70e9b1qu0z,0,0.08830580860376358
13,aa20f72aba9804a4922195f66a876688rugsd,0,0.46610668301582336
13,2271fe5b01f9b8f9d8409014ae4511524grmq,0,0.874237596988678
13,5053e03863b6887308c8446cefeec429l94tg,0,0.6275285482406616
13,8df5d645ed4040b857c121a4459b7976n5u3b,0,0.09325344115495682
13,8c412ae875b672f18073d643c74f9f0clzbyw,0,0.11922161281108856
13,faaa98763b59ed5f02836d4bd682035bfhujq,0,0.08879295736551285
13,c5c8a28a166913512f5bffa6a49788c5b0uaa,0,0.08884575963020325
13,cb705744a588c18087921e74e68cfa10oev6i,0,0.872936487197876
13,9adae18220565488f77036be41cf71beiepqk,0,0.9176327586174011
13,ae29b39843141a73b39ada671ce6b6c0yxlb6,0,0.08508238196372986
13,16065749457a14b26998fefca503c3ecf9og8,0,0.0868963971734047
13,ecce760edfc6ec5cd5ddc7037c514dc3zod4i,0,0.0890471413731575
13,4d6fa52e125a18f433db6e6603b58ec7k1key,0,0.1345769464969635
13,4b9bf4cf1085e9d839e833e4b9d40f2a8ps14,0,0.08607076108455658
13,19b39b852ed4abf1ba5b095829e25b946aed1,1,0.9346364736557007
13,ac9bf3a07831666bde4fefb75c184adekbrl0,0,0.08643566817045212
13,50859deae0e0a599efde1725cde3a8b8dw86a,0,0.08696005493402481
13,afdd5c7c912f9b6a88c0c2619d618124ycm44,0,0.0922396332025528
13,950aa0150f419cd6361bd3c500e6e695xfljo,0,0.5086559057235718
13,8c939b6713b7881538cb05eca89cfb1cw1lhm,0,0.0872906818985939
13,97db2350652f8d01237fc4c59a470eb81h9gs,0,0.08778902888298035
13,eaad20ae39d343daf76adc0b1a4984faumuzj,0,0.10630693286657333
13,227bc0936837200d0aaeb444ab8d5f1axs8zr,0,0.0843057855963707
13,e8581ec94cd4d5009ab6b36c6aca9f0cp3txb,0,0.10693224519491196
13,90fe8d6fc0bbe4ff2ca7833fe51bddbaaibof,0,0.867148220539093
13,a8b8959fe64f490d32fc15a5d1144f87qj9ai,0,0.08807729929685593
13,cbe8d224a38ccff930674361b502e7beyuf1k,0,0.09033186733722687
13,3ce8aa0207022698b6d0eef09c89b381jzqi1,0,0.15304847061634064
13,e8291466de91b0eb4e1515143c7f74dexy2yr,0,0.8734070062637329
13,8ab98c1e6cbfb902af4e02050a886396a40bg,0,0.08825816214084625
13,8b109c0aee5ed07fc996e73d28e65888o5jmc,0,0.09203969687223434
13,27ccc09ae923d1ca8ff7ab3242f279f7xuclq,0,0.09106511622667313
13,050a3b29ca1818e1f237df8132bc2013bcuxi,0,0.08791038393974304
13,6130cfe76ed3bd87c8f8dc6b2b2786dcp44xy,0,0.0863322764635086
13,d9dfeadc7e0e844ffea3cfc706daae5dt2hhg,0,0.14055104553699493
13,23bdbb8575f191b71853bf78d09e11a1lhnfn,0,0.18304187059402466
13,34914d163517a0cc4f0c971afb2352106vsvz,0,0.08704312145709991
13,92a63dbb8323426833b944a4fc196fe27pzha,0,0.0854358971118927
13,e56f611f1157381f4b689ab34b574e791qhcn,1,0.922816812992096
13,2dc309478d30d440e75c932b1f13a8fai2p2e,0,0.11319883912801743
13,ec6d3fbd8408ba43891370d4ffe41eabhnwbs,0,0.7907850742340088
13,6bdb40330295fb3abd4647808c319d29pb29n,1,0.9248690009117126
13,1d4eaaacb6127c43c1c007331cac135bpib3m,0,0.0886649489402771
13,1275d8a6a3b2ae9d24b50997397c254cpuuzv,0,0.9174458384513855
13,679fe2a21415aa98a3cfb88abd0507edzjpsw,0,0.09202118963003159
13,fff2c070d8200e0a09150bd81452ce29ngcnv,0,0.09222349524497986
13,7f3516b1bd7e5571ab964ba0affe9302brn6q,0,0.08600763231515884
13,37ea72c53cc50112ced4f88810f1b38euoz4r,0,0.08960124850273132
13,de4388600d997803223748e48bfc7b16ggyrh,0,0.09033149480819702
13,7a0b445f462d05606bf6ea07e2ab96ec1a4kx,0,0.09159140288829803
13,cf06ff5f520b14d1f9f1cf5a7ff34982bj4md,0,0.09139653295278549
13,90953913d629a03e27590d0d0f64456601ktd,0,0.08659296482801437
13,74582963d3774699f4215df7f2d17c1b6b4pn,0,0.08921623975038528
13,77b7daafef906aa3f941992bcf94dd69zxk2p,0,0.09179875254631042
13,6c6c3559c5f656c71348f7cadf29bb12okgl1,0,0.08994846791028976
13,17dbe14676cd3a3cb8a7edb438622f7fv2scv,0,0.08987104147672653
13,5c32e357936f8977277d9b23d8f09f34v41wt,0,0.08605315536260605
13,96dccfc370343f6871dc478d5b2fc3ffx95d3,0,0.7649458646774292
13,56b55e6ab49a4cbe7c76a2bbca804089pjq0g,0,0.7699266672134399
13,04636b6c61c80f5325efe61183e8edb01ko20,0,0.0868486613035202
13,74cf3a0c5e4f080415888bad2f7119499lh63,0,0.08533216267824173
13,bd7d5414174da6df4b018c21495e8a2cxiose,0,0.9118218421936035
13,8d500e174fc28d494482f8ccb9438608zd51s,0,0.09179877489805222
13,9e1f21ee1888368e77b539083f4b94ddv8mrl,0,0.08929366618394852
13,24db47d284a08aaf119eb3e0c45eb646i46j5,0,0.15749192237854004
13,b8da3e0dc73d1f453ecbe6ee4d4e8791pr8az,0,0.08750937134027481
13,0446457fc8e21596799158406f77b14catx8w,0,0.09225992858409882
13,219c6102f604c8ff0ead5d23375bb127del0d,0,0.7832733988761902
13,19033960ac23dffe078a1217788bc720jvjbz,0,0.0845264419913292
13,21fd0c468438a483ad1c60cfd1b84b850iyjv,0,0.17279887199401855
13,99a3bacd3eb66c909a02b85402ac38dfskz65,0,0.08612348884344101
13,b5d61accc925a0e86ab7274e1ad82532gb1w6,0,0.09194081276655197
13,916d2d806b772c9f227a9b3640e31469ljrxo,0,0.9206835031509399
13,4f7331589f84c6359bd693513bc9d7ddlitos,0,0.09330438822507858
13,6f6c9a1964fd4bbc082f2afdbf2d2af6ypdhn,0,0.08965437859296799
13,9e9047df09026ed5a5a3a86403811159u5yja,0,0.08618945628404617
13,21f5b103136104e4947e293983dbaa5b4tder,0,0.911850094795227
13,fc16993f1fdbd5fa8f8ddd72b40442f0qwyo1,0,0.09229438751935959
13,a4e83190edb97fefdc4a6cbfd00f41fbm7c4o,1,0.8906317949295044
13,3d7bd741177a712ae0417bc4f4a37bcf9jo2a,0,0.08948307484388351
13,9a272c3baede0633bab0e15ff98d207e3ldpv,0,0.09340455383062363
13,25022fb30734c2e5044e031b0e9a4a9ct3354,0,0.13114336133003235
13,fdf0eb91ae1ecea1f6902676f47c32c454yzr,0,0.10368113964796066
13,5f529b5ee68b60482c5d0c56ee91f3c2cjrmx,1,0.9268935322761536
13,0f4669e36b2e721dfe27f8633b277a1575erw,0,0.09304773807525635
13,f4189a40cc622eaef015a19d75d9fe21mylhz,0,0.087545245885849
13,e18ddfca4efb99a785c68ede9ef773ea8sfmz,0,0.09230241179466248
13,ef65488c949595d7885525ccfab9100c6cmqb,0,0.4555966258049011
13,354d4abc23881a40b8f119225e0dbd09tk1u3,0,0.0885639563202858
13,4de568a9b480f0dcd3f2ac385121d75bbpy82,0,0.08617649972438812
13,69333c66e55cdd6cabcc6ae64531fc33w20n4,0,0.08853074163198471
13,b1ae4691fefd3d09d74096ec4caaa6d1v6tbw,0,0.08677390962839127
13,0ad17aa9111f657d71cd3005599afc24fd44y,1,0.8593376874923706
13,37d71b4ae830fcfa6f0c4f65ec386414n8h5l,0,0.08951455354690552
13,4566ae63ee93ffc6b000b5cbea7f6a8ehbg00,0,0.08976273238658905
13,1870650d20a97db60ce4133bb9352b69h9phj,0,0.09605380892753601
13,b217ca4cdea62a3977481e398d2cc9bd4sxht,0,0.08554943650960922
13,6ed19e45dc118b78a78f25649aaaddbeef7e4,0,0.08418836444616318
13,5f56908449455ee9670c7947614f7b4bxak3c,0,0.13790999352931976
13,205a011640002932a7bedbb93d81b68b8m93b,0,0.08700893074274063
13,424b638423f4862b2a84f22ec25fa22eb2c8p,0,0.09343905746936798
13,6b1666662837213ce77c329d8cb2a842epaeh,0,0.0869976356625557
13,12fefd74d82d90541872847f199f6324cowi5,0,0.08893585950136185
13,e29ae1bd8e6e7dfc9cb43b1572d3d55ca0hc1,0,0.08682239800691605
13,ba258a455ca17f2c13cab3d0afc7de0b48h0t,0,0.09034354239702225
13,df12e679581fb2054907dae75c9c78ee9kzzv,0,0.0849062129855156
13,4070f6ad5da385ba11cc99183817eb20h69v1,0,0.08601243793964386
13,f6485cac867e1e7d2d991838551b4c4bfnarv,0,0.12441817671060562
13,2baa5a9ec317cb21a11d83f6dc72a2d6xy9jb,0,0.09285412728786469
13,d2b8a15ae403dabc5aa752b205181dbe1lm57,0,0.08752239495515823
13,f939c17ffc7c39ac9b35b69e5e75179fv9pe2,0,0.09224282205104828
13,84a769adc98498f52debfe57b93a0789556f4,0,0.0901092141866684
14,91a3c57b13234af24875c56fb7e2b2f4rb56a,0,0.051358941942453384
14,6e4d22dbabcf2eaae5689c7d155e1c1fev15l,0,0.05123502016067505
14,95fede5853bfffda8f50f6af494ff1d1hsgie,0,0.07838348299264908
14,d36857d18a397e7e24d05dcbef3b919ftjstv,0,0.04751923680305481
14,c62bac5be6489bc0e0a7834a11167171c8ww3,0,0.04184730350971222
14,848d3eaa622b26fe57d352eedd9649f4v6obv,0,0.0485796257853508
14,64a39f766b2e9d9471b104f0d0289740a9kdq,0,0.06286491453647614
14,e3ccc9bd16fa1f4a92fe87b4a54e5e72uficw,0,0.7277054786682129
14,d738b259ec6e6af625d1f41abcfd63e9e53tx,0,0.04510389268398285
14,4dd2a50e589cde2802c4bab143dea61ak517w,0,0.058094508945941925
14,19815d9bcdc74c3ddfb9ff210c1739f3tup3i,0,0.04969659075140953
14,bd586db332285f3c45814fbb8f638d79d26u7,0,0.0440799817442894
14,a3c2ba79963b637f15086e6255a46253lwpnb,0,0.05038420855998993
14,6394edfbd35aab54801518835e33ed50hcr5f,0,0.09297298640012741
14,c5babbaace35399cf51a9356bbc22733xpi5h,0,0.064205601811409
14,bd2cf3a868d168425cf1bde7c49d40b9jq0xu,0,0.09316425025463104
14,001068c415025a009fee375a12cff4fcnht8y,0,0.08648587763309479
14,9df0b0e5ca66460495931376045feb5fu4y7b,0,0.09310781955718994
14,d9c6b6d7290e4475bcd6d264fb33a706fqtvc,0,0.07550404965877533
14,1ae57d217b27820cabf6e24b721bfb38s6ja0,0,0.09458590298891068
14,d27221cf2bfaf0fa7a60ffd3e1e3a53efagvp,0,0.9480817317962646
14,915ccac760c7359a446100fd1a54bbf6oyrzf,0,0.07614549249410629
14,60b8145bcfed7a5f2a23b596a8aff99cdzn4m,0,0.04280518367886543
14,9baf61c813f1d4a09e3c70f6dc741f34voe3n,0,0.0650881975889206
14,226017dcd6506ce20886540ff734210d8hib1,0,0.049284957349300385
14,ae94687eaad6b410713db9106c42566axgn9n,0,0.052567753940820694
14,367edc726ba8e667973844395493559dtf2o3,0,0.04453742504119873
14,91d9b706f63537c5fc0027c50b0e3b06qpdgz,0,0.043403469026088715
14,74ecf5f9adfa4dcca4dcf020209db81arynmk,0,0.061464354395866394
14,fae963b2adbefc663692d7feddb50d5dxz1hn,0,0.06675230711698532
14,090c77ac89c7063f0d0ce064ce3cb3afllf5h,0,0.09309735894203186
14,f80075873f7183a03b1b10ac3f740032v6w99,0,0.04716498404741287
14,2c31770e98fc9fc7e0f1fee6207b5600c0e10,0,0.9478870630264282
14,de9f5df5962dc171c7d82ab503c36dbfwicon,0,0.04307437688112259
14,a94c16f8a98e493e2b4390b1975e690dv8cmu,0,0.09502880275249481
14,2515c5fd81638d5d0bca39a2b2be3995tante,0,0.2724759876728058
14,c48fd9c589f273945bad5f0cea5993ba2fet4,0,0.9617058038711548
14,7f807b2eb6c391d55e67bcdf7e1cbb3fhylw0,0,0.047189485281705856
14,068450aafae2a6e390e35925d964290cdliqf,0,0.0941971093416214
14,eaac863aaf84acb7529462118e7953c3oeky6,0,0.055267877876758575
14,88103add66b7113729a9ca82540684c9il94h,0,0.09693752229213715
14,8b4071f3e2702b88481054081363bc15her3f,0,0.9626924991607666
14,3a5420301c0dacbc5675f6f09aac0143tuodl,0,0.5181593894958496
14,dd055846eb553ab8e953b084f2048d53bdqec,0,0.874737560749054
14,2918b09c1ed9e9e8602f85175b266aeej5v6w,0,0.04111460596323013
14,124727083cd4159b40ff8d4b36a89340l6fga,0,0.0791180431842804
14,4679df74080bc22e29676bddc5bcbf51gsyds,0,0.04619895666837692
14,01a39439e7afbdcfe385eedbddb23d76zgdrg,0,0.04447612166404724
14,7dc423d0bbfd840fa0bf75203cd7bcee75kmh,0,0.06093526631593704
14,024937af9ea18a2b57e4f08762d181f7s8a3z,0,0.09305601567029953
14,c600968815fc32b20e0519ecfce5b648en2wo,1,0.9652670621871948
14,245b584befa6a5b8c759491f5f3db580p2m5v,0,0.059866685420274734
14,aa8aeba2bdd0353a108b9b26f12ed59559mvz,0,0.07165827602148056
14,6aeab198df208f8628825f7eb3ec3701p2ybk,0,0.044591207057237625
14,5a2aa4e8c227de4db26547fdc1f017cbxb62j,0,0.051062341779470444
14,5850b68151cf0760e94acb39c4dfa02026k4u,0,0.06447575986385345
14,f876e3be4038da62f49234ee498feb732gdcl,0,0.07238392531871796
14,205c519be884c5b1c885f61c4ba8738a737qg,0,0.9300403594970703
14,e0824707d4a78230ae54209a920bc3e3pzdpp,0,0.05261765420436859
14,e959a3ae64e28a7d3b37934c0d826867o3sp6,0,0.06566425412893295
14,7b93ccc9d5730b561ec5fa7f4bd48c04qudf1,0,0.9279307126998901
14,791031a63c9e2b4835caa9a4cc1768baias2l,0,0.051522862166166306
14,dfa45994c8471762d04deb23c6450598byp8y,0,0.04109295830130577
14,a539fbaf8b29613ff0e4f3e5831aa7a5p2cva,0,0.0934063196182251
14,d3c80e9f6b8e1d774679fd8dd5aae611e3qls,0,0.054739877581596375
14,1b0534afb7c02bb023bd4767ae73f17dqzqdu,0,0.8939599394798279
14,f93a998dc10a4c98f65c6b86fdff651d5i4qh,0,0.07839567959308624
14,fb5a19240e36ae12aaccc1e9d9231144l32hv,0,0.06549982726573944
14,8c4b0d95ba36c0ba2a52f9043c62fccev75uu,0,0.36945345997810364
14,27cc072f1432f7aec4b7e17cf2e473f2x3bjg,0,0.9570814371109009
14,44c75302aa4404e23781f8337cddf6ed5tqun,0,0.08438826352357864
14,22401c4dc0cb1e5d52da01ebb8b2839cdoauo,0,0.04155311360955238
14,640f41f27c03aca0c45775eb918b666cnjsqv,0,0.08756757527589798
14,3c0026d48f3d6e10cef6cdb1f708793ccwkhr,0,0.06453763693571091
14,dcd54d7afa6820e3f00e1c9e83aecc7b4f3lw,0,0.2080017626285553
14,6ed7b95dcea7b359248e9efce91cbb11lm7hf,0,0.4188092350959778
14,5c28b04424e96267711d5af2db62e022tp36c,0,0.07390571385622025
14,9819825acfa7e20c47a78bda5e76b195jh0gd,0,0.9601077437400818
14,db80f065a93cc6b41d12af614bc3ec11kpwjp,0,0.09336720407009125
14,b2d3db61ddb119aa4e5f43e1bf72e349xr5tp,0,0.8990896344184875
14,2e1eb5b56591662fd7ecd7b39621bbcfgd1ks,0,0.09284964948892593
14,4f891171f7b09f54d8b4f30b48421f178m75r,0,0.7896308898925781
14,3961434cea4339f0049798fab2bc73aekuxjv,0,0.08450523763895035
14,e1fb642deec7b382433de94983d97681o14ko,0,0.050866950303316116
14,8fe6da2176541d0ce24574dbb60f9107oq1kn,0,0.061620015650987625
14,f04748a1437347d837a65ce04ee7d94enqhub,0,0.05775544047355652
14,3835e3bbf9a17a33867860a9ba19621dp4wdc,0,0.04565288498997688
14,c871daa6b709e008825b667b05efddca04jbe,0,0.0873086154460907
14,2a5726bd00709641cc54a8ab5422cde3uchoe,0,0.09284552931785583
14,c6f07c222aa3a9d35b0e01f8959ffd21oownr,0,0.07140525430440903
14,584d1d60d357a4ee1fd3b0a6a72de1dc4rodn,0,0.09640715271234512
14,d63671871e4010e904b9419e48781565weafn,0,0.04151247441768646
14,e0e5719b5d763eb4e04c7f6e4e32884cmlpj7,0,0.09604814648628235
14,9211adb9cc770c78a70b55441acd146bfxnz2,0,0.04581339284777641
14,e69dc706f159ef6e26df0d88388bc5edlymly,0,0.05542409047484398
14,9774dc752f855f07b9c00eb7018b607c0ymxo,0,0.051138170063495636
14,a664b6b42fd48403fbd34800063fa50bz6k4m,1,0.9461075663566589
14,0870fb7e5701f3ba56762b03e157afdc1yw7u,0,0.7528861165046692
14,96caf14832aa8be04d98aa481b320392kb2gc,0,0.04196736589074135
14,61101089c1b34f409fc9b836a7f9cd163y22l,0,0.0576956570148468
14,a3910fbd35b7a0c383c9805eafda616fra4xo,0,0.09629853069782257
14,ce22684df495e376e32ac95d3ceb1164t37l2,0,0.09625121206045151
14,37ebf34eaeb8a434976416c34ed5c6d8ywyoj,0,0.06433700025081635
14,445305769cbfccafc89ff5ebd004598einesy,0,0.08377238363027573
14,2794512e8edad5f99d28c33c7560fccb9zl8i,0,0.09339839965105057
14,40ef6a4a0c99b478fee1c93f4105b9d9mh9iv,0,0.09040768444538116
14,2d6a70a8341ea0fbe4c8537ffbce919etg4x0,0,0.09335190057754517
14,88bf2c0f5460e28deb5eca2ef8e5e809ol5ru,0,0.04574831575155258
14,0853bead89b03dd38a04d84f4312da7dukglz,0,0.06557448208332062
14,40efc98d259ee36a8c2a387ba49f39d0fa39h,0,0.3880547881126404
14,e4a9bdad09ebc5d5a264723855fcaaad6q52x,0,0.045762766152620316
14,b4550ab1da3a3ed6e4a206c9ef78d496q23hb,0,0.045311275869607925
14,222a0e05442fec0af2d20ebdcafe4b28c2pi4,0,0.05939430743455887
14,2797fe80977297483e724b8390161c937dh4g,0,0.5067119002342224
14,1e0b1a6ea8d307cb61e221723534c4dclf9w1,0,0.05501433461904526
14,34a7ce35b13775be4e20930ba2788a3ebu5n0,0,0.07232274115085602
14,05a07a27e235d01fe480ea6ac73b8838jq28x,0,0.04529024288058281
14,7a71e329f3f2da98a3f82e7bfcb705a0t5822,0,0.0799824595451355
14,6db047b1bdd342c09ecf9f5eecccaa4fy5l0q,0,0.5878505706787109
14,f211ff014ed43c9054916f97d6187108mpxr6,0,0.5629627704620361
14,c97dda0fd2de7d82d3a52eb6c0788062h3tq6,0,0.09638386219739914
14,bba40511c6e56070602e8dde4229ff923zbuq,0,0.0575302354991436
14,8783939eb63e5eb4e5cd412d8480f3955ipxu,0,0.04678798466920853
14,cbe756ce81f5c420a1f7079791ed9aa2js2u7,0,0.09419576078653336
14,0daf4f87eb695e2a84e4156154209e09k6ga5,0,0.09334678947925568
14,e0a87bc26e13c599894d7a5103fdca786tfat,0,0.0946030393242836
14,9f7e3e648ea8e6815c6e7caf59412e843iqbz,0,0.06132974475622177
14,8ea020a1fdccfd726f74ed7e90dc3400zy9iy,0,0.04601666331291199
14,99bfa04865566ca88573ebfd3c7fb1f2c64cr,0,0.05714423954486847
14,b9743f78108aefe3995e1c2291b5f3278cgpk,0,0.04873494431376457
14,7daf0e51b276c6ab5bd2ccf520dae106graj8,0,0.05073722079396248
14,676ad0665c9bf74329ddc1f70ea48c16stnux,0,0.05793007090687752
14,8ec9269ed4f5aef4584d887dfd9e595aaynzb,0,0.04547630250453949
14,d4d4b36ea722e5b939e51e34953004c4t671f,0,0.057930588722229004
14,fd1299f1343236dea07bd0ba5f8ca220csnv8,0,0.05580449104309082
14,0fa357965f89388d8e7eb8cbc3b85c6bnnro4,0,0.04504622146487236
14,54e279a4e162af7fc55d640aa62d0cbc9hxil,0,0.22504842281341553
14,452619e019e5651a8d98e3d59a478b7fez5e0,0,0.05530179291963577
14,cf4eb0f68d47e6d4b92befd0b8fff39a098cd,0,0.06200011819601059
14,9af8e7dbdc3c620c8144d736242b3bd2fdbpx,0,0.06343666464090347
14,8bf07d8631a2808f2c869e27afad2d41swgkd,1,0.9578137993812561
14,6e18a078182a21b8522bb69a822cc338in7rn,0,0.04500970244407654
14,e2a61feee7f94b49d7de1ac6efb237c0fjt1z,0,0.051559608429670334
14,1717f6d4c48ae8d3e5f2566d4bb525f854j6d,0,0.05041428655385971
14,1e050a096927d5b34f4a85d3af28d30eybsaz,0,0.0472874790430069
14,33189c09ca7067834fd25a54920f82d4nd7a4,1,0.9648976922035217
14,557f06b312e040ed3cd7dd2a011cb83avyut1,0,0.3130618631839752
14,d4be674fce23aae81c4cb946d4fff8671gxtu,0,0.04209931939840317
14,ef905e4d866c43dbc345751e7fabe5a568kjs,0,0.09286437183618546
14,1bb03cdb913f203f704caf8bf6840b6fbpigb,0,0.9546376466751099
14,ae6758a627a111f6d6b530b0154c429566o4k,1,0.14964044094085693
14,3bc8edfa1995a99110b957ee98fb5c76nkl7t,0,0.9222341775894165
14,4f07602a713c192a941204b27e2abcf1srnke,0,0.051658131182193756
14,e2e14e8e15204b504b146d17a2bed925qg3u2,0,0.09108954668045044
14,d1780c224460a0c20d5c2f5f68714c5264xd0,0,0.0649418756365776
14,0cbd01c9e8cc800aabd3b3e4c618f9caktfgp,0,0.7896295189857483
14,86a3a9861ed45158e964f9d004a224b3324cl,0,0.041891757398843765
14,58c3300ea9095cf5e59e27abf2a905ce7tl6p,0,0.09337055683135986
14,c41f5fb84d9f9e2456a5264c79919569vrhau,0,0.06588524580001831
14,b2a19e17e1b9e0bca8e4563efbff5fed7v9xe,0,0.06033754348754883
14,8d49c8e70bf96a255baf30acc76a3f59b394w,0,0.04105805978178978
14,147164a9fe8a6bce381a224e9f13207cc1mdg,0,0.0967516228556633
14,98a5197faba8ba72d6ee9e1c95d65d737sigb,0,0.7461156249046326
14,cb6ea552ab5b90e2d0572148426ca275d1zzj,0,0.05977349355816841
14,0a43de0ab0a7525fec59ef4bc1dda7a2z9z69,0,0.1808609962463379
14,13dfda714fb516e1f9f7abb0c927bdc2zmw55,0,0.09315896779298782
14,2b044b4b7949b96e38084e59b5d1d328jib5o,0,0.11278252303600311
14,9b733fcc97535e27037c231858a711adyzvqf,0,0.06366129219532013
14,9db7471a12cc3b8fa3cba86bc00abde2t2wz5,0,0.044795650988817215
14,c59f4511da2e8dfbf02668a49bc391895wk3u,0,0.09337814152240753
14,6a1d4042a5f3a3f34f5b3ea753ecce30l0qj1,0,0.045441269874572754
14,7c08de9de285265b2c34970139331f9fnr9ad,0,0.04530207812786102
14,f019bd7ec140624144c4a9b40c42bec9jok79,0,0.042177531868219376
14,497b8beb19a7f674bc53acf7f5c7ec8cxv68x,0,0.06328003853559494
14,669c6a0e8aabbf0647e8ee6e150c47b18a4pu,1,0.9640320539474487
14,a2933e33896035761240ef5a62477779jf7ny,0,0.960335910320282
14,6be863f26f22cd79be272789ac7e9153v27yt,0,0.9038166403770447
14,5dd3494b46f39f8c8783c25527b64dd8hp8ti,0,0.09227710962295532
14,aea096a392f55d95c3e45251931e9755a9t3o,0,0.6024177074432373
14,05ae7ea9549ae298bbbc8002b4229392e0ilf,0,0.04938022792339325
14,a5fb60c136b7e0a6d0d6e27cadb2a797225r6,0,0.04208947718143463
14,85ac49e7f93bf0e20323de78362bb4aadnwia,0,0.04324711486697197
14,b34fe965c04012fd22123ed948257184pqvfg,1,0.9639538526535034
14,0bf6e0e5184b3599bbb4ba1fb3a43549ije34,0,0.09339024871587753
14,76d4a0147a60d871867f00adf45cb792w9c6n,0,0.06414385885000229
14,2fc0efdb6ff10d51e3a4d979ee52cf07p4068,0,0.06693216413259506
14,877d96d9abeb73e437a8ebd74abbbf45p8s80,0,0.044058289378881454
14,4444bfb455b90711234e0c25345abbaddrt0x,0,0.0649418756365776
14,70daecd44c89c37525aa2ca294378ead4dggh,0,0.9176158308982849
14,39a5a16e5a67c2fb51789cea4d3091f0mv996,0,0.04745124652981758
14,fe6ed3a12fbbf5da4980337564361710v2y21,0,0.04327445104718208
14,78a444127a896122678835e12ef507deh01hn,0,0.043191660195589066
14,14d4e04d7ed150613974438a4dfd4e85dybq3,0,0.05631754919886589
14,fec57d2db5692eb144a71aaa35a11b58delkw,0,0.07148762792348862
14,1afac423a94778ddf9b6c1dc0df7105cgp1tp,0,0.05048469081521034
14,c9f94611f4c9afd3a3153da9654e7310jr201,0,0.05951910838484764
14,8bbb16c0a1bb808389051c875ebab1cea0v56,0,0.04840850830078125
14,f12120e467869d3d5dbf7c7d0566a8e7bmmhk,0,0.0507461354136467
14,4ac31aea605d17045ceedbce23eed239omved,0,0.08599673956632614
14,1a9765ed302d0f91b512c23112066e41s755q,0,0.09320259094238281
14,93ab2dedd76c1859885cf724ebcd987c9ngfi,0,0.05783224478363991
14,01cda526658455000913950f20cf31a2q6nsf,0,0.04392075166106224
14,fe6adfbbb2fc1ec0c3edf6677204bcb245uf2,0,0.05144045874476433
14,36e2e2f32a3872d3e958c0a58ee79bd129xdy,0,0.05515681579709053
14,361c6da33ccd1c0df152fd932e6fb2a69i4ux,0,0.05463946983218193
14,332484ddd66b9a3db89ee68f08b1288amq90u,0,0.042705535888671875
14,6a2c4aeaa17c2fcf20958803a674f101vlxw1,0,0.04239872470498085
14,28b4c35bd90c81ca959da328806469d493mvj,0,0.09584362059831619
14,716079d1913959ccae0307f760bcddddt6d4o,0,0.061290498822927475
14,4992da4511c3c1b4efed3e16c7d8dec65ilfj,0,0.04384441301226616
14,519c0f3b989c8e1781e0910f685980ce15wzr,0,0.07216785103082657
14,e735a2301a18772a8276aa1f17ef79efu4yew,0,0.052824102342128754
14,85d020b5f3d99d1272efa0a0d34c56a5dtvxb,0,0.0509679950773716
14,ed4802c318a7e04a5703ed115fe4f3a3kkugq,0,0.054497476667165756
14,c6453f296ce36005d7e7e67e159e1b7cdbmus,0,0.09183119982481003
14,1df1dab2eb718c3da3f9a0aa90b93651sxqzo,0,0.05999341979622841
14,f9378eb3e522beef7e6a4e1f275bbe0eaboro,0,0.0649418756365776
14,649b364bc466208e559858f0677b421dbnalw,0,0.04318820685148239
14,b8d88a1167ab74ba64fd6d9c83308a6d4oa6v,0,0.04490184783935547
14,8cb96eaadc11cf4f914bad84518632e7czdyl,0,0.9587228298187256
14,384ba7c5a8ccf55d174080d9ad7de9b8mfysi,0,0.05171266198158264
14,d8a4b49ed9ca241f025cdbd9637198fb71qmz,0,0.05986842140555382
14,2b13a870a46975494b749feea0c5c7ed170ll,0,0.060434456914663315
14,1aa485901ede7baf78ea116e297e9d7f9en6i,1,0.5305944681167603
14,4ed4760782d4e2c65bee8cadc1fcdc89htz8b,0,0.041780389845371246
14,91c749114e26abdb9a4536169f9b4580huern,1,0.09741155058145523
14,ba266f4898bf572447ad65856b362595yjt2a,0,0.04387989640235901
14,2daa71f0d138b8c2d61583d3b98a25e1mjp9c,0,0.08086756616830826
14,c900620a019e78a3eee44109e4d1e1d2xd2gj,0,0.06572511792182922
14,53f61a2f33e8b07e49da643af49884782vzdu,0,0.051848430186510086
14,8c33cf751b05ca6a9d886a379a84a2ees9jlu,1,0.658198356628418
14,3694aa599f836a57b671ee0814b071775i1nf,0,0.371256023645401
14,a447127835855849fa2ee496d05e0847fgt68,0,0.7757901549339294
14,5ccc30558d4c218cbb4d36872fb82a03rjxgz,0,0.06462553888559341
14,c503bb79d4f3522f51d348c680906c1bs0w7z,0,0.05990997329354286
14,5e945cce4e72950e0930b2700e77fc8eq2abo,0,0.0595083013176918
14,2b4b36fd77eaeabbdad8fac68b17ece5ey04u,0,0.09514886885881424
14,d127576e329604b576df0a3248cdcda3279td,0,0.10080475360155106
14,c5863a228287327c9980d12a632985da9vi29,0,0.13418753445148468
14,06c281e31f83dcfd3fe70d2ee2d66bc7e6fw6,0,0.07584541290998459
14,db85fb5556f17b744938cdcc2e7ce9b5urspd,1,0.8194475173950195
14,afb1d898d15663a9477870391cf39b697gso2,0,0.049353908747434616
14,d79919e5ba11f26bce5e70f0a4f859e3e4q9y,0,0.9609002470970154
14,c0b7161a67a0aae21788103c08eba7e9z8e8k,0,0.05448274314403534
14,0496c24a6a7f593f28bf7896350e946advl6i,0,0.05639534443616867
14,900284c412387e0bb2dc2aa5ce42dbb9th70g,0,0.07522605359554291
14,30788b28de22d28938ecd7ed6795a8b022qm7,0,0.09340948611497879
14,b7515e5f181a6d4884674897226cfe9cpd6d6,0,0.0795724093914032
14,c6fcf1f7b824c864d492c4cd676cd702owsuv,0,0.04961452633142471
14,fc870f3872dd5e36e4dfc4ccde28cc930tify,0,0.05381402745842934
14,e587d92842526255c86d3b0d425747ecib83l,0,0.43662866950035095
14,aaa8650a6e0997e90e4b6a9fc2ddf555m5c1g,0,0.0808212012052536
14,e0984156959c3e7cd05b7ec8ae239303inqlo,0,0.04412601515650749
14,83e8aa6cb15daa745c75ba3c29a2f646zjw33,0,0.0589994378387928
14,70cc5da141baac4712163f5cd4bd4a50za0n9,0,0.9173955321311951
14,4cd52ae88da3e30dbe01da5048151c98p4f0v,0,0.9627535343170166
14,21114d057c297080f0f882420d2436b5mmukc,0,0.09387613832950592
14,ca28bff4ab1f6e74bf08b92e16989e11vn2mf,0,0.04481453076004982
14,17c59325ec223c94dcb301a7451c39871vxq3,0,0.05471125990152359
14,8a3f5e16e4e689897d872716efeeaa0904tyl,0,0.0731135681271553
14,5097b3a4011380b5d9447e1a7a20b1a556yzj,0,0.05459568649530411
14,9ab00034c9b00521ce121adb5dd4aa15tlhc4,0,0.0475635752081871
14,5de403f3d49221bfa7116570a4d572d8m19sh,0,0.09283595532178879
14,f725c5b4cece8353da7a636fcba0ecb5yxshd,0,0.9558643102645874
14,f8e90361c36eb3f6fbd485748e731fb7w2ci4,0,0.04078996181488037
14,2eb8a353db13e68388f544daa2e28359oenbs,0,0.9366329312324524
14,308a5541e1206e126ef80f18cc29b7017520l,0,0.09335047751665115
14,722d1147768bdb5918584997e1f677e55g0nv,0,0.057936813682317734
14,cab7ecf98fd0489389a3a8d3961defb3k66og,0,0.06441668421030045
14,14e29ea004067aace14ee4543876a06365os8,0,0.04671146720647812
14,d5b75c812d172da1ecb3164a1cfb7527688gb,0,0.05571804195642471
14,3ecced86078287dbd2eac2cfac98367fbbelu,0,0.05857119709253311
14,c41ea39b2e13b0fc9ccccc2546f924f1obd0w,0,0.04995745047926903
14,782557b3ec17063f2a36fc9193ed3200h14me,0,0.16310761868953705
14,54957cfd12ec8c64918b6200ea25d27fsc9hx,0,0.047029413282871246
14,e783e5f6b818d18eda4065282022ac23jd1fw,0,0.0630764290690422
14,462df7ecf1d47980dea6a93d44fb408d4u2d5,0,0.048291631042957306
14,74487d5ffd5c34de4fecaf9dcb66f86b0wwa2,0,0.06464038044214249
14,97f541ffdcbd1ee34610e3099c5df42acfvcd,0,0.9480538368225098
14,2d2839fa92d1c8e94bdeb1fbb9e62149x6xc5,1,0.9639185070991516
14,76f7e6c70f2b84d885b23e2b2831e113ueqo2,0,0.06003692001104355
14,10f01aff2fc23653ca7ea1d74248357a889wv,0,0.057602230459451675
14,8a27b2e29086c0d2e589053537e88393zsyr2,0,0.09550704807043076
14,88641b0f22cf175876bfc4adc44c00f58b5rz,0,0.076624296605587
14,eeda0d135495167db9425fc5fa3a5e3ex2zel,0,0.0954766571521759
14,37bf6f23b628a3e2b5b22ba81beccbef0efoh,0,0.7702938914299011
14,d4b2fd8f5e8e02b660e9803cbcfa6cf2t5szq,0,0.24505861103534698
14,1689122c3b25d9e7adc626de84c10006fr2n5,0,0.05574895814061165
14,9a44bfde11a7b6ade17cd33a2b5102fcnlhm7,0,0.052369602024555206
14,9be39ea5a0612fae7bc43a25a6d10856l3qaj,1,0.10524286329746246
14,340d7ea497f16bdb912ec5c6ce467f71kk7hy,1,0.8968613743782043
14,074daf9a99b01591cb0637cb95c32600roriz,0,0.04539361968636513
14,63424f85cf53557fdb5dfc6a280af75epl45b,0,0.06787972152233124
14,8c09f4afd78059d9200cddc435f5c48ceph11,0,0.9604537487030029
14,5e5d3410ca3605694b3c75b2274efd44c9vru,0,0.06402409821748734
14,817f8074bad1c717afaa8d1696f9b2b00muzw,0,0.07424541562795639
14,3c77ec9f79f6febf630325ef84f2a0bcl3qg1,0,0.059930313378572464
14,953e01bab9ac8786b4bfc77d183732bbqw6ng,0,0.579818069934845
14,c8cf68aa6abce25325dfdad4a98fd890ap57f,0,0.0649418756365776
14,820dc943d26965d377be315497837bba5iz67,0,0.055445704609155655
14,a4475cf8808f8951dd5163ded3ee8032g9vxd,0,0.0649418756365776
14,9655ccc7c0c193f1549475f02c54dce45kjw7,1,0.48348522186279297
14,f428427d7227ddcda377cd00f07749576c6b3,0,0.0960286483168602
14,026819504b59bc4eefb9963d5fe4271aql15u,0,0.04675998538732529
14,936a335eab4643c3529968a4d9b0c380esi7q,0,0.052549585700035095
14,162886daa0054ff1ad422e0f18cddff3qofft,0,0.07433470338582993
14,603d769a86a359a0d41118b47c0ab41fx7kz5,0,0.062349844723939896
14,e241b80fc1b431397ba6c70f2fb8ccb72wbra,0,0.05765344202518463
14,a6f994251abda6687ada2e9de52bddb5cisa7,0,0.08177179843187332
14,c4294be0db6b5c9357ae5e2e7fc8da9489qpc,0,0.0585084930062294
14,f268f61e075419e5a001b86ee78557e2kmg14,0,0.07191786915063858
14,874f882f7efff96263e9b555415aac36dsxry,0,0.04366617277264595
14,9f9dd5c179d357b53f145ae1e5cc941f5qfuy,0,0.05109105631709099
14,6da536112251f09a006b0c5223f154d46en4j,0,0.051992788910865784
14,4950352b0410495ef65a92b08b5be463c20yn,0,0.09511066228151321
14,01c1c7be49cd6cfbb9075925a05c9899p41va,0,0.06588102877140045
14,e50426efab1e9d60b8f7258130f8791czrpvg,0,0.09684781730175018
14,b0014101fe1b510ea150c149145dbced3q3md,0,0.07693780213594437
14,eb27d8daded752fc0d1c828867b0f118cswwq,0,0.051067136228084564
14,0f8cb1baa83fefac10f885f79149bf13kn4nw,0,0.504372239112854
14,332ef2c7189603a497fc89345ee4f5605i5xw,0,0.06939297169446945
14,572c9964ca41ed055830845993fdab29p4f03,0,0.18083663284778595
14,aa75d58c3e1207618d47c72ffb19c872bolg8,0,0.04359897971153259
14,167008af05d4feaa636a565f6f83ec61a6ogj,0,0.04598018899559975
14,32d2ce86b00693f0c26314e3cce2438dvxbt3,0,0.09336473792791367
14,da950a556200395a82e23e3bbfe1abb6xs258,0,0.059762999415397644
14,04c6b750b0552089c87ae03de72289cfcpfmh,0,0.059185899794101715
14,af50d549e86276f034e52037722dd5aetouu2,0,0.059355512261390686
14,167b4f37a264b72feb0f559b650d1cbd3ox60,0,0.046814411878585815
14,8152c94b639be88e7076f0e32bd70e0eg004b,0,0.05559741333127022
14,40fafe756c4695b32df7d19d4c710dabvzr79,0,0.0649418756365776
14,55abcd1b00c6b5b54633fc7e98f0110bwoy3v,0,0.47578224539756775
14,ff3ae9450581aa3de5d2326f70e39d20w8fbl,0,0.06144074350595474
14,76ed824b414b5e690ff82e7cd2f5be52256my,0,0.9540423154830933
14,e59ca537cb8df3053bdd555bc987b4a7c7m4e,0,0.054237671196460724
14,76f17ce227e593aeff456fed46e36c83a3j72,0,0.16549742221832275
14,64f6b099082e4fb2e8da7ba4ae9abdead2cej,0,0.05880746990442276
14,429b876aa7e2d6741ddf322685363ccchue2v,0,0.056373126804828644
14,b1863365ae232a316eb946ba56a29415m0gdz,1,0.954535186290741
14,036a4050a5dd65e70f0f613ec2e38a74re026,0,0.08983999490737915
14,628156f3bce703aa6bd275089c6c692499h1q,0,0.8474470376968384
14,470727c18798cf0e0ecc2a0dca207cafuena7,0,0.09320683777332306
14,308def7f05575db9bcb6a67207d6c1beb2cqt,0,0.04305841773748398
14,0f33df2513a519a35c8b3dcf1d7c7416jjjzk,0,0.9253610372543335
14,762046a235e00ec6521ba71aaa1450c28ijkz,0,0.9646421074867249
14,ae9e482a7f4a625a878c6ee0eb4dcd01dkm6d,0,0.04528345912694931
14,535ed161b4c9960a71ccd53128df4766ddyq6,1,0.9547247886657715
14,3ef2325f8b68e1c030547a2a54ea6b98zwa2w,0,0.09325452893972397
14,a6230fdfd4879433e36a76d53440f426c7a7a,0,0.04217519611120224
14,6c8ffec692e88d81e1b18d47818abb04v6llr,0,0.41705846786499023
14,c780bc2dc7ab83d5e5c85dd13f0f7fdecfxjq,1,0.10462890565395355
14,81207d4ecf830fee924989f4fe1eaa7fntkmw,0,0.834444522857666
14,fa918060747386f431a511c862565e34y1pdw,0,0.053520649671554565
14,1fcca45fdd3d1d3638821f41e032f170en3h7,0,0.05341563746333122
14,6c2488ec88e02bb38920200ece7d337e0bffy,0,0.08719433099031448
14,0c55920fb607fef2d33324f33565758a6e4dj,0,0.052451733499765396
14,e72d1b2319a2ef39d016c41e4824b68evxe53,0,0.06869389861822128
14,0a92c4fa2bcdc8e952546d236b322053o5wbk,0,0.07953692972660065
14,c1859303603734d90d1a91d80977e14echjim,0,0.9403524994850159
14,33ba799fab5e4145b54fac4234bb6e13up0tu,0,0.732189416885376
14,170a58cf637c08f0818ebdbfddca29c9irkxj,0,0.059314582496881485
14,71396d66a14f4ce0c96436456462863abwefv,0,0.09369168430566788
14,49f4481b6bc2255e745ef20ac2a720754r9mp,0,0.09255862981081009
14,f6a7e7b14d39804c7d15627e2fa384a1cq892,0,0.09300809353590012
14,8bc2a424939c50eaf4a652e253421b0f9b0y9,0,0.05105120316147804
14,77bc113594866d4902d6f867a456750c9vvmu,0,0.04233741760253906
14,e0fde4b9b7ec14e80de3c811ecae157f6kqd9,0,0.13690072298049927
14,0e373556d3bf588a1bb2ca6354120cf2dmvjs,0,0.06849456578493118
14,c670e7fb466b09000f1053d2761752268bkfm,1,0.9609651565551758
14,4de2f22ca840fce9ac653e4aa06d9b0cnhudf,0,0.04182448238134384
14,20d31f20169e8612fe13818891f88a83r66gm,0,0.09606652706861496
14,042780ee9a3730703e35340c575c3cbb7zjwk,0,0.06966688483953476
14,f4d69870de1e803fe00f8126e73a7e33zwcds,0,0.1857878416776657
14,a58ace8b671a7531c88814bc86b2a34cf0crb,0,0.3299546241760254
14,4c46b1ea933d574a985776ed356312505nagr,0,0.05776696279644966
14,f2ea6d89dd9897f0d6edb6f24c446f01ra6yk,0,0.9531306028366089
14,1a5d7993b43386f64fcf4b84e7b183a6ref21,0,0.41961923241615295
14,964028ac24d4ca16c4b63f64b06df1c8ltrrl,0,0.059407129883766174
14,7505bfc1ca67a5ae14e329b46a88ab869ms9g,1,0.8761431574821472
14,c888cda1ef5931da0db90f6803cd0d368ay6r,0,0.04653524234890938
14,e9f928411213f44502e4942a29553ab1tbqgu,0,0.041247133165597916
14,802a819acf0601b43fe5426cb48ac0bbqwfu8,0,0.7540791630744934
14,08a588ebf7b98f44f8fc695d02adfa25x0amy,0,0.06564228981733322
14,9d8a1ddb38499b3403a6a93395ef29bcrznni,0,0.0618794709444046
14,cdf1fdd424a11dde166c4bf069d6998eph7b1,0,0.9234525561332703
14,fcda141af3b545332fc3b2d55a8bba74uw7s0,0,0.06333643943071365
14,9f52fd88ba073512be19e3d24d4bb6f91l531,0,0.044810157269239426
14,55453d252a225f3b046c094a7aa330a80dr96,0,0.09320981800556183
14,29e08b4d18198fe9265772fba3a4f6c4mj1rw,0,0.047753725200891495
14,8f6605a649ae41fe950a6bf579452464d9lmc,0,0.06103266030550003
14,7e34a26c4c339e875997f4b9239d2b5fscng4,0,0.8876814246177673
14,ad228143392ba96c21bf51499bac1c3b3kmzo,0,0.04800489917397499
14,9f2086ccb71acd84652f861517d4dff9du4y4,0,0.05848196893930435
14,11d5f6925da5809e2d447788b85d6253jj8fu,0,0.532683789730072
14,18e751726fd7c407c41cb18c20da2c4er5z1r,0,0.05716763809323311
14,f0c034c46dfb78d2e9e67fd4fa1688fa6mv8k,0,0.06459804624319077
14,3d575194dae5a2e2966abdf84d800a3bgbsd8,0,0.08453338593244553
14,e0fecfdf4029d9a91664e703a178397718lyl,0,0.053251639008522034
14,d1200a75b6c05584f4f902e74d3dead76cj15,0,0.06101623922586441
14,9744d8ea513490911a671959c4a530d81fj5e,0,0.3044358491897583
14,c806dbb2decba0ed3c4ff5e2e60a74c2wjvbl,0,0.058736640959978104
14,0381a69b7a061e9ace2798fd48f1f537mgq57,0,0.09307710081338882
15,4ab12bc61c82ddd9c2d65e60555808acqgos1,0,0.08973795175552368
15,25558d24bca82beef0f9db4ba1fe2045ynnvq,0,0.097638338804245
15,3f3a3705be5ea07b9ba7ee646ed756fbssuo7,0,0.09532737731933594
15,38e919293f5dbd62d87ce288e41aae2a281m2,0,0.8175747394561768
15,25d75fd439571c1d9b946f5ec833786063vom,0,0.09004475176334381
15,d878560888b11447e73324a6e263fbd5iydo1,0,0.09380389004945755
15,95fede5853bfffda8f50f6af494ff1d1hsgie,0,0.094084732234478
15,c0e1ecd40b81bda3b7dcec501334499dgzq17,0,0.09527748823165894
15,9434778d2268f1fa2a8ede48c0cd05c097zey,1,0.8951044082641602
15,e98d8f348b266653b6784329782fd2e91vu3h,0,0.12003029137849808
15,19815d9bcdc74c3ddfb9ff210c1739f3tup3i,0,0.09176324307918549
15,bd586db332285f3c45814fbb8f638d79d26u7,0,0.08928561955690384
15,e78cb9678684d649453cd5e1e46baf462lq87,0,0.09512430429458618
15,09d71d3e6a6871a7598dc2764c5bb4ffkz6mc,0,0.09439559280872345
15,1e342381f2c64318a51a9b71d91897f8dv9ul,0,0.4981294870376587
15,da6e2a5651b4f44fa3cff41cf9731ff8qc8fl,0,0.09520263969898224
15,9df0b0e5ca66460495931376045feb5fu4y7b,0,0.09506810456514359
15,cab0d4e41ea81636de3bd3a1800d8da8x4yca,0,0.09220767766237259
15,827da66b68b225547050c11df16f845618ptk,0,0.09297698736190796
15,7cb144485c703ac09fc73aa646041f72ogqwv,0,0.09072346240282059
15,6531bde8d4decd9708ff4407ef95e887a26yi,0,0.09487253427505493
15,806a46eb814ec7a09bfffcf38b0763d344tc3,0,0.09364151954650879
15,12d6239a92972a35bc990225b3ab33466znm8,0,0.09468191117048264
15,5b25a86acea5ff395bbd62399bb5cc9bb7h6i,0,0.0949951559305191
15,3edae72a9d44c43524c0203ce38581d1790xh,0,0.09506703913211823
15,5106dcca581b63cf2226110a9048ee4846sxb,0,0.09702811390161514
15,ca76df527977e5168e1b3352cfab2ed9htipb,0,0.08889555186033249
15,22fb740f267ac617118261b2fd3365batisfg,0,0.08600090444087982
15,99fc8ed25265e58bc94d9d95180badf4t2e3i,0,0.10274083912372589
15,e613acb1029ecafd9792c9f75d468e4bmm9zn,0,0.09409178793430328
15,74fc24cafc7c5936d0422b8da306365byjv2b,0,0.09349648654460907
15,7f807b2eb6c391d55e67bcdf7e1cbb3fhylw0,0,0.821135938167572
15,e909515a6ae94a86027c717c4085954akbpt2,0,0.881508469581604
15,1880a778c9dd0cb15ca1f052308a8e04g7e35,0,0.08968429267406464
15,068450aafae2a6e390e35925d964290cdliqf,0,0.09544871747493744
15,88103add66b7113729a9ca82540684c9il94h,0,0.0967717319726944
15,4741959d26f99012b8a6a3e3954eae40hsy6j,0,0.09490271657705307
15,33031f476dec19fe47c0e3a051a68e992hmwv,0,0.09480445832014084
15,d6ebcf2149c311d221b233b268870b3d5gfe2,0,0.08899231255054474
15,f0c356e136831c41884b0732ae3198e0gcy8w,0,0.08984334766864777
15,dd055846eb553ab8e953b084f2048d53bdqec,0,0.8861388564109802
15,2918b09c1ed9e9e8602f85175b266aeej5v6w,0,0.0957370176911354
15,b5310019f2bbbd975c64dc11189191022k8tj,0,0.0876990556716919
15,e3ea1d5464543a1ef3a9b60394fc4ab6i1jk3,0,0.3220956027507782
15,908ce7060337fd8550760a100921f6f7wsemn,0,0.14455093443393707
15,dfd5c9157a0a771f235c32f30aedbf84e2552,0,0.09579439461231232
15,024937af9ea18a2b57e4f08762d181f7s8a3z,0,0.09511164575815201
15,b9080651d16e3d6d2d83e1c5debb55b0qpwbv,0,0.09521371126174927
15,9e72fb21f7581cfff84e833d02538e5ar35kr,0,0.09226464480161667
15,99bcfc00be736e03facf0afeb79ac533cs7tp,0,0.11552687734365463
15,175a06fdcf622c9455d0a77990b9302dj23ke,0,0.26346248388290405
15,b719671479e7d75b1ba5a5617c95ccad4dkvm,0,0.09501684457063675
15,a8561bec318a7d3a0082b35b086b4428wekph,0,0.696722149848938
15,037d9f10da403d8d5f94b6e2957a3702f6x07,0,0.888170063495636
15,17c87408ee1009887112745797caeb7fwvqfc,0,0.08872734755277634
15,ee052a24cd3164af9d08fe77bd6b79dfrbelk,0,0.09259215742349625
15,f75cc5ec8acf1ad2349e00ffc4b3191a531f3,0,0.08577658236026764
15,97b002c9936e63a1fb9994a67615e84fft019,0,0.09003661572933197
15,33a7a0121e28cca4e42494dd0f5aa03fdhlm1,0,0.08532112836837769
15,9fada390b6c53ecb47e6f4eb4353e14f01xu0,0,0.08838319778442383
15,40e00fd204d0ce97110032bfc47f423d0bgrd,1,0.7436853647232056
15,26190fcf0babdbe0b0d903f325c52873tpj7e,0,0.09642616659402847
15,a74e3962ca26514976056bae3c46d579emz6y,0,0.09575404971837997
15,a6bf74b19fcb2687ce345930c4c16d4e2txda,0,0.16394847631454468
15,47c5cd21a74e45dd294cdd53041ec0a3dw3ge,0,0.8900602459907532
15,dfa45994c8471762d04deb23c6450598byp8y,0,0.1462090015411377
15,055282b75717345ba6f53d40e9e6d6c56qrzp,0,0.8770198225975037
15,187636e527504df29bf42d4a2b7767e54bgv7,0,0.14455093443393707
15,1e1c9332e90c1cb0f01da223bc043c528cvwo,0,0.09651599824428558
15,a0660fe8a46b9cb6b02e7b0c50eef6a905vt6,1,0.8768013715744019
15,72994bece8c918a2c4c432b98780a7bdsctwr,0,0.12775075435638428
15,c9056fc0cade75299ed4438567a87d6ek44pt,0,0.09329468756914139
15,44c75302aa4404e23781f8337cddf6ed5tqun,0,0.09443549066781998
15,3733f7ea492eef1f69f98593d2122c50xwcha,0,0.09498926997184753
15,282fe85277f7c07b0ffbc5fed621a02ezp1zr,0,0.88981693983078
15,d65c538ae39fc1a7e0677583bba5fdc6ax1et,0,0.2687198519706726
15,55b39a51c925bfb42fb812ebc5fe318emsjjf,1,0.24579598009586334
15,640f41f27c03aca0c45775eb918b666cnjsqv,0,0.09457706660032272
15,3c0026d48f3d6e10cef6cdb1f708793ccwkhr,0,0.09291557967662811
15,ca0c049b8c37c99ef93b6086e9947135onppq,0,0.09518373757600784
15,7fab82fa5eaea6a44eb743bc4bf356b3tarle,1,0.0947045385837555
15,dcd54d7afa6820e3f00e1c9e83aecc7b4f3lw,0,0.39464831352233887
15,65659f3fbf6207c570c4bb8ac64772e9umh95,0,0.09595169126987457
15,b232fdca7cb98028e8945005f619fb28p8788,0,0.09119781851768494
15,7029915a2c5aa5d964acfd85c30c3950b4opr,0,0.8670235276222229
15,3961434cea4339f0049798fab2bc73aekuxjv,0,0.09439070522785187
15,a8a5bcf248e1326b3340c88e057f59e9nlslq,0,0.0942264050245285
15,bf80bec9b4a8d29c494f8545f2a4be4eji6qj,0,0.37672311067581177
15,35b111da8e919bb34e80511be9cbd128pjjdm,0,0.09624560922384262
15,f8d0d52114da74d98800dc7553008705dth38,0,0.8545534610748291
15,3d7cff3dedd8a8e02dbc551c6a61da3bibbvh,1,0.8992639780044556
15,66513f72be85596a527f9f653db3cb72cq4jg,0,0.8899564743041992
15,c2294751630e49a4e594dfd89383b271qzp0m,0,0.8681480288505554
15,67d245e38ee756947ed395fa099807fchxv99,0,0.09134741127490997
15,20d08c7edbcb4b4ac0214b664ca5bb9cprntj,0,0.13289648294448853
15,fbca8e44d824faa1fa6b99325758ff19vi94a,0,0.09548147022724152
15,3ddd3eba016fc11b07c8a9ecb3fcc2975bkru,0,0.09471390396356583
15,cafa845bd657b17eaa82940d4767d9dfe9uxg,0,0.0950465127825737
15,e69dc706f159ef6e26df0d88388bc5edlymly,0,0.09022342413663864
15,7f603f668968facebb0567015ad4c201kikrh,0,0.09272151440382004
15,9ebd57da79b9286fd67a53e61528cf63a1w6c,0,0.08963395655155182
15,ff566c87f2babf3dcd67be286e1c6666cxzh1,0,0.09598304331302643
15,3b947f8c954acf4354d2c3bdcd494fb0x54ee,0,0.09088464081287384
15,b1bc9ff2b98df742affda07c5977c7345dpm5,0,0.09382861852645874
15,b6a7b5bba132a90e7c7cb350d2bfa52d7sion,0,0.8149712085723877
15,20a2d48ac3400228e7a0296aaa596a0fvckdc,0,0.09338884055614471
15,9be87a4f123366660d7f6d40ffa493a8ffpsj,0,0.09175171703100204
15,662b66b1227816c2f9017cadbc148381alne2,0,0.1250385046005249
15,42cce5c657dc7d99911d950cb22fcb4fmzz5e,0,0.09041541069746017
15,51d2e1b98b7a1e42b939637dc6e11381zu201,0,0.1667603850364685
15,96caf14832aa8be04d98aa481b320392kb2gc,0,0.13928799331188202
15,29b8af2fea3881ef61911612372dac41vczqv,0,0.09412886202335358
15,9393cc68d0357d7b200a94fdf93ee3cf7xg5l,0,0.09206555783748627
15,06a58d4af0fe7ee15324b0e921e8de1260vef,0,0.8885237574577332
15,2d6a70a8341ea0fbe4c8537ffbce919etg4x0,0,0.09484903514385223
15,8cba56e5e7c2be942ea8472b73f0842fil1x0,0,0.09826409816741943
15,40efc98d259ee36a8c2a387ba49f39d0fa39h,0,0.4261613190174103
15,37ca0d0ded383d709676a4f9729ef39cpjfh4,0,0.09235525876283646
15,86091a1e6c99358936979baf67d54457x1dzy,0,0.08978879451751709
15,222a0e05442fec0af2d20ebdcafe4b28c2pi4,0,0.08900278806686401
15,7a71e329f3f2da98a3f82e7bfcb705a0t5822,0,0.0942043662071228
15,163097c029285c7eefa2d60e474d65b4ap2l0,0,0.08724372088909149
15,44be920e88377290bb204795f05a20369jp06,0,0.1302708387374878
15,cbe756ce81f5c420a1f7079791ed9aa2js2u7,0,0.0954483300447464
15,10f1460119f9e42bcccd0f68ef59cc830pwtq,0,0.08636141568422318
15,9f7e3e648ea8e6815c6e7caf59412e843iqbz,0,0.09178821742534637
15,b9743f78108aefe3995e1c2291b5f3278cgpk,0,0.09955084323883057
15,4b3e6a8a52c413a32f76a6d7a84a54bb8gb0t,0,0.14455093443393707
15,b77312a06d10e22e3caca85fc7fe0342b2adf,0,0.09608215093612671
15,d4d4b36ea722e5b939e51e34953004c4t671f,0,0.08780025690793991
15,de8943f2b113702c98ef695888b7d0c6my29p,0,0.09526371210813522
15,936d73a062928a362901f0e507d57b0a8rjs7,0,0.15719085931777954
15,2db8669a6d21a5c8197d4287ea32b7883gv5r,0,0.09456178545951843
15,6713e820273f591bdff7d26a48ee30c5k4iii,0,0.8628392815589905
15,b7e16fd4fd9ff04b7d741b70730b7b6b1aw84,0,0.8237630128860474
15,80130530788e55de6e9fd515271859d1kgfsd,0,0.09571395814418793
15,4882587d42b3d7d8d7bec4315203f10bl2fts,0,0.0951937735080719
15,452619e019e5651a8d98e3d59a478b7fez5e0,0,0.08940254896879196
15,cdf76f38b6f46a3bd396a99123d26909xq5c3,0,0.5816681981086731
15,9af8e7dbdc3c620c8144d736242b3bd2fdbpx,0,0.08722361922264099
15,ac94684646bc6f708dcf4566f41ec05es9v44,0,0.09450697898864746
15,4bddcd4957ff826dfd3b3efe6eb96be9aw5tz,0,0.8803015351295471
15,e2a61feee7f94b49d7de1ac6efb237c0fjt1z,0,0.12603144347667694
15,1717f6d4c48ae8d3e5f2566d4bb525f854j6d,0,0.08559864014387131
15,284cd72e028fe176f935114521ee998c5jsko,0,0.09495826810598373
15,52d8066e28f168e5bee769559ead307e1go7e,1,0.8967326879501343
15,1e050a096927d5b34f4a85d3af28d30eybsaz,0,0.12387586385011673
15,03a1e81cb7bcd15014489a6f752c9d5b7pvel,0,0.8399611711502075
15,d8ada60e3b7204a104bba8c073136bb40772o,0,0.09653808176517487
15,557f06b312e040ed3cd7dd2a011cb83avyut1,0,0.8855753540992737
15,d4be674fce23aae81c4cb946d4fff8671gxtu,0,0.08962172269821167
15,d38b2db568fb71174bf883554bea939ccts4m,0,0.09397172927856445
15,4761b2fdb4ce610d1d8dd9ea50f478cf7et0f,0,0.09407038986682892
15,3bc8edfa1995a99110b957ee98fb5c76nkl7t,0,0.8422486782073975
15,4f07602a713c192a941204b27e2abcf1srnke,0,0.08976179361343384
15,89c8eefbf6f83543ce0792d1e4b86057ti16q,0,0.09471989423036575
15,a4630d8b78c796441a1be187f6907b11c5eu0,0,0.08905167132616043
15,612d24dde60a1b42873ab7b50944c6dad3dcb,0,0.09337581694126129
15,0141844fc725a85e38e12cc02fcdbbe8ofqxv,0,0.0908287838101387
15,359444416c25e6e90ddb2e3d3d0bc23dufn9s,0,0.09509526938199997
15,c7ce5ac2fe5f03458fab59c78b19bf7c9wzf7,0,0.09400520473718643
15,3e85a43950c71b1988a814682abd4392yakvp,0,0.8835510611534119
15,f0567f6d45c0f83b9874681fe8dfe0ba6hjlf,0,0.8912428021430969
15,ed5fc53d096bcf1b86c30128040e775334ut0,0,0.13089850544929504
15,58c3300ea9095cf5e59e27abf2a905ce7tl6p,0,0.09482691437005997
15,90eb8151eb82441b084d04893151619837abp,0,0.09233549982309341
15,abec779131ec6bd32f5e32ed0f274400ekljo,0,0.08791068941354752
15,b2a19e17e1b9e0bca8e4563efbff5fed7v9xe,0,0.0934038981795311
15,bd0071b98d9479130e5c053a244fe6f1muj8h,1,0.0952412411570549
15,173991472d4ee18932f8514b9d4a9dba7rjqa,0,0.09290110319852829
15,0a7446b63f183a4928ae762ed6cd1c4b894qz,0,0.6340291500091553
15,e561791343f3564a6fc612a98b5f3df34rxok,0,0.09468206018209457
15,b1c2e7ee5c69722df6233541ad5e784eutiv2,0,0.08802410215139389
15,98eed7cbee9b1a1b526a635648e7cd2fhbt5w,0,0.09697368741035461
15,c8d3fc73c1a41bf92a5e4982eb6cf78du8gg5,0,0.0913982018828392
15,2fe472c1be232dca314d4bdf0fa95165rjv69,0,0.8921980857849121
15,d2fe98eb0fa21252956184a98138c58dwp1ah,0,0.08922900259494781
15,1ef47d501d4b36498b51e184b1027981xu89r,0,0.0952538475394249
15,5dd3494b46f39f8c8783c25527b64dd8hp8ti,0,0.0950126051902771
15,aea096a392f55d95c3e45251931e9755a9t3o,0,0.8918670415878296
15,a5fb60c136b7e0a6d0d6e27cadb2a797225r6,0,0.10024846345186234
15,ee5afe7f268aaa88598545df890f4e5fzari6,0,0.09163662791252136
15,0bf6e0e5184b3599bbb4ba1fb3a43549ije34,0,0.09469178318977356
15,613fe9b896ce3801e40212b3c8a8053c1e8nj,0,0.11242508888244629
15,72dbc4a9f579a9444c126a0a67118783092ec,0,0.09343556314706802
15,de3bbaaa3bbc1fd1f751d23a972916d80q8e6,0,0.12227919697761536
15,8af01eeb860c2e6b1512377f28953110ml638,0,0.8760217428207397
15,d9a813646e8fae954898c1279196f5493gqzc,0,0.09100756049156189
15,e9b27622a64f2eb9dc7559d43bc45e31yci23,0,0.0887935683131218
15,76d4a0147a60d871867f00adf45cb792w9c6n,0,0.8916768431663513
15,60849c6d966f178808d94543173cb93dog4gt,0,0.09368330985307693
15,1dec9ee102b29905e2f59a52fb7429826e8b4,0,0.09483872354030609
15,97ac4a68e5600c4b7a960d9580d4f251470mc,0,0.08644641935825348
15,3df41510a5044de5438015f37dfa3443bt7pp,0,0.08903565257787704
15,a6214d8bf07127661f322afa7c8dae91ypizm,0,0.09260948747396469
15,bfc7a0819397d910db7c24eaba1ed4c68dwiq,0,0.09127268940210342
15,70daecd44c89c37525aa2ca294378ead4dggh,0,0.8817136883735657
15,39a5a16e5a67c2fb51789cea4d3091f0mv996,0,0.2592109739780426
15,95efb775460080c0da57e154f27876d75xnsx,0,0.08731740713119507
15,89291354b0939c342be97fa58e018bd89fvcf,0,0.08528918772935867
15,70c31e8b3476b953648fd4f8775c1950m1uz4,0,0.09121301025152206
15,ab0b0de534bad49af05faa626b88389cmjj8e,0,0.08721674978733063
15,8bbb16c0a1bb808389051c875ebab1cea0v56,0,0.08907207101583481
15,c9a97c18992adb02e6c2e6a8f9cc1daa1di5k,0,0.09071584045886993
15,1a9765ed302d0f91b512c23112066e41s755q,0,0.09498786181211472
15,08981037e7a6c9032716ff25b15c9de25p63s,0,0.9015522003173828
15,fe6adfbbb2fc1ec0c3edf6677204bcb245uf2,0,0.09520360827445984
15,c7c854748038ddf37b8a9c4f5a28073fsut8p,0,0.13493257761001587
15,bcda2135a2456d611876679b61dac500vs7sx,0,0.08943787962198257
15,d6517684989560cbb0da1fb2f5bbba9b9y2st,0,0.873284101486206
15,716079d1913959ccae0307f760bcddddt6d4o,0,0.09629767388105392
15,292dedb5371b8e0ebbeea57f14b35713e2ie2,0,0.09341926127672195
15,a71f9ab1d130394882cbdab3c886f1b0fm6hu,0,0.09604550153017044
15,d3920630f4891b9ef1a8a199ce5c830aua4yi,0,0.09696048498153687
15,3a32eb1c6dcc818e0df4953e978f2e89ljhnf,0,0.0917995274066925
15,c08ae3075278ed0d139f00ead52ac2b0oy8nw,0,0.09045583754777908
15,464506515f2ae684bd510b3a50b9121ec7v3a,0,0.09818483889102936
15,098bfc9c440f9ba9e6371f774ec6a36fa0sq6,0,0.09400136023759842
15,1df1dab2eb718c3da3f9a0aa90b93651sxqzo,0,0.09578215330839157
15,b1e106943db37b1d002bcbe06b264b8bahuy0,0,0.09236671775579453
15,1def3e23e479c9739abce6b3518013d39oejk,0,0.7749803066253662
15,dcc5a79317a22bd0f6dca1f60fc866a8bei1d,0,0.09708046168088913
15,f9378eb3e522beef7e6a4e1f275bbe0eaboro,0,0.14455093443393707
15,c5120d10a23eb0c10d56a19fecbf9da85t4ow,0,0.09042046964168549
15,b9c59dcf41cd0a7ba779154872019cabmohkm,0,0.08498027920722961
15,6429ef4aebc7d1f4027b31a6e900d165nqvyz,0,0.09560933709144592
15,2137e2626c568af8e56bfb72fdd5b9e19qiyt,0,0.0900021344423294
15,b8d88a1167ab74ba64fd6d9c83308a6d4oa6v,0,0.13153612613677979
15,384ba7c5a8ccf55d174080d9ad7de9b8mfysi,0,0.8642445206642151
15,ab3e02a6b47b250b738fdb010dc84cd7lrr07,0,0.09118909388780594
15,2b13a870a46975494b749feea0c5c7ed170ll,0,0.8866741061210632
15,a7c263f3fe4f19ff677e5cb475f7e5a3gdom3,0,0.09046412259340286
15,1aa485901ede7baf78ea116e297e9d7f9en6i,1,0.8875203728675842
15,53f61a2f33e8b07e49da643af49884782vzdu,0,0.12460051476955414
15,9f280cd011f10593dc245dad1d93b11dy6rg5,0,0.09097657352685928
15,ef1d71dde32e587e761a1b39d5b374c7gk68y,0,0.26874953508377075
15,3694aa599f836a57b671ee0814b071775i1nf,0,0.8950042128562927
15,3318a824cfbd3d3d177ab7e9520b21cbsrcgr,0,0.09030388295650482
15,2b4b36fd77eaeabbdad8fac68b17ece5ey04u,0,0.09580470621585846
15,f069e2e45ce316168a94b972c5b7d6b0f342m,0,0.09439388662576675
15,989e8e68621a43af5a8d061aa91bd9bfshy7d,0,0.09547983109951019
15,c5863a228287327c9980d12a632985da9vi29,0,0.8394536375999451
15,c58ffa073b3b3deb4e993ee5dd05347cmvfur,0,0.0911930650472641
15,a71f84e476d03bd0b25d45e44eeed9a8efehw,0,0.18856409192085266
15,afb1d898d15663a9477870391cf39b697gso2,0,0.09089405834674835
15,8a4fc219f01e1fe6d4328b0a47fc54905iv05,1,0.28889065980911255
15,ffc4e2dd2cc08249f299cab46ecbfacfobmr3,0,0.08773282170295715
15,60edf674563f85b227898f6af0386476efy45,0,0.09295593947172165
15,24d4554556deeebf61510cf3e001edecu8hgj,0,0.09373238682746887
15,781972f2af3af2abc492f9dbb0f6fceahnban,0,0.09212827682495117
15,98e6dd2906ef1f7c13284a309f6b160cb2ujz,0,0.13768087327480316
15,2f9a7b01fcce94499a59aebfac98fe1ezsk1y,0,0.08829457312822342
15,7a9519ae09e328b09d18473f96ef075fzrs1v,0,0.08918533474206924
15,4f57e657df5ee5d9207178b4b6858ddak9ouq,0,0.09249813854694366
15,57c4421263d37c2cd2573cd7245a7a80h0mjf,0,0.6966122388839722
15,87c5fcd8d9582701469f94bff3cc415dvq4ia,0,0.08858028054237366
15,b7515e5f181a6d4884674897226cfe9cpd6d6,0,0.09384819120168686
15,c435ac9dcda855341e667d440c2ef7c6nd3mg,0,0.16422191262245178
15,1ba9422d7a55aa5abc3ff37d1cafa9f2yds7i,0,0.8878123760223389
15,c6fcf1f7b824c864d492c4cd676cd702owsuv,0,0.08621218055486679
15,fc870f3872dd5e36e4dfc4ccde28cc930tify,0,0.0880868136882782
15,e587d92842526255c86d3b0d425747ecib83l,0,0.8951249718666077
15,cd9a7b22d85c35845260cd61a4b65cb2meyel,0,0.08747461438179016
15,053cefb7e952bd81d7a6db267a121747te7lo,0,0.09402547031641006
15,ca5d4f0a3ea342fdc45c3325e5311049e2uis,0,0.09630308300256729
15,68d0de6b2b019e4f93fe89ef3c9d3e21zajj9,0,0.5058775544166565
15,32dd072b16a69411ba3f67992ecc3e2144j5g,0,0.09436635673046112
15,2e463fe6bc1616f8392f82c138a6a436mbtjx,0,0.11982861906290054
15,f8e90361c36eb3f6fbd485748e731fb7w2ci4,0,0.10039486736059189
15,6f6e3687f67272b103351641b678225abarzw,0,0.12433246523141861
15,d5b75c812d172da1ecb3164a1cfb7527688gb,0,0.09008840471506119
15,8cab09b069755eca2b4e7fd6f6981d7d8n88o,0,0.09468214213848114
15,ff92ea4abd33ed38601287f0e1d6726dmgx1f,0,0.883950412273407
15,cf18f6766fadce944ee74796489c23acmqhpe,0,0.08922909945249557
15,782557b3ec17063f2a36fc9193ed3200h14me,0,0.7578161358833313
15,1c61726e316d5a16aaa80b429080c534u43s0,0,0.097365602850914
15,64abb8a286b2be97349e8b17abcce6d9rygza,0,0.09002295136451721
15,f219cbb3d454b32953619d5a4551f56dcg7gy,0,0.0906902328133583
15,83c9359ad94eab7f4b8fd582a6db4733frmsr,0,0.11182244122028351
15,6d033ec559ea79a8ffb90d80e0b24e93j82av,0,0.10291579365730286
15,e704e6fedbe6caa9b434509d085f4c97nq6k1,0,0.09308348596096039
15,c1850964c360c9159e5d1d0b6485e210s6uvc,0,0.0892694890499115
15,5c2d250afe88df6e4ca3ff08d991eb67s5erh,0,0.09101688861846924
15,37bf6f23b628a3e2b5b22ba81beccbef0efoh,0,0.8837313652038574
15,c0e4be8d520c7bac2f51ad80a98876c2aan70,0,0.09506798535585403
15,7eb7b2f6a914afba5c3d207dc28a93aed9pnc,0,0.11529071629047394
15,8bce581a91921adaa5fc20e627cd7b94l6cp6,0,0.08918174356222153
15,238808859d7752579a415e89a395500fh2o65,1,0.09091158956289291
15,ae37c0f4dc6e3d99f5b0243fd18294cak7pxy,0,0.8887705206871033
15,340d7ea497f16bdb912ec5c6ce467f71kk7hy,1,0.8887461423873901
15,ba319b8bb68ca6a12086f2410ca7fb3buxsei,1,0.8918291926383972
15,0b3d5f829d18ba30d967fceecb58821c3oeqa,0,0.8933274149894714
15,7ce3afe39ece9d672e9adcf3dcf2aa44a8r22,0,0.12155480682849884
15,074daf9a99b01591cb0637cb95c32600roriz,0,0.08806483447551727
15,63424f85cf53557fdb5dfc6a280af75epl45b,0,0.09538604319095612
15,d4db72f36e6ad1668dbc0bf4f0e1c49bn12a2,0,0.09517315775156021
15,93e3c34171ab65e0b031dc67461e48b478u36,0,0.8789507150650024
15,069d020584a0e8c61e622321d4c43881j7pl3,0,0.09337477385997772
15,862eef3a75e1351593b54975cd8ae1b3swcxw,0,0.8846144676208496
15,0a09adcd35b5f26d75f251006affc747drfu4,0,0.09421771764755249
15,ae29b39843141a73b39ada671ce6b6c0yxlb6,0,0.09163689613342285
15,a4475cf8808f8951dd5163ded3ee8032g9vxd,0,0.14455093443393707
15,026819504b59bc4eefb9963d5fe4271aql15u,0,0.08922908455133438
15,ecce760edfc6ec5cd5ddc7037c514dc3zod4i,0,0.09319023042917252
15,4b9bf4cf1085e9d839e833e4b9d40f2a8ps14,0,0.09079252928495407
15,a6f994251abda6687ada2e9de52bddb5cisa7,0,0.09429974108934402
15,8473148f069a890b7323fe8316861a71qoxv1,0,0.08979664742946625
15,fae553f133602fba6e9e6051dfb27fefkruax,1,0.6937059760093689
15,8c939b6713b7881538cb05eca89cfb1cw1lhm,0,0.09136784821748734
15,bf190f2cffc1a77f0957f8cd1c98257dofy08,0,0.3763855993747711
15,8884b7af726ce7bd929482ea13de19d39lzuv,0,0.0960935577750206
15,9d33ed2efcfaddba0307d12142f3041ce731l,0,0.08874930441379547
15,e8bc0150097c1b2b8b8c374b69e0d3a6mxfcm,0,0.09421513229608536
15,737d19fdceb065359c77b81d27053c4e5quiq,0,0.0943981260061264
15,e50426efab1e9d60b8f7258130f8791czrpvg,0,0.09672605991363525
15,d42604c7cca8ec92839e92508f2a3e52ehz29,0,0.889392077922821
15,c8b23d6565e11d874e221f41440ffd25mrucd,0,0.08870096504688263
15,eb27d8daded752fc0d1c828867b0f118cswwq,0,0.12777920067310333
15,bef84146ac1e2f21e928e06ede1404793bfnx,0,0.09266754239797592
15,825226b69f2a5a8337ca611b38223989aumow,0,0.08779087662696838
15,0f8cb1baa83fefac10f885f79149bf13kn4nw,0,0.8580079078674316
15,f75a0f726d764514f612ee8cd8f65adegt02s,0,0.886772096157074
15,332ef2c7189603a497fc89345ee4f5605i5xw,0,0.14039915800094604
15,9dd7e7ef94a7bc5bc9f98c42099910e7o76qh,0,0.09229211509227753
15,bdab2be5a94c6380c60b902310cbe1b6rs4iw,0,0.09414160251617432
15,050a3b29ca1818e1f237df8132bc2013bcuxi,0,0.08877487480640411
15,55d9cdc3af85efe87b2a6f22a2cea96ezy2ax,0,0.09418763220310211
15,d9dfeadc7e0e844ffea3cfc706daae5dt2hhg,0,0.2869107127189636
15,af50d549e86276f034e52037722dd5aetouu2,0,0.09283237904310226
15,8152c94b639be88e7076f0e32bd70e0eg004b,0,0.09111782908439636
15,9ca7afbb673865b01cd4b02846054fc1p3vjn,0,0.8372372388839722
15,bc3d08ad6ac94b8b5ce40a29b59899cakj3p5,0,0.8844915628433228
15,24a32bf10c4a5d4d91c27da4710c869a0nqim,0,0.15291661024093628
15,429b876aa7e2d6741ddf322685363ccchue2v,0,0.0917748510837555
15,0918eedd8324da06abe5600f058480dc75nfo,0,0.09028896689414978
15,ce7d34398a6d6011bcd96ff0aa82b6674hxzl,0,0.09172563254833221
15,c277151116ce38d8245f9f2308807af8t4nnj,1,0.892263650894165
15,de4388600d997803223748e48bfc7b16ggyrh,0,0.09257254004478455
15,069d251f2fc19102924468ab38349d5eou7ab,0,0.09208980202674866
15,535ed161b4c9960a71ccd53128df4766ddyq6,1,0.8890776038169861
15,90953913d629a03e27590d0d0f64456601ktd,0,0.08909538388252258
15,c843f90bae7231af13dd0e064a469704drz2x,0,0.08922077715396881
15,13812c0d2c8c474bd62481d932407687o26kg,0,0.08682425320148468
15,77b7daafef906aa3f941992bcf94dd69zxk2p,0,0.08908739686012268
15,eef111bfb93c213c174947c69b2f2b38cr2pw,0,0.18645377457141876
15,4aad6f0ffe775217e4ef8c91d69707545li52,0,0.09114789217710495
15,a25f4c6838b83e0fcba372300c23c2537k5eq,0,0.08464567363262177
15,9e1f21ee1888368e77b539083f4b94ddv8mrl,0,0.08799833804368973
15,07012e0507b4281d430b93ddcd96cae66und7,0,0.09155464917421341
15,fc48aad7a51d965595b59550e08b94c670k7w,0,0.09585428237915039
15,4b72cbc9d9ef0238bb666feea6d79e718qry1,0,0.09457314759492874
15,fa918060747386f431a511c862565e34y1pdw,0,0.09177131205797195
15,24db47d284a08aaf119eb3e0c45eb646i46j5,0,0.09943893551826477
15,b8da3e0dc73d1f453ecbe6ee4d4e8791pr8az,0,0.09072712808847427
15,0446457fc8e21596799158406f77b14catx8w,0,0.0949881449341774
15,0c55920fb607fef2d33324f33565758a6e4dj,0,0.0905376672744751
15,25331706aa2157419da068e93f3989feyo7a0,0,0.09178204089403152
15,e72d1b2319a2ef39d016c41e4824b68evxe53,0,0.09288765490055084
15,916d2d806b772c9f227a9b3640e31469ljrxo,0,0.778681755065918
15,53d9e7fa087a0dab6a472bfbfb694622jv072,0,0.12712667882442474
15,eace2a2890644d703c619fff7e41a9a16k7lf,0,0.09172352403402328
15,0a92c4fa2bcdc8e952546d236b322053o5wbk,0,0.09320466220378876
15,3f977186d125ef8bcbee0c1562c7ced2b4utq,0,0.09329864382743835
15,cad151bdf2e29b764dfd3acac022e5dcy8n83,0,0.09608419984579086
15,6ce47fddd94be5792190cad9d972a5c4oyjww,0,0.09294037520885468
15,a639448bde9a72923b70917e82594fc66sa2f,0,0.09887134283781052
15,7959bd565852dd880cd31278fab3660fuaqyw,0,0.13492712378501892
15,8bc2a424939c50eaf4a652e253421b0f9b0y9,0,0.5864429473876953
15,5cdd665a22747394620c17b7753947b0xgzhw,0,0.08728344738483429
15,21f5b103136104e4947e293983dbaa5b4tder,0,0.8928719758987427
15,a4e83190edb97fefdc4a6cbfd00f41fbm7c4o,1,0.8890693783760071
15,9dc039dc57fd67bd9e7157f4f697ae7eloov1,0,0.7109133005142212
15,98c12418158dfb9494af01308ac2d0588gfw2,0,0.08861219882965088
15,5f529b5ee68b60482c5d0c56ee91f3c2cjrmx,1,0.9024440050125122
15,c99b1edcfc7f0c751b68fb310d34b75ei6j82,0,0.0894201397895813
15,e60b306c01cf0c0be5c7d54facf927044g5d2,0,0.09411703050136566
15,042780ee9a3730703e35340c575c3cbb7zjwk,0,0.0904955267906189
15,0f4669e36b2e721dfe27f8633b277a1575erw,0,0.09492585808038712
15,b28e6a39ef0cdda29c5e350e048c3a813idk1,0,0.0950605645775795
15,01f498a0992d280de63ec346692efb2blckg2,0,0.09707900881767273
15,14c69cd7fbc8300876f287520c493fc8xe2o6,0,0.26550203561782837
15,4089a2b7f26e5c13a7f3350bd52ebf8fh21nm,0,0.8719553351402283
15,b4210edd4ec9bf872c7108fdb3c6aae9cjwz7,0,0.12165725231170654
15,4fcdd880c4e1a1767c4d26f74bb3466f11osj,0,0.14455093443393707
15,622a477170c3e2215b7e3cdb06db93aezz6t7,0,0.8744803071022034
15,802a819acf0601b43fe5426cb48ac0bbqwfu8,0,0.8939332365989685
15,65f52b46edfc7fa64b9e74557a78e52c1it54,0,0.09502872824668884
15,6da04647ce16d0f00051dfeaa94d3313ox30y,0,0.09888989478349686
15,8c339df2050a428c04a1c2bcbfe4a143loj8l,0,0.7985633611679077
15,458c8c4e10e5c1b29e3fbe5ee56d46e8y3fb3,1,0.8950855135917664
15,7d063aa96e7a065ed5ff9deb7c851bddhrxdj,0,0.08723766356706619
15,b9cb81e5855add059728cf932f0624fefbi2t,0,0.09493646770715714
15,5640f30464bb5a7bc6e98fd2873fc25dh78hp,0,0.09557569772005081
15,55453d252a225f3b046c094a7aa330a80dr96,0,0.0949815884232521
15,6b1666662837213ce77c329d8cb2a842epaeh,0,0.08978447318077087
15,17a321c4a0d925ca80507effa52330ac5n5r7,1,0.8897839188575745
15,8b253bd318229b3eea3f459bd81b8347khytb,0,0.9008450508117676
15,03e884d3e7e3356608187d2345e4693fyt29x,0,0.09118550270795822
15,3fe1dacbdaf96fab0c213e218968c518twu76,0,0.15611198544502258
15,1dfb637157cc0e590e50d724cd4cad6d4cacw,0,0.08513582497835159
15,aaa686462ebb950550fc1c6136ffb273vkrc5,1,0.22110511362552643
15,f6485cac867e1e7d2d991838551b4c4bfnarv,0,0.10963307321071625
15,65d8228c6c1e5b6042f397afed8a5c7cbo6x3,0,0.12777820229530334
16,91a3c57b13234af24875c56fb7e2b2f4rb56a,0,0.06139427423477173
16,57db69e32163f3e486dc6ef7d615aa12usje6,0,0.060489315539598465
16,c0549e76b179912d52a28c3eb9b29376yaxvu,0,0.13422048091888428
16,11a38554244f3c14de043aaf52345c35jjqvo,0,0.24728646874427795
16,0b68888358a492884e3885bcd73ea63bhxidk,0,0.07854030281305313
16,eaaae0fb54c7d36724a9679c3128d5a7gn4k5,0,0.8634129762649536
16,2c581ec91825362ab66a7ffa05df5e70hl3h3,0,0.1386195719242096
16,0d0b3d6dc27d0f8eed70971f8c6bec1bdrs0f,0,0.055672574788331985
16,2a7d1f9483d34546c4d099e36e3a79790qvjm,0,0.8580207228660583
16,c62bac5be6489bc0e0a7834a11167171c8ww3,0,0.08967278897762299
16,98783b6bd490f32f56c315307643c824nimw1,0,0.06927191466093063
16,848d3eaa622b26fe57d352eedd9649f4v6obv,0,0.06960705667734146
16,64a39f766b2e9d9471b104f0d0289740a9kdq,0,0.07400549948215485
16,e3ccc9bd16fa1f4a92fe87b4a54e5e72uficw,0,0.9117096662521362
16,a3c2ba79963b637f15086e6255a46253lwpnb,0,0.0658147931098938
16,2307bb06855a6fe75ab56ee6b4a3860835di5,0,0.14854936301708221
16,6394edfbd35aab54801518835e33ed50hcr5f,0,0.09789174795150757
16,c5babbaace35399cf51a9356bbc22733xpi5h,0,0.07829226553440094
16,af98b7d5a7c1ccd2968252a2fb1c06f69igbv,0,0.10577258467674255
16,8e1f8e5907b3cc256a2a57ae9ac81e063gbz4,0,0.10983788222074509
16,6ecd9f4b332eb790dc933aea0a1528e2qkp4y,0,0.058375611901283264
16,d9c6b6d7290e4475bcd6d264fb33a706fqtvc,0,0.5895872712135315
16,9ded76c5244a2116a3b5432fa265a800j0bvt,0,0.05660981312394142
16,53691811bd992911edb9f5f64f49d8f5luk1f,0,0.10473931580781937
16,ff58ffde976a4899dcd89597a7877e18lntgz,0,0.8650784492492676
16,20cb327bff59dc8f4fe1ac68a30f02eb6jrq6,0,0.07156688719987869
16,03244a553a252dcc3a3037f0371c8d33fmpd1,0,0.09731212258338928
16,3073231f45ca50ad6830d4dc7261f283iwjjm,0,0.08412911742925644
16,47e0637718480102d235233c83661a7850foh,0,0.09509257972240448
16,9653f425ed82418570fbca890f7032b16sjjd,0,0.04592657834291458
16,efc61ad6db17265a4bac85f77b154ef414tpp,1,0.06096600368618965
16,dc52611b1a2c84c0949da5af9870d57fj6ab0,0,0.07162616401910782
16,961ab8cb7952191816db53f8a11a35fe1zecm,0,0.06284648925065994
16,74ecf5f9adfa4dcca4dcf020209db81arynmk,0,0.06108713150024414
16,3d9910a238a0f282ad3132dd6fc981c8tv3tg,1,0.9554995894432068
16,f90f13ddfc0f98cbe3c2346a2e30093cq6zo0,0,0.05475209653377533
16,fdd836950d203286832a21b930b9f6b58ch7s,0,0.3513309955596924
16,2c72df02de4b36acf72ba549630808612ol08,0,0.0679076686501503
16,01c5692d487454cdbe731df330bef608f48zz,0,0.04382309317588806
16,f80075873f7183a03b1b10ac3f740032v6w99,0,0.07832420617341995
16,cf22da37578048d2e51eca1e544c693cke5t3,0,0.87928706407547
16,a94c16f8a98e493e2b4390b1975e690dv8cmu,0,0.14093497395515442
16,f63ed13362ce1c80970ba28a095c2bc5kfgmr,0,0.051078081130981445
16,f186d292f4e83f70a92c97f92993f655ygqzw,0,0.06398249417543411
16,72dd0e4788d25f62cc2ba942bb9499dc7quqj,0,0.050930995494127274
16,e0413f338c43c9d55ba53612d2068f65t4gs6,0,0.20007014274597168
16,6a76d66f035914f93ebc725a0998b399r4gdq,0,0.09925297647714615
16,929b75b44585b34d2b917ec181ecbcf298fr8,0,0.796076774597168
16,eebfd257525e52b67969ae9d8760afff12j3d,0,0.06330139189958572
16,f46cfa9acdb6a4c419c70c19be4ff9523uixs,0,0.058119069784879684
16,7339b024b285f99084bcca768cce5c7e0h2op,0,0.12154638022184372
16,354baa6c4764a5bde013ea3f7edc72552r3oa,0,0.9557066559791565
16,82bec02fec2f08899489d7a5c35a30a0lbszo,0,0.06664185971021652
16,ac494ae5acf003f84ba46f5741618a8dn19qi,0,0.062478795647621155
16,ea57e35acda9a8f8b75f4d9bc049f74d7qx3t,0,0.11214343458414078
16,481db1a88023d22b3533044bff5239dbf3cda,0,0.06157616898417473
16,20662832566daffac929f803f0c236eaperht,0,0.09710649400949478
16,42c407eb70ddacdcd59d63f22caaafc4fa0p2,1,0.9468505382537842
16,28aa6c505e308e49e586e25e1897ed2axjiy0,0,0.06478554755449295
16,ff12cd48c7de8ffb8b2099f262ce03980dqqz,0,0.06881951540708542
16,e0544483ccbafc4842cba7650677d043n2e5c,0,0.1392284333705902
16,76218e14c379c12d599dae9e1c00b61a3i5b2,0,0.4788784682750702
16,d2ebe13374f25a12865d50c17af1dad7yspzq,0,0.05959583818912506
16,bb790a228de797253bf6afa43ee52eba1s2dx,0,0.9379952549934387
16,c2d1b8c1b7a9c8010f5b215e8aadb1d7gahpp,0,0.6052775382995605
16,791031a63c9e2b4835caa9a4cc1768baias2l,0,0.06585037708282471
16,7607c4efa792a69e2a8949ccafcbef103squn,0,0.6328330039978027
16,f93a998dc10a4c98f65c6b86fdff651d5i4qh,0,0.10623118281364441
16,334714f005e994d46cf4d18093dd4d05fyxc8,1,0.9564002752304077
16,570910327f5584ea1ccba92634d89832lo1zc,0,0.10171690583229065
16,27cc072f1432f7aec4b7e17cf2e473f2x3bjg,0,0.9538112878799438
16,ea6c07fbbfc3f0e549701b1e7b90c4d21zfjl,0,0.09750591963529587
16,01eb9dcbd0b3e79d94020d13d83a993ec9d2a,0,0.09391088783740997
16,bd0f0c497ef09b5c1bb18b330d932bffktn3i,0,0.04826069250702858
16,6a5457f1038c6e1cf9feb57529ce07b2sff4d,0,0.05560523644089699
16,c755d2832026bc2a6f5d2d6df5740f06mr3nj,0,0.05821872875094414
16,7f4e84da8ed11f4ea3a2d276f49949b7o31us,0,0.05895131453871727
16,22401c4dc0cb1e5d52da01ebb8b2839cdoauo,0,0.04710845276713371
16,e5f43783127506211df8c6290c2ecadbyr779,0,0.11828089505434036
16,f2bf8c94172c4d71076e151cb4e136007iiur,0,0.09076803177595139
16,79c18f0460f9bd86bcfb25da96d91490jfuxv,0,0.0665629655122757
16,c4b598fcb343bdd2cf826fc7541500e40xtte,0,0.133674755692482
16,b970a53727b2bfaf02079779c846a52fj3f0q,0,0.13300545513629913
16,295fbc4ef00fe0cea7947811e78bb8aez9ti2,0,0.09947703778743744
16,9c0cbc0fd8a6c22ae3648801ade080fek6i13,0,0.07135773450136185
16,11b1859aaf7fa93818baa76007cf7207d8uwy,0,0.11705657839775085
16,57e1892d3d62d87c9ba5e8425a1958c0fn11u,0,0.15057669579982758
16,d1f000f475c502ecd2e993c52987e63ed3k7n,0,0.13456007838249207
16,a3ef8857f2e33ecd25c409622b4e3ebcij8hv,1,0.9567382335662842
16,db5e9f85e7d180f7d952f12e5dae5900q9xif,0,0.057333171367645264
16,e1fb642deec7b382433de94983d97681o14ko,0,0.23516908288002014
16,3fae46174ef1a7dce5e9893775f814c4so8s0,0,0.09781793504953384
16,6b9a3d480add21788772e118e6d51ed57e3w9,0,0.07089678198099136
16,30ef7862d69b3440ebf2726ee85a0b8397ta7,0,0.0735497921705246
16,644e284380171fa793695a91b6a12c28jcwku,0,0.055843502283096313
16,18eb8d55c84019b9196c5ca7e072b287bv68e,0,0.06520606577396393
16,4ab56df4b1befe3e2ce5cd98e8950ba2psqq2,0,0.11724860966205597
16,2b72d702b44fd7dd58062e326fd8e4779j8mp,0,0.0582704097032547
16,d63671871e4010e904b9419e48781565weafn,0,0.05478191375732422
16,64885ec89a54c64598b2d196e1fe2e351cd60,0,0.09394127130508423
16,2a4654987b59646a120ac74301339afc4eylt,0,0.10313154757022858
16,3073d007a5b42b827cc770ecf4805278xvvzl,0,0.05118228495121002
16,9774dc752f855f07b9c00eb7018b607c0ymxo,0,0.07553519308567047
16,05c6b93bf8f083b2d0a03ffc0fc3524ba8fi5,0,0.05315643176436424
16,dd1675bf26316cd4630087fb47d0ff8fsug8e,0,0.053120218217372894
16,4703c8940eaa3f3bf5082ec2f155a8619i1yw,0,0.9304760098457336
16,a99f91d51e8d9f5786dfa52e24292dfebi55j,0,0.07270868122577667
16,c9fbbfcc89730e961499b4b30ffc4a98umxko,0,0.08982255309820175
16,a60101895443bfa5d4485b9c2c3e1b68t5ppq,0,0.05007913336157799
16,0870fb7e5701f3ba56762b03e157afdc1yw7u,0,0.7497445940971375
16,84bd02dc56fb7c3402426ef7e8e166e2ptwo6,0,0.1091114729642868
16,d7c046d4328c139e76fea7c1833e8fe6fx4yz,0,0.09656713902950287
16,8bf04b0a219c7834b25057c0220b4d0dhwdsg,0,0.06720935553312302
16,445305769cbfccafc89ff5ebd004598einesy,0,0.1836845576763153
16,012441119bcf83b23d4768bb72cea6d6carua,0,0.05752608925104141
16,0e8212e286ee36da8945c2480e366417xa22x,0,0.06910888105630875
16,88bf2c0f5460e28deb5eca2ef8e5e809ol5ru,0,0.05407249554991722
16,b725a638efd8d51f66ae2f22ce1df678p9es7,0,0.10555876046419144
16,1ac788675f70655e71a013892d701e901kj13,0,0.07224200665950775
16,796961698c2f2442e73c5195062370caawzzo,0,0.10828883200883865
16,84c4b58a1491da3a30710bcdf61f87054xfq6,0,0.05548699200153351
16,b4550ab1da3a3ed6e4a206c9ef78d496q23hb,0,0.11749493330717087
16,156f4a8763e602ef789f8048c6928676a1ily,0,0.09684008359909058
16,b0164d9a18a3cdf6082e96f9708040690qcqf,0,0.7702350616455078
16,e9c8ee7f783723fe8496dd35232d88f2or1r1,0,0.7490673065185547
16,8720f071e045d4cec9d707c583a3d64avjyyy,0,0.11207406967878342
16,05a07a27e235d01fe480ea6ac73b8838jq28x,0,0.06995239853858948
16,9c223f867c65938ce8623fc41bec08485xddt,0,0.06940583139657974
16,936d542904f515ea87bab7996497b11aszyco,0,0.056344810873270035
16,f211ff014ed43c9054916f97d6187108mpxr6,0,0.8985127210617065
16,bba40511c6e56070602e8dde4229ff923zbuq,0,0.07350268959999084
16,0daf4f87eb695e2a84e4156154209e09k6ga5,0,0.10224950313568115
16,7daf0e51b276c6ab5bd2ccf520dae106graj8,0,0.05875487998127937
16,2d113999234e06201c0940286d405453wqjsw,0,0.4646318256855011
16,fd1299f1343236dea07bd0ba5f8ca220csnv8,0,0.08259981870651245
16,9f101e80580cbff55a2307c028408a91nebzc,0,0.952378511428833
16,bbad48cdaa604c1bf40b59120a775794rnlg1,0,0.06354707479476929
16,8bf07d8631a2808f2c869e27afad2d41swgkd,1,0.9516309499740601
16,a9bfa54aef505d65ec488d8984c82a7bf0fjm,0,0.0637960284948349
16,33189c09ca7067834fd25a54920f82d4nd7a4,1,0.9564527273178101
16,e2bda091a91082b774d59f2c5b8480ebbijs5,0,0.07420588284730911
16,ef905e4d866c43dbc345751e7fabe5a568kjs,0,0.09678517282009125
16,1cf0d30e0bf9f4a536b1fe16ecc26cd22j50c,0,0.11862345784902573
16,916aedb8fd708e100318969dfe57a4639hexd,0,0.06100409850478172
16,403640a20dbd2c4bf554e558de137deckn70o,0,0.06390006840229034
16,49c3957287d24e69713e4355933b74baoijix,0,0.07343316078186035
16,361397432ed35185b5a2789867a859ec42v14,0,0.061936017125844955
16,e0df56a5ea8094d070b0130d7178a996noolv,0,0.07626733183860779
16,14b2d98230228eab6a6db3efc41660d7kp23s,0,0.10873293876647949
16,d95c969eb09086bbad373dd8ee80cacbuagvf,0,0.13657139241695404
16,d9ffd2f7f3cc1a546586701c2a6fbda24u9ye,0,0.9525725245475769
16,c89ad997f646e388fe375d7fe33a3727dzrh0,0,0.04715650901198387
16,0a43de0ab0a7525fec59ef4bc1dda7a2z9z69,0,0.6651144027709961
16,8acae9b2e5454fbd92fd0b3d79fe89ad6w2wp,0,0.0609225332736969
16,5b1bc916ca111874eda3bbe669957cb1d3mck,0,0.055176932364702225
16,eea590b4da2709c294e8db490f5997eadyc1e,0,0.06582406163215637
16,f3a249f6a5c2c88ddd8bccb1f8a85fe52xnkq,0,0.05913804844021797
16,1e3642857c10e72cedaf7890e3c07bfa8ibzv,0,0.04997975751757622
16,9b733fcc97535e27037c231858a711adyzvqf,0,0.09439180791378021
16,9ba7cbcf531c20ef7cc55a6da5c0654evwt1d,0,0.5472738742828369
16,260568e07963ce8351f3313bd7b9b0e2vonva,0,0.12727908790111542
16,c4d42d0beefe49d6157c546a2504f4db86hvd,0,0.04988047480583191
16,f019bd7ec140624144c4a9b40c42bec9jok79,0,0.18049347400665283
16,6be863f26f22cd79be272789ac7e9153v27yt,0,0.9244512915611267
16,a2b4df001b0e40a398f6d4ae9b316c0eix5bh,0,0.04952337592840195
16,8cc03b92898255ce4b096454645599ae5zoc0,0,0.08136297762393951
16,c9e1e860e39bb7d4dbf3c91c5d6c36c2dv4tp,0,0.12843681871891022
16,05ae7ea9549ae298bbbc8002b4229392e0ilf,0,0.0813828706741333
16,4d6580da346435dff2503c55ee5e0cf8wbkb3,0,0.9552364945411682
16,69e97e52dd6428671f46f2ab6567172d8mfar,0,0.13946734368801117
16,8ebc5b544d62622e45e1ee22a56265e0xwwsb,0,0.9529823660850525
16,23f9a0e1492c4abf375823266ddbe36bzukj3,0,0.06279319524765015
16,84c7bbdc12233f88f35c2c3b8f178803ta03m,0,0.049639374017715454
16,2fc0efdb6ff10d51e3a4d979ee52cf07p4068,0,0.308875173330307
16,ca5730b8dad8f35fba24b68c9ca5d445mp87i,0,0.07647517323493958
16,a32cce991a2f597f6e5a02605119f99b1dyq1,0,0.06421002745628357
16,40829191b83242ef1f380f90876cdd74mrqe1,0,0.04643420875072479
16,67616fd2a1de5c46e32041354efa88ceahbhq,0,0.9520223736763
16,5bb3c3ff71ef6560c7600c512128ffc8js7py,0,0.13270771503448486
16,eec2ea9d9b292a343f8ee566ba252baapagwb,0,0.08005212992429733
16,d26cca81c93b52ae3564aa6cdf33f5d5mkliw,0,0.0609901025891304
16,8e05310a342aec93aaec69a638e83a96aqyo7,1,0.926597535610199
16,a13da89a3a54ac9b4ced156542afca5ddyumw,0,0.10663822293281555
16,83a24bbff5a4cf9d9fb10391102708f1oqpco,0,0.0829208642244339
16,9d1506d6779356dda24ed87d41f3be39yn1rc,0,0.07338935136795044
16,d7b66d95bcfba06122dc6f7a3c605fd73239a,0,0.05695761367678642
16,50a4bfbac8a9653af4099ec1169f684c2nsgu,0,0.8999255299568176
16,24108e769a15b155bd2d63c58368ae5946zhs,0,0.07621525973081589
16,673650167f432c009e9dcd062cd4e9fc2szln,0,0.04949544742703438
16,cb557e4675bf4f36f93ef5599adff545nz370,0,0.2213226854801178
16,9685887173cc2e1e5ee3993832a4b153bfl9m,0,0.05768786743283272
16,5a823474f9fdaa129dea9fa690d51b62rgm7q,0,0.09814132004976273
16,d92c8c2d4c29d4c785431a8b34ea135awepbr,0,0.07441785931587219
16,c478f94c1323552e85aec6e1013ecba586320,0,0.954866349697113
16,e735a2301a18772a8276aa1f17ef79efu4yew,0,0.06389328092336655
16,49eaad86d095aa5af75ce34e59e4b7f1mmf9q,0,0.05700390040874481
16,e7cf764619380e5303089f04bf647f10thebb,0,0.05916367843747139
16,f01e3769fdce36d31eae85525827ab17xeu31,0,0.05963902547955513
16,6679d668a393f336ba9d1cb6a154e03aifmkr,0,0.05880988389253616
16,58f590a56f480589646d255d570b0877zcjw1,0,0.05556781589984894
16,1530008a712831e35a673d38959528f4ozipv,0,0.08816856890916824
16,af14436f293c40a9904d9f06a323215bf7zdr,0,0.07686025649309158
16,559bccfe60c7193963f09388fb681ea65k7dp,0,0.06264463067054749
16,f4294bb3abb69fa3183e7e851b58b278k83z3,0,0.1077125295996666
16,d863897264a7e52d9c6a1be6dc453c6c9anz0,1,0.953181803226471
16,86a626c876e7eb4be35f4f0b0a78f97a1rn7h,0,0.08714593201875687
16,90fd7b3c991701dee376daeb09a0a5b7kawse,0,0.08718835562467575
16,d8a4b49ed9ca241f025cdbd9637198fb71qmz,0,0.06803032010793686
16,7259271b61d2f05200eb2e1ab1d2ec911jlaa,0,0.05697764456272125
16,96b7bb4238e7ebb439d81d63db4c2796aoofv,0,0.05456910282373428
16,5ddf9ae899e629acf3e78141a9712a05a4feq,0,0.6480255126953125
16,18076726ec814a6f56da2cb9ea89d105j8vpm,0,0.06194497272372246
16,5771ce26e8b0fcbe7e90106955638b251qj2w,0,0.12474870681762695
16,80d8e3bfc8a2ecbf22614befbdaacf5fo6o5o,0,0.1434108465909958
16,5b0665172160ea4015e79dfbcfa7ed86oe0mc,0,0.476266086101532
16,1e13eba969b6b953688c9e945544ac4741ilj,0,0.0631726011633873
16,9a5fb8e2e5add29b006d789e4cfd1513paga5,0,0.14837375283241272
16,3e9180fdf158409adc96aceffab6e00bejjah,0,0.06596626341342926
16,5324221d38a79636bc4560cbcf2d75c4gimrm,0,0.04628745838999748
16,1d69e006699adba0c79ab06f2f622445nuu63,0,0.0625666156411171
16,6362c8d61774cfcb6ada7cea1be63678hxkfz,1,0.1850959211587906
16,adc548d88b9a307ce0b58a0d11d3ae14gcfon,0,0.10123918950557709
16,6b3cff1e3d9398d4c125e7bcf612192dy1gwn,0,0.1447686403989792
16,03aafab9868455b78f0723eda86698ba9v9rm,0,0.9419260621070862
16,78c82f2e8764bc8001354128f9265efcqrthe,0,0.08313197642564774
16,b258a38ef4cc6ea241b5473ee9badd32ekhoy,0,0.1340629756450653
16,4997f0d7074a1d9f8bedf5575b6a4372w7nro,0,0.08497557789087296
16,591ef8d73236d150c32716359a61ff2auk6y6,0,0.0645916610956192
16,942af1514033a612b203ec58f7894c9fv899u,0,0.10352125763893127
16,a0d080012ab98513e39234e4545e93be17tt5,0,0.12466437369585037
16,2540f8192e425f9fb921db30ac1bfcbas4p6g,0,0.2107412964105606
16,4199816cef8be846ca71ae752575744fimyto,0,0.9547989964485168
16,7d44df0d40982a6651a06cf533ef5dddtppag,0,0.9260500073432922
16,a46025d61131de18474aa6f167e04bf08w9x6,0,0.12035670131444931
16,898419c2d011d5a822e9ee07c387098ezpc12,0,0.07682541012763977
16,9196288f121946095e5c402fd326109827t0a,0,0.9530344009399414
16,e8f3ce0b2d0849968400b63b992cc606psoij,0,0.04919206723570824
16,bb73823b1c3f577402c9aa9eabd1e412vp2xw,0,0.9308481216430664
16,fd5cef3fe1217c6591500c715d71717anczcq,0,0.056650564074516296
16,100d406b638e84e2da7c31b03100b874qiay2,0,0.1475110799074173
16,c0e3343070766b359c664f93ca65040b6bh2k,1,0.5697657465934753
16,d3f595832d80988c2016aeafd125d8f072r4h,0,0.07178488373756409
16,06c281e31f83dcfd3fe70d2ee2d66bc7e6fw6,0,0.08726520091295242
16,db85fb5556f17b744938cdcc2e7ce9b5urspd,1,0.9039550423622131
16,06ddad46112881df154e3bda0e90fe880r57n,1,0.9507098197937012
16,3e995d6f9dda5f29c02af4c9fcb94bac0csrw,0,0.9231712818145752
16,e932ef68638c37220f4c2c386cf54578x4hpn,0,0.06721796840429306
16,2cc1c5bf18c858fd9c74901d8d80ab70ak8e0,1,0.9573160409927368
16,f8f87e237833c3279a953b785653b0e5qka8u,0,0.15179124474525452
16,d6fd864297177c38cea65aed8a45fb7bbp2e3,0,0.8883445858955383
16,84560dfb1400fe920a29ca2c728acf1e25eli,0,0.10440217703580856
16,7c0add0ef85bb5194e95ceaea737f90fyv13c,0,0.09413745999336243
16,655a95d80489d145052254616787cb84fwqid,0,0.09783053398132324
16,1dce9aaf9d6b9cba38f9c7489764fe30nlrq2,0,0.08292677998542786
16,7639039411fbcc6cf1013b247b2622a72g0r9,0,0.059860970824956894
16,67fd1325fbe3cd75a110cc80b9df9708l0w52,0,0.10378607362508774
16,0496c24a6a7f593f28bf7896350e946advl6i,0,0.06895357370376587
16,a3d0a600cdb44f03d58f27b19247cd0d4az4k,0,0.09813674539327621
16,30788b28de22d28938ecd7ed6795a8b022qm7,0,0.1329982429742813
16,36473d4c641c4c09c20c80e2ab35a36dwzp5d,0,0.07282138615846634
16,e0984156959c3e7cd05b7ec8ae239303inqlo,0,0.04676190763711929
16,70cc5da141baac4712163f5cd4bd4a50za0n9,0,0.9174374938011169
16,225716d7bdf8f90cb4a4b779c663cea5j9sqp,0,0.11228375881910324
16,2b2ee7d0ebdf910833b5cb173c567881jt8sj,0,0.13681048154830933
16,82ae4df0acf8237d7af1a790e3848645bp73e,0,0.06938254088163376
16,c34e1a988fb471e9eb8a5e84bb8ddf90k4hng,0,0.9442344307899475
16,ca28bff4ab1f6e74bf08b92e16989e11vn2mf,0,0.055186182260513306
16,3de66f8a5453943040d42e1e73f11eebll8h9,0,0.04997975751757622
16,c1d9c4c69367536d7b0ccac19527629f65025,0,0.10195224732160568
16,9ab00034c9b00521ce121adb5dd4aa15tlhc4,0,0.062247924506664276
16,c4709885ecca7b90dea4beb5dabd68aegk2pz,0,0.06934128701686859
16,722d1147768bdb5918584997e1f677e55g0nv,0,0.06854189187288284
16,7da6a36817cf2d8c3be218a32ab25550c8kg7,0,0.06344148516654968
16,14e29ea004067aace14ee4543876a06365os8,0,0.05702267959713936
16,6cfd573a82acda92e8207745bca28aa7lqjcm,0,0.07215021550655365
16,68546847f11f6415034b7e2263e8ece62p3ud,0,0.10751795768737793
16,7b22c9a323baf4a7bc7a3761e4a30bfajixmt,0,0.056174781173467636
16,e578807073c57556ce334044382a9b98iaz6o,0,0.14855743944644928
16,7ec5c7e2317a9b68e861060531588f76fpldj,0,0.13695955276489258
16,c41ea39b2e13b0fc9ccccc2546f924f1obd0w,0,0.17043018341064453
16,54957cfd12ec8c64918b6200ea25d27fsc9hx,0,0.06674692034721375
16,a3ef8289a92196b07e2e7371bb111e3aom07k,0,0.06772884726524353
16,445eea09a6299164f60dd11f23276b44rkt8q,0,0.1443958729505539
16,a679d00c30c269a8eca148458abb8665kciaf,0,0.04505288600921631
16,d5337c2d4b58426b30c8733313eb5247syn5p,0,0.055491115897893906
16,76f7e6c70f2b84d885b23e2b2831e113ueqo2,0,0.07000020891427994
16,d7eefaad31febe607c252199a7672420kl1el,1,0.9570220112800598
16,10f01aff2fc23653ca7ea1d74248357a889wv,0,0.06707344204187393
16,8a27b2e29086c0d2e589053537e88393zsyr2,0,0.14375311136245728
16,4c341a39553faef07ddb917ea4e069ed0yi3y,0,0.056368138641119
16,fb9b1e58ffba4b38175c11e03e51e1f48dnm1,0,0.06192357838153839
16,88641b0f22cf175876bfc4adc44c00f58b5rz,0,0.09559542685747147
16,783d5c219ff84cc0517f59a39bb98e18st85m,0,0.06375670433044434
16,c8f537f6bb0aa2d45da541a875f014358qm7p,1,0.9196726083755493
16,94c8c0f9c90820f28928caf5d122dabby69ts,0,0.08604826033115387
16,0e5ec5baf2e15afdbf5212d8461e1ad9h3kr0,0,0.05769318342208862
16,466ebf78d7326a38db1e19fdc1c70e9b1qu0z,0,0.08725634217262268
16,9a44bfde11a7b6ade17cd33a2b5102fcnlhm7,0,0.2229885458946228
16,29013ddeb60a18f7d3bf9f3aaaebae6c8651o,0,0.09313660860061646
16,9be39ea5a0612fae7bc43a25a6d10856l3qaj,1,0.566214919090271
16,67ab503313f60aaba89f64e2ce3b459fvyahu,0,0.10084719210863113
16,14fe3602f049d4574cdbdef13789647dsgtqy,0,0.12600916624069214
16,4038ae3276c0b47f420a5d73687fb73bghgxf,0,0.5790185928344727
16,76ab7c99de4a3141bf617bf30bec9feep3zuy,0,0.10370773077011108
16,5c5dbe70c2cb05d208c22d204146e1e9f3lvq,0,0.10137532651424408
16,cf1f2b6f29840e1ecbb31d18fb128c38bseas,0,0.9564403295516968
16,faaa98763b59ed5f02836d4bd682035bfhujq,0,0.08611036092042923
16,6c3bdc508c20f2f3871766cd73064c8cib3xh,0,0.05943238362669945
16,9655ccc7c0c193f1549475f02c54dce45kjw7,1,0.9136670231819153
16,35a02f50226eeda275b29a09acef2177k95eb,0,0.07277677953243256
16,6ab75792932fb1ea6fc74a18edb7888c2orvk,0,0.06264853477478027
16,98aa09a7ca13559a9e2a43fa2ba4d2b7klwin,0,0.0542227141559124
16,603d769a86a359a0d41118b47c0ab41fx7kz5,0,0.07065995037555695
16,4d6fa52e125a18f433db6e6603b58ec7k1key,0,0.04737067222595215
16,db12e9cad5e847cd7a40ec1ee649e475iwzqo,0,0.04997975751757622
16,7bb914fcdec49aa88c7310a3dda716aa9fb8t,0,0.050388965755701065
16,01c1c7be49cd6cfbb9075925a05c9899p41va,0,0.08313184976577759
16,24a9abf72cedcb421e831c1be26607e37zojy,0,0.064875029027462
16,a8b8959fe64f490d32fc15a5d1144f87qj9ai,0,0.08001688122749329
16,572c9964ca41ed055830845993fdab29p4f03,0,0.4670037031173706
16,d9d24106ae1ff4f5bc4ec3caf29d7bd2c2f5o,0,0.06017902120947838
16,fe27fe0815883aa3e1a312f0dcb45981txa2m,0,0.626004695892334
16,167008af05d4feaa636a565f6f83ec61a6ogj,0,0.044313639402389526
16,8725b0aa1a32054450c16b099328fbcbi71gi,0,0.08839878439903259
16,7ffd9b7b795d9335153d481fba4b3076plrxc,0,0.08378753811120987
16,da950a556200395a82e23e3bbfe1abb6xs258,0,0.06714978814125061
16,74149197c8684977e397ab60a6a264836b0lv,0,0.08701383322477341
16,c353286290001e0943ed9bb160145c42etrf8,0,0.14697644114494324
16,34914d163517a0cc4f0c971afb2352106vsvz,0,0.05605054646730423
16,fdf908d608a629d5ebde14819231878dojel8,0,0.04172418639063835
16,210ae8381324c41f7b49e95f1b7aed80z55df,0,0.10246407240629196
16,c9416e793bd0559bca3ad4a5194d4cd1k8eyc,0,0.05444825813174248
16,d144312f2f68dc33a63b7863911b2aa459i99,0,0.044675588607788086
16,ff3ae9450581aa3de5d2326f70e39d20w8fbl,0,0.07162225991487503
16,76ed824b414b5e690ff82e7cd2f5be52256my,0,0.9519951343536377
16,64f6b099082e4fb2e8da7ba4ae9abdead2cej,0,0.08138662576675415
16,078e06b3288cf8f18ab7ed44b245fc56nbyfv,0,0.0473024919629097
16,036a4050a5dd65e70f0f613ec2e38a74re026,0,0.1412631869316101
16,e76057d8bcdbb3d2f935c30849a17e4d7ordt,0,0.055130816996097565
16,679fe2a21415aa98a3cfb88abd0507edzjpsw,0,0.1057928279042244
16,1a09feff347553a2577983d7c742e3d6l2hfo,0,0.2656954228878021
16,65435e491aa69dd9d44d70a9aeb6e847oqlty,0,0.08854790776968002
16,fff2c070d8200e0a09150bd81452ce29ngcnv,0,0.10115242749452591
16,39b501f37dde9b055d627394964d3260qiktx,0,0.04726603999733925
16,3144ea2711bef53de88d89d71acd16c5q0bzh,0,0.055850278586149216
16,74582963d3774699f4215df7f2d17c1b6b4pn,0,0.09476524591445923
16,a6230fdfd4879433e36a76d53440f426c7a7a,0,0.06144649162888527
16,2c449b1bbbd5f8d9bcc1159b7bd3caa32jhtp,0,0.06451766192913055
16,4731be79b5c7e894dabe5986e747b97bd6yxh,0,0.10823775827884674
16,04636b6c61c80f5325efe61183e8edb01ko20,0,0.07126764953136444
16,f2f10539ed947e4b141b2e9bf21af65ecz4f7,1,0.9562298059463501
16,37bb1697e1c3922a06c2d2ea4138a4c8s6wgk,1,0.955935001373291
16,6c2488ec88e02bb38920200ece7d337e0bffy,0,0.12167833745479584
16,8fd35d215ab6530c2ef096c87233cbc93juwy,0,0.0687176063656807
16,19033960ac23dffe078a1217788bc720jvjbz,0,0.061779700219631195
16,7114afc59caf2cbaf6ec1733922065f3uz34p,0,0.04339249059557915
16,f0ce8b973cb8d6eef9221fd3d6698fd4kl3g7,0,0.06995248049497604
16,b5d61accc925a0e86ab7274e1ad82532gb1w6,0,0.10626798123121262
16,17e4d6d9a1f8ec00cec1d4fe79b059bd51476,0,0.0788859948515892
16,698da938f6fc36305616aa6f8affd53fobj5y,0,0.044793128967285156
16,71396d66a14f4ce0c96436456462863abwefv,0,0.13418880105018616
16,49f4481b6bc2255e745ef20ac2a720754r9mp,0,0.10749845206737518
16,f6a7e7b14d39804c7d15627e2fa384a1cq892,0,0.0982593297958374
16,caf32bc98f84a47829e76ffe104371f6kphvc,0,0.707154393196106
16,ad590c59c30187b772258a059d532db42tf4d,0,0.1341654658317566
16,9a272c3baede0633bab0e15ff98d207e3ldpv,0,0.1426781862974167
16,e588d3f7a141147e4f8dba29377144707vupo,0,0.09455634653568268
16,22e65b6bf73fab510ee814cbaeb9ebc1252mu,0,0.8437862992286682
16,e18ddfca4efb99a785c68ede9ef773ea8sfmz,0,0.09947161376476288
16,354d4abc23881a40b8f119225e0dbd09tk1u3,0,0.06735307723283768
16,70db4530c292bc759238b8306ff4ebb6n4l6t,0,0.0688219666481018
16,f28b5654b5633a0b5e3f757a16080116sjj1b,0,0.05846158415079117
16,4de568a9b480f0dcd3f2ac385121d75bbpy82,0,0.07066959142684937
16,69333c66e55cdd6cabcc6ae64531fc33w20n4,0,0.058349598199129105
16,b1ae4691fefd3d09d74096ec4caaa6d1v6tbw,0,0.0722886174917221
16,37d71b4ae830fcfa6f0c4f65ec386414n8h5l,0,0.07897588610649109
16,771f6754997a1954eced81d46348b4762k475,0,0.7994205355644226
16,ddc6dc00f416ce10f23b57ebf758c2eeawzjw,0,0.061860132962465286
16,c1c22607e7899ada525b74e757d248ac2b8ac,0,0.09742972254753113
16,cdf1fdd424a11dde166c4bf069d6998eph7b1,0,0.909582257270813
16,5f56908449455ee9670c7947614f7b4bxak3c,0,0.11381984502077103
16,786cb68d5d2012dedaf70257449090f2hfb88,0,0.06662265956401825
16,022ac3a7ce986049d9a4bede83ccf9ddctvg6,1,0.9565972685813904
16,4c93ba564461b1412df6f033c8ef71e8ck438,0,0.25624945759773254
16,25aca203223b4d9563f5b1a01aa3a21ftlgve,0,0.046718064695596695
16,424b638423f4862b2a84f22ec25fa22eb2c8p,0,0.1444915384054184
16,e54c3b01eab75ad3a616d56dd06ebef758ua8,0,0.08953247219324112
16,29e08b4d18198fe9265772fba3a4f6c4mj1rw,0,0.05354766175150871
16,61e4b6ad0fc268d42c330ec99fd8c939yb7t1,0,0.9373544454574585
16,e29ae1bd8e6e7dfc9cb43b1572d3d55ca0hc1,0,0.07559684664011002
16,235f78b13fc87c995c1f309403ee56bb54tu5,0,0.04802899807691574
16,2b5c4051f232c4848dbbb477c5ad7f389f4b6,0,0.14951129257678986
16,9f34ed261596a1114cefe81158c5617biq26c,0,0.9501043558120728
16,0181b91f58e6cbaa832235e2879c9c00ovrzi,0,0.08171378076076508
16,c17c63af831939f5e2fd12f65821db65umonm,0,0.9559016823768616
16,e0fecfdf4029d9a91664e703a178397718lyl,0,0.058932285755872726
16,15f34e73687d7361ac0d780737fca261g2s9n,0,0.5522223711013794
16,d1200a75b6c05584f4f902e74d3dead76cj15,0,0.0807456374168396
16,efa1611e96c3238913333b8525c6a196rvy38,0,0.09628449380397797
16,b7e0afcd391a22444eaa566aa527eec0x2yv3,0,0.05355958640575409
16,d2b8a15ae403dabc5aa752b205181dbe1lm57,0,0.07618382573127747
16,369515b3af4f8ca582f90271d30b14b6r52aw,0,0.06720449030399323
16,c806dbb2decba0ed3c4ff5e2e60a74c2wjvbl,0,0.07875742763280869
17,624f258b49e77713fc34034560f93fb3hu3jo,0,0.05808902904391289
17,1c5f4fc669099bfbfac515cd26997bd12ruaj,0,0.058350421488285065
17,4bee9aba2abda51bf43d639013d6efe12iycd,0,0.05923626199364662
17,7eaefc97fbf6af12e930528151f86eb91bafh,0,0.059271156787872314
17,d1be739798ba0745a1fd72ac918a9f1929hei,0,0.05830337107181549
17,d91a4421996dcf429f575e372915cdcedae6g,0,0.5795721411705017
17,880f542a275df1251612886d408b32e8m96cp,0,0.05651616305112839
17,d29003d7f3ec1f0e4ca9cc17e6389b4a4phcg,0,0.05676022544503212
17,b37b352197594dae96bb9219bf59d656oz79f,0,0.05692896619439125
17,d36857d18a397e7e24d05dcbef3b919ftjstv,0,0.055952008813619614
17,29cc13d48af9832e0eb481c8a095fec7mom74,0,0.057630620896816254
17,342f22fed8b1e90c6ff1a6b7bd80f6334w094,0,0.058477964252233505
17,e97becf0d4632035ad4cd5e65c827d6f0xawy,0,0.05732421949505806
17,68d468e15e0de0bab9694cdca8e799eb2j8kn,1,0.9426974058151245
17,792edafa0603516a57932e6103e9dd54ajar7,0,0.05877309665083885
17,bcf95b210295831ff6e20db3a570f909n3q25,0,0.45010632276535034
17,85be8fd21f41bc3dee86597d272825726bp69,0,0.05656920000910759
17,ef24ca4be7ccbd6ec68d4ea9f47c9e8ex1g09,0,0.05822446197271347
17,dadbcec8b02ac75c5935f419b318ceca1wwjw,0,0.059108685702085495
17,02bde521e763e4f4e590e8368149e04a96il9,0,0.058165889233350754
17,f769b9f92260ecf046efd05bf9ab6822j7c02,0,0.057312119752168655
17,87aa94042390f9267d3b7d90e42b022ek5mbu,0,0.05670137330889702
17,001068c415025a009fee375a12cff4fcnht8y,0,0.05921521782875061
17,cf33d05860b7f7d9af73c6091190b81ektz1j,0,0.6021628379821777
17,28c0d4c81a22958352aa742f7d74e477qwo51,0,0.05793656408786774
17,915ccac760c7359a446100fd1a54bbf6oyrzf,0,0.5753259658813477
17,75c4518eba20c9299a3a836d9905c327w6j8b,0,0.059136927127838135
17,5960fc711b544e2617d0f76360b69e2afds2b,0,0.059144437313079834
17,ae94687eaad6b410713db9106c42566axgn9n,0,0.056869927793741226
17,367edc726ba8e667973844395493559dtf2o3,0,0.062300264835357666
17,fc8e62e5fb69ba67265a3d0e3403aa3fr8c2q,0,0.6243481636047363
17,2e3b450b727fe3e888c85d52251fd33ffoi4b,0,0.055845893919467926
17,acf06eabed56f179cf32ab60b6b076820ajls,0,0.055913884192705154
17,7264bde42ef4fe3fa19cc7c6d64696cf7pqtd,0,0.7064391374588013
17,19353c42feb91a216885fe012efdfb11s2iu8,0,0.057601507753133774
17,20ebb9de648c6df989f04d07cf273c7b3yu8c,0,0.9446276426315308
17,6cd1bd77bbf2af6a2c6e535192af628by3h22,0,0.05941874533891678
17,090c77ac89c7063f0d0ce064ce3cb3afllf5h,0,0.059121835976839066
17,3be127c56b2de21dfcf2836f20afe249hqkxy,0,0.05760490149259567
17,8126928a319468b6da5edce4097d2398xwita,0,0.05603871867060661
17,2c31770e98fc9fc7e0f1fee6207b5600c0e10,0,0.9106913805007935
17,c7d335bf99b9c71fb22797ecbd78b92ashv4h,0,0.05734456703066826
17,1af4685cda2979a608c4b6ad83473774qgicn,1,0.5304811000823975
17,ea0e5f7d93f2220a62bde8067f26daaa7oxgf,0,0.05645723268389702
17,8ec8add138ed551bd5a9175eae0cb972ie0pk,0,0.05726785957813263
17,e561facfea467ea124df0111e041287ctvgwn,0,0.05929948017001152
17,ef9ce9b85309d7d1044ce57055705bae8pqlg,0,0.0658867135643959
17,b8e47f06aef714b37073e72ac40a8100mew9c,0,0.05848279967904091
17,d6d68e218a6cafa246ed31185b09e1e1fsu8x,0,0.058477651327848434
17,01a39439e7afbdcfe385eedbddb23d76zgdrg,0,0.05772015079855919
17,7dc423d0bbfd840fa0bf75203cd7bcee75kmh,0,0.058890409767627716
17,1291b98e40353f77928e363d54a13c569bhfb,0,0.058962173759937286
17,c600968815fc32b20e0519ecfce5b648en2wo,1,0.9434607625007629
17,64e802fa8e0c17ec2ba1b6425648b7cb7ndkn,0,0.1508655995130539
17,b64c209b3d1d91a663d134961af89125u0s9a,0,0.058165889233350754
17,0565a780f2c5b46837bbe9739ef15ea92fdu0,0,0.35829558968544006
17,81a6dd18d43cb3b1999176eea563b438roe7y,0,0.08356973528862
17,5e611461283a5c3e49b5bfbf9c33b7391ce3h,0,0.057783886790275574
17,aa8aeba2bdd0353a108b9b26f12ed59559mvz,0,0.05815109983086586
17,e7a98dc8545eb429007cb48799a40a2dc9p6o,0,0.9072180390357971
17,a2d0b7ec1595325cc63777f106e09fcd88y5g,0,0.059166330844163895
17,f876e3be4038da62f49234ee498feb732gdcl,0,0.059045352041721344
17,205c519be884c5b1c885f61c4ba8738a737qg,0,0.7445111274719238
17,3a8124eb9fd3977e43f5e0762d9a09d536rob,0,0.05793114751577377
17,f61d93fddb01d2d89a85a132c649aa90lj1z6,0,0.05817466601729393
17,cf456f3c8c409ec4060142acfdabb5bbqpx7q,0,0.058012451976537704
17,7b93ccc9d5730b561ec5fa7f4bd48c04qudf1,0,0.7317126393318176
17,f0f21cd3d51b7a233988cb1c3c5df977zjqkj,0,0.056485630571842194
17,cf9a1c3af63d1bc3f55728b4a06a5f46njrac,0,0.135652557015419
17,29544507566320f1125d8e9f9a0ab3f2jswhk,0,0.8645058274269104
17,6f46b3e231003daf21108df4624afcfdaaswv,0,0.05823395773768425
17,1680f758aecded6e25096b3a6199b38en6n73,0,0.05725773423910141
17,e22528ef6a439aff5a8b19f8c9b07c19fyzs6,0,0.0625661090016365
17,d9177cca9a1bfe3478cc4f11a0d57de2p8ahp,0,0.05910931155085564
17,1b0534afb7c02bb023bd4767ae73f17dqzqdu,0,0.8412911891937256
17,fb5a19240e36ae12aaccc1e9d9231144l32hv,0,0.05764231085777283
17,300bb4c9816a7064b106c9c6cec2f51ei13n5,0,0.056722234934568405
17,340bc29eeeb9b9d04eb1fb72a1a9a2444brgk,0,0.05684325098991394
17,7f86c3c417ae1db5bea10bf9d0a7827ct3ni4,0,0.8268718123435974
17,c18cfb38fe1c4c01705391422177265cn9w5x,0,0.05912619084119797
17,4a2d5b70f0fcec3ad9d8ac4b447efd6f3vs9c,0,0.07554864883422852
17,dc752fa41d974bf688d25ea9d18e9a2eit904,0,0.05577114224433899
17,5c725e840bcc103bb8d12c54ba9a0b37blxvw,0,0.058463435620069504
17,eb2c4b4493f31788ead745533e0c9a18xzzlk,0,0.05536087974905968
17,35a89119272ca55d7f602689616b58c3pebir,0,0.0586189366877079
17,b42ef139c2dfbff8356e8886d2b109e06riso,0,0.05863604694604874
17,3d54d594ffba32e8d6527a688e7227e30iq3k,0,0.05740182474255562
17,11d7f0a5076649b229c301a22537834e1ehwg,0,0.34226101636886597
17,4f891171f7b09f54d8b4f30b48421f178m75r,0,0.4305402338504791
17,e67abc3ba39537cc640678297a7c5bfag490k,0,0.055763158947229385
17,e24542c1bd46a4a0f98b0fa95d8fc40brecdx,1,0.7895650863647461
17,9b51afa3c3a736bdf93bd1f2a7b0a0903c34w,0,0.0561450831592083
17,39f9dad880d32ee607af7571ec24807bn1g2d,0,0.0710175558924675
17,f04748a1437347d837a65ce04ee7d94enqhub,0,0.15950988233089447
17,c871daa6b709e008825b667b05efddca04jbe,0,0.059392619878053665
17,37921a9d842612b3b0281f7098d0002539xrj,0,0.057892389595508575
17,c6f07c222aa3a9d35b0e01f8959ffd21oownr,0,0.05813893303275108
17,86b6207b5e87d58ae307bdc1545a101akz0ew,0,0.058132339268922806
17,fb6814db96bbaf61f42270a85f0f62adunxft,0,0.05792867764830589
17,4c2699de8bc9516b09c5e5c8bae6d6c6xiry9,0,0.057173099368810654
17,1c66f261724506bee45dd18a4d221bfeh1687,0,0.05792591720819473
17,584d1d60d357a4ee1fd3b0a6a72de1dc4rodn,0,0.05876933038234711
17,392d936106b75256632c9dc83c4f1a169bke9,0,0.055202893912792206
17,55d0b2506cef6464d799879b65c6ba29hjcv3,0,0.2619399428367615
17,ec0c9e98cdf302274974ad212477f851iw35b,0,0.5214592218399048
17,a664b6b42fd48403fbd34800063fa50bz6k4m,1,0.7447641491889954
17,876b122982958678f14bb25d887dd79dun3qa,0,0.06139005348086357
17,ce22684df495e376e32ac95d3ceb1164t37l2,0,0.058772873133420944
17,37ebf34eaeb8a434976416c34ed5c6d8ywyoj,0,0.057742394506931305
17,790c497536a2a9fe080c3b2ee6d5eeb9caiv8,0,0.05786237120628357
17,45c3a73b88760d4390f42ea4fae97d84la5wh,0,0.05763781815767288
17,0318e0a173f7c65db40116b903884c854x258,0,0.5725587606430054
17,6767cffbe2c0957492aa451560655be3hjd6s,0,0.9267483353614807
17,40ef6a4a0c99b478fee1c93f4105b9d9mh9iv,0,0.059217050671577454
17,cb9a75312b809291306c6213ed5dc67dw31qz,0,0.7166306376457214
17,9aca61f505f40a3b4f7865c2d00e2418s0e1f,0,0.4915049374103546
17,d7340ee3c04e600c31fd2a34c760f7e7d26bn,0,0.056016888469457626
17,d8ff621bc161b09d9192c445f4b3be7b8xow6,0,0.05755985155701637
17,3d48fb12020c1a81a65fdba2d75caf0d6q2nc,0,0.05726931616663933
17,f35082c6d72f1f1be3dd23f949db1f577t6wd,1,0.05942795053124428
17,8ea020a1fdccfd726f74ed7e90dc3400zy9iy,0,0.05534825846552849
17,99bfa04865566ca88573ebfd3c7fb1f2c64cr,0,0.057238269597291946
17,4073de52fb5c46376dc3cac6b2f2cecdxyqjg,0,0.05892378091812134
17,b071545f5ad73150880c42e780d951bdzvxn7,0,0.5383714437484741
17,2eaf4eef52d5b17615d08bf77386fa42yotej,0,0.8742735385894775
17,fb7c9b1dcc3b44dd69e42a84406117db4t4mn,0,0.05633101984858513
17,cbc71ae3c3690c89485eda3f08b9bb51rqrxz,0,0.07853130251169205
17,6b85d622dec4fff284d55895eba9969dqlhu9,0,0.05756577476859093
17,80bf6ab93fbb8316efd5c0b42d4b46c83qrdn,0,0.059131622314453125
17,6c0212679f2439c4113386b2c6ef513e8wr8p,0,0.637121319770813
17,aba1120a5b13cf72c1d52c0dac8aafc67nmoh,0,0.0580136701464653
17,6393f55c093e04e6e608e1ee8be9c3e28omjd,0,0.05770274996757507
17,aa7e36069de119ee3ad7c4d8c925fa3ekrs4i,0,0.056252531707286835
17,429f301119adc32d35541dd4d60903563s7nr,0,0.05582840368151665
17,54e279a4e162af7fc55d640aa62d0cbc9hxil,0,0.6120190024375916
17,bc7722baf876d0735ddc885691eb687bgz365,0,0.09093466401100159
17,34cc283e180fcd4902ef8758714c6d83th4nf,0,0.058949194848537445
17,61a4da78a5aa5bebcb3e9818a46771766gtq7,0,0.8767889142036438
17,38125387ec30412c438280af8931254dmvfgb,0,0.05742070451378822
17,fba0c76970a464cfa9c043c906442f0eg53a2,0,0.05878301337361336
17,f8c42ccd10c3fe515e53082f0cde9a18oxgws,0,0.8115419149398804
17,6e18a078182a21b8522bb69a822cc338in7rn,0,0.05602554976940155
17,a6ec153fc7002cfd929b9f7199914cf75upgt,1,0.6098616719245911
17,f334d76f60cae7c67ab04b9e5cc49907hqsc4,0,0.0592304989695549
17,3128932859bba46f57cdd19579c42e05lif6h,0,0.056290045380592346
17,4c2af41637c123c78074e46a22526298vol9h,0,0.05779975652694702
17,3d48d4b09fc7559bb6c129fb65c133808brgv,0,0.05884825065732002
17,c8e474ba549fe924bff9d3f585a9943cg9aju,0,0.05867169052362442
17,1bb03cdb913f203f704caf8bf6840b6fbpigb,0,0.7791130542755127
17,ae6758a627a111f6d6b530b0154c429566o4k,1,0.08576972037553787
17,84d75f71a61667cd327367453b4c0d2frury9,0,0.05746759846806526
17,f27321571b5b6184e86acb6203c766f2bsfxg,0,0.057271119207143784
17,d2fc5291537a61882065e571c21e796975uy0,0,0.05867394432425499
17,313bb0007cbdd82f326d58c96847294c9hz4k,0,0.05738425627350807
17,a4734769962126673e975a627e930b5fgc79n,0,0.05650108680129051
17,d645e4b8b043a18bb1c8689572ad4fe16q3np,0,0.057966869324445724
17,d1780c224460a0c20d5c2f5f68714c5264xd0,0,0.058165889233350754
17,efdf59a8ca81c5d3744f9121ac8fd2c7coy3g,0,0.05682586133480072
17,e429d13bc2c7acc82d8d68fa020546c38v82z,0,0.05885690450668335
17,c41f5fb84d9f9e2456a5264c79919569vrhau,0,0.05865168571472168
17,b5a92183d20e5ca98da4065c874e0b9dezbhx,0,0.9270524978637695
17,c72012c8072e2441b3ba8173205cd298cde8a,1,0.06945255398750305
17,98a5197faba8ba72d6ee9e1c95d65d737sigb,0,0.26749005913734436
17,f19531503f1485a3014189a80971c6fb0d9fu,0,0.056535303592681885
17,06b2d71c26ef3b6e29277f761cd0db90wuwjo,0,0.05875835567712784
17,631f923b7bcf91f61a2e9f96520bd8c8vtl14,0,0.927518367767334
17,f73eb6e2e7a872f97c715ccdcddac77am8bq5,0,0.12067177146673203
17,4c67576a6f30a158d16d790a7fc482b0zqxue,1,0.9210901856422424
17,45fe4f0fb849e7195a1efd5495d1285f2culj,0,0.05807856097817421
17,23af639c0bd57bfe9bcf3b16973d58b7666fe,0,0.05852653831243515
17,3312b8e73417810a88be459d75fe9bc2xhd8v,0,0.058252397924661636
17,44c38c27b9de757c8c7c05cf07b7e3eb14qpt,0,0.05883163586258888
17,c59f4511da2e8dfbf02668a49bc391895wk3u,0,0.05910859629511833
17,7622d7085237d6b73d08e9d70ed11fe3u8mwm,0,0.058320604264736176
17,9a12aa1aa3560062c6f84bd374eb5f7f422vq,0,0.05757812783122063
17,bd29e36cbb063cbb96ece76680ffd9121dy90,0,0.057740695774555206
17,339b8ca3185dcaffbc3ebdfd960020e8es0as,0,0.05691847205162048
17,7d8d3493942dc13742444f28626c5839axjqd,0,0.6470763683319092
17,f7e3635c9a532fb9a60d6eda6eb7c7de3uqs2,0,0.07350334525108337
17,85ac49e7f93bf0e20323de78362bb4aadnwia,0,0.05635562539100647
17,b7630ee9a73e7ba6f11f7717b7f03ed4be2hb,0,0.864180862903595
17,5d5816d216122786933fb74c459f35fc0vnac,0,0.05671802535653114
17,3ef757c3d6a272681c69bbd7e071b705yzt8t,0,0.05903763696551323
17,b416bf88dedd6ccdbc3a2146524500258qdzz,0,0.05805491283535957
17,3cab5bd983f5be9c16789b6c14bae982nhi9c,0,0.059178225696086884
17,0817731a4d2e319f6f771da3f522b8bfv6njs,0,0.7997155785560608
17,dd76fa7a75bd0e1921f71d255a8e0853l4lbi,0,0.058360956609249115
17,a0aeb6de8a21a5b776f63530ed753fdb34k7y,0,0.4162876009941101
17,309f446bdb138faeb18072285ccd9901gz80c,0,0.37406644225120544
17,4dbc8d336dbe0241c9bbb0f3630f25059yo43,0,0.05918830633163452
17,54379b25f1f35d9df78da9cd774cef74u5wt9,0,0.05826840549707413
17,63c48b70d37dee5fcfb26f94107ba3b94d90p,0,0.05651814863085747
17,fec57d2db5692eb144a71aaa35a11b58delkw,0,0.058106619864702225
17,36f52ad1abfd307b73c9b69cd5197dddmmxgr,0,0.057780321687459946
17,4ac31aea605d17045ceedbce23eed239omved,0,0.059420354664325714
17,8d638f6da12614d6b369249410c3d278n8qme,0,0.05888770893216133
17,aee383561c0019dc01552bfa5263af8etbuc7,0,0.20040176808834076
17,9375e98d0810ce9119ccf45300249636zfpd9,0,0.05737302824854851
17,01cda526658455000913950f20cf31a2q6nsf,0,0.057020481675863266
17,c963c2dcbeeb0b7051bd3a6a87483ce6i98xx,0,0.056547317653894424
17,92ce3c44edd41ad3222481daac1ead35bouwj,0,0.057407278567552567
17,6182daa56cb0623719228c9e576b71fcpg8r8,0,0.44464194774627686
17,b729f60d26fde89a01f3fa89759d6b07t0ec4,0,0.9013845324516296
17,5fc9437841f1dbbe63a3a933c48472fcohutg,0,0.0588751845061779
17,e2165ff862178c7b2946f7f62f5a3e51wcvaw,0,0.05904220789670944
17,3ded667003605eb856ed1aa2b82c1732gtma1,0,0.0547901876270771
17,332484ddd66b9a3db89ee68f08b1288amq90u,0,0.05545226112008095
17,f5edfebe95b4f637d1bcceb892b73dc7rhn7l,0,0.8743091225624084
17,6a2c4aeaa17c2fcf20958803a674f101vlxw1,0,0.05650557577610016
17,28b4c35bd90c81ca959da328806469d493mvj,0,0.058782756328582764
17,5aeb71cdc92fe5d1c4a4e127d7ca7783gzje9,0,0.05905500054359436
17,519c0f3b989c8e1781e0910f685980ce15wzr,0,0.05964258313179016
17,37702159c6cd2c1a21cf66600e96cdc6rdbff,0,0.05877436324954033
17,8644c9765c64da22776cd67eefe0f498u3aaz,0,0.06004087254405022
17,6ed39d7c89fa2d423017cc9811f0c469i2157,0,0.06936666369438171
17,fdad47d27b793b74470086c35333d4fepycsl,0,0.058988332748413086
17,e22850afda081aba360cc18e2a9021caqjjov,0,0.05739685893058777
17,30c3c92cc9408f55cfa895ff8a505930a3yy1,0,0.05690239742398262
17,171fbac128e6dcb51d0f07cf7ed8bd3er891e,0,0.9177660346031189
17,fbacab353140582a4b8ae3412eefecbc753vs,0,0.06996200233697891
17,a7c910e7c7796d979aa9a7a31d74a8eaqsapx,0,0.059150658547878265
17,b853c1e4d6a4657d35705772ca6cfdc3qtox5,0,0.05911721661686897
17,a8c2410eb81513da23261a49135e4eeacw6dw,0,0.05923076719045639
17,4d1542974bc322859d3d099b8c5193felot1k,0,0.11527325212955475
17,9ae9782ecff93ddf1c6fa13d711b9fe1gc266,0,0.4097321927547455
17,08353687608279ddd83e4d36fadd1cd8ritj3,0,0.05881059542298317
17,f0fd9f1b3fc9ff10c2642b3bf81946e2rsq48,0,0.05631227418780327
17,8e0462410d727b34290fec10fd5661761yc8u,0,0.06442772597074509
17,6a97f70ba29a04e77eb3b137e157070dc2mqc,0,0.05876404047012329
17,4ed4760782d4e2c65bee8cadc1fcdc89htz8b,0,0.05675342306494713
17,91c749114e26abdb9a4536169f9b4580huern,1,0.05875300243496895
17,ba266f4898bf572447ad65856b362595yjt2a,0,0.07417751848697662
17,86a34cdbb975c141eea1854b10dbf1c8seom3,0,0.05742236226797104
17,461c1d143120270fff5ebc1b91934951378ud,0,0.05912833660840988
17,8f086b809805064f3c4a5dd48327c0f51yplz,1,0.3061120808124542
17,c503bb79d4f3522f51d348c680906c1bs0w7z,0,0.05869190767407417
17,5e945cce4e72950e0930b2700e77fc8eq2abo,0,0.05860394984483719
17,ae0dc05e48d0f1e3ad33f37b4400bd069jktv,0,0.0587988905608654
17,4b32495335dd238db6285f7c6bbe051fv1qoe,0,0.05935848131775856
17,e7445f6107c8cd3783fa722c7dd29fe6rcd3a,0,0.05748782679438591
17,ca68a41b3a4062f154dc1ae8456cd792d6kp1,0,0.05704266205430031
17,1ccc69e376c95da9bd569a5d1a176874ivojs,0,0.056735262274742126
17,2e07d37dd022e72ab04da76f51edaa13qk5rv,0,0.05864191800355911
17,59cad1329d42bda3d678bae082bee7edgvt7q,0,0.0583348348736763
17,870932eabebfc108296437c303db6055kc3t4,0,0.05808164179325104
17,372bf02911448b7f62cc861074a7ac81y0jsn,0,0.05919712781906128
17,fb200accdd0411e96f1b0f6d6f6d4f52rgk01,0,0.057846348732709885
17,d428139761f7b7563d57bb1f87b55876388j9,0,0.05853104963898659
17,bdeb5eed17a812d2c47176e30b8553ae2k06g,0,0.05932505428791046
17,142a2545c5c01937b05ac6de9773f9efgx0eb,0,0.057682398706674576
17,21c5f4fff051adecaf1b080fbf910ca3dvi6a,0,0.058040156960487366
17,0d1815382b08885d76c671ab600133adeyp5e,0,0.5565325021743774
17,1df5be644b8963750305092eb8ec878ayba4x,0,0.6674328446388245
17,05c9fe8f8852ea069a93dfe39fc0571er9mdt,0,0.055017631500959396
17,5c2e85ba72b9e9e16f77939fee7ffb5eivaqe,0,0.05810026451945305
17,02cfc97e8fded77671e71e1951723d5fwz6a4,0,0.05794471502304077
17,bd85d0d7fbbfab49136c241bdbe119dbgkuna,0,0.058103252202272415
17,3c37de5e4321388ba706233d5ca4a0bfp7w67,0,0.0591106154024601
17,baff2ce04381eb1bc4747d557bf52208vqmby,0,0.05682831257581711
17,24029e6b641077ab7b9a1fde11a42666pkz6z,0,0.8969202637672424
17,58c2b44923882a8252963e78886adaefh7hnm,0,0.05914470553398132
17,25f1a9c0c83eefedfc2c1589e763c2a3is1qy,0,0.058463502675294876
17,83e8aa6cb15daa745c75ba3c29a2f646zjw33,0,0.21689803898334503
17,4579226b86f3ca5b5ea1597efabae4c42j4rw,0,0.05727178975939751
17,74429c9ce8183e2b1b89600e6de4ceea5kn1t,0,0.058809857815504074
17,8a3f5e16e4e689897d872716efeeaa0904tyl,0,0.057979483157396317
17,e833712b1e29ffe74517e2dadcb4f2d1pt5t3,0,0.1138724759221077
17,ba194af5111cfcf1dd95eb36160c728ds4kcy,0,0.0580875426530838
17,a961ba95d1685705953ace49a29424e2ld1ek,0,0.05630774050951004
17,45e4c7fe66077b5b7b338f19f476f9d85jlk0,0,0.058535221964120865
17,ac2d643e0c0d3bfe8e54e5a961c6cfdb5xn9v,0,0.556515097618103
17,a945c65b19da56d0c7358d8858fe14e8ulfel,0,0.6780745387077332
17,f725c5b4cece8353da7a636fcba0ecb5yxshd,0,0.7279537916183472
17,88ebdac47cc2623888e0bcdfb35b692ejrbvv,0,0.06065495312213898
17,88acd2e23ea6817d9d9fc28f38a8d1aftqssz,0,0.06207812577486038
17,a37b105534ddcabb169f6ae3ec928d85slw6z,0,0.05886765569448471
17,cab7ecf98fd0489389a3a8d3961defb3k66og,0,0.05803486332297325
17,a027780df5d0312919d41edfd4947f27odx7t,0,0.5658842325210571
17,459ea22b6b51936d0788de9f78a3547bf4jrw,0,0.05746757239103317
17,d810a7956e4d9fbc246d585ce84e8ea0750b2,0,0.05909610539674759
17,041d869edcadf595b90e3b5248903183pn754,1,0.9206033945083618
17,c89d56c06803b8c6316a7c906604c64939yri,0,0.05747005715966225
17,462df7ecf1d47980dea6a93d44fb408d4u2d5,0,0.056801099330186844
17,74487d5ffd5c34de4fecaf9dcb66f86b0wwa2,0,0.28727227449417114
17,a262e805f766306f4adb38211abf235akxqh8,0,0.05675138160586357
17,3e0bbd7d75cf543a56919ff5069b31a9gcbql,0,0.05625881999731064
17,96982cc1eefd6f526b512755151227c3h2w3l,0,0.056285981088876724
17,96f31c5b3baa8704096cc8d4301b4c96i6fyp,0,0.055469054728746414
17,f5ab013f90cb8890d33c6a309798204155q15,0,0.05884517729282379
17,bf65e77ce8676fbab6fc78b70c50f05a8da8a,0,0.9363210797309875
17,d9576f0ba8c7479eb2b26f0d15c4abfayk5ex,0,0.058346740901470184
17,eeda0d135495167db9425fc5fa3a5e3ex2zel,0,0.05879348888993263
17,fa6bfb4a2156dc8e73a713cdab85bc4bmcmwr,0,0.059110138565301895
17,531d4a209ec0cf76c9337b42fb1c3d9c9tcuv,0,0.058079224079847336
17,ec86220eb6ce57c91a02a7356b342599jrcut,0,0.05574122816324234
17,67fbdc4209a1566288acba904a2b5a7ee588g,0,0.28046998381614685
17,bb43fc12fbb0fd2b2536e4033ababf59exffy,0,0.057754162698984146
17,d7e83a95a05308d4fae6428bb9073a7bg8aoa,0,0.05888858437538147
17,d4b2fd8f5e8e02b660e9803cbcfa6cf2t5szq,0,0.6704559326171875
17,721e69fd30e33488bf82b7e2f9c8cee28a9ea,0,0.057441260665655136
17,51cf4dc8898554aedd8572f97a95ef5cpi3ct,0,0.12712544202804565
17,715ee2811c764d5c58aa228ee801e518gqvli,0,0.05684680864214897
17,e8b82b8640ecdd154eebe6b36ec63f0bdwhc4,0,0.056376077234745026
17,79794d93380946ef72e95f55b4abc008hsns6,0,0.05676746368408203
17,8c09f4afd78059d9200cddc435f5c48ceph11,0,0.9387127161026001
17,3c77ec9f79f6febf630325ef84f2a0bcl3qg1,0,0.05791229009628296
17,f0e1c483773c2ef8466d152874872139e0wcu,0,0.0580219104886055
17,8c412ae875b672f18073d643c74f9f0clzbyw,0,0.05804279074072838
17,953e01bab9ac8786b4bfc77d183732bbqw6ng,0,0.08506394177675247
17,cb705744a588c18087921e74e68cfa10oev6i,0,0.3725197911262512
17,820dc943d26965d377be315497837bba5iz67,0,0.05813148245215416
17,6b0d09889ff4889deaabd5f15b3b34f1jxl6v,0,0.05704880505800247
17,400e8b5b5447b4d11e06a8bb0754d8d6l6xoy,0,0.05919924005866051
17,8066d0a6ab30c52b3ddca5da19518b6188t23,0,0.05624927952885628
17,683833b860c003e6c31c521c9cdb49a1kr6b4,0,0.059142328798770905
17,1bb7a8c04e70386f5496322158e9fc3ef6d84,0,0.05791464447975159
17,ac9bf3a07831666bde4fefb75c184adekbrl0,0,0.05749160423874855
17,50859deae0e0a599efde1725cde3a8b8dw86a,0,0.05959050729870796
17,0030a2dd87ad2733e0873062e4f83954mkj86,0,0.05875537171959877
17,c4294be0db6b5c9357ae5e2e7fc8da9489qpc,0,0.0574563704431057
17,664adb319c2be43104b6565a8ff293dea0f01,0,0.0584167055785656
17,eaad20ae39d343daf76adc0b1a4984faumuzj,0,0.05690731480717659
17,95ff2833eef5999a4f3ba4a7684d2b26a6v9j,0,0.057690247893333435
17,9f9dd5c179d357b53f145ae1e5cc941f5qfuy,0,0.05769738927483559
17,227bc0936837200d0aaeb444ab8d5f1axs8zr,0,0.056749507784843445
17,4950352b0410495ef65a92b08b5be463c20yn,0,0.058806441724300385
17,0ea26a4028ffc16d9a8631d43e1b92105auao,0,0.44724786281585693
17,ef415b2bbbb81ed33cec7242678975d5m5qk6,0,0.05720418319106102
17,5201935b289665a197e38f747882948fjt867,0,0.05741212144494057
17,3714da7069a5205137cacf89ab3a136ffx2u2,1,0.8135149478912354
17,c616385a2762ecfd8e4ea16d8a1f2596qw07a,0,0.05861308425664902
17,1982c4b164171180d480166feae881ecmxsgl,0,0.05827973410487175
17,7e8650379cbcb3ef8f7f6aefcd678067kzbdi,0,0.05890883132815361
17,317d3e44b2bcfdd7293b84f82f44b8e31hx1r,0,0.0592677928507328
17,40fafe756c4695b32df7d19d4c710dabvzr79,0,0.058165889233350754
17,92a63dbb8323426833b944a4fc196fe27pzha,0,0.05859195813536644
17,1456b44d8b2b16cd94278137269ceb11ns7wy,0,0.058283187448978424
17,76f17ce227e593aeff456fed46e36c83a3j72,0,0.5823898911476135
17,46f1d7df0a8ffcc10c3de0dad8979cabgr9ig,0,0.05939850956201553
17,1275d8a6a3b2ae9d24b50997397c254cpuuzv,0,0.8090875148773193
17,00cc97158e6f4cb8eac3c0075918b7ffi5k8o,0,0.059125255793333054
17,70739399d69a3b7ea9e72742dc728742zp9uf,0,0.059108562767505646
17,308def7f05575db9bcb6a67207d6c1beb2cqt,0,0.05626127868890762
17,ec96b5b27dc870c8f59ef11b7371b06eenaox,0,0.05598743259906769
17,0f33df2513a519a35c8b3dcf1d7c7416jjjzk,0,0.903498649597168
17,dbdb69d0032b0a251469107dd565b6c7irr4a,0,0.0575871579349041
17,91b8febfd1f556c06838992814e7653cr119e,0,0.0579807348549366
17,cefd0ed907595de146c91e6c26b8ad658ilo9,0,0.0567517951130867
17,3ef2325f8b68e1c030547a2a54ea6b98zwa2w,0,0.05911218374967575
17,f3d3c913b225bc6cdb98c60f0936f7cbj8k3a,0,0.05837235599756241
17,eeb7e43d894af9161f84692f2bf9570fdryzr,0,0.05886656418442726
17,a46046f129f3526547aca680877fd8c7e6tfc,0,0.05783868208527565
17,6c8ffec692e88d81e1b18d47818abb04v6llr,0,0.6093563437461853
17,283987b9f1ffd4514757483ee1f01351xd678,0,0.275032639503479
17,3dbb502d9d6f89b26f62cc804df54dcandhp0,0,0.08731503039598465
17,c780bc2dc7ab83d5e5c85dd13f0f7fdecfxjq,1,0.6122525334358215
17,4ef4b3e5727dc85f18aaf00ff9a1e936qyhp6,1,0.7926973700523376
17,baf1aa59ebedbacea2ca418c5aa83888imys2,0,0.05861050263047218
17,c910efe1f135b08acc32b2db162362033olvv,0,0.0582369789481163
17,5a6376f140f05274d6e0dc888cbeb89eukxkd,0,0.08138429373502731
17,44bfa21b7d497f097a594c8861d4f8d4w5e97,1,0.6046174764633179
17,8d500e174fc28d494482f8ccb9438608zd51s,0,0.059203676879405975
17,bbd1d48ef4e8e7e3855938755275ad2b2le9g,0,0.05614533647894859
17,1fcca45fdd3d1d3638821f41e032f170en3h7,0,0.0580129474401474
17,c2e1242ad5ea781923a08987d55365c69fii7,1,0.4983553886413574
17,6d1354e720cb9ec90e19e29f5f895669qh6g6,0,0.0591127909719944
17,6275d51c0324547faa8a87b499812268tl90r,0,0.06528761237859726
17,21fd0c468438a483ad1c60cfd1b84b850iyjv,0,0.07210437208414078
17,e4bee4e53a19aaf71e0ac0e3be752b2cz3k1j,0,0.06500135362148285
17,4d2fc319ce6c2ad370052e0f6f2b0a1dxiyau,0,0.0564785972237587
17,681b4f9dca9e70441fca4a58c05b0f50skmir,0,0.05809030309319496
17,c1859303603734d90d1a91d80977e14echjim,0,0.8130818605422974
17,c128bfe7aba668d71126d51b32428c01tkq99,0,0.828569769859314
17,4641b5a43c7a2496ef93af2ca590d2c94s20x,0,0.05711954087018967
17,83dbbc6c5c7ed95048ffa9427d807692339oi,0,0.8412669897079468
17,c83ee624c46235430ad4338278f6d270wfzre,0,0.0558159165084362
17,fc16993f1fdbd5fa8f8ddd72b40442f0qwyo1,0,0.05911910906434059
17,3d7bd741177a712ae0417bc4f4a37bcf9jo2a,0,0.05920187383890152
17,86e888c2dafacf13580a1211abf50961w6foa,1,0.8331654667854309
17,c41cd6791e262b44d26bdb3443fcfba97wlm3,0,0.6909387111663818
17,ccf30c9533a66f22f1c65910ae1bac1a1fs05,0,0.9292177557945251
17,417adcdcd7157e75c66469c07208af00qjnuo,0,0.05919673293828964
17,f4189a40cc622eaef015a19d75d9fe21mylhz,0,0.059418465942144394
17,f2ea6d89dd9897f0d6edb6f24c446f01ra6yk,0,0.7028809785842896
17,75613637a85df9328b743d33b0efbf1586qow,0,0.05749896541237831
17,28763f241cf0483ca1dd3aa1bbcbfc37xntso,0,0.05911565572023392
17,c888cda1ef5931da0db90f6803cd0d368ay6r,0,0.0751262903213501
17,0ad17aa9111f657d71cd3005599afc24fd44y,1,0.4725257456302643
17,7bb58b7875a093cbe7c5d487a825b730mjcw8,1,0.9422892928123474
17,e9f928411213f44502e4942a29553ab1tbqgu,0,0.05678213760256767
17,f895a8d9d7974b3ee7f1f04a25a950e9v63ps,0,0.0566958412528038
17,f473c995ca7b5287f9b2f079f0d78a1e92226,0,0.6014276742935181
17,6ed19e45dc118b78a78f25649aaaddbeef7e4,0,0.058536432683467865
17,b3dc6151c6813688d0423dbab13d3f19crw2w,0,0.058315590023994446
17,205a011640002932a7bedbb93d81b68b8m93b,0,0.05760872736573219
17,8f6605a649ae41fe950a6bf579452464d9lmc,0,0.18572364747524261
17,0589cf78c4bece729f0ac620557210e13no3n,0,0.0570092536509037
17,7e34a26c4c339e875997f4b9239d2b5fscng4,0,0.8630262017250061
17,84f06d2c69695fe24cd69f8a1aae21a7kozbn,0,0.05661248043179512
17,df12e679581fb2054907dae75c9c78ee9kzzv,0,0.05733243748545647
17,717a0a200628f9606d88afebaaeb409bv60y8,0,0.6035463213920593
17,9744d8ea513490911a671959c4a530d81fj5e,0,0.32803618907928467
17,f939c17ffc7c39ac9b35b69e5e75179fv9pe2,0,0.05911314859986305
18,88ae7a35e374a6fddd079ebb28c822eeohwse,0,0.0790955200791359
18,0a6ba32afe4756995db2f5cf2461cddbvj445,0,0.0950983390212059
18,fa64831ab5ade55daee13f852c16b0a84ujt0,0,0.8039137125015259
18,1b26a52e1e5980c8487bb35cf5027fdfwfnzp,0,0.10097164660692215
18,585e7c21b80baf2225224fe140cdb1a73ddrf,0,0.2936170995235443
18,5354c02817e47f28e60e44a40ca5e48dll4sz,1,0.7912194132804871
18,067ff22ebf0d33fe0deedc816d75973865jo7,0,0.9451156258583069
18,a22fdc066a738070c6e4860924d06657hengu,0,0.9123566746711731
18,975dd5178d34453c1c3c8edc47cf44274uv5s,0,0.803840160369873
18,608d9b68afb12c6c27da6c6565ffe8297wvco,0,0.1025485172867775
18,5f50c6187a179e2ee7ba2fbcfc845c7a1smgr,0,0.08229758590459824
18,aabc211b4cf4d29e4ac7e7e361371622pockb,1,0.9415339231491089
18,8abc7635daf75f9fbeb63783b7b8ccd5rvuyo,0,0.08951857686042786
18,5686520af5a4215a239418fec906f88e4she5,0,0.09921009838581085
18,f60edfe5177cab56896a9d6860995095cl1bb,0,0.09982679784297943
18,481fdbc92e77bba4c9611841a7d74071elwx6,0,0.09760867804288864
18,72bc07c7241e1856ba31609d11501c91cswlb,0,0.10197392106056213
18,68600b8922561fe26b8b6acf1d11efdfb24k7,0,0.3234410881996155
18,4c4431ec9b6e683bdc5a3118d5140105r1nas,0,0.10249483585357666
18,1cd8d86911413c73e92ad1170cae68c3pocsn,0,0.5914815068244934
18,bd2cf3a868d168425cf1bde7c49d40b9jq0xu,0,0.10081606358289719
18,0cca10034c58287ee6fbec14a3f96c3546sdh,0,0.09667994827032089
18,577af9ccdc29dcacbbce0f36b7c1ff15btljp,0,0.10152522474527359
18,21580623ea81c5b0b82aaf74890218e5mio2z,0,0.10124465078115463
18,f5a67722732675f6285b70b9f008665fq01bk,0,0.09467706829309464
18,d27221cf2bfaf0fa7a60ffd3e1e3a53efagvp,0,0.8577622771263123
18,0e66933c924764a59760aaae5368e7d1e0s88,0,0.08988672494888306
18,6086425310e05e77a53317490e8c1f3cxzf2r,0,0.9234892725944519
18,024cf43497fd7381df6254888670f84bwbbam,0,0.10097084939479828
18,d65efaa8129a85f85bf909e5abde8c3628gfv,0,0.666654109954834
18,226017dcd6506ce20886540ff734210d8hib1,0,0.08908428251743317
18,3b233dc399f175100fb11ff9c66fa5b074z60,0,0.838555634021759
18,d5f997729fd5a0aa13307e027804de515jziv,0,0.7487111687660217
18,8c2bdb9dd878a811701838002627a056be0ce,0,0.8983398079872131
18,671fb1e314a1f480ba9ad9b5a1cf6a91w1k2f,0,0.08762656152248383
18,b27db6c048fa41b496dfd3423226bb0923yfv,0,0.09821503609418869
18,91d9b706f63537c5fc0027c50b0e3b06qpdgz,0,0.07944007962942123
18,68f092336430866db606f137c57c87e0hw7aq,0,0.47439509630203247
18,dd661e2d6e79a5b3e66c82373d50f3ee86k85,0,0.08229758590459824
18,db83d746ba8e0c388805fa3fcb235743vfqmw,0,0.08859875798225403
18,520b616c26fc47935f6bcd5ec063eaa7w15t8,0,0.09884105622768402
18,de9f5df5962dc171c7d82ab503c36dbfwicon,0,0.08306095749139786
18,c48fd9c589f273945bad5f0cea5993ba2fet4,0,0.9505734443664551
18,27809fd62bebc89be450f9dcbdd25ed8il6z2,0,0.23954015970230103
18,6a87cc9dacae884e817de2ee08452e76dx9mn,0,0.10214482992887497
18,8b4071f3e2702b88481054081363bc15her3f,0,0.9509470462799072
18,2736ee274114e9440463bde9fbffacaa5xky5,0,0.10069126635789871
18,cd856579a7c4850b60d8763520339449x0mqg,0,0.09984369575977325
18,4679df74080bc22e29676bddc5bcbf51gsyds,0,0.08533217757940292
18,08515611e73803dc6d8c562b8514dfb5qi3z9,0,0.21971836686134338
18,62ac0de5f8776ca1d189297bdea9a64cmewb9,0,0.10017886012792587
18,28c9a5ea8aae9fb4f6a755f94cd922361v9ow,0,0.8398774862289429
18,c8d972b803b46212369cf1b480328dcehb9jl,0,0.09798911213874817
18,245b584befa6a5b8c759491f5f3db580p2m5v,0,0.09808584302663803
18,3d281a78c6a116a91baf9c8db22b56bazer1h,0,0.8815447688102722
18,ead2ec4563ba25a9e9d417f1964b7504teqtp,0,0.8888663053512573
18,96b1df591dbbf3a002578574671d9ff1rmzev,0,0.08229758590459824
18,518e9fb1055de6532ed2df6d03fb78feus5s0,0,0.08570432662963867
18,6aeab198df208f8628825f7eb3ec3701p2ybk,0,0.08923263102769852
18,ea5948061b2059bcbd900d3ae7e86e428ae8g,0,0.11266336590051651
18,5a2aa4e8c227de4db26547fdc1f017cbxb62j,0,0.09186171740293503
18,e8e4603ed284adbd252a7a601f9bffe09oq6f,0,0.09440258890390396
18,a7454ee6fbb69c4079caf5b5b92574abi6pyh,0,0.10175230354070663
18,c5dcc8a649adae76ce01a3fa85b68f237ny2r,0,0.08655036985874176
18,e959a3ae64e28a7d3b37934c0d826867o3sp6,0,0.09957809746265411
18,76a8a9566e21595a1ac06cc0050626c1q7a83,0,0.09519071877002716
18,db88530db963dab43118aef5aba127ec29abp,0,0.1020510122179985
18,c69e65de28937ebe1b94e7785afd94158thqk,0,0.8453388214111328
18,a539fbaf8b29613ff0e4f3e5831aa7a5p2cva,0,0.10116579383611679
18,8c4b0d95ba36c0ba2a52f9043c62fccev75uu,0,0.9456443786621094
18,7b5bd948eb1d8075be58ec9240927bb59ugz3,0,0.0909586250782013
18,0b450f2827ec670da34be66ec2a520213xcuk,0,0.09662196040153503
18,74866aaa89db79f25dc0fae8be067b83xlbm6,0,0.09615275263786316
18,ca391c857d7aa75a72e2d7c3133e0d6ay9pil,0,0.10137509554624557
18,786fd201d9c952bc3453d4b3a6fa64046d8wb,0,0.0882597416639328
18,45cfe8744884eb207048e3cbee31ec56hd9lm,0,0.09691924601793289
18,6ed7b95dcea7b359248e9efce91cbb11lm7hf,0,0.8656643033027649
18,dcac75b5ccc362a66e7f9112f033bdebchxq4,0,0.09682301431894302
18,7eb6a5ffc5e8471efad7cdc8927daf677qcf8,0,0.6381552219390869
18,8f00a4c4d7f097bc1688f8d89431f6bfmodq2,0,0.10307156294584274
18,9819825acfa7e20c47a78bda5e76b195jh0gd,0,0.945046603679657
18,db80f065a93cc6b41d12af614bc3ec11kpwjp,0,0.10126782953739166
18,2e1eb5b56591662fd7ecd7b39621bbcfgd1ks,0,0.10054770112037659
18,88e24a019c32a60f2ff315a9d217ec33q144x,0,0.0917210802435875
18,67083f257438b1b79cb09cfa601890855of77,0,0.09675779193639755
18,01255c2c7c5578c186873422fc00fd7afwk8k,0,0.08805640786886215
18,9ab3bca29dbc32070cd7f729ea55639a350tu,0,0.10040244460105896
18,2a5726bd00709641cc54a8ab5422cde3uchoe,0,0.10054498165845871
18,10b431aa15b56084d32fe1ef123c4305wo1nl,0,0.09989070147275925
18,85371e59ea43c33c7e481ba3c214e893ail7f,0,0.09623401612043381
18,a4c40fd7a4c1040283fb2b84611eaad240849,0,0.4977813959121704
18,eacfdb47b3daccebd9f16779c5542fe5eytoc,0,0.08916543424129486
18,d8d90875fbcf94c3b4c5c00479cbed6e1mqrl,0,0.08454175293445587
18,0353aa9e97bd46119c90b8892f99982esfem3,0,0.1022576168179512
18,651402deb28af3e3d1ab9a6b88314b591uuaz,0,0.09488334506750107
18,f01d8d55568b1f54b6946a1b78a3983exkz5u,0,0.0970364436507225
18,9211adb9cc770c78a70b55441acd146bfxnz2,0,0.08896184712648392
18,a6e261c09ae8aa7d0a47ffeb0110aa519jowa,0,0.8054284453392029
18,7d72bde2e297ee81296adb4fd56e8800p7lbe,0,0.1024838462471962
18,6533b670e02ccf583288ba7c8f5fb1carmirt,1,0.9548364877700806
18,7ce12bb499c156ba4513becaa42aa8c143v75,0,0.08177325129508972
18,14f226ef57ed64d8e14c8b5ae929143cgq3em,0,0.17861239612102509
18,e5fd2ebbf5bac9ddc73ce524e1b33c3akti0q,0,0.08147595822811127
18,56cfe8b0d574e1df3f823c2cf32226eff52uw,0,0.09867069870233536
18,1bbfbd968c065ff5dabeffe311bc3ddeezbof,0,0.7027730941772461
18,e19f258fa5019e58974b562a8e1433ccluztk,0,0.7927144169807434
18,5e8bf58291656ddd5fd2f71825565446aiopv,0,0.7508911490440369
18,679d60378d42ca9d3b8a28073fe14fc7bv4jh,0,0.2852717936038971
18,8f6f7baf33fe2a5206ed3ca88446a99bmq453,0,0.6892841458320618
18,061690ceb6004807b7906968bf382dfcbve7y,1,0.9468724131584167
18,61101089c1b34f409fc9b836a7f9cd163y22l,0,0.09899252653121948
18,a3910fbd35b7a0c383c9805eafda616fra4xo,0,0.10347727686166763
18,d4a84bdffb9543626fdd42c879343ce26ds4l,0,0.09558191895484924
18,b1729d5905e896a8411f81bb65d66343ladls,0,0.09891821444034576
18,c1434e440370882ecf00ac52140f7adbuy1e9,0,0.08461081981658936
18,82194e7d8f9b84e71b789e763b5c3263r6d98,0,0.08474314212799072
18,2794512e8edad5f99d28c33c7560fccb9zl8i,0,0.10121063888072968
18,e4a9bdad09ebc5d5a264723855fcaaad6q52x,0,0.7806521654129028
18,d0b096df6b5ffd2efe8d5cfad4a24912zs3dd,0,0.09163697808980942
18,dd7292cdbc81ebfb87945d9ab176d679gepf0,0,0.08852310478687286
18,2797fe80977297483e724b8390161c937dh4g,0,0.6821747422218323
18,1e0b1a6ea8d307cb61e221723534c4dclf9w1,0,0.3327612280845642
18,9e9270c06937bfa13f5b29e737c3438fcocyn,0,0.09776082634925842
18,c97dda0fd2de7d82d3a52eb6c0788062h3tq6,0,0.10350784659385681
18,8783939eb63e5eb4e5cd412d8480f3955ipxu,0,0.16482895612716675
18,e0a87bc26e13c599894d7a5103fdca786tfat,0,0.10285688936710358
18,c6108e22518279361de99b3c7c298235mkoa9,0,0.08028605580329895
18,4d0d345f552877998f41ba3cd1ba299885vu5,0,0.08229758590459824
18,7c965df16147f68263573764dd257a7bxqmpt,0,0.09149633347988129
18,060ac64ff78ae62e9bc697192cebea333760p,1,0.9457614421844482
18,1dead8a9cc54fdcf7a7c16dc6e06a3bbusgcu,0,0.1365661472082138
18,8ec9269ed4f5aef4584d887dfd9e595aaynzb,0,0.10464964061975479
18,9d98d3f00a0c0bddf35470b0fb735fcdhiriy,0,0.9307113885879517
18,0fa357965f89388d8e7eb8cbc3b85c6bnnro4,0,0.08046679198741913
18,af9c96944265cf541b3fe734a057821a825l7,1,0.8249178528785706
18,420e7aebb49d7ab3c04e109a98e152d7kquiz,0,0.09908881783485413
18,73d4cec0ad358d272d757e0fce8440d01fvw8,0,0.10099976509809494
18,b1410ac124aeb5ef6b06667786feb742tijnw,0,0.8204719424247742
18,af5d33f9724b0e8c1f875406c0556d1e6eotm,0,0.8280748128890991
18,655b88e646b94d0adb9e15e9f3b9c9a4lvcrz,0,0.5532569885253906
18,48044b1b1f47f168864bc7c4a58a65ecmt187,0,0.0937393382191658
18,d2704c8bb6ebbf13e08f37131382b126wy4yc,1,0.7670952081680298
18,f05dfdaa2f67b190f3a79a5a2d5daf9coikow,0,0.10071685910224915
18,9f60e1593604631e10ad2677c51055c6mv205,0,0.09793463349342346
18,ae817305e82b580f9ab89f1a379488e39il4q,0,0.6054311394691467
18,183c4e44d09bc4ab990b957e765af311vlup7,0,0.08771982043981552
18,1dfa6e724441ca3c913b3d40967c17b2p9xr7,0,0.08716199547052383
18,e2e14e8e15204b504b146d17a2bed925qg3u2,0,0.10250433534383774
18,0ef9be4eb3b6a03ac2945522964b242ap09cy,0,0.0919283777475357
18,a1922a9ee4f9f5d03fe11816c2cc3eb9ivcbp,0,0.10716066509485245
18,39802378690e7d0c61d294f5898852b96hsfh,0,0.10072648525238037
18,e4264fc4dcd5f917ceb002d860441370s054e,0,0.1004352942109108
18,0580f2e77b4c0dd3b5cda8a1641cb9fenmo0i,0,0.0808795839548111
18,8d49c8e70bf96a255baf30acc76a3f59b394w,0,0.08213290572166443
18,ae15accae2164aae084aef7e3524c1fflq962,0,0.09719329327344894
18,b79560ebfed7c8cbcfb97475812e0836twsnm,0,0.09628094732761383
18,5920a92dc2b65e257061017a04eb5361tpa9b,1,0.9501550197601318
18,2d9579812895729581ce269ea17462197jxvy,1,0.922247052192688
18,13dfda714fb516e1f9f7abb0c927bdc2zmw55,0,0.10081087052822113
18,414af5edf09c473bde75644b76a68e7feesrw,0,0.3791572153568268
18,6a1d4042a5f3a3f34f5b3ea753ecce30l0qj1,0,0.08236519247293472
18,42f754cb72e01c08005598e1f9383341fn7xh,0,0.09486725181341171
18,ccc371d7848a80bc31941248b9f49b95hn694,0,0.09951525926589966
18,669c6a0e8aabbf0647e8ee6e150c47b18a4pu,1,0.9131692051887512
18,d3ab33e9314c95d6806813171f292299tmprm,0,0.1005890741944313
18,ef89b74b58c49c1a321d3d7ce061d151k51xm,0,0.1039513424038887
18,cd35a3230456d4a245806e476c63e9a1evu7i,0,0.10249757021665573
18,5720c8d7bc15b94037cd75ff9496a35evugeo,0,0.9443801641464233
18,42025aabb56a61f3bea90d27b283b517dyk4t,0,0.10381361842155457
18,99ca795998fb781a42d85f1abeb50482yzffz,0,0.9432732462882996
18,877d96d9abeb73e437a8ebd74abbbf45p8s80,0,0.08270291984081268
18,4444bfb455b90711234e0c25345abbaddrt0x,0,0.08229758590459824
18,3043fb0b4a1904222f640107f84d6f799tves,0,0.08813328295946121
18,b9d861ce6162179a4b008b63e7fae80fjoywx,0,0.10261817276477814
18,6feec0741a319299c78c47040893399ebas6q,0,0.08439264446496964
18,fe6ed3a12fbbf5da4980337564361710v2y21,0,0.8116546869277954
18,f3bb3c26162cfc1b8c3636a7ba126010na3n4,0,0.8570041656494141
18,d092609f5140c62ec64ddd7615c25792qgdrd,0,0.08839906752109528
18,78a444127a896122678835e12ef507deh01hn,0,0.08282767236232758
18,fb81da0790d821a22617d748d0226540ylrj6,0,0.7515860199928284
18,3550d62e04bd3a1239eedbc29d9c970279b1v,0,0.08704349398612976
18,14d4e04d7ed150613974438a4dfd4e85dybq3,0,0.6595928072929382
18,613c7d60152ebf06e3a7dd326ba03261mnn8u,0,0.08621855080127716
18,fe19fadb955fee4c5fcd0e30e56e1542kx66p,0,0.40175995230674744
18,c9f94611f4c9afd3a3153da9654e7310jr201,0,0.09606564044952393
18,24284d3fc3334e0adeb6bb95637ca62d6dm96,0,0.0886223241686821
18,9e25bd3696b4e1775de205d2d4698a0df4s14,0,0.5241456031799316
18,74ae4f7b1692dc42622696303d9d4d763vksg,0,0.09882553666830063
18,c2f592fbdc8980229367e1db4d0f7a51my54g,0,0.6903572082519531
18,36e2e2f32a3872d3e958c0a58ee79bd129xdy,0,0.09342635422945023
18,ed5ee107143980558fae26c1b5c7b81a82spj,0,0.0849970206618309
18,4992da4511c3c1b4efed3e16c7d8dec65ilfj,0,0.08145608007907867
18,ffacbed056cbfaa60c1fcf51f0d381bddr3ly,0,0.09615158289670944
18,2b19566f190ff3b8a85884e03c64fb56ir8a8,0,0.10072026401758194
18,98ad4163bb0b1abf72f165056d4bf1a1g8ekg,0,0.09740392118692398
18,bcbd5c95680cab78cf904fb936dd03f86g19z,0,0.1025170162320137
18,764234598477e02cbf8a43983fd43850l1c8f,0,0.09896443784236908
18,00a0517965f18610417ee784a05f494d4dw6e,0,0.08289820700883865
18,f9753e9fd6e25e0a1ae176ab95c31146iaqnv,0,0.0911029502749443
18,1214fbf35079e7afc0a35645f8be8b218fd5o,0,0.08229758590459824
18,17b41c48d6f53585c7bf3b65977eada0yxs8n,0,0.08621204644441605
18,42e631af9bd00e5e816f08eba3b102d5ch576,1,0.9377806186676025
18,b0973e698b12fe51ec2f259d924c6098rasmy,0,0.09041521698236465
18,da2841ffcbeabaac373f00039c10f39fty6fa,0,0.09437093883752823
18,c6453f296ce36005d7e7e67e159e1b7cdbmus,0,0.10168565064668655
18,11e47dc08d7fa4d1a1953b5868892f72qvlho,0,0.08802176266908646
18,465c4f2ad08cc1e5f7a5e1e3ac75654ealh0g,0,0.09805602580308914
18,6e178db6d17d21aa88aaca5bf15c2761lc500,0,0.6662957668304443
18,30da67f34e3cc215b3bdad588410fab5655fx,0,0.1027224212884903
18,ec3b2ff6f725e847f93285bc9d2b7b3dvcd4u,0,0.09462075680494308
18,1395ca662a02245233af951cc7ad8313vk6w0,0,0.08755285292863846
18,649b364bc466208e559858f0677b421dbnalw,0,0.08489736914634705
18,cc4763c97c3d7cc9116e0a51a6d1f2e82242i,0,0.09179740399122238
18,bea63152ca4d99f549999ca57b93d015z9kyh,0,0.0839509442448616
18,67d6466d7f4a32d294196b8c16ee0b03kn9tf,0,0.10170575231313705
18,8cb96eaadc11cf4f914bad84518632e7czdyl,0,0.9395284652709961
18,e21b238213c361523d276d67f37c05e3qot5q,0,0.09845831245183945
18,424aed9d807cfe0b2167cfdaa4957fc0heell,0,0.0880102813243866
18,81c9c749b2c9f97215f3ddaf8b5a5fe1k757u,0,0.08403731882572174
18,a7bc17dfb615eacffe397be5b2c2f3a6r0bb9,0,0.6238828897476196
18,cad9c97e99bd5753be98edd9ad8ec8c8c7r66,1,0.9525004625320435
18,d056594c1d7976b6ad4ba23e2b4cea19l2i0t,0,0.7251273393630981
18,2daa71f0d138b8c2d61583d3b98a25e1mjp9c,0,0.10192473977804184
18,c900620a019e78a3eee44109e4d1e1d2xd2gj,0,0.10158392786979675
18,2b429b9235bab2877cd93ac6d9fbc2d7tzwre,0,0.8361840844154358
18,d3e1891edac2851f6d34de566802cac8m8dn0,0,0.08071295917034149
18,3d2608a892e44dad3027ab55bfaa0b26r69hy,0,0.8466536402702332
18,69d8fbf99586bfaac64d31f82b9bee27wltkd,0,0.0973796620965004
18,47183c1427a3cee97ff9bd167844e65d9dzi2,0,0.0864892229437828
18,510f33a3c0a290a0e43d2576d928a4abxieo3,0,0.10166138410568237
18,a96039c7cfb1d040ca978ec5e66ee2c0sb5ht,0,0.09228766709566116
18,7a3378ad9999b1fde0a4562a9b036f038cdal,0,0.08229758590459824
18,daef74294e84ef6d7e009c2d51be6ee167xds,0,0.09194191545248032
18,26508777dcd84df59b467a60d9f18ca1pvvbs,0,0.0846824049949646
18,bf6f2ca50a3a6a3113681e754307aa4ehnd5j,0,0.09418496489524841
18,29bd1e11a41eb2ff50af75d10f28041ejh9xx,0,0.09085194766521454
18,eea79e1bfc21ff1b9572213e540e1252s5iuy,0,0.08600062876939774
18,9349befb45c4869b68e82a1944f4f01377cpz,0,0.10297122597694397
18,a0420d3961adf890fccf4b43899708f6h40zs,0,0.103683240711689
18,78e59e188d9780cb8988d574f692ed343s129,0,0.0789317935705185
18,c0b7161a67a0aae21788103c08eba7e9z8e8k,0,0.09484395384788513
18,b86050461e88566061c796dbccb1f7e5at242,0,0.1004176214337349
18,486dc9de91d243625863313adc03aa6bv4s1e,0,0.10378469526767731
18,ba0ca6f98ed66bdd1c4e86db2ce4011fdk6ii,0,0.7575487494468689
18,7188dec1b560385b0826f78e7608fdfeai9fm,0,0.927720844745636
18,aaa8650a6e0997e90e4b6a9fc2ddf555m5c1g,0,0.8930724263191223
18,71c2561141c55414618d67d1a8aebac1n0fjx,0,0.1025175154209137
18,59d96b423ea3ed56611686300b681f3defm4n,0,0.09077843278646469
18,12c1b22ede3c23949bf130cc7bac6316ks7fj,0,0.0850309208035469
18,e10ae48cce1e198f7283064cc8a2f836iy0z6,0,0.08988215029239655
18,50dd191676497345cc95d8b9f7284a7371z5s,0,0.10091125965118408
18,82f1ba4809f4812629e9e53ea4c687d7begx4,0,0.1023809164762497
18,25f59f9da43b6806aaa125fa61974591sacso,0,0.09608769416809082
18,1680b6a12fdc8c64645c00ae8048f99c6uzoz,0,0.09148591011762619
18,5de403f3d49221bfa7116570a4d572d8m19sh,0,0.10053890198469162
18,ff181014a0d7bb534fb9a35f22e24fe72m1d5,0,0.896165668964386
18,7291b7fba1b597d66bb8efd45fd0d354q71ka,0,0.10054627805948257
18,1a05035da8ea9dead1030ccc993b5284n1on8,0,0.10113447904586792
18,6c021878ba6173a04d55bc1cf5544ac1f3t02,0,0.8983744382858276
18,058a4e0ac0a20f504cc9c6aae2a896e6too9v,0,0.10042311251163483
18,2cbc26f228e0556f268e0dc1bd9ac0a5lzdfh,0,0.6734721660614014
18,dc4efb7e05563288d1f2ac4ca65c6734017ql,0,0.096951425075531
18,3ecced86078287dbd2eac2cfac98367fbbelu,0,0.09572852402925491
18,e0a9e4ffe2acd28599dacb91c98c34bc66vo3,0,0.08870302140712738
18,f430aac3f0f7f88a9b504bbb71322d54mct7s,0,0.10183465480804443
18,b9fd0772481bf459179a3b4ab49171693im97,0,0.09703592211008072
18,0a9c5e1f261c937c09817ea2d5e949f34v8oe,0,0.08660179376602173
18,5e3747785e44d85a41a74470c051e946x01dp,0,0.10187191516160965
18,97f541ffdcbd1ee34610e3099c5df42acfvcd,0,0.9277279376983643
18,2cbacd5b066b7dff7e0a87e1ef00e0b4zpqzw,0,0.09986903518438339
18,2d2839fa92d1c8e94bdeb1fbb9e62149x6xc5,1,0.9514204263687134
18,7bad0fc50ac7d249e0a3d8b83f68e855fcnxu,0,0.10053566843271255
18,1f2d607e5cc04e790e3961a6432d7c15hn4qb,0,0.10210710763931274
18,6326299ca6a53277b2bcea07bd0b4ba8ktbqj,0,0.10288964956998825
18,2234754e09ba15519d0104c405326fc4igk0s,0,0.1297990083694458
18,20f206d2656116bed8dd46d5b70dac81lbgfk,0,0.10037914663553238
18,f23ebc71f2d8d820db2bf0576ee7e148cxvkp,0,0.09552045911550522
18,29db827ba14938954c90cefe40d26fe1130kd,0,0.10169095546007156
18,9372e27ce85a8c8b9460b87c37cf55ecqjjkd,0,0.0849381536245346
18,a8a81bb8a3a35572bd1f9922f5a31217pw41k,0,0.10334324836730957
18,2993e59bbbd7d14bf4bc21e4d2a4f8eeb18d2,0,0.09242308884859085
18,031da7aea2d4b75ac8ecba4825bc1318yki1d,0,0.09844113141298294
18,958de49cdd870198543313fcf574d7c4eutrl,0,0.7058212757110596
18,c67ecaf47f857f37f63ac0f4b9af3249wwdtz,0,0.10107878595590591
18,1689122c3b25d9e7adc626de84c10006fr2n5,0,0.09387102723121643
18,aa20f72aba9804a4922195f66a876688rugsd,0,0.8005599975585938
18,16e2e48cff6faab74e1f5c47669dfbbda7l5z,0,0.44410085678100586
18,aa1c013a1de168c611560ca2afe78111g8i6s,0,0.8707836270332336
18,ca9e2287e98a718e20a8ed117dfcd699gxsp8,0,0.08596981316804886
18,5053e03863b6887308c8446cefeec429l94tg,0,0.5398962497711182
18,437c191e614776c1535305f602ea9033sdfmf,0,0.09666546434164047
18,52c441804b89bc20e4c8dd625bf163f27o2zb,0,0.10283558815717697
18,5e5d3410ca3605694b3c75b2274efd44c9vru,0,0.0988747850060463
18,8df5d645ed4040b857c121a4459b7976n5u3b,0,0.1027391329407692
18,a124589b3af5a212406c0306584a9554fazi4,0,0.09288730472326279
18,c8cf68aa6abce25325dfdad4a98fd890ap57f,0,0.08229758590459824
18,9adae18220565488f77036be41cf71beiepqk,0,0.8656389117240906
18,e61c14d66cd5693d93cb0356d7f444ebinx9i,0,0.7304363250732422
18,6b531ceeec5892121e04dcc6f89b10a70yqoq,0,0.7786617875099182
18,f428427d7227ddcda377cd00f07749576c6b3,0,0.1033807247877121
18,cc064e3409a1825e3c4e5c814376f140qxu5l,0,0.09722384065389633
18,162886daa0054ff1ad422e0f18cddff3qofft,0,0.12880675494670868
18,19b39b852ed4abf1ba5b095829e25b946aed1,1,0.9509089589118958
18,4985bdbf8710c33fd7c9d4771db7c690mcbyr,0,0.09878509491682053
18,6e8cd4699eedf0075cf5662e1fff3a857bycf,0,0.08397473394870758
18,75339aea3f29d7d9a8d67ed3fe1c89c3owsq5,0,0.8158743381500244
18,403d9c0288bab462bae858dc8aff2f94ti9ma,0,0.09379471093416214
18,b2968116361fd43589bde8eca72c5767o71qc,0,0.09066475927829742
18,cbe8d224a38ccff930674361b502e7beyuf1k,0,0.10111250728368759
18,33895230e0b25b5d3133d502ef3ecabey84m6,0,0.4417668282985687
18,32d2ce86b00693f0c26314e3cce2438dvxbt3,0,0.10127123445272446
18,8b109c0aee5ed07fc996e73d28e65888o5jmc,0,0.10232485830783844
18,27ccc09ae923d1ca8ff7ab3242f279f7xuclq,0,0.10104376077651978
18,13c4c826516304555e291d3d91c108b3ytpmj,0,0.08542624115943909
18,4cf9c56df4594860df56285e9293a7f7evfix,0,0.08027538657188416
18,55abcd1b00c6b5b54633fc7e98f0110bwoy3v,0,0.8093994855880737
18,6ebbb4e7c3fb4ba44a89bae997717924gm89u,0,0.09294838458299637
18,c46e21e01a3f4987e00109d1d5f48acb1q72y,0,0.10135013610124588
18,e56f611f1157381f4b689ab34b574e791qhcn,1,0.9133160710334778
18,2dc309478d30d440e75c932b1f13a8fai2p2e,0,0.0854174867272377
18,942563fa6695a4b2f76ab6ff3bd58030i75z7,0,0.10076076537370682
18,af33d5277890ef0b5f55fbbf400441c9hdehk,0,0.09195950627326965
18,81392b54fee8e50ec74efb27cf0de8e32fdm5,0,0.10135702043771744
18,1d4eaaacb6127c43c1c007331cac135bpib3m,0,0.09480221569538116
18,4694d67c21e9a2edd614e717aa3f4dd2e0w93,0,0.10281417518854141
18,b1863365ae232a316eb946ba56a29415m0gdz,1,0.9297953248023987
18,74a35c4376559c911fdb5e9cfb78c5e4btqew,1,0.10280587524175644
18,0f3ee77a46dd5a09ad20b7c3e54ec614sbpvb,1,0.12198250740766525
18,110d2e689da119388dcb6e235749b787ni298,0,0.10266584157943726
18,cca4426ec6d64f3e73294d4d5bc9719beud37,0,0.09058243036270142
18,7f3516b1bd7e5571ab964ba0affe9302brn6q,0,0.09585601836442947
18,7a0b445f462d05606bf6ea07e2ab96ec1a4kx,0,0.09579750150442123
18,40f2eaf03624a31952397644f1b79a6fvtfjf,0,0.39392101764678955
18,53856dce9187b16f2cf5e4e58f5d0397h7tz6,0,0.10300946235656738
18,6c6c3559c5f656c71348f7cadf29bb12okgl1,0,0.09652706235647202
18,583ce05b5add00d9e7e5dcefb3c436f26d7c2,0,0.08229758590459824
18,5c32e357936f8977277d9b23d8f09f34v41wt,0,0.09673451632261276
18,43c76d050c9d2509d85c9dc2b1a1dba4zb3qt,0,0.0896119475364685
18,a116e727a3dc0b69f5e7ae14d0ab40d44breq,0,0.09136515855789185
18,437ac1b8d08c3b328924aad097a3dcdey2m1k,0,0.18520326912403107
18,56b55e6ab49a4cbe7c76a2bbca804089pjq0g,0,0.5193985104560852
18,c65d2236a70982d628454d19472ce26eltxgf,0,0.10259109735488892
18,d381ce07afba12851a815cdf8858c1c7g2pfh,0,0.8432444334030151
18,74cf3a0c5e4f080415888bad2f7119499lh63,0,0.09611711651086807
18,d31f6cdaf4f8485190b4ea588f8c1733y6qu9,0,0.10320602357387543
18,bd7d5414174da6df4b018c21495e8a2cxiose,0,0.9363868236541748
18,81207d4ecf830fee924989f4fe1eaa7fntkmw,0,0.10640052706003189
18,caa74df2086d71caf6c1b2b9c81d3d98xhpv9,0,0.0868646427989006
18,6b28baf315d41017844e15d645bb2c05ybt3b,0,0.10106378048658371
18,acaec0b9f72bf4ab4318f3244344589b3700a,0,0.0967692956328392
18,6a3b1ee159716b743ddb8e07e499fadbhqn74,0,0.09366771578788757
18,34e965deb822f329ecad42b94e8ba0ba3dpt0,0,0.6511791348457336
18,219c6102f604c8ff0ead5d23375bb127del0d,0,0.773654580116272
18,dfa7ead5ef84eebc79c67d3daac340b0exa41,0,0.10082121938467026
18,67a1b129ca241c51d0abb5484f8eb3fct8o5c,1,0.8335828185081482
18,949689cced5d86578e6c8b664ea76d6aq6zxg,0,0.10064777731895447
18,1a764d01d19a1408382ccace87e61c9fndlo9,0,0.10255540907382965
18,99a3bacd3eb66c909a02b85402ac38dfskz65,0,0.09765847027301788
18,ffaf0a972a6dcb3910fd6b16045781e2ava5y,0,0.09863512217998505
18,90bb553b65144cafddc3f3d4a7783667a06ga,0,0.0999884232878685
18,4f7331589f84c6359bd693513bc9d7ddlitos,0,0.10283052176237106
18,6ca1de75674e78f9d3d63fd96fbe6e172t86c,0,0.08941850811243057
18,33ba799fab5e4145b54fac4234bb6e13up0tu,0,0.7989729642868042
18,79cdbe82ec79d0e60f1b113d9a5bc5b4ar8bk,0,0.09622087329626083
18,2f9ea407ba48ae05f98fdf634995d936xefau,0,0.8248822093009949
18,9e9047df09026ed5a5a3a86403811159u5yja,0,0.09261380136013031
18,77bc113594866d4902d6f867a456750c9vvmu,0,0.29644665122032166
18,d8a10762de6d62c087a0a8f0e61cf78bbgke6,0,0.09637774527072906
18,0e373556d3bf588a1bb2ca6354120cf2dmvjs,0,0.10059033334255219
18,b6a3aa8c0f2302fa35d7b809d9371deeypvyh,0,0.5143402814865112
18,abf6c2cd31be1630f5a7a1219935011c3rkqt,0,0.08875218778848648
18,c670e7fb466b09000f1053d2761752268bkfm,1,0.9454287886619568
18,25022fb30734c2e5044e031b0e9a4a9ct3354,0,0.07986821979284286
18,fdf0eb91ae1ecea1f6902676f47c32c454yzr,0,0.09804577380418777
18,bbf1dcd2f0100fa90e4a8544b90e35846p5y0,0,0.1016651839017868
18,f416aeaaafcbb66aabb77347776db008qw96o,0,0.68075031042099
18,177b031b4a77f28ff167b427ca967b52jetgo,0,0.10299314558506012
18,1a5d7993b43386f64fcf4b84e7b183a6ref21,0,0.3020421266555786
18,ff4e39c0be8af4b17a73dcb761e4bb6dmop0m,0,0.0953693687915802
18,964028ac24d4ca16c4b63f64b06df1c8ltrrl,0,0.8469704389572144
18,d927c987f8a4ba2dc4f38dadc0831100tt94p,0,0.0809379294514656
18,1870650d20a97db60ce4133bb9352b69h9phj,0,0.0870688334107399
18,2a73f10b3b8f2b825e220ba0a1d2c49f9nikz,0,0.0856451615691185
18,9d8a1ddb38499b3403a6a93395ef29bcrznni,0,0.09503097087144852
18,fcda141af3b545332fc3b2d55a8bba74uw7s0,0,0.0952620804309845
18,120c8b384858420c4e46e354c86f4ca393w0i,0,0.6874743700027466
18,43bd7fe0ed7629fa774a461127a629f19je0a,0,0.08149190992116928
18,0a9d614009139236f198ddb4759a498cen5ix,0,0.09973656386137009
18,bd6adbe79fcb843aeb97546947af1236kbg7p,0,0.08917640894651413
18,1b7c070ffb2c23c1d02ae5bc5d817d06qz4xb,0,0.09678883105516434
18,385325103b3eb54b0b974523fb7a13e02go5s,0,0.091854527592659
18,b08034d2d4fa400b457d4a59a2482e8enfhqw,0,0.0896826982498169
18,3e602dff2e3bbe7a52236df2294c9e059fc2l,0,0.08930828422307968
18,e5736d7f8082d7d7fee8430c0e2279bcdmt2a,0,0.10279091447591782
18,ad228143392ba96c21bf51499bac1c3b3kmzo,0,0.08802513778209686
18,18e751726fd7c407c41cb18c20da2c4er5z1r,0,0.0994831770658493
18,363ba0a2afea1b074fc1ed270c86050byprz1,0,0.10108725726604462
18,3d575194dae5a2e2966abdf84d800a3bgbsd8,0,0.1019226685166359
18,53e2d855e008a5c2f79b4b848d467b86nofo3,0,0.10128965973854065
18,d81579750b388276f2d8f6d80384f499n13l6,0,0.09925263375043869
18,2baa5a9ec317cb21a11d83f6dc72a2d6xy9jb,0,0.09551100432872772
18,0381a69b7a061e9ace2798fd48f1f537mgq57,0,0.10073186457157135
19,6e4d22dbabcf2eaae5689c7d155e1c1fev15l,0,0.0532841831445694
19,9c509838d129fcee98cb3934079ca36asla50,0,0.07009316235780716
19,99acffc3cd9bfcd00668dbf472a1979350mxk,0,0.0635034590959549
19,c748f0d69cc89d5812c9fe3a6413bbb26351l,0,0.05918237939476967
19,322addd5687d99bf69306148e12f87dc5jbsh,0,0.04921988025307655
19,d6d3daba4bea632d7f5a4e2c5146f109dkd4m,0,0.0695563405752182
19,1476226300a93d22b15253ed7339429a7ijk0,0,0.9433347582817078
19,a1f4d216a1a92507d97166151d7c9fe37bei4,0,0.05640759319067001
19,e1da7d96b83f16aa80cc254572cc154fcoudy,0,0.13970351219177246
19,d738b259ec6e6af625d1f41abcfd63e9e53tx,0,0.051874540746212006
19,4dd2a50e589cde2802c4bab143dea61ak517w,0,0.05287214368581772
19,fb92fc925c5df50f4da7874a7542cf2210z1f,0,0.05192574858665466
19,91dcfc10da696a6d90966ff795751708er5fp,0,0.9380235075950623
19,927c5e145de79f9ee2ada0ddc054b4e9hc3qj,0,0.06242625042796135
19,59ae36080fae26bccbbc31a4505b6fb3v3zjy,0,0.0630064606666565
19,1cbd9081de4481ada66f1853737f7684ddjd1,1,0.934416651725769
19,96b90af2d3eea4d3b2bc725e1c92e212qu52g,1,0.9461094737052917
19,1ae57d217b27820cabf6e24b721bfb38s6ja0,0,0.06754158437252045
19,758bd601d6700494300ec1647682eb34vq1zp,0,0.053654756397008896
19,80e753fbea14f966b1fc6d1e194d4e66822ms,0,0.16164162755012512
19,d0231e5200b870c055db7e3daae24bc8lt7at,0,0.04765371233224869
19,bff9a98b73f2b9a01300d3fd3d55b16b1190o,0,0.05768631398677826
19,461dc3d03d1e28d52770a4d3dc7db34558fcg,0,0.055295903235673904
19,60b8145bcfed7a5f2a23b596a8aff99cdzn4m,0,0.05577320232987404
19,48117c1e2b56cfc8739f83683e01d9b2aoc66,0,0.05189790576696396
19,9baf61c813f1d4a09e3c70f6dc741f34voe3n,0,0.055556103587150574
19,15972a431aed117840dfce5556242366c3fwq,1,0.9516934752464294
19,36b84c776aea2e008180dbc72393ed750zsbr,0,0.06350082159042358
19,a9229b83f54a5f44a69e65b9b3aa7aa26qcon,0,0.05298129469156265
19,8d43ad48f315364be4d979d2e9d5ee67quqyi,0,0.05123622715473175
19,10383b390780e7b4b03dc32c94b4973f66wou,0,0.05363621190190315
19,fae963b2adbefc663692d7feddb50d5dxz1hn,0,0.05666736140847206
19,17eeec8676ad56bfead1a9406277f41cnev3n,0,0.7629148364067078
19,8e2a43abb8fcd8ef9801c69fc04bfcb5kyc41,0,0.07806185632944107
19,85155ae64ccbde01b48fbf4b3f1b739exmqyu,0,0.0504060797393322
19,1053ead33eb1a5db7c36c979a455348abh9ns,0,0.052900370210409164
19,2515c5fd81638d5d0bca39a2b2be3995tante,0,0.2644833028316498
19,4955e2c318d0bdca797ce17794ba18fblhaau,0,0.8896865248680115
19,eaac863aaf84acb7529462118e7953c3oeky6,0,0.05111320689320564
19,5948bcd0f773286ff7d5cde332c7ae6918jt6,0,0.0632457435131073
19,3a5420301c0dacbc5675f6f09aac0143tuodl,0,0.7469685077667236
19,c76f30b8330b6d14fb872b30fcfd9d57phbsf,0,0.05624518170952797
19,666e1e141862a646afaa2b71fc7d2c25r1b4h,0,0.05571713671088219
19,124727083cd4159b40ff8d4b36a89340l6fga,0,0.06215112656354904
19,50791a0a98478b7f78f8d30acaa4683dxab5p,0,0.07348810881376266
19,3d8cccb637b990ec64d662d66ec059cfn1p3p,0,0.053175877779722214
19,b191c73f160bb9320dd3715bc3ffed26ymluh,0,0.05454064533114433
19,408f81a85f3b31f8cabedf6ccd381961pop72,0,0.061383798718452454
19,e18e3d0fbfba81cedcae619dfa977875p10ta,0,0.05427142232656479
19,a9237defb0a6478098f242b27ebcef18qrotd,0,0.05881724879145622
19,4376fc192e83a1a5d7a83085369916e8rr035,0,0.05665421858429909
19,31a301c70e897bf36276031abdf07ab6cs6z0,0,0.06330908834934235
19,5850b68151cf0760e94acb39c4dfa02026k4u,0,0.05705515667796135
19,246c55639cf85c682d58cbd2ed6a6563vk2yn,0,0.1926238238811493
19,01349288df20199905e719f0ff7ee771nwryj,0,0.047868866473436356
19,179a23cad40c51dd7804069bf769d11e1ftk9,0,0.7435939311981201
19,d2138bce99f535c244dab68652ccfa2enshxk,0,0.05188089609146118
19,585b938fd44968d0d59fcac453cfb3b8p8nti,0,0.8809558749198914
19,e0824707d4a78230ae54209a920bc3e3pzdpp,0,0.0511430948972702
19,c08e5e3325e2f4fea171f24ca018e675we8kj,0,0.05188089609146118
19,f535b28ad58c83d35ba87fcd46624148zbh6l,0,0.05426175519824028
19,3d94b376bae8dd60eea48ded36134a3962glw,0,0.05529414862394333
19,d3c80e9f6b8e1d774679fd8dd5aae611e3qls,0,0.05417726933956146
19,10c1e1164e3f8298df9a35c891f67babiycsr,0,0.05261174216866493
19,e03311c7620a8098b7a177a5f1ad213ernao3,0,0.048515282571315765
19,5bbc8f66464ec2d962b0360d1d74bf67imj47,0,0.0527786910533905
19,9ca41c3c062146a06d2682835f5136807yao2,0,0.05802956968545914
19,cffb5f3c1f4ca815d0f643fcb2f2f316beod4,0,0.8321795463562012
19,74f153bd134afc92866a6bc5cceb2088120y0,0,0.05188089609146118
19,2d82c3dc726d2bfa19c5f16ec3de5023lbse1,0,0.05920310318470001
19,6c55d253787acf5210f7d785546db80dqtleg,0,0.06847216188907623
19,cba6f45915ebbd4b5404c6d357153c0adeblt,0,0.06405395269393921
19,e1b1c514e1b87826fd045588f1f3881707cyy,0,0.055499088019132614
19,f18d2ebbd5e48ef4f1ee412339d6ed7adr9qi,0,0.0537947416305542
19,e0b6466f9f720e9d9a00d7c12b2e2c6d8xwxz,0,0.06206241250038147
19,3106ad6371a3b740e2af90635a4ad966zeu1u,0,0.0520637147128582
19,0d0d43ac593a891ce100d8202d3d72c3xsma8,0,0.051531750708818436
19,5c28b04424e96267711d5af2db62e022tp36c,0,0.5876883864402771
19,ca0331fc37db2b251a012376f7b987fcma2jw,0,0.9568980932235718
19,ae45f9b94d86f931c84c94f3975e3d7bkv2r0,0,0.7631416320800781
19,b2d3db61ddb119aa4e5f43e1bf72e349xr5tp,0,0.6932862401008606
19,3995d9ce0cebd62d77cb8add067d93e15oezc,0,0.053309809416532516
19,eefb0b863345336dce70312ff0f8faeb9qksv,0,0.06133876368403435
19,2906a20e0b4f7ce840d051c4be898b66do6wh,0,0.9547889828681946
19,bd8bd6cae40abb19b81b6b6a7775f63e5tk1s,0,0.0543314591050148
19,8b809e18804865ff2a2e799c9a5e8a48mtxdh,0,0.8203967809677124
19,5d02346d70f11cd61d9fb955846ee9bdp5o6k,0,0.05839962512254715
19,313ede314e2e05c31471fd6a93f98af713jud,0,0.051895998418331146
19,8fe6da2176541d0ce24574dbb60f9107oq1kn,0,0.06837081909179688
19,5b45b150b6b683a98b5bc19c4214f44cvzru7,0,0.055753301829099655
19,3835e3bbf9a17a33867860a9ba19621dp4wdc,0,0.04929207265377045
19,b46132a554a2a3b93efc5a9352036e6crl6sk,1,0.8999868035316467
19,573cf43253a18821e50dfae941ac287ceymgo,0,0.05579609423875809
19,200b548999702c10f8f9fdbae9ce60622owzv,0,0.9381300806999207
19,e0e5719b5d763eb4e04c7f6e4e32884cmlpj7,0,0.06884261965751648
19,65d3cc1725c4506fe02be3e2b24435bbbd6qf,0,0.06348125636577606
19,45927dd51fb4301c459ab96d48f64752q0o9e,0,0.05415452644228935
19,b7efeea5ff94a281635ca2f0f7e8b3ca4zykk,0,0.047941744327545166
19,c0d065cc8cb585f027143f2ebc6b49f01g1wr,0,0.06657176464796066
19,8322695c21cb27accf0fe269438bd78fn3x44,0,0.7484530806541443
19,2819b8b2295f272f33f8e76fd344ce6bywj1p,0,0.0571756549179554
19,8d8f705595701b921012777a281a553622300,0,0.05241923779249191
19,be3bec53b42be118ef2a87fc40db7311k4as3,0,0.05611145496368408
19,9f793ee6e6df7f69b5a5acb4e13db0476b26x,0,0.06492938846349716
19,0853bead89b03dd38a04d84f4312da7dukglz,0,0.055276717990636826
19,01067975436d123f717ee5aba0dd4bbfa0937,0,0.08908771723508835
19,953879d32e39e014cf8ce73daa2547cb2ke8t,0,0.721962034702301
19,1b268ea4fe034638a92d683b94bcb330vee4w,0,0.058707721531391144
19,34a7ce35b13775be4e20930ba2788a3ebu5n0,0,0.06146632879972458
19,272a9183c10d9e80eda8ccaf6682db71203nk,0,0.063053660094738
19,6db047b1bdd342c09ecf9f5eecccaa4fy5l0q,0,0.8156710863113403
19,69b32dd82f265a04826106d17e2bac9ao9fu8,0,0.0563984215259552
19,676ad0665c9bf74329ddc1f70ea48c16stnux,0,0.05341646075248718
19,47d1dbfb67706772f8a44f50e5656602z04rc,0,0.05282923951745033
19,c6a49cf5944626b45425712f9e19e91d2nyh7,1,0.9577040076255798
19,fe4906ac4c8e2db5ed5a71e8a9d10080u6g7o,0,0.06524660438299179
19,055eb52087e0080b8ebca74be4f823f5c819l,0,0.06295392662286758
19,5aae3111e4fab04fa5067c740329a38d11361,0,0.04953351989388466
19,8ac7cc6a62b82e675465e89f67ab1f962ltgu,0,0.05706046521663666
19,5f7767924aa92a8f01b44a7e09f00a4dgqk8e,0,0.0529872328042984
19,46c0ae10d60c4fde2b6301bbafecd7b8dcla1,0,0.05470876768231392
19,cf4eb0f68d47e6d4b92befd0b8fff39a098cd,0,0.05683749169111252
19,a9062f1d7c589bb01ee0b330ee8791fc702il,0,0.4909525513648987
19,cc78aba7eb8293a1d70f083bd747fa1450906,0,0.06345109641551971
19,a283eb484c3245e5b12b18daccc075e9g9xk4,0,0.06510928273200989
19,6f7043cde57060a6766b551df5fa6fd9p3ojp,0,0.05421317741274834
19,d2eca28cbe0a3dc69715d719c6958faaaqx95,0,0.1663944274187088
19,e2554dc14d54c3b7be85c59dbc1425f77qv4a,0,0.06349670886993408
19,84a773b3c9d300834d9d57af5dc83091y54cx,0,0.058043625205755234
19,18b5e850a1c10e681cb5fae0704a699018x6f,0,0.06349851936101913
19,02030ec48b7179a7fd9950fdf546e3feekkye,0,0.05667329579591751
19,fa6b4da229eb64b4d44e7d5ee2b027f1j1whx,0,0.06348908692598343
19,86151544b29ad273209ec4605c257b089z588,0,0.05186888575553894
19,46ceb58fb7a57d86a26cfa154c940a8cuktu7,0,0.750967264175415
19,59fe751fb6c277016b7ebe3609aa1b15vhg7w,0,0.05188089609146118
19,0cbd01c9e8cc800aabd3b3e4c618f9caktfgp,0,0.8737051486968994
19,0c57d8eaa2708b768416ca91dd8daa2cqbl31,0,0.04907038062810898
19,86a3a9861ed45158e964f9d004a224b3324cl,0,0.0482177659869194
19,f9ab998f3adb944a1cd1847a097fbc0bw61nf,0,0.05572096258401871
19,0c5992f18244e24d2d7b4708a512378729eev,0,0.9458833336830139
19,18bc9dbbed75b55f35ec4be1351b7aa86an68,0,0.0702718123793602
19,25b58d1533e04571bbc674dab28973f8hha3w,0,0.051358502358198166
19,dc9a7ebdb6fb8dd3267ac26dbe5a62b68e4vw,0,0.05188089609146118
19,147164a9fe8a6bce381a224e9f13207cc1mdg,0,0.06942785531282425
19,cb6ea552ab5b90e2d0572148426ca275d1zzj,0,0.05631730705499649
19,dc87cba6dc8717e219e9fa9edcd10ae4a2i86,0,0.05889112502336502
19,4922d20e07d04601e8724be5e9f9576blyccu,0,0.06350172311067581
19,d13cd9e0a7b95c0a35f3456014865230qku5q,0,0.05612378194928169
19,86e50263881b0d382b55777185eb648aagh1g,0,0.4602309763431549
19,2b044b4b7949b96e38084e59b5d1d328jib5o,0,0.6345494389533997
19,bc3b92a81586cb726cbf4d5b418fee41o20sj,0,0.06500055640935898
19,14bcf558addd6e6f2818ab2bda7dc679jqoon,0,0.05044969543814659
19,5830a96593aff3e951919578f7374f09pqyc0,1,0.9368559122085571
19,0af208c4fc46ef9236052ff495016326zxoqf,0,0.05069831758737564
19,9db7471a12cc3b8fa3cba86bc00abde2t2wz5,0,0.04941744729876518
19,a6d6f3f5034886fc00a1245b439de13a66ha4,0,0.05379524827003479
19,1dab9ffc5c6bf06e86e0dd1b3cb9ebecn5pu6,0,0.06967175751924515
19,8251041848182e6468c8119905a177dekmshg,0,0.39621251821517944
19,61337802cac534b7e7711793039782d6f1yy9,0,0.047712478786706924
19,3e2e03a4464642627e223fba066182d1qslv5,0,0.06129062920808792
19,7c08de9de285265b2c34970139331f9fnr9ad,0,0.08024752140045166
19,d9b611dab3b5116f761747fd3166ecec80icg,1,0.9194855093955994
19,213a7fb31eef8b38a23ad6b0bf2c7fd0dx3vk,0,0.05457640439271927
19,497b8beb19a7f674bc53acf7f5c7ec8cxv68x,0,0.05495712533593178
19,511a640e38bf03022300f5503cceb2cd3f361,0,0.1414775550365448
19,bdbcdf6a935f4d1781a2d33bcc4967130bdqy,0,0.9057243466377258
19,5c2b3f221cdf303df86ff1ffd7106fcco6pml,0,0.5816392302513123
19,a2933e33896035761240ef5a62477779jf7ny,0,0.8902066946029663
19,43553dd8b9370fbba5efa6b652d9b43ezsj11,0,0.05180996656417847
19,a15766d8d3d231f862996eb3ec33559735a3d,0,0.05336451530456543
19,a40808ec5bd9d0440585286f1658c3b1ag8dt,0,0.05485507845878601
19,2b5a7c969ae95b239583f09936560b85g574d,0,0.052826639264822006
19,b34fe965c04012fd22123ed948257184pqvfg,1,0.9573630094528198
19,63e3851eb5e1ee98df1065b333f6cb81mlby6,0,0.1673898696899414
19,70c6727cc40fdc6f752b28102f31a38b883io,0,0.050894029438495636
19,c1624207d78346c3c58cd44f3d5472fcriae4,0,0.05564867705106735
19,e6f73230e0fff1d9a6b1b8a6617002ea9owig,0,0.04913319647312164
19,3105d663ef3dff7e483a46c56580a9f9kd7f8,0,0.5516297817230225
19,047558bebab9292a5d4c85d6ee768784j2hdd,0,0.8595747351646423
19,85499f83c5f1674c87d0fe77838c4da793u8y,0,0.05253307893872261
19,693085cbb28f505f03b025dac8681a3bvfot8,0,0.05301092192530632
19,3ee7de4c5a5e31b7b407827ae1370f70suenu,0,0.06282934546470642
19,2635d404f4943f3dbee24aa16a2953c723iwd,0,0.05236240103840828
19,8215dac41ad35a074c93bfcfbc0f908chlo5n,0,0.04753495007753372
19,a2bb8b3e3ae4566203eb5b3021b4d594pohf7,0,0.050306692719459534
19,a6414c637c6f1275e2c62c48fb238c5d5aw03,0,0.05531890317797661
19,6e848149cabc4434155aacb610fb20de6vq5b,1,0.9316317439079285
19,eb8f9ca4a23586f5acc770fff966f654dy7g0,0,0.06325283646583557
19,1afac423a94778ddf9b6c1dc0df7105cgp1tp,0,0.057514261454343796
19,f12120e467869d3d5dbf7c7d0566a8e7bmmhk,0,0.05295674130320549
19,497ef6187e03fd9d4387ac436461a40f982dq,0,0.050521500408649445
19,93ab2dedd76c1859885cf724ebcd987c9ngfi,0,0.053374938666820526
19,1c950af57581698616bd9923cc94fef25n5wh,0,0.05649202689528465
19,361c6da33ccd1c0df152fd932e6fb2a69i4ux,0,0.05226974934339523
19,4af5e2532224f9f7d1d039704573d9205jbkv,0,0.88825523853302
19,c62a6956e93ac3b56b1292f2c2d85b1fyekav,0,0.05188089609146118
19,f3ad2931359bca59c36ce55ba82f9af8enbi8,0,0.048476092517375946
19,83aa7c2c8c018888d9ebc6daf63bddb6f2i0d,0,0.056651659309864044
19,44d34926c0863edb7575b819980e0e728pn5b,0,0.06349895149469376
19,85d020b5f3d99d1272efa0a0d34c56a5dtvxb,0,0.0543295256793499
19,ed4802c318a7e04a5703ed115fe4f3a3kkugq,0,0.057461660355329514
19,a48837ccd05bca96ddbf02c55ecccf639adk2,0,0.05218863487243652
19,470a0e402bb9cb4d48c2a450d2043e87flc2m,0,0.05393225699663162
19,c1d14f4355b7d3ef80f02628e5ef1d56u2510,0,0.06350261718034744
19,86e698821a8aada613bfca1356d8cb7dopnv8,0,0.05161414295434952
19,bf8de839c1a8b7994d19049667548e4ewchpm,0,0.051858089864254
19,9fbfbd8a57e4d4b18338063ffa43f1bez92lt,0,0.05554630979895592
19,a06311ea45de34bf667b79a92d13c764i6aiy,0,0.06996572762727737
19,3919be53bf4bd411ba25acfdc1362b49u4vle,0,0.06349989771842957
19,e90e4701234b13b7a233a86967436806wqqw4,0,0.8152115345001221
19,0825d381aa09d1d0c47c77c372f07acbe02ky,0,0.049067962914705276
19,95af80db42edfce4e937550d60d79561punym,0,0.06805544346570969
19,8c33cf751b05ca6a9d886a379a84a2ees9jlu,1,0.8518752455711365
19,977436b0a445fa555d537fbf1d4bff2e4z40h,0,0.05188089609146118
19,a447127835855849fa2ee496d05e0847fgt68,0,0.7117093801498413
19,5ccc30558d4c218cbb4d36872fb82a03rjxgz,0,0.05758398771286011
19,5dda8ade6b5d4065f3119a381516c227yoz8y,0,0.4326834976673126
19,c749a25f3a07304b959065d83bbfc5f75u1my,0,0.05158766731619835
19,5bd35d55d367d7a21d98bf6a19fc0dc1e5j9p,0,0.0535900853574276
19,d43189c6eef7a763b2f8596228807dd89x9y9,0,0.05212172493338585
19,d127576e329604b576df0a3248cdcda3279td,0,0.5815286636352539
19,43295f805d813e816fee438d9a394bc4o4of1,0,0.055431149899959564
19,121578435bf4136746cd2a80f1990e07cv1px,0,0.07201890647411346
19,6a31ec9cbfe23a9398e80403859f0402cg4ql,0,0.05609913542866707
19,e268d06507859d78894a8f6e11995f48zls7t,1,0.957973301410675
19,8c3631460a4d25d2b21b1f92ebbad752a19ww,0,0.051198843866586685
19,08c39ef7252995e0749f7927249b8dcb1d3xh,0,0.06349769979715347
19,3272e16da807a75a987e26b09bb2147by1mxe,1,0.9567013382911682
19,3893d2c62d59c232112efd332bc342dap8b4j,0,0.052008453756570816
19,2d73ed3974473a764859084d51334440k5q7s,0,0.06104038283228874
19,65996114740a63c9e0fde74bfb6725b1k9nuz,0,0.05245140567421913
19,8a958e0092f6ca984107ea6c3975f806c59m2,0,0.05760492384433746
19,d79919e5ba11f26bce5e70f0a4f859e3e4q9y,0,0.9540572166442871
19,dbbf9d9b1d7fa110208f77a681008077plqng,0,0.05067257955670357
19,12df4a9cf4eb203909e6763960b79238cb0yg,0,0.05676294490695
19,9bd2d79f328a5afe815d5832e521aa9187q2j,0,0.9156201481819153
19,438e53670ffa2990cdef656700bb49bf684fz,0,0.051575422286987305
19,9197b6590c6dceabd88ec93157fcc31fgb8a4,0,0.04908258095383644
19,fa64fdb8ad70e86efbfc31179e93e99egd27l,0,0.04841434955596924
19,900284c412387e0bb2dc2aa5ce42dbb9th70g,0,0.061611007899045944
19,4dd7f98cfffffd6f4707fd0deb4a00b5rj9wv,0,0.7997661232948303
19,8bc48bc2cd0ee494e55470a7ab0814c12riuf,0,0.06404533982276917
19,9df0031595e4105e4530ceee1a08faf319vvb,0,0.05122516676783562
19,4e22432d4a059b14d1d6a68a1feaa953k8vrb,0,0.059449002146720886
19,233e09e861813cd087e8937f32a29bccs7b3l,0,0.06238006055355072
19,4cd52ae88da3e30dbe01da5048151c98p4f0v,0,0.9569479823112488
19,0d9f78a6084bf15f42210bfeba95621255c89,0,0.05602698773145676
19,92f8392be617527734a2f18482815af9ak8l3,0,0.5635040998458862
19,fa9cfea85e90bec313e512e9eeab2e869tvx8,0,0.9525527358055115
19,21114d057c297080f0f882420d2436b5mmukc,0,0.06691478937864304
19,e4433ef42008dcff761f12b9ade6fd31krdwv,0,0.05373290181159973
19,461b089147eb78c582ca8a30fa7581a7mflo5,0,0.05066148564219475
19,17c59325ec223c94dcb301a7451c39871vxq3,0,0.05398724600672722
19,38d9e2e83f25229bd75bfcdc39d776baz5zu2,0,0.8991950750350952
19,6c0030ed696c4156b6ea3472374f6b54s4ih4,0,0.08589191734790802
19,5097b3a4011380b5d9447e1a7a20b1a556yzj,0,0.054541464895009995
19,48badabcce6015d257ff5809761486c8qgjul,0,0.3168303072452545
19,e76154d73bb7d7b86d9bd48d167d3c679z0va,0,0.05483069643378258
19,f781d7cab96d95bcea507cdd43b24255pw0dv,0,0.9220743179321289
19,c349d767ddda78ed58a3c5769e780598ar3ei,0,0.06853155046701431
19,afb7618f9e3fd071d4ebedf396e1d45drta96,0,0.04941326007246971
19,2eb8a353db13e68388f544daa2e28359oenbs,0,0.8824545741081238
19,308a5541e1206e126ef80f18cc29b7017520l,0,0.0634867399930954
19,c8a99985c7bf230f475a8e9be6a17d7a08r3x,0,0.060659971088171005
19,0547dbd3ecb4a293913f138d60b586fdf4ane,0,0.7340636849403381
19,b6e52f37365cfeae9204a9f408b8c3a4idcs7,1,0.9591332077980042
19,c16a9bdd369ed3ec2891c46e64017560fbx69,0,0.05702958628535271
19,624ae2fe9394700eae7a35806e4bafaeq9cty,0,0.04802338406443596
19,2e33b1ee8a9d4a5cc5f886ca455e8f86kxu5r,0,0.048909079283475876
19,ee45b2475e453e69ce712388959fe4acspmvk,0,0.050469979643821716
19,46a28eaed47c29b4fd148a50cde44840u0bsn,1,0.8161317706108093
19,668d393e858e8126275433046bbd35c6tywop,0,0.742305338382721
19,2366cd7cf3df530ef4fe40b36ffb936fyn3rh,0,0.05356832593679428
19,e783e5f6b818d18eda4065282022ac23jd1fw,0,0.05554843321442604
19,b17ce8bfbb565945ee9f289c2ddd8abbu1ndj,0,0.05224580317735672
19,2012c722a90bc47f1abbc8319d0cea51p7l5b,0,0.0581260621547699
19,28a0d5539562290a1a2f63d5b7230db090ys3,0,0.059520840644836426
19,6d501ebf066c0331853f1bee9754e781obu7z,0,0.06935281306505203
19,aa3ac65055bb4b1660f4d8c1d2c187ecoqvn4,0,0.0520915649831295
19,ee2caa714a2175abb13eb6ef15196368cwc7c,0,0.051646191626787186
19,e134f2bb79d1a810aada6a24760c8910mh5na,0,0.09399568289518356
19,8a7710ee3c886df8ca78c88120603cf6taql6,0,0.055356014519929886
19,874402ea8b408a017756404006b12708d9s6u,0,0.049463484436273575
19,72b21fb7cd32b1a65bed8a12eb94a8b7qa7rl,0,0.06349991261959076
19,2271fe5b01f9b8f9d8409014ae4511524grmq,0,0.813755452632904
19,0ae09b09369c76737cba059d192451001nwce,0,0.06950876861810684
19,817f8074bad1c717afaa8d1696f9b2b00muzw,0,0.061126530170440674
19,c5c8a28a166913512f5bffa6a49788c5b0uaa,0,0.05642164126038551
19,8b4bcc98fa4666b22c7a17c9a4b93ebenlmlb,0,0.05690089240670204
19,20fcf71ad6fbd43f6f5fe493a6bc3ecfextqf,0,0.05539184436202049
19,936a335eab4643c3529968a4d9b0c380esi7q,0,0.05086790397763252
19,4483201dee43b51f338c0efd3b13bb895tric,0,0.05620511993765831
19,6affd6d2976aa7c48dac70612fc8e31ddo7j5,1,0.9568467140197754
19,16065749457a14b26998fefca503c3ecf9og8,0,0.053419895470142365
19,dfb23124fba16b7778f65c1c8d091f949jz0k,0,0.07007869333028793
19,e241b80fc1b431397ba6c70f2fb8ccb72wbra,0,0.053858328610658646
19,7b31d9d8b5e749cdd2c300cbcbb5f875kjlsz,1,0.9498473405838013
19,6faffebbde541edfccdb2725e430870cbkvo0,0,0.06707179546356201
19,5114111892d49b59415284dcf19ceebconhvq,0,0.06793402880430222
19,afdd5c7c912f9b6a88c0c2619d618124ycm44,0,0.06349991261959076
19,0eeffc5039b27a4dc2e420eca75b1fa55rv5q,0,0.04928866773843765
19,a8a2547a9153038fbb9fc66d2425d9a7efr68,0,0.053845640271902084
19,950aa0150f419cd6361bd3c500e6e695xfljo,0,0.06400775164365768
19,f268f61e075419e5a001b86ee78557e2kmg14,0,0.05926734581589699
19,97db2350652f8d01237fc4c59a470eb81h9gs,0,0.05617129057645798
19,97268eb2ac171298eb03ecc6445d6879wk3pu,0,0.05397908017039299
19,197e90906939267ace2422e78e8e83889znqp,0,0.9034717679023743
19,106f4ed8e9b727f8d94a1cd57e882a095pteo,0,0.058417245745658875
19,31c840378b5c2e4469fd2e7f5a1e5a7d92k7u,0,0.049116577953100204
19,874f882f7efff96263e9b555415aac36dsxry,0,0.04827318340539932
19,6da536112251f09a006b0c5223f154d46en4j,0,0.05080587416887283
19,e8581ec94cd4d5009ab6b36c6aca9f0cp3txb,0,0.04819078743457794
19,b0014101fe1b510ea150c149145dbced3q3md,0,0.0611613504588604
19,90fe8d6fc0bbe4ff2ca7833fe51bddbaaibof,0,0.666373610496521
19,e12177ff9c1a8413996f7b1a590980c82ofeo,1,0.8210592269897461
19,cd8f738dfa2ea0554baa3dfc4465cdb8izun1,0,0.2838088274002075
19,3ce8aa0207022698b6d0eef09c89b381jzqi1,0,0.12651754915714264
19,e8291466de91b0eb4e1515143c7f74dexy2yr,0,0.8936296701431274
19,aa75d58c3e1207618d47c72ffb19c872bolg8,0,0.048489246517419815
19,1ea558fc18eb1b3ed7759a3aed7662d3p77wq,0,0.06697279214859009
19,8ab98c1e6cbfb902af4e02050a886396a40bg,0,0.056412097066640854
19,04c6b750b0552089c87ae03de72289cfcpfmh,0,0.05390958860516548
19,460e932b11a1529d78246317757899ccfaxng,0,0.7883985638618469
19,25a4ee3a528004bcf4f4bf62b9208a7dx96pt,0,0.8143584132194519
19,6130cfe76ed3bd87c8f8dc6b2b2786dcp44xy,0,0.0560029111802578
19,167b4f37a264b72feb0f559b650d1cbd3ox60,0,0.049186233431100845
19,23bdbb8575f191b71853bf78d09e11a1lhnfn,0,0.05113476887345314
19,2106dd7866abbfb4e7c68067d7eb9bebflq5d,0,0.8816018104553223
19,ec6d3fbd8408ba43891370d4ffe41eabhnwbs,0,0.05975326523184776
19,e59ca537cb8df3053bdd555bc987b4a7c7m4e,0,0.050629161298274994
19,78830493a121b8b6917d246ec73ccb4anwocl,0,0.9566550850868225
19,6bdb40330295fb3abd4647808c319d29pb29n,1,0.872092068195343
19,6f07ce71625a0c57aa5c0c05071cba164jmba,0,0.05306794494390488
19,353d05bfefe1dd96d3335575ddadf310rgnrr,0,0.05946139991283417
19,628156f3bce703aa6bd275089c6c692499h1q,0,0.7883026003837585
19,470727c18798cf0e0ecc2a0dca207cafuena7,0,0.06349857896566391
19,d110111b8700f290b5d03a0e243fe375r3woe,0,0.04869070649147034
19,e5bde35da4abebe4fdb37a3c65124a57ff4vo,0,0.05042488873004913
19,37ea72c53cc50112ced4f88810f1b38euoz4r,0,0.04903045669198036
19,44bc1c87245aac66d176620f6ac9611ddbcil,0,0.05445040762424469
19,d588f4c51e67a340d1991a8130ee0b56hy0r0,0,0.7887028455734253
19,762046a235e00ec6521ba71aaa1450c28ijkz,0,0.9557549953460693
19,ae9e482a7f4a625a878c6ee0eb4dcd01dkm6d,0,0.04840604588389397
19,cf06ff5f520b14d1f9f1cf5a7ff34982bj4md,0,0.060409486293792725
19,76c85d6bf559bc0323bbe1639d233e88nxy36,0,0.8207687735557556
19,17dbe14676cd3a3cb8a7edb438622f7fv2scv,0,0.04958205670118332
19,96dccfc370343f6871dc478d5b2fc3ffx95d3,0,0.10608085989952087
19,3b8320619393a6f6bf12219b61cda688k4w4e,0,0.05427663028240204
19,c615c31c87260c0d85727deff6da6667lgg33,0,0.05498392507433891
19,da00b16633eb706fb11d55868120cdd9so58j,0,0.10363850742578506
19,6e29de28296a57f039026ffc6df9145cxo2n0,0,0.9199745059013367
19,120beb4523541f769a2b658cbc41dd57w7im7,0,0.05074339732527733
19,de717bfad3ccf44a93f39e7b43f3b227cuu5o,0,0.05416871979832649
19,8254276e772450c5365707cde76efa4cwuzpd,0,0.06350436806678772
19,d2f0217aa734f025ec008d24d13eca10ntuhf,0,0.06350434571504593
19,170a58cf637c08f0818ebdbfddca29c9irkxj,0,0.05587317422032356
19,6f6c9a1964fd4bbc082f2afdbf2d2af6ypdhn,0,0.06002148240804672
19,f5b2bbad20d1d7ded3ed960393bec0f40u6hn,0,0.9054673314094543
19,35f822bee4f85d98d5b1b23c65681974ywyuv,0,0.054713521152734756
19,15b1e719796dc894ecde30f160e7ae20hrmmh,0,0.06602530926465988
19,e0fde4b9b7ec14e80de3c811ecae157f6kqd9,0,0.059786129742860794
19,77b342f0d8769898619a935e267eaad25rubb,0,0.054614562541246414
19,4de2f22ca840fce9ac653e4aa06d9b0cnhudf,0,0.04980681464076042
19,7ba17b1eb362ef91a99a6f021b3f2b63uyo76,0,0.06592199206352234
19,c36fad0b52a6be6ec32cc5530c0a2aednea6k,0,0.5379056930541992
19,20d31f20169e8612fe13818891f88a83r66gm,0,0.06885857880115509
19,f4d69870de1e803fe00f8126e73a7e33zwcds,0,0.11043191701173782
19,a58ace8b671a7531c88814bc86b2a34cf0crb,0,0.8830105066299438
19,4c46b1ea933d574a985776ed356312505nagr,0,0.06491818279027939
19,f29896e71c8077db28617a03c0f14e7570emg,0,0.05236059054732323
19,054b51d059fe981ca8cc4e0d4c49aabb5mck7,0,0.771979033946991
19,780566278695c3771f81afc605abdffa4143q,0,0.056629862636327744
19,f1e57f96a91c185a7ea716c2481cabecpi3ia,0,0.0524197593331337
19,920540ac4168ed08a1e297395a68d718gsqdn,0,0.06350518018007278
19,ef65488c949595d7885525ccfab9100c6cmqb,0,0.7707011699676514
19,7505bfc1ca67a5ae14e329b46a88ab869ms9g,1,0.8081940412521362
19,2d38a6af2ce96c1446f900aa4756b8975y9k3,0,0.07981656491756439
19,e49dfe2adbc4b3789f67bc044c231473clc4d,0,0.061927516013383865
19,b4495464d4503ccb8e696994059983c89g4lc,0,0.050885360687971115
19,bb4af76ec92ce75e8abe9a6a481d4314jyo16,0,0.0695703849196434
19,4566ae63ee93ffc6b000b5cbea7f6a8ehbg00,0,0.05131000652909279
19,b217ca4cdea62a3977481e398d2cc9bd4sxht,0,0.05495823174715042
19,b1c9bacacf1f33a8fe48d1a4ae4c761bcltiv,0,0.06046279892325401
19,08a588ebf7b98f44f8fc695d02adfa25x0amy,0,0.05533283203840256
19,f7b25abd850df9b0e0b305c6810e1ec3qbtaf,0,0.0508219376206398
19,1899fd76b484b9275854787a6b003b8a93js0,0,0.09422872215509415
19,537f38e5fcf2656968e0a1752dd494ba8z1jc,0,0.05882909893989563
19,d154075c75cbb3f4b716a16c88eedd774i8s0,0,0.04795263707637787
19,fdd6944b3c3caaa7d1234ecfc11f8d080h90x,0,0.05311407893896103
19,222d3e39d4a292d79aeef4c04e52aaf24mgkb,0,0.05060061812400818
19,741b9948c8cf42d658676e5a46757815zstr4,0,0.050533611327409744
19,5db8eed67a7b648d1f2173b665b79de2vwdlu,0,0.06944667547941208
19,9f52fd88ba073512be19e3d24d4bb6f91l531,0,0.053586918860673904
19,12fefd74d82d90541872847f199f6324cowi5,0,0.049084097146987915
19,ba258a455ca17f2c13cab3d0afc7de0b48h0t,0,0.04959675669670105
19,6c11cc7744fb52a632306ca8bf966cd1e4zxx,1,0.8999496698379517
19,ba6811273d4f63d9a31937b71b0a22dforovn,0,0.9457794427871704
19,9f2086ccb71acd84652f861517d4dff9du4y4,0,0.05293026193976402
19,11d5f6925da5809e2d447788b85d6253jj8fu,0,0.7864614129066467
19,f0c034c46dfb78d2e9e67fd4fa1688fa6mv8k,0,0.05922384932637215
19,4070f6ad5da385ba11cc99183817eb20h69v1,0,0.05275630205869675
19,84a769adc98498f52debfe57b93a0789556f4,0,0.050602275878190994
20,4ab12bc61c82ddd9c2d65e60555808acqgos1,0,0.03512270003557205
20,d1be739798ba0745a1fd72ac918a9f1929hei,0,0.03650854155421257
20,1b26a52e1e5980c8487bb35cf5027fdfwfnzp,0,0.036658383905887604
20,c0549e76b179912d52a28c3eb9b29376yaxvu,0,0.036525096744298935
20,38e919293f5dbd62d87ce288e41aae2a281m2,0,0.45445892214775085
20,99acffc3cd9bfcd00668dbf472a1979350mxk,0,0.0368681438267231
20,eaaae0fb54c7d36724a9679c3128d5a7gn4k5,0,0.4483105540275574
20,d36857d18a397e7e24d05dcbef3b919ftjstv,0,0.03399483487010002
20,c62bac5be6489bc0e0a7834a11167171c8ww3,0,0.03399978205561638
20,608d9b68afb12c6c27da6c6565ffe8297wvco,0,0.036753054708242416
20,5f50c6187a179e2ee7ba2fbcfc845c7a1smgr,0,0.03596172854304314
20,e1da7d96b83f16aa80cc254572cc154fcoudy,0,0.03739583119750023
20,e97becf0d4632035ad4cd5e65c827d6f0xawy,0,0.035658180713653564
20,848d3eaa622b26fe57d352eedd9649f4v6obv,0,0.034912772476673126
20,68d468e15e0de0bab9694cdca8e799eb2j8kn,1,0.9382656216621399
20,64a39f766b2e9d9471b104f0d0289740a9kdq,0,0.037124354392290115
20,e3ccc9bd16fa1f4a92fe87b4a54e5e72uficw,0,0.3995303511619568
20,481fdbc92e77bba4c9611841a7d74071elwx6,0,0.036782048642635345
20,4dd2a50e589cde2802c4bab143dea61ak517w,0,0.036009300500154495
20,fb92fc925c5df50f4da7874a7542cf2210z1f,0,0.03629813715815544
20,bd586db332285f3c45814fbb8f638d79d26u7,0,0.03493402898311615
20,e78cb9678684d649453cd5e1e46baf462lq87,0,0.036842383444309235
20,02bde521e763e4f4e590e8368149e04a96il9,0,0.03596172854304314
20,87aa94042390f9267d3b7d90e42b022ek5mbu,0,0.03519892320036888
20,1e342381f2c64318a51a9b71d91897f8dv9ul,0,0.044443804770708084
20,9df0b0e5ca66460495931376045feb5fu4y7b,0,0.03683265671133995
20,827da66b68b225547050c11df16f845618ptk,0,0.03687504678964615
20,ff58ffde976a4899dcd89597a7877e18lntgz,0,0.043439626693725586
20,0e66933c924764a59760aaae5368e7d1e0s88,0,0.03488771617412567
20,6086425310e05e77a53317490e8c1f3cxzf2r,0,0.0654822587966919
20,9baf61c813f1d4a09e3c70f6dc741f34voe3n,0,0.03697054088115692
20,024cf43497fd7381df6254888670f84bwbbam,0,0.03694401681423187
20,68f092336430866db606f137c57c87e0hw7aq,0,0.03657994419336319
20,7264bde42ef4fe3fa19cc7c6d64696cf7pqtd,0,0.9071542024612427
20,10383b390780e7b4b03dc32c94b4973f66wou,0,0.0360071063041687
20,fae963b2adbefc663692d7feddb50d5dxz1hn,0,0.03735131025314331
20,6cd1bd77bbf2af6a2c6e535192af628by3h22,0,0.036860391497612
20,090c77ac89c7063f0d0ce064ce3cb3afllf5h,0,0.03683419153094292
20,01c5692d487454cdbe731df330bef608f48zz,0,0.03499887138605118
20,8126928a319468b6da5edce4097d2398xwita,0,0.034843456000089645
20,f80075873f7183a03b1b10ac3f740032v6w99,0,0.03636958822607994
20,e613acb1029ecafd9792c9f75d468e4bmm9zn,0,0.03638868406414986
20,cf22da37578048d2e51eca1e544c693cke5t3,0,0.05139534920454025
20,f63ed13362ce1c80970ba28a095c2bc5kfgmr,0,0.0351053811609745
20,c48fd9c589f273945bad5f0cea5993ba2fet4,0,0.7348851561546326
20,27809fd62bebc89be450f9dcbdd25ed8il6z2,0,0.03641939535737038
20,8ec8add138ed551bd5a9175eae0cb972ie0pk,0,0.034881241619586945
20,e561facfea467ea124df0111e041287ctvgwn,0,0.036819931119680405
20,88103add66b7113729a9ca82540684c9il94h,0,0.03656194731593132
20,cd856579a7c4850b60d8763520339449x0mqg,0,0.036214716732501984
20,024937af9ea18a2b57e4f08762d181f7s8a3z,0,0.03684030845761299
20,9e72fb21f7581cfff84e833d02538e5ar35kr,0,0.03631843999028206
20,ea57e35acda9a8f8b75f4d9bc049f74d7qx3t,0,0.034466877579689026
20,ead2ec4563ba25a9e9d417f1964b7504teqtp,0,0.3263442814350128
20,b719671479e7d75b1ba5a5617c95ccad4dkvm,0,0.03682413324713707
20,4376fc192e83a1a5d7a83085369916e8rr035,0,0.036166347563266754
20,28aa6c505e308e49e586e25e1897ed2axjiy0,0,0.03593280538916588
20,5a2aa4e8c227de4db26547fdc1f017cbxb62j,0,0.03601770102977753
20,5850b68151cf0760e94acb39c4dfa02026k4u,0,0.03564899042248726
20,037d9f10da403d8d5f94b6e2957a3702f6x07,0,0.488731324672699
20,17c87408ee1009887112745797caeb7fwvqfc,0,0.03545084968209267
20,76218e14c379c12d599dae9e1c00b61a3i5b2,0,0.16068674623966217
20,c08e5e3325e2f4fea171f24ca018e675we8kj,0,0.03596172854304314
20,d2ebe13374f25a12865d50c17af1dad7yspzq,0,0.03609331324696541
20,e959a3ae64e28a7d3b37934c0d826867o3sp6,0,0.03701202943921089
20,f535b28ad58c83d35ba87fcd46624148zbh6l,0,0.0355391651391983
20,cf456f3c8c409ec4060142acfdabb5bbqpx7q,0,0.03648722916841507
20,76a8a9566e21595a1ac06cc0050626c1q7a83,0,0.03529500588774681
20,26190fcf0babdbe0b0d903f325c52873tpj7e,0,0.03657567501068115
20,a6bf74b19fcb2687ce345930c4c16d4e2txda,0,0.03524434566497803
20,c2d1b8c1b7a9c8010f5b215e8aadb1d7gahpp,0,0.038490332663059235
20,dfa45994c8471762d04deb23c6450598byp8y,0,0.03436397761106491
20,055282b75717345ba6f53d40e9e6d6c56qrzp,0,0.13837282359600067
20,d3c80e9f6b8e1d774679fd8dd5aae611e3qls,0,0.035395845770835876
20,1b0534afb7c02bb023bd4767ae73f17dqzqdu,0,0.36869555711746216
20,300bb4c9816a7064b106c9c6cec2f51ei13n5,0,0.03504997491836548
20,a0660fe8a46b9cb6b02e7b0c50eef6a905vt6,1,0.19617612659931183
20,5bbc8f66464ec2d962b0360d1d74bf67imj47,0,0.03564707934856415
20,44c75302aa4404e23781f8337cddf6ed5tqun,0,0.03687714785337448
20,7f86c3c417ae1db5bea10bf9d0a7827ct3ni4,0,0.30049654841423035
20,c18cfb38fe1c4c01705391422177265cn9w5x,0,0.03681858628988266
20,6c55d253787acf5210f7d785546db80dqtleg,0,0.036607805639505386
20,cba6f45915ebbd4b5404c6d357153c0adeblt,0,0.03657158464193344
20,4a2d5b70f0fcec3ad9d8ac4b447efd6f3vs9c,0,0.03455929458141327
20,786fd201d9c952bc3453d4b3a6fa64046d8wb,0,0.03490004315972328
20,45cfe8744884eb207048e3cbee31ec56hd9lm,0,0.035995423793792725
20,65659f3fbf6207c570c4bb8ac64772e9umh95,0,0.03661661222577095
20,5c28b04424e96267711d5af2db62e022tp36c,0,0.060293469578027725
20,9819825acfa7e20c47a78bda5e76b195jh0gd,0,0.43746498227119446
20,9c0cbc0fd8a6c22ae3648801ade080fek6i13,0,0.039820775389671326
20,b2d3db61ddb119aa4e5f43e1bf72e349xr5tp,0,0.057947609573602676
20,2e1eb5b56591662fd7ecd7b39621bbcfgd1ks,0,0.036869194358587265
20,eefb0b863345336dce70312ff0f8faeb9qksv,0,0.036772601306438446
20,67083f257438b1b79cb09cfa601890855of77,0,0.03638654574751854
20,01255c2c7c5578c186873422fc00fd7afwk8k,0,0.03468920662999153
20,9ab3bca29dbc32070cd7f729ea55639a350tu,0,0.03679502755403519
20,2a5726bd00709641cc54a8ab5422cde3uchoe,0,0.03686973825097084
20,c6f07c222aa3a9d35b0e01f8959ffd21oownr,0,0.036392439156770706
20,200b548999702c10f8f9fdbae9ce60622owzv,0,0.4913104474544525
20,fbca8e44d824faa1fa6b99325758ff19vi94a,0,0.03667750209569931
20,651402deb28af3e3d1ab9a6b88314b591uuaz,0,0.03625105321407318
20,7d72bde2e297ee81296adb4fd56e8800p7lbe,0,0.03688177093863487
20,9774dc752f855f07b9c00eb7018b607c0ymxo,0,0.03550584614276886
20,c0d065cc8cb585f027143f2ebc6b49f01g1wr,0,0.03657618537545204
20,1bbfbd968c065ff5dabeffe311bc3ddeezbof,0,0.11531803011894226
20,a664b6b42fd48403fbd34800063fa50bz6k4m,1,0.10860754549503326
20,4703c8940eaa3f3bf5082ec2f155a8619i1yw,0,0.04901633784174919
20,8f6f7baf33fe2a5206ed3ca88446a99bmq453,0,0.06476003676652908
20,ce22684df495e376e32ac95d3ceb1164t37l2,0,0.03657941520214081
20,9393cc68d0357d7b200a94fdf93ee3cf7xg5l,0,0.035064224153757095
20,45c3a73b88760d4390f42ea4fae97d84la5wh,0,0.036067500710487366
20,0e8212e286ee36da8945c2480e366417xa22x,0,0.03723905235528946
20,b725a638efd8d51f66ae2f22ce1df678p9es7,0,0.036801572889089584
20,37ca0d0ded383d709676a4f9729ef39cpjfh4,0,0.03657671809196472
20,b4550ab1da3a3ed6e4a206c9ef78d496q23hb,0,0.040325578302145004
20,e9c8ee7f783723fe8496dd35232d88f2or1r1,0,0.0785318911075592
20,1e0b1a6ea8d307cb61e221723534c4dclf9w1,0,0.0402304083108902
20,34a7ce35b13775be4e20930ba2788a3ebu5n0,0,0.036588095128536224
20,272a9183c10d9e80eda8ccaf6682db71203nk,0,0.036872174590826035
20,6db047b1bdd342c09ecf9f5eecccaa4fy5l0q,0,0.6993692517280579
20,163097c029285c7eefa2d60e474d65b4ap2l0,0,0.0359882116317749
20,8783939eb63e5eb4e5cd412d8480f3955ipxu,0,0.03498496115207672
20,f35082c6d72f1f1be3dd23f949db1f577t6wd,1,0.03689386323094368
20,b9743f78108aefe3995e1c2291b5f3278cgpk,0,0.0350886695086956
20,4073de52fb5c46376dc3cac6b2f2cecdxyqjg,0,0.036847181618213654
20,47d1dbfb67706772f8a44f50e5656602z04rc,0,0.03643437474966049
20,1dead8a9cc54fdcf7a7c16dc6e06a3bbusgcu,0,0.035228099673986435
20,d4d4b36ea722e5b939e51e34953004c4t671f,0,0.035980261862277985
20,aba1120a5b13cf72c1d52c0dac8aafc67nmoh,0,0.036477893590927124
20,2db8669a6d21a5c8197d4287ea32b7883gv5r,0,0.03671637177467346
20,8ac7cc6a62b82e675465e89f67ab1f962ltgu,0,0.03706438094377518
20,452619e019e5651a8d98e3d59a478b7fez5e0,0,0.035945892333984375
20,5f7767924aa92a8f01b44a7e09f00a4dgqk8e,0,0.035624973475933075
20,420e7aebb49d7ab3c04e109a98e152d7kquiz,0,0.03718091547489166
20,f8c42ccd10c3fe515e53082f0cde9a18oxgws,0,0.5595109462738037
20,1717f6d4c48ae8d3e5f2566d4bb525f854j6d,0,0.03607512265443802
20,284cd72e028fe176f935114521ee998c5jsko,0,0.03699268400669098
20,655b88e646b94d0adb9e15e9f3b9c9a4lvcrz,0,0.03567975014448166
20,f334d76f60cae7c67ab04b9e5cc49907hqsc4,0,0.03680330887436867
20,03a1e81cb7bcd15014489a6f752c9d5b7pvel,0,0.03816143423318863
20,33189c09ca7067834fd25a54920f82d4nd7a4,1,0.9257107973098755
20,d38b2db568fb71174bf883554bea939ccts4m,0,0.03676486387848854
20,183c4e44d09bc4ab990b957e765af311vlup7,0,0.03550657629966736
20,86151544b29ad273209ec4605c257b089z588,0,0.034526627510786057
20,612d24dde60a1b42873ab7b50944c6dad3dcb,0,0.035510264337062836
20,c7ce5ac2fe5f03458fab59c78b19bf7c9wzf7,0,0.036945901811122894
20,efdf59a8ca81c5d3744f9121ac8fd2c7coy3g,0,0.03555388003587723
20,e429d13bc2c7acc82d8d68fa020546c38v82z,0,0.03693833947181702
20,90eb8151eb82441b084d04893151619837abp,0,0.0372534841299057
20,e0df56a5ea8094d070b0130d7178a996noolv,0,0.03555389493703842
20,8d49c8e70bf96a255baf30acc76a3f59b394w,0,0.03459187597036362
20,dc87cba6dc8717e219e9fa9edcd10ae4a2i86,0,0.036402612924575806
20,0a7446b63f183a4928ae762ed6cd1c4b894qz,0,0.03499167785048485
20,c89ad997f646e388fe375d7fe33a3727dzrh0,0,0.03596121445298195
20,b1c2e7ee5c69722df6233541ad5e784eutiv2,0,0.036129217594861984
20,14bcf558addd6e6f2818ab2bda7dc679jqoon,0,0.0357929952442646
20,0af208c4fc46ef9236052ff495016326zxoqf,0,0.036326970905065536
20,9b733fcc97535e27037c231858a711adyzvqf,0,0.03626056760549545
20,1dab9ffc5c6bf06e86e0dd1b3cb9ebecn5pu6,0,0.036422114819288254
20,8251041848182e6468c8119905a177dekmshg,0,0.04450416937470436
20,260568e07963ce8351f3313bd7b9b0e2vonva,0,0.0367841012775898
20,c4d42d0beefe49d6157c546a2504f4db86hvd,0,0.03453444689512253
20,f019bd7ec140624144c4a9b40c42bec9jok79,0,0.04086710140109062
20,213a7fb31eef8b38a23ad6b0bf2c7fd0dx3vk,0,0.03675626218318939
20,669c6a0e8aabbf0647e8ee6e150c47b18a4pu,1,0.15495385229587555
20,2fe472c1be232dca314d4bdf0fa95165rjv69,0,0.24869005382061005
20,bdbcdf6a935f4d1781a2d33bcc4967130bdqy,0,0.04947282746434212
20,9a12aa1aa3560062c6f84bd374eb5f7f422vq,0,0.036058250814676285
20,d2fe98eb0fa21252956184a98138c58dwp1ah,0,0.03555887192487717
20,ef89b74b58c49c1a321d3d7ce061d151k51xm,0,0.03655330091714859
20,a40808ec5bd9d0440585286f1658c3b1ag8dt,0,0.03528925031423569
20,5dd3494b46f39f8c8783c25527b64dd8hp8ti,0,0.03676266968250275
20,5d5816d216122786933fb74c459f35fc0vnac,0,0.035194456577301025
20,613fe9b896ce3801e40212b3c8a8053c1e8nj,0,0.036825865507125854
20,63e3851eb5e1ee98df1065b333f6cb81mlby6,0,0.03988078981637955
20,72dbc4a9f579a9444c126a0a67118783092ec,0,0.03652983158826828
20,23f9a0e1492c4abf375823266ddbe36bzukj3,0,0.03579527512192726
20,8af01eeb860c2e6b1512377f28953110ml638,0,0.04018373042345047
20,70c6727cc40fdc6f752b28102f31a38b883io,0,0.03507040813565254
20,dd76fa7a75bd0e1921f71d255a8e0853l4lbi,0,0.03623631224036217
20,a0aeb6de8a21a5b776f63530ed753fdb34k7y,0,0.04272644966840744
20,693085cbb28f505f03b025dac8681a3bvfot8,0,0.03673095628619194
20,309f446bdb138faeb18072285ccd9901gz80c,0,0.047811754047870636
20,b9d861ce6162179a4b008b63e7fae80fjoywx,0,0.03672926872968674
20,eec2ea9d9b292a343f8ee566ba252baapagwb,0,0.03661061450839043
20,95efb775460080c0da57e154f27876d75xnsx,0,0.03639332950115204
20,d092609f5140c62ec64ddd7615c25792qgdrd,0,0.03531526401638985
20,3550d62e04bd3a1239eedbc29d9c970279b1v,0,0.034693993628025055
20,1afac423a94778ddf9b6c1dc0df7105cgp1tp,0,0.038007963448762894
20,c9a97c18992adb02e6c2e6a8f9cc1daa1di5k,0,0.03529749810695648
20,c2f592fbdc8980229367e1db4d0f7a51my54g,0,0.038630202412605286
20,01cda526658455000913950f20cf31a2q6nsf,0,0.0348404236137867
20,50a4bfbac8a9653af4099ec1169f684c2nsgu,0,0.873248815536499
20,3ded667003605eb856ed1aa2b82c1732gtma1,0,0.03427211567759514
20,f5edfebe95b4f637d1bcceb892b73dc7rhn7l,0,0.043253153562545776
20,28b4c35bd90c81ca959da328806469d493mvj,0,0.03659680113196373
20,4af5e2532224f9f7d1d039704573d9205jbkv,0,0.7013487219810486
20,292dedb5371b8e0ebbeea57f14b35713e2ie2,0,0.036619994789361954
20,4992da4511c3c1b4efed3e16c7d8dec65ilfj,0,0.03507546707987785
20,fdad47d27b793b74470086c35333d4fepycsl,0,0.036936044692993164
20,f3ad2931359bca59c36ce55ba82f9af8enbi8,0,0.034797366708517075
20,bcbd5c95680cab78cf904fb936dd03f86g19z,0,0.036774490028619766
20,764234598477e02cbf8a43983fd43850l1c8f,0,0.036157820373773575
20,1214fbf35079e7afc0a35645f8be8b218fd5o,0,0.03596172854304314
20,85d020b5f3d99d1272efa0a0d34c56a5dtvxb,0,0.03496258705854416
20,098bfc9c440f9ba9e6371f774ec6a36fa0sq6,0,0.036321401596069336
20,c6453f296ce36005d7e7e67e159e1b7cdbmus,0,0.03684801980853081
20,b853c1e4d6a4657d35705772ca6cfdc3qtox5,0,0.03682473301887512
20,a48837ccd05bca96ddbf02c55ecccf639adk2,0,0.03642803803086281
20,b1e106943db37b1d002bcbe06b264b8bahuy0,0,0.036742690950632095
20,f9378eb3e522beef7e6a4e1f275bbe0eaboro,0,0.03596172854304314
20,c5120d10a23eb0c10d56a19fecbf9da85t4ow,0,0.037040092051029205
20,465c4f2ad08cc1e5f7a5e1e3ac75654ealh0g,0,0.03708513453602791
20,9ae9782ecff93ddf1c6fa13d711b9fe1gc266,0,0.04331016540527344
20,1530008a712831e35a673d38959528f4ozipv,0,0.036334700882434845
20,86a626c876e7eb4be35f4f0b0a78f97a1rn7h,0,0.03629305213689804
20,f0fd9f1b3fc9ff10c2642b3bf81946e2rsq48,0,0.034643180668354034
20,ab3e02a6b47b250b738fdb010dc84cd7lrr07,0,0.03394945710897446
20,5ddf9ae899e629acf3e78141a9712a05a4feq,0,0.09701204299926758
20,18076726ec814a6f56da2cb9ea89d105j8vpm,0,0.03624672070145607
20,a7c263f3fe4f19ff677e5cb475f7e5a3gdom3,0,0.03660547733306885
20,ba266f4898bf572447ad65856b362595yjt2a,0,0.034582141786813736
20,2daa71f0d138b8c2d61583d3b98a25e1mjp9c,0,0.036483071744441986
20,c900620a019e78a3eee44109e4d1e1d2xd2gj,0,0.03612451255321503
20,2b429b9235bab2877cd93ac6d9fbc2d7tzwre,0,0.8023039102554321
20,5b0665172160ea4015e79dfbcfa7ed86oe0mc,0,0.04045157879590988
20,69d8fbf99586bfaac64d31f82b9bee27wltkd,0,0.0365167111158371
20,5324221d38a79636bc4560cbcf2d75c4gimrm,0,0.036001965403556824
20,510f33a3c0a290a0e43d2576d928a4abxieo3,0,0.03684338182210922
20,6362c8d61774cfcb6ada7cea1be63678hxkfz,1,0.041233476251363754
20,95af80db42edfce4e937550d60d79561punym,0,0.03663316369056702
20,3694aa599f836a57b671ee0814b071775i1nf,0,0.1904938519001007
20,5ccc30558d4c218cbb4d36872fb82a03rjxgz,0,0.03624409809708595
20,3318a824cfbd3d3d177ab7e9520b21cbsrcgr,0,0.036209311336278915
20,03aafab9868455b78f0723eda86698ba9v9rm,0,0.7244045734405518
20,ae0dc05e48d0f1e3ad33f37b4400bd069jktv,0,0.032606225460767746
20,591ef8d73236d150c32716359a61ff2auk6y6,0,0.03624153509736061
20,989e8e68621a43af5a8d061aa91bd9bfshy7d,0,0.03667779639363289
20,c58ffa073b3b3deb4e993ee5dd05347cmvfur,0,0.036009665578603745
20,e8f3ce0b2d0849968400b63b992cc606psoij,0,0.03517452999949455
20,fd5cef3fe1217c6591500c715d71717anczcq,0,0.03547219932079315
20,afb1d898d15663a9477870391cf39b697gso2,0,0.03523475304245949
20,8a4fc219f01e1fe6d4328b0a47fc54905iv05,1,0.03827694058418274
20,3e995d6f9dda5f29c02af4c9fcb94bac0csrw,0,0.1791907697916031
20,9349befb45c4869b68e82a1944f4f01377cpz,0,0.03664334863424301
20,d79919e5ba11f26bce5e70f0a4f859e3e4q9y,0,0.9463911652565002
20,900284c412387e0bb2dc2aa5ce42dbb9th70g,0,0.03678238019347191
20,8bc48bc2cd0ee494e55470a7ab0814c12riuf,0,0.03682899475097656
20,c6fcf1f7b824c864d492c4cd676cd702owsuv,0,0.035638969391584396
20,7188dec1b560385b0826f78e7608fdfeai9fm,0,0.8005331754684448
20,24029e6b641077ab7b9a1fde11a42666pkz6z,0,0.2989816963672638
20,ca5d4f0a3ea342fdc45c3325e5311049e2uis,0,0.03658447042107582
20,68d0de6b2b019e4f93fe89ef3c9d3e21zajj9,0,0.03592535853385925
20,e0984156959c3e7cd05b7ec8ae239303inqlo,0,0.0361739844083786
20,21114d057c297080f0f882420d2436b5mmukc,0,0.036699507385492325
20,74429c9ce8183e2b1b89600e6de4ceea5kn1t,0,0.0366404727101326
20,ca28bff4ab1f6e74bf08b92e16989e11vn2mf,0,0.035023510456085205
20,38d9e2e83f25229bd75bfcdc39d776baz5zu2,0,0.8831998109817505
20,3de66f8a5453943040d42e1e73f11eebll8h9,0,0.03596172854304314
20,6c0030ed696c4156b6ea3472374f6b54s4ih4,0,0.04423167556524277
20,5097b3a4011380b5d9447e1a7a20b1a556yzj,0,0.03519470617175102
20,9ab00034c9b00521ce121adb5dd4aa15tlhc4,0,0.03482304885983467
20,2e463fe6bc1616f8392f82c138a6a436mbtjx,0,0.03475992754101753
20,5de403f3d49221bfa7116570a4d572d8m19sh,0,0.036871038377285004
20,2eb8a353db13e68388f544daa2e28359oenbs,0,0.07075859606266022
20,b6e52f37365cfeae9204a9f408b8c3a4idcs7,1,0.8535719513893127
20,058a4e0ac0a20f504cc9c6aae2a896e6too9v,0,0.037083469331264496
20,c16a9bdd369ed3ec2891c46e64017560fbx69,0,0.037949346005916595
20,6f6e3687f67272b103351641b678225abarzw,0,0.03579268231987953
20,2e33b1ee8a9d4a5cc5f886ca455e8f86kxu5r,0,0.03513611480593681
20,668d393e858e8126275433046bbd35c6tywop,0,0.1203826516866684
20,c89d56c06803b8c6316a7c906604c64939yri,0,0.035849105566740036
20,54957cfd12ec8c64918b6200ea25d27fsc9hx,0,0.03503480181097984
20,b9fd0772481bf459179a3b4ab49171693im97,0,0.03618250787258148
20,445eea09a6299164f60dd11f23276b44rkt8q,0,0.03657155856490135
20,64abb8a286b2be97349e8b17abcce6d9rygza,0,0.03498614951968193
20,3e0bbd7d75cf543a56919ff5069b31a9gcbql,0,0.03477875143289566
20,76f7e6c70f2b84d885b23e2b2831e113ueqo2,0,0.036511290818452835
20,bf65e77ce8676fbab6fc78b70c50f05a8da8a,0,0.9023407697677612
20,37bf6f23b628a3e2b5b22ba81beccbef0efoh,0,0.0826263278722763
20,fa6bfb4a2156dc8e73a713cdab85bc4bmcmwr,0,0.036807652562856674
20,8a7710ee3c886df8ca78c88120603cf6taql6,0,0.036631952971220016
20,c67ecaf47f857f37f63ac0f4b9af3249wwdtz,0,0.036632273346185684
20,bb43fc12fbb0fd2b2536e4033ababf59exffy,0,0.036349888890981674
20,94c8c0f9c90820f28928caf5d122dabby69ts,0,0.035468921065330505
20,238808859d7752579a415e89a395500fh2o65,1,0.036458298563957214
20,72b21fb7cd32b1a65bed8a12eb94a8b7qa7rl,0,0.03685401752591133
20,9be39ea5a0612fae7bc43a25a6d10856l3qaj,1,0.03772496059536934
20,16e2e48cff6faab74e1f5c47669dfbbda7l5z,0,0.03609905391931534
20,0ae09b09369c76737cba059d192451001nwce,0,0.03656249865889549
20,52c441804b89bc20e4c8dd625bf163f27o2zb,0,0.03666763752698898
20,8c412ae875b672f18073d643c74f9f0clzbyw,0,0.03433862701058388
20,c8cf68aa6abce25325dfdad4a98fd890ap57f,0,0.03596172854304314
20,cb705744a588c18087921e74e68cfa10oev6i,0,0.04895986616611481
20,6c3bdc508c20f2f3871766cd73064c8cib3xh,0,0.03543241694569588
20,6b0d09889ff4889deaabd5f15b3b34f1jxl6v,0,0.03575756400823593
20,9adae18220565488f77036be41cf71beiepqk,0,0.889442503452301
20,026819504b59bc4eefb9963d5fe4271aql15u,0,0.03533804789185524
20,6ab75792932fb1ea6fc74a18edb7888c2orvk,0,0.03625430166721344
20,98aa09a7ca13559a9e2a43fa2ba4d2b7klwin,0,0.035462647676467896
20,6affd6d2976aa7c48dac70612fc8e31ddo7j5,1,0.7505584359169006
20,7b31d9d8b5e749cdd2c300cbcbb5f875kjlsz,1,0.8767728805541992
20,8473148f069a890b7323fe8316861a71qoxv1,0,0.0365813784301281
20,afdd5c7c912f9b6a88c0c2619d618124ycm44,0,0.03681478649377823
20,c4294be0db6b5c9357ae5e2e7fc8da9489qpc,0,0.03554272651672363
20,6e8cd4699eedf0075cf5662e1fff3a857bycf,0,0.03500513732433319
20,97268eb2ac171298eb03ecc6445d6879wk3pu,0,0.035277046263217926
20,197e90906939267ace2422e78e8e83889znqp,0,0.2043430209159851
20,31c840378b5c2e4469fd2e7f5a1e5a7d92k7u,0,0.03412964195013046
20,9f9dd5c179d357b53f145ae1e5cc941f5qfuy,0,0.035936903208494186
20,227bc0936837200d0aaeb444ab8d5f1axs8zr,0,0.03567466512322426
20,ef415b2bbbb81ed33cec7242678975d5m5qk6,0,0.035934049636125565
20,b0014101fe1b510ea150c149145dbced3q3md,0,0.03675084188580513
20,24a9abf72cedcb421e831c1be26607e37zojy,0,0.03671354055404663
20,572c9964ca41ed055830845993fdab29p4f03,0,0.03604293242096901
20,5201935b289665a197e38f747882948fjt867,0,0.03577834367752075
20,33895230e0b25b5d3133d502ef3ecabey84m6,0,0.046512845903635025
20,c616385a2762ecfd8e4ea16d8a1f2596qw07a,0,0.03635045140981674
20,1ea558fc18eb1b3ed7759a3aed7662d3p77wq,0,0.03669623285531998
20,050a3b29ca1818e1f237df8132bc2013bcuxi,0,0.03524766489863396
20,74149197c8684977e397ab60a6a264836b0lv,0,0.036472469568252563
20,23bdbb8575f191b71853bf78d09e11a1lhnfn,0,0.034846775233745575
20,d144312f2f68dc33a63b7863911b2aa459i99,0,0.03520575910806656
20,6ebbb4e7c3fb4ba44a89bae997717924gm89u,0,0.03565088286995888
20,1456b44d8b2b16cd94278137269ceb11ns7wy,0,0.03637957200407982
20,ec6d3fbd8408ba43891370d4ffe41eabhnwbs,0,0.03458009287714958
20,76f17ce227e593aeff456fed46e36c83a3j72,0,0.3948577046394348
20,6bdb40330295fb3abd4647808c319d29pb29n,1,0.7356306910514832
20,1d4eaaacb6127c43c1c007331cac135bpib3m,0,0.03581623733043671
20,4694d67c21e9a2edd614e717aa3f4dd2e0w93,0,0.0366731733083725
20,036a4050a5dd65e70f0f613ec2e38a74re026,0,0.036458808928728104
20,46f1d7df0a8ffcc10c3de0dad8979cabgr9ig,0,0.0371306873857975
20,74a35c4376559c911fdb5e9cfb78c5e4btqew,1,0.03667537868022919
20,6f07ce71625a0c57aa5c0c05071cba164jmba,0,0.03573310747742653
20,110d2e689da119388dcb6e235749b787ni298,0,0.036195944994688034
20,308def7f05575db9bcb6a67207d6c1beb2cqt,0,0.03479939326643944
20,de4388600d997803223748e48bfc7b16ggyrh,0,0.035355955362319946
20,069d251f2fc19102924468ab38349d5eou7ab,0,0.03507848456501961
20,a6230fdfd4879433e36a76d53440f426c7a7a,0,0.03707950934767723
20,77b7daafef906aa3f941992bcf94dd69zxk2p,0,0.035195812582969666
20,6c6c3559c5f656c71348f7cadf29bb12okgl1,0,0.03595253452658653
20,283987b9f1ffd4514757483ee1f01351xd678,0,0.04003290832042694
20,4731be79b5c7e894dabe5986e747b97bd6yxh,0,0.036368049681186676
20,4ef4b3e5727dc85f18aaf00ff9a1e936qyhp6,1,0.8857771158218384
20,eef111bfb93c213c174947c69b2f2b38cr2pw,0,0.04005276784300804
20,c65d2236a70982d628454d19472ce26eltxgf,0,0.03616700321435928
20,d381ce07afba12851a815cdf8858c1c7g2pfh,0,0.05419714003801346
20,74cf3a0c5e4f080415888bad2f7119499lh63,0,0.03698098286986351
20,d31f6cdaf4f8485190b4ea588f8c1733y6qu9,0,0.036611445248126984
20,a25f4c6838b83e0fcba372300c23c2537k5eq,0,0.03471534699201584
20,9e1f21ee1888368e77b539083f4b94ddv8mrl,0,0.036360420286655426
20,f2f10539ed947e4b141b2e9bf21af65ecz4f7,1,0.7730934619903564
20,de717bfad3ccf44a93f39e7b43f3b227cuu5o,0,0.03563204035162926
20,c2e1242ad5ea781923a08987d55365c69fii7,1,0.1317693591117859
20,219c6102f604c8ff0ead5d23375bb127del0d,0,0.04760397598147392
20,6d1354e720cb9ec90e19e29f5f895669qh6g6,0,0.03681453317403793
20,25331706aa2157419da068e93f3989feyo7a0,0,0.0357099324464798
20,67a1b129ca241c51d0abb5484f8eb3fct8o5c,1,0.676611065864563
20,1a764d01d19a1408382ccace87e61c9fndlo9,0,0.03675050288438797
20,0a92c4fa2bcdc8e952546d236b322053o5wbk,0,0.036748286336660385
20,6ca1de75674e78f9d3d63fd96fbe6e172t86c,0,0.03541525825858116
20,c128bfe7aba668d71126d51b32428c01tkq99,0,0.08530612289905548
20,170a58cf637c08f0818ebdbfddca29c9irkxj,0,0.03607817366719246
20,698da938f6fc36305616aa6f8affd53fobj5y,0,0.03520973399281502
20,6f6c9a1964fd4bbc082f2afdbf2d2af6ypdhn,0,0.03681395947933197
20,6ce47fddd94be5792190cad9d972a5c4oyjww,0,0.03518286719918251
20,a639448bde9a72923b70917e82594fc66sa2f,0,0.035500992089509964
20,7959bd565852dd880cd31278fab3660fuaqyw,0,0.03467542305588722
20,9e9047df09026ed5a5a3a86403811159u5yja,0,0.036426253616809845
20,0e373556d3bf588a1bb2ca6354120cf2dmvjs,0,0.03707544505596161
20,21f5b103136104e4947e293983dbaa5b4tder,0,0.919650137424469
20,abf6c2cd31be1630f5a7a1219935011c3rkqt,0,0.03508308529853821
20,9dc039dc57fd67bd9e7157f4f697ae7eloov1,0,0.18859821557998657
20,c36fad0b52a6be6ec32cc5530c0a2aednea6k,0,0.053303707391023636
20,c99b1edcfc7f0c751b68fb310d34b75ei6j82,0,0.03681504353880882
20,0f4669e36b2e721dfe27f8633b277a1575erw,0,0.03677806258201599
20,1a5d7993b43386f64fcf4b84e7b183a6ref21,0,0.05110293999314308
20,780566278695c3771f81afc605abdffa4143q,0,0.036957453936338425
20,c888cda1ef5931da0db90f6803cd0d368ay6r,0,0.036330725997686386
20,b1ae4691fefd3d09d74096ec4caaa6d1v6tbw,0,0.03686130419373512
20,622a477170c3e2215b7e3cdb06db93aezz6t7,0,0.13894565403461456
20,802a819acf0601b43fe5426cb48ac0bbqwfu8,0,0.9034072756767273
20,1870650d20a97db60ce4133bb9352b69h9phj,0,0.03523743525147438
20,b217ca4cdea62a3977481e398d2cc9bd4sxht,0,0.03676767647266388
20,6ed19e45dc118b78a78f25649aaaddbeef7e4,0,0.03667745739221573
20,537f38e5fcf2656968e0a1752dd494ba8z1jc,0,0.03705733269453049
20,786cb68d5d2012dedaf70257449090f2hfb88,0,0.03625686094164848
20,b9cb81e5855add059728cf932f0624fefbi2t,0,0.03681211546063423
20,25aca203223b4d9563f5b1a01aa3a21ftlgve,0,0.035371314734220505
20,bd6adbe79fcb843aeb97546947af1236kbg7p,0,0.035534974187612534
20,6b1666662837213ce77c329d8cb2a842epaeh,0,0.03562329709529877
20,12fefd74d82d90541872847f199f6324cowi5,0,0.03521763160824776
20,e54c3b01eab75ad3a616d56dd06ebef758ua8,0,0.03615482151508331
20,61e4b6ad0fc268d42c330ec99fd8c939yb7t1,0,0.04491567611694336
20,ba258a455ca17f2c13cab3d0afc7de0b48h0t,0,0.03404521569609642
20,385325103b3eb54b0b974523fb7a13e02go5s,0,0.035415615886449814
20,6c11cc7744fb52a632306ca8bf966cd1e4zxx,1,0.3272455930709839
20,17a321c4a0d925ca80507effa52330ac5n5r7,1,0.04393982142210007
20,e5736d7f8082d7d7fee8430c0e2279bcdmt2a,0,0.036679379642009735
20,363ba0a2afea1b074fc1ed270c86050byprz1,0,0.03638586774468422
20,717a0a200628f9606d88afebaaeb409bv60y8,0,0.5438423752784729
20,f939c17ffc7c39ac9b35b69e5e75179fv9pe2,0,0.03681553155183792
20,84a769adc98498f52debfe57b93a0789556f4,0,0.03642356023192406
21,57db69e32163f3e486dc6ef7d615aa12usje6,0,0.06450921297073364
21,d91a4421996dcf429f575e372915cdcedae6g,0,0.8576411604881287
21,880f542a275df1251612886d408b32e8m96cp,0,0.06850621849298477
21,9c509838d129fcee98cb3934079ca36asla50,0,0.0707370936870575
21,11a38554244f3c14de043aaf52345c35jjqvo,0,0.11164197325706482
21,0b68888358a492884e3885bcd73ea63bhxidk,0,0.06397760659456253
21,d6d3daba4bea632d7f5a4e2c5146f109dkd4m,0,0.07067422568798065
21,95fede5853bfffda8f50f6af494ff1d1hsgie,0,0.07153622806072235
21,98783b6bd490f32f56c315307643c824nimw1,0,0.07027535140514374
21,c0e1ecd40b81bda3b7dcec501334499dgzq17,0,0.07073590159416199
21,aabc211b4cf4d29e4ac7e7e361371622pockb,1,0.8972480297088623
21,8abc7635daf75f9fbeb63783b7b8ccd5rvuyo,0,0.07067844271659851
21,d738b259ec6e6af625d1f41abcfd63e9e53tx,0,0.06803487241268158
21,19815d9bcdc74c3ddfb9ff210c1739f3tup3i,0,0.06898898631334305
21,91dcfc10da696a6d90966ff795751708er5fp,0,0.8787416219711304
21,a3c2ba79963b637f15086e6255a46253lwpnb,0,0.06758274137973785
21,59ae36080fae26bccbbc31a4505b6fb3v3zjy,0,0.07177309691905975
21,96b90af2d3eea4d3b2bc725e1c92e212qu52g,1,0.8846967816352844
21,001068c415025a009fee375a12cff4fcnht8y,0,0.07175836712121964
21,cf33d05860b7f7d9af73c6091190b81ektz1j,0,0.8640581965446472
21,1ae57d217b27820cabf6e24b721bfb38s6ja0,0,0.07066725939512253
21,577af9ccdc29dcacbbce0f36b7c1ff15btljp,0,0.07197205722332001
21,6531bde8d4decd9708ff4407ef95e887a26yi,0,0.0721718892455101
21,20cb327bff59dc8f4fe1ac68a30f02eb6jrq6,0,0.06818472594022751
21,80e753fbea14f966b1fc6d1e194d4e66822ms,0,0.07099184393882751
21,28c0d4c81a22958352aa742f7d74e477qwo51,0,0.06925364583730698
21,461dc3d03d1e28d52770a4d3dc7db34558fcg,0,0.0721500813961029
21,60b8145bcfed7a5f2a23b596a8aff99cdzn4m,0,0.07051878422498703
21,75c4518eba20c9299a3a836d9905c327w6j8b,0,0.0723617747426033
21,d65efaa8129a85f85bf909e5abde8c3628gfv,0,0.824104368686676
21,5960fc711b544e2617d0f76360b69e2afds2b,0,0.07239192724227905
21,5b25a86acea5ff395bbd62399bb5cc9bb7h6i,0,0.06951325386762619
21,fc8e62e5fb69ba67265a3d0e3403aa3fr8c2q,0,0.854185163974762
21,dc52611b1a2c84c0949da5af9870d57fj6ab0,0,0.07052473723888397
21,5106dcca581b63cf2226110a9048ee4846sxb,0,0.07072065770626068
21,2e3b450b727fe3e888c85d52251fd33ffoi4b,0,0.06908189505338669
21,ca76df527977e5168e1b3352cfab2ed9htipb,0,0.07095588743686676
21,22fb740f267ac617118261b2fd3365batisfg,0,0.06894123554229736
21,f90f13ddfc0f98cbe3c2346a2e30093cq6zo0,0,0.07039929181337357
21,20ebb9de648c6df989f04d07cf273c7b3yu8c,0,0.8995538949966431
21,17eeec8676ad56bfead1a9406277f41cnev3n,0,0.8349825739860535
21,c7d335bf99b9c71fb22797ecbd78b92ashv4h,0,0.06539580225944519
21,a94c16f8a98e493e2b4390b1975e690dv8cmu,0,0.07064580917358398
21,1af4685cda2979a608c4b6ad83473774qgicn,1,0.8278859853744507
21,e909515a6ae94a86027c717c4085954akbpt2,0,0.8385465145111084
21,068450aafae2a6e390e35925d964290cdliqf,0,0.07069115340709686
21,6a87cc9dacae884e817de2ee08452e76dx9mn,0,0.0716405138373375
21,8b4071f3e2702b88481054081363bc15her3f,0,0.8997786045074463
21,f0c356e136831c41884b0732ae3198e0gcy8w,0,0.06980577856302261
21,6a76d66f035914f93ebc725a0998b399r4gdq,0,0.07158980518579483
21,908ce7060337fd8550760a100921f6f7wsemn,0,0.07272199541330338
21,eebfd257525e52b67969ae9d8760afff12j3d,0,0.06847480684518814
21,08515611e73803dc6d8c562b8514dfb5qi3z9,0,0.07775493711233139
21,f46cfa9acdb6a4c419c70c19be4ff9523uixs,0,0.06656946986913681
21,354baa6c4764a5bde013ea3f7edc72552r3oa,0,0.8924236297607422
21,28c9a5ea8aae9fb4f6a755f94cd922361v9ow,0,0.8656584024429321
21,b9080651d16e3d6d2d83e1c5debb55b0qpwbv,0,0.07234521955251694
21,c8d972b803b46212369cf1b480328dcehb9jl,0,0.0703611746430397
21,99bcfc00be736e03facf0afeb79ac533cs7tp,0,0.07253711670637131
21,b191c73f160bb9320dd3715bc3ffed26ymluh,0,0.06921415776014328
21,64e802fa8e0c17ec2ba1b6425648b7cb7ndkn,0,0.7834274768829346
21,20662832566daffac929f803f0c236eaperht,0,0.07236530631780624
21,3d281a78c6a116a91baf9c8db22b56bazer1h,0,0.1206643134355545
21,ea5948061b2059bcbd900d3ae7e86e428ae8g,0,0.06579548865556717
21,a7454ee6fbb69c4079caf5b5b92574abi6pyh,0,0.07186918705701828
21,f876e3be4038da62f49234ee498feb732gdcl,0,0.0704047903418541
21,ee052a24cd3164af9d08fe77bd6b79dfrbelk,0,0.06711114943027496
21,179a23cad40c51dd7804069bf769d11e1ftk9,0,0.8494947552680969
21,205c519be884c5b1c885f61c4ba8738a737qg,0,0.7960510849952698
21,e0824707d4a78230ae54209a920bc3e3pzdpp,0,0.06919509917497635
21,c5dcc8a649adae76ce01a3fa85b68f237ny2r,0,0.0699285939335823
21,f61d93fddb01d2d89a85a132c649aa90lj1z6,0,0.0687083899974823
21,db88530db963dab43118aef5aba127ec29abp,0,0.07170110940933228
21,cf9a1c3af63d1bc3f55728b4a06a5f46njrac,0,0.07171501219272614
21,6f46b3e231003daf21108df4624afcfdaaswv,0,0.06893455237150192
21,791031a63c9e2b4835caa9a4cc1768baias2l,0,0.0686187669634819
21,fb5a19240e36ae12aaccc1e9d9231144l32hv,0,0.0696646198630333
21,8c4b0d95ba36c0ba2a52f9043c62fccev75uu,0,0.7439739108085632
21,570910327f5584ea1ccba92634d89832lo1zc,0,0.0721813291311264
21,e03311c7620a8098b7a177a5f1ad213ernao3,0,0.06944441050291061
21,27cc072f1432f7aec4b7e17cf2e473f2x3bjg,0,0.8662435412406921
21,cffb5f3c1f4ca815d0f643fcb2f2f316beod4,0,0.7695432901382446
21,2d82c3dc726d2bfa19c5f16ec3de5023lbse1,0,0.07099175453186035
21,7eb6a5ffc5e8471efad7cdc8927daf677qcf8,0,0.09662464261054993
21,0d0d43ac593a891ce100d8202d3d72c3xsma8,0,0.06783469021320343
21,35a89119272ca55d7f602689616b58c3pebir,0,0.06989686191082001
21,ca0331fc37db2b251a012376f7b987fcma2jw,0,0.8990358114242554
21,b970a53727b2bfaf02079779c846a52fj3f0q,0,0.06955749541521072
21,7029915a2c5aa5d964acfd85c30c3950b4opr,0,0.769491970539093
21,11d7f0a5076649b229c301a22537834e1ehwg,0,0.828827977180481
21,4f891171f7b09f54d8b4f30b48421f178m75r,0,0.8223414421081543
21,3995d9ce0cebd62d77cb8add067d93e15oezc,0,0.06416965276002884
21,88e24a019c32a60f2ff315a9d217ec33q144x,0,0.07015736401081085
21,d1f000f475c502ecd2e993c52987e63ed3k7n,0,0.07072321325540543
21,a3ef8857f2e33ecd25c409622b4e3ebcij8hv,1,0.9000353813171387
21,a8a5bcf248e1326b3340c88e057f59e9nlslq,0,0.07172885537147522
21,bf80bec9b4a8d29c494f8545f2a4be4eji6qj,0,0.3876647353172302
21,86b6207b5e87d58ae307bdc1545a101akz0ew,0,0.06950918585062027
21,584d1d60d357a4ee1fd3b0a6a72de1dc4rodn,0,0.07064316421747208
21,d63671871e4010e904b9419e48781565weafn,0,0.08465080708265305
21,3ddd3eba016fc11b07c8a9ecb3fcc2975bkru,0,0.07209078222513199
21,e0e5719b5d763eb4e04c7f6e4e32884cmlpj7,0,0.07062321901321411
21,14f226ef57ed64d8e14c8b5ae929143cgq3em,0,0.0757150799036026
21,3073d007a5b42b827cc770ecf4805278xvvzl,0,0.0689825564622879
21,3b947f8c954acf4354d2c3bdcd494fb0x54ee,0,0.07047607004642487
21,56cfe8b0d574e1df3f823c2cf32226eff52uw,0,0.06915928423404694
21,e19f258fa5019e58974b562a8e1433ccluztk,0,0.8604897260665894
21,a99f91d51e8d9f5786dfa52e24292dfebi55j,0,0.06663718819618225
21,a60101895443bfa5d4485b9c2c3e1b68t5ppq,0,0.07524602860212326
21,84bd02dc56fb7c3402426ef7e8e166e2ptwo6,0,0.0714835599064827
21,679d60378d42ca9d3b8a28073fe14fc7bv4jh,0,0.0773797258734703
21,d7c046d4328c139e76fea7c1833e8fe6fx4yz,0,0.07043030112981796
21,2819b8b2295f272f33f8e76fd344ce6bywj1p,0,0.07175260782241821
21,790c497536a2a9fe080c3b2ee6d5eeb9caiv8,0,0.06762667000293732
21,2794512e8edad5f99d28c33c7560fccb9zl8i,0,0.07207971066236496
21,2d6a70a8341ea0fbe4c8537ffbce919etg4x0,0,0.07215993106365204
21,953879d32e39e014cf8ce73daa2547cb2ke8t,0,0.8513000011444092
21,84c4b58a1491da3a30710bcdf61f87054xfq6,0,0.17125433683395386
21,d0b096df6b5ffd2efe8d5cfad4a24912zs3dd,0,0.06790786981582642
21,86091a1e6c99358936979baf67d54457x1dzy,0,0.06940877437591553
21,b0164d9a18a3cdf6082e96f9708040690qcqf,0,0.5002491474151611
21,9e9270c06937bfa13f5b29e737c3438fcocyn,0,0.07016059756278992
21,b77312a06d10e22e3caca85fc7fe0342b2adf,0,0.07061973959207535
21,cbc71ae3c3690c89485eda3f08b9bb51rqrxz,0,0.09344986081123352
21,c6a49cf5944626b45425712f9e19e91d2nyh7,1,0.8969458341598511
21,060ac64ff78ae62e9bc697192cebea333760p,1,0.8949192762374878
21,de8943f2b113702c98ef695888b7d0c6my29p,0,0.07236833870410919
21,2d113999234e06201c0940286d405453wqjsw,0,0.3476818799972534
21,fd1299f1343236dea07bd0ba5f8ca220csnv8,0,0.06785020232200623
21,cc78aba7eb8293a1d70f083bd747fa1450906,0,0.07198581844568253
21,d2eca28cbe0a3dc69715d719c6958faaaqx95,0,0.09389748424291611
21,bbad48cdaa604c1bf40b59120a775794rnlg1,0,0.06917446106672287
21,8bf07d8631a2808f2c869e27afad2d41swgkd,1,0.8855666518211365
21,e2554dc14d54c3b7be85c59dbc1425f77qv4a,0,0.07229942828416824
21,af5d33f9724b0e8c1f875406c0556d1e6eotm,0,0.8622611165046692
21,1e050a096927d5b34f4a85d3af28d30eybsaz,0,0.07585924863815308
21,a9bfa54aef505d65ec488d8984c82a7bf0fjm,0,0.07456345856189728
21,d4be674fce23aae81c4cb946d4fff8671gxtu,0,0.06880617886781693
21,3128932859bba46f57cdd19579c42e05lif6h,0,0.06845028698444366
21,f05dfdaa2f67b190f3a79a5a2d5daf9coikow,0,0.07229513674974442
21,9f60e1593604631e10ad2677c51055c6mv205,0,0.07171475887298584
21,ae817305e82b580f9ab89f1a379488e39il4q,0,0.8050143718719482
21,3d48d4b09fc7559bb6c129fb65c133808brgv,0,0.07069126516580582
21,ae6758a627a111f6d6b530b0154c429566o4k,1,0.13817468285560608
21,1cf0d30e0bf9f4a536b1fe16ecc26cd22j50c,0,0.0712389200925827
21,3bc8edfa1995a99110b957ee98fb5c76nkl7t,0,0.8136501908302307
21,89c8eefbf6f83543ce0792d1e4b86057ti16q,0,0.07018660753965378
21,403640a20dbd2c4bf554e558de137deckn70o,0,0.07106911391019821
21,d2fc5291537a61882065e571c21e796975uy0,0,0.06941511482000351
21,46ceb58fb7a57d86a26cfa154c940a8cuktu7,0,0.8509404063224792
21,d645e4b8b043a18bb1c8689572ad4fe16q3np,0,0.0735224038362503
21,0cbd01c9e8cc800aabd3b3e4c618f9caktfgp,0,0.879580557346344
21,ed5fc53d096bcf1b86c30128040e775334ut0,0,0.0794653668999672
21,0c57d8eaa2708b768416ca91dd8daa2cqbl31,0,0.06883960962295532
21,e4264fc4dcd5f917ceb002d860441370s054e,0,0.07120882719755173
21,abec779131ec6bd32f5e32ed0f274400ekljo,0,0.0693155825138092
21,bd0071b98d9479130e5c053a244fe6f1muj8h,1,0.07235796004533768
21,5920a92dc2b65e257061017a04eb5361tpa9b,1,0.8975147604942322
21,0a43de0ab0a7525fec59ef4bc1dda7a2z9z69,0,0.7998303771018982
21,8acae9b2e5454fbd92fd0b3d79fe89ad6w2wp,0,0.06734980642795563
21,4c67576a6f30a158d16d790a7fc482b0zqxue,1,0.8904471397399902
21,86e50263881b0d382b55777185eb648aagh1g,0,0.8543259501457214
21,1e3642857c10e72cedaf7890e3c07bfa8ibzv,0,0.07272199541330338
21,45fe4f0fb849e7195a1efd5495d1285f2culj,0,0.06897489726543427
21,bc3b92a81586cb726cbf4d5b418fee41o20sj,0,0.06970265507698059
21,c59f4511da2e8dfbf02668a49bc391895wk3u,0,0.07214400917291641
21,c8d3fc73c1a41bf92a5e4982eb6cf78du8gg5,0,0.0692066177725792
21,d9b611dab3b5116f761747fd3166ecec80icg,1,0.8564642071723938
21,a2933e33896035761240ef5a62477779jf7ny,0,0.09615705162286758
21,7d8d3493942dc13742444f28626c5839axjqd,0,0.8408563137054443
21,a2b4df001b0e40a398f6d4ae9b316c0eix5bh,0,0.06982725858688354
21,aea096a392f55d95c3e45251931e9755a9t3o,0,0.8487817645072937
21,05ae7ea9549ae298bbbc8002b4229392e0ilf,0,0.06486809998750687
21,4d6580da346435dff2503c55ee5e0cf8wbkb3,0,0.899646520614624
21,5720c8d7bc15b94037cd75ff9496a35evugeo,0,0.8944888710975647
21,a5fb60c136b7e0a6d0d6e27cadb2a797225r6,0,0.07401380687952042
21,b7630ee9a73e7ba6f11f7717b7f03ed4be2hb,0,0.8672398328781128
21,0bf6e0e5184b3599bbb4ba1fb3a43549ije34,0,0.07207225263118744
21,e9b27622a64f2eb9dc7559d43bc45e31yci23,0,0.07051903009414673
21,84c7bbdc12233f88f35c2c3b8f178803ta03m,0,0.06737837940454483
21,c1624207d78346c3c58cd44f3d5472fcriae4,0,0.06966636329889297
21,b416bf88dedd6ccdbc3a2146524500258qdzz,0,0.0712311640381813
21,99ca795998fb781a42d85f1abeb50482yzffz,0,0.8909680843353271
21,2fc0efdb6ff10d51e3a4d979ee52cf07p4068,0,0.8234148621559143
21,3cab5bd983f5be9c16789b6c14bae982nhi9c,0,0.07183033227920532
21,3df41510a5044de5438015f37dfa3443bt7pp,0,0.0689966082572937
21,a6214d8bf07127661f322afa7c8dae91ypizm,0,0.06822966039180756
21,4444bfb455b90711234e0c25345abbaddrt0x,0,0.07272199541330338
21,3043fb0b4a1904222f640107f84d6f799tves,0,0.07840720564126968
21,8215dac41ad35a074c93bfcfbc0f908chlo5n,0,0.06809451431035995
21,f3bb3c26162cfc1b8c3636a7ba126010na3n4,0,0.801087498664856
21,78a444127a896122678835e12ef507deh01hn,0,0.06952261924743652
21,70c31e8b3476b953648fd4f8775c1950m1uz4,0,0.06852033734321594
21,fb81da0790d821a22617d748d0226540ylrj6,0,0.8578140139579773
21,ab0b0de534bad49af05faa626b88389cmjj8e,0,0.06856699287891388
21,a13da89a3a54ac9b4ced156542afca5ddyumw,0,0.0718211755156517
21,74ae4f7b1692dc42622696303d9d4d763vksg,0,0.06850646436214447
21,93ab2dedd76c1859885cf724ebcd987c9ngfi,0,0.06873948872089386
21,8d638f6da12614d6b369249410c3d278n8qme,0,0.07072977721691132
21,9d1506d6779356dda24ed87d41f3be39yn1rc,0,0.06883841753005981
21,6182daa56cb0623719228c9e576b71fcpg8r8,0,0.8493256568908691
21,36e2e2f32a3872d3e958c0a58ee79bd129xdy,0,0.07062659412622452
21,d6517684989560cbb0da1fb2f5bbba9b9y2st,0,0.7562869787216187
21,332484ddd66b9a3db89ee68f08b1288amq90u,0,0.06744913011789322
21,ed5ee107143980558fae26c1b5c7b81a82spj,0,0.07002052664756775
21,519c0f3b989c8e1781e0910f685980ce15wzr,0,0.0713111087679863
21,37702159c6cd2c1a21cf66600e96cdc6rdbff,0,0.07063119113445282
21,8644c9765c64da22776cd67eefe0f498u3aaz,0,0.06423494219779968
21,98ad4163bb0b1abf72f165056d4bf1a1g8ekg,0,0.06755490601062775
21,d3920630f4891b9ef1a8a199ce5c830aua4yi,0,0.07070274651050568
21,42e631af9bd00e5e816f08eba3b102d5ch576,1,0.8948391675949097
21,b0973e698b12fe51ec2f259d924c6098rasmy,0,0.06747455894947052
21,58f590a56f480589646d255d570b0877zcjw1,0,0.0689370259642601
21,1def3e23e479c9739abce6b3518013d39oejk,0,0.7738301157951355
21,30da67f34e3cc215b3bdad588410fab5655fx,0,0.07071380317211151
21,ec3b2ff6f725e847f93285bc9d2b7b3dvcd4u,0,0.06902611255645752
21,6429ef4aebc7d1f4027b31a6e900d165nqvyz,0,0.06705910712480545
21,2137e2626c568af8e56bfb72fdd5b9e19qiyt,0,0.07132133841514587
21,b8d88a1167ab74ba64fd6d9c83308a6d4oa6v,0,0.07160405069589615
21,90fd7b3c991701dee376daeb09a0a5b7kawse,0,0.0919673964381218
21,8e0462410d727b34290fec10fd5661761yc8u,0,0.06901015341281891
21,bf8de839c1a8b7994d19049667548e4ewchpm,0,0.07098083943128586
21,5771ce26e8b0fcbe7e90106955638b251qj2w,0,0.07097748667001724
21,9fbfbd8a57e4d4b18338063ffa43f1bez92lt,0,0.0696689710021019
21,a06311ea45de34bf667b79a92d13c764i6aiy,0,0.07071802765130997
21,d3e1891edac2851f6d34de566802cac8m8dn0,0,0.0744592696428299
21,3d2608a892e44dad3027ab55bfaa0b26r69hy,0,0.8683149814605713
21,53f61a2f33e8b07e49da643af49884782vzdu,0,0.062163639813661575
21,80d8e3bfc8a2ecbf22614befbdaacf5fo6o5o,0,0.0706278458237648
21,9a5fb8e2e5add29b006d789e4cfd1513paga5,0,0.07063684612512589
21,e90e4701234b13b7a233a86967436806wqqw4,0,0.837283194065094
21,1d69e006699adba0c79ab06f2f622445nuu63,0,0.0676928162574768
21,d127576e329604b576df0a3248cdcda3279td,0,0.819000780582428
21,43295f805d813e816fee438d9a394bc4o4of1,0,0.06973373144865036
21,bf6f2ca50a3a6a3113681e754307aa4ehnd5j,0,0.06907039880752563
21,8c3631460a4d25d2b21b1f92ebbad752a19ww,0,0.06933333724737167
21,3272e16da807a75a987e26b09bb2147by1mxe,1,0.9006941914558411
21,a71f84e476d03bd0b25d45e44eeed9a8efehw,0,0.10215233266353607
21,3893d2c62d59c232112efd332bc342dap8b4j,0,0.0706552192568779
21,100d406b638e84e2da7c31b03100b874qiay2,0,0.07307858020067215
21,ffc4e2dd2cc08249f299cab46ecbfacfobmr3,0,0.06877513229846954
21,d6fd864297177c38cea65aed8a45fb7bbp2e3,0,0.8745684027671814
21,a0420d3961adf890fccf4b43899708f6h40zs,0,0.07067126780748367
21,78e59e188d9780cb8988d574f692ed343s129,0,0.07372847199440002
21,21c5f4fff051adecaf1b080fbf910ca3dvi6a,0,0.07005936652421951
21,98e6dd2906ef1f7c13284a309f6b160cb2ujz,0,0.06915275752544403
21,2f9a7b01fcce94499a59aebfac98fe1ezsk1y,0,0.06940046697854996
21,7a9519ae09e328b09d18473f96ef075fzrs1v,0,0.06779315322637558
21,1df5be644b8963750305092eb8ec878ayba4x,0,0.8622482419013977
21,9bd2d79f328a5afe815d5832e521aa9187q2j,0,0.879875123500824
21,5c2e85ba72b9e9e16f77939fee7ffb5eivaqe,0,0.07020743191242218
21,02cfc97e8fded77671e71e1951723d5fwz6a4,0,0.06679025292396545
21,baff2ce04381eb1bc4747d557bf52208vqmby,0,0.07142505049705505
21,fc870f3872dd5e36e4dfc4ccde28cc930tify,0,0.07008665055036545
21,25f1a9c0c83eefedfc2c1589e763c2a3is1qy,0,0.06939904391765594
21,225716d7bdf8f90cb4a4b779c663cea5j9sqp,0,0.06694246828556061
21,4579226b86f3ca5b5ea1597efabae4c42j4rw,0,0.06720438599586487
21,2b2ee7d0ebdf910833b5cb173c567881jt8sj,0,0.07068765163421631
21,4cd52ae88da3e30dbe01da5048151c98p4f0v,0,0.8998038172721863
21,59d96b423ea3ed56611686300b681f3defm4n,0,0.06765303760766983
21,e833712b1e29ffe74517e2dadcb4f2d1pt5t3,0,0.08136684447526932
21,25f59f9da43b6806aaa125fa61974591sacso,0,0.06866300106048584
21,45e4c7fe66077b5b7b338f19f476f9d85jlk0,0,0.06953511387109756
21,ff181014a0d7bb534fb9a35f22e24fe72m1d5,0,0.47535890340805054
21,88acd2e23ea6817d9d9fc28f38a8d1aftqssz,0,0.0741516500711441
21,0547dbd3ecb4a293913f138d60b586fdf4ane,0,0.23721779882907867
21,6cfd573a82acda92e8207745bca28aa7lqjcm,0,0.06988576799631119
21,68546847f11f6415034b7e2263e8ece62p3ud,0,0.07150924950838089
21,7b22c9a323baf4a7bc7a3761e4a30bfajixmt,0,0.06840232014656067
21,e578807073c57556ce334044382a9b98iaz6o,0,0.07063845545053482
21,d810a7956e4d9fbc246d585ce84e8ea0750b2,0,0.07077661156654358
21,041d869edcadf595b90e3b5248903183pn754,1,0.8955934047698975
21,2366cd7cf3df530ef4fe40b36ffb936fyn3rh,0,0.07092411816120148
21,c41ea39b2e13b0fc9ccccc2546f924f1obd0w,0,0.07118383049964905
21,782557b3ec17063f2a36fc9193ed3200h14me,0,0.7569952607154846
21,e783e5f6b818d18eda4065282022ac23jd1fw,0,0.0694364383816719
21,a3ef8289a92196b07e2e7371bb111e3aom07k,0,0.0687628984451294
21,462df7ecf1d47980dea6a93d44fb408d4u2d5,0,0.06707894802093506
21,5e3747785e44d85a41a74470c051e946x01dp,0,0.07181290537118912
21,2cbacd5b066b7dff7e0a87e1ef00e0b4zpqzw,0,0.07038163393735886
21,7bad0fc50ac7d249e0a3d8b83f68e855fcnxu,0,0.07239064574241638
21,6326299ca6a53277b2bcea07bd0b4ba8ktbqj,0,0.06573743373155594
21,96f31c5b3baa8704096cc8d4301b4c96i6fyp,0,0.06752941012382507
21,10f01aff2fc23653ca7ea1d74248357a889wv,0,0.06880155205726624
21,8a27b2e29086c0d2e589053537e88393zsyr2,0,0.07062574476003647
21,c1850964c360c9159e5d1d0b6485e210s6uvc,0,0.06856676191091537
21,5c2d250afe88df6e4ca3ff08d991eb67s5erh,0,0.06618434935808182
21,783d5c219ff84cc0517f59a39bb98e18st85m,0,0.07169084250926971
21,031da7aea2d4b75ac8ecba4825bc1318yki1d,0,0.0693921223282814
21,958de49cdd870198543313fcf574d7c4eutrl,0,0.8078801035881042
21,c8f537f6bb0aa2d45da541a875f014358qm7p,1,0.8404194712638855
21,466ebf78d7326a38db1e19fdc1c70e9b1qu0z,0,0.0705096572637558
21,9a44bfde11a7b6ade17cd33a2b5102fcnlhm7,0,0.6939316391944885
21,29013ddeb60a18f7d3bf9f3aaaebae6c8651o,0,0.09598149359226227
21,074daf9a99b01591cb0637cb95c32600roriz,0,0.06935613602399826
21,63424f85cf53557fdb5dfc6a280af75epl45b,0,0.07090000808238983
21,8c09f4afd78059d9200cddc435f5c48ceph11,0,0.8966876268386841
21,93e3c34171ab65e0b031dc67461e48b478u36,0,0.8157392144203186
21,3c77ec9f79f6febf630325ef84f2a0bcl3qg1,0,0.0695609524846077
21,a124589b3af5a212406c0306584a9554fazi4,0,0.06939509510993958
21,953e01bab9ac8786b4bfc77d183732bbqw6ng,0,0.2560426890850067
21,820dc943d26965d377be315497837bba5iz67,0,0.06900244951248169
21,0a09adcd35b5f26d75f251006affc747drfu4,0,0.07141585648059845
21,e61c14d66cd5693d93cb0356d7f444ebinx9i,0,0.20198796689510345
21,664adb319c2be43104b6565a8ff293dea0f01,0,0.06837187707424164
21,950aa0150f419cd6361bd3c500e6e695xfljo,0,0.6609984040260315
21,8c939b6713b7881538cb05eca89cfb1cw1lhm,0,0.06924676150083542
21,874f882f7efff96263e9b555415aac36dsxry,0,0.0677751675248146
21,01c1c7be49cd6cfbb9075925a05c9899p41va,0,0.06985535472631454
21,737d19fdceb065359c77b81d27053c4e5quiq,0,0.07183367013931274
21,c8b23d6565e11d874e221f41440ffd25mrucd,0,0.06746027618646622
21,bef84146ac1e2f21e928e06ede1404793bfnx,0,0.06839454174041748
21,90fe8d6fc0bbe4ff2ca7833fe51bddbaaibof,0,0.8365424275398254
21,0f8cb1baa83fefac10f885f79149bf13kn4nw,0,0.76297527551651
21,cbe8d224a38ccff930674361b502e7beyuf1k,0,0.06817691773176193
21,8ab98c1e6cbfb902af4e02050a886396a40bg,0,0.06988192349672318
21,7ffd9b7b795d9335153d481fba4b3076plrxc,0,0.07032188028097153
21,bdab2be5a94c6380c60b902310cbe1b6rs4iw,0,0.06927023828029633
21,55d9cdc3af85efe87b2a6f22a2cea96ezy2ax,0,0.07105740159749985
21,40fafe756c4695b32df7d19d4c710dabvzr79,0,0.07272199541330338
21,34914d163517a0cc4f0c971afb2352106vsvz,0,0.06881577521562576
21,fdf908d608a629d5ebde14819231878dojel8,0,0.06875627487897873
21,2106dd7866abbfb4e7c68067d7eb9bebflq5d,0,0.8458444476127625
21,c9416e793bd0559bca3ad4a5194d4cd1k8eyc,0,0.06995103508234024
21,92a63dbb8323426833b944a4fc196fe27pzha,0,0.07010459899902344
21,24a32bf10c4a5d4d91c27da4710c869a0nqim,0,0.08411304652690887
21,942563fa6695a4b2f76ab6ff3bd58030i75z7,0,0.07227502763271332
21,78830493a121b8b6917d246ec73ccb4anwocl,0,0.8988791108131409
21,64f6b099082e4fb2e8da7ba4ae9abdead2cej,0,0.06685414165258408
21,81392b54fee8e50ec74efb27cf0de8e32fdm5,0,0.06834664195775986
21,1275d8a6a3b2ae9d24b50997397c254cpuuzv,0,0.8386787176132202
21,0918eedd8324da06abe5600f058480dc75nfo,0,0.06920766085386276
21,ce7d34398a6d6011bcd96ff0aa82b6674hxzl,0,0.06738791614770889
21,0f3ee77a46dd5a09ad20b7c3e54ec614sbpvb,1,0.08045049011707306
21,1a09feff347553a2577983d7c742e3d6l2hfo,0,0.8772751688957214
21,70739399d69a3b7ea9e72742dc728742zp9uf,0,0.07212235033512115
21,cefd0ed907595de146c91e6c26b8ad658ilo9,0,0.07010845094919205
21,44bc1c87245aac66d176620f6ac9611ddbcil,0,0.06826776266098022
21,3144ea2711bef53de88d89d71acd16c5q0bzh,0,0.06589329242706299
21,40f2eaf03624a31952397644f1b79a6fvtfjf,0,0.08359602093696594
21,ae9e482a7f4a625a878c6ee0eb4dcd01dkm6d,0,0.06602968275547028
21,90953913d629a03e27590d0d0f64456601ktd,0,0.07067815959453583
21,f3d3c913b225bc6cdb98c60f0936f7cbj8k3a,0,0.07124873250722885
21,eeb7e43d894af9161f84692f2bf9570fdryzr,0,0.07071064412593842
21,74582963d3774699f4215df7f2d17c1b6b4pn,0,0.06817574799060822
21,3b8320619393a6f6bf12219b61cda688k4w4e,0,0.07025476545095444
21,4aad6f0ffe775217e4ef8c91d69707545li52,0,0.06677306443452835
21,caa74df2086d71caf6c1b2b9c81d3d98xhpv9,0,0.0689033716917038
21,07012e0507b4281d430b93ddcd96cae66und7,0,0.06983764469623566
21,fc48aad7a51d965595b59550e08b94c670k7w,0,0.070635586977005
21,4b72cbc9d9ef0238bb666feea6d79e718qry1,0,0.07110057771205902
21,120beb4523541f769a2b658cbc41dd57w7im7,0,0.07043652981519699
21,bbd1d48ef4e8e7e3855938755275ad2b2le9g,0,0.06823738664388657
21,24db47d284a08aaf119eb3e0c45eb646i46j5,0,0.07086586952209473
21,0446457fc8e21596799158406f77b14catx8w,0,0.07223261147737503
21,8254276e772450c5365707cde76efa4cwuzpd,0,0.07215999811887741
21,dfa7ead5ef84eebc79c67d3daac340b0exa41,0,0.0688406229019165
21,6c2488ec88e02bb38920200ece7d337e0bffy,0,0.07111644744873047
21,e72d1b2319a2ef39d016c41e4824b68evxe53,0,0.07037916779518127
21,7114afc59caf2cbaf6ec1733922065f3uz34p,0,0.07279862463474274
21,b5d61accc925a0e86ab7274e1ad82532gb1w6,0,0.07201138883829117
21,53d9e7fa087a0dab6a472bfbfb694622jv072,0,0.06345676630735397
21,eace2a2890644d703c619fff7e41a9a16k7lf,0,0.07011443376541138
21,681b4f9dca9e70441fca4a58c05b0f50skmir,0,0.06966200470924377
21,2f9ea407ba48ae05f98fdf634995d936xefau,0,0.8695080876350403
21,49f4481b6bc2255e745ef20ac2a720754r9mp,0,0.0719427764415741
21,f5b2bbad20d1d7ded3ed960393bec0f40u6hn,0,0.662996232509613
21,35f822bee4f85d98d5b1b23c65681974ywyuv,0,0.06609495729207993
21,8bc2a424939c50eaf4a652e253421b0f9b0y9,0,0.32522743940353394
21,15b1e719796dc894ecde30f160e7ae20hrmmh,0,0.07079990208148956
21,caf32bc98f84a47829e76ffe104371f6kphvc,0,0.8193739652633667
21,5cdd665a22747394620c17b7753947b0xgzhw,0,0.06941024959087372
21,a4e83190edb97fefdc4a6cbfd00f41fbm7c4o,1,0.8432099223136902
21,86e888c2dafacf13580a1211abf50961w6foa,1,0.8776091933250427
21,c670e7fb466b09000f1053d2761752268bkfm,1,0.8986676931381226
21,98c12418158dfb9494af01308ac2d0588gfw2,0,0.07051245123147964
21,bbf1dcd2f0100fa90e4a8544b90e35846p5y0,0,0.0670848861336708
21,a58ace8b671a7531c88814bc86b2a34cf0crb,0,0.7524257898330688
21,054b51d059fe981ca8cc4e0d4c49aabb5mck7,0,0.8517914414405823
21,ff4e39c0be8af4b17a73dcb761e4bb6dmop0m,0,0.06845949590206146
21,01f498a0992d280de63ec346692efb2blckg2,0,0.07073568552732468
21,964028ac24d4ca16c4b63f64b06df1c8ltrrl,0,0.817351222038269
21,70db4530c292bc759238b8306ff4ebb6n4l6t,0,0.06942401826381683
21,b4495464d4503ccb8e696994059983c89g4lc,0,0.07005981355905533
21,4fcdd880c4e1a1767c4d26f74bb3466f11osj,0,0.07272199541330338
21,4566ae63ee93ffc6b000b5cbea7f6a8ehbg00,0,0.06686682254076004
21,08a588ebf7b98f44f8fc695d02adfa25x0amy,0,0.0713740661740303
21,c1c22607e7899ada525b74e757d248ac2b8ac,0,0.07235293835401535
21,9d8a1ddb38499b3403a6a93395ef29bcrznni,0,0.07147830724716187
21,120c8b384858420c4e46e354c86f4ca393w0i,0,0.8412182331085205
21,022ac3a7ce986049d9a4bede83ccf9ddctvg6,1,0.90004563331604
21,222d3e39d4a292d79aeef4c04e52aaf24mgkb,0,0.07476146519184113
21,4c93ba564461b1412df6f033c8ef71e8ck438,0,0.8144544363021851
21,5db8eed67a7b648d1f2173b665b79de2vwdlu,0,0.07066536694765091
21,84f06d2c69695fe24cd69f8a1aae21a7kozbn,0,0.0695469081401825
21,9f34ed261596a1114cefe81158c5617biq26c,0,0.8943636417388916
21,ad228143392ba96c21bf51499bac1c3b3kmzo,0,0.0662844181060791
21,9f2086ccb71acd84652f861517d4dff9du4y4,0,0.06986526399850845
21,e0fecfdf4029d9a91664e703a178397718lyl,0,0.068694569170475
21,d1200a75b6c05584f4f902e74d3dead76cj15,0,0.06988874077796936
21,d81579750b388276f2d8f6d80384f499n13l6,0,0.07112058252096176
21,4070f6ad5da385ba11cc99183817eb20h69v1,0,0.06927774101495743
21,0381a69b7a061e9ace2798fd48f1f537mgq57,0,0.07228831946849823
22,624f258b49e77713fc34034560f93fb3hu3jo,0,0.062182098627090454
22,1c5f4fc669099bfbfac515cd26997bd12ruaj,0,0.05468810349702835
22,25558d24bca82beef0f9db4ba1fe2045ynnvq,0,0.04318174347281456
22,88ae7a35e374a6fddd079ebb28c822eeohwse,0,0.04482732713222504
22,3f3a3705be5ea07b9ba7ee646ed756fbssuo7,0,0.06666819751262665
22,6e4d22dbabcf2eaae5689c7d155e1c1fev15l,0,0.05759858340024948
22,25d75fd439571c1d9b946f5ec833786063vom,0,0.06035565212368965
22,b37b352197594dae96bb9219bf59d656oz79f,0,0.05456513538956642
22,d878560888b11447e73324a6e263fbd5iydo1,0,0.06619010865688324
22,c748f0d69cc89d5812c9fe3a6413bbb26351l,0,0.06735284626483917
22,2a7d1f9483d34546c4d099e36e3a79790qvjm,0,0.809877336025238
22,5686520af5a4215a239418fec906f88e4she5,0,0.06612063199281693
22,72bc07c7241e1856ba31609d11501c91cswlb,0,0.07020708918571472
22,bcf95b210295831ff6e20db3a570f909n3q25,0,0.06677750498056412
22,ef24ca4be7ccbd6ec68d4ea9f47c9e8ex1g09,0,0.055146098136901855
22,2307bb06855a6fe75ab56ee6b4a3860835di5,0,0.06426950544118881
22,af98b7d5a7c1ccd2968252a2fb1c06f69igbv,0,0.05972977355122566
22,6ecd9f4b332eb790dc933aea0a1528e2qkp4y,0,0.04947195574641228
22,4c4431ec9b6e683bdc5a3118d5140105r1nas,0,0.06702008098363876
22,1cd8d86911413c73e92ad1170cae68c3pocsn,0,0.927518904209137
22,cab0d4e41ea81636de3bd3a1800d8da8x4yca,0,0.03712312877178192
22,53691811bd992911edb9f5f64f49d8f5luk1f,0,0.07161667943000793
22,0cca10034c58287ee6fbec14a3f96c3546sdh,0,0.058193009346723557
22,7cb144485c703ac09fc73aa646041f72ogqwv,0,0.057156775146722794
22,21580623ea81c5b0b82aaf74890218e5mio2z,0,0.0715961754322052
22,806a46eb814ec7a09bfffcf38b0763d344tc3,0,0.06579714268445969
22,758bd601d6700494300ec1647682eb34vq1zp,0,0.06086036562919617
22,bff9a98b73f2b9a01300d3fd3d55b16b1190o,0,0.06044644117355347
22,915ccac760c7359a446100fd1a54bbf6oyrzf,0,0.06413661688566208
22,47e0637718480102d235233c83661a7850foh,0,0.060160648077726364
22,15972a431aed117840dfce5556242366c3fwq,1,0.9580704569816589
22,9653f425ed82418570fbca890f7032b16sjjd,0,0.03889906778931618
22,671fb1e314a1f480ba9ad9b5a1cf6a91w1k2f,0,0.04120057448744774
22,91d9b706f63537c5fc0027c50b0e3b06qpdgz,0,0.042263925075531006
22,8d43ad48f315364be4d979d2e9d5ee67quqyi,0,0.03847131505608559
22,dd661e2d6e79a5b3e66c82373d50f3ee86k85,0,0.04962485656142235
22,520b616c26fc47935f6bcd5ec063eaa7w15t8,0,0.06266365945339203
22,f186d292f4e83f70a92c97f92993f655ygqzw,0,0.053198859095573425
22,eaac863aaf84acb7529462118e7953c3oeky6,0,0.05286406725645065
22,ea0e5f7d93f2220a62bde8067f26daaa7oxgf,0,0.0476190559566021
22,4741959d26f99012b8a6a3e3954eae40hsy6j,0,0.0720396488904953
22,ef9ce9b85309d7d1044ce57055705bae8pqlg,0,0.0656050369143486
22,33031f476dec19fe47c0e3a051a68e992hmwv,0,0.06688356399536133
22,2918b09c1ed9e9e8602f85175b266aeej5v6w,0,0.03707505762577057
22,50791a0a98478b7f78f8d30acaa4683dxab5p,0,0.03381873667240143
22,4679df74080bc22e29676bddc5bcbf51gsyds,0,0.04819844290614128
22,3d8cccb637b990ec64d662d66ec059cfn1p3p,0,0.057589005678892136
22,7dc423d0bbfd840fa0bf75203cd7bcee75kmh,0,0.061840254813432693
22,dfd5c9157a0a771f235c32f30aedbf84e2552,0,0.08532889932394028
22,62ac0de5f8776ca1d189297bdea9a64cmewb9,0,0.06392422318458557
22,1291b98e40353f77928e363d54a13c569bhfb,0,0.06731165945529938
22,0565a780f2c5b46837bbe9739ef15ea92fdu0,0,0.1414024829864502
22,42c407eb70ddacdcd59d63f22caaafc4fa0p2,1,0.9593621492385864
22,96b1df591dbbf3a002578574671d9ff1rmzev,0,0.04962485656142235
22,81a6dd18d43cb3b1999176eea563b438roe7y,0,0.031864482909440994
22,6aeab198df208f8628825f7eb3ec3701p2ybk,0,0.04478578642010689
22,ff12cd48c7de8ffb8b2099f262ce03980dqqz,0,0.061053093522787094
22,e0544483ccbafc4842cba7650677d043n2e5c,0,0.06538504362106323
22,d2138bce99f535c244dab68652ccfa2enshxk,0,0.04962485656142235
22,97b002c9936e63a1fb9994a67615e84fft019,0,0.04751234129071236
22,9fada390b6c53ecb47e6f4eb4353e14f01xu0,0,0.044647809118032455
22,3d94b376bae8dd60eea48ded36134a3962glw,0,0.06095365807414055
22,c69e65de28937ebe1b94e7785afd94158thqk,0,0.9519384503364563
22,f0f21cd3d51b7a233988cb1c3c5df977zjqkj,0,0.04731304943561554
22,47c5cd21a74e45dd294cdd53041ec0a3dw3ge,0,0.13479192554950714
22,e22528ef6a439aff5a8b19f8c9b07c19fyzs6,0,0.032891806215047836
22,d9177cca9a1bfe3478cc4f11a0d57de2p8ahp,0,0.0719648078083992
22,187636e527504df29bf42d4a2b7767e54bgv7,0,0.04962485656142235
22,334714f005e994d46cf4d18093dd4d05fyxc8,1,0.9617084860801697
22,10c1e1164e3f8298df9a35c891f67babiycsr,0,0.05610756576061249
22,7b5bd948eb1d8075be58ec9240927bb59ugz3,0,0.053203899413347244
22,1e1c9332e90c1cb0f01da223bc043c528cvwo,0,0.059301119297742844
22,9ca41c3c062146a06d2682835f5136807yao2,0,0.06367266178131104
22,ea6c07fbbfc3f0e549701b1e7b90c4d21zfjl,0,0.07259315997362137
22,72994bece8c918a2c4c432b98780a7bdsctwr,0,0.059668850153684616
22,0b450f2827ec670da34be66ec2a520213xcuk,0,0.05673348903656006
22,d65c538ae39fc1a7e0677583bba5fdc6ax1et,0,0.9552822113037109
22,55b39a51c925bfb42fb812ebc5fe318emsjjf,1,0.8253031969070435
22,5c725e840bcc103bb8d12c54ba9a0b37blxvw,0,0.060198042541742325
22,6ed7b95dcea7b359248e9efce91cbb11lm7hf,0,0.5148264765739441
22,79c18f0460f9bd86bcfb25da96d91490jfuxv,0,0.05944743752479553
22,f18d2ebbd5e48ef4f1ee412339d6ed7adr9qi,0,0.05632026121020317
22,dcac75b5ccc362a66e7f9112f033bdebchxq4,0,0.0576278381049633
22,3d54d594ffba32e8d6527a688e7227e30iq3k,0,0.03679072856903076
22,e67abc3ba39537cc640678297a7c5bfag490k,0,0.047959234565496445
22,57e1892d3d62d87c9ba5e8425a1958c0fn11u,0,0.06405351310968399
22,2906a20e0b4f7ce840d051c4be898b66do6wh,0,0.9509620070457458
22,3961434cea4339f0049798fab2bc73aekuxjv,0,0.06554333120584488
22,8b809e18804865ff2a2e799c9a5e8a48mtxdh,0,0.95786452293396
22,e1fb642deec7b382433de94983d97681o14ko,0,0.04976033791899681
22,313ede314e2e05c31471fd6a93f98af713jud,0,0.04749508202075958
22,9b51afa3c3a736bdf93bd1f2a7b0a0903c34w,0,0.043682195246219635
22,66513f72be85596a527f9f653db3cb72cq4jg,0,0.9235506653785706
22,5b45b150b6b683a98b5bc19c4214f44cvzru7,0,0.060839395970106125
22,3835e3bbf9a17a33867860a9ba19621dp4wdc,0,0.04908761754631996
22,c871daa6b709e008825b667b05efddca04jbe,0,0.06736626476049423
22,644e284380171fa793695a91b6a12c28jcwku,0,0.041521649807691574
22,c2294751630e49a4e594dfd89383b271qzp0m,0,0.6924808621406555
22,85371e59ea43c33c7e481ba3c214e893ail7f,0,0.05662903934717178
22,20d08c7edbcb4b4ac0214b664ca5bb9cprntj,0,0.04092603921890259
22,d8d90875fbcf94c3b4c5c00479cbed6e1mqrl,0,0.04467891529202461
22,2b72d702b44fd7dd58062e326fd8e4779j8mp,0,0.06035717949271202
22,64885ec89a54c64598b2d196e1fe2e351cd60,0,0.060335926711559296
22,cafa845bd657b17eaa82940d4767d9dfe9uxg,0,0.06645621359348297
22,2a4654987b59646a120ac74301339afc4eylt,0,0.07182502001523972
22,a6e261c09ae8aa7d0a47ffeb0110aa519jowa,0,0.9460358619689941
22,45927dd51fb4301c459ab96d48f64752q0o9e,0,0.055871184915304184
22,9ebd57da79b9286fd67a53e61528cf63a1w6c,0,0.047787636518478394
22,c9fbbfcc89730e961499b4b30ffc4a98umxko,0,0.06276337802410126
22,5e8bf58291656ddd5fd2f71825565446aiopv,0,0.8894219398498535
22,662b66b1227816c2f9017cadbc148381alne2,0,0.05869941785931587
22,0870fb7e5701f3ba56762b03e157afdc1yw7u,0,0.17734649777412415
22,876b122982958678f14bb25d887dd79dun3qa,0,0.03977039456367493
22,8d8f705595701b921012777a281a553622300,0,0.05438752472400665
22,445305769cbfccafc89ff5ebd004598einesy,0,0.08453191816806793
22,9f793ee6e6df7f69b5a5acb4e13db0476b26x,0,0.06682810932397842
22,0318e0a173f7c65db40116b903884c854x258,0,0.9255914092063904
22,6767cffbe2c0957492aa451560655be3hjd6s,0,0.8511458039283752
22,0853bead89b03dd38a04d84f4312da7dukglz,0,0.06505820155143738
22,796961698c2f2442e73c5195062370caawzzo,0,0.0633324608206749
22,05a07a27e235d01fe480ea6ac73b8838jq28x,0,0.04247698187828064
22,7a71e329f3f2da98a3f82e7bfcb705a0t5822,0,0.06873980164527893
22,936d542904f515ea87bab7996497b11aszyco,0,0.04899539053440094
22,f211ff014ed43c9054916f97d6187108mpxr6,0,0.861596405506134
22,cbe756ce81f5c420a1f7079791ed9aa2js2u7,0,0.06569745391607285
22,e0a87bc26e13c599894d7a5103fdca786tfat,0,0.0654577985405922
22,c6108e22518279361de99b3c7c298235mkoa9,0,0.042046405375003815
22,4b3e6a8a52c413a32f76a6d7a84a54bb8gb0t,0,0.04962485656142235
22,8ec9269ed4f5aef4584d887dfd9e595aaynzb,0,0.0540878027677536
22,6c0212679f2439c4113386b2c6ef513e8wr8p,0,0.9623603224754333
22,5aae3111e4fab04fa5067c740329a38d11361,0,0.043909210711717606
22,936d73a062928a362901f0e507d57b0a8rjs7,0,0.04052775725722313
22,429f301119adc32d35541dd4d60903563s7nr,0,0.04533425346016884
22,46c0ae10d60c4fde2b6301bbafecd7b8dcla1,0,0.03363295644521713
22,bc7722baf876d0735ddc885691eb687bgz365,0,0.036900948733091354
22,cf4eb0f68d47e6d4b92befd0b8fff39a098cd,0,0.06347450613975525
22,af9c96944265cf541b3fe734a057821a825l7,1,0.9587486982345581
22,a283eb484c3245e5b12b18daccc075e9g9xk4,0,0.06675649434328079
22,61a4da78a5aa5bebcb3e9818a46771766gtq7,0,0.9504249095916748
22,b1410ac124aeb5ef6b06667786feb742tijnw,0,0.03967149928212166
22,6e18a078182a21b8522bb69a822cc338in7rn,0,0.045906148850917816
22,4c2af41637c123c78074e46a22526298vol9h,0,0.06144719570875168
22,e2bda091a91082b774d59f2c5b8480ebbijs5,0,0.060727182775735855
22,ef905e4d866c43dbc345751e7fabe5a568kjs,0,0.07267744839191437
22,4f07602a713c192a941204b27e2abcf1srnke,0,0.054109517484903336
22,916aedb8fd708e100318969dfe57a4639hexd,0,0.05328751727938652
22,e2e14e8e15204b504b146d17a2bed925qg3u2,0,0.066783107817173
22,0ef9be4eb3b6a03ac2945522964b242ap09cy,0,0.045179106295108795
22,86a3a9861ed45158e964f9d004a224b3324cl,0,0.038492195308208466
22,58c3300ea9095cf5e59e27abf2a905ce7tl6p,0,0.07189193367958069
22,25b58d1533e04571bbc674dab28973f8hha3w,0,0.05137666314840317
22,ae15accae2164aae084aef7e3524c1fflq962,0,0.05700720101594925
22,98a5197faba8ba72d6ee9e1c95d65d737sigb,0,0.11040673404932022
22,06b2d71c26ef3b6e29277f761cd0db90wuwjo,0,0.06372474133968353
22,44c38c27b9de757c8c7c05cf07b7e3eb14qpt,0,0.06553380936384201
22,9ba7cbcf531c20ef7cc55a6da5c0654evwt1d,0,0.5151898264884949
22,3e2e03a4464642627e223fba066182d1qslv5,0,0.06239570304751396
22,6a1d4042a5f3a3f34f5b3ea753ecce30l0qj1,0,0.045114919543266296
22,497b8beb19a7f674bc53acf7f5c7ec8cxv68x,0,0.062069591134786606
22,511a640e38bf03022300f5503cceb2cd3f361,0,0.0669761598110199
22,43553dd8b9370fbba5efa6b652d9b43ezsj11,0,0.058825984597206116
22,6be863f26f22cd79be272789ac7e9153v27yt,0,0.9351372718811035
22,a15766d8d3d231f862996eb3ec33559735a3d,0,0.05870495364069939
22,8ebc5b544d62622e45e1ee22a56265e0xwwsb,0,0.9624234437942505
22,d9a813646e8fae954898c1279196f5493gqzc,0,0.06242606043815613
22,3ef757c3d6a272681c69bbd7e071b705yzt8t,0,0.06562424451112747
22,42025aabb56a61f3bea90d27b283b517dyk4t,0,0.06366556137800217
22,877d96d9abeb73e437a8ebd74abbbf45p8s80,0,0.03821152076125145
22,85499f83c5f1674c87d0fe77838c4da793u8y,0,0.035549987107515335
22,67616fd2a1de5c46e32041354efa88ceahbhq,0,0.8899480104446411
22,5bb3c3ff71ef6560c7600c512128ffc8js7py,0,0.06614485383033752
22,39a5a16e5a67c2fb51789cea4d3091f0mv996,0,0.039928823709487915
22,fe6ed3a12fbbf5da4980337564361710v2y21,0,0.03185257688164711
22,89291354b0939c342be97fa58e018bd89fvcf,0,0.049245405942201614
22,8e05310a342aec93aaec69a638e83a96aqyo7,1,0.8918456435203552
22,fec57d2db5692eb144a71aaa35a11b58delkw,0,0.06535378098487854
22,8bbb16c0a1bb808389051c875ebab1cea0v56,0,0.04991624131798744
22,36f52ad1abfd307b73c9b69cd5197dddmmxgr,0,0.03238103538751602
22,24284d3fc3334e0adeb6bb95637ca62d6dm96,0,0.04401303455233574
22,9e25bd3696b4e1775de205d2d4698a0df4s14,0,0.04481547698378563
22,83a24bbff5a4cf9d9fb10391102708f1oqpco,0,0.06288152188062668
22,673650167f432c009e9dcd062cd4e9fc2szln,0,0.046228405088186264
22,e735a2301a18772a8276aa1f17ef79efu4yew,0,0.05093630030751228
22,c08ae3075278ed0d139f00ead52ac2b0oy8nw,0,0.054500557482242584
22,00a0517965f18610417ee784a05f494d4dw6e,0,0.19970016181468964
22,f9753e9fd6e25e0a1ae176ab95c31146iaqnv,0,0.05127090960741043
22,464506515f2ae684bd510b3a50b9121ec7v3a,0,0.5826671123504639
22,e7cf764619380e5303089f04bf647f10thebb,0,0.05704140663146973
22,a7c910e7c7796d979aa9a7a31d74a8eaqsapx,0,0.06674961745738983
22,a8c2410eb81513da23261a49135e4eeacw6dw,0,0.06995347142219543
22,11e47dc08d7fa4d1a1953b5868892f72qvlho,0,0.047216687351465225
22,6e178db6d17d21aa88aaca5bf15c2761lc500,0,0.7317413091659546
22,cc4763c97c3d7cc9116e0a51a6d1f2e82242i,0,0.053870558738708496
22,bea63152ca4d99f549999ca57b93d015z9kyh,0,0.04038842022418976
22,d863897264a7e52d9c6a1be6dc453c6c9anz0,1,0.9606932401657104
22,67d6466d7f4a32d294196b8c16ee0b03kn9tf,0,0.07091348618268967
22,d8a4b49ed9ca241f025cdbd9637198fb71qmz,0,0.05803624913096428
22,424aed9d807cfe0b2167cfdaa4957fc0heell,0,0.053146809339523315
22,7259271b61d2f05200eb2e1ab1d2ec911jlaa,0,0.04354305937886238
22,a7bc17dfb615eacffe397be5b2c2f3a6r0bb9,0,0.8609305024147034
22,1aa485901ede7baf78ea116e297e9d7f9en6i,1,0.8696324229240417
22,4ed4760782d4e2c65bee8cadc1fcdc89htz8b,0,0.03987201303243637
22,91c749114e26abdb9a4536169f9b4580huern,1,0.06353705376386642
22,3919be53bf4bd411ba25acfdc1362b49u4vle,0,0.07214108109474182
22,9f280cd011f10593dc245dad1d93b11dy6rg5,0,0.055263951420784
22,3e9180fdf158409adc96aceffab6e00bejjah,0,0.04399329423904419
22,ef1d71dde32e587e761a1b39d5b374c7gk68y,0,0.036567963659763336
22,8c33cf751b05ca6a9d886a379a84a2ees9jlu,1,0.9340765476226807
22,977436b0a445fa555d537fbf1d4bff2e4z40h,0,0.04962485656142235
22,c503bb79d4f3522f51d348c680906c1bs0w7z,0,0.06273157894611359
22,5e945cce4e72950e0930b2700e77fc8eq2abo,0,0.061162933707237244
22,6b3cff1e3d9398d4c125e7bcf612192dy1gwn,0,0.064714215695858
22,daef74294e84ef6d7e009c2d51be6ee167xds,0,0.05253003537654877
22,c749a25f3a07304b959065d83bbfc5f75u1my,0,0.05566266179084778
22,26508777dcd84df59b467a60d9f18ca1pvvbs,0,0.0388510599732399
22,f069e2e45ce316168a94b972c5b7d6b0f342m,0,0.06803613156080246
22,2540f8192e425f9fb921db30ac1bfcbas4p6g,0,0.058754030615091324
22,4b32495335dd238db6285f7c6bbe051fv1qoe,0,0.0600297711789608
22,6a31ec9cbfe23a9398e80403859f0402cg4ql,0,0.06488426774740219
22,372bf02911448b7f62cc861074a7ac81y0jsn,0,0.07043121010065079
22,d3f595832d80988c2016aeafd125d8f072r4h,0,0.05762488767504692
22,db85fb5556f17b744938cdcc2e7ce9b5urspd,1,0.09228268265724182
22,65996114740a63c9e0fde74bfb6725b1k9nuz,0,0.05668158456683159
22,60edf674563f85b227898f6af0386476efy45,0,0.0676703080534935
22,f8f87e237833c3279a953b785653b0e5qka8u,0,0.034418851137161255
22,142a2545c5c01937b05ac6de9773f9efgx0eb,0,0.052105821669101715
22,8a958e0092f6ca984107ea6c3975f806c59m2,0,0.06528092175722122
22,7c0add0ef85bb5194e95ceaea737f90fyv13c,0,0.05782143026590347
22,c0b7161a67a0aae21788103c08eba7e9z8e8k,0,0.05677133426070213
22,12df4a9cf4eb203909e6763960b79238cb0yg,0,0.06114211305975914
22,67fd1325fbe3cd75a110cc80b9df9708l0w52,0,0.03199399262666702
22,0496c24a6a7f593f28bf7896350e946advl6i,0,0.053774066269397736
22,a3d0a600cdb44f03d58f27b19247cd0d4az4k,0,0.07061335444450378
22,87c5fcd8d9582701469f94bff3cc415dvq4ia,0,0.05403875559568405
22,bd85d0d7fbbfab49136c241bdbe119dbgkuna,0,0.06551197171211243
22,3c37de5e4321388ba706233d5ca4a0bfp7w67,0,0.07205323129892349
22,b7515e5f181a6d4884674897226cfe9cpd6d6,0,0.06332087516784668
22,c435ac9dcda855341e667d440c2ef7c6nd3mg,0,0.03547370061278343
22,e587d92842526255c86d3b0d425747ecib83l,0,0.9456177353858948
22,aaa8650a6e0997e90e4b6a9fc2ddf555m5c1g,0,0.042380161583423615
22,053cefb7e952bd81d7a6db267a121747te7lo,0,0.06930765509605408
22,4e22432d4a059b14d1d6a68a1feaa953k8vrb,0,0.06243010237812996
22,71c2561141c55414618d67d1a8aebac1n0fjx,0,0.06661234050989151
22,0d9f78a6084bf15f42210bfeba95621255c89,0,0.06274300813674927
22,92f8392be617527734a2f18482815af9ak8l3,0,0.3171367049217224
22,12c1b22ede3c23949bf130cc7bac6316ks7fj,0,0.046030111610889435
22,32dd072b16a69411ba3f67992ecc3e2144j5g,0,0.06817750632762909
22,e4433ef42008dcff761f12b9ade6fd31krdwv,0,0.06140069290995598
22,c34e1a988fb471e9eb8a5e84bb8ddf90k4hng,0,0.9436215758323669
22,8a3f5e16e4e689897d872716efeeaa0904tyl,0,0.06096884608268738
22,a961ba95d1685705953ace49a29424e2ld1ek,0,0.8410849571228027
22,e76154d73bb7d7b86d9bd48d167d3c679z0va,0,0.06141975522041321
22,ac2d643e0c0d3bfe8e54e5a961c6cfdb5xn9v,0,0.6387349963188171
22,afb7618f9e3fd071d4ebedf396e1d45drta96,0,0.03912080451846123
22,a945c65b19da56d0c7358d8858fe14e8ulfel,0,0.8236902952194214
22,f8e90361c36eb3f6fbd485748e731fb7w2ci4,0,0.036022115498781204
22,88ebdac47cc2623888e0bcdfb35b692ejrbvv,0,0.8867780566215515
22,1a05035da8ea9dead1030ccc993b5284n1on8,0,0.07175163179636002
22,308a5541e1206e126ef80f18cc29b7017520l,0,0.07154344767332077
22,c8a99985c7bf230f475a8e9be6a17d7a08r3x,0,0.06928068399429321
22,722d1147768bdb5918584997e1f677e55g0nv,0,0.05724028870463371
22,7da6a36817cf2d8c3be218a32ab25550c8kg7,0,0.054460130631923676
22,14e29ea004067aace14ee4543876a06365os8,0,0.04680098965764046
22,2cbc26f228e0556f268e0dc1bd9ac0a5lzdfh,0,0.05741943418979645
22,8cab09b069755eca2b4e7fd6f6981d7d8n88o,0,0.06581303477287292
22,3ecced86078287dbd2eac2cfac98367fbbelu,0,0.049359582364559174
22,f430aac3f0f7f88a9b504bbb71322d54mct7s,0,0.07062385231256485
22,1c61726e316d5a16aaa80b429080c534u43s0,0,0.061886418610811234
22,0a9c5e1f261c937c09817ea2d5e949f34v8oe,0,0.04721057787537575
22,a262e805f766306f4adb38211abf235akxqh8,0,0.053861379623413086
22,97f541ffdcbd1ee34610e3099c5df42acfvcd,0,0.959395170211792
22,2d2839fa92d1c8e94bdeb1fbb9e62149x6xc5,1,0.9626641273498535
22,1f2d607e5cc04e790e3961a6432d7c15hn4qb,0,0.064170241355896
22,29db827ba14938954c90cefe40d26fe1130kd,0,0.061011720448732376
22,83c9359ad94eab7f4b8fd582a6db4733frmsr,0,0.03462038189172745
22,9372e27ce85a8c8b9460b87c37cf55ecqjjkd,0,0.04253283515572548
22,6d501ebf066c0331853f1bee9754e781obu7z,0,0.06404091417789459
22,e704e6fedbe6caa9b434509d085f4c97nq6k1,0,0.06471079587936401
22,a8a81bb8a3a35572bd1f9922f5a31217pw41k,0,0.06455076485872269
22,ee2caa714a2175abb13eb6ef15196368cwc7c,0,0.04313070699572563
22,e134f2bb79d1a810aada6a24760c8910mh5na,0,0.042262833565473557
22,d9576f0ba8c7479eb2b26f0d15c4abfayk5ex,0,0.06129883974790573
22,874402ea8b408a017756404006b12708d9s6u,0,0.05123652517795563
22,ec86220eb6ce57c91a02a7356b342599jrcut,0,0.04631365090608597
22,721e69fd30e33488bf82b7e2f9c8cee28a9ea,0,0.0551917590200901
22,715ee2811c764d5c58aa228ee801e518gqvli,0,0.05186150223016739
22,ae37c0f4dc6e3d99f5b0243fd18294cak7pxy,0,0.8673973083496094
22,aa20f72aba9804a4922195f66a876688rugsd,0,0.15505577623844147
22,ba319b8bb68ca6a12086f2410ca7fb3buxsei,1,0.9597165584564209
22,67ab503313f60aaba89f64e2ce3b459fvyahu,0,0.06965889781713486
22,2271fe5b01f9b8f9d8409014ae4511524grmq,0,0.9214191436767578
22,aa1c013a1de168c611560ca2afe78111g8i6s,0,0.9558745622634888
22,79794d93380946ef72e95f55b4abc008hsns6,0,0.03338112309575081
22,f0e1c483773c2ef8466d152874872139e0wcu,0,0.058843862265348434
22,faaa98763b59ed5f02836d4bd682035bfhujq,0,0.056736890226602554
22,20fcf71ad6fbd43f6f5fe493a6bc3ecfextqf,0,0.06266434490680695
22,862eef3a75e1351593b54975cd8ae1b3swcxw,0,0.07035805284976959
22,6b531ceeec5892121e04dcc6f89b10a70yqoq,0,0.42686858773231506
22,35a02f50226eeda275b29a09acef2177k95eb,0,0.06068822368979454
22,cc064e3409a1825e3c4e5c814376f140qxu5l,0,0.05194425955414772
22,16065749457a14b26998fefca503c3ecf9og8,0,0.06148000434041023
22,e241b80fc1b431397ba6c70f2fb8ccb72wbra,0,0.05724036321043968
22,1bb7a8c04e70386f5496322158e9fc3ef6d84,0,0.5487650036811829
22,4d6fa52e125a18f433db6e6603b58ec7k1key,0,0.03732617571949959
22,19b39b852ed4abf1ba5b095829e25b946aed1,1,0.9574667811393738
22,6faffebbde541edfccdb2725e430870cbkvo0,0,0.03794535994529724
22,5114111892d49b59415284dcf19ceebconhvq,0,0.06518895924091339
22,a8a2547a9153038fbb9fc66d2425d9a7efr68,0,0.05645343288779259
22,db12e9cad5e847cd7a40ec1ee649e475iwzqo,0,0.04962485656142235
22,bf190f2cffc1a77f0957f8cd1c98257dofy08,0,0.7253088355064392
22,7bb914fcdec49aa88c7310a3dda716aa9fb8t,0,0.04283943772315979
22,6da536112251f09a006b0c5223f154d46en4j,0,0.05280254781246185
22,403d9c0288bab462bae858dc8aff2f94ti9ma,0,0.04762456193566322
22,e12177ff9c1a8413996f7b1a590980c82ofeo,1,0.9561338424682617
22,cd8f738dfa2ea0554baa3dfc4465cdb8izun1,0,0.28010305762290955
22,332ef2c7189603a497fc89345ee4f5605i5xw,0,0.040204912424087524
22,d9d24106ae1ff4f5bc4ec3caf29d7bd2c2f5o,0,0.060735832899808884
22,9dd7e7ef94a7bc5bc9f98c42099910e7o76qh,0,0.05343447998166084
22,e8291466de91b0eb4e1515143c7f74dexy2yr,0,0.9617300629615784
22,aa75d58c3e1207618d47c72ffb19c872bolg8,0,0.04509808123111725
22,167008af05d4feaa636a565f6f83ec61a6ogj,0,0.04443532973527908
22,8b109c0aee5ed07fc996e73d28e65888o5jmc,0,0.0691576674580574
22,27ccc09ae923d1ca8ff7ab3242f279f7xuclq,0,0.06573931127786636
22,13c4c826516304555e291d3d91c108b3ytpmj,0,0.047870244830846786
22,04c6b750b0552089c87ae03de72289cfcpfmh,0,0.05740337818861008
22,25a4ee3a528004bcf4f4bf62b9208a7dx96pt,0,0.9528275728225708
22,6130cfe76ed3bd87c8f8dc6b2b2786dcp44xy,0,0.06506524235010147
22,bc3d08ad6ac94b8b5ce40a29b59899cakj3p5,0,0.16852328181266785
22,2dc309478d30d440e75c932b1f13a8fai2p2e,0,0.04327106475830078
22,e59ca537cb8df3053bdd555bc987b4a7c7m4e,0,0.05247686803340912
22,af33d5277890ef0b5f55fbbf400441c9hdehk,0,0.0528566911816597
22,429b876aa7e2d6741ddf322685363ccchue2v,0,0.057373713701963425
22,679fe2a21415aa98a3cfb88abd0507edzjpsw,0,0.06918259710073471
22,00cc97158e6f4cb8eac3c0075918b7ffi5k8o,0,0.06676767021417618
22,628156f3bce703aa6bd275089c6c692499h1q,0,0.9610617160797119
22,470727c18798cf0e0ecc2a0dca207cafuena7,0,0.07219427824020386
22,fff2c070d8200e0a09150bd81452ce29ngcnv,0,0.07209433615207672
22,d110111b8700f290b5d03a0e243fe375r3woe,0,0.04161306098103523
22,7f3516b1bd7e5571ab964ba0affe9302brn6q,0,0.053920309990644455
22,37ea72c53cc50112ced4f88810f1b38euoz4r,0,0.04423752427101135
22,d588f4c51e67a340d1991a8130ee0b56hy0r0,0,0.706236720085144
22,cf06ff5f520b14d1f9f1cf5a7ff34982bj4md,0,0.06288430094718933
22,a46046f129f3526547aca680877fd8c7e6tfc,0,0.057538922876119614
22,2c449b1bbbd5f8d9bcc1159b7bd3caa32jhtp,0,0.03798970207571983
22,c780bc2dc7ab83d5e5c85dd13f0f7fdecfxjq,1,0.19308051466941833
22,583ce05b5add00d9e7e5dcefb3c436f26d7c2,0,0.04962485656142235
22,43c76d050c9d2509d85c9dc2b1a1dba4zb3qt,0,0.12599390745162964
22,96dccfc370343f6871dc478d5b2fc3ffx95d3,0,0.13340428471565247
22,c615c31c87260c0d85727deff6da6667lgg33,0,0.06202862411737442
22,44bfa21b7d497f097a594c8861d4f8d4w5e97,1,0.9604369401931763
22,bd7d5414174da6df4b018c21495e8a2cxiose,0,0.039138030260801315
22,1fcca45fdd3d1d3638821f41e032f170en3h7,0,0.05414712801575661
22,0c55920fb607fef2d33324f33565758a6e4dj,0,0.05547337234020233
22,6275d51c0324547faa8a87b499812268tl90r,0,0.03655827045440674
22,f0ce8b973cb8d6eef9221fd3d6698fd4kl3g7,0,0.06026836484670639
22,99a3bacd3eb66c909a02b85402ac38dfskz65,0,0.06410188972949982
22,ffaf0a972a6dcb3910fd6b16045781e2ava5y,0,0.060540564358234406
22,d2f0217aa734f025ec008d24d13eca10ntuhf,0,0.07195571810007095
22,e4bee4e53a19aaf71e0ac0e3be752b2cz3k1j,0,0.03663402423262596
22,4d2fc319ce6c2ad370052e0f6f2b0a1dxiyau,0,0.04745827987790108
22,4f7331589f84c6359bd693513bc9d7ddlitos,0,0.06553655862808228
22,33ba799fab5e4145b54fac4234bb6e13up0tu,0,0.23610392212867737
22,3f977186d125ef8bcbee0c1562c7ced2b4utq,0,0.04788953810930252
22,77bc113594866d4902d6f867a456750c9vvmu,0,0.033467043191194534
22,c83ee624c46235430ad4338278f6d270wfzre,0,0.04258802533149719
22,d8a10762de6d62c087a0a8f0e61cf78bbgke6,0,0.06044287234544754
22,ad590c59c30187b772258a059d532db42tf4d,0,0.06597842276096344
22,9a272c3baede0633bab0e15ff98d207e3ldpv,0,0.06497322022914886
22,c41cd6791e262b44d26bdb3443fcfba97wlm3,0,0.8326776027679443
22,77b342f0d8769898619a935e267eaad25rubb,0,0.06229039654135704
22,4de2f22ca840fce9ac653e4aa06d9b0cnhudf,0,0.03647031635046005
22,7ba17b1eb362ef91a99a6f021b3f2b63uyo76,0,0.0664086565375328
22,177b031b4a77f28ff167b427ca967b52jetgo,0,0.06518720090389252
22,f4189a40cc622eaef015a19d75d9fe21mylhz,0,0.062193162739276886
22,e18ddfca4efb99a785c68ede9ef773ea8sfmz,0,0.07232879847288132
22,f29896e71c8077db28617a03c0f14e7570emg,0,0.05270647257566452
22,f2ea6d89dd9897f0d6edb6f24c446f01ra6yk,0,0.9430651664733887
22,f1e57f96a91c185a7ea716c2481cabecpi3ia,0,0.05567198991775513
22,28763f241cf0483ca1dd3aa1bbcbfc37xntso,0,0.07222133129835129
22,7505bfc1ca67a5ae14e329b46a88ab869ms9g,1,0.9528421759605408
22,2d38a6af2ce96c1446f900aa4756b8975y9k3,0,0.05780870467424393
22,69333c66e55cdd6cabcc6ae64531fc33w20n4,0,0.052524689584970474
22,0ad17aa9111f657d71cd3005599afc24fd44y,1,0.8773309588432312
22,4089a2b7f26e5c13a7f3350bd52ebf8fh21nm,0,0.7819705009460449
22,ddc6dc00f416ce10f23b57ebf758c2eeawzjw,0,0.05363556742668152
22,5f56908449455ee9670c7947614f7b4bxak3c,0,0.04057523235678673
22,458c8c4e10e5c1b29e3fbe5ee56d46e8y3fb3,1,0.962758481502533
22,d154075c75cbb3f4b716a16c88eedd774i8s0,0,0.03922393545508385
22,fdd6944b3c3caaa7d1234ecfc11f8d080h90x,0,0.056439388543367386
22,9f52fd88ba073512be19e3d24d4bb6f91l531,0,0.05701954662799835
22,5640f30464bb5a7bc6e98fd2873fc25dh78hp,0,0.06546244025230408
22,29e08b4d18198fe9265772fba3a4f6c4mj1rw,0,0.04454983398318291
22,e29ae1bd8e6e7dfc9cb43b1572d3d55ca0hc1,0,0.05722687765955925
22,0589cf78c4bece729f0ac620557210e13no3n,0,0.05143662914633751
22,7e34a26c4c339e875997f4b9239d2b5fscng4,0,0.9130840301513672
22,235f78b13fc87c995c1f309403ee56bb54tu5,0,0.040329620242118835
22,2b5c4051f232c4848dbbb477c5ad7f389f4b6,0,0.06416600197553635
22,18e751726fd7c407c41cb18c20da2c4er5z1r,0,0.05965419486165047
22,efa1611e96c3238913333b8525c6a196rvy38,0,0.06584913283586502
22,aaa686462ebb950550fc1c6136ffb273vkrc5,1,0.8660258054733276
22,9744d8ea513490911a671959c4a530d81fj5e,0,0.4505122900009155
22,2baa5a9ec317cb21a11d83f6dc72a2d6xy9jb,0,0.057024892419576645
22,369515b3af4f8ca582f90271d30b14b6r52aw,0,0.033889468759298325
23,91a3c57b13234af24875c56fb7e2b2f4rb56a,0,0.05716237798333168
23,0a6ba32afe4756995db2f5cf2461cddbvj445,0,0.061099823564291
23,585e7c21b80baf2225224fe140cdb1a73ddrf,0,0.06537554413080215
23,d29003d7f3ec1f0e4ca9cc17e6389b4a4phcg,0,0.05316688492894173
23,067ff22ebf0d33fe0deedc816d75973865jo7,0,0.9469521641731262
23,322addd5687d99bf69306148e12f87dc5jbsh,0,0.051264770328998566
23,29cc13d48af9832e0eb481c8a095fec7mom74,0,0.05636866018176079
23,342f22fed8b1e90c6ff1a6b7bd80f6334w094,0,0.07556571811437607
23,f60edfe5177cab56896a9d6860995095cl1bb,0,0.05826019123196602
23,927c5e145de79f9ee2ada0ddc054b4e9hc3qj,0,0.07418359071016312
23,6394edfbd35aab54801518835e33ed50hcr5f,0,0.06853698939085007
23,68600b8922561fe26b8b6acf1d11efdfb24k7,0,0.456148236989975
23,dadbcec8b02ac75c5935f419b318ceca1wwjw,0,0.06955527514219284
23,c5babbaace35399cf51a9356bbc22733xpi5h,0,0.06650707870721817
23,f769b9f92260ecf046efd05bf9ab6822j7c02,0,0.07197624444961548
23,d9c6b6d7290e4475bcd6d264fb33a706fqtvc,0,0.658575713634491
23,f5a67722732675f6285b70b9f008665fq01bk,0,0.0621236190199852
23,d0231e5200b870c055db7e3daae24bc8lt7at,0,0.05509926751255989
23,48117c1e2b56cfc8739f83683e01d9b2aoc66,0,0.05997556820511818
23,3073231f45ca50ad6830d4dc7261f283iwjjm,0,0.06073785945773125
23,3b233dc399f175100fb11ff9c66fa5b074z60,0,0.785487174987793
23,ae94687eaad6b410713db9106c42566axgn9n,0,0.055550798773765564
23,367edc726ba8e667973844395493559dtf2o3,0,0.07948847860097885
23,36b84c776aea2e008180dbc72393ed750zsbr,0,0.06905115395784378
23,3edae72a9d44c43524c0203ce38581d1790xh,0,0.06877709925174713
23,efc61ad6db17265a4bac85f77b154ef414tpp,1,0.06162815913558006
23,b27db6c048fa41b496dfd3423226bb0923yfv,0,0.0666489526629448
23,acf06eabed56f179cf32ab60b6b076820ajls,0,0.0532318651676178
23,99fc8ed25265e58bc94d9d95180badf4t2e3i,0,0.07014426589012146
23,3be127c56b2de21dfcf2836f20afe249hqkxy,0,0.057739563286304474
23,85155ae64ccbde01b48fbf4b3f1b739exmqyu,0,0.053574338555336
23,74fc24cafc7c5936d0422b8da306365byjv2b,0,0.07008592784404755
23,de9f5df5962dc171c7d82ab503c36dbfwicon,0,0.05140708386898041
23,1053ead33eb1a5db7c36c979a455348abh9ns,0,0.06924530118703842
23,4955e2c318d0bdca797ce17794ba18fblhaau,0,0.9394834041595459
23,1880a778c9dd0cb15ca1f052308a8e04g7e35,0,0.06500361859798431
23,72dd0e4788d25f62cc2ba942bb9499dc7quqj,0,0.052998486906290054
23,3a5420301c0dacbc5675f6f09aac0143tuodl,0,0.5792028903961182
23,e0413f338c43c9d55ba53612d2068f65t4gs6,0,0.37110579013824463
23,d6ebcf2149c311d221b233b268870b3d5gfe2,0,0.05619165673851967
23,dd055846eb553ab8e953b084f2048d53bdqec,0,0.9189820885658264
23,b5310019f2bbbd975c64dc11189191022k8tj,0,0.05183223634958267
23,e3ea1d5464543a1ef3a9b60394fc4ab6i1jk3,0,0.0675833523273468
23,7339b024b285f99084bcca768cce5c7e0h2op,0,0.07568535208702087
23,82bec02fec2f08899489d7a5c35a30a0lbszo,0,0.06189457327127457
23,245b584befa6a5b8c759491f5f3db580p2m5v,0,0.06703990697860718
23,481db1a88023d22b3533044bff5239dbf3cda,0,0.05576224997639656
23,408f81a85f3b31f8cabedf6ccd381961pop72,0,0.0722905844449997
23,175a06fdcf622c9455d0a77990b9302dj23ke,0,0.1879163682460785
23,a9237defb0a6478098f242b27ebcef18qrotd,0,0.06829638034105301
23,aa8aeba2bdd0353a108b9b26f12ed59559mvz,0,0.06301675736904144
23,a8561bec318a7d3a0082b35b086b4428wekph,0,0.5450544953346252
23,31a301c70e897bf36276031abdf07ab6cs6z0,0,0.07088024914264679
23,40e00fd204d0ce97110032bfc47f423d0bgrd,1,0.8260267376899719
23,bb790a228de797253bf6afa43ee52eba1s2dx,0,0.743752658367157
23,7b93ccc9d5730b561ec5fa7f4bd48c04qudf1,0,0.8543731570243835
23,29544507566320f1125d8e9f9a0ab3f2jswhk,0,0.9511528611183167
23,1680f758aecded6e25096b3a6199b38en6n73,0,0.06152292713522911
23,f93a998dc10a4c98f65c6b86fdff651d5i4qh,0,0.07295502722263336
23,c9056fc0cade75299ed4438567a87d6ek44pt,0,0.05867042392492294
23,bd0f0c497ef09b5c1bb18b330d932bffktn3i,0,0.055506784468889236
23,74f153bd134afc92866a6bc5cceb2088120y0,0,0.05388205125927925
23,7f4e84da8ed11f4ea3a2d276f49949b7o31us,0,0.055273331701755524
23,e1b1c514e1b87826fd045588f1f3881707cyy,0,0.05732668936252594
23,ca391c857d7aa75a72e2d7c3133e0d6ay9pil,0,0.07006028294563293
23,f2bf8c94172c4d71076e151cb4e136007iiur,0,0.06518150866031647
23,ca0c049b8c37c99ef93b6086e9947135onppq,0,0.05235062912106514
23,8f00a4c4d7f097bc1688f8d89431f6bfmodq2,0,0.08323614299297333
23,c4b598fcb343bdd2cf826fc7541500e40xtte,0,0.08041109889745712
23,295fbc4ef00fe0cea7947811e78bb8aez9ti2,0,0.06879814714193344
23,ae45f9b94d86f931c84c94f3975e3d7bkv2r0,0,0.5041782855987549
23,5d02346d70f11cd61d9fb955846ee9bdp5o6k,0,0.06447244435548782
23,3fae46174ef1a7dce5e9893775f814c4so8s0,0,0.06852518022060394
23,6b9a3d480add21788772e118e6d51ed57e3w9,0,0.06500373035669327
23,30ef7862d69b3440ebf2726ee85a0b8397ta7,0,0.06686713546514511
23,f8d0d52114da74d98800dc7553008705dth38,0,0.525134801864624
23,39f9dad880d32ee607af7571ec24807bn1g2d,0,0.06540356576442719
23,f04748a1437347d837a65ce04ee7d94enqhub,0,0.21422716975212097
23,b46132a554a2a3b93efc5a9352036e6crl6sk,1,0.165702685713768
23,18eb8d55c84019b9196c5ca7e072b287bv68e,0,0.05536658316850662
23,a4c40fd7a4c1040283fb2b84611eaad240849,0,0.8451644778251648
23,4ab56df4b1befe3e2ce5cd98e8950ba2psqq2,0,0.0745258554816246
23,0353aa9e97bd46119c90b8892f99982esfem3,0,0.18886242806911469
23,f01d8d55568b1f54b6946a1b78a3983exkz5u,0,0.06433602422475815
23,9211adb9cc770c78a70b55441acd146bfxnz2,0,0.05114927515387535
23,e69dc706f159ef6e26df0d88388bc5edlymly,0,0.05648332089185715
23,55d0b2506cef6464d799879b65c6ba29hjcv3,0,0.8629037141799927
23,7ce12bb499c156ba4513becaa42aa8c143v75,0,0.11114563047885895
23,b7efeea5ff94a281635ca2f0f7e8b3ca4zykk,0,0.05899669602513313
23,e5fd2ebbf5bac9ddc73ce524e1b33c3akti0q,0,0.05022643133997917
23,ff566c87f2babf3dcd67be286e1c6666cxzh1,0,0.062022097408771515
23,b1bc9ff2b98df742affda07c5977c7345dpm5,0,0.057946909219026566
23,05c6b93bf8f083b2d0a03ffc0fc3524ba8fi5,0,0.09973961114883423
23,b6a7b5bba132a90e7c7cb350d2bfa52d7sion,0,0.9561371207237244
23,dd1675bf26316cd4630087fb47d0ff8fsug8e,0,0.05159750208258629
23,20a2d48ac3400228e7a0296aaa596a0fvckdc,0,0.06383119523525238
23,9be87a4f123366660d7f6d40ffa493a8ffpsj,0,0.061097152531147
23,42cce5c657dc7d99911d950cb22fcb4fmzz5e,0,0.06707533448934555
23,8322695c21cb27accf0fe269438bd78fn3x44,0,0.6354624032974243
23,51d2e1b98b7a1e42b939637dc6e11381zu201,0,0.10238034278154373
23,061690ceb6004807b7906968bf382dfcbve7y,1,0.959211528301239
23,61101089c1b34f409fc9b836a7f9cd163y22l,0,0.06556830555200577
23,37ebf34eaeb8a434976416c34ed5c6d8ywyoj,0,0.05994721129536629
23,29b8af2fea3881ef61911612372dac41vczqv,0,0.0733623057603836
23,b1729d5905e896a8411f81bb65d66343ladls,0,0.06038186326622963
23,8bf04b0a219c7834b25057c0220b4d0dhwdsg,0,0.06291656941175461
23,82194e7d8f9b84e71b789e763b5c3263r6d98,0,0.04998031258583069
23,06a58d4af0fe7ee15324b0e921e8de1260vef,0,0.39854854345321655
23,012441119bcf83b23d4768bb72cea6d6carua,0,0.056631747633218765
23,40ef6a4a0c99b478fee1c93f4105b9d9mh9iv,0,0.07742637395858765
23,88bf2c0f5460e28deb5eca2ef8e5e809ol5ru,0,0.19102413952350616
23,8cba56e5e7c2be942ea8472b73f0842fil1x0,0,0.056201595813035965
23,40efc98d259ee36a8c2a387ba49f39d0fa39h,0,0.28149038553237915
23,9aca61f505f40a3b4f7865c2d00e2418s0e1f,0,0.5938916802406311
23,d7340ee3c04e600c31fd2a34c760f7e7d26bn,0,0.04948214814066887
23,1ac788675f70655e71a013892d701e901kj13,0,0.05695367977023125
23,d8ff621bc161b09d9192c445f4b3be7b8xow6,0,0.05749853700399399
23,156f4a8763e602ef789f8048c6928676a1ily,0,0.06837877631187439
23,1b268ea4fe034638a92d683b94bcb330vee4w,0,0.06353814899921417
23,8720f071e045d4cec9d707c583a3d64avjyyy,0,0.07771828770637512
23,69b32dd82f265a04826106d17e2bac9ao9fu8,0,0.06137872859835625
23,0daf4f87eb695e2a84e4156154209e09k6ga5,0,0.0692659392952919
23,10f1460119f9e42bcccd0f68ef59cc830pwtq,0,0.052641693502664566
23,9f7e3e648ea8e6815c6e7caf59412e843iqbz,0,0.06484072655439377
23,8ea020a1fdccfd726f74ed7e90dc3400zy9iy,0,0.050772543996572495
23,99bfa04865566ca88573ebfd3c7fb1f2c64cr,0,0.059391677379608154
23,7daf0e51b276c6ab5bd2ccf520dae106graj8,0,0.058645058423280716
23,b071545f5ad73150880c42e780d951bdzvxn7,0,0.5406496524810791
23,676ad0665c9bf74329ddc1f70ea48c16stnux,0,0.06092315912246704
23,2eaf4eef52d5b17615d08bf77386fa42yotej,0,0.9486793279647827
23,80bf6ab93fbb8316efd5c0b42d4b46c83qrdn,0,0.06852563470602036
23,4d0d345f552877998f41ba3cd1ba299885vu5,0,0.05388205125927925
23,055eb52087e0080b8ebca74be4f823f5c819l,0,0.07161932438611984
23,6713e820273f591bdff7d26a48ee30c5k4iii,0,0.5869300365447998
23,6393f55c093e04e6e608e1ee8be9c3e28omjd,0,0.06108057126402855
23,9d98d3f00a0c0bddf35470b0fb735fcdhiriy,0,0.9555694460868835
23,4882587d42b3d7d8d7bec4315203f10bl2fts,0,0.06852919608354568
23,cdf76f38b6f46a3bd396a99123d26909xq5c3,0,0.10018345713615417
23,9f101e80580cbff55a2307c028408a91nebzc,0,0.8384007811546326
23,a9062f1d7c589bb01ee0b330ee8791fc702il,0,0.24292853474617004
23,9af8e7dbdc3c620c8144d736242b3bd2fdbpx,0,0.061711542308330536
23,73d4cec0ad358d272d757e0fce8440d01fvw8,0,0.0692407637834549
23,4bddcd4957ff826dfd3b3efe6eb96be9aw5tz,0,0.619232177734375
23,fba0c76970a464cfa9c043c906442f0eg53a2,0,0.08437757939100266
23,52d8066e28f168e5bee769559ead307e1go7e,1,0.7994594573974609
23,d8ada60e3b7204a104bba8c073136bb40772o,0,0.07259409874677658
23,48044b1b1f47f168864bc7c4a58a65ecmt187,0,0.05908338353037834
23,4761b2fdb4ce610d1d8dd9ea50f478cf7et0f,0,0.06780032068490982
23,02030ec48b7179a7fd9950fdf546e3feekkye,0,0.0635177344083786
23,84d75f71a61667cd327367453b4c0d2frury9,0,0.05809751898050308
23,1dfa6e724441ca3c913b3d40967c17b2p9xr7,0,0.05160396918654442
23,f27321571b5b6184e86acb6203c766f2bsfxg,0,0.059719961136579514
23,a4630d8b78c796441a1be187f6907b11c5eu0,0,0.05601971223950386
23,0141844fc725a85e38e12cc02fcdbbe8ofqxv,0,0.05967475473880768
23,359444416c25e6e90ddb2e3d3d0bc23dufn9s,0,0.06871546804904938
23,3e85a43950c71b1988a814682abd4392yakvp,0,0.6239595413208008
23,f0567f6d45c0f83b9874681fe8dfe0ba6hjlf,0,0.46649643778800964
23,a1922a9ee4f9f5d03fe11816c2cc3eb9ivcbp,0,0.05834710970520973
23,b5a92183d20e5ca98da4065c874e0b9dezbhx,0,0.9646084308624268
23,0c5992f18244e24d2d7b4708a512378729eev,0,0.9524837136268616
23,dc9a7ebdb6fb8dd3267ac26dbe5a62b68e4vw,0,0.05388205125927925
23,147164a9fe8a6bce381a224e9f13207cc1mdg,0,0.08618751913309097
23,c72012c8072e2441b3ba8173205cd298cde8a,1,0.09646960347890854
23,d95c969eb09086bbad373dd8ee80cacbuagvf,0,0.0814078077673912
23,d9ffd2f7f3cc1a546586701c2a6fbda24u9ye,0,0.9363765716552734
23,173991472d4ee18932f8514b9d4a9dba7rjqa,0,0.06530435383319855
23,5b1bc916ca111874eda3bbe669957cb1d3mck,0,0.0548277422785759
23,eea590b4da2709c294e8db490f5997eadyc1e,0,0.05847634747624397
23,f73eb6e2e7a872f97c715ccdcddac77am8bq5,0,0.061551112681627274
23,13dfda714fb516e1f9f7abb0c927bdc2zmw55,0,0.06886966526508331
23,2b044b4b7949b96e38084e59b5d1d328jib5o,0,0.7022241950035095
23,414af5edf09c473bde75644b76a68e7feesrw,0,0.2762967646121979
23,23af639c0bd57bfe9bcf3b16973d58b7666fe,0,0.054228704422712326
23,5830a96593aff3e951919578f7374f09pqyc0,1,0.9529655575752258
23,9db7471a12cc3b8fa3cba86bc00abde2t2wz5,0,0.05059431120753288
23,7622d7085237d6b73d08e9d70ed11fe3u8mwm,0,0.05794355645775795
23,42f754cb72e01c08005598e1f9383341fn7xh,0,0.16474394500255585
23,bd29e36cbb063cbb96ece76680ffd9121dy90,0,0.060695044696331024
23,1ef47d501d4b36498b51e184b1027981xu89r,0,0.06218932941555977
23,8cc03b92898255ce4b096454645599ae5zoc0,0,0.06338824331760406
23,f7e3635c9a532fb9a60d6eda6eb7c7de3uqs2,0,0.06375521421432495
23,2b5a7c969ae95b239583f09936560b85g574d,0,0.05817202478647232
23,69e97e52dd6428671f46f2ab6567172d8mfar,0,0.08236367255449295
23,b34fe965c04012fd22123ed948257184pqvfg,1,0.9541741013526917
23,de3bbaaa3bbc1fd1f751d23a972916d80q8e6,0,0.09747382253408432
23,76d4a0147a60d871867f00adf45cb792w9c6n,0,0.4157552123069763
23,60849c6d966f178808d94543173cb93dog4gt,0,0.06677079945802689
23,a32cce991a2f597f6e5a02605119f99b1dyq1,0,0.061316102743148804
23,bfc7a0819397d910db7c24eaba1ed4c68dwiq,0,0.0602102056145668
23,2635d404f4943f3dbee24aa16a2953c723iwd,0,0.0574173778295517
23,6feec0741a319299c78c47040893399ebas6q,0,0.1831020563840866
23,d26cca81c93b52ae3564aa6cdf33f5d5mkliw,0,0.05467275530099869
23,c9f94611f4c9afd3a3153da9654e7310jr201,0,0.061490532010793686
23,f12120e467869d3d5dbf7c7d0566a8e7bmmhk,0,0.05811499059200287
23,497ef6187e03fd9d4387ac436461a40f982dq,0,0.05287942290306091
23,4ac31aea605d17045ceedbce23eed239omved,0,0.07529747486114502
23,c963c2dcbeeb0b7051bd3a6a87483ce6i98xx,0,0.053697071969509125
23,d7b66d95bcfba06122dc6f7a3c605fd73239a,0,0.05368608608841896
23,c7c854748038ddf37b8a9c4f5a28073fsut8p,0,0.051627662032842636
23,5fc9437841f1dbbe63a3a933c48472fcohutg,0,0.07181467860937119
23,361c6da33ccd1c0df152fd932e6fb2a69i4ux,0,0.063787542283535
23,9685887173cc2e1e5ee3993832a4b153bfl9m,0,0.05177946388721466
23,716079d1913959ccae0307f760bcddddt6d4o,0,0.06268444657325745
23,c62a6956e93ac3b56b1292f2c2d85b1fyekav,0,0.05388205125927925
23,5aeb71cdc92fe5d1c4a4e127d7ca7783gzje9,0,0.06873714178800583
23,5a823474f9fdaa129dea9fa690d51b62rgm7q,0,0.05496159568428993
23,2b19566f190ff3b8a85884e03c64fb56ir8a8,0,0.06869716197252274
23,a71f9ab1d130394882cbdab3c886f1b0fm6hu,0,0.06411702930927277
23,c478f94c1323552e85aec6e1013ecba586320,0,0.9590084552764893
23,30c3c92cc9408f55cfa895ff8a505930a3yy1,0,0.05954255908727646
23,83aa7c2c8c018888d9ebc6daf63bddb6f2i0d,0,0.059155046939849854
23,49eaad86d095aa5af75ce34e59e4b7f1mmf9q,0,0.05677727982401848
23,da2841ffcbeabaac373f00039c10f39fty6fa,0,0.0772881805896759
23,ed4802c318a7e04a5703ed115fe4f3a3kkugq,0,0.11675471812486649
23,6679d668a393f336ba9d1cb6a154e03aifmkr,0,0.05162550136446953
23,1df1dab2eb718c3da3f9a0aa90b93651sxqzo,0,0.06653984636068344
23,1395ca662a02245233af951cc7ad8313vk6w0,0,0.05076988786458969
23,08353687608279ddd83e4d36fadd1cd8ritj3,0,0.06958258897066116
23,559bccfe60c7193963f09388fb681ea65k7dp,0,0.06001729145646095
23,b9c59dcf41cd0a7ba779154872019cabmohkm,0,0.05514426901936531
23,470a0e402bb9cb4d48c2a450d2043e87flc2m,0,0.05853315815329552
23,c1d14f4355b7d3ef80f02628e5ef1d56u2510,0,0.0691177174448967
23,81c9c749b2c9f97215f3ddaf8b5a5fe1k757u,0,0.05117287486791611
23,6a97f70ba29a04e77eb3b137e157070dc2mqc,0,0.05990033596754074
23,2b13a870a46975494b749feea0c5c7ed170ll,0,0.30951035022735596
23,47183c1427a3cee97ff9bd167844e65d9dzi2,0,0.05344122275710106
23,5dda8ade6b5d4065f3119a381516c227yoz8y,0,0.7351190447807312
23,78c82f2e8764bc8001354128f9265efcqrthe,0,0.06798587739467621
23,7a3378ad9999b1fde0a4562a9b036f038cdal,0,0.05388205125927925
23,4997f0d7074a1d9f8bedf5575b6a4372w7nro,0,0.060614194720983505
23,d43189c6eef7a763b2f8596228807dd89x9y9,0,0.059809181839227676
23,a0d080012ab98513e39234e4545e93be17tt5,0,0.07512438297271729
23,4199816cef8be846ca71ae752575744fimyto,0,0.9585782289505005
23,e268d06507859d78894a8f6e11995f48zls7t,1,0.9656236171722412
23,e7445f6107c8cd3783fa722c7dd29fe6rcd3a,0,0.06071263924241066
23,29bd1e11a41eb2ff50af75d10f28041ejh9xx,0,0.05383290722966194
23,ca68a41b3a4062f154dc1ae8456cd792d6kp1,0,0.05398016422986984
23,c5863a228287327c9980d12a632985da9vi29,0,0.47557756304740906
23,eea79e1bfc21ff1b9572213e540e1252s5iuy,0,0.05547633022069931
23,898419c2d011d5a822e9ee07c387098ezpc12,0,0.0684492215514183
23,59cad1329d42bda3d678bae082bee7edgvt7q,0,0.06972290575504303
23,08c39ef7252995e0749f7927249b8dcb1d3xh,0,0.0686124861240387
23,870932eabebfc108296437c303db6055kc3t4,0,0.06477604806423187
23,9196288f121946095e5c402fd326109827t0a,0,0.9600123167037964
23,2d73ed3974473a764859084d51334440k5q7s,0,0.077670618891716
23,c0e3343070766b359c664f93ca65040b6bh2k,1,0.5643002986907959
23,06c281e31f83dcfd3fe70d2ee2d66bc7e6fw6,0,0.06449157744646072
23,06ddad46112881df154e3bda0e90fe880r57n,1,0.937476396560669
23,d428139761f7b7563d57bb1f87b55876388j9,0,0.0633947029709816
23,24d4554556deeebf61510cf3e001edecu8hgj,0,0.0654086172580719
23,84560dfb1400fe920a29ca2c728acf1e25eli,0,0.06850609183311462
23,781972f2af3af2abc492f9dbb0f6fceahnban,0,0.06626791507005692
23,655a95d80489d145052254616787cb84fwqid,0,0.06700138747692108
23,1dce9aaf9d6b9cba38f9c7489764fe30nlrq2,0,0.06199629232287407
23,dbbf9d9b1d7fa110208f77a681008077plqng,0,0.06136945262551308
23,438e53670ffa2990cdef656700bb49bf684fz,0,0.05658732354640961
23,b86050461e88566061c796dbccb1f7e5at242,0,0.06824933737516403
23,9197b6590c6dceabd88ec93157fcc31fgb8a4,0,0.04967984929680824
23,fa64fdb8ad70e86efbfc31179e93e99egd27l,0,0.05338924005627632
23,57c4421263d37c2cd2573cd7245a7a80h0mjf,0,0.18646816909313202
23,486dc9de91d243625863313adc03aa6bv4s1e,0,0.07986510545015335
23,cd9a7b22d85c35845260cd61a4b65cb2meyel,0,0.06307491660118103
23,58c2b44923882a8252963e78886adaefh7hnm,0,0.06831429898738861
23,36473d4c641c4c09c20c80e2ab35a36dwzp5d,0,0.06540630012750626
23,83e8aa6cb15daa745c75ba3c29a2f646zjw33,0,0.2253454327583313
23,233e09e861813cd087e8937f32a29bccs7b3l,0,0.07264818996191025
23,461b089147eb78c582ca8a30fa7581a7mflo5,0,0.0538991317152977
23,17c59325ec223c94dcb301a7451c39871vxq3,0,0.057043615728616714
23,50dd191676497345cc95d8b9f7284a7371z5s,0,0.06905820220708847
23,f781d7cab96d95bcea507cdd43b24255pw0dv,0,0.8719072341918945
23,c349d767ddda78ed58a3c5769e780598ar3ei,0,0.08409928530454636
23,1680b6a12fdc8c64645c00ae8048f99c6uzoz,0,0.055254336446523666
23,a37b105534ddcabb169f6ae3ec928d85slw6z,0,0.06551433354616165
23,a027780df5d0312919d41edfd4947f27odx7t,0,0.6460903286933899
23,624ae2fe9394700eae7a35806e4bafaeq9cty,0,0.05092386156320572
23,d5b75c812d172da1ecb3164a1cfb7527688gb,0,0.06214600428938866
23,dc4efb7e05563288d1f2ac4ca65c6734017ql,0,0.065919429063797
23,ff92ea4abd33ed38601287f0e1d6726dmgx1f,0,0.958100438117981
23,46a28eaed47c29b4fd148a50cde44840u0bsn,1,0.6134784817695618
23,b17ce8bfbb565945ee9f289c2ddd8abbu1ndj,0,0.05486968159675598
23,74487d5ffd5c34de4fecaf9dcb66f86b0wwa2,0,0.5877127051353455
23,2012c722a90bc47f1abbc8319d0cea51p7l5b,0,0.05931228771805763
23,d5337c2d4b58426b30c8733313eb5247syn5p,0,0.05323110893368721
23,2234754e09ba15519d0104c405326fc4igk0s,0,0.5671619176864624
23,96982cc1eefd6f526b512755151227c3h2w3l,0,0.05383938178420067
23,f23ebc71f2d8d820db2bf0576ee7e148cxvkp,0,0.06377734988927841
23,6d033ec559ea79a8ffb90d80e0b24e93j82av,0,0.06057741865515709
23,88641b0f22cf175876bfc4adc44c00f58b5rz,0,0.06713506579399109
23,531d4a209ec0cf76c9337b42fb1c3d9c9tcuv,0,0.06314347684383392
23,7eb7b2f6a914afba5c3d207dc28a93aed9pnc,0,0.07417356967926025
23,8bce581a91921adaa5fc20e627cd7b94l6cp6,0,0.05859796330332756
23,d7e83a95a05308d4fae6428bb9073a7bg8aoa,0,0.07177645713090897
23,0e5ec5baf2e15afdbf5212d8461e1ad9h3kr0,0,0.05367397144436836
23,340d7ea497f16bdb912ec5c6ce467f71kk7hy,1,0.8933098912239075
23,e8b82b8640ecdd154eebe6b36ec63f0bdwhc4,0,0.050196219235658646
23,0b3d5f829d18ba30d967fceecb58821c3oeqa,0,0.5096609592437744
23,437c191e614776c1535305f602ea9033sdfmf,0,0.062123853713274
23,76ab7c99de4a3141bf617bf30bec9feep3zuy,0,0.06714235246181488
23,5c5dbe70c2cb05d208c22d204146e1e9f3lvq,0,0.45876604318618774
23,cf1f2b6f29840e1ecbb31d18fb128c38bseas,0,0.9637778997421265
23,8df5d645ed4040b857c121a4459b7976n5u3b,0,0.08106877654790878
23,c5c8a28a166913512f5bffa6a49788c5b0uaa,0,0.06350452452898026
23,8b4bcc98fa4666b22c7a17c9a4b93ebenlmlb,0,0.05910945683717728
23,400e8b5b5447b4d11e06a8bb0754d8d6l6xoy,0,0.0714341402053833
23,ae29b39843141a73b39ada671ce6b6c0yxlb6,0,0.0603744313120842
23,a4475cf8808f8951dd5163ded3ee8032g9vxd,0,0.05388205125927925
23,9655ccc7c0c193f1549475f02c54dce45kjw7,1,0.8159317970275879
23,936a335eab4643c3529968a4d9b0c380esi7q,0,0.05599755048751831
23,162886daa0054ff1ad422e0f18cddff3qofft,0,0.28098759055137634
23,4483201dee43b51f338c0efd3b13bb895tric,0,0.06729648262262344
23,8066d0a6ab30c52b3ddca5da19518b6188t23,0,0.05430181697010994
23,683833b860c003e6c31c521c9cdb49a1kr6b4,0,0.06834778189659119
23,ecce760edfc6ec5cd5ddc7037c514dc3zod4i,0,0.05129702389240265
23,4b9bf4cf1085e9d839e833e4b9d40f2a8ps14,0,0.05954591929912567
23,50859deae0e0a599efde1725cde3a8b8dw86a,0,0.06438867747783661
23,a6f994251abda6687ada2e9de52bddb5cisa7,0,0.065059594810009
23,0eeffc5039b27a4dc2e420eca75b1fa55rv5q,0,0.053324442356824875
23,f268f61e075419e5a001b86ee78557e2kmg14,0,0.06901105493307114
23,97db2350652f8d01237fc4c59a470eb81h9gs,0,0.06520713120698929
23,8884b7af726ce7bd929482ea13de19d39lzuv,0,0.08420536667108536
23,9d33ed2efcfaddba0307d12142f3041ce731l,0,0.053697165101766586
23,95ff2833eef5999a4f3ba4a7684d2b26a6v9j,0,0.05817197263240814
23,75339aea3f29d7d9a8d67ed3fe1c89c3owsq5,0,0.7393694519996643
23,0ea26a4028ffc16d9a8631d43e1b92105auao,0,0.36093053221702576
23,e50426efab1e9d60b8f7258130f8791czrpvg,0,0.08637559413909912
23,b2968116361fd43589bde8eca72c5767o71qc,0,0.05847454071044922
23,eb27d8daded752fc0d1c828867b0f118cswwq,0,0.0583057701587677
23,825226b69f2a5a8337ca611b38223989aumow,0,0.05175146460533142
23,a8b8959fe64f490d32fc15a5d1144f87qj9ai,0,0.059668850153684616
23,3714da7069a5205137cacf89ab3a136ffx2u2,1,0.8203569054603577
23,32d2ce86b00693f0c26314e3cce2438dvxbt3,0,0.06985072046518326
23,1982c4b164171180d480166feae881ecmxsgl,0,0.058284446597099304
23,4cf9c56df4594860df56285e9293a7f7evfix,0,0.05854593589901924
23,460e932b11a1529d78246317757899ccfaxng,0,0.49628323316574097
23,c353286290001e0943ed9bb160145c42etrf8,0,0.08482595533132553
23,d9dfeadc7e0e844ffea3cfc706daae5dt2hhg,0,0.06184445694088936
23,210ae8381324c41f7b49e95f1b7aed80z55df,0,0.06770899891853333
23,55abcd1b00c6b5b54633fc7e98f0110bwoy3v,0,0.7415626049041748
23,ff3ae9450581aa3de5d2326f70e39d20w8fbl,0,0.05740760639309883
23,e56f611f1157381f4b689ab34b574e791qhcn,1,0.8857356309890747
23,76ed824b414b5e690ff82e7cd2f5be52256my,0,0.9109407067298889
23,b1863365ae232a316eb946ba56a29415m0gdz,1,0.9526890516281128
23,cca4426ec6d64f3e73294d4d5bc9719beud37,0,0.054341912269592285
23,ec96b5b27dc870c8f59ef11b7371b06eenaox,0,0.05312688648700714
23,0f33df2513a519a35c8b3dcf1d7c7416jjjzk,0,0.9413419961929321
23,39b501f37dde9b055d627394964d3260qiktx,0,0.11902376264333725
23,dbdb69d0032b0a251469107dd565b6c7irr4a,0,0.05946562811732292
23,3ef2325f8b68e1c030547a2a54ea6b98zwa2w,0,0.06905234605073929
23,6c8ffec692e88d81e1b18d47818abb04v6llr,0,0.506066620349884
23,13812c0d2c8c474bd62481d932407687o26kg,0,0.05277295783162117
23,5c32e357936f8977277d9b23d8f09f34v41wt,0,0.06130356341600418
23,a116e727a3dc0b69f5e7ae14d0ab40d44breq,0,0.05456257238984108
23,437ac1b8d08c3b328924aad097a3dcdey2m1k,0,0.0835038349032402
23,56b55e6ab49a4cbe7c76a2bbca804089pjq0g,0,0.41172948479652405
23,8d500e174fc28d494482f8ccb9438608zd51s,0,0.07148217409849167
23,81207d4ecf830fee924989f4fe1eaa7fntkmw,0,0.18050819635391235
23,6b28baf315d41017844e15d645bb2c05ybt3b,0,0.06937720626592636
23,acaec0b9f72bf4ab4318f3244344589b3700a,0,0.05990723520517349
23,37bb1697e1c3922a06c2d2ea4138a4c8s6wgk,1,0.9648920893669128
23,19033960ac23dffe078a1217788bc720jvjbz,0,0.055600542575120926
23,949689cced5d86578e6c8b664ea76d6aq6zxg,0,0.06855988502502441
23,916d2d806b772c9f227a9b3640e31469ljrxo,0,0.9457041621208191
23,90bb553b65144cafddc3f3d4a7783667a06ga,0,0.06372068077325821
23,17e4d6d9a1f8ec00cec1d4fe79b059bd51476,0,0.06886748969554901
23,71396d66a14f4ce0c96436456462863abwefv,0,0.0805908814072609
23,4641b5a43c7a2496ef93af2ca590d2c94s20x,0,0.05462990328669548
23,cad151bdf2e29b764dfd3acac022e5dcy8n83,0,0.0515136681497097
23,f6a7e7b14d39804c7d15627e2fa384a1cq892,0,0.06859590113162994
23,83dbbc6c5c7ed95048ffa9427d807692339oi,0,0.8926438689231873
23,fc16993f1fdbd5fa8f8ddd72b40442f0qwyo1,0,0.06882598251104355
23,e588d3f7a141147e4f8dba29377144707vupo,0,0.06920427083969116
23,25022fb30734c2e5044e031b0e9a4a9ct3354,0,0.05283356457948685
23,fdf0eb91ae1ecea1f6902676f47c32c454yzr,0,0.07830701023340225
23,5f529b5ee68b60482c5d0c56ee91f3c2cjrmx,1,0.9490568041801453
23,20d31f20169e8612fe13818891f88a83r66gm,0,0.08482847362756729
23,e60b306c01cf0c0be5c7d54facf927044g5d2,0,0.07330869138240814
23,f4d69870de1e803fe00f8126e73a7e33zwcds,0,0.06717555969953537
23,ccf30c9533a66f22f1c65910ae1bac1a1fs05,0,0.9473150968551636
23,417adcdcd7157e75c66469c07208af00qjnuo,0,0.06635645031929016
23,920540ac4168ed08a1e297395a68d718gsqdn,0,0.0683341696858406
23,354d4abc23881a40b8f119225e0dbd09tk1u3,0,0.054818663746118546
23,e49dfe2adbc4b3789f67bc044c231473clc4d,0,0.07621774822473526
23,7bb58b7875a093cbe7c5d487a825b730mjcw8,1,0.9650002121925354
23,d927c987f8a4ba2dc4f38dadc0831100tt94p,0,0.07220818847417831
23,771f6754997a1954eced81d46348b4762k475,0,0.8587287068367004
23,f895a8d9d7974b3ee7f1f04a25a950e9v63ps,0,0.05342444032430649
23,b1c9bacacf1f33a8fe48d1a4ae4c761bcltiv,0,0.174193874001503
23,f7b25abd850df9b0e0b305c6810e1ec3qbtaf,0,0.05455387011170387
23,cdf1fdd424a11dde166c4bf069d6998eph7b1,0,0.8823273181915283
23,43bd7fe0ed7629fa774a461127a629f19je0a,0,0.05910005047917366
23,7d063aa96e7a065ed5ff9deb7c851bddhrxdj,0,0.05484403297305107
23,8f6605a649ae41fe950a6bf579452464d9lmc,0,0.3996364176273346
23,ba6811273d4f63d9a31937b71b0a22dforovn,0,0.9602999687194824
23,b08034d2d4fa400b457d4a59a2482e8enfhqw,0,0.051958754658699036
23,3e602dff2e3bbe7a52236df2294c9e059fc2l,0,0.05172475427389145
23,11d5f6925da5809e2d447788b85d6253jj8fu,0,0.7891088128089905
23,f0c034c46dfb78d2e9e67fd4fa1688fa6mv8k,0,0.06833035498857498
23,3d575194dae5a2e2966abdf84d800a3bgbsd8,0,0.07431627064943314
23,53e2d855e008a5c2f79b4b848d467b86nofo3,0,0.06988886743783951
23,f6485cac867e1e7d2d991838551b4c4bfnarv,0,0.053288236260414124
23,d2b8a15ae403dabc5aa752b205181dbe1lm57,0,0.05947801470756531
23,65d8228c6c1e5b6042f397afed8a5c7cbo6x3,0,0.6776717901229858
24,4bee9aba2abda51bf43d639013d6efe12iycd,0,0.10492470115423203
24,7eaefc97fbf6af12e930528151f86eb91bafh,0,0.10450036823749542
24,fa64831ab5ade55daee13f852c16b0a84ujt0,0,0.7968661189079285
24,5354c02817e47f28e60e44a40ca5e48dll4sz,1,0.9458138942718506
24,2c581ec91825362ab66a7ffa05df5e70hl3h3,0,0.11743703484535217
24,0d0b3d6dc27d0f8eed70971f8c6bec1bdrs0f,0,0.07304190844297409
24,a22fdc066a738070c6e4860924d06657hengu,0,0.9532984495162964
24,1476226300a93d22b15253ed7339429a7ijk0,0,0.9536628127098083
24,975dd5178d34453c1c3c8edc47cf44274uv5s,0,0.3457718789577484
24,a1f4d216a1a92507d97166151d7c9fe37bei4,0,0.08264850080013275
24,9434778d2268f1fa2a8ede48c0cd05c097zey,1,0.888754665851593
24,e98d8f348b266653b6784329782fd2e91vu3h,0,0.08724522590637207
24,792edafa0603516a57932e6103e9dd54ajar7,0,0.12072574347257614
24,85be8fd21f41bc3dee86597d272825726bp69,0,0.06563226133584976
24,1cbd9081de4481ada66f1853737f7684ddjd1,1,0.9589253664016724
24,09d71d3e6a6871a7598dc2764c5bb4ffkz6mc,0,0.06498415768146515
24,8e1f8e5907b3cc256a2a57ae9ac81e063gbz4,0,0.09966658800840378
24,bd2cf3a868d168425cf1bde7c49d40b9jq0xu,0,0.10211336612701416
24,da6e2a5651b4f44fa3cff41cf9731ff8qc8fl,0,0.11498554795980453
24,9ded76c5244a2116a3b5432fa265a800j0bvt,0,0.07065872102975845
24,03244a553a252dcc3a3037f0371c8d33fmpd1,0,0.1002638190984726
24,d27221cf2bfaf0fa7a60ffd3e1e3a53efagvp,0,0.9337472915649414
24,12d6239a92972a35bc990225b3ab33466znm8,0,0.07072378695011139
24,226017dcd6506ce20886540ff734210d8hib1,0,0.06626185029745102
24,d5f997729fd5a0aa13307e027804de515jziv,0,0.11332639306783676
24,8c2bdb9dd878a811701838002627a056be0ce,0,0.8162127137184143
24,a9229b83f54a5f44a69e65b9b3aa7aa26qcon,0,0.07071857899427414
24,961ab8cb7952191816db53f8a11a35fe1zecm,0,0.06801930069923401
24,74ecf5f9adfa4dcca4dcf020209db81arynmk,0,0.07765232771635056
24,3d9910a238a0f282ad3132dd6fc981c8tv3tg,1,0.9586607217788696
24,19353c42feb91a216885fe012efdfb11s2iu8,0,0.08462540805339813
24,fdd836950d203286832a21b930b9f6b58ch7s,0,0.5151446461677551
24,2c72df02de4b36acf72ba549630808612ol08,0,0.07370835542678833
24,db83d746ba8e0c388805fa3fcb235743vfqmw,0,0.0768124982714653
24,8e2a43abb8fcd8ef9801c69fc04bfcb5kyc41,0,0.0628034919500351
24,2c31770e98fc9fc7e0f1fee6207b5600c0e10,0,0.9557028412818909
24,2515c5fd81638d5d0bca39a2b2be3995tante,0,0.36919882893562317
24,7f807b2eb6c391d55e67bcdf7e1cbb3fhylw0,0,0.10139767825603485
24,5948bcd0f773286ff7d5cde332c7ae6918jt6,0,0.10455988347530365
24,b8e47f06aef714b37073e72ac40a8100mew9c,0,0.08547006547451019
24,c76f30b8330b6d14fb872b30fcfd9d57phbsf,0,0.0550820529460907
24,2736ee274114e9440463bde9fbffacaa5xky5,0,0.10161007940769196
24,d6d68e218a6cafa246ed31185b09e1e1fsu8x,0,0.07125859707593918
24,666e1e141862a646afaa2b71fc7d2c25r1b4h,0,0.08447892218828201
24,124727083cd4159b40ff8d4b36a89340l6fga,0,0.1043778657913208
24,929b75b44585b34d2b917ec181ecbcf298fr8,0,0.20098508894443512
24,01a39439e7afbdcfe385eedbddb23d76zgdrg,0,0.06345025449991226
24,c600968815fc32b20e0519ecfce5b648en2wo,1,0.9590770602226257
24,ac494ae5acf003f84ba46f5741618a8dn19qi,0,0.08018764108419418
24,b64c209b3d1d91a663d134961af89125u0s9a,0,0.0660909116268158
24,e18e3d0fbfba81cedcae619dfa977875p10ta,0,0.0779624655842781
24,5e611461283a5c3e49b5bfbf9c33b7391ce3h,0,0.07123057544231415
24,518e9fb1055de6532ed2df6d03fb78feus5s0,0,0.05463032051920891
24,e7a98dc8545eb429007cb48799a40a2dc9p6o,0,0.9573240876197815
24,a2d0b7ec1595325cc63777f106e09fcd88y5g,0,0.11239062994718552
24,e8e4603ed284adbd252a7a601f9bffe09oq6f,0,0.07554182410240173
24,246c55639cf85c682d58cbd2ed6a6563vk2yn,0,0.1452345848083496
24,01349288df20199905e719f0ff7ee771nwryj,0,0.053419992327690125
24,f75cc5ec8acf1ad2349e00ffc4b3191a531f3,0,0.06306072324514389
24,585b938fd44968d0d59fcac453cfb3b8p8nti,0,0.8702492117881775
24,3a8124eb9fd3977e43f5e0762d9a09d536rob,0,0.08376133441925049
24,33a7a0121e28cca4e42494dd0f5aa03fdhlm1,0,0.06310881674289703
24,a74e3962ca26514976056bae3c46d579emz6y,0,0.11830008774995804
24,a539fbaf8b29613ff0e4f3e5831aa7a5p2cva,0,0.1034957617521286
24,7607c4efa792a69e2a8949ccafcbef103squn,0,0.6732537150382996
24,340bc29eeeb9b9d04eb1fb72a1a9a2444brgk,0,0.07332219183444977
24,01eb9dcbd0b3e79d94020d13d83a993ec9d2a,0,0.09500401467084885
24,74866aaa89db79f25dc0fae8be067b83xlbm6,0,0.08515623956918716
24,6a5457f1038c6e1cf9feb57529ce07b2sff4d,0,0.06476125866174698
24,3733f7ea492eef1f69f98593d2122c50xwcha,0,0.09812960773706436
24,c755d2832026bc2a6f5d2d6df5740f06mr3nj,0,0.07686611264944077
24,22401c4dc0cb1e5d52da01ebb8b2839cdoauo,0,0.055733684450387955
24,282fe85277f7c07b0ffbc5fed621a02ezp1zr,0,0.2568240463733673
24,e5f43783127506211df8c6290c2ecadbyr779,0,0.10715055465698242
24,dc752fa41d974bf688d25ea9d18e9a2eit904,0,0.06026580184698105
24,640f41f27c03aca0c45775eb918b666cnjsqv,0,0.10948649048805237
24,eb2c4b4493f31788ead745533e0c9a18xzzlk,0,0.08439818769693375
24,3c0026d48f3d6e10cef6cdb1f708793ccwkhr,0,0.0892467126250267
24,7fab82fa5eaea6a44eb743bc4bf356b3tarle,1,0.10362423211336136
24,dcd54d7afa6820e3f00e1c9e83aecc7b4f3lw,0,0.8970882892608643
24,e0b6466f9f720e9d9a00d7c12b2e2c6d8xwxz,0,0.09828492999076843
24,3106ad6371a3b740e2af90635a4ad966zeu1u,0,0.07763455808162689
24,b42ef139c2dfbff8356e8886d2b109e06riso,0,0.08196672052145004
24,b232fdca7cb98028e8945005f619fb28p8788,0,0.0814310759305954
24,db80f065a93cc6b41d12af614bc3ec11kpwjp,0,0.10384809970855713
24,11b1859aaf7fa93818baa76007cf7207d8uwy,0,0.10414335131645203
24,bd8bd6cae40abb19b81b6b6a7775f63e5tk1s,0,0.08455294370651245
24,db5e9f85e7d180f7d952f12e5dae5900q9xif,0,0.06511703878641129
24,e24542c1bd46a4a0f98b0fa95d8fc40brecdx,1,0.9571637511253357
24,35b111da8e919bb34e80511be9cbd128pjjdm,0,0.12030809372663498
24,3d7cff3dedd8a8e02dbc551c6a61da3bibbvh,1,0.7497979998588562
24,8fe6da2176541d0ce24574dbb60f9107oq1kn,0,0.09595165401697159
24,37921a9d842612b3b0281f7098d0002539xrj,0,0.08891943842172623
24,10b431aa15b56084d32fe1ef123c4305wo1nl,0,0.09311383962631226
24,573cf43253a18821e50dfae941ac287ceymgo,0,0.08552425354719162
24,fb6814db96bbaf61f42270a85f0f62adunxft,0,0.07123729586601257
24,4c2699de8bc9516b09c5e5c8bae6d6c6xiry9,0,0.07344605028629303
24,1c66f261724506bee45dd18a4d221bfeh1687,0,0.08435173332691193
24,67d245e38ee756947ed395fa099807fchxv99,0,0.08439130336046219
24,eacfdb47b3daccebd9f16779c5542fe5eytoc,0,0.06446440517902374
24,392d936106b75256632c9dc83c4f1a169bke9,0,0.05510495975613594
24,65d3cc1725c4506fe02be3e2b24435bbbd6qf,0,0.1040523573756218
24,6533b670e02ccf583288ba7c8f5fb1carmirt,1,0.9584264159202576
24,7f603f668968facebb0567015ad4c201kikrh,0,0.09530647099018097
24,ec0c9e98cdf302274974ad212477f851iw35b,0,0.3733702600002289
24,96caf14832aa8be04d98aa481b320392kb2gc,0,0.06153404712677002
24,a3910fbd35b7a0c383c9805eafda616fra4xo,0,0.12083195894956589
24,d4a84bdffb9543626fdd42c879343ce26ds4l,0,0.08019546419382095
24,c1434e440370882ecf00ac52140f7adbuy1e9,0,0.05686768516898155
24,be3bec53b42be118ef2a87fc40db7311k4as3,0,0.0912613794207573
24,cb9a75312b809291306c6213ed5dc67dw31qz,0,0.8777766823768616
24,01067975436d123f717ee5aba0dd4bbfa0937,0,0.09179005771875381
24,e4a9bdad09ebc5d5a264723855fcaaad6q52x,0,0.07126063108444214
24,dd7292cdbc81ebfb87945d9ab176d679gepf0,0,0.07014350593090057
24,222a0e05442fec0af2d20ebdcafe4b28c2pi4,0,0.0802195817232132
24,2797fe80977297483e724b8390161c937dh4g,0,0.8431831002235413
24,3d48fb12020c1a81a65fdba2d75caf0d6q2nc,0,0.054816290736198425
24,9c223f867c65938ce8623fc41bec08485xddt,0,0.07264675945043564
24,c97dda0fd2de7d82d3a52eb6c0788062h3tq6,0,0.12099432200193405
24,44be920e88377290bb204795f05a20369jp06,0,0.06576775014400482
24,bba40511c6e56070602e8dde4229ff923zbuq,0,0.08545548468828201
24,fb7c9b1dcc3b44dd69e42a84406117db4t4mn,0,0.057277861982584
24,6b85d622dec4fff284d55895eba9969dqlhu9,0,0.07107004523277283
24,7c965df16147f68263573764dd257a7bxqmpt,0,0.07675838470458984
24,fe4906ac4c8e2db5ed5a71e8a9d10080u6g7o,0,0.11281570792198181
24,aa7e36069de119ee3ad7c4d8c925fa3ekrs4i,0,0.056772779673337936
24,0fa357965f89388d8e7eb8cbc3b85c6bnnro4,0,0.0983530804514885
24,b7e16fd4fd9ff04b7d741b70730b7b6b1aw84,0,0.6372108459472656
24,80130530788e55de6e9fd515271859d1kgfsd,0,0.0884615108370781
24,54e279a4e162af7fc55d640aa62d0cbc9hxil,0,0.908004641532898
24,34cc283e180fcd4902ef8758714c6d83th4nf,0,0.10122272372245789
24,6f7043cde57060a6766b551df5fa6fd9p3ojp,0,0.08553214371204376
24,38125387ec30412c438280af8931254dmvfgb,0,0.08353482931852341
24,ac94684646bc6f708dcf4566f41ec05es9v44,0,0.1048717349767685
24,84a773b3c9d300834d9d57af5dc83091y54cx,0,0.08522193133831024
24,e2a61feee7f94b49d7de1ac6efb237c0fjt1z,0,0.06635534763336182
24,a6ec153fc7002cfd929b9f7199914cf75upgt,1,0.7344821095466614
24,557f06b312e040ed3cd7dd2a011cb83avyut1,0,0.796596884727478
24,d2704c8bb6ebbf13e08f37131382b126wy4yc,1,0.7634842395782471
24,18b5e850a1c10e681cb5fae0704a699018x6f,0,0.10227417200803757
24,c8e474ba549fe924bff9d3f585a9943cg9aju,0,0.0885043740272522
24,1bb03cdb913f203f704caf8bf6840b6fbpigb,0,0.9493979811668396
24,fa6b4da229eb64b4d44e7d5ee2b027f1j1whx,0,0.1038472056388855
24,49c3957287d24e69713e4355933b74baoijix,0,0.08046935498714447
24,313bb0007cbdd82f326d58c96847294c9hz4k,0,0.07672146707773209
24,59fe751fb6c277016b7ebe3609aa1b15vhg7w,0,0.0660909116268158
24,a4734769962126673e975a627e930b5fgc79n,0,0.06460583955049515
24,d1780c224460a0c20d5c2f5f68714c5264xd0,0,0.0660909116268158
24,39802378690e7d0c61d294f5898852b96hsfh,0,0.1017482727766037
24,f9ab998f3adb944a1cd1847a097fbc0bw61nf,0,0.08076749742031097
24,361397432ed35185b5a2789867a859ec42v14,0,0.0821443721652031
24,c41f5fb84d9f9e2456a5264c79919569vrhau,0,0.07908875495195389
24,18bc9dbbed75b55f35ec4be1351b7aa86an68,0,0.16298745572566986
24,0580f2e77b4c0dd3b5cda8a1641cb9fenmo0i,0,0.0675116777420044
24,b2a19e17e1b9e0bca8e4563efbff5fed7v9xe,0,0.09433155506849289
24,14b2d98230228eab6a6db3efc41660d7kp23s,0,0.06640306860208511
24,b79560ebfed7c8cbcfb97475812e0836twsnm,0,0.08157990127801895
24,cb6ea552ab5b90e2d0572148426ca275d1zzj,0,0.0837402269244194
24,2d9579812895729581ce269ea17462197jxvy,1,0.9439080357551575
24,f19531503f1485a3014189a80971c6fb0d9fu,0,0.06778927892446518
24,e561791343f3564a6fc612a98b5f3df34rxok,0,0.10378450155258179
24,4922d20e07d04601e8724be5e9f9576blyccu,0,0.10114501416683197
24,631f923b7bcf91f61a2e9f96520bd8c8vtl14,0,0.9567416906356812
24,f3a249f6a5c2c88ddd8bccb1f8a85fe52xnkq,0,0.07781202346086502
24,d13cd9e0a7b95c0a35f3456014865230qku5q,0,0.08782081305980682
24,98eed7cbee9b1a1b526a635648e7cd2fhbt5w,0,0.12280318886041641
24,3312b8e73417810a88be459d75fe9bc2xhd8v,0,0.0784975066781044
24,a6d6f3f5034886fc00a1245b439de13a66ha4,0,0.07879741489887238
24,61337802cac534b7e7711793039782d6f1yy9,0,0.053028639405965805
24,7c08de9de285265b2c34970139331f9fnr9ad,0,0.17290814220905304
24,ccc371d7848a80bc31941248b9f49b95hn694,0,0.09930446743965149
24,d3ab33e9314c95d6806813171f292299tmprm,0,0.09891857951879501
24,5c2b3f221cdf303df86ff1ffd7106fcco6pml,0,0.7273827195167542
24,339b8ca3185dcaffbc3ebdfd960020e8es0as,0,0.07418052852153778
24,cd35a3230456d4a245806e476c63e9a1evu7i,0,0.11151908338069916
24,c9e1e860e39bb7d4dbf3c91c5d6c36c2dv4tp,0,0.11328162997961044
24,85ac49e7f93bf0e20323de78362bb4aadnwia,0,0.05920655280351639
24,ee5afe7f268aaa88598545df890f4e5fzari6,0,0.07630373537540436
24,1dec9ee102b29905e2f59a52fb7429826e8b4,0,0.11224619299173355
24,e6f73230e0fff1d9a6b1b8a6617002ea9owig,0,0.06684289872646332
24,ca5730b8dad8f35fba24b68c9ca5d445mp87i,0,0.08241131156682968
24,3105d663ef3dff7e483a46c56580a9f9kd7f8,0,0.9019502401351929
24,97ac4a68e5600c4b7a960d9580d4f251470mc,0,0.06376924365758896
24,0817731a4d2e319f6f771da3f522b8bfv6njs,0,0.9548035264015198
24,047558bebab9292a5d4c85d6ee768784j2hdd,0,0.9495208859443665
24,40829191b83242ef1f380f90876cdd74mrqe1,0,0.062366385012865067
24,70daecd44c89c37525aa2ca294378ead4dggh,0,0.9390483498573303
24,3ee7de4c5a5e31b7b407827ae1370f70suenu,0,0.1070275753736496
24,4dbc8d336dbe0241c9bbb0f3630f25059yo43,0,0.10516760498285294
24,54379b25f1f35d9df78da9cd774cef74u5wt9,0,0.07908646017313004
24,a2bb8b3e3ae4566203eb5b3021b4d594pohf7,0,0.08550236374139786
24,63c48b70d37dee5fcfb26f94107ba3b94d90p,0,0.05579889193177223
24,a6414c637c6f1275e2c62c48fb238c5d5aw03,0,0.08048845827579498
24,6e848149cabc4434155aacb610fb20de6vq5b,1,0.9552919864654541
24,14d4e04d7ed150613974438a4dfd4e85dybq3,0,0.7326993942260742
24,eb8f9ca4a23586f5acc770fff966f654dy7g0,0,0.1051255613565445
24,613c7d60152ebf06e3a7dd326ba03261mnn8u,0,0.06651532649993896
24,fe19fadb955fee4c5fcd0e30e56e1542kx66p,0,0.6748248934745789
24,1a9765ed302d0f91b512c23112066e41s755q,0,0.10226285457611084
24,aee383561c0019dc01552bfa5263af8etbuc7,0,0.05059967190027237
24,9375e98d0810ce9119ccf45300249636zfpd9,0,0.07608344405889511
24,1c950af57581698616bd9923cc94fef25n5wh,0,0.07903138548135757
24,08981037e7a6c9032716ff25b15c9de25p63s,0,0.9520086646080017
24,fe6adfbbb2fc1ec0c3edf6677204bcb245uf2,0,0.07429978251457214
24,92ce3c44edd41ad3222481daac1ead35bouwj,0,0.07739068567752838
24,b729f60d26fde89a01f3fa89759d6b07t0ec4,0,0.9590954184532166
24,24108e769a15b155bd2d63c58368ae5946zhs,0,0.08567161858081818
24,bcda2135a2456d611876679b61dac500vs7sx,0,0.057833317667245865
24,e2165ff862178c7b2946f7f62f5a3e51wcvaw,0,0.11385887116193771
24,cb557e4675bf4f36f93ef5599adff545nz370,0,0.9137160778045654
24,6a2c4aeaa17c2fcf20958803a674f101vlxw1,0,0.06132884323596954
24,ffacbed056cbfaa60c1fcf51f0d381bddr3ly,0,0.0813693255186081
24,6ed39d7c89fa2d423017cc9811f0c469i2157,0,0.08241558074951172
24,d92c8c2d4c29d4c785431a8b34ea135awepbr,0,0.08259004354476929
24,e22850afda081aba360cc18e2a9021caqjjov,0,0.06716065108776093
24,3a32eb1c6dcc818e0df4953e978f2e89ljhnf,0,0.08070632815361023
24,17b41c48d6f53585c7bf3b65977eada0yxs8n,0,0.08228150755167007
24,44d34926c0863edb7575b819980e0e728pn5b,0,0.1014389842748642
24,171fbac128e6dcb51d0f07cf7ed8bd3er891e,0,0.9585047364234924
24,f01e3769fdce36d31eae85525827ab17xeu31,0,0.06646201014518738
24,fbacab353140582a4b8ae3412eefecbc753vs,0,0.14995965361595154
24,dcc5a79317a22bd0f6dca1f60fc866a8bei1d,0,0.1233384907245636
24,4d1542974bc322859d3d099b8c5193felot1k,0,0.8734298348426819
24,649b364bc466208e559858f0677b421dbnalw,0,0.06047908589243889
24,af14436f293c40a9904d9f06a323215bf7zdr,0,0.08928874135017395
24,f4294bb3abb69fa3183e7e851b58b278k83z3,0,0.10491534322500229
24,8cb96eaadc11cf4f914bad84518632e7czdyl,0,0.9577113389968872
24,e21b238213c361523d276d67f37c05e3qot5q,0,0.08657864481210709
24,86e698821a8aada613bfca1356d8cb7dopnv8,0,0.06965518742799759
24,384ba7c5a8ccf55d174080d9ad7de9b8mfysi,0,0.3508046567440033
24,96b7bb4238e7ebb439d81d63db4c2796aoofv,0,0.06556867063045502
24,cad9c97e99bd5753be98edd9ad8ec8c8c7r66,1,0.9585961699485779
24,d056594c1d7976b6ad4ba23e2b4cea19l2i0t,0,0.7323569059371948
24,1e13eba969b6b953688c9e945544ac4741ilj,0,0.07921493053436279
24,86a34cdbb975c141eea1854b10dbf1c8seom3,0,0.07160226255655289
24,0825d381aa09d1d0c47c77c372f07acbe02ky,0,0.06288813799619675
24,461c1d143120270fff5ebc1b91934951378ud,0,0.10151272267103195
24,8f086b809805064f3c4a5dd48327c0f51yplz,1,0.8823364973068237
24,a447127835855849fa2ee496d05e0847fgt68,0,0.8875217437744141
24,adc548d88b9a307ce0b58a0d11d3ae14gcfon,0,0.10446443408727646
24,a96039c7cfb1d040ca978ec5e66ee2c0sb5ht,0,0.07437893003225327
24,2b4b36fd77eaeabbdad8fac68b17ece5ey04u,0,0.11852580308914185
24,b258a38ef4cc6ea241b5473ee9badd32ekhoy,0,0.1156623363494873
24,942af1514033a612b203ec58f7894c9fv899u,0,0.1033184826374054
24,5bd35d55d367d7a21d98bf6a19fc0dc1e5j9p,0,0.0740465521812439
24,121578435bf4136746cd2a80f1990e07cv1px,0,0.18110278248786926
24,7d44df0d40982a6651a06cf533ef5dddtppag,0,0.7768645286560059
24,a46025d61131de18474aa6f167e04bf08w9x6,0,0.12463432550430298
24,1ccc69e376c95da9bd569a5d1a176874ivojs,0,0.0685068890452385
24,2e07d37dd022e72ab04da76f51edaa13qk5rv,0,0.08467218279838562
24,fb200accdd0411e96f1b0f6d6f6d4f52rgk01,0,0.07580791413784027
24,bb73823b1c3f577402c9aa9eabd1e412vp2xw,0,0.7215070128440857
24,e932ef68638c37220f4c2c386cf54578x4hpn,0,0.08344227075576782
24,2cc1c5bf18c858fd9c74901d8d80ab70ak8e0,1,0.9569997191429138
24,bdeb5eed17a812d2c47176e30b8553ae2k06g,0,0.10414459556341171
24,0d1815382b08885d76c671ab600133adeyp5e,0,0.5172764658927917
24,05c9fe8f8852ea069a93dfe39fc0571er9mdt,0,0.07460860908031464
24,7639039411fbcc6cf1013b247b2622a72g0r9,0,0.07064417004585266
24,4f57e657df5ee5d9207178b4b6858ddak9ouq,0,0.09230624884366989
24,4dd7f98cfffffd6f4707fd0deb4a00b5rj9wv,0,0.9377757906913757
24,30788b28de22d28938ecd7ed6795a8b022qm7,0,0.11521147191524506
24,1ba9422d7a55aa5abc3ff37d1cafa9f2yds7i,0,0.38408640027046204
24,ba0ca6f98ed66bdd1c4e86db2ce4011fdk6ii,0,0.35562023520469666
24,9df0031595e4105e4530ceee1a08faf319vvb,0,0.07765975594520569
24,70cc5da141baac4712163f5cd4bd4a50za0n9,0,0.7796362042427063
24,82ae4df0acf8237d7af1a790e3848645bp73e,0,0.06881411373615265
24,fa9cfea85e90bec313e512e9eeab2e869tvx8,0,0.9596496820449829
24,e10ae48cce1e198f7283064cc8a2f836iy0z6,0,0.06523187458515167
24,ba194af5111cfcf1dd95eb36160c728ds4kcy,0,0.08212350308895111
24,82f1ba4809f4812629e9e53ea4c687d7begx4,0,0.10427235811948776
24,c1d9c4c69367536d7b0ccac19527629f65025,0,0.10280382633209229
24,48badabcce6015d257ff5809761486c8qgjul,0,0.1826297640800476
24,f725c5b4cece8353da7a636fcba0ecb5yxshd,0,0.9541232585906982
24,c4709885ecca7b90dea4beb5dabd68aegk2pz,0,0.07367347180843353
24,7291b7fba1b597d66bb8efd45fd0d354q71ka,0,0.1009606122970581
24,6c021878ba6173a04d55bc1cf5544ac1f3t02,0,0.9129876494407654
24,cab7ecf98fd0489389a3a8d3961defb3k66og,0,0.08200952410697937
24,459ea22b6b51936d0788de9f78a3547bf4jrw,0,0.09409834444522858
24,ee45b2475e453e69ce712388959fe4acspmvk,0,0.05703125149011612
24,e0a9e4ffe2acd28599dacb91c98c34bc66vo3,0,0.06782912462949753
24,7ec5c7e2317a9b68e861060531588f76fpldj,0,0.11683144420385361
24,cf18f6766fadce944ee74796489c23acmqhpe,0,0.08379339426755905
24,a679d00c30c269a8eca148458abb8665kciaf,0,0.056357286870479584
24,28a0d5539562290a1a2f63d5b7230db090ys3,0,0.36317479610443115
24,20f206d2656116bed8dd46d5b70dac81lbgfk,0,0.0846560001373291
24,f219cbb3d454b32953619d5a4551f56dcg7gy,0,0.06683899462223053
24,d7eefaad31febe607c252199a7672420kl1el,1,0.9561455249786377
24,4c341a39553faef07ddb917ea4e069ed0yi3y,0,0.06559687852859497
24,f5ab013f90cb8890d33c6a309798204155q15,0,0.08097616583108902
24,aa3ac65055bb4b1660f4d8c1d2c187ecoqvn4,0,0.0768883228302002
24,fb9b1e58ffba4b38175c11e03e51e1f48dnm1,0,0.07469099014997482
24,2993e59bbbd7d14bf4bc21e4d2a4f8eeb18d2,0,0.07907199114561081
24,eeda0d135495167db9425fc5fa3a5e3ex2zel,0,0.11920268833637238
24,c0e4be8d520c7bac2f51ad80a98876c2aan70,0,0.10189178586006165
24,67fbdc4209a1566288acba904a2b5a7ee588g,0,0.20887339115142822
24,d4b2fd8f5e8e02b660e9803cbcfa6cf2t5szq,0,0.8566042184829712
24,51cf4dc8898554aedd8572f97a95ef5cpi3ct,0,0.4019257426261902
24,1689122c3b25d9e7adc626de84c10006fr2n5,0,0.07761877775192261
24,ca9e2287e98a718e20a8ed117dfcd699gxsp8,0,0.05708828195929527
24,14fe3602f049d4574cdbdef13789647dsgtqy,0,0.11198851466178894
24,5053e03863b6887308c8446cefeec429l94tg,0,0.13044683635234833
24,7ce3afe39ece9d672e9adcf3dcf2aa44a8r22,0,0.08320065587759018
24,4038ae3276c0b47f420a5d73687fb73bghgxf,0,0.17308643460273743
24,d4db72f36e6ad1668dbc0bf4f0e1c49bn12a2,0,0.10144656896591187
24,5e5d3410ca3605694b3c75b2274efd44c9vru,0,0.09149911999702454
24,817f8074bad1c717afaa8d1696f9b2b00muzw,0,0.10013936460018158
24,069d020584a0e8c61e622321d4c43881j7pl3,0,0.09914306551218033
24,f428427d7227ddcda377cd00f07749576c6b3,0,0.12029832601547241
24,603d769a86a359a0d41118b47c0ab41fx7kz5,0,0.08553200960159302
24,dfb23124fba16b7778f65c1c8d091f949jz0k,0,0.12331687659025192
24,ac9bf3a07831666bde4fefb75c184adekbrl0,0,0.08812741190195084
24,4985bdbf8710c33fd7c9d4771db7c690mcbyr,0,0.09790285676717758
24,0030a2dd87ad2733e0873062e4f83954mkj86,0,0.12277455627918243
24,fae553f133602fba6e9e6051dfb27fefkruax,1,0.9555923342704773
24,106f4ed8e9b727f8d94a1cd57e882a095pteo,0,0.0956537276506424
24,eaad20ae39d343daf76adc0b1a4984faumuzj,0,0.07804355025291443
24,e8bc0150097c1b2b8b8c374b69e0d3a6mxfcm,0,0.10330579429864883
24,4950352b0410495ef65a92b08b5be463c20yn,0,0.11844637244939804
24,e8581ec94cd4d5009ab6b36c6aca9f0cp3txb,0,0.055762551724910736
24,d42604c7cca8ec92839e92508f2a3e52ehz29,0,0.39374610781669617
24,f75a0f726d764514f612ee8cd8f65adegt02s,0,0.7416748404502869
24,3ce8aa0207022698b6d0eef09c89b381jzqi1,0,0.2775114178657532
24,fe27fe0815883aa3e1a312f0dcb45981txa2m,0,0.08790070563554764
24,8725b0aa1a32054450c16b099328fbcbi71gi,0,0.08487886935472488
24,da950a556200395a82e23e3bbfe1abb6xs258,0,0.0810050368309021
24,7e8650379cbcb3ef8f7f6aefcd678067kzbdi,0,0.08414880931377411
24,317d3e44b2bcfdd7293b84f82f44b8e31hx1r,0,0.08088497817516327
24,af50d549e86276f034e52037722dd5aetouu2,0,0.08343937247991562
24,167b4f37a264b72feb0f559b650d1cbd3ox60,0,0.07298484444618225
24,8152c94b639be88e7076f0e32bd70e0eg004b,0,0.07775479555130005
24,9ca7afbb673865b01cd4b02846054fc1p3vjn,0,0.5235864520072937
24,c46e21e01a3f4987e00109d1d5f48acb1q72y,0,0.09545113146305084
24,078e06b3288cf8f18ab7ed44b245fc56nbyfv,0,0.054665323346853256
24,e76057d8bcdbb3d2f935c30849a17e4d7ordt,0,0.06352978199720383
24,353d05bfefe1dd96d3335575ddadf310rgnrr,0,0.09566660225391388
24,c277151116ce38d8245f9f2308807af8t4nnj,1,0.8518151044845581
24,65435e491aa69dd9d44d70a9aeb6e847oqlty,0,0.09116485714912415
24,e5bde35da4abebe4fdb37a3c65124a57ff4vo,0,0.06774403899908066
24,91b8febfd1f556c06838992814e7653cr119e,0,0.06790713965892792
24,7a0b445f462d05606bf6ea07e2ab96ec1a4kx,0,0.07678105682134628
24,762046a235e00ec6521ba71aaa1450c28ijkz,0,0.9519978165626526
24,535ed161b4c9960a71ccd53128df4766ddyq6,1,0.9568078517913818
24,53856dce9187b16f2cf5e4e58f5d0397h7tz6,0,0.11834550648927689
24,c843f90bae7231af13dd0e064a469704drz2x,0,0.06630322337150574
24,76c85d6bf559bc0323bbe1639d233e88nxy36,0,0.7915642261505127
24,3dbb502d9d6f89b26f62cc804df54dcandhp0,0,0.07641512155532837
24,17dbe14676cd3a3cb8a7edb438622f7fv2scv,0,0.06625102460384369
24,baf1aa59ebedbacea2ca418c5aa83888imys2,0,0.09014757722616196
24,da00b16633eb706fb11d55868120cdd9so58j,0,0.1509612500667572
24,c910efe1f135b08acc32b2db162362033olvv,0,0.0782899260520935
24,04636b6c61c80f5325efe61183e8edb01ko20,0,0.07888927310705185
24,5a6376f140f05274d6e0dc888cbeb89eukxkd,0,0.0667586550116539
24,6e29de28296a57f039026ffc6df9145cxo2n0,0,0.9504027366638184
24,6a3b1ee159716b743ddb8e07e499fadbhqn74,0,0.0769692212343216
24,fa918060747386f431a511c862565e34y1pdw,0,0.06457645446062088
24,b8da3e0dc73d1f453ecbe6ee4d4e8791pr8az,0,0.08281116932630539
24,34e965deb822f329ecad42b94e8ba0ba3dpt0,0,0.6721000075340271
24,8fd35d215ab6530c2ef096c87233cbc93juwy,0,0.08561122417449951
24,21fd0c468438a483ad1c60cfd1b84b850iyjv,0,0.07649629563093185
24,c1859303603734d90d1a91d80977e14echjim,0,0.9490466117858887
24,79cdbe82ec79d0e60f1b113d9a5bc5b4ar8bk,0,0.07964419573545456
24,e0fde4b9b7ec14e80de3c811ecae157f6kqd9,0,0.19587312638759613
24,b6a3aa8c0f2302fa35d7b809d9371deeypvyh,0,0.19138403236865997
24,3d7bd741177a712ae0417bc4f4a37bcf9jo2a,0,0.10243723541498184
24,042780ee9a3730703e35340c575c3cbb7zjwk,0,0.08700171858072281
24,f416aeaaafcbb66aabb77347776db008qw96o,0,0.9313130974769592
24,22e65b6bf73fab510ee814cbaeb9ebc1252mu,0,0.8527372479438782
24,4c46b1ea933d574a985776ed356312505nagr,0,0.07839521765708923
24,b28e6a39ef0cdda29c5e350e048c3a813idk1,0,0.10192618519067764
24,75613637a85df9328b743d33b0efbf1586qow,0,0.0745418593287468
24,ef65488c949595d7885525ccfab9100c6cmqb,0,0.9402656555175781
24,14c69cd7fbc8300876f287520c493fc8xe2o6,0,0.7040078043937683
24,f28b5654b5633a0b5e3f757a16080116sjj1b,0,0.06635720282793045
24,4de568a9b480f0dcd3f2ac385121d75bbpy82,0,0.07211566716432571
24,bb4af76ec92ce75e8abe9a6a481d4314jyo16,0,0.12202382832765579
24,37d71b4ae830fcfa6f0c4f65ec386414n8h5l,0,0.08622317016124725
24,b4210edd4ec9bf872c7108fdb3c6aae9cjwz7,0,0.06343499571084976
24,e9f928411213f44502e4942a29553ab1tbqgu,0,0.06689159572124481
24,65f52b46edfc7fa64b9e74557a78e52c1it54,0,0.07144881784915924
24,2a73f10b3b8f2b825e220ba0a1d2c49f9nikz,0,0.06585778295993805
24,f473c995ca7b5287f9b2f079f0d78a1e92226,0,0.9335949420928955
24,6da04647ce16d0f00051dfeaa94d3313ox30y,0,0.05911415070295334
24,1899fd76b484b9275854787a6b003b8a93js0,0,0.12281946837902069
24,8c339df2050a428c04a1c2bcbfe4a143loj8l,0,0.16986364126205444
24,b3dc6151c6813688d0423dbab13d3f19crw2w,0,0.07892788201570511
24,fcda141af3b545332fc3b2d55a8bba74uw7s0,0,0.08261536061763763
24,0a9d614009139236f198ddb4759a498cen5ix,0,0.08811692893505096
24,741b9948c8cf42d658676e5a46757815zstr4,0,0.07372388243675232
24,205a011640002932a7bedbb93d81b68b8m93b,0,0.08249417692422867
24,55453d252a225f3b046c094a7aa330a80dr96,0,0.102292001247406
24,424b638423f4862b2a84f22ec25fa22eb2c8p,0,0.11952409148216248
24,1b7c070ffb2c23c1d02ae5bc5d817d06qz4xb,0,0.08432112634181976
24,8b253bd318229b3eea3f459bd81b8347khytb,0,0.9585859775543213
24,0181b91f58e6cbaa832235e2879c9c00ovrzi,0,0.0751517042517662
24,c17c63af831939f5e2fd12f65821db65umonm,0,0.9556624293327332
24,03e884d3e7e3356608187d2345e4693fyt29x,0,0.07981546223163605
24,df12e679581fb2054907dae75c9c78ee9kzzv,0,0.06662614643573761
24,3fe1dacbdaf96fab0c213e218968c518twu76,0,0.07729209214448929
24,15f34e73687d7361ac0d780737fca261g2s9n,0,0.3468177318572998
24,1dfb637157cc0e590e50d724cd4cad6d4cacw,0,0.06025645136833191
24,b7e0afcd391a22444eaa566aa527eec0x2yv3,0,0.06071082502603531
24,c806dbb2decba0ed3c4ff5e2e60a74c2wjvbl,0,0.08963978290557861
