fold,bidder_id,y_true,y_prob
0,624f258b49e77713fc34034560f93fb3hu3jo,0,8.515998217717424e-8
0,25558d24bca82beef0f9db4ba1fe2045ynnvq,0,0.00004406413063406944
0,1b26a52e1e5980c8487bb35cf5027fdfwfnzp,0,3.3103662033795445e-9
0,c0549e76b179912d52a28c3eb9b29376yaxvu,0,2.3578090235787386e-7
0,880f542a275df1251612886d408b32e8m96cp,0,0.004301145672798157
0,25d75fd439571c1d9b946f5ec833786063vom,0,0.8210287094116211
0,99acffc3cd9bfcd00668dbf472a1979350mxk,0,0.000011219978659937624
0,11a38554244f3c14de043aaf52345c35jjqvo,0,0.12924446165561676
0,a22fdc066a738070c6e4860924d06657hengu,0,0.65755295753479
0,c62bac5be6489bc0e0a7834a11167171c8ww3,0,0.2887168526649475
0,98783b6bd490f32f56c315307643c824nimw1,0,0.0005365463439375162
0,5f50c6187a179e2ee7ba2fbcfc845c7a1smgr,0,0.09566773474216461
0,9434778d2268f1fa2a8ede48c0cd05c097zey,1,0.6419626474380493
0,5686520af5a4215a239418fec906f88e4she5,0,0.00019966495165135711
0,e98d8f348b266653b6784329782fd2e91vu3h,0,0.041515469551086426
0,19815d9bcdc74c3ddfb9ff210c1739f3tup3i,0,0.43034300208091736
0,1cbd9081de4481ada66f1853737f7684ddjd1,1,0.22494713962078094
0,e78cb9678684d649453cd5e1e46baf462lq87,0,0.000055973730923142284
0,c5babbaace35399cf51a9356bbc22733xpi5h,0,0.0005006342544220388
0,1cd8d86911413c73e92ad1170cae68c3pocsn,0,0.7434341311454773
0,1ae57d217b27820cabf6e24b721bfb38s6ja0,0,4.024214831588324e-6
0,21580623ea81c5b0b82aaf74890218e5mio2z,0,4.845672307851601e-9
0,806a46eb814ec7a09bfffcf38b0763d344tc3,0,0.0003314924833830446
0,80e753fbea14f966b1fc6d1e194d4e66822ms,0,0.04368267208337784
0,d0231e5200b870c055db7e3daae24bc8lt7at,0,0.27659347653388977
0,d27221cf2bfaf0fa7a60ffd3e1e3a53efagvp,0,0.34627920389175415
0,d5f997729fd5a0aa13307e027804de515jziv,0,0.6045374870300293
0,9653f425ed82418570fbca890f7032b16sjjd,0,0.44240763783454895
0,671fb1e314a1f480ba9ad9b5a1cf6a91w1k2f,0,0.15702468156814575
0,961ab8cb7952191816db53f8a11a35fe1zecm,0,0.14388826489448547
0,99fc8ed25265e58bc94d9d95180badf4t2e3i,0,0.30928483605384827
0,74ecf5f9adfa4dcca4dcf020209db81arynmk,0,0.00004774239278049208
0,10383b390780e7b4b03dc32c94b4973f66wou,0,0.6160004734992981
0,2c72df02de4b36acf72ba549630808612ol08,0,0.00003091582402703352
0,e613acb1029ecafd9792c9f75d468e4bmm9zn,0,0.0029360444750636816
0,f186d292f4e83f70a92c97f92993f655ygqzw,0,0.6294466853141785
0,8ec8add138ed551bd5a9175eae0cb972ie0pk,0,0.553020179271698
0,88103add66b7113729a9ca82540684c9il94h,0,2.2558850787390838e-7
0,6a87cc9dacae884e817de2ee08452e76dx9mn,0,1.0553069529350978e-10
0,4741959d26f99012b8a6a3e3954eae40hsy6j,0,1.1467962579558844e-8
0,8b4071f3e2702b88481054081363bc15her3f,0,0.008316426537930965
0,e0413f338c43c9d55ba53612d2068f65t4gs6,0,0.4680085778236389
0,b8e47f06aef714b37073e72ac40a8100mew9c,0,0.010801545344293118
0,d6d68e218a6cafa246ed31185b09e1e1fsu8x,0,0.017520388588309288
0,666e1e141862a646afaa2b71fc7d2c25r1b4h,0,0.002452465705573559
0,2918b09c1ed9e9e8602f85175b266aeej5v6w,0,0.7235604524612427
0,124727083cd4159b40ff8d4b36a89340l6fga,0,1.5887083009147318e-6
0,cd856579a7c4850b60d8763520339449x0mqg,0,1.8838437754187254e-11
0,4679df74080bc22e29676bddc5bcbf51gsyds,0,0.0003724372072611004
0,e3ea1d5464543a1ef3a9b60394fc4ab6i1jk3,0,0.5068796277046204
0,01a39439e7afbdcfe385eedbddb23d76zgdrg,0,0.031347863376140594
0,eebfd257525e52b67969ae9d8760afff12j3d,0,0.0029157984536141157
0,3d8cccb637b990ec64d662d66ec059cfn1p3p,0,0.00002870990829251241
0,f46cfa9acdb6a4c419c70c19be4ff9523uixs,0,0.1501483917236328
0,dfd5c9157a0a771f235c32f30aedbf84e2552,0,0.34748780727386475
0,62ac0de5f8776ca1d189297bdea9a64cmewb9,0,1.4465615120681785e-13
0,28c9a5ea8aae9fb4f6a755f94cd922361v9ow,0,0.6900622844696045
0,b9080651d16e3d6d2d83e1c5debb55b0qpwbv,0,0.005865555256605148
0,c8d972b803b46212369cf1b480328dcehb9jl,0,0.00007559703954029828
0,b64c209b3d1d91a663d134961af89125u0s9a,0,0.09566773474216461
0,ead2ec4563ba25a9e9d417f1964b7504teqtp,0,0.5070126056671143
0,28aa6c505e308e49e586e25e1897ed2axjiy0,0,0.00006571106496267021
0,5850b68151cf0760e94acb39c4dfa02026k4u,0,0.002102641388773918
0,037d9f10da403d8d5f94b6e2957a3702f6x07,0,0.7431541681289673
0,f876e3be4038da62f49234ee498feb732gdcl,0,1.9743982490605383e-11
0,585b938fd44968d0d59fcac453cfb3b8p8nti,0,0.5642986297607422
0,c08e5e3325e2f4fea171f24ca018e675we8kj,0,0.09566773474216461
0,cf456f3c8c409ec4060142acfdabb5bbqpx7q,0,0.10454392433166504
0,c69e65de28937ebe1b94e7785afd94158thqk,0,0.6238707900047302
0,29544507566320f1125d8e9f9a0ab3f2jswhk,0,0.3942960798740387
0,1680f758aecded6e25096b3a6199b38en6n73,0,0.7357941269874573
0,1b0534afb7c02bb023bd4767ae73f17dqzqdu,0,0.3766317367553711
0,fb5a19240e36ae12aaccc1e9d9231144l32hv,0,9.074492481886409e-7
0,27cc072f1432f7aec4b7e17cf2e473f2x3bjg,0,0.12162229418754578
0,ea6c07fbbfc3f0e549701b1e7b90c4d21zfjl,0,4.972959573024127e-7
0,3733f7ea492eef1f69f98593d2122c50xwcha,0,2.3801609572160487e-8
0,7f4e84da8ed11f4ea3a2d276f49949b7o31us,0,0.0005315770395100117
0,22401c4dc0cb1e5d52da01ebb8b2839cdoauo,0,0.0014890877064317465
0,c18cfb38fe1c4c01705391422177265cn9w5x,0,7.39965955176558e-8
0,ca0c049b8c37c99ef93b6086e9947135onppq,0,0.11788403242826462
0,7fab82fa5eaea6a44eb743bc4bf356b3tarle,1,2.399335414793313e-7
0,dcac75b5ccc362a66e7f9112f033bdebchxq4,0,0.012336913496255875
0,65659f3fbf6207c570c4bb8ac64772e9umh95,0,5.018587216909509e-7
0,ca0331fc37db2b251a012376f7b987fcma2jw,0,0.0583130344748497
0,b42ef139c2dfbff8356e8886d2b109e06riso,0,0.11659885942935944
0,b970a53727b2bfaf02079779c846a52fj3f0q,0,3.0733251499270864e-9
0,3995d9ce0cebd62d77cb8add067d93e15oezc,0,8.841924414859648e-11
0,2906a20e0b4f7ce840d051c4be898b66do6wh,0,0.22797028720378876
0,9b51afa3c3a736bdf93bd1f2a7b0a0903c34w,0,0.05252334848046303
0,6b9a3d480add21788772e118e6d51ed57e3w9,0,0.03693949431180954
0,30ef7862d69b3440ebf2726ee85a0b8397ta7,0,5.73935256958924e-12
0,8fe6da2176541d0ce24574dbb60f9107oq1kn,0,0.24923186004161835
0,2a5726bd00709641cc54a8ab5422cde3uchoe,0,0.00010057225154014304
0,85371e59ea43c33c7e481ba3c214e893ail7f,0,0.003322688629850745
0,1c66f261724506bee45dd18a4d221bfeh1687,0,5.794084700028179e-6
0,fbca8e44d824faa1fa6b99325758ff19vi94a,0,1.4943617543394794e-6
0,584d1d60d357a4ee1fd3b0a6a72de1dc4rodn,0,2.406312996083848e-11
0,0353aa9e97bd46119c90b8892f99982esfem3,0,0.023499870672822
0,65d3cc1725c4506fe02be3e2b24435bbbd6qf,0,3.50146245331473e-9
0,b1bc9ff2b98df742affda07c5977c7345dpm5,0,0.13904790580272675
0,05c6b93bf8f083b2d0a03ffc0fc3524ba8fi5,0,0.5477719902992249
0,1bbfbd968c065ff5dabeffe311bc3ddeezbof,0,0.6722943782806396
0,e19f258fa5019e58974b562a8e1433ccluztk,0,0.4418207108974457
0,4703c8940eaa3f3bf5082ec2f155a8619i1yw,0,0.03666187450289726
0,c9fbbfcc89730e961499b4b30ffc4a98umxko,0,1.5673096154245059e-10
0,a60101895443bfa5d4485b9c2c3e1b68t5ppq,0,0.00916329026222229
0,662b66b1227816c2f9017cadbc148381alne2,0,2.4944013868322124e-12
0,d7c046d4328c139e76fea7c1833e8fe6fx4yz,0,8.883674240678374e-8
0,0318e0a173f7c65db40116b903884c854x258,0,0.7100173830986023
0,6767cffbe2c0957492aa451560655be3hjd6s,0,0.02488877810537815
0,88bf2c0f5460e28deb5eca2ef8e5e809ol5ru,0,0.0005387304117903113
0,d8ff621bc161b09d9192c445f4b3be7b8xow6,0,0.05109745264053345
0,05a07a27e235d01fe480ea6ac73b8838jq28x,0,0.06811746209859848
0,272a9183c10d9e80eda8ccaf6682db71203nk,0,1.082176126487866e-7
0,9c223f867c65938ce8623fc41bec08485xddt,0,0.030639277771115303
0,f211ff014ed43c9054916f97d6187108mpxr6,0,0.649620532989502
0,bba40511c6e56070602e8dde4229ff923zbuq,0,0.05824459344148636
0,69b32dd82f265a04826106d17e2bac9ao9fu8,0,0.09388813376426697
0,4b3e6a8a52c413a32f76a6d7a84a54bb8gb0t,0,0.09566773474216461
0,676ad0665c9bf74329ddc1f70ea48c16stnux,0,0.0034831876400858164
0,47d1dbfb67706772f8a44f50e5656602z04rc,0,0.40697428584098816
0,6b85d622dec4fff284d55895eba9969dqlhu9,0,5.099553277432278e-7
0,4d0d345f552877998f41ba3cd1ba299885vu5,0,0.09566773474216461
0,055eb52087e0080b8ebca74be4f823f5c819l,0,3.2347841072422057e-10
0,b7e16fd4fd9ff04b7d741b70730b7b6b1aw84,0,0.3697957992553711
0,5f7767924aa92a8f01b44a7e09f00a4dgqk8e,0,0.08342605829238892
0,bc7722baf876d0735ddc885691eb687bgz365,0,0.16889773309230804
0,cc78aba7eb8293a1d70f083bd747fa1450906,0,6.610373930016067e-6
0,420e7aebb49d7ab3c04e109a98e152d7kquiz,0,0.0012964439811185002
0,61a4da78a5aa5bebcb3e9818a46771766gtq7,0,0.004926587920635939
0,ac94684646bc6f708dcf4566f41ec05es9v44,0,7.249841615930563e-8
0,8bf07d8631a2808f2c869e27afad2d41swgkd,1,0.7103022336959839
0,e2554dc14d54c3b7be85c59dbc1425f77qv4a,0,5.521219748061412e-8
0,f8c42ccd10c3fe515e53082f0cde9a18oxgws,0,0.6206967234611511
0,1717f6d4c48ae8d3e5f2566d4bb525f854j6d,0,0.0006593830185011029
0,a9bfa54aef505d65ec488d8984c82a7bf0fjm,0,0.05684046819806099
0,f334d76f60cae7c67ab04b9e5cc49907hqsc4,0,4.721374807559187e-6
0,d38b2db568fb71174bf883554bea939ccts4m,0,4.330112310380052e-11
0,48044b1b1f47f168864bc7c4a58a65ecmt187,0,0.0049261716194450855
0,4c2af41637c123c78074e46a22526298vol9h,0,0.022640997543931007
0,e2bda091a91082b774d59f2c5b8480ebbijs5,0,0.04927435144782066
0,f05dfdaa2f67b190f3a79a5a2d5daf9coikow,0,1.8090280207161413e-7
0,4761b2fdb4ce610d1d8dd9ea50f478cf7et0f,0,9.18600084887089e-10
0,ae6758a627a111f6d6b530b0154c429566o4k,1,0.14636746048927307
0,183c4e44d09bc4ab990b957e765af311vlup7,0,0.051710646599531174
0,84d75f71a61667cd327367453b4c0d2frury9,0,0.0018096975982189178
0,612d24dde60a1b42873ab7b50944c6dad3dcb,0,0.07994695752859116
0,313bb0007cbdd82f326d58c96847294c9hz4k,0,1.3573917101439292e-7
0,c7ce5ac2fe5f03458fab59c78b19bf7c9wzf7,0,8.860929057163958e-8
0,a1922a9ee4f9f5d03fe11816c2cc3eb9ivcbp,0,4.7210478582027093e-11
0,d1780c224460a0c20d5c2f5f68714c5264xd0,0,0.09566773474216461
0,f9ab998f3adb944a1cd1847a097fbc0bw61nf,0,6.946299436094705e-6
0,c41f5fb84d9f9e2456a5264c79919569vrhau,0,0.8272982835769653
0,b5a92183d20e5ca98da4065c874e0b9dezbhx,0,0.2874898612499237
0,0c5992f18244e24d2d7b4708a512378729eev,0,0.9995211362838745
0,0580f2e77b4c0dd3b5cda8a1641cb9fenmo0i,0,0.003923846408724785
0,dc9a7ebdb6fb8dd3267ac26dbe5a62b68e4vw,0,0.09566773474216461
0,147164a9fe8a6bce381a224e9f13207cc1mdg,0,3.3683530631378744e-8
0,5920a92dc2b65e257061017a04eb5361tpa9b,1,0.19298221170902252
0,2d9579812895729581ce269ea17462197jxvy,1,0.8126938343048096
0,f19531503f1485a3014189a80971c6fb0d9fu,0,0.26243484020233154
0,8acae9b2e5454fbd92fd0b3d79fe89ad6w2wp,0,0.01118924655020237
0,5b1bc916ca111874eda3bbe669957cb1d3mck,0,0.0016115899197757244
0,f73eb6e2e7a872f97c715ccdcddac77am8bq5,0,0.09091324359178543
0,b1c2e7ee5c69722df6233541ad5e784eutiv2,0,0.0003382151771802455
0,3312b8e73417810a88be459d75fe9bc2xhd8v,0,0.00001531615635030903
0,44c38c27b9de757c8c7c05cf07b7e3eb14qpt,0,9.061576489166612e-10
0,9ba7cbcf531c20ef7cc55a6da5c0654evwt1d,0,0.46391183137893677
0,61337802cac534b7e7711793039782d6f1yy9,0,0.026577649638056755
0,497b8beb19a7f674bc53acf7f5c7ec8cxv68x,0,0.051999982446432114
0,43553dd8b9370fbba5efa6b652d9b43ezsj11,0,0.003382784780114889
0,8cc03b92898255ce4b096454645599ae5zoc0,0,0.000027810812753159553
0,aea096a392f55d95c3e45251931e9755a9t3o,0,0.6943728923797607
0,05ae7ea9549ae298bbbc8002b4229392e0ilf,0,1.6807793201678578e-7
0,a5fb60c136b7e0a6d0d6e27cadb2a797225r6,0,0.40105828642845154
0,ee5afe7f268aaa88598545df890f4e5fzari6,0,0.014964555390179157
0,8ebc5b544d62622e45e1ee22a56265e0xwwsb,0,0.3948014974594116
0,d9a813646e8fae954898c1279196f5493gqzc,0,0.0377642996609211
0,99ca795998fb781a42d85f1abeb50482yzffz,0,0.4391615688800812
0,2fc0efdb6ff10d51e3a4d979ee52cf07p4068,0,0.3490312099456787
0,047558bebab9292a5d4c85d6ee768784j2hdd,0,0.6331043839454651
0,85499f83c5f1674c87d0fe77838c4da793u8y,0,0.052725572139024734
0,bfc7a0819397d910db7c24eaba1ed4c68dwiq,0,7.317863492062315e-6
0,693085cbb28f505f03b025dac8681a3bvfot8,0,0.7167167663574219
0,40829191b83242ef1f380f90876cdd74mrqe1,0,0.369915246963501
0,309f446bdb138faeb18072285ccd9901gz80c,0,0.5862857103347778
0,4dbc8d336dbe0241c9bbb0f3630f25059yo43,0,9.94092260953039e-6
0,5bb3c3ff71ef6560c7600c512128ffc8js7py,0,8.278327356947557e-9
0,fe6ed3a12fbbf5da4980337564361710v2y21,0,0.8398654460906982
0,d26cca81c93b52ae3564aa6cdf33f5d5mkliw,0,0.0009637177572585642
0,8e05310a342aec93aaec69a638e83a96aqyo7,1,0.49710729718208313
0,6e848149cabc4434155aacb610fb20de6vq5b,1,0.18435992300510406
0,3550d62e04bd3a1239eedbc29d9c970279b1v,0,0.17469413578510284
0,eb8f9ca4a23586f5acc770fff966f654dy7g0,0,2.78032388223437e-8
0,fec57d2db5692eb144a71aaa35a11b58delkw,0,9.163037248072214e-6
0,8bbb16c0a1bb808389051c875ebab1cea0v56,0,0.009076481685042381
0,74ae4f7b1692dc42622696303d9d4d763vksg,0,0.00011048372834920883
0,83a24bbff5a4cf9d9fb10391102708f1oqpco,0,0.006734759081155062
0,8d638f6da12614d6b369249410c3d278n8qme,0,4.926134522520442e-8
0,aee383561c0019dc01552bfa5263af8etbuc7,0,0.9567835927009583
0,9d1506d6779356dda24ed87d41f3be39yn1rc,0,0.0004849474935326725
0,01cda526658455000913950f20cf31a2q6nsf,0,0.21238411962985992
0,08981037e7a6c9032716ff25b15c9de25p63s,0,0.5696467757225037
0,d7b66d95bcfba06122dc6f7a3c605fd73239a,0,0.0037067458033561707
0,28b4c35bd90c81ca959da328806469d493mvj,0,3.3343233099003555e-6
0,4af5e2532224f9f7d1d039704573d9205jbkv,0,0.17861534655094147
0,292dedb5371b8e0ebbeea57f14b35713e2ie2,0,1.3664544162850234e-8
0,4992da4511c3c1b4efed3e16c7d8dec65ilfj,0,0.9811440706253052
0,2b19566f190ff3b8a85884e03c64fb56ir8a8,0,9.32412422116613e-6
0,d3920630f4891b9ef1a8a199ce5c830aua4yi,0,7.507152304242481e-7
0,3a32eb1c6dcc818e0df4953e978f2e89ljhnf,0,5.233908268564846e-6
0,f9753e9fd6e25e0a1ae176ab95c31146iaqnv,0,0.0003970635589212179
0,83aa7c2c8c018888d9ebc6daf63bddb6f2i0d,0,9.542937995377088e-9
0,17b41c48d6f53585c7bf3b65977eada0yxs8n,0,0.06762538850307465
0,e7cf764619380e5303089f04bf647f10thebb,0,0.00796477124094963
0,fbacab353140582a4b8ae3412eefecbc753vs,0,0.04375235363841057
0,1def3e23e479c9739abce6b3518013d39oejk,0,0.2356386035680771
0,f9378eb3e522beef7e6a4e1f275bbe0eaboro,0,0.09566773474216461
0,465c4f2ad08cc1e5f7a5e1e3ac75654ealh0g,0,0.01425226591527462
0,6e178db6d17d21aa88aaca5bf15c2761lc500,0,0.7256996035575867
0,ec3b2ff6f725e847f93285bc9d2b7b3dvcd4u,0,0.0024465385358780622
0,649b364bc466208e559858f0677b421dbnalw,0,0.08084511756896973
0,af14436f293c40a9904d9f06a323215bf7zdr,0,0.11055432260036469
0,559bccfe60c7193963f09388fb681ea65k7dp,0,0.08501061052083969
0,6429ef4aebc7d1f4027b31a6e900d165nqvyz,0,0.0062056719325482845
0,2137e2626c568af8e56bfb72fdd5b9e19qiyt,0,2.6392579788314663e-10
0,b8d88a1167ab74ba64fd6d9c83308a6d4oa6v,0,0.0005838872748427093
0,8cb96eaadc11cf4f914bad84518632e7czdyl,0,0.7618523836135864
0,f0fd9f1b3fc9ff10c2642b3bf81946e2rsq48,0,0.1429031640291214
0,8e0462410d727b34290fec10fd5661761yc8u,0,0.07493191212415695
0,c1d14f4355b7d3ef80f02628e5ef1d56u2510,0,4.282055954263342e-7
0,86e698821a8aada613bfca1356d8cb7dopnv8,0,0.006164658349007368
0,384ba7c5a8ccf55d174080d9ad7de9b8mfysi,0,0.570305585861206
0,d8a4b49ed9ca241f025cdbd9637198fb71qmz,0,0.7764632105827332
0,6a97f70ba29a04e77eb3b137e157070dc2mqc,0,0.007241393905133009
0,5771ce26e8b0fcbe7e90106955638b251qj2w,0,1.6423956639144421e-9
0,ba266f4898bf572447ad65856b362595yjt2a,0,0.2785388231277466
0,2daa71f0d138b8c2d61583d3b98a25e1mjp9c,0,1.9840113996139053e-9
0,2b429b9235bab2877cd93ac6d9fbc2d7tzwre,0,0.5784130692481995
0,80d8e3bfc8a2ecbf22614befbdaacf5fo6o5o,0,1.602503743924899e-6
0,5b0665172160ea4015e79dfbcfa7ed86oe0mc,0,0.38234880566596985
0,1e13eba969b6b953688c9e945544ac4741ilj,0,0.0004766455967910588
0,9f280cd011f10593dc245dad1d93b11dy6rg5,0,0.0012367377057671547
0,69d8fbf99586bfaac64d31f82b9bee27wltkd,0,0.09945879131555557
0,3e9180fdf158409adc96aceffab6e00bejjah,0,0.044655412435531616
0,0825d381aa09d1d0c47c77c372f07acbe02ky,0,0.064681276679039
0,461c1d143120270fff5ebc1b91934951378ud,0,0.00003379190093255602
0,1d69e006699adba0c79ab06f2f622445nuu63,0,0.0004315270052757114
0,47183c1427a3cee97ff9bd167844e65d9dzi2,0,0.0025733490474522114
0,8f086b809805064f3c4a5dd48327c0f51yplz,1,0.8178049921989441
0,a447127835855849fa2ee496d05e0847fgt68,0,0.46353670954704285
0,5ccc30558d4c218cbb4d36872fb82a03rjxgz,0,0.004506024066358805
0,3318a824cfbd3d3d177ab7e9520b21cbsrcgr,0,0.0020431254524737597
0,78c82f2e8764bc8001354128f9265efcqrthe,0,0.0048423223197460175
0,7a3378ad9999b1fde0a4562a9b036f038cdal,0,0.09566773474216461
0,5bd35d55d367d7a21d98bf6a19fc0dc1e5j9p,0,1.7461228480897262e-6
0,a0d080012ab98513e39234e4545e93be17tt5,0,1.5707991851687808e-10
0,4b32495335dd238db6285f7c6bbe051fv1qoe,0,0.000025872019250527956
0,121578435bf4136746cd2a80f1990e07cv1px,0,0.026762118563055992
0,7d44df0d40982a6651a06cf533ef5dddtppag,0,0.2095511257648468
0,6a31ec9cbfe23a9398e80403859f0402cg4ql,0,0.000056659686379134655
0,1ccc69e376c95da9bd569a5d1a176874ivojs,0,0.00003853536691167392
0,c58ffa073b3b3deb4e993ee5dd05347cmvfur,0,0.031142642721533775
0,100d406b638e84e2da7c31b03100b874qiay2,0,0.19576704502105713
0,3e995d6f9dda5f29c02af4c9fcb94bac0csrw,0,0.49290168285369873
0,e932ef68638c37220f4c2c386cf54578x4hpn,0,0.000520896224770695
0,65996114740a63c9e0fde74bfb6725b1k9nuz,0,3.1418332426804904e-14
0,bdeb5eed17a812d2c47176e30b8553ae2k06g,0,3.377964929995869e-8
0,a0420d3961adf890fccf4b43899708f6h40zs,0,3.969283568494575e-8
0,7c0add0ef85bb5194e95ceaea737f90fyv13c,0,0.0050582000985741615
0,9197b6590c6dceabd88ec93157fcc31fgb8a4,0,0.0011708829551935196
0,57c4421263d37c2cd2573cd7245a7a80h0mjf,0,0.09388075768947601
0,baff2ce04381eb1bc4747d557bf52208vqmby,0,0.026782486587762833
0,cd9a7b22d85c35845260cd61a4b65cb2meyel,0,0.009060412645339966
0,7188dec1b560385b0826f78e7608fdfeai9fm,0,6.832643066445598e-6
0,36473d4c641c4c09c20c80e2ab35a36dwzp5d,0,3.6133233152213506e-6
0,4579226b86f3ca5b5ea1597efabae4c42j4rw,0,0.012263279408216476
0,4cd52ae88da3e30dbe01da5048151c98p4f0v,0,0.008573414757847786
0,0d9f78a6084bf15f42210bfeba95621255c89,0,0.047891732305288315
0,c34e1a988fb471e9eb8a5e84bb8ddf90k4hng,0,0.42547357082366943
0,ca28bff4ab1f6e74bf08b92e16989e11vn2mf,0,0.0035487960558384657
0,6c0030ed696c4156b6ea3472374f6b54s4ih4,0,0.05610990151762962
0,a961ba95d1685705953ace49a29424e2ld1ek,0,0.027706168591976166
0,f725c5b4cece8353da7a636fcba0ecb5yxshd,0,0.02501109056174755
0,c16a9bdd369ed3ec2891c46e64017560fbx69,0,2.5981727880264316e-9
0,a027780df5d0312919d41edfd4947f27odx7t,0,0.5624881386756897
0,2cbc26f228e0556f268e0dc1bd9ac0a5lzdfh,0,0.5391106605529785
0,2e33b1ee8a9d4a5cc5f886ca455e8f86kxu5r,0,0.0540013462305069
0,7b22c9a323baf4a7bc7a3761e4a30bfajixmt,0,0.026235222816467285
0,e578807073c57556ce334044382a9b98iaz6o,0,1.0214895596050155e-10
0,f430aac3f0f7f88a9b504bbb71322d54mct7s,0,2.352390083615319e-6
0,74487d5ffd5c34de4fecaf9dcb66f86b0wwa2,0,0.08864884823560715
0,2012c722a90bc47f1abbc8319d0cea51p7l5b,0,3.3219349493407435e-9
0,2234754e09ba15519d0104c405326fc4igk0s,0,0.9688647985458374
0,96982cc1eefd6f526b512755151227c3h2w3l,0,0.02003980614244938
0,10f01aff2fc23653ca7ea1d74248357a889wv,0,0.14038541913032532
0,6d501ebf066c0331853f1bee9754e781obu7z,0,3.1585670190459325e-10
0,f5ab013f90cb8890d33c6a309798204155q15,0,0.3422180414199829
0,37bf6f23b628a3e2b5b22ba81beccbef0efoh,0,0.5937650203704834
0,fa6bfb4a2156dc8e73a713cdab85bc4bmcmwr,0,2.2350494788270225e-9
0,7eb7b2f6a914afba5c3d207dc28a93aed9pnc,0,0.9988760352134705
0,031da7aea2d4b75ac8ecba4825bc1318yki1d,0,0.000011520540283527225
0,bb43fc12fbb0fd2b2536e4033ababf59exffy,0,3.733882181222725e-7
0,466ebf78d7326a38db1e19fdc1c70e9b1qu0z,0,7.57865159517479e-11
0,9be39ea5a0612fae7bc43a25a6d10856l3qaj,1,0.29349908232688904
0,340d7ea497f16bdb912ec5c6ce467f71kk7hy,1,0.37945619225502014
0,437c191e614776c1535305f602ea9033sdfmf,0,4.392236405692529e-6
0,5c5dbe70c2cb05d208c22d204146e1e9f3lvq,0,0.0014399051433429122
0,cf1f2b6f29840e1ecbb31d18fb128c38bseas,0,0.9999582767486572
0,f0e1c483773c2ef8466d152874872139e0wcu,0,0.0051267314702272415
0,faaa98763b59ed5f02836d4bd682035bfhujq,0,0.00015727541176602244
0,20fcf71ad6fbd43f6f5fe493a6bc3ecfextqf,0,0.00010293404193362221
0,862eef3a75e1351593b54975cd8ae1b3swcxw,0,0.5348097681999207
0,35a02f50226eeda275b29a09acef2177k95eb,0,0.0007579853408969939
0,6ab75792932fb1ea6fc74a18edb7888c2orvk,0,0.002220562193542719
0,936a335eab4643c3529968a4d9b0c380esi7q,0,0.03398999944329262
0,603d769a86a359a0d41118b47c0ab41fx7kz5,0,0.0007921197102405131
0,6affd6d2976aa7c48dac70612fc8e31ddo7j5,1,0.15586291253566742
0,19b39b852ed4abf1ba5b095829e25b946aed1,1,0.9708978533744812
0,a6f994251abda6687ada2e9de52bddb5cisa7,0,0.10166822373867035
0,8473148f069a890b7323fe8316861a71qoxv1,0,0.0013466342352330685
0,4985bdbf8710c33fd7c9d4771db7c690mcbyr,0,0.0010729244677349925
0,fae553f133602fba6e9e6051dfb27fefkruax,1,0.5238522887229919
0,db12e9cad5e847cd7a40ec1ee649e475iwzqo,0,0.09566773474216461
0,197e90906939267ace2422e78e8e83889znqp,0,0.7407158613204956
0,31c840378b5c2e4469fd2e7f5a1e5a7d92k7u,0,0.038261182606220245
0,874f882f7efff96263e9b555415aac36dsxry,0,0.010009397752583027
0,ef415b2bbbb81ed33cec7242678975d5m5qk6,0,0.1001635193824768
0,b0014101fe1b510ea150c149145dbced3q3md,0,1.1584090631178157e-10
0,c8b23d6565e11d874e221f41440ffd25mrucd,0,0.10230478644371033
0,f75a0f726d764514f612ee8cd8f65adegt02s,0,0.7249904274940491
0,cbe8d224a38ccff930674361b502e7beyuf1k,0,3.931666991974225e-9
0,3714da7069a5205137cacf89ab3a136ffx2u2,1,0.6992887854576111
0,c616385a2762ecfd8e4ea16d8a1f2596qw07a,0,0.00007137700595194474
0,1ea558fc18eb1b3ed7759a3aed7662d3p77wq,0,2.98676695820177e-7
0,8ab98c1e6cbfb902af4e02050a886396a40bg,0,0.0003934438864234835
0,da950a556200395a82e23e3bbfe1abb6xs258,0,0.15758225321769714
0,13c4c826516304555e291d3d91c108b3ytpmj,0,0.2459237277507782
0,fdf908d608a629d5ebde14819231878dojel8,0,0.0017095290822908282
0,bc3d08ad6ac94b8b5ce40a29b59899cakj3p5,0,0.49002543091773987
0,e56f611f1157381f4b689ab34b574e791qhcn,1,0.3520191013813019
0,2dc309478d30d440e75c932b1f13a8fai2p2e,0,0.10069174319505692
0,76f17ce227e593aeff456fed46e36c83a3j72,0,0.5934805274009705
0,af33d5277890ef0b5f55fbbf400441c9hdehk,0,0.0030641930643469095
0,6bdb40330295fb3abd4647808c319d29pb29n,1,0.5304157137870789
0,429b876aa7e2d6741ddf322685363ccchue2v,0,0.0005807586130686104
0,036a4050a5dd65e70f0f613ec2e38a74re026,0,8.202331591711243e-10
0,0918eedd8324da06abe5600f058480dc75nfo,0,0.0012174572329968214
0,0f3ee77a46dd5a09ad20b7c3e54ec614sbpvb,1,0.10965634882450104
0,70739399d69a3b7ea9e72742dc728742zp9uf,0,1.6229576260684553e-7
0,470727c18798cf0e0ecc2a0dca207cafuena7,0,3.5703640044459917e-10
0,ec96b5b27dc870c8f59ef11b7371b06eenaox,0,0.011423586867749691
0,91b8febfd1f556c06838992814e7653cr119e,0,3.1256698618253864e-11
0,cf06ff5f520b14d1f9f1cf5a7ff34982bj4md,0,1.2484746569896288e-10
0,53856dce9187b16f2cf5e4e58f5d0397h7tz6,0,2.4874780137906782e-6
0,a6230fdfd4879433e36a76d53440f426c7a7a,0,0.038410816341638565
0,c843f90bae7231af13dd0e064a469704drz2x,0,0.001423548092134297
0,13812c0d2c8c474bd62481d932407687o26kg,0,0.0626574456691742
0,283987b9f1ffd4514757483ee1f01351xd678,0,0.38664740324020386
0,3dbb502d9d6f89b26f62cc804df54dcandhp0,0,0.042504288256168365
0,5c32e357936f8977277d9b23d8f09f34v41wt,0,2.303946443349414e-11
0,da00b16633eb706fb11d55868120cdd9so58j,0,0.011063522659242153
0,c910efe1f135b08acc32b2db162362033olvv,0,0.21677348017692566
0,04636b6c61c80f5325efe61183e8edb01ko20,0,0.00041777011938393116
0,24db47d284a08aaf119eb3e0c45eb646i46j5,0,0.196005180478096
0,2f9ea407ba48ae05f98fdf634995d936xefau,0,0.5237100124359131
0,35f822bee4f85d98d5b1b23c65681974ywyuv,0,9.871926387461372e-9
0,abf6c2cd31be1630f5a7a1219935011c3rkqt,0,0.04146984592080116
0,7ba17b1eb362ef91a99a6f021b3f2b63uyo76,0,2.1738864874887298e-10
0,c36fad0b52a6be6ec32cc5530c0a2aednea6k,0,0.5668938159942627
0,bbf1dcd2f0100fa90e4a8544b90e35846p5y0,0,2.840638835266418e-8
0,e60b306c01cf0c0be5c7d54facf927044g5d2,0,1.2929281467677356e-7
0,f416aeaaafcbb66aabb77347776db008qw96o,0,0.7038648128509521
0,f4d69870de1e803fe00f8126e73a7e33zwcds,0,0.042270250618457794
0,b28e6a39ef0cdda29c5e350e048c3a813idk1,0,0.00006319242675090209
0,75613637a85df9328b743d33b0efbf1586qow,0,0.00002851149474736303
0,01f498a0992d280de63ec346692efb2blckg2,0,1.262282101066603e-8
0,f1e57f96a91c185a7ea716c2481cabecpi3ia,0,0.005374624859541655
0,964028ac24d4ca16c4b63f64b06df1c8ltrrl,0,0.1445421725511551
0,7505bfc1ca67a5ae14e329b46a88ab869ms9g,1,0.6068580746650696
0,14c69cd7fbc8300876f287520c493fc8xe2o6,0,0.12614235281944275
0,c888cda1ef5931da0db90f6803cd0d368ay6r,0,0.14715798199176788
0,7bb58b7875a093cbe7c5d487a825b730mjcw8,1,0.013144707307219505
0,b4210edd4ec9bf872c7108fdb3c6aae9cjwz7,0,0.005325823090970516
0,4fcdd880c4e1a1767c4d26f74bb3466f11osj,0,0.09566773474216461
0,771f6754997a1954eced81d46348b4762k475,0,0.3258515000343323
0,6da04647ce16d0f00051dfeaa94d3313ox30y,0,0.00002126007530023344
0,f7b25abd850df9b0e0b305c6810e1ec3qbtaf,0,0.02665364369750023
0,cdf1fdd424a11dde166c4bf069d6998eph7b1,0,0.516046941280365
0,d154075c75cbb3f4b716a16c88eedd774i8s0,0,0.008418831042945385
0,7d063aa96e7a065ed5ff9deb7c851bddhrxdj,0,0.0007478280458599329
0,fdd6944b3c3caaa7d1234ecfc11f8d080h90x,0,0.00138276896905154
0,4c93ba564461b1412df6f033c8ef71e8ck438,0,0.23046036064624786
0,205a011640002932a7bedbb93d81b68b8m93b,0,0.00039834578637965024
0,61e4b6ad0fc268d42c330ec99fd8c939yb7t1,0,0.0013738025445491076
0,b08034d2d4fa400b457d4a59a2482e8enfhqw,0,0.019620023667812347
0,8b253bd318229b3eea3f459bd81b8347khytb,0,0.029018742963671684
0,c17c63af831939f5e2fd12f65821db65umonm,0,0.32840636372566223
0,f0c034c46dfb78d2e9e67fd4fa1688fa6mv8k,0,3.5896591255024646e-11
0,3d575194dae5a2e2966abdf84d800a3bgbsd8,0,1.6589734794236755e-11
0,d1200a75b6c05584f4f902e74d3dead76cj15,0,0.05081072822213173
0,4070f6ad5da385ba11cc99183817eb20h69v1,0,0.03996124491095543
0,f6485cac867e1e7d2d991838551b4c4bfnarv,0,0.34943902492523193
1,4ab12bc61c82ddd9c2d65e60555808acqgos1,0,0.0006330174510367215
1,88ae7a35e374a6fddd079ebb28c822eeohwse,0,0.9325147271156311
1,57db69e32163f3e486dc6ef7d615aa12usje6,0,4.9498667387126716e-9
1,d91a4421996dcf429f575e372915cdcedae6g,0,0.19974598288536072
1,5354c02817e47f28e60e44a40ca5e48dll4sz,1,0.09993480145931244
1,eaaae0fb54c7d36724a9679c3128d5a7gn4k5,0,0.3289581835269928
1,95fede5853bfffda8f50f6af494ff1d1hsgie,0,4.494389305165214e-9
1,d36857d18a397e7e24d05dcbef3b919ftjstv,0,0.0006100225728005171
1,29cc13d48af9832e0eb481c8a095fec7mom74,0,0.00002007913644774817
1,c0e1ecd40b81bda3b7dcec501334499dgzq17,0,8.632542380579422e-14
1,e3ccc9bd16fa1f4a92fe87b4a54e5e72uficw,0,0.11593031138181686
1,a3c2ba79963b637f15086e6255a46253lwpnb,0,2.323771468581981e-6
1,09d71d3e6a6871a7598dc2764c5bb4ffkz6mc,0,0.0024091009981930256
1,8e1f8e5907b3cc256a2a57ae9ac81e063gbz4,0,1.6289959381410313e-9
1,f769b9f92260ecf046efd05bf9ab6822j7c02,0,0.0017609355272725224
1,1e342381f2c64318a51a9b71d91897f8dv9ul,0,0.4061626195907593
1,001068c415025a009fee375a12cff4fcnht8y,0,4.8389050988362214e-8
1,d9c6b6d7290e4475bcd6d264fb33a706fqtvc,0,0.2141510546207428
1,9ded76c5244a2116a3b5432fa265a800j0bvt,0,0.016231758520007133
1,827da66b68b225547050c11df16f845618ptk,0,1.5075739838721347e-6
1,ff58ffde976a4899dcd89597a7877e18lntgz,0,0.032081931829452515
1,758bd601d6700494300ec1647682eb34vq1zp,0,1.1380800515325973e-6
1,461dc3d03d1e28d52770a4d3dc7db34558fcg,0,0.5367157459259033
1,915ccac760c7359a446100fd1a54bbf6oyrzf,0,0.09718820452690125
1,60b8145bcfed7a5f2a23b596a8aff99cdzn4m,0,0.019078101962804794
1,75c4518eba20c9299a3a836d9905c327w6j8b,0,5.917988801229512e-7
1,226017dcd6506ce20886540ff734210d8hib1,0,0.002844301052391529
1,5960fc711b544e2617d0f76360b69e2afds2b,0,1.4071966347728448e-7
1,ae94687eaad6b410713db9106c42566axgn9n,0,0.006176144350320101
1,8c2bdb9dd878a811701838002627a056be0ce,0,0.4269978404045105
1,36b84c776aea2e008180dbc72393ed750zsbr,0,3.9183265521103294e-9
1,8d43ad48f315364be4d979d2e9d5ee67quqyi,0,0.0020990236662328243
1,7264bde42ef4fe3fa19cc7c6d64696cf7pqtd,0,0.17584294080734253
1,f90f13ddfc0f98cbe3c2346a2e30093cq6zo0,0,3.647209325663425e-7
1,19353c42feb91a216885fe012efdfb11s2iu8,0,3.0411150930831354e-8
1,fdd836950d203286832a21b930b9f6b58ch7s,0,0.0052198306657373905
1,3be127c56b2de21dfcf2836f20afe249hqkxy,0,7.999180744872048e-13
1,8126928a319468b6da5edce4097d2398xwita,0,0.00012067978968843818
1,85155ae64ccbde01b48fbf4b3f1b739exmqyu,0,0.000010162745638808701
1,de9f5df5962dc171c7d82ab503c36dbfwicon,0,0.3165324032306671
1,a94c16f8a98e493e2b4390b1975e690dv8cmu,0,1.843861419104087e-8
1,2515c5fd81638d5d0bca39a2b2be3995tante,0,0.009147298522293568
1,c48fd9c589f273945bad5f0cea5993ba2fet4,0,0.0020298073068261147
1,1880a778c9dd0cb15ca1f052308a8e04g7e35,0,7.565303418444191e-12
1,5948bcd0f773286ff7d5cde332c7ae6918jt6,0,0.013544980436563492
1,08515611e73803dc6d8c562b8514dfb5qi3z9,0,0.010890121571719646
1,99bcfc00be736e03facf0afeb79ac533cs7tp,0,0.003901831107214093
1,ac494ae5acf003f84ba46f5741618a8dn19qi,0,0.00006192576256580651
1,ea57e35acda9a8f8b75f4d9bc049f74d7qx3t,0,0.0010008399840444326
1,408f81a85f3b31f8cabedf6ccd381961pop72,0,0.02227584645152092
1,4376fc192e83a1a5d7a83085369916e8rr035,0,6.936608798469024e-8
1,a2d0b7ec1595325cc63777f106e09fcd88y5g,0,3.243338042580035e-8
1,ea5948061b2059bcbd900d3ae7e86e428ae8g,0,0.013861770741641521
1,17c87408ee1009887112745797caeb7fwvqfc,0,0.000044062828237656504
1,ee052a24cd3164af9d08fe77bd6b79dfrbelk,0,0.011821032501757145
1,205c519be884c5b1c885f61c4ba8738a737qg,0,0.020683953538537025
1,d2138bce99f535c244dab68652ccfa2enshxk,0,0.019261136651039124
1,97b002c9936e63a1fb9994a67615e84fft019,0,0.006243028212338686
1,76a8a9566e21595a1ac06cc0050626c1q7a83,0,0.0017034910852089524
1,26190fcf0babdbe0b0d903f325c52873tpj7e,0,1.19087451366795e-6
1,f0f21cd3d51b7a233988cb1c3c5df977zjqkj,0,0.0007603426929563284
1,791031a63c9e2b4835caa9a4cc1768baias2l,0,0.000012775638424500357
1,055282b75717345ba6f53d40e9e6d6c56qrzp,0,0.2564783990383148
1,e22528ef6a439aff5a8b19f8c9b07c19fyzs6,0,0.0021200296469032764
1,d3c80e9f6b8e1d774679fd8dd5aae611e3qls,0,0.003047891426831484
1,334714f005e994d46cf4d18093dd4d05fyxc8,1,0.15634560585021973
1,300bb4c9816a7064b106c9c6cec2f51ei13n5,0,0.00005353562664822675
1,340bc29eeeb9b9d04eb1fb72a1a9a2444brgk,0,0.012554056011140347
1,e03311c7620a8098b7a177a5f1ad213ernao3,0,0.00006041040614945814
1,01eb9dcbd0b3e79d94020d13d83a993ec9d2a,0,6.041196731233767e-13
1,c9056fc0cade75299ed4438567a87d6ek44pt,0,0.00004600864485837519
1,74f153bd134afc92866a6bc5cceb2088120y0,0,0.019261136651039124
1,74866aaa89db79f25dc0fae8be067b83xlbm6,0,0.0017500268295407295
1,6a5457f1038c6e1cf9feb57529ce07b2sff4d,0,0.00005401551607064903
1,c755d2832026bc2a6f5d2d6df5740f06mr3nj,0,0.000031585717806592584
1,7f86c3c417ae1db5bea10bf9d0a7827ct3ni4,0,0.2204567790031433
1,cba6f45915ebbd4b5404c6d357153c0adeblt,0,0.07752037793397903
1,ca391c857d7aa75a72e2d7c3133e0d6ay9pil,0,3.7002847452782817e-9
1,dc752fa41d974bf688d25ea9d18e9a2eit904,0,2.174285640421658e-9
1,f2bf8c94172c4d71076e151cb4e136007iiur,0,0.0000206937147595454
1,dcd54d7afa6820e3f00e1c9e83aecc7b4f3lw,0,0.002895789220929146
1,79c18f0460f9bd86bcfb25da96d91490jfuxv,0,0.00042212422704324126
1,f18d2ebbd5e48ef4f1ee412339d6ed7adr9qi,0,0.00001626622542971745
1,0d0d43ac593a891ce100d8202d3d72c3xsma8,0,0.0006314814672805369
1,9819825acfa7e20c47a78bda5e76b195jh0gd,0,0.009262134321033955
1,b232fdca7cb98028e8945005f619fb28p8788,0,8.17587761048344e-7
1,db80f065a93cc6b41d12af614bc3ec11kpwjp,0,3.805697619020665e-13
1,7029915a2c5aa5d964acfd85c30c3950b4opr,0,0.028325989842414856
1,295fbc4ef00fe0cea7947811e78bb8aez9ti2,0,2.4195421133299533e-7
1,11b1859aaf7fa93818baa76007cf7207d8uwy,0,4.794581208835205e-14
1,57e1892d3d62d87c9ba5e8425a1958c0fn11u,0,1.3922835107038622e-9
1,67083f257438b1b79cb09cfa601890855of77,0,0.007169909775257111
1,db5e9f85e7d180f7d952f12e5dae5900q9xif,0,0.000016676465747877955
1,e24542c1bd46a4a0f98b0fa95d8fc40brecdx,1,0.22917188704013824
1,39f9dad880d32ee607af7571ec24807bn1g2d,0,0.005270215682685375
1,37921a9d842612b3b0281f7098d0002539xrj,0,0.0018864423036575317
1,c6f07c222aa3a9d35b0e01f8959ffd21oownr,0,0.00001831981717259623
1,86b6207b5e87d58ae307bdc1545a101akz0ew,0,0.00004270684803486802
1,4c2699de8bc9516b09c5e5c8bae6d6c6xiry9,0,0.002161406446248293
1,d8d90875fbcf94c3b4c5c00479cbed6e1mqrl,0,2.7282183054921916e-6
1,cafa845bd657b17eaa82940d4767d9dfe9uxg,0,3.4466249854148145e-9
1,9211adb9cc770c78a70b55441acd146bfxnz2,0,0.007492571137845516
1,45927dd51fb4301c459ab96d48f64752q0o9e,0,0.000010315618965250906
1,7f603f668968facebb0567015ad4c201kikrh,0,2.1560078167226493e-9
1,ff566c87f2babf3dcd67be286e1c6666cxzh1,0,2.8702446641659662e-8
1,56cfe8b0d574e1df3f823c2cf32226eff52uw,0,0.0000687474021106027
1,b6a7b5bba132a90e7c7cb350d2bfa52d7sion,0,0.0016896750312298536
1,a664b6b42fd48403fbd34800063fa50bz6k4m,1,0.0008438624790869653
1,84bd02dc56fb7c3402426ef7e8e166e2ptwo6,0,9.968774417057347e-11
1,29b8af2fea3881ef61911612372dac41vczqv,0,4.950288512439727e-10
1,c1434e440370882ecf00ac52140f7adbuy1e9,0,0.00005535557647817768
1,8bf04b0a219c7834b25057c0220b4d0dhwdsg,0,0.000013224904250819236
1,9393cc68d0357d7b200a94fdf93ee3cf7xg5l,0,0.2695195972919464
1,45c3a73b88760d4390f42ea4fae97d84la5wh,0,0.0011176590342074633
1,82194e7d8f9b84e71b789e763b5c3263r6d98,0,0.00019554674508981407
1,2794512e8edad5f99d28c33c7560fccb9zl8i,0,5.858661822344402e-8
1,40ef6a4a0c99b478fee1c93f4105b9d9mh9iv,0,2.4404953833647922e-14
1,b725a638efd8d51f66ae2f22ce1df678p9es7,0,1.1265403054849799e-9
1,8cba56e5e7c2be942ea8472b73f0842fil1x0,0,4.635171990230447e-6
1,0853bead89b03dd38a04d84f4312da7dukglz,0,3.955340915906547e-11
1,cb9a75312b809291306c6213ed5dc67dw31qz,0,0.08423539251089096
1,86091a1e6c99358936979baf67d54457x1dzy,0,5.376171429816168e-6
1,8720f071e045d4cec9d707c583a3d64avjyyy,0,0.00034893525298684835
1,6db047b1bdd342c09ecf9f5eecccaa4fy5l0q,0,0.08037646114826202
1,e0a87bc26e13c599894d7a5103fdca786tfat,0,2.6036110156724135e-8
1,b9743f78108aefe3995e1c2291b5f3278cgpk,0,0.00008946708112489432
1,7daf0e51b276c6ab5bd2ccf520dae106graj8,0,2.028553887367668e-11
1,b071545f5ad73150880c42e780d951bdzvxn7,0,0.060829415917396545
1,1dead8a9cc54fdcf7a7c16dc6e06a3bbusgcu,0,0.023970993235707283
1,de8943f2b113702c98ef695888b7d0c6my29p,0,3.060113442643342e-7
1,2d113999234e06201c0940286d405453wqjsw,0,0.010934212245047092
1,429f301119adc32d35541dd4d60903563s7nr,0,0.1947794407606125
1,54e279a4e162af7fc55d640aa62d0cbc9hxil,0,0.10549218952655792
1,34cc283e180fcd4902ef8758714c6d83th4nf,0,2.489622397128244e-10
1,9af8e7dbdc3c620c8144d736242b3bd2fdbpx,0,0.07887592911720276
1,73d4cec0ad358d272d757e0fce8440d01fvw8,0,2.286424205522053e-7
1,fba0c76970a464cfa9c043c906442f0eg53a2,0,6.1193519869384705e-12
1,84a773b3c9d300834d9d57af5dc83091y54cx,0,1.2532395910966332e-13
1,a6ec153fc7002cfd929b9f7199914cf75upgt,1,0.14973805844783783
1,655b88e646b94d0adb9e15e9f3b9c9a4lvcrz,0,0.11910640448331833
1,03a1e81cb7bcd15014489a6f752c9d5b7pvel,0,0.0031450148671865463
1,33189c09ca7067834fd25a54920f82d4nd7a4,1,0.0005210655508562922
1,557f06b312e040ed3cd7dd2a011cb83avyut1,0,0.15784834325313568
1,3128932859bba46f57cdd19579c42e05lif6h,0,0.002737824572250247
1,ef905e4d866c43dbc345751e7fabe5a568kjs,0,4.976516720489599e-6
1,18b5e850a1c10e681cb5fae0704a699018x6f,0,8.339472401530656e-8
1,1cf0d30e0bf9f4a536b1fe16ecc26cd22j50c,0,1.0870353918149517e-15
1,02030ec48b7179a7fd9950fdf546e3feekkye,0,2.2245578747970285e-6
1,49c3957287d24e69713e4355933b74baoijix,0,0.04657728970050812
1,59fe751fb6c277016b7ebe3609aa1b15vhg7w,0,0.019261136651039124
1,3e85a43950c71b1988a814682abd4392yakvp,0,0.037858933210372925
1,f0567f6d45c0f83b9874681fe8dfe0ba6hjlf,0,0.22445790469646454
1,a4734769962126673e975a627e930b5fgc79n,0,0.033416543155908585
1,39802378690e7d0c61d294f5898852b96hsfh,0,5.447076567577369e-9
1,ed5fc53d096bcf1b86c30128040e775334ut0,0,0.005273513495922089
1,58c3300ea9095cf5e59e27abf2a905ce7tl6p,0,8.244881428254303e-6
1,25b58d1533e04571bbc674dab28973f8hha3w,0,0.002228883793577552
1,173991472d4ee18932f8514b9d4a9dba7rjqa,0,0.00001551991590531543
1,4922d20e07d04601e8724be5e9f9576blyccu,0,2.9225262210275105e-8
1,06b2d71c26ef3b6e29277f761cd0db90wuwjo,0,1.811532435169738e-8
1,45fe4f0fb849e7195a1efd5495d1285f2culj,0,3.8881807995494455e-6
1,14bcf558addd6e6f2818ab2bda7dc679jqoon,0,0.0007554725161753595
1,5830a96593aff3e951919578f7374f09pqyc0,1,0.15199027955532074
1,0af208c4fc46ef9236052ff495016326zxoqf,0,2.203429244618249e-10
1,9db7471a12cc3b8fa3cba86bc00abde2t2wz5,0,0.000033545504265930504
1,8251041848182e6468c8119905a177dekmshg,0,0.09532297402620316
1,c8d3fc73c1a41bf92a5e4982eb6cf78du8gg5,0,0.000023820244678063318
1,6a1d4042a5f3a3f34f5b3ea753ecce30l0qj1,0,0.06785385310649872
1,42f754cb72e01c08005598e1f9383341fn7xh,0,0.015083972364664078
1,f019bd7ec140624144c4a9b40c42bec9jok79,0,0.27465033531188965
1,511a640e38bf03022300f5503cceb2cd3f361,0,0.01714515872299671
1,d3ab33e9314c95d6806813171f292299tmprm,0,1.589500726595361e-7
1,1ef47d501d4b36498b51e184b1027981xu89r,0,7.319719770748634e-6
1,a15766d8d3d231f862996eb3ec33559735a3d,0,0.00003797791578108445
1,cd35a3230456d4a245806e476c63e9a1evu7i,0,3.5823949838217125e-15
1,5dd3494b46f39f8c8783c25527b64dd8hp8ti,0,1.298099405744324e-10
1,0bf6e0e5184b3599bbb4ba1fb3a43549ije34,0,1.0845892184363493e-8
1,3ef757c3d6a272681c69bbd7e071b705yzt8t,0,7.223857068083817e-10
1,42025aabb56a61f3bea90d27b283b517dyk4t,0,7.533667485404294e-7
1,67616fd2a1de5c46e32041354efa88ceahbhq,0,0.17220312356948853
1,3ee7de4c5a5e31b7b407827ae1370f70suenu,0,1.0510069481384221e-9
1,39a5a16e5a67c2fb51789cea4d3091f0mv996,0,0.03298419713973999
1,eec2ea9d9b292a343f8ee566ba252baapagwb,0,4.0401193501793387e-8
1,95efb775460080c0da57e154f27876d75xnsx,0,1.4446013665292412e-6
1,d092609f5140c62ec64ddd7615c25792qgdrd,0,0.3895653188228607
1,fb81da0790d821a22617d748d0226540ylrj6,0,0.22282151877880096
1,1afac423a94778ddf9b6c1dc0df7105cgp1tp,0,6.109465711112705e-11
1,f12120e467869d3d5dbf7c7d0566a8e7bmmhk,0,3.651816262578711e-12
1,497ef6187e03fd9d4387ac436461a40f982dq,0,0.04582199081778526
1,36f52ad1abfd307b73c9b69cd5197dddmmxgr,0,0.011900967918336391
1,a13da89a3a54ac9b4ced156542afca5ddyumw,0,4.067493886736155e-14
1,c2f592fbdc8980229367e1db4d0f7a51my54g,0,0.012543609365820885
1,1c950af57581698616bd9923cc94fef25n5wh,0,0.000045821856474503875
1,c963c2dcbeeb0b7051bd3a6a87483ce6i98xx,0,0.01205739751458168
1,24108e769a15b155bd2d63c58368ae5946zhs,0,0.00004403434650157578
1,cb557e4675bf4f36f93ef5599adff545nz370,0,0.21527528762817383
1,332484ddd66b9a3db89ee68f08b1288amq90u,0,0.001701784087345004
1,f5edfebe95b4f637d1bcceb892b73dc7rhn7l,0,0.009247423149645329
1,ed5ee107143980558fae26c1b5c7b81a82spj,0,1.6464209693367593e-6
1,519c0f3b989c8e1781e0910f685980ce15wzr,0,3.222262300733858e-12
1,37702159c6cd2c1a21cf66600e96cdc6rdbff,0,5.978486802837857e-12
1,8644c9765c64da22776cd67eefe0f498u3aaz,0,9.204506731461115e-13
1,6ed39d7c89fa2d423017cc9811f0c469i2157,0,0.02464986778795719
1,c08ae3075278ed0d139f00ead52ac2b0oy8nw,0,0.0023487303406000137
1,00a0517965f18610417ee784a05f494d4dw6e,0,0.0015908540226519108
1,49eaad86d095aa5af75ce34e59e4b7f1mmf9q,0,0.00005857768337591551
1,ed4802c318a7e04a5703ed115fe4f3a3kkugq,0,0.0021001186687499285
1,b1e106943db37b1d002bcbe06b264b8bahuy0,0,0.00017392066365573555
1,dcc5a79317a22bd0f6dca1f60fc866a8bei1d,0,1.8810389690315787e-8
1,4d1542974bc322859d3d099b8c5193felot1k,0,0.18004897236824036
1,08353687608279ddd83e4d36fadd1cd8ritj3,0,3.484795785269057e-11
1,cc4763c97c3d7cc9116e0a51a6d1f2e82242i,0,0.006037472747266293
1,470a0e402bb9cb4d48c2a450d2043e87flc2m,0,0.0008879649103619158
1,d863897264a7e52d9c6a1be6dc453c6c9anz0,1,0.6470238566398621
1,67d6466d7f4a32d294196b8c16ee0b03kn9tf,0,6.959754159652221e-7
1,86a626c876e7eb4be35f4f0b0a78f97a1rn7h,0,0.05939403176307678
1,bf8de839c1a8b7994d19049667548e4ewchpm,0,1.2650378948819707e-6
1,5ddf9ae899e629acf3e78141a9712a05a4feq,0,0.07193764299154282
1,2b13a870a46975494b749feea0c5c7ed170ll,0,0.04906989634037018
1,a7bc17dfb615eacffe397be5b2c2f3a6r0bb9,0,0.1459067314863205
1,cad9c97e99bd5753be98edd9ad8ec8c8c7r66,1,0.9326983690261841
1,a06311ea45de34bf667b79a92d13c764i6aiy,0,1.7110295402744669e-9
1,9a5fb8e2e5add29b006d789e4cfd1513paga5,0,5.3434576208211126e-11
1,95af80db42edfce4e937550d60d79561punym,0,1.5417677801110585e-8
1,adc548d88b9a307ce0b58a0d11d3ae14gcfon,0,5.1152932584175304e-11
1,6b3cff1e3d9398d4c125e7bcf612192dy1gwn,0,9.102756525977695e-13
1,2b4b36fd77eaeabbdad8fac68b17ece5ey04u,0,1.1377084829788942e-9
1,f069e2e45ce316168a94b972c5b7d6b0f342m,0,8.950438168398023e-10
1,942af1514033a612b203ec58f7894c9fv899u,0,1.7646331063048137e-9
1,43295f805d813e816fee438d9a394bc4o4of1,0,0.000554347294382751
1,8c3631460a4d25d2b21b1f92ebbad752a19ww,0,0.00003661246955743991
1,ca68a41b3a4062f154dc1ae8456cd792d6kp1,0,0.000042972678784281015
1,59cad1329d42bda3d678bae082bee7edgvt7q,0,5.014562549920942e-12
1,a71f84e476d03bd0b25d45e44eeed9a8efehw,0,0.01721860095858574
1,c0e3343070766b359c664f93ca65040b6bh2k,1,0.017693335190415382
1,d3f595832d80988c2016aeafd125d8f072r4h,0,0.00028388877399265766
1,84560dfb1400fe920a29ca2c728acf1e25eli,0,4.42257246991741e-14
1,78e59e188d9780cb8988d574f692ed343s129,0,0.0017863373504951596
1,781972f2af3af2abc492f9dbb0f6fceahnban,0,1.1997362889815122e-6
1,2f9a7b01fcce94499a59aebfac98fe1ezsk1y,0,0.000449639541329816
1,7a9519ae09e328b09d18473f96ef075fzrs1v,0,0.0030886612366884947
1,12df4a9cf4eb203909e6763960b79238cb0yg,0,0.0008073874632827938
1,7639039411fbcc6cf1013b247b2622a72g0r9,0,1.5663197245885385e-6
1,67fd1325fbe3cd75a110cc80b9df9708l0w52,0,0.01058764848858118
1,9bd2d79f328a5afe815d5832e521aa9187q2j,0,0.26208996772766113
1,4f57e657df5ee5d9207178b4b6858ddak9ouq,0,0.0004014445294160396
1,a3d0a600cdb44f03d58f27b19247cd0d4az4k,0,0.6843618750572205
1,e587d92842526255c86d3b0d425747ecib83l,0,0.11027899384498596
1,58c2b44923882a8252963e78886adaefh7hnm,0,0.00012057947606081143
1,25f1a9c0c83eefedfc2c1589e763c2a3is1qy,0,1.9104076653952973e-10
1,70cc5da141baac4712163f5cd4bd4a50za0n9,0,0.0021705992985516787
1,71c2561141c55414618d67d1a8aebac1n0fjx,0,3.9249439809374564e-10
1,59d96b423ea3ed56611686300b681f3defm4n,0,0.013205145485699177
1,461b089147eb78c582ca8a30fa7581a7mflo5,0,2.5448036922171013e-6
1,ba194af5111cfcf1dd95eb36160c728ds4kcy,0,0.000013788290743832476
1,9ab00034c9b00521ce121adb5dd4aa15tlhc4,0,0.0004244536394253373
1,2e463fe6bc1616f8392f82c138a6a436mbtjx,0,0.005755201447755098
1,25f59f9da43b6806aaa125fa61974591sacso,0,1.126523674344071e-8
1,45e4c7fe66077b5b7b338f19f476f9d85jlk0,0,3.636900203218829e-8
1,7291b7fba1b597d66bb8efd45fd0d354q71ka,0,1.5099639085747185e-6
1,cab7ecf98fd0489389a3a8d3961defb3k66og,0,0.001263982499949634
1,7da6a36817cf2d8c3be218a32ab25550c8kg7,0,0.0001570891181472689
1,058a4e0ac0a20f504cc9c6aae2a896e6too9v,0,1.5513385021037607e-10
1,624ae2fe9394700eae7a35806e4bafaeq9cty,0,0.00043636246118694544
1,14e29ea004067aace14ee4543876a06365os8,0,1.3061256254331965e-7
1,8cab09b069755eca2b4e7fd6f6981d7d8n88o,0,9.762367780483117e-13
1,3ecced86078287dbd2eac2cfac98367fbbelu,0,2.287767197906021e-10
1,7ec5c7e2317a9b68e861060531588f76fpldj,0,8.322109668057465e-11
1,c41ea39b2e13b0fc9ccccc2546f924f1obd0w,0,0.05611388385295868
1,782557b3ec17063f2a36fc9193ed3200h14me,0,0.08499040454626083
1,54957cfd12ec8c64918b6200ea25d27fsc9hx,0,0.026347730308771133
1,a3ef8289a92196b07e2e7371bb111e3aom07k,0,1.1790607459261082e-6
1,b9fd0772481bf459179a3b4ab49171693im97,0,6.50560741632944e-6
1,462df7ecf1d47980dea6a93d44fb408d4u2d5,0,0.019944539293646812
1,5e3747785e44d85a41a74470c051e946x01dp,0,1.5189965951734052e-9
1,2cbacd5b066b7dff7e0a87e1ef00e0b4zpqzw,0,2.8550651426373364e-12
1,7bad0fc50ac7d249e0a3d8b83f68e855fcnxu,0,9.043592541502221e-8
1,1f2d607e5cc04e790e3961a6432d7c15hn4qb,0,5.438770585897146e-6
1,20f206d2656116bed8dd46d5b70dac81lbgfk,0,0.0002014617930399254
1,29db827ba14938954c90cefe40d26fe1130kd,0,1.3161579031500947e-12
1,d7eefaad31febe607c252199a7672420kl1el,1,0.14669041335582733
1,6d033ec559ea79a8ffb90d80e0b24e93j82av,0,0.06732801347970963
1,a8a81bb8a3a35572bd1f9922f5a31217pw41k,0,3.222297539906549e-9
1,2993e59bbbd7d14bf4bc21e4d2a4f8eeb18d2,0,0.0001309616054641083
1,5c2d250afe88df6e4ca3ff08d991eb67s5erh,0,0.00005411625897977501
1,783d5c219ff84cc0517f59a39bb98e18st85m,0,0.00008010205783648416
1,874402ea8b408a017756404006b12708d9s6u,0,0.00009014533134177327
1,c8f537f6bb0aa2d45da541a875f014358qm7p,1,0.1632714420557022
1,72b21fb7cd32b1a65bed8a12eb94a8b7qa7rl,0,1.8689197758825493e-11
1,29013ddeb60a18f7d3bf9f3aaaebae6c8651o,0,0.01106759812682867
1,16e2e48cff6faab74e1f5c47669dfbbda7l5z,0,0.016638999804854393
1,0ae09b09369c76737cba059d192451001nwce,0,3.220073133917284e-13
1,aa1c013a1de168c611560ca2afe78111g8i6s,0,0.000908870657440275
1,5053e03863b6887308c8446cefeec429l94tg,0,0.06893640011548996
1,7ce3afe39ece9d672e9adcf3dcf2aa44a8r22,0,5.420009685508376e-8
1,76ab7c99de4a3141bf617bf30bec9feep3zuy,0,5.636220656857205e-11
1,93e3c34171ab65e0b031dc67461e48b478u36,0,0.23997828364372253
1,3c77ec9f79f6febf630325ef84f2a0bcl3qg1,0,0.00005913947461522184
1,8df5d645ed4040b857c121a4459b7976n5u3b,0,3.947348670152451e-9
1,ae29b39843141a73b39ada671ce6b6c0yxlb6,0,0.00010337805724702775
1,4483201dee43b51f338c0efd3b13bb895tric,0,0.0037163165397942066
1,16065749457a14b26998fefca503c3ecf9og8,0,0.0004237346292939037
1,ecce760edfc6ec5cd5ddc7037c514dc3zod4i,0,0.0030004135333001614
1,4b9bf4cf1085e9d839e833e4b9d40f2a8ps14,0,0.00014115443627815694
1,7b31d9d8b5e749cdd2c300cbcbb5f875kjlsz,1,0.2257986068725586
1,ac9bf3a07831666bde4fefb75c184adekbrl0,0,0.0010001708287745714
1,50859deae0e0a599efde1725cde3a8b8dw86a,0,9.753076124496829e-10
1,6faffebbde541edfccdb2725e430870cbkvo0,0,0.015323036350309849
1,0eeffc5039b27a4dc2e420eca75b1fa55rv5q,0,0.0028652180917561054
1,664adb319c2be43104b6565a8ff293dea0f01,0,1.053656806249137e-8
1,6e8cd4699eedf0075cf5662e1fff3a857bycf,0,0.0004727377090603113
1,97268eb2ac171298eb03ecc6445d6879wk3pu,0,0.002195527544245124
1,eaad20ae39d343daf76adc0b1a4984faumuzj,0,0.003308602375909686
1,9d33ed2efcfaddba0307d12142f3041ce731l,0,0.1380135715007782
1,75339aea3f29d7d9a8d67ed3fe1c89c3owsq5,0,0.29925328493118286
1,d42604c7cca8ec92839e92508f2a3e52ehz29,0,0.12792666256427765
1,b2968116361fd43589bde8eca72c5767o71qc,0,2.0809904981433647e-6
1,825226b69f2a5a8337ca611b38223989aumow,0,0.0005646116915158927
1,e12177ff9c1a8413996f7b1a590980c82ofeo,1,0.1461505889892578
1,a8b8959fe64f490d32fc15a5d1144f87qj9ai,0,0.0001687000331003219
1,3ce8aa0207022698b6d0eef09c89b381jzqi1,0,0.04796328395605087
1,e8291466de91b0eb4e1515143c7f74dexy2yr,0,0.14366118609905243
1,bdab2be5a94c6380c60b902310cbe1b6rs4iw,0,0.00011005419219145551
1,4cf9c56df4594860df56285e9293a7f7evfix,0,0.0290895476937294
1,460e932b11a1529d78246317757899ccfaxng,0,0.006797831039875746
1,c353286290001e0943ed9bb160145c42etrf8,0,9.055992450157646e-6
1,25a4ee3a528004bcf4f4bf62b9208a7dx96pt,0,0.2576828896999359
1,c46e21e01a3f4987e00109d1d5f48acb1q72y,0,1.1392223969730608e-12
1,76ed824b414b5e690ff82e7cd2f5be52256my,0,0.03770569711923599
1,64f6b099082e4fb2e8da7ba4ae9abdead2cej,0,2.1818535341075126e-14
1,74a35c4376559c911fdb5e9cfb78c5e4btqew,1,1.588106979255599e-9
1,679fe2a21415aa98a3cfb88abd0507edzjpsw,0,2.0180414631032484e-11
1,c277151116ce38d8245f9f2308807af8t4nnj,1,0.06765028834342957
1,110d2e689da119388dcb6e235749b787ni298,0,2.5156068200749004e-11
1,0f33df2513a519a35c8b3dcf1d7c7416jjjzk,0,0.11417800933122635
1,fff2c070d8200e0a09150bd81452ce29ngcnv,0,1.1525929516364997e-10
1,7f3516b1bd7e5571ab964ba0affe9302brn6q,0,3.032147644077554e-9
1,e5bde35da4abebe4fdb37a3c65124a57ff4vo,0,0.10482238233089447
1,44bc1c87245aac66d176620f6ac9611ddbcil,0,0.00013748893979936838
1,3144ea2711bef53de88d89d71acd16c5q0bzh,0,0.0033102461602538824
1,40f2eaf03624a31952397644f1b79a6fvtfjf,0,0.0000372207687178161
1,f3d3c913b225bc6cdb98c60f0936f7cbj8k3a,0,3.335315896624107e-14
1,eeb7e43d894af9161f84692f2bf9570fdryzr,0,0.00006510758976219222
1,6c6c3559c5f656c71348f7cadf29bb12okgl1,0,0.010579879395663738
1,c780bc2dc7ab83d5e5c85dd13f0f7fdecfxjq,1,0.03794369846582413
1,3b8320619393a6f6bf12219b61cda688k4w4e,0,0.000018736909623839892
1,eef111bfb93c213c174947c69b2f2b38cr2pw,0,0.012087874114513397
1,5a6376f140f05274d6e0dc888cbeb89eukxkd,0,0.02179207094013691
1,caa74df2086d71caf6c1b2b9c81d3d98xhpv9,0,0.0029317804146558046
1,f2f10539ed947e4b141b2e9bf21af65ecz4f7,1,0.07751601934432983
1,4b72cbc9d9ef0238bb666feea6d79e718qry1,0,4.294569677654181e-8
1,1fcca45fdd3d1d3638821f41e032f170en3h7,0,0.00007110634760465473
1,0446457fc8e21596799158406f77b14catx8w,0,2.4877533366662874e-9
1,6d1354e720cb9ec90e19e29f5f895669qh6g6,0,4.669486575181736e-9
1,dfa7ead5ef84eebc79c67d3daac340b0exa41,0,9.60196939320257e-12
1,916d2d806b772c9f227a9b3640e31469ljrxo,0,0.0006086032371968031
1,eace2a2890644d703c619fff7e41a9a16k7lf,0,0.0002522677823435515
1,4d2fc319ce6c2ad370052e0f6f2b0a1dxiyau,0,0.0001961384987225756
1,90bb553b65144cafddc3f3d4a7783667a06ga,0,2.3259359716032435e-10
1,c1859303603734d90d1a91d80977e14echjim,0,0.09011279791593552
1,33ba799fab5e4145b54fac4234bb6e13up0tu,0,0.36501815915107727
1,c128bfe7aba668d71126d51b32428c01tkq99,0,0.3222845196723938
1,698da938f6fc36305616aa6f8affd53fobj5y,0,0.005133351311087608
1,6f6c9a1964fd4bbc082f2afdbf2d2af6ypdhn,0,9.397869149552207e-10
1,4641b5a43c7a2496ef93af2ca590d2c94s20x,0,0.0003087275254074484
1,8bc2a424939c50eaf4a652e253421b0f9b0y9,0,0.04854104295372963
1,77bc113594866d4902d6f867a456750c9vvmu,0,0.06703373789787292
1,e0fde4b9b7ec14e80de3c811ecae157f6kqd9,0,0.004389697220176458
1,b6a3aa8c0f2302fa35d7b809d9371deeypvyh,0,0.020873423665761948
1,fc16993f1fdbd5fa8f8ddd72b40442f0qwyo1,0,1.4862117758696058e-8
1,3d7bd741177a712ae0417bc4f4a37bcf9jo2a,0,2.931156190484526e-16
1,77b342f0d8769898619a935e267eaad25rubb,0,0.00017667404608801007
1,9dc039dc57fd67bd9e7157f4f697ae7eloov1,0,0.09680062532424927
1,ccf30c9533a66f22f1c65910ae1bac1a1fs05,0,0.044666413217782974
1,417adcdcd7157e75c66469c07208af00qjnuo,0,6.027598261010639e-15
1,a58ace8b671a7531c88814bc86b2a34cf0crb,0,0.3082943260669708
1,e18ddfca4efb99a785c68ede9ef773ea8sfmz,0,1.8056129036381208e-8
1,1a5d7993b43386f64fcf4b84e7b183a6ref21,0,0.000137480950797908
1,ff4e39c0be8af4b17a73dcb761e4bb6dmop0m,0,0.00019955667085014284
1,920540ac4168ed08a1e297395a68d718gsqdn,0,2.7366509129933547e-6
1,2d38a6af2ce96c1446f900aa4756b8975y9k3,0,0.010612692683935165
1,b1ae4691fefd3d09d74096ec4caaa6d1v6tbw,0,0.000016370380762964487
1,0ad17aa9111f657d71cd3005599afc24fd44y,1,0.21936117112636566
1,4566ae63ee93ffc6b000b5cbea7f6a8ehbg00,0,0.0002922787389252335
1,622a477170c3e2215b7e3cdb06db93aezz6t7,0,0.1635342687368393
1,802a819acf0601b43fe5426cb48ac0bbqwfu8,0,0.12018392235040665
1,b217ca4cdea62a3977481e398d2cc9bd4sxht,0,6.813025265728356e-6
1,c1c22607e7899ada525b74e757d248ac2b8ac,0,6.900501503537271e-9
1,458c8c4e10e5c1b29e3fbe5ee56d46e8y3fb3,1,0.12859803438186646
1,120c8b384858420c4e46e354c86f4ca393w0i,0,0.11425814032554626
1,0a9d614009139236f198ddb4759a498cen5ix,0,0.06330986320972443
1,222d3e39d4a292d79aeef4c04e52aaf24mgkb,0,1.4796222558288719e-6
1,5db8eed67a7b648d1f2173b665b79de2vwdlu,0,1.6536811031642173e-8
1,12fefd74d82d90541872847f199f6324cowi5,0,0.0008687463123351336
1,e54c3b01eab75ad3a616d56dd06ebef758ua8,0,1.2878168583613236e-12
1,ba258a455ca17f2c13cab3d0afc7de0b48h0t,0,0.017127560451626778
1,7e34a26c4c339e875997f4b9239d2b5fscng4,0,0.05983143299818039
1,17a321c4a0d925ca80507effa52330ac5n5r7,1,0.06747088581323624
1,235f78b13fc87c995c1f309403ee56bb54tu5,0,0.003332415595650673
1,9f34ed261596a1114cefe81158c5617biq26c,0,0.00006828305049566552
1,0181b91f58e6cbaa832235e2879c9c00ovrzi,0,0.00007073357846820727
1,df12e679581fb2054907dae75c9c78ee9kzzv,0,1.4911137510278602e-14
1,b7e0afcd391a22444eaa566aa527eec0x2yv3,0,0.000042465449951123446
2,d1be739798ba0745a1fd72ac918a9f1929hei,0,0.003253940027207136
2,0a6ba32afe4756995db2f5cf2461cddbvj445,0,0.18102183938026428
2,fa64831ab5ade55daee13f852c16b0a84ujt0,0,0.5352998375892639
2,38e919293f5dbd62d87ce288e41aae2a281m2,0,0.7363235950469971
2,d29003d7f3ec1f0e4ca9cc17e6389b4a4phcg,0,0.013825135305523872
2,9c509838d129fcee98cb3934079ca36asla50,0,1.0076554417537409e-6
2,067ff22ebf0d33fe0deedc816d75973865jo7,0,0.08913327753543854
2,1476226300a93d22b15253ed7339429a7ijk0,0,0.05154188722372055
2,975dd5178d34453c1c3c8edc47cf44274uv5s,0,0.41285568475723267
2,608d9b68afb12c6c27da6c6565ffe8297wvco,0,1.1638505839073332e-6
2,e97becf0d4632035ad4cd5e65c827d6f0xawy,0,0.002272503450512886
2,848d3eaa622b26fe57d352eedd9649f4v6obv,0,1.9876618406744484e-10
2,64a39f766b2e9d9471b104f0d0289740a9kdq,0,2.543311698396944e-13
2,481fdbc92e77bba4c9611841a7d74071elwx6,0,0.00014347393880598247
2,72bc07c7241e1856ba31609d11501c91cswlb,0,8.021489520615432e-6
2,792edafa0603516a57932e6103e9dd54ajar7,0,0.00011594842362683266
2,d738b259ec6e6af625d1f41abcfd63e9e53tx,0,0.20623968541622162
2,4dd2a50e589cde2802c4bab143dea61ak517w,0,2.4285590899397747e-12
2,fb92fc925c5df50f4da7874a7542cf2210z1f,0,0.7934068441390991
2,bd586db332285f3c45814fbb8f638d79d26u7,0,0.004672823008149862
2,2307bb06855a6fe75ab56ee6b4a3860835di5,0,1.5125019672268536e-6
2,dadbcec8b02ac75c5935f419b318ceca1wwjw,0,4.370833393569501e-13
2,4c4431ec9b6e683bdc5a3118d5140105r1nas,0,1.0641363346053367e-9
2,cab0d4e41ea81636de3bd3a1800d8da8x4yca,0,0.02565540373325348
2,53691811bd992911edb9f5f64f49d8f5luk1f,0,4.6434001887973864e-7
2,6531bde8d4decd9708ff4407ef95e887a26yi,0,1.1046577128581703e-6
2,0e66933c924764a59760aaae5368e7d1e0s88,0,0.028217796236276627
2,48117c1e2b56cfc8739f83683e01d9b2aoc66,0,0.002907524351030588
2,12d6239a92972a35bc990225b3ab33466znm8,0,0.04882511496543884
2,d65efaa8129a85f85bf909e5abde8c3628gfv,0,0.7780221104621887
2,15972a431aed117840dfce5556242366c3fwq,1,0.24317555129528046
2,367edc726ba8e667973844395493559dtf2o3,0,0.3186357319355011
2,efc61ad6db17265a4bac85f77b154ef414tpp,1,0.0010291488142684102
2,acf06eabed56f179cf32ab60b6b076820ajls,0,0.02098802663385868
2,20ebb9de648c6df989f04d07cf273c7b3yu8c,0,0.004674189258366823
2,6cd1bd77bbf2af6a2c6e535192af628by3h22,0,1.5390874352760875e-7
2,dd661e2d6e79a5b3e66c82373d50f3ee86k85,0,0.01586875692009926
2,090c77ac89c7063f0d0ce064ce3cb3afllf5h,0,3.345596510939686e-8
2,f80075873f7183a03b1b10ac3f740032v6w99,0,0.7124671339988708
2,c7d335bf99b9c71fb22797ecbd78b92ashv4h,0,0.24923434853553772
2,cf22da37578048d2e51eca1e544c693cke5t3,0,0.8101778030395508
2,7f807b2eb6c391d55e67bcdf7e1cbb3fhylw0,0,0.5011096596717834
2,1af4685cda2979a608c4b6ad83473774qgicn,1,0.7862032055854797
2,068450aafae2a6e390e35925d964290cdliqf,0,4.464138260440453e-12
2,ea0e5f7d93f2220a62bde8067f26daaa7oxgf,0,0.01711224392056465
2,3a5420301c0dacbc5675f6f09aac0143tuodl,0,0.8629785180091858
2,d6ebcf2149c311d221b233b268870b3d5gfe2,0,0.00015691440785303712
2,c76f30b8330b6d14fb872b30fcfd9d57phbsf,0,0.00028058921452611685
2,dd055846eb553ab8e953b084f2048d53bdqec,0,0.7309569120407104
2,7dc423d0bbfd840fa0bf75203cd7bcee75kmh,0,0.0740012377500534
2,9e72fb21f7581cfff84e833d02538e5ar35kr,0,0.0013541629305109382
2,82bec02fec2f08899489d7a5c35a30a0lbszo,0,0.00003189764902344905
2,64e802fa8e0c17ec2ba1b6425648b7cb7ndkn,0,0.8144406676292419
2,20662832566daffac929f803f0c236eaperht,0,4.744178827564838e-9
2,e18e3d0fbfba81cedcae619dfa977875p10ta,0,0.00004370122405816801
2,5e611461283a5c3e49b5bfbf9c33b7391ce3h,0,0.000565691792871803
2,518e9fb1055de6532ed2df6d03fb78feus5s0,0,0.687338650226593
2,aa8aeba2bdd0353a108b9b26f12ed59559mvz,0,0.17416921257972717
2,6aeab198df208f8628825f7eb3ec3701p2ybk,0,0.267015665769577
2,a8561bec318a7d3a0082b35b086b4428wekph,0,0.5836830735206604
2,a7454ee6fbb69c4079caf5b5b92574abi6pyh,0,8.245463339884296e-11
2,76218e14c379c12d599dae9e1c00b61a3i5b2,0,0.8619004487991333
2,e0824707d4a78230ae54209a920bc3e3pzdpp,0,0.026202116161584854
2,a74e3962ca26514976056bae3c46d579emz6y,0,1.1714059944267774e-8
2,a6bf74b19fcb2687ce345930c4c16d4e2txda,0,0.6780961155891418
2,d9177cca9a1bfe3478cc4f11a0d57de2p8ahp,0,4.253294493949261e-13
2,187636e527504df29bf42d4a2b7767e54bgv7,0,0.01586875692009926
2,f93a998dc10a4c98f65c6b86fdff651d5i4qh,0,1.093063278778672e-10
2,9ca41c3c062146a06d2682835f5136807yao2,0,0.00010959842620650306
2,0b450f2827ec670da34be66ec2a520213xcuk,0,1.5400333500971002e-16
2,55b39a51c925bfb42fb812ebc5fe318emsjjf,1,0.14093083143234253
2,4a2d5b70f0fcec3ad9d8ac4b447efd6f3vs9c,0,0.3879041373729706
2,e1b1c514e1b87826fd045588f1f3881707cyy,0,0.000047804896894376725
2,eb2c4b4493f31788ead745533e0c9a18xzzlk,0,0.09732002019882202
2,e0b6466f9f720e9d9a00d7c12b2e2c6d8xwxz,0,7.986657168945754e-11
2,3106ad6371a3b740e2af90635a4ad966zeu1u,0,0.0029110389295965433
2,7eb6a5ffc5e8471efad7cdc8927daf677qcf8,0,0.47717297077178955
2,5c28b04424e96267711d5af2db62e022tp36c,0,0.7725154161453247
2,9c0cbc0fd8a6c22ae3648801ade080fek6i13,0,0.3674975335597992
2,11d7f0a5076649b229c301a22537834e1ehwg,0,0.8286580443382263
2,8b809e18804865ff2a2e799c9a5e8a48mtxdh,0,0.08742693066596985
2,3fae46174ef1a7dce5e9893775f814c4so8s0,0,0.000273782730801031
2,5b45b150b6b683a98b5bc19c4214f44cvzru7,0,4.9682514233293645e-14
2,c871daa6b709e008825b667b05efddca04jbe,0,1.1046982691673493e-13
2,644e284380171fa793695a91b6a12c28jcwku,0,0.003899570321664214
2,10b431aa15b56084d32fe1ef123c4305wo1nl,0,9.253733878722414e-6
2,c2294751630e49a4e594dfd89383b271qzp0m,0,0.8544263243675232
2,573cf43253a18821e50dfae941ac287ceymgo,0,0.0000410560387535952
2,18eb8d55c84019b9196c5ca7e072b287bv68e,0,0.008475583977997303
2,a4c40fd7a4c1040283fb2b84611eaad240849,0,1.1416707366151968e-6
2,fb6814db96bbaf61f42270a85f0f62adunxft,0,0.2061883509159088
2,67d245e38ee756947ed395fa099807fchxv99,0,0.3537709414958954
2,eacfdb47b3daccebd9f16779c5542fe5eytoc,0,0.013861894607543945
2,200b548999702c10f8f9fdbae9ce60622owzv,0,0.30160853266716003
2,20d08c7edbcb4b4ac0214b664ca5bb9cprntj,0,0.009746849536895752
2,2b72d702b44fd7dd58062e326fd8e4779j8mp,0,0.02123950980603695
2,d63671871e4010e904b9419e48781565weafn,0,0.4474794864654541
2,e0e5719b5d763eb4e04c7f6e4e32884cmlpj7,0,3.825250394218216e-10
2,7ce12bb499c156ba4513becaa42aa8c143v75,0,0.4987882077693939
2,b7efeea5ff94a281635ca2f0f7e8b3ca4zykk,0,0.1358611285686493
2,9ebd57da79b9286fd67a53e61528cf63a1w6c,0,0.7708093523979187
2,e5fd2ebbf5bac9ddc73ce524e1b33c3akti0q,0,0.2928742468357086
2,9774dc752f855f07b9c00eb7018b607c0ymxo,0,0.05475126579403877
2,3b947f8c954acf4354d2c3bdcd494fb0x54ee,0,0.0009378425311297178
2,c0d065cc8cb585f027143f2ebc6b49f01g1wr,0,0.02999482862651348
2,20a2d48ac3400228e7a0296aaa596a0fvckdc,0,0.004749198444187641
2,679d60378d42ca9d3b8a28073fe14fc7bv4jh,0,0.2180546522140503
2,8f6f7baf33fe2a5206ed3ca88446a99bmq453,0,0.0154197309166193
2,61101089c1b34f409fc9b836a7f9cd163y22l,0,3.226513032241634e-15
2,2819b8b2295f272f33f8e76fd344ce6bywj1p,0,1.280903161315905e-9
2,445305769cbfccafc89ff5ebd004598einesy,0,0.7990188598632812
2,be3bec53b42be118ef2a87fc40db7311k4as3,0,7.675459983147448e-7
2,9f793ee6e6df7f69b5a5acb4e13db0476b26x,0,4.269144483259879e-6
2,012441119bcf83b23d4768bb72cea6d6carua,0,0.013973766006529331
2,2d6a70a8341ea0fbe4c8537ffbce919etg4x0,0,1.3378334898228594e-12
2,953879d32e39e014cf8ce73daa2547cb2ke8t,0,0.8172214031219482
2,40efc98d259ee36a8c2a387ba49f39d0fa39h,0,0.2631462514400482
2,156f4a8763e602ef789f8048c6928676a1ily,0,1.1140046133825687e-12
2,dd7292cdbc81ebfb87945d9ab176d679gepf0,0,0.38391390442848206
2,222a0e05442fec0af2d20ebdcafe4b28c2pi4,0,0.60999596118927
2,2797fe80977297483e724b8390161c937dh4g,0,0.08484219014644623
2,9e9270c06937bfa13f5b29e737c3438fcocyn,0,2.803079723889823e-6
2,7a71e329f3f2da98a3f82e7bfcb705a0t5822,0,3.156123113967624e-7
2,163097c029285c7eefa2d60e474d65b4ap2l0,0,0.0003411750076338649
2,99bfa04865566ca88573ebfd3c7fb1f2c64cr,0,0.2730543613433838
2,2eaf4eef52d5b17615d08bf77386fa42yotej,0,0.8387858867645264
2,fb7c9b1dcc3b44dd69e42a84406117db4t4mn,0,0.23539283871650696
2,c6a49cf5944626b45425712f9e19e91d2nyh7,1,0.9839631915092468
2,060ac64ff78ae62e9bc697192cebea333760p,1,0.0003789538750424981
2,fe4906ac4c8e2db5ed5a71e8a9d10080u6g7o,0,1.3832377590006217e-6
2,d4d4b36ea722e5b939e51e34953004c4t671f,0,0.042694348841905594
2,cdf76f38b6f46a3bd396a99123d26909xq5c3,0,0.7872846722602844
2,46c0ae10d60c4fde2b6301bbafecd7b8dcla1,0,0.23374564945697784
2,6f7043cde57060a6766b551df5fa6fd9p3ojp,0,0.0007235537632368505
2,d2eca28cbe0a3dc69715d719c6958faaaqx95,0,0.27898621559143066
2,1e050a096927d5b34f4a85d3af28d30eybsaz,0,0.8767549395561218
2,d2704c8bb6ebbf13e08f37131382b126wy4yc,1,0.7168731093406677
2,3bc8edfa1995a99110b957ee98fb5c76nkl7t,0,0.5945427417755127
2,4f07602a713c192a941204b27e2abcf1srnke,0,0.006406121421605349
2,89c8eefbf6f83543ce0792d1e4b86057ti16q,0,0.5369528532028198
2,916aedb8fd708e100318969dfe57a4639hexd,0,0.012932323850691319
2,f27321571b5b6184e86acb6203c766f2bsfxg,0,0.1115339919924736
2,a4630d8b78c796441a1be187f6907b11c5eu0,0,0.0025382842868566513
2,46ceb58fb7a57d86a26cfa154c940a8cuktu7,0,0.3103412985801697
2,d645e4b8b043a18bb1c8689572ad4fe16q3np,0,0.0007560443482361734
2,0cbd01c9e8cc800aabd3b3e4c618f9caktfgp,0,0.5362668037414551
2,0c57d8eaa2708b768416ca91dd8daa2cqbl31,0,0.06233423203229904
2,361397432ed35185b5a2789867a859ec42v14,0,0.00029126644949428737
2,e4264fc4dcd5f917ceb002d860441370s054e,0,4.382052446599838e-13
2,b2a19e17e1b9e0bca8e4563efbff5fed7v9xe,0,0.00008683170744916424
2,14b2d98230228eab6a6db3efc41660d7kp23s,0,0.008122752420604229
2,8d49c8e70bf96a255baf30acc76a3f59b394w,0,0.00767366960644722
2,bd0071b98d9479130e5c053a244fe6f1muj8h,1,4.120831231801958e-9
2,b79560ebfed7c8cbcfb97475812e0836twsnm,0,0.000032139665563590825
2,d9ffd2f7f3cc1a546586701c2a6fbda24u9ye,0,0.3138568699359894
2,0a7446b63f183a4928ae762ed6cd1c4b894qz,0,0.4978572428226471
2,c89ad997f646e388fe375d7fe33a3727dzrh0,0,2.7805901678390477e-11
2,eea590b4da2709c294e8db490f5997eadyc1e,0,0.00031129029230214655
2,f3a249f6a5c2c88ddd8bccb1f8a85fe52xnkq,0,0.034801483154296875
2,2b044b4b7949b96e38084e59b5d1d328jib5o,0,0.6005865931510925
2,c59f4511da2e8dfbf02668a49bc391895wk3u,0,9.72519046626985e-7
2,7622d7085237d6b73d08e9d70ed11fe3u8mwm,0,0.000744130345992744
2,3e2e03a4464642627e223fba066182d1qslv5,0,1.0528557192746035e-11
2,260568e07963ce8351f3313bd7b9b0e2vonva,0,1.618106343359571e-11
2,d2fe98eb0fa21252956184a98138c58dwp1ah,0,0.018521860241889954
2,5c2b3f221cdf303df86ff1ffd7106fcco6pml,0,0.8611600399017334
2,a40808ec5bd9d0440585286f1658c3b1ag8dt,0,0.318948358297348
2,613fe9b896ce3801e40212b3c8a8053c1e8nj,0,0.25601547956466675
2,de3bbaaa3bbc1fd1f751d23a972916d80q8e6,0,0.04748018831014633
2,8af01eeb860c2e6b1512377f28953110ml638,0,0.5648366212844849
2,b416bf88dedd6ccdbc3a2146524500258qdzz,0,0.00580021133646369
2,1dec9ee102b29905e2f59a52fb7429826e8b4,0,8.399284183724376e-7
2,877d96d9abeb73e437a8ebd74abbbf45p8s80,0,0.08173047751188278
2,3105d663ef3dff7e483a46c56580a9f9kd7f8,0,0.9249070286750793
2,a32cce991a2f597f6e5a02605119f99b1dyq1,0,0.004721637349575758
2,3df41510a5044de5438015f37dfa3443bt7pp,0,1.7621117649468943e-6
2,54379b25f1f35d9df78da9cd774cef74u5wt9,0,0.004019619431346655
2,2635d404f4943f3dbee24aa16a2953c723iwd,0,0.6900886297225952
2,a6414c637c6f1275e2c62c48fb238c5d5aw03,0,4.887258000962902e-6
2,78a444127a896122678835e12ef507deh01hn,0,0.03656327724456787
2,14d4e04d7ed150613974438a4dfd4e85dybq3,0,0.5452956557273865
2,613c7d60152ebf06e3a7dd326ba03261mnn8u,0,0.016334710642695427
2,c9f94611f4c9afd3a3153da9654e7310jr201,0,9.115144166571554e-6
2,c9a97c18992adb02e6c2e6a8f9cc1daa1di5k,0,0.10143852978944778
2,9e25bd3696b4e1775de205d2d4698a0df4s14,0,0.19167686998844147
2,1a9765ed302d0f91b512c23112066e41s755q,0,4.1183739085681736e-8
2,fe6adfbbb2fc1ec0c3edf6677204bcb245uf2,0,0.14174538850784302
2,92ce3c44edd41ad3222481daac1ead35bouwj,0,1.4134571735269219e-8
2,6182daa56cb0623719228c9e576b71fcpg8r8,0,0.7257607579231262
2,50a4bfbac8a9653af4099ec1169f684c2nsgu,0,0.7282856702804565
2,c7c854748038ddf37b8a9c4f5a28073fsut8p,0,0.9986995458602905
2,5fc9437841f1dbbe63a3a933c48472fcohutg,0,3.37681597094297e-13
2,bcda2135a2456d611876679b61dac500vs7sx,0,0.02609688602387905
2,e22850afda081aba360cc18e2a9021caqjjov,0,0.00011879262456204742
2,a71f9ab1d130394882cbdab3c886f1b0fm6hu,0,8.356167424672378e-10
2,e735a2301a18772a8276aa1f17ef79efu4yew,0,0.12904417514801025
2,464506515f2ae684bd510b3a50b9121ec7v3a,0,0.09599999338388443
2,44d34926c0863edb7575b819980e0e728pn5b,0,3.1179809168585537e-12
2,171fbac128e6dcb51d0f07cf7ed8bd3er891e,0,0.9893143177032471
2,b0973e698b12fe51ec2f259d924c6098rasmy,0,0.006972704082727432
2,da2841ffcbeabaac373f00039c10f39fty6fa,0,0.0315779484808445
2,6679d668a393f336ba9d1cb6a154e03aifmkr,0,0.045604970306158066
2,a48837ccd05bca96ddbf02c55ecccf639adk2,0,0.0048180315643548965
2,b9c59dcf41cd0a7ba779154872019cabmohkm,0,0.0007048625266179442
2,90fd7b3c991701dee376daeb09a0a5b7kawse,0,0.00018170892144553363
2,7259271b61d2f05200eb2e1ab1d2ec911jlaa,0,0.011429292149841785
2,ab3e02a6b47b250b738fdb010dc84cd7lrr07,0,0.03716357797384262
2,1aa485901ede7baf78ea116e297e9d7f9en6i,1,0.818664014339447
2,c900620a019e78a3eee44109e4d1e1d2xd2gj,0,1.1291513557498689e-10
2,3919be53bf4bd411ba25acfdc1362b49u4vle,0,0.1621297001838684
2,3d2608a892e44dad3027ab55bfaa0b26r69hy,0,0.6710982918739319
2,e90e4701234b13b7a233a86967436806wqqw4,0,0.7625799179077148
2,ef1d71dde32e587e761a1b39d5b374c7gk68y,0,0.0008611237863078713
2,5324221d38a79636bc4560cbcf2d75c4gimrm,0,0.24362513422966003
2,8c33cf751b05ca6a9d886a379a84a2ees9jlu,1,0.8685038089752197
2,3694aa599f836a57b671ee0814b071775i1nf,0,0.6212233901023865
2,5dda8ade6b5d4065f3119a381516c227yoz8y,0,0.807604968547821
2,daef74294e84ef6d7e009c2d51be6ee167xds,0,6.468812323400365e-16
2,591ef8d73236d150c32716359a61ff2auk6y6,0,0.0004121428355574608
2,2540f8192e425f9fb921db30ac1bfcbas4p6g,0,0.42579561471939087
2,2e07d37dd022e72ab04da76f51edaa13qk5rv,0,6.096262817473219e-12
2,eea79e1bfc21ff1b9572213e540e1252s5iuy,0,0.08416961133480072
2,870932eabebfc108296437c303db6055kc3t4,0,5.127608840999054e-12
2,9196288f121946095e5c402fd326109827t0a,0,0.9945046305656433
2,afb1d898d15663a9477870391cf39b697gso2,0,0.026095235720276833
2,06ddad46112881df154e3bda0e90fe880r57n,1,0.9126675724983215
2,d428139761f7b7563d57bb1f87b55876388j9,0,0.00001972897007362917
2,9349befb45c4869b68e82a1944f4f01377cpz,0,3.6627199051508796e-8
2,2cc1c5bf18c858fd9c74901d8d80ab70ak8e0,1,0.9995086193084717
2,f8f87e237833c3279a953b785653b0e5qka8u,0,0.014599073678255081
2,21c5f4fff051adecaf1b080fbf910ca3dvi6a,0,0.7305293083190918
2,0d1815382b08885d76c671ab600133adeyp5e,0,0.7479426860809326
2,98e6dd2906ef1f7c13284a309f6b160cb2ujz,0,0.08779909461736679
2,c0b7161a67a0aae21788103c08eba7e9z8e8k,0,0.0018038222333416343
2,05c9fe8f8852ea069a93dfe39fc0571er9mdt,0,0.042293570935726166
2,5c2e85ba72b9e9e16f77939fee7ffb5eivaqe,0,0.001036834204569459
2,0496c24a6a7f593f28bf7896350e946advl6i,0,0.03086571954190731
2,900284c412387e0bb2dc2aa5ce42dbb9th70g,0,9.670378631199128e-8
2,4dd7f98cfffffd6f4707fd0deb4a00b5rj9wv,0,0.7587066292762756
2,02cfc97e8fded77671e71e1951723d5fwz6a4,0,2.0983858222241102e-16
2,87c5fcd8d9582701469f94bff3cc415dvq4ia,0,0.002928960369899869
2,c435ac9dcda855341e667d440c2ef7c6nd3mg,0,0.29275456070899963
2,c6fcf1f7b824c864d492c4cd676cd702owsuv,0,0.009616675786674023
2,aaa8650a6e0997e90e4b6a9fc2ddf555m5c1g,0,0.050236016511917114
2,9df0031595e4105e4530ceee1a08faf319vvb,0,0.4397183358669281
2,24029e6b641077ab7b9a1fde11a42666pkz6z,0,0.5965569019317627
2,ca5d4f0a3ea342fdc45c3325e5311049e2uis,0,0.0005792411393485963
2,68d0de6b2b019e4f93fe89ef3c9d3e21zajj9,0,0.04413212090730667
2,e0984156959c3e7cd05b7ec8ae239303inqlo,0,0.002477603266015649
2,fa9cfea85e90bec313e512e9eeab2e869tvx8,0,0.0015412786742672324
2,32dd072b16a69411ba3f67992ecc3e2144j5g,0,2.8928071743594685e-11
2,3de66f8a5453943040d42e1e73f11eebll8h9,0,0.01586875692009926
2,e833712b1e29ffe74517e2dadcb4f2d1pt5t3,0,0.15762683749198914
2,82f1ba4809f4812629e9e53ea4c687d7begx4,0,1.9577063494619074e-12
2,c1d9c4c69367536d7b0ccac19527629f65025,0,2.119842719139342e-7
2,48badabcce6015d257ff5809761486c8qgjul,0,0.7867600321769714
2,5de403f3d49221bfa7116570a4d572d8m19sh,0,7.248396327597106e-10
2,a945c65b19da56d0c7358d8858fe14e8ulfel,0,0.8527952432632446
2,1a05035da8ea9dead1030ccc993b5284n1on8,0,9.951128049578983e-6
2,2eb8a353db13e68388f544daa2e28359oenbs,0,0.6296979188919067
2,6c021878ba6173a04d55bc1cf5544ac1f3t02,0,0.5354648232460022
2,722d1147768bdb5918584997e1f677e55g0nv,0,0.01771479658782482
2,a37b105534ddcabb169f6ae3ec928d85slw6z,0,6.18783587924554e-6
2,6cfd573a82acda92e8207745bca28aa7lqjcm,0,0.0000511757934873458
2,dc4efb7e05563288d1f2ac4ca65c6734017ql,0,0.2314535528421402
2,041d869edcadf595b90e3b5248903183pn754,1,0.9325029253959656
2,c89d56c06803b8c6316a7c906604c64939yri,0,0.04252566769719124
2,cf18f6766fadce944ee74796489c23acmqhpe,0,2.6604309866229414e-9
2,0a9c5e1f261c937c09817ea2d5e949f34v8oe,0,0.04335612431168556
2,445eea09a6299164f60dd11f23276b44rkt8q,0,5.001240394042483e-11
2,97f541ffdcbd1ee34610e3099c5df42acfvcd,0,0.013261751271784306
2,d5337c2d4b58426b30c8733313eb5247syn5p,0,0.0003095427236985415
2,2d2839fa92d1c8e94bdeb1fbb9e62149x6xc5,1,0.6125200390815735
2,f219cbb3d454b32953619d5a4551f56dcg7gy,0,0.0030950428918004036
2,96f31c5b3baa8704096cc8d4301b4c96i6fyp,0,0.3014275133609772
2,8a27b2e29086c0d2e589053537e88393zsyr2,0,0.0001372370752505958
2,e704e6fedbe6caa9b434509d085f4c97nq6k1,0,0.0006133754504844546
2,ee2caa714a2175abb13eb6ef15196368cwc7c,0,0.9230068922042847
2,bf65e77ce8676fbab6fc78b70c50f05a8da8a,0,0.7600392699241638
2,ec86220eb6ce57c91a02a7356b342599jrcut,0,0.013367406092584133
2,8bce581a91921adaa5fc20e627cd7b94l6cp6,0,0.008318712003529072
2,d7e83a95a05308d4fae6428bb9073a7bg8aoa,0,7.321155237605126e-8
2,94c8c0f9c90820f28928caf5d122dabby69ts,0,1.8975707778094014e-13
2,d4b2fd8f5e8e02b660e9803cbcfa6cf2t5szq,0,0.837380051612854
2,715ee2811c764d5c58aa228ee801e518gqvli,0,0.009419349022209644
2,1689122c3b25d9e7adc626de84c10006fr2n5,0,0.00002862914334400557
2,aa20f72aba9804a4922195f66a876688rugsd,0,0.7453042268753052
2,ba319b8bb68ca6a12086f2410ca7fb3buxsei,1,0.5774961113929749
2,ca9e2287e98a718e20a8ed117dfcd699gxsp8,0,0.0026436776388436556
2,79794d93380946ef72e95f55b4abc008hsns6,0,0.09065014123916626
2,14fe3602f049d4574cdbdef13789647dsgtqy,0,0.00006604169175261632
2,4038ae3276c0b47f420a5d73687fb73bghgxf,0,0.16759468615055084
2,52c441804b89bc20e4c8dd625bf163f27o2zb,0,1.8836169601854635e-6
2,5e5d3410ca3605694b3c75b2274efd44c9vru,0,2.390129054674617e-7
2,a124589b3af5a212406c0306584a9554fazi4,0,0.4168306291103363
2,069d020584a0e8c61e622321d4c43881j7pl3,0,0.00028044829377904534
2,8c412ae875b672f18073d643c74f9f0clzbyw,0,0.019588543102145195
2,c5c8a28a166913512f5bffa6a49788c5b0uaa,0,1.401109046492155e-13
2,cb705744a588c18087921e74e68cfa10oev6i,0,0.5944330096244812
2,820dc943d26965d377be315497837bba5iz67,0,0.007838796824216843
2,6b0d09889ff4889deaabd5f15b3b34f1jxl6v,0,0.00807188916951418
2,e61c14d66cd5693d93cb0356d7f444ebinx9i,0,0.7302107810974121
2,6b531ceeec5892121e04dcc6f89b10a70yqoq,0,0.779846727848053
2,a4475cf8808f8951dd5163ded3ee8032g9vxd,0,0.01586875692009926
2,dfb23124fba16b7778f65c1c8d091f949jz0k,0,2.151007720385678e-6
2,683833b860c003e6c31c521c9cdb49a1kr6b4,0,2.5691544788000948e-15
2,4d6fa52e125a18f433db6e6603b58ec7k1key,0,0.25521376729011536
2,5114111892d49b59415284dcf19ceebconhvq,0,2.267181092115069e-14
2,0030a2dd87ad2733e0873062e4f83954mkj86,0,1.049210762715802e-8
2,c4294be0db6b5c9357ae5e2e7fc8da9489qpc,0,3.790382265833614e-7
2,a8a2547a9153038fbb9fc66d2425d9a7efr68,0,0.0022574132308363914
2,bf190f2cffc1a77f0957f8cd1c98257dofy08,0,0.05802193284034729
2,f268f61e075419e5a001b86ee78557e2kmg14,0,1.0556894941560202e-10
2,8884b7af726ce7bd929482ea13de19d39lzuv,0,0.000022349548089550808
2,106f4ed8e9b727f8d94a1cd57e882a095pteo,0,0.003369661746546626
2,4950352b0410495ef65a92b08b5be463c20yn,0,0.0005355548928491771
2,0ea26a4028ffc16d9a8631d43e1b92105auao,0,0.7075762748718262
2,737d19fdceb065359c77b81d27053c4e5quiq,0,5.747042598758245e-12
2,403d9c0288bab462bae858dc8aff2f94ti9ma,0,0.07013069838285446
2,cd8f738dfa2ea0554baa3dfc4465cdb8izun1,0,0.40605950355529785
2,d9d24106ae1ff4f5bc4ec3caf29d7bd2c2f5o,0,0.5414973497390747
2,aa75d58c3e1207618d47c72ffb19c872bolg8,0,0.0028497539460659027
2,8725b0aa1a32054450c16b099328fbcbi71gi,0,0.0018468747148290277
2,32d2ce86b00693f0c26314e3cce2438dvxbt3,0,2.9961665148903194e-8
2,7e8650379cbcb3ef8f7f6aefcd678067kzbdi,0,0.018595563247799873
2,34914d163517a0cc4f0c971afb2352106vsvz,0,0.000046520071919076145
2,210ae8381324c41f7b49e95f1b7aed80z55df,0,0.0428873673081398
2,c9416e793bd0559bca3ad4a5194d4cd1k8eyc,0,0.39980363845825195
2,92a63dbb8323426833b944a4fc196fe27pzha,0,0.09040243178606033
2,55abcd1b00c6b5b54633fc7e98f0110bwoy3v,0,0.6789097785949707
2,24a32bf10c4a5d4d91c27da4710c869a0nqim,0,0.008163542486727238
2,78830493a121b8b6917d246ec73ccb4anwocl,0,0.00008007753785932437
2,1d4eaaacb6127c43c1c007331cac135bpib3m,0,0.009867316111922264
2,46f1d7df0a8ffcc10c3de0dad8979cabgr9ig,0,3.5162781020225964e-10
2,e76057d8bcdbb3d2f935c30849a17e4d7ordt,0,0.012392302975058556
2,353d05bfefe1dd96d3335575ddadf310rgnrr,0,2.3938273585599745e-9
2,00cc97158e6f4cb8eac3c0075918b7ffi5k8o,0,0.006098313257098198
2,dbdb69d0032b0a251469107dd565b6c7irr4a,0,0.00003628988633863628
2,7a0b445f462d05606bf6ea07e2ab96ec1a4kx,0,0.000012881204384029843
2,74582963d3774699f4215df7f2d17c1b6b4pn,0,0.023855505511164665
2,6c8ffec692e88d81e1b18d47818abb04v6llr,0,0.8607733249664307
2,583ce05b5add00d9e7e5dcefb3c436f26d7c2,0,0.01586875692009926
2,56b55e6ab49a4cbe7c76a2bbca804089pjq0g,0,0.7172693014144897
2,d381ce07afba12851a815cdf8858c1c7g2pfh,0,0.37080705165863037
2,07012e0507b4281d430b93ddcd96cae66und7,0,0.004162704572081566
2,37bb1697e1c3922a06c2d2ea4138a4c8s6wgk,1,0.9833565950393677
2,c2e1242ad5ea781923a08987d55365c69fii7,1,0.838333010673523
2,219c6102f604c8ff0ead5d23375bb127del0d,0,0.4692251980304718
2,67a1b129ca241c51d0abb5484f8eb3fct8o5c,1,0.9147711396217346
2,d2f0217aa734f025ec008d24d13eca10ntuhf,0,4.208168813413238e-10
2,e4bee4e53a19aaf71e0ac0e3be752b2cz3k1j,0,0.18886564671993256
2,4f7331589f84c6359bd693513bc9d7ddlitos,0,5.978458375466289e-6
2,6ca1de75674e78f9d3d63fd96fbe6e172t86c,0,3.544353717188642e-7
2,71396d66a14f4ce0c96436456462863abwefv,0,9.180684656939775e-8
2,cad151bdf2e29b764dfd3acac022e5dcy8n83,0,0.37569209933280945
2,a639448bde9a72923b70917e82594fc66sa2f,0,0.11669489741325378
2,9e9047df09026ed5a5a3a86403811159u5yja,0,0.00686357356607914
2,15b1e719796dc894ecde30f160e7ae20hrmmh,0,1.1605105498802004e-7
2,83dbbc6c5c7ed95048ffa9427d807692339oi,0,0.4839978516101837
2,caf32bc98f84a47829e76ffe104371f6kphvc,0,0.8185282349586487
2,5cdd665a22747394620c17b7753947b0xgzhw,0,0.004062401596456766
2,21f5b103136104e4947e293983dbaa5b4tder,0,0.8383086919784546
2,86e888c2dafacf13580a1211abf50961w6foa,1,0.6182153820991516
2,9a272c3baede0633bab0e15ff98d207e3ldpv,0,4.5467416498468083e-7
2,4de2f22ca840fce9ac653e4aa06d9b0cnhudf,0,0.7922738790512085
2,98c12418158dfb9494af01308ac2d0588gfw2,0,1.2835204904124153e-12
2,25022fb30734c2e5044e031b0e9a4a9ct3354,0,0.062037255614995956
2,fdf0eb91ae1ecea1f6902676f47c32c454yzr,0,9.71595986174259e-14
2,20d31f20169e8612fe13818891f88a83r66gm,0,0.0030632580164819956
2,c99b1edcfc7f0c751b68fb310d34b75ei6j82,0,0.05178173631429672
2,4c46b1ea933d574a985776ed356312505nagr,0,1.426929998160631e-6
2,780566278695c3771f81afc605abdffa4143q,0,0.0001529729925096035
2,ef65488c949595d7885525ccfab9100c6cmqb,0,0.13272172212600708
2,354d4abc23881a40b8f119225e0dbd09tk1u3,0,0.004618463572114706
2,28763f241cf0483ca1dd3aa1bbcbfc37xntso,0,0.000031100404157768935
2,4de568a9b480f0dcd3f2ac385121d75bbpy82,0,1.817642335325807e-18
2,4089a2b7f26e5c13a7f3350bd52ebf8fh21nm,0,0.4496641159057617
2,d927c987f8a4ba2dc4f38dadc0831100tt94p,0,0.13959765434265137
2,1870650d20a97db60ce4133bb9352b69h9phj,0,0.1004040539264679
2,ddc6dc00f416ce10f23b57ebf758c2eeawzjw,0,0.0010428379755467176
2,08a588ebf7b98f44f8fc695d02adfa25x0amy,0,0.42457136511802673
2,6ed19e45dc118b78a78f25649aaaddbeef7e4,0,0.5618302226066589
2,1899fd76b484b9275854787a6b003b8a93js0,0,0.477190226316452
2,5f56908449455ee9670c7947614f7b4bxak3c,0,0.03341444954276085
2,43bd7fe0ed7629fa774a461127a629f19je0a,0,0.004678112920373678
2,022ac3a7ce986049d9a4bede83ccf9ddctvg6,1,0.7662724256515503
2,b9cb81e5855add059728cf932f0624fefbi2t,0,2.0747847884194925e-7
2,bd6adbe79fcb843aeb97546947af1236kbg7p,0,0.012689401395618916
2,29e08b4d18198fe9265772fba3a4f6c4mj1rw,0,0.4255233407020569
2,8f6605a649ae41fe950a6bf579452464d9lmc,0,0.2524038553237915
2,6c11cc7744fb52a632306ca8bf966cd1e4zxx,1,0.8375737071037292
2,ba6811273d4f63d9a31937b71b0a22dforovn,0,0.48217669129371643
2,84f06d2c69695fe24cd69f8a1aae21a7kozbn,0,0.005762387998402119
2,03e884d3e7e3356608187d2345e4693fyt29x,0,0.000488357967697084
2,9f2086ccb71acd84652f861517d4dff9du4y4,0,2.828058317042026e-12
2,363ba0a2afea1b074fc1ed270c86050byprz1,0,9.596345051932076e-9
2,15f34e73687d7361ac0d780737fca261g2s9n,0,0.7247456312179565
2,1dfb637157cc0e590e50d724cd4cad6d4cacw,0,0.003795058000832796
2,2baa5a9ec317cb21a11d83f6dc72a2d6xy9jb,0,0.00005742065695812926
2,65d8228c6c1e5b6042f397afed8a5c7cbo6x3,0,0.3732732832431793
2,369515b3af4f8ca582f90271d30b14b6r52aw,0,0.02713819593191147
2,c806dbb2decba0ed3c4ff5e2e60a74c2wjvbl,0,2.5322426447371704e-12
2,84a769adc98498f52debfe57b93a0789556f4,0,1.5248965284930804e-11
3,91a3c57b13234af24875c56fb7e2b2f4rb56a,0,0.5421116948127747
3,4bee9aba2abda51bf43d639013d6efe12iycd,0,0.0016707057366147637
3,7eaefc97fbf6af12e930528151f86eb91bafh,0,4.794092660631577e-7
3,585e7c21b80baf2225224fe140cdb1a73ddrf,0,0.6111205220222473
3,6e4d22dbabcf2eaae5689c7d155e1c1fev15l,0,4.231968887324911e-6
3,b37b352197594dae96bb9219bf59d656oz79f,0,0.14441178739070892
3,d878560888b11447e73324a6e263fbd5iydo1,0,0.0006278001819737256
3,c748f0d69cc89d5812c9fe3a6413bbb26351l,0,3.4534486985648982e-6
3,322addd5687d99bf69306148e12f87dc5jbsh,0,0.2544330358505249
3,0d0b3d6dc27d0f8eed70971f8c6bec1bdrs0f,0,0.4429149031639099
3,d6d3daba4bea632d7f5a4e2c5146f109dkd4m,0,0.0001332486281171441
3,342f22fed8b1e90c6ff1a6b7bd80f6334w094,0,4.2045448935823515e-6
3,a1f4d216a1a92507d97166151d7c9fe37bei4,0,0.13763216137886047
3,aabc211b4cf4d29e4ac7e7e361371622pockb,1,0.7087045311927795
3,e1da7d96b83f16aa80cc254572cc154fcoudy,0,0.6552427411079407
3,8abc7635daf75f9fbeb63783b7b8ccd5rvuyo,0,0.004755337722599506
3,68d468e15e0de0bab9694cdca8e799eb2j8kn,1,0.8188962936401367
3,f60edfe5177cab56896a9d6860995095cl1bb,0,0.00010281347203999758
3,91dcfc10da696a6d90966ff795751708er5fp,0,0.6973519325256348
3,927c5e145de79f9ee2ada0ddc054b4e9hc3qj,0,0.00023825259995646775
3,85be8fd21f41bc3dee86597d272825726bp69,0,0.5235788226127625
3,59ae36080fae26bccbbc31a4505b6fb3v3zjy,0,0.00003655337422969751
3,6394edfbd35aab54801518835e33ed50hcr5f,0,0.000019266535673523322
3,af98b7d5a7c1ccd2968252a2fb1c06f69igbv,0,0.4757819175720215
3,96b90af2d3eea4d3b2bc725e1c92e212qu52g,1,0.7606556415557861
3,02bde521e763e4f4e590e8368149e04a96il9,0,0.2378387302160263
3,6ecd9f4b332eb790dc933aea0a1528e2qkp4y,0,0.6219064593315125
3,9df0b0e5ca66460495931376045feb5fu4y7b,0,0.0006148348329588771
3,7cb144485c703ac09fc73aa646041f72ogqwv,0,0.005251858849078417
3,20cb327bff59dc8f4fe1ac68a30f02eb6jrq6,0,0.43420276045799255
3,03244a553a252dcc3a3037f0371c8d33fmpd1,0,0.003448811825364828
3,6086425310e05e77a53317490e8c1f3cxzf2r,0,0.6839186549186707
3,024cf43497fd7381df6254888670f84bwbbam,0,4.271638687214363e-8
3,47e0637718480102d235233c83661a7850foh,0,0.00004401948535814881
3,5b25a86acea5ff395bbd62399bb5cc9bb7h6i,0,0.43753424286842346
3,dc52611b1a2c84c0949da5af9870d57fj6ab0,0,0.043110497295856476
3,b27db6c048fa41b496dfd3423226bb0923yfv,0,0.0019141373923048377
3,2e3b450b727fe3e888c85d52251fd33ffoi4b,0,0.5046224594116211
3,68f092336430866db606f137c57c87e0hw7aq,0,0.6842962503433228
3,22fb740f267ac617118261b2fd3365batisfg,0,0.619400680065155
3,17eeec8676ad56bfead1a9406277f41cnev3n,0,0.7282147407531738
3,2c31770e98fc9fc7e0f1fee6207b5600c0e10,0,0.7430371046066284
3,74fc24cafc7c5936d0422b8da306365byjv2b,0,8.096924830169883e-6
3,f63ed13362ce1c80970ba28a095c2bc5kfgmr,0,0.35082051157951355
3,e909515a6ae94a86027c717c4085954akbpt2,0,0.7407251000404358
3,27809fd62bebc89be450f9dcbdd25ed8il6z2,0,0.7023845314979553
3,eaac863aaf84acb7529462118e7953c3oeky6,0,6.262044394134136e-8
3,e561facfea467ea124df0111e041287ctvgwn,0,0.000010484332051419187
3,33031f476dec19fe47c0e3a051a68e992hmwv,0,0.0021651426795870066
3,f0c356e136831c41884b0732ae3198e0gcy8w,0,0.3479274809360504
3,6a76d66f035914f93ebc725a0998b399r4gdq,0,7.555564479844179e-6
3,2736ee274114e9440463bde9fbffacaa5xky5,0,0.0009818259859457612
3,7339b024b285f99084bcca768cce5c7e0h2op,0,4.504765005464151e-9
3,354baa6c4764a5bde013ea3f7edc72552r3oa,0,0.6225764155387878
3,b191c73f160bb9320dd3715bc3ffed26ymluh,0,0.050444960594177246
3,0565a780f2c5b46837bbe9739ef15ea92fdu0,0,0.6678251028060913
3,3d281a78c6a116a91baf9c8db22b56bazer1h,0,0.7819533348083496
3,b719671479e7d75b1ba5a5617c95ccad4dkvm,0,0.00017191722872667015
3,e8e4603ed284adbd252a7a601f9bffe09oq6f,0,0.00006354442302836105
3,246c55639cf85c682d58cbd2ed6a6563vk2yn,0,0.6782523989677429
3,c5dcc8a649adae76ce01a3fa85b68f237ny2r,0,0.2934103310108185
3,d2ebe13374f25a12865d50c17af1dad7yspzq,0,0.1181705892086029
3,9fada390b6c53ecb47e6f4eb4353e14f01xu0,0,0.6023178100585938
3,e959a3ae64e28a7d3b37934c0d826867o3sp6,0,0.08300218731164932
3,f535b28ad58c83d35ba87fcd46624148zbh6l,0,1.1707800284810332e-9
3,40e00fd204d0ce97110032bfc47f423d0bgrd,1,0.657094419002533
3,db88530db963dab43118aef5aba127ec29abp,0,0.0008861450478434563
3,bb790a228de797253bf6afa43ee52eba1s2dx,0,0.7346633672714233
3,cf9a1c3af63d1bc3f55728b4a06a5f46njrac,0,0.5355883240699768
3,a539fbaf8b29613ff0e4f3e5831aa7a5p2cva,0,5.950842023594305e-7
3,7607c4efa792a69e2a8949ccafcbef103squn,0,0.7997981905937195
3,8c4b0d95ba36c0ba2a52f9043c62fccev75uu,0,0.7945791482925415
3,10c1e1164e3f8298df9a35c891f67babiycsr,0,0.002559096785262227
3,5bbc8f66464ec2d962b0360d1d74bf67imj47,0,0.0032049869187176228
3,cffb5f3c1f4ca815d0f643fcb2f2f316beod4,0,0.7909616827964783
3,2d82c3dc726d2bfa19c5f16ec3de5023lbse1,0,0.03759285435080528
3,282fe85277f7c07b0ffbc5fed621a02ezp1zr,0,0.7472397089004517
3,d65c538ae39fc1a7e0677583bba5fdc6ax1et,0,0.5755762457847595
3,640f41f27c03aca0c45775eb918b666cnjsqv,0,0.000031095150916371495
3,786fd201d9c952bc3453d4b3a6fa64046d8wb,0,0.6887611746788025
3,45cfe8744884eb207048e3cbee31ec56hd9lm,0,0.058461807668209076
3,c4b598fcb343bdd2cf826fc7541500e40xtte,0,0.00003806638778769411
3,3d54d594ffba32e8d6527a688e7227e30iq3k,0,0.4518657326698303
3,b2d3db61ddb119aa4e5f43e1bf72e349xr5tp,0,0.6923231482505798
3,2e1eb5b56591662fd7ecd7b39621bbcfgd1ks,0,0.006993535906076431
3,4f891171f7b09f54d8b4f30b48421f178m75r,0,0.5978482961654663
3,e67abc3ba39537cc640678297a7c5bfag490k,0,0.5078034996986389
3,eefb0b863345336dce70312ff0f8faeb9qksv,0,2.522835700347059e-7
3,88e24a019c32a60f2ff315a9d217ec33q144x,0,0.28164610266685486
3,bd8bd6cae40abb19b81b6b6a7775f63e5tk1s,0,0.0033900553826242685
3,3961434cea4339f0049798fab2bc73aekuxjv,0,4.0831955629982986e-6
3,a3ef8857f2e33ecd25c409622b4e3ebcij8hv,1,0.6723406910896301
3,a8a5bcf248e1326b3340c88e057f59e9nlslq,0,2.9014028957163873e-9
3,5d02346d70f11cd61d9fb955846ee9bdp5o6k,0,5.233828687778441e-6
3,f04748a1437347d837a65ce04ee7d94enqhub,0,0.7200486660003662
3,b46132a554a2a3b93efc5a9352036e6crl6sk,1,0.5030108690261841
3,4ab56df4b1befe3e2ce5cd98e8950ba2psqq2,0,2.7908660626962956e-7
3,651402deb28af3e3d1ab9a6b88314b591uuaz,0,0.0030376259237527847
3,3ddd3eba016fc11b07c8a9ecb3fcc2975bkru,0,5.798959819003358e-7
3,392d936106b75256632c9dc83c4f1a169bke9,0,0.2772105932235718
3,e69dc706f159ef6e26df0d88388bc5edlymly,0,0.26368430256843567
3,a6e261c09ae8aa7d0a47ffeb0110aa519jowa,0,0.7042888402938843
3,14f226ef57ed64d8e14c8b5ae929143cgq3em,0,0.44105294346809387
3,3073d007a5b42b827cc770ecf4805278xvvzl,0,0.02432909607887268
3,ec0c9e98cdf302274974ad212477f851iw35b,0,0.7168027758598328
3,a99f91d51e8d9f5786dfa52e24292dfebi55j,0,0.7748347520828247
3,5e8bf58291656ddd5fd2f71825565446aiopv,0,0.7596385478973389
3,8322695c21cb27accf0fe269438bd78fn3x44,0,0.7818540334701538
3,96caf14832aa8be04d98aa481b320392kb2gc,0,0.5807132720947266
3,a3910fbd35b7a0c383c9805eafda616fra4xo,0,7.60039029046311e-7
3,37ebf34eaeb8a434976416c34ed5c6d8ywyoj,0,0.6669179797172546
3,d4a84bdffb9543626fdd42c879343ce26ds4l,0,0.10954806208610535
3,01067975436d123f717ee5aba0dd4bbfa0937,0,0.6412380933761597
3,9aca61f505f40a3b4f7865c2d00e2418s0e1f,0,0.7670610547065735
3,1ac788675f70655e71a013892d701e901kj13,0,0.29697519540786743
3,796961698c2f2442e73c5195062370caawzzo,0,0.00007776855636620894
3,37ca0d0ded383d709676a4f9729ef39cpjfh4,0,0.13611415028572083
3,b4550ab1da3a3ed6e4a206c9ef78d496q23hb,0,0.7071340680122375
3,d0b096df6b5ffd2efe8d5cfad4a24912zs3dd,0,0.4569070041179657
3,1b268ea4fe034638a92d683b94bcb330vee4w,0,0.0005972869694232941
3,b0164d9a18a3cdf6082e96f9708040690qcqf,0,0.5047438740730286
3,e9c8ee7f783723fe8496dd35232d88f2or1r1,0,0.7661185264587402
3,1e0b1a6ea8d307cb61e221723534c4dclf9w1,0,0.5341649651527405
3,34a7ce35b13775be4e20930ba2788a3ebu5n0,0,5.83128610287531e-7
3,44be920e88377290bb204795f05a20369jp06,0,8.328049148076389e-7
3,8783939eb63e5eb4e5cd412d8480f3955ipxu,0,0.5919257998466492
3,cbe756ce81f5c420a1f7079791ed9aa2js2u7,0,0.00004439993426785804
3,10f1460119f9e42bcccd0f68ef59cc830pwtq,0,0.22296911478042603
3,f35082c6d72f1f1be3dd23f949db1f577t6wd,1,1.5645311179923738e-7
3,c6108e22518279361de99b3c7c298235mkoa9,0,0.45324835181236267
3,4073de52fb5c46376dc3cac6b2f2cecdxyqjg,0,0.5844419598579407
3,7c965df16147f68263573764dd257a7bxqmpt,0,0.43594232201576233
3,8ec9269ed4f5aef4584d887dfd9e595aaynzb,0,8.627029646213202e-10
3,6c0212679f2439c4113386b2c6ef513e8wr8p,0,0.7573050856590271
3,936d73a062928a362901f0e507d57b0a8rjs7,0,0.06012224778532982
3,2db8669a6d21a5c8197d4287ea32b7883gv5r,0,0.008562247268855572
3,6713e820273f591bdff7d26a48ee30c5k4iii,0,0.8026005625724792
3,8ac7cc6a62b82e675465e89f67ab1f962ltgu,0,0.002168116858229041
3,fd1299f1343236dea07bd0ba5f8ca220csnv8,0,0.15467925369739532
3,cf4eb0f68d47e6d4b92befd0b8fff39a098cd,0,0.00753945205360651
3,af9c96944265cf541b3fe734a057821a825l7,1,0.7351159453392029
3,a283eb484c3245e5b12b18daccc075e9g9xk4,0,0.00017462675168644637
3,38125387ec30412c438280af8931254dmvfgb,0,0.006193271838128567
3,bbad48cdaa604c1bf40b59120a775794rnlg1,0,0.6768651604652405
3,4bddcd4957ff826dfd3b3efe6eb96be9aw5tz,0,0.7744617462158203
3,b1410ac124aeb5ef6b06667786feb742tijnw,0,0.5593660473823547
3,284cd72e028fe176f935114521ee998c5jsko,0,3.2528589599678526e-6
3,52d8066e28f168e5bee769559ead307e1go7e,1,0.7665085792541504
3,d8ada60e3b7204a104bba8c073136bb40772o,0,4.501633611653233e-6
3,9f60e1593604631e10ad2677c51055c6mv205,0,0.0012764745624735951
3,ae817305e82b580f9ab89f1a379488e39il4q,0,0.7349132299423218
3,c8e474ba549fe924bff9d3f585a9943cg9aju,0,4.857157875903795e-8
3,fa6b4da229eb64b4d44e7d5ee2b027f1j1whx,0,0.0019490299746394157
3,86151544b29ad273209ec4605c257b089z588,0,0.5122286081314087
3,0141844fc725a85e38e12cc02fcdbbe8ofqxv,0,0.24571748077869415
3,359444416c25e6e90ddb2e3d3d0bc23dufn9s,0,0.007118627429008484
3,e429d13bc2c7acc82d8d68fa020546c38v82z,0,0.21426691114902496
3,90eb8151eb82441b084d04893151619837abp,0,0.13514164090156555
3,18bc9dbbed75b55f35ec4be1351b7aa86an68,0,0.6335411667823792
3,c72012c8072e2441b3ba8173205cd298cde8a,1,0.5800520777702332
3,cb6ea552ab5b90e2d0572148426ca275d1zzj,0,4.072749561601086e-6
3,d13cd9e0a7b95c0a35f3456014865230qku5q,0,0.0893905982375145
3,86e50263881b0d382b55777185eb648aagh1g,0,0.6995018720626831
3,1e3642857c10e72cedaf7890e3c07bfa8ibzv,0,0.2378387302160263
3,23af639c0bd57bfe9bcf3b16973d58b7666fe,0,0.2685307264328003
3,bc3b92a81586cb726cbf4d5b418fee41o20sj,0,3.171364837406543e-10
3,7c08de9de285265b2c34970139331f9fnr9ad,0,0.5755442380905151
3,ccc371d7848a80bc31941248b9f49b95hn694,0,0.3537844717502594
3,c4d42d0beefe49d6157c546a2504f4db86hvd,0,0.5655760765075684
3,213a7fb31eef8b38a23ad6b0bf2c7fd0dx3vk,0,0.191819965839386
3,9a12aa1aa3560062c6f84bd374eb5f7f422vq,0,0.1853639930486679
3,a2933e33896035761240ef5a62477779jf7ny,0,0.7192044258117676
3,339b8ca3185dcaffbc3ebdfd960020e8es0as,0,0.019949855282902718
3,6be863f26f22cd79be272789ac7e9153v27yt,0,0.3726676404476166
3,7d8d3493942dc13742444f28626c5839axjqd,0,0.7527666091918945
3,85ac49e7f93bf0e20323de78362bb4aadnwia,0,0.4780992567539215
3,69e97e52dd6428671f46f2ab6567172d8mfar,0,0.00010364446643507108
3,b34fe965c04012fd22123ed948257184pqvfg,1,0.5520103573799133
3,5d5816d216122786933fb74c459f35fc0vnac,0,0.4217131435871124
3,63e3851eb5e1ee98df1065b333f6cb81mlby6,0,0.6797417402267456
3,23f9a0e1492c4abf375823266ddbe36bzukj3,0,0.6689474582672119
3,70c6727cc40fdc6f752b28102f31a38b883io,0,0.31692931056022644
3,60849c6d966f178808d94543173cb93dog4gt,0,0.0254883524030447
3,e6f73230e0fff1d9a6b1b8a6617002ea9owig,0,0.6106810569763184
3,ca5730b8dad8f35fba24b68c9ca5d445mp87i,0,0.4227396845817566
3,4444bfb455b90711234e0c25345abbaddrt0x,0,0.2378387302160263
3,3043fb0b4a1904222f640107f84d6f799tves,0,0.04776657745242119
3,70daecd44c89c37525aa2ca294378ead4dggh,0,0.7008610963821411
3,b9d861ce6162179a4b008b63e7fae80fjoywx,0,0.0003478236321825534
3,6feec0741a319299c78c47040893399ebas6q,0,0.4554273784160614
3,ab0b0de534bad49af05faa626b88389cmjj8e,0,0.8093585968017578
3,4ac31aea605d17045ceedbce23eed239omved,0,1.242184794136847e-6
3,9375e98d0810ce9119ccf45300249636zfpd9,0,0.14180327951908112
3,e2165ff862178c7b2946f7f62f5a3e51wcvaw,0,0.00005780689389212057
3,673650167f432c009e9dcd062cd4e9fc2szln,0,0.14501535892486572
3,5aeb71cdc92fe5d1c4a4e127d7ca7783gzje9,0,3.2726441645536397e-7
3,fdad47d27b793b74470086c35333d4fepycsl,0,0.09037144482135773
3,f3ad2931359bca59c36ce55ba82f9af8enbi8,0,0.3949550986289978
3,30c3c92cc9408f55cfa895ff8a505930a3yy1,0,0.08265166729688644
3,1214fbf35079e7afc0a35645f8be8b218fd5o,0,0.2378387302160263
3,42e631af9bd00e5e816f08eba3b102d5ch576,1,0.15910817682743073
3,85d020b5f3d99d1272efa0a0d34c56a5dtvxb,0,0.5098198652267456
3,a7c910e7c7796d979aa9a7a31d74a8eaqsapx,0,3.2658272175467573e-6
3,c6453f296ce36005d7e7e67e159e1b7cdbmus,0,0.007978281937539577
3,1df1dab2eb718c3da3f9a0aa90b93651sxqzo,0,0.000020051427782163955
3,b853c1e4d6a4657d35705772ca6cfdc3qtox5,0,0.0007423677598126233
3,30da67f34e3cc215b3bdad588410fab5655fx,0,3.9413063745996624e-7
3,1395ca662a02245233af951cc7ad8313vk6w0,0,0.4731190502643585
3,9ae9782ecff93ddf1c6fa13d711b9fe1gc266,0,0.6940557956695557
3,424aed9d807cfe0b2167cfdaa4957fc0heell,0,0.08919483423233032
3,81c9c749b2c9f97215f3ddaf8b5a5fe1k757u,0,0.1073053777217865
3,18076726ec814a6f56da2cb9ea89d105j8vpm,0,0.3202122151851654
3,a7c263f3fe4f19ff677e5cb475f7e5a3gdom3,0,0.029002487659454346
3,4ed4760782d4e2c65bee8cadc1fcdc89htz8b,0,0.4902656376361847
3,91c749114e26abdb9a4536169f9b4580huern,1,1.3738637960614142e-7
3,d056594c1d7976b6ad4ba23e2b4cea19l2i0t,0,0.774138331413269
3,9fbfbd8a57e4d4b18338063ffa43f1bez92lt,0,0.14691409468650818
3,510f33a3c0a290a0e43d2576d928a4abxieo3,0,0.00003913483305950649
3,6362c8d61774cfcb6ada7cea1be63678hxkfz,1,0.7517769932746887
3,977436b0a445fa555d537fbf1d4bff2e4z40h,0,0.2378387302160263
3,c503bb79d4f3522f51d348c680906c1bs0w7z,0,0.20053502917289734
3,a96039c7cfb1d040ca978ec5e66ee2c0sb5ht,0,0.20769421756267548
3,03aafab9868455b78f0723eda86698ba9v9rm,0,0.7375410795211792
3,d43189c6eef7a763b2f8596228807dd89x9y9,0,0.0026970715261995792
3,4199816cef8be846ca71ae752575744fimyto,0,0.9634182453155518
3,e268d06507859d78894a8f6e11995f48zls7t,1,0.9604673981666565
3,989e8e68621a43af5a8d061aa91bd9bfshy7d,0,0.0012861620634794235
3,c5863a228287327c9980d12a632985da9vi29,0,0.7557776570320129
3,898419c2d011d5a822e9ee07c387098ezpc12,0,0.005403587594628334
3,08c39ef7252995e0749f7927249b8dcb1d3xh,0,0.0001281082077184692
3,372bf02911448b7f62cc861074a7ac81y0jsn,0,0.002384898252785206
3,fb200accdd0411e96f1b0f6d6f6d4f52rgk01,0,0.41746941208839417
3,e8f3ce0b2d0849968400b63b992cc606psoij,0,0.5191581845283508
3,bb73823b1c3f577402c9aa9eabd1e412vp2xw,0,0.789678156375885
3,fd5cef3fe1217c6591500c715d71717anczcq,0,0.6228045225143433
3,2d73ed3974473a764859084d51334440k5q7s,0,0.7398321628570557
3,db85fb5556f17b744938cdcc2e7ce9b5urspd,1,0.5714315176010132
3,8a4fc219f01e1fe6d4328b0a47fc54905iv05,1,0.5997287631034851
3,ffc4e2dd2cc08249f299cab46ecbfacfobmr3,0,0.08906546980142593
3,60edf674563f85b227898f6af0386476efy45,0,0.000242941765463911
3,142a2545c5c01937b05ac6de9773f9efgx0eb,0,2.7864119900300466e-9
3,d6fd864297177c38cea65aed8a45fb7bbp2e3,0,0.6883880496025085
3,d79919e5ba11f26bce5e70f0a4f859e3e4q9y,0,0.7234303951263428
3,1dce9aaf9d6b9cba38f9c7489764fe30nlrq2,0,0.07660690695047379
3,dbbf9d9b1d7fa110208f77a681008077plqng,0,7.359025033792932e-8
3,486dc9de91d243625863313adc03aa6bv4s1e,0,0.7244212627410889
3,8bc48bc2cd0ee494e55470a7ab0814c12riuf,0,0.000344705767929554
3,30788b28de22d28938ecd7ed6795a8b022qm7,0,0.0000767945239203982
3,bd85d0d7fbbfab49136c241bdbe119dbgkuna,0,0.3110453486442566
3,1ba9422d7a55aa5abc3ff37d1cafa9f2yds7i,0,0.7457118630409241
3,ba0ca6f98ed66bdd1c4e86db2ce4011fdk6ii,0,0.7309807538986206
3,233e09e861813cd087e8937f32a29bccs7b3l,0,0.0006813499494455755
3,225716d7bdf8f90cb4a4b779c663cea5j9sqp,0,9.297762062487891e-7
3,2b2ee7d0ebdf910833b5cb173c567881jt8sj,0,0.000051478331442922354
3,92f8392be617527734a2f18482815af9ak8l3,0,0.6970848441123962
3,12c1b22ede3c23949bf130cc7bac6316ks7fj,0,0.21490180492401123
3,21114d057c297080f0f882420d2436b5mmukc,0,0.00010020990885095671
3,e4433ef42008dcff761f12b9ade6fd31krdwv,0,0.06734884530305862
3,e10ae48cce1e198f7283064cc8a2f836iy0z6,0,0.4091835916042328
3,17c59325ec223c94dcb301a7451c39871vxq3,0,0.013760214671492577
3,38d9e2e83f25229bd75bfcdc39d776baz5zu2,0,0.7690905332565308
3,50dd191676497345cc95d8b9f7284a7371z5s,0,0.00029739199089817703
3,5097b3a4011380b5d9447e1a7a20b1a556yzj,0,0.0008458258234895766
3,f781d7cab96d95bcea507cdd43b24255pw0dv,0,0.7794286012649536
3,c349d767ddda78ed58a3c5769e780598ar3ei,0,3.6232158890925348e-6
3,afb7618f9e3fd071d4ebedf396e1d45drta96,0,0.6102231740951538
3,ff181014a0d7bb534fb9a35f22e24fe72m1d5,0,0.6899034380912781
3,c4709885ecca7b90dea4beb5dabd68aegk2pz,0,0.00026251698727719486
3,f8e90361c36eb3f6fbd485748e731fb7w2ci4,0,0.20162832736968994
3,88ebdac47cc2623888e0bcdfb35b692ejrbvv,0,0.7999082803726196
3,308a5541e1206e126ef80f18cc29b7017520l,0,0.0004090385918971151
3,88acd2e23ea6817d9d9fc28f38a8d1aftqssz,0,0.6078292727470398
3,68546847f11f6415034b7e2263e8ece62p3ud,0,0.0002988463675137609
3,d5b75c812d172da1ecb3164a1cfb7527688gb,0,0.12899476289749146
3,ee45b2475e453e69ce712388959fe4acspmvk,0,0.6655982732772827
3,d810a7956e4d9fbc246d585ce84e8ea0750b2,0,0.00011104870645795017
3,2366cd7cf3df530ef4fe40b36ffb936fyn3rh,0,0.1728419065475464
3,e0a9e4ffe2acd28599dacb91c98c34bc66vo3,0,0.29924458265304565
3,28a0d5539562290a1a2f63d5b7230db090ys3,0,0.595852255821228
3,6326299ca6a53277b2bcea07bd0b4ba8ktbqj,0,0.6995037198066711
3,3e0bbd7d75cf543a56919ff5069b31a9gcbql,0,0.13222186267375946
3,f23ebc71f2d8d820db2bf0576ee7e148cxvkp,0,0.0000747378944652155
3,4c341a39553faef07ddb917ea4e069ed0yi3y,0,0.2687583863735199
3,fb9b1e58ffba4b38175c11e03e51e1f48dnm1,0,0.16767890751361847
3,c1850964c360c9159e5d1d0b6485e210s6uvc,0,0.29506558179855347
3,88641b0f22cf175876bfc4adc44c00f58b5rz,0,2.050254352070624e-6
3,d9576f0ba8c7479eb2b26f0d15c4abfayk5ex,0,0.384070485830307
3,8a7710ee3c886df8ca78c88120603cf6taql6,0,9.076561582332943e-6
3,531d4a209ec0cf76c9337b42fb1c3d9c9tcuv,0,0.00021665349777322263
3,958de49cdd870198543313fcf574d7c4eutrl,0,0.6793113350868225
3,67fbdc4209a1566288acba904a2b5a7ee588g,0,0.7637741565704346
3,0e5ec5baf2e15afdbf5212d8461e1ad9h3kr0,0,0.6536913514137268
3,721e69fd30e33488bf82b7e2f9c8cee28a9ea,0,0.2707515358924866
3,e8b82b8640ecdd154eebe6b36ec63f0bdwhc4,0,0.3483566641807556
3,0b3d5f829d18ba30d967fceecb58821c3oeqa,0,0.7531442642211914
3,2271fe5b01f9b8f9d8409014ae4511524grmq,0,0.7965990900993347
3,074daf9a99b01591cb0637cb95c32600roriz,0,0.7036657333374023
3,8c09f4afd78059d9200cddc435f5c48ceph11,0,0.709064245223999
3,953e01bab9ac8786b4bfc77d183732bbqw6ng,0,0.41606566309928894
3,6c3bdc508c20f2f3871766cd73064c8cib3xh,0,0.3694566488265991
3,400e8b5b5447b4d11e06a8bb0754d8d6l6xoy,0,0.002065835753455758
3,9655ccc7c0c193f1549475f02c54dce45kjw7,1,0.8007947206497192
3,cc064e3409a1825e3c4e5c814376f140qxu5l,0,0.002479731338098645
3,026819504b59bc4eefb9963d5fe4271aql15u,0,0.003690090961754322
3,98aa09a7ca13559a9e2a43fa2ba4d2b7klwin,0,0.7552695274353027
3,162886daa0054ff1ad422e0f18cddff3qofft,0,0.33458083868026733
3,e241b80fc1b431397ba6c70f2fb8ccb72wbra,0,0.023737028241157532
3,1bb7a8c04e70386f5496322158e9fc3ef6d84,0,0.7061750888824463
3,950aa0150f419cd6361bd3c500e6e695xfljo,0,0.7132461667060852
3,8c939b6713b7881538cb05eca89cfb1cw1lhm,0,0.14159978926181793
3,7bb914fcdec49aa88c7310a3dda716aa9fb8t,0,0.026518290862441063
3,95ff2833eef5999a4f3ba4a7684d2b26a6v9j,0,0.02159186452627182
3,9f9dd5c179d357b53f145ae1e5cc941f5qfuy,0,0.000015390845874208026
3,6da536112251f09a006b0c5223f154d46en4j,0,0.1550031453371048
3,332ef2c7189603a497fc89345ee4f5605i5xw,0,0.014008216559886932
3,572c9964ca41ed055830845993fdab29p4f03,0,0.7532448768615723
3,167008af05d4feaa636a565f6f83ec61a6ogj,0,0.20736615359783173
3,27ccc09ae923d1ca8ff7ab3242f279f7xuclq,0,0.00005382654853747226
3,04c6b750b0552089c87ae03de72289cfcpfmh,0,0.06660444289445877
3,317d3e44b2bcfdd7293b84f82f44b8e31hx1r,0,1.3657061117555713e-6
3,d9dfeadc7e0e844ffea3cfc706daae5dt2hhg,0,0.21658915281295776
3,af50d549e86276f034e52037722dd5aetouu2,0,0.221167653799057
3,167b4f37a264b72feb0f559b650d1cbd3ox60,0,0.44443124532699585
3,40fafe756c4695b32df7d19d4c710dabvzr79,0,0.2378387302160263
3,2106dd7866abbfb4e7c68067d7eb9bebflq5d,0,0.7558666467666626
3,ff3ae9450581aa3de5d2326f70e39d20w8fbl,0,0.016708871349692345
3,942563fa6695a4b2f76ab6ff3bd58030i75z7,0,0.00007003868086030707
3,ec6d3fbd8408ba43891370d4ffe41eabhnwbs,0,0.0026623366866260767
3,6f07ce71625a0c57aa5c0c05071cba164jmba,0,0.011718792840838432
3,cca4426ec6d64f3e73294d4d5bc9719beud37,0,0.3223327398300171
3,308def7f05575db9bcb6a67207d6c1beb2cqt,0,0.2330961376428604
3,de4388600d997803223748e48bfc7b16ggyrh,0,6.591719170501165e-7
3,762046a235e00ec6521ba71aaa1450c28ijkz,0,0.5719932913780212
3,ae9e482a7f4a625a878c6ee0eb4dcd01dkm6d,0,0.4296604096889496
3,3ef2325f8b68e1c030547a2a54ea6b98zwa2w,0,0.0015008662594482303
3,90953913d629a03e27590d0d0f64456601ktd,0,0.27827438712120056
3,76c85d6bf559bc0323bbe1639d233e88nxy36,0,0.7468978762626648
3,17dbe14676cd3a3cb8a7edb438622f7fv2scv,0,0.19780008494853973
3,43c76d050c9d2509d85c9dc2b1a1dba4zb3qt,0,0.4284093379974365
3,4ef4b3e5727dc85f18aaf00ff9a1e936qyhp6,1,0.7846717834472656
3,a116e727a3dc0b69f5e7ae14d0ab40d44breq,0,0.17991754412651062
3,437ac1b8d08c3b328924aad097a3dcdey2m1k,0,0.6736209988594055
3,44bfa21b7d497f097a594c8861d4f8d4w5e97,1,0.7570412158966064
3,a25f4c6838b83e0fcba372300c23c2537k5eq,0,0.6473702788352966
3,bd7d5414174da6df4b018c21495e8a2cxiose,0,0.6881608366966248
3,6e29de28296a57f039026ffc6df9145cxo2n0,0,0.6832062602043152
3,9e1f21ee1888368e77b539083f4b94ddv8mrl,0,0.0005868526641279459
3,6b28baf315d41017844e15d645bb2c05ybt3b,0,0.00015975844871718436
3,6a3b1ee159716b743ddb8e07e499fadbhqn74,0,0.3081279695034027
3,bbd1d48ef4e8e7e3855938755275ad2b2le9g,0,0.5490846633911133
3,de717bfad3ccf44a93f39e7b43f3b227cuu5o,0,0.05511360242962837
3,b8da3e0dc73d1f453ecbe6ee4d4e8791pr8az,0,0.2688531279563904
3,8254276e772450c5365707cde76efa4cwuzpd,0,0.000027914889869862236
3,34e965deb822f329ecad42b94e8ba0ba3dpt0,0,0.41811224818229675
3,6c2488ec88e02bb38920200ece7d337e0bffy,0,0.0002017589722527191
3,8fd35d215ab6530c2ef096c87233cbc93juwy,0,0.42622971534729004
3,19033960ac23dffe078a1217788bc720jvjbz,0,5.1850040705403444e-8
3,0c55920fb607fef2d33324f33565758a6e4dj,0,0.1923391968011856
3,e72d1b2319a2ef39d016c41e4824b68evxe53,0,0.0002063112915493548
3,7114afc59caf2cbaf6ec1733922065f3uz34p,0,0.24020634591579437
3,6275d51c0324547faa8a87b499812268tl90r,0,0.724880576133728
3,1a764d01d19a1408382ccace87e61c9fndlo9,0,0.0005607580533251166
3,0a92c4fa2bcdc8e952546d236b322053o5wbk,0,0.07816672325134277
3,681b4f9dca9e70441fca4a58c05b0f50skmir,0,0.000013997970199852716
3,79cdbe82ec79d0e60f1b113d9a5bc5b4ar8bk,0,0.06848069280385971
3,3f977186d125ef8bcbee0c1562c7ced2b4utq,0,0.000017557895262143575
3,49f4481b6bc2255e745ef20ac2a720754r9mp,0,0.00007849288522265851
3,6ce47fddd94be5792190cad9d972a5c4oyjww,0,0.17856965959072113
3,d8a10762de6d62c087a0a8f0e61cf78bbgke6,0,0.00006471946835517883
3,042780ee9a3730703e35340c575c3cbb7zjwk,0,0.04637252166867256
3,22e65b6bf73fab510ee814cbaeb9ebc1252mu,0,0.6505672335624695
3,177b031b4a77f28ff167b427ca967b52jetgo,0,0.000017293521523242816
3,f4189a40cc622eaef015a19d75d9fe21mylhz,0,0.00008919107494875789
3,f29896e71c8077db28617a03c0f14e7570emg,0,0.018691884353756905
3,f2ea6d89dd9897f0d6edb6f24c446f01ra6yk,0,0.6083983182907104
3,054b51d059fe981ca8cc4e0d4c49aabb5mck7,0,0.7197630405426025
3,b4495464d4503ccb8e696994059983c89g4lc,0,0.19222809374332428
3,69333c66e55cdd6cabcc6ae64531fc33w20n4,0,6.221770945558092e-6
3,65f52b46edfc7fa64b9e74557a78e52c1it54,0,0.00035480453516356647
3,b1c9bacacf1f33a8fe48d1a4ae4c761bcltiv,0,0.6429925560951233
3,2a73f10b3b8f2b825e220ba0a1d2c49f9nikz,0,0.16996505856513977
3,8c339df2050a428c04a1c2bcbfe4a143loj8l,0,0.679092288017273
3,b3dc6151c6813688d0423dbab13d3f19crw2w,0,0.10482043027877808
3,537f38e5fcf2656968e0a1752dd494ba8z1jc,0,7.332513177971123e-6
3,fcda141af3b545332fc3b2d55a8bba74uw7s0,0,0.13769912719726562
3,786cb68d5d2012dedaf70257449090f2hfb88,0,0.0038716832641512156
3,741b9948c8cf42d658676e5a46757815zstr4,0,0.21803195774555206
3,5640f30464bb5a7bc6e98fd2873fc25dh78hp,0,1.336532218232378e-9
3,55453d252a225f3b046c094a7aa330a80dr96,0,0.023318802937865257
3,424b638423f4862b2a84f22ec25fa22eb2c8p,0,0.0002419359952909872
3,0589cf78c4bece729f0ac620557210e13no3n,0,0.000048614616389386356
3,3e602dff2e3bbe7a52236df2294c9e059fc2l,0,0.5296297669410706
3,e5736d7f8082d7d7fee8430c0e2279bcdmt2a,0,0.000019189648810424842
3,ad228143392ba96c21bf51499bac1c3b3kmzo,0,0.5917925238609314
3,11d5f6925da5809e2d447788b85d6253jj8fu,0,0.7670478820800781
3,18e751726fd7c407c41cb18c20da2c4er5z1r,0,0.0019025105284526944
3,3fe1dacbdaf96fab0c213e218968c518twu76,0,0.6206101775169373
3,53e2d855e008a5c2f79b4b848d467b86nofo3,0,0.0002566981129348278
3,d81579750b388276f2d8f6d80384f499n13l6,0,0.18079325556755066
3,efa1611e96c3238913333b8525c6a196rvy38,0,0.14969806373119354
3,f939c17ffc7c39ac9b35b69e5e75179fv9pe2,0,0.0015017620753496885
3,0381a69b7a061e9ace2798fd48f1f537mgq57,0,0.00002193105683545582
4,1c5f4fc669099bfbfac515cd26997bd12ruaj,0,0.000014347104297485203
4,3f3a3705be5ea07b9ba7ee646ed756fbssuo7,0,0.000018471406292519532
4,0b68888358a492884e3885bcd73ea63bhxidk,0,0.0001392083941027522
4,2c581ec91825362ab66a7ffa05df5e70hl3h3,0,0.002088633133098483
4,2a7d1f9483d34546c4d099e36e3a79790qvjm,0,0.7835202813148499
4,bcf95b210295831ff6e20db3a570f909n3q25,0,0.6217573285102844
4,ef24ca4be7ccbd6ec68d4ea9f47c9e8ex1g09,0,0.17217467725276947
4,68600b8922561fe26b8b6acf1d11efdfb24k7,0,0.6469483375549316
4,87aa94042390f9267d3b7d90e42b022ek5mbu,0,0.0612046904861927
4,bd2cf3a868d168425cf1bde7c49d40b9jq0xu,0,1.3734711501456331e-6
4,da6e2a5651b4f44fa3cff41cf9731ff8qc8fl,0,0.0002496689558029175
4,cf33d05860b7f7d9af73c6091190b81ektz1j,0,0.8092600107192993
4,0cca10034c58287ee6fbec14a3f96c3546sdh,0,0.0004774372500833124
4,577af9ccdc29dcacbbce0f36b7c1ff15btljp,0,2.741117214100086e-6
4,f5a67722732675f6285b70b9f008665fq01bk,0,4.1471525946690235e-6
4,bff9a98b73f2b9a01300d3fd3d55b16b1190o,0,0.36872628331184387
4,28c0d4c81a22958352aa742f7d74e477qwo51,0,0.06031634286046028
4,3073231f45ca50ad6830d4dc7261f283iwjjm,0,2.5848858058452606e-6
4,9baf61c813f1d4a09e3c70f6dc741f34voe3n,0,0.000018909613572759554
4,3b233dc399f175100fb11ff9c66fa5b074z60,0,0.7298378944396973
4,fc8e62e5fb69ba67265a3d0e3403aa3fr8c2q,0,0.7927871942520142
4,3edae72a9d44c43524c0203ce38581d1790xh,0,0.0004838935856241733
4,a9229b83f54a5f44a69e65b9b3aa7aa26qcon,0,0.10344871878623962
4,5106dcca581b63cf2226110a9048ee4846sxb,0,0.00029866918339394033
4,91d9b706f63537c5fc0027c50b0e3b06qpdgz,0,0.011666006408631802
4,ca76df527977e5168e1b3352cfab2ed9htipb,0,0.03343594819307327
4,3d9910a238a0f282ad3132dd6fc981c8tv3tg,1,0.8141335248947144
4,fae963b2adbefc663692d7feddb50d5dxz1hn,0,0.000016716956452000886
4,db83d746ba8e0c388805fa3fcb235743vfqmw,0,0.0010049911215901375
4,8e2a43abb8fcd8ef9801c69fc04bfcb5kyc41,0,0.05556159466505051
4,01c5692d487454cdbe731df330bef608f48zz,0,0.30759117007255554
4,520b616c26fc47935f6bcd5ec063eaa7w15t8,0,0.016657400876283646
4,1053ead33eb1a5db7c36c979a455348abh9ns,0,0.00001847432940849103
4,4955e2c318d0bdca797ce17794ba18fblhaau,0,0.7431371808052063
4,ef9ce9b85309d7d1044ce57055705bae8pqlg,0,0.6347994208335876
4,72dd0e4788d25f62cc2ba942bb9499dc7quqj,0,0.2775675356388092
4,50791a0a98478b7f78f8d30acaa4683dxab5p,0,0.7255688905715942
4,929b75b44585b34d2b917ec181ecbcf298fr8,0,0.7618463039398193
4,b5310019f2bbbd975c64dc11189191022k8tj,0,0.11147227883338928
4,908ce7060337fd8550760a100921f6f7wsemn,0,0.1680743247270584
4,024937af9ea18a2b57e4f08762d181f7s8a3z,0,1.6027177025534911e-6
4,1291b98e40353f77928e363d54a13c569bhfb,0,0.0049350266344845295
4,c600968815fc32b20e0519ecfce5b648en2wo,1,0.364413321018219
4,245b584befa6a5b8c759491f5f3db580p2m5v,0,0.0035375766456127167
4,481db1a88023d22b3533044bff5239dbf3cda,0,0.08683094382286072
4,42c407eb70ddacdcd59d63f22caaafc4fa0p2,1,0.6235213279724121
4,175a06fdcf622c9455d0a77990b9302dj23ke,0,0.6855714321136475
4,a9237defb0a6478098f242b27ebcef18qrotd,0,7.4845520430244505e-6
4,96b1df591dbbf3a002578574671d9ff1rmzev,0,0.1680743247270584
4,81a6dd18d43cb3b1999176eea563b438roe7y,0,0.5896296501159668
4,e7a98dc8545eb429007cb48799a40a2dc9p6o,0,0.7440884113311768
4,ff12cd48c7de8ffb8b2099f262ce03980dqqz,0,0.03219861164689064
4,5a2aa4e8c227de4db26547fdc1f017cbxb62j,0,0.14293894171714783
4,31a301c70e897bf36276031abdf07ab6cs6z0,0,0.0003402768343221396
4,e0544483ccbafc4842cba7650677d043n2e5c,0,0.00002321462488907855
4,01349288df20199905e719f0ff7ee771nwryj,0,0.32442742586135864
4,179a23cad40c51dd7804069bf769d11e1ftk9,0,0.8325260281562805
4,f75cc5ec8acf1ad2349e00ffc4b3191a531f3,0,0.46390071511268616
4,3a8124eb9fd3977e43f5e0762d9a09d536rob,0,0.007758696097880602
4,33a7a0121e28cca4e42494dd0f5aa03fdhlm1,0,0.013145881704986095
4,f61d93fddb01d2d89a85a132c649aa90lj1z6,0,0.045819852501153946
4,3d94b376bae8dd60eea48ded36134a3962glw,0,0.007494297809898853
4,7b93ccc9d5730b561ec5fa7f4bd48c04qudf1,0,0.7778714299201965
4,47c5cd21a74e45dd294cdd53041ec0a3dw3ge,0,0.7406565546989441
4,c2d1b8c1b7a9c8010f5b215e8aadb1d7gahpp,0,0.6227679252624512
4,6f46b3e231003daf21108df4624afcfdaaswv,0,0.06456302851438522
4,dfa45994c8471762d04deb23c6450598byp8y,0,0.6381294131278992
4,7b5bd948eb1d8075be58ec9240927bb59ugz3,0,8.289593097288162e-6
4,570910327f5584ea1ccba92634d89832lo1zc,0,0.000030365965358214453
4,1e1c9332e90c1cb0f01da223bc043c528cvwo,0,8.805087418295443e-6
4,a0660fe8a46b9cb6b02e7b0c50eef6a905vt6,1,0.6910771131515503
4,72994bece8c918a2c4c432b98780a7bdsctwr,0,0.000020858700736425817
4,bd0f0c497ef09b5c1bb18b330d932bffktn3i,0,0.08578339219093323
4,44c75302aa4404e23781f8337cddf6ed5tqun,0,0.00004550609810394235
4,6c55d253787acf5210f7d785546db80dqtleg,0,0.00673331692814827
4,e5f43783127506211df8c6290c2ecadbyr779,0,8.652784231344413e-7
4,5c725e840bcc103bb8d12c54ba9a0b37blxvw,0,0.00046802303404547274
4,3c0026d48f3d6e10cef6cdb1f708793ccwkhr,0,0.02684837393462658
4,6ed7b95dcea7b359248e9efce91cbb11lm7hf,0,0.37716126441955566
4,8f00a4c4d7f097bc1688f8d89431f6bfmodq2,0,0.005308313760906458
4,35a89119272ca55d7f602689616b58c3pebir,0,0.031173529103398323
4,ae45f9b94d86f931c84c94f3975e3d7bkv2r0,0,0.7753744721412659
4,d1f000f475c502ecd2e993c52987e63ed3k7n,0,0.0002530303900130093
4,e1fb642deec7b382433de94983d97681o14ko,0,0.6879267692565918
4,bf80bec9b4a8d29c494f8545f2a4be4eji6qj,0,0.4793773591518402
4,313ede314e2e05c31471fd6a93f98af713jud,0,0.1706530600786209
4,35b111da8e919bb34e80511be9cbd128pjjdm,0,7.368680030594987e-7
4,f8d0d52114da74d98800dc7553008705dth38,0,0.9528935551643372
4,3d7cff3dedd8a8e02dbc551c6a61da3bibbvh,1,0.5988726019859314
4,66513f72be85596a527f9f653db3cb72cq4jg,0,0.6991017460823059
4,01255c2c7c5578c186873422fc00fd7afwk8k,0,0.47939538955688477
4,3835e3bbf9a17a33867860a9ba19621dp4wdc,0,0.2743532359600067
4,9ab3bca29dbc32070cd7f729ea55639a350tu,0,0.00003845306491712108
4,f01d8d55568b1f54b6946a1b78a3983exkz5u,0,0.109431192278862
4,64885ec89a54c64598b2d196e1fe2e351cd60,0,0.013456140644848347
4,2a4654987b59646a120ac74301339afc4eylt,0,0.0010947822593152523
4,7d72bde2e297ee81296adb4fd56e8800p7lbe,0,0.000012142269042669795
4,6533b670e02ccf583288ba7c8f5fb1carmirt,1,0.9938969016075134
4,55d0b2506cef6464d799879b65c6ba29hjcv3,0,0.29528871178627014
4,dd1675bf26316cd4630087fb47d0ff8fsug8e,0,0.3683866560459137
4,9be87a4f123366660d7f6d40ffa493a8ffpsj,0,0.1929861605167389
4,0870fb7e5701f3ba56762b03e157afdc1yw7u,0,0.829596996307373
4,42cce5c657dc7d99911d950cb22fcb4fmzz5e,0,0.01017147209495306
4,51d2e1b98b7a1e42b939637dc6e11381zu201,0,0.05637568235397339
4,876b122982958678f14bb25d887dd79dun3qa,0,0.3104284405708313
4,061690ceb6004807b7906968bf382dfcbve7y,1,0.26745572686195374
4,ce22684df495e376e32ac95d3ceb1164t37l2,0,6.620062436013541e-7
4,b1729d5905e896a8411f81bb65d66343ladls,0,0.0006211358704604208
4,790c497536a2a9fe080c3b2ee6d5eeb9caiv8,0,0.0013238991377875209
4,8d8f705595701b921012777a281a553622300,0,0.1882246732711792
4,06a58d4af0fe7ee15324b0e921e8de1260vef,0,0.8315494060516357
4,0e8212e286ee36da8945c2480e366417xa22x,0,0.000049382459110347554
4,d7340ee3c04e600c31fd2a34c760f7e7d26bn,0,0.15533475577831268
4,e4a9bdad09ebc5d5a264723855fcaaad6q52x,0,0.829502522945404
4,84c4b58a1491da3a30710bcdf61f87054xfq6,0,0.7181994318962097
4,3d48fb12020c1a81a65fdba2d75caf0d6q2nc,0,0.3925851881504059
4,936d542904f515ea87bab7996497b11aszyco,0,0.011292113922536373
4,c97dda0fd2de7d82d3a52eb6c0788062h3tq6,0,8.250662176578771e-6
4,0daf4f87eb695e2a84e4156154209e09k6ga5,0,7.407425073324703e-7
4,9f7e3e648ea8e6815c6e7caf59412e843iqbz,0,0.00010274731903336942
4,8ea020a1fdccfd726f74ed7e90dc3400zy9iy,0,0.006976247765123844
4,b77312a06d10e22e3caca85fc7fe0342b2adf,0,0.000010828789527295157
4,cbc71ae3c3690c89485eda3f08b9bb51rqrxz,0,0.5682581067085266
4,80bf6ab93fbb8316efd5c0b42d4b46c83qrdn,0,0.000010539157301536761
4,aba1120a5b13cf72c1d52c0dac8aafc67nmoh,0,0.04434975981712341
4,5aae3111e4fab04fa5067c740329a38d11361,0,0.1523333489894867
4,6393f55c093e04e6e608e1ee8be9c3e28omjd,0,0.4512450098991394
4,aa7e36069de119ee3ad7c4d8c925fa3ekrs4i,0,0.5637723207473755
4,9d98d3f00a0c0bddf35470b0fb735fcdhiriy,0,0.6402636766433716
4,0fa357965f89388d8e7eb8cbc3b85c6bnnro4,0,0.17290185391902924
4,80130530788e55de6e9fd515271859d1kgfsd,0,6.317652605503099e-6
4,4882587d42b3d7d8d7bec4315203f10bl2fts,0,0.0002166938065784052
4,452619e019e5651a8d98e3d59a478b7fez5e0,0,0.004545911215245724
4,9f101e80580cbff55a2307c028408a91nebzc,0,0.31367841362953186
4,a9062f1d7c589bb01ee0b330ee8791fc702il,0,0.5193910598754883
4,6e18a078182a21b8522bb69a822cc338in7rn,0,0.3729358911514282
4,af5d33f9724b0e8c1f875406c0556d1e6eotm,0,0.7478770017623901
4,e2a61feee7f94b49d7de1ac6efb237c0fjt1z,0,5.836487844135263e-7
4,d4be674fce23aae81c4cb946d4fff8671gxtu,0,0.08461476862430573
4,3d48d4b09fc7559bb6c129fb65c133808brgv,0,4.0952505742097856e-7
4,1bb03cdb913f203f704caf8bf6840b6fbpigb,0,0.6564041972160339
4,403640a20dbd2c4bf554e558de137deckn70o,0,8.951238669396844e-6
4,1dfa6e724441ca3c913b3d40967c17b2p9xr7,0,0.21267132461071014
4,d2fc5291537a61882065e571c21e796975uy0,0,2.346524070162559e-6
4,e2e14e8e15204b504b146d17a2bed925qg3u2,0,0.0003920356393791735
4,0ef9be4eb3b6a03ac2945522964b242ap09cy,0,0.49595907330513
4,efdf59a8ca81c5d3744f9121ac8fd2c7coy3g,0,0.08742796629667282
4,86a3a9861ed45158e964f9d004a224b3324cl,0,0.4076116979122162
4,e0df56a5ea8094d070b0130d7178a996noolv,0,0.03812443092465401
4,abec779131ec6bd32f5e32ed0f274400ekljo,0,0.024330750107765198
4,ae15accae2164aae084aef7e3524c1fflq962,0,0.0019498178735375404
4,98a5197faba8ba72d6ee9e1c95d65d737sigb,0,0.33611172437667847
4,d95c969eb09086bbad373dd8ee80cacbuagvf,0,2.437459215798299e-6
4,dc87cba6dc8717e219e9fa9edcd10ae4a2i86,0,6.990504516579676e-6
4,0a43de0ab0a7525fec59ef4bc1dda7a2z9z69,0,0.7246983051300049
4,e561791343f3564a6fc612a98b5f3df34rxok,0,8.16454075902584e-7
4,631f923b7bcf91f61a2e9f96520bd8c8vtl14,0,0.6741164922714233
4,13dfda714fb516e1f9f7abb0c927bdc2zmw55,0,0.00009824826702242717
4,4c67576a6f30a158d16d790a7fc482b0zqxue,1,0.7599599957466125
4,98eed7cbee9b1a1b526a635648e7cd2fhbt5w,0,0.00017591541109140962
4,414af5edf09c473bde75644b76a68e7feesrw,0,0.5655022859573364
4,9b733fcc97535e27037c231858a711adyzvqf,0,0.004526626318693161
4,a6d6f3f5034886fc00a1245b439de13a66ha4,0,0.0196685828268528
4,1dab9ffc5c6bf06e86e0dd1b3cb9ebecn5pu6,0,8.945770701984657e-8
4,d9b611dab3b5116f761747fd3166ecec80icg,1,0.7678363919258118
4,669c6a0e8aabbf0647e8ee6e150c47b18a4pu,1,0.7877752780914307
4,2fe472c1be232dca314d4bdf0fa95165rjv69,0,0.7064399123191833
4,bdbcdf6a935f4d1781a2d33bcc4967130bdqy,0,0.7977468967437744
4,bd29e36cbb063cbb96ece76680ffd9121dy90,0,0.023031292483210564
4,ef89b74b58c49c1a321d3d7ce061d151k51xm,0,0.00026623508892953396
4,a2b4df001b0e40a398f6d4ae9b316c0eix5bh,0,0.06463118642568588
4,c9e1e860e39bb7d4dbf3c91c5d6c36c2dv4tp,0,0.00008137516852002591
4,f7e3635c9a532fb9a60d6eda6eb7c7de3uqs2,0,0.2418232262134552
4,4d6580da346435dff2503c55ee5e0cf8wbkb3,0,0.9485878348350525
4,5720c8d7bc15b94037cd75ff9496a35evugeo,0,0.6061578989028931
4,2b5a7c969ae95b239583f09936560b85g574d,0,0.016709091141819954
4,b7630ee9a73e7ba6f11f7717b7f03ed4be2hb,0,0.5788717865943909
4,72dbc4a9f579a9444c126a0a67118783092ec,0,0.22218982875347137
4,e9b27622a64f2eb9dc7559d43bc45e31yci23,0,4.124902943658526e-7
4,76d4a0147a60d871867f00adf45cb792w9c6n,0,0.7160441875457764
4,84c7bbdc12233f88f35c2c3b8f178803ta03m,0,0.0018741399981081486
4,c1624207d78346c3c58cd44f3d5472fcriae4,0,0.04361436888575554
4,3cab5bd983f5be9c16789b6c14bae982nhi9c,0,5.469600182550494e-6
4,97ac4a68e5600c4b7a960d9580d4f251470mc,0,0.054242491722106934
4,0817731a4d2e319f6f771da3f522b8bfv6njs,0,0.6362491846084595
4,a6214d8bf07127661f322afa7c8dae91ypizm,0,0.06739117950201035
4,dd76fa7a75bd0e1921f71d255a8e0853l4lbi,0,0.013866548426449299
4,a0aeb6de8a21a5b776f63530ed753fdb34k7y,0,0.6778562068939209
4,8215dac41ad35a074c93bfcfbc0f908chlo5n,0,0.3498958647251129
4,a2bb8b3e3ae4566203eb5b3021b4d594pohf7,0,0.642300009727478
4,63c48b70d37dee5fcfb26f94107ba3b94d90p,0,0.16251327097415924
4,f3bb3c26162cfc1b8c3636a7ba126010na3n4,0,0.60381019115448
4,89291354b0939c342be97fa58e018bd89fvcf,0,0.03895643725991249
4,70c31e8b3476b953648fd4f8775c1950m1uz4,0,0.0034088727552443743
4,fe19fadb955fee4c5fcd0e30e56e1542kx66p,0,0.630124568939209
4,24284d3fc3334e0adeb6bb95637ca62d6dm96,0,0.18604546785354614
4,93ab2dedd76c1859885cf724ebcd987c9ngfi,0,0.20975926518440247
4,b729f60d26fde89a01f3fa89759d6b07t0ec4,0,0.6248513460159302
4,36e2e2f32a3872d3e958c0a58ee79bd129xdy,0,0.2097676396369934
4,3ded667003605eb856ed1aa2b82c1732gtma1,0,0.8832337856292725
4,d6517684989560cbb0da1fb2f5bbba9b9y2st,0,0.7913286685943604
4,361c6da33ccd1c0df152fd932e6fb2a69i4ux,0,3.06724746224063e-6
4,6a2c4aeaa17c2fcf20958803a674f101vlxw1,0,0.28316521644592285
4,9685887173cc2e1e5ee3993832a4b153bfl9m,0,0.16800333559513092
4,716079d1913959ccae0307f760bcddddt6d4o,0,1.8455153849572525e-6
4,c62a6956e93ac3b56b1292f2c2d85b1fyekav,0,0.1680743247270584
4,ffacbed056cbfaa60c1fcf51f0d381bddr3ly,0,0.024781351909041405
4,5a823474f9fdaa129dea9fa690d51b62rgm7q,0,0.7261766195297241
4,d92c8c2d4c29d4c785431a8b34ea135awepbr,0,0.05444912984967232
4,98ad4163bb0b1abf72f165056d4bf1a1g8ekg,0,0.003973269835114479
4,c478f94c1323552e85aec6e1013ecba586320,0,0.8304010629653931
4,bcbd5c95680cab78cf904fb936dd03f86g19z,0,0.2619555592536926
4,764234598477e02cbf8a43983fd43850l1c8f,0,0.0015584855573251843
4,f01e3769fdce36d31eae85525827ab17xeu31,0,0.3368557393550873
4,098bfc9c440f9ba9e6371f774ec6a36fa0sq6,0,0.10329756885766983
4,58f590a56f480589646d255d570b0877zcjw1,0,0.20679306983947754
4,a8c2410eb81513da23261a49135e4eeacw6dw,0,0.000024313267203979194
4,11e47dc08d7fa4d1a1953b5868892f72qvlho,0,0.9184343218803406
4,c5120d10a23eb0c10d56a19fecbf9da85t4ow,0,0.04835737124085426
4,1530008a712831e35a673d38959528f4ozipv,0,7.959022241266211e-8
4,f4294bb3abb69fa3183e7e851b58b278k83z3,0,0.00010926596587523818
4,bea63152ca4d99f549999ca57b93d015z9kyh,0,0.07788174599409103
4,e21b238213c361523d276d67f37c05e3qot5q,0,0.4933924973011017
4,96b7bb4238e7ebb439d81d63db4c2796aoofv,0,0.5262351632118225
4,d3e1891edac2851f6d34de566802cac8m8dn0,0,0.17798005044460297
4,53f61a2f33e8b07e49da643af49884782vzdu,0,4.147282652411377e-6
4,86a34cdbb975c141eea1854b10dbf1c8seom3,0,1.8125230099030887e-6
4,5e945cce4e72950e0930b2700e77fc8eq2abo,0,0.08677885681390762
4,ae0dc05e48d0f1e3ad33f37b4400bd069jktv,0,0.07963525503873825
4,b258a38ef4cc6ea241b5473ee9badd32ekhoy,0,0.03222198411822319
4,c749a25f3a07304b959065d83bbfc5f75u1my,0,0.06602992862462997
4,4997f0d7074a1d9f8bedf5575b6a4372w7nro,0,0.08465796709060669
4,26508777dcd84df59b467a60d9f18ca1pvvbs,0,0.33712106943130493
4,d127576e329604b576df0a3248cdcda3279td,0,0.7715884447097778
4,bf6f2ca50a3a6a3113681e754307aa4ehnd5j,0,0.16443119943141937
4,e7445f6107c8cd3783fa722c7dd29fe6rcd3a,0,0.00016081807552836835
4,29bd1e11a41eb2ff50af75d10f28041ejh9xx,0,0.29797542095184326
4,a46025d61131de18474aa6f167e04bf08w9x6,0,0.7081068754196167
4,3272e16da807a75a987e26b09bb2147by1mxe,1,0.3460087180137634
4,3893d2c62d59c232112efd332bc342dap8b4j,0,0.06706000119447708
4,06c281e31f83dcfd3fe70d2ee2d66bc7e6fw6,0,0.000011714354513969738
4,24d4554556deeebf61510cf3e001edecu8hgj,0,0.0001230382185894996
4,8a958e0092f6ca984107ea6c3975f806c59m2,0,0.00016419969324488193
4,655a95d80489d145052254616787cb84fwqid,0,6.799984475946985e-6
4,1df5be644b8963750305092eb8ec878ayba4x,0,0.7410539388656616
4,438e53670ffa2990cdef656700bb49bf684fz,0,0.13251321017742157
4,b86050461e88566061c796dbccb1f7e5at242,0,2.9337473961277283e-7
4,fa64fdb8ad70e86efbfc31179e93e99egd27l,0,0.49915701150894165
4,3c37de5e4321388ba706233d5ca4a0bfp7w67,0,0.001552598550915718
4,b7515e5f181a6d4884674897226cfe9cpd6d6,0,0.0026213075034320354
4,fc870f3872dd5e36e4dfc4ccde28cc930tify,0,0.00778938690200448
4,053cefb7e952bd81d7a6db267a121747te7lo,0,0.00032458495115861297
4,4e22432d4a059b14d1d6a68a1feaa953k8vrb,0,0.00001944844552781433
4,83e8aa6cb15daa745c75ba3c29a2f646zjw33,0,0.6722026467323303
4,82ae4df0acf8237d7af1a790e3848645bp73e,0,0.5238192081451416
4,74429c9ce8183e2b1b89600e6de4ceea5kn1t,0,0.00009205847891280428
4,8a3f5e16e4e689897d872716efeeaa0904tyl,0,0.003338269656524062
4,e76154d73bb7d7b86d9bd48d167d3c679z0va,0,0.02847777120769024
4,ac2d643e0c0d3bfe8e54e5a961c6cfdb5xn9v,0,0.8087944388389587
4,1680b6a12fdc8c64645c00ae8048f99c6uzoz,0,0.31079164147377014
4,c8a99985c7bf230f475a8e9be6a17d7a08r3x,0,0.000010810175808728673
4,0547dbd3ecb4a293913f138d60b586fdf4ane,0,0.9056437015533447
4,b6e52f37365cfeae9204a9f408b8c3a4idcs7,1,0.9375665783882141
4,459ea22b6b51936d0788de9f78a3547bf4jrw,0,0.04328048974275589
4,6f6e3687f67272b103351641b678225abarzw,0,0.5507818460464478
4,ff92ea4abd33ed38601287f0e1d6726dmgx1f,0,0.5275028347969055
4,46a28eaed47c29b4fd148a50cde44840u0bsn,1,0.8255553841590881
4,668d393e858e8126275433046bbd35c6tywop,0,0.8152007460594177
4,1c61726e316d5a16aaa80b429080c534u43s0,0,0.00020777886675205082
4,e783e5f6b818d18eda4065282022ac23jd1fw,0,0.019732119515538216
4,b17ce8bfbb565945ee9f289c2ddd8abbu1ndj,0,0.8391014337539673
4,a262e805f766306f4adb38211abf235akxqh8,0,0.02243291772902012
4,a679d00c30c269a8eca148458abb8665kciaf,0,0.7325838208198547
4,64abb8a286b2be97349e8b17abcce6d9rygza,0,0.24356770515441895
4,76f7e6c70f2b84d885b23e2b2831e113ueqo2,0,0.010320299305021763
4,83c9359ad94eab7f4b8fd582a6db4733frmsr,0,0.3250216543674469
4,9372e27ce85a8c8b9460b87c37cf55ecqjjkd,0,0.5143352150917053
4,aa3ac65055bb4b1660f4d8c1d2c187ecoqvn4,0,0.015061482787132263
4,e134f2bb79d1a810aada6a24760c8910mh5na,0,0.6682701706886292
4,eeda0d135495167db9425fc5fa3a5e3ex2zel,0,0.00007607301813550293
4,c0e4be8d520c7bac2f51ad80a98876c2aan70,0,0.002931243972852826
4,c67ecaf47f857f37f63ac0f4b9af3249wwdtz,0,5.6620360737724695e-6
4,238808859d7752579a415e89a395500fh2o65,1,0.05358995497226715
4,51cf4dc8898554aedd8572f97a95ef5cpi3ct,0,0.4696957468986511
4,9a44bfde11a7b6ade17cd33a2b5102fcnlhm7,0,0.5176185369491577
4,ae37c0f4dc6e3d99f5b0243fd18294cak7pxy,0,0.7652623057365417
4,67ab503313f60aaba89f64e2ce3b459fvyahu,0,1.0025752317233128e-6
4,63424f85cf53557fdb5dfc6a280af75epl45b,0,6.359191957017174e-6
4,d4db72f36e6ad1668dbc0bf4f0e1c49bn12a2,0,0.00028761677094735205
4,817f8074bad1c717afaa8d1696f9b2b00muzw,0,1.438454887647822e-6
4,c8cf68aa6abce25325dfdad4a98fd890ap57f,0,0.1680743247270584
4,8b4bcc98fa4666b22c7a17c9a4b93ebenlmlb,0,2.5335069153697987e-7
4,9adae18220565488f77036be41cf71beiepqk,0,0.8405013084411621
4,0a09adcd35b5f26d75f251006affc747drfu4,0,0.00001984907066798769
4,f428427d7227ddcda377cd00f07749576c6b3,0,0.00007012348214630038
4,8066d0a6ab30c52b3ddca5da19518b6188t23,0,0.8466346263885498
4,afdd5c7c912f9b6a88c0c2619d618124ycm44,0,0.00027846734155900776
4,97db2350652f8d01237fc4c59a470eb81h9gs,0,0.022626757621765137
4,e8bc0150097c1b2b8b8c374b69e0d3a6mxfcm,0,9.054540896613616e-6
4,227bc0936837200d0aaeb444ab8d5f1axs8zr,0,0.05418650805950165
4,01c1c7be49cd6cfbb9075925a05c9899p41va,0,0.00013293197844177485
4,e8581ec94cd4d5009ab6b36c6aca9f0cp3txb,0,0.11605913937091827
4,e50426efab1e9d60b8f7258130f8791czrpvg,0,0.002065151697024703
4,24a9abf72cedcb421e831c1be26607e37zojy,0,0.005477146711200476
4,eb27d8daded752fc0d1c828867b0f118cswwq,0,7.108510544640012e-7
4,bef84146ac1e2f21e928e06ede1404793bfnx,0,0.03957555443048477
4,90fe8d6fc0bbe4ff2ca7833fe51bddbaaibof,0,0.7265651822090149
4,0f8cb1baa83fefac10f885f79149bf13kn4nw,0,0.7249733805656433
4,9dd7e7ef94a7bc5bc9f98c42099910e7o76qh,0,0.3449442982673645
4,5201935b289665a197e38f747882948fjt867,0,0.00043082991032861173
4,fe27fe0815883aa3e1a312f0dcb45981txa2m,0,0.046264685690402985
4,33895230e0b25b5d3133d502ef3ecabey84m6,0,0.6201626658439636
4,1982c4b164171180d480166feae881ecmxsgl,0,0.22832506895065308
4,7ffd9b7b795d9335153d481fba4b3076plrxc,0,0.02859819307923317
4,8b109c0aee5ed07fc996e73d28e65888o5jmc,0,0.000018778555386234075
4,050a3b29ca1818e1f237df8132bc2013bcuxi,0,0.33512941002845764
4,74149197c8684977e397ab60a6a264836b0lv,0,9.662253432907164e-7
4,55d9cdc3af85efe87b2a6f22a2cea96ezy2ax,0,0.09289123117923737
4,6130cfe76ed3bd87c8f8dc6b2b2786dcp44xy,0,0.22797204554080963
4,8152c94b639be88e7076f0e32bd70e0eg004b,0,0.5135383605957031
4,23bdbb8575f191b71853bf78d09e11a1lhnfn,0,0.12811262905597687
4,9ca7afbb673865b01cd4b02846054fc1p3vjn,0,0.4312543570995331
4,d144312f2f68dc33a63b7863911b2aa459i99,0,0.6038135290145874
4,6ebbb4e7c3fb4ba44a89bae997717924gm89u,0,0.357473224401474
4,1456b44d8b2b16cd94278137269ceb11ns7wy,0,0.006899886764585972
4,e59ca537cb8df3053bdd555bc987b4a7c7m4e,0,0.016804009675979614
4,078e06b3288cf8f18ab7ed44b245fc56nbyfv,0,0.4922759234905243
4,81392b54fee8e50ec74efb27cf0de8e32fdm5,0,0.00008038855594350025
4,4694d67c21e9a2edd614e717aa3f4dd2e0w93,0,0.00011563141015358269
4,b1863365ae232a316eb946ba56a29415m0gdz,1,0.7349104285240173
4,1275d8a6a3b2ae9d24b50997397c254cpuuzv,0,0.47880515456199646
4,ce7d34398a6d6011bcd96ff0aa82b6674hxzl,0,0.010595902800559998
4,1a09feff347553a2577983d7c742e3d6l2hfo,0,0.23869675397872925
4,65435e491aa69dd9d44d70a9aeb6e847oqlty,0,0.06653377413749695
4,628156f3bce703aa6bd275089c6c692499h1q,0,0.6439652442932129
4,39b501f37dde9b055d627394964d3260qiktx,0,0.2903071939945221
4,d110111b8700f290b5d03a0e243fe375r3woe,0,0.18380533158779144
4,37ea72c53cc50112ced4f88810f1b38euoz4r,0,0.07528021186590195
4,cefd0ed907595de146c91e6c26b8ad658ilo9,0,0.0102905984967947
4,069d251f2fc19102924468ab38349d5eou7ab,0,0.0020547709427773952
4,d588f4c51e67a340d1991a8130ee0b56hy0r0,0,0.7188793420791626
4,535ed161b4c9960a71ccd53128df4766ddyq6,1,0.0022347739432007074
4,a46046f129f3526547aca680877fd8c7e6tfc,0,0.00015088128566276282
4,2c449b1bbbd5f8d9bcc1159b7bd3caa32jhtp,0,0.5782043933868408
4,77b7daafef906aa3f941992bcf94dd69zxk2p,0,0.5497456192970276
4,4731be79b5c7e894dabe5986e747b97bd6yxh,0,2.885761034576717e-7
4,96dccfc370343f6871dc478d5b2fc3ffx95d3,0,0.6874493956565857
4,c615c31c87260c0d85727deff6da6667lgg33,0,0.018758930265903473
4,baf1aa59ebedbacea2ca418c5aa83888imys2,0,2.0547818166960496e-6
4,c65d2236a70982d628454d19472ce26eltxgf,0,0.00003545278013916686
4,74cf3a0c5e4f080415888bad2f7119499lh63,0,0.00003942840703530237
4,d31f6cdaf4f8485190b4ea588f8c1733y6qu9,0,0.00003193003431078978
4,4aad6f0ffe775217e4ef8c91d69707545li52,0,0.0004287437186576426
4,8d500e174fc28d494482f8ccb9438608zd51s,0,5.476051228470169e-6
4,81207d4ecf830fee924989f4fe1eaa7fntkmw,0,0.33148688077926636
4,fc48aad7a51d965595b59550e08b94c670k7w,0,2.944302195828641e-6
4,acaec0b9f72bf4ab4318f3244344589b3700a,0,0.009313839487731457
4,120beb4523541f769a2b658cbc41dd57w7im7,0,0.0008269676472991705
4,fa918060747386f431a511c862565e34y1pdw,0,4.123442522541154e-6
4,25331706aa2157419da068e93f3989feyo7a0,0,0.42451387643814087
4,21fd0c468438a483ad1c60cfd1b84b850iyjv,0,0.4078079164028168
4,949689cced5d86578e6c8b664ea76d6aq6zxg,0,0.0016856718575581908
4,f0ce8b973cb8d6eef9221fd3d6698fd4kl3g7,0,0.051642369478940964
4,99a3bacd3eb66c909a02b85402ac38dfskz65,0,0.015382643789052963
4,b5d61accc925a0e86ab7274e1ad82532gb1w6,0,3.6151052427157992e-6
4,ffaf0a972a6dcb3910fd6b16045781e2ava5y,0,9.557944395055529e-6
4,53d9e7fa087a0dab6a472bfbfb694622jv072,0,2.520715042919619e-6
4,17e4d6d9a1f8ec00cec1d4fe79b059bd51476,0,0.00012485060142353177
4,170a58cf637c08f0818ebdbfddca29c9irkxj,0,0.08996031433343887
4,f6a7e7b14d39804c7d15627e2fa384a1cq892,0,0.0006484900368377566
4,f5b2bbad20d1d7ded3ed960393bec0f40u6hn,0,0.814984142780304
4,7959bd565852dd880cd31278fab3660fuaqyw,0,0.3357948064804077
4,c83ee624c46235430ad4338278f6d270wfzre,0,0.10062513500452042
4,0e373556d3bf588a1bb2ca6354120cf2dmvjs,0,0.000021886198737774976
4,ad590c59c30187b772258a059d532db42tf4d,0,0.0012792787747457623
4,a4e83190edb97fefdc4a6cbfd00f41fbm7c4o,1,0.7614428997039795
4,c670e7fb466b09000f1053d2761752268bkfm,1,0.9585451483726501
4,c41cd6791e262b44d26bdb3443fcfba97wlm3,0,0.7025471925735474
4,e588d3f7a141147e4f8dba29377144707vupo,0,2.8109661798225716e-7
4,5f529b5ee68b60482c5d0c56ee91f3c2cjrmx,1,0.7590391039848328
4,0f4669e36b2e721dfe27f8633b277a1575erw,0,3.069885110562609e-7
4,70db4530c292bc759238b8306ff4ebb6n4l6t,0,0.060145627707242966
4,e49dfe2adbc4b3789f67bc044c231473clc4d,0,0.000021689329514629208
4,f28b5654b5633a0b5e3f757a16080116sjj1b,0,0.4548775553703308
4,bb4af76ec92ce75e8abe9a6a481d4314jyo16,0,0.005253700073808432
4,37d71b4ae830fcfa6f0c4f65ec386414n8h5l,0,0.0009238144848495722
4,e9f928411213f44502e4942a29553ab1tbqgu,0,0.202804297208786
4,f895a8d9d7974b3ee7f1f04a25a950e9v63ps,0,0.47159555554389954
4,f473c995ca7b5287f9b2f079f0d78a1e92226,0,0.7706419825553894
4,9d8a1ddb38499b3403a6a93395ef29bcrznni,0,0.8871371150016785
4,9f52fd88ba073512be19e3d24d4bb6f91l531,0,0.4298047721385956
4,25aca203223b4d9563f5b1a01aa3a21ftlgve,0,0.03781576827168465
4,6b1666662837213ce77c329d8cb2a842epaeh,0,0.09466734528541565
4,1b7c070ffb2c23c1d02ae5bc5d817d06qz4xb,0,0.29159116744995117
4,e29ae1bd8e6e7dfc9cb43b1572d3d55ca0hc1,0,0.7546602487564087
4,385325103b3eb54b0b974523fb7a13e02go5s,0,0.453225314617157
4,2b5c4051f232c4848dbbb477c5ad7f389f4b6,0,0.00003811746501014568
4,717a0a200628f9606d88afebaaeb409bv60y8,0,0.6932353973388672
4,e0fecfdf4029d9a91664e703a178397718lyl,0,0.00002030407813435886
4,aaa686462ebb950550fc1c6136ffb273vkrc5,1,0.8679037094116211
4,9744d8ea513490911a671959c4a530d81fj5e,0,0.3960406482219696
4,d2b8a15ae403dabc5aa752b205181dbe1lm57,0,0.04457211494445801
5,91a3c57b13234af24875c56fb7e2b2f4rb56a,0,0.5593848824501038
5,4ab12bc61c82ddd9c2d65e60555808acqgos1,0,0.6376488208770752
5,d1be739798ba0745a1fd72ac918a9f1929hei,0,0.3481067717075348
5,1b26a52e1e5980c8487bb35cf5027fdfwfnzp,0,0.00008953979704529047
5,c0549e76b179912d52a28c3eb9b29376yaxvu,0,0.0004267003678251058
5,38e919293f5dbd62d87ce288e41aae2a281m2,0,0.8538941144943237
5,9c509838d129fcee98cb3934079ca36asla50,0,0.000011074436770286411
5,067ff22ebf0d33fe0deedc816d75973865jo7,0,0.8276217579841614
5,eaaae0fb54c7d36724a9679c3128d5a7gn4k5,0,0.8659780621528625
5,a22fdc066a738070c6e4860924d06657hengu,0,0.8826692700386047
5,29cc13d48af9832e0eb481c8a095fec7mom74,0,0.028178909793496132
5,a1f4d216a1a92507d97166151d7c9fe37bei4,0,0.3295305371284485
5,5686520af5a4215a239418fec906f88e4she5,0,0.3311533033847809
5,e3ccc9bd16fa1f4a92fe87b4a54e5e72uficw,0,0.8747813105583191
5,481fdbc92e77bba4c9611841a7d74071elwx6,0,0.013921604491770267
5,bd586db332285f3c45814fbb8f638d79d26u7,0,0.6465803384780884
5,bcf95b210295831ff6e20db3a570f909n3q25,0,0.8349330425262451
5,ef24ca4be7ccbd6ec68d4ea9f47c9e8ex1g09,0,0.059806548058986664
5,1cbd9081de4481ada66f1853737f7684ddjd1,1,0.8288273215293884
5,c5babbaace35399cf51a9356bbc22733xpi5h,0,0.06854570657014847
5,1e342381f2c64318a51a9b71d91897f8dv9ul,0,0.847847044467926
5,9ded76c5244a2116a3b5432fa265a800j0bvt,0,0.8004992604255676
5,53691811bd992911edb9f5f64f49d8f5luk1f,0,1.5654431990697049e-6
5,d27221cf2bfaf0fa7a60ffd3e1e3a53efagvp,0,0.8083962202072144
5,60b8145bcfed7a5f2a23b596a8aff99cdzn4m,0,0.7760857343673706
5,3b233dc399f175100fb11ff9c66fa5b074z60,0,0.8561688661575317
5,a9229b83f54a5f44a69e65b9b3aa7aa26qcon,0,0.18906523287296295
5,dc52611b1a2c84c0949da5af9870d57fj6ab0,0,0.17194029688835144
5,74ecf5f9adfa4dcca4dcf020209db81arynmk,0,0.020138977095484734
5,10383b390780e7b4b03dc32c94b4973f66wou,0,0.489419549703598
5,2c72df02de4b36acf72ba549630808612ol08,0,0.23386895656585693
5,6cd1bd77bbf2af6a2c6e535192af628by3h22,0,4.059306775161531e-7
5,db83d746ba8e0c388805fa3fcb235743vfqmw,0,0.040194083005189896
5,090c77ac89c7063f0d0ce064ce3cb3afllf5h,0,0.002362331375479698
5,01c5692d487454cdbe731df330bef608f48zz,0,0.7884246706962585
5,2515c5fd81638d5d0bca39a2b2be3995tante,0,0.7526835203170776
5,27809fd62bebc89be450f9dcbdd25ed8il6z2,0,0.8333702087402344
5,1880a778c9dd0cb15ca1f052308a8e04g7e35,0,0.001878598122857511
5,6a87cc9dacae884e817de2ee08452e76dx9mn,0,0.000014243563782656565
5,33031f476dec19fe47c0e3a051a68e992hmwv,0,0.0028291509952396154
5,72dd0e4788d25f62cc2ba942bb9499dc7quqj,0,0.558283805847168
5,b8e47f06aef714b37073e72ac40a8100mew9c,0,0.4690495431423187
5,666e1e141862a646afaa2b71fc7d2c25r1b4h,0,0.41663625836372375
5,2918b09c1ed9e9e8602f85175b266aeej5v6w,0,0.7842177748680115
5,124727083cd4159b40ff8d4b36a89340l6fga,0,0.0003701483365148306
5,4679df74080bc22e29676bddc5bcbf51gsyds,0,0.1302727460861206
5,f46cfa9acdb6a4c419c70c19be4ff9523uixs,0,0.8067947626113892
5,7dc423d0bbfd840fa0bf75203cd7bcee75kmh,0,0.5272207856178284
5,9e72fb21f7581cfff84e833d02538e5ar35kr,0,0.44468432664871216
5,82bec02fec2f08899489d7a5c35a30a0lbszo,0,0.06202336773276329
5,1291b98e40353f77928e363d54a13c569bhfb,0,0.01877531409263611
5,b191c73f160bb9320dd3715bc3ffed26ymluh,0,0.21014802157878876
5,481db1a88023d22b3533044bff5239dbf3cda,0,0.3075592517852783
5,b64c209b3d1d91a663d134961af89125u0s9a,0,0.3137299418449402
5,3d281a78c6a116a91baf9c8db22b56bazer1h,0,0.8047855496406555
5,a9237defb0a6478098f242b27ebcef18qrotd,0,0.00016685662558302283
5,aa8aeba2bdd0353a108b9b26f12ed59559mvz,0,0.729668140411377
5,a8561bec318a7d3a0082b35b086b4428wekph,0,0.8060286641120911
5,a2d0b7ec1595325cc63777f106e09fcd88y5g,0,0.00022393334074877203
5,ff12cd48c7de8ffb8b2099f262ce03980dqqz,0,0.3341665267944336
5,e8e4603ed284adbd252a7a601f9bffe09oq6f,0,0.00016565070836804807
5,17c87408ee1009887112745797caeb7fwvqfc,0,0.45644453167915344
5,205c519be884c5b1c885f61c4ba8738a737qg,0,0.8449453115463257
5,f75cc5ec8acf1ad2349e00ffc4b3191a531f3,0,0.6995598673820496
5,26190fcf0babdbe0b0d903f325c52873tpj7e,0,0.00034930085530504584
5,cf9a1c3af63d1bc3f55728b4a06a5f46njrac,0,0.6931188106536865
5,29544507566320f1125d8e9f9a0ab3f2jswhk,0,0.8430509567260742
5,6f46b3e231003daf21108df4624afcfdaaswv,0,0.5929569602012634
5,dfa45994c8471762d04deb23c6450598byp8y,0,0.6195870637893677
5,d3c80e9f6b8e1d774679fd8dd5aae611e3qls,0,0.6598140597343445
5,9ca41c3c062146a06d2682835f5136807yao2,0,0.12036177515983582
5,72994bece8c918a2c4c432b98780a7bdsctwr,0,0.00008161779987858608
5,74f153bd134afc92866a6bc5cceb2088120y0,0,0.3137299418449402
5,74866aaa89db79f25dc0fae8be067b83xlbm6,0,0.6188017725944519
5,6a5457f1038c6e1cf9feb57529ce07b2sff4d,0,0.04739319160580635
5,282fe85277f7c07b0ffbc5fed621a02ezp1zr,0,0.8520928621292114
5,c18cfb38fe1c4c01705391422177265cn9w5x,0,0.015581227838993073
5,cba6f45915ebbd4b5404c6d357153c0adeblt,0,0.7594298124313354
5,dc752fa41d974bf688d25ea9d18e9a2eit904,0,0.0014583263546228409
5,5c725e840bcc103bb8d12c54ba9a0b37blxvw,0,0.014949459582567215
5,eb2c4b4493f31788ead745533e0c9a18xzzlk,0,0.7438366413116455
5,6ed7b95dcea7b359248e9efce91cbb11lm7hf,0,0.7937203645706177
5,e0b6466f9f720e9d9a00d7c12b2e2c6d8xwxz,0,0.00002663815757841803
5,8f00a4c4d7f097bc1688f8d89431f6bfmodq2,0,0.0004497102927416563
5,3d54d594ffba32e8d6527a688e7227e30iq3k,0,0.7880976796150208
5,b232fdca7cb98028e8945005f619fb28p8788,0,0.257191002368927
5,db80f065a93cc6b41d12af614bc3ec11kpwjp,0,2.053267735391273e-6
5,7029915a2c5aa5d964acfd85c30c3950b4opr,0,0.8479932546615601
5,11d7f0a5076649b229c301a22537834e1ehwg,0,0.8612653017044067
5,3995d9ce0cebd62d77cb8add067d93e15oezc,0,8.209372595047171e-7
5,e67abc3ba39537cc640678297a7c5bfag490k,0,0.7337631583213806
5,57e1892d3d62d87c9ba5e8425a1958c0fn11u,0,0.00014120344712864608
5,88e24a019c32a60f2ff315a9d217ec33q144x,0,0.5399727821350098
5,2906a20e0b4f7ce840d051c4be898b66do6wh,0,0.7885251641273499
5,67083f257438b1b79cb09cfa601890855of77,0,0.3831484317779541
5,a3ef8857f2e33ecd25c409622b4e3ebcij8hv,1,0.8849839568138123
5,a8a5bcf248e1326b3340c88e057f59e9nlslq,0,6.269023344884772e-8
5,db5e9f85e7d180f7d952f12e5dae5900q9xif,0,0.10313393175601959
5,35b111da8e919bb34e80511be9cbd128pjjdm,0,1.9147870844449244e-8
5,3d7cff3dedd8a8e02dbc551c6a61da3bibbvh,1,0.8236308097839355
5,39f9dad880d32ee607af7571ec24807bn1g2d,0,0.7614449858665466
5,8fe6da2176541d0ce24574dbb60f9107oq1kn,0,0.7582913637161255
5,f04748a1437347d837a65ce04ee7d94enqhub,0,0.8548640012741089
5,c871daa6b709e008825b667b05efddca04jbe,0,0.000039424234273610637
5,10b431aa15b56084d32fe1ef123c4305wo1nl,0,0.27070721983909607
5,c2294751630e49a4e594dfd89383b271qzp0m,0,0.8722013831138611
5,c6f07c222aa3a9d35b0e01f8959ffd21oownr,0,0.20487219095230103
5,2b72d702b44fd7dd58062e326fd8e4779j8mp,0,0.428537517786026
5,584d1d60d357a4ee1fd3b0a6a72de1dc4rodn,0,0.00006343852874124423
5,f01d8d55568b1f54b6946a1b78a3983exkz5u,0,0.5068556666374207
5,e0e5719b5d763eb4e04c7f6e4e32884cmlpj7,0,0.00033897487446665764
5,65d3cc1725c4506fe02be3e2b24435bbbd6qf,0,6.964700816070035e-8
5,a6e261c09ae8aa7d0a47ffeb0110aa519jowa,0,0.8375085592269897
5,7d72bde2e297ee81296adb4fd56e8800p7lbe,0,0.00016174308257177472
5,55d0b2506cef6464d799879b65c6ba29hjcv3,0,0.898108184337616
5,7ce12bb499c156ba4513becaa42aa8c143v75,0,0.8593959212303162
5,9774dc752f855f07b9c00eb7018b607c0ymxo,0,0.6640982627868652
5,ff566c87f2babf3dcd67be286e1c6666cxzh1,0,0.005218863021582365
5,ec0c9e98cdf302274974ad212477f851iw35b,0,0.8500461578369141
5,dd1675bf26316cd4630087fb47d0ff8fsug8e,0,0.8524237275123596
5,1bbfbd968c065ff5dabeffe311bc3ddeezbof,0,0.8706759214401245
5,4703c8940eaa3f3bf5082ec2f155a8619i1yw,0,0.7970142364501953
5,8322695c21cb27accf0fe269438bd78fn3x44,0,0.8699150085449219
5,d7c046d4328c139e76fea7c1833e8fe6fx4yz,0,0.0005045446450822055
5,37ebf34eaeb8a434976416c34ed5c6d8ywyoj,0,0.4727392792701721
5,82194e7d8f9b84e71b789e763b5c3263r6d98,0,0.6272241473197937
5,0318e0a173f7c65db40116b903884c854x258,0,0.8835407495498657
5,06a58d4af0fe7ee15324b0e921e8de1260vef,0,0.8779302835464478
5,0853bead89b03dd38a04d84f4312da7dukglz,0,0.0005798772326670587
5,01067975436d123f717ee5aba0dd4bbfa0937,0,0.7970159649848938
5,d7340ee3c04e600c31fd2a34c760f7e7d26bn,0,0.6706838607788086
5,37ca0d0ded383d709676a4f9729ef39cpjfh4,0,0.382490873336792
5,86091a1e6c99358936979baf67d54457x1dzy,0,0.42291760444641113
5,e9c8ee7f783723fe8496dd35232d88f2or1r1,0,0.8741553425788879
5,05a07a27e235d01fe480ea6ac73b8838jq28x,0,0.8110194206237793
5,3d48fb12020c1a81a65fdba2d75caf0d6q2nc,0,0.7407160401344299
5,272a9183c10d9e80eda8ccaf6682db71203nk,0,0.00027304241666570306
5,bba40511c6e56070602e8dde4229ff923zbuq,0,0.3776043653488159
5,f35082c6d72f1f1be3dd23f949db1f577t6wd,1,1.2540986062958837e-6
5,b9743f78108aefe3995e1c2291b5f3278cgpk,0,0.8005980849266052
5,47d1dbfb67706772f8a44f50e5656602z04rc,0,0.8007658123970032
5,4d0d345f552877998f41ba3cd1ba299885vu5,0,0.3137299418449402
5,060ac64ff78ae62e9bc697192cebea333760p,1,0.22577835619449615
5,8ec9269ed4f5aef4584d887dfd9e595aaynzb,0,5.151920845491986e-8
5,5aae3111e4fab04fa5067c740329a38d11361,0,0.6146607398986816
5,aa7e36069de119ee3ad7c4d8c925fa3ekrs4i,0,0.6635279059410095
5,cdf76f38b6f46a3bd396a99123d26909xq5c3,0,0.8551496267318726
5,46c0ae10d60c4fde2b6301bbafecd7b8dcla1,0,0.7983879446983337
5,bc7722baf876d0735ddc885691eb687bgz365,0,0.8066858053207397
5,73d4cec0ad358d272d757e0fce8440d01fvw8,0,0.01785500906407833
5,8bf07d8631a2808f2c869e27afad2d41swgkd,1,0.8694066405296326
5,b1410ac124aeb5ef6b06667786feb742tijnw,0,0.8158804774284363
5,f334d76f60cae7c67ab04b9e5cc49907hqsc4,0,0.00017093078349716961
5,d8ada60e3b7204a104bba8c073136bb40772o,0,0.00012058718857588246
5,d38b2db568fb71174bf883554bea939ccts4m,0,0.0000492222752654925
5,ef905e4d866c43dbc345751e7fabe5a568kjs,0,0.01230262778699398
5,89c8eefbf6f83543ce0792d1e4b86057ti16q,0,0.32966148853302
5,02030ec48b7179a7fd9950fdf546e3feekkye,0,0.20487554371356964
5,86151544b29ad273209ec4605c257b089z588,0,0.523878812789917
5,359444416c25e6e90ddb2e3d3d0bc23dufn9s,0,0.0336492583155632
5,d645e4b8b043a18bb1c8689572ad4fe16q3np,0,0.44681307673454285
5,ed5fc53d096bcf1b86c30128040e775334ut0,0,0.7211111187934875
5,f9ab998f3adb944a1cd1847a097fbc0bw61nf,0,0.006627392489463091
5,361397432ed35185b5a2789867a859ec42v14,0,0.2536822557449341
5,18bc9dbbed75b55f35ec4be1351b7aa86an68,0,0.7912445664405823
5,0580f2e77b4c0dd3b5cda8a1641cb9fenmo0i,0,0.6954377889633179
5,b2a19e17e1b9e0bca8e4563efbff5fed7v9xe,0,0.02865547686815262
5,8d49c8e70bf96a255baf30acc76a3f59b394w,0,0.7033913731575012
5,d95c969eb09086bbad373dd8ee80cacbuagvf,0,0.000014894382729835343
5,0a43de0ab0a7525fec59ef4bc1dda7a2z9z69,0,0.8410100936889648
5,4922d20e07d04601e8724be5e9f9576blyccu,0,0.0004422275524120778
5,631f923b7bcf91f61a2e9f96520bd8c8vtl14,0,0.7631044983863831
5,4c67576a6f30a158d16d790a7fc482b0zqxue,1,0.830056369304657
5,1e3642857c10e72cedaf7890e3c07bfa8ibzv,0,0.3137299418449402
5,7622d7085237d6b73d08e9d70ed11fe3u8mwm,0,0.6173675060272217
5,61337802cac534b7e7711793039782d6f1yy9,0,0.743896484375
5,6a1d4042a5f3a3f34f5b3ea753ecce30l0qj1,0,0.8404346108436584
5,42f754cb72e01c08005598e1f9383341fn7xh,0,0.8000450134277344
5,d9b611dab3b5116f761747fd3166ecec80icg,1,0.8222979307174683
5,2fe472c1be232dca314d4bdf0fa95165rjv69,0,0.8438801169395447
5,1ef47d501d4b36498b51e184b1027981xu89r,0,0.04953249171376228
5,6be863f26f22cd79be272789ac7e9153v27yt,0,0.6961427927017212
5,7d8d3493942dc13742444f28626c5839axjqd,0,0.8752938508987427
5,a2b4df001b0e40a398f6d4ae9b316c0eix5bh,0,0.46554070711135864
5,8cc03b92898255ce4b096454645599ae5zoc0,0,0.15536616742610931
5,aea096a392f55d95c3e45251931e9755a9t3o,0,0.8777535557746887
5,b7630ee9a73e7ba6f11f7717b7f03ed4be2hb,0,0.8171151876449585
5,5d5816d216122786933fb74c459f35fc0vnac,0,0.5613394379615784
5,63e3851eb5e1ee98df1065b333f6cb81mlby6,0,0.8298397064208984
5,e9b27622a64f2eb9dc7559d43bc45e31yci23,0,9.156433407042641e-6
5,76d4a0147a60d871867f00adf45cb792w9c6n,0,0.880935788154602
5,42025aabb56a61f3bea90d27b283b517dyk4t,0,5.739951120631304e-6
5,ca5730b8dad8f35fba24b68c9ca5d445mp87i,0,0.821015477180481
5,047558bebab9292a5d4c85d6ee768784j2hdd,0,0.8758465051651001
5,a6214d8bf07127661f322afa7c8dae91ypizm,0,0.49855342507362366
5,70daecd44c89c37525aa2ca294378ead4dggh,0,0.8013349175453186
5,b9d861ce6162179a4b008b63e7fae80fjoywx,0,0.00013030166155658662
5,a6414c637c6f1275e2c62c48fb238c5d5aw03,0,0.11663445085287094
5,95efb775460080c0da57e154f27876d75xnsx,0,0.11242793500423431
5,78a444127a896122678835e12ef507deh01hn,0,0.5958031415939331
5,fec57d2db5692eb144a71aaa35a11b58delkw,0,0.0027462623547762632
5,a13da89a3a54ac9b4ced156542afca5ddyumw,0,2.632774709354635e-8
5,c9a97c18992adb02e6c2e6a8f9cc1daa1di5k,0,0.7547850608825684
5,1a9765ed302d0f91b512c23112066e41s755q,0,0.001451978925615549
5,08981037e7a6c9032716ff25b15c9de25p63s,0,0.8557383418083191
5,fe6adfbbb2fc1ec0c3edf6677204bcb245uf2,0,0.7369869351387024
5,50a4bfbac8a9653af4099ec1169f684c2nsgu,0,0.8697721362113953
5,bcda2135a2456d611876679b61dac500vs7sx,0,0.7605578899383545
5,cb557e4675bf4f36f93ef5599adff545nz370,0,0.872632622718811
5,361c6da33ccd1c0df152fd932e6fb2a69i4ux,0,9.188624062517192e-6
5,6a2c4aeaa17c2fcf20958803a674f101vlxw1,0,0.6799998879432678
5,4af5e2532224f9f7d1d039704573d9205jbkv,0,0.8076884746551514
5,c62a6956e93ac3b56b1292f2c2d85b1fyekav,0,0.3137299418449402
5,37702159c6cd2c1a21cf66600e96cdc6rdbff,0,4.208646586789655e-8
5,8644c9765c64da22776cd67eefe0f498u3aaz,0,0.00008225820056395605
5,98ad4163bb0b1abf72f165056d4bf1a1g8ekg,0,0.07129986584186554
5,17b41c48d6f53585c7bf3b65977eada0yxs8n,0,0.6405671834945679
5,464506515f2ae684bd510b3a50b9121ec7v3a,0,0.7649067044258118
5,e7cf764619380e5303089f04bf647f10thebb,0,0.7925216555595398
5,fbacab353140582a4b8ae3412eefecbc753vs,0,0.7732990980148315
5,da2841ffcbeabaac373f00039c10f39fty6fa,0,0.37819230556488037
5,c6453f296ce36005d7e7e67e159e1b7cdbmus,0,0.0002841191890183836
5,1def3e23e479c9739abce6b3518013d39oejk,0,0.8219546675682068
5,a8c2410eb81513da23261a49135e4eeacw6dw,0,0.0002181056042900309
5,30da67f34e3cc215b3bdad588410fab5655fx,0,2.8238171125849476e-6
5,ec3b2ff6f725e847f93285bc9d2b7b3dvcd4u,0,0.5244428515434265
5,9ae9782ecff93ddf1c6fa13d711b9fe1gc266,0,0.859346330165863
5,08353687608279ddd83e4d36fadd1cd8ritj3,0,1.3672242857865058e-6
5,1530008a712831e35a673d38959528f4ozipv,0,4.805417120223865e-6
5,b8d88a1167ab74ba64fd6d9c83308a6d4oa6v,0,0.8353012204170227
5,90fd7b3c991701dee376daeb09a0a5b7kawse,0,0.44497594237327576
5,e21b238213c361523d276d67f37c05e3qot5q,0,0.18849505484104156
5,384ba7c5a8ccf55d174080d9ad7de9b8mfysi,0,0.8391174674034119
5,18076726ec814a6f56da2cb9ea89d105j8vpm,0,0.46617114543914795
5,91c749114e26abdb9a4536169f9b4580huern,1,2.602003405627329e-6
5,d056594c1d7976b6ad4ba23e2b4cea19l2i0t,0,0.8697854280471802
5,5771ce26e8b0fcbe7e90106955638b251qj2w,0,0.003272298024967313
5,a06311ea45de34bf667b79a92d13c764i6aiy,0,0.0002456011716276407
5,3919be53bf4bd411ba25acfdc1362b49u4vle,0,0.4658277928829193
5,53f61a2f33e8b07e49da643af49884782vzdu,0,0.00006414154631784186
5,9f280cd011f10593dc245dad1d93b11dy6rg5,0,0.4404871463775635
5,3e9180fdf158409adc96aceffab6e00bejjah,0,0.7745580077171326
5,e90e4701234b13b7a233a86967436806wqqw4,0,0.8671334981918335
5,8f086b809805064f3c4a5dd48327c0f51yplz,1,0.8497413396835327
5,5e945cce4e72950e0930b2700e77fc8eq2abo,0,0.7375409603118896
5,6b3cff1e3d9398d4c125e7bcf612192dy1gwn,0,6.5678827922965866e-6
5,2b4b36fd77eaeabbdad8fac68b17ece5ey04u,0,0.00006793563807150349
5,2540f8192e425f9fb921db30ac1bfcbas4p6g,0,0.788902759552002
5,4b32495335dd238db6285f7c6bbe051fv1qoe,0,0.010758754797279835
5,43295f805d813e816fee438d9a394bc4o4of1,0,0.5856380462646484
5,e7445f6107c8cd3783fa722c7dd29fe6rcd3a,0,0.0004760868032462895
5,3272e16da807a75a987e26b09bb2147by1mxe,1,0.7719903588294983
5,3893d2c62d59c232112efd332bc342dap8b4j,0,0.43462541699409485
5,2d73ed3974473a764859084d51334440k5q7s,0,0.8763692378997803
5,06c281e31f83dcfd3fe70d2ee2d66bc7e6fw6,0,0.000012710426744888537
5,2cc1c5bf18c858fd9c74901d8d80ab70ak8e0,1,0.9913482069969177
5,84560dfb1400fe920a29ca2c728acf1e25eli,0,6.5033054852392524e-6
5,7c0add0ef85bb5194e95ceaea737f90fyv13c,0,0.7892544269561768
5,21c5f4fff051adecaf1b080fbf910ca3dvi6a,0,0.8246528506278992
5,655a95d80489d145052254616787cb84fwqid,0,0.00009915566624840721
5,c0b7161a67a0aae21788103c08eba7e9z8e8k,0,0.200177401304245
5,438e53670ffa2990cdef656700bb49bf684fz,0,0.7267739772796631
5,0496c24a6a7f593f28bf7896350e946advl6i,0,0.4525156319141388
5,4f57e657df5ee5d9207178b4b6858ddak9ouq,0,0.7085058093070984
5,a3d0a600cdb44f03d58f27b19247cd0d4az4k,0,0.6403390169143677
5,8bc48bc2cd0ee494e55470a7ab0814c12riuf,0,0.00032527235453017056
5,fc870f3872dd5e36e4dfc4ccde28cc930tify,0,0.3888619542121887
5,e587d92842526255c86d3b0d425747ecib83l,0,0.8674261569976807
5,7188dec1b560385b0826f78e7608fdfeai9fm,0,0.002950148656964302
5,053cefb7e952bd81d7a6db267a121747te7lo,0,0.005965882446616888
5,ca5d4f0a3ea342fdc45c3325e5311049e2uis,0,0.0003476626880001277
5,83e8aa6cb15daa745c75ba3c29a2f646zjw33,0,0.8065524101257324
5,70cc5da141baac4712163f5cd4bd4a50za0n9,0,0.8371675610542297
5,0d9f78a6084bf15f42210bfeba95621255c89,0,0.7184876203536987
5,fa9cfea85e90bec313e512e9eeab2e869tvx8,0,0.26663026213645935
5,12c1b22ede3c23949bf130cc7bac6316ks7fj,0,0.44966843724250793
5,32dd072b16a69411ba3f67992ecc3e2144j5g,0,0.000046052322431933135
5,3de66f8a5453943040d42e1e73f11eebll8h9,0,0.3137299418449402
5,6c0030ed696c4156b6ea3472374f6b54s4ih4,0,0.7526350617408752
5,5097b3a4011380b5d9447e1a7a20b1a556yzj,0,0.0007028429536148906
5,e76154d73bb7d7b86d9bd48d167d3c679z0va,0,0.3811591565608978
5,5de403f3d49221bfa7116570a4d572d8m19sh,0,0.0071683041751384735
5,f725c5b4cece8353da7a636fcba0ecb5yxshd,0,0.7826862931251526
5,88ebdac47cc2623888e0bcdfb35b692ejrbvv,0,0.8717062473297119
5,88acd2e23ea6817d9d9fc28f38a8d1aftqssz,0,0.7717361450195312
5,b6e52f37365cfeae9204a9f408b8c3a4idcs7,1,0.7017629742622375
5,058a4e0ac0a20f504cc9c6aae2a896e6too9v,0,0.00002997318733832799
5,a027780df5d0312919d41edfd4947f27odx7t,0,0.8672736287117004
5,14e29ea004067aace14ee4543876a06365os8,0,0.01539703644812107
5,6cfd573a82acda92e8207745bca28aa7lqjcm,0,0.04004198685288429
5,668d393e858e8126275433046bbd35c6tywop,0,0.8773486018180847
5,c89d56c06803b8c6316a7c906604c64939yri,0,0.6631618738174438
5,e0a9e4ffe2acd28599dacb91c98c34bc66vo3,0,0.6254783868789673
5,b9fd0772481bf459179a3b4ab49171693im97,0,0.17689186334609985
5,97f541ffdcbd1ee34610e3099c5df42acfvcd,0,0.8204505443572998
5,a679d00c30c269a8eca148458abb8665kciaf,0,0.868260383605957
5,3e0bbd7d75cf543a56919ff5069b31a9gcbql,0,0.2551991939544678
5,f219cbb3d454b32953619d5a4551f56dcg7gy,0,0.4965885281562805
5,96f31c5b3baa8704096cc8d4301b4c96i6fyp,0,0.6783875226974487
5,10f01aff2fc23653ca7ea1d74248357a889wv,0,0.7509065270423889
5,8a27b2e29086c0d2e589053537e88393zsyr2,0,0.00008881281974026933
5,88641b0f22cf175876bfc4adc44c00f58b5rz,0,0.000013231199773144908
5,783d5c219ff84cc0517f59a39bb98e18st85m,0,0.7803055644035339
5,874402ea8b408a017756404006b12708d9s6u,0,0.627069354057312
5,67fbdc4209a1566288acba904a2b5a7ee588g,0,0.864780068397522
5,c67ecaf47f857f37f63ac0f4b9af3249wwdtz,0,0.00004616325895767659
5,c8f537f6bb0aa2d45da541a875f014358qm7p,1,0.8667380213737488
5,0e5ec5baf2e15afdbf5212d8461e1ad9h3kr0,0,0.7215445637702942
5,aa20f72aba9804a4922195f66a876688rugsd,0,0.863371729850769
5,ba319b8bb68ca6a12086f2410ca7fb3buxsei,1,0.8467708826065063
5,0ae09b09369c76737cba059d192451001nwce,0,2.753822400336503e-6
5,074daf9a99b01591cb0637cb95c32600roriz,0,0.7846294045448303
5,5c5dbe70c2cb05d208c22d204146e1e9f3lvq,0,0.7648394703865051
5,f0e1c483773c2ef8466d152874872139e0wcu,0,0.5139104127883911
5,953e01bab9ac8786b4bfc77d183732bbqw6ng,0,0.6917218565940857
5,862eef3a75e1351593b54975cd8ae1b3swcxw,0,0.859401285648346
5,35a02f50226eeda275b29a09acef2177k95eb,0,0.17972449958324432
5,cc064e3409a1825e3c4e5c814376f140qxu5l,0,0.06532055884599686
5,6affd6d2976aa7c48dac70612fc8e31ddo7j5,1,0.04027283191680908
5,4b9bf4cf1085e9d839e833e4b9d40f2a8ps14,0,0.3893481194972992
5,7b31d9d8b5e749cdd2c300cbcbb5f875kjlsz,1,0.8251898884773254
5,6faffebbde541edfccdb2725e430870cbkvo0,0,0.7738498449325562
5,4985bdbf8710c33fd7c9d4771db7c690mcbyr,0,0.04547605291008949
5,afdd5c7c912f9b6a88c0c2619d618124ycm44,0,0.0010262926807627082
5,c4294be0db6b5c9357ae5e2e7fc8da9489qpc,0,0.0013574872864410281
5,a8a2547a9153038fbb9fc66d2425d9a7efr68,0,0.36472636461257935
5,8884b7af726ce7bd929482ea13de19d39lzuv,0,0.00006040171138010919
5,75339aea3f29d7d9a8d67ed3fe1c89c3owsq5,0,0.8683494329452515
5,6da536112251f09a006b0c5223f154d46en4j,0,0.033053189516067505
5,403d9c0288bab462bae858dc8aff2f94ti9ma,0,0.5354200005531311
5,825226b69f2a5a8337ca611b38223989aumow,0,0.7440237998962402
5,33895230e0b25b5d3133d502ef3ecabey84m6,0,0.8119980096817017
5,c616385a2762ecfd8e4ea16d8a1f2596qw07a,0,0.13238957524299622
5,bdab2be5a94c6380c60b902310cbe1b6rs4iw,0,0.3887714147567749
5,27ccc09ae923d1ca8ff7ab3242f279f7xuclq,0,0.00012438074918463826
5,050a3b29ca1818e1f237df8132bc2013bcuxi,0,0.6602240204811096
5,6130cfe76ed3bd87c8f8dc6b2b2786dcp44xy,0,0.49347609281539917
5,167b4f37a264b72feb0f559b650d1cbd3ox60,0,0.7012166380882263
5,210ae8381324c41f7b49e95f1b7aed80z55df,0,0.3029788136482239
5,c9416e793bd0559bca3ad4a5194d4cd1k8eyc,0,0.7579255700111389
5,c46e21e01a3f4987e00109d1d5f48acb1q72y,0,0.000027662606953526847
5,ff3ae9450581aa3de5d2326f70e39d20w8fbl,0,0.007149765267968178
5,1456b44d8b2b16cd94278137269ceb11ns7wy,0,0.08771039545536041
5,942563fa6695a4b2f76ab6ff3bd58030i75z7,0,7.26814187146374e-6
5,e59ca537cb8df3053bdd555bc987b4a7c7m4e,0,0.1210627406835556
5,78830493a121b8b6917d246ec73ccb4anwocl,0,0.08459653705358505
5,6bdb40330295fb3abd4647808c319d29pb29n,1,0.8460197448730469
5,679fe2a21415aa98a3cfb88abd0507edzjpsw,0,0.0003646491968538612
5,0918eedd8324da06abe5600f058480dc75nfo,0,0.07495947927236557
5,c277151116ce38d8245f9f2308807af8t4nnj,1,0.863641619682312
5,65435e491aa69dd9d44d70a9aeb6e847oqlty,0,0.6004598736763
5,cca4426ec6d64f3e73294d4d5bc9719beud37,0,0.5626471638679504
5,e5bde35da4abebe4fdb37a3c65124a57ff4vo,0,0.7447944283485413
5,535ed161b4c9960a71ccd53128df4766ddyq6,1,0.3519790470600128
5,583ce05b5add00d9e7e5dcefb3c436f26d7c2,0,0.3137299418449402
5,c615c31c87260c0d85727deff6da6667lgg33,0,0.07544726878404617
5,5a6376f140f05274d6e0dc888cbeb89eukxkd,0,0.8158897757530212
5,4aad6f0ffe775217e4ef8c91d69707545li52,0,0.002542995847761631
5,bd7d5414174da6df4b018c21495e8a2cxiose,0,0.8305826187133789
5,de717bfad3ccf44a93f39e7b43f3b227cuu5o,0,0.15743142366409302
5,0446457fc8e21596799158406f77b14catx8w,0,0.00007650865154573694
5,219c6102f604c8ff0ead5d23375bb127del0d,0,0.849638819694519
5,6c2488ec88e02bb38920200ece7d337e0bffy,0,0.0012480891309678555
5,21fd0c468438a483ad1c60cfd1b84b850iyjv,0,0.7934409379959106
5,1a764d01d19a1408382ccace87e61c9fndlo9,0,0.000011903921404154971
5,b5d61accc925a0e86ab7274e1ad82532gb1w6,0,0.00028139748610556126
5,e4bee4e53a19aaf71e0ac0e3be752b2cz3k1j,0,0.7962029576301575
5,33ba799fab5e4145b54fac4234bb6e13up0tu,0,0.7770811319351196
5,698da938f6fc36305616aa6f8affd53fobj5y,0,0.8023936152458191
5,71396d66a14f4ce0c96436456462863abwefv,0,0.000047064728278201073
5,6f6c9a1964fd4bbc082f2afdbf2d2af6ypdhn,0,9.609638254914898e-6
5,6ce47fddd94be5792190cad9d972a5c4oyjww,0,0.8337079882621765
5,35f822bee4f85d98d5b1b23c65681974ywyuv,0,0.00004652779171010479
5,77bc113594866d4902d6f867a456750c9vvmu,0,0.8226067423820496
5,d8a10762de6d62c087a0a8f0e61cf78bbgke6,0,0.003363802330568433
5,e0fde4b9b7ec14e80de3c811ecae157f6kqd9,0,0.8218174576759338
5,fc16993f1fdbd5fa8f8ddd72b40442f0qwyo1,0,0.016751432791352272
5,abf6c2cd31be1630f5a7a1219935011c3rkqt,0,0.7729116082191467
5,86e888c2dafacf13580a1211abf50961w6foa,1,0.8562101125717163
5,25022fb30734c2e5044e031b0e9a4a9ct3354,0,0.598919689655304
5,fdf0eb91ae1ecea1f6902676f47c32c454yzr,0,1.1951621559092018e-7
5,ccf30c9533a66f22f1c65910ae1bac1a1fs05,0,0.8331959247589111
5,0f4669e36b2e721dfe27f8633b277a1575erw,0,1.1343985306666582e-7
5,22e65b6bf73fab510ee814cbaeb9ebc1252mu,0,0.8495460748672485
5,f2ea6d89dd9897f0d6edb6f24c446f01ra6yk,0,0.783785879611969
5,4de568a9b480f0dcd3f2ac385121d75bbpy82,0,7.777213539839067e-9
5,6da04647ce16d0f00051dfeaa94d3313ox30y,0,0.40139520168304443
5,5f56908449455ee9670c7947614f7b4bxak3c,0,0.7598918080329895
5,d154075c75cbb3f4b716a16c88eedd774i8s0,0,0.6266805529594421
5,222d3e39d4a292d79aeef4c04e52aaf24mgkb,0,0.0008746652165427804
5,5db8eed67a7b648d1f2173b665b79de2vwdlu,0,0.00012421018618624657
5,25aca203223b4d9563f5b1a01aa3a21ftlgve,0,0.7884729504585266
5,61e4b6ad0fc268d42c330ec99fd8c939yb7t1,0,0.6238424777984619
5,ba258a455ca17f2c13cab3d0afc7de0b48h0t,0,0.7895591259002686
5,ba6811273d4f63d9a31937b71b0a22dforovn,0,0.856871485710144
5,9f34ed261596a1114cefe81158c5617biq26c,0,0.5053938031196594
5,f0c034c46dfb78d2e9e67fd4fa1688fa6mv8k,0,9.270613190892618e-6
5,363ba0a2afea1b074fc1ed270c86050byprz1,0,0.00048202520702034235
5,e0fecfdf4029d9a91664e703a178397718lyl,0,0.0004648568865377456
5,1dfb637157cc0e590e50d724cd4cad6d4cacw,0,0.5146207809448242
5,65d8228c6c1e5b6042f397afed8a5c7cbo6x3,0,0.8142496347427368
5,f939c17ffc7c39ac9b35b69e5e75179fv9pe2,0,0.0004261566500645131
5,84a769adc98498f52debfe57b93a0789556f4,0,0.000045321434299694374
6,4bee9aba2abda51bf43d639013d6efe12iycd,0,0.2033057063817978
6,88ae7a35e374a6fddd079ebb28c822eeohwse,0,0.914550244808197
6,fa64831ab5ade55daee13f852c16b0a84ujt0,0,0.26318496465682983
6,d29003d7f3ec1f0e4ca9cc17e6389b4a4phcg,0,0.0075849005952477455
6,99acffc3cd9bfcd00668dbf472a1979350mxk,0,0.00008607753261458129
6,c0e1ecd40b81bda3b7dcec501334499dgzq17,0,3.219463473483168e-14
6,8abc7635daf75f9fbeb63783b7b8ccd5rvuyo,0,6.508441430241874e-8
6,64a39f766b2e9d9471b104f0d0289740a9kdq,0,3.1095074431997105e-11
6,792edafa0603516a57932e6103e9dd54ajar7,0,5.070432251841339e-8
6,68600b8922561fe26b8b6acf1d11efdfb24k7,0,0.00970409531146288
6,09d71d3e6a6871a7598dc2764c5bb4ffkz6mc,0,0.2915196418762207
6,02bde521e763e4f4e590e8368149e04a96il9,0,0.008129782043397427
6,6ecd9f4b332eb790dc933aea0a1528e2qkp4y,0,0.7859553098678589
6,1cd8d86911413c73e92ad1170cae68c3pocsn,0,0.5537250638008118
6,bd2cf3a868d168425cf1bde7c49d40b9jq0xu,0,2.5633491267378506e-15
6,9df0b0e5ca66460495931376045feb5fu4y7b,0,7.911224315648724e-7
6,d9c6b6d7290e4475bcd6d264fb33a706fqtvc,0,0.4184573292732239
6,827da66b68b225547050c11df16f845618ptk,0,6.326165475911694e-6
6,1ae57d217b27820cabf6e24b721bfb38s6ja0,0,4.747467414745188e-7
6,ff58ffde976a4899dcd89597a7877e18lntgz,0,0.2835405766963959
6,80e753fbea14f966b1fc6d1e194d4e66822ms,0,0.004820041358470917
6,bff9a98b73f2b9a01300d3fd3d55b16b1190o,0,0.13006767630577087
6,461dc3d03d1e28d52770a4d3dc7db34558fcg,0,0.6291593313217163
6,75c4518eba20c9299a3a836d9905c327w6j8b,0,7.479322716719139e-11
6,8c2bdb9dd878a811701838002627a056be0ce,0,0.5619632601737976
6,efc61ad6db17265a4bac85f77b154ef414tpp,1,0.0005732043064199388
6,b27db6c048fa41b496dfd3423226bb0923yfv,0,5.468556537380209e-6
6,acf06eabed56f179cf32ab60b6b076820ajls,0,0.00829214695841074
6,7264bde42ef4fe3fa19cc7c6d64696cf7pqtd,0,0.5546886920928955
6,99fc8ed25265e58bc94d9d95180badf4t2e3i,0,0.16948166489601135
6,3d9910a238a0f282ad3132dd6fc981c8tv3tg,1,0.5678618550300598
6,f90f13ddfc0f98cbe3c2346a2e30093cq6zo0,0,7.462132245450448e-9
6,fae963b2adbefc663692d7feddb50d5dxz1hn,0,3.111272361706191e-13
6,20ebb9de648c6df989f04d07cf273c7b3yu8c,0,0.00015606358647346497
6,dd661e2d6e79a5b3e66c82373d50f3ee86k85,0,0.008129782043397427
6,8e2a43abb8fcd8ef9801c69fc04bfcb5kyc41,0,0.0004989390727132559
6,520b616c26fc47935f6bcd5ec063eaa7w15t8,0,0.0008012945181690156
6,de9f5df5962dc171c7d82ab503c36dbfwicon,0,0.05697230249643326
6,1053ead33eb1a5db7c36c979a455348abh9ns,0,1.1716327907862478e-10
6,a94c16f8a98e493e2b4390b1975e690dv8cmu,0,3.672678985822131e-6
6,4955e2c318d0bdca797ce17794ba18fblhaau,0,0.31192952394485474
6,e0413f338c43c9d55ba53612d2068f65t4gs6,0,0.4171164929866791
6,50791a0a98478b7f78f8d30acaa4683dxab5p,0,0.21065393090248108
6,62ac0de5f8776ca1d189297bdea9a64cmewb9,0,1.0130137811229691e-19
6,28c9a5ea8aae9fb4f6a755f94cd922361v9ow,0,0.682528018951416
6,c600968815fc32b20e0519ecfce5b648en2wo,1,0.3026816248893738
6,20662832566daffac929f803f0c236eaperht,0,1.8919468769418302e-10
6,5e611461283a5c3e49b5bfbf9c33b7391ce3h,0,0.004558211658149958
6,6aeab198df208f8628825f7eb3ec3701p2ybk,0,0.24312745034694672
6,31a301c70e897bf36276031abdf07ab6cs6z0,0,0.0000664978360873647
6,246c55639cf85c682d58cbd2ed6a6563vk2yn,0,0.26492971181869507
6,179a23cad40c51dd7804069bf769d11e1ftk9,0,0.6478904485702515
6,97b002c9936e63a1fb9994a67615e84fft019,0,0.002999764634296298
6,d2ebe13374f25a12865d50c17af1dad7yspzq,0,0.00022874993737787008
6,f61d93fddb01d2d89a85a132c649aa90lj1z6,0,0.00010489187116036192
6,76a8a9566e21595a1ac06cc0050626c1q7a83,0,0.000296876416541636
6,a74e3962ca26514976056bae3c46d579emz6y,0,2.0408896794776865e-9
6,a6bf74b19fcb2687ce345930c4c16d4e2txda,0,0.09166613966226578
6,c69e65de28937ebe1b94e7785afd94158thqk,0,0.5177204012870789
6,791031a63c9e2b4835caa9a4cc1768baias2l,0,0.0001460784551454708
6,7607c4efa792a69e2a8949ccafcbef103squn,0,0.6427997946739197
6,10c1e1164e3f8298df9a35c891f67babiycsr,0,6.446752820465917e-8
6,7b5bd948eb1d8075be58ec9240927bb59ugz3,0,3.1733524228499954e-12
6,300bb4c9816a7064b106c9c6cec2f51ei13n5,0,0.0011069593019783497
6,5bbc8f66464ec2d962b0360d1d74bf67imj47,0,2.09686777452589e-6
6,3733f7ea492eef1f69f98593d2122c50xwcha,0,1.665211320113689e-16
6,7f86c3c417ae1db5bea10bf9d0a7827ct3ni4,0,0.2755412459373474
6,e1b1c514e1b87826fd045588f1f3881707cyy,0,6.17336695540871e-7
6,ca0c049b8c37c99ef93b6086e9947135onppq,0,0.06045465171337128
6,79c18f0460f9bd86bcfb25da96d91490jfuxv,0,0.00017743914213497192
6,7eb6a5ffc5e8471efad7cdc8927daf677qcf8,0,0.14064431190490723
6,e1fb642deec7b382433de94983d97681o14ko,0,0.13705593347549438
6,bf80bec9b4a8d29c494f8545f2a4be4eji6qj,0,0.369904488325119
6,5b45b150b6b683a98b5bc19c4214f44cvzru7,0,2.1576817681266065e-17
6,3835e3bbf9a17a33867860a9ba19621dp4wdc,0,0.019346676766872406
6,37921a9d842612b3b0281f7098d0002539xrj,0,0.00023185567988548428
6,2a5726bd00709641cc54a8ab5422cde3uchoe,0,3.0037423215389936e-8
6,a4c40fd7a4c1040283fb2b84611eaad240849,0,0.000011830969924631063
6,4c2699de8bc9516b09c5e5c8bae6d6c6xiry9,0,0.020579727366566658
6,1c66f261724506bee45dd18a4d221bfeh1687,0,3.244686652692508e-8
6,64885ec89a54c64598b2d196e1fe2e351cd60,0,0.0001293784152949229
6,9211adb9cc770c78a70b55441acd146bfxnz2,0,0.0019131101435050368
6,6533b670e02ccf583288ba7c8f5fb1carmirt,1,0.9939345717430115
6,45927dd51fb4301c459ab96d48f64752q0o9e,0,0.00019597195205278695
6,b7efeea5ff94a281635ca2f0f7e8b3ca4zykk,0,0.004131289664655924
6,e5fd2ebbf5bac9ddc73ce524e1b33c3akti0q,0,0.48834529519081116
6,3b947f8c954acf4354d2c3bdcd494fb0x54ee,0,0.000010128715075552464
6,c0d065cc8cb585f027143f2ebc6b49f01g1wr,0,0.0010982354870066047
6,5e8bf58291656ddd5fd2f71825565446aiopv,0,0.5172409415245056
6,20a2d48ac3400228e7a0296aaa596a0fvckdc,0,0.011286524124443531
6,9be87a4f123366660d7f6d40ffa493a8ffpsj,0,0.009300065226852894
6,662b66b1227816c2f9017cadbc148381alne2,0,2.5122345610056884e-12
6,8f6f7baf33fe2a5206ed3ca88446a99bmq453,0,0.0038105188868939877
6,061690ceb6004807b7906968bf382dfcbve7y,1,0.004371643532067537
6,96caf14832aa8be04d98aa481b320392kb2gc,0,0.020416319370269775
6,a3910fbd35b7a0c383c9805eafda616fra4xo,0,4.357449142844416e-6
6,d4a84bdffb9543626fdd42c879343ce26ds4l,0,0.000047203975555021316
6,8bf04b0a219c7834b25057c0220b4d0dhwdsg,0,0.000017357660908601247
6,790c497536a2a9fe080c3b2ee6d5eeb9caiv8,0,2.473381982781575e-6
6,445305769cbfccafc89ff5ebd004598einesy,0,0.2476377785205841
6,6767cffbe2c0957492aa451560655be3hjd6s,0,0.8622860312461853
6,0e8212e286ee36da8945c2480e366417xa22x,0,7.719528349880989e-10
6,b725a638efd8d51f66ae2f22ce1df678p9es7,0,6.115226824476849e-6
6,8cba56e5e7c2be942ea8472b73f0842fil1x0,0,0.00006198626942932606
6,953879d32e39e014cf8ce73daa2547cb2ke8t,0,0.7026644945144653
6,1ac788675f70655e71a013892d701e901kj13,0,0.0021541600581258535
6,e4a9bdad09ebc5d5a264723855fcaaad6q52x,0,0.12902256846427917
6,796961698c2f2442e73c5195062370caawzzo,0,4.432326450309887e-10
6,d0b096df6b5ffd2efe8d5cfad4a24912zs3dd,0,0.005614443216472864
6,222a0e05442fec0af2d20ebdcafe4b28c2pi4,0,0.1533452868461609
6,6db047b1bdd342c09ecf9f5eecccaa4fy5l0q,0,0.23598319292068481
6,163097c029285c7eefa2d60e474d65b4ap2l0,0,0.0034302265848964453
6,99bfa04865566ca88573ebfd3c7fb1f2c64cr,0,0.0001598922535777092
6,4b3e6a8a52c413a32f76a6d7a84a54bb8gb0t,0,0.008129782043397427
6,2eaf4eef52d5b17615d08bf77386fa42yotej,0,0.1373250037431717
6,fe4906ac4c8e2db5ed5a71e8a9d10080u6g7o,0,4.1885521717688334e-9
6,d4d4b36ea722e5b939e51e34953004c4t671f,0,0.0005400982918217778
6,055eb52087e0080b8ebca74be4f823f5c819l,0,8.150472657897367e-11
6,2db8669a6d21a5c8197d4287ea32b7883gv5r,0,9.654685527493712e-6
6,429f301119adc32d35541dd4d60903563s7nr,0,0.35593611001968384
6,9d98d3f00a0c0bddf35470b0fb735fcdhiriy,0,0.015661267563700676
6,54e279a4e162af7fc55d640aa62d0cbc9hxil,0,0.3764326572418213
6,4882587d42b3d7d8d7bec4315203f10bl2fts,0,1.7479990788160649e-7
6,34cc283e180fcd4902ef8758714c6d83th4nf,0,3.721960240010702e-12
6,cc78aba7eb8293a1d70f083bd747fa1450906,0,1.6090925814005175e-10
6,6f7043cde57060a6766b551df5fa6fd9p3ojp,0,0.0014120034174993634
6,ac94684646bc6f708dcf4566f41ec05es9v44,0,1.7810769525894443e-9
6,3128932859bba46f57cdd19579c42e05lif6h,0,0.00431031035259366
6,d2704c8bb6ebbf13e08f37131382b126wy4yc,1,0.46529024839401245
6,18b5e850a1c10e681cb5fae0704a699018x6f,0,2.2253236693359213e-6
6,ae6758a627a111f6d6b530b0154c429566o4k,1,0.23360836505889893
6,3bc8edfa1995a99110b957ee98fb5c76nkl7t,0,0.32800906896591187
6,403640a20dbd2c4bf554e558de137deckn70o,0,1.4709478080021654e-10
6,fa6b4da229eb64b4d44e7d5ee2b027f1j1whx,0,0.00035249555367045105
6,49c3957287d24e69713e4355933b74baoijix,0,0.22694654762744904
6,612d24dde60a1b42873ab7b50944c6dad3dcb,0,0.016009680926799774
6,313bb0007cbdd82f326d58c96847294c9hz4k,0,8.103176440954485e-8
6,3e85a43950c71b1988a814682abd4392yakvp,0,0.1479889154434204
6,f0567f6d45c0f83b9874681fe8dfe0ba6hjlf,0,0.38475462794303894
6,a4734769962126673e975a627e930b5fgc79n,0,0.7576162815093994
6,86a3a9861ed45158e964f9d004a224b3324cl,0,0.18218421936035156
6,90eb8151eb82441b084d04893151619837abp,0,0.9578470587730408
6,b79560ebfed7c8cbcfb97475812e0836twsnm,0,0.00001098345728678396
6,cb6ea552ab5b90e2d0572148426ca275d1zzj,0,1.4644332296288864e-14
6,2d9579812895729581ce269ea17462197jxvy,1,0.5728118419647217
6,d9ffd2f7f3cc1a546586701c2a6fbda24u9ye,0,0.14533597230911255
6,c89ad997f646e388fe375d7fe33a3727dzrh0,0,3.5338429231479562e-12
6,e561791343f3564a6fc612a98b5f3df34rxok,0,8.630644857370983e-15
6,06b2d71c26ef3b6e29277f761cd0db90wuwjo,0,1.56258977312973e-6
6,eea590b4da2709c294e8db490f5997eadyc1e,0,0.0005443523405119777
6,f73eb6e2e7a872f97c715ccdcddac77am8bq5,0,0.000040166371036320925
6,2b044b4b7949b96e38084e59b5d1d328jib5o,0,0.2247406393289566
6,414af5edf09c473bde75644b76a68e7feesrw,0,0.13198114931583405
6,3312b8e73417810a88be459d75fe9bc2xhd8v,0,6.80751782056177e-6
6,14bcf558addd6e6f2818ab2bda7dc679jqoon,0,0.0071973782032728195
6,0af208c4fc46ef9236052ff495016326zxoqf,0,4.1384176641123815e-10
6,44c38c27b9de757c8c7c05cf07b7e3eb14qpt,0,3.0555221981060088e-12
6,a6d6f3f5034886fc00a1245b439de13a66ha4,0,0.00006533914711326361
6,8251041848182e6468c8119905a177dekmshg,0,0.3260211646556854
6,9ba7cbcf531c20ef7cc55a6da5c0654evwt1d,0,0.367583692073822
6,3e2e03a4464642627e223fba066182d1qslv5,0,1.5720248792484327e-14
6,c4d42d0beefe49d6157c546a2504f4db86hvd,0,0.0056382124312222
6,497b8beb19a7f674bc53acf7f5c7ec8cxv68x,0,0.23356300592422485
6,669c6a0e8aabbf0647e8ee6e150c47b18a4pu,1,0.6499869227409363
6,a2933e33896035761240ef5a62477779jf7ny,0,0.5304773449897766
6,05ae7ea9549ae298bbbc8002b4229392e0ilf,0,6.380998485155942e-8
6,a5fb60c136b7e0a6d0d6e27cadb2a797225r6,0,0.07211343199014664
6,85ac49e7f93bf0e20323de78362bb4aadnwia,0,0.007510250434279442
6,b34fe965c04012fd22123ed948257184pqvfg,1,0.005475380923599005
6,23f9a0e1492c4abf375823266ddbe36bzukj3,0,0.009027809835970402
6,de3bbaaa3bbc1fd1f751d23a972916d80q8e6,0,0.008379699662327766
6,8af01eeb860c2e6b1512377f28953110ml638,0,0.211383655667305
6,99ca795998fb781a42d85f1abeb50482yzffz,0,0.275839239358902
6,e6f73230e0fff1d9a6b1b8a6617002ea9owig,0,0.0007464990485459566
6,a32cce991a2f597f6e5a02605119f99b1dyq1,0,0.0013286789180710912
6,0817731a4d2e319f6f771da3f522b8bfv6njs,0,0.22722285985946655
6,85499f83c5f1674c87d0fe77838c4da793u8y,0,0.10741081833839417
6,dd76fa7a75bd0e1921f71d255a8e0853l4lbi,0,0.0004966846317984164
6,bfc7a0819397d910db7c24eaba1ed4c68dwiq,0,5.0498552894850945e-8
6,40829191b83242ef1f380f90876cdd74mrqe1,0,0.06620770692825317
6,2635d404f4943f3dbee24aa16a2953c723iwd,0,0.06238648667931557
6,8215dac41ad35a074c93bfcfbc0f908chlo5n,0,0.08012133091688156
6,39a5a16e5a67c2fb51789cea4d3091f0mv996,0,0.09541057795286179
6,fe6ed3a12fbbf5da4980337564361710v2y21,0,0.3697238266468048
6,fb81da0790d821a22617d748d0226540ylrj6,0,0.33013978600502014
6,3550d62e04bd3a1239eedbc29d9c970279b1v,0,0.10656001418828964
6,14d4e04d7ed150613974438a4dfd4e85dybq3,0,0.24549967050552368
6,ab0b0de534bad49af05faa626b88389cmjj8e,0,0.01811051182448864
6,f12120e467869d3d5dbf7c7d0566a8e7bmmhk,0,6.8068688706401925e-12
6,4ac31aea605d17045ceedbce23eed239omved,0,1.0497906988149452e-9
6,9e25bd3696b4e1775de205d2d4698a0df4s14,0,0.06743136793375015
6,c2f592fbdc8980229367e1db4d0f7a51my54g,0,0.10892859101295471
6,9d1506d6779356dda24ed87d41f3be39yn1rc,0,0.0001373582927044481
6,36e2e2f32a3872d3e958c0a58ee79bd129xdy,0,0.0001856564631452784
6,c7c854748038ddf37b8a9c4f5a28073fsut8p,0,0.9949287176132202
6,673650167f432c009e9dcd062cd4e9fc2szln,0,0.00022041733609512448
6,d6517684989560cbb0da1fb2f5bbba9b9y2st,0,0.527022123336792
6,332484ddd66b9a3db89ee68f08b1288amq90u,0,0.0016144780674949288
6,28b4c35bd90c81ca959da328806469d493mvj,0,7.082206820996362e-9
6,ed5ee107143980558fae26c1b5c7b81a82spj,0,0.00003922120959032327
6,2b19566f190ff3b8a85884e03c64fb56ir8a8,0,3.728092679011752e-8
6,bcbd5c95680cab78cf904fb936dd03f86g19z,0,0.0006562077323906124
6,3a32eb1c6dcc818e0df4953e978f2e89ljhnf,0,8.17773980088532e-6
6,c08ae3075278ed0d139f00ead52ac2b0oy8nw,0,0.01042123045772314
6,49eaad86d095aa5af75ce34e59e4b7f1mmf9q,0,0.000029784245271002874
6,f01e3769fdce36d31eae85525827ab17xeu31,0,0.003605056554079056
6,b0973e698b12fe51ec2f259d924c6098rasmy,0,0.0005300766206346452
6,a7c910e7c7796d979aa9a7a31d74a8eaqsapx,0,3.1589362237127716e-9
6,1df1dab2eb718c3da3f9a0aa90b93651sxqzo,0,4.124361442647828e-13
6,a48837ccd05bca96ddbf02c55ecccf639adk2,0,0.0000851345103001222
6,c5120d10a23eb0c10d56a19fecbf9da85t4ow,0,0.000025683664716780186
6,465c4f2ad08cc1e5f7a5e1e3ac75654ealh0g,0,0.0023881839588284492
6,af14436f293c40a9904d9f06a323215bf7zdr,0,0.9082702398300171
6,f4294bb3abb69fa3183e7e851b58b278k83z3,0,9.728389649410474e-9
6,cc4763c97c3d7cc9116e0a51a6d1f2e82242i,0,0.00871100090444088
6,470a0e402bb9cb4d48c2a450d2043e87flc2m,0,0.0037346570752561092
6,67d6466d7f4a32d294196b8c16ee0b03kn9tf,0,2.373111041009679e-9
6,f0fd9f1b3fc9ff10c2642b3bf81946e2rsq48,0,0.3423675000667572
6,8e0462410d727b34290fec10fd5661761yc8u,0,0.03451940789818764
6,cad9c97e99bd5753be98edd9ad8ec8c8c7r66,1,0.17238005995750427
6,ba266f4898bf572447ad65856b362595yjt2a,0,0.10895641148090363
6,2b429b9235bab2877cd93ac6d9fbc2d7tzwre,0,0.49043723940849304
6,80d8e3bfc8a2ecbf22614befbdaacf5fo6o5o,0,0.000019610326489782892
6,1e13eba969b6b953688c9e945544ac4741ilj,0,0.0005270555266179144
6,9a5fb8e2e5add29b006d789e4cfd1513paga5,0,6.672103314286915e-9
6,47183c1427a3cee97ff9bd167844e65d9dzi2,0,8.04110459284857e-6
6,6362c8d61774cfcb6ada7cea1be63678hxkfz,1,0.19225502014160156
6,8c33cf751b05ca6a9d886a379a84a2ees9jlu,1,0.5558217763900757
6,a447127835855849fa2ee496d05e0847fgt68,0,0.26582691073417664
6,adc548d88b9a307ce0b58a0d11d3ae14gcfon,0,1.5866082776483381e-6
6,a96039c7cfb1d040ca978ec5e66ee2c0sb5ht,0,0.0003609263803809881
6,3318a824cfbd3d3d177ab7e9520b21cbsrcgr,0,0.00009120157483266667
6,b258a38ef4cc6ea241b5473ee9badd32ekhoy,0,0.1926286816596985
6,daef74294e84ef6d7e009c2d51be6ee167xds,0,6.731171249691728e-16
6,4997f0d7074a1d9f8bedf5575b6a4372w7nro,0,0.0016947208205237985
6,bf6f2ca50a3a6a3113681e754307aa4ehnd5j,0,0.0009552303235977888
6,6a31ec9cbfe23a9398e80403859f0402cg4ql,0,1.6468513308609545e-7
6,989e8e68621a43af5a8d061aa91bd9bfshy7d,0,6.587421239601099e-7
6,a46025d61131de18474aa6f167e04bf08w9x6,0,0.19506464898586273
6,c58ffa073b3b3deb4e993ee5dd05347cmvfur,0,0.004374010022729635
6,898419c2d011d5a822e9ee07c387098ezpc12,0,1.865606868989289e-8
6,372bf02911448b7f62cc861074a7ac81y0jsn,0,0.0020173811353743076
6,8a4fc219f01e1fe6d4328b0a47fc54905iv05,1,0.03544067591428757
6,bdeb5eed17a812d2c47176e30b8553ae2k06g,0,1.638000038340845e-13
6,60edf674563f85b227898f6af0386476efy45,0,5.926373169984345e-9
6,f8f87e237833c3279a953b785653b0e5qka8u,0,0.011216995306313038
6,2f9a7b01fcce94499a59aebfac98fe1ezsk1y,0,0.00042598199797794223
6,7a9519ae09e328b09d18473f96ef075fzrs1v,0,0.017005862668156624
6,7639039411fbcc6cf1013b247b2622a72g0r9,0,0.0011767189716920257
6,5c2e85ba72b9e9e16f77939fee7ffb5eivaqe,0,0.0035407734103500843
6,9197b6590c6dceabd88ec93157fcc31fgb8a4,0,0.00017112272325903177
6,900284c412387e0bb2dc2aa5ce42dbb9th70g,0,2.2255775347646e-11
6,3c37de5e4321388ba706233d5ca4a0bfp7w67,0,9.039114843290008e-7
6,9df0031595e4105e4530ceee1a08faf319vvb,0,0.14522063732147217
6,36473d4c641c4c09c20c80e2ab35a36dwzp5d,0,1.724513367662439e-7
6,25f1a9c0c83eefedfc2c1589e763c2a3is1qy,0,2.887067538162591e-12
6,68d0de6b2b019e4f93fe89ef3c9d3e21zajj9,0,0.01082621794193983
6,4579226b86f3ca5b5ea1597efabae4c42j4rw,0,0.0000470228296762798
6,59d96b423ea3ed56611686300b681f3defm4n,0,0.16838707029819489
6,e4433ef42008dcff761f12b9ade6fd31krdwv,0,0.0002380559453740716
6,e833712b1e29ffe74517e2dadcb4f2d1pt5t3,0,0.014674970880150795
6,82f1ba4809f4812629e9e53ea4c687d7begx4,0,2.065410225745653e-18
6,25f59f9da43b6806aaa125fa61974591sacso,0,9.150523894163598e-9
6,f781d7cab96d95bcea507cdd43b24255pw0dv,0,0.47171416878700256
6,c349d767ddda78ed58a3c5769e780598ar3ei,0,1.6059307199611794e-6
6,7291b7fba1b597d66bb8efd45fd0d354q71ka,0,7.1417698421782916e-9
6,cab7ecf98fd0489389a3a8d3961defb3k66og,0,0.0000686651692376472
6,6f6e3687f67272b103351641b678225abarzw,0,0.17456898093223572
6,2e33b1ee8a9d4a5cc5f886ca455e8f86kxu5r,0,0.0034393700771033764
6,dc4efb7e05563288d1f2ac4ca65c6734017ql,0,0.003489046823233366
6,ee45b2475e453e69ce712388959fe4acspmvk,0,0.00020227982895448804
6,ff92ea4abd33ed38601287f0e1d6726dmgx1f,0,0.07273061573505402
6,46a28eaed47c29b4fd148a50cde44840u0bsn,1,0.7149890661239624
6,d810a7956e4d9fbc246d585ce84e8ea0750b2,0,1.1307628966505945e-7
6,cf18f6766fadce944ee74796489c23acmqhpe,0,1.896083956509642e-9
6,64abb8a286b2be97349e8b17abcce6d9rygza,0,0.0004817760200239718
6,f23ebc71f2d8d820db2bf0576ee7e148cxvkp,0,2.3884163056209218e-6
6,9372e27ce85a8c8b9460b87c37cf55ecqjjkd,0,0.3476773798465729
6,d7eefaad31febe607c252199a7672420kl1el,1,0.015610786154866219
6,4c341a39553faef07ddb917ea4e069ed0yi3y,0,0.0008850026060827076
6,bf65e77ce8676fbab6fc78b70c50f05a8da8a,0,0.12848274409770966
6,e134f2bb79d1a810aada6a24760c8910mh5na,0,0.12629559636116028
6,eeda0d135495167db9425fc5fa3a5e3ex2zel,0,2.0523467370026083e-9
6,5c2d250afe88df6e4ca3ff08d991eb67s5erh,0,0.001953685423359275
6,fa6bfb4a2156dc8e73a713cdab85bc4bmcmwr,0,0.0009298260556533933
6,531d4a209ec0cf76c9337b42fb1c3d9c9tcuv,0,2.1412638773199433e-8
6,ec86220eb6ce57c91a02a7356b342599jrcut,0,0.020409725606441498
6,d4b2fd8f5e8e02b660e9803cbcfa6cf2t5szq,0,0.6456941366195679
6,721e69fd30e33488bf82b7e2f9c8cee28a9ea,0,0.005263437516987324
6,72b21fb7cd32b1a65bed8a12eb94a8b7qa7rl,0,3.067596654674943e-17
6,715ee2811c764d5c58aa228ee801e518gqvli,0,0.009885081090033054
6,466ebf78d7326a38db1e19fdc1c70e9b1qu0z,0,3.481075497302477e-11
6,29013ddeb60a18f7d3bf9f3aaaebae6c8651o,0,0.0033835789654403925
6,2271fe5b01f9b8f9d8409014ae4511524grmq,0,0.6874616742134094
6,aa1c013a1de168c611560ca2afe78111g8i6s,0,0.004708079621195793
6,4038ae3276c0b47f420a5d73687fb73bghgxf,0,0.0778084248304367
6,437c191e614776c1535305f602ea9033sdfmf,0,2.258615495520644e-6
6,76ab7c99de4a3141bf617bf30bec9feep3zuy,0,9.143190084172012e-14
6,a124589b3af5a212406c0306584a9554fazi4,0,0.008767240680754185
6,faaa98763b59ed5f02836d4bd682035bfhujq,0,9.60954639595002e-6
6,c8cf68aa6abce25325dfdad4a98fd890ap57f,0,0.008129782043397427
6,8b4bcc98fa4666b22c7a17c9a4b93ebenlmlb,0,2.262752973273413e-14
6,20fcf71ad6fbd43f6f5fe493a6bc3ecfextqf,0,1.4391862350748852e-6
6,0a09adcd35b5f26d75f251006affc747drfu4,0,1.0368272995719963e-7
6,ae29b39843141a73b39ada671ce6b6c0yxlb6,0,0.000039032114727888256
6,e61c14d66cd5693d93cb0356d7f444ebinx9i,0,0.7327926754951477
6,f428427d7227ddcda377cd00f07749576c6b3,0,6.202097665664041e-6
6,98aa09a7ca13559a9e2a43fa2ba4d2b7klwin,0,0.0036045911256223917
6,16065749457a14b26998fefca503c3ecf9og8,0,0.00027847292949445546
6,db12e9cad5e847cd7a40ec1ee649e475iwzqo,0,0.008129782043397427
6,9d33ed2efcfaddba0307d12142f3041ce731l,0,0.7484958171844482
6,95ff2833eef5999a4f3ba4a7684d2b26a6v9j,0,6.264627700147685e-6
6,24a9abf72cedcb421e831c1be26607e37zojy,0,0.00005209937080508098
6,bef84146ac1e2f21e928e06ede1404793bfnx,0,0.00005147788760950789
6,cd8f738dfa2ea0554baa3dfc4465cdb8izun1,0,0.03711923211812973
6,f75a0f726d764514f612ee8cd8f65adegt02s,0,0.6284215450286865
6,572c9964ca41ed055830845993fdab29p4f03,0,0.164571613073349
6,cbe8d224a38ccff930674361b502e7beyuf1k,0,1.5209083992218098e-11
6,5201935b289665a197e38f747882948fjt867,0,2.3235571688928758e-8
6,fe27fe0815883aa3e1a312f0dcb45981txa2m,0,0.000034919768950203434
6,1ea558fc18eb1b3ed7759a3aed7662d3p77wq,0,7.335104612593568e-8
6,7ffd9b7b795d9335153d481fba4b3076plrxc,0,0.08089399337768555
6,da950a556200395a82e23e3bbfe1abb6xs258,0,0.012301996350288391
6,7e8650379cbcb3ef8f7f6aefcd678067kzbdi,0,0.0000334781980200205
6,74149197c8684977e397ab60a6a264836b0lv,0,3.7892466128817276e-14
6,55d9cdc3af85efe87b2a6f22a2cea96ezy2ax,0,0.0003196141042280942
6,25a4ee3a528004bcf4f4bf62b9208a7dx96pt,0,0.45212891697883606
6,40fafe756c4695b32df7d19d4c710dabvzr79,0,0.008129782043397427
6,92a63dbb8323426833b944a4fc196fe27pzha,0,0.009892822243273258
6,d144312f2f68dc33a63b7863911b2aa459i99,0,0.11913194507360458
6,af33d5277890ef0b5f55fbbf400441c9hdehk,0,0.000016400399545091204
6,81392b54fee8e50ec74efb27cf0de8e32fdm5,0,2.4136449783274116e-11
6,1d4eaaacb6127c43c1c007331cac135bpib3m,0,0.007310414221137762
6,036a4050a5dd65e70f0f613ec2e38a74re026,0,9.544239010228495e-11
6,e76057d8bcdbb3d2f935c30849a17e4d7ordt,0,2.9146440283511765e-6
6,00cc97158e6f4cb8eac3c0075918b7ffi5k8o,0,1.8858635542073898e-8
6,110d2e689da119388dcb6e235749b787ni298,0,1.493105803113213e-14
6,308def7f05575db9bcb6a67207d6c1beb2cqt,0,0.0017976561794057488
6,fff2c070d8200e0a09150bd81452ce29ngcnv,0,9.091461947718926e-7
6,d110111b8700f290b5d03a0e243fe375r3woe,0,0.028901685029268265
6,069d251f2fc19102924468ab38349d5eou7ab,0,1.1105385766541076e-7
6,44bc1c87245aac66d176620f6ac9611ddbcil,0,0.009220536798238754
6,d588f4c51e67a340d1991a8130ee0b56hy0r0,0,0.2591398060321808
6,762046a235e00ec6521ba71aaa1450c28ijkz,0,0.0007102827075868845
6,90953913d629a03e27590d0d0f64456601ktd,0,0.0051322574727237225
6,eeb7e43d894af9161f84692f2bf9570fdryzr,0,1.238683893234338e-7
6,a46046f129f3526547aca680877fd8c7e6tfc,0,2.1622311123792315e-6
6,74582963d3774699f4215df7f2d17c1b6b4pn,0,0.0035416081082075834
6,a6230fdfd4879433e36a76d53440f426c7a7a,0,0.05222034081816673
6,c843f90bae7231af13dd0e064a469704drz2x,0,0.0001562746037961915
6,77b7daafef906aa3f941992bcf94dd69zxk2p,0,0.011411004699766636
6,6c6c3559c5f656c71348f7cadf29bb12okgl1,0,0.5903767943382263
6,c780bc2dc7ab83d5e5c85dd13f0f7fdecfxjq,1,0.16860532760620117
6,4ef4b3e5727dc85f18aaf00ff9a1e936qyhp6,1,0.2846349775791168
6,437ac1b8d08c3b328924aad097a3dcdey2m1k,0,0.15725800395011902
6,3b8320619393a6f6bf12219b61cda688k4w4e,0,2.858515415482543e-7
6,04636b6c61c80f5325efe61183e8edb01ko20,0,1.696333470135869e-6
6,c65d2236a70982d628454d19472ce26eltxgf,0,3.1467977529286983e-11
6,d381ce07afba12851a815cdf8858c1c7g2pfh,0,0.03303212672472
6,8d500e174fc28d494482f8ccb9438608zd51s,0,7.914364346106595e-7
6,caa74df2086d71caf6c1b2b9c81d3d98xhpv9,0,0.01149072777479887
6,f2f10539ed947e4b141b2e9bf21af65ecz4f7,1,0.6063499450683594
6,6a3b1ee159716b743ddb8e07e499fadbhqn74,0,0.0019320740830153227
6,8254276e772450c5365707cde76efa4cwuzpd,0,5.339928633551604e-16
6,f0ce8b973cb8d6eef9221fd3d6698fd4kl3g7,0,0.00038141809636726975
6,d2f0217aa734f025ec008d24d13eca10ntuhf,0,1.7067758610513767e-13
6,4f7331589f84c6359bd693513bc9d7ddlitos,0,1.5788770291180754e-9
6,3f977186d125ef8bcbee0c1562c7ced2b4utq,0,0.000012047617929056287
6,49f4481b6bc2255e745ef20ac2a720754r9mp,0,4.11941054184739e-12
6,cad151bdf2e29b764dfd3acac022e5dcy8n83,0,0.0012290299637243152
6,7959bd565852dd880cd31278fab3660fuaqyw,0,0.005124392453581095
6,9e9047df09026ed5a5a3a86403811159u5yja,0,0.003683466464281082
6,caf32bc98f84a47829e76ffe104371f6kphvc,0,0.627718448638916
6,9a272c3baede0633bab0e15ff98d207e3ldpv,0,6.699184540437386e-10
6,c670e7fb466b09000f1053d2761752268bkfm,1,0.0003028353676199913
6,77b342f0d8769898619a935e267eaad25rubb,0,0.0002322326909052208
6,9dc039dc57fd67bd9e7157f4f697ae7eloov1,0,0.3905596137046814
6,a58ace8b671a7531c88814bc86b2a34cf0crb,0,0.6341187953948975
6,f4189a40cc622eaef015a19d75d9fe21mylhz,0,1.204976651791867e-8
6,1a5d7993b43386f64fcf4b84e7b183a6ref21,0,0.0005033099441789091
6,780566278695c3771f81afc605abdffa4143q,0,0.00003189178096363321
6,01f498a0992d280de63ec346692efb2blckg2,0,1.2542500371637288e-7
6,7505bfc1ca67a5ae14e329b46a88ab869ms9g,1,0.7027196288108826
6,2d38a6af2ce96c1446f900aa4756b8975y9k3,0,0.03503437712788582
6,69333c66e55cdd6cabcc6ae64531fc33w20n4,0,1.5599988315018187e-11
6,4fcdd880c4e1a1767c4d26f74bb3466f11osj,0,0.008129782043397427
6,e9f928411213f44502e4942a29553ab1tbqgu,0,0.0007283008308149874
6,622a477170c3e2215b7e3cdb06db93aezz6t7,0,0.4637712836265564
6,65f52b46edfc7fa64b9e74557a78e52c1it54,0,2.411926214307414e-9
6,ddc6dc00f416ce10f23b57ebf758c2eeawzjw,0,0.00028080306947231293
6,08a588ebf7b98f44f8fc695d02adfa25x0amy,0,0.0034878200385719538
6,786cb68d5d2012dedaf70257449090f2hfb88,0,1.353269851733785e-7
6,43bd7fe0ed7629fa774a461127a629f19je0a,0,0.009815163910388947
6,424b638423f4862b2a84f22ec25fa22eb2c8p,0,9.784970750326138e-11
6,1b7c070ffb2c23c1d02ae5bc5d817d06qz4xb,0,6.131741884018993e-6
6,385325103b3eb54b0b974523fb7a13e02go5s,0,0.0002896611113101244
6,84f06d2c69695fe24cd69f8a1aae21a7kozbn,0,0.00009526644862489775
6,e5736d7f8082d7d7fee8430c0e2279bcdmt2a,0,1.1883186101790955e-10
6,c17c63af831939f5e2fd12f65821db65umonm,0,0.17898395657539368
6,15f34e73687d7361ac0d780737fca261g2s9n,0,0.25612711906433105
6,53e2d855e008a5c2f79b4b848d467b86nofo3,0,5.1231008910690434e-6
6,4070f6ad5da385ba11cc99183817eb20h69v1,0,0.002512734616175294
6,d2b8a15ae403dabc5aa752b205181dbe1lm57,0,0.0005522386054508388
7,624f258b49e77713fc34034560f93fb3hu3jo,0,0.000049969392421189696
7,7eaefc97fbf6af12e930528151f86eb91bafh,0,0.00025887202355079353
7,25558d24bca82beef0f9db4ba1fe2045ynnvq,0,0.0030327949207276106
7,d91a4421996dcf429f575e372915cdcedae6g,0,0.663362979888916
7,880f542a275df1251612886d408b32e8m96cp,0,0.018200980499386787
7,d6d3daba4bea632d7f5a4e2c5146f109dkd4m,0,0.00005388504359871149
7,2a7d1f9483d34546c4d099e36e3a79790qvjm,0,0.6684206128120422
7,d36857d18a397e7e24d05dcbef3b919ftjstv,0,0.03821428120136261
7,c62bac5be6489bc0e0a7834a11167171c8ww3,0,0.9769418835639954
7,98783b6bd490f32f56c315307643c824nimw1,0,0.13029317557811737
7,342f22fed8b1e90c6ff1a6b7bd80f6334w094,0,6.146198074929998e-7
7,608d9b68afb12c6c27da6c6565ffe8297wvco,0,0.000993075198493898
7,5f50c6187a179e2ee7ba2fbcfc845c7a1smgr,0,0.19246892631053925
7,aabc211b4cf4d29e4ac7e7e361371622pockb,1,0.6986492276191711
7,e97becf0d4632035ad4cd5e65c827d6f0xawy,0,0.008480234071612358
7,848d3eaa622b26fe57d352eedd9649f4v6obv,0,0.00006768583989469334
7,e98d8f348b266653b6784329782fd2e91vu3h,0,0.18719060719013214
7,68d468e15e0de0bab9694cdca8e799eb2j8kn,1,0.7830921411514282
7,72bc07c7241e1856ba31609d11501c91cswlb,0,0.000041620191041147336
7,d738b259ec6e6af625d1f41abcfd63e9e53tx,0,0.38391679525375366
7,4dd2a50e589cde2802c4bab143dea61ak517w,0,0.000020055291315657087
7,91dcfc10da696a6d90966ff795751708er5fp,0,0.6211162209510803
7,e78cb9678684d649453cd5e1e46baf462lq87,0,0.0007470612763427198
7,af98b7d5a7c1ccd2968252a2fb1c06f69igbv,0,0.1826530545949936
7,8e1f8e5907b3cc256a2a57ae9ac81e063gbz4,0,0.000052247884013922885
7,f769b9f92260ecf046efd05bf9ab6822j7c02,0,0.21955494582653046
7,4c4431ec9b6e683bdc5a3118d5140105r1nas,0,0.0014770173002034426
7,7cb144485c703ac09fc73aa646041f72ogqwv,0,0.00035314439446665347
7,577af9ccdc29dcacbbce0f36b7c1ff15btljp,0,0.00006454368849517778
7,28c0d4c81a22958352aa742f7d74e477qwo51,0,0.030856283381581306
7,0e66933c924764a59760aaae5368e7d1e0s88,0,0.09035135805606842
7,48117c1e2b56cfc8739f83683e01d9b2aoc66,0,0.029791006818413734
7,6086425310e05e77a53317490e8c1f3cxzf2r,0,0.36275532841682434
7,d65efaa8129a85f85bf909e5abde8c3628gfv,0,0.6885587573051453
7,d5f997729fd5a0aa13307e027804de515jziv,0,0.5979735255241394
7,3edae72a9d44c43524c0203ce38581d1790xh,0,0.0001057015688274987
7,2e3b450b727fe3e888c85d52251fd33ffoi4b,0,0.17425130307674408
7,8d43ad48f315364be4d979d2e9d5ee67quqyi,0,0.016085553914308548
7,22fb740f267ac617118261b2fd3365batisfg,0,0.25835832953453064
7,961ab8cb7952191816db53f8a11a35fe1zecm,0,0.2911219000816345
7,3be127c56b2de21dfcf2836f20afe249hqkxy,0,3.798353873207816e-6
7,2c31770e98fc9fc7e0f1fee6207b5600c0e10,0,0.6619971394538879
7,e613acb1029ecafd9792c9f75d468e4bmm9zn,0,0.00328716728836298
7,cf22da37578048d2e51eca1e544c693cke5t3,0,0.3996722102165222
7,f63ed13362ce1c80970ba28a095c2bc5kfgmr,0,0.3529908061027527
7,c48fd9c589f273945bad5f0cea5993ba2fet4,0,0.34876778721809387
7,1af4685cda2979a608c4b6ad83473774qgicn,1,0.7159410119056702
7,068450aafae2a6e390e35925d964290cdliqf,0,0.00003217637640773319
7,eaac863aaf84acb7529462118e7953c3oeky6,0,6.368474601003982e-7
7,ea0e5f7d93f2220a62bde8067f26daaa7oxgf,0,0.326174259185791
7,8ec8add138ed551bd5a9175eae0cb972ie0pk,0,0.48913314938545227
7,e561facfea467ea124df0111e041287ctvgwn,0,0.00031786313047632575
7,ef9ce9b85309d7d1044ce57055705bae8pqlg,0,0.48932716250419617
7,3a5420301c0dacbc5675f6f09aac0143tuodl,0,0.7596924901008606
7,c76f30b8330b6d14fb872b30fcfd9d57phbsf,0,0.03745732828974724
7,908ce7060337fd8550760a100921f6f7wsemn,0,0.19246892631053925
7,08515611e73803dc6d8c562b8514dfb5qi3z9,0,0.4178294539451599
7,b9080651d16e3d6d2d83e1c5debb55b0qpwbv,0,0.0005178072024136782
7,c8d972b803b46212369cf1b480328dcehb9jl,0,0.002097527962177992
7,99bcfc00be736e03facf0afeb79ac533cs7tp,0,0.30751553177833557
7,ea57e35acda9a8f8b75f4d9bc049f74d7qx3t,0,0.17528469860553741
7,175a06fdcf622c9455d0a77990b9302dj23ke,0,0.5091985464096069
7,b719671479e7d75b1ba5a5617c95ccad4dkvm,0,0.00001751909076119773
7,518e9fb1055de6532ed2df6d03fb78feus5s0,0,0.5827704668045044
7,ea5948061b2059bcbd900d3ae7e86e428ae8g,0,0.3793495297431946
7,5850b68151cf0760e94acb39c4dfa02026k4u,0,0.20787902176380157
7,a7454ee6fbb69c4079caf5b5b92574abi6pyh,0,0.00008419917867286131
7,e0544483ccbafc4842cba7650677d043n2e5c,0,0.000883951666764915
7,01349288df20199905e719f0ff7ee771nwryj,0,0.06151221692562103
7,d2138bce99f535c244dab68652ccfa2enshxk,0,0.19246892631053925
7,c5dcc8a649adae76ce01a3fa85b68f237ny2r,0,0.12477289885282516
7,c08e5e3325e2f4fea171f24ca018e675we8kj,0,0.19246892631053925
7,3a8124eb9fd3977e43f5e0762d9a09d536rob,0,0.02383638173341751
7,f535b28ad58c83d35ba87fcd46624148zbh6l,0,1.2811650549338083e-6
7,40e00fd204d0ce97110032bfc47f423d0bgrd,1,0.9360435605049133
7,47c5cd21a74e45dd294cdd53041ec0a3dw3ge,0,0.7087775468826294
7,e22528ef6a439aff5a8b19f8c9b07c19fyzs6,0,0.24042008817195892
7,f93a998dc10a4c98f65c6b86fdff651d5i4qh,0,0.00014804780948907137
7,e03311c7620a8098b7a177a5f1ad213ernao3,0,0.05407966673374176
7,c9056fc0cade75299ed4438567a87d6ek44pt,0,0.3450801968574524
7,2d82c3dc726d2bfa19c5f16ec3de5023lbse1,0,0.034973032772541046
7,3c0026d48f3d6e10cef6cdb1f708793ccwkhr,0,0.030078880488872528
7,f2bf8c94172c4d71076e151cb4e136007iiur,0,0.028471853584051132
7,f18d2ebbd5e48ef4f1ee412339d6ed7adr9qi,0,0.01959320530295372
7,dcac75b5ccc362a66e7f9112f033bdebchxq4,0,0.08268137276172638
7,5c28b04424e96267711d5af2db62e022tp36c,0,0.7507962584495544
7,9819825acfa7e20c47a78bda5e76b195jh0gd,0,0.4266800284385681
7,9c0cbc0fd8a6c22ae3648801ade080fek6i13,0,0.5438750982284546
7,2e1eb5b56591662fd7ecd7b39621bbcfgd1ks,0,0.00004307862036512233
7,4f891171f7b09f54d8b4f30b48421f178m75r,0,0.41586482524871826
7,bd8bd6cae40abb19b81b6b6a7775f63e5tk1s,0,0.03347848355770111
7,5d02346d70f11cd61d9fb955846ee9bdp5o6k,0,0.00017316015146207064
7,3fae46174ef1a7dce5e9893775f814c4so8s0,0,0.016605133190751076
7,313ede314e2e05c31471fd6a93f98af713jud,0,0.15579137206077576
7,30ef7862d69b3440ebf2726ee85a0b8397ta7,0,1.2019499990856275e-6
7,f8d0d52114da74d98800dc7553008705dth38,0,0.4559065103530884
7,66513f72be85596a527f9f653db3cb72cq4jg,0,0.657709538936615
7,01255c2c7c5578c186873422fc00fd7afwk8k,0,0.2630237340927124
7,b46132a554a2a3b93efc5a9352036e6crl6sk,1,0.4521215856075287
7,573cf43253a18821e50dfae941ac287ceymgo,0,0.001027595018967986
7,86b6207b5e87d58ae307bdc1545a101akz0ew,0,0.020941106602549553
7,fb6814db96bbaf61f42270a85f0f62adunxft,0,0.37055692076683044
7,67d245e38ee756947ed395fa099807fchxv99,0,0.2491275519132614
7,200b548999702c10f8f9fdbae9ce60622owzv,0,0.3327789008617401
7,d8d90875fbcf94c3b4c5c00479cbed6e1mqrl,0,0.9003342986106873
7,651402deb28af3e3d1ab9a6b88314b591uuaz,0,0.039302386343479156
7,3073d007a5b42b827cc770ecf4805278xvvzl,0,0.015523998066782951
7,b6a7b5bba132a90e7c7cb350d2bfa52d7sion,0,0.14696276187896729
7,42cce5c657dc7d99911d950cb22fcb4fmzz5e,0,0.0026151537895202637
7,61101089c1b34f409fc9b836a7f9cd163y22l,0,0.000018365788491792046
7,ce22684df495e376e32ac95d3ceb1164t37l2,0,0.00001192337367683649
7,29b8af2fea3881ef61911612372dac41vczqv,0,0.00023553094069939107
7,8d8f705595701b921012777a281a553622300,0,0.05257948115468025
7,9f793ee6e6df7f69b5a5acb4e13db0476b26x,0,0.005487090442329645
7,40ef6a4a0c99b478fee1c93f4105b9d9mh9iv,0,0.00001973499274754431
7,cb9a75312b809291306c6213ed5dc67dw31qz,0,0.5448422431945801
7,40efc98d259ee36a8c2a387ba49f39d0fa39h,0,0.3433568477630615
7,9aca61f505f40a3b4f7865c2d00e2418s0e1f,0,0.7123270034790039
7,156f4a8763e602ef789f8048c6928676a1ily,0,0.00004157052535447292
7,dd7292cdbc81ebfb87945d9ab176d679gepf0,0,0.535050094127655
7,2797fe80977297483e724b8390161c937dh4g,0,0.36076050996780396
7,34a7ce35b13775be4e20930ba2788a3ebu5n0,0,0.0000441408010374289
7,f211ff014ed43c9054916f97d6187108mpxr6,0,0.6953800916671753
7,cbe756ce81f5c420a1f7079791ed9aa2js2u7,0,0.01793712191283703
7,0daf4f87eb695e2a84e4156154209e09k6ga5,0,6.372037660185015e-6
7,c6108e22518279361de99b3c7c298235mkoa9,0,0.13541415333747864
7,80bf6ab93fbb8316efd5c0b42d4b46c83qrdn,0,0.00037070346297696233
7,aba1120a5b13cf72c1d52c0dac8aafc67nmoh,0,0.3356591761112213
7,936d73a062928a362901f0e507d57b0a8rjs7,0,0.04594431817531586
7,6393f55c093e04e6e608e1ee8be9c3e28omjd,0,0.17142288386821747
7,80130530788e55de6e9fd515271859d1kgfsd,0,3.7092831917107105e-6
7,5f7767924aa92a8f01b44a7e09f00a4dgqk8e,0,0.5462662577629089
7,9f101e80580cbff55a2307c028408a91nebzc,0,0.4248705208301544
7,a9062f1d7c589bb01ee0b330ee8791fc702il,0,0.43836861848831177
7,9af8e7dbdc3c620c8144d736242b3bd2fdbpx,0,0.4982107877731323
7,420e7aebb49d7ab3c04e109a98e152d7kquiz,0,0.00885095540434122
7,61a4da78a5aa5bebcb3e9818a46771766gtq7,0,0.45079705119132996
7,d2eca28cbe0a3dc69715d719c6958faaaqx95,0,0.5587197542190552
7,84a773b3c9d300834d9d57af5dc83091y54cx,0,8.347670700459275e-6
7,af5d33f9724b0e8c1f875406c0556d1e6eotm,0,0.67924964427948
7,52d8066e28f168e5bee769559ead307e1go7e,1,0.7553418874740601
7,03a1e81cb7bcd15014489a6f752c9d5b7pvel,0,0.3310337960720062
7,557f06b312e040ed3cd7dd2a011cb83avyut1,0,0.7409837245941162
7,d4be674fce23aae81c4cb946d4fff8671gxtu,0,0.05546452850103378
7,ae817305e82b580f9ab89f1a379488e39il4q,0,0.6199770569801331
7,c8e474ba549fe924bff9d3f585a9943cg9aju,0,3.570306716937921e-7
7,1cf0d30e0bf9f4a536b1fe16ecc26cd22j50c,0,0.000015047807210066821
7,183c4e44d09bc4ab990b957e765af311vlup7,0,0.11289689689874649
7,84d75f71a61667cd327367453b4c0d2frury9,0,0.004037864506244659
7,e2e14e8e15204b504b146d17a2bed925qg3u2,0,0.000344390602549538
7,0141844fc725a85e38e12cc02fcdbbe8ofqxv,0,0.1933000236749649
7,39802378690e7d0c61d294f5898852b96hsfh,0,0.00526453135535121
7,0c57d8eaa2708b768416ca91dd8daa2cqbl31,0,0.3380254805088043
7,efdf59a8ca81c5d3744f9121ac8fd2c7coy3g,0,0.0687188059091568
7,58c3300ea9095cf5e59e27abf2a905ce7tl6p,0,0.002567015588283539
7,e0df56a5ea8094d070b0130d7178a996noolv,0,0.015453662723302841
7,bd0071b98d9479130e5c053a244fe6f1muj8h,1,0.000013126670637575444
7,147164a9fe8a6bce381a224e9f13207cc1mdg,0,0.00005678344678017311
7,8acae9b2e5454fbd92fd0b3d79fe89ad6w2wp,0,0.08243128657341003
7,b1c2e7ee5c69722df6233541ad5e784eutiv2,0,0.021005837246775627
7,86e50263881b0d382b55777185eb648aagh1g,0,0.5821480751037598
7,98eed7cbee9b1a1b526a635648e7cd2fhbt5w,0,0.015483012422919273
7,45fe4f0fb849e7195a1efd5495d1285f2culj,0,0.012728099711239338
7,bc3b92a81586cb726cbf4d5b418fee41o20sj,0,2.6592863378027687e-7
7,9b733fcc97535e27037c231858a711adyzvqf,0,0.0008864263072609901
7,9db7471a12cc3b8fa3cba86bc00abde2t2wz5,0,0.043828535825014114
7,7c08de9de285265b2c34970139331f9fnr9ad,0,0.48787933588027954
7,f019bd7ec140624144c4a9b40c42bec9jok79,0,0.5582964420318604
7,d3ab33e9314c95d6806813171f292299tmprm,0,0.0005109899211674929
7,9a12aa1aa3560062c6f84bd374eb5f7f422vq,0,0.035011742264032364
7,43553dd8b9370fbba5efa6b652d9b43ezsj11,0,0.01885790005326271
7,a15766d8d3d231f862996eb3ec33559735a3d,0,0.1035580113530159
7,cd35a3230456d4a245806e476c63e9a1evu7i,0,0.00012714289186988026
7,a40808ec5bd9d0440585286f1658c3b1ag8dt,0,0.40410494804382324
7,5dd3494b46f39f8c8783c25527b64dd8hp8ti,0,0.00008444175182376057
7,f7e3635c9a532fb9a60d6eda6eb7c7de3uqs2,0,0.4648042619228363
7,ee5afe7f268aaa88598545df890f4e5fzari6,0,0.10291223227977753
7,0bf6e0e5184b3599bbb4ba1fb3a43549ije34,0,0.00009753182530403137
7,3ef757c3d6a272681c69bbd7e071b705yzt8t,0,0.000044178996176924556
7,70c6727cc40fdc6f752b28102f31a38b883io,0,0.13719061017036438
7,c1624207d78346c3c58cd44f3d5472fcriae4,0,0.08569517731666565
7,60849c6d966f178808d94543173cb93dog4gt,0,0.009310421533882618
7,b416bf88dedd6ccdbc3a2146524500258qdzz,0,0.01070490200072527
7,97ac4a68e5600c4b7a960d9580d4f251470mc,0,0.014340177178382874
7,54379b25f1f35d9df78da9cd774cef74u5wt9,0,0.1150709018111229
7,5bb3c3ff71ef6560c7600c512128ffc8js7py,0,0.0001374424173263833
7,6feec0741a319299c78c47040893399ebas6q,0,0.3878394365310669
7,63c48b70d37dee5fcfb26f94107ba3b94d90p,0,0.26815319061279297
7,f3bb3c26162cfc1b8c3636a7ba126010na3n4,0,0.2746075689792633
7,d092609f5140c62ec64ddd7615c25792qgdrd,0,0.035884175449609756
7,6e848149cabc4434155aacb610fb20de6vq5b,1,0.48489657044410706
7,fe19fadb955fee4c5fcd0e30e56e1542kx66p,0,0.6289598345756531
7,24284d3fc3334e0adeb6bb95637ca62d6dm96,0,0.09434859454631805
7,93ab2dedd76c1859885cf724ebcd987c9ngfi,0,0.03363848477602005
7,83a24bbff5a4cf9d9fb10391102708f1oqpco,0,0.2693389654159546
7,8d638f6da12614d6b369249410c3d278n8qme,0,0.00038857475738041103
7,d7b66d95bcfba06122dc6f7a3c605fd73239a,0,0.08156203478574753
7,b729f60d26fde89a01f3fa89759d6b07t0ec4,0,0.6958701014518738
7,3ded667003605eb856ed1aa2b82c1732gtma1,0,0.8486657738685608
7,f5edfebe95b4f637d1bcceb892b73dc7rhn7l,0,0.29030123353004456
7,5aeb71cdc92fe5d1c4a4e127d7ca7783gzje9,0,8.19752585812239e-6
7,519c0f3b989c8e1781e0910f685980ce15wzr,0,0.00012520050222519785
7,f3ad2931359bca59c36ce55ba82f9af8enbi8,0,0.07974574714899063
7,a71f9ab1d130394882cbdab3c886f1b0fm6hu,0,0.00003267851207056083
7,c478f94c1323552e85aec6e1013ecba586320,0,0.8415469527244568
7,e735a2301a18772a8276aa1f17ef79efu4yew,0,0.1431744396686554
7,44d34926c0863edb7575b819980e0e728pn5b,0,9.559767022437882e-6
7,171fbac128e6dcb51d0f07cf7ed8bd3er891e,0,0.995488703250885
7,098bfc9c440f9ba9e6371f774ec6a36fa0sq6,0,0.050580911338329315
7,6e178db6d17d21aa88aaca5bf15c2761lc500,0,0.7734439373016357
7,1395ca662a02245233af951cc7ad8313vk6w0,0,0.18811652064323425
7,b9c59dcf41cd0a7ba779154872019cabmohkm,0,0.03802497312426567
7,bea63152ca4d99f549999ca57b93d015z9kyh,0,0.24895040690898895
7,2137e2626c568af8e56bfb72fdd5b9e19qiyt,0,1.653058916417649e-6
7,d863897264a7e52d9c6a1be6dc453c6c9anz0,1,0.2991504371166229
7,8cb96eaadc11cf4f914bad84518632e7czdyl,0,0.6635582447052002
7,7259271b61d2f05200eb2e1ab1d2ec911jlaa,0,0.05295762047171593
7,81c9c749b2c9f97215f3ddaf8b5a5fe1k757u,0,0.13175342977046967
7,5ddf9ae899e629acf3e78141a9712a05a4feq,0,0.5664258003234863
7,9fbfbd8a57e4d4b18338063ffa43f1bez92lt,0,0.015734000131487846
7,3d2608a892e44dad3027ab55bfaa0b26r69hy,0,0.7336345911026001
7,5b0665172160ea4015e79dfbcfa7ed86oe0mc,0,0.1286919265985489
7,69d8fbf99586bfaac64d31f82b9bee27wltkd,0,0.04955233633518219
7,86a34cdbb975c141eea1854b10dbf1c8seom3,0,6.3570510064892005e-6
7,ef1d71dde32e587e761a1b39d5b374c7gk68y,0,0.04591408371925354
7,5324221d38a79636bc4560cbcf2d75c4gimrm,0,0.7604683041572571
7,3694aa599f836a57b671ee0814b071775i1nf,0,0.560384213924408
7,5ccc30558d4c218cbb4d36872fb82a03rjxgz,0,0.004289089702069759
7,ae0dc05e48d0f1e3ad33f37b4400bd069jktv,0,0.1594499796628952
7,f069e2e45ce316168a94b972c5b7d6b0f342m,0,0.03859344497323036
7,4199816cef8be846ca71ae752575744fimyto,0,0.993536651134491
7,29bd1e11a41eb2ff50af75d10f28041ejh9xx,0,0.4605298340320587
7,ca68a41b3a4062f154dc1ae8456cd792d6kp1,0,0.039101216942071915
7,1ccc69e376c95da9bd569a5d1a176874ivojs,0,0.0021827174350619316
7,08c39ef7252995e0749f7927249b8dcb1d3xh,0,0.0008891099132597446
7,870932eabebfc108296437c303db6055kc3t4,0,0.0000154611643665703
7,9196288f121946095e5c402fd326109827t0a,0,0.9889326095581055
7,e8f3ce0b2d0849968400b63b992cc606psoij,0,0.1218130961060524
7,db85fb5556f17b744938cdcc2e7ce9b5urspd,1,0.6267889142036438
7,06ddad46112881df154e3bda0e90fe880r57n,1,0.7257323861122131
7,3e995d6f9dda5f29c02af4c9fcb94bac0csrw,0,0.682115375995636
7,d428139761f7b7563d57bb1f87b55876388j9,0,0.0009953788248822093
7,e932ef68638c37220f4c2c386cf54578x4hpn,0,0.013939878903329372
7,d6fd864297177c38cea65aed8a45fb7bbp2e3,0,0.529779314994812
7,a0420d3961adf890fccf4b43899708f6h40zs,0,0.0012480536242946982
7,0d1815382b08885d76c671ab600133adeyp5e,0,0.7218658924102783
7,67fd1325fbe3cd75a110cc80b9df9708l0w52,0,0.39959830045700073
7,9bd2d79f328a5afe815d5832e521aa9187q2j,0,0.7687968015670776
7,57c4421263d37c2cd2573cd7245a7a80h0mjf,0,0.2857421040534973
7,02cfc97e8fded77671e71e1951723d5fwz6a4,0,1.895615469038603e-7
7,87c5fcd8d9582701469f94bff3cc415dvq4ia,0,0.08363419771194458
7,486dc9de91d243625863313adc03aa6bv4s1e,0,0.6923563480377197
7,b7515e5f181a6d4884674897226cfe9cpd6d6,0,0.0011976835085079074
7,ba0ca6f98ed66bdd1c4e86db2ce4011fdk6ii,0,0.628212571144104
7,aaa8650a6e0997e90e4b6a9fc2ddf555m5c1g,0,0.5033672451972961
7,e0984156959c3e7cd05b7ec8ae239303inqlo,0,0.1996590495109558
7,4cd52ae88da3e30dbe01da5048151c98p4f0v,0,0.0246230810880661
7,e10ae48cce1e198f7283064cc8a2f836iy0z6,0,0.09629831463098526
7,17c59325ec223c94dcb301a7451c39871vxq3,0,0.9370177388191223
7,38d9e2e83f25229bd75bfcdc39d776baz5zu2,0,0.684672474861145
7,50dd191676497345cc95d8b9f7284a7371z5s,0,0.000011957763490499929
7,c1d9c4c69367536d7b0ccac19527629f65025,0,0.002357078017666936
7,48badabcce6015d257ff5809761486c8qgjul,0,0.6628026366233826
7,45e4c7fe66077b5b7b338f19f476f9d85jlk0,0,0.00036672569694928825
7,1a05035da8ea9dead1030ccc993b5284n1on8,0,0.0008826101548038423
7,722d1147768bdb5918584997e1f677e55g0nv,0,0.13127484917640686
7,0547dbd3ecb4a293913f138d60b586fdf4ane,0,0.873595654964447
7,a37b105534ddcabb169f6ae3ec928d85slw6z,0,0.0018206805689260364
7,2cbc26f228e0556f268e0dc1bd9ac0a5lzdfh,0,0.6777498126029968
7,d5b75c812d172da1ecb3164a1cfb7527688gb,0,0.07782530039548874
7,7ec5c7e2317a9b68e861060531588f76fpldj,0,0.00008759567572269589
7,1c61726e316d5a16aaa80b429080c534u43s0,0,0.00034609652357175946
7,445eea09a6299164f60dd11f23276b44rkt8q,0,0.00001194000924442662
7,5e3747785e44d85a41a74470c051e946x01dp,0,0.00006901447341078892
7,2cbacd5b066b7dff7e0a87e1ef00e0b4zpqzw,0,0.00003559709875844419
7,28a0d5539562290a1a2f63d5b7230db090ys3,0,0.2801346778869629
7,20f206d2656116bed8dd46d5b70dac81lbgfk,0,0.0068657672964036465
7,96982cc1eefd6f526b512755151227c3h2w3l,0,0.07928662747144699
7,6d033ec559ea79a8ffb90d80e0b24e93j82av,0,0.43148985505104065
7,8a7710ee3c886df8ca78c88120603cf6taql6,0,0.00005531558417715132
7,8bce581a91921adaa5fc20e627cd7b94l6cp6,0,0.025128761306405067
7,bb43fc12fbb0fd2b2536e4033ababf59exffy,0,3.2643888516759034e-6
7,9a44bfde11a7b6ade17cd33a2b5102fcnlhm7,0,0.4045524299144745
7,340d7ea497f16bdb912ec5c6ce467f71kk7hy,1,0.6101488471031189
7,e8b82b8640ecdd154eebe6b36ec63f0bdwhc4,0,0.050841670483350754
7,0b3d5f829d18ba30d967fceecb58821c3oeqa,0,0.736228883266449
7,14fe3602f049d4574cdbdef13789647dsgtqy,0,0.0005688214441761374
7,63424f85cf53557fdb5dfc6a280af75epl45b,0,0.000025247658413718455
7,d4db72f36e6ad1668dbc0bf4f0e1c49bn12a2,0,0.00019797343702521175
7,5e5d3410ca3605694b3c75b2274efd44c9vru,0,0.0010744398459792137
7,cf1f2b6f29840e1ecbb31d18fb128c38bseas,0,0.9998794794082642
7,8df5d645ed4040b857c121a4459b7976n5u3b,0,0.002371539594605565
7,069d020584a0e8c61e622321d4c43881j7pl3,0,0.003829271998256445
7,cb705744a588c18087921e74e68cfa10oev6i,0,0.5280652642250061
7,820dc943d26965d377be315497837bba5iz67,0,0.41128313541412354
7,6b531ceeec5892121e04dcc6f89b10a70yqoq,0,0.7345656156539917
7,a4475cf8808f8951dd5163ded3ee8032g9vxd,0,0.19246892631053925
7,936a335eab4643c3529968a4d9b0c380esi7q,0,0.28683456778526306
7,4483201dee43b51f338c0efd3b13bb895tric,0,0.6058276891708374
7,e241b80fc1b431397ba6c70f2fb8ccb72wbra,0,0.004485832527279854
7,683833b860c003e6c31c521c9cdb49a1kr6b4,0,0.000048098332626977935
7,ecce760edfc6ec5cd5ddc7037c514dc3zod4i,0,0.40429675579071045
7,a6f994251abda6687ada2e9de52bddb5cisa7,0,0.04436923563480377
7,8473148f069a890b7323fe8316861a71qoxv1,0,0.015082131139934063
7,6e8cd4699eedf0075cf5662e1fff3a857bycf,0,0.14895540475845337
7,97db2350652f8d01237fc4c59a470eb81h9gs,0,0.016663413494825363
7,97268eb2ac171298eb03ecc6445d6879wk3pu,0,0.08969826996326447
7,197e90906939267ace2422e78e8e83889znqp,0,0.7483521103858948
7,227bc0936837200d0aaeb444ab8d5f1axs8zr,0,0.345443457365036
7,b2968116361fd43589bde8eca72c5767o71qc,0,0.036244239658117294
7,d9d24106ae1ff4f5bc4ec3caf29d7bd2c2f5o,0,0.15701624751091003
7,9dd7e7ef94a7bc5bc9f98c42099910e7o76qh,0,0.1907656341791153
7,e8291466de91b0eb4e1515143c7f74dexy2yr,0,0.7344961166381836
7,aa75d58c3e1207618d47c72ffb19c872bolg8,0,0.06347337365150452
7,3714da7069a5205137cacf89ab3a136ffx2u2,1,0.7841376662254333
7,8ab98c1e6cbfb902af4e02050a886396a40bg,0,0.0034240165259689093
7,13c4c826516304555e291d3d91c108b3ytpmj,0,0.6615787148475647
7,460e932b11a1529d78246317757899ccfaxng,0,0.1648368239402771
7,d9dfeadc7e0e844ffea3cfc706daae5dt2hhg,0,0.26159554719924927
7,2dc309478d30d440e75c932b1f13a8fai2p2e,0,0.04120251536369324
7,76ed824b414b5e690ff82e7cd2f5be52256my,0,0.5417823791503906
7,078e06b3288cf8f18ab7ed44b245fc56nbyfv,0,0.5076741576194763
7,46f1d7df0a8ffcc10c3de0dad8979cabgr9ig,0,0.000036427642044145614
7,ce7d34398a6d6011bcd96ff0aa82b6674hxzl,0,0.13723346590995789
7,0f3ee77a46dd5a09ad20b7c3e54ec614sbpvb,1,0.24494951963424683
7,0f33df2513a519a35c8b3dcf1d7c7416jjjzk,0,0.6892277002334595
7,de4388600d997803223748e48bfc7b16ggyrh,0,0.000029917475330876186
7,91b8febfd1f556c06838992814e7653cr119e,0,4.098434146726504e-6
7,7a0b445f462d05606bf6ea07e2ab96ec1a4kx,0,0.0006009758799336851
7,3144ea2711bef53de88d89d71acd16c5q0bzh,0,0.16627033054828644
7,3ef2325f8b68e1c030547a2a54ea6b98zwa2w,0,0.0004947973066009581
7,f3d3c913b225bc6cdb98c60f0936f7cbj8k3a,0,2.3343532120634336e-6
7,3dbb502d9d6f89b26f62cc804df54dcandhp0,0,0.24260228872299194
7,17dbe14676cd3a3cb8a7edb438622f7fv2scv,0,0.04706345871090889
7,5c32e357936f8977277d9b23d8f09f34v41wt,0,2.165597152270493e-6
7,96dccfc370343f6871dc478d5b2fc3ffx95d3,0,0.5849077701568604
7,da00b16633eb706fb11d55868120cdd9so58j,0,0.15611328184604645
7,c910efe1f135b08acc32b2db162362033olvv,0,0.32195907831192017
7,44bfa21b7d497f097a594c8861d4f8d4w5e97,1,0.6087138056755066
7,a25f4c6838b83e0fcba372300c23c2537k5eq,0,0.6126658916473389
7,6e29de28296a57f039026ffc6df9145cxo2n0,0,0.5716274976730347
7,07012e0507b4281d430b93ddcd96cae66und7,0,0.04155614227056503
7,6b28baf315d41017844e15d645bb2c05ybt3b,0,0.0004065789107698947
7,1fcca45fdd3d1d3638821f41e032f170en3h7,0,0.01804308034479618
7,b8da3e0dc73d1f453ecbe6ee4d4e8791pr8az,0,0.01105786394327879
7,6d1354e720cb9ec90e19e29f5f895669qh6g6,0,0.00012767940643243492
7,8fd35d215ab6530c2ef096c87233cbc93juwy,0,0.4270387887954712
7,25331706aa2157419da068e93f3989feyo7a0,0,0.2442789077758789
7,79cdbe82ec79d0e60f1b113d9a5bc5b4ar8bk,0,0.02362319827079773
7,17e4d6d9a1f8ec00cec1d4fe79b059bd51476,0,0.0009487487841397524
7,170a58cf637c08f0818ebdbfddca29c9irkxj,0,0.008664152584969997
7,2f9ea407ba48ae05f98fdf634995d936xefau,0,0.6444312334060669
7,4641b5a43c7a2496ef93af2ca590d2c94s20x,0,0.12973915040493011
7,f5b2bbad20d1d7ded3ed960393bec0f40u6hn,0,0.7958704233169556
7,8bc2a424939c50eaf4a652e253421b0f9b0y9,0,0.6194567680358887
7,83dbbc6c5c7ed95048ffa9427d807692339oi,0,0.6168162822723389
7,5cdd665a22747394620c17b7753947b0xgzhw,0,0.05057927593588829
7,0e373556d3bf588a1bb2ca6354120cf2dmvjs,0,0.000055073618568712845
7,21f5b103136104e4947e293983dbaa5b4tder,0,0.7235384583473206
7,98c12418158dfb9494af01308ac2d0588gfw2,0,4.368916961539071e-6
7,7ba17b1eb362ef91a99a6f021b3f2b63uyo76,0,0.0019781149458140135
7,5f529b5ee68b60482c5d0c56ee91f3c2cjrmx,1,0.6650635600090027
7,c36fad0b52a6be6ec32cc5530c0a2aednea6k,0,0.7015216946601868
7,20d31f20169e8612fe13818891f88a83r66gm,0,0.00019870680989697576
7,bbf1dcd2f0100fa90e4a8544b90e35846p5y0,0,0.0001705174654489383
7,c99b1edcfc7f0c751b68fb310d34b75ei6j82,0,0.0381135456264019
7,042780ee9a3730703e35340c575c3cbb7zjwk,0,0.2434144765138626
7,f416aeaaafcbb66aabb77347776db008qw96o,0,0.7414993047714233
7,e18ddfca4efb99a785c68ede9ef773ea8sfmz,0,0.00003150936390738934
7,f29896e71c8077db28617a03c0f14e7570emg,0,0.019918905571103096
7,b28e6a39ef0cdda29c5e350e048c3a813idk1,0,0.0005220270249992609
7,75613637a85df9328b743d33b0efbf1586qow,0,0.0013502370566129684
7,f1e57f96a91c185a7ea716c2481cabecpi3ia,0,0.14075656235218048
7,28763f241cf0483ca1dd3aa1bbcbfc37xntso,0,0.0005990826175548136
7,70db4530c292bc759238b8306ff4ebb6n4l6t,0,0.0925712063908577
7,b1ae4691fefd3d09d74096ec4caaa6d1v6tbw,0,0.012055136263370514
7,7bb58b7875a093cbe7c5d487a825b730mjcw8,1,0.3292040228843689
7,d927c987f8a4ba2dc4f38dadc0831100tt94p,0,0.43538787961006165
7,802a819acf0601b43fe5426cb48ac0bbqwfu8,0,0.6560954451560974
7,f895a8d9d7974b3ee7f1f04a25a950e9v63ps,0,0.34308022260665894
7,2a73f10b3b8f2b825e220ba0a1d2c49f9nikz,0,0.01510004885494709
7,f7b25abd850df9b0e0b305c6810e1ec3qbtaf,0,0.32740193605422974
7,c1c22607e7899ada525b74e757d248ac2b8ac,0,0.00012543890625238419
7,cdf1fdd424a11dde166c4bf069d6998eph7b1,0,0.6407877206802368
7,fcda141af3b545332fc3b2d55a8bba74uw7s0,0,0.1978444755077362
7,458c8c4e10e5c1b29e3fbe5ee56d46e8y3fb3,1,0.6158453226089478
7,120c8b384858420c4e46e354c86f4ca393w0i,0,0.7250620126724243
7,022ac3a7ce986049d9a4bede83ccf9ddctvg6,1,0.8169817328453064
7,205a011640002932a7bedbb93d81b68b8m93b,0,0.009920107200741768
7,29e08b4d18198fe9265772fba3a4f6c4mj1rw,0,0.5299920439720154
7,8f6605a649ae41fe950a6bf579452464d9lmc,0,0.3982911705970764
7,0589cf78c4bece729f0ac620557210e13no3n,0,0.0029366351664066315
7,17a321c4a0d925ca80507effa52330ac5n5r7,1,0.6553094983100891
7,3e602dff2e3bbe7a52236df2294c9e059fc2l,0,0.1852063089609146
7,df12e679581fb2054907dae75c9c78ee9kzzv,0,2.1574217043962562e-6
7,d1200a75b6c05584f4f902e74d3dead76cj15,0,0.12778650224208832
7,efa1611e96c3238913333b8525c6a196rvy38,0,0.0019458316965028644
7,aaa686462ebb950550fc1c6136ffb273vkrc5,1,0.810094952583313
7,f6485cac867e1e7d2d991838551b4c4bfnarv,0,0.45035144686698914
7,9744d8ea513490911a671959c4a530d81fj5e,0,0.2715691924095154
7,369515b3af4f8ca582f90271d30b14b6r52aw,0,0.14889052510261536
7,c806dbb2decba0ed3c4ff5e2e60a74c2wjvbl,0,0.00004139401426073164
7,0381a69b7a061e9ace2798fd48f1f537mgq57,0,0.0031367093324661255
8,57db69e32163f3e486dc6ef7d615aa12usje6,0,4.413154730542601e-9
8,585e7c21b80baf2225224fe140cdb1a73ddrf,0,0.4920899271965027
8,6e4d22dbabcf2eaae5689c7d155e1c1fev15l,0,3.431663841979571e-8
8,b37b352197594dae96bb9219bf59d656oz79f,0,0.327352911233902
8,11a38554244f3c14de043aaf52345c35jjqvo,0,0.5622568726539612
8,322addd5687d99bf69306148e12f87dc5jbsh,0,0.005363323725759983
8,0d0b3d6dc27d0f8eed70971f8c6bec1bdrs0f,0,0.012245796620845795
8,975dd5178d34453c1c3c8edc47cf44274uv5s,0,0.4847911596298218
8,927c5e145de79f9ee2ada0ddc054b4e9hc3qj,0,8.572303045184526e-8
8,2307bb06855a6fe75ab56ee6b4a3860835di5,0,2.5533779535180656e-9
8,dadbcec8b02ac75c5935f419b318ceca1wwjw,0,4.3208589917825835e-13
8,96b90af2d3eea4d3b2bc725e1c92e212qu52g,1,0.7601735591888428
8,da6e2a5651b4f44fa3cff41cf9731ff8qc8fl,0,1.7638505239725433e-11
8,001068c415025a009fee375a12cff4fcnht8y,0,9.450691322854254e-6
8,cab0d4e41ea81636de3bd3a1800d8da8x4yca,0,0.1953354775905609
8,0cca10034c58287ee6fbec14a3f96c3546sdh,0,0.000022477413949673064
8,20cb327bff59dc8f4fe1ac68a30f02eb6jrq6,0,0.0034498688764870167
8,3073231f45ca50ad6830d4dc7261f283iwjjm,0,1.2535082305475953e-8
8,47e0637718480102d235233c83661a7850foh,0,3.114970013484708e-6
8,226017dcd6506ce20886540ff734210d8hib1,0,0.010082868859171867
8,9653f425ed82418570fbca890f7032b16sjjd,0,0.6086645126342773
8,671fb1e314a1f480ba9ad9b5a1cf6a91w1k2f,0,0.4653940200805664
8,5106dcca581b63cf2226110a9048ee4846sxb,0,1.4969485206961508e-8
8,91d9b706f63537c5fc0027c50b0e3b06qpdgz,0,0.0006893733516335487
8,ca76df527977e5168e1b3352cfab2ed9htipb,0,0.00008769630221650004
8,19353c42feb91a216885fe012efdfb11s2iu8,0,0.00006301201938185841
8,fdd836950d203286832a21b930b9f6b58ch7s,0,0.13492317497730255
8,c7d335bf99b9c71fb22797ecbd78b92ashv4h,0,0.18101704120635986
8,88103add66b7113729a9ca82540684c9il94h,0,1.4352730204336694e-6
8,5948bcd0f773286ff7d5cde332c7ae6918jt6,0,0.08298445492982864
8,d6ebcf2149c311d221b233b268870b3d5gfe2,0,0.018920673057436943
8,dd055846eb553ab8e953b084f2048d53bdqec,0,0.8490606546401978
8,6a76d66f035914f93ebc725a0998b399r4gdq,0,1.0661546667734001e-7
8,2736ee274114e9440463bde9fbffacaa5xky5,0,7.782618638429994e-8
8,d6d68e218a6cafa246ed31185b09e1e1fsu8x,0,0.8160485029220581
8,929b75b44585b34d2b917ec181ecbcf298fr8,0,0.7687308192253113
8,e3ea1d5464543a1ef3a9b60394fc4ab6i1jk3,0,0.5935466885566711
8,eebfd257525e52b67969ae9d8760afff12j3d,0,0.03346991539001465
8,7339b024b285f99084bcca768cce5c7e0h2op,0,7.439794440233793e-12
8,024937af9ea18a2b57e4f08762d181f7s8a3z,0,3.0730712419213546e-10
8,0565a780f2c5b46837bbe9739ef15ea92fdu0,0,0.5058567523956299
8,42c407eb70ddacdcd59d63f22caaafc4fa0p2,1,0.7814316153526306
8,e18e3d0fbfba81cedcae619dfa977875p10ta,0,0.00011161391739733517
8,96b1df591dbbf3a002578574671d9ff1rmzev,0,0.038199491798877716
8,4376fc192e83a1a5d7a83085369916e8rr035,0,0.000037378449633251876
8,e7a98dc8545eb429007cb48799a40a2dc9p6o,0,0.7552233338356018
8,f876e3be4038da62f49234ee498feb732gdcl,0,7.073886476582913e-10
8,ee052a24cd3164af9d08fe77bd6b79dfrbelk,0,0.39801815152168274
8,76218e14c379c12d599dae9e1c00b61a3i5b2,0,0.8499850630760193
8,e0824707d4a78230ae54209a920bc3e3pzdpp,0,0.0965149998664856
8,33a7a0121e28cca4e42494dd0f5aa03fdhlm1,0,0.009021524339914322
8,cf456f3c8c409ec4060142acfdabb5bbqpx7q,0,0.04023894667625427
8,db88530db963dab43118aef5aba127ec29abp,0,0.00031998296617530286
8,bb790a228de797253bf6afa43ee52eba1s2dx,0,0.618442952632904
8,c2d1b8c1b7a9c8010f5b215e8aadb1d7gahpp,0,0.15704211592674255
8,055282b75717345ba6f53d40e9e6d6c56qrzp,0,0.8717142343521118
8,187636e527504df29bf42d4a2b7767e54bgv7,0,0.038199491798877716
8,fb5a19240e36ae12aaccc1e9d9231144l32hv,0,4.819554824675443e-11
8,1e1c9332e90c1cb0f01da223bc043c528cvwo,0,7.027038506635108e-9
8,a0660fe8a46b9cb6b02e7b0c50eef6a905vt6,1,0.4436170756816864
8,0b450f2827ec670da34be66ec2a520213xcuk,0,4.835776744316345e-12
8,44c75302aa4404e23781f8337cddf6ed5tqun,0,7.816417735284631e-8
8,c755d2832026bc2a6f5d2d6df5740f06mr3nj,0,0.05199017375707626
8,7f4e84da8ed11f4ea3a2d276f49949b7o31us,0,0.0005522788851521909
8,22401c4dc0cb1e5d52da01ebb8b2839cdoauo,0,0.011487565003335476
8,55b39a51c925bfb42fb812ebc5fe318emsjjf,1,0.1920478194952011
8,e5f43783127506211df8c6290c2ecadbyr779,0,2.5517989007657962e-14
8,ca391c857d7aa75a72e2d7c3133e0d6ay9pil,0,0.00005529105692403391
8,786fd201d9c952bc3453d4b3a6fa64046d8wb,0,0.04068557173013687
8,7fab82fa5eaea6a44eb743bc4bf356b3tarle,1,2.6651964191160005e-8
8,dcd54d7afa6820e3f00e1c9e83aecc7b4f3lw,0,0.054877448827028275
8,3106ad6371a3b740e2af90635a4ad966zeu1u,0,0.003839830867946148
8,65659f3fbf6207c570c4bb8ac64772e9umh95,0,0.00002858178959286306
8,c4b598fcb343bdd2cf826fc7541500e40xtte,0,4.218501589714485e-11
8,35a89119272ca55d7f602689616b58c3pebir,0,0.00882882159203291
8,b42ef139c2dfbff8356e8886d2b109e06riso,0,0.5753633379936218
8,b970a53727b2bfaf02079779c846a52fj3f0q,0,1.9845829424269823e-9
8,ae45f9b94d86f931c84c94f3975e3d7bkv2r0,0,0.8274025321006775
8,11b1859aaf7fa93818baa76007cf7207d8uwy,0,8.446128241246242e-9
8,eefb0b863345336dce70312ff0f8faeb9qksv,0,7.893402598213584e-10
8,d1f000f475c502ecd2e993c52987e63ed3k7n,0,1.491608225823171e-11
8,3961434cea4339f0049798fab2bc73aekuxjv,0,2.6425737154056606e-9
8,8b809e18804865ff2a2e799c9a5e8a48mtxdh,0,0.17109787464141846
8,6b9a3d480add21788772e118e6d51ed57e3w9,0,0.8839934468269348
8,644e284380171fa793695a91b6a12c28jcwku,0,0.02920101210474968
8,85371e59ea43c33c7e481ba3c214e893ail7f,0,0.004518346395343542
8,eacfdb47b3daccebd9f16779c5542fe5eytoc,0,0.022832630202174187
8,20d08c7edbcb4b4ac0214b664ca5bb9cprntj,0,0.023674704134464264
8,fbca8e44d824faa1fa6b99325758ff19vi94a,0,0.0009739009547047317
8,0353aa9e97bd46119c90b8892f99982esfem3,0,0.0834212526679039
8,392d936106b75256632c9dc83c4f1a169bke9,0,0.006700130645185709
8,2a4654987b59646a120ac74301339afc4eylt,0,3.2520599546614903e-8
8,e69dc706f159ef6e26df0d88388bc5edlymly,0,0.011087448336184025
8,7f603f668968facebb0567015ad4c201kikrh,0,8.654619705339428e-6
8,14f226ef57ed64d8e14c8b5ae929143cgq3em,0,0.027304070070385933
8,b1bc9ff2b98df742affda07c5977c7345dpm5,0,0.44980964064598083
8,56cfe8b0d574e1df3f823c2cf32226eff52uw,0,0.10041508823633194
8,c9fbbfcc89730e961499b4b30ffc4a98umxko,0,1.3091455031144505e-8
8,a60101895443bfa5d4485b9c2c3e1b68t5ppq,0,0.0035295276902616024
8,0870fb7e5701f3ba56762b03e157afdc1yw7u,0,0.8294638991355896
8,84bd02dc56fb7c3402426ef7e8e166e2ptwo6,0,7.014122616055829e-11
8,679d60378d42ca9d3b8a28073fe14fc7bv4jh,0,0.2369103729724884
8,b1729d5905e896a8411f81bb65d66343ladls,0,5.451176548376679e-6
8,45c3a73b88760d4390f42ea4fae97d84la5wh,0,0.006789600942283869
8,2794512e8edad5f99d28c33c7560fccb9zl8i,0,0.000037187452107900754
8,2d6a70a8341ea0fbe4c8537ffbce919etg4x0,0,1.2664878911231026e-12
8,88bf2c0f5460e28deb5eca2ef8e5e809ol5ru,0,0.011037019081413746
8,b4550ab1da3a3ed6e4a206c9ef78d496q23hb,0,0.6036779284477234
8,1b268ea4fe034638a92d683b94bcb330vee4w,0,0.000051829694712068886
8,b0164d9a18a3cdf6082e96f9708040690qcqf,0,0.39668354392051697
8,1e0b1a6ea8d307cb61e221723534c4dclf9w1,0,0.154252827167511
8,9e9270c06937bfa13f5b29e737c3438fcocyn,0,0.00038937755743972957
8,7a71e329f3f2da98a3f82e7bfcb705a0t5822,0,2.30598100614543e-8
8,69b32dd82f265a04826106d17e2bac9ao9fu8,0,0.21717557311058044
8,e0a87bc26e13c599894d7a5103fdca786tfat,0,0.0009783183922991157
8,9f7e3e648ea8e6815c6e7caf59412e843iqbz,0,2.3625803535765044e-8
8,8ea020a1fdccfd726f74ed7e90dc3400zy9iy,0,0.00007486635877285153
8,4073de52fb5c46376dc3cac6b2f2cecdxyqjg,0,0.04697669669985771
8,b77312a06d10e22e3caca85fc7fe0342b2adf,0,1.661080606396581e-9
8,676ad0665c9bf74329ddc1f70ea48c16stnux,0,0.005177175160497427
8,c6a49cf5944626b45425712f9e19e91d2nyh7,1,0.9923547506332397
8,7c965df16147f68263573764dd257a7bxqmpt,0,0.06006105989217758
8,1dead8a9cc54fdcf7a7c16dc6e06a3bbusgcu,0,0.26535236835479736
8,2d113999234e06201c0940286d405453wqjsw,0,0.0960879921913147
8,6c0212679f2439c4113386b2c6ef513e8wr8p,0,0.8531463146209717
8,6713e820273f591bdff7d26a48ee30c5k4iii,0,0.8580187559127808
8,0fa357965f89388d8e7eb8cbc3b85c6bnnro4,0,0.2758260667324066
8,b7e16fd4fd9ff04b7d741b70730b7b6b1aw84,0,0.5835971236228943
8,cf4eb0f68d47e6d4b92befd0b8fff39a098cd,0,0.0001449567498639226
8,a283eb484c3245e5b12b18daccc075e9g9xk4,0,5.915917711263319e-8
8,e2554dc14d54c3b7be85c59dbc1425f77qv4a,0,0.00015750773309264332
8,fba0c76970a464cfa9c043c906442f0eg53a2,0,4.985043489114105e-10
8,f8c42ccd10c3fe515e53082f0cde9a18oxgws,0,0.7947927713394165
8,e2a61feee7f94b49d7de1ac6efb237c0fjt1z,0,7.445707383979538e-10
8,1717f6d4c48ae8d3e5f2566d4bb525f854j6d,0,0.007765512447804213
8,284cd72e028fe176f935114521ee998c5jsko,0,2.0733422090302156e-8
8,1e050a096927d5b34f4a85d3af28d30eybsaz,0,0.991671085357666
8,655b88e646b94d0adb9e15e9f3b9c9a4lvcrz,0,0.374093621969223
8,33189c09ca7067834fd25a54920f82d4nd7a4,1,0.01768662966787815
8,48044b1b1f47f168864bc7c4a58a65ecmt187,0,0.001608017017133534
8,f05dfdaa2f67b190f3a79a5a2d5daf9coikow,0,0.000015145980796660297
8,9f60e1593604631e10ad2677c51055c6mv205,0,0.00006634720921283588
8,3d48d4b09fc7559bb6c129fb65c133808brgv,0,4.833614181110578e-14
8,4f07602a713c192a941204b27e2abcf1srnke,0,0.01514933630824089
8,916aedb8fd708e100318969dfe57a4639hexd,0,0.03850013017654419
8,a4630d8b78c796441a1be187f6907b11c5eu0,0,0.007527943234890699
8,d2fc5291537a61882065e571c21e796975uy0,0,1.9119532346234536e-10
8,c7ce5ac2fe5f03458fab59c78b19bf7c9wzf7,0,3.017052208065252e-8
8,e429d13bc2c7acc82d8d68fa020546c38v82z,0,0.3055596649646759
8,e4264fc4dcd5f917ceb002d860441370s054e,0,7.642913146810315e-8
8,25b58d1533e04571bbc674dab28973f8hha3w,0,0.031832750886678696
8,14b2d98230228eab6a6db3efc41660d7kp23s,0,0.002113125752657652
8,c72012c8072e2441b3ba8173205cd298cde8a,1,0.19332903623580933
8,5920a92dc2b65e257061017a04eb5361tpa9b,1,0.2741299867630005
8,173991472d4ee18932f8514b9d4a9dba7rjqa,0,0.002067452296614647
8,f19531503f1485a3014189a80971c6fb0d9fu,0,0.06686475872993469
8,5b1bc916ca111874eda3bbe669957cb1d3mck,0,0.04649615287780762
8,13dfda714fb516e1f9f7abb0c927bdc2zmw55,0,0.00032784329960122705
8,23af639c0bd57bfe9bcf3b16973d58b7666fe,0,0.006670378148555756
8,5830a96593aff3e951919578f7374f09pqyc0,1,0.8200651407241821
8,c8d3fc73c1a41bf92a5e4982eb6cf78du8gg5,0,0.0014133641961961985
8,ccc371d7848a80bc31941248b9f49b95hn694,0,0.0003995249280706048
8,213a7fb31eef8b38a23ad6b0bf2c7fd0dx3vk,0,0.002331281080842018
8,511a640e38bf03022300f5503cceb2cd3f361,0,0.9722095727920532
8,bd29e36cbb063cbb96ece76680ffd9121dy90,0,0.0053369514644145966
8,d2fe98eb0fa21252956184a98138c58dwp1ah,0,0.03515714406967163
8,5c2b3f221cdf303df86ff1ffd7106fcco6pml,0,0.8351326584815979
8,ef89b74b58c49c1a321d3d7ce061d151k51xm,0,4.38230614463464e-7
8,339b8ca3185dcaffbc3ebdfd960020e8es0as,0,0.032571371644735336
8,c9e1e860e39bb7d4dbf3c91c5d6c36c2dv4tp,0,1.0234430902755776e-7
8,4d6580da346435dff2503c55ee5e0cf8wbkb3,0,0.9738006591796875
8,5720c8d7bc15b94037cd75ff9496a35evugeo,0,0.36324939131736755
8,69e97e52dd6428671f46f2ab6567172d8mfar,0,9.747922149472288e-7
8,8ebc5b544d62622e45e1ee22a56265e0xwwsb,0,0.7433844804763794
8,613fe9b896ce3801e40212b3c8a8053c1e8nj,0,0.6674748659133911
8,d9a813646e8fae954898c1279196f5493gqzc,0,0.0033379285596311092
8,84c7bbdc12233f88f35c2c3b8f178803ta03m,0,0.0010725591564550996
8,2fc0efdb6ff10d51e3a4d979ee52cf07p4068,0,0.6206087470054626
8,1dec9ee102b29905e2f59a52fb7429826e8b4,0,7.43567651895205e-9
8,877d96d9abeb73e437a8ebd74abbbf45p8s80,0,0.11069391667842865
8,4444bfb455b90711234e0c25345abbaddrt0x,0,0.038199491798877716
8,693085cbb28f505f03b025dac8681a3bvfot8,0,0.3345492482185364
8,67616fd2a1de5c46e32041354efa88ceahbhq,0,0.9223161339759827
8,3ee7de4c5a5e31b7b407827ae1370f70suenu,0,2.223701400794198e-8
8,4dbc8d336dbe0241c9bbb0f3630f25059yo43,0,0.000013069759916106705
8,8bbb16c0a1bb808389051c875ebab1cea0v56,0,0.03298131749033928
8,497ef6187e03fd9d4387ac436461a40f982dq,0,0.8938707709312439
8,36f52ad1abfd307b73c9b69cd5197dddmmxgr,0,0.4453357458114624
8,74ae4f7b1692dc42622696303d9d4d763vksg,0,0.007924940437078476
8,aee383561c0019dc01552bfa5263af8etbuc7,0,0.226764976978302
8,9375e98d0810ce9119ccf45300249636zfpd9,0,0.0003511234826873988
8,c963c2dcbeeb0b7051bd3a6a87483ce6i98xx,0,0.010081854648888111
8,92ce3c44edd41ad3222481daac1ead35bouwj,0,9.675364935901598e-7
8,e2165ff862178c7b2946f7f62f5a3e51wcvaw,0,4.885077586891384e-8
8,9685887173cc2e1e5ee3993832a4b153bfl9m,0,0.012601562775671482
8,292dedb5371b8e0ebbeea57f14b35713e2ie2,0,2.8005540997355638e-8
8,5a823474f9fdaa129dea9fa690d51b62rgm7q,0,0.9798316359519958
8,6ed39d7c89fa2d423017cc9811f0c469i2157,0,0.22991961240768433
8,d92c8c2d4c29d4c785431a8b34ea135awepbr,0,0.019287271425127983
8,fdad47d27b793b74470086c35333d4fepycsl,0,0.004110132344067097
8,e22850afda081aba360cc18e2a9021caqjjov,0,0.00018429540796205401
8,30c3c92cc9408f55cfa895ff8a505930a3yy1,0,0.059863295406103134
8,764234598477e02cbf8a43983fd43850l1c8f,0,8.473840352962725e-6
8,f9753e9fd6e25e0a1ae176ab95c31146iaqnv,0,0.0028362427838146687
8,83aa7c2c8c018888d9ebc6daf63bddb6f2i0d,0,7.222781817084467e-10
8,85d020b5f3d99d1272efa0a0d34c56a5dtvxb,0,0.841661274433136
8,ed4802c318a7e04a5703ed115fe4f3a3kkugq,0,0.1869240403175354
8,6679d668a393f336ba9d1cb6a154e03aifmkr,0,0.005747586488723755
8,58f590a56f480589646d255d570b0877zcjw1,0,0.17957977950572968
8,b853c1e4d6a4657d35705772ca6cfdc3qtox5,0,2.6966213795276417e-7
8,dcc5a79317a22bd0f6dca1f60fc866a8bei1d,0,9.511904153214346e-8
8,c1d14f4355b7d3ef80f02628e5ef1d56u2510,0,3.5595235203800257e-6
8,86e698821a8aada613bfca1356d8cb7dopnv8,0,0.002775473054498434
8,424aed9d807cfe0b2167cfdaa4957fc0heell,0,0.0005046357400715351
8,96b7bb4238e7ebb439d81d63db4c2796aoofv,0,0.2642119228839874
8,a7bc17dfb615eacffe397be5b2c2f3a6r0bb9,0,0.8482553958892822
8,1aa485901ede7baf78ea116e297e9d7f9en6i,1,0.8243323564529419
8,c900620a019e78a3eee44109e4d1e1d2xd2gj,0,7.127134993289985e-11
8,d3e1891edac2851f6d34de566802cac8m8dn0,0,0.016814695671200752
8,0825d381aa09d1d0c47c77c372f07acbe02ky,0,0.09884218126535416
8,510f33a3c0a290a0e43d2576d928a4abxieo3,0,3.816447531335143e-7
8,95af80db42edfce4e937550d60d79561punym,0,2.317827920705895e-7
8,977436b0a445fa555d537fbf1d4bff2e4z40h,0,0.038199491798877716
8,7a3378ad9999b1fde0a4562a9b036f038cdal,0,0.038199491798877716
8,c749a25f3a07304b959065d83bbfc5f75u1my,0,0.0036330411676317453
8,26508777dcd84df59b467a60d9f18ca1pvvbs,0,0.17823556065559387
8,5bd35d55d367d7a21d98bf6a19fc0dc1e5j9p,0,0.00012838935072068125
8,a0d080012ab98513e39234e4545e93be17tt5,0,2.9449804817005543e-9
8,e268d06507859d78894a8f6e11995f48zls7t,1,0.9927923679351807
8,c5863a228287327c9980d12a632985da9vi29,0,0.6010097861289978
8,2e07d37dd022e72ab04da76f51edaa13qk5rv,0,1.4021137029196495e-10
8,eea79e1bfc21ff1b9572213e540e1252s5iuy,0,0.0594143345952034
8,59cad1329d42bda3d678bae082bee7edgvt7q,0,1.5463768932022504e-8
8,bb73823b1c3f577402c9aa9eabd1e412vp2xw,0,0.8906388878822327
8,a71f84e476d03bd0b25d45e44eeed9a8efehw,0,0.28948959708213806
8,d3f595832d80988c2016aeafd125d8f072r4h,0,0.0003516428987495601
8,afb1d898d15663a9477870391cf39b697gso2,0,0.015196390450000763
8,ffc4e2dd2cc08249f299cab46ecbfacfobmr3,0,0.0017139039700850844
8,65996114740a63c9e0fde74bfb6725b1k9nuz,0,3.4760409340413995e-14
8,142a2545c5c01937b05ac6de9773f9efgx0eb,0,8.482336499859855e-10
8,781972f2af3af2abc492f9dbb0f6fceahnban,0,0.0000558212777832523
8,98e6dd2906ef1f7c13284a309f6b160cb2ujz,0,0.12879686057567596
8,1dce9aaf9d6b9cba38f9c7489764fe30nlrq2,0,0.0007826653891243041
8,dbbf9d9b1d7fa110208f77a681008077plqng,0,3.121701855346437e-11
8,12df4a9cf4eb203909e6763960b79238cb0yg,0,0.021017564460635185
8,b86050461e88566061c796dbccb1f7e5at242,0,5.000625691309324e-9
8,fa64fdb8ad70e86efbfc31179e93e99egd27l,0,0.37219980359077454
8,30788b28de22d28938ecd7ed6795a8b022qm7,0,8.578952474636026e-6
8,bd85d0d7fbbfab49136c241bdbe119dbgkuna,0,0.11314883828163147
8,1ba9422d7a55aa5abc3ff37d1cafa9f2yds7i,0,0.6544702053070068
8,c6fcf1f7b824c864d492c4cd676cd702owsuv,0,0.00940072163939476
8,cd9a7b22d85c35845260cd61a4b65cb2meyel,0,0.2778008282184601
8,58c2b44923882a8252963e78886adaefh7hnm,0,0.0001704852911643684
8,233e09e861813cd087e8937f32a29bccs7b3l,0,0.0001559005759190768
8,225716d7bdf8f90cb4a4b779c663cea5j9sqp,0,2.8728185195309175e-12
8,2b2ee7d0ebdf910833b5cb173c567881jt8sj,0,2.7853377559949877e-6
8,92f8392be617527734a2f18482815af9ak8l3,0,0.6170685887336731
8,21114d057c297080f0f882420d2436b5mmukc,0,0.000020074137864867225
8,74429c9ce8183e2b1b89600e6de4ceea5kn1t,0,3.5979926593654454e-8
8,c34e1a988fb471e9eb8a5e84bb8ddf90k4hng,0,0.42872971296310425
8,ca28bff4ab1f6e74bf08b92e16989e11vn2mf,0,0.019076647236943245
8,8a3f5e16e4e689897d872716efeeaa0904tyl,0,0.0026551056653261185
8,9ab00034c9b00521ce121adb5dd4aa15tlhc4,0,0.5464652180671692
8,2e463fe6bc1616f8392f82c138a6a436mbtjx,0,0.9825779795646667
8,a961ba95d1685705953ace49a29424e2ld1ek,0,0.10985790193080902
8,c4709885ecca7b90dea4beb5dabd68aegk2pz,0,0.024970082566142082
8,f8e90361c36eb3f6fbd485748e731fb7w2ci4,0,0.016864778473973274
8,2eb8a353db13e68388f544daa2e28359oenbs,0,0.6629338264465332
8,8cab09b069755eca2b4e7fd6f6981d7d8n88o,0,4.0403890011475596e-8
8,7b22c9a323baf4a7bc7a3761e4a30bfajixmt,0,0.13342410326004028
8,3ecced86078287dbd2eac2cfac98367fbbelu,0,3.3699257073749322e-6
8,041d869edcadf595b90e3b5248903183pn754,1,0.7197780609130859
8,2366cd7cf3df530ef4fe40b36ffb936fyn3rh,0,0.4029836058616638
8,c41ea39b2e13b0fc9ccccc2546f924f1obd0w,0,0.37328672409057617
8,54957cfd12ec8c64918b6200ea25d27fsc9hx,0,0.7097936868667603
8,a3ef8289a92196b07e2e7371bb111e3aom07k,0,0.000014090532204136252
8,0a9c5e1f261c937c09817ea2d5e949f34v8oe,0,0.044329941272735596
8,462df7ecf1d47980dea6a93d44fb408d4u2d5,0,0.8148341774940491
8,74487d5ffd5c34de4fecaf9dcb66f86b0wwa2,0,0.11262181401252747
8,2d2839fa92d1c8e94bdeb1fbb9e62149x6xc5,1,0.8044701814651489
8,1f2d607e5cc04e790e3961a6432d7c15hn4qb,0,0.0001270722277695313
8,76f7e6c70f2b84d885b23e2b2831e113ueqo2,0,0.044919759035110474
8,f5ab013f90cb8890d33c6a309798204155q15,0,0.013781435787677765
8,a8a81bb8a3a35572bd1f9922f5a31217pw41k,0,5.171794441594102e-7
8,ee2caa714a2175abb13eb6ef15196368cwc7c,0,0.8677741885185242
8,2993e59bbbd7d14bf4bc21e4d2a4f8eeb18d2,0,0.006791021674871445
8,c0e4be8d520c7bac2f51ad80a98876c2aan70,0,0.03243165463209152
8,031da7aea2d4b75ac8ecba4825bc1318yki1d,0,0.000452684034826234
8,51cf4dc8898554aedd8572f97a95ef5cpi3ct,0,0.18829472362995148
8,16e2e48cff6faab74e1f5c47669dfbbda7l5z,0,0.5723676681518555
8,67ab503313f60aaba89f64e2ce3b459fvyahu,0,1.483145550817966e-11
8,ca9e2287e98a718e20a8ed117dfcd699gxsp8,0,0.00472655612975359
8,5053e03863b6887308c8446cefeec429l94tg,0,0.47280454635620117
8,7ce3afe39ece9d672e9adcf3dcf2aa44a8r22,0,0.00016889961261767894
8,8c09f4afd78059d9200cddc435f5c48ceph11,0,0.06527258455753326
8,817f8074bad1c717afaa8d1696f9b2b00muzw,0,6.640493666054681e-8
8,8c412ae875b672f18073d643c74f9f0clzbyw,0,0.012780877761542797
8,9655ccc7c0c193f1549475f02c54dce45kjw7,1,0.9085575342178345
8,6ab75792932fb1ea6fc74a18edb7888c2orvk,0,0.009457292035222054
8,8066d0a6ab30c52b3ddca5da19518b6188t23,0,0.028900112956762314
8,19b39b852ed4abf1ba5b095829e25b946aed1,1,0.9989066123962402
8,ac9bf3a07831666bde4fefb75c184adekbrl0,0,0.013891766779124737
8,5114111892d49b59415284dcf19ceebconhvq,0,6.948261844358372e-12
8,fae553f133602fba6e9e6051dfb27fefkruax,1,0.42358142137527466
8,8c939b6713b7881538cb05eca89cfb1cw1lhm,0,0.002385859377682209
8,7bb914fcdec49aa88c7310a3dda716aa9fb8t,0,0.00012988198432140052
8,eaad20ae39d343daf76adc0b1a4984faumuzj,0,0.021934829652309418
8,31c840378b5c2e4469fd2e7f5a1e5a7d92k7u,0,0.36826470494270325
8,4950352b0410495ef65a92b08b5be463c20yn,0,0.000016751269868109375
8,ef415b2bbbb81ed33cec7242678975d5m5qk6,0,0.003514000214636326
8,737d19fdceb065359c77b81d27053c4e5quiq,0,1.7798661849921515e-11
8,e50426efab1e9d60b8f7258130f8791czrpvg,0,6.3782754295971245e-6
8,d42604c7cca8ec92839e92508f2a3e52ehz29,0,0.8246920704841614
8,b0014101fe1b510ea150c149145dbced3q3md,0,7.854326078415852e-10
8,c8b23d6565e11d874e221f41440ffd25mrucd,0,0.09980303794145584
8,e12177ff9c1a8413996f7b1a590980c82ofeo,1,0.8348627090454102
8,1982c4b164171180d480166feae881ecmxsgl,0,0.005010248627513647
8,4cf9c56df4594860df56285e9293a7f7evfix,0,0.05687158554792404
8,af50d549e86276f034e52037722dd5aetouu2,0,0.029314612969756126
8,8152c94b639be88e7076f0e32bd70e0eg004b,0,0.08125276118516922
8,23bdbb8575f191b71853bf78d09e11a1lhnfn,0,0.004227528814226389
8,fdf908d608a629d5ebde14819231878dojel8,0,0.005001584067940712
8,2106dd7866abbfb4e7c68067d7eb9bebflq5d,0,0.7539716362953186
8,9ca7afbb673865b01cd4b02846054fc1p3vjn,0,0.05737689137458801
8,6ebbb4e7c3fb4ba44a89bae997717924gm89u,0,0.026321010664105415
8,24a32bf10c4a5d4d91c27da4710c869a0nqim,0,0.5100910067558289
8,ec6d3fbd8408ba43891370d4ffe41eabhnwbs,0,0.0025449488312005997
8,b1863365ae232a316eb946ba56a29415m0gdz,1,0.7782678008079529
8,1275d8a6a3b2ae9d24b50997397c254cpuuzv,0,0.34085527062416077
8,ec96b5b27dc870c8f59ef11b7371b06eenaox,0,0.06995339691638947
8,7f3516b1bd7e5571ab964ba0affe9302brn6q,0,7.777154920063367e-9
8,37ea72c53cc50112ced4f88810f1b38euoz4r,0,0.010922295972704887
8,cefd0ed907595de146c91e6c26b8ad658ilo9,0,0.0011792160803452134
8,ae9e482a7f4a625a878c6ee0eb4dcd01dkm6d,0,0.04923386126756668
8,cf06ff5f520b14d1f9f1cf5a7ff34982bj4md,0,3.5855638458315298e-9
8,53856dce9187b16f2cf5e4e58f5d0397h7tz6,0,0.00011245039058849216
8,2c449b1bbbd5f8d9bcc1159b7bd3caa32jhtp,0,0.7103272080421448
8,76c85d6bf559bc0323bbe1639d233e88nxy36,0,0.7456581592559814
8,43c76d050c9d2509d85c9dc2b1a1dba4zb3qt,0,0.1475650668144226
8,4731be79b5c7e894dabe5986e747b97bd6yxh,0,3.1079377960097077e-10
8,9e1f21ee1888368e77b539083f4b94ddv8mrl,0,7.687292469249485e-10
8,4b72cbc9d9ef0238bb666feea6d79e718qry1,0,5.6133998782570416e-8
8,120beb4523541f769a2b658cbc41dd57w7im7,0,0.08371572941541672
8,bbd1d48ef4e8e7e3855938755275ad2b2le9g,0,0.8188419342041016
8,fa918060747386f431a511c862565e34y1pdw,0,4.3550896222654956e-9
8,24db47d284a08aaf119eb3e0c45eb646i46j5,0,0.4910305142402649
8,c2e1242ad5ea781923a08987d55365c69fii7,1,0.8337880969047546
8,34e965deb822f329ecad42b94e8ba0ba3dpt0,0,0.02968176081776619
8,e72d1b2319a2ef39d016c41e4824b68evxe53,0,9.320371646026615e-6
8,7114afc59caf2cbaf6ec1733922065f3uz34p,0,0.0010468708351254463
8,6275d51c0324547faa8a87b499812268tl90r,0,0.8778901100158691
8,949689cced5d86578e6c8b664ea76d6aq6zxg,0,0.00001514751147624338
8,916d2d806b772c9f227a9b3640e31469ljrxo,0,0.015302437357604504
8,53d9e7fa087a0dab6a472bfbfb694622jv072,0,3.3209385241761424e-10
8,90bb553b65144cafddc3f3d4a7783667a06ga,0,2.029784695878334e-7
8,c128bfe7aba668d71126d51b32428c01tkq99,0,0.8419075012207031
8,f6a7e7b14d39804c7d15627e2fa384a1cq892,0,0.00007610509055666625
8,c83ee624c46235430ad4338278f6d270wfzre,0,0.00335589237511158
8,b6a3aa8c0f2302fa35d7b809d9371deeypvyh,0,0.3948148787021637
8,ad590c59c30187b772258a059d532db42tf4d,0,6.895123050298935e-8
8,3d7bd741177a712ae0417bc4f4a37bcf9jo2a,0,1.7361371021373806e-11
8,c41cd6791e262b44d26bdb3443fcfba97wlm3,0,0.6865286231040955
8,e588d3f7a141147e4f8dba29377144707vupo,0,1.1506160607632765e-10
8,4de2f22ca840fce9ac653e4aa06d9b0cnhudf,0,0.884929358959198
8,f4d69870de1e803fe00f8126e73a7e33zwcds,0,0.06806666404008865
8,417adcdcd7157e75c66469c07208af00qjnuo,0,3.344577392816461e-11
8,177b031b4a77f28ff167b427ca967b52jetgo,0,1.5270489939211984e-7
8,4c46b1ea933d574a985776ed356312505nagr,0,6.8595941229432356e-6
8,920540ac4168ed08a1e297395a68d718gsqdn,0,0.00019548262935131788
8,ef65488c949595d7885525ccfab9100c6cmqb,0,0.29752346873283386
8,354d4abc23881a40b8f119225e0dbd09tk1u3,0,0.09919912368059158
8,14c69cd7fbc8300876f287520c493fc8xe2o6,0,0.3007837235927582
8,c888cda1ef5931da0db90f6803cd0d368ay6r,0,0.20109927654266357
8,f28b5654b5633a0b5e3f757a16080116sjj1b,0,0.22562380135059357
8,37d71b4ae830fcfa6f0c4f65ec386414n8h5l,0,0.000053224288421915844
8,b4210edd4ec9bf872c7108fdb3c6aae9cjwz7,0,0.004021252039819956
8,771f6754997a1954eced81d46348b4762k475,0,0.4318227767944336
8,f473c995ca7b5287f9b2f079f0d78a1e92226,0,0.6483452320098877
8,1899fd76b484b9275854787a6b003b8a93js0,0,0.27034419775009155
8,b3dc6151c6813688d0423dbab13d3f19crw2w,0,0.004936844110488892
8,9d8a1ddb38499b3403a6a93395ef29bcrznni,0,0.007697514723986387
8,0a9d614009139236f198ddb4759a498cen5ix,0,0.016166670247912407
8,741b9948c8cf42d658676e5a46757815zstr4,0,0.04407951608300209
8,b9cb81e5855add059728cf932f0624fefbi2t,0,0.00010986127017531544
8,9f52fd88ba073512be19e3d24d4bb6f91l531,0,0.23992744088172913
8,55453d252a225f3b046c094a7aa330a80dr96,0,0.000527324853464961
8,bd6adbe79fcb843aeb97546947af1236kbg7p,0,0.04427338019013405
8,6b1666662837213ce77c329d8cb2a842epaeh,0,0.008519116789102554
8,12fefd74d82d90541872847f199f6324cowi5,0,0.01757988892495632
8,e29ae1bd8e6e7dfc9cb43b1572d3d55ca0hc1,0,0.9598375558853149
8,7e34a26c4c339e875997f4b9239d2b5fscng4,0,0.5895087122917175
8,b08034d2d4fa400b457d4a59a2482e8enfhqw,0,0.017910458147525787
8,8b253bd318229b3eea3f459bd81b8347khytb,0,0.008692692965269089
8,0181b91f58e6cbaa832235e2879c9c00ovrzi,0,0.002436653943732381
8,03e884d3e7e3356608187d2345e4693fyt29x,0,0.0005562094738706946
8,ad228143392ba96c21bf51499bac1c3b3kmzo,0,0.04215995594859123
8,9f2086ccb71acd84652f861517d4dff9du4y4,0,7.488532673960435e-7
8,18e751726fd7c407c41cb18c20da2c4er5z1r,0,0.000029431785151246004
8,717a0a200628f9606d88afebaaeb409bv60y8,0,0.583687961101532
8,3d575194dae5a2e2966abdf84d800a3bgbsd8,0,1.0701014380165574e-10
8,d81579750b388276f2d8f6d80384f499n13l6,0,0.002542451722547412
8,b7e0afcd391a22444eaa566aa527eec0x2yv3,0,0.002360166981816292
9,1c5f4fc669099bfbfac515cd26997bd12ruaj,0,6.067551112209912e-6
9,0a6ba32afe4756995db2f5cf2461cddbvj445,0,0.04221691936254501
9,3f3a3705be5ea07b9ba7ee646ed756fbssuo7,0,8.46360251216538e-7
9,25d75fd439571c1d9b946f5ec833786063vom,0,0.1722140610218048
9,5354c02817e47f28e60e44a40ca5e48dll4sz,1,0.8452852964401245
9,d878560888b11447e73324a6e263fbd5iydo1,0,0.0005098889232613146
9,0b68888358a492884e3885bcd73ea63bhxidk,0,0.00006406226748367772
9,c748f0d69cc89d5812c9fe3a6413bbb26351l,0,1.97432973436662e-6
9,2c581ec91825362ab66a7ffa05df5e70hl3h3,0,0.0000756786103011109
9,1476226300a93d22b15253ed7339429a7ijk0,0,0.7280203700065613
9,95fede5853bfffda8f50f6af494ff1d1hsgie,0,0.00016675832739565521
9,9434778d2268f1fa2a8ede48c0cd05c097zey,1,0.8992639183998108
9,e1da7d96b83f16aa80cc254572cc154fcoudy,0,0.8367846608161926
9,f60edfe5177cab56896a9d6860995095cl1bb,0,0.00002098591903632041
9,fb92fc925c5df50f4da7874a7542cf2210z1f,0,0.9059597849845886
9,19815d9bcdc74c3ddfb9ff210c1739f3tup3i,0,0.8423300981521606
9,a3c2ba79963b637f15086e6255a46253lwpnb,0,0.005280992481857538
9,85be8fd21f41bc3dee86597d272825726bp69,0,0.5157400369644165
9,59ae36080fae26bccbbc31a4505b6fb3v3zjy,0,0.00005744404188590124
9,6394edfbd35aab54801518835e33ed50hcr5f,0,0.00008975881792139262
9,87aa94042390f9267d3b7d90e42b022ek5mbu,0,0.34551310539245605
9,cf33d05860b7f7d9af73c6091190b81ektz1j,0,0.8997913599014282
9,21580623ea81c5b0b82aaf74890218e5mio2z,0,0.00009568142559146509
9,6531bde8d4decd9708ff4407ef95e887a26yi,0,0.018775980919599533
9,806a46eb814ec7a09bfffcf38b0763d344tc3,0,0.0001224830193677917
9,f5a67722732675f6285b70b9f008665fq01bk,0,8.841734455700134e-8
9,758bd601d6700494300ec1647682eb34vq1zp,0,0.008864733390510082
9,d0231e5200b870c055db7e3daae24bc8lt7at,0,0.9104087352752686
9,03244a553a252dcc3a3037f0371c8d33fmpd1,0,0.00033103456371463835
9,915ccac760c7359a446100fd1a54bbf6oyrzf,0,0.8884696364402771
9,9baf61c813f1d4a09e3c70f6dc741f34voe3n,0,9.259313628717791e-6
9,024cf43497fd7381df6254888670f84bwbbam,0,1.1428645620981115e-6
9,12d6239a92972a35bc990225b3ab33466znm8,0,0.0009366821614094079
9,5960fc711b544e2617d0f76360b69e2afds2b,0,9.969251550501212e-6
9,ae94687eaad6b410713db9106c42566axgn9n,0,0.49277377128601074
9,15972a431aed117840dfce5556242366c3fwq,1,0.9098271131515503
9,367edc726ba8e667973844395493559dtf2o3,0,0.7888380289077759
9,5b25a86acea5ff395bbd62399bb5cc9bb7h6i,0,0.17550893127918243
9,fc8e62e5fb69ba67265a3d0e3403aa3fr8c2q,0,0.903790295124054
9,36b84c776aea2e008180dbc72393ed750zsbr,0,0.0001553214679006487
9,68f092336430866db606f137c57c87e0hw7aq,0,0.8782365322113037
9,17eeec8676ad56bfead1a9406277f41cnev3n,0,0.8894075155258179
9,8126928a319468b6da5edce4097d2398xwita,0,0.08278129994869232
9,f80075873f7183a03b1b10ac3f740032v6w99,0,0.8998973965644836
9,85155ae64ccbde01b48fbf4b3f1b739exmqyu,0,0.04366282746195793
9,74fc24cafc7c5936d0422b8da306365byjv2b,0,4.175184585619718e-6
9,7f807b2eb6c391d55e67bcdf7e1cbb3fhylw0,0,0.8349849581718445
9,f186d292f4e83f70a92c97f92993f655ygqzw,0,0.2014106810092926
9,e909515a6ae94a86027c717c4085954akbpt2,0,0.9155969023704529
9,4741959d26f99012b8a6a3e3954eae40hsy6j,0,0.000622162944637239
9,8b4071f3e2702b88481054081363bc15her3f,0,0.007356439251452684
9,f0c356e136831c41884b0732ae3198e0gcy8w,0,0.6722062230110168
9,cd856579a7c4850b60d8763520339449x0mqg,0,6.015914664203592e-7
9,b5310019f2bbbd975c64dc11189191022k8tj,0,0.6576302647590637
9,01a39439e7afbdcfe385eedbddb23d76zgdrg,0,0.6350895166397095
9,3d8cccb637b990ec64d662d66ec059cfn1p3p,0,0.027563320472836494
9,dfd5c9157a0a771f235c32f30aedbf84e2552,0,0.7304241061210632
9,354baa6c4764a5bde013ea3f7edc72552r3oa,0,0.8620021939277649
9,ac494ae5acf003f84ba46f5741618a8dn19qi,0,0.0015714390901848674
9,245b584befa6a5b8c759491f5f3db580p2m5v,0,0.0008624902693554759
9,408f81a85f3b31f8cabedf6ccd381961pop72,0,0.06033071130514145
9,64e802fa8e0c17ec2ba1b6425648b7cb7ndkn,0,0.893380343914032
9,ead2ec4563ba25a9e9d417f1964b7504teqtp,0,0.866810142993927
9,81a6dd18d43cb3b1999176eea563b438roe7y,0,0.7726929187774658
9,28aa6c505e308e49e586e25e1897ed2axjiy0,0,0.01790826953947544
9,5a2aa4e8c227de4db26547fdc1f017cbxb62j,0,0.33003756403923035
9,037d9f10da403d8d5f94b6e2957a3702f6x07,0,0.9230582118034363
9,585b938fd44968d0d59fcac453cfb3b8p8nti,0,0.8903875946998596
9,9fada390b6c53ecb47e6f4eb4353e14f01xu0,0,0.9030824303627014
9,e959a3ae64e28a7d3b37934c0d826867o3sp6,0,0.004400766920298338
9,3d94b376bae8dd60eea48ded36134a3962glw,0,0.0032247810158878565
9,7b93ccc9d5730b561ec5fa7f4bd48c04qudf1,0,0.9119373559951782
9,f0f21cd3d51b7a233988cb1c3c5df977zjqkj,0,0.3104328215122223
9,1680f758aecded6e25096b3a6199b38en6n73,0,0.4009491205215454
9,a539fbaf8b29613ff0e4f3e5831aa7a5p2cva,0,6.538684829138219e-6
9,d9177cca9a1bfe3478cc4f11a0d57de2p8ahp,0,5.453068752103718e-6
9,1b0534afb7c02bb023bd4767ae73f17dqzqdu,0,0.8572595715522766
9,8c4b0d95ba36c0ba2a52f9043c62fccev75uu,0,0.840019941329956
9,334714f005e994d46cf4d18093dd4d05fyxc8,1,0.8830204010009766
9,570910327f5584ea1ccba92634d89832lo1zc,0,0.000488709076307714
9,340bc29eeeb9b9d04eb1fb72a1a9a2444brgk,0,0.09433086216449738
9,27cc072f1432f7aec4b7e17cf2e473f2x3bjg,0,0.5059963464736938
9,ea6c07fbbfc3f0e549701b1e7b90c4d21zfjl,0,0.0019238091772422194
9,01eb9dcbd0b3e79d94020d13d83a993ec9d2a,0,1.6211909326102614e-7
9,cffb5f3c1f4ca815d0f643fcb2f2f316beod4,0,0.9133727550506592
9,bd0f0c497ef09b5c1bb18b330d932bffktn3i,0,0.1441337913274765
9,d65c538ae39fc1a7e0677583bba5fdc6ax1et,0,0.6580952405929565
9,6c55d253787acf5210f7d785546db80dqtleg,0,6.240798938961234e-6
9,4a2d5b70f0fcec3ad9d8ac4b447efd6f3vs9c,0,0.7615890502929688
9,640f41f27c03aca0c45775eb918b666cnjsqv,0,0.0016044864896684885
9,45cfe8744884eb207048e3cbee31ec56hd9lm,0,0.008989357389509678
9,0d0d43ac593a891ce100d8202d3d72c3xsma8,0,0.0038052459713071585
9,ca0331fc37db2b251a012376f7b987fcma2jw,0,0.7325128316879272
9,295fbc4ef00fe0cea7947811e78bb8aez9ti2,0,0.0003183620283380151
9,b2d3db61ddb119aa4e5f43e1bf72e349xr5tp,0,0.7380532026290894
9,e24542c1bd46a4a0f98b0fa95d8fc40brecdx,1,0.9252679944038391
9,9b51afa3c3a736bdf93bd1f2a7b0a0903c34w,0,0.6543841361999512
9,9ab3bca29dbc32070cd7f729ea55639a350tu,0,9.997870620281901e-7
9,18eb8d55c84019b9196c5ca7e072b287bv68e,0,0.21118786931037903
9,4ab56df4b1befe3e2ce5cd98e8950ba2psqq2,0,0.000025922052373061888
9,d63671871e4010e904b9419e48781565weafn,0,0.8237109184265137
9,3ddd3eba016fc11b07c8a9ecb3fcc2975bkru,0,0.00007893650763435289
9,cafa845bd657b17eaa82940d4767d9dfe9uxg,0,0.0011408362770453095
9,9ebd57da79b9286fd67a53e61528cf63a1w6c,0,0.7828335762023926
9,05c6b93bf8f083b2d0a03ffc0fc3524ba8fi5,0,0.9410911798477173
9,a664b6b42fd48403fbd34800063fa50bz6k4m,1,0.4177091419696808
9,e19f258fa5019e58974b562a8e1433ccluztk,0,0.9003781676292419
9,a99f91d51e8d9f5786dfa52e24292dfebi55j,0,0.871383547782898
9,51d2e1b98b7a1e42b939637dc6e11381zu201,0,0.21325580775737762
9,876b122982958678f14bb25d887dd79dun3qa,0,0.6266968846321106
9,2819b8b2295f272f33f8e76fd344ce6bywj1p,0,4.845060630032094e-6
9,c1434e440370882ecf00ac52140f7adbuy1e9,0,0.32183337211608887
9,9393cc68d0357d7b200a94fdf93ee3cf7xg5l,0,0.8176727890968323
9,be3bec53b42be118ef2a87fc40db7311k4as3,0,0.0003311680629849434
9,012441119bcf83b23d4768bb72cea6d6carua,0,0.1800464689731598
9,d8ff621bc161b09d9192c445f4b3be7b8xow6,0,0.12855477631092072
9,84c4b58a1491da3a30710bcdf61f87054xfq6,0,0.8796409368515015
9,8720f071e045d4cec9d707c583a3d64avjyyy,0,0.4114912152290344
9,9c223f867c65938ce8623fc41bec08485xddt,0,0.39298081398010254
9,936d542904f515ea87bab7996497b11aszyco,0,0.20163248479366302
9,c97dda0fd2de7d82d3a52eb6c0788062h3tq6,0,0.0005111609352752566
9,44be920e88377290bb204795f05a20369jp06,0,1.6362014321202878e-7
9,8783939eb63e5eb4e5cd412d8480f3955ipxu,0,0.8274474740028381
9,10f1460119f9e42bcccd0f68ef59cc830pwtq,0,0.3539254665374756
9,7daf0e51b276c6ab5bd2ccf520dae106graj8,0,0.000014751989510841668
9,b071545f5ad73150880c42e780d951bdzvxn7,0,0.8785974979400635
9,fb7c9b1dcc3b44dd69e42a84406117db4t4mn,0,0.31110039353370667
9,cbc71ae3c3690c89485eda3f08b9bb51rqrxz,0,0.7082014083862305
9,6b85d622dec4fff284d55895eba9969dqlhu9,0,0.0012236876646056771
9,de8943f2b113702c98ef695888b7d0c6my29p,0,0.00011347736290190369
9,8ac7cc6a62b82e675465e89f67ab1f962ltgu,0,0.05162730813026428
9,fd1299f1343236dea07bd0ba5f8ca220csnv8,0,0.5543892979621887
9,452619e019e5651a8d98e3d59a478b7fez5e0,0,0.018645623698830605
9,af9c96944265cf541b3fe734a057821a825l7,1,0.8822473287582397
9,38125387ec30412c438280af8931254dmvfgb,0,0.13299523293972015
9,bbad48cdaa604c1bf40b59120a775794rnlg1,0,0.9267623424530029
9,4bddcd4957ff826dfd3b3efe6eb96be9aw5tz,0,0.9175242781639099
9,6e18a078182a21b8522bb69a822cc338in7rn,0,0.7233630418777466
9,a9bfa54aef505d65ec488d8984c82a7bf0fjm,0,0.5357281565666199
9,a6ec153fc7002cfd929b9f7199914cf75upgt,1,0.8945732116699219
9,4c2af41637c123c78074e46a22526298vol9h,0,0.04263804480433464
9,e2bda091a91082b774d59f2c5b8480ebbijs5,0,0.17436251044273376
9,4761b2fdb4ce610d1d8dd9ea50f478cf7et0f,0,1.301471911574481e-6
9,1bb03cdb913f203f704caf8bf6840b6fbpigb,0,0.837441086769104
9,1dfa6e724441ca3c913b3d40967c17b2p9xr7,0,0.5506912469863892
9,f27321571b5b6184e86acb6203c766f2bsfxg,0,0.8742038011550903
9,46ceb58fb7a57d86a26cfa154c940a8cuktu7,0,0.831513524055481
9,59fe751fb6c277016b7ebe3609aa1b15vhg7w,0,0.17907439172267914
9,0ef9be4eb3b6a03ac2945522964b242ap09cy,0,0.8321298956871033
9,a1922a9ee4f9f5d03fe11816c2cc3eb9ivcbp,0,3.7189136037341086e-7
9,d1780c224460a0c20d5c2f5f68714c5264xd0,0,0.17907439172267914
9,0cbd01c9e8cc800aabd3b3e4c618f9caktfgp,0,0.8956886529922485
9,c41f5fb84d9f9e2456a5264c79919569vrhau,0,0.26662954688072205
9,b5a92183d20e5ca98da4065c874e0b9dezbhx,0,0.8727462887763977
9,0c5992f18244e24d2d7b4708a512378729eev,0,0.9948855042457581
9,abec779131ec6bd32f5e32ed0f274400ekljo,0,0.07228374481201172
9,dc9a7ebdb6fb8dd3267ac26dbe5a62b68e4vw,0,0.17907439172267914
9,ae15accae2164aae084aef7e3524c1fflq962,0,0.0006335234502330422
9,98a5197faba8ba72d6ee9e1c95d65d737sigb,0,0.7983942031860352
9,dc87cba6dc8717e219e9fa9edcd10ae4a2i86,0,5.672493443853455e-7
9,0a7446b63f183a4928ae762ed6cd1c4b894qz,0,0.791479229927063
9,f3a249f6a5c2c88ddd8bccb1f8a85fe52xnkq,0,0.6495403051376343
9,d13cd9e0a7b95c0a35f3456014865230qku5q,0,0.001610158826224506
9,1dab9ffc5c6bf06e86e0dd1b3cb9ebecn5pu6,0,8.161993747535234e-9
9,c59f4511da2e8dfbf02668a49bc391895wk3u,0,0.00006358527753036469
9,260568e07963ce8351f3313bd7b9b0e2vonva,0,1.5212204118597583e-7
9,bdbcdf6a935f4d1781a2d33bcc4967130bdqy,0,0.8612207770347595
9,2b5a7c969ae95b239583f09936560b85g574d,0,0.3355523943901062
9,72dbc4a9f579a9444c126a0a67118783092ec,0,0.8400526642799377
9,3cab5bd983f5be9c16789b6c14bae982nhi9c,0,0.000490148609969765
9,3105d663ef3dff7e483a46c56580a9f9kd7f8,0,0.9516048431396484
9,3df41510a5044de5438015f37dfa3443bt7pp,0,0.0027402120176702738
9,a0aeb6de8a21a5b776f63530ed753fdb34k7y,0,0.8727713823318481
9,309f446bdb138faeb18072285ccd9901gz80c,0,0.8826523423194885
9,3043fb0b4a1904222f640107f84d6f799tves,0,0.0756591409444809
9,a2bb8b3e3ae4566203eb5b3021b4d594pohf7,0,0.8159425854682922
9,eec2ea9d9b292a343f8ee566ba252baapagwb,0,0.000494077627081424
9,d26cca81c93b52ae3564aa6cdf33f5d5mkliw,0,0.08336564153432846
9,89291354b0939c342be97fa58e018bd89fvcf,0,0.06998568028211594
9,8e05310a342aec93aaec69a638e83a96aqyo7,1,0.8513138294219971
9,70c31e8b3476b953648fd4f8775c1950m1uz4,0,0.0013828842202201486
9,eb8f9ca4a23586f5acc770fff966f654dy7g0,0,0.0002301195781910792
9,613c7d60152ebf06e3a7dd326ba03261mnn8u,0,0.4338849186897278
9,1afac423a94778ddf9b6c1dc0df7105cgp1tp,0,1.801930238798377e-6
9,c9f94611f4c9afd3a3153da9654e7310jr201,0,0.0011117820395156741
9,1c950af57581698616bd9923cc94fef25n5wh,0,0.011418366804718971
9,01cda526658455000913950f20cf31a2q6nsf,0,0.8750101923942566
9,6182daa56cb0623719228c9e576b71fcpg8r8,0,0.9015907645225525
9,24108e769a15b155bd2d63c58368ae5946zhs,0,0.05411698296666145
9,5fc9437841f1dbbe63a3a933c48472fcohutg,0,2.0079660600913485e-8
9,716079d1913959ccae0307f760bcddddt6d4o,0,3.078365580222453e-6
9,4992da4511c3c1b4efed3e16c7d8dec65ilfj,0,0.5529685616493225
9,ffacbed056cbfaa60c1fcf51f0d381bddr3ly,0,0.40029922127723694
9,d3920630f4891b9ef1a8a199ce5c830aua4yi,0,0.00007660443952772766
9,00a0517965f18610417ee784a05f494d4dw6e,0,0.8122140169143677
9,1214fbf35079e7afc0a35645f8be8b218fd5o,0,0.17907439172267914
9,42e631af9bd00e5e816f08eba3b102d5ch576,1,0.2475879043340683
9,b1e106943db37b1d002bcbe06b264b8bahuy0,0,0.10941289365291595
9,f9378eb3e522beef7e6a4e1f275bbe0eaboro,0,0.17907439172267914
9,11e47dc08d7fa4d1a1953b5868892f72qvlho,0,0.945534884929657
9,4d1542974bc322859d3d099b8c5193felot1k,0,0.9280890226364136
9,649b364bc466208e559858f0677b421dbnalw,0,0.5971729755401611
9,559bccfe60c7193963f09388fb681ea65k7dp,0,0.07473055273294449
9,6429ef4aebc7d1f4027b31a6e900d165nqvyz,0,0.414510041475296
9,86a626c876e7eb4be35f4f0b0a78f97a1rn7h,0,0.6585272550582886
9,d8a4b49ed9ca241f025cdbd9637198fb71qmz,0,0.7711864709854126
9,ab3e02a6b47b250b738fdb010dc84cd7lrr07,0,0.6046167612075806
9,bf8de839c1a8b7994d19049667548e4ewchpm,0,0.016052095219492912
9,6a97f70ba29a04e77eb3b137e157070dc2mqc,0,0.007124756928533316
9,2b13a870a46975494b749feea0c5c7ed170ll,0,0.8903268575668335
9,a7c263f3fe4f19ff677e5cb475f7e5a3gdom3,0,0.22216133773326874
9,4ed4760782d4e2c65bee8cadc1fcdc89htz8b,0,0.7196403741836548
9,2daa71f0d138b8c2d61583d3b98a25e1mjp9c,0,0.00005108217737870291
9,461c1d143120270fff5ebc1b91934951378ud,0,0.0005541185382753611
9,1d69e006699adba0c79ab06f2f622445nuu63,0,0.03134003281593323
9,c503bb79d4f3522f51d348c680906c1bs0w7z,0,0.2520386576652527
9,5dda8ade6b5d4065f3119a381516c227yoz8y,0,0.9199612736701965
9,03aafab9868455b78f0723eda86698ba9v9rm,0,0.8720484972000122
9,78c82f2e8764bc8001354128f9265efcqrthe,0,0.8503767848014832
9,591ef8d73236d150c32716359a61ff2auk6y6,0,0.003366630058735609
9,942af1514033a612b203ec58f7894c9fv899u,0,0.01775641366839409
9,d43189c6eef7a763b2f8596228807dd89x9y9,0,0.0007897602627053857
9,d127576e329604b576df0a3248cdcda3279td,0,0.9089202880859375
9,121578435bf4136746cd2a80f1990e07cv1px,0,0.6093700528144836
9,7d44df0d40982a6651a06cf533ef5dddtppag,0,0.8506877422332764
9,8c3631460a4d25d2b21b1f92ebbad752a19ww,0,0.05634132772684097
9,fb200accdd0411e96f1b0f6d6f6d4f52rgk01,0,0.7205478549003601
9,fd5cef3fe1217c6591500c715d71717anczcq,0,0.2758517563343048
9,100d406b638e84e2da7c31b03100b874qiay2,0,0.7284259796142578
9,c0e3343070766b359c664f93ca65040b6bh2k,1,0.8504598140716553
9,9349befb45c4869b68e82a1944f4f01377cpz,0,0.00007844155334169045
9,24d4554556deeebf61510cf3e001edecu8hgj,0,0.00006098523226683028
9,8a958e0092f6ca984107ea6c3975f806c59m2,0,0.0006983947241678834
9,78e59e188d9780cb8988d574f692ed343s129,0,0.42580655217170715
9,d79919e5ba11f26bce5e70f0a4f859e3e4q9y,0,0.9066548347473145
9,1df5be644b8963750305092eb8ec878ayba4x,0,0.849105179309845
9,05c9fe8f8852ea069a93dfe39fc0571er9mdt,0,0.6718909740447998
9,4dd7f98cfffffd6f4707fd0deb4a00b5rj9wv,0,0.9060788154602051
9,c435ac9dcda855341e667d440c2ef7c6nd3mg,0,0.6837430000305176
9,baff2ce04381eb1bc4747d557bf52208vqmby,0,0.8461466431617737
9,24029e6b641077ab7b9a1fde11a42666pkz6z,0,0.9385467767715454
9,4e22432d4a059b14d1d6a68a1feaa953k8vrb,0,6.285323479460203e-7
9,71c2561141c55414618d67d1a8aebac1n0fjx,0,1.9579081254050834e-6
9,82ae4df0acf8237d7af1a790e3848645bp73e,0,0.5024254322052002
9,461b089147eb78c582ca8a30fa7581a7mflo5,0,0.00228624208830297
9,ba194af5111cfcf1dd95eb36160c728ds4kcy,0,0.10197288542985916
9,ac2d643e0c0d3bfe8e54e5a961c6cfdb5xn9v,0,0.9261592626571655
9,afb7618f9e3fd071d4ebedf396e1d45drta96,0,0.8439636826515198
9,1680b6a12fdc8c64645c00ae8048f99c6uzoz,0,0.7662864923477173
9,ff181014a0d7bb534fb9a35f22e24fe72m1d5,0,0.9129742980003357
9,a945c65b19da56d0c7358d8858fe14e8ulfel,0,0.9209299087524414
9,6c021878ba6173a04d55bc1cf5544ac1f3t02,0,0.8823486566543579
9,308a5541e1206e126ef80f18cc29b7017520l,0,0.00038572755875065923
9,c8a99985c7bf230f475a8e9be6a17d7a08r3x,0,4.653144287658506e-7
9,7da6a36817cf2d8c3be218a32ab25550c8kg7,0,0.10795709490776062
9,c16a9bdd369ed3ec2891c46e64017560fbx69,0,3.246061623940477e-7
9,459ea22b6b51936d0788de9f78a3547bf4jrw,0,0.03115680441260338
9,624ae2fe9394700eae7a35806e4bafaeq9cty,0,0.4725240468978882
9,68546847f11f6415034b7e2263e8ece62p3ud,0,0.00015881132276263088
9,e578807073c57556ce334044382a9b98iaz6o,0,0.00010835052671609446
9,f430aac3f0f7f88a9b504bbb71322d54mct7s,0,0.00014410135918296874
9,782557b3ec17063f2a36fc9193ed3200h14me,0,0.8452222943305969
9,e783e5f6b818d18eda4065282022ac23jd1fw,0,0.025409217923879623
9,b17ce8bfbb565945ee9f289c2ddd8abbu1ndj,0,0.7178800106048584
9,a262e805f766306f4adb38211abf235akxqh8,0,0.19342289865016937
9,2012c722a90bc47f1abbc8319d0cea51p7l5b,0,8.184489161067177e-6
9,d5337c2d4b58426b30c8733313eb5247syn5p,0,0.03167136386036873
9,7bad0fc50ac7d249e0a3d8b83f68e855fcnxu,0,0.00032454010215587914
9,6326299ca6a53277b2bcea07bd0b4ba8ktbqj,0,0.7840139269828796
9,2234754e09ba15519d0104c405326fc4igk0s,0,0.9155827164649963
9,29db827ba14938954c90cefe40d26fe1130kd,0,8.680000860294967e-7
9,83c9359ad94eab7f4b8fd582a6db4733frmsr,0,0.513782799243927
9,6d501ebf066c0331853f1bee9754e781obu7z,0,0.000018699103748076595
9,aa3ac65055bb4b1660f4d8c1d2c187ecoqvn4,0,0.18473005294799805
9,e704e6fedbe6caa9b434509d085f4c97nq6k1,0,0.24245674908161163
9,fb9b1e58ffba4b38175c11e03e51e1f48dnm1,0,0.7593845725059509
9,c1850964c360c9159e5d1d0b6485e210s6uvc,0,0.3563461899757385
9,d9576f0ba8c7479eb2b26f0d15c4abfayk5ex,0,0.43397292494773865
9,37bf6f23b628a3e2b5b22ba81beccbef0efoh,0,0.8973164558410645
9,7eb7b2f6a914afba5c3d207dc28a93aed9pnc,0,0.9193881750106812
9,958de49cdd870198543313fcf574d7c4eutrl,0,0.8169751167297363
9,d7e83a95a05308d4fae6428bb9073a7bg8aoa,0,0.00005614544352283701
9,94c8c0f9c90820f28928caf5d122dabby69ts,0,6.853944682916335e-7
9,238808859d7752579a415e89a395500fh2o65,1,0.06185926869511604
9,1689122c3b25d9e7adc626de84c10006fr2n5,0,0.05118308588862419
9,ae37c0f4dc6e3d99f5b0243fd18294cak7pxy,0,0.9110828042030334
9,9be39ea5a0612fae7bc43a25a6d10856l3qaj,1,0.8851141929626465
9,79794d93380946ef72e95f55b4abc008hsns6,0,0.7532161474227905
9,52c441804b89bc20e4c8dd625bf163f27o2zb,0,0.009119770489633083
9,93e3c34171ab65e0b031dc67461e48b478u36,0,0.919466495513916
9,3c77ec9f79f6febf630325ef84f2a0bcl3qg1,0,0.12808257341384888
9,c5c8a28a166913512f5bffa6a49788c5b0uaa,0,7.296090842601188e-8
9,6c3bdc508c20f2f3871766cd73064c8cib3xh,0,0.6332727074623108
9,6b0d09889ff4889deaabd5f15b3b34f1jxl6v,0,0.7480331063270569
9,9adae18220565488f77036be41cf71beiepqk,0,0.9204436540603638
9,400e8b5b5447b4d11e06a8bb0754d8d6l6xoy,0,0.00003866220868076198
9,026819504b59bc4eefb9963d5fe4271aql15u,0,0.005633354652673006
9,162886daa0054ff1ad422e0f18cddff3qofft,0,0.6663236021995544
9,603d769a86a359a0d41118b47c0ab41fx7kz5,0,0.03462233021855354
9,dfb23124fba16b7778f65c1c8d091f949jz0k,0,0.002774157328531146
9,1bb7a8c04e70386f5496322158e9fc3ef6d84,0,0.8954964876174927
9,4d6fa52e125a18f433db6e6603b58ec7k1key,0,0.7696499228477478
9,50859deae0e0a599efde1725cde3a8b8dw86a,0,0.00005341410724213347
9,0030a2dd87ad2733e0873062e4f83954mkj86,0,0.000693595502525568
9,0eeffc5039b27a4dc2e420eca75b1fa55rv5q,0,0.6731743216514587
9,664adb319c2be43104b6565a8ff293dea0f01,0,0.0019195911008864641
9,950aa0150f419cd6361bd3c500e6e695xfljo,0,0.8593551516532898
9,bf190f2cffc1a77f0957f8cd1c98257dofy08,0,0.583243191242218
9,f268f61e075419e5a001b86ee78557e2kmg14,0,3.268670525358175e-7
9,106f4ed8e9b727f8d94a1cd57e882a095pteo,0,0.8341896533966064
9,e8bc0150097c1b2b8b8c374b69e0d3a6mxfcm,0,6.023360015205981e-7
9,874f882f7efff96263e9b555415aac36dsxry,0,0.3563023805618286
9,9f9dd5c179d357b53f145ae1e5cc941f5qfuy,0,0.00007171233301050961
9,0ea26a4028ffc16d9a8631d43e1b92105auao,0,0.9574827551841736
9,01c1c7be49cd6cfbb9075925a05c9899p41va,0,0.00003171390198986046
9,e8581ec94cd4d5009ab6b36c6aca9f0cp3txb,0,0.7636013627052307
9,eb27d8daded752fc0d1c828867b0f118cswwq,0,2.451609475428995e-7
9,90fe8d6fc0bbe4ff2ca7833fe51bddbaaibof,0,0.8850073218345642
9,0f8cb1baa83fefac10f885f79149bf13kn4nw,0,0.8831843733787537
9,a8b8959fe64f490d32fc15a5d1144f87qj9ai,0,0.04570427164435387
9,332ef2c7189603a497fc89345ee4f5605i5xw,0,0.006830647587776184
9,3ce8aa0207022698b6d0eef09c89b381jzqi1,0,0.5584079623222351
9,167008af05d4feaa636a565f6f83ec61a6ogj,0,0.12146125733852386
9,8725b0aa1a32054450c16b099328fbcbi71gi,0,0.11618097126483917
9,32d2ce86b00693f0c26314e3cce2438dvxbt3,0,0.00003925766213797033
9,8b109c0aee5ed07fc996e73d28e65888o5jmc,0,0.0009229577262885869
9,04c6b750b0552089c87ae03de72289cfcpfmh,0,0.08492092043161392
9,c353286290001e0943ed9bb160145c42etrf8,0,0.0014757391763851047
9,317d3e44b2bcfdd7293b84f82f44b8e31hx1r,0,1.3724232417189342e-7
9,34914d163517a0cc4f0c971afb2352106vsvz,0,0.0027959367725998163
9,55abcd1b00c6b5b54633fc7e98f0110bwoy3v,0,0.8653638958930969
9,bc3d08ad6ac94b8b5ce40a29b59899cakj3p5,0,0.8772323727607727
9,e56f611f1157381f4b689ab34b574e791qhcn,1,0.9165093898773193
9,76f17ce227e593aeff456fed46e36c83a3j72,0,0.8941072225570679
9,64f6b099082e4fb2e8da7ba4ae9abdead2cej,0,7.034695492791343e-9
9,429b876aa7e2d6741ddf322685363ccchue2v,0,0.10452740639448166
9,4694d67c21e9a2edd614e717aa3f4dd2e0w93,0,0.00032347996602766216
9,74a35c4376559c911fdb5e9cfb78c5e4btqew,1,6.983502316870727e-6
9,6f07ce71625a0c57aa5c0c05071cba164jmba,0,0.07327209413051605
9,353d05bfefe1dd96d3335575ddadf310rgnrr,0,0.00003310557076474652
9,1a09feff347553a2577983d7c742e3d6l2hfo,0,0.8154780268669128
9,70739399d69a3b7ea9e72742dc728742zp9uf,0,0.0055762543343007565
9,628156f3bce703aa6bd275089c6c692499h1q,0,0.8534104824066162
9,470727c18798cf0e0ecc2a0dca207cafuena7,0,0.0003729779564309865
9,39b501f37dde9b055d627394964d3260qiktx,0,0.5087485313415527
9,dbdb69d0032b0a251469107dd565b6c7irr4a,0,0.001678053056821227
9,40f2eaf03624a31952397644f1b79a6fvtfjf,0,0.043708108365535736
9,6c8ffec692e88d81e1b18d47818abb04v6llr,0,0.9280745387077332
9,13812c0d2c8c474bd62481d932407687o26kg,0,0.2562640309333801
9,283987b9f1ffd4514757483ee1f01351xd678,0,0.7766138911247253
9,a116e727a3dc0b69f5e7ae14d0ab40d44breq,0,0.3059850037097931
9,56b55e6ab49a4cbe7c76a2bbca804089pjq0g,0,0.9077636003494263
9,baf1aa59ebedbacea2ca418c5aa83888imys2,0,9.752999403644935e-7
9,eef111bfb93c213c174947c69b2f2b38cr2pw,0,0.8118590116500854
9,74cf3a0c5e4f080415888bad2f7119499lh63,0,0.00033369939774274826
9,d31f6cdaf4f8485190b4ea588f8c1733y6qu9,0,0.001445275847800076
9,81207d4ecf830fee924989f4fe1eaa7fntkmw,0,0.7239708304405212
9,fc48aad7a51d965595b59550e08b94c670k7w,0,1.921662033055327e-6
9,acaec0b9f72bf4ab4318f3244344589b3700a,0,0.028475183993577957
9,37bb1697e1c3922a06c2d2ea4138a4c8s6wgk,1,0.9935478568077087
9,dfa7ead5ef84eebc79c67d3daac340b0exa41,0,2.9727959827141603e-6
9,19033960ac23dffe078a1217788bc720jvjbz,0,1.3653445485317661e-8
9,0c55920fb607fef2d33324f33565758a6e4dj,0,0.2270624041557312
9,67a1b129ca241c51d0abb5484f8eb3fct8o5c,1,0.9375176429748535
9,99a3bacd3eb66c909a02b85402ac38dfskz65,0,0.017213977873325348
9,ffaf0a972a6dcb3910fd6b16045781e2ava5y,0,1.0666470018350083e-7
9,eace2a2890644d703c619fff7e41a9a16k7lf,0,0.5818521976470947
9,4d2fc319ce6c2ad370052e0f6f2b0a1dxiyau,0,0.14761149883270264
9,0a92c4fa2bcdc8e952546d236b322053o5wbk,0,0.23351417481899261
9,681b4f9dca9e70441fca4a58c05b0f50skmir,0,6.1837772591388784e-6
9,c1859303603734d90d1a91d80977e14echjim,0,0.9003241062164307
9,6ca1de75674e78f9d3d63fd96fbe6e172t86c,0,0.01491115428507328
9,a639448bde9a72923b70917e82594fc66sa2f,0,0.7653687000274658
9,15b1e719796dc894ecde30f160e7ae20hrmmh,0,0.00003125778312096372
9,a4e83190edb97fefdc4a6cbfd00f41fbm7c4o,1,0.9101353883743286
9,e60b306c01cf0c0be5c7d54facf927044g5d2,0,0.000049511374527355656
9,054b51d059fe981ca8cc4e0d4c49aabb5mck7,0,0.8925443291664124
9,ff4e39c0be8af4b17a73dcb761e4bb6dmop0m,0,0.28278520703315735
9,964028ac24d4ca16c4b63f64b06df1c8ltrrl,0,0.5343773365020752
9,e49dfe2adbc4b3789f67bc044c231473clc4d,0,1.6652694512231392e-6
9,b4495464d4503ccb8e696994059983c89g4lc,0,0.07940611988306046
9,bb4af76ec92ce75e8abe9a6a481d4314jyo16,0,0.0017043824773281813
9,0ad17aa9111f657d71cd3005599afc24fd44y,1,0.9087569117546082
9,4089a2b7f26e5c13a7f3350bd52ebf8fh21nm,0,0.8664889931678772
9,4566ae63ee93ffc6b000b5cbea7f6a8ehbg00,0,0.03887861594557762
9,1870650d20a97db60ce4133bb9352b69h9phj,0,0.6603570580482483
9,b217ca4cdea62a3977481e398d2cc9bd4sxht,0,0.013780930079519749
9,b1c9bacacf1f33a8fe48d1a4ae4c761bcltiv,0,0.8747124671936035
9,6ed19e45dc118b78a78f25649aaaddbeef7e4,0,0.7085162997245789
9,8c339df2050a428c04a1c2bcbfe4a143loj8l,0,0.7735608220100403
9,537f38e5fcf2656968e0a1752dd494ba8z1jc,0,1.3536856613427517e-6
9,7d063aa96e7a065ed5ff9deb7c851bddhrxdj,0,0.05093598738312721
9,fdd6944b3c3caaa7d1234ecfc11f8d080h90x,0,0.16723297536373138
9,4c93ba564461b1412df6f033c8ef71e8ck438,0,0.8386062979698181
9,5640f30464bb5a7bc6e98fd2873fc25dh78hp,0,1.0652826176738017e-7
9,e54c3b01eab75ad3a616d56dd06ebef758ua8,0,1.5414709508831947e-8
9,6c11cc7744fb52a632306ca8bf966cd1e4zxx,1,0.9289283156394958
9,235f78b13fc87c995c1f309403ee56bb54tu5,0,0.579638659954071
9,2b5c4051f232c4848dbbb477c5ad7f389f4b6,0,0.00008476406219415367
9,11d5f6925da5809e2d447788b85d6253jj8fu,0,0.8870947957038879
9,3fe1dacbdaf96fab0c213e218968c518twu76,0,0.8574734330177307
9,2baa5a9ec317cb21a11d83f6dc72a2d6xy9jb,0,0.0026026605628430843
10,1c5f4fc669099bfbfac515cd26997bd12ruaj,0,7.256206845508793e-15
10,88ae7a35e374a6fddd079ebb28c822eeohwse,0,0.02982761524617672
10,fa64831ab5ade55daee13f852c16b0a84ujt0,0,0.06189443916082382
10,1b26a52e1e5980c8487bb35cf5027fdfwfnzp,0,4.942037001853805e-9
10,c0549e76b179912d52a28c3eb9b29376yaxvu,0,5.455729618075722e-12
10,38e919293f5dbd62d87ce288e41aae2a281m2,0,0.7107211947441101
10,d91a4421996dcf429f575e372915cdcedae6g,0,0.305443674325943
10,880f542a275df1251612886d408b32e8m96cp,0,0.0003672317834571004
10,5354c02817e47f28e60e44a40ca5e48dll4sz,1,0.5537457466125488
10,29cc13d48af9832e0eb481c8a095fec7mom74,0,4.437296468040586e-7
10,a1f4d216a1a92507d97166151d7c9fe37bei4,0,7.684741831326392e-6
10,9434778d2268f1fa2a8ede48c0cd05c097zey,1,0.2616118788719177
10,e97becf0d4632035ad4cd5e65c827d6f0xawy,0,0.001249142223969102
10,e98d8f348b266653b6784329782fd2e91vu3h,0,0.07336856424808502
10,ef24ca4be7ccbd6ec68d4ea9f47c9e8ex1g09,0,0.0003756931400857866
10,e78cb9678684d649453cd5e1e46baf462lq87,0,0.000017025462511810474
10,68600b8922561fe26b8b6acf1d11efdfb24k7,0,0.0017766918754205108
10,09d71d3e6a6871a7598dc2764c5bb4ffkz6mc,0,0.14230534434318542
10,af98b7d5a7c1ccd2968252a2fb1c06f69igbv,0,0.37694215774536133
10,6ecd9f4b332eb790dc933aea0a1528e2qkp4y,0,0.034757934510707855
10,4c4431ec9b6e683bdc5a3118d5140105r1nas,0,2.9247569699464293e-8
10,1cd8d86911413c73e92ad1170cae68c3pocsn,0,0.6035541892051697
10,1e342381f2c64318a51a9b71d91897f8dv9ul,0,0.5409108996391296
10,6531bde8d4decd9708ff4407ef95e887a26yi,0,2.1382476234066417e-8
10,ff58ffde976a4899dcd89597a7877e18lntgz,0,0.10986804217100143
10,758bd601d6700494300ec1647682eb34vq1zp,0,3.860664946842007e-6
10,03244a553a252dcc3a3037f0371c8d33fmpd1,0,2.4746232156758197e-6
10,461dc3d03d1e28d52770a4d3dc7db34558fcg,0,0.04305436834692955
10,48117c1e2b56cfc8739f83683e01d9b2aoc66,0,0.00005602429882856086
10,75c4518eba20c9299a3a836d9905c327w6j8b,0,2.4442199375585005e-8
10,47e0637718480102d235233c83661a7850foh,0,8.60714166606158e-10
10,3b233dc399f175100fb11ff9c66fa5b074z60,0,0.3061254918575287
10,8c2bdb9dd878a811701838002627a056be0ce,0,0.6699921488761902
10,9653f425ed82418570fbca890f7032b16sjjd,0,0.04717324674129486
10,3edae72a9d44c43524c0203ce38581d1790xh,0,7.264340240453748e-10
10,8d43ad48f315364be4d979d2e9d5ee67quqyi,0,0.013219226151704788
10,10383b390780e7b4b03dc32c94b4973f66wou,0,0.008350059390068054
10,20ebb9de648c6df989f04d07cf273c7b3yu8c,0,0.00009693545871414244
10,8126928a319468b6da5edce4097d2398xwita,0,3.530075446178671e-6
10,c7d335bf99b9c71fb22797ecbd78b92ashv4h,0,0.007776219397783279
10,ea0e5f7d93f2220a62bde8067f26daaa7oxgf,0,0.00014216943236533552
10,72dd0e4788d25f62cc2ba942bb9499dc7quqj,0,0.003344904165714979
10,b8e47f06aef714b37073e72ac40a8100mew9c,0,0.00013104242680128664
10,50791a0a98478b7f78f8d30acaa4683dxab5p,0,0.05797073245048523
10,f46cfa9acdb6a4c419c70c19be4ff9523uixs,0,0.04574001207947731
10,7339b024b285f99084bcca768cce5c7e0h2op,0,7.450814271114936e-12
10,dfd5c9157a0a771f235c32f30aedbf84e2552,0,0.04163321107625961
10,62ac0de5f8776ca1d189297bdea9a64cmewb9,0,7.928157171219389e-20
10,99bcfc00be736e03facf0afeb79ac533cs7tp,0,0.014103159308433533
10,82bec02fec2f08899489d7a5c35a30a0lbszo,0,0.000011822894521174021
10,ac494ae5acf003f84ba46f5741618a8dn19qi,0,8.072461241681594e-6
10,ea57e35acda9a8f8b75f4d9bc049f74d7qx3t,0,0.005555875599384308
10,b64c209b3d1d91a663d134961af89125u0s9a,0,0.012171500362455845
10,0565a780f2c5b46837bbe9739ef15ea92fdu0,0,0.17234152555465698
10,3d281a78c6a116a91baf9c8db22b56bazer1h,0,0.05409148707985878
10,81a6dd18d43cb3b1999176eea563b438roe7y,0,0.042185746133327484
10,a8561bec318a7d3a0082b35b086b4428wekph,0,0.1342887133359909
10,ea5948061b2059bcbd900d3ae7e86e428ae8g,0,0.04818987101316452
10,31a301c70e897bf36276031abdf07ab6cs6z0,0,2.429669243575461e-10
10,a7454ee6fbb69c4079caf5b5b92574abi6pyh,0,1.5196768843317443e-10
10,c08e5e3325e2f4fea171f24ca018e675we8kj,0,0.012171500362455845
10,33a7a0121e28cca4e42494dd0f5aa03fdhlm1,0,0.00012114083801861852
10,9fada390b6c53ecb47e6f4eb4353e14f01xu0,0,0.3259042799472809
10,f61d93fddb01d2d89a85a132c649aa90lj1z6,0,0.00022887671366333961
10,76a8a9566e21595a1ac06cc0050626c1q7a83,0,0.012596888467669487
10,26190fcf0babdbe0b0d903f325c52873tpj7e,0,0.0003555501170922071
10,c69e65de28937ebe1b94e7785afd94158thqk,0,0.4123649001121521
10,c2d1b8c1b7a9c8010f5b215e8aadb1d7gahpp,0,0.020429065451025963
10,e22528ef6a439aff5a8b19f8c9b07c19fyzs6,0,0.004092696588486433
10,334714f005e994d46cf4d18093dd4d05fyxc8,1,0.04839365929365158
10,340bc29eeeb9b9d04eb1fb72a1a9a2444brgk,0,0.000887526199221611
10,1e1c9332e90c1cb0f01da223bc043c528cvwo,0,1.6797731283192674e-13
10,ea6c07fbbfc3f0e549701b1e7b90c4d21zfjl,0,3.2938207716881607e-9
10,74f153bd134afc92866a6bc5cceb2088120y0,0,0.012171500362455845
10,c755d2832026bc2a6f5d2d6df5740f06mr3nj,0,0.0014228507643565536
10,282fe85277f7c07b0ffbc5fed621a02ezp1zr,0,0.18498560786247253
10,55b39a51c925bfb42fb812ebc5fe318emsjjf,1,0.01585829071700573
10,e1b1c514e1b87826fd045588f1f3881707cyy,0,0.0013333630049601197
10,ca391c857d7aa75a72e2d7c3133e0d6ay9pil,0,9.729590601637028e-6
10,dc752fa41d974bf688d25ea9d18e9a2eit904,0,2.4575135260107572e-9
10,7fab82fa5eaea6a44eb743bc4bf356b3tarle,1,4.048983726079314e-7
10,0d0d43ac593a891ce100d8202d3d72c3xsma8,0,0.00002064264663204085
10,3d54d594ffba32e8d6527a688e7227e30iq3k,0,0.007801997475326061
10,b970a53727b2bfaf02079779c846a52fj3f0q,0,1.0118715896645716e-13
10,9c0cbc0fd8a6c22ae3648801ade080fek6i13,0,0.027640894055366516
10,3995d9ce0cebd62d77cb8add067d93e15oezc,0,9.566418058377327e-15
10,e67abc3ba39537cc640678297a7c5bfag490k,0,0.00811225175857544
10,bd8bd6cae40abb19b81b6b6a7775f63e5tk1s,0,0.00030649310792796314
10,a3ef8857f2e33ecd25c409622b4e3ebcij8hv,1,0.339469850063324
10,db5e9f85e7d180f7d952f12e5dae5900q9xif,0,3.1675462253133446e-9
10,8b809e18804865ff2a2e799c9a5e8a48mtxdh,0,0.018431438133120537
10,5d02346d70f11cd61d9fb955846ee9bdp5o6k,0,3.056709052540185e-10
10,9b51afa3c3a736bdf93bd1f2a7b0a0903c34w,0,0.011002274230122566
10,6b9a3d480add21788772e118e6d51ed57e3w9,0,0.5864210724830627
10,c2294751630e49a4e594dfd89383b271qzp0m,0,0.5806385278701782
10,4c2699de8bc9516b09c5e5c8bae6d6c6xiry9,0,0.008065038360655308
10,4ab56df4b1befe3e2ce5cd98e8950ba2psqq2,0,5.694474405903982e-11
10,6533b670e02ccf583288ba7c8f5fb1carmirt,1,0.9847686290740967
10,55d0b2506cef6464d799879b65c6ba29hjcv3,0,0.0010519454954192042
10,b7efeea5ff94a281635ca2f0f7e8b3ca4zykk,0,0.021383043378591537
10,e5fd2ebbf5bac9ddc73ce524e1b33c3akti0q,0,0.3536447584629059
10,05c6b93bf8f083b2d0a03ffc0fc3524ba8fi5,0,0.0015387573512271047
10,c0d065cc8cb585f027143f2ebc6b49f01g1wr,0,0.005733877420425415
10,20a2d48ac3400228e7a0296aaa596a0fvckdc,0,6.918419899193395e-7
10,51d2e1b98b7a1e42b939637dc6e11381zu201,0,0.0005023431731387973
10,061690ceb6004807b7906968bf382dfcbve7y,1,0.0037547163665294647
10,2819b8b2295f272f33f8e76fd344ce6bywj1p,0,3.2846501126643224e-12
10,9393cc68d0357d7b200a94fdf93ee3cf7xg5l,0,0.3088900148868561
10,0318e0a173f7c65db40116b903884c854x258,0,0.44830140471458435
10,6767cffbe2c0957492aa451560655be3hjd6s,0,0.0025267223827540874
10,8cba56e5e7c2be942ea8472b73f0842fil1x0,0,0.00020051433239132166
10,84c4b58a1491da3a30710bcdf61f87054xfq6,0,0.27702271938323975
10,dd7292cdbc81ebfb87945d9ab176d679gepf0,0,0.28342583775520325
10,e9c8ee7f783723fe8496dd35232d88f2or1r1,0,0.44615602493286133
10,3d48fb12020c1a81a65fdba2d75caf0d6q2nc,0,0.01084363367408514
10,272a9183c10d9e80eda8ccaf6682db71203nk,0,7.859068062998631e-8
10,9c223f867c65938ce8623fc41bec08485xddt,0,0.0015671222936362028
10,10f1460119f9e42bcccd0f68ef59cc830pwtq,0,0.003395847277715802
10,4b3e6a8a52c413a32f76a6d7a84a54bb8gb0t,0,0.012171500362455845
10,4073de52fb5c46376dc3cac6b2f2cecdxyqjg,0,0.0027623495552688837
10,2db8669a6d21a5c8197d4287ea32b7883gv5r,0,0.00007281710713868961
10,6393f55c093e04e6e608e1ee8be9c3e28omjd,0,0.019305698573589325
10,aa7e36069de119ee3ad7c4d8c925fa3ekrs4i,0,0.011436065658926964
10,9d98d3f00a0c0bddf35470b0fb735fcdhiriy,0,0.01335094403475523
10,4882587d42b3d7d8d7bec4315203f10bl2fts,0,8.67105154611636e-6
10,bc7722baf876d0735ddc885691eb687bgz365,0,0.01879376359283924
10,a9062f1d7c589bb01ee0b330ee8791fc702il,0,0.010509287938475609
10,34cc283e180fcd4902ef8758714c6d83th4nf,0,1.7809233254784118e-10
10,a283eb484c3245e5b12b18daccc075e9g9xk4,0,2.532799499022076e-6
10,73d4cec0ad358d272d757e0fce8440d01fvw8,0,2.18676590724165e-10
10,b1410ac124aeb5ef6b06667786feb742tijnw,0,0.034858059138059616
10,d38b2db568fb71174bf883554bea939ccts4m,0,5.3772993002798586e-11
10,3128932859bba46f57cdd19579c42e05lif6h,0,0.00233984412625432
10,48044b1b1f47f168864bc7c4a58a65ecmt187,0,0.00001962931673915591
10,4c2af41637c123c78074e46a22526298vol9h,0,0.0005296213203109801
10,3d48d4b09fc7559bb6c129fb65c133808brgv,0,2.080894484501883e-11
10,1cf0d30e0bf9f4a536b1fe16ecc26cd22j50c,0,1.5260662525329316e-11
10,86151544b29ad273209ec4605c257b089z588,0,0.0002585195761639625
10,a4630d8b78c796441a1be187f6907b11c5eu0,0,0.00008495851943735033
10,a1922a9ee4f9f5d03fe11816c2cc3eb9ivcbp,0,1.2209330895674906e-15
10,d645e4b8b043a18bb1c8689572ad4fe16q3np,0,0.00008985404565464705
10,f9ab998f3adb944a1cd1847a097fbc0bw61nf,0,1.480275679810461e-9
10,0c5992f18244e24d2d7b4708a512378729eev,0,0.8881999254226685
10,e4264fc4dcd5f917ceb002d860441370s054e,0,1.7572980951612163e-16
10,18bc9dbbed75b55f35ec4be1351b7aa86an68,0,0.07775697112083435
10,abec779131ec6bd32f5e32ed0f274400ekljo,0,0.001866313861683011
10,bd0071b98d9479130e5c053a244fe6f1muj8h,1,2.1814116485385782e-11
10,dc87cba6dc8717e219e9fa9edcd10ae4a2i86,0,1.2915687616632532e-11
10,0a7446b63f183a4928ae762ed6cd1c4b894qz,0,0.03062700480222702
10,f19531503f1485a3014189a80971c6fb0d9fu,0,0.006909951101988554
10,e561791343f3564a6fc612a98b5f3df34rxok,0,2.0172181633415498e-11
10,8acae9b2e5454fbd92fd0b3d79fe89ad6w2wp,0,6.813642130509834e-7
10,5b1bc916ca111874eda3bbe669957cb1d3mck,0,0.0007267271284945309
10,b1c2e7ee5c69722df6233541ad5e784eutiv2,0,0.0000113284640974598
10,bc3b92a81586cb726cbf4d5b418fee41o20sj,0,4.3777135984133775e-18
10,44c38c27b9de757c8c7c05cf07b7e3eb14qpt,0,1.1513246085670392e-11
10,1dab9ffc5c6bf06e86e0dd1b3cb9ebecn5pu6,0,7.878633945494022e-17
10,9ba7cbcf531c20ef7cc55a6da5c0654evwt1d,0,0.18960104882717133
10,c8d3fc73c1a41bf92a5e4982eb6cf78du8gg5,0,0.002938372315838933
10,ccc371d7848a80bc31941248b9f49b95hn694,0,0.000030873692594468594
10,260568e07963ce8351f3313bd7b9b0e2vonva,0,9.089331717837545e-12
10,213a7fb31eef8b38a23ad6b0bf2c7fd0dx3vk,0,0.00006791284249629825
10,511a640e38bf03022300f5503cceb2cd3f361,0,0.8498682975769043
10,d3ab33e9314c95d6806813171f292299tmprm,0,5.325210050699525e-9
10,2fe472c1be232dca314d4bdf0fa95165rjv69,0,0.18781159818172455
10,bd29e36cbb063cbb96ece76680ffd9121dy90,0,0.00007255177479237318
10,d2fe98eb0fa21252956184a98138c58dwp1ah,0,0.0025284162256866693
10,5c2b3f221cdf303df86ff1ffd7106fcco6pml,0,0.4765969216823578
10,339b8ca3185dcaffbc3ebdfd960020e8es0as,0,0.01663171499967575
10,cd35a3230456d4a245806e476c63e9a1evu7i,0,2.0585585319699007e-11
10,ee5afe7f268aaa88598545df890f4e5fzari6,0,0.00009320209210272878
10,613fe9b896ce3801e40212b3c8a8053c1e8nj,0,0.16476339101791382
10,23f9a0e1492c4abf375823266ddbe36bzukj3,0,0.0009469971992075443
10,84c7bbdc12233f88f35c2c3b8f178803ta03m,0,2.8267382390367857e-7
10,70c6727cc40fdc6f752b28102f31a38b883io,0,0.0029721756000071764
10,42025aabb56a61f3bea90d27b283b517dyk4t,0,0.000016503132428624667
10,99ca795998fb781a42d85f1abeb50482yzffz,0,0.4258442223072052
10,3105d663ef3dff7e483a46c56580a9f9kd7f8,0,0.30390554666519165
10,a32cce991a2f597f6e5a02605119f99b1dyq1,0,0.0003434095124248415
10,0817731a4d2e319f6f771da3f522b8bfv6njs,0,0.5805654525756836
10,047558bebab9292a5d4c85d6ee768784j2hdd,0,0.4145050346851349
10,dd76fa7a75bd0e1921f71d255a8e0853l4lbi,0,0.000022309601263259538
10,3043fb0b4a1904222f640107f84d6f799tves,0,5.091752427688334e-6
10,3ee7de4c5a5e31b7b407827ae1370f70suenu,0,6.439907201255535e-12
10,4dbc8d336dbe0241c9bbb0f3630f25059yo43,0,5.391702870838344e-6
10,5bb3c3ff71ef6560c7600c512128ffc8js7py,0,1.5661001384614792e-9
10,6feec0741a319299c78c47040893399ebas6q,0,0.009062622673809528
10,f3bb3c26162cfc1b8c3636a7ba126010na3n4,0,0.010329365730285645
10,95efb775460080c0da57e154f27876d75xnsx,0,0.0002383246028330177
10,d092609f5140c62ec64ddd7615c25792qgdrd,0,0.012502915225923061
10,6e848149cabc4434155aacb610fb20de6vq5b,1,0.06014464050531387
10,fe19fadb955fee4c5fcd0e30e56e1542kx66p,0,0.6070461273193359
10,36f52ad1abfd307b73c9b69cd5197dddmmxgr,0,0.02875707857310772
10,9e25bd3696b4e1775de205d2d4698a0df4s14,0,0.024465156719088554
10,c2f592fbdc8980229367e1db4d0f7a51my54g,0,0.05242474377155304
10,8d638f6da12614d6b369249410c3d278n8qme,0,7.327930973133334e-8
10,9375e98d0810ce9119ccf45300249636zfpd9,0,0.000053364561608759686
10,1c950af57581698616bd9923cc94fef25n5wh,0,0.00006918975850567222
10,92ce3c44edd41ad3222481daac1ead35bouwj,0,3.324273523119814e-9
10,b729f60d26fde89a01f3fa89759d6b07t0ec4,0,0.830263078212738
10,c7c854748038ddf37b8a9c4f5a28073fsut8p,0,0.9969125986099243
10,bcda2135a2456d611876679b61dac500vs7sx,0,0.02957083471119404
10,f5edfebe95b4f637d1bcceb892b73dc7rhn7l,0,0.001790702110156417
10,9685887173cc2e1e5ee3993832a4b153bfl9m,0,0.0022651678882539272
10,5aeb71cdc92fe5d1c4a4e127d7ca7783gzje9,0,6.222369624761526e-13
10,6ed39d7c89fa2d423017cc9811f0c469i2157,0,0.009405718185007572
10,d92c8c2d4c29d4c785431a8b34ea135awepbr,0,0.014759957790374756
10,fdad47d27b793b74470086c35333d4fepycsl,0,0.002167070284485817
10,83aa7c2c8c018888d9ebc6daf63bddb6f2i0d,0,6.268598108042506e-14
10,1214fbf35079e7afc0a35645f8be8b218fd5o,0,0.012171500362455845
10,17b41c48d6f53585c7bf3b65977eada0yxs8n,0,0.0020676706917583942
10,42e631af9bd00e5e816f08eba3b102d5ch576,1,0.000016029507605708204
10,49eaad86d095aa5af75ce34e59e4b7f1mmf9q,0,9.249490176443942e-6
10,e7cf764619380e5303089f04bf647f10thebb,0,0.015354407951235771
10,ec3b2ff6f725e847f93285bc9d2b7b3dvcd4u,0,0.008119625970721245
10,9ae9782ecff93ddf1c6fa13d711b9fe1gc266,0,0.08416363596916199
10,559bccfe60c7193963f09388fb681ea65k7dp,0,0.00028694927459582686
10,90fd7b3c991701dee376daeb09a0a5b7kawse,0,0.00001905484896269627
10,7259271b61d2f05200eb2e1ab1d2ec911jlaa,0,0.0002900020917877555
10,96b7bb4238e7ebb439d81d63db4c2796aoofv,0,0.4899734556674957
10,18076726ec814a6f56da2cb9ea89d105j8vpm,0,0.0010156385833397508
10,a7bc17dfb615eacffe397be5b2c2f3a6r0bb9,0,0.2506529688835144
10,cad9c97e99bd5753be98edd9ad8ec8c8c7r66,1,0.9624462127685547
10,5771ce26e8b0fcbe7e90106955638b251qj2w,0,2.4919941665757506e-9
10,3e9180fdf158409adc96aceffab6e00bejjah,0,0.09665549546480179
10,e90e4701234b13b7a233a86967436806wqqw4,0,0.4288252890110016
10,0825d381aa09d1d0c47c77c372f07acbe02ky,0,0.003366743680089712
10,95af80db42edfce4e937550d60d79561punym,0,2.3363238010887244e-9
10,adc548d88b9a307ce0b58a0d11d3ae14gcfon,0,3.2176646982406965e-6
10,a96039c7cfb1d040ca978ec5e66ee2c0sb5ht,0,0.0011264241766184568
10,3318a824cfbd3d3d177ab7e9520b21cbsrcgr,0,0.00020169878553133458
10,26508777dcd84df59b467a60d9f18ca1pvvbs,0,0.010354075580835342
10,f069e2e45ce316168a94b972c5b7d6b0f342m,0,5.128571046952857e-6
10,591ef8d73236d150c32716359a61ff2auk6y6,0,4.5273536670720205e-6
10,121578435bf4136746cd2a80f1990e07cv1px,0,0.0009519277373328805
10,ca68a41b3a4062f154dc1ae8456cd792d6kp1,0,0.00003208230918971822
10,eea79e1bfc21ff1b9572213e540e1252s5iuy,0,0.012196935713291168
10,870932eabebfc108296437c303db6055kc3t4,0,1.2260986372782597e-17
10,c0e3343070766b359c664f93ca65040b6bh2k,1,0.05750150978565216
10,d3f595832d80988c2016aeafd125d8f072r4h,0,0.00001714247264317237
10,f8f87e237833c3279a953b785653b0e5qka8u,0,0.006734286900609732
10,a0420d3961adf890fccf4b43899708f6h40zs,0,2.065767290559961e-8
10,21c5f4fff051adecaf1b080fbf910ca3dvi6a,0,0.7698789238929749
10,655a95d80489d145052254616787cb84fwqid,0,5.0131617878191453e-14
10,1dce9aaf9d6b9cba38f9c7489764fe30nlrq2,0,0.00029234253452159464
10,1df5be644b8963750305092eb8ec878ayba4x,0,0.07183697074651718
10,5c2e85ba72b9e9e16f77939fee7ffb5eivaqe,0,0.001162893371656537
10,4f57e657df5ee5d9207178b4b6858ddak9ouq,0,0.0004209959879517555
10,fa64fdb8ad70e86efbfc31179e93e99egd27l,0,0.00009695412882138044
10,a3d0a600cdb44f03d58f27b19247cd0d4az4k,0,0.0013437342131510377
10,87c5fcd8d9582701469f94bff3cc415dvq4ia,0,0.003133670426905155
10,8bc48bc2cd0ee494e55470a7ab0814c12riuf,0,2.707839144022728e-7
10,baff2ce04381eb1bc4747d557bf52208vqmby,0,0.29383960366249084
10,1ba9422d7a55aa5abc3ff37d1cafa9f2yds7i,0,0.1338617205619812
10,cd9a7b22d85c35845260cd61a4b65cb2meyel,0,0.03285874053835869
10,24029e6b641077ab7b9a1fde11a42666pkz6z,0,0.456255704164505
10,36473d4c641c4c09c20c80e2ab35a36dwzp5d,0,2.1090021107283974e-7
10,2b2ee7d0ebdf910833b5cb173c567881jt8sj,0,3.7525552443185006e-8
10,461b089147eb78c582ca8a30fa7581a7mflo5,0,2.0657206789564952e-7
10,c34e1a988fb471e9eb8a5e84bb8ddf90k4hng,0,0.007769658695906401
10,6c0030ed696c4156b6ea3472374f6b54s4ih4,0,0.009767254814505577
10,50dd191676497345cc95d8b9f7284a7371z5s,0,3.912531632010996e-9
10,25f59f9da43b6806aaa125fa61974591sacso,0,5.5780802199478785e-9
10,a961ba95d1685705953ace49a29424e2ld1ek,0,0.002615703735500574
10,45e4c7fe66077b5b7b338f19f476f9d85jlk0,0,2.850667701892462e-9
10,f781d7cab96d95bcea507cdd43b24255pw0dv,0,0.4180900752544403
10,ff181014a0d7bb534fb9a35f22e24fe72m1d5,0,0.3870362341403961
10,a945c65b19da56d0c7358d8858fe14e8ulfel,0,0.6252459287643433
10,6c021878ba6173a04d55bc1cf5544ac1f3t02,0,0.44762495160102844
10,88acd2e23ea6817d9d9fc28f38a8d1aftqssz,0,0.1328844428062439
10,058a4e0ac0a20f504cc9c6aae2a896e6too9v,0,4.400455694275607e-12
10,6cfd573a82acda92e8207745bca28aa7lqjcm,0,5.386640623328276e-6
10,a3ef8289a92196b07e2e7371bb111e3aom07k,0,1.9870741163607875e-10
10,0a9c5e1f261c937c09817ea2d5e949f34v8oe,0,4.277625521353912e-6
10,445eea09a6299164f60dd11f23276b44rkt8q,0,2.1790236715696354e-12
10,2012c722a90bc47f1abbc8319d0cea51p7l5b,0,1.7917365507935656e-11
10,7bad0fc50ac7d249e0a3d8b83f68e855fcnxu,0,5.779190246357757e-7
10,3e0bbd7d75cf543a56919ff5069b31a9gcbql,0,0.002885754220187664
10,29db827ba14938954c90cefe40d26fe1130kd,0,6.492749453313948e-14
10,9372e27ce85a8c8b9460b87c37cf55ecqjjkd,0,0.17687328159809113
10,d7eefaad31febe607c252199a7672420kl1el,1,0.12388651818037033
10,96f31c5b3baa8704096cc8d4301b4c96i6fyp,0,0.024500655010342598
10,4c341a39553faef07ddb917ea4e069ed0yi3y,0,0.004175217822194099
10,a8a81bb8a3a35572bd1f9922f5a31217pw41k,0,0.00001136908213084098
10,e134f2bb79d1a810aada6a24760c8910mh5na,0,0.0655982717871666
10,2993e59bbbd7d14bf4bc21e4d2a4f8eeb18d2,0,0.0052055492997169495
10,fa6bfb4a2156dc8e73a713cdab85bc4bmcmwr,0,1.412937393752145e-7
10,ec86220eb6ce57c91a02a7356b342599jrcut,0,0.008770141750574112
10,8bce581a91921adaa5fc20e627cd7b94l6cp6,0,7.466458100680029e-6
10,c67ecaf47f857f37f63ac0f4b9af3249wwdtz,0,2.3138956367825016e-14
10,238808859d7752579a415e89a395500fh2o65,1,0.0014734952710568905
10,72b21fb7cd32b1a65bed8a12eb94a8b7qa7rl,0,1.7649746247849762e-11
10,51cf4dc8898554aedd8572f97a95ef5cpi3ct,0,0.02445659413933754
10,29013ddeb60a18f7d3bf9f3aaaebae6c8651o,0,0.0023746881633996964
10,16e2e48cff6faab74e1f5c47669dfbbda7l5z,0,0.061963554471731186
10,7ce3afe39ece9d672e9adcf3dcf2aa44a8r22,0,2.4940839011833305e-6
10,f0e1c483773c2ef8466d152874872139e0wcu,0,0.00010412700794404373
10,a124589b3af5a212406c0306584a9554fazi4,0,0.0010934507008641958
10,8b4bcc98fa4666b22c7a17c9a4b93ebenlmlb,0,6.9912820446619596e-15
10,20fcf71ad6fbd43f6f5fe493a6bc3ecfextqf,0,1.1382070397303323e-6
10,6b0d09889ff4889deaabd5f15b3b34f1jxl6v,0,0.026010848581790924
10,400e8b5b5447b4d11e06a8bb0754d8d6l6xoy,0,7.732533191529001e-8
10,0a09adcd35b5f26d75f251006affc747drfu4,0,9.55845402828004e-10
10,35a02f50226eeda275b29a09acef2177k95eb,0,5.448675892694155e-6
10,6ab75792932fb1ea6fc74a18edb7888c2orvk,0,0.0006331302574835718
10,98aa09a7ca13559a9e2a43fa2ba4d2b7klwin,0,0.002470842096954584
10,4483201dee43b51f338c0efd3b13bb895tric,0,0.00008969267219072208
10,6affd6d2976aa7c48dac70612fc8e31ddo7j5,1,0.00038269811193458736
10,683833b860c003e6c31c521c9cdb49a1kr6b4,0,9.290603876499492e-12
10,6faffebbde541edfccdb2725e430870cbkvo0,0,0.11798565089702606
10,4985bdbf8710c33fd7c9d4771db7c690mcbyr,0,8.099435717667802e-7
10,0eeffc5039b27a4dc2e420eca75b1fa55rv5q,0,0.005344936158508062
10,a8a2547a9153038fbb9fc66d2425d9a7efr68,0,0.00016236813098657876
10,bf190f2cffc1a77f0957f8cd1c98257dofy08,0,0.011566187255084515
10,106f4ed8e9b727f8d94a1cd57e882a095pteo,0,0.0008504906436428428
10,9d33ed2efcfaddba0307d12142f3041ce731l,0,0.0005579369608312845
10,95ff2833eef5999a4f3ba4a7684d2b26a6v9j,0,6.338732418953441e-6
10,403d9c0288bab462bae858dc8aff2f94ti9ma,0,0.5514733791351318
10,b2968116361fd43589bde8eca72c5767o71qc,0,6.157303573672834e-7
10,bef84146ac1e2f21e928e06ede1404793bfnx,0,3.7499407881114166e-6
10,5201935b289665a197e38f747882948fjt867,0,4.972816896042787e-7
10,33895230e0b25b5d3133d502ef3ecabey84m6,0,0.06636552512645721
10,1982c4b164171180d480166feae881ecmxsgl,0,0.010212789289653301
10,1ea558fc18eb1b3ed7759a3aed7662d3p77wq,0,1.8495062192869227e-7
10,bdab2be5a94c6380c60b902310cbe1b6rs4iw,0,0.0004694930976256728
10,13c4c826516304555e291d3d91c108b3ytpmj,0,0.02685096301138401
10,4cf9c56df4594860df56285e9293a7f7evfix,0,0.00774109922349453
10,460e932b11a1529d78246317757899ccfaxng,0,0.0008418895304203033
10,74149197c8684977e397ab60a6a264836b0lv,0,2.0386948148610586e-17
10,210ae8381324c41f7b49e95f1b7aed80z55df,0,0.000049321464757667854
10,2106dd7866abbfb4e7c68067d7eb9bebflq5d,0,0.39058801531791687
10,c9416e793bd0559bca3ad4a5194d4cd1k8eyc,0,0.014328595250844955
10,9ca7afbb673865b01cd4b02846054fc1p3vjn,0,0.005418150685727596
10,bc3d08ad6ac94b8b5ce40a29b59899cakj3p5,0,0.09804945439100266
10,c46e21e01a3f4987e00109d1d5f48acb1q72y,0,4.810925963161239e-13
10,942563fa6695a4b2f76ab6ff3bd58030i75z7,0,1.0288297991323248e-10
10,78830493a121b8b6917d246ec73ccb4anwocl,0,0.0018516161944717169
10,078e06b3288cf8f18ab7ed44b245fc56nbyfv,0,0.006573185324668884
10,4694d67c21e9a2edd614e717aa3f4dd2e0w93,0,2.8128907536562053e-10
10,46f1d7df0a8ffcc10c3de0dad8979cabgr9ig,0,1.5299295164084015e-9
10,e76057d8bcdbb3d2f935c30849a17e4d7ordt,0,0.14670740067958832
10,ce7d34398a6d6011bcd96ff0aa82b6674hxzl,0,0.000026061828975798562
10,cca4426ec6d64f3e73294d4d5bc9719beud37,0,0.0017255217535421252
10,ec96b5b27dc870c8f59ef11b7371b06eenaox,0,0.0016097526531666517
10,d110111b8700f290b5d03a0e243fe375r3woe,0,0.0019298577681183815
10,44bc1c87245aac66d176620f6ac9611ddbcil,0,0.00023174121452029794
10,583ce05b5add00d9e7e5dcefb3c436f26d7c2,0,0.012171500362455845
10,43c76d050c9d2509d85c9dc2b1a1dba4zb3qt,0,0.0008770448621362448
10,4731be79b5c7e894dabe5986e747b97bd6yxh,0,1.4516603115974705e-14
10,4ef4b3e5727dc85f18aaf00ff9a1e936qyhp6,1,0.1032923012971878
10,c65d2236a70982d628454d19472ce26eltxgf,0,7.88838352278054e-12
10,d31f6cdaf4f8485190b4ea588f8c1733y6qu9,0,1.2736299481730384e-7
10,a25f4c6838b83e0fcba372300c23c2537k5eq,0,0.12821415066719055
10,6b28baf315d41017844e15d645bb2c05ybt3b,0,3.733901035585241e-11
10,fc48aad7a51d965595b59550e08b94c670k7w,0,3.708114978268062e-12
10,acaec0b9f72bf4ab4318f3244344589b3700a,0,0.0005542281433008611
10,6a3b1ee159716b743ddb8e07e499fadbhqn74,0,0.047448333352804184
10,4b72cbc9d9ef0238bb666feea6d79e718qry1,0,3.265768766524957e-10
10,de717bfad3ccf44a93f39e7b43f3b227cuu5o,0,0.000019554954633349553
10,37bb1697e1c3922a06c2d2ea4138a4c8s6wgk,1,0.9757152199745178
10,c2e1242ad5ea781923a08987d55365c69fii7,1,0.49121543765068054
10,8254276e772450c5365707cde76efa4cwuzpd,0,1.323564413450995e-12
10,6d1354e720cb9ec90e19e29f5f895669qh6g6,0,4.910324534132537e-13
10,25331706aa2157419da068e93f3989feyo7a0,0,0.007225833833217621
10,6275d51c0324547faa8a87b499812268tl90r,0,0.000501598697155714
10,d2f0217aa734f025ec008d24d13eca10ntuhf,0,1.1285011813910728e-10
10,79cdbe82ec79d0e60f1b113d9a5bc5b4ar8bk,0,0.000018688442651182413
10,6ce47fddd94be5792190cad9d972a5c4oyjww,0,0.00418890593573451
10,7959bd565852dd880cd31278fab3660fuaqyw,0,0.002406750340014696
10,15b1e719796dc894ecde30f160e7ae20hrmmh,0,1.721567111090394e-9
10,caf32bc98f84a47829e76ffe104371f6kphvc,0,0.4518648386001587
10,c83ee624c46235430ad4338278f6d270wfzre,0,0.000057544097217032686
10,abf6c2cd31be1630f5a7a1219935011c3rkqt,0,0.009657839313149452
10,86e888c2dafacf13580a1211abf50961w6foa,1,0.11105557531118393
10,98c12418158dfb9494af01308ac2d0588gfw2,0,1.6221628558029592e-16
10,e60b306c01cf0c0be5c7d54facf927044g5d2,0,8.231882189790873e-12
10,ccf30c9533a66f22f1c65910ae1bac1a1fs05,0,0.3006904423236847
10,054b51d059fe981ca8cc4e0d4c49aabb5mck7,0,0.15491703152656555
10,780566278695c3771f81afc605abdffa4143q,0,0.000017827056581154466
10,920540ac4168ed08a1e297395a68d718gsqdn,0,1.1009883671420084e-8
10,70db4530c292bc759238b8306ff4ebb6n4l6t,0,0.0007333600078709424
10,b4495464d4503ccb8e696994059983c89g4lc,0,0.00010005178774008527
10,bb4af76ec92ce75e8abe9a6a481d4314jyo16,0,0.000011766654097300489
10,d927c987f8a4ba2dc4f38dadc0831100tt94p,0,0.002359032165259123
10,f895a8d9d7974b3ee7f1f04a25a950e9v63ps,0,0.013971978798508644
10,ddc6dc00f416ce10f23b57ebf758c2eeawzjw,0,0.00044779112795367837
10,6da04647ce16d0f00051dfeaa94d3313ox30y,0,0.0000781392736826092
10,c1c22607e7899ada525b74e757d248ac2b8ac,0,1.3358855355249943e-8
10,120c8b384858420c4e46e354c86f4ca393w0i,0,0.3016932010650635
10,7d063aa96e7a065ed5ff9deb7c851bddhrxdj,0,0.00006839631532784551
10,022ac3a7ce986049d9a4bede83ccf9ddctvg6,1,0.7026628255844116
10,0a9d614009139236f198ddb4759a498cen5ix,0,0.18158705532550812
10,bd6adbe79fcb843aeb97546947af1236kbg7p,0,0.00022286998864728957
10,1b7c070ffb2c23c1d02ae5bc5d817d06qz4xb,0,0.00427448283880949
10,61e4b6ad0fc268d42c330ec99fd8c939yb7t1,0,0.00010212392953690141
10,0589cf78c4bece729f0ac620557210e13no3n,0,1.2929787374105217e-7
10,ba6811273d4f63d9a31937b71b0a22dforovn,0,0.32259100675582886
10,2b5c4051f232c4848dbbb477c5ad7f389f4b6,0,0.000061075683333911
10,3e602dff2e3bbe7a52236df2294c9e059fc2l,0,0.0014593569794669747
10,e5736d7f8082d7d7fee8430c0e2279bcdmt2a,0,0.00424146605655551
10,15f34e73687d7361ac0d780737fca261g2s9n,0,0.1911708116531372
10,d81579750b388276f2d8f6d80384f499n13l6,0,9.875732757791411e-6
10,369515b3af4f8ca582f90271d30b14b6r52aw,0,0.00003706802453962155
11,7eaefc97fbf6af12e930528151f86eb91bafh,0,0.0002699687611311674
11,d1be739798ba0745a1fd72ac918a9f1929hei,0,0.39169052243232727
11,b37b352197594dae96bb9219bf59d656oz79f,0,0.499127060174942
11,9c509838d129fcee98cb3934079ca36asla50,0,0.0006655323086306453
11,99acffc3cd9bfcd00668dbf472a1979350mxk,0,0.0010642472188919783
11,0b68888358a492884e3885bcd73ea63bhxidk,0,0.00738661689683795
11,2c581ec91825362ab66a7ffa05df5e70hl3h3,0,0.0038833883590996265
11,d6d3daba4bea632d7f5a4e2c5146f109dkd4m,0,0.002047552028670907
11,1476226300a93d22b15253ed7339429a7ijk0,0,0.7442942261695862
11,975dd5178d34453c1c3c8edc47cf44274uv5s,0,0.8436346650123596
11,98783b6bd490f32f56c315307643c824nimw1,0,0.3563419282436371
11,608d9b68afb12c6c27da6c6565ffe8297wvco,0,0.0012307186843827367
11,8abc7635daf75f9fbeb63783b7b8ccd5rvuyo,0,0.010124728083610535
11,5686520af5a4215a239418fec906f88e4she5,0,0.06809872388839722
11,72bc07c7241e1856ba31609d11501c91cswlb,0,0.0004991150344721973
11,91dcfc10da696a6d90966ff795751708er5fp,0,0.8450415134429932
11,85be8fd21f41bc3dee86597d272825726bp69,0,0.7766574621200562
11,59ae36080fae26bccbbc31a4505b6fb3v3zjy,0,0.000024472521545249037
11,dadbcec8b02ac75c5935f419b318ceca1wwjw,0,0.00002133750240318477
11,96b90af2d3eea4d3b2bc725e1c92e212qu52g,1,0.8796440958976746
11,8e1f8e5907b3cc256a2a57ae9ac81e063gbz4,0,0.00011270039976807311
11,02bde521e763e4f4e590e8368149e04a96il9,0,0.2581825852394104
11,87aa94042390f9267d3b7d90e42b022ek5mbu,0,0.42089807987213135
11,9ded76c5244a2116a3b5432fa265a800j0bvt,0,0.6733549237251282
11,53691811bd992911edb9f5f64f49d8f5luk1f,0,0.012275253422558308
11,577af9ccdc29dcacbbce0f36b7c1ff15btljp,0,0.000017004142137011513
11,f5a67722732675f6285b70b9f008665fq01bk,0,0.000404275837354362
11,3073231f45ca50ad6830d4dc7261f283iwjjm,0,9.466702977078967e-6
11,efc61ad6db17265a4bac85f77b154ef414tpp,1,0.008485049940645695
11,dc52611b1a2c84c0949da5af9870d57fj6ab0,0,0.6864925026893616
11,671fb1e314a1f480ba9ad9b5a1cf6a91w1k2f,0,0.8006479740142822
11,5106dcca581b63cf2226110a9048ee4846sxb,0,0.03867316618561745
11,b27db6c048fa41b496dfd3423226bb0923yfv,0,0.032892026007175446
11,68f092336430866db606f137c57c87e0hw7aq,0,0.8556531667709351
11,acf06eabed56f179cf32ab60b6b076820ajls,0,0.8484255075454712
11,19353c42feb91a216885fe012efdfb11s2iu8,0,0.017991794273257256
11,17eeec8676ad56bfead1a9406277f41cnev3n,0,0.8777982592582703
11,2c72df02de4b36acf72ba549630808612ol08,0,0.02878330647945404
11,8e2a43abb8fcd8ef9801c69fc04bfcb5kyc41,0,0.17307645082473755
11,cf22da37578048d2e51eca1e544c693cke5t3,0,0.7536801099777222
11,f63ed13362ce1c80970ba28a095c2bc5kfgmr,0,0.45932331681251526
11,4955e2c318d0bdca797ce17794ba18fblhaau,0,0.8541382551193237
11,27809fd62bebc89be450f9dcbdd25ed8il6z2,0,0.8212029933929443
11,e561facfea467ea124df0111e041287ctvgwn,0,0.00011400817311368883
11,4741959d26f99012b8a6a3e3954eae40hsy6j,0,0.005869279615581036
11,33031f476dec19fe47c0e3a051a68e992hmwv,0,0.025761641561985016
11,5948bcd0f773286ff7d5cde332c7ae6918jt6,0,0.7356337904930115
11,d6ebcf2149c311d221b233b268870b3d5gfe2,0,0.04025326669216156
11,6a76d66f035914f93ebc725a0998b399r4gdq,0,0.00005471222539199516
11,d6d68e218a6cafa246ed31185b09e1e1fsu8x,0,0.035250309854745865
11,929b75b44585b34d2b917ec181ecbcf298fr8,0,0.8750725984573364
11,b5310019f2bbbd975c64dc11189191022k8tj,0,0.3317987024784088
11,908ce7060337fd8550760a100921f6f7wsemn,0,0.2581825852394104
11,08515611e73803dc6d8c562b8514dfb5qi3z9,0,0.6822488307952881
11,354baa6c4764a5bde013ea3f7edc72552r3oa,0,0.8661359548568726
11,b9080651d16e3d6d2d83e1c5debb55b0qpwbv,0,0.007403865922242403
11,20662832566daffac929f803f0c236eaperht,0,0.0023277304135262966
11,e18e3d0fbfba81cedcae619dfa977875p10ta,0,0.05384518578648567
11,ead2ec4563ba25a9e9d417f1964b7504teqtp,0,0.8549066185951233
11,a9237defb0a6478098f242b27ebcef18qrotd,0,0.000032275085686706007
11,96b1df591dbbf3a002578574671d9ff1rmzev,0,0.2581825852394104
11,037d9f10da403d8d5f94b6e2957a3702f6x07,0,0.8975247144699097
11,e0544483ccbafc4842cba7650677d043n2e5c,0,0.007866845466196537
11,246c55639cf85c682d58cbd2ed6a6563vk2yn,0,0.8325915336608887
11,01349288df20199905e719f0ff7ee771nwryj,0,0.22020800411701202
11,c5dcc8a649adae76ce01a3fa85b68f237ny2r,0,0.34065765142440796
11,3a8124eb9fd3977e43f5e0762d9a09d536rob,0,0.005806590896099806
11,97b002c9936e63a1fb9994a67615e84fft019,0,0.6851317286491394
11,a74e3962ca26514976056bae3c46d579emz6y,0,0.04435130953788757
11,10c1e1164e3f8298df9a35c891f67babiycsr,0,0.0030427288729697466
11,c9056fc0cade75299ed4438567a87d6ek44pt,0,0.19810619950294495
11,0b450f2827ec670da34be66ec2a520213xcuk,0,2.503491103311717e-8
11,bd0f0c497ef09b5c1bb18b330d932bffktn3i,0,0.7290974855422974
11,6a5457f1038c6e1cf9feb57529ce07b2sff4d,0,0.04744395986199379
11,6c55d253787acf5210f7d785546db80dqtleg,0,0.0008813285385258496
11,4a2d5b70f0fcec3ad9d8ac4b447efd6f3vs9c,0,0.7963741421699524
11,f2bf8c94172c4d71076e151cb4e136007iiur,0,0.16308701038360596
11,ca0c049b8c37c99ef93b6086e9947135onppq,0,0.5821733474731445
11,79c18f0460f9bd86bcfb25da96d91490jfuxv,0,0.20337092876434326
11,3106ad6371a3b740e2af90635a4ad966zeu1u,0,0.2639640271663666
11,ae45f9b94d86f931c84c94f3975e3d7bkv2r0,0,0.9007939100265503
11,d1f000f475c502ecd2e993c52987e63ed3k7n,0,3.918347374565201e-6
11,a8a5bcf248e1326b3340c88e057f59e9nlslq,0,0.000025973327865358442
11,39f9dad880d32ee607af7571ec24807bn1g2d,0,0.7369539141654968
11,9ab3bca29dbc32070cd7f729ea55639a350tu,0,0.00006651470175711438
11,b46132a554a2a3b93efc5a9352036e6crl6sk,1,0.7707977890968323
11,644e284380171fa793695a91b6a12c28jcwku,0,0.2799220085144043
11,67d245e38ee756947ed395fa099807fchxv99,0,0.45196598768234253
11,20d08c7edbcb4b4ac0214b664ca5bb9cprntj,0,0.5095940232276917
11,651402deb28af3e3d1ab9a6b88314b591uuaz,0,0.010122974403202534
11,3ddd3eba016fc11b07c8a9ecb3fcc2975bkru,0,0.001398679567500949
11,f01d8d55568b1f54b6946a1b78a3983exkz5u,0,0.5678836703300476
11,65d3cc1725c4506fe02be3e2b24435bbbd6qf,0,0.00003187767288181931
11,45927dd51fb4301c459ab96d48f64752q0o9e,0,0.0775960311293602
11,7ce12bb499c156ba4513becaa42aa8c143v75,0,0.7464095950126648
11,7f603f668968facebb0567015ad4c201kikrh,0,0.0037974652368575335
11,9ebd57da79b9286fd67a53e61528cf63a1w6c,0,0.8186733722686768
11,3073d007a5b42b827cc770ecf4805278xvvzl,0,0.00970197282731533
11,ff566c87f2babf3dcd67be286e1c6666cxzh1,0,0.015225498005747795
11,56cfe8b0d574e1df3f823c2cf32226eff52uw,0,0.39684566855430603
11,ec0c9e98cdf302274974ad212477f851iw35b,0,0.8745828866958618
11,1bbfbd968c065ff5dabeffe311bc3ddeezbof,0,0.8958292603492737
11,4703c8940eaa3f3bf5082ec2f155a8619i1yw,0,0.7538416385650635
11,5e8bf58291656ddd5fd2f71825565446aiopv,0,0.8724096417427063
11,9be87a4f123366660d7f6d40ffa493a8ffpsj,0,0.6142385601997375
11,662b66b1227816c2f9017cadbc148381alne2,0,0.00003740701140486635
11,84bd02dc56fb7c3402426ef7e8e166e2ptwo6,0,0.0005963833536952734
11,42cce5c657dc7d99911d950cb22fcb4fmzz5e,0,0.1479821652173996
11,8f6f7baf33fe2a5206ed3ca88446a99bmq453,0,0.668494462966919
11,b1729d5905e896a8411f81bb65d66343ladls,0,0.007818452082574368
11,790c497536a2a9fe080c3b2ee6d5eeb9caiv8,0,0.02204127050936222
11,8d8f705595701b921012777a281a553622300,0,0.5149033665657043
11,be3bec53b42be118ef2a87fc40db7311k4as3,0,0.005682114511728287
11,06a58d4af0fe7ee15324b0e921e8de1260vef,0,0.9030685424804688
11,cb9a75312b809291306c6213ed5dc67dw31qz,0,0.8659728765487671
11,9aca61f505f40a3b4f7865c2d00e2418s0e1f,0,0.8927650451660156
11,d7340ee3c04e600c31fd2a34c760f7e7d26bn,0,0.3970277011394501
11,d0b096df6b5ffd2efe8d5cfad4a24912zs3dd,0,0.6035955548286438
11,b0164d9a18a3cdf6082e96f9708040690qcqf,0,0.8024194240570068
11,8720f071e045d4cec9d707c583a3d64avjyyy,0,0.46017876267433167
11,69b32dd82f265a04826106d17e2bac9ao9fu8,0,0.6602801084518433
11,fb7c9b1dcc3b44dd69e42a84406117db4t4mn,0,0.7586814761161804
11,cbc71ae3c3690c89485eda3f08b9bb51rqrxz,0,0.7040393352508545
11,6b85d622dec4fff284d55895eba9969dqlhu9,0,0.0036946572363376617
11,7c965df16147f68263573764dd257a7bxqmpt,0,0.46260154247283936
11,060ac64ff78ae62e9bc697192cebea333760p,1,0.03769049793481827
11,1dead8a9cc54fdcf7a7c16dc6e06a3bbusgcu,0,0.8031904101371765
11,2d113999234e06201c0940286d405453wqjsw,0,0.8558313250541687
11,055eb52087e0080b8ebca74be4f823f5c819l,0,5.099382178741507e-6
11,aba1120a5b13cf72c1d52c0dac8aafc67nmoh,0,0.7182316184043884
11,936d73a062928a362901f0e507d57b0a8rjs7,0,0.5847315788269043
11,9f101e80580cbff55a2307c028408a91nebzc,0,0.8512100577354431
11,cc78aba7eb8293a1d70f083bd747fa1450906,0,0.004994271323084831
11,61a4da78a5aa5bebcb3e9818a46771766gtq7,0,0.5698956251144409
11,6f7043cde57060a6766b551df5fa6fd9p3ojp,0,0.16686686873435974
11,84a773b3c9d300834d9d57af5dc83091y54cx,0,0.000046264223783509806
11,af5d33f9724b0e8c1f875406c0556d1e6eotm,0,0.8860774636268616
11,52d8066e28f168e5bee769559ead307e1go7e,1,0.8872794508934021
11,a6ec153fc7002cfd929b9f7199914cf75upgt,1,0.873162567615509
11,655b88e646b94d0adb9e15e9f3b9c9a4lvcrz,0,0.8133237361907959
11,03a1e81cb7bcd15014489a6f752c9d5b7pvel,0,0.40635988116264343
11,d2704c8bb6ebbf13e08f37131382b126wy4yc,1,0.8916003108024597
11,89c8eefbf6f83543ce0792d1e4b86057ti16q,0,0.8857742547988892
11,916aedb8fd708e100318969dfe57a4639hexd,0,0.2220829576253891
11,84d75f71a61667cd327367453b4c0d2frury9,0,0.02395114116370678
11,fa6b4da229eb64b4d44e7d5ee2b027f1j1whx,0,0.16135510802268982
11,d2fc5291537a61882065e571c21e796975uy0,0,0.000015023888408904895
11,46ceb58fb7a57d86a26cfa154c940a8cuktu7,0,0.8311711549758911
11,0141844fc725a85e38e12cc02fcdbbe8ofqxv,0,0.36521124839782715
11,c7ce5ac2fe5f03458fab59c78b19bf7c9wzf7,0,0.0011139330454170704
11,39802378690e7d0c61d294f5898852b96hsfh,0,0.0016148214926943183
11,0c57d8eaa2708b768416ca91dd8daa2cqbl31,0,0.38825851678848267
11,361397432ed35185b5a2789867a859ec42v14,0,0.12109114229679108
11,90eb8151eb82441b084d04893151619837abp,0,0.2803359925746918
11,25b58d1533e04571bbc674dab28973f8hha3w,0,0.3790850043296814
11,dc9a7ebdb6fb8dd3267ac26dbe5a62b68e4vw,0,0.2581825852394104
11,c72012c8072e2441b3ba8173205cd298cde8a,1,0.7653387784957886
11,d95c969eb09086bbad373dd8ee80cacbuagvf,0,0.0002979956625495106
11,173991472d4ee18932f8514b9d4a9dba7rjqa,0,0.056825947016477585
11,06b2d71c26ef3b6e29277f761cd0db90wuwjo,0,0.0005108058685436845
11,eea590b4da2709c294e8db490f5997eadyc1e,0,0.12035877257585526
11,98eed7cbee9b1a1b526a635648e7cd2fhbt5w,0,0.0008028303855098784
11,23af639c0bd57bfe9bcf3b16973d58b7666fe,0,0.7966365218162537
11,8251041848182e6468c8119905a177dekmshg,0,0.8856407999992371
11,3e2e03a4464642627e223fba066182d1qslv5,0,0.00022420057212002575
11,d9b611dab3b5116f761747fd3166ecec80icg,1,0.8464742302894592
11,bdbcdf6a935f4d1781a2d33bcc4967130bdqy,0,0.8771606087684631
11,ef89b74b58c49c1a321d3d7ce061d151k51xm,0,0.00015855819219723344
11,1ef47d501d4b36498b51e184b1027981xu89r,0,0.08544134348630905
11,a15766d8d3d231f862996eb3ec33559735a3d,0,0.19115237891674042
11,7d8d3493942dc13742444f28626c5839axjqd,0,0.8954488635063171
11,a2b4df001b0e40a398f6d4ae9b316c0eix5bh,0,0.31310316920280457
11,f7e3635c9a532fb9a60d6eda6eb7c7de3uqs2,0,0.23569835722446442
11,4d6580da346435dff2503c55ee5e0cf8wbkb3,0,0.9399559497833252
11,5720c8d7bc15b94037cd75ff9496a35evugeo,0,0.8340294361114502
11,2b5a7c969ae95b239583f09936560b85g574d,0,0.10602901130914688
11,b7630ee9a73e7ba6f11f7717b7f03ed4be2hb,0,0.7834674715995789
11,e9b27622a64f2eb9dc7559d43bc45e31yci23,0,6.1757086768921e-6
11,c1624207d78346c3c58cd44f3d5472fcriae4,0,0.7091361880302429
11,1dec9ee102b29905e2f59a52fb7429826e8b4,0,0.00016927205433603376
11,e6f73230e0fff1d9a6b1b8a6617002ea9owig,0,0.4609329402446747
11,ca5730b8dad8f35fba24b68c9ca5d445mp87i,0,0.09269247204065323
11,a6214d8bf07127661f322afa7c8dae91ypizm,0,0.2093430757522583
11,309f446bdb138faeb18072285ccd9901gz80c,0,0.8482242822647095
11,2635d404f4943f3dbee24aa16a2953c723iwd,0,0.39896196126937866
11,89291354b0939c342be97fa58e018bd89fvcf,0,0.25672754645347595
11,613c7d60152ebf06e3a7dd326ba03261mnn8u,0,0.49535295367240906
11,497ef6187e03fd9d4387ac436461a40f982dq,0,0.478739857673645
11,c9a97c18992adb02e6c2e6a8f9cc1daa1di5k,0,0.4312368333339691
11,aee383561c0019dc01552bfa5263af8etbuc7,0,0.8238290548324585
11,08981037e7a6c9032716ff25b15c9de25p63s,0,0.8423444032669067
11,6182daa56cb0623719228c9e576b71fcpg8r8,0,0.8867006897926331
11,4af5e2532224f9f7d1d039704573d9205jbkv,0,0.8184911012649536
11,292dedb5371b8e0ebbeea57f14b35713e2ie2,0,0.0001447452959837392
11,2b19566f190ff3b8a85884e03c64fb56ir8a8,0,0.0030693714506924152
11,c478f94c1323552e85aec6e1013ecba586320,0,0.924203634262085
11,d3920630f4891b9ef1a8a199ce5c830aua4yi,0,0.0001370372629025951
11,bcbd5c95680cab78cf904fb936dd03f86g19z,0,0.1250833123922348
11,44d34926c0863edb7575b819980e0e728pn5b,0,0.000029394619559752755
11,b853c1e4d6a4657d35705772ca6cfdc3qtox5,0,0.0009201916982419789
11,a48837ccd05bca96ddbf02c55ecccf639adk2,0,0.34784016013145447
11,b1e106943db37b1d002bcbe06b264b8bahuy0,0,0.27763521671295166
11,c5120d10a23eb0c10d56a19fecbf9da85t4ow,0,0.3181914687156677
11,6e178db6d17d21aa88aaca5bf15c2761lc500,0,0.8975329995155334
11,f4294bb3abb69fa3183e7e851b58b278k83z3,0,0.002617108402773738
11,d863897264a7e52d9c6a1be6dc453c6c9anz0,1,0.9063249230384827
11,67d6466d7f4a32d294196b8c16ee0b03kn9tf,0,0.0008122381404973567
11,c1d14f4355b7d3ef80f02628e5ef1d56u2510,0,0.012508321553468704
11,86e698821a8aada613bfca1356d8cb7dopnv8,0,0.11590258032083511
11,bf8de839c1a8b7994d19049667548e4ewchpm,0,0.010310528799891472
11,5ddf9ae899e629acf3e78141a9712a05a4feq,0,0.8530275225639343
11,d056594c1d7976b6ad4ba23e2b4cea19l2i0t,0,0.882573127746582
11,2b429b9235bab2877cd93ac6d9fbc2d7tzwre,0,0.8775759339332581
11,3919be53bf4bd411ba25acfdc1362b49u4vle,0,0.21128985285758972
11,1e13eba969b6b953688c9e945544ac4741ilj,0,0.05845310539007187
11,461c1d143120270fff5ebc1b91934951378ud,0,0.00808532815426588
11,ef1d71dde32e587e761a1b39d5b374c7gk68y,0,0.4681333005428314
11,5324221d38a79636bc4560cbcf2d75c4gimrm,0,0.407271146774292
11,977436b0a445fa555d537fbf1d4bff2e4z40h,0,0.2581825852394104
11,78c82f2e8764bc8001354128f9265efcqrthe,0,0.6679936647415161
11,daef74294e84ef6d7e009c2d51be6ee167xds,0,2.7841772407555254e-6
11,4997f0d7074a1d9f8bedf5575b6a4372w7nro,0,0.2817686200141907
11,d43189c6eef7a763b2f8596228807dd89x9y9,0,0.003389449790120125
11,6a31ec9cbfe23a9398e80403859f0402cg4ql,0,0.09383976459503174
11,a46025d61131de18474aa6f167e04bf08w9x6,0,0.9162067770957947
11,c58ffa073b3b3deb4e993ee5dd05347cmvfur,0,0.27097800374031067
11,898419c2d011d5a822e9ee07c387098ezpc12,0,0.003707265481352806
11,59cad1329d42bda3d678bae082bee7edgvt7q,0,0.000014425512745219748
11,08c39ef7252995e0749f7927249b8dcb1d3xh,0,0.006466234102845192
11,9196288f121946095e5c402fd326109827t0a,0,0.9932234287261963
11,fb200accdd0411e96f1b0f6d6f6d4f52rgk01,0,0.5506868362426758
11,e8f3ce0b2d0849968400b63b992cc606psoij,0,0.6331505179405212
11,fd5cef3fe1217c6591500c715d71717anczcq,0,0.450836181640625
11,2d73ed3974473a764859084d51334440k5q7s,0,0.8376947045326233
11,8a4fc219f01e1fe6d4328b0a47fc54905iv05,1,0.7443331480026245
11,9349befb45c4869b68e82a1944f4f01377cpz,0,0.0016726854955777526
11,2cc1c5bf18c858fd9c74901d8d80ab70ak8e0,1,0.9920263886451721
11,bdeb5eed17a812d2c47176e30b8553ae2k06g,0,0.00020356901222839952
11,8a958e0092f6ca984107ea6c3975f806c59m2,0,0.0013293700758367777
11,d6fd864297177c38cea65aed8a45fb7bbp2e3,0,0.8719111084938049
11,98e6dd2906ef1f7c13284a309f6b160cb2ujz,0,0.7400843501091003
11,2f9a7b01fcce94499a59aebfac98fe1ezsk1y,0,0.7136885523796082
11,05c9fe8f8852ea069a93dfe39fc0571er9mdt,0,0.43802565336227417
11,438e53670ffa2990cdef656700bb49bf684fz,0,0.628073513507843
11,57c4421263d37c2cd2573cd7245a7a80h0mjf,0,0.6533337235450745
11,4dd7f98cfffffd6f4707fd0deb4a00b5rj9wv,0,0.8863400816917419
11,02cfc97e8fded77671e71e1951723d5fwz6a4,0,3.5327359455550322e-6
11,c435ac9dcda855341e667d440c2ef7c6nd3mg,0,0.7210516929626465
11,ba0ca6f98ed66bdd1c4e86db2ce4011fdk6ii,0,0.8762634992599487
11,9df0031595e4105e4530ceee1a08faf319vvb,0,0.8557035326957703
11,053cefb7e952bd81d7a6db267a121747te7lo,0,0.037495315074920654
11,58c2b44923882a8252963e78886adaefh7hnm,0,0.01473351288586855
11,ca5d4f0a3ea342fdc45c3325e5311049e2uis,0,0.019107302650809288
11,0d9f78a6084bf15f42210bfeba95621255c89,0,0.36946138739585876
11,92f8392be617527734a2f18482815af9ak8l3,0,0.8343563675880432
11,e4433ef42008dcff761f12b9ade6fd31krdwv,0,0.10489355772733688
11,e10ae48cce1e198f7283064cc8a2f836iy0z6,0,0.7892308235168457
11,ba194af5111cfcf1dd95eb36160c728ds4kcy,0,0.02123107574880123
11,afb7618f9e3fd071d4ebedf396e1d45drta96,0,0.6784257292747498
11,1a05035da8ea9dead1030ccc993b5284n1on8,0,0.04397525638341904
11,a027780df5d0312919d41edfd4947f27odx7t,0,0.8808821439743042
11,624ae2fe9394700eae7a35806e4bafaeq9cty,0,0.34322550892829895
11,2cbc26f228e0556f268e0dc1bd9ac0a5lzdfh,0,0.8817687034606934
11,6f6e3687f67272b103351641b678225abarzw,0,0.6685410141944885
11,8cab09b069755eca2b4e7fd6f6981d7d8n88o,0,0.0000372302092728205
11,ee45b2475e453e69ce712388959fe4acspmvk,0,0.7988989353179932
11,ff92ea4abd33ed38601287f0e1d6726dmgx1f,0,0.8052828311920166
11,46a28eaed47c29b4fd148a50cde44840u0bsn,1,0.9149835109710693
11,7b22c9a323baf4a7bc7a3761e4a30bfajixmt,0,0.3869515359401703
11,e578807073c57556ce334044382a9b98iaz6o,0,7.375630957540125e-6
11,d810a7956e4d9fbc246d585ce84e8ea0750b2,0,0.0011338179465383291
11,2366cd7cf3df530ef4fe40b36ffb936fyn3rh,0,0.3106326460838318
11,c89d56c06803b8c6316a7c906604c64939yri,0,0.528685450553894
11,e0a9e4ffe2acd28599dacb91c98c34bc66vo3,0,0.3953789472579956
11,cf18f6766fadce944ee74796489c23acmqhpe,0,0.00033802210236899555
11,b9fd0772481bf459179a3b4ab49171693im97,0,0.03260676562786102
11,b17ce8bfbb565945ee9f289c2ddd8abbu1ndj,0,0.844780445098877
11,a262e805f766306f4adb38211abf235akxqh8,0,0.24124650657176971
11,20f206d2656116bed8dd46d5b70dac81lbgfk,0,0.008893397636711597
11,96982cc1eefd6f526b512755151227c3h2w3l,0,0.40402063727378845
11,f219cbb3d454b32953619d5a4551f56dcg7gy,0,0.11764304339885712
11,6d033ec559ea79a8ffb90d80e0b24e93j82av,0,0.8286957740783691
11,fb9b1e58ffba4b38175c11e03e51e1f48dnm1,0,0.30518025159835815
11,bf65e77ce8676fbab6fc78b70c50f05a8da8a,0,0.8753010630607605
11,d9576f0ba8c7479eb2b26f0d15c4abfayk5ex,0,0.2341368943452835
11,721e69fd30e33488bf82b7e2f9c8cee28a9ea,0,0.4534105658531189
11,ae37c0f4dc6e3d99f5b0243fd18294cak7pxy,0,0.8988248109817505
11,e8b82b8640ecdd154eebe6b36ec63f0bdwhc4,0,0.37775275111198425
11,0ae09b09369c76737cba059d192451001nwce,0,0.00006020526780048385
11,aa1c013a1de168c611560ca2afe78111g8i6s,0,0.664337694644928
11,ca9e2287e98a718e20a8ed117dfcd699gxsp8,0,0.03710710257291794
11,4038ae3276c0b47f420a5d73687fb73bghgxf,0,0.7807456254959106
11,437c191e614776c1535305f602ea9033sdfmf,0,0.003106966381892562
11,76ab7c99de4a3141bf617bf30bec9feep3zuy,0,6.464670605055289e-6
11,d4db72f36e6ad1668dbc0bf4f0e1c49bn12a2,0,0.002720806747674942
11,52c441804b89bc20e4c8dd625bf163f27o2zb,0,0.007793169002979994
11,cf1f2b6f29840e1ecbb31d18fb128c38bseas,0,0.9973167777061462
11,069d020584a0e8c61e622321d4c43881j7pl3,0,0.022434428334236145
11,e61c14d66cd5693d93cb0356d7f444ebinx9i,0,0.8903365135192871
11,cc064e3409a1825e3c4e5c814376f140qxu5l,0,0.06902951747179031
11,1bb7a8c04e70386f5496322158e9fc3ef6d84,0,0.847771406173706
11,7b31d9d8b5e749cdd2c300cbcbb5f875kjlsz,1,0.664648175239563
11,8473148f069a890b7323fe8316861a71qoxv1,0,0.2535724341869354
11,0030a2dd87ad2733e0873062e4f83954mkj86,0,0.0007091014995239675
11,fae553f133602fba6e9e6051dfb27fefkruax,1,0.7777124643325806
11,6e8cd4699eedf0075cf5662e1fff3a857bycf,0,0.6759524941444397
11,75339aea3f29d7d9a8d67ed3fe1c89c3owsq5,0,0.8990790247917175
11,e8bc0150097c1b2b8b8c374b69e0d3a6mxfcm,0,0.00007079241186147556
11,0ea26a4028ffc16d9a8631d43e1b92105auao,0,0.8477724194526672
11,c8b23d6565e11d874e221f41440ffd25mrucd,0,0.45660528540611267
11,24a9abf72cedcb421e831c1be26607e37zojy,0,0.36730659008026123
11,825226b69f2a5a8337ca611b38223989aumow,0,0.6445128321647644
11,e12177ff9c1a8413996f7b1a590980c82ofeo,1,0.8940156698226929
11,cd8f738dfa2ea0554baa3dfc4465cdb8izun1,0,0.808400571346283
11,f75a0f726d764514f612ee8cd8f65adegt02s,0,0.8980564475059509
11,fe27fe0815883aa3e1a312f0dcb45981txa2m,0,0.06474260240793228
11,3714da7069a5205137cacf89ab3a136ffx2u2,1,0.9053475260734558
11,7ffd9b7b795d9335153d481fba4b3076plrxc,0,0.6041701436042786
11,7e8650379cbcb3ef8f7f6aefcd678067kzbdi,0,0.39898136258125305
11,55d9cdc3af85efe87b2a6f22a2cea96ezy2ax,0,0.058454930782318115
11,317d3e44b2bcfdd7293b84f82f44b8e31hx1r,0,3.96208952224697e-6
11,fdf908d608a629d5ebde14819231878dojel8,0,0.026904869824647903
11,d144312f2f68dc33a63b7863911b2aa459i99,0,0.8532262444496155
11,1456b44d8b2b16cd94278137269ceb11ns7wy,0,0.11949567496776581
11,81392b54fee8e50ec74efb27cf0de8e32fdm5,0,0.0025135965552181005
11,65435e491aa69dd9d44d70a9aeb6e847oqlty,0,0.33941417932510376
11,110d2e689da119388dcb6e235749b787ni298,0,0.00008677872392581776
11,dbdb69d0032b0a251469107dd565b6c7irr4a,0,0.0037763172294944525
11,e5bde35da4abebe4fdb37a3c65124a57ff4vo,0,0.8969277143478394
11,91b8febfd1f556c06838992814e7653cr119e,0,3.976777406933252e-6
11,069d251f2fc19102924468ab38349d5eou7ab,0,0.01877165026962757
11,d588f4c51e67a340d1991a8130ee0b56hy0r0,0,0.8698016405105591
11,f3d3c913b225bc6cdb98c60f0936f7cbj8k3a,0,2.423648197691364e-7
11,53856dce9187b16f2cf5e4e58f5d0397h7tz6,0,0.0013668531319126487
11,c843f90bae7231af13dd0e064a469704drz2x,0,0.28172820806503296
11,13812c0d2c8c474bd62481d932407687o26kg,0,0.5225611329078674
11,283987b9f1ffd4514757483ee1f01351xd678,0,0.7889228463172913
11,3dbb502d9d6f89b26f62cc804df54dcandhp0,0,0.6469858288764954
11,baf1aa59ebedbacea2ca418c5aa83888imys2,0,0.000011095198715338483
11,da00b16633eb706fb11d55868120cdd9so58j,0,0.9296496510505676
11,eef111bfb93c213c174947c69b2f2b38cr2pw,0,0.7595221996307373
11,c910efe1f135b08acc32b2db162362033olvv,0,0.330651193857193
11,d381ce07afba12851a815cdf8858c1c7g2pfh,0,0.8075934648513794
11,bbd1d48ef4e8e7e3855938755275ad2b2le9g,0,0.8110429048538208
11,34e965deb822f329ecad42b94e8ba0ba3dpt0,0,0.6732293963432312
11,dfa7ead5ef84eebc79c67d3daac340b0exa41,0,0.00002043208405666519
11,8fd35d215ab6530c2ef096c87233cbc93juwy,0,0.7689799070358276
11,67a1b129ca241c51d0abb5484f8eb3fct8o5c,1,0.922152578830719
11,7114afc59caf2cbaf6ec1733922065f3uz34p,0,0.17099498212337494
11,949689cced5d86578e6c8b664ea76d6aq6zxg,0,0.05453675612807274
11,eace2a2890644d703c619fff7e41a9a16k7lf,0,0.2326073944568634
11,90bb553b65144cafddc3f3d4a7783667a06ga,0,9.908221727528144e-6
11,c128bfe7aba668d71126d51b32428c01tkq99,0,0.86505526304245
11,698da938f6fc36305616aa6f8affd53fobj5y,0,0.7686527967453003
11,2f9ea407ba48ae05f98fdf634995d936xefau,0,0.8712140321731567
11,cad151bdf2e29b764dfd3acac022e5dcy8n83,0,0.9474560022354126
11,a639448bde9a72923b70917e82594fc66sa2f,0,0.7573752403259277
11,83dbbc6c5c7ed95048ffa9427d807692339oi,0,0.8495698571205139
11,5cdd665a22747394620c17b7753947b0xgzhw,0,0.3469766080379486
11,ad590c59c30187b772258a059d532db42tf4d,0,0.0006461854209192097
11,e588d3f7a141147e4f8dba29377144707vupo,0,1.2718242032860871e-6
11,9dc039dc57fd67bd9e7157f4f697ae7eloov1,0,0.8138125538825989
11,7ba17b1eb362ef91a99a6f021b3f2b63uyo76,0,0.0029824546072632074
11,c36fad0b52a6be6ec32cc5530c0a2aednea6k,0,0.8933732509613037
11,f416aeaaafcbb66aabb77347776db008qw96o,0,0.8951166272163391
11,22e65b6bf73fab510ee814cbaeb9ebc1252mu,0,0.8382920026779175
11,177b031b4a77f28ff167b427ca967b52jetgo,0,0.0007525950786657631
11,f29896e71c8077db28617a03c0f14e7570emg,0,0.027697641402482986
11,75613637a85df9328b743d33b0efbf1586qow,0,0.026127343997359276
11,01f498a0992d280de63ec346692efb2blckg2,0,0.016689250245690346
11,28763f241cf0483ca1dd3aa1bbcbfc37xntso,0,0.0004050203424412757
11,14c69cd7fbc8300876f287520c493fc8xe2o6,0,0.8411021828651428
11,e49dfe2adbc4b3789f67bc044c231473clc4d,0,0.00004613447526935488
11,7bb58b7875a093cbe7c5d487a825b730mjcw8,1,0.8955761790275574
11,4089a2b7f26e5c13a7f3350bd52ebf8fh21nm,0,0.8320905566215515
11,b4210edd4ec9bf872c7108fdb3c6aae9cjwz7,0,0.05324076861143112
11,771f6754997a1954eced81d46348b4762k475,0,0.8326907157897949
11,65f52b46edfc7fa64b9e74557a78e52c1it54,0,0.0021584024652838707
11,b1c9bacacf1f33a8fe48d1a4ae4c761bcltiv,0,0.7980161309242249
11,2a73f10b3b8f2b825e220ba0a1d2c49f9nikz,0,0.8414983749389648
11,f473c995ca7b5287f9b2f079f0d78a1e92226,0,0.8642111420631409
11,8c339df2050a428c04a1c2bcbfe4a143loj8l,0,0.7979312539100647
11,b3dc6151c6813688d0423dbab13d3f19crw2w,0,0.12423288822174072
11,537f38e5fcf2656968e0a1752dd494ba8z1jc,0,0.00001097294625651557
11,786cb68d5d2012dedaf70257449090f2hfb88,0,0.0031091440469026566
11,d154075c75cbb3f4b716a16c88eedd774i8s0,0,0.5197941660881042
11,fdd6944b3c3caaa7d1234ecfc11f8d080h90x,0,0.20033513009548187
11,222d3e39d4a292d79aeef4c04e52aaf24mgkb,0,0.007863280363380909
11,b9cb81e5855add059728cf932f0624fefbi2t,0,0.006673462688922882
11,5db8eed67a7b648d1f2173b665b79de2vwdlu,0,0.0006646750262007117
11,5640f30464bb5a7bc6e98fd2873fc25dh78hp,0,5.129412329551997e-6
11,6c11cc7744fb52a632306ca8bf966cd1e4zxx,1,0.9275878071784973
11,b08034d2d4fa400b457d4a59a2482e8enfhqw,0,0.3701024651527405
11,0181b91f58e6cbaa832235e2879c9c00ovrzi,0,0.08586291968822479
11,03e884d3e7e3356608187d2345e4693fyt29x,0,0.12842214107513428
11,363ba0a2afea1b074fc1ed270c86050byprz1,0,0.00007225199806271121
11,3fe1dacbdaf96fab0c213e218968c518twu76,0,0.8364306092262268
11,1dfb637157cc0e590e50d724cd4cad6d4cacw,0,0.1847933530807495
11,53e2d855e008a5c2f79b4b848d467b86nofo3,0,0.0027907092589884996
11,efa1611e96c3238913333b8525c6a196rvy38,0,0.03937813639640808
11,aaa686462ebb950550fc1c6136ffb273vkrc5,1,0.9330000281333923
11,b7e0afcd391a22444eaa566aa527eec0x2yv3,0,0.21503613889217377
11,65d8228c6c1e5b6042f397afed8a5c7cbo6x3,0,0.7965501546859741
12,624f258b49e77713fc34034560f93fb3hu3jo,0,0.01175529696047306
12,4ab12bc61c82ddd9c2d65e60555808acqgos1,0,0.5836086273193359
12,25558d24bca82beef0f9db4ba1fe2045ynnvq,0,0.5711103081703186
12,0a6ba32afe4756995db2f5cf2461cddbvj445,0,0.5671991109848022
12,585e7c21b80baf2225224fe140cdb1a73ddrf,0,0.6137462854385376
12,25d75fd439571c1d9b946f5ec833786063vom,0,0.4535146951675415
12,067ff22ebf0d33fe0deedc816d75973865jo7,0,0.5977135300636292
12,11a38554244f3c14de043aaf52345c35jjqvo,0,0.5930851101875305
12,d878560888b11447e73324a6e263fbd5iydo1,0,0.16779054701328278
12,eaaae0fb54c7d36724a9679c3128d5a7gn4k5,0,0.6452858448028564
12,322addd5687d99bf69306148e12f87dc5jbsh,0,0.5725029706954956
12,2a7d1f9483d34546c4d099e36e3a79790qvjm,0,0.644252598285675
12,342f22fed8b1e90c6ff1a6b7bd80f6334w094,0,0.016322975978255272
12,c0e1ecd40b81bda3b7dcec501334499dgzq17,0,0.0064377798698842525
12,5f50c6187a179e2ee7ba2fbcfc845c7a1smgr,0,0.41412556171417236
12,68d468e15e0de0bab9694cdca8e799eb2j8kn,1,0.7875957489013672
12,f60edfe5177cab56896a9d6860995095cl1bb,0,0.2098669558763504
12,481fdbc92e77bba4c9611841a7d74071elwx6,0,0.3426094055175781
12,792edafa0603516a57932e6103e9dd54ajar7,0,0.03642432391643524
12,fb92fc925c5df50f4da7874a7542cf2210z1f,0,0.5723351836204529
12,927c5e145de79f9ee2ada0ddc054b4e9hc3qj,0,0.009818254970014095
12,bcf95b210295831ff6e20db3a570f909n3q25,0,0.6358838677406311
12,2307bb06855a6fe75ab56ee6b4a3860835di5,0,0.010412180796265602
12,f769b9f92260ecf046efd05bf9ab6822j7c02,0,0.6013535857200623
12,da6e2a5651b4f44fa3cff41cf9731ff8qc8fl,0,0.026164472103118896
12,0cca10034c58287ee6fbec14a3f96c3546sdh,0,0.23196716606616974
12,827da66b68b225547050c11df16f845618ptk,0,0.4171912968158722
12,21580623ea81c5b0b82aaf74890218e5mio2z,0,0.008050655014812946
12,d0231e5200b870c055db7e3daae24bc8lt7at,0,0.5447772741317749
12,bff9a98b73f2b9a01300d3fd3d55b16b1190o,0,0.5908551812171936
12,6086425310e05e77a53317490e8c1f3cxzf2r,0,0.6548445224761963
12,d65efaa8129a85f85bf909e5abde8c3628gfv,0,0.6467424631118774
12,5960fc711b544e2617d0f76360b69e2afds2b,0,0.13676615059375763
12,d5f997729fd5a0aa13307e027804de515jziv,0,0.6521769762039185
12,5b25a86acea5ff395bbd62399bb5cc9bb7h6i,0,0.6173945069313049
12,ca76df527977e5168e1b3352cfab2ed9htipb,0,0.2414408177137375
12,22fb740f267ac617118261b2fd3365batisfg,0,0.5907802581787109
12,7264bde42ef4fe3fa19cc7c6d64696cf7pqtd,0,0.6503394246101379
12,3d9910a238a0f282ad3132dd6fc981c8tv3tg,1,0.6553281545639038
12,dd661e2d6e79a5b3e66c82373d50f3ee86k85,0,0.41412556171417236
12,db83d746ba8e0c388805fa3fcb235743vfqmw,0,0.12685242295265198
12,01c5692d487454cdbe731df330bef608f48zz,0,0.5700415968894958
12,3be127c56b2de21dfcf2836f20afe249hqkxy,0,0.02902085892856121
12,1053ead33eb1a5db7c36c979a455348abh9ns,0,0.03470604494214058
12,1af4685cda2979a608c4b6ad83473774qgicn,1,0.6480835676193237
12,e909515a6ae94a86027c717c4085954akbpt2,0,0.6407390236854553
12,1880a778c9dd0cb15ca1f052308a8e04g7e35,0,0.14860297739505768
12,8ec8add138ed551bd5a9175eae0cb972ie0pk,0,0.6321381330490112
12,6a87cc9dacae884e817de2ee08452e76dx9mn,0,0.0090426504611969
12,e0413f338c43c9d55ba53612d2068f65t4gs6,0,0.6459965109825134
12,f0c356e136831c41884b0732ae3198e0gcy8w,0,0.5746623277664185
12,c76f30b8330b6d14fb872b30fcfd9d57phbsf,0,0.4817376732826233
12,2736ee274114e9440463bde9fbffacaa5xky5,0,0.06602939963340759
12,666e1e141862a646afaa2b71fc7d2c25r1b4h,0,0.5540186762809753
12,e3ea1d5464543a1ef3a9b60394fc4ab6i1jk3,0,0.6310496926307678
12,eebfd257525e52b67969ae9d8760afff12j3d,0,0.5588858127593994
12,3d8cccb637b990ec64d662d66ec059cfn1p3p,0,0.5316657423973083
12,28c9a5ea8aae9fb4f6a755f94cd922361v9ow,0,0.6521183848381042
12,c8d972b803b46212369cf1b480328dcehb9jl,0,0.3658149540424347
12,1291b98e40353f77928e363d54a13c569bhfb,0,0.1784534454345703
12,481db1a88023d22b3533044bff5239dbf3cda,0,0.4703207015991211
12,175a06fdcf622c9455d0a77990b9302dj23ke,0,0.6173167824745178
12,518e9fb1055de6532ed2df6d03fb78feus5s0,0,0.5367148518562317
12,28aa6c505e308e49e586e25e1897ed2axjiy0,0,0.3902057409286499
12,e8e4603ed284adbd252a7a601f9bffe09oq6f,0,0.035587724298238754
12,17c87408ee1009887112745797caeb7fwvqfc,0,0.5288774371147156
12,179a23cad40c51dd7804069bf769d11e1ftk9,0,0.6470150947570801
12,585b938fd44968d0d59fcac453cfb3b8p8nti,0,0.64527428150177
12,f535b28ad58c83d35ba87fcd46624148zbh6l,0,0.027897898107767105
12,cf456f3c8c409ec4060142acfdabb5bbqpx7q,0,0.5206869840621948
12,40e00fd204d0ce97110032bfc47f423d0bgrd,1,0.6417520642280579
12,db88530db963dab43118aef5aba127ec29abp,0,0.020879102870821953
12,47c5cd21a74e45dd294cdd53041ec0a3dw3ge,0,0.6505803465843201
12,1680f758aecded6e25096b3a6199b38en6n73,0,0.4656960964202881
12,055282b75717345ba6f53d40e9e6d6c56qrzp,0,0.657293975353241
12,d9177cca9a1bfe3478cc4f11a0d57de2p8ahp,0,0.003501193132251501
12,187636e527504df29bf42d4a2b7767e54bgv7,0,0.41412556171417236
12,7b5bd948eb1d8075be58ec9240927bb59ugz3,0,0.021175652742385864
12,570910327f5584ea1ccba92634d89832lo1zc,0,0.013593316078186035
12,a0660fe8a46b9cb6b02e7b0c50eef6a905vt6,1,0.6269893050193787
12,5bbc8f66464ec2d962b0360d1d74bf67imj47,0,0.17156833410263062
12,9ca41c3c062146a06d2682835f5136807yao2,0,0.35310474038124084
12,7f4e84da8ed11f4ea3a2d276f49949b7o31us,0,0.4302448630332947
12,2d82c3dc726d2bfa19c5f16ec3de5023lbse1,0,0.48413169384002686
12,d65c538ae39fc1a7e0677583bba5fdc6ax1et,0,0.5934286713600159
12,e5f43783127506211df8c6290c2ecadbyr779,0,0.0052176970057189465
12,cba6f45915ebbd4b5404c6d357153c0adeblt,0,0.5901956558227539
12,5c725e840bcc103bb8d12c54ba9a0b37blxvw,0,0.20182450115680695
12,f18d2ebbd5e48ef4f1ee412339d6ed7adr9qi,0,0.4847257733345032
12,7eb6a5ffc5e8471efad7cdc8927daf677qcf8,0,0.6238471269607544
12,65659f3fbf6207c570c4bb8ac64772e9umh95,0,0.011301727034151554
12,c4b598fcb343bdd2cf826fc7541500e40xtte,0,0.007570399437099695
12,7029915a2c5aa5d964acfd85c30c3950b4opr,0,0.6420139074325562
12,eefb0b863345336dce70312ff0f8faeb9qksv,0,0.008852101862430573
12,88e24a019c32a60f2ff315a9d217ec33q144x,0,0.5974411368370056
12,e24542c1bd46a4a0f98b0fa95d8fc40brecdx,1,0.6501466631889343
12,30ef7862d69b3440ebf2726ee85a0b8397ta7,0,0.024386703968048096
12,f8d0d52114da74d98800dc7553008705dth38,0,0.7148211598396301
12,5b45b150b6b683a98b5bc19c4214f44cvzru7,0,0.024088753387331963
12,01255c2c7c5578c186873422fc00fd7afwk8k,0,0.5901525616645813
12,37921a9d842612b3b0281f7098d0002539xrj,0,0.36800700426101685
12,18eb8d55c84019b9196c5ca7e072b287bv68e,0,0.5608535408973694
12,a4c40fd7a4c1040283fb2b84611eaad240849,0,0.2697220742702484
12,fb6814db96bbaf61f42270a85f0f62adunxft,0,0.5669758915901184
12,eacfdb47b3daccebd9f16779c5542fe5eytoc,0,0.5683521032333374
12,64885ec89a54c64598b2d196e1fe2e351cd60,0,0.5240910649299622
12,cafa845bd657b17eaa82940d4767d9dfe9uxg,0,0.015410314314067364
12,392d936106b75256632c9dc83c4f1a169bke9,0,0.5576529502868652
12,2a4654987b59646a120ac74301339afc4eylt,0,0.027252107858657837
12,a6e261c09ae8aa7d0a47ffeb0110aa519jowa,0,0.6382803916931152
12,14f226ef57ed64d8e14c8b5ae929143cgq3em,0,0.5839751362800598
12,a99f91d51e8d9f5786dfa52e24292dfebi55j,0,0.5952192544937134
12,c9fbbfcc89730e961499b4b30ffc4a98umxko,0,0.02673930861055851
12,679d60378d42ca9d3b8a28073fe14fc7bv4jh,0,0.6093863248825073
12,29b8af2fea3881ef61911612372dac41vczqv,0,0.0084462221711874
12,c1434e440370882ecf00ac52140f7adbuy1e9,0,0.5619706511497498
12,8bf04b0a219c7834b25057c0220b4d0dhwdsg,0,0.5189163684844971
12,0e8212e286ee36da8945c2480e366417xa22x,0,0.07796778529882431
12,b725a638efd8d51f66ae2f22ce1df678p9es7,0,0.02616765722632408
12,01067975436d123f717ee5aba0dd4bbfa0937,0,0.5830547213554382
12,1ac788675f70655e71a013892d701e901kj13,0,0.5157260894775391
12,37ca0d0ded383d709676a4f9729ef39cpjfh4,0,0.4894274175167084
12,1b268ea4fe034638a92d683b94bcb330vee4w,0,0.2653215527534485
12,9e9270c06937bfa13f5b29e737c3438fcocyn,0,0.26611340045928955
12,163097c029285c7eefa2d60e474d65b4ap2l0,0,0.502703070640564
12,44be920e88377290bb204795f05a20369jp06,0,0.033924613147974014
12,f35082c6d72f1f1be3dd23f949db1f577t6wd,1,0.002237702952697873
12,b77312a06d10e22e3caca85fc7fe0342b2adf,0,0.013992838561534882
12,2eaf4eef52d5b17615d08bf77386fa42yotej,0,0.6305379867553711
12,80bf6ab93fbb8316efd5c0b42d4b46c83qrdn,0,0.021342160180211067
12,4d0d345f552877998f41ba3cd1ba299885vu5,0,0.41412556171417236
12,5aae3111e4fab04fa5067c740329a38d11361,0,0.579919159412384
12,6713e820273f591bdff7d26a48ee30c5k4iii,0,0.6541767716407776
12,b7e16fd4fd9ff04b7d741b70730b7b6b1aw84,0,0.6346620321273804
12,80130530788e55de6e9fd515271859d1kgfsd,0,0.024864401668310165
12,cdf76f38b6f46a3bd396a99123d26909xq5c3,0,0.6403748989105225
12,46c0ae10d60c4fde2b6301bbafecd7b8dcla1,0,0.6335396766662598
12,38125387ec30412c438280af8931254dmvfgb,0,0.3715503513813019
12,4bddcd4957ff826dfd3b3efe6eb96be9aw5tz,0,0.6451022624969482
12,fba0c76970a464cfa9c043c906442f0eg53a2,0,0.010317284613847733
12,f8c42ccd10c3fe515e53082f0cde9a18oxgws,0,0.6489194631576538
12,284cd72e028fe176f935114521ee998c5jsko,0,0.025205867365002632
12,d8ada60e3b7204a104bba8c073136bb40772o,0,0.027722977101802826
12,e2bda091a91082b774d59f2c5b8480ebbijs5,0,0.4525618553161621
12,4761b2fdb4ce610d1d8dd9ea50f478cf7et0f,0,0.03935923054814339
12,18b5e850a1c10e681cb5fae0704a699018x6f,0,0.028122056275606155
12,c8e474ba549fe924bff9d3f585a9943cg9aju,0,0.03025343269109726
12,403640a20dbd2c4bf554e558de137deckn70o,0,0.024331524968147278
12,02030ec48b7179a7fd9950fdf546e3feekkye,0,0.21402651071548462
12,1dfa6e724441ca3c913b3d40967c17b2p9xr7,0,0.6106451153755188
12,f27321571b5b6184e86acb6203c766f2bsfxg,0,0.633065402507782
12,49c3957287d24e69713e4355933b74baoijix,0,0.5885390043258667
12,59fe751fb6c277016b7ebe3609aa1b15vhg7w,0,0.41412556171417236
12,0ef9be4eb3b6a03ac2945522964b242ap09cy,0,0.6064999103546143
12,359444416c25e6e90ddb2e3d3d0bc23dufn9s,0,0.08703577518463135
12,f0567f6d45c0f83b9874681fe8dfe0ba6hjlf,0,0.6366940140724182
12,a4734769962126673e975a627e930b5fgc79n,0,0.626197099685669
12,ed5fc53d096bcf1b86c30128040e775334ut0,0,0.5836060643196106
12,efdf59a8ca81c5d3744f9121ac8fd2c7coy3g,0,0.5307834148406982
12,14b2d98230228eab6a6db3efc41660d7kp23s,0,0.49979063868522644
12,b79560ebfed7c8cbcfb97475812e0836twsnm,0,0.35969048738479614
12,5920a92dc2b65e257061017a04eb5361tpa9b,1,0.5529020428657532
12,c89ad997f646e388fe375d7fe33a3727dzrh0,0,0.04341215267777443
12,d13cd9e0a7b95c0a35f3456014865230qku5q,0,0.5239216685295105
12,1e3642857c10e72cedaf7890e3c07bfa8ibzv,0,0.41412556171417236
12,45fe4f0fb849e7195a1efd5495d1285f2culj,0,0.3669030964374542
12,414af5edf09c473bde75644b76a68e7feesrw,0,0.6321704387664795
12,14bcf558addd6e6f2818ab2bda7dc679jqoon,0,0.5591533184051514
12,7622d7085237d6b73d08e9d70ed11fe3u8mwm,0,0.5459853410720825
12,8cc03b92898255ce4b096454645599ae5zoc0,0,0.2146751433610916
12,69e97e52dd6428671f46f2ab6567172d8mfar,0,0.008045432157814503
12,5d5816d216122786933fb74c459f35fc0vnac,0,0.5669028162956238
12,8ebc5b544d62622e45e1ee22a56265e0xwwsb,0,0.628696858882904
12,63e3851eb5e1ee98df1065b333f6cb81mlby6,0,0.6240651607513428
12,de3bbaaa3bbc1fd1f751d23a972916d80q8e6,0,0.5876097083091736
12,8af01eeb860c2e6b1512377f28953110ml638,0,0.619937539100647
12,60849c6d966f178808d94543173cb93dog4gt,0,0.3305659294128418
12,b416bf88dedd6ccdbc3a2146524500258qdzz,0,0.374012291431427
12,3df41510a5044de5438015f37dfa3443bt7pp,0,0.22088569402694702
12,85499f83c5f1674c87d0fe77838c4da793u8y,0,0.527006208896637
12,bfc7a0819397d910db7c24eaba1ed4c68dwiq,0,0.22991406917572021
12,693085cbb28f505f03b025dac8681a3bvfot8,0,0.48460569977760315
12,67616fd2a1de5c46e32041354efa88ceahbhq,0,0.6600716710090637
12,54379b25f1f35d9df78da9cd774cef74u5wt9,0,0.5645528435707092
12,8215dac41ad35a074c93bfcfbc0f908chlo5n,0,0.5963309407234192
12,a2bb8b3e3ae4566203eb5b3021b4d594pohf7,0,0.5643185973167419
12,a6414c637c6f1275e2c62c48fb238c5d5aw03,0,0.43778160214424133
12,eec2ea9d9b292a343f8ee566ba252baapagwb,0,0.09712256491184235
12,d26cca81c93b52ae3564aa6cdf33f5d5mkliw,0,0.5840050578117371
12,8e05310a342aec93aaec69a638e83a96aqyo7,1,0.6434734463691711
12,70c31e8b3476b953648fd4f8775c1950m1uz4,0,0.3107474148273468
12,3550d62e04bd3a1239eedbc29d9c970279b1v,0,0.593386173248291
12,ab0b0de534bad49af05faa626b88389cmjj8e,0,0.5727781653404236
12,74ae4f7b1692dc42622696303d9d4d763vksg,0,0.528325080871582
12,9d1506d6779356dda24ed87d41f3be39yn1rc,0,0.49889886379241943
12,c963c2dcbeeb0b7051bd3a6a87483ce6i98xx,0,0.5432426929473877
12,24108e769a15b155bd2d63c58368ae5946zhs,0,0.4981098473072052
12,e2165ff862178c7b2946f7f62f5a3e51wcvaw,0,0.011886201798915863
12,c62a6956e93ac3b56b1292f2c2d85b1fyekav,0,0.41412556171417236
12,5a823474f9fdaa129dea9fa690d51b62rgm7q,0,0.7272441387176514
12,37702159c6cd2c1a21cf66600e96cdc6rdbff,0,0.005398784764111042
12,f3ad2931359bca59c36ce55ba82f9af8enbi8,0,0.5502941608428955
12,e22850afda081aba360cc18e2a9021caqjjov,0,0.21823462843894958
12,a71f9ab1d130394882cbdab3c886f1b0fm6hu,0,0.04278036952018738
12,98ad4163bb0b1abf72f165056d4bf1a1g8ekg,0,0.35346266627311707
12,764234598477e02cbf8a43983fd43850l1c8f,0,0.22303737699985504
12,3a32eb1c6dcc818e0df4953e978f2e89ljhnf,0,0.27389535307884216
12,c08ae3075278ed0d139f00ead52ac2b0oy8nw,0,0.5463250875473022
12,f9753e9fd6e25e0a1ae176ab95c31146iaqnv,0,0.3870438039302826
12,464506515f2ae684bd510b3a50b9121ec7v3a,0,0.5804427862167358
12,171fbac128e6dcb51d0f07cf7ed8bd3er891e,0,0.6224626302719116
12,a7c910e7c7796d979aa9a7a31d74a8eaqsapx,0,0.013305099681019783
12,6679d668a393f336ba9d1cb6a154e03aifmkr,0,0.5608261227607727
12,58f590a56f480589646d255d570b0877zcjw1,0,0.5627791285514832
12,a8c2410eb81513da23261a49135e4eeacw6dw,0,0.009493212215602398
12,4d1542974bc322859d3d099b8c5193felot1k,0,0.6427196264266968
12,465c4f2ad08cc1e5f7a5e1e3ac75654ealh0g,0,0.5698449611663818
12,1395ca662a02245233af951cc7ad8313vk6w0,0,0.5898813009262085
12,af14436f293c40a9904d9f06a323215bf7zdr,0,0.5252024531364441
12,b9c59dcf41cd0a7ba779154872019cabmohkm,0,0.5492272973060608
12,6429ef4aebc7d1f4027b31a6e900d165nqvyz,0,0.5831552743911743
12,bea63152ca4d99f549999ca57b93d015z9kyh,0,0.5257810354232788
12,86a626c876e7eb4be35f4f0b0a78f97a1rn7h,0,0.5503114461898804
12,8e0462410d727b34290fec10fd5661761yc8u,0,0.5925226807594299
12,e21b238213c361523d276d67f37c05e3qot5q,0,0.4842044711112976
12,424aed9d807cfe0b2167cfdaa4957fc0heell,0,0.4504513740539551
12,ab3e02a6b47b250b738fdb010dc84cd7lrr07,0,0.6132528185844421
12,81c9c749b2c9f97215f3ddaf8b5a5fe1k757u,0,0.4643235206604004
12,9fbfbd8a57e4d4b18338063ffa43f1bez92lt,0,0.4570653438568115
12,a06311ea45de34bf667b79a92d13c764i6aiy,0,0.009192612022161484
12,d3e1891edac2851f6d34de566802cac8m8dn0,0,0.565952718257904
12,9f280cd011f10593dc245dad1d93b11dy6rg5,0,0.4853900671005249
12,9a5fb8e2e5add29b006d789e4cfd1513paga5,0,0.020420081913471222
12,86a34cdbb975c141eea1854b10dbf1c8seom3,0,0.007128783036023378
12,1d69e006699adba0c79ab06f2f622445nuu63,0,0.37920665740966797
12,47183c1427a3cee97ff9bd167844e65d9dzi2,0,0.4952745735645294
12,8f086b809805064f3c4a5dd48327c0f51yplz,1,0.6292216777801514
12,6362c8d61774cfcb6ada7cea1be63678hxkfz,1,0.6196847558021545
12,03aafab9868455b78f0723eda86698ba9v9rm,0,0.6453218460083008
12,7a3378ad9999b1fde0a4562a9b036f038cdal,0,0.41412556171417236
12,ae0dc05e48d0f1e3ad33f37b4400bd069jktv,0,0.5904772877693176
12,c749a25f3a07304b959065d83bbfc5f75u1my,0,0.5618687272071838
12,942af1514033a612b203ec58f7894c9fv899u,0,0.01581103727221489
12,5bd35d55d367d7a21d98bf6a19fc0dc1e5j9p,0,0.2980768382549286
12,a0d080012ab98513e39234e4545e93be17tt5,0,0.016813457012176514
12,2540f8192e425f9fb921db30ac1bfcbas4p6g,0,0.6413288116455078
12,4b32495335dd238db6285f7c6bbe051fv1qoe,0,0.3040335774421692
12,43295f805d813e816fee438d9a394bc4o4of1,0,0.4477039873600006
12,bf6f2ca50a3a6a3113681e754307aa4ehnd5j,0,0.49357306957244873
12,3272e16da807a75a987e26b09bb2147by1mxe,1,0.6389036178588867
12,bb73823b1c3f577402c9aa9eabd1e412vp2xw,0,0.6437909603118896
12,a71f84e476d03bd0b25d45e44eeed9a8efehw,0,0.6456345319747925
12,d428139761f7b7563d57bb1f87b55876388j9,0,0.15778538584709167
12,ffc4e2dd2cc08249f299cab46ecbfacfobmr3,0,0.5216166973114014
12,65996114740a63c9e0fde74bfb6725b1k9nuz,0,0.010592184960842133
12,142a2545c5c01937b05ac6de9773f9efgx0eb,0,0.01594644971191883
12,0d1815382b08885d76c671ab600133adeyp5e,0,0.6441096663475037
12,dbbf9d9b1d7fa110208f77a681008077plqng,0,0.006755012087523937
12,7a9519ae09e328b09d18473f96ef075fzrs1v,0,0.4461910128593445
12,12df4a9cf4eb203909e6763960b79238cb0yg,0,0.5558792352676392
12,7639039411fbcc6cf1013b247b2622a72g0r9,0,0.4011958837509155
12,67fd1325fbe3cd75a110cc80b9df9708l0w52,0,0.5811049342155457
12,b86050461e88566061c796dbccb1f7e5at242,0,0.017513364553451538
12,486dc9de91d243625863313adc03aa6bv4s1e,0,0.6269574761390686
12,bd85d0d7fbbfab49136c241bdbe119dbgkuna,0,0.39893120527267456
12,4e22432d4a059b14d1d6a68a1feaa953k8vrb,0,0.04236342012882233
12,25f1a9c0c83eefedfc2c1589e763c2a3is1qy,0,0.06009333208203316
12,68d0de6b2b019e4f93fe89ef3c9d3e21zajj9,0,0.43831658363342285
12,59d96b423ea3ed56611686300b681f3defm4n,0,0.5933389067649841
12,32dd072b16a69411ba3f67992ecc3e2144j5g,0,0.014190196990966797
12,38d9e2e83f25229bd75bfcdc39d776baz5zu2,0,0.6420062780380249
12,e833712b1e29ffe74517e2dadcb4f2d1pt5t3,0,0.6031198501586914
12,48badabcce6015d257ff5809761486c8qgjul,0,0.6403339505195618
12,e76154d73bb7d7b86d9bd48d167d3c679z0va,0,0.3374997675418854
12,1680b6a12fdc8c64645c00ae8048f99c6uzoz,0,0.5984725952148438
12,c4709885ecca7b90dea4beb5dabd68aegk2pz,0,0.13759005069732666
12,0547dbd3ecb4a293913f138d60b586fdf4ane,0,0.6986793279647827
12,7da6a36817cf2d8c3be218a32ab25550c8kg7,0,0.3814474642276764
12,c16a9bdd369ed3ec2891c46e64017560fbx69,0,0.020657218992710114
12,dc4efb7e05563288d1f2ac4ca65c6734017ql,0,0.4028705358505249
12,668d393e858e8126275433046bbd35c6tywop,0,0.654297947883606
12,5e3747785e44d85a41a74470c051e946x01dp,0,0.011637632735073566
12,2cbacd5b066b7dff7e0a87e1ef00e0b4zpqzw,0,0.04430020600557327
12,a679d00c30c269a8eca148458abb8665kciaf,0,0.6246850490570068
12,d5337c2d4b58426b30c8733313eb5247syn5p,0,0.4164827764034271
12,1f2d607e5cc04e790e3961a6432d7c15hn4qb,0,0.23303118348121643
12,6326299ca6a53277b2bcea07bd0b4ba8ktbqj,0,0.6179810762405396
12,aa3ac65055bb4b1660f4d8c1d2c187ecoqvn4,0,0.5113169550895691
12,e704e6fedbe6caa9b434509d085f4c97nq6k1,0,0.518351137638092
12,5c2d250afe88df6e4ca3ff08d991eb67s5erh,0,0.28052714467048645
12,8a7710ee3c886df8ca78c88120603cf6taql6,0,0.04373922199010849
12,531d4a209ec0cf76c9337b42fb1c3d9c9tcuv,0,0.16620922088623047
12,c0e4be8d520c7bac2f51ad80a98876c2aan70,0,0.08211439102888107
12,7eb7b2f6a914afba5c3d207dc28a93aed9pnc,0,0.5418265461921692
12,031da7aea2d4b75ac8ecba4825bc1318yki1d,0,0.44813811779022217
12,958de49cdd870198543313fcf574d7c4eutrl,0,0.6262601613998413
12,67fbdc4209a1566288acba904a2b5a7ee588g,0,0.6500487327575684
12,c8f537f6bb0aa2d45da541a875f014358qm7p,1,0.64516681432724
12,d7e83a95a05308d4fae6428bb9073a7bg8aoa,0,0.2494911253452301
12,ba319b8bb68ca6a12086f2410ca7fb3buxsei,1,0.6476234197616577
12,0b3d5f829d18ba30d967fceecb58821c3oeqa,0,0.6386973857879639
12,67ab503313f60aaba89f64e2ce3b459fvyahu,0,0.0045233056880533695
12,79794d93380946ef72e95f55b4abc008hsns6,0,0.6042796969413757
12,14fe3602f049d4574cdbdef13789647dsgtqy,0,0.01288781501352787
12,5c5dbe70c2cb05d208c22d204146e1e9f3lvq,0,0.5776875615119934
12,93e3c34171ab65e0b031dc67461e48b478u36,0,0.6553312540054321
12,6c3bdc508c20f2f3871766cd73064c8cib3xh,0,0.5461634397506714
12,862eef3a75e1351593b54975cd8ae1b3swcxw,0,0.6371763348579407
12,6b531ceeec5892121e04dcc6f89b10a70yqoq,0,0.6455948948860168
12,8066d0a6ab30c52b3ddca5da19518b6188t23,0,0.578180193901062
12,dfb23124fba16b7778f65c1c8d091f949jz0k,0,0.015162545256316662
12,5114111892d49b59415284dcf19ceebconhvq,0,0.00501649035140872
12,664adb319c2be43104b6565a8ff293dea0f01,0,0.40595221519470215
12,db12e9cad5e847cd7a40ec1ee649e475iwzqo,0,0.41412556171417236
12,97268eb2ac171298eb03ecc6445d6879wk3pu,0,0.3802284598350525
12,197e90906939267ace2422e78e8e83889znqp,0,0.652191698551178
12,8884b7af726ce7bd929482ea13de19d39lzuv,0,0.011950378306210041
12,7bb914fcdec49aa88c7310a3dda716aa9fb8t,0,0.35180118680000305
12,31c840378b5c2e4469fd2e7f5a1e5a7d92k7u,0,0.6090189218521118
12,ef415b2bbbb81ed33cec7242678975d5m5qk6,0,0.34329769015312195
12,737d19fdceb065359c77b81d27053c4e5quiq,0,0.005935934372246265
12,d42604c7cca8ec92839e92508f2a3e52ehz29,0,0.6514356136322021
12,d9d24106ae1ff4f5bc4ec3caf29d7bd2c2f5o,0,0.5993694067001343
12,9dd7e7ef94a7bc5bc9f98c42099910e7o76qh,0,0.6086914539337158
12,8725b0aa1a32054450c16b099328fbcbi71gi,0,0.4346257448196411
12,c616385a2762ecfd8e4ea16d8a1f2596qw07a,0,0.3853966295719147
12,c353286290001e0943ed9bb160145c42etrf8,0,0.013597920536994934
12,25a4ee3a528004bcf4f4bf62b9208a7dx96pt,0,0.6411428451538086
12,6ebbb4e7c3fb4ba44a89bae997717924gm89u,0,0.5667204856872559
12,24a32bf10c4a5d4d91c27da4710c869a0nqim,0,0.5038895606994629
12,af33d5277890ef0b5f55fbbf400441c9hdehk,0,0.37388333678245544
12,74a35c4376559c911fdb5e9cfb78c5e4btqew,1,0.017270158976316452
12,0918eedd8324da06abe5600f058480dc75nfo,0,0.35650160908699036
12,6f07ce71625a0c57aa5c0c05071cba164jmba,0,0.23196695744991302
12,353d05bfefe1dd96d3335575ddadf310rgnrr,0,0.06717675179243088
12,c277151116ce38d8245f9f2308807af8t4nnj,1,0.643049418926239
12,00cc97158e6f4cb8eac3c0075918b7ffi5k8o,0,0.3553701937198639
12,0f3ee77a46dd5a09ad20b7c3e54ec614sbpvb,1,0.6050273180007935
12,1a09feff347553a2577983d7c742e3d6l2hfo,0,0.5991432070732117
12,70739399d69a3b7ea9e72742dc728742zp9uf,0,0.01737350784242153
12,39b501f37dde9b055d627394964d3260qiktx,0,0.5758734345436096
12,cefd0ed907595de146c91e6c26b8ad658ilo9,0,0.43193385004997253
12,3144ea2711bef53de88d89d71acd16c5q0bzh,0,0.5994681119918823
12,40f2eaf03624a31952397644f1b79a6fvtfjf,0,0.33968472480773926
12,eeb7e43d894af9161f84692f2bf9570fdryzr,0,0.007668266072869301
12,a46046f129f3526547aca680877fd8c7e6tfc,0,0.2680821120738983
12,2c449b1bbbd5f8d9bcc1159b7bd3caa32jhtp,0,0.6059823632240295
12,76c85d6bf559bc0323bbe1639d233e88nxy36,0,0.6446702480316162
12,a116e727a3dc0b69f5e7ae14d0ab40d44breq,0,0.5778823494911194
12,437ac1b8d08c3b328924aad097a3dcdey2m1k,0,0.6108348369598389
12,3b8320619393a6f6bf12219b61cda688k4w4e,0,0.4745641350746155
12,c615c31c87260c0d85727deff6da6667lgg33,0,0.4465455412864685
12,5a6376f140f05274d6e0dc888cbeb89eukxkd,0,0.6150950789451599
12,44bfa21b7d497f097a594c8861d4f8d4w5e97,1,0.6405396461486816
12,4aad6f0ffe775217e4ef8c91d69707545li52,0,0.3060702681541443
12,6e29de28296a57f039026ffc6df9145cxo2n0,0,0.6368878483772278
12,caa74df2086d71caf6c1b2b9c81d3d98xhpv9,0,0.6152274012565613
12,f2f10539ed947e4b141b2e9bf21af65ecz4f7,1,0.718076229095459
12,07012e0507b4281d430b93ddcd96cae66und7,0,0.5040755271911621
12,120beb4523541f769a2b658cbc41dd57w7im7,0,0.12294430285692215
12,1a764d01d19a1408382ccace87e61c9fndlo9,0,0.00993055198341608
12,f0ce8b973cb8d6eef9221fd3d6698fd4kl3g7,0,0.42199867963790894
12,ffaf0a972a6dcb3910fd6b16045781e2ava5y,0,0.05035974457859993
12,e4bee4e53a19aaf71e0ac0e3be752b2cz3k1j,0,0.6202289462089539
12,53d9e7fa087a0dab6a472bfbfb694622jv072,0,0.02925795502960682
12,4d2fc319ce6c2ad370052e0f6f2b0a1dxiyau,0,0.5218157768249512
12,681b4f9dca9e70441fca4a58c05b0f50skmir,0,0.052538689225912094
12,6ca1de75674e78f9d3d63fd96fbe6e172t86c,0,0.38478341698646545
12,17e4d6d9a1f8ec00cec1d4fe79b059bd51476,0,0.029404928907752037
12,3f977186d125ef8bcbee0c1562c7ced2b4utq,0,0.2047768235206604
12,4641b5a43c7a2496ef93af2ca590d2c94s20x,0,0.5710452795028687
12,f5b2bbad20d1d7ded3ed960393bec0f40u6hn,0,0.6549893021583557
12,35f822bee4f85d98d5b1b23c65681974ywyuv,0,0.07258076965808868
12,d8a10762de6d62c087a0a8f0e61cf78bbgke6,0,0.2757808566093445
12,b6a3aa8c0f2302fa35d7b809d9371deeypvyh,0,0.6112020611763
12,c41cd6791e262b44d26bdb3443fcfba97wlm3,0,0.6364836692810059
12,77b342f0d8769898619a935e267eaad25rubb,0,0.4342234432697296
12,bbf1dcd2f0100fa90e4a8544b90e35846p5y0,0,0.039160776883363724
12,c99b1edcfc7f0c751b68fb310d34b75ei6j82,0,0.5298769474029541
12,417adcdcd7157e75c66469c07208af00qjnuo,0,0.05838512256741524
12,b28e6a39ef0cdda29c5e350e048c3a813idk1,0,0.018222596496343613
12,ff4e39c0be8af4b17a73dcb761e4bb6dmop0m,0,0.4922446608543396
12,f1e57f96a91c185a7ea716c2481cabecpi3ia,0,0.6127779483795166
12,2d38a6af2ce96c1446f900aa4756b8975y9k3,0,0.5698594450950623
12,f28b5654b5633a0b5e3f757a16080116sjj1b,0,0.6125469207763672
12,4fcdd880c4e1a1767c4d26f74bb3466f11osj,0,0.41412556171417236
12,622a477170c3e2215b7e3cdb06db93aezz6t7,0,0.6516819596290588
12,f7b25abd850df9b0e0b305c6810e1ec3qbtaf,0,0.597659170627594
12,1899fd76b484b9275854787a6b003b8a93js0,0,0.6228993535041809
12,458c8c4e10e5c1b29e3fbe5ee56d46e8y3fb3,1,0.6477223038673401
12,43bd7fe0ed7629fa774a461127a629f19je0a,0,0.5719144344329834
12,741b9948c8cf42d658676e5a46757815zstr4,0,0.5982609391212463
12,4c93ba564461b1412df6f033c8ef71e8ck438,0,0.6373326778411865
12,25aca203223b4d9563f5b1a01aa3a21ftlgve,0,0.31773194670677185
12,e54c3b01eab75ad3a616d56dd06ebef758ua8,0,0.022444989532232285
12,385325103b3eb54b0b974523fb7a13e02go5s,0,0.4410657286643982
12,17a321c4a0d925ca80507effa52330ac5n5r7,1,0.6451500654220581
12,235f78b13fc87c995c1f309403ee56bb54tu5,0,0.6058046817779541
12,84f06d2c69695fe24cd69f8a1aae21a7kozbn,0,0.5884581804275513
12,9f34ed261596a1114cefe81158c5617biq26c,0,0.5807323455810547
12,8b253bd318229b3eea3f459bd81b8347khytb,0,0.5596526265144348
12,c17c63af831939f5e2fd12f65821db65umonm,0,0.6402261853218079
12,717a0a200628f9606d88afebaaeb409bv60y8,0,0.6355776190757751
13,4bee9aba2abda51bf43d639013d6efe12iycd,0,0.23592472076416016
13,57db69e32163f3e486dc6ef7d615aa12usje6,0,0.010293492116034031
13,3f3a3705be5ea07b9ba7ee646ed756fbssuo7,0,0.014458351768553257
13,d29003d7f3ec1f0e4ca9cc17e6389b4a4phcg,0,0.6580597758293152
13,c748f0d69cc89d5812c9fe3a6413bbb26351l,0,0.007531114388257265
13,0d0b3d6dc27d0f8eed70971f8c6bec1bdrs0f,0,0.5636113882064819
13,a22fdc066a738070c6e4860924d06657hengu,0,0.7992846965789795
13,aabc211b4cf4d29e4ac7e7e361371622pockb,1,0.757879912853241
13,e1da7d96b83f16aa80cc254572cc154fcoudy,0,0.7220678925514221
13,1cbd9081de4481ada66f1853737f7684ddjd1,1,0.8509989380836487
13,cf33d05860b7f7d9af73c6091190b81ektz1j,0,0.7745755314826965
13,cab0d4e41ea81636de3bd3a1800d8da8x4yca,0,0.5738949775695801
13,7cb144485c703ac09fc73aa646041f72ogqwv,0,0.0932808592915535
13,806a46eb814ec7a09bfffcf38b0763d344tc3,0,0.103700190782547
13,20cb327bff59dc8f4fe1ac68a30f02eb6jrq6,0,0.4091778099536896
13,80e753fbea14f966b1fc6d1e194d4e66822ms,0,0.6607007384300232
13,28c0d4c81a22958352aa742f7d74e477qwo51,0,0.4060423672199249
13,0e66933c924764a59760aaae5368e7d1e0s88,0,0.547966480255127
13,024cf43497fd7381df6254888670f84bwbbam,0,0.008062777109444141
13,12d6239a92972a35bc990225b3ab33466znm8,0,0.05741798132658005
13,15972a431aed117840dfce5556242366c3fwq,1,0.7876314520835876
13,fc8e62e5fb69ba67265a3d0e3403aa3fr8c2q,0,0.8010413646697998
13,36b84c776aea2e008180dbc72393ed750zsbr,0,0.011092327535152435
13,a9229b83f54a5f44a69e65b9b3aa7aa26qcon,0,0.4457823932170868
13,2e3b450b727fe3e888c85d52251fd33ffoi4b,0,0.748423159122467
13,961ab8cb7952191816db53f8a11a35fe1zecm,0,0.6013044118881226
13,99fc8ed25265e58bc94d9d95180badf4t2e3i,0,0.6956398487091064
13,f90f13ddfc0f98cbe3c2346a2e30093cq6zo0,0,0.14502395689487457
13,fdd836950d203286832a21b930b9f6b58ch7s,0,0.7472158074378967
13,6cd1bd77bbf2af6a2c6e535192af628by3h22,0,0.007150610908865929
13,520b616c26fc47935f6bcd5ec063eaa7w15t8,0,0.24205981194972992
13,85155ae64ccbde01b48fbf4b3f1b739exmqyu,0,0.39102399349212646
13,e613acb1029ecafd9792c9f75d468e4bmm9zn,0,0.34226298332214355
13,74fc24cafc7c5936d0422b8da306365byjv2b,0,0.012212359346449375
13,f186d292f4e83f70a92c97f92993f655ygqzw,0,0.2949235439300537
13,ef9ce9b85309d7d1044ce57055705bae8pqlg,0,0.7240307331085205
13,cd856579a7c4850b60d8763520339449x0mqg,0,0.004345626104623079
13,9e72fb21f7581cfff84e833d02538e5ar35kr,0,0.6089189648628235
13,b191c73f160bb9320dd3715bc3ffed26ymluh,0,0.25972068309783936
13,408f81a85f3b31f8cabedf6ccd381961pop72,0,0.35006651282310486
13,64e802fa8e0c17ec2ba1b6425648b7cb7ndkn,0,0.7777729034423828
13,42c407eb70ddacdcd59d63f22caaafc4fa0p2,1,0.7121598720550537
13,b719671479e7d75b1ba5a5617c95ccad4dkvm,0,0.008863454684615135
13,5e611461283a5c3e49b5bfbf9c33b7391ce3h,0,0.40628811717033386
13,4376fc192e83a1a5d7a83085369916e8rr035,0,0.03564397990703583
13,e7a98dc8545eb429007cb48799a40a2dc9p6o,0,0.8026959896087646
13,a2d0b7ec1595325cc63777f106e09fcd88y5g,0,0.05958997830748558
13,ff12cd48c7de8ffb8b2099f262ce03980dqqz,0,0.16762124001979828
13,ee052a24cd3164af9d08fe77bd6b79dfrbelk,0,0.7309196591377258
13,d2138bce99f535c244dab68652ccfa2enshxk,0,0.3765886127948761
13,f75cc5ec8acf1ad2349e00ffc4b3191a531f3,0,0.6344632506370544
13,76218e14c379c12d599dae9e1c00b61a3i5b2,0,0.8090519905090332
13,d2ebe13374f25a12865d50c17af1dad7yspzq,0,0.5115342736244202
13,3d94b376bae8dd60eea48ded36134a3962glw,0,0.19657303392887115
13,a6bf74b19fcb2687ce345930c4c16d4e2txda,0,0.7586358785629272
13,bb790a228de797253bf6afa43ee52eba1s2dx,0,0.7897266745567322
13,f0f21cd3d51b7a233988cb1c3c5df977zjqkj,0,0.36109864711761475
13,cf9a1c3af63d1bc3f55728b4a06a5f46njrac,0,0.6987079977989197
13,29544507566320f1125d8e9f9a0ab3f2jswhk,0,0.7901525497436523
13,6f46b3e231003daf21108df4624afcfdaaswv,0,0.6084960103034973
13,7607c4efa792a69e2a8949ccafcbef103squn,0,0.8103676438331604
13,300bb4c9816a7064b106c9c6cec2f51ei13n5,0,0.7708573341369629
13,e03311c7620a8098b7a177a5f1ad213ernao3,0,0.47181764245033264
13,72994bece8c918a2c4c432b98780a7bdsctwr,0,0.005592024885118008
13,01eb9dcbd0b3e79d94020d13d83a993ec9d2a,0,0.007615470793098211
13,cffb5f3c1f4ca815d0f643fcb2f2f316beod4,0,0.8046584129333496
13,74866aaa89db79f25dc0fae8be067b83xlbm6,0,0.590095043182373
13,3733f7ea492eef1f69f98593d2122c50xwcha,0,0.005277900490909815
13,7f86c3c417ae1db5bea10bf9d0a7827ct3ni4,0,0.7939000725746155
13,c18cfb38fe1c4c01705391422177265cn9w5x,0,0.10595693439245224
13,eb2c4b4493f31788ead745533e0c9a18xzzlk,0,0.6461984515190125
13,786fd201d9c952bc3453d4b3a6fa64046d8wb,0,0.5841558575630188
13,45cfe8744884eb207048e3cbee31ec56hd9lm,0,0.4967927634716034
13,e0b6466f9f720e9d9a00d7c12b2e2c6d8xwxz,0,0.006441174540668726
13,dcac75b5ccc362a66e7f9112f033bdebchxq4,0,0.5485267639160156
13,8f00a4c4d7f097bc1688f8d89431f6bfmodq2,0,0.09582478553056717
13,35a89119272ca55d7f602689616b58c3pebir,0,0.3328585922718048
13,ca0331fc37db2b251a012376f7b987fcma2jw,0,0.7244722247123718
13,b42ef139c2dfbff8356e8886d2b109e06riso,0,0.8169533014297485
13,b232fdca7cb98028e8945005f619fb28p8788,0,0.23916706442832947
13,295fbc4ef00fe0cea7947811e78bb8aez9ti2,0,0.0072633554227650166
13,11b1859aaf7fa93818baa76007cf7207d8uwy,0,0.0063364142552018166
13,11d7f0a5076649b229c301a22537834e1ehwg,0,0.8001319169998169
13,57e1892d3d62d87c9ba5e8425a1958c0fn11u,0,0.012974799610674381
13,2906a20e0b4f7ce840d051c4be898b66do6wh,0,0.6906808614730835
13,67083f257438b1b79cb09cfa601890855of77,0,0.26705804467201233
13,bf80bec9b4a8d29c494f8545f2a4be4eji6qj,0,0.7625157237052917
13,3fae46174ef1a7dce5e9893775f814c4so8s0,0,0.22453927993774414
13,313ede314e2e05c31471fd6a93f98af713jud,0,0.6529533863067627
13,35b111da8e919bb34e80511be9cbd128pjjdm,0,0.002148251049220562
13,3d7cff3dedd8a8e02dbc551c6a61da3bibbvh,1,0.7540107369422913
13,66513f72be85596a527f9f653db3cb72cq4jg,0,0.780079185962677
13,10b431aa15b56084d32fe1ef123c4305wo1nl,0,0.2935184836387634
13,573cf43253a18821e50dfae941ac287ceymgo,0,0.04256816953420639
13,85371e59ea43c33c7e481ba3c214e893ail7f,0,0.37511229515075684
13,86b6207b5e87d58ae307bdc1545a101akz0ew,0,0.16966520249843597
13,1c66f261724506bee45dd18a4d221bfeh1687,0,0.05044953525066376
13,200b548999702c10f8f9fdbae9ce60622owzv,0,0.7220929265022278
13,d8d90875fbcf94c3b4c5c00479cbed6e1mqrl,0,0.6895982027053833
13,2b72d702b44fd7dd58062e326fd8e4779j8mp,0,0.5862865447998047
13,fbca8e44d824faa1fa6b99325758ff19vi94a,0,0.600473940372467
13,0353aa9e97bd46119c90b8892f99982esfem3,0,0.6735434532165527
13,7d72bde2e297ee81296adb4fd56e8800p7lbe,0,0.03889572247862816
13,3b947f8c954acf4354d2c3bdcd494fb0x54ee,0,0.2514091730117798
13,b1bc9ff2b98df742affda07c5977c7345dpm5,0,0.5157797336578369
13,b6a7b5bba132a90e7c7cb350d2bfa52d7sion,0,0.6651461720466614
13,dd1675bf26316cd4630087fb47d0ff8fsug8e,0,0.7898019552230835
13,e19f258fa5019e58974b562a8e1433ccluztk,0,0.7792866826057434
13,a60101895443bfa5d4485b9c2c3e1b68t5ppq,0,0.5635206699371338
13,8322695c21cb27accf0fe269438bd78fn3x44,0,0.7924029231071472
13,876b122982958678f14bb25d887dd79dun3qa,0,0.6987419724464417
13,d7c046d4328c139e76fea7c1833e8fe6fx4yz,0,0.018339117988944054
13,d4a84bdffb9543626fdd42c879343ce26ds4l,0,0.14255419373512268
13,45c3a73b88760d4390f42ea4fae97d84la5wh,0,0.2513645589351654
13,82194e7d8f9b84e71b789e763b5c3263r6d98,0,0.6281945705413818
13,9f793ee6e6df7f69b5a5acb4e13db0476b26x,0,0.04578442499041557
13,012441119bcf83b23d4768bb72cea6d6carua,0,0.46036040782928467
13,953879d32e39e014cf8ce73daa2547cb2ke8t,0,0.7939797639846802
13,d8ff621bc161b09d9192c445f4b3be7b8xow6,0,0.7036358118057251
13,796961698c2f2442e73c5195062370caawzzo,0,0.017365017905831337
13,156f4a8763e602ef789f8048c6928676a1ily,0,0.027860887348651886
13,86091a1e6c99358936979baf67d54457x1dzy,0,0.19222654402256012
13,936d542904f515ea87bab7996497b11aszyco,0,0.3217427134513855
13,c6108e22518279361de99b3c7c298235mkoa9,0,0.6145758628845215
13,b071545f5ad73150880c42e780d951bdzvxn7,0,0.7588213682174683
13,47d1dbfb67706772f8a44f50e5656602z04rc,0,0.5317875146865845
13,c6a49cf5944626b45425712f9e19e91d2nyh7,1,0.9653128385543823
13,fe4906ac4c8e2db5ed5a71e8a9d10080u6g7o,0,0.011735758744180202
13,de8943f2b113702c98ef695888b7d0c6my29p,0,0.08064057677984238
13,6c0212679f2439c4113386b2c6ef513e8wr8p,0,0.8063649535179138
13,429f301119adc32d35541dd4d60903563s7nr,0,0.7873188257217407
13,8ac7cc6a62b82e675465e89f67ab1f962ltgu,0,0.06799802929162979
13,5f7767924aa92a8f01b44a7e09f00a4dgqk8e,0,0.7305904030799866
13,af9c96944265cf541b3fe734a057821a825l7,1,0.7934193015098572
13,420e7aebb49d7ab3c04e109a98e152d7kquiz,0,0.2880897521972656
13,d2eca28cbe0a3dc69715d719c6958faaaqx95,0,0.7310970425605774
13,ac94684646bc6f708dcf4566f41ec05es9v44,0,0.01464848406612873
13,bbad48cdaa604c1bf40b59120a775794rnlg1,0,0.8046309351921082
13,e2554dc14d54c3b7be85c59dbc1425f77qv4a,0,0.0834444910287857
13,a9bfa54aef505d65ec488d8984c82a7bf0fjm,0,0.6450105309486389
13,f334d76f60cae7c67ab04b9e5cc49907hqsc4,0,0.016745511442422867
13,f05dfdaa2f67b190f3a79a5a2d5daf9coikow,0,0.015701357275247574
13,9f60e1593604631e10ad2677c51055c6mv205,0,0.03696947917342186
13,ae817305e82b580f9ab89f1a379488e39il4q,0,0.8032119870185852
13,183c4e44d09bc4ab990b957e765af311vlup7,0,0.6265178918838501
13,612d24dde60a1b42873ab7b50944c6dad3dcb,0,0.6122023463249207
13,313bb0007cbdd82f326d58c96847294c9hz4k,0,0.023555265739560127
13,3e85a43950c71b1988a814682abd4392yakvp,0,0.7636686563491821
13,e429d13bc2c7acc82d8d68fa020546c38v82z,0,0.6334599852561951
13,e0df56a5ea8094d070b0130d7178a996noolv,0,0.40505290031433105
13,b5a92183d20e5ca98da4065c874e0b9dezbhx,0,0.7761380076408386
13,0580f2e77b4c0dd3b5cda8a1641cb9fenmo0i,0,0.6365950703620911
13,ae15accae2164aae084aef7e3524c1fflq962,0,0.1606471687555313
13,2d9579812895729581ce269ea17462197jxvy,1,0.8301709294319153
13,d9ffd2f7f3cc1a546586701c2a6fbda24u9ye,0,0.7602074146270752
13,4922d20e07d04601e8724be5e9f9576blyccu,0,0.024585308507084846
13,631f923b7bcf91f61a2e9f96520bd8c8vtl14,0,0.6880918741226196
13,f73eb6e2e7a872f97c715ccdcddac77am8bq5,0,0.19375792145729065
13,4c67576a6f30a158d16d790a7fc482b0zqxue,1,0.7705118060112
13,f3a249f6a5c2c88ddd8bccb1f8a85fe52xnkq,0,0.6616910099983215
13,86e50263881b0d382b55777185eb648aagh1g,0,0.7387827038764954
13,3312b8e73417810a88be459d75fe9bc2xhd8v,0,0.09618587791919708
13,5830a96593aff3e951919578f7374f09pqyc0,1,0.7636157274246216
13,0af208c4fc46ef9236052ff495016326zxoqf,0,0.007134356535971165
13,a6d6f3f5034886fc00a1245b439de13a66ha4,0,0.07080286741256714
13,61337802cac534b7e7711793039782d6f1yy9,0,0.660163938999176
13,42f754cb72e01c08005598e1f9383341fn7xh,0,0.7690258026123047
13,c4d42d0beefe49d6157c546a2504f4db86hvd,0,0.6732832193374634
13,9a12aa1aa3560062c6f84bd374eb5f7f422vq,0,0.5292307138442993
13,43553dd8b9370fbba5efa6b652d9b43ezsj11,0,0.5845631957054138
13,a40808ec5bd9d0440585286f1658c3b1ag8dt,0,0.7213584780693054
13,c9e1e860e39bb7d4dbf3c91c5d6c36c2dv4tp,0,0.013771181926131248
13,72dbc4a9f579a9444c126a0a67118783092ec,0,0.6994073390960693
13,d9a813646e8fae954898c1279196f5493gqzc,0,0.6128532886505127
13,3ef757c3d6a272681c69bbd7e071b705yzt8t,0,0.030268026515841484
13,3cab5bd983f5be9c16789b6c14bae982nhi9c,0,0.01816694438457489
13,97ac4a68e5600c4b7a960d9580d4f251470mc,0,0.6374116539955139
13,a0aeb6de8a21a5b776f63530ed753fdb34k7y,0,0.7566391229629517
13,40829191b83242ef1f380f90876cdd74mrqe1,0,0.7381886839866638
13,b9d861ce6162179a4b008b63e7fae80fjoywx,0,0.01694888435304165
13,63c48b70d37dee5fcfb26f94107ba3b94d90p,0,0.580668568611145
13,fb81da0790d821a22617d748d0226540ylrj6,0,0.7783482670783997
13,eb8f9ca4a23586f5acc770fff966f654dy7g0,0,0.020017340779304504
13,a13da89a3a54ac9b4ced156542afca5ddyumw,0,0.002270659664645791
13,24284d3fc3334e0adeb6bb95637ca62d6dm96,0,0.5691518187522888
13,83a24bbff5a4cf9d9fb10391102708f1oqpco,0,0.48014694452285767
13,d7b66d95bcfba06122dc6f7a3c605fd73239a,0,0.4464668333530426
13,50a4bfbac8a9653af4099ec1169f684c2nsgu,0,0.7872416973114014
13,5fc9437841f1dbbe63a3a933c48472fcohutg,0,0.0055238790810108185
13,673650167f432c009e9dcd062cd4e9fc2szln,0,0.5163015723228455
13,3ded667003605eb856ed1aa2b82c1732gtma1,0,0.8004462122917175
13,cb557e4675bf4f36f93ef5599adff545nz370,0,0.8028769493103027
13,d6517684989560cbb0da1fb2f5bbba9b9y2st,0,0.7982454299926758
13,ed5ee107143980558fae26c1b5c7b81a82spj,0,0.6230365633964539
13,ffacbed056cbfaa60c1fcf51f0d381bddr3ly,0,0.6799169182777405
13,8644c9765c64da22776cd67eefe0f498u3aaz,0,0.00689304806292057
13,30c3c92cc9408f55cfa895ff8a505930a3yy1,0,0.44018319249153137
13,00a0517965f18610417ee784a05f494d4dw6e,0,0.663865864276886
13,f01e3769fdce36d31eae85525827ab17xeu31,0,0.6346400380134583
13,fbacab353140582a4b8ae3412eefecbc753vs,0,0.5562699437141418
13,b0973e698b12fe51ec2f259d924c6098rasmy,0,0.5196025967597961
13,da2841ffcbeabaac373f00039c10f39fty6fa,0,0.5608690977096558
13,098bfc9c440f9ba9e6371f774ec6a36fa0sq6,0,0.46483078598976135
13,1def3e23e479c9739abce6b3518013d39oejk,0,0.746452808380127
13,dcc5a79317a22bd0f6dca1f60fc866a8bei1d,0,0.011136297136545181
13,11e47dc08d7fa4d1a1953b5868892f72qvlho,0,0.571332573890686
13,30da67f34e3cc215b3bdad588410fab5655fx,0,0.02492891065776348
13,08353687608279ddd83e4d36fadd1cd8ritj3,0,0.005627067759633064
13,1530008a712831e35a673d38959528f4ozipv,0,0.0018022200092673302
13,cc4763c97c3d7cc9116e0a51a6d1f2e82242i,0,0.6549968123435974
13,2137e2626c568af8e56bfb72fdd5b9e19qiyt,0,0.003959540277719498
13,470a0e402bb9cb4d48c2a450d2043e87flc2m,0,0.33494114875793457
13,f0fd9f1b3fc9ff10c2642b3bf81946e2rsq48,0,0.7933460474014282
13,6a97f70ba29a04e77eb3b137e157070dc2mqc,0,0.579339325428009
13,a7c263f3fe4f19ff677e5cb475f7e5a3gdom3,0,0.3289630711078644
13,3d2608a892e44dad3027ab55bfaa0b26r69hy,0,0.7776140570640564
13,80d8e3bfc8a2ecbf22614befbdaacf5fo6o5o,0,0.12073198705911636
13,5b0665172160ea4015e79dfbcfa7ed86oe0mc,0,0.5910907983779907
13,69d8fbf99586bfaac64d31f82b9bee27wltkd,0,0.363813579082489
13,510f33a3c0a290a0e43d2576d928a4abxieo3,0,0.030742665752768517
13,5dda8ade6b5d4065f3119a381516c227yoz8y,0,0.7840585708618164
13,6b3cff1e3d9398d4c125e7bcf612192dy1gwn,0,0.0025225901044905186
13,b258a38ef4cc6ea241b5473ee9badd32ekhoy,0,0.42660027742385864
13,4199816cef8be846ca71ae752575744fimyto,0,0.9529367685317993
13,7d44df0d40982a6651a06cf533ef5dddtppag,0,0.7644580006599426
13,e268d06507859d78894a8f6e11995f48zls7t,1,0.9692708849906921
13,e7445f6107c8cd3783fa722c7dd29fe6rcd3a,0,0.019067013636231422
13,29bd1e11a41eb2ff50af75d10f28041ejh9xx,0,0.6280768513679504
13,8c3631460a4d25d2b21b1f92ebbad752a19ww,0,0.4750429689884186
13,989e8e68621a43af5a8d061aa91bd9bfshy7d,0,0.011964496225118637
13,1ccc69e376c95da9bd569a5d1a176874ivojs,0,0.2244570255279541
13,2e07d37dd022e72ab04da76f51edaa13qk5rv,0,0.009310716763138771
13,372bf02911448b7f62cc861074a7ac81y0jsn,0,0.12603159248828888
13,3893d2c62d59c232112efd332bc342dap8b4j,0,0.4541694223880768
13,100d406b638e84e2da7c31b03100b874qiay2,0,0.7009047269821167
13,06ddad46112881df154e3bda0e90fe880r57n,1,0.8240082859992981
13,3e995d6f9dda5f29c02af4c9fcb94bac0csrw,0,0.7867688536643982
13,e932ef68638c37220f4c2c386cf54578x4hpn,0,0.41044238209724426
13,60edf674563f85b227898f6af0386476efy45,0,0.07809153199195862
13,24d4554556deeebf61510cf3e001edecu8hgj,0,0.02686420828104019
13,84560dfb1400fe920a29ca2c728acf1e25eli,0,0.003518875688314438
13,78e59e188d9780cb8988d574f692ed343s129,0,0.5877934098243713
13,7c0add0ef85bb5194e95ceaea737f90fyv13c,0,0.6158764362335205
13,781972f2af3af2abc492f9dbb0f6fceahnban,0,0.12447678297758102
13,9bd2d79f328a5afe815d5832e521aa9187q2j,0,0.7957452535629272
13,9197b6590c6dceabd88ec93157fcc31fgb8a4,0,0.5662792325019836
13,3c37de5e4321388ba706233d5ca4a0bfp7w67,0,0.009174847975373268
13,7188dec1b560385b0826f78e7608fdfeai9fm,0,0.06343526393175125
13,233e09e861813cd087e8937f32a29bccs7b3l,0,0.04457245022058487
13,225716d7bdf8f90cb4a4b779c663cea5j9sqp,0,0.004277588799595833
13,71c2561141c55414618d67d1a8aebac1n0fjx,0,0.01150814350694418
13,4579226b86f3ca5b5ea1597efabae4c42j4rw,0,0.36079472303390503
13,82ae4df0acf8237d7af1a790e3848645bp73e,0,0.7724370360374451
13,fa9cfea85e90bec313e512e9eeab2e869tvx8,0,0.5935795307159424
13,12c1b22ede3c23949bf130cc7bac6316ks7fj,0,0.48137420415878296
13,74429c9ce8183e2b1b89600e6de4ceea5kn1t,0,0.02688908763229847
13,3de66f8a5453943040d42e1e73f11eebll8h9,0,0.3765886127948761
13,82f1ba4809f4812629e9e53ea4c687d7begx4,0,0.0024978076107800007
13,c1d9c4c69367536d7b0ccac19527629f65025,0,0.15034839510917664
13,2e463fe6bc1616f8392f82c138a6a436mbtjx,0,0.849403440952301
13,ac2d643e0c0d3bfe8e54e5a961c6cfdb5xn9v,0,0.8019307851791382
13,c349d767ddda78ed58a3c5769e780598ar3ei,0,0.022393453866243362
13,7291b7fba1b597d66bb8efd45fd0d354q71ka,0,0.007795451208949089
13,88ebdac47cc2623888e0bcdfb35b692ejrbvv,0,0.7968248724937439
13,c8a99985c7bf230f475a8e9be6a17d7a08r3x,0,0.004228879697620869
13,a37b105534ddcabb169f6ae3ec928d85slw6z,0,0.11588631570339203
13,b6e52f37365cfeae9204a9f408b8c3a4idcs7,1,0.8944547176361084
13,459ea22b6b51936d0788de9f78a3547bf4jrw,0,0.3139928877353668
13,68546847f11f6415034b7e2263e8ece62p3ud,0,0.018839780241250992
13,2e33b1ee8a9d4a5cc5f886ca455e8f86kxu5r,0,0.6401446461677551
13,041d869edcadf595b90e3b5248903183pn754,1,0.8127129673957825
13,7ec5c7e2317a9b68e861060531588f76fpldj,0,0.005459090694785118
13,f430aac3f0f7f88a9b504bbb71322d54mct7s,0,0.0364508256316185
13,1c61726e316d5a16aaa80b429080c534u43s0,0,0.015583486296236515
13,28a0d5539562290a1a2f63d5b7230db090ys3,0,0.6989683508872986
13,64abb8a286b2be97349e8b17abcce6d9rygza,0,0.6063863039016724
13,2234754e09ba15519d0104c405326fc4igk0s,0,0.6657959222793579
13,f23ebc71f2d8d820db2bf0576ee7e148cxvkp,0,0.056247733533382416
13,83c9359ad94eab7f4b8fd582a6db4733frmsr,0,0.6805565357208252
13,6d501ebf066c0331853f1bee9754e781obu7z,0,0.016599396243691444
13,f5ab013f90cb8890d33c6a309798204155q15,0,0.30527928471565247
13,ee2caa714a2175abb13eb6ef15196368cwc7c,0,0.5513344407081604
13,c1850964c360c9159e5d1d0b6485e210s6uvc,0,0.4646490812301636
13,783d5c219ff84cc0517f59a39bb98e18st85m,0,0.27832019329071045
13,874402ea8b408a017756404006b12708d9s6u,0,0.5582154393196106
13,bb43fc12fbb0fd2b2536e4033ababf59exffy,0,0.006572955287992954
13,94c8c0f9c90820f28928caf5d122dabby69ts,0,0.008800316601991653
13,0e5ec5baf2e15afdbf5212d8461e1ad9h3kr0,0,0.5940862894058228
13,715ee2811c764d5c58aa228ee801e518gqvli,0,0.589296281337738
13,466ebf78d7326a38db1e19fdc1c70e9b1qu0z,0,0.008865072391927242
13,aa20f72aba9804a4922195f66a876688rugsd,0,0.7829124927520752
13,2271fe5b01f9b8f9d8409014ae4511524grmq,0,0.813399612903595
13,5053e03863b6887308c8446cefeec429l94tg,0,0.7707642316818237
13,8df5d645ed4040b857c121a4459b7976n5u3b,0,0.009484382346272469
13,8c412ae875b672f18073d643c74f9f0clzbyw,0,0.5889949202537537
13,faaa98763b59ed5f02836d4bd682035bfhujq,0,0.3203321695327759
13,c5c8a28a166913512f5bffa6a49788c5b0uaa,0,0.0015432884683832526
13,cb705744a588c18087921e74e68cfa10oev6i,0,0.7716355323791504
13,9adae18220565488f77036be41cf71beiepqk,0,0.795527994632721
13,ae29b39843141a73b39ada671ce6b6c0yxlb6,0,0.35377928614616394
13,16065749457a14b26998fefca503c3ecf9og8,0,0.44377776980400085
13,ecce760edfc6ec5cd5ddc7037c514dc3zod4i,0,0.7693116664886475
13,4d6fa52e125a18f433db6e6603b58ec7k1key,0,0.6818835735321045
13,4b9bf4cf1085e9d839e833e4b9d40f2a8ps14,0,0.5769258737564087
13,19b39b852ed4abf1ba5b095829e25b946aed1,1,0.9722689390182495
13,ac9bf3a07831666bde4fefb75c184adekbrl0,0,0.518688440322876
13,50859deae0e0a599efde1725cde3a8b8dw86a,0,0.009258927777409554
13,afdd5c7c912f9b6a88c0c2619d618124ycm44,0,0.040767502039670944
13,950aa0150f419cd6361bd3c500e6e695xfljo,0,0.7634810209274292
13,8c939b6713b7881538cb05eca89cfb1cw1lhm,0,0.5541890859603882
13,97db2350652f8d01237fc4c59a470eb81h9gs,0,0.3220354914665222
13,eaad20ae39d343daf76adc0b1a4984faumuzj,0,0.4827832579612732
13,227bc0936837200d0aaeb444ab8d5f1axs8zr,0,0.6283147931098938
13,e8581ec94cd4d5009ab6b36c6aca9f0cp3txb,0,0.5535259246826172
13,90fe8d6fc0bbe4ff2ca7833fe51bddbaaibof,0,0.7760925889015198
13,a8b8959fe64f490d32fc15a5d1144f87qj9ai,0,0.13636375963687897
13,cbe8d224a38ccff930674361b502e7beyuf1k,0,0.01664135605096817
13,3ce8aa0207022698b6d0eef09c89b381jzqi1,0,0.7256708145141602
13,e8291466de91b0eb4e1515143c7f74dexy2yr,0,0.8018706440925598
13,8ab98c1e6cbfb902af4e02050a886396a40bg,0,0.135122612118721
13,8b109c0aee5ed07fc996e73d28e65888o5jmc,0,0.03532464802265167
13,27ccc09ae923d1ca8ff7ab3242f279f7xuclq,0,0.012280931696295738
13,050a3b29ca1818e1f237df8132bc2013bcuxi,0,0.6224782466888428
13,6130cfe76ed3bd87c8f8dc6b2b2786dcp44xy,0,0.6288905739784241
13,d9dfeadc7e0e844ffea3cfc706daae5dt2hhg,0,0.5250653028488159
13,23bdbb8575f191b71853bf78d09e11a1lhnfn,0,0.6742628812789917
13,34914d163517a0cc4f0c971afb2352106vsvz,0,0.185543954372406
13,92a63dbb8323426833b944a4fc196fe27pzha,0,0.7433455586433411
13,e56f611f1157381f4b689ab34b574e791qhcn,1,0.8018782734870911
13,2dc309478d30d440e75c932b1f13a8fai2p2e,0,0.5620586276054382
13,ec6d3fbd8408ba43891370d4ffe41eabhnwbs,0,0.14260709285736084
13,6bdb40330295fb3abd4647808c319d29pb29n,1,0.814044177532196
13,1d4eaaacb6127c43c1c007331cac135bpib3m,0,0.4382682144641876
13,1275d8a6a3b2ae9d24b50997397c254cpuuzv,0,0.7539511919021606
13,679fe2a21415aa98a3cfb88abd0507edzjpsw,0,0.003932727500796318
13,fff2c070d8200e0a09150bd81452ce29ngcnv,0,0.02748035080730915
13,7f3516b1bd7e5571ab964ba0affe9302brn6q,0,0.00855485163629055
13,37ea72c53cc50112ced4f88810f1b38euoz4r,0,0.6392315030097961
13,de4388600d997803223748e48bfc7b16ggyrh,0,0.003940597642213106
13,7a0b445f462d05606bf6ea07e2ab96ec1a4kx,0,0.022080346941947937
13,cf06ff5f520b14d1f9f1cf5a7ff34982bj4md,0,0.007486017886549234
13,90953913d629a03e27590d0d0f64456601ktd,0,0.697696328163147
13,74582963d3774699f4215df7f2d17c1b6b4pn,0,0.48785510659217834
13,77b7daafef906aa3f941992bcf94dd69zxk2p,0,0.6579121947288513
13,6c6c3559c5f656c71348f7cadf29bb12okgl1,0,0.7008150815963745
13,17dbe14676cd3a3cb8a7edb438622f7fv2scv,0,0.29281944036483765
13,5c32e357936f8977277d9b23d8f09f34v41wt,0,0.002663523191586137
13,96dccfc370343f6871dc478d5b2fc3ffx95d3,0,0.7634046077728271
13,56b55e6ab49a4cbe7c76a2bbca804089pjq0g,0,0.7823882699012756
13,04636b6c61c80f5325efe61183e8edb01ko20,0,0.24380479753017426
13,74cf3a0c5e4f080415888bad2f7119499lh63,0,0.022717593237757683
13,bd7d5414174da6df4b018c21495e8a2cxiose,0,0.7627599239349365
13,8d500e174fc28d494482f8ccb9438608zd51s,0,0.028322800993919373
13,9e1f21ee1888368e77b539083f4b94ddv8mrl,0,0.008462865836918354
13,24db47d284a08aaf119eb3e0c45eb646i46j5,0,0.7126606106758118
13,b8da3e0dc73d1f453ecbe6ee4d4e8791pr8az,0,0.40624451637268066
13,0446457fc8e21596799158406f77b14catx8w,0,0.009000021032989025
13,219c6102f604c8ff0ead5d23375bb127del0d,0,0.6890263557434082
13,19033960ac23dffe078a1217788bc720jvjbz,0,0.0039806365966796875
13,21fd0c468438a483ad1c60cfd1b84b850iyjv,0,0.7417303919792175
13,99a3bacd3eb66c909a02b85402ac38dfskz65,0,0.4770258367061615
13,b5d61accc925a0e86ab7274e1ad82532gb1w6,0,0.0032989410683512688
13,916d2d806b772c9f227a9b3640e31469ljrxo,0,0.27756595611572266
13,4f7331589f84c6359bd693513bc9d7ddlitos,0,0.015325188636779785
13,6f6c9a1964fd4bbc082f2afdbf2d2af6ypdhn,0,0.02412806637585163
13,9e9047df09026ed5a5a3a86403811159u5yja,0,0.5891056060791016
13,21f5b103136104e4947e293983dbaa5b4tder,0,0.8017113208770752
13,fc16993f1fdbd5fa8f8ddd72b40442f0qwyo1,0,0.024045785889029503
13,a4e83190edb97fefdc4a6cbfd00f41fbm7c4o,1,0.7951106429100037
13,3d7bd741177a712ae0417bc4f4a37bcf9jo2a,0,0.005712698679417372
13,9a272c3baede0633bab0e15ff98d207e3ldpv,0,0.03764580190181732
13,25022fb30734c2e5044e031b0e9a4a9ct3354,0,0.49567678570747375
13,fdf0eb91ae1ecea1f6902676f47c32c454yzr,0,0.0061725592240691185
13,5f529b5ee68b60482c5d0c56ee91f3c2cjrmx,1,0.7819428443908691
13,0f4669e36b2e721dfe27f8633b277a1575erw,0,0.011364408768713474
13,f4189a40cc622eaef015a19d75d9fe21mylhz,0,0.055572185665369034
13,e18ddfca4efb99a785c68ede9ef773ea8sfmz,0,0.06070535629987717
13,ef65488c949595d7885525ccfab9100c6cmqb,0,0.737826943397522
13,354d4abc23881a40b8f119225e0dbd09tk1u3,0,0.5163741707801819
13,4de568a9b480f0dcd3f2ac385121d75bbpy82,0,0.0007151011959649622
13,69333c66e55cdd6cabcc6ae64531fc33w20n4,0,0.023070158436894417
13,b1ae4691fefd3d09d74096ec4caaa6d1v6tbw,0,0.3565472364425659
13,0ad17aa9111f657d71cd3005599afc24fd44y,1,0.8014187812805176
13,37d71b4ae830fcfa6f0c4f65ec386414n8h5l,0,0.0693192109465599
13,4566ae63ee93ffc6b000b5cbea7f6a8ehbg00,0,0.6386909484863281
13,1870650d20a97db60ce4133bb9352b69h9phj,0,0.6995847225189209
13,b217ca4cdea62a3977481e398d2cc9bd4sxht,0,0.2756786644458771
13,6ed19e45dc118b78a78f25649aaaddbeef7e4,0,0.3282034397125244
13,5f56908449455ee9670c7947614f7b4bxak3c,0,0.7282801270484924
13,205a011640002932a7bedbb93d81b68b8m93b,0,0.40677741169929504
13,424b638423f4862b2a84f22ec25fa22eb2c8p,0,0.03257676586508751
13,6b1666662837213ce77c329d8cb2a842epaeh,0,0.6129993796348572
13,12fefd74d82d90541872847f199f6324cowi5,0,0.6850669980049133
13,e29ae1bd8e6e7dfc9cb43b1572d3d55ca0hc1,0,0.8356196880340576
13,ba258a455ca17f2c13cab3d0afc7de0b48h0t,0,0.7253263592720032
13,df12e679581fb2054907dae75c9c78ee9kzzv,0,0.00792474951595068
13,4070f6ad5da385ba11cc99183817eb20h69v1,0,0.6752317547798157
13,f6485cac867e1e7d2d991838551b4c4bfnarv,0,0.7276359796524048
13,2baa5a9ec317cb21a11d83f6dc72a2d6xy9jb,0,0.2759803235530853
13,d2b8a15ae403dabc5aa752b205181dbe1lm57,0,0.6809784173965454
13,f939c17ffc7c39ac9b35b69e5e75179fv9pe2,0,0.0357581228017807
13,84a769adc98498f52debfe57b93a0789556f4,0,0.006968209054321051
14,91a3c57b13234af24875c56fb7e2b2f4rb56a,0,0.3781921863555908
14,6e4d22dbabcf2eaae5689c7d155e1c1fev15l,0,0.0002314404700882733
14,95fede5853bfffda8f50f6af494ff1d1hsgie,0,0.000983431120403111
14,d36857d18a397e7e24d05dcbef3b919ftjstv,0,0.22300410270690918
14,c62bac5be6489bc0e0a7834a11167171c8ww3,0,0.7907699942588806
14,848d3eaa622b26fe57d352eedd9649f4v6obv,0,0.0002696891315281391
14,64a39f766b2e9d9471b104f0d0289740a9kdq,0,0.00006290935561992228
14,e3ccc9bd16fa1f4a92fe87b4a54e5e72uficw,0,0.6537124514579773
14,d738b259ec6e6af625d1f41abcfd63e9e53tx,0,0.5131888389587402
14,4dd2a50e589cde2802c4bab143dea61ak517w,0,8.128653462335933e-6
14,19815d9bcdc74c3ddfb9ff210c1739f3tup3i,0,0.39383813738822937
14,bd586db332285f3c45814fbb8f638d79d26u7,0,0.4366554915904999
14,a3c2ba79963b637f15086e6255a46253lwpnb,0,0.0334925577044487
14,6394edfbd35aab54801518835e33ed50hcr5f,0,0.0003935196727979928
14,c5babbaace35399cf51a9356bbc22733xpi5h,0,0.04447429999709129
14,bd2cf3a868d168425cf1bde7c49d40b9jq0xu,0,0.012455047108232975
14,001068c415025a009fee375a12cff4fcnht8y,0,0.0007833130657672882
14,9df0b0e5ca66460495931376045feb5fu4y7b,0,0.02881927415728569
14,d9c6b6d7290e4475bcd6d264fb33a706fqtvc,0,0.6539900302886963
14,1ae57d217b27820cabf6e24b721bfb38s6ja0,0,0.002972586778923869
14,d27221cf2bfaf0fa7a60ffd3e1e3a53efagvp,0,0.5979824662208557
14,915ccac760c7359a446100fd1a54bbf6oyrzf,0,0.6884391903877258
14,60b8145bcfed7a5f2a23b596a8aff99cdzn4m,0,0.5667656064033508
14,9baf61c813f1d4a09e3c70f6dc741f34voe3n,0,0.00010966836998704821
14,226017dcd6506ce20886540ff734210d8hib1,0,0.3285413384437561
14,ae94687eaad6b410713db9106c42566axgn9n,0,0.6459709405899048
14,367edc726ba8e667973844395493559dtf2o3,0,0.6571674346923828
14,91d9b706f63537c5fc0027c50b0e3b06qpdgz,0,0.10754219442605972
14,74ecf5f9adfa4dcca4dcf020209db81arynmk,0,0.00989275611937046
14,fae963b2adbefc663692d7feddb50d5dxz1hn,0,0.000024161572582670487
14,090c77ac89c7063f0d0ce064ce3cb3afllf5h,0,0.002408456988632679
14,f80075873f7183a03b1b10ac3f740032v6w99,0,0.5864390134811401
14,2c31770e98fc9fc7e0f1fee6207b5600c0e10,0,0.6948670148849487
14,de9f5df5962dc171c7d82ab503c36dbfwicon,0,0.5161295533180237
14,a94c16f8a98e493e2b4390b1975e690dv8cmu,0,0.0296927522867918
14,2515c5fd81638d5d0bca39a2b2be3995tante,0,0.38604193925857544
14,c48fd9c589f273945bad5f0cea5993ba2fet4,0,0.5776032209396362
14,7f807b2eb6c391d55e67bcdf7e1cbb3fhylw0,0,0.6297171115875244
14,068450aafae2a6e390e35925d964290cdliqf,0,0.000021473559172591195
14,eaac863aaf84acb7529462118e7953c3oeky6,0,1.5698967672506114e-6
14,88103add66b7113729a9ca82540684c9il94h,0,0.0004441851342562586
14,8b4071f3e2702b88481054081363bc15her3f,0,0.0006714160554111004
14,3a5420301c0dacbc5675f6f09aac0143tuodl,0,0.7015972137451172
14,dd055846eb553ab8e953b084f2048d53bdqec,0,0.6853917837142944
14,2918b09c1ed9e9e8602f85175b266aeej5v6w,0,0.6064150333404541
14,124727083cd4159b40ff8d4b36a89340l6fga,0,0.0013761845184490085
14,4679df74080bc22e29676bddc5bcbf51gsyds,0,0.003630099119618535
14,01a39439e7afbdcfe385eedbddb23d76zgdrg,0,0.37222135066986084
14,7dc423d0bbfd840fa0bf75203cd7bcee75kmh,0,0.1496157944202423
14,024937af9ea18a2b57e4f08762d181f7s8a3z,0,8.522327334503643e-6
14,c600968815fc32b20e0519ecfce5b648en2wo,1,0.5934205055236816
14,245b584befa6a5b8c759491f5f3db580p2m5v,0,0.03792726248502731
14,aa8aeba2bdd0353a108b9b26f12ed59559mvz,0,0.0948568657040596
14,6aeab198df208f8628825f7eb3ec3701p2ybk,0,0.39284777641296387
14,5a2aa4e8c227de4db26547fdc1f017cbxb62j,0,0.30554652214050293
14,5850b68151cf0760e94acb39c4dfa02026k4u,0,0.19300402700901031
14,f876e3be4038da62f49234ee498feb732gdcl,0,5.8383420764585026e-6
14,205c519be884c5b1c885f61c4ba8738a737qg,0,0.6008041501045227
14,e0824707d4a78230ae54209a920bc3e3pzdpp,0,0.16678611934185028
14,e959a3ae64e28a7d3b37934c0d826867o3sp6,0,0.012328386306762695
14,7b93ccc9d5730b561ec5fa7f4bd48c04qudf1,0,0.7487977743148804
14,791031a63c9e2b4835caa9a4cc1768baias2l,0,0.03704673424363136
14,dfa45994c8471762d04deb23c6450598byp8y,0,0.5033500790596008
14,a539fbaf8b29613ff0e4f3e5831aa7a5p2cva,0,0.00012838725524488837
14,d3c80e9f6b8e1d774679fd8dd5aae611e3qls,0,0.3945039212703705
14,1b0534afb7c02bb023bd4767ae73f17dqzqdu,0,0.6781671047210693
14,f93a998dc10a4c98f65c6b86fdff651d5i4qh,0,0.00003471335003268905
14,fb5a19240e36ae12aaccc1e9d9231144l32hv,0,6.076005320210243e-6
14,8c4b0d95ba36c0ba2a52f9043c62fccev75uu,0,0.38209736347198486
14,27cc072f1432f7aec4b7e17cf2e473f2x3bjg,0,0.48169368505477905
14,44c75302aa4404e23781f8337cddf6ed5tqun,0,0.003319437149912119
14,22401c4dc0cb1e5d52da01ebb8b2839cdoauo,0,0.21567456424236298
14,640f41f27c03aca0c45775eb918b666cnjsqv,0,0.0030583122279495
14,3c0026d48f3d6e10cef6cdb1f708793ccwkhr,0,0.008398840203881264
14,dcd54d7afa6820e3f00e1c9e83aecc7b4f3lw,0,0.4691410958766937
14,6ed7b95dcea7b359248e9efce91cbb11lm7hf,0,0.40680670738220215
14,5c28b04424e96267711d5af2db62e022tp36c,0,0.7097430229187012
14,9819825acfa7e20c47a78bda5e76b195jh0gd,0,0.4917103350162506
14,db80f065a93cc6b41d12af614bc3ec11kpwjp,0,0.000015188708857749589
14,b2d3db61ddb119aa4e5f43e1bf72e349xr5tp,0,0.5495303869247437
14,2e1eb5b56591662fd7ecd7b39621bbcfgd1ks,0,0.00011407724377932027
14,4f891171f7b09f54d8b4f30b48421f178m75r,0,0.583869218826294
14,3961434cea4339f0049798fab2bc73aekuxjv,0,0.000026236088160658255
14,e1fb642deec7b382433de94983d97681o14ko,0,0.61932772397995
14,8fe6da2176541d0ce24574dbb60f9107oq1kn,0,0.433465838432312
14,f04748a1437347d837a65ce04ee7d94enqhub,0,0.6434818506240845
14,3835e3bbf9a17a33867860a9ba19621dp4wdc,0,0.4580613672733307
14,c871daa6b709e008825b667b05efddca04jbe,0,0.000023834880266804248
14,2a5726bd00709641cc54a8ab5422cde3uchoe,0,0.05961550772190094
14,c6f07c222aa3a9d35b0e01f8959ffd21oownr,0,0.047743842005729675
14,584d1d60d357a4ee1fd3b0a6a72de1dc4rodn,0,0.0003735701320692897
14,d63671871e4010e904b9419e48781565weafn,0,0.721125066280365
14,e0e5719b5d763eb4e04c7f6e4e32884cmlpj7,0,0.0019124391255900264
14,9211adb9cc770c78a70b55441acd146bfxnz2,0,0.46322333812713623
14,e69dc706f159ef6e26df0d88388bc5edlymly,0,0.14631716907024384
14,9774dc752f855f07b9c00eb7018b607c0ymxo,0,0.1905633956193924
14,a664b6b42fd48403fbd34800063fa50bz6k4m,1,0.5135118961334229
14,0870fb7e5701f3ba56762b03e157afdc1yw7u,0,0.6228100061416626
14,96caf14832aa8be04d98aa481b320392kb2gc,0,0.4691212773323059
14,61101089c1b34f409fc9b836a7f9cd163y22l,0,0.000024347165890503675
14,a3910fbd35b7a0c383c9805eafda616fra4xo,0,0.00006201990618137643
14,ce22684df495e376e32ac95d3ceb1164t37l2,0,1.7133722849393962e-6
14,37ebf34eaeb8a434976416c34ed5c6d8ywyoj,0,0.14089544117450714
14,445305769cbfccafc89ff5ebd004598einesy,0,0.698771059513092
14,2794512e8edad5f99d28c33c7560fccb9zl8i,0,0.04219689220190048
14,40ef6a4a0c99b478fee1c93f4105b9d9mh9iv,0,8.213529326894786e-6
14,2d6a70a8341ea0fbe4c8537ffbce919etg4x0,0,0.000063940322434064
14,88bf2c0f5460e28deb5eca2ef8e5e809ol5ru,0,0.6011214852333069
14,0853bead89b03dd38a04d84f4312da7dukglz,0,0.000287337985355407
14,40efc98d259ee36a8c2a387ba49f39d0fa39h,0,0.6366806626319885
14,e4a9bdad09ebc5d5a264723855fcaaad6q52x,0,0.6728475689888
14,b4550ab1da3a3ed6e4a206c9ef78d496q23hb,0,0.6308637857437134
14,222a0e05442fec0af2d20ebdcafe4b28c2pi4,0,0.22482261061668396
14,2797fe80977297483e724b8390161c937dh4g,0,0.2695939242839813
14,1e0b1a6ea8d307cb61e221723534c4dclf9w1,0,0.4337926208972931
14,34a7ce35b13775be4e20930ba2788a3ebu5n0,0,0.00017887199646793306
14,05a07a27e235d01fe480ea6ac73b8838jq28x,0,0.3989369571208954
14,7a71e329f3f2da98a3f82e7bfcb705a0t5822,0,0.0020991775672882795
14,6db047b1bdd342c09ecf9f5eecccaa4fy5l0q,0,0.6495395302772522
14,f211ff014ed43c9054916f97d6187108mpxr6,0,0.683354914188385
14,c97dda0fd2de7d82d3a52eb6c0788062h3tq6,0,0.002681667683646083
14,bba40511c6e56070602e8dde4229ff923zbuq,0,0.269866406917572
14,8783939eb63e5eb4e5cd412d8480f3955ipxu,0,0.5819459557533264
14,cbe756ce81f5c420a1f7079791ed9aa2js2u7,0,0.001453083474189043
14,0daf4f87eb695e2a84e4156154209e09k6ga5,0,0.000017298272723564878
14,e0a87bc26e13c599894d7a5103fdca786tfat,0,0.3008851408958435
14,9f7e3e648ea8e6815c6e7caf59412e843iqbz,0,0.00010716147517086938
14,8ea020a1fdccfd726f74ed7e90dc3400zy9iy,0,0.012792181223630905
14,99bfa04865566ca88573ebfd3c7fb1f2c64cr,0,0.14743463695049286
14,b9743f78108aefe3995e1c2291b5f3278cgpk,0,0.03284970298409462
14,7daf0e51b276c6ab5bd2ccf520dae106graj8,0,0.00019128753046970814
14,676ad0665c9bf74329ddc1f70ea48c16stnux,0,0.5073078870773315
14,8ec9269ed4f5aef4584d887dfd9e595aaynzb,0,4.605064063412101e-8
14,d4d4b36ea722e5b939e51e34953004c4t671f,0,0.4619763493537903
14,fd1299f1343236dea07bd0ba5f8ca220csnv8,0,0.329039067029953
14,0fa357965f89388d8e7eb8cbc3b85c6bnnro4,0,0.37780165672302246
14,54e279a4e162af7fc55d640aa62d0cbc9hxil,0,0.7088871002197266
14,452619e019e5651a8d98e3d59a478b7fez5e0,0,0.018920855596661568
14,cf4eb0f68d47e6d4b92befd0b8fff39a098cd,0,0.007080419920384884
14,9af8e7dbdc3c620c8144d736242b3bd2fdbpx,0,0.6162928938865662
14,8bf07d8631a2808f2c869e27afad2d41swgkd,1,0.7148808836936951
14,6e18a078182a21b8522bb69a822cc338in7rn,0,0.4899710416793823
14,e2a61feee7f94b49d7de1ac6efb237c0fjt1z,0,2.4375940483878367e-6
14,1717f6d4c48ae8d3e5f2566d4bb525f854j6d,0,0.020987752825021744
14,1e050a096927d5b34f4a85d3af28d30eybsaz,0,0.9441112875938416
14,33189c09ca7067834fd25a54920f82d4nd7a4,1,0.017248498275876045
14,557f06b312e040ed3cd7dd2a011cb83avyut1,0,0.7278304100036621
14,d4be674fce23aae81c4cb946d4fff8671gxtu,0,0.38990506529808044
14,ef905e4d866c43dbc345751e7fabe5a568kjs,0,0.03769626095890999
14,1bb03cdb913f203f704caf8bf6840b6fbpigb,0,0.5654035210609436
14,ae6758a627a111f6d6b530b0154c429566o4k,1,0.6198322772979736
14,3bc8edfa1995a99110b957ee98fb5c76nkl7t,0,0.6553806066513062
14,4f07602a713c192a941204b27e2abcf1srnke,0,0.27596840262413025
14,e2e14e8e15204b504b146d17a2bed925qg3u2,0,0.00012433201482053846
14,d1780c224460a0c20d5c2f5f68714c5264xd0,0,0.27728673815727234
14,0cbd01c9e8cc800aabd3b3e4c618f9caktfgp,0,0.6299839615821838
14,86a3a9861ed45158e964f9d004a224b3324cl,0,0.41730430722236633
14,58c3300ea9095cf5e59e27abf2a905ce7tl6p,0,0.0410764217376709
14,c41f5fb84d9f9e2456a5264c79919569vrhau,0,0.4893082082271576
14,b2a19e17e1b9e0bca8e4563efbff5fed7v9xe,0,0.016001757234334946
14,8d49c8e70bf96a255baf30acc76a3f59b394w,0,0.487607479095459
14,147164a9fe8a6bce381a224e9f13207cc1mdg,0,0.0018266793340444565
14,98a5197faba8ba72d6ee9e1c95d65d737sigb,0,0.3630409240722656
14,cb6ea552ab5b90e2d0572148426ca275d1zzj,0,0.000029892858947278
14,0a43de0ab0a7525fec59ef4bc1dda7a2z9z69,0,0.5843348503112793
14,13dfda714fb516e1f9f7abb0c927bdc2zmw55,0,0.02408711239695549
14,2b044b4b7949b96e38084e59b5d1d328jib5o,0,0.671111524105072
14,9b733fcc97535e27037c231858a711adyzvqf,0,0.0007934810710139573
14,9db7471a12cc3b8fa3cba86bc00abde2t2wz5,0,0.02762291207909584
14,c59f4511da2e8dfbf02668a49bc391895wk3u,0,0.002186645520851016
14,6a1d4042a5f3a3f34f5b3ea753ecce30l0qj1,0,0.6789076924324036
14,7c08de9de285265b2c34970139331f9fnr9ad,0,0.5415030121803284
14,f019bd7ec140624144c4a9b40c42bec9jok79,0,0.5944289565086365
14,497b8beb19a7f674bc53acf7f5c7ec8cxv68x,0,0.09162936359643936
14,669c6a0e8aabbf0647e8ee6e150c47b18a4pu,1,0.6879647374153137
14,a2933e33896035761240ef5a62477779jf7ny,0,0.6052742004394531
14,6be863f26f22cd79be272789ac7e9153v27yt,0,0.370479017496109
14,5dd3494b46f39f8c8783c25527b64dd8hp8ti,0,0.0010510394349694252
14,aea096a392f55d95c3e45251931e9755a9t3o,0,0.6965188384056091
14,05ae7ea9549ae298bbbc8002b4229392e0ilf,0,0.00011712097330018878
14,a5fb60c136b7e0a6d0d6e27cadb2a797225r6,0,0.4125217795372009
14,85ac49e7f93bf0e20323de78362bb4aadnwia,0,0.4722460210323334
14,b34fe965c04012fd22123ed948257184pqvfg,1,0.3021390438079834
14,0bf6e0e5184b3599bbb4ba1fb3a43549ije34,0,0.0002702798810787499
14,76d4a0147a60d871867f00adf45cb792w9c6n,0,0.6530100107192993
14,2fc0efdb6ff10d51e3a4d979ee52cf07p4068,0,0.6507241129875183
14,877d96d9abeb73e437a8ebd74abbbf45p8s80,0,0.3380369544029236
14,4444bfb455b90711234e0c25345abbaddrt0x,0,0.27728673815727234
14,70daecd44c89c37525aa2ca294378ead4dggh,0,0.5263310670852661
14,39a5a16e5a67c2fb51789cea4d3091f0mv996,0,0.5645816326141357
14,fe6ed3a12fbbf5da4980337564361710v2y21,0,0.7448052167892456
14,78a444127a896122678835e12ef507deh01hn,0,0.23887407779693604
14,14d4e04d7ed150613974438a4dfd4e85dybq3,0,0.637108325958252
14,fec57d2db5692eb144a71aaa35a11b58delkw,0,0.003452477976679802
14,1afac423a94778ddf9b6c1dc0df7105cgp1tp,0,0.00002115091228915844
14,c9f94611f4c9afd3a3153da9654e7310jr201,0,0.07344981282949448
14,8bbb16c0a1bb808389051c875ebab1cea0v56,0,0.13785946369171143
14,f12120e467869d3d5dbf7c7d0566a8e7bmmhk,0,0.0010674766963347793
14,4ac31aea605d17045ceedbce23eed239omved,0,6.034059424564475e-6
14,1a9765ed302d0f91b512c23112066e41s755q,0,0.0009445591713301837
14,93ab2dedd76c1859885cf724ebcd987c9ngfi,0,0.3064563274383545
14,01cda526658455000913950f20cf31a2q6nsf,0,0.4642261862754822
14,fe6adfbbb2fc1ec0c3edf6677204bcb245uf2,0,0.3070453405380249
14,36e2e2f32a3872d3e958c0a58ee79bd129xdy,0,0.3881230056285858
14,361c6da33ccd1c0df152fd932e6fb2a69i4ux,0,0.000027825373763334937
14,332484ddd66b9a3db89ee68f08b1288amq90u,0,0.3574637770652771
14,6a2c4aeaa17c2fcf20958803a674f101vlxw1,0,0.3172551989555359
14,28b4c35bd90c81ca959da328806469d493mvj,0,0.00020265395869500935
14,716079d1913959ccae0307f760bcddddt6d4o,0,0.000050884878874057904
14,4992da4511c3c1b4efed3e16c7d8dec65ilfj,0,0.9413391947746277
14,519c0f3b989c8e1781e0910f685980ce15wzr,0,0.00010634000500431284
14,e735a2301a18772a8276aa1f17ef79efu4yew,0,0.30125942826271057
14,85d020b5f3d99d1272efa0a0d34c56a5dtvxb,0,0.9382610321044922
14,ed4802c318a7e04a5703ed115fe4f3a3kkugq,0,0.4107683598995209
14,c6453f296ce36005d7e7e67e159e1b7cdbmus,0,0.015371987596154213
14,1df1dab2eb718c3da3f9a0aa90b93651sxqzo,0,0.00027849257458001375
14,f9378eb3e522beef7e6a4e1f275bbe0eaboro,0,0.27728673815727234
14,649b364bc466208e559858f0677b421dbnalw,0,0.539200484752655
14,b8d88a1167ab74ba64fd6d9c83308a6d4oa6v,0,0.6552786231040955
14,8cb96eaadc11cf4f914bad84518632e7czdyl,0,0.7111622095108032
14,384ba7c5a8ccf55d174080d9ad7de9b8mfysi,0,0.6750749349594116
14,d8a4b49ed9ca241f025cdbd9637198fb71qmz,0,0.5365282297134399
14,2b13a870a46975494b749feea0c5c7ed170ll,0,0.6651642918586731
14,1aa485901ede7baf78ea116e297e9d7f9en6i,1,0.7136356234550476
14,4ed4760782d4e2c65bee8cadc1fcdc89htz8b,0,0.35324186086654663
14,91c749114e26abdb9a4536169f9b4580huern,1,0.000032257114071398973
14,ba266f4898bf572447ad65856b362595yjt2a,0,0.636082112789154
14,2daa71f0d138b8c2d61583d3b98a25e1mjp9c,0,0.00010150750313187018
14,c900620a019e78a3eee44109e4d1e1d2xd2gj,0,0.000045800577936461195
14,53f61a2f33e8b07e49da643af49884782vzdu,0,0.00002543909431551583
14,8c33cf751b05ca6a9d886a379a84a2ees9jlu,1,0.7232377529144287
14,3694aa599f836a57b671ee0814b071775i1nf,0,0.6267638206481934
14,a447127835855849fa2ee496d05e0847fgt68,0,0.5985636115074158
14,5ccc30558d4c218cbb4d36872fb82a03rjxgz,0,0.06034548953175545
14,c503bb79d4f3522f51d348c680906c1bs0w7z,0,0.1540527641773224
14,5e945cce4e72950e0930b2700e77fc8eq2abo,0,0.22074326872825623
14,2b4b36fd77eaeabbdad8fac68b17ece5ey04u,0,0.00029139561229385436
14,d127576e329604b576df0a3248cdcda3279td,0,0.6998686790466309
14,c5863a228287327c9980d12a632985da9vi29,0,0.5624287724494934
14,06c281e31f83dcfd3fe70d2ee2d66bc7e6fw6,0,0.0000371986607206054
14,db85fb5556f17b744938cdcc2e7ce9b5urspd,1,0.6403564214706421
14,afb1d898d15663a9477870391cf39b697gso2,0,0.0425846129655838
14,d79919e5ba11f26bce5e70f0a4f859e3e4q9y,0,0.6814616918563843
14,c0b7161a67a0aae21788103c08eba7e9z8e8k,0,0.0662284567952156
14,0496c24a6a7f593f28bf7896350e946advl6i,0,0.18498103320598602
14,900284c412387e0bb2dc2aa5ce42dbb9th70g,0,0.0003733431512955576
14,30788b28de22d28938ecd7ed6795a8b022qm7,0,0.00036414197529666126
14,b7515e5f181a6d4884674897226cfe9cpd6d6,0,0.055233925580978394
14,c6fcf1f7b824c864d492c4cd676cd702owsuv,0,0.23012018203735352
14,fc870f3872dd5e36e4dfc4ccde28cc930tify,0,0.23300963640213013
14,e587d92842526255c86d3b0d425747ecib83l,0,0.6946491003036499
14,aaa8650a6e0997e90e4b6a9fc2ddf555m5c1g,0,0.4813891351222992
14,e0984156959c3e7cd05b7ec8ae239303inqlo,0,0.24764606356620789
14,83e8aa6cb15daa745c75ba3c29a2f646zjw33,0,0.5449227094650269
14,70cc5da141baac4712163f5cd4bd4a50za0n9,0,0.5389509797096252
14,4cd52ae88da3e30dbe01da5048151c98p4f0v,0,0.0006827926845289767
14,21114d057c297080f0f882420d2436b5mmukc,0,0.00023842370137572289
14,ca28bff4ab1f6e74bf08b92e16989e11vn2mf,0,0.19194918870925903
14,17c59325ec223c94dcb301a7451c39871vxq3,0,0.4179344177246094
14,8a3f5e16e4e689897d872716efeeaa0904tyl,0,0.046523697674274445
14,5097b3a4011380b5d9447e1a7a20b1a556yzj,0,0.4554038941860199
14,9ab00034c9b00521ce121adb5dd4aa15tlhc4,0,0.45095881819725037
14,5de403f3d49221bfa7116570a4d572d8m19sh,0,0.0009188380790874362
14,f725c5b4cece8353da7a636fcba0ecb5yxshd,0,0.4567999243736267
14,f8e90361c36eb3f6fbd485748e731fb7w2ci4,0,0.23181377351284027
14,2eb8a353db13e68388f544daa2e28359oenbs,0,0.6479149460792542
14,308a5541e1206e126ef80f18cc29b7017520l,0,0.005538775119930506
14,722d1147768bdb5918584997e1f677e55g0nv,0,0.13828213512897491
14,cab7ecf98fd0489389a3a8d3961defb3k66og,0,0.008089080452919006
14,14e29ea004067aace14ee4543876a06365os8,0,0.000629924819804728
14,d5b75c812d172da1ecb3164a1cfb7527688gb,0,0.02230079472064972
14,3ecced86078287dbd2eac2cfac98367fbbelu,0,0.005084635224193335
14,c41ea39b2e13b0fc9ccccc2546f924f1obd0w,0,0.48624131083488464
14,782557b3ec17063f2a36fc9193ed3200h14me,0,0.5464256405830383
14,54957cfd12ec8c64918b6200ea25d27fsc9hx,0,0.41769760847091675
14,e783e5f6b818d18eda4065282022ac23jd1fw,0,0.11897638440132141
14,462df7ecf1d47980dea6a93d44fb408d4u2d5,0,0.6344723701477051
14,74487d5ffd5c34de4fecaf9dcb66f86b0wwa2,0,0.48786190152168274
14,97f541ffdcbd1ee34610e3099c5df42acfvcd,0,0.5974847078323364
14,2d2839fa92d1c8e94bdeb1fbb9e62149x6xc5,1,0.7024179697036743
14,76f7e6c70f2b84d885b23e2b2831e113ueqo2,0,0.1401621699333191
14,10f01aff2fc23653ca7ea1d74248357a889wv,0,0.23296089470386505
14,8a27b2e29086c0d2e589053537e88393zsyr2,0,0.001383593655191362
14,88641b0f22cf175876bfc4adc44c00f58b5rz,0,0.00004338167127571069
14,eeda0d135495167db9425fc5fa3a5e3ex2zel,0,0.00030959583818912506
14,37bf6f23b628a3e2b5b22ba81beccbef0efoh,0,0.693352460861206
14,d4b2fd8f5e8e02b660e9803cbcfa6cf2t5szq,0,0.6924810409545898
14,1689122c3b25d9e7adc626de84c10006fr2n5,0,0.20340915024280548
14,9a44bfde11a7b6ade17cd33a2b5102fcnlhm7,0,0.5067734122276306
14,9be39ea5a0612fae7bc43a25a6d10856l3qaj,1,0.6308711767196655
14,340d7ea497f16bdb912ec5c6ce467f71kk7hy,1,0.5982866883277893
14,074daf9a99b01591cb0637cb95c32600roriz,0,0.6064463257789612
14,63424f85cf53557fdb5dfc6a280af75epl45b,0,0.00010244462464470416
14,8c09f4afd78059d9200cddc435f5c48ceph11,0,0.3947894871234894
14,5e5d3410ca3605694b3c75b2274efd44c9vru,0,0.0006332717603072524
14,817f8074bad1c717afaa8d1696f9b2b00muzw,0,0.00007891949644545093
14,3c77ec9f79f6febf630325ef84f2a0bcl3qg1,0,0.13292938470840454
14,953e01bab9ac8786b4bfc77d183732bbqw6ng,0,0.33794230222702026
14,c8cf68aa6abce25325dfdad4a98fd890ap57f,0,0.27728673815727234
14,820dc943d26965d377be315497837bba5iz67,0,0.17079393565654755
14,a4475cf8808f8951dd5163ded3ee8032g9vxd,0,0.27728673815727234
14,9655ccc7c0c193f1549475f02c54dce45kjw7,1,0.7319605946540833
14,f428427d7227ddcda377cd00f07749576c6b3,0,0.0002538948319852352
14,026819504b59bc4eefb9963d5fe4271aql15u,0,0.04073445126414299
14,936a335eab4643c3529968a4d9b0c380esi7q,0,0.22256584465503693
14,162886daa0054ff1ad422e0f18cddff3qofft,0,0.5283248424530029
14,603d769a86a359a0d41118b47c0ab41fx7kz5,0,0.3114279806613922
14,e241b80fc1b431397ba6c70f2fb8ccb72wbra,0,0.027277585119009018
14,a6f994251abda6687ada2e9de52bddb5cisa7,0,0.22625288367271423
14,c4294be0db6b5c9357ae5e2e7fc8da9489qpc,0,0.00003300746902823448
14,f268f61e075419e5a001b86ee78557e2kmg14,0,0.00011124340380774811
14,874f882f7efff96263e9b555415aac36dsxry,0,0.36139869689941406
14,9f9dd5c179d357b53f145ae1e5cc941f5qfuy,0,0.00011769531556637958
14,6da536112251f09a006b0c5223f154d46en4j,0,0.10246475040912628
14,4950352b0410495ef65a92b08b5be463c20yn,0,0.010709832422435284
14,01c1c7be49cd6cfbb9075925a05c9899p41va,0,0.00006550260877702385
14,e50426efab1e9d60b8f7258130f8791czrpvg,0,0.00668466417118907
14,b0014101fe1b510ea150c149145dbced3q3md,0,0.00007368501246673986
14,eb27d8daded752fc0d1c828867b0f118cswwq,0,0.000012942709872731939
14,0f8cb1baa83fefac10f885f79149bf13kn4nw,0,0.6695230603218079
14,332ef2c7189603a497fc89345ee4f5605i5xw,0,0.014344018884003162
14,572c9964ca41ed055830845993fdab29p4f03,0,0.5352342128753662
14,aa75d58c3e1207618d47c72ffb19c872bolg8,0,0.1732449233531952
14,167008af05d4feaa636a565f6f83ec61a6ogj,0,0.17389829456806183
14,32d2ce86b00693f0c26314e3cce2438dvxbt3,0,0.0013424730859696865
14,da950a556200395a82e23e3bbfe1abb6xs258,0,0.3406091034412384
14,04c6b750b0552089c87ae03de72289cfcpfmh,0,0.14889156818389893
14,af50d549e86276f034e52037722dd5aetouu2,0,0.16904686391353607
14,167b4f37a264b72feb0f559b650d1cbd3ox60,0,0.5027999877929688
14,8152c94b639be88e7076f0e32bd70e0eg004b,0,0.6852703094482422
14,40fafe756c4695b32df7d19d4c710dabvzr79,0,0.27728673815727234
14,55abcd1b00c6b5b54633fc7e98f0110bwoy3v,0,0.6291400790214539
14,ff3ae9450581aa3de5d2326f70e39d20w8fbl,0,0.023743901401758194
14,76ed824b414b5e690ff82e7cd2f5be52256my,0,0.6636126041412354
14,e59ca537cb8df3053bdd555bc987b4a7c7m4e,0,0.020132075995206833
14,76f17ce227e593aeff456fed46e36c83a3j72,0,0.7173807621002197
14,64f6b099082e4fb2e8da7ba4ae9abdead2cej,0,5.735605554946233e-7
14,429b876aa7e2d6741ddf322685363ccchue2v,0,0.12913815677165985
14,b1863365ae232a316eb946ba56a29415m0gdz,1,0.7005008459091187
14,036a4050a5dd65e70f0f613ec2e38a74re026,0,0.00003717135405167937
14,628156f3bce703aa6bd275089c6c692499h1q,0,0.5996860861778259
14,470727c18798cf0e0ecc2a0dca207cafuena7,0,0.002687272150069475
14,308def7f05575db9bcb6a67207d6c1beb2cqt,0,0.38952139019966125
14,0f33df2513a519a35c8b3dcf1d7c7416jjjzk,0,0.6281076073646545
14,762046a235e00ec6521ba71aaa1450c28ijkz,0,0.3220219612121582
14,ae9e482a7f4a625a878c6ee0eb4dcd01dkm6d,0,0.42893701791763306
14,535ed161b4c9960a71ccd53128df4766ddyq6,1,0.004172520246356726
14,3ef2325f8b68e1c030547a2a54ea6b98zwa2w,0,0.001358811859972775
14,a6230fdfd4879433e36a76d53440f426c7a7a,0,0.5045801997184753
14,6c8ffec692e88d81e1b18d47818abb04v6llr,0,0.7371662259101868
14,c780bc2dc7ab83d5e5c85dd13f0f7fdecfxjq,1,0.6083502173423767
14,81207d4ecf830fee924989f4fe1eaa7fntkmw,0,0.5983713865280151
14,fa918060747386f431a511c862565e34y1pdw,0,0.00002724930709518958
14,1fcca45fdd3d1d3638821f41e032f170en3h7,0,0.09451346844434738
14,6c2488ec88e02bb38920200ece7d337e0bffy,0,0.003315167734399438
14,0c55920fb607fef2d33324f33565758a6e4dj,0,0.15727609395980835
14,e72d1b2319a2ef39d016c41e4824b68evxe53,0,0.0008958802791312337
14,0a92c4fa2bcdc8e952546d236b322053o5wbk,0,0.0238406490534544
14,c1859303603734d90d1a91d80977e14echjim,0,0.665923535823822
14,33ba799fab5e4145b54fac4234bb6e13up0tu,0,0.5824020504951477
14,170a58cf637c08f0818ebdbfddca29c9irkxj,0,0.04244496300816536
14,71396d66a14f4ce0c96436456462863abwefv,0,0.0017031229799613357
14,49f4481b6bc2255e745ef20ac2a720754r9mp,0,0.0014639489818364382
14,f6a7e7b14d39804c7d15627e2fa384a1cq892,0,0.0039175283163785934
14,8bc2a424939c50eaf4a652e253421b0f9b0y9,0,0.6215479969978333
14,77bc113594866d4902d6f867a456750c9vvmu,0,0.5387586951255798
14,e0fde4b9b7ec14e80de3c811ecae157f6kqd9,0,0.6118137836456299
14,0e373556d3bf588a1bb2ca6354120cf2dmvjs,0,0.0002416586794424802
14,c670e7fb466b09000f1053d2761752268bkfm,1,0.9105158448219299
14,4de2f22ca840fce9ac653e4aa06d9b0cnhudf,0,0.6254108548164368
14,20d31f20169e8612fe13818891f88a83r66gm,0,0.00004721144796349108
14,042780ee9a3730703e35340c575c3cbb7zjwk,0,0.1094990223646164
14,f4d69870de1e803fe00f8126e73a7e33zwcds,0,0.31950643658638
14,a58ace8b671a7531c88814bc86b2a34cf0crb,0,0.7385720014572144
14,4c46b1ea933d574a985776ed356312505nagr,0,0.0008530005579814315
14,f2ea6d89dd9897f0d6edb6f24c446f01ra6yk,0,0.46148329973220825
14,1a5d7993b43386f64fcf4b84e7b183a6ref21,0,0.27322933077812195
14,964028ac24d4ca16c4b63f64b06df1c8ltrrl,0,0.33226272463798523
14,7505bfc1ca67a5ae14e329b46a88ab869ms9g,1,0.6983359456062317
14,c888cda1ef5931da0db90f6803cd0d368ay6r,0,0.48476284742355347
14,e9f928411213f44502e4942a29553ab1tbqgu,0,0.30142590403556824
14,802a819acf0601b43fe5426cb48ac0bbqwfu8,0,0.6752840876579285
14,08a588ebf7b98f44f8fc695d02adfa25x0amy,0,0.3263391852378845
14,9d8a1ddb38499b3403a6a93395ef29bcrznni,0,0.06119289621710777
14,cdf1fdd424a11dde166c4bf069d6998eph7b1,0,0.5703005790710449
14,fcda141af3b545332fc3b2d55a8bba74uw7s0,0,0.11798196285963058
14,9f52fd88ba073512be19e3d24d4bb6f91l531,0,0.4727558493614197
14,55453d252a225f3b046c094a7aa330a80dr96,0,0.0006113511044532061
14,29e08b4d18198fe9265772fba3a4f6c4mj1rw,0,0.5620607137680054
14,8f6605a649ae41fe950a6bf579452464d9lmc,0,0.555436372756958
14,7e34a26c4c339e875997f4b9239d2b5fscng4,0,0.645584762096405
14,ad228143392ba96c21bf51499bac1c3b3kmzo,0,0.32222291827201843
14,9f2086ccb71acd84652f861517d4dff9du4y4,0,0.0009556681616231799
14,11d5f6925da5809e2d447788b85d6253jj8fu,0,0.6728944778442383
14,18e751726fd7c407c41cb18c20da2c4er5z1r,0,0.0009608489344827831
14,f0c034c46dfb78d2e9e67fd4fa1688fa6mv8k,0,0.00001323666401731316
14,3d575194dae5a2e2966abdf84d800a3bgbsd8,0,9.546557521389332e-6
14,e0fecfdf4029d9a91664e703a178397718lyl,0,0.00005574355600401759
14,d1200a75b6c05584f4f902e74d3dead76cj15,0,0.2398546040058136
14,9744d8ea513490911a671959c4a530d81fj5e,0,0.39163467288017273
14,c806dbb2decba0ed3c4ff5e2e60a74c2wjvbl,0,0.00002176962880184874
14,0381a69b7a061e9ace2798fd48f1f537mgq57,0,0.0003979726752731949
15,4ab12bc61c82ddd9c2d65e60555808acqgos1,0,0.531987190246582
15,25558d24bca82beef0f9db4ba1fe2045ynnvq,0,0.12128204107284546
15,3f3a3705be5ea07b9ba7ee646ed756fbssuo7,0,0.000691216962877661
15,38e919293f5dbd62d87ce288e41aae2a281m2,0,0.8632702827453613
15,25d75fd439571c1d9b946f5ec833786063vom,0,0.7164450287818909
15,d878560888b11447e73324a6e263fbd5iydo1,0,0.017430737614631653
15,95fede5853bfffda8f50f6af494ff1d1hsgie,0,0.006835686042904854
15,c0e1ecd40b81bda3b7dcec501334499dgzq17,0,0.000040126167732523754
15,9434778d2268f1fa2a8ede48c0cd05c097zey,1,0.8130478858947754
15,e98d8f348b266653b6784329782fd2e91vu3h,0,0.49996620416641235
15,19815d9bcdc74c3ddfb9ff210c1739f3tup3i,0,0.5820193290710449
15,bd586db332285f3c45814fbb8f638d79d26u7,0,0.4227488040924072
15,e78cb9678684d649453cd5e1e46baf462lq87,0,0.0019038436003029346
15,09d71d3e6a6871a7598dc2764c5bb4ffkz6mc,0,0.23262375593185425
15,1e342381f2c64318a51a9b71d91897f8dv9ul,0,0.7516320943832397
15,da6e2a5651b4f44fa3cff41cf9731ff8qc8fl,0,0.0006443948950618505
15,9df0b0e5ca66460495931376045feb5fu4y7b,0,0.003516741329804063
15,cab0d4e41ea81636de3bd3a1800d8da8x4yca,0,0.47512707114219666
15,827da66b68b225547050c11df16f845618ptk,0,0.03721042722463608
15,7cb144485c703ac09fc73aa646041f72ogqwv,0,0.026492483913898468
15,6531bde8d4decd9708ff4407ef95e887a26yi,0,0.0009778999956324697
15,806a46eb814ec7a09bfffcf38b0763d344tc3,0,0.027667488902807236
15,12d6239a92972a35bc990225b3ab33466znm8,0,0.021246187388896942
15,5b25a86acea5ff395bbd62399bb5cc9bb7h6i,0,0.7509357333183289
15,3edae72a9d44c43524c0203ce38581d1790xh,0,0.00013451874838210642
15,5106dcca581b63cf2226110a9048ee4846sxb,0,0.012713505886495113
15,ca76df527977e5168e1b3352cfab2ed9htipb,0,0.03114532120525837
15,22fb740f267ac617118261b2fd3365batisfg,0,0.6185914874076843
15,99fc8ed25265e58bc94d9d95180badf4t2e3i,0,0.6998808979988098
15,e613acb1029ecafd9792c9f75d468e4bmm9zn,0,0.21479277312755585
15,74fc24cafc7c5936d0422b8da306365byjv2b,0,0.0019034476717934012
15,7f807b2eb6c391d55e67bcdf7e1cbb3fhylw0,0,0.7531874179840088
15,e909515a6ae94a86027c717c4085954akbpt2,0,0.7819911241531372
15,1880a778c9dd0cb15ca1f052308a8e04g7e35,0,0.0008680926403030753
15,068450aafae2a6e390e35925d964290cdliqf,0,1.5608470675942954e-6
15,88103add66b7113729a9ca82540684c9il94h,0,0.05409225448966026
15,4741959d26f99012b8a6a3e3954eae40hsy6j,0,0.0006640541832894087
15,33031f476dec19fe47c0e3a051a68e992hmwv,0,0.1432695835828781
15,d6ebcf2149c311d221b233b268870b3d5gfe2,0,0.4007589519023895
15,f0c356e136831c41884b0732ae3198e0gcy8w,0,0.6051302552223206
15,dd055846eb553ab8e953b084f2048d53bdqec,0,0.8078091144561768
15,2918b09c1ed9e9e8602f85175b266aeej5v6w,0,0.7005455493927002
15,b5310019f2bbbd975c64dc11189191022k8tj,0,0.3401683270931244
15,e3ea1d5464543a1ef3a9b60394fc4ab6i1jk3,0,0.7729429006576538
15,908ce7060337fd8550760a100921f6f7wsemn,0,0.21174804866313934
15,dfd5c9157a0a771f235c32f30aedbf84e2552,0,0.6889280080795288
15,024937af9ea18a2b57e4f08762d181f7s8a3z,0,0.000011638046089501586
15,b9080651d16e3d6d2d83e1c5debb55b0qpwbv,0,0.003933069296181202
15,9e72fb21f7581cfff84e833d02538e5ar35kr,0,0.18185077607631683
15,99bcfc00be736e03facf0afeb79ac533cs7tp,0,0.510915994644165
15,175a06fdcf622c9455d0a77990b9302dj23ke,0,0.7247657179832458
15,b719671479e7d75b1ba5a5617c95ccad4dkvm,0,0.0019410295644775033
15,a8561bec318a7d3a0082b35b086b4428wekph,0,0.7308580279350281
15,037d9f10da403d8d5f94b6e2957a3702f6x07,0,0.8296653032302856
15,17c87408ee1009887112745797caeb7fwvqfc,0,0.2258148491382599
15,ee052a24cd3164af9d08fe77bd6b79dfrbelk,0,0.6637119650840759
15,f75cc5ec8acf1ad2349e00ffc4b3191a531f3,0,0.6047112941741943
15,97b002c9936e63a1fb9994a67615e84fft019,0,0.567369282245636
15,33a7a0121e28cca4e42494dd0f5aa03fdhlm1,0,0.2662894129753113
15,9fada390b6c53ecb47e6f4eb4353e14f01xu0,0,0.7440061569213867
15,40e00fd204d0ce97110032bfc47f423d0bgrd,1,0.9470341801643372
15,26190fcf0babdbe0b0d903f325c52873tpj7e,0,0.0006437175325118005
15,a74e3962ca26514976056bae3c46d579emz6y,0,0.0023702718317508698
15,a6bf74b19fcb2687ce345930c4c16d4e2txda,0,0.7273916006088257
15,47c5cd21a74e45dd294cdd53041ec0a3dw3ge,0,0.7895268201828003
15,dfa45994c8471762d04deb23c6450598byp8y,0,0.7616363763809204
15,055282b75717345ba6f53d40e9e6d6c56qrzp,0,0.8386716246604919
15,187636e527504df29bf42d4a2b7767e54bgv7,0,0.21174804866313934
15,1e1c9332e90c1cb0f01da223bc043c528cvwo,0,0.000050642491260077804
15,a0660fe8a46b9cb6b02e7b0c50eef6a905vt6,1,0.7312440276145935
15,72994bece8c918a2c4c432b98780a7bdsctwr,0,0.0010098827769979835
15,c9056fc0cade75299ed4438567a87d6ek44pt,0,0.270367830991745
15,44c75302aa4404e23781f8337cddf6ed5tqun,0,0.0014571102801710367
15,3733f7ea492eef1f69f98593d2122c50xwcha,0,0.0003115904692094773
15,282fe85277f7c07b0ffbc5fed621a02ezp1zr,0,0.7799416184425354
15,d65c538ae39fc1a7e0677583bba5fdc6ax1et,0,0.6374501585960388
15,55b39a51c925bfb42fb812ebc5fe318emsjjf,1,0.6846346259117126
15,640f41f27c03aca0c45775eb918b666cnjsqv,0,0.015064483508467674
15,3c0026d48f3d6e10cef6cdb1f708793ccwkhr,0,0.06532927602529526
15,ca0c049b8c37c99ef93b6086e9947135onppq,0,0.6094569563865662
15,7fab82fa5eaea6a44eb743bc4bf356b3tarle,1,0.00047952664317563176
15,dcd54d7afa6820e3f00e1c9e83aecc7b4f3lw,0,0.590214192867279
15,65659f3fbf6207c570c4bb8ac64772e9umh95,0,0.0007766951457597315
15,b232fdca7cb98028e8945005f619fb28p8788,0,0.040240272879600525
15,7029915a2c5aa5d964acfd85c30c3950b4opr,0,0.7641295194625854
15,3961434cea4339f0049798fab2bc73aekuxjv,0,0.0005439814412966371
15,a8a5bcf248e1326b3340c88e057f59e9nlslq,0,3.267927240813151e-6
15,bf80bec9b4a8d29c494f8545f2a4be4eji6qj,0,0.7509524822235107
15,35b111da8e919bb34e80511be9cbd128pjjdm,0,2.17689421333489e-6
15,f8d0d52114da74d98800dc7553008705dth38,0,0.7746860980987549
15,3d7cff3dedd8a8e02dbc551c6a61da3bibbvh,1,0.7481442093849182
15,66513f72be85596a527f9f653db3cb72cq4jg,0,0.7770683169364929
15,c2294751630e49a4e594dfd89383b271qzp0m,0,0.8373850584030151
15,67d245e38ee756947ed395fa099807fchxv99,0,0.522100567817688
15,20d08c7edbcb4b4ac0214b664ca5bb9cprntj,0,0.6642326712608337
15,fbca8e44d824faa1fa6b99325758ff19vi94a,0,0.007932407781481743
15,3ddd3eba016fc11b07c8a9ecb3fcc2975bkru,0,0.003931788261979818
15,cafa845bd657b17eaa82940d4767d9dfe9uxg,0,0.00174014363437891
15,e69dc706f159ef6e26df0d88388bc5edlymly,0,0.41309046745300293
15,7f603f668968facebb0567015ad4c201kikrh,0,0.017886653542518616
15,9ebd57da79b9286fd67a53e61528cf63a1w6c,0,0.822181224822998
15,ff566c87f2babf3dcd67be286e1c6666cxzh1,0,0.006189017556607723
15,3b947f8c954acf4354d2c3bdcd494fb0x54ee,0,0.10397078841924667
15,b1bc9ff2b98df742affda07c5977c7345dpm5,0,0.134130597114563
15,b6a7b5bba132a90e7c7cb350d2bfa52d7sion,0,0.6721625328063965
15,20a2d48ac3400228e7a0296aaa596a0fvckdc,0,0.34884196519851685
15,9be87a4f123366660d7f6d40ffa493a8ffpsj,0,0.3781225383281708
15,662b66b1227816c2f9017cadbc148381alne2,0,0.000030322527891257778
15,42cce5c657dc7d99911d950cb22fcb4fmzz5e,0,0.04624900594353676
15,51d2e1b98b7a1e42b939637dc6e11381zu201,0,0.21530994772911072
15,96caf14832aa8be04d98aa481b320392kb2gc,0,0.6188461184501648
15,29b8af2fea3881ef61911612372dac41vczqv,0,0.002452695509418845
15,9393cc68d0357d7b200a94fdf93ee3cf7xg5l,0,0.8730876445770264
15,06a58d4af0fe7ee15324b0e921e8de1260vef,0,0.8292987942695618
15,2d6a70a8341ea0fbe4c8537ffbce919etg4x0,0,1.6056351341831032e-6
15,8cba56e5e7c2be942ea8472b73f0842fil1x0,0,0.10763251781463623
15,40efc98d259ee36a8c2a387ba49f39d0fa39h,0,0.7573899030685425
15,37ca0d0ded383d709676a4f9729ef39cpjfh4,0,0.255553662776947
15,86091a1e6c99358936979baf67d54457x1dzy,0,0.10652762651443481
15,222a0e05442fec0af2d20ebdcafe4b28c2pi4,0,0.7240075469017029
15,7a71e329f3f2da98a3f82e7bfcb705a0t5822,0,0.0007946497644297779
15,163097c029285c7eefa2d60e474d65b4ap2l0,0,0.14839977025985718
15,44be920e88377290bb204795f05a20369jp06,0,0.00013928685802966356
15,cbe756ce81f5c420a1f7079791ed9aa2js2u7,0,0.010490229353308678
15,10f1460119f9e42bcccd0f68ef59cc830pwtq,0,0.40965503454208374
15,9f7e3e648ea8e6815c6e7caf59412e843iqbz,0,0.0005161858862265944
15,b9743f78108aefe3995e1c2291b5f3278cgpk,0,0.22542405128479004
15,4b3e6a8a52c413a32f76a6d7a84a54bb8gb0t,0,0.21174804866313934
15,b77312a06d10e22e3caca85fc7fe0342b2adf,0,0.008369622752070427
15,d4d4b36ea722e5b939e51e34953004c4t671f,0,0.5733110904693604
15,de8943f2b113702c98ef695888b7d0c6my29p,0,0.00018802014528773725
15,936d73a062928a362901f0e507d57b0a8rjs7,0,0.34637150168418884
15,2db8669a6d21a5c8197d4287ea32b7883gv5r,0,0.02172730304300785
15,6713e820273f591bdff7d26a48ee30c5k4iii,0,0.8369605541229248
15,b7e16fd4fd9ff04b7d741b70730b7b6b1aw84,0,0.743057906627655
15,80130530788e55de6e9fd515271859d1kgfsd,0,0.0003230026050005108
15,4882587d42b3d7d8d7bec4315203f10bl2fts,0,0.0012303360272198915
15,452619e019e5651a8d98e3d59a478b7fez5e0,0,0.025921454653143883
15,cdf76f38b6f46a3bd396a99123d26909xq5c3,0,0.7509691119194031
15,9af8e7dbdc3c620c8144d736242b3bd2fdbpx,0,0.6874399185180664
15,ac94684646bc6f708dcf4566f41ec05es9v44,0,0.003021683543920517
15,4bddcd4957ff826dfd3b3efe6eb96be9aw5tz,0,0.8121817708015442
15,e2a61feee7f94b49d7de1ac6efb237c0fjt1z,0,0.0001511796872364357
15,1717f6d4c48ae8d3e5f2566d4bb525f854j6d,0,0.0425003282725811
15,284cd72e028fe176f935114521ee998c5jsko,0,0.000763746618758887
15,52d8066e28f168e5bee769559ead307e1go7e,1,0.80238276720047
15,1e050a096927d5b34f4a85d3af28d30eybsaz,0,0.9605302214622498
15,03a1e81cb7bcd15014489a6f752c9d5b7pvel,0,0.7632826566696167
15,d8ada60e3b7204a104bba8c073136bb40772o,0,0.00022497637837659568
15,557f06b312e040ed3cd7dd2a011cb83avyut1,0,0.8172856569290161
15,d4be674fce23aae81c4cb946d4fff8671gxtu,0,0.2957780957221985
15,d38b2db568fb71174bf883554bea939ccts4m,0,0.00003484963963273913
15,4761b2fdb4ce610d1d8dd9ea50f478cf7et0f,0,0.0001003714423859492
15,3bc8edfa1995a99110b957ee98fb5c76nkl7t,0,0.7697165608406067
15,4f07602a713c192a941204b27e2abcf1srnke,0,0.46602073311805725
15,89c8eefbf6f83543ce0792d1e4b86057ti16q,0,0.789097011089325
15,a4630d8b78c796441a1be187f6907b11c5eu0,0,0.2531117796897888
15,612d24dde60a1b42873ab7b50944c6dad3dcb,0,0.5692989230155945
15,0141844fc725a85e38e12cc02fcdbbe8ofqxv,0,0.35432910919189453
15,359444416c25e6e90ddb2e3d3d0bc23dufn9s,0,0.016321055591106415
15,c7ce5ac2fe5f03458fab59c78b19bf7c9wzf7,0,0.002886077156290412
15,3e85a43950c71b1988a814682abd4392yakvp,0,0.7305198907852173
15,f0567f6d45c0f83b9874681fe8dfe0ba6hjlf,0,0.798104465007782
15,ed5fc53d096bcf1b86c30128040e775334ut0,0,0.5729946494102478
15,58c3300ea9095cf5e59e27abf2a905ce7tl6p,0,0.005442231427878141
15,90eb8151eb82441b084d04893151619837abp,0,0.6905078291893005
15,abec779131ec6bd32f5e32ed0f274400ekljo,0,0.28378021717071533
15,b2a19e17e1b9e0bca8e4563efbff5fed7v9xe,0,0.044414374977350235
15,bd0071b98d9479130e5c053a244fe6f1muj8h,1,0.0009553508716635406
15,173991472d4ee18932f8514b9d4a9dba7rjqa,0,0.04711895436048508
15,0a7446b63f183a4928ae762ed6cd1c4b894qz,0,0.687704861164093
15,e561791343f3564a6fc612a98b5f3df34rxok,0,0.000014160175851429813
15,b1c2e7ee5c69722df6233541ad5e784eutiv2,0,0.12354673445224762
15,98eed7cbee9b1a1b526a635648e7cd2fhbt5w,0,0.0006475399131886661
15,c8d3fc73c1a41bf92a5e4982eb6cf78du8gg5,0,0.10344594717025757
15,2fe472c1be232dca314d4bdf0fa95165rjv69,0,0.780300498008728
15,d2fe98eb0fa21252956184a98138c58dwp1ah,0,0.5028154253959656
15,1ef47d501d4b36498b51e184b1027981xu89r,0,0.1653425246477127
15,5dd3494b46f39f8c8783c25527b64dd8hp8ti,0,0.003836266463622451
15,aea096a392f55d95c3e45251931e9755a9t3o,0,0.8233965039253235
15,a5fb60c136b7e0a6d0d6e27cadb2a797225r6,0,0.5852680802345276
15,ee5afe7f268aaa88598545df890f4e5fzari6,0,0.6617662906646729
15,0bf6e0e5184b3599bbb4ba1fb3a43549ije34,0,0.0015744271222501993
15,613fe9b896ce3801e40212b3c8a8053c1e8nj,0,0.7108478546142578
15,72dbc4a9f579a9444c126a0a67118783092ec,0,0.5391138792037964
15,de3bbaaa3bbc1fd1f751d23a972916d80q8e6,0,0.537202000617981
15,8af01eeb860c2e6b1512377f28953110ml638,0,0.7835570573806763
15,d9a813646e8fae954898c1279196f5493gqzc,0,0.16940003633499146
15,e9b27622a64f2eb9dc7559d43bc45e31yci23,0,0.00008348887058673427
15,76d4a0147a60d871867f00adf45cb792w9c6n,0,0.8085173964500427
15,60849c6d966f178808d94543173cb93dog4gt,0,0.18038418889045715
15,1dec9ee102b29905e2f59a52fb7429826e8b4,0,0.0016875353176146746
15,97ac4a68e5600c4b7a960d9580d4f251470mc,0,0.3098497986793518
15,3df41510a5044de5438015f37dfa3443bt7pp,0,0.015443393029272556
15,a6214d8bf07127661f322afa7c8dae91ypizm,0,0.18458296358585358
15,bfc7a0819397d910db7c24eaba1ed4c68dwiq,0,0.01863069273531437
15,70daecd44c89c37525aa2ca294378ead4dggh,0,0.7231746912002563
15,39a5a16e5a67c2fb51789cea4d3091f0mv996,0,0.6815158128738403
15,95efb775460080c0da57e154f27876d75xnsx,0,0.043073419481515884
15,89291354b0939c342be97fa58e018bd89fvcf,0,0.5378100275993347
15,70c31e8b3476b953648fd4f8775c1950m1uz4,0,0.02479490265250206
15,ab0b0de534bad49af05faa626b88389cmjj8e,0,0.4655482769012451
15,8bbb16c0a1bb808389051c875ebab1cea0v56,0,0.36293354630470276
15,c9a97c18992adb02e6c2e6a8f9cc1daa1di5k,0,0.6361610293388367
15,1a9765ed302d0f91b512c23112066e41s755q,0,0.00025828820071183145
15,08981037e7a6c9032716ff25b15c9de25p63s,0,0.7864571809768677
15,fe6adfbbb2fc1ec0c3edf6677204bcb245uf2,0,0.378614604473114
15,c7c854748038ddf37b8a9c4f5a28073fsut8p,0,0.9940168857574463
15,bcda2135a2456d611876679b61dac500vs7sx,0,0.589913547039032
15,d6517684989560cbb0da1fb2f5bbba9b9y2st,0,0.82416170835495
15,716079d1913959ccae0307f760bcddddt6d4o,0,0.00018947843636851758
15,292dedb5371b8e0ebbeea57f14b35713e2ie2,0,0.00031111997668631375
15,a71f9ab1d130394882cbdab3c886f1b0fm6hu,0,0.0007974047912284732
15,d3920630f4891b9ef1a8a199ce5c830aua4yi,0,0.001432257704436779
15,3a32eb1c6dcc818e0df4953e978f2e89ljhnf,0,0.1170056164264679
15,c08ae3075278ed0d139f00ead52ac2b0oy8nw,0,0.4237402677536011
15,464506515f2ae684bd510b3a50b9121ec7v3a,0,0.4926614761352539
15,098bfc9c440f9ba9e6371f774ec6a36fa0sq6,0,0.11918527632951736
15,1df1dab2eb718c3da3f9a0aa90b93651sxqzo,0,0.00017530657351016998
15,b1e106943db37b1d002bcbe06b264b8bahuy0,0,0.29893070459365845
15,1def3e23e479c9739abce6b3518013d39oejk,0,0.7154717445373535
15,dcc5a79317a22bd0f6dca1f60fc866a8bei1d,0,0.0446186363697052
15,f9378eb3e522beef7e6a4e1f275bbe0eaboro,0,0.21174804866313934
15,c5120d10a23eb0c10d56a19fecbf9da85t4ow,0,0.3664453327655792
15,b9c59dcf41cd0a7ba779154872019cabmohkm,0,0.2681487500667572
15,6429ef4aebc7d1f4027b31a6e900d165nqvyz,0,0.5232529044151306
15,2137e2626c568af8e56bfb72fdd5b9e19qiyt,0,0.000052332256018416956
15,b8d88a1167ab74ba64fd6d9c83308a6d4oa6v,0,0.7164589762687683
15,384ba7c5a8ccf55d174080d9ad7de9b8mfysi,0,0.7636681199073792
15,ab3e02a6b47b250b738fdb010dc84cd7lrr07,0,0.6184070110321045
15,2b13a870a46975494b749feea0c5c7ed170ll,0,0.7618464827537537
15,a7c263f3fe4f19ff677e5cb475f7e5a3gdom3,0,0.098105289041996
15,1aa485901ede7baf78ea116e297e9d7f9en6i,1,0.8185138702392578
15,53f61a2f33e8b07e49da643af49884782vzdu,0,0.00019602633255999535
15,9f280cd011f10593dc245dad1d93b11dy6rg5,0,0.2936933636665344
15,ef1d71dde32e587e761a1b39d5b374c7gk68y,0,0.23423762619495392
15,3694aa599f836a57b671ee0814b071775i1nf,0,0.7697858810424805
15,3318a824cfbd3d3d177ab7e9520b21cbsrcgr,0,0.41464361548423767
15,2b4b36fd77eaeabbdad8fac68b17ece5ey04u,0,0.004589548334479332
15,f069e2e45ce316168a94b972c5b7d6b0f342m,0,0.0027019830886274576
15,989e8e68621a43af5a8d061aa91bd9bfshy7d,0,0.0033645345829427242
15,c5863a228287327c9980d12a632985da9vi29,0,0.7423436045646667
15,c58ffa073b3b3deb4e993ee5dd05347cmvfur,0,0.30226245522499084
15,a71f84e476d03bd0b25d45e44eeed9a8efehw,0,0.7880330085754395
15,afb1d898d15663a9477870391cf39b697gso2,0,0.35599175095558167
15,8a4fc219f01e1fe6d4328b0a47fc54905iv05,1,0.6849092245101929
15,ffc4e2dd2cc08249f299cab46ecbfacfobmr3,0,0.06284844130277634
15,60edf674563f85b227898f6af0386476efy45,0,0.002696847077459097
15,24d4554556deeebf61510cf3e001edecu8hgj,0,0.004452828783541918
15,781972f2af3af2abc492f9dbb0f6fceahnban,0,0.030884886160492897
15,98e6dd2906ef1f7c13284a309f6b160cb2ujz,0,0.6413995623588562
15,2f9a7b01fcce94499a59aebfac98fe1ezsk1y,0,0.40097737312316895
15,7a9519ae09e328b09d18473f96ef075fzrs1v,0,0.033939752727746964
15,4f57e657df5ee5d9207178b4b6858ddak9ouq,0,0.13734346628189087
15,57c4421263d37c2cd2573cd7245a7a80h0mjf,0,0.563232958316803
15,87c5fcd8d9582701469f94bff3cc415dvq4ia,0,0.31467822194099426
15,b7515e5f181a6d4884674897226cfe9cpd6d6,0,0.022127125412225723
15,c435ac9dcda855341e667d440c2ef7c6nd3mg,0,0.609447181224823
15,1ba9422d7a55aa5abc3ff37d1cafa9f2yds7i,0,0.7966088056564331
15,c6fcf1f7b824c864d492c4cd676cd702owsuv,0,0.2883201837539673
15,fc870f3872dd5e36e4dfc4ccde28cc930tify,0,0.2123795449733734
15,e587d92842526255c86d3b0d425747ecib83l,0,0.8093222379684448
15,cd9a7b22d85c35845260cd61a4b65cb2meyel,0,0.8276662826538086
15,053cefb7e952bd81d7a6db267a121747te7lo,0,0.000231711586820893
15,ca5d4f0a3ea342fdc45c3325e5311049e2uis,0,0.0518578365445137
15,68d0de6b2b019e4f93fe89ef3c9d3e21zajj9,0,0.20451045036315918
15,32dd072b16a69411ba3f67992ecc3e2144j5g,0,0.00010055374150397256
15,2e463fe6bc1616f8392f82c138a6a436mbtjx,0,0.7067278623580933
15,f8e90361c36eb3f6fbd485748e731fb7w2ci4,0,0.5281269550323486
15,6f6e3687f67272b103351641b678225abarzw,0,0.5877394080162048
15,d5b75c812d172da1ecb3164a1cfb7527688gb,0,0.11058782041072845
15,8cab09b069755eca2b4e7fd6f6981d7d8n88o,0,0.000729837454855442
15,ff92ea4abd33ed38601287f0e1d6726dmgx1f,0,0.5811690092086792
15,cf18f6766fadce944ee74796489c23acmqhpe,0,0.002574574202299118
15,782557b3ec17063f2a36fc9193ed3200h14me,0,0.5651073455810547
15,1c61726e316d5a16aaa80b429080c534u43s0,0,0.0034752418287098408
15,64abb8a286b2be97349e8b17abcce6d9rygza,0,0.2520999014377594
15,f219cbb3d454b32953619d5a4551f56dcg7gy,0,0.46180421113967896
15,83c9359ad94eab7f4b8fd582a6db4733frmsr,0,0.5432285666465759
15,6d033ec559ea79a8ffb90d80e0b24e93j82av,0,0.7518673539161682
15,e704e6fedbe6caa9b434509d085f4c97nq6k1,0,0.2470727115869522
15,c1850964c360c9159e5d1d0b6485e210s6uvc,0,0.2757355868816376
15,5c2d250afe88df6e4ca3ff08d991eb67s5erh,0,0.07471449673175812
15,37bf6f23b628a3e2b5b22ba81beccbef0efoh,0,0.7996512055397034
15,c0e4be8d520c7bac2f51ad80a98876c2aan70,0,0.000696550530847162
15,7eb7b2f6a914afba5c3d207dc28a93aed9pnc,0,0.5868291854858398
15,8bce581a91921adaa5fc20e627cd7b94l6cp6,0,0.13731375336647034
15,238808859d7752579a415e89a395500fh2o65,1,0.1492944210767746
15,ae37c0f4dc6e3d99f5b0243fd18294cak7pxy,0,0.7846269011497498
15,340d7ea497f16bdb912ec5c6ce467f71kk7hy,1,0.7556976079940796
15,ba319b8bb68ca6a12086f2410ca7fb3buxsei,1,0.8079613447189331
15,0b3d5f829d18ba30d967fceecb58821c3oeqa,0,0.7675900459289551
15,7ce3afe39ece9d672e9adcf3dcf2aa44a8r22,0,0.009615444578230381
15,074daf9a99b01591cb0637cb95c32600roriz,0,0.7566761374473572
15,63424f85cf53557fdb5dfc6a280af75epl45b,0,0.00013984607357997447
15,d4db72f36e6ad1668dbc0bf4f0e1c49bn12a2,0,0.0004837764136027545
15,93e3c34171ab65e0b031dc67461e48b478u36,0,0.8301459550857544
15,069d020584a0e8c61e622321d4c43881j7pl3,0,0.006175137124955654
15,862eef3a75e1351593b54975cd8ae1b3swcxw,0,0.7625547647476196
15,0a09adcd35b5f26d75f251006affc747drfu4,0,0.00769114401191473
15,ae29b39843141a73b39ada671ce6b6c0yxlb6,0,0.1780451089143753
15,a4475cf8808f8951dd5163ded3ee8032g9vxd,0,0.21174804866313934
15,026819504b59bc4eefb9963d5fe4271aql15u,0,0.26135650277137756
15,ecce760edfc6ec5cd5ddc7037c514dc3zod4i,0,0.57567298412323
15,4b9bf4cf1085e9d839e833e4b9d40f2a8ps14,0,0.2618783712387085
15,a6f994251abda6687ada2e9de52bddb5cisa7,0,0.6716695427894592
15,8473148f069a890b7323fe8316861a71qoxv1,0,0.28881481289863586
15,fae553f133602fba6e9e6051dfb27fefkruax,1,0.7708897590637207
15,8c939b6713b7881538cb05eca89cfb1cw1lhm,0,0.2762492597103119
15,bf190f2cffc1a77f0957f8cd1c98257dofy08,0,0.6403235793113708
15,8884b7af726ce7bd929482ea13de19d39lzuv,0,0.0005114718805998564
15,9d33ed2efcfaddba0307d12142f3041ce731l,0,0.8131117224693298
15,e8bc0150097c1b2b8b8c374b69e0d3a6mxfcm,0,0.00018256512703374028
15,737d19fdceb065359c77b81d27053c4e5quiq,0,0.00007149273733375594
15,e50426efab1e9d60b8f7258130f8791czrpvg,0,0.013644778169691563
15,d42604c7cca8ec92839e92508f2a3e52ehz29,0,0.7880104780197144
15,c8b23d6565e11d874e221f41440ffd25mrucd,0,0.598836362361908
15,eb27d8daded752fc0d1c828867b0f118cswwq,0,0.000014007157915330026
15,bef84146ac1e2f21e928e06ede1404793bfnx,0,0.04083683714270592
15,825226b69f2a5a8337ca611b38223989aumow,0,0.6906574368476868
15,0f8cb1baa83fefac10f885f79149bf13kn4nw,0,0.8061168789863586
15,f75a0f726d764514f612ee8cd8f65adegt02s,0,0.8238030672073364
15,332ef2c7189603a497fc89345ee4f5605i5xw,0,0.004291206132620573
15,9dd7e7ef94a7bc5bc9f98c42099910e7o76qh,0,0.48930370807647705
15,bdab2be5a94c6380c60b902310cbe1b6rs4iw,0,0.45435258746147156
15,050a3b29ca1818e1f237df8132bc2013bcuxi,0,0.6583322882652283
15,55d9cdc3af85efe87b2a6f22a2cea96ezy2ax,0,0.21563175320625305
15,d9dfeadc7e0e844ffea3cfc706daae5dt2hhg,0,0.8557599782943726
15,af50d549e86276f034e52037722dd5aetouu2,0,0.17320264875888824
15,8152c94b639be88e7076f0e32bd70e0eg004b,0,0.7189087271690369
15,9ca7afbb673865b01cd4b02846054fc1p3vjn,0,0.49999678134918213
15,bc3d08ad6ac94b8b5ce40a29b59899cakj3p5,0,0.7473897337913513
15,24a32bf10c4a5d4d91c27da4710c869a0nqim,0,0.481534481048584
15,429b876aa7e2d6741ddf322685363ccchue2v,0,0.09238758683204651
15,0918eedd8324da06abe5600f058480dc75nfo,0,0.17503100633621216
15,ce7d34398a6d6011bcd96ff0aa82b6674hxzl,0,0.017827361822128296
15,c277151116ce38d8245f9f2308807af8t4nnj,1,0.7972550392150879
15,de4388600d997803223748e48bfc7b16ggyrh,0,0.0003556065494194627
15,069d251f2fc19102924468ab38349d5eou7ab,0,0.10022013634443283
15,535ed161b4c9960a71ccd53128df4766ddyq6,1,0.07513824105262756
15,90953913d629a03e27590d0d0f64456601ktd,0,0.3090219795703888
15,c843f90bae7231af13dd0e064a469704drz2x,0,0.12429924309253693
15,13812c0d2c8c474bd62481d932407687o26kg,0,0.3421519100666046
15,77b7daafef906aa3f941992bcf94dd69zxk2p,0,0.5600168704986572
15,eef111bfb93c213c174947c69b2f2b38cr2pw,0,0.5708016753196716
15,4aad6f0ffe775217e4ef8c91d69707545li52,0,0.0035848983097821474
15,a25f4c6838b83e0fcba372300c23c2537k5eq,0,0.6876206398010254
15,9e1f21ee1888368e77b539083f4b94ddv8mrl,0,0.0046171569265425205
15,07012e0507b4281d430b93ddcd96cae66und7,0,0.11149230599403381
15,fc48aad7a51d965595b59550e08b94c670k7w,0,0.00026533170603215694
15,4b72cbc9d9ef0238bb666feea6d79e718qry1,0,0.002771670464426279
15,fa918060747386f431a511c862565e34y1pdw,0,0.000048059453547466546
15,24db47d284a08aaf119eb3e0c45eb646i46j5,0,0.7591733932495117
15,b8da3e0dc73d1f453ecbe6ee4d4e8791pr8az,0,0.2711459696292877
15,0446457fc8e21596799158406f77b14catx8w,0,0.0016648743767291307
15,0c55920fb607fef2d33324f33565758a6e4dj,0,0.2890870273113251
15,25331706aa2157419da068e93f3989feyo7a0,0,0.5837517380714417
15,e72d1b2319a2ef39d016c41e4824b68evxe53,0,0.0005135179962962866
15,916d2d806b772c9f227a9b3640e31469ljrxo,0,0.2823227345943451
15,53d9e7fa087a0dab6a472bfbfb694622jv072,0,0.00016417575534433126
15,eace2a2890644d703c619fff7e41a9a16k7lf,0,0.15228067338466644
15,0a92c4fa2bcdc8e952546d236b322053o5wbk,0,0.10271831601858139
15,3f977186d125ef8bcbee0c1562c7ced2b4utq,0,0.03969015181064606
15,cad151bdf2e29b764dfd3acac022e5dcy8n83,0,0.08134608715772629
15,6ce47fddd94be5792190cad9d972a5c4oyjww,0,0.5863019824028015
15,a639448bde9a72923b70917e82594fc66sa2f,0,0.5877427458763123
15,7959bd565852dd880cd31278fab3660fuaqyw,0,0.7133254408836365
15,8bc2a424939c50eaf4a652e253421b0f9b0y9,0,0.7493186593055725
15,5cdd665a22747394620c17b7753947b0xgzhw,0,0.3410758078098297
15,21f5b103136104e4947e293983dbaa5b4tder,0,0.7953416705131531
15,a4e83190edb97fefdc4a6cbfd00f41fbm7c4o,1,0.810896098613739
15,9dc039dc57fd67bd9e7157f4f697ae7eloov1,0,0.7643203139305115
15,98c12418158dfb9494af01308ac2d0588gfw2,0,0.00004063745655003004
15,5f529b5ee68b60482c5d0c56ee91f3c2cjrmx,1,0.7652109861373901
15,c99b1edcfc7f0c751b68fb310d34b75ei6j82,0,0.6459336280822754
15,e60b306c01cf0c0be5c7d54facf927044g5d2,0,0.0029730587266385555
15,042780ee9a3730703e35340c575c3cbb7zjwk,0,0.6209471821784973
15,0f4669e36b2e721dfe27f8633b277a1575erw,0,0.00016806134954094887
15,b28e6a39ef0cdda29c5e350e048c3a813idk1,0,0.00210745632648468
15,01f498a0992d280de63ec346692efb2blckg2,0,0.008397096768021584
15,14c69cd7fbc8300876f287520c493fc8xe2o6,0,0.6454861760139465
15,4089a2b7f26e5c13a7f3350bd52ebf8fh21nm,0,0.740380048751831
15,b4210edd4ec9bf872c7108fdb3c6aae9cjwz7,0,0.4792816638946533
15,4fcdd880c4e1a1767c4d26f74bb3466f11osj,0,0.21174804866313934
15,622a477170c3e2215b7e3cdb06db93aezz6t7,0,0.8214867115020752
15,802a819acf0601b43fe5426cb48ac0bbqwfu8,0,0.8055524826049805
15,65f52b46edfc7fa64b9e74557a78e52c1it54,0,0.00037824446917511523
15,6da04647ce16d0f00051dfeaa94d3313ox30y,0,0.2791948914527893
15,8c339df2050a428c04a1c2bcbfe4a143loj8l,0,0.6621004939079285
15,458c8c4e10e5c1b29e3fbe5ee56d46e8y3fb3,1,0.7920569181442261
15,7d063aa96e7a065ed5ff9deb7c851bddhrxdj,0,0.2322530895471573
15,b9cb81e5855add059728cf932f0624fefbi2t,0,0.010813417844474316
15,5640f30464bb5a7bc6e98fd2873fc25dh78hp,0,0.000010100038707605563
15,55453d252a225f3b046c094a7aa330a80dr96,0,0.004035280551761389
15,6b1666662837213ce77c329d8cb2a842epaeh,0,0.408028781414032
15,17a321c4a0d925ca80507effa52330ac5n5r7,1,0.7805158495903015
15,8b253bd318229b3eea3f459bd81b8347khytb,0,0.6645551323890686
15,03e884d3e7e3356608187d2345e4693fyt29x,0,0.16582611203193665
15,3fe1dacbdaf96fab0c213e218968c518twu76,0,0.7402294278144836
15,1dfb637157cc0e590e50d724cd4cad6d4cacw,0,0.42699164152145386
15,aaa686462ebb950550fc1c6136ffb273vkrc5,1,0.8449656963348389
15,f6485cac867e1e7d2d991838551b4c4bfnarv,0,0.7081533670425415
15,65d8228c6c1e5b6042f397afed8a5c7cbo6x3,0,0.7417663335800171
16,91a3c57b13234af24875c56fb7e2b2f4rb56a,0,0.0014214591355994344
16,57db69e32163f3e486dc6ef7d615aa12usje6,0,1.3677731169892127e-9
16,c0549e76b179912d52a28c3eb9b29376yaxvu,0,1.5763615968111822e-9
16,11a38554244f3c14de043aaf52345c35jjqvo,0,0.7084100842475891
16,0b68888358a492884e3885bcd73ea63bhxidk,0,2.516386530260206e-7
16,eaaae0fb54c7d36724a9679c3128d5a7gn4k5,0,0.6849507093429565
16,2c581ec91825362ab66a7ffa05df5e70hl3h3,0,2.1000419110350776e-6
16,0d0b3d6dc27d0f8eed70971f8c6bec1bdrs0f,0,0.011716015636920929
16,2a7d1f9483d34546c4d099e36e3a79790qvjm,0,0.6988211274147034
16,c62bac5be6489bc0e0a7834a11167171c8ww3,0,0.8985592126846313
16,98783b6bd490f32f56c315307643c824nimw1,0,0.005252230446785688
16,848d3eaa622b26fe57d352eedd9649f4v6obv,0,6.864313206733641e-8
16,64a39f766b2e9d9471b104f0d0289740a9kdq,0,1.4634485845377299e-9
16,e3ccc9bd16fa1f4a92fe87b4a54e5e72uficw,0,0.5452152490615845
16,a3c2ba79963b637f15086e6255a46253lwpnb,0,0.000010427763299958315
16,2307bb06855a6fe75ab56ee6b4a3860835di5,0,1.3080118606012547e-6
16,6394edfbd35aab54801518835e33ed50hcr5f,0,0.000019581604647100903
16,c5babbaace35399cf51a9356bbc22733xpi5h,0,0.005901667755097151
16,af98b7d5a7c1ccd2968252a2fb1c06f69igbv,0,0.1720823347568512
16,8e1f8e5907b3cc256a2a57ae9ac81e063gbz4,0,7.710048571807349e-11
16,6ecd9f4b332eb790dc933aea0a1528e2qkp4y,0,0.3121052086353302
16,d9c6b6d7290e4475bcd6d264fb33a706fqtvc,0,0.517662525177002
16,9ded76c5244a2116a3b5432fa265a800j0bvt,0,0.04576932638883591
16,53691811bd992911edb9f5f64f49d8f5luk1f,0,9.846136208579992e-7
16,ff58ffde976a4899dcd89597a7877e18lntgz,0,0.5553404092788696
16,20cb327bff59dc8f4fe1ac68a30f02eb6jrq6,0,0.001787632005289197
16,03244a553a252dcc3a3037f0371c8d33fmpd1,0,0.000013438263522402849
16,3073231f45ca50ad6830d4dc7261f283iwjjm,0,1.1227216378806304e-10
16,47e0637718480102d235233c83661a7850foh,0,1.1671174249272553e-8
16,9653f425ed82418570fbca890f7032b16sjjd,0,0.272859126329422
16,efc61ad6db17265a4bac85f77b154ef414tpp,1,0.0004991093301214278
16,dc52611b1a2c84c0949da5af9870d57fj6ab0,0,0.9438433647155762
16,961ab8cb7952191816db53f8a11a35fe1zecm,0,0.01149033848196268
16,74ecf5f9adfa4dcca4dcf020209db81arynmk,0,1.97895178644103e-6
16,3d9910a238a0f282ad3132dd6fc981c8tv3tg,1,0.7785826921463013
16,f90f13ddfc0f98cbe3c2346a2e30093cq6zo0,0,1.3596178405350656e-6
16,fdd836950d203286832a21b930b9f6b58ch7s,0,0.09957548975944519
16,2c72df02de4b36acf72ba549630808612ol08,0,0.00012480048462748528
16,01c5692d487454cdbe731df330bef608f48zz,0,0.12985500693321228
16,f80075873f7183a03b1b10ac3f740032v6w99,0,0.36930084228515625
16,cf22da37578048d2e51eca1e544c693cke5t3,0,0.025999044999480247
16,a94c16f8a98e493e2b4390b1975e690dv8cmu,0,0.000011761301720980555
16,f63ed13362ce1c80970ba28a095c2bc5kfgmr,0,0.0831313505768776
16,f186d292f4e83f70a92c97f92993f655ygqzw,0,0.022299915552139282
16,72dd0e4788d25f62cc2ba942bb9499dc7quqj,0,0.019676432013511658
16,e0413f338c43c9d55ba53612d2068f65t4gs6,0,0.5265958309173584
16,6a76d66f035914f93ebc725a0998b399r4gdq,0,4.768855532688576e-9
16,929b75b44585b34d2b917ec181ecbcf298fr8,0,0.6232219338417053
16,eebfd257525e52b67969ae9d8760afff12j3d,0,0.013612227514386177
16,f46cfa9acdb6a4c419c70c19be4ff9523uixs,0,0.07661367207765579
16,7339b024b285f99084bcca768cce5c7e0h2op,0,6.07062888846599e-9
16,354baa6c4764a5bde013ea3f7edc72552r3oa,0,0.30120334029197693
16,82bec02fec2f08899489d7a5c35a30a0lbszo,0,0.0003927562793251127
16,ac494ae5acf003f84ba46f5741618a8dn19qi,0,0.00008903956768335775
16,ea57e35acda9a8f8b75f4d9bc049f74d7qx3t,0,0.021858368068933487
16,481db1a88023d22b3533044bff5239dbf3cda,0,0.01585482433438301
16,20662832566daffac929f803f0c236eaperht,0,2.1110961867520928e-8
16,42c407eb70ddacdcd59d63f22caaafc4fa0p2,1,0.39798179268836975
16,28aa6c505e308e49e586e25e1897ed2axjiy0,0,0.009462310001254082
16,ff12cd48c7de8ffb8b2099f262ce03980dqqz,0,0.057383473962545395
16,e0544483ccbafc4842cba7650677d043n2e5c,0,1.0989888323820196e-6
16,76218e14c379c12d599dae9e1c00b61a3i5b2,0,0.7046043872833252
16,d2ebe13374f25a12865d50c17af1dad7yspzq,0,0.005828714929521084
16,bb790a228de797253bf6afa43ee52eba1s2dx,0,0.417691707611084
16,c2d1b8c1b7a9c8010f5b215e8aadb1d7gahpp,0,0.10978280752897263
16,791031a63c9e2b4835caa9a4cc1768baias2l,0,0.0005569519125856459
16,7607c4efa792a69e2a8949ccafcbef103squn,0,0.7273890376091003
16,f93a998dc10a4c98f65c6b86fdff651d5i4qh,0,1.5630637409391746e-11
16,334714f005e994d46cf4d18093dd4d05fyxc8,1,0.4934505522251129
16,570910327f5584ea1ccba92634d89832lo1zc,0,1.9272562212790945e-7
16,27cc072f1432f7aec4b7e17cf2e473f2x3bjg,0,0.06207607313990593
16,ea6c07fbbfc3f0e549701b1e7b90c4d21zfjl,0,2.0496862873642385e-7
16,01eb9dcbd0b3e79d94020d13d83a993ec9d2a,0,8.167509203682588e-12
16,bd0f0c497ef09b5c1bb18b330d932bffktn3i,0,0.00002324384513485711
16,6a5457f1038c6e1cf9feb57529ce07b2sff4d,0,0.010316208936274052
16,c755d2832026bc2a6f5d2d6df5740f06mr3nj,0,0.021326512098312378
16,7f4e84da8ed11f4ea3a2d276f49949b7o31us,0,0.00010439683683216572
16,22401c4dc0cb1e5d52da01ebb8b2839cdoauo,0,0.0054626488126814365
16,e5f43783127506211df8c6290c2ecadbyr779,0,1.392725604981715e-11
16,f2bf8c94172c4d71076e151cb4e136007iiur,0,0.00026498938677832484
16,79c18f0460f9bd86bcfb25da96d91490jfuxv,0,0.0014103288995102048
16,c4b598fcb343bdd2cf826fc7541500e40xtte,0,5.462544550027815e-7
16,b970a53727b2bfaf02079779c846a52fj3f0q,0,4.256711871875041e-9
16,295fbc4ef00fe0cea7947811e78bb8aez9ti2,0,2.196878313043271e-6
16,9c0cbc0fd8a6c22ae3648801ade080fek6i13,0,0.3283310830593109
16,11b1859aaf7fa93818baa76007cf7207d8uwy,0,1.8440544230502454e-12
16,57e1892d3d62d87c9ba5e8425a1958c0fn11u,0,7.182591161836172e-7
16,d1f000f475c502ecd2e993c52987e63ed3k7n,0,3.947956961347643e-10
16,a3ef8857f2e33ecd25c409622b4e3ebcij8hv,1,0.8767294883728027
16,db5e9f85e7d180f7d952f12e5dae5900q9xif,0,3.977278083766578e-6
16,e1fb642deec7b382433de94983d97681o14ko,0,0.3319150507450104
16,3fae46174ef1a7dce5e9893775f814c4so8s0,0,0.0007821658509783447
16,6b9a3d480add21788772e118e6d51ed57e3w9,0,0.02754880115389824
16,30ef7862d69b3440ebf2726ee85a0b8397ta7,0,2.835763845965289e-10
16,644e284380171fa793695a91b6a12c28jcwku,0,0.006367222871631384
16,18eb8d55c84019b9196c5ca7e072b287bv68e,0,0.7697776556015015
16,4ab56df4b1befe3e2ce5cd98e8950ba2psqq2,0,1.3604793680510596e-10
16,2b72d702b44fd7dd58062e326fd8e4779j8mp,0,0.00014487910084426403
16,d63671871e4010e904b9419e48781565weafn,0,0.520853579044342
16,64885ec89a54c64598b2d196e1fe2e351cd60,0,0.0011683912016451359
16,2a4654987b59646a120ac74301339afc4eylt,0,5.258165458599251e-8
16,3073d007a5b42b827cc770ecf4805278xvvzl,0,0.00029623572481796145
16,9774dc752f855f07b9c00eb7018b607c0ymxo,0,0.0022251647897064686
16,05c6b93bf8f083b2d0a03ffc0fc3524ba8fi5,0,0.0021066211629658937
16,dd1675bf26316cd4630087fb47d0ff8fsug8e,0,0.43332862854003906
16,4703c8940eaa3f3bf5082ec2f155a8619i1yw,0,0.0971945971250534
16,a99f91d51e8d9f5786dfa52e24292dfebi55j,0,0.42887166142463684
16,c9fbbfcc89730e961499b4b30ffc4a98umxko,0,1.0702545100160776e-10
16,a60101895443bfa5d4485b9c2c3e1b68t5ppq,0,0.0006995557923801243
16,0870fb7e5701f3ba56762b03e157afdc1yw7u,0,0.4658774435520172
16,84bd02dc56fb7c3402426ef7e8e166e2ptwo6,0,1.5520494400789175e-7
16,d7c046d4328c139e76fea7c1833e8fe6fx4yz,0,1.4979760010191967e-7
16,8bf04b0a219c7834b25057c0220b4d0dhwdsg,0,0.0011484763817861676
16,445305769cbfccafc89ff5ebd004598einesy,0,0.549125611782074
16,012441119bcf83b23d4768bb72cea6d6carua,0,0.00813374388962984
16,0e8212e286ee36da8945c2480e366417xa22x,0,5.801183533549192e-7
16,88bf2c0f5460e28deb5eca2ef8e5e809ol5ru,0,0.31245672702789307
16,b725a638efd8d51f66ae2f22ce1df678p9es7,0,3.9473022184211004e-7
16,1ac788675f70655e71a013892d701e901kj13,0,0.001319382106885314
16,796961698c2f2442e73c5195062370caawzzo,0,3.989440333640459e-9
16,84c4b58a1491da3a30710bcdf61f87054xfq6,0,0.4653759300708771
16,b4550ab1da3a3ed6e4a206c9ef78d496q23hb,0,0.4062022566795349
16,156f4a8763e602ef789f8048c6928676a1ily,0,1.8269612211962993e-10
16,b0164d9a18a3cdf6082e96f9708040690qcqf,0,0.1743495762348175
16,e9c8ee7f783723fe8496dd35232d88f2or1r1,0,0.6874569058418274
16,8720f071e045d4cec9d707c583a3d64avjyyy,0,0.017556358128786087
16,05a07a27e235d01fe480ea6ac73b8838jq28x,0,0.05442814156413078
16,9c223f867c65938ce8623fc41bec08485xddt,0,0.030362367630004883
16,936d542904f515ea87bab7996497b11aszyco,0,0.0021029887720942497
16,f211ff014ed43c9054916f97d6187108mpxr6,0,0.6243651509284973
16,bba40511c6e56070602e8dde4229ff923zbuq,0,0.018009955063462257
16,0daf4f87eb695e2a84e4156154209e09k6ga5,0,3.2821263068472106e-12
16,7daf0e51b276c6ab5bd2ccf520dae106graj8,0,4.8242618788663094e-8
16,2d113999234e06201c0940286d405453wqjsw,0,0.3906795382499695
16,fd1299f1343236dea07bd0ba5f8ca220csnv8,0,0.05751844123005867
16,9f101e80580cbff55a2307c028408a91nebzc,0,0.36112651228904724
16,bbad48cdaa604c1bf40b59120a775794rnlg1,0,0.3642054796218872
16,8bf07d8631a2808f2c869e27afad2d41swgkd,1,0.7086063027381897
16,a9bfa54aef505d65ec488d8984c82a7bf0fjm,0,0.030987417325377464
16,33189c09ca7067834fd25a54920f82d4nd7a4,1,0.018261490389704704
16,e2bda091a91082b774d59f2c5b8480ebbijs5,0,0.05481018126010895
16,ef905e4d866c43dbc345751e7fabe5a568kjs,0,0.000010082571861858014
16,1cf0d30e0bf9f4a536b1fe16ecc26cd22j50c,0,1.007549165626953e-11
16,916aedb8fd708e100318969dfe57a4639hexd,0,0.002634790726006031
16,403640a20dbd2c4bf554e558de137deckn70o,0,7.341027785656706e-11
16,49c3957287d24e69713e4355933b74baoijix,0,0.6439762115478516
16,361397432ed35185b5a2789867a859ec42v14,0,0.0003955816209781915
16,e0df56a5ea8094d070b0130d7178a996noolv,0,0.00023686685017310083
16,14b2d98230228eab6a6db3efc41660d7kp23s,0,0.0002540691930335015
16,d95c969eb09086bbad373dd8ee80cacbuagvf,0,5.0885146265500225e-6
16,d9ffd2f7f3cc1a546586701c2a6fbda24u9ye,0,0.29871243238449097
16,c89ad997f646e388fe375d7fe33a3727dzrh0,0,5.504540379064338e-9
16,0a43de0ab0a7525fec59ef4bc1dda7a2z9z69,0,0.4449336528778076
16,8acae9b2e5454fbd92fd0b3d79fe89ad6w2wp,0,2.258094355056528e-6
16,5b1bc916ca111874eda3bbe669957cb1d3mck,0,0.008663772605359554
16,eea590b4da2709c294e8db490f5997eadyc1e,0,0.00049539003521204
16,f3a249f6a5c2c88ddd8bccb1f8a85fe52xnkq,0,0.010025480762124062
16,1e3642857c10e72cedaf7890e3c07bfa8ibzv,0,0.05168586224317551
16,9b733fcc97535e27037c231858a711adyzvqf,0,0.0005149072385393083
16,9ba7cbcf531c20ef7cc55a6da5c0654evwt1d,0,0.5050750374794006
16,260568e07963ce8351f3313bd7b9b0e2vonva,0,2.5090937327831853e-8
16,c4d42d0beefe49d6157c546a2504f4db86hvd,0,0.01380114071071148
16,f019bd7ec140624144c4a9b40c42bec9jok79,0,0.35754504799842834
16,6be863f26f22cd79be272789ac7e9153v27yt,0,0.38736745715141296
16,a2b4df001b0e40a398f6d4ae9b316c0eix5bh,0,0.005584176164120436
16,8cc03b92898255ce4b096454645599ae5zoc0,0,8.62206161400536e-6
16,c9e1e860e39bb7d4dbf3c91c5d6c36c2dv4tp,0,1.0433222996653058e-7
16,05ae7ea9549ae298bbbc8002b4229392e0ilf,0,6.905362170073204e-6
16,4d6580da346435dff2503c55ee5e0cf8wbkb3,0,0.787796139717102
16,69e97e52dd6428671f46f2ab6567172d8mfar,0,1.8087323638837915e-8
16,8ebc5b544d62622e45e1ee22a56265e0xwwsb,0,0.302051305770874
16,23f9a0e1492c4abf375823266ddbe36bzukj3,0,0.0020575595553964376
16,84c7bbdc12233f88f35c2c3b8f178803ta03m,0,0.012173277325928211
16,2fc0efdb6ff10d51e3a4d979ee52cf07p4068,0,0.5098517537117004
16,ca5730b8dad8f35fba24b68c9ca5d445mp87i,0,0.9667007923126221
16,a32cce991a2f597f6e5a02605119f99b1dyq1,0,0.02113913744688034
16,40829191b83242ef1f380f90876cdd74mrqe1,0,0.16521063446998596
16,67616fd2a1de5c46e32041354efa88ceahbhq,0,0.5652971267700195
16,5bb3c3ff71ef6560c7600c512128ffc8js7py,0,2.750468297563202e-7
16,eec2ea9d9b292a343f8ee566ba252baapagwb,0,1.493363015470095e-7
16,d26cca81c93b52ae3564aa6cdf33f5d5mkliw,0,0.01176449190825224
16,8e05310a342aec93aaec69a638e83a96aqyo7,1,0.5292555093765259
16,a13da89a3a54ac9b4ced156542afca5ddyumw,0,5.79834624758746e-10
16,83a24bbff5a4cf9d9fb10391102708f1oqpco,0,0.0573943592607975
16,9d1506d6779356dda24ed87d41f3be39yn1rc,0,0.0007669737096875906
16,d7b66d95bcfba06122dc6f7a3c605fd73239a,0,0.013589479960501194
16,50a4bfbac8a9653af4099ec1169f684c2nsgu,0,0.5854396820068359
16,24108e769a15b155bd2d63c58368ae5946zhs,0,0.0004193229542579502
16,673650167f432c009e9dcd062cd4e9fc2szln,0,0.00004906162939732894
16,cb557e4675bf4f36f93ef5599adff545nz370,0,0.7214297652244568
16,9685887173cc2e1e5ee3993832a4b153bfl9m,0,0.0033901215065270662
16,5a823474f9fdaa129dea9fa690d51b62rgm7q,0,0.4561701714992523
16,d92c8c2d4c29d4c785431a8b34ea135awepbr,0,0.28282713890075684
16,c478f94c1323552e85aec6e1013ecba586320,0,0.5194759368896484
16,e735a2301a18772a8276aa1f17ef79efu4yew,0,0.008951650932431221
16,49eaad86d095aa5af75ce34e59e4b7f1mmf9q,0,0.00014034821651875973
16,e7cf764619380e5303089f04bf647f10thebb,0,0.00014632898091804236
16,f01e3769fdce36d31eae85525827ab17xeu31,0,0.028377430513501167
16,6679d668a393f336ba9d1cb6a154e03aifmkr,0,0.08237311989068985
16,58f590a56f480589646d255d570b0877zcjw1,0,0.09362838417291641
16,1530008a712831e35a673d38959528f4ozipv,0,5.607424789257076e-13
16,af14436f293c40a9904d9f06a323215bf7zdr,0,0.00011281404295004904
16,559bccfe60c7193963f09388fb681ea65k7dp,0,0.055655427277088165
16,f4294bb3abb69fa3183e7e851b58b278k83z3,0,1.4797180369896523e-7
16,d863897264a7e52d9c6a1be6dc453c6c9anz0,1,0.9154691100120544
16,86a626c876e7eb4be35f4f0b0a78f97a1rn7h,0,0.005592491012066603
16,90fd7b3c991701dee376daeb09a0a5b7kawse,0,0.0007743772002868354
16,d8a4b49ed9ca241f025cdbd9637198fb71qmz,0,0.005794373806566
16,7259271b61d2f05200eb2e1ab1d2ec911jlaa,0,0.010314767248928547
16,96b7bb4238e7ebb439d81d63db4c2796aoofv,0,0.24457865953445435
16,5ddf9ae899e629acf3e78141a9712a05a4feq,0,0.3654578626155853
16,18076726ec814a6f56da2cb9ea89d105j8vpm,0,0.011905314400792122
16,5771ce26e8b0fcbe7e90106955638b251qj2w,0,1.0272170811731485e-6
16,80d8e3bfc8a2ecbf22614befbdaacf5fo6o5o,0,0.00003448660208960064
16,5b0665172160ea4015e79dfbcfa7ed86oe0mc,0,0.001339469337835908
16,1e13eba969b6b953688c9e945544ac4741ilj,0,0.1345493495464325
16,9a5fb8e2e5add29b006d789e4cfd1513paga5,0,1.875727662081772e-6
16,3e9180fdf158409adc96aceffab6e00bejjah,0,0.5640657544136047
16,5324221d38a79636bc4560cbcf2d75c4gimrm,0,0.130633145570755
16,1d69e006699adba0c79ab06f2f622445nuu63,0,0.0016594494227319956
16,6362c8d61774cfcb6ada7cea1be63678hxkfz,1,0.44705939292907715
16,adc548d88b9a307ce0b58a0d11d3ae14gcfon,0,7.864427402637375e-7
16,6b3cff1e3d9398d4c125e7bcf612192dy1gwn,0,3.337981280271407e-11
16,03aafab9868455b78f0723eda86698ba9v9rm,0,0.4019809663295746
16,78c82f2e8764bc8001354128f9265efcqrthe,0,0.6165046691894531
16,b258a38ef4cc6ea241b5473ee9badd32ekhoy,0,0.0003166068054269999
16,4997f0d7074a1d9f8bedf5575b6a4372w7nro,0,0.07232389599084854
16,591ef8d73236d150c32716359a61ff2auk6y6,0,0.0003402083821129054
16,942af1514033a612b203ec58f7894c9fv899u,0,0.0033552004024386406
16,a0d080012ab98513e39234e4545e93be17tt5,0,2.4474621548170594e-12
16,2540f8192e425f9fb921db30ac1bfcbas4p6g,0,0.23940083384513855
16,4199816cef8be846ca71ae752575744fimyto,0,0.9501138925552368
16,7d44df0d40982a6651a06cf533ef5dddtppag,0,0.4740327000617981
16,a46025d61131de18474aa6f167e04bf08w9x6,0,0.17291642725467682
16,898419c2d011d5a822e9ee07c387098ezpc12,0,1.4657503299986274e-7
16,9196288f121946095e5c402fd326109827t0a,0,0.993791401386261
16,e8f3ce0b2d0849968400b63b992cc606psoij,0,0.048615146428346634
16,bb73823b1c3f577402c9aa9eabd1e412vp2xw,0,0.7657783031463623
16,fd5cef3fe1217c6591500c715d71717anczcq,0,0.006843045819550753
16,100d406b638e84e2da7c31b03100b874qiay2,0,0.08717476576566696
16,c0e3343070766b359c664f93ca65040b6bh2k,1,0.35602879524230957
16,d3f595832d80988c2016aeafd125d8f072r4h,0,0.0002859456290025264
16,06c281e31f83dcfd3fe70d2ee2d66bc7e6fw6,0,2.686324903841686e-12
16,db85fb5556f17b744938cdcc2e7ce9b5urspd,1,0.39899230003356934
16,06ddad46112881df154e3bda0e90fe880r57n,1,0.0017252644756808877
16,3e995d6f9dda5f29c02af4c9fcb94bac0csrw,0,0.5749054551124573
16,e932ef68638c37220f4c2c386cf54578x4hpn,0,0.1017826646566391
16,2cc1c5bf18c858fd9c74901d8d80ab70ak8e0,1,0.9967945218086243
16,f8f87e237833c3279a953b785653b0e5qka8u,0,0.3000035881996155
16,d6fd864297177c38cea65aed8a45fb7bbp2e3,0,0.5130091905593872
16,84560dfb1400fe920a29ca2c728acf1e25eli,0,1.5348205345544486e-11
16,7c0add0ef85bb5194e95ceaea737f90fyv13c,0,0.7339800596237183
16,655a95d80489d145052254616787cb84fwqid,0,2.0436053023431544e-12
16,1dce9aaf9d6b9cba38f9c7489764fe30nlrq2,0,0.0007304124883376062
16,7639039411fbcc6cf1013b247b2622a72g0r9,0,0.02322445996105671
16,67fd1325fbe3cd75a110cc80b9df9708l0w52,0,0.05050617456436157
16,0496c24a6a7f593f28bf7896350e946advl6i,0,0.0019911739509552717
16,a3d0a600cdb44f03d58f27b19247cd0d4az4k,0,0.010851181112229824
16,30788b28de22d28938ecd7ed6795a8b022qm7,0,2.434133783424386e-8
16,36473d4c641c4c09c20c80e2ab35a36dwzp5d,0,1.4409262121262145e-6
16,e0984156959c3e7cd05b7ec8ae239303inqlo,0,0.027803612872958183
16,70cc5da141baac4712163f5cd4bd4a50za0n9,0,0.2255643904209137
16,225716d7bdf8f90cb4a4b779c663cea5j9sqp,0,7.784886017075943e-13
16,2b2ee7d0ebdf910833b5cb173c567881jt8sj,0,5.621444998382685e-8
16,82ae4df0acf8237d7af1a790e3848645bp73e,0,0.02902085892856121
16,c34e1a988fb471e9eb8a5e84bb8ddf90k4hng,0,0.18710993230342865
16,ca28bff4ab1f6e74bf08b92e16989e11vn2mf,0,0.011738353408873081
16,3de66f8a5453943040d42e1e73f11eebll8h9,0,0.05168586224317551
16,c1d9c4c69367536d7b0ccac19527629f65025,0,0.0002198443398810923
16,9ab00034c9b00521ce121adb5dd4aa15tlhc4,0,0.3928733468055725
16,c4709885ecca7b90dea4beb5dabd68aegk2pz,0,5.647637408401351e-6
16,722d1147768bdb5918584997e1f677e55g0nv,0,0.0018569388194009662
16,7da6a36817cf2d8c3be218a32ab25550c8kg7,0,0.0019204290583729744
16,14e29ea004067aace14ee4543876a06365os8,0,0.000017898741134558804
16,6cfd573a82acda92e8207745bca28aa7lqjcm,0,0.00039262769860215485
16,68546847f11f6415034b7e2263e8ece62p3ud,0,7.661602463571171e-10
16,7b22c9a323baf4a7bc7a3761e4a30bfajixmt,0,0.03815023601055145
16,e578807073c57556ce334044382a9b98iaz6o,0,1.962719320403039e-9
16,7ec5c7e2317a9b68e861060531588f76fpldj,0,8.334348322591723e-9
16,c41ea39b2e13b0fc9ccccc2546f924f1obd0w,0,0.2559349238872528
16,54957cfd12ec8c64918b6200ea25d27fsc9hx,0,0.17433349788188934
16,a3ef8289a92196b07e2e7371bb111e3aom07k,0,2.4963989631032746e-7
16,445eea09a6299164f60dd11f23276b44rkt8q,0,2.9564881098842477e-10
16,a679d00c30c269a8eca148458abb8665kciaf,0,0.5972957611083984
16,d5337c2d4b58426b30c8733313eb5247syn5p,0,0.00025180517695844173
16,76f7e6c70f2b84d885b23e2b2831e113ueqo2,0,0.0001392016129102558
16,d7eefaad31febe607c252199a7672420kl1el,1,0.49693042039871216
16,10f01aff2fc23653ca7ea1d74248357a889wv,0,0.004748127888888121
16,8a27b2e29086c0d2e589053537e88393zsyr2,0,0.00004307007839088328
16,4c341a39553faef07ddb917ea4e069ed0yi3y,0,0.028686119243502617
16,fb9b1e58ffba4b38175c11e03e51e1f48dnm1,0,0.04067011922597885
16,88641b0f22cf175876bfc4adc44c00f58b5rz,0,1.211928907923765e-11
16,783d5c219ff84cc0517f59a39bb98e18st85m,0,0.016245035454630852
16,c8f537f6bb0aa2d45da541a875f014358qm7p,1,0.6379547715187073
16,94c8c0f9c90820f28928caf5d122dabby69ts,0,2.237999022214332e-11
16,0e5ec5baf2e15afdbf5212d8461e1ad9h3kr0,0,0.13414515554904938
16,466ebf78d7326a38db1e19fdc1c70e9b1qu0z,0,4.224967597998841e-11
16,9a44bfde11a7b6ade17cd33a2b5102fcnlhm7,0,0.16276530921459198
16,29013ddeb60a18f7d3bf9f3aaaebae6c8651o,0,0.23518915474414825
16,9be39ea5a0612fae7bc43a25a6d10856l3qaj,1,0.6670801043510437
16,67ab503313f60aaba89f64e2ce3b459fvyahu,0,3.93156440736675e-8
16,14fe3602f049d4574cdbdef13789647dsgtqy,0,0.000018228793123853393
16,4038ae3276c0b47f420a5d73687fb73bghgxf,0,0.10287585109472275
16,76ab7c99de4a3141bf617bf30bec9feep3zuy,0,1.656491437074248e-11
16,5c5dbe70c2cb05d208c22d204146e1e9f3lvq,0,0.04297472909092903
16,cf1f2b6f29840e1ecbb31d18fb128c38bseas,0,0.9993521571159363
16,faaa98763b59ed5f02836d4bd682035bfhujq,0,0.00048771832371130586
16,6c3bdc508c20f2f3871766cd73064c8cib3xh,0,0.04774285480380058
16,9655ccc7c0c193f1549475f02c54dce45kjw7,1,0.7288016676902771
16,35a02f50226eeda275b29a09acef2177k95eb,0,0.0001195330114569515
16,6ab75792932fb1ea6fc74a18edb7888c2orvk,0,0.00007654995715711266
16,98aa09a7ca13559a9e2a43fa2ba4d2b7klwin,0,0.32993414998054504
16,603d769a86a359a0d41118b47c0ab41fx7kz5,0,0.0029214753303676844
16,4d6fa52e125a18f433db6e6603b58ec7k1key,0,0.38481053709983826
16,db12e9cad5e847cd7a40ec1ee649e475iwzqo,0,0.05168586224317551
16,7bb914fcdec49aa88c7310a3dda716aa9fb8t,0,0.00012095823331037536
16,01c1c7be49cd6cfbb9075925a05c9899p41va,0,1.1038917557826267e-9
16,24a9abf72cedcb421e831c1be26607e37zojy,0,0.0009696623310446739
16,a8b8959fe64f490d32fc15a5d1144f87qj9ai,0,0.00003427999763516709
16,572c9964ca41ed055830845993fdab29p4f03,0,0.4067368805408478
16,d9d24106ae1ff4f5bc4ec3caf29d7bd2c2f5o,0,0.04988987743854523
16,fe27fe0815883aa3e1a312f0dcb45981txa2m,0,0.001529628993012011
16,167008af05d4feaa636a565f6f83ec61a6ogj,0,0.000572585326153785
16,8725b0aa1a32054450c16b099328fbcbi71gi,0,0.2894265055656433
16,7ffd9b7b795d9335153d481fba4b3076plrxc,0,0.3513341248035431
16,da950a556200395a82e23e3bbfe1abb6xs258,0,0.05062036216259003
16,74149197c8684977e397ab60a6a264836b0lv,0,6.905082517057182e-13
16,c353286290001e0943ed9bb160145c42etrf8,0,3.585127927863141e-8
16,34914d163517a0cc4f0c971afb2352106vsvz,0,0.00010205656144535169
16,fdf908d608a629d5ebde14819231878dojel8,0,0.0001276456896448508
16,210ae8381324c41f7b49e95f1b7aed80z55df,0,0.0007159617962315679
16,c9416e793bd0559bca3ad4a5194d4cd1k8eyc,0,0.10500256717205048
16,d144312f2f68dc33a63b7863911b2aa459i99,0,0.16042473912239075
16,ff3ae9450581aa3de5d2326f70e39d20w8fbl,0,0.000028480517357820645
16,76ed824b414b5e690ff82e7cd2f5be52256my,0,0.4959341883659363
16,64f6b099082e4fb2e8da7ba4ae9abdead2cej,0,3.9592220696599636e-14
16,078e06b3288cf8f18ab7ed44b245fc56nbyfv,0,0.19499246776103973
16,036a4050a5dd65e70f0f613ec2e38a74re026,0,2.2504263730294127e-10
16,e76057d8bcdbb3d2f935c30849a17e4d7ordt,0,0.2900230586528778
16,679fe2a21415aa98a3cfb88abd0507edzjpsw,0,2.8198590484862507e-7
16,1a09feff347553a2577983d7c742e3d6l2hfo,0,0.008982007391750813
16,65435e491aa69dd9d44d70a9aeb6e847oqlty,0,0.0020836370531469584
16,fff2c070d8200e0a09150bd81452ce29ngcnv,0,0.000016053265426307917
16,39b501f37dde9b055d627394964d3260qiktx,0,0.10224013030529022
16,3144ea2711bef53de88d89d71acd16c5q0bzh,0,0.0369861014187336
16,74582963d3774699f4215df7f2d17c1b6b4pn,0,0.004358452744781971
16,a6230fdfd4879433e36a76d53440f426c7a7a,0,0.27926766872406006
16,2c449b1bbbd5f8d9bcc1159b7bd3caa32jhtp,0,0.46942806243896484
16,4731be79b5c7e894dabe5986e747b97bd6yxh,0,9.798058198118298e-12
16,04636b6c61c80f5325efe61183e8edb01ko20,0,0.00002748120459727943
16,f2f10539ed947e4b141b2e9bf21af65ecz4f7,1,0.2202553153038025
16,37bb1697e1c3922a06c2d2ea4138a4c8s6wgk,1,0.9936428070068359
16,6c2488ec88e02bb38920200ece7d337e0bffy,0,4.555494825808637e-8
16,8fd35d215ab6530c2ef096c87233cbc93juwy,0,0.05758191645145416
16,19033960ac23dffe078a1217788bc720jvjbz,0,1.4634609496466666e-11
16,7114afc59caf2cbaf6ec1733922065f3uz34p,0,0.010442045517265797
16,f0ce8b973cb8d6eef9221fd3d6698fd4kl3g7,0,0.0003432145749684423
16,b5d61accc925a0e86ab7274e1ad82532gb1w6,0,3.7712545690737898e-6
16,17e4d6d9a1f8ec00cec1d4fe79b059bd51476,0,2.396577603036576e-9
16,698da938f6fc36305616aa6f8affd53fobj5y,0,0.09104800224304199
16,71396d66a14f4ce0c96436456462863abwefv,0,2.8335177830740577e-6
16,49f4481b6bc2255e745ef20ac2a720754r9mp,0,2.641177445639187e-7
16,f6a7e7b14d39804c7d15627e2fa384a1cq892,0,1.2170934837740788e-7
16,caf32bc98f84a47829e76ffe104371f6kphvc,0,0.6782742142677307
16,ad590c59c30187b772258a059d532db42tf4d,0,1.5082970605817536e-7
16,9a272c3baede0633bab0e15ff98d207e3ldpv,0,4.30494674219517e-6
16,e588d3f7a141147e4f8dba29377144707vupo,0,1.2377367197575345e-13
16,22e65b6bf73fab510ee814cbaeb9ebc1252mu,0,0.26003384590148926
16,e18ddfca4efb99a785c68ede9ef773ea8sfmz,0,6.56048548819399e-9
16,354d4abc23881a40b8f119225e0dbd09tk1u3,0,0.0022181738168001175
16,70db4530c292bc759238b8306ff4ebb6n4l6t,0,0.007582801394164562
16,f28b5654b5633a0b5e3f757a16080116sjj1b,0,0.1889016330242157
16,4de568a9b480f0dcd3f2ac385121d75bbpy82,0,3.068383627692281e-15
16,69333c66e55cdd6cabcc6ae64531fc33w20n4,0,9.956153235179954e-8
16,b1ae4691fefd3d09d74096ec4caaa6d1v6tbw,0,0.003929696977138519
16,37d71b4ae830fcfa6f0c4f65ec386414n8h5l,0,6.57902035072766e-7
16,771f6754997a1954eced81d46348b4762k475,0,0.297549307346344
16,ddc6dc00f416ce10f23b57ebf758c2eeawzjw,0,0.02535708248615265
16,c1c22607e7899ada525b74e757d248ac2b8ac,0,6.79910954204388e-8
16,cdf1fdd424a11dde166c4bf069d6998eph7b1,0,0.20560136437416077
16,5f56908449455ee9670c7947614f7b4bxak3c,0,0.01965038850903511
16,786cb68d5d2012dedaf70257449090f2hfb88,0,0.0002132855443051085
16,022ac3a7ce986049d9a4bede83ccf9ddctvg6,1,0.8231515884399414
16,4c93ba564461b1412df6f033c8ef71e8ck438,0,0.3022423982620239
16,25aca203223b4d9563f5b1a01aa3a21ftlgve,0,0.03748549520969391
16,424b638423f4862b2a84f22ec25fa22eb2c8p,0,1.1787730045398348e-6
16,e54c3b01eab75ad3a616d56dd06ebef758ua8,0,1.6393855674021185e-12
16,29e08b4d18198fe9265772fba3a4f6c4mj1rw,0,0.27587637305259705
16,61e4b6ad0fc268d42c330ec99fd8c939yb7t1,0,0.0034733584616333246
16,e29ae1bd8e6e7dfc9cb43b1572d3d55ca0hc1,0,0.0017461890820413828
16,235f78b13fc87c995c1f309403ee56bb54tu5,0,0.015437543392181396
16,2b5c4051f232c4848dbbb477c5ad7f389f4b6,0,4.6527668473572703e-7
16,9f34ed261596a1114cefe81158c5617biq26c,0,0.0027709088753908873
16,0181b91f58e6cbaa832235e2879c9c00ovrzi,0,0.010766609571874142
16,c17c63af831939f5e2fd12f65821db65umonm,0,0.22802734375
16,e0fecfdf4029d9a91664e703a178397718lyl,0,6.529874863048235e-9
16,15f34e73687d7361ac0d780737fca261g2s9n,0,0.3761857748031616
16,d1200a75b6c05584f4f902e74d3dead76cj15,0,0.007713578641414642
16,efa1611e96c3238913333b8525c6a196rvy38,0,0.00017433044558856636
16,b7e0afcd391a22444eaa566aa527eec0x2yv3,0,0.0008193876128643751
16,d2b8a15ae403dabc5aa752b205181dbe1lm57,0,0.01433349959552288
16,369515b3af4f8ca582f90271d30b14b6r52aw,0,0.011322492733597755
16,c806dbb2decba0ed3c4ff5e2e60a74c2wjvbl,0,6.178971223569363e-11
17,624f258b49e77713fc34034560f93fb3hu3jo,0,0.0014761629281565547
17,1c5f4fc669099bfbfac515cd26997bd12ruaj,0,0.008930050767958164
17,4bee9aba2abda51bf43d639013d6efe12iycd,0,0.032754864543676376
17,7eaefc97fbf6af12e930528151f86eb91bafh,0,0.002487168414518237
17,d1be739798ba0745a1fd72ac918a9f1929hei,0,0.5195807814598083
17,d91a4421996dcf429f575e372915cdcedae6g,0,0.7227076292037964
17,880f542a275df1251612886d408b32e8m96cp,0,0.6357740163803101
17,d29003d7f3ec1f0e4ca9cc17e6389b4a4phcg,0,0.5662928223609924
17,b37b352197594dae96bb9219bf59d656oz79f,0,0.33720916509628296
17,d36857d18a397e7e24d05dcbef3b919ftjstv,0,0.49641481041908264
17,29cc13d48af9832e0eb481c8a095fec7mom74,0,0.2711004912853241
17,342f22fed8b1e90c6ff1a6b7bd80f6334w094,0,0.0048845019191503525
17,e97becf0d4632035ad4cd5e65c827d6f0xawy,0,0.588653564453125
17,68d468e15e0de0bab9694cdca8e799eb2j8kn,1,0.9371837377548218
17,792edafa0603516a57932e6103e9dd54ajar7,0,0.03003474697470665
17,bcf95b210295831ff6e20db3a570f909n3q25,0,0.7127208709716797
17,85be8fd21f41bc3dee86597d272825726bp69,0,0.6769376993179321
17,ef24ca4be7ccbd6ec68d4ea9f47c9e8ex1g09,0,0.4818510115146637
17,dadbcec8b02ac75c5935f419b318ceca1wwjw,0,0.0003362586721777916
17,02bde521e763e4f4e590e8368149e04a96il9,0,0.3885056674480438
17,f769b9f92260ecf046efd05bf9ab6822j7c02,0,0.7084226012229919
17,87aa94042390f9267d3b7d90e42b022ek5mbu,0,0.4051138460636139
17,001068c415025a009fee375a12cff4fcnht8y,0,0.018056243658065796
17,cf33d05860b7f7d9af73c6091190b81ektz1j,0,0.7499040365219116
17,28c0d4c81a22958352aa742f7d74e477qwo51,0,0.607018232345581
17,915ccac760c7359a446100fd1a54bbf6oyrzf,0,0.7475568652153015
17,75c4518eba20c9299a3a836d9905c327w6j8b,0,0.03671307489275932
17,5960fc711b544e2617d0f76360b69e2afds2b,0,0.030473746359348297
17,ae94687eaad6b410713db9106c42566axgn9n,0,0.6079826951026917
17,367edc726ba8e667973844395493559dtf2o3,0,0.6829079389572144
17,fc8e62e5fb69ba67265a3d0e3403aa3fr8c2q,0,0.7448720335960388
17,2e3b450b727fe3e888c85d52251fd33ffoi4b,0,0.6614729166030884
17,acf06eabed56f179cf32ab60b6b076820ajls,0,0.7416654825210571
17,7264bde42ef4fe3fa19cc7c6d64696cf7pqtd,0,0.7537100911140442
17,19353c42feb91a216885fe012efdfb11s2iu8,0,0.031232917681336403
17,20ebb9de648c6df989f04d07cf273c7b3yu8c,0,0.635667622089386
17,6cd1bd77bbf2af6a2c6e535192af628by3h22,0,0.0015741324750706553
17,090c77ac89c7063f0d0ce064ce3cb3afllf5h,0,0.013051354326307774
17,3be127c56b2de21dfcf2836f20afe249hqkxy,0,0.007008735556155443
17,8126928a319468b6da5edce4097d2398xwita,0,0.2630815804004669
17,2c31770e98fc9fc7e0f1fee6207b5600c0e10,0,0.7375750541687012
17,c7d335bf99b9c71fb22797ecbd78b92ashv4h,0,0.6737977862358093
17,1af4685cda2979a608c4b6ad83473774qgicn,1,0.7521956562995911
17,ea0e5f7d93f2220a62bde8067f26daaa7oxgf,0,0.6745268106460571
17,8ec8add138ed551bd5a9175eae0cb972ie0pk,0,0.7582138180732727
17,e561facfea467ea124df0111e041287ctvgwn,0,0.005840649828314781
17,ef9ce9b85309d7d1044ce57055705bae8pqlg,0,0.7150416970252991
17,b8e47f06aef714b37073e72ac40a8100mew9c,0,0.537438154220581
17,d6d68e218a6cafa246ed31185b09e1e1fsu8x,0,0.4180913269519806
17,01a39439e7afbdcfe385eedbddb23d76zgdrg,0,0.6845070719718933
17,7dc423d0bbfd840fa0bf75203cd7bcee75kmh,0,0.6900363564491272
17,1291b98e40353f77928e363d54a13c569bhfb,0,0.054624006152153015
17,c600968815fc32b20e0519ecfce5b648en2wo,1,0.8785954713821411
17,64e802fa8e0c17ec2ba1b6425648b7cb7ndkn,0,0.7487280368804932
17,b64c209b3d1d91a663d134961af89125u0s9a,0,0.3885056674480438
17,0565a780f2c5b46837bbe9739ef15ea92fdu0,0,0.6969955563545227
17,81a6dd18d43cb3b1999176eea563b438roe7y,0,0.6880295872688293
17,5e611461283a5c3e49b5bfbf9c33b7391ce3h,0,0.5198727250099182
17,aa8aeba2bdd0353a108b9b26f12ed59559mvz,0,0.1340854912996292
17,e7a98dc8545eb429007cb48799a40a2dc9p6o,0,0.7353220582008362
17,a2d0b7ec1595325cc63777f106e09fcd88y5g,0,0.008173026144504547
17,f876e3be4038da62f49234ee498feb732gdcl,0,0.006277360953390598
17,205c519be884c5b1c885f61c4ba8738a737qg,0,0.6803391575813293
17,3a8124eb9fd3977e43f5e0762d9a09d536rob,0,0.06827980279922485
17,f61d93fddb01d2d89a85a132c649aa90lj1z6,0,0.436780720949173
17,cf456f3c8c409ec4060142acfdabb5bbqpx7q,0,0.380827933549881
17,7b93ccc9d5730b561ec5fa7f4bd48c04qudf1,0,0.7552617788314819
17,f0f21cd3d51b7a233988cb1c3c5df977zjqkj,0,0.6131516695022583
17,cf9a1c3af63d1bc3f55728b4a06a5f46njrac,0,0.5641764998435974
17,29544507566320f1125d8e9f9a0ab3f2jswhk,0,0.7089115977287292
17,6f46b3e231003daf21108df4624afcfdaaswv,0,0.5719751119613647
17,1680f758aecded6e25096b3a6199b38en6n73,0,0.6497818231582642
17,e22528ef6a439aff5a8b19f8c9b07c19fyzs6,0,0.6469205617904663
17,d9177cca9a1bfe3478cc4f11a0d57de2p8ahp,0,0.00041459008934907615
17,1b0534afb7c02bb023bd4767ae73f17dqzqdu,0,0.7219427824020386
17,fb5a19240e36ae12aaccc1e9d9231144l32hv,0,0.017078761011362076
17,300bb4c9816a7064b106c9c6cec2f51ei13n5,0,0.429632306098938
17,340bc29eeeb9b9d04eb1fb72a1a9a2444brgk,0,0.46061328053474426
17,7f86c3c417ae1db5bea10bf9d0a7827ct3ni4,0,0.7543441653251648
17,c18cfb38fe1c4c01705391422177265cn9w5x,0,0.00470395665615797
17,4a2d5b70f0fcec3ad9d8ac4b447efd6f3vs9c,0,0.6696252226829529
17,dc752fa41d974bf688d25ea9d18e9a2eit904,0,0.02382476255297661
17,5c725e840bcc103bb8d12c54ba9a0b37blxvw,0,0.06414463371038437
17,eb2c4b4493f31788ead745533e0c9a18xzzlk,0,0.6166480183601379
17,35a89119272ca55d7f602689616b58c3pebir,0,0.6013287305831909
17,b42ef139c2dfbff8356e8886d2b109e06riso,0,0.6956888437271118
17,3d54d594ffba32e8d6527a688e7227e30iq3k,0,0.632779061794281
17,11d7f0a5076649b229c301a22537834e1ehwg,0,0.7436946034431458
17,4f891171f7b09f54d8b4f30b48421f178m75r,0,0.7075026035308838
17,e67abc3ba39537cc640678297a7c5bfag490k,0,0.6446792483329773
17,e24542c1bd46a4a0f98b0fa95d8fc40brecdx,1,0.7596689462661743
17,9b51afa3c3a736bdf93bd1f2a7b0a0903c34w,0,0.5531582832336426
17,39f9dad880d32ee607af7571ec24807bn1g2d,0,0.6708327531814575
17,f04748a1437347d837a65ce04ee7d94enqhub,0,0.7059887647628784
17,c871daa6b709e008825b667b05efddca04jbe,0,0.007827193476259708
17,37921a9d842612b3b0281f7098d0002539xrj,0,0.5381272435188293
17,c6f07c222aa3a9d35b0e01f8959ffd21oownr,0,0.3576468229293823
17,86b6207b5e87d58ae307bdc1545a101akz0ew,0,0.2769513726234436
17,fb6814db96bbaf61f42270a85f0f62adunxft,0,0.6445121765136719
17,4c2699de8bc9516b09c5e5c8bae6d6c6xiry9,0,0.5264804363250732
17,1c66f261724506bee45dd18a4d221bfeh1687,0,0.16996145248413086
17,584d1d60d357a4ee1fd3b0a6a72de1dc4rodn,0,0.0040085758082568645
17,392d936106b75256632c9dc83c4f1a169bke9,0,0.5465103983879089
17,55d0b2506cef6464d799879b65c6ba29hjcv3,0,0.6793033480644226
17,ec0c9e98cdf302274974ad212477f851iw35b,0,0.737278401851654
17,a664b6b42fd48403fbd34800063fa50bz6k4m,1,0.6699669361114502
17,876b122982958678f14bb25d887dd79dun3qa,0,0.5659838318824768
17,ce22684df495e376e32ac95d3ceb1164t37l2,0,0.0017092266352847219
17,37ebf34eaeb8a434976416c34ed5c6d8ywyoj,0,0.5127240419387817
17,790c497536a2a9fe080c3b2ee6d5eeb9caiv8,0,0.115993931889534
17,45c3a73b88760d4390f42ea4fae97d84la5wh,0,0.28499844670295715
17,0318e0a173f7c65db40116b903884c854x258,0,0.7589971423149109
17,6767cffbe2c0957492aa451560655be3hjd6s,0,0.8488882184028625
17,40ef6a4a0c99b478fee1c93f4105b9d9mh9iv,0,0.00145993463229388
17,cb9a75312b809291306c6213ed5dc67dw31qz,0,0.7385997176170349
17,9aca61f505f40a3b4f7865c2d00e2418s0e1f,0,0.746924102306366
17,d7340ee3c04e600c31fd2a34c760f7e7d26bn,0,0.5640801787376404
17,d8ff621bc161b09d9192c445f4b3be7b8xow6,0,0.6016702055931091
17,3d48fb12020c1a81a65fdba2d75caf0d6q2nc,0,0.5913069248199463
17,f35082c6d72f1f1be3dd23f949db1f577t6wd,1,0.0013722151052206755
17,8ea020a1fdccfd726f74ed7e90dc3400zy9iy,0,0.31415340304374695
17,99bfa04865566ca88573ebfd3c7fb1f2c64cr,0,0.4786529242992401
17,4073de52fb5c46376dc3cac6b2f2cecdxyqjg,0,0.6336690187454224
17,b071545f5ad73150880c42e780d951bdzvxn7,0,0.7213540077209473
17,2eaf4eef52d5b17615d08bf77386fa42yotej,0,0.6407299041748047
17,fb7c9b1dcc3b44dd69e42a84406117db4t4mn,0,0.6829601526260376
17,cbc71ae3c3690c89485eda3f08b9bb51rqrxz,0,0.6620613932609558
17,6b85d622dec4fff284d55895eba9969dqlhu9,0,0.01794399693608284
17,80bf6ab93fbb8316efd5c0b42d4b46c83qrdn,0,0.05069126561284065
17,6c0212679f2439c4113386b2c6ef513e8wr8p,0,0.6015949249267578
17,aba1120a5b13cf72c1d52c0dac8aafc67nmoh,0,0.6219038963317871
17,6393f55c093e04e6e608e1ee8be9c3e28omjd,0,0.7111870646476746
17,aa7e36069de119ee3ad7c4d8c925fa3ekrs4i,0,0.6522688269615173
17,429f301119adc32d35541dd4d60903563s7nr,0,0.7271815538406372
17,54e279a4e162af7fc55d640aa62d0cbc9hxil,0,0.7360457181930542
17,bc7722baf876d0735ddc885691eb687bgz365,0,0.6665313839912415
17,34cc283e180fcd4902ef8758714c6d83th4nf,0,0.006324743386358023
17,61a4da78a5aa5bebcb3e9818a46771766gtq7,0,0.4100028872489929
17,38125387ec30412c438280af8931254dmvfgb,0,0.1584361493587494
17,fba0c76970a464cfa9c043c906442f0eg53a2,0,0.006610587704926729
17,f8c42ccd10c3fe515e53082f0cde9a18oxgws,0,0.7386647462844849
17,6e18a078182a21b8522bb69a822cc338in7rn,0,0.654560387134552
17,a6ec153fc7002cfd929b9f7199914cf75upgt,1,0.7434870004653931
17,f334d76f60cae7c67ab04b9e5cc49907hqsc4,0,0.015608692541718483
17,3128932859bba46f57cdd19579c42e05lif6h,0,0.5431171655654907
17,4c2af41637c123c78074e46a22526298vol9h,0,0.3686259090900421
17,3d48d4b09fc7559bb6c129fb65c133808brgv,0,0.00150139385368675
17,c8e474ba549fe924bff9d3f585a9943cg9aju,0,0.0004062081570737064
17,1bb03cdb913f203f704caf8bf6840b6fbpigb,0,0.7017243504524231
17,ae6758a627a111f6d6b530b0154c429566o4k,1,0.685502827167511
17,84d75f71a61667cd327367453b4c0d2frury9,0,0.7459076046943665
17,f27321571b5b6184e86acb6203c766f2bsfxg,0,0.671862006187439
17,d2fc5291537a61882065e571c21e796975uy0,0,0.00448546651750803
17,313bb0007cbdd82f326d58c96847294c9hz4k,0,0.04824504628777504
17,a4734769962126673e975a627e930b5fgc79n,0,0.7478995323181152
17,d645e4b8b043a18bb1c8689572ad4fe16q3np,0,0.5422765612602234
17,d1780c224460a0c20d5c2f5f68714c5264xd0,0,0.3885056674480438
17,efdf59a8ca81c5d3744f9121ac8fd2c7coy3g,0,0.6217042207717896
17,e429d13bc2c7acc82d8d68fa020546c38v82z,0,0.6237422823905945
17,c41f5fb84d9f9e2456a5264c79919569vrhau,0,0.5604723691940308
17,b5a92183d20e5ca98da4065c874e0b9dezbhx,0,0.7042989134788513
17,c72012c8072e2441b3ba8173205cd298cde8a,1,0.6489841938018799
17,98a5197faba8ba72d6ee9e1c95d65d737sigb,0,0.6484073400497437
17,f19531503f1485a3014189a80971c6fb0d9fu,0,0.6633686423301697
17,06b2d71c26ef3b6e29277f761cd0db90wuwjo,0,0.024233220145106316
17,631f923b7bcf91f61a2e9f96520bd8c8vtl14,0,0.6433961391448975
17,f73eb6e2e7a872f97c715ccdcddac77am8bq5,0,0.3244180381298065
17,4c67576a6f30a158d16d790a7fc482b0zqxue,1,0.7557427883148193
17,45fe4f0fb849e7195a1efd5495d1285f2culj,0,0.23901864886283875
17,23af639c0bd57bfe9bcf3b16973d58b7666fe,0,0.5979722142219543
17,3312b8e73417810a88be459d75fe9bc2xhd8v,0,0.01413216907531023
17,44c38c27b9de757c8c7c05cf07b7e3eb14qpt,0,0.006876958068460226
17,c59f4511da2e8dfbf02668a49bc391895wk3u,0,0.020715994760394096
17,7622d7085237d6b73d08e9d70ed11fe3u8mwm,0,0.42633217573165894
17,9a12aa1aa3560062c6f84bd374eb5f7f422vq,0,0.5699915289878845
17,bd29e36cbb063cbb96ece76680ffd9121dy90,0,0.5155948400497437
17,339b8ca3185dcaffbc3ebdfd960020e8es0as,0,0.2902659475803375
17,7d8d3493942dc13742444f28626c5839axjqd,0,0.7395792603492737
17,f7e3635c9a532fb9a60d6eda6eb7c7de3uqs2,0,0.6084153652191162
17,85ac49e7f93bf0e20323de78362bb4aadnwia,0,0.5223508477210999
17,b7630ee9a73e7ba6f11f7717b7f03ed4be2hb,0,0.6594521999359131
17,5d5816d216122786933fb74c459f35fc0vnac,0,0.6506803631782532
17,3ef757c3d6a272681c69bbd7e071b705yzt8t,0,0.014857004396617413
17,b416bf88dedd6ccdbc3a2146524500258qdzz,0,0.21727745234966278
17,3cab5bd983f5be9c16789b6c14bae982nhi9c,0,0.0008002540562301874
17,0817731a4d2e319f6f771da3f522b8bfv6njs,0,0.7310806512832642
17,dd76fa7a75bd0e1921f71d255a8e0853l4lbi,0,0.3789515793323517
17,a0aeb6de8a21a5b776f63530ed753fdb34k7y,0,0.7196688055992126
17,309f446bdb138faeb18072285ccd9901gz80c,0,0.7213228344917297
17,4dbc8d336dbe0241c9bbb0f3630f25059yo43,0,0.009437965229153633
17,54379b25f1f35d9df78da9cd774cef74u5wt9,0,0.5056067109107971
17,63c48b70d37dee5fcfb26f94107ba3b94d90p,0,0.61585932970047
17,fec57d2db5692eb144a71aaa35a11b58delkw,0,0.0750083476305008
17,36f52ad1abfd307b73c9b69cd5197dddmmxgr,0,0.6813898682594299
17,4ac31aea605d17045ceedbce23eed239omved,0,0.000810955127235502
17,8d638f6da12614d6b369249410c3d278n8qme,0,0.0060726189985871315
17,aee383561c0019dc01552bfa5263af8etbuc7,0,0.6542921662330627
17,9375e98d0810ce9119ccf45300249636zfpd9,0,0.3755854070186615
17,01cda526658455000913950f20cf31a2q6nsf,0,0.6463496088981628
17,c963c2dcbeeb0b7051bd3a6a87483ce6i98xx,0,0.3387068808078766
17,92ce3c44edd41ad3222481daac1ead35bouwj,0,0.06672510504722595
17,6182daa56cb0623719228c9e576b71fcpg8r8,0,0.7575529217720032
17,b729f60d26fde89a01f3fa89759d6b07t0ec4,0,0.7816551923751831
17,5fc9437841f1dbbe63a3a933c48472fcohutg,0,0.00045318398042581975
17,e2165ff862178c7b2946f7f62f5a3e51wcvaw,0,0.013365651480853558
17,3ded667003605eb856ed1aa2b82c1732gtma1,0,0.7516921162605286
17,332484ddd66b9a3db89ee68f08b1288amq90u,0,0.545211672782898
17,f5edfebe95b4f637d1bcceb892b73dc7rhn7l,0,0.7654407620429993
17,6a2c4aeaa17c2fcf20958803a674f101vlxw1,0,0.6334054470062256
17,28b4c35bd90c81ca959da328806469d493mvj,0,0.00035176274832338095
17,5aeb71cdc92fe5d1c4a4e127d7ca7783gzje9,0,0.005821665283292532
17,519c0f3b989c8e1781e0910f685980ce15wzr,0,0.01326789427548647
17,37702159c6cd2c1a21cf66600e96cdc6rdbff,0,0.0001712214871076867
17,8644c9765c64da22776cd67eefe0f498u3aaz,0,0.016412653028964996
17,6ed39d7c89fa2d423017cc9811f0c469i2157,0,0.6700358986854553
17,fdad47d27b793b74470086c35333d4fepycsl,0,0.2599099278450012
17,e22850afda081aba360cc18e2a9021caqjjov,0,0.16296100616455078
17,30c3c92cc9408f55cfa895ff8a505930a3yy1,0,0.3518868386745453
17,171fbac128e6dcb51d0f07cf7ed8bd3er891e,0,0.6508616209030151
17,fbacab353140582a4b8ae3412eefecbc753vs,0,0.6165667772293091
17,a7c910e7c7796d979aa9a7a31d74a8eaqsapx,0,0.0005323566729202867
17,b853c1e4d6a4657d35705772ca6cfdc3qtox5,0,0.031869132071733475
17,a8c2410eb81513da23261a49135e4eeacw6dw,0,0.010691300965845585
17,4d1542974bc322859d3d099b8c5193felot1k,0,0.7467666864395142
17,9ae9782ecff93ddf1c6fa13d711b9fe1gc266,0,0.7015244960784912
17,08353687608279ddd83e4d36fadd1cd8ritj3,0,0.0007701933500356972
17,f0fd9f1b3fc9ff10c2642b3bf81946e2rsq48,0,0.7582823634147644
17,8e0462410d727b34290fec10fd5661761yc8u,0,0.6730764508247375
17,6a97f70ba29a04e77eb3b137e157070dc2mqc,0,0.26179832220077515
17,4ed4760782d4e2c65bee8cadc1fcdc89htz8b,0,0.6231586933135986
17,91c749114e26abdb9a4536169f9b4580huern,1,0.001861616619862616
17,ba266f4898bf572447ad65856b362595yjt2a,0,0.7114734649658203
17,86a34cdbb975c141eea1854b10dbf1c8seom3,0,0.0011853588512167335
17,461c1d143120270fff5ebc1b91934951378ud,0,0.04533335566520691
17,8f086b809805064f3c4a5dd48327c0f51yplz,1,0.7678367495536804
17,c503bb79d4f3522f51d348c680906c1bs0w7z,0,0.3541843891143799
17,5e945cce4e72950e0930b2700e77fc8eq2abo,0,0.5788651704788208
17,ae0dc05e48d0f1e3ad33f37b4400bd069jktv,0,0.6224728226661682
17,4b32495335dd238db6285f7c6bbe051fv1qoe,0,0.37557777762413025
17,e7445f6107c8cd3783fa722c7dd29fe6rcd3a,0,0.020355623215436935
17,ca68a41b3a4062f154dc1ae8456cd792d6kp1,0,0.36704251170158386
17,1ccc69e376c95da9bd569a5d1a176874ivojs,0,0.31560415029525757
17,2e07d37dd022e72ab04da76f51edaa13qk5rv,0,0.0050904639065265656
17,59cad1329d42bda3d678bae082bee7edgvt7q,0,0.013892557471990585
17,870932eabebfc108296437c303db6055kc3t4,0,0.003510967828333378
17,372bf02911448b7f62cc861074a7ac81y0jsn,0,0.02034509927034378
17,fb200accdd0411e96f1b0f6d6f6d4f52rgk01,0,0.6873910427093506
17,d428139761f7b7563d57bb1f87b55876388j9,0,0.025388460606336594
17,bdeb5eed17a812d2c47176e30b8553ae2k06g,0,0.0036364963743835688
17,142a2545c5c01937b05ac6de9773f9efgx0eb,0,0.0007186784641817212
17,21c5f4fff051adecaf1b080fbf910ca3dvi6a,0,0.7509022355079651
17,0d1815382b08885d76c671ab600133adeyp5e,0,0.7421470880508423
17,1df5be644b8963750305092eb8ec878ayba4x,0,0.7225118279457092
17,05c9fe8f8852ea069a93dfe39fc0571er9mdt,0,0.6439636945724487
17,5c2e85ba72b9e9e16f77939fee7ffb5eivaqe,0,0.3221941590309143
17,02cfc97e8fded77671e71e1951723d5fwz6a4,0,0.0011312044225633144
17,bd85d0d7fbbfab49136c241bdbe119dbgkuna,0,0.5173757672309875
17,3c37de5e4321388ba706233d5ca4a0bfp7w67,0,0.01055262889713049
17,baff2ce04381eb1bc4747d557bf52208vqmby,0,0.5769497156143188
17,24029e6b641077ab7b9a1fde11a42666pkz6z,0,0.7395410537719727
17,58c2b44923882a8252963e78886adaefh7hnm,0,0.10925425589084625
17,25f1a9c0c83eefedfc2c1589e763c2a3is1qy,0,0.016683068126440048
17,83e8aa6cb15daa745c75ba3c29a2f646zjw33,0,0.6721526980400085
17,4579226b86f3ca5b5ea1597efabae4c42j4rw,0,0.3059147000312805
17,74429c9ce8183e2b1b89600e6de4ceea5kn1t,0,0.03439311683177948
17,8a3f5e16e4e689897d872716efeeaa0904tyl,0,0.3153723478317261
17,e833712b1e29ffe74517e2dadcb4f2d1pt5t3,0,0.6372318267822266
17,ba194af5111cfcf1dd95eb36160c728ds4kcy,0,0.47805047035217285
17,a961ba95d1685705953ace49a29424e2ld1ek,0,0.6309158205986023
17,45e4c7fe66077b5b7b338f19f476f9d85jlk0,0,0.00985519215464592
17,ac2d643e0c0d3bfe8e54e5a961c6cfdb5xn9v,0,0.7554963231086731
17,a945c65b19da56d0c7358d8858fe14e8ulfel,0,0.762175977230072
17,f725c5b4cece8353da7a636fcba0ecb5yxshd,0,0.6066972613334656
17,88ebdac47cc2623888e0bcdfb35b692ejrbvv,0,0.7721768617630005
17,88acd2e23ea6817d9d9fc28f38a8d1aftqssz,0,0.696884036064148
17,a37b105534ddcabb169f6ae3ec928d85slw6z,0,0.18722529709339142
17,cab7ecf98fd0489389a3a8d3961defb3k66og,0,0.2349608987569809
17,a027780df5d0312919d41edfd4947f27odx7t,0,0.7304593324661255
17,459ea22b6b51936d0788de9f78a3547bf4jrw,0,0.34899288415908813
17,d810a7956e4d9fbc246d585ce84e8ea0750b2,0,0.038490574806928635
17,041d869edcadf595b90e3b5248903183pn754,1,0.7572445273399353
17,c89d56c06803b8c6316a7c906604c64939yri,0,0.5763260722160339
17,462df7ecf1d47980dea6a93d44fb408d4u2d5,0,0.7498614192008972
17,74487d5ffd5c34de4fecaf9dcb66f86b0wwa2,0,0.6995833516120911
17,a262e805f766306f4adb38211abf235akxqh8,0,0.2756042182445526
17,3e0bbd7d75cf543a56919ff5069b31a9gcbql,0,0.37341704964637756
17,96982cc1eefd6f526b512755151227c3h2w3l,0,0.4464736580848694
17,96f31c5b3baa8704096cc8d4301b4c96i6fyp,0,0.636074960231781
17,f5ab013f90cb8890d33c6a309798204155q15,0,0.4963989555835724
17,bf65e77ce8676fbab6fc78b70c50f05a8da8a,0,0.776398241519928
17,d9576f0ba8c7479eb2b26f0d15c4abfayk5ex,0,0.3936302363872528
17,eeda0d135495167db9425fc5fa3a5e3ex2zel,0,0.01917250081896782
17,fa6bfb4a2156dc8e73a713cdab85bc4bmcmwr,0,0.0016288188053295016
17,531d4a209ec0cf76c9337b42fb1c3d9c9tcuv,0,0.03540230169892311
17,ec86220eb6ce57c91a02a7356b342599jrcut,0,0.6031724214553833
17,67fbdc4209a1566288acba904a2b5a7ee588g,0,0.7467811703681946
17,bb43fc12fbb0fd2b2536e4033ababf59exffy,0,0.0044164471328258514
17,d7e83a95a05308d4fae6428bb9073a7bg8aoa,0,0.04867521673440933
17,d4b2fd8f5e8e02b660e9803cbcfa6cf2t5szq,0,0.7632266879081726
17,721e69fd30e33488bf82b7e2f9c8cee28a9ea,0,0.5628281235694885
17,51cf4dc8898554aedd8572f97a95ef5cpi3ct,0,0.6328969597816467
17,715ee2811c764d5c58aa228ee801e518gqvli,0,0.5594546794891357
17,e8b82b8640ecdd154eebe6b36ec63f0bdwhc4,0,0.5524980425834656
17,79794d93380946ef72e95f55b4abc008hsns6,0,0.6779305934906006
17,8c09f4afd78059d9200cddc435f5c48ceph11,0,0.5679550766944885
17,3c77ec9f79f6febf630325ef84f2a0bcl3qg1,0,0.5175378322601318
17,f0e1c483773c2ef8466d152874872139e0wcu,0,0.39584964513778687
17,8c412ae875b672f18073d643c74f9f0clzbyw,0,0.5766347050666809
17,953e01bab9ac8786b4bfc77d183732bbqw6ng,0,0.5839474201202393
17,cb705744a588c18087921e74e68cfa10oev6i,0,0.7325301766395569
17,820dc943d26965d377be315497837bba5iz67,0,0.4437110126018524
17,6b0d09889ff4889deaabd5f15b3b34f1jxl6v,0,0.5932462215423584
17,400e8b5b5447b4d11e06a8bb0754d8d6l6xoy,0,0.009736407548189163
17,8066d0a6ab30c52b3ddca5da19518b6188t23,0,0.6724262833595276
17,683833b860c003e6c31c521c9cdb49a1kr6b4,0,0.00261039100587368
17,1bb7a8c04e70386f5496322158e9fc3ef6d84,0,0.7221344113349915
17,ac9bf3a07831666bde4fefb75c184adekbrl0,0,0.6929376125335693
17,50859deae0e0a599efde1725cde3a8b8dw86a,0,0.017865881323814392
17,0030a2dd87ad2733e0873062e4f83954mkj86,0,0.010041958652436733
17,c4294be0db6b5c9357ae5e2e7fc8da9489qpc,0,0.053338635712862015
17,664adb319c2be43104b6565a8ff293dea0f01,0,0.22081489861011505
17,eaad20ae39d343daf76adc0b1a4984faumuzj,0,0.49753883481025696
17,95ff2833eef5999a4f3ba4a7684d2b26a6v9j,0,0.22065475583076477
17,9f9dd5c179d357b53f145ae1e5cc941f5qfuy,0,0.016194550320506096
17,227bc0936837200d0aaeb444ab8d5f1axs8zr,0,0.6707592606544495
17,4950352b0410495ef65a92b08b5be463c20yn,0,0.022955680266022682
17,0ea26a4028ffc16d9a8631d43e1b92105auao,0,0.6327996253967285
17,ef415b2bbbb81ed33cec7242678975d5m5qk6,0,0.18213027715682983
17,5201935b289665a197e38f747882948fjt867,0,0.044873420149087906
17,3714da7069a5205137cacf89ab3a136ffx2u2,1,0.7536681294441223
17,c616385a2762ecfd8e4ea16d8a1f2596qw07a,0,0.12265452742576599
17,1982c4b164171180d480166feae881ecmxsgl,0,0.4738287925720215
17,7e8650379cbcb3ef8f7f6aefcd678067kzbdi,0,0.299306720495224
17,317d3e44b2bcfdd7293b84f82f44b8e31hx1r,0,0.0026974366046488285
17,40fafe756c4695b32df7d19d4c710dabvzr79,0,0.3885056674480438
17,92a63dbb8323426833b944a4fc196fe27pzha,0,0.24235039949417114
17,1456b44d8b2b16cd94278137269ceb11ns7wy,0,0.34046614170074463
17,76f17ce227e593aeff456fed46e36c83a3j72,0,0.7362948656082153
17,46f1d7df0a8ffcc10c3de0dad8979cabgr9ig,0,0.006932477001100779
17,1275d8a6a3b2ae9d24b50997397c254cpuuzv,0,0.7184890508651733
17,00cc97158e6f4cb8eac3c0075918b7ffi5k8o,0,0.19084453582763672
17,70739399d69a3b7ea9e72742dc728742zp9uf,0,0.0909564420580864
17,308def7f05575db9bcb6a67207d6c1beb2cqt,0,0.500324010848999
17,ec96b5b27dc870c8f59ef11b7371b06eenaox,0,0.6228724122047424
17,0f33df2513a519a35c8b3dcf1d7c7416jjjzk,0,0.7369264960289001
17,dbdb69d0032b0a251469107dd565b6c7irr4a,0,0.056886736303567886
17,91b8febfd1f556c06838992814e7653cr119e,0,0.0039192927069962025
17,cefd0ed907595de146c91e6c26b8ad658ilo9,0,0.5226147770881653
17,3ef2325f8b68e1c030547a2a54ea6b98zwa2w,0,0.0485638864338398
17,f3d3c913b225bc6cdb98c60f0936f7cbj8k3a,0,0.002055092714726925
17,eeb7e43d894af9161f84692f2bf9570fdryzr,0,0.0022753821685910225
17,a46046f129f3526547aca680877fd8c7e6tfc,0,0.013514031656086445
17,6c8ffec692e88d81e1b18d47818abb04v6llr,0,0.758693516254425
17,283987b9f1ffd4514757483ee1f01351xd678,0,0.71329265832901
17,3dbb502d9d6f89b26f62cc804df54dcandhp0,0,0.624485433101654
17,c780bc2dc7ab83d5e5c85dd13f0f7fdecfxjq,1,0.7044183015823364
17,4ef4b3e5727dc85f18aaf00ff9a1e936qyhp6,1,0.7856647968292236
17,baf1aa59ebedbacea2ca418c5aa83888imys2,0,0.002466923091560602
17,c910efe1f135b08acc32b2db162362033olvv,0,0.524372398853302
17,5a6376f140f05274d6e0dc888cbeb89eukxkd,0,0.6845455169677734
17,44bfa21b7d497f097a594c8861d4f8d4w5e97,1,0.7218062281608582
17,8d500e174fc28d494482f8ccb9438608zd51s,0,0.027560202404856682
17,bbd1d48ef4e8e7e3855938755275ad2b2le9g,0,0.6549934148788452
17,1fcca45fdd3d1d3638821f41e032f170en3h7,0,0.3691440522670746
17,c2e1242ad5ea781923a08987d55365c69fii7,1,0.749922513961792
17,6d1354e720cb9ec90e19e29f5f895669qh6g6,0,0.003596581518650055
17,6275d51c0324547faa8a87b499812268tl90r,0,0.5206913352012634
17,21fd0c468438a483ad1c60cfd1b84b850iyjv,0,0.7014879584312439
17,e4bee4e53a19aaf71e0ac0e3be752b2cz3k1j,0,0.6946424841880798
17,4d2fc319ce6c2ad370052e0f6f2b0a1dxiyau,0,0.5471355319023132
17,681b4f9dca9e70441fca4a58c05b0f50skmir,0,0.009168743155896664
17,c1859303603734d90d1a91d80977e14echjim,0,0.7240549325942993
17,c128bfe7aba668d71126d51b32428c01tkq99,0,0.7312914133071899
17,4641b5a43c7a2496ef93af2ca590d2c94s20x,0,0.6021820306777954
17,83dbbc6c5c7ed95048ffa9427d807692339oi,0,0.7186385989189148
17,c83ee624c46235430ad4338278f6d270wfzre,0,0.5116827487945557
17,fc16993f1fdbd5fa8f8ddd72b40442f0qwyo1,0,0.017508843913674355
17,3d7bd741177a712ae0417bc4f4a37bcf9jo2a,0,0.0003321387921459973
17,86e888c2dafacf13580a1211abf50961w6foa,1,0.7159013152122498
17,c41cd6791e262b44d26bdb3443fcfba97wlm3,0,0.7160435914993286
17,ccf30c9533a66f22f1c65910ae1bac1a1fs05,0,0.7091259956359863
17,417adcdcd7157e75c66469c07208af00qjnuo,0,0.00938777718693018
17,f4189a40cc622eaef015a19d75d9fe21mylhz,0,0.038468971848487854
17,f2ea6d89dd9897f0d6edb6f24c446f01ra6yk,0,0.6808704733848572
17,75613637a85df9328b743d33b0efbf1586qow,0,0.04466317221522331
17,28763f241cf0483ca1dd3aa1bbcbfc37xntso,0,0.010061768814921379
17,c888cda1ef5931da0db90f6803cd0d368ay6r,0,0.6640229225158691
17,0ad17aa9111f657d71cd3005599afc24fd44y,1,0.7292971611022949
17,7bb58b7875a093cbe7c5d487a825b730mjcw8,1,0.512800931930542
17,e9f928411213f44502e4942a29553ab1tbqgu,0,0.5330737233161926
17,f895a8d9d7974b3ee7f1f04a25a950e9v63ps,0,0.6877495050430298
17,f473c995ca7b5287f9b2f079f0d78a1e92226,0,0.7182183861732483
17,6ed19e45dc118b78a78f25649aaaddbeef7e4,0,0.49539893865585327
17,b3dc6151c6813688d0423dbab13d3f19crw2w,0,0.3200845718383789
17,205a011640002932a7bedbb93d81b68b8m93b,0,0.5265209674835205
17,8f6605a649ae41fe950a6bf579452464d9lmc,0,0.6814975738525391
17,0589cf78c4bece729f0ac620557210e13no3n,0,0.012580967508256435
17,7e34a26c4c339e875997f4b9239d2b5fscng4,0,0.7164151072502136
17,84f06d2c69695fe24cd69f8a1aae21a7kozbn,0,0.5503984093666077
17,df12e679581fb2054907dae75c9c78ee9kzzv,0,0.002446982078254223
17,717a0a200628f9606d88afebaaeb409bv60y8,0,0.7289624810218811
17,9744d8ea513490911a671959c4a530d81fj5e,0,0.6710687875747681
17,f939c17ffc7c39ac9b35b69e5e75179fv9pe2,0,0.01456674374639988
18,88ae7a35e374a6fddd079ebb28c822eeohwse,0,0.8651888370513916
18,0a6ba32afe4756995db2f5cf2461cddbvj445,0,0.025436799973249435
18,fa64831ab5ade55daee13f852c16b0a84ujt0,0,0.4400451183319092
18,1b26a52e1e5980c8487bb35cf5027fdfwfnzp,0,3.200992582108597e-9
18,585e7c21b80baf2225224fe140cdb1a73ddrf,0,0.30105555057525635
18,5354c02817e47f28e60e44a40ca5e48dll4sz,1,0.8852071762084961
18,067ff22ebf0d33fe0deedc816d75973865jo7,0,0.2162456065416336
18,a22fdc066a738070c6e4860924d06657hengu,0,0.7648000121116638
18,975dd5178d34453c1c3c8edc47cf44274uv5s,0,0.4279325306415558
18,608d9b68afb12c6c27da6c6565ffe8297wvco,0,2.1331695734261302e-6
18,5f50c6187a179e2ee7ba2fbcfc845c7a1smgr,0,0.07747218012809753
18,aabc211b4cf4d29e4ac7e7e361371622pockb,1,0.8196790814399719
18,8abc7635daf75f9fbeb63783b7b8ccd5rvuyo,0,0.00012195611634524539
18,5686520af5a4215a239418fec906f88e4she5,0,0.00295933336019516
18,f60edfe5177cab56896a9d6860995095cl1bb,0,6.740539447491756e-6
18,481fdbc92e77bba4c9611841a7d74071elwx6,0,0.00038887400296516716
18,72bc07c7241e1856ba31609d11501c91cswlb,0,0.002113805618137121
18,68600b8922561fe26b8b6acf1d11efdfb24k7,0,0.23021438717842102
18,4c4431ec9b6e683bdc5a3118d5140105r1nas,0,1.0124128948518774e-6
18,1cd8d86911413c73e92ad1170cae68c3pocsn,0,0.829521119594574
18,bd2cf3a868d168425cf1bde7c49d40b9jq0xu,0,2.6414550546860482e-9
18,0cca10034c58287ee6fbec14a3f96c3546sdh,0,5.929954568273388e-6
18,577af9ccdc29dcacbbce0f36b7c1ff15btljp,0,6.20963930941798e-7
18,21580623ea81c5b0b82aaf74890218e5mio2z,0,0.0033303573727607727
18,f5a67722732675f6285b70b9f008665fq01bk,0,1.3919289332253726e-11
18,d27221cf2bfaf0fa7a60ffd3e1e3a53efagvp,0,0.5543714165687561
18,0e66933c924764a59760aaae5368e7d1e0s88,0,0.01693716086447239
18,6086425310e05e77a53317490e8c1f3cxzf2r,0,0.1937813013792038
18,024cf43497fd7381df6254888670f84bwbbam,0,1.731547821792745e-10
18,d65efaa8129a85f85bf909e5abde8c3628gfv,0,0.7410284280776978
18,226017dcd6506ce20886540ff734210d8hib1,0,0.011196128092706203
18,3b233dc399f175100fb11ff9c66fa5b074z60,0,0.7920532822608948
18,d5f997729fd5a0aa13307e027804de515jziv,0,0.6752709150314331
18,8c2bdb9dd878a811701838002627a056be0ce,0,0.8354804515838623
18,671fb1e314a1f480ba9ad9b5a1cf6a91w1k2f,0,0.2726791203022003
18,b27db6c048fa41b496dfd3423226bb0923yfv,0,0.0014504118589684367
18,91d9b706f63537c5fc0027c50b0e3b06qpdgz,0,5.178736955713248e-6
18,68f092336430866db606f137c57c87e0hw7aq,0,0.4706859290599823
18,dd661e2d6e79a5b3e66c82373d50f3ee86k85,0,0.07747218012809753
18,db83d746ba8e0c388805fa3fcb235743vfqmw,0,0.000019404778868192807
18,520b616c26fc47935f6bcd5ec063eaa7w15t8,0,0.0012235228205099702
18,de9f5df5962dc171c7d82ab503c36dbfwicon,0,0.07230953872203827
18,c48fd9c589f273945bad5f0cea5993ba2fet4,0,0.035917673259973526
18,27809fd62bebc89be450f9dcbdd25ed8il6z2,0,0.3504590094089508
18,6a87cc9dacae884e817de2ee08452e76dx9mn,0,1.3129531906130865e-9
18,8b4071f3e2702b88481054081363bc15her3f,0,0.004201240371912718
18,2736ee274114e9440463bde9fbffacaa5xky5,0,4.861987690674141e-6
18,cd856579a7c4850b60d8763520339449x0mqg,0,8.213348057228842e-11
18,4679df74080bc22e29676bddc5bcbf51gsyds,0,0.00041885237442329526
18,08515611e73803dc6d8c562b8514dfb5qi3z9,0,0.5862140655517578
18,62ac0de5f8776ca1d189297bdea9a64cmewb9,0,1.9723422114287237e-12
18,28c9a5ea8aae9fb4f6a755f94cd922361v9ow,0,0.8241174221038818
18,c8d972b803b46212369cf1b480328dcehb9jl,0,0.001109128468669951
18,245b584befa6a5b8c759491f5f3db580p2m5v,0,5.3884491535427514e-6
18,3d281a78c6a116a91baf9c8db22b56bazer1h,0,0.5467912554740906
18,ead2ec4563ba25a9e9d417f1964b7504teqtp,0,0.5429753065109253
18,96b1df591dbbf3a002578574671d9ff1rmzev,0,0.07747218012809753
18,518e9fb1055de6532ed2df6d03fb78feus5s0,0,0.0185520239174366
18,6aeab198df208f8628825f7eb3ec3701p2ybk,0,0.333222359418869
18,ea5948061b2059bcbd900d3ae7e86e428ae8g,0,0.31288719177246094
18,5a2aa4e8c227de4db26547fdc1f017cbxb62j,0,0.029271500185132027
18,e8e4603ed284adbd252a7a601f9bffe09oq6f,0,0.00005260595207801089
18,a7454ee6fbb69c4079caf5b5b92574abi6pyh,0,2.207268181564359e-7
18,c5dcc8a649adae76ce01a3fa85b68f237ny2r,0,0.009474322199821472
18,e959a3ae64e28a7d3b37934c0d826867o3sp6,0,0.0004908971604891121
18,76a8a9566e21595a1ac06cc0050626c1q7a83,0,0.008432040922343731
18,db88530db963dab43118aef5aba127ec29abp,0,0.00006307135481620207
18,c69e65de28937ebe1b94e7785afd94158thqk,0,0.7047273516654968
18,a539fbaf8b29613ff0e4f3e5831aa7a5p2cva,0,5.7065403069600507e-8
18,8c4b0d95ba36c0ba2a52f9043c62fccev75uu,0,0.08856341987848282
18,7b5bd948eb1d8075be58ec9240927bb59ugz3,0,8.760207143021503e-11
18,0b450f2827ec670da34be66ec2a520213xcuk,0,6.550182488421208e-13
18,74866aaa89db79f25dc0fae8be067b83xlbm6,0,0.034094490110874176
18,ca391c857d7aa75a72e2d7c3133e0d6ay9pil,0,0.0001553885667817667
18,786fd201d9c952bc3453d4b3a6fa64046d8wb,0,0.07057570666074753
18,45cfe8744884eb207048e3cbee31ec56hd9lm,0,0.028288593515753746
18,6ed7b95dcea7b359248e9efce91cbb11lm7hf,0,0.22948887944221497
18,dcac75b5ccc362a66e7f9112f033bdebchxq4,0,0.02321990765631199
18,7eb6a5ffc5e8471efad7cdc8927daf677qcf8,0,0.28310391306877136
18,8f00a4c4d7f097bc1688f8d89431f6bfmodq2,0,3.055156412301585e-7
18,9819825acfa7e20c47a78bda5e76b195jh0gd,0,0.07818446308374405
18,db80f065a93cc6b41d12af614bc3ec11kpwjp,0,1.7041175415233312e-10
18,2e1eb5b56591662fd7ecd7b39621bbcfgd1ks,0,0.00003060231392737478
18,88e24a019c32a60f2ff315a9d217ec33q144x,0,0.01595873199403286
18,67083f257438b1b79cb09cfa601890855of77,0,0.00018766977882478386
18,01255c2c7c5578c186873422fc00fd7afwk8k,0,0.12778353691101074
18,9ab3bca29dbc32070cd7f729ea55639a350tu,0,8.12190315002681e-11
18,2a5726bd00709641cc54a8ab5422cde3uchoe,0,0.02897184155881405
18,10b431aa15b56084d32fe1ef123c4305wo1nl,0,0.002615500707179308
18,85371e59ea43c33c7e481ba3c214e893ail7f,0,0.004312869161367416
18,a4c40fd7a4c1040283fb2b84611eaad240849,0,0.00003995510269305669
18,eacfdb47b3daccebd9f16779c5542fe5eytoc,0,0.1555677205324173
18,d8d90875fbcf94c3b4c5c00479cbed6e1mqrl,0,0.016100622713565826
18,0353aa9e97bd46119c90b8892f99982esfem3,0,0.2591995596885681
18,651402deb28af3e3d1ab9a6b88314b591uuaz,0,0.00015944783808663487
18,f01d8d55568b1f54b6946a1b78a3983exkz5u,0,0.0008290521800518036
18,9211adb9cc770c78a70b55441acd146bfxnz2,0,0.06508772820234299
18,a6e261c09ae8aa7d0a47ffeb0110aa519jowa,0,0.49859240651130676
18,7d72bde2e297ee81296adb4fd56e8800p7lbe,0,3.6095659652346512e-6
18,6533b670e02ccf583288ba7c8f5fb1carmirt,1,0.9917622804641724
18,7ce12bb499c156ba4513becaa42aa8c143v75,0,0.06658394634723663
18,14f226ef57ed64d8e14c8b5ae929143cgq3em,0,0.0618378184735775
18,e5fd2ebbf5bac9ddc73ce524e1b33c3akti0q,0,0.6398223042488098
18,56cfe8b0d574e1df3f823c2cf32226eff52uw,0,0.0050693354569375515
18,1bbfbd968c065ff5dabeffe311bc3ddeezbof,0,0.8082221746444702
18,e19f258fa5019e58974b562a8e1433ccluztk,0,0.6487082242965698
18,5e8bf58291656ddd5fd2f71825565446aiopv,0,0.6902502179145813
18,679d60378d42ca9d3b8a28073fe14fc7bv4jh,0,0.23386240005493164
18,8f6f7baf33fe2a5206ed3ca88446a99bmq453,0,0.008264955133199692
18,061690ceb6004807b7906968bf382dfcbve7y,1,0.09130484610795975
18,61101089c1b34f409fc9b836a7f9cd163y22l,0,1.0938818210612378e-12
18,a3910fbd35b7a0c383c9805eafda616fra4xo,0,8.990535604880279e-8
18,d4a84bdffb9543626fdd42c879343ce26ds4l,0,0.007734312210232019
18,b1729d5905e896a8411f81bb65d66343ladls,0,0.000017723703422234394
18,c1434e440370882ecf00ac52140f7adbuy1e9,0,0.007611201610416174
18,82194e7d8f9b84e71b789e763b5c3263r6d98,0,0.023986157029867172
18,2794512e8edad5f99d28c33c7560fccb9zl8i,0,5.029323347116588e-6
18,e4a9bdad09ebc5d5a264723855fcaaad6q52x,0,0.7263860702514648
18,d0b096df6b5ffd2efe8d5cfad4a24912zs3dd,0,0.04334843531250954
18,dd7292cdbc81ebfb87945d9ab176d679gepf0,0,0.5392414927482605
18,2797fe80977297483e724b8390161c937dh4g,0,0.03886272385716438
18,1e0b1a6ea8d307cb61e221723534c4dclf9w1,0,0.13520890474319458
18,9e9270c06937bfa13f5b29e737c3438fcocyn,0,8.811220141069498e-6
18,c97dda0fd2de7d82d3a52eb6c0788062h3tq6,0,2.5629483957345656e-7
18,8783939eb63e5eb4e5cd412d8480f3955ipxu,0,0.46368637681007385
18,e0a87bc26e13c599894d7a5103fdca786tfat,0,0.0036856161896139383
18,c6108e22518279361de99b3c7c298235mkoa9,0,0.027131905779242516
18,4d0d345f552877998f41ba3cd1ba299885vu5,0,0.07747218012809753
18,7c965df16147f68263573764dd257a7bxqmpt,0,0.019305597990751266
18,060ac64ff78ae62e9bc697192cebea333760p,1,0.018244363367557526
18,1dead8a9cc54fdcf7a7c16dc6e06a3bbusgcu,0,0.05338086932897568
18,8ec9269ed4f5aef4584d887dfd9e595aaynzb,0,1.9300687892527535e-13
18,9d98d3f00a0c0bddf35470b0fb735fcdhiriy,0,0.3067624568939209
18,0fa357965f89388d8e7eb8cbc3b85c6bnnro4,0,0.029173078015446663
18,af9c96944265cf541b3fe734a057821a825l7,1,0.7441537380218506
18,420e7aebb49d7ab3c04e109a98e152d7kquiz,0,0.0010400009341537952
18,73d4cec0ad358d272d757e0fce8440d01fvw8,0,0.0002474993816576898
18,b1410ac124aeb5ef6b06667786feb742tijnw,0,0.1880146712064743
18,af5d33f9724b0e8c1f875406c0556d1e6eotm,0,0.6726453900337219
18,655b88e646b94d0adb9e15e9f3b9c9a4lvcrz,0,0.3679731786251068
18,48044b1b1f47f168864bc7c4a58a65ecmt187,0,0.00047626023297198117
18,d2704c8bb6ebbf13e08f37131382b126wy4yc,1,0.737386167049408
18,f05dfdaa2f67b190f3a79a5a2d5daf9coikow,0,0.0015027540503069758
18,9f60e1593604631e10ad2677c51055c6mv205,0,0.000019111666915705428
18,ae817305e82b580f9ab89f1a379488e39il4q,0,0.7052276730537415
18,183c4e44d09bc4ab990b957e765af311vlup7,0,0.10668756812810898
18,1dfa6e724441ca3c913b3d40967c17b2p9xr7,0,0.07751788944005966
18,e2e14e8e15204b504b146d17a2bed925qg3u2,0,9.952342452379526e-7
18,0ef9be4eb3b6a03ac2945522964b242ap09cy,0,0.032214488834142685
18,a1922a9ee4f9f5d03fe11816c2cc3eb9ivcbp,0,2.140202945422054e-11
18,39802378690e7d0c61d294f5898852b96hsfh,0,5.717403837479651e-6
18,e4264fc4dcd5f917ceb002d860441370s054e,0,1.7128384266484886e-9
18,0580f2e77b4c0dd3b5cda8a1641cb9fenmo0i,0,0.0036564571782946587
18,8d49c8e70bf96a255baf30acc76a3f59b394w,0,0.05115971714258194
18,ae15accae2164aae084aef7e3524c1fflq962,0,0.00010969199502142146
18,b79560ebfed7c8cbcfb97475812e0836twsnm,0,0.00022553802409674972
18,5920a92dc2b65e257061017a04eb5361tpa9b,1,0.08111325651407242
18,2d9579812895729581ce269ea17462197jxvy,1,0.902540922164917
18,13dfda714fb516e1f9f7abb0c927bdc2zmw55,0,0.000034964687074534595
18,414af5edf09c473bde75644b76a68e7feesrw,0,0.4637516140937805
18,6a1d4042a5f3a3f34f5b3ea753ecce30l0qj1,0,0.1778954267501831
18,42f754cb72e01c08005598e1f9383341fn7xh,0,0.37369826436042786
18,ccc371d7848a80bc31941248b9f49b95hn694,0,0.0013437034795060754
18,669c6a0e8aabbf0647e8ee6e150c47b18a4pu,1,0.8181411027908325
18,d3ab33e9314c95d6806813171f292299tmprm,0,9.728459190228023e-6
18,ef89b74b58c49c1a321d3d7ce061d151k51xm,0,1.1563814723558608e-6
18,cd35a3230456d4a245806e476c63e9a1evu7i,0,3.626329814210294e-8
18,5720c8d7bc15b94037cd75ff9496a35evugeo,0,0.40194451808929443
18,42025aabb56a61f3bea90d27b283b517dyk4t,0,0.00010706025932449847
18,99ca795998fb781a42d85f1abeb50482yzffz,0,0.6665896773338318
18,877d96d9abeb73e437a8ebd74abbbf45p8s80,0,0.1401170790195465
18,4444bfb455b90711234e0c25345abbaddrt0x,0,0.07747218012809753
18,3043fb0b4a1904222f640107f84d6f799tves,0,0.004787815269082785
18,b9d861ce6162179a4b008b63e7fae80fjoywx,0,1.2626981060748221e-7
18,6feec0741a319299c78c47040893399ebas6q,0,0.05169607698917389
18,fe6ed3a12fbbf5da4980337564361710v2y21,0,0.8796661496162415
18,f3bb3c26162cfc1b8c3636a7ba126010na3n4,0,0.26243704557418823
18,d092609f5140c62ec64ddd7615c25792qgdrd,0,0.06287641823291779
18,78a444127a896122678835e12ef507deh01hn,0,0.0923200324177742
18,fb81da0790d821a22617d748d0226540ylrj6,0,0.676676332950592
18,3550d62e04bd3a1239eedbc29d9c970279b1v,0,0.18322968482971191
18,14d4e04d7ed150613974438a4dfd4e85dybq3,0,0.48818308115005493
18,613c7d60152ebf06e3a7dd326ba03261mnn8u,0,0.012639353051781654
18,fe19fadb955fee4c5fcd0e30e56e1542kx66p,0,0.31600895524024963
18,c9f94611f4c9afd3a3153da9654e7310jr201,0,0.0007020673365332186
18,24284d3fc3334e0adeb6bb95637ca62d6dm96,0,0.015689998865127563
18,9e25bd3696b4e1775de205d2d4698a0df4s14,0,0.18066835403442383
18,74ae4f7b1692dc42622696303d9d4d763vksg,0,0.00011283449566690251
18,c2f592fbdc8980229367e1db4d0f7a51my54g,0,0.29356294870376587
18,36e2e2f32a3872d3e958c0a58ee79bd129xdy,0,0.003911726642400026
18,ed5ee107143980558fae26c1b5c7b81a82spj,0,0.0015693986788392067
18,4992da4511c3c1b4efed3e16c7d8dec65ilfj,0,0.11417652666568756
18,ffacbed056cbfaa60c1fcf51f0d381bddr3ly,0,0.015426594763994217
18,2b19566f190ff3b8a85884e03c64fb56ir8a8,0,0.0017172913067042828
18,98ad4163bb0b1abf72f165056d4bf1a1g8ekg,0,0.003224908374249935
18,bcbd5c95680cab78cf904fb936dd03f86g19z,0,0.12884606420993805
18,764234598477e02cbf8a43983fd43850l1c8f,0,2.207618763350183e-6
18,00a0517965f18610417ee784a05f494d4dw6e,0,0.15834417939186096
18,f9753e9fd6e25e0a1ae176ab95c31146iaqnv,0,0.00007660289702471346
18,1214fbf35079e7afc0a35645f8be8b218fd5o,0,0.07747218012809753
18,17b41c48d6f53585c7bf3b65977eada0yxs8n,0,0.11421532928943634
18,42e631af9bd00e5e816f08eba3b102d5ch576,1,0.0002286577073391527
18,b0973e698b12fe51ec2f259d924c6098rasmy,0,0.44476839900016785
18,da2841ffcbeabaac373f00039c10f39fty6fa,0,0.01619218848645687
18,c6453f296ce36005d7e7e67e159e1b7cdbmus,0,1.9600397536123637e-6
18,11e47dc08d7fa4d1a1953b5868892f72qvlho,0,0.19160567224025726
18,465c4f2ad08cc1e5f7a5e1e3ac75654ealh0g,0,0.039039820432662964
18,6e178db6d17d21aa88aaca5bf15c2761lc500,0,0.8034266233444214
18,30da67f34e3cc215b3bdad588410fab5655fx,0,1.721629416806536e-7
18,ec3b2ff6f725e847f93285bc9d2b7b3dvcd4u,0,0.04566831514239311
18,1395ca662a02245233af951cc7ad8313vk6w0,0,0.18302768468856812
18,649b364bc466208e559858f0677b421dbnalw,0,0.0640469342470169
18,cc4763c97c3d7cc9116e0a51a6d1f2e82242i,0,0.021716119721531868
18,bea63152ca4d99f549999ca57b93d015z9kyh,0,0.056582674384117126
18,67d6466d7f4a32d294196b8c16ee0b03kn9tf,0,0.00003826135434792377
18,8cb96eaadc11cf4f914bad84518632e7czdyl,0,0.6909112930297852
18,e21b238213c361523d276d67f37c05e3qot5q,0,0.02573026530444622
18,424aed9d807cfe0b2167cfdaa4957fc0heell,0,0.002003176137804985
18,81c9c749b2c9f97215f3ddaf8b5a5fe1k757u,0,0.0012544444762170315
18,a7bc17dfb615eacffe397be5b2c2f3a6r0bb9,0,0.7105944752693176
18,cad9c97e99bd5753be98edd9ad8ec8c8c7r66,1,0.33885401487350464
18,d056594c1d7976b6ad4ba23e2b4cea19l2i0t,0,0.63734370470047
18,2daa71f0d138b8c2d61583d3b98a25e1mjp9c,0,1.3294250038597966e-6
18,c900620a019e78a3eee44109e4d1e1d2xd2gj,0,1.9573236087477852e-10
18,2b429b9235bab2877cd93ac6d9fbc2d7tzwre,0,0.6341463923454285
18,d3e1891edac2851f6d34de566802cac8m8dn0,0,0.07120852917432785
18,3d2608a892e44dad3027ab55bfaa0b26r69hy,0,0.6813805103302002
18,69d8fbf99586bfaac64d31f82b9bee27wltkd,0,0.0049260081723332405
18,47183c1427a3cee97ff9bd167844e65d9dzi2,0,0.08165272325277328
18,510f33a3c0a290a0e43d2576d928a4abxieo3,0,8.999316378321964e-6
18,a96039c7cfb1d040ca978ec5e66ee2c0sb5ht,0,0.04231081157922745
18,7a3378ad9999b1fde0a4562a9b036f038cdal,0,0.07747218012809753
18,daef74294e84ef6d7e009c2d51be6ee167xds,0,2.4012676291818025e-9
18,26508777dcd84df59b467a60d9f18ca1pvvbs,0,0.10792431235313416
18,bf6f2ca50a3a6a3113681e754307aa4ehnd5j,0,0.02642706409096718
18,29bd1e11a41eb2ff50af75d10f28041ejh9xx,0,0.040898483246564865
18,eea79e1bfc21ff1b9572213e540e1252s5iuy,0,0.06646940857172012
18,9349befb45c4869b68e82a1944f4f01377cpz,0,0.00001569420419400558
18,a0420d3961adf890fccf4b43899708f6h40zs,0,6.710475872750976e-7
18,78e59e188d9780cb8988d574f692ed343s129,0,0.34900394082069397
18,c0b7161a67a0aae21788103c08eba7e9z8e8k,0,0.0007523882668465376
18,b86050461e88566061c796dbccb1f7e5at242,0,2.285594109807665e-11
18,486dc9de91d243625863313adc03aa6bv4s1e,0,0.3130253851413727
18,ba0ca6f98ed66bdd1c4e86db2ce4011fdk6ii,0,0.6646801233291626
18,7188dec1b560385b0826f78e7608fdfeai9fm,0,3.685847218548588e-7
18,aaa8650a6e0997e90e4b6a9fc2ddf555m5c1g,0,0.10149684548377991
18,71c2561141c55414618d67d1a8aebac1n0fjx,0,2.8209049673932896e-7
18,59d96b423ea3ed56611686300b681f3defm4n,0,0.7081649899482727
18,12c1b22ede3c23949bf130cc7bac6316ks7fj,0,0.015459495596587658
18,e10ae48cce1e198f7283064cc8a2f836iy0z6,0,0.18034204840660095
18,50dd191676497345cc95d8b9f7284a7371z5s,0,2.86190015685861e-6
18,82f1ba4809f4812629e9e53ea4c687d7begx4,0,1.7207234526139814e-9
18,25f59f9da43b6806aaa125fa61974591sacso,0,0.000029279914087965153
18,1680b6a12fdc8c64645c00ae8048f99c6uzoz,0,0.3982093036174774
18,5de403f3d49221bfa7116570a4d572d8m19sh,0,0.000012433389201760292
18,ff181014a0d7bb534fb9a35f22e24fe72m1d5,0,0.7009623646736145
18,7291b7fba1b597d66bb8efd45fd0d354q71ka,0,0.000015080992852745112
18,1a05035da8ea9dead1030ccc993b5284n1on8,0,0.2910161018371582
18,6c021878ba6173a04d55bc1cf5544ac1f3t02,0,0.3446368873119354
18,058a4e0ac0a20f504cc9c6aae2a896e6too9v,0,9.73365217760147e-7
18,2cbc26f228e0556f268e0dc1bd9ac0a5lzdfh,0,0.5910153388977051
18,dc4efb7e05563288d1f2ac4ca65c6734017ql,0,0.0014561746502295136
18,3ecced86078287dbd2eac2cfac98367fbbelu,0,1.8299575685887248e-6
18,e0a9e4ffe2acd28599dacb91c98c34bc66vo3,0,0.026086531579494476
18,f430aac3f0f7f88a9b504bbb71322d54mct7s,0,1.7275584696108126e-7
18,b9fd0772481bf459179a3b4ab49171693im97,0,0.0011865473352372646
18,0a9c5e1f261c937c09817ea2d5e949f34v8oe,0,0.005015759263187647
18,5e3747785e44d85a41a74470c051e946x01dp,0,4.2403533484502987e-7
18,97f541ffdcbd1ee34610e3099c5df42acfvcd,0,0.12620660662651062
18,2cbacd5b066b7dff7e0a87e1ef00e0b4zpqzw,0,1.737238575216793e-9
18,2d2839fa92d1c8e94bdeb1fbb9e62149x6xc5,1,0.5655378103256226
18,7bad0fc50ac7d249e0a3d8b83f68e855fcnxu,0,0.00023842095106374472
18,1f2d607e5cc04e790e3961a6432d7c15hn4qb,0,0.000041468370909569785
18,6326299ca6a53277b2bcea07bd0b4ba8ktbqj,0,0.5072486996650696
18,2234754e09ba15519d0104c405326fc4igk0s,0,0.11207375675439835
18,20f206d2656116bed8dd46d5b70dac81lbgfk,0,0.00005920408511883579
18,f23ebc71f2d8d820db2bf0576ee7e148cxvkp,0,0.0000350917580362875
18,29db827ba14938954c90cefe40d26fe1130kd,0,1.6245712552986902e-9
18,9372e27ce85a8c8b9460b87c37cf55ecqjjkd,0,0.2016512155532837
18,a8a81bb8a3a35572bd1f9922f5a31217pw41k,0,1.5395161767628451e-7
18,2993e59bbbd7d14bf4bc21e4d2a4f8eeb18d2,0,0.02160600759088993
18,031da7aea2d4b75ac8ecba4825bc1318yki1d,0,0.00013896316522732377
18,958de49cdd870198543313fcf574d7c4eutrl,0,0.4459240734577179
18,c67ecaf47f857f37f63ac0f4b9af3249wwdtz,0,3.76844583316327e-10
18,1689122c3b25d9e7adc626de84c10006fr2n5,0,0.014926206320524216
18,aa20f72aba9804a4922195f66a876688rugsd,0,0.22440199553966522
18,16e2e48cff6faab74e1f5c47669dfbbda7l5z,0,0.47464001178741455
18,aa1c013a1de168c611560ca2afe78111g8i6s,0,0.09631554037332535
18,ca9e2287e98a718e20a8ed117dfcd699gxsp8,0,0.0001881166099337861
18,5053e03863b6887308c8446cefeec429l94tg,0,0.5554997324943542
18,437c191e614776c1535305f602ea9033sdfmf,0,0.00004116569471079856
18,52c441804b89bc20e4c8dd625bf163f27o2zb,0,0.000041871950088534504
18,5e5d3410ca3605694b3c75b2274efd44c9vru,0,0.000054471336625283584
18,8df5d645ed4040b857c121a4459b7976n5u3b,0,0.000828680582344532
18,a124589b3af5a212406c0306584a9554fazi4,0,0.21195261180400848
18,c8cf68aa6abce25325dfdad4a98fd890ap57f,0,0.07747218012809753
18,9adae18220565488f77036be41cf71beiepqk,0,0.7369951009750366
18,e61c14d66cd5693d93cb0356d7f444ebinx9i,0,0.41095656156539917
18,6b531ceeec5892121e04dcc6f89b10a70yqoq,0,0.7352308630943298
18,f428427d7227ddcda377cd00f07749576c6b3,0,0.0001652903447393328
18,cc064e3409a1825e3c4e5c814376f140qxu5l,0,0.000024417015083599836
18,162886daa0054ff1ad422e0f18cddff3qofft,0,0.0913783460855484
18,19b39b852ed4abf1ba5b095829e25b946aed1,1,0.9864637851715088
18,4985bdbf8710c33fd7c9d4771db7c690mcbyr,0,0.0002080316044157371
18,6e8cd4699eedf0075cf5662e1fff3a857bycf,0,0.048172157257795334
18,75339aea3f29d7d9a8d67ed3fe1c89c3owsq5,0,0.8198560476303101
18,403d9c0288bab462bae858dc8aff2f94ti9ma,0,0.37090036273002625
18,b2968116361fd43589bde8eca72c5767o71qc,0,0.00047681122669018805
18,cbe8d224a38ccff930674361b502e7beyuf1k,0,2.984491231927677e-8
18,33895230e0b25b5d3133d502ef3ecabey84m6,0,0.5141167044639587
18,32d2ce86b00693f0c26314e3cce2438dvxbt3,0,5.324948233464966e-7
18,8b109c0aee5ed07fc996e73d28e65888o5jmc,0,4.806975539395353e-6
18,27ccc09ae923d1ca8ff7ab3242f279f7xuclq,0,6.073075553558738e-8
18,13c4c826516304555e291d3d91c108b3ytpmj,0,0.741981029510498
18,4cf9c56df4594860df56285e9293a7f7evfix,0,0.23054321110248566
18,55abcd1b00c6b5b54633fc7e98f0110bwoy3v,0,0.6768577694892883
18,6ebbb4e7c3fb4ba44a89bae997717924gm89u,0,0.1094290167093277
18,c46e21e01a3f4987e00109d1d5f48acb1q72y,0,1.125109588828721e-10
18,e56f611f1157381f4b689ab34b574e791qhcn,1,0.7680454850196838
18,2dc309478d30d440e75c932b1f13a8fai2p2e,0,0.038620200008153915
18,942563fa6695a4b2f76ab6ff3bd58030i75z7,0,0.000025573144739610143
18,af33d5277890ef0b5f55fbbf400441c9hdehk,0,0.018856093287467957
18,81392b54fee8e50ec74efb27cf0de8e32fdm5,0,2.1182603404668043e-7
18,1d4eaaacb6127c43c1c007331cac135bpib3m,0,0.03272823244333267
18,4694d67c21e9a2edd614e717aa3f4dd2e0w93,0,2.1622438950430478e-8
18,b1863365ae232a316eb946ba56a29415m0gdz,1,0.7511674165725708
18,74a35c4376559c911fdb5e9cfb78c5e4btqew,1,1.6732593621782144e-6
18,0f3ee77a46dd5a09ad20b7c3e54ec614sbpvb,1,0.18610064685344696
18,110d2e689da119388dcb6e235749b787ni298,0,2.5744171239239222e-8
18,cca4426ec6d64f3e73294d4d5bc9719beud37,0,0.00376172736287117
18,7f3516b1bd7e5571ab964ba0affe9302brn6q,0,7.474542229601866e-8
18,7a0b445f462d05606bf6ea07e2ab96ec1a4kx,0,0.00002685332583496347
18,40f2eaf03624a31952397644f1b79a6fvtfjf,0,0.020545881241559982
18,53856dce9187b16f2cf5e4e58f5d0397h7tz6,0,0.000011435499800427351
18,6c6c3559c5f656c71348f7cadf29bb12okgl1,0,0.34908828139305115
18,583ce05b5add00d9e7e5dcefb3c436f26d7c2,0,0.07747218012809753
18,5c32e357936f8977277d9b23d8f09f34v41wt,0,2.9450809737978367e-13
18,43c76d050c9d2509d85c9dc2b1a1dba4zb3qt,0,0.05127495899796486
18,a116e727a3dc0b69f5e7ae14d0ab40d44breq,0,0.024470865726470947
18,437ac1b8d08c3b328924aad097a3dcdey2m1k,0,0.1640104204416275
18,56b55e6ab49a4cbe7c76a2bbca804089pjq0g,0,0.7306098937988281
18,c65d2236a70982d628454d19472ce26eltxgf,0,2.9778823851245306e-9
18,d381ce07afba12851a815cdf8858c1c7g2pfh,0,0.14843818545341492
18,74cf3a0c5e4f080415888bad2f7119499lh63,0,3.1867125471762847e-7
18,d31f6cdaf4f8485190b4ea588f8c1733y6qu9,0,8.075496538140214e-8
18,bd7d5414174da6df4b018c21495e8a2cxiose,0,0.6508873701095581
18,81207d4ecf830fee924989f4fe1eaa7fntkmw,0,0.2572975158691406
18,caa74df2086d71caf6c1b2b9c81d3d98xhpv9,0,0.0430210642516613
18,6b28baf315d41017844e15d645bb2c05ybt3b,0,0.00033416482619941235
18,acaec0b9f72bf4ab4318f3244344589b3700a,0,0.0008890738245099783
18,6a3b1ee159716b743ddb8e07e499fadbhqn74,0,0.18081411719322205
18,34e965deb822f329ecad42b94e8ba0ba3dpt0,0,0.006542372517287731
18,219c6102f604c8ff0ead5d23375bb127del0d,0,0.6408445835113525
18,dfa7ead5ef84eebc79c67d3daac340b0exa41,0,3.995069164375309e-8
18,67a1b129ca241c51d0abb5484f8eb3fct8o5c,1,0.863286554813385
18,949689cced5d86578e6c8b664ea76d6aq6zxg,0,0.02783103473484516
18,1a764d01d19a1408382ccace87e61c9fndlo9,0,1.4835811157354328e-7
18,99a3bacd3eb66c909a02b85402ac38dfskz65,0,0.00010966240370180458
18,ffaf0a972a6dcb3910fd6b16045781e2ava5y,0,4.581464027597626e-11
18,90bb553b65144cafddc3f3d4a7783667a06ga,0,1.2256751169559266e-10
18,4f7331589f84c6359bd693513bc9d7ddlitos,0,3.7236125081108185e-6
18,6ca1de75674e78f9d3d63fd96fbe6e172t86c,0,0.000018274553440278396
18,33ba799fab5e4145b54fac4234bb6e13up0tu,0,0.47919756174087524
18,79cdbe82ec79d0e60f1b113d9a5bc5b4ar8bk,0,0.00221761642023921
18,2f9ea407ba48ae05f98fdf634995d936xefau,0,0.6270344257354736
18,9e9047df09026ed5a5a3a86403811159u5yja,0,0.18415051698684692
18,77bc113594866d4902d6f867a456750c9vvmu,0,0.18770535290241241
18,d8a10762de6d62c087a0a8f0e61cf78bbgke6,0,0.000071301830757875
18,0e373556d3bf588a1bb2ca6354120cf2dmvjs,0,6.674522978755704e-7
18,b6a3aa8c0f2302fa35d7b809d9371deeypvyh,0,0.22644099593162537
18,abf6c2cd31be1630f5a7a1219935011c3rkqt,0,0.04407008737325668
18,c670e7fb466b09000f1053d2761752268bkfm,1,0.8888674974441528
18,25022fb30734c2e5044e031b0e9a4a9ct3354,0,0.03338054567575455
18,fdf0eb91ae1ecea1f6902676f47c32c454yzr,0,1.657894266315907e-8
18,bbf1dcd2f0100fa90e4a8544b90e35846p5y0,0,2.2287295564638043e-7
18,f416aeaaafcbb66aabb77347776db008qw96o,0,0.7940136194229126
18,177b031b4a77f28ff167b427ca967b52jetgo,0,0.000013784872862743214
18,1a5d7993b43386f64fcf4b84e7b183a6ref21,0,0.004080005455762148
18,ff4e39c0be8af4b17a73dcb761e4bb6dmop0m,0,0.0002646006178110838
18,964028ac24d4ca16c4b63f64b06df1c8ltrrl,0,0.08830153197050095
18,d927c987f8a4ba2dc4f38dadc0831100tt94p,0,0.21646103262901306
18,1870650d20a97db60ce4133bb9352b69h9phj,0,0.37664294242858887
18,2a73f10b3b8f2b825e220ba0a1d2c49f9nikz,0,0.011454204097390175
18,9d8a1ddb38499b3403a6a93395ef29bcrznni,0,0.4291871190071106
18,fcda141af3b545332fc3b2d55a8bba74uw7s0,0,0.009616279974579811
18,120c8b384858420c4e46e354c86f4ca393w0i,0,0.6133854985237122
18,43bd7fe0ed7629fa774a461127a629f19je0a,0,0.011091422289609909
18,0a9d614009139236f198ddb4759a498cen5ix,0,0.2478564977645874
18,bd6adbe79fcb843aeb97546947af1236kbg7p,0,0.019413365051150322
18,1b7c070ffb2c23c1d02ae5bc5d817d06qz4xb,0,0.010076340287923813
18,385325103b3eb54b0b974523fb7a13e02go5s,0,0.0003902807948179543
18,b08034d2d4fa400b457d4a59a2482e8enfhqw,0,0.007227691356092691
18,3e602dff2e3bbe7a52236df2294c9e059fc2l,0,0.05454858019948006
18,e5736d7f8082d7d7fee8430c0e2279bcdmt2a,0,0.00005753587174694985
18,ad228143392ba96c21bf51499bac1c3b3kmzo,0,0.020587535575032234
18,18e751726fd7c407c41cb18c20da2c4er5z1r,0,6.803915766795399e-6
18,363ba0a2afea1b074fc1ed270c86050byprz1,0,4.98004470994573e-10
18,3d575194dae5a2e2966abdf84d800a3bgbsd8,0,4.909339601510965e-10
18,53e2d855e008a5c2f79b4b848d467b86nofo3,0,2.779094643301505e-7
18,d81579750b388276f2d8f6d80384f499n13l6,0,0.004137878306210041
18,2baa5a9ec317cb21a11d83f6dc72a2d6xy9jb,0,0.00016203883569687605
18,0381a69b7a061e9ace2798fd48f1f537mgq57,0,0.008883866481482983
19,6e4d22dbabcf2eaae5689c7d155e1c1fev15l,0,0.0005049227620474994
19,9c509838d129fcee98cb3934079ca36asla50,0,0.0039924150332808495
19,99acffc3cd9bfcd00668dbf472a1979350mxk,0,0.03417184203863144
19,c748f0d69cc89d5812c9fe3a6413bbb26351l,0,0.0024087296333163977
19,322addd5687d99bf69306148e12f87dc5jbsh,0,0.5480077862739563
19,d6d3daba4bea632d7f5a4e2c5146f109dkd4m,0,0.009152148850262165
19,1476226300a93d22b15253ed7339429a7ijk0,0,0.7739577293395996
19,a1f4d216a1a92507d97166151d7c9fe37bei4,0,0.4221593141555786
19,e1da7d96b83f16aa80cc254572cc154fcoudy,0,0.782085657119751
19,d738b259ec6e6af625d1f41abcfd63e9e53tx,0,0.7617668509483337
19,4dd2a50e589cde2802c4bab143dea61ak517w,0,0.0007185989525169134
19,fb92fc925c5df50f4da7874a7542cf2210z1f,0,0.751253068447113
19,91dcfc10da696a6d90966ff795751708er5fp,0,0.7956706285476685
19,927c5e145de79f9ee2ada0ddc054b4e9hc3qj,0,0.04389886185526848
19,59ae36080fae26bccbbc31a4505b6fb3v3zjy,0,0.002862833673134446
19,1cbd9081de4481ada66f1853737f7684ddjd1,1,0.8731027841567993
19,96b90af2d3eea4d3b2bc725e1c92e212qu52g,1,0.7950254082679749
19,1ae57d217b27820cabf6e24b721bfb38s6ja0,0,0.006605482194572687
19,758bd601d6700494300ec1647682eb34vq1zp,0,0.16737495362758636
19,80e753fbea14f966b1fc6d1e194d4e66822ms,0,0.7441463470458984
19,d0231e5200b870c055db7e3daae24bc8lt7at,0,0.7298778295516968
19,bff9a98b73f2b9a01300d3fd3d55b16b1190o,0,0.7407076954841614
19,461dc3d03d1e28d52770a4d3dc7db34558fcg,0,0.9105945229530334
19,60b8145bcfed7a5f2a23b596a8aff99cdzn4m,0,0.7756591439247131
19,48117c1e2b56cfc8739f83683e01d9b2aoc66,0,0.5774309039115906
19,9baf61c813f1d4a09e3c70f6dc741f34voe3n,0,0.006320096552371979
19,15972a431aed117840dfce5556242366c3fwq,1,0.7669837474822998
19,36b84c776aea2e008180dbc72393ed750zsbr,0,0.03668847307562828
19,a9229b83f54a5f44a69e65b9b3aa7aa26qcon,0,0.3550164997577667
19,8d43ad48f315364be4d979d2e9d5ee67quqyi,0,0.7636156678199768
19,10383b390780e7b4b03dc32c94b4973f66wou,0,0.7706282138824463
19,fae963b2adbefc663692d7feddb50d5dxz1hn,0,0.002689638640731573
19,17eeec8676ad56bfead1a9406277f41cnev3n,0,0.7996132373809814
19,8e2a43abb8fcd8ef9801c69fc04bfcb5kyc41,0,0.6134234666824341
19,85155ae64ccbde01b48fbf4b3f1b739exmqyu,0,0.6054047346115112
19,1053ead33eb1a5db7c36c979a455348abh9ns,0,0.0003366532037034631
19,2515c5fd81638d5d0bca39a2b2be3995tante,0,0.7540175318717957
19,4955e2c318d0bdca797ce17794ba18fblhaau,0,0.7853100895881653
19,eaac863aaf84acb7529462118e7953c3oeky6,0,0.00002935584961960558
19,5948bcd0f773286ff7d5cde332c7ae6918jt6,0,0.7691890001296997
19,3a5420301c0dacbc5675f6f09aac0143tuodl,0,0.8021047711372375
19,c76f30b8330b6d14fb872b30fcfd9d57phbsf,0,0.5624730587005615
19,666e1e141862a646afaa2b71fc7d2c25r1b4h,0,0.5228040814399719
19,124727083cd4159b40ff8d4b36a89340l6fga,0,0.01886659301817417
19,50791a0a98478b7f78f8d30acaa4683dxab5p,0,0.7899230718612671
19,3d8cccb637b990ec64d662d66ec059cfn1p3p,0,0.43716979026794434
19,b191c73f160bb9320dd3715bc3ffed26ymluh,0,0.4851258397102356
19,408f81a85f3b31f8cabedf6ccd381961pop72,0,0.5229539275169373
19,e18e3d0fbfba81cedcae619dfa977875p10ta,0,0.3411649763584137
19,a9237defb0a6478098f242b27ebcef18qrotd,0,0.0015332360053434968
19,4376fc192e83a1a5d7a83085369916e8rr035,0,0.2680293917655945
19,31a301c70e897bf36276031abdf07ab6cs6z0,0,0.030920514836907387
19,5850b68151cf0760e94acb39c4dfa02026k4u,0,0.6502453088760376
19,246c55639cf85c682d58cbd2ed6a6563vk2yn,0,0.7844641804695129
19,01349288df20199905e719f0ff7ee771nwryj,0,0.7147831916809082
19,179a23cad40c51dd7804069bf769d11e1ftk9,0,0.807407021522522
19,d2138bce99f535c244dab68652ccfa2enshxk,0,0.3986877202987671
19,585b938fd44968d0d59fcac453cfb3b8p8nti,0,0.7967503070831299
19,e0824707d4a78230ae54209a920bc3e3pzdpp,0,0.6571816205978394
19,c08e5e3325e2f4fea171f24ca018e675we8kj,0,0.3986877202987671
19,f535b28ad58c83d35ba87fcd46624148zbh6l,0,0.0001944914838531986
19,3d94b376bae8dd60eea48ded36134a3962glw,0,0.5105810165405273
19,d3c80e9f6b8e1d774679fd8dd5aae611e3qls,0,0.7643302083015442
19,10c1e1164e3f8298df9a35c891f67babiycsr,0,0.1459040641784668
19,e03311c7620a8098b7a177a5f1ad213ernao3,0,0.5886391997337341
19,5bbc8f66464ec2d962b0360d1d74bf67imj47,0,0.030928263440728188
19,9ca41c3c062146a06d2682835f5136807yao2,0,0.3891306519508362
19,cffb5f3c1f4ca815d0f643fcb2f2f316beod4,0,0.8053957223892212
19,74f153bd134afc92866a6bc5cceb2088120y0,0,0.3986877202987671
19,2d82c3dc726d2bfa19c5f16ec3de5023lbse1,0,0.4270523488521576
19,6c55d253787acf5210f7d785546db80dqtleg,0,0.033285047858953476
19,cba6f45915ebbd4b5404c6d357153c0adeblt,0,0.7623813152313232
19,e1b1c514e1b87826fd045588f1f3881707cyy,0,0.22369840741157532
19,f18d2ebbd5e48ef4f1ee412339d6ed7adr9qi,0,0.5954065322875977
19,e0b6466f9f720e9d9a00d7c12b2e2c6d8xwxz,0,0.0013388118240982294
19,3106ad6371a3b740e2af90635a4ad966zeu1u,0,0.6262282729148865
19,0d0d43ac593a891ce100d8202d3d72c3xsma8,0,0.28033342957496643
19,5c28b04424e96267711d5af2db62e022tp36c,0,0.7950950860977173
19,ca0331fc37db2b251a012376f7b987fcma2jw,0,0.7258058190345764
19,ae45f9b94d86f931c84c94f3975e3d7bkv2r0,0,0.8016677498817444
19,b2d3db61ddb119aa4e5f43e1bf72e349xr5tp,0,0.7783676385879517
19,3995d9ce0cebd62d77cb8add067d93e15oezc,0,0.0010229909094050527
19,eefb0b863345336dce70312ff0f8faeb9qksv,0,0.0017478656955063343
19,2906a20e0b4f7ce840d051c4be898b66do6wh,0,0.7647818326950073
19,bd8bd6cae40abb19b81b6b6a7775f63e5tk1s,0,0.5599406957626343
19,8b809e18804865ff2a2e799c9a5e8a48mtxdh,0,0.7548697590827942
19,5d02346d70f11cd61d9fb955846ee9bdp5o6k,0,0.007161163724958897
19,313ede314e2e05c31471fd6a93f98af713jud,0,0.6418299078941345
19,8fe6da2176541d0ce24574dbb60f9107oq1kn,0,0.7856197953224182
19,5b45b150b6b683a98b5bc19c4214f44cvzru7,0,0.00024114703410305083
19,3835e3bbf9a17a33867860a9ba19621dp4wdc,0,0.746174156665802
19,b46132a554a2a3b93efc5a9352036e6crl6sk,1,0.7472087144851685
19,573cf43253a18821e50dfae941ac287ceymgo,0,0.05395127832889557
19,200b548999702c10f8f9fdbae9ce60622owzv,0,0.7869946360588074
19,e0e5719b5d763eb4e04c7f6e4e32884cmlpj7,0,0.020262878388166428
19,65d3cc1725c4506fe02be3e2b24435bbbd6qf,0,0.01196222472935915
19,45927dd51fb4301c459ab96d48f64752q0o9e,0,0.6219735145568848
19,b7efeea5ff94a281635ca2f0f7e8b3ca4zykk,0,0.7740418910980225
19,c0d065cc8cb585f027143f2ebc6b49f01g1wr,0,0.7165621519088745
19,8322695c21cb27accf0fe269438bd78fn3x44,0,0.8056502938270569
19,2819b8b2295f272f33f8e76fd344ce6bywj1p,0,0.0009278339566662908
19,8d8f705595701b921012777a281a553622300,0,0.6808069944381714
19,be3bec53b42be118ef2a87fc40db7311k4as3,0,0.11096198856830597
19,9f793ee6e6df7f69b5a5acb4e13db0476b26x,0,0.1176726222038269
19,0853bead89b03dd38a04d84f4312da7dukglz,0,0.004715356044471264
19,01067975436d123f717ee5aba0dd4bbfa0937,0,0.7578790783882141
19,953879d32e39e014cf8ce73daa2547cb2ke8t,0,0.8034483194351196
19,1b268ea4fe034638a92d683b94bcb330vee4w,0,0.1153162270784378
19,34a7ce35b13775be4e20930ba2788a3ebu5n0,0,0.007915266789495945
19,272a9183c10d9e80eda8ccaf6682db71203nk,0,0.044860173016786575
19,6db047b1bdd342c09ecf9f5eecccaa4fy5l0q,0,0.7927682399749756
19,69b32dd82f265a04826106d17e2bac9ao9fu8,0,0.6975541710853577
19,676ad0665c9bf74329ddc1f70ea48c16stnux,0,0.6905103325843811
19,47d1dbfb67706772f8a44f50e5656602z04rc,0,0.7044916152954102
19,c6a49cf5944626b45425712f9e19e91d2nyh7,1,0.9220998883247375
19,fe4906ac4c8e2db5ed5a71e8a9d10080u6g7o,0,0.008739156648516655
19,055eb52087e0080b8ebca74be4f823f5c819l,0,0.0029993653297424316
19,5aae3111e4fab04fa5067c740329a38d11361,0,0.7305115461349487
19,8ac7cc6a62b82e675465e89f67ab1f962ltgu,0,0.29236793518066406
19,5f7767924aa92a8f01b44a7e09f00a4dgqk8e,0,0.7400864958763123
19,46c0ae10d60c4fde2b6301bbafecd7b8dcla1,0,0.7686669230461121
19,cf4eb0f68d47e6d4b92befd0b8fff39a098cd,0,0.6455032229423523
19,a9062f1d7c589bb01ee0b330ee8791fc702il,0,0.7622701525688171
19,cc78aba7eb8293a1d70f083bd747fa1450906,0,0.0490504652261734
19,a283eb484c3245e5b12b18daccc075e9g9xk4,0,0.01935105212032795
19,6f7043cde57060a6766b551df5fa6fd9p3ojp,0,0.6942005753517151
19,d2eca28cbe0a3dc69715d719c6958faaaqx95,0,0.757387101650238
19,e2554dc14d54c3b7be85c59dbc1425f77qv4a,0,0.059049900621175766
19,84a773b3c9d300834d9d57af5dc83091y54cx,0,0.000673631438985467
19,18b5e850a1c10e681cb5fae0704a699018x6f,0,0.04814143478870392
19,02030ec48b7179a7fd9950fdf546e3feekkye,0,0.40649592876434326
19,fa6b4da229eb64b4d44e7d5ee2b027f1j1whx,0,0.4275680482387543
19,86151544b29ad273209ec4605c257b089z588,0,0.6034798622131348
19,46ceb58fb7a57d86a26cfa154c940a8cuktu7,0,0.7852636575698853
19,59fe751fb6c277016b7ebe3609aa1b15vhg7w,0,0.3986877202987671
19,0cbd01c9e8cc800aabd3b3e4c618f9caktfgp,0,0.7834941744804382
19,0c57d8eaa2708b768416ca91dd8daa2cqbl31,0,0.8042744398117065
19,86a3a9861ed45158e964f9d004a224b3324cl,0,0.7259714007377625
19,f9ab998f3adb944a1cd1847a097fbc0bw61nf,0,0.10582587867975235
19,0c5992f18244e24d2d7b4708a512378729eev,0,0.9324403405189514
19,18bc9dbbed75b55f35ec4be1351b7aa86an68,0,0.7666663527488708
19,25b58d1533e04571bbc674dab28973f8hha3w,0,0.6941011548042297
19,dc9a7ebdb6fb8dd3267ac26dbe5a62b68e4vw,0,0.3986877202987671
19,147164a9fe8a6bce381a224e9f13207cc1mdg,0,0.032929662615060806
19,cb6ea552ab5b90e2d0572148426ca275d1zzj,0,0.001299142837524414
19,dc87cba6dc8717e219e9fa9edcd10ae4a2i86,0,0.0039049102924764156
19,4922d20e07d04601e8724be5e9f9576blyccu,0,0.0182458758354187
19,d13cd9e0a7b95c0a35f3456014865230qku5q,0,0.4860753118991852
19,86e50263881b0d382b55777185eb648aagh1g,0,0.7853899002075195
19,2b044b4b7949b96e38084e59b5d1d328jib5o,0,0.7896198034286499
19,bc3b92a81586cb726cbf4d5b418fee41o20sj,0,0.00006334089994197711
19,14bcf558addd6e6f2818ab2bda7dc679jqoon,0,0.5008888840675354
19,5830a96593aff3e951919578f7374f09pqyc0,1,0.784209668636322
19,0af208c4fc46ef9236052ff495016326zxoqf,0,0.0029531812760978937
19,9db7471a12cc3b8fa3cba86bc00abde2t2wz5,0,0.4300295412540436
19,a6d6f3f5034886fc00a1245b439de13a66ha4,0,0.3430468738079071
19,1dab9ffc5c6bf06e86e0dd1b3cb9ebecn5pu6,0,0.000130275686387904
19,8251041848182e6468c8119905a177dekmshg,0,0.800391674041748
19,61337802cac534b7e7711793039782d6f1yy9,0,0.6723252534866333
19,3e2e03a4464642627e223fba066182d1qslv5,0,0.00040872071986086667
19,7c08de9de285265b2c34970139331f9fnr9ad,0,0.7720732092857361
19,d9b611dab3b5116f761747fd3166ecec80icg,1,0.7928568720817566
19,213a7fb31eef8b38a23ad6b0bf2c7fd0dx3vk,0,0.681792676448822
19,497b8beb19a7f674bc53acf7f5c7ec8cxv68x,0,0.610198974609375
19,511a640e38bf03022300f5503cceb2cd3f361,0,0.7541089057922363
19,bdbcdf6a935f4d1781a2d33bcc4967130bdqy,0,0.8024333119392395
19,5c2b3f221cdf303df86ff1ffd7106fcco6pml,0,0.8082042336463928
19,a2933e33896035761240ef5a62477779jf7ny,0,0.7674247622489929
19,43553dd8b9370fbba5efa6b652d9b43ezsj11,0,0.8476803302764893
19,a15766d8d3d231f862996eb3ec33559735a3d,0,0.6286383867263794
19,a40808ec5bd9d0440585286f1658c3b1ag8dt,0,0.7610167264938354
19,2b5a7c969ae95b239583f09936560b85g574d,0,0.589082658290863
19,b34fe965c04012fd22123ed948257184pqvfg,1,0.7144694328308105
19,63e3851eb5e1ee98df1065b333f6cb81mlby6,0,0.788373589515686
19,70c6727cc40fdc6f752b28102f31a38b883io,0,0.6915591359138489
19,c1624207d78346c3c58cd44f3d5472fcriae4,0,0.7226144075393677
19,e6f73230e0fff1d9a6b1b8a6617002ea9owig,0,0.7174603939056396
19,3105d663ef3dff7e483a46c56580a9f9kd7f8,0,0.8090941309928894
19,047558bebab9292a5d4c85d6ee768784j2hdd,0,0.796824038028717
19,85499f83c5f1674c87d0fe77838c4da793u8y,0,0.7784355282783508
19,693085cbb28f505f03b025dac8681a3bvfot8,0,0.8450174927711487
19,3ee7de4c5a5e31b7b407827ae1370f70suenu,0,0.0023206770420074463
19,2635d404f4943f3dbee24aa16a2953c723iwd,0,0.7464396953582764
19,8215dac41ad35a074c93bfcfbc0f908chlo5n,0,0.7237746119499207
19,a2bb8b3e3ae4566203eb5b3021b4d594pohf7,0,0.773090660572052
19,a6414c637c6f1275e2c62c48fb238c5d5aw03,0,0.471893846988678
19,6e848149cabc4434155aacb610fb20de6vq5b,1,0.784385085105896
19,eb8f9ca4a23586f5acc770fff966f654dy7g0,0,0.013639786280691624
19,1afac423a94778ddf9b6c1dc0df7105cgp1tp,0,0.0035098835360258818
19,f12120e467869d3d5dbf7c7d0566a8e7bmmhk,0,0.07881978899240494
19,497ef6187e03fd9d4387ac436461a40f982dq,0,0.8413617610931396
19,93ab2dedd76c1859885cf724ebcd987c9ngfi,0,0.7294120192527771
19,1c950af57581698616bd9923cc94fef25n5wh,0,0.5281175374984741
19,361c6da33ccd1c0df152fd932e6fb2a69i4ux,0,0.0011299030156806111
19,4af5e2532224f9f7d1d039704573d9205jbkv,0,0.7730491161346436
19,c62a6956e93ac3b56b1292f2c2d85b1fyekav,0,0.3986877202987671
19,f3ad2931359bca59c36ce55ba82f9af8enbi8,0,0.7464504837989807
19,83aa7c2c8c018888d9ebc6daf63bddb6f2i0d,0,0.0013804408954456449
19,44d34926c0863edb7575b819980e0e728pn5b,0,0.004263782408088446
19,85d020b5f3d99d1272efa0a0d34c56a5dtvxb,0,0.9123233556747437
19,ed4802c318a7e04a5703ed115fe4f3a3kkugq,0,0.7620495557785034
19,a48837ccd05bca96ddbf02c55ecccf639adk2,0,0.6462907195091248
19,470a0e402bb9cb4d48c2a450d2043e87flc2m,0,0.5831835865974426
19,c1d14f4355b7d3ef80f02628e5ef1d56u2510,0,0.11480332165956497
19,86e698821a8aada613bfca1356d8cb7dopnv8,0,0.6285526156425476
19,bf8de839c1a8b7994d19049667548e4ewchpm,0,0.26420167088508606
19,9fbfbd8a57e4d4b18338063ffa43f1bez92lt,0,0.3079303205013275
19,a06311ea45de34bf667b79a92d13c764i6aiy,0,0.02026520110666752
19,3919be53bf4bd411ba25acfdc1362b49u4vle,0,0.23031345009803772
19,e90e4701234b13b7a233a86967436806wqqw4,0,0.8013291358947754
19,0825d381aa09d1d0c47c77c372f07acbe02ky,0,0.7634873390197754
19,95af80db42edfce4e937550d60d79561punym,0,0.019465742632746696
19,8c33cf751b05ca6a9d886a379a84a2ees9jlu,1,0.8122905492782593
19,977436b0a445fa555d537fbf1d4bff2e4z40h,0,0.3986877202987671
19,a447127835855849fa2ee496d05e0847fgt68,0,0.7972437143325806
19,5ccc30558d4c218cbb4d36872fb82a03rjxgz,0,0.4700332283973694
19,5dda8ade6b5d4065f3119a381516c227yoz8y,0,0.7969816327095032
19,c749a25f3a07304b959065d83bbfc5f75u1my,0,0.6466920971870422
19,5bd35d55d367d7a21d98bf6a19fc0dc1e5j9p,0,0.18985626101493835
19,d43189c6eef7a763b2f8596228807dd89x9y9,0,0.10404462367296219
19,d127576e329604b576df0a3248cdcda3279td,0,0.8034330010414124
19,43295f805d813e816fee438d9a394bc4o4of1,0,0.44632306694984436
19,121578435bf4136746cd2a80f1990e07cv1px,0,0.681538999080658
19,6a31ec9cbfe23a9398e80403859f0402cg4ql,0,0.3707534372806549
19,e268d06507859d78894a8f6e11995f48zls7t,1,0.9266679883003235
19,8c3631460a4d25d2b21b1f92ebbad752a19ww,0,0.6179771423339844
19,08c39ef7252995e0749f7927249b8dcb1d3xh,0,0.011571846902370453
19,3272e16da807a75a987e26b09bb2147by1mxe,1,0.7704231142997742
19,3893d2c62d59c232112efd332bc342dap8b4j,0,0.6596736907958984
19,2d73ed3974473a764859084d51334440k5q7s,0,0.7650492191314697
19,65996114740a63c9e0fde74bfb6725b1k9nuz,0,0.000023376111130346544
19,8a958e0092f6ca984107ea6c3975f806c59m2,0,0.04765603691339493
19,d79919e5ba11f26bce5e70f0a4f859e3e4q9y,0,0.7985100746154785
19,dbbf9d9b1d7fa110208f77a681008077plqng,0,0.00011300321784801781
19,12df4a9cf4eb203909e6763960b79238cb0yg,0,0.6634244322776794
19,9bd2d79f328a5afe815d5832e521aa9187q2j,0,0.799646258354187
19,438e53670ffa2990cdef656700bb49bf684fz,0,0.6285492181777954
19,9197b6590c6dceabd88ec93157fcc31fgb8a4,0,0.6441390514373779
19,fa64fdb8ad70e86efbfc31179e93e99egd27l,0,0.6688781380653381
19,900284c412387e0bb2dc2aa5ce42dbb9th70g,0,0.003302888246253133
19,4dd7f98cfffffd6f4707fd0deb4a00b5rj9wv,0,0.8016312122344971
19,8bc48bc2cd0ee494e55470a7ab0814c12riuf,0,0.029368450865149498
19,9df0031595e4105e4530ceee1a08faf319vvb,0,0.7966005206108093
19,4e22432d4a059b14d1d6a68a1feaa953k8vrb,0,0.005464794579893351
19,233e09e861813cd087e8937f32a29bccs7b3l,0,0.0957370474934578
19,4cd52ae88da3e30dbe01da5048151c98p4f0v,0,0.7249220609664917
19,0d9f78a6084bf15f42210bfeba95621255c89,0,0.7889825105667114
19,92f8392be617527734a2f18482815af9ak8l3,0,0.7946576476097107
19,fa9cfea85e90bec313e512e9eeab2e869tvx8,0,0.5700699687004089
19,21114d057c297080f0f882420d2436b5mmukc,0,0.03555814549326897
19,e4433ef42008dcff761f12b9ade6fd31krdwv,0,0.6088851094245911
19,461b089147eb78c582ca8a30fa7581a7mflo5,0,0.35845062136650085
19,17c59325ec223c94dcb301a7451c39871vxq3,0,0.6004731059074402
19,38d9e2e83f25229bd75bfcdc39d776baz5zu2,0,0.7950924634933472
19,6c0030ed696c4156b6ea3472374f6b54s4ih4,0,0.7456137537956238
19,5097b3a4011380b5d9447e1a7a20b1a556yzj,0,0.47190746665000916
19,48badabcce6015d257ff5809761486c8qgjul,0,0.8088521957397461
19,e76154d73bb7d7b86d9bd48d167d3c679z0va,0,0.7749872207641602
19,f781d7cab96d95bcea507cdd43b24255pw0dv,0,0.7844517230987549
19,c349d767ddda78ed58a3c5769e780598ar3ei,0,0.037591490894556046
19,afb7618f9e3fd071d4ebedf396e1d45drta96,0,0.7759720087051392
19,2eb8a353db13e68388f544daa2e28359oenbs,0,0.7910717129707336
19,308a5541e1206e126ef80f18cc29b7017520l,0,0.08120734989643097
19,c8a99985c7bf230f475a8e9be6a17d7a08r3x,0,0.0009787300368770957
19,0547dbd3ecb4a293913f138d60b586fdf4ane,0,0.8759278655052185
19,b6e52f37365cfeae9204a9f408b8c3a4idcs7,1,0.826614260673523
19,c16a9bdd369ed3ec2891c46e64017560fbx69,0,0.0009454794926568866
19,624ae2fe9394700eae7a35806e4bafaeq9cty,0,0.7044689655303955
19,2e33b1ee8a9d4a5cc5f886ca455e8f86kxu5r,0,0.7146467566490173
19,ee45b2475e453e69ce712388959fe4acspmvk,0,0.851136326789856
19,46a28eaed47c29b4fd148a50cde44840u0bsn,1,0.8093979358673096
19,668d393e858e8126275433046bbd35c6tywop,0,0.810050368309021
19,2366cd7cf3df530ef4fe40b36ffb936fyn3rh,0,0.6786729097366333
19,e783e5f6b818d18eda4065282022ac23jd1fw,0,0.6525564789772034
19,b17ce8bfbb565945ee9f289c2ddd8abbu1ndj,0,0.8766080737113953
19,2012c722a90bc47f1abbc8319d0cea51p7l5b,0,0.0006922183674760163
19,28a0d5539562290a1a2f63d5b7230db090ys3,0,0.7566030621528625
19,6d501ebf066c0331853f1bee9754e781obu7z,0,0.02803349867463112
19,aa3ac65055bb4b1660f4d8c1d2c187ecoqvn4,0,0.5662397742271423
19,ee2caa714a2175abb13eb6ef15196368cwc7c,0,0.7894698977470398
19,e134f2bb79d1a810aada6a24760c8910mh5na,0,0.7869665026664734
19,8a7710ee3c886df8ca78c88120603cf6taql6,0,0.004630058538168669
19,874402ea8b408a017756404006b12708d9s6u,0,0.663291335105896
19,72b21fb7cd32b1a65bed8a12eb94a8b7qa7rl,0,0.0005831795278936625
19,2271fe5b01f9b8f9d8409014ae4511524grmq,0,0.8129428029060364
19,0ae09b09369c76737cba059d192451001nwce,0,0.0009293379844166338
19,817f8074bad1c717afaa8d1696f9b2b00muzw,0,0.000979649368673563
19,c5c8a28a166913512f5bffa6a49788c5b0uaa,0,0.00027451483765617013
19,8b4bcc98fa4666b22c7a17c9a4b93ebenlmlb,0,0.0005339335184544325
19,20fcf71ad6fbd43f6f5fe493a6bc3ecfextqf,0,0.46202635765075684
19,936a335eab4643c3529968a4d9b0c380esi7q,0,0.723490297794342
19,4483201dee43b51f338c0efd3b13bb895tric,0,0.4855157434940338
19,6affd6d2976aa7c48dac70612fc8e31ddo7j5,1,0.1258951723575592
19,16065749457a14b26998fefca503c3ecf9og8,0,0.6503265500068665
19,dfb23124fba16b7778f65c1c8d091f949jz0k,0,0.05371170863509178
19,e241b80fc1b431397ba6c70f2fb8ccb72wbra,0,0.43813902139663696
19,7b31d9d8b5e749cdd2c300cbcbb5f875kjlsz,1,0.7685889005661011
19,6faffebbde541edfccdb2725e430870cbkvo0,0,0.7428877949714661
19,5114111892d49b59415284dcf19ceebconhvq,0,0.0025065133813768625
19,afdd5c7c912f9b6a88c0c2619d618124ycm44,0,0.04258301854133606
19,0eeffc5039b27a4dc2e420eca75b1fa55rv5q,0,0.7089369893074036
19,a8a2547a9153038fbb9fc66d2425d9a7efr68,0,0.5868140459060669
19,950aa0150f419cd6361bd3c500e6e695xfljo,0,0.7966318726539612
19,f268f61e075419e5a001b86ee78557e2kmg14,0,0.003664726624265313
19,97db2350652f8d01237fc4c59a470eb81h9gs,0,0.3695012629032135
19,97268eb2ac171298eb03ecc6445d6879wk3pu,0,0.5322495102882385
19,197e90906939267ace2422e78e8e83889znqp,0,0.8061357140541077
19,106f4ed8e9b727f8d94a1cd57e882a095pteo,0,0.6711496114730835
19,31c840378b5c2e4469fd2e7f5a1e5a7d92k7u,0,0.7433050870895386
19,874f882f7efff96263e9b555415aac36dsxry,0,0.6698110699653625
19,6da536112251f09a006b0c5223f154d46en4j,0,0.2653929591178894
19,e8581ec94cd4d5009ab6b36c6aca9f0cp3txb,0,0.6932980418205261
19,b0014101fe1b510ea150c149145dbced3q3md,0,0.0007391554536297917
19,90fe8d6fc0bbe4ff2ca7833fe51bddbaaibof,0,0.7923169136047363
19,e12177ff9c1a8413996f7b1a590980c82ofeo,1,0.804957389831543
19,cd8f738dfa2ea0554baa3dfc4465cdb8izun1,0,0.770624041557312
19,3ce8aa0207022698b6d0eef09c89b381jzqi1,0,0.7773275375366211
19,e8291466de91b0eb4e1515143c7f74dexy2yr,0,0.8088261485099792
19,aa75d58c3e1207618d47c72ffb19c872bolg8,0,0.6420249342918396
19,1ea558fc18eb1b3ed7759a3aed7662d3p77wq,0,0.08107360452413559
19,8ab98c1e6cbfb902af4e02050a886396a40bg,0,0.21977081894874573
19,04c6b750b0552089c87ae03de72289cfcpfmh,0,0.5544635057449341
19,460e932b11a1529d78246317757899ccfaxng,0,0.7071506381034851
19,25a4ee3a528004bcf4f4bf62b9208a7dx96pt,0,0.8006243705749512
19,6130cfe76ed3bd87c8f8dc6b2b2786dcp44xy,0,0.5976150631904602
19,167b4f37a264b72feb0f559b650d1cbd3ox60,0,0.7344709038734436
19,23bdbb8575f191b71853bf78d09e11a1lhnfn,0,0.667881190776825
19,2106dd7866abbfb4e7c68067d7eb9bebflq5d,0,0.7982581257820129
19,ec6d3fbd8408ba43891370d4ffe41eabhnwbs,0,0.45128318667411804
19,e59ca537cb8df3053bdd555bc987b4a7c7m4e,0,0.5575146675109863
19,78830493a121b8b6917d246ec73ccb4anwocl,0,0.6625810265541077
19,6bdb40330295fb3abd4647808c319d29pb29n,1,0.804169237613678
19,6f07ce71625a0c57aa5c0c05071cba164jmba,0,0.6067533493041992
19,353d05bfefe1dd96d3335575ddadf310rgnrr,0,0.009360863827168941
19,628156f3bce703aa6bd275089c6c692499h1q,0,0.782700777053833
19,470727c18798cf0e0ecc2a0dca207cafuena7,0,0.08864795416593552
19,d110111b8700f290b5d03a0e243fe375r3woe,0,0.6455411314964294
19,e5bde35da4abebe4fdb37a3c65124a57ff4vo,0,0.7704843878746033
19,37ea72c53cc50112ced4f88810f1b38euoz4r,0,0.677013099193573
19,44bc1c87245aac66d176620f6ac9611ddbcil,0,0.7097035050392151
19,d588f4c51e67a340d1991a8130ee0b56hy0r0,0,0.7988701462745667
19,762046a235e00ec6521ba71aaa1450c28ijkz,0,0.7535640001296997
19,ae9e482a7f4a625a878c6ee0eb4dcd01dkm6d,0,0.7688271999359131
19,cf06ff5f520b14d1f9f1cf5a7ff34982bj4md,0,0.0003541088954079896
19,76c85d6bf559bc0323bbe1639d233e88nxy36,0,0.7975291013717651
19,17dbe14676cd3a3cb8a7edb438622f7fv2scv,0,0.6244659423828125
19,96dccfc370343f6871dc478d5b2fc3ffx95d3,0,0.775886595249176
19,3b8320619393a6f6bf12219b61cda688k4w4e,0,0.38732051849365234
19,c615c31c87260c0d85727deff6da6667lgg33,0,0.5421632528305054
19,da00b16633eb706fb11d55868120cdd9so58j,0,0.8903891444206238
19,6e29de28296a57f039026ffc6df9145cxo2n0,0,0.7824540734291077
19,120beb4523541f769a2b658cbc41dd57w7im7,0,0.3054586946964264
19,de717bfad3ccf44a93f39e7b43f3b227cuu5o,0,0.5171310305595398
19,8254276e772450c5365707cde76efa4cwuzpd,0,0.0008157627889886498
19,d2f0217aa734f025ec008d24d13eca10ntuhf,0,0.04618687182664871
19,170a58cf637c08f0818ebdbfddca29c9irkxj,0,0.5814472436904907
19,6f6c9a1964fd4bbc082f2afdbf2d2af6ypdhn,0,0.029038002714514732
19,f5b2bbad20d1d7ded3ed960393bec0f40u6hn,0,0.8031350374221802
19,35f822bee4f85d98d5b1b23c65681974ywyuv,0,0.01012763474136591
19,15b1e719796dc894ecde30f160e7ae20hrmmh,0,0.026204263791441917
19,e0fde4b9b7ec14e80de3c811ecae157f6kqd9,0,0.7835556268692017
19,77b342f0d8769898619a935e267eaad25rubb,0,0.3726361095905304
19,4de2f22ca840fce9ac653e4aa06d9b0cnhudf,0,0.8085428476333618
19,7ba17b1eb362ef91a99a6f021b3f2b63uyo76,0,0.007140320725739002
19,c36fad0b52a6be6ec32cc5530c0a2aednea6k,0,0.798955500125885
19,20d31f20169e8612fe13818891f88a83r66gm,0,0.11074204742908478
19,f4d69870de1e803fe00f8126e73a7e33zwcds,0,0.7184011936187744
19,a58ace8b671a7531c88814bc86b2a34cf0crb,0,0.8070021867752075
19,4c46b1ea933d574a985776ed356312505nagr,0,0.025178495794534683
19,f29896e71c8077db28617a03c0f14e7570emg,0,0.2562646269798279
19,054b51d059fe981ca8cc4e0d4c49aabb5mck7,0,0.7970118522644043
19,780566278695c3771f81afc605abdffa4143q,0,0.5134513974189758
19,f1e57f96a91c185a7ea716c2481cabecpi3ia,0,0.7759711146354675
19,920540ac4168ed08a1e297395a68d718gsqdn,0,0.008326705545186996
19,ef65488c949595d7885525ccfab9100c6cmqb,0,0.7703507542610168
19,7505bfc1ca67a5ae14e329b46a88ab869ms9g,1,0.8014864921569824
19,2d38a6af2ce96c1446f900aa4756b8975y9k3,0,0.7233483791351318
19,e49dfe2adbc4b3789f67bc044c231473clc4d,0,0.002621640218421817
19,b4495464d4503ccb8e696994059983c89g4lc,0,0.722370982170105
19,bb4af76ec92ce75e8abe9a6a481d4314jyo16,0,0.09024256467819214
19,4566ae63ee93ffc6b000b5cbea7f6a8ehbg00,0,0.730948269367218
19,b217ca4cdea62a3977481e398d2cc9bd4sxht,0,0.5974479913711548
19,b1c9bacacf1f33a8fe48d1a4ae4c761bcltiv,0,0.7788426280021667
19,08a588ebf7b98f44f8fc695d02adfa25x0amy,0,0.6211488842964172
19,f7b25abd850df9b0e0b305c6810e1ec3qbtaf,0,0.5187044739723206
19,1899fd76b484b9275854787a6b003b8a93js0,0,0.780989944934845
19,537f38e5fcf2656968e0a1752dd494ba8z1jc,0,0.0018267098348587751
19,d154075c75cbb3f4b716a16c88eedd774i8s0,0,0.6711470484733582
19,fdd6944b3c3caaa7d1234ecfc11f8d080h90x,0,0.5499247908592224
19,222d3e39d4a292d79aeef4c04e52aaf24mgkb,0,0.05671937018632889
19,741b9948c8cf42d658676e5a46757815zstr4,0,0.7057248950004578
19,5db8eed67a7b648d1f2173b665b79de2vwdlu,0,0.006041881162673235
19,9f52fd88ba073512be19e3d24d4bb6f91l531,0,0.7375091910362244
19,12fefd74d82d90541872847f199f6324cowi5,0,0.7272956371307373
19,ba258a455ca17f2c13cab3d0afc7de0b48h0t,0,0.7763342261314392
19,6c11cc7744fb52a632306ca8bf966cd1e4zxx,1,0.7995166778564453
19,ba6811273d4f63d9a31937b71b0a22dforovn,0,0.8231364488601685
19,9f2086ccb71acd84652f861517d4dff9du4y4,0,0.004459648858755827
19,11d5f6925da5809e2d447788b85d6253jj8fu,0,0.7877994179725647
19,f0c034c46dfb78d2e9e67fd4fa1688fa6mv8k,0,0.0003408407501410693
19,4070f6ad5da385ba11cc99183817eb20h69v1,0,0.6428836584091187
19,84a769adc98498f52debfe57b93a0789556f4,0,0.00047413422726094723
20,4ab12bc61c82ddd9c2d65e60555808acqgos1,0,0.29604682326316833
20,d1be739798ba0745a1fd72ac918a9f1929hei,0,0.25000837445259094
20,1b26a52e1e5980c8487bb35cf5027fdfwfnzp,0,0.006682056467980146
20,c0549e76b179912d52a28c3eb9b29376yaxvu,0,0.006962410639971495
20,38e919293f5dbd62d87ce288e41aae2a281m2,0,0.5087431073188782
20,99acffc3cd9bfcd00668dbf472a1979350mxk,0,0.10077502578496933
20,eaaae0fb54c7d36724a9679c3128d5a7gn4k5,0,0.5013114213943481
20,d36857d18a397e7e24d05dcbef3b919ftjstv,0,0.2798938453197479
20,c62bac5be6489bc0e0a7834a11167171c8ww3,0,0.2126826047897339
20,608d9b68afb12c6c27da6c6565ffe8297wvco,0,0.01301038358360529
20,5f50c6187a179e2ee7ba2fbcfc845c7a1smgr,0,0.38149401545524597
20,e1da7d96b83f16aa80cc254572cc154fcoudy,0,0.44402384757995605
20,e97becf0d4632035ad4cd5e65c827d6f0xawy,0,0.3672105371952057
20,848d3eaa622b26fe57d352eedd9649f4v6obv,0,0.0034477845765650272
20,68d468e15e0de0bab9694cdca8e799eb2j8kn,1,0.7455297708511353
20,64a39f766b2e9d9471b104f0d0289740a9kdq,0,0.017087297514081
20,e3ccc9bd16fa1f4a92fe87b4a54e5e72uficw,0,0.4888670742511749
20,481fdbc92e77bba4c9611841a7d74071elwx6,0,0.07862971723079681
20,4dd2a50e589cde2802c4bab143dea61ak517w,0,0.00414638314396143
20,fb92fc925c5df50f4da7874a7542cf2210z1f,0,0.30639225244522095
20,bd586db332285f3c45814fbb8f638d79d26u7,0,0.29142996668815613
20,e78cb9678684d649453cd5e1e46baf462lq87,0,0.006378736346960068
20,02bde521e763e4f4e590e8368149e04a96il9,0,0.38149401545524597
20,87aa94042390f9267d3b7d90e42b022ek5mbu,0,0.06654292345046997
20,1e342381f2c64318a51a9b71d91897f8dv9ul,0,0.465695321559906
20,9df0b0e5ca66460495931376045feb5fu4y7b,0,0.02966718189418316
20,827da66b68b225547050c11df16f845618ptk,0,0.20793727040290833
20,ff58ffde976a4899dcd89597a7877e18lntgz,0,0.4392932653427124
20,0e66933c924764a59760aaae5368e7d1e0s88,0,0.31712400913238525
20,6086425310e05e77a53317490e8c1f3cxzf2r,0,0.3442121744155884
20,9baf61c813f1d4a09e3c70f6dc741f34voe3n,0,0.012986108660697937
20,024cf43497fd7381df6254888670f84bwbbam,0,0.0014892860781401396
20,68f092336430866db606f137c57c87e0hw7aq,0,0.4736579954624176
20,7264bde42ef4fe3fa19cc7c6d64696cf7pqtd,0,0.5006243586540222
20,10383b390780e7b4b03dc32c94b4973f66wou,0,0.3727664649486542
20,fae963b2adbefc663692d7feddb50d5dxz1hn,0,0.015651661902666092
20,6cd1bd77bbf2af6a2c6e535192af628by3h22,0,0.008572831749916077
20,090c77ac89c7063f0d0ce064ce3cb3afllf5h,0,0.009819836355745792
20,01c5692d487454cdbe731df330bef608f48zz,0,0.35901087522506714
20,8126928a319468b6da5edce4097d2398xwita,0,0.09807322919368744
20,f80075873f7183a03b1b10ac3f740032v6w99,0,0.4820803999900818
20,e613acb1029ecafd9792c9f75d468e4bmm9zn,0,0.14574897289276123
20,cf22da37578048d2e51eca1e544c693cke5t3,0,0.5157135725021362
20,f63ed13362ce1c80970ba28a095c2bc5kfgmr,0,0.3242863118648529
20,c48fd9c589f273945bad5f0cea5993ba2fet4,0,0.48659366369247437
20,27809fd62bebc89be450f9dcbdd25ed8il6z2,0,0.42499133944511414
20,8ec8add138ed551bd5a9175eae0cb972ie0pk,0,0.4362911283969879
20,e561facfea467ea124df0111e041287ctvgwn,0,0.00870456825941801
20,88103add66b7113729a9ca82540684c9il94h,0,0.01822245493531227
20,cd856579a7c4850b60d8763520339449x0mqg,0,0.006033445242792368
20,024937af9ea18a2b57e4f08762d181f7s8a3z,0,0.007443650625646114
20,9e72fb21f7581cfff84e833d02538e5ar35kr,0,0.3443497121334076
20,ea57e35acda9a8f8b75f4d9bc049f74d7qx3t,0,0.3640918731689453
20,ead2ec4563ba25a9e9d417f1964b7504teqtp,0,0.44314494729042053
20,b719671479e7d75b1ba5a5617c95ccad4dkvm,0,0.004448005463927984
20,4376fc192e83a1a5d7a83085369916e8rr035,0,0.006562427151948214
20,28aa6c505e308e49e586e25e1897ed2axjiy0,0,0.23857586085796356
20,5a2aa4e8c227de4db26547fdc1f017cbxb62j,0,0.2840457558631897
20,5850b68151cf0760e94acb39c4dfa02026k4u,0,0.23571927845478058
20,037d9f10da403d8d5f94b6e2957a3702f6x07,0,0.5052992105484009
20,17c87408ee1009887112745797caeb7fwvqfc,0,0.2392442524433136
20,76218e14c379c12d599dae9e1c00b61a3i5b2,0,0.5194866061210632
20,c08e5e3325e2f4fea171f24ca018e675we8kj,0,0.38149401545524597
20,d2ebe13374f25a12865d50c17af1dad7yspzq,0,0.27701836824417114
20,e959a3ae64e28a7d3b37934c0d826867o3sp6,0,0.2040516883134842
20,f535b28ad58c83d35ba87fcd46624148zbh6l,0,0.0021443916484713554
20,cf456f3c8c409ec4060142acfdabb5bbqpx7q,0,0.344918429851532
20,76a8a9566e21595a1ac06cc0050626c1q7a83,0,0.3323453366756439
20,26190fcf0babdbe0b0d903f325c52873tpj7e,0,0.019916962832212448
20,a6bf74b19fcb2687ce345930c4c16d4e2txda,0,0.4473770558834076
20,c2d1b8c1b7a9c8010f5b215e8aadb1d7gahpp,0,0.4015997052192688
20,dfa45994c8471762d04deb23c6450598byp8y,0,0.40019020438194275
20,055282b75717345ba6f53d40e9e6d6c56qrzp,0,0.497965008020401
20,d3c80e9f6b8e1d774679fd8dd5aae611e3qls,0,0.4658292233943939
20,1b0534afb7c02bb023bd4767ae73f17dqzqdu,0,0.47025153040885925
20,300bb4c9816a7064b106c9c6cec2f51ei13n5,0,0.3613721430301666
20,a0660fe8a46b9cb6b02e7b0c50eef6a905vt6,1,0.47365254163742065
20,5bbc8f66464ec2d962b0360d1d74bf67imj47,0,0.05892310291528702
20,44c75302aa4404e23781f8337cddf6ed5tqun,0,0.0048996154218912125
20,7f86c3c417ae1db5bea10bf9d0a7827ct3ni4,0,0.4667491912841797
20,c18cfb38fe1c4c01705391422177265cn9w5x,0,0.004793565254658461
20,6c55d253787acf5210f7d785546db80dqtleg,0,0.010177657939493656
20,cba6f45915ebbd4b5404c6d357153c0adeblt,0,0.4249460697174072
20,4a2d5b70f0fcec3ad9d8ac4b447efd6f3vs9c,0,0.3849754333496094
20,786fd201d9c952bc3453d4b3a6fa64046d8wb,0,0.13915280997753143
20,45cfe8744884eb207048e3cbee31ec56hd9lm,0,0.054808612912893295
20,65659f3fbf6207c570c4bb8ac64772e9umh95,0,0.006750383879989386
20,5c28b04424e96267711d5af2db62e022tp36c,0,0.4730910360813141
20,9819825acfa7e20c47a78bda5e76b195jh0gd,0,0.3958839476108551
20,9c0cbc0fd8a6c22ae3648801ade080fek6i13,0,0.46258994936943054
20,b2d3db61ddb119aa4e5f43e1bf72e349xr5tp,0,0.44854652881622314
20,2e1eb5b56591662fd7ecd7b39621bbcfgd1ks,0,0.032235726714134216
20,eefb0b863345336dce70312ff0f8faeb9qksv,0,0.0008561441791243851
20,67083f257438b1b79cb09cfa601890855of77,0,0.20595742762088776
20,01255c2c7c5578c186873422fc00fd7afwk8k,0,0.41904857754707336
20,9ab3bca29dbc32070cd7f729ea55639a350tu,0,0.015892045572400093
20,2a5726bd00709641cc54a8ab5422cde3uchoe,0,0.03776254877448082
20,c6f07c222aa3a9d35b0e01f8959ffd21oownr,0,0.12265300750732422
20,200b548999702c10f8f9fdbae9ce60622owzv,0,0.4365544617176056
20,fbca8e44d824faa1fa6b99325758ff19vi94a,0,0.00813891552388668
20,651402deb28af3e3d1ab9a6b88314b591uuaz,0,0.0799563080072403
20,7d72bde2e297ee81296adb4fd56e8800p7lbe,0,0.007321395445615053
20,9774dc752f855f07b9c00eb7018b607c0ymxo,0,0.34374740719795227
20,c0d065cc8cb585f027143f2ebc6b49f01g1wr,0,0.3247472643852234
20,1bbfbd968c065ff5dabeffe311bc3ddeezbof,0,0.5021198987960815
20,a664b6b42fd48403fbd34800063fa50bz6k4m,1,0.21473990380764008
20,4703c8940eaa3f3bf5082ec2f155a8619i1yw,0,0.32887569069862366
20,8f6f7baf33fe2a5206ed3ca88446a99bmq453,0,0.4459870457649231
20,ce22684df495e376e32ac95d3ceb1164t37l2,0,0.0012254203902557492
20,9393cc68d0357d7b200a94fdf93ee3cf7xg5l,0,0.44648057222366333
20,45c3a73b88760d4390f42ea4fae97d84la5wh,0,0.21538472175598145
20,0e8212e286ee36da8945c2480e366417xa22x,0,0.0070417788811028
20,b725a638efd8d51f66ae2f22ce1df678p9es7,0,0.006434757728129625
20,37ca0d0ded383d709676a4f9729ef39cpjfh4,0,0.17725630104541779
20,b4550ab1da3a3ed6e4a206c9ef78d496q23hb,0,0.46548211574554443
20,e9c8ee7f783723fe8496dd35232d88f2or1r1,0,0.5087217092514038
20,1e0b1a6ea8d307cb61e221723534c4dclf9w1,0,0.41813960671424866
20,34a7ce35b13775be4e20930ba2788a3ebu5n0,0,0.002581952605396509
20,272a9183c10d9e80eda8ccaf6682db71203nk,0,0.008253787644207478
20,6db047b1bdd342c09ecf9f5eecccaa4fy5l0q,0,0.47220104932785034
20,163097c029285c7eefa2d60e474d65b4ap2l0,0,0.2475782334804535
20,8783939eb63e5eb4e5cd412d8480f3955ipxu,0,0.40102940797805786
20,f35082c6d72f1f1be3dd23f949db1f577t6wd,1,0.0008342989021912217
20,b9743f78108aefe3995e1c2291b5f3278cgpk,0,0.1873059868812561
20,4073de52fb5c46376dc3cac6b2f2cecdxyqjg,0,0.2570399045944214
20,47d1dbfb67706772f8a44f50e5656602z04rc,0,0.3504280149936676
20,1dead8a9cc54fdcf7a7c16dc6e06a3bbusgcu,0,0.40699949860572815
20,d4d4b36ea722e5b939e51e34953004c4t671f,0,0.34442922472953796
20,aba1120a5b13cf72c1d52c0dac8aafc67nmoh,0,0.23313719034194946
20,2db8669a6d21a5c8197d4287ea32b7883gv5r,0,0.0575651116669178
20,8ac7cc6a62b82e675465e89f67ab1f962ltgu,0,0.08864311128854752
20,452619e019e5651a8d98e3d59a478b7fez5e0,0,0.15022332966327667
20,5f7767924aa92a8f01b44a7e09f00a4dgqk8e,0,0.3554207682609558
20,420e7aebb49d7ab3c04e109a98e152d7kquiz,0,0.15586721897125244
20,f8c42ccd10c3fe515e53082f0cde9a18oxgws,0,0.5061261653900146
20,1717f6d4c48ae8d3e5f2566d4bb525f854j6d,0,0.19231076538562775
20,284cd72e028fe176f935114521ee998c5jsko,0,0.00944136269390583
20,655b88e646b94d0adb9e15e9f3b9c9a4lvcrz,0,0.422267347574234
20,f334d76f60cae7c67ab04b9e5cc49907hqsc4,0,0.006615812424570322
20,03a1e81cb7bcd15014489a6f752c9d5b7pvel,0,0.37226414680480957
20,33189c09ca7067834fd25a54920f82d4nd7a4,1,0.07805784791707993
20,d38b2db568fb71174bf883554bea939ccts4m,0,0.003420450259000063
20,183c4e44d09bc4ab990b957e765af311vlup7,0,0.3804839849472046
20,86151544b29ad273209ec4605c257b089z588,0,0.3224344849586487
20,612d24dde60a1b42873ab7b50944c6dad3dcb,0,0.4095412790775299
20,c7ce5ac2fe5f03458fab59c78b19bf7c9wzf7,0,0.0020469860173761845
20,efdf59a8ca81c5d3744f9121ac8fd2c7coy3g,0,0.3023696839809418
20,e429d13bc2c7acc82d8d68fa020546c38v82z,0,0.3729413151741028
20,90eb8151eb82441b084d04893151619837abp,0,0.10452423989772797
20,e0df56a5ea8094d070b0130d7178a996noolv,0,0.20291867852210999
20,8d49c8e70bf96a255baf30acc76a3f59b394w,0,0.35788312554359436
20,dc87cba6dc8717e219e9fa9edcd10ae4a2i86,0,0.005800439044833183
20,0a7446b63f183a4928ae762ed6cd1c4b894qz,0,0.4287645220756531
20,c89ad997f646e388fe375d7fe33a3727dzrh0,0,0.004346886649727821
20,b1c2e7ee5c69722df6233541ad5e784eutiv2,0,0.1304471492767334
20,14bcf558addd6e6f2818ab2bda7dc679jqoon,0,0.28993335366249084
20,0af208c4fc46ef9236052ff495016326zxoqf,0,0.00800197571516037
20,9b733fcc97535e27037c231858a711adyzvqf,0,0.034559883177280426
20,1dab9ffc5c6bf06e86e0dd1b3cb9ebecn5pu6,0,0.0016509536653757095
20,8251041848182e6468c8119905a177dekmshg,0,0.48539409041404724
20,260568e07963ce8351f3313bd7b9b0e2vonva,0,0.0015114854322746396
20,c4d42d0beefe49d6157c546a2504f4db86hvd,0,0.40709707140922546
20,f019bd7ec140624144c4a9b40c42bec9jok79,0,0.4629107713699341
20,213a7fb31eef8b38a23ad6b0bf2c7fd0dx3vk,0,0.19788217544555664
20,669c6a0e8aabbf0647e8ee6e150c47b18a4pu,1,0.4888838827610016
20,2fe472c1be232dca314d4bdf0fa95165rjv69,0,0.4822705388069153
20,bdbcdf6a935f4d1781a2d33bcc4967130bdqy,0,0.507756769657135
20,9a12aa1aa3560062c6f84bd374eb5f7f422vq,0,0.2265496701002121
20,d2fe98eb0fa21252956184a98138c58dwp1ah,0,0.3008233308792114
20,ef89b74b58c49c1a321d3d7ce061d151k51xm,0,0.007199235260486603
20,a40808ec5bd9d0440585286f1658c3b1ag8dt,0,0.43680456280708313
20,5dd3494b46f39f8c8783c25527b64dd8hp8ti,0,0.004855385050177574
20,5d5816d216122786933fb74c459f35fc0vnac,0,0.33235934376716614
20,613fe9b896ce3801e40212b3c8a8053c1e8nj,0,0.42305922508239746
20,63e3851eb5e1ee98df1065b333f6cb81mlby6,0,0.44302278757095337
20,72dbc4a9f579a9444c126a0a67118783092ec,0,0.42426392436027527
20,23f9a0e1492c4abf375823266ddbe36bzukj3,0,0.07998235523700714
20,8af01eeb860c2e6b1512377f28953110ml638,0,0.4392660856246948
20,70c6727cc40fdc6f752b28102f31a38b883io,0,0.22863736748695374
20,dd76fa7a75bd0e1921f71d255a8e0853l4lbi,0,0.30566924810409546
20,a0aeb6de8a21a5b776f63530ed753fdb34k7y,0,0.45821279287338257
20,693085cbb28f505f03b025dac8681a3bvfot8,0,0.6266324520111084
20,309f446bdb138faeb18072285ccd9901gz80c,0,0.4850340783596039
20,b9d861ce6162179a4b008b63e7fae80fjoywx,0,0.009302512742578983
20,eec2ea9d9b292a343f8ee566ba252baapagwb,0,0.03068014606833458
20,95efb775460080c0da57e154f27876d75xnsx,0,0.11061236262321472
20,d092609f5140c62ec64ddd7615c25792qgdrd,0,0.21395204961299896
20,3550d62e04bd3a1239eedbc29d9c970279b1v,0,0.4913982152938843
20,1afac423a94778ddf9b6c1dc0df7105cgp1tp,0,0.007853822782635689
20,c9a97c18992adb02e6c2e6a8f9cc1daa1di5k,0,0.3446634113788605
20,c2f592fbdc8980229367e1db4d0f7a51my54g,0,0.43617919087409973
20,01cda526658455000913950f20cf31a2q6nsf,0,0.4258846938610077
20,50a4bfbac8a9653af4099ec1169f684c2nsgu,0,0.4669603407382965
20,3ded667003605eb856ed1aa2b82c1732gtma1,0,0.46164828538894653
20,f5edfebe95b4f637d1bcceb892b73dc7rhn7l,0,0.4165269434452057
20,28b4c35bd90c81ca959da328806469d493mvj,0,0.0018597736489027739
20,4af5e2532224f9f7d1d039704573d9205jbkv,0,0.4196615517139435
20,292dedb5371b8e0ebbeea57f14b35713e2ie2,0,0.008588728494942188
20,4992da4511c3c1b4efed3e16c7d8dec65ilfj,0,0.44969621300697327
20,fdad47d27b793b74470086c35333d4fepycsl,0,0.2628682851791382
20,f3ad2931359bca59c36ce55ba82f9af8enbi8,0,0.3149835169315338
20,bcbd5c95680cab78cf904fb936dd03f86g19z,0,0.05075022950768471
20,764234598477e02cbf8a43983fd43850l1c8f,0,0.02256122976541519
20,1214fbf35079e7afc0a35645f8be8b218fd5o,0,0.38149401545524597
20,85d020b5f3d99d1272efa0a0d34c56a5dtvxb,0,0.6288526654243469
20,098bfc9c440f9ba9e6371f774ec6a36fa0sq6,0,0.1300615817308426
20,c6453f296ce36005d7e7e67e159e1b7cdbmus,0,0.011185585521161556
20,b853c1e4d6a4657d35705772ca6cfdc3qtox5,0,0.008973118849098682
20,a48837ccd05bca96ddbf02c55ecccf639adk2,0,0.18772567808628082
20,b1e106943db37b1d002bcbe06b264b8bahuy0,0,0.2250821441411972
20,f9378eb3e522beef7e6a4e1f275bbe0eaboro,0,0.38149401545524597
20,c5120d10a23eb0c10d56a19fecbf9da85t4ow,0,0.2269115000963211
20,465c4f2ad08cc1e5f7a5e1e3ac75654ealh0g,0,0.38166746497154236
20,9ae9782ecff93ddf1c6fa13d711b9fe1gc266,0,0.4318293333053589
20,1530008a712831e35a673d38959528f4ozipv,0,0.001175237470306456
20,86a626c876e7eb4be35f4f0b0a78f97a1rn7h,0,0.3956476151943207
20,f0fd9f1b3fc9ff10c2642b3bf81946e2rsq48,0,0.3880000710487366
20,ab3e02a6b47b250b738fdb010dc84cd7lrr07,0,0.4137577712535858
20,5ddf9ae899e629acf3e78141a9712a05a4feq,0,0.45700010657310486
20,18076726ec814a6f56da2cb9ea89d105j8vpm,0,0.3478710651397705
20,a7c263f3fe4f19ff677e5cb475f7e5a3gdom3,0,0.19497831165790558
20,ba266f4898bf572447ad65856b362595yjt2a,0,0.4314756393432617
20,2daa71f0d138b8c2d61583d3b98a25e1mjp9c,0,0.013985906727612019
20,c900620a019e78a3eee44109e4d1e1d2xd2gj,0,0.0020065209828317165
20,2b429b9235bab2877cd93ac6d9fbc2d7tzwre,0,0.4810604453086853
20,5b0665172160ea4015e79dfbcfa7ed86oe0mc,0,0.5410914421081543
20,69d8fbf99586bfaac64d31f82b9bee27wltkd,0,0.28983551263809204
20,5324221d38a79636bc4560cbcf2d75c4gimrm,0,0.31946277618408203
20,510f33a3c0a290a0e43d2576d928a4abxieo3,0,0.005841996055096388
20,6362c8d61774cfcb6ada7cea1be63678hxkfz,1,0.4418504238128662
20,95af80db42edfce4e937550d60d79561punym,0,0.006137963850051165
20,3694aa599f836a57b671ee0814b071775i1nf,0,0.45654743909835815
20,5ccc30558d4c218cbb4d36872fb82a03rjxgz,0,0.2390107959508896
20,3318a824cfbd3d3d177ab7e9520b21cbsrcgr,0,0.331260621547699
20,03aafab9868455b78f0723eda86698ba9v9rm,0,0.46782252192497253
20,ae0dc05e48d0f1e3ad33f37b4400bd069jktv,0,0.49266356229782104
20,591ef8d73236d150c32716359a61ff2auk6y6,0,0.10969169437885284
20,989e8e68621a43af5a8d061aa91bd9bfshy7d,0,0.011288558132946491
20,c58ffa073b3b3deb4e993ee5dd05347cmvfur,0,0.33742672204971313
20,e8f3ce0b2d0849968400b63b992cc606psoij,0,0.3798300325870514
20,fd5cef3fe1217c6591500c715d71717anczcq,0,0.3566351532936096
20,afb1d898d15663a9477870391cf39b697gso2,0,0.0855456218123436
20,8a4fc219f01e1fe6d4328b0a47fc54905iv05,1,0.4219036400318146
20,3e995d6f9dda5f29c02af4c9fcb94bac0csrw,0,0.5017663836479187
20,9349befb45c4869b68e82a1944f4f01377cpz,0,0.0040800306014716625
20,d79919e5ba11f26bce5e70f0a4f859e3e4q9y,0,0.46245428919792175
20,900284c412387e0bb2dc2aa5ce42dbb9th70g,0,0.007240070030093193
20,8bc48bc2cd0ee494e55470a7ab0814c12riuf,0,0.0030681241769343615
20,c6fcf1f7b824c864d492c4cd676cd702owsuv,0,0.25167495012283325
20,7188dec1b560385b0826f78e7608fdfeai9fm,0,0.03068489022552967
20,24029e6b641077ab7b9a1fde11a42666pkz6z,0,0.4388830065727234
20,ca5d4f0a3ea342fdc45c3325e5311049e2uis,0,0.005752288270741701
20,68d0de6b2b019e4f93fe89ef3c9d3e21zajj9,0,0.5030128955841064
20,e0984156959c3e7cd05b7ec8ae239303inqlo,0,0.32819700241088867
20,21114d057c297080f0f882420d2436b5mmukc,0,0.003935876302421093
20,74429c9ce8183e2b1b89600e6de4ceea5kn1t,0,0.006037146784365177
20,ca28bff4ab1f6e74bf08b92e16989e11vn2mf,0,0.29825058579444885
20,38d9e2e83f25229bd75bfcdc39d776baz5zu2,0,0.4678322374820709
20,3de66f8a5453943040d42e1e73f11eebll8h9,0,0.38149401545524597
20,6c0030ed696c4156b6ea3472374f6b54s4ih4,0,0.390598863363266
20,5097b3a4011380b5d9447e1a7a20b1a556yzj,0,0.010954930447041988
20,9ab00034c9b00521ce121adb5dd4aa15tlhc4,0,0.2635267674922943
20,2e463fe6bc1616f8392f82c138a6a436mbtjx,0,0.397066205739975
20,5de403f3d49221bfa7116570a4d572d8m19sh,0,0.007127074990421534
20,2eb8a353db13e68388f544daa2e28359oenbs,0,0.4498124420642853
20,b6e52f37365cfeae9204a9f408b8c3a4idcs7,1,0.5241750478744507
20,058a4e0ac0a20f504cc9c6aae2a896e6too9v,0,0.0028059910982847214
20,c16a9bdd369ed3ec2891c46e64017560fbx69,0,0.006953952834010124
20,6f6e3687f67272b103351641b678225abarzw,0,0.43660274147987366
20,2e33b1ee8a9d4a5cc5f886ca455e8f86kxu5r,0,0.3015195429325104
20,668d393e858e8126275433046bbd35c6tywop,0,0.5032749772071838
20,c89d56c06803b8c6316a7c906604c64939yri,0,0.3502419590950012
20,54957cfd12ec8c64918b6200ea25d27fsc9hx,0,0.49971678853034973
20,b9fd0772481bf459179a3b4ab49171693im97,0,0.11263290792703629
20,445eea09a6299164f60dd11f23276b44rkt8q,0,0.011193731799721718
20,64abb8a286b2be97349e8b17abcce6d9rygza,0,0.3044135868549347
20,3e0bbd7d75cf543a56919ff5069b31a9gcbql,0,0.1813071221113205
20,76f7e6c70f2b84d885b23e2b2831e113ueqo2,0,0.17975659668445587
20,bf65e77ce8676fbab6fc78b70c50f05a8da8a,0,0.5114967823028564
20,37bf6f23b628a3e2b5b22ba81beccbef0efoh,0,0.4976280629634857
20,fa6bfb4a2156dc8e73a713cdab85bc4bmcmwr,0,0.024111071601510048
20,8a7710ee3c886df8ca78c88120603cf6taql6,0,0.01038696151226759
20,c67ecaf47f857f37f63ac0f4b9af3249wwdtz,0,0.0037214893382042646
20,bb43fc12fbb0fd2b2536e4033ababf59exffy,0,0.0058060819283127785
20,94c8c0f9c90820f28928caf5d122dabby69ts,0,0.0006416196702048182
20,238808859d7752579a415e89a395500fh2o65,1,0.12574903666973114
20,72b21fb7cd32b1a65bed8a12eb94a8b7qa7rl,0,0.010440612211823463
20,9be39ea5a0612fae7bc43a25a6d10856l3qaj,1,0.45029714703559875
20,16e2e48cff6faab74e1f5c47669dfbbda7l5z,0,0.45637091994285583
20,0ae09b09369c76737cba059d192451001nwce,0,0.0018661710200831294
20,52c441804b89bc20e4c8dd625bf163f27o2zb,0,0.017835285514593124
20,8c412ae875b672f18073d643c74f9f0clzbyw,0,0.26002636551856995
20,c8cf68aa6abce25325dfdad4a98fd890ap57f,0,0.38149401545524597
20,cb705744a588c18087921e74e68cfa10oev6i,0,0.473495751619339
20,6c3bdc508c20f2f3871766cd73064c8cib3xh,0,0.3370571434497833
20,6b0d09889ff4889deaabd5f15b3b34f1jxl6v,0,0.31842929124832153
20,9adae18220565488f77036be41cf71beiepqk,0,0.5023665428161621
20,026819504b59bc4eefb9963d5fe4271aql15u,0,0.060444071888923645
20,6ab75792932fb1ea6fc74a18edb7888c2orvk,0,0.0527060441672802
20,98aa09a7ca13559a9e2a43fa2ba4d2b7klwin,0,0.43788018822669983
20,6affd6d2976aa7c48dac70612fc8e31ddo7j5,1,0.09597228467464447
20,7b31d9d8b5e749cdd2c300cbcbb5f875kjlsz,1,0.4813816249370575
20,8473148f069a890b7323fe8316861a71qoxv1,0,0.23707744479179382
20,afdd5c7c912f9b6a88c0c2619d618124ycm44,0,0.02248506061732769
20,c4294be0db6b5c9357ae5e2e7fc8da9489qpc,0,0.006535176653414965
20,6e8cd4699eedf0075cf5662e1fff3a857bycf,0,0.4003535509109497
20,97268eb2ac171298eb03ecc6445d6879wk3pu,0,0.05989016965031624
20,197e90906939267ace2422e78e8e83889znqp,0,0.511396050453186
20,31c840378b5c2e4469fd2e7f5a1e5a7d92k7u,0,0.3256860077381134
20,9f9dd5c179d357b53f145ae1e5cc941f5qfuy,0,0.01945525035262108
20,227bc0936837200d0aaeb444ab8d5f1axs8zr,0,0.4421803951263428
20,ef415b2bbbb81ed33cec7242678975d5m5qk6,0,0.1626623570919037
20,b0014101fe1b510ea150c149145dbced3q3md,0,0.005553579423576593
20,24a9abf72cedcb421e831c1be26607e37zojy,0,0.16022926568984985
20,572c9964ca41ed055830845993fdab29p4f03,0,0.4442497491836548
20,5201935b289665a197e38f747882948fjt867,0,0.034272097051143646
20,33895230e0b25b5d3133d502ef3ecabey84m6,0,0.45354926586151123
20,c616385a2762ecfd8e4ea16d8a1f2596qw07a,0,0.23751941323280334
20,1ea558fc18eb1b3ed7759a3aed7662d3p77wq,0,0.009328718297183514
20,050a3b29ca1818e1f237df8132bc2013bcuxi,0,0.27738791704177856
20,74149197c8684977e397ab60a6a264836b0lv,0,0.000914304400794208
20,23bdbb8575f191b71853bf78d09e11a1lhnfn,0,0.196989968419075
20,d144312f2f68dc33a63b7863911b2aa459i99,0,0.4506102502346039
20,6ebbb4e7c3fb4ba44a89bae997717924gm89u,0,0.2669484317302704
20,1456b44d8b2b16cd94278137269ceb11ns7wy,0,0.1850934624671936
20,ec6d3fbd8408ba43891370d4ffe41eabhnwbs,0,0.020720476284623146
20,76f17ce227e593aeff456fed46e36c83a3j72,0,0.4948078989982605
20,6bdb40330295fb3abd4647808c319d29pb29n,1,0.44429323077201843
20,1d4eaaacb6127c43c1c007331cac135bpib3m,0,0.26277872920036316
20,4694d67c21e9a2edd614e717aa3f4dd2e0w93,0,0.0027730006258934736
20,036a4050a5dd65e70f0f613ec2e38a74re026,0,0.006249225698411465
20,46f1d7df0a8ffcc10c3de0dad8979cabgr9ig,0,0.006805319804698229
20,74a35c4376559c911fdb5e9cfb78c5e4btqew,1,0.006479554809629917
20,6f07ce71625a0c57aa5c0c05071cba164jmba,0,0.10428664088249207
20,110d2e689da119388dcb6e235749b787ni298,0,0.003320360090583563
20,308def7f05575db9bcb6a67207d6c1beb2cqt,0,0.25666069984436035
20,de4388600d997803223748e48bfc7b16ggyrh,0,0.002133643953129649
20,069d251f2fc19102924468ab38349d5eou7ab,0,0.03771942853927612
20,a6230fdfd4879433e36a76d53440f426c7a7a,0,0.394652396440506
20,77b7daafef906aa3f941992bcf94dd69zxk2p,0,0.37490731477737427
20,6c6c3559c5f656c71348f7cadf29bb12okgl1,0,0.4385330379009247
20,283987b9f1ffd4514757483ee1f01351xd678,0,0.4110989570617676
20,4731be79b5c7e894dabe5986e747b97bd6yxh,0,0.0038959067314863205
20,4ef4b3e5727dc85f18aaf00ff9a1e936qyhp6,1,0.5229581594467163
20,eef111bfb93c213c174947c69b2f2b38cr2pw,0,0.3480603098869324
20,c65d2236a70982d628454d19472ce26eltxgf,0,0.011852924712002277
20,d381ce07afba12851a815cdf8858c1c7g2pfh,0,0.4542800486087799
20,74cf3a0c5e4f080415888bad2f7119499lh63,0,0.031896255910396576
20,d31f6cdaf4f8485190b4ea588f8c1733y6qu9,0,0.002227473771199584
20,a25f4c6838b83e0fcba372300c23c2537k5eq,0,0.5012635588645935
20,9e1f21ee1888368e77b539083f4b94ddv8mrl,0,0.009631237015128136
20,f2f10539ed947e4b141b2e9bf21af65ecz4f7,1,0.3827143907546997
20,de717bfad3ccf44a93f39e7b43f3b227cuu5o,0,0.1796647608280182
20,c2e1242ad5ea781923a08987d55365c69fii7,1,0.49877169728279114
20,219c6102f604c8ff0ead5d23375bb127del0d,0,0.42978447675704956
20,6d1354e720cb9ec90e19e29f5f895669qh6g6,0,0.0029122696723788977
20,25331706aa2157419da068e93f3989feyo7a0,0,0.4006013870239258
20,67a1b129ca241c51d0abb5484f8eb3fct8o5c,1,0.4936531186103821
20,1a764d01d19a1408382ccace87e61c9fndlo9,0,0.003545836079865694
20,0a92c4fa2bcdc8e952546d236b322053o5wbk,0,0.08533169329166412
20,6ca1de75674e78f9d3d63fd96fbe6e172t86c,0,0.0669059306383133
20,c128bfe7aba668d71126d51b32428c01tkq99,0,0.4818446636199951
20,170a58cf637c08f0818ebdbfddca29c9irkxj,0,0.11014747619628906
20,698da938f6fc36305616aa6f8affd53fobj5y,0,0.4078580141067505
20,6f6c9a1964fd4bbc082f2afdbf2d2af6ypdhn,0,0.0029727306682616472
20,6ce47fddd94be5792190cad9d972a5c4oyjww,0,0.31150203943252563
20,a639448bde9a72923b70917e82594fc66sa2f,0,0.3942703902721405
20,7959bd565852dd880cd31278fab3660fuaqyw,0,0.4528351426124573
20,9e9047df09026ed5a5a3a86403811159u5yja,0,0.43723466992378235
20,0e373556d3bf588a1bb2ca6354120cf2dmvjs,0,0.006018958054482937
20,21f5b103136104e4947e293983dbaa5b4tder,0,0.5180685520172119
20,abf6c2cd31be1630f5a7a1219935011c3rkqt,0,0.4065769910812378
20,9dc039dc57fd67bd9e7157f4f697ae7eloov1,0,0.4647698998451233
20,c36fad0b52a6be6ec32cc5530c0a2aednea6k,0,0.4957359731197357
20,c99b1edcfc7f0c751b68fb310d34b75ei6j82,0,0.2329385131597519
20,0f4669e36b2e721dfe27f8633b277a1575erw,0,0.00013851033872924745
20,1a5d7993b43386f64fcf4b84e7b183a6ref21,0,0.31279680132865906
20,780566278695c3771f81afc605abdffa4143q,0,0.13061471283435822
20,c888cda1ef5931da0db90f6803cd0d368ay6r,0,0.4150395393371582
20,b1ae4691fefd3d09d74096ec4caaa6d1v6tbw,0,0.2918468713760376
20,622a477170c3e2215b7e3cdb06db93aezz6t7,0,0.5080315470695496
20,802a819acf0601b43fe5426cb48ac0bbqwfu8,0,0.48759207129478455
20,1870650d20a97db60ce4133bb9352b69h9phj,0,0.4037131071090698
20,b217ca4cdea62a3977481e398d2cc9bd4sxht,0,0.07534922659397125
20,6ed19e45dc118b78a78f25649aaaddbeef7e4,0,0.2989192605018616
20,537f38e5fcf2656968e0a1752dd494ba8z1jc,0,0.005998279899358749
20,786cb68d5d2012dedaf70257449090f2hfb88,0,0.176232248544693
20,b9cb81e5855add059728cf932f0624fefbi2t,0,0.018513891845941544
20,25aca203223b4d9563f5b1a01aa3a21ftlgve,0,0.2702751159667969
20,bd6adbe79fcb843aeb97546947af1236kbg7p,0,0.334465354681015
20,6b1666662837213ce77c329d8cb2a842epaeh,0,0.34226304292678833
20,12fefd74d82d90541872847f199f6324cowi5,0,0.2852679491043091
20,e54c3b01eab75ad3a616d56dd06ebef758ua8,0,0.004997212439775467
20,61e4b6ad0fc268d42c330ec99fd8c939yb7t1,0,0.28192833065986633
20,ba258a455ca17f2c13cab3d0afc7de0b48h0t,0,0.3258513808250427
20,385325103b3eb54b0b974523fb7a13e02go5s,0,0.4341983497142792
20,6c11cc7744fb52a632306ca8bf966cd1e4zxx,1,0.4709099531173706
20,17a321c4a0d925ca80507effa52330ac5n5r7,1,0.4892497658729553
20,e5736d7f8082d7d7fee8430c0e2279bcdmt2a,0,0.010021577589213848
20,363ba0a2afea1b074fc1ed270c86050byprz1,0,0.005364817567169666
20,717a0a200628f9606d88afebaaeb409bv60y8,0,0.4646654427051544
20,f939c17ffc7c39ac9b35b69e5e75179fv9pe2,0,0.020527496933937073
20,84a769adc98498f52debfe57b93a0789556f4,0,0.006565754301846027
21,57db69e32163f3e486dc6ef7d615aa12usje6,0,0.000034877597499871626
21,d91a4421996dcf429f575e372915cdcedae6g,0,0.791482150554657
21,880f542a275df1251612886d408b32e8m96cp,0,0.014815389178693295
21,9c509838d129fcee98cb3934079ca36asla50,0,0.001036651898175478
21,11a38554244f3c14de043aaf52345c35jjqvo,0,0.3979588449001312
21,0b68888358a492884e3885bcd73ea63bhxidk,0,0.0013364162296056747
21,d6d3daba4bea632d7f5a4e2c5146f109dkd4m,0,0.00040421224548481405
21,95fede5853bfffda8f50f6af494ff1d1hsgie,0,0.00014697194274049252
21,98783b6bd490f32f56c315307643c824nimw1,0,0.016670409590005875
21,c0e1ecd40b81bda3b7dcec501334499dgzq17,0,6.79938148095971e-6
21,aabc211b4cf4d29e4ac7e7e361371622pockb,1,0.8502089381217957
21,8abc7635daf75f9fbeb63783b7b8ccd5rvuyo,0,0.0027284927200526
21,d738b259ec6e6af625d1f41abcfd63e9e53tx,0,0.308084100484848
21,19815d9bcdc74c3ddfb9ff210c1739f3tup3i,0,0.01934412308037281
21,91dcfc10da696a6d90966ff795751708er5fp,0,0.7201636433601379
21,a3c2ba79963b637f15086e6255a46253lwpnb,0,0.001524236286059022
21,59ae36080fae26bccbbc31a4505b6fb3v3zjy,0,2.981595116580138e-6
21,96b90af2d3eea4d3b2bc725e1c92e212qu52g,1,0.8087092041969299
21,001068c415025a009fee375a12cff4fcnht8y,0,0.009320402517914772
21,cf33d05860b7f7d9af73c6091190b81ektz1j,0,0.8088029623031616
21,1ae57d217b27820cabf6e24b721bfb38s6ja0,0,0.0017303538043051958
21,577af9ccdc29dcacbbce0f36b7c1ff15btljp,0,1.3646433671965497e-7
21,6531bde8d4decd9708ff4407ef95e887a26yi,0,0.00005273443093756214
21,20cb327bff59dc8f4fe1ac68a30f02eb6jrq6,0,0.02534410171210766
21,80e753fbea14f966b1fc6d1e194d4e66822ms,0,0.23811541497707367
21,28c0d4c81a22958352aa742f7d74e477qwo51,0,0.030798722058534622
21,461dc3d03d1e28d52770a4d3dc7db34558fcg,0,0.7479792237281799
21,60b8145bcfed7a5f2a23b596a8aff99cdzn4m,0,0.7135881185531616
21,75c4518eba20c9299a3a836d9905c327w6j8b,0,0.0004315050027798861
21,d65efaa8129a85f85bf909e5abde8c3628gfv,0,0.7907981276512146
21,5960fc711b544e2617d0f76360b69e2afds2b,0,0.0005308127729222178
21,5b25a86acea5ff395bbd62399bb5cc9bb7h6i,0,0.6332487463951111
21,fc8e62e5fb69ba67265a3d0e3403aa3fr8c2q,0,0.843135416507721
21,dc52611b1a2c84c0949da5af9870d57fj6ab0,0,0.2793477773666382
21,5106dcca581b63cf2226110a9048ee4846sxb,0,0.0007347633363679051
21,2e3b450b727fe3e888c85d52251fd33ffoi4b,0,0.46824994683265686
21,ca76df527977e5168e1b3352cfab2ed9htipb,0,0.013760855421423912
21,22fb740f267ac617118261b2fd3365batisfg,0,0.4126991033554077
21,f90f13ddfc0f98cbe3c2346a2e30093cq6zo0,0,0.00013792936806567013
21,20ebb9de648c6df989f04d07cf273c7b3yu8c,0,0.3177211284637451
21,17eeec8676ad56bfead1a9406277f41cnev3n,0,0.7930628657341003
21,c7d335bf99b9c71fb22797ecbd78b92ashv4h,0,0.5902405977249146
21,a94c16f8a98e493e2b4390b1975e690dv8cmu,0,0.0005288669490255415
21,1af4685cda2979a608c4b6ad83473774qgicn,1,0.8370052576065063
21,e909515a6ae94a86027c717c4085954akbpt2,0,0.8529564142227173
21,068450aafae2a6e390e35925d964290cdliqf,0,2.8357297310321883e-7
21,6a87cc9dacae884e817de2ee08452e76dx9mn,0,0.0001834239374147728
21,8b4071f3e2702b88481054081363bc15her3f,0,0.29686981439590454
21,f0c356e136831c41884b0732ae3198e0gcy8w,0,0.4264136850833893
21,6a76d66f035914f93ebc725a0998b399r4gdq,0,0.0007844723295420408
21,908ce7060337fd8550760a100921f6f7wsemn,0,0.13605274260044098
21,eebfd257525e52b67969ae9d8760afff12j3d,0,0.032662954181432724
21,08515611e73803dc6d8c562b8514dfb5qi3z9,0,0.668450117111206
21,f46cfa9acdb6a4c419c70c19be4ff9523uixs,0,0.48994144797325134
21,354baa6c4764a5bde013ea3f7edc72552r3oa,0,0.6832028031349182
21,28c9a5ea8aae9fb4f6a755f94cd922361v9ow,0,0.8646214008331299
21,b9080651d16e3d6d2d83e1c5debb55b0qpwbv,0,0.0009425985044799745
21,c8d972b803b46212369cf1b480328dcehb9jl,0,0.00392275070771575
21,99bcfc00be736e03facf0afeb79ac533cs7tp,0,0.4251338243484497
21,b191c73f160bb9320dd3715bc3ffed26ymluh,0,0.004373490810394287
21,64e802fa8e0c17ec2ba1b6425648b7cb7ndkn,0,0.7375026345252991
21,20662832566daffac929f803f0c236eaperht,0,0.00013439374743029475
21,3d281a78c6a116a91baf9c8db22b56bazer1h,0,0.5226956009864807
21,ea5948061b2059bcbd900d3ae7e86e428ae8g,0,0.5163789391517639
21,a7454ee6fbb69c4079caf5b5b92574abi6pyh,0,0.00008021082612685859
21,f876e3be4038da62f49234ee498feb732gdcl,0,3.560253162504523e-6
21,ee052a24cd3164af9d08fe77bd6b79dfrbelk,0,0.5059387683868408
21,179a23cad40c51dd7804069bf769d11e1ftk9,0,0.8258861303329468
21,205c519be884c5b1c885f61c4ba8738a737qg,0,0.6233853101730347
21,e0824707d4a78230ae54209a920bc3e3pzdpp,0,0.057598263025283813
21,c5dcc8a649adae76ce01a3fa85b68f237ny2r,0,0.0932149589061737
21,f61d93fddb01d2d89a85a132c649aa90lj1z6,0,0.013209247030317783
21,db88530db963dab43118aef5aba127ec29abp,0,0.00003243757601012476
21,cf9a1c3af63d1bc3f55728b4a06a5f46njrac,0,0.25535526871681213
21,6f46b3e231003daf21108df4624afcfdaaswv,0,0.0760999396443367
21,791031a63c9e2b4835caa9a4cc1768baias2l,0,0.0055910758674144745
21,fb5a19240e36ae12aaccc1e9d9231144l32hv,0,0.00007887629908509552
21,8c4b0d95ba36c0ba2a52f9043c62fccev75uu,0,0.4059964716434479
21,570910327f5584ea1ccba92634d89832lo1zc,0,0.0003952020488213748
21,e03311c7620a8098b7a177a5f1ad213ernao3,0,0.01735367253422737
21,27cc072f1432f7aec4b7e17cf2e473f2x3bjg,0,0.49733400344848633
21,cffb5f3c1f4ca815d0f643fcb2f2f316beod4,0,0.8632276654243469
21,2d82c3dc726d2bfa19c5f16ec3de5023lbse1,0,0.019920172169804573
21,7eb6a5ffc5e8471efad7cdc8927daf677qcf8,0,0.40467318892478943
21,0d0d43ac593a891ce100d8202d3d72c3xsma8,0,0.008282682858407497
21,35a89119272ca55d7f602689616b58c3pebir,0,0.16440697014331818
21,ca0331fc37db2b251a012376f7b987fcma2jw,0,0.2962949872016907
21,b970a53727b2bfaf02079779c846a52fj3f0q,0,0.00005142759619047865
21,7029915a2c5aa5d964acfd85c30c3950b4opr,0,0.722460925579071
21,11d7f0a5076649b229c301a22537834e1ehwg,0,0.7750100493431091
21,4f891171f7b09f54d8b4f30b48421f178m75r,0,0.6708025932312012
21,3995d9ce0cebd62d77cb8add067d93e15oezc,0,3.7964130683576514e-7
21,88e24a019c32a60f2ff315a9d217ec33q144x,0,0.200567364692688
21,d1f000f475c502ecd2e993c52987e63ed3k7n,0,0.00003545768413459882
21,a3ef8857f2e33ecd25c409622b4e3ebcij8hv,1,0.7415046095848083
21,a8a5bcf248e1326b3340c88e057f59e9nlslq,0,1.7608133475732757e-6
21,bf80bec9b4a8d29c494f8545f2a4be4eji6qj,0,0.3300367295742035
21,86b6207b5e87d58ae307bdc1545a101akz0ew,0,0.007515075150877237
21,584d1d60d357a4ee1fd3b0a6a72de1dc4rodn,0,0.00043511635158210993
21,d63671871e4010e904b9419e48781565weafn,0,0.684516191482544
21,3ddd3eba016fc11b07c8a9ecb3fcc2975bkru,0,0.0004703780577983707
21,e0e5719b5d763eb4e04c7f6e4e32884cmlpj7,0,0.00008467705629300326
21,14f226ef57ed64d8e14c8b5ae929143cgq3em,0,0.23596307635307312
21,3073d007a5b42b827cc770ecf4805278xvvzl,0,0.005712850019335747
21,3b947f8c954acf4354d2c3bdcd494fb0x54ee,0,0.01161129679530859
21,56cfe8b0d574e1df3f823c2cf32226eff52uw,0,0.22604788839817047
21,e19f258fa5019e58974b562a8e1433ccluztk,0,0.75169837474823
21,a99f91d51e8d9f5786dfa52e24292dfebi55j,0,0.7750912308692932
21,a60101895443bfa5d4485b9c2c3e1b68t5ppq,0,0.012481438927352428
21,84bd02dc56fb7c3402426ef7e8e166e2ptwo6,0,0.00015556853031739593
21,679d60378d42ca9d3b8a28073fe14fc7bv4jh,0,0.5349546074867249
21,d7c046d4328c139e76fea7c1833e8fe6fx4yz,0,0.0001014708323054947
21,2819b8b2295f272f33f8e76fd344ce6bywj1p,0,0.000015504723705817014
21,790c497536a2a9fe080c3b2ee6d5eeb9caiv8,0,0.003984621725976467
21,2794512e8edad5f99d28c33c7560fccb9zl8i,0,0.024125471711158752
21,2d6a70a8341ea0fbe4c8537ffbce919etg4x0,0,5.79236666453653e-6
21,953879d32e39e014cf8ce73daa2547cb2ke8t,0,0.8730568885803223
21,84c4b58a1491da3a30710bcdf61f87054xfq6,0,0.7470683455467224
21,d0b096df6b5ffd2efe8d5cfad4a24912zs3dd,0,0.09451162815093994
21,86091a1e6c99358936979baf67d54457x1dzy,0,0.00518183596432209
21,b0164d9a18a3cdf6082e96f9708040690qcqf,0,0.6085582971572876
21,9e9270c06937bfa13f5b29e737c3438fcocyn,0,0.0018464000895619392
21,b77312a06d10e22e3caca85fc7fe0342b2adf,0,0.0012054771650582552
21,cbc71ae3c3690c89485eda3f08b9bb51rqrxz,0,0.2072448432445526
21,c6a49cf5944626b45425712f9e19e91d2nyh7,1,0.9937154650688171
21,060ac64ff78ae62e9bc697192cebea333760p,1,0.012686344794929028
21,de8943f2b113702c98ef695888b7d0c6my29p,0,0.0006085821078158915
21,2d113999234e06201c0940286d405453wqjsw,0,0.5251437425613403
21,fd1299f1343236dea07bd0ba5f8ca220csnv8,0,0.13952545821666718
21,cc78aba7eb8293a1d70f083bd747fa1450906,0,0.0004822147893719375
21,d2eca28cbe0a3dc69715d719c6958faaaqx95,0,0.5516559481620789
21,bbad48cdaa604c1bf40b59120a775794rnlg1,0,0.6697806119918823
21,8bf07d8631a2808f2c869e27afad2d41swgkd,1,0.8612321019172668
21,e2554dc14d54c3b7be85c59dbc1425f77qv4a,0,0.0007518227212131023
21,af5d33f9724b0e8c1f875406c0556d1e6eotm,0,0.7391453385353088
21,1e050a096927d5b34f4a85d3af28d30eybsaz,0,0.9911918044090271
21,a9bfa54aef505d65ec488d8984c82a7bf0fjm,0,0.17347502708435059
21,d4be674fce23aae81c4cb946d4fff8671gxtu,0,0.030596494674682617
21,3128932859bba46f57cdd19579c42e05lif6h,0,0.07640942186117172
21,f05dfdaa2f67b190f3a79a5a2d5daf9coikow,0,0.0010842331685125828
21,9f60e1593604631e10ad2677c51055c6mv205,0,0.0020690103992819786
21,ae817305e82b580f9ab89f1a379488e39il4q,0,0.8242030739784241
21,3d48d4b09fc7559bb6c129fb65c133808brgv,0,2.207431407441618e-6
21,ae6758a627a111f6d6b530b0154c429566o4k,1,0.7527379393577576
21,1cf0d30e0bf9f4a536b1fe16ecc26cd22j50c,0,8.372397815037402e-7
21,3bc8edfa1995a99110b957ee98fb5c76nkl7t,0,0.7155406475067139
21,89c8eefbf6f83543ce0792d1e4b86057ti16q,0,0.4099104702472687
21,403640a20dbd2c4bf554e558de137deckn70o,0,2.9953978355479194e-6
21,d2fc5291537a61882065e571c21e796975uy0,0,2.649808038768242e-6
21,46ceb58fb7a57d86a26cfa154c940a8cuktu7,0,0.7096246480941772
21,d645e4b8b043a18bb1c8689572ad4fe16q3np,0,0.014372747391462326
21,0cbd01c9e8cc800aabd3b3e4c618f9caktfgp,0,0.7963550090789795
21,ed5fc53d096bcf1b86c30128040e775334ut0,0,0.20824389159679413
21,0c57d8eaa2708b768416ca91dd8daa2cqbl31,0,0.23501698672771454
21,e4264fc4dcd5f917ceb002d860441370s054e,0,6.474023848568322e-6
21,abec779131ec6bd32f5e32ed0f274400ekljo,0,0.01920495182275772
21,bd0071b98d9479130e5c053a244fe6f1muj8h,1,0.0026177656836807728
21,5920a92dc2b65e257061017a04eb5361tpa9b,1,0.14914409816265106
21,0a43de0ab0a7525fec59ef4bc1dda7a2z9z69,0,0.660786509513855
21,8acae9b2e5454fbd92fd0b3d79fe89ad6w2wp,0,0.08356807380914688
21,4c67576a6f30a158d16d790a7fc482b0zqxue,1,0.6106812357902527
21,86e50263881b0d382b55777185eb648aagh1g,0,0.6607628464698792
21,1e3642857c10e72cedaf7890e3c07bfa8ibzv,0,0.13605274260044098
21,45fe4f0fb849e7195a1efd5495d1285f2culj,0,0.01074440311640501
21,bc3b92a81586cb726cbf4d5b418fee41o20sj,0,5.8943800951283265e-9
21,c59f4511da2e8dfbf02668a49bc391895wk3u,0,0.0008026636205613613
21,c8d3fc73c1a41bf92a5e4982eb6cf78du8gg5,0,0.01331148762255907
21,d9b611dab3b5116f761747fd3166ecec80icg,1,0.6481980085372925
21,a2933e33896035761240ef5a62477779jf7ny,0,0.3507450520992279
21,7d8d3493942dc13742444f28626c5839axjqd,0,0.8471978902816772
21,a2b4df001b0e40a398f6d4ae9b316c0eix5bh,0,0.0412323921918869
21,aea096a392f55d95c3e45251931e9755a9t3o,0,0.8243414163589478
21,05ae7ea9549ae298bbbc8002b4229392e0ilf,0,0.0027417722158133984
21,4d6580da346435dff2503c55ee5e0cf8wbkb3,0,0.9155234098434448
21,5720c8d7bc15b94037cd75ff9496a35evugeo,0,0.5464233160018921
21,a5fb60c136b7e0a6d0d6e27cadb2a797225r6,0,0.5647095441818237
21,b7630ee9a73e7ba6f11f7717b7f03ed4be2hb,0,0.48572322726249695
21,0bf6e0e5184b3599bbb4ba1fb3a43549ije34,0,0.0002586191694717854
21,e9b27622a64f2eb9dc7559d43bc45e31yci23,0,0.000011659974916256033
21,84c7bbdc12233f88f35c2c3b8f178803ta03m,0,0.0051553319208323956
21,c1624207d78346c3c58cd44f3d5472fcriae4,0,0.3898927867412567
21,b416bf88dedd6ccdbc3a2146524500258qdzz,0,0.013046362437307835
21,99ca795998fb781a42d85f1abeb50482yzffz,0,0.7555827498435974
21,2fc0efdb6ff10d51e3a4d979ee52cf07p4068,0,0.738563060760498
21,3cab5bd983f5be9c16789b6c14bae982nhi9c,0,0.0003938022709917277
21,3df41510a5044de5438015f37dfa3443bt7pp,0,0.0066524469293653965
21,a6214d8bf07127661f322afa7c8dae91ypizm,0,0.03535246104001999
21,4444bfb455b90711234e0c25345abbaddrt0x,0,0.13605274260044098
21,3043fb0b4a1904222f640107f84d6f799tves,0,0.032009873539209366
21,8215dac41ad35a074c93bfcfbc0f908chlo5n,0,0.22327761352062225
21,f3bb3c26162cfc1b8c3636a7ba126010na3n4,0,0.5132846236228943
21,78a444127a896122678835e12ef507deh01hn,0,0.16229689121246338
21,70c31e8b3476b953648fd4f8775c1950m1uz4,0,0.005310189910233021
21,fb81da0790d821a22617d748d0226540ylrj6,0,0.8592366576194763
21,ab0b0de534bad49af05faa626b88389cmjj8e,0,0.2706114649772644
21,a13da89a3a54ac9b4ced156542afca5ddyumw,0,2.8170336463517742e-6
21,74ae4f7b1692dc42622696303d9d4d763vksg,0,0.01655135303735733
21,93ab2dedd76c1859885cf724ebcd987c9ngfi,0,0.06245618313550949
21,8d638f6da12614d6b369249410c3d278n8qme,0,0.008863132447004318
21,9d1506d6779356dda24ed87d41f3be39yn1rc,0,0.01264181174337864
21,6182daa56cb0623719228c9e576b71fcpg8r8,0,0.8312754034996033
21,36e2e2f32a3872d3e958c0a58ee79bd129xdy,0,0.13127590715885162
21,d6517684989560cbb0da1fb2f5bbba9b9y2st,0,0.8474419116973877
21,332484ddd66b9a3db89ee68f08b1288amq90u,0,0.05072450265288353
21,ed5ee107143980558fae26c1b5c7b81a82spj,0,0.08296626061201096
21,519c0f3b989c8e1781e0910f685980ce15wzr,0,0.0002452717162668705
21,37702159c6cd2c1a21cf66600e96cdc6rdbff,0,0.000020457704522414133
21,8644c9765c64da22776cd67eefe0f498u3aaz,0,0.00002914485776273068
21,98ad4163bb0b1abf72f165056d4bf1a1g8ekg,0,0.007759966887533665
21,d3920630f4891b9ef1a8a199ce5c830aua4yi,0,0.000021671135982614942
21,42e631af9bd00e5e816f08eba3b102d5ch576,1,0.042909517884254456
21,b0973e698b12fe51ec2f259d924c6098rasmy,0,0.23893117904663086
21,58f590a56f480589646d255d570b0877zcjw1,0,0.032714080065488815
21,1def3e23e479c9739abce6b3518013d39oejk,0,0.5393601655960083
21,30da67f34e3cc215b3bdad588410fab5655fx,0,0.0005363006494008005
21,ec3b2ff6f725e847f93285bc9d2b7b3dvcd4u,0,0.06050986796617508
21,6429ef4aebc7d1f4027b31a6e900d165nqvyz,0,0.18471257388591766
21,2137e2626c568af8e56bfb72fdd5b9e19qiyt,0,3.3128869745269185e-6
21,b8d88a1167ab74ba64fd6d9c83308a6d4oa6v,0,0.41500377655029297
21,90fd7b3c991701dee376daeb09a0a5b7kawse,0,0.025883249938488007
21,8e0462410d727b34290fec10fd5661761yc8u,0,0.273122102022171
21,bf8de839c1a8b7994d19049667548e4ewchpm,0,0.0037514748983085155
21,5771ce26e8b0fcbe7e90106955638b251qj2w,0,0.00027906455215997994
21,9fbfbd8a57e4d4b18338063ffa43f1bez92lt,0,0.01984650455415249
21,a06311ea45de34bf667b79a92d13c764i6aiy,0,0.00018578750314190984
21,d3e1891edac2851f6d34de566802cac8m8dn0,0,0.16754068434238434
21,3d2608a892e44dad3027ab55bfaa0b26r69hy,0,0.8594188094139099
21,53f61a2f33e8b07e49da643af49884782vzdu,0,4.665964752348373e-6
21,80d8e3bfc8a2ecbf22614befbdaacf5fo6o5o,0,0.0007279137498699129
21,9a5fb8e2e5add29b006d789e4cfd1513paga5,0,0.004820187576115131
21,e90e4701234b13b7a233a86967436806wqqw4,0,0.7935305237770081
21,1d69e006699adba0c79ab06f2f622445nuu63,0,0.0032462843228131533
21,d127576e329604b576df0a3248cdcda3279td,0,0.8300278782844543
21,43295f805d813e816fee438d9a394bc4o4of1,0,0.11324107646942139
21,bf6f2ca50a3a6a3113681e754307aa4ehnd5j,0,0.1736036092042923
21,8c3631460a4d25d2b21b1f92ebbad752a19ww,0,0.0600614994764328
21,3272e16da807a75a987e26b09bb2147by1mxe,1,0.635130763053894
21,a71f84e476d03bd0b25d45e44eeed9a8efehw,0,0.57147616147995
21,3893d2c62d59c232112efd332bc342dap8b4j,0,0.009233491495251656
21,100d406b638e84e2da7c31b03100b874qiay2,0,0.2844727635383606
21,ffc4e2dd2cc08249f299cab46ecbfacfobmr3,0,0.01582694612443447
21,d6fd864297177c38cea65aed8a45fb7bbp2e3,0,0.7462627291679382
21,a0420d3961adf890fccf4b43899708f6h40zs,0,0.00023488441365770996
21,78e59e188d9780cb8988d574f692ed343s129,0,0.1934223473072052
21,21c5f4fff051adecaf1b080fbf910ca3dvi6a,0,0.7195506691932678
21,98e6dd2906ef1f7c13284a309f6b160cb2ujz,0,0.27160272002220154
21,2f9a7b01fcce94499a59aebfac98fe1ezsk1y,0,0.26631098985671997
21,7a9519ae09e328b09d18473f96ef075fzrs1v,0,0.015170593746006489
21,1df5be644b8963750305092eb8ec878ayba4x,0,0.7701807022094727
21,9bd2d79f328a5afe815d5832e521aa9187q2j,0,0.8763302564620972
21,5c2e85ba72b9e9e16f77939fee7ffb5eivaqe,0,0.19499355554580688
21,02cfc97e8fded77671e71e1951723d5fwz6a4,0,5.5302704637938405e-9
21,baff2ce04381eb1bc4747d557bf52208vqmby,0,0.12570881843566895
21,fc870f3872dd5e36e4dfc4ccde28cc930tify,0,0.002133883535861969
21,25f1a9c0c83eefedfc2c1589e763c2a3is1qy,0,0.000024617787858005613
21,225716d7bdf8f90cb4a4b779c663cea5j9sqp,0,0.00002247329757665284
21,4579226b86f3ca5b5ea1597efabae4c42j4rw,0,0.02797642908990383
21,2b2ee7d0ebdf910833b5cb173c567881jt8sj,0,7.2807815740816295e-6
21,4cd52ae88da3e30dbe01da5048151c98p4f0v,0,0.2845372259616852
21,59d96b423ea3ed56611686300b681f3defm4n,0,0.4238567054271698
21,e833712b1e29ffe74517e2dadcb4f2d1pt5t3,0,0.41840890049934387
21,25f59f9da43b6806aaa125fa61974591sacso,0,0.0005148508353158832
21,45e4c7fe66077b5b7b338f19f476f9d85jlk0,0,0.0003178916231263429
21,ff181014a0d7bb534fb9a35f22e24fe72m1d5,0,0.6986116766929626
21,88acd2e23ea6817d9d9fc28f38a8d1aftqssz,0,0.6031336784362793
21,0547dbd3ecb4a293913f138d60b586fdf4ane,0,0.9362753033638
21,6cfd573a82acda92e8207745bca28aa7lqjcm,0,0.00428405636921525
21,68546847f11f6415034b7e2263e8ece62p3ud,0,0.00006326122093014419
21,7b22c9a323baf4a7bc7a3761e4a30bfajixmt,0,0.16474179923534393
21,e578807073c57556ce334044382a9b98iaz6o,0,8.970157523435773e-7
21,d810a7956e4d9fbc246d585ce84e8ea0750b2,0,0.0007360997842624784
21,041d869edcadf595b90e3b5248903183pn754,1,0.8741692900657654
21,2366cd7cf3df530ef4fe40b36ffb936fyn3rh,0,0.06365569680929184
21,c41ea39b2e13b0fc9ccccc2546f924f1obd0w,0,0.5868870615959167
21,782557b3ec17063f2a36fc9193ed3200h14me,0,0.3797430396080017
21,e783e5f6b818d18eda4065282022ac23jd1fw,0,0.036301299929618835
21,a3ef8289a92196b07e2e7371bb111e3aom07k,0,0.0005991768557578325
21,462df7ecf1d47980dea6a93d44fb408d4u2d5,0,0.8037809729576111
21,5e3747785e44d85a41a74470c051e946x01dp,0,0.000025267023374908604
21,2cbacd5b066b7dff7e0a87e1ef00e0b4zpqzw,0,0.00010815377754624933
21,7bad0fc50ac7d249e0a3d8b83f68e855fcnxu,0,0.000021516218112083152
21,6326299ca6a53277b2bcea07bd0b4ba8ktbqj,0,0.5173684358596802
21,96f31c5b3baa8704096cc8d4301b4c96i6fyp,0,0.5115255117416382
21,10f01aff2fc23653ca7ea1d74248357a889wv,0,0.0833868756890297
21,8a27b2e29086c0d2e589053537e88393zsyr2,0,0.0006226006662473083
21,c1850964c360c9159e5d1d0b6485e210s6uvc,0,0.07273775339126587
21,5c2d250afe88df6e4ca3ff08d991eb67s5erh,0,0.02015230990946293
21,783d5c219ff84cc0517f59a39bb98e18st85m,0,0.38704603910446167
21,031da7aea2d4b75ac8ecba4825bc1318yki1d,0,0.0033809076994657516
21,958de49cdd870198543313fcf574d7c4eutrl,0,0.5964351296424866
21,c8f537f6bb0aa2d45da541a875f014358qm7p,1,0.830600380897522
21,466ebf78d7326a38db1e19fdc1c70e9b1qu0z,0,0.00003880941585521214
21,9a44bfde11a7b6ade17cd33a2b5102fcnlhm7,0,0.5460352897644043
21,29013ddeb60a18f7d3bf9f3aaaebae6c8651o,0,0.7224812507629395
21,074daf9a99b01591cb0637cb95c32600roriz,0,0.4178471267223358
21,63424f85cf53557fdb5dfc6a280af75epl45b,0,0.00011088987230323255
21,8c09f4afd78059d9200cddc435f5c48ceph11,0,0.18332983553409576
21,93e3c34171ab65e0b031dc67461e48b478u36,0,0.8425408601760864
21,3c77ec9f79f6febf630325ef84f2a0bcl3qg1,0,0.02319270558655262
21,a124589b3af5a212406c0306584a9554fazi4,0,0.314304918050766
21,953e01bab9ac8786b4bfc77d183732bbqw6ng,0,0.12943784892559052
21,820dc943d26965d377be315497837bba5iz67,0,0.10768577456474304
21,0a09adcd35b5f26d75f251006affc747drfu4,0,0.00005554377275984734
21,e61c14d66cd5693d93cb0356d7f444ebinx9i,0,0.6873124837875366
21,664adb319c2be43104b6565a8ff293dea0f01,0,0.002523247618228197
21,950aa0150f419cd6361bd3c500e6e695xfljo,0,0.5721423625946045
21,8c939b6713b7881538cb05eca89cfb1cw1lhm,0,0.07403174042701721
21,874f882f7efff96263e9b555415aac36dsxry,0,0.0646415650844574
21,01c1c7be49cd6cfbb9075925a05c9899p41va,0,9.740695531945676e-6
21,737d19fdceb065359c77b81d27053c4e5quiq,0,1.483306562022335e-7
21,c8b23d6565e11d874e221f41440ffd25mrucd,0,0.32268965244293213
21,bef84146ac1e2f21e928e06ede1404793bfnx,0,0.006904230453073978
21,90fe8d6fc0bbe4ff2ca7833fe51bddbaaibof,0,0.7259445190429688
21,0f8cb1baa83fefac10f885f79149bf13kn4nw,0,0.8317115902900696
21,cbe8d224a38ccff930674361b502e7beyuf1k,0,0.00004567435462377034
21,8ab98c1e6cbfb902af4e02050a886396a40bg,0,0.0014233156107366085
21,7ffd9b7b795d9335153d481fba4b3076plrxc,0,0.429140567779541
21,bdab2be5a94c6380c60b902310cbe1b6rs4iw,0,0.07390596717596054
21,55d9cdc3af85efe87b2a6f22a2cea96ezy2ax,0,0.326072633266449
21,40fafe756c4695b32df7d19d4c710dabvzr79,0,0.13605274260044098
21,34914d163517a0cc4f0c971afb2352106vsvz,0,0.006176108960062265
21,fdf908d608a629d5ebde14819231878dojel8,0,0.009209779091179371
21,2106dd7866abbfb4e7c68067d7eb9bebflq5d,0,0.8366334438323975
21,c9416e793bd0559bca3ad4a5194d4cd1k8eyc,0,0.7431806325912476
21,92a63dbb8323426833b944a4fc196fe27pzha,0,0.1898522824048996
21,24a32bf10c4a5d4d91c27da4710c869a0nqim,0,0.05562235787510872
21,942563fa6695a4b2f76ab6ff3bd58030i75z7,0,0.000032853968150448054
21,78830493a121b8b6917d246ec73ccb4anwocl,0,0.05149826407432556
21,64f6b099082e4fb2e8da7ba4ae9abdead2cej,0,3.74749163256638e-7
21,81392b54fee8e50ec74efb27cf0de8e32fdm5,0,0.0001135098427766934
21,1275d8a6a3b2ae9d24b50997397c254cpuuzv,0,0.44426536560058594
21,0918eedd8324da06abe5600f058480dc75nfo,0,0.022040968760848045
21,ce7d34398a6d6011bcd96ff0aa82b6674hxzl,0,0.01048052217811346
21,0f3ee77a46dd5a09ad20b7c3e54ec614sbpvb,1,0.33004429936408997
21,1a09feff347553a2577983d7c742e3d6l2hfo,0,0.27338361740112305
21,70739399d69a3b7ea9e72742dc728742zp9uf,0,0.002287560375407338
21,cefd0ed907595de146c91e6c26b8ad658ilo9,0,0.01534259133040905
21,44bc1c87245aac66d176620f6ac9611ddbcil,0,0.15622828900814056
21,3144ea2711bef53de88d89d71acd16c5q0bzh,0,0.17864111065864563
21,40f2eaf03624a31952397644f1b79a6fvtfjf,0,0.01292648259550333
21,ae9e482a7f4a625a878c6ee0eb4dcd01dkm6d,0,0.11770915985107422
21,90953913d629a03e27590d0d0f64456601ktd,0,0.05194983631372452
21,f3d3c913b225bc6cdb98c60f0936f7cbj8k3a,0,2.0962144020586493e-8
21,eeb7e43d894af9161f84692f2bf9570fdryzr,0,0.0002604557084850967
21,74582963d3774699f4215df7f2d17c1b6b4pn,0,0.03960390388965607
21,3b8320619393a6f6bf12219b61cda688k4w4e,0,0.020233212038874626
21,4aad6f0ffe775217e4ef8c91d69707545li52,0,0.0007632100605405867
21,caa74df2086d71caf6c1b2b9c81d3d98xhpv9,0,0.18898868560791016
21,07012e0507b4281d430b93ddcd96cae66und7,0,0.07271870225667953
21,fc48aad7a51d965595b59550e08b94c670k7w,0,0.00002340281025681179
21,4b72cbc9d9ef0238bb666feea6d79e718qry1,0,0.0000897878417163156
21,120beb4523541f769a2b658cbc41dd57w7im7,0,0.002220267429947853
21,bbd1d48ef4e8e7e3855938755275ad2b2le9g,0,0.4335164725780487
21,24db47d284a08aaf119eb3e0c45eb646i46j5,0,0.6247709393501282
21,0446457fc8e21596799158406f77b14catx8w,0,0.00028686723089776933
21,8254276e772450c5365707cde76efa4cwuzpd,0,7.286514573934255e-7
21,dfa7ead5ef84eebc79c67d3daac340b0exa41,0,0.000048239671741612256
21,6c2488ec88e02bb38920200ece7d337e0bffy,0,0.0001071707738447003
21,e72d1b2319a2ef39d016c41e4824b68evxe53,0,0.0001830172404879704
21,7114afc59caf2cbaf6ec1733922065f3uz34p,0,0.05277843028306961
21,b5d61accc925a0e86ab7274e1ad82532gb1w6,0,0.0003899272996932268
21,53d9e7fa087a0dab6a472bfbfb694622jv072,0,8.706615517439786e-6
21,eace2a2890644d703c619fff7e41a9a16k7lf,0,0.017823003232479095
21,681b4f9dca9e70441fca4a58c05b0f50skmir,0,9.890018191072159e-7
21,2f9ea407ba48ae05f98fdf634995d936xefau,0,0.7880384922027588
21,49f4481b6bc2255e745ef20ac2a720754r9mp,0,0.000059699927078327164
21,f5b2bbad20d1d7ded3ed960393bec0f40u6hn,0,0.8574818968772888
21,35f822bee4f85d98d5b1b23c65681974ywyuv,0,0.0005493721109814942
21,8bc2a424939c50eaf4a652e253421b0f9b0y9,0,0.6644219756126404
21,15b1e719796dc894ecde30f160e7ae20hrmmh,0,0.0006363588618114591
21,caf32bc98f84a47829e76ffe104371f6kphvc,0,0.8445858359336853
21,5cdd665a22747394620c17b7753947b0xgzhw,0,0.055949971079826355
21,a4e83190edb97fefdc4a6cbfd00f41fbm7c4o,1,0.8304567337036133
21,86e888c2dafacf13580a1211abf50961w6foa,1,0.7257165908813477
21,c670e7fb466b09000f1053d2761752268bkfm,1,0.8863005638122559
21,98c12418158dfb9494af01308ac2d0588gfw2,0,5.478265848068986e-6
21,bbf1dcd2f0100fa90e4a8544b90e35846p5y0,0,0.0001301806914852932
21,a58ace8b671a7531c88814bc86b2a34cf0crb,0,0.8781605958938599
21,054b51d059fe981ca8cc4e0d4c49aabb5mck7,0,0.7571873068809509
21,ff4e39c0be8af4b17a73dcb761e4bb6dmop0m,0,0.22733786702156067
21,01f498a0992d280de63ec346692efb2blckg2,0,0.0004818554734811187
21,964028ac24d4ca16c4b63f64b06df1c8ltrrl,0,0.5599692463874817
21,70db4530c292bc759238b8306ff4ebb6n4l6t,0,0.04306558147072792
21,b4495464d4503ccb8e696994059983c89g4lc,0,0.0985165536403656
21,4fcdd880c4e1a1767c4d26f74bb3466f11osj,0,0.13605274260044098
21,4566ae63ee93ffc6b000b5cbea7f6a8ehbg00,0,0.0815126821398735
21,08a588ebf7b98f44f8fc695d02adfa25x0amy,0,0.03564997389912605
21,c1c22607e7899ada525b74e757d248ac2b8ac,0,0.0006745886639691889
21,9d8a1ddb38499b3403a6a93395ef29bcrznni,0,0.5463337898254395
21,120c8b384858420c4e46e354c86f4ca393w0i,0,0.767677366733551
21,022ac3a7ce986049d9a4bede83ccf9ddctvg6,1,0.6077499985694885
21,222d3e39d4a292d79aeef4c04e52aaf24mgkb,0,0.0018173869466409087
21,4c93ba564461b1412df6f033c8ef71e8ck438,0,0.5354022979736328
21,5db8eed67a7b648d1f2173b665b79de2vwdlu,0,0.0003818783152382821
21,84f06d2c69695fe24cd69f8a1aae21a7kozbn,0,0.06223168596625328
21,9f34ed261596a1114cefe81158c5617biq26c,0,0.11326724290847778
21,ad228143392ba96c21bf51499bac1c3b3kmzo,0,0.2503207325935364
21,9f2086ccb71acd84652f861517d4dff9du4y4,0,0.00002739775663940236
21,e0fecfdf4029d9a91664e703a178397718lyl,0,0.000011823243767139502
21,d1200a75b6c05584f4f902e74d3dead76cj15,0,0.015629572793841362
21,d81579750b388276f2d8f6d80384f499n13l6,0,0.011413426138460636
21,4070f6ad5da385ba11cc99183817eb20h69v1,0,0.0541100911796093
21,0381a69b7a061e9ace2798fd48f1f537mgq57,0,0.000399052572902292
22,624f258b49e77713fc34034560f93fb3hu3jo,0,0.00020570297783706337
22,1c5f4fc669099bfbfac515cd26997bd12ruaj,0,0.00019186640565749258
22,25558d24bca82beef0f9db4ba1fe2045ynnvq,0,0.045002806931734085
22,88ae7a35e374a6fddd079ebb28c822eeohwse,0,0.9849501848220825
22,3f3a3705be5ea07b9ba7ee646ed756fbssuo7,0,0.00011535103840287775
22,6e4d22dbabcf2eaae5689c7d155e1c1fev15l,0,0.00017310486873611808
22,25d75fd439571c1d9b946f5ec833786063vom,0,0.22619272768497467
22,b37b352197594dae96bb9219bf59d656oz79f,0,0.47507110238075256
22,d878560888b11447e73324a6e263fbd5iydo1,0,0.0038455110043287277
22,c748f0d69cc89d5812c9fe3a6413bbb26351l,0,0.00004682486178353429
22,2a7d1f9483d34546c4d099e36e3a79790qvjm,0,0.8850176334381104
22,5686520af5a4215a239418fec906f88e4she5,0,0.17066943645477295
22,72bc07c7241e1856ba31609d11501c91cswlb,0,0.001061229151673615
22,bcf95b210295831ff6e20db3a570f909n3q25,0,0.8474303483963013
22,ef24ca4be7ccbd6ec68d4ea9f47c9e8ex1g09,0,0.40278488397598267
22,2307bb06855a6fe75ab56ee6b4a3860835di5,0,0.00005273715214570984
22,af98b7d5a7c1ccd2968252a2fb1c06f69igbv,0,0.776037335395813
22,6ecd9f4b332eb790dc933aea0a1528e2qkp4y,0,0.6587355136871338
22,4c4431ec9b6e683bdc5a3118d5140105r1nas,0,0.0003275786875747144
22,1cd8d86911413c73e92ad1170cae68c3pocsn,0,0.9009864330291748
22,cab0d4e41ea81636de3bd3a1800d8da8x4yca,0,0.5897738933563232
22,53691811bd992911edb9f5f64f49d8f5luk1f,0,0.000019637125660665333
22,0cca10034c58287ee6fbec14a3f96c3546sdh,0,0.00043343103607185185
22,7cb144485c703ac09fc73aa646041f72ogqwv,0,0.0012523994082584977
22,21580623ea81c5b0b82aaf74890218e5mio2z,0,0.000750943785533309
22,806a46eb814ec7a09bfffcf38b0763d344tc3,0,0.00353928841650486
22,758bd601d6700494300ec1647682eb34vq1zp,0,0.007894975133240223
22,bff9a98b73f2b9a01300d3fd3d55b16b1190o,0,0.7029576897621155
22,915ccac760c7359a446100fd1a54bbf6oyrzf,0,0.8764220476150513
22,47e0637718480102d235233c83661a7850foh,0,0.000832890160381794
22,15972a431aed117840dfce5556242366c3fwq,1,0.8992498517036438
22,9653f425ed82418570fbca890f7032b16sjjd,0,0.8739222288131714
22,671fb1e314a1f480ba9ad9b5a1cf6a91w1k2f,0,0.7081949710845947
22,91d9b706f63537c5fc0027c50b0e3b06qpdgz,0,0.08078403770923615
22,8d43ad48f315364be4d979d2e9d5ee67quqyi,0,0.6211591958999634
22,dd661e2d6e79a5b3e66c82373d50f3ee86k85,0,0.26151031255722046
22,520b616c26fc47935f6bcd5ec063eaa7w15t8,0,0.17978866398334503
22,f186d292f4e83f70a92c97f92993f655ygqzw,0,0.394564151763916
22,eaac863aaf84acb7529462118e7953c3oeky6,0,5.55039321170625e-7
22,ea0e5f7d93f2220a62bde8067f26daaa7oxgf,0,0.5032862424850464
22,4741959d26f99012b8a6a3e3954eae40hsy6j,0,0.0004080886719748378
22,ef9ce9b85309d7d1044ce57055705bae8pqlg,0,0.7564383149147034
22,33031f476dec19fe47c0e3a051a68e992hmwv,0,0.01053027343004942
22,2918b09c1ed9e9e8602f85175b266aeej5v6w,0,0.8054365515708923
22,50791a0a98478b7f78f8d30acaa4683dxab5p,0,0.798107922077179
22,4679df74080bc22e29676bddc5bcbf51gsyds,0,0.040428321808576584
22,3d8cccb637b990ec64d662d66ec059cfn1p3p,0,0.05470433458685875
22,7dc423d0bbfd840fa0bf75203cd7bcee75kmh,0,0.590283215045929
22,dfd5c9157a0a771f235c32f30aedbf84e2552,0,0.771256685256958
22,62ac0de5f8776ca1d189297bdea9a64cmewb9,0,6.379829642355617e-7
22,1291b98e40353f77928e363d54a13c569bhfb,0,0.002385564614087343
22,0565a780f2c5b46837bbe9739ef15ea92fdu0,0,0.8382834792137146
22,42c407eb70ddacdcd59d63f22caaafc4fa0p2,1,0.8567605018615723
22,96b1df591dbbf3a002578574671d9ff1rmzev,0,0.26151031255722046
22,81a6dd18d43cb3b1999176eea563b438roe7y,0,0.8276907801628113
22,6aeab198df208f8628825f7eb3ec3701p2ybk,0,0.6946576237678528
22,ff12cd48c7de8ffb8b2099f262ce03980dqqz,0,0.01698901318013668
22,e0544483ccbafc4842cba7650677d043n2e5c,0,0.00020844458776991814
22,d2138bce99f535c244dab68652ccfa2enshxk,0,0.26151031255722046
22,97b002c9936e63a1fb9994a67615e84fft019,0,0.6854662895202637
22,9fada390b6c53ecb47e6f4eb4353e14f01xu0,0,0.8874300122261047
22,3d94b376bae8dd60eea48ded36134a3962glw,0,0.03187035769224167
22,c69e65de28937ebe1b94e7785afd94158thqk,0,0.8845959901809692
22,f0f21cd3d51b7a233988cb1c3c5df977zjqkj,0,0.26760509610176086
22,47c5cd21a74e45dd294cdd53041ec0a3dw3ge,0,0.9001190066337585
22,e22528ef6a439aff5a8b19f8c9b07c19fyzs6,0,0.6635167002677917
22,d9177cca9a1bfe3478cc4f11a0d57de2p8ahp,0,7.650715616591697e-8
22,187636e527504df29bf42d4a2b7767e54bgv7,0,0.26151031255722046
22,334714f005e994d46cf4d18093dd4d05fyxc8,1,0.9025737643241882
22,10c1e1164e3f8298df9a35c891f67babiycsr,0,0.0022535717580467463
22,7b5bd948eb1d8075be58ec9240927bb59ugz3,0,0.00007908176485216245
22,1e1c9332e90c1cb0f01da223bc043c528cvwo,0,0.000020033268810948357
22,9ca41c3c062146a06d2682835f5136807yao2,0,0.0313347764313221
22,ea6c07fbbfc3f0e549701b1e7b90c4d21zfjl,0,0.0012829541228711605
22,72994bece8c918a2c4c432b98780a7bdsctwr,0,0.00021722687233705074
22,0b450f2827ec670da34be66ec2a520213xcuk,0,4.526533302851021e-6
22,d65c538ae39fc1a7e0677583bba5fdc6ax1et,0,0.7335031628608704
22,55b39a51c925bfb42fb812ebc5fe318emsjjf,1,0.7197532057762146
22,5c725e840bcc103bb8d12c54ba9a0b37blxvw,0,0.0024384649004787207
22,6ed7b95dcea7b359248e9efce91cbb11lm7hf,0,0.7791169285774231
22,79c18f0460f9bd86bcfb25da96d91490jfuxv,0,0.19360752403736115
22,f18d2ebbd5e48ef4f1ee412339d6ed7adr9qi,0,0.22555245459079742
22,dcac75b5ccc362a66e7f9112f033bdebchxq4,0,0.20554058253765106
22,3d54d594ffba32e8d6527a688e7227e30iq3k,0,0.7089172005653381
22,e67abc3ba39537cc640678297a7c5bfag490k,0,0.7485700845718384
22,57e1892d3d62d87c9ba5e8425a1958c0fn11u,0,0.0005910435575060546
22,2906a20e0b4f7ce840d051c4be898b66do6wh,0,0.602744460105896
22,3961434cea4339f0049798fab2bc73aekuxjv,0,0.00019930527196265757
22,8b809e18804865ff2a2e799c9a5e8a48mtxdh,0,0.7172583937644958
22,e1fb642deec7b382433de94983d97681o14ko,0,0.8570441007614136
22,313ede314e2e05c31471fd6a93f98af713jud,0,0.4609091877937317
22,9b51afa3c3a736bdf93bd1f2a7b0a0903c34w,0,0.5229770541191101
22,66513f72be85596a527f9f653db3cb72cq4jg,0,0.8768419027328491
22,5b45b150b6b683a98b5bc19c4214f44cvzru7,0,6.587935672541789e-7
22,3835e3bbf9a17a33867860a9ba19621dp4wdc,0,0.8674606084823608
22,c871daa6b709e008825b667b05efddca04jbe,0,0.00006432831287384033
22,644e284380171fa793695a91b6a12c28jcwku,0,0.19447867572307587
22,c2294751630e49a4e594dfd89383b271qzp0m,0,0.8990646004676819
22,85371e59ea43c33c7e481ba3c214e893ail7f,0,0.2832283079624176
22,20d08c7edbcb4b4ac0214b664ca5bb9cprntj,0,0.7978326082229614
22,d8d90875fbcf94c3b4c5c00479cbed6e1mqrl,0,0.09161247313022614
22,2b72d702b44fd7dd58062e326fd8e4779j8mp,0,0.4931972026824951
22,64885ec89a54c64598b2d196e1fe2e351cd60,0,0.029252931475639343
22,cafa845bd657b17eaa82940d4767d9dfe9uxg,0,0.003916996065527201
22,2a4654987b59646a120ac74301339afc4eylt,0,0.00024297164054587483
22,a6e261c09ae8aa7d0a47ffeb0110aa519jowa,0,0.8575409650802612
22,45927dd51fb4301c459ab96d48f64752q0o9e,0,0.08756737411022186
22,9ebd57da79b9286fd67a53e61528cf63a1w6c,0,0.7227321267127991
22,c9fbbfcc89730e961499b4b30ffc4a98umxko,0,0.000035158413083991036
22,5e8bf58291656ddd5fd2f71825565446aiopv,0,0.8888323903083801
22,662b66b1227816c2f9017cadbc148381alne2,0,0.00010657357779564336
22,0870fb7e5701f3ba56762b03e157afdc1yw7u,0,0.8815982341766357
22,876b122982958678f14bb25d887dd79dun3qa,0,0.6766868829727173
22,8d8f705595701b921012777a281a553622300,0,0.5992230772972107
22,445305769cbfccafc89ff5ebd004598einesy,0,0.8765599131584167
22,9f793ee6e6df7f69b5a5acb4e13db0476b26x,0,0.012609468773007393
22,0318e0a173f7c65db40116b903884c854x258,0,0.9182910323143005
22,6767cffbe2c0957492aa451560655be3hjd6s,0,0.9070116877555847
22,0853bead89b03dd38a04d84f4312da7dukglz,0,0.00032295059645548463
22,796961698c2f2442e73c5195062370caawzzo,0,0.0025251531042158604
22,05a07a27e235d01fe480ea6ac73b8838jq28x,0,0.7049459218978882
22,7a71e329f3f2da98a3f82e7bfcb705a0t5822,0,0.00010916493920376524
22,936d542904f515ea87bab7996497b11aszyco,0,0.3666715919971466
22,f211ff014ed43c9054916f97d6187108mpxr6,0,0.8785588145256042
22,cbe756ce81f5c420a1f7079791ed9aa2js2u7,0,0.007652508560568094
22,e0a87bc26e13c599894d7a5103fdca786tfat,0,0.06975923478603363
22,c6108e22518279361de99b3c7c298235mkoa9,0,0.49857065081596375
22,4b3e6a8a52c413a32f76a6d7a84a54bb8gb0t,0,0.26151031255722046
22,8ec9269ed4f5aef4584d887dfd9e595aaynzb,0,7.542320545894654e-9
22,6c0212679f2439c4113386b2c6ef513e8wr8p,0,0.8338949680328369
22,5aae3111e4fab04fa5067c740329a38d11361,0,0.6605392694473267
22,936d73a062928a362901f0e507d57b0a8rjs7,0,0.2733205556869507
22,429f301119adc32d35541dd4d60903563s7nr,0,0.841464638710022
22,46c0ae10d60c4fde2b6301bbafecd7b8dcla1,0,0.772476077079773
22,bc7722baf876d0735ddc885691eb687bgz365,0,0.7810063362121582
22,cf4eb0f68d47e6d4b92befd0b8fff39a098cd,0,0.0777352824807167
22,af9c96944265cf541b3fe734a057821a825l7,1,0.9070442914962769
22,a283eb484c3245e5b12b18daccc075e9g9xk4,0,0.0005161616136319935
22,61a4da78a5aa5bebcb3e9818a46771766gtq7,0,0.5303571224212646
22,b1410ac124aeb5ef6b06667786feb742tijnw,0,0.7158219814300537
22,6e18a078182a21b8522bb69a822cc338in7rn,0,0.6363638639450073
22,4c2af41637c123c78074e46a22526298vol9h,0,0.010233662091195583
22,e2bda091a91082b774d59f2c5b8480ebbijs5,0,0.38563093543052673
22,ef905e4d866c43dbc345751e7fabe5a568kjs,0,0.00832250528037548
22,4f07602a713c192a941204b27e2abcf1srnke,0,0.1083301454782486
22,916aedb8fd708e100318969dfe57a4639hexd,0,0.4693136513233185
22,e2e14e8e15204b504b146d17a2bed925qg3u2,0,0.00005161740045878105
22,0ef9be4eb3b6a03ac2945522964b242ap09cy,0,0.4371110200881958
22,86a3a9861ed45158e964f9d004a224b3324cl,0,0.7958530783653259
22,58c3300ea9095cf5e59e27abf2a905ce7tl6p,0,0.0029799742624163628
22,25b58d1533e04571bbc674dab28973f8hha3w,0,0.2896558940410614
22,ae15accae2164aae084aef7e3524c1fflq962,0,0.024861834943294525
22,98a5197faba8ba72d6ee9e1c95d65d737sigb,0,0.3263806700706482
22,06b2d71c26ef3b6e29277f761cd0db90wuwjo,0,0.0011332008289173245
22,44c38c27b9de757c8c7c05cf07b7e3eb14qpt,0,0.00001890829844342079
22,9ba7cbcf531c20ef7cc55a6da5c0654evwt1d,0,0.8719809651374817
22,3e2e03a4464642627e223fba066182d1qslv5,0,0.000025412375180167146
22,6a1d4042a5f3a3f34f5b3ea753ecce30l0qj1,0,0.7064865231513977
22,497b8beb19a7f674bc53acf7f5c7ec8cxv68x,0,0.7081227898597717
22,511a640e38bf03022300f5503cceb2cd3f361,0,0.7689307928085327
22,43553dd8b9370fbba5efa6b652d9b43ezsj11,0,0.819507896900177
22,6be863f26f22cd79be272789ac7e9153v27yt,0,0.7434225678443909
22,a15766d8d3d231f862996eb3ec33559735a3d,0,0.41116172075271606
22,8ebc5b544d62622e45e1ee22a56265e0xwwsb,0,0.8617203235626221
22,d9a813646e8fae954898c1279196f5493gqzc,0,0.1145411878824234
22,3ef757c3d6a272681c69bbd7e071b705yzt8t,0,0.0004788184887729585
22,42025aabb56a61f3bea90d27b283b517dyk4t,0,0.0038489047437906265
22,877d96d9abeb73e437a8ebd74abbbf45p8s80,0,0.6669935584068298
22,85499f83c5f1674c87d0fe77838c4da793u8y,0,0.9116138815879822
22,67616fd2a1de5c46e32041354efa88ceahbhq,0,0.8866046667098999
22,5bb3c3ff71ef6560c7600c512128ffc8js7py,0,0.00006531971303047612
22,39a5a16e5a67c2fb51789cea4d3091f0mv996,0,0.846066415309906
22,fe6ed3a12fbbf5da4980337564361710v2y21,0,0.863021969795227
22,89291354b0939c342be97fa58e018bd89fvcf,0,0.1164994090795517
22,8e05310a342aec93aaec69a638e83a96aqyo7,1,0.841755747795105
22,fec57d2db5692eb144a71aaa35a11b58delkw,0,0.004813492763787508
22,8bbb16c0a1bb808389051c875ebab1cea0v56,0,0.19333100318908691
22,36f52ad1abfd307b73c9b69cd5197dddmmxgr,0,0.7949294447898865
22,24284d3fc3334e0adeb6bb95637ca62d6dm96,0,0.18770021200180054
22,9e25bd3696b4e1775de205d2d4698a0df4s14,0,0.7522346377372742
22,83a24bbff5a4cf9d9fb10391102708f1oqpco,0,0.6163961887359619
22,673650167f432c009e9dcd062cd4e9fc2szln,0,0.12488045543432236
22,e735a2301a18772a8276aa1f17ef79efu4yew,0,0.22744210064411163
22,c08ae3075278ed0d139f00ead52ac2b0oy8nw,0,0.37228652834892273
22,00a0517965f18610417ee784a05f494d4dw6e,0,0.6521607637405396
22,f9753e9fd6e25e0a1ae176ab95c31146iaqnv,0,0.01620585285127163
22,464506515f2ae684bd510b3a50b9121ec7v3a,0,0.6493479013442993
22,e7cf764619380e5303089f04bf647f10thebb,0,0.11524928361177444
22,a7c910e7c7796d979aa9a7a31d74a8eaqsapx,0,7.871646630519535e-6
22,a8c2410eb81513da23261a49135e4eeacw6dw,0,0.000295006058877334
22,11e47dc08d7fa4d1a1953b5868892f72qvlho,0,0.8687789440155029
22,6e178db6d17d21aa88aaca5bf15c2761lc500,0,0.8985502123832703
22,cc4763c97c3d7cc9116e0a51a6d1f2e82242i,0,0.6265692114830017
22,bea63152ca4d99f549999ca57b93d015z9kyh,0,0.19352254271507263
22,d863897264a7e52d9c6a1be6dc453c6c9anz0,1,0.9077799916267395
22,67d6466d7f4a32d294196b8c16ee0b03kn9tf,0,0.00021664729865733534
22,d8a4b49ed9ca241f025cdbd9637198fb71qmz,0,0.8058863282203674
22,424aed9d807cfe0b2167cfdaa4957fc0heell,0,0.1586933732032776
22,7259271b61d2f05200eb2e1ab1d2ec911jlaa,0,0.5159919857978821
22,a7bc17dfb615eacffe397be5b2c2f3a6r0bb9,0,0.8884334564208984
22,1aa485901ede7baf78ea116e297e9d7f9en6i,1,0.903213381767273
22,4ed4760782d4e2c65bee8cadc1fcdc89htz8b,0,0.579704225063324
22,91c749114e26abdb9a4536169f9b4580huern,1,0.000011477454791020136
22,3919be53bf4bd411ba25acfdc1362b49u4vle,0,0.02160361222922802
22,9f280cd011f10593dc245dad1d93b11dy6rg5,0,0.3314579725265503
22,3e9180fdf158409adc96aceffab6e00bejjah,0,0.836376428604126
22,ef1d71dde32e587e761a1b39d5b374c7gk68y,0,0.568270206451416
22,8c33cf751b05ca6a9d886a379a84a2ees9jlu,1,0.9225847125053406
22,977436b0a445fa555d537fbf1d4bff2e4z40h,0,0.26151031255722046
22,c503bb79d4f3522f51d348c680906c1bs0w7z,0,0.11539498716592789
22,5e945cce4e72950e0930b2700e77fc8eq2abo,0,0.6778537631034851
22,6b3cff1e3d9398d4c125e7bcf612192dy1gwn,0,0.00001612258165550884
22,daef74294e84ef6d7e009c2d51be6ee167xds,0,8.556254215363879e-6
22,c749a25f3a07304b959065d83bbfc5f75u1my,0,0.3060493767261505
22,26508777dcd84df59b467a60d9f18ca1pvvbs,0,0.8398269414901733
22,f069e2e45ce316168a94b972c5b7d6b0f342m,0,0.0014058561064302921
22,2540f8192e425f9fb921db30ac1bfcbas4p6g,0,0.8203144073486328
22,4b32495335dd238db6285f7c6bbe051fv1qoe,0,0.0380169078707695
22,6a31ec9cbfe23a9398e80403859f0402cg4ql,0,0.035896118730306625
22,372bf02911448b7f62cc861074a7ac81y0jsn,0,0.0607600137591362
22,d3f595832d80988c2016aeafd125d8f072r4h,0,0.005950558464974165
22,db85fb5556f17b744938cdcc2e7ce9b5urspd,1,0.708141565322876
22,65996114740a63c9e0fde74bfb6725b1k9nuz,0,1.4220835176104174e-8
22,60edf674563f85b227898f6af0386476efy45,0,0.003305278718471527
22,f8f87e237833c3279a953b785653b0e5qka8u,0,0.42287197709083557
22,142a2545c5c01937b05ac6de9773f9efgx0eb,0,1.1471139060859059e-7
22,8a958e0092f6ca984107ea6c3975f806c59m2,0,0.0016871312400326133
22,7c0add0ef85bb5194e95ceaea737f90fyv13c,0,0.5128594636917114
22,c0b7161a67a0aae21788103c08eba7e9z8e8k,0,0.28920990228652954
22,12df4a9cf4eb203909e6763960b79238cb0yg,0,0.75950026512146
22,67fd1325fbe3cd75a110cc80b9df9708l0w52,0,0.743846595287323
22,0496c24a6a7f593f28bf7896350e946advl6i,0,0.6297964453697205
22,a3d0a600cdb44f03d58f27b19247cd0d4az4k,0,0.8027979135513306
22,87c5fcd8d9582701469f94bff3cc415dvq4ia,0,0.16698871552944183
22,bd85d0d7fbbfab49136c241bdbe119dbgkuna,0,0.7052611708641052
22,3c37de5e4321388ba706233d5ca4a0bfp7w67,0,0.0008577241678722203
22,b7515e5f181a6d4884674897226cfe9cpd6d6,0,0.04718203470110893
22,c435ac9dcda855341e667d440c2ef7c6nd3mg,0,0.7301886081695557
22,e587d92842526255c86d3b0d425747ecib83l,0,0.8899890780448914
22,aaa8650a6e0997e90e4b6a9fc2ddf555m5c1g,0,0.7078312635421753
22,053cefb7e952bd81d7a6db267a121747te7lo,0,0.0007016609888523817
22,4e22432d4a059b14d1d6a68a1feaa953k8vrb,0,0.00016653601778671145
22,71c2561141c55414618d67d1a8aebac1n0fjx,0,0.00010994133481290191
22,0d9f78a6084bf15f42210bfeba95621255c89,0,0.10377576947212219
22,92f8392be617527734a2f18482815af9ak8l3,0,0.8787051439285278
22,12c1b22ede3c23949bf130cc7bac6316ks7fj,0,0.2023676037788391
22,32dd072b16a69411ba3f67992ecc3e2144j5g,0,0.0009371195337735116
22,e4433ef42008dcff761f12b9ade6fd31krdwv,0,0.3370765745639801
22,c34e1a988fb471e9eb8a5e84bb8ddf90k4hng,0,0.7713056802749634
22,8a3f5e16e4e689897d872716efeeaa0904tyl,0,0.4200782775878906
22,a961ba95d1685705953ace49a29424e2ld1ek,0,0.5416563749313354
22,e76154d73bb7d7b86d9bd48d167d3c679z0va,0,0.42367374897003174
22,ac2d643e0c0d3bfe8e54e5a961c6cfdb5xn9v,0,0.9019964933395386
22,afb7618f9e3fd071d4ebedf396e1d45drta96,0,0.8267795443534851
22,a945c65b19da56d0c7358d8858fe14e8ulfel,0,0.8984712362289429
22,f8e90361c36eb3f6fbd485748e731fb7w2ci4,0,0.6142370104789734
22,88ebdac47cc2623888e0bcdfb35b692ejrbvv,0,0.906358003616333
22,1a05035da8ea9dead1030ccc993b5284n1on8,0,0.023292114958167076
22,308a5541e1206e126ef80f18cc29b7017520l,0,0.0002223703486379236
22,c8a99985c7bf230f475a8e9be6a17d7a08r3x,0,0.0001199272446683608
22,722d1147768bdb5918584997e1f677e55g0nv,0,0.48634031414985657
22,7da6a36817cf2d8c3be218a32ab25550c8kg7,0,0.030204296112060547
22,14e29ea004067aace14ee4543876a06365os8,0,0.0015685122925788164
22,2cbc26f228e0556f268e0dc1bd9ac0a5lzdfh,0,0.8807735443115234
22,8cab09b069755eca2b4e7fd6f6981d7d8n88o,0,0.00018026778707280755
22,3ecced86078287dbd2eac2cfac98367fbbelu,0,0.0017557028913870454
22,f430aac3f0f7f88a9b504bbb71322d54mct7s,0,0.0005920564290136099
22,1c61726e316d5a16aaa80b429080c534u43s0,0,0.0003164082590956241
22,0a9c5e1f261c937c09817ea2d5e949f34v8oe,0,0.3690739870071411
22,a262e805f766306f4adb38211abf235akxqh8,0,0.523697018623352
22,97f541ffdcbd1ee34610e3099c5df42acfvcd,0,0.8524810671806335
22,2d2839fa92d1c8e94bdeb1fbb9e62149x6xc5,1,0.8926160931587219
22,1f2d607e5cc04e790e3961a6432d7c15hn4qb,0,0.0008142979932017624
22,29db827ba14938954c90cefe40d26fe1130kd,0,5.4310376071953215e-6
22,83c9359ad94eab7f4b8fd582a6db4733frmsr,0,0.6701627969741821
22,9372e27ce85a8c8b9460b87c37cf55ecqjjkd,0,0.7502708435058594
22,6d501ebf066c0331853f1bee9754e781obu7z,0,0.0003458193095866591
22,e704e6fedbe6caa9b434509d085f4c97nq6k1,0,0.04286312311887741
22,a8a81bb8a3a35572bd1f9922f5a31217pw41k,0,0.006101528648287058
22,ee2caa714a2175abb13eb6ef15196368cwc7c,0,0.5532464981079102
22,e134f2bb79d1a810aada6a24760c8910mh5na,0,0.8344077467918396
22,d9576f0ba8c7479eb2b26f0d15c4abfayk5ex,0,0.4778636693954468
22,874402ea8b408a017756404006b12708d9s6u,0,0.5735169053077698
22,ec86220eb6ce57c91a02a7356b342599jrcut,0,0.5941088795661926
22,721e69fd30e33488bf82b7e2f9c8cee28a9ea,0,0.4056856036186218
22,715ee2811c764d5c58aa228ee801e518gqvli,0,0.5562200546264648
22,ae37c0f4dc6e3d99f5b0243fd18294cak7pxy,0,0.8806623816490173
22,aa20f72aba9804a4922195f66a876688rugsd,0,0.9105735421180725
22,ba319b8bb68ca6a12086f2410ca7fb3buxsei,1,0.903082013130188
22,67ab503313f60aaba89f64e2ce3b459fvyahu,0,4.547466687654378e-6
22,2271fe5b01f9b8f9d8409014ae4511524grmq,0,0.905850350856781
22,aa1c013a1de168c611560ca2afe78111g8i6s,0,0.6774131059646606
22,79794d93380946ef72e95f55b4abc008hsns6,0,0.7344598174095154
22,f0e1c483773c2ef8466d152874872139e0wcu,0,0.1921139359474182
22,faaa98763b59ed5f02836d4bd682035bfhujq,0,0.10724826902151108
22,20fcf71ad6fbd43f6f5fe493a6bc3ecfextqf,0,0.04083564504981041
22,862eef3a75e1351593b54975cd8ae1b3swcxw,0,0.875411868095398
22,6b531ceeec5892121e04dcc6f89b10a70yqoq,0,0.8908928632736206
22,35a02f50226eeda275b29a09acef2177k95eb,0,0.016881966963410378
22,cc064e3409a1825e3c4e5c814376f140qxu5l,0,0.2738829553127289
22,16065749457a14b26998fefca503c3ecf9og8,0,0.2600768804550171
22,e241b80fc1b431397ba6c70f2fb8ccb72wbra,0,0.013446921482682228
22,1bb7a8c04e70386f5496322158e9fc3ef6d84,0,0.8397107720375061
22,4d6fa52e125a18f433db6e6603b58ec7k1key,0,0.7116289734840393
22,19b39b852ed4abf1ba5b095829e25b946aed1,1,0.9851335287094116
22,6faffebbde541edfccdb2725e430870cbkvo0,0,0.7976614236831665
22,5114111892d49b59415284dcf19ceebconhvq,0,1.5007171896286309e-6
22,a8a2547a9153038fbb9fc66d2425d9a7efr68,0,0.12628528475761414
22,db12e9cad5e847cd7a40ec1ee649e475iwzqo,0,0.26151031255722046
22,bf190f2cffc1a77f0957f8cd1c98257dofy08,0,0.6449971795082092
22,7bb914fcdec49aa88c7310a3dda716aa9fb8t,0,0.006112569943070412
22,6da536112251f09a006b0c5223f154d46en4j,0,0.08110009878873825
22,403d9c0288bab462bae858dc8aff2f94ti9ma,0,0.13967688381671906
22,e12177ff9c1a8413996f7b1a590980c82ofeo,1,0.8977372646331787
22,cd8f738dfa2ea0554baa3dfc4465cdb8izun1,0,0.7388644814491272
22,332ef2c7189603a497fc89345ee4f5605i5xw,0,0.007564031984657049
22,d9d24106ae1ff4f5bc4ec3caf29d7bd2c2f5o,0,0.2571486234664917
22,9dd7e7ef94a7bc5bc9f98c42099910e7o76qh,0,0.6311267614364624
22,e8291466de91b0eb4e1515143c7f74dexy2yr,0,0.9049608707427979
22,aa75d58c3e1207618d47c72ffb19c872bolg8,0,0.4415058195590973
22,167008af05d4feaa636a565f6f83ec61a6ogj,0,0.2986965477466583
22,8b109c0aee5ed07fc996e73d28e65888o5jmc,0,0.08803466707468033
22,27ccc09ae923d1ca8ff7ab3242f279f7xuclq,0,0.0005610722000710666
22,13c4c826516304555e291d3d91c108b3ytpmj,0,0.9765883684158325
22,04c6b750b0552089c87ae03de72289cfcpfmh,0,0.3769933879375458
22,25a4ee3a528004bcf4f4bf62b9208a7dx96pt,0,0.9005913138389587
22,6130cfe76ed3bd87c8f8dc6b2b2786dcp44xy,0,0.12463083118200302
22,bc3d08ad6ac94b8b5ce40a29b59899cakj3p5,0,0.8555694818496704
22,2dc309478d30d440e75c932b1f13a8fai2p2e,0,0.3826664090156555
22,e59ca537cb8df3053bdd555bc987b4a7c7m4e,0,0.06772160530090332
22,af33d5277890ef0b5f55fbbf400441c9hdehk,0,0.35113003849983215
22,429b876aa7e2d6741ddf322685363ccchue2v,0,0.08406002819538116
22,679fe2a21415aa98a3cfb88abd0507edzjpsw,0,0.000026203506422461942
22,00cc97158e6f4cb8eac3c0075918b7ffi5k8o,0,0.01790180243551731
22,628156f3bce703aa6bd275089c6c692499h1q,0,0.8265027403831482
22,470727c18798cf0e0ecc2a0dca207cafuena7,0,0.00025283650029450655
22,fff2c070d8200e0a09150bd81452ce29ngcnv,0,0.0012311964528635144
22,d110111b8700f290b5d03a0e243fe375r3woe,0,0.7627900838851929
22,7f3516b1bd7e5571ab964ba0affe9302brn6q,0,0.00021949080110061914
22,37ea72c53cc50112ced4f88810f1b38euoz4r,0,0.1981649398803711
22,d588f4c51e67a340d1991a8130ee0b56hy0r0,0,0.8778495192527771
22,cf06ff5f520b14d1f9f1cf5a7ff34982bj4md,0,0.00018523297330830246
22,a46046f129f3526547aca680877fd8c7e6tfc,0,0.0015103609766811132
22,2c449b1bbbd5f8d9bcc1159b7bd3caa32jhtp,0,0.8031520247459412
22,c780bc2dc7ab83d5e5c85dd13f0f7fdecfxjq,1,0.8642549514770508
22,583ce05b5add00d9e7e5dcefb3c436f26d7c2,0,0.26151031255722046
22,43c76d050c9d2509d85c9dc2b1a1dba4zb3qt,0,0.6559861302375793
22,96dccfc370343f6871dc478d5b2fc3ffx95d3,0,0.8558027744293213
22,c615c31c87260c0d85727deff6da6667lgg33,0,0.06007549911737442
22,44bfa21b7d497f097a594c8861d4f8d4w5e97,1,0.8722602725028992
22,bd7d5414174da6df4b018c21495e8a2cxiose,0,0.8383733630180359
22,1fcca45fdd3d1d3638821f41e032f170en3h7,0,0.23015110194683075
22,0c55920fb607fef2d33324f33565758a6e4dj,0,0.2012031078338623
22,6275d51c0324547faa8a87b499812268tl90r,0,0.8716729879379272
22,f0ce8b973cb8d6eef9221fd3d6698fd4kl3g7,0,0.04403877258300781
22,99a3bacd3eb66c909a02b85402ac38dfskz65,0,0.0269957073032856
22,ffaf0a972a6dcb3910fd6b16045781e2ava5y,0,0.00014547226601280272
22,d2f0217aa734f025ec008d24d13eca10ntuhf,0,0.00010662461863830686
22,e4bee4e53a19aaf71e0ac0e3be752b2cz3k1j,0,0.7985382676124573
22,4d2fc319ce6c2ad370052e0f6f2b0a1dxiyau,0,0.2998192012310028
22,4f7331589f84c6359bd693513bc9d7ddlitos,0,0.00006134336581453681
22,33ba799fab5e4145b54fac4234bb6e13up0tu,0,0.857786238193512
22,3f977186d125ef8bcbee0c1562c7ced2b4utq,0,0.0016790160443633795
22,77bc113594866d4902d6f867a456750c9vvmu,0,0.7467437982559204
22,c83ee624c46235430ad4338278f6d270wfzre,0,0.2749435603618622
22,d8a10762de6d62c087a0a8f0e61cf78bbgke6,0,0.0013866956578567624
22,ad590c59c30187b772258a059d532db42tf4d,0,0.00010356820712331682
22,9a272c3baede0633bab0e15ff98d207e3ldpv,0,0.0001971729943761602
22,c41cd6791e262b44d26bdb3443fcfba97wlm3,0,0.8606157898902893
22,77b342f0d8769898619a935e267eaad25rubb,0,0.18971097469329834
22,4de2f22ca840fce9ac653e4aa06d9b0cnhudf,0,0.8811689019203186
22,7ba17b1eb362ef91a99a6f021b3f2b63uyo76,0,0.0014404139947146177
22,177b031b4a77f28ff167b427ca967b52jetgo,0,0.0006306962459348142
22,f4189a40cc622eaef015a19d75d9fe21mylhz,0,0.0032433588057756424
22,e18ddfca4efb99a785c68ede9ef773ea8sfmz,0,0.0005990081117488444
22,f29896e71c8077db28617a03c0f14e7570emg,0,0.029368961229920387
22,f2ea6d89dd9897f0d6edb6f24c446f01ra6yk,0,0.6562603712081909
22,f1e57f96a91c185a7ea716c2481cabecpi3ia,0,0.7344871163368225
22,28763f241cf0483ca1dd3aa1bbcbfc37xntso,0,0.0008248868398368359
22,7505bfc1ca67a5ae14e329b46a88ab869ms9g,1,0.8538680672645569
22,2d38a6af2ce96c1446f900aa4756b8975y9k3,0,0.7471914887428284
22,69333c66e55cdd6cabcc6ae64531fc33w20n4,0,0.000034331031201872975
22,0ad17aa9111f657d71cd3005599afc24fd44y,1,0.8931072354316711
22,4089a2b7f26e5c13a7f3350bd52ebf8fh21nm,0,0.8011344075202942
22,ddc6dc00f416ce10f23b57ebf758c2eeawzjw,0,0.4049837291240692
22,5f56908449455ee9670c7947614f7b4bxak3c,0,0.6874867677688599
22,458c8c4e10e5c1b29e3fbe5ee56d46e8y3fb3,1,0.8848283290863037
22,d154075c75cbb3f4b716a16c88eedd774i8s0,0,0.2538250982761383
22,fdd6944b3c3caaa7d1234ecfc11f8d080h90x,0,0.3737587332725525
22,9f52fd88ba073512be19e3d24d4bb6f91l531,0,0.7428895235061646
22,5640f30464bb5a7bc6e98fd2873fc25dh78hp,0,7.813675750867333e-8
22,29e08b4d18198fe9265772fba3a4f6c4mj1rw,0,0.8417628407478333
22,e29ae1bd8e6e7dfc9cb43b1572d3d55ca0hc1,0,0.7231253385543823
22,0589cf78c4bece729f0ac620557210e13no3n,0,0.00051306834211573
22,7e34a26c4c339e875997f4b9239d2b5fscng4,0,0.8630068898200989
22,235f78b13fc87c995c1f309403ee56bb54tu5,0,0.5773352980613708
22,2b5c4051f232c4848dbbb477c5ad7f389f4b6,0,0.0005239589954726398
22,18e751726fd7c407c41cb18c20da2c4er5z1r,0,0.002460050629451871
22,efa1611e96c3238913333b8525c6a196rvy38,0,0.1564117968082428
22,aaa686462ebb950550fc1c6136ffb273vkrc5,1,0.9226776957511902
22,9744d8ea513490911a671959c4a530d81fj5e,0,0.7329259514808655
22,2baa5a9ec317cb21a11d83f6dc72a2d6xy9jb,0,0.03856969252228737
22,369515b3af4f8ca582f90271d30b14b6r52aw,0,0.5688541531562805
23,91a3c57b13234af24875c56fb7e2b2f4rb56a,0,0.018260713666677475
23,0a6ba32afe4756995db2f5cf2461cddbvj445,0,0.001218619174323976
23,585e7c21b80baf2225224fe140cdb1a73ddrf,0,0.37076982855796814
23,d29003d7f3ec1f0e4ca9cc17e6389b4a4phcg,0,0.029776982963085175
23,067ff22ebf0d33fe0deedc816d75973865jo7,0,0.250579833984375
23,322addd5687d99bf69306148e12f87dc5jbsh,0,0.001947470591403544
23,29cc13d48af9832e0eb481c8a095fec7mom74,0,0.00002920211227319669
23,342f22fed8b1e90c6ff1a6b7bd80f6334w094,0,6.042297912012273e-11
23,f60edfe5177cab56896a9d6860995095cl1bb,0,0.000010138631296285894
23,927c5e145de79f9ee2ada0ddc054b4e9hc3qj,0,7.983247769516311e-7
23,6394edfbd35aab54801518835e33ed50hcr5f,0,6.929692517587682e-6
23,68600b8922561fe26b8b6acf1d11efdfb24k7,0,0.5712567567825317
23,dadbcec8b02ac75c5935f419b318ceca1wwjw,0,1.501859574204456e-11
23,c5babbaace35399cf51a9356bbc22733xpi5h,0,0.0001530335284769535
23,f769b9f92260ecf046efd05bf9ab6822j7c02,0,0.11776154488325119
23,d9c6b6d7290e4475bcd6d264fb33a706fqtvc,0,0.7813302278518677
23,f5a67722732675f6285b70b9f008665fq01bk,0,1.3414799049371595e-8
23,d0231e5200b870c055db7e3daae24bc8lt7at,0,0.04702316224575043
23,48117c1e2b56cfc8739f83683e01d9b2aoc66,0,0.15473859012126923
23,3073231f45ca50ad6830d4dc7261f283iwjjm,0,4.7858494944819086e-9
23,3b233dc399f175100fb11ff9c66fa5b074z60,0,0.8299574851989746
23,ae94687eaad6b410713db9106c42566axgn9n,0,0.05576636642217636
23,367edc726ba8e667973844395493559dtf2o3,0,0.5053179264068604
23,36b84c776aea2e008180dbc72393ed750zsbr,0,0.00045863978448323905
23,3edae72a9d44c43524c0203ce38581d1790xh,0,2.4578287849408298e-8
23,efc61ad6db17265a4bac85f77b154ef414tpp,1,0.00007201193511718884
23,b27db6c048fa41b496dfd3423226bb0923yfv,0,0.008170186541974545
23,acf06eabed56f179cf32ab60b6b076820ajls,0,0.24586272239685059
23,99fc8ed25265e58bc94d9d95180badf4t2e3i,0,0.5476011037826538
23,3be127c56b2de21dfcf2836f20afe249hqkxy,0,7.0783037209309896e-9
23,85155ae64ccbde01b48fbf4b3f1b739exmqyu,0,0.0029050742741674185
23,74fc24cafc7c5936d0422b8da306365byjv2b,0,5.923652111050615e-7
23,de9f5df5962dc171c7d82ab503c36dbfwicon,0,0.04208376631140709
23,1053ead33eb1a5db7c36c979a455348abh9ns,0,2.3708411234224513e-8
23,4955e2c318d0bdca797ce17794ba18fblhaau,0,0.8693690299987793
23,1880a778c9dd0cb15ca1f052308a8e04g7e35,0,1.12661659557034e-7
23,72dd0e4788d25f62cc2ba942bb9499dc7quqj,0,0.02466520480811596
23,3a5420301c0dacbc5675f6f09aac0143tuodl,0,0.8685891032218933
23,e0413f338c43c9d55ba53612d2068f65t4gs6,0,0.7725355625152588
23,d6ebcf2149c311d221b233b268870b3d5gfe2,0,0.008274508640170097
23,dd055846eb553ab8e953b084f2048d53bdqec,0,0.9059123396873474
23,b5310019f2bbbd975c64dc11189191022k8tj,0,0.005274709779769182
23,e3ea1d5464543a1ef3a9b60394fc4ab6i1jk3,0,0.727857768535614
23,7339b024b285f99084bcca768cce5c7e0h2op,0,2.3697162288005558e-11
23,82bec02fec2f08899489d7a5c35a30a0lbszo,0,4.3258619371044915e-6
23,245b584befa6a5b8c759491f5f3db580p2m5v,0,0.00002862343899323605
23,481db1a88023d22b3533044bff5239dbf3cda,0,0.0015525645576417446
23,408f81a85f3b31f8cabedf6ccd381961pop72,0,0.26497969031333923
23,175a06fdcf622c9455d0a77990b9302dj23ke,0,0.542137622833252
23,a9237defb0a6478098f242b27ebcef18qrotd,0,4.398144071160459e-10
23,aa8aeba2bdd0353a108b9b26f12ed59559mvz,0,0.012341446243226528
23,a8561bec318a7d3a0082b35b086b4428wekph,0,0.7902805209159851
23,31a301c70e897bf36276031abdf07ab6cs6z0,0,3.33709891719991e-7
23,40e00fd204d0ce97110032bfc47f423d0bgrd,1,0.9852083921432495
23,bb790a228de797253bf6afa43ee52eba1s2dx,0,0.7943776845932007
23,7b93ccc9d5730b561ec5fa7f4bd48c04qudf1,0,0.8589248657226562
23,29544507566320f1125d8e9f9a0ab3f2jswhk,0,0.5591888427734375
23,1680f758aecded6e25096b3a6199b38en6n73,0,0.5899326205253601
23,f93a998dc10a4c98f65c6b86fdff651d5i4qh,0,2.674854227002754e-10
23,c9056fc0cade75299ed4438567a87d6ek44pt,0,0.9431512355804443
23,bd0f0c497ef09b5c1bb18b330d932bffktn3i,0,0.0004896916216239333
23,74f153bd134afc92866a6bc5cceb2088120y0,0,0.06178325414657593
23,7f4e84da8ed11f4ea3a2d276f49949b7o31us,0,0.00013514887541532516
23,e1b1c514e1b87826fd045588f1f3881707cyy,0,5.990546014800202e-6
23,ca391c857d7aa75a72e2d7c3133e0d6ay9pil,0,7.446341896866215e-6
23,f2bf8c94172c4d71076e151cb4e136007iiur,0,0.00005699068060494028
23,ca0c049b8c37c99ef93b6086e9947135onppq,0,0.15059702098369598
23,8f00a4c4d7f097bc1688f8d89431f6bfmodq2,0,2.7959754334005993e-7
23,c4b598fcb343bdd2cf826fc7541500e40xtte,0,4.5013656801984325e-8
23,295fbc4ef00fe0cea7947811e78bb8aez9ti2,0,5.4585584940980425e-9
23,ae45f9b94d86f931c84c94f3975e3d7bkv2r0,0,0.8463530540466309
23,5d02346d70f11cd61d9fb955846ee9bdp5o6k,0,1.4703969952734042e-7
23,3fae46174ef1a7dce5e9893775f814c4so8s0,0,0.015010264702141285
23,6b9a3d480add21788772e118e6d51ed57e3w9,0,0.6647908687591553
23,30ef7862d69b3440ebf2726ee85a0b8397ta7,0,3.1442630721301157e-9
23,f8d0d52114da74d98800dc7553008705dth38,0,0.23729591071605682
23,39f9dad880d32ee607af7571ec24807bn1g2d,0,0.3141801357269287
23,f04748a1437347d837a65ce04ee7d94enqhub,0,0.8426092267036438
23,b46132a554a2a3b93efc5a9352036e6crl6sk,1,0.09974361211061478
23,18eb8d55c84019b9196c5ca7e072b287bv68e,0,0.001883366028778255
23,a4c40fd7a4c1040283fb2b84611eaad240849,0,9.68291988101555e-6
23,4ab56df4b1befe3e2ce5cd98e8950ba2psqq2,0,8.180468802354568e-11
23,0353aa9e97bd46119c90b8892f99982esfem3,0,0.28841403126716614
23,f01d8d55568b1f54b6946a1b78a3983exkz5u,0,0.001720943721011281
23,9211adb9cc770c78a70b55441acd146bfxnz2,0,0.12840735912322998
23,e69dc706f159ef6e26df0d88388bc5edlymly,0,0.03204959258437157
23,55d0b2506cef6464d799879b65c6ba29hjcv3,0,0.025650816038250923
23,7ce12bb499c156ba4513becaa42aa8c143v75,0,0.6549921035766602
23,b7efeea5ff94a281635ca2f0f7e8b3ca4zykk,0,0.08472549170255661
23,e5fd2ebbf5bac9ddc73ce524e1b33c3akti0q,0,0.3114483952522278
23,ff566c87f2babf3dcd67be286e1c6666cxzh1,0,2.2381705093721393e-6
23,b1bc9ff2b98df742affda07c5977c7345dpm5,0,0.9321680068969727
23,05c6b93bf8f083b2d0a03ffc0fc3524ba8fi5,0,0.004393742419779301
23,b6a7b5bba132a90e7c7cb350d2bfa52d7sion,0,0.08611153811216354
23,dd1675bf26316cd4630087fb47d0ff8fsug8e,0,0.5640425086021423
23,20a2d48ac3400228e7a0296aaa596a0fvckdc,0,0.004760968964546919
23,9be87a4f123366660d7f6d40ffa493a8ffpsj,0,0.01357740443199873
23,42cce5c657dc7d99911d950cb22fcb4fmzz5e,0,0.00021666649263352156
23,8322695c21cb27accf0fe269438bd78fn3x44,0,0.8651688694953918
23,51d2e1b98b7a1e42b939637dc6e11381zu201,0,0.006162779871374369
23,061690ceb6004807b7906968bf382dfcbve7y,1,0.013499520719051361
23,61101089c1b34f409fc9b836a7f9cd163y22l,0,6.754520581091564e-14
23,37ebf34eaeb8a434976416c34ed5c6d8ywyoj,0,0.009498929604887962
23,29b8af2fea3881ef61911612372dac41vczqv,0,1.941760988111163e-11
23,b1729d5905e896a8411f81bb65d66343ladls,0,8.270507350971457e-6
23,8bf04b0a219c7834b25057c0220b4d0dhwdsg,0,0.0003646230907179415
23,82194e7d8f9b84e71b789e763b5c3263r6d98,0,0.15634118020534515
23,06a58d4af0fe7ee15324b0e921e8de1260vef,0,0.8308687806129456
23,012441119bcf83b23d4768bb72cea6d6carua,0,0.0024612783454358578
23,40ef6a4a0c99b478fee1c93f4105b9d9mh9iv,0,1.6818754722258689e-10
23,88bf2c0f5460e28deb5eca2ef8e5e809ol5ru,0,0.13234080374240875
23,8cba56e5e7c2be942ea8472b73f0842fil1x0,0,0.001119883731007576
23,40efc98d259ee36a8c2a387ba49f39d0fa39h,0,0.18532231450080872
23,9aca61f505f40a3b4f7865c2d00e2418s0e1f,0,0.8209254145622253
23,d7340ee3c04e600c31fd2a34c760f7e7d26bn,0,0.02649587020277977
23,1ac788675f70655e71a013892d701e901kj13,0,0.006056858692318201
23,d8ff621bc161b09d9192c445f4b3be7b8xow6,0,0.0008275801665149629
23,156f4a8763e602ef789f8048c6928676a1ily,0,1.307702632402652e-6
23,1b268ea4fe034638a92d683b94bcb330vee4w,0,8.019937013159506e-6
23,8720f071e045d4cec9d707c583a3d64avjyyy,0,0.001403700327500701
23,69b32dd82f265a04826106d17e2bac9ao9fu8,0,0.8295822739601135
23,0daf4f87eb695e2a84e4156154209e09k6ga5,0,1.4957533475690177e-11
23,10f1460119f9e42bcccd0f68ef59cc830pwtq,0,0.003406594041734934
23,9f7e3e648ea8e6815c6e7caf59412e843iqbz,0,4.744640236253872e-9
23,8ea020a1fdccfd726f74ed7e90dc3400zy9iy,0,0.0000776070446590893
23,99bfa04865566ca88573ebfd3c7fb1f2c64cr,0,0.008332518860697746
23,7daf0e51b276c6ab5bd2ccf520dae106graj8,0,5.864166929825387e-10
23,b071545f5ad73150880c42e780d951bdzvxn7,0,0.6226076483726501
23,676ad0665c9bf74329ddc1f70ea48c16stnux,0,0.02182275429368019
23,2eaf4eef52d5b17615d08bf77386fa42yotej,0,0.7560805678367615
23,80bf6ab93fbb8316efd5c0b42d4b46c83qrdn,0,8.45259062742798e-9
23,4d0d345f552877998f41ba3cd1ba299885vu5,0,0.06178325414657593
23,055eb52087e0080b8ebca74be4f823f5c819l,0,4.0617707114387613e-11
23,6713e820273f591bdff7d26a48ee30c5k4iii,0,0.8425734043121338
23,6393f55c093e04e6e608e1ee8be9c3e28omjd,0,0.9203241467475891
23,9d98d3f00a0c0bddf35470b0fb735fcdhiriy,0,0.8584492206573486
23,4882587d42b3d7d8d7bec4315203f10bl2fts,0,0.005683651193976402
23,cdf76f38b6f46a3bd396a99123d26909xq5c3,0,0.7065760493278503
23,9f101e80580cbff55a2307c028408a91nebzc,0,0.057468876242637634
23,a9062f1d7c589bb01ee0b330ee8791fc702il,0,0.17183957993984222
23,9af8e7dbdc3c620c8144d736242b3bd2fdbpx,0,0.5096413493156433
23,73d4cec0ad358d272d757e0fce8440d01fvw8,0,0.00002082433638861403
23,4bddcd4957ff826dfd3b3efe6eb96be9aw5tz,0,0.8419631123542786
23,fba0c76970a464cfa9c043c906442f0eg53a2,0,2.1749067824483603e-10
23,52d8066e28f168e5bee769559ead307e1go7e,1,0.8704119324684143
23,d8ada60e3b7204a104bba8c073136bb40772o,0,2.446562397118157e-11
23,48044b1b1f47f168864bc7c4a58a65ecmt187,0,0.0029388039838522673
23,4761b2fdb4ce610d1d8dd9ea50f478cf7et0f,0,9.680329454697656e-11
23,02030ec48b7179a7fd9950fdf546e3feekkye,0,0.0013335394905880094
23,84d75f71a61667cd327367453b4c0d2frury9,0,0.01656527630984783
23,1dfa6e724441ca3c913b3d40967c17b2p9xr7,0,0.0031292259227484465
23,f27321571b5b6184e86acb6203c766f2bsfxg,0,0.349376380443573
23,a4630d8b78c796441a1be187f6907b11c5eu0,0,0.003085501492023468
23,0141844fc725a85e38e12cc02fcdbbe8ofqxv,0,0.057341329753398895
23,359444416c25e6e90ddb2e3d3d0bc23dufn9s,0,1.8727949679941958e-7
23,3e85a43950c71b1988a814682abd4392yakvp,0,0.5947573184967041
23,f0567f6d45c0f83b9874681fe8dfe0ba6hjlf,0,0.7452042698860168
23,a1922a9ee4f9f5d03fe11816c2cc3eb9ivcbp,0,5.720419138377508e-10
23,b5a92183d20e5ca98da4065c874e0b9dezbhx,0,0.31473416090011597
23,0c5992f18244e24d2d7b4708a512378729eev,0,0.9984959363937378
23,dc9a7ebdb6fb8dd3267ac26dbe5a62b68e4vw,0,0.06178325414657593
23,147164a9fe8a6bce381a224e9f13207cc1mdg,0,1.55724391714962e-10
23,c72012c8072e2441b3ba8173205cd298cde8a,1,0.03746446967124939
23,d95c969eb09086bbad373dd8ee80cacbuagvf,0,1.7506927851851373e-10
23,d9ffd2f7f3cc1a546586701c2a6fbda24u9ye,0,0.26382139325141907
23,173991472d4ee18932f8514b9d4a9dba7rjqa,0,0.0005517614190466702
23,5b1bc916ca111874eda3bbe669957cb1d3mck,0,0.003437857376411557
23,eea590b4da2709c294e8db490f5997eadyc1e,0,0.0021455357782542706
23,f73eb6e2e7a872f97c715ccdcddac77am8bq5,0,0.39986544847488403
23,13dfda714fb516e1f9f7abb0c927bdc2zmw55,0,4.437432323811663e-7
23,2b044b4b7949b96e38084e59b5d1d328jib5o,0,0.5767484903335571
23,414af5edf09c473bde75644b76a68e7feesrw,0,0.5012648701667786
23,23af639c0bd57bfe9bcf3b16973d58b7666fe,0,0.018297649919986725
23,5830a96593aff3e951919578f7374f09pqyc0,1,0.8903067111968994
23,9db7471a12cc3b8fa3cba86bc00abde2t2wz5,0,0.0004468606784939766
23,7622d7085237d6b73d08e9d70ed11fe3u8mwm,0,0.027083266526460648
23,42f754cb72e01c08005598e1f9383341fn7xh,0,0.2986180782318115
23,bd29e36cbb063cbb96ece76680ffd9121dy90,0,0.00014910865866113454
23,1ef47d501d4b36498b51e184b1027981xu89r,0,0.0001074370156857185
23,8cc03b92898255ce4b096454645599ae5zoc0,0,0.000026335381335229613
23,f7e3635c9a532fb9a60d6eda6eb7c7de3uqs2,0,0.002190812025219202
23,2b5a7c969ae95b239583f09936560b85g574d,0,0.00006866693729534745
23,69e97e52dd6428671f46f2ab6567172d8mfar,0,8.009030239009007e-7
23,b34fe965c04012fd22123ed948257184pqvfg,1,0.6121717691421509
23,de3bbaaa3bbc1fd1f751d23a972916d80q8e6,0,0.11548323929309845
23,76d4a0147a60d871867f00adf45cb792w9c6n,0,0.674089252948761
23,60849c6d966f178808d94543173cb93dog4gt,0,0.00030442807474173605
23,a32cce991a2f597f6e5a02605119f99b1dyq1,0,0.005765128415077925
23,bfc7a0819397d910db7c24eaba1ed4c68dwiq,0,2.587887593108462e-7
23,2635d404f4943f3dbee24aa16a2953c723iwd,0,0.14886674284934998
23,6feec0741a319299c78c47040893399ebas6q,0,0.08237724751234055
23,d26cca81c93b52ae3564aa6cdf33f5d5mkliw,0,0.0005076297675259411
23,c9f94611f4c9afd3a3153da9654e7310jr201,0,0.00004614442150341347
23,f12120e467869d3d5dbf7c7d0566a8e7bmmhk,0,6.735446422823088e-9
23,497ef6187e03fd9d4387ac436461a40f982dq,0,0.019616611301898956
23,4ac31aea605d17045ceedbce23eed239omved,0,1.0118572646433677e-7
23,c963c2dcbeeb0b7051bd3a6a87483ce6i98xx,0,0.005938312970101833
23,d7b66d95bcfba06122dc6f7a3c605fd73239a,0,0.002254392020404339
23,c7c854748038ddf37b8a9c4f5a28073fsut8p,0,0.9993022680282593
23,5fc9437841f1dbbe63a3a933c48472fcohutg,0,8.232219701927168e-14
23,361c6da33ccd1c0df152fd932e6fb2a69i4ux,0,4.604543413222473e-9
23,9685887173cc2e1e5ee3993832a4b153bfl9m,0,0.008001900278031826
23,716079d1913959ccae0307f760bcddddt6d4o,0,1.1587831805215387e-9
23,c62a6956e93ac3b56b1292f2c2d85b1fyekav,0,0.06178325414657593
23,5aeb71cdc92fe5d1c4a4e127d7ca7783gzje9,0,9.377236487306817e-11
23,5a823474f9fdaa129dea9fa690d51b62rgm7q,0,0.8591237664222717
23,2b19566f190ff3b8a85884e03c64fb56ir8a8,0,3.967678878780134e-7
23,a71f9ab1d130394882cbdab3c886f1b0fm6hu,0,7.300381132946399e-11
23,c478f94c1323552e85aec6e1013ecba586320,0,0.6268342137336731
23,30c3c92cc9408f55cfa895ff8a505930a3yy1,0,0.000993116875179112
23,83aa7c2c8c018888d9ebc6daf63bddb6f2i0d,0,1.8192964496011044e-11
23,49eaad86d095aa5af75ce34e59e4b7f1mmf9q,0,0.0019321964355185628
23,da2841ffcbeabaac373f00039c10f39fty6fa,0,0.8946750164031982
23,ed4802c318a7e04a5703ed115fe4f3a3kkugq,0,0.14456117153167725
23,6679d668a393f336ba9d1cb6a154e03aifmkr,0,0.1604859083890915
23,1df1dab2eb718c3da3f9a0aa90b93651sxqzo,0,1.1974564673167265e-9
23,1395ca662a02245233af951cc7ad8313vk6w0,0,0.03677216172218323
23,08353687608279ddd83e4d36fadd1cd8ritj3,0,2.3176004518288273e-11
23,559bccfe60c7193963f09388fb681ea65k7dp,0,0.021256757900118828
23,b9c59dcf41cd0a7ba779154872019cabmohkm,0,0.00023296897416003048
23,470a0e402bb9cb4d48c2a450d2043e87flc2m,0,0.2895943820476532
23,c1d14f4355b7d3ef80f02628e5ef1d56u2510,0,7.328390552174824e-7
23,81c9c749b2c9f97215f3ddaf8b5a5fe1k757u,0,0.0002674907154869288
23,6a97f70ba29a04e77eb3b137e157070dc2mqc,0,0.0011826498666778207
23,2b13a870a46975494b749feea0c5c7ed170ll,0,0.6956176161766052
23,47183c1427a3cee97ff9bd167844e65d9dzi2,0,0.0002649093512445688
23,5dda8ade6b5d4065f3119a381516c227yoz8y,0,0.8039756417274475
23,78c82f2e8764bc8001354128f9265efcqrthe,0,0.47892582416534424
23,7a3378ad9999b1fde0a4562a9b036f038cdal,0,0.06178325414657593
23,4997f0d7074a1d9f8bedf5575b6a4372w7nro,0,0.0009303501574322581
23,d43189c6eef7a763b2f8596228807dd89x9y9,0,0.000030944465834181756
23,a0d080012ab98513e39234e4545e93be17tt5,0,5.618596907175366e-11
23,4199816cef8be846ca71ae752575744fimyto,0,0.9802196621894836
23,e268d06507859d78894a8f6e11995f48zls7t,1,0.9963008165359497
23,e7445f6107c8cd3783fa722c7dd29fe6rcd3a,0,2.6749087282951223e-6
23,29bd1e11a41eb2ff50af75d10f28041ejh9xx,0,0.3854302167892456
23,ca68a41b3a4062f154dc1ae8456cd792d6kp1,0,0.00028354849200695753
23,c5863a228287327c9980d12a632985da9vi29,0,0.5488256812095642
23,eea79e1bfc21ff1b9572213e540e1252s5iuy,0,0.18326106667518616
23,898419c2d011d5a822e9ee07c387098ezpc12,0,9.584899089531973e-6
23,59cad1329d42bda3d678bae082bee7edgvt7q,0,2.324602288439337e-9
23,08c39ef7252995e0749f7927249b8dcb1d3xh,0,4.5926256575512525e-8
23,870932eabebfc108296437c303db6055kc3t4,0,1.3257777037659069e-12
23,9196288f121946095e5c402fd326109827t0a,0,0.999113142490387
23,2d73ed3974473a764859084d51334440k5q7s,0,0.6706244349479675
23,c0e3343070766b359c664f93ca65040b6bh2k,1,0.7115151882171631
23,06c281e31f83dcfd3fe70d2ee2d66bc7e6fw6,0,4.8540811370401116e-9
23,06ddad46112881df154e3bda0e90fe880r57n,1,0.9033405184745789
23,d428139761f7b7563d57bb1f87b55876388j9,0,0.00008970379712991416
23,24d4554556deeebf61510cf3e001edecu8hgj,0,1.2756939327118744e-7
23,84560dfb1400fe920a29ca2c728acf1e25eli,0,1.6120708283898222e-12
23,781972f2af3af2abc492f9dbb0f6fceahnban,0,8.389282811549492e-6
23,655a95d80489d145052254616787cb84fwqid,0,2.2665372356733826e-10
23,1dce9aaf9d6b9cba38f9c7489764fe30nlrq2,0,0.0009224900277331471
23,dbbf9d9b1d7fa110208f77a681008077plqng,0,5.369609704791722e-12
23,438e53670ffa2990cdef656700bb49bf684fz,0,0.029207704588770866
23,b86050461e88566061c796dbccb1f7e5at242,0,6.77546005412033e-11
23,9197b6590c6dceabd88ec93157fcc31fgb8a4,0,0.0013525969116017222
23,fa64fdb8ad70e86efbfc31179e93e99egd27l,0,0.04801125079393387
23,57c4421263d37c2cd2573cd7245a7a80h0mjf,0,0.21457497775554657
23,486dc9de91d243625863313adc03aa6bv4s1e,0,0.523491382598877
23,cd9a7b22d85c35845260cd61a4b65cb2meyel,0,0.8139513731002808
23,58c2b44923882a8252963e78886adaefh7hnm,0,0.00001231062469742028
23,36473d4c641c4c09c20c80e2ab35a36dwzp5d,0,8.214697118091863e-6
23,83e8aa6cb15daa745c75ba3c29a2f646zjw33,0,0.3282669186592102
23,233e09e861813cd087e8937f32a29bccs7b3l,0,0.00018815392104443163
23,461b089147eb78c582ca8a30fa7581a7mflo5,0,8.668934242450632e-6
23,17c59325ec223c94dcb301a7451c39871vxq3,0,0.41089826822280884
23,50dd191676497345cc95d8b9f7284a7371z5s,0,2.0437750103408092e-10
23,f781d7cab96d95bcea507cdd43b24255pw0dv,0,0.8023311495780945
23,c349d767ddda78ed58a3c5769e780598ar3ei,0,1.1681289180387466e-7
23,1680b6a12fdc8c64645c00ae8048f99c6uzoz,0,0.8022823333740234
23,a37b105534ddcabb169f6ae3ec928d85slw6z,0,0.00003240257501602173
23,a027780df5d0312919d41edfd4947f27odx7t,0,0.854712188243866
23,624ae2fe9394700eae7a35806e4bafaeq9cty,0,0.0049644471146166325
23,d5b75c812d172da1ecb3164a1cfb7527688gb,0,0.022592628374695778
23,dc4efb7e05563288d1f2ac4ca65c6734017ql,0,0.03528264909982681
23,ff92ea4abd33ed38601287f0e1d6726dmgx1f,0,0.462146520614624
23,46a28eaed47c29b4fd148a50cde44840u0bsn,1,0.9423011541366577
23,b17ce8bfbb565945ee9f289c2ddd8abbu1ndj,0,0.2206375002861023
23,74487d5ffd5c34de4fecaf9dcb66f86b0wwa2,0,0.08465787023305893
23,2012c722a90bc47f1abbc8319d0cea51p7l5b,0,1.1407786937311926e-9
23,d5337c2d4b58426b30c8733313eb5247syn5p,0,0.002495798282325268
23,2234754e09ba15519d0104c405326fc4igk0s,0,0.9771703481674194
23,96982cc1eefd6f526b512755151227c3h2w3l,0,0.030583512037992477
23,f23ebc71f2d8d820db2bf0576ee7e148cxvkp,0,0.0006321480614133179
23,6d033ec559ea79a8ffb90d80e0b24e93j82av,0,0.15408256649971008
23,88641b0f22cf175876bfc4adc44c00f58b5rz,0,3.551215144170783e-8
23,531d4a209ec0cf76c9337b42fb1c3d9c9tcuv,0,0.0020537336822599173
23,7eb7b2f6a914afba5c3d207dc28a93aed9pnc,0,0.9982898831367493
23,8bce581a91921adaa5fc20e627cd7b94l6cp6,0,0.007468836382031441
23,d7e83a95a05308d4fae6428bb9073a7bg8aoa,0,4.805756361747626e-6
23,0e5ec5baf2e15afdbf5212d8461e1ad9h3kr0,0,0.2738133370876312
23,340d7ea497f16bdb912ec5c6ce467f71kk7hy,1,0.7007588148117065
23,e8b82b8640ecdd154eebe6b36ec63f0bdwhc4,0,0.02547747641801834
23,0b3d5f829d18ba30d967fceecb58821c3oeqa,0,0.771008312702179
23,437c191e614776c1535305f602ea9033sdfmf,0,0.00003383849616511725
23,76ab7c99de4a3141bf617bf30bec9feep3zuy,0,7.947031366306589e-10
23,5c5dbe70c2cb05d208c22d204146e1e9f3lvq,0,0.019066227599978447
23,cf1f2b6f29840e1ecbb31d18fb128c38bseas,0,0.9999070167541504
23,8df5d645ed4040b857c121a4459b7976n5u3b,0,1.4113576973784348e-9
23,c5c8a28a166913512f5bffa6a49788c5b0uaa,0,1.2671022217580763e-11
23,8b4bcc98fa4666b22c7a17c9a4b93ebenlmlb,0,1.2714884483830402e-12
23,400e8b5b5447b4d11e06a8bb0754d8d6l6xoy,0,2.817246880226776e-9
23,ae29b39843141a73b39ada671ce6b6c0yxlb6,0,0.0004348648071754724
23,a4475cf8808f8951dd5163ded3ee8032g9vxd,0,0.06178325414657593
23,9655ccc7c0c193f1549475f02c54dce45kjw7,1,0.894221305847168
23,936a335eab4643c3529968a4d9b0c380esi7q,0,0.20851075649261475
23,162886daa0054ff1ad422e0f18cddff3qofft,0,0.18070140480995178
23,4483201dee43b51f338c0efd3b13bb895tric,0,0.0037318123504519463
23,8066d0a6ab30c52b3ddca5da19518b6188t23,0,0.7288621664047241
23,683833b860c003e6c31c521c9cdb49a1kr6b4,0,2.761650019778017e-9
23,ecce760edfc6ec5cd5ddc7037c514dc3zod4i,0,0.1616399586200714
23,4b9bf4cf1085e9d839e833e4b9d40f2a8ps14,0,0.004195811692625284
23,50859deae0e0a599efde1725cde3a8b8dw86a,0,2.7100634270027513e-6
23,a6f994251abda6687ada2e9de52bddb5cisa7,0,0.00010018859757110476
23,0eeffc5039b27a4dc2e420eca75b1fa55rv5q,0,0.24872468411922455
23,f268f61e075419e5a001b86ee78557e2kmg14,0,8.530652850780029e-10
23,97db2350652f8d01237fc4c59a470eb81h9gs,0,0.00007129041478037834
23,8884b7af726ce7bd929482ea13de19d39lzuv,0,5.209221285440435e-7
23,9d33ed2efcfaddba0307d12142f3041ce731l,0,0.8770949244499207
23,95ff2833eef5999a4f3ba4a7684d2b26a6v9j,0,9.705521506475634e-7
23,75339aea3f29d7d9a8d67ed3fe1c89c3owsq5,0,0.8794241547584534
23,0ea26a4028ffc16d9a8631d43e1b92105auao,0,0.8061580061912537
23,e50426efab1e9d60b8f7258130f8791czrpvg,0,2.5228231947949098e-8
23,b2968116361fd43589bde8eca72c5767o71qc,0,0.0002612570533528924
23,eb27d8daded752fc0d1c828867b0f118cswwq,0,6.759686560497968e-11
23,825226b69f2a5a8337ca611b38223989aumow,0,0.011258655227720737
23,a8b8959fe64f490d32fc15a5d1144f87qj9ai,0,0.00020608540216926485
23,3714da7069a5205137cacf89ab3a136ffx2u2,1,0.8365921378135681
23,32d2ce86b00693f0c26314e3cce2438dvxbt3,0,1.888575684727556e-10
23,1982c4b164171180d480166feae881ecmxsgl,0,0.0007144022965803742
23,4cf9c56df4594860df56285e9293a7f7evfix,0,0.15408553183078766
23,460e932b11a1529d78246317757899ccfaxng,0,0.010534885339438915
23,c353286290001e0943ed9bb160145c42etrf8,0,4.921931195944751e-10
23,d9dfeadc7e0e844ffea3cfc706daae5dt2hhg,0,0.12410158663988113
23,210ae8381324c41f7b49e95f1b7aed80z55df,0,0.07493364065885544
23,55abcd1b00c6b5b54633fc7e98f0110bwoy3v,0,0.6635037064552307
23,ff3ae9450581aa3de5d2326f70e39d20w8fbl,0,0.0000203873569262214
23,e56f611f1157381f4b689ab34b574e791qhcn,1,0.6650000214576721
23,76ed824b414b5e690ff82e7cd2f5be52256my,0,0.7279838919639587
23,b1863365ae232a316eb946ba56a29415m0gdz,1,0.810493528842926
23,cca4426ec6d64f3e73294d4d5bc9719beud37,0,0.007317335344851017
23,ec96b5b27dc870c8f59ef11b7371b06eenaox,0,0.29521438479423523
23,0f33df2513a519a35c8b3dcf1d7c7416jjjzk,0,0.8161363005638123
23,39b501f37dde9b055d627394964d3260qiktx,0,0.027777351438999176
23,dbdb69d0032b0a251469107dd565b6c7irr4a,0,0.00001416770010109758
23,3ef2325f8b68e1c030547a2a54ea6b98zwa2w,0,1.3631302309136117e-8
23,6c8ffec692e88d81e1b18d47818abb04v6llr,0,0.9060201048851013
23,13812c0d2c8c474bd62481d932407687o26kg,0,0.12828919291496277
23,5c32e357936f8977277d9b23d8f09f34v41wt,0,1.373113184570049e-13
23,a116e727a3dc0b69f5e7ae14d0ab40d44breq,0,0.0012315460480749607
23,437ac1b8d08c3b328924aad097a3dcdey2m1k,0,0.6194182634353638
23,56b55e6ab49a4cbe7c76a2bbca804089pjq0g,0,0.793449342250824
23,8d500e174fc28d494482f8ccb9438608zd51s,0,1.0879585232714817e-7
23,81207d4ecf830fee924989f4fe1eaa7fntkmw,0,0.15957361459732056
23,6b28baf315d41017844e15d645bb2c05ybt3b,0,7.00013325083404e-10
23,acaec0b9f72bf4ab4318f3244344589b3700a,0,0.00043416235712356865
23,37bb1697e1c3922a06c2d2ea4138a4c8s6wgk,1,0.9967117309570312
23,19033960ac23dffe078a1217788bc720jvjbz,0,5.601484120293376e-12
23,949689cced5d86578e6c8b664ea76d6aq6zxg,0,2.7824412427435163e-6
23,916d2d806b772c9f227a9b3640e31469ljrxo,0,0.009124175645411015
23,90bb553b65144cafddc3f3d4a7783667a06ga,0,2.556691356403462e-7
23,17e4d6d9a1f8ec00cec1d4fe79b059bd51476,0,8.203309675991477e-8
23,71396d66a14f4ce0c96436456462863abwefv,0,7.182549666140403e-7
23,4641b5a43c7a2496ef93af2ca590d2c94s20x,0,0.024280812591314316
23,cad151bdf2e29b764dfd3acac022e5dcy8n83,0,0.8869500160217285
23,f6a7e7b14d39804c7d15627e2fa384a1cq892,0,2.0721167004467134e-8
23,83dbbc6c5c7ed95048ffa9427d807692339oi,0,0.5244051218032837
23,fc16993f1fdbd5fa8f8ddd72b40442f0qwyo1,0,3.6038077269040514e-6
23,e588d3f7a141147e4f8dba29377144707vupo,0,5.917257244088259e-13
23,25022fb30734c2e5044e031b0e9a4a9ct3354,0,0.0112450011074543
23,fdf0eb91ae1ecea1f6902676f47c32c454yzr,0,3.782139879060509e-11
23,5f529b5ee68b60482c5d0c56ee91f3c2cjrmx,1,0.8004343509674072
23,20d31f20169e8612fe13818891f88a83r66gm,0,1.7297077548050765e-8
23,e60b306c01cf0c0be5c7d54facf927044g5d2,0,7.330207836275804e-7
23,f4d69870de1e803fe00f8126e73a7e33zwcds,0,0.041791319847106934
23,ccf30c9533a66f22f1c65910ae1bac1a1fs05,0,0.5680608749389648
23,417adcdcd7157e75c66469c07208af00qjnuo,0,8.277872311224233e-12
23,920540ac4168ed08a1e297395a68d718gsqdn,0,2.2878617755850428e-7
23,354d4abc23881a40b8f119225e0dbd09tk1u3,0,0.0029600844718515873
23,e49dfe2adbc4b3789f67bc044c231473clc4d,0,1.2226205114984623e-7
23,7bb58b7875a093cbe7c5d487a825b730mjcw8,1,0.5465654730796814
23,d927c987f8a4ba2dc4f38dadc0831100tt94p,0,0.24515730142593384
23,771f6754997a1954eced81d46348b4762k475,0,0.5154126286506653
23,f895a8d9d7974b3ee7f1f04a25a950e9v63ps,0,0.20517198741436005
23,b1c9bacacf1f33a8fe48d1a4ae4c761bcltiv,0,0.4840174913406372
23,f7b25abd850df9b0e0b305c6810e1ec3qbtaf,0,0.37327033281326294
23,cdf1fdd424a11dde166c4bf069d6998eph7b1,0,0.4869987964630127
23,43bd7fe0ed7629fa774a461127a629f19je0a,0,0.06807417422533035
23,7d063aa96e7a065ed5ff9deb7c851bddhrxdj,0,0.0008120544371195138
23,8f6605a649ae41fe950a6bf579452464d9lmc,0,0.32952892780303955
23,ba6811273d4f63d9a31937b71b0a22dforovn,0,0.9203069806098938
23,b08034d2d4fa400b457d4a59a2482e8enfhqw,0,0.013174932450056076
23,3e602dff2e3bbe7a52236df2294c9e059fc2l,0,0.063169926404953
23,11d5f6925da5809e2d447788b85d6253jj8fu,0,0.7888466119766235
23,f0c034c46dfb78d2e9e67fd4fa1688fa6mv8k,0,1.0593621466159497e-11
23,3d575194dae5a2e2966abdf84d800a3bgbsd8,0,3.6041601560871106e-12
23,53e2d855e008a5c2f79b4b848d467b86nofo3,0,1.291562966798665e-6
23,f6485cac867e1e7d2d991838551b4c4bfnarv,0,0.046679988503456116
23,d2b8a15ae403dabc5aa752b205181dbe1lm57,0,0.00018338547670282423
23,65d8228c6c1e5b6042f397afed8a5c7cbo6x3,0,0.506229043006897
24,4bee9aba2abda51bf43d639013d6efe12iycd,0,0.00025826189084909856
24,7eaefc97fbf6af12e930528151f86eb91bafh,0,0.00009555304131936282
24,fa64831ab5ade55daee13f852c16b0a84ujt0,0,0.06260854750871658
24,5354c02817e47f28e60e44a40ca5e48dll4sz,1,0.7111352682113647
24,2c581ec91825362ab66a7ffa05df5e70hl3h3,0,3.5614793887361884e-6
24,0d0b3d6dc27d0f8eed70971f8c6bec1bdrs0f,0,0.004243851639330387
24,a22fdc066a738070c6e4860924d06657hengu,0,0.5691782832145691
24,1476226300a93d22b15253ed7339429a7ijk0,0,0.012957652099430561
24,975dd5178d34453c1c3c8edc47cf44274uv5s,0,0.04411272704601288
24,a1f4d216a1a92507d97166151d7c9fe37bei4,0,0.00017201152513734996
24,9434778d2268f1fa2a8ede48c0cd05c097zey,1,0.2549380660057068
24,e98d8f348b266653b6784329782fd2e91vu3h,0,0.019460709765553474
24,792edafa0603516a57932e6103e9dd54ajar7,0,0.0000825701208668761
24,85be8fd21f41bc3dee86597d272825726bp69,0,0.046028655022382736
24,1cbd9081de4481ada66f1853737f7684ddjd1,1,0.18092451989650726
24,09d71d3e6a6871a7598dc2764c5bb4ffkz6mc,0,0.0021875915117561817
24,8e1f8e5907b3cc256a2a57ae9ac81e063gbz4,0,2.2726649007154265e-8
24,bd2cf3a868d168425cf1bde7c49d40b9jq0xu,0,2.136955998821577e-7
24,da6e2a5651b4f44fa3cff41cf9731ff8qc8fl,0,1.118645286624087e-6
24,9ded76c5244a2116a3b5432fa265a800j0bvt,0,0.26197537779808044
24,03244a553a252dcc3a3037f0371c8d33fmpd1,0,2.551179534293624e-7
24,d27221cf2bfaf0fa7a60ffd3e1e3a53efagvp,0,0.13809563219547272
24,12d6239a92972a35bc990225b3ab33466znm8,0,0.00008583392627770081
24,226017dcd6506ce20886540ff734210d8hib1,0,0.03809797763824463
24,d5f997729fd5a0aa13307e027804de515jziv,0,0.0999247282743454
24,8c2bdb9dd878a811701838002627a056be0ce,0,0.5535554885864258
24,a9229b83f54a5f44a69e65b9b3aa7aa26qcon,0,0.0003773350908886641
24,961ab8cb7952191816db53f8a11a35fe1zecm,0,0.013194438070058823
24,74ecf5f9adfa4dcca4dcf020209db81arynmk,0,7.841040314815473e-6
24,3d9910a238a0f282ad3132dd6fc981c8tv3tg,1,0.36045604944229126
24,19353c42feb91a216885fe012efdfb11s2iu8,0,0.0001677339751040563
24,fdd836950d203286832a21b930b9f6b58ch7s,0,0.017516473308205605
24,2c72df02de4b36acf72ba549630808612ol08,0,0.00007596037175972015
24,db83d746ba8e0c388805fa3fcb235743vfqmw,0,0.05496051907539368
24,8e2a43abb8fcd8ef9801c69fc04bfcb5kyc41,0,0.0007523950189352036
24,2c31770e98fc9fc7e0f1fee6207b5600c0e10,0,0.33967745304107666
24,2515c5fd81638d5d0bca39a2b2be3995tante,0,0.030872344970703125
24,7f807b2eb6c391d55e67bcdf7e1cbb3fhylw0,0,0.049726564437150955
24,5948bcd0f773286ff7d5cde332c7ae6918jt6,0,0.021824916824698448
24,b8e47f06aef714b37073e72ac40a8100mew9c,0,0.004091282375156879
24,c76f30b8330b6d14fb872b30fcfd9d57phbsf,0,0.0002649565867614001
24,2736ee274114e9440463bde9fbffacaa5xky5,0,1.603610485290119e-6
24,d6d68e218a6cafa246ed31185b09e1e1fsu8x,0,0.0004009308759123087
24,666e1e141862a646afaa2b71fc7d2c25r1b4h,0,0.0002216030698036775
24,124727083cd4159b40ff8d4b36a89340l6fga,0,0.0010831424733623862
24,929b75b44585b34d2b917ec181ecbcf298fr8,0,0.3438827097415924
24,01a39439e7afbdcfe385eedbddb23d76zgdrg,0,0.007663448341190815
24,c600968815fc32b20e0519ecfce5b648en2wo,1,0.9264901876449585
24,ac494ae5acf003f84ba46f5741618a8dn19qi,0,0.000021913852833677083
24,b64c209b3d1d91a663d134961af89125u0s9a,0,0.035002969205379486
24,e18e3d0fbfba81cedcae619dfa977875p10ta,0,0.00013223968562670052
24,5e611461283a5c3e49b5bfbf9c33b7391ce3h,0,0.0028204394038766623
24,518e9fb1055de6532ed2df6d03fb78feus5s0,0,0.005365646909922361
24,e7a98dc8545eb429007cb48799a40a2dc9p6o,0,0.0422636941075325
24,a2d0b7ec1595325cc63777f106e09fcd88y5g,0,0.000043017822463298216
24,e8e4603ed284adbd252a7a601f9bffe09oq6f,0,1.7220397694472922e-6
24,246c55639cf85c682d58cbd2ed6a6563vk2yn,0,0.13554593920707703
24,01349288df20199905e719f0ff7ee771nwryj,0,0.006970142479985952
24,f75cc5ec8acf1ad2349e00ffc4b3191a531f3,0,0.022897306829690933
24,585b938fd44968d0d59fcac453cfb3b8p8nti,0,0.34417903423309326
24,3a8124eb9fd3977e43f5e0762d9a09d536rob,0,0.0035731024108827114
24,33a7a0121e28cca4e42494dd0f5aa03fdhlm1,0,0.0005378566565923393
24,a74e3962ca26514976056bae3c46d579emz6y,0,1.8853097571991384e-6
24,a539fbaf8b29613ff0e4f3e5831aa7a5p2cva,0,2.6903177285930724e-7
24,7607c4efa792a69e2a8949ccafcbef103squn,0,0.41637933254241943
24,340bc29eeeb9b9d04eb1fb72a1a9a2444brgk,0,0.004748470615595579
24,01eb9dcbd0b3e79d94020d13d83a993ec9d2a,0,1.567063666330082e-11
24,74866aaa89db79f25dc0fae8be067b83xlbm6,0,0.002795784268528223
24,6a5457f1038c6e1cf9feb57529ce07b2sff4d,0,0.000013058149306743871
24,3733f7ea492eef1f69f98593d2122c50xwcha,0,4.593966096422264e-8
24,c755d2832026bc2a6f5d2d6df5740f06mr3nj,0,0.0007312883390113711
24,22401c4dc0cb1e5d52da01ebb8b2839cdoauo,0,0.0014777868054807186
24,282fe85277f7c07b0ffbc5fed621a02ezp1zr,0,0.3361910581588745
24,e5f43783127506211df8c6290c2ecadbyr779,0,5.262125846172694e-9
24,dc752fa41d974bf688d25ea9d18e9a2eit904,0,1.1184933157437627e-7
24,640f41f27c03aca0c45775eb918b666cnjsqv,0,0.00005126870019012131
24,eb2c4b4493f31788ead745533e0c9a18xzzlk,0,0.010239183902740479
24,3c0026d48f3d6e10cef6cdb1f708793ccwkhr,0,0.00007688883488299325
24,7fab82fa5eaea6a44eb743bc4bf356b3tarle,1,0.000021321149688446894
24,dcd54d7afa6820e3f00e1c9e83aecc7b4f3lw,0,0.02108173631131649
24,e0b6466f9f720e9d9a00d7c12b2e2c6d8xwxz,0,1.0624333413034037e-8
24,3106ad6371a3b740e2af90635a4ad966zeu1u,0,0.0003188173286616802
24,b42ef139c2dfbff8356e8886d2b109e06riso,0,0.0686986893415451
24,b232fdca7cb98028e8945005f619fb28p8788,0,0.000047671324864495546
24,db80f065a93cc6b41d12af614bc3ec11kpwjp,0,6.35760610823155e-10
24,11b1859aaf7fa93818baa76007cf7207d8uwy,0,2.64966826257762e-10
24,bd8bd6cae40abb19b81b6b6a7775f63e5tk1s,0,0.0000927717555896379
24,db5e9f85e7d180f7d952f12e5dae5900q9xif,0,0.0008044097339734435
24,e24542c1bd46a4a0f98b0fa95d8fc40brecdx,1,0.6189098954200745
24,35b111da8e919bb34e80511be9cbd128pjjdm,0,6.914291361681535e-10
24,3d7cff3dedd8a8e02dbc551c6a61da3bibbvh,1,0.12419503927230835
24,8fe6da2176541d0ce24574dbb60f9107oq1kn,0,0.05307850241661072
24,37921a9d842612b3b0281f7098d0002539xrj,0,0.0005738544859923422
24,10b431aa15b56084d32fe1ef123c4305wo1nl,0,0.0007402650080621243
24,573cf43253a18821e50dfae941ac287ceymgo,0,6.628314167755889e-6
24,fb6814db96bbaf61f42270a85f0f62adunxft,0,0.0018624061485752463
24,4c2699de8bc9516b09c5e5c8bae6d6c6xiry9,0,0.019602660089731216
24,1c66f261724506bee45dd18a4d221bfeh1687,0,9.5083232736215e-6
24,67d245e38ee756947ed395fa099807fchxv99,0,0.013107501901686192
24,eacfdb47b3daccebd9f16779c5542fe5eytoc,0,0.0271096620708704
24,392d936106b75256632c9dc83c4f1a169bke9,0,0.0005273816641420126
24,65d3cc1725c4506fe02be3e2b24435bbbd6qf,0,4.443682044552588e-8
24,6533b670e02ccf583288ba7c8f5fb1carmirt,1,0.9957833290100098
24,7f603f668968facebb0567015ad4c201kikrh,0,0.00021158998424652964
24,ec0c9e98cdf302274974ad212477f851iw35b,0,0.12628310918807983
24,96caf14832aa8be04d98aa481b320392kb2gc,0,0.010073862969875336
24,a3910fbd35b7a0c383c9805eafda616fra4xo,0,0.00014712252595927566
24,d4a84bdffb9543626fdd42c879343ce26ds4l,0,0.0014254527632147074
24,c1434e440370882ecf00ac52140f7adbuy1e9,0,0.0029805495869368315
24,be3bec53b42be118ef2a87fc40db7311k4as3,0,0.000015120581338123884
24,cb9a75312b809291306c6213ed5dc67dw31qz,0,0.10461051762104034
24,01067975436d123f717ee5aba0dd4bbfa0937,0,0.33767932653427124
24,e4a9bdad09ebc5d5a264723855fcaaad6q52x,0,0.25527021288871765
24,dd7292cdbc81ebfb87945d9ab176d679gepf0,0,0.17893236875534058
24,222a0e05442fec0af2d20ebdcafe4b28c2pi4,0,0.009000693447887897
24,2797fe80977297483e724b8390161c937dh4g,0,0.048814818263053894
24,3d48fb12020c1a81a65fdba2d75caf0d6q2nc,0,0.06588650494813919
24,9c223f867c65938ce8623fc41bec08485xddt,0,0.04741843044757843
24,c97dda0fd2de7d82d3a52eb6c0788062h3tq6,0,0.00003130178083665669
24,44be920e88377290bb204795f05a20369jp06,0,7.527725665035234e-11
24,bba40511c6e56070602e8dde4229ff923zbuq,0,0.00040386212640441954
24,fb7c9b1dcc3b44dd69e42a84406117db4t4mn,0,0.44600433111190796
24,6b85d622dec4fff284d55895eba9969dqlhu9,0,1.3331386981008109e-6
24,7c965df16147f68263573764dd257a7bxqmpt,0,0.0055109173990786076
24,fe4906ac4c8e2db5ed5a71e8a9d10080u6g7o,0,2.845524932126864e-6
24,aa7e36069de119ee3ad7c4d8c925fa3ekrs4i,0,0.02062230370938778
24,0fa357965f89388d8e7eb8cbc3b85c6bnnro4,0,0.022808989509940147
24,b7e16fd4fd9ff04b7d741b70730b7b6b1aw84,0,0.15232670307159424
24,80130530788e55de6e9fd515271859d1kgfsd,0,2.662770839378936e-7
24,54e279a4e162af7fc55d640aa62d0cbc9hxil,0,0.34269893169403076
24,34cc283e180fcd4902ef8758714c6d83th4nf,0,1.9392286887409682e-8
24,6f7043cde57060a6766b551df5fa6fd9p3ojp,0,0.004406593274325132
24,38125387ec30412c438280af8931254dmvfgb,0,0.00002218664849351626
24,ac94684646bc6f708dcf4566f41ec05es9v44,0,0.00003050566192541737
24,84a773b3c9d300834d9d57af5dc83091y54cx,0,2.1952419881898777e-9
24,e2a61feee7f94b49d7de1ac6efb237c0fjt1z,0,6.483394376921581e-10
24,a6ec153fc7002cfd929b9f7199914cf75upgt,1,0.26887211203575134
24,557f06b312e040ed3cd7dd2a011cb83avyut1,0,0.42443719506263733
24,d2704c8bb6ebbf13e08f37131382b126wy4yc,1,0.35588324069976807
24,18b5e850a1c10e681cb5fae0704a699018x6f,0,0.00014867691788822412
24,c8e474ba549fe924bff9d3f585a9943cg9aju,0,9.718190696617057e-9
24,1bb03cdb913f203f704caf8bf6840b6fbpigb,0,0.032655276358127594
24,fa6b4da229eb64b4d44e7d5ee2b027f1j1whx,0,0.00022284980514086783
24,49c3957287d24e69713e4355933b74baoijix,0,0.11380650103092194
24,313bb0007cbdd82f326d58c96847294c9hz4k,0,9.465306902711745e-7
24,59fe751fb6c277016b7ebe3609aa1b15vhg7w,0,0.035002969205379486
24,a4734769962126673e975a627e930b5fgc79n,0,0.6815468668937683
24,d1780c224460a0c20d5c2f5f68714c5264xd0,0,0.035002969205379486
24,39802378690e7d0c61d294f5898852b96hsfh,0,0.00003170963827869855
24,f9ab998f3adb944a1cd1847a097fbc0bw61nf,0,1.9073877410846762e-6
24,361397432ed35185b5a2789867a859ec42v14,0,0.00026394324959255755
24,c41f5fb84d9f9e2456a5264c79919569vrhau,0,0.0012554175918921828
24,18bc9dbbed75b55f35ec4be1351b7aa86an68,0,0.1016223281621933
24,0580f2e77b4c0dd3b5cda8a1641cb9fenmo0i,0,0.0027816668152809143
24,b2a19e17e1b9e0bca8e4563efbff5fed7v9xe,0,0.00010643251152941957
24,14b2d98230228eab6a6db3efc41660d7kp23s,0,0.0004089040739927441
24,b79560ebfed7c8cbcfb97475812e0836twsnm,0,0.000039844075217843056
24,cb6ea552ab5b90e2d0572148426ca275d1zzj,0,3.6069374154124034e-9
24,2d9579812895729581ce269ea17462197jxvy,1,0.3648056387901306
24,f19531503f1485a3014189a80971c6fb0d9fu,0,0.04634060710668564
24,e561791343f3564a6fc612a98b5f3df34rxok,0,2.533290022199708e-9
24,4922d20e07d04601e8724be5e9f9576blyccu,0,3.33743423652777e-6
24,631f923b7bcf91f61a2e9f96520bd8c8vtl14,0,0.10359299182891846
24,f3a249f6a5c2c88ddd8bccb1f8a85fe52xnkq,0,0.011991448700428009
24,d13cd9e0a7b95c0a35f3456014865230qku5q,0,0.0000885835979715921
24,98eed7cbee9b1a1b526a635648e7cd2fhbt5w,0,0.00007356874266406521
24,3312b8e73417810a88be459d75fe9bc2xhd8v,0,3.7107975003891625e-6
24,a6d6f3f5034886fc00a1245b439de13a66ha4,0,0.000030157721994328313
24,61337802cac534b7e7711793039782d6f1yy9,0,0.0033454401418566704
24,7c08de9de285265b2c34970139331f9fnr9ad,0,0.09459324181079865
24,ccc371d7848a80bc31941248b9f49b95hn694,0,0.00021560234017670155
24,d3ab33e9314c95d6806813171f292299tmprm,0,3.261436916091043e-7
24,5c2b3f221cdf303df86ff1ffd7106fcco6pml,0,0.3869679570198059
24,339b8ca3185dcaffbc3ebdfd960020e8es0as,0,0.06360242515802383
24,cd35a3230456d4a245806e476c63e9a1evu7i,0,2.139801003053776e-9
24,c9e1e860e39bb7d4dbf3c91c5d6c36c2dv4tp,0,0.0002204816701123491
24,85ac49e7f93bf0e20323de78362bb4aadnwia,0,0.007312833797186613
24,ee5afe7f268aaa88598545df890f4e5fzari6,0,0.0013402590993791819
24,1dec9ee102b29905e2f59a52fb7429826e8b4,0,1.973259173837505e-7
24,e6f73230e0fff1d9a6b1b8a6617002ea9owig,0,0.00561780110001564
24,ca5730b8dad8f35fba24b68c9ca5d445mp87i,0,0.8432501554489136
24,3105d663ef3dff7e483a46c56580a9f9kd7f8,0,0.11044282466173172
24,97ac4a68e5600c4b7a960d9580d4f251470mc,0,0.0013083035591989756
24,0817731a4d2e319f6f771da3f522b8bfv6njs,0,0.405613511800766
24,047558bebab9292a5d4c85d6ee768784j2hdd,0,0.19882310926914215
24,40829191b83242ef1f380f90876cdd74mrqe1,0,0.0698632076382637
24,70daecd44c89c37525aa2ca294378ead4dggh,0,0.0732245147228241
24,3ee7de4c5a5e31b7b407827ae1370f70suenu,0,9.416861956879075e-8
24,4dbc8d336dbe0241c9bbb0f3630f25059yo43,0,0.0000817725231172517
24,54379b25f1f35d9df78da9cd774cef74u5wt9,0,0.003786550834774971
24,a2bb8b3e3ae4566203eb5b3021b4d594pohf7,0,0.44586506485939026
24,63c48b70d37dee5fcfb26f94107ba3b94d90p,0,0.007250010035932064
24,a6414c637c6f1275e2c62c48fb238c5d5aw03,0,0.0005310088745318353
24,6e848149cabc4434155aacb610fb20de6vq5b,1,0.05548477917909622
24,14d4e04d7ed150613974438a4dfd4e85dybq3,0,0.14138129353523254
24,eb8f9ca4a23586f5acc770fff966f654dy7g0,0,4.643551164917881e-6
24,613c7d60152ebf06e3a7dd326ba03261mnn8u,0,0.005216600839048624
24,fe19fadb955fee4c5fcd0e30e56e1542kx66p,0,0.3496874272823334
24,1a9765ed302d0f91b512c23112066e41s755q,0,4.001861384494987e-7
24,aee383561c0019dc01552bfa5263af8etbuc7,0,0.6963465213775635
24,9375e98d0810ce9119ccf45300249636zfpd9,0,0.00694652833044529
24,1c950af57581698616bd9923cc94fef25n5wh,0,0.00009171464625978842
24,08981037e7a6c9032716ff25b15c9de25p63s,0,0.16823168098926544
24,fe6adfbbb2fc1ec0c3edf6677204bcb245uf2,0,0.0028627014253288507
24,92ce3c44edd41ad3222481daac1ead35bouwj,0,1.2001036111541907e-6
24,b729f60d26fde89a01f3fa89759d6b07t0ec4,0,0.11629149317741394
24,24108e769a15b155bd2d63c58368ae5946zhs,0,0.047331493347883224
24,bcda2135a2456d611876679b61dac500vs7sx,0,0.0016443359199911356
24,e2165ff862178c7b2946f7f62f5a3e51wcvaw,0,0.0002838373475242406
24,cb557e4675bf4f36f93ef5599adff545nz370,0,0.3437836766242981
24,6a2c4aeaa17c2fcf20958803a674f101vlxw1,0,0.02085709385573864
24,ffacbed056cbfaa60c1fcf51f0d381bddr3ly,0,0.04324646294116974
24,6ed39d7c89fa2d423017cc9811f0c469i2157,0,0.032288309186697006
24,d92c8c2d4c29d4c785431a8b34ea135awepbr,0,0.005626160651445389
24,e22850afda081aba360cc18e2a9021caqjjov,0,0.0002437614748487249
24,3a32eb1c6dcc818e0df4953e978f2e89ljhnf,0,0.000039425325667252764
24,17b41c48d6f53585c7bf3b65977eada0yxs8n,0,0.013428488746285439
24,44d34926c0863edb7575b819980e0e728pn5b,0,1.050880086950201e-6
24,171fbac128e6dcb51d0f07cf7ed8bd3er891e,0,0.8809753656387329
24,f01e3769fdce36d31eae85525827ab17xeu31,0,0.0011390818981453776
24,fbacab353140582a4b8ae3412eefecbc753vs,0,0.016673168167471886
24,dcc5a79317a22bd0f6dca1f60fc866a8bei1d,0,0.000412583292927593
24,4d1542974bc322859d3d099b8c5193felot1k,0,0.2336471676826477
24,649b364bc466208e559858f0677b421dbnalw,0,0.02188349887728691
24,af14436f293c40a9904d9f06a323215bf7zdr,0,0.002779026748612523
24,f4294bb3abb69fa3183e7e851b58b278k83z3,0,0.00003143382127746008
24,8cb96eaadc11cf4f914bad84518632e7czdyl,0,0.27542728185653687
24,e21b238213c361523d276d67f37c05e3qot5q,0,0.006625493988394737
24,86e698821a8aada613bfca1356d8cb7dopnv8,0,0.0016855954891070724
24,384ba7c5a8ccf55d174080d9ad7de9b8mfysi,0,0.22932137548923492
24,96b7bb4238e7ebb439d81d63db4c2796aoofv,0,0.1510138362646103
24,cad9c97e99bd5753be98edd9ad8ec8c8c7r66,1,0.6904428601264954
24,d056594c1d7976b6ad4ba23e2b4cea19l2i0t,0,0.25933393836021423
24,1e13eba969b6b953688c9e945544ac4741ilj,0,0.004625933710485697
24,86a34cdbb975c141eea1854b10dbf1c8seom3,0,8.011907109972682e-11
24,0825d381aa09d1d0c47c77c372f07acbe02ky,0,0.01580682396888733
24,461c1d143120270fff5ebc1b91934951378ud,0,5.074345153843751e-6
24,8f086b809805064f3c4a5dd48327c0f51yplz,1,0.5010625123977661
24,a447127835855849fa2ee496d05e0847fgt68,0,0.21958112716674805
24,adc548d88b9a307ce0b58a0d11d3ae14gcfon,0,9.448130100508934e-8
24,a96039c7cfb1d040ca978ec5e66ee2c0sb5ht,0,0.029799029231071472
24,2b4b36fd77eaeabbdad8fac68b17ece5ey04u,0,8.304837706418766e-8
24,b258a38ef4cc6ea241b5473ee9badd32ekhoy,0,0.001477415207773447
24,942af1514033a612b203ec58f7894c9fv899u,0,0.00019664484716486186
24,5bd35d55d367d7a21d98bf6a19fc0dc1e5j9p,0,0.000021058633137727156
24,121578435bf4136746cd2a80f1990e07cv1px,0,0.003923831507563591
24,7d44df0d40982a6651a06cf533ef5dddtppag,0,0.12332534790039062
24,a46025d61131de18474aa6f167e04bf08w9x6,0,0.29465240240097046
24,1ccc69e376c95da9bd569a5d1a176874ivojs,0,0.000015488245480810292
24,2e07d37dd022e72ab04da76f51edaa13qk5rv,0,2.4759851946498657e-9
24,fb200accdd0411e96f1b0f6d6f6d4f52rgk01,0,0.0024066451005637646
24,bb73823b1c3f577402c9aa9eabd1e412vp2xw,0,0.4835514426231384
24,e932ef68638c37220f4c2c386cf54578x4hpn,0,0.000748510705307126
24,2cc1c5bf18c858fd9c74901d8d80ab70ak8e0,1,0.9989020824432373
24,bdeb5eed17a812d2c47176e30b8553ae2k06g,0,1.5173410972124657e-8
24,0d1815382b08885d76c671ab600133adeyp5e,0,0.36284974217414856
24,05c9fe8f8852ea069a93dfe39fc0571er9mdt,0,0.007741787936538458
24,7639039411fbcc6cf1013b247b2622a72g0r9,0,0.0003018014831468463
24,4f57e657df5ee5d9207178b4b6858ddak9ouq,0,0.0002508897741790861
24,4dd7f98cfffffd6f4707fd0deb4a00b5rj9wv,0,0.2532607913017273
24,30788b28de22d28938ecd7ed6795a8b022qm7,0,7.732342055533081e-6
24,1ba9422d7a55aa5abc3ff37d1cafa9f2yds7i,0,0.2732182443141937
24,ba0ca6f98ed66bdd1c4e86db2ce4011fdk6ii,0,0.3072388768196106
24,9df0031595e4105e4530ceee1a08faf319vvb,0,0.10772451758384705
24,70cc5da141baac4712163f5cd4bd4a50za0n9,0,0.036355458199977875
24,82ae4df0acf8237d7af1a790e3848645bp73e,0,0.04664069786667824
24,fa9cfea85e90bec313e512e9eeab2e869tvx8,0,0.00015762177645228803
24,e10ae48cce1e198f7283064cc8a2f836iy0z6,0,0.05528077855706215
24,ba194af5111cfcf1dd95eb36160c728ds4kcy,0,0.001381708076223731
24,82f1ba4809f4812629e9e53ea4c687d7begx4,0,3.458003217104988e-9
24,c1d9c4c69367536d7b0ccac19527629f65025,0,0.000518361572176218
24,48badabcce6015d257ff5809761486c8qgjul,0,0.2309083342552185
24,f725c5b4cece8353da7a636fcba0ecb5yxshd,0,0.008084983564913273
24,c4709885ecca7b90dea4beb5dabd68aegk2pz,0,0.0009302119724452496
24,7291b7fba1b597d66bb8efd45fd0d354q71ka,0,1.0952525144602987e-6
24,6c021878ba6173a04d55bc1cf5544ac1f3t02,0,0.08892454206943512
24,cab7ecf98fd0489389a3a8d3961defb3k66og,0,0.0011662162141874433
24,459ea22b6b51936d0788de9f78a3547bf4jrw,0,0.0003217066405341029
24,ee45b2475e453e69ce712388959fe4acspmvk,0,0.00364688434638083
24,e0a9e4ffe2acd28599dacb91c98c34bc66vo3,0,0.00816271174699068
24,7ec5c7e2317a9b68e861060531588f76fpldj,0,0.00001466931735194521
24,cf18f6766fadce944ee74796489c23acmqhpe,0,1.0657222446752712e-6
24,a679d00c30c269a8eca148458abb8665kciaf,0,0.4179346263408661
24,28a0d5539562290a1a2f63d5b7230db090ys3,0,0.007108194287866354
24,20f206d2656116bed8dd46d5b70dac81lbgfk,0,0.00010498284245841205
24,f219cbb3d454b32953619d5a4551f56dcg7gy,0,0.0005538981058634818
24,d7eefaad31febe607c252199a7672420kl1el,1,0.2930387854576111
24,4c341a39553faef07ddb917ea4e069ed0yi3y,0,0.0010219879914075136
24,f5ab013f90cb8890d33c6a309798204155q15,0,0.0014802267542108893
24,aa3ac65055bb4b1660f4d8c1d2c187ecoqvn4,0,0.0013631819747388363
24,fb9b1e58ffba4b38175c11e03e51e1f48dnm1,0,0.014171632938086987
24,2993e59bbbd7d14bf4bc21e4d2a4f8eeb18d2,0,0.0038445794489234686
24,eeda0d135495167db9425fc5fa3a5e3ex2zel,0,0.00001865313242888078
24,c0e4be8d520c7bac2f51ad80a98876c2aan70,0,0.000020753617718582973
24,67fbdc4209a1566288acba904a2b5a7ee588g,0,0.44862276315689087
24,d4b2fd8f5e8e02b660e9803cbcfa6cf2t5szq,0,0.49012672901153564
24,51cf4dc8898554aedd8572f97a95ef5cpi3ct,0,0.03897697478532791
24,1689122c3b25d9e7adc626de84c10006fr2n5,0,0.00026365197845734656
24,ca9e2287e98a718e20a8ed117dfcd699gxsp8,0,0.00024481938453391194
24,14fe3602f049d4574cdbdef13789647dsgtqy,0,0.00014563993318006396
24,5053e03863b6887308c8446cefeec429l94tg,0,0.13083796203136444
24,7ce3afe39ece9d672e9adcf3dcf2aa44a8r22,0,0.000024337277864106
24,4038ae3276c0b47f420a5d73687fb73bghgxf,0,0.03414631634950638
24,d4db72f36e6ad1668dbc0bf4f0e1c49bn12a2,0,3.290747599749011e-6
24,5e5d3410ca3605694b3c75b2274efd44c9vru,0,5.55125097889686e-7
24,817f8074bad1c717afaa8d1696f9b2b00muzw,0,3.270272586064493e-8
24,069d020584a0e8c61e622321d4c43881j7pl3,0,0.0003918801958207041
24,f428427d7227ddcda377cd00f07749576c6b3,0,0.000034100990887964144
24,603d769a86a359a0d41118b47c0ab41fx7kz5,0,0.003438048530369997
24,dfb23124fba16b7778f65c1c8d091f949jz0k,0,2.709081456941931e-7
24,ac9bf3a07831666bde4fefb75c184adekbrl0,0,0.09335879981517792
24,4985bdbf8710c33fd7c9d4771db7c690mcbyr,0,0.00023398517805617303
24,0030a2dd87ad2733e0873062e4f83954mkj86,0,8.31639590614941e-6
24,fae553f133602fba6e9e6051dfb27fefkruax,1,0.1971476972103119
24,106f4ed8e9b727f8d94a1cd57e882a095pteo,0,0.005502540618181229
24,eaad20ae39d343daf76adc0b1a4984faumuzj,0,0.0037515568546950817
24,e8bc0150097c1b2b8b8c374b69e0d3a6mxfcm,0,2.771571949722329e-8
24,4950352b0410495ef65a92b08b5be463c20yn,0,1.202262978949875e-6
24,e8581ec94cd4d5009ab6b36c6aca9f0cp3txb,0,0.0758853554725647
24,d42604c7cca8ec92839e92508f2a3e52ehz29,0,0.18798138201236725
24,f75a0f726d764514f612ee8cd8f65adegt02s,0,0.3380674719810486
24,3ce8aa0207022698b6d0eef09c89b381jzqi1,0,0.10033327341079712
24,fe27fe0815883aa3e1a312f0dcb45981txa2m,0,0.0007011950947344303
24,8725b0aa1a32054450c16b099328fbcbi71gi,0,0.46261465549468994
24,da950a556200395a82e23e3bbfe1abb6xs258,0,0.2510121166706085
24,7e8650379cbcb3ef8f7f6aefcd678067kzbdi,0,0.0028981626965105534
24,317d3e44b2bcfdd7293b84f82f44b8e31hx1r,0,1.4758325672659112e-9
24,af50d549e86276f034e52037722dd5aetouu2,0,0.00011932915367651731
24,167b4f37a264b72feb0f559b650d1cbd3ox60,0,0.0263114795088768
24,8152c94b639be88e7076f0e32bd70e0eg004b,0,0.4064320921897888
24,9ca7afbb673865b01cd4b02846054fc1p3vjn,0,0.008009424433112144
24,c46e21e01a3f4987e00109d1d5f48acb1q72y,0,4.842168332963581e-10
24,078e06b3288cf8f18ab7ed44b245fc56nbyfv,0,0.025962475687265396
24,e76057d8bcdbb3d2f935c30849a17e4d7ordt,0,0.06871778517961502
24,353d05bfefe1dd96d3335575ddadf310rgnrr,0,4.3802330651487864e-8
24,c277151116ce38d8245f9f2308807af8t4nnj,1,0.4464431703090668
24,65435e491aa69dd9d44d70a9aeb6e847oqlty,0,0.017716040834784508
24,e5bde35da4abebe4fdb37a3c65124a57ff4vo,0,0.016640201210975647
24,91b8febfd1f556c06838992814e7653cr119e,0,4.5389511593718623e-10
24,7a0b445f462d05606bf6ea07e2ab96ec1a4kx,0,4.038963197672274e-6
24,762046a235e00ec6521ba71aaa1450c28ijkz,0,0.01170036755502224
24,535ed161b4c9960a71ccd53128df4766ddyq6,1,0.0007146468269638717
24,53856dce9187b16f2cf5e4e58f5d0397h7tz6,0,0.000015529274605796672
24,c843f90bae7231af13dd0e064a469704drz2x,0,0.003219053614884615
24,76c85d6bf559bc0323bbe1639d233e88nxy36,0,0.1638108342885971
24,3dbb502d9d6f89b26f62cc804df54dcandhp0,0,0.01370809692889452
24,17dbe14676cd3a3cb8a7edb438622f7fv2scv,0,0.0003941953182220459
24,baf1aa59ebedbacea2ca418c5aa83888imys2,0,2.8753213698884394e-10
24,da00b16633eb706fb11d55868120cdd9so58j,0,0.5899372696876526
24,c910efe1f135b08acc32b2db162362033olvv,0,0.032449331134557724
24,04636b6c61c80f5325efe61183e8edb01ko20,0,0.0004175479698460549
24,5a6376f140f05274d6e0dc888cbeb89eukxkd,0,0.05480169132351875
24,6e29de28296a57f039026ffc6df9145cxo2n0,0,0.16872645914554596
24,6a3b1ee159716b743ddb8e07e499fadbhqn74,0,0.005234275944530964
24,fa918060747386f431a511c862565e34y1pdw,0,1.714032908661789e-11
24,b8da3e0dc73d1f453ecbe6ee4d4e8791pr8az,0,0.002592649543657899
24,34e965deb822f329ecad42b94e8ba0ba3dpt0,0,0.009878111071884632
24,8fd35d215ab6530c2ef096c87233cbc93juwy,0,0.09281475841999054
24,21fd0c468438a483ad1c60cfd1b84b850iyjv,0,0.07894673943519592
24,c1859303603734d90d1a91d80977e14echjim,0,0.2838219404220581
24,79cdbe82ec79d0e60f1b113d9a5bc5b4ar8bk,0,0.00007707000622758642
24,e0fde4b9b7ec14e80de3c811ecae157f6kqd9,0,0.1101265400648117
24,b6a3aa8c0f2302fa35d7b809d9371deeypvyh,0,0.045914482325315475
24,3d7bd741177a712ae0417bc4f4a37bcf9jo2a,0,1.641202229457281e-13
24,042780ee9a3730703e35340c575c3cbb7zjwk,0,0.00018069507495965809
24,f416aeaaafcbb66aabb77347776db008qw96o,0,0.4617033004760742
24,22e65b6bf73fab510ee814cbaeb9ebc1252mu,0,0.06839092820882797
24,4c46b1ea933d574a985776ed356312505nagr,0,0.00003526590080582537
24,b28e6a39ef0cdda29c5e350e048c3a813idk1,0,0.00007508420821977779
24,75613637a85df9328b743d33b0efbf1586qow,0,0.00030589348170906305
24,ef65488c949595d7885525ccfab9100c6cmqb,0,0.03314758092164993
24,14c69cd7fbc8300876f287520c493fc8xe2o6,0,0.15065424144268036
24,f28b5654b5633a0b5e3f757a16080116sjj1b,0,0.017802013084292412
24,4de568a9b480f0dcd3f2ac385121d75bbpy82,0,2.483668313873165e-15
24,bb4af76ec92ce75e8abe9a6a481d4314jyo16,0,0.00010221219417871907
24,37d71b4ae830fcfa6f0c4f65ec386414n8h5l,0,0.000011756502317439299
24,b4210edd4ec9bf872c7108fdb3c6aae9cjwz7,0,0.0014849832514300942
24,e9f928411213f44502e4942a29553ab1tbqgu,0,0.002966796513646841
24,65f52b46edfc7fa64b9e74557a78e52c1it54,0,1.9157733177621594e-8
24,2a73f10b3b8f2b825e220ba0a1d2c49f9nikz,0,0.0037413854151964188
24,f473c995ca7b5287f9b2f079f0d78a1e92226,0,0.2697761058807373
24,6da04647ce16d0f00051dfeaa94d3313ox30y,0,0.00021850793564226478
24,1899fd76b484b9275854787a6b003b8a93js0,0,0.06890752166509628
24,8c339df2050a428c04a1c2bcbfe4a143loj8l,0,0.022796733304858208
24,b3dc6151c6813688d0423dbab13d3f19crw2w,0,0.0005399141227826476
24,fcda141af3b545332fc3b2d55a8bba74uw7s0,0,0.0031750528141856194
24,0a9d614009139236f198ddb4759a498cen5ix,0,0.0007479199557565153
24,741b9948c8cf42d658676e5a46757815zstr4,0,0.00813370943069458
24,205a011640002932a7bedbb93d81b68b8m93b,0,0.003470631316304207
24,55453d252a225f3b046c094a7aa330a80dr96,0,0.0003531496040523052
24,424b638423f4862b2a84f22ec25fa22eb2c8p,0,8.928730494517367e-6
24,1b7c070ffb2c23c1d02ae5bc5d817d06qz4xb,0,0.004736157599836588
24,8b253bd318229b3eea3f459bd81b8347khytb,0,0.0053954776376485825
24,0181b91f58e6cbaa832235e2879c9c00ovrzi,0,0.004373528063297272
24,c17c63af831939f5e2fd12f65821db65umonm,0,0.05632302537560463
24,03e884d3e7e3356608187d2345e4693fyt29x,0,0.000304990797303617
24,df12e679581fb2054907dae75c9c78ee9kzzv,0,5.1055364796992464e-11
24,3fe1dacbdaf96fab0c213e218968c518twu76,0,0.09562624245882034
24,15f34e73687d7361ac0d780737fca261g2s9n,0,0.12304636090993881
24,1dfb637157cc0e590e50d724cd4cad6d4cacw,0,0.003601266536861658
24,b7e0afcd391a22444eaa566aa527eec0x2yv3,0,0.002699037082493305
24,c806dbb2decba0ed3c4ff5e2e60a74c2wjvbl,0,2.098673679284957e-9
